<?xml version="1.0" encoding="UTF-8" standalone="yes"?><sln:lista-miejscowosci xmlns:srv="http://gugik.gov.pl/schemas/slowniki-service/1.0" xmlns:sln="http://gugik.gov.pl/schemas/slowniki-schema/1.0"><sln:miejscowosc><sln:cyklZyciaDo>2017-04-07T00:00:00+02:00</sln:cyklZyciaDo><sln:cyklZyciaOd>2015-12-28T00:00:00+01:00</sln:cyklZyciaOd><sln:gmIIPId>6f095b74-c90f-4160-8064-86c0be502769</sln:gmIIPId><sln:gmIIPPn>PL.PZGIK.200</sln:gmIIPPn><sln:gmIIPWersja>2012-09-26T22:20:34+02:00</sln:gmIIPWersja><sln:gmIdTeryt>2804042</sln:gmIdTeryt><sln:gmNazwa>Markusy</sln:gmNazwa><sln:miejscIIPId>079df0a4-bab0-497a-a45d-e08d6255522e</sln:miejscIIPId><sln:miejscIIPPn>PL.PZGIK.200</sln:miejscIIPPn><sln:miejscIIPWersja>2016-11-24T09:20:23+02:00</sln:miejscIIPWersja><sln:miejscIdTeryt>0152081</sln:miejscIdTeryt><sln:miejscNazwa>Balewo</sln:miejscNazwa><sln:miejscRodzaj>Wieś</sln:miejscRodzaj><sln:powIIPId>61a0d267-58aa-4f3a-86e7-faa281e50ebc</sln:powIIPId><sln:powIIPPn>PL.PZGIK.200</sln:powIIPPn><sln:powIIPWersja>2012-09-27T10:00:59+02:00</sln:powIIPWersja><sln:powIdTeryt>2804</sln:powIdTeryt><sln:powNazwa>elbląski</sln:powNazwa><sln:waznyOd>2013-10-15T00:00:00+02:00</sln:waznyOd><sln:wojIIPId>45e7cfc6-6d8b-42ff-acbd-ef1d0a53dacb</sln:wojIIPId><sln:wojIIPPn>PL.PZGIK.200</sln:wojIIPPn><sln:wojIIPWersja>2012-09-27T13:45:13+02:00</sln:wojIIPWersja><sln:wojIdTeryt>28</sln:wojIdTeryt><sln:wojNazwa>warmińsko-mazurskie</sln:wojNazwa></sln:miejscowosc><sln:miejscowosc><sln:cyklZyciaDo>2017-04-07T00:00:00+02:00</sln:cyklZyciaDo><sln:cyklZyciaOd>2015-12-28T00:00:00+01:00</sln:cyklZyciaOd><sln:gmIIPId>6f095b74-c90f-4160-8064-86c0be502769</sln:gmIIPId><sln:gmIIPPn>PL.PZGIK.200</sln:gmIIPPn><sln:gmIIPWersja>2012-09-26T22:20:34+02:00</sln:gmIIPWersja><sln:gmIdTeryt>2804042</sln:gmIdTeryt><sln:gmNazwa>Markusy</sln:gmNazwa><sln:miejscIIPId>b6bf2b89-1c93-4fcf-baa0-cedee85ceda9</sln:miejscIIPId><sln:miejscIIPPn>PL.PZGIK.200</sln:miejscIIPPn><sln:miejscIIPWersja>2016-11-24T09:20:24+02:00</sln:miejscIIPWersja><sln:miejscIdTeryt>0152098</sln:miejscIdTeryt><sln:miejscNazwa>Brudzędy</sln:miejscNazwa><sln:miejscRodzaj>Wieś</sln:miejscRodzaj><sln:powIIPId>61a0d267-58aa-4f3a-86e7-faa281e50ebc</sln:powIIPId><sln:powIIPPn>PL.PZGIK.200</sln:powIIPPn><sln:powIIPWersja>2012-09-27T10:00:59+02:00</sln:powIIPWersja><sln:powIdTeryt>2804</sln:powIdTeryt><sln:powNazwa>elbląski</sln:powNazwa><sln:waznyOd>2013-10-15T00:00:00+02:00</sln:waznyOd><sln:wojIIPId>45e7cfc6-6d8b-42ff-acbd-ef1d0a53dacb</sln:wojIIPId><sln:wojIIPPn>PL.PZGIK.200</sln:wojIIPPn><sln:wojIIPWersja>2012-09-27T13:45:13+02:00</sln:wojIIPWersja><sln:wojIdTeryt>28</sln:wojIdTeryt><sln:wojNazwa>warmińsko-mazurskie</sln:wojNazwa></sln:miejscowosc><sln:miejscowosc><sln:cyklZyciaDo>2017-04-07T00:00:00+02:00</sln:cyklZyciaDo><sln:cyklZyciaOd>2015-12-28T00:00:00+01:00</sln:cyklZyciaOd><sln:gmIIPId>6f095b74-c90f-4160-8064-86c0be502769</sln:gmIIPId><sln:gmIIPPn>PL.PZGIK.200</sln:gmIIPPn><sln:gmIIPWersja>2012-09-26T22:20:34+02:00</sln:gmIIPWersja><sln:gmIdTeryt>2804042</sln:gmIdTeryt><sln:gmNazwa>Markusy</sln:gmNazwa><sln:miejscIIPId>4255e244-4cde-416f-a84f-9f8391903d9e</sln:miejscIIPId><sln:miejscIIPPn>PL.PZGIK.200</sln:miejscIIPPn><sln:miejscIIPWersja>2016-11-24T09:20:25+02:00</sln:miejscIIPWersja><sln:miejscIdTeryt>0152106</sln:miejscIdTeryt><sln:miejscNazwa>Dzierzgonka</sln:miejscNazwa><sln:miejscRodzaj>Wieś</sln:miejscRodzaj><sln:powIIPId>61a0d267-58aa-4f3a-86e7-faa281e50ebc</sln:powIIPId><sln:powIIPPn>PL.PZGIK.200</sln:powIIPPn><sln:powIIPWersja>2012-09-27T10:00:59+02:00</sln:powIIPWersja><sln:powIdTeryt>2804</sln:powIdTeryt><sln:powNazwa>elbląski</sln:powNazwa><sln:waznyOd>2013-10-15T00:00:00+02:00</sln:waznyOd><sln:wojIIPId>45e7cfc6-6d8b-42ff-acbd-ef1d0a53dacb</sln:wojIIPId><sln:wojIIPPn>PL.PZGIK.200</sln:wojIIPPn><sln:wojIIPWersja>2012-09-27T13:45:13+02:00</sln:wojIIPWersja><sln:wojIdTeryt>28</sln:wojIdTeryt><sln:wojNazwa>warmińsko-mazurskie</sln:wojNazwa></sln:miejscowosc><sln:miejscowosc><sln:cyklZyciaDo>2017-04-07T00:00:00+02:00</sln:cyklZyciaDo><sln:cyklZyciaOd>2015-12-28T00:00:00+01:00</sln:cyklZyciaOd><sln:gmIIPId>6f095b74-c90f-4160-8064-86c0be502769</sln:gmIIPId><sln:gmIIPPn>PL.PZGIK.200</sln:gmIIPPn><sln:gmIIPWersja>2012-09-26T22:20:34+02:00</sln:gmIIPWersja><sln:gmIdTeryt>2804042</sln:gmIdTeryt><sln:gmNazwa>Markusy</sln:gmNazwa><sln:miejscIIPId>8aa62f4f-d081-4a89-81ac-2ffd24c72e88</sln:miejscIIPId><sln:miejscIIPPn>PL.PZGIK.200</sln:miejscIIPPn><sln:miejscIIPWersja>2016-11-24T09:20:27+02:00</sln:miejscIIPWersja><sln:miejscIdTeryt>0152112</sln:miejscIdTeryt><sln:miejscNazwa>Jezioro</sln:miejscNazwa><sln:miejscRodzaj>Wieś</sln:miejscRodzaj><sln:powIIPId>61a0d267-58aa-4f3a-86e7-faa281e50ebc</sln:powIIPId><sln:powIIPPn>PL.PZGIK.200</sln:powIIPPn><sln:powIIPWersja>2012-09-27T10:00:59+02:00</sln:powIIPWersja><sln:powIdTeryt>2804</sln:powIdTeryt><sln:powNazwa>elbląski</sln:powNazwa><sln:waznyOd>2013-10-15T00:00:00+02:00</sln:waznyOd><sln:wojIIPId>45e7cfc6-6d8b-42ff-acbd-ef1d0a53dacb</sln:wojIIPId><sln:wojIIPPn>PL.PZGIK.200</sln:wojIIPPn><sln:wojIIPWersja>2012-09-27T13:45:13+02:00</sln:wojIIPWersja><sln:wojIdTeryt>28</sln:wojIdTeryt><sln:wojNazwa>warmińsko-mazurskie</sln:wojNazwa></sln:miejscowosc><sln:miejscowosc><sln:cyklZyciaDo>2017-04-07T00:00:00+02:00</sln:cyklZyciaDo><sln:cyklZyciaOd>2015-12-28T00:00:00+01:00</sln:cyklZyciaOd><sln:gmIIPId>6f095b74-c90f-4160-8064-86c0be502769</sln:gmIIPId><sln:gmIIPPn>PL.PZGIK.200</sln:gmIIPPn><sln:gmIIPWersja>2012-09-26T22:20:34+02:00</sln:gmIIPWersja><sln:gmIdTeryt>2804042</sln:gmIdTeryt><sln:gmNazwa>Markusy</sln:gmNazwa><sln:miejscIIPId>c3bb0075-5c9d-44fa-86d6-b1e0d8b18c38</sln:miejscIIPId><sln:miejscIIPPn>PL.PZGIK.200</sln:miejscIIPPn><sln:miejscIIPWersja>2016-11-24T09:20:28+02:00</sln:miejscIIPWersja><sln:miejscIdTeryt>0152129</sln:miejscIdTeryt><sln:miejscNazwa>Jurandowo</sln:miejscNazwa><sln:miejscRodzaj>Wieś</sln:miejscRodzaj><sln:powIIPId>61a0d267-58aa-4f3a-86e7-faa281e50ebc</sln:powIIPId><sln:powIIPPn>PL.PZGIK.200</sln:powIIPPn><sln:powIIPWersja>2012-09-27T10:00:59+02:00</sln:powIIPWersja><sln:powIdTeryt>2804</sln:powIdTeryt><sln:powNazwa>elbląski</sln:powNazwa><sln:waznyOd>2013-10-15T00:00:00+02:00</sln:waznyOd><sln:wojIIPId>45e7cfc6-6d8b-42ff-acbd-ef1d0a53dacb</sln:wojIIPId><sln:wojIIPPn>PL.PZGIK.200</sln:wojIIPPn><sln:wojIIPWersja>2012-09-27T13:45:13+02:00</sln:wojIIPWersja><sln:wojIdTeryt>28</sln:wojIdTeryt><sln:wojNazwa>warmińsko-mazurskie</sln:wojNazwa></sln:miejscowosc><sln:miejscowosc><sln:cyklZyciaDo>2017-04-07T00:00:00+02:00</sln:cyklZyciaDo><sln:cyklZyciaOd>2015-12-28T00:00:00+01:00</sln:cyklZyciaOd><sln:gmIIPId>6f095b74-c90f-4160-8064-86c0be502769</sln:gmIIPId><sln:gmIIPPn>PL.PZGIK.200</sln:gmIIPPn><sln:gmIIPWersja>2012-09-26T22:20:34+02:00</sln:gmIIPWersja><sln:gmIdTeryt>2804042</sln:gmIdTeryt><sln:gmNazwa>Markusy</sln:gmNazwa><sln:miejscIIPId>71c1ecc3-8841-495b-841e-e1865ee956e3</sln:miejscIIPId><sln:miejscIIPPn>PL.PZGIK.200</sln:miejscIIPPn><sln:miejscIIPWersja>2016-11-24T09:20:29+02:00</sln:miejscIIPWersja><sln:miejscIdTeryt>0152135</sln:miejscIdTeryt><sln:miejscNazwa>Kępniewo</sln:miejscNazwa><sln:miejscRodzaj>Wieś</sln:miejscRodzaj><sln:powIIPId>61a0d267-58aa-4f3a-86e7-faa281e50ebc</sln:powIIPId><sln:powIIPPn>PL.PZGIK.200</sln:powIIPPn><sln:powIIPWersja>2012-09-27T10:00:59+02:00</sln:powIIPWersja><sln:powIdTeryt>2804</sln:powIdTeryt><sln:powNazwa>elbląski</sln:powNazwa><sln:waznyOd>2013-10-15T00:00:00+02:00</sln:waznyOd><sln:wojIIPId>45e7cfc6-6d8b-42ff-acbd-ef1d0a53dacb</sln:wojIIPId><sln:wojIIPPn>PL.PZGIK.200</sln:wojIIPPn><sln:wojIIPWersja>2012-09-27T13:45:13+02:00</sln:wojIIPWersja><sln:wojIdTeryt>28</sln:wojIdTeryt><sln:wojNazwa>warmińsko-mazurskie</sln:wojNazwa></sln:miejscowosc><sln:miejscowosc><sln:cyklZyciaDo>2017-04-07T00:00:00+02:00</sln:cyklZyciaDo><sln:cyklZyciaOd>2015-12-28T00:00:00+01:00</sln:cyklZyciaOd><sln:gmIIPId>6f095b74-c90f-4160-8064-86c0be502769</sln:gmIIPId><sln:gmIIPPn>PL.PZGIK.200</sln:gmIIPPn><sln:gmIIPWersja>2012-09-26T22:20:34+02:00</sln:gmIIPWersja><sln:gmIdTeryt>2804042</sln:gmIdTeryt><sln:gmNazwa>Markusy</sln:gmNazwa><sln:miejscIIPId>31bdfc87-118a-47b1-a9a0-98fa05e582a7</sln:miejscIIPId><sln:miejscIIPPn>PL.PZGIK.200</sln:miejscIIPPn><sln:miejscIIPWersja>2016-11-24T09:20:30+02:00</sln:miejscIIPWersja><sln:miejscIdTeryt>0152158</sln:miejscIdTeryt><sln:miejscNazwa>Krzewsk</sln:miejscNazwa><sln:miejscRodzaj>Wieś</sln:miejscRodzaj><sln:powIIPId>61a0d267-58aa-4f3a-86e7-faa281e50ebc</sln:powIIPId><sln:powIIPPn>PL.PZGIK.200</sln:powIIPPn><sln:powIIPWersja>2012-09-27T10:00:59+02:00</sln:powIIPWersja><sln:powIdTeryt>2804</sln:powIdTeryt><sln:powNazwa>elbląski</sln:powNazwa><sln:waznyOd>2013-10-15T00:00:00+02:00</sln:waznyOd><sln:wojIIPId>45e7cfc6-6d8b-42ff-acbd-ef1d0a53dacb</sln:wojIIPId><sln:wojIIPPn>PL.PZGIK.200</sln:wojIIPPn><sln:wojIIPWersja>2012-09-27T13:45:13+02:00</sln:wojIIPWersja><sln:wojIdTeryt>28</sln:wojIdTeryt><sln:wojNazwa>warmińsko-mazurskie</sln:wojNazwa></sln:miejscowosc><sln:miejscowosc><sln:cyklZyciaDo>2017-04-07T00:00:00+02:00</sln:cyklZyciaDo><sln:cyklZyciaOd>2015-12-28T00:00:00+01:00</sln:cyklZyciaOd><sln:gmIIPId>6f095b74-c90f-4160-8064-86c0be502769</sln:gmIIPId><sln:gmIIPPn>PL.PZGIK.200</sln:gmIIPPn><sln:gmIIPWersja>2012-09-26T22:20:34+02:00</sln:gmIIPWersja><sln:gmIdTeryt>2804042</sln:gmIdTeryt><sln:gmNazwa>Markusy</sln:gmNazwa><sln:miejscIIPId>814e5bfc-3c0c-4c2b-a80c-03be5d04efc9</sln:miejscIIPId><sln:miejscIIPPn>PL.PZGIK.200</sln:miejscIIPPn><sln:miejscIIPWersja>2016-11-24T09:20:31+02:00</sln:miejscIIPWersja><sln:miejscIdTeryt>0152164</sln:miejscIdTeryt><sln:miejscNazwa>Markusy</sln:miejscNazwa><sln:miejscRodzaj>Wieś</sln:miejscRodzaj><sln:powIIPId>61a0d267-58aa-4f3a-86e7-faa281e50ebc</sln:powIIPId><sln:powIIPPn>PL.PZGIK.200</sln:powIIPPn><sln:powIIPWersja>2012-09-27T10:00:59+02:00</sln:powIIPWersja><sln:powIdTeryt>2804</sln:powIdTeryt><sln:powNazwa>elbląski</sln:powNazwa><sln:waznyOd>2013-10-15T00:00:00+02:00</sln:waznyOd><sln:wojIIPId>45e7cfc6-6d8b-42ff-acbd-ef1d0a53dacb</sln:wojIIPId><sln:wojIIPPn>PL.PZGIK.200</sln:wojIIPPn><sln:wojIIPWersja>2012-09-27T13:45:13+02:00</sln:wojIIPWersja><sln:wojIdTeryt>28</sln:wojIdTeryt><sln:wojNazwa>warmińsko-mazurskie</sln:wojNazwa></sln:miejscowosc><sln:miejscowosc><sln:cyklZyciaDo>2017-04-07T00:00:00+02:00</sln:cyklZyciaDo><sln:cyklZyciaOd>2015-12-28T00:00:00+01:00</sln:cyklZyciaOd><sln:gmIIPId>6f095b74-c90f-4160-8064-86c0be502769</sln:gmIIPId><sln:gmIIPPn>PL.PZGIK.200</sln:gmIIPPn><sln:gmIIPWersja>2012-09-26T22:20:34+02:00</sln:gmIIPWersja><sln:gmIdTeryt>2804042</sln:gmIdTeryt><sln:gmNazwa>Markusy</sln:gmNazwa><sln:miejscIIPId>26cf36a2-04e6-45cf-be60-da22885d0ba1</sln:miejscIIPId><sln:miejscIIPPn>PL.PZGIK.200</sln:miejscIIPPn><sln:miejscIIPWersja>2016-11-24T09:20:32+02:00</sln:miejscIIPWersja><sln:miejscIdTeryt>0152187</sln:miejscIdTeryt><sln:miejscNazwa>Nowe Dolno</sln:miejscNazwa><sln:miejscRodzaj>Wieś</sln:miejscRodzaj><sln:powIIPId>61a0d267-58aa-4f3a-86e7-faa281e50ebc</sln:powIIPId><sln:powIIPPn>PL.PZGIK.200</sln:powIIPPn><sln:powIIPWersja>2012-09-27T10:00:59+02:00</sln:powIIPWersja><sln:powIdTeryt>2804</sln:powIdTeryt><sln:powNazwa>elbląski</sln:powNazwa><sln:waznyOd>2013-10-15T00:00:00+02:00</sln:waznyOd><sln:wojIIPId>45e7cfc6-6d8b-42ff-acbd-ef1d0a53dacb</sln:wojIIPId><sln:wojIIPPn>PL.PZGIK.200</sln:wojIIPPn><sln:wojIIPWersja>2012-09-27T13:45:13+02:00</sln:wojIIPWersja><sln:wojIdTeryt>28</sln:wojIdTeryt><sln:wojNazwa>warmińsko-mazurskie</sln:wojNazwa></sln:miejscowosc><sln:miejscowosc><sln:cyklZyciaDo>2017-04-07T00:00:00+02:00</sln:cyklZyciaDo><sln:cyklZyciaOd>2015-12-28T00:00:00+01:00</sln:cyklZyciaOd><sln:gmIIPId>6f095b74-c90f-4160-8064-86c0be502769</sln:gmIIPId><sln:gmIIPPn>PL.PZGIK.200</sln:gmIIPPn><sln:gmIIPWersja>2012-09-26T22:20:34+02:00</sln:gmIIPWersja><sln:gmIdTeryt>2804042</sln:gmIdTeryt><sln:gmNazwa>Markusy</sln:gmNazwa><sln:miejscIIPId>b85f0fbd-b70b-4942-8520-14416d16eec8</sln:miejscIIPId><sln:miejscIIPPn>PL.PZGIK.200</sln:miejscIIPPn><sln:miejscIIPWersja>2016-11-24T09:20:33+02:00</sln:miejscIIPWersja><sln:miejscIdTeryt>0152193</sln:miejscIdTeryt><sln:miejscNazwa>Rachowo</sln:miejscNazwa><sln:miejscRodzaj>Wieś</sln:miejscRodzaj><sln:powIIPId>61a0d267-58aa-4f3a-86e7-faa281e50ebc</sln:powIIPId><sln:powIIPPn>PL.PZGIK.200</sln:powIIPPn><sln:powIIPWersja>2012-09-27T10:00:59+02:00</sln:powIIPWersja><sln:powIdTeryt>2804</sln:powIdTeryt><sln:powNazwa>elbląski</sln:powNazwa><sln:waznyOd>2013-10-15T00:00:00+02:00</sln:waznyOd><sln:wojIIPId>45e7cfc6-6d8b-42ff-acbd-ef1d0a53dacb</sln:wojIIPId><sln:wojIIPPn>PL.PZGIK.200</sln:wojIIPPn><sln:wojIIPWersja>2012-09-27T13:45:13+02:00</sln:wojIIPWersja><sln:wojIdTeryt>28</sln:wojIdTeryt><sln:wojNazwa>warmińsko-mazurskie</sln:wojNazwa></sln:miejscowosc><sln:miejscowosc><sln:cyklZyciaDo>2017-04-07T00:00:00+02:00</sln:cyklZyciaDo><sln:cyklZyciaOd>2015-12-28T00:00:00+01:00</sln:cyklZyciaOd><sln:gmIIPId>6f095b74-c90f-4160-8064-86c0be502769</sln:gmIIPId><sln:gmIIPPn>PL.PZGIK.200</sln:gmIIPPn><sln:gmIIPWersja>2012-09-26T22:20:34+02:00</sln:gmIIPWersja><sln:gmIdTeryt>2804042</sln:gmIdTeryt><sln:gmNazwa>Markusy</sln:gmNazwa><sln:miejscIIPId>f9f43f01-f9ee-438c-a52a-f69ca0fa6dd8</sln:miejscIIPId><sln:miejscIIPPn>PL.PZGIK.200</sln:miejscIIPPn><sln:miejscIIPWersja>2016-11-24T09:20:34+02:00</sln:miejscIIPWersja><sln:miejscIdTeryt>0152201</sln:miejscIdTeryt><sln:miejscNazwa>Stalewo</sln:miejscNazwa><sln:miejscRodzaj>Wieś</sln:miejscRodzaj><sln:powIIPId>61a0d267-58aa-4f3a-86e7-faa281e50ebc</sln:powIIPId><sln:powIIPPn>PL.PZGIK.200</sln:powIIPPn><sln:powIIPWersja>2012-09-27T10:00:59+02:00</sln:powIIPWersja><sln:powIdTeryt>2804</sln:powIdTeryt><sln:powNazwa>elbląski</sln:powNazwa><sln:waznyOd>2013-10-15T00:00:00+02:00</sln:waznyOd><sln:wojIIPId>45e7cfc6-6d8b-42ff-acbd-ef1d0a53dacb</sln:wojIIPId><sln:wojIIPPn>PL.PZGIK.200</sln:wojIIPPn><sln:wojIIPWersja>2012-09-27T13:45:13+02:00</sln:wojIIPWersja><sln:wojIdTeryt>28</sln:wojIdTeryt><sln:wojNazwa>warmińsko-mazurskie</sln:wojNazwa></sln:miejscowosc><sln:miejscowosc><sln:cyklZyciaDo>2017-04-07T00:00:00+02:00</sln:cyklZyciaDo><sln:cyklZyciaOd>2015-12-28T00:00:00+01:00</sln:cyklZyciaOd><sln:gmIIPId>6f095b74-c90f-4160-8064-86c0be502769</sln:gmIIPId><sln:gmIIPPn>PL.PZGIK.200</sln:gmIIPPn><sln:gmIIPWersja>2012-09-26T22:20:34+02:00</sln:gmIIPWersja><sln:gmIdTeryt>2804042</sln:gmIdTeryt><sln:gmNazwa>Markusy</sln:gmNazwa><sln:miejscIIPId>e3567405-3894-4891-bc4f-769132971324</sln:miejscIIPId><sln:miejscIIPPn>PL.PZGIK.200</sln:miejscIIPPn><sln:miejscIIPWersja>2016-11-24T09:20:35+02:00</sln:miejscIIPWersja><sln:miejscIdTeryt>0152218</sln:miejscIdTeryt><sln:miejscNazwa>Stankowo</sln:miejscNazwa><sln:miejscRodzaj>Wieś</sln:miejscRodzaj><sln:powIIPId>61a0d267-58aa-4f3a-86e7-faa281e50ebc</sln:powIIPId><sln:powIIPPn>PL.PZGIK.200</sln:powIIPPn><sln:powIIPWersja>2012-09-27T10:00:59+02:00</sln:powIIPWersja><sln:powIdTeryt>2804</sln:powIdTeryt><sln:powNazwa>elbląski</sln:powNazwa><sln:waznyOd>2013-10-15T00:00:00+02:00</sln:waznyOd><sln:wojIIPId>45e7cfc6-6d8b-42ff-acbd-ef1d0a53dacb</sln:wojIIPId><sln:wojIIPPn>PL.PZGIK.200</sln:wojIIPPn><sln:wojIIPWersja>2012-09-27T13:45:13+02:00</sln:wojIIPWersja><sln:wojIdTeryt>28</sln:wojIdTeryt><sln:wojNazwa>warmińsko-mazurskie</sln:wojNazwa></sln:miejscowosc><sln:miejscowosc><sln:cyklZyciaDo>2017-04-07T00:00:00+02:00</sln:cyklZyciaDo><sln:cyklZyciaOd>2015-12-28T00:00:00+01:00</sln:cyklZyciaOd><sln:gmIIPId>6f095b74-c90f-4160-8064-86c0be502769</sln:gmIIPId><sln:gmIIPPn>PL.PZGIK.200</sln:gmIIPPn><sln:gmIIPWersja>2012-09-26T22:20:34+02:00</sln:gmIIPWersja><sln:gmIdTeryt>2804042</sln:gmIdTeryt><sln:gmNazwa>Markusy</sln:gmNazwa><sln:miejscIIPId>f8486585-53b2-4676-bfca-f30d4b5f6f46</sln:miejscIIPId><sln:miejscIIPPn>PL.PZGIK.200</sln:miejscIIPPn><sln:miejscIIPWersja>2016-11-24T09:20:36+02:00</sln:miejscIIPWersja><sln:miejscIdTeryt>0152224</sln:miejscIdTeryt><sln:miejscNazwa>Stare Dolno</sln:miejscNazwa><sln:miejscRodzaj>Wieś</sln:miejscRodzaj><sln:powIIPId>61a0d267-58aa-4f3a-86e7-faa281e50ebc</sln:powIIPId><sln:powIIPPn>PL.PZGIK.200</sln:powIIPPn><sln:powIIPWersja>2012-09-27T10:00:59+02:00</sln:powIIPWersja><sln:powIdTeryt>2804</sln:powIdTeryt><sln:powNazwa>elbląski</sln:powNazwa><sln:waznyOd>2013-10-15T00:00:00+02:00</sln:waznyOd><sln:wojIIPId>45e7cfc6-6d8b-42ff-acbd-ef1d0a53dacb</sln:wojIIPId><sln:wojIIPPn>PL.PZGIK.200</sln:wojIIPPn><sln:wojIIPWersja>2012-09-27T13:45:13+02:00</sln:wojIIPWersja><sln:wojIdTeryt>28</sln:wojIdTeryt><sln:wojNazwa>warmińsko-mazurskie</sln:wojNazwa></sln:miejscowosc><sln:miejscowosc><sln:cyklZyciaDo>2017-04-07T00:00:00+02:00</sln:cyklZyciaDo><sln:cyklZyciaOd>2015-12-28T00:00:00+01:00</sln:cyklZyciaOd><sln:gmIIPId>6f095b74-c90f-4160-8064-86c0be502769</sln:gmIIPId><sln:gmIIPPn>PL.PZGIK.200</sln:gmIIPPn><sln:gmIIPWersja>2012-09-26T22:20:34+02:00</sln:gmIIPWersja><sln:gmIdTeryt>2804042</sln:gmIdTeryt><sln:gmNazwa>Markusy</sln:gmNazwa><sln:miejscIIPId>b136fb6a-cef7-4db6-8228-c91a31450392</sln:miejscIIPId><sln:miejscIIPPn>PL.PZGIK.200</sln:miejscIIPPn><sln:miejscIIPWersja>2016-11-24T09:20:37+02:00</sln:miejscIIPWersja><sln:miejscIdTeryt>0152230</sln:miejscIdTeryt><sln:miejscNazwa>Topolno Małe</sln:miejscNazwa><sln:miejscRodzaj>Wieś</sln:miejscRodzaj><sln:powIIPId>61a0d267-58aa-4f3a-86e7-faa281e50ebc</sln:powIIPId><sln:powIIPPn>PL.PZGIK.200</sln:powIIPPn><sln:powIIPWersja>2012-09-27T10:00:59+02:00</sln:powIIPWersja><sln:powIdTeryt>2804</sln:powIdTeryt><sln:powNazwa>elbląski</sln:powNazwa><sln:waznyOd>2013-10-15T00:00:00+02:00</sln:waznyOd><sln:wojIIPId>45e7cfc6-6d8b-42ff-acbd-ef1d0a53dacb</sln:wojIIPId><sln:wojIIPPn>PL.PZGIK.200</sln:wojIIPPn><sln:wojIIPWersja>2012-09-27T13:45:13+02:00</sln:wojIIPWersja><sln:wojIdTeryt>28</sln:wojIdTeryt><sln:wojNazwa>warmińsko-mazurskie</sln:wojNazwa></sln:miejscowosc><sln:miejscowosc><sln:cyklZyciaDo>2017-04-07T00:00:00+02:00</sln:cyklZyciaDo><sln:cyklZyciaOd>2015-12-28T00:00:00+01:00</sln:cyklZyciaOd><sln:gmIIPId>6f095b74-c90f-4160-8064-86c0be502769</sln:gmIIPId><sln:gmIIPPn>PL.PZGIK.200</sln:gmIIPPn><sln:gmIIPWersja>2012-09-26T22:20:34+02:00</sln:gmIIPWersja><sln:gmIdTeryt>2804042</sln:gmIdTeryt><sln:gmNazwa>Markusy</sln:gmNazwa><sln:miejscIIPId>1f7f514c-0e64-4a6f-ab17-4901124875eb</sln:miejscIIPId><sln:miejscIIPPn>PL.PZGIK.200</sln:miejscIIPPn><sln:miejscIIPWersja>2016-11-24T09:20:38+02:00</sln:miejscIIPWersja><sln:miejscIdTeryt>0152247</sln:miejscIdTeryt><sln:miejscNazwa>Węgle Żukowo</sln:miejscNazwa><sln:miejscRodzaj>Wieś</sln:miejscRodzaj><sln:powIIPId>61a0d267-58aa-4f3a-86e7-faa281e50ebc</sln:powIIPId><sln:powIIPPn>PL.PZGIK.200</sln:powIIPPn><sln:powIIPWersja>2012-09-27T10:00:59+02:00</sln:powIIPWersja><sln:powIdTeryt>2804</sln:powIdTeryt><sln:powNazwa>elbląski</sln:powNazwa><sln:waznyOd>2013-10-24T00:00:00+02:00</sln:waznyOd><sln:wojIIPId>45e7cfc6-6d8b-42ff-acbd-ef1d0a53dacb</sln:wojIIPId><sln:wojIIPPn>PL.PZGIK.200</sln:wojIIPPn><sln:wojIIPWersja>2012-09-27T13:45:13+02:00</sln:wojIIPWersja><sln:wojIdTeryt>28</sln:wojIdTeryt><sln:wojNazwa>warmińsko-mazurskie</sln:wojNazwa></sln:miejscowosc><sln:miejscowosc><sln:cyklZyciaDo>2017-04-07T00:00:00+02:00</sln:cyklZyciaDo><sln:cyklZyciaOd>2015-12-28T00:00:00+01:00</sln:cyklZyciaOd><sln:gmIIPId>6f095b74-c90f-4160-8064-86c0be502769</sln:gmIIPId><sln:gmIIPPn>PL.PZGIK.200</sln:gmIIPPn><sln:gmIIPWersja>2012-09-26T22:20:34+02:00</sln:gmIIPWersja><sln:gmIdTeryt>2804042</sln:gmIdTeryt><sln:gmNazwa>Markusy</sln:gmNazwa><sln:miejscIIPId>91914c71-203c-4c1e-a58a-9bc19041375f</sln:miejscIIPId><sln:miejscIIPPn>PL.PZGIK.200</sln:miejscIIPPn><sln:miejscIIPWersja>2016-11-24T09:20:39+02:00</sln:miejscIIPWersja><sln:miejscIdTeryt>0152253</sln:miejscIdTeryt><sln:miejscNazwa>Wiśniewo</sln:miejscNazwa><sln:miejscRodzaj>Wieś</sln:miejscRodzaj><sln:powIIPId>61a0d267-58aa-4f3a-86e7-faa281e50ebc</sln:powIIPId><sln:powIIPPn>PL.PZGIK.200</sln:powIIPPn><sln:powIIPWersja>2012-09-27T10:00:59+02:00</sln:powIIPWersja><sln:powIdTeryt>2804</sln:powIdTeryt><sln:powNazwa>elbląski</sln:powNazwa><sln:waznyOd>2013-10-15T00:00:00+02:00</sln:waznyOd><sln:wojIIPId>45e7cfc6-6d8b-42ff-acbd-ef1d0a53dacb</sln:wojIIPId><sln:wojIIPPn>PL.PZGIK.200</sln:wojIIPPn><sln:wojIIPWersja>2012-09-27T13:45:13+02:00</sln:wojIIPWersja><sln:wojIdTeryt>28</sln:wojIdTeryt><sln:wojNazwa>warmińsko-mazurskie</sln:wojNazwa></sln:miejscowosc><sln:miejscowosc><sln:cyklZyciaDo>2017-04-07T00:00:00+02:00</sln:cyklZyciaDo><sln:cyklZyciaOd>2015-12-28T00:00:00+01:00</sln:cyklZyciaOd><sln:gmIIPId>6f095b74-c90f-4160-8064-86c0be502769</sln:gmIIPId><sln:gmIIPPn>PL.PZGIK.200</sln:gmIIPPn><sln:gmIIPWersja>2012-09-26T22:20:34+02:00</sln:gmIIPWersja><sln:gmIdTeryt>2804042</sln:gmIdTeryt><sln:gmNazwa>Markusy</sln:gmNazwa><sln:miejscIIPId>46a128ae-0789-44c4-82c7-dc07890997df</sln:miejscIIPId><sln:miejscIIPPn>PL.PZGIK.200</sln:miejscIIPPn><sln:miejscIIPWersja>2016-11-24T09:20:40+02:00</sln:miejscIIPWersja><sln:miejscIdTeryt>0152260</sln:miejscIdTeryt><sln:miejscNazwa>Złotnica</sln:miejscNazwa><sln:miejscRodzaj>Wieś</sln:miejscRodzaj><sln:powIIPId>61a0d267-58aa-4f3a-86e7-faa281e50ebc</sln:powIIPId><sln:powIIPPn>PL.PZGIK.200</sln:powIIPPn><sln:powIIPWersja>2012-09-27T10:00:59+02:00</sln:powIIPWersja><sln:powIdTeryt>2804</sln:powIdTeryt><sln:powNazwa>elbląski</sln:powNazwa><sln:waznyOd>2013-10-15T00:00:00+02:00</sln:waznyOd><sln:wojIIPId>45e7cfc6-6d8b-42ff-acbd-ef1d0a53dacb</sln:wojIIPId><sln:wojIIPPn>PL.PZGIK.200</sln:wojIIPPn><sln:wojIIPWersja>2012-09-27T13:45:13+02:00</sln:wojIIPWersja><sln:wojIdTeryt>28</sln:wojIdTeryt><sln:wojNazwa>warmińsko-mazurskie</sln:wojNazwa></sln:miejscowosc><sln:miejscowosc><sln:cyklZyciaDo>2017-04-07T00:00:00+02:00</sln:cyklZyciaDo><sln:cyklZyciaOd>2015-12-28T00:00:00+01:00</sln:cyklZyciaOd><sln:gmIIPId>6f095b74-c90f-4160-8064-86c0be502769</sln:gmIIPId><sln:gmIIPPn>PL.PZGIK.200</sln:gmIIPPn><sln:gmIIPWersja>2012-09-26T22:20:34+02:00</sln:gmIIPWersja><sln:gmIdTeryt>2804042</sln:gmIdTeryt><sln:gmNazwa>Markusy</sln:gmNazwa><sln:miejscIIPId>a2da4290-aade-4ce2-ade9-6b9ae1e3c000</sln:miejscIIPId><sln:miejscIIPPn>PL.PZGIK.200</sln:miejscIIPPn><sln:miejscIIPWersja>2016-11-24T09:20:41+02:00</sln:miejscIIPWersja><sln:miejscIdTeryt>0152276</sln:miejscIdTeryt><sln:miejscNazwa>Zwierzeńskie Pole</sln:miejscNazwa><sln:miejscRodzaj>Wieś</sln:miejscRodzaj><sln:powIIPId>61a0d267-58aa-4f3a-86e7-faa281e50ebc</sln:powIIPId><sln:powIIPPn>PL.PZGIK.200</sln:powIIPPn><sln:powIIPWersja>2012-09-27T10:00:59+02:00</sln:powIIPWersja><sln:powIdTeryt>2804</sln:powIdTeryt><sln:powNazwa>elbląski</sln:powNazwa><sln:waznyOd>2013-10-15T00:00:00+02:00</sln:waznyOd><sln:wojIIPId>45e7cfc6-6d8b-42ff-acbd-ef1d0a53dacb</sln:wojIIPId><sln:wojIIPPn>PL.PZGIK.200</sln:wojIIPPn><sln:wojIIPWersja>2012-09-27T13:45:13+02:00</sln:wojIIPWersja><sln:wojIdTeryt>28</sln:wojIdTeryt><sln:wojNazwa>warmińsko-mazurskie</sln:wojNazwa></sln:miejscowosc><sln:miejscowosc><sln:cyklZyciaDo>2017-04-07T00:00:00+02:00</sln:cyklZyciaDo><sln:cyklZyciaOd>2015-12-28T00:00:00+01:00</sln:cyklZyciaOd><sln:gmIIPId>6f095b74-c90f-4160-8064-86c0be502769</sln:gmIIPId><sln:gmIIPPn>PL.PZGIK.200</sln:gmIIPPn><sln:gmIIPWersja>2012-09-26T22:20:34+02:00</sln:gmIIPWersja><sln:gmIdTeryt>2804042</sln:gmIdTeryt><sln:gmNazwa>Markusy</sln:gmNazwa><sln:miejscIIPId>f5e222d7-b592-4ad2-8796-9d86579d108b</sln:miejscIIPId><sln:miejscIIPPn>PL.PZGIK.200</sln:miejscIIPPn><sln:miejscIIPWersja>2016-11-24T09:20:42+02:00</sln:miejscIIPWersja><sln:miejscIdTeryt>0152282</sln:miejscIdTeryt><sln:miejscNazwa>Zwierzno</sln:miejscNazwa><sln:miejscRodzaj>Wieś</sln:miejscRodzaj><sln:powIIPId>61a0d267-58aa-4f3a-86e7-faa281e50ebc</sln:powIIPId><sln:powIIPPn>PL.PZGIK.200</sln:powIIPPn><sln:powIIPWersja>2012-09-27T10:00:59+02:00</sln:powIIPWersja><sln:powIdTeryt>2804</sln:powIdTeryt><sln:powNazwa>elbląski</sln:powNazwa><sln:waznyOd>2013-10-24T00:00:00+02:00</sln:waznyOd><sln:wojIIPId>45e7cfc6-6d8b-42ff-acbd-ef1d0a53dacb</sln:wojIIPId><sln:wojIIPPn>PL.PZGIK.200</sln:wojIIPPn><sln:wojIIPWersja>2012-09-27T13:45:13+02:00</sln:wojIIPWersja><sln:wojIdTeryt>28</sln:wojIdTeryt><sln:wojNazwa>warmińsko-mazurskie</sln:wojNazwa></sln:miejscowosc><sln:miejscowosc><sln:cyklZyciaDo>2017-04-07T00:00:00+02:00</sln:cyklZyciaDo><sln:cyklZyciaOd>2015-12-28T00:00:00+01:00</sln:cyklZyciaOd><sln:gmIIPId>6f095b74-c90f-4160-8064-86c0be502769</sln:gmIIPId><sln:gmIIPPn>PL.PZGIK.200</sln:gmIIPPn><sln:gmIIPWersja>2012-09-26T22:20:34+02:00</sln:gmIIPWersja><sln:gmIdTeryt>2804042</sln:gmIdTeryt><sln:gmNazwa>Markusy</sln:gmNazwa><sln:miejscIIPId>c4b656c1-b75b-4b85-9ec9-5477c3458850</sln:miejscIIPId><sln:miejscIIPPn>PL.PZGIK.200</sln:miejscIIPPn><sln:miejscIIPWersja>2016-11-24T09:20:43+02:00</sln:miejscIIPWersja><sln:miejscIdTeryt>0152299</sln:miejscIdTeryt><sln:miejscNazwa>Żółwiniec</sln:miejscNazwa><sln:miejscRodzaj>Wieś</sln:miejscRodzaj><sln:powIIPId>61a0d267-58aa-4f3a-86e7-faa281e50ebc</sln:powIIPId><sln:powIIPPn>PL.PZGIK.200</sln:powIIPPn><sln:powIIPWersja>2012-09-27T10:00:59+02:00</sln:powIIPWersja><sln:powIdTeryt>2804</sln:powIdTeryt><sln:powNazwa>elbląski</sln:powNazwa><sln:waznyOd>2013-10-15T00:00:00+02:00</sln:waznyOd><sln:wojIIPId>45e7cfc6-6d8b-42ff-acbd-ef1d0a53dacb</sln:wojIIPId><sln:wojIIPPn>PL.PZGIK.200</sln:wojIIPPn><sln:wojIIPWersja>2012-09-27T13:45:13+02:00</sln:wojIIPWersja><sln:wojIdTeryt>28</sln:wojIdTeryt><sln:wojNazwa>warmińsko-mazurskie</sln:wojNazwa></sln:miejscowosc><sln:miejscowosc><sln:cyklZyciaDo>2017-04-07T00:00:00+02:00</sln:cyklZyciaDo><sln:cyklZyciaOd>2015-12-28T00:00:00+01:00</sln:cyklZyciaOd><sln:gmIIPId>6f095b74-c90f-4160-8064-86c0be502769</sln:gmIIPId><sln:gmIIPPn>PL.PZGIK.200</sln:gmIIPPn><sln:gmIIPWersja>2012-09-26T22:20:34+02:00</sln:gmIIPWersja><sln:gmIdTeryt>2804042</sln:gmIdTeryt><sln:gmNazwa>Markusy</sln:gmNazwa><sln:miejscIIPId>929a6991-9870-487c-989c-86f98723622b</sln:miejscIIPId><sln:miejscIIPPn>PL.PZGIK.200</sln:miejscIIPPn><sln:miejscIIPWersja>2016-11-24T09:20:44+02:00</sln:miejscIIPWersja><sln:miejscIdTeryt>0152307</sln:miejscIdTeryt><sln:miejscNazwa>Żurawiec</sln:miejscNazwa><sln:miejscRodzaj>Wieś</sln:miejscRodzaj><sln:powIIPId>61a0d267-58aa-4f3a-86e7-faa281e50ebc</sln:powIIPId><sln:powIIPPn>PL.PZGIK.200</sln:powIIPPn><sln:powIIPWersja>2012-09-27T10:00:59+02:00</sln:powIIPWersja><sln:powIdTeryt>2804</sln:powIdTeryt><sln:powNazwa>elbląski</sln:powNazwa><sln:waznyOd>2013-10-15T00:00:00+02:00</sln:waznyOd><sln:wojIIPId>45e7cfc6-6d8b-42ff-acbd-ef1d0a53dacb</sln:wojIIPId><sln:wojIIPPn>PL.PZGIK.200</sln:wojIIPPn><sln:wojIIPWersja>2012-09-27T13:45:13+02:00</sln:wojIIPWersja><sln:wojIdTeryt>28</sln:wojIdTeryt><sln:wojNazwa>warmińsko-mazurskie</sln:wojNazwa></sln:miejscowosc><sln:miejscowosc><sln:cyklZyciaDo>2015-12-28T00:00:00+01:00</sln:cyklZyciaDo><sln:cyklZyciaOd>2015-03-16T00:00:00+01:00</sln:cyklZyciaOd><sln:gmIIPId>6f095b74-c90f-4160-8064-86c0be502769</sln:gmIIPId><sln:gmIIPPn>PL.PZGIK.200</sln:gmIIPPn><sln:gmIIPWersja>2012-09-26T22:20:34+02:00</sln:gmIIPWersja><sln:gmIdTeryt>2804042</sln:gmIdTeryt><sln:gmNazwa>Markusy</sln:gmNazwa><sln:miejscIIPId>079df0a4-bab0-497a-a45d-e08d6255522e</sln:miejscIIPId><sln:miejscIIPPn>PL.PZGIK.200</sln:miejscIIPPn><sln:miejscIIPWersja>2016-11-24T09:20:24+02:00</sln:miejscIIPWersja><sln:miejscIdTeryt>0152081</sln:miejscIdTeryt><sln:miejscNazwa>Balewo</sln:miejscNazwa><sln:miejscRodzaj>Inny obiekt</sln:miejscRodzaj><sln:powIIPId>61a0d267-58aa-4f3a-86e7-faa281e50ebc</sln:powIIPId><sln:powIIPPn>PL.PZGIK.200</sln:powIIPPn><sln:powIIPWersja>2012-09-27T10:00:59+02:00</sln:powIIPWersja><sln:powIdTeryt>2804</sln:powIdTeryt><sln:powNazwa>elbląski</sln:powNazwa><sln:waznyOd>2013-10-15T00:00:00+02:00</sln:waznyOd><sln:wojIIPId>45e7cfc6-6d8b-42ff-acbd-ef1d0a53dacb</sln:wojIIPId><sln:wojIIPPn>PL.PZGIK.200</sln:wojIIPPn><sln:wojIIPWersja>2012-09-27T13:45:13+02:00</sln:wojIIPWersja><sln:wojIdTeryt>28</sln:wojIdTeryt><sln:wojNazwa>warmińsko-mazurskie</sln:wojNazwa></sln:miejscowosc><sln:miejscowosc><sln:cyklZyciaDo>2015-12-28T00:00:00+01:00</sln:cyklZyciaDo><sln:cyklZyciaOd>2015-03-16T00:00:00+01:00</sln:cyklZyciaOd><sln:gmIIPId>6f095b74-c90f-4160-8064-86c0be502769</sln:gmIIPId><sln:gmIIPPn>PL.PZGIK.200</sln:gmIIPPn><sln:gmIIPWersja>2012-09-26T22:20:34+02:00</sln:gmIIPWersja><sln:gmIdTeryt>2804042</sln:gmIdTeryt><sln:gmNazwa>Markusy</sln:gmNazwa><sln:miejscIIPId>b6bf2b89-1c93-4fcf-baa0-cedee85ceda9</sln:miejscIIPId><sln:miejscIIPPn>PL.PZGIK.200</sln:miejscIIPPn><sln:miejscIIPWersja>2016-11-24T09:20:25+02:00</sln:miejscIIPWersja><sln:miejscIdTeryt>0152098</sln:miejscIdTeryt><sln:miejscNazwa>Brudzędy</sln:miejscNazwa><sln:miejscRodzaj>Inny obiekt</sln:miejscRodzaj><sln:powIIPId>61a0d267-58aa-4f3a-86e7-faa281e50ebc</sln:powIIPId><sln:powIIPPn>PL.PZGIK.200</sln:powIIPPn><sln:powIIPWersja>2012-09-27T10:00:59+02:00</sln:powIIPWersja><sln:powIdTeryt>2804</sln:powIdTeryt><sln:powNazwa>elbląski</sln:powNazwa><sln:waznyOd>2013-10-15T00:00:00+02:00</sln:waznyOd><sln:wojIIPId>45e7cfc6-6d8b-42ff-acbd-ef1d0a53dacb</sln:wojIIPId><sln:wojIIPPn>PL.PZGIK.200</sln:wojIIPPn><sln:wojIIPWersja>2012-09-27T13:45:13+02:00</sln:wojIIPWersja><sln:wojIdTeryt>28</sln:wojIdTeryt><sln:wojNazwa>warmińsko-mazurskie</sln:wojNazwa></sln:miejscowosc><sln:miejscowosc><sln:cyklZyciaDo>2015-12-28T00:00:00+01:00</sln:cyklZyciaDo><sln:cyklZyciaOd>2015-03-16T00:00:00+01:00</sln:cyklZyciaOd><sln:gmIIPId>6f095b74-c90f-4160-8064-86c0be502769</sln:gmIIPId><sln:gmIIPPn>PL.PZGIK.200</sln:gmIIPPn><sln:gmIIPWersja>2012-09-26T22:20:34+02:00</sln:gmIIPWersja><sln:gmIdTeryt>2804042</sln:gmIdTeryt><sln:gmNazwa>Markusy</sln:gmNazwa><sln:miejscIIPId>4255e244-4cde-416f-a84f-9f8391903d9e</sln:miejscIIPId><sln:miejscIIPPn>PL.PZGIK.200</sln:miejscIIPPn><sln:miejscIIPWersja>2016-11-24T09:20:27+02:00</sln:miejscIIPWersja><sln:miejscIdTeryt>0152106</sln:miejscIdTeryt><sln:miejscNazwa>Dzierzgonka</sln:miejscNazwa><sln:miejscRodzaj>Inny obiekt</sln:miejscRodzaj><sln:powIIPId>61a0d267-58aa-4f3a-86e7-faa281e50ebc</sln:powIIPId><sln:powIIPPn>PL.PZGIK.200</sln:powIIPPn><sln:powIIPWersja>2012-09-27T10:00:59+02:00</sln:powIIPWersja><sln:powIdTeryt>2804</sln:powIdTeryt><sln:powNazwa>elbląski</sln:powNazwa><sln:waznyOd>2013-10-15T00:00:00+02:00</sln:waznyOd><sln:wojIIPId>45e7cfc6-6d8b-42ff-acbd-ef1d0a53dacb</sln:wojIIPId><sln:wojIIPPn>PL.PZGIK.200</sln:wojIIPPn><sln:wojIIPWersja>2012-09-27T13:45:13+02:00</sln:wojIIPWersja><sln:wojIdTeryt>28</sln:wojIdTeryt><sln:wojNazwa>warmińsko-mazurskie</sln:wojNazwa></sln:miejscowosc><sln:miejscowosc><sln:cyklZyciaDo>2015-12-28T00:00:00+01:00</sln:cyklZyciaDo><sln:cyklZyciaOd>2015-03-16T00:00:00+01:00</sln:cyklZyciaOd><sln:gmIIPId>6f095b74-c90f-4160-8064-86c0be502769</sln:gmIIPId><sln:gmIIPPn>PL.PZGIK.200</sln:gmIIPPn><sln:gmIIPWersja>2012-09-26T22:20:34+02:00</sln:gmIIPWersja><sln:gmIdTeryt>2804042</sln:gmIdTeryt><sln:gmNazwa>Markusy</sln:gmNazwa><sln:miejscIIPId>8aa62f4f-d081-4a89-81ac-2ffd24c72e88</sln:miejscIIPId><sln:miejscIIPPn>PL.PZGIK.200</sln:miejscIIPPn><sln:miejscIIPWersja>2016-11-24T09:20:28+02:00</sln:miejscIIPWersja><sln:miejscIdTeryt>0152112</sln:miejscIdTeryt><sln:miejscNazwa>Jezioro</sln:miejscNazwa><sln:miejscRodzaj>Inny obiekt</sln:miejscRodzaj><sln:powIIPId>61a0d267-58aa-4f3a-86e7-faa281e50ebc</sln:powIIPId><sln:powIIPPn>PL.PZGIK.200</sln:powIIPPn><sln:powIIPWersja>2012-09-27T10:00:59+02:00</sln:powIIPWersja><sln:powIdTeryt>2804</sln:powIdTeryt><sln:powNazwa>elbląski</sln:powNazwa><sln:waznyOd>2013-10-15T00:00:00+02:00</sln:waznyOd><sln:wojIIPId>45e7cfc6-6d8b-42ff-acbd-ef1d0a53dacb</sln:wojIIPId><sln:wojIIPPn>PL.PZGIK.200</sln:wojIIPPn><sln:wojIIPWersja>2012-09-27T13:45:13+02:00</sln:wojIIPWersja><sln:wojIdTeryt>28</sln:wojIdTeryt><sln:wojNazwa>warmińsko-mazurskie</sln:wojNazwa></sln:miejscowosc><sln:miejscowosc><sln:cyklZyciaDo>2015-12-28T00:00:00+01:00</sln:cyklZyciaDo><sln:cyklZyciaOd>2015-03-16T00:00:00+01:00</sln:cyklZyciaOd><sln:gmIIPId>6f095b74-c90f-4160-8064-86c0be502769</sln:gmIIPId><sln:gmIIPPn>PL.PZGIK.200</sln:gmIIPPn><sln:gmIIPWersja>2012-09-26T22:20:34+02:00</sln:gmIIPWersja><sln:gmIdTeryt>2804042</sln:gmIdTeryt><sln:gmNazwa>Markusy</sln:gmNazwa><sln:miejscIIPId>c3bb0075-5c9d-44fa-86d6-b1e0d8b18c38</sln:miejscIIPId><sln:miejscIIPPn>PL.PZGIK.200</sln:miejscIIPPn><sln:miejscIIPWersja>2016-11-24T09:20:29+02:00</sln:miejscIIPWersja><sln:miejscIdTeryt>0152129</sln:miejscIdTeryt><sln:miejscNazwa>Jurandowo</sln:miejscNazwa><sln:miejscRodzaj>Inny obiekt</sln:miejscRodzaj><sln:powIIPId>61a0d267-58aa-4f3a-86e7-faa281e50ebc</sln:powIIPId><sln:powIIPPn>PL.PZGIK.200</sln:powIIPPn><sln:powIIPWersja>2012-09-27T10:00:59+02:00</sln:powIIPWersja><sln:powIdTeryt>2804</sln:powIdTeryt><sln:powNazwa>elbląski</sln:powNazwa><sln:waznyOd>2013-10-15T00:00:00+02:00</sln:waznyOd><sln:wojIIPId>45e7cfc6-6d8b-42ff-acbd-ef1d0a53dacb</sln:wojIIPId><sln:wojIIPPn>PL.PZGIK.200</sln:wojIIPPn><sln:wojIIPWersja>2012-09-27T13:45:13+02:00</sln:wojIIPWersja><sln:wojIdTeryt>28</sln:wojIdTeryt><sln:wojNazwa>warmińsko-mazurskie</sln:wojNazwa></sln:miejscowosc><sln:miejscowosc><sln:cyklZyciaDo>2015-12-28T00:00:00+01:00</sln:cyklZyciaDo><sln:cyklZyciaOd>2015-03-16T00:00:00+01:00</sln:cyklZyciaOd><sln:gmIIPId>6f095b74-c90f-4160-8064-86c0be502769</sln:gmIIPId><sln:gmIIPPn>PL.PZGIK.200</sln:gmIIPPn><sln:gmIIPWersja>2012-09-26T22:20:34+02:00</sln:gmIIPWersja><sln:gmIdTeryt>2804042</sln:gmIdTeryt><sln:gmNazwa>Markusy</sln:gmNazwa><sln:miejscIIPId>71c1ecc3-8841-495b-841e-e1865ee956e3</sln:miejscIIPId><sln:miejscIIPPn>PL.PZGIK.200</sln:miejscIIPPn><sln:miejscIIPWersja>2016-11-24T09:20:30+02:00</sln:miejscIIPWersja><sln:miejscIdTeryt>0152135</sln:miejscIdTeryt><sln:miejscNazwa>Kępniewo</sln:miejscNazwa><sln:miejscRodzaj>Inny obiekt</sln:miejscRodzaj><sln:powIIPId>61a0d267-58aa-4f3a-86e7-faa281e50ebc</sln:powIIPId><sln:powIIPPn>PL.PZGIK.200</sln:powIIPPn><sln:powIIPWersja>2012-09-27T10:00:59+02:00</sln:powIIPWersja><sln:powIdTeryt>2804</sln:powIdTeryt><sln:powNazwa>elbląski</sln:powNazwa><sln:waznyOd>2013-10-15T00:00:00+02:00</sln:waznyOd><sln:wojIIPId>45e7cfc6-6d8b-42ff-acbd-ef1d0a53dacb</sln:wojIIPId><sln:wojIIPPn>PL.PZGIK.200</sln:wojIIPPn><sln:wojIIPWersja>2012-09-27T13:45:13+02:00</sln:wojIIPWersja><sln:wojIdTeryt>28</sln:wojIdTeryt><sln:wojNazwa>warmińsko-mazurskie</sln:wojNazwa></sln:miejscowosc><sln:miejscowosc><sln:cyklZyciaDo>2015-12-28T00:00:00+01:00</sln:cyklZyciaDo><sln:cyklZyciaOd>2015-03-16T00:00:00+01:00</sln:cyklZyciaOd><sln:gmIIPId>6f095b74-c90f-4160-8064-86c0be502769</sln:gmIIPId><sln:gmIIPPn>PL.PZGIK.200</sln:gmIIPPn><sln:gmIIPWersja>2012-09-26T22:20:34+02:00</sln:gmIIPWersja><sln:gmIdTeryt>2804042</sln:gmIdTeryt><sln:gmNazwa>Markusy</sln:gmNazwa><sln:miejscIIPId>31bdfc87-118a-47b1-a9a0-98fa05e582a7</sln:miejscIIPId><sln:miejscIIPPn>PL.PZGIK.200</sln:miejscIIPPn><sln:miejscIIPWersja>2016-11-24T09:20:31+02:00</sln:miejscIIPWersja><sln:miejscIdTeryt>0152158</sln:miejscIdTeryt><sln:miejscNazwa>Krzewsk</sln:miejscNazwa><sln:miejscRodzaj>Inny obiekt</sln:miejscRodzaj><sln:powIIPId>61a0d267-58aa-4f3a-86e7-faa281e50ebc</sln:powIIPId><sln:powIIPPn>PL.PZGIK.200</sln:powIIPPn><sln:powIIPWersja>2012-09-27T10:00:59+02:00</sln:powIIPWersja><sln:powIdTeryt>2804</sln:powIdTeryt><sln:powNazwa>elbląski</sln:powNazwa><sln:waznyOd>2013-10-15T00:00:00+02:00</sln:waznyOd><sln:wojIIPId>45e7cfc6-6d8b-42ff-acbd-ef1d0a53dacb</sln:wojIIPId><sln:wojIIPPn>PL.PZGIK.200</sln:wojIIPPn><sln:wojIIPWersja>2012-09-27T13:45:13+02:00</sln:wojIIPWersja><sln:wojIdTeryt>28</sln:wojIdTeryt><sln:wojNazwa>warmińsko-mazurskie</sln:wojNazwa></sln:miejscowosc><sln:miejscowosc><sln:cyklZyciaDo>2015-12-28T00:00:00+01:00</sln:cyklZyciaDo><sln:cyklZyciaOd>2015-03-16T00:00:00+01:00</sln:cyklZyciaOd><sln:gmIIPId>6f095b74-c90f-4160-8064-86c0be502769</sln:gmIIPId><sln:gmIIPPn>PL.PZGIK.200</sln:gmIIPPn><sln:gmIIPWersja>2012-09-26T22:20:34+02:00</sln:gmIIPWersja><sln:gmIdTeryt>2804042</sln:gmIdTeryt><sln:gmNazwa>Markusy</sln:gmNazwa><sln:miejscIIPId>814e5bfc-3c0c-4c2b-a80c-03be5d04efc9</sln:miejscIIPId><sln:miejscIIPPn>PL.PZGIK.200</sln:miejscIIPPn><sln:miejscIIPWersja>2016-11-24T09:20:32+02:00</sln:miejscIIPWersja><sln:miejscIdTeryt>0152164</sln:miejscIdTeryt><sln:miejscNazwa>Markusy</sln:miejscNazwa><sln:miejscRodzaj>Inny obiekt</sln:miejscRodzaj><sln:powIIPId>61a0d267-58aa-4f3a-86e7-faa281e50ebc</sln:powIIPId><sln:powIIPPn>PL.PZGIK.200</sln:powIIPPn><sln:powIIPWersja>2012-09-27T10:00:59+02:00</sln:powIIPWersja><sln:powIdTeryt>2804</sln:powIdTeryt><sln:powNazwa>elbląski</sln:powNazwa><sln:waznyOd>2013-10-15T00:00:00+02:00</sln:waznyOd><sln:wojIIPId>45e7cfc6-6d8b-42ff-acbd-ef1d0a53dacb</sln:wojIIPId><sln:wojIIPPn>PL.PZGIK.200</sln:wojIIPPn><sln:wojIIPWersja>2012-09-27T13:45:13+02:00</sln:wojIIPWersja><sln:wojIdTeryt>28</sln:wojIdTeryt><sln:wojNazwa>warmińsko-mazurskie</sln:wojNazwa></sln:miejscowosc><sln:miejscowosc><sln:cyklZyciaDo>2015-12-28T00:00:00+01:00</sln:cyklZyciaDo><sln:cyklZyciaOd>2015-03-16T00:00:00+01:00</sln:cyklZyciaOd><sln:gmIIPId>6f095b74-c90f-4160-8064-86c0be502769</sln:gmIIPId><sln:gmIIPPn>PL.PZGIK.200</sln:gmIIPPn><sln:gmIIPWersja>2012-09-26T22:20:34+02:00</sln:gmIIPWersja><sln:gmIdTeryt>2804042</sln:gmIdTeryt><sln:gmNazwa>Markusy</sln:gmNazwa><sln:miejscIIPId>26cf36a2-04e6-45cf-be60-da22885d0ba1</sln:miejscIIPId><sln:miejscIIPPn>PL.PZGIK.200</sln:miejscIIPPn><sln:miejscIIPWersja>2016-11-24T09:20:33+02:00</sln:miejscIIPWersja><sln:miejscIdTeryt>0152187</sln:miejscIdTeryt><sln:miejscNazwa>Nowe Dolno</sln:miejscNazwa><sln:miejscRodzaj>Inny obiekt</sln:miejscRodzaj><sln:powIIPId>61a0d267-58aa-4f3a-86e7-faa281e50ebc</sln:powIIPId><sln:powIIPPn>PL.PZGIK.200</sln:powIIPPn><sln:powIIPWersja>2012-09-27T10:00:59+02:00</sln:powIIPWersja><sln:powIdTeryt>2804</sln:powIdTeryt><sln:powNazwa>elbląski</sln:powNazwa><sln:waznyOd>2013-10-15T00:00:00+02:00</sln:waznyOd><sln:wojIIPId>45e7cfc6-6d8b-42ff-acbd-ef1d0a53dacb</sln:wojIIPId><sln:wojIIPPn>PL.PZGIK.200</sln:wojIIPPn><sln:wojIIPWersja>2012-09-27T13:45:13+02:00</sln:wojIIPWersja><sln:wojIdTeryt>28</sln:wojIdTeryt><sln:wojNazwa>warmińsko-mazurskie</sln:wojNazwa></sln:miejscowosc><sln:miejscowosc><sln:cyklZyciaDo>2015-12-28T00:00:00+01:00</sln:cyklZyciaDo><sln:cyklZyciaOd>2015-03-16T00:00:00+01:00</sln:cyklZyciaOd><sln:gmIIPId>6f095b74-c90f-4160-8064-86c0be502769</sln:gmIIPId><sln:gmIIPPn>PL.PZGIK.200</sln:gmIIPPn><sln:gmIIPWersja>2012-09-26T22:20:34+02:00</sln:gmIIPWersja><sln:gmIdTeryt>2804042</sln:gmIdTeryt><sln:gmNazwa>Markusy</sln:gmNazwa><sln:miejscIIPId>b85f0fbd-b70b-4942-8520-14416d16eec8</sln:miejscIIPId><sln:miejscIIPPn>PL.PZGIK.200</sln:miejscIIPPn><sln:miejscIIPWersja>2016-11-24T09:20:34+02:00</sln:miejscIIPWersja><sln:miejscIdTeryt>0152193</sln:miejscIdTeryt><sln:miejscNazwa>Rachowo</sln:miejscNazwa><sln:miejscRodzaj>Inny obiekt</sln:miejscRodzaj><sln:powIIPId>61a0d267-58aa-4f3a-86e7-faa281e50ebc</sln:powIIPId><sln:powIIPPn>PL.PZGIK.200</sln:powIIPPn><sln:powIIPWersja>2012-09-27T10:00:59+02:00</sln:powIIPWersja><sln:powIdTeryt>2804</sln:powIdTeryt><sln:powNazwa>elbląski</sln:powNazwa><sln:waznyOd>2013-10-15T00:00:00+02:00</sln:waznyOd><sln:wojIIPId>45e7cfc6-6d8b-42ff-acbd-ef1d0a53dacb</sln:wojIIPId><sln:wojIIPPn>PL.PZGIK.200</sln:wojIIPPn><sln:wojIIPWersja>2012-09-27T13:45:13+02:00</sln:wojIIPWersja><sln:wojIdTeryt>28</sln:wojIdTeryt><sln:wojNazwa>warmińsko-mazurskie</sln:wojNazwa></sln:miejscowosc><sln:miejscowosc><sln:cyklZyciaDo>2015-12-28T00:00:00+01:00</sln:cyklZyciaDo><sln:cyklZyciaOd>2015-03-16T00:00:00+01:00</sln:cyklZyciaOd><sln:gmIIPId>6f095b74-c90f-4160-8064-86c0be502769</sln:gmIIPId><sln:gmIIPPn>PL.PZGIK.200</sln:gmIIPPn><sln:gmIIPWersja>2012-09-26T22:20:34+02:00</sln:gmIIPWersja><sln:gmIdTeryt>2804042</sln:gmIdTeryt><sln:gmNazwa>Markusy</sln:gmNazwa><sln:miejscIIPId>f9f43f01-f9ee-438c-a52a-f69ca0fa6dd8</sln:miejscIIPId><sln:miejscIIPPn>PL.PZGIK.200</sln:miejscIIPPn><sln:miejscIIPWersja>2016-11-24T09:20:35+02:00</sln:miejscIIPWersja><sln:miejscIdTeryt>0152201</sln:miejscIdTeryt><sln:miejscNazwa>Stalewo</sln:miejscNazwa><sln:miejscRodzaj>Inny obiekt</sln:miejscRodzaj><sln:powIIPId>61a0d267-58aa-4f3a-86e7-faa281e50ebc</sln:powIIPId><sln:powIIPPn>PL.PZGIK.200</sln:powIIPPn><sln:powIIPWersja>2012-09-27T10:00:59+02:00</sln:powIIPWersja><sln:powIdTeryt>2804</sln:powIdTeryt><sln:powNazwa>elbląski</sln:powNazwa><sln:waznyOd>2013-10-15T00:00:00+02:00</sln:waznyOd><sln:wojIIPId>45e7cfc6-6d8b-42ff-acbd-ef1d0a53dacb</sln:wojIIPId><sln:wojIIPPn>PL.PZGIK.200</sln:wojIIPPn><sln:wojIIPWersja>2012-09-27T13:45:13+02:00</sln:wojIIPWersja><sln:wojIdTeryt>28</sln:wojIdTeryt><sln:wojNazwa>warmińsko-mazurskie</sln:wojNazwa></sln:miejscowosc><sln:miejscowosc><sln:cyklZyciaDo>2015-12-28T00:00:00+01:00</sln:cyklZyciaDo><sln:cyklZyciaOd>2015-03-16T00:00:00+01:00</sln:cyklZyciaOd><sln:gmIIPId>6f095b74-c90f-4160-8064-86c0be502769</sln:gmIIPId><sln:gmIIPPn>PL.PZGIK.200</sln:gmIIPPn><sln:gmIIPWersja>2012-09-26T22:20:34+02:00</sln:gmIIPWersja><sln:gmIdTeryt>2804042</sln:gmIdTeryt><sln:gmNazwa>Markusy</sln:gmNazwa><sln:miejscIIPId>e3567405-3894-4891-bc4f-769132971324</sln:miejscIIPId><sln:miejscIIPPn>PL.PZGIK.200</sln:miejscIIPPn><sln:miejscIIPWersja>2016-11-24T09:20:36+02:00</sln:miejscIIPWersja><sln:miejscIdTeryt>0152218</sln:miejscIdTeryt><sln:miejscNazwa>Stankowo</sln:miejscNazwa><sln:miejscRodzaj>Inny obiekt</sln:miejscRodzaj><sln:powIIPId>61a0d267-58aa-4f3a-86e7-faa281e50ebc</sln:powIIPId><sln:powIIPPn>PL.PZGIK.200</sln:powIIPPn><sln:powIIPWersja>2012-09-27T10:00:59+02:00</sln:powIIPWersja><sln:powIdTeryt>2804</sln:powIdTeryt><sln:powNazwa>elbląski</sln:powNazwa><sln:waznyOd>2013-10-15T00:00:00+02:00</sln:waznyOd><sln:wojIIPId>45e7cfc6-6d8b-42ff-acbd-ef1d0a53dacb</sln:wojIIPId><sln:wojIIPPn>PL.PZGIK.200</sln:wojIIPPn><sln:wojIIPWersja>2012-09-27T13:45:13+02:00</sln:wojIIPWersja><sln:wojIdTeryt>28</sln:wojIdTeryt><sln:wojNazwa>warmińsko-mazurskie</sln:wojNazwa></sln:miejscowosc><sln:miejscowosc><sln:cyklZyciaDo>2015-12-28T00:00:00+01:00</sln:cyklZyciaDo><sln:cyklZyciaOd>2015-03-16T00:00:00+01:00</sln:cyklZyciaOd><sln:gmIIPId>6f095b74-c90f-4160-8064-86c0be502769</sln:gmIIPId><sln:gmIIPPn>PL.PZGIK.200</sln:gmIIPPn><sln:gmIIPWersja>2012-09-26T22:20:34+02:00</sln:gmIIPWersja><sln:gmIdTeryt>2804042</sln:gmIdTeryt><sln:gmNazwa>Markusy</sln:gmNazwa><sln:miejscIIPId>f8486585-53b2-4676-bfca-f30d4b5f6f46</sln:miejscIIPId><sln:miejscIIPPn>PL.PZGIK.200</sln:miejscIIPPn><sln:miejscIIPWersja>2016-11-24T09:20:37+02:00</sln:miejscIIPWersja><sln:miejscIdTeryt>0152224</sln:miejscIdTeryt><sln:miejscNazwa>Stare Dolno</sln:miejscNazwa><sln:miejscRodzaj>Inny obiekt</sln:miejscRodzaj><sln:powIIPId>61a0d267-58aa-4f3a-86e7-faa281e50ebc</sln:powIIPId><sln:powIIPPn>PL.PZGIK.200</sln:powIIPPn><sln:powIIPWersja>2012-09-27T10:00:59+02:00</sln:powIIPWersja><sln:powIdTeryt>2804</sln:powIdTeryt><sln:powNazwa>elbląski</sln:powNazwa><sln:waznyOd>2013-10-15T00:00:00+02:00</sln:waznyOd><sln:wojIIPId>45e7cfc6-6d8b-42ff-acbd-ef1d0a53dacb</sln:wojIIPId><sln:wojIIPPn>PL.PZGIK.200</sln:wojIIPPn><sln:wojIIPWersja>2012-09-27T13:45:13+02:00</sln:wojIIPWersja><sln:wojIdTeryt>28</sln:wojIdTeryt><sln:wojNazwa>warmińsko-mazurskie</sln:wojNazwa></sln:miejscowosc><sln:miejscowosc><sln:cyklZyciaDo>2015-12-28T00:00:00+01:00</sln:cyklZyciaDo><sln:cyklZyciaOd>2015-03-16T00:00:00+01:00</sln:cyklZyciaOd><sln:gmIIPId>6f095b74-c90f-4160-8064-86c0be502769</sln:gmIIPId><sln:gmIIPPn>PL.PZGIK.200</sln:gmIIPPn><sln:gmIIPWersja>2012-09-26T22:20:34+02:00</sln:gmIIPWersja><sln:gmIdTeryt>2804042</sln:gmIdTeryt><sln:gmNazwa>Markusy</sln:gmNazwa><sln:miejscIIPId>b136fb6a-cef7-4db6-8228-c91a31450392</sln:miejscIIPId><sln:miejscIIPPn>PL.PZGIK.200</sln:miejscIIPPn><sln:miejscIIPWersja>2016-11-24T09:20:38+02:00</sln:miejscIIPWersja><sln:miejscIdTeryt>0152230</sln:miejscIdTeryt><sln:miejscNazwa>Topolno Małe</sln:miejscNazwa><sln:miejscRodzaj>Inny obiekt</sln:miejscRodzaj><sln:powIIPId>61a0d267-58aa-4f3a-86e7-faa281e50ebc</sln:powIIPId><sln:powIIPPn>PL.PZGIK.200</sln:powIIPPn><sln:powIIPWersja>2012-09-27T10:00:59+02:00</sln:powIIPWersja><sln:powIdTeryt>2804</sln:powIdTeryt><sln:powNazwa>elbląski</sln:powNazwa><sln:waznyOd>2013-10-15T00:00:00+02:00</sln:waznyOd><sln:wojIIPId>45e7cfc6-6d8b-42ff-acbd-ef1d0a53dacb</sln:wojIIPId><sln:wojIIPPn>PL.PZGIK.200</sln:wojIIPPn><sln:wojIIPWersja>2012-09-27T13:45:13+02:00</sln:wojIIPWersja><sln:wojIdTeryt>28</sln:wojIdTeryt><sln:wojNazwa>warmińsko-mazurskie</sln:wojNazwa></sln:miejscowosc><sln:miejscowosc><sln:cyklZyciaDo>2015-12-28T00:00:00+01:00</sln:cyklZyciaDo><sln:cyklZyciaOd>2015-03-16T00:00:00+01:00</sln:cyklZyciaOd><sln:gmIIPId>6f095b74-c90f-4160-8064-86c0be502769</sln:gmIIPId><sln:gmIIPPn>PL.PZGIK.200</sln:gmIIPPn><sln:gmIIPWersja>2012-09-26T22:20:34+02:00</sln:gmIIPWersja><sln:gmIdTeryt>2804042</sln:gmIdTeryt><sln:gmNazwa>Markusy</sln:gmNazwa><sln:miejscIIPId>1f7f514c-0e64-4a6f-ab17-4901124875eb</sln:miejscIIPId><sln:miejscIIPPn>PL.PZGIK.200</sln:miejscIIPPn><sln:miejscIIPWersja>2016-11-24T09:20:39+02:00</sln:miejscIIPWersja><sln:miejscIdTeryt>0152247</sln:miejscIdTeryt><sln:miejscNazwa>Węgle Żukowo</sln:miejscNazwa><sln:miejscRodzaj>Inny obiekt</sln:miejscRodzaj><sln:powIIPId>61a0d267-58aa-4f3a-86e7-faa281e50ebc</sln:powIIPId><sln:powIIPPn>PL.PZGIK.200</sln:powIIPPn><sln:powIIPWersja>2012-09-27T10:00:59+02:00</sln:powIIPWersja><sln:powIdTeryt>2804</sln:powIdTeryt><sln:powNazwa>elbląski</sln:powNazwa><sln:waznyOd>2013-10-24T00:00:00+02:00</sln:waznyOd><sln:wojIIPId>45e7cfc6-6d8b-42ff-acbd-ef1d0a53dacb</sln:wojIIPId><sln:wojIIPPn>PL.PZGIK.200</sln:wojIIPPn><sln:wojIIPWersja>2012-09-27T13:45:13+02:00</sln:wojIIPWersja><sln:wojIdTeryt>28</sln:wojIdTeryt><sln:wojNazwa>warmińsko-mazurskie</sln:wojNazwa></sln:miejscowosc><sln:miejscowosc><sln:cyklZyciaDo>2015-12-28T00:00:00+01:00</sln:cyklZyciaDo><sln:cyklZyciaOd>2015-03-16T00:00:00+01:00</sln:cyklZyciaOd><sln:gmIIPId>6f095b74-c90f-4160-8064-86c0be502769</sln:gmIIPId><sln:gmIIPPn>PL.PZGIK.200</sln:gmIIPPn><sln:gmIIPWersja>2012-09-26T22:20:34+02:00</sln:gmIIPWersja><sln:gmIdTeryt>2804042</sln:gmIdTeryt><sln:gmNazwa>Markusy</sln:gmNazwa><sln:miejscIIPId>91914c71-203c-4c1e-a58a-9bc19041375f</sln:miejscIIPId><sln:miejscIIPPn>PL.PZGIK.200</sln:miejscIIPPn><sln:miejscIIPWersja>2016-11-24T09:20:40+02:00</sln:miejscIIPWersja><sln:miejscIdTeryt>0152253</sln:miejscIdTeryt><sln:miejscNazwa>Wiśniewo</sln:miejscNazwa><sln:miejscRodzaj>Inny obiekt</sln:miejscRodzaj><sln:powIIPId>61a0d267-58aa-4f3a-86e7-faa281e50ebc</sln:powIIPId><sln:powIIPPn>PL.PZGIK.200</sln:powIIPPn><sln:powIIPWersja>2012-09-27T10:00:59+02:00</sln:powIIPWersja><sln:powIdTeryt>2804</sln:powIdTeryt><sln:powNazwa>elbląski</sln:powNazwa><sln:waznyOd>2013-10-15T00:00:00+02:00</sln:waznyOd><sln:wojIIPId>45e7cfc6-6d8b-42ff-acbd-ef1d0a53dacb</sln:wojIIPId><sln:wojIIPPn>PL.PZGIK.200</sln:wojIIPPn><sln:wojIIPWersja>2012-09-27T13:45:13+02:00</sln:wojIIPWersja><sln:wojIdTeryt>28</sln:wojIdTeryt><sln:wojNazwa>warmińsko-mazurskie</sln:wojNazwa></sln:miejscowosc><sln:miejscowosc><sln:cyklZyciaDo>2015-12-28T00:00:00+01:00</sln:cyklZyciaDo><sln:cyklZyciaOd>2015-03-16T00:00:00+01:00</sln:cyklZyciaOd><sln:gmIIPId>6f095b74-c90f-4160-8064-86c0be502769</sln:gmIIPId><sln:gmIIPPn>PL.PZGIK.200</sln:gmIIPPn><sln:gmIIPWersja>2012-09-26T22:20:34+02:00</sln:gmIIPWersja><sln:gmIdTeryt>2804042</sln:gmIdTeryt><sln:gmNazwa>Markusy</sln:gmNazwa><sln:miejscIIPId>46a128ae-0789-44c4-82c7-dc07890997df</sln:miejscIIPId><sln:miejscIIPPn>PL.PZGIK.200</sln:miejscIIPPn><sln:miejscIIPWersja>2016-11-24T09:20:41+02:00</sln:miejscIIPWersja><sln:miejscIdTeryt>0152260</sln:miejscIdTeryt><sln:miejscNazwa>Złotnica</sln:miejscNazwa><sln:miejscRodzaj>Inny obiekt</sln:miejscRodzaj><sln:powIIPId>61a0d267-58aa-4f3a-86e7-faa281e50ebc</sln:powIIPId><sln:powIIPPn>PL.PZGIK.200</sln:powIIPPn><sln:powIIPWersja>2012-09-27T10:00:59+02:00</sln:powIIPWersja><sln:powIdTeryt>2804</sln:powIdTeryt><sln:powNazwa>elbląski</sln:powNazwa><sln:waznyOd>2013-10-15T00:00:00+02:00</sln:waznyOd><sln:wojIIPId>45e7cfc6-6d8b-42ff-acbd-ef1d0a53dacb</sln:wojIIPId><sln:wojIIPPn>PL.PZGIK.200</sln:wojIIPPn><sln:wojIIPWersja>2012-09-27T13:45:13+02:00</sln:wojIIPWersja><sln:wojIdTeryt>28</sln:wojIdTeryt><sln:wojNazwa>warmińsko-mazurskie</sln:wojNazwa></sln:miejscowosc><sln:miejscowosc><sln:cyklZyciaDo>2015-12-28T00:00:00+01:00</sln:cyklZyciaDo><sln:cyklZyciaOd>2015-03-16T00:00:00+01:00</sln:cyklZyciaOd><sln:gmIIPId>6f095b74-c90f-4160-8064-86c0be502769</sln:gmIIPId><sln:gmIIPPn>PL.PZGIK.200</sln:gmIIPPn><sln:gmIIPWersja>2012-09-26T22:20:34+02:00</sln:gmIIPWersja><sln:gmIdTeryt>2804042</sln:gmIdTeryt><sln:gmNazwa>Markusy</sln:gmNazwa><sln:miejscIIPId>a2da4290-aade-4ce2-ade9-6b9ae1e3c000</sln:miejscIIPId><sln:miejscIIPPn>PL.PZGIK.200</sln:miejscIIPPn><sln:miejscIIPWersja>2016-11-24T09:20:42+02:00</sln:miejscIIPWersja><sln:miejscIdTeryt>0152276</sln:miejscIdTeryt><sln:miejscNazwa>Zwierzeńskie Pole</sln:miejscNazwa><sln:miejscRodzaj>Inny obiekt</sln:miejscRodzaj><sln:powIIPId>61a0d267-58aa-4f3a-86e7-faa281e50ebc</sln:powIIPId><sln:powIIPPn>PL.PZGIK.200</sln:powIIPPn><sln:powIIPWersja>2012-09-27T10:00:59+02:00</sln:powIIPWersja><sln:powIdTeryt>2804</sln:powIdTeryt><sln:powNazwa>elbląski</sln:powNazwa><sln:waznyOd>2013-10-15T00:00:00+02:00</sln:waznyOd><sln:wojIIPId>45e7cfc6-6d8b-42ff-acbd-ef1d0a53dacb</sln:wojIIPId><sln:wojIIPPn>PL.PZGIK.200</sln:wojIIPPn><sln:wojIIPWersja>2012-09-27T13:45:13+02:00</sln:wojIIPWersja><sln:wojIdTeryt>28</sln:wojIdTeryt><sln:wojNazwa>warmińsko-mazurskie</sln:wojNazwa></sln:miejscowosc><sln:miejscowosc><sln:cyklZyciaDo>2015-12-28T00:00:00+01:00</sln:cyklZyciaDo><sln:cyklZyciaOd>2015-03-16T00:00:00+01:00</sln:cyklZyciaOd><sln:gmIIPId>6f095b74-c90f-4160-8064-86c0be502769</sln:gmIIPId><sln:gmIIPPn>PL.PZGIK.200</sln:gmIIPPn><sln:gmIIPWersja>2012-09-26T22:20:34+02:00</sln:gmIIPWersja><sln:gmIdTeryt>2804042</sln:gmIdTeryt><sln:gmNazwa>Markusy</sln:gmNazwa><sln:miejscIIPId>f5e222d7-b592-4ad2-8796-9d86579d108b</sln:miejscIIPId><sln:miejscIIPPn>PL.PZGIK.200</sln:miejscIIPPn><sln:miejscIIPWersja>2016-11-24T09:20:43+02:00</sln:miejscIIPWersja><sln:miejscIdTeryt>0152282</sln:miejscIdTeryt><sln:miejscNazwa>Zwierzno</sln:miejscNazwa><sln:miejscRodzaj>Inny obiekt</sln:miejscRodzaj><sln:powIIPId>61a0d267-58aa-4f3a-86e7-faa281e50ebc</sln:powIIPId><sln:powIIPPn>PL.PZGIK.200</sln:powIIPPn><sln:powIIPWersja>2012-09-27T10:00:59+02:00</sln:powIIPWersja><sln:powIdTeryt>2804</sln:powIdTeryt><sln:powNazwa>elbląski</sln:powNazwa><sln:waznyOd>2013-10-24T00:00:00+02:00</sln:waznyOd><sln:wojIIPId>45e7cfc6-6d8b-42ff-acbd-ef1d0a53dacb</sln:wojIIPId><sln:wojIIPPn>PL.PZGIK.200</sln:wojIIPPn><sln:wojIIPWersja>2012-09-27T13:45:13+02:00</sln:wojIIPWersja><sln:wojIdTeryt>28</sln:wojIdTeryt><sln:wojNazwa>warmińsko-mazurskie</sln:wojNazwa></sln:miejscowosc><sln:miejscowosc><sln:cyklZyciaDo>2015-12-28T00:00:00+01:00</sln:cyklZyciaDo><sln:cyklZyciaOd>2015-03-16T00:00:00+01:00</sln:cyklZyciaOd><sln:gmIIPId>6f095b74-c90f-4160-8064-86c0be502769</sln:gmIIPId><sln:gmIIPPn>PL.PZGIK.200</sln:gmIIPPn><sln:gmIIPWersja>2012-09-26T22:20:34+02:00</sln:gmIIPWersja><sln:gmIdTeryt>2804042</sln:gmIdTeryt><sln:gmNazwa>Markusy</sln:gmNazwa><sln:miejscIIPId>c4b656c1-b75b-4b85-9ec9-5477c3458850</sln:miejscIIPId><sln:miejscIIPPn>PL.PZGIK.200</sln:miejscIIPPn><sln:miejscIIPWersja>2016-11-24T09:20:44+02:00</sln:miejscIIPWersja><sln:miejscIdTeryt>0152299</sln:miejscIdTeryt><sln:miejscNazwa>Żółwiniec</sln:miejscNazwa><sln:miejscRodzaj>Inny obiekt</sln:miejscRodzaj><sln:powIIPId>61a0d267-58aa-4f3a-86e7-faa281e50ebc</sln:powIIPId><sln:powIIPPn>PL.PZGIK.200</sln:powIIPPn><sln:powIIPWersja>2012-09-27T10:00:59+02:00</sln:powIIPWersja><sln:powIdTeryt>2804</sln:powIdTeryt><sln:powNazwa>elbląski</sln:powNazwa><sln:waznyOd>2013-10-15T00:00:00+02:00</sln:waznyOd><sln:wojIIPId>45e7cfc6-6d8b-42ff-acbd-ef1d0a53dacb</sln:wojIIPId><sln:wojIIPPn>PL.PZGIK.200</sln:wojIIPPn><sln:wojIIPWersja>2012-09-27T13:45:13+02:00</sln:wojIIPWersja><sln:wojIdTeryt>28</sln:wojIdTeryt><sln:wojNazwa>warmińsko-mazurskie</sln:wojNazwa></sln:miejscowosc><sln:miejscowosc><sln:cyklZyciaDo>2015-12-28T00:00:00+01:00</sln:cyklZyciaDo><sln:cyklZyciaOd>2015-03-16T00:00:00+01:00</sln:cyklZyciaOd><sln:gmIIPId>6f095b74-c90f-4160-8064-86c0be502769</sln:gmIIPId><sln:gmIIPPn>PL.PZGIK.200</sln:gmIIPPn><sln:gmIIPWersja>2012-09-26T22:20:34+02:00</sln:gmIIPWersja><sln:gmIdTeryt>2804042</sln:gmIdTeryt><sln:gmNazwa>Markusy</sln:gmNazwa><sln:miejscIIPId>929a6991-9870-487c-989c-86f98723622b</sln:miejscIIPId><sln:miejscIIPPn>PL.PZGIK.200</sln:miejscIIPPn><sln:miejscIIPWersja>2016-11-24T09:20:45+02:00</sln:miejscIIPWersja><sln:miejscIdTeryt>0152307</sln:miejscIdTeryt><sln:miejscNazwa>Żurawiec</sln:miejscNazwa><sln:miejscRodzaj>Inny obiekt</sln:miejscRodzaj><sln:powIIPId>61a0d267-58aa-4f3a-86e7-faa281e50ebc</sln:powIIPId><sln:powIIPPn>PL.PZGIK.200</sln:powIIPPn><sln:powIIPWersja>2012-09-27T10:00:59+02:00</sln:powIIPWersja><sln:powIdTeryt>2804</sln:powIdTeryt><sln:powNazwa>elbląski</sln:powNazwa><sln:waznyOd>2013-10-15T00:00:00+02:00</sln:waznyOd><sln:wojIIPId>45e7cfc6-6d8b-42ff-acbd-ef1d0a53dacb</sln:wojIIPId><sln:wojIIPPn>PL.PZGIK.200</sln:wojIIPPn><sln:wojIIPWersja>2012-09-27T13:45:13+02:00</sln:wojIIPWersja><sln:wojIdTeryt>28</sln:wojIdTeryt><sln:wojNazwa>warmińsko-mazurskie</sln:wojNazwa></sln:miejscowosc><sln:miejscowosc><sln:cyklZyciaOd>2017-04-07T00:00:00+02:00</sln:cyklZyciaOd><sln:gmIIPId>6f095b74-c90f-4160-8064-86c0be502769</sln:gmIIPId><sln:gmIIPPn>PL.PZGIK.200</sln:gmIIPPn><sln:gmIIPWersja>2012-09-26T22:20:34+02:00</sln:gmIIPWersja><sln:gmIdTeryt>2804042</sln:gmIdTeryt><sln:gmNazwa>Markusy</sln:gmNazwa><sln:miejscIIPId>079df0a4-bab0-497a-a45d-e08d6255522e</sln:miejscIIPId><sln:miejscIIPPn>PL.PZGIK.200</sln:miejscIIPPn><sln:miejscIIPWersja>2017-04-07T10:08:05+02:00</sln:miejscIIPWersja><sln:miejscIdTeryt>0152081</sln:miejscIdTeryt><sln:miejscNazwa>Balewo</sln:miejscNazwa><sln:miejscRodzaj>Wieś</sln:miejscRodzaj><sln:powIIPId>61a0d267-58aa-4f3a-86e7-faa281e50ebc</sln:powIIPId><sln:powIIPPn>PL.PZGIK.200</sln:powIIPPn><sln:powIIPWersja>2012-09-27T10:00:59+02:00</sln:powIIPWersja><sln:powIdTeryt>2804</sln:powIdTeryt><sln:powNazwa>elbląski</sln:powNazwa><sln:waznyOd>2013-10-15T00:00:00+02:00</sln:waznyOd><sln:wojIIPId>45e7cfc6-6d8b-42ff-acbd-ef1d0a53dacb</sln:wojIIPId><sln:wojIIPPn>PL.PZGIK.200</sln:wojIIPPn><sln:wojIIPWersja>2012-09-27T13:45:13+02:00</sln:wojIIPWersja><sln:wojIdTeryt>28</sln:wojIdTeryt><sln:wojNazwa>warmińsko-mazurskie</sln:wojNazwa></sln:miejscowosc><sln:miejscowosc><sln:cyklZyciaOd>2017-04-07T00:00:00+02:00</sln:cyklZyciaOd><sln:gmIIPId>6f095b74-c90f-4160-8064-86c0be502769</sln:gmIIPId><sln:gmIIPPn>PL.PZGIK.200</sln:gmIIPPn><sln:gmIIPWersja>2012-09-26T22:20:34+02:00</sln:gmIIPWersja><sln:gmIdTeryt>2804042</sln:gmIdTeryt><sln:gmNazwa>Markusy</sln:gmNazwa><sln:miejscIIPId>b6bf2b89-1c93-4fcf-baa0-cedee85ceda9</sln:miejscIIPId><sln:miejscIIPPn>PL.PZGIK.200</sln:miejscIIPPn><sln:miejscIIPWersja>2017-04-07T10:08:12+02:00</sln:miejscIIPWersja><sln:miejscIdTeryt>0152098</sln:miejscIdTeryt><sln:miejscNazwa>Brudzędy</sln:miejscNazwa><sln:miejscRodzaj>Wieś</sln:miejscRodzaj><sln:powIIPId>61a0d267-58aa-4f3a-86e7-faa281e50ebc</sln:powIIPId><sln:powIIPPn>PL.PZGIK.200</sln:powIIPPn><sln:powIIPWersja>2012-09-27T10:00:59+02:00</sln:powIIPWersja><sln:powIdTeryt>2804</sln:powIdTeryt><sln:powNazwa>elbląski</sln:powNazwa><sln:waznyOd>2013-10-15T00:00:00+02:00</sln:waznyOd><sln:wojIIPId>45e7cfc6-6d8b-42ff-acbd-ef1d0a53dacb</sln:wojIIPId><sln:wojIIPPn>PL.PZGIK.200</sln:wojIIPPn><sln:wojIIPWersja>2012-09-27T13:45:13+02:00</sln:wojIIPWersja><sln:wojIdTeryt>28</sln:wojIdTeryt><sln:wojNazwa>warmińsko-mazurskie</sln:wojNazwa></sln:miejscowosc><sln:miejscowosc><sln:cyklZyciaOd>2017-04-07T00:00:00+02:00</sln:cyklZyciaOd><sln:gmIIPId>6f095b74-c90f-4160-8064-86c0be502769</sln:gmIIPId><sln:gmIIPPn>PL.PZGIK.200</sln:gmIIPPn><sln:gmIIPWersja>2012-09-26T22:20:34+02:00</sln:gmIIPWersja><sln:gmIdTeryt>2804042</sln:gmIdTeryt><sln:gmNazwa>Markusy</sln:gmNazwa><sln:miejscIIPId>4255e244-4cde-416f-a84f-9f8391903d9e</sln:miejscIIPId><sln:miejscIIPPn>PL.PZGIK.200</sln:miejscIIPPn><sln:miejscIIPWersja>2017-04-07T10:08:12+02:00</sln:miejscIIPWersja><sln:miejscIdTeryt>0152106</sln:miejscIdTeryt><sln:miejscNazwa>Dzierzgonka</sln:miejscNazwa><sln:miejscRodzaj>Wieś</sln:miejscRodzaj><sln:powIIPId>61a0d267-58aa-4f3a-86e7-faa281e50ebc</sln:powIIPId><sln:powIIPPn>PL.PZGIK.200</sln:powIIPPn><sln:powIIPWersja>2012-09-27T10:00:59+02:00</sln:powIIPWersja><sln:powIdTeryt>2804</sln:powIdTeryt><sln:powNazwa>elbląski</sln:powNazwa><sln:waznyOd>2013-10-15T00:00:00+02:00</sln:waznyOd><sln:wojIIPId>45e7cfc6-6d8b-42ff-acbd-ef1d0a53dacb</sln:wojIIPId><sln:wojIIPPn>PL.PZGIK.200</sln:wojIIPPn><sln:wojIIPWersja>2012-09-27T13:45:13+02:00</sln:wojIIPWersja><sln:wojIdTeryt>28</sln:wojIdTeryt><sln:wojNazwa>warmińsko-mazurskie</sln:wojNazwa></sln:miejscowosc><sln:miejscowosc><sln:cyklZyciaOd>2017-04-07T00:00:00+02:00</sln:cyklZyciaOd><sln:gmIIPId>6f095b74-c90f-4160-8064-86c0be502769</sln:gmIIPId><sln:gmIIPPn>PL.PZGIK.200</sln:gmIIPPn><sln:gmIIPWersja>2012-09-26T22:20:34+02:00</sln:gmIIPWersja><sln:gmIdTeryt>2804042</sln:gmIdTeryt><sln:gmNazwa>Markusy</sln:gmNazwa><sln:miejscIIPId>8aa62f4f-d081-4a89-81ac-2ffd24c72e88</sln:miejscIIPId><sln:miejscIIPPn>PL.PZGIK.200</sln:miejscIIPPn><sln:miejscIIPWersja>2017-04-07T10:08:12+02:00</sln:miejscIIPWersja><sln:miejscIdTeryt>0152112</sln:miejscIdTeryt><sln:miejscNazwa>Jezioro</sln:miejscNazwa><sln:miejscRodzaj>Wieś</sln:miejscRodzaj><sln:powIIPId>61a0d267-58aa-4f3a-86e7-faa281e50ebc</sln:powIIPId><sln:powIIPPn>PL.PZGIK.200</sln:powIIPPn><sln:powIIPWersja>2012-09-27T10:00:59+02:00</sln:powIIPWersja><sln:powIdTeryt>2804</sln:powIdTeryt><sln:powNazwa>elbląski</sln:powNazwa><sln:waznyOd>2013-10-15T00:00:00+02:00</sln:waznyOd><sln:wojIIPId>45e7cfc6-6d8b-42ff-acbd-ef1d0a53dacb</sln:wojIIPId><sln:wojIIPPn>PL.PZGIK.200</sln:wojIIPPn><sln:wojIIPWersja>2012-09-27T13:45:13+02:00</sln:wojIIPWersja><sln:wojIdTeryt>28</sln:wojIdTeryt><sln:wojNazwa>warmińsko-mazurskie</sln:wojNazwa></sln:miejscowosc><sln:miejscowosc><sln:cyklZyciaOd>2017-04-07T00:00:00+02:00</sln:cyklZyciaOd><sln:gmIIPId>6f095b74-c90f-4160-8064-86c0be502769</sln:gmIIPId><sln:gmIIPPn>PL.PZGIK.200</sln:gmIIPPn><sln:gmIIPWersja>2012-09-26T22:20:34+02:00</sln:gmIIPWersja><sln:gmIdTeryt>2804042</sln:gmIdTeryt><sln:gmNazwa>Markusy</sln:gmNazwa><sln:miejscIIPId>c3bb0075-5c9d-44fa-86d6-b1e0d8b18c38</sln:miejscIIPId><sln:miejscIIPPn>PL.PZGIK.200</sln:miejscIIPPn><sln:miejscIIPWersja>2017-04-07T10:08:12+02:00</sln:miejscIIPWersja><sln:miejscIdTeryt>0152129</sln:miejscIdTeryt><sln:miejscNazwa>Jurandowo</sln:miejscNazwa><sln:miejscRodzaj>Wieś</sln:miejscRodzaj><sln:powIIPId>61a0d267-58aa-4f3a-86e7-faa281e50ebc</sln:powIIPId><sln:powIIPPn>PL.PZGIK.200</sln:powIIPPn><sln:powIIPWersja>2012-09-27T10:00:59+02:00</sln:powIIPWersja><sln:powIdTeryt>2804</sln:powIdTeryt><sln:powNazwa>elbląski</sln:powNazwa><sln:waznyOd>2013-10-15T00:00:00+02:00</sln:waznyOd><sln:wojIIPId>45e7cfc6-6d8b-42ff-acbd-ef1d0a53dacb</sln:wojIIPId><sln:wojIIPPn>PL.PZGIK.200</sln:wojIIPPn><sln:wojIIPWersja>2012-09-27T13:45:13+02:00</sln:wojIIPWersja><sln:wojIdTeryt>28</sln:wojIdTeryt><sln:wojNazwa>warmińsko-mazurskie</sln:wojNazwa></sln:miejscowosc><sln:miejscowosc><sln:cyklZyciaOd>2017-04-07T00:00:00+02:00</sln:cyklZyciaOd><sln:gmIIPId>6f095b74-c90f-4160-8064-86c0be502769</sln:gmIIPId><sln:gmIIPPn>PL.PZGIK.200</sln:gmIIPPn><sln:gmIIPWersja>2012-09-26T22:20:34+02:00</sln:gmIIPWersja><sln:gmIdTeryt>2804042</sln:gmIdTeryt><sln:gmNazwa>Markusy</sln:gmNazwa><sln:miejscIIPId>71c1ecc3-8841-495b-841e-e1865ee956e3</sln:miejscIIPId><sln:miejscIIPPn>PL.PZGIK.200</sln:miejscIIPPn><sln:miejscIIPWersja>2017-04-07T10:08:12+02:00</sln:miejscIIPWersja><sln:miejscIdTeryt>0152135</sln:miejscIdTeryt><sln:miejscNazwa>Kępniewo</sln:miejscNazwa><sln:miejscRodzaj>Wieś</sln:miejscRodzaj><sln:powIIPId>61a0d267-58aa-4f3a-86e7-faa281e50ebc</sln:powIIPId><sln:powIIPPn>PL.PZGIK.200</sln:powIIPPn><sln:powIIPWersja>2012-09-27T10:00:59+02:00</sln:powIIPWersja><sln:powIdTeryt>2804</sln:powIdTeryt><sln:powNazwa>elbląski</sln:powNazwa><sln:waznyOd>2013-10-15T00:00:00+02:00</sln:waznyOd><sln:wojIIPId>45e7cfc6-6d8b-42ff-acbd-ef1d0a53dacb</sln:wojIIPId><sln:wojIIPPn>PL.PZGIK.200</sln:wojIIPPn><sln:wojIIPWersja>2012-09-27T13:45:13+02:00</sln:wojIIPWersja><sln:wojIdTeryt>28</sln:wojIdTeryt><sln:wojNazwa>warmińsko-mazurskie</sln:wojNazwa></sln:miejscowosc><sln:miejscowosc><sln:cyklZyciaOd>2017-04-07T00:00:00+02:00</sln:cyklZyciaOd><sln:gmIIPId>6f095b74-c90f-4160-8064-86c0be502769</sln:gmIIPId><sln:gmIIPPn>PL.PZGIK.200</sln:gmIIPPn><sln:gmIIPWersja>2012-09-26T22:20:34+02:00</sln:gmIIPWersja><sln:gmIdTeryt>2804042</sln:gmIdTeryt><sln:gmNazwa>Markusy</sln:gmNazwa><sln:miejscIIPId>31bdfc87-118a-47b1-a9a0-98fa05e582a7</sln:miejscIIPId><sln:miejscIIPPn>PL.PZGIK.200</sln:miejscIIPPn><sln:miejscIIPWersja>2017-04-07T10:08:12+02:00</sln:miejscIIPWersja><sln:miejscIdTeryt>0152158</sln:miejscIdTeryt><sln:miejscNazwa>Krzewsk</sln:miejscNazwa><sln:miejscRodzaj>Wieś</sln:miejscRodzaj><sln:powIIPId>61a0d267-58aa-4f3a-86e7-faa281e50ebc</sln:powIIPId><sln:powIIPPn>PL.PZGIK.200</sln:powIIPPn><sln:powIIPWersja>2012-09-27T10:00:59+02:00</sln:powIIPWersja><sln:powIdTeryt>2804</sln:powIdTeryt><sln:powNazwa>elbląski</sln:powNazwa><sln:waznyOd>2013-10-15T00:00:00+02:00</sln:waznyOd><sln:wojIIPId>45e7cfc6-6d8b-42ff-acbd-ef1d0a53dacb</sln:wojIIPId><sln:wojIIPPn>PL.PZGIK.200</sln:wojIIPPn><sln:wojIIPWersja>2012-09-27T13:45:13+02:00</sln:wojIIPWersja><sln:wojIdTeryt>28</sln:wojIdTeryt><sln:wojNazwa>warmińsko-mazurskie</sln:wojNazwa></sln:miejscowosc><sln:miejscowosc><sln:cyklZyciaOd>2017-04-07T00:00:00+02:00</sln:cyklZyciaOd><sln:gmIIPId>6f095b74-c90f-4160-8064-86c0be502769</sln:gmIIPId><sln:gmIIPPn>PL.PZGIK.200</sln:gmIIPPn><sln:gmIIPWersja>2012-09-26T22:20:34+02:00</sln:gmIIPWersja><sln:gmIdTeryt>2804042</sln:gmIdTeryt><sln:gmNazwa>Markusy</sln:gmNazwa><sln:miejscIIPId>814e5bfc-3c0c-4c2b-a80c-03be5d04efc9</sln:miejscIIPId><sln:miejscIIPPn>PL.PZGIK.200</sln:miejscIIPPn><sln:miejscIIPWersja>2017-04-07T10:08:12+02:00</sln:miejscIIPWersja><sln:miejscIdTeryt>0152164</sln:miejscIdTeryt><sln:miejscNazwa>Markusy</sln:miejscNazwa><sln:miejscRodzaj>Wieś</sln:miejscRodzaj><sln:powIIPId>61a0d267-58aa-4f3a-86e7-faa281e50ebc</sln:powIIPId><sln:powIIPPn>PL.PZGIK.200</sln:powIIPPn><sln:powIIPWersja>2012-09-27T10:00:59+02:00</sln:powIIPWersja><sln:powIdTeryt>2804</sln:powIdTeryt><sln:powNazwa>elbląski</sln:powNazwa><sln:waznyOd>2013-10-15T00:00:00+02:00</sln:waznyOd><sln:wojIIPId>45e7cfc6-6d8b-42ff-acbd-ef1d0a53dacb</sln:wojIIPId><sln:wojIIPPn>PL.PZGIK.200</sln:wojIIPPn><sln:wojIIPWersja>2012-09-27T13:45:13+02:00</sln:wojIIPWersja><sln:wojIdTeryt>28</sln:wojIdTeryt><sln:wojNazwa>warmińsko-mazurskie</sln:wojNazwa></sln:miejscowosc><sln:miejscowosc><sln:cyklZyciaOd>2017-04-07T00:00:00+02:00</sln:cyklZyciaOd><sln:gmIIPId>6f095b74-c90f-4160-8064-86c0be502769</sln:gmIIPId><sln:gmIIPPn>PL.PZGIK.200</sln:gmIIPPn><sln:gmIIPWersja>2012-09-26T22:20:34+02:00</sln:gmIIPWersja><sln:gmIdTeryt>2804042</sln:gmIdTeryt><sln:gmNazwa>Markusy</sln:gmNazwa><sln:miejscIIPId>26cf36a2-04e6-45cf-be60-da22885d0ba1</sln:miejscIIPId><sln:miejscIIPPn>PL.PZGIK.200</sln:miejscIIPPn><sln:miejscIIPWersja>2017-04-07T10:08:12+02:00</sln:miejscIIPWersja><sln:miejscIdTeryt>0152187</sln:miejscIdTeryt><sln:miejscNazwa>Nowe Dolno</sln:miejscNazwa><sln:miejscRodzaj>Wieś</sln:miejscRodzaj><sln:powIIPId>61a0d267-58aa-4f3a-86e7-faa281e50ebc</sln:powIIPId><sln:powIIPPn>PL.PZGIK.200</sln:powIIPPn><sln:powIIPWersja>2012-09-27T10:00:59+02:00</sln:powIIPWersja><sln:powIdTeryt>2804</sln:powIdTeryt><sln:powNazwa>elbląski</sln:powNazwa><sln:waznyOd>2013-10-15T00:00:00+02:00</sln:waznyOd><sln:wojIIPId>45e7cfc6-6d8b-42ff-acbd-ef1d0a53dacb</sln:wojIIPId><sln:wojIIPPn>PL.PZGIK.200</sln:wojIIPPn><sln:wojIIPWersja>2012-09-27T13:45:13+02:00</sln:wojIIPWersja><sln:wojIdTeryt>28</sln:wojIdTeryt><sln:wojNazwa>warmińsko-mazurskie</sln:wojNazwa></sln:miejscowosc><sln:miejscowosc><sln:cyklZyciaOd>2017-04-07T00:00:00+02:00</sln:cyklZyciaOd><sln:gmIIPId>6f095b74-c90f-4160-8064-86c0be502769</sln:gmIIPId><sln:gmIIPPn>PL.PZGIK.200</sln:gmIIPPn><sln:gmIIPWersja>2012-09-26T22:20:34+02:00</sln:gmIIPWersja><sln:gmIdTeryt>2804042</sln:gmIdTeryt><sln:gmNazwa>Markusy</sln:gmNazwa><sln:miejscIIPId>b85f0fbd-b70b-4942-8520-14416d16eec8</sln:miejscIIPId><sln:miejscIIPPn>PL.PZGIK.200</sln:miejscIIPPn><sln:miejscIIPWersja>2017-04-07T10:08:12+02:00</sln:miejscIIPWersja><sln:miejscIdTeryt>0152193</sln:miejscIdTeryt><sln:miejscNazwa>Rachowo</sln:miejscNazwa><sln:miejscRodzaj>Wieś</sln:miejscRodzaj><sln:powIIPId>61a0d267-58aa-4f3a-86e7-faa281e50ebc</sln:powIIPId><sln:powIIPPn>PL.PZGIK.200</sln:powIIPPn><sln:powIIPWersja>2012-09-27T10:00:59+02:00</sln:powIIPWersja><sln:powIdTeryt>2804</sln:powIdTeryt><sln:powNazwa>elbląski</sln:powNazwa><sln:waznyOd>2013-10-15T00:00:00+02:00</sln:waznyOd><sln:wojIIPId>45e7cfc6-6d8b-42ff-acbd-ef1d0a53dacb</sln:wojIIPId><sln:wojIIPPn>PL.PZGIK.200</sln:wojIIPPn><sln:wojIIPWersja>2012-09-27T13:45:13+02:00</sln:wojIIPWersja><sln:wojIdTeryt>28</sln:wojIdTeryt><sln:wojNazwa>warmińsko-mazurskie</sln:wojNazwa></sln:miejscowosc><sln:miejscowosc><sln:cyklZyciaOd>2017-04-07T00:00:00+02:00</sln:cyklZyciaOd><sln:gmIIPId>6f095b74-c90f-4160-8064-86c0be502769</sln:gmIIPId><sln:gmIIPPn>PL.PZGIK.200</sln:gmIIPPn><sln:gmIIPWersja>2012-09-26T22:20:34+02:00</sln:gmIIPWersja><sln:gmIdTeryt>2804042</sln:gmIdTeryt><sln:gmNazwa>Markusy</sln:gmNazwa><sln:miejscIIPId>f9f43f01-f9ee-438c-a52a-f69ca0fa6dd8</sln:miejscIIPId><sln:miejscIIPPn>PL.PZGIK.200</sln:miejscIIPPn><sln:miejscIIPWersja>2017-04-07T10:08:12+02:00</sln:miejscIIPWersja><sln:miejscIdTeryt>0152201</sln:miejscIdTeryt><sln:miejscNazwa>Stalewo</sln:miejscNazwa><sln:miejscRodzaj>Wieś</sln:miejscRodzaj><sln:powIIPId>61a0d267-58aa-4f3a-86e7-faa281e50ebc</sln:powIIPId><sln:powIIPPn>PL.PZGIK.200</sln:powIIPPn><sln:powIIPWersja>2012-09-27T10:00:59+02:00</sln:powIIPWersja><sln:powIdTeryt>2804</sln:powIdTeryt><sln:powNazwa>elbląski</sln:powNazwa><sln:waznyOd>2013-10-15T00:00:00+02:00</sln:waznyOd><sln:wojIIPId>45e7cfc6-6d8b-42ff-acbd-ef1d0a53dacb</sln:wojIIPId><sln:wojIIPPn>PL.PZGIK.200</sln:wojIIPPn><sln:wojIIPWersja>2012-09-27T13:45:13+02:00</sln:wojIIPWersja><sln:wojIdTeryt>28</sln:wojIdTeryt><sln:wojNazwa>warmińsko-mazurskie</sln:wojNazwa></sln:miejscowosc><sln:miejscowosc><sln:cyklZyciaOd>2017-04-07T00:00:00+02:00</sln:cyklZyciaOd><sln:gmIIPId>6f095b74-c90f-4160-8064-86c0be502769</sln:gmIIPId><sln:gmIIPPn>PL.PZGIK.200</sln:gmIIPPn><sln:gmIIPWersja>2012-09-26T22:20:34+02:00</sln:gmIIPWersja><sln:gmIdTeryt>2804042</sln:gmIdTeryt><sln:gmNazwa>Markusy</sln:gmNazwa><sln:miejscIIPId>e3567405-3894-4891-bc4f-769132971324</sln:miejscIIPId><sln:miejscIIPPn>PL.PZGIK.200</sln:miejscIIPPn><sln:miejscIIPWersja>2017-04-07T10:08:12+02:00</sln:miejscIIPWersja><sln:miejscIdTeryt>0152218</sln:miejscIdTeryt><sln:miejscNazwa>Stankowo</sln:miejscNazwa><sln:miejscRodzaj>Wieś</sln:miejscRodzaj><sln:powIIPId>61a0d267-58aa-4f3a-86e7-faa281e50ebc</sln:powIIPId><sln:powIIPPn>PL.PZGIK.200</sln:powIIPPn><sln:powIIPWersja>2012-09-27T10:00:59+02:00</sln:powIIPWersja><sln:powIdTeryt>2804</sln:powIdTeryt><sln:powNazwa>elbląski</sln:powNazwa><sln:waznyOd>2013-10-15T00:00:00+02:00</sln:waznyOd><sln:wojIIPId>45e7cfc6-6d8b-42ff-acbd-ef1d0a53dacb</sln:wojIIPId><sln:wojIIPPn>PL.PZGIK.200</sln:wojIIPPn><sln:wojIIPWersja>2012-09-27T13:45:13+02:00</sln:wojIIPWersja><sln:wojIdTeryt>28</sln:wojIdTeryt><sln:wojNazwa>warmińsko-mazurskie</sln:wojNazwa></sln:miejscowosc><sln:miejscowosc><sln:cyklZyciaOd>2017-04-07T00:00:00+02:00</sln:cyklZyciaOd><sln:gmIIPId>6f095b74-c90f-4160-8064-86c0be502769</sln:gmIIPId><sln:gmIIPPn>PL.PZGIK.200</sln:gmIIPPn><sln:gmIIPWersja>2012-09-26T22:20:34+02:00</sln:gmIIPWersja><sln:gmIdTeryt>2804042</sln:gmIdTeryt><sln:gmNazwa>Markusy</sln:gmNazwa><sln:miejscIIPId>f8486585-53b2-4676-bfca-f30d4b5f6f46</sln:miejscIIPId><sln:miejscIIPPn>PL.PZGIK.200</sln:miejscIIPPn><sln:miejscIIPWersja>2017-04-07T10:08:12+02:00</sln:miejscIIPWersja><sln:miejscIdTeryt>0152224</sln:miejscIdTeryt><sln:miejscNazwa>Stare Dolno</sln:miejscNazwa><sln:miejscRodzaj>Wieś</sln:miejscRodzaj><sln:powIIPId>61a0d267-58aa-4f3a-86e7-faa281e50ebc</sln:powIIPId><sln:powIIPPn>PL.PZGIK.200</sln:powIIPPn><sln:powIIPWersja>2012-09-27T10:00:59+02:00</sln:powIIPWersja><sln:powIdTeryt>2804</sln:powIdTeryt><sln:powNazwa>elbląski</sln:powNazwa><sln:waznyOd>2013-10-15T00:00:00+02:00</sln:waznyOd><sln:wojIIPId>45e7cfc6-6d8b-42ff-acbd-ef1d0a53dacb</sln:wojIIPId><sln:wojIIPPn>PL.PZGIK.200</sln:wojIIPPn><sln:wojIIPWersja>2012-09-27T13:45:13+02:00</sln:wojIIPWersja><sln:wojIdTeryt>28</sln:wojIdTeryt><sln:wojNazwa>warmińsko-mazurskie</sln:wojNazwa></sln:miejscowosc><sln:miejscowosc><sln:cyklZyciaOd>2017-04-07T00:00:00+02:00</sln:cyklZyciaOd><sln:gmIIPId>6f095b74-c90f-4160-8064-86c0be502769</sln:gmIIPId><sln:gmIIPPn>PL.PZGIK.200</sln:gmIIPPn><sln:gmIIPWersja>2012-09-26T22:20:34+02:00</sln:gmIIPWersja><sln:gmIdTeryt>2804042</sln:gmIdTeryt><sln:gmNazwa>Markusy</sln:gmNazwa><sln:miejscIIPId>b136fb6a-cef7-4db6-8228-c91a31450392</sln:miejscIIPId><sln:miejscIIPPn>PL.PZGIK.200</sln:miejscIIPPn><sln:miejscIIPWersja>2017-04-07T10:08:12+02:00</sln:miejscIIPWersja><sln:miejscIdTeryt>0152230</sln:miejscIdTeryt><sln:miejscNazwa>Topolno Małe</sln:miejscNazwa><sln:miejscRodzaj>Wieś</sln:miejscRodzaj><sln:powIIPId>61a0d267-58aa-4f3a-86e7-faa281e50ebc</sln:powIIPId><sln:powIIPPn>PL.PZGIK.200</sln:powIIPPn><sln:powIIPWersja>2012-09-27T10:00:59+02:00</sln:powIIPWersja><sln:powIdTeryt>2804</sln:powIdTeryt><sln:powNazwa>elbląski</sln:powNazwa><sln:waznyOd>2013-10-15T00:00:00+02:00</sln:waznyOd><sln:wojIIPId>45e7cfc6-6d8b-42ff-acbd-ef1d0a53dacb</sln:wojIIPId><sln:wojIIPPn>PL.PZGIK.200</sln:wojIIPPn><sln:wojIIPWersja>2012-09-27T13:45:13+02:00</sln:wojIIPWersja><sln:wojIdTeryt>28</sln:wojIdTeryt><sln:wojNazwa>warmińsko-mazurskie</sln:wojNazwa></sln:miejscowosc><sln:miejscowosc><sln:cyklZyciaOd>2017-04-07T00:00:00+02:00</sln:cyklZyciaOd><sln:gmIIPId>6f095b74-c90f-4160-8064-86c0be502769</sln:gmIIPId><sln:gmIIPPn>PL.PZGIK.200</sln:gmIIPPn><sln:gmIIPWersja>2012-09-26T22:20:34+02:00</sln:gmIIPWersja><sln:gmIdTeryt>2804042</sln:gmIdTeryt><sln:gmNazwa>Markusy</sln:gmNazwa><sln:miejscIIPId>1f7f514c-0e64-4a6f-ab17-4901124875eb</sln:miejscIIPId><sln:miejscIIPPn>PL.PZGIK.200</sln:miejscIIPPn><sln:miejscIIPWersja>2017-04-07T10:08:13+02:00</sln:miejscIIPWersja><sln:miejscIdTeryt>0152247</sln:miejscIdTeryt><sln:miejscNazwa>Węgle Żukowo</sln:miejscNazwa><sln:miejscRodzaj>Wieś</sln:miejscRodzaj><sln:powIIPId>61a0d267-58aa-4f3a-86e7-faa281e50ebc</sln:powIIPId><sln:powIIPPn>PL.PZGIK.200</sln:powIIPPn><sln:powIIPWersja>2012-09-27T10:00:59+02:00</sln:powIIPWersja><sln:powIdTeryt>2804</sln:powIdTeryt><sln:powNazwa>elbląski</sln:powNazwa><sln:waznyOd>2013-10-24T00:00:00+02:00</sln:waznyOd><sln:wojIIPId>45e7cfc6-6d8b-42ff-acbd-ef1d0a53dacb</sln:wojIIPId><sln:wojIIPPn>PL.PZGIK.200</sln:wojIIPPn><sln:wojIIPWersja>2012-09-27T13:45:13+02:00</sln:wojIIPWersja><sln:wojIdTeryt>28</sln:wojIdTeryt><sln:wojNazwa>warmińsko-mazurskie</sln:wojNazwa></sln:miejscowosc><sln:miejscowosc><sln:cyklZyciaOd>2017-04-07T00:00:00+02:00</sln:cyklZyciaOd><sln:gmIIPId>6f095b74-c90f-4160-8064-86c0be502769</sln:gmIIPId><sln:gmIIPPn>PL.PZGIK.200</sln:gmIIPPn><sln:gmIIPWersja>2012-09-26T22:20:34+02:00</sln:gmIIPWersja><sln:gmIdTeryt>2804042</sln:gmIdTeryt><sln:gmNazwa>Markusy</sln:gmNazwa><sln:miejscIIPId>91914c71-203c-4c1e-a58a-9bc19041375f</sln:miejscIIPId><sln:miejscIIPPn>PL.PZGIK.200</sln:miejscIIPPn><sln:miejscIIPWersja>2017-04-07T10:08:13+02:00</sln:miejscIIPWersja><sln:miejscIdTeryt>0152253</sln:miejscIdTeryt><sln:miejscNazwa>Wiśniewo</sln:miejscNazwa><sln:miejscRodzaj>Wieś</sln:miejscRodzaj><sln:powIIPId>61a0d267-58aa-4f3a-86e7-faa281e50ebc</sln:powIIPId><sln:powIIPPn>PL.PZGIK.200</sln:powIIPPn><sln:powIIPWersja>2012-09-27T10:00:59+02:00</sln:powIIPWersja><sln:powIdTeryt>2804</sln:powIdTeryt><sln:powNazwa>elbląski</sln:powNazwa><sln:waznyOd>2013-10-15T00:00:00+02:00</sln:waznyOd><sln:wojIIPId>45e7cfc6-6d8b-42ff-acbd-ef1d0a53dacb</sln:wojIIPId><sln:wojIIPPn>PL.PZGIK.200</sln:wojIIPPn><sln:wojIIPWersja>2012-09-27T13:45:13+02:00</sln:wojIIPWersja><sln:wojIdTeryt>28</sln:wojIdTeryt><sln:wojNazwa>warmińsko-mazurskie</sln:wojNazwa></sln:miejscowosc><sln:miejscowosc><sln:cyklZyciaOd>2017-04-07T00:00:00+02:00</sln:cyklZyciaOd><sln:gmIIPId>6f095b74-c90f-4160-8064-86c0be502769</sln:gmIIPId><sln:gmIIPPn>PL.PZGIK.200</sln:gmIIPPn><sln:gmIIPWersja>2012-09-26T22:20:34+02:00</sln:gmIIPWersja><sln:gmIdTeryt>2804042</sln:gmIdTeryt><sln:gmNazwa>Markusy</sln:gmNazwa><sln:miejscIIPId>46a128ae-0789-44c4-82c7-dc07890997df</sln:miejscIIPId><sln:miejscIIPPn>PL.PZGIK.200</sln:miejscIIPPn><sln:miejscIIPWersja>2017-04-07T10:08:13+02:00</sln:miejscIIPWersja><sln:miejscIdTeryt>0152260</sln:miejscIdTeryt><sln:miejscNazwa>Złotnica</sln:miejscNazwa><sln:miejscRodzaj>Wieś</sln:miejscRodzaj><sln:powIIPId>61a0d267-58aa-4f3a-86e7-faa281e50ebc</sln:powIIPId><sln:powIIPPn>PL.PZGIK.200</sln:powIIPPn><sln:powIIPWersja>2012-09-27T10:00:59+02:00</sln:powIIPWersja><sln:powIdTeryt>2804</sln:powIdTeryt><sln:powNazwa>elbląski</sln:powNazwa><sln:waznyOd>2013-10-15T00:00:00+02:00</sln:waznyOd><sln:wojIIPId>45e7cfc6-6d8b-42ff-acbd-ef1d0a53dacb</sln:wojIIPId><sln:wojIIPPn>PL.PZGIK.200</sln:wojIIPPn><sln:wojIIPWersja>2012-09-27T13:45:13+02:00</sln:wojIIPWersja><sln:wojIdTeryt>28</sln:wojIdTeryt><sln:wojNazwa>warmińsko-mazurskie</sln:wojNazwa></sln:miejscowosc><sln:miejscowosc><sln:cyklZyciaOd>2017-04-07T00:00:00+02:00</sln:cyklZyciaOd><sln:gmIIPId>6f095b74-c90f-4160-8064-86c0be502769</sln:gmIIPId><sln:gmIIPPn>PL.PZGIK.200</sln:gmIIPPn><sln:gmIIPWersja>2012-09-26T22:20:34+02:00</sln:gmIIPWersja><sln:gmIdTeryt>2804042</sln:gmIdTeryt><sln:gmNazwa>Markusy</sln:gmNazwa><sln:miejscIIPId>a2da4290-aade-4ce2-ade9-6b9ae1e3c000</sln:miejscIIPId><sln:miejscIIPPn>PL.PZGIK.200</sln:miejscIIPPn><sln:miejscIIPWersja>2017-04-07T10:08:13+02:00</sln:miejscIIPWersja><sln:miejscIdTeryt>0152276</sln:miejscIdTeryt><sln:miejscNazwa>Zwierzeńskie Pole</sln:miejscNazwa><sln:miejscRodzaj>Wieś</sln:miejscRodzaj><sln:powIIPId>61a0d267-58aa-4f3a-86e7-faa281e50ebc</sln:powIIPId><sln:powIIPPn>PL.PZGIK.200</sln:powIIPPn><sln:powIIPWersja>2012-09-27T10:00:59+02:00</sln:powIIPWersja><sln:powIdTeryt>2804</sln:powIdTeryt><sln:powNazwa>elbląski</sln:powNazwa><sln:waznyOd>2013-10-15T00:00:00+02:00</sln:waznyOd><sln:wojIIPId>45e7cfc6-6d8b-42ff-acbd-ef1d0a53dacb</sln:wojIIPId><sln:wojIIPPn>PL.PZGIK.200</sln:wojIIPPn><sln:wojIIPWersja>2012-09-27T13:45:13+02:00</sln:wojIIPWersja><sln:wojIdTeryt>28</sln:wojIdTeryt><sln:wojNazwa>warmińsko-mazurskie</sln:wojNazwa></sln:miejscowosc><sln:miejscowosc><sln:cyklZyciaOd>2017-04-07T00:00:00+02:00</sln:cyklZyciaOd><sln:gmIIPId>6f095b74-c90f-4160-8064-86c0be502769</sln:gmIIPId><sln:gmIIPPn>PL.PZGIK.200</sln:gmIIPPn><sln:gmIIPWersja>2012-09-26T22:20:34+02:00</sln:gmIIPWersja><sln:gmIdTeryt>2804042</sln:gmIdTeryt><sln:gmNazwa>Markusy</sln:gmNazwa><sln:miejscIIPId>f5e222d7-b592-4ad2-8796-9d86579d108b</sln:miejscIIPId><sln:miejscIIPPn>PL.PZGIK.200</sln:miejscIIPPn><sln:miejscIIPWersja>2017-04-07T10:08:13+02:00</sln:miejscIIPWersja><sln:miejscIdTeryt>0152282</sln:miejscIdTeryt><sln:miejscNazwa>Zwierzno</sln:miejscNazwa><sln:miejscRodzaj>Wieś</sln:miejscRodzaj><sln:powIIPId>61a0d267-58aa-4f3a-86e7-faa281e50ebc</sln:powIIPId><sln:powIIPPn>PL.PZGIK.200</sln:powIIPPn><sln:powIIPWersja>2012-09-27T10:00:59+02:00</sln:powIIPWersja><sln:powIdTeryt>2804</sln:powIdTeryt><sln:powNazwa>elbląski</sln:powNazwa><sln:waznyOd>2013-10-24T00:00:00+02:00</sln:waznyOd><sln:wojIIPId>45e7cfc6-6d8b-42ff-acbd-ef1d0a53dacb</sln:wojIIPId><sln:wojIIPPn>PL.PZGIK.200</sln:wojIIPPn><sln:wojIIPWersja>2012-09-27T13:45:13+02:00</sln:wojIIPWersja><sln:wojIdTeryt>28</sln:wojIdTeryt><sln:wojNazwa>warmińsko-mazurskie</sln:wojNazwa></sln:miejscowosc><sln:miejscowosc><sln:cyklZyciaOd>2017-04-07T00:00:00+02:00</sln:cyklZyciaOd><sln:gmIIPId>6f095b74-c90f-4160-8064-86c0be502769</sln:gmIIPId><sln:gmIIPPn>PL.PZGIK.200</sln:gmIIPPn><sln:gmIIPWersja>2012-09-26T22:20:34+02:00</sln:gmIIPWersja><sln:gmIdTeryt>2804042</sln:gmIdTeryt><sln:gmNazwa>Markusy</sln:gmNazwa><sln:miejscIIPId>c4b656c1-b75b-4b85-9ec9-5477c3458850</sln:miejscIIPId><sln:miejscIIPPn>PL.PZGIK.200</sln:miejscIIPPn><sln:miejscIIPWersja>2017-04-07T10:08:13+02:00</sln:miejscIIPWersja><sln:miejscIdTeryt>0152299</sln:miejscIdTeryt><sln:miejscNazwa>Żółwiniec</sln:miejscNazwa><sln:miejscRodzaj>Wieś</sln:miejscRodzaj><sln:powIIPId>61a0d267-58aa-4f3a-86e7-faa281e50ebc</sln:powIIPId><sln:powIIPPn>PL.PZGIK.200</sln:powIIPPn><sln:powIIPWersja>2012-09-27T10:00:59+02:00</sln:powIIPWersja><sln:powIdTeryt>2804</sln:powIdTeryt><sln:powNazwa>elbląski</sln:powNazwa><sln:waznyOd>2013-10-15T00:00:00+02:00</sln:waznyOd><sln:wojIIPId>45e7cfc6-6d8b-42ff-acbd-ef1d0a53dacb</sln:wojIIPId><sln:wojIIPPn>PL.PZGIK.200</sln:wojIIPPn><sln:wojIIPWersja>2012-09-27T13:45:13+02:00</sln:wojIIPWersja><sln:wojIdTeryt>28</sln:wojIdTeryt><sln:wojNazwa>warmińsko-mazurskie</sln:wojNazwa></sln:miejscowosc><sln:miejscowosc><sln:cyklZyciaOd>2017-04-07T00:00:00+02:00</sln:cyklZyciaOd><sln:gmIIPId>6f095b74-c90f-4160-8064-86c0be502769</sln:gmIIPId><sln:gmIIPPn>PL.PZGIK.200</sln:gmIIPPn><sln:gmIIPWersja>2012-09-26T22:20:34+02:00</sln:gmIIPWersja><sln:gmIdTeryt>2804042</sln:gmIdTeryt><sln:gmNazwa>Markusy</sln:gmNazwa><sln:miejscIIPId>929a6991-9870-487c-989c-86f98723622b</sln:miejscIIPId><sln:miejscIIPPn>PL.PZGIK.200</sln:miejscIIPPn><sln:miejscIIPWersja>2017-04-07T10:08:13+02:00</sln:miejscIIPWersja><sln:miejscIdTeryt>0152307</sln:miejscIdTeryt><sln:miejscNazwa>Żurawiec</sln:miejscNazwa><sln:miejscRodzaj>Wieś</sln:miejscRodzaj><sln:powIIPId>61a0d267-58aa-4f3a-86e7-faa281e50ebc</sln:powIIPId><sln:powIIPPn>PL.PZGIK.200</sln:powIIPPn><sln:powIIPWersja>2012-09-27T10:00:59+02:00</sln:powIIPWersja><sln:powIdTeryt>2804</sln:powIdTeryt><sln:powNazwa>elbląski</sln:powNazwa><sln:waznyOd>2013-10-15T00:00:00+02:00</sln:waznyOd><sln:wojIIPId>45e7cfc6-6d8b-42ff-acbd-ef1d0a53dacb</sln:wojIIPId><sln:wojIIPPn>PL.PZGIK.200</sln:wojIIPPn><sln:wojIIPWersja>2012-09-27T13:45:13+02:00</sln:wojIIPWersja><sln:wojIdTeryt>28</sln:wojIdTeryt><sln:wojNazwa>warmińsko-mazurskie</sln:wojNazwa></sln:miejscowosc></sln:lista-miejscowosci>