<?xml version="1.0" encoding="UTF-8" standalone="yes"?><sln:lista-miejscowosci xmlns:srv="http://gugik.gov.pl/schemas/slowniki-service/1.0" xmlns:sln="http://gugik.gov.pl/schemas/slowniki-schema/1.0"><sln:miejscowosc><sln:cyklZyciaOd>2014-12-06T00:00:00+01:00</sln:cyklZyciaOd><sln:gmIIPId>37cfb9df-2b35-4fc9-8858-f7bbce4284ec</sln:gmIIPId><sln:gmIIPPn>PL.PZGIK.200</sln:gmIIPPn><sln:gmIIPWersja>2012-09-26T22:21:42+02:00</sln:gmIIPWersja><sln:gmIdTeryt>2815011</sln:gmIdTeryt><sln:gmNazwa>Ostróda</sln:gmNazwa><sln:miejscIIPId>7bd8dec8-00b8-4ad5-9a31-1563822a27e5</sln:miejscIIPId><sln:miejscIIPPn>PL.PZGIK.200</sln:miejscIIPPn><sln:miejscIIPWersja>2016-11-24T13:59:09+02:00</sln:miejscIIPWersja><sln:miejscIdTeryt>0964933</sln:miejscIdTeryt><sln:miejscNazwa>Cierzpięty</sln:miejscNazwa><sln:miejscRodzaj>Inny obiekt</sln:miejscRodzaj><sln:powIIPId>b6c43f52-16e0-4cc8-a429-a1b22a1ad23e</sln:powIIPId><sln:powIIPPn>PL.PZGIK.200</sln:powIIPPn><sln:powIIPWersja>2012-09-27T10:00:59+02:00</sln:powIIPWersja><sln:powIdTeryt>2815</sln:powIdTeryt><sln:powNazwa>ostródzki</sln:powNazwa><sln:wojIIPId>45e7cfc6-6d8b-42ff-acbd-ef1d0a53dacb</sln:wojIIPId><sln:wojIIPPn>PL.PZGIK.200</sln:wojIIPPn><sln:wojIIPWersja>2012-09-27T13:45:13+02:00</sln:wojIIPWersja><sln:wojIdTeryt>28</sln:wojIdTeryt><sln:wojNazwa>warmińsko-mazurskie</sln:wojNazwa></sln:miejscowosc><sln:miejscowosc><sln:cyklZyciaOd>2014-12-06T00:00:00+01:00</sln:cyklZyciaOd><sln:gmIIPId>37cfb9df-2b35-4fc9-8858-f7bbce4284ec</sln:gmIIPId><sln:gmIIPPn>PL.PZGIK.200</sln:gmIIPPn><sln:gmIIPWersja>2012-09-26T22:21:42+02:00</sln:gmIIPWersja><sln:gmIdTeryt>2815011</sln:gmIdTeryt><sln:gmNazwa>Ostróda</sln:gmNazwa><sln:miejscIIPId>957b21e5-10dd-4317-8313-78af0d7ecc87</sln:miejscIIPId><sln:miejscIIPPn>PL.PZGIK.200</sln:miejscIIPPn><sln:miejscIIPWersja>2016-11-24T13:59:09+02:00</sln:miejscIIPWersja><sln:miejscIdTeryt>0964962</sln:miejscIdTeryt><sln:miejscNazwa>Zajezierze</sln:miejscNazwa><sln:miejscRodzaj>Inny obiekt</sln:miejscRodzaj><sln:powIIPId>b6c43f52-16e0-4cc8-a429-a1b22a1ad23e</sln:powIIPId><sln:powIIPPn>PL.PZGIK.200</sln:powIIPPn><sln:powIIPWersja>2012-09-27T10:00:59+02:00</sln:powIIPWersja><sln:powIdTeryt>2815</sln:powIdTeryt><sln:powNazwa>ostródzki</sln:powNazwa><sln:wojIIPId>45e7cfc6-6d8b-42ff-acbd-ef1d0a53dacb</sln:wojIIPId><sln:wojIIPPn>PL.PZGIK.200</sln:wojIIPPn><sln:wojIIPWersja>2012-09-27T13:45:13+02:00</sln:wojIIPWersja><sln:wojIdTeryt>28</sln:wojIdTeryt><sln:wojNazwa>warmińsko-mazurskie</sln:wojNazwa></sln:miejscowosc><sln:miejscowosc><sln:cyklZyciaOd>2014-12-06T00:00:00+01:00</sln:cyklZyciaOd><sln:gmIIPId>37cfb9df-2b35-4fc9-8858-f7bbce4284ec</sln:gmIIPId><sln:gmIIPPn>PL.PZGIK.200</sln:gmIIPPn><sln:gmIIPWersja>2012-09-26T22:21:42+02:00</sln:gmIIPWersja><sln:gmIdTeryt>2815011</sln:gmIdTeryt><sln:gmNazwa>Ostróda</sln:gmNazwa><sln:miejscIIPId>bef394e6-6f2d-48f2-b0dc-ebd085dbd980</sln:miejscIIPId><sln:miejscIIPPn>PL.PZGIK.200</sln:miejscIIPPn><sln:miejscIIPWersja>2016-11-24T13:44:14+02:00</sln:miejscIIPWersja><sln:miejscIdTeryt>0964927</sln:miejscIdTeryt><sln:miejscNazwa>Ostróda</sln:miejscNazwa><sln:miejscRodzaj>Miasto</sln:miejscRodzaj><sln:powIIPId>b6c43f52-16e0-4cc8-a429-a1b22a1ad23e</sln:powIIPId><sln:powIIPPn>PL.PZGIK.200</sln:powIIPPn><sln:powIIPWersja>2012-09-27T10:00:59+02:00</sln:powIIPWersja><sln:powIdTeryt>2815</sln:powIdTeryt><sln:powNazwa>ostródzki</sln:powNazwa><sln:wojIIPId>45e7cfc6-6d8b-42ff-acbd-ef1d0a53dacb</sln:wojIIPId><sln:wojIIPPn>PL.PZGIK.200</sln:wojIIPPn><sln:wojIIPWersja>2012-09-27T13:45:13+02:00</sln:wojIIPWersja><sln:wojIdTeryt>28</sln:wojIdTeryt><sln:wojNazwa>warmińsko-mazurskie</sln:wojNazwa></sln:miejscowosc><sln:miejscowosc><sln:cyklZyciaOd>2014-12-06T00:00:00+01:00</sln:cyklZyciaOd><sln:gmIIPId>37cfb9df-2b35-4fc9-8858-f7bbce4284ec</sln:gmIIPId><sln:gmIIPPn>PL.PZGIK.200</sln:gmIIPPn><sln:gmIIPWersja>2012-09-26T22:21:42+02:00</sln:gmIIPWersja><sln:gmIdTeryt>2815011</sln:gmIdTeryt><sln:gmNazwa>Ostróda</sln:gmNazwa><sln:miejscIIPId>745b7902-45ae-4727-8508-afe399bc496f</sln:miejscIIPId><sln:miejscIIPPn>PL.PZGIK.200</sln:miejscIIPPn><sln:miejscIIPWersja>2016-11-24T13:59:09+02:00</sln:miejscIIPWersja><sln:miejscIdTeryt>0964940</sln:miejscIdTeryt><sln:miejscNazwa>Fiugajny</sln:miejscNazwa><sln:miejscRodzaj>Inny obiekt</sln:miejscRodzaj><sln:powIIPId>b6c43f52-16e0-4cc8-a429-a1b22a1ad23e</sln:powIIPId><sln:powIIPPn>PL.PZGIK.200</sln:powIIPPn><sln:powIIPWersja>2012-09-27T10:00:59+02:00</sln:powIIPWersja><sln:powIdTeryt>2815</sln:powIdTeryt><sln:powNazwa>ostródzki</sln:powNazwa><sln:wojIIPId>45e7cfc6-6d8b-42ff-acbd-ef1d0a53dacb</sln:wojIIPId><sln:wojIIPPn>PL.PZGIK.200</sln:wojIIPPn><sln:wojIIPWersja>2012-09-27T13:45:13+02:00</sln:wojIIPWersja><sln:wojIdTeryt>28</sln:wojIdTeryt><sln:wojNazwa>warmińsko-mazurskie</sln:wojNazwa></sln:miejscowosc><sln:miejscowosc><sln:cyklZyciaOd>2014-12-06T00:00:00+01:00</sln:cyklZyciaOd><sln:gmIIPId>37cfb9df-2b35-4fc9-8858-f7bbce4284ec</sln:gmIIPId><sln:gmIIPPn>PL.PZGIK.200</sln:gmIIPPn><sln:gmIIPWersja>2012-09-26T22:21:42+02:00</sln:gmIIPWersja><sln:gmIdTeryt>2815011</sln:gmIdTeryt><sln:gmNazwa>Ostróda</sln:gmNazwa><sln:miejscIIPId>c9bbb0f7-d788-4401-973e-ad2bb96257dd</sln:miejscIIPId><sln:miejscIIPPn>PL.PZGIK.200</sln:miejscIIPPn><sln:miejscIIPWersja>2016-11-24T13:59:09+02:00</sln:miejscIIPWersja><sln:miejscIdTeryt>0964956</sln:miejscIdTeryt><sln:miejscNazwa>Ostrów</sln:miejscNazwa><sln:miejscRodzaj>Inny obiekt</sln:miejscRodzaj><sln:powIIPId>b6c43f52-16e0-4cc8-a429-a1b22a1ad23e</sln:powIIPId><sln:powIIPPn>PL.PZGIK.200</sln:powIIPPn><sln:powIIPWersja>2012-09-27T10:00:59+02:00</sln:powIIPWersja><sln:powIdTeryt>2815</sln:powIdTeryt><sln:powNazwa>ostródzki</sln:powNazwa><sln:wojIIPId>45e7cfc6-6d8b-42ff-acbd-ef1d0a53dacb</sln:wojIIPId><sln:wojIIPPn>PL.PZGIK.200</sln:wojIIPPn><sln:wojIIPWersja>2012-09-27T13:45:13+02:00</sln:wojIIPWersja><sln:wojIdTeryt>28</sln:wojIdTeryt><sln:wojNazwa>warmińsko-mazurskie</sln:wojNazwa></sln:miejscowosc></sln:lista-miejscowosci>