<?xml version="1.0" encoding="UTF-8" standalone="yes"?><sln:lista-miejscowosci xmlns:srv="http://gugik.gov.pl/schemas/slowniki-service/1.0" xmlns:sln="http://gugik.gov.pl/schemas/slowniki-schema/1.0"><sln:miejscowosc><sln:cyklZyciaOd>2016-03-15T00:00:00+01:00</sln:cyklZyciaOd><sln:gmIIPId>fb39d8de-59c1-4c44-aaac-a083fefaed9d</sln:gmIIPId><sln:gmIIPPn>PL.PZGIK.200</sln:gmIIPPn><sln:gmIIPWersja>2012-09-26T22:22:14+02:00</sln:gmIIPWersja><sln:gmIdTeryt>2802022</sln:gmIdTeryt><sln:gmNazwa>Braniewo</sln:gmNazwa><sln:miejscIIPId>7f1fa4e5-496b-4ba2-867e-d9d21b6c2943</sln:miejscIIPId><sln:miejscIIPPn>PL.PZGIK.200</sln:miejscIIPPn><sln:miejscIIPWersja>2016-11-24T09:19:53+02:00</sln:miejscIIPWersja><sln:miejscIdTeryt>0148620</sln:miejscIdTeryt><sln:miejscNazwa>Siedlisko</sln:miejscNazwa><sln:miejscRodzaj>Kolonia</sln:miejscRodzaj><sln:powIIPId>c30a8930-5d33-4129-9d64-f227367db167</sln:powIIPId><sln:powIIPPn>PL.PZGIK.200</sln:powIIPPn><sln:powIIPWersja>2012-09-27T10:00:59+02:00</sln:powIIPWersja><sln:powIdTeryt>2802</sln:powIdTeryt><sln:powNazwa>braniewski</sln:powNazwa><sln:waznyOd>2016-01-15T00:00:00+01:00</sln:waznyOd><sln:wojIIPId>45e7cfc6-6d8b-42ff-acbd-ef1d0a53dacb</sln:wojIIPId><sln:wojIIPPn>PL.PZGIK.200</sln:wojIIPPn><sln:wojIIPWersja>2012-09-27T13:45:13+02:00</sln:wojIIPWersja><sln:wojIdTeryt>28</sln:wojIdTeryt><sln:wojNazwa>warmińsko-mazurskie</sln:wojNazwa></sln:miejscowosc><sln:miejscowosc><sln:cyklZyciaOd>2016-03-15T00:00:00+01:00</sln:cyklZyciaOd><sln:gmIIPId>fb39d8de-59c1-4c44-aaac-a083fefaed9d</sln:gmIIPId><sln:gmIIPPn>PL.PZGIK.200</sln:gmIIPPn><sln:gmIIPWersja>2012-09-26T22:22:14+02:00</sln:gmIIPWersja><sln:gmIdTeryt>2802022</sln:gmIdTeryt><sln:gmNazwa>Braniewo</sln:gmNazwa><sln:miejscIIPId>100b3867-50c4-448c-b089-23b80ea86db7</sln:miejscIIPId><sln:miejscIIPPn>PL.PZGIK.200</sln:miejscIIPPn><sln:miejscIIPWersja>2016-11-24T09:19:53+02:00</sln:miejscIIPWersja><sln:miejscIdTeryt>0148665</sln:miejscIdTeryt><sln:miejscNazwa>Stara Pasłęka</sln:miejscNazwa><sln:miejscRodzaj>Wieś</sln:miejscRodzaj><sln:powIIPId>c30a8930-5d33-4129-9d64-f227367db167</sln:powIIPId><sln:powIIPPn>PL.PZGIK.200</sln:powIIPPn><sln:powIIPWersja>2012-09-27T10:00:59+02:00</sln:powIIPWersja><sln:powIdTeryt>2802</sln:powIdTeryt><sln:powNazwa>braniewski</sln:powNazwa><sln:waznyOd>2016-01-15T00:00:00+01:00</sln:waznyOd><sln:wojIIPId>45e7cfc6-6d8b-42ff-acbd-ef1d0a53dacb</sln:wojIIPId><sln:wojIIPPn>PL.PZGIK.200</sln:wojIIPPn><sln:wojIIPWersja>2012-09-27T13:45:13+02:00</sln:wojIIPWersja><sln:wojIdTeryt>28</sln:wojIdTeryt><sln:wojNazwa>warmińsko-mazurskie</sln:wojNazwa></sln:miejscowosc><sln:miejscowosc><sln:cyklZyciaOd>2016-03-15T00:00:00+01:00</sln:cyklZyciaOd><sln:gmIIPId>fb39d8de-59c1-4c44-aaac-a083fefaed9d</sln:gmIIPId><sln:gmIIPPn>PL.PZGIK.200</sln:gmIIPPn><sln:gmIIPWersja>2012-09-26T22:22:14+02:00</sln:gmIIPWersja><sln:gmIdTeryt>2802022</sln:gmIdTeryt><sln:gmNazwa>Braniewo</sln:gmNazwa><sln:miejscIIPId>fd215884-cabe-4416-b9e9-0685cfa9420c</sln:miejscIIPId><sln:miejscIIPPn>PL.PZGIK.200</sln:miejscIIPPn><sln:miejscIIPWersja>2016-11-24T09:19:53+02:00</sln:miejscIIPWersja><sln:miejscIdTeryt>0148671</sln:miejscIdTeryt><sln:miejscNazwa>Stępień</sln:miejscNazwa><sln:miejscRodzaj>Wieś</sln:miejscRodzaj><sln:powIIPId>c30a8930-5d33-4129-9d64-f227367db167</sln:powIIPId><sln:powIIPPn>PL.PZGIK.200</sln:powIIPPn><sln:powIIPWersja>2012-09-27T10:00:59+02:00</sln:powIIPWersja><sln:powIdTeryt>2802</sln:powIdTeryt><sln:powNazwa>braniewski</sln:powNazwa><sln:waznyOd>2016-01-15T00:00:00+01:00</sln:waznyOd><sln:wojIIPId>45e7cfc6-6d8b-42ff-acbd-ef1d0a53dacb</sln:wojIIPId><sln:wojIIPPn>PL.PZGIK.200</sln:wojIIPPn><sln:wojIIPWersja>2012-09-27T13:45:13+02:00</sln:wojIIPWersja><sln:wojIdTeryt>28</sln:wojIdTeryt><sln:wojNazwa>warmińsko-mazurskie</sln:wojNazwa></sln:miejscowosc><sln:miejscowosc><sln:cyklZyciaOd>2016-03-15T00:00:00+01:00</sln:cyklZyciaOd><sln:gmIIPId>fb39d8de-59c1-4c44-aaac-a083fefaed9d</sln:gmIIPId><sln:gmIIPPn>PL.PZGIK.200</sln:gmIIPPn><sln:gmIIPWersja>2012-09-26T22:22:14+02:00</sln:gmIIPWersja><sln:gmIdTeryt>2802022</sln:gmIdTeryt><sln:gmNazwa>Braniewo</sln:gmNazwa><sln:miejscIIPId>89453704-384e-49fe-a5db-61083216fb97</sln:miejscIIPId><sln:miejscIIPPn>PL.PZGIK.200</sln:miejscIIPPn><sln:miejscIIPWersja>2016-11-24T09:19:53+02:00</sln:miejscIIPWersja><sln:miejscIdTeryt>0148719</sln:miejscIdTeryt><sln:miejscNazwa>Strubiny</sln:miejscNazwa><sln:miejscRodzaj>Osada</sln:miejscRodzaj><sln:powIIPId>c30a8930-5d33-4129-9d64-f227367db167</sln:powIIPId><sln:powIIPPn>PL.PZGIK.200</sln:powIIPPn><sln:powIIPWersja>2012-09-27T10:00:59+02:00</sln:powIIPWersja><sln:powIdTeryt>2802</sln:powIdTeryt><sln:powNazwa>braniewski</sln:powNazwa><sln:waznyOd>2016-01-15T00:00:00+01:00</sln:waznyOd><sln:wojIIPId>45e7cfc6-6d8b-42ff-acbd-ef1d0a53dacb</sln:wojIIPId><sln:wojIIPPn>PL.PZGIK.200</sln:wojIIPPn><sln:wojIIPWersja>2012-09-27T13:45:13+02:00</sln:wojIIPWersja><sln:wojIdTeryt>28</sln:wojIdTeryt><sln:wojNazwa>warmińsko-mazurskie</sln:wojNazwa></sln:miejscowosc><sln:miejscowosc><sln:cyklZyciaOd>2016-03-15T00:00:00+01:00</sln:cyklZyciaOd><sln:gmIIPId>fb39d8de-59c1-4c44-aaac-a083fefaed9d</sln:gmIIPId><sln:gmIIPPn>PL.PZGIK.200</sln:gmIIPPn><sln:gmIIPWersja>2012-09-26T22:22:14+02:00</sln:gmIIPWersja><sln:gmIdTeryt>2802022</sln:gmIdTeryt><sln:gmNazwa>Braniewo</sln:gmNazwa><sln:miejscIIPId>a9b13cb3-3000-4db1-983b-c6270849832a</sln:miejscIIPId><sln:miejscIIPPn>PL.PZGIK.200</sln:miejscIIPPn><sln:miejscIIPWersja>2016-11-24T09:19:53+02:00</sln:miejscIIPWersja><sln:miejscIdTeryt>0148725</sln:miejscIdTeryt><sln:miejscNazwa>Szyleny</sln:miejscNazwa><sln:miejscRodzaj>Wieś</sln:miejscRodzaj><sln:powIIPId>c30a8930-5d33-4129-9d64-f227367db167</sln:powIIPId><sln:powIIPPn>PL.PZGIK.200</sln:powIIPPn><sln:powIIPWersja>2012-09-27T10:00:59+02:00</sln:powIIPWersja><sln:powIdTeryt>2802</sln:powIdTeryt><sln:powNazwa>braniewski</sln:powNazwa><sln:waznyOd>2016-01-21T00:00:00+01:00</sln:waznyOd><sln:wojIIPId>45e7cfc6-6d8b-42ff-acbd-ef1d0a53dacb</sln:wojIIPId><sln:wojIIPPn>PL.PZGIK.200</sln:wojIIPPn><sln:wojIIPWersja>2012-09-27T13:45:13+02:00</sln:wojIIPWersja><sln:wojIdTeryt>28</sln:wojIdTeryt><sln:wojNazwa>warmińsko-mazurskie</sln:wojNazwa></sln:miejscowosc><sln:miejscowosc><sln:cyklZyciaOd>2016-03-15T00:00:00+01:00</sln:cyklZyciaOd><sln:gmIIPId>fb39d8de-59c1-4c44-aaac-a083fefaed9d</sln:gmIIPId><sln:gmIIPPn>PL.PZGIK.200</sln:gmIIPPn><sln:gmIIPWersja>2012-09-26T22:22:14+02:00</sln:gmIIPWersja><sln:gmIdTeryt>2802022</sln:gmIdTeryt><sln:gmNazwa>Braniewo</sln:gmNazwa><sln:miejscIIPId>f9fa61e0-76a9-43ff-a55a-c035d4100c9e</sln:miejscIIPId><sln:miejscIIPPn>PL.PZGIK.200</sln:miejscIIPPn><sln:miejscIIPWersja>2016-11-24T09:19:53+02:00</sln:miejscIIPWersja><sln:miejscIdTeryt>0148731</sln:miejscIdTeryt><sln:miejscNazwa>Szyleny-Kolonia</sln:miejscNazwa><sln:miejscRodzaj>Inny obiekt</sln:miejscRodzaj><sln:powIIPId>c30a8930-5d33-4129-9d64-f227367db167</sln:powIIPId><sln:powIIPPn>PL.PZGIK.200</sln:powIIPPn><sln:powIIPWersja>2012-09-27T10:00:59+02:00</sln:powIIPWersja><sln:powIdTeryt>2802</sln:powIdTeryt><sln:powNazwa>braniewski</sln:powNazwa><sln:waznyOd>2016-01-21T00:00:00+01:00</sln:waznyOd><sln:wojIIPId>45e7cfc6-6d8b-42ff-acbd-ef1d0a53dacb</sln:wojIIPId><sln:wojIIPPn>PL.PZGIK.200</sln:wojIIPPn><sln:wojIIPWersja>2012-09-27T13:45:13+02:00</sln:wojIIPWersja><sln:wojIdTeryt>28</sln:wojIdTeryt><sln:wojNazwa>warmińsko-mazurskie</sln:wojNazwa></sln:miejscowosc><sln:miejscowosc><sln:cyklZyciaOd>2016-03-15T00:00:00+01:00</sln:cyklZyciaOd><sln:gmIIPId>fb39d8de-59c1-4c44-aaac-a083fefaed9d</sln:gmIIPId><sln:gmIIPPn>PL.PZGIK.200</sln:gmIIPPn><sln:gmIIPWersja>2012-09-26T22:22:14+02:00</sln:gmIIPWersja><sln:gmIdTeryt>2802022</sln:gmIdTeryt><sln:gmNazwa>Braniewo</sln:gmNazwa><sln:miejscIIPId>2e6a7c78-7a9a-47cd-a1f9-e83285d88570</sln:miejscIIPId><sln:miejscIIPPn>PL.PZGIK.200</sln:miejscIIPPn><sln:miejscIIPWersja>2016-11-24T14:01:03+02:00</sln:miejscIIPWersja><sln:miejscIdTeryt>1064491</sln:miejscIdTeryt><sln:miejscNazwa>Szyleny-Osada</sln:miejscNazwa><sln:miejscRodzaj>Osada</sln:miejscRodzaj><sln:powIIPId>c30a8930-5d33-4129-9d64-f227367db167</sln:powIIPId><sln:powIIPPn>PL.PZGIK.200</sln:powIIPPn><sln:powIIPWersja>2012-09-27T10:00:59+02:00</sln:powIIPWersja><sln:powIdTeryt>2802</sln:powIdTeryt><sln:powNazwa>braniewski</sln:powNazwa><sln:waznyOd>2016-01-15T00:00:00+01:00</sln:waznyOd><sln:wojIIPId>45e7cfc6-6d8b-42ff-acbd-ef1d0a53dacb</sln:wojIIPId><sln:wojIIPPn>PL.PZGIK.200</sln:wojIIPPn><sln:wojIIPWersja>2012-09-27T13:45:13+02:00</sln:wojIIPWersja><sln:wojIdTeryt>28</sln:wojIdTeryt><sln:wojNazwa>warmińsko-mazurskie</sln:wojNazwa></sln:miejscowosc><sln:miejscowosc><sln:cyklZyciaOd>2016-03-15T00:00:00+01:00</sln:cyklZyciaOd><sln:gmIIPId>fb39d8de-59c1-4c44-aaac-a083fefaed9d</sln:gmIIPId><sln:gmIIPPn>PL.PZGIK.200</sln:gmIIPPn><sln:gmIIPWersja>2012-09-26T22:22:14+02:00</sln:gmIIPWersja><sln:gmIdTeryt>2802022</sln:gmIdTeryt><sln:gmNazwa>Braniewo</sln:gmNazwa><sln:miejscIIPId>19d49fbc-9f7f-4eab-ac06-793cd2b48c48</sln:miejscIIPId><sln:miejscIIPPn>PL.PZGIK.200</sln:miejscIIPPn><sln:miejscIIPWersja>2016-11-24T09:19:53+02:00</sln:miejscIIPWersja><sln:miejscIdTeryt>0148754</sln:miejscIdTeryt><sln:miejscNazwa>Świętochowo</sln:miejscNazwa><sln:miejscRodzaj>Wieś</sln:miejscRodzaj><sln:powIIPId>c30a8930-5d33-4129-9d64-f227367db167</sln:powIIPId><sln:powIIPPn>PL.PZGIK.200</sln:powIIPPn><sln:powIIPWersja>2012-09-27T10:00:59+02:00</sln:powIIPWersja><sln:powIdTeryt>2802</sln:powIdTeryt><sln:powNazwa>braniewski</sln:powNazwa><sln:waznyOd>2016-01-15T00:00:00+01:00</sln:waznyOd><sln:wojIIPId>45e7cfc6-6d8b-42ff-acbd-ef1d0a53dacb</sln:wojIIPId><sln:wojIIPPn>PL.PZGIK.200</sln:wojIIPPn><sln:wojIIPWersja>2012-09-27T13:45:13+02:00</sln:wojIIPWersja><sln:wojIdTeryt>28</sln:wojIdTeryt><sln:wojNazwa>warmińsko-mazurskie</sln:wojNazwa></sln:miejscowosc><sln:miejscowosc><sln:cyklZyciaOd>2016-03-15T00:00:00+01:00</sln:cyklZyciaOd><sln:gmIIPId>fb39d8de-59c1-4c44-aaac-a083fefaed9d</sln:gmIIPId><sln:gmIIPPn>PL.PZGIK.200</sln:gmIIPPn><sln:gmIIPWersja>2012-09-26T22:22:14+02:00</sln:gmIIPWersja><sln:gmIdTeryt>2802022</sln:gmIdTeryt><sln:gmNazwa>Braniewo</sln:gmNazwa><sln:miejscIIPId>49f9db88-299e-4c05-a418-115d6aa71c92</sln:miejscIIPId><sln:miejscIIPPn>PL.PZGIK.200</sln:miejscIIPPn><sln:miejscIIPWersja>2016-11-24T09:19:53+02:00</sln:miejscIIPWersja><sln:miejscIdTeryt>0148518</sln:miejscIdTeryt><sln:miejscNazwa>Ujście</sln:miejscNazwa><sln:miejscRodzaj>Osada</sln:miejscRodzaj><sln:powIIPId>c30a8930-5d33-4129-9d64-f227367db167</sln:powIIPId><sln:powIIPPn>PL.PZGIK.200</sln:powIIPPn><sln:powIIPWersja>2012-09-27T10:00:59+02:00</sln:powIIPWersja><sln:powIdTeryt>2802</sln:powIdTeryt><sln:powNazwa>braniewski</sln:powNazwa><sln:waznyOd>2016-01-15T00:00:00+01:00</sln:waznyOd><sln:wojIIPId>45e7cfc6-6d8b-42ff-acbd-ef1d0a53dacb</sln:wojIIPId><sln:wojIIPPn>PL.PZGIK.200</sln:wojIIPPn><sln:wojIIPWersja>2012-09-27T13:45:13+02:00</sln:wojIIPWersja><sln:wojIdTeryt>28</sln:wojIdTeryt><sln:wojNazwa>warmińsko-mazurskie</sln:wojNazwa></sln:miejscowosc><sln:miejscowosc><sln:cyklZyciaOd>2016-03-15T00:00:00+01:00</sln:cyklZyciaOd><sln:gmIIPId>fb39d8de-59c1-4c44-aaac-a083fefaed9d</sln:gmIIPId><sln:gmIIPPn>PL.PZGIK.200</sln:gmIIPPn><sln:gmIIPWersja>2012-09-26T22:22:14+02:00</sln:gmIIPWersja><sln:gmIdTeryt>2802022</sln:gmIdTeryt><sln:gmNazwa>Braniewo</sln:gmNazwa><sln:miejscIIPId>9bc0e5db-1f1e-47d5-9b97-e4abd92a523c</sln:miejscIIPId><sln:miejscIIPPn>PL.PZGIK.200</sln:miejscIIPPn><sln:miejscIIPWersja>2016-11-24T09:19:53+02:00</sln:miejscIIPWersja><sln:miejscIdTeryt>0148777</sln:miejscIdTeryt><sln:miejscNazwa>Ułowo</sln:miejscNazwa><sln:miejscRodzaj>Osada</sln:miejscRodzaj><sln:powIIPId>c30a8930-5d33-4129-9d64-f227367db167</sln:powIIPId><sln:powIIPPn>PL.PZGIK.200</sln:powIIPPn><sln:powIIPWersja>2012-09-27T10:00:59+02:00</sln:powIIPWersja><sln:powIdTeryt>2802</sln:powIdTeryt><sln:powNazwa>braniewski</sln:powNazwa><sln:waznyOd>2016-01-15T00:00:00+01:00</sln:waznyOd><sln:wojIIPId>45e7cfc6-6d8b-42ff-acbd-ef1d0a53dacb</sln:wojIIPId><sln:wojIIPPn>PL.PZGIK.200</sln:wojIIPPn><sln:wojIIPWersja>2012-09-27T13:45:13+02:00</sln:wojIIPWersja><sln:wojIdTeryt>28</sln:wojIdTeryt><sln:wojNazwa>warmińsko-mazurskie</sln:wojNazwa></sln:miejscowosc><sln:miejscowosc><sln:cyklZyciaOd>2016-03-15T00:00:00+01:00</sln:cyklZyciaOd><sln:gmIIPId>fb39d8de-59c1-4c44-aaac-a083fefaed9d</sln:gmIIPId><sln:gmIIPPn>PL.PZGIK.200</sln:gmIIPPn><sln:gmIIPWersja>2012-09-26T22:22:14+02:00</sln:gmIIPWersja><sln:gmIdTeryt>2802022</sln:gmIdTeryt><sln:gmNazwa>Braniewo</sln:gmNazwa><sln:miejscIIPId>52ae36e9-ad96-4a89-a35e-f4d774b464c2</sln:miejscIIPId><sln:miejscIIPPn>PL.PZGIK.200</sln:miejscIIPPn><sln:miejscIIPWersja>2016-11-24T09:19:53+02:00</sln:miejscIIPWersja><sln:miejscIdTeryt>0148872</sln:miejscIdTeryt><sln:miejscNazwa>Wielewo</sln:miejscNazwa><sln:miejscRodzaj>Osada</sln:miejscRodzaj><sln:powIIPId>c30a8930-5d33-4129-9d64-f227367db167</sln:powIIPId><sln:powIIPPn>PL.PZGIK.200</sln:powIIPPn><sln:powIIPWersja>2012-09-27T10:00:59+02:00</sln:powIIPWersja><sln:powIdTeryt>2802</sln:powIdTeryt><sln:powNazwa>braniewski</sln:powNazwa><sln:waznyOd>2016-01-15T00:00:00+01:00</sln:waznyOd><sln:wojIIPId>45e7cfc6-6d8b-42ff-acbd-ef1d0a53dacb</sln:wojIIPId><sln:wojIIPPn>PL.PZGIK.200</sln:wojIIPPn><sln:wojIIPWersja>2012-09-27T13:45:13+02:00</sln:wojIIPWersja><sln:wojIdTeryt>28</sln:wojIdTeryt><sln:wojNazwa>warmińsko-mazurskie</sln:wojNazwa></sln:miejscowosc><sln:miejscowosc><sln:cyklZyciaOd>2016-03-15T00:00:00+01:00</sln:cyklZyciaOd><sln:gmIIPId>fb39d8de-59c1-4c44-aaac-a083fefaed9d</sln:gmIIPId><sln:gmIIPPn>PL.PZGIK.200</sln:gmIIPPn><sln:gmIIPWersja>2012-09-26T22:22:14+02:00</sln:gmIIPWersja><sln:gmIdTeryt>2802022</sln:gmIdTeryt><sln:gmNazwa>Braniewo</sln:gmNazwa><sln:miejscIIPId>2de587e5-4123-4aaa-b852-8d102ac94d62</sln:miejscIIPId><sln:miejscIIPPn>PL.PZGIK.200</sln:miejscIIPPn><sln:miejscIIPWersja>2016-11-24T09:19:53+02:00</sln:miejscIIPWersja><sln:miejscIdTeryt>0148694</sln:miejscIdTeryt><sln:miejscNazwa>Wikielec</sln:miejscNazwa><sln:miejscRodzaj>Kolonia</sln:miejscRodzaj><sln:powIIPId>c30a8930-5d33-4129-9d64-f227367db167</sln:powIIPId><sln:powIIPPn>PL.PZGIK.200</sln:powIIPPn><sln:powIIPWersja>2012-09-27T10:00:59+02:00</sln:powIIPWersja><sln:powIdTeryt>2802</sln:powIdTeryt><sln:powNazwa>braniewski</sln:powNazwa><sln:waznyOd>2016-01-15T00:00:00+01:00</sln:waznyOd><sln:wojIIPId>45e7cfc6-6d8b-42ff-acbd-ef1d0a53dacb</sln:wojIIPId><sln:wojIIPPn>PL.PZGIK.200</sln:wojIIPPn><sln:wojIIPWersja>2012-09-27T13:45:13+02:00</sln:wojIIPWersja><sln:wojIdTeryt>28</sln:wojIdTeryt><sln:wojNazwa>warmińsko-mazurskie</sln:wojNazwa></sln:miejscowosc><sln:miejscowosc><sln:cyklZyciaOd>2016-03-15T00:00:00+01:00</sln:cyklZyciaOd><sln:gmIIPId>fb39d8de-59c1-4c44-aaac-a083fefaed9d</sln:gmIIPId><sln:gmIIPPn>PL.PZGIK.200</sln:gmIIPPn><sln:gmIIPWersja>2012-09-26T22:22:14+02:00</sln:gmIIPWersja><sln:gmIdTeryt>2802022</sln:gmIdTeryt><sln:gmNazwa>Braniewo</sln:gmNazwa><sln:miejscIIPId>c50e5129-53b6-433b-a4da-477f3f96a5a6</sln:miejscIIPId><sln:miejscIIPPn>PL.PZGIK.200</sln:miejscIIPPn><sln:miejscIIPWersja>2016-11-24T09:19:53+02:00</sln:miejscIIPWersja><sln:miejscIdTeryt>0148783</sln:miejscIdTeryt><sln:miejscNazwa>Wilki</sln:miejscNazwa><sln:miejscRodzaj>Wieś</sln:miejscRodzaj><sln:powIIPId>c30a8930-5d33-4129-9d64-f227367db167</sln:powIIPId><sln:powIIPPn>PL.PZGIK.200</sln:powIIPPn><sln:powIIPWersja>2012-09-27T10:00:59+02:00</sln:powIIPWersja><sln:powIdTeryt>2802</sln:powIdTeryt><sln:powNazwa>braniewski</sln:powNazwa><sln:waznyOd>2016-01-15T00:00:00+01:00</sln:waznyOd><sln:wojIIPId>45e7cfc6-6d8b-42ff-acbd-ef1d0a53dacb</sln:wojIIPId><sln:wojIIPPn>PL.PZGIK.200</sln:wojIIPPn><sln:wojIIPWersja>2012-09-27T13:45:13+02:00</sln:wojIIPWersja><sln:wojIdTeryt>28</sln:wojIdTeryt><sln:wojNazwa>warmińsko-mazurskie</sln:wojNazwa></sln:miejscowosc><sln:miejscowosc><sln:cyklZyciaOd>2016-03-15T00:00:00+01:00</sln:cyklZyciaOd><sln:gmIIPId>fb39d8de-59c1-4c44-aaac-a083fefaed9d</sln:gmIIPId><sln:gmIIPPn>PL.PZGIK.200</sln:gmIIPPn><sln:gmIIPWersja>2012-09-26T22:22:14+02:00</sln:gmIIPWersja><sln:gmIdTeryt>2802022</sln:gmIdTeryt><sln:gmNazwa>Braniewo</sln:gmNazwa><sln:miejscIIPId>aeee0a29-1f33-47ed-bdb4-46425b87ab86</sln:miejscIIPId><sln:miejscIIPPn>PL.PZGIK.200</sln:miejscIIPPn><sln:miejscIIPWersja>2016-11-24T09:19:53+02:00</sln:miejscIIPWersja><sln:miejscIdTeryt>0148790</sln:miejscIdTeryt><sln:miejscNazwa>Wola Lipowska</sln:miejscNazwa><sln:miejscRodzaj>Wieś</sln:miejscRodzaj><sln:powIIPId>c30a8930-5d33-4129-9d64-f227367db167</sln:powIIPId><sln:powIIPPn>PL.PZGIK.200</sln:powIIPPn><sln:powIIPWersja>2012-09-27T10:00:59+02:00</sln:powIIPWersja><sln:powIdTeryt>2802</sln:powIdTeryt><sln:powNazwa>braniewski</sln:powNazwa><sln:waznyOd>2016-01-15T00:00:00+01:00</sln:waznyOd><sln:wojIIPId>45e7cfc6-6d8b-42ff-acbd-ef1d0a53dacb</sln:wojIIPId><sln:wojIIPPn>PL.PZGIK.200</sln:wojIIPPn><sln:wojIIPWersja>2012-09-27T13:45:13+02:00</sln:wojIIPWersja><sln:wojIdTeryt>28</sln:wojIdTeryt><sln:wojNazwa>warmińsko-mazurskie</sln:wojNazwa></sln:miejscowosc><sln:miejscowosc><sln:cyklZyciaOd>2016-03-15T00:00:00+01:00</sln:cyklZyciaOd><sln:gmIIPId>fb39d8de-59c1-4c44-aaac-a083fefaed9d</sln:gmIIPId><sln:gmIIPPn>PL.PZGIK.200</sln:gmIIPPn><sln:gmIIPWersja>2012-09-26T22:22:14+02:00</sln:gmIIPWersja><sln:gmIdTeryt>2802022</sln:gmIdTeryt><sln:gmNazwa>Braniewo</sln:gmNazwa><sln:miejscIIPId>50765dfa-c76f-406d-ab36-3da6d370d683</sln:miejscIIPId><sln:miejscIIPPn>PL.PZGIK.200</sln:miejscIIPPn><sln:miejscIIPWersja>2016-11-24T09:19:53+02:00</sln:miejscIIPWersja><sln:miejscIdTeryt>0148814</sln:miejscIdTeryt><sln:miejscNazwa>Zakrzewiec</sln:miejscNazwa><sln:miejscRodzaj>Wieś</sln:miejscRodzaj><sln:powIIPId>c30a8930-5d33-4129-9d64-f227367db167</sln:powIIPId><sln:powIIPPn>PL.PZGIK.200</sln:powIIPPn><sln:powIIPWersja>2012-09-27T10:00:59+02:00</sln:powIIPWersja><sln:powIdTeryt>2802</sln:powIdTeryt><sln:powNazwa>braniewski</sln:powNazwa><sln:waznyOd>2016-01-15T00:00:00+01:00</sln:waznyOd><sln:wojIIPId>45e7cfc6-6d8b-42ff-acbd-ef1d0a53dacb</sln:wojIIPId><sln:wojIIPPn>PL.PZGIK.200</sln:wojIIPPn><sln:wojIIPWersja>2012-09-27T13:45:13+02:00</sln:wojIIPWersja><sln:wojIdTeryt>28</sln:wojIdTeryt><sln:wojNazwa>warmińsko-mazurskie</sln:wojNazwa></sln:miejscowosc><sln:miejscowosc><sln:cyklZyciaOd>2016-03-15T00:00:00+01:00</sln:cyklZyciaOd><sln:gmIIPId>fb39d8de-59c1-4c44-aaac-a083fefaed9d</sln:gmIIPId><sln:gmIIPPn>PL.PZGIK.200</sln:gmIIPPn><sln:gmIIPWersja>2012-09-26T22:22:14+02:00</sln:gmIIPWersja><sln:gmIdTeryt>2802022</sln:gmIdTeryt><sln:gmNazwa>Braniewo</sln:gmNazwa><sln:miejscIIPId>55283e83-f765-46d4-83d2-fc5f99c163a1</sln:miejscIIPId><sln:miejscIIPPn>PL.PZGIK.200</sln:miejscIIPPn><sln:miejscIIPWersja>2016-11-24T09:19:53+02:00</sln:miejscIIPWersja><sln:miejscIdTeryt>0148843</sln:miejscIdTeryt><sln:miejscNazwa>Zawierz</sln:miejscNazwa><sln:miejscRodzaj>Wieś</sln:miejscRodzaj><sln:powIIPId>c30a8930-5d33-4129-9d64-f227367db167</sln:powIIPId><sln:powIIPPn>PL.PZGIK.200</sln:powIIPPn><sln:powIIPWersja>2012-09-27T10:00:59+02:00</sln:powIIPWersja><sln:powIdTeryt>2802</sln:powIdTeryt><sln:powNazwa>braniewski</sln:powNazwa><sln:waznyOd>2016-01-15T00:00:00+01:00</sln:waznyOd><sln:wojIIPId>45e7cfc6-6d8b-42ff-acbd-ef1d0a53dacb</sln:wojIIPId><sln:wojIIPPn>PL.PZGIK.200</sln:wojIIPPn><sln:wojIIPWersja>2012-09-27T13:45:13+02:00</sln:wojIIPWersja><sln:wojIdTeryt>28</sln:wojIdTeryt><sln:wojNazwa>warmińsko-mazurskie</sln:wojNazwa></sln:miejscowosc><sln:miejscowosc><sln:cyklZyciaOd>2016-03-15T00:00:00+01:00</sln:cyklZyciaOd><sln:gmIIPId>fb39d8de-59c1-4c44-aaac-a083fefaed9d</sln:gmIIPId><sln:gmIIPPn>PL.PZGIK.200</sln:gmIIPPn><sln:gmIIPWersja>2012-09-26T22:22:14+02:00</sln:gmIIPWersja><sln:gmIdTeryt>2802022</sln:gmIdTeryt><sln:gmNazwa>Braniewo</sln:gmNazwa><sln:miejscIIPId>a87f0f10-66d9-4629-883a-c13f9d18e403</sln:miejscIIPId><sln:miejscIIPPn>PL.PZGIK.200</sln:miejscIIPPn><sln:miejscIIPWersja>2016-11-24T09:19:53+02:00</sln:miejscIIPWersja><sln:miejscIdTeryt>0148642</sln:miejscIdTeryt><sln:miejscNazwa>Zgoda</sln:miejscNazwa><sln:miejscRodzaj>Osada</sln:miejscRodzaj><sln:powIIPId>c30a8930-5d33-4129-9d64-f227367db167</sln:powIIPId><sln:powIIPPn>PL.PZGIK.200</sln:powIIPPn><sln:powIIPWersja>2012-09-27T10:00:59+02:00</sln:powIIPWersja><sln:powIdTeryt>2802</sln:powIdTeryt><sln:powNazwa>braniewski</sln:powNazwa><sln:waznyOd>2016-01-15T00:00:00+01:00</sln:waznyOd><sln:wojIIPId>45e7cfc6-6d8b-42ff-acbd-ef1d0a53dacb</sln:wojIIPId><sln:wojIIPPn>PL.PZGIK.200</sln:wojIIPPn><sln:wojIIPWersja>2012-09-27T13:45:13+02:00</sln:wojIIPWersja><sln:wojIdTeryt>28</sln:wojIdTeryt><sln:wojNazwa>warmińsko-mazurskie</sln:wojNazwa></sln:miejscowosc><sln:miejscowosc><sln:cyklZyciaOd>2016-03-15T00:00:00+01:00</sln:cyklZyciaOd><sln:gmIIPId>fb39d8de-59c1-4c44-aaac-a083fefaed9d</sln:gmIIPId><sln:gmIIPPn>PL.PZGIK.200</sln:gmIIPPn><sln:gmIIPWersja>2012-09-26T22:22:14+02:00</sln:gmIIPWersja><sln:gmIdTeryt>2802022</sln:gmIdTeryt><sln:gmNazwa>Braniewo</sln:gmNazwa><sln:miejscIIPId>b5e1d573-0fc7-4897-aa97-507f2ea5743b</sln:miejscIIPId><sln:miejscIIPPn>PL.PZGIK.200</sln:miejscIIPPn><sln:miejscIIPWersja>2016-11-24T09:19:53+02:00</sln:miejscIIPWersja><sln:miejscIdTeryt>0148889</sln:miejscIdTeryt><sln:miejscNazwa>Żelazna Góra</sln:miejscNazwa><sln:miejscRodzaj>Wieś</sln:miejscRodzaj><sln:powIIPId>c30a8930-5d33-4129-9d64-f227367db167</sln:powIIPId><sln:powIIPPn>PL.PZGIK.200</sln:powIIPPn><sln:powIIPWersja>2012-09-27T10:00:59+02:00</sln:powIIPWersja><sln:powIdTeryt>2802</sln:powIdTeryt><sln:powNazwa>braniewski</sln:powNazwa><sln:waznyOd>2016-01-15T00:00:00+01:00</sln:waznyOd><sln:wojIIPId>45e7cfc6-6d8b-42ff-acbd-ef1d0a53dacb</sln:wojIIPId><sln:wojIIPPn>PL.PZGIK.200</sln:wojIIPPn><sln:wojIIPWersja>2012-09-27T13:45:13+02:00</sln:wojIIPWersja><sln:wojIdTeryt>28</sln:wojIdTeryt><sln:wojNazwa>warmińsko-mazurskie</sln:wojNazwa></sln:miejscowosc><sln:miejscowosc><sln:cyklZyciaOd>2016-03-15T00:00:00+01:00</sln:cyklZyciaOd><sln:gmIIPId>fb39d8de-59c1-4c44-aaac-a083fefaed9d</sln:gmIIPId><sln:gmIIPPn>PL.PZGIK.200</sln:gmIIPPn><sln:gmIIPWersja>2012-09-26T22:22:14+02:00</sln:gmIIPWersja><sln:gmIdTeryt>2802022</sln:gmIdTeryt><sln:gmNazwa>Braniewo</sln:gmNazwa><sln:miejscIIPId>a0292456-7866-48e9-a5b6-204570bfcea6</sln:miejscIIPId><sln:miejscIIPPn>PL.PZGIK.200</sln:miejscIIPPn><sln:miejscIIPWersja>2016-11-24T09:19:53+02:00</sln:miejscIIPWersja><sln:miejscIdTeryt>0148292</sln:miejscIdTeryt><sln:miejscNazwa>Bemowizna</sln:miejscNazwa><sln:miejscRodzaj>Osada</sln:miejscRodzaj><sln:powIIPId>c30a8930-5d33-4129-9d64-f227367db167</sln:powIIPId><sln:powIIPPn>PL.PZGIK.200</sln:powIIPPn><sln:powIIPWersja>2012-09-27T10:00:59+02:00</sln:powIIPWersja><sln:powIdTeryt>2802</sln:powIdTeryt><sln:powNazwa>braniewski</sln:powNazwa><sln:waznyOd>2016-01-15T00:00:00+01:00</sln:waznyOd><sln:wojIIPId>45e7cfc6-6d8b-42ff-acbd-ef1d0a53dacb</sln:wojIIPId><sln:wojIIPPn>PL.PZGIK.200</sln:wojIIPPn><sln:wojIIPWersja>2012-09-27T13:45:13+02:00</sln:wojIIPWersja><sln:wojIdTeryt>28</sln:wojIdTeryt><sln:wojNazwa>warmińsko-mazurskie</sln:wojNazwa></sln:miejscowosc><sln:miejscowosc><sln:cyklZyciaOd>2016-03-15T00:00:00+01:00</sln:cyklZyciaOd><sln:gmIIPId>fb39d8de-59c1-4c44-aaac-a083fefaed9d</sln:gmIIPId><sln:gmIIPPn>PL.PZGIK.200</sln:gmIIPPn><sln:gmIIPWersja>2012-09-26T22:22:14+02:00</sln:gmIIPWersja><sln:gmIdTeryt>2802022</sln:gmIdTeryt><sln:gmNazwa>Braniewo</sln:gmNazwa><sln:miejscIIPId>afdec2d4-3828-4f38-a6ee-9bd435a88aea</sln:miejscIIPId><sln:miejscIIPPn>PL.PZGIK.200</sln:miejscIIPPn><sln:miejscIIPWersja>2016-11-24T09:19:53+02:00</sln:miejscIIPWersja><sln:miejscIdTeryt>0148300</sln:miejscIdTeryt><sln:miejscNazwa>Bobrowiec</sln:miejscNazwa><sln:miejscRodzaj>Wieś</sln:miejscRodzaj><sln:powIIPId>c30a8930-5d33-4129-9d64-f227367db167</sln:powIIPId><sln:powIIPPn>PL.PZGIK.200</sln:powIIPPn><sln:powIIPWersja>2012-09-27T10:00:59+02:00</sln:powIIPWersja><sln:powIdTeryt>2802</sln:powIdTeryt><sln:powNazwa>braniewski</sln:powNazwa><sln:waznyOd>2016-01-15T00:00:00+01:00</sln:waznyOd><sln:wojIIPId>45e7cfc6-6d8b-42ff-acbd-ef1d0a53dacb</sln:wojIIPId><sln:wojIIPPn>PL.PZGIK.200</sln:wojIIPPn><sln:wojIIPWersja>2012-09-27T13:45:13+02:00</sln:wojIIPWersja><sln:wojIdTeryt>28</sln:wojIdTeryt><sln:wojNazwa>warmińsko-mazurskie</sln:wojNazwa></sln:miejscowosc><sln:miejscowosc><sln:cyklZyciaOd>2016-03-15T00:00:00+01:00</sln:cyklZyciaOd><sln:gmIIPId>fb39d8de-59c1-4c44-aaac-a083fefaed9d</sln:gmIIPId><sln:gmIIPPn>PL.PZGIK.200</sln:gmIIPPn><sln:gmIIPWersja>2012-09-26T22:22:14+02:00</sln:gmIIPWersja><sln:gmIdTeryt>2802022</sln:gmIdTeryt><sln:gmNazwa>Braniewo</sln:gmNazwa><sln:miejscIIPId>0ed2ad0f-48fa-4867-a815-8f5170d3e269</sln:miejscIIPId><sln:miejscIIPPn>PL.PZGIK.200</sln:miejscIIPPn><sln:miejscIIPWersja>2016-11-24T09:19:53+02:00</sln:miejscIIPWersja><sln:miejscIdTeryt>0148317</sln:miejscIdTeryt><sln:miejscNazwa>Brzeszczyny</sln:miejscNazwa><sln:miejscRodzaj>Osada</sln:miejscRodzaj><sln:powIIPId>c30a8930-5d33-4129-9d64-f227367db167</sln:powIIPId><sln:powIIPPn>PL.PZGIK.200</sln:powIIPPn><sln:powIIPWersja>2012-09-27T10:00:59+02:00</sln:powIIPWersja><sln:powIdTeryt>2802</sln:powIdTeryt><sln:powNazwa>braniewski</sln:powNazwa><sln:waznyOd>2016-01-15T00:00:00+01:00</sln:waznyOd><sln:wojIIPId>45e7cfc6-6d8b-42ff-acbd-ef1d0a53dacb</sln:wojIIPId><sln:wojIIPPn>PL.PZGIK.200</sln:wojIIPPn><sln:wojIIPWersja>2012-09-27T13:45:13+02:00</sln:wojIIPWersja><sln:wojIdTeryt>28</sln:wojIdTeryt><sln:wojNazwa>warmińsko-mazurskie</sln:wojNazwa></sln:miejscowosc><sln:miejscowosc><sln:cyklZyciaOd>2016-03-15T00:00:00+01:00</sln:cyklZyciaOd><sln:gmIIPId>fb39d8de-59c1-4c44-aaac-a083fefaed9d</sln:gmIIPId><sln:gmIIPPn>PL.PZGIK.200</sln:gmIIPPn><sln:gmIIPWersja>2012-09-26T22:22:14+02:00</sln:gmIIPWersja><sln:gmIdTeryt>2802022</sln:gmIdTeryt><sln:gmNazwa>Braniewo</sln:gmNazwa><sln:miejscIIPId>3c57025a-3e84-4a58-b739-38295b753a3c</sln:miejscIIPId><sln:miejscIIPPn>PL.PZGIK.200</sln:miejscIIPPn><sln:miejscIIPWersja>2016-11-24T09:19:53+02:00</sln:miejscIIPWersja><sln:miejscIdTeryt>0148323</sln:miejscIdTeryt><sln:miejscNazwa>Cielętnik</sln:miejscNazwa><sln:miejscRodzaj>Osada</sln:miejscRodzaj><sln:powIIPId>c30a8930-5d33-4129-9d64-f227367db167</sln:powIIPId><sln:powIIPPn>PL.PZGIK.200</sln:powIIPPn><sln:powIIPWersja>2012-09-27T10:00:59+02:00</sln:powIIPWersja><sln:powIdTeryt>2802</sln:powIdTeryt><sln:powNazwa>braniewski</sln:powNazwa><sln:waznyOd>2016-01-15T00:00:00+01:00</sln:waznyOd><sln:wojIIPId>45e7cfc6-6d8b-42ff-acbd-ef1d0a53dacb</sln:wojIIPId><sln:wojIIPPn>PL.PZGIK.200</sln:wojIIPPn><sln:wojIIPWersja>2012-09-27T13:45:13+02:00</sln:wojIIPWersja><sln:wojIdTeryt>28</sln:wojIdTeryt><sln:wojNazwa>warmińsko-mazurskie</sln:wojNazwa></sln:miejscowosc><sln:miejscowosc><sln:cyklZyciaOd>2016-03-15T00:00:00+01:00</sln:cyklZyciaOd><sln:gmIIPId>fb39d8de-59c1-4c44-aaac-a083fefaed9d</sln:gmIIPId><sln:gmIIPPn>PL.PZGIK.200</sln:gmIIPPn><sln:gmIIPWersja>2012-09-26T22:22:14+02:00</sln:gmIIPWersja><sln:gmIdTeryt>2802022</sln:gmIdTeryt><sln:gmNazwa>Braniewo</sln:gmNazwa><sln:miejscIIPId>0a37d0e4-d139-427f-ae82-092cfecee734</sln:miejscIIPId><sln:miejscIIPPn>PL.PZGIK.200</sln:miejscIIPPn><sln:miejscIIPWersja>2016-11-24T09:19:53+02:00</sln:miejscIIPWersja><sln:miejscIdTeryt>0148760</sln:miejscIdTeryt><sln:miejscNazwa>Dąbrowa</sln:miejscNazwa><sln:miejscRodzaj>Osada leśna</sln:miejscRodzaj><sln:powIIPId>c30a8930-5d33-4129-9d64-f227367db167</sln:powIIPId><sln:powIIPPn>PL.PZGIK.200</sln:powIIPPn><sln:powIIPWersja>2012-09-27T10:00:59+02:00</sln:powIIPWersja><sln:powIdTeryt>2802</sln:powIdTeryt><sln:powNazwa>braniewski</sln:powNazwa><sln:waznyOd>2016-01-21T00:00:00+01:00</sln:waznyOd><sln:wojIIPId>45e7cfc6-6d8b-42ff-acbd-ef1d0a53dacb</sln:wojIIPId><sln:wojIIPPn>PL.PZGIK.200</sln:wojIIPPn><sln:wojIIPWersja>2012-09-27T13:45:13+02:00</sln:wojIIPWersja><sln:wojIdTeryt>28</sln:wojIdTeryt><sln:wojNazwa>warmińsko-mazurskie</sln:wojNazwa></sln:miejscowosc><sln:miejscowosc><sln:cyklZyciaOd>2016-03-15T00:00:00+01:00</sln:cyklZyciaOd><sln:gmIIPId>fb39d8de-59c1-4c44-aaac-a083fefaed9d</sln:gmIIPId><sln:gmIIPPn>PL.PZGIK.200</sln:gmIIPPn><sln:gmIIPWersja>2012-09-26T22:22:14+02:00</sln:gmIIPWersja><sln:gmIdTeryt>2802022</sln:gmIdTeryt><sln:gmNazwa>Braniewo</sln:gmNazwa><sln:miejscIIPId>20fe1437-1410-4240-8ff1-1298a84b1de1</sln:miejscIIPId><sln:miejscIIPPn>PL.PZGIK.200</sln:miejscIIPPn><sln:miejscIIPWersja>2016-11-24T09:19:53+02:00</sln:miejscIIPWersja><sln:miejscIdTeryt>0148330</sln:miejscIdTeryt><sln:miejscNazwa>Garbina</sln:miejscNazwa><sln:miejscRodzaj>Wieś</sln:miejscRodzaj><sln:powIIPId>c30a8930-5d33-4129-9d64-f227367db167</sln:powIIPId><sln:powIIPPn>PL.PZGIK.200</sln:powIIPPn><sln:powIIPWersja>2012-09-27T10:00:59+02:00</sln:powIIPWersja><sln:powIdTeryt>2802</sln:powIdTeryt><sln:powNazwa>braniewski</sln:powNazwa><sln:waznyOd>2016-01-15T00:00:00+01:00</sln:waznyOd><sln:wojIIPId>45e7cfc6-6d8b-42ff-acbd-ef1d0a53dacb</sln:wojIIPId><sln:wojIIPPn>PL.PZGIK.200</sln:wojIIPPn><sln:wojIIPWersja>2012-09-27T13:45:13+02:00</sln:wojIIPWersja><sln:wojIdTeryt>28</sln:wojIdTeryt><sln:wojNazwa>warmińsko-mazurskie</sln:wojNazwa></sln:miejscowosc><sln:miejscowosc><sln:cyklZyciaOd>2016-03-15T00:00:00+01:00</sln:cyklZyciaOd><sln:gmIIPId>fb39d8de-59c1-4c44-aaac-a083fefaed9d</sln:gmIIPId><sln:gmIIPPn>PL.PZGIK.200</sln:gmIIPPn><sln:gmIIPWersja>2012-09-26T22:22:14+02:00</sln:gmIIPWersja><sln:gmIdTeryt>2802022</sln:gmIdTeryt><sln:gmNazwa>Braniewo</sln:gmNazwa><sln:miejscIIPId>2652c0ff-24e2-4b1e-a783-f51f4d701c35</sln:miejscIIPId><sln:miejscIIPPn>PL.PZGIK.200</sln:miejscIIPPn><sln:miejscIIPWersja>2016-11-24T09:19:53+02:00</sln:miejscIIPWersja><sln:miejscIdTeryt>0148850</sln:miejscIdTeryt><sln:miejscNazwa>Glinka</sln:miejscNazwa><sln:miejscRodzaj>Osada</sln:miejscRodzaj><sln:powIIPId>c30a8930-5d33-4129-9d64-f227367db167</sln:powIIPId><sln:powIIPPn>PL.PZGIK.200</sln:powIIPPn><sln:powIIPWersja>2012-09-27T10:00:59+02:00</sln:powIIPWersja><sln:powIdTeryt>2802</sln:powIdTeryt><sln:powNazwa>braniewski</sln:powNazwa><sln:waznyOd>2016-01-15T00:00:00+01:00</sln:waznyOd><sln:wojIIPId>45e7cfc6-6d8b-42ff-acbd-ef1d0a53dacb</sln:wojIIPId><sln:wojIIPPn>PL.PZGIK.200</sln:wojIIPPn><sln:wojIIPWersja>2012-09-27T13:45:13+02:00</sln:wojIIPWersja><sln:wojIdTeryt>28</sln:wojIdTeryt><sln:wojNazwa>warmińsko-mazurskie</sln:wojNazwa></sln:miejscowosc><sln:miejscowosc><sln:cyklZyciaOd>2016-03-15T00:00:00+01:00</sln:cyklZyciaOd><sln:gmIIPId>fb39d8de-59c1-4c44-aaac-a083fefaed9d</sln:gmIIPId><sln:gmIIPPn>PL.PZGIK.200</sln:gmIIPPn><sln:gmIIPWersja>2012-09-26T22:22:14+02:00</sln:gmIIPWersja><sln:gmIdTeryt>2802022</sln:gmIdTeryt><sln:gmNazwa>Braniewo</sln:gmNazwa><sln:miejscIIPId>7021e366-0abf-4057-86c7-5bd3f43ee4e8</sln:miejscIIPId><sln:miejscIIPPn>PL.PZGIK.200</sln:miejscIIPPn><sln:miejscIIPWersja>2016-11-24T09:19:53+02:00</sln:miejscIIPWersja><sln:miejscIdTeryt>0148352</sln:miejscIdTeryt><sln:miejscNazwa>Goleszewo</sln:miejscNazwa><sln:miejscRodzaj>Osada</sln:miejscRodzaj><sln:powIIPId>c30a8930-5d33-4129-9d64-f227367db167</sln:powIIPId><sln:powIIPPn>PL.PZGIK.200</sln:powIIPPn><sln:powIIPWersja>2012-09-27T10:00:59+02:00</sln:powIIPWersja><sln:powIdTeryt>2802</sln:powIdTeryt><sln:powNazwa>braniewski</sln:powNazwa><sln:waznyOd>2016-01-15T00:00:00+01:00</sln:waznyOd><sln:wojIIPId>45e7cfc6-6d8b-42ff-acbd-ef1d0a53dacb</sln:wojIIPId><sln:wojIIPPn>PL.PZGIK.200</sln:wojIIPPn><sln:wojIIPWersja>2012-09-27T13:45:13+02:00</sln:wojIIPWersja><sln:wojIdTeryt>28</sln:wojIdTeryt><sln:wojNazwa>warmińsko-mazurskie</sln:wojNazwa></sln:miejscowosc><sln:miejscowosc><sln:cyklZyciaOd>2016-03-15T00:00:00+01:00</sln:cyklZyciaOd><sln:gmIIPId>fb39d8de-59c1-4c44-aaac-a083fefaed9d</sln:gmIIPId><sln:gmIIPPn>PL.PZGIK.200</sln:gmIIPPn><sln:gmIIPWersja>2012-09-26T22:22:14+02:00</sln:gmIIPWersja><sln:gmIdTeryt>2802022</sln:gmIdTeryt><sln:gmNazwa>Braniewo</sln:gmNazwa><sln:miejscIIPId>225c4682-85f7-44ef-9d46-754aa9be30b7</sln:miejscIIPId><sln:miejscIIPPn>PL.PZGIK.200</sln:miejscIIPPn><sln:miejscIIPWersja>2016-11-24T09:19:53+02:00</sln:miejscIIPWersja><sln:miejscIdTeryt>0148820</sln:miejscIdTeryt><sln:miejscNazwa>Grodzie</sln:miejscNazwa><sln:miejscRodzaj>Osada</sln:miejscRodzaj><sln:powIIPId>c30a8930-5d33-4129-9d64-f227367db167</sln:powIIPId><sln:powIIPPn>PL.PZGIK.200</sln:powIIPPn><sln:powIIPWersja>2012-09-27T10:00:59+02:00</sln:powIIPWersja><sln:powIdTeryt>2802</sln:powIdTeryt><sln:powNazwa>braniewski</sln:powNazwa><sln:waznyOd>2016-01-15T00:00:00+01:00</sln:waznyOd><sln:wojIIPId>45e7cfc6-6d8b-42ff-acbd-ef1d0a53dacb</sln:wojIIPId><sln:wojIIPPn>PL.PZGIK.200</sln:wojIIPPn><sln:wojIIPWersja>2012-09-27T13:45:13+02:00</sln:wojIIPWersja><sln:wojIdTeryt>28</sln:wojIdTeryt><sln:wojNazwa>warmińsko-mazurskie</sln:wojNazwa></sln:miejscowosc><sln:miejscowosc><sln:cyklZyciaOd>2016-03-15T00:00:00+01:00</sln:cyklZyciaOd><sln:gmIIPId>fb39d8de-59c1-4c44-aaac-a083fefaed9d</sln:gmIIPId><sln:gmIIPPn>PL.PZGIK.200</sln:gmIIPPn><sln:gmIIPWersja>2012-09-26T22:22:14+02:00</sln:gmIIPWersja><sln:gmIdTeryt>2802022</sln:gmIdTeryt><sln:gmNazwa>Braniewo</sln:gmNazwa><sln:miejscIIPId>7e71eba4-633d-43af-b15c-9d344823975a</sln:miejscIIPId><sln:miejscIIPPn>PL.PZGIK.200</sln:miejscIIPPn><sln:miejscIIPWersja>2016-11-24T09:19:53+02:00</sln:miejscIIPWersja><sln:miejscIdTeryt>0148369</sln:miejscIdTeryt><sln:miejscNazwa>Gronowo</sln:miejscNazwa><sln:miejscRodzaj>Wieś</sln:miejscRodzaj><sln:powIIPId>c30a8930-5d33-4129-9d64-f227367db167</sln:powIIPId><sln:powIIPPn>PL.PZGIK.200</sln:powIIPPn><sln:powIIPWersja>2012-09-27T10:00:59+02:00</sln:powIIPWersja><sln:powIdTeryt>2802</sln:powIdTeryt><sln:powNazwa>braniewski</sln:powNazwa><sln:waznyOd>2016-01-15T00:00:00+01:00</sln:waznyOd><sln:wojIIPId>45e7cfc6-6d8b-42ff-acbd-ef1d0a53dacb</sln:wojIIPId><sln:wojIIPPn>PL.PZGIK.200</sln:wojIIPPn><sln:wojIIPWersja>2012-09-27T13:45:13+02:00</sln:wojIIPWersja><sln:wojIdTeryt>28</sln:wojIdTeryt><sln:wojNazwa>warmińsko-mazurskie</sln:wojNazwa></sln:miejscowosc><sln:miejscowosc><sln:cyklZyciaOd>2016-03-15T00:00:00+01:00</sln:cyklZyciaOd><sln:gmIIPId>fb39d8de-59c1-4c44-aaac-a083fefaed9d</sln:gmIIPId><sln:gmIIPPn>PL.PZGIK.200</sln:gmIIPPn><sln:gmIIPWersja>2012-09-26T22:22:14+02:00</sln:gmIIPWersja><sln:gmIdTeryt>2802022</sln:gmIdTeryt><sln:gmNazwa>Braniewo</sln:gmNazwa><sln:miejscIIPId>85c01b09-e184-4e0c-a834-22076b7e4d73</sln:miejscIIPId><sln:miejscIIPPn>PL.PZGIK.200</sln:miejscIIPPn><sln:miejscIIPWersja>2016-11-24T09:19:53+02:00</sln:miejscIIPWersja><sln:miejscIdTeryt>0148381</sln:miejscIdTeryt><sln:miejscNazwa>Gronówko</sln:miejscNazwa><sln:miejscRodzaj>Osada</sln:miejscRodzaj><sln:powIIPId>c30a8930-5d33-4129-9d64-f227367db167</sln:powIIPId><sln:powIIPPn>PL.PZGIK.200</sln:powIIPPn><sln:powIIPWersja>2012-09-27T10:00:59+02:00</sln:powIIPWersja><sln:powIdTeryt>2802</sln:powIdTeryt><sln:powNazwa>braniewski</sln:powNazwa><sln:waznyOd>2016-01-15T00:00:00+01:00</sln:waznyOd><sln:wojIIPId>45e7cfc6-6d8b-42ff-acbd-ef1d0a53dacb</sln:wojIIPId><sln:wojIIPPn>PL.PZGIK.200</sln:wojIIPPn><sln:wojIIPWersja>2012-09-27T13:45:13+02:00</sln:wojIIPWersja><sln:wojIdTeryt>28</sln:wojIdTeryt><sln:wojNazwa>warmińsko-mazurskie</sln:wojNazwa></sln:miejscowosc><sln:miejscowosc><sln:cyklZyciaOd>2016-03-15T00:00:00+01:00</sln:cyklZyciaOd><sln:gmIIPId>fb39d8de-59c1-4c44-aaac-a083fefaed9d</sln:gmIIPId><sln:gmIIPPn>PL.PZGIK.200</sln:gmIIPPn><sln:gmIIPWersja>2012-09-26T22:22:14+02:00</sln:gmIIPWersja><sln:gmIdTeryt>2802022</sln:gmIdTeryt><sln:gmNazwa>Braniewo</sln:gmNazwa><sln:miejscIIPId>d7c1f55d-8964-41e9-95a5-3ea58968a7ca</sln:miejscIIPId><sln:miejscIIPPn>PL.PZGIK.200</sln:miejscIIPPn><sln:miejscIIPWersja>2016-11-24T09:19:53+02:00</sln:miejscIIPWersja><sln:miejscIdTeryt>0148398</sln:miejscIdTeryt><sln:miejscNazwa>Grzechotki</sln:miejscNazwa><sln:miejscRodzaj>Wieś</sln:miejscRodzaj><sln:powIIPId>c30a8930-5d33-4129-9d64-f227367db167</sln:powIIPId><sln:powIIPPn>PL.PZGIK.200</sln:powIIPPn><sln:powIIPWersja>2012-09-27T10:00:59+02:00</sln:powIIPWersja><sln:powIdTeryt>2802</sln:powIdTeryt><sln:powNazwa>braniewski</sln:powNazwa><sln:waznyOd>2016-01-15T00:00:00+01:00</sln:waznyOd><sln:wojIIPId>45e7cfc6-6d8b-42ff-acbd-ef1d0a53dacb</sln:wojIIPId><sln:wojIIPPn>PL.PZGIK.200</sln:wojIIPPn><sln:wojIIPWersja>2012-09-27T13:45:13+02:00</sln:wojIIPWersja><sln:wojIdTeryt>28</sln:wojIdTeryt><sln:wojNazwa>warmińsko-mazurskie</sln:wojNazwa></sln:miejscowosc><sln:miejscowosc><sln:cyklZyciaOd>2016-03-15T00:00:00+01:00</sln:cyklZyciaOd><sln:gmIIPId>fb39d8de-59c1-4c44-aaac-a083fefaed9d</sln:gmIIPId><sln:gmIIPPn>PL.PZGIK.200</sln:gmIIPPn><sln:gmIIPWersja>2012-09-26T22:22:14+02:00</sln:gmIIPWersja><sln:gmIdTeryt>2802022</sln:gmIdTeryt><sln:gmNazwa>Braniewo</sln:gmNazwa><sln:miejscIIPId>bcd1f78e-1c82-4a8b-95b7-c84500e78999</sln:miejscIIPId><sln:miejscIIPPn>PL.PZGIK.200</sln:miejscIIPPn><sln:miejscIIPWersja>2016-11-24T09:19:53+02:00</sln:miejscIIPWersja><sln:miejscIdTeryt>0148458</sln:miejscIdTeryt><sln:miejscNazwa>Grzędowo</sln:miejscNazwa><sln:miejscRodzaj>Osada</sln:miejscRodzaj><sln:powIIPId>c30a8930-5d33-4129-9d64-f227367db167</sln:powIIPId><sln:powIIPPn>PL.PZGIK.200</sln:powIIPPn><sln:powIIPWersja>2012-09-27T10:00:59+02:00</sln:powIIPWersja><sln:powIdTeryt>2802</sln:powIdTeryt><sln:powNazwa>braniewski</sln:powNazwa><sln:waznyOd>2016-01-15T00:00:00+01:00</sln:waznyOd><sln:wojIIPId>45e7cfc6-6d8b-42ff-acbd-ef1d0a53dacb</sln:wojIIPId><sln:wojIIPPn>PL.PZGIK.200</sln:wojIIPPn><sln:wojIIPWersja>2012-09-27T13:45:13+02:00</sln:wojIIPWersja><sln:wojIdTeryt>28</sln:wojIdTeryt><sln:wojNazwa>warmińsko-mazurskie</sln:wojNazwa></sln:miejscowosc><sln:miejscowosc><sln:cyklZyciaOd>2016-03-15T00:00:00+01:00</sln:cyklZyciaOd><sln:gmIIPId>fb39d8de-59c1-4c44-aaac-a083fefaed9d</sln:gmIIPId><sln:gmIIPPn>PL.PZGIK.200</sln:gmIIPPn><sln:gmIIPWersja>2012-09-26T22:22:14+02:00</sln:gmIIPWersja><sln:gmIdTeryt>2802022</sln:gmIdTeryt><sln:gmNazwa>Braniewo</sln:gmNazwa><sln:miejscIIPId>76733918-41ae-4ba7-8bb9-d54c7fd6f338</sln:miejscIIPId><sln:miejscIIPPn>PL.PZGIK.200</sln:miejscIIPPn><sln:miejscIIPWersja>2016-11-24T09:19:53+02:00</sln:miejscIIPWersja><sln:miejscIdTeryt>0148412</sln:miejscIdTeryt><sln:miejscNazwa>Jarocin</sln:miejscNazwa><sln:miejscRodzaj>Wieś</sln:miejscRodzaj><sln:powIIPId>c30a8930-5d33-4129-9d64-f227367db167</sln:powIIPId><sln:powIIPPn>PL.PZGIK.200</sln:powIIPPn><sln:powIIPWersja>2012-09-27T10:00:59+02:00</sln:powIIPWersja><sln:powIdTeryt>2802</sln:powIdTeryt><sln:powNazwa>braniewski</sln:powNazwa><sln:waznyOd>2016-01-15T00:00:00+01:00</sln:waznyOd><sln:wojIIPId>45e7cfc6-6d8b-42ff-acbd-ef1d0a53dacb</sln:wojIIPId><sln:wojIIPPn>PL.PZGIK.200</sln:wojIIPPn><sln:wojIIPWersja>2012-09-27T13:45:13+02:00</sln:wojIIPWersja><sln:wojIdTeryt>28</sln:wojIdTeryt><sln:wojNazwa>warmińsko-mazurskie</sln:wojNazwa></sln:miejscowosc><sln:miejscowosc><sln:cyklZyciaOd>2016-03-15T00:00:00+01:00</sln:cyklZyciaOd><sln:gmIIPId>fb39d8de-59c1-4c44-aaac-a083fefaed9d</sln:gmIIPId><sln:gmIIPPn>PL.PZGIK.200</sln:gmIIPPn><sln:gmIIPWersja>2012-09-26T22:22:14+02:00</sln:gmIIPWersja><sln:gmIdTeryt>2802022</sln:gmIdTeryt><sln:gmNazwa>Braniewo</sln:gmNazwa><sln:miejscIIPId>752fc121-088f-4dac-9932-93d37e1d210c</sln:miejscIIPId><sln:miejscIIPPn>PL.PZGIK.200</sln:miejscIIPPn><sln:miejscIIPWersja>2016-11-24T09:19:53+02:00</sln:miejscIIPWersja><sln:miejscIdTeryt>0148547</sln:miejscIdTeryt><sln:miejscNazwa>Józefowo</sln:miejscNazwa><sln:miejscRodzaj>Osada</sln:miejscRodzaj><sln:powIIPId>c30a8930-5d33-4129-9d64-f227367db167</sln:powIIPId><sln:powIIPPn>PL.PZGIK.200</sln:powIIPPn><sln:powIIPWersja>2012-09-27T10:00:59+02:00</sln:powIIPWersja><sln:powIdTeryt>2802</sln:powIdTeryt><sln:powNazwa>braniewski</sln:powNazwa><sln:waznyOd>2016-01-15T00:00:00+01:00</sln:waznyOd><sln:wojIIPId>45e7cfc6-6d8b-42ff-acbd-ef1d0a53dacb</sln:wojIIPId><sln:wojIIPPn>PL.PZGIK.200</sln:wojIIPPn><sln:wojIIPWersja>2012-09-27T13:45:13+02:00</sln:wojIIPWersja><sln:wojIdTeryt>28</sln:wojIdTeryt><sln:wojNazwa>warmińsko-mazurskie</sln:wojNazwa></sln:miejscowosc><sln:miejscowosc><sln:cyklZyciaOd>2016-03-15T00:00:00+01:00</sln:cyklZyciaOd><sln:gmIIPId>fb39d8de-59c1-4c44-aaac-a083fefaed9d</sln:gmIIPId><sln:gmIIPPn>PL.PZGIK.200</sln:gmIIPPn><sln:gmIIPWersja>2012-09-26T22:22:14+02:00</sln:gmIIPWersja><sln:gmIdTeryt>2802022</sln:gmIdTeryt><sln:gmNazwa>Braniewo</sln:gmNazwa><sln:miejscIIPId>c67ca808-863d-4d6f-a2c3-21c8b1f80383</sln:miejscIIPId><sln:miejscIIPPn>PL.PZGIK.200</sln:miejscIIPPn><sln:miejscIIPWersja>2016-11-24T09:19:53+02:00</sln:miejscIIPWersja><sln:miejscIdTeryt>0148375</sln:miejscIdTeryt><sln:miejscNazwa>Kalina</sln:miejscNazwa><sln:miejscRodzaj>Kolonia</sln:miejscRodzaj><sln:powIIPId>c30a8930-5d33-4129-9d64-f227367db167</sln:powIIPId><sln:powIIPPn>PL.PZGIK.200</sln:powIIPPn><sln:powIIPWersja>2012-09-27T10:00:59+02:00</sln:powIIPWersja><sln:powIdTeryt>2802</sln:powIdTeryt><sln:powNazwa>braniewski</sln:powNazwa><sln:waznyOd>2016-01-15T00:00:00+01:00</sln:waznyOd><sln:wojIIPId>45e7cfc6-6d8b-42ff-acbd-ef1d0a53dacb</sln:wojIIPId><sln:wojIIPPn>PL.PZGIK.200</sln:wojIIPPn><sln:wojIIPWersja>2012-09-27T13:45:13+02:00</sln:wojIIPWersja><sln:wojIdTeryt>28</sln:wojIdTeryt><sln:wojNazwa>warmińsko-mazurskie</sln:wojNazwa></sln:miejscowosc><sln:miejscowosc><sln:cyklZyciaOd>2016-03-15T00:00:00+01:00</sln:cyklZyciaOd><sln:gmIIPId>fb39d8de-59c1-4c44-aaac-a083fefaed9d</sln:gmIIPId><sln:gmIIPPn>PL.PZGIK.200</sln:gmIIPPn><sln:gmIIPWersja>2012-09-26T22:22:14+02:00</sln:gmIIPWersja><sln:gmIdTeryt>2802022</sln:gmIdTeryt><sln:gmNazwa>Braniewo</sln:gmNazwa><sln:miejscIIPId>789ff41d-044b-43eb-9e2f-4533110b5cc1</sln:miejscIIPId><sln:miejscIIPPn>PL.PZGIK.200</sln:miejscIIPPn><sln:miejscIIPWersja>2016-11-24T09:19:53+02:00</sln:miejscIIPWersja><sln:miejscIdTeryt>0148837</sln:miejscIdTeryt><sln:miejscNazwa>Kiersy</sln:miejscNazwa><sln:miejscRodzaj>Wieś</sln:miejscRodzaj><sln:powIIPId>c30a8930-5d33-4129-9d64-f227367db167</sln:powIIPId><sln:powIIPPn>PL.PZGIK.200</sln:powIIPPn><sln:powIIPWersja>2012-09-27T10:00:59+02:00</sln:powIIPWersja><sln:powIdTeryt>2802</sln:powIdTeryt><sln:powNazwa>braniewski</sln:powNazwa><sln:waznyOd>2016-01-15T00:00:00+01:00</sln:waznyOd><sln:wojIIPId>45e7cfc6-6d8b-42ff-acbd-ef1d0a53dacb</sln:wojIIPId><sln:wojIIPPn>PL.PZGIK.200</sln:wojIIPPn><sln:wojIIPWersja>2012-09-27T13:45:13+02:00</sln:wojIIPWersja><sln:wojIdTeryt>28</sln:wojIdTeryt><sln:wojNazwa>warmińsko-mazurskie</sln:wojNazwa></sln:miejscowosc><sln:miejscowosc><sln:cyklZyciaOd>2016-03-15T00:00:00+01:00</sln:cyklZyciaOd><sln:gmIIPId>fb39d8de-59c1-4c44-aaac-a083fefaed9d</sln:gmIIPId><sln:gmIIPPn>PL.PZGIK.200</sln:gmIIPPn><sln:gmIIPWersja>2012-09-26T22:22:14+02:00</sln:gmIIPWersja><sln:gmIdTeryt>2802022</sln:gmIdTeryt><sln:gmNazwa>Braniewo</sln:gmNazwa><sln:miejscIIPId>abc37d33-2cf2-4401-979c-6d02d7f49177</sln:miejscIIPId><sln:miejscIIPPn>PL.PZGIK.200</sln:miejscIIPPn><sln:miejscIIPWersja>2016-11-24T09:19:53+02:00</sln:miejscIIPWersja><sln:miejscIdTeryt>0148429</sln:miejscIdTeryt><sln:miejscNazwa>Klejnowo</sln:miejscNazwa><sln:miejscRodzaj>Wieś</sln:miejscRodzaj><sln:powIIPId>c30a8930-5d33-4129-9d64-f227367db167</sln:powIIPId><sln:powIIPPn>PL.PZGIK.200</sln:powIIPPn><sln:powIIPWersja>2012-09-27T10:00:59+02:00</sln:powIIPWersja><sln:powIdTeryt>2802</sln:powIdTeryt><sln:powNazwa>braniewski</sln:powNazwa><sln:waznyOd>2016-01-15T00:00:00+01:00</sln:waznyOd><sln:wojIIPId>45e7cfc6-6d8b-42ff-acbd-ef1d0a53dacb</sln:wojIIPId><sln:wojIIPPn>PL.PZGIK.200</sln:wojIIPPn><sln:wojIIPWersja>2012-09-27T13:45:13+02:00</sln:wojIIPWersja><sln:wojIdTeryt>28</sln:wojIdTeryt><sln:wojNazwa>warmińsko-mazurskie</sln:wojNazwa></sln:miejscowosc><sln:miejscowosc><sln:cyklZyciaOd>2016-03-15T00:00:00+01:00</sln:cyklZyciaOd><sln:gmIIPId>fb39d8de-59c1-4c44-aaac-a083fefaed9d</sln:gmIIPId><sln:gmIIPPn>PL.PZGIK.200</sln:gmIIPPn><sln:gmIIPWersja>2012-09-26T22:22:14+02:00</sln:gmIIPWersja><sln:gmIdTeryt>2802022</sln:gmIdTeryt><sln:gmNazwa>Braniewo</sln:gmNazwa><sln:miejscIIPId>f2e8a9fe-b40f-4592-bd94-24a368fe9a9b</sln:miejscIIPId><sln:miejscIIPPn>PL.PZGIK.200</sln:miejscIIPPn><sln:miejscIIPWersja>2016-11-24T09:19:53+02:00</sln:miejscIIPWersja><sln:miejscIdTeryt>0148435</sln:miejscIdTeryt><sln:miejscNazwa>Klejnówko</sln:miejscNazwa><sln:miejscRodzaj>Osada</sln:miejscRodzaj><sln:powIIPId>c30a8930-5d33-4129-9d64-f227367db167</sln:powIIPId><sln:powIIPPn>PL.PZGIK.200</sln:powIIPPn><sln:powIIPWersja>2012-09-27T10:00:59+02:00</sln:powIIPWersja><sln:powIdTeryt>2802</sln:powIdTeryt><sln:powNazwa>braniewski</sln:powNazwa><sln:waznyOd>2016-01-15T00:00:00+01:00</sln:waznyOd><sln:wojIIPId>45e7cfc6-6d8b-42ff-acbd-ef1d0a53dacb</sln:wojIIPId><sln:wojIIPPn>PL.PZGIK.200</sln:wojIIPPn><sln:wojIIPWersja>2012-09-27T13:45:13+02:00</sln:wojIIPWersja><sln:wojIdTeryt>28</sln:wojIdTeryt><sln:wojNazwa>warmińsko-mazurskie</sln:wojNazwa></sln:miejscowosc><sln:miejscowosc><sln:cyklZyciaOd>2016-03-15T00:00:00+01:00</sln:cyklZyciaOd><sln:gmIIPId>fb39d8de-59c1-4c44-aaac-a083fefaed9d</sln:gmIIPId><sln:gmIIPPn>PL.PZGIK.200</sln:gmIIPPn><sln:gmIIPWersja>2012-09-26T22:22:14+02:00</sln:gmIIPWersja><sln:gmIdTeryt>2802022</sln:gmIdTeryt><sln:gmNazwa>Braniewo</sln:gmNazwa><sln:miejscIIPId>f1f9c0a1-ad63-4b21-821c-a3cc24f48db2</sln:miejscIIPId><sln:miejscIIPPn>PL.PZGIK.200</sln:miejscIIPPn><sln:miejscIIPWersja>2016-11-24T09:19:53+02:00</sln:miejscIIPWersja><sln:miejscIdTeryt>0148441</sln:miejscIdTeryt><sln:miejscNazwa>Krasnolipie</sln:miejscNazwa><sln:miejscRodzaj>Wieś</sln:miejscRodzaj><sln:powIIPId>c30a8930-5d33-4129-9d64-f227367db167</sln:powIIPId><sln:powIIPPn>PL.PZGIK.200</sln:powIIPPn><sln:powIIPWersja>2012-09-27T10:00:59+02:00</sln:powIIPWersja><sln:powIdTeryt>2802</sln:powIdTeryt><sln:powNazwa>braniewski</sln:powNazwa><sln:waznyOd>2016-01-15T00:00:00+01:00</sln:waznyOd><sln:wojIIPId>45e7cfc6-6d8b-42ff-acbd-ef1d0a53dacb</sln:wojIIPId><sln:wojIIPPn>PL.PZGIK.200</sln:wojIIPPn><sln:wojIIPWersja>2012-09-27T13:45:13+02:00</sln:wojIIPWersja><sln:wojIdTeryt>28</sln:wojIdTeryt><sln:wojNazwa>warmińsko-mazurskie</sln:wojNazwa></sln:miejscowosc><sln:miejscowosc><sln:cyklZyciaOd>2016-03-15T00:00:00+01:00</sln:cyklZyciaOd><sln:gmIIPId>fb39d8de-59c1-4c44-aaac-a083fefaed9d</sln:gmIIPId><sln:gmIIPPn>PL.PZGIK.200</sln:gmIIPPn><sln:gmIIPWersja>2012-09-26T22:22:14+02:00</sln:gmIIPWersja><sln:gmIdTeryt>2802022</sln:gmIdTeryt><sln:gmNazwa>Braniewo</sln:gmNazwa><sln:miejscIIPId>39999dd8-a903-4253-ae40-c402e609b196</sln:miejscIIPId><sln:miejscIIPPn>PL.PZGIK.200</sln:miejscIIPPn><sln:miejscIIPWersja>2016-11-24T09:19:53+02:00</sln:miejscIIPWersja><sln:miejscIdTeryt>0148464</sln:miejscIdTeryt><sln:miejscNazwa>Krzewno</sln:miejscNazwa><sln:miejscRodzaj>Wieś</sln:miejscRodzaj><sln:powIIPId>c30a8930-5d33-4129-9d64-f227367db167</sln:powIIPId><sln:powIIPPn>PL.PZGIK.200</sln:powIIPPn><sln:powIIPWersja>2012-09-27T10:00:59+02:00</sln:powIIPWersja><sln:powIdTeryt>2802</sln:powIdTeryt><sln:powNazwa>braniewski</sln:powNazwa><sln:waznyOd>2016-01-15T00:00:00+01:00</sln:waznyOd><sln:wojIIPId>45e7cfc6-6d8b-42ff-acbd-ef1d0a53dacb</sln:wojIIPId><sln:wojIIPPn>PL.PZGIK.200</sln:wojIIPPn><sln:wojIIPWersja>2012-09-27T13:45:13+02:00</sln:wojIIPWersja><sln:wojIdTeryt>28</sln:wojIdTeryt><sln:wojNazwa>warmińsko-mazurskie</sln:wojNazwa></sln:miejscowosc><sln:miejscowosc><sln:cyklZyciaOd>2016-03-15T00:00:00+01:00</sln:cyklZyciaOd><sln:gmIIPId>fb39d8de-59c1-4c44-aaac-a083fefaed9d</sln:gmIIPId><sln:gmIIPPn>PL.PZGIK.200</sln:gmIIPPn><sln:gmIIPWersja>2012-09-26T22:22:14+02:00</sln:gmIIPWersja><sln:gmIdTeryt>2802022</sln:gmIdTeryt><sln:gmNazwa>Braniewo</sln:gmNazwa><sln:miejscIIPId>7b4d79b2-08fd-4b92-a1d8-315c5eee9a6b</sln:miejscIIPId><sln:miejscIIPPn>PL.PZGIK.200</sln:miejscIIPPn><sln:miejscIIPWersja>2016-11-24T09:19:53+02:00</sln:miejscIIPWersja><sln:miejscIdTeryt>0148808</sln:miejscIdTeryt><sln:miejscNazwa>Lipowina</sln:miejscNazwa><sln:miejscRodzaj>Osada</sln:miejscRodzaj><sln:powIIPId>c30a8930-5d33-4129-9d64-f227367db167</sln:powIIPId><sln:powIIPPn>PL.PZGIK.200</sln:powIIPPn><sln:powIIPWersja>2012-09-27T10:00:59+02:00</sln:powIIPWersja><sln:powIdTeryt>2802</sln:powIdTeryt><sln:powNazwa>braniewski</sln:powNazwa><sln:waznyOd>2016-01-15T00:00:00+01:00</sln:waznyOd><sln:wojIIPId>45e7cfc6-6d8b-42ff-acbd-ef1d0a53dacb</sln:wojIIPId><sln:wojIIPPn>PL.PZGIK.200</sln:wojIIPPn><sln:wojIIPWersja>2012-09-27T13:45:13+02:00</sln:wojIIPWersja><sln:wojIdTeryt>28</sln:wojIdTeryt><sln:wojNazwa>warmińsko-mazurskie</sln:wojNazwa></sln:miejscowosc><sln:miejscowosc><sln:cyklZyciaOd>2016-03-15T00:00:00+01:00</sln:cyklZyciaOd><sln:gmIIPId>fb39d8de-59c1-4c44-aaac-a083fefaed9d</sln:gmIIPId><sln:gmIIPPn>PL.PZGIK.200</sln:gmIIPPn><sln:gmIIPWersja>2012-09-26T22:22:14+02:00</sln:gmIIPWersja><sln:gmIdTeryt>2802022</sln:gmIdTeryt><sln:gmNazwa>Braniewo</sln:gmNazwa><sln:miejscIIPId>e562a44b-de0b-4b06-84c8-4a1c11b74866</sln:miejscIIPId><sln:miejscIIPPn>PL.PZGIK.200</sln:miejscIIPPn><sln:miejscIIPWersja>2016-11-24T09:19:53+02:00</sln:miejscIIPWersja><sln:miejscIdTeryt>0148470</sln:miejscIdTeryt><sln:miejscNazwa>Maciejewo</sln:miejscNazwa><sln:miejscRodzaj>Osada</sln:miejscRodzaj><sln:powIIPId>c30a8930-5d33-4129-9d64-f227367db167</sln:powIIPId><sln:powIIPPn>PL.PZGIK.200</sln:powIIPPn><sln:powIIPWersja>2012-09-27T10:00:59+02:00</sln:powIIPWersja><sln:powIdTeryt>2802</sln:powIdTeryt><sln:powNazwa>braniewski</sln:powNazwa><sln:waznyOd>2016-01-15T00:00:00+01:00</sln:waznyOd><sln:wojIIPId>45e7cfc6-6d8b-42ff-acbd-ef1d0a53dacb</sln:wojIIPId><sln:wojIIPPn>PL.PZGIK.200</sln:wojIIPPn><sln:wojIIPWersja>2012-09-27T13:45:13+02:00</sln:wojIIPWersja><sln:wojIdTeryt>28</sln:wojIdTeryt><sln:wojNazwa>warmińsko-mazurskie</sln:wojNazwa></sln:miejscowosc><sln:miejscowosc><sln:cyklZyciaOd>2016-03-15T00:00:00+01:00</sln:cyklZyciaOd><sln:gmIIPId>fb39d8de-59c1-4c44-aaac-a083fefaed9d</sln:gmIIPId><sln:gmIIPPn>PL.PZGIK.200</sln:gmIIPPn><sln:gmIIPWersja>2012-09-26T22:22:14+02:00</sln:gmIIPWersja><sln:gmIdTeryt>2802022</sln:gmIdTeryt><sln:gmNazwa>Braniewo</sln:gmNazwa><sln:miejscIIPId>4c3214b2-083c-42f3-b940-6bb8494be8db</sln:miejscIIPId><sln:miejscIIPPn>PL.PZGIK.200</sln:miejscIIPPn><sln:miejscIIPWersja>2016-11-24T14:00:30+02:00</sln:miejscIIPWersja><sln:miejscIdTeryt>1037838</sln:miejscIdTeryt><sln:miejscNazwa>Marcinkowo</sln:miejscNazwa><sln:miejscRodzaj>Osada</sln:miejscRodzaj><sln:powIIPId>c30a8930-5d33-4129-9d64-f227367db167</sln:powIIPId><sln:powIIPPn>PL.PZGIK.200</sln:powIIPPn><sln:powIIPWersja>2012-09-27T10:00:59+02:00</sln:powIIPWersja><sln:powIdTeryt>2802</sln:powIdTeryt><sln:powNazwa>braniewski</sln:powNazwa><sln:waznyOd>2016-01-15T00:00:00+01:00</sln:waznyOd><sln:wojIIPId>45e7cfc6-6d8b-42ff-acbd-ef1d0a53dacb</sln:wojIIPId><sln:wojIIPPn>PL.PZGIK.200</sln:wojIIPPn><sln:wojIIPWersja>2012-09-27T13:45:13+02:00</sln:wojIIPWersja><sln:wojIdTeryt>28</sln:wojIdTeryt><sln:wojNazwa>warmińsko-mazurskie</sln:wojNazwa></sln:miejscowosc><sln:miejscowosc><sln:cyklZyciaOd>2016-03-15T00:00:00+01:00</sln:cyklZyciaOd><sln:gmIIPId>fb39d8de-59c1-4c44-aaac-a083fefaed9d</sln:gmIIPId><sln:gmIIPPn>PL.PZGIK.200</sln:gmIIPPn><sln:gmIIPWersja>2012-09-26T22:22:14+02:00</sln:gmIIPWersja><sln:gmIdTeryt>2802022</sln:gmIdTeryt><sln:gmNazwa>Braniewo</sln:gmNazwa><sln:miejscIIPId>e3d5690f-57ac-43e5-8e14-fb55a1ef3859</sln:miejscIIPId><sln:miejscIIPPn>PL.PZGIK.200</sln:miejscIIPPn><sln:miejscIIPWersja>2016-11-24T09:19:53+02:00</sln:miejscIIPWersja><sln:miejscIdTeryt>0148487</sln:miejscIdTeryt><sln:miejscNazwa>Mikołajewo</sln:miejscNazwa><sln:miejscRodzaj>Wieś</sln:miejscRodzaj><sln:powIIPId>c30a8930-5d33-4129-9d64-f227367db167</sln:powIIPId><sln:powIIPPn>PL.PZGIK.200</sln:powIIPPn><sln:powIIPWersja>2012-09-27T10:00:59+02:00</sln:powIIPWersja><sln:powIdTeryt>2802</sln:powIdTeryt><sln:powNazwa>braniewski</sln:powNazwa><sln:waznyOd>2016-01-15T00:00:00+01:00</sln:waznyOd><sln:wojIIPId>45e7cfc6-6d8b-42ff-acbd-ef1d0a53dacb</sln:wojIIPId><sln:wojIIPPn>PL.PZGIK.200</sln:wojIIPPn><sln:wojIIPWersja>2012-09-27T13:45:13+02:00</sln:wojIIPWersja><sln:wojIdTeryt>28</sln:wojIdTeryt><sln:wojNazwa>warmińsko-mazurskie</sln:wojNazwa></sln:miejscowosc><sln:miejscowosc><sln:cyklZyciaOd>2016-03-15T00:00:00+01:00</sln:cyklZyciaOd><sln:gmIIPId>fb39d8de-59c1-4c44-aaac-a083fefaed9d</sln:gmIIPId><sln:gmIIPPn>PL.PZGIK.200</sln:gmIIPPn><sln:gmIIPWersja>2012-09-26T22:22:14+02:00</sln:gmIIPWersja><sln:gmIdTeryt>2802022</sln:gmIdTeryt><sln:gmNazwa>Braniewo</sln:gmNazwa><sln:miejscIIPId>078271f3-3da9-41ad-8b75-d1d379a367b8</sln:miejscIIPId><sln:miejscIIPPn>PL.PZGIK.200</sln:miejscIIPPn><sln:miejscIIPWersja>2016-11-24T09:19:53+02:00</sln:miejscIIPWersja><sln:miejscIdTeryt>0148493</sln:miejscIdTeryt><sln:miejscNazwa>Młoteczno</sln:miejscNazwa><sln:miejscRodzaj>Osada</sln:miejscRodzaj><sln:powIIPId>c30a8930-5d33-4129-9d64-f227367db167</sln:powIIPId><sln:powIIPPn>PL.PZGIK.200</sln:powIIPPn><sln:powIIPWersja>2012-09-27T10:00:59+02:00</sln:powIIPWersja><sln:powIdTeryt>2802</sln:powIdTeryt><sln:powNazwa>braniewski</sln:powNazwa><sln:waznyOd>2016-01-15T00:00:00+01:00</sln:waznyOd><sln:wojIIPId>45e7cfc6-6d8b-42ff-acbd-ef1d0a53dacb</sln:wojIIPId><sln:wojIIPPn>PL.PZGIK.200</sln:wojIIPPn><sln:wojIIPWersja>2012-09-27T13:45:13+02:00</sln:wojIIPWersja><sln:wojIdTeryt>28</sln:wojIdTeryt><sln:wojNazwa>warmińsko-mazurskie</sln:wojNazwa></sln:miejscowosc><sln:miejscowosc><sln:cyklZyciaOd>2016-03-15T00:00:00+01:00</sln:cyklZyciaOd><sln:gmIIPId>fb39d8de-59c1-4c44-aaac-a083fefaed9d</sln:gmIIPId><sln:gmIIPPn>PL.PZGIK.200</sln:gmIIPPn><sln:gmIIPWersja>2012-09-26T22:22:14+02:00</sln:gmIIPWersja><sln:gmIdTeryt>2802022</sln:gmIdTeryt><sln:gmNazwa>Braniewo</sln:gmNazwa><sln:miejscIIPId>64e3e108-1322-41ee-9203-efe4fd3d8931</sln:miejscIIPId><sln:miejscIIPPn>PL.PZGIK.200</sln:miejscIIPPn><sln:miejscIIPWersja>2016-11-24T09:19:53+02:00</sln:miejscIIPWersja><sln:miejscIdTeryt>0148501</sln:miejscIdTeryt><sln:miejscNazwa>Nowa Pasłęka</sln:miejscNazwa><sln:miejscRodzaj>Wieś</sln:miejscRodzaj><sln:powIIPId>c30a8930-5d33-4129-9d64-f227367db167</sln:powIIPId><sln:powIIPPn>PL.PZGIK.200</sln:powIIPPn><sln:powIIPWersja>2012-09-27T10:00:59+02:00</sln:powIIPWersja><sln:powIdTeryt>2802</sln:powIdTeryt><sln:powNazwa>braniewski</sln:powNazwa><sln:waznyOd>2016-01-15T00:00:00+01:00</sln:waznyOd><sln:wojIIPId>45e7cfc6-6d8b-42ff-acbd-ef1d0a53dacb</sln:wojIIPId><sln:wojIIPPn>PL.PZGIK.200</sln:wojIIPPn><sln:wojIIPWersja>2012-09-27T13:45:13+02:00</sln:wojIIPWersja><sln:wojIdTeryt>28</sln:wojIdTeryt><sln:wojNazwa>warmińsko-mazurskie</sln:wojNazwa></sln:miejscowosc><sln:miejscowosc><sln:cyklZyciaOd>2016-03-15T00:00:00+01:00</sln:cyklZyciaOd><sln:gmIIPId>fb39d8de-59c1-4c44-aaac-a083fefaed9d</sln:gmIIPId><sln:gmIIPPn>PL.PZGIK.200</sln:gmIIPPn><sln:gmIIPWersja>2012-09-26T22:22:14+02:00</sln:gmIIPWersja><sln:gmIdTeryt>2802022</sln:gmIdTeryt><sln:gmNazwa>Braniewo</sln:gmNazwa><sln:miejscIIPId>506d0175-613f-45ff-90b6-e39985b85319</sln:miejscIIPId><sln:miejscIIPPn>PL.PZGIK.200</sln:miejscIIPPn><sln:miejscIIPWersja>2016-11-24T09:19:53+02:00</sln:miejscIIPWersja><sln:miejscIdTeryt>0148524</sln:miejscIdTeryt><sln:miejscNazwa>Pęciszewo</sln:miejscNazwa><sln:miejscRodzaj>Wieś</sln:miejscRodzaj><sln:powIIPId>c30a8930-5d33-4129-9d64-f227367db167</sln:powIIPId><sln:powIIPPn>PL.PZGIK.200</sln:powIIPPn><sln:powIIPWersja>2012-09-27T10:00:59+02:00</sln:powIIPWersja><sln:powIdTeryt>2802</sln:powIdTeryt><sln:powNazwa>braniewski</sln:powNazwa><sln:waznyOd>2016-01-15T00:00:00+01:00</sln:waznyOd><sln:wojIIPId>45e7cfc6-6d8b-42ff-acbd-ef1d0a53dacb</sln:wojIIPId><sln:wojIIPPn>PL.PZGIK.200</sln:wojIIPPn><sln:wojIIPWersja>2012-09-27T13:45:13+02:00</sln:wojIIPWersja><sln:wojIdTeryt>28</sln:wojIdTeryt><sln:wojNazwa>warmińsko-mazurskie</sln:wojNazwa></sln:miejscowosc><sln:miejscowosc><sln:cyklZyciaOd>2016-03-15T00:00:00+01:00</sln:cyklZyciaOd><sln:gmIIPId>fb39d8de-59c1-4c44-aaac-a083fefaed9d</sln:gmIIPId><sln:gmIIPPn>PL.PZGIK.200</sln:gmIIPPn><sln:gmIIPWersja>2012-09-26T22:22:14+02:00</sln:gmIIPWersja><sln:gmIdTeryt>2802022</sln:gmIdTeryt><sln:gmNazwa>Braniewo</sln:gmNazwa><sln:miejscIIPId>1d16a6a8-8092-45fe-b6f2-9546fc475b43</sln:miejscIIPId><sln:miejscIIPPn>PL.PZGIK.200</sln:miejscIIPPn><sln:miejscIIPWersja>2016-11-24T09:19:53+02:00</sln:miejscIIPWersja><sln:miejscIdTeryt>0148530</sln:miejscIdTeryt><sln:miejscNazwa>Podgórze</sln:miejscNazwa><sln:miejscRodzaj>Wieś</sln:miejscRodzaj><sln:powIIPId>c30a8930-5d33-4129-9d64-f227367db167</sln:powIIPId><sln:powIIPPn>PL.PZGIK.200</sln:powIIPPn><sln:powIIPWersja>2012-09-27T10:00:59+02:00</sln:powIIPWersja><sln:powIdTeryt>2802</sln:powIdTeryt><sln:powNazwa>braniewski</sln:powNazwa><sln:waznyOd>2016-01-15T00:00:00+01:00</sln:waznyOd><sln:wojIIPId>45e7cfc6-6d8b-42ff-acbd-ef1d0a53dacb</sln:wojIIPId><sln:wojIIPPn>PL.PZGIK.200</sln:wojIIPPn><sln:wojIIPWersja>2012-09-27T13:45:13+02:00</sln:wojIIPWersja><sln:wojIdTeryt>28</sln:wojIdTeryt><sln:wojNazwa>warmińsko-mazurskie</sln:wojNazwa></sln:miejscowosc><sln:miejscowosc><sln:cyklZyciaOd>2016-03-15T00:00:00+01:00</sln:cyklZyciaOd><sln:gmIIPId>fb39d8de-59c1-4c44-aaac-a083fefaed9d</sln:gmIIPId><sln:gmIIPPn>PL.PZGIK.200</sln:gmIIPPn><sln:gmIIPWersja>2012-09-26T22:22:14+02:00</sln:gmIIPWersja><sln:gmIdTeryt>2802022</sln:gmIdTeryt><sln:gmNazwa>Braniewo</sln:gmNazwa><sln:miejscIIPId>a5b298be-f1c2-4728-868a-7ff1c09d8450</sln:miejscIIPId><sln:miejscIIPPn>PL.PZGIK.200</sln:miejscIIPPn><sln:miejscIIPWersja>2016-11-24T09:19:53+02:00</sln:miejscIIPWersja><sln:miejscIdTeryt>0148553</sln:miejscIdTeryt><sln:miejscNazwa>Podleśne</sln:miejscNazwa><sln:miejscRodzaj>Osada</sln:miejscRodzaj><sln:powIIPId>c30a8930-5d33-4129-9d64-f227367db167</sln:powIIPId><sln:powIIPPn>PL.PZGIK.200</sln:powIIPPn><sln:powIIPWersja>2012-09-27T10:00:59+02:00</sln:powIIPWersja><sln:powIdTeryt>2802</sln:powIdTeryt><sln:powNazwa>braniewski</sln:powNazwa><sln:waznyOd>2016-01-15T00:00:00+01:00</sln:waznyOd><sln:wojIIPId>45e7cfc6-6d8b-42ff-acbd-ef1d0a53dacb</sln:wojIIPId><sln:wojIIPPn>PL.PZGIK.200</sln:wojIIPPn><sln:wojIIPWersja>2012-09-27T13:45:13+02:00</sln:wojIIPWersja><sln:wojIdTeryt>28</sln:wojIdTeryt><sln:wojNazwa>warmińsko-mazurskie</sln:wojNazwa></sln:miejscowosc><sln:miejscowosc><sln:cyklZyciaOd>2016-03-15T00:00:00+01:00</sln:cyklZyciaOd><sln:gmIIPId>fb39d8de-59c1-4c44-aaac-a083fefaed9d</sln:gmIIPId><sln:gmIIPPn>PL.PZGIK.200</sln:gmIIPPn><sln:gmIIPWersja>2012-09-26T22:22:14+02:00</sln:gmIIPWersja><sln:gmIdTeryt>2802022</sln:gmIdTeryt><sln:gmNazwa>Braniewo</sln:gmNazwa><sln:miejscIIPId>371a5f04-dc8e-44e1-8bda-41f5ebd0a0ef</sln:miejscIIPId><sln:miejscIIPPn>PL.PZGIK.200</sln:miejscIIPPn><sln:miejscIIPWersja>2016-11-24T09:19:53+02:00</sln:miejscIIPWersja><sln:miejscIdTeryt>0148866</sln:miejscIdTeryt><sln:miejscNazwa>Prątnik</sln:miejscNazwa><sln:miejscRodzaj>Kolonia</sln:miejscRodzaj><sln:powIIPId>c30a8930-5d33-4129-9d64-f227367db167</sln:powIIPId><sln:powIIPPn>PL.PZGIK.200</sln:powIIPPn><sln:powIIPWersja>2012-09-27T10:00:59+02:00</sln:powIIPWersja><sln:powIdTeryt>2802</sln:powIdTeryt><sln:powNazwa>braniewski</sln:powNazwa><sln:waznyOd>2016-01-15T00:00:00+01:00</sln:waznyOd><sln:wojIIPId>45e7cfc6-6d8b-42ff-acbd-ef1d0a53dacb</sln:wojIIPId><sln:wojIIPPn>PL.PZGIK.200</sln:wojIIPPn><sln:wojIIPWersja>2012-09-27T13:45:13+02:00</sln:wojIIPWersja><sln:wojIdTeryt>28</sln:wojIdTeryt><sln:wojNazwa>warmińsko-mazurskie</sln:wojNazwa></sln:miejscowosc><sln:miejscowosc><sln:cyklZyciaOd>2016-03-15T00:00:00+01:00</sln:cyklZyciaOd><sln:gmIIPId>fb39d8de-59c1-4c44-aaac-a083fefaed9d</sln:gmIIPId><sln:gmIIPPn>PL.PZGIK.200</sln:gmIIPPn><sln:gmIIPWersja>2012-09-26T22:22:14+02:00</sln:gmIIPWersja><sln:gmIdTeryt>2802022</sln:gmIdTeryt><sln:gmNazwa>Braniewo</sln:gmNazwa><sln:miejscIIPId>6a0b7c6a-459f-4d06-a43b-454b1890b11f</sln:miejscIIPId><sln:miejscIIPPn>PL.PZGIK.200</sln:miejscIIPPn><sln:miejscIIPWersja>2016-11-24T09:19:53+02:00</sln:miejscIIPWersja><sln:miejscIdTeryt>0148702</sln:miejscIdTeryt><sln:miejscNazwa>Prętki</sln:miejscNazwa><sln:miejscRodzaj>Inny obiekt</sln:miejscRodzaj><sln:powIIPId>c30a8930-5d33-4129-9d64-f227367db167</sln:powIIPId><sln:powIIPPn>PL.PZGIK.200</sln:powIIPPn><sln:powIIPWersja>2012-09-27T10:00:59+02:00</sln:powIIPWersja><sln:powIdTeryt>2802</sln:powIdTeryt><sln:powNazwa>braniewski</sln:powNazwa><sln:waznyOd>2016-01-15T00:00:00+01:00</sln:waznyOd><sln:wojIIPId>45e7cfc6-6d8b-42ff-acbd-ef1d0a53dacb</sln:wojIIPId><sln:wojIIPPn>PL.PZGIK.200</sln:wojIIPPn><sln:wojIIPWersja>2012-09-27T13:45:13+02:00</sln:wojIIPWersja><sln:wojIdTeryt>28</sln:wojIdTeryt><sln:wojNazwa>warmińsko-mazurskie</sln:wojNazwa></sln:miejscowosc><sln:miejscowosc><sln:cyklZyciaOd>2016-03-15T00:00:00+01:00</sln:cyklZyciaOd><sln:gmIIPId>fb39d8de-59c1-4c44-aaac-a083fefaed9d</sln:gmIIPId><sln:gmIIPPn>PL.PZGIK.200</sln:gmIIPPn><sln:gmIIPWersja>2012-09-26T22:22:14+02:00</sln:gmIIPWersja><sln:gmIdTeryt>2802022</sln:gmIdTeryt><sln:gmNazwa>Braniewo</sln:gmNazwa><sln:miejscIIPId>08f324f9-589b-41fc-81ec-2719407e1f48</sln:miejscIIPId><sln:miejscIIPPn>PL.PZGIK.200</sln:miejscIIPPn><sln:miejscIIPWersja>2016-11-24T09:19:53+02:00</sln:miejscIIPWersja><sln:miejscIdTeryt>0148560</sln:miejscIdTeryt><sln:miejscNazwa>Rodowo</sln:miejscNazwa><sln:miejscRodzaj>Wieś</sln:miejscRodzaj><sln:powIIPId>c30a8930-5d33-4129-9d64-f227367db167</sln:powIIPId><sln:powIIPPn>PL.PZGIK.200</sln:powIIPPn><sln:powIIPWersja>2012-09-27T10:00:59+02:00</sln:powIIPWersja><sln:powIdTeryt>2802</sln:powIdTeryt><sln:powNazwa>braniewski</sln:powNazwa><sln:waznyOd>2016-01-15T00:00:00+01:00</sln:waznyOd><sln:wojIIPId>45e7cfc6-6d8b-42ff-acbd-ef1d0a53dacb</sln:wojIIPId><sln:wojIIPPn>PL.PZGIK.200</sln:wojIIPPn><sln:wojIIPWersja>2012-09-27T13:45:13+02:00</sln:wojIIPWersja><sln:wojIdTeryt>28</sln:wojIdTeryt><sln:wojNazwa>warmińsko-mazurskie</sln:wojNazwa></sln:miejscowosc><sln:miejscowosc><sln:cyklZyciaOd>2016-03-15T00:00:00+01:00</sln:cyklZyciaOd><sln:gmIIPId>fb39d8de-59c1-4c44-aaac-a083fefaed9d</sln:gmIIPId><sln:gmIIPPn>PL.PZGIK.200</sln:gmIIPPn><sln:gmIIPWersja>2012-09-26T22:22:14+02:00</sln:gmIIPWersja><sln:gmIdTeryt>2802022</sln:gmIdTeryt><sln:gmNazwa>Braniewo</sln:gmNazwa><sln:miejscIIPId>c23ea45e-e281-47d6-80bc-597d087292ee</sln:miejscIIPId><sln:miejscIIPPn>PL.PZGIK.200</sln:miejscIIPPn><sln:miejscIIPWersja>2016-11-24T09:19:53+02:00</sln:miejscIIPWersja><sln:miejscIdTeryt>0148576</sln:miejscIdTeryt><sln:miejscNazwa>Rogity</sln:miejscNazwa><sln:miejscRodzaj>Wieś</sln:miejscRodzaj><sln:powIIPId>c30a8930-5d33-4129-9d64-f227367db167</sln:powIIPId><sln:powIIPPn>PL.PZGIK.200</sln:powIIPPn><sln:powIIPWersja>2012-09-27T10:00:59+02:00</sln:powIIPWersja><sln:powIdTeryt>2802</sln:powIdTeryt><sln:powNazwa>braniewski</sln:powNazwa><sln:waznyOd>2016-01-15T00:00:00+01:00</sln:waznyOd><sln:wojIIPId>45e7cfc6-6d8b-42ff-acbd-ef1d0a53dacb</sln:wojIIPId><sln:wojIIPPn>PL.PZGIK.200</sln:wojIIPPn><sln:wojIIPWersja>2012-09-27T13:45:13+02:00</sln:wojIIPWersja><sln:wojIdTeryt>28</sln:wojIdTeryt><sln:wojNazwa>warmińsko-mazurskie</sln:wojNazwa></sln:miejscowosc><sln:miejscowosc><sln:cyklZyciaOd>2016-03-15T00:00:00+01:00</sln:cyklZyciaOd><sln:gmIIPId>fb39d8de-59c1-4c44-aaac-a083fefaed9d</sln:gmIIPId><sln:gmIIPPn>PL.PZGIK.200</sln:gmIIPPn><sln:gmIIPWersja>2012-09-26T22:22:14+02:00</sln:gmIIPWersja><sln:gmIdTeryt>2802022</sln:gmIdTeryt><sln:gmNazwa>Braniewo</sln:gmNazwa><sln:miejscIIPId>b3e02b36-5590-4227-a804-42dc5f550fbe</sln:miejscIIPId><sln:miejscIIPPn>PL.PZGIK.200</sln:miejscIIPPn><sln:miejscIIPWersja>2016-11-24T09:19:53+02:00</sln:miejscIIPWersja><sln:miejscIdTeryt>0148582</sln:miejscIdTeryt><sln:miejscNazwa>Rogity (osada leśna)</sln:miejscNazwa><sln:miejscRodzaj>Osada leśna</sln:miejscRodzaj><sln:powIIPId>c30a8930-5d33-4129-9d64-f227367db167</sln:powIIPId><sln:powIIPPn>PL.PZGIK.200</sln:powIIPPn><sln:powIIPWersja>2012-09-27T10:00:59+02:00</sln:powIIPWersja><sln:powIdTeryt>2802</sln:powIdTeryt><sln:powNazwa>braniewski</sln:powNazwa><sln:waznyOd>2016-01-20T00:00:00+01:00</sln:waznyOd><sln:wojIIPId>45e7cfc6-6d8b-42ff-acbd-ef1d0a53dacb</sln:wojIIPId><sln:wojIIPPn>PL.PZGIK.200</sln:wojIIPPn><sln:wojIIPWersja>2012-09-27T13:45:13+02:00</sln:wojIIPWersja><sln:wojIdTeryt>28</sln:wojIdTeryt><sln:wojNazwa>warmińsko-mazurskie</sln:wojNazwa></sln:miejscowosc><sln:miejscowosc><sln:cyklZyciaOd>2016-03-15T00:00:00+01:00</sln:cyklZyciaOd><sln:gmIIPId>fb39d8de-59c1-4c44-aaac-a083fefaed9d</sln:gmIIPId><sln:gmIIPPn>PL.PZGIK.200</sln:gmIIPPn><sln:gmIIPWersja>2012-09-26T22:22:14+02:00</sln:gmIIPWersja><sln:gmIdTeryt>2802022</sln:gmIdTeryt><sln:gmNazwa>Braniewo</sln:gmNazwa><sln:miejscIIPId>2d6091f8-b4f1-4d25-8a12-da6b5aca2263</sln:miejscIIPId><sln:miejscIIPPn>PL.PZGIK.200</sln:miejscIIPPn><sln:miejscIIPWersja>2016-11-24T09:19:53+02:00</sln:miejscIIPWersja><sln:miejscIdTeryt>0148599</sln:miejscIdTeryt><sln:miejscNazwa>Różaniec</sln:miejscNazwa><sln:miejscRodzaj>Osada</sln:miejscRodzaj><sln:powIIPId>c30a8930-5d33-4129-9d64-f227367db167</sln:powIIPId><sln:powIIPPn>PL.PZGIK.200</sln:powIIPPn><sln:powIIPWersja>2012-09-27T10:00:59+02:00</sln:powIIPWersja><sln:powIdTeryt>2802</sln:powIdTeryt><sln:powNazwa>braniewski</sln:powNazwa><sln:waznyOd>2016-01-15T00:00:00+01:00</sln:waznyOd><sln:wojIIPId>45e7cfc6-6d8b-42ff-acbd-ef1d0a53dacb</sln:wojIIPId><sln:wojIIPPn>PL.PZGIK.200</sln:wojIIPPn><sln:wojIIPWersja>2012-09-27T13:45:13+02:00</sln:wojIIPWersja><sln:wojIdTeryt>28</sln:wojIdTeryt><sln:wojNazwa>warmińsko-mazurskie</sln:wojNazwa></sln:miejscowosc><sln:miejscowosc><sln:cyklZyciaOd>2016-03-15T00:00:00+01:00</sln:cyklZyciaOd><sln:gmIIPId>fb39d8de-59c1-4c44-aaac-a083fefaed9d</sln:gmIIPId><sln:gmIIPPn>PL.PZGIK.200</sln:gmIIPPn><sln:gmIIPWersja>2012-09-26T22:22:14+02:00</sln:gmIIPWersja><sln:gmIdTeryt>2802022</sln:gmIdTeryt><sln:gmNazwa>Braniewo</sln:gmNazwa><sln:miejscIIPId>dd800fa3-f320-4101-9e74-db3e424d58e4</sln:miejscIIPId><sln:miejscIIPPn>PL.PZGIK.200</sln:miejscIIPPn><sln:miejscIIPWersja>2016-11-24T09:19:53+02:00</sln:miejscIIPWersja><sln:miejscIdTeryt>0148607</sln:miejscIdTeryt><sln:miejscNazwa>Rudłowo</sln:miejscNazwa><sln:miejscRodzaj>Osada</sln:miejscRodzaj><sln:powIIPId>c30a8930-5d33-4129-9d64-f227367db167</sln:powIIPId><sln:powIIPPn>PL.PZGIK.200</sln:powIIPPn><sln:powIIPWersja>2012-09-27T10:00:59+02:00</sln:powIIPWersja><sln:powIdTeryt>2802</sln:powIdTeryt><sln:powNazwa>braniewski</sln:powNazwa><sln:waznyOd>2016-01-15T00:00:00+01:00</sln:waznyOd><sln:wojIIPId>45e7cfc6-6d8b-42ff-acbd-ef1d0a53dacb</sln:wojIIPId><sln:wojIIPPn>PL.PZGIK.200</sln:wojIIPPn><sln:wojIIPWersja>2012-09-27T13:45:13+02:00</sln:wojIIPWersja><sln:wojIdTeryt>28</sln:wojIdTeryt><sln:wojNazwa>warmińsko-mazurskie</sln:wojNazwa></sln:miejscowosc><sln:miejscowosc><sln:cyklZyciaOd>2016-03-15T00:00:00+01:00</sln:cyklZyciaOd><sln:gmIIPId>fb39d8de-59c1-4c44-aaac-a083fefaed9d</sln:gmIIPId><sln:gmIIPPn>PL.PZGIK.200</sln:gmIIPPn><sln:gmIIPWersja>2012-09-26T22:22:14+02:00</sln:gmIIPWersja><sln:gmIdTeryt>2802022</sln:gmIdTeryt><sln:gmNazwa>Braniewo</sln:gmNazwa><sln:miejscIIPId>50a6c469-4d40-4309-832d-043857d9e4dd</sln:miejscIIPId><sln:miejscIIPPn>PL.PZGIK.200</sln:miejscIIPPn><sln:miejscIIPWersja>2016-11-24T09:19:53+02:00</sln:miejscIIPWersja><sln:miejscIdTeryt>0148613</sln:miejscIdTeryt><sln:miejscNazwa>Rusy</sln:miejscNazwa><sln:miejscRodzaj>Wieś</sln:miejscRodzaj><sln:powIIPId>c30a8930-5d33-4129-9d64-f227367db167</sln:powIIPId><sln:powIIPPn>PL.PZGIK.200</sln:powIIPPn><sln:powIIPWersja>2012-09-27T10:00:59+02:00</sln:powIIPWersja><sln:powIdTeryt>2802</sln:powIdTeryt><sln:powNazwa>braniewski</sln:powNazwa><sln:waznyOd>2016-01-15T00:00:00+01:00</sln:waznyOd><sln:wojIIPId>45e7cfc6-6d8b-42ff-acbd-ef1d0a53dacb</sln:wojIIPId><sln:wojIIPPn>PL.PZGIK.200</sln:wojIIPPn><sln:wojIIPWersja>2012-09-27T13:45:13+02:00</sln:wojIIPWersja><sln:wojIdTeryt>28</sln:wojIdTeryt><sln:wojNazwa>warmińsko-mazurskie</sln:wojNazwa></sln:miejscowosc><sln:miejscowosc><sln:cyklZyciaOd>2016-03-15T00:00:00+01:00</sln:cyklZyciaOd><sln:gmIIPId>fb39d8de-59c1-4c44-aaac-a083fefaed9d</sln:gmIIPId><sln:gmIIPPn>PL.PZGIK.200</sln:gmIIPPn><sln:gmIIPWersja>2012-09-26T22:22:14+02:00</sln:gmIIPWersja><sln:gmIdTeryt>2802022</sln:gmIdTeryt><sln:gmNazwa>Braniewo</sln:gmNazwa><sln:miejscIIPId>f0649ce6-926e-4b04-9287-2b5cb16a1e48</sln:miejscIIPId><sln:miejscIIPPn>PL.PZGIK.200</sln:miejscIIPPn><sln:miejscIIPWersja>2016-11-24T09:19:53+02:00</sln:miejscIIPWersja><sln:miejscIdTeryt>0148659</sln:miejscIdTeryt><sln:miejscNazwa>Rydzówka</sln:miejscNazwa><sln:miejscRodzaj>Osada</sln:miejscRodzaj><sln:powIIPId>c30a8930-5d33-4129-9d64-f227367db167</sln:powIIPId><sln:powIIPPn>PL.PZGIK.200</sln:powIIPPn><sln:powIIPWersja>2012-09-27T10:00:59+02:00</sln:powIIPWersja><sln:powIdTeryt>2802</sln:powIdTeryt><sln:powNazwa>braniewski</sln:powNazwa><sln:waznyOd>2016-01-15T00:00:00+01:00</sln:waznyOd><sln:wojIIPId>45e7cfc6-6d8b-42ff-acbd-ef1d0a53dacb</sln:wojIIPId><sln:wojIIPPn>PL.PZGIK.200</sln:wojIIPPn><sln:wojIIPWersja>2012-09-27T13:45:13+02:00</sln:wojIIPWersja><sln:wojIdTeryt>28</sln:wojIdTeryt><sln:wojNazwa>warmińsko-mazurskie</sln:wojNazwa></sln:miejscowosc><sln:miejscowosc><sln:cyklZyciaOd>2016-03-15T00:00:00+01:00</sln:cyklZyciaOd><sln:gmIIPId>fb39d8de-59c1-4c44-aaac-a083fefaed9d</sln:gmIIPId><sln:gmIIPPn>PL.PZGIK.200</sln:gmIIPPn><sln:gmIIPWersja>2012-09-26T22:22:14+02:00</sln:gmIIPWersja><sln:gmIdTeryt>2802022</sln:gmIdTeryt><sln:gmNazwa>Braniewo</sln:gmNazwa><sln:miejscIIPId>eda1d88a-6fc8-481d-bf20-0778b9c6bb18</sln:miejscIIPId><sln:miejscIIPPn>PL.PZGIK.200</sln:miejscIIPPn><sln:miejscIIPWersja>2016-11-24T09:19:53+02:00</sln:miejscIIPWersja><sln:miejscIdTeryt>0148406</sln:miejscIdTeryt><sln:miejscNazwa>Sarniki</sln:miejscNazwa><sln:miejscRodzaj>Osada</sln:miejscRodzaj><sln:powIIPId>c30a8930-5d33-4129-9d64-f227367db167</sln:powIIPId><sln:powIIPPn>PL.PZGIK.200</sln:powIIPPn><sln:powIIPWersja>2012-09-27T10:00:59+02:00</sln:powIIPWersja><sln:powIdTeryt>2802</sln:powIdTeryt><sln:powNazwa>braniewski</sln:powNazwa><sln:waznyOd>2016-01-15T00:00:00+01:00</sln:waznyOd><sln:wojIIPId>45e7cfc6-6d8b-42ff-acbd-ef1d0a53dacb</sln:wojIIPId><sln:wojIIPPn>PL.PZGIK.200</sln:wojIIPPn><sln:wojIIPWersja>2012-09-27T13:45:13+02:00</sln:wojIIPWersja><sln:wojIdTeryt>28</sln:wojIdTeryt><sln:wojNazwa>warmińsko-mazurskie</sln:wojNazwa></sln:miejscowosc></sln:lista-miejscowosci>