<?xml version="1.0" encoding="UTF-8" standalone="yes"?><sln:lista-miejscowosci xmlns:srv="http://gugik.gov.pl/schemas/slowniki-service/1.0" xmlns:sln="http://gugik.gov.pl/schemas/slowniki-schema/1.0"><sln:miejscowosc><sln:cyklZyciaDo>2017-04-07T00:00:00+02:00</sln:cyklZyciaDo><sln:cyklZyciaOd>2015-08-12T00:00:00+02:00</sln:cyklZyciaOd><sln:gmIIPId>ac7271c6-3ea5-4327-973e-f8dac737be0f</sln:gmIIPId><sln:gmIIPPn>PL.PZGIK.200</sln:gmIIPPn><sln:gmIIPWersja>2012-09-26T22:22:05+02:00</sln:gmIIPWersja><sln:gmIdTeryt>2819022</sln:gmIdTeryt><sln:gmNazwa>Pozezdrze</sln:gmNazwa><sln:miejscIIPId>c178bef2-91a7-429e-9e78-f3f2188ec662</sln:miejscIIPId><sln:miejscIIPPn>PL.PZGIK.200</sln:miejscIIPPn><sln:miejscIIPWersja>2016-11-24T12:32:08+02:00</sln:miejscIIPWersja><sln:miejscIdTeryt>0765091</sln:miejscIdTeryt><sln:miejscNazwa>Dziaduszyn</sln:miejscNazwa><sln:miejscRodzaj>Wieś</sln:miejscRodzaj><sln:powIIPId>78e43ff2-3a0c-497c-ba06-95f283fc066c</sln:powIIPId><sln:powIIPPn>PL.PZGIK.200</sln:powIIPPn><sln:powIIPWersja>2012-09-27T10:00:59+02:00</sln:powIIPWersja><sln:powIdTeryt>2819</sln:powIdTeryt><sln:powNazwa>węgorzewski</sln:powNazwa><sln:waznyOd>2013-12-27T00:00:00+01:00</sln:waznyOd><sln:wojIIPId>45e7cfc6-6d8b-42ff-acbd-ef1d0a53dacb</sln:wojIIPId><sln:wojIIPPn>PL.PZGIK.200</sln:wojIIPPn><sln:wojIIPWersja>2012-09-27T13:45:13+02:00</sln:wojIIPWersja><sln:wojIdTeryt>28</sln:wojIdTeryt><sln:wojNazwa>warmińsko-mazurskie</sln:wojNazwa></sln:miejscowosc><sln:miejscowosc><sln:cyklZyciaDo>2017-04-07T00:00:00+02:00</sln:cyklZyciaDo><sln:cyklZyciaOd>2015-08-12T00:00:00+02:00</sln:cyklZyciaOd><sln:gmIIPId>ac7271c6-3ea5-4327-973e-f8dac737be0f</sln:gmIIPId><sln:gmIIPPn>PL.PZGIK.200</sln:gmIIPPn><sln:gmIIPWersja>2012-09-26T22:22:05+02:00</sln:gmIIPWersja><sln:gmIdTeryt>2819022</sln:gmIdTeryt><sln:gmNazwa>Pozezdrze</sln:gmNazwa><sln:miejscIIPId>43187af8-5593-4855-8720-fc8a417deaf4</sln:miejscIIPId><sln:miejscIIPPn>PL.PZGIK.200</sln:miejscIIPPn><sln:miejscIIPWersja>2016-11-24T12:32:08+02:00</sln:miejscIIPWersja><sln:miejscIdTeryt>0765100</sln:miejscIdTeryt><sln:miejscNazwa>Gębałka</sln:miejscNazwa><sln:miejscRodzaj>Wieś</sln:miejscRodzaj><sln:powIIPId>78e43ff2-3a0c-497c-ba06-95f283fc066c</sln:powIIPId><sln:powIIPPn>PL.PZGIK.200</sln:powIIPPn><sln:powIIPWersja>2012-09-27T10:00:59+02:00</sln:powIIPWersja><sln:powIdTeryt>2819</sln:powIdTeryt><sln:powNazwa>węgorzewski</sln:powNazwa><sln:waznyOd>2013-12-27T00:00:00+01:00</sln:waznyOd><sln:wojIIPId>45e7cfc6-6d8b-42ff-acbd-ef1d0a53dacb</sln:wojIIPId><sln:wojIIPPn>PL.PZGIK.200</sln:wojIIPPn><sln:wojIIPWersja>2012-09-27T13:45:13+02:00</sln:wojIIPWersja><sln:wojIdTeryt>28</sln:wojIdTeryt><sln:wojNazwa>warmińsko-mazurskie</sln:wojNazwa></sln:miejscowosc><sln:miejscowosc><sln:cyklZyciaDo>2017-04-07T00:00:00+02:00</sln:cyklZyciaDo><sln:cyklZyciaOd>2015-08-12T00:00:00+02:00</sln:cyklZyciaOd><sln:gmIIPId>ac7271c6-3ea5-4327-973e-f8dac737be0f</sln:gmIIPId><sln:gmIIPPn>PL.PZGIK.200</sln:gmIIPPn><sln:gmIIPWersja>2012-09-26T22:22:05+02:00</sln:gmIIPWersja><sln:gmIdTeryt>2819022</sln:gmIdTeryt><sln:gmNazwa>Pozezdrze</sln:gmNazwa><sln:miejscIIPId>a38104cd-2c47-41bc-8d12-a79a6ead042a</sln:miejscIIPId><sln:miejscIIPPn>PL.PZGIK.200</sln:miejscIIPPn><sln:miejscIIPWersja>2016-11-24T12:32:08+02:00</sln:miejscIIPWersja><sln:miejscIdTeryt>0765116</sln:miejscIdTeryt><sln:miejscNazwa>Harsz</sln:miejscNazwa><sln:miejscRodzaj>Wieś</sln:miejscRodzaj><sln:powIIPId>78e43ff2-3a0c-497c-ba06-95f283fc066c</sln:powIIPId><sln:powIIPPn>PL.PZGIK.200</sln:powIIPPn><sln:powIIPWersja>2012-09-27T10:00:59+02:00</sln:powIIPWersja><sln:powIdTeryt>2819</sln:powIdTeryt><sln:powNazwa>węgorzewski</sln:powNazwa><sln:waznyOd>2013-12-27T00:00:00+01:00</sln:waznyOd><sln:wojIIPId>45e7cfc6-6d8b-42ff-acbd-ef1d0a53dacb</sln:wojIIPId><sln:wojIIPPn>PL.PZGIK.200</sln:wojIIPPn><sln:wojIIPWersja>2012-09-27T13:45:13+02:00</sln:wojIIPWersja><sln:wojIdTeryt>28</sln:wojIdTeryt><sln:wojNazwa>warmińsko-mazurskie</sln:wojNazwa></sln:miejscowosc><sln:miejscowosc><sln:cyklZyciaDo>2017-04-07T00:00:00+02:00</sln:cyklZyciaDo><sln:cyklZyciaOd>2015-08-12T00:00:00+02:00</sln:cyklZyciaOd><sln:gmIIPId>ac7271c6-3ea5-4327-973e-f8dac737be0f</sln:gmIIPId><sln:gmIIPPn>PL.PZGIK.200</sln:gmIIPPn><sln:gmIIPWersja>2012-09-26T22:22:05+02:00</sln:gmIIPWersja><sln:gmIdTeryt>2819022</sln:gmIdTeryt><sln:gmNazwa>Pozezdrze</sln:gmNazwa><sln:miejscIIPId>b7589254-56da-42dc-96df-67aa91d9555b</sln:miejscIIPId><sln:miejscIIPPn>PL.PZGIK.200</sln:miejscIIPPn><sln:miejscIIPWersja>2016-11-24T12:32:08+02:00</sln:miejscIIPWersja><sln:miejscIdTeryt>0765174</sln:miejscIdTeryt><sln:miejscNazwa>Jakunówko</sln:miejscNazwa><sln:miejscRodzaj>Wieś</sln:miejscRodzaj><sln:powIIPId>78e43ff2-3a0c-497c-ba06-95f283fc066c</sln:powIIPId><sln:powIIPPn>PL.PZGIK.200</sln:powIIPPn><sln:powIIPWersja>2012-09-27T10:00:59+02:00</sln:powIIPWersja><sln:powIdTeryt>2819</sln:powIdTeryt><sln:powNazwa>węgorzewski</sln:powNazwa><sln:waznyOd>2013-12-27T00:00:00+01:00</sln:waznyOd><sln:wojIIPId>45e7cfc6-6d8b-42ff-acbd-ef1d0a53dacb</sln:wojIIPId><sln:wojIIPPn>PL.PZGIK.200</sln:wojIIPPn><sln:wojIIPWersja>2012-09-27T13:45:13+02:00</sln:wojIIPWersja><sln:wojIdTeryt>28</sln:wojIdTeryt><sln:wojNazwa>warmińsko-mazurskie</sln:wojNazwa></sln:miejscowosc><sln:miejscowosc><sln:cyklZyciaDo>2017-04-07T00:00:00+02:00</sln:cyklZyciaDo><sln:cyklZyciaOd>2015-08-12T00:00:00+02:00</sln:cyklZyciaOd><sln:gmIIPId>ac7271c6-3ea5-4327-973e-f8dac737be0f</sln:gmIIPId><sln:gmIIPPn>PL.PZGIK.200</sln:gmIIPPn><sln:gmIIPWersja>2012-09-26T22:22:05+02:00</sln:gmIIPWersja><sln:gmIdTeryt>2819022</sln:gmIdTeryt><sln:gmNazwa>Pozezdrze</sln:gmNazwa><sln:miejscIIPId>47421c12-2f23-46af-a31c-197bf5b1ed61</sln:miejscIIPId><sln:miejscIIPPn>PL.PZGIK.200</sln:miejscIIPPn><sln:miejscIIPWersja>2016-11-24T12:32:08+02:00</sln:miejscIIPWersja><sln:miejscIdTeryt>0765197</sln:miejscIdTeryt><sln:miejscNazwa>Kolonia Pozezdrze</sln:miejscNazwa><sln:miejscRodzaj>Wieś</sln:miejscRodzaj><sln:powIIPId>78e43ff2-3a0c-497c-ba06-95f283fc066c</sln:powIIPId><sln:powIIPPn>PL.PZGIK.200</sln:powIIPPn><sln:powIIPWersja>2012-09-27T10:00:59+02:00</sln:powIIPWersja><sln:powIdTeryt>2819</sln:powIdTeryt><sln:powNazwa>węgorzewski</sln:powNazwa><sln:waznyOd>2013-12-27T00:00:00+01:00</sln:waznyOd><sln:wojIIPId>45e7cfc6-6d8b-42ff-acbd-ef1d0a53dacb</sln:wojIIPId><sln:wojIIPPn>PL.PZGIK.200</sln:wojIIPPn><sln:wojIIPWersja>2012-09-27T13:45:13+02:00</sln:wojIIPWersja><sln:wojIdTeryt>28</sln:wojIdTeryt><sln:wojNazwa>warmińsko-mazurskie</sln:wojNazwa></sln:miejscowosc><sln:miejscowosc><sln:cyklZyciaDo>2017-04-07T00:00:00+02:00</sln:cyklZyciaDo><sln:cyklZyciaOd>2015-08-12T00:00:00+02:00</sln:cyklZyciaOd><sln:gmIIPId>ac7271c6-3ea5-4327-973e-f8dac737be0f</sln:gmIIPId><sln:gmIIPPn>PL.PZGIK.200</sln:gmIIPPn><sln:gmIIPWersja>2012-09-26T22:22:05+02:00</sln:gmIIPWersja><sln:gmIdTeryt>2819022</sln:gmIdTeryt><sln:gmNazwa>Pozezdrze</sln:gmNazwa><sln:miejscIIPId>f7c56bec-d41c-4424-92a1-2949d1d70e6a</sln:miejscIIPId><sln:miejscIIPPn>PL.PZGIK.200</sln:miejscIIPPn><sln:miejscIIPWersja>2016-11-24T12:32:08+02:00</sln:miejscIIPWersja><sln:miejscIdTeryt>0765205</sln:miejscIdTeryt><sln:miejscNazwa>Krzywińskie</sln:miejscNazwa><sln:miejscRodzaj>Wieś</sln:miejscRodzaj><sln:powIIPId>78e43ff2-3a0c-497c-ba06-95f283fc066c</sln:powIIPId><sln:powIIPPn>PL.PZGIK.200</sln:powIIPPn><sln:powIIPWersja>2012-09-27T10:00:59+02:00</sln:powIIPWersja><sln:powIdTeryt>2819</sln:powIdTeryt><sln:powNazwa>węgorzewski</sln:powNazwa><sln:waznyOd>2013-12-27T00:00:00+01:00</sln:waznyOd><sln:wojIIPId>45e7cfc6-6d8b-42ff-acbd-ef1d0a53dacb</sln:wojIIPId><sln:wojIIPPn>PL.PZGIK.200</sln:wojIIPPn><sln:wojIIPWersja>2012-09-27T13:45:13+02:00</sln:wojIIPWersja><sln:wojIdTeryt>28</sln:wojIdTeryt><sln:wojNazwa>warmińsko-mazurskie</sln:wojNazwa></sln:miejscowosc><sln:miejscowosc><sln:cyklZyciaDo>2017-04-07T00:00:00+02:00</sln:cyklZyciaDo><sln:cyklZyciaOd>2015-08-12T00:00:00+02:00</sln:cyklZyciaOd><sln:gmIIPId>ac7271c6-3ea5-4327-973e-f8dac737be0f</sln:gmIIPId><sln:gmIIPPn>PL.PZGIK.200</sln:gmIIPPn><sln:gmIIPWersja>2012-09-26T22:22:05+02:00</sln:gmIIPWersja><sln:gmIdTeryt>2819022</sln:gmIdTeryt><sln:gmNazwa>Pozezdrze</sln:gmNazwa><sln:miejscIIPId>5413fad5-ae52-49b6-918e-a095e48030df</sln:miejscIIPId><sln:miejscIIPPn>PL.PZGIK.200</sln:miejscIIPPn><sln:miejscIIPWersja>2016-11-24T12:32:08+02:00</sln:miejscIIPWersja><sln:miejscIdTeryt>0765228</sln:miejscIdTeryt><sln:miejscNazwa>Kuty</sln:miejscNazwa><sln:miejscRodzaj>Wieś</sln:miejscRodzaj><sln:powIIPId>78e43ff2-3a0c-497c-ba06-95f283fc066c</sln:powIIPId><sln:powIIPPn>PL.PZGIK.200</sln:powIIPPn><sln:powIIPWersja>2012-09-27T10:00:59+02:00</sln:powIIPWersja><sln:powIdTeryt>2819</sln:powIdTeryt><sln:powNazwa>węgorzewski</sln:powNazwa><sln:waznyOd>2013-12-27T00:00:00+01:00</sln:waznyOd><sln:wojIIPId>45e7cfc6-6d8b-42ff-acbd-ef1d0a53dacb</sln:wojIIPId><sln:wojIIPPn>PL.PZGIK.200</sln:wojIIPPn><sln:wojIIPWersja>2012-09-27T13:45:13+02:00</sln:wojIIPWersja><sln:wojIdTeryt>28</sln:wojIdTeryt><sln:wojNazwa>warmińsko-mazurskie</sln:wojNazwa></sln:miejscowosc><sln:miejscowosc><sln:cyklZyciaDo>2017-04-07T00:00:00+02:00</sln:cyklZyciaDo><sln:cyklZyciaOd>2015-08-12T00:00:00+02:00</sln:cyklZyciaOd><sln:gmIIPId>ac7271c6-3ea5-4327-973e-f8dac737be0f</sln:gmIIPId><sln:gmIIPPn>PL.PZGIK.200</sln:gmIIPPn><sln:gmIIPWersja>2012-09-26T22:22:05+02:00</sln:gmIIPWersja><sln:gmIdTeryt>2819022</sln:gmIdTeryt><sln:gmNazwa>Pozezdrze</sln:gmNazwa><sln:miejscIIPId>5ff51f6a-39ac-450b-a0a9-d64b887811bc</sln:miejscIIPId><sln:miejscIIPPn>PL.PZGIK.200</sln:miejscIIPPn><sln:miejscIIPWersja>2016-11-24T12:32:08+02:00</sln:miejscIIPWersja><sln:miejscIdTeryt>0765151</sln:miejscIdTeryt><sln:miejscNazwa>Okowizna</sln:miejscNazwa><sln:miejscRodzaj>Osada</sln:miejscRodzaj><sln:powIIPId>78e43ff2-3a0c-497c-ba06-95f283fc066c</sln:powIIPId><sln:powIIPPn>PL.PZGIK.200</sln:powIIPPn><sln:powIIPWersja>2012-09-27T10:00:59+02:00</sln:powIIPWersja><sln:powIdTeryt>2819</sln:powIdTeryt><sln:powNazwa>węgorzewski</sln:powNazwa><sln:waznyOd>2014-01-03T00:00:00+01:00</sln:waznyOd><sln:wojIIPId>45e7cfc6-6d8b-42ff-acbd-ef1d0a53dacb</sln:wojIIPId><sln:wojIIPPn>PL.PZGIK.200</sln:wojIIPPn><sln:wojIIPWersja>2012-09-27T13:45:13+02:00</sln:wojIIPWersja><sln:wojIdTeryt>28</sln:wojIdTeryt><sln:wojNazwa>warmińsko-mazurskie</sln:wojNazwa></sln:miejscowosc><sln:miejscowosc><sln:cyklZyciaDo>2017-04-07T00:00:00+02:00</sln:cyklZyciaDo><sln:cyklZyciaOd>2015-08-12T00:00:00+02:00</sln:cyklZyciaOd><sln:gmIIPId>ac7271c6-3ea5-4327-973e-f8dac737be0f</sln:gmIIPId><sln:gmIIPPn>PL.PZGIK.200</sln:gmIIPPn><sln:gmIIPWersja>2012-09-26T22:22:05+02:00</sln:gmIIPWersja><sln:gmIdTeryt>2819022</sln:gmIdTeryt><sln:gmNazwa>Pozezdrze</sln:gmNazwa><sln:miejscIIPId>c272a477-5f99-45aa-8e49-860845f1968a</sln:miejscIIPId><sln:miejscIIPPn>PL.PZGIK.200</sln:miejscIIPPn><sln:miejscIIPWersja>2016-11-24T12:32:08+02:00</sln:miejscIIPWersja><sln:miejscIdTeryt>0765234</sln:miejscIdTeryt><sln:miejscNazwa>Pieczarki</sln:miejscNazwa><sln:miejscRodzaj>Wieś</sln:miejscRodzaj><sln:powIIPId>78e43ff2-3a0c-497c-ba06-95f283fc066c</sln:powIIPId><sln:powIIPPn>PL.PZGIK.200</sln:powIIPPn><sln:powIIPWersja>2012-09-27T10:00:59+02:00</sln:powIIPWersja><sln:powIdTeryt>2819</sln:powIdTeryt><sln:powNazwa>węgorzewski</sln:powNazwa><sln:waznyOd>2013-12-27T00:00:00+01:00</sln:waznyOd><sln:wojIIPId>45e7cfc6-6d8b-42ff-acbd-ef1d0a53dacb</sln:wojIIPId><sln:wojIIPPn>PL.PZGIK.200</sln:wojIIPPn><sln:wojIIPWersja>2012-09-27T13:45:13+02:00</sln:wojIIPWersja><sln:wojIdTeryt>28</sln:wojIdTeryt><sln:wojNazwa>warmińsko-mazurskie</sln:wojNazwa></sln:miejscowosc><sln:miejscowosc><sln:cyklZyciaDo>2017-04-07T00:00:00+02:00</sln:cyklZyciaDo><sln:cyklZyciaOd>2015-08-12T00:00:00+02:00</sln:cyklZyciaOd><sln:gmIIPId>ac7271c6-3ea5-4327-973e-f8dac737be0f</sln:gmIIPId><sln:gmIIPPn>PL.PZGIK.200</sln:gmIIPPn><sln:gmIIPWersja>2012-09-26T22:22:05+02:00</sln:gmIIPWersja><sln:gmIdTeryt>2819022</sln:gmIdTeryt><sln:gmNazwa>Pozezdrze</sln:gmNazwa><sln:miejscIIPId>be8fedc6-6e93-4790-b988-590f235cc433</sln:miejscIIPId><sln:miejscIIPPn>PL.PZGIK.200</sln:miejscIIPPn><sln:miejscIIPWersja>2016-11-24T12:32:08+02:00</sln:miejscIIPWersja><sln:miejscIdTeryt>0765240</sln:miejscIdTeryt><sln:miejscNazwa>Piłaki Wielkie</sln:miejscNazwa><sln:miejscRodzaj>Wieś</sln:miejscRodzaj><sln:powIIPId>78e43ff2-3a0c-497c-ba06-95f283fc066c</sln:powIIPId><sln:powIIPPn>PL.PZGIK.200</sln:powIIPPn><sln:powIIPWersja>2012-09-27T10:00:59+02:00</sln:powIIPWersja><sln:powIdTeryt>2819</sln:powIdTeryt><sln:powNazwa>węgorzewski</sln:powNazwa><sln:waznyOd>2013-12-27T00:00:00+01:00</sln:waznyOd><sln:wojIIPId>45e7cfc6-6d8b-42ff-acbd-ef1d0a53dacb</sln:wojIIPId><sln:wojIIPPn>PL.PZGIK.200</sln:wojIIPPn><sln:wojIIPWersja>2012-09-27T13:45:13+02:00</sln:wojIIPWersja><sln:wojIdTeryt>28</sln:wojIdTeryt><sln:wojNazwa>warmińsko-mazurskie</sln:wojNazwa></sln:miejscowosc><sln:miejscowosc><sln:cyklZyciaDo>2017-04-07T00:00:00+02:00</sln:cyklZyciaDo><sln:cyklZyciaOd>2015-08-12T00:00:00+02:00</sln:cyklZyciaOd><sln:gmIIPId>ac7271c6-3ea5-4327-973e-f8dac737be0f</sln:gmIIPId><sln:gmIIPPn>PL.PZGIK.200</sln:gmIIPPn><sln:gmIIPWersja>2012-09-26T22:22:05+02:00</sln:gmIIPWersja><sln:gmIdTeryt>2819022</sln:gmIdTeryt><sln:gmNazwa>Pozezdrze</sln:gmNazwa><sln:miejscIIPId>f1217974-a076-4728-b4eb-630ea26a9310</sln:miejscIIPId><sln:miejscIIPPn>PL.PZGIK.200</sln:miejscIIPPn><sln:miejscIIPWersja>2016-11-24T12:32:08+02:00</sln:miejscIIPWersja><sln:miejscIdTeryt>0765257</sln:miejscIdTeryt><sln:miejscNazwa>Pozezdrze</sln:miejscNazwa><sln:miejscRodzaj>Wieś</sln:miejscRodzaj><sln:powIIPId>78e43ff2-3a0c-497c-ba06-95f283fc066c</sln:powIIPId><sln:powIIPPn>PL.PZGIK.200</sln:powIIPPn><sln:powIIPWersja>2012-09-27T10:00:59+02:00</sln:powIIPWersja><sln:powIdTeryt>2819</sln:powIdTeryt><sln:powNazwa>węgorzewski</sln:powNazwa><sln:waznyOd>2013-12-27T00:00:00+01:00</sln:waznyOd><sln:wojIIPId>45e7cfc6-6d8b-42ff-acbd-ef1d0a53dacb</sln:wojIIPId><sln:wojIIPPn>PL.PZGIK.200</sln:wojIIPPn><sln:wojIIPWersja>2012-09-27T13:45:13+02:00</sln:wojIIPWersja><sln:wojIdTeryt>28</sln:wojIdTeryt><sln:wojNazwa>warmińsko-mazurskie</sln:wojNazwa></sln:miejscowosc><sln:miejscowosc><sln:cyklZyciaDo>2017-04-07T00:00:00+02:00</sln:cyklZyciaDo><sln:cyklZyciaOd>2015-08-12T00:00:00+02:00</sln:cyklZyciaOd><sln:gmIIPId>ac7271c6-3ea5-4327-973e-f8dac737be0f</sln:gmIIPId><sln:gmIIPPn>PL.PZGIK.200</sln:gmIIPPn><sln:gmIIPWersja>2012-09-26T22:22:05+02:00</sln:gmIIPWersja><sln:gmIdTeryt>2819022</sln:gmIdTeryt><sln:gmNazwa>Pozezdrze</sln:gmNazwa><sln:miejscIIPId>28a682f6-e29a-4614-9442-70dff945cf33</sln:miejscIIPId><sln:miejscIIPPn>PL.PZGIK.200</sln:miejscIIPPn><sln:miejscIIPWersja>2016-11-24T12:32:08+02:00</sln:miejscIIPWersja><sln:miejscIdTeryt>0765263</sln:miejscIdTeryt><sln:miejscNazwa>Przerwanki</sln:miejscNazwa><sln:miejscRodzaj>Wieś</sln:miejscRodzaj><sln:powIIPId>78e43ff2-3a0c-497c-ba06-95f283fc066c</sln:powIIPId><sln:powIIPPn>PL.PZGIK.200</sln:powIIPPn><sln:powIIPWersja>2012-09-27T10:00:59+02:00</sln:powIIPWersja><sln:powIdTeryt>2819</sln:powIdTeryt><sln:powNazwa>węgorzewski</sln:powNazwa><sln:waznyOd>2014-01-08T00:00:00+01:00</sln:waznyOd><sln:wojIIPId>45e7cfc6-6d8b-42ff-acbd-ef1d0a53dacb</sln:wojIIPId><sln:wojIIPPn>PL.PZGIK.200</sln:wojIIPPn><sln:wojIIPWersja>2012-09-27T13:45:13+02:00</sln:wojIIPWersja><sln:wojIdTeryt>28</sln:wojIdTeryt><sln:wojNazwa>warmińsko-mazurskie</sln:wojNazwa></sln:miejscowosc><sln:miejscowosc><sln:cyklZyciaDo>2017-04-07T00:00:00+02:00</sln:cyklZyciaDo><sln:cyklZyciaOd>2015-08-12T00:00:00+02:00</sln:cyklZyciaOd><sln:gmIIPId>ac7271c6-3ea5-4327-973e-f8dac737be0f</sln:gmIIPId><sln:gmIIPPn>PL.PZGIK.200</sln:gmIIPPn><sln:gmIIPWersja>2012-09-26T22:22:05+02:00</sln:gmIIPWersja><sln:gmIdTeryt>2819022</sln:gmIdTeryt><sln:gmNazwa>Pozezdrze</sln:gmNazwa><sln:miejscIIPId>a6f00735-ffa9-465d-9d89-5254d1581486</sln:miejscIIPId><sln:miejscIIPPn>PL.PZGIK.200</sln:miejscIIPPn><sln:miejscIIPWersja>2016-11-24T12:32:08+02:00</sln:miejscIIPWersja><sln:miejscIdTeryt>0765292</sln:miejscIdTeryt><sln:miejscNazwa>Przytuły</sln:miejscNazwa><sln:miejscRodzaj>Wieś</sln:miejscRodzaj><sln:powIIPId>78e43ff2-3a0c-497c-ba06-95f283fc066c</sln:powIIPId><sln:powIIPPn>PL.PZGIK.200</sln:powIIPPn><sln:powIIPWersja>2012-09-27T10:00:59+02:00</sln:powIIPWersja><sln:powIdTeryt>2819</sln:powIdTeryt><sln:powNazwa>węgorzewski</sln:powNazwa><sln:waznyOd>2013-12-27T00:00:00+01:00</sln:waznyOd><sln:wojIIPId>45e7cfc6-6d8b-42ff-acbd-ef1d0a53dacb</sln:wojIIPId><sln:wojIIPPn>PL.PZGIK.200</sln:wojIIPPn><sln:wojIIPWersja>2012-09-27T13:45:13+02:00</sln:wojIIPWersja><sln:wojIdTeryt>28</sln:wojIdTeryt><sln:wojNazwa>warmińsko-mazurskie</sln:wojNazwa></sln:miejscowosc><sln:miejscowosc><sln:cyklZyciaDo>2017-04-07T00:00:00+02:00</sln:cyklZyciaDo><sln:cyklZyciaOd>2015-08-12T00:00:00+02:00</sln:cyklZyciaOd><sln:gmIIPId>ac7271c6-3ea5-4327-973e-f8dac737be0f</sln:gmIIPId><sln:gmIIPPn>PL.PZGIK.200</sln:gmIIPPn><sln:gmIIPWersja>2012-09-26T22:22:05+02:00</sln:gmIIPWersja><sln:gmIdTeryt>2819022</sln:gmIdTeryt><sln:gmNazwa>Pozezdrze</sln:gmNazwa><sln:miejscIIPId>cf8ab1d1-e52e-4c82-9e8c-025684793683</sln:miejscIIPId><sln:miejscIIPPn>PL.PZGIK.200</sln:miejscIIPPn><sln:miejscIIPWersja>2016-11-24T12:32:08+02:00</sln:miejscIIPWersja><sln:miejscIdTeryt>0765211</sln:miejscIdTeryt><sln:miejscNazwa>Radziszewo</sln:miejscNazwa><sln:miejscRodzaj>Osada</sln:miejscRodzaj><sln:powIIPId>78e43ff2-3a0c-497c-ba06-95f283fc066c</sln:powIIPId><sln:powIIPPn>PL.PZGIK.200</sln:powIIPPn><sln:powIIPWersja>2012-09-27T10:00:59+02:00</sln:powIIPWersja><sln:powIdTeryt>2819</sln:powIdTeryt><sln:powNazwa>węgorzewski</sln:powNazwa><sln:waznyOd>2014-01-03T00:00:00+01:00</sln:waznyOd><sln:wojIIPId>45e7cfc6-6d8b-42ff-acbd-ef1d0a53dacb</sln:wojIIPId><sln:wojIIPPn>PL.PZGIK.200</sln:wojIIPPn><sln:wojIIPWersja>2012-09-27T13:45:13+02:00</sln:wojIIPWersja><sln:wojIdTeryt>28</sln:wojIdTeryt><sln:wojNazwa>warmińsko-mazurskie</sln:wojNazwa></sln:miejscowosc><sln:miejscowosc><sln:cyklZyciaDo>2017-04-07T00:00:00+02:00</sln:cyklZyciaDo><sln:cyklZyciaOd>2015-08-12T00:00:00+02:00</sln:cyklZyciaOd><sln:gmIIPId>ac7271c6-3ea5-4327-973e-f8dac737be0f</sln:gmIIPId><sln:gmIIPPn>PL.PZGIK.200</sln:gmIIPPn><sln:gmIIPWersja>2012-09-26T22:22:05+02:00</sln:gmIIPWersja><sln:gmIdTeryt>2819022</sln:gmIdTeryt><sln:gmNazwa>Pozezdrze</sln:gmNazwa><sln:miejscIIPId>8a25209f-3f84-4589-891d-ab8882d247f7</sln:miejscIIPId><sln:miejscIIPPn>PL.PZGIK.200</sln:miejscIIPPn><sln:miejscIIPWersja>2016-11-24T12:32:08+02:00</sln:miejscIIPWersja><sln:miejscIdTeryt>0765317</sln:miejscIdTeryt><sln:miejscNazwa>Stręgielek</sln:miejscNazwa><sln:miejscRodzaj>Wieś</sln:miejscRodzaj><sln:powIIPId>78e43ff2-3a0c-497c-ba06-95f283fc066c</sln:powIIPId><sln:powIIPPn>PL.PZGIK.200</sln:powIIPPn><sln:powIIPWersja>2012-09-27T10:00:59+02:00</sln:powIIPWersja><sln:powIdTeryt>2819</sln:powIdTeryt><sln:powNazwa>węgorzewski</sln:powNazwa><sln:waznyOd>2013-12-27T00:00:00+01:00</sln:waznyOd><sln:wojIIPId>45e7cfc6-6d8b-42ff-acbd-ef1d0a53dacb</sln:wojIIPId><sln:wojIIPPn>PL.PZGIK.200</sln:wojIIPPn><sln:wojIIPWersja>2012-09-27T13:45:13+02:00</sln:wojIIPWersja><sln:wojIdTeryt>28</sln:wojIdTeryt><sln:wojNazwa>warmińsko-mazurskie</sln:wojNazwa></sln:miejscowosc><sln:miejscowosc><sln:cyklZyciaDo>2017-04-07T00:00:00+02:00</sln:cyklZyciaDo><sln:cyklZyciaOd>2015-08-12T00:00:00+02:00</sln:cyklZyciaOd><sln:gmIIPId>ac7271c6-3ea5-4327-973e-f8dac737be0f</sln:gmIIPId><sln:gmIIPPn>PL.PZGIK.200</sln:gmIIPPn><sln:gmIIPWersja>2012-09-26T22:22:05+02:00</sln:gmIIPWersja><sln:gmIdTeryt>2819022</sln:gmIdTeryt><sln:gmNazwa>Pozezdrze</sln:gmNazwa><sln:miejscIIPId>13115844-cd46-4769-bbe4-4796f5711bf2</sln:miejscIIPId><sln:miejscIIPPn>PL.PZGIK.200</sln:miejscIIPPn><sln:miejscIIPWersja>2016-11-24T12:32:08+02:00</sln:miejscIIPWersja><sln:miejscIdTeryt>0765323</sln:miejscIdTeryt><sln:miejscNazwa>Wyłudy</sln:miejscNazwa><sln:miejscRodzaj>Wieś</sln:miejscRodzaj><sln:powIIPId>78e43ff2-3a0c-497c-ba06-95f283fc066c</sln:powIIPId><sln:powIIPPn>PL.PZGIK.200</sln:powIIPPn><sln:powIIPWersja>2012-09-27T10:00:59+02:00</sln:powIIPWersja><sln:powIdTeryt>2819</sln:powIdTeryt><sln:powNazwa>węgorzewski</sln:powNazwa><sln:waznyOd>2013-12-27T00:00:00+01:00</sln:waznyOd><sln:wojIIPId>45e7cfc6-6d8b-42ff-acbd-ef1d0a53dacb</sln:wojIIPId><sln:wojIIPPn>PL.PZGIK.200</sln:wojIIPPn><sln:wojIIPWersja>2012-09-27T13:45:13+02:00</sln:wojIIPWersja><sln:wojIdTeryt>28</sln:wojIdTeryt><sln:wojNazwa>warmińsko-mazurskie</sln:wojNazwa></sln:miejscowosc><sln:miejscowosc><sln:cyklZyciaOd>2017-04-07T00:00:00+02:00</sln:cyklZyciaOd><sln:gmIIPId>ac7271c6-3ea5-4327-973e-f8dac737be0f</sln:gmIIPId><sln:gmIIPPn>PL.PZGIK.200</sln:gmIIPPn><sln:gmIIPWersja>2012-09-26T22:22:05+02:00</sln:gmIIPWersja><sln:gmIdTeryt>2819022</sln:gmIdTeryt><sln:gmNazwa>Pozezdrze</sln:gmNazwa><sln:miejscIIPId>c178bef2-91a7-429e-9e78-f3f2188ec662</sln:miejscIIPId><sln:miejscIIPPn>PL.PZGIK.200</sln:miejscIIPPn><sln:miejscIIPWersja>2017-04-07T15:32:00+02:00</sln:miejscIIPWersja><sln:miejscIdTeryt>0765091</sln:miejscIdTeryt><sln:miejscNazwa>Dziaduszyn</sln:miejscNazwa><sln:miejscRodzaj>Wieś</sln:miejscRodzaj><sln:powIIPId>78e43ff2-3a0c-497c-ba06-95f283fc066c</sln:powIIPId><sln:powIIPPn>PL.PZGIK.200</sln:powIIPPn><sln:powIIPWersja>2012-09-27T10:00:59+02:00</sln:powIIPWersja><sln:powIdTeryt>2819</sln:powIdTeryt><sln:powNazwa>węgorzewski</sln:powNazwa><sln:waznyOd>2013-12-27T00:00:00+01:00</sln:waznyOd><sln:wojIIPId>45e7cfc6-6d8b-42ff-acbd-ef1d0a53dacb</sln:wojIIPId><sln:wojIIPPn>PL.PZGIK.200</sln:wojIIPPn><sln:wojIIPWersja>2012-09-27T13:45:13+02:00</sln:wojIIPWersja><sln:wojIdTeryt>28</sln:wojIdTeryt><sln:wojNazwa>warmińsko-mazurskie</sln:wojNazwa></sln:miejscowosc><sln:miejscowosc><sln:cyklZyciaOd>2017-04-07T00:00:00+02:00</sln:cyklZyciaOd><sln:gmIIPId>ac7271c6-3ea5-4327-973e-f8dac737be0f</sln:gmIIPId><sln:gmIIPPn>PL.PZGIK.200</sln:gmIIPPn><sln:gmIIPWersja>2012-09-26T22:22:05+02:00</sln:gmIIPWersja><sln:gmIdTeryt>2819022</sln:gmIdTeryt><sln:gmNazwa>Pozezdrze</sln:gmNazwa><sln:miejscIIPId>43187af8-5593-4855-8720-fc8a417deaf4</sln:miejscIIPId><sln:miejscIIPPn>PL.PZGIK.200</sln:miejscIIPPn><sln:miejscIIPWersja>2017-04-07T15:32:08+02:00</sln:miejscIIPWersja><sln:miejscIdTeryt>0765100</sln:miejscIdTeryt><sln:miejscNazwa>Gębałka</sln:miejscNazwa><sln:miejscRodzaj>Wieś</sln:miejscRodzaj><sln:powIIPId>78e43ff2-3a0c-497c-ba06-95f283fc066c</sln:powIIPId><sln:powIIPPn>PL.PZGIK.200</sln:powIIPPn><sln:powIIPWersja>2012-09-27T10:00:59+02:00</sln:powIIPWersja><sln:powIdTeryt>2819</sln:powIdTeryt><sln:powNazwa>węgorzewski</sln:powNazwa><sln:waznyOd>2013-12-27T00:00:00+01:00</sln:waznyOd><sln:wojIIPId>45e7cfc6-6d8b-42ff-acbd-ef1d0a53dacb</sln:wojIIPId><sln:wojIIPPn>PL.PZGIK.200</sln:wojIIPPn><sln:wojIIPWersja>2012-09-27T13:45:13+02:00</sln:wojIIPWersja><sln:wojIdTeryt>28</sln:wojIdTeryt><sln:wojNazwa>warmińsko-mazurskie</sln:wojNazwa></sln:miejscowosc><sln:miejscowosc><sln:cyklZyciaOd>2017-04-07T00:00:00+02:00</sln:cyklZyciaOd><sln:gmIIPId>ac7271c6-3ea5-4327-973e-f8dac737be0f</sln:gmIIPId><sln:gmIIPPn>PL.PZGIK.200</sln:gmIIPPn><sln:gmIIPWersja>2012-09-26T22:22:05+02:00</sln:gmIIPWersja><sln:gmIdTeryt>2819022</sln:gmIdTeryt><sln:gmNazwa>Pozezdrze</sln:gmNazwa><sln:miejscIIPId>a38104cd-2c47-41bc-8d12-a79a6ead042a</sln:miejscIIPId><sln:miejscIIPPn>PL.PZGIK.200</sln:miejscIIPPn><sln:miejscIIPWersja>2017-04-07T15:32:08+02:00</sln:miejscIIPWersja><sln:miejscIdTeryt>0765116</sln:miejscIdTeryt><sln:miejscNazwa>Harsz</sln:miejscNazwa><sln:miejscRodzaj>Wieś</sln:miejscRodzaj><sln:powIIPId>78e43ff2-3a0c-497c-ba06-95f283fc066c</sln:powIIPId><sln:powIIPPn>PL.PZGIK.200</sln:powIIPPn><sln:powIIPWersja>2012-09-27T10:00:59+02:00</sln:powIIPWersja><sln:powIdTeryt>2819</sln:powIdTeryt><sln:powNazwa>węgorzewski</sln:powNazwa><sln:waznyOd>2013-12-27T00:00:00+01:00</sln:waznyOd><sln:wojIIPId>45e7cfc6-6d8b-42ff-acbd-ef1d0a53dacb</sln:wojIIPId><sln:wojIIPPn>PL.PZGIK.200</sln:wojIIPPn><sln:wojIIPWersja>2012-09-27T13:45:13+02:00</sln:wojIIPWersja><sln:wojIdTeryt>28</sln:wojIdTeryt><sln:wojNazwa>warmińsko-mazurskie</sln:wojNazwa></sln:miejscowosc><sln:miejscowosc><sln:cyklZyciaOd>2017-04-07T00:00:00+02:00</sln:cyklZyciaOd><sln:gmIIPId>ac7271c6-3ea5-4327-973e-f8dac737be0f</sln:gmIIPId><sln:gmIIPPn>PL.PZGIK.200</sln:gmIIPPn><sln:gmIIPWersja>2012-09-26T22:22:05+02:00</sln:gmIIPWersja><sln:gmIdTeryt>2819022</sln:gmIdTeryt><sln:gmNazwa>Pozezdrze</sln:gmNazwa><sln:miejscIIPId>5ff51f6a-39ac-450b-a0a9-d64b887811bc</sln:miejscIIPId><sln:miejscIIPPn>PL.PZGIK.200</sln:miejscIIPPn><sln:miejscIIPWersja>2017-04-07T15:32:08+02:00</sln:miejscIIPWersja><sln:miejscIdTeryt>0765151</sln:miejscIdTeryt><sln:miejscNazwa>Okowizna</sln:miejscNazwa><sln:miejscRodzaj>Osada</sln:miejscRodzaj><sln:powIIPId>78e43ff2-3a0c-497c-ba06-95f283fc066c</sln:powIIPId><sln:powIIPPn>PL.PZGIK.200</sln:powIIPPn><sln:powIIPWersja>2012-09-27T10:00:59+02:00</sln:powIIPWersja><sln:powIdTeryt>2819</sln:powIdTeryt><sln:powNazwa>węgorzewski</sln:powNazwa><sln:waznyOd>2014-01-03T00:00:00+01:00</sln:waznyOd><sln:wojIIPId>45e7cfc6-6d8b-42ff-acbd-ef1d0a53dacb</sln:wojIIPId><sln:wojIIPPn>PL.PZGIK.200</sln:wojIIPPn><sln:wojIIPWersja>2012-09-27T13:45:13+02:00</sln:wojIIPWersja><sln:wojIdTeryt>28</sln:wojIdTeryt><sln:wojNazwa>warmińsko-mazurskie</sln:wojNazwa></sln:miejscowosc><sln:miejscowosc><sln:cyklZyciaOd>2017-04-07T00:00:00+02:00</sln:cyklZyciaOd><sln:gmIIPId>ac7271c6-3ea5-4327-973e-f8dac737be0f</sln:gmIIPId><sln:gmIIPPn>PL.PZGIK.200</sln:gmIIPPn><sln:gmIIPWersja>2012-09-26T22:22:05+02:00</sln:gmIIPWersja><sln:gmIdTeryt>2819022</sln:gmIdTeryt><sln:gmNazwa>Pozezdrze</sln:gmNazwa><sln:miejscIIPId>b7589254-56da-42dc-96df-67aa91d9555b</sln:miejscIIPId><sln:miejscIIPPn>PL.PZGIK.200</sln:miejscIIPPn><sln:miejscIIPWersja>2017-04-07T15:32:08+02:00</sln:miejscIIPWersja><sln:miejscIdTeryt>0765174</sln:miejscIdTeryt><sln:miejscNazwa>Jakunówko</sln:miejscNazwa><sln:miejscRodzaj>Wieś</sln:miejscRodzaj><sln:powIIPId>78e43ff2-3a0c-497c-ba06-95f283fc066c</sln:powIIPId><sln:powIIPPn>PL.PZGIK.200</sln:powIIPPn><sln:powIIPWersja>2012-09-27T10:00:59+02:00</sln:powIIPWersja><sln:powIdTeryt>2819</sln:powIdTeryt><sln:powNazwa>węgorzewski</sln:powNazwa><sln:waznyOd>2013-12-27T00:00:00+01:00</sln:waznyOd><sln:wojIIPId>45e7cfc6-6d8b-42ff-acbd-ef1d0a53dacb</sln:wojIIPId><sln:wojIIPPn>PL.PZGIK.200</sln:wojIIPPn><sln:wojIIPWersja>2012-09-27T13:45:13+02:00</sln:wojIIPWersja><sln:wojIdTeryt>28</sln:wojIdTeryt><sln:wojNazwa>warmińsko-mazurskie</sln:wojNazwa></sln:miejscowosc><sln:miejscowosc><sln:cyklZyciaOd>2017-04-07T00:00:00+02:00</sln:cyklZyciaOd><sln:gmIIPId>ac7271c6-3ea5-4327-973e-f8dac737be0f</sln:gmIIPId><sln:gmIIPPn>PL.PZGIK.200</sln:gmIIPPn><sln:gmIIPWersja>2012-09-26T22:22:05+02:00</sln:gmIIPWersja><sln:gmIdTeryt>2819022</sln:gmIdTeryt><sln:gmNazwa>Pozezdrze</sln:gmNazwa><sln:miejscIIPId>47421c12-2f23-46af-a31c-197bf5b1ed61</sln:miejscIIPId><sln:miejscIIPPn>PL.PZGIK.200</sln:miejscIIPPn><sln:miejscIIPWersja>2017-04-07T15:32:08+02:00</sln:miejscIIPWersja><sln:miejscIdTeryt>0765197</sln:miejscIdTeryt><sln:miejscNazwa>Kolonia Pozezdrze</sln:miejscNazwa><sln:miejscRodzaj>Wieś</sln:miejscRodzaj><sln:powIIPId>78e43ff2-3a0c-497c-ba06-95f283fc066c</sln:powIIPId><sln:powIIPPn>PL.PZGIK.200</sln:powIIPPn><sln:powIIPWersja>2012-09-27T10:00:59+02:00</sln:powIIPWersja><sln:powIdTeryt>2819</sln:powIdTeryt><sln:powNazwa>węgorzewski</sln:powNazwa><sln:waznyOd>2013-12-27T00:00:00+01:00</sln:waznyOd><sln:wojIIPId>45e7cfc6-6d8b-42ff-acbd-ef1d0a53dacb</sln:wojIIPId><sln:wojIIPPn>PL.PZGIK.200</sln:wojIIPPn><sln:wojIIPWersja>2012-09-27T13:45:13+02:00</sln:wojIIPWersja><sln:wojIdTeryt>28</sln:wojIdTeryt><sln:wojNazwa>warmińsko-mazurskie</sln:wojNazwa></sln:miejscowosc><sln:miejscowosc><sln:cyklZyciaOd>2017-04-07T00:00:00+02:00</sln:cyklZyciaOd><sln:gmIIPId>ac7271c6-3ea5-4327-973e-f8dac737be0f</sln:gmIIPId><sln:gmIIPPn>PL.PZGIK.200</sln:gmIIPPn><sln:gmIIPWersja>2012-09-26T22:22:05+02:00</sln:gmIIPWersja><sln:gmIdTeryt>2819022</sln:gmIdTeryt><sln:gmNazwa>Pozezdrze</sln:gmNazwa><sln:miejscIIPId>f7c56bec-d41c-4424-92a1-2949d1d70e6a</sln:miejscIIPId><sln:miejscIIPPn>PL.PZGIK.200</sln:miejscIIPPn><sln:miejscIIPWersja>2017-04-07T15:32:08+02:00</sln:miejscIIPWersja><sln:miejscIdTeryt>0765205</sln:miejscIdTeryt><sln:miejscNazwa>Krzywińskie</sln:miejscNazwa><sln:miejscRodzaj>Wieś</sln:miejscRodzaj><sln:powIIPId>78e43ff2-3a0c-497c-ba06-95f283fc066c</sln:powIIPId><sln:powIIPPn>PL.PZGIK.200</sln:powIIPPn><sln:powIIPWersja>2012-09-27T10:00:59+02:00</sln:powIIPWersja><sln:powIdTeryt>2819</sln:powIdTeryt><sln:powNazwa>węgorzewski</sln:powNazwa><sln:waznyOd>2013-12-27T00:00:00+01:00</sln:waznyOd><sln:wojIIPId>45e7cfc6-6d8b-42ff-acbd-ef1d0a53dacb</sln:wojIIPId><sln:wojIIPPn>PL.PZGIK.200</sln:wojIIPPn><sln:wojIIPWersja>2012-09-27T13:45:13+02:00</sln:wojIIPWersja><sln:wojIdTeryt>28</sln:wojIdTeryt><sln:wojNazwa>warmińsko-mazurskie</sln:wojNazwa></sln:miejscowosc><sln:miejscowosc><sln:cyklZyciaOd>2017-04-07T00:00:00+02:00</sln:cyklZyciaOd><sln:gmIIPId>ac7271c6-3ea5-4327-973e-f8dac737be0f</sln:gmIIPId><sln:gmIIPPn>PL.PZGIK.200</sln:gmIIPPn><sln:gmIIPWersja>2012-09-26T22:22:05+02:00</sln:gmIIPWersja><sln:gmIdTeryt>2819022</sln:gmIdTeryt><sln:gmNazwa>Pozezdrze</sln:gmNazwa><sln:miejscIIPId>cf8ab1d1-e52e-4c82-9e8c-025684793683</sln:miejscIIPId><sln:miejscIIPPn>PL.PZGIK.200</sln:miejscIIPPn><sln:miejscIIPWersja>2017-04-07T15:32:08+02:00</sln:miejscIIPWersja><sln:miejscIdTeryt>0765211</sln:miejscIdTeryt><sln:miejscNazwa>Radziszewo</sln:miejscNazwa><sln:miejscRodzaj>Osada</sln:miejscRodzaj><sln:powIIPId>78e43ff2-3a0c-497c-ba06-95f283fc066c</sln:powIIPId><sln:powIIPPn>PL.PZGIK.200</sln:powIIPPn><sln:powIIPWersja>2012-09-27T10:00:59+02:00</sln:powIIPWersja><sln:powIdTeryt>2819</sln:powIdTeryt><sln:powNazwa>węgorzewski</sln:powNazwa><sln:waznyOd>2014-01-03T00:00:00+01:00</sln:waznyOd><sln:wojIIPId>45e7cfc6-6d8b-42ff-acbd-ef1d0a53dacb</sln:wojIIPId><sln:wojIIPPn>PL.PZGIK.200</sln:wojIIPPn><sln:wojIIPWersja>2012-09-27T13:45:13+02:00</sln:wojIIPWersja><sln:wojIdTeryt>28</sln:wojIdTeryt><sln:wojNazwa>warmińsko-mazurskie</sln:wojNazwa></sln:miejscowosc><sln:miejscowosc><sln:cyklZyciaOd>2017-04-07T00:00:00+02:00</sln:cyklZyciaOd><sln:gmIIPId>ac7271c6-3ea5-4327-973e-f8dac737be0f</sln:gmIIPId><sln:gmIIPPn>PL.PZGIK.200</sln:gmIIPPn><sln:gmIIPWersja>2012-09-26T22:22:05+02:00</sln:gmIIPWersja><sln:gmIdTeryt>2819022</sln:gmIdTeryt><sln:gmNazwa>Pozezdrze</sln:gmNazwa><sln:miejscIIPId>5413fad5-ae52-49b6-918e-a095e48030df</sln:miejscIIPId><sln:miejscIIPPn>PL.PZGIK.200</sln:miejscIIPPn><sln:miejscIIPWersja>2017-04-07T15:32:09+02:00</sln:miejscIIPWersja><sln:miejscIdTeryt>0765228</sln:miejscIdTeryt><sln:miejscNazwa>Kuty</sln:miejscNazwa><sln:miejscRodzaj>Wieś</sln:miejscRodzaj><sln:powIIPId>78e43ff2-3a0c-497c-ba06-95f283fc066c</sln:powIIPId><sln:powIIPPn>PL.PZGIK.200</sln:powIIPPn><sln:powIIPWersja>2012-09-27T10:00:59+02:00</sln:powIIPWersja><sln:powIdTeryt>2819</sln:powIdTeryt><sln:powNazwa>węgorzewski</sln:powNazwa><sln:waznyOd>2013-12-27T00:00:00+01:00</sln:waznyOd><sln:wojIIPId>45e7cfc6-6d8b-42ff-acbd-ef1d0a53dacb</sln:wojIIPId><sln:wojIIPPn>PL.PZGIK.200</sln:wojIIPPn><sln:wojIIPWersja>2012-09-27T13:45:13+02:00</sln:wojIIPWersja><sln:wojIdTeryt>28</sln:wojIdTeryt><sln:wojNazwa>warmińsko-mazurskie</sln:wojNazwa></sln:miejscowosc><sln:miejscowosc><sln:cyklZyciaOd>2017-04-07T00:00:00+02:00</sln:cyklZyciaOd><sln:gmIIPId>ac7271c6-3ea5-4327-973e-f8dac737be0f</sln:gmIIPId><sln:gmIIPPn>PL.PZGIK.200</sln:gmIIPPn><sln:gmIIPWersja>2012-09-26T22:22:05+02:00</sln:gmIIPWersja><sln:gmIdTeryt>2819022</sln:gmIdTeryt><sln:gmNazwa>Pozezdrze</sln:gmNazwa><sln:miejscIIPId>c272a477-5f99-45aa-8e49-860845f1968a</sln:miejscIIPId><sln:miejscIIPPn>PL.PZGIK.200</sln:miejscIIPPn><sln:miejscIIPWersja>2017-04-07T15:32:09+02:00</sln:miejscIIPWersja><sln:miejscIdTeryt>0765234</sln:miejscIdTeryt><sln:miejscNazwa>Pieczarki</sln:miejscNazwa><sln:miejscRodzaj>Wieś</sln:miejscRodzaj><sln:powIIPId>78e43ff2-3a0c-497c-ba06-95f283fc066c</sln:powIIPId><sln:powIIPPn>PL.PZGIK.200</sln:powIIPPn><sln:powIIPWersja>2012-09-27T10:00:59+02:00</sln:powIIPWersja><sln:powIdTeryt>2819</sln:powIdTeryt><sln:powNazwa>węgorzewski</sln:powNazwa><sln:waznyOd>2013-12-27T00:00:00+01:00</sln:waznyOd><sln:wojIIPId>45e7cfc6-6d8b-42ff-acbd-ef1d0a53dacb</sln:wojIIPId><sln:wojIIPPn>PL.PZGIK.200</sln:wojIIPPn><sln:wojIIPWersja>2012-09-27T13:45:13+02:00</sln:wojIIPWersja><sln:wojIdTeryt>28</sln:wojIdTeryt><sln:wojNazwa>warmińsko-mazurskie</sln:wojNazwa></sln:miejscowosc><sln:miejscowosc><sln:cyklZyciaOd>2017-04-07T00:00:00+02:00</sln:cyklZyciaOd><sln:gmIIPId>ac7271c6-3ea5-4327-973e-f8dac737be0f</sln:gmIIPId><sln:gmIIPPn>PL.PZGIK.200</sln:gmIIPPn><sln:gmIIPWersja>2012-09-26T22:22:05+02:00</sln:gmIIPWersja><sln:gmIdTeryt>2819022</sln:gmIdTeryt><sln:gmNazwa>Pozezdrze</sln:gmNazwa><sln:miejscIIPId>be8fedc6-6e93-4790-b988-590f235cc433</sln:miejscIIPId><sln:miejscIIPPn>PL.PZGIK.200</sln:miejscIIPPn><sln:miejscIIPWersja>2017-04-07T15:32:09+02:00</sln:miejscIIPWersja><sln:miejscIdTeryt>0765240</sln:miejscIdTeryt><sln:miejscNazwa>Piłaki Wielkie</sln:miejscNazwa><sln:miejscRodzaj>Wieś</sln:miejscRodzaj><sln:powIIPId>78e43ff2-3a0c-497c-ba06-95f283fc066c</sln:powIIPId><sln:powIIPPn>PL.PZGIK.200</sln:powIIPPn><sln:powIIPWersja>2012-09-27T10:00:59+02:00</sln:powIIPWersja><sln:powIdTeryt>2819</sln:powIdTeryt><sln:powNazwa>węgorzewski</sln:powNazwa><sln:waznyOd>2013-12-27T00:00:00+01:00</sln:waznyOd><sln:wojIIPId>45e7cfc6-6d8b-42ff-acbd-ef1d0a53dacb</sln:wojIIPId><sln:wojIIPPn>PL.PZGIK.200</sln:wojIIPPn><sln:wojIIPWersja>2012-09-27T13:45:13+02:00</sln:wojIIPWersja><sln:wojIdTeryt>28</sln:wojIdTeryt><sln:wojNazwa>warmińsko-mazurskie</sln:wojNazwa></sln:miejscowosc><sln:miejscowosc><sln:cyklZyciaOd>2017-04-07T00:00:00+02:00</sln:cyklZyciaOd><sln:gmIIPId>ac7271c6-3ea5-4327-973e-f8dac737be0f</sln:gmIIPId><sln:gmIIPPn>PL.PZGIK.200</sln:gmIIPPn><sln:gmIIPWersja>2012-09-26T22:22:05+02:00</sln:gmIIPWersja><sln:gmIdTeryt>2819022</sln:gmIdTeryt><sln:gmNazwa>Pozezdrze</sln:gmNazwa><sln:miejscIIPId>f1217974-a076-4728-b4eb-630ea26a9310</sln:miejscIIPId><sln:miejscIIPPn>PL.PZGIK.200</sln:miejscIIPPn><sln:miejscIIPWersja>2017-04-07T15:32:09+02:00</sln:miejscIIPWersja><sln:miejscIdTeryt>0765257</sln:miejscIdTeryt><sln:miejscNazwa>Pozezdrze</sln:miejscNazwa><sln:miejscRodzaj>Wieś</sln:miejscRodzaj><sln:powIIPId>78e43ff2-3a0c-497c-ba06-95f283fc066c</sln:powIIPId><sln:powIIPPn>PL.PZGIK.200</sln:powIIPPn><sln:powIIPWersja>2012-09-27T10:00:59+02:00</sln:powIIPWersja><sln:powIdTeryt>2819</sln:powIdTeryt><sln:powNazwa>węgorzewski</sln:powNazwa><sln:waznyOd>2013-12-27T00:00:00+01:00</sln:waznyOd><sln:wojIIPId>45e7cfc6-6d8b-42ff-acbd-ef1d0a53dacb</sln:wojIIPId><sln:wojIIPPn>PL.PZGIK.200</sln:wojIIPPn><sln:wojIIPWersja>2012-09-27T13:45:13+02:00</sln:wojIIPWersja><sln:wojIdTeryt>28</sln:wojIdTeryt><sln:wojNazwa>warmińsko-mazurskie</sln:wojNazwa></sln:miejscowosc><sln:miejscowosc><sln:cyklZyciaOd>2017-04-07T00:00:00+02:00</sln:cyklZyciaOd><sln:gmIIPId>ac7271c6-3ea5-4327-973e-f8dac737be0f</sln:gmIIPId><sln:gmIIPPn>PL.PZGIK.200</sln:gmIIPPn><sln:gmIIPWersja>2012-09-26T22:22:05+02:00</sln:gmIIPWersja><sln:gmIdTeryt>2819022</sln:gmIdTeryt><sln:gmNazwa>Pozezdrze</sln:gmNazwa><sln:miejscIIPId>28a682f6-e29a-4614-9442-70dff945cf33</sln:miejscIIPId><sln:miejscIIPPn>PL.PZGIK.200</sln:miejscIIPPn><sln:miejscIIPWersja>2017-04-07T15:32:09+02:00</sln:miejscIIPWersja><sln:miejscIdTeryt>0765263</sln:miejscIdTeryt><sln:miejscNazwa>Przerwanki</sln:miejscNazwa><sln:miejscRodzaj>Wieś</sln:miejscRodzaj><sln:powIIPId>78e43ff2-3a0c-497c-ba06-95f283fc066c</sln:powIIPId><sln:powIIPPn>PL.PZGIK.200</sln:powIIPPn><sln:powIIPWersja>2012-09-27T10:00:59+02:00</sln:powIIPWersja><sln:powIdTeryt>2819</sln:powIdTeryt><sln:powNazwa>węgorzewski</sln:powNazwa><sln:waznyOd>2014-01-08T00:00:00+01:00</sln:waznyOd><sln:wojIIPId>45e7cfc6-6d8b-42ff-acbd-ef1d0a53dacb</sln:wojIIPId><sln:wojIIPPn>PL.PZGIK.200</sln:wojIIPPn><sln:wojIIPWersja>2012-09-27T13:45:13+02:00</sln:wojIIPWersja><sln:wojIdTeryt>28</sln:wojIdTeryt><sln:wojNazwa>warmińsko-mazurskie</sln:wojNazwa></sln:miejscowosc><sln:miejscowosc><sln:cyklZyciaOd>2017-04-07T00:00:00+02:00</sln:cyklZyciaOd><sln:gmIIPId>ac7271c6-3ea5-4327-973e-f8dac737be0f</sln:gmIIPId><sln:gmIIPPn>PL.PZGIK.200</sln:gmIIPPn><sln:gmIIPWersja>2012-09-26T22:22:05+02:00</sln:gmIIPWersja><sln:gmIdTeryt>2819022</sln:gmIdTeryt><sln:gmNazwa>Pozezdrze</sln:gmNazwa><sln:miejscIIPId>a6f00735-ffa9-465d-9d89-5254d1581486</sln:miejscIIPId><sln:miejscIIPPn>PL.PZGIK.200</sln:miejscIIPPn><sln:miejscIIPWersja>2017-04-07T15:32:09+02:00</sln:miejscIIPWersja><sln:miejscIdTeryt>0765292</sln:miejscIdTeryt><sln:miejscNazwa>Przytuły</sln:miejscNazwa><sln:miejscRodzaj>Wieś</sln:miejscRodzaj><sln:powIIPId>78e43ff2-3a0c-497c-ba06-95f283fc066c</sln:powIIPId><sln:powIIPPn>PL.PZGIK.200</sln:powIIPPn><sln:powIIPWersja>2012-09-27T10:00:59+02:00</sln:powIIPWersja><sln:powIdTeryt>2819</sln:powIdTeryt><sln:powNazwa>węgorzewski</sln:powNazwa><sln:waznyOd>2013-12-27T00:00:00+01:00</sln:waznyOd><sln:wojIIPId>45e7cfc6-6d8b-42ff-acbd-ef1d0a53dacb</sln:wojIIPId><sln:wojIIPPn>PL.PZGIK.200</sln:wojIIPPn><sln:wojIIPWersja>2012-09-27T13:45:13+02:00</sln:wojIIPWersja><sln:wojIdTeryt>28</sln:wojIdTeryt><sln:wojNazwa>warmińsko-mazurskie</sln:wojNazwa></sln:miejscowosc><sln:miejscowosc><sln:cyklZyciaOd>2017-04-07T00:00:00+02:00</sln:cyklZyciaOd><sln:gmIIPId>ac7271c6-3ea5-4327-973e-f8dac737be0f</sln:gmIIPId><sln:gmIIPPn>PL.PZGIK.200</sln:gmIIPPn><sln:gmIIPWersja>2012-09-26T22:22:05+02:00</sln:gmIIPWersja><sln:gmIdTeryt>2819022</sln:gmIdTeryt><sln:gmNazwa>Pozezdrze</sln:gmNazwa><sln:miejscIIPId>8a25209f-3f84-4589-891d-ab8882d247f7</sln:miejscIIPId><sln:miejscIIPPn>PL.PZGIK.200</sln:miejscIIPPn><sln:miejscIIPWersja>2017-04-07T15:32:09+02:00</sln:miejscIIPWersja><sln:miejscIdTeryt>0765317</sln:miejscIdTeryt><sln:miejscNazwa>Stręgielek</sln:miejscNazwa><sln:miejscRodzaj>Wieś</sln:miejscRodzaj><sln:powIIPId>78e43ff2-3a0c-497c-ba06-95f283fc066c</sln:powIIPId><sln:powIIPPn>PL.PZGIK.200</sln:powIIPPn><sln:powIIPWersja>2012-09-27T10:00:59+02:00</sln:powIIPWersja><sln:powIdTeryt>2819</sln:powIdTeryt><sln:powNazwa>węgorzewski</sln:powNazwa><sln:waznyOd>2013-12-27T00:00:00+01:00</sln:waznyOd><sln:wojIIPId>45e7cfc6-6d8b-42ff-acbd-ef1d0a53dacb</sln:wojIIPId><sln:wojIIPPn>PL.PZGIK.200</sln:wojIIPPn><sln:wojIIPWersja>2012-09-27T13:45:13+02:00</sln:wojIIPWersja><sln:wojIdTeryt>28</sln:wojIdTeryt><sln:wojNazwa>warmińsko-mazurskie</sln:wojNazwa></sln:miejscowosc><sln:miejscowosc><sln:cyklZyciaOd>2017-04-07T00:00:00+02:00</sln:cyklZyciaOd><sln:gmIIPId>ac7271c6-3ea5-4327-973e-f8dac737be0f</sln:gmIIPId><sln:gmIIPPn>PL.PZGIK.200</sln:gmIIPPn><sln:gmIIPWersja>2012-09-26T22:22:05+02:00</sln:gmIIPWersja><sln:gmIdTeryt>2819022</sln:gmIdTeryt><sln:gmNazwa>Pozezdrze</sln:gmNazwa><sln:miejscIIPId>13115844-cd46-4769-bbe4-4796f5711bf2</sln:miejscIIPId><sln:miejscIIPPn>PL.PZGIK.200</sln:miejscIIPPn><sln:miejscIIPWersja>2017-04-07T15:32:09+02:00</sln:miejscIIPWersja><sln:miejscIdTeryt>0765323</sln:miejscIdTeryt><sln:miejscNazwa>Wyłudy</sln:miejscNazwa><sln:miejscRodzaj>Wieś</sln:miejscRodzaj><sln:powIIPId>78e43ff2-3a0c-497c-ba06-95f283fc066c</sln:powIIPId><sln:powIIPPn>PL.PZGIK.200</sln:powIIPPn><sln:powIIPWersja>2012-09-27T10:00:59+02:00</sln:powIIPWersja><sln:powIdTeryt>2819</sln:powIdTeryt><sln:powNazwa>węgorzewski</sln:powNazwa><sln:waznyOd>2013-12-27T00:00:00+01:00</sln:waznyOd><sln:wojIIPId>45e7cfc6-6d8b-42ff-acbd-ef1d0a53dacb</sln:wojIIPId><sln:wojIIPPn>PL.PZGIK.200</sln:wojIIPPn><sln:wojIIPWersja>2012-09-27T13:45:13+02:00</sln:wojIIPWersja><sln:wojIdTeryt>28</sln:wojIdTeryt><sln:wojNazwa>warmińsko-mazurskie</sln:wojNazwa></sln:miejscowosc></sln:lista-miejscowosci>