<?xml version="1.0" encoding="UTF-8" standalone="yes"?><sln:lista-miejscowosci xmlns:srv="http://gugik.gov.pl/schemas/slowniki-service/1.0" xmlns:sln="http://gugik.gov.pl/schemas/slowniki-schema/1.0"><sln:miejscowosc><sln:cyklZyciaDo>2017-04-07T00:00:00+02:00</sln:cyklZyciaDo><sln:cyklZyciaOd>2016-04-22T00:00:00+02:00</sln:cyklZyciaOd><sln:gmIIPId>ab9d31fb-5bf0-4c3f-abcf-b35fb3a2517f</sln:gmIIPId><sln:gmIIPPn>PL.PZGIK.200</sln:gmIIPPn><sln:gmIIPWersja>2012-09-26T22:21:16+02:00</sln:gmIIPWersja><sln:gmIdTeryt>2812011</sln:gmIdTeryt><sln:gmNazwa>Nowe Miasto Lubawskie</sln:gmNazwa><sln:miejscIIPId>a14057c8-8dbd-45e0-b781-72cdd66a9935</sln:miejscIIPId><sln:miejscIIPPn>PL.PZGIK.200</sln:miejscIIPPn><sln:miejscIIPWersja>2016-11-24T13:19:02+02:00</sln:miejscIIPWersja><sln:miejscIdTeryt>0983563</sln:miejscIdTeryt><sln:miejscNazwa>Nowe Miasto Lubawskie</sln:miejscNazwa><sln:miejscRodzaj>Miasto</sln:miejscRodzaj><sln:powIIPId>e42c631c-498e-4109-b6f4-a4f6fd2fedea</sln:powIIPId><sln:powIIPPn>PL.PZGIK.200</sln:powIIPPn><sln:powIIPWersja>2012-09-27T10:00:59+02:00</sln:powIIPWersja><sln:powIdTeryt>2812</sln:powIdTeryt><sln:powNazwa>nowomiejski</sln:powNazwa><sln:waznyOd>2013-07-29T00:00:00+02:00</sln:waznyOd><sln:wojIIPId>45e7cfc6-6d8b-42ff-acbd-ef1d0a53dacb</sln:wojIIPId><sln:wojIIPPn>PL.PZGIK.200</sln:wojIIPPn><sln:wojIIPWersja>2012-09-27T13:45:13+02:00</sln:wojIIPWersja><sln:wojIdTeryt>28</sln:wojIdTeryt><sln:wojNazwa>warmińsko-mazurskie</sln:wojNazwa></sln:miejscowosc><sln:miejscowosc><sln:cyklZyciaOd>2017-04-07T00:00:00+02:00</sln:cyklZyciaOd><sln:gmIIPId>ab9d31fb-5bf0-4c3f-abcf-b35fb3a2517f</sln:gmIIPId><sln:gmIIPPn>PL.PZGIK.200</sln:gmIIPPn><sln:gmIIPWersja>2012-09-26T22:21:16+02:00</sln:gmIIPWersja><sln:gmIdTeryt>2812011</sln:gmIdTeryt><sln:gmNazwa>Nowe Miasto Lubawskie</sln:gmNazwa><sln:miejscIIPId>a14057c8-8dbd-45e0-b781-72cdd66a9935</sln:miejscIIPId><sln:miejscIIPPn>PL.PZGIK.200</sln:miejscIIPPn><sln:miejscIIPWersja>2017-04-07T15:52:32+02:00</sln:miejscIIPWersja><sln:miejscIdTeryt>0983563</sln:miejscIdTeryt><sln:miejscNazwa>Nowe Miasto Lubawskie</sln:miejscNazwa><sln:miejscRodzaj>Miasto</sln:miejscRodzaj><sln:powIIPId>e42c631c-498e-4109-b6f4-a4f6fd2fedea</sln:powIIPId><sln:powIIPPn>PL.PZGIK.200</sln:powIIPPn><sln:powIIPWersja>2012-09-27T10:00:59+02:00</sln:powIIPWersja><sln:powIdTeryt>2812</sln:powIdTeryt><sln:powNazwa>nowomiejski</sln:powNazwa><sln:waznyOd>2013-07-29T00:00:00+02:00</sln:waznyOd><sln:wojIIPId>45e7cfc6-6d8b-42ff-acbd-ef1d0a53dacb</sln:wojIIPId><sln:wojIIPPn>PL.PZGIK.200</sln:wojIIPPn><sln:wojIIPWersja>2012-09-27T13:45:13+02:00</sln:wojIIPWersja><sln:wojIdTeryt>28</sln:wojIdTeryt><sln:wojNazwa>warmińsko-mazurskie</sln:wojNazwa></sln:miejscowosc></sln:lista-miejscowosci>