<?xml version="1.0" encoding="UTF-8" standalone="yes"?><sln:lista-miejscowosci xmlns:srv="http://gugik.gov.pl/schemas/slowniki-service/1.0" xmlns:sln="http://gugik.gov.pl/schemas/slowniki-schema/1.0"><sln:miejscowosc><sln:cyklZyciaDo>2017-04-07T00:00:00+02:00</sln:cyklZyciaDo><sln:cyklZyciaOd>2015-12-10T00:00:00+01:00</sln:cyklZyciaOd><sln:gmIIPId>5392f04d-7226-4a1f-8ce5-c23d19bb86aa</sln:gmIIPId><sln:gmIIPPn>PL.PZGIK.200</sln:gmIIPPn><sln:gmIIPWersja>2012-09-26T22:22:14+02:00</sln:gmIIPWersja><sln:gmIdTeryt>2802011</sln:gmIdTeryt><sln:gmNazwa>Braniewo</sln:gmNazwa><sln:miejscIIPId>02008272-e0f6-42d3-a3fc-b5f8e234c1cc</sln:miejscIIPId><sln:miejscIIPPn>PL.PZGIK.200</sln:miejscIIPPn><sln:miejscIIPWersja>2016-11-24T13:15:47+02:00</sln:miejscIIPWersja><sln:miejscIdTeryt>0932710</sln:miejscIdTeryt><sln:miejscNazwa>Braniewo</sln:miejscNazwa><sln:miejscRodzaj>Miasto</sln:miejscRodzaj><sln:powIIPId>c30a8930-5d33-4129-9d64-f227367db167</sln:powIIPId><sln:powIIPPn>PL.PZGIK.200</sln:powIIPPn><sln:powIIPWersja>2012-09-27T10:00:59+02:00</sln:powIIPWersja><sln:powIdTeryt>2802</sln:powIdTeryt><sln:powNazwa>braniewski</sln:powNazwa><sln:waznyOd>2013-07-29T00:00:00+02:00</sln:waznyOd><sln:wojIIPId>45e7cfc6-6d8b-42ff-acbd-ef1d0a53dacb</sln:wojIIPId><sln:wojIIPPn>PL.PZGIK.200</sln:wojIIPPn><sln:wojIIPWersja>2012-09-27T13:45:13+02:00</sln:wojIIPWersja><sln:wojIdTeryt>28</sln:wojIdTeryt><sln:wojNazwa>warmińsko-mazurskie</sln:wojNazwa></sln:miejscowosc><sln:miejscowosc><sln:cyklZyciaOd>2017-04-07T00:00:00+02:00</sln:cyklZyciaOd><sln:gmIIPId>5392f04d-7226-4a1f-8ce5-c23d19bb86aa</sln:gmIIPId><sln:gmIIPPn>PL.PZGIK.200</sln:gmIIPPn><sln:gmIIPWersja>2012-09-26T22:22:14+02:00</sln:gmIIPWersja><sln:gmIdTeryt>2802011</sln:gmIdTeryt><sln:gmNazwa>Braniewo</sln:gmNazwa><sln:miejscIIPId>02008272-e0f6-42d3-a3fc-b5f8e234c1cc</sln:miejscIIPId><sln:miejscIIPPn>PL.PZGIK.200</sln:miejscIIPPn><sln:miejscIIPWersja>2017-04-07T10:09:23+02:00</sln:miejscIIPWersja><sln:miejscIdTeryt>0932710</sln:miejscIdTeryt><sln:miejscNazwa>Braniewo</sln:miejscNazwa><sln:miejscRodzaj>Miasto</sln:miejscRodzaj><sln:powIIPId>c30a8930-5d33-4129-9d64-f227367db167</sln:powIIPId><sln:powIIPPn>PL.PZGIK.200</sln:powIIPPn><sln:powIIPWersja>2012-09-27T10:00:59+02:00</sln:powIIPWersja><sln:powIdTeryt>2802</sln:powIdTeryt><sln:powNazwa>braniewski</sln:powNazwa><sln:waznyOd>2013-07-29T00:00:00+02:00</sln:waznyOd><sln:wojIIPId>45e7cfc6-6d8b-42ff-acbd-ef1d0a53dacb</sln:wojIIPId><sln:wojIIPPn>PL.PZGIK.200</sln:wojIIPPn><sln:wojIIPWersja>2012-09-27T13:45:13+02:00</sln:wojIIPWersja><sln:wojIdTeryt>28</sln:wojIdTeryt><sln:wojNazwa>warmińsko-mazurskie</sln:wojNazwa></sln:miejscowosc></sln:lista-miejscowosci>