<?xml version="1.0" encoding="UTF-8" standalone="yes"?><sln:lista-miejscowosci xmlns:srv="http://gugik.gov.pl/schemas/slowniki-service/1.0" xmlns:sln="http://gugik.gov.pl/schemas/slowniki-schema/1.0"><sln:miejscowosc><sln:cyklZyciaDo>2017-04-07T00:00:00+02:00</sln:cyklZyciaDo><sln:cyklZyciaOd>2015-04-20T00:00:00+02:00</sln:cyklZyciaOd><sln:gmIIPId>e1c3b006-8a15-41cc-ba7c-c74c3a465636</sln:gmIIPId><sln:gmIIPPn>PL.PZGIK.200</sln:gmIIPPn><sln:gmIIPWersja>2012-09-26T22:20:59+02:00</sln:gmIIPWersja><sln:gmIdTeryt>2807043</sln:gmIdTeryt><sln:gmNazwa>Kisielice</sln:gmNazwa><sln:miejscIIPId>bd059566-e1ae-40ef-9235-7a1ba8d5512b</sln:miejscIIPId><sln:miejscIIPPn>PL.PZGIK.200</sln:miejscIIPPn><sln:miejscIIPWersja>2016-11-24T09:20:23+02:00</sln:miejscIIPWersja><sln:miejscIdTeryt>0150722</sln:miejscIdTeryt><sln:miejscNazwa>Biskupiczki</sln:miejscNazwa><sln:miejscRodzaj>Wieś</sln:miejscRodzaj><sln:powIIPId>bdb43311-4acc-483f-94db-fe66484f926d</sln:powIIPId><sln:powIIPPn>PL.PZGIK.200</sln:powIIPPn><sln:powIIPWersja>2012-09-27T10:00:59+02:00</sln:powIIPWersja><sln:powIdTeryt>2807</sln:powIdTeryt><sln:powNazwa>iławski</sln:powNazwa><sln:waznyOd>2014-09-24T00:00:00+02:00</sln:waznyOd><sln:wojIIPId>45e7cfc6-6d8b-42ff-acbd-ef1d0a53dacb</sln:wojIIPId><sln:wojIIPPn>PL.PZGIK.200</sln:wojIIPPn><sln:wojIIPWersja>2012-09-27T13:45:13+02:00</sln:wojIIPWersja><sln:wojIdTeryt>28</sln:wojIdTeryt><sln:wojNazwa>warmińsko-mazurskie</sln:wojNazwa></sln:miejscowosc><sln:miejscowosc><sln:cyklZyciaDo>2017-04-07T00:00:00+02:00</sln:cyklZyciaDo><sln:cyklZyciaOd>2015-04-20T00:00:00+02:00</sln:cyklZyciaOd><sln:gmIIPId>e1c3b006-8a15-41cc-ba7c-c74c3a465636</sln:gmIIPId><sln:gmIIPPn>PL.PZGIK.200</sln:gmIIPPn><sln:gmIIPWersja>2012-09-26T22:20:59+02:00</sln:gmIIPWersja><sln:gmIdTeryt>2807043</sln:gmIdTeryt><sln:gmNazwa>Kisielice</sln:gmNazwa><sln:miejscIIPId>8f50eb7a-0bb6-444c-8b8c-175e16afd924</sln:miejscIIPId><sln:miejscIIPPn>PL.PZGIK.200</sln:miejscIIPPn><sln:miejscIIPWersja>2016-11-24T09:20:23+02:00</sln:miejscIIPWersja><sln:miejscIdTeryt>0150739</sln:miejscIdTeryt><sln:miejscNazwa>Butowo</sln:miejscNazwa><sln:miejscRodzaj>Wieś</sln:miejscRodzaj><sln:powIIPId>bdb43311-4acc-483f-94db-fe66484f926d</sln:powIIPId><sln:powIIPPn>PL.PZGIK.200</sln:powIIPPn><sln:powIIPWersja>2012-09-27T10:00:59+02:00</sln:powIIPWersja><sln:powIdTeryt>2807</sln:powIdTeryt><sln:powNazwa>iławski</sln:powNazwa><sln:waznyOd>2014-09-24T00:00:00+02:00</sln:waznyOd><sln:wojIIPId>45e7cfc6-6d8b-42ff-acbd-ef1d0a53dacb</sln:wojIIPId><sln:wojIIPPn>PL.PZGIK.200</sln:wojIIPPn><sln:wojIIPWersja>2012-09-27T13:45:13+02:00</sln:wojIIPWersja><sln:wojIdTeryt>28</sln:wojIdTeryt><sln:wojNazwa>warmińsko-mazurskie</sln:wojNazwa></sln:miejscowosc><sln:miejscowosc><sln:cyklZyciaDo>2017-04-07T00:00:00+02:00</sln:cyklZyciaDo><sln:cyklZyciaOd>2015-04-20T00:00:00+02:00</sln:cyklZyciaOd><sln:gmIIPId>e1c3b006-8a15-41cc-ba7c-c74c3a465636</sln:gmIIPId><sln:gmIIPPn>PL.PZGIK.200</sln:gmIIPPn><sln:gmIIPWersja>2012-09-26T22:20:59+02:00</sln:gmIIPWersja><sln:gmIdTeryt>2807043</sln:gmIdTeryt><sln:gmNazwa>Kisielice</sln:gmNazwa><sln:miejscIIPId>dcbeec9b-2cf7-407e-a0e0-e1d96fb7cb8c</sln:miejscIIPId><sln:miejscIIPPn>PL.PZGIK.200</sln:miejscIIPPn><sln:miejscIIPWersja>2016-11-24T09:20:23+02:00</sln:miejscIIPWersja><sln:miejscIdTeryt>0150745</sln:miejscIdTeryt><sln:miejscNazwa>Galinowo</sln:miejscNazwa><sln:miejscRodzaj>Wieś</sln:miejscRodzaj><sln:powIIPId>bdb43311-4acc-483f-94db-fe66484f926d</sln:powIIPId><sln:powIIPPn>PL.PZGIK.200</sln:powIIPPn><sln:powIIPWersja>2012-09-27T10:00:59+02:00</sln:powIIPWersja><sln:powIdTeryt>2807</sln:powIdTeryt><sln:powNazwa>iławski</sln:powNazwa><sln:waznyOd>2014-09-24T00:00:00+02:00</sln:waznyOd><sln:wojIIPId>45e7cfc6-6d8b-42ff-acbd-ef1d0a53dacb</sln:wojIIPId><sln:wojIIPPn>PL.PZGIK.200</sln:wojIIPPn><sln:wojIIPWersja>2012-09-27T13:45:13+02:00</sln:wojIIPWersja><sln:wojIdTeryt>28</sln:wojIdTeryt><sln:wojNazwa>warmińsko-mazurskie</sln:wojNazwa></sln:miejscowosc><sln:miejscowosc><sln:cyklZyciaDo>2017-04-07T00:00:00+02:00</sln:cyklZyciaDo><sln:cyklZyciaOd>2015-04-20T00:00:00+02:00</sln:cyklZyciaOd><sln:gmIIPId>e1c3b006-8a15-41cc-ba7c-c74c3a465636</sln:gmIIPId><sln:gmIIPPn>PL.PZGIK.200</sln:gmIIPPn><sln:gmIIPWersja>2012-09-26T22:20:59+02:00</sln:gmIIPWersja><sln:gmIdTeryt>2807043</sln:gmIdTeryt><sln:gmNazwa>Kisielice</sln:gmNazwa><sln:miejscIIPId>b2bb708c-a1f2-48bb-aa04-5c10f2801424</sln:miejscIIPId><sln:miejscIIPPn>PL.PZGIK.200</sln:miejscIIPPn><sln:miejscIIPWersja>2016-11-24T09:20:23+02:00</sln:miejscIIPWersja><sln:miejscIdTeryt>0150751</sln:miejscIdTeryt><sln:miejscNazwa>Goryń</sln:miejscNazwa><sln:miejscRodzaj>Wieś</sln:miejscRodzaj><sln:powIIPId>bdb43311-4acc-483f-94db-fe66484f926d</sln:powIIPId><sln:powIIPPn>PL.PZGIK.200</sln:powIIPPn><sln:powIIPWersja>2012-09-27T10:00:59+02:00</sln:powIIPWersja><sln:powIdTeryt>2807</sln:powIdTeryt><sln:powNazwa>iławski</sln:powNazwa><sln:waznyOd>2014-09-24T00:00:00+02:00</sln:waznyOd><sln:wojIIPId>45e7cfc6-6d8b-42ff-acbd-ef1d0a53dacb</sln:wojIIPId><sln:wojIIPPn>PL.PZGIK.200</sln:wojIIPPn><sln:wojIIPWersja>2012-09-27T13:45:13+02:00</sln:wojIIPWersja><sln:wojIdTeryt>28</sln:wojIdTeryt><sln:wojNazwa>warmińsko-mazurskie</sln:wojNazwa></sln:miejscowosc><sln:miejscowosc><sln:cyklZyciaDo>2017-04-07T00:00:00+02:00</sln:cyklZyciaDo><sln:cyklZyciaOd>2015-04-20T00:00:00+02:00</sln:cyklZyciaOd><sln:gmIIPId>e1c3b006-8a15-41cc-ba7c-c74c3a465636</sln:gmIIPId><sln:gmIIPPn>PL.PZGIK.200</sln:gmIIPPn><sln:gmIIPWersja>2012-09-26T22:20:59+02:00</sln:gmIIPWersja><sln:gmIdTeryt>2807043</sln:gmIdTeryt><sln:gmNazwa>Kisielice</sln:gmNazwa><sln:miejscIIPId>76e7c937-a316-4518-91b5-fbe56c5b9702</sln:miejscIIPId><sln:miejscIIPPn>PL.PZGIK.200</sln:miejscIIPPn><sln:miejscIIPWersja>2016-11-24T09:20:23+02:00</sln:miejscIIPWersja><sln:miejscIdTeryt>0150774</sln:miejscIdTeryt><sln:miejscNazwa>Jędrychowo</sln:miejscNazwa><sln:miejscRodzaj>Wieś</sln:miejscRodzaj><sln:powIIPId>bdb43311-4acc-483f-94db-fe66484f926d</sln:powIIPId><sln:powIIPPn>PL.PZGIK.200</sln:powIIPPn><sln:powIIPWersja>2012-09-27T10:00:59+02:00</sln:powIIPWersja><sln:powIdTeryt>2807</sln:powIdTeryt><sln:powNazwa>iławski</sln:powNazwa><sln:waznyOd>2014-09-24T00:00:00+02:00</sln:waznyOd><sln:wojIIPId>45e7cfc6-6d8b-42ff-acbd-ef1d0a53dacb</sln:wojIIPId><sln:wojIIPPn>PL.PZGIK.200</sln:wojIIPPn><sln:wojIIPWersja>2012-09-27T13:45:13+02:00</sln:wojIIPWersja><sln:wojIdTeryt>28</sln:wojIdTeryt><sln:wojNazwa>warmińsko-mazurskie</sln:wojNazwa></sln:miejscowosc><sln:miejscowosc><sln:cyklZyciaDo>2017-04-07T00:00:00+02:00</sln:cyklZyciaDo><sln:cyklZyciaOd>2015-04-20T00:00:00+02:00</sln:cyklZyciaOd><sln:gmIIPId>e1c3b006-8a15-41cc-ba7c-c74c3a465636</sln:gmIIPId><sln:gmIIPPn>PL.PZGIK.200</sln:gmIIPPn><sln:gmIIPWersja>2012-09-26T22:20:59+02:00</sln:gmIIPWersja><sln:gmIdTeryt>2807043</sln:gmIdTeryt><sln:gmNazwa>Kisielice</sln:gmNazwa><sln:miejscIIPId>0c886bb4-b863-4931-916c-d927525de700</sln:miejscIIPId><sln:miejscIIPPn>PL.PZGIK.200</sln:miejscIIPPn><sln:miejscIIPWersja>2016-11-24T09:20:23+02:00</sln:miejscIIPWersja><sln:miejscIdTeryt>0150797</sln:miejscIdTeryt><sln:miejscNazwa>Kantowo</sln:miejscNazwa><sln:miejscRodzaj>Osada</sln:miejscRodzaj><sln:powIIPId>bdb43311-4acc-483f-94db-fe66484f926d</sln:powIIPId><sln:powIIPPn>PL.PZGIK.200</sln:powIIPPn><sln:powIIPWersja>2012-09-27T10:00:59+02:00</sln:powIIPWersja><sln:powIdTeryt>2807</sln:powIdTeryt><sln:powNazwa>iławski</sln:powNazwa><sln:waznyOd>2014-09-24T00:00:00+02:00</sln:waznyOd><sln:wojIIPId>45e7cfc6-6d8b-42ff-acbd-ef1d0a53dacb</sln:wojIIPId><sln:wojIIPPn>PL.PZGIK.200</sln:wojIIPPn><sln:wojIIPWersja>2012-09-27T13:45:13+02:00</sln:wojIIPWersja><sln:wojIdTeryt>28</sln:wojIdTeryt><sln:wojNazwa>warmińsko-mazurskie</sln:wojNazwa></sln:miejscowosc><sln:miejscowosc><sln:cyklZyciaDo>2017-04-07T00:00:00+02:00</sln:cyklZyciaDo><sln:cyklZyciaOd>2015-04-20T00:00:00+02:00</sln:cyklZyciaOd><sln:gmIIPId>e1c3b006-8a15-41cc-ba7c-c74c3a465636</sln:gmIIPId><sln:gmIIPPn>PL.PZGIK.200</sln:gmIIPPn><sln:gmIIPWersja>2012-09-26T22:20:59+02:00</sln:gmIIPWersja><sln:gmIdTeryt>2807043</sln:gmIdTeryt><sln:gmNazwa>Kisielice</sln:gmNazwa><sln:miejscIIPId>2c8033cd-043c-45bf-8c50-66f9eb99eecb</sln:miejscIIPId><sln:miejscIIPPn>PL.PZGIK.200</sln:miejscIIPPn><sln:miejscIIPWersja>2016-11-24T13:15:49+02:00</sln:miejscIIPWersja><sln:miejscIdTeryt>0932749</sln:miejscIdTeryt><sln:miejscNazwa>Kisielice</sln:miejscNazwa><sln:miejscRodzaj>Miasto</sln:miejscRodzaj><sln:powIIPId>bdb43311-4acc-483f-94db-fe66484f926d</sln:powIIPId><sln:powIIPPn>PL.PZGIK.200</sln:powIIPPn><sln:powIIPWersja>2012-09-27T10:00:59+02:00</sln:powIIPWersja><sln:powIdTeryt>2807</sln:powIdTeryt><sln:powNazwa>iławski</sln:powNazwa><sln:waznyOd>2014-09-24T00:00:00+02:00</sln:waznyOd><sln:wojIIPId>45e7cfc6-6d8b-42ff-acbd-ef1d0a53dacb</sln:wojIIPId><sln:wojIIPPn>PL.PZGIK.200</sln:wojIIPPn><sln:wojIIPWersja>2012-09-27T13:45:13+02:00</sln:wojIIPWersja><sln:wojIdTeryt>28</sln:wojIdTeryt><sln:wojNazwa>warmińsko-mazurskie</sln:wojNazwa></sln:miejscowosc><sln:miejscowosc><sln:cyklZyciaDo>2017-04-07T00:00:00+02:00</sln:cyklZyciaDo><sln:cyklZyciaOd>2015-04-20T00:00:00+02:00</sln:cyklZyciaOd><sln:gmIIPId>e1c3b006-8a15-41cc-ba7c-c74c3a465636</sln:gmIIPId><sln:gmIIPPn>PL.PZGIK.200</sln:gmIIPPn><sln:gmIIPWersja>2012-09-26T22:20:59+02:00</sln:gmIIPWersja><sln:gmIdTeryt>2807043</sln:gmIdTeryt><sln:gmNazwa>Kisielice</sln:gmNazwa><sln:miejscIIPId>752ec6bb-c435-4d03-bdd0-c19ee082f236</sln:miejscIIPId><sln:miejscIIPPn>PL.PZGIK.200</sln:miejscIIPPn><sln:miejscIIPWersja>2016-11-24T09:20:23+02:00</sln:miejscIIPWersja><sln:miejscIdTeryt>0150805</sln:miejscIdTeryt><sln:miejscNazwa>Klimy</sln:miejscNazwa><sln:miejscRodzaj>Wieś</sln:miejscRodzaj><sln:powIIPId>bdb43311-4acc-483f-94db-fe66484f926d</sln:powIIPId><sln:powIIPPn>PL.PZGIK.200</sln:powIIPPn><sln:powIIPWersja>2012-09-27T10:00:59+02:00</sln:powIIPWersja><sln:powIdTeryt>2807</sln:powIdTeryt><sln:powNazwa>iławski</sln:powNazwa><sln:waznyOd>2014-09-24T00:00:00+02:00</sln:waznyOd><sln:wojIIPId>45e7cfc6-6d8b-42ff-acbd-ef1d0a53dacb</sln:wojIIPId><sln:wojIIPPn>PL.PZGIK.200</sln:wojIIPPn><sln:wojIIPWersja>2012-09-27T13:45:13+02:00</sln:wojIIPWersja><sln:wojIdTeryt>28</sln:wojIdTeryt><sln:wojNazwa>warmińsko-mazurskie</sln:wojNazwa></sln:miejscowosc><sln:miejscowosc><sln:cyklZyciaDo>2017-04-07T00:00:00+02:00</sln:cyklZyciaDo><sln:cyklZyciaOd>2015-04-20T00:00:00+02:00</sln:cyklZyciaOd><sln:gmIIPId>e1c3b006-8a15-41cc-ba7c-c74c3a465636</sln:gmIIPId><sln:gmIIPPn>PL.PZGIK.200</sln:gmIIPPn><sln:gmIIPWersja>2012-09-26T22:20:59+02:00</sln:gmIIPWersja><sln:gmIdTeryt>2807043</sln:gmIdTeryt><sln:gmNazwa>Kisielice</sln:gmNazwa><sln:miejscIIPId>8c2a86b0-e2c3-40c1-b06c-35ffbbc7fb3a</sln:miejscIIPId><sln:miejscIIPPn>PL.PZGIK.200</sln:miejscIIPPn><sln:miejscIIPWersja>2016-11-24T09:20:23+02:00</sln:miejscIIPWersja><sln:miejscIdTeryt>0150811</sln:miejscIdTeryt><sln:miejscNazwa>Krzywka</sln:miejscNazwa><sln:miejscRodzaj>Wieś</sln:miejscRodzaj><sln:powIIPId>bdb43311-4acc-483f-94db-fe66484f926d</sln:powIIPId><sln:powIIPPn>PL.PZGIK.200</sln:powIIPPn><sln:powIIPWersja>2012-09-27T10:00:59+02:00</sln:powIIPWersja><sln:powIdTeryt>2807</sln:powIdTeryt><sln:powNazwa>iławski</sln:powNazwa><sln:waznyOd>2014-09-24T00:00:00+02:00</sln:waznyOd><sln:wojIIPId>45e7cfc6-6d8b-42ff-acbd-ef1d0a53dacb</sln:wojIIPId><sln:wojIIPPn>PL.PZGIK.200</sln:wojIIPPn><sln:wojIIPWersja>2012-09-27T13:45:13+02:00</sln:wojIIPWersja><sln:wojIdTeryt>28</sln:wojIdTeryt><sln:wojNazwa>warmińsko-mazurskie</sln:wojNazwa></sln:miejscowosc><sln:miejscowosc><sln:cyklZyciaDo>2017-04-07T00:00:00+02:00</sln:cyklZyciaDo><sln:cyklZyciaOd>2015-04-20T00:00:00+02:00</sln:cyklZyciaOd><sln:gmIIPId>e1c3b006-8a15-41cc-ba7c-c74c3a465636</sln:gmIIPId><sln:gmIIPPn>PL.PZGIK.200</sln:gmIIPPn><sln:gmIIPWersja>2012-09-26T22:20:59+02:00</sln:gmIIPWersja><sln:gmIdTeryt>2807043</sln:gmIdTeryt><sln:gmNazwa>Kisielice</sln:gmNazwa><sln:miejscIIPId>ca3103b0-b17d-4c94-8ba7-fa0b2f7ce02e</sln:miejscIIPId><sln:miejscIIPPn>PL.PZGIK.200</sln:miejscIIPPn><sln:miejscIIPWersja>2016-11-24T09:20:23+02:00</sln:miejscIIPWersja><sln:miejscIdTeryt>0150840</sln:miejscIdTeryt><sln:miejscNazwa>Limża</sln:miejscNazwa><sln:miejscRodzaj>Wieś</sln:miejscRodzaj><sln:powIIPId>bdb43311-4acc-483f-94db-fe66484f926d</sln:powIIPId><sln:powIIPPn>PL.PZGIK.200</sln:powIIPPn><sln:powIIPWersja>2012-09-27T10:00:59+02:00</sln:powIIPWersja><sln:powIdTeryt>2807</sln:powIdTeryt><sln:powNazwa>iławski</sln:powNazwa><sln:waznyOd>2014-09-24T00:00:00+02:00</sln:waznyOd><sln:wojIIPId>45e7cfc6-6d8b-42ff-acbd-ef1d0a53dacb</sln:wojIIPId><sln:wojIIPPn>PL.PZGIK.200</sln:wojIIPPn><sln:wojIIPWersja>2012-09-27T13:45:13+02:00</sln:wojIIPWersja><sln:wojIdTeryt>28</sln:wojIdTeryt><sln:wojNazwa>warmińsko-mazurskie</sln:wojNazwa></sln:miejscowosc><sln:miejscowosc><sln:cyklZyciaDo>2017-04-07T00:00:00+02:00</sln:cyklZyciaDo><sln:cyklZyciaOd>2015-04-20T00:00:00+02:00</sln:cyklZyciaOd><sln:gmIIPId>e1c3b006-8a15-41cc-ba7c-c74c3a465636</sln:gmIIPId><sln:gmIIPPn>PL.PZGIK.200</sln:gmIIPPn><sln:gmIIPWersja>2012-09-26T22:20:59+02:00</sln:gmIIPWersja><sln:gmIdTeryt>2807043</sln:gmIdTeryt><sln:gmNazwa>Kisielice</sln:gmNazwa><sln:miejscIIPId>8aa45877-3dc8-4cfc-96eb-cdd771b4172b</sln:miejscIIPId><sln:miejscIIPPn>PL.PZGIK.200</sln:miejscIIPPn><sln:miejscIIPWersja>2016-11-24T09:20:23+02:00</sln:miejscIIPWersja><sln:miejscIdTeryt>0150863</sln:miejscIdTeryt><sln:miejscNazwa>Łęgowo</sln:miejscNazwa><sln:miejscRodzaj>Wieś</sln:miejscRodzaj><sln:powIIPId>bdb43311-4acc-483f-94db-fe66484f926d</sln:powIIPId><sln:powIIPPn>PL.PZGIK.200</sln:powIIPPn><sln:powIIPWersja>2012-09-27T10:00:59+02:00</sln:powIIPWersja><sln:powIdTeryt>2807</sln:powIdTeryt><sln:powNazwa>iławski</sln:powNazwa><sln:waznyOd>2014-09-24T00:00:00+02:00</sln:waznyOd><sln:wojIIPId>45e7cfc6-6d8b-42ff-acbd-ef1d0a53dacb</sln:wojIIPId><sln:wojIIPPn>PL.PZGIK.200</sln:wojIIPPn><sln:wojIIPWersja>2012-09-27T13:45:13+02:00</sln:wojIIPWersja><sln:wojIdTeryt>28</sln:wojIdTeryt><sln:wojNazwa>warmińsko-mazurskie</sln:wojNazwa></sln:miejscowosc><sln:miejscowosc><sln:cyklZyciaDo>2017-04-07T00:00:00+02:00</sln:cyklZyciaDo><sln:cyklZyciaOd>2015-04-20T00:00:00+02:00</sln:cyklZyciaOd><sln:gmIIPId>e1c3b006-8a15-41cc-ba7c-c74c3a465636</sln:gmIIPId><sln:gmIIPPn>PL.PZGIK.200</sln:gmIIPPn><sln:gmIIPWersja>2012-09-26T22:20:59+02:00</sln:gmIIPWersja><sln:gmIdTeryt>2807043</sln:gmIdTeryt><sln:gmNazwa>Kisielice</sln:gmNazwa><sln:miejscIIPId>1fe2df9f-3fe8-4d17-b6dc-32c34efec1f8</sln:miejscIIPId><sln:miejscIIPPn>PL.PZGIK.200</sln:miejscIIPPn><sln:miejscIIPWersja>2016-11-24T09:20:23+02:00</sln:miejscIIPWersja><sln:miejscIdTeryt>0150892</sln:miejscIdTeryt><sln:miejscNazwa>Łodygowo</sln:miejscNazwa><sln:miejscRodzaj>Wieś</sln:miejscRodzaj><sln:powIIPId>bdb43311-4acc-483f-94db-fe66484f926d</sln:powIIPId><sln:powIIPPn>PL.PZGIK.200</sln:powIIPPn><sln:powIIPWersja>2012-09-27T10:00:59+02:00</sln:powIIPWersja><sln:powIdTeryt>2807</sln:powIdTeryt><sln:powNazwa>iławski</sln:powNazwa><sln:waznyOd>2014-09-24T00:00:00+02:00</sln:waznyOd><sln:wojIIPId>45e7cfc6-6d8b-42ff-acbd-ef1d0a53dacb</sln:wojIIPId><sln:wojIIPPn>PL.PZGIK.200</sln:wojIIPPn><sln:wojIIPWersja>2012-09-27T13:45:13+02:00</sln:wojIIPWersja><sln:wojIdTeryt>28</sln:wojIdTeryt><sln:wojNazwa>warmińsko-mazurskie</sln:wojNazwa></sln:miejscowosc><sln:miejscowosc><sln:cyklZyciaDo>2017-04-07T00:00:00+02:00</sln:cyklZyciaDo><sln:cyklZyciaOd>2015-04-20T00:00:00+02:00</sln:cyklZyciaOd><sln:gmIIPId>e1c3b006-8a15-41cc-ba7c-c74c3a465636</sln:gmIIPId><sln:gmIIPPn>PL.PZGIK.200</sln:gmIIPPn><sln:gmIIPWersja>2012-09-26T22:20:59+02:00</sln:gmIIPWersja><sln:gmIdTeryt>2807043</sln:gmIdTeryt><sln:gmNazwa>Kisielice</sln:gmNazwa><sln:miejscIIPId>ceff41fc-5b5b-4a9f-9572-70ada5c32843</sln:miejscIIPId><sln:miejscIIPPn>PL.PZGIK.200</sln:miejscIIPPn><sln:miejscIIPWersja>2016-11-24T09:20:23+02:00</sln:miejscIIPWersja><sln:miejscIdTeryt>0150917</sln:miejscIdTeryt><sln:miejscNazwa>Nowy Folwark</sln:miejscNazwa><sln:miejscRodzaj>Osada</sln:miejscRodzaj><sln:powIIPId>bdb43311-4acc-483f-94db-fe66484f926d</sln:powIIPId><sln:powIIPPn>PL.PZGIK.200</sln:powIIPPn><sln:powIIPWersja>2012-09-27T10:00:59+02:00</sln:powIIPWersja><sln:powIdTeryt>2807</sln:powIdTeryt><sln:powNazwa>iławski</sln:powNazwa><sln:waznyOd>2014-09-24T00:00:00+02:00</sln:waznyOd><sln:wojIIPId>45e7cfc6-6d8b-42ff-acbd-ef1d0a53dacb</sln:wojIIPId><sln:wojIIPPn>PL.PZGIK.200</sln:wojIIPPn><sln:wojIIPWersja>2012-09-27T13:45:13+02:00</sln:wojIIPWersja><sln:wojIdTeryt>28</sln:wojIdTeryt><sln:wojNazwa>warmińsko-mazurskie</sln:wojNazwa></sln:miejscowosc><sln:miejscowosc><sln:cyklZyciaDo>2017-04-07T00:00:00+02:00</sln:cyklZyciaDo><sln:cyklZyciaOd>2015-04-20T00:00:00+02:00</sln:cyklZyciaOd><sln:gmIIPId>e1c3b006-8a15-41cc-ba7c-c74c3a465636</sln:gmIIPId><sln:gmIIPPn>PL.PZGIK.200</sln:gmIIPPn><sln:gmIIPWersja>2012-09-26T22:20:59+02:00</sln:gmIIPWersja><sln:gmIdTeryt>2807043</sln:gmIdTeryt><sln:gmNazwa>Kisielice</sln:gmNazwa><sln:miejscIIPId>79e6b386-e1f9-41be-a1db-150f627fad1b</sln:miejscIIPId><sln:miejscIIPPn>PL.PZGIK.200</sln:miejscIIPPn><sln:miejscIIPWersja>2016-11-24T09:20:23+02:00</sln:miejscIIPWersja><sln:miejscIdTeryt>0150923</sln:miejscIdTeryt><sln:miejscNazwa>Ogrodzieniec</sln:miejscNazwa><sln:miejscRodzaj>Osada</sln:miejscRodzaj><sln:powIIPId>bdb43311-4acc-483f-94db-fe66484f926d</sln:powIIPId><sln:powIIPPn>PL.PZGIK.200</sln:powIIPPn><sln:powIIPWersja>2012-09-27T10:00:59+02:00</sln:powIIPWersja><sln:powIdTeryt>2807</sln:powIdTeryt><sln:powNazwa>iławski</sln:powNazwa><sln:waznyOd>2014-09-24T00:00:00+02:00</sln:waznyOd><sln:wojIIPId>45e7cfc6-6d8b-42ff-acbd-ef1d0a53dacb</sln:wojIIPId><sln:wojIIPPn>PL.PZGIK.200</sln:wojIIPPn><sln:wojIIPWersja>2012-09-27T13:45:13+02:00</sln:wojIIPWersja><sln:wojIdTeryt>28</sln:wojIdTeryt><sln:wojNazwa>warmińsko-mazurskie</sln:wojNazwa></sln:miejscowosc><sln:miejscowosc><sln:cyklZyciaDo>2017-04-07T00:00:00+02:00</sln:cyklZyciaDo><sln:cyklZyciaOd>2015-04-20T00:00:00+02:00</sln:cyklZyciaOd><sln:gmIIPId>e1c3b006-8a15-41cc-ba7c-c74c3a465636</sln:gmIIPId><sln:gmIIPPn>PL.PZGIK.200</sln:gmIIPPn><sln:gmIIPWersja>2012-09-26T22:20:59+02:00</sln:gmIIPWersja><sln:gmIdTeryt>2807043</sln:gmIdTeryt><sln:gmNazwa>Kisielice</sln:gmNazwa><sln:miejscIIPId>f8a1e187-67c5-4965-b55b-45fdbf6be225</sln:miejscIIPId><sln:miejscIIPPn>PL.PZGIK.200</sln:miejscIIPPn><sln:miejscIIPWersja>2016-11-24T09:20:23+02:00</sln:miejscIIPWersja><sln:miejscIdTeryt>0150930</sln:miejscIdTeryt><sln:miejscNazwa>Pławty Wielkie</sln:miejscNazwa><sln:miejscRodzaj>Wieś</sln:miejscRodzaj><sln:powIIPId>bdb43311-4acc-483f-94db-fe66484f926d</sln:powIIPId><sln:powIIPPn>PL.PZGIK.200</sln:powIIPPn><sln:powIIPWersja>2012-09-27T10:00:59+02:00</sln:powIIPWersja><sln:powIdTeryt>2807</sln:powIdTeryt><sln:powNazwa>iławski</sln:powNazwa><sln:waznyOd>2014-09-24T00:00:00+02:00</sln:waznyOd><sln:wojIIPId>45e7cfc6-6d8b-42ff-acbd-ef1d0a53dacb</sln:wojIIPId><sln:wojIIPPn>PL.PZGIK.200</sln:wojIIPPn><sln:wojIIPWersja>2012-09-27T13:45:13+02:00</sln:wojIIPWersja><sln:wojIdTeryt>28</sln:wojIdTeryt><sln:wojNazwa>warmińsko-mazurskie</sln:wojNazwa></sln:miejscowosc><sln:miejscowosc><sln:cyklZyciaDo>2017-04-07T00:00:00+02:00</sln:cyklZyciaDo><sln:cyklZyciaOd>2015-04-20T00:00:00+02:00</sln:cyklZyciaOd><sln:gmIIPId>e1c3b006-8a15-41cc-ba7c-c74c3a465636</sln:gmIIPId><sln:gmIIPPn>PL.PZGIK.200</sln:gmIIPPn><sln:gmIIPWersja>2012-09-26T22:20:59+02:00</sln:gmIIPWersja><sln:gmIdTeryt>2807043</sln:gmIdTeryt><sln:gmNazwa>Kisielice</sln:gmNazwa><sln:miejscIIPId>75424677-95c6-48c9-8ae8-252d42b8d160</sln:miejscIIPId><sln:miejscIIPPn>PL.PZGIK.200</sln:miejscIIPPn><sln:miejscIIPWersja>2016-11-24T09:20:23+02:00</sln:miejscIIPWersja><sln:miejscIdTeryt>0150975</sln:miejscIdTeryt><sln:miejscNazwa>Sobiewola</sln:miejscNazwa><sln:miejscRodzaj>Wieś</sln:miejscRodzaj><sln:powIIPId>bdb43311-4acc-483f-94db-fe66484f926d</sln:powIIPId><sln:powIIPPn>PL.PZGIK.200</sln:powIIPPn><sln:powIIPWersja>2012-09-27T10:00:59+02:00</sln:powIIPWersja><sln:powIdTeryt>2807</sln:powIdTeryt><sln:powNazwa>iławski</sln:powNazwa><sln:waznyOd>2014-09-24T00:00:00+02:00</sln:waznyOd><sln:wojIIPId>45e7cfc6-6d8b-42ff-acbd-ef1d0a53dacb</sln:wojIIPId><sln:wojIIPPn>PL.PZGIK.200</sln:wojIIPPn><sln:wojIIPWersja>2012-09-27T13:45:13+02:00</sln:wojIIPWersja><sln:wojIdTeryt>28</sln:wojIdTeryt><sln:wojNazwa>warmińsko-mazurskie</sln:wojNazwa></sln:miejscowosc><sln:miejscowosc><sln:cyklZyciaDo>2017-04-07T00:00:00+02:00</sln:cyklZyciaDo><sln:cyklZyciaOd>2015-04-20T00:00:00+02:00</sln:cyklZyciaOd><sln:gmIIPId>e1c3b006-8a15-41cc-ba7c-c74c3a465636</sln:gmIIPId><sln:gmIIPPn>PL.PZGIK.200</sln:gmIIPPn><sln:gmIIPWersja>2012-09-26T22:20:59+02:00</sln:gmIIPWersja><sln:gmIdTeryt>2807043</sln:gmIdTeryt><sln:gmNazwa>Kisielice</sln:gmNazwa><sln:miejscIIPId>362fe81a-1fb5-4b28-a2f7-e6bf9723eae3</sln:miejscIIPId><sln:miejscIIPPn>PL.PZGIK.200</sln:miejscIIPPn><sln:miejscIIPWersja>2016-11-24T09:20:23+02:00</sln:miejscIIPWersja><sln:miejscIdTeryt>0150981</sln:miejscIdTeryt><sln:miejscNazwa>Stary Folwark</sln:miejscNazwa><sln:miejscRodzaj>Osada</sln:miejscRodzaj><sln:powIIPId>bdb43311-4acc-483f-94db-fe66484f926d</sln:powIIPId><sln:powIIPPn>PL.PZGIK.200</sln:powIIPPn><sln:powIIPWersja>2012-09-27T10:00:59+02:00</sln:powIIPWersja><sln:powIdTeryt>2807</sln:powIdTeryt><sln:powNazwa>iławski</sln:powNazwa><sln:waznyOd>2014-09-24T00:00:00+02:00</sln:waznyOd><sln:wojIIPId>45e7cfc6-6d8b-42ff-acbd-ef1d0a53dacb</sln:wojIIPId><sln:wojIIPPn>PL.PZGIK.200</sln:wojIIPPn><sln:wojIIPWersja>2012-09-27T13:45:13+02:00</sln:wojIIPWersja><sln:wojIdTeryt>28</sln:wojIdTeryt><sln:wojNazwa>warmińsko-mazurskie</sln:wojNazwa></sln:miejscowosc><sln:miejscowosc><sln:cyklZyciaDo>2017-04-07T00:00:00+02:00</sln:cyklZyciaDo><sln:cyklZyciaOd>2015-04-20T00:00:00+02:00</sln:cyklZyciaOd><sln:gmIIPId>e1c3b006-8a15-41cc-ba7c-c74c3a465636</sln:gmIIPId><sln:gmIIPPn>PL.PZGIK.200</sln:gmIIPPn><sln:gmIIPWersja>2012-09-26T22:20:59+02:00</sln:gmIIPWersja><sln:gmIdTeryt>2807043</sln:gmIdTeryt><sln:gmNazwa>Kisielice</sln:gmNazwa><sln:miejscIIPId>903e567c-47ef-419b-b2c8-9a6920dbb004</sln:miejscIIPId><sln:miejscIIPPn>PL.PZGIK.200</sln:miejscIIPPn><sln:miejscIIPWersja>2016-11-24T09:20:23+02:00</sln:miejscIIPWersja><sln:miejscIdTeryt>0151006</sln:miejscIdTeryt><sln:miejscNazwa>Trupel</sln:miejscNazwa><sln:miejscRodzaj>Wieś</sln:miejscRodzaj><sln:powIIPId>bdb43311-4acc-483f-94db-fe66484f926d</sln:powIIPId><sln:powIIPPn>PL.PZGIK.200</sln:powIIPPn><sln:powIIPWersja>2012-09-27T10:00:59+02:00</sln:powIIPWersja><sln:powIdTeryt>2807</sln:powIdTeryt><sln:powNazwa>iławski</sln:powNazwa><sln:waznyOd>2014-09-24T00:00:00+02:00</sln:waznyOd><sln:wojIIPId>45e7cfc6-6d8b-42ff-acbd-ef1d0a53dacb</sln:wojIIPId><sln:wojIIPPn>PL.PZGIK.200</sln:wojIIPPn><sln:wojIIPWersja>2012-09-27T13:45:13+02:00</sln:wojIIPWersja><sln:wojIdTeryt>28</sln:wojIdTeryt><sln:wojNazwa>warmińsko-mazurskie</sln:wojNazwa></sln:miejscowosc><sln:miejscowosc><sln:cyklZyciaDo>2017-04-07T00:00:00+02:00</sln:cyklZyciaDo><sln:cyklZyciaOd>2015-04-20T00:00:00+02:00</sln:cyklZyciaOd><sln:gmIIPId>e1c3b006-8a15-41cc-ba7c-c74c3a465636</sln:gmIIPId><sln:gmIIPPn>PL.PZGIK.200</sln:gmIIPPn><sln:gmIIPWersja>2012-09-26T22:20:59+02:00</sln:gmIIPWersja><sln:gmIdTeryt>2807043</sln:gmIdTeryt><sln:gmNazwa>Kisielice</sln:gmNazwa><sln:miejscIIPId>909197ab-2ff5-4efb-8cab-eb7250b06dfa</sln:miejscIIPId><sln:miejscIIPPn>PL.PZGIK.200</sln:miejscIIPPn><sln:miejscIIPWersja>2016-11-24T09:20:23+02:00</sln:miejscIIPWersja><sln:miejscIdTeryt>0151012</sln:miejscIdTeryt><sln:miejscNazwa>Wałdowo</sln:miejscNazwa><sln:miejscRodzaj>Osada</sln:miejscRodzaj><sln:powIIPId>bdb43311-4acc-483f-94db-fe66484f926d</sln:powIIPId><sln:powIIPPn>PL.PZGIK.200</sln:powIIPPn><sln:powIIPWersja>2012-09-27T10:00:59+02:00</sln:powIIPWersja><sln:powIdTeryt>2807</sln:powIdTeryt><sln:powNazwa>iławski</sln:powNazwa><sln:waznyOd>2014-09-24T00:00:00+02:00</sln:waznyOd><sln:wojIIPId>45e7cfc6-6d8b-42ff-acbd-ef1d0a53dacb</sln:wojIIPId><sln:wojIIPPn>PL.PZGIK.200</sln:wojIIPPn><sln:wojIIPWersja>2012-09-27T13:45:13+02:00</sln:wojIIPWersja><sln:wojIdTeryt>28</sln:wojIdTeryt><sln:wojNazwa>warmińsko-mazurskie</sln:wojNazwa></sln:miejscowosc><sln:miejscowosc><sln:cyklZyciaDo>2017-04-07T00:00:00+02:00</sln:cyklZyciaDo><sln:cyklZyciaOd>2015-04-20T00:00:00+02:00</sln:cyklZyciaOd><sln:gmIIPId>e1c3b006-8a15-41cc-ba7c-c74c3a465636</sln:gmIIPId><sln:gmIIPPn>PL.PZGIK.200</sln:gmIIPPn><sln:gmIIPWersja>2012-09-26T22:20:59+02:00</sln:gmIIPWersja><sln:gmIdTeryt>2807043</sln:gmIdTeryt><sln:gmNazwa>Kisielice</sln:gmNazwa><sln:miejscIIPId>d6934b3a-3eb3-4f7f-b265-ea45c47fdbae</sln:miejscIIPId><sln:miejscIIPPn>PL.PZGIK.200</sln:miejscIIPPn><sln:miejscIIPWersja>2016-11-24T09:20:23+02:00</sln:miejscIIPWersja><sln:miejscIdTeryt>0151029</sln:miejscIdTeryt><sln:miejscNazwa>Wola</sln:miejscNazwa><sln:miejscRodzaj>Wieś</sln:miejscRodzaj><sln:powIIPId>bdb43311-4acc-483f-94db-fe66484f926d</sln:powIIPId><sln:powIIPPn>PL.PZGIK.200</sln:powIIPPn><sln:powIIPWersja>2012-09-27T10:00:59+02:00</sln:powIIPWersja><sln:powIdTeryt>2807</sln:powIdTeryt><sln:powNazwa>iławski</sln:powNazwa><sln:waznyOd>2014-09-24T00:00:00+02:00</sln:waznyOd><sln:wojIIPId>45e7cfc6-6d8b-42ff-acbd-ef1d0a53dacb</sln:wojIIPId><sln:wojIIPPn>PL.PZGIK.200</sln:wojIIPPn><sln:wojIIPWersja>2012-09-27T13:45:13+02:00</sln:wojIIPWersja><sln:wojIdTeryt>28</sln:wojIdTeryt><sln:wojNazwa>warmińsko-mazurskie</sln:wojNazwa></sln:miejscowosc><sln:miejscowosc><sln:cyklZyciaOd>2017-04-07T00:00:00+02:00</sln:cyklZyciaOd><sln:gmIIPId>e1c3b006-8a15-41cc-ba7c-c74c3a465636</sln:gmIIPId><sln:gmIIPPn>PL.PZGIK.200</sln:gmIIPPn><sln:gmIIPWersja>2012-09-26T22:20:59+02:00</sln:gmIIPWersja><sln:gmIdTeryt>2807043</sln:gmIdTeryt><sln:gmNazwa>Kisielice</sln:gmNazwa><sln:miejscIIPId>bd059566-e1ae-40ef-9235-7a1ba8d5512b</sln:miejscIIPId><sln:miejscIIPPn>PL.PZGIK.200</sln:miejscIIPPn><sln:miejscIIPWersja>2017-04-07T15:24:36+02:00</sln:miejscIIPWersja><sln:miejscIdTeryt>0150722</sln:miejscIdTeryt><sln:miejscNazwa>Biskupiczki</sln:miejscNazwa><sln:miejscRodzaj>Wieś</sln:miejscRodzaj><sln:powIIPId>bdb43311-4acc-483f-94db-fe66484f926d</sln:powIIPId><sln:powIIPPn>PL.PZGIK.200</sln:powIIPPn><sln:powIIPWersja>2012-09-27T10:00:59+02:00</sln:powIIPWersja><sln:powIdTeryt>2807</sln:powIdTeryt><sln:powNazwa>iławski</sln:powNazwa><sln:waznyOd>2014-09-24T00:00:00+02:00</sln:waznyOd><sln:wojIIPId>45e7cfc6-6d8b-42ff-acbd-ef1d0a53dacb</sln:wojIIPId><sln:wojIIPPn>PL.PZGIK.200</sln:wojIIPPn><sln:wojIIPWersja>2012-09-27T13:45:13+02:00</sln:wojIIPWersja><sln:wojIdTeryt>28</sln:wojIdTeryt><sln:wojNazwa>warmińsko-mazurskie</sln:wojNazwa></sln:miejscowosc><sln:miejscowosc><sln:cyklZyciaOd>2017-04-07T00:00:00+02:00</sln:cyklZyciaOd><sln:gmIIPId>e1c3b006-8a15-41cc-ba7c-c74c3a465636</sln:gmIIPId><sln:gmIIPPn>PL.PZGIK.200</sln:gmIIPPn><sln:gmIIPWersja>2012-09-26T22:20:59+02:00</sln:gmIIPWersja><sln:gmIdTeryt>2807043</sln:gmIdTeryt><sln:gmNazwa>Kisielice</sln:gmNazwa><sln:miejscIIPId>8f50eb7a-0bb6-444c-8b8c-175e16afd924</sln:miejscIIPId><sln:miejscIIPPn>PL.PZGIK.200</sln:miejscIIPPn><sln:miejscIIPWersja>2017-04-07T15:24:43+02:00</sln:miejscIIPWersja><sln:miejscIdTeryt>0150739</sln:miejscIdTeryt><sln:miejscNazwa>Butowo</sln:miejscNazwa><sln:miejscRodzaj>Wieś</sln:miejscRodzaj><sln:powIIPId>bdb43311-4acc-483f-94db-fe66484f926d</sln:powIIPId><sln:powIIPPn>PL.PZGIK.200</sln:powIIPPn><sln:powIIPWersja>2012-09-27T10:00:59+02:00</sln:powIIPWersja><sln:powIdTeryt>2807</sln:powIdTeryt><sln:powNazwa>iławski</sln:powNazwa><sln:waznyOd>2014-09-24T00:00:00+02:00</sln:waznyOd><sln:wojIIPId>45e7cfc6-6d8b-42ff-acbd-ef1d0a53dacb</sln:wojIIPId><sln:wojIIPPn>PL.PZGIK.200</sln:wojIIPPn><sln:wojIIPWersja>2012-09-27T13:45:13+02:00</sln:wojIIPWersja><sln:wojIdTeryt>28</sln:wojIdTeryt><sln:wojNazwa>warmińsko-mazurskie</sln:wojNazwa></sln:miejscowosc><sln:miejscowosc><sln:cyklZyciaOd>2017-04-07T00:00:00+02:00</sln:cyklZyciaOd><sln:gmIIPId>e1c3b006-8a15-41cc-ba7c-c74c3a465636</sln:gmIIPId><sln:gmIIPPn>PL.PZGIK.200</sln:gmIIPPn><sln:gmIIPWersja>2012-09-26T22:20:59+02:00</sln:gmIIPWersja><sln:gmIdTeryt>2807043</sln:gmIdTeryt><sln:gmNazwa>Kisielice</sln:gmNazwa><sln:miejscIIPId>dcbeec9b-2cf7-407e-a0e0-e1d96fb7cb8c</sln:miejscIIPId><sln:miejscIIPPn>PL.PZGIK.200</sln:miejscIIPPn><sln:miejscIIPWersja>2017-04-07T15:24:43+02:00</sln:miejscIIPWersja><sln:miejscIdTeryt>0150745</sln:miejscIdTeryt><sln:miejscNazwa>Galinowo</sln:miejscNazwa><sln:miejscRodzaj>Wieś</sln:miejscRodzaj><sln:powIIPId>bdb43311-4acc-483f-94db-fe66484f926d</sln:powIIPId><sln:powIIPPn>PL.PZGIK.200</sln:powIIPPn><sln:powIIPWersja>2012-09-27T10:00:59+02:00</sln:powIIPWersja><sln:powIdTeryt>2807</sln:powIdTeryt><sln:powNazwa>iławski</sln:powNazwa><sln:waznyOd>2014-09-24T00:00:00+02:00</sln:waznyOd><sln:wojIIPId>45e7cfc6-6d8b-42ff-acbd-ef1d0a53dacb</sln:wojIIPId><sln:wojIIPPn>PL.PZGIK.200</sln:wojIIPPn><sln:wojIIPWersja>2012-09-27T13:45:13+02:00</sln:wojIIPWersja><sln:wojIdTeryt>28</sln:wojIdTeryt><sln:wojNazwa>warmińsko-mazurskie</sln:wojNazwa></sln:miejscowosc><sln:miejscowosc><sln:cyklZyciaOd>2017-04-07T00:00:00+02:00</sln:cyklZyciaOd><sln:gmIIPId>e1c3b006-8a15-41cc-ba7c-c74c3a465636</sln:gmIIPId><sln:gmIIPPn>PL.PZGIK.200</sln:gmIIPPn><sln:gmIIPWersja>2012-09-26T22:20:59+02:00</sln:gmIIPWersja><sln:gmIdTeryt>2807043</sln:gmIdTeryt><sln:gmNazwa>Kisielice</sln:gmNazwa><sln:miejscIIPId>b2bb708c-a1f2-48bb-aa04-5c10f2801424</sln:miejscIIPId><sln:miejscIIPPn>PL.PZGIK.200</sln:miejscIIPPn><sln:miejscIIPWersja>2017-04-07T15:24:43+02:00</sln:miejscIIPWersja><sln:miejscIdTeryt>0150751</sln:miejscIdTeryt><sln:miejscNazwa>Goryń</sln:miejscNazwa><sln:miejscRodzaj>Wieś</sln:miejscRodzaj><sln:powIIPId>bdb43311-4acc-483f-94db-fe66484f926d</sln:powIIPId><sln:powIIPPn>PL.PZGIK.200</sln:powIIPPn><sln:powIIPWersja>2012-09-27T10:00:59+02:00</sln:powIIPWersja><sln:powIdTeryt>2807</sln:powIdTeryt><sln:powNazwa>iławski</sln:powNazwa><sln:waznyOd>2014-09-24T00:00:00+02:00</sln:waznyOd><sln:wojIIPId>45e7cfc6-6d8b-42ff-acbd-ef1d0a53dacb</sln:wojIIPId><sln:wojIIPPn>PL.PZGIK.200</sln:wojIIPPn><sln:wojIIPWersja>2012-09-27T13:45:13+02:00</sln:wojIIPWersja><sln:wojIdTeryt>28</sln:wojIdTeryt><sln:wojNazwa>warmińsko-mazurskie</sln:wojNazwa></sln:miejscowosc><sln:miejscowosc><sln:cyklZyciaOd>2017-04-07T00:00:00+02:00</sln:cyklZyciaOd><sln:gmIIPId>e1c3b006-8a15-41cc-ba7c-c74c3a465636</sln:gmIIPId><sln:gmIIPPn>PL.PZGIK.200</sln:gmIIPPn><sln:gmIIPWersja>2012-09-26T22:20:59+02:00</sln:gmIIPWersja><sln:gmIdTeryt>2807043</sln:gmIdTeryt><sln:gmNazwa>Kisielice</sln:gmNazwa><sln:miejscIIPId>76e7c937-a316-4518-91b5-fbe56c5b9702</sln:miejscIIPId><sln:miejscIIPPn>PL.PZGIK.200</sln:miejscIIPPn><sln:miejscIIPWersja>2017-04-07T15:24:43+02:00</sln:miejscIIPWersja><sln:miejscIdTeryt>0150774</sln:miejscIdTeryt><sln:miejscNazwa>Jędrychowo</sln:miejscNazwa><sln:miejscRodzaj>Wieś</sln:miejscRodzaj><sln:powIIPId>bdb43311-4acc-483f-94db-fe66484f926d</sln:powIIPId><sln:powIIPPn>PL.PZGIK.200</sln:powIIPPn><sln:powIIPWersja>2012-09-27T10:00:59+02:00</sln:powIIPWersja><sln:powIdTeryt>2807</sln:powIdTeryt><sln:powNazwa>iławski</sln:powNazwa><sln:waznyOd>2014-09-24T00:00:00+02:00</sln:waznyOd><sln:wojIIPId>45e7cfc6-6d8b-42ff-acbd-ef1d0a53dacb</sln:wojIIPId><sln:wojIIPPn>PL.PZGIK.200</sln:wojIIPPn><sln:wojIIPWersja>2012-09-27T13:45:13+02:00</sln:wojIIPWersja><sln:wojIdTeryt>28</sln:wojIdTeryt><sln:wojNazwa>warmińsko-mazurskie</sln:wojNazwa></sln:miejscowosc><sln:miejscowosc><sln:cyklZyciaOd>2017-04-07T00:00:00+02:00</sln:cyklZyciaOd><sln:gmIIPId>e1c3b006-8a15-41cc-ba7c-c74c3a465636</sln:gmIIPId><sln:gmIIPPn>PL.PZGIK.200</sln:gmIIPPn><sln:gmIIPWersja>2012-09-26T22:20:59+02:00</sln:gmIIPWersja><sln:gmIdTeryt>2807043</sln:gmIdTeryt><sln:gmNazwa>Kisielice</sln:gmNazwa><sln:miejscIIPId>0c886bb4-b863-4931-916c-d927525de700</sln:miejscIIPId><sln:miejscIIPPn>PL.PZGIK.200</sln:miejscIIPPn><sln:miejscIIPWersja>2017-04-07T15:24:43+02:00</sln:miejscIIPWersja><sln:miejscIdTeryt>0150797</sln:miejscIdTeryt><sln:miejscNazwa>Kantowo</sln:miejscNazwa><sln:miejscRodzaj>Osada</sln:miejscRodzaj><sln:powIIPId>bdb43311-4acc-483f-94db-fe66484f926d</sln:powIIPId><sln:powIIPPn>PL.PZGIK.200</sln:powIIPPn><sln:powIIPWersja>2012-09-27T10:00:59+02:00</sln:powIIPWersja><sln:powIdTeryt>2807</sln:powIdTeryt><sln:powNazwa>iławski</sln:powNazwa><sln:waznyOd>2014-09-24T00:00:00+02:00</sln:waznyOd><sln:wojIIPId>45e7cfc6-6d8b-42ff-acbd-ef1d0a53dacb</sln:wojIIPId><sln:wojIIPPn>PL.PZGIK.200</sln:wojIIPPn><sln:wojIIPWersja>2012-09-27T13:45:13+02:00</sln:wojIIPWersja><sln:wojIdTeryt>28</sln:wojIdTeryt><sln:wojNazwa>warmińsko-mazurskie</sln:wojNazwa></sln:miejscowosc><sln:miejscowosc><sln:cyklZyciaOd>2017-04-07T00:00:00+02:00</sln:cyklZyciaOd><sln:gmIIPId>e1c3b006-8a15-41cc-ba7c-c74c3a465636</sln:gmIIPId><sln:gmIIPPn>PL.PZGIK.200</sln:gmIIPPn><sln:gmIIPWersja>2012-09-26T22:20:59+02:00</sln:gmIIPWersja><sln:gmIdTeryt>2807043</sln:gmIdTeryt><sln:gmNazwa>Kisielice</sln:gmNazwa><sln:miejscIIPId>752ec6bb-c435-4d03-bdd0-c19ee082f236</sln:miejscIIPId><sln:miejscIIPPn>PL.PZGIK.200</sln:miejscIIPPn><sln:miejscIIPWersja>2017-04-07T15:24:43+02:00</sln:miejscIIPWersja><sln:miejscIdTeryt>0150805</sln:miejscIdTeryt><sln:miejscNazwa>Klimy</sln:miejscNazwa><sln:miejscRodzaj>Wieś</sln:miejscRodzaj><sln:powIIPId>bdb43311-4acc-483f-94db-fe66484f926d</sln:powIIPId><sln:powIIPPn>PL.PZGIK.200</sln:powIIPPn><sln:powIIPWersja>2012-09-27T10:00:59+02:00</sln:powIIPWersja><sln:powIdTeryt>2807</sln:powIdTeryt><sln:powNazwa>iławski</sln:powNazwa><sln:waznyOd>2014-09-24T00:00:00+02:00</sln:waznyOd><sln:wojIIPId>45e7cfc6-6d8b-42ff-acbd-ef1d0a53dacb</sln:wojIIPId><sln:wojIIPPn>PL.PZGIK.200</sln:wojIIPPn><sln:wojIIPWersja>2012-09-27T13:45:13+02:00</sln:wojIIPWersja><sln:wojIdTeryt>28</sln:wojIdTeryt><sln:wojNazwa>warmińsko-mazurskie</sln:wojNazwa></sln:miejscowosc><sln:miejscowosc><sln:cyklZyciaOd>2017-04-07T00:00:00+02:00</sln:cyklZyciaOd><sln:gmIIPId>e1c3b006-8a15-41cc-ba7c-c74c3a465636</sln:gmIIPId><sln:gmIIPPn>PL.PZGIK.200</sln:gmIIPPn><sln:gmIIPWersja>2012-09-26T22:20:59+02:00</sln:gmIIPWersja><sln:gmIdTeryt>2807043</sln:gmIdTeryt><sln:gmNazwa>Kisielice</sln:gmNazwa><sln:miejscIIPId>8c2a86b0-e2c3-40c1-b06c-35ffbbc7fb3a</sln:miejscIIPId><sln:miejscIIPPn>PL.PZGIK.200</sln:miejscIIPPn><sln:miejscIIPWersja>2017-04-07T15:24:43+02:00</sln:miejscIIPWersja><sln:miejscIdTeryt>0150811</sln:miejscIdTeryt><sln:miejscNazwa>Krzywka</sln:miejscNazwa><sln:miejscRodzaj>Wieś</sln:miejscRodzaj><sln:powIIPId>bdb43311-4acc-483f-94db-fe66484f926d</sln:powIIPId><sln:powIIPPn>PL.PZGIK.200</sln:powIIPPn><sln:powIIPWersja>2012-09-27T10:00:59+02:00</sln:powIIPWersja><sln:powIdTeryt>2807</sln:powIdTeryt><sln:powNazwa>iławski</sln:powNazwa><sln:waznyOd>2014-09-24T00:00:00+02:00</sln:waznyOd><sln:wojIIPId>45e7cfc6-6d8b-42ff-acbd-ef1d0a53dacb</sln:wojIIPId><sln:wojIIPPn>PL.PZGIK.200</sln:wojIIPPn><sln:wojIIPWersja>2012-09-27T13:45:13+02:00</sln:wojIIPWersja><sln:wojIdTeryt>28</sln:wojIdTeryt><sln:wojNazwa>warmińsko-mazurskie</sln:wojNazwa></sln:miejscowosc><sln:miejscowosc><sln:cyklZyciaOd>2017-04-07T00:00:00+02:00</sln:cyklZyciaOd><sln:gmIIPId>e1c3b006-8a15-41cc-ba7c-c74c3a465636</sln:gmIIPId><sln:gmIIPPn>PL.PZGIK.200</sln:gmIIPPn><sln:gmIIPWersja>2012-09-26T22:20:59+02:00</sln:gmIIPWersja><sln:gmIdTeryt>2807043</sln:gmIdTeryt><sln:gmNazwa>Kisielice</sln:gmNazwa><sln:miejscIIPId>ca3103b0-b17d-4c94-8ba7-fa0b2f7ce02e</sln:miejscIIPId><sln:miejscIIPPn>PL.PZGIK.200</sln:miejscIIPPn><sln:miejscIIPWersja>2017-04-07T15:24:43+02:00</sln:miejscIIPWersja><sln:miejscIdTeryt>0150840</sln:miejscIdTeryt><sln:miejscNazwa>Limża</sln:miejscNazwa><sln:miejscRodzaj>Wieś</sln:miejscRodzaj><sln:powIIPId>bdb43311-4acc-483f-94db-fe66484f926d</sln:powIIPId><sln:powIIPPn>PL.PZGIK.200</sln:powIIPPn><sln:powIIPWersja>2012-09-27T10:00:59+02:00</sln:powIIPWersja><sln:powIdTeryt>2807</sln:powIdTeryt><sln:powNazwa>iławski</sln:powNazwa><sln:waznyOd>2014-09-24T00:00:00+02:00</sln:waznyOd><sln:wojIIPId>45e7cfc6-6d8b-42ff-acbd-ef1d0a53dacb</sln:wojIIPId><sln:wojIIPPn>PL.PZGIK.200</sln:wojIIPPn><sln:wojIIPWersja>2012-09-27T13:45:13+02:00</sln:wojIIPWersja><sln:wojIdTeryt>28</sln:wojIdTeryt><sln:wojNazwa>warmińsko-mazurskie</sln:wojNazwa></sln:miejscowosc><sln:miejscowosc><sln:cyklZyciaOd>2017-04-07T00:00:00+02:00</sln:cyklZyciaOd><sln:gmIIPId>e1c3b006-8a15-41cc-ba7c-c74c3a465636</sln:gmIIPId><sln:gmIIPPn>PL.PZGIK.200</sln:gmIIPPn><sln:gmIIPWersja>2012-09-26T22:20:59+02:00</sln:gmIIPWersja><sln:gmIdTeryt>2807043</sln:gmIdTeryt><sln:gmNazwa>Kisielice</sln:gmNazwa><sln:miejscIIPId>8aa45877-3dc8-4cfc-96eb-cdd771b4172b</sln:miejscIIPId><sln:miejscIIPPn>PL.PZGIK.200</sln:miejscIIPPn><sln:miejscIIPWersja>2017-04-07T15:24:43+02:00</sln:miejscIIPWersja><sln:miejscIdTeryt>0150863</sln:miejscIdTeryt><sln:miejscNazwa>Łęgowo</sln:miejscNazwa><sln:miejscRodzaj>Wieś</sln:miejscRodzaj><sln:powIIPId>bdb43311-4acc-483f-94db-fe66484f926d</sln:powIIPId><sln:powIIPPn>PL.PZGIK.200</sln:powIIPPn><sln:powIIPWersja>2012-09-27T10:00:59+02:00</sln:powIIPWersja><sln:powIdTeryt>2807</sln:powIdTeryt><sln:powNazwa>iławski</sln:powNazwa><sln:waznyOd>2014-09-24T00:00:00+02:00</sln:waznyOd><sln:wojIIPId>45e7cfc6-6d8b-42ff-acbd-ef1d0a53dacb</sln:wojIIPId><sln:wojIIPPn>PL.PZGIK.200</sln:wojIIPPn><sln:wojIIPWersja>2012-09-27T13:45:13+02:00</sln:wojIIPWersja><sln:wojIdTeryt>28</sln:wojIdTeryt><sln:wojNazwa>warmińsko-mazurskie</sln:wojNazwa></sln:miejscowosc><sln:miejscowosc><sln:cyklZyciaOd>2017-04-07T00:00:00+02:00</sln:cyklZyciaOd><sln:gmIIPId>e1c3b006-8a15-41cc-ba7c-c74c3a465636</sln:gmIIPId><sln:gmIIPPn>PL.PZGIK.200</sln:gmIIPPn><sln:gmIIPWersja>2012-09-26T22:20:59+02:00</sln:gmIIPWersja><sln:gmIdTeryt>2807043</sln:gmIdTeryt><sln:gmNazwa>Kisielice</sln:gmNazwa><sln:miejscIIPId>1fe2df9f-3fe8-4d17-b6dc-32c34efec1f8</sln:miejscIIPId><sln:miejscIIPPn>PL.PZGIK.200</sln:miejscIIPPn><sln:miejscIIPWersja>2017-04-07T15:24:43+02:00</sln:miejscIIPWersja><sln:miejscIdTeryt>0150892</sln:miejscIdTeryt><sln:miejscNazwa>Łodygowo</sln:miejscNazwa><sln:miejscRodzaj>Wieś</sln:miejscRodzaj><sln:powIIPId>bdb43311-4acc-483f-94db-fe66484f926d</sln:powIIPId><sln:powIIPPn>PL.PZGIK.200</sln:powIIPPn><sln:powIIPWersja>2012-09-27T10:00:59+02:00</sln:powIIPWersja><sln:powIdTeryt>2807</sln:powIdTeryt><sln:powNazwa>iławski</sln:powNazwa><sln:waznyOd>2014-09-24T00:00:00+02:00</sln:waznyOd><sln:wojIIPId>45e7cfc6-6d8b-42ff-acbd-ef1d0a53dacb</sln:wojIIPId><sln:wojIIPPn>PL.PZGIK.200</sln:wojIIPPn><sln:wojIIPWersja>2012-09-27T13:45:13+02:00</sln:wojIIPWersja><sln:wojIdTeryt>28</sln:wojIdTeryt><sln:wojNazwa>warmińsko-mazurskie</sln:wojNazwa></sln:miejscowosc><sln:miejscowosc><sln:cyklZyciaOd>2017-04-07T00:00:00+02:00</sln:cyklZyciaOd><sln:gmIIPId>e1c3b006-8a15-41cc-ba7c-c74c3a465636</sln:gmIIPId><sln:gmIIPPn>PL.PZGIK.200</sln:gmIIPPn><sln:gmIIPWersja>2012-09-26T22:20:59+02:00</sln:gmIIPWersja><sln:gmIdTeryt>2807043</sln:gmIdTeryt><sln:gmNazwa>Kisielice</sln:gmNazwa><sln:miejscIIPId>ceff41fc-5b5b-4a9f-9572-70ada5c32843</sln:miejscIIPId><sln:miejscIIPPn>PL.PZGIK.200</sln:miejscIIPPn><sln:miejscIIPWersja>2017-04-07T15:24:43+02:00</sln:miejscIIPWersja><sln:miejscIdTeryt>0150917</sln:miejscIdTeryt><sln:miejscNazwa>Nowy Folwark</sln:miejscNazwa><sln:miejscRodzaj>Osada</sln:miejscRodzaj><sln:powIIPId>bdb43311-4acc-483f-94db-fe66484f926d</sln:powIIPId><sln:powIIPPn>PL.PZGIK.200</sln:powIIPPn><sln:powIIPWersja>2012-09-27T10:00:59+02:00</sln:powIIPWersja><sln:powIdTeryt>2807</sln:powIdTeryt><sln:powNazwa>iławski</sln:powNazwa><sln:waznyOd>2014-09-24T00:00:00+02:00</sln:waznyOd><sln:wojIIPId>45e7cfc6-6d8b-42ff-acbd-ef1d0a53dacb</sln:wojIIPId><sln:wojIIPPn>PL.PZGIK.200</sln:wojIIPPn><sln:wojIIPWersja>2012-09-27T13:45:13+02:00</sln:wojIIPWersja><sln:wojIdTeryt>28</sln:wojIdTeryt><sln:wojNazwa>warmińsko-mazurskie</sln:wojNazwa></sln:miejscowosc><sln:miejscowosc><sln:cyklZyciaOd>2017-04-07T00:00:00+02:00</sln:cyklZyciaOd><sln:gmIIPId>e1c3b006-8a15-41cc-ba7c-c74c3a465636</sln:gmIIPId><sln:gmIIPPn>PL.PZGIK.200</sln:gmIIPPn><sln:gmIIPWersja>2012-09-26T22:20:59+02:00</sln:gmIIPWersja><sln:gmIdTeryt>2807043</sln:gmIdTeryt><sln:gmNazwa>Kisielice</sln:gmNazwa><sln:miejscIIPId>79e6b386-e1f9-41be-a1db-150f627fad1b</sln:miejscIIPId><sln:miejscIIPPn>PL.PZGIK.200</sln:miejscIIPPn><sln:miejscIIPWersja>2017-04-07T15:24:43+02:00</sln:miejscIIPWersja><sln:miejscIdTeryt>0150923</sln:miejscIdTeryt><sln:miejscNazwa>Ogrodzieniec</sln:miejscNazwa><sln:miejscRodzaj>Osada</sln:miejscRodzaj><sln:powIIPId>bdb43311-4acc-483f-94db-fe66484f926d</sln:powIIPId><sln:powIIPPn>PL.PZGIK.200</sln:powIIPPn><sln:powIIPWersja>2012-09-27T10:00:59+02:00</sln:powIIPWersja><sln:powIdTeryt>2807</sln:powIdTeryt><sln:powNazwa>iławski</sln:powNazwa><sln:waznyOd>2014-09-24T00:00:00+02:00</sln:waznyOd><sln:wojIIPId>45e7cfc6-6d8b-42ff-acbd-ef1d0a53dacb</sln:wojIIPId><sln:wojIIPPn>PL.PZGIK.200</sln:wojIIPPn><sln:wojIIPWersja>2012-09-27T13:45:13+02:00</sln:wojIIPWersja><sln:wojIdTeryt>28</sln:wojIdTeryt><sln:wojNazwa>warmińsko-mazurskie</sln:wojNazwa></sln:miejscowosc><sln:miejscowosc><sln:cyklZyciaOd>2017-04-07T00:00:00+02:00</sln:cyklZyciaOd><sln:gmIIPId>e1c3b006-8a15-41cc-ba7c-c74c3a465636</sln:gmIIPId><sln:gmIIPPn>PL.PZGIK.200</sln:gmIIPPn><sln:gmIIPWersja>2012-09-26T22:20:59+02:00</sln:gmIIPWersja><sln:gmIdTeryt>2807043</sln:gmIdTeryt><sln:gmNazwa>Kisielice</sln:gmNazwa><sln:miejscIIPId>f8a1e187-67c5-4965-b55b-45fdbf6be225</sln:miejscIIPId><sln:miejscIIPPn>PL.PZGIK.200</sln:miejscIIPPn><sln:miejscIIPWersja>2017-04-07T15:24:43+02:00</sln:miejscIIPWersja><sln:miejscIdTeryt>0150930</sln:miejscIdTeryt><sln:miejscNazwa>Pławty Wielkie</sln:miejscNazwa><sln:miejscRodzaj>Wieś</sln:miejscRodzaj><sln:powIIPId>bdb43311-4acc-483f-94db-fe66484f926d</sln:powIIPId><sln:powIIPPn>PL.PZGIK.200</sln:powIIPPn><sln:powIIPWersja>2012-09-27T10:00:59+02:00</sln:powIIPWersja><sln:powIdTeryt>2807</sln:powIdTeryt><sln:powNazwa>iławski</sln:powNazwa><sln:waznyOd>2014-09-24T00:00:00+02:00</sln:waznyOd><sln:wojIIPId>45e7cfc6-6d8b-42ff-acbd-ef1d0a53dacb</sln:wojIIPId><sln:wojIIPPn>PL.PZGIK.200</sln:wojIIPPn><sln:wojIIPWersja>2012-09-27T13:45:13+02:00</sln:wojIIPWersja><sln:wojIdTeryt>28</sln:wojIdTeryt><sln:wojNazwa>warmińsko-mazurskie</sln:wojNazwa></sln:miejscowosc><sln:miejscowosc><sln:cyklZyciaOd>2017-04-07T00:00:00+02:00</sln:cyklZyciaOd><sln:gmIIPId>e1c3b006-8a15-41cc-ba7c-c74c3a465636</sln:gmIIPId><sln:gmIIPPn>PL.PZGIK.200</sln:gmIIPPn><sln:gmIIPWersja>2012-09-26T22:20:59+02:00</sln:gmIIPWersja><sln:gmIdTeryt>2807043</sln:gmIdTeryt><sln:gmNazwa>Kisielice</sln:gmNazwa><sln:miejscIIPId>75424677-95c6-48c9-8ae8-252d42b8d160</sln:miejscIIPId><sln:miejscIIPPn>PL.PZGIK.200</sln:miejscIIPPn><sln:miejscIIPWersja>2017-04-07T15:24:43+02:00</sln:miejscIIPWersja><sln:miejscIdTeryt>0150975</sln:miejscIdTeryt><sln:miejscNazwa>Sobiewola</sln:miejscNazwa><sln:miejscRodzaj>Wieś</sln:miejscRodzaj><sln:powIIPId>bdb43311-4acc-483f-94db-fe66484f926d</sln:powIIPId><sln:powIIPPn>PL.PZGIK.200</sln:powIIPPn><sln:powIIPWersja>2012-09-27T10:00:59+02:00</sln:powIIPWersja><sln:powIdTeryt>2807</sln:powIdTeryt><sln:powNazwa>iławski</sln:powNazwa><sln:waznyOd>2014-09-24T00:00:00+02:00</sln:waznyOd><sln:wojIIPId>45e7cfc6-6d8b-42ff-acbd-ef1d0a53dacb</sln:wojIIPId><sln:wojIIPPn>PL.PZGIK.200</sln:wojIIPPn><sln:wojIIPWersja>2012-09-27T13:45:13+02:00</sln:wojIIPWersja><sln:wojIdTeryt>28</sln:wojIdTeryt><sln:wojNazwa>warmińsko-mazurskie</sln:wojNazwa></sln:miejscowosc><sln:miejscowosc><sln:cyklZyciaOd>2017-04-07T00:00:00+02:00</sln:cyklZyciaOd><sln:gmIIPId>e1c3b006-8a15-41cc-ba7c-c74c3a465636</sln:gmIIPId><sln:gmIIPPn>PL.PZGIK.200</sln:gmIIPPn><sln:gmIIPWersja>2012-09-26T22:20:59+02:00</sln:gmIIPWersja><sln:gmIdTeryt>2807043</sln:gmIdTeryt><sln:gmNazwa>Kisielice</sln:gmNazwa><sln:miejscIIPId>362fe81a-1fb5-4b28-a2f7-e6bf9723eae3</sln:miejscIIPId><sln:miejscIIPPn>PL.PZGIK.200</sln:miejscIIPPn><sln:miejscIIPWersja>2017-04-07T15:24:44+02:00</sln:miejscIIPWersja><sln:miejscIdTeryt>0150981</sln:miejscIdTeryt><sln:miejscNazwa>Stary Folwark</sln:miejscNazwa><sln:miejscRodzaj>Osada</sln:miejscRodzaj><sln:powIIPId>bdb43311-4acc-483f-94db-fe66484f926d</sln:powIIPId><sln:powIIPPn>PL.PZGIK.200</sln:powIIPPn><sln:powIIPWersja>2012-09-27T10:00:59+02:00</sln:powIIPWersja><sln:powIdTeryt>2807</sln:powIdTeryt><sln:powNazwa>iławski</sln:powNazwa><sln:waznyOd>2014-09-24T00:00:00+02:00</sln:waznyOd><sln:wojIIPId>45e7cfc6-6d8b-42ff-acbd-ef1d0a53dacb</sln:wojIIPId><sln:wojIIPPn>PL.PZGIK.200</sln:wojIIPPn><sln:wojIIPWersja>2012-09-27T13:45:13+02:00</sln:wojIIPWersja><sln:wojIdTeryt>28</sln:wojIdTeryt><sln:wojNazwa>warmińsko-mazurskie</sln:wojNazwa></sln:miejscowosc><sln:miejscowosc><sln:cyklZyciaOd>2017-04-07T00:00:00+02:00</sln:cyklZyciaOd><sln:gmIIPId>e1c3b006-8a15-41cc-ba7c-c74c3a465636</sln:gmIIPId><sln:gmIIPPn>PL.PZGIK.200</sln:gmIIPPn><sln:gmIIPWersja>2012-09-26T22:20:59+02:00</sln:gmIIPWersja><sln:gmIdTeryt>2807043</sln:gmIdTeryt><sln:gmNazwa>Kisielice</sln:gmNazwa><sln:miejscIIPId>903e567c-47ef-419b-b2c8-9a6920dbb004</sln:miejscIIPId><sln:miejscIIPPn>PL.PZGIK.200</sln:miejscIIPPn><sln:miejscIIPWersja>2017-04-07T15:24:44+02:00</sln:miejscIIPWersja><sln:miejscIdTeryt>0151006</sln:miejscIdTeryt><sln:miejscNazwa>Trupel</sln:miejscNazwa><sln:miejscRodzaj>Wieś</sln:miejscRodzaj><sln:powIIPId>bdb43311-4acc-483f-94db-fe66484f926d</sln:powIIPId><sln:powIIPPn>PL.PZGIK.200</sln:powIIPPn><sln:powIIPWersja>2012-09-27T10:00:59+02:00</sln:powIIPWersja><sln:powIdTeryt>2807</sln:powIdTeryt><sln:powNazwa>iławski</sln:powNazwa><sln:waznyOd>2014-09-24T00:00:00+02:00</sln:waznyOd><sln:wojIIPId>45e7cfc6-6d8b-42ff-acbd-ef1d0a53dacb</sln:wojIIPId><sln:wojIIPPn>PL.PZGIK.200</sln:wojIIPPn><sln:wojIIPWersja>2012-09-27T13:45:13+02:00</sln:wojIIPWersja><sln:wojIdTeryt>28</sln:wojIdTeryt><sln:wojNazwa>warmińsko-mazurskie</sln:wojNazwa></sln:miejscowosc><sln:miejscowosc><sln:cyklZyciaOd>2017-04-07T00:00:00+02:00</sln:cyklZyciaOd><sln:gmIIPId>e1c3b006-8a15-41cc-ba7c-c74c3a465636</sln:gmIIPId><sln:gmIIPPn>PL.PZGIK.200</sln:gmIIPPn><sln:gmIIPWersja>2012-09-26T22:20:59+02:00</sln:gmIIPWersja><sln:gmIdTeryt>2807043</sln:gmIdTeryt><sln:gmNazwa>Kisielice</sln:gmNazwa><sln:miejscIIPId>909197ab-2ff5-4efb-8cab-eb7250b06dfa</sln:miejscIIPId><sln:miejscIIPPn>PL.PZGIK.200</sln:miejscIIPPn><sln:miejscIIPWersja>2017-04-07T15:24:44+02:00</sln:miejscIIPWersja><sln:miejscIdTeryt>0151012</sln:miejscIdTeryt><sln:miejscNazwa>Wałdowo</sln:miejscNazwa><sln:miejscRodzaj>Osada</sln:miejscRodzaj><sln:powIIPId>bdb43311-4acc-483f-94db-fe66484f926d</sln:powIIPId><sln:powIIPPn>PL.PZGIK.200</sln:powIIPPn><sln:powIIPWersja>2012-09-27T10:00:59+02:00</sln:powIIPWersja><sln:powIdTeryt>2807</sln:powIdTeryt><sln:powNazwa>iławski</sln:powNazwa><sln:waznyOd>2014-09-24T00:00:00+02:00</sln:waznyOd><sln:wojIIPId>45e7cfc6-6d8b-42ff-acbd-ef1d0a53dacb</sln:wojIIPId><sln:wojIIPPn>PL.PZGIK.200</sln:wojIIPPn><sln:wojIIPWersja>2012-09-27T13:45:13+02:00</sln:wojIIPWersja><sln:wojIdTeryt>28</sln:wojIdTeryt><sln:wojNazwa>warmińsko-mazurskie</sln:wojNazwa></sln:miejscowosc><sln:miejscowosc><sln:cyklZyciaOd>2017-04-07T00:00:00+02:00</sln:cyklZyciaOd><sln:gmIIPId>e1c3b006-8a15-41cc-ba7c-c74c3a465636</sln:gmIIPId><sln:gmIIPPn>PL.PZGIK.200</sln:gmIIPPn><sln:gmIIPWersja>2012-09-26T22:20:59+02:00</sln:gmIIPWersja><sln:gmIdTeryt>2807043</sln:gmIdTeryt><sln:gmNazwa>Kisielice</sln:gmNazwa><sln:miejscIIPId>d6934b3a-3eb3-4f7f-b265-ea45c47fdbae</sln:miejscIIPId><sln:miejscIIPPn>PL.PZGIK.200</sln:miejscIIPPn><sln:miejscIIPWersja>2017-04-07T15:24:44+02:00</sln:miejscIIPWersja><sln:miejscIdTeryt>0151029</sln:miejscIdTeryt><sln:miejscNazwa>Wola</sln:miejscNazwa><sln:miejscRodzaj>Wieś</sln:miejscRodzaj><sln:powIIPId>bdb43311-4acc-483f-94db-fe66484f926d</sln:powIIPId><sln:powIIPPn>PL.PZGIK.200</sln:powIIPPn><sln:powIIPWersja>2012-09-27T10:00:59+02:00</sln:powIIPWersja><sln:powIdTeryt>2807</sln:powIdTeryt><sln:powNazwa>iławski</sln:powNazwa><sln:waznyOd>2014-09-24T00:00:00+02:00</sln:waznyOd><sln:wojIIPId>45e7cfc6-6d8b-42ff-acbd-ef1d0a53dacb</sln:wojIIPId><sln:wojIIPPn>PL.PZGIK.200</sln:wojIIPPn><sln:wojIIPWersja>2012-09-27T13:45:13+02:00</sln:wojIIPWersja><sln:wojIdTeryt>28</sln:wojIdTeryt><sln:wojNazwa>warmińsko-mazurskie</sln:wojNazwa></sln:miejscowosc><sln:miejscowosc><sln:cyklZyciaOd>2017-04-07T00:00:00+02:00</sln:cyklZyciaOd><sln:gmIIPId>e1c3b006-8a15-41cc-ba7c-c74c3a465636</sln:gmIIPId><sln:gmIIPPn>PL.PZGIK.200</sln:gmIIPPn><sln:gmIIPWersja>2012-09-26T22:20:59+02:00</sln:gmIIPWersja><sln:gmIdTeryt>2807043</sln:gmIdTeryt><sln:gmNazwa>Kisielice</sln:gmNazwa><sln:miejscIIPId>2c8033cd-043c-45bf-8c50-66f9eb99eecb</sln:miejscIIPId><sln:miejscIIPPn>PL.PZGIK.200</sln:miejscIIPPn><sln:miejscIIPWersja>2017-04-07T15:24:44+02:00</sln:miejscIIPWersja><sln:miejscIdTeryt>0932749</sln:miejscIdTeryt><sln:miejscNazwa>Kisielice</sln:miejscNazwa><sln:miejscRodzaj>Miasto</sln:miejscRodzaj><sln:powIIPId>bdb43311-4acc-483f-94db-fe66484f926d</sln:powIIPId><sln:powIIPPn>PL.PZGIK.200</sln:powIIPPn><sln:powIIPWersja>2012-09-27T10:00:59+02:00</sln:powIIPWersja><sln:powIdTeryt>2807</sln:powIdTeryt><sln:powNazwa>iławski</sln:powNazwa><sln:waznyOd>2014-09-24T00:00:00+02:00</sln:waznyOd><sln:wojIIPId>45e7cfc6-6d8b-42ff-acbd-ef1d0a53dacb</sln:wojIIPId><sln:wojIIPPn>PL.PZGIK.200</sln:wojIIPPn><sln:wojIIPWersja>2012-09-27T13:45:13+02:00</sln:wojIIPWersja><sln:wojIdTeryt>28</sln:wojIdTeryt><sln:wojNazwa>warmińsko-mazurskie</sln:wojNazwa></sln:miejscowosc></sln:lista-miejscowosci>