<?xml version="1.0" encoding="UTF-8" standalone="yes"?><sln:lista-miejscowosci xmlns:srv="http://gugik.gov.pl/schemas/slowniki-service/1.0" xmlns:sln="http://gugik.gov.pl/schemas/slowniki-schema/1.0"><sln:miejscowosc><sln:cyklZyciaDo>2017-04-07T00:00:00+02:00</sln:cyklZyciaDo><sln:cyklZyciaOd>2015-08-12T00:00:00+02:00</sln:cyklZyciaOd><sln:gmIIPId>c38c01c9-9f45-4d65-8520-cf1b7418eb31</sln:gmIIPId><sln:gmIIPPn>PL.PZGIK.200</sln:gmIIPPn><sln:gmIIPWersja>2012-09-26T22:21:19+02:00</sln:gmIIPWersja><sln:gmIdTeryt>2813062</sln:gmIdTeryt><sln:gmNazwa>Wieliczki</sln:gmNazwa><sln:miejscIIPId>aa1f6640-0db3-4dbc-8959-fbda68d5b215</sln:miejscIIPId><sln:miejscIIPPn>PL.PZGIK.200</sln:miejscIIPPn><sln:miejscIIPWersja>2016-11-24T12:34:44+02:00</sln:miejscIIPWersja><sln:miejscIdTeryt>0771625</sln:miejscIdTeryt><sln:miejscNazwa>Bartkowski Dwór</sln:miejscNazwa><sln:miejscRodzaj>Osada</sln:miejscRodzaj><sln:powIIPId>f788737b-a599-4e78-b366-8abf32d41060</sln:powIIPId><sln:powIIPPn>PL.PZGIK.200</sln:powIIPPn><sln:powIIPWersja>2012-09-27T10:00:59+02:00</sln:powIIPWersja><sln:powIdTeryt>2813</sln:powIdTeryt><sln:powNazwa>olecki</sln:powNazwa><sln:waznyOd>2013-10-09T00:00:00+02:00</sln:waznyOd><sln:wojIIPId>45e7cfc6-6d8b-42ff-acbd-ef1d0a53dacb</sln:wojIIPId><sln:wojIIPPn>PL.PZGIK.200</sln:wojIIPPn><sln:wojIIPWersja>2012-09-27T13:45:13+02:00</sln:wojIIPWersja><sln:wojIdTeryt>28</sln:wojIdTeryt><sln:wojNazwa>warmińsko-mazurskie</sln:wojNazwa></sln:miejscowosc><sln:miejscowosc><sln:cyklZyciaDo>2017-04-07T00:00:00+02:00</sln:cyklZyciaDo><sln:cyklZyciaOd>2015-08-12T00:00:00+02:00</sln:cyklZyciaOd><sln:gmIIPId>c38c01c9-9f45-4d65-8520-cf1b7418eb31</sln:gmIIPId><sln:gmIIPPn>PL.PZGIK.200</sln:gmIIPPn><sln:gmIIPWersja>2012-09-26T22:21:19+02:00</sln:gmIIPWersja><sln:gmIdTeryt>2813062</sln:gmIdTeryt><sln:gmNazwa>Wieliczki</sln:gmNazwa><sln:miejscIIPId>264f225d-6530-4975-a339-72249e32e660</sln:miejscIIPId><sln:miejscIIPPn>PL.PZGIK.200</sln:miejscIIPPn><sln:miejscIIPWersja>2016-11-24T12:34:44+02:00</sln:miejscIIPWersja><sln:miejscIdTeryt>0771460</sln:miejscIdTeryt><sln:miejscNazwa>Cimochy</sln:miejscNazwa><sln:miejscRodzaj>Wieś</sln:miejscRodzaj><sln:powIIPId>f788737b-a599-4e78-b366-8abf32d41060</sln:powIIPId><sln:powIIPPn>PL.PZGIK.200</sln:powIIPPn><sln:powIIPWersja>2012-09-27T10:00:59+02:00</sln:powIIPWersja><sln:powIdTeryt>2813</sln:powIdTeryt><sln:powNazwa>olecki</sln:powNazwa><sln:waznyOd>2013-09-24T00:00:00+02:00</sln:waznyOd><sln:wojIIPId>45e7cfc6-6d8b-42ff-acbd-ef1d0a53dacb</sln:wojIIPId><sln:wojIIPPn>PL.PZGIK.200</sln:wojIIPPn><sln:wojIIPWersja>2012-09-27T13:45:13+02:00</sln:wojIIPWersja><sln:wojIdTeryt>28</sln:wojIdTeryt><sln:wojNazwa>warmińsko-mazurskie</sln:wojNazwa></sln:miejscowosc><sln:miejscowosc><sln:cyklZyciaDo>2017-04-07T00:00:00+02:00</sln:cyklZyciaDo><sln:cyklZyciaOd>2015-08-12T00:00:00+02:00</sln:cyklZyciaOd><sln:gmIIPId>c38c01c9-9f45-4d65-8520-cf1b7418eb31</sln:gmIIPId><sln:gmIIPPn>PL.PZGIK.200</sln:gmIIPPn><sln:gmIIPWersja>2012-09-26T22:21:19+02:00</sln:gmIIPWersja><sln:gmIdTeryt>2813062</sln:gmIdTeryt><sln:gmNazwa>Wieliczki</sln:gmNazwa><sln:miejscIIPId>8f726bd6-fe52-4963-a24b-5baeb0c08308</sln:miejscIIPId><sln:miejscIIPPn>PL.PZGIK.200</sln:miejscIIPPn><sln:miejscIIPWersja>2016-11-24T12:34:44+02:00</sln:miejscIIPWersja><sln:miejscIdTeryt>0771476</sln:miejscIdTeryt><sln:miejscNazwa>Cimoszki</sln:miejscNazwa><sln:miejscRodzaj>Wieś</sln:miejscRodzaj><sln:powIIPId>f788737b-a599-4e78-b366-8abf32d41060</sln:powIIPId><sln:powIIPPn>PL.PZGIK.200</sln:powIIPPn><sln:powIIPWersja>2012-09-27T10:00:59+02:00</sln:powIIPWersja><sln:powIdTeryt>2813</sln:powIdTeryt><sln:powNazwa>olecki</sln:powNazwa><sln:waznyOd>2013-09-24T00:00:00+02:00</sln:waznyOd><sln:wojIIPId>45e7cfc6-6d8b-42ff-acbd-ef1d0a53dacb</sln:wojIIPId><sln:wojIIPPn>PL.PZGIK.200</sln:wojIIPPn><sln:wojIIPWersja>2012-09-27T13:45:13+02:00</sln:wojIIPWersja><sln:wojIdTeryt>28</sln:wojIdTeryt><sln:wojNazwa>warmińsko-mazurskie</sln:wojNazwa></sln:miejscowosc><sln:miejscowosc><sln:cyklZyciaDo>2017-04-07T00:00:00+02:00</sln:cyklZyciaDo><sln:cyklZyciaOd>2015-08-12T00:00:00+02:00</sln:cyklZyciaOd><sln:gmIIPId>c38c01c9-9f45-4d65-8520-cf1b7418eb31</sln:gmIIPId><sln:gmIIPPn>PL.PZGIK.200</sln:gmIIPPn><sln:gmIIPWersja>2012-09-26T22:21:19+02:00</sln:gmIIPWersja><sln:gmIdTeryt>2813062</sln:gmIdTeryt><sln:gmNazwa>Wieliczki</sln:gmNazwa><sln:miejscIIPId>37481aac-fcd3-4a0f-93f9-91e5634a9400</sln:miejscIIPId><sln:miejscIIPPn>PL.PZGIK.200</sln:miejscIIPPn><sln:miejscIIPWersja>2016-11-24T12:34:44+02:00</sln:miejscIIPWersja><sln:miejscIdTeryt>0771482</sln:miejscIdTeryt><sln:miejscNazwa>Gąsiorowo</sln:miejscNazwa><sln:miejscRodzaj>Wieś</sln:miejscRodzaj><sln:powIIPId>f788737b-a599-4e78-b366-8abf32d41060</sln:powIIPId><sln:powIIPPn>PL.PZGIK.200</sln:powIIPPn><sln:powIIPWersja>2012-09-27T10:00:59+02:00</sln:powIIPWersja><sln:powIdTeryt>2813</sln:powIdTeryt><sln:powNazwa>olecki</sln:powNazwa><sln:waznyOd>2013-09-24T00:00:00+02:00</sln:waznyOd><sln:wojIIPId>45e7cfc6-6d8b-42ff-acbd-ef1d0a53dacb</sln:wojIIPId><sln:wojIIPPn>PL.PZGIK.200</sln:wojIIPPn><sln:wojIIPWersja>2012-09-27T13:45:13+02:00</sln:wojIIPWersja><sln:wojIdTeryt>28</sln:wojIdTeryt><sln:wojNazwa>warmińsko-mazurskie</sln:wojNazwa></sln:miejscowosc><sln:miejscowosc><sln:cyklZyciaDo>2017-04-07T00:00:00+02:00</sln:cyklZyciaDo><sln:cyklZyciaOd>2015-08-12T00:00:00+02:00</sln:cyklZyciaOd><sln:gmIIPId>c38c01c9-9f45-4d65-8520-cf1b7418eb31</sln:gmIIPId><sln:gmIIPPn>PL.PZGIK.200</sln:gmIIPPn><sln:gmIIPWersja>2012-09-26T22:21:19+02:00</sln:gmIIPWersja><sln:gmIdTeryt>2813062</sln:gmIdTeryt><sln:gmNazwa>Wieliczki</sln:gmNazwa><sln:miejscIIPId>8e66c274-d076-4483-8cb0-202d832d75bc</sln:miejscIIPId><sln:miejscIIPPn>PL.PZGIK.200</sln:miejscIIPPn><sln:miejscIIPWersja>2016-11-24T12:34:44+02:00</sln:miejscIIPWersja><sln:miejscIdTeryt>0771499</sln:miejscIdTeryt><sln:miejscNazwa>Gąsiorówko</sln:miejscNazwa><sln:miejscRodzaj>Osada</sln:miejscRodzaj><sln:powIIPId>f788737b-a599-4e78-b366-8abf32d41060</sln:powIIPId><sln:powIIPPn>PL.PZGIK.200</sln:powIIPPn><sln:powIIPWersja>2012-09-27T10:00:59+02:00</sln:powIIPWersja><sln:powIdTeryt>2813</sln:powIdTeryt><sln:powNazwa>olecki</sln:powNazwa><sln:waznyOd>2013-10-09T00:00:00+02:00</sln:waznyOd><sln:wojIIPId>45e7cfc6-6d8b-42ff-acbd-ef1d0a53dacb</sln:wojIIPId><sln:wojIIPPn>PL.PZGIK.200</sln:wojIIPPn><sln:wojIIPWersja>2012-09-27T13:45:13+02:00</sln:wojIIPWersja><sln:wojIdTeryt>28</sln:wojIdTeryt><sln:wojNazwa>warmińsko-mazurskie</sln:wojNazwa></sln:miejscowosc><sln:miejscowosc><sln:cyklZyciaDo>2017-04-07T00:00:00+02:00</sln:cyklZyciaDo><sln:cyklZyciaOd>2015-08-12T00:00:00+02:00</sln:cyklZyciaOd><sln:gmIIPId>c38c01c9-9f45-4d65-8520-cf1b7418eb31</sln:gmIIPId><sln:gmIIPPn>PL.PZGIK.200</sln:gmIIPPn><sln:gmIIPWersja>2012-09-26T22:21:19+02:00</sln:gmIIPWersja><sln:gmIdTeryt>2813062</sln:gmIdTeryt><sln:gmNazwa>Wieliczki</sln:gmNazwa><sln:miejscIIPId>7286be20-7d07-42d7-9018-9c10b3a74829</sln:miejscIIPId><sln:miejscIIPPn>PL.PZGIK.200</sln:miejscIIPPn><sln:miejscIIPWersja>2016-11-24T12:34:44+02:00</sln:miejscIIPWersja><sln:miejscIdTeryt>0771507</sln:miejscIdTeryt><sln:miejscNazwa>Godziejewo</sln:miejscNazwa><sln:miejscRodzaj>Wieś</sln:miejscRodzaj><sln:powIIPId>f788737b-a599-4e78-b366-8abf32d41060</sln:powIIPId><sln:powIIPPn>PL.PZGIK.200</sln:powIIPPn><sln:powIIPWersja>2012-09-27T10:00:59+02:00</sln:powIIPWersja><sln:powIdTeryt>2813</sln:powIdTeryt><sln:powNazwa>olecki</sln:powNazwa><sln:waznyOd>2013-09-24T00:00:00+02:00</sln:waznyOd><sln:wojIIPId>45e7cfc6-6d8b-42ff-acbd-ef1d0a53dacb</sln:wojIIPId><sln:wojIIPPn>PL.PZGIK.200</sln:wojIIPPn><sln:wojIIPWersja>2012-09-27T13:45:13+02:00</sln:wojIIPWersja><sln:wojIdTeryt>28</sln:wojIdTeryt><sln:wojNazwa>warmińsko-mazurskie</sln:wojNazwa></sln:miejscowosc><sln:miejscowosc><sln:cyklZyciaDo>2017-04-07T00:00:00+02:00</sln:cyklZyciaDo><sln:cyklZyciaOd>2015-08-12T00:00:00+02:00</sln:cyklZyciaOd><sln:gmIIPId>c38c01c9-9f45-4d65-8520-cf1b7418eb31</sln:gmIIPId><sln:gmIIPPn>PL.PZGIK.200</sln:gmIIPPn><sln:gmIIPWersja>2012-09-26T22:21:19+02:00</sln:gmIIPWersja><sln:gmIdTeryt>2813062</sln:gmIdTeryt><sln:gmNazwa>Wieliczki</sln:gmNazwa><sln:miejscIIPId>11d84ec5-2d59-48bd-ac3a-0000cf92a5bd</sln:miejscIIPId><sln:miejscIIPPn>PL.PZGIK.200</sln:miejscIIPPn><sln:miejscIIPWersja>2016-11-24T12:34:44+02:00</sln:miejscIIPWersja><sln:miejscIdTeryt>0771520</sln:miejscIdTeryt><sln:miejscNazwa>Guty</sln:miejscNazwa><sln:miejscRodzaj>Wieś</sln:miejscRodzaj><sln:powIIPId>f788737b-a599-4e78-b366-8abf32d41060</sln:powIIPId><sln:powIIPPn>PL.PZGIK.200</sln:powIIPPn><sln:powIIPWersja>2012-09-27T10:00:59+02:00</sln:powIIPWersja><sln:powIdTeryt>2813</sln:powIdTeryt><sln:powNazwa>olecki</sln:powNazwa><sln:waznyOd>2013-09-24T00:00:00+02:00</sln:waznyOd><sln:wojIIPId>45e7cfc6-6d8b-42ff-acbd-ef1d0a53dacb</sln:wojIIPId><sln:wojIIPPn>PL.PZGIK.200</sln:wojIIPPn><sln:wojIIPWersja>2012-09-27T13:45:13+02:00</sln:wojIIPWersja><sln:wojIdTeryt>28</sln:wojIdTeryt><sln:wojNazwa>warmińsko-mazurskie</sln:wojNazwa></sln:miejscowosc><sln:miejscowosc><sln:cyklZyciaDo>2017-04-07T00:00:00+02:00</sln:cyklZyciaDo><sln:cyklZyciaOd>2015-08-12T00:00:00+02:00</sln:cyklZyciaOd><sln:gmIIPId>c38c01c9-9f45-4d65-8520-cf1b7418eb31</sln:gmIIPId><sln:gmIIPPn>PL.PZGIK.200</sln:gmIIPPn><sln:gmIIPWersja>2012-09-26T22:21:19+02:00</sln:gmIIPWersja><sln:gmIdTeryt>2813062</sln:gmIdTeryt><sln:gmNazwa>Wieliczki</sln:gmNazwa><sln:miejscIIPId>289e8190-8d2a-46d5-a69d-a542f6220195</sln:miejscIIPId><sln:miejscIIPPn>PL.PZGIK.200</sln:miejscIIPPn><sln:miejscIIPWersja>2016-11-24T12:34:44+02:00</sln:miejscIIPWersja><sln:miejscIdTeryt>0771542</sln:miejscIdTeryt><sln:miejscNazwa>Jelitki</sln:miejscNazwa><sln:miejscRodzaj>Wieś</sln:miejscRodzaj><sln:powIIPId>f788737b-a599-4e78-b366-8abf32d41060</sln:powIIPId><sln:powIIPPn>PL.PZGIK.200</sln:powIIPPn><sln:powIIPWersja>2012-09-27T10:00:59+02:00</sln:powIIPWersja><sln:powIdTeryt>2813</sln:powIdTeryt><sln:powNazwa>olecki</sln:powNazwa><sln:waznyOd>2013-09-24T00:00:00+02:00</sln:waznyOd><sln:wojIIPId>45e7cfc6-6d8b-42ff-acbd-ef1d0a53dacb</sln:wojIIPId><sln:wojIIPPn>PL.PZGIK.200</sln:wojIIPPn><sln:wojIIPWersja>2012-09-27T13:45:13+02:00</sln:wojIIPWersja><sln:wojIdTeryt>28</sln:wojIdTeryt><sln:wojNazwa>warmińsko-mazurskie</sln:wojNazwa></sln:miejscowosc><sln:miejscowosc><sln:cyklZyciaDo>2017-04-07T00:00:00+02:00</sln:cyklZyciaDo><sln:cyklZyciaOd>2015-08-12T00:00:00+02:00</sln:cyklZyciaOd><sln:gmIIPId>c38c01c9-9f45-4d65-8520-cf1b7418eb31</sln:gmIIPId><sln:gmIIPPn>PL.PZGIK.200</sln:gmIIPPn><sln:gmIIPWersja>2012-09-26T22:21:19+02:00</sln:gmIIPWersja><sln:gmIdTeryt>2813062</sln:gmIdTeryt><sln:gmNazwa>Wieliczki</sln:gmNazwa><sln:miejscIIPId>6d4fc743-a014-411d-b5d5-cd10d5d146f6</sln:miejscIIPId><sln:miejscIIPPn>PL.PZGIK.200</sln:miejscIIPPn><sln:miejscIIPWersja>2016-11-24T12:34:44+02:00</sln:miejscIIPWersja><sln:miejscIdTeryt>0771559</sln:miejscIdTeryt><sln:miejscNazwa>Kleszczewo</sln:miejscNazwa><sln:miejscRodzaj>Wieś</sln:miejscRodzaj><sln:powIIPId>f788737b-a599-4e78-b366-8abf32d41060</sln:powIIPId><sln:powIIPPn>PL.PZGIK.200</sln:powIIPPn><sln:powIIPWersja>2012-09-27T10:00:59+02:00</sln:powIIPWersja><sln:powIdTeryt>2813</sln:powIdTeryt><sln:powNazwa>olecki</sln:powNazwa><sln:waznyOd>2013-09-24T00:00:00+02:00</sln:waznyOd><sln:wojIIPId>45e7cfc6-6d8b-42ff-acbd-ef1d0a53dacb</sln:wojIIPId><sln:wojIIPPn>PL.PZGIK.200</sln:wojIIPPn><sln:wojIIPWersja>2012-09-27T13:45:13+02:00</sln:wojIIPWersja><sln:wojIdTeryt>28</sln:wojIdTeryt><sln:wojNazwa>warmińsko-mazurskie</sln:wojNazwa></sln:miejscowosc><sln:miejscowosc><sln:cyklZyciaDo>2017-04-07T00:00:00+02:00</sln:cyklZyciaDo><sln:cyklZyciaOd>2015-08-12T00:00:00+02:00</sln:cyklZyciaOd><sln:gmIIPId>c38c01c9-9f45-4d65-8520-cf1b7418eb31</sln:gmIIPId><sln:gmIIPPn>PL.PZGIK.200</sln:gmIIPPn><sln:gmIIPWersja>2012-09-26T22:21:19+02:00</sln:gmIIPWersja><sln:gmIdTeryt>2813062</sln:gmIdTeryt><sln:gmNazwa>Wieliczki</sln:gmNazwa><sln:miejscIIPId>7088d079-17f3-43ec-a57b-42cc7db6aa17</sln:miejscIIPId><sln:miejscIIPPn>PL.PZGIK.200</sln:miejscIIPPn><sln:miejscIIPWersja>2016-11-24T12:34:44+02:00</sln:miejscIIPWersja><sln:miejscIdTeryt>0771565</sln:miejscIdTeryt><sln:miejscNazwa>Krupin</sln:miejscNazwa><sln:miejscRodzaj>Wieś</sln:miejscRodzaj><sln:powIIPId>f788737b-a599-4e78-b366-8abf32d41060</sln:powIIPId><sln:powIIPPn>PL.PZGIK.200</sln:powIIPPn><sln:powIIPWersja>2012-09-27T10:00:59+02:00</sln:powIIPWersja><sln:powIdTeryt>2813</sln:powIdTeryt><sln:powNazwa>olecki</sln:powNazwa><sln:waznyOd>2013-09-24T00:00:00+02:00</sln:waznyOd><sln:wojIIPId>45e7cfc6-6d8b-42ff-acbd-ef1d0a53dacb</sln:wojIIPId><sln:wojIIPPn>PL.PZGIK.200</sln:wojIIPPn><sln:wojIIPWersja>2012-09-27T13:45:13+02:00</sln:wojIIPWersja><sln:wojIdTeryt>28</sln:wojIdTeryt><sln:wojNazwa>warmińsko-mazurskie</sln:wojNazwa></sln:miejscowosc><sln:miejscowosc><sln:cyklZyciaDo>2017-04-07T00:00:00+02:00</sln:cyklZyciaDo><sln:cyklZyciaOd>2015-08-12T00:00:00+02:00</sln:cyklZyciaOd><sln:gmIIPId>c38c01c9-9f45-4d65-8520-cf1b7418eb31</sln:gmIIPId><sln:gmIIPPn>PL.PZGIK.200</sln:gmIIPPn><sln:gmIIPWersja>2012-09-26T22:21:19+02:00</sln:gmIIPWersja><sln:gmIdTeryt>2813062</sln:gmIdTeryt><sln:gmNazwa>Wieliczki</sln:gmNazwa><sln:miejscIIPId>03803cfa-2a2e-4df4-b692-99d46332146c</sln:miejscIIPId><sln:miejscIIPPn>PL.PZGIK.200</sln:miejscIIPPn><sln:miejscIIPWersja>2016-11-24T12:34:44+02:00</sln:miejscIIPWersja><sln:miejscIdTeryt>0771513</sln:miejscIdTeryt><sln:miejscNazwa>Krzyżewko</sln:miejscNazwa><sln:miejscRodzaj>Wieś</sln:miejscRodzaj><sln:powIIPId>f788737b-a599-4e78-b366-8abf32d41060</sln:powIIPId><sln:powIIPPn>PL.PZGIK.200</sln:powIIPPn><sln:powIIPWersja>2012-09-27T10:00:59+02:00</sln:powIIPWersja><sln:powIdTeryt>2813</sln:powIdTeryt><sln:powNazwa>olecki</sln:powNazwa><sln:waznyOd>2013-09-24T00:00:00+02:00</sln:waznyOd><sln:wojIIPId>45e7cfc6-6d8b-42ff-acbd-ef1d0a53dacb</sln:wojIIPId><sln:wojIIPPn>PL.PZGIK.200</sln:wojIIPPn><sln:wojIIPWersja>2012-09-27T13:45:13+02:00</sln:wojIIPWersja><sln:wojIdTeryt>28</sln:wojIdTeryt><sln:wojNazwa>warmińsko-mazurskie</sln:wojNazwa></sln:miejscowosc><sln:miejscowosc><sln:cyklZyciaDo>2017-04-07T00:00:00+02:00</sln:cyklZyciaDo><sln:cyklZyciaOd>2015-08-12T00:00:00+02:00</sln:cyklZyciaOd><sln:gmIIPId>c38c01c9-9f45-4d65-8520-cf1b7418eb31</sln:gmIIPId><sln:gmIIPPn>PL.PZGIK.200</sln:gmIIPPn><sln:gmIIPWersja>2012-09-26T22:21:19+02:00</sln:gmIIPWersja><sln:gmIdTeryt>2813062</sln:gmIdTeryt><sln:gmNazwa>Wieliczki</sln:gmNazwa><sln:miejscIIPId>d62f5f04-8c1c-445e-a0d9-069af86d4265</sln:miejscIIPId><sln:miejscIIPPn>PL.PZGIK.200</sln:miejscIIPPn><sln:miejscIIPWersja>2016-11-24T12:34:44+02:00</sln:miejscIIPWersja><sln:miejscIdTeryt>0771571</sln:miejscIdTeryt><sln:miejscNazwa>Małe Olecko</sln:miejscNazwa><sln:miejscRodzaj>Wieś</sln:miejscRodzaj><sln:powIIPId>f788737b-a599-4e78-b366-8abf32d41060</sln:powIIPId><sln:powIIPPn>PL.PZGIK.200</sln:powIIPPn><sln:powIIPWersja>2012-09-27T10:00:59+02:00</sln:powIIPWersja><sln:powIdTeryt>2813</sln:powIdTeryt><sln:powNazwa>olecki</sln:powNazwa><sln:waznyOd>2013-09-24T00:00:00+02:00</sln:waznyOd><sln:wojIIPId>45e7cfc6-6d8b-42ff-acbd-ef1d0a53dacb</sln:wojIIPId><sln:wojIIPPn>PL.PZGIK.200</sln:wojIIPPn><sln:wojIIPWersja>2012-09-27T13:45:13+02:00</sln:wojIIPWersja><sln:wojIdTeryt>28</sln:wojIdTeryt><sln:wojNazwa>warmińsko-mazurskie</sln:wojNazwa></sln:miejscowosc><sln:miejscowosc><sln:cyklZyciaDo>2017-04-07T00:00:00+02:00</sln:cyklZyciaDo><sln:cyklZyciaOd>2015-08-12T00:00:00+02:00</sln:cyklZyciaOd><sln:gmIIPId>c38c01c9-9f45-4d65-8520-cf1b7418eb31</sln:gmIIPId><sln:gmIIPPn>PL.PZGIK.200</sln:gmIIPPn><sln:gmIIPWersja>2012-09-26T22:21:19+02:00</sln:gmIIPWersja><sln:gmIdTeryt>2813062</sln:gmIdTeryt><sln:gmNazwa>Wieliczki</sln:gmNazwa><sln:miejscIIPId>c7489f67-d27e-43c5-a1b8-762cf19e8799</sln:miejscIIPId><sln:miejscIIPPn>PL.PZGIK.200</sln:miejscIIPPn><sln:miejscIIPWersja>2016-11-24T12:34:44+02:00</sln:miejscIIPWersja><sln:miejscIdTeryt>0771594</sln:miejscIdTeryt><sln:miejscNazwa>Markowskie</sln:miejscNazwa><sln:miejscRodzaj>Wieś</sln:miejscRodzaj><sln:powIIPId>f788737b-a599-4e78-b366-8abf32d41060</sln:powIIPId><sln:powIIPPn>PL.PZGIK.200</sln:powIIPPn><sln:powIIPWersja>2012-09-27T10:00:59+02:00</sln:powIIPWersja><sln:powIdTeryt>2813</sln:powIdTeryt><sln:powNazwa>olecki</sln:powNazwa><sln:waznyOd>2013-09-24T00:00:00+02:00</sln:waznyOd><sln:wojIIPId>45e7cfc6-6d8b-42ff-acbd-ef1d0a53dacb</sln:wojIIPId><sln:wojIIPPn>PL.PZGIK.200</sln:wojIIPPn><sln:wojIIPWersja>2012-09-27T13:45:13+02:00</sln:wojIIPWersja><sln:wojIdTeryt>28</sln:wojIdTeryt><sln:wojNazwa>warmińsko-mazurskie</sln:wojNazwa></sln:miejscowosc><sln:miejscowosc><sln:cyklZyciaDo>2017-04-07T00:00:00+02:00</sln:cyklZyciaDo><sln:cyklZyciaOd>2015-08-12T00:00:00+02:00</sln:cyklZyciaOd><sln:gmIIPId>c38c01c9-9f45-4d65-8520-cf1b7418eb31</sln:gmIIPId><sln:gmIIPPn>PL.PZGIK.200</sln:gmIIPPn><sln:gmIIPWersja>2012-09-26T22:21:19+02:00</sln:gmIIPWersja><sln:gmIdTeryt>2813062</sln:gmIdTeryt><sln:gmNazwa>Wieliczki</sln:gmNazwa><sln:miejscIIPId>1d849b8b-5d44-413a-beee-5f51569a9844</sln:miejscIIPId><sln:miejscIIPPn>PL.PZGIK.200</sln:miejscIIPPn><sln:miejscIIPWersja>2016-11-24T12:34:44+02:00</sln:miejscIIPWersja><sln:miejscIdTeryt>0771602</sln:miejscIdTeryt><sln:miejscNazwa>Niedźwiedzkie</sln:miejscNazwa><sln:miejscRodzaj>Wieś</sln:miejscRodzaj><sln:powIIPId>f788737b-a599-4e78-b366-8abf32d41060</sln:powIIPId><sln:powIIPPn>PL.PZGIK.200</sln:powIIPPn><sln:powIIPWersja>2012-09-27T10:00:59+02:00</sln:powIIPWersja><sln:powIdTeryt>2813</sln:powIdTeryt><sln:powNazwa>olecki</sln:powNazwa><sln:waznyOd>2013-09-24T00:00:00+02:00</sln:waznyOd><sln:wojIIPId>45e7cfc6-6d8b-42ff-acbd-ef1d0a53dacb</sln:wojIIPId><sln:wojIIPPn>PL.PZGIK.200</sln:wojIIPPn><sln:wojIIPWersja>2012-09-27T13:45:13+02:00</sln:wojIIPWersja><sln:wojIdTeryt>28</sln:wojIdTeryt><sln:wojNazwa>warmińsko-mazurskie</sln:wojNazwa></sln:miejscowosc><sln:miejscowosc><sln:cyklZyciaDo>2017-04-07T00:00:00+02:00</sln:cyklZyciaDo><sln:cyklZyciaOd>2015-08-12T00:00:00+02:00</sln:cyklZyciaOd><sln:gmIIPId>c38c01c9-9f45-4d65-8520-cf1b7418eb31</sln:gmIIPId><sln:gmIIPPn>PL.PZGIK.200</sln:gmIIPPn><sln:gmIIPWersja>2012-09-26T22:21:19+02:00</sln:gmIIPWersja><sln:gmIdTeryt>2813062</sln:gmIdTeryt><sln:gmNazwa>Wieliczki</sln:gmNazwa><sln:miejscIIPId>0b4f21eb-7fde-4c0f-b361-eb772a2ff3bd</sln:miejscIIPId><sln:miejscIIPPn>PL.PZGIK.200</sln:miejscIIPPn><sln:miejscIIPWersja>2016-11-24T12:34:44+02:00</sln:miejscIIPWersja><sln:miejscIdTeryt>0771631</sln:miejscIdTeryt><sln:miejscNazwa>Norki</sln:miejscNazwa><sln:miejscRodzaj>Osada</sln:miejscRodzaj><sln:powIIPId>f788737b-a599-4e78-b366-8abf32d41060</sln:powIIPId><sln:powIIPPn>PL.PZGIK.200</sln:powIIPPn><sln:powIIPWersja>2012-09-27T10:00:59+02:00</sln:powIIPWersja><sln:powIdTeryt>2813</sln:powIdTeryt><sln:powNazwa>olecki</sln:powNazwa><sln:waznyOd>2013-10-09T00:00:00+02:00</sln:waznyOd><sln:wojIIPId>45e7cfc6-6d8b-42ff-acbd-ef1d0a53dacb</sln:wojIIPId><sln:wojIIPPn>PL.PZGIK.200</sln:wojIIPPn><sln:wojIIPWersja>2012-09-27T13:45:13+02:00</sln:wojIIPWersja><sln:wojIdTeryt>28</sln:wojIdTeryt><sln:wojNazwa>warmińsko-mazurskie</sln:wojNazwa></sln:miejscowosc><sln:miejscowosc><sln:cyklZyciaDo>2017-04-07T00:00:00+02:00</sln:cyklZyciaDo><sln:cyklZyciaOd>2015-08-12T00:00:00+02:00</sln:cyklZyciaOd><sln:gmIIPId>c38c01c9-9f45-4d65-8520-cf1b7418eb31</sln:gmIIPId><sln:gmIIPPn>PL.PZGIK.200</sln:gmIIPPn><sln:gmIIPWersja>2012-09-26T22:21:19+02:00</sln:gmIIPWersja><sln:gmIdTeryt>2813062</sln:gmIdTeryt><sln:gmNazwa>Wieliczki</sln:gmNazwa><sln:miejscIIPId>933a1632-92b5-416d-87a8-5d3b620cb10f</sln:miejscIIPId><sln:miejscIIPPn>PL.PZGIK.200</sln:miejscIIPPn><sln:miejscIIPWersja>2016-11-24T12:34:44+02:00</sln:miejscIIPWersja><sln:miejscIdTeryt>0771619</sln:miejscIdTeryt><sln:miejscNazwa>Nory</sln:miejscNazwa><sln:miejscRodzaj>Osada</sln:miejscRodzaj><sln:powIIPId>f788737b-a599-4e78-b366-8abf32d41060</sln:powIIPId><sln:powIIPPn>PL.PZGIK.200</sln:powIIPPn><sln:powIIPWersja>2012-09-27T10:00:59+02:00</sln:powIIPWersja><sln:powIdTeryt>2813</sln:powIdTeryt><sln:powNazwa>olecki</sln:powNazwa><sln:waznyOd>2013-09-24T00:00:00+02:00</sln:waznyOd><sln:wojIIPId>45e7cfc6-6d8b-42ff-acbd-ef1d0a53dacb</sln:wojIIPId><sln:wojIIPPn>PL.PZGIK.200</sln:wojIIPPn><sln:wojIIPWersja>2012-09-27T13:45:13+02:00</sln:wojIIPWersja><sln:wojIdTeryt>28</sln:wojIdTeryt><sln:wojNazwa>warmińsko-mazurskie</sln:wojNazwa></sln:miejscowosc><sln:miejscowosc><sln:cyklZyciaDo>2017-04-07T00:00:00+02:00</sln:cyklZyciaDo><sln:cyklZyciaOd>2015-08-12T00:00:00+02:00</sln:cyklZyciaOd><sln:gmIIPId>c38c01c9-9f45-4d65-8520-cf1b7418eb31</sln:gmIIPId><sln:gmIIPPn>PL.PZGIK.200</sln:gmIIPPn><sln:gmIIPWersja>2012-09-26T22:21:19+02:00</sln:gmIIPWersja><sln:gmIdTeryt>2813062</sln:gmIdTeryt><sln:gmNazwa>Wieliczki</sln:gmNazwa><sln:miejscIIPId>d3c4de43-6cee-4b25-94b7-5a6468b949b2</sln:miejscIIPId><sln:miejscIIPPn>PL.PZGIK.200</sln:miejscIIPPn><sln:miejscIIPWersja>2016-11-24T12:34:44+02:00</sln:miejscIIPWersja><sln:miejscIdTeryt>0771648</sln:miejscIdTeryt><sln:miejscNazwa>Nowe Raczki</sln:miejscNazwa><sln:miejscRodzaj>Wieś</sln:miejscRodzaj><sln:powIIPId>f788737b-a599-4e78-b366-8abf32d41060</sln:powIIPId><sln:powIIPPn>PL.PZGIK.200</sln:powIIPPn><sln:powIIPWersja>2012-09-27T10:00:59+02:00</sln:powIIPWersja><sln:powIdTeryt>2813</sln:powIdTeryt><sln:powNazwa>olecki</sln:powNazwa><sln:waznyOd>2013-09-24T00:00:00+02:00</sln:waznyOd><sln:wojIIPId>45e7cfc6-6d8b-42ff-acbd-ef1d0a53dacb</sln:wojIIPId><sln:wojIIPPn>PL.PZGIK.200</sln:wojIIPPn><sln:wojIIPWersja>2012-09-27T13:45:13+02:00</sln:wojIIPWersja><sln:wojIdTeryt>28</sln:wojIdTeryt><sln:wojNazwa>warmińsko-mazurskie</sln:wojNazwa></sln:miejscowosc><sln:miejscowosc><sln:cyklZyciaDo>2017-04-07T00:00:00+02:00</sln:cyklZyciaDo><sln:cyklZyciaOd>2015-08-12T00:00:00+02:00</sln:cyklZyciaOd><sln:gmIIPId>c38c01c9-9f45-4d65-8520-cf1b7418eb31</sln:gmIIPId><sln:gmIIPPn>PL.PZGIK.200</sln:gmIIPPn><sln:gmIIPWersja>2012-09-26T22:21:19+02:00</sln:gmIIPWersja><sln:gmIdTeryt>2813062</sln:gmIdTeryt><sln:gmNazwa>Wieliczki</sln:gmNazwa><sln:miejscIIPId>6f29eb4d-3aae-482e-bedd-5f317c4d7697</sln:miejscIIPId><sln:miejscIIPPn>PL.PZGIK.200</sln:miejscIIPPn><sln:miejscIIPWersja>2016-11-24T12:34:44+02:00</sln:miejscIIPWersja><sln:miejscIdTeryt>0771654</sln:miejscIdTeryt><sln:miejscNazwa>Nowy Młyn</sln:miejscNazwa><sln:miejscRodzaj>Osada</sln:miejscRodzaj><sln:powIIPId>f788737b-a599-4e78-b366-8abf32d41060</sln:powIIPId><sln:powIIPPn>PL.PZGIK.200</sln:powIIPPn><sln:powIIPWersja>2012-09-27T10:00:59+02:00</sln:powIIPWersja><sln:powIdTeryt>2813</sln:powIdTeryt><sln:powNazwa>olecki</sln:powNazwa><sln:waznyOd>2013-10-09T00:00:00+02:00</sln:waznyOd><sln:wojIIPId>45e7cfc6-6d8b-42ff-acbd-ef1d0a53dacb</sln:wojIIPId><sln:wojIIPPn>PL.PZGIK.200</sln:wojIIPPn><sln:wojIIPWersja>2012-09-27T13:45:13+02:00</sln:wojIIPWersja><sln:wojIdTeryt>28</sln:wojIdTeryt><sln:wojNazwa>warmińsko-mazurskie</sln:wojNazwa></sln:miejscowosc><sln:miejscowosc><sln:cyklZyciaDo>2017-04-07T00:00:00+02:00</sln:cyklZyciaDo><sln:cyklZyciaOd>2015-08-12T00:00:00+02:00</sln:cyklZyciaOd><sln:gmIIPId>c38c01c9-9f45-4d65-8520-cf1b7418eb31</sln:gmIIPId><sln:gmIIPPn>PL.PZGIK.200</sln:gmIIPPn><sln:gmIIPWersja>2012-09-26T22:21:19+02:00</sln:gmIIPWersja><sln:gmIdTeryt>2813062</sln:gmIdTeryt><sln:gmNazwa>Wieliczki</sln:gmNazwa><sln:miejscIIPId>4a2f6ec3-bcb9-470d-9cc6-3d0957a77518</sln:miejscIIPId><sln:miejscIIPPn>PL.PZGIK.200</sln:miejscIIPPn><sln:miejscIIPWersja>2016-11-24T12:34:44+02:00</sln:miejscIIPWersja><sln:miejscIdTeryt>0771660</sln:miejscIdTeryt><sln:miejscNazwa>Puchówka</sln:miejscNazwa><sln:miejscRodzaj>Wieś</sln:miejscRodzaj><sln:powIIPId>f788737b-a599-4e78-b366-8abf32d41060</sln:powIIPId><sln:powIIPPn>PL.PZGIK.200</sln:powIIPPn><sln:powIIPWersja>2012-09-27T10:00:59+02:00</sln:powIIPWersja><sln:powIdTeryt>2813</sln:powIdTeryt><sln:powNazwa>olecki</sln:powNazwa><sln:waznyOd>2013-09-24T00:00:00+02:00</sln:waznyOd><sln:wojIIPId>45e7cfc6-6d8b-42ff-acbd-ef1d0a53dacb</sln:wojIIPId><sln:wojIIPPn>PL.PZGIK.200</sln:wojIIPPn><sln:wojIIPWersja>2012-09-27T13:45:13+02:00</sln:wojIIPWersja><sln:wojIdTeryt>28</sln:wojIdTeryt><sln:wojNazwa>warmińsko-mazurskie</sln:wojNazwa></sln:miejscowosc><sln:miejscowosc><sln:cyklZyciaDo>2017-04-07T00:00:00+02:00</sln:cyklZyciaDo><sln:cyklZyciaOd>2015-08-12T00:00:00+02:00</sln:cyklZyciaOd><sln:gmIIPId>c38c01c9-9f45-4d65-8520-cf1b7418eb31</sln:gmIIPId><sln:gmIIPPn>PL.PZGIK.200</sln:gmIIPPn><sln:gmIIPWersja>2012-09-26T22:21:19+02:00</sln:gmIIPWersja><sln:gmIdTeryt>2813062</sln:gmIdTeryt><sln:gmNazwa>Wieliczki</sln:gmNazwa><sln:miejscIIPId>1765c205-a4cc-4415-a25a-31f3b6f5a1cf</sln:miejscIIPId><sln:miejscIIPPn>PL.PZGIK.200</sln:miejscIIPPn><sln:miejscIIPWersja>2016-11-24T12:34:44+02:00</sln:miejscIIPWersja><sln:miejscIdTeryt>0771708</sln:miejscIdTeryt><sln:miejscNazwa>Rynie</sln:miejscNazwa><sln:miejscRodzaj>Wieś</sln:miejscRodzaj><sln:powIIPId>f788737b-a599-4e78-b366-8abf32d41060</sln:powIIPId><sln:powIIPPn>PL.PZGIK.200</sln:powIIPPn><sln:powIIPWersja>2012-09-27T10:00:59+02:00</sln:powIIPWersja><sln:powIdTeryt>2813</sln:powIdTeryt><sln:powNazwa>olecki</sln:powNazwa><sln:waznyOd>2013-09-24T00:00:00+02:00</sln:waznyOd><sln:wojIIPId>45e7cfc6-6d8b-42ff-acbd-ef1d0a53dacb</sln:wojIIPId><sln:wojIIPPn>PL.PZGIK.200</sln:wojIIPPn><sln:wojIIPWersja>2012-09-27T13:45:13+02:00</sln:wojIIPWersja><sln:wojIdTeryt>28</sln:wojIdTeryt><sln:wojNazwa>warmińsko-mazurskie</sln:wojNazwa></sln:miejscowosc><sln:miejscowosc><sln:cyklZyciaDo>2017-04-07T00:00:00+02:00</sln:cyklZyciaDo><sln:cyklZyciaOd>2015-08-12T00:00:00+02:00</sln:cyklZyciaOd><sln:gmIIPId>c38c01c9-9f45-4d65-8520-cf1b7418eb31</sln:gmIIPId><sln:gmIIPPn>PL.PZGIK.200</sln:gmIIPPn><sln:gmIIPWersja>2012-09-26T22:21:19+02:00</sln:gmIIPWersja><sln:gmIdTeryt>2813062</sln:gmIdTeryt><sln:gmNazwa>Wieliczki</sln:gmNazwa><sln:miejscIIPId>bfff2ac5-30b7-4eb1-b9cd-cc341991de28</sln:miejscIIPId><sln:miejscIIPPn>PL.PZGIK.200</sln:miejscIIPPn><sln:miejscIIPWersja>2016-11-24T12:34:44+02:00</sln:miejscIIPWersja><sln:miejscIdTeryt>0771714</sln:miejscIdTeryt><sln:miejscNazwa>Sobole</sln:miejscNazwa><sln:miejscRodzaj>Wieś</sln:miejscRodzaj><sln:powIIPId>f788737b-a599-4e78-b366-8abf32d41060</sln:powIIPId><sln:powIIPPn>PL.PZGIK.200</sln:powIIPPn><sln:powIIPWersja>2012-09-27T10:00:59+02:00</sln:powIIPWersja><sln:powIdTeryt>2813</sln:powIdTeryt><sln:powNazwa>olecki</sln:powNazwa><sln:waznyOd>2013-09-24T00:00:00+02:00</sln:waznyOd><sln:wojIIPId>45e7cfc6-6d8b-42ff-acbd-ef1d0a53dacb</sln:wojIIPId><sln:wojIIPPn>PL.PZGIK.200</sln:wojIIPPn><sln:wojIIPWersja>2012-09-27T13:45:13+02:00</sln:wojIIPWersja><sln:wojIdTeryt>28</sln:wojIdTeryt><sln:wojNazwa>warmińsko-mazurskie</sln:wojNazwa></sln:miejscowosc><sln:miejscowosc><sln:cyklZyciaDo>2017-04-07T00:00:00+02:00</sln:cyklZyciaDo><sln:cyklZyciaOd>2015-08-12T00:00:00+02:00</sln:cyklZyciaOd><sln:gmIIPId>c38c01c9-9f45-4d65-8520-cf1b7418eb31</sln:gmIIPId><sln:gmIIPPn>PL.PZGIK.200</sln:gmIIPPn><sln:gmIIPWersja>2012-09-26T22:21:19+02:00</sln:gmIIPWersja><sln:gmIdTeryt>2813062</sln:gmIdTeryt><sln:gmNazwa>Wieliczki</sln:gmNazwa><sln:miejscIIPId>b826bcd8-1cea-4b5f-9574-4357ef6a649c</sln:miejscIIPId><sln:miejscIIPPn>PL.PZGIK.200</sln:miejscIIPPn><sln:miejscIIPWersja>2016-11-24T12:34:44+02:00</sln:miejscIIPWersja><sln:miejscIdTeryt>0771720</sln:miejscIdTeryt><sln:miejscNazwa>Starosty</sln:miejscNazwa><sln:miejscRodzaj>Wieś</sln:miejscRodzaj><sln:powIIPId>f788737b-a599-4e78-b366-8abf32d41060</sln:powIIPId><sln:powIIPPn>PL.PZGIK.200</sln:powIIPPn><sln:powIIPWersja>2012-09-27T10:00:59+02:00</sln:powIIPWersja><sln:powIdTeryt>2813</sln:powIdTeryt><sln:powNazwa>olecki</sln:powNazwa><sln:waznyOd>2013-09-24T00:00:00+02:00</sln:waznyOd><sln:wojIIPId>45e7cfc6-6d8b-42ff-acbd-ef1d0a53dacb</sln:wojIIPId><sln:wojIIPPn>PL.PZGIK.200</sln:wojIIPPn><sln:wojIIPWersja>2012-09-27T13:45:13+02:00</sln:wojIIPWersja><sln:wojIdTeryt>28</sln:wojIdTeryt><sln:wojNazwa>warmińsko-mazurskie</sln:wojNazwa></sln:miejscowosc><sln:miejscowosc><sln:cyklZyciaDo>2017-04-07T00:00:00+02:00</sln:cyklZyciaDo><sln:cyklZyciaOd>2015-08-12T00:00:00+02:00</sln:cyklZyciaOd><sln:gmIIPId>c38c01c9-9f45-4d65-8520-cf1b7418eb31</sln:gmIIPId><sln:gmIIPPn>PL.PZGIK.200</sln:gmIIPPn><sln:gmIIPWersja>2012-09-26T22:21:19+02:00</sln:gmIIPWersja><sln:gmIdTeryt>2813062</sln:gmIdTeryt><sln:gmNazwa>Wieliczki</sln:gmNazwa><sln:miejscIIPId>1002b1ea-875e-4357-add5-a92018d9ac6a</sln:miejscIIPId><sln:miejscIIPPn>PL.PZGIK.200</sln:miejscIIPPn><sln:miejscIIPWersja>2016-11-24T12:34:44+02:00</sln:miejscIIPWersja><sln:miejscIdTeryt>0771737</sln:miejscIdTeryt><sln:miejscNazwa>Szeszki</sln:miejscNazwa><sln:miejscRodzaj>Wieś</sln:miejscRodzaj><sln:powIIPId>f788737b-a599-4e78-b366-8abf32d41060</sln:powIIPId><sln:powIIPPn>PL.PZGIK.200</sln:powIIPPn><sln:powIIPWersja>2012-09-27T10:00:59+02:00</sln:powIIPWersja><sln:powIdTeryt>2813</sln:powIdTeryt><sln:powNazwa>olecki</sln:powNazwa><sln:waznyOd>2013-09-24T00:00:00+02:00</sln:waznyOd><sln:wojIIPId>45e7cfc6-6d8b-42ff-acbd-ef1d0a53dacb</sln:wojIIPId><sln:wojIIPPn>PL.PZGIK.200</sln:wojIIPPn><sln:wojIIPWersja>2012-09-27T13:45:13+02:00</sln:wojIIPWersja><sln:wojIdTeryt>28</sln:wojIdTeryt><sln:wojNazwa>warmińsko-mazurskie</sln:wojNazwa></sln:miejscowosc><sln:miejscowosc><sln:cyklZyciaDo>2017-04-07T00:00:00+02:00</sln:cyklZyciaDo><sln:cyklZyciaOd>2015-08-12T00:00:00+02:00</sln:cyklZyciaOd><sln:gmIIPId>c38c01c9-9f45-4d65-8520-cf1b7418eb31</sln:gmIIPId><sln:gmIIPPn>PL.PZGIK.200</sln:gmIIPPn><sln:gmIIPWersja>2012-09-26T22:21:19+02:00</sln:gmIIPWersja><sln:gmIdTeryt>2813062</sln:gmIdTeryt><sln:gmNazwa>Wieliczki</sln:gmNazwa><sln:miejscIIPId>289bb14e-c903-4708-9404-6f4c49bd880b</sln:miejscIIPId><sln:miejscIIPPn>PL.PZGIK.200</sln:miejscIIPPn><sln:miejscIIPWersja>2016-11-24T12:34:44+02:00</sln:miejscIIPWersja><sln:miejscIdTeryt>0771766</sln:miejscIdTeryt><sln:miejscNazwa>Urbanki</sln:miejscNazwa><sln:miejscRodzaj>Wieś</sln:miejscRodzaj><sln:powIIPId>f788737b-a599-4e78-b366-8abf32d41060</sln:powIIPId><sln:powIIPPn>PL.PZGIK.200</sln:powIIPPn><sln:powIIPWersja>2012-09-27T10:00:59+02:00</sln:powIIPWersja><sln:powIdTeryt>2813</sln:powIdTeryt><sln:powNazwa>olecki</sln:powNazwa><sln:waznyOd>2013-09-24T00:00:00+02:00</sln:waznyOd><sln:wojIIPId>45e7cfc6-6d8b-42ff-acbd-ef1d0a53dacb</sln:wojIIPId><sln:wojIIPPn>PL.PZGIK.200</sln:wojIIPPn><sln:wojIIPWersja>2012-09-27T13:45:13+02:00</sln:wojIIPWersja><sln:wojIdTeryt>28</sln:wojIdTeryt><sln:wojNazwa>warmińsko-mazurskie</sln:wojNazwa></sln:miejscowosc><sln:miejscowosc><sln:cyklZyciaDo>2017-04-07T00:00:00+02:00</sln:cyklZyciaDo><sln:cyklZyciaOd>2015-08-12T00:00:00+02:00</sln:cyklZyciaOd><sln:gmIIPId>c38c01c9-9f45-4d65-8520-cf1b7418eb31</sln:gmIIPId><sln:gmIIPPn>PL.PZGIK.200</sln:gmIIPPn><sln:gmIIPWersja>2012-09-26T22:21:19+02:00</sln:gmIIPWersja><sln:gmIdTeryt>2813062</sln:gmIdTeryt><sln:gmNazwa>Wieliczki</sln:gmNazwa><sln:miejscIIPId>736a3056-62ad-4589-87a0-8d360d206f86</sln:miejscIIPId><sln:miejscIIPPn>PL.PZGIK.200</sln:miejscIIPPn><sln:miejscIIPWersja>2016-11-24T12:34:44+02:00</sln:miejscIIPWersja><sln:miejscIdTeryt>0771772</sln:miejscIdTeryt><sln:miejscNazwa>Wieliczki</sln:miejscNazwa><sln:miejscRodzaj>Wieś</sln:miejscRodzaj><sln:powIIPId>f788737b-a599-4e78-b366-8abf32d41060</sln:powIIPId><sln:powIIPPn>PL.PZGIK.200</sln:powIIPPn><sln:powIIPWersja>2012-09-27T10:00:59+02:00</sln:powIIPWersja><sln:powIdTeryt>2813</sln:powIdTeryt><sln:powNazwa>olecki</sln:powNazwa><sln:waznyOd>2013-09-24T00:00:00+02:00</sln:waznyOd><sln:wojIIPId>45e7cfc6-6d8b-42ff-acbd-ef1d0a53dacb</sln:wojIIPId><sln:wojIIPPn>PL.PZGIK.200</sln:wojIIPPn><sln:wojIIPWersja>2012-09-27T13:45:13+02:00</sln:wojIIPWersja><sln:wojIdTeryt>28</sln:wojIdTeryt><sln:wojNazwa>warmińsko-mazurskie</sln:wojNazwa></sln:miejscowosc><sln:miejscowosc><sln:cyklZyciaDo>2017-04-07T00:00:00+02:00</sln:cyklZyciaDo><sln:cyklZyciaOd>2015-08-12T00:00:00+02:00</sln:cyklZyciaOd><sln:gmIIPId>c38c01c9-9f45-4d65-8520-cf1b7418eb31</sln:gmIIPId><sln:gmIIPPn>PL.PZGIK.200</sln:gmIIPPn><sln:gmIIPWersja>2012-09-26T22:21:19+02:00</sln:gmIIPWersja><sln:gmIdTeryt>2813062</sln:gmIdTeryt><sln:gmNazwa>Wieliczki</sln:gmNazwa><sln:miejscIIPId>45143c08-6660-4d7f-9e9d-bc3533d82754</sln:miejscIIPId><sln:miejscIIPPn>PL.PZGIK.200</sln:miejscIIPPn><sln:miejscIIPWersja>2016-11-24T12:34:44+02:00</sln:miejscIIPWersja><sln:miejscIdTeryt>0771789</sln:miejscIdTeryt><sln:miejscNazwa>Wilkasy</sln:miejscNazwa><sln:miejscRodzaj>Wieś</sln:miejscRodzaj><sln:powIIPId>f788737b-a599-4e78-b366-8abf32d41060</sln:powIIPId><sln:powIIPPn>PL.PZGIK.200</sln:powIIPPn><sln:powIIPWersja>2012-09-27T10:00:59+02:00</sln:powIIPWersja><sln:powIdTeryt>2813</sln:powIdTeryt><sln:powNazwa>olecki</sln:powNazwa><sln:waznyOd>2013-09-24T00:00:00+02:00</sln:waznyOd><sln:wojIIPId>45e7cfc6-6d8b-42ff-acbd-ef1d0a53dacb</sln:wojIIPId><sln:wojIIPPn>PL.PZGIK.200</sln:wojIIPPn><sln:wojIIPWersja>2012-09-27T13:45:13+02:00</sln:wojIIPWersja><sln:wojIdTeryt>28</sln:wojIdTeryt><sln:wojNazwa>warmińsko-mazurskie</sln:wojNazwa></sln:miejscowosc><sln:miejscowosc><sln:cyklZyciaDo>2017-04-07T00:00:00+02:00</sln:cyklZyciaDo><sln:cyklZyciaOd>2015-08-12T00:00:00+02:00</sln:cyklZyciaOd><sln:gmIIPId>c38c01c9-9f45-4d65-8520-cf1b7418eb31</sln:gmIIPId><sln:gmIIPPn>PL.PZGIK.200</sln:gmIIPPn><sln:gmIIPWersja>2012-09-26T22:21:19+02:00</sln:gmIIPWersja><sln:gmIdTeryt>2813062</sln:gmIdTeryt><sln:gmNazwa>Wieliczki</sln:gmNazwa><sln:miejscIIPId>01053630-6b2f-4557-97d5-ce277403c011</sln:miejscIIPId><sln:miejscIIPPn>PL.PZGIK.200</sln:miejscIIPPn><sln:miejscIIPWersja>2016-11-24T12:34:44+02:00</sln:miejscIIPWersja><sln:miejscIdTeryt>0771795</sln:miejscIdTeryt><sln:miejscNazwa>Wojnasy</sln:miejscNazwa><sln:miejscRodzaj>Wieś</sln:miejscRodzaj><sln:powIIPId>f788737b-a599-4e78-b366-8abf32d41060</sln:powIIPId><sln:powIIPPn>PL.PZGIK.200</sln:powIIPPn><sln:powIIPWersja>2012-09-27T10:00:59+02:00</sln:powIIPWersja><sln:powIdTeryt>2813</sln:powIdTeryt><sln:powNazwa>olecki</sln:powNazwa><sln:waznyOd>2013-09-24T00:00:00+02:00</sln:waznyOd><sln:wojIIPId>45e7cfc6-6d8b-42ff-acbd-ef1d0a53dacb</sln:wojIIPId><sln:wojIIPPn>PL.PZGIK.200</sln:wojIIPPn><sln:wojIIPWersja>2012-09-27T13:45:13+02:00</sln:wojIIPWersja><sln:wojIdTeryt>28</sln:wojIdTeryt><sln:wojNazwa>warmińsko-mazurskie</sln:wojNazwa></sln:miejscowosc><sln:miejscowosc><sln:cyklZyciaOd>2017-04-07T00:00:00+02:00</sln:cyklZyciaOd><sln:gmIIPId>c38c01c9-9f45-4d65-8520-cf1b7418eb31</sln:gmIIPId><sln:gmIIPPn>PL.PZGIK.200</sln:gmIIPPn><sln:gmIIPWersja>2012-09-26T22:21:19+02:00</sln:gmIIPWersja><sln:gmIdTeryt>2813062</sln:gmIdTeryt><sln:gmNazwa>Wieliczki</sln:gmNazwa><sln:miejscIIPId>264f225d-6530-4975-a339-72249e32e660</sln:miejscIIPId><sln:miejscIIPPn>PL.PZGIK.200</sln:miejscIIPPn><sln:miejscIIPWersja>2017-04-07T09:05:53+02:00</sln:miejscIIPWersja><sln:miejscIdTeryt>0771460</sln:miejscIdTeryt><sln:miejscNazwa>Cimochy</sln:miejscNazwa><sln:miejscRodzaj>Wieś</sln:miejscRodzaj><sln:powIIPId>f788737b-a599-4e78-b366-8abf32d41060</sln:powIIPId><sln:powIIPPn>PL.PZGIK.200</sln:powIIPPn><sln:powIIPWersja>2012-09-27T10:00:59+02:00</sln:powIIPWersja><sln:powIdTeryt>2813</sln:powIdTeryt><sln:powNazwa>olecki</sln:powNazwa><sln:waznyOd>2013-09-24T00:00:00+02:00</sln:waznyOd><sln:wojIIPId>45e7cfc6-6d8b-42ff-acbd-ef1d0a53dacb</sln:wojIIPId><sln:wojIIPPn>PL.PZGIK.200</sln:wojIIPPn><sln:wojIIPWersja>2012-09-27T13:45:13+02:00</sln:wojIIPWersja><sln:wojIdTeryt>28</sln:wojIdTeryt><sln:wojNazwa>warmińsko-mazurskie</sln:wojNazwa></sln:miejscowosc><sln:miejscowosc><sln:cyklZyciaOd>2017-04-07T00:00:00+02:00</sln:cyklZyciaOd><sln:gmIIPId>c38c01c9-9f45-4d65-8520-cf1b7418eb31</sln:gmIIPId><sln:gmIIPPn>PL.PZGIK.200</sln:gmIIPPn><sln:gmIIPWersja>2012-09-26T22:21:19+02:00</sln:gmIIPWersja><sln:gmIdTeryt>2813062</sln:gmIdTeryt><sln:gmNazwa>Wieliczki</sln:gmNazwa><sln:miejscIIPId>8f726bd6-fe52-4963-a24b-5baeb0c08308</sln:miejscIIPId><sln:miejscIIPPn>PL.PZGIK.200</sln:miejscIIPPn><sln:miejscIIPWersja>2017-04-07T09:06:00+02:00</sln:miejscIIPWersja><sln:miejscIdTeryt>0771476</sln:miejscIdTeryt><sln:miejscNazwa>Cimoszki</sln:miejscNazwa><sln:miejscRodzaj>Wieś</sln:miejscRodzaj><sln:powIIPId>f788737b-a599-4e78-b366-8abf32d41060</sln:powIIPId><sln:powIIPPn>PL.PZGIK.200</sln:powIIPPn><sln:powIIPWersja>2012-09-27T10:00:59+02:00</sln:powIIPWersja><sln:powIdTeryt>2813</sln:powIdTeryt><sln:powNazwa>olecki</sln:powNazwa><sln:waznyOd>2013-09-24T00:00:00+02:00</sln:waznyOd><sln:wojIIPId>45e7cfc6-6d8b-42ff-acbd-ef1d0a53dacb</sln:wojIIPId><sln:wojIIPPn>PL.PZGIK.200</sln:wojIIPPn><sln:wojIIPWersja>2012-09-27T13:45:13+02:00</sln:wojIIPWersja><sln:wojIdTeryt>28</sln:wojIdTeryt><sln:wojNazwa>warmińsko-mazurskie</sln:wojNazwa></sln:miejscowosc><sln:miejscowosc><sln:cyklZyciaOd>2017-04-07T00:00:00+02:00</sln:cyklZyciaOd><sln:gmIIPId>c38c01c9-9f45-4d65-8520-cf1b7418eb31</sln:gmIIPId><sln:gmIIPPn>PL.PZGIK.200</sln:gmIIPPn><sln:gmIIPWersja>2012-09-26T22:21:19+02:00</sln:gmIIPWersja><sln:gmIdTeryt>2813062</sln:gmIdTeryt><sln:gmNazwa>Wieliczki</sln:gmNazwa><sln:miejscIIPId>37481aac-fcd3-4a0f-93f9-91e5634a9400</sln:miejscIIPId><sln:miejscIIPPn>PL.PZGIK.200</sln:miejscIIPPn><sln:miejscIIPWersja>2017-04-07T09:06:00+02:00</sln:miejscIIPWersja><sln:miejscIdTeryt>0771482</sln:miejscIdTeryt><sln:miejscNazwa>Gąsiorowo</sln:miejscNazwa><sln:miejscRodzaj>Wieś</sln:miejscRodzaj><sln:powIIPId>f788737b-a599-4e78-b366-8abf32d41060</sln:powIIPId><sln:powIIPPn>PL.PZGIK.200</sln:powIIPPn><sln:powIIPWersja>2012-09-27T10:00:59+02:00</sln:powIIPWersja><sln:powIdTeryt>2813</sln:powIdTeryt><sln:powNazwa>olecki</sln:powNazwa><sln:waznyOd>2013-09-24T00:00:00+02:00</sln:waznyOd><sln:wojIIPId>45e7cfc6-6d8b-42ff-acbd-ef1d0a53dacb</sln:wojIIPId><sln:wojIIPPn>PL.PZGIK.200</sln:wojIIPPn><sln:wojIIPWersja>2012-09-27T13:45:13+02:00</sln:wojIIPWersja><sln:wojIdTeryt>28</sln:wojIdTeryt><sln:wojNazwa>warmińsko-mazurskie</sln:wojNazwa></sln:miejscowosc><sln:miejscowosc><sln:cyklZyciaOd>2017-04-07T00:00:00+02:00</sln:cyklZyciaOd><sln:gmIIPId>c38c01c9-9f45-4d65-8520-cf1b7418eb31</sln:gmIIPId><sln:gmIIPPn>PL.PZGIK.200</sln:gmIIPPn><sln:gmIIPWersja>2012-09-26T22:21:19+02:00</sln:gmIIPWersja><sln:gmIdTeryt>2813062</sln:gmIdTeryt><sln:gmNazwa>Wieliczki</sln:gmNazwa><sln:miejscIIPId>8e66c274-d076-4483-8cb0-202d832d75bc</sln:miejscIIPId><sln:miejscIIPPn>PL.PZGIK.200</sln:miejscIIPPn><sln:miejscIIPWersja>2017-04-07T09:06:00+02:00</sln:miejscIIPWersja><sln:miejscIdTeryt>0771499</sln:miejscIdTeryt><sln:miejscNazwa>Gąsiorówko</sln:miejscNazwa><sln:miejscRodzaj>Osada</sln:miejscRodzaj><sln:powIIPId>f788737b-a599-4e78-b366-8abf32d41060</sln:powIIPId><sln:powIIPPn>PL.PZGIK.200</sln:powIIPPn><sln:powIIPWersja>2012-09-27T10:00:59+02:00</sln:powIIPWersja><sln:powIdTeryt>2813</sln:powIdTeryt><sln:powNazwa>olecki</sln:powNazwa><sln:waznyOd>2013-10-09T00:00:00+02:00</sln:waznyOd><sln:wojIIPId>45e7cfc6-6d8b-42ff-acbd-ef1d0a53dacb</sln:wojIIPId><sln:wojIIPPn>PL.PZGIK.200</sln:wojIIPPn><sln:wojIIPWersja>2012-09-27T13:45:13+02:00</sln:wojIIPWersja><sln:wojIdTeryt>28</sln:wojIdTeryt><sln:wojNazwa>warmińsko-mazurskie</sln:wojNazwa></sln:miejscowosc><sln:miejscowosc><sln:cyklZyciaOd>2017-04-07T00:00:00+02:00</sln:cyklZyciaOd><sln:gmIIPId>c38c01c9-9f45-4d65-8520-cf1b7418eb31</sln:gmIIPId><sln:gmIIPPn>PL.PZGIK.200</sln:gmIIPPn><sln:gmIIPWersja>2012-09-26T22:21:19+02:00</sln:gmIIPWersja><sln:gmIdTeryt>2813062</sln:gmIdTeryt><sln:gmNazwa>Wieliczki</sln:gmNazwa><sln:miejscIIPId>7286be20-7d07-42d7-9018-9c10b3a74829</sln:miejscIIPId><sln:miejscIIPPn>PL.PZGIK.200</sln:miejscIIPPn><sln:miejscIIPWersja>2017-04-07T09:06:00+02:00</sln:miejscIIPWersja><sln:miejscIdTeryt>0771507</sln:miejscIdTeryt><sln:miejscNazwa>Godziejewo</sln:miejscNazwa><sln:miejscRodzaj>Wieś</sln:miejscRodzaj><sln:powIIPId>f788737b-a599-4e78-b366-8abf32d41060</sln:powIIPId><sln:powIIPPn>PL.PZGIK.200</sln:powIIPPn><sln:powIIPWersja>2012-09-27T10:00:59+02:00</sln:powIIPWersja><sln:powIdTeryt>2813</sln:powIdTeryt><sln:powNazwa>olecki</sln:powNazwa><sln:waznyOd>2013-09-24T00:00:00+02:00</sln:waznyOd><sln:wojIIPId>45e7cfc6-6d8b-42ff-acbd-ef1d0a53dacb</sln:wojIIPId><sln:wojIIPPn>PL.PZGIK.200</sln:wojIIPPn><sln:wojIIPWersja>2012-09-27T13:45:13+02:00</sln:wojIIPWersja><sln:wojIdTeryt>28</sln:wojIdTeryt><sln:wojNazwa>warmińsko-mazurskie</sln:wojNazwa></sln:miejscowosc><sln:miejscowosc><sln:cyklZyciaOd>2017-04-07T00:00:00+02:00</sln:cyklZyciaOd><sln:gmIIPId>c38c01c9-9f45-4d65-8520-cf1b7418eb31</sln:gmIIPId><sln:gmIIPPn>PL.PZGIK.200</sln:gmIIPPn><sln:gmIIPWersja>2012-09-26T22:21:19+02:00</sln:gmIIPWersja><sln:gmIdTeryt>2813062</sln:gmIdTeryt><sln:gmNazwa>Wieliczki</sln:gmNazwa><sln:miejscIIPId>03803cfa-2a2e-4df4-b692-99d46332146c</sln:miejscIIPId><sln:miejscIIPPn>PL.PZGIK.200</sln:miejscIIPPn><sln:miejscIIPWersja>2017-04-07T09:06:00+02:00</sln:miejscIIPWersja><sln:miejscIdTeryt>0771513</sln:miejscIdTeryt><sln:miejscNazwa>Krzyżewko</sln:miejscNazwa><sln:miejscRodzaj>Wieś</sln:miejscRodzaj><sln:powIIPId>f788737b-a599-4e78-b366-8abf32d41060</sln:powIIPId><sln:powIIPPn>PL.PZGIK.200</sln:powIIPPn><sln:powIIPWersja>2012-09-27T10:00:59+02:00</sln:powIIPWersja><sln:powIdTeryt>2813</sln:powIdTeryt><sln:powNazwa>olecki</sln:powNazwa><sln:waznyOd>2013-09-24T00:00:00+02:00</sln:waznyOd><sln:wojIIPId>45e7cfc6-6d8b-42ff-acbd-ef1d0a53dacb</sln:wojIIPId><sln:wojIIPPn>PL.PZGIK.200</sln:wojIIPPn><sln:wojIIPWersja>2012-09-27T13:45:13+02:00</sln:wojIIPWersja><sln:wojIdTeryt>28</sln:wojIdTeryt><sln:wojNazwa>warmińsko-mazurskie</sln:wojNazwa></sln:miejscowosc><sln:miejscowosc><sln:cyklZyciaOd>2017-04-07T00:00:00+02:00</sln:cyklZyciaOd><sln:gmIIPId>c38c01c9-9f45-4d65-8520-cf1b7418eb31</sln:gmIIPId><sln:gmIIPPn>PL.PZGIK.200</sln:gmIIPPn><sln:gmIIPWersja>2012-09-26T22:21:19+02:00</sln:gmIIPWersja><sln:gmIdTeryt>2813062</sln:gmIdTeryt><sln:gmNazwa>Wieliczki</sln:gmNazwa><sln:miejscIIPId>11d84ec5-2d59-48bd-ac3a-0000cf92a5bd</sln:miejscIIPId><sln:miejscIIPPn>PL.PZGIK.200</sln:miejscIIPPn><sln:miejscIIPWersja>2017-04-07T09:06:00+02:00</sln:miejscIIPWersja><sln:miejscIdTeryt>0771520</sln:miejscIdTeryt><sln:miejscNazwa>Guty</sln:miejscNazwa><sln:miejscRodzaj>Wieś</sln:miejscRodzaj><sln:powIIPId>f788737b-a599-4e78-b366-8abf32d41060</sln:powIIPId><sln:powIIPPn>PL.PZGIK.200</sln:powIIPPn><sln:powIIPWersja>2012-09-27T10:00:59+02:00</sln:powIIPWersja><sln:powIdTeryt>2813</sln:powIdTeryt><sln:powNazwa>olecki</sln:powNazwa><sln:waznyOd>2013-09-24T00:00:00+02:00</sln:waznyOd><sln:wojIIPId>45e7cfc6-6d8b-42ff-acbd-ef1d0a53dacb</sln:wojIIPId><sln:wojIIPPn>PL.PZGIK.200</sln:wojIIPPn><sln:wojIIPWersja>2012-09-27T13:45:13+02:00</sln:wojIIPWersja><sln:wojIdTeryt>28</sln:wojIdTeryt><sln:wojNazwa>warmińsko-mazurskie</sln:wojNazwa></sln:miejscowosc><sln:miejscowosc><sln:cyklZyciaOd>2017-04-07T00:00:00+02:00</sln:cyklZyciaOd><sln:gmIIPId>c38c01c9-9f45-4d65-8520-cf1b7418eb31</sln:gmIIPId><sln:gmIIPPn>PL.PZGIK.200</sln:gmIIPPn><sln:gmIIPWersja>2012-09-26T22:21:19+02:00</sln:gmIIPWersja><sln:gmIdTeryt>2813062</sln:gmIdTeryt><sln:gmNazwa>Wieliczki</sln:gmNazwa><sln:miejscIIPId>289e8190-8d2a-46d5-a69d-a542f6220195</sln:miejscIIPId><sln:miejscIIPPn>PL.PZGIK.200</sln:miejscIIPPn><sln:miejscIIPWersja>2017-04-07T09:06:00+02:00</sln:miejscIIPWersja><sln:miejscIdTeryt>0771542</sln:miejscIdTeryt><sln:miejscNazwa>Jelitki</sln:miejscNazwa><sln:miejscRodzaj>Wieś</sln:miejscRodzaj><sln:powIIPId>f788737b-a599-4e78-b366-8abf32d41060</sln:powIIPId><sln:powIIPPn>PL.PZGIK.200</sln:powIIPPn><sln:powIIPWersja>2012-09-27T10:00:59+02:00</sln:powIIPWersja><sln:powIdTeryt>2813</sln:powIdTeryt><sln:powNazwa>olecki</sln:powNazwa><sln:waznyOd>2013-09-24T00:00:00+02:00</sln:waznyOd><sln:wojIIPId>45e7cfc6-6d8b-42ff-acbd-ef1d0a53dacb</sln:wojIIPId><sln:wojIIPPn>PL.PZGIK.200</sln:wojIIPPn><sln:wojIIPWersja>2012-09-27T13:45:13+02:00</sln:wojIIPWersja><sln:wojIdTeryt>28</sln:wojIdTeryt><sln:wojNazwa>warmińsko-mazurskie</sln:wojNazwa></sln:miejscowosc><sln:miejscowosc><sln:cyklZyciaOd>2017-04-07T00:00:00+02:00</sln:cyklZyciaOd><sln:gmIIPId>c38c01c9-9f45-4d65-8520-cf1b7418eb31</sln:gmIIPId><sln:gmIIPPn>PL.PZGIK.200</sln:gmIIPPn><sln:gmIIPWersja>2012-09-26T22:21:19+02:00</sln:gmIIPWersja><sln:gmIdTeryt>2813062</sln:gmIdTeryt><sln:gmNazwa>Wieliczki</sln:gmNazwa><sln:miejscIIPId>6d4fc743-a014-411d-b5d5-cd10d5d146f6</sln:miejscIIPId><sln:miejscIIPPn>PL.PZGIK.200</sln:miejscIIPPn><sln:miejscIIPWersja>2017-04-07T09:06:00+02:00</sln:miejscIIPWersja><sln:miejscIdTeryt>0771559</sln:miejscIdTeryt><sln:miejscNazwa>Kleszczewo</sln:miejscNazwa><sln:miejscRodzaj>Wieś</sln:miejscRodzaj><sln:powIIPId>f788737b-a599-4e78-b366-8abf32d41060</sln:powIIPId><sln:powIIPPn>PL.PZGIK.200</sln:powIIPPn><sln:powIIPWersja>2012-09-27T10:00:59+02:00</sln:powIIPWersja><sln:powIdTeryt>2813</sln:powIdTeryt><sln:powNazwa>olecki</sln:powNazwa><sln:waznyOd>2013-09-24T00:00:00+02:00</sln:waznyOd><sln:wojIIPId>45e7cfc6-6d8b-42ff-acbd-ef1d0a53dacb</sln:wojIIPId><sln:wojIIPPn>PL.PZGIK.200</sln:wojIIPPn><sln:wojIIPWersja>2012-09-27T13:45:13+02:00</sln:wojIIPWersja><sln:wojIdTeryt>28</sln:wojIdTeryt><sln:wojNazwa>warmińsko-mazurskie</sln:wojNazwa></sln:miejscowosc><sln:miejscowosc><sln:cyklZyciaOd>2017-04-07T00:00:00+02:00</sln:cyklZyciaOd><sln:gmIIPId>c38c01c9-9f45-4d65-8520-cf1b7418eb31</sln:gmIIPId><sln:gmIIPPn>PL.PZGIK.200</sln:gmIIPPn><sln:gmIIPWersja>2012-09-26T22:21:19+02:00</sln:gmIIPWersja><sln:gmIdTeryt>2813062</sln:gmIdTeryt><sln:gmNazwa>Wieliczki</sln:gmNazwa><sln:miejscIIPId>7088d079-17f3-43ec-a57b-42cc7db6aa17</sln:miejscIIPId><sln:miejscIIPPn>PL.PZGIK.200</sln:miejscIIPPn><sln:miejscIIPWersja>2017-04-07T09:06:00+02:00</sln:miejscIIPWersja><sln:miejscIdTeryt>0771565</sln:miejscIdTeryt><sln:miejscNazwa>Krupin</sln:miejscNazwa><sln:miejscRodzaj>Wieś</sln:miejscRodzaj><sln:powIIPId>f788737b-a599-4e78-b366-8abf32d41060</sln:powIIPId><sln:powIIPPn>PL.PZGIK.200</sln:powIIPPn><sln:powIIPWersja>2012-09-27T10:00:59+02:00</sln:powIIPWersja><sln:powIdTeryt>2813</sln:powIdTeryt><sln:powNazwa>olecki</sln:powNazwa><sln:waznyOd>2013-09-24T00:00:00+02:00</sln:waznyOd><sln:wojIIPId>45e7cfc6-6d8b-42ff-acbd-ef1d0a53dacb</sln:wojIIPId><sln:wojIIPPn>PL.PZGIK.200</sln:wojIIPPn><sln:wojIIPWersja>2012-09-27T13:45:13+02:00</sln:wojIIPWersja><sln:wojIdTeryt>28</sln:wojIdTeryt><sln:wojNazwa>warmińsko-mazurskie</sln:wojNazwa></sln:miejscowosc><sln:miejscowosc><sln:cyklZyciaOd>2017-04-07T00:00:00+02:00</sln:cyklZyciaOd><sln:gmIIPId>c38c01c9-9f45-4d65-8520-cf1b7418eb31</sln:gmIIPId><sln:gmIIPPn>PL.PZGIK.200</sln:gmIIPPn><sln:gmIIPWersja>2012-09-26T22:21:19+02:00</sln:gmIIPWersja><sln:gmIdTeryt>2813062</sln:gmIdTeryt><sln:gmNazwa>Wieliczki</sln:gmNazwa><sln:miejscIIPId>d62f5f04-8c1c-445e-a0d9-069af86d4265</sln:miejscIIPId><sln:miejscIIPPn>PL.PZGIK.200</sln:miejscIIPPn><sln:miejscIIPWersja>2017-04-07T09:06:01+02:00</sln:miejscIIPWersja><sln:miejscIdTeryt>0771571</sln:miejscIdTeryt><sln:miejscNazwa>Małe Olecko</sln:miejscNazwa><sln:miejscRodzaj>Wieś</sln:miejscRodzaj><sln:powIIPId>f788737b-a599-4e78-b366-8abf32d41060</sln:powIIPId><sln:powIIPPn>PL.PZGIK.200</sln:powIIPPn><sln:powIIPWersja>2012-09-27T10:00:59+02:00</sln:powIIPWersja><sln:powIdTeryt>2813</sln:powIdTeryt><sln:powNazwa>olecki</sln:powNazwa><sln:waznyOd>2013-09-24T00:00:00+02:00</sln:waznyOd><sln:wojIIPId>45e7cfc6-6d8b-42ff-acbd-ef1d0a53dacb</sln:wojIIPId><sln:wojIIPPn>PL.PZGIK.200</sln:wojIIPPn><sln:wojIIPWersja>2012-09-27T13:45:13+02:00</sln:wojIIPWersja><sln:wojIdTeryt>28</sln:wojIdTeryt><sln:wojNazwa>warmińsko-mazurskie</sln:wojNazwa></sln:miejscowosc><sln:miejscowosc><sln:cyklZyciaOd>2017-04-07T00:00:00+02:00</sln:cyklZyciaOd><sln:gmIIPId>c38c01c9-9f45-4d65-8520-cf1b7418eb31</sln:gmIIPId><sln:gmIIPPn>PL.PZGIK.200</sln:gmIIPPn><sln:gmIIPWersja>2012-09-26T22:21:19+02:00</sln:gmIIPWersja><sln:gmIdTeryt>2813062</sln:gmIdTeryt><sln:gmNazwa>Wieliczki</sln:gmNazwa><sln:miejscIIPId>c7489f67-d27e-43c5-a1b8-762cf19e8799</sln:miejscIIPId><sln:miejscIIPPn>PL.PZGIK.200</sln:miejscIIPPn><sln:miejscIIPWersja>2017-04-07T09:06:01+02:00</sln:miejscIIPWersja><sln:miejscIdTeryt>0771594</sln:miejscIdTeryt><sln:miejscNazwa>Markowskie</sln:miejscNazwa><sln:miejscRodzaj>Wieś</sln:miejscRodzaj><sln:powIIPId>f788737b-a599-4e78-b366-8abf32d41060</sln:powIIPId><sln:powIIPPn>PL.PZGIK.200</sln:powIIPPn><sln:powIIPWersja>2012-09-27T10:00:59+02:00</sln:powIIPWersja><sln:powIdTeryt>2813</sln:powIdTeryt><sln:powNazwa>olecki</sln:powNazwa><sln:waznyOd>2013-09-24T00:00:00+02:00</sln:waznyOd><sln:wojIIPId>45e7cfc6-6d8b-42ff-acbd-ef1d0a53dacb</sln:wojIIPId><sln:wojIIPPn>PL.PZGIK.200</sln:wojIIPPn><sln:wojIIPWersja>2012-09-27T13:45:13+02:00</sln:wojIIPWersja><sln:wojIdTeryt>28</sln:wojIdTeryt><sln:wojNazwa>warmińsko-mazurskie</sln:wojNazwa></sln:miejscowosc><sln:miejscowosc><sln:cyklZyciaOd>2017-04-07T00:00:00+02:00</sln:cyklZyciaOd><sln:gmIIPId>c38c01c9-9f45-4d65-8520-cf1b7418eb31</sln:gmIIPId><sln:gmIIPPn>PL.PZGIK.200</sln:gmIIPPn><sln:gmIIPWersja>2012-09-26T22:21:19+02:00</sln:gmIIPWersja><sln:gmIdTeryt>2813062</sln:gmIdTeryt><sln:gmNazwa>Wieliczki</sln:gmNazwa><sln:miejscIIPId>1d849b8b-5d44-413a-beee-5f51569a9844</sln:miejscIIPId><sln:miejscIIPPn>PL.PZGIK.200</sln:miejscIIPPn><sln:miejscIIPWersja>2017-04-07T09:06:01+02:00</sln:miejscIIPWersja><sln:miejscIdTeryt>0771602</sln:miejscIdTeryt><sln:miejscNazwa>Niedźwiedzkie</sln:miejscNazwa><sln:miejscRodzaj>Wieś</sln:miejscRodzaj><sln:powIIPId>f788737b-a599-4e78-b366-8abf32d41060</sln:powIIPId><sln:powIIPPn>PL.PZGIK.200</sln:powIIPPn><sln:powIIPWersja>2012-09-27T10:00:59+02:00</sln:powIIPWersja><sln:powIdTeryt>2813</sln:powIdTeryt><sln:powNazwa>olecki</sln:powNazwa><sln:waznyOd>2013-09-24T00:00:00+02:00</sln:waznyOd><sln:wojIIPId>45e7cfc6-6d8b-42ff-acbd-ef1d0a53dacb</sln:wojIIPId><sln:wojIIPPn>PL.PZGIK.200</sln:wojIIPPn><sln:wojIIPWersja>2012-09-27T13:45:13+02:00</sln:wojIIPWersja><sln:wojIdTeryt>28</sln:wojIdTeryt><sln:wojNazwa>warmińsko-mazurskie</sln:wojNazwa></sln:miejscowosc><sln:miejscowosc><sln:cyklZyciaOd>2017-04-07T00:00:00+02:00</sln:cyklZyciaOd><sln:gmIIPId>c38c01c9-9f45-4d65-8520-cf1b7418eb31</sln:gmIIPId><sln:gmIIPPn>PL.PZGIK.200</sln:gmIIPPn><sln:gmIIPWersja>2012-09-26T22:21:19+02:00</sln:gmIIPWersja><sln:gmIdTeryt>2813062</sln:gmIdTeryt><sln:gmNazwa>Wieliczki</sln:gmNazwa><sln:miejscIIPId>933a1632-92b5-416d-87a8-5d3b620cb10f</sln:miejscIIPId><sln:miejscIIPPn>PL.PZGIK.200</sln:miejscIIPPn><sln:miejscIIPWersja>2017-04-07T09:06:01+02:00</sln:miejscIIPWersja><sln:miejscIdTeryt>0771619</sln:miejscIdTeryt><sln:miejscNazwa>Nory</sln:miejscNazwa><sln:miejscRodzaj>Osada</sln:miejscRodzaj><sln:powIIPId>f788737b-a599-4e78-b366-8abf32d41060</sln:powIIPId><sln:powIIPPn>PL.PZGIK.200</sln:powIIPPn><sln:powIIPWersja>2012-09-27T10:00:59+02:00</sln:powIIPWersja><sln:powIdTeryt>2813</sln:powIdTeryt><sln:powNazwa>olecki</sln:powNazwa><sln:waznyOd>2013-09-24T00:00:00+02:00</sln:waznyOd><sln:wojIIPId>45e7cfc6-6d8b-42ff-acbd-ef1d0a53dacb</sln:wojIIPId><sln:wojIIPPn>PL.PZGIK.200</sln:wojIIPPn><sln:wojIIPWersja>2012-09-27T13:45:13+02:00</sln:wojIIPWersja><sln:wojIdTeryt>28</sln:wojIdTeryt><sln:wojNazwa>warmińsko-mazurskie</sln:wojNazwa></sln:miejscowosc><sln:miejscowosc><sln:cyklZyciaOd>2017-04-07T00:00:00+02:00</sln:cyklZyciaOd><sln:gmIIPId>c38c01c9-9f45-4d65-8520-cf1b7418eb31</sln:gmIIPId><sln:gmIIPPn>PL.PZGIK.200</sln:gmIIPPn><sln:gmIIPWersja>2012-09-26T22:21:19+02:00</sln:gmIIPWersja><sln:gmIdTeryt>2813062</sln:gmIdTeryt><sln:gmNazwa>Wieliczki</sln:gmNazwa><sln:miejscIIPId>aa1f6640-0db3-4dbc-8959-fbda68d5b215</sln:miejscIIPId><sln:miejscIIPPn>PL.PZGIK.200</sln:miejscIIPPn><sln:miejscIIPWersja>2017-04-07T09:06:01+02:00</sln:miejscIIPWersja><sln:miejscIdTeryt>0771625</sln:miejscIdTeryt><sln:miejscNazwa>Bartkowski Dwór</sln:miejscNazwa><sln:miejscRodzaj>Osada</sln:miejscRodzaj><sln:powIIPId>f788737b-a599-4e78-b366-8abf32d41060</sln:powIIPId><sln:powIIPPn>PL.PZGIK.200</sln:powIIPPn><sln:powIIPWersja>2012-09-27T10:00:59+02:00</sln:powIIPWersja><sln:powIdTeryt>2813</sln:powIdTeryt><sln:powNazwa>olecki</sln:powNazwa><sln:waznyOd>2013-10-09T00:00:00+02:00</sln:waznyOd><sln:wojIIPId>45e7cfc6-6d8b-42ff-acbd-ef1d0a53dacb</sln:wojIIPId><sln:wojIIPPn>PL.PZGIK.200</sln:wojIIPPn><sln:wojIIPWersja>2012-09-27T13:45:13+02:00</sln:wojIIPWersja><sln:wojIdTeryt>28</sln:wojIdTeryt><sln:wojNazwa>warmińsko-mazurskie</sln:wojNazwa></sln:miejscowosc><sln:miejscowosc><sln:cyklZyciaOd>2017-04-07T00:00:00+02:00</sln:cyklZyciaOd><sln:gmIIPId>c38c01c9-9f45-4d65-8520-cf1b7418eb31</sln:gmIIPId><sln:gmIIPPn>PL.PZGIK.200</sln:gmIIPPn><sln:gmIIPWersja>2012-09-26T22:21:19+02:00</sln:gmIIPWersja><sln:gmIdTeryt>2813062</sln:gmIdTeryt><sln:gmNazwa>Wieliczki</sln:gmNazwa><sln:miejscIIPId>0b4f21eb-7fde-4c0f-b361-eb772a2ff3bd</sln:miejscIIPId><sln:miejscIIPPn>PL.PZGIK.200</sln:miejscIIPPn><sln:miejscIIPWersja>2017-04-07T09:06:01+02:00</sln:miejscIIPWersja><sln:miejscIdTeryt>0771631</sln:miejscIdTeryt><sln:miejscNazwa>Norki</sln:miejscNazwa><sln:miejscRodzaj>Osada</sln:miejscRodzaj><sln:powIIPId>f788737b-a599-4e78-b366-8abf32d41060</sln:powIIPId><sln:powIIPPn>PL.PZGIK.200</sln:powIIPPn><sln:powIIPWersja>2012-09-27T10:00:59+02:00</sln:powIIPWersja><sln:powIdTeryt>2813</sln:powIdTeryt><sln:powNazwa>olecki</sln:powNazwa><sln:waznyOd>2013-10-09T00:00:00+02:00</sln:waznyOd><sln:wojIIPId>45e7cfc6-6d8b-42ff-acbd-ef1d0a53dacb</sln:wojIIPId><sln:wojIIPPn>PL.PZGIK.200</sln:wojIIPPn><sln:wojIIPWersja>2012-09-27T13:45:13+02:00</sln:wojIIPWersja><sln:wojIdTeryt>28</sln:wojIdTeryt><sln:wojNazwa>warmińsko-mazurskie</sln:wojNazwa></sln:miejscowosc><sln:miejscowosc><sln:cyklZyciaOd>2017-04-07T00:00:00+02:00</sln:cyklZyciaOd><sln:gmIIPId>c38c01c9-9f45-4d65-8520-cf1b7418eb31</sln:gmIIPId><sln:gmIIPPn>PL.PZGIK.200</sln:gmIIPPn><sln:gmIIPWersja>2012-09-26T22:21:19+02:00</sln:gmIIPWersja><sln:gmIdTeryt>2813062</sln:gmIdTeryt><sln:gmNazwa>Wieliczki</sln:gmNazwa><sln:miejscIIPId>d3c4de43-6cee-4b25-94b7-5a6468b949b2</sln:miejscIIPId><sln:miejscIIPPn>PL.PZGIK.200</sln:miejscIIPPn><sln:miejscIIPWersja>2017-04-07T09:06:01+02:00</sln:miejscIIPWersja><sln:miejscIdTeryt>0771648</sln:miejscIdTeryt><sln:miejscNazwa>Nowe Raczki</sln:miejscNazwa><sln:miejscRodzaj>Wieś</sln:miejscRodzaj><sln:powIIPId>f788737b-a599-4e78-b366-8abf32d41060</sln:powIIPId><sln:powIIPPn>PL.PZGIK.200</sln:powIIPPn><sln:powIIPWersja>2012-09-27T10:00:59+02:00</sln:powIIPWersja><sln:powIdTeryt>2813</sln:powIdTeryt><sln:powNazwa>olecki</sln:powNazwa><sln:waznyOd>2013-09-24T00:00:00+02:00</sln:waznyOd><sln:wojIIPId>45e7cfc6-6d8b-42ff-acbd-ef1d0a53dacb</sln:wojIIPId><sln:wojIIPPn>PL.PZGIK.200</sln:wojIIPPn><sln:wojIIPWersja>2012-09-27T13:45:13+02:00</sln:wojIIPWersja><sln:wojIdTeryt>28</sln:wojIdTeryt><sln:wojNazwa>warmińsko-mazurskie</sln:wojNazwa></sln:miejscowosc><sln:miejscowosc><sln:cyklZyciaOd>2017-04-07T00:00:00+02:00</sln:cyklZyciaOd><sln:gmIIPId>c38c01c9-9f45-4d65-8520-cf1b7418eb31</sln:gmIIPId><sln:gmIIPPn>PL.PZGIK.200</sln:gmIIPPn><sln:gmIIPWersja>2012-09-26T22:21:19+02:00</sln:gmIIPWersja><sln:gmIdTeryt>2813062</sln:gmIdTeryt><sln:gmNazwa>Wieliczki</sln:gmNazwa><sln:miejscIIPId>6f29eb4d-3aae-482e-bedd-5f317c4d7697</sln:miejscIIPId><sln:miejscIIPPn>PL.PZGIK.200</sln:miejscIIPPn><sln:miejscIIPWersja>2017-04-07T09:06:01+02:00</sln:miejscIIPWersja><sln:miejscIdTeryt>0771654</sln:miejscIdTeryt><sln:miejscNazwa>Nowy Młyn</sln:miejscNazwa><sln:miejscRodzaj>Osada</sln:miejscRodzaj><sln:powIIPId>f788737b-a599-4e78-b366-8abf32d41060</sln:powIIPId><sln:powIIPPn>PL.PZGIK.200</sln:powIIPPn><sln:powIIPWersja>2012-09-27T10:00:59+02:00</sln:powIIPWersja><sln:powIdTeryt>2813</sln:powIdTeryt><sln:powNazwa>olecki</sln:powNazwa><sln:waznyOd>2013-10-09T00:00:00+02:00</sln:waznyOd><sln:wojIIPId>45e7cfc6-6d8b-42ff-acbd-ef1d0a53dacb</sln:wojIIPId><sln:wojIIPPn>PL.PZGIK.200</sln:wojIIPPn><sln:wojIIPWersja>2012-09-27T13:45:13+02:00</sln:wojIIPWersja><sln:wojIdTeryt>28</sln:wojIdTeryt><sln:wojNazwa>warmińsko-mazurskie</sln:wojNazwa></sln:miejscowosc><sln:miejscowosc><sln:cyklZyciaOd>2017-04-07T00:00:00+02:00</sln:cyklZyciaOd><sln:gmIIPId>c38c01c9-9f45-4d65-8520-cf1b7418eb31</sln:gmIIPId><sln:gmIIPPn>PL.PZGIK.200</sln:gmIIPPn><sln:gmIIPWersja>2012-09-26T22:21:19+02:00</sln:gmIIPWersja><sln:gmIdTeryt>2813062</sln:gmIdTeryt><sln:gmNazwa>Wieliczki</sln:gmNazwa><sln:miejscIIPId>4a2f6ec3-bcb9-470d-9cc6-3d0957a77518</sln:miejscIIPId><sln:miejscIIPPn>PL.PZGIK.200</sln:miejscIIPPn><sln:miejscIIPWersja>2017-04-07T09:06:01+02:00</sln:miejscIIPWersja><sln:miejscIdTeryt>0771660</sln:miejscIdTeryt><sln:miejscNazwa>Puchówka</sln:miejscNazwa><sln:miejscRodzaj>Wieś</sln:miejscRodzaj><sln:powIIPId>f788737b-a599-4e78-b366-8abf32d41060</sln:powIIPId><sln:powIIPPn>PL.PZGIK.200</sln:powIIPPn><sln:powIIPWersja>2012-09-27T10:00:59+02:00</sln:powIIPWersja><sln:powIdTeryt>2813</sln:powIdTeryt><sln:powNazwa>olecki</sln:powNazwa><sln:waznyOd>2013-09-24T00:00:00+02:00</sln:waznyOd><sln:wojIIPId>45e7cfc6-6d8b-42ff-acbd-ef1d0a53dacb</sln:wojIIPId><sln:wojIIPPn>PL.PZGIK.200</sln:wojIIPPn><sln:wojIIPWersja>2012-09-27T13:45:13+02:00</sln:wojIIPWersja><sln:wojIdTeryt>28</sln:wojIdTeryt><sln:wojNazwa>warmińsko-mazurskie</sln:wojNazwa></sln:miejscowosc><sln:miejscowosc><sln:cyklZyciaOd>2017-04-07T00:00:00+02:00</sln:cyklZyciaOd><sln:gmIIPId>c38c01c9-9f45-4d65-8520-cf1b7418eb31</sln:gmIIPId><sln:gmIIPPn>PL.PZGIK.200</sln:gmIIPPn><sln:gmIIPWersja>2012-09-26T22:21:19+02:00</sln:gmIIPWersja><sln:gmIdTeryt>2813062</sln:gmIdTeryt><sln:gmNazwa>Wieliczki</sln:gmNazwa><sln:miejscIIPId>1765c205-a4cc-4415-a25a-31f3b6f5a1cf</sln:miejscIIPId><sln:miejscIIPPn>PL.PZGIK.200</sln:miejscIIPPn><sln:miejscIIPWersja>2017-04-07T09:06:01+02:00</sln:miejscIIPWersja><sln:miejscIdTeryt>0771708</sln:miejscIdTeryt><sln:miejscNazwa>Rynie</sln:miejscNazwa><sln:miejscRodzaj>Wieś</sln:miejscRodzaj><sln:powIIPId>f788737b-a599-4e78-b366-8abf32d41060</sln:powIIPId><sln:powIIPPn>PL.PZGIK.200</sln:powIIPPn><sln:powIIPWersja>2012-09-27T10:00:59+02:00</sln:powIIPWersja><sln:powIdTeryt>2813</sln:powIdTeryt><sln:powNazwa>olecki</sln:powNazwa><sln:waznyOd>2013-09-24T00:00:00+02:00</sln:waznyOd><sln:wojIIPId>45e7cfc6-6d8b-42ff-acbd-ef1d0a53dacb</sln:wojIIPId><sln:wojIIPPn>PL.PZGIK.200</sln:wojIIPPn><sln:wojIIPWersja>2012-09-27T13:45:13+02:00</sln:wojIIPWersja><sln:wojIdTeryt>28</sln:wojIdTeryt><sln:wojNazwa>warmińsko-mazurskie</sln:wojNazwa></sln:miejscowosc><sln:miejscowosc><sln:cyklZyciaOd>2017-04-07T00:00:00+02:00</sln:cyklZyciaOd><sln:gmIIPId>c38c01c9-9f45-4d65-8520-cf1b7418eb31</sln:gmIIPId><sln:gmIIPPn>PL.PZGIK.200</sln:gmIIPPn><sln:gmIIPWersja>2012-09-26T22:21:19+02:00</sln:gmIIPWersja><sln:gmIdTeryt>2813062</sln:gmIdTeryt><sln:gmNazwa>Wieliczki</sln:gmNazwa><sln:miejscIIPId>bfff2ac5-30b7-4eb1-b9cd-cc341991de28</sln:miejscIIPId><sln:miejscIIPPn>PL.PZGIK.200</sln:miejscIIPPn><sln:miejscIIPWersja>2017-04-07T09:06:01+02:00</sln:miejscIIPWersja><sln:miejscIdTeryt>0771714</sln:miejscIdTeryt><sln:miejscNazwa>Sobole</sln:miejscNazwa><sln:miejscRodzaj>Wieś</sln:miejscRodzaj><sln:powIIPId>f788737b-a599-4e78-b366-8abf32d41060</sln:powIIPId><sln:powIIPPn>PL.PZGIK.200</sln:powIIPPn><sln:powIIPWersja>2012-09-27T10:00:59+02:00</sln:powIIPWersja><sln:powIdTeryt>2813</sln:powIdTeryt><sln:powNazwa>olecki</sln:powNazwa><sln:waznyOd>2013-09-24T00:00:00+02:00</sln:waznyOd><sln:wojIIPId>45e7cfc6-6d8b-42ff-acbd-ef1d0a53dacb</sln:wojIIPId><sln:wojIIPPn>PL.PZGIK.200</sln:wojIIPPn><sln:wojIIPWersja>2012-09-27T13:45:13+02:00</sln:wojIIPWersja><sln:wojIdTeryt>28</sln:wojIdTeryt><sln:wojNazwa>warmińsko-mazurskie</sln:wojNazwa></sln:miejscowosc><sln:miejscowosc><sln:cyklZyciaOd>2017-04-07T00:00:00+02:00</sln:cyklZyciaOd><sln:gmIIPId>c38c01c9-9f45-4d65-8520-cf1b7418eb31</sln:gmIIPId><sln:gmIIPPn>PL.PZGIK.200</sln:gmIIPPn><sln:gmIIPWersja>2012-09-26T22:21:19+02:00</sln:gmIIPWersja><sln:gmIdTeryt>2813062</sln:gmIdTeryt><sln:gmNazwa>Wieliczki</sln:gmNazwa><sln:miejscIIPId>b826bcd8-1cea-4b5f-9574-4357ef6a649c</sln:miejscIIPId><sln:miejscIIPPn>PL.PZGIK.200</sln:miejscIIPPn><sln:miejscIIPWersja>2017-04-07T09:06:01+02:00</sln:miejscIIPWersja><sln:miejscIdTeryt>0771720</sln:miejscIdTeryt><sln:miejscNazwa>Starosty</sln:miejscNazwa><sln:miejscRodzaj>Wieś</sln:miejscRodzaj><sln:powIIPId>f788737b-a599-4e78-b366-8abf32d41060</sln:powIIPId><sln:powIIPPn>PL.PZGIK.200</sln:powIIPPn><sln:powIIPWersja>2012-09-27T10:00:59+02:00</sln:powIIPWersja><sln:powIdTeryt>2813</sln:powIdTeryt><sln:powNazwa>olecki</sln:powNazwa><sln:waznyOd>2013-09-24T00:00:00+02:00</sln:waznyOd><sln:wojIIPId>45e7cfc6-6d8b-42ff-acbd-ef1d0a53dacb</sln:wojIIPId><sln:wojIIPPn>PL.PZGIK.200</sln:wojIIPPn><sln:wojIIPWersja>2012-09-27T13:45:13+02:00</sln:wojIIPWersja><sln:wojIdTeryt>28</sln:wojIdTeryt><sln:wojNazwa>warmińsko-mazurskie</sln:wojNazwa></sln:miejscowosc><sln:miejscowosc><sln:cyklZyciaOd>2017-04-07T00:00:00+02:00</sln:cyklZyciaOd><sln:gmIIPId>c38c01c9-9f45-4d65-8520-cf1b7418eb31</sln:gmIIPId><sln:gmIIPPn>PL.PZGIK.200</sln:gmIIPPn><sln:gmIIPWersja>2012-09-26T22:21:19+02:00</sln:gmIIPWersja><sln:gmIdTeryt>2813062</sln:gmIdTeryt><sln:gmNazwa>Wieliczki</sln:gmNazwa><sln:miejscIIPId>1002b1ea-875e-4357-add5-a92018d9ac6a</sln:miejscIIPId><sln:miejscIIPPn>PL.PZGIK.200</sln:miejscIIPPn><sln:miejscIIPWersja>2017-04-07T09:06:01+02:00</sln:miejscIIPWersja><sln:miejscIdTeryt>0771737</sln:miejscIdTeryt><sln:miejscNazwa>Szeszki</sln:miejscNazwa><sln:miejscRodzaj>Wieś</sln:miejscRodzaj><sln:powIIPId>f788737b-a599-4e78-b366-8abf32d41060</sln:powIIPId><sln:powIIPPn>PL.PZGIK.200</sln:powIIPPn><sln:powIIPWersja>2012-09-27T10:00:59+02:00</sln:powIIPWersja><sln:powIdTeryt>2813</sln:powIdTeryt><sln:powNazwa>olecki</sln:powNazwa><sln:waznyOd>2013-09-24T00:00:00+02:00</sln:waznyOd><sln:wojIIPId>45e7cfc6-6d8b-42ff-acbd-ef1d0a53dacb</sln:wojIIPId><sln:wojIIPPn>PL.PZGIK.200</sln:wojIIPPn><sln:wojIIPWersja>2012-09-27T13:45:13+02:00</sln:wojIIPWersja><sln:wojIdTeryt>28</sln:wojIdTeryt><sln:wojNazwa>warmińsko-mazurskie</sln:wojNazwa></sln:miejscowosc><sln:miejscowosc><sln:cyklZyciaOd>2017-04-07T00:00:00+02:00</sln:cyklZyciaOd><sln:gmIIPId>c38c01c9-9f45-4d65-8520-cf1b7418eb31</sln:gmIIPId><sln:gmIIPPn>PL.PZGIK.200</sln:gmIIPPn><sln:gmIIPWersja>2012-09-26T22:21:19+02:00</sln:gmIIPWersja><sln:gmIdTeryt>2813062</sln:gmIdTeryt><sln:gmNazwa>Wieliczki</sln:gmNazwa><sln:miejscIIPId>289bb14e-c903-4708-9404-6f4c49bd880b</sln:miejscIIPId><sln:miejscIIPPn>PL.PZGIK.200</sln:miejscIIPPn><sln:miejscIIPWersja>2017-04-07T09:06:01+02:00</sln:miejscIIPWersja><sln:miejscIdTeryt>0771766</sln:miejscIdTeryt><sln:miejscNazwa>Urbanki</sln:miejscNazwa><sln:miejscRodzaj>Wieś</sln:miejscRodzaj><sln:powIIPId>f788737b-a599-4e78-b366-8abf32d41060</sln:powIIPId><sln:powIIPPn>PL.PZGIK.200</sln:powIIPPn><sln:powIIPWersja>2012-09-27T10:00:59+02:00</sln:powIIPWersja><sln:powIdTeryt>2813</sln:powIdTeryt><sln:powNazwa>olecki</sln:powNazwa><sln:waznyOd>2013-09-24T00:00:00+02:00</sln:waznyOd><sln:wojIIPId>45e7cfc6-6d8b-42ff-acbd-ef1d0a53dacb</sln:wojIIPId><sln:wojIIPPn>PL.PZGIK.200</sln:wojIIPPn><sln:wojIIPWersja>2012-09-27T13:45:13+02:00</sln:wojIIPWersja><sln:wojIdTeryt>28</sln:wojIdTeryt><sln:wojNazwa>warmińsko-mazurskie</sln:wojNazwa></sln:miejscowosc><sln:miejscowosc><sln:cyklZyciaOd>2017-04-07T00:00:00+02:00</sln:cyklZyciaOd><sln:gmIIPId>c38c01c9-9f45-4d65-8520-cf1b7418eb31</sln:gmIIPId><sln:gmIIPPn>PL.PZGIK.200</sln:gmIIPPn><sln:gmIIPWersja>2012-09-26T22:21:19+02:00</sln:gmIIPWersja><sln:gmIdTeryt>2813062</sln:gmIdTeryt><sln:gmNazwa>Wieliczki</sln:gmNazwa><sln:miejscIIPId>736a3056-62ad-4589-87a0-8d360d206f86</sln:miejscIIPId><sln:miejscIIPPn>PL.PZGIK.200</sln:miejscIIPPn><sln:miejscIIPWersja>2017-04-07T09:06:01+02:00</sln:miejscIIPWersja><sln:miejscIdTeryt>0771772</sln:miejscIdTeryt><sln:miejscNazwa>Wieliczki</sln:miejscNazwa><sln:miejscRodzaj>Wieś</sln:miejscRodzaj><sln:powIIPId>f788737b-a599-4e78-b366-8abf32d41060</sln:powIIPId><sln:powIIPPn>PL.PZGIK.200</sln:powIIPPn><sln:powIIPWersja>2012-09-27T10:00:59+02:00</sln:powIIPWersja><sln:powIdTeryt>2813</sln:powIdTeryt><sln:powNazwa>olecki</sln:powNazwa><sln:waznyOd>2013-09-24T00:00:00+02:00</sln:waznyOd><sln:wojIIPId>45e7cfc6-6d8b-42ff-acbd-ef1d0a53dacb</sln:wojIIPId><sln:wojIIPPn>PL.PZGIK.200</sln:wojIIPPn><sln:wojIIPWersja>2012-09-27T13:45:13+02:00</sln:wojIIPWersja><sln:wojIdTeryt>28</sln:wojIdTeryt><sln:wojNazwa>warmińsko-mazurskie</sln:wojNazwa></sln:miejscowosc><sln:miejscowosc><sln:cyklZyciaOd>2017-04-07T00:00:00+02:00</sln:cyklZyciaOd><sln:gmIIPId>c38c01c9-9f45-4d65-8520-cf1b7418eb31</sln:gmIIPId><sln:gmIIPPn>PL.PZGIK.200</sln:gmIIPPn><sln:gmIIPWersja>2012-09-26T22:21:19+02:00</sln:gmIIPWersja><sln:gmIdTeryt>2813062</sln:gmIdTeryt><sln:gmNazwa>Wieliczki</sln:gmNazwa><sln:miejscIIPId>45143c08-6660-4d7f-9e9d-bc3533d82754</sln:miejscIIPId><sln:miejscIIPPn>PL.PZGIK.200</sln:miejscIIPPn><sln:miejscIIPWersja>2017-04-07T09:06:01+02:00</sln:miejscIIPWersja><sln:miejscIdTeryt>0771789</sln:miejscIdTeryt><sln:miejscNazwa>Wilkasy</sln:miejscNazwa><sln:miejscRodzaj>Wieś</sln:miejscRodzaj><sln:powIIPId>f788737b-a599-4e78-b366-8abf32d41060</sln:powIIPId><sln:powIIPPn>PL.PZGIK.200</sln:powIIPPn><sln:powIIPWersja>2012-09-27T10:00:59+02:00</sln:powIIPWersja><sln:powIdTeryt>2813</sln:powIdTeryt><sln:powNazwa>olecki</sln:powNazwa><sln:waznyOd>2013-09-24T00:00:00+02:00</sln:waznyOd><sln:wojIIPId>45e7cfc6-6d8b-42ff-acbd-ef1d0a53dacb</sln:wojIIPId><sln:wojIIPPn>PL.PZGIK.200</sln:wojIIPPn><sln:wojIIPWersja>2012-09-27T13:45:13+02:00</sln:wojIIPWersja><sln:wojIdTeryt>28</sln:wojIdTeryt><sln:wojNazwa>warmińsko-mazurskie</sln:wojNazwa></sln:miejscowosc><sln:miejscowosc><sln:cyklZyciaOd>2017-04-07T00:00:00+02:00</sln:cyklZyciaOd><sln:gmIIPId>c38c01c9-9f45-4d65-8520-cf1b7418eb31</sln:gmIIPId><sln:gmIIPPn>PL.PZGIK.200</sln:gmIIPPn><sln:gmIIPWersja>2012-09-26T22:21:19+02:00</sln:gmIIPWersja><sln:gmIdTeryt>2813062</sln:gmIdTeryt><sln:gmNazwa>Wieliczki</sln:gmNazwa><sln:miejscIIPId>01053630-6b2f-4557-97d5-ce277403c011</sln:miejscIIPId><sln:miejscIIPPn>PL.PZGIK.200</sln:miejscIIPPn><sln:miejscIIPWersja>2017-04-07T09:06:01+02:00</sln:miejscIIPWersja><sln:miejscIdTeryt>0771795</sln:miejscIdTeryt><sln:miejscNazwa>Wojnasy</sln:miejscNazwa><sln:miejscRodzaj>Wieś</sln:miejscRodzaj><sln:powIIPId>f788737b-a599-4e78-b366-8abf32d41060</sln:powIIPId><sln:powIIPPn>PL.PZGIK.200</sln:powIIPPn><sln:powIIPWersja>2012-09-27T10:00:59+02:00</sln:powIIPWersja><sln:powIdTeryt>2813</sln:powIdTeryt><sln:powNazwa>olecki</sln:powNazwa><sln:waznyOd>2013-09-24T00:00:00+02:00</sln:waznyOd><sln:wojIIPId>45e7cfc6-6d8b-42ff-acbd-ef1d0a53dacb</sln:wojIIPId><sln:wojIIPPn>PL.PZGIK.200</sln:wojIIPPn><sln:wojIIPWersja>2012-09-27T13:45:13+02:00</sln:wojIIPWersja><sln:wojIdTeryt>28</sln:wojIdTeryt><sln:wojNazwa>warmińsko-mazurskie</sln:wojNazwa></sln:miejscowosc></sln:lista-miejscowosci>