<?xml version="1.0" encoding="UTF-8" standalone="yes"?><sln:lista-miejscowosci xmlns:srv="http://gugik.gov.pl/schemas/slowniki-service/1.0" xmlns:sln="http://gugik.gov.pl/schemas/slowniki-schema/1.0"><sln:miejscowosc><sln:cyklZyciaOd>2014-12-09T00:00:00+01:00</sln:cyklZyciaOd><sln:gmIIPId>13fc3545-ee19-47de-8dbf-eeb7f083ae22</sln:gmIIPId><sln:gmIIPPn>PL.PZGIK.200</sln:gmIIPPn><sln:gmIIPWersja>2012-09-26T22:22:10+02:00</sln:gmIIPWersja><sln:gmIdTeryt>2801021</sln:gmIdTeryt><sln:gmNazwa>Górowo Iławeckie</sln:gmNazwa><sln:miejscIIPId>09233e19-7ede-4874-8087-9ccca9854bcc</sln:miejscIIPId><sln:miejscIIPPn>PL.PZGIK.200</sln:miejscIIPPn><sln:miejscIIPWersja>2016-11-24T13:38:04+02:00</sln:miejscIIPWersja><sln:miejscIdTeryt>0474092</sln:miejscIdTeryt><sln:miejscNazwa>Gruszyny</sln:miejscNazwa><sln:miejscRodzaj>Wieś</sln:miejscRodzaj><sln:powIIPId>171c7527-7107-4f75-838e-ca9a158c9814</sln:powIIPId><sln:powIIPPn>PL.PZGIK.200</sln:powIIPPn><sln:powIIPWersja>2017-02-01T03:35:45+01:00</sln:powIIPWersja><sln:powIdTeryt>2801</sln:powIdTeryt><sln:powNazwa>bartoszycki</sln:powNazwa><sln:wojIIPId>45e7cfc6-6d8b-42ff-acbd-ef1d0a53dacb</sln:wojIIPId><sln:wojIIPPn>PL.PZGIK.200</sln:wojIIPPn><sln:wojIIPWersja>2012-09-27T13:45:13+02:00</sln:wojIIPWersja><sln:wojIdTeryt>28</sln:wojIdTeryt><sln:wojNazwa>warmińsko-mazurskie</sln:wojNazwa></sln:miejscowosc><sln:miejscowosc><sln:cyklZyciaOd>2014-12-09T00:00:00+01:00</sln:cyklZyciaOd><sln:gmIIPId>13fc3545-ee19-47de-8dbf-eeb7f083ae22</sln:gmIIPId><sln:gmIIPPn>PL.PZGIK.200</sln:gmIIPPn><sln:gmIIPWersja>2012-09-26T22:22:10+02:00</sln:gmIIPWersja><sln:gmIdTeryt>2801021</sln:gmIdTeryt><sln:gmNazwa>Górowo Iławeckie</sln:gmNazwa><sln:miejscIIPId>92007f21-55ed-48a9-9839-7fbd30e67741</sln:miejscIIPId><sln:miejscIIPPn>PL.PZGIK.200</sln:miejscIIPPn><sln:miejscIIPWersja>2016-11-24T13:28:54+02:00</sln:miejscIIPWersja><sln:miejscIdTeryt>0474382</sln:miejscIdTeryt><sln:miejscNazwa>Powiersze</sln:miejscNazwa><sln:miejscRodzaj>Wieś</sln:miejscRodzaj><sln:powIIPId>171c7527-7107-4f75-838e-ca9a158c9814</sln:powIIPId><sln:powIIPPn>PL.PZGIK.200</sln:powIIPPn><sln:powIIPWersja>2017-02-01T03:35:45+01:00</sln:powIIPWersja><sln:powIdTeryt>2801</sln:powIdTeryt><sln:powNazwa>bartoszycki</sln:powNazwa><sln:wojIIPId>45e7cfc6-6d8b-42ff-acbd-ef1d0a53dacb</sln:wojIIPId><sln:wojIIPPn>PL.PZGIK.200</sln:wojIIPPn><sln:wojIIPWersja>2012-09-27T13:45:13+02:00</sln:wojIIPWersja><sln:wojIdTeryt>28</sln:wojIdTeryt><sln:wojNazwa>warmińsko-mazurskie</sln:wojNazwa></sln:miejscowosc><sln:miejscowosc><sln:cyklZyciaOd>2014-12-09T00:00:00+01:00</sln:cyklZyciaOd><sln:gmIIPId>13fc3545-ee19-47de-8dbf-eeb7f083ae22</sln:gmIIPId><sln:gmIIPPn>PL.PZGIK.200</sln:gmIIPPn><sln:gmIIPWersja>2012-09-26T22:22:10+02:00</sln:gmIIPWersja><sln:gmIdTeryt>2801021</sln:gmIdTeryt><sln:gmNazwa>Górowo Iławeckie</sln:gmNazwa><sln:miejscIIPId>f437a772-00fd-4f16-8197-2a20c25835d2</sln:miejscIIPId><sln:miejscIIPPn>PL.PZGIK.200</sln:miejscIIPPn><sln:miejscIIPWersja>2016-11-24T13:59:30+02:00</sln:miejscIIPWersja><sln:miejscIdTeryt>1043879</sln:miejscIdTeryt><sln:miejscNazwa>Piasty Małe</sln:miejscNazwa><sln:miejscRodzaj>Wieś</sln:miejscRodzaj><sln:powIIPId>171c7527-7107-4f75-838e-ca9a158c9814</sln:powIIPId><sln:powIIPPn>PL.PZGIK.200</sln:powIIPPn><sln:powIIPWersja>2017-02-01T03:35:45+01:00</sln:powIIPWersja><sln:powIdTeryt>2801</sln:powIdTeryt><sln:powNazwa>bartoszycki</sln:powNazwa><sln:wojIIPId>45e7cfc6-6d8b-42ff-acbd-ef1d0a53dacb</sln:wojIIPId><sln:wojIIPPn>PL.PZGIK.200</sln:wojIIPPn><sln:wojIIPWersja>2012-09-27T13:45:13+02:00</sln:wojIIPWersja><sln:wojIdTeryt>28</sln:wojIdTeryt><sln:wojNazwa>warmińsko-mazurskie</sln:wojNazwa></sln:miejscowosc><sln:miejscowosc><sln:cyklZyciaOd>2014-12-09T00:00:00+01:00</sln:cyklZyciaOd><sln:gmIIPId>13fc3545-ee19-47de-8dbf-eeb7f083ae22</sln:gmIIPId><sln:gmIIPPn>PL.PZGIK.200</sln:gmIIPPn><sln:gmIIPWersja>2012-09-26T22:22:10+02:00</sln:gmIIPWersja><sln:gmIdTeryt>2801021</sln:gmIdTeryt><sln:gmNazwa>Górowo Iławeckie</sln:gmNazwa><sln:miejscIIPId>4ace913e-834c-4e4e-b288-a6119792c7df</sln:miejscIIPId><sln:miejscIIPPn>PL.PZGIK.200</sln:miejscIIPPn><sln:miejscIIPWersja>2016-11-24T13:58:41+02:00</sln:miejscIIPWersja><sln:miejscIdTeryt>0474198</sln:miejscIdTeryt><sln:miejscNazwa>Nowa Karczma</sln:miejscNazwa><sln:miejscRodzaj>Osada</sln:miejscRodzaj><sln:powIIPId>171c7527-7107-4f75-838e-ca9a158c9814</sln:powIIPId><sln:powIIPPn>PL.PZGIK.200</sln:powIIPPn><sln:powIIPWersja>2017-02-01T03:35:45+01:00</sln:powIIPWersja><sln:powIdTeryt>2801</sln:powIdTeryt><sln:powNazwa>bartoszycki</sln:powNazwa><sln:wojIIPId>45e7cfc6-6d8b-42ff-acbd-ef1d0a53dacb</sln:wojIIPId><sln:wojIIPPn>PL.PZGIK.200</sln:wojIIPPn><sln:wojIIPWersja>2012-09-27T13:45:13+02:00</sln:wojIIPWersja><sln:wojIdTeryt>28</sln:wojIdTeryt><sln:wojNazwa>warmińsko-mazurskie</sln:wojNazwa></sln:miejscowosc><sln:miejscowosc><sln:cyklZyciaOd>2014-12-09T00:00:00+01:00</sln:cyklZyciaOd><sln:gmIIPId>13fc3545-ee19-47de-8dbf-eeb7f083ae22</sln:gmIIPId><sln:gmIIPPn>PL.PZGIK.200</sln:gmIIPPn><sln:gmIIPWersja>2012-09-26T22:22:10+02:00</sln:gmIIPWersja><sln:gmIdTeryt>2801021</sln:gmIdTeryt><sln:gmNazwa>Górowo Iławeckie</sln:gmNazwa><sln:miejscIIPId>74a832bd-0afa-4fa7-89fb-916118ab56f7</sln:miejscIIPId><sln:miejscIIPPn>PL.PZGIK.200</sln:miejscIIPPn><sln:miejscIIPWersja>2016-11-24T13:37:24+02:00</sln:miejscIIPWersja><sln:miejscIdTeryt>0473945</sln:miejscIdTeryt><sln:miejscNazwa>Bądze</sln:miejscNazwa><sln:miejscRodzaj>Wieś</sln:miejscRodzaj><sln:powIIPId>171c7527-7107-4f75-838e-ca9a158c9814</sln:powIIPId><sln:powIIPPn>PL.PZGIK.200</sln:powIIPPn><sln:powIIPWersja>2017-02-01T03:35:45+01:00</sln:powIIPWersja><sln:powIdTeryt>2801</sln:powIdTeryt><sln:powNazwa>bartoszycki</sln:powNazwa><sln:wojIIPId>45e7cfc6-6d8b-42ff-acbd-ef1d0a53dacb</sln:wojIIPId><sln:wojIIPPn>PL.PZGIK.200</sln:wojIIPPn><sln:wojIIPWersja>2012-09-27T13:45:13+02:00</sln:wojIIPWersja><sln:wojIdTeryt>28</sln:wojIdTeryt><sln:wojNazwa>warmińsko-mazurskie</sln:wojNazwa></sln:miejscowosc><sln:miejscowosc><sln:cyklZyciaOd>2014-12-09T00:00:00+01:00</sln:cyklZyciaOd><sln:gmIIPId>13fc3545-ee19-47de-8dbf-eeb7f083ae22</sln:gmIIPId><sln:gmIIPPn>PL.PZGIK.200</sln:gmIIPPn><sln:gmIIPWersja>2012-09-26T22:22:10+02:00</sln:gmIIPWersja><sln:gmIdTeryt>2801021</sln:gmIdTeryt><sln:gmNazwa>Górowo Iławeckie</sln:gmNazwa><sln:miejscIIPId>ae014483-61ba-449d-b4a4-18e63b0001ce</sln:miejscIIPId><sln:miejscIIPPn>PL.PZGIK.200</sln:miejscIIPPn><sln:miejscIIPWersja>2016-11-24T13:44:37+02:00</sln:miejscIIPWersja><sln:miejscIdTeryt>0474330</sln:miejscIdTeryt><sln:miejscNazwa>Piasek</sln:miejscNazwa><sln:miejscRodzaj>Wieś</sln:miejscRodzaj><sln:powIIPId>171c7527-7107-4f75-838e-ca9a158c9814</sln:powIIPId><sln:powIIPPn>PL.PZGIK.200</sln:powIIPPn><sln:powIIPWersja>2017-02-01T03:35:45+01:00</sln:powIIPWersja><sln:powIdTeryt>2801</sln:powIdTeryt><sln:powNazwa>bartoszycki</sln:powNazwa><sln:wojIIPId>45e7cfc6-6d8b-42ff-acbd-ef1d0a53dacb</sln:wojIIPId><sln:wojIIPPn>PL.PZGIK.200</sln:wojIIPPn><sln:wojIIPWersja>2012-09-27T13:45:13+02:00</sln:wojIIPWersja><sln:wojIdTeryt>28</sln:wojIdTeryt><sln:wojNazwa>warmińsko-mazurskie</sln:wojNazwa></sln:miejscowosc><sln:miejscowosc><sln:cyklZyciaOd>2014-12-09T00:00:00+01:00</sln:cyklZyciaOd><sln:gmIIPId>13fc3545-ee19-47de-8dbf-eeb7f083ae22</sln:gmIIPId><sln:gmIIPPn>PL.PZGIK.200</sln:gmIIPPn><sln:gmIIPWersja>2012-09-26T22:22:10+02:00</sln:gmIIPWersja><sln:gmIdTeryt>2801021</sln:gmIdTeryt><sln:gmNazwa>Górowo Iławeckie</sln:gmNazwa><sln:miejscIIPId>375249f0-523b-4870-b256-e65630c0470f</sln:miejscIIPId><sln:miejscIIPPn>PL.PZGIK.200</sln:miejscIIPPn><sln:miejscIIPWersja>2016-11-24T13:49:16+02:00</sln:miejscIIPWersja><sln:miejscIdTeryt>0474525</sln:miejscIdTeryt><sln:miejscNazwa>Weskajmy</sln:miejscNazwa><sln:miejscRodzaj>Osada</sln:miejscRodzaj><sln:powIIPId>171c7527-7107-4f75-838e-ca9a158c9814</sln:powIIPId><sln:powIIPPn>PL.PZGIK.200</sln:powIIPPn><sln:powIIPWersja>2017-02-01T03:35:45+01:00</sln:powIIPWersja><sln:powIdTeryt>2801</sln:powIdTeryt><sln:powNazwa>bartoszycki</sln:powNazwa><sln:wojIIPId>45e7cfc6-6d8b-42ff-acbd-ef1d0a53dacb</sln:wojIIPId><sln:wojIIPPn>PL.PZGIK.200</sln:wojIIPPn><sln:wojIIPWersja>2012-09-27T13:45:13+02:00</sln:wojIIPWersja><sln:wojIdTeryt>28</sln:wojIdTeryt><sln:wojNazwa>warmińsko-mazurskie</sln:wojNazwa></sln:miejscowosc><sln:miejscowosc><sln:cyklZyciaOd>2014-12-09T00:00:00+01:00</sln:cyklZyciaOd><sln:gmIIPId>13fc3545-ee19-47de-8dbf-eeb7f083ae22</sln:gmIIPId><sln:gmIIPPn>PL.PZGIK.200</sln:gmIIPPn><sln:gmIIPWersja>2012-09-26T22:22:10+02:00</sln:gmIIPWersja><sln:gmIdTeryt>2801021</sln:gmIdTeryt><sln:gmNazwa>Górowo Iławeckie</sln:gmNazwa><sln:miejscIIPId>6bb1f297-9704-4478-bee1-a3782c05842a</sln:miejscIIPId><sln:miejscIIPPn>PL.PZGIK.200</sln:miejscIIPPn><sln:miejscIIPWersja>2016-11-24T13:39:13+02:00</sln:miejscIIPWersja><sln:miejscIdTeryt>0474130</sln:miejscIdTeryt><sln:miejscNazwa>Kanie Iławeckie</sln:miejscNazwa><sln:miejscRodzaj>Wieś</sln:miejscRodzaj><sln:powIIPId>171c7527-7107-4f75-838e-ca9a158c9814</sln:powIIPId><sln:powIIPPn>PL.PZGIK.200</sln:powIIPPn><sln:powIIPWersja>2017-02-01T03:35:45+01:00</sln:powIIPWersja><sln:powIdTeryt>2801</sln:powIdTeryt><sln:powNazwa>bartoszycki</sln:powNazwa><sln:wojIIPId>45e7cfc6-6d8b-42ff-acbd-ef1d0a53dacb</sln:wojIIPId><sln:wojIIPPn>PL.PZGIK.200</sln:wojIIPPn><sln:wojIIPWersja>2012-09-27T13:45:13+02:00</sln:wojIIPWersja><sln:wojIdTeryt>28</sln:wojIdTeryt><sln:wojNazwa>warmińsko-mazurskie</sln:wojNazwa></sln:miejscowosc><sln:miejscowosc><sln:cyklZyciaOd>2014-12-09T00:00:00+01:00</sln:cyklZyciaOd><sln:gmIIPId>13fc3545-ee19-47de-8dbf-eeb7f083ae22</sln:gmIIPId><sln:gmIIPPn>PL.PZGIK.200</sln:gmIIPPn><sln:gmIIPWersja>2012-09-26T22:22:10+02:00</sln:gmIIPWersja><sln:gmIdTeryt>2801021</sln:gmIdTeryt><sln:gmNazwa>Górowo Iławeckie</sln:gmNazwa><sln:miejscIIPId>1086f864-9cfd-45c8-8d12-aaff6b1ca729</sln:miejscIIPId><sln:miejscIIPPn>PL.PZGIK.200</sln:miejscIIPPn><sln:miejscIIPWersja>2016-11-24T13:34:47+02:00</sln:miejscIIPWersja><sln:miejscIdTeryt>0474608</sln:miejscIdTeryt><sln:miejscNazwa>Zielenica</sln:miejscNazwa><sln:miejscRodzaj>Wieś</sln:miejscRodzaj><sln:powIIPId>171c7527-7107-4f75-838e-ca9a158c9814</sln:powIIPId><sln:powIIPPn>PL.PZGIK.200</sln:powIIPPn><sln:powIIPWersja>2017-02-01T03:35:45+01:00</sln:powIIPWersja><sln:powIdTeryt>2801</sln:powIdTeryt><sln:powNazwa>bartoszycki</sln:powNazwa><sln:wojIIPId>45e7cfc6-6d8b-42ff-acbd-ef1d0a53dacb</sln:wojIIPId><sln:wojIIPPn>PL.PZGIK.200</sln:wojIIPPn><sln:wojIIPWersja>2012-09-27T13:45:13+02:00</sln:wojIIPWersja><sln:wojIdTeryt>28</sln:wojIdTeryt><sln:wojNazwa>warmińsko-mazurskie</sln:wojNazwa></sln:miejscowosc><sln:miejscowosc><sln:cyklZyciaOd>2014-12-09T00:00:00+01:00</sln:cyklZyciaOd><sln:gmIIPId>13fc3545-ee19-47de-8dbf-eeb7f083ae22</sln:gmIIPId><sln:gmIIPPn>PL.PZGIK.200</sln:gmIIPPn><sln:gmIIPWersja>2012-09-26T22:22:10+02:00</sln:gmIIPWersja><sln:gmIdTeryt>2801021</sln:gmIdTeryt><sln:gmNazwa>Górowo Iławeckie</sln:gmNazwa><sln:miejscIIPId>914c19ae-db66-4ddb-a93e-6b72deca1e48</sln:miejscIIPId><sln:miejscIIPPn>PL.PZGIK.200</sln:miejscIIPPn><sln:miejscIIPWersja>2016-11-24T13:44:36+02:00</sln:miejscIIPWersja><sln:miejscIdTeryt>0474324</sln:miejscIdTeryt><sln:miejscNazwa>Piaseczno</sln:miejscNazwa><sln:miejscRodzaj>Wieś</sln:miejscRodzaj><sln:powIIPId>171c7527-7107-4f75-838e-ca9a158c9814</sln:powIIPId><sln:powIIPPn>PL.PZGIK.200</sln:powIIPPn><sln:powIIPWersja>2017-02-01T03:35:45+01:00</sln:powIIPWersja><sln:powIdTeryt>2801</sln:powIdTeryt><sln:powNazwa>bartoszycki</sln:powNazwa><sln:wojIIPId>45e7cfc6-6d8b-42ff-acbd-ef1d0a53dacb</sln:wojIIPId><sln:wojIIPPn>PL.PZGIK.200</sln:wojIIPPn><sln:wojIIPWersja>2012-09-27T13:45:13+02:00</sln:wojIIPWersja><sln:wojIdTeryt>28</sln:wojIdTeryt><sln:wojNazwa>warmińsko-mazurskie</sln:wojNazwa></sln:miejscowosc><sln:miejscowosc><sln:cyklZyciaOd>2014-12-09T00:00:00+01:00</sln:cyklZyciaOd><sln:gmIIPId>13fc3545-ee19-47de-8dbf-eeb7f083ae22</sln:gmIIPId><sln:gmIIPPn>PL.PZGIK.200</sln:gmIIPPn><sln:gmIIPWersja>2012-09-26T22:22:10+02:00</sln:gmIIPWersja><sln:gmIdTeryt>2801021</sln:gmIdTeryt><sln:gmNazwa>Górowo Iławeckie</sln:gmNazwa><sln:miejscIIPId>f734845b-a139-425e-be2a-745144c68e61</sln:miejscIIPId><sln:miejscIIPPn>PL.PZGIK.200</sln:miejscIIPPn><sln:miejscIIPWersja>2016-11-24T13:33:14+02:00</sln:miejscIIPWersja><sln:miejscIdTeryt>0474531</sln:miejscIdTeryt><sln:miejscNazwa>Wiewiórki</sln:miejscNazwa><sln:miejscRodzaj>Wieś</sln:miejscRodzaj><sln:powIIPId>171c7527-7107-4f75-838e-ca9a158c9814</sln:powIIPId><sln:powIIPPn>PL.PZGIK.200</sln:powIIPPn><sln:powIIPWersja>2017-02-01T03:35:45+01:00</sln:powIIPWersja><sln:powIdTeryt>2801</sln:powIdTeryt><sln:powNazwa>bartoszycki</sln:powNazwa><sln:wojIIPId>45e7cfc6-6d8b-42ff-acbd-ef1d0a53dacb</sln:wojIIPId><sln:wojIIPPn>PL.PZGIK.200</sln:wojIIPPn><sln:wojIIPWersja>2012-09-27T13:45:13+02:00</sln:wojIIPWersja><sln:wojIdTeryt>28</sln:wojIdTeryt><sln:wojNazwa>warmińsko-mazurskie</sln:wojNazwa></sln:miejscowosc><sln:miejscowosc><sln:cyklZyciaOd>2014-12-09T00:00:00+01:00</sln:cyklZyciaOd><sln:gmIIPId>13fc3545-ee19-47de-8dbf-eeb7f083ae22</sln:gmIIPId><sln:gmIIPPn>PL.PZGIK.200</sln:gmIIPPn><sln:gmIIPWersja>2012-09-26T22:22:10+02:00</sln:gmIIPWersja><sln:gmIdTeryt>2801021</sln:gmIdTeryt><sln:gmNazwa>Górowo Iławeckie</sln:gmNazwa><sln:miejscIIPId>bf47df9f-7bb3-4071-b709-22c652122a5c</sln:miejscIIPId><sln:miejscIIPPn>PL.PZGIK.200</sln:miejscIIPPn><sln:miejscIIPWersja>2016-11-24T13:59:30+02:00</sln:miejscIIPWersja><sln:miejscIdTeryt>0474347</sln:miejscIdTeryt><sln:miejscNazwa>Piasty Wielkie</sln:miejscNazwa><sln:miejscRodzaj>Osada</sln:miejscRodzaj><sln:powIIPId>171c7527-7107-4f75-838e-ca9a158c9814</sln:powIIPId><sln:powIIPPn>PL.PZGIK.200</sln:powIIPPn><sln:powIIPWersja>2017-02-01T03:35:45+01:00</sln:powIIPWersja><sln:powIdTeryt>2801</sln:powIdTeryt><sln:powNazwa>bartoszycki</sln:powNazwa><sln:wojIIPId>45e7cfc6-6d8b-42ff-acbd-ef1d0a53dacb</sln:wojIIPId><sln:wojIIPPn>PL.PZGIK.200</sln:wojIIPPn><sln:wojIIPWersja>2012-09-27T13:45:13+02:00</sln:wojIIPWersja><sln:wojIdTeryt>28</sln:wojIdTeryt><sln:wojNazwa>warmińsko-mazurskie</sln:wojNazwa></sln:miejscowosc><sln:miejscowosc><sln:cyklZyciaOd>2014-12-09T00:00:00+01:00</sln:cyklZyciaOd><sln:gmIIPId>13fc3545-ee19-47de-8dbf-eeb7f083ae22</sln:gmIIPId><sln:gmIIPPn>PL.PZGIK.200</sln:gmIIPPn><sln:gmIIPWersja>2012-09-26T22:22:10+02:00</sln:gmIIPWersja><sln:gmIdTeryt>2801021</sln:gmIdTeryt><sln:gmNazwa>Górowo Iławeckie</sln:gmNazwa><sln:miejscIIPId>a987d02b-9e9e-4b7b-b471-ba58ee25d104</sln:miejscIIPId><sln:miejscIIPPn>PL.PZGIK.200</sln:miejscIIPPn><sln:miejscIIPWersja>2016-11-24T13:37:42+02:00</sln:miejscIIPWersja><sln:miejscIdTeryt>0964643</sln:miejscIdTeryt><sln:miejscNazwa>Górowo Iławeckie</sln:miejscNazwa><sln:miejscRodzaj>Miasto</sln:miejscRodzaj><sln:powIIPId>171c7527-7107-4f75-838e-ca9a158c9814</sln:powIIPId><sln:powIIPPn>PL.PZGIK.200</sln:powIIPPn><sln:powIIPWersja>2017-02-01T03:35:45+01:00</sln:powIIPWersja><sln:powIdTeryt>2801</sln:powIdTeryt><sln:powNazwa>bartoszycki</sln:powNazwa><sln:wojIIPId>45e7cfc6-6d8b-42ff-acbd-ef1d0a53dacb</sln:wojIIPId><sln:wojIIPPn>PL.PZGIK.200</sln:wojIIPPn><sln:wojIIPWersja>2012-09-27T13:45:13+02:00</sln:wojIIPWersja><sln:wojIdTeryt>28</sln:wojIdTeryt><sln:wojNazwa>warmińsko-mazurskie</sln:wojNazwa></sln:miejscowosc><sln:miejscowosc><sln:cyklZyciaOd>2014-12-09T00:00:00+01:00</sln:cyklZyciaOd><sln:gmIIPId>13fc3545-ee19-47de-8dbf-eeb7f083ae22</sln:gmIIPId><sln:gmIIPPn>PL.PZGIK.200</sln:gmIIPPn><sln:gmIIPWersja>2012-09-26T22:22:10+02:00</sln:gmIIPWersja><sln:gmIdTeryt>2801021</sln:gmIdTeryt><sln:gmNazwa>Górowo Iławeckie</sln:gmNazwa><sln:miejscIIPId>24095243-df24-498f-8014-97fba8779a15</sln:miejscIIPId><sln:miejscIIPPn>PL.PZGIK.200</sln:miejscIIPPn><sln:miejscIIPWersja>2016-11-24T13:36:10+02:00</sln:miejscIIPWersja><sln:miejscIdTeryt>0473974</sln:miejscIdTeryt><sln:miejscNazwa>Deksyty</sln:miejscNazwa><sln:miejscRodzaj>Wieś</sln:miejscRodzaj><sln:powIIPId>171c7527-7107-4f75-838e-ca9a158c9814</sln:powIIPId><sln:powIIPPn>PL.PZGIK.200</sln:powIIPPn><sln:powIIPWersja>2017-02-01T03:35:45+01:00</sln:powIIPWersja><sln:powIdTeryt>2801</sln:powIdTeryt><sln:powNazwa>bartoszycki</sln:powNazwa><sln:wojIIPId>45e7cfc6-6d8b-42ff-acbd-ef1d0a53dacb</sln:wojIIPId><sln:wojIIPPn>PL.PZGIK.200</sln:wojIIPPn><sln:wojIIPWersja>2012-09-27T13:45:13+02:00</sln:wojIIPWersja><sln:wojIdTeryt>28</sln:wojIdTeryt><sln:wojNazwa>warmińsko-mazurskie</sln:wojNazwa></sln:miejscowosc></sln:lista-miejscowosci>