<?xml version="1.0" encoding="UTF-8" standalone="yes"?><sln:lista-miejscowosci xmlns:srv="http://gugik.gov.pl/schemas/slowniki-service/1.0" xmlns:sln="http://gugik.gov.pl/schemas/slowniki-schema/1.0"><sln:miejscowosc><sln:cyklZyciaDo>2017-03-06T00:00:00+01:00</sln:cyklZyciaDo><sln:cyklZyciaOd>2014-12-06T00:00:00+01:00</sln:cyklZyciaOd><sln:gmIIPId>6814ff13-291a-47e2-90e3-a84485954dbc</sln:gmIIPId><sln:gmIIPPn>PL.PZGIK.200</sln:gmIIPPn><sln:gmIIPWersja>2012-09-26T22:22:05+02:00</sln:gmIIPWersja><sln:gmIdTeryt>2819012</sln:gmIdTeryt><sln:gmNazwa>Budry</sln:gmNazwa><sln:miejscIIPId>e8895681-e59d-466d-bb8b-6e0f0a06e656</sln:miejscIIPId><sln:miejscIIPPn>PL.PZGIK.200</sln:miejscIIPPn><sln:miejscIIPWersja>2016-11-24T13:59:03+02:00</sln:miejscIIPWersja><sln:miejscIdTeryt>0755514</sln:miejscIdTeryt><sln:miejscNazwa>Ołownik</sln:miejscNazwa><sln:miejscRodzaj>Osada</sln:miejscRodzaj><sln:powIIPId>78e43ff2-3a0c-497c-ba06-95f283fc066c</sln:powIIPId><sln:powIIPPn>PL.PZGIK.200</sln:powIIPPn><sln:powIIPWersja>2012-09-27T10:00:59+02:00</sln:powIIPWersja><sln:powIdTeryt>2819</sln:powIdTeryt><sln:powNazwa>węgorzewski</sln:powNazwa><sln:wojIIPId>45e7cfc6-6d8b-42ff-acbd-ef1d0a53dacb</sln:wojIIPId><sln:wojIIPPn>PL.PZGIK.200</sln:wojIIPPn><sln:wojIIPWersja>2012-09-27T13:45:13+02:00</sln:wojIIPWersja><sln:wojIdTeryt>28</sln:wojIdTeryt><sln:wojNazwa>warmińsko-mazurskie</sln:wojNazwa></sln:miejscowosc><sln:miejscowosc><sln:cyklZyciaDo>2017-03-06T00:00:00+01:00</sln:cyklZyciaDo><sln:cyklZyciaOd>2014-12-06T00:00:00+01:00</sln:cyklZyciaOd><sln:gmIIPId>6814ff13-291a-47e2-90e3-a84485954dbc</sln:gmIIPId><sln:gmIIPPn>PL.PZGIK.200</sln:gmIIPPn><sln:gmIIPWersja>2012-09-26T22:22:05+02:00</sln:gmIIPWersja><sln:gmIdTeryt>2819012</sln:gmIdTeryt><sln:gmNazwa>Budry</sln:gmNazwa><sln:miejscIIPId>505be363-0fd5-40ab-a6cf-2531a901518c</sln:miejscIIPId><sln:miejscIIPPn>PL.PZGIK.200</sln:miejscIIPPn><sln:miejscIIPWersja>2016-11-24T13:30:21+02:00</sln:miejscIIPWersja><sln:miejscIdTeryt>0755589</sln:miejscIdTeryt><sln:miejscNazwa>Sąkieły Małe</sln:miejscNazwa><sln:miejscRodzaj>Wieś</sln:miejscRodzaj><sln:powIIPId>78e43ff2-3a0c-497c-ba06-95f283fc066c</sln:powIIPId><sln:powIIPPn>PL.PZGIK.200</sln:powIIPPn><sln:powIIPWersja>2012-09-27T10:00:59+02:00</sln:powIIPWersja><sln:powIdTeryt>2819</sln:powIdTeryt><sln:powNazwa>węgorzewski</sln:powNazwa><sln:wojIIPId>45e7cfc6-6d8b-42ff-acbd-ef1d0a53dacb</sln:wojIIPId><sln:wojIIPPn>PL.PZGIK.200</sln:wojIIPPn><sln:wojIIPWersja>2012-09-27T13:45:13+02:00</sln:wojIIPWersja><sln:wojIdTeryt>28</sln:wojIdTeryt><sln:wojNazwa>warmińsko-mazurskie</sln:wojNazwa></sln:miejscowosc><sln:miejscowosc><sln:cyklZyciaDo>2017-03-06T00:00:00+01:00</sln:cyklZyciaDo><sln:cyklZyciaOd>2014-12-06T00:00:00+01:00</sln:cyklZyciaOd><sln:gmIIPId>6814ff13-291a-47e2-90e3-a84485954dbc</sln:gmIIPId><sln:gmIIPPn>PL.PZGIK.200</sln:gmIIPPn><sln:gmIIPWersja>2012-09-26T22:22:05+02:00</sln:gmIIPWersja><sln:gmIdTeryt>2819012</sln:gmIdTeryt><sln:gmNazwa>Budry</sln:gmNazwa><sln:miejscIIPId>ac8a2fea-0f9a-4785-b14f-919eadaf991f</sln:miejscIIPId><sln:miejscIIPPn>PL.PZGIK.200</sln:miejscIIPPn><sln:miejscIIPWersja>2016-11-24T13:49:47+02:00</sln:miejscIIPWersja><sln:miejscIdTeryt>0755632</sln:miejscIdTeryt><sln:miejscNazwa>Droglewo</sln:miejscNazwa><sln:miejscRodzaj>Osada</sln:miejscRodzaj><sln:powIIPId>78e43ff2-3a0c-497c-ba06-95f283fc066c</sln:powIIPId><sln:powIIPPn>PL.PZGIK.200</sln:powIIPPn><sln:powIIPWersja>2012-09-27T10:00:59+02:00</sln:powIIPWersja><sln:powIdTeryt>2819</sln:powIdTeryt><sln:powNazwa>węgorzewski</sln:powNazwa><sln:wojIIPId>45e7cfc6-6d8b-42ff-acbd-ef1d0a53dacb</sln:wojIIPId><sln:wojIIPPn>PL.PZGIK.200</sln:wojIIPPn><sln:wojIIPWersja>2012-09-27T13:45:13+02:00</sln:wojIIPWersja><sln:wojIdTeryt>28</sln:wojIdTeryt><sln:wojNazwa>warmińsko-mazurskie</sln:wojNazwa></sln:miejscowosc><sln:miejscowosc><sln:cyklZyciaDo>2017-03-06T00:00:00+01:00</sln:cyklZyciaDo><sln:cyklZyciaOd>2014-12-06T00:00:00+01:00</sln:cyklZyciaOd><sln:gmIIPId>6814ff13-291a-47e2-90e3-a84485954dbc</sln:gmIIPId><sln:gmIIPPn>PL.PZGIK.200</sln:gmIIPPn><sln:gmIIPWersja>2012-09-26T22:22:05+02:00</sln:gmIIPWersja><sln:gmIdTeryt>2819012</sln:gmIdTeryt><sln:gmNazwa>Budry</sln:gmNazwa><sln:miejscIIPId>71345027-c0f3-417f-96dc-812130ce1eec</sln:miejscIIPId><sln:miejscIIPPn>PL.PZGIK.200</sln:miejscIIPPn><sln:miejscIIPWersja>2016-11-24T13:59:00+02:00</sln:miejscIIPWersja><sln:miejscIdTeryt>0755477</sln:miejscIdTeryt><sln:miejscNazwa>Maryszki</sln:miejscNazwa><sln:miejscRodzaj>Inny obiekt</sln:miejscRodzaj><sln:powIIPId>78e43ff2-3a0c-497c-ba06-95f283fc066c</sln:powIIPId><sln:powIIPPn>PL.PZGIK.200</sln:powIIPPn><sln:powIIPWersja>2012-09-27T10:00:59+02:00</sln:powIIPWersja><sln:powIdTeryt>2819</sln:powIdTeryt><sln:powNazwa>węgorzewski</sln:powNazwa><sln:wojIIPId>45e7cfc6-6d8b-42ff-acbd-ef1d0a53dacb</sln:wojIIPId><sln:wojIIPPn>PL.PZGIK.200</sln:wojIIPPn><sln:wojIIPWersja>2012-09-27T13:45:13+02:00</sln:wojIIPWersja><sln:wojIdTeryt>28</sln:wojIdTeryt><sln:wojNazwa>warmińsko-mazurskie</sln:wojNazwa></sln:miejscowosc><sln:miejscowosc><sln:cyklZyciaDo>2017-03-06T00:00:00+01:00</sln:cyklZyciaDo><sln:cyklZyciaOd>2014-12-06T00:00:00+01:00</sln:cyklZyciaOd><sln:gmIIPId>6814ff13-291a-47e2-90e3-a84485954dbc</sln:gmIIPId><sln:gmIIPPn>PL.PZGIK.200</sln:gmIIPPn><sln:gmIIPWersja>2012-09-26T22:22:05+02:00</sln:gmIIPWersja><sln:gmIdTeryt>2819012</sln:gmIdTeryt><sln:gmNazwa>Budry</sln:gmNazwa><sln:miejscIIPId>e04a1e20-2302-4a5b-aa3b-b6e0bb6fb522</sln:miejscIIPId><sln:miejscIIPPn>PL.PZGIK.200</sln:miejscIIPPn><sln:miejscIIPWersja>2016-11-24T13:47:02+02:00</sln:miejscIIPWersja><sln:miejscIdTeryt>0755388</sln:miejscIdTeryt><sln:miejscNazwa>Bogumiły</sln:miejscNazwa><sln:miejscRodzaj>Osada</sln:miejscRodzaj><sln:powIIPId>78e43ff2-3a0c-497c-ba06-95f283fc066c</sln:powIIPId><sln:powIIPPn>PL.PZGIK.200</sln:powIIPPn><sln:powIIPWersja>2012-09-27T10:00:59+02:00</sln:powIIPWersja><sln:powIdTeryt>2819</sln:powIdTeryt><sln:powNazwa>węgorzewski</sln:powNazwa><sln:wojIIPId>45e7cfc6-6d8b-42ff-acbd-ef1d0a53dacb</sln:wojIIPId><sln:wojIIPPn>PL.PZGIK.200</sln:wojIIPPn><sln:wojIIPWersja>2012-09-27T13:45:13+02:00</sln:wojIIPWersja><sln:wojIdTeryt>28</sln:wojIdTeryt><sln:wojNazwa>warmińsko-mazurskie</sln:wojNazwa></sln:miejscowosc><sln:miejscowosc><sln:cyklZyciaDo>2017-03-06T00:00:00+01:00</sln:cyklZyciaDo><sln:cyklZyciaOd>2014-12-06T00:00:00+01:00</sln:cyklZyciaOd><sln:gmIIPId>6814ff13-291a-47e2-90e3-a84485954dbc</sln:gmIIPId><sln:gmIIPPn>PL.PZGIK.200</sln:gmIIPPn><sln:gmIIPWersja>2012-09-26T22:22:05+02:00</sln:gmIIPWersja><sln:gmIdTeryt>2819012</sln:gmIdTeryt><sln:gmNazwa>Budry</sln:gmNazwa><sln:miejscIIPId>0c57c643-e8f3-411c-aa30-9f282c9e7af2</sln:miejscIIPId><sln:miejscIIPPn>PL.PZGIK.200</sln:miejscIIPPn><sln:miejscIIPWersja>2016-11-24T13:47:00+02:00</sln:miejscIIPWersja><sln:miejscIdTeryt>0755595</sln:miejscIdTeryt><sln:miejscNazwa>Skalisze</sln:miejscNazwa><sln:miejscRodzaj>Osada leśna</sln:miejscRodzaj><sln:powIIPId>78e43ff2-3a0c-497c-ba06-95f283fc066c</sln:powIIPId><sln:powIIPPn>PL.PZGIK.200</sln:powIIPPn><sln:powIIPWersja>2012-09-27T10:00:59+02:00</sln:powIIPWersja><sln:powIdTeryt>2819</sln:powIdTeryt><sln:powNazwa>węgorzewski</sln:powNazwa><sln:wojIIPId>45e7cfc6-6d8b-42ff-acbd-ef1d0a53dacb</sln:wojIIPId><sln:wojIIPPn>PL.PZGIK.200</sln:wojIIPPn><sln:wojIIPWersja>2012-09-27T13:45:13+02:00</sln:wojIIPWersja><sln:wojIdTeryt>28</sln:wojIdTeryt><sln:wojNazwa>warmińsko-mazurskie</sln:wojNazwa></sln:miejscowosc><sln:miejscowosc><sln:cyklZyciaDo>2017-03-06T00:00:00+01:00</sln:cyklZyciaDo><sln:cyklZyciaOd>2014-12-06T00:00:00+01:00</sln:cyklZyciaOd><sln:gmIIPId>6814ff13-291a-47e2-90e3-a84485954dbc</sln:gmIIPId><sln:gmIIPPn>PL.PZGIK.200</sln:gmIIPPn><sln:gmIIPWersja>2012-09-26T22:22:05+02:00</sln:gmIIPWersja><sln:gmIdTeryt>2819012</sln:gmIdTeryt><sln:gmNazwa>Budry</sln:gmNazwa><sln:miejscIIPId>080a7bf3-0039-451f-a5c1-2ee9a86addbc</sln:miejscIIPId><sln:miejscIIPPn>PL.PZGIK.200</sln:miejscIIPPn><sln:miejscIIPWersja>2016-11-24T13:33:05+02:00</sln:miejscIIPWersja><sln:miejscIdTeryt>0755610</sln:miejscIdTeryt><sln:miejscNazwa>Wężówko</sln:miejscNazwa><sln:miejscRodzaj>Wieś</sln:miejscRodzaj><sln:powIIPId>78e43ff2-3a0c-497c-ba06-95f283fc066c</sln:powIIPId><sln:powIIPPn>PL.PZGIK.200</sln:powIIPPn><sln:powIIPWersja>2012-09-27T10:00:59+02:00</sln:powIIPWersja><sln:powIdTeryt>2819</sln:powIdTeryt><sln:powNazwa>węgorzewski</sln:powNazwa><sln:wojIIPId>45e7cfc6-6d8b-42ff-acbd-ef1d0a53dacb</sln:wojIIPId><sln:wojIIPPn>PL.PZGIK.200</sln:wojIIPPn><sln:wojIIPWersja>2012-09-27T13:45:13+02:00</sln:wojIIPWersja><sln:wojIdTeryt>28</sln:wojIdTeryt><sln:wojNazwa>warmińsko-mazurskie</sln:wojNazwa></sln:miejscowosc><sln:miejscowosc><sln:cyklZyciaDo>2017-03-06T00:00:00+01:00</sln:cyklZyciaDo><sln:cyklZyciaOd>2014-12-06T00:00:00+01:00</sln:cyklZyciaOd><sln:gmIIPId>6814ff13-291a-47e2-90e3-a84485954dbc</sln:gmIIPId><sln:gmIIPPn>PL.PZGIK.200</sln:gmIIPPn><sln:gmIIPWersja>2012-09-26T22:22:05+02:00</sln:gmIIPWersja><sln:gmIdTeryt>2819012</sln:gmIdTeryt><sln:gmNazwa>Budry</sln:gmNazwa><sln:miejscIIPId>22803b38-c813-412a-aea6-c4b98c5fc445</sln:miejscIIPId><sln:miejscIIPPn>PL.PZGIK.200</sln:miejscIIPPn><sln:miejscIIPWersja>2016-11-24T13:36:39+02:00</sln:miejscIIPWersja><sln:miejscIdTeryt>0755394</sln:miejscIdTeryt><sln:miejscNazwa>Dowiaty</sln:miejscNazwa><sln:miejscRodzaj>Wieś</sln:miejscRodzaj><sln:powIIPId>78e43ff2-3a0c-497c-ba06-95f283fc066c</sln:powIIPId><sln:powIIPPn>PL.PZGIK.200</sln:powIIPPn><sln:powIIPWersja>2012-09-27T10:00:59+02:00</sln:powIIPWersja><sln:powIdTeryt>2819</sln:powIdTeryt><sln:powNazwa>węgorzewski</sln:powNazwa><sln:wojIIPId>45e7cfc6-6d8b-42ff-acbd-ef1d0a53dacb</sln:wojIIPId><sln:wojIIPPn>PL.PZGIK.200</sln:wojIIPPn><sln:wojIIPWersja>2012-09-27T13:45:13+02:00</sln:wojIIPWersja><sln:wojIdTeryt>28</sln:wojIdTeryt><sln:wojNazwa>warmińsko-mazurskie</sln:wojNazwa></sln:miejscowosc><sln:miejscowosc><sln:cyklZyciaDo>2017-03-06T00:00:00+01:00</sln:cyklZyciaDo><sln:cyklZyciaOd>2014-12-06T00:00:00+01:00</sln:cyklZyciaOd><sln:gmIIPId>6814ff13-291a-47e2-90e3-a84485954dbc</sln:gmIIPId><sln:gmIIPPn>PL.PZGIK.200</sln:gmIIPPn><sln:gmIIPWersja>2012-09-26T22:22:05+02:00</sln:gmIIPWersja><sln:gmIdTeryt>2819012</sln:gmIdTeryt><sln:gmNazwa>Budry</sln:gmNazwa><sln:miejscIIPId>f812729d-f65f-4c8d-ab7d-819a781eaf17</sln:miejscIIPId><sln:miejscIIPPn>PL.PZGIK.200</sln:miejscIIPPn><sln:miejscIIPWersja>2016-11-24T13:56:05+02:00</sln:miejscIIPWersja><sln:miejscIdTeryt>0755454</sln:miejscIdTeryt><sln:miejscNazwa>Koźlak</sln:miejscNazwa><sln:miejscRodzaj>Osada</sln:miejscRodzaj><sln:powIIPId>78e43ff2-3a0c-497c-ba06-95f283fc066c</sln:powIIPId><sln:powIIPPn>PL.PZGIK.200</sln:powIIPPn><sln:powIIPWersja>2012-09-27T10:00:59+02:00</sln:powIIPWersja><sln:powIdTeryt>2819</sln:powIdTeryt><sln:powNazwa>węgorzewski</sln:powNazwa><sln:wojIIPId>45e7cfc6-6d8b-42ff-acbd-ef1d0a53dacb</sln:wojIIPId><sln:wojIIPPn>PL.PZGIK.200</sln:wojIIPPn><sln:wojIIPWersja>2012-09-27T13:45:13+02:00</sln:wojIIPWersja><sln:wojIdTeryt>28</sln:wojIdTeryt><sln:wojNazwa>warmińsko-mazurskie</sln:wojNazwa></sln:miejscowosc><sln:miejscowosc><sln:cyklZyciaDo>2017-03-06T00:00:00+01:00</sln:cyklZyciaDo><sln:cyklZyciaOd>2014-12-06T00:00:00+01:00</sln:cyklZyciaOd><sln:gmIIPId>6814ff13-291a-47e2-90e3-a84485954dbc</sln:gmIIPId><sln:gmIIPPn>PL.PZGIK.200</sln:gmIIPPn><sln:gmIIPWersja>2012-09-26T22:22:05+02:00</sln:gmIIPWersja><sln:gmIdTeryt>2819012</sln:gmIdTeryt><sln:gmNazwa>Budry</sln:gmNazwa><sln:miejscIIPId>c0567680-589f-4474-a323-14a9f4685999</sln:miejscIIPId><sln:miejscIIPPn>PL.PZGIK.200</sln:miejscIIPPn><sln:miejscIIPWersja>2016-11-24T13:28:09+02:00</sln:miejscIIPWersja><sln:miejscIdTeryt>0755543</sln:miejscIdTeryt><sln:miejscNazwa>Piłaki Małe</sln:miejscNazwa><sln:miejscRodzaj>Wieś</sln:miejscRodzaj><sln:powIIPId>78e43ff2-3a0c-497c-ba06-95f283fc066c</sln:powIIPId><sln:powIIPPn>PL.PZGIK.200</sln:powIIPPn><sln:powIIPWersja>2012-09-27T10:00:59+02:00</sln:powIIPWersja><sln:powIdTeryt>2819</sln:powIdTeryt><sln:powNazwa>węgorzewski</sln:powNazwa><sln:wojIIPId>45e7cfc6-6d8b-42ff-acbd-ef1d0a53dacb</sln:wojIIPId><sln:wojIIPPn>PL.PZGIK.200</sln:wojIIPPn><sln:wojIIPWersja>2012-09-27T13:45:13+02:00</sln:wojIIPWersja><sln:wojIdTeryt>28</sln:wojIdTeryt><sln:wojNazwa>warmińsko-mazurskie</sln:wojNazwa></sln:miejscowosc><sln:miejscowosc><sln:cyklZyciaDo>2017-03-06T00:00:00+01:00</sln:cyklZyciaDo><sln:cyklZyciaOd>2014-12-06T00:00:00+01:00</sln:cyklZyciaOd><sln:gmIIPId>6814ff13-291a-47e2-90e3-a84485954dbc</sln:gmIIPId><sln:gmIIPPn>PL.PZGIK.200</sln:gmIIPPn><sln:gmIIPWersja>2012-09-26T22:22:05+02:00</sln:gmIIPWersja><sln:gmIdTeryt>2819012</sln:gmIdTeryt><sln:gmNazwa>Budry</sln:gmNazwa><sln:miejscIIPId>44842570-7d5a-4cd3-bb5a-532e05e00b7f</sln:miejscIIPId><sln:miejscIIPPn>PL.PZGIK.200</sln:miejscIIPPn><sln:miejscIIPWersja>2016-11-24T13:30:46+02:00</sln:miejscIIPWersja><sln:miejscIdTeryt>0755371</sln:miejscIdTeryt><sln:miejscNazwa>Budry</sln:miejscNazwa><sln:miejscRodzaj>Wieś</sln:miejscRodzaj><sln:powIIPId>78e43ff2-3a0c-497c-ba06-95f283fc066c</sln:powIIPId><sln:powIIPPn>PL.PZGIK.200</sln:powIIPPn><sln:powIIPWersja>2012-09-27T10:00:59+02:00</sln:powIIPWersja><sln:powIdTeryt>2819</sln:powIdTeryt><sln:powNazwa>węgorzewski</sln:powNazwa><sln:wojIIPId>45e7cfc6-6d8b-42ff-acbd-ef1d0a53dacb</sln:wojIIPId><sln:wojIIPPn>PL.PZGIK.200</sln:wojIIPPn><sln:wojIIPWersja>2012-09-27T13:45:13+02:00</sln:wojIIPWersja><sln:wojIdTeryt>28</sln:wojIdTeryt><sln:wojNazwa>warmińsko-mazurskie</sln:wojNazwa></sln:miejscowosc><sln:miejscowosc><sln:cyklZyciaDo>2017-03-06T00:00:00+01:00</sln:cyklZyciaDo><sln:cyklZyciaOd>2014-12-06T00:00:00+01:00</sln:cyklZyciaOd><sln:gmIIPId>6814ff13-291a-47e2-90e3-a84485954dbc</sln:gmIIPId><sln:gmIIPPn>PL.PZGIK.200</sln:gmIIPPn><sln:gmIIPWersja>2012-09-26T22:22:05+02:00</sln:gmIIPWersja><sln:gmIdTeryt>2819012</sln:gmIdTeryt><sln:gmNazwa>Budry</sln:gmNazwa><sln:miejscIIPId>bdcfb175-be35-49a5-abd4-671fdfd657bc</sln:miejscIIPId><sln:miejscIIPPn>PL.PZGIK.200</sln:miejscIIPPn><sln:miejscIIPWersja>2016-11-24T13:52:20+02:00</sln:miejscIIPWersja><sln:miejscIdTeryt>0755419</sln:miejscIdTeryt><sln:miejscNazwa>Dąbrówka</sln:miejscNazwa><sln:miejscRodzaj>Osada</sln:miejscRodzaj><sln:powIIPId>78e43ff2-3a0c-497c-ba06-95f283fc066c</sln:powIIPId><sln:powIIPPn>PL.PZGIK.200</sln:powIIPPn><sln:powIIPWersja>2012-09-27T10:00:59+02:00</sln:powIIPWersja><sln:powIdTeryt>2819</sln:powIdTeryt><sln:powNazwa>węgorzewski</sln:powNazwa><sln:wojIIPId>45e7cfc6-6d8b-42ff-acbd-ef1d0a53dacb</sln:wojIIPId><sln:wojIIPPn>PL.PZGIK.200</sln:wojIIPPn><sln:wojIIPWersja>2012-09-27T13:45:13+02:00</sln:wojIIPWersja><sln:wojIdTeryt>28</sln:wojIdTeryt><sln:wojNazwa>warmińsko-mazurskie</sln:wojNazwa></sln:miejscowosc><sln:miejscowosc><sln:cyklZyciaDo>2017-03-06T00:00:00+01:00</sln:cyklZyciaDo><sln:cyklZyciaOd>2014-12-06T00:00:00+01:00</sln:cyklZyciaOd><sln:gmIIPId>6814ff13-291a-47e2-90e3-a84485954dbc</sln:gmIIPId><sln:gmIIPPn>PL.PZGIK.200</sln:gmIIPPn><sln:gmIIPWersja>2012-09-26T22:22:05+02:00</sln:gmIIPWersja><sln:gmIdTeryt>2819012</sln:gmIdTeryt><sln:gmNazwa>Budry</sln:gmNazwa><sln:miejscIIPId>7f95ea25-0803-4337-8311-5fffc2714594</sln:miejscIIPId><sln:miejscIIPPn>PL.PZGIK.200</sln:miejscIIPPn><sln:miejscIIPWersja>2016-11-24T13:59:00+02:00</sln:miejscIIPWersja><sln:miejscIdTeryt>0755490</sln:miejscIdTeryt><sln:miejscNazwa>Piotrówko</sln:miejscNazwa><sln:miejscRodzaj>Inny obiekt</sln:miejscRodzaj><sln:powIIPId>78e43ff2-3a0c-497c-ba06-95f283fc066c</sln:powIIPId><sln:powIIPPn>PL.PZGIK.200</sln:powIIPPn><sln:powIIPWersja>2012-09-27T10:00:59+02:00</sln:powIIPWersja><sln:powIdTeryt>2819</sln:powIdTeryt><sln:powNazwa>węgorzewski</sln:powNazwa><sln:wojIIPId>45e7cfc6-6d8b-42ff-acbd-ef1d0a53dacb</sln:wojIIPId><sln:wojIIPPn>PL.PZGIK.200</sln:wojIIPPn><sln:wojIIPWersja>2012-09-27T13:45:13+02:00</sln:wojIIPWersja><sln:wojIdTeryt>28</sln:wojIdTeryt><sln:wojNazwa>warmińsko-mazurskie</sln:wojNazwa></sln:miejscowosc><sln:miejscowosc><sln:cyklZyciaDo>2017-03-06T00:00:00+01:00</sln:cyklZyciaDo><sln:cyklZyciaOd>2014-12-06T00:00:00+01:00</sln:cyklZyciaOd><sln:gmIIPId>6814ff13-291a-47e2-90e3-a84485954dbc</sln:gmIIPId><sln:gmIIPPn>PL.PZGIK.200</sln:gmIIPPn><sln:gmIIPWersja>2012-09-26T22:22:05+02:00</sln:gmIIPWersja><sln:gmIdTeryt>2819012</sln:gmIdTeryt><sln:gmNazwa>Budry</sln:gmNazwa><sln:miejscIIPId>dd6439a5-f6aa-4496-bd1e-622b33d597ad</sln:miejscIIPId><sln:miejscIIPPn>PL.PZGIK.200</sln:miejscIIPPn><sln:miejscIIPWersja>2016-11-24T13:28:47+02:00</sln:miejscIIPWersja><sln:miejscIdTeryt>0755566</sln:miejscIdTeryt><sln:miejscNazwa>Popioły</sln:miejscNazwa><sln:miejscRodzaj>Wieś</sln:miejscRodzaj><sln:powIIPId>78e43ff2-3a0c-497c-ba06-95f283fc066c</sln:powIIPId><sln:powIIPPn>PL.PZGIK.200</sln:powIIPPn><sln:powIIPWersja>2012-09-27T10:00:59+02:00</sln:powIIPWersja><sln:powIdTeryt>2819</sln:powIdTeryt><sln:powNazwa>węgorzewski</sln:powNazwa><sln:wojIIPId>45e7cfc6-6d8b-42ff-acbd-ef1d0a53dacb</sln:wojIIPId><sln:wojIIPPn>PL.PZGIK.200</sln:wojIIPPn><sln:wojIIPWersja>2012-09-27T13:45:13+02:00</sln:wojIIPWersja><sln:wojIdTeryt>28</sln:wojIdTeryt><sln:wojNazwa>warmińsko-mazurskie</sln:wojNazwa></sln:miejscowosc><sln:miejscowosc><sln:cyklZyciaDo>2017-03-06T00:00:00+01:00</sln:cyklZyciaDo><sln:cyklZyciaOd>2014-12-06T00:00:00+01:00</sln:cyklZyciaOd><sln:gmIIPId>6814ff13-291a-47e2-90e3-a84485954dbc</sln:gmIIPId><sln:gmIIPPn>PL.PZGIK.200</sln:gmIIPPn><sln:gmIIPWersja>2012-09-26T22:22:05+02:00</sln:gmIIPWersja><sln:gmIdTeryt>2819012</sln:gmIdTeryt><sln:gmNazwa>Budry</sln:gmNazwa><sln:miejscIIPId>288f6026-65ea-4369-8921-1234783f0311</sln:miejscIIPId><sln:miejscIIPPn>PL.PZGIK.200</sln:miejscIIPPn><sln:miejscIIPWersja>2016-11-24T13:50:44+02:00</sln:miejscIIPWersja><sln:miejscIdTeryt>0755661</sln:miejscIdTeryt><sln:miejscNazwa>Sąkieły Wielkie</sln:miejscNazwa><sln:miejscRodzaj>Inny obiekt</sln:miejscRodzaj><sln:powIIPId>78e43ff2-3a0c-497c-ba06-95f283fc066c</sln:powIIPId><sln:powIIPPn>PL.PZGIK.200</sln:powIIPPn><sln:powIIPWersja>2012-09-27T10:00:59+02:00</sln:powIIPWersja><sln:powIdTeryt>2819</sln:powIdTeryt><sln:powNazwa>węgorzewski</sln:powNazwa><sln:wojIIPId>45e7cfc6-6d8b-42ff-acbd-ef1d0a53dacb</sln:wojIIPId><sln:wojIIPPn>PL.PZGIK.200</sln:wojIIPPn><sln:wojIIPWersja>2012-09-27T13:45:13+02:00</sln:wojIIPWersja><sln:wojIdTeryt>28</sln:wojIdTeryt><sln:wojNazwa>warmińsko-mazurskie</sln:wojNazwa></sln:miejscowosc><sln:miejscowosc><sln:cyklZyciaDo>2017-03-06T00:00:00+01:00</sln:cyklZyciaDo><sln:cyklZyciaOd>2014-12-06T00:00:00+01:00</sln:cyklZyciaOd><sln:gmIIPId>6814ff13-291a-47e2-90e3-a84485954dbc</sln:gmIIPId><sln:gmIIPPn>PL.PZGIK.200</sln:gmIIPPn><sln:gmIIPWersja>2012-09-26T22:22:05+02:00</sln:gmIIPWersja><sln:gmIdTeryt>2819012</sln:gmIdTeryt><sln:gmNazwa>Budry</sln:gmNazwa><sln:miejscIIPId>6a88a6cb-42e7-416c-b9e8-05f811fd4de5</sln:miejscIIPId><sln:miejscIIPPn>PL.PZGIK.200</sln:miejscIIPPn><sln:miejscIIPWersja>2016-11-24T13:54:28+02:00</sln:miejscIIPWersja><sln:miejscIdTeryt>0755448</sln:miejscIdTeryt><sln:miejscNazwa>Kaczorowo</sln:miejscNazwa><sln:miejscRodzaj>Wieś</sln:miejscRodzaj><sln:powIIPId>78e43ff2-3a0c-497c-ba06-95f283fc066c</sln:powIIPId><sln:powIIPPn>PL.PZGIK.200</sln:powIIPPn><sln:powIIPWersja>2012-09-27T10:00:59+02:00</sln:powIIPWersja><sln:powIdTeryt>2819</sln:powIdTeryt><sln:powNazwa>węgorzewski</sln:powNazwa><sln:wojIIPId>45e7cfc6-6d8b-42ff-acbd-ef1d0a53dacb</sln:wojIIPId><sln:wojIIPPn>PL.PZGIK.200</sln:wojIIPPn><sln:wojIIPWersja>2012-09-27T13:45:13+02:00</sln:wojIIPWersja><sln:wojIdTeryt>28</sln:wojIdTeryt><sln:wojNazwa>warmińsko-mazurskie</sln:wojNazwa></sln:miejscowosc><sln:miejscowosc><sln:cyklZyciaDo>2017-03-06T00:00:00+01:00</sln:cyklZyciaDo><sln:cyklZyciaOd>2014-12-06T00:00:00+01:00</sln:cyklZyciaOd><sln:gmIIPId>6814ff13-291a-47e2-90e3-a84485954dbc</sln:gmIIPId><sln:gmIIPPn>PL.PZGIK.200</sln:gmIIPPn><sln:gmIIPWersja>2012-09-26T22:22:05+02:00</sln:gmIIPWersja><sln:gmIdTeryt>2819012</sln:gmIdTeryt><sln:gmNazwa>Budry</sln:gmNazwa><sln:miejscIIPId>82afb1ee-7042-4473-bc5d-fbc7a150059c</sln:miejscIIPId><sln:miejscIIPPn>PL.PZGIK.200</sln:miejscIIPPn><sln:miejscIIPWersja>2016-11-24T13:43:56+02:00</sln:miejscIIPWersja><sln:miejscIdTeryt>0755508</sln:miejscIdTeryt><sln:miejscNazwa>Ołownik</sln:miejscNazwa><sln:miejscRodzaj>Wieś</sln:miejscRodzaj><sln:powIIPId>78e43ff2-3a0c-497c-ba06-95f283fc066c</sln:powIIPId><sln:powIIPPn>PL.PZGIK.200</sln:powIIPPn><sln:powIIPWersja>2012-09-27T10:00:59+02:00</sln:powIIPWersja><sln:powIdTeryt>2819</sln:powIdTeryt><sln:powNazwa>węgorzewski</sln:powNazwa><sln:wojIIPId>45e7cfc6-6d8b-42ff-acbd-ef1d0a53dacb</sln:wojIIPId><sln:wojIIPPn>PL.PZGIK.200</sln:wojIIPPn><sln:wojIIPWersja>2012-09-27T13:45:13+02:00</sln:wojIIPWersja><sln:wojIdTeryt>28</sln:wojIdTeryt><sln:wojNazwa>warmińsko-mazurskie</sln:wojNazwa></sln:miejscowosc><sln:miejscowosc><sln:cyklZyciaDo>2017-03-06T00:00:00+01:00</sln:cyklZyciaDo><sln:cyklZyciaOd>2014-12-06T00:00:00+01:00</sln:cyklZyciaOd><sln:gmIIPId>6814ff13-291a-47e2-90e3-a84485954dbc</sln:gmIIPId><sln:gmIIPPn>PL.PZGIK.200</sln:gmIIPPn><sln:gmIIPWersja>2012-09-26T22:22:05+02:00</sln:gmIIPWersja><sln:gmIdTeryt>2819012</sln:gmIdTeryt><sln:gmNazwa>Budry</sln:gmNazwa><sln:miejscIIPId>4a19759d-8ef2-44dd-a53d-1b2bf5c4e6ab</sln:miejscIIPId><sln:miejscIIPPn>PL.PZGIK.200</sln:miejscIIPPn><sln:miejscIIPWersja>2016-11-24T13:37:55+02:00</sln:miejscIIPWersja><sln:miejscIdTeryt>0755431</sln:miejscIdTeryt><sln:miejscNazwa>Grądy Węgorzewskie</sln:miejscNazwa><sln:miejscRodzaj>Wieś</sln:miejscRodzaj><sln:powIIPId>78e43ff2-3a0c-497c-ba06-95f283fc066c</sln:powIIPId><sln:powIIPPn>PL.PZGIK.200</sln:powIIPPn><sln:powIIPWersja>2012-09-27T10:00:59+02:00</sln:powIIPWersja><sln:powIdTeryt>2819</sln:powIdTeryt><sln:powNazwa>węgorzewski</sln:powNazwa><sln:wojIIPId>45e7cfc6-6d8b-42ff-acbd-ef1d0a53dacb</sln:wojIIPId><sln:wojIIPPn>PL.PZGIK.200</sln:wojIIPPn><sln:wojIIPWersja>2012-09-27T13:45:13+02:00</sln:wojIIPWersja><sln:wojIdTeryt>28</sln:wojIdTeryt><sln:wojNazwa>warmińsko-mazurskie</sln:wojNazwa></sln:miejscowosc><sln:miejscowosc><sln:cyklZyciaDo>2017-03-06T00:00:00+01:00</sln:cyklZyciaDo><sln:cyklZyciaOd>2014-12-06T00:00:00+01:00</sln:cyklZyciaOd><sln:gmIIPId>6814ff13-291a-47e2-90e3-a84485954dbc</sln:gmIIPId><sln:gmIIPPn>PL.PZGIK.200</sln:gmIIPPn><sln:gmIIPWersja>2012-09-26T22:22:05+02:00</sln:gmIIPWersja><sln:gmIdTeryt>2819012</sln:gmIdTeryt><sln:gmNazwa>Budry</sln:gmNazwa><sln:miejscIIPId>61ecd808-035c-4b54-ad88-09b8fbf9322e</sln:miejscIIPId><sln:miejscIIPPn>PL.PZGIK.200</sln:miejscIIPPn><sln:miejscIIPWersja>2016-11-24T13:33:15+02:00</sln:miejscIIPWersja><sln:miejscIdTeryt>0755626</sln:miejscIdTeryt><sln:miejscNazwa>Więcki</sln:miejscNazwa><sln:miejscRodzaj>Wieś</sln:miejscRodzaj><sln:powIIPId>78e43ff2-3a0c-497c-ba06-95f283fc066c</sln:powIIPId><sln:powIIPPn>PL.PZGIK.200</sln:powIIPPn><sln:powIIPWersja>2012-09-27T10:00:59+02:00</sln:powIIPWersja><sln:powIdTeryt>2819</sln:powIdTeryt><sln:powNazwa>węgorzewski</sln:powNazwa><sln:wojIIPId>45e7cfc6-6d8b-42ff-acbd-ef1d0a53dacb</sln:wojIIPId><sln:wojIIPPn>PL.PZGIK.200</sln:wojIIPPn><sln:wojIIPWersja>2012-09-27T13:45:13+02:00</sln:wojIIPWersja><sln:wojIdTeryt>28</sln:wojIdTeryt><sln:wojNazwa>warmińsko-mazurskie</sln:wojNazwa></sln:miejscowosc><sln:miejscowosc><sln:cyklZyciaDo>2017-03-06T00:00:00+01:00</sln:cyklZyciaDo><sln:cyklZyciaOd>2014-12-06T00:00:00+01:00</sln:cyklZyciaOd><sln:gmIIPId>6814ff13-291a-47e2-90e3-a84485954dbc</sln:gmIIPId><sln:gmIIPPn>PL.PZGIK.200</sln:gmIIPPn><sln:gmIIPWersja>2012-09-26T22:22:05+02:00</sln:gmIIPWersja><sln:gmIdTeryt>2819012</sln:gmIdTeryt><sln:gmNazwa>Budry</sln:gmNazwa><sln:miejscIIPId>c62ed293-aa3e-450b-81cd-b4f0806e8a11</sln:miejscIIPId><sln:miejscIIPPn>PL.PZGIK.200</sln:miejscIIPPn><sln:miejscIIPWersja>2016-11-24T13:45:04+02:00</sln:miejscIIPWersja><sln:miejscIdTeryt>0755572</sln:miejscIdTeryt><sln:miejscNazwa>Wydutki</sln:miejscNazwa><sln:miejscRodzaj>Osada</sln:miejscRodzaj><sln:powIIPId>78e43ff2-3a0c-497c-ba06-95f283fc066c</sln:powIIPId><sln:powIIPPn>PL.PZGIK.200</sln:powIIPPn><sln:powIIPWersja>2012-09-27T10:00:59+02:00</sln:powIIPWersja><sln:powIdTeryt>2819</sln:powIdTeryt><sln:powNazwa>węgorzewski</sln:powNazwa><sln:wojIIPId>45e7cfc6-6d8b-42ff-acbd-ef1d0a53dacb</sln:wojIIPId><sln:wojIIPPn>PL.PZGIK.200</sln:wojIIPPn><sln:wojIIPWersja>2012-09-27T13:45:13+02:00</sln:wojIIPWersja><sln:wojIdTeryt>28</sln:wojIdTeryt><sln:wojNazwa>warmińsko-mazurskie</sln:wojNazwa></sln:miejscowosc><sln:miejscowosc><sln:cyklZyciaDo>2017-03-06T00:00:00+01:00</sln:cyklZyciaDo><sln:cyklZyciaOd>2014-12-06T00:00:00+01:00</sln:cyklZyciaOd><sln:gmIIPId>6814ff13-291a-47e2-90e3-a84485954dbc</sln:gmIIPId><sln:gmIIPPn>PL.PZGIK.200</sln:gmIIPPn><sln:gmIIPWersja>2012-09-26T22:22:05+02:00</sln:gmIIPWersja><sln:gmIdTeryt>2819012</sln:gmIdTeryt><sln:gmNazwa>Budry</sln:gmNazwa><sln:miejscIIPId>d3611649-6be0-4b3d-a23f-5b316563ff73</sln:miejscIIPId><sln:miejscIIPPn>PL.PZGIK.200</sln:miejscIIPPn><sln:miejscIIPWersja>2016-11-24T13:43:55+02:00</sln:miejscIIPWersja><sln:miejscIdTeryt>0755460</sln:miejscIdTeryt><sln:miejscNazwa>Olszewo Węgorzewskie</sln:miejscNazwa><sln:miejscRodzaj>Wieś</sln:miejscRodzaj><sln:powIIPId>78e43ff2-3a0c-497c-ba06-95f283fc066c</sln:powIIPId><sln:powIIPPn>PL.PZGIK.200</sln:powIIPPn><sln:powIIPWersja>2012-09-27T10:00:59+02:00</sln:powIIPWersja><sln:powIdTeryt>2819</sln:powIdTeryt><sln:powNazwa>węgorzewski</sln:powNazwa><sln:wojIIPId>45e7cfc6-6d8b-42ff-acbd-ef1d0a53dacb</sln:wojIIPId><sln:wojIIPPn>PL.PZGIK.200</sln:wojIIPPn><sln:wojIIPWersja>2012-09-27T13:45:13+02:00</sln:wojIIPWersja><sln:wojIdTeryt>28</sln:wojIdTeryt><sln:wojNazwa>warmińsko-mazurskie</sln:wojNazwa></sln:miejscowosc><sln:miejscowosc><sln:cyklZyciaDo>2017-03-06T00:00:00+01:00</sln:cyklZyciaDo><sln:cyklZyciaOd>2014-12-06T00:00:00+01:00</sln:cyklZyciaOd><sln:gmIIPId>6814ff13-291a-47e2-90e3-a84485954dbc</sln:gmIIPId><sln:gmIIPPn>PL.PZGIK.200</sln:gmIIPPn><sln:gmIIPWersja>2012-09-26T22:22:05+02:00</sln:gmIIPWersja><sln:gmIdTeryt>2819012</sln:gmIdTeryt><sln:gmNazwa>Budry</sln:gmNazwa><sln:miejscIIPId>5316c66a-7a45-4656-bc55-b4871d800b9b</sln:miejscIIPId><sln:miejscIIPPn>PL.PZGIK.200</sln:miejscIIPPn><sln:miejscIIPWersja>2016-11-24T13:37:42+02:00</sln:miejscIIPWersja><sln:miejscIdTeryt>0755425</sln:miejscIdTeryt><sln:miejscNazwa>Góry</sln:miejscNazwa><sln:miejscRodzaj>Wieś</sln:miejscRodzaj><sln:powIIPId>78e43ff2-3a0c-497c-ba06-95f283fc066c</sln:powIIPId><sln:powIIPPn>PL.PZGIK.200</sln:powIIPPn><sln:powIIPWersja>2012-09-27T10:00:59+02:00</sln:powIIPWersja><sln:powIdTeryt>2819</sln:powIdTeryt><sln:powNazwa>węgorzewski</sln:powNazwa><sln:wojIIPId>45e7cfc6-6d8b-42ff-acbd-ef1d0a53dacb</sln:wojIIPId><sln:wojIIPPn>PL.PZGIK.200</sln:wojIIPPn><sln:wojIIPWersja>2012-09-27T13:45:13+02:00</sln:wojIIPWersja><sln:wojIdTeryt>28</sln:wojIdTeryt><sln:wojNazwa>warmińsko-mazurskie</sln:wojNazwa></sln:miejscowosc><sln:miejscowosc><sln:cyklZyciaDo>2017-03-06T00:00:00+01:00</sln:cyklZyciaDo><sln:cyklZyciaOd>2014-12-06T00:00:00+01:00</sln:cyklZyciaOd><sln:gmIIPId>6814ff13-291a-47e2-90e3-a84485954dbc</sln:gmIIPId><sln:gmIIPPn>PL.PZGIK.200</sln:gmIIPPn><sln:gmIIPWersja>2012-09-26T22:22:05+02:00</sln:gmIIPWersja><sln:gmIdTeryt>2819012</sln:gmIdTeryt><sln:gmNazwa>Budry</sln:gmNazwa><sln:miejscIIPId>7e9a0945-df15-4601-9399-62c133a2e167</sln:miejscIIPId><sln:miejscIIPPn>PL.PZGIK.200</sln:miejscIIPPn><sln:miejscIIPWersja>2016-11-24T13:34:04+02:00</sln:miejscIIPWersja><sln:miejscIdTeryt>0755655</sln:miejscIdTeryt><sln:miejscNazwa>Zabrost Wielki</sln:miejscNazwa><sln:miejscRodzaj>Wieś</sln:miejscRodzaj><sln:powIIPId>78e43ff2-3a0c-497c-ba06-95f283fc066c</sln:powIIPId><sln:powIIPPn>PL.PZGIK.200</sln:powIIPPn><sln:powIIPWersja>2012-09-27T10:00:59+02:00</sln:powIIPWersja><sln:powIdTeryt>2819</sln:powIdTeryt><sln:powNazwa>węgorzewski</sln:powNazwa><sln:wojIIPId>45e7cfc6-6d8b-42ff-acbd-ef1d0a53dacb</sln:wojIIPId><sln:wojIIPPn>PL.PZGIK.200</sln:wojIIPPn><sln:wojIIPWersja>2012-09-27T13:45:13+02:00</sln:wojIIPWersja><sln:wojIdTeryt>28</sln:wojIdTeryt><sln:wojNazwa>warmińsko-mazurskie</sln:wojNazwa></sln:miejscowosc><sln:miejscowosc><sln:cyklZyciaDo>2017-03-06T00:00:00+01:00</sln:cyklZyciaDo><sln:cyklZyciaOd>2014-12-06T00:00:00+01:00</sln:cyklZyciaOd><sln:gmIIPId>6814ff13-291a-47e2-90e3-a84485954dbc</sln:gmIIPId><sln:gmIIPPn>PL.PZGIK.200</sln:gmIIPPn><sln:gmIIPWersja>2012-09-26T22:22:05+02:00</sln:gmIIPWersja><sln:gmIdTeryt>2819012</sln:gmIdTeryt><sln:gmNazwa>Budry</sln:gmNazwa><sln:miejscIIPId>ab469063-0b51-4da6-9632-35c43882149b</sln:miejscIIPId><sln:miejscIIPPn>PL.PZGIK.200</sln:miejscIIPPn><sln:miejscIIPWersja>2016-11-24T13:30:52+02:00</sln:miejscIIPWersja><sln:miejscIdTeryt>0755603</sln:miejscIdTeryt><sln:miejscNazwa>Sobiechy</sln:miejscNazwa><sln:miejscRodzaj>Wieś</sln:miejscRodzaj><sln:powIIPId>78e43ff2-3a0c-497c-ba06-95f283fc066c</sln:powIIPId><sln:powIIPPn>PL.PZGIK.200</sln:powIIPPn><sln:powIIPWersja>2012-09-27T10:00:59+02:00</sln:powIIPWersja><sln:powIdTeryt>2819</sln:powIdTeryt><sln:powNazwa>węgorzewski</sln:powNazwa><sln:wojIIPId>45e7cfc6-6d8b-42ff-acbd-ef1d0a53dacb</sln:wojIIPId><sln:wojIIPPn>PL.PZGIK.200</sln:wojIIPPn><sln:wojIIPWersja>2012-09-27T13:45:13+02:00</sln:wojIIPWersja><sln:wojIdTeryt>28</sln:wojIdTeryt><sln:wojNazwa>warmińsko-mazurskie</sln:wojNazwa></sln:miejscowosc><sln:miejscowosc><sln:cyklZyciaDo>2017-03-06T00:00:00+01:00</sln:cyklZyciaDo><sln:cyklZyciaOd>2014-12-06T00:00:00+01:00</sln:cyklZyciaOd><sln:gmIIPId>6814ff13-291a-47e2-90e3-a84485954dbc</sln:gmIIPId><sln:gmIIPPn>PL.PZGIK.200</sln:gmIIPPn><sln:gmIIPWersja>2012-09-26T22:22:05+02:00</sln:gmIIPWersja><sln:gmIdTeryt>2819012</sln:gmIdTeryt><sln:gmNazwa>Budry</sln:gmNazwa><sln:miejscIIPId>ac063cae-ec5d-4122-81dd-b46bf6eb1603</sln:miejscIIPId><sln:miejscIIPPn>PL.PZGIK.200</sln:miejscIIPPn><sln:miejscIIPWersja>2016-11-24T13:31:08+02:00</sln:miejscIIPWersja><sln:miejscIdTeryt>0755402</sln:miejscIdTeryt><sln:miejscNazwa>Budzewo</sln:miejscNazwa><sln:miejscRodzaj>Wieś</sln:miejscRodzaj><sln:powIIPId>78e43ff2-3a0c-497c-ba06-95f283fc066c</sln:powIIPId><sln:powIIPPn>PL.PZGIK.200</sln:powIIPPn><sln:powIIPWersja>2012-09-27T10:00:59+02:00</sln:powIIPWersja><sln:powIdTeryt>2819</sln:powIdTeryt><sln:powNazwa>węgorzewski</sln:powNazwa><sln:wojIIPId>45e7cfc6-6d8b-42ff-acbd-ef1d0a53dacb</sln:wojIIPId><sln:wojIIPPn>PL.PZGIK.200</sln:wojIIPPn><sln:wojIIPWersja>2012-09-27T13:45:13+02:00</sln:wojIIPWersja><sln:wojIdTeryt>28</sln:wojIdTeryt><sln:wojNazwa>warmińsko-mazurskie</sln:wojNazwa></sln:miejscowosc><sln:miejscowosc><sln:cyklZyciaDo>2017-03-06T00:00:00+01:00</sln:cyklZyciaDo><sln:cyklZyciaOd>2014-12-06T00:00:00+01:00</sln:cyklZyciaOd><sln:gmIIPId>6814ff13-291a-47e2-90e3-a84485954dbc</sln:gmIIPId><sln:gmIIPPn>PL.PZGIK.200</sln:gmIIPPn><sln:gmIIPWersja>2012-09-26T22:22:05+02:00</sln:gmIIPWersja><sln:gmIdTeryt>2819012</sln:gmIdTeryt><sln:gmNazwa>Budry</sln:gmNazwa><sln:miejscIIPId>94554ad8-fcab-4211-b2c6-c0debd6227c8</sln:miejscIIPId><sln:miejscIIPPn>PL.PZGIK.200</sln:miejscIIPPn><sln:miejscIIPWersja>2016-11-24T13:59:03+02:00</sln:miejscIIPWersja><sln:miejscIdTeryt>1047245</sln:miejscIdTeryt><sln:miejscNazwa>Rososze</sln:miejscNazwa><sln:miejscRodzaj>Inny obiekt</sln:miejscRodzaj><sln:powIIPId>78e43ff2-3a0c-497c-ba06-95f283fc066c</sln:powIIPId><sln:powIIPPn>PL.PZGIK.200</sln:powIIPPn><sln:powIIPWersja>2012-09-27T10:00:59+02:00</sln:powIIPWersja><sln:powIdTeryt>2819</sln:powIdTeryt><sln:powNazwa>węgorzewski</sln:powNazwa><sln:wojIIPId>45e7cfc6-6d8b-42ff-acbd-ef1d0a53dacb</sln:wojIIPId><sln:wojIIPPn>PL.PZGIK.200</sln:wojIIPPn><sln:wojIIPWersja>2012-09-27T13:45:13+02:00</sln:wojIIPWersja><sln:wojIdTeryt>28</sln:wojIdTeryt><sln:wojNazwa>warmińsko-mazurskie</sln:wojNazwa></sln:miejscowosc><sln:miejscowosc><sln:cyklZyciaDo>2017-03-06T00:00:00+01:00</sln:cyklZyciaDo><sln:cyklZyciaOd>2014-12-06T00:00:00+01:00</sln:cyklZyciaOd><sln:gmIIPId>6814ff13-291a-47e2-90e3-a84485954dbc</sln:gmIIPId><sln:gmIIPPn>PL.PZGIK.200</sln:gmIIPPn><sln:gmIIPWersja>2012-09-26T22:22:05+02:00</sln:gmIIPWersja><sln:gmIdTeryt>2819012</sln:gmIdTeryt><sln:gmNazwa>Budry</sln:gmNazwa><sln:miejscIIPId>8ee9a8fb-77de-461c-b9e0-c60e02938579</sln:miejscIIPId><sln:miejscIIPPn>PL.PZGIK.200</sln:miejscIIPPn><sln:miejscIIPWersja>2016-11-24T13:49:47+02:00</sln:miejscIIPWersja><sln:miejscIdTeryt>0755649</sln:miejscIdTeryt><sln:miejscNazwa>Wola</sln:miejscNazwa><sln:miejscRodzaj>Osada</sln:miejscRodzaj><sln:powIIPId>78e43ff2-3a0c-497c-ba06-95f283fc066c</sln:powIIPId><sln:powIIPPn>PL.PZGIK.200</sln:powIIPPn><sln:powIIPWersja>2012-09-27T10:00:59+02:00</sln:powIIPWersja><sln:powIdTeryt>2819</sln:powIdTeryt><sln:powNazwa>węgorzewski</sln:powNazwa><sln:wojIIPId>45e7cfc6-6d8b-42ff-acbd-ef1d0a53dacb</sln:wojIIPId><sln:wojIIPPn>PL.PZGIK.200</sln:wojIIPPn><sln:wojIIPWersja>2012-09-27T13:45:13+02:00</sln:wojIIPWersja><sln:wojIdTeryt>28</sln:wojIdTeryt><sln:wojNazwa>warmińsko-mazurskie</sln:wojNazwa></sln:miejscowosc><sln:miejscowosc><sln:cyklZyciaDo>2017-03-06T00:00:00+01:00</sln:cyklZyciaDo><sln:cyklZyciaOd>2014-12-06T00:00:00+01:00</sln:cyklZyciaOd><sln:gmIIPId>6814ff13-291a-47e2-90e3-a84485954dbc</sln:gmIIPId><sln:gmIIPPn>PL.PZGIK.200</sln:gmIIPPn><sln:gmIIPWersja>2012-09-26T22:22:05+02:00</sln:gmIIPWersja><sln:gmIdTeryt>2819012</sln:gmIdTeryt><sln:gmNazwa>Budry</sln:gmNazwa><sln:miejscIIPId>a462f4cf-150a-464b-854f-7960b8482a93</sln:miejscIIPId><sln:miejscIIPPn>PL.PZGIK.200</sln:miejscIIPPn><sln:miejscIIPWersja>2016-11-24T13:44:39+02:00</sln:miejscIIPWersja><sln:miejscIdTeryt>0755537</sln:miejscIdTeryt><sln:miejscNazwa>Pietrele</sln:miejscNazwa><sln:miejscRodzaj>Osada</sln:miejscRodzaj><sln:powIIPId>78e43ff2-3a0c-497c-ba06-95f283fc066c</sln:powIIPId><sln:powIIPPn>PL.PZGIK.200</sln:powIIPPn><sln:powIIPWersja>2012-09-27T10:00:59+02:00</sln:powIIPWersja><sln:powIdTeryt>2819</sln:powIdTeryt><sln:powNazwa>węgorzewski</sln:powNazwa><sln:wojIIPId>45e7cfc6-6d8b-42ff-acbd-ef1d0a53dacb</sln:wojIIPId><sln:wojIIPPn>PL.PZGIK.200</sln:wojIIPPn><sln:wojIIPWersja>2012-09-27T13:45:13+02:00</sln:wojIIPWersja><sln:wojIdTeryt>28</sln:wojIdTeryt><sln:wojNazwa>warmińsko-mazurskie</sln:wojNazwa></sln:miejscowosc><sln:miejscowosc><sln:cyklZyciaDo>2017-03-06T00:00:00+01:00</sln:cyklZyciaDo><sln:cyklZyciaOd>2014-12-06T00:00:00+01:00</sln:cyklZyciaOd><sln:gmIIPId>6814ff13-291a-47e2-90e3-a84485954dbc</sln:gmIIPId><sln:gmIIPPn>PL.PZGIK.200</sln:gmIIPPn><sln:gmIIPWersja>2012-09-26T22:22:05+02:00</sln:gmIIPWersja><sln:gmIdTeryt>2819012</sln:gmIdTeryt><sln:gmNazwa>Budry</sln:gmNazwa><sln:miejscIIPId>19b3999c-068a-465f-962a-8dd741df20dc</sln:miejscIIPId><sln:miejscIIPPn>PL.PZGIK.200</sln:miejscIIPPn><sln:miejscIIPWersja>2016-11-24T13:44:48+02:00</sln:miejscIIPWersja><sln:miejscIdTeryt>0755550</sln:miejscIdTeryt><sln:miejscNazwa>Pochwałki</sln:miejscNazwa><sln:miejscRodzaj>Osada</sln:miejscRodzaj><sln:powIIPId>78e43ff2-3a0c-497c-ba06-95f283fc066c</sln:powIIPId><sln:powIIPPn>PL.PZGIK.200</sln:powIIPPn><sln:powIIPWersja>2012-09-27T10:00:59+02:00</sln:powIIPWersja><sln:powIdTeryt>2819</sln:powIdTeryt><sln:powNazwa>węgorzewski</sln:powNazwa><sln:wojIIPId>45e7cfc6-6d8b-42ff-acbd-ef1d0a53dacb</sln:wojIIPId><sln:wojIIPPn>PL.PZGIK.200</sln:wojIIPPn><sln:wojIIPWersja>2012-09-27T13:45:13+02:00</sln:wojIIPWersja><sln:wojIdTeryt>28</sln:wojIdTeryt><sln:wojNazwa>warmińsko-mazurskie</sln:wojNazwa></sln:miejscowosc><sln:miejscowosc><sln:cyklZyciaDo>2017-03-06T00:00:00+01:00</sln:cyklZyciaDo><sln:cyklZyciaOd>2014-12-06T00:00:00+01:00</sln:cyklZyciaOd><sln:gmIIPId>6814ff13-291a-47e2-90e3-a84485954dbc</sln:gmIIPId><sln:gmIIPPn>PL.PZGIK.200</sln:gmIIPPn><sln:gmIIPWersja>2012-09-26T22:22:05+02:00</sln:gmIIPWersja><sln:gmIdTeryt>2819012</sln:gmIdTeryt><sln:gmNazwa>Budry</sln:gmNazwa><sln:miejscIIPId>f38fe84e-1187-486b-9615-91474d6ab5c2</sln:miejscIIPId><sln:miejscIIPPn>PL.PZGIK.200</sln:miejscIIPPn><sln:miejscIIPWersja>2016-11-24T13:44:29+02:00</sln:miejscIIPWersja><sln:miejscIdTeryt>0755520</sln:miejscIdTeryt><sln:miejscNazwa>Pawłowo</sln:miejscNazwa><sln:miejscRodzaj>Wieś</sln:miejscRodzaj><sln:powIIPId>78e43ff2-3a0c-497c-ba06-95f283fc066c</sln:powIIPId><sln:powIIPPn>PL.PZGIK.200</sln:powIIPPn><sln:powIIPWersja>2012-09-27T10:00:59+02:00</sln:powIIPWersja><sln:powIdTeryt>2819</sln:powIdTeryt><sln:powNazwa>węgorzewski</sln:powNazwa><sln:wojIIPId>45e7cfc6-6d8b-42ff-acbd-ef1d0a53dacb</sln:wojIIPId><sln:wojIIPPn>PL.PZGIK.200</sln:wojIIPPn><sln:wojIIPWersja>2012-09-27T13:45:13+02:00</sln:wojIIPWersja><sln:wojIdTeryt>28</sln:wojIdTeryt><sln:wojNazwa>warmińsko-mazurskie</sln:wojNazwa></sln:miejscowosc><sln:miejscowosc><sln:cyklZyciaDo>2017-03-06T00:00:00+01:00</sln:cyklZyciaDo><sln:cyklZyciaOd>2014-12-06T00:00:00+01:00</sln:cyklZyciaOd><sln:gmIIPId>6814ff13-291a-47e2-90e3-a84485954dbc</sln:gmIIPId><sln:gmIIPPn>PL.PZGIK.200</sln:gmIIPPn><sln:gmIIPWersja>2012-09-26T22:22:05+02:00</sln:gmIIPWersja><sln:gmIdTeryt>2819012</sln:gmIdTeryt><sln:gmNazwa>Budry</sln:gmNazwa><sln:miejscIIPId>01913e35-d5bd-4c0c-88a4-bd562162ad8c</sln:miejscIIPId><sln:miejscIIPPn>PL.PZGIK.200</sln:miejscIIPPn><sln:miejscIIPWersja>2016-11-24T13:27:55+02:00</sln:miejscIIPWersja><sln:miejscIdTeryt>1047179</sln:miejscIdTeryt><sln:miejscNazwa>Jurgucie</sln:miejscNazwa><sln:miejscRodzaj>Osada</sln:miejscRodzaj><sln:powIIPId>78e43ff2-3a0c-497c-ba06-95f283fc066c</sln:powIIPId><sln:powIIPPn>PL.PZGIK.200</sln:powIIPPn><sln:powIIPWersja>2012-09-27T10:00:59+02:00</sln:powIIPWersja><sln:powIdTeryt>2819</sln:powIdTeryt><sln:powNazwa>węgorzewski</sln:powNazwa><sln:wojIIPId>45e7cfc6-6d8b-42ff-acbd-ef1d0a53dacb</sln:wojIIPId><sln:wojIIPPn>PL.PZGIK.200</sln:wojIIPPn><sln:wojIIPWersja>2012-09-27T13:45:13+02:00</sln:wojIIPWersja><sln:wojIdTeryt>28</sln:wojIdTeryt><sln:wojNazwa>warmińsko-mazurskie</sln:wojNazwa></sln:miejscowosc><sln:miejscowosc><sln:cyklZyciaDo>2017-03-06T00:00:00+01:00</sln:cyklZyciaDo><sln:cyklZyciaOd>2014-12-06T00:00:00+01:00</sln:cyklZyciaOd><sln:gmIIPId>6814ff13-291a-47e2-90e3-a84485954dbc</sln:gmIIPId><sln:gmIIPPn>PL.PZGIK.200</sln:gmIIPPn><sln:gmIIPWersja>2012-09-26T22:22:05+02:00</sln:gmIIPWersja><sln:gmIdTeryt>2819012</sln:gmIdTeryt><sln:gmNazwa>Budry</sln:gmNazwa><sln:miejscIIPId>efbd8e6e-18d4-44d9-868e-ea48913dcdfc</sln:miejscIIPId><sln:miejscIIPPn>PL.PZGIK.200</sln:miejscIIPPn><sln:miejscIIPWersja>2016-11-24T13:27:56+02:00</sln:miejscIIPWersja><sln:miejscIdTeryt>0755483</sln:miejscIdTeryt><sln:miejscNazwa>Mniszki</sln:miejscNazwa><sln:miejscRodzaj>Osada</sln:miejscRodzaj><sln:powIIPId>78e43ff2-3a0c-497c-ba06-95f283fc066c</sln:powIIPId><sln:powIIPPn>PL.PZGIK.200</sln:powIIPPn><sln:powIIPWersja>2012-09-27T10:00:59+02:00</sln:powIIPWersja><sln:powIdTeryt>2819</sln:powIdTeryt><sln:powNazwa>węgorzewski</sln:powNazwa><sln:wojIIPId>45e7cfc6-6d8b-42ff-acbd-ef1d0a53dacb</sln:wojIIPId><sln:wojIIPPn>PL.PZGIK.200</sln:wojIIPPn><sln:wojIIPWersja>2012-09-27T13:45:13+02:00</sln:wojIIPWersja><sln:wojIdTeryt>28</sln:wojIdTeryt><sln:wojNazwa>warmińsko-mazurskie</sln:wojNazwa></sln:miejscowosc><sln:miejscowosc><sln:cyklZyciaDo>2017-03-06T00:00:00+01:00</sln:cyklZyciaDo><sln:cyklZyciaOd>2014-12-06T00:00:00+01:00</sln:cyklZyciaOd><sln:gmIIPId>6814ff13-291a-47e2-90e3-a84485954dbc</sln:gmIIPId><sln:gmIIPPn>PL.PZGIK.200</sln:gmIIPPn><sln:gmIIPWersja>2012-09-26T22:22:05+02:00</sln:gmIIPWersja><sln:gmIdTeryt>2819012</sln:gmIdTeryt><sln:gmNazwa>Budry</sln:gmNazwa><sln:miejscIIPId>b4c3e1bc-6957-4479-8d2c-a31c1aa8f510</sln:miejscIIPId><sln:miejscIIPPn>PL.PZGIK.200</sln:miejscIIPPn><sln:miejscIIPWersja>2016-11-24T13:27:56+02:00</sln:miejscIIPWersja><sln:miejscIdTeryt>1047156</sln:miejscIdTeryt><sln:miejscNazwa>Brzozowska Góra</sln:miejscNazwa><sln:miejscRodzaj>Inny obiekt</sln:miejscRodzaj><sln:powIIPId>78e43ff2-3a0c-497c-ba06-95f283fc066c</sln:powIIPId><sln:powIIPPn>PL.PZGIK.200</sln:powIIPPn><sln:powIIPWersja>2012-09-27T10:00:59+02:00</sln:powIIPWersja><sln:powIdTeryt>2819</sln:powIdTeryt><sln:powNazwa>węgorzewski</sln:powNazwa><sln:wojIIPId>45e7cfc6-6d8b-42ff-acbd-ef1d0a53dacb</sln:wojIIPId><sln:wojIIPPn>PL.PZGIK.200</sln:wojIIPPn><sln:wojIIPWersja>2012-09-27T13:45:13+02:00</sln:wojIIPWersja><sln:wojIdTeryt>28</sln:wojIdTeryt><sln:wojNazwa>warmińsko-mazurskie</sln:wojNazwa></sln:miejscowosc><sln:miejscowosc><sln:cyklZyciaDo>2017-03-06T00:00:00+01:00</sln:cyklZyciaDo><sln:cyklZyciaOd>2014-12-06T00:00:00+01:00</sln:cyklZyciaOd><sln:gmIIPId>6814ff13-291a-47e2-90e3-a84485954dbc</sln:gmIIPId><sln:gmIIPPn>PL.PZGIK.200</sln:gmIIPPn><sln:gmIIPWersja>2012-09-26T22:22:05+02:00</sln:gmIIPWersja><sln:gmIdTeryt>2819012</sln:gmIdTeryt><sln:gmNazwa>Budry</sln:gmNazwa><sln:miejscIIPId>e2e69b72-57b0-40ea-b5a1-805344447f32</sln:miejscIIPId><sln:miejscIIPPn>PL.PZGIK.200</sln:miejscIIPPn><sln:miejscIIPWersja>2016-11-24T13:27:54+02:00</sln:miejscIIPWersja><sln:miejscIdTeryt>1047239</sln:miejscIdTeryt><sln:miejscNazwa>Nowe Góry</sln:miejscNazwa><sln:miejscRodzaj>Inny obiekt</sln:miejscRodzaj><sln:powIIPId>78e43ff2-3a0c-497c-ba06-95f283fc066c</sln:powIIPId><sln:powIIPPn>PL.PZGIK.200</sln:powIIPPn><sln:powIIPWersja>2012-09-27T10:00:59+02:00</sln:powIIPWersja><sln:powIdTeryt>2819</sln:powIdTeryt><sln:powNazwa>węgorzewski</sln:powNazwa><sln:wojIIPId>45e7cfc6-6d8b-42ff-acbd-ef1d0a53dacb</sln:wojIIPId><sln:wojIIPPn>PL.PZGIK.200</sln:wojIIPPn><sln:wojIIPWersja>2012-09-27T13:45:13+02:00</sln:wojIIPWersja><sln:wojIdTeryt>28</sln:wojIdTeryt><sln:wojNazwa>warmińsko-mazurskie</sln:wojNazwa></sln:miejscowosc><sln:miejscowosc><sln:cyklZyciaDo>2017-03-06T00:00:00+01:00</sln:cyklZyciaDo><sln:cyklZyciaOd>2014-12-06T00:00:00+01:00</sln:cyklZyciaOd><sln:gmIIPId>6814ff13-291a-47e2-90e3-a84485954dbc</sln:gmIIPId><sln:gmIIPPn>PL.PZGIK.200</sln:gmIIPPn><sln:gmIIPWersja>2012-09-26T22:22:05+02:00</sln:gmIIPWersja><sln:gmIdTeryt>2819012</sln:gmIdTeryt><sln:gmNazwa>Budry</sln:gmNazwa><sln:miejscIIPId>32afa545-3789-48bc-8a2f-b908743a1916</sln:miejscIIPId><sln:miejscIIPPn>PL.PZGIK.200</sln:miejscIIPPn><sln:miejscIIPWersja>2016-11-24T13:27:54+02:00</sln:miejscIIPWersja><sln:miejscIdTeryt>1047386</sln:miejscIdTeryt><sln:miejscNazwa>Stare Góry</sln:miejscNazwa><sln:miejscRodzaj>Inny obiekt</sln:miejscRodzaj><sln:powIIPId>78e43ff2-3a0c-497c-ba06-95f283fc066c</sln:powIIPId><sln:powIIPPn>PL.PZGIK.200</sln:powIIPPn><sln:powIIPWersja>2012-09-27T10:00:59+02:00</sln:powIIPWersja><sln:powIdTeryt>2819</sln:powIdTeryt><sln:powNazwa>węgorzewski</sln:powNazwa><sln:wojIIPId>45e7cfc6-6d8b-42ff-acbd-ef1d0a53dacb</sln:wojIIPId><sln:wojIIPPn>PL.PZGIK.200</sln:wojIIPPn><sln:wojIIPWersja>2012-09-27T13:45:13+02:00</sln:wojIIPWersja><sln:wojIdTeryt>28</sln:wojIdTeryt><sln:wojNazwa>warmińsko-mazurskie</sln:wojNazwa></sln:miejscowosc><sln:miejscowosc><sln:cyklZyciaDo>2017-03-06T00:00:00+01:00</sln:cyklZyciaDo><sln:cyklZyciaOd>2014-12-06T00:00:00+01:00</sln:cyklZyciaOd><sln:gmIIPId>6814ff13-291a-47e2-90e3-a84485954dbc</sln:gmIIPId><sln:gmIIPPn>PL.PZGIK.200</sln:gmIIPPn><sln:gmIIPWersja>2012-09-26T22:22:05+02:00</sln:gmIIPWersja><sln:gmIdTeryt>2819012</sln:gmIdTeryt><sln:gmNazwa>Budry</sln:gmNazwa><sln:miejscIIPId>5b684292-8d9c-4547-8a74-0ab0f7b95119</sln:miejscIIPId><sln:miejscIIPPn>PL.PZGIK.200</sln:miejscIIPPn><sln:miejscIIPWersja>2016-11-24T13:30:04+02:00</sln:miejscIIPWersja><sln:miejscIdTeryt>0755365</sln:miejscIdTeryt><sln:miejscNazwa>Brzozówko</sln:miejscNazwa><sln:miejscRodzaj>Wieś</sln:miejscRodzaj><sln:powIIPId>78e43ff2-3a0c-497c-ba06-95f283fc066c</sln:powIIPId><sln:powIIPPn>PL.PZGIK.200</sln:powIIPPn><sln:powIIPWersja>2012-09-27T10:00:59+02:00</sln:powIIPWersja><sln:powIdTeryt>2819</sln:powIdTeryt><sln:powNazwa>węgorzewski</sln:powNazwa><sln:wojIIPId>45e7cfc6-6d8b-42ff-acbd-ef1d0a53dacb</sln:wojIIPId><sln:wojIIPPn>PL.PZGIK.200</sln:wojIIPPn><sln:wojIIPWersja>2012-09-27T13:45:13+02:00</sln:wojIIPWersja><sln:wojIdTeryt>28</sln:wojIdTeryt><sln:wojNazwa>warmińsko-mazurskie</sln:wojNazwa></sln:miejscowosc><sln:miejscowosc><sln:cyklZyciaDo>2017-03-06T00:00:00+01:00</sln:cyklZyciaDo><sln:cyklZyciaOd>2014-12-06T00:00:00+01:00</sln:cyklZyciaOd><sln:gmIIPId>6814ff13-291a-47e2-90e3-a84485954dbc</sln:gmIIPId><sln:gmIIPPn>PL.PZGIK.200</sln:gmIIPPn><sln:gmIIPWersja>2012-09-26T22:22:05+02:00</sln:gmIIPWersja><sln:gmIdTeryt>2819012</sln:gmIdTeryt><sln:gmNazwa>Budry</sln:gmNazwa><sln:miejscIIPId>cbd00bf5-5d11-4af2-9e7d-5be2ca96b353</sln:miejscIIPId><sln:miejscIIPPn>PL.PZGIK.200</sln:miejscIIPPn><sln:miejscIIPWersja>2016-11-24T13:27:55+02:00</sln:miejscIIPWersja><sln:miejscIdTeryt>1047297</sln:miejscIdTeryt><sln:miejscNazwa>Rożny</sln:miejscNazwa><sln:miejscRodzaj>Inny obiekt</sln:miejscRodzaj><sln:powIIPId>78e43ff2-3a0c-497c-ba06-95f283fc066c</sln:powIIPId><sln:powIIPPn>PL.PZGIK.200</sln:powIIPPn><sln:powIIPWersja>2012-09-27T10:00:59+02:00</sln:powIIPWersja><sln:powIdTeryt>2819</sln:powIdTeryt><sln:powNazwa>węgorzewski</sln:powNazwa><sln:wojIIPId>45e7cfc6-6d8b-42ff-acbd-ef1d0a53dacb</sln:wojIIPId><sln:wojIIPPn>PL.PZGIK.200</sln:wojIIPPn><sln:wojIIPWersja>2012-09-27T13:45:13+02:00</sln:wojIIPWersja><sln:wojIdTeryt>28</sln:wojIdTeryt><sln:wojNazwa>warmińsko-mazurskie</sln:wojNazwa></sln:miejscowosc><sln:miejscowosc><sln:cyklZyciaOd>2017-03-06T00:00:00+01:00</sln:cyklZyciaOd><sln:gmIIPId>6814ff13-291a-47e2-90e3-a84485954dbc</sln:gmIIPId><sln:gmIIPPn>PL.PZGIK.200</sln:gmIIPPn><sln:gmIIPWersja>2012-09-26T22:22:05+02:00</sln:gmIIPWersja><sln:gmIdTeryt>2819012</sln:gmIdTeryt><sln:gmNazwa>Budry</sln:gmNazwa><sln:miejscIIPId>174208dc-55f5-4c88-907a-6bde0c6de4c8</sln:miejscIIPId><sln:miejscIIPPn>PL.PZGIK.200</sln:miejscIIPPn><sln:miejscIIPWersja>2017-03-06T15:20:43+02:00</sln:miejscIIPWersja><sln:miejscIdTeryt>0755365</sln:miejscIdTeryt><sln:miejscNazwa>Brzozówko</sln:miejscNazwa><sln:miejscRodzaj>Wieś</sln:miejscRodzaj><sln:powIIPId>78e43ff2-3a0c-497c-ba06-95f283fc066c</sln:powIIPId><sln:powIIPPn>PL.PZGIK.200</sln:powIIPPn><sln:powIIPWersja>2012-09-27T10:00:59+02:00</sln:powIIPWersja><sln:powIdTeryt>2819</sln:powIdTeryt><sln:powNazwa>węgorzewski</sln:powNazwa><sln:waznyOd>2016-10-05T00:00:00+02:00</sln:waznyOd><sln:wojIIPId>45e7cfc6-6d8b-42ff-acbd-ef1d0a53dacb</sln:wojIIPId><sln:wojIIPPn>PL.PZGIK.200</sln:wojIIPPn><sln:wojIIPWersja>2012-09-27T13:45:13+02:00</sln:wojIIPWersja><sln:wojIdTeryt>28</sln:wojIdTeryt><sln:wojNazwa>warmińsko-mazurskie</sln:wojNazwa></sln:miejscowosc><sln:miejscowosc><sln:cyklZyciaOd>2017-03-06T00:00:00+01:00</sln:cyklZyciaOd><sln:gmIIPId>6814ff13-291a-47e2-90e3-a84485954dbc</sln:gmIIPId><sln:gmIIPPn>PL.PZGIK.200</sln:gmIIPPn><sln:gmIIPWersja>2012-09-26T22:22:05+02:00</sln:gmIIPWersja><sln:gmIdTeryt>2819012</sln:gmIdTeryt><sln:gmNazwa>Budry</sln:gmNazwa><sln:miejscIIPId>a3402987-ae92-4e65-89d5-8b636160b5ba</sln:miejscIIPId><sln:miejscIIPPn>PL.PZGIK.200</sln:miejscIIPPn><sln:miejscIIPWersja>2017-03-06T15:20:47+02:00</sln:miejscIIPWersja><sln:miejscIdTeryt>0755371</sln:miejscIdTeryt><sln:miejscNazwa>Budry</sln:miejscNazwa><sln:miejscRodzaj>Wieś</sln:miejscRodzaj><sln:powIIPId>78e43ff2-3a0c-497c-ba06-95f283fc066c</sln:powIIPId><sln:powIIPPn>PL.PZGIK.200</sln:powIIPPn><sln:powIIPWersja>2012-09-27T10:00:59+02:00</sln:powIIPWersja><sln:powIdTeryt>2819</sln:powIdTeryt><sln:powNazwa>węgorzewski</sln:powNazwa><sln:waznyOd>2016-10-05T00:00:00+02:00</sln:waznyOd><sln:wojIIPId>45e7cfc6-6d8b-42ff-acbd-ef1d0a53dacb</sln:wojIIPId><sln:wojIIPPn>PL.PZGIK.200</sln:wojIIPPn><sln:wojIIPWersja>2012-09-27T13:45:13+02:00</sln:wojIIPWersja><sln:wojIdTeryt>28</sln:wojIdTeryt><sln:wojNazwa>warmińsko-mazurskie</sln:wojNazwa></sln:miejscowosc><sln:miejscowosc><sln:cyklZyciaOd>2017-03-06T00:00:00+01:00</sln:cyklZyciaOd><sln:gmIIPId>6814ff13-291a-47e2-90e3-a84485954dbc</sln:gmIIPId><sln:gmIIPPn>PL.PZGIK.200</sln:gmIIPPn><sln:gmIIPWersja>2012-09-26T22:22:05+02:00</sln:gmIIPWersja><sln:gmIdTeryt>2819012</sln:gmIdTeryt><sln:gmNazwa>Budry</sln:gmNazwa><sln:miejscIIPId>3a8631f7-f38a-4318-a822-3ec329423581</sln:miejscIIPId><sln:miejscIIPPn>PL.PZGIK.200</sln:miejscIIPPn><sln:miejscIIPWersja>2017-03-06T15:20:47+02:00</sln:miejscIIPWersja><sln:miejscIdTeryt>0755388</sln:miejscIdTeryt><sln:miejscNazwa>Bogumiły</sln:miejscNazwa><sln:miejscRodzaj>Osada</sln:miejscRodzaj><sln:powIIPId>78e43ff2-3a0c-497c-ba06-95f283fc066c</sln:powIIPId><sln:powIIPPn>PL.PZGIK.200</sln:powIIPPn><sln:powIIPWersja>2012-09-27T10:00:59+02:00</sln:powIIPWersja><sln:powIdTeryt>2819</sln:powIdTeryt><sln:powNazwa>węgorzewski</sln:powNazwa><sln:waznyOd>2016-10-05T00:00:00+02:00</sln:waznyOd><sln:wojIIPId>45e7cfc6-6d8b-42ff-acbd-ef1d0a53dacb</sln:wojIIPId><sln:wojIIPPn>PL.PZGIK.200</sln:wojIIPPn><sln:wojIIPWersja>2012-09-27T13:45:13+02:00</sln:wojIIPWersja><sln:wojIdTeryt>28</sln:wojIdTeryt><sln:wojNazwa>warmińsko-mazurskie</sln:wojNazwa></sln:miejscowosc><sln:miejscowosc><sln:cyklZyciaOd>2017-03-06T00:00:00+01:00</sln:cyklZyciaOd><sln:gmIIPId>6814ff13-291a-47e2-90e3-a84485954dbc</sln:gmIIPId><sln:gmIIPPn>PL.PZGIK.200</sln:gmIIPPn><sln:gmIIPWersja>2012-09-26T22:22:05+02:00</sln:gmIIPWersja><sln:gmIdTeryt>2819012</sln:gmIdTeryt><sln:gmNazwa>Budry</sln:gmNazwa><sln:miejscIIPId>c003caeb-5060-497f-87ab-366d113cf4a6</sln:miejscIIPId><sln:miejscIIPPn>PL.PZGIK.200</sln:miejscIIPPn><sln:miejscIIPWersja>2017-03-06T15:20:48+02:00</sln:miejscIIPWersja><sln:miejscIdTeryt>0755394</sln:miejscIdTeryt><sln:miejscNazwa>Dowiaty</sln:miejscNazwa><sln:miejscRodzaj>Wieś</sln:miejscRodzaj><sln:powIIPId>78e43ff2-3a0c-497c-ba06-95f283fc066c</sln:powIIPId><sln:powIIPPn>PL.PZGIK.200</sln:powIIPPn><sln:powIIPWersja>2012-09-27T10:00:59+02:00</sln:powIIPWersja><sln:powIdTeryt>2819</sln:powIdTeryt><sln:powNazwa>węgorzewski</sln:powNazwa><sln:waznyOd>2016-10-05T00:00:00+02:00</sln:waznyOd><sln:wojIIPId>45e7cfc6-6d8b-42ff-acbd-ef1d0a53dacb</sln:wojIIPId><sln:wojIIPPn>PL.PZGIK.200</sln:wojIIPPn><sln:wojIIPWersja>2012-09-27T13:45:13+02:00</sln:wojIIPWersja><sln:wojIdTeryt>28</sln:wojIdTeryt><sln:wojNazwa>warmińsko-mazurskie</sln:wojNazwa></sln:miejscowosc><sln:miejscowosc><sln:cyklZyciaOd>2017-03-06T00:00:00+01:00</sln:cyklZyciaOd><sln:gmIIPId>6814ff13-291a-47e2-90e3-a84485954dbc</sln:gmIIPId><sln:gmIIPPn>PL.PZGIK.200</sln:gmIIPPn><sln:gmIIPWersja>2012-09-26T22:22:05+02:00</sln:gmIIPWersja><sln:gmIdTeryt>2819012</sln:gmIdTeryt><sln:gmNazwa>Budry</sln:gmNazwa><sln:miejscIIPId>1e3edecb-f711-4c33-b76f-11b8d847ea75</sln:miejscIIPId><sln:miejscIIPPn>PL.PZGIK.200</sln:miejscIIPPn><sln:miejscIIPWersja>2017-03-06T15:20:48+02:00</sln:miejscIIPWersja><sln:miejscIdTeryt>0755402</sln:miejscIdTeryt><sln:miejscNazwa>Budzewo</sln:miejscNazwa><sln:miejscRodzaj>Wieś</sln:miejscRodzaj><sln:powIIPId>78e43ff2-3a0c-497c-ba06-95f283fc066c</sln:powIIPId><sln:powIIPPn>PL.PZGIK.200</sln:powIIPPn><sln:powIIPWersja>2012-09-27T10:00:59+02:00</sln:powIIPWersja><sln:powIdTeryt>2819</sln:powIdTeryt><sln:powNazwa>węgorzewski</sln:powNazwa><sln:waznyOd>2016-10-05T00:00:00+02:00</sln:waznyOd><sln:wojIIPId>45e7cfc6-6d8b-42ff-acbd-ef1d0a53dacb</sln:wojIIPId><sln:wojIIPPn>PL.PZGIK.200</sln:wojIIPPn><sln:wojIIPWersja>2012-09-27T13:45:13+02:00</sln:wojIIPWersja><sln:wojIdTeryt>28</sln:wojIdTeryt><sln:wojNazwa>warmińsko-mazurskie</sln:wojNazwa></sln:miejscowosc><sln:miejscowosc><sln:cyklZyciaOd>2017-03-06T00:00:00+01:00</sln:cyklZyciaOd><sln:gmIIPId>6814ff13-291a-47e2-90e3-a84485954dbc</sln:gmIIPId><sln:gmIIPPn>PL.PZGIK.200</sln:gmIIPPn><sln:gmIIPWersja>2012-09-26T22:22:05+02:00</sln:gmIIPWersja><sln:gmIdTeryt>2819012</sln:gmIdTeryt><sln:gmNazwa>Budry</sln:gmNazwa><sln:miejscIIPId>5a4b96c8-9721-4ab9-b3d1-fe99cedcff4c</sln:miejscIIPId><sln:miejscIIPPn>PL.PZGIK.200</sln:miejscIIPPn><sln:miejscIIPWersja>2017-03-06T15:20:48+02:00</sln:miejscIIPWersja><sln:miejscIdTeryt>0755419</sln:miejscIdTeryt><sln:miejscNazwa>Dąbrówka</sln:miejscNazwa><sln:miejscRodzaj>Osada</sln:miejscRodzaj><sln:powIIPId>78e43ff2-3a0c-497c-ba06-95f283fc066c</sln:powIIPId><sln:powIIPPn>PL.PZGIK.200</sln:powIIPPn><sln:powIIPWersja>2012-09-27T10:00:59+02:00</sln:powIIPWersja><sln:powIdTeryt>2819</sln:powIdTeryt><sln:powNazwa>węgorzewski</sln:powNazwa><sln:waznyOd>2016-10-05T00:00:00+02:00</sln:waznyOd><sln:wojIIPId>45e7cfc6-6d8b-42ff-acbd-ef1d0a53dacb</sln:wojIIPId><sln:wojIIPPn>PL.PZGIK.200</sln:wojIIPPn><sln:wojIIPWersja>2012-09-27T13:45:13+02:00</sln:wojIIPWersja><sln:wojIdTeryt>28</sln:wojIdTeryt><sln:wojNazwa>warmińsko-mazurskie</sln:wojNazwa></sln:miejscowosc><sln:miejscowosc><sln:cyklZyciaOd>2017-03-06T00:00:00+01:00</sln:cyklZyciaOd><sln:gmIIPId>6814ff13-291a-47e2-90e3-a84485954dbc</sln:gmIIPId><sln:gmIIPPn>PL.PZGIK.200</sln:gmIIPPn><sln:gmIIPWersja>2012-09-26T22:22:05+02:00</sln:gmIIPWersja><sln:gmIdTeryt>2819012</sln:gmIdTeryt><sln:gmNazwa>Budry</sln:gmNazwa><sln:miejscIIPId>a03993d5-eeda-48fc-ab99-c3b02d45c11b</sln:miejscIIPId><sln:miejscIIPPn>PL.PZGIK.200</sln:miejscIIPPn><sln:miejscIIPWersja>2017-03-06T15:20:48+02:00</sln:miejscIIPWersja><sln:miejscIdTeryt>0755425</sln:miejscIdTeryt><sln:miejscNazwa>Góry</sln:miejscNazwa><sln:miejscRodzaj>Wieś</sln:miejscRodzaj><sln:powIIPId>78e43ff2-3a0c-497c-ba06-95f283fc066c</sln:powIIPId><sln:powIIPPn>PL.PZGIK.200</sln:powIIPPn><sln:powIIPWersja>2012-09-27T10:00:59+02:00</sln:powIIPWersja><sln:powIdTeryt>2819</sln:powIdTeryt><sln:powNazwa>węgorzewski</sln:powNazwa><sln:waznyOd>2016-10-05T00:00:00+02:00</sln:waznyOd><sln:wojIIPId>45e7cfc6-6d8b-42ff-acbd-ef1d0a53dacb</sln:wojIIPId><sln:wojIIPPn>PL.PZGIK.200</sln:wojIIPPn><sln:wojIIPWersja>2012-09-27T13:45:13+02:00</sln:wojIIPWersja><sln:wojIdTeryt>28</sln:wojIdTeryt><sln:wojNazwa>warmińsko-mazurskie</sln:wojNazwa></sln:miejscowosc><sln:miejscowosc><sln:cyklZyciaOd>2017-03-06T00:00:00+01:00</sln:cyklZyciaOd><sln:gmIIPId>6814ff13-291a-47e2-90e3-a84485954dbc</sln:gmIIPId><sln:gmIIPPn>PL.PZGIK.200</sln:gmIIPPn><sln:gmIIPWersja>2012-09-26T22:22:05+02:00</sln:gmIIPWersja><sln:gmIdTeryt>2819012</sln:gmIdTeryt><sln:gmNazwa>Budry</sln:gmNazwa><sln:miejscIIPId>033a223e-671d-4b0e-ae2d-5f33172fd590</sln:miejscIIPId><sln:miejscIIPPn>PL.PZGIK.200</sln:miejscIIPPn><sln:miejscIIPWersja>2017-03-06T15:20:48+02:00</sln:miejscIIPWersja><sln:miejscIdTeryt>0755431</sln:miejscIdTeryt><sln:miejscNazwa>Grądy Węgorzewskie</sln:miejscNazwa><sln:miejscRodzaj>Wieś</sln:miejscRodzaj><sln:powIIPId>78e43ff2-3a0c-497c-ba06-95f283fc066c</sln:powIIPId><sln:powIIPPn>PL.PZGIK.200</sln:powIIPPn><sln:powIIPWersja>2012-09-27T10:00:59+02:00</sln:powIIPWersja><sln:powIdTeryt>2819</sln:powIdTeryt><sln:powNazwa>węgorzewski</sln:powNazwa><sln:waznyOd>2016-10-05T00:00:00+02:00</sln:waznyOd><sln:wojIIPId>45e7cfc6-6d8b-42ff-acbd-ef1d0a53dacb</sln:wojIIPId><sln:wojIIPPn>PL.PZGIK.200</sln:wojIIPPn><sln:wojIIPWersja>2012-09-27T13:45:13+02:00</sln:wojIIPWersja><sln:wojIdTeryt>28</sln:wojIdTeryt><sln:wojNazwa>warmińsko-mazurskie</sln:wojNazwa></sln:miejscowosc><sln:miejscowosc><sln:cyklZyciaOd>2017-03-06T00:00:00+01:00</sln:cyklZyciaOd><sln:gmIIPId>6814ff13-291a-47e2-90e3-a84485954dbc</sln:gmIIPId><sln:gmIIPPn>PL.PZGIK.200</sln:gmIIPPn><sln:gmIIPWersja>2012-09-26T22:22:05+02:00</sln:gmIIPWersja><sln:gmIdTeryt>2819012</sln:gmIdTeryt><sln:gmNazwa>Budry</sln:gmNazwa><sln:miejscIIPId>6eed8cb6-002f-473b-9bb3-2d7d4484a5ea</sln:miejscIIPId><sln:miejscIIPPn>PL.PZGIK.200</sln:miejscIIPPn><sln:miejscIIPWersja>2017-03-06T15:20:48+02:00</sln:miejscIIPWersja><sln:miejscIdTeryt>0755454</sln:miejscIdTeryt><sln:miejscNazwa>Koźlak</sln:miejscNazwa><sln:miejscRodzaj>Osada</sln:miejscRodzaj><sln:powIIPId>78e43ff2-3a0c-497c-ba06-95f283fc066c</sln:powIIPId><sln:powIIPPn>PL.PZGIK.200</sln:powIIPPn><sln:powIIPWersja>2012-09-27T10:00:59+02:00</sln:powIIPWersja><sln:powIdTeryt>2819</sln:powIdTeryt><sln:powNazwa>węgorzewski</sln:powNazwa><sln:waznyOd>2016-10-05T00:00:00+02:00</sln:waznyOd><sln:wojIIPId>45e7cfc6-6d8b-42ff-acbd-ef1d0a53dacb</sln:wojIIPId><sln:wojIIPPn>PL.PZGIK.200</sln:wojIIPPn><sln:wojIIPWersja>2012-09-27T13:45:13+02:00</sln:wojIIPWersja><sln:wojIdTeryt>28</sln:wojIdTeryt><sln:wojNazwa>warmińsko-mazurskie</sln:wojNazwa></sln:miejscowosc><sln:miejscowosc><sln:cyklZyciaOd>2017-03-06T00:00:00+01:00</sln:cyklZyciaOd><sln:gmIIPId>6814ff13-291a-47e2-90e3-a84485954dbc</sln:gmIIPId><sln:gmIIPPn>PL.PZGIK.200</sln:gmIIPPn><sln:gmIIPWersja>2012-09-26T22:22:05+02:00</sln:gmIIPWersja><sln:gmIdTeryt>2819012</sln:gmIdTeryt><sln:gmNazwa>Budry</sln:gmNazwa><sln:miejscIIPId>6fbe6292-bd49-4a5f-a038-0dfa16079252</sln:miejscIIPId><sln:miejscIIPPn>PL.PZGIK.200</sln:miejscIIPPn><sln:miejscIIPWersja>2017-03-06T15:20:48+02:00</sln:miejscIIPWersja><sln:miejscIdTeryt>0755460</sln:miejscIdTeryt><sln:miejscNazwa>Olszewo Węgorzewskie</sln:miejscNazwa><sln:miejscRodzaj>Wieś</sln:miejscRodzaj><sln:powIIPId>78e43ff2-3a0c-497c-ba06-95f283fc066c</sln:powIIPId><sln:powIIPPn>PL.PZGIK.200</sln:powIIPPn><sln:powIIPWersja>2012-09-27T10:00:59+02:00</sln:powIIPWersja><sln:powIdTeryt>2819</sln:powIdTeryt><sln:powNazwa>węgorzewski</sln:powNazwa><sln:waznyOd>2016-10-05T00:00:00+02:00</sln:waznyOd><sln:wojIIPId>45e7cfc6-6d8b-42ff-acbd-ef1d0a53dacb</sln:wojIIPId><sln:wojIIPPn>PL.PZGIK.200</sln:wojIIPPn><sln:wojIIPWersja>2012-09-27T13:45:13+02:00</sln:wojIIPWersja><sln:wojIdTeryt>28</sln:wojIdTeryt><sln:wojNazwa>warmińsko-mazurskie</sln:wojNazwa></sln:miejscowosc><sln:miejscowosc><sln:cyklZyciaOd>2017-03-06T00:00:00+01:00</sln:cyklZyciaOd><sln:gmIIPId>6814ff13-291a-47e2-90e3-a84485954dbc</sln:gmIIPId><sln:gmIIPPn>PL.PZGIK.200</sln:gmIIPPn><sln:gmIIPWersja>2012-09-26T22:22:05+02:00</sln:gmIIPWersja><sln:gmIdTeryt>2819012</sln:gmIdTeryt><sln:gmNazwa>Budry</sln:gmNazwa><sln:miejscIIPId>914c8fb0-43d5-416b-90db-b3fd01def6b5</sln:miejscIIPId><sln:miejscIIPPn>PL.PZGIK.200</sln:miejscIIPPn><sln:miejscIIPWersja>2017-03-06T15:20:48+02:00</sln:miejscIIPWersja><sln:miejscIdTeryt>0755477</sln:miejscIdTeryt><sln:miejscNazwa>Maryszki</sln:miejscNazwa><sln:miejscRodzaj>Przysiółek</sln:miejscRodzaj><sln:powIIPId>78e43ff2-3a0c-497c-ba06-95f283fc066c</sln:powIIPId><sln:powIIPPn>PL.PZGIK.200</sln:powIIPPn><sln:powIIPWersja>2012-09-27T10:00:59+02:00</sln:powIIPWersja><sln:powIdTeryt>2819</sln:powIdTeryt><sln:powNazwa>węgorzewski</sln:powNazwa><sln:waznyOd>2016-10-05T00:00:00+02:00</sln:waznyOd><sln:wojIIPId>45e7cfc6-6d8b-42ff-acbd-ef1d0a53dacb</sln:wojIIPId><sln:wojIIPPn>PL.PZGIK.200</sln:wojIIPPn><sln:wojIIPWersja>2012-09-27T13:45:13+02:00</sln:wojIIPWersja><sln:wojIdTeryt>28</sln:wojIdTeryt><sln:wojNazwa>warmińsko-mazurskie</sln:wojNazwa></sln:miejscowosc><sln:miejscowosc><sln:cyklZyciaOd>2017-03-06T00:00:00+01:00</sln:cyklZyciaOd><sln:gmIIPId>6814ff13-291a-47e2-90e3-a84485954dbc</sln:gmIIPId><sln:gmIIPPn>PL.PZGIK.200</sln:gmIIPPn><sln:gmIIPWersja>2012-09-26T22:22:05+02:00</sln:gmIIPWersja><sln:gmIdTeryt>2819012</sln:gmIdTeryt><sln:gmNazwa>Budry</sln:gmNazwa><sln:miejscIIPId>22b8b1d9-5406-486f-b899-d7d459e0452d</sln:miejscIIPId><sln:miejscIIPPn>PL.PZGIK.200</sln:miejscIIPPn><sln:miejscIIPWersja>2017-03-06T15:20:48+02:00</sln:miejscIIPWersja><sln:miejscIdTeryt>0755483</sln:miejscIdTeryt><sln:miejscNazwa>Mniszki</sln:miejscNazwa><sln:miejscRodzaj>Osada</sln:miejscRodzaj><sln:powIIPId>78e43ff2-3a0c-497c-ba06-95f283fc066c</sln:powIIPId><sln:powIIPPn>PL.PZGIK.200</sln:powIIPPn><sln:powIIPWersja>2012-09-27T10:00:59+02:00</sln:powIIPWersja><sln:powIdTeryt>2819</sln:powIdTeryt><sln:powNazwa>węgorzewski</sln:powNazwa><sln:waznyOd>2016-10-05T00:00:00+02:00</sln:waznyOd><sln:wojIIPId>45e7cfc6-6d8b-42ff-acbd-ef1d0a53dacb</sln:wojIIPId><sln:wojIIPPn>PL.PZGIK.200</sln:wojIIPPn><sln:wojIIPWersja>2012-09-27T13:45:13+02:00</sln:wojIIPWersja><sln:wojIdTeryt>28</sln:wojIdTeryt><sln:wojNazwa>warmińsko-mazurskie</sln:wojNazwa></sln:miejscowosc><sln:miejscowosc><sln:cyklZyciaOd>2017-03-06T00:00:00+01:00</sln:cyklZyciaOd><sln:gmIIPId>6814ff13-291a-47e2-90e3-a84485954dbc</sln:gmIIPId><sln:gmIIPPn>PL.PZGIK.200</sln:gmIIPPn><sln:gmIIPWersja>2012-09-26T22:22:05+02:00</sln:gmIIPWersja><sln:gmIdTeryt>2819012</sln:gmIdTeryt><sln:gmNazwa>Budry</sln:gmNazwa><sln:miejscIIPId>35e921e3-4ba1-4ec8-8217-457cc43e36ea</sln:miejscIIPId><sln:miejscIIPPn>PL.PZGIK.200</sln:miejscIIPPn><sln:miejscIIPWersja>2017-03-06T15:20:48+02:00</sln:miejscIIPWersja><sln:miejscIdTeryt>0755490</sln:miejscIdTeryt><sln:miejscNazwa>Piotrówko</sln:miejscNazwa><sln:miejscRodzaj>Przysiółek</sln:miejscRodzaj><sln:powIIPId>78e43ff2-3a0c-497c-ba06-95f283fc066c</sln:powIIPId><sln:powIIPPn>PL.PZGIK.200</sln:powIIPPn><sln:powIIPWersja>2012-09-27T10:00:59+02:00</sln:powIIPWersja><sln:powIdTeryt>2819</sln:powIdTeryt><sln:powNazwa>węgorzewski</sln:powNazwa><sln:waznyOd>2016-10-05T00:00:00+02:00</sln:waznyOd><sln:wojIIPId>45e7cfc6-6d8b-42ff-acbd-ef1d0a53dacb</sln:wojIIPId><sln:wojIIPPn>PL.PZGIK.200</sln:wojIIPPn><sln:wojIIPWersja>2012-09-27T13:45:13+02:00</sln:wojIIPWersja><sln:wojIdTeryt>28</sln:wojIdTeryt><sln:wojNazwa>warmińsko-mazurskie</sln:wojNazwa></sln:miejscowosc><sln:miejscowosc><sln:cyklZyciaOd>2017-03-06T00:00:00+01:00</sln:cyklZyciaOd><sln:gmIIPId>6814ff13-291a-47e2-90e3-a84485954dbc</sln:gmIIPId><sln:gmIIPPn>PL.PZGIK.200</sln:gmIIPPn><sln:gmIIPWersja>2012-09-26T22:22:05+02:00</sln:gmIIPWersja><sln:gmIdTeryt>2819012</sln:gmIdTeryt><sln:gmNazwa>Budry</sln:gmNazwa><sln:miejscIIPId>470439f7-77b6-4efb-a6fd-37392c9a857e</sln:miejscIIPId><sln:miejscIIPPn>PL.PZGIK.200</sln:miejscIIPPn><sln:miejscIIPWersja>2017-03-06T15:20:48+02:00</sln:miejscIIPWersja><sln:miejscIdTeryt>0755508</sln:miejscIdTeryt><sln:miejscNazwa>Ołownik</sln:miejscNazwa><sln:miejscRodzaj>Wieś</sln:miejscRodzaj><sln:powIIPId>78e43ff2-3a0c-497c-ba06-95f283fc066c</sln:powIIPId><sln:powIIPPn>PL.PZGIK.200</sln:powIIPPn><sln:powIIPWersja>2012-09-27T10:00:59+02:00</sln:powIIPWersja><sln:powIdTeryt>2819</sln:powIdTeryt><sln:powNazwa>węgorzewski</sln:powNazwa><sln:waznyOd>2016-10-05T00:00:00+02:00</sln:waznyOd><sln:wojIIPId>45e7cfc6-6d8b-42ff-acbd-ef1d0a53dacb</sln:wojIIPId><sln:wojIIPPn>PL.PZGIK.200</sln:wojIIPPn><sln:wojIIPWersja>2012-09-27T13:45:13+02:00</sln:wojIIPWersja><sln:wojIdTeryt>28</sln:wojIdTeryt><sln:wojNazwa>warmińsko-mazurskie</sln:wojNazwa></sln:miejscowosc><sln:miejscowosc><sln:cyklZyciaOd>2017-03-06T00:00:00+01:00</sln:cyklZyciaOd><sln:gmIIPId>6814ff13-291a-47e2-90e3-a84485954dbc</sln:gmIIPId><sln:gmIIPPn>PL.PZGIK.200</sln:gmIIPPn><sln:gmIIPWersja>2012-09-26T22:22:05+02:00</sln:gmIIPWersja><sln:gmIdTeryt>2819012</sln:gmIdTeryt><sln:gmNazwa>Budry</sln:gmNazwa><sln:miejscIIPId>4cd1f04d-4dec-4a9d-9ae6-2853c5c031ac</sln:miejscIIPId><sln:miejscIIPPn>PL.PZGIK.200</sln:miejscIIPPn><sln:miejscIIPWersja>2017-03-06T15:20:48+02:00</sln:miejscIIPWersja><sln:miejscIdTeryt>0755520</sln:miejscIdTeryt><sln:miejscNazwa>Pawłowo</sln:miejscNazwa><sln:miejscRodzaj>Wieś</sln:miejscRodzaj><sln:powIIPId>78e43ff2-3a0c-497c-ba06-95f283fc066c</sln:powIIPId><sln:powIIPPn>PL.PZGIK.200</sln:powIIPPn><sln:powIIPWersja>2012-09-27T10:00:59+02:00</sln:powIIPWersja><sln:powIdTeryt>2819</sln:powIdTeryt><sln:powNazwa>węgorzewski</sln:powNazwa><sln:waznyOd>2016-10-05T00:00:00+02:00</sln:waznyOd><sln:wojIIPId>45e7cfc6-6d8b-42ff-acbd-ef1d0a53dacb</sln:wojIIPId><sln:wojIIPPn>PL.PZGIK.200</sln:wojIIPPn><sln:wojIIPWersja>2012-09-27T13:45:13+02:00</sln:wojIIPWersja><sln:wojIdTeryt>28</sln:wojIdTeryt><sln:wojNazwa>warmińsko-mazurskie</sln:wojNazwa></sln:miejscowosc><sln:miejscowosc><sln:cyklZyciaOd>2017-03-06T00:00:00+01:00</sln:cyklZyciaOd><sln:gmIIPId>6814ff13-291a-47e2-90e3-a84485954dbc</sln:gmIIPId><sln:gmIIPPn>PL.PZGIK.200</sln:gmIIPPn><sln:gmIIPWersja>2012-09-26T22:22:05+02:00</sln:gmIIPWersja><sln:gmIdTeryt>2819012</sln:gmIdTeryt><sln:gmNazwa>Budry</sln:gmNazwa><sln:miejscIIPId>d8836fb0-f9ad-411e-9f20-8478f144a78d</sln:miejscIIPId><sln:miejscIIPPn>PL.PZGIK.200</sln:miejscIIPPn><sln:miejscIIPWersja>2017-03-06T15:20:48+02:00</sln:miejscIIPWersja><sln:miejscIdTeryt>0755537</sln:miejscIdTeryt><sln:miejscNazwa>Pietrele</sln:miejscNazwa><sln:miejscRodzaj>Osada</sln:miejscRodzaj><sln:powIIPId>78e43ff2-3a0c-497c-ba06-95f283fc066c</sln:powIIPId><sln:powIIPPn>PL.PZGIK.200</sln:powIIPPn><sln:powIIPWersja>2012-09-27T10:00:59+02:00</sln:powIIPWersja><sln:powIdTeryt>2819</sln:powIdTeryt><sln:powNazwa>węgorzewski</sln:powNazwa><sln:waznyOd>2016-10-05T00:00:00+02:00</sln:waznyOd><sln:wojIIPId>45e7cfc6-6d8b-42ff-acbd-ef1d0a53dacb</sln:wojIIPId><sln:wojIIPPn>PL.PZGIK.200</sln:wojIIPPn><sln:wojIIPWersja>2012-09-27T13:45:13+02:00</sln:wojIIPWersja><sln:wojIdTeryt>28</sln:wojIdTeryt><sln:wojNazwa>warmińsko-mazurskie</sln:wojNazwa></sln:miejscowosc><sln:miejscowosc><sln:cyklZyciaOd>2017-03-06T00:00:00+01:00</sln:cyklZyciaOd><sln:gmIIPId>6814ff13-291a-47e2-90e3-a84485954dbc</sln:gmIIPId><sln:gmIIPPn>PL.PZGIK.200</sln:gmIIPPn><sln:gmIIPWersja>2012-09-26T22:22:05+02:00</sln:gmIIPWersja><sln:gmIdTeryt>2819012</sln:gmIdTeryt><sln:gmNazwa>Budry</sln:gmNazwa><sln:miejscIIPId>05b6e1bd-47d5-4107-ab86-f16c805d5f4f</sln:miejscIIPId><sln:miejscIIPPn>PL.PZGIK.200</sln:miejscIIPPn><sln:miejscIIPWersja>2017-03-06T15:20:48+02:00</sln:miejscIIPWersja><sln:miejscIdTeryt>0755543</sln:miejscIdTeryt><sln:miejscNazwa>Piłaki Małe</sln:miejscNazwa><sln:miejscRodzaj>Wieś</sln:miejscRodzaj><sln:powIIPId>78e43ff2-3a0c-497c-ba06-95f283fc066c</sln:powIIPId><sln:powIIPPn>PL.PZGIK.200</sln:powIIPPn><sln:powIIPWersja>2012-09-27T10:00:59+02:00</sln:powIIPWersja><sln:powIdTeryt>2819</sln:powIdTeryt><sln:powNazwa>węgorzewski</sln:powNazwa><sln:waznyOd>2016-10-05T00:00:00+02:00</sln:waznyOd><sln:wojIIPId>45e7cfc6-6d8b-42ff-acbd-ef1d0a53dacb</sln:wojIIPId><sln:wojIIPPn>PL.PZGIK.200</sln:wojIIPPn><sln:wojIIPWersja>2012-09-27T13:45:13+02:00</sln:wojIIPWersja><sln:wojIdTeryt>28</sln:wojIdTeryt><sln:wojNazwa>warmińsko-mazurskie</sln:wojNazwa></sln:miejscowosc><sln:miejscowosc><sln:cyklZyciaOd>2017-03-06T00:00:00+01:00</sln:cyklZyciaOd><sln:gmIIPId>6814ff13-291a-47e2-90e3-a84485954dbc</sln:gmIIPId><sln:gmIIPPn>PL.PZGIK.200</sln:gmIIPPn><sln:gmIIPWersja>2012-09-26T22:22:05+02:00</sln:gmIIPWersja><sln:gmIdTeryt>2819012</sln:gmIdTeryt><sln:gmNazwa>Budry</sln:gmNazwa><sln:miejscIIPId>cca4f90d-d60c-4186-9a67-b5c352231428</sln:miejscIIPId><sln:miejscIIPPn>PL.PZGIK.200</sln:miejscIIPPn><sln:miejscIIPWersja>2017-03-06T15:20:48+02:00</sln:miejscIIPWersja><sln:miejscIdTeryt>0755550</sln:miejscIdTeryt><sln:miejscNazwa>Pochwałki</sln:miejscNazwa><sln:miejscRodzaj>Osada</sln:miejscRodzaj><sln:powIIPId>78e43ff2-3a0c-497c-ba06-95f283fc066c</sln:powIIPId><sln:powIIPPn>PL.PZGIK.200</sln:powIIPPn><sln:powIIPWersja>2012-09-27T10:00:59+02:00</sln:powIIPWersja><sln:powIdTeryt>2819</sln:powIdTeryt><sln:powNazwa>węgorzewski</sln:powNazwa><sln:waznyOd>2016-10-05T00:00:00+02:00</sln:waznyOd><sln:wojIIPId>45e7cfc6-6d8b-42ff-acbd-ef1d0a53dacb</sln:wojIIPId><sln:wojIIPPn>PL.PZGIK.200</sln:wojIIPPn><sln:wojIIPWersja>2012-09-27T13:45:13+02:00</sln:wojIIPWersja><sln:wojIdTeryt>28</sln:wojIdTeryt><sln:wojNazwa>warmińsko-mazurskie</sln:wojNazwa></sln:miejscowosc><sln:miejscowosc><sln:cyklZyciaOd>2017-03-06T00:00:00+01:00</sln:cyklZyciaOd><sln:gmIIPId>6814ff13-291a-47e2-90e3-a84485954dbc</sln:gmIIPId><sln:gmIIPPn>PL.PZGIK.200</sln:gmIIPPn><sln:gmIIPWersja>2012-09-26T22:22:05+02:00</sln:gmIIPWersja><sln:gmIdTeryt>2819012</sln:gmIdTeryt><sln:gmNazwa>Budry</sln:gmNazwa><sln:miejscIIPId>f5c9a3ab-e5ee-4380-b181-3f1777c4020d</sln:miejscIIPId><sln:miejscIIPPn>PL.PZGIK.200</sln:miejscIIPPn><sln:miejscIIPWersja>2017-03-06T15:20:48+02:00</sln:miejscIIPWersja><sln:miejscIdTeryt>0755566</sln:miejscIdTeryt><sln:miejscNazwa>Popioły</sln:miejscNazwa><sln:miejscRodzaj>Wieś</sln:miejscRodzaj><sln:powIIPId>78e43ff2-3a0c-497c-ba06-95f283fc066c</sln:powIIPId><sln:powIIPPn>PL.PZGIK.200</sln:powIIPPn><sln:powIIPWersja>2012-09-27T10:00:59+02:00</sln:powIIPWersja><sln:powIdTeryt>2819</sln:powIdTeryt><sln:powNazwa>węgorzewski</sln:powNazwa><sln:waznyOd>2016-10-05T00:00:00+02:00</sln:waznyOd><sln:wojIIPId>45e7cfc6-6d8b-42ff-acbd-ef1d0a53dacb</sln:wojIIPId><sln:wojIIPPn>PL.PZGIK.200</sln:wojIIPPn><sln:wojIIPWersja>2012-09-27T13:45:13+02:00</sln:wojIIPWersja><sln:wojIdTeryt>28</sln:wojIdTeryt><sln:wojNazwa>warmińsko-mazurskie</sln:wojNazwa></sln:miejscowosc><sln:miejscowosc><sln:cyklZyciaOd>2017-03-06T00:00:00+01:00</sln:cyklZyciaOd><sln:gmIIPId>6814ff13-291a-47e2-90e3-a84485954dbc</sln:gmIIPId><sln:gmIIPPn>PL.PZGIK.200</sln:gmIIPPn><sln:gmIIPWersja>2012-09-26T22:22:05+02:00</sln:gmIIPWersja><sln:gmIdTeryt>2819012</sln:gmIdTeryt><sln:gmNazwa>Budry</sln:gmNazwa><sln:miejscIIPId>df071f6a-80fb-4804-85d5-cc9588ee10b0</sln:miejscIIPId><sln:miejscIIPPn>PL.PZGIK.200</sln:miejscIIPPn><sln:miejscIIPWersja>2017-03-06T15:20:48+02:00</sln:miejscIIPWersja><sln:miejscIdTeryt>0755572</sln:miejscIdTeryt><sln:miejscNazwa>Wydutki</sln:miejscNazwa><sln:miejscRodzaj>Osada</sln:miejscRodzaj><sln:powIIPId>78e43ff2-3a0c-497c-ba06-95f283fc066c</sln:powIIPId><sln:powIIPPn>PL.PZGIK.200</sln:powIIPPn><sln:powIIPWersja>2012-09-27T10:00:59+02:00</sln:powIIPWersja><sln:powIdTeryt>2819</sln:powIdTeryt><sln:powNazwa>węgorzewski</sln:powNazwa><sln:waznyOd>2016-10-05T00:00:00+02:00</sln:waznyOd><sln:wojIIPId>45e7cfc6-6d8b-42ff-acbd-ef1d0a53dacb</sln:wojIIPId><sln:wojIIPPn>PL.PZGIK.200</sln:wojIIPPn><sln:wojIIPWersja>2012-09-27T13:45:13+02:00</sln:wojIIPWersja><sln:wojIdTeryt>28</sln:wojIdTeryt><sln:wojNazwa>warmińsko-mazurskie</sln:wojNazwa></sln:miejscowosc><sln:miejscowosc><sln:cyklZyciaOd>2017-03-06T00:00:00+01:00</sln:cyklZyciaOd><sln:gmIIPId>6814ff13-291a-47e2-90e3-a84485954dbc</sln:gmIIPId><sln:gmIIPPn>PL.PZGIK.200</sln:gmIIPPn><sln:gmIIPWersja>2012-09-26T22:22:05+02:00</sln:gmIIPWersja><sln:gmIdTeryt>2819012</sln:gmIdTeryt><sln:gmNazwa>Budry</sln:gmNazwa><sln:miejscIIPId>d0e1a5c2-1cd2-4d29-ae95-b86be183fd36</sln:miejscIIPId><sln:miejscIIPPn>PL.PZGIK.200</sln:miejscIIPPn><sln:miejscIIPWersja>2017-03-06T15:20:48+02:00</sln:miejscIIPWersja><sln:miejscIdTeryt>0755589</sln:miejscIdTeryt><sln:miejscNazwa>Sąkieły Małe</sln:miejscNazwa><sln:miejscRodzaj>Wieś</sln:miejscRodzaj><sln:powIIPId>78e43ff2-3a0c-497c-ba06-95f283fc066c</sln:powIIPId><sln:powIIPPn>PL.PZGIK.200</sln:powIIPPn><sln:powIIPWersja>2012-09-27T10:00:59+02:00</sln:powIIPWersja><sln:powIdTeryt>2819</sln:powIdTeryt><sln:powNazwa>węgorzewski</sln:powNazwa><sln:waznyOd>2016-10-05T00:00:00+02:00</sln:waznyOd><sln:wojIIPId>45e7cfc6-6d8b-42ff-acbd-ef1d0a53dacb</sln:wojIIPId><sln:wojIIPPn>PL.PZGIK.200</sln:wojIIPPn><sln:wojIIPWersja>2012-09-27T13:45:13+02:00</sln:wojIIPWersja><sln:wojIdTeryt>28</sln:wojIdTeryt><sln:wojNazwa>warmińsko-mazurskie</sln:wojNazwa></sln:miejscowosc><sln:miejscowosc><sln:cyklZyciaOd>2017-03-06T00:00:00+01:00</sln:cyklZyciaOd><sln:gmIIPId>6814ff13-291a-47e2-90e3-a84485954dbc</sln:gmIIPId><sln:gmIIPPn>PL.PZGIK.200</sln:gmIIPPn><sln:gmIIPWersja>2012-09-26T22:22:05+02:00</sln:gmIIPWersja><sln:gmIdTeryt>2819012</sln:gmIdTeryt><sln:gmNazwa>Budry</sln:gmNazwa><sln:miejscIIPId>f0df1f45-76df-4b11-b84a-882a49c8a483</sln:miejscIIPId><sln:miejscIIPPn>PL.PZGIK.200</sln:miejscIIPPn><sln:miejscIIPWersja>2017-03-06T15:20:49+02:00</sln:miejscIIPWersja><sln:miejscIdTeryt>0755595</sln:miejscIdTeryt><sln:miejscNazwa>Skalisze</sln:miejscNazwa><sln:miejscRodzaj>Osada leśna</sln:miejscRodzaj><sln:powIIPId>78e43ff2-3a0c-497c-ba06-95f283fc066c</sln:powIIPId><sln:powIIPPn>PL.PZGIK.200</sln:powIIPPn><sln:powIIPWersja>2012-09-27T10:00:59+02:00</sln:powIIPWersja><sln:powIdTeryt>2819</sln:powIdTeryt><sln:powNazwa>węgorzewski</sln:powNazwa><sln:waznyOd>2016-10-05T00:00:00+02:00</sln:waznyOd><sln:wojIIPId>45e7cfc6-6d8b-42ff-acbd-ef1d0a53dacb</sln:wojIIPId><sln:wojIIPPn>PL.PZGIK.200</sln:wojIIPPn><sln:wojIIPWersja>2012-09-27T13:45:13+02:00</sln:wojIIPWersja><sln:wojIdTeryt>28</sln:wojIdTeryt><sln:wojNazwa>warmińsko-mazurskie</sln:wojNazwa></sln:miejscowosc><sln:miejscowosc><sln:cyklZyciaOd>2017-03-06T00:00:00+01:00</sln:cyklZyciaOd><sln:gmIIPId>6814ff13-291a-47e2-90e3-a84485954dbc</sln:gmIIPId><sln:gmIIPPn>PL.PZGIK.200</sln:gmIIPPn><sln:gmIIPWersja>2012-09-26T22:22:05+02:00</sln:gmIIPWersja><sln:gmIdTeryt>2819012</sln:gmIdTeryt><sln:gmNazwa>Budry</sln:gmNazwa><sln:miejscIIPId>fa95188e-348f-4397-bdba-48c83a5447f6</sln:miejscIIPId><sln:miejscIIPPn>PL.PZGIK.200</sln:miejscIIPPn><sln:miejscIIPWersja>2017-03-06T15:20:49+02:00</sln:miejscIIPWersja><sln:miejscIdTeryt>0755603</sln:miejscIdTeryt><sln:miejscNazwa>Sobiechy</sln:miejscNazwa><sln:miejscRodzaj>Wieś</sln:miejscRodzaj><sln:powIIPId>78e43ff2-3a0c-497c-ba06-95f283fc066c</sln:powIIPId><sln:powIIPPn>PL.PZGIK.200</sln:powIIPPn><sln:powIIPWersja>2012-09-27T10:00:59+02:00</sln:powIIPWersja><sln:powIdTeryt>2819</sln:powIdTeryt><sln:powNazwa>węgorzewski</sln:powNazwa><sln:waznyOd>2016-10-05T00:00:00+02:00</sln:waznyOd><sln:wojIIPId>45e7cfc6-6d8b-42ff-acbd-ef1d0a53dacb</sln:wojIIPId><sln:wojIIPPn>PL.PZGIK.200</sln:wojIIPPn><sln:wojIIPWersja>2012-09-27T13:45:13+02:00</sln:wojIIPWersja><sln:wojIdTeryt>28</sln:wojIdTeryt><sln:wojNazwa>warmińsko-mazurskie</sln:wojNazwa></sln:miejscowosc><sln:miejscowosc><sln:cyklZyciaOd>2017-03-06T00:00:00+01:00</sln:cyklZyciaOd><sln:gmIIPId>6814ff13-291a-47e2-90e3-a84485954dbc</sln:gmIIPId><sln:gmIIPPn>PL.PZGIK.200</sln:gmIIPPn><sln:gmIIPWersja>2012-09-26T22:22:05+02:00</sln:gmIIPWersja><sln:gmIdTeryt>2819012</sln:gmIdTeryt><sln:gmNazwa>Budry</sln:gmNazwa><sln:miejscIIPId>c1cfd2cf-1591-459b-a283-d4e58ef13711</sln:miejscIIPId><sln:miejscIIPPn>PL.PZGIK.200</sln:miejscIIPPn><sln:miejscIIPWersja>2017-03-06T15:20:49+02:00</sln:miejscIIPWersja><sln:miejscIdTeryt>0755610</sln:miejscIdTeryt><sln:miejscNazwa>Wężówko</sln:miejscNazwa><sln:miejscRodzaj>Wieś</sln:miejscRodzaj><sln:powIIPId>78e43ff2-3a0c-497c-ba06-95f283fc066c</sln:powIIPId><sln:powIIPPn>PL.PZGIK.200</sln:powIIPPn><sln:powIIPWersja>2012-09-27T10:00:59+02:00</sln:powIIPWersja><sln:powIdTeryt>2819</sln:powIdTeryt><sln:powNazwa>węgorzewski</sln:powNazwa><sln:waznyOd>2016-10-05T00:00:00+02:00</sln:waznyOd><sln:wojIIPId>45e7cfc6-6d8b-42ff-acbd-ef1d0a53dacb</sln:wojIIPId><sln:wojIIPPn>PL.PZGIK.200</sln:wojIIPPn><sln:wojIIPWersja>2012-09-27T13:45:13+02:00</sln:wojIIPWersja><sln:wojIdTeryt>28</sln:wojIdTeryt><sln:wojNazwa>warmińsko-mazurskie</sln:wojNazwa></sln:miejscowosc><sln:miejscowosc><sln:cyklZyciaOd>2017-03-06T00:00:00+01:00</sln:cyklZyciaOd><sln:gmIIPId>6814ff13-291a-47e2-90e3-a84485954dbc</sln:gmIIPId><sln:gmIIPPn>PL.PZGIK.200</sln:gmIIPPn><sln:gmIIPWersja>2012-09-26T22:22:05+02:00</sln:gmIIPWersja><sln:gmIdTeryt>2819012</sln:gmIdTeryt><sln:gmNazwa>Budry</sln:gmNazwa><sln:miejscIIPId>4cf21674-dbfb-4c22-ac08-09aac44b89b8</sln:miejscIIPId><sln:miejscIIPPn>PL.PZGIK.200</sln:miejscIIPPn><sln:miejscIIPWersja>2017-03-06T15:20:49+02:00</sln:miejscIIPWersja><sln:miejscIdTeryt>0755626</sln:miejscIdTeryt><sln:miejscNazwa>Więcki</sln:miejscNazwa><sln:miejscRodzaj>Wieś</sln:miejscRodzaj><sln:powIIPId>78e43ff2-3a0c-497c-ba06-95f283fc066c</sln:powIIPId><sln:powIIPPn>PL.PZGIK.200</sln:powIIPPn><sln:powIIPWersja>2012-09-27T10:00:59+02:00</sln:powIIPWersja><sln:powIdTeryt>2819</sln:powIdTeryt><sln:powNazwa>węgorzewski</sln:powNazwa><sln:waznyOd>2016-10-05T00:00:00+02:00</sln:waznyOd><sln:wojIIPId>45e7cfc6-6d8b-42ff-acbd-ef1d0a53dacb</sln:wojIIPId><sln:wojIIPPn>PL.PZGIK.200</sln:wojIIPPn><sln:wojIIPWersja>2012-09-27T13:45:13+02:00</sln:wojIIPWersja><sln:wojIdTeryt>28</sln:wojIdTeryt><sln:wojNazwa>warmińsko-mazurskie</sln:wojNazwa></sln:miejscowosc><sln:miejscowosc><sln:cyklZyciaOd>2017-03-06T00:00:00+01:00</sln:cyklZyciaOd><sln:gmIIPId>6814ff13-291a-47e2-90e3-a84485954dbc</sln:gmIIPId><sln:gmIIPPn>PL.PZGIK.200</sln:gmIIPPn><sln:gmIIPWersja>2012-09-26T22:22:05+02:00</sln:gmIIPWersja><sln:gmIdTeryt>2819012</sln:gmIdTeryt><sln:gmNazwa>Budry</sln:gmNazwa><sln:miejscIIPId>9cb01f81-5138-41d9-9977-9adff88af93a</sln:miejscIIPId><sln:miejscIIPPn>PL.PZGIK.200</sln:miejscIIPPn><sln:miejscIIPWersja>2017-03-06T15:20:49+02:00</sln:miejscIIPWersja><sln:miejscIdTeryt>0755632</sln:miejscIdTeryt><sln:miejscNazwa>Droglewo</sln:miejscNazwa><sln:miejscRodzaj>Osada</sln:miejscRodzaj><sln:powIIPId>78e43ff2-3a0c-497c-ba06-95f283fc066c</sln:powIIPId><sln:powIIPPn>PL.PZGIK.200</sln:powIIPPn><sln:powIIPWersja>2012-09-27T10:00:59+02:00</sln:powIIPWersja><sln:powIdTeryt>2819</sln:powIdTeryt><sln:powNazwa>węgorzewski</sln:powNazwa><sln:waznyOd>2016-10-05T00:00:00+02:00</sln:waznyOd><sln:wojIIPId>45e7cfc6-6d8b-42ff-acbd-ef1d0a53dacb</sln:wojIIPId><sln:wojIIPPn>PL.PZGIK.200</sln:wojIIPPn><sln:wojIIPWersja>2012-09-27T13:45:13+02:00</sln:wojIIPWersja><sln:wojIdTeryt>28</sln:wojIdTeryt><sln:wojNazwa>warmińsko-mazurskie</sln:wojNazwa></sln:miejscowosc><sln:miejscowosc><sln:cyklZyciaOd>2017-03-06T00:00:00+01:00</sln:cyklZyciaOd><sln:gmIIPId>6814ff13-291a-47e2-90e3-a84485954dbc</sln:gmIIPId><sln:gmIIPPn>PL.PZGIK.200</sln:gmIIPPn><sln:gmIIPWersja>2012-09-26T22:22:05+02:00</sln:gmIIPWersja><sln:gmIdTeryt>2819012</sln:gmIdTeryt><sln:gmNazwa>Budry</sln:gmNazwa><sln:miejscIIPId>7dcc7554-51e4-4410-abc5-af20c6a8a698</sln:miejscIIPId><sln:miejscIIPPn>PL.PZGIK.200</sln:miejscIIPPn><sln:miejscIIPWersja>2017-03-06T15:20:49+02:00</sln:miejscIIPWersja><sln:miejscIdTeryt>0755649</sln:miejscIdTeryt><sln:miejscNazwa>Wola</sln:miejscNazwa><sln:miejscRodzaj>Osada</sln:miejscRodzaj><sln:powIIPId>78e43ff2-3a0c-497c-ba06-95f283fc066c</sln:powIIPId><sln:powIIPPn>PL.PZGIK.200</sln:powIIPPn><sln:powIIPWersja>2012-09-27T10:00:59+02:00</sln:powIIPWersja><sln:powIdTeryt>2819</sln:powIdTeryt><sln:powNazwa>węgorzewski</sln:powNazwa><sln:waznyOd>2016-10-05T00:00:00+02:00</sln:waznyOd><sln:wojIIPId>45e7cfc6-6d8b-42ff-acbd-ef1d0a53dacb</sln:wojIIPId><sln:wojIIPPn>PL.PZGIK.200</sln:wojIIPPn><sln:wojIIPWersja>2012-09-27T13:45:13+02:00</sln:wojIIPWersja><sln:wojIdTeryt>28</sln:wojIdTeryt><sln:wojNazwa>warmińsko-mazurskie</sln:wojNazwa></sln:miejscowosc><sln:miejscowosc><sln:cyklZyciaOd>2017-03-06T00:00:00+01:00</sln:cyklZyciaOd><sln:gmIIPId>6814ff13-291a-47e2-90e3-a84485954dbc</sln:gmIIPId><sln:gmIIPPn>PL.PZGIK.200</sln:gmIIPPn><sln:gmIIPWersja>2012-09-26T22:22:05+02:00</sln:gmIIPWersja><sln:gmIdTeryt>2819012</sln:gmIdTeryt><sln:gmNazwa>Budry</sln:gmNazwa><sln:miejscIIPId>1257cfbf-df57-4947-a1d7-6eb16b78884a</sln:miejscIIPId><sln:miejscIIPPn>PL.PZGIK.200</sln:miejscIIPPn><sln:miejscIIPWersja>2017-03-06T15:20:49+02:00</sln:miejscIIPWersja><sln:miejscIdTeryt>0755655</sln:miejscIdTeryt><sln:miejscNazwa>Zabrost Wielki</sln:miejscNazwa><sln:miejscRodzaj>Wieś</sln:miejscRodzaj><sln:powIIPId>78e43ff2-3a0c-497c-ba06-95f283fc066c</sln:powIIPId><sln:powIIPPn>PL.PZGIK.200</sln:powIIPPn><sln:powIIPWersja>2012-09-27T10:00:59+02:00</sln:powIIPWersja><sln:powIdTeryt>2819</sln:powIdTeryt><sln:powNazwa>węgorzewski</sln:powNazwa><sln:waznyOd>2016-10-05T00:00:00+02:00</sln:waznyOd><sln:wojIIPId>45e7cfc6-6d8b-42ff-acbd-ef1d0a53dacb</sln:wojIIPId><sln:wojIIPPn>PL.PZGIK.200</sln:wojIIPPn><sln:wojIIPWersja>2012-09-27T13:45:13+02:00</sln:wojIIPWersja><sln:wojIdTeryt>28</sln:wojIdTeryt><sln:wojNazwa>warmińsko-mazurskie</sln:wojNazwa></sln:miejscowosc></sln:lista-miejscowosci>