<?xml version="1.0" encoding="UTF-8" standalone="yes"?><sln:lista-miejscowosci xmlns:srv="http://gugik.gov.pl/schemas/slowniki-service/1.0" xmlns:sln="http://gugik.gov.pl/schemas/slowniki-schema/1.0"><sln:miejscowosc><sln:cyklZyciaOd>2014-12-05T00:00:00+01:00</sln:cyklZyciaOd><sln:gmIIPId>12a8ed77-c6e5-48ab-8373-ef98886a9418</sln:gmIIPId><sln:gmIIPPn>PL.PZGIK.200</sln:gmIIPPn><sln:gmIIPWersja>2012-09-26T22:29:32+02:00</sln:gmIIPWersja><sln:gmIdTeryt>2404132</sln:gmIdTeryt><sln:gmNazwa>Poczesna</sln:gmNazwa><sln:miejscIIPId>f21dab75-c5b6-49d3-bef6-6b5f1917f800</sln:miejscIIPId><sln:miejscIIPPn>PL.PZGIK.200</sln:miejscIIPPn><sln:miejscIIPWersja>2016-11-24T13:28:16+02:00</sln:miejscIIPWersja><sln:miejscIdTeryt>0142438</sln:miejscIdTeryt><sln:miejscNazwa>Kolonia Poczesna</sln:miejscNazwa><sln:miejscRodzaj>Wieś</sln:miejscRodzaj><sln:powIIPId>a5fef4e5-9579-460f-84e2-daa56282f29a</sln:powIIPId><sln:powIIPPn>PL.PZGIK.200</sln:powIIPPn><sln:powIIPWersja>2012-09-27T09:34:20+02:00</sln:powIIPWersja><sln:powIdTeryt>2404</sln:powIdTeryt><sln:powNazwa>częstochowski</sln:powNazwa><sln:wojIIPId>98a63fe6-1e56-4d05-9c47-ab4233f8a6ff</sln:wojIIPId><sln:wojIIPPn>PL.PZGIK.200</sln:wojIIPPn><sln:wojIIPWersja>2017-10-10T00:00:00+02:00</sln:wojIIPWersja><sln:wojIdTeryt>24</sln:wojIdTeryt><sln:wojNazwa>śląskie</sln:wojNazwa></sln:miejscowosc><sln:miejscowosc><sln:cyklZyciaOd>2014-12-05T00:00:00+01:00</sln:cyklZyciaOd><sln:gmIIPId>12a8ed77-c6e5-48ab-8373-ef98886a9418</sln:gmIIPId><sln:gmIIPPn>PL.PZGIK.200</sln:gmIIPPn><sln:gmIIPWersja>2012-09-26T22:29:32+02:00</sln:gmIIPWersja><sln:gmIdTeryt>2404132</sln:gmIdTeryt><sln:gmNazwa>Poczesna</sln:gmNazwa><sln:miejscIIPId>c8b8302c-5028-45ef-8d2a-80e64c7511ef</sln:miejscIIPId><sln:miejscIIPPn>PL.PZGIK.200</sln:miejscIIPPn><sln:miejscIIPWersja>2016-11-24T13:28:16+02:00</sln:miejscIIPWersja><sln:miejscIdTeryt>0142504</sln:miejscIdTeryt><sln:miejscNazwa>Poczesna</sln:miejscNazwa><sln:miejscRodzaj>Wieś</sln:miejscRodzaj><sln:powIIPId>a5fef4e5-9579-460f-84e2-daa56282f29a</sln:powIIPId><sln:powIIPPn>PL.PZGIK.200</sln:powIIPPn><sln:powIIPWersja>2012-09-27T09:34:20+02:00</sln:powIIPWersja><sln:powIdTeryt>2404</sln:powIdTeryt><sln:powNazwa>częstochowski</sln:powNazwa><sln:wojIIPId>98a63fe6-1e56-4d05-9c47-ab4233f8a6ff</sln:wojIIPId><sln:wojIIPPn>PL.PZGIK.200</sln:wojIIPPn><sln:wojIIPWersja>2017-10-10T00:00:00+02:00</sln:wojIIPWersja><sln:wojIdTeryt>24</sln:wojIdTeryt><sln:wojNazwa>śląskie</sln:wojNazwa></sln:miejscowosc><sln:miejscowosc><sln:cyklZyciaOd>2014-12-05T00:00:00+01:00</sln:cyklZyciaOd><sln:gmIIPId>12a8ed77-c6e5-48ab-8373-ef98886a9418</sln:gmIIPId><sln:gmIIPPn>PL.PZGIK.200</sln:gmIIPPn><sln:gmIIPWersja>2012-09-26T22:29:32+02:00</sln:gmIIPWersja><sln:gmIdTeryt>2404132</sln:gmIdTeryt><sln:gmNazwa>Poczesna</sln:gmNazwa><sln:miejscIIPId>c354957a-5979-4ec0-8145-c268397fe478</sln:miejscIIPId><sln:miejscIIPPn>PL.PZGIK.200</sln:miejscIIPPn><sln:miejscIIPWersja>2016-11-24T13:42:08+02:00</sln:miejscIIPWersja><sln:miejscIdTeryt>0142473</sln:miejscIdTeryt><sln:miejscNazwa>Michałów</sln:miejscNazwa><sln:miejscRodzaj>Wieś</sln:miejscRodzaj><sln:powIIPId>a5fef4e5-9579-460f-84e2-daa56282f29a</sln:powIIPId><sln:powIIPPn>PL.PZGIK.200</sln:powIIPPn><sln:powIIPWersja>2012-09-27T09:34:20+02:00</sln:powIIPWersja><sln:powIdTeryt>2404</sln:powIdTeryt><sln:powNazwa>częstochowski</sln:powNazwa><sln:wojIIPId>98a63fe6-1e56-4d05-9c47-ab4233f8a6ff</sln:wojIIPId><sln:wojIIPPn>PL.PZGIK.200</sln:wojIIPPn><sln:wojIIPWersja>2017-10-10T00:00:00+02:00</sln:wojIIPWersja><sln:wojIdTeryt>24</sln:wojIdTeryt><sln:wojNazwa>śląskie</sln:wojNazwa></sln:miejscowosc><sln:miejscowosc><sln:cyklZyciaOd>2014-12-05T00:00:00+01:00</sln:cyklZyciaOd><sln:gmIIPId>12a8ed77-c6e5-48ab-8373-ef98886a9418</sln:gmIIPId><sln:gmIIPPn>PL.PZGIK.200</sln:gmIIPPn><sln:gmIIPWersja>2012-09-26T22:29:32+02:00</sln:gmIIPWersja><sln:gmIdTeryt>2404132</sln:gmIdTeryt><sln:gmNazwa>Poczesna</sln:gmNazwa><sln:miejscIIPId>73653fe9-7424-4ac9-a850-199314fd00c2</sln:miejscIIPId><sln:miejscIIPPn>PL.PZGIK.200</sln:miejscIIPPn><sln:miejscIIPWersja>2016-11-24T13:42:29+02:00</sln:miejscIIPWersja><sln:miejscIdTeryt>0142467</sln:miejscIdTeryt><sln:miejscNazwa>Młynek</sln:miejscNazwa><sln:miejscRodzaj>Wieś</sln:miejscRodzaj><sln:powIIPId>a5fef4e5-9579-460f-84e2-daa56282f29a</sln:powIIPId><sln:powIIPPn>PL.PZGIK.200</sln:powIIPPn><sln:powIIPWersja>2012-09-27T09:34:20+02:00</sln:powIIPWersja><sln:powIdTeryt>2404</sln:powIdTeryt><sln:powNazwa>częstochowski</sln:powNazwa><sln:wojIIPId>98a63fe6-1e56-4d05-9c47-ab4233f8a6ff</sln:wojIIPId><sln:wojIIPPn>PL.PZGIK.200</sln:wojIIPPn><sln:wojIIPWersja>2017-10-10T00:00:00+02:00</sln:wojIIPWersja><sln:wojIdTeryt>24</sln:wojIdTeryt><sln:wojNazwa>śląskie</sln:wojNazwa></sln:miejscowosc><sln:miejscowosc><sln:cyklZyciaOd>2014-12-05T00:00:00+01:00</sln:cyklZyciaOd><sln:gmIIPId>12a8ed77-c6e5-48ab-8373-ef98886a9418</sln:gmIIPId><sln:gmIIPPn>PL.PZGIK.200</sln:gmIIPPn><sln:gmIIPWersja>2012-09-26T22:29:32+02:00</sln:gmIIPWersja><sln:gmIdTeryt>2404132</sln:gmIdTeryt><sln:gmNazwa>Poczesna</sln:gmNazwa><sln:miejscIIPId>4395fa96-6013-4637-a0a1-6a6a35c44527</sln:miejscIIPId><sln:miejscIIPPn>PL.PZGIK.200</sln:miejscIIPPn><sln:miejscIIPWersja>2016-11-24T13:43:13+02:00</sln:miejscIIPWersja><sln:miejscIdTeryt>0142496</sln:miejscIdTeryt><sln:miejscNazwa>Nowa Wieś</sln:miejscNazwa><sln:miejscRodzaj>Wieś</sln:miejscRodzaj><sln:powIIPId>a5fef4e5-9579-460f-84e2-daa56282f29a</sln:powIIPId><sln:powIIPPn>PL.PZGIK.200</sln:powIIPPn><sln:powIIPWersja>2012-09-27T09:34:20+02:00</sln:powIIPWersja><sln:powIdTeryt>2404</sln:powIdTeryt><sln:powNazwa>częstochowski</sln:powNazwa><sln:wojIIPId>98a63fe6-1e56-4d05-9c47-ab4233f8a6ff</sln:wojIIPId><sln:wojIIPPn>PL.PZGIK.200</sln:wojIIPPn><sln:wojIIPWersja>2017-10-10T00:00:00+02:00</sln:wojIIPWersja><sln:wojIdTeryt>24</sln:wojIdTeryt><sln:wojNazwa>śląskie</sln:wojNazwa></sln:miejscowosc><sln:miejscowosc><sln:cyklZyciaOd>2014-12-05T00:00:00+01:00</sln:cyklZyciaOd><sln:gmIIPId>12a8ed77-c6e5-48ab-8373-ef98886a9418</sln:gmIIPId><sln:gmIIPPn>PL.PZGIK.200</sln:gmIIPPn><sln:gmIIPWersja>2012-09-26T22:29:32+02:00</sln:gmIIPWersja><sln:gmIdTeryt>2404132</sln:gmIdTeryt><sln:gmNazwa>Poczesna</sln:gmNazwa><sln:miejscIIPId>521e6069-ae57-4202-8a6e-f82a86ae3e02</sln:miejscIIPId><sln:miejscIIPPn>PL.PZGIK.200</sln:miejscIIPPn><sln:miejscIIPWersja>2016-11-24T13:51:07+02:00</sln:miejscIIPWersja><sln:miejscIdTeryt>0142591</sln:miejscIdTeryt><sln:miejscNazwa>Kolonia Borek</sln:miejscNazwa><sln:miejscRodzaj>Inny obiekt</sln:miejscRodzaj><sln:powIIPId>a5fef4e5-9579-460f-84e2-daa56282f29a</sln:powIIPId><sln:powIIPPn>PL.PZGIK.200</sln:powIIPPn><sln:powIIPWersja>2012-09-27T09:34:20+02:00</sln:powIIPWersja><sln:powIdTeryt>2404</sln:powIdTeryt><sln:powNazwa>częstochowski</sln:powNazwa><sln:wojIIPId>98a63fe6-1e56-4d05-9c47-ab4233f8a6ff</sln:wojIIPId><sln:wojIIPPn>PL.PZGIK.200</sln:wojIIPPn><sln:wojIIPWersja>2017-10-10T00:00:00+02:00</sln:wojIIPWersja><sln:wojIdTeryt>24</sln:wojIdTeryt><sln:wojNazwa>śląskie</sln:wojNazwa></sln:miejscowosc><sln:miejscowosc><sln:cyklZyciaOd>2014-12-05T00:00:00+01:00</sln:cyklZyciaOd><sln:gmIIPId>12a8ed77-c6e5-48ab-8373-ef98886a9418</sln:gmIIPId><sln:gmIIPPn>PL.PZGIK.200</sln:gmIIPPn><sln:gmIIPWersja>2012-09-26T22:29:32+02:00</sln:gmIIPWersja><sln:gmIdTeryt>2404132</sln:gmIdTeryt><sln:gmNazwa>Poczesna</sln:gmNazwa><sln:miejscIIPId>aca32062-5d32-493d-8ca8-350f6faea346</sln:miejscIIPId><sln:miejscIIPPn>PL.PZGIK.200</sln:miejscIIPPn><sln:miejscIIPWersja>2016-11-24T13:46:00+02:00</sln:miejscIIPWersja><sln:miejscIdTeryt>0142421</sln:miejscIdTeryt><sln:miejscNazwa>Brzeziny-Kolonia</sln:miejscNazwa><sln:miejscRodzaj>Kolonia</sln:miejscRodzaj><sln:powIIPId>a5fef4e5-9579-460f-84e2-daa56282f29a</sln:powIIPId><sln:powIIPPn>PL.PZGIK.200</sln:powIIPPn><sln:powIIPWersja>2012-09-27T09:34:20+02:00</sln:powIIPWersja><sln:powIdTeryt>2404</sln:powIdTeryt><sln:powNazwa>częstochowski</sln:powNazwa><sln:wojIIPId>98a63fe6-1e56-4d05-9c47-ab4233f8a6ff</sln:wojIIPId><sln:wojIIPPn>PL.PZGIK.200</sln:wojIIPPn><sln:wojIIPWersja>2017-10-10T00:00:00+02:00</sln:wojIIPWersja><sln:wojIdTeryt>24</sln:wojIdTeryt><sln:wojNazwa>śląskie</sln:wojNazwa></sln:miejscowosc><sln:miejscowosc><sln:cyklZyciaOd>2014-12-05T00:00:00+01:00</sln:cyklZyciaOd><sln:gmIIPId>12a8ed77-c6e5-48ab-8373-ef98886a9418</sln:gmIIPId><sln:gmIIPPn>PL.PZGIK.200</sln:gmIIPPn><sln:gmIIPWersja>2012-09-26T22:29:32+02:00</sln:gmIIPWersja><sln:gmIdTeryt>2404132</sln:gmIdTeryt><sln:gmNazwa>Poczesna</sln:gmNazwa><sln:miejscIIPId>13b0be9a-60c1-415c-9506-0293d86176f6</sln:miejscIIPId><sln:miejscIIPPn>PL.PZGIK.200</sln:miejscIIPPn><sln:miejscIIPWersja>2016-11-24T13:30:56+02:00</sln:miejscIIPWersja><sln:miejscIdTeryt>0142527</sln:miejscIdTeryt><sln:miejscNazwa>Sobuczyna</sln:miejscNazwa><sln:miejscRodzaj>Wieś</sln:miejscRodzaj><sln:powIIPId>a5fef4e5-9579-460f-84e2-daa56282f29a</sln:powIIPId><sln:powIIPPn>PL.PZGIK.200</sln:powIIPPn><sln:powIIPWersja>2012-09-27T09:34:20+02:00</sln:powIIPWersja><sln:powIdTeryt>2404</sln:powIdTeryt><sln:powNazwa>częstochowski</sln:powNazwa><sln:wojIIPId>98a63fe6-1e56-4d05-9c47-ab4233f8a6ff</sln:wojIIPId><sln:wojIIPPn>PL.PZGIK.200</sln:wojIIPPn><sln:wojIIPWersja>2017-10-10T00:00:00+02:00</sln:wojIIPWersja><sln:wojIdTeryt>24</sln:wojIdTeryt><sln:wojNazwa>śląskie</sln:wojNazwa></sln:miejscowosc><sln:miejscowosc><sln:cyklZyciaOd>2014-12-05T00:00:00+01:00</sln:cyklZyciaOd><sln:gmIIPId>12a8ed77-c6e5-48ab-8373-ef98886a9418</sln:gmIIPId><sln:gmIIPPn>PL.PZGIK.200</sln:gmIIPPn><sln:gmIIPWersja>2012-09-26T22:29:32+02:00</sln:gmIIPWersja><sln:gmIdTeryt>2404132</sln:gmIdTeryt><sln:gmNazwa>Poczesna</sln:gmNazwa><sln:miejscIIPId>f5c01302-e1df-433c-b3fe-5dab76496999</sln:miejscIIPId><sln:miejscIIPPn>PL.PZGIK.200</sln:miejscIIPPn><sln:miejscIIPWersja>2016-11-24T13:36:46+02:00</sln:miejscIIPWersja><sln:miejscIdTeryt>0142415</sln:miejscIdTeryt><sln:miejscNazwa>Bargły</sln:miejscNazwa><sln:miejscRodzaj>Wieś</sln:miejscRodzaj><sln:powIIPId>a5fef4e5-9579-460f-84e2-daa56282f29a</sln:powIIPId><sln:powIIPPn>PL.PZGIK.200</sln:powIIPPn><sln:powIIPWersja>2012-09-27T09:34:20+02:00</sln:powIIPWersja><sln:powIdTeryt>2404</sln:powIdTeryt><sln:powNazwa>częstochowski</sln:powNazwa><sln:wojIIPId>98a63fe6-1e56-4d05-9c47-ab4233f8a6ff</sln:wojIIPId><sln:wojIIPPn>PL.PZGIK.200</sln:wojIIPPn><sln:wojIIPWersja>2017-10-10T00:00:00+02:00</sln:wojIIPWersja><sln:wojIdTeryt>24</sln:wojIdTeryt><sln:wojNazwa>śląskie</sln:wojNazwa></sln:miejscowosc><sln:miejscowosc><sln:cyklZyciaOd>2014-12-05T00:00:00+01:00</sln:cyklZyciaOd><sln:gmIIPId>12a8ed77-c6e5-48ab-8373-ef98886a9418</sln:gmIIPId><sln:gmIIPPn>PL.PZGIK.200</sln:gmIIPPn><sln:gmIIPWersja>2012-09-26T22:29:32+02:00</sln:gmIIPWersja><sln:gmIdTeryt>2404132</sln:gmIdTeryt><sln:gmNazwa>Poczesna</sln:gmNazwa><sln:miejscIIPId>da47c2fc-114a-40e1-b294-c9d7a068cce5</sln:miejscIIPId><sln:miejscIIPPn>PL.PZGIK.200</sln:miejscIIPPn><sln:miejscIIPWersja>2016-11-24T13:54:47+02:00</sln:miejscIIPWersja><sln:miejscIdTeryt>0142556</sln:miejscIdTeryt><sln:miejscNazwa>Osiedle Robotnicze</sln:miejscNazwa><sln:miejscRodzaj>Inny obiekt</sln:miejscRodzaj><sln:powIIPId>a5fef4e5-9579-460f-84e2-daa56282f29a</sln:powIIPId><sln:powIIPPn>PL.PZGIK.200</sln:powIIPPn><sln:powIIPWersja>2012-09-27T09:34:20+02:00</sln:powIIPWersja><sln:powIdTeryt>2404</sln:powIdTeryt><sln:powNazwa>częstochowski</sln:powNazwa><sln:wojIIPId>98a63fe6-1e56-4d05-9c47-ab4233f8a6ff</sln:wojIIPId><sln:wojIIPPn>PL.PZGIK.200</sln:wojIIPPn><sln:wojIIPWersja>2017-10-10T00:00:00+02:00</sln:wojIIPWersja><sln:wojIdTeryt>24</sln:wojIdTeryt><sln:wojNazwa>śląskie</sln:wojNazwa></sln:miejscowosc><sln:miejscowosc><sln:cyklZyciaOd>2014-12-05T00:00:00+01:00</sln:cyklZyciaOd><sln:gmIIPId>12a8ed77-c6e5-48ab-8373-ef98886a9418</sln:gmIIPId><sln:gmIIPPn>PL.PZGIK.200</sln:gmIIPPn><sln:gmIIPWersja>2012-09-26T22:29:32+02:00</sln:gmIIPWersja><sln:gmIdTeryt>2404132</sln:gmIdTeryt><sln:gmNazwa>Poczesna</sln:gmNazwa><sln:miejscIIPId>4d27285a-8e32-4459-b155-6fa9ee0f4f19</sln:miejscIIPId><sln:miejscIIPPn>PL.PZGIK.200</sln:miejscIIPPn><sln:miejscIIPWersja>2016-11-24T13:42:57+02:00</sln:miejscIIPWersja><sln:miejscIdTeryt>0142480</sln:miejscIdTeryt><sln:miejscNazwa>Nierada</sln:miejscNazwa><sln:miejscRodzaj>Wieś</sln:miejscRodzaj><sln:powIIPId>a5fef4e5-9579-460f-84e2-daa56282f29a</sln:powIIPId><sln:powIIPPn>PL.PZGIK.200</sln:powIIPPn><sln:powIIPWersja>2012-09-27T09:34:20+02:00</sln:powIIPWersja><sln:powIdTeryt>2404</sln:powIdTeryt><sln:powNazwa>częstochowski</sln:powNazwa><sln:wojIIPId>98a63fe6-1e56-4d05-9c47-ab4233f8a6ff</sln:wojIIPId><sln:wojIIPPn>PL.PZGIK.200</sln:wojIIPPn><sln:wojIIPWersja>2017-10-10T00:00:00+02:00</sln:wojIIPWersja><sln:wojIdTeryt>24</sln:wojIdTeryt><sln:wojNazwa>śląskie</sln:wojNazwa></sln:miejscowosc><sln:miejscowosc><sln:cyklZyciaOd>2014-12-05T00:00:00+01:00</sln:cyklZyciaOd><sln:gmIIPId>12a8ed77-c6e5-48ab-8373-ef98886a9418</sln:gmIIPId><sln:gmIIPPn>PL.PZGIK.200</sln:gmIIPPn><sln:gmIIPWersja>2012-09-26T22:29:32+02:00</sln:gmIIPWersja><sln:gmIdTeryt>2404132</sln:gmIdTeryt><sln:gmNazwa>Poczesna</sln:gmNazwa><sln:miejscIIPId>8da6c349-07d5-43b6-9fb3-96841600ee1b</sln:miejscIIPId><sln:miejscIIPPn>PL.PZGIK.200</sln:miejscIIPPn><sln:miejscIIPWersja>2016-11-24T13:29:25+02:00</sln:miejscIIPWersja><sln:miejscIdTeryt>0142562</sln:miejscIdTeryt><sln:miejscNazwa>Brzeziny Nowe</sln:miejscNazwa><sln:miejscRodzaj>Wieś</sln:miejscRodzaj><sln:powIIPId>a5fef4e5-9579-460f-84e2-daa56282f29a</sln:powIIPId><sln:powIIPPn>PL.PZGIK.200</sln:powIIPPn><sln:powIIPWersja>2012-09-27T09:34:20+02:00</sln:powIIPWersja><sln:powIdTeryt>2404</sln:powIdTeryt><sln:powNazwa>częstochowski</sln:powNazwa><sln:wojIIPId>98a63fe6-1e56-4d05-9c47-ab4233f8a6ff</sln:wojIIPId><sln:wojIIPPn>PL.PZGIK.200</sln:wojIIPPn><sln:wojIIPWersja>2017-10-10T00:00:00+02:00</sln:wojIIPWersja><sln:wojIdTeryt>24</sln:wojIdTeryt><sln:wojNazwa>śląskie</sln:wojNazwa></sln:miejscowosc><sln:miejscowosc><sln:cyklZyciaOd>2014-12-05T00:00:00+01:00</sln:cyklZyciaOd><sln:gmIIPId>12a8ed77-c6e5-48ab-8373-ef98886a9418</sln:gmIIPId><sln:gmIIPPn>PL.PZGIK.200</sln:gmIIPPn><sln:gmIIPWersja>2012-09-26T22:29:32+02:00</sln:gmIIPWersja><sln:gmIdTeryt>2404132</sln:gmIdTeryt><sln:gmNazwa>Poczesna</sln:gmNazwa><sln:miejscIIPId>4d46ab0c-3f4a-4b60-a70a-feab65a0f25d</sln:miejscIIPId><sln:miejscIIPPn>PL.PZGIK.200</sln:miejscIIPPn><sln:miejscIIPWersja>2016-11-24T13:42:06+02:00</sln:miejscIIPWersja><sln:miejscIdTeryt>0142450</sln:miejscIdTeryt><sln:miejscNazwa>Mazury</sln:miejscNazwa><sln:miejscRodzaj>Wieś</sln:miejscRodzaj><sln:powIIPId>a5fef4e5-9579-460f-84e2-daa56282f29a</sln:powIIPId><sln:powIIPPn>PL.PZGIK.200</sln:powIIPPn><sln:powIIPWersja>2012-09-27T09:34:20+02:00</sln:powIIPWersja><sln:powIdTeryt>2404</sln:powIdTeryt><sln:powNazwa>częstochowski</sln:powNazwa><sln:wojIIPId>98a63fe6-1e56-4d05-9c47-ab4233f8a6ff</sln:wojIIPId><sln:wojIIPPn>PL.PZGIK.200</sln:wojIIPPn><sln:wojIIPWersja>2017-10-10T00:00:00+02:00</sln:wojIIPWersja><sln:wojIdTeryt>24</sln:wojIdTeryt><sln:wojNazwa>śląskie</sln:wojNazwa></sln:miejscowosc><sln:miejscowosc><sln:cyklZyciaOd>2014-12-05T00:00:00+01:00</sln:cyklZyciaOd><sln:gmIIPId>12a8ed77-c6e5-48ab-8373-ef98886a9418</sln:gmIIPId><sln:gmIIPPn>PL.PZGIK.200</sln:gmIIPPn><sln:gmIIPWersja>2012-09-26T22:29:32+02:00</sln:gmIIPWersja><sln:gmIdTeryt>2404132</sln:gmIdTeryt><sln:gmNazwa>Poczesna</sln:gmNazwa><sln:miejscIIPId>a5791abd-b0c0-4325-8163-0e3823e7a80b</sln:miejscIIPId><sln:miejscIIPPn>PL.PZGIK.200</sln:miejscIIPPn><sln:miejscIIPWersja>2016-11-24T13:51:07+02:00</sln:miejscIIPWersja><sln:miejscIdTeryt>0142616</sln:miejscIdTeryt><sln:miejscNazwa>Dębowiec</sln:miejscNazwa><sln:miejscRodzaj>Osada</sln:miejscRodzaj><sln:powIIPId>a5fef4e5-9579-460f-84e2-daa56282f29a</sln:powIIPId><sln:powIIPPn>PL.PZGIK.200</sln:powIIPPn><sln:powIIPWersja>2012-09-27T09:34:20+02:00</sln:powIIPWersja><sln:powIdTeryt>2404</sln:powIdTeryt><sln:powNazwa>częstochowski</sln:powNazwa><sln:wojIIPId>98a63fe6-1e56-4d05-9c47-ab4233f8a6ff</sln:wojIIPId><sln:wojIIPPn>PL.PZGIK.200</sln:wojIIPPn><sln:wojIIPWersja>2017-10-10T00:00:00+02:00</sln:wojIIPWersja><sln:wojIdTeryt>24</sln:wojIdTeryt><sln:wojNazwa>śląskie</sln:wojNazwa></sln:miejscowosc><sln:miejscowosc><sln:cyklZyciaOd>2014-12-05T00:00:00+01:00</sln:cyklZyciaOd><sln:gmIIPId>12a8ed77-c6e5-48ab-8373-ef98886a9418</sln:gmIIPId><sln:gmIIPPn>PL.PZGIK.200</sln:gmIIPPn><sln:gmIIPWersja>2012-09-26T22:29:32+02:00</sln:gmIIPWersja><sln:gmIdTeryt>2404132</sln:gmIdTeryt><sln:gmNazwa>Poczesna</sln:gmNazwa><sln:miejscIIPId>dd6fa562-db52-45d8-beb2-efebd9f473a4</sln:miejscIIPId><sln:miejscIIPPn>PL.PZGIK.200</sln:miejscIIPPn><sln:miejscIIPWersja>2016-11-24T13:39:48+02:00</sln:miejscIIPWersja><sln:miejscIdTeryt>0142444</sln:miejscIdTeryt><sln:miejscNazwa>Korwinów</sln:miejscNazwa><sln:miejscRodzaj>Wieś</sln:miejscRodzaj><sln:powIIPId>a5fef4e5-9579-460f-84e2-daa56282f29a</sln:powIIPId><sln:powIIPPn>PL.PZGIK.200</sln:powIIPPn><sln:powIIPWersja>2012-09-27T09:34:20+02:00</sln:powIIPWersja><sln:powIdTeryt>2404</sln:powIdTeryt><sln:powNazwa>częstochowski</sln:powNazwa><sln:wojIIPId>98a63fe6-1e56-4d05-9c47-ab4233f8a6ff</sln:wojIIPId><sln:wojIIPPn>PL.PZGIK.200</sln:wojIIPPn><sln:wojIIPWersja>2017-10-10T00:00:00+02:00</sln:wojIIPWersja><sln:wojIdTeryt>24</sln:wojIdTeryt><sln:wojNazwa>śląskie</sln:wojNazwa></sln:miejscowosc><sln:miejscowosc><sln:cyklZyciaOd>2014-12-05T00:00:00+01:00</sln:cyklZyciaOd><sln:gmIIPId>12a8ed77-c6e5-48ab-8373-ef98886a9418</sln:gmIIPId><sln:gmIIPPn>PL.PZGIK.200</sln:gmIIPPn><sln:gmIIPWersja>2012-09-26T22:29:32+02:00</sln:gmIIPWersja><sln:gmIdTeryt>2404132</sln:gmIdTeryt><sln:gmNazwa>Poczesna</sln:gmNazwa><sln:miejscIIPId>faa13959-2cf3-4b4d-9e24-32d6433ad177</sln:miejscIIPId><sln:miejscIIPPn>PL.PZGIK.200</sln:miejscIIPPn><sln:miejscIIPWersja>2016-11-24T13:38:19+02:00</sln:miejscIIPWersja><sln:miejscIdTeryt>0142533</sln:miejscIdTeryt><sln:miejscNazwa>Huta Stara A</sln:miejscNazwa><sln:miejscRodzaj>Wieś</sln:miejscRodzaj><sln:powIIPId>a5fef4e5-9579-460f-84e2-daa56282f29a</sln:powIIPId><sln:powIIPPn>PL.PZGIK.200</sln:powIIPPn><sln:powIIPWersja>2012-09-27T09:34:20+02:00</sln:powIIPWersja><sln:powIdTeryt>2404</sln:powIdTeryt><sln:powNazwa>częstochowski</sln:powNazwa><sln:wojIIPId>98a63fe6-1e56-4d05-9c47-ab4233f8a6ff</sln:wojIIPId><sln:wojIIPPn>PL.PZGIK.200</sln:wojIIPPn><sln:wojIIPWersja>2017-10-10T00:00:00+02:00</sln:wojIIPWersja><sln:wojIdTeryt>24</sln:wojIdTeryt><sln:wojNazwa>śląskie</sln:wojNazwa></sln:miejscowosc><sln:miejscowosc><sln:cyklZyciaOd>2014-12-05T00:00:00+01:00</sln:cyklZyciaOd><sln:gmIIPId>12a8ed77-c6e5-48ab-8373-ef98886a9418</sln:gmIIPId><sln:gmIIPPn>PL.PZGIK.200</sln:gmIIPPn><sln:gmIIPWersja>2012-09-26T22:29:32+02:00</sln:gmIIPWersja><sln:gmIdTeryt>2404132</sln:gmIdTeryt><sln:gmNazwa>Poczesna</sln:gmNazwa><sln:miejscIIPId>0d088807-5ab0-48c3-b57a-fc5fc61539ac</sln:miejscIIPId><sln:miejscIIPPn>PL.PZGIK.200</sln:miejscIIPPn><sln:miejscIIPWersja>2016-11-24T13:33:52+02:00</sln:miejscIIPWersja><sln:miejscIdTeryt>0142579</sln:miejscIdTeryt><sln:miejscNazwa>Wrzosowa</sln:miejscNazwa><sln:miejscRodzaj>Wieś</sln:miejscRodzaj><sln:powIIPId>a5fef4e5-9579-460f-84e2-daa56282f29a</sln:powIIPId><sln:powIIPPn>PL.PZGIK.200</sln:powIIPPn><sln:powIIPWersja>2012-09-27T09:34:20+02:00</sln:powIIPWersja><sln:powIdTeryt>2404</sln:powIdTeryt><sln:powNazwa>częstochowski</sln:powNazwa><sln:wojIIPId>98a63fe6-1e56-4d05-9c47-ab4233f8a6ff</sln:wojIIPId><sln:wojIIPPn>PL.PZGIK.200</sln:wojIIPPn><sln:wojIIPWersja>2017-10-10T00:00:00+02:00</sln:wojIIPWersja><sln:wojIdTeryt>24</sln:wojIdTeryt><sln:wojNazwa>śląskie</sln:wojNazwa></sln:miejscowosc><sln:miejscowosc><sln:cyklZyciaOd>2014-12-05T00:00:00+01:00</sln:cyklZyciaOd><sln:gmIIPId>12a8ed77-c6e5-48ab-8373-ef98886a9418</sln:gmIIPId><sln:gmIIPPn>PL.PZGIK.200</sln:gmIIPPn><sln:gmIIPWersja>2012-09-26T22:29:32+02:00</sln:gmIIPWersja><sln:gmIdTeryt>2404132</sln:gmIdTeryt><sln:gmNazwa>Poczesna</sln:gmNazwa><sln:miejscIIPId>6b832154-2c2d-43a6-b044-ba2611e45249</sln:miejscIIPId><sln:miejscIIPPn>PL.PZGIK.200</sln:miejscIIPPn><sln:miejscIIPWersja>2016-11-24T13:38:19+02:00</sln:miejscIIPWersja><sln:miejscIdTeryt>0142540</sln:miejscIdTeryt><sln:miejscNazwa>Huta Stara B</sln:miejscNazwa><sln:miejscRodzaj>Wieś</sln:miejscRodzaj><sln:powIIPId>a5fef4e5-9579-460f-84e2-daa56282f29a</sln:powIIPId><sln:powIIPPn>PL.PZGIK.200</sln:powIIPPn><sln:powIIPWersja>2012-09-27T09:34:20+02:00</sln:powIIPWersja><sln:powIdTeryt>2404</sln:powIdTeryt><sln:powNazwa>częstochowski</sln:powNazwa><sln:wojIIPId>98a63fe6-1e56-4d05-9c47-ab4233f8a6ff</sln:wojIIPId><sln:wojIIPPn>PL.PZGIK.200</sln:wojIIPPn><sln:wojIIPWersja>2017-10-10T00:00:00+02:00</sln:wojIIPWersja><sln:wojIdTeryt>24</sln:wojIdTeryt><sln:wojNazwa>śląskie</sln:wojNazwa></sln:miejscowosc><sln:miejscowosc><sln:cyklZyciaOd>2014-12-05T00:00:00+01:00</sln:cyklZyciaOd><sln:gmIIPId>12a8ed77-c6e5-48ab-8373-ef98886a9418</sln:gmIIPId><sln:gmIIPPn>PL.PZGIK.200</sln:gmIIPPn><sln:gmIIPWersja>2012-09-26T22:29:32+02:00</sln:gmIIPWersja><sln:gmIdTeryt>2404132</sln:gmIdTeryt><sln:gmNazwa>Poczesna</sln:gmNazwa><sln:miejscIIPId>d6e4119f-060d-4262-aa1e-990ca8010f4a</sln:miejscIIPId><sln:miejscIIPPn>PL.PZGIK.200</sln:miejscIIPPn><sln:miejscIIPWersja>2016-11-24T13:34:42+02:00</sln:miejscIIPWersja><sln:miejscIdTeryt>0142585</sln:miejscIdTeryt><sln:miejscNazwa>Zawodzie</sln:miejscNazwa><sln:miejscRodzaj>Wieś</sln:miejscRodzaj><sln:powIIPId>a5fef4e5-9579-460f-84e2-daa56282f29a</sln:powIIPId><sln:powIIPPn>PL.PZGIK.200</sln:powIIPPn><sln:powIIPWersja>2012-09-27T09:34:20+02:00</sln:powIIPWersja><sln:powIdTeryt>2404</sln:powIdTeryt><sln:powNazwa>częstochowski</sln:powNazwa><sln:wojIIPId>98a63fe6-1e56-4d05-9c47-ab4233f8a6ff</sln:wojIIPId><sln:wojIIPPn>PL.PZGIK.200</sln:wojIIPPn><sln:wojIIPWersja>2017-10-10T00:00:00+02:00</sln:wojIIPWersja><sln:wojIdTeryt>24</sln:wojIdTeryt><sln:wojNazwa>śląskie</sln:wojNazwa></sln:miejscowosc><sln:miejscowosc><sln:cyklZyciaOd>2014-12-05T00:00:00+01:00</sln:cyklZyciaOd><sln:gmIIPId>12a8ed77-c6e5-48ab-8373-ef98886a9418</sln:gmIIPId><sln:gmIIPPn>PL.PZGIK.200</sln:gmIIPPn><sln:gmIIPWersja>2012-09-26T22:29:32+02:00</sln:gmIIPWersja><sln:gmIdTeryt>2404132</sln:gmIdTeryt><sln:gmNazwa>Poczesna</sln:gmNazwa><sln:miejscIIPId>00ee90eb-ba0c-443e-ac9d-652dc5901e15</sln:miejscIIPId><sln:miejscIIPPn>PL.PZGIK.200</sln:miejscIIPPn><sln:miejscIIPWersja>2016-11-24T13:30:48+02:00</sln:miejscIIPWersja><sln:miejscIdTeryt>0142510</sln:miejscIdTeryt><sln:miejscNazwa>Słowik</sln:miejscNazwa><sln:miejscRodzaj>Wieś</sln:miejscRodzaj><sln:powIIPId>a5fef4e5-9579-460f-84e2-daa56282f29a</sln:powIIPId><sln:powIIPPn>PL.PZGIK.200</sln:powIIPPn><sln:powIIPWersja>2012-09-27T09:34:20+02:00</sln:powIIPWersja><sln:powIdTeryt>2404</sln:powIdTeryt><sln:powNazwa>częstochowski</sln:powNazwa><sln:wojIIPId>98a63fe6-1e56-4d05-9c47-ab4233f8a6ff</sln:wojIIPId><sln:wojIIPPn>PL.PZGIK.200</sln:wojIIPPn><sln:wojIIPWersja>2017-10-10T00:00:00+02:00</sln:wojIIPWersja><sln:wojIdTeryt>24</sln:wojIdTeryt><sln:wojNazwa>śląskie</sln:wojNazwa></sln:miejscowosc></sln:lista-miejscowosci>