<?xml version="1.0" encoding="UTF-8" standalone="yes"?><sln:lista-miejscowosci xmlns:srv="http://gugik.gov.pl/schemas/slowniki-service/1.0" xmlns:sln="http://gugik.gov.pl/schemas/slowniki-schema/1.0"><sln:miejscowosc><sln:cyklZyciaDo>2017-04-18T00:00:00+02:00</sln:cyklZyciaDo><sln:cyklZyciaOd>2016-03-22T00:00:00+01:00</sln:cyklZyciaOd><sln:gmIIPId>3c057761-f196-40e9-a6b2-b650a53a6c26</sln:gmIIPId><sln:gmIIPPn>PL.PZGIK.200</sln:gmIIPPn><sln:gmIIPWersja>2012-09-26T22:29:32+02:00</sln:gmIIPWersja><sln:gmIdTeryt>2404032</sln:gmIdTeryt><sln:gmNazwa>Janów</sln:gmNazwa><sln:miejscIIPId>e359b280-ed90-4e8e-b5d2-abe1d1661fe4</sln:miejscIIPId><sln:miejscIIPPn>PL.PZGIK.200</sln:miejscIIPPn><sln:miejscIIPWersja>2016-11-24T09:18:48+02:00</sln:miejscIIPWersja><sln:miejscIdTeryt>0133149</sln:miejscIdTeryt><sln:miejscNazwa>Apolonka</sln:miejscNazwa><sln:miejscRodzaj>Wieś</sln:miejscRodzaj><sln:powIIPId>a5fef4e5-9579-460f-84e2-daa56282f29a</sln:powIIPId><sln:powIIPPn>PL.PZGIK.200</sln:powIIPPn><sln:powIIPWersja>2012-09-27T09:34:20+02:00</sln:powIIPWersja><sln:powIdTeryt>2404</sln:powIdTeryt><sln:powNazwa>częstochowski</sln:powNazwa><sln:waznyOd>2015-02-02T00:00:00+01:00</sln:waznyOd><sln:wojIIPId>98a63fe6-1e56-4d05-9c47-ab4233f8a6ff</sln:wojIIPId><sln:wojIIPPn>PL.PZGIK.200</sln:wojIIPPn><sln:wojIIPWersja>2017-10-10T00:00:00+02:00</sln:wojIIPWersja><sln:wojIdTeryt>24</sln:wojIdTeryt><sln:wojNazwa>śląskie</sln:wojNazwa></sln:miejscowosc><sln:miejscowosc><sln:cyklZyciaDo>2017-04-18T00:00:00+02:00</sln:cyklZyciaDo><sln:cyklZyciaOd>2016-03-22T00:00:00+01:00</sln:cyklZyciaOd><sln:gmIIPId>3c057761-f196-40e9-a6b2-b650a53a6c26</sln:gmIIPId><sln:gmIIPPn>PL.PZGIK.200</sln:gmIIPPn><sln:gmIIPWersja>2012-09-26T22:29:32+02:00</sln:gmIIPWersja><sln:gmIdTeryt>2404032</sln:gmIdTeryt><sln:gmNazwa>Janów</sln:gmNazwa><sln:miejscIIPId>39e61c7c-2ce8-47bd-b239-cdf8d3764c38</sln:miejscIIPId><sln:miejscIIPPn>PL.PZGIK.200</sln:miejscIIPPn><sln:miejscIIPWersja>2016-11-24T09:18:48+02:00</sln:miejscIIPWersja><sln:miejscIdTeryt>0133190</sln:miejscIdTeryt><sln:miejscNazwa>Bystrzanowice</sln:miejscNazwa><sln:miejscRodzaj>Wieś</sln:miejscRodzaj><sln:powIIPId>a5fef4e5-9579-460f-84e2-daa56282f29a</sln:powIIPId><sln:powIIPPn>PL.PZGIK.200</sln:powIIPPn><sln:powIIPWersja>2012-09-27T09:34:20+02:00</sln:powIIPWersja><sln:powIdTeryt>2404</sln:powIdTeryt><sln:powNazwa>częstochowski</sln:powNazwa><sln:waznyOd>2015-02-02T00:00:00+01:00</sln:waznyOd><sln:wojIIPId>98a63fe6-1e56-4d05-9c47-ab4233f8a6ff</sln:wojIIPId><sln:wojIIPPn>PL.PZGIK.200</sln:wojIIPPn><sln:wojIIPWersja>2017-10-10T00:00:00+02:00</sln:wojIIPWersja><sln:wojIdTeryt>24</sln:wojIdTeryt><sln:wojNazwa>śląskie</sln:wojNazwa></sln:miejscowosc><sln:miejscowosc><sln:cyklZyciaDo>2017-04-18T00:00:00+02:00</sln:cyklZyciaDo><sln:cyklZyciaOd>2016-03-22T00:00:00+01:00</sln:cyklZyciaOd><sln:gmIIPId>3c057761-f196-40e9-a6b2-b650a53a6c26</sln:gmIIPId><sln:gmIIPPn>PL.PZGIK.200</sln:gmIIPPn><sln:gmIIPWersja>2012-09-26T22:29:32+02:00</sln:gmIIPWersja><sln:gmIdTeryt>2404032</sln:gmIdTeryt><sln:gmNazwa>Janów</sln:gmNazwa><sln:miejscIIPId>41c437ac-7942-40be-b8b3-d1bd3fc31ded</sln:miejscIIPId><sln:miejscIIPPn>PL.PZGIK.200</sln:miejscIIPPn><sln:miejscIIPWersja>2016-11-24T09:18:48+02:00</sln:miejscIIPWersja><sln:miejscIdTeryt>0133161</sln:miejscIdTeryt><sln:miejscNazwa>Bystrzanowice-Dwór</sln:miejscNazwa><sln:miejscRodzaj>Wieś</sln:miejscRodzaj><sln:powIIPId>a5fef4e5-9579-460f-84e2-daa56282f29a</sln:powIIPId><sln:powIIPPn>PL.PZGIK.200</sln:powIIPPn><sln:powIIPWersja>2012-09-27T09:34:20+02:00</sln:powIIPWersja><sln:powIdTeryt>2404</sln:powIdTeryt><sln:powNazwa>częstochowski</sln:powNazwa><sln:waznyOd>2015-02-02T00:00:00+01:00</sln:waznyOd><sln:wojIIPId>98a63fe6-1e56-4d05-9c47-ab4233f8a6ff</sln:wojIIPId><sln:wojIIPPn>PL.PZGIK.200</sln:wojIIPPn><sln:wojIIPWersja>2017-10-10T00:00:00+02:00</sln:wojIIPWersja><sln:wojIdTeryt>24</sln:wojIdTeryt><sln:wojNazwa>śląskie</sln:wojNazwa></sln:miejscowosc><sln:miejscowosc><sln:cyklZyciaDo>2017-04-18T00:00:00+02:00</sln:cyklZyciaDo><sln:cyklZyciaOd>2016-03-22T00:00:00+01:00</sln:cyklZyciaOd><sln:gmIIPId>3c057761-f196-40e9-a6b2-b650a53a6c26</sln:gmIIPId><sln:gmIIPPn>PL.PZGIK.200</sln:gmIIPPn><sln:gmIIPWersja>2012-09-26T22:29:32+02:00</sln:gmIIPWersja><sln:gmIdTeryt>2404032</sln:gmIdTeryt><sln:gmNazwa>Janów</sln:gmNazwa><sln:miejscIIPId>252c909d-5928-46ba-b316-92b31e96aac8</sln:miejscIIPId><sln:miejscIIPPn>PL.PZGIK.200</sln:miejscIIPPn><sln:miejscIIPWersja>2016-11-24T09:18:48+02:00</sln:miejscIIPWersja><sln:miejscIdTeryt>0133221</sln:miejscIdTeryt><sln:miejscNazwa>Czepurka</sln:miejscNazwa><sln:miejscRodzaj>Wieś</sln:miejscRodzaj><sln:powIIPId>a5fef4e5-9579-460f-84e2-daa56282f29a</sln:powIIPId><sln:powIIPPn>PL.PZGIK.200</sln:powIIPPn><sln:powIIPWersja>2012-09-27T09:34:20+02:00</sln:powIIPWersja><sln:powIdTeryt>2404</sln:powIdTeryt><sln:powNazwa>częstochowski</sln:powNazwa><sln:waznyOd>2015-02-02T00:00:00+01:00</sln:waznyOd><sln:wojIIPId>98a63fe6-1e56-4d05-9c47-ab4233f8a6ff</sln:wojIIPId><sln:wojIIPPn>PL.PZGIK.200</sln:wojIIPPn><sln:wojIIPWersja>2017-10-10T00:00:00+02:00</sln:wojIIPWersja><sln:wojIdTeryt>24</sln:wojIdTeryt><sln:wojNazwa>śląskie</sln:wojNazwa></sln:miejscowosc><sln:miejscowosc><sln:cyklZyciaDo>2017-04-18T00:00:00+02:00</sln:cyklZyciaDo><sln:cyklZyciaOd>2016-03-22T00:00:00+01:00</sln:cyklZyciaOd><sln:gmIIPId>3c057761-f196-40e9-a6b2-b650a53a6c26</sln:gmIIPId><sln:gmIIPPn>PL.PZGIK.200</sln:gmIIPPn><sln:gmIIPWersja>2012-09-26T22:29:32+02:00</sln:gmIIPWersja><sln:gmIdTeryt>2404032</sln:gmIdTeryt><sln:gmNazwa>Janów</sln:gmNazwa><sln:miejscIIPId>ab727313-53c3-48c0-b88d-ae2a25e7dcac</sln:miejscIIPId><sln:miejscIIPPn>PL.PZGIK.200</sln:miejscIIPPn><sln:miejscIIPWersja>2016-11-24T09:18:48+02:00</sln:miejscIIPWersja><sln:miejscIdTeryt>0133244</sln:miejscIdTeryt><sln:miejscNazwa>Góry Gorzkowskie</sln:miejscNazwa><sln:miejscRodzaj>Wieś</sln:miejscRodzaj><sln:powIIPId>a5fef4e5-9579-460f-84e2-daa56282f29a</sln:powIIPId><sln:powIIPPn>PL.PZGIK.200</sln:powIIPPn><sln:powIIPWersja>2012-09-27T09:34:20+02:00</sln:powIIPWersja><sln:powIdTeryt>2404</sln:powIdTeryt><sln:powNazwa>częstochowski</sln:powNazwa><sln:waznyOd>2015-02-02T00:00:00+01:00</sln:waznyOd><sln:wojIIPId>98a63fe6-1e56-4d05-9c47-ab4233f8a6ff</sln:wojIIPId><sln:wojIIPPn>PL.PZGIK.200</sln:wojIIPPn><sln:wojIIPWersja>2017-10-10T00:00:00+02:00</sln:wojIIPWersja><sln:wojIdTeryt>24</sln:wojIdTeryt><sln:wojNazwa>śląskie</sln:wojNazwa></sln:miejscowosc><sln:miejscowosc><sln:cyklZyciaDo>2017-04-18T00:00:00+02:00</sln:cyklZyciaDo><sln:cyklZyciaOd>2016-03-22T00:00:00+01:00</sln:cyklZyciaOd><sln:gmIIPId>3c057761-f196-40e9-a6b2-b650a53a6c26</sln:gmIIPId><sln:gmIIPPn>PL.PZGIK.200</sln:gmIIPPn><sln:gmIIPWersja>2012-09-26T22:29:32+02:00</sln:gmIIPWersja><sln:gmIdTeryt>2404032</sln:gmIdTeryt><sln:gmNazwa>Janów</sln:gmNazwa><sln:miejscIIPId>6ad9d111-6392-4adf-9d6b-8a3f8c9cc946</sln:miejscIIPId><sln:miejscIIPPn>PL.PZGIK.200</sln:miejscIIPPn><sln:miejscIIPWersja>2016-11-24T09:18:48+02:00</sln:miejscIIPWersja><sln:miejscIdTeryt>0133267</sln:miejscIdTeryt><sln:miejscNazwa>Hucisko</sln:miejscNazwa><sln:miejscRodzaj>Wieś</sln:miejscRodzaj><sln:powIIPId>a5fef4e5-9579-460f-84e2-daa56282f29a</sln:powIIPId><sln:powIIPPn>PL.PZGIK.200</sln:powIIPPn><sln:powIIPWersja>2012-09-27T09:34:20+02:00</sln:powIIPWersja><sln:powIdTeryt>2404</sln:powIdTeryt><sln:powNazwa>częstochowski</sln:powNazwa><sln:waznyOd>2015-02-02T00:00:00+01:00</sln:waznyOd><sln:wojIIPId>98a63fe6-1e56-4d05-9c47-ab4233f8a6ff</sln:wojIIPId><sln:wojIIPPn>PL.PZGIK.200</sln:wojIIPPn><sln:wojIIPWersja>2017-10-10T00:00:00+02:00</sln:wojIIPWersja><sln:wojIdTeryt>24</sln:wojIdTeryt><sln:wojNazwa>śląskie</sln:wojNazwa></sln:miejscowosc><sln:miejscowosc><sln:cyklZyciaDo>2017-04-18T00:00:00+02:00</sln:cyklZyciaDo><sln:cyklZyciaOd>2016-03-22T00:00:00+01:00</sln:cyklZyciaOd><sln:gmIIPId>3c057761-f196-40e9-a6b2-b650a53a6c26</sln:gmIIPId><sln:gmIIPPn>PL.PZGIK.200</sln:gmIIPPn><sln:gmIIPWersja>2012-09-26T22:29:32+02:00</sln:gmIIPWersja><sln:gmIdTeryt>2404032</sln:gmIdTeryt><sln:gmNazwa>Janów</sln:gmNazwa><sln:miejscIIPId>42f6b2e6-8f76-4975-8d6e-fb1dc388a84c</sln:miejscIIPId><sln:miejscIIPPn>PL.PZGIK.200</sln:miejscIIPPn><sln:miejscIIPWersja>2016-11-24T09:18:48+02:00</sln:miejscIIPWersja><sln:miejscIdTeryt>0133273</sln:miejscIdTeryt><sln:miejscNazwa>Janów</sln:miejscNazwa><sln:miejscRodzaj>Wieś</sln:miejscRodzaj><sln:powIIPId>a5fef4e5-9579-460f-84e2-daa56282f29a</sln:powIIPId><sln:powIIPPn>PL.PZGIK.200</sln:powIIPPn><sln:powIIPWersja>2012-09-27T09:34:20+02:00</sln:powIIPWersja><sln:powIdTeryt>2404</sln:powIdTeryt><sln:powNazwa>częstochowski</sln:powNazwa><sln:waznyOd>2015-02-02T00:00:00+01:00</sln:waznyOd><sln:wojIIPId>98a63fe6-1e56-4d05-9c47-ab4233f8a6ff</sln:wojIIPId><sln:wojIIPPn>PL.PZGIK.200</sln:wojIIPPn><sln:wojIIPWersja>2017-10-10T00:00:00+02:00</sln:wojIIPWersja><sln:wojIdTeryt>24</sln:wojIdTeryt><sln:wojNazwa>śląskie</sln:wojNazwa></sln:miejscowosc><sln:miejscowosc><sln:cyklZyciaDo>2017-04-18T00:00:00+02:00</sln:cyklZyciaDo><sln:cyklZyciaOd>2016-03-22T00:00:00+01:00</sln:cyklZyciaOd><sln:gmIIPId>3c057761-f196-40e9-a6b2-b650a53a6c26</sln:gmIIPId><sln:gmIIPPn>PL.PZGIK.200</sln:gmIIPPn><sln:gmIIPWersja>2012-09-26T22:29:32+02:00</sln:gmIIPWersja><sln:gmIdTeryt>2404032</sln:gmIdTeryt><sln:gmNazwa>Janów</sln:gmNazwa><sln:miejscIIPId>e4139637-3092-450e-9a17-f1777aece04e</sln:miejscIIPId><sln:miejscIIPPn>PL.PZGIK.200</sln:miejscIIPPn><sln:miejscIIPWersja>2016-11-24T09:18:48+02:00</sln:miejscIIPWersja><sln:miejscIdTeryt>0133327</sln:miejscIdTeryt><sln:miejscNazwa>Lgoczanka</sln:miejscNazwa><sln:miejscRodzaj>Wieś</sln:miejscRodzaj><sln:powIIPId>a5fef4e5-9579-460f-84e2-daa56282f29a</sln:powIIPId><sln:powIIPPn>PL.PZGIK.200</sln:powIIPPn><sln:powIIPWersja>2012-09-27T09:34:20+02:00</sln:powIIPWersja><sln:powIdTeryt>2404</sln:powIdTeryt><sln:powNazwa>częstochowski</sln:powNazwa><sln:waznyOd>2015-02-02T00:00:00+01:00</sln:waznyOd><sln:wojIIPId>98a63fe6-1e56-4d05-9c47-ab4233f8a6ff</sln:wojIIPId><sln:wojIIPPn>PL.PZGIK.200</sln:wojIIPPn><sln:wojIIPWersja>2017-10-10T00:00:00+02:00</sln:wojIIPWersja><sln:wojIdTeryt>24</sln:wojIdTeryt><sln:wojNazwa>śląskie</sln:wojNazwa></sln:miejscowosc><sln:miejscowosc><sln:cyklZyciaDo>2017-04-18T00:00:00+02:00</sln:cyklZyciaDo><sln:cyklZyciaOd>2016-03-22T00:00:00+01:00</sln:cyklZyciaOd><sln:gmIIPId>3c057761-f196-40e9-a6b2-b650a53a6c26</sln:gmIIPId><sln:gmIIPPn>PL.PZGIK.200</sln:gmIIPPn><sln:gmIIPWersja>2012-09-26T22:29:32+02:00</sln:gmIIPWersja><sln:gmIdTeryt>2404032</sln:gmIdTeryt><sln:gmNazwa>Janów</sln:gmNazwa><sln:miejscIIPId>30c5557a-ccda-41a2-808b-5cb2f9c17b55</sln:miejscIIPId><sln:miejscIIPPn>PL.PZGIK.200</sln:miejscIIPPn><sln:miejscIIPWersja>2016-11-24T09:18:48+02:00</sln:miejscIIPWersja><sln:miejscIdTeryt>0133340</sln:miejscIdTeryt><sln:miejscNazwa>Lipnik</sln:miejscNazwa><sln:miejscRodzaj>Wieś</sln:miejscRodzaj><sln:powIIPId>a5fef4e5-9579-460f-84e2-daa56282f29a</sln:powIIPId><sln:powIIPPn>PL.PZGIK.200</sln:powIIPPn><sln:powIIPWersja>2012-09-27T09:34:20+02:00</sln:powIIPWersja><sln:powIdTeryt>2404</sln:powIdTeryt><sln:powNazwa>częstochowski</sln:powNazwa><sln:waznyOd>2015-02-02T00:00:00+01:00</sln:waznyOd><sln:wojIIPId>98a63fe6-1e56-4d05-9c47-ab4233f8a6ff</sln:wojIIPId><sln:wojIIPPn>PL.PZGIK.200</sln:wojIIPPn><sln:wojIIPWersja>2017-10-10T00:00:00+02:00</sln:wojIIPWersja><sln:wojIdTeryt>24</sln:wojIdTeryt><sln:wojNazwa>śląskie</sln:wojNazwa></sln:miejscowosc><sln:miejscowosc><sln:cyklZyciaDo>2017-04-18T00:00:00+02:00</sln:cyklZyciaDo><sln:cyklZyciaOd>2016-03-22T00:00:00+01:00</sln:cyklZyciaOd><sln:gmIIPId>3c057761-f196-40e9-a6b2-b650a53a6c26</sln:gmIIPId><sln:gmIIPPn>PL.PZGIK.200</sln:gmIIPPn><sln:gmIIPWersja>2012-09-26T22:29:32+02:00</sln:gmIIPWersja><sln:gmIdTeryt>2404032</sln:gmIdTeryt><sln:gmNazwa>Janów</sln:gmNazwa><sln:miejscIIPId>fd7d6f94-a585-4d63-999a-6635c653850b</sln:miejscIIPId><sln:miejscIIPPn>PL.PZGIK.200</sln:miejscIIPPn><sln:miejscIIPWersja>2016-11-24T09:18:48+02:00</sln:miejscIIPWersja><sln:miejscIdTeryt>0133362</sln:miejscIdTeryt><sln:miejscNazwa>Lusławice</sln:miejscNazwa><sln:miejscRodzaj>Wieś</sln:miejscRodzaj><sln:powIIPId>a5fef4e5-9579-460f-84e2-daa56282f29a</sln:powIIPId><sln:powIIPPn>PL.PZGIK.200</sln:powIIPPn><sln:powIIPWersja>2012-09-27T09:34:20+02:00</sln:powIIPWersja><sln:powIdTeryt>2404</sln:powIdTeryt><sln:powNazwa>częstochowski</sln:powNazwa><sln:waznyOd>2015-02-02T00:00:00+01:00</sln:waznyOd><sln:wojIIPId>98a63fe6-1e56-4d05-9c47-ab4233f8a6ff</sln:wojIIPId><sln:wojIIPPn>PL.PZGIK.200</sln:wojIIPPn><sln:wojIIPWersja>2017-10-10T00:00:00+02:00</sln:wojIIPWersja><sln:wojIdTeryt>24</sln:wojIdTeryt><sln:wojNazwa>śląskie</sln:wojNazwa></sln:miejscowosc><sln:miejscowosc><sln:cyklZyciaDo>2017-04-18T00:00:00+02:00</sln:cyklZyciaDo><sln:cyklZyciaOd>2016-03-22T00:00:00+01:00</sln:cyklZyciaOd><sln:gmIIPId>3c057761-f196-40e9-a6b2-b650a53a6c26</sln:gmIIPId><sln:gmIIPPn>PL.PZGIK.200</sln:gmIIPPn><sln:gmIIPWersja>2012-09-26T22:29:32+02:00</sln:gmIIPWersja><sln:gmIdTeryt>2404032</sln:gmIdTeryt><sln:gmNazwa>Janów</sln:gmNazwa><sln:miejscIIPId>10bee5bd-b144-464d-9aa7-d72d0a81422c</sln:miejscIIPId><sln:miejscIIPPn>PL.PZGIK.200</sln:miejscIIPPn><sln:miejscIIPWersja>2016-11-24T09:18:48+02:00</sln:miejscIIPWersja><sln:miejscIdTeryt>0133385</sln:miejscIdTeryt><sln:miejscNazwa>Okrąglik</sln:miejscNazwa><sln:miejscRodzaj>Wieś</sln:miejscRodzaj><sln:powIIPId>a5fef4e5-9579-460f-84e2-daa56282f29a</sln:powIIPId><sln:powIIPPn>PL.PZGIK.200</sln:powIIPPn><sln:powIIPWersja>2012-09-27T09:34:20+02:00</sln:powIIPWersja><sln:powIdTeryt>2404</sln:powIdTeryt><sln:powNazwa>częstochowski</sln:powNazwa><sln:waznyOd>2015-02-02T00:00:00+01:00</sln:waznyOd><sln:wojIIPId>98a63fe6-1e56-4d05-9c47-ab4233f8a6ff</sln:wojIIPId><sln:wojIIPPn>PL.PZGIK.200</sln:wojIIPPn><sln:wojIIPWersja>2017-10-10T00:00:00+02:00</sln:wojIIPWersja><sln:wojIdTeryt>24</sln:wojIdTeryt><sln:wojNazwa>śląskie</sln:wojNazwa></sln:miejscowosc><sln:miejscowosc><sln:cyklZyciaDo>2017-04-18T00:00:00+02:00</sln:cyklZyciaDo><sln:cyklZyciaOd>2016-03-22T00:00:00+01:00</sln:cyklZyciaOd><sln:gmIIPId>3c057761-f196-40e9-a6b2-b650a53a6c26</sln:gmIIPId><sln:gmIIPPn>PL.PZGIK.200</sln:gmIIPPn><sln:gmIIPWersja>2012-09-26T22:29:32+02:00</sln:gmIIPWersja><sln:gmIdTeryt>2404032</sln:gmIdTeryt><sln:gmNazwa>Janów</sln:gmNazwa><sln:miejscIIPId>6bff84bb-84aa-48ff-b793-94888d2b13eb</sln:miejscIIPId><sln:miejscIIPPn>PL.PZGIK.200</sln:miejscIIPPn><sln:miejscIIPWersja>2016-11-24T09:18:48+02:00</sln:miejscIIPWersja><sln:miejscIdTeryt>0133400</sln:miejscIdTeryt><sln:miejscNazwa>Pabianice</sln:miejscNazwa><sln:miejscRodzaj>Wieś</sln:miejscRodzaj><sln:powIIPId>a5fef4e5-9579-460f-84e2-daa56282f29a</sln:powIIPId><sln:powIIPPn>PL.PZGIK.200</sln:powIIPPn><sln:powIIPWersja>2012-09-27T09:34:20+02:00</sln:powIIPWersja><sln:powIdTeryt>2404</sln:powIdTeryt><sln:powNazwa>częstochowski</sln:powNazwa><sln:waznyOd>2015-02-02T00:00:00+01:00</sln:waznyOd><sln:wojIIPId>98a63fe6-1e56-4d05-9c47-ab4233f8a6ff</sln:wojIIPId><sln:wojIIPPn>PL.PZGIK.200</sln:wojIIPPn><sln:wojIIPWersja>2017-10-10T00:00:00+02:00</sln:wojIIPWersja><sln:wojIdTeryt>24</sln:wojIdTeryt><sln:wojNazwa>śląskie</sln:wojNazwa></sln:miejscowosc><sln:miejscowosc><sln:cyklZyciaDo>2017-04-18T00:00:00+02:00</sln:cyklZyciaDo><sln:cyklZyciaOd>2016-03-22T00:00:00+01:00</sln:cyklZyciaOd><sln:gmIIPId>3c057761-f196-40e9-a6b2-b650a53a6c26</sln:gmIIPId><sln:gmIIPPn>PL.PZGIK.200</sln:gmIIPPn><sln:gmIIPWersja>2012-09-26T22:29:32+02:00</sln:gmIIPWersja><sln:gmIdTeryt>2404032</sln:gmIdTeryt><sln:gmNazwa>Janów</sln:gmNazwa><sln:miejscIIPId>77cb77b0-aabd-4ab7-9b5f-a3bae4021e62</sln:miejscIIPId><sln:miejscIIPPn>PL.PZGIK.200</sln:miejscIIPPn><sln:miejscIIPWersja>2016-11-24T09:18:48+02:00</sln:miejscIIPWersja><sln:miejscIdTeryt>0133422</sln:miejscIdTeryt><sln:miejscNazwa>Piasek</sln:miejscNazwa><sln:miejscRodzaj>Wieś</sln:miejscRodzaj><sln:powIIPId>a5fef4e5-9579-460f-84e2-daa56282f29a</sln:powIIPId><sln:powIIPPn>PL.PZGIK.200</sln:powIIPPn><sln:powIIPWersja>2012-09-27T09:34:20+02:00</sln:powIIPWersja><sln:powIdTeryt>2404</sln:powIdTeryt><sln:powNazwa>częstochowski</sln:powNazwa><sln:waznyOd>2015-02-02T00:00:00+01:00</sln:waznyOd><sln:wojIIPId>98a63fe6-1e56-4d05-9c47-ab4233f8a6ff</sln:wojIIPId><sln:wojIIPPn>PL.PZGIK.200</sln:wojIIPPn><sln:wojIIPWersja>2017-10-10T00:00:00+02:00</sln:wojIIPWersja><sln:wojIdTeryt>24</sln:wojIdTeryt><sln:wojNazwa>śląskie</sln:wojNazwa></sln:miejscowosc><sln:miejscowosc><sln:cyklZyciaDo>2017-04-18T00:00:00+02:00</sln:cyklZyciaDo><sln:cyklZyciaOd>2016-03-22T00:00:00+01:00</sln:cyklZyciaOd><sln:gmIIPId>3c057761-f196-40e9-a6b2-b650a53a6c26</sln:gmIIPId><sln:gmIIPPn>PL.PZGIK.200</sln:gmIIPPn><sln:gmIIPWersja>2012-09-26T22:29:32+02:00</sln:gmIIPWersja><sln:gmIdTeryt>2404032</sln:gmIdTeryt><sln:gmNazwa>Janów</sln:gmNazwa><sln:miejscIIPId>f1088abf-189e-4e57-b31f-70d5177d7516</sln:miejscIIPId><sln:miejscIIPPn>PL.PZGIK.200</sln:miejscIIPPn><sln:miejscIIPWersja>2016-11-24T09:18:48+02:00</sln:miejscIIPWersja><sln:miejscIdTeryt>0133439</sln:miejscIdTeryt><sln:miejscNazwa>Ponik</sln:miejscNazwa><sln:miejscRodzaj>Wieś</sln:miejscRodzaj><sln:powIIPId>a5fef4e5-9579-460f-84e2-daa56282f29a</sln:powIIPId><sln:powIIPPn>PL.PZGIK.200</sln:powIIPPn><sln:powIIPWersja>2012-09-27T09:34:20+02:00</sln:powIIPWersja><sln:powIdTeryt>2404</sln:powIdTeryt><sln:powNazwa>częstochowski</sln:powNazwa><sln:waznyOd>2015-02-02T00:00:00+01:00</sln:waznyOd><sln:wojIIPId>98a63fe6-1e56-4d05-9c47-ab4233f8a6ff</sln:wojIIPId><sln:wojIIPPn>PL.PZGIK.200</sln:wojIIPPn><sln:wojIIPWersja>2017-10-10T00:00:00+02:00</sln:wojIIPWersja><sln:wojIdTeryt>24</sln:wojIdTeryt><sln:wojNazwa>śląskie</sln:wojNazwa></sln:miejscowosc><sln:miejscowosc><sln:cyklZyciaDo>2017-04-18T00:00:00+02:00</sln:cyklZyciaDo><sln:cyklZyciaOd>2016-03-22T00:00:00+01:00</sln:cyklZyciaOd><sln:gmIIPId>3c057761-f196-40e9-a6b2-b650a53a6c26</sln:gmIIPId><sln:gmIIPPn>PL.PZGIK.200</sln:gmIIPPn><sln:gmIIPWersja>2012-09-26T22:29:32+02:00</sln:gmIIPWersja><sln:gmIdTeryt>2404032</sln:gmIdTeryt><sln:gmNazwa>Janów</sln:gmNazwa><sln:miejscIIPId>5f852afe-44ea-406e-ae4b-50da2e374fa8</sln:miejscIIPId><sln:miejscIIPPn>PL.PZGIK.200</sln:miejscIIPPn><sln:miejscIIPWersja>2016-11-24T09:18:48+02:00</sln:miejscIIPWersja><sln:miejscIdTeryt>0133534</sln:miejscIdTeryt><sln:miejscNazwa>Siedlec</sln:miejscNazwa><sln:miejscRodzaj>Wieś</sln:miejscRodzaj><sln:powIIPId>a5fef4e5-9579-460f-84e2-daa56282f29a</sln:powIIPId><sln:powIIPPn>PL.PZGIK.200</sln:powIIPPn><sln:powIIPWersja>2012-09-27T09:34:20+02:00</sln:powIIPWersja><sln:powIdTeryt>2404</sln:powIdTeryt><sln:powNazwa>częstochowski</sln:powNazwa><sln:waznyOd>2015-02-02T00:00:00+01:00</sln:waznyOd><sln:wojIIPId>98a63fe6-1e56-4d05-9c47-ab4233f8a6ff</sln:wojIIPId><sln:wojIIPPn>PL.PZGIK.200</sln:wojIIPPn><sln:wojIIPWersja>2017-10-10T00:00:00+02:00</sln:wojIIPWersja><sln:wojIdTeryt>24</sln:wojIdTeryt><sln:wojNazwa>śląskie</sln:wojNazwa></sln:miejscowosc><sln:miejscowosc><sln:cyklZyciaDo>2017-04-18T00:00:00+02:00</sln:cyklZyciaDo><sln:cyklZyciaOd>2016-03-22T00:00:00+01:00</sln:cyklZyciaOd><sln:gmIIPId>3c057761-f196-40e9-a6b2-b650a53a6c26</sln:gmIIPId><sln:gmIIPPn>PL.PZGIK.200</sln:gmIIPPn><sln:gmIIPWersja>2012-09-26T22:29:32+02:00</sln:gmIIPWersja><sln:gmIdTeryt>2404032</sln:gmIdTeryt><sln:gmNazwa>Janów</sln:gmNazwa><sln:miejscIIPId>b9cb7eda-d270-4764-82b8-f5503a2691c0</sln:miejscIIPId><sln:miejscIIPPn>PL.PZGIK.200</sln:miejscIIPPn><sln:miejscIIPWersja>2016-11-24T09:18:48+02:00</sln:miejscIIPWersja><sln:miejscIdTeryt>0133570</sln:miejscIdTeryt><sln:miejscNazwa>Skowronów</sln:miejscNazwa><sln:miejscRodzaj>Wieś</sln:miejscRodzaj><sln:powIIPId>a5fef4e5-9579-460f-84e2-daa56282f29a</sln:powIIPId><sln:powIIPPn>PL.PZGIK.200</sln:powIIPPn><sln:powIIPWersja>2012-09-27T09:34:20+02:00</sln:powIIPWersja><sln:powIdTeryt>2404</sln:powIdTeryt><sln:powNazwa>częstochowski</sln:powNazwa><sln:waznyOd>2015-02-02T00:00:00+01:00</sln:waznyOd><sln:wojIIPId>98a63fe6-1e56-4d05-9c47-ab4233f8a6ff</sln:wojIIPId><sln:wojIIPPn>PL.PZGIK.200</sln:wojIIPPn><sln:wojIIPWersja>2017-10-10T00:00:00+02:00</sln:wojIIPWersja><sln:wojIdTeryt>24</sln:wojIdTeryt><sln:wojNazwa>śląskie</sln:wojNazwa></sln:miejscowosc><sln:miejscowosc><sln:cyklZyciaDo>2017-04-18T00:00:00+02:00</sln:cyklZyciaDo><sln:cyklZyciaOd>2016-03-22T00:00:00+01:00</sln:cyklZyciaOd><sln:gmIIPId>3c057761-f196-40e9-a6b2-b650a53a6c26</sln:gmIIPId><sln:gmIIPPn>PL.PZGIK.200</sln:gmIIPPn><sln:gmIIPWersja>2012-09-26T22:29:32+02:00</sln:gmIIPWersja><sln:gmIdTeryt>2404032</sln:gmIdTeryt><sln:gmNazwa>Janów</sln:gmNazwa><sln:miejscIIPId>8a7f66f4-dbaf-4817-b209-a0d9d04e46e2</sln:miejscIIPId><sln:miejscIIPPn>PL.PZGIK.200</sln:miejscIIPPn><sln:miejscIIPWersja>2016-11-24T09:18:48+02:00</sln:miejscIIPWersja><sln:miejscIdTeryt>0133586</sln:miejscIdTeryt><sln:miejscNazwa>Sokole Pole</sln:miejscNazwa><sln:miejscRodzaj>Wieś</sln:miejscRodzaj><sln:powIIPId>a5fef4e5-9579-460f-84e2-daa56282f29a</sln:powIIPId><sln:powIIPPn>PL.PZGIK.200</sln:powIIPPn><sln:powIIPWersja>2012-09-27T09:34:20+02:00</sln:powIIPWersja><sln:powIdTeryt>2404</sln:powIdTeryt><sln:powNazwa>częstochowski</sln:powNazwa><sln:waznyOd>2015-02-02T00:00:00+01:00</sln:waznyOd><sln:wojIIPId>98a63fe6-1e56-4d05-9c47-ab4233f8a6ff</sln:wojIIPId><sln:wojIIPPn>PL.PZGIK.200</sln:wojIIPPn><sln:wojIIPWersja>2017-10-10T00:00:00+02:00</sln:wojIIPWersja><sln:wojIdTeryt>24</sln:wojIdTeryt><sln:wojNazwa>śląskie</sln:wojNazwa></sln:miejscowosc><sln:miejscowosc><sln:cyklZyciaDo>2017-04-18T00:00:00+02:00</sln:cyklZyciaDo><sln:cyklZyciaOd>2016-03-22T00:00:00+01:00</sln:cyklZyciaOd><sln:gmIIPId>3c057761-f196-40e9-a6b2-b650a53a6c26</sln:gmIIPId><sln:gmIIPPn>PL.PZGIK.200</sln:gmIIPPn><sln:gmIIPWersja>2012-09-26T22:29:32+02:00</sln:gmIIPWersja><sln:gmIdTeryt>2404032</sln:gmIdTeryt><sln:gmNazwa>Janów</sln:gmNazwa><sln:miejscIIPId>04f20a0d-0d49-4864-8e0f-2c841731eafe</sln:miejscIIPId><sln:miejscIIPPn>PL.PZGIK.200</sln:miejscIIPPn><sln:miejscIIPWersja>2016-11-24T09:18:48+02:00</sln:miejscIIPWersja><sln:miejscIdTeryt>0133304</sln:miejscIdTeryt><sln:miejscNazwa>Śmiertny Dąb</sln:miejscNazwa><sln:miejscRodzaj>Kolonia</sln:miejscRodzaj><sln:powIIPId>a5fef4e5-9579-460f-84e2-daa56282f29a</sln:powIIPId><sln:powIIPPn>PL.PZGIK.200</sln:powIIPPn><sln:powIIPWersja>2012-09-27T09:34:20+02:00</sln:powIIPWersja><sln:powIdTeryt>2404</sln:powIdTeryt><sln:powNazwa>częstochowski</sln:powNazwa><sln:waznyOd>2015-02-02T00:00:00+01:00</sln:waznyOd><sln:wojIIPId>98a63fe6-1e56-4d05-9c47-ab4233f8a6ff</sln:wojIIPId><sln:wojIIPPn>PL.PZGIK.200</sln:wojIIPPn><sln:wojIIPWersja>2017-10-10T00:00:00+02:00</sln:wojIIPWersja><sln:wojIdTeryt>24</sln:wojIdTeryt><sln:wojNazwa>śląskie</sln:wojNazwa></sln:miejscowosc><sln:miejscowosc><sln:cyklZyciaDo>2017-04-18T00:00:00+02:00</sln:cyklZyciaDo><sln:cyklZyciaOd>2016-03-22T00:00:00+01:00</sln:cyklZyciaOd><sln:gmIIPId>3c057761-f196-40e9-a6b2-b650a53a6c26</sln:gmIIPId><sln:gmIIPPn>PL.PZGIK.200</sln:gmIIPPn><sln:gmIIPWersja>2012-09-26T22:29:32+02:00</sln:gmIIPWersja><sln:gmIdTeryt>2404032</sln:gmIdTeryt><sln:gmNazwa>Janów</sln:gmNazwa><sln:miejscIIPId>6e1032c1-37a8-4dd6-ab48-96f4bbf28be9</sln:miejscIIPId><sln:miejscIIPPn>PL.PZGIK.200</sln:miejscIIPPn><sln:miejscIIPWersja>2016-11-24T09:18:48+02:00</sln:miejscIIPWersja><sln:miejscIdTeryt>0133592</sln:miejscIdTeryt><sln:miejscNazwa>Teodorów</sln:miejscNazwa><sln:miejscRodzaj>Wieś</sln:miejscRodzaj><sln:powIIPId>a5fef4e5-9579-460f-84e2-daa56282f29a</sln:powIIPId><sln:powIIPPn>PL.PZGIK.200</sln:powIIPPn><sln:powIIPWersja>2012-09-27T09:34:20+02:00</sln:powIIPWersja><sln:powIdTeryt>2404</sln:powIdTeryt><sln:powNazwa>częstochowski</sln:powNazwa><sln:waznyOd>2015-02-02T00:00:00+01:00</sln:waznyOd><sln:wojIIPId>98a63fe6-1e56-4d05-9c47-ab4233f8a6ff</sln:wojIIPId><sln:wojIIPPn>PL.PZGIK.200</sln:wojIIPPn><sln:wojIIPWersja>2017-10-10T00:00:00+02:00</sln:wojIIPWersja><sln:wojIdTeryt>24</sln:wojIdTeryt><sln:wojNazwa>śląskie</sln:wojNazwa></sln:miejscowosc><sln:miejscowosc><sln:cyklZyciaDo>2017-04-18T00:00:00+02:00</sln:cyklZyciaDo><sln:cyklZyciaOd>2016-03-22T00:00:00+01:00</sln:cyklZyciaOd><sln:gmIIPId>3c057761-f196-40e9-a6b2-b650a53a6c26</sln:gmIIPId><sln:gmIIPPn>PL.PZGIK.200</sln:gmIIPPn><sln:gmIIPWersja>2012-09-26T22:29:32+02:00</sln:gmIIPWersja><sln:gmIdTeryt>2404032</sln:gmIdTeryt><sln:gmNazwa>Janów</sln:gmNazwa><sln:miejscIIPId>6d3c8dcb-9367-46a5-945b-27fdedea400b</sln:miejscIIPId><sln:miejscIIPPn>PL.PZGIK.200</sln:miejscIIPPn><sln:miejscIIPWersja>2016-11-24T09:18:48+02:00</sln:miejscIIPWersja><sln:miejscIdTeryt>0133617</sln:miejscIdTeryt><sln:miejscNazwa>Zagórze</sln:miejscNazwa><sln:miejscRodzaj>Wieś</sln:miejscRodzaj><sln:powIIPId>a5fef4e5-9579-460f-84e2-daa56282f29a</sln:powIIPId><sln:powIIPPn>PL.PZGIK.200</sln:powIIPPn><sln:powIIPWersja>2012-09-27T09:34:20+02:00</sln:powIIPWersja><sln:powIdTeryt>2404</sln:powIdTeryt><sln:powNazwa>częstochowski</sln:powNazwa><sln:waznyOd>2015-02-02T00:00:00+01:00</sln:waznyOd><sln:wojIIPId>98a63fe6-1e56-4d05-9c47-ab4233f8a6ff</sln:wojIIPId><sln:wojIIPPn>PL.PZGIK.200</sln:wojIIPPn><sln:wojIIPWersja>2017-10-10T00:00:00+02:00</sln:wojIIPWersja><sln:wojIdTeryt>24</sln:wojIdTeryt><sln:wojNazwa>śląskie</sln:wojNazwa></sln:miejscowosc><sln:miejscowosc><sln:cyklZyciaDo>2017-04-18T00:00:00+02:00</sln:cyklZyciaDo><sln:cyklZyciaOd>2016-03-22T00:00:00+01:00</sln:cyklZyciaOd><sln:gmIIPId>3c057761-f196-40e9-a6b2-b650a53a6c26</sln:gmIIPId><sln:gmIIPPn>PL.PZGIK.200</sln:gmIIPPn><sln:gmIIPWersja>2012-09-26T22:29:32+02:00</sln:gmIIPWersja><sln:gmIdTeryt>2404032</sln:gmIdTeryt><sln:gmNazwa>Janów</sln:gmNazwa><sln:miejscIIPId>e7ae117b-3f87-4373-8bec-27c49d2f5ca6</sln:miejscIIPId><sln:miejscIIPPn>PL.PZGIK.200</sln:miejscIIPPn><sln:miejscIIPWersja>2016-11-24T09:18:48+02:00</sln:miejscIIPWersja><sln:miejscIdTeryt>0133451</sln:miejscIdTeryt><sln:miejscNazwa>Złoty Potok</sln:miejscNazwa><sln:miejscRodzaj>Wieś</sln:miejscRodzaj><sln:powIIPId>a5fef4e5-9579-460f-84e2-daa56282f29a</sln:powIIPId><sln:powIIPPn>PL.PZGIK.200</sln:powIIPPn><sln:powIIPWersja>2012-09-27T09:34:20+02:00</sln:powIIPWersja><sln:powIdTeryt>2404</sln:powIdTeryt><sln:powNazwa>częstochowski</sln:powNazwa><sln:waznyOd>2015-02-02T00:00:00+01:00</sln:waznyOd><sln:wojIIPId>98a63fe6-1e56-4d05-9c47-ab4233f8a6ff</sln:wojIIPId><sln:wojIIPPn>PL.PZGIK.200</sln:wojIIPPn><sln:wojIIPWersja>2017-10-10T00:00:00+02:00</sln:wojIIPWersja><sln:wojIdTeryt>24</sln:wojIdTeryt><sln:wojNazwa>śląskie</sln:wojNazwa></sln:miejscowosc><sln:miejscowosc><sln:cyklZyciaDo>2017-04-18T00:00:00+02:00</sln:cyklZyciaDo><sln:cyklZyciaOd>2016-03-22T00:00:00+01:00</sln:cyklZyciaOd><sln:gmIIPId>3c057761-f196-40e9-a6b2-b650a53a6c26</sln:gmIIPId><sln:gmIIPPn>PL.PZGIK.200</sln:gmIIPPn><sln:gmIIPWersja>2012-09-26T22:29:32+02:00</sln:gmIIPWersja><sln:gmIdTeryt>2404032</sln:gmIdTeryt><sln:gmNazwa>Janów</sln:gmNazwa><sln:miejscIIPId>5aeff0ac-dac0-4455-9a11-3a56a653fb4e</sln:miejscIIPId><sln:miejscIIPPn>PL.PZGIK.200</sln:miejscIIPPn><sln:miejscIIPWersja>2016-11-24T09:18:48+02:00</sln:miejscIIPWersja><sln:miejscIdTeryt>0133623</sln:miejscIdTeryt><sln:miejscNazwa>Żuraw</sln:miejscNazwa><sln:miejscRodzaj>Wieś</sln:miejscRodzaj><sln:powIIPId>a5fef4e5-9579-460f-84e2-daa56282f29a</sln:powIIPId><sln:powIIPPn>PL.PZGIK.200</sln:powIIPPn><sln:powIIPWersja>2012-09-27T09:34:20+02:00</sln:powIIPWersja><sln:powIdTeryt>2404</sln:powIdTeryt><sln:powNazwa>częstochowski</sln:powNazwa><sln:waznyOd>2015-02-02T00:00:00+01:00</sln:waznyOd><sln:wojIIPId>98a63fe6-1e56-4d05-9c47-ab4233f8a6ff</sln:wojIIPId><sln:wojIIPPn>PL.PZGIK.200</sln:wojIIPPn><sln:wojIIPWersja>2017-10-10T00:00:00+02:00</sln:wojIIPWersja><sln:wojIdTeryt>24</sln:wojIdTeryt><sln:wojNazwa>śląskie</sln:wojNazwa></sln:miejscowosc><sln:miejscowosc><sln:cyklZyciaOd>2017-04-18T00:00:00+02:00</sln:cyklZyciaOd><sln:gmIIPId>3c057761-f196-40e9-a6b2-b650a53a6c26</sln:gmIIPId><sln:gmIIPPn>PL.PZGIK.200</sln:gmIIPPn><sln:gmIIPWersja>2012-09-26T22:29:32+02:00</sln:gmIIPWersja><sln:gmIdTeryt>2404032</sln:gmIdTeryt><sln:gmNazwa>Janów</sln:gmNazwa><sln:miejscIIPId>e359b280-ed90-4e8e-b5d2-abe1d1661fe4</sln:miejscIIPId><sln:miejscIIPPn>PL.PZGIK.200</sln:miejscIIPPn><sln:miejscIIPWersja>2017-04-18T14:08:47+02:00</sln:miejscIIPWersja><sln:miejscIdTeryt>0133149</sln:miejscIdTeryt><sln:miejscNazwa>Apolonka</sln:miejscNazwa><sln:miejscRodzaj>Wieś</sln:miejscRodzaj><sln:powIIPId>a5fef4e5-9579-460f-84e2-daa56282f29a</sln:powIIPId><sln:powIIPPn>PL.PZGIK.200</sln:powIIPPn><sln:powIIPWersja>2012-09-27T09:34:20+02:00</sln:powIIPWersja><sln:powIdTeryt>2404</sln:powIdTeryt><sln:powNazwa>częstochowski</sln:powNazwa><sln:waznyOd>2015-02-02T00:00:00+01:00</sln:waznyOd><sln:wojIIPId>98a63fe6-1e56-4d05-9c47-ab4233f8a6ff</sln:wojIIPId><sln:wojIIPPn>PL.PZGIK.200</sln:wojIIPPn><sln:wojIIPWersja>2017-10-10T00:00:00+02:00</sln:wojIIPWersja><sln:wojIdTeryt>24</sln:wojIdTeryt><sln:wojNazwa>śląskie</sln:wojNazwa></sln:miejscowosc><sln:miejscowosc><sln:cyklZyciaOd>2017-04-18T00:00:00+02:00</sln:cyklZyciaOd><sln:gmIIPId>3c057761-f196-40e9-a6b2-b650a53a6c26</sln:gmIIPId><sln:gmIIPPn>PL.PZGIK.200</sln:gmIIPPn><sln:gmIIPWersja>2012-09-26T22:29:32+02:00</sln:gmIIPWersja><sln:gmIdTeryt>2404032</sln:gmIdTeryt><sln:gmNazwa>Janów</sln:gmNazwa><sln:miejscIIPId>41c437ac-7942-40be-b8b3-d1bd3fc31ded</sln:miejscIIPId><sln:miejscIIPPn>PL.PZGIK.200</sln:miejscIIPPn><sln:miejscIIPWersja>2017-04-18T14:08:53+02:00</sln:miejscIIPWersja><sln:miejscIdTeryt>0133161</sln:miejscIdTeryt><sln:miejscNazwa>Bystrzanowice-Dwór</sln:miejscNazwa><sln:miejscRodzaj>Wieś</sln:miejscRodzaj><sln:powIIPId>a5fef4e5-9579-460f-84e2-daa56282f29a</sln:powIIPId><sln:powIIPPn>PL.PZGIK.200</sln:powIIPPn><sln:powIIPWersja>2012-09-27T09:34:20+02:00</sln:powIIPWersja><sln:powIdTeryt>2404</sln:powIdTeryt><sln:powNazwa>częstochowski</sln:powNazwa><sln:waznyOd>2015-02-02T00:00:00+01:00</sln:waznyOd><sln:wojIIPId>98a63fe6-1e56-4d05-9c47-ab4233f8a6ff</sln:wojIIPId><sln:wojIIPPn>PL.PZGIK.200</sln:wojIIPPn><sln:wojIIPWersja>2017-10-10T00:00:00+02:00</sln:wojIIPWersja><sln:wojIdTeryt>24</sln:wojIdTeryt><sln:wojNazwa>śląskie</sln:wojNazwa></sln:miejscowosc><sln:miejscowosc><sln:cyklZyciaOd>2017-04-18T00:00:00+02:00</sln:cyklZyciaOd><sln:gmIIPId>3c057761-f196-40e9-a6b2-b650a53a6c26</sln:gmIIPId><sln:gmIIPPn>PL.PZGIK.200</sln:gmIIPPn><sln:gmIIPWersja>2012-09-26T22:29:32+02:00</sln:gmIIPWersja><sln:gmIdTeryt>2404032</sln:gmIdTeryt><sln:gmNazwa>Janów</sln:gmNazwa><sln:miejscIIPId>39e61c7c-2ce8-47bd-b239-cdf8d3764c38</sln:miejscIIPId><sln:miejscIIPPn>PL.PZGIK.200</sln:miejscIIPPn><sln:miejscIIPWersja>2017-04-18T14:08:53+02:00</sln:miejscIIPWersja><sln:miejscIdTeryt>0133190</sln:miejscIdTeryt><sln:miejscNazwa>Bystrzanowice</sln:miejscNazwa><sln:miejscRodzaj>Wieś</sln:miejscRodzaj><sln:powIIPId>a5fef4e5-9579-460f-84e2-daa56282f29a</sln:powIIPId><sln:powIIPPn>PL.PZGIK.200</sln:powIIPPn><sln:powIIPWersja>2012-09-27T09:34:20+02:00</sln:powIIPWersja><sln:powIdTeryt>2404</sln:powIdTeryt><sln:powNazwa>częstochowski</sln:powNazwa><sln:waznyOd>2015-02-02T00:00:00+01:00</sln:waznyOd><sln:wojIIPId>98a63fe6-1e56-4d05-9c47-ab4233f8a6ff</sln:wojIIPId><sln:wojIIPPn>PL.PZGIK.200</sln:wojIIPPn><sln:wojIIPWersja>2017-10-10T00:00:00+02:00</sln:wojIIPWersja><sln:wojIdTeryt>24</sln:wojIdTeryt><sln:wojNazwa>śląskie</sln:wojNazwa></sln:miejscowosc><sln:miejscowosc><sln:cyklZyciaOd>2017-04-18T00:00:00+02:00</sln:cyklZyciaOd><sln:gmIIPId>3c057761-f196-40e9-a6b2-b650a53a6c26</sln:gmIIPId><sln:gmIIPPn>PL.PZGIK.200</sln:gmIIPPn><sln:gmIIPWersja>2012-09-26T22:29:32+02:00</sln:gmIIPWersja><sln:gmIdTeryt>2404032</sln:gmIdTeryt><sln:gmNazwa>Janów</sln:gmNazwa><sln:miejscIIPId>252c909d-5928-46ba-b316-92b31e96aac8</sln:miejscIIPId><sln:miejscIIPPn>PL.PZGIK.200</sln:miejscIIPPn><sln:miejscIIPWersja>2017-04-18T14:08:53+02:00</sln:miejscIIPWersja><sln:miejscIdTeryt>0133221</sln:miejscIdTeryt><sln:miejscNazwa>Czepurka</sln:miejscNazwa><sln:miejscRodzaj>Wieś</sln:miejscRodzaj><sln:powIIPId>a5fef4e5-9579-460f-84e2-daa56282f29a</sln:powIIPId><sln:powIIPPn>PL.PZGIK.200</sln:powIIPPn><sln:powIIPWersja>2012-09-27T09:34:20+02:00</sln:powIIPWersja><sln:powIdTeryt>2404</sln:powIdTeryt><sln:powNazwa>częstochowski</sln:powNazwa><sln:waznyOd>2015-02-02T00:00:00+01:00</sln:waznyOd><sln:wojIIPId>98a63fe6-1e56-4d05-9c47-ab4233f8a6ff</sln:wojIIPId><sln:wojIIPPn>PL.PZGIK.200</sln:wojIIPPn><sln:wojIIPWersja>2017-10-10T00:00:00+02:00</sln:wojIIPWersja><sln:wojIdTeryt>24</sln:wojIdTeryt><sln:wojNazwa>śląskie</sln:wojNazwa></sln:miejscowosc><sln:miejscowosc><sln:cyklZyciaOd>2017-04-18T00:00:00+02:00</sln:cyklZyciaOd><sln:gmIIPId>3c057761-f196-40e9-a6b2-b650a53a6c26</sln:gmIIPId><sln:gmIIPPn>PL.PZGIK.200</sln:gmIIPPn><sln:gmIIPWersja>2012-09-26T22:29:32+02:00</sln:gmIIPWersja><sln:gmIdTeryt>2404032</sln:gmIdTeryt><sln:gmNazwa>Janów</sln:gmNazwa><sln:miejscIIPId>ab727313-53c3-48c0-b88d-ae2a25e7dcac</sln:miejscIIPId><sln:miejscIIPPn>PL.PZGIK.200</sln:miejscIIPPn><sln:miejscIIPWersja>2017-04-18T14:08:53+02:00</sln:miejscIIPWersja><sln:miejscIdTeryt>0133244</sln:miejscIdTeryt><sln:miejscNazwa>Góry Gorzkowskie</sln:miejscNazwa><sln:miejscRodzaj>Wieś</sln:miejscRodzaj><sln:powIIPId>a5fef4e5-9579-460f-84e2-daa56282f29a</sln:powIIPId><sln:powIIPPn>PL.PZGIK.200</sln:powIIPPn><sln:powIIPWersja>2012-09-27T09:34:20+02:00</sln:powIIPWersja><sln:powIdTeryt>2404</sln:powIdTeryt><sln:powNazwa>częstochowski</sln:powNazwa><sln:waznyOd>2015-02-02T00:00:00+01:00</sln:waznyOd><sln:wojIIPId>98a63fe6-1e56-4d05-9c47-ab4233f8a6ff</sln:wojIIPId><sln:wojIIPPn>PL.PZGIK.200</sln:wojIIPPn><sln:wojIIPWersja>2017-10-10T00:00:00+02:00</sln:wojIIPWersja><sln:wojIdTeryt>24</sln:wojIdTeryt><sln:wojNazwa>śląskie</sln:wojNazwa></sln:miejscowosc><sln:miejscowosc><sln:cyklZyciaOd>2017-04-18T00:00:00+02:00</sln:cyklZyciaOd><sln:gmIIPId>3c057761-f196-40e9-a6b2-b650a53a6c26</sln:gmIIPId><sln:gmIIPPn>PL.PZGIK.200</sln:gmIIPPn><sln:gmIIPWersja>2012-09-26T22:29:32+02:00</sln:gmIIPWersja><sln:gmIdTeryt>2404032</sln:gmIdTeryt><sln:gmNazwa>Janów</sln:gmNazwa><sln:miejscIIPId>6ad9d111-6392-4adf-9d6b-8a3f8c9cc946</sln:miejscIIPId><sln:miejscIIPPn>PL.PZGIK.200</sln:miejscIIPPn><sln:miejscIIPWersja>2017-04-18T14:08:53+02:00</sln:miejscIIPWersja><sln:miejscIdTeryt>0133267</sln:miejscIdTeryt><sln:miejscNazwa>Hucisko</sln:miejscNazwa><sln:miejscRodzaj>Wieś</sln:miejscRodzaj><sln:powIIPId>a5fef4e5-9579-460f-84e2-daa56282f29a</sln:powIIPId><sln:powIIPPn>PL.PZGIK.200</sln:powIIPPn><sln:powIIPWersja>2012-09-27T09:34:20+02:00</sln:powIIPWersja><sln:powIdTeryt>2404</sln:powIdTeryt><sln:powNazwa>częstochowski</sln:powNazwa><sln:waznyOd>2015-02-02T00:00:00+01:00</sln:waznyOd><sln:wojIIPId>98a63fe6-1e56-4d05-9c47-ab4233f8a6ff</sln:wojIIPId><sln:wojIIPPn>PL.PZGIK.200</sln:wojIIPPn><sln:wojIIPWersja>2017-10-10T00:00:00+02:00</sln:wojIIPWersja><sln:wojIdTeryt>24</sln:wojIdTeryt><sln:wojNazwa>śląskie</sln:wojNazwa></sln:miejscowosc><sln:miejscowosc><sln:cyklZyciaOd>2017-04-18T00:00:00+02:00</sln:cyklZyciaOd><sln:gmIIPId>3c057761-f196-40e9-a6b2-b650a53a6c26</sln:gmIIPId><sln:gmIIPPn>PL.PZGIK.200</sln:gmIIPPn><sln:gmIIPWersja>2012-09-26T22:29:32+02:00</sln:gmIIPWersja><sln:gmIdTeryt>2404032</sln:gmIdTeryt><sln:gmNazwa>Janów</sln:gmNazwa><sln:miejscIIPId>42f6b2e6-8f76-4975-8d6e-fb1dc388a84c</sln:miejscIIPId><sln:miejscIIPPn>PL.PZGIK.200</sln:miejscIIPPn><sln:miejscIIPWersja>2017-04-18T14:08:53+02:00</sln:miejscIIPWersja><sln:miejscIdTeryt>0133273</sln:miejscIdTeryt><sln:miejscNazwa>Janów</sln:miejscNazwa><sln:miejscRodzaj>Wieś</sln:miejscRodzaj><sln:powIIPId>a5fef4e5-9579-460f-84e2-daa56282f29a</sln:powIIPId><sln:powIIPPn>PL.PZGIK.200</sln:powIIPPn><sln:powIIPWersja>2012-09-27T09:34:20+02:00</sln:powIIPWersja><sln:powIdTeryt>2404</sln:powIdTeryt><sln:powNazwa>częstochowski</sln:powNazwa><sln:waznyOd>2015-02-02T00:00:00+01:00</sln:waznyOd><sln:wojIIPId>98a63fe6-1e56-4d05-9c47-ab4233f8a6ff</sln:wojIIPId><sln:wojIIPPn>PL.PZGIK.200</sln:wojIIPPn><sln:wojIIPWersja>2017-10-10T00:00:00+02:00</sln:wojIIPWersja><sln:wojIdTeryt>24</sln:wojIdTeryt><sln:wojNazwa>śląskie</sln:wojNazwa></sln:miejscowosc><sln:miejscowosc><sln:cyklZyciaOd>2017-04-18T00:00:00+02:00</sln:cyklZyciaOd><sln:gmIIPId>3c057761-f196-40e9-a6b2-b650a53a6c26</sln:gmIIPId><sln:gmIIPPn>PL.PZGIK.200</sln:gmIIPPn><sln:gmIIPWersja>2012-09-26T22:29:32+02:00</sln:gmIIPWersja><sln:gmIdTeryt>2404032</sln:gmIdTeryt><sln:gmNazwa>Janów</sln:gmNazwa><sln:miejscIIPId>04f20a0d-0d49-4864-8e0f-2c841731eafe</sln:miejscIIPId><sln:miejscIIPPn>PL.PZGIK.200</sln:miejscIIPPn><sln:miejscIIPWersja>2017-04-18T14:08:53+02:00</sln:miejscIIPWersja><sln:miejscIdTeryt>0133304</sln:miejscIdTeryt><sln:miejscNazwa>Śmiertny Dąb</sln:miejscNazwa><sln:miejscRodzaj>Kolonia</sln:miejscRodzaj><sln:powIIPId>a5fef4e5-9579-460f-84e2-daa56282f29a</sln:powIIPId><sln:powIIPPn>PL.PZGIK.200</sln:powIIPPn><sln:powIIPWersja>2012-09-27T09:34:20+02:00</sln:powIIPWersja><sln:powIdTeryt>2404</sln:powIdTeryt><sln:powNazwa>częstochowski</sln:powNazwa><sln:waznyOd>2015-02-02T00:00:00+01:00</sln:waznyOd><sln:wojIIPId>98a63fe6-1e56-4d05-9c47-ab4233f8a6ff</sln:wojIIPId><sln:wojIIPPn>PL.PZGIK.200</sln:wojIIPPn><sln:wojIIPWersja>2017-10-10T00:00:00+02:00</sln:wojIIPWersja><sln:wojIdTeryt>24</sln:wojIdTeryt><sln:wojNazwa>śląskie</sln:wojNazwa></sln:miejscowosc><sln:miejscowosc><sln:cyklZyciaOd>2017-04-18T00:00:00+02:00</sln:cyklZyciaOd><sln:gmIIPId>3c057761-f196-40e9-a6b2-b650a53a6c26</sln:gmIIPId><sln:gmIIPPn>PL.PZGIK.200</sln:gmIIPPn><sln:gmIIPWersja>2012-09-26T22:29:32+02:00</sln:gmIIPWersja><sln:gmIdTeryt>2404032</sln:gmIdTeryt><sln:gmNazwa>Janów</sln:gmNazwa><sln:miejscIIPId>e4139637-3092-450e-9a17-f1777aece04e</sln:miejscIIPId><sln:miejscIIPPn>PL.PZGIK.200</sln:miejscIIPPn><sln:miejscIIPWersja>2017-04-18T14:08:53+02:00</sln:miejscIIPWersja><sln:miejscIdTeryt>0133327</sln:miejscIdTeryt><sln:miejscNazwa>Lgoczanka</sln:miejscNazwa><sln:miejscRodzaj>Wieś</sln:miejscRodzaj><sln:powIIPId>a5fef4e5-9579-460f-84e2-daa56282f29a</sln:powIIPId><sln:powIIPPn>PL.PZGIK.200</sln:powIIPPn><sln:powIIPWersja>2012-09-27T09:34:20+02:00</sln:powIIPWersja><sln:powIdTeryt>2404</sln:powIdTeryt><sln:powNazwa>częstochowski</sln:powNazwa><sln:waznyOd>2015-02-02T00:00:00+01:00</sln:waznyOd><sln:wojIIPId>98a63fe6-1e56-4d05-9c47-ab4233f8a6ff</sln:wojIIPId><sln:wojIIPPn>PL.PZGIK.200</sln:wojIIPPn><sln:wojIIPWersja>2017-10-10T00:00:00+02:00</sln:wojIIPWersja><sln:wojIdTeryt>24</sln:wojIdTeryt><sln:wojNazwa>śląskie</sln:wojNazwa></sln:miejscowosc><sln:miejscowosc><sln:cyklZyciaOd>2017-04-18T00:00:00+02:00</sln:cyklZyciaOd><sln:gmIIPId>3c057761-f196-40e9-a6b2-b650a53a6c26</sln:gmIIPId><sln:gmIIPPn>PL.PZGIK.200</sln:gmIIPPn><sln:gmIIPWersja>2012-09-26T22:29:32+02:00</sln:gmIIPWersja><sln:gmIdTeryt>2404032</sln:gmIdTeryt><sln:gmNazwa>Janów</sln:gmNazwa><sln:miejscIIPId>30c5557a-ccda-41a2-808b-5cb2f9c17b55</sln:miejscIIPId><sln:miejscIIPPn>PL.PZGIK.200</sln:miejscIIPPn><sln:miejscIIPWersja>2017-04-18T14:08:53+02:00</sln:miejscIIPWersja><sln:miejscIdTeryt>0133340</sln:miejscIdTeryt><sln:miejscNazwa>Lipnik</sln:miejscNazwa><sln:miejscRodzaj>Wieś</sln:miejscRodzaj><sln:powIIPId>a5fef4e5-9579-460f-84e2-daa56282f29a</sln:powIIPId><sln:powIIPPn>PL.PZGIK.200</sln:powIIPPn><sln:powIIPWersja>2012-09-27T09:34:20+02:00</sln:powIIPWersja><sln:powIdTeryt>2404</sln:powIdTeryt><sln:powNazwa>częstochowski</sln:powNazwa><sln:waznyOd>2015-02-02T00:00:00+01:00</sln:waznyOd><sln:wojIIPId>98a63fe6-1e56-4d05-9c47-ab4233f8a6ff</sln:wojIIPId><sln:wojIIPPn>PL.PZGIK.200</sln:wojIIPPn><sln:wojIIPWersja>2017-10-10T00:00:00+02:00</sln:wojIIPWersja><sln:wojIdTeryt>24</sln:wojIdTeryt><sln:wojNazwa>śląskie</sln:wojNazwa></sln:miejscowosc><sln:miejscowosc><sln:cyklZyciaOd>2017-04-18T00:00:00+02:00</sln:cyklZyciaOd><sln:gmIIPId>3c057761-f196-40e9-a6b2-b650a53a6c26</sln:gmIIPId><sln:gmIIPPn>PL.PZGIK.200</sln:gmIIPPn><sln:gmIIPWersja>2012-09-26T22:29:32+02:00</sln:gmIIPWersja><sln:gmIdTeryt>2404032</sln:gmIdTeryt><sln:gmNazwa>Janów</sln:gmNazwa><sln:miejscIIPId>fd7d6f94-a585-4d63-999a-6635c653850b</sln:miejscIIPId><sln:miejscIIPPn>PL.PZGIK.200</sln:miejscIIPPn><sln:miejscIIPWersja>2017-04-18T14:08:53+02:00</sln:miejscIIPWersja><sln:miejscIdTeryt>0133362</sln:miejscIdTeryt><sln:miejscNazwa>Lusławice</sln:miejscNazwa><sln:miejscRodzaj>Wieś</sln:miejscRodzaj><sln:powIIPId>a5fef4e5-9579-460f-84e2-daa56282f29a</sln:powIIPId><sln:powIIPPn>PL.PZGIK.200</sln:powIIPPn><sln:powIIPWersja>2012-09-27T09:34:20+02:00</sln:powIIPWersja><sln:powIdTeryt>2404</sln:powIdTeryt><sln:powNazwa>częstochowski</sln:powNazwa><sln:waznyOd>2015-02-02T00:00:00+01:00</sln:waznyOd><sln:wojIIPId>98a63fe6-1e56-4d05-9c47-ab4233f8a6ff</sln:wojIIPId><sln:wojIIPPn>PL.PZGIK.200</sln:wojIIPPn><sln:wojIIPWersja>2017-10-10T00:00:00+02:00</sln:wojIIPWersja><sln:wojIdTeryt>24</sln:wojIdTeryt><sln:wojNazwa>śląskie</sln:wojNazwa></sln:miejscowosc><sln:miejscowosc><sln:cyklZyciaOd>2017-04-18T00:00:00+02:00</sln:cyklZyciaOd><sln:gmIIPId>3c057761-f196-40e9-a6b2-b650a53a6c26</sln:gmIIPId><sln:gmIIPPn>PL.PZGIK.200</sln:gmIIPPn><sln:gmIIPWersja>2012-09-26T22:29:32+02:00</sln:gmIIPWersja><sln:gmIdTeryt>2404032</sln:gmIdTeryt><sln:gmNazwa>Janów</sln:gmNazwa><sln:miejscIIPId>10bee5bd-b144-464d-9aa7-d72d0a81422c</sln:miejscIIPId><sln:miejscIIPPn>PL.PZGIK.200</sln:miejscIIPPn><sln:miejscIIPWersja>2017-04-18T14:08:53+02:00</sln:miejscIIPWersja><sln:miejscIdTeryt>0133385</sln:miejscIdTeryt><sln:miejscNazwa>Okrąglik</sln:miejscNazwa><sln:miejscRodzaj>Wieś</sln:miejscRodzaj><sln:powIIPId>a5fef4e5-9579-460f-84e2-daa56282f29a</sln:powIIPId><sln:powIIPPn>PL.PZGIK.200</sln:powIIPPn><sln:powIIPWersja>2012-09-27T09:34:20+02:00</sln:powIIPWersja><sln:powIdTeryt>2404</sln:powIdTeryt><sln:powNazwa>częstochowski</sln:powNazwa><sln:waznyOd>2015-02-02T00:00:00+01:00</sln:waznyOd><sln:wojIIPId>98a63fe6-1e56-4d05-9c47-ab4233f8a6ff</sln:wojIIPId><sln:wojIIPPn>PL.PZGIK.200</sln:wojIIPPn><sln:wojIIPWersja>2017-10-10T00:00:00+02:00</sln:wojIIPWersja><sln:wojIdTeryt>24</sln:wojIdTeryt><sln:wojNazwa>śląskie</sln:wojNazwa></sln:miejscowosc><sln:miejscowosc><sln:cyklZyciaOd>2017-04-18T00:00:00+02:00</sln:cyklZyciaOd><sln:gmIIPId>3c057761-f196-40e9-a6b2-b650a53a6c26</sln:gmIIPId><sln:gmIIPPn>PL.PZGIK.200</sln:gmIIPPn><sln:gmIIPWersja>2012-09-26T22:29:32+02:00</sln:gmIIPWersja><sln:gmIdTeryt>2404032</sln:gmIdTeryt><sln:gmNazwa>Janów</sln:gmNazwa><sln:miejscIIPId>6bff84bb-84aa-48ff-b793-94888d2b13eb</sln:miejscIIPId><sln:miejscIIPPn>PL.PZGIK.200</sln:miejscIIPPn><sln:miejscIIPWersja>2017-04-18T14:08:53+02:00</sln:miejscIIPWersja><sln:miejscIdTeryt>0133400</sln:miejscIdTeryt><sln:miejscNazwa>Pabianice</sln:miejscNazwa><sln:miejscRodzaj>Wieś</sln:miejscRodzaj><sln:powIIPId>a5fef4e5-9579-460f-84e2-daa56282f29a</sln:powIIPId><sln:powIIPPn>PL.PZGIK.200</sln:powIIPPn><sln:powIIPWersja>2012-09-27T09:34:20+02:00</sln:powIIPWersja><sln:powIdTeryt>2404</sln:powIdTeryt><sln:powNazwa>częstochowski</sln:powNazwa><sln:waznyOd>2015-02-02T00:00:00+01:00</sln:waznyOd><sln:wojIIPId>98a63fe6-1e56-4d05-9c47-ab4233f8a6ff</sln:wojIIPId><sln:wojIIPPn>PL.PZGIK.200</sln:wojIIPPn><sln:wojIIPWersja>2017-10-10T00:00:00+02:00</sln:wojIIPWersja><sln:wojIdTeryt>24</sln:wojIdTeryt><sln:wojNazwa>śląskie</sln:wojNazwa></sln:miejscowosc><sln:miejscowosc><sln:cyklZyciaOd>2017-04-18T00:00:00+02:00</sln:cyklZyciaOd><sln:gmIIPId>3c057761-f196-40e9-a6b2-b650a53a6c26</sln:gmIIPId><sln:gmIIPPn>PL.PZGIK.200</sln:gmIIPPn><sln:gmIIPWersja>2012-09-26T22:29:32+02:00</sln:gmIIPWersja><sln:gmIdTeryt>2404032</sln:gmIdTeryt><sln:gmNazwa>Janów</sln:gmNazwa><sln:miejscIIPId>77cb77b0-aabd-4ab7-9b5f-a3bae4021e62</sln:miejscIIPId><sln:miejscIIPPn>PL.PZGIK.200</sln:miejscIIPPn><sln:miejscIIPWersja>2017-04-18T14:08:53+02:00</sln:miejscIIPWersja><sln:miejscIdTeryt>0133422</sln:miejscIdTeryt><sln:miejscNazwa>Piasek</sln:miejscNazwa><sln:miejscRodzaj>Wieś</sln:miejscRodzaj><sln:powIIPId>a5fef4e5-9579-460f-84e2-daa56282f29a</sln:powIIPId><sln:powIIPPn>PL.PZGIK.200</sln:powIIPPn><sln:powIIPWersja>2012-09-27T09:34:20+02:00</sln:powIIPWersja><sln:powIdTeryt>2404</sln:powIdTeryt><sln:powNazwa>częstochowski</sln:powNazwa><sln:waznyOd>2015-02-02T00:00:00+01:00</sln:waznyOd><sln:wojIIPId>98a63fe6-1e56-4d05-9c47-ab4233f8a6ff</sln:wojIIPId><sln:wojIIPPn>PL.PZGIK.200</sln:wojIIPPn><sln:wojIIPWersja>2017-10-10T00:00:00+02:00</sln:wojIIPWersja><sln:wojIdTeryt>24</sln:wojIdTeryt><sln:wojNazwa>śląskie</sln:wojNazwa></sln:miejscowosc><sln:miejscowosc><sln:cyklZyciaOd>2017-04-18T00:00:00+02:00</sln:cyklZyciaOd><sln:gmIIPId>3c057761-f196-40e9-a6b2-b650a53a6c26</sln:gmIIPId><sln:gmIIPPn>PL.PZGIK.200</sln:gmIIPPn><sln:gmIIPWersja>2012-09-26T22:29:32+02:00</sln:gmIIPWersja><sln:gmIdTeryt>2404032</sln:gmIdTeryt><sln:gmNazwa>Janów</sln:gmNazwa><sln:miejscIIPId>f1088abf-189e-4e57-b31f-70d5177d7516</sln:miejscIIPId><sln:miejscIIPPn>PL.PZGIK.200</sln:miejscIIPPn><sln:miejscIIPWersja>2017-04-18T14:08:54+02:00</sln:miejscIIPWersja><sln:miejscIdTeryt>0133439</sln:miejscIdTeryt><sln:miejscNazwa>Ponik</sln:miejscNazwa><sln:miejscRodzaj>Wieś</sln:miejscRodzaj><sln:powIIPId>a5fef4e5-9579-460f-84e2-daa56282f29a</sln:powIIPId><sln:powIIPPn>PL.PZGIK.200</sln:powIIPPn><sln:powIIPWersja>2012-09-27T09:34:20+02:00</sln:powIIPWersja><sln:powIdTeryt>2404</sln:powIdTeryt><sln:powNazwa>częstochowski</sln:powNazwa><sln:waznyOd>2015-02-02T00:00:00+01:00</sln:waznyOd><sln:wojIIPId>98a63fe6-1e56-4d05-9c47-ab4233f8a6ff</sln:wojIIPId><sln:wojIIPPn>PL.PZGIK.200</sln:wojIIPPn><sln:wojIIPWersja>2017-10-10T00:00:00+02:00</sln:wojIIPWersja><sln:wojIdTeryt>24</sln:wojIdTeryt><sln:wojNazwa>śląskie</sln:wojNazwa></sln:miejscowosc><sln:miejscowosc><sln:cyklZyciaOd>2017-04-18T00:00:00+02:00</sln:cyklZyciaOd><sln:gmIIPId>3c057761-f196-40e9-a6b2-b650a53a6c26</sln:gmIIPId><sln:gmIIPPn>PL.PZGIK.200</sln:gmIIPPn><sln:gmIIPWersja>2012-09-26T22:29:32+02:00</sln:gmIIPWersja><sln:gmIdTeryt>2404032</sln:gmIdTeryt><sln:gmNazwa>Janów</sln:gmNazwa><sln:miejscIIPId>e7ae117b-3f87-4373-8bec-27c49d2f5ca6</sln:miejscIIPId><sln:miejscIIPPn>PL.PZGIK.200</sln:miejscIIPPn><sln:miejscIIPWersja>2017-04-18T14:08:54+02:00</sln:miejscIIPWersja><sln:miejscIdTeryt>0133451</sln:miejscIdTeryt><sln:miejscNazwa>Złoty Potok</sln:miejscNazwa><sln:miejscRodzaj>Wieś</sln:miejscRodzaj><sln:powIIPId>a5fef4e5-9579-460f-84e2-daa56282f29a</sln:powIIPId><sln:powIIPPn>PL.PZGIK.200</sln:powIIPPn><sln:powIIPWersja>2012-09-27T09:34:20+02:00</sln:powIIPWersja><sln:powIdTeryt>2404</sln:powIdTeryt><sln:powNazwa>częstochowski</sln:powNazwa><sln:waznyOd>2015-02-02T00:00:00+01:00</sln:waznyOd><sln:wojIIPId>98a63fe6-1e56-4d05-9c47-ab4233f8a6ff</sln:wojIIPId><sln:wojIIPPn>PL.PZGIK.200</sln:wojIIPPn><sln:wojIIPWersja>2017-10-10T00:00:00+02:00</sln:wojIIPWersja><sln:wojIdTeryt>24</sln:wojIdTeryt><sln:wojNazwa>śląskie</sln:wojNazwa></sln:miejscowosc><sln:miejscowosc><sln:cyklZyciaOd>2017-04-18T00:00:00+02:00</sln:cyklZyciaOd><sln:gmIIPId>3c057761-f196-40e9-a6b2-b650a53a6c26</sln:gmIIPId><sln:gmIIPPn>PL.PZGIK.200</sln:gmIIPPn><sln:gmIIPWersja>2012-09-26T22:29:32+02:00</sln:gmIIPWersja><sln:gmIdTeryt>2404032</sln:gmIdTeryt><sln:gmNazwa>Janów</sln:gmNazwa><sln:miejscIIPId>5f852afe-44ea-406e-ae4b-50da2e374fa8</sln:miejscIIPId><sln:miejscIIPPn>PL.PZGIK.200</sln:miejscIIPPn><sln:miejscIIPWersja>2017-04-18T14:08:54+02:00</sln:miejscIIPWersja><sln:miejscIdTeryt>0133534</sln:miejscIdTeryt><sln:miejscNazwa>Siedlec</sln:miejscNazwa><sln:miejscRodzaj>Wieś</sln:miejscRodzaj><sln:powIIPId>a5fef4e5-9579-460f-84e2-daa56282f29a</sln:powIIPId><sln:powIIPPn>PL.PZGIK.200</sln:powIIPPn><sln:powIIPWersja>2012-09-27T09:34:20+02:00</sln:powIIPWersja><sln:powIdTeryt>2404</sln:powIdTeryt><sln:powNazwa>częstochowski</sln:powNazwa><sln:waznyOd>2015-02-02T00:00:00+01:00</sln:waznyOd><sln:wojIIPId>98a63fe6-1e56-4d05-9c47-ab4233f8a6ff</sln:wojIIPId><sln:wojIIPPn>PL.PZGIK.200</sln:wojIIPPn><sln:wojIIPWersja>2017-10-10T00:00:00+02:00</sln:wojIIPWersja><sln:wojIdTeryt>24</sln:wojIdTeryt><sln:wojNazwa>śląskie</sln:wojNazwa></sln:miejscowosc><sln:miejscowosc><sln:cyklZyciaOd>2017-04-18T00:00:00+02:00</sln:cyklZyciaOd><sln:gmIIPId>3c057761-f196-40e9-a6b2-b650a53a6c26</sln:gmIIPId><sln:gmIIPPn>PL.PZGIK.200</sln:gmIIPPn><sln:gmIIPWersja>2012-09-26T22:29:32+02:00</sln:gmIIPWersja><sln:gmIdTeryt>2404032</sln:gmIdTeryt><sln:gmNazwa>Janów</sln:gmNazwa><sln:miejscIIPId>b9cb7eda-d270-4764-82b8-f5503a2691c0</sln:miejscIIPId><sln:miejscIIPPn>PL.PZGIK.200</sln:miejscIIPPn><sln:miejscIIPWersja>2017-04-18T14:08:54+02:00</sln:miejscIIPWersja><sln:miejscIdTeryt>0133570</sln:miejscIdTeryt><sln:miejscNazwa>Skowronów</sln:miejscNazwa><sln:miejscRodzaj>Wieś</sln:miejscRodzaj><sln:powIIPId>a5fef4e5-9579-460f-84e2-daa56282f29a</sln:powIIPId><sln:powIIPPn>PL.PZGIK.200</sln:powIIPPn><sln:powIIPWersja>2012-09-27T09:34:20+02:00</sln:powIIPWersja><sln:powIdTeryt>2404</sln:powIdTeryt><sln:powNazwa>częstochowski</sln:powNazwa><sln:waznyOd>2015-02-02T00:00:00+01:00</sln:waznyOd><sln:wojIIPId>98a63fe6-1e56-4d05-9c47-ab4233f8a6ff</sln:wojIIPId><sln:wojIIPPn>PL.PZGIK.200</sln:wojIIPPn><sln:wojIIPWersja>2017-10-10T00:00:00+02:00</sln:wojIIPWersja><sln:wojIdTeryt>24</sln:wojIdTeryt><sln:wojNazwa>śląskie</sln:wojNazwa></sln:miejscowosc><sln:miejscowosc><sln:cyklZyciaOd>2017-04-18T00:00:00+02:00</sln:cyklZyciaOd><sln:gmIIPId>3c057761-f196-40e9-a6b2-b650a53a6c26</sln:gmIIPId><sln:gmIIPPn>PL.PZGIK.200</sln:gmIIPPn><sln:gmIIPWersja>2012-09-26T22:29:32+02:00</sln:gmIIPWersja><sln:gmIdTeryt>2404032</sln:gmIdTeryt><sln:gmNazwa>Janów</sln:gmNazwa><sln:miejscIIPId>8a7f66f4-dbaf-4817-b209-a0d9d04e46e2</sln:miejscIIPId><sln:miejscIIPPn>PL.PZGIK.200</sln:miejscIIPPn><sln:miejscIIPWersja>2017-04-18T14:08:54+02:00</sln:miejscIIPWersja><sln:miejscIdTeryt>0133586</sln:miejscIdTeryt><sln:miejscNazwa>Sokole Pole</sln:miejscNazwa><sln:miejscRodzaj>Wieś</sln:miejscRodzaj><sln:powIIPId>a5fef4e5-9579-460f-84e2-daa56282f29a</sln:powIIPId><sln:powIIPPn>PL.PZGIK.200</sln:powIIPPn><sln:powIIPWersja>2012-09-27T09:34:20+02:00</sln:powIIPWersja><sln:powIdTeryt>2404</sln:powIdTeryt><sln:powNazwa>częstochowski</sln:powNazwa><sln:waznyOd>2015-02-02T00:00:00+01:00</sln:waznyOd><sln:wojIIPId>98a63fe6-1e56-4d05-9c47-ab4233f8a6ff</sln:wojIIPId><sln:wojIIPPn>PL.PZGIK.200</sln:wojIIPPn><sln:wojIIPWersja>2017-10-10T00:00:00+02:00</sln:wojIIPWersja><sln:wojIdTeryt>24</sln:wojIdTeryt><sln:wojNazwa>śląskie</sln:wojNazwa></sln:miejscowosc><sln:miejscowosc><sln:cyklZyciaOd>2017-04-18T00:00:00+02:00</sln:cyklZyciaOd><sln:gmIIPId>3c057761-f196-40e9-a6b2-b650a53a6c26</sln:gmIIPId><sln:gmIIPPn>PL.PZGIK.200</sln:gmIIPPn><sln:gmIIPWersja>2012-09-26T22:29:32+02:00</sln:gmIIPWersja><sln:gmIdTeryt>2404032</sln:gmIdTeryt><sln:gmNazwa>Janów</sln:gmNazwa><sln:miejscIIPId>6e1032c1-37a8-4dd6-ab48-96f4bbf28be9</sln:miejscIIPId><sln:miejscIIPPn>PL.PZGIK.200</sln:miejscIIPPn><sln:miejscIIPWersja>2017-04-18T14:08:54+02:00</sln:miejscIIPWersja><sln:miejscIdTeryt>0133592</sln:miejscIdTeryt><sln:miejscNazwa>Teodorów</sln:miejscNazwa><sln:miejscRodzaj>Wieś</sln:miejscRodzaj><sln:powIIPId>a5fef4e5-9579-460f-84e2-daa56282f29a</sln:powIIPId><sln:powIIPPn>PL.PZGIK.200</sln:powIIPPn><sln:powIIPWersja>2012-09-27T09:34:20+02:00</sln:powIIPWersja><sln:powIdTeryt>2404</sln:powIdTeryt><sln:powNazwa>częstochowski</sln:powNazwa><sln:waznyOd>2015-02-02T00:00:00+01:00</sln:waznyOd><sln:wojIIPId>98a63fe6-1e56-4d05-9c47-ab4233f8a6ff</sln:wojIIPId><sln:wojIIPPn>PL.PZGIK.200</sln:wojIIPPn><sln:wojIIPWersja>2017-10-10T00:00:00+02:00</sln:wojIIPWersja><sln:wojIdTeryt>24</sln:wojIdTeryt><sln:wojNazwa>śląskie</sln:wojNazwa></sln:miejscowosc><sln:miejscowosc><sln:cyklZyciaOd>2017-04-18T00:00:00+02:00</sln:cyklZyciaOd><sln:gmIIPId>3c057761-f196-40e9-a6b2-b650a53a6c26</sln:gmIIPId><sln:gmIIPPn>PL.PZGIK.200</sln:gmIIPPn><sln:gmIIPWersja>2012-09-26T22:29:32+02:00</sln:gmIIPWersja><sln:gmIdTeryt>2404032</sln:gmIdTeryt><sln:gmNazwa>Janów</sln:gmNazwa><sln:miejscIIPId>6d3c8dcb-9367-46a5-945b-27fdedea400b</sln:miejscIIPId><sln:miejscIIPPn>PL.PZGIK.200</sln:miejscIIPPn><sln:miejscIIPWersja>2017-04-18T14:08:54+02:00</sln:miejscIIPWersja><sln:miejscIdTeryt>0133617</sln:miejscIdTeryt><sln:miejscNazwa>Zagórze</sln:miejscNazwa><sln:miejscRodzaj>Wieś</sln:miejscRodzaj><sln:powIIPId>a5fef4e5-9579-460f-84e2-daa56282f29a</sln:powIIPId><sln:powIIPPn>PL.PZGIK.200</sln:powIIPPn><sln:powIIPWersja>2012-09-27T09:34:20+02:00</sln:powIIPWersja><sln:powIdTeryt>2404</sln:powIdTeryt><sln:powNazwa>częstochowski</sln:powNazwa><sln:waznyOd>2015-02-02T00:00:00+01:00</sln:waznyOd><sln:wojIIPId>98a63fe6-1e56-4d05-9c47-ab4233f8a6ff</sln:wojIIPId><sln:wojIIPPn>PL.PZGIK.200</sln:wojIIPPn><sln:wojIIPWersja>2017-10-10T00:00:00+02:00</sln:wojIIPWersja><sln:wojIdTeryt>24</sln:wojIdTeryt><sln:wojNazwa>śląskie</sln:wojNazwa></sln:miejscowosc><sln:miejscowosc><sln:cyklZyciaOd>2017-04-18T00:00:00+02:00</sln:cyklZyciaOd><sln:gmIIPId>3c057761-f196-40e9-a6b2-b650a53a6c26</sln:gmIIPId><sln:gmIIPPn>PL.PZGIK.200</sln:gmIIPPn><sln:gmIIPWersja>2012-09-26T22:29:32+02:00</sln:gmIIPWersja><sln:gmIdTeryt>2404032</sln:gmIdTeryt><sln:gmNazwa>Janów</sln:gmNazwa><sln:miejscIIPId>5aeff0ac-dac0-4455-9a11-3a56a653fb4e</sln:miejscIIPId><sln:miejscIIPPn>PL.PZGIK.200</sln:miejscIIPPn><sln:miejscIIPWersja>2017-04-18T14:08:54+02:00</sln:miejscIIPWersja><sln:miejscIdTeryt>0133623</sln:miejscIdTeryt><sln:miejscNazwa>Żuraw</sln:miejscNazwa><sln:miejscRodzaj>Wieś</sln:miejscRodzaj><sln:powIIPId>a5fef4e5-9579-460f-84e2-daa56282f29a</sln:powIIPId><sln:powIIPPn>PL.PZGIK.200</sln:powIIPPn><sln:powIIPWersja>2012-09-27T09:34:20+02:00</sln:powIIPWersja><sln:powIdTeryt>2404</sln:powIdTeryt><sln:powNazwa>częstochowski</sln:powNazwa><sln:waznyOd>2015-02-02T00:00:00+01:00</sln:waznyOd><sln:wojIIPId>98a63fe6-1e56-4d05-9c47-ab4233f8a6ff</sln:wojIIPId><sln:wojIIPPn>PL.PZGIK.200</sln:wojIIPPn><sln:wojIIPWersja>2017-10-10T00:00:00+02:00</sln:wojIIPWersja><sln:wojIdTeryt>24</sln:wojIdTeryt><sln:wojNazwa>śląskie</sln:wojNazwa></sln:miejscowosc></sln:lista-miejscowosci>