<?xml version="1.0" encoding="UTF-8" standalone="yes"?><sln:lista-miejscowosci xmlns:srv="http://gugik.gov.pl/schemas/slowniki-service/1.0" xmlns:sln="http://gugik.gov.pl/schemas/slowniki-schema/1.0"><sln:miejscowosc><sln:cyklZyciaOd>2014-12-11T00:00:00+01:00</sln:cyklZyciaOd><sln:gmIIPId>ce973a94-f4dc-4914-b663-88c58a508bbc</sln:gmIIPId><sln:gmIIPPn>PL.PZGIK.200</sln:gmIIPPn><sln:gmIIPWersja>2012-09-26T22:25:55+02:00</sln:gmIIPWersja><sln:gmIdTeryt>2409053</sln:gmIdTeryt><sln:gmNazwa>Żarki</sln:gmNazwa><sln:miejscIIPId>c4b37629-45b0-4a9c-ba9f-b3ab41058bce</sln:miejscIIPId><sln:miejscIIPPn>PL.PZGIK.200</sln:miejscIIPPn><sln:miejscIIPWersja>2016-11-24T13:45:47+02:00</sln:miejscIIPWersja><sln:miejscIdTeryt>0147594</sln:miejscIdTeryt><sln:miejscNazwa>Pohulanka</sln:miejscNazwa><sln:miejscRodzaj>Inny obiekt</sln:miejscRodzaj><sln:powIIPId>84af16e4-82b9-4f34-a6a2-be81f68f8753</sln:powIIPId><sln:powIIPPn>PL.PZGIK.200</sln:powIIPPn><sln:powIIPWersja>2012-09-27T09:34:20+02:00</sln:powIIPWersja><sln:powIdTeryt>2409</sln:powIdTeryt><sln:powNazwa>myszkowski</sln:powNazwa><sln:wojIIPId>98a63fe6-1e56-4d05-9c47-ab4233f8a6ff</sln:wojIIPId><sln:wojIIPPn>PL.PZGIK.200</sln:wojIIPPn><sln:wojIIPWersja>2017-10-10T00:00:00+02:00</sln:wojIIPWersja><sln:wojIdTeryt>24</sln:wojIdTeryt><sln:wojNazwa>śląskie</sln:wojNazwa></sln:miejscowosc><sln:miejscowosc><sln:cyklZyciaOd>2014-12-11T00:00:00+01:00</sln:cyklZyciaOd><sln:gmIIPId>ce973a94-f4dc-4914-b663-88c58a508bbc</sln:gmIIPId><sln:gmIIPPn>PL.PZGIK.200</sln:gmIIPPn><sln:gmIIPWersja>2012-09-26T22:25:55+02:00</sln:gmIIPWersja><sln:gmIdTeryt>2409053</sln:gmIdTeryt><sln:gmNazwa>Żarki</sln:gmNazwa><sln:miejscIIPId>f8606794-8e6c-4dbe-8634-10e8cdb918f1</sln:miejscIIPId><sln:miejscIIPPn>PL.PZGIK.200</sln:miejscIIPPn><sln:miejscIIPWersja>2016-11-24T13:47:38+02:00</sln:miejscIIPWersja><sln:miejscIdTeryt>0147625</sln:miejscIdTeryt><sln:miejscNazwa>Podlesie</sln:miejscNazwa><sln:miejscRodzaj>Inny obiekt</sln:miejscRodzaj><sln:powIIPId>84af16e4-82b9-4f34-a6a2-be81f68f8753</sln:powIIPId><sln:powIIPPn>PL.PZGIK.200</sln:powIIPPn><sln:powIIPWersja>2012-09-27T09:34:20+02:00</sln:powIIPWersja><sln:powIdTeryt>2409</sln:powIdTeryt><sln:powNazwa>myszkowski</sln:powNazwa><sln:wojIIPId>98a63fe6-1e56-4d05-9c47-ab4233f8a6ff</sln:wojIIPId><sln:wojIIPPn>PL.PZGIK.200</sln:wojIIPPn><sln:wojIIPWersja>2017-10-10T00:00:00+02:00</sln:wojIIPWersja><sln:wojIdTeryt>24</sln:wojIdTeryt><sln:wojNazwa>śląskie</sln:wojNazwa></sln:miejscowosc><sln:miejscowosc><sln:cyklZyciaOd>2014-12-11T00:00:00+01:00</sln:cyklZyciaOd><sln:gmIIPId>ce973a94-f4dc-4914-b663-88c58a508bbc</sln:gmIIPId><sln:gmIIPPn>PL.PZGIK.200</sln:gmIIPPn><sln:gmIIPWersja>2012-09-26T22:25:55+02:00</sln:gmIIPWersja><sln:gmIdTeryt>2409053</sln:gmIdTeryt><sln:gmNazwa>Żarki</sln:gmNazwa><sln:miejscIIPId>ceb63ac6-ac54-42ae-89b4-9b6136f39465</sln:miejscIIPId><sln:miejscIIPPn>PL.PZGIK.200</sln:miejscIIPPn><sln:miejscIIPWersja>2016-11-24T13:45:47+02:00</sln:miejscIIPWersja><sln:miejscIdTeryt>0147588</sln:miejscIdTeryt><sln:miejscNazwa>Kępina Przybynowska</sln:miejscNazwa><sln:miejscRodzaj>Inny obiekt</sln:miejscRodzaj><sln:powIIPId>84af16e4-82b9-4f34-a6a2-be81f68f8753</sln:powIIPId><sln:powIIPPn>PL.PZGIK.200</sln:powIIPPn><sln:powIIPWersja>2012-09-27T09:34:20+02:00</sln:powIIPWersja><sln:powIdTeryt>2409</sln:powIdTeryt><sln:powNazwa>myszkowski</sln:powNazwa><sln:wojIIPId>98a63fe6-1e56-4d05-9c47-ab4233f8a6ff</sln:wojIIPId><sln:wojIIPPn>PL.PZGIK.200</sln:wojIIPPn><sln:wojIIPWersja>2017-10-10T00:00:00+02:00</sln:wojIIPWersja><sln:wojIdTeryt>24</sln:wojIdTeryt><sln:wojNazwa>śląskie</sln:wojNazwa></sln:miejscowosc><sln:miejscowosc><sln:cyklZyciaOd>2014-12-11T00:00:00+01:00</sln:cyklZyciaOd><sln:gmIIPId>ce973a94-f4dc-4914-b663-88c58a508bbc</sln:gmIIPId><sln:gmIIPPn>PL.PZGIK.200</sln:gmIIPPn><sln:gmIIPWersja>2012-09-26T22:25:55+02:00</sln:gmIIPWersja><sln:gmIdTeryt>2409053</sln:gmIdTeryt><sln:gmNazwa>Żarki</sln:gmNazwa><sln:miejscIIPId>cd111d04-392a-42d6-a9e6-67c2f68f903c</sln:miejscIIPId><sln:miejscIIPPn>PL.PZGIK.200</sln:miejscIIPPn><sln:miejscIIPWersja>2016-11-24T13:29:11+02:00</sln:miejscIIPWersja><sln:miejscIdTeryt>0147571</sln:miejscIdTeryt><sln:miejscNazwa>Przybynów</sln:miejscNazwa><sln:miejscRodzaj>Wieś</sln:miejscRodzaj><sln:powIIPId>84af16e4-82b9-4f34-a6a2-be81f68f8753</sln:powIIPId><sln:powIIPPn>PL.PZGIK.200</sln:powIIPPn><sln:powIIPWersja>2012-09-27T09:34:20+02:00</sln:powIIPWersja><sln:powIdTeryt>2409</sln:powIdTeryt><sln:powNazwa>myszkowski</sln:powNazwa><sln:wojIIPId>98a63fe6-1e56-4d05-9c47-ab4233f8a6ff</sln:wojIIPId><sln:wojIIPPn>PL.PZGIK.200</sln:wojIIPPn><sln:wojIIPWersja>2017-10-10T00:00:00+02:00</sln:wojIIPWersja><sln:wojIdTeryt>24</sln:wojIdTeryt><sln:wojNazwa>śląskie</sln:wojNazwa></sln:miejscowosc><sln:miejscowosc><sln:cyklZyciaOd>2014-12-11T00:00:00+01:00</sln:cyklZyciaOd><sln:gmIIPId>ce973a94-f4dc-4914-b663-88c58a508bbc</sln:gmIIPId><sln:gmIIPPn>PL.PZGIK.200</sln:gmIIPPn><sln:gmIIPWersja>2012-09-26T22:25:55+02:00</sln:gmIIPWersja><sln:gmIdTeryt>2409053</sln:gmIdTeryt><sln:gmNazwa>Żarki</sln:gmNazwa><sln:miejscIIPId>9cdc313c-3ee4-493c-8cbf-6860d4750dcb</sln:miejscIIPId><sln:miejscIIPPn>PL.PZGIK.200</sln:miejscIIPPn><sln:miejscIIPWersja>2016-11-24T13:31:42+02:00</sln:miejscIIPWersja><sln:miejscIdTeryt>0147619</sln:miejscIdTeryt><sln:miejscNazwa>Suliszowice</sln:miejscNazwa><sln:miejscRodzaj>Wieś</sln:miejscRodzaj><sln:powIIPId>84af16e4-82b9-4f34-a6a2-be81f68f8753</sln:powIIPId><sln:powIIPPn>PL.PZGIK.200</sln:powIIPPn><sln:powIIPWersja>2012-09-27T09:34:20+02:00</sln:powIIPWersja><sln:powIdTeryt>2409</sln:powIdTeryt><sln:powNazwa>myszkowski</sln:powNazwa><sln:wojIIPId>98a63fe6-1e56-4d05-9c47-ab4233f8a6ff</sln:wojIIPId><sln:wojIIPPn>PL.PZGIK.200</sln:wojIIPPn><sln:wojIIPWersja>2017-10-10T00:00:00+02:00</sln:wojIIPWersja><sln:wojIdTeryt>24</sln:wojIdTeryt><sln:wojNazwa>śląskie</sln:wojNazwa></sln:miejscowosc><sln:miejscowosc><sln:cyklZyciaOd>2014-12-11T00:00:00+01:00</sln:cyklZyciaOd><sln:gmIIPId>ce973a94-f4dc-4914-b663-88c58a508bbc</sln:gmIIPId><sln:gmIIPPn>PL.PZGIK.200</sln:gmIIPPn><sln:gmIIPWersja>2012-09-26T22:25:55+02:00</sln:gmIIPWersja><sln:gmIdTeryt>2409053</sln:gmIdTeryt><sln:gmNazwa>Żarki</sln:gmNazwa><sln:miejscIIPId>dd60d424-5ce7-4165-b22e-900bdfde81d9</sln:miejscIIPId><sln:miejscIIPPn>PL.PZGIK.200</sln:miejscIIPPn><sln:miejscIIPWersja>2016-11-24T13:38:35+02:00</sln:miejscIIPWersja><sln:miejscIdTeryt>0147499</sln:miejscIdTeryt><sln:miejscNazwa>Jaroszów</sln:miejscNazwa><sln:miejscRodzaj>Wieś</sln:miejscRodzaj><sln:powIIPId>84af16e4-82b9-4f34-a6a2-be81f68f8753</sln:powIIPId><sln:powIIPPn>PL.PZGIK.200</sln:powIIPPn><sln:powIIPWersja>2012-09-27T09:34:20+02:00</sln:powIIPWersja><sln:powIdTeryt>2409</sln:powIdTeryt><sln:powNazwa>myszkowski</sln:powNazwa><sln:wojIIPId>98a63fe6-1e56-4d05-9c47-ab4233f8a6ff</sln:wojIIPId><sln:wojIIPPn>PL.PZGIK.200</sln:wojIIPPn><sln:wojIIPWersja>2017-10-10T00:00:00+02:00</sln:wojIIPWersja><sln:wojIdTeryt>24</sln:wojIdTeryt><sln:wojNazwa>śląskie</sln:wojNazwa></sln:miejscowosc><sln:miejscowosc><sln:cyklZyciaOd>2014-12-11T00:00:00+01:00</sln:cyklZyciaOd><sln:gmIIPId>ce973a94-f4dc-4914-b663-88c58a508bbc</sln:gmIIPId><sln:gmIIPPn>PL.PZGIK.200</sln:gmIIPPn><sln:gmIIPWersja>2012-09-26T22:25:55+02:00</sln:gmIIPWersja><sln:gmIdTeryt>2409053</sln:gmIdTeryt><sln:gmNazwa>Żarki</sln:gmNazwa><sln:miejscIIPId>e6383f60-7793-4db4-a170-8f129e509e67</sln:miejscIIPId><sln:miejscIIPPn>PL.PZGIK.200</sln:miejscIIPPn><sln:miejscIIPWersja>2016-11-24T13:51:17+02:00</sln:miejscIIPWersja><sln:miejscIdTeryt>0932650</sln:miejscIdTeryt><sln:miejscNazwa>Czarka</sln:miejscNazwa><sln:miejscRodzaj>Inny obiekt</sln:miejscRodzaj><sln:powIIPId>84af16e4-82b9-4f34-a6a2-be81f68f8753</sln:powIIPId><sln:powIIPPn>PL.PZGIK.200</sln:powIIPPn><sln:powIIPWersja>2012-09-27T09:34:20+02:00</sln:powIIPWersja><sln:powIdTeryt>2409</sln:powIdTeryt><sln:powNazwa>myszkowski</sln:powNazwa><sln:wojIIPId>98a63fe6-1e56-4d05-9c47-ab4233f8a6ff</sln:wojIIPId><sln:wojIIPPn>PL.PZGIK.200</sln:wojIIPPn><sln:wojIIPWersja>2017-10-10T00:00:00+02:00</sln:wojIIPWersja><sln:wojIdTeryt>24</sln:wojIdTeryt><sln:wojNazwa>śląskie</sln:wojNazwa></sln:miejscowosc><sln:miejscowosc><sln:cyklZyciaOd>2014-12-11T00:00:00+01:00</sln:cyklZyciaOd><sln:gmIIPId>ce973a94-f4dc-4914-b663-88c58a508bbc</sln:gmIIPId><sln:gmIIPPn>PL.PZGIK.200</sln:gmIIPPn><sln:gmIIPWersja>2012-09-26T22:25:55+02:00</sln:gmIIPWersja><sln:gmIdTeryt>2409053</sln:gmIdTeryt><sln:gmNazwa>Żarki</sln:gmNazwa><sln:miejscIIPId>5f409a69-0ecb-4d4c-b49f-5d611d8e7844</sln:miejscIIPId><sln:miejscIIPPn>PL.PZGIK.200</sln:miejscIIPPn><sln:miejscIIPWersja>2016-11-24T13:56:02+02:00</sln:miejscIIPWersja><sln:miejscIdTeryt>0147536</sln:miejscIdTeryt><sln:miejscNazwa>Kotowice-Kolonia</sln:miejscNazwa><sln:miejscRodzaj>Inny obiekt</sln:miejscRodzaj><sln:powIIPId>84af16e4-82b9-4f34-a6a2-be81f68f8753</sln:powIIPId><sln:powIIPPn>PL.PZGIK.200</sln:powIIPPn><sln:powIIPWersja>2012-09-27T09:34:20+02:00</sln:powIIPWersja><sln:powIdTeryt>2409</sln:powIdTeryt><sln:powNazwa>myszkowski</sln:powNazwa><sln:wojIIPId>98a63fe6-1e56-4d05-9c47-ab4233f8a6ff</sln:wojIIPId><sln:wojIIPPn>PL.PZGIK.200</sln:wojIIPPn><sln:wojIIPWersja>2017-10-10T00:00:00+02:00</sln:wojIIPWersja><sln:wojIdTeryt>24</sln:wojIdTeryt><sln:wojNazwa>śląskie</sln:wojNazwa></sln:miejscowosc><sln:miejscowosc><sln:cyklZyciaOd>2014-12-11T00:00:00+01:00</sln:cyklZyciaOd><sln:gmIIPId>ce973a94-f4dc-4914-b663-88c58a508bbc</sln:gmIIPId><sln:gmIIPPn>PL.PZGIK.200</sln:gmIIPPn><sln:gmIIPWersja>2012-09-26T22:25:55+02:00</sln:gmIIPWersja><sln:gmIdTeryt>2409053</sln:gmIdTeryt><sln:gmNazwa>Żarki</sln:gmNazwa><sln:miejscIIPId>9d28550b-5d74-437b-a3d8-2c6be9ae275d</sln:miejscIIPId><sln:miejscIIPPn>PL.PZGIK.200</sln:miejscIIPPn><sln:miejscIIPWersja>2016-11-24T13:47:38+02:00</sln:miejscIIPWersja><sln:miejscIdTeryt>0147648</sln:miejscIdTeryt><sln:miejscNazwa>Zastudnie</sln:miejscNazwa><sln:miejscRodzaj>Inny obiekt</sln:miejscRodzaj><sln:powIIPId>84af16e4-82b9-4f34-a6a2-be81f68f8753</sln:powIIPId><sln:powIIPPn>PL.PZGIK.200</sln:powIIPPn><sln:powIIPWersja>2012-09-27T09:34:20+02:00</sln:powIIPWersja><sln:powIdTeryt>2409</sln:powIdTeryt><sln:powNazwa>myszkowski</sln:powNazwa><sln:wojIIPId>98a63fe6-1e56-4d05-9c47-ab4233f8a6ff</sln:wojIIPId><sln:wojIIPPn>PL.PZGIK.200</sln:wojIIPPn><sln:wojIIPWersja>2017-10-10T00:00:00+02:00</sln:wojIIPWersja><sln:wojIdTeryt>24</sln:wojIdTeryt><sln:wojNazwa>śląskie</sln:wojNazwa></sln:miejscowosc><sln:miejscowosc><sln:cyklZyciaOd>2014-12-11T00:00:00+01:00</sln:cyklZyciaOd><sln:gmIIPId>ce973a94-f4dc-4914-b663-88c58a508bbc</sln:gmIIPId><sln:gmIIPPn>PL.PZGIK.200</sln:gmIIPPn><sln:gmIIPWersja>2012-09-26T22:25:55+02:00</sln:gmIIPWersja><sln:gmIdTeryt>2409053</sln:gmIdTeryt><sln:gmNazwa>Żarki</sln:gmNazwa><sln:miejscIIPId>0be2d691-be52-4630-88b9-9e2643e9c069</sln:miejscIIPId><sln:miejscIIPPn>PL.PZGIK.200</sln:miejscIIPPn><sln:miejscIIPWersja>2016-11-24T13:34:37+02:00</sln:miejscIIPWersja><sln:miejscIdTeryt>0147720</sln:miejscIdTeryt><sln:miejscNazwa>Zawada</sln:miejscNazwa><sln:miejscRodzaj>Wieś</sln:miejscRodzaj><sln:powIIPId>84af16e4-82b9-4f34-a6a2-be81f68f8753</sln:powIIPId><sln:powIIPPn>PL.PZGIK.200</sln:powIIPPn><sln:powIIPWersja>2012-09-27T09:34:20+02:00</sln:powIIPWersja><sln:powIdTeryt>2409</sln:powIdTeryt><sln:powNazwa>myszkowski</sln:powNazwa><sln:wojIIPId>98a63fe6-1e56-4d05-9c47-ab4233f8a6ff</sln:wojIIPId><sln:wojIIPPn>PL.PZGIK.200</sln:wojIIPPn><sln:wojIIPWersja>2017-10-10T00:00:00+02:00</sln:wojIIPWersja><sln:wojIdTeryt>24</sln:wojIdTeryt><sln:wojNazwa>śląskie</sln:wojNazwa></sln:miejscowosc><sln:miejscowosc><sln:cyklZyciaOd>2014-12-11T00:00:00+01:00</sln:cyklZyciaOd><sln:gmIIPId>ce973a94-f4dc-4914-b663-88c58a508bbc</sln:gmIIPId><sln:gmIIPPn>PL.PZGIK.200</sln:gmIIPPn><sln:gmIIPWersja>2012-09-26T22:25:55+02:00</sln:gmIIPWersja><sln:gmIdTeryt>2409053</sln:gmIdTeryt><sln:gmNazwa>Żarki</sln:gmNazwa><sln:miejscIIPId>4c7590a9-e89f-4b1a-a10e-644091710395</sln:miejscIIPId><sln:miejscIIPPn>PL.PZGIK.200</sln:miejscIIPPn><sln:miejscIIPWersja>2016-11-24T13:47:38+02:00</sln:miejscIIPWersja><sln:miejscIdTeryt>0147631</sln:miejscIdTeryt><sln:miejscNazwa>Szczypie</sln:miejscNazwa><sln:miejscRodzaj>Inny obiekt</sln:miejscRodzaj><sln:powIIPId>84af16e4-82b9-4f34-a6a2-be81f68f8753</sln:powIIPId><sln:powIIPPn>PL.PZGIK.200</sln:powIIPPn><sln:powIIPWersja>2012-09-27T09:34:20+02:00</sln:powIIPWersja><sln:powIdTeryt>2409</sln:powIdTeryt><sln:powNazwa>myszkowski</sln:powNazwa><sln:wojIIPId>98a63fe6-1e56-4d05-9c47-ab4233f8a6ff</sln:wojIIPId><sln:wojIIPPn>PL.PZGIK.200</sln:wojIIPPn><sln:wojIIPWersja>2017-10-10T00:00:00+02:00</sln:wojIIPWersja><sln:wojIdTeryt>24</sln:wojIdTeryt><sln:wojNazwa>śląskie</sln:wojNazwa></sln:miejscowosc><sln:miejscowosc><sln:cyklZyciaOd>2014-12-11T00:00:00+01:00</sln:cyklZyciaOd><sln:gmIIPId>ce973a94-f4dc-4914-b663-88c58a508bbc</sln:gmIIPId><sln:gmIIPPn>PL.PZGIK.200</sln:gmIIPPn><sln:gmIIPWersja>2012-09-26T22:25:55+02:00</sln:gmIIPWersja><sln:gmIdTeryt>2409053</sln:gmIdTeryt><sln:gmNazwa>Żarki</sln:gmNazwa><sln:miejscIIPId>cc07c9ab-0b89-463f-ae06-3a073434eb41</sln:miejscIIPId><sln:miejscIIPPn>PL.PZGIK.200</sln:miejscIIPPn><sln:miejscIIPWersja>2016-11-24T13:50:43+02:00</sln:miejscIIPWersja><sln:miejscIdTeryt>0147677</sln:miejscIdTeryt><sln:miejscNazwa>Józefów</sln:miejscNazwa><sln:miejscRodzaj>Inny obiekt</sln:miejscRodzaj><sln:powIIPId>84af16e4-82b9-4f34-a6a2-be81f68f8753</sln:powIIPId><sln:powIIPPn>PL.PZGIK.200</sln:powIIPPn><sln:powIIPWersja>2012-09-27T09:34:20+02:00</sln:powIIPWersja><sln:powIdTeryt>2409</sln:powIdTeryt><sln:powNazwa>myszkowski</sln:powNazwa><sln:wojIIPId>98a63fe6-1e56-4d05-9c47-ab4233f8a6ff</sln:wojIIPId><sln:wojIIPPn>PL.PZGIK.200</sln:wojIIPPn><sln:wojIIPWersja>2017-10-10T00:00:00+02:00</sln:wojIIPWersja><sln:wojIdTeryt>24</sln:wojIdTeryt><sln:wojNazwa>śląskie</sln:wojNazwa></sln:miejscowosc><sln:miejscowosc><sln:cyklZyciaOd>2014-12-11T00:00:00+01:00</sln:cyklZyciaOd><sln:gmIIPId>ce973a94-f4dc-4914-b663-88c58a508bbc</sln:gmIIPId><sln:gmIIPPn>PL.PZGIK.200</sln:gmIIPPn><sln:gmIIPWersja>2012-09-26T22:25:55+02:00</sln:gmIIPWersja><sln:gmIdTeryt>2409053</sln:gmIdTeryt><sln:gmNazwa>Żarki</sln:gmNazwa><sln:miejscIIPId>ba42e083-f224-4bc3-a4fc-43686b01436a</sln:miejscIIPId><sln:miejscIIPPn>PL.PZGIK.200</sln:miejscIIPPn><sln:miejscIIPWersja>2016-11-24T13:51:17+02:00</sln:miejscIIPWersja><sln:miejscIdTeryt>0932689</sln:miejscIdTeryt><sln:miejscNazwa>Połomia Żarecka</sln:miejscNazwa><sln:miejscRodzaj>Inny obiekt</sln:miejscRodzaj><sln:powIIPId>84af16e4-82b9-4f34-a6a2-be81f68f8753</sln:powIIPId><sln:powIIPPn>PL.PZGIK.200</sln:powIIPPn><sln:powIIPWersja>2012-09-27T09:34:20+02:00</sln:powIIPWersja><sln:powIdTeryt>2409</sln:powIdTeryt><sln:powNazwa>myszkowski</sln:powNazwa><sln:wojIIPId>98a63fe6-1e56-4d05-9c47-ab4233f8a6ff</sln:wojIIPId><sln:wojIIPPn>PL.PZGIK.200</sln:wojIIPPn><sln:wojIIPWersja>2017-10-10T00:00:00+02:00</sln:wojIIPWersja><sln:wojIdTeryt>24</sln:wojIdTeryt><sln:wojNazwa>śląskie</sln:wojNazwa></sln:miejscowosc><sln:miejscowosc><sln:cyklZyciaOd>2014-12-11T00:00:00+01:00</sln:cyklZyciaOd><sln:gmIIPId>ce973a94-f4dc-4914-b663-88c58a508bbc</sln:gmIIPId><sln:gmIIPPn>PL.PZGIK.200</sln:gmIIPPn><sln:gmIIPWersja>2012-09-26T22:25:55+02:00</sln:gmIIPWersja><sln:gmIdTeryt>2409053</sln:gmIdTeryt><sln:gmNazwa>Żarki</sln:gmNazwa><sln:miejscIIPId>96819a40-050c-424d-a4d7-8a6782ed60ac</sln:miejscIIPId><sln:miejscIIPPn>PL.PZGIK.200</sln:miejscIIPPn><sln:miejscIIPWersja>2016-11-24T13:35:50+02:00</sln:miejscIIPWersja><sln:miejscIdTeryt>0147482</sln:miejscIdTeryt><sln:miejscNazwa>Czatachowa</sln:miejscNazwa><sln:miejscRodzaj>Wieś</sln:miejscRodzaj><sln:powIIPId>84af16e4-82b9-4f34-a6a2-be81f68f8753</sln:powIIPId><sln:powIIPPn>PL.PZGIK.200</sln:powIIPPn><sln:powIIPWersja>2012-09-27T09:34:20+02:00</sln:powIIPWersja><sln:powIdTeryt>2409</sln:powIdTeryt><sln:powNazwa>myszkowski</sln:powNazwa><sln:wojIIPId>98a63fe6-1e56-4d05-9c47-ab4233f8a6ff</sln:wojIIPId><sln:wojIIPPn>PL.PZGIK.200</sln:wojIIPPn><sln:wojIIPWersja>2017-10-10T00:00:00+02:00</sln:wojIIPWersja><sln:wojIdTeryt>24</sln:wojIdTeryt><sln:wojNazwa>śląskie</sln:wojNazwa></sln:miejscowosc><sln:miejscowosc><sln:cyklZyciaOd>2014-12-11T00:00:00+01:00</sln:cyklZyciaOd><sln:gmIIPId>ce973a94-f4dc-4914-b663-88c58a508bbc</sln:gmIIPId><sln:gmIIPPn>PL.PZGIK.200</sln:gmIIPPn><sln:gmIIPWersja>2012-09-26T22:25:55+02:00</sln:gmIIPWersja><sln:gmIdTeryt>2409053</sln:gmIdTeryt><sln:gmNazwa>Żarki</sln:gmNazwa><sln:miejscIIPId>a5ff6c72-58a9-462b-93e9-fe1013e49187</sln:miejscIIPId><sln:miejscIIPPn>PL.PZGIK.200</sln:miejscIIPPn><sln:miejscIIPWersja>2016-11-24T13:50:44+02:00</sln:miejscIIPWersja><sln:miejscIdTeryt>0147708</sln:miejscIdTeryt><sln:miejscNazwa>Masłoniowizna</sln:miejscNazwa><sln:miejscRodzaj>Inny obiekt</sln:miejscRodzaj><sln:powIIPId>84af16e4-82b9-4f34-a6a2-be81f68f8753</sln:powIIPId><sln:powIIPPn>PL.PZGIK.200</sln:powIIPPn><sln:powIIPWersja>2012-09-27T09:34:20+02:00</sln:powIIPWersja><sln:powIdTeryt>2409</sln:powIdTeryt><sln:powNazwa>myszkowski</sln:powNazwa><sln:wojIIPId>98a63fe6-1e56-4d05-9c47-ab4233f8a6ff</sln:wojIIPId><sln:wojIIPPn>PL.PZGIK.200</sln:wojIIPPn><sln:wojIIPWersja>2017-10-10T00:00:00+02:00</sln:wojIIPWersja><sln:wojIdTeryt>24</sln:wojIdTeryt><sln:wojNazwa>śląskie</sln:wojNazwa></sln:miejscowosc><sln:miejscowosc><sln:cyklZyciaOd>2014-12-11T00:00:00+01:00</sln:cyklZyciaOd><sln:gmIIPId>ce973a94-f4dc-4914-b663-88c58a508bbc</sln:gmIIPId><sln:gmIIPPn>PL.PZGIK.200</sln:gmIIPPn><sln:gmIIPWersja>2012-09-26T22:25:55+02:00</sln:gmIIPWersja><sln:gmIdTeryt>2409053</sln:gmIdTeryt><sln:gmNazwa>Żarki</sln:gmNazwa><sln:miejscIIPId>42a79c1b-f949-4c32-8ac9-3a09f00cf634</sln:miejscIIPId><sln:miejscIIPPn>PL.PZGIK.200</sln:miejscIIPPn><sln:miejscIIPWersja>2016-11-24T13:40:01+02:00</sln:miejscIIPWersja><sln:miejscIdTeryt>0147520</sln:miejscIdTeryt><sln:miejscNazwa>Kotowice</sln:miejscNazwa><sln:miejscRodzaj>Wieś</sln:miejscRodzaj><sln:powIIPId>84af16e4-82b9-4f34-a6a2-be81f68f8753</sln:powIIPId><sln:powIIPPn>PL.PZGIK.200</sln:powIIPPn><sln:powIIPWersja>2012-09-27T09:34:20+02:00</sln:powIIPWersja><sln:powIdTeryt>2409</sln:powIdTeryt><sln:powNazwa>myszkowski</sln:powNazwa><sln:wojIIPId>98a63fe6-1e56-4d05-9c47-ab4233f8a6ff</sln:wojIIPId><sln:wojIIPPn>PL.PZGIK.200</sln:wojIIPPn><sln:wojIIPWersja>2017-10-10T00:00:00+02:00</sln:wojIIPWersja><sln:wojIdTeryt>24</sln:wojIdTeryt><sln:wojNazwa>śląskie</sln:wojNazwa></sln:miejscowosc><sln:miejscowosc><sln:cyklZyciaOd>2014-12-11T00:00:00+01:00</sln:cyklZyciaOd><sln:gmIIPId>ce973a94-f4dc-4914-b663-88c58a508bbc</sln:gmIIPId><sln:gmIIPPn>PL.PZGIK.200</sln:gmIIPPn><sln:gmIIPWersja>2012-09-26T22:25:55+02:00</sln:gmIIPWersja><sln:gmIdTeryt>2409053</sln:gmIdTeryt><sln:gmNazwa>Żarki</sln:gmNazwa><sln:miejscIIPId>2d4b1fac-04d0-474b-b3e2-b187271a8a6b</sln:miejscIIPId><sln:miejscIIPPn>PL.PZGIK.200</sln:miejscIIPPn><sln:miejscIIPWersja>2016-11-24T13:54:59+02:00</sln:miejscIIPWersja><sln:miejscIdTeryt>0147513</sln:miejscIdTeryt><sln:miejscNazwa>Masłoń</sln:miejscNazwa><sln:miejscRodzaj>Inny obiekt</sln:miejscRodzaj><sln:powIIPId>84af16e4-82b9-4f34-a6a2-be81f68f8753</sln:powIIPId><sln:powIIPPn>PL.PZGIK.200</sln:powIIPPn><sln:powIIPWersja>2012-09-27T09:34:20+02:00</sln:powIIPWersja><sln:powIdTeryt>2409</sln:powIdTeryt><sln:powNazwa>myszkowski</sln:powNazwa><sln:wojIIPId>98a63fe6-1e56-4d05-9c47-ab4233f8a6ff</sln:wojIIPId><sln:wojIIPPn>PL.PZGIK.200</sln:wojIIPPn><sln:wojIIPWersja>2017-10-10T00:00:00+02:00</sln:wojIIPWersja><sln:wojIdTeryt>24</sln:wojIdTeryt><sln:wojNazwa>śląskie</sln:wojNazwa></sln:miejscowosc><sln:miejscowosc><sln:cyklZyciaOd>2014-12-11T00:00:00+01:00</sln:cyklZyciaOd><sln:gmIIPId>ce973a94-f4dc-4914-b663-88c58a508bbc</sln:gmIIPId><sln:gmIIPPn>PL.PZGIK.200</sln:gmIIPPn><sln:gmIIPWersja>2012-09-26T22:25:55+02:00</sln:gmIIPWersja><sln:gmIdTeryt>2409053</sln:gmIdTeryt><sln:gmNazwa>Żarki</sln:gmNazwa><sln:miejscIIPId>cee82015-eebb-4e6b-8dcb-90979c88e2c3</sln:miejscIIPId><sln:miejscIIPPn>PL.PZGIK.200</sln:miejscIIPPn><sln:miejscIIPWersja>2016-11-24T13:34:59+02:00</sln:miejscIIPWersja><sln:miejscIdTeryt>0932643</sln:miejscIdTeryt><sln:miejscNazwa>Żarki</sln:miejscNazwa><sln:miejscRodzaj>Miasto</sln:miejscRodzaj><sln:powIIPId>84af16e4-82b9-4f34-a6a2-be81f68f8753</sln:powIIPId><sln:powIIPPn>PL.PZGIK.200</sln:powIIPPn><sln:powIIPWersja>2012-09-27T09:34:20+02:00</sln:powIIPWersja><sln:powIdTeryt>2409</sln:powIdTeryt><sln:powNazwa>myszkowski</sln:powNazwa><sln:wojIIPId>98a63fe6-1e56-4d05-9c47-ab4233f8a6ff</sln:wojIIPId><sln:wojIIPPn>PL.PZGIK.200</sln:wojIIPPn><sln:wojIIPWersja>2017-10-10T00:00:00+02:00</sln:wojIIPWersja><sln:wojIdTeryt>24</sln:wojIdTeryt><sln:wojNazwa>śląskie</sln:wojNazwa></sln:miejscowosc><sln:miejscowosc><sln:cyklZyciaOd>2014-12-11T00:00:00+01:00</sln:cyklZyciaOd><sln:gmIIPId>ce973a94-f4dc-4914-b663-88c58a508bbc</sln:gmIIPId><sln:gmIIPPn>PL.PZGIK.200</sln:gmIIPPn><sln:gmIIPWersja>2012-09-26T22:25:55+02:00</sln:gmIIPWersja><sln:gmIdTeryt>2409053</sln:gmIdTeryt><sln:gmNazwa>Żarki</sln:gmNazwa><sln:miejscIIPId>d41c86ac-cd03-4d92-8385-b8155a0ade0e</sln:miejscIIPId><sln:miejscIIPPn>PL.PZGIK.200</sln:miejscIIPPn><sln:miejscIIPWersja>2016-11-24T13:45:47+02:00</sln:miejscIIPWersja><sln:miejscIdTeryt>0147602</sln:miejscIdTeryt><sln:miejscNazwa>Tarnawa</sln:miejscNazwa><sln:miejscRodzaj>Inny obiekt</sln:miejscRodzaj><sln:powIIPId>84af16e4-82b9-4f34-a6a2-be81f68f8753</sln:powIIPId><sln:powIIPPn>PL.PZGIK.200</sln:powIIPPn><sln:powIIPWersja>2012-09-27T09:34:20+02:00</sln:powIIPWersja><sln:powIdTeryt>2409</sln:powIdTeryt><sln:powNazwa>myszkowski</sln:powNazwa><sln:wojIIPId>98a63fe6-1e56-4d05-9c47-ab4233f8a6ff</sln:wojIIPId><sln:wojIIPPn>PL.PZGIK.200</sln:wojIIPPn><sln:wojIIPWersja>2017-10-10T00:00:00+02:00</sln:wojIIPWersja><sln:wojIdTeryt>24</sln:wojIdTeryt><sln:wojNazwa>śląskie</sln:wojNazwa></sln:miejscowosc><sln:miejscowosc><sln:cyklZyciaOd>2014-12-11T00:00:00+01:00</sln:cyklZyciaOd><sln:gmIIPId>ce973a94-f4dc-4914-b663-88c58a508bbc</sln:gmIIPId><sln:gmIIPPn>PL.PZGIK.200</sln:gmIIPPn><sln:gmIIPWersja>2012-09-26T22:25:55+02:00</sln:gmIIPWersja><sln:gmIdTeryt>2409053</sln:gmIdTeryt><sln:gmNazwa>Żarki</sln:gmNazwa><sln:miejscIIPId>d814affa-52ba-4124-a556-243101cd0713</sln:miejscIIPId><sln:miejscIIPPn>PL.PZGIK.200</sln:miejscIIPPn><sln:miejscIIPWersja>2016-11-24T13:34:00+02:00</sln:miejscIIPWersja><sln:miejscIdTeryt>0147654</sln:miejscIdTeryt><sln:miejscNazwa>Wysoka Lelowska</sln:miejscNazwa><sln:miejscRodzaj>Wieś</sln:miejscRodzaj><sln:powIIPId>84af16e4-82b9-4f34-a6a2-be81f68f8753</sln:powIIPId><sln:powIIPPn>PL.PZGIK.200</sln:powIIPPn><sln:powIIPWersja>2012-09-27T09:34:20+02:00</sln:powIIPWersja><sln:powIdTeryt>2409</sln:powIdTeryt><sln:powNazwa>myszkowski</sln:powNazwa><sln:wojIIPId>98a63fe6-1e56-4d05-9c47-ab4233f8a6ff</sln:wojIIPId><sln:wojIIPPn>PL.PZGIK.200</sln:wojIIPPn><sln:wojIIPWersja>2017-10-10T00:00:00+02:00</sln:wojIIPWersja><sln:wojIdTeryt>24</sln:wojIdTeryt><sln:wojNazwa>śląskie</sln:wojNazwa></sln:miejscowosc><sln:miejscowosc><sln:cyklZyciaOd>2014-12-11T00:00:00+01:00</sln:cyklZyciaOd><sln:gmIIPId>ce973a94-f4dc-4914-b663-88c58a508bbc</sln:gmIIPId><sln:gmIIPPn>PL.PZGIK.200</sln:gmIIPPn><sln:gmIIPWersja>2012-09-26T22:25:55+02:00</sln:gmIIPWersja><sln:gmIdTeryt>2409053</sln:gmIdTeryt><sln:gmNazwa>Żarki</sln:gmNazwa><sln:miejscIIPId>59ac7a21-708d-414e-a803-8b3b875184ab</sln:miejscIIPId><sln:miejscIIPPn>PL.PZGIK.200</sln:miejscIIPPn><sln:miejscIIPWersja>2016-11-24T13:59:38+02:00</sln:miejscIIPWersja><sln:miejscIdTeryt>0147542</sln:miejscIdTeryt><sln:miejscNazwa>Kotowice-Mirów</sln:miejscNazwa><sln:miejscRodzaj>Inny obiekt</sln:miejscRodzaj><sln:powIIPId>84af16e4-82b9-4f34-a6a2-be81f68f8753</sln:powIIPId><sln:powIIPPn>PL.PZGIK.200</sln:powIIPPn><sln:powIIPWersja>2012-09-27T09:34:20+02:00</sln:powIIPWersja><sln:powIdTeryt>2409</sln:powIdTeryt><sln:powNazwa>myszkowski</sln:powNazwa><sln:wojIIPId>98a63fe6-1e56-4d05-9c47-ab4233f8a6ff</sln:wojIIPId><sln:wojIIPPn>PL.PZGIK.200</sln:wojIIPPn><sln:wojIIPWersja>2017-10-10T00:00:00+02:00</sln:wojIIPWersja><sln:wojIdTeryt>24</sln:wojIdTeryt><sln:wojNazwa>śląskie</sln:wojNazwa></sln:miejscowosc><sln:miejscowosc><sln:cyklZyciaOd>2014-12-11T00:00:00+01:00</sln:cyklZyciaOd><sln:gmIIPId>ce973a94-f4dc-4914-b663-88c58a508bbc</sln:gmIIPId><sln:gmIIPPn>PL.PZGIK.200</sln:gmIIPPn><sln:gmIIPWersja>2012-09-26T22:25:55+02:00</sln:gmIIPWersja><sln:gmIdTeryt>2409053</sln:gmIdTeryt><sln:gmNazwa>Żarki</sln:gmNazwa><sln:miejscIIPId>9e15aa2b-c8e0-4b7a-9a1e-fa72226b80c9</sln:miejscIIPId><sln:miejscIIPPn>PL.PZGIK.200</sln:miejscIIPPn><sln:miejscIIPWersja>2016-11-24T13:38:40+02:00</sln:miejscIIPWersja><sln:miejscIdTeryt>0147507</sln:miejscIdTeryt><sln:miejscNazwa>Jaworznik</sln:miejscNazwa><sln:miejscRodzaj>Wieś</sln:miejscRodzaj><sln:powIIPId>84af16e4-82b9-4f34-a6a2-be81f68f8753</sln:powIIPId><sln:powIIPPn>PL.PZGIK.200</sln:powIIPPn><sln:powIIPWersja>2012-09-27T09:34:20+02:00</sln:powIIPWersja><sln:powIdTeryt>2409</sln:powIdTeryt><sln:powNazwa>myszkowski</sln:powNazwa><sln:wojIIPId>98a63fe6-1e56-4d05-9c47-ab4233f8a6ff</sln:wojIIPId><sln:wojIIPPn>PL.PZGIK.200</sln:wojIIPPn><sln:wojIIPWersja>2017-10-10T00:00:00+02:00</sln:wojIIPWersja><sln:wojIdTeryt>24</sln:wojIdTeryt><sln:wojNazwa>śląskie</sln:wojNazwa></sln:miejscowosc><sln:miejscowosc><sln:cyklZyciaOd>2014-12-11T00:00:00+01:00</sln:cyklZyciaOd><sln:gmIIPId>ce973a94-f4dc-4914-b663-88c58a508bbc</sln:gmIIPId><sln:gmIIPPn>PL.PZGIK.200</sln:gmIIPPn><sln:gmIIPWersja>2012-09-26T22:25:55+02:00</sln:gmIIPWersja><sln:gmIdTeryt>2409053</sln:gmIdTeryt><sln:gmNazwa>Żarki</sln:gmNazwa><sln:miejscIIPId>805e430b-659a-466d-8676-2a2190d015aa</sln:miejscIIPId><sln:miejscIIPPn>PL.PZGIK.200</sln:miejscIIPPn><sln:miejscIIPWersja>2016-11-24T13:50:43+02:00</sln:miejscIIPWersja><sln:miejscIdTeryt>0147660</sln:miejscIdTeryt><sln:miejscNazwa>Czarka</sln:miejscNazwa><sln:miejscRodzaj>Inny obiekt</sln:miejscRodzaj><sln:powIIPId>84af16e4-82b9-4f34-a6a2-be81f68f8753</sln:powIIPId><sln:powIIPPn>PL.PZGIK.200</sln:powIIPPn><sln:powIIPWersja>2012-09-27T09:34:20+02:00</sln:powIIPWersja><sln:powIdTeryt>2409</sln:powIdTeryt><sln:powNazwa>myszkowski</sln:powNazwa><sln:wojIIPId>98a63fe6-1e56-4d05-9c47-ab4233f8a6ff</sln:wojIIPId><sln:wojIIPPn>PL.PZGIK.200</sln:wojIIPPn><sln:wojIIPWersja>2017-10-10T00:00:00+02:00</sln:wojIIPWersja><sln:wojIdTeryt>24</sln:wojIdTeryt><sln:wojNazwa>śląskie</sln:wojNazwa></sln:miejscowosc><sln:miejscowosc><sln:cyklZyciaOd>2014-12-11T00:00:00+01:00</sln:cyklZyciaOd><sln:gmIIPId>ce973a94-f4dc-4914-b663-88c58a508bbc</sln:gmIIPId><sln:gmIIPPn>PL.PZGIK.200</sln:gmIIPPn><sln:gmIIPWersja>2012-09-26T22:25:55+02:00</sln:gmIIPWersja><sln:gmIdTeryt>2409053</sln:gmIdTeryt><sln:gmNazwa>Żarki</sln:gmNazwa><sln:miejscIIPId>9d76173d-9d0a-424e-ae01-6f68bb26fb7f</sln:miejscIIPId><sln:miejscIIPPn>PL.PZGIK.200</sln:miejscIIPPn><sln:miejscIIPWersja>2016-11-24T13:34:03+02:00</sln:miejscIIPWersja><sln:miejscIdTeryt>0147690</sln:miejscIdTeryt><sln:miejscNazwa>Zaborze</sln:miejscNazwa><sln:miejscRodzaj>Wieś</sln:miejscRodzaj><sln:powIIPId>84af16e4-82b9-4f34-a6a2-be81f68f8753</sln:powIIPId><sln:powIIPPn>PL.PZGIK.200</sln:powIIPPn><sln:powIIPWersja>2012-09-27T09:34:20+02:00</sln:powIIPWersja><sln:powIdTeryt>2409</sln:powIdTeryt><sln:powNazwa>myszkowski</sln:powNazwa><sln:wojIIPId>98a63fe6-1e56-4d05-9c47-ab4233f8a6ff</sln:wojIIPId><sln:wojIIPPn>PL.PZGIK.200</sln:wojIIPPn><sln:wojIIPWersja>2017-10-10T00:00:00+02:00</sln:wojIIPWersja><sln:wojIdTeryt>24</sln:wojIdTeryt><sln:wojNazwa>śląskie</sln:wojNazwa></sln:miejscowosc><sln:miejscowosc><sln:cyklZyciaOd>2014-12-11T00:00:00+01:00</sln:cyklZyciaOd><sln:gmIIPId>ce973a94-f4dc-4914-b663-88c58a508bbc</sln:gmIIPId><sln:gmIIPPn>PL.PZGIK.200</sln:gmIIPPn><sln:gmIIPWersja>2012-09-26T22:25:55+02:00</sln:gmIIPWersja><sln:gmIdTeryt>2409053</sln:gmIdTeryt><sln:gmNazwa>Żarki</sln:gmNazwa><sln:miejscIIPId>a6b538cf-7ce0-4855-9193-32b870b26774</sln:miejscIIPId><sln:miejscIIPPn>PL.PZGIK.200</sln:miejscIIPPn><sln:miejscIIPWersja>2016-11-24T13:50:43+02:00</sln:miejscIIPWersja><sln:miejscIdTeryt>1002998</sln:miejscIdTeryt><sln:miejscNazwa>Kępina Wysocka</sln:miejscNazwa><sln:miejscRodzaj>Inny obiekt</sln:miejscRodzaj><sln:powIIPId>84af16e4-82b9-4f34-a6a2-be81f68f8753</sln:powIIPId><sln:powIIPPn>PL.PZGIK.200</sln:powIIPPn><sln:powIIPWersja>2012-09-27T09:34:20+02:00</sln:powIIPWersja><sln:powIdTeryt>2409</sln:powIdTeryt><sln:powNazwa>myszkowski</sln:powNazwa><sln:wojIIPId>98a63fe6-1e56-4d05-9c47-ab4233f8a6ff</sln:wojIIPId><sln:wojIIPPn>PL.PZGIK.200</sln:wojIIPPn><sln:wojIIPWersja>2017-10-10T00:00:00+02:00</sln:wojIIPWersja><sln:wojIdTeryt>24</sln:wojIdTeryt><sln:wojNazwa>śląskie</sln:wojNazwa></sln:miejscowosc><sln:miejscowosc><sln:cyklZyciaOd>2014-12-11T00:00:00+01:00</sln:cyklZyciaOd><sln:gmIIPId>ce973a94-f4dc-4914-b663-88c58a508bbc</sln:gmIIPId><sln:gmIIPPn>PL.PZGIK.200</sln:gmIIPPn><sln:gmIIPWersja>2012-09-26T22:25:55+02:00</sln:gmIIPWersja><sln:gmIdTeryt>2409053</sln:gmIdTeryt><sln:gmNazwa>Żarki</sln:gmNazwa><sln:miejscIIPId>bcba4c6b-a6a9-49f1-9685-e8f4161acc22</sln:miejscIIPId><sln:miejscIIPPn>PL.PZGIK.200</sln:miejscIIPPn><sln:miejscIIPWersja>2016-11-24T13:50:43+02:00</sln:miejscIIPWersja><sln:miejscIdTeryt>0147683</sln:miejscIdTeryt><sln:miejscNazwa>Koza</sln:miejscNazwa><sln:miejscRodzaj>Inny obiekt</sln:miejscRodzaj><sln:powIIPId>84af16e4-82b9-4f34-a6a2-be81f68f8753</sln:powIIPId><sln:powIIPPn>PL.PZGIK.200</sln:powIIPPn><sln:powIIPWersja>2012-09-27T09:34:20+02:00</sln:powIIPWersja><sln:powIdTeryt>2409</sln:powIdTeryt><sln:powNazwa>myszkowski</sln:powNazwa><sln:wojIIPId>98a63fe6-1e56-4d05-9c47-ab4233f8a6ff</sln:wojIIPId><sln:wojIIPPn>PL.PZGIK.200</sln:wojIIPPn><sln:wojIIPWersja>2017-10-10T00:00:00+02:00</sln:wojIIPWersja><sln:wojIdTeryt>24</sln:wojIdTeryt><sln:wojNazwa>śląskie</sln:wojNazwa></sln:miejscowosc><sln:miejscowosc><sln:cyklZyciaOd>2014-12-11T00:00:00+01:00</sln:cyklZyciaOd><sln:gmIIPId>ce973a94-f4dc-4914-b663-88c58a508bbc</sln:gmIIPId><sln:gmIIPPn>PL.PZGIK.200</sln:gmIIPPn><sln:gmIIPWersja>2012-09-26T22:25:55+02:00</sln:gmIIPWersja><sln:gmIdTeryt>2409053</sln:gmIdTeryt><sln:gmNazwa>Żarki</sln:gmNazwa><sln:miejscIIPId>832c9506-2684-4e55-a17c-d1cb6ce5c669</sln:miejscIIPId><sln:miejscIIPPn>PL.PZGIK.200</sln:miejscIIPPn><sln:miejscIIPWersja>2016-11-24T13:51:17+02:00</sln:miejscIIPWersja><sln:miejscIdTeryt>0932672</sln:miejscIdTeryt><sln:miejscNazwa>Olesiów</sln:miejscNazwa><sln:miejscRodzaj>Inny obiekt</sln:miejscRodzaj><sln:powIIPId>84af16e4-82b9-4f34-a6a2-be81f68f8753</sln:powIIPId><sln:powIIPPn>PL.PZGIK.200</sln:powIIPPn><sln:powIIPWersja>2012-09-27T09:34:20+02:00</sln:powIIPWersja><sln:powIdTeryt>2409</sln:powIdTeryt><sln:powNazwa>myszkowski</sln:powNazwa><sln:wojIIPId>98a63fe6-1e56-4d05-9c47-ab4233f8a6ff</sln:wojIIPId><sln:wojIIPPn>PL.PZGIK.200</sln:wojIIPPn><sln:wojIIPWersja>2017-10-10T00:00:00+02:00</sln:wojIIPWersja><sln:wojIdTeryt>24</sln:wojIdTeryt><sln:wojNazwa>śląskie</sln:wojNazwa></sln:miejscowosc><sln:miejscowosc><sln:cyklZyciaOd>2014-12-11T00:00:00+01:00</sln:cyklZyciaOd><sln:gmIIPId>ce973a94-f4dc-4914-b663-88c58a508bbc</sln:gmIIPId><sln:gmIIPPn>PL.PZGIK.200</sln:gmIIPPn><sln:gmIIPWersja>2012-09-26T22:25:55+02:00</sln:gmIIPWersja><sln:gmIdTeryt>2409053</sln:gmIdTeryt><sln:gmNazwa>Żarki</sln:gmNazwa><sln:miejscIIPId>d1637607-b610-4c53-8532-94ea450fa016</sln:miejscIIPId><sln:miejscIIPPn>PL.PZGIK.200</sln:miejscIIPPn><sln:miejscIIPWersja>2016-11-24T13:56:02+02:00</sln:miejscIIPWersja><sln:miejscIdTeryt>0147559</sln:miejscIdTeryt><sln:miejscNazwa>Leśniczówka Kotowice</sln:miejscNazwa><sln:miejscRodzaj>Inny obiekt</sln:miejscRodzaj><sln:powIIPId>84af16e4-82b9-4f34-a6a2-be81f68f8753</sln:powIIPId><sln:powIIPPn>PL.PZGIK.200</sln:powIIPPn><sln:powIIPWersja>2012-09-27T09:34:20+02:00</sln:powIIPWersja><sln:powIdTeryt>2409</sln:powIdTeryt><sln:powNazwa>myszkowski</sln:powNazwa><sln:wojIIPId>98a63fe6-1e56-4d05-9c47-ab4233f8a6ff</sln:wojIIPId><sln:wojIIPPn>PL.PZGIK.200</sln:wojIIPPn><sln:wojIIPWersja>2017-10-10T00:00:00+02:00</sln:wojIIPWersja><sln:wojIdTeryt>24</sln:wojIdTeryt><sln:wojNazwa>śląskie</sln:wojNazwa></sln:miejscowosc><sln:miejscowosc><sln:cyklZyciaOd>2014-12-11T00:00:00+01:00</sln:cyklZyciaOd><sln:gmIIPId>ce973a94-f4dc-4914-b663-88c58a508bbc</sln:gmIIPId><sln:gmIIPPn>PL.PZGIK.200</sln:gmIIPPn><sln:gmIIPWersja>2012-09-26T22:25:55+02:00</sln:gmIIPWersja><sln:gmIdTeryt>2409053</sln:gmIdTeryt><sln:gmNazwa>Żarki</sln:gmNazwa><sln:miejscIIPId>b4473207-7cd7-4618-8727-9ce37c1212ec</sln:miejscIIPId><sln:miejscIIPPn>PL.PZGIK.200</sln:miejscIIPPn><sln:miejscIIPWersja>2016-11-24T13:51:17+02:00</sln:miejscIIPWersja><sln:miejscIdTeryt>0932666</sln:miejscIdTeryt><sln:miejscNazwa>Leśniów</sln:miejscNazwa><sln:miejscRodzaj>Inny obiekt</sln:miejscRodzaj><sln:powIIPId>84af16e4-82b9-4f34-a6a2-be81f68f8753</sln:powIIPId><sln:powIIPPn>PL.PZGIK.200</sln:powIIPPn><sln:powIIPWersja>2012-09-27T09:34:20+02:00</sln:powIIPWersja><sln:powIdTeryt>2409</sln:powIdTeryt><sln:powNazwa>myszkowski</sln:powNazwa><sln:wojIIPId>98a63fe6-1e56-4d05-9c47-ab4233f8a6ff</sln:wojIIPId><sln:wojIIPPn>PL.PZGIK.200</sln:wojIIPPn><sln:wojIIPWersja>2017-10-10T00:00:00+02:00</sln:wojIIPWersja><sln:wojIdTeryt>24</sln:wojIdTeryt><sln:wojNazwa>śląskie</sln:wojNazwa></sln:miejscowosc><sln:miejscowosc><sln:cyklZyciaOd>2014-12-11T00:00:00+01:00</sln:cyklZyciaOd><sln:gmIIPId>ce973a94-f4dc-4914-b663-88c58a508bbc</sln:gmIIPId><sln:gmIIPPn>PL.PZGIK.200</sln:gmIIPPn><sln:gmIIPWersja>2012-09-26T22:25:55+02:00</sln:gmIIPWersja><sln:gmIdTeryt>2409053</sln:gmIdTeryt><sln:gmNazwa>Żarki</sln:gmNazwa><sln:miejscIIPId>42c1e892-f944-4a2c-9404-9111766e3167</sln:miejscIIPId><sln:miejscIIPPn>PL.PZGIK.200</sln:miejscIIPPn><sln:miejscIIPWersja>2016-11-24T13:51:17+02:00</sln:miejscIIPWersja><sln:miejscIdTeryt>0932695</sln:miejscIdTeryt><sln:miejscNazwa>Przewodziszowice</sln:miejscNazwa><sln:miejscRodzaj>Inny obiekt</sln:miejscRodzaj><sln:powIIPId>84af16e4-82b9-4f34-a6a2-be81f68f8753</sln:powIIPId><sln:powIIPPn>PL.PZGIK.200</sln:powIIPPn><sln:powIIPWersja>2012-09-27T09:34:20+02:00</sln:powIIPWersja><sln:powIdTeryt>2409</sln:powIdTeryt><sln:powNazwa>myszkowski</sln:powNazwa><sln:wojIIPId>98a63fe6-1e56-4d05-9c47-ab4233f8a6ff</sln:wojIIPId><sln:wojIIPPn>PL.PZGIK.200</sln:wojIIPPn><sln:wojIIPWersja>2017-10-10T00:00:00+02:00</sln:wojIIPWersja><sln:wojIdTeryt>24</sln:wojIdTeryt><sln:wojNazwa>śląskie</sln:wojNazwa></sln:miejscowosc><sln:miejscowosc><sln:cyklZyciaOd>2014-12-11T00:00:00+01:00</sln:cyklZyciaOd><sln:gmIIPId>ce973a94-f4dc-4914-b663-88c58a508bbc</sln:gmIIPId><sln:gmIIPPn>PL.PZGIK.200</sln:gmIIPPn><sln:gmIIPWersja>2012-09-26T22:25:55+02:00</sln:gmIIPWersja><sln:gmIdTeryt>2409053</sln:gmIdTeryt><sln:gmNazwa>Żarki</sln:gmNazwa><sln:miejscIIPId>00ef2679-43f2-436f-ac12-97884101a02b</sln:miejscIIPId><sln:miejscIIPPn>PL.PZGIK.200</sln:miejscIIPPn><sln:miejscIIPWersja>2016-11-24T13:44:16+02:00</sln:miejscIIPWersja><sln:miejscIdTeryt>0147565</sln:miejscIdTeryt><sln:miejscNazwa>Ostrów</sln:miejscNazwa><sln:miejscRodzaj>Wieś</sln:miejscRodzaj><sln:powIIPId>84af16e4-82b9-4f34-a6a2-be81f68f8753</sln:powIIPId><sln:powIIPPn>PL.PZGIK.200</sln:powIIPPn><sln:powIIPWersja>2012-09-27T09:34:20+02:00</sln:powIIPWersja><sln:powIdTeryt>2409</sln:powIdTeryt><sln:powNazwa>myszkowski</sln:powNazwa><sln:wojIIPId>98a63fe6-1e56-4d05-9c47-ab4233f8a6ff</sln:wojIIPId><sln:wojIIPPn>PL.PZGIK.200</sln:wojIIPPn><sln:wojIIPWersja>2017-10-10T00:00:00+02:00</sln:wojIIPWersja><sln:wojIdTeryt>24</sln:wojIdTeryt><sln:wojNazwa>śląskie</sln:wojNazwa></sln:miejscowosc><sln:miejscowosc><sln:cyklZyciaOd>2014-12-11T00:00:00+01:00</sln:cyklZyciaOd><sln:gmIIPId>ce973a94-f4dc-4914-b663-88c58a508bbc</sln:gmIIPId><sln:gmIIPPn>PL.PZGIK.200</sln:gmIIPPn><sln:gmIIPWersja>2012-09-26T22:25:55+02:00</sln:gmIIPWersja><sln:gmIdTeryt>2409053</sln:gmIdTeryt><sln:gmNazwa>Żarki</sln:gmNazwa><sln:miejscIIPId>9889d300-fdb3-4e27-8441-c7db716f5e94</sln:miejscIIPId><sln:miejscIIPPn>PL.PZGIK.200</sln:miejscIIPPn><sln:miejscIIPWersja>2016-11-24T13:50:44+02:00</sln:miejscIIPWersja><sln:miejscIdTeryt>0147714</sln:miejscIdTeryt><sln:miejscNazwa>Skrobarczowizna</sln:miejscNazwa><sln:miejscRodzaj>Inny obiekt</sln:miejscRodzaj><sln:powIIPId>84af16e4-82b9-4f34-a6a2-be81f68f8753</sln:powIIPId><sln:powIIPPn>PL.PZGIK.200</sln:powIIPPn><sln:powIIPWersja>2012-09-27T09:34:20+02:00</sln:powIIPWersja><sln:powIdTeryt>2409</sln:powIdTeryt><sln:powNazwa>myszkowski</sln:powNazwa><sln:wojIIPId>98a63fe6-1e56-4d05-9c47-ab4233f8a6ff</sln:wojIIPId><sln:wojIIPPn>PL.PZGIK.200</sln:wojIIPPn><sln:wojIIPWersja>2017-10-10T00:00:00+02:00</sln:wojIIPWersja><sln:wojIdTeryt>24</sln:wojIdTeryt><sln:wojNazwa>śląskie</sln:wojNazwa></sln:miejscowosc></sln:lista-miejscowosci>