<?xml version="1.0" encoding="UTF-8" standalone="yes"?><sln:lista-miejscowosci xmlns:srv="http://gugik.gov.pl/schemas/slowniki-service/1.0" xmlns:sln="http://gugik.gov.pl/schemas/slowniki-schema/1.0"><sln:miejscowosc><sln:cyklZyciaDo>2017-04-18T00:00:00+02:00</sln:cyklZyciaDo><sln:cyklZyciaOd>2015-09-23T00:00:00+02:00</sln:cyklZyciaOd><sln:gmIIPId>bc5c2007-aed9-4fcb-b898-c75cc958c4ee</sln:gmIIPId><sln:gmIIPPn>PL.PZGIK.200</sln:gmIIPPn><sln:gmIIPWersja>2012-09-26T22:27:09+02:00</sln:gmIIPWersja><sln:gmIdTeryt>2417152</sln:gmIdTeryt><sln:gmNazwa>Węgierska Górka</sln:gmNazwa><sln:miejscIIPId>aa2fccd0-a12f-4ae4-887c-94a0e31265a5</sln:miejscIIPId><sln:miejscIIPPn>PL.PZGIK.200</sln:miejscIIPPn><sln:miejscIIPWersja>2016-11-24T08:46:18+02:00</sln:miejscIIPWersja><sln:miejscIdTeryt>0075127</sln:miejscIdTeryt><sln:miejscNazwa>Cięcina</sln:miejscNazwa><sln:miejscRodzaj>Wieś</sln:miejscRodzaj><sln:powIIPId>87a03da4-a657-452c-a8f0-aa66c86c06ac</sln:powIIPId><sln:powIIPPn>PL.PZGIK.200</sln:powIIPPn><sln:powIIPWersja>2017-10-10T00:00:00+02:00</sln:powIIPWersja><sln:powIdTeryt>2417</sln:powIdTeryt><sln:powNazwa>żywiecki</sln:powNazwa><sln:waznyOd>2015-01-13T00:00:00+01:00</sln:waznyOd><sln:wojIIPId>98a63fe6-1e56-4d05-9c47-ab4233f8a6ff</sln:wojIIPId><sln:wojIIPPn>PL.PZGIK.200</sln:wojIIPPn><sln:wojIIPWersja>2017-10-10T00:00:00+02:00</sln:wojIIPWersja><sln:wojIdTeryt>24</sln:wojIdTeryt><sln:wojNazwa>śląskie</sln:wojNazwa></sln:miejscowosc><sln:miejscowosc><sln:cyklZyciaDo>2017-04-18T00:00:00+02:00</sln:cyklZyciaDo><sln:cyklZyciaOd>2015-09-23T00:00:00+02:00</sln:cyklZyciaOd><sln:gmIIPId>bc5c2007-aed9-4fcb-b898-c75cc958c4ee</sln:gmIIPId><sln:gmIIPPn>PL.PZGIK.200</sln:gmIIPPn><sln:gmIIPWersja>2012-09-26T22:27:09+02:00</sln:gmIIPWersja><sln:gmIdTeryt>2417152</sln:gmIdTeryt><sln:gmNazwa>Węgierska Górka</sln:gmNazwa><sln:miejscIIPId>76e3a119-dc81-47db-b9fd-27e2b60b3f54</sln:miejscIIPId><sln:miejscIIPPn>PL.PZGIK.200</sln:miejscIIPPn><sln:miejscIIPWersja>2016-11-24T08:46:18+02:00</sln:miejscIIPWersja><sln:miejscIdTeryt>0075216</sln:miejscIdTeryt><sln:miejscNazwa>Cisiec</sln:miejscNazwa><sln:miejscRodzaj>Wieś</sln:miejscRodzaj><sln:powIIPId>87a03da4-a657-452c-a8f0-aa66c86c06ac</sln:powIIPId><sln:powIIPPn>PL.PZGIK.200</sln:powIIPPn><sln:powIIPWersja>2017-10-10T00:00:00+02:00</sln:powIIPWersja><sln:powIdTeryt>2417</sln:powIdTeryt><sln:powNazwa>żywiecki</sln:powNazwa><sln:waznyOd>2015-01-13T00:00:00+01:00</sln:waznyOd><sln:wojIIPId>98a63fe6-1e56-4d05-9c47-ab4233f8a6ff</sln:wojIIPId><sln:wojIIPPn>PL.PZGIK.200</sln:wojIIPPn><sln:wojIIPWersja>2017-10-10T00:00:00+02:00</sln:wojIIPWersja><sln:wojIdTeryt>24</sln:wojIdTeryt><sln:wojNazwa>śląskie</sln:wojNazwa></sln:miejscowosc><sln:miejscowosc><sln:cyklZyciaDo>2017-04-18T00:00:00+02:00</sln:cyklZyciaDo><sln:cyklZyciaOd>2015-09-23T00:00:00+02:00</sln:cyklZyciaOd><sln:gmIIPId>bc5c2007-aed9-4fcb-b898-c75cc958c4ee</sln:gmIIPId><sln:gmIIPPn>PL.PZGIK.200</sln:gmIIPPn><sln:gmIIPWersja>2012-09-26T22:27:09+02:00</sln:gmIIPWersja><sln:gmIdTeryt>2417152</sln:gmIdTeryt><sln:gmNazwa>Węgierska Górka</sln:gmNazwa><sln:miejscIIPId>51e4826f-29a8-4208-9cc3-fe7c8a49e95f</sln:miejscIIPId><sln:miejscIIPPn>PL.PZGIK.200</sln:miejscIIPPn><sln:miejscIIPWersja>2016-11-24T08:46:18+02:00</sln:miejscIIPWersja><sln:miejscIdTeryt>0075268</sln:miejscIdTeryt><sln:miejscNazwa>Węgierska Górka</sln:miejscNazwa><sln:miejscRodzaj>Wieś</sln:miejscRodzaj><sln:powIIPId>87a03da4-a657-452c-a8f0-aa66c86c06ac</sln:powIIPId><sln:powIIPPn>PL.PZGIK.200</sln:powIIPPn><sln:powIIPWersja>2017-10-10T00:00:00+02:00</sln:powIIPWersja><sln:powIdTeryt>2417</sln:powIdTeryt><sln:powNazwa>żywiecki</sln:powNazwa><sln:waznyOd>2015-01-13T00:00:00+01:00</sln:waznyOd><sln:wojIIPId>98a63fe6-1e56-4d05-9c47-ab4233f8a6ff</sln:wojIIPId><sln:wojIIPPn>PL.PZGIK.200</sln:wojIIPPn><sln:wojIIPWersja>2017-10-10T00:00:00+02:00</sln:wojIIPWersja><sln:wojIdTeryt>24</sln:wojIdTeryt><sln:wojNazwa>śląskie</sln:wojNazwa></sln:miejscowosc><sln:miejscowosc><sln:cyklZyciaDo>2017-04-18T00:00:00+02:00</sln:cyklZyciaDo><sln:cyklZyciaOd>2015-09-23T00:00:00+02:00</sln:cyklZyciaOd><sln:gmIIPId>bc5c2007-aed9-4fcb-b898-c75cc958c4ee</sln:gmIIPId><sln:gmIIPPn>PL.PZGIK.200</sln:gmIIPPn><sln:gmIIPWersja>2012-09-26T22:27:09+02:00</sln:gmIIPWersja><sln:gmIdTeryt>2417152</sln:gmIdTeryt><sln:gmNazwa>Węgierska Górka</sln:gmNazwa><sln:miejscIIPId>7259579f-6c0f-4f33-a9d1-503e026afb7b</sln:miejscIIPId><sln:miejscIIPPn>PL.PZGIK.200</sln:miejscIIPPn><sln:miejscIIPWersja>2016-11-24T08:46:18+02:00</sln:miejscIIPWersja><sln:miejscIdTeryt>0075274</sln:miejscIdTeryt><sln:miejscNazwa>Żabnica</sln:miejscNazwa><sln:miejscRodzaj>Wieś</sln:miejscRodzaj><sln:powIIPId>87a03da4-a657-452c-a8f0-aa66c86c06ac</sln:powIIPId><sln:powIIPPn>PL.PZGIK.200</sln:powIIPPn><sln:powIIPWersja>2017-10-10T00:00:00+02:00</sln:powIIPWersja><sln:powIdTeryt>2417</sln:powIdTeryt><sln:powNazwa>żywiecki</sln:powNazwa><sln:waznyOd>2015-01-13T00:00:00+01:00</sln:waznyOd><sln:wojIIPId>98a63fe6-1e56-4d05-9c47-ab4233f8a6ff</sln:wojIIPId><sln:wojIIPPn>PL.PZGIK.200</sln:wojIIPPn><sln:wojIIPWersja>2017-10-10T00:00:00+02:00</sln:wojIIPWersja><sln:wojIdTeryt>24</sln:wojIdTeryt><sln:wojNazwa>śląskie</sln:wojNazwa></sln:miejscowosc><sln:miejscowosc><sln:cyklZyciaOd>2017-04-18T00:00:00+02:00</sln:cyklZyciaOd><sln:gmIIPId>bc5c2007-aed9-4fcb-b898-c75cc958c4ee</sln:gmIIPId><sln:gmIIPPn>PL.PZGIK.200</sln:gmIIPPn><sln:gmIIPWersja>2012-09-26T22:27:09+02:00</sln:gmIIPWersja><sln:gmIdTeryt>2417152</sln:gmIdTeryt><sln:gmNazwa>Węgierska Górka</sln:gmNazwa><sln:miejscIIPId>aa2fccd0-a12f-4ae4-887c-94a0e31265a5</sln:miejscIIPId><sln:miejscIIPPn>PL.PZGIK.200</sln:miejscIIPPn><sln:miejscIIPWersja>2017-04-18T15:10:30+02:00</sln:miejscIIPWersja><sln:miejscIdTeryt>0075127</sln:miejscIdTeryt><sln:miejscNazwa>Cięcina</sln:miejscNazwa><sln:miejscRodzaj>Wieś</sln:miejscRodzaj><sln:powIIPId>87a03da4-a657-452c-a8f0-aa66c86c06ac</sln:powIIPId><sln:powIIPPn>PL.PZGIK.200</sln:powIIPPn><sln:powIIPWersja>2017-10-10T00:00:00+02:00</sln:powIIPWersja><sln:powIdTeryt>2417</sln:powIdTeryt><sln:powNazwa>żywiecki</sln:powNazwa><sln:waznyOd>2015-01-13T00:00:00+01:00</sln:waznyOd><sln:wojIIPId>98a63fe6-1e56-4d05-9c47-ab4233f8a6ff</sln:wojIIPId><sln:wojIIPPn>PL.PZGIK.200</sln:wojIIPPn><sln:wojIIPWersja>2017-10-10T00:00:00+02:00</sln:wojIIPWersja><sln:wojIdTeryt>24</sln:wojIdTeryt><sln:wojNazwa>śląskie</sln:wojNazwa></sln:miejscowosc><sln:miejscowosc><sln:cyklZyciaOd>2017-04-18T00:00:00+02:00</sln:cyklZyciaOd><sln:gmIIPId>bc5c2007-aed9-4fcb-b898-c75cc958c4ee</sln:gmIIPId><sln:gmIIPPn>PL.PZGIK.200</sln:gmIIPPn><sln:gmIIPWersja>2012-09-26T22:27:09+02:00</sln:gmIIPWersja><sln:gmIdTeryt>2417152</sln:gmIdTeryt><sln:gmNazwa>Węgierska Górka</sln:gmNazwa><sln:miejscIIPId>76e3a119-dc81-47db-b9fd-27e2b60b3f54</sln:miejscIIPId><sln:miejscIIPPn>PL.PZGIK.200</sln:miejscIIPPn><sln:miejscIIPWersja>2017-04-18T15:10:37+02:00</sln:miejscIIPWersja><sln:miejscIdTeryt>0075216</sln:miejscIdTeryt><sln:miejscNazwa>Cisiec</sln:miejscNazwa><sln:miejscRodzaj>Wieś</sln:miejscRodzaj><sln:powIIPId>87a03da4-a657-452c-a8f0-aa66c86c06ac</sln:powIIPId><sln:powIIPPn>PL.PZGIK.200</sln:powIIPPn><sln:powIIPWersja>2017-10-10T00:00:00+02:00</sln:powIIPWersja><sln:powIdTeryt>2417</sln:powIdTeryt><sln:powNazwa>żywiecki</sln:powNazwa><sln:waznyOd>2015-01-13T00:00:00+01:00</sln:waznyOd><sln:wojIIPId>98a63fe6-1e56-4d05-9c47-ab4233f8a6ff</sln:wojIIPId><sln:wojIIPPn>PL.PZGIK.200</sln:wojIIPPn><sln:wojIIPWersja>2017-10-10T00:00:00+02:00</sln:wojIIPWersja><sln:wojIdTeryt>24</sln:wojIdTeryt><sln:wojNazwa>śląskie</sln:wojNazwa></sln:miejscowosc><sln:miejscowosc><sln:cyklZyciaOd>2017-04-18T00:00:00+02:00</sln:cyklZyciaOd><sln:gmIIPId>bc5c2007-aed9-4fcb-b898-c75cc958c4ee</sln:gmIIPId><sln:gmIIPPn>PL.PZGIK.200</sln:gmIIPPn><sln:gmIIPWersja>2012-09-26T22:27:09+02:00</sln:gmIIPWersja><sln:gmIdTeryt>2417152</sln:gmIdTeryt><sln:gmNazwa>Węgierska Górka</sln:gmNazwa><sln:miejscIIPId>51e4826f-29a8-4208-9cc3-fe7c8a49e95f</sln:miejscIIPId><sln:miejscIIPPn>PL.PZGIK.200</sln:miejscIIPPn><sln:miejscIIPWersja>2017-04-18T15:10:37+02:00</sln:miejscIIPWersja><sln:miejscIdTeryt>0075268</sln:miejscIdTeryt><sln:miejscNazwa>Węgierska Górka</sln:miejscNazwa><sln:miejscRodzaj>Wieś</sln:miejscRodzaj><sln:powIIPId>87a03da4-a657-452c-a8f0-aa66c86c06ac</sln:powIIPId><sln:powIIPPn>PL.PZGIK.200</sln:powIIPPn><sln:powIIPWersja>2017-10-10T00:00:00+02:00</sln:powIIPWersja><sln:powIdTeryt>2417</sln:powIdTeryt><sln:powNazwa>żywiecki</sln:powNazwa><sln:waznyOd>2015-01-13T00:00:00+01:00</sln:waznyOd><sln:wojIIPId>98a63fe6-1e56-4d05-9c47-ab4233f8a6ff</sln:wojIIPId><sln:wojIIPPn>PL.PZGIK.200</sln:wojIIPPn><sln:wojIIPWersja>2017-10-10T00:00:00+02:00</sln:wojIIPWersja><sln:wojIdTeryt>24</sln:wojIdTeryt><sln:wojNazwa>śląskie</sln:wojNazwa></sln:miejscowosc><sln:miejscowosc><sln:cyklZyciaOd>2017-04-18T00:00:00+02:00</sln:cyklZyciaOd><sln:gmIIPId>bc5c2007-aed9-4fcb-b898-c75cc958c4ee</sln:gmIIPId><sln:gmIIPPn>PL.PZGIK.200</sln:gmIIPPn><sln:gmIIPWersja>2012-09-26T22:27:09+02:00</sln:gmIIPWersja><sln:gmIdTeryt>2417152</sln:gmIdTeryt><sln:gmNazwa>Węgierska Górka</sln:gmNazwa><sln:miejscIIPId>7259579f-6c0f-4f33-a9d1-503e026afb7b</sln:miejscIIPId><sln:miejscIIPPn>PL.PZGIK.200</sln:miejscIIPPn><sln:miejscIIPWersja>2017-04-18T15:10:37+02:00</sln:miejscIIPWersja><sln:miejscIdTeryt>0075274</sln:miejscIdTeryt><sln:miejscNazwa>Żabnica</sln:miejscNazwa><sln:miejscRodzaj>Wieś</sln:miejscRodzaj><sln:powIIPId>87a03da4-a657-452c-a8f0-aa66c86c06ac</sln:powIIPId><sln:powIIPPn>PL.PZGIK.200</sln:powIIPPn><sln:powIIPWersja>2017-10-10T00:00:00+02:00</sln:powIIPWersja><sln:powIdTeryt>2417</sln:powIdTeryt><sln:powNazwa>żywiecki</sln:powNazwa><sln:waznyOd>2015-01-13T00:00:00+01:00</sln:waznyOd><sln:wojIIPId>98a63fe6-1e56-4d05-9c47-ab4233f8a6ff</sln:wojIIPId><sln:wojIIPPn>PL.PZGIK.200</sln:wojIIPPn><sln:wojIIPWersja>2017-10-10T00:00:00+02:00</sln:wojIIPWersja><sln:wojIdTeryt>24</sln:wojIdTeryt><sln:wojNazwa>śląskie</sln:wojNazwa></sln:miejscowosc></sln:lista-miejscowosci>