<?xml version="1.0" encoding="UTF-8" standalone="yes"?><sln:lista-miejscowosci xmlns:srv="http://gugik.gov.pl/schemas/slowniki-service/1.0" xmlns:sln="http://gugik.gov.pl/schemas/slowniki-schema/1.0"><sln:miejscowosc><sln:cyklZyciaDo>2017-04-18T00:00:00+02:00</sln:cyklZyciaDo><sln:cyklZyciaOd>2015-12-09T00:00:00+01:00</sln:cyklZyciaOd><sln:gmIIPId>9ec1bc94-8134-4b30-a01a-abac2cc81812</sln:gmIIPId><sln:gmIIPPn>PL.PZGIK.200</sln:gmIIPPn><sln:gmIIPWersja>2012-09-26T22:27:09+02:00</sln:gmIIPWersja><sln:gmIdTeryt>2417122</sln:gmIdTeryt><sln:gmNazwa>Ślemień</sln:gmNazwa><sln:miejscIIPId>3e4ba1c1-0139-4a49-90d8-e71ca0b87662</sln:miejscIIPId><sln:miejscIIPPn>PL.PZGIK.200</sln:miejscIIPPn><sln:miejscIIPWersja>2016-11-24T08:45:50+02:00</sln:miejscIIPWersja><sln:miejscIdTeryt>0071460</sln:miejscIdTeryt><sln:miejscNazwa>Kocoń</sln:miejscNazwa><sln:miejscRodzaj>Wieś</sln:miejscRodzaj><sln:powIIPId>87a03da4-a657-452c-a8f0-aa66c86c06ac</sln:powIIPId><sln:powIIPPn>PL.PZGIK.200</sln:powIIPPn><sln:powIIPWersja>2017-10-10T00:00:00+02:00</sln:powIIPWersja><sln:powIdTeryt>2417</sln:powIdTeryt><sln:powNazwa>żywiecki</sln:powNazwa><sln:waznyOd>2014-11-26T00:00:00+01:00</sln:waznyOd><sln:wojIIPId>98a63fe6-1e56-4d05-9c47-ab4233f8a6ff</sln:wojIIPId><sln:wojIIPPn>PL.PZGIK.200</sln:wojIIPPn><sln:wojIIPWersja>2017-10-10T00:00:00+02:00</sln:wojIIPWersja><sln:wojIdTeryt>24</sln:wojIdTeryt><sln:wojNazwa>śląskie</sln:wojNazwa></sln:miejscowosc><sln:miejscowosc><sln:cyklZyciaDo>2017-04-18T00:00:00+02:00</sln:cyklZyciaDo><sln:cyklZyciaOd>2015-12-09T00:00:00+01:00</sln:cyklZyciaOd><sln:gmIIPId>9ec1bc94-8134-4b30-a01a-abac2cc81812</sln:gmIIPId><sln:gmIIPPn>PL.PZGIK.200</sln:gmIIPPn><sln:gmIIPWersja>2012-09-26T22:27:09+02:00</sln:gmIIPWersja><sln:gmIdTeryt>2417122</sln:gmIdTeryt><sln:gmNazwa>Ślemień</sln:gmNazwa><sln:miejscIIPId>965574dc-b64a-4518-9539-c66935e1a912</sln:miejscIIPId><sln:miejscIIPPn>PL.PZGIK.200</sln:miejscIIPPn><sln:miejscIIPWersja>2016-11-24T08:45:50+02:00</sln:miejscIIPWersja><sln:miejscIdTeryt>0071610</sln:miejscIdTeryt><sln:miejscNazwa>Las</sln:miejscNazwa><sln:miejscRodzaj>Wieś</sln:miejscRodzaj><sln:powIIPId>87a03da4-a657-452c-a8f0-aa66c86c06ac</sln:powIIPId><sln:powIIPPn>PL.PZGIK.200</sln:powIIPPn><sln:powIIPWersja>2017-10-10T00:00:00+02:00</sln:powIIPWersja><sln:powIdTeryt>2417</sln:powIdTeryt><sln:powNazwa>żywiecki</sln:powNazwa><sln:waznyOd>2014-11-26T00:00:00+01:00</sln:waznyOd><sln:wojIIPId>98a63fe6-1e56-4d05-9c47-ab4233f8a6ff</sln:wojIIPId><sln:wojIIPPn>PL.PZGIK.200</sln:wojIIPPn><sln:wojIIPWersja>2017-10-10T00:00:00+02:00</sln:wojIIPWersja><sln:wojIdTeryt>24</sln:wojIdTeryt><sln:wojNazwa>śląskie</sln:wojNazwa></sln:miejscowosc><sln:miejscowosc><sln:cyklZyciaDo>2017-04-18T00:00:00+02:00</sln:cyklZyciaDo><sln:cyklZyciaOd>2015-12-09T00:00:00+01:00</sln:cyklZyciaOd><sln:gmIIPId>9ec1bc94-8134-4b30-a01a-abac2cc81812</sln:gmIIPId><sln:gmIIPPn>PL.PZGIK.200</sln:gmIIPPn><sln:gmIIPWersja>2012-09-26T22:27:09+02:00</sln:gmIIPWersja><sln:gmIdTeryt>2417122</sln:gmIdTeryt><sln:gmNazwa>Ślemień</sln:gmNazwa><sln:miejscIIPId>3cbb8c08-50c9-4b5d-83a5-22ca210aee4b</sln:miejscIIPId><sln:miejscIIPPn>PL.PZGIK.200</sln:miejscIIPPn><sln:miejscIIPWersja>2016-11-24T08:45:50+02:00</sln:miejscIIPWersja><sln:miejscIdTeryt>0071840</sln:miejscIdTeryt><sln:miejscNazwa>Ślemień</sln:miejscNazwa><sln:miejscRodzaj>Wieś</sln:miejscRodzaj><sln:powIIPId>87a03da4-a657-452c-a8f0-aa66c86c06ac</sln:powIIPId><sln:powIIPPn>PL.PZGIK.200</sln:powIIPPn><sln:powIIPWersja>2017-10-10T00:00:00+02:00</sln:powIIPWersja><sln:powIdTeryt>2417</sln:powIdTeryt><sln:powNazwa>żywiecki</sln:powNazwa><sln:waznyOd>2014-11-26T00:00:00+01:00</sln:waznyOd><sln:wojIIPId>98a63fe6-1e56-4d05-9c47-ab4233f8a6ff</sln:wojIIPId><sln:wojIIPPn>PL.PZGIK.200</sln:wojIIPPn><sln:wojIIPWersja>2017-10-10T00:00:00+02:00</sln:wojIIPWersja><sln:wojIdTeryt>24</sln:wojIdTeryt><sln:wojNazwa>śląskie</sln:wojNazwa></sln:miejscowosc><sln:miejscowosc><sln:cyklZyciaOd>2017-04-18T00:00:00+02:00</sln:cyklZyciaOd><sln:gmIIPId>9ec1bc94-8134-4b30-a01a-abac2cc81812</sln:gmIIPId><sln:gmIIPPn>PL.PZGIK.200</sln:gmIIPPn><sln:gmIIPWersja>2012-09-26T22:27:09+02:00</sln:gmIIPWersja><sln:gmIdTeryt>2417122</sln:gmIdTeryt><sln:gmNazwa>Ślemień</sln:gmNazwa><sln:miejscIIPId>3e4ba1c1-0139-4a49-90d8-e71ca0b87662</sln:miejscIIPId><sln:miejscIIPPn>PL.PZGIK.200</sln:miejscIIPPn><sln:miejscIIPWersja>2017-04-18T15:02:42+02:00</sln:miejscIIPWersja><sln:miejscIdTeryt>0071460</sln:miejscIdTeryt><sln:miejscNazwa>Kocoń</sln:miejscNazwa><sln:miejscRodzaj>Wieś</sln:miejscRodzaj><sln:powIIPId>87a03da4-a657-452c-a8f0-aa66c86c06ac</sln:powIIPId><sln:powIIPPn>PL.PZGIK.200</sln:powIIPPn><sln:powIIPWersja>2017-10-10T00:00:00+02:00</sln:powIIPWersja><sln:powIdTeryt>2417</sln:powIdTeryt><sln:powNazwa>żywiecki</sln:powNazwa><sln:waznyOd>2014-11-26T00:00:00+01:00</sln:waznyOd><sln:wojIIPId>98a63fe6-1e56-4d05-9c47-ab4233f8a6ff</sln:wojIIPId><sln:wojIIPPn>PL.PZGIK.200</sln:wojIIPPn><sln:wojIIPWersja>2017-10-10T00:00:00+02:00</sln:wojIIPWersja><sln:wojIdTeryt>24</sln:wojIdTeryt><sln:wojNazwa>śląskie</sln:wojNazwa></sln:miejscowosc><sln:miejscowosc><sln:cyklZyciaOd>2017-04-18T00:00:00+02:00</sln:cyklZyciaOd><sln:gmIIPId>9ec1bc94-8134-4b30-a01a-abac2cc81812</sln:gmIIPId><sln:gmIIPPn>PL.PZGIK.200</sln:gmIIPPn><sln:gmIIPWersja>2012-09-26T22:27:09+02:00</sln:gmIIPWersja><sln:gmIdTeryt>2417122</sln:gmIdTeryt><sln:gmNazwa>Ślemień</sln:gmNazwa><sln:miejscIIPId>965574dc-b64a-4518-9539-c66935e1a912</sln:miejscIIPId><sln:miejscIIPPn>PL.PZGIK.200</sln:miejscIIPPn><sln:miejscIIPWersja>2017-04-18T15:02:49+02:00</sln:miejscIIPWersja><sln:miejscIdTeryt>0071610</sln:miejscIdTeryt><sln:miejscNazwa>Las</sln:miejscNazwa><sln:miejscRodzaj>Wieś</sln:miejscRodzaj><sln:powIIPId>87a03da4-a657-452c-a8f0-aa66c86c06ac</sln:powIIPId><sln:powIIPPn>PL.PZGIK.200</sln:powIIPPn><sln:powIIPWersja>2017-10-10T00:00:00+02:00</sln:powIIPWersja><sln:powIdTeryt>2417</sln:powIdTeryt><sln:powNazwa>żywiecki</sln:powNazwa><sln:waznyOd>2014-11-26T00:00:00+01:00</sln:waznyOd><sln:wojIIPId>98a63fe6-1e56-4d05-9c47-ab4233f8a6ff</sln:wojIIPId><sln:wojIIPPn>PL.PZGIK.200</sln:wojIIPPn><sln:wojIIPWersja>2017-10-10T00:00:00+02:00</sln:wojIIPWersja><sln:wojIdTeryt>24</sln:wojIdTeryt><sln:wojNazwa>śląskie</sln:wojNazwa></sln:miejscowosc><sln:miejscowosc><sln:cyklZyciaOd>2017-04-18T00:00:00+02:00</sln:cyklZyciaOd><sln:gmIIPId>9ec1bc94-8134-4b30-a01a-abac2cc81812</sln:gmIIPId><sln:gmIIPPn>PL.PZGIK.200</sln:gmIIPPn><sln:gmIIPWersja>2012-09-26T22:27:09+02:00</sln:gmIIPWersja><sln:gmIdTeryt>2417122</sln:gmIdTeryt><sln:gmNazwa>Ślemień</sln:gmNazwa><sln:miejscIIPId>3cbb8c08-50c9-4b5d-83a5-22ca210aee4b</sln:miejscIIPId><sln:miejscIIPPn>PL.PZGIK.200</sln:miejscIIPPn><sln:miejscIIPWersja>2017-04-18T15:02:49+02:00</sln:miejscIIPWersja><sln:miejscIdTeryt>0071840</sln:miejscIdTeryt><sln:miejscNazwa>Ślemień</sln:miejscNazwa><sln:miejscRodzaj>Wieś</sln:miejscRodzaj><sln:powIIPId>87a03da4-a657-452c-a8f0-aa66c86c06ac</sln:powIIPId><sln:powIIPPn>PL.PZGIK.200</sln:powIIPPn><sln:powIIPWersja>2017-10-10T00:00:00+02:00</sln:powIIPWersja><sln:powIdTeryt>2417</sln:powIdTeryt><sln:powNazwa>żywiecki</sln:powNazwa><sln:waznyOd>2014-11-26T00:00:00+01:00</sln:waznyOd><sln:wojIIPId>98a63fe6-1e56-4d05-9c47-ab4233f8a6ff</sln:wojIIPId><sln:wojIIPPn>PL.PZGIK.200</sln:wojIIPPn><sln:wojIIPWersja>2017-10-10T00:00:00+02:00</sln:wojIIPWersja><sln:wojIdTeryt>24</sln:wojIdTeryt><sln:wojNazwa>śląskie</sln:wojNazwa></sln:miejscowosc></sln:lista-miejscowosci>