<?xml version="1.0" encoding="UTF-8" standalone="yes"?><sln:lista-miejscowosci xmlns:srv="http://gugik.gov.pl/schemas/slowniki-service/1.0" xmlns:sln="http://gugik.gov.pl/schemas/slowniki-schema/1.0"><sln:miejscowosc><sln:cyklZyciaOd>2016-06-07T00:00:00+02:00</sln:cyklZyciaOd><sln:gmIIPId>2bf53a41-f4f1-4c69-b14d-ed2c156bb956</sln:gmIIPId><sln:gmIIPPn>PL.PZGIK.200</sln:gmIIPPn><sln:gmIIPWersja>2012-09-26T22:27:39+02:00</sln:gmIIPWersja><sln:gmIdTeryt>2470011</sln:gmIdTeryt><sln:gmNazwa>Mysłowice</sln:gmNazwa><sln:miejscIIPId>4dc37d91-37bd-49e5-b073-3124cfa68c45</sln:miejscIIPId><sln:miejscIIPPn>PL.PZGIK.200</sln:miejscIIPPn><sln:miejscIIPWersja>2016-11-24T14:04:20+02:00</sln:miejscIIPWersja><sln:miejscIdTeryt>0941487</sln:miejscIdTeryt><sln:miejscNazwa>Mysłowice</sln:miejscNazwa><sln:miejscRodzaj>Miasto</sln:miejscRodzaj><sln:powIIPId>224e1aa2-5aa3-458f-a4ad-e8a58eff97e9</sln:powIIPId><sln:powIIPPn>PL.PZGIK.200</sln:powIIPPn><sln:powIIPWersja>2012-09-27T09:34:20+02:00</sln:powIIPWersja><sln:powIdTeryt>2470</sln:powIdTeryt><sln:powNazwa>Mysłowice</sln:powNazwa><sln:wojIIPId>98a63fe6-1e56-4d05-9c47-ab4233f8a6ff</sln:wojIIPId><sln:wojIIPPn>PL.PZGIK.200</sln:wojIIPPn><sln:wojIIPWersja>2017-10-10T00:00:00+02:00</sln:wojIIPWersja><sln:wojIdTeryt>24</sln:wojIdTeryt><sln:wojNazwa>śląskie</sln:wojNazwa></sln:miejscowosc><sln:miejscowosc><sln:cyklZyciaDo>2017-05-19T00:00:00+02:00</sln:cyklZyciaDo><sln:cyklZyciaOd>2016-06-07T00:00:00+02:00</sln:cyklZyciaOd><sln:gmIIPId>2bf53a41-f4f1-4c69-b14d-ed2c156bb956</sln:gmIIPId><sln:gmIIPPn>PL.PZGIK.200</sln:gmIIPPn><sln:gmIIPWersja>2012-09-26T22:27:39+02:00</sln:gmIIPWersja><sln:gmIdTeryt>2470011</sln:gmIdTeryt><sln:gmNazwa>Mysłowice</sln:gmNazwa><sln:miejscIIPId>24e3d80d-95e5-43d9-8dd1-51d771e243ce</sln:miejscIIPId><sln:miejscIIPPn>PL.PZGIK.200</sln:miejscIIPPn><sln:miejscIIPWersja>2016-11-24T14:10:29+02:00</sln:miejscIIPWersja><sln:miejscIdTeryt>0941487</sln:miejscIdTeryt><sln:miejscNazwa>Mysłowice</sln:miejscNazwa><sln:miejscRodzaj>Miasto</sln:miejscRodzaj><sln:powIIPId>224e1aa2-5aa3-458f-a4ad-e8a58eff97e9</sln:powIIPId><sln:powIIPPn>PL.PZGIK.200</sln:powIIPPn><sln:powIIPWersja>2012-09-27T09:34:20+02:00</sln:powIIPWersja><sln:powIdTeryt>2470</sln:powIdTeryt><sln:powNazwa>Mysłowice</sln:powNazwa><sln:wojIIPId>98a63fe6-1e56-4d05-9c47-ab4233f8a6ff</sln:wojIIPId><sln:wojIIPPn>PL.PZGIK.200</sln:wojIIPPn><sln:wojIIPWersja>2017-10-10T00:00:00+02:00</sln:wojIIPWersja><sln:wojIdTeryt>24</sln:wojIdTeryt><sln:wojNazwa>śląskie</sln:wojNazwa></sln:miejscowosc></sln:lista-miejscowosci>