<?xml version="1.0" encoding="UTF-8" standalone="yes"?><sln:lista-miejscowosci xmlns:srv="http://gugik.gov.pl/schemas/slowniki-service/1.0" xmlns:sln="http://gugik.gov.pl/schemas/slowniki-schema/1.0"><sln:miejscowosc><sln:cyklZyciaOd>2014-10-08T00:00:00+02:00</sln:cyklZyciaOd><sln:gmIIPId>f8af7d15-2ac2-4c9c-8816-d7f372f134d7</sln:gmIIPId><sln:gmIIPPn>PL.PZGIK.200</sln:gmIIPPn><sln:gmIIPWersja>2012-09-26T22:25:41+02:00</sln:gmIIPWersja><sln:gmIdTeryt>2405042</sln:gmIdTeryt><sln:gmNazwa>Pilchowice</sln:gmNazwa><sln:miejscIIPId>9ccca98e-6a72-4677-9a93-12b3a45247fd</sln:miejscIIPId><sln:miejscIIPPn>PL.PZGIK.200</sln:miejscIIPPn><sln:miejscIIPWersja>2016-11-24T13:31:08+02:00</sln:miejscIIPWersja><sln:miejscIdTeryt>0219052</sln:miejscIdTeryt><sln:miejscNazwa>Stanica</sln:miejscNazwa><sln:miejscRodzaj>Wieś</sln:miejscRodzaj><sln:powIIPId>6b32441a-4fce-4379-8626-fae9d7935133</sln:powIIPId><sln:powIIPPn>PL.PZGIK.200</sln:powIIPPn><sln:powIIPWersja>2012-09-27T09:34:20+02:00</sln:powIIPWersja><sln:powIdTeryt>2405</sln:powIdTeryt><sln:powNazwa>gliwicki</sln:powNazwa><sln:wojIIPId>98a63fe6-1e56-4d05-9c47-ab4233f8a6ff</sln:wojIIPId><sln:wojIIPPn>PL.PZGIK.200</sln:wojIIPPn><sln:wojIIPWersja>2017-10-10T00:00:00+02:00</sln:wojIIPWersja><sln:wojIdTeryt>24</sln:wojIdTeryt><sln:wojNazwa>śląskie</sln:wojNazwa></sln:miejscowosc><sln:miejscowosc><sln:cyklZyciaOd>2014-10-08T00:00:00+02:00</sln:cyklZyciaOd><sln:gmIIPId>f8af7d15-2ac2-4c9c-8816-d7f372f134d7</sln:gmIIPId><sln:gmIIPPn>PL.PZGIK.200</sln:gmIIPPn><sln:gmIIPWersja>2012-09-26T22:25:41+02:00</sln:gmIIPWersja><sln:gmIdTeryt>2405042</sln:gmIdTeryt><sln:gmNazwa>Pilchowice</sln:gmNazwa><sln:miejscIIPId>cdc94f20-0964-4ffa-a1f4-bc2f7aed8639</sln:miejscIIPId><sln:miejscIIPPn>PL.PZGIK.200</sln:miejscIIPPn><sln:miejscIIPWersja>2016-11-24T13:40:56+02:00</sln:miejscIIPWersja><sln:miejscIdTeryt>0219017</sln:miejscIdTeryt><sln:miejscNazwa>Leboszowice</sln:miejscNazwa><sln:miejscRodzaj>Wieś</sln:miejscRodzaj><sln:powIIPId>6b32441a-4fce-4379-8626-fae9d7935133</sln:powIIPId><sln:powIIPPn>PL.PZGIK.200</sln:powIIPPn><sln:powIIPWersja>2012-09-27T09:34:20+02:00</sln:powIIPWersja><sln:powIdTeryt>2405</sln:powIdTeryt><sln:powNazwa>gliwicki</sln:powNazwa><sln:wojIIPId>98a63fe6-1e56-4d05-9c47-ab4233f8a6ff</sln:wojIIPId><sln:wojIIPPn>PL.PZGIK.200</sln:wojIIPPn><sln:wojIIPWersja>2017-10-10T00:00:00+02:00</sln:wojIIPWersja><sln:wojIdTeryt>24</sln:wojIdTeryt><sln:wojNazwa>śląskie</sln:wojNazwa></sln:miejscowosc><sln:miejscowosc><sln:cyklZyciaOd>2014-10-08T00:00:00+02:00</sln:cyklZyciaOd><sln:gmIIPId>f8af7d15-2ac2-4c9c-8816-d7f372f134d7</sln:gmIIPId><sln:gmIIPPn>PL.PZGIK.200</sln:gmIIPPn><sln:gmIIPWersja>2012-09-26T22:25:41+02:00</sln:gmIIPWersja><sln:gmIdTeryt>2405042</sln:gmIdTeryt><sln:gmNazwa>Pilchowice</sln:gmNazwa><sln:miejscIIPId>8ce752a9-7165-4603-a1a8-2e0aee8a1c6d</sln:miejscIIPId><sln:miejscIIPPn>PL.PZGIK.200</sln:miejscIIPPn><sln:miejscIIPWersja>2016-11-24T13:35:09+02:00</sln:miejscIIPWersja><sln:miejscIdTeryt>0219075</sln:miejscIdTeryt><sln:miejscNazwa>Żernica</sln:miejscNazwa><sln:miejscRodzaj>Wieś</sln:miejscRodzaj><sln:powIIPId>6b32441a-4fce-4379-8626-fae9d7935133</sln:powIIPId><sln:powIIPPn>PL.PZGIK.200</sln:powIIPPn><sln:powIIPWersja>2012-09-27T09:34:20+02:00</sln:powIIPWersja><sln:powIdTeryt>2405</sln:powIdTeryt><sln:powNazwa>gliwicki</sln:powNazwa><sln:wojIIPId>98a63fe6-1e56-4d05-9c47-ab4233f8a6ff</sln:wojIIPId><sln:wojIIPPn>PL.PZGIK.200</sln:wojIIPPn><sln:wojIIPWersja>2017-10-10T00:00:00+02:00</sln:wojIIPWersja><sln:wojIdTeryt>24</sln:wojIdTeryt><sln:wojNazwa>śląskie</sln:wojNazwa></sln:miejscowosc><sln:miejscowosc><sln:cyklZyciaDo>2017-01-26T00:00:00+01:00</sln:cyklZyciaDo><sln:cyklZyciaOd>2014-10-08T00:00:00+02:00</sln:cyklZyciaOd><sln:gmIIPId>f8af7d15-2ac2-4c9c-8816-d7f372f134d7</sln:gmIIPId><sln:gmIIPPn>PL.PZGIK.200</sln:gmIIPPn><sln:gmIIPWersja>2012-09-26T22:25:41+02:00</sln:gmIIPWersja><sln:gmIdTeryt>2405042</sln:gmIdTeryt><sln:gmNazwa>Pilchowice</sln:gmNazwa><sln:miejscIIPId>62992c24-d1ac-4900-8305-2108000f16a1</sln:miejscIIPId><sln:miejscIIPPn>PL.PZGIK.200</sln:miejscIIPPn><sln:miejscIIPWersja>2016-11-24T13:27:58+02:00</sln:miejscIIPWersja><sln:miejscIdTeryt>3002397</sln:miejscIdTeryt><sln:miejscNazwa>Marszałki</sln:miejscNazwa><sln:miejscRodzaj>Inny obiekt</sln:miejscRodzaj><sln:powIIPId>6b32441a-4fce-4379-8626-fae9d7935133</sln:powIIPId><sln:powIIPPn>PL.PZGIK.200</sln:powIIPPn><sln:powIIPWersja>2012-09-27T09:34:20+02:00</sln:powIIPWersja><sln:powIdTeryt>2405</sln:powIdTeryt><sln:powNazwa>gliwicki</sln:powNazwa><sln:wojIIPId>98a63fe6-1e56-4d05-9c47-ab4233f8a6ff</sln:wojIIPId><sln:wojIIPPn>PL.PZGIK.200</sln:wojIIPPn><sln:wojIIPWersja>2017-10-10T00:00:00+02:00</sln:wojIIPWersja><sln:wojIdTeryt>24</sln:wojIdTeryt><sln:wojNazwa>śląskie</sln:wojNazwa></sln:miejscowosc><sln:miejscowosc><sln:cyklZyciaDo>2017-01-26T00:00:00+01:00</sln:cyklZyciaDo><sln:cyklZyciaOd>2014-10-08T00:00:00+02:00</sln:cyklZyciaOd><sln:gmIIPId>f8af7d15-2ac2-4c9c-8816-d7f372f134d7</sln:gmIIPId><sln:gmIIPPn>PL.PZGIK.200</sln:gmIIPPn><sln:gmIIPWersja>2012-09-26T22:25:41+02:00</sln:gmIIPWersja><sln:gmIdTeryt>2405042</sln:gmIdTeryt><sln:gmNazwa>Pilchowice</sln:gmNazwa><sln:miejscIIPId>b5c1fc78-1774-41fb-a5cb-59bdceab8da3</sln:miejscIIPId><sln:miejscIIPPn>PL.PZGIK.200</sln:miejscIIPPn><sln:miejscIIPWersja>2016-11-24T13:27:58+02:00</sln:miejscIIPWersja><sln:miejscIdTeryt>3002376</sln:miejscIdTeryt><sln:miejscNazwa>Bierawka</sln:miejscNazwa><sln:miejscRodzaj>Inny obiekt</sln:miejscRodzaj><sln:powIIPId>6b32441a-4fce-4379-8626-fae9d7935133</sln:powIIPId><sln:powIIPPn>PL.PZGIK.200</sln:powIIPPn><sln:powIIPWersja>2012-09-27T09:34:20+02:00</sln:powIIPWersja><sln:powIdTeryt>2405</sln:powIdTeryt><sln:powNazwa>gliwicki</sln:powNazwa><sln:wojIIPId>98a63fe6-1e56-4d05-9c47-ab4233f8a6ff</sln:wojIIPId><sln:wojIIPPn>PL.PZGIK.200</sln:wojIIPPn><sln:wojIIPWersja>2017-10-10T00:00:00+02:00</sln:wojIIPWersja><sln:wojIdTeryt>24</sln:wojIdTeryt><sln:wojNazwa>śląskie</sln:wojNazwa></sln:miejscowosc><sln:miejscowosc><sln:cyklZyciaDo>2017-01-26T00:00:00+01:00</sln:cyklZyciaDo><sln:cyklZyciaOd>2014-10-08T00:00:00+02:00</sln:cyklZyciaOd><sln:gmIIPId>f8af7d15-2ac2-4c9c-8816-d7f372f134d7</sln:gmIIPId><sln:gmIIPPn>PL.PZGIK.200</sln:gmIIPPn><sln:gmIIPWersja>2012-09-26T22:25:41+02:00</sln:gmIIPWersja><sln:gmIdTeryt>2405042</sln:gmIdTeryt><sln:gmNazwa>Pilchowice</sln:gmNazwa><sln:miejscIIPId>05435243-dbaf-43ab-baed-b6bb6e518062</sln:miejscIIPId><sln:miejscIIPPn>PL.PZGIK.200</sln:miejscIIPPn><sln:miejscIIPWersja>2016-11-24T13:27:58+02:00</sln:miejscIIPWersja><sln:miejscIdTeryt>3002411</sln:miejscIdTeryt><sln:miejscNazwa>Trześniówka</sln:miejscNazwa><sln:miejscRodzaj>Inny obiekt</sln:miejscRodzaj><sln:powIIPId>6b32441a-4fce-4379-8626-fae9d7935133</sln:powIIPId><sln:powIIPPn>PL.PZGIK.200</sln:powIIPPn><sln:powIIPWersja>2012-09-27T09:34:20+02:00</sln:powIIPWersja><sln:powIdTeryt>2405</sln:powIdTeryt><sln:powNazwa>gliwicki</sln:powNazwa><sln:wojIIPId>98a63fe6-1e56-4d05-9c47-ab4233f8a6ff</sln:wojIIPId><sln:wojIIPPn>PL.PZGIK.200</sln:wojIIPPn><sln:wojIIPWersja>2017-10-10T00:00:00+02:00</sln:wojIIPWersja><sln:wojIdTeryt>24</sln:wojIdTeryt><sln:wojNazwa>śląskie</sln:wojNazwa></sln:miejscowosc><sln:miejscowosc><sln:cyklZyciaOd>2014-10-08T00:00:00+02:00</sln:cyklZyciaOd><sln:gmIIPId>f8af7d15-2ac2-4c9c-8816-d7f372f134d7</sln:gmIIPId><sln:gmIIPPn>PL.PZGIK.200</sln:gmIIPPn><sln:gmIIPWersja>2012-09-26T22:25:41+02:00</sln:gmIIPWersja><sln:gmIdTeryt>2405042</sln:gmIdTeryt><sln:gmNazwa>Pilchowice</sln:gmNazwa><sln:miejscIIPId>20b509ab-457d-4d58-b552-c752266e1345</sln:miejscIIPId><sln:miejscIIPPn>PL.PZGIK.200</sln:miejscIIPPn><sln:miejscIIPWersja>2016-11-24T13:40:50+02:00</sln:miejscIIPWersja><sln:miejscIdTeryt>0219000</sln:miejscIdTeryt><sln:miejscNazwa>Kuźnia Nieborowska</sln:miejscNazwa><sln:miejscRodzaj>Wieś</sln:miejscRodzaj><sln:powIIPId>6b32441a-4fce-4379-8626-fae9d7935133</sln:powIIPId><sln:powIIPPn>PL.PZGIK.200</sln:powIIPPn><sln:powIIPWersja>2012-09-27T09:34:20+02:00</sln:powIIPWersja><sln:powIdTeryt>2405</sln:powIdTeryt><sln:powNazwa>gliwicki</sln:powNazwa><sln:wojIIPId>98a63fe6-1e56-4d05-9c47-ab4233f8a6ff</sln:wojIIPId><sln:wojIIPPn>PL.PZGIK.200</sln:wojIIPPn><sln:wojIIPWersja>2017-10-10T00:00:00+02:00</sln:wojIIPWersja><sln:wojIdTeryt>24</sln:wojIdTeryt><sln:wojNazwa>śląskie</sln:wojNazwa></sln:miejscowosc><sln:miejscowosc><sln:cyklZyciaOd>2014-10-08T00:00:00+02:00</sln:cyklZyciaOd><sln:gmIIPId>f8af7d15-2ac2-4c9c-8816-d7f372f134d7</sln:gmIIPId><sln:gmIIPPn>PL.PZGIK.200</sln:gmIIPPn><sln:gmIIPWersja>2012-09-26T22:25:41+02:00</sln:gmIIPWersja><sln:gmIdTeryt>2405042</sln:gmIdTeryt><sln:gmNazwa>Pilchowice</sln:gmNazwa><sln:miejscIIPId>10f160ac-592c-48fa-90c2-24f9420b7e0e</sln:miejscIIPId><sln:miejscIIPPn>PL.PZGIK.200</sln:miejscIIPPn><sln:miejscIIPWersja>2016-11-24T13:28:06+02:00</sln:miejscIIPWersja><sln:miejscIdTeryt>0219046</sln:miejscIdTeryt><sln:miejscNazwa>Pilchowice</sln:miejscNazwa><sln:miejscRodzaj>Wieś</sln:miejscRodzaj><sln:powIIPId>6b32441a-4fce-4379-8626-fae9d7935133</sln:powIIPId><sln:powIIPPn>PL.PZGIK.200</sln:powIIPPn><sln:powIIPWersja>2012-09-27T09:34:20+02:00</sln:powIIPWersja><sln:powIdTeryt>2405</sln:powIdTeryt><sln:powNazwa>gliwicki</sln:powNazwa><sln:wojIIPId>98a63fe6-1e56-4d05-9c47-ab4233f8a6ff</sln:wojIIPId><sln:wojIIPPn>PL.PZGIK.200</sln:wojIIPPn><sln:wojIIPWersja>2017-10-10T00:00:00+02:00</sln:wojIIPWersja><sln:wojIdTeryt>24</sln:wojIdTeryt><sln:wojNazwa>śląskie</sln:wojNazwa></sln:miejscowosc><sln:miejscowosc><sln:cyklZyciaOd>2014-10-08T00:00:00+02:00</sln:cyklZyciaOd><sln:gmIIPId>f8af7d15-2ac2-4c9c-8816-d7f372f134d7</sln:gmIIPId><sln:gmIIPPn>PL.PZGIK.200</sln:gmIIPPn><sln:gmIIPWersja>2012-09-26T22:25:41+02:00</sln:gmIIPWersja><sln:gmIdTeryt>2405042</sln:gmIdTeryt><sln:gmNazwa>Pilchowice</sln:gmNazwa><sln:miejscIIPId>c41b02ba-4973-4310-a267-abdb297bad48</sln:miejscIIPId><sln:miejscIIPPn>PL.PZGIK.200</sln:miejscIIPPn><sln:miejscIIPWersja>2016-11-24T13:33:17+02:00</sln:miejscIIPWersja><sln:miejscIdTeryt>0219069</sln:miejscIdTeryt><sln:miejscNazwa>Wilcza</sln:miejscNazwa><sln:miejscRodzaj>Wieś</sln:miejscRodzaj><sln:powIIPId>6b32441a-4fce-4379-8626-fae9d7935133</sln:powIIPId><sln:powIIPPn>PL.PZGIK.200</sln:powIIPPn><sln:powIIPWersja>2012-09-27T09:34:20+02:00</sln:powIIPWersja><sln:powIdTeryt>2405</sln:powIdTeryt><sln:powNazwa>gliwicki</sln:powNazwa><sln:wojIIPId>98a63fe6-1e56-4d05-9c47-ab4233f8a6ff</sln:wojIIPId><sln:wojIIPPn>PL.PZGIK.200</sln:wojIIPPn><sln:wojIIPWersja>2017-10-10T00:00:00+02:00</sln:wojIIPWersja><sln:wojIdTeryt>24</sln:wojIdTeryt><sln:wojNazwa>śląskie</sln:wojNazwa></sln:miejscowosc><sln:miejscowosc><sln:cyklZyciaDo>2017-01-26T00:00:00+01:00</sln:cyklZyciaDo><sln:cyklZyciaOd>2014-10-08T00:00:00+02:00</sln:cyklZyciaOd><sln:gmIIPId>f8af7d15-2ac2-4c9c-8816-d7f372f134d7</sln:gmIIPId><sln:gmIIPPn>PL.PZGIK.200</sln:gmIIPPn><sln:gmIIPWersja>2012-09-26T22:25:41+02:00</sln:gmIIPWersja><sln:gmIdTeryt>2405042</sln:gmIdTeryt><sln:gmNazwa>Pilchowice</sln:gmNazwa><sln:miejscIIPId>7307e761-120e-42f3-a5ab-78b52a741d3f</sln:miejscIIPId><sln:miejscIIPPn>PL.PZGIK.200</sln:miejscIIPPn><sln:miejscIIPWersja>2016-11-24T13:27:58+02:00</sln:miejscIIPWersja><sln:miejscIdTeryt>3002399</sln:miejscIdTeryt><sln:miejscNazwa>Mysia Góra</sln:miejscNazwa><sln:miejscRodzaj>Inny obiekt</sln:miejscRodzaj><sln:powIIPId>6b32441a-4fce-4379-8626-fae9d7935133</sln:powIIPId><sln:powIIPPn>PL.PZGIK.200</sln:powIIPPn><sln:powIIPWersja>2012-09-27T09:34:20+02:00</sln:powIIPWersja><sln:powIdTeryt>2405</sln:powIdTeryt><sln:powNazwa>gliwicki</sln:powNazwa><sln:wojIIPId>98a63fe6-1e56-4d05-9c47-ab4233f8a6ff</sln:wojIIPId><sln:wojIIPPn>PL.PZGIK.200</sln:wojIIPPn><sln:wojIIPWersja>2017-10-10T00:00:00+02:00</sln:wojIIPWersja><sln:wojIdTeryt>24</sln:wojIdTeryt><sln:wojNazwa>śląskie</sln:wojNazwa></sln:miejscowosc><sln:miejscowosc><sln:cyklZyciaDo>2017-01-26T00:00:00+01:00</sln:cyklZyciaDo><sln:cyklZyciaOd>2014-10-08T00:00:00+02:00</sln:cyklZyciaOd><sln:gmIIPId>f8af7d15-2ac2-4c9c-8816-d7f372f134d7</sln:gmIIPId><sln:gmIIPPn>PL.PZGIK.200</sln:gmIIPPn><sln:gmIIPWersja>2012-09-26T22:25:41+02:00</sln:gmIIPWersja><sln:gmIdTeryt>2405042</sln:gmIdTeryt><sln:gmNazwa>Pilchowice</sln:gmNazwa><sln:miejscIIPId>d3b8c6bb-c421-4063-8ce0-33f629aa154b</sln:miejscIIPId><sln:miejscIIPPn>PL.PZGIK.200</sln:miejscIIPPn><sln:miejscIIPWersja>2016-11-24T13:27:58+02:00</sln:miejscIIPWersja><sln:miejscIdTeryt>3002412</sln:miejscIdTeryt><sln:miejscNazwa>Kolonia Wilcza</sln:miejscNazwa><sln:miejscRodzaj>Inny obiekt</sln:miejscRodzaj><sln:powIIPId>6b32441a-4fce-4379-8626-fae9d7935133</sln:powIIPId><sln:powIIPPn>PL.PZGIK.200</sln:powIIPPn><sln:powIIPWersja>2012-09-27T09:34:20+02:00</sln:powIIPWersja><sln:powIdTeryt>2405</sln:powIdTeryt><sln:powNazwa>gliwicki</sln:powNazwa><sln:wojIIPId>98a63fe6-1e56-4d05-9c47-ab4233f8a6ff</sln:wojIIPId><sln:wojIIPPn>PL.PZGIK.200</sln:wojIIPPn><sln:wojIIPWersja>2017-10-10T00:00:00+02:00</sln:wojIIPWersja><sln:wojIdTeryt>24</sln:wojIdTeryt><sln:wojNazwa>śląskie</sln:wojNazwa></sln:miejscowosc><sln:miejscowosc><sln:cyklZyciaDo>2017-01-26T00:00:00+01:00</sln:cyklZyciaDo><sln:cyklZyciaOd>2014-10-08T00:00:00+02:00</sln:cyklZyciaOd><sln:gmIIPId>f8af7d15-2ac2-4c9c-8816-d7f372f134d7</sln:gmIIPId><sln:gmIIPPn>PL.PZGIK.200</sln:gmIIPPn><sln:gmIIPWersja>2012-09-26T22:25:41+02:00</sln:gmIIPWersja><sln:gmIdTeryt>2405042</sln:gmIdTeryt><sln:gmNazwa>Pilchowice</sln:gmNazwa><sln:miejscIIPId>3f8ff38b-cedd-4ab1-9817-317114b52cb9</sln:miejscIIPId><sln:miejscIIPPn>PL.PZGIK.200</sln:miejscIIPPn><sln:miejscIIPWersja>2016-11-24T13:27:58+02:00</sln:miejscIIPWersja><sln:miejscIdTeryt>3002382</sln:miejscIdTeryt><sln:miejscNazwa>Domy Celne</sln:miejscNazwa><sln:miejscRodzaj>Inny obiekt</sln:miejscRodzaj><sln:powIIPId>6b32441a-4fce-4379-8626-fae9d7935133</sln:powIIPId><sln:powIIPPn>PL.PZGIK.200</sln:powIIPPn><sln:powIIPWersja>2012-09-27T09:34:20+02:00</sln:powIIPWersja><sln:powIdTeryt>2405</sln:powIdTeryt><sln:powNazwa>gliwicki</sln:powNazwa><sln:wojIIPId>98a63fe6-1e56-4d05-9c47-ab4233f8a6ff</sln:wojIIPId><sln:wojIIPPn>PL.PZGIK.200</sln:wojIIPPn><sln:wojIIPWersja>2017-10-10T00:00:00+02:00</sln:wojIIPWersja><sln:wojIdTeryt>24</sln:wojIdTeryt><sln:wojNazwa>śląskie</sln:wojNazwa></sln:miejscowosc><sln:miejscowosc><sln:cyklZyciaDo>2017-01-26T00:00:00+01:00</sln:cyklZyciaDo><sln:cyklZyciaOd>2014-10-08T00:00:00+02:00</sln:cyklZyciaOd><sln:gmIIPId>f8af7d15-2ac2-4c9c-8816-d7f372f134d7</sln:gmIIPId><sln:gmIIPPn>PL.PZGIK.200</sln:gmIIPPn><sln:gmIIPWersja>2012-09-26T22:25:41+02:00</sln:gmIIPWersja><sln:gmIdTeryt>2405042</sln:gmIdTeryt><sln:gmNazwa>Pilchowice</sln:gmNazwa><sln:miejscIIPId>7b365ebe-0f3d-49ad-8400-d312d72695a9</sln:miejscIIPId><sln:miejscIIPPn>PL.PZGIK.200</sln:miejscIIPPn><sln:miejscIIPWersja>2016-11-24T13:27:58+02:00</sln:miejscIIPWersja><sln:miejscIdTeryt>3002387</sln:miejscIdTeryt><sln:miejscNazwa>Górniki</sln:miejscNazwa><sln:miejscRodzaj>Inny obiekt</sln:miejscRodzaj><sln:powIIPId>6b32441a-4fce-4379-8626-fae9d7935133</sln:powIIPId><sln:powIIPPn>PL.PZGIK.200</sln:powIIPPn><sln:powIIPWersja>2012-09-27T09:34:20+02:00</sln:powIIPWersja><sln:powIdTeryt>2405</sln:powIdTeryt><sln:powNazwa>gliwicki</sln:powNazwa><sln:wojIIPId>98a63fe6-1e56-4d05-9c47-ab4233f8a6ff</sln:wojIIPId><sln:wojIIPPn>PL.PZGIK.200</sln:wojIIPPn><sln:wojIIPWersja>2017-10-10T00:00:00+02:00</sln:wojIIPWersja><sln:wojIdTeryt>24</sln:wojIdTeryt><sln:wojNazwa>śląskie</sln:wojNazwa></sln:miejscowosc><sln:miejscowosc><sln:cyklZyciaDo>2017-01-26T00:00:00+01:00</sln:cyklZyciaDo><sln:cyklZyciaOd>2014-10-08T00:00:00+02:00</sln:cyklZyciaOd><sln:gmIIPId>f8af7d15-2ac2-4c9c-8816-d7f372f134d7</sln:gmIIPId><sln:gmIIPPn>PL.PZGIK.200</sln:gmIIPPn><sln:gmIIPWersja>2012-09-26T22:25:41+02:00</sln:gmIIPWersja><sln:gmIdTeryt>2405042</sln:gmIdTeryt><sln:gmNazwa>Pilchowice</sln:gmNazwa><sln:miejscIIPId>1a151c89-90ce-491d-969b-4baf3751b5f6</sln:miejscIIPId><sln:miejscIIPPn>PL.PZGIK.200</sln:miejscIIPPn><sln:miejscIIPWersja>2016-11-24T13:27:58+02:00</sln:miejscIIPWersja><sln:miejscIdTeryt>3002386</sln:miejscIdTeryt><sln:miejscNazwa>Górka</sln:miejscNazwa><sln:miejscRodzaj>Inny obiekt</sln:miejscRodzaj><sln:powIIPId>6b32441a-4fce-4379-8626-fae9d7935133</sln:powIIPId><sln:powIIPPn>PL.PZGIK.200</sln:powIIPPn><sln:powIIPWersja>2012-09-27T09:34:20+02:00</sln:powIIPWersja><sln:powIdTeryt>2405</sln:powIdTeryt><sln:powNazwa>gliwicki</sln:powNazwa><sln:wojIIPId>98a63fe6-1e56-4d05-9c47-ab4233f8a6ff</sln:wojIIPId><sln:wojIIPPn>PL.PZGIK.200</sln:wojIIPPn><sln:wojIIPWersja>2017-10-10T00:00:00+02:00</sln:wojIIPWersja><sln:wojIdTeryt>24</sln:wojIdTeryt><sln:wojNazwa>śląskie</sln:wojNazwa></sln:miejscowosc><sln:miejscowosc><sln:cyklZyciaDo>2017-01-26T00:00:00+01:00</sln:cyklZyciaDo><sln:cyklZyciaOd>2014-10-08T00:00:00+02:00</sln:cyklZyciaOd><sln:gmIIPId>f8af7d15-2ac2-4c9c-8816-d7f372f134d7</sln:gmIIPId><sln:gmIIPPn>PL.PZGIK.200</sln:gmIIPPn><sln:gmIIPWersja>2012-09-26T22:25:41+02:00</sln:gmIIPWersja><sln:gmIdTeryt>2405042</sln:gmIdTeryt><sln:gmNazwa>Pilchowice</sln:gmNazwa><sln:miejscIIPId>f97ee933-3ae6-40a8-8394-51f7d2284c12</sln:miejscIIPId><sln:miejscIIPPn>PL.PZGIK.200</sln:miejscIIPPn><sln:miejscIIPWersja>2016-11-24T13:27:58+02:00</sln:miejscIIPWersja><sln:miejscIdTeryt>3002381</sln:miejscIdTeryt><sln:miejscNazwa>Dolna Wieś</sln:miejscNazwa><sln:miejscRodzaj>Inny obiekt</sln:miejscRodzaj><sln:powIIPId>6b32441a-4fce-4379-8626-fae9d7935133</sln:powIIPId><sln:powIIPPn>PL.PZGIK.200</sln:powIIPPn><sln:powIIPWersja>2012-09-27T09:34:20+02:00</sln:powIIPWersja><sln:powIdTeryt>2405</sln:powIdTeryt><sln:powNazwa>gliwicki</sln:powNazwa><sln:wojIIPId>98a63fe6-1e56-4d05-9c47-ab4233f8a6ff</sln:wojIIPId><sln:wojIIPPn>PL.PZGIK.200</sln:wojIIPPn><sln:wojIIPWersja>2017-10-10T00:00:00+02:00</sln:wojIIPWersja><sln:wojIdTeryt>24</sln:wojIdTeryt><sln:wojNazwa>śląskie</sln:wojNazwa></sln:miejscowosc><sln:miejscowosc><sln:cyklZyciaOd>2014-10-08T00:00:00+02:00</sln:cyklZyciaOd><sln:gmIIPId>f8af7d15-2ac2-4c9c-8816-d7f372f134d7</sln:gmIIPId><sln:gmIIPPn>PL.PZGIK.200</sln:gmIIPPn><sln:gmIIPWersja>2012-09-26T22:25:41+02:00</sln:gmIIPWersja><sln:gmIdTeryt>2405042</sln:gmIdTeryt><sln:gmNazwa>Pilchowice</sln:gmNazwa><sln:miejscIIPId>d52bcc5d-7629-4e72-a5f5-f084fb4621cd</sln:miejscIIPId><sln:miejscIIPPn>PL.PZGIK.200</sln:miejscIIPPn><sln:miejscIIPWersja>2016-11-24T13:42:53+02:00</sln:miejscIIPWersja><sln:miejscIdTeryt>0219023</sln:miejscIdTeryt><sln:miejscNazwa>Nieborowice</sln:miejscNazwa><sln:miejscRodzaj>Wieś</sln:miejscRodzaj><sln:powIIPId>6b32441a-4fce-4379-8626-fae9d7935133</sln:powIIPId><sln:powIIPPn>PL.PZGIK.200</sln:powIIPPn><sln:powIIPWersja>2012-09-27T09:34:20+02:00</sln:powIIPWersja><sln:powIdTeryt>2405</sln:powIdTeryt><sln:powNazwa>gliwicki</sln:powNazwa><sln:wojIIPId>98a63fe6-1e56-4d05-9c47-ab4233f8a6ff</sln:wojIIPId><sln:wojIIPPn>PL.PZGIK.200</sln:wojIIPPn><sln:wojIIPWersja>2017-10-10T00:00:00+02:00</sln:wojIIPWersja><sln:wojIdTeryt>24</sln:wojIdTeryt><sln:wojNazwa>śląskie</sln:wojNazwa></sln:miejscowosc><sln:miejscowosc><sln:cyklZyciaDo>2017-01-26T00:00:00+01:00</sln:cyklZyciaDo><sln:cyklZyciaOd>2014-10-08T00:00:00+02:00</sln:cyklZyciaOd><sln:gmIIPId>f8af7d15-2ac2-4c9c-8816-d7f372f134d7</sln:gmIIPId><sln:gmIIPPn>PL.PZGIK.200</sln:gmIIPPn><sln:gmIIPWersja>2012-09-26T22:25:41+02:00</sln:gmIIPWersja><sln:gmIdTeryt>2405042</sln:gmIdTeryt><sln:gmNazwa>Pilchowice</sln:gmNazwa><sln:miejscIIPId>29a192b6-4ed0-4ad8-a1d0-3f37e24d95a0</sln:miejscIIPId><sln:miejscIIPPn>PL.PZGIK.200</sln:miejscIIPPn><sln:miejscIIPWersja>2016-11-24T13:27:58+02:00</sln:miejscIIPWersja><sln:miejscIdTeryt>3002398</sln:miejscIdTeryt><sln:miejscNazwa>Młyn</sln:miejscNazwa><sln:miejscRodzaj>Inny obiekt</sln:miejscRodzaj><sln:powIIPId>6b32441a-4fce-4379-8626-fae9d7935133</sln:powIIPId><sln:powIIPPn>PL.PZGIK.200</sln:powIIPPn><sln:powIIPWersja>2012-09-27T09:34:20+02:00</sln:powIIPWersja><sln:powIdTeryt>2405</sln:powIdTeryt><sln:powNazwa>gliwicki</sln:powNazwa><sln:wojIIPId>98a63fe6-1e56-4d05-9c47-ab4233f8a6ff</sln:wojIIPId><sln:wojIIPPn>PL.PZGIK.200</sln:wojIIPPn><sln:wojIIPWersja>2017-10-10T00:00:00+02:00</sln:wojIIPWersja><sln:wojIdTeryt>24</sln:wojIdTeryt><sln:wojNazwa>śląskie</sln:wojNazwa></sln:miejscowosc><sln:miejscowosc><sln:cyklZyciaDo>2017-01-26T00:00:00+01:00</sln:cyklZyciaDo><sln:cyklZyciaOd>2014-10-08T00:00:00+02:00</sln:cyklZyciaOd><sln:gmIIPId>f8af7d15-2ac2-4c9c-8816-d7f372f134d7</sln:gmIIPId><sln:gmIIPPn>PL.PZGIK.200</sln:gmIIPPn><sln:gmIIPWersja>2012-09-26T22:25:41+02:00</sln:gmIIPWersja><sln:gmIdTeryt>2405042</sln:gmIdTeryt><sln:gmNazwa>Pilchowice</sln:gmNazwa><sln:miejscIIPId>4fd14c3c-11d6-411d-8a4b-757380cc5907</sln:miejscIIPId><sln:miejscIIPPn>PL.PZGIK.200</sln:miejscIIPPn><sln:miejscIIPWersja>2016-11-24T13:27:58+02:00</sln:miejscIIPWersja><sln:miejscIdTeryt>3002415</sln:miejscIdTeryt><sln:miejscNazwa>Wojtki</sln:miejscNazwa><sln:miejscRodzaj>Inny obiekt</sln:miejscRodzaj><sln:powIIPId>6b32441a-4fce-4379-8626-fae9d7935133</sln:powIIPId><sln:powIIPPn>PL.PZGIK.200</sln:powIIPPn><sln:powIIPWersja>2012-09-27T09:34:20+02:00</sln:powIIPWersja><sln:powIdTeryt>2405</sln:powIdTeryt><sln:powNazwa>gliwicki</sln:powNazwa><sln:wojIIPId>98a63fe6-1e56-4d05-9c47-ab4233f8a6ff</sln:wojIIPId><sln:wojIIPPn>PL.PZGIK.200</sln:wojIIPPn><sln:wojIIPWersja>2017-10-10T00:00:00+02:00</sln:wojIIPWersja><sln:wojIdTeryt>24</sln:wojIdTeryt><sln:wojNazwa>śląskie</sln:wojNazwa></sln:miejscowosc><sln:miejscowosc><sln:cyklZyciaDo>2017-01-26T00:00:00+01:00</sln:cyklZyciaDo><sln:cyklZyciaOd>2014-10-08T00:00:00+02:00</sln:cyklZyciaOd><sln:gmIIPId>f8af7d15-2ac2-4c9c-8816-d7f372f134d7</sln:gmIIPId><sln:gmIIPPn>PL.PZGIK.200</sln:gmIIPPn><sln:gmIIPWersja>2012-09-26T22:25:41+02:00</sln:gmIIPWersja><sln:gmIdTeryt>2405042</sln:gmIdTeryt><sln:gmNazwa>Pilchowice</sln:gmNazwa><sln:miejscIIPId>025e3b3d-df9e-4c80-92bf-913445346130</sln:miejscIIPId><sln:miejscIIPPn>PL.PZGIK.200</sln:miejscIIPPn><sln:miejscIIPWersja>2016-11-24T13:27:58+02:00</sln:miejscIIPWersja><sln:miejscIdTeryt>3002417</sln:miejscIdTeryt><sln:miejscNazwa>Zalesie</sln:miejscNazwa><sln:miejscRodzaj>Inny obiekt</sln:miejscRodzaj><sln:powIIPId>6b32441a-4fce-4379-8626-fae9d7935133</sln:powIIPId><sln:powIIPPn>PL.PZGIK.200</sln:powIIPPn><sln:powIIPWersja>2012-09-27T09:34:20+02:00</sln:powIIPWersja><sln:powIdTeryt>2405</sln:powIdTeryt><sln:powNazwa>gliwicki</sln:powNazwa><sln:wojIIPId>98a63fe6-1e56-4d05-9c47-ab4233f8a6ff</sln:wojIIPId><sln:wojIIPPn>PL.PZGIK.200</sln:wojIIPPn><sln:wojIIPWersja>2017-10-10T00:00:00+02:00</sln:wojIIPWersja><sln:wojIdTeryt>24</sln:wojIdTeryt><sln:wojNazwa>śląskie</sln:wojNazwa></sln:miejscowosc><sln:miejscowosc><sln:cyklZyciaDo>2017-01-26T00:00:00+01:00</sln:cyklZyciaDo><sln:cyklZyciaOd>2014-10-08T00:00:00+02:00</sln:cyklZyciaOd><sln:gmIIPId>f8af7d15-2ac2-4c9c-8816-d7f372f134d7</sln:gmIIPId><sln:gmIIPPn>PL.PZGIK.200</sln:gmIIPPn><sln:gmIIPWersja>2012-09-26T22:25:41+02:00</sln:gmIIPWersja><sln:gmIdTeryt>2405042</sln:gmIdTeryt><sln:gmNazwa>Pilchowice</sln:gmNazwa><sln:miejscIIPId>61ee90c4-e814-4570-b912-6994bdac276a</sln:miejscIIPId><sln:miejscIIPPn>PL.PZGIK.200</sln:miejscIIPPn><sln:miejscIIPWersja>2016-11-24T13:27:58+02:00</sln:miejscIIPWersja><sln:miejscIdTeryt>3002421</sln:miejscIdTeryt><sln:miejscNazwa>Kolonia Żernica</sln:miejscNazwa><sln:miejscRodzaj>Inny obiekt</sln:miejscRodzaj><sln:powIIPId>6b32441a-4fce-4379-8626-fae9d7935133</sln:powIIPId><sln:powIIPPn>PL.PZGIK.200</sln:powIIPPn><sln:powIIPWersja>2012-09-27T09:34:20+02:00</sln:powIIPWersja><sln:powIdTeryt>2405</sln:powIdTeryt><sln:powNazwa>gliwicki</sln:powNazwa><sln:wojIIPId>98a63fe6-1e56-4d05-9c47-ab4233f8a6ff</sln:wojIIPId><sln:wojIIPPn>PL.PZGIK.200</sln:wojIIPPn><sln:wojIIPWersja>2017-10-10T00:00:00+02:00</sln:wojIIPWersja><sln:wojIdTeryt>24</sln:wojIdTeryt><sln:wojNazwa>śląskie</sln:wojNazwa></sln:miejscowosc></sln:lista-miejscowosci>