<?xml version="1.0" encoding="UTF-8" standalone="yes"?><sln:lista-miejscowosci xmlns:srv="http://gugik.gov.pl/schemas/slowniki-service/1.0" xmlns:sln="http://gugik.gov.pl/schemas/slowniki-schema/1.0"><sln:miejscowosc><sln:cyklZyciaOd>2014-12-04T00:00:00+01:00</sln:cyklZyciaOd><sln:gmIIPId>94597b0b-d02e-4262-995c-ec7c7765eb08</sln:gmIIPId><sln:gmIIPPn>PL.PZGIK.200</sln:gmIIPPn><sln:gmIIPWersja>2012-09-26T22:26:07+02:00</sln:gmIIPWersja><sln:gmIdTeryt>2411062</sln:gmIdTeryt><sln:gmNazwa>Nędza</sln:gmNazwa><sln:miejscIIPId>6ae85a3e-48cd-4310-ba1d-1e49c2fbce53</sln:miejscIIPId><sln:miejscIIPPn>PL.PZGIK.200</sln:miejscIIPPn><sln:miejscIIPWersja>2016-11-24T13:36:25+02:00</sln:miejscIIPWersja><sln:miejscIdTeryt>3010870</sln:miejscIdTeryt><sln:miejscNazwa>Markowiak</sln:miejscNazwa><sln:miejscRodzaj>Inny obiekt</sln:miejscRodzaj><sln:powIIPId>84b0d335-0b97-48f5-875f-f5aae0797195</sln:powIIPId><sln:powIIPPn>PL.PZGIK.200</sln:powIIPPn><sln:powIIPWersja>2017-10-10T00:00:00+02:00</sln:powIIPWersja><sln:powIdTeryt>2411</sln:powIdTeryt><sln:powNazwa>raciborski</sln:powNazwa><sln:wojIIPId>98a63fe6-1e56-4d05-9c47-ab4233f8a6ff</sln:wojIIPId><sln:wojIIPPn>PL.PZGIK.200</sln:wojIIPPn><sln:wojIIPWersja>2017-10-10T00:00:00+02:00</sln:wojIIPWersja><sln:wojIdTeryt>24</sln:wojIdTeryt><sln:wojNazwa>śląskie</sln:wojNazwa></sln:miejscowosc><sln:miejscowosc><sln:cyklZyciaOd>2014-12-04T00:00:00+01:00</sln:cyklZyciaOd><sln:gmIIPId>94597b0b-d02e-4262-995c-ec7c7765eb08</sln:gmIIPId><sln:gmIIPPn>PL.PZGIK.200</sln:gmIIPPn><sln:gmIIPWersja>2012-09-26T22:26:07+02:00</sln:gmIIPWersja><sln:gmIdTeryt>2411062</sln:gmIdTeryt><sln:gmNazwa>Nędza</sln:gmNazwa><sln:miejscIIPId>3e121d29-61d9-4377-ab63-bd02f37110aa</sln:miejscIIPId><sln:miejscIIPPn>PL.PZGIK.200</sln:miejscIIPPn><sln:miejscIIPWersja>2016-11-24T13:42:53+02:00</sln:miejscIIPWersja><sln:miejscIdTeryt>0217627</sln:miejscIdTeryt><sln:miejscNazwa>Nędza</sln:miejscNazwa><sln:miejscRodzaj>Wieś</sln:miejscRodzaj><sln:powIIPId>84b0d335-0b97-48f5-875f-f5aae0797195</sln:powIIPId><sln:powIIPPn>PL.PZGIK.200</sln:powIIPPn><sln:powIIPWersja>2017-10-10T00:00:00+02:00</sln:powIIPWersja><sln:powIdTeryt>2411</sln:powIdTeryt><sln:powNazwa>raciborski</sln:powNazwa><sln:wojIIPId>98a63fe6-1e56-4d05-9c47-ab4233f8a6ff</sln:wojIIPId><sln:wojIIPPn>PL.PZGIK.200</sln:wojIIPPn><sln:wojIIPWersja>2017-10-10T00:00:00+02:00</sln:wojIIPWersja><sln:wojIdTeryt>24</sln:wojIdTeryt><sln:wojNazwa>śląskie</sln:wojNazwa></sln:miejscowosc><sln:miejscowosc><sln:cyklZyciaOd>2014-12-04T00:00:00+01:00</sln:cyklZyciaOd><sln:gmIIPId>94597b0b-d02e-4262-995c-ec7c7765eb08</sln:gmIIPId><sln:gmIIPPn>PL.PZGIK.200</sln:gmIIPPn><sln:gmIIPWersja>2012-09-26T22:26:07+02:00</sln:gmIIPWersja><sln:gmIdTeryt>2411062</sln:gmIdTeryt><sln:gmNazwa>Nędza</sln:gmNazwa><sln:miejscIIPId>b45fec75-66b6-4c8c-8ca0-923d459d78e6</sln:miejscIIPId><sln:miejscIIPPn>PL.PZGIK.200</sln:miejscIIPPn><sln:miejscIIPWersja>2016-11-24T13:36:25+02:00</sln:miejscIIPWersja><sln:miejscIdTeryt>3010875</sln:miejscIdTeryt><sln:miejscNazwa>Mała Nędza</sln:miejscNazwa><sln:miejscRodzaj>Inny obiekt</sln:miejscRodzaj><sln:powIIPId>84b0d335-0b97-48f5-875f-f5aae0797195</sln:powIIPId><sln:powIIPPn>PL.PZGIK.200</sln:powIIPPn><sln:powIIPWersja>2017-10-10T00:00:00+02:00</sln:powIIPWersja><sln:powIdTeryt>2411</sln:powIdTeryt><sln:powNazwa>raciborski</sln:powNazwa><sln:wojIIPId>98a63fe6-1e56-4d05-9c47-ab4233f8a6ff</sln:wojIIPId><sln:wojIIPPn>PL.PZGIK.200</sln:wojIIPPn><sln:wojIIPWersja>2017-10-10T00:00:00+02:00</sln:wojIIPWersja><sln:wojIdTeryt>24</sln:wojIdTeryt><sln:wojNazwa>śląskie</sln:wojNazwa></sln:miejscowosc><sln:miejscowosc><sln:cyklZyciaOd>2014-12-04T00:00:00+01:00</sln:cyklZyciaOd><sln:gmIIPId>94597b0b-d02e-4262-995c-ec7c7765eb08</sln:gmIIPId><sln:gmIIPPn>PL.PZGIK.200</sln:gmIIPPn><sln:gmIIPWersja>2012-09-26T22:26:07+02:00</sln:gmIIPWersja><sln:gmIdTeryt>2411062</sln:gmIdTeryt><sln:gmNazwa>Nędza</sln:gmNazwa><sln:miejscIIPId>814ae5b8-7b26-4f35-a0cf-03eaa39e38da</sln:miejscIIPId><sln:miejscIIPPn>PL.PZGIK.200</sln:miejscIIPPn><sln:miejscIIPWersja>2016-11-24T13:41:33+02:00</sln:miejscIIPWersja><sln:miejscIdTeryt>0217610</sln:miejscIdTeryt><sln:miejscNazwa>Łęg</sln:miejscNazwa><sln:miejscRodzaj>Wieś</sln:miejscRodzaj><sln:powIIPId>84b0d335-0b97-48f5-875f-f5aae0797195</sln:powIIPId><sln:powIIPPn>PL.PZGIK.200</sln:powIIPPn><sln:powIIPWersja>2017-10-10T00:00:00+02:00</sln:powIIPWersja><sln:powIdTeryt>2411</sln:powIdTeryt><sln:powNazwa>raciborski</sln:powNazwa><sln:wojIIPId>98a63fe6-1e56-4d05-9c47-ab4233f8a6ff</sln:wojIIPId><sln:wojIIPPn>PL.PZGIK.200</sln:wojIIPPn><sln:wojIIPWersja>2017-10-10T00:00:00+02:00</sln:wojIIPWersja><sln:wojIdTeryt>24</sln:wojIdTeryt><sln:wojNazwa>śląskie</sln:wojNazwa></sln:miejscowosc><sln:miejscowosc><sln:cyklZyciaOd>2014-12-04T00:00:00+01:00</sln:cyklZyciaOd><sln:gmIIPId>94597b0b-d02e-4262-995c-ec7c7765eb08</sln:gmIIPId><sln:gmIIPPn>PL.PZGIK.200</sln:gmIIPPn><sln:gmIIPWersja>2012-09-26T22:26:07+02:00</sln:gmIIPWersja><sln:gmIdTeryt>2411062</sln:gmIdTeryt><sln:gmNazwa>Nędza</sln:gmNazwa><sln:miejscIIPId>e3879de0-d368-4d2b-8b9c-699bd3dbddce</sln:miejscIIPId><sln:miejscIIPPn>PL.PZGIK.200</sln:miejscIIPPn><sln:miejscIIPWersja>2016-11-24T13:36:25+02:00</sln:miejscIIPWersja><sln:miejscIdTeryt>3010873</sln:miejscIdTeryt><sln:miejscNazwa>Rogol</sln:miejscNazwa><sln:miejscRodzaj>Inny obiekt</sln:miejscRodzaj><sln:powIIPId>84b0d335-0b97-48f5-875f-f5aae0797195</sln:powIIPId><sln:powIIPPn>PL.PZGIK.200</sln:powIIPPn><sln:powIIPWersja>2017-10-10T00:00:00+02:00</sln:powIIPWersja><sln:powIdTeryt>2411</sln:powIdTeryt><sln:powNazwa>raciborski</sln:powNazwa><sln:wojIIPId>98a63fe6-1e56-4d05-9c47-ab4233f8a6ff</sln:wojIIPId><sln:wojIIPPn>PL.PZGIK.200</sln:wojIIPPn><sln:wojIIPWersja>2017-10-10T00:00:00+02:00</sln:wojIIPWersja><sln:wojIdTeryt>24</sln:wojIdTeryt><sln:wojNazwa>śląskie</sln:wojNazwa></sln:miejscowosc><sln:miejscowosc><sln:cyklZyciaOd>2014-12-04T00:00:00+01:00</sln:cyklZyciaOd><sln:gmIIPId>94597b0b-d02e-4262-995c-ec7c7765eb08</sln:gmIIPId><sln:gmIIPPn>PL.PZGIK.200</sln:gmIIPPn><sln:gmIIPWersja>2012-09-26T22:26:07+02:00</sln:gmIIPWersja><sln:gmIdTeryt>2411062</sln:gmIdTeryt><sln:gmNazwa>Nędza</sln:gmNazwa><sln:miejscIIPId>5dd71213-c5f2-46f2-b3c7-1e3e2365ce6d</sln:miejscIIPId><sln:miejscIIPPn>PL.PZGIK.200</sln:miejscIIPPn><sln:miejscIIPWersja>2016-11-24T13:31:44+02:00</sln:miejscIIPWersja><sln:miejscIdTeryt>0217580</sln:miejscIdTeryt><sln:miejscNazwa>Babice</sln:miejscNazwa><sln:miejscRodzaj>Wieś</sln:miejscRodzaj><sln:powIIPId>84b0d335-0b97-48f5-875f-f5aae0797195</sln:powIIPId><sln:powIIPPn>PL.PZGIK.200</sln:powIIPPn><sln:powIIPWersja>2017-10-10T00:00:00+02:00</sln:powIIPWersja><sln:powIdTeryt>2411</sln:powIdTeryt><sln:powNazwa>raciborski</sln:powNazwa><sln:wojIIPId>98a63fe6-1e56-4d05-9c47-ab4233f8a6ff</sln:wojIIPId><sln:wojIIPPn>PL.PZGIK.200</sln:wojIIPPn><sln:wojIIPWersja>2017-10-10T00:00:00+02:00</sln:wojIIPWersja><sln:wojIdTeryt>24</sln:wojIdTeryt><sln:wojNazwa>śląskie</sln:wojNazwa></sln:miejscowosc><sln:miejscowosc><sln:cyklZyciaOd>2014-12-04T00:00:00+01:00</sln:cyklZyciaOd><sln:gmIIPId>94597b0b-d02e-4262-995c-ec7c7765eb08</sln:gmIIPId><sln:gmIIPPn>PL.PZGIK.200</sln:gmIIPPn><sln:gmIIPWersja>2012-09-26T22:26:07+02:00</sln:gmIIPWersja><sln:gmIdTeryt>2411062</sln:gmIdTeryt><sln:gmNazwa>Nędza</sln:gmNazwa><sln:miejscIIPId>c7b0f645-0510-4879-b175-9782b2ddefa2</sln:miejscIIPId><sln:miejscIIPPn>PL.PZGIK.200</sln:miejscIIPPn><sln:miejscIIPWersja>2016-11-24T13:51:07+02:00</sln:miejscIIPWersja><sln:miejscIdTeryt>1003012</sln:miejscIdTeryt><sln:miejscNazwa>Orzeszków</sln:miejscNazwa><sln:miejscRodzaj>Inny obiekt</sln:miejscRodzaj><sln:powIIPId>84b0d335-0b97-48f5-875f-f5aae0797195</sln:powIIPId><sln:powIIPPn>PL.PZGIK.200</sln:powIIPPn><sln:powIIPWersja>2017-10-10T00:00:00+02:00</sln:powIIPWersja><sln:powIdTeryt>2411</sln:powIdTeryt><sln:powNazwa>raciborski</sln:powNazwa><sln:wojIIPId>98a63fe6-1e56-4d05-9c47-ab4233f8a6ff</sln:wojIIPId><sln:wojIIPPn>PL.PZGIK.200</sln:wojIIPPn><sln:wojIIPWersja>2017-10-10T00:00:00+02:00</sln:wojIIPWersja><sln:wojIdTeryt>24</sln:wojIdTeryt><sln:wojNazwa>śląskie</sln:wojNazwa></sln:miejscowosc><sln:miejscowosc><sln:cyklZyciaOd>2014-12-04T00:00:00+01:00</sln:cyklZyciaOd><sln:gmIIPId>94597b0b-d02e-4262-995c-ec7c7765eb08</sln:gmIIPId><sln:gmIIPPn>PL.PZGIK.200</sln:gmIIPPn><sln:gmIIPWersja>2012-09-26T22:26:07+02:00</sln:gmIIPWersja><sln:gmIdTeryt>2411062</sln:gmIdTeryt><sln:gmNazwa>Nędza</sln:gmNazwa><sln:miejscIIPId>39b3983f-366a-4b81-8a8f-e21f1016700c</sln:miejscIIPId><sln:miejscIIPPn>PL.PZGIK.200</sln:miejscIIPPn><sln:miejscIIPWersja>2016-11-24T13:35:32+02:00</sln:miejscIIPWersja><sln:miejscIdTeryt>0217596</sln:miejscIdTeryt><sln:miejscNazwa>Ciechowice</sln:miejscNazwa><sln:miejscRodzaj>Wieś</sln:miejscRodzaj><sln:powIIPId>84b0d335-0b97-48f5-875f-f5aae0797195</sln:powIIPId><sln:powIIPPn>PL.PZGIK.200</sln:powIIPPn><sln:powIIPWersja>2017-10-10T00:00:00+02:00</sln:powIIPWersja><sln:powIdTeryt>2411</sln:powIdTeryt><sln:powNazwa>raciborski</sln:powNazwa><sln:wojIIPId>98a63fe6-1e56-4d05-9c47-ab4233f8a6ff</sln:wojIIPId><sln:wojIIPPn>PL.PZGIK.200</sln:wojIIPPn><sln:wojIIPWersja>2017-10-10T00:00:00+02:00</sln:wojIIPWersja><sln:wojIdTeryt>24</sln:wojIdTeryt><sln:wojNazwa>śląskie</sln:wojNazwa></sln:miejscowosc><sln:miejscowosc><sln:cyklZyciaOd>2014-12-04T00:00:00+01:00</sln:cyklZyciaOd><sln:gmIIPId>94597b0b-d02e-4262-995c-ec7c7765eb08</sln:gmIIPId><sln:gmIIPPn>PL.PZGIK.200</sln:gmIIPPn><sln:gmIIPWersja>2012-09-26T22:26:07+02:00</sln:gmIIPWersja><sln:gmIdTeryt>2411062</sln:gmIdTeryt><sln:gmNazwa>Nędza</sln:gmNazwa><sln:miejscIIPId>1b979d8b-5a09-4019-96a3-a89bcee17c32</sln:miejscIIPId><sln:miejscIIPPn>PL.PZGIK.200</sln:miejscIIPPn><sln:miejscIIPWersja>2016-11-24T13:32:06+02:00</sln:miejscIIPWersja><sln:miejscIdTeryt>0217656</sln:miejscIdTeryt><sln:miejscNazwa>Szymocice</sln:miejscNazwa><sln:miejscRodzaj>Wieś</sln:miejscRodzaj><sln:powIIPId>84b0d335-0b97-48f5-875f-f5aae0797195</sln:powIIPId><sln:powIIPPn>PL.PZGIK.200</sln:powIIPPn><sln:powIIPWersja>2017-10-10T00:00:00+02:00</sln:powIIPWersja><sln:powIdTeryt>2411</sln:powIdTeryt><sln:powNazwa>raciborski</sln:powNazwa><sln:wojIIPId>98a63fe6-1e56-4d05-9c47-ab4233f8a6ff</sln:wojIIPId><sln:wojIIPPn>PL.PZGIK.200</sln:wojIIPPn><sln:wojIIPWersja>2017-10-10T00:00:00+02:00</sln:wojIIPWersja><sln:wojIdTeryt>24</sln:wojIdTeryt><sln:wojNazwa>śląskie</sln:wojNazwa></sln:miejscowosc><sln:miejscowosc><sln:cyklZyciaOd>2014-12-04T00:00:00+01:00</sln:cyklZyciaOd><sln:gmIIPId>94597b0b-d02e-4262-995c-ec7c7765eb08</sln:gmIIPId><sln:gmIIPPn>PL.PZGIK.200</sln:gmIIPPn><sln:gmIIPWersja>2012-09-26T22:26:07+02:00</sln:gmIIPWersja><sln:gmIdTeryt>2411062</sln:gmIdTeryt><sln:gmNazwa>Nędza</sln:gmNazwa><sln:miejscIIPId>02bcc105-fc8e-4591-84a3-2256a5d0668c</sln:miejscIIPId><sln:miejscIIPPn>PL.PZGIK.200</sln:miejscIIPPn><sln:miejscIIPWersja>2016-11-24T13:34:37+02:00</sln:miejscIIPWersja><sln:miejscIdTeryt>0217662</sln:miejscIdTeryt><sln:miejscNazwa>Zawada Książęca</sln:miejscNazwa><sln:miejscRodzaj>Wieś</sln:miejscRodzaj><sln:powIIPId>84b0d335-0b97-48f5-875f-f5aae0797195</sln:powIIPId><sln:powIIPPn>PL.PZGIK.200</sln:powIIPPn><sln:powIIPWersja>2017-10-10T00:00:00+02:00</sln:powIIPWersja><sln:powIdTeryt>2411</sln:powIdTeryt><sln:powNazwa>raciborski</sln:powNazwa><sln:wojIIPId>98a63fe6-1e56-4d05-9c47-ab4233f8a6ff</sln:wojIIPId><sln:wojIIPPn>PL.PZGIK.200</sln:wojIIPPn><sln:wojIIPWersja>2017-10-10T00:00:00+02:00</sln:wojIIPWersja><sln:wojIdTeryt>24</sln:wojIdTeryt><sln:wojNazwa>śląskie</sln:wojNazwa></sln:miejscowosc><sln:miejscowosc><sln:cyklZyciaOd>2014-12-04T00:00:00+01:00</sln:cyklZyciaOd><sln:gmIIPId>94597b0b-d02e-4262-995c-ec7c7765eb08</sln:gmIIPId><sln:gmIIPPn>PL.PZGIK.200</sln:gmIIPPn><sln:gmIIPWersja>2012-09-26T22:26:07+02:00</sln:gmIIPWersja><sln:gmIdTeryt>2411062</sln:gmIdTeryt><sln:gmNazwa>Nędza</sln:gmNazwa><sln:miejscIIPId>57c595eb-71d4-49f2-91f8-c212783fdfd4</sln:miejscIIPId><sln:miejscIIPPn>PL.PZGIK.200</sln:miejscIIPPn><sln:miejscIIPWersja>2016-11-24T13:58:24+02:00</sln:miejscIIPWersja><sln:miejscIdTeryt>0217633</sln:miejscIdTeryt><sln:miejscNazwa>Piła</sln:miejscNazwa><sln:miejscRodzaj>Inny obiekt</sln:miejscRodzaj><sln:powIIPId>84b0d335-0b97-48f5-875f-f5aae0797195</sln:powIIPId><sln:powIIPPn>PL.PZGIK.200</sln:powIIPPn><sln:powIIPWersja>2017-10-10T00:00:00+02:00</sln:powIIPWersja><sln:powIdTeryt>2411</sln:powIdTeryt><sln:powNazwa>raciborski</sln:powNazwa><sln:wojIIPId>98a63fe6-1e56-4d05-9c47-ab4233f8a6ff</sln:wojIIPId><sln:wojIIPPn>PL.PZGIK.200</sln:wojIIPPn><sln:wojIIPWersja>2017-10-10T00:00:00+02:00</sln:wojIIPWersja><sln:wojIdTeryt>24</sln:wojIdTeryt><sln:wojNazwa>śląskie</sln:wojNazwa></sln:miejscowosc><sln:miejscowosc><sln:cyklZyciaOd>2014-12-04T00:00:00+01:00</sln:cyklZyciaOd><sln:gmIIPId>94597b0b-d02e-4262-995c-ec7c7765eb08</sln:gmIIPId><sln:gmIIPPn>PL.PZGIK.200</sln:gmIIPPn><sln:gmIIPWersja>2012-09-26T22:26:07+02:00</sln:gmIIPWersja><sln:gmIdTeryt>2411062</sln:gmIdTeryt><sln:gmNazwa>Nędza</sln:gmNazwa><sln:miejscIIPId>ad5890b4-ee2c-401f-a8cc-d745688100bc</sln:miejscIIPId><sln:miejscIIPPn>PL.PZGIK.200</sln:miejscIIPPn><sln:miejscIIPWersja>2016-11-24T13:58:24+02:00</sln:miejscIIPWersja><sln:miejscIdTeryt>0217640</sln:miejscIdTeryt><sln:miejscNazwa>Trawniki</sln:miejscNazwa><sln:miejscRodzaj>Inny obiekt</sln:miejscRodzaj><sln:powIIPId>84b0d335-0b97-48f5-875f-f5aae0797195</sln:powIIPId><sln:powIIPPn>PL.PZGIK.200</sln:powIIPPn><sln:powIIPWersja>2017-10-10T00:00:00+02:00</sln:powIIPWersja><sln:powIdTeryt>2411</sln:powIdTeryt><sln:powNazwa>raciborski</sln:powNazwa><sln:wojIIPId>98a63fe6-1e56-4d05-9c47-ab4233f8a6ff</sln:wojIIPId><sln:wojIIPPn>PL.PZGIK.200</sln:wojIIPPn><sln:wojIIPWersja>2017-10-10T00:00:00+02:00</sln:wojIIPWersja><sln:wojIdTeryt>24</sln:wojIdTeryt><sln:wojNazwa>śląskie</sln:wojNazwa></sln:miejscowosc><sln:miejscowosc><sln:cyklZyciaOd>2014-12-04T00:00:00+01:00</sln:cyklZyciaOd><sln:gmIIPId>94597b0b-d02e-4262-995c-ec7c7765eb08</sln:gmIIPId><sln:gmIIPPn>PL.PZGIK.200</sln:gmIIPPn><sln:gmIIPWersja>2012-09-26T22:26:07+02:00</sln:gmIIPWersja><sln:gmIdTeryt>2411062</sln:gmIdTeryt><sln:gmNazwa>Nędza</sln:gmNazwa><sln:miejscIIPId>1fcf226d-f2a1-4c67-ac72-2e2eed49cdd9</sln:miejscIIPId><sln:miejscIIPPn>PL.PZGIK.200</sln:miejscIIPPn><sln:miejscIIPWersja>2016-11-24T13:37:40+02:00</sln:miejscIIPWersja><sln:miejscIdTeryt>0217604</sln:miejscIdTeryt><sln:miejscNazwa>Górki Śląskie</sln:miejscNazwa><sln:miejscRodzaj>Wieś</sln:miejscRodzaj><sln:powIIPId>84b0d335-0b97-48f5-875f-f5aae0797195</sln:powIIPId><sln:powIIPPn>PL.PZGIK.200</sln:powIIPPn><sln:powIIPWersja>2017-10-10T00:00:00+02:00</sln:powIIPWersja><sln:powIdTeryt>2411</sln:powIdTeryt><sln:powNazwa>raciborski</sln:powNazwa><sln:wojIIPId>98a63fe6-1e56-4d05-9c47-ab4233f8a6ff</sln:wojIIPId><sln:wojIIPPn>PL.PZGIK.200</sln:wojIIPPn><sln:wojIIPWersja>2017-10-10T00:00:00+02:00</sln:wojIIPWersja><sln:wojIdTeryt>24</sln:wojIdTeryt><sln:wojNazwa>śląskie</sln:wojNazwa></sln:miejscowosc></sln:lista-miejscowosci>