<?xml version="1.0" encoding="UTF-8" standalone="yes"?><sln:lista-miejscowosci xmlns:srv="http://gugik.gov.pl/schemas/slowniki-service/1.0" xmlns:sln="http://gugik.gov.pl/schemas/slowniki-schema/1.0"><sln:miejscowosc><sln:cyklZyciaOd>2014-11-28T00:00:00+01:00</sln:cyklZyciaOd><sln:gmIIPId>f22f4d1f-daa7-4b96-b0ac-c0a5bfe075f8</sln:gmIIPId><sln:gmIIPPn>PL.PZGIK.200</sln:gmIIPPn><sln:gmIIPWersja>2012-09-26T22:27:09+02:00</sln:gmIIPWersja><sln:gmIdTeryt>2417082</sln:gmIdTeryt><sln:gmNazwa>Łodygowice</sln:gmNazwa><sln:miejscIIPId>83743002-b6bd-4ee0-bcc5-658a9853e564</sln:miejscIIPId><sln:miejscIIPPn>PL.PZGIK.200</sln:miejscIIPPn><sln:miejscIIPWersja>2016-11-24T13:41:36+02:00</sln:miejscIIPWersja><sln:miejscIdTeryt>0059559</sln:miejscIdTeryt><sln:miejscNazwa>Łodygowice</sln:miejscNazwa><sln:miejscRodzaj>Wieś</sln:miejscRodzaj><sln:powIIPId>87a03da4-a657-452c-a8f0-aa66c86c06ac</sln:powIIPId><sln:powIIPPn>PL.PZGIK.200</sln:powIIPPn><sln:powIIPWersja>2017-10-10T00:00:00+02:00</sln:powIIPWersja><sln:powIdTeryt>2417</sln:powIdTeryt><sln:powNazwa>żywiecki</sln:powNazwa><sln:wojIIPId>98a63fe6-1e56-4d05-9c47-ab4233f8a6ff</sln:wojIIPId><sln:wojIIPPn>PL.PZGIK.200</sln:wojIIPPn><sln:wojIIPWersja>2017-10-10T00:00:00+02:00</sln:wojIIPWersja><sln:wojIdTeryt>24</sln:wojIdTeryt><sln:wojNazwa>śląskie</sln:wojNazwa></sln:miejscowosc><sln:miejscowosc><sln:cyklZyciaOd>2014-11-28T00:00:00+01:00</sln:cyklZyciaOd><sln:gmIIPId>f22f4d1f-daa7-4b96-b0ac-c0a5bfe075f8</sln:gmIIPId><sln:gmIIPPn>PL.PZGIK.200</sln:gmIIPPn><sln:gmIIPWersja>2012-09-26T22:27:09+02:00</sln:gmIIPWersja><sln:gmIdTeryt>2417082</sln:gmIdTeryt><sln:gmNazwa>Łodygowice</sln:gmNazwa><sln:miejscIIPId>12656ba7-46db-439a-908c-590a5d06d0ad</sln:miejscIIPId><sln:miejscIIPPn>PL.PZGIK.200</sln:miejscIIPPn><sln:miejscIIPWersja>2016-11-24T13:34:32+02:00</sln:miejscIIPWersja><sln:miejscIdTeryt>0059921</sln:miejscIdTeryt><sln:miejscNazwa>Zarzecze</sln:miejscNazwa><sln:miejscRodzaj>Wieś</sln:miejscRodzaj><sln:powIIPId>87a03da4-a657-452c-a8f0-aa66c86c06ac</sln:powIIPId><sln:powIIPPn>PL.PZGIK.200</sln:powIIPPn><sln:powIIPWersja>2017-10-10T00:00:00+02:00</sln:powIIPWersja><sln:powIdTeryt>2417</sln:powIdTeryt><sln:powNazwa>żywiecki</sln:powNazwa><sln:wojIIPId>98a63fe6-1e56-4d05-9c47-ab4233f8a6ff</sln:wojIIPId><sln:wojIIPPn>PL.PZGIK.200</sln:wojIIPPn><sln:wojIIPWersja>2017-10-10T00:00:00+02:00</sln:wojIIPWersja><sln:wojIdTeryt>24</sln:wojIdTeryt><sln:wojNazwa>śląskie</sln:wojNazwa></sln:miejscowosc><sln:miejscowosc><sln:cyklZyciaOd>2014-11-28T00:00:00+01:00</sln:cyklZyciaOd><sln:gmIIPId>f22f4d1f-daa7-4b96-b0ac-c0a5bfe075f8</sln:gmIIPId><sln:gmIIPPn>PL.PZGIK.200</sln:gmIIPPn><sln:gmIIPWersja>2012-09-26T22:27:09+02:00</sln:gmIIPWersja><sln:gmIdTeryt>2417082</sln:gmIdTeryt><sln:gmNazwa>Łodygowice</sln:gmNazwa><sln:miejscIIPId>957c52fa-39b3-4643-ac6e-fb58b7c15855</sln:miejscIIPId><sln:miejscIIPPn>PL.PZGIK.200</sln:miejscIIPPn><sln:miejscIIPWersja>2016-11-24T13:28:05+02:00</sln:miejscIIPWersja><sln:miejscIdTeryt>0059826</sln:miejscIdTeryt><sln:miejscNazwa>Pietrzykowice</sln:miejscNazwa><sln:miejscRodzaj>Wieś</sln:miejscRodzaj><sln:powIIPId>87a03da4-a657-452c-a8f0-aa66c86c06ac</sln:powIIPId><sln:powIIPPn>PL.PZGIK.200</sln:powIIPPn><sln:powIIPWersja>2017-10-10T00:00:00+02:00</sln:powIIPWersja><sln:powIdTeryt>2417</sln:powIdTeryt><sln:powNazwa>żywiecki</sln:powNazwa><sln:wojIIPId>98a63fe6-1e56-4d05-9c47-ab4233f8a6ff</sln:wojIIPId><sln:wojIIPPn>PL.PZGIK.200</sln:wojIIPPn><sln:wojIIPWersja>2017-10-10T00:00:00+02:00</sln:wojIIPWersja><sln:wojIdTeryt>24</sln:wojIdTeryt><sln:wojNazwa>śląskie</sln:wojNazwa></sln:miejscowosc><sln:miejscowosc><sln:cyklZyciaOd>2014-11-28T00:00:00+01:00</sln:cyklZyciaOd><sln:gmIIPId>f22f4d1f-daa7-4b96-b0ac-c0a5bfe075f8</sln:gmIIPId><sln:gmIIPPn>PL.PZGIK.200</sln:gmIIPPn><sln:gmIIPWersja>2012-09-26T22:27:09+02:00</sln:gmIIPWersja><sln:gmIdTeryt>2417082</sln:gmIdTeryt><sln:gmNazwa>Łodygowice</sln:gmNazwa><sln:miejscIIPId>c9b09fa7-661a-405a-85f4-ecda1a28b675</sln:miejscIIPId><sln:miejscIIPPn>PL.PZGIK.200</sln:miejscIIPPn><sln:miejscIIPWersja>2016-11-24T13:39:47+02:00</sln:miejscIIPWersja><sln:miejscIdTeryt>0059482</sln:miejscIdTeryt><sln:miejscNazwa>Bierna</sln:miejscNazwa><sln:miejscRodzaj>Wieś</sln:miejscRodzaj><sln:powIIPId>87a03da4-a657-452c-a8f0-aa66c86c06ac</sln:powIIPId><sln:powIIPPn>PL.PZGIK.200</sln:powIIPPn><sln:powIIPWersja>2017-10-10T00:00:00+02:00</sln:powIIPWersja><sln:powIdTeryt>2417</sln:powIdTeryt><sln:powNazwa>żywiecki</sln:powNazwa><sln:wojIIPId>98a63fe6-1e56-4d05-9c47-ab4233f8a6ff</sln:wojIIPId><sln:wojIIPPn>PL.PZGIK.200</sln:wojIIPPn><sln:wojIIPWersja>2017-10-10T00:00:00+02:00</sln:wojIIPWersja><sln:wojIdTeryt>24</sln:wojIdTeryt><sln:wojNazwa>śląskie</sln:wojNazwa></sln:miejscowosc></sln:lista-miejscowosci>