<?xml version="1.0" encoding="UTF-8" standalone="yes"?><sln:lista-miejscowosci xmlns:srv="http://gugik.gov.pl/schemas/slowniki-service/1.0" xmlns:sln="http://gugik.gov.pl/schemas/slowniki-schema/1.0"><sln:miejscowosc><sln:cyklZyciaDo>2017-04-18T00:00:00+02:00</sln:cyklZyciaDo><sln:cyklZyciaOd>2015-12-28T00:00:00+01:00</sln:cyklZyciaOd><sln:gmIIPId>4233076e-bc99-4985-ab59-9d12433f30c4</sln:gmIIPId><sln:gmIIPPn>PL.PZGIK.200</sln:gmIIPPn><sln:gmIIPWersja>2012-09-26T22:25:34+02:00</sln:gmIIPWersja><sln:gmIdTeryt>2406052</sln:gmIdTeryt><sln:gmNazwa>Opatów</sln:gmNazwa><sln:miejscIIPId>34dcf558-8f91-411c-b058-e80bb56d6166</sln:miejscIIPId><sln:miejscIIPPn>PL.PZGIK.200</sln:miejscIIPPn><sln:miejscIIPWersja>2016-11-24T09:19:28+02:00</sln:miejscIIPWersja><sln:miejscIdTeryt>0140942</sln:miejscIdTeryt><sln:miejscNazwa>Iwanowice-Naboków</sln:miejscNazwa><sln:miejscRodzaj>Wieś</sln:miejscRodzaj><sln:powIIPId>4c000899-b81d-4b23-aae2-e4aa8af755ef</sln:powIIPId><sln:powIIPPn>PL.PZGIK.200</sln:powIIPPn><sln:powIIPWersja>2012-09-27T09:34:20+02:00</sln:powIIPWersja><sln:powIdTeryt>2406</sln:powIdTeryt><sln:powNazwa>kłobucki</sln:powNazwa><sln:waznyOd>2014-11-14T00:00:00+01:00</sln:waznyOd><sln:wojIIPId>98a63fe6-1e56-4d05-9c47-ab4233f8a6ff</sln:wojIIPId><sln:wojIIPPn>PL.PZGIK.200</sln:wojIIPPn><sln:wojIIPWersja>2017-10-10T00:00:00+02:00</sln:wojIIPWersja><sln:wojIdTeryt>24</sln:wojIdTeryt><sln:wojNazwa>śląskie</sln:wojNazwa></sln:miejscowosc><sln:miejscowosc><sln:cyklZyciaDo>2017-04-18T00:00:00+02:00</sln:cyklZyciaDo><sln:cyklZyciaOd>2015-12-28T00:00:00+01:00</sln:cyklZyciaOd><sln:gmIIPId>4233076e-bc99-4985-ab59-9d12433f30c4</sln:gmIIPId><sln:gmIIPPn>PL.PZGIK.200</sln:gmIIPPn><sln:gmIIPWersja>2012-09-26T22:25:34+02:00</sln:gmIIPWersja><sln:gmIdTeryt>2406052</sln:gmIdTeryt><sln:gmNazwa>Opatów</sln:gmNazwa><sln:miejscIIPId>cffafc90-6e4a-4022-b0f9-5e38d7179988</sln:miejscIIPId><sln:miejscIIPPn>PL.PZGIK.200</sln:miejscIIPPn><sln:miejscIIPWersja>2016-11-24T09:19:22+02:00</sln:miejscIIPWersja><sln:miejscIdTeryt>0140899</sln:miejscIdTeryt><sln:miejscNazwa>Iwanowice Duże</sln:miejscNazwa><sln:miejscRodzaj>Wieś</sln:miejscRodzaj><sln:powIIPId>4c000899-b81d-4b23-aae2-e4aa8af755ef</sln:powIIPId><sln:powIIPPn>PL.PZGIK.200</sln:powIIPPn><sln:powIIPWersja>2012-09-27T09:34:20+02:00</sln:powIIPWersja><sln:powIdTeryt>2406</sln:powIdTeryt><sln:powNazwa>kłobucki</sln:powNazwa><sln:waznyOd>2014-11-14T00:00:00+01:00</sln:waznyOd><sln:wojIIPId>98a63fe6-1e56-4d05-9c47-ab4233f8a6ff</sln:wojIIPId><sln:wojIIPPn>PL.PZGIK.200</sln:wojIIPPn><sln:wojIIPWersja>2017-10-10T00:00:00+02:00</sln:wojIIPWersja><sln:wojIdTeryt>24</sln:wojIdTeryt><sln:wojNazwa>śląskie</sln:wojNazwa></sln:miejscowosc><sln:miejscowosc><sln:cyklZyciaDo>2017-04-18T00:00:00+02:00</sln:cyklZyciaDo><sln:cyklZyciaOd>2015-12-28T00:00:00+01:00</sln:cyklZyciaOd><sln:gmIIPId>4233076e-bc99-4985-ab59-9d12433f30c4</sln:gmIIPId><sln:gmIIPPn>PL.PZGIK.200</sln:gmIIPPn><sln:gmIIPWersja>2012-09-26T22:25:34+02:00</sln:gmIIPWersja><sln:gmIdTeryt>2406052</sln:gmIdTeryt><sln:gmNazwa>Opatów</sln:gmNazwa><sln:miejscIIPId>4ce261b5-f03d-4468-af67-c91380688ae0</sln:miejscIIPId><sln:miejscIIPPn>PL.PZGIK.200</sln:miejscIIPPn><sln:miejscIIPWersja>2016-11-24T09:19:25+02:00</sln:miejscIIPWersja><sln:miejscIdTeryt>0140920</sln:miejscIdTeryt><sln:miejscNazwa>Iwanowice Małe</sln:miejscNazwa><sln:miejscRodzaj>Wieś</sln:miejscRodzaj><sln:powIIPId>4c000899-b81d-4b23-aae2-e4aa8af755ef</sln:powIIPId><sln:powIIPPn>PL.PZGIK.200</sln:powIIPPn><sln:powIIPWersja>2012-09-27T09:34:20+02:00</sln:powIIPWersja><sln:powIdTeryt>2406</sln:powIdTeryt><sln:powNazwa>kłobucki</sln:powNazwa><sln:waznyOd>2014-11-14T00:00:00+01:00</sln:waznyOd><sln:wojIIPId>98a63fe6-1e56-4d05-9c47-ab4233f8a6ff</sln:wojIIPId><sln:wojIIPPn>PL.PZGIK.200</sln:wojIIPPn><sln:wojIIPWersja>2017-10-10T00:00:00+02:00</sln:wojIIPWersja><sln:wojIdTeryt>24</sln:wojIdTeryt><sln:wojNazwa>śląskie</sln:wojNazwa></sln:miejscowosc><sln:miejscowosc><sln:cyklZyciaDo>2017-04-18T00:00:00+02:00</sln:cyklZyciaDo><sln:cyklZyciaOd>2015-12-28T00:00:00+01:00</sln:cyklZyciaOd><sln:gmIIPId>4233076e-bc99-4985-ab59-9d12433f30c4</sln:gmIIPId><sln:gmIIPPn>PL.PZGIK.200</sln:gmIIPPn><sln:gmIIPWersja>2012-09-26T22:25:34+02:00</sln:gmIIPWersja><sln:gmIdTeryt>2406052</sln:gmIdTeryt><sln:gmNazwa>Opatów</sln:gmNazwa><sln:miejscIIPId>302f9f3c-c78f-4992-a647-db8e3f9e3d76</sln:miejscIIPId><sln:miejscIIPPn>PL.PZGIK.200</sln:miejscIIPPn><sln:miejscIIPWersja>2016-11-24T09:19:46+02:00</sln:miejscIIPWersja><sln:miejscIdTeryt>0141195</sln:miejscIdTeryt><sln:miejscNazwa>Kleć</sln:miejscNazwa><sln:miejscRodzaj>Inny obiekt</sln:miejscRodzaj><sln:powIIPId>4c000899-b81d-4b23-aae2-e4aa8af755ef</sln:powIIPId><sln:powIIPPn>PL.PZGIK.200</sln:powIIPPn><sln:powIIPWersja>2012-09-27T09:34:20+02:00</sln:powIIPWersja><sln:powIdTeryt>2406</sln:powIdTeryt><sln:powNazwa>kłobucki</sln:powNazwa><sln:waznyOd>2014-11-14T00:00:00+01:00</sln:waznyOd><sln:wojIIPId>98a63fe6-1e56-4d05-9c47-ab4233f8a6ff</sln:wojIIPId><sln:wojIIPPn>PL.PZGIK.200</sln:wojIIPPn><sln:wojIIPWersja>2017-10-10T00:00:00+02:00</sln:wojIIPWersja><sln:wojIdTeryt>24</sln:wojIdTeryt><sln:wojNazwa>śląskie</sln:wojNazwa></sln:miejscowosc><sln:miejscowosc><sln:cyklZyciaDo>2017-04-18T00:00:00+02:00</sln:cyklZyciaDo><sln:cyklZyciaOd>2015-12-28T00:00:00+01:00</sln:cyklZyciaOd><sln:gmIIPId>4233076e-bc99-4985-ab59-9d12433f30c4</sln:gmIIPId><sln:gmIIPPn>PL.PZGIK.200</sln:gmIIPPn><sln:gmIIPWersja>2012-09-26T22:25:34+02:00</sln:gmIIPWersja><sln:gmIdTeryt>2406052</sln:gmIdTeryt><sln:gmNazwa>Opatów</sln:gmNazwa><sln:miejscIIPId>6aebfe5f-bb76-44d1-9a2e-921d5a7f6513</sln:miejscIIPId><sln:miejscIIPPn>PL.PZGIK.200</sln:miejscIIPPn><sln:miejscIIPWersja>2016-11-24T09:19:31+02:00</sln:miejscIIPWersja><sln:miejscIdTeryt>0140959</sln:miejscIdTeryt><sln:miejscNazwa>Opatów</sln:miejscNazwa><sln:miejscRodzaj>Wieś</sln:miejscRodzaj><sln:powIIPId>4c000899-b81d-4b23-aae2-e4aa8af755ef</sln:powIIPId><sln:powIIPPn>PL.PZGIK.200</sln:powIIPPn><sln:powIIPWersja>2012-09-27T09:34:20+02:00</sln:powIIPWersja><sln:powIdTeryt>2406</sln:powIdTeryt><sln:powNazwa>kłobucki</sln:powNazwa><sln:waznyOd>2014-11-14T00:00:00+01:00</sln:waznyOd><sln:wojIIPId>98a63fe6-1e56-4d05-9c47-ab4233f8a6ff</sln:wojIIPId><sln:wojIIPPn>PL.PZGIK.200</sln:wojIIPPn><sln:wojIIPWersja>2017-10-10T00:00:00+02:00</sln:wojIIPWersja><sln:wojIdTeryt>24</sln:wojIdTeryt><sln:wojNazwa>śląskie</sln:wojNazwa></sln:miejscowosc><sln:miejscowosc><sln:cyklZyciaDo>2017-04-18T00:00:00+02:00</sln:cyklZyciaDo><sln:cyklZyciaOd>2015-12-28T00:00:00+01:00</sln:cyklZyciaOd><sln:gmIIPId>4233076e-bc99-4985-ab59-9d12433f30c4</sln:gmIIPId><sln:gmIIPPn>PL.PZGIK.200</sln:gmIIPPn><sln:gmIIPWersja>2012-09-26T22:25:34+02:00</sln:gmIIPWersja><sln:gmIdTeryt>2406052</sln:gmIdTeryt><sln:gmNazwa>Opatów</sln:gmNazwa><sln:miejscIIPId>1567f7b6-a8a3-4efe-8543-8c32a7f49d15</sln:miejscIIPId><sln:miejscIIPPn>PL.PZGIK.200</sln:miejscIIPPn><sln:miejscIIPWersja>2016-11-24T09:19:34+02:00</sln:miejscIIPWersja><sln:miejscIdTeryt>0140994</sln:miejscIdTeryt><sln:miejscNazwa>Waleńczów</sln:miejscNazwa><sln:miejscRodzaj>Wieś</sln:miejscRodzaj><sln:powIIPId>4c000899-b81d-4b23-aae2-e4aa8af755ef</sln:powIIPId><sln:powIIPPn>PL.PZGIK.200</sln:powIIPPn><sln:powIIPWersja>2012-09-27T09:34:20+02:00</sln:powIIPWersja><sln:powIdTeryt>2406</sln:powIdTeryt><sln:powNazwa>kłobucki</sln:powNazwa><sln:waznyOd>2014-11-14T00:00:00+01:00</sln:waznyOd><sln:wojIIPId>98a63fe6-1e56-4d05-9c47-ab4233f8a6ff</sln:wojIIPId><sln:wojIIPPn>PL.PZGIK.200</sln:wojIIPPn><sln:wojIIPWersja>2017-10-10T00:00:00+02:00</sln:wojIIPWersja><sln:wojIdTeryt>24</sln:wojIdTeryt><sln:wojNazwa>śląskie</sln:wojNazwa></sln:miejscowosc><sln:miejscowosc><sln:cyklZyciaDo>2017-04-18T00:00:00+02:00</sln:cyklZyciaDo><sln:cyklZyciaOd>2015-12-28T00:00:00+01:00</sln:cyklZyciaOd><sln:gmIIPId>4233076e-bc99-4985-ab59-9d12433f30c4</sln:gmIIPId><sln:gmIIPPn>PL.PZGIK.200</sln:gmIIPPn><sln:gmIIPWersja>2012-09-26T22:25:34+02:00</sln:gmIIPWersja><sln:gmIdTeryt>2406052</sln:gmIdTeryt><sln:gmNazwa>Opatów</sln:gmNazwa><sln:miejscIIPId>f518ff2c-f5c7-47ce-aae6-aea14600d91c</sln:miejscIIPId><sln:miejscIIPPn>PL.PZGIK.200</sln:miejscIIPPn><sln:miejscIIPWersja>2016-11-24T09:19:37+02:00</sln:miejscIIPWersja><sln:miejscIdTeryt>0141077</sln:miejscIdTeryt><sln:miejscNazwa>Wilkowiecko</sln:miejscNazwa><sln:miejscRodzaj>Wieś</sln:miejscRodzaj><sln:powIIPId>4c000899-b81d-4b23-aae2-e4aa8af755ef</sln:powIIPId><sln:powIIPPn>PL.PZGIK.200</sln:powIIPPn><sln:powIIPWersja>2012-09-27T09:34:20+02:00</sln:powIIPWersja><sln:powIdTeryt>2406</sln:powIdTeryt><sln:powNazwa>kłobucki</sln:powNazwa><sln:waznyOd>2014-11-14T00:00:00+01:00</sln:waznyOd><sln:wojIIPId>98a63fe6-1e56-4d05-9c47-ab4233f8a6ff</sln:wojIIPId><sln:wojIIPPn>PL.PZGIK.200</sln:wojIIPPn><sln:wojIIPWersja>2017-10-10T00:00:00+02:00</sln:wojIIPWersja><sln:wojIdTeryt>24</sln:wojIdTeryt><sln:wojNazwa>śląskie</sln:wojNazwa></sln:miejscowosc><sln:miejscowosc><sln:cyklZyciaDo>2017-04-18T00:00:00+02:00</sln:cyklZyciaDo><sln:cyklZyciaOd>2015-12-28T00:00:00+01:00</sln:cyklZyciaOd><sln:gmIIPId>4233076e-bc99-4985-ab59-9d12433f30c4</sln:gmIIPId><sln:gmIIPPn>PL.PZGIK.200</sln:gmIIPPn><sln:gmIIPWersja>2012-09-26T22:25:34+02:00</sln:gmIIPWersja><sln:gmIdTeryt>2406052</sln:gmIdTeryt><sln:gmNazwa>Opatów</sln:gmNazwa><sln:miejscIIPId>0111e062-d95a-4eca-aac4-40b837b8d132</sln:miejscIIPId><sln:miejscIIPPn>PL.PZGIK.200</sln:miejscIIPPn><sln:miejscIIPWersja>2016-11-24T09:19:40+02:00</sln:miejscIIPWersja><sln:miejscIdTeryt>0141166</sln:miejscIdTeryt><sln:miejscNazwa>Złochowice</sln:miejscNazwa><sln:miejscRodzaj>Wieś</sln:miejscRodzaj><sln:powIIPId>4c000899-b81d-4b23-aae2-e4aa8af755ef</sln:powIIPId><sln:powIIPPn>PL.PZGIK.200</sln:powIIPPn><sln:powIIPWersja>2012-09-27T09:34:20+02:00</sln:powIIPWersja><sln:powIdTeryt>2406</sln:powIdTeryt><sln:powNazwa>kłobucki</sln:powNazwa><sln:waznyOd>2014-11-14T00:00:00+01:00</sln:waznyOd><sln:wojIIPId>98a63fe6-1e56-4d05-9c47-ab4233f8a6ff</sln:wojIIPId><sln:wojIIPPn>PL.PZGIK.200</sln:wojIIPPn><sln:wojIIPWersja>2017-10-10T00:00:00+02:00</sln:wojIIPWersja><sln:wojIdTeryt>24</sln:wojIdTeryt><sln:wojNazwa>śląskie</sln:wojNazwa></sln:miejscowosc><sln:miejscowosc><sln:cyklZyciaDo>2017-04-18T00:00:00+02:00</sln:cyklZyciaDo><sln:cyklZyciaOd>2015-12-28T00:00:00+01:00</sln:cyklZyciaOd><sln:gmIIPId>4233076e-bc99-4985-ab59-9d12433f30c4</sln:gmIIPId><sln:gmIIPPn>PL.PZGIK.200</sln:gmIIPPn><sln:gmIIPWersja>2012-09-26T22:25:34+02:00</sln:gmIIPWersja><sln:gmIdTeryt>2406052</sln:gmIdTeryt><sln:gmNazwa>Opatów</sln:gmNazwa><sln:miejscIIPId>6484dc39-36eb-42c2-885c-e8d65404992a</sln:miejscIIPId><sln:miejscIIPPn>PL.PZGIK.200</sln:miejscIIPPn><sln:miejscIIPWersja>2016-11-24T09:19:43+02:00</sln:miejscIIPWersja><sln:miejscIdTeryt>0141189</sln:miejscIdTeryt><sln:miejscNazwa>Zwierzyniec Drugi</sln:miejscNazwa><sln:miejscRodzaj>Wieś</sln:miejscRodzaj><sln:powIIPId>4c000899-b81d-4b23-aae2-e4aa8af755ef</sln:powIIPId><sln:powIIPPn>PL.PZGIK.200</sln:powIIPPn><sln:powIIPWersja>2012-09-27T09:34:20+02:00</sln:powIIPWersja><sln:powIdTeryt>2406</sln:powIdTeryt><sln:powNazwa>kłobucki</sln:powNazwa><sln:waznyOd>2014-11-14T00:00:00+01:00</sln:waznyOd><sln:wojIIPId>98a63fe6-1e56-4d05-9c47-ab4233f8a6ff</sln:wojIIPId><sln:wojIIPPn>PL.PZGIK.200</sln:wojIIPPn><sln:wojIIPWersja>2017-10-10T00:00:00+02:00</sln:wojIIPWersja><sln:wojIdTeryt>24</sln:wojIdTeryt><sln:wojNazwa>śląskie</sln:wojNazwa></sln:miejscowosc><sln:miejscowosc><sln:cyklZyciaDo>2017-04-18T00:00:00+02:00</sln:cyklZyciaDo><sln:cyklZyciaOd>2015-12-28T00:00:00+01:00</sln:cyklZyciaOd><sln:gmIIPId>4233076e-bc99-4985-ab59-9d12433f30c4</sln:gmIIPId><sln:gmIIPPn>PL.PZGIK.200</sln:gmIIPPn><sln:gmIIPWersja>2012-09-26T22:25:34+02:00</sln:gmIIPWersja><sln:gmIdTeryt>2406052</sln:gmIdTeryt><sln:gmNazwa>Opatów</sln:gmNazwa><sln:miejscIIPId>8c3d0943-5363-4896-9b01-2bee52e1c374</sln:miejscIIPId><sln:miejscIIPPn>PL.PZGIK.200</sln:miejscIIPPn><sln:miejscIIPWersja>2016-11-24T09:19:49+02:00</sln:miejscIIPWersja><sln:miejscIdTeryt>0141210</sln:miejscIdTeryt><sln:miejscNazwa>Zwierzyniec Pierwszy</sln:miejscNazwa><sln:miejscRodzaj>Wieś</sln:miejscRodzaj><sln:powIIPId>4c000899-b81d-4b23-aae2-e4aa8af755ef</sln:powIIPId><sln:powIIPPn>PL.PZGIK.200</sln:powIIPPn><sln:powIIPWersja>2012-09-27T09:34:20+02:00</sln:powIIPWersja><sln:powIdTeryt>2406</sln:powIdTeryt><sln:powNazwa>kłobucki</sln:powNazwa><sln:waznyOd>2014-11-14T00:00:00+01:00</sln:waznyOd><sln:wojIIPId>98a63fe6-1e56-4d05-9c47-ab4233f8a6ff</sln:wojIIPId><sln:wojIIPPn>PL.PZGIK.200</sln:wojIIPPn><sln:wojIIPWersja>2017-10-10T00:00:00+02:00</sln:wojIIPWersja><sln:wojIdTeryt>24</sln:wojIdTeryt><sln:wojNazwa>śląskie</sln:wojNazwa></sln:miejscowosc><sln:miejscowosc><sln:cyklZyciaDo>2015-06-16T00:00:00+02:00</sln:cyklZyciaDo><sln:cyklZyciaOd>2015-06-15T00:00:00+02:00</sln:cyklZyciaOd><sln:gmIIPId>4233076e-bc99-4985-ab59-9d12433f30c4</sln:gmIIPId><sln:gmIIPPn>PL.PZGIK.200</sln:gmIIPPn><sln:gmIIPWersja>2012-09-26T22:25:34+02:00</sln:gmIIPWersja><sln:gmIdTeryt>2406052</sln:gmIdTeryt><sln:gmNazwa>Opatów</sln:gmNazwa><sln:miejscIIPId>34dcf558-8f91-411c-b058-e80bb56d6166</sln:miejscIIPId><sln:miejscIIPPn>PL.PZGIK.200</sln:miejscIIPPn><sln:miejscIIPWersja>2016-11-24T09:19:29+02:00</sln:miejscIIPWersja><sln:miejscIdTeryt>0140942</sln:miejscIdTeryt><sln:miejscNazwa>Iwanowice-Naboków</sln:miejscNazwa><sln:miejscRodzaj>Wieś</sln:miejscRodzaj><sln:powIIPId>4c000899-b81d-4b23-aae2-e4aa8af755ef</sln:powIIPId><sln:powIIPPn>PL.PZGIK.200</sln:powIIPPn><sln:powIIPWersja>2012-09-27T09:34:20+02:00</sln:powIIPWersja><sln:powIdTeryt>2406</sln:powIdTeryt><sln:powNazwa>kłobucki</sln:powNazwa><sln:waznyOd>2014-11-14T00:00:00+01:00</sln:waznyOd><sln:wojIIPId>98a63fe6-1e56-4d05-9c47-ab4233f8a6ff</sln:wojIIPId><sln:wojIIPPn>PL.PZGIK.200</sln:wojIIPPn><sln:wojIIPWersja>2017-10-10T00:00:00+02:00</sln:wojIIPWersja><sln:wojIdTeryt>24</sln:wojIdTeryt><sln:wojNazwa>śląskie</sln:wojNazwa></sln:miejscowosc><sln:miejscowosc><sln:cyklZyciaDo>2015-06-16T00:00:00+02:00</sln:cyklZyciaDo><sln:cyklZyciaOd>2015-06-15T00:00:00+02:00</sln:cyklZyciaOd><sln:gmIIPId>4233076e-bc99-4985-ab59-9d12433f30c4</sln:gmIIPId><sln:gmIIPPn>PL.PZGIK.200</sln:gmIIPPn><sln:gmIIPWersja>2012-09-26T22:25:34+02:00</sln:gmIIPWersja><sln:gmIdTeryt>2406052</sln:gmIdTeryt><sln:gmNazwa>Opatów</sln:gmNazwa><sln:miejscIIPId>cffafc90-6e4a-4022-b0f9-5e38d7179988</sln:miejscIIPId><sln:miejscIIPPn>PL.PZGIK.200</sln:miejscIIPPn><sln:miejscIIPWersja>2016-11-24T09:19:23+02:00</sln:miejscIIPWersja><sln:miejscIdTeryt>0140899</sln:miejscIdTeryt><sln:miejscNazwa>Iwanowice Duże</sln:miejscNazwa><sln:miejscRodzaj>Wieś</sln:miejscRodzaj><sln:powIIPId>4c000899-b81d-4b23-aae2-e4aa8af755ef</sln:powIIPId><sln:powIIPPn>PL.PZGIK.200</sln:powIIPPn><sln:powIIPWersja>2012-09-27T09:34:20+02:00</sln:powIIPWersja><sln:powIdTeryt>2406</sln:powIdTeryt><sln:powNazwa>kłobucki</sln:powNazwa><sln:waznyOd>2014-11-14T00:00:00+01:00</sln:waznyOd><sln:wojIIPId>98a63fe6-1e56-4d05-9c47-ab4233f8a6ff</sln:wojIIPId><sln:wojIIPPn>PL.PZGIK.200</sln:wojIIPPn><sln:wojIIPWersja>2017-10-10T00:00:00+02:00</sln:wojIIPWersja><sln:wojIdTeryt>24</sln:wojIdTeryt><sln:wojNazwa>śląskie</sln:wojNazwa></sln:miejscowosc><sln:miejscowosc><sln:cyklZyciaDo>2015-06-16T00:00:00+02:00</sln:cyklZyciaDo><sln:cyklZyciaOd>2015-06-15T00:00:00+02:00</sln:cyklZyciaOd><sln:gmIIPId>4233076e-bc99-4985-ab59-9d12433f30c4</sln:gmIIPId><sln:gmIIPPn>PL.PZGIK.200</sln:gmIIPPn><sln:gmIIPWersja>2012-09-26T22:25:34+02:00</sln:gmIIPWersja><sln:gmIdTeryt>2406052</sln:gmIdTeryt><sln:gmNazwa>Opatów</sln:gmNazwa><sln:miejscIIPId>4ce261b5-f03d-4468-af67-c91380688ae0</sln:miejscIIPId><sln:miejscIIPPn>PL.PZGIK.200</sln:miejscIIPPn><sln:miejscIIPWersja>2016-11-24T09:19:26+02:00</sln:miejscIIPWersja><sln:miejscIdTeryt>0140920</sln:miejscIdTeryt><sln:miejscNazwa>Iwanowice Małe</sln:miejscNazwa><sln:miejscRodzaj>Wieś</sln:miejscRodzaj><sln:powIIPId>4c000899-b81d-4b23-aae2-e4aa8af755ef</sln:powIIPId><sln:powIIPPn>PL.PZGIK.200</sln:powIIPPn><sln:powIIPWersja>2012-09-27T09:34:20+02:00</sln:powIIPWersja><sln:powIdTeryt>2406</sln:powIdTeryt><sln:powNazwa>kłobucki</sln:powNazwa><sln:waznyOd>2014-11-14T00:00:00+01:00</sln:waznyOd><sln:wojIIPId>98a63fe6-1e56-4d05-9c47-ab4233f8a6ff</sln:wojIIPId><sln:wojIIPPn>PL.PZGIK.200</sln:wojIIPPn><sln:wojIIPWersja>2017-10-10T00:00:00+02:00</sln:wojIIPWersja><sln:wojIdTeryt>24</sln:wojIdTeryt><sln:wojNazwa>śląskie</sln:wojNazwa></sln:miejscowosc><sln:miejscowosc><sln:cyklZyciaDo>2015-06-16T00:00:00+02:00</sln:cyklZyciaDo><sln:cyklZyciaOd>2015-06-15T00:00:00+02:00</sln:cyklZyciaOd><sln:gmIIPId>4233076e-bc99-4985-ab59-9d12433f30c4</sln:gmIIPId><sln:gmIIPPn>PL.PZGIK.200</sln:gmIIPPn><sln:gmIIPWersja>2012-09-26T22:25:34+02:00</sln:gmIIPWersja><sln:gmIdTeryt>2406052</sln:gmIdTeryt><sln:gmNazwa>Opatów</sln:gmNazwa><sln:miejscIIPId>302f9f3c-c78f-4992-a647-db8e3f9e3d76</sln:miejscIIPId><sln:miejscIIPPn>PL.PZGIK.200</sln:miejscIIPPn><sln:miejscIIPWersja>2016-11-24T09:19:47+02:00</sln:miejscIIPWersja><sln:miejscIdTeryt>0141195</sln:miejscIdTeryt><sln:miejscNazwa>Kleć</sln:miejscNazwa><sln:miejscRodzaj>Inny obiekt</sln:miejscRodzaj><sln:powIIPId>4c000899-b81d-4b23-aae2-e4aa8af755ef</sln:powIIPId><sln:powIIPPn>PL.PZGIK.200</sln:powIIPPn><sln:powIIPWersja>2012-09-27T09:34:20+02:00</sln:powIIPWersja><sln:powIdTeryt>2406</sln:powIdTeryt><sln:powNazwa>kłobucki</sln:powNazwa><sln:waznyOd>2014-11-14T00:00:00+01:00</sln:waznyOd><sln:wojIIPId>98a63fe6-1e56-4d05-9c47-ab4233f8a6ff</sln:wojIIPId><sln:wojIIPPn>PL.PZGIK.200</sln:wojIIPPn><sln:wojIIPWersja>2017-10-10T00:00:00+02:00</sln:wojIIPWersja><sln:wojIdTeryt>24</sln:wojIdTeryt><sln:wojNazwa>śląskie</sln:wojNazwa></sln:miejscowosc><sln:miejscowosc><sln:cyklZyciaDo>2015-06-16T00:00:00+02:00</sln:cyklZyciaDo><sln:cyklZyciaOd>2015-06-15T00:00:00+02:00</sln:cyklZyciaOd><sln:gmIIPId>4233076e-bc99-4985-ab59-9d12433f30c4</sln:gmIIPId><sln:gmIIPPn>PL.PZGIK.200</sln:gmIIPPn><sln:gmIIPWersja>2012-09-26T22:25:34+02:00</sln:gmIIPWersja><sln:gmIdTeryt>2406052</sln:gmIdTeryt><sln:gmNazwa>Opatów</sln:gmNazwa><sln:miejscIIPId>6aebfe5f-bb76-44d1-9a2e-921d5a7f6513</sln:miejscIIPId><sln:miejscIIPPn>PL.PZGIK.200</sln:miejscIIPPn><sln:miejscIIPWersja>2016-11-24T09:19:32+02:00</sln:miejscIIPWersja><sln:miejscIdTeryt>0140959</sln:miejscIdTeryt><sln:miejscNazwa>Opatów</sln:miejscNazwa><sln:miejscRodzaj>Wieś</sln:miejscRodzaj><sln:powIIPId>4c000899-b81d-4b23-aae2-e4aa8af755ef</sln:powIIPId><sln:powIIPPn>PL.PZGIK.200</sln:powIIPPn><sln:powIIPWersja>2012-09-27T09:34:20+02:00</sln:powIIPWersja><sln:powIdTeryt>2406</sln:powIdTeryt><sln:powNazwa>kłobucki</sln:powNazwa><sln:waznyOd>2014-11-14T00:00:00+01:00</sln:waznyOd><sln:wojIIPId>98a63fe6-1e56-4d05-9c47-ab4233f8a6ff</sln:wojIIPId><sln:wojIIPPn>PL.PZGIK.200</sln:wojIIPPn><sln:wojIIPWersja>2017-10-10T00:00:00+02:00</sln:wojIIPWersja><sln:wojIdTeryt>24</sln:wojIdTeryt><sln:wojNazwa>śląskie</sln:wojNazwa></sln:miejscowosc><sln:miejscowosc><sln:cyklZyciaDo>2015-06-16T00:00:00+02:00</sln:cyklZyciaDo><sln:cyklZyciaOd>2015-06-15T00:00:00+02:00</sln:cyklZyciaOd><sln:gmIIPId>4233076e-bc99-4985-ab59-9d12433f30c4</sln:gmIIPId><sln:gmIIPPn>PL.PZGIK.200</sln:gmIIPPn><sln:gmIIPWersja>2012-09-26T22:25:34+02:00</sln:gmIIPWersja><sln:gmIdTeryt>2406052</sln:gmIdTeryt><sln:gmNazwa>Opatów</sln:gmNazwa><sln:miejscIIPId>1567f7b6-a8a3-4efe-8543-8c32a7f49d15</sln:miejscIIPId><sln:miejscIIPPn>PL.PZGIK.200</sln:miejscIIPPn><sln:miejscIIPWersja>2016-11-24T09:19:35+02:00</sln:miejscIIPWersja><sln:miejscIdTeryt>0140994</sln:miejscIdTeryt><sln:miejscNazwa>Waleńczów</sln:miejscNazwa><sln:miejscRodzaj>Wieś</sln:miejscRodzaj><sln:powIIPId>4c000899-b81d-4b23-aae2-e4aa8af755ef</sln:powIIPId><sln:powIIPPn>PL.PZGIK.200</sln:powIIPPn><sln:powIIPWersja>2012-09-27T09:34:20+02:00</sln:powIIPWersja><sln:powIdTeryt>2406</sln:powIdTeryt><sln:powNazwa>kłobucki</sln:powNazwa><sln:waznyOd>2014-11-14T00:00:00+01:00</sln:waznyOd><sln:wojIIPId>98a63fe6-1e56-4d05-9c47-ab4233f8a6ff</sln:wojIIPId><sln:wojIIPPn>PL.PZGIK.200</sln:wojIIPPn><sln:wojIIPWersja>2017-10-10T00:00:00+02:00</sln:wojIIPWersja><sln:wojIdTeryt>24</sln:wojIdTeryt><sln:wojNazwa>śląskie</sln:wojNazwa></sln:miejscowosc><sln:miejscowosc><sln:cyklZyciaDo>2015-06-16T00:00:00+02:00</sln:cyklZyciaDo><sln:cyklZyciaOd>2015-06-15T00:00:00+02:00</sln:cyklZyciaOd><sln:gmIIPId>4233076e-bc99-4985-ab59-9d12433f30c4</sln:gmIIPId><sln:gmIIPPn>PL.PZGIK.200</sln:gmIIPPn><sln:gmIIPWersja>2012-09-26T22:25:34+02:00</sln:gmIIPWersja><sln:gmIdTeryt>2406052</sln:gmIdTeryt><sln:gmNazwa>Opatów</sln:gmNazwa><sln:miejscIIPId>f518ff2c-f5c7-47ce-aae6-aea14600d91c</sln:miejscIIPId><sln:miejscIIPPn>PL.PZGIK.200</sln:miejscIIPPn><sln:miejscIIPWersja>2016-11-24T09:19:38+02:00</sln:miejscIIPWersja><sln:miejscIdTeryt>0141077</sln:miejscIdTeryt><sln:miejscNazwa>Wilkowiecko</sln:miejscNazwa><sln:miejscRodzaj>Wieś</sln:miejscRodzaj><sln:powIIPId>4c000899-b81d-4b23-aae2-e4aa8af755ef</sln:powIIPId><sln:powIIPPn>PL.PZGIK.200</sln:powIIPPn><sln:powIIPWersja>2012-09-27T09:34:20+02:00</sln:powIIPWersja><sln:powIdTeryt>2406</sln:powIdTeryt><sln:powNazwa>kłobucki</sln:powNazwa><sln:waznyOd>2014-11-14T00:00:00+01:00</sln:waznyOd><sln:wojIIPId>98a63fe6-1e56-4d05-9c47-ab4233f8a6ff</sln:wojIIPId><sln:wojIIPPn>PL.PZGIK.200</sln:wojIIPPn><sln:wojIIPWersja>2017-10-10T00:00:00+02:00</sln:wojIIPWersja><sln:wojIdTeryt>24</sln:wojIdTeryt><sln:wojNazwa>śląskie</sln:wojNazwa></sln:miejscowosc><sln:miejscowosc><sln:cyklZyciaDo>2015-06-16T00:00:00+02:00</sln:cyklZyciaDo><sln:cyklZyciaOd>2015-06-15T00:00:00+02:00</sln:cyklZyciaOd><sln:gmIIPId>4233076e-bc99-4985-ab59-9d12433f30c4</sln:gmIIPId><sln:gmIIPPn>PL.PZGIK.200</sln:gmIIPPn><sln:gmIIPWersja>2012-09-26T22:25:34+02:00</sln:gmIIPWersja><sln:gmIdTeryt>2406052</sln:gmIdTeryt><sln:gmNazwa>Opatów</sln:gmNazwa><sln:miejscIIPId>0111e062-d95a-4eca-aac4-40b837b8d132</sln:miejscIIPId><sln:miejscIIPPn>PL.PZGIK.200</sln:miejscIIPPn><sln:miejscIIPWersja>2016-11-24T09:19:41+02:00</sln:miejscIIPWersja><sln:miejscIdTeryt>0141166</sln:miejscIdTeryt><sln:miejscNazwa>Złochowice</sln:miejscNazwa><sln:miejscRodzaj>Wieś</sln:miejscRodzaj><sln:powIIPId>4c000899-b81d-4b23-aae2-e4aa8af755ef</sln:powIIPId><sln:powIIPPn>PL.PZGIK.200</sln:powIIPPn><sln:powIIPWersja>2012-09-27T09:34:20+02:00</sln:powIIPWersja><sln:powIdTeryt>2406</sln:powIdTeryt><sln:powNazwa>kłobucki</sln:powNazwa><sln:waznyOd>2014-11-14T00:00:00+01:00</sln:waznyOd><sln:wojIIPId>98a63fe6-1e56-4d05-9c47-ab4233f8a6ff</sln:wojIIPId><sln:wojIIPPn>PL.PZGIK.200</sln:wojIIPPn><sln:wojIIPWersja>2017-10-10T00:00:00+02:00</sln:wojIIPWersja><sln:wojIdTeryt>24</sln:wojIdTeryt><sln:wojNazwa>śląskie</sln:wojNazwa></sln:miejscowosc><sln:miejscowosc><sln:cyklZyciaDo>2015-06-16T00:00:00+02:00</sln:cyklZyciaDo><sln:cyklZyciaOd>2015-06-15T00:00:00+02:00</sln:cyklZyciaOd><sln:gmIIPId>4233076e-bc99-4985-ab59-9d12433f30c4</sln:gmIIPId><sln:gmIIPPn>PL.PZGIK.200</sln:gmIIPPn><sln:gmIIPWersja>2012-09-26T22:25:34+02:00</sln:gmIIPWersja><sln:gmIdTeryt>2406052</sln:gmIdTeryt><sln:gmNazwa>Opatów</sln:gmNazwa><sln:miejscIIPId>6484dc39-36eb-42c2-885c-e8d65404992a</sln:miejscIIPId><sln:miejscIIPPn>PL.PZGIK.200</sln:miejscIIPPn><sln:miejscIIPWersja>2016-11-24T09:19:44+02:00</sln:miejscIIPWersja><sln:miejscIdTeryt>0141189</sln:miejscIdTeryt><sln:miejscNazwa>Zwierzyniec Drugi</sln:miejscNazwa><sln:miejscRodzaj>Wieś</sln:miejscRodzaj><sln:powIIPId>4c000899-b81d-4b23-aae2-e4aa8af755ef</sln:powIIPId><sln:powIIPPn>PL.PZGIK.200</sln:powIIPPn><sln:powIIPWersja>2012-09-27T09:34:20+02:00</sln:powIIPWersja><sln:powIdTeryt>2406</sln:powIdTeryt><sln:powNazwa>kłobucki</sln:powNazwa><sln:waznyOd>2014-11-14T00:00:00+01:00</sln:waznyOd><sln:wojIIPId>98a63fe6-1e56-4d05-9c47-ab4233f8a6ff</sln:wojIIPId><sln:wojIIPPn>PL.PZGIK.200</sln:wojIIPPn><sln:wojIIPWersja>2017-10-10T00:00:00+02:00</sln:wojIIPWersja><sln:wojIdTeryt>24</sln:wojIdTeryt><sln:wojNazwa>śląskie</sln:wojNazwa></sln:miejscowosc><sln:miejscowosc><sln:cyklZyciaDo>2015-06-16T00:00:00+02:00</sln:cyklZyciaDo><sln:cyklZyciaOd>2015-06-15T00:00:00+02:00</sln:cyklZyciaOd><sln:gmIIPId>4233076e-bc99-4985-ab59-9d12433f30c4</sln:gmIIPId><sln:gmIIPPn>PL.PZGIK.200</sln:gmIIPPn><sln:gmIIPWersja>2012-09-26T22:25:34+02:00</sln:gmIIPWersja><sln:gmIdTeryt>2406052</sln:gmIdTeryt><sln:gmNazwa>Opatów</sln:gmNazwa><sln:miejscIIPId>8c3d0943-5363-4896-9b01-2bee52e1c374</sln:miejscIIPId><sln:miejscIIPPn>PL.PZGIK.200</sln:miejscIIPPn><sln:miejscIIPWersja>2016-11-24T09:19:50+02:00</sln:miejscIIPWersja><sln:miejscIdTeryt>0141210</sln:miejscIdTeryt><sln:miejscNazwa>Zwierzyniec Pierwszy</sln:miejscNazwa><sln:miejscRodzaj>Wieś</sln:miejscRodzaj><sln:powIIPId>4c000899-b81d-4b23-aae2-e4aa8af755ef</sln:powIIPId><sln:powIIPPn>PL.PZGIK.200</sln:powIIPPn><sln:powIIPWersja>2012-09-27T09:34:20+02:00</sln:powIIPWersja><sln:powIdTeryt>2406</sln:powIdTeryt><sln:powNazwa>kłobucki</sln:powNazwa><sln:waznyOd>2014-11-14T00:00:00+01:00</sln:waznyOd><sln:wojIIPId>98a63fe6-1e56-4d05-9c47-ab4233f8a6ff</sln:wojIIPId><sln:wojIIPPn>PL.PZGIK.200</sln:wojIIPPn><sln:wojIIPWersja>2017-10-10T00:00:00+02:00</sln:wojIIPWersja><sln:wojIdTeryt>24</sln:wojIdTeryt><sln:wojNazwa>śląskie</sln:wojNazwa></sln:miejscowosc><sln:miejscowosc><sln:cyklZyciaDo>2015-12-15T00:00:00+01:00</sln:cyklZyciaDo><sln:cyklZyciaOd>2015-06-16T00:00:00+02:00</sln:cyklZyciaOd><sln:gmIIPId>4233076e-bc99-4985-ab59-9d12433f30c4</sln:gmIIPId><sln:gmIIPPn>PL.PZGIK.200</sln:gmIIPPn><sln:gmIIPWersja>2012-09-26T22:25:34+02:00</sln:gmIIPWersja><sln:gmIdTeryt>2406052</sln:gmIdTeryt><sln:gmNazwa>Opatów</sln:gmNazwa><sln:miejscIIPId>34dcf558-8f91-411c-b058-e80bb56d6166</sln:miejscIIPId><sln:miejscIIPPn>PL.PZGIK.200</sln:miejscIIPPn><sln:miejscIIPWersja>2016-11-24T09:19:30+02:00</sln:miejscIIPWersja><sln:miejscIdTeryt>0140942</sln:miejscIdTeryt><sln:miejscNazwa>Iwanowice-Naboków</sln:miejscNazwa><sln:miejscRodzaj>Wieś</sln:miejscRodzaj><sln:powIIPId>4c000899-b81d-4b23-aae2-e4aa8af755ef</sln:powIIPId><sln:powIIPPn>PL.PZGIK.200</sln:powIIPPn><sln:powIIPWersja>2012-09-27T09:34:20+02:00</sln:powIIPWersja><sln:powIdTeryt>2406</sln:powIdTeryt><sln:powNazwa>kłobucki</sln:powNazwa><sln:waznyOd>2014-11-14T00:00:00+01:00</sln:waznyOd><sln:wojIIPId>98a63fe6-1e56-4d05-9c47-ab4233f8a6ff</sln:wojIIPId><sln:wojIIPPn>PL.PZGIK.200</sln:wojIIPPn><sln:wojIIPWersja>2017-10-10T00:00:00+02:00</sln:wojIIPWersja><sln:wojIdTeryt>24</sln:wojIdTeryt><sln:wojNazwa>śląskie</sln:wojNazwa></sln:miejscowosc><sln:miejscowosc><sln:cyklZyciaDo>2015-12-15T00:00:00+01:00</sln:cyklZyciaDo><sln:cyklZyciaOd>2015-06-16T00:00:00+02:00</sln:cyklZyciaOd><sln:gmIIPId>4233076e-bc99-4985-ab59-9d12433f30c4</sln:gmIIPId><sln:gmIIPPn>PL.PZGIK.200</sln:gmIIPPn><sln:gmIIPWersja>2012-09-26T22:25:34+02:00</sln:gmIIPWersja><sln:gmIdTeryt>2406052</sln:gmIdTeryt><sln:gmNazwa>Opatów</sln:gmNazwa><sln:miejscIIPId>cffafc90-6e4a-4022-b0f9-5e38d7179988</sln:miejscIIPId><sln:miejscIIPPn>PL.PZGIK.200</sln:miejscIIPPn><sln:miejscIIPWersja>2016-11-24T09:19:24+02:00</sln:miejscIIPWersja><sln:miejscIdTeryt>0140899</sln:miejscIdTeryt><sln:miejscNazwa>Iwanowice Duże</sln:miejscNazwa><sln:miejscRodzaj>Wieś</sln:miejscRodzaj><sln:powIIPId>4c000899-b81d-4b23-aae2-e4aa8af755ef</sln:powIIPId><sln:powIIPPn>PL.PZGIK.200</sln:powIIPPn><sln:powIIPWersja>2012-09-27T09:34:20+02:00</sln:powIIPWersja><sln:powIdTeryt>2406</sln:powIdTeryt><sln:powNazwa>kłobucki</sln:powNazwa><sln:waznyOd>2014-11-14T00:00:00+01:00</sln:waznyOd><sln:wojIIPId>98a63fe6-1e56-4d05-9c47-ab4233f8a6ff</sln:wojIIPId><sln:wojIIPPn>PL.PZGIK.200</sln:wojIIPPn><sln:wojIIPWersja>2017-10-10T00:00:00+02:00</sln:wojIIPWersja><sln:wojIdTeryt>24</sln:wojIdTeryt><sln:wojNazwa>śląskie</sln:wojNazwa></sln:miejscowosc><sln:miejscowosc><sln:cyklZyciaDo>2015-12-15T00:00:00+01:00</sln:cyklZyciaDo><sln:cyklZyciaOd>2015-06-16T00:00:00+02:00</sln:cyklZyciaOd><sln:gmIIPId>4233076e-bc99-4985-ab59-9d12433f30c4</sln:gmIIPId><sln:gmIIPPn>PL.PZGIK.200</sln:gmIIPPn><sln:gmIIPWersja>2012-09-26T22:25:34+02:00</sln:gmIIPWersja><sln:gmIdTeryt>2406052</sln:gmIdTeryt><sln:gmNazwa>Opatów</sln:gmNazwa><sln:miejscIIPId>4ce261b5-f03d-4468-af67-c91380688ae0</sln:miejscIIPId><sln:miejscIIPPn>PL.PZGIK.200</sln:miejscIIPPn><sln:miejscIIPWersja>2016-11-24T09:19:27+02:00</sln:miejscIIPWersja><sln:miejscIdTeryt>0140920</sln:miejscIdTeryt><sln:miejscNazwa>Iwanowice Małe</sln:miejscNazwa><sln:miejscRodzaj>Wieś</sln:miejscRodzaj><sln:powIIPId>4c000899-b81d-4b23-aae2-e4aa8af755ef</sln:powIIPId><sln:powIIPPn>PL.PZGIK.200</sln:powIIPPn><sln:powIIPWersja>2012-09-27T09:34:20+02:00</sln:powIIPWersja><sln:powIdTeryt>2406</sln:powIdTeryt><sln:powNazwa>kłobucki</sln:powNazwa><sln:waznyOd>2014-11-14T00:00:00+01:00</sln:waznyOd><sln:wojIIPId>98a63fe6-1e56-4d05-9c47-ab4233f8a6ff</sln:wojIIPId><sln:wojIIPPn>PL.PZGIK.200</sln:wojIIPPn><sln:wojIIPWersja>2017-10-10T00:00:00+02:00</sln:wojIIPWersja><sln:wojIdTeryt>24</sln:wojIdTeryt><sln:wojNazwa>śląskie</sln:wojNazwa></sln:miejscowosc><sln:miejscowosc><sln:cyklZyciaDo>2015-12-15T00:00:00+01:00</sln:cyklZyciaDo><sln:cyklZyciaOd>2015-06-16T00:00:00+02:00</sln:cyklZyciaOd><sln:gmIIPId>4233076e-bc99-4985-ab59-9d12433f30c4</sln:gmIIPId><sln:gmIIPPn>PL.PZGIK.200</sln:gmIIPPn><sln:gmIIPWersja>2012-09-26T22:25:34+02:00</sln:gmIIPWersja><sln:gmIdTeryt>2406052</sln:gmIdTeryt><sln:gmNazwa>Opatów</sln:gmNazwa><sln:miejscIIPId>302f9f3c-c78f-4992-a647-db8e3f9e3d76</sln:miejscIIPId><sln:miejscIIPPn>PL.PZGIK.200</sln:miejscIIPPn><sln:miejscIIPWersja>2016-11-24T09:19:48+02:00</sln:miejscIIPWersja><sln:miejscIdTeryt>0141195</sln:miejscIdTeryt><sln:miejscNazwa>Kleć</sln:miejscNazwa><sln:miejscRodzaj>Inny obiekt</sln:miejscRodzaj><sln:powIIPId>4c000899-b81d-4b23-aae2-e4aa8af755ef</sln:powIIPId><sln:powIIPPn>PL.PZGIK.200</sln:powIIPPn><sln:powIIPWersja>2012-09-27T09:34:20+02:00</sln:powIIPWersja><sln:powIdTeryt>2406</sln:powIdTeryt><sln:powNazwa>kłobucki</sln:powNazwa><sln:waznyOd>2014-11-14T00:00:00+01:00</sln:waznyOd><sln:wojIIPId>98a63fe6-1e56-4d05-9c47-ab4233f8a6ff</sln:wojIIPId><sln:wojIIPPn>PL.PZGIK.200</sln:wojIIPPn><sln:wojIIPWersja>2017-10-10T00:00:00+02:00</sln:wojIIPWersja><sln:wojIdTeryt>24</sln:wojIdTeryt><sln:wojNazwa>śląskie</sln:wojNazwa></sln:miejscowosc><sln:miejscowosc><sln:cyklZyciaDo>2015-12-15T00:00:00+01:00</sln:cyklZyciaDo><sln:cyklZyciaOd>2015-06-16T00:00:00+02:00</sln:cyklZyciaOd><sln:gmIIPId>4233076e-bc99-4985-ab59-9d12433f30c4</sln:gmIIPId><sln:gmIIPPn>PL.PZGIK.200</sln:gmIIPPn><sln:gmIIPWersja>2012-09-26T22:25:34+02:00</sln:gmIIPWersja><sln:gmIdTeryt>2406052</sln:gmIdTeryt><sln:gmNazwa>Opatów</sln:gmNazwa><sln:miejscIIPId>6aebfe5f-bb76-44d1-9a2e-921d5a7f6513</sln:miejscIIPId><sln:miejscIIPPn>PL.PZGIK.200</sln:miejscIIPPn><sln:miejscIIPWersja>2016-11-24T09:19:33+02:00</sln:miejscIIPWersja><sln:miejscIdTeryt>0140959</sln:miejscIdTeryt><sln:miejscNazwa>Opatów</sln:miejscNazwa><sln:miejscRodzaj>Wieś</sln:miejscRodzaj><sln:powIIPId>4c000899-b81d-4b23-aae2-e4aa8af755ef</sln:powIIPId><sln:powIIPPn>PL.PZGIK.200</sln:powIIPPn><sln:powIIPWersja>2012-09-27T09:34:20+02:00</sln:powIIPWersja><sln:powIdTeryt>2406</sln:powIdTeryt><sln:powNazwa>kłobucki</sln:powNazwa><sln:waznyOd>2014-11-14T00:00:00+01:00</sln:waznyOd><sln:wojIIPId>98a63fe6-1e56-4d05-9c47-ab4233f8a6ff</sln:wojIIPId><sln:wojIIPPn>PL.PZGIK.200</sln:wojIIPPn><sln:wojIIPWersja>2017-10-10T00:00:00+02:00</sln:wojIIPWersja><sln:wojIdTeryt>24</sln:wojIdTeryt><sln:wojNazwa>śląskie</sln:wojNazwa></sln:miejscowosc><sln:miejscowosc><sln:cyklZyciaDo>2015-12-15T00:00:00+01:00</sln:cyklZyciaDo><sln:cyklZyciaOd>2015-06-16T00:00:00+02:00</sln:cyklZyciaOd><sln:gmIIPId>4233076e-bc99-4985-ab59-9d12433f30c4</sln:gmIIPId><sln:gmIIPPn>PL.PZGIK.200</sln:gmIIPPn><sln:gmIIPWersja>2012-09-26T22:25:34+02:00</sln:gmIIPWersja><sln:gmIdTeryt>2406052</sln:gmIdTeryt><sln:gmNazwa>Opatów</sln:gmNazwa><sln:miejscIIPId>1567f7b6-a8a3-4efe-8543-8c32a7f49d15</sln:miejscIIPId><sln:miejscIIPPn>PL.PZGIK.200</sln:miejscIIPPn><sln:miejscIIPWersja>2016-11-24T09:19:36+02:00</sln:miejscIIPWersja><sln:miejscIdTeryt>0140994</sln:miejscIdTeryt><sln:miejscNazwa>Waleńczów</sln:miejscNazwa><sln:miejscRodzaj>Wieś</sln:miejscRodzaj><sln:powIIPId>4c000899-b81d-4b23-aae2-e4aa8af755ef</sln:powIIPId><sln:powIIPPn>PL.PZGIK.200</sln:powIIPPn><sln:powIIPWersja>2012-09-27T09:34:20+02:00</sln:powIIPWersja><sln:powIdTeryt>2406</sln:powIdTeryt><sln:powNazwa>kłobucki</sln:powNazwa><sln:waznyOd>2014-11-14T00:00:00+01:00</sln:waznyOd><sln:wojIIPId>98a63fe6-1e56-4d05-9c47-ab4233f8a6ff</sln:wojIIPId><sln:wojIIPPn>PL.PZGIK.200</sln:wojIIPPn><sln:wojIIPWersja>2017-10-10T00:00:00+02:00</sln:wojIIPWersja><sln:wojIdTeryt>24</sln:wojIdTeryt><sln:wojNazwa>śląskie</sln:wojNazwa></sln:miejscowosc><sln:miejscowosc><sln:cyklZyciaDo>2015-12-15T00:00:00+01:00</sln:cyklZyciaDo><sln:cyklZyciaOd>2015-06-16T00:00:00+02:00</sln:cyklZyciaOd><sln:gmIIPId>4233076e-bc99-4985-ab59-9d12433f30c4</sln:gmIIPId><sln:gmIIPPn>PL.PZGIK.200</sln:gmIIPPn><sln:gmIIPWersja>2012-09-26T22:25:34+02:00</sln:gmIIPWersja><sln:gmIdTeryt>2406052</sln:gmIdTeryt><sln:gmNazwa>Opatów</sln:gmNazwa><sln:miejscIIPId>f518ff2c-f5c7-47ce-aae6-aea14600d91c</sln:miejscIIPId><sln:miejscIIPPn>PL.PZGIK.200</sln:miejscIIPPn><sln:miejscIIPWersja>2016-11-24T09:19:39+02:00</sln:miejscIIPWersja><sln:miejscIdTeryt>0141077</sln:miejscIdTeryt><sln:miejscNazwa>Wilkowiecko</sln:miejscNazwa><sln:miejscRodzaj>Wieś</sln:miejscRodzaj><sln:powIIPId>4c000899-b81d-4b23-aae2-e4aa8af755ef</sln:powIIPId><sln:powIIPPn>PL.PZGIK.200</sln:powIIPPn><sln:powIIPWersja>2012-09-27T09:34:20+02:00</sln:powIIPWersja><sln:powIdTeryt>2406</sln:powIdTeryt><sln:powNazwa>kłobucki</sln:powNazwa><sln:waznyOd>2014-11-14T00:00:00+01:00</sln:waznyOd><sln:wojIIPId>98a63fe6-1e56-4d05-9c47-ab4233f8a6ff</sln:wojIIPId><sln:wojIIPPn>PL.PZGIK.200</sln:wojIIPPn><sln:wojIIPWersja>2017-10-10T00:00:00+02:00</sln:wojIIPWersja><sln:wojIdTeryt>24</sln:wojIdTeryt><sln:wojNazwa>śląskie</sln:wojNazwa></sln:miejscowosc><sln:miejscowosc><sln:cyklZyciaDo>2015-12-15T00:00:00+01:00</sln:cyklZyciaDo><sln:cyklZyciaOd>2015-06-16T00:00:00+02:00</sln:cyklZyciaOd><sln:gmIIPId>4233076e-bc99-4985-ab59-9d12433f30c4</sln:gmIIPId><sln:gmIIPPn>PL.PZGIK.200</sln:gmIIPPn><sln:gmIIPWersja>2012-09-26T22:25:34+02:00</sln:gmIIPWersja><sln:gmIdTeryt>2406052</sln:gmIdTeryt><sln:gmNazwa>Opatów</sln:gmNazwa><sln:miejscIIPId>0111e062-d95a-4eca-aac4-40b837b8d132</sln:miejscIIPId><sln:miejscIIPPn>PL.PZGIK.200</sln:miejscIIPPn><sln:miejscIIPWersja>2016-11-24T09:19:42+02:00</sln:miejscIIPWersja><sln:miejscIdTeryt>0141166</sln:miejscIdTeryt><sln:miejscNazwa>Złochowice</sln:miejscNazwa><sln:miejscRodzaj>Wieś</sln:miejscRodzaj><sln:powIIPId>4c000899-b81d-4b23-aae2-e4aa8af755ef</sln:powIIPId><sln:powIIPPn>PL.PZGIK.200</sln:powIIPPn><sln:powIIPWersja>2012-09-27T09:34:20+02:00</sln:powIIPWersja><sln:powIdTeryt>2406</sln:powIdTeryt><sln:powNazwa>kłobucki</sln:powNazwa><sln:waznyOd>2014-11-14T00:00:00+01:00</sln:waznyOd><sln:wojIIPId>98a63fe6-1e56-4d05-9c47-ab4233f8a6ff</sln:wojIIPId><sln:wojIIPPn>PL.PZGIK.200</sln:wojIIPPn><sln:wojIIPWersja>2017-10-10T00:00:00+02:00</sln:wojIIPWersja><sln:wojIdTeryt>24</sln:wojIdTeryt><sln:wojNazwa>śląskie</sln:wojNazwa></sln:miejscowosc><sln:miejscowosc><sln:cyklZyciaDo>2015-12-15T00:00:00+01:00</sln:cyklZyciaDo><sln:cyklZyciaOd>2015-06-16T00:00:00+02:00</sln:cyklZyciaOd><sln:gmIIPId>4233076e-bc99-4985-ab59-9d12433f30c4</sln:gmIIPId><sln:gmIIPPn>PL.PZGIK.200</sln:gmIIPPn><sln:gmIIPWersja>2012-09-26T22:25:34+02:00</sln:gmIIPWersja><sln:gmIdTeryt>2406052</sln:gmIdTeryt><sln:gmNazwa>Opatów</sln:gmNazwa><sln:miejscIIPId>6484dc39-36eb-42c2-885c-e8d65404992a</sln:miejscIIPId><sln:miejscIIPPn>PL.PZGIK.200</sln:miejscIIPPn><sln:miejscIIPWersja>2016-11-24T09:19:45+02:00</sln:miejscIIPWersja><sln:miejscIdTeryt>0141189</sln:miejscIdTeryt><sln:miejscNazwa>Zwierzyniec Drugi</sln:miejscNazwa><sln:miejscRodzaj>Wieś</sln:miejscRodzaj><sln:powIIPId>4c000899-b81d-4b23-aae2-e4aa8af755ef</sln:powIIPId><sln:powIIPPn>PL.PZGIK.200</sln:powIIPPn><sln:powIIPWersja>2012-09-27T09:34:20+02:00</sln:powIIPWersja><sln:powIdTeryt>2406</sln:powIdTeryt><sln:powNazwa>kłobucki</sln:powNazwa><sln:waznyOd>2014-11-14T00:00:00+01:00</sln:waznyOd><sln:wojIIPId>98a63fe6-1e56-4d05-9c47-ab4233f8a6ff</sln:wojIIPId><sln:wojIIPPn>PL.PZGIK.200</sln:wojIIPPn><sln:wojIIPWersja>2017-10-10T00:00:00+02:00</sln:wojIIPWersja><sln:wojIdTeryt>24</sln:wojIdTeryt><sln:wojNazwa>śląskie</sln:wojNazwa></sln:miejscowosc><sln:miejscowosc><sln:cyklZyciaDo>2015-12-15T00:00:00+01:00</sln:cyklZyciaDo><sln:cyklZyciaOd>2015-06-16T00:00:00+02:00</sln:cyklZyciaOd><sln:gmIIPId>4233076e-bc99-4985-ab59-9d12433f30c4</sln:gmIIPId><sln:gmIIPPn>PL.PZGIK.200</sln:gmIIPPn><sln:gmIIPWersja>2012-09-26T22:25:34+02:00</sln:gmIIPWersja><sln:gmIdTeryt>2406052</sln:gmIdTeryt><sln:gmNazwa>Opatów</sln:gmNazwa><sln:miejscIIPId>8c3d0943-5363-4896-9b01-2bee52e1c374</sln:miejscIIPId><sln:miejscIIPPn>PL.PZGIK.200</sln:miejscIIPPn><sln:miejscIIPWersja>2016-11-24T09:19:51+02:00</sln:miejscIIPWersja><sln:miejscIdTeryt>0141210</sln:miejscIdTeryt><sln:miejscNazwa>Zwierzyniec Pierwszy</sln:miejscNazwa><sln:miejscRodzaj>Wieś</sln:miejscRodzaj><sln:powIIPId>4c000899-b81d-4b23-aae2-e4aa8af755ef</sln:powIIPId><sln:powIIPPn>PL.PZGIK.200</sln:powIIPPn><sln:powIIPWersja>2012-09-27T09:34:20+02:00</sln:powIIPWersja><sln:powIdTeryt>2406</sln:powIdTeryt><sln:powNazwa>kłobucki</sln:powNazwa><sln:waznyOd>2014-11-14T00:00:00+01:00</sln:waznyOd><sln:wojIIPId>98a63fe6-1e56-4d05-9c47-ab4233f8a6ff</sln:wojIIPId><sln:wojIIPPn>PL.PZGIK.200</sln:wojIIPPn><sln:wojIIPWersja>2017-10-10T00:00:00+02:00</sln:wojIIPWersja><sln:wojIdTeryt>24</sln:wojIdTeryt><sln:wojNazwa>śląskie</sln:wojNazwa></sln:miejscowosc><sln:miejscowosc><sln:cyklZyciaDo>2015-12-28T00:00:00+01:00</sln:cyklZyciaDo><sln:cyklZyciaOd>2015-12-15T00:00:00+01:00</sln:cyklZyciaOd><sln:gmIIPId>4233076e-bc99-4985-ab59-9d12433f30c4</sln:gmIIPId><sln:gmIIPPn>PL.PZGIK.200</sln:gmIIPPn><sln:gmIIPWersja>2012-09-26T22:25:34+02:00</sln:gmIIPWersja><sln:gmIdTeryt>2406052</sln:gmIdTeryt><sln:gmNazwa>Opatów</sln:gmNazwa><sln:miejscIIPId>34dcf558-8f91-411c-b058-e80bb56d6166</sln:miejscIIPId><sln:miejscIIPPn>PL.PZGIK.200</sln:miejscIIPPn><sln:miejscIIPWersja>2016-11-24T09:19:31+02:00</sln:miejscIIPWersja><sln:miejscIdTeryt>0140942</sln:miejscIdTeryt><sln:miejscNazwa>Iwanowice-Naboków</sln:miejscNazwa><sln:miejscRodzaj>Wieś</sln:miejscRodzaj><sln:powIIPId>4c000899-b81d-4b23-aae2-e4aa8af755ef</sln:powIIPId><sln:powIIPPn>PL.PZGIK.200</sln:powIIPPn><sln:powIIPWersja>2012-09-27T09:34:20+02:00</sln:powIIPWersja><sln:powIdTeryt>2406</sln:powIdTeryt><sln:powNazwa>kłobucki</sln:powNazwa><sln:waznyOd>2014-11-14T00:00:00+01:00</sln:waznyOd><sln:wojIIPId>98a63fe6-1e56-4d05-9c47-ab4233f8a6ff</sln:wojIIPId><sln:wojIIPPn>PL.PZGIK.200</sln:wojIIPPn><sln:wojIIPWersja>2017-10-10T00:00:00+02:00</sln:wojIIPWersja><sln:wojIdTeryt>24</sln:wojIdTeryt><sln:wojNazwa>śląskie</sln:wojNazwa></sln:miejscowosc><sln:miejscowosc><sln:cyklZyciaDo>2015-12-28T00:00:00+01:00</sln:cyklZyciaDo><sln:cyklZyciaOd>2015-12-15T00:00:00+01:00</sln:cyklZyciaOd><sln:gmIIPId>4233076e-bc99-4985-ab59-9d12433f30c4</sln:gmIIPId><sln:gmIIPPn>PL.PZGIK.200</sln:gmIIPPn><sln:gmIIPWersja>2012-09-26T22:25:34+02:00</sln:gmIIPWersja><sln:gmIdTeryt>2406052</sln:gmIdTeryt><sln:gmNazwa>Opatów</sln:gmNazwa><sln:miejscIIPId>cffafc90-6e4a-4022-b0f9-5e38d7179988</sln:miejscIIPId><sln:miejscIIPPn>PL.PZGIK.200</sln:miejscIIPPn><sln:miejscIIPWersja>2016-11-24T09:19:25+02:00</sln:miejscIIPWersja><sln:miejscIdTeryt>0140899</sln:miejscIdTeryt><sln:miejscNazwa>Iwanowice Duże</sln:miejscNazwa><sln:miejscRodzaj>Wieś</sln:miejscRodzaj><sln:powIIPId>4c000899-b81d-4b23-aae2-e4aa8af755ef</sln:powIIPId><sln:powIIPPn>PL.PZGIK.200</sln:powIIPPn><sln:powIIPWersja>2012-09-27T09:34:20+02:00</sln:powIIPWersja><sln:powIdTeryt>2406</sln:powIdTeryt><sln:powNazwa>kłobucki</sln:powNazwa><sln:waznyOd>2014-11-14T00:00:00+01:00</sln:waznyOd><sln:wojIIPId>98a63fe6-1e56-4d05-9c47-ab4233f8a6ff</sln:wojIIPId><sln:wojIIPPn>PL.PZGIK.200</sln:wojIIPPn><sln:wojIIPWersja>2017-10-10T00:00:00+02:00</sln:wojIIPWersja><sln:wojIdTeryt>24</sln:wojIdTeryt><sln:wojNazwa>śląskie</sln:wojNazwa></sln:miejscowosc><sln:miejscowosc><sln:cyklZyciaDo>2015-12-28T00:00:00+01:00</sln:cyklZyciaDo><sln:cyklZyciaOd>2015-12-15T00:00:00+01:00</sln:cyklZyciaOd><sln:gmIIPId>4233076e-bc99-4985-ab59-9d12433f30c4</sln:gmIIPId><sln:gmIIPPn>PL.PZGIK.200</sln:gmIIPPn><sln:gmIIPWersja>2012-09-26T22:25:34+02:00</sln:gmIIPWersja><sln:gmIdTeryt>2406052</sln:gmIdTeryt><sln:gmNazwa>Opatów</sln:gmNazwa><sln:miejscIIPId>4ce261b5-f03d-4468-af67-c91380688ae0</sln:miejscIIPId><sln:miejscIIPPn>PL.PZGIK.200</sln:miejscIIPPn><sln:miejscIIPWersja>2016-11-24T09:19:28+02:00</sln:miejscIIPWersja><sln:miejscIdTeryt>0140920</sln:miejscIdTeryt><sln:miejscNazwa>Iwanowice Małe</sln:miejscNazwa><sln:miejscRodzaj>Wieś</sln:miejscRodzaj><sln:powIIPId>4c000899-b81d-4b23-aae2-e4aa8af755ef</sln:powIIPId><sln:powIIPPn>PL.PZGIK.200</sln:powIIPPn><sln:powIIPWersja>2012-09-27T09:34:20+02:00</sln:powIIPWersja><sln:powIdTeryt>2406</sln:powIdTeryt><sln:powNazwa>kłobucki</sln:powNazwa><sln:waznyOd>2014-11-14T00:00:00+01:00</sln:waznyOd><sln:wojIIPId>98a63fe6-1e56-4d05-9c47-ab4233f8a6ff</sln:wojIIPId><sln:wojIIPPn>PL.PZGIK.200</sln:wojIIPPn><sln:wojIIPWersja>2017-10-10T00:00:00+02:00</sln:wojIIPWersja><sln:wojIdTeryt>24</sln:wojIdTeryt><sln:wojNazwa>śląskie</sln:wojNazwa></sln:miejscowosc><sln:miejscowosc><sln:cyklZyciaDo>2015-12-28T00:00:00+01:00</sln:cyklZyciaDo><sln:cyklZyciaOd>2015-12-15T00:00:00+01:00</sln:cyklZyciaOd><sln:gmIIPId>4233076e-bc99-4985-ab59-9d12433f30c4</sln:gmIIPId><sln:gmIIPPn>PL.PZGIK.200</sln:gmIIPPn><sln:gmIIPWersja>2012-09-26T22:25:34+02:00</sln:gmIIPWersja><sln:gmIdTeryt>2406052</sln:gmIdTeryt><sln:gmNazwa>Opatów</sln:gmNazwa><sln:miejscIIPId>302f9f3c-c78f-4992-a647-db8e3f9e3d76</sln:miejscIIPId><sln:miejscIIPPn>PL.PZGIK.200</sln:miejscIIPPn><sln:miejscIIPWersja>2016-11-24T09:19:49+02:00</sln:miejscIIPWersja><sln:miejscIdTeryt>0141195</sln:miejscIdTeryt><sln:miejscNazwa>Kleć</sln:miejscNazwa><sln:miejscRodzaj>Inny obiekt</sln:miejscRodzaj><sln:powIIPId>4c000899-b81d-4b23-aae2-e4aa8af755ef</sln:powIIPId><sln:powIIPPn>PL.PZGIK.200</sln:powIIPPn><sln:powIIPWersja>2012-09-27T09:34:20+02:00</sln:powIIPWersja><sln:powIdTeryt>2406</sln:powIdTeryt><sln:powNazwa>kłobucki</sln:powNazwa><sln:waznyOd>2014-11-14T00:00:00+01:00</sln:waznyOd><sln:wojIIPId>98a63fe6-1e56-4d05-9c47-ab4233f8a6ff</sln:wojIIPId><sln:wojIIPPn>PL.PZGIK.200</sln:wojIIPPn><sln:wojIIPWersja>2017-10-10T00:00:00+02:00</sln:wojIIPWersja><sln:wojIdTeryt>24</sln:wojIdTeryt><sln:wojNazwa>śląskie</sln:wojNazwa></sln:miejscowosc><sln:miejscowosc><sln:cyklZyciaDo>2015-12-28T00:00:00+01:00</sln:cyklZyciaDo><sln:cyklZyciaOd>2015-12-15T00:00:00+01:00</sln:cyklZyciaOd><sln:gmIIPId>4233076e-bc99-4985-ab59-9d12433f30c4</sln:gmIIPId><sln:gmIIPPn>PL.PZGIK.200</sln:gmIIPPn><sln:gmIIPWersja>2012-09-26T22:25:34+02:00</sln:gmIIPWersja><sln:gmIdTeryt>2406052</sln:gmIdTeryt><sln:gmNazwa>Opatów</sln:gmNazwa><sln:miejscIIPId>6aebfe5f-bb76-44d1-9a2e-921d5a7f6513</sln:miejscIIPId><sln:miejscIIPPn>PL.PZGIK.200</sln:miejscIIPPn><sln:miejscIIPWersja>2016-11-24T09:19:34+02:00</sln:miejscIIPWersja><sln:miejscIdTeryt>0140959</sln:miejscIdTeryt><sln:miejscNazwa>Opatów</sln:miejscNazwa><sln:miejscRodzaj>Wieś</sln:miejscRodzaj><sln:powIIPId>4c000899-b81d-4b23-aae2-e4aa8af755ef</sln:powIIPId><sln:powIIPPn>PL.PZGIK.200</sln:powIIPPn><sln:powIIPWersja>2012-09-27T09:34:20+02:00</sln:powIIPWersja><sln:powIdTeryt>2406</sln:powIdTeryt><sln:powNazwa>kłobucki</sln:powNazwa><sln:waznyOd>2014-11-14T00:00:00+01:00</sln:waznyOd><sln:wojIIPId>98a63fe6-1e56-4d05-9c47-ab4233f8a6ff</sln:wojIIPId><sln:wojIIPPn>PL.PZGIK.200</sln:wojIIPPn><sln:wojIIPWersja>2017-10-10T00:00:00+02:00</sln:wojIIPWersja><sln:wojIdTeryt>24</sln:wojIdTeryt><sln:wojNazwa>śląskie</sln:wojNazwa></sln:miejscowosc><sln:miejscowosc><sln:cyklZyciaDo>2015-12-28T00:00:00+01:00</sln:cyklZyciaDo><sln:cyklZyciaOd>2015-12-15T00:00:00+01:00</sln:cyklZyciaOd><sln:gmIIPId>4233076e-bc99-4985-ab59-9d12433f30c4</sln:gmIIPId><sln:gmIIPPn>PL.PZGIK.200</sln:gmIIPPn><sln:gmIIPWersja>2012-09-26T22:25:34+02:00</sln:gmIIPWersja><sln:gmIdTeryt>2406052</sln:gmIdTeryt><sln:gmNazwa>Opatów</sln:gmNazwa><sln:miejscIIPId>1567f7b6-a8a3-4efe-8543-8c32a7f49d15</sln:miejscIIPId><sln:miejscIIPPn>PL.PZGIK.200</sln:miejscIIPPn><sln:miejscIIPWersja>2016-11-24T09:19:37+02:00</sln:miejscIIPWersja><sln:miejscIdTeryt>0140994</sln:miejscIdTeryt><sln:miejscNazwa>Waleńczów</sln:miejscNazwa><sln:miejscRodzaj>Wieś</sln:miejscRodzaj><sln:powIIPId>4c000899-b81d-4b23-aae2-e4aa8af755ef</sln:powIIPId><sln:powIIPPn>PL.PZGIK.200</sln:powIIPPn><sln:powIIPWersja>2012-09-27T09:34:20+02:00</sln:powIIPWersja><sln:powIdTeryt>2406</sln:powIdTeryt><sln:powNazwa>kłobucki</sln:powNazwa><sln:waznyOd>2014-11-14T00:00:00+01:00</sln:waznyOd><sln:wojIIPId>98a63fe6-1e56-4d05-9c47-ab4233f8a6ff</sln:wojIIPId><sln:wojIIPPn>PL.PZGIK.200</sln:wojIIPPn><sln:wojIIPWersja>2017-10-10T00:00:00+02:00</sln:wojIIPWersja><sln:wojIdTeryt>24</sln:wojIdTeryt><sln:wojNazwa>śląskie</sln:wojNazwa></sln:miejscowosc><sln:miejscowosc><sln:cyklZyciaDo>2015-12-28T00:00:00+01:00</sln:cyklZyciaDo><sln:cyklZyciaOd>2015-12-15T00:00:00+01:00</sln:cyklZyciaOd><sln:gmIIPId>4233076e-bc99-4985-ab59-9d12433f30c4</sln:gmIIPId><sln:gmIIPPn>PL.PZGIK.200</sln:gmIIPPn><sln:gmIIPWersja>2012-09-26T22:25:34+02:00</sln:gmIIPWersja><sln:gmIdTeryt>2406052</sln:gmIdTeryt><sln:gmNazwa>Opatów</sln:gmNazwa><sln:miejscIIPId>f518ff2c-f5c7-47ce-aae6-aea14600d91c</sln:miejscIIPId><sln:miejscIIPPn>PL.PZGIK.200</sln:miejscIIPPn><sln:miejscIIPWersja>2016-11-24T09:19:40+02:00</sln:miejscIIPWersja><sln:miejscIdTeryt>0141077</sln:miejscIdTeryt><sln:miejscNazwa>Wilkowiecko</sln:miejscNazwa><sln:miejscRodzaj>Wieś</sln:miejscRodzaj><sln:powIIPId>4c000899-b81d-4b23-aae2-e4aa8af755ef</sln:powIIPId><sln:powIIPPn>PL.PZGIK.200</sln:powIIPPn><sln:powIIPWersja>2012-09-27T09:34:20+02:00</sln:powIIPWersja><sln:powIdTeryt>2406</sln:powIdTeryt><sln:powNazwa>kłobucki</sln:powNazwa><sln:waznyOd>2014-11-14T00:00:00+01:00</sln:waznyOd><sln:wojIIPId>98a63fe6-1e56-4d05-9c47-ab4233f8a6ff</sln:wojIIPId><sln:wojIIPPn>PL.PZGIK.200</sln:wojIIPPn><sln:wojIIPWersja>2017-10-10T00:00:00+02:00</sln:wojIIPWersja><sln:wojIdTeryt>24</sln:wojIdTeryt><sln:wojNazwa>śląskie</sln:wojNazwa></sln:miejscowosc><sln:miejscowosc><sln:cyklZyciaDo>2015-12-28T00:00:00+01:00</sln:cyklZyciaDo><sln:cyklZyciaOd>2015-12-15T00:00:00+01:00</sln:cyklZyciaOd><sln:gmIIPId>4233076e-bc99-4985-ab59-9d12433f30c4</sln:gmIIPId><sln:gmIIPPn>PL.PZGIK.200</sln:gmIIPPn><sln:gmIIPWersja>2012-09-26T22:25:34+02:00</sln:gmIIPWersja><sln:gmIdTeryt>2406052</sln:gmIdTeryt><sln:gmNazwa>Opatów</sln:gmNazwa><sln:miejscIIPId>0111e062-d95a-4eca-aac4-40b837b8d132</sln:miejscIIPId><sln:miejscIIPPn>PL.PZGIK.200</sln:miejscIIPPn><sln:miejscIIPWersja>2016-11-24T09:19:43+02:00</sln:miejscIIPWersja><sln:miejscIdTeryt>0141166</sln:miejscIdTeryt><sln:miejscNazwa>Złochowice</sln:miejscNazwa><sln:miejscRodzaj>Wieś</sln:miejscRodzaj><sln:powIIPId>4c000899-b81d-4b23-aae2-e4aa8af755ef</sln:powIIPId><sln:powIIPPn>PL.PZGIK.200</sln:powIIPPn><sln:powIIPWersja>2012-09-27T09:34:20+02:00</sln:powIIPWersja><sln:powIdTeryt>2406</sln:powIdTeryt><sln:powNazwa>kłobucki</sln:powNazwa><sln:waznyOd>2014-11-14T00:00:00+01:00</sln:waznyOd><sln:wojIIPId>98a63fe6-1e56-4d05-9c47-ab4233f8a6ff</sln:wojIIPId><sln:wojIIPPn>PL.PZGIK.200</sln:wojIIPPn><sln:wojIIPWersja>2017-10-10T00:00:00+02:00</sln:wojIIPWersja><sln:wojIdTeryt>24</sln:wojIdTeryt><sln:wojNazwa>śląskie</sln:wojNazwa></sln:miejscowosc><sln:miejscowosc><sln:cyklZyciaDo>2015-12-28T00:00:00+01:00</sln:cyklZyciaDo><sln:cyklZyciaOd>2015-12-15T00:00:00+01:00</sln:cyklZyciaOd><sln:gmIIPId>4233076e-bc99-4985-ab59-9d12433f30c4</sln:gmIIPId><sln:gmIIPPn>PL.PZGIK.200</sln:gmIIPPn><sln:gmIIPWersja>2012-09-26T22:25:34+02:00</sln:gmIIPWersja><sln:gmIdTeryt>2406052</sln:gmIdTeryt><sln:gmNazwa>Opatów</sln:gmNazwa><sln:miejscIIPId>6484dc39-36eb-42c2-885c-e8d65404992a</sln:miejscIIPId><sln:miejscIIPPn>PL.PZGIK.200</sln:miejscIIPPn><sln:miejscIIPWersja>2016-11-24T09:19:46+02:00</sln:miejscIIPWersja><sln:miejscIdTeryt>0141189</sln:miejscIdTeryt><sln:miejscNazwa>Zwierzyniec Drugi</sln:miejscNazwa><sln:miejscRodzaj>Wieś</sln:miejscRodzaj><sln:powIIPId>4c000899-b81d-4b23-aae2-e4aa8af755ef</sln:powIIPId><sln:powIIPPn>PL.PZGIK.200</sln:powIIPPn><sln:powIIPWersja>2012-09-27T09:34:20+02:00</sln:powIIPWersja><sln:powIdTeryt>2406</sln:powIdTeryt><sln:powNazwa>kłobucki</sln:powNazwa><sln:waznyOd>2014-11-14T00:00:00+01:00</sln:waznyOd><sln:wojIIPId>98a63fe6-1e56-4d05-9c47-ab4233f8a6ff</sln:wojIIPId><sln:wojIIPPn>PL.PZGIK.200</sln:wojIIPPn><sln:wojIIPWersja>2017-10-10T00:00:00+02:00</sln:wojIIPWersja><sln:wojIdTeryt>24</sln:wojIdTeryt><sln:wojNazwa>śląskie</sln:wojNazwa></sln:miejscowosc><sln:miejscowosc><sln:cyklZyciaDo>2015-12-28T00:00:00+01:00</sln:cyklZyciaDo><sln:cyklZyciaOd>2015-12-15T00:00:00+01:00</sln:cyklZyciaOd><sln:gmIIPId>4233076e-bc99-4985-ab59-9d12433f30c4</sln:gmIIPId><sln:gmIIPPn>PL.PZGIK.200</sln:gmIIPPn><sln:gmIIPWersja>2012-09-26T22:25:34+02:00</sln:gmIIPWersja><sln:gmIdTeryt>2406052</sln:gmIdTeryt><sln:gmNazwa>Opatów</sln:gmNazwa><sln:miejscIIPId>8c3d0943-5363-4896-9b01-2bee52e1c374</sln:miejscIIPId><sln:miejscIIPPn>PL.PZGIK.200</sln:miejscIIPPn><sln:miejscIIPWersja>2016-11-24T09:19:52+02:00</sln:miejscIIPWersja><sln:miejscIdTeryt>0141210</sln:miejscIdTeryt><sln:miejscNazwa>Zwierzyniec Pierwszy</sln:miejscNazwa><sln:miejscRodzaj>Wieś</sln:miejscRodzaj><sln:powIIPId>4c000899-b81d-4b23-aae2-e4aa8af755ef</sln:powIIPId><sln:powIIPPn>PL.PZGIK.200</sln:powIIPPn><sln:powIIPWersja>2012-09-27T09:34:20+02:00</sln:powIIPWersja><sln:powIdTeryt>2406</sln:powIdTeryt><sln:powNazwa>kłobucki</sln:powNazwa><sln:waznyOd>2014-11-14T00:00:00+01:00</sln:waznyOd><sln:wojIIPId>98a63fe6-1e56-4d05-9c47-ab4233f8a6ff</sln:wojIIPId><sln:wojIIPPn>PL.PZGIK.200</sln:wojIIPPn><sln:wojIIPWersja>2017-10-10T00:00:00+02:00</sln:wojIIPWersja><sln:wojIdTeryt>24</sln:wojIdTeryt><sln:wojNazwa>śląskie</sln:wojNazwa></sln:miejscowosc><sln:miejscowosc><sln:cyklZyciaOd>2017-04-18T00:00:00+02:00</sln:cyklZyciaOd><sln:gmIIPId>4233076e-bc99-4985-ab59-9d12433f30c4</sln:gmIIPId><sln:gmIIPPn>PL.PZGIK.200</sln:gmIIPPn><sln:gmIIPWersja>2012-09-26T22:25:34+02:00</sln:gmIIPWersja><sln:gmIdTeryt>2406052</sln:gmIdTeryt><sln:gmNazwa>Opatów</sln:gmNazwa><sln:miejscIIPId>cffafc90-6e4a-4022-b0f9-5e38d7179988</sln:miejscIIPId><sln:miejscIIPPn>PL.PZGIK.200</sln:miejscIIPPn><sln:miejscIIPWersja>2017-04-18T16:08:49+02:00</sln:miejscIIPWersja><sln:miejscIdTeryt>0140899</sln:miejscIdTeryt><sln:miejscNazwa>Iwanowice Duże</sln:miejscNazwa><sln:miejscRodzaj>Wieś</sln:miejscRodzaj><sln:powIIPId>4c000899-b81d-4b23-aae2-e4aa8af755ef</sln:powIIPId><sln:powIIPPn>PL.PZGIK.200</sln:powIIPPn><sln:powIIPWersja>2012-09-27T09:34:20+02:00</sln:powIIPWersja><sln:powIdTeryt>2406</sln:powIdTeryt><sln:powNazwa>kłobucki</sln:powNazwa><sln:waznyOd>2014-11-14T00:00:00+01:00</sln:waznyOd><sln:wojIIPId>98a63fe6-1e56-4d05-9c47-ab4233f8a6ff</sln:wojIIPId><sln:wojIIPPn>PL.PZGIK.200</sln:wojIIPPn><sln:wojIIPWersja>2017-10-10T00:00:00+02:00</sln:wojIIPWersja><sln:wojIdTeryt>24</sln:wojIdTeryt><sln:wojNazwa>śląskie</sln:wojNazwa></sln:miejscowosc><sln:miejscowosc><sln:cyklZyciaOd>2017-04-18T00:00:00+02:00</sln:cyklZyciaOd><sln:gmIIPId>4233076e-bc99-4985-ab59-9d12433f30c4</sln:gmIIPId><sln:gmIIPPn>PL.PZGIK.200</sln:gmIIPPn><sln:gmIIPWersja>2012-09-26T22:25:34+02:00</sln:gmIIPWersja><sln:gmIdTeryt>2406052</sln:gmIdTeryt><sln:gmNazwa>Opatów</sln:gmNazwa><sln:miejscIIPId>4ce261b5-f03d-4468-af67-c91380688ae0</sln:miejscIIPId><sln:miejscIIPPn>PL.PZGIK.200</sln:miejscIIPPn><sln:miejscIIPWersja>2017-04-18T16:08:57+02:00</sln:miejscIIPWersja><sln:miejscIdTeryt>0140920</sln:miejscIdTeryt><sln:miejscNazwa>Iwanowice Małe</sln:miejscNazwa><sln:miejscRodzaj>Wieś</sln:miejscRodzaj><sln:powIIPId>4c000899-b81d-4b23-aae2-e4aa8af755ef</sln:powIIPId><sln:powIIPPn>PL.PZGIK.200</sln:powIIPPn><sln:powIIPWersja>2012-09-27T09:34:20+02:00</sln:powIIPWersja><sln:powIdTeryt>2406</sln:powIdTeryt><sln:powNazwa>kłobucki</sln:powNazwa><sln:waznyOd>2014-11-14T00:00:00+01:00</sln:waznyOd><sln:wojIIPId>98a63fe6-1e56-4d05-9c47-ab4233f8a6ff</sln:wojIIPId><sln:wojIIPPn>PL.PZGIK.200</sln:wojIIPPn><sln:wojIIPWersja>2017-10-10T00:00:00+02:00</sln:wojIIPWersja><sln:wojIdTeryt>24</sln:wojIdTeryt><sln:wojNazwa>śląskie</sln:wojNazwa></sln:miejscowosc><sln:miejscowosc><sln:cyklZyciaOd>2017-04-18T00:00:00+02:00</sln:cyklZyciaOd><sln:gmIIPId>4233076e-bc99-4985-ab59-9d12433f30c4</sln:gmIIPId><sln:gmIIPPn>PL.PZGIK.200</sln:gmIIPPn><sln:gmIIPWersja>2012-09-26T22:25:34+02:00</sln:gmIIPWersja><sln:gmIdTeryt>2406052</sln:gmIdTeryt><sln:gmNazwa>Opatów</sln:gmNazwa><sln:miejscIIPId>34dcf558-8f91-411c-b058-e80bb56d6166</sln:miejscIIPId><sln:miejscIIPPn>PL.PZGIK.200</sln:miejscIIPPn><sln:miejscIIPWersja>2017-04-18T16:08:57+02:00</sln:miejscIIPWersja><sln:miejscIdTeryt>0140942</sln:miejscIdTeryt><sln:miejscNazwa>Iwanowice-Naboków</sln:miejscNazwa><sln:miejscRodzaj>Wieś</sln:miejscRodzaj><sln:powIIPId>4c000899-b81d-4b23-aae2-e4aa8af755ef</sln:powIIPId><sln:powIIPPn>PL.PZGIK.200</sln:powIIPPn><sln:powIIPWersja>2012-09-27T09:34:20+02:00</sln:powIIPWersja><sln:powIdTeryt>2406</sln:powIdTeryt><sln:powNazwa>kłobucki</sln:powNazwa><sln:waznyOd>2014-11-14T00:00:00+01:00</sln:waznyOd><sln:wojIIPId>98a63fe6-1e56-4d05-9c47-ab4233f8a6ff</sln:wojIIPId><sln:wojIIPPn>PL.PZGIK.200</sln:wojIIPPn><sln:wojIIPWersja>2017-10-10T00:00:00+02:00</sln:wojIIPWersja><sln:wojIdTeryt>24</sln:wojIdTeryt><sln:wojNazwa>śląskie</sln:wojNazwa></sln:miejscowosc><sln:miejscowosc><sln:cyklZyciaOd>2017-04-18T00:00:00+02:00</sln:cyklZyciaOd><sln:gmIIPId>4233076e-bc99-4985-ab59-9d12433f30c4</sln:gmIIPId><sln:gmIIPPn>PL.PZGIK.200</sln:gmIIPPn><sln:gmIIPWersja>2012-09-26T22:25:34+02:00</sln:gmIIPWersja><sln:gmIdTeryt>2406052</sln:gmIdTeryt><sln:gmNazwa>Opatów</sln:gmNazwa><sln:miejscIIPId>6aebfe5f-bb76-44d1-9a2e-921d5a7f6513</sln:miejscIIPId><sln:miejscIIPPn>PL.PZGIK.200</sln:miejscIIPPn><sln:miejscIIPWersja>2017-04-18T16:08:57+02:00</sln:miejscIIPWersja><sln:miejscIdTeryt>0140959</sln:miejscIdTeryt><sln:miejscNazwa>Opatów</sln:miejscNazwa><sln:miejscRodzaj>Wieś</sln:miejscRodzaj><sln:powIIPId>4c000899-b81d-4b23-aae2-e4aa8af755ef</sln:powIIPId><sln:powIIPPn>PL.PZGIK.200</sln:powIIPPn><sln:powIIPWersja>2012-09-27T09:34:20+02:00</sln:powIIPWersja><sln:powIdTeryt>2406</sln:powIdTeryt><sln:powNazwa>kłobucki</sln:powNazwa><sln:waznyOd>2014-11-14T00:00:00+01:00</sln:waznyOd><sln:wojIIPId>98a63fe6-1e56-4d05-9c47-ab4233f8a6ff</sln:wojIIPId><sln:wojIIPPn>PL.PZGIK.200</sln:wojIIPPn><sln:wojIIPWersja>2017-10-10T00:00:00+02:00</sln:wojIIPWersja><sln:wojIdTeryt>24</sln:wojIdTeryt><sln:wojNazwa>śląskie</sln:wojNazwa></sln:miejscowosc><sln:miejscowosc><sln:cyklZyciaOd>2017-04-18T00:00:00+02:00</sln:cyklZyciaOd><sln:gmIIPId>4233076e-bc99-4985-ab59-9d12433f30c4</sln:gmIIPId><sln:gmIIPPn>PL.PZGIK.200</sln:gmIIPPn><sln:gmIIPWersja>2012-09-26T22:25:34+02:00</sln:gmIIPWersja><sln:gmIdTeryt>2406052</sln:gmIdTeryt><sln:gmNazwa>Opatów</sln:gmNazwa><sln:miejscIIPId>1567f7b6-a8a3-4efe-8543-8c32a7f49d15</sln:miejscIIPId><sln:miejscIIPPn>PL.PZGIK.200</sln:miejscIIPPn><sln:miejscIIPWersja>2017-04-18T16:08:57+02:00</sln:miejscIIPWersja><sln:miejscIdTeryt>0140994</sln:miejscIdTeryt><sln:miejscNazwa>Waleńczów</sln:miejscNazwa><sln:miejscRodzaj>Wieś</sln:miejscRodzaj><sln:powIIPId>4c000899-b81d-4b23-aae2-e4aa8af755ef</sln:powIIPId><sln:powIIPPn>PL.PZGIK.200</sln:powIIPPn><sln:powIIPWersja>2012-09-27T09:34:20+02:00</sln:powIIPWersja><sln:powIdTeryt>2406</sln:powIdTeryt><sln:powNazwa>kłobucki</sln:powNazwa><sln:waznyOd>2014-11-14T00:00:00+01:00</sln:waznyOd><sln:wojIIPId>98a63fe6-1e56-4d05-9c47-ab4233f8a6ff</sln:wojIIPId><sln:wojIIPPn>PL.PZGIK.200</sln:wojIIPPn><sln:wojIIPWersja>2017-10-10T00:00:00+02:00</sln:wojIIPWersja><sln:wojIdTeryt>24</sln:wojIdTeryt><sln:wojNazwa>śląskie</sln:wojNazwa></sln:miejscowosc><sln:miejscowosc><sln:cyklZyciaOd>2017-04-18T00:00:00+02:00</sln:cyklZyciaOd><sln:gmIIPId>4233076e-bc99-4985-ab59-9d12433f30c4</sln:gmIIPId><sln:gmIIPPn>PL.PZGIK.200</sln:gmIIPPn><sln:gmIIPWersja>2012-09-26T22:25:34+02:00</sln:gmIIPWersja><sln:gmIdTeryt>2406052</sln:gmIdTeryt><sln:gmNazwa>Opatów</sln:gmNazwa><sln:miejscIIPId>f518ff2c-f5c7-47ce-aae6-aea14600d91c</sln:miejscIIPId><sln:miejscIIPPn>PL.PZGIK.200</sln:miejscIIPPn><sln:miejscIIPWersja>2017-04-18T16:08:57+02:00</sln:miejscIIPWersja><sln:miejscIdTeryt>0141077</sln:miejscIdTeryt><sln:miejscNazwa>Wilkowiecko</sln:miejscNazwa><sln:miejscRodzaj>Wieś</sln:miejscRodzaj><sln:powIIPId>4c000899-b81d-4b23-aae2-e4aa8af755ef</sln:powIIPId><sln:powIIPPn>PL.PZGIK.200</sln:powIIPPn><sln:powIIPWersja>2012-09-27T09:34:20+02:00</sln:powIIPWersja><sln:powIdTeryt>2406</sln:powIdTeryt><sln:powNazwa>kłobucki</sln:powNazwa><sln:waznyOd>2014-11-14T00:00:00+01:00</sln:waznyOd><sln:wojIIPId>98a63fe6-1e56-4d05-9c47-ab4233f8a6ff</sln:wojIIPId><sln:wojIIPPn>PL.PZGIK.200</sln:wojIIPPn><sln:wojIIPWersja>2017-10-10T00:00:00+02:00</sln:wojIIPWersja><sln:wojIdTeryt>24</sln:wojIdTeryt><sln:wojNazwa>śląskie</sln:wojNazwa></sln:miejscowosc><sln:miejscowosc><sln:cyklZyciaOd>2017-04-18T00:00:00+02:00</sln:cyklZyciaOd><sln:gmIIPId>4233076e-bc99-4985-ab59-9d12433f30c4</sln:gmIIPId><sln:gmIIPPn>PL.PZGIK.200</sln:gmIIPPn><sln:gmIIPWersja>2012-09-26T22:25:34+02:00</sln:gmIIPWersja><sln:gmIdTeryt>2406052</sln:gmIdTeryt><sln:gmNazwa>Opatów</sln:gmNazwa><sln:miejscIIPId>0111e062-d95a-4eca-aac4-40b837b8d132</sln:miejscIIPId><sln:miejscIIPPn>PL.PZGIK.200</sln:miejscIIPPn><sln:miejscIIPWersja>2017-04-18T16:08:57+02:00</sln:miejscIIPWersja><sln:miejscIdTeryt>0141166</sln:miejscIdTeryt><sln:miejscNazwa>Złochowice</sln:miejscNazwa><sln:miejscRodzaj>Wieś</sln:miejscRodzaj><sln:powIIPId>4c000899-b81d-4b23-aae2-e4aa8af755ef</sln:powIIPId><sln:powIIPPn>PL.PZGIK.200</sln:powIIPPn><sln:powIIPWersja>2012-09-27T09:34:20+02:00</sln:powIIPWersja><sln:powIdTeryt>2406</sln:powIdTeryt><sln:powNazwa>kłobucki</sln:powNazwa><sln:waznyOd>2014-11-14T00:00:00+01:00</sln:waznyOd><sln:wojIIPId>98a63fe6-1e56-4d05-9c47-ab4233f8a6ff</sln:wojIIPId><sln:wojIIPPn>PL.PZGIK.200</sln:wojIIPPn><sln:wojIIPWersja>2017-10-10T00:00:00+02:00</sln:wojIIPWersja><sln:wojIdTeryt>24</sln:wojIdTeryt><sln:wojNazwa>śląskie</sln:wojNazwa></sln:miejscowosc><sln:miejscowosc><sln:cyklZyciaOd>2017-04-18T00:00:00+02:00</sln:cyklZyciaOd><sln:gmIIPId>4233076e-bc99-4985-ab59-9d12433f30c4</sln:gmIIPId><sln:gmIIPPn>PL.PZGIK.200</sln:gmIIPPn><sln:gmIIPWersja>2012-09-26T22:25:34+02:00</sln:gmIIPWersja><sln:gmIdTeryt>2406052</sln:gmIdTeryt><sln:gmNazwa>Opatów</sln:gmNazwa><sln:miejscIIPId>6484dc39-36eb-42c2-885c-e8d65404992a</sln:miejscIIPId><sln:miejscIIPPn>PL.PZGIK.200</sln:miejscIIPPn><sln:miejscIIPWersja>2017-04-18T16:08:57+02:00</sln:miejscIIPWersja><sln:miejscIdTeryt>0141189</sln:miejscIdTeryt><sln:miejscNazwa>Zwierzyniec Drugi</sln:miejscNazwa><sln:miejscRodzaj>Wieś</sln:miejscRodzaj><sln:powIIPId>4c000899-b81d-4b23-aae2-e4aa8af755ef</sln:powIIPId><sln:powIIPPn>PL.PZGIK.200</sln:powIIPPn><sln:powIIPWersja>2012-09-27T09:34:20+02:00</sln:powIIPWersja><sln:powIdTeryt>2406</sln:powIdTeryt><sln:powNazwa>kłobucki</sln:powNazwa><sln:waznyOd>2014-11-14T00:00:00+01:00</sln:waznyOd><sln:wojIIPId>98a63fe6-1e56-4d05-9c47-ab4233f8a6ff</sln:wojIIPId><sln:wojIIPPn>PL.PZGIK.200</sln:wojIIPPn><sln:wojIIPWersja>2017-10-10T00:00:00+02:00</sln:wojIIPWersja><sln:wojIdTeryt>24</sln:wojIdTeryt><sln:wojNazwa>śląskie</sln:wojNazwa></sln:miejscowosc><sln:miejscowosc><sln:cyklZyciaOd>2017-04-18T00:00:00+02:00</sln:cyklZyciaOd><sln:gmIIPId>4233076e-bc99-4985-ab59-9d12433f30c4</sln:gmIIPId><sln:gmIIPPn>PL.PZGIK.200</sln:gmIIPPn><sln:gmIIPWersja>2012-09-26T22:25:34+02:00</sln:gmIIPWersja><sln:gmIdTeryt>2406052</sln:gmIdTeryt><sln:gmNazwa>Opatów</sln:gmNazwa><sln:miejscIIPId>302f9f3c-c78f-4992-a647-db8e3f9e3d76</sln:miejscIIPId><sln:miejscIIPPn>PL.PZGIK.200</sln:miejscIIPPn><sln:miejscIIPWersja>2017-04-18T16:08:57+02:00</sln:miejscIIPWersja><sln:miejscIdTeryt>0141195</sln:miejscIdTeryt><sln:miejscNazwa>Kleć</sln:miejscNazwa><sln:miejscRodzaj>Inny obiekt</sln:miejscRodzaj><sln:powIIPId>4c000899-b81d-4b23-aae2-e4aa8af755ef</sln:powIIPId><sln:powIIPPn>PL.PZGIK.200</sln:powIIPPn><sln:powIIPWersja>2012-09-27T09:34:20+02:00</sln:powIIPWersja><sln:powIdTeryt>2406</sln:powIdTeryt><sln:powNazwa>kłobucki</sln:powNazwa><sln:waznyOd>2014-11-14T00:00:00+01:00</sln:waznyOd><sln:wojIIPId>98a63fe6-1e56-4d05-9c47-ab4233f8a6ff</sln:wojIIPId><sln:wojIIPPn>PL.PZGIK.200</sln:wojIIPPn><sln:wojIIPWersja>2017-10-10T00:00:00+02:00</sln:wojIIPWersja><sln:wojIdTeryt>24</sln:wojIdTeryt><sln:wojNazwa>śląskie</sln:wojNazwa></sln:miejscowosc><sln:miejscowosc><sln:cyklZyciaOd>2017-04-18T00:00:00+02:00</sln:cyklZyciaOd><sln:gmIIPId>4233076e-bc99-4985-ab59-9d12433f30c4</sln:gmIIPId><sln:gmIIPPn>PL.PZGIK.200</sln:gmIIPPn><sln:gmIIPWersja>2012-09-26T22:25:34+02:00</sln:gmIIPWersja><sln:gmIdTeryt>2406052</sln:gmIdTeryt><sln:gmNazwa>Opatów</sln:gmNazwa><sln:miejscIIPId>8c3d0943-5363-4896-9b01-2bee52e1c374</sln:miejscIIPId><sln:miejscIIPPn>PL.PZGIK.200</sln:miejscIIPPn><sln:miejscIIPWersja>2017-04-18T16:08:57+02:00</sln:miejscIIPWersja><sln:miejscIdTeryt>0141210</sln:miejscIdTeryt><sln:miejscNazwa>Zwierzyniec Pierwszy</sln:miejscNazwa><sln:miejscRodzaj>Wieś</sln:miejscRodzaj><sln:powIIPId>4c000899-b81d-4b23-aae2-e4aa8af755ef</sln:powIIPId><sln:powIIPPn>PL.PZGIK.200</sln:powIIPPn><sln:powIIPWersja>2012-09-27T09:34:20+02:00</sln:powIIPWersja><sln:powIdTeryt>2406</sln:powIdTeryt><sln:powNazwa>kłobucki</sln:powNazwa><sln:waznyOd>2014-11-14T00:00:00+01:00</sln:waznyOd><sln:wojIIPId>98a63fe6-1e56-4d05-9c47-ab4233f8a6ff</sln:wojIIPId><sln:wojIIPPn>PL.PZGIK.200</sln:wojIIPPn><sln:wojIIPWersja>2017-10-10T00:00:00+02:00</sln:wojIIPWersja><sln:wojIdTeryt>24</sln:wojIdTeryt><sln:wojNazwa>śląskie</sln:wojNazwa></sln:miejscowosc></sln:lista-miejscowosci>