<?xml version="1.0" encoding="UTF-8" standalone="yes"?><sln:lista-miejscowosci xmlns:srv="http://gugik.gov.pl/schemas/slowniki-service/1.0" xmlns:sln="http://gugik.gov.pl/schemas/slowniki-schema/1.0"><sln:miejscowosc><sln:cyklZyciaOd>2015-09-24T00:00:00+02:00</sln:cyklZyciaOd><sln:gmIIPId>7b16f438-0197-4bb8-a752-d907a9074b70</sln:gmIIPId><sln:gmIIPPn>PL.PZGIK.200</sln:gmIIPPn><sln:gmIIPWersja>2012-09-26T22:26:31+02:00</sln:gmIIPWersja><sln:gmIdTeryt>2416042</sln:gmIdTeryt><sln:gmNazwa>Kroczyce</sln:gmNazwa><sln:miejscIIPId>f33503b9-7d4b-4163-b761-c969fca3c297</sln:miejscIIPId><sln:miejscIIPPn>PL.PZGIK.200</sln:miejscIIPPn><sln:miejscIIPWersja>2016-11-24T09:18:49+02:00</sln:miejscIIPWersja><sln:miejscIdTeryt>0136410</sln:miejscIdTeryt><sln:miejscNazwa>Biała Błotna</sln:miejscNazwa><sln:miejscRodzaj>Wieś</sln:miejscRodzaj><sln:powIIPId>42d1201b-fa80-4649-9180-88c64a06a950</sln:powIIPId><sln:powIIPPn>PL.PZGIK.200</sln:powIIPPn><sln:powIIPWersja>2012-09-27T09:34:20+02:00</sln:powIIPWersja><sln:powIdTeryt>2416</sln:powIdTeryt><sln:powNazwa>zawierciański</sln:powNazwa><sln:waznyOd>2014-12-01T00:00:00+01:00</sln:waznyOd><sln:wojIIPId>98a63fe6-1e56-4d05-9c47-ab4233f8a6ff</sln:wojIIPId><sln:wojIIPPn>PL.PZGIK.200</sln:wojIIPPn><sln:wojIIPWersja>2017-10-10T00:00:00+02:00</sln:wojIIPWersja><sln:wojIdTeryt>24</sln:wojIdTeryt><sln:wojNazwa>śląskie</sln:wojNazwa></sln:miejscowosc><sln:miejscowosc><sln:cyklZyciaOd>2015-09-24T00:00:00+02:00</sln:cyklZyciaOd><sln:gmIIPId>7b16f438-0197-4bb8-a752-d907a9074b70</sln:gmIIPId><sln:gmIIPPn>PL.PZGIK.200</sln:gmIIPPn><sln:gmIIPWersja>2012-09-26T22:26:31+02:00</sln:gmIIPWersja><sln:gmIdTeryt>2416042</sln:gmIdTeryt><sln:gmNazwa>Kroczyce</sln:gmNazwa><sln:miejscIIPId>7bc44049-1157-4f60-8617-4e26d358b16c</sln:miejscIIPId><sln:miejscIIPPn>PL.PZGIK.200</sln:miejscIIPPn><sln:miejscIIPWersja>2016-11-24T09:18:49+02:00</sln:miejscIIPWersja><sln:miejscIdTeryt>0136426</sln:miejscIdTeryt><sln:miejscNazwa>Browarek</sln:miejscNazwa><sln:miejscRodzaj>Przysiółek</sln:miejscRodzaj><sln:powIIPId>42d1201b-fa80-4649-9180-88c64a06a950</sln:powIIPId><sln:powIIPPn>PL.PZGIK.200</sln:powIIPPn><sln:powIIPWersja>2012-09-27T09:34:20+02:00</sln:powIIPWersja><sln:powIdTeryt>2416</sln:powIdTeryt><sln:powNazwa>zawierciański</sln:powNazwa><sln:waznyOd>2014-12-01T00:00:00+01:00</sln:waznyOd><sln:wojIIPId>98a63fe6-1e56-4d05-9c47-ab4233f8a6ff</sln:wojIIPId><sln:wojIIPPn>PL.PZGIK.200</sln:wojIIPPn><sln:wojIIPWersja>2017-10-10T00:00:00+02:00</sln:wojIIPWersja><sln:wojIdTeryt>24</sln:wojIdTeryt><sln:wojNazwa>śląskie</sln:wojNazwa></sln:miejscowosc><sln:miejscowosc><sln:cyklZyciaOd>2015-09-24T00:00:00+02:00</sln:cyklZyciaOd><sln:gmIIPId>7b16f438-0197-4bb8-a752-d907a9074b70</sln:gmIIPId><sln:gmIIPPn>PL.PZGIK.200</sln:gmIIPPn><sln:gmIIPWersja>2012-09-26T22:26:31+02:00</sln:gmIIPWersja><sln:gmIdTeryt>2416042</sln:gmIdTeryt><sln:gmNazwa>Kroczyce</sln:gmNazwa><sln:miejscIIPId>36c60a17-5363-48a6-addf-b3416b84fde3</sln:miejscIIPId><sln:miejscIIPPn>PL.PZGIK.200</sln:miejscIIPPn><sln:miejscIIPWersja>2016-11-24T09:18:49+02:00</sln:miejscIIPWersja><sln:miejscIdTeryt>0136432</sln:miejscIdTeryt><sln:miejscNazwa>Dobrogoszczyce</sln:miejscNazwa><sln:miejscRodzaj>Wieś</sln:miejscRodzaj><sln:powIIPId>42d1201b-fa80-4649-9180-88c64a06a950</sln:powIIPId><sln:powIIPPn>PL.PZGIK.200</sln:powIIPPn><sln:powIIPWersja>2012-09-27T09:34:20+02:00</sln:powIIPWersja><sln:powIdTeryt>2416</sln:powIdTeryt><sln:powNazwa>zawierciański</sln:powNazwa><sln:waznyOd>2014-12-01T00:00:00+01:00</sln:waznyOd><sln:wojIIPId>98a63fe6-1e56-4d05-9c47-ab4233f8a6ff</sln:wojIIPId><sln:wojIIPPn>PL.PZGIK.200</sln:wojIIPPn><sln:wojIIPWersja>2017-10-10T00:00:00+02:00</sln:wojIIPWersja><sln:wojIdTeryt>24</sln:wojIdTeryt><sln:wojNazwa>śląskie</sln:wojNazwa></sln:miejscowosc><sln:miejscowosc><sln:cyklZyciaOd>2015-09-24T00:00:00+02:00</sln:cyklZyciaOd><sln:gmIIPId>7b16f438-0197-4bb8-a752-d907a9074b70</sln:gmIIPId><sln:gmIIPPn>PL.PZGIK.200</sln:gmIIPPn><sln:gmIIPWersja>2012-09-26T22:26:31+02:00</sln:gmIIPWersja><sln:gmIdTeryt>2416042</sln:gmIdTeryt><sln:gmNazwa>Kroczyce</sln:gmNazwa><sln:miejscIIPId>0f3d9b33-0440-4053-9346-79f86e868a0d</sln:miejscIIPId><sln:miejscIIPPn>PL.PZGIK.200</sln:miejscIIPPn><sln:miejscIIPWersja>2016-11-24T09:18:49+02:00</sln:miejscIIPWersja><sln:miejscIdTeryt>0136722</sln:miejscIdTeryt><sln:miejscNazwa>Dołki</sln:miejscNazwa><sln:miejscRodzaj>Inny obiekt</sln:miejscRodzaj><sln:powIIPId>42d1201b-fa80-4649-9180-88c64a06a950</sln:powIIPId><sln:powIIPPn>PL.PZGIK.200</sln:powIIPPn><sln:powIIPWersja>2012-09-27T09:34:20+02:00</sln:powIIPWersja><sln:powIdTeryt>2416</sln:powIdTeryt><sln:powNazwa>zawierciański</sln:powNazwa><sln:waznyOd>2014-12-02T00:00:00+01:00</sln:waznyOd><sln:wojIIPId>98a63fe6-1e56-4d05-9c47-ab4233f8a6ff</sln:wojIIPId><sln:wojIIPPn>PL.PZGIK.200</sln:wojIIPPn><sln:wojIIPWersja>2017-10-10T00:00:00+02:00</sln:wojIIPWersja><sln:wojIdTeryt>24</sln:wojIdTeryt><sln:wojNazwa>śląskie</sln:wojNazwa></sln:miejscowosc><sln:miejscowosc><sln:cyklZyciaOd>2015-09-24T00:00:00+02:00</sln:cyklZyciaOd><sln:gmIIPId>7b16f438-0197-4bb8-a752-d907a9074b70</sln:gmIIPId><sln:gmIIPPn>PL.PZGIK.200</sln:gmIIPPn><sln:gmIIPWersja>2012-09-26T22:26:31+02:00</sln:gmIIPWersja><sln:gmIdTeryt>2416042</sln:gmIdTeryt><sln:gmNazwa>Kroczyce</sln:gmNazwa><sln:miejscIIPId>e29964ce-afc7-4d12-9705-73dac759cd95</sln:miejscIIPId><sln:miejscIIPPn>PL.PZGIK.200</sln:miejscIIPPn><sln:miejscIIPWersja>2016-11-24T09:18:49+02:00</sln:miejscIIPWersja><sln:miejscIdTeryt>0136455</sln:miejscIdTeryt><sln:miejscNazwa>Dzibice</sln:miejscNazwa><sln:miejscRodzaj>Wieś</sln:miejscRodzaj><sln:powIIPId>42d1201b-fa80-4649-9180-88c64a06a950</sln:powIIPId><sln:powIIPPn>PL.PZGIK.200</sln:powIIPPn><sln:powIIPWersja>2012-09-27T09:34:20+02:00</sln:powIIPWersja><sln:powIdTeryt>2416</sln:powIdTeryt><sln:powNazwa>zawierciański</sln:powNazwa><sln:waznyOd>2014-12-01T00:00:00+01:00</sln:waznyOd><sln:wojIIPId>98a63fe6-1e56-4d05-9c47-ab4233f8a6ff</sln:wojIIPId><sln:wojIIPPn>PL.PZGIK.200</sln:wojIIPPn><sln:wojIIPWersja>2017-10-10T00:00:00+02:00</sln:wojIIPWersja><sln:wojIdTeryt>24</sln:wojIdTeryt><sln:wojNazwa>śląskie</sln:wojNazwa></sln:miejscowosc><sln:miejscowosc><sln:cyklZyciaOd>2015-09-24T00:00:00+02:00</sln:cyklZyciaOd><sln:gmIIPId>7b16f438-0197-4bb8-a752-d907a9074b70</sln:gmIIPId><sln:gmIIPPn>PL.PZGIK.200</sln:gmIIPPn><sln:gmIIPWersja>2012-09-26T22:26:31+02:00</sln:gmIIPWersja><sln:gmIdTeryt>2416042</sln:gmIdTeryt><sln:gmNazwa>Kroczyce</sln:gmNazwa><sln:miejscIIPId>41cff11b-8aa0-42b0-8234-479b0237d603</sln:miejscIIPId><sln:miejscIIPPn>PL.PZGIK.200</sln:miejscIIPPn><sln:miejscIIPWersja>2016-11-24T09:18:49+02:00</sln:miejscIIPWersja><sln:miejscIdTeryt>0136461</sln:miejscIdTeryt><sln:miejscNazwa>Gołuchowice</sln:miejscNazwa><sln:miejscRodzaj>Wieś</sln:miejscRodzaj><sln:powIIPId>42d1201b-fa80-4649-9180-88c64a06a950</sln:powIIPId><sln:powIIPPn>PL.PZGIK.200</sln:powIIPPn><sln:powIIPWersja>2012-09-27T09:34:20+02:00</sln:powIIPWersja><sln:powIdTeryt>2416</sln:powIdTeryt><sln:powNazwa>zawierciański</sln:powNazwa><sln:waznyOd>2014-12-01T00:00:00+01:00</sln:waznyOd><sln:wojIIPId>98a63fe6-1e56-4d05-9c47-ab4233f8a6ff</sln:wojIIPId><sln:wojIIPPn>PL.PZGIK.200</sln:wojIIPPn><sln:wojIIPWersja>2017-10-10T00:00:00+02:00</sln:wojIIPWersja><sln:wojIdTeryt>24</sln:wojIdTeryt><sln:wojNazwa>śląskie</sln:wojNazwa></sln:miejscowosc><sln:miejscowosc><sln:cyklZyciaOd>2015-09-24T00:00:00+02:00</sln:cyklZyciaOd><sln:gmIIPId>7b16f438-0197-4bb8-a752-d907a9074b70</sln:gmIIPId><sln:gmIIPPn>PL.PZGIK.200</sln:gmIIPPn><sln:gmIIPWersja>2012-09-26T22:26:31+02:00</sln:gmIIPWersja><sln:gmIdTeryt>2416042</sln:gmIdTeryt><sln:gmNazwa>Kroczyce</sln:gmNazwa><sln:miejscIIPId>4e74e282-5370-4fc5-9861-3f92ed653542</sln:miejscIIPId><sln:miejscIIPPn>PL.PZGIK.200</sln:miejscIIPPn><sln:miejscIIPWersja>2016-11-24T09:18:49+02:00</sln:miejscIIPWersja><sln:miejscIdTeryt>0136478</sln:miejscIdTeryt><sln:miejscNazwa>Huta Szklana</sln:miejscNazwa><sln:miejscRodzaj>Wieś</sln:miejscRodzaj><sln:powIIPId>42d1201b-fa80-4649-9180-88c64a06a950</sln:powIIPId><sln:powIIPPn>PL.PZGIK.200</sln:powIIPPn><sln:powIIPWersja>2012-09-27T09:34:20+02:00</sln:powIIPWersja><sln:powIdTeryt>2416</sln:powIdTeryt><sln:powNazwa>zawierciański</sln:powNazwa><sln:waznyOd>2014-12-01T00:00:00+01:00</sln:waznyOd><sln:wojIIPId>98a63fe6-1e56-4d05-9c47-ab4233f8a6ff</sln:wojIIPId><sln:wojIIPPn>PL.PZGIK.200</sln:wojIIPPn><sln:wojIIPWersja>2017-10-10T00:00:00+02:00</sln:wojIIPWersja><sln:wojIdTeryt>24</sln:wojIdTeryt><sln:wojNazwa>śląskie</sln:wojNazwa></sln:miejscowosc><sln:miejscowosc><sln:cyklZyciaOd>2015-09-24T00:00:00+02:00</sln:cyklZyciaOd><sln:gmIIPId>7b16f438-0197-4bb8-a752-d907a9074b70</sln:gmIIPId><sln:gmIIPPn>PL.PZGIK.200</sln:gmIIPPn><sln:gmIIPWersja>2012-09-26T22:26:31+02:00</sln:gmIIPWersja><sln:gmIdTeryt>2416042</sln:gmIdTeryt><sln:gmNazwa>Kroczyce</sln:gmNazwa><sln:miejscIIPId>f7399e79-ba48-4c88-83f2-f4b5fd853fcc</sln:miejscIIPId><sln:miejscIIPPn>PL.PZGIK.200</sln:miejscIIPPn><sln:miejscIIPWersja>2016-11-24T09:18:49+02:00</sln:miejscIIPWersja><sln:miejscIdTeryt>0136484</sln:miejscIdTeryt><sln:miejscNazwa>Kostkowice</sln:miejscNazwa><sln:miejscRodzaj>Wieś</sln:miejscRodzaj><sln:powIIPId>42d1201b-fa80-4649-9180-88c64a06a950</sln:powIIPId><sln:powIIPPn>PL.PZGIK.200</sln:powIIPPn><sln:powIIPWersja>2012-09-27T09:34:20+02:00</sln:powIIPWersja><sln:powIdTeryt>2416</sln:powIdTeryt><sln:powNazwa>zawierciański</sln:powNazwa><sln:waznyOd>2014-12-01T00:00:00+01:00</sln:waznyOd><sln:wojIIPId>98a63fe6-1e56-4d05-9c47-ab4233f8a6ff</sln:wojIIPId><sln:wojIIPPn>PL.PZGIK.200</sln:wojIIPPn><sln:wojIIPWersja>2017-10-10T00:00:00+02:00</sln:wojIIPWersja><sln:wojIdTeryt>24</sln:wojIdTeryt><sln:wojNazwa>śląskie</sln:wojNazwa></sln:miejscowosc><sln:miejscowosc><sln:cyklZyciaOd>2015-09-24T00:00:00+02:00</sln:cyklZyciaOd><sln:gmIIPId>7b16f438-0197-4bb8-a752-d907a9074b70</sln:gmIIPId><sln:gmIIPPn>PL.PZGIK.200</sln:gmIIPPn><sln:gmIIPWersja>2012-09-26T22:26:31+02:00</sln:gmIIPWersja><sln:gmIdTeryt>2416042</sln:gmIdTeryt><sln:gmNazwa>Kroczyce</sln:gmNazwa><sln:miejscIIPId>474ed6f1-36df-4916-b31f-f32412f2dc8d</sln:miejscIIPId><sln:miejscIIPPn>PL.PZGIK.200</sln:miejscIIPPn><sln:miejscIIPWersja>2016-11-24T09:18:49+02:00</sln:miejscIIPWersja><sln:miejscIdTeryt>0136633</sln:miejscIdTeryt><sln:miejscNazwa>Podlesice</sln:miejscNazwa><sln:miejscRodzaj>Wieś</sln:miejscRodzaj><sln:powIIPId>42d1201b-fa80-4649-9180-88c64a06a950</sln:powIIPId><sln:powIIPPn>PL.PZGIK.200</sln:powIIPPn><sln:powIIPWersja>2012-09-27T09:34:20+02:00</sln:powIIPWersja><sln:powIdTeryt>2416</sln:powIdTeryt><sln:powNazwa>zawierciański</sln:powNazwa><sln:waznyOd>2014-12-01T00:00:00+01:00</sln:waznyOd><sln:wojIIPId>98a63fe6-1e56-4d05-9c47-ab4233f8a6ff</sln:wojIIPId><sln:wojIIPPn>PL.PZGIK.200</sln:wojIIPPn><sln:wojIIPWersja>2017-10-10T00:00:00+02:00</sln:wojIIPWersja><sln:wojIdTeryt>24</sln:wojIdTeryt><sln:wojNazwa>śląskie</sln:wojNazwa></sln:miejscowosc><sln:miejscowosc><sln:cyklZyciaOd>2015-09-24T00:00:00+02:00</sln:cyklZyciaOd><sln:gmIIPId>7b16f438-0197-4bb8-a752-d907a9074b70</sln:gmIIPId><sln:gmIIPPn>PL.PZGIK.200</sln:gmIIPPn><sln:gmIIPWersja>2012-09-26T22:26:31+02:00</sln:gmIIPWersja><sln:gmIdTeryt>2416042</sln:gmIdTeryt><sln:gmNazwa>Kroczyce</sln:gmNazwa><sln:miejscIIPId>7ed4b12f-03d2-44e3-b7da-9d8961622415</sln:miejscIIPId><sln:miejscIIPPn>PL.PZGIK.200</sln:miejscIIPPn><sln:miejscIIPWersja>2016-11-24T09:18:49+02:00</sln:miejscIIPWersja><sln:miejscIdTeryt>0136640</sln:miejscIdTeryt><sln:miejscNazwa>Pradła</sln:miejscNazwa><sln:miejscRodzaj>Wieś</sln:miejscRodzaj><sln:powIIPId>42d1201b-fa80-4649-9180-88c64a06a950</sln:powIIPId><sln:powIIPPn>PL.PZGIK.200</sln:powIIPPn><sln:powIIPWersja>2012-09-27T09:34:20+02:00</sln:powIIPWersja><sln:powIdTeryt>2416</sln:powIdTeryt><sln:powNazwa>zawierciański</sln:powNazwa><sln:waznyOd>2014-12-01T00:00:00+01:00</sln:waznyOd><sln:wojIIPId>98a63fe6-1e56-4d05-9c47-ab4233f8a6ff</sln:wojIIPId><sln:wojIIPPn>PL.PZGIK.200</sln:wojIIPPn><sln:wojIIPWersja>2017-10-10T00:00:00+02:00</sln:wojIIPWersja><sln:wojIdTeryt>24</sln:wojIdTeryt><sln:wojNazwa>śląskie</sln:wojNazwa></sln:miejscowosc><sln:miejscowosc><sln:cyklZyciaOd>2015-09-24T00:00:00+02:00</sln:cyklZyciaOd><sln:gmIIPId>7b16f438-0197-4bb8-a752-d907a9074b70</sln:gmIIPId><sln:gmIIPPn>PL.PZGIK.200</sln:gmIIPPn><sln:gmIIPWersja>2012-09-26T22:26:31+02:00</sln:gmIIPWersja><sln:gmIdTeryt>2416042</sln:gmIdTeryt><sln:gmNazwa>Kroczyce</sln:gmNazwa><sln:miejscIIPId>471f5a13-4220-40ea-9a23-05cb3a9bad1c</sln:miejscIIPId><sln:miejscIIPPn>PL.PZGIK.200</sln:miejscIIPPn><sln:miejscIIPWersja>2016-11-24T09:18:49+02:00</sln:miejscIIPWersja><sln:miejscIdTeryt>0136685</sln:miejscIdTeryt><sln:miejscNazwa>Przyłubsko</sln:miejscNazwa><sln:miejscRodzaj>Wieś</sln:miejscRodzaj><sln:powIIPId>42d1201b-fa80-4649-9180-88c64a06a950</sln:powIIPId><sln:powIIPPn>PL.PZGIK.200</sln:powIIPPn><sln:powIIPWersja>2012-09-27T09:34:20+02:00</sln:powIIPWersja><sln:powIdTeryt>2416</sln:powIdTeryt><sln:powNazwa>zawierciański</sln:powNazwa><sln:waznyOd>2014-12-01T00:00:00+01:00</sln:waznyOd><sln:wojIIPId>98a63fe6-1e56-4d05-9c47-ab4233f8a6ff</sln:wojIIPId><sln:wojIIPPn>PL.PZGIK.200</sln:wojIIPPn><sln:wojIIPWersja>2017-10-10T00:00:00+02:00</sln:wojIIPWersja><sln:wojIdTeryt>24</sln:wojIdTeryt><sln:wojNazwa>śląskie</sln:wojNazwa></sln:miejscowosc><sln:miejscowosc><sln:cyklZyciaOd>2015-09-24T00:00:00+02:00</sln:cyklZyciaOd><sln:gmIIPId>7b16f438-0197-4bb8-a752-d907a9074b70</sln:gmIIPId><sln:gmIIPPn>PL.PZGIK.200</sln:gmIIPPn><sln:gmIIPWersja>2012-09-26T22:26:31+02:00</sln:gmIIPWersja><sln:gmIdTeryt>2416042</sln:gmIdTeryt><sln:gmNazwa>Kroczyce</sln:gmNazwa><sln:miejscIIPId>9651d012-aa17-4c91-ba64-0c10afcedb16</sln:miejscIIPId><sln:miejscIIPPn>PL.PZGIK.200</sln:miejscIIPPn><sln:miejscIIPWersja>2016-11-24T09:18:49+02:00</sln:miejscIIPWersja><sln:miejscIdTeryt>0136691</sln:miejscIdTeryt><sln:miejscNazwa>Siamoszyce</sln:miejscNazwa><sln:miejscRodzaj>Wieś</sln:miejscRodzaj><sln:powIIPId>42d1201b-fa80-4649-9180-88c64a06a950</sln:powIIPId><sln:powIIPPn>PL.PZGIK.200</sln:powIIPPn><sln:powIIPWersja>2012-09-27T09:34:20+02:00</sln:powIIPWersja><sln:powIdTeryt>2416</sln:powIdTeryt><sln:powNazwa>zawierciański</sln:powNazwa><sln:waznyOd>2014-12-01T00:00:00+01:00</sln:waznyOd><sln:wojIIPId>98a63fe6-1e56-4d05-9c47-ab4233f8a6ff</sln:wojIIPId><sln:wojIIPPn>PL.PZGIK.200</sln:wojIIPPn><sln:wojIIPWersja>2017-10-10T00:00:00+02:00</sln:wojIIPWersja><sln:wojIdTeryt>24</sln:wojIdTeryt><sln:wojNazwa>śląskie</sln:wojNazwa></sln:miejscowosc><sln:miejscowosc><sln:cyklZyciaOd>2015-09-24T00:00:00+02:00</sln:cyklZyciaOd><sln:gmIIPId>7b16f438-0197-4bb8-a752-d907a9074b70</sln:gmIIPId><sln:gmIIPPn>PL.PZGIK.200</sln:gmIIPPn><sln:gmIIPWersja>2012-09-26T22:26:31+02:00</sln:gmIIPWersja><sln:gmIdTeryt>2416042</sln:gmIdTeryt><sln:gmNazwa>Kroczyce</sln:gmNazwa><sln:miejscIIPId>59552bde-2b82-49b1-9b3a-ee4504f766aa</sln:miejscIIPId><sln:miejscIIPPn>PL.PZGIK.200</sln:miejscIIPPn><sln:miejscIIPWersja>2016-11-24T09:18:49+02:00</sln:miejscIIPWersja><sln:miejscIdTeryt>0136700</sln:miejscIdTeryt><sln:miejscNazwa>Siedliszowice</sln:miejscNazwa><sln:miejscRodzaj>Wieś</sln:miejscRodzaj><sln:powIIPId>42d1201b-fa80-4649-9180-88c64a06a950</sln:powIIPId><sln:powIIPPn>PL.PZGIK.200</sln:powIIPPn><sln:powIIPWersja>2012-09-27T09:34:20+02:00</sln:powIIPWersja><sln:powIdTeryt>2416</sln:powIdTeryt><sln:powNazwa>zawierciański</sln:powNazwa><sln:waznyOd>2014-12-01T00:00:00+01:00</sln:waznyOd><sln:wojIIPId>98a63fe6-1e56-4d05-9c47-ab4233f8a6ff</sln:wojIIPId><sln:wojIIPPn>PL.PZGIK.200</sln:wojIIPPn><sln:wojIIPWersja>2017-10-10T00:00:00+02:00</sln:wojIIPWersja><sln:wojIdTeryt>24</sln:wojIdTeryt><sln:wojNazwa>śląskie</sln:wojNazwa></sln:miejscowosc><sln:miejscowosc><sln:cyklZyciaOd>2015-09-24T00:00:00+02:00</sln:cyklZyciaOd><sln:gmIIPId>7b16f438-0197-4bb8-a752-d907a9074b70</sln:gmIIPId><sln:gmIIPPn>PL.PZGIK.200</sln:gmIIPPn><sln:gmIIPWersja>2012-09-26T22:26:31+02:00</sln:gmIIPWersja><sln:gmIdTeryt>2416042</sln:gmIdTeryt><sln:gmNazwa>Kroczyce</sln:gmNazwa><sln:miejscIIPId>24a8bdf4-a072-4b41-a1f8-005c85bedcfc</sln:miejscIIPId><sln:miejscIIPPn>PL.PZGIK.200</sln:miejscIIPPn><sln:miejscIIPWersja>2016-11-24T09:18:49+02:00</sln:miejscIIPWersja><sln:miejscIdTeryt>0136716</sln:miejscIdTeryt><sln:miejscNazwa>Siemięrzyce</sln:miejscNazwa><sln:miejscRodzaj>Wieś</sln:miejscRodzaj><sln:powIIPId>42d1201b-fa80-4649-9180-88c64a06a950</sln:powIIPId><sln:powIIPPn>PL.PZGIK.200</sln:powIIPPn><sln:powIIPWersja>2012-09-27T09:34:20+02:00</sln:powIIPWersja><sln:powIdTeryt>2416</sln:powIdTeryt><sln:powNazwa>zawierciański</sln:powNazwa><sln:waznyOd>2014-12-01T00:00:00+01:00</sln:waznyOd><sln:wojIIPId>98a63fe6-1e56-4d05-9c47-ab4233f8a6ff</sln:wojIIPId><sln:wojIIPPn>PL.PZGIK.200</sln:wojIIPPn><sln:wojIIPWersja>2017-10-10T00:00:00+02:00</sln:wojIIPWersja><sln:wojIdTeryt>24</sln:wojIdTeryt><sln:wojNazwa>śląskie</sln:wojNazwa></sln:miejscowosc><sln:miejscowosc><sln:cyklZyciaOd>2015-09-24T00:00:00+02:00</sln:cyklZyciaOd><sln:gmIIPId>7b16f438-0197-4bb8-a752-d907a9074b70</sln:gmIIPId><sln:gmIIPPn>PL.PZGIK.200</sln:gmIIPPn><sln:gmIIPWersja>2012-09-26T22:26:31+02:00</sln:gmIIPWersja><sln:gmIdTeryt>2416042</sln:gmIdTeryt><sln:gmNazwa>Kroczyce</sln:gmNazwa><sln:miejscIIPId>dd92a842-f7f3-45bf-9dfb-e1aaf8356cbc</sln:miejscIIPId><sln:miejscIIPPn>PL.PZGIK.200</sln:miejscIIPPn><sln:miejscIIPWersja>2016-11-24T09:18:49+02:00</sln:miejscIIPWersja><sln:miejscIdTeryt>0136745</sln:miejscIdTeryt><sln:miejscNazwa>Szypowice</sln:miejscNazwa><sln:miejscRodzaj>Wieś</sln:miejscRodzaj><sln:powIIPId>42d1201b-fa80-4649-9180-88c64a06a950</sln:powIIPId><sln:powIIPPn>PL.PZGIK.200</sln:powIIPPn><sln:powIIPWersja>2012-09-27T09:34:20+02:00</sln:powIIPWersja><sln:powIdTeryt>2416</sln:powIdTeryt><sln:powNazwa>zawierciański</sln:powNazwa><sln:waznyOd>2014-12-01T00:00:00+01:00</sln:waznyOd><sln:wojIIPId>98a63fe6-1e56-4d05-9c47-ab4233f8a6ff</sln:wojIIPId><sln:wojIIPPn>PL.PZGIK.200</sln:wojIIPPn><sln:wojIIPWersja>2017-10-10T00:00:00+02:00</sln:wojIIPWersja><sln:wojIdTeryt>24</sln:wojIdTeryt><sln:wojNazwa>śląskie</sln:wojNazwa></sln:miejscowosc><sln:miejscowosc><sln:cyklZyciaOd>2015-09-24T00:00:00+02:00</sln:cyklZyciaOd><sln:gmIIPId>7b16f438-0197-4bb8-a752-d907a9074b70</sln:gmIIPId><sln:gmIIPPn>PL.PZGIK.200</sln:gmIIPPn><sln:gmIIPWersja>2012-09-26T22:26:31+02:00</sln:gmIIPWersja><sln:gmIdTeryt>2416042</sln:gmIdTeryt><sln:gmNazwa>Kroczyce</sln:gmNazwa><sln:miejscIIPId>0325bc20-02f5-4e6b-9c6f-f823c3aeed0d</sln:miejscIIPId><sln:miejscIIPPn>PL.PZGIK.200</sln:miejscIIPPn><sln:miejscIIPWersja>2016-11-24T09:18:49+02:00</sln:miejscIIPWersja><sln:miejscIdTeryt>0136751</sln:miejscIdTeryt><sln:miejscNazwa>Trzciniec</sln:miejscNazwa><sln:miejscRodzaj>Wieś</sln:miejscRodzaj><sln:powIIPId>42d1201b-fa80-4649-9180-88c64a06a950</sln:powIIPId><sln:powIIPPn>PL.PZGIK.200</sln:powIIPPn><sln:powIIPWersja>2012-09-27T09:34:20+02:00</sln:powIIPWersja><sln:powIdTeryt>2416</sln:powIdTeryt><sln:powNazwa>zawierciański</sln:powNazwa><sln:waznyOd>2014-12-01T00:00:00+01:00</sln:waznyOd><sln:wojIIPId>98a63fe6-1e56-4d05-9c47-ab4233f8a6ff</sln:wojIIPId><sln:wojIIPPn>PL.PZGIK.200</sln:wojIIPPn><sln:wojIIPWersja>2017-10-10T00:00:00+02:00</sln:wojIIPWersja><sln:wojIdTeryt>24</sln:wojIdTeryt><sln:wojNazwa>śląskie</sln:wojNazwa></sln:miejscowosc><sln:miejscowosc><sln:cyklZyciaOd>2015-09-24T00:00:00+02:00</sln:cyklZyciaOd><sln:gmIIPId>7b16f438-0197-4bb8-a752-d907a9074b70</sln:gmIIPId><sln:gmIIPPn>PL.PZGIK.200</sln:gmIIPPn><sln:gmIIPWersja>2012-09-26T22:26:31+02:00</sln:gmIIPWersja><sln:gmIdTeryt>2416042</sln:gmIdTeryt><sln:gmNazwa>Kroczyce</sln:gmNazwa><sln:miejscIIPId>f9674a72-c619-4150-a239-1aa8f05a14cc</sln:miejscIIPId><sln:miejscIIPPn>PL.PZGIK.200</sln:miejscIIPPn><sln:miejscIIPWersja>2016-11-24T09:18:49+02:00</sln:miejscIIPWersja><sln:miejscIdTeryt>0136739</sln:miejscIdTeryt><sln:miejscNazwa>Wrzoski</sln:miejscNazwa><sln:miejscRodzaj>Przysiółek</sln:miejscRodzaj><sln:powIIPId>42d1201b-fa80-4649-9180-88c64a06a950</sln:powIIPId><sln:powIIPPn>PL.PZGIK.200</sln:powIIPPn><sln:powIIPWersja>2012-09-27T09:34:20+02:00</sln:powIIPWersja><sln:powIdTeryt>2416</sln:powIdTeryt><sln:powNazwa>zawierciański</sln:powNazwa><sln:waznyOd>2014-12-02T00:00:00+01:00</sln:waznyOd><sln:wojIIPId>98a63fe6-1e56-4d05-9c47-ab4233f8a6ff</sln:wojIIPId><sln:wojIIPPn>PL.PZGIK.200</sln:wojIIPPn><sln:wojIIPWersja>2017-10-10T00:00:00+02:00</sln:wojIIPWersja><sln:wojIdTeryt>24</sln:wojIdTeryt><sln:wojNazwa>śląskie</sln:wojNazwa></sln:miejscowosc><sln:miejscowosc><sln:cyklZyciaOd>2015-09-24T00:00:00+02:00</sln:cyklZyciaOd><sln:gmIIPId>7b16f438-0197-4bb8-a752-d907a9074b70</sln:gmIIPId><sln:gmIIPPn>PL.PZGIK.200</sln:gmIIPPn><sln:gmIIPWersja>2012-09-26T22:26:31+02:00</sln:gmIIPWersja><sln:gmIdTeryt>2416042</sln:gmIdTeryt><sln:gmNazwa>Kroczyce</sln:gmNazwa><sln:miejscIIPId>7c024974-4487-44d1-976d-c26d8b125c0a</sln:miejscIIPId><sln:miejscIIPPn>PL.PZGIK.200</sln:miejscIIPPn><sln:miejscIIPWersja>2016-11-24T09:18:49+02:00</sln:miejscIIPWersja><sln:miejscIdTeryt>0136596</sln:miejscIdTeryt><sln:miejscNazwa>Zefirek</sln:miejscNazwa><sln:miejscRodzaj>Inny obiekt</sln:miejscRodzaj><sln:powIIPId>42d1201b-fa80-4649-9180-88c64a06a950</sln:powIIPId><sln:powIIPPn>PL.PZGIK.200</sln:powIIPPn><sln:powIIPWersja>2012-09-27T09:34:20+02:00</sln:powIIPWersja><sln:powIdTeryt>2416</sln:powIdTeryt><sln:powNazwa>zawierciański</sln:powNazwa><sln:waznyOd>2014-12-02T00:00:00+01:00</sln:waznyOd><sln:wojIIPId>98a63fe6-1e56-4d05-9c47-ab4233f8a6ff</sln:wojIIPId><sln:wojIIPPn>PL.PZGIK.200</sln:wojIIPPn><sln:wojIIPWersja>2017-10-10T00:00:00+02:00</sln:wojIIPWersja><sln:wojIdTeryt>24</sln:wojIdTeryt><sln:wojNazwa>śląskie</sln:wojNazwa></sln:miejscowosc><sln:miejscowosc><sln:cyklZyciaOd>2015-09-24T00:00:00+02:00</sln:cyklZyciaOd><sln:gmIIPId>7b16f438-0197-4bb8-a752-d907a9074b70</sln:gmIIPId><sln:gmIIPPn>PL.PZGIK.200</sln:gmIIPPn><sln:gmIIPWersja>2012-09-26T22:26:31+02:00</sln:gmIIPWersja><sln:gmIdTeryt>2416042</sln:gmIdTeryt><sln:gmNazwa>Kroczyce</sln:gmNazwa><sln:miejscIIPId>dcbfbe01-2e7f-4eac-874a-33c9d7c30d9e</sln:miejscIIPId><sln:miejscIIPPn>PL.PZGIK.200</sln:miejscIIPPn><sln:miejscIIPWersja>2016-11-24T09:18:49+02:00</sln:miejscIIPWersja><sln:miejscIdTeryt>0136509</sln:miejscIdTeryt><sln:miejscNazwa>Kroczyce</sln:miejscNazwa><sln:miejscRodzaj>Wieś</sln:miejscRodzaj><sln:powIIPId>42d1201b-fa80-4649-9180-88c64a06a950</sln:powIIPId><sln:powIIPPn>PL.PZGIK.200</sln:powIIPPn><sln:powIIPWersja>2012-09-27T09:34:20+02:00</sln:powIIPWersja><sln:powIdTeryt>2416</sln:powIdTeryt><sln:powNazwa>zawierciański</sln:powNazwa><sln:waznyOd>2014-12-01T00:00:00+01:00</sln:waznyOd><sln:wojIIPId>98a63fe6-1e56-4d05-9c47-ab4233f8a6ff</sln:wojIIPId><sln:wojIIPPn>PL.PZGIK.200</sln:wojIIPPn><sln:wojIIPWersja>2017-10-10T00:00:00+02:00</sln:wojIIPWersja><sln:wojIdTeryt>24</sln:wojIdTeryt><sln:wojNazwa>śląskie</sln:wojNazwa></sln:miejscowosc><sln:miejscowosc><sln:cyklZyciaOd>2015-09-24T00:00:00+02:00</sln:cyklZyciaOd><sln:gmIIPId>7b16f438-0197-4bb8-a752-d907a9074b70</sln:gmIIPId><sln:gmIIPPn>PL.PZGIK.200</sln:gmIIPPn><sln:gmIIPWersja>2012-09-26T22:26:31+02:00</sln:gmIIPWersja><sln:gmIdTeryt>2416042</sln:gmIdTeryt><sln:gmNazwa>Kroczyce</sln:gmNazwa><sln:miejscIIPId>cd280dcb-9b79-452c-a742-698f8462edb1</sln:miejscIIPId><sln:miejscIIPPn>PL.PZGIK.200</sln:miejscIIPPn><sln:miejscIIPWersja>2016-11-24T09:18:49+02:00</sln:miejscIIPWersja><sln:miejscIdTeryt>0136604</sln:miejscIdTeryt><sln:miejscNazwa>Lgota Murowana</sln:miejscNazwa><sln:miejscRodzaj>Wieś</sln:miejscRodzaj><sln:powIIPId>42d1201b-fa80-4649-9180-88c64a06a950</sln:powIIPId><sln:powIIPPn>PL.PZGIK.200</sln:powIIPPn><sln:powIIPWersja>2012-09-27T09:34:20+02:00</sln:powIIPWersja><sln:powIdTeryt>2416</sln:powIdTeryt><sln:powNazwa>zawierciański</sln:powNazwa><sln:waznyOd>2014-12-01T00:00:00+01:00</sln:waznyOd><sln:wojIIPId>98a63fe6-1e56-4d05-9c47-ab4233f8a6ff</sln:wojIIPId><sln:wojIIPPn>PL.PZGIK.200</sln:wojIIPPn><sln:wojIIPWersja>2017-10-10T00:00:00+02:00</sln:wojIIPWersja><sln:wojIdTeryt>24</sln:wojIdTeryt><sln:wojNazwa>śląskie</sln:wojNazwa></sln:miejscowosc><sln:miejscowosc><sln:cyklZyciaOd>2015-09-24T00:00:00+02:00</sln:cyklZyciaOd><sln:gmIIPId>7b16f438-0197-4bb8-a752-d907a9074b70</sln:gmIIPId><sln:gmIIPPn>PL.PZGIK.200</sln:gmIIPPn><sln:gmIIPWersja>2012-09-26T22:26:31+02:00</sln:gmIIPWersja><sln:gmIdTeryt>2416042</sln:gmIdTeryt><sln:gmNazwa>Kroczyce</sln:gmNazwa><sln:miejscIIPId>e0c7e4ac-c0ba-4ae1-b439-f1df23823ee3</sln:miejscIIPId><sln:miejscIIPPn>PL.PZGIK.200</sln:miejscIIPPn><sln:miejscIIPWersja>2016-11-24T09:18:49+02:00</sln:miejscIIPWersja><sln:miejscIdTeryt>0136610</sln:miejscIdTeryt><sln:miejscNazwa>Lgotka</sln:miejscNazwa><sln:miejscRodzaj>Wieś</sln:miejscRodzaj><sln:powIIPId>42d1201b-fa80-4649-9180-88c64a06a950</sln:powIIPId><sln:powIIPPn>PL.PZGIK.200</sln:powIIPPn><sln:powIIPWersja>2012-09-27T09:34:20+02:00</sln:powIIPWersja><sln:powIdTeryt>2416</sln:powIdTeryt><sln:powNazwa>zawierciański</sln:powNazwa><sln:waznyOd>2014-12-01T00:00:00+01:00</sln:waznyOd><sln:wojIIPId>98a63fe6-1e56-4d05-9c47-ab4233f8a6ff</sln:wojIIPId><sln:wojIIPPn>PL.PZGIK.200</sln:wojIIPPn><sln:wojIIPWersja>2017-10-10T00:00:00+02:00</sln:wojIIPWersja><sln:wojIdTeryt>24</sln:wojIdTeryt><sln:wojNazwa>śląskie</sln:wojNazwa></sln:miejscowosc><sln:miejscowosc><sln:cyklZyciaOd>2015-09-24T00:00:00+02:00</sln:cyklZyciaOd><sln:gmIIPId>7b16f438-0197-4bb8-a752-d907a9074b70</sln:gmIIPId><sln:gmIIPPn>PL.PZGIK.200</sln:gmIIPPn><sln:gmIIPWersja>2012-09-26T22:26:31+02:00</sln:gmIIPWersja><sln:gmIdTeryt>2416042</sln:gmIdTeryt><sln:gmNazwa>Kroczyce</sln:gmNazwa><sln:miejscIIPId>6d0c72b9-580c-4628-b2b6-8a6fcf7d4cda</sln:miejscIIPId><sln:miejscIIPPn>PL.PZGIK.200</sln:miejscIIPPn><sln:miejscIIPWersja>2016-11-24T09:18:49+02:00</sln:miejscIIPWersja><sln:miejscIdTeryt>0136627</sln:miejscIdTeryt><sln:miejscNazwa>Piaseczno</sln:miejscNazwa><sln:miejscRodzaj>Wieś</sln:miejscRodzaj><sln:powIIPId>42d1201b-fa80-4649-9180-88c64a06a950</sln:powIIPId><sln:powIIPPn>PL.PZGIK.200</sln:powIIPPn><sln:powIIPWersja>2012-09-27T09:34:20+02:00</sln:powIIPWersja><sln:powIdTeryt>2416</sln:powIdTeryt><sln:powNazwa>zawierciański</sln:powNazwa><sln:waznyOd>2014-12-01T00:00:00+01:00</sln:waznyOd><sln:wojIIPId>98a63fe6-1e56-4d05-9c47-ab4233f8a6ff</sln:wojIIPId><sln:wojIIPPn>PL.PZGIK.200</sln:wojIIPPn><sln:wojIIPWersja>2017-10-10T00:00:00+02:00</sln:wojIIPWersja><sln:wojIdTeryt>24</sln:wojIdTeryt><sln:wojNazwa>śląskie</sln:wojNazwa></sln:miejscowosc></sln:lista-miejscowosci>