<?xml version="1.0" encoding="UTF-8" standalone="yes"?><sln:lista-miejscowosci xmlns:srv="http://gugik.gov.pl/schemas/slowniki-service/1.0" xmlns:sln="http://gugik.gov.pl/schemas/slowniki-schema/1.0"><sln:miejscowosc><sln:cyklZyciaOd>2014-10-08T00:00:00+02:00</sln:cyklZyciaOd><sln:gmIIPId>5d05e9db-cd67-4b15-95ba-fb3b2d3db7d2</sln:gmIIPId><sln:gmIIPPn>PL.PZGIK.200</sln:gmIIPPn><sln:gmIIPWersja>2012-09-26T22:26:23+02:00</sln:gmIIPWersja><sln:gmIdTeryt>2414052</sln:gmIdTeryt><sln:gmNazwa>Chełm Śląski</sln:gmNazwa><sln:miejscIIPId>eb7a77e5-d021-4f8c-8047-e394f8d41c26</sln:miejscIIPId><sln:miejscIIPPn>PL.PZGIK.200</sln:miejscIIPPn><sln:miejscIIPWersja>2016-11-24T13:50:43+02:00</sln:miejscIIPWersja><sln:miejscIdTeryt>0941620</sln:miejscIdTeryt><sln:miejscNazwa>Kopciowice</sln:miejscNazwa><sln:miejscRodzaj>Wieś</sln:miejscRodzaj><sln:powIIPId>596dc935-5d17-4a9d-82d5-85d2d3890126</sln:powIIPId><sln:powIIPPn>PL.PZGIK.200</sln:powIIPPn><sln:powIIPWersja>2012-09-27T09:34:20+02:00</sln:powIIPWersja><sln:powIdTeryt>2414</sln:powIdTeryt><sln:powNazwa>bieruńsko-lędziński</sln:powNazwa><sln:wojIIPId>98a63fe6-1e56-4d05-9c47-ab4233f8a6ff</sln:wojIIPId><sln:wojIIPPn>PL.PZGIK.200</sln:wojIIPPn><sln:wojIIPWersja>2017-10-10T00:00:00+02:00</sln:wojIIPWersja><sln:wojIdTeryt>24</sln:wojIdTeryt><sln:wojNazwa>śląskie</sln:wojNazwa></sln:miejscowosc><sln:miejscowosc><sln:cyklZyciaOd>2014-10-08T00:00:00+02:00</sln:cyklZyciaOd><sln:gmIIPId>5d05e9db-cd67-4b15-95ba-fb3b2d3db7d2</sln:gmIIPId><sln:gmIIPPn>PL.PZGIK.200</sln:gmIIPPn><sln:gmIIPWersja>2012-09-26T22:26:23+02:00</sln:gmIIPWersja><sln:gmIdTeryt>2414052</sln:gmIdTeryt><sln:gmNazwa>Chełm Śląski</sln:gmNazwa><sln:miejscIIPId>3350e9dc-2d78-4cad-84db-fd6fbc5d6fa5</sln:miejscIIPId><sln:miejscIIPPn>PL.PZGIK.200</sln:miejscIIPPn><sln:miejscIIPWersja>2016-11-24T13:36:25+02:00</sln:miejscIIPWersja><sln:miejscIdTeryt>3010694</sln:miejscIdTeryt><sln:miejscNazwa>Osada Kopciowice</sln:miejscNazwa><sln:miejscRodzaj>Inny obiekt</sln:miejscRodzaj><sln:powIIPId>596dc935-5d17-4a9d-82d5-85d2d3890126</sln:powIIPId><sln:powIIPPn>PL.PZGIK.200</sln:powIIPPn><sln:powIIPWersja>2012-09-27T09:34:20+02:00</sln:powIIPWersja><sln:powIdTeryt>2414</sln:powIdTeryt><sln:powNazwa>bieruńsko-lędziński</sln:powNazwa><sln:wojIIPId>98a63fe6-1e56-4d05-9c47-ab4233f8a6ff</sln:wojIIPId><sln:wojIIPPn>PL.PZGIK.200</sln:wojIIPPn><sln:wojIIPWersja>2017-10-10T00:00:00+02:00</sln:wojIIPWersja><sln:wojIdTeryt>24</sln:wojIdTeryt><sln:wojNazwa>śląskie</sln:wojNazwa></sln:miejscowosc><sln:miejscowosc><sln:cyklZyciaOd>2014-10-08T00:00:00+02:00</sln:cyklZyciaOd><sln:gmIIPId>5d05e9db-cd67-4b15-95ba-fb3b2d3db7d2</sln:gmIIPId><sln:gmIIPPn>PL.PZGIK.200</sln:gmIIPPn><sln:gmIIPWersja>2012-09-26T22:26:23+02:00</sln:gmIIPWersja><sln:gmIdTeryt>2414052</sln:gmIdTeryt><sln:gmNazwa>Chełm Śląski</sln:gmNazwa><sln:miejscIIPId>2d97db11-dd5d-4d7d-9f7a-169091fff4b3</sln:miejscIIPId><sln:miejscIIPPn>PL.PZGIK.200</sln:miejscIIPPn><sln:miejscIIPWersja>2016-11-24T13:36:25+02:00</sln:miejscIIPWersja><sln:miejscIdTeryt>3010710</sln:miejscIdTeryt><sln:miejscNazwa>Podłuże</sln:miejscNazwa><sln:miejscRodzaj>Inny obiekt</sln:miejscRodzaj><sln:powIIPId>596dc935-5d17-4a9d-82d5-85d2d3890126</sln:powIIPId><sln:powIIPPn>PL.PZGIK.200</sln:powIIPPn><sln:powIIPWersja>2012-09-27T09:34:20+02:00</sln:powIIPWersja><sln:powIdTeryt>2414</sln:powIdTeryt><sln:powNazwa>bieruńsko-lędziński</sln:powNazwa><sln:wojIIPId>98a63fe6-1e56-4d05-9c47-ab4233f8a6ff</sln:wojIIPId><sln:wojIIPPn>PL.PZGIK.200</sln:wojIIPPn><sln:wojIIPWersja>2017-10-10T00:00:00+02:00</sln:wojIIPWersja><sln:wojIdTeryt>24</sln:wojIdTeryt><sln:wojNazwa>śląskie</sln:wojNazwa></sln:miejscowosc><sln:miejscowosc><sln:cyklZyciaOd>2014-10-08T00:00:00+02:00</sln:cyklZyciaOd><sln:gmIIPId>5d05e9db-cd67-4b15-95ba-fb3b2d3db7d2</sln:gmIIPId><sln:gmIIPPn>PL.PZGIK.200</sln:gmIIPPn><sln:gmIIPWersja>2012-09-26T22:26:23+02:00</sln:gmIIPWersja><sln:gmIdTeryt>2414052</sln:gmIdTeryt><sln:gmNazwa>Chełm Śląski</sln:gmNazwa><sln:miejscIIPId>ebc04e5e-d877-4d6f-9127-7912131d15eb</sln:miejscIIPId><sln:miejscIIPPn>PL.PZGIK.200</sln:miejscIIPPn><sln:miejscIIPWersja>2016-11-24T13:33:55+02:00</sln:miejscIIPWersja><sln:miejscIdTeryt>0941518</sln:miejscIdTeryt><sln:miejscNazwa>Chełm Śląski</sln:miejscNazwa><sln:miejscRodzaj>Wieś</sln:miejscRodzaj><sln:powIIPId>596dc935-5d17-4a9d-82d5-85d2d3890126</sln:powIIPId><sln:powIIPPn>PL.PZGIK.200</sln:powIIPPn><sln:powIIPWersja>2012-09-27T09:34:20+02:00</sln:powIIPWersja><sln:powIdTeryt>2414</sln:powIdTeryt><sln:powNazwa>bieruńsko-lędziński</sln:powNazwa><sln:wojIIPId>98a63fe6-1e56-4d05-9c47-ab4233f8a6ff</sln:wojIIPId><sln:wojIIPPn>PL.PZGIK.200</sln:wojIIPPn><sln:wojIIPWersja>2017-10-10T00:00:00+02:00</sln:wojIIPWersja><sln:wojIdTeryt>24</sln:wojIdTeryt><sln:wojNazwa>śląskie</sln:wojNazwa></sln:miejscowosc><sln:miejscowosc><sln:cyklZyciaOd>2014-10-08T00:00:00+02:00</sln:cyklZyciaOd><sln:gmIIPId>5d05e9db-cd67-4b15-95ba-fb3b2d3db7d2</sln:gmIIPId><sln:gmIIPPn>PL.PZGIK.200</sln:gmIIPPn><sln:gmIIPWersja>2012-09-26T22:26:23+02:00</sln:gmIIPWersja><sln:gmIdTeryt>2414052</sln:gmIdTeryt><sln:gmNazwa>Chełm Śląski</sln:gmNazwa><sln:miejscIIPId>524d806f-7cf6-4083-b291-76442a7f8084</sln:miejscIIPId><sln:miejscIIPPn>PL.PZGIK.200</sln:miejscIIPPn><sln:miejscIIPWersja>2016-11-24T13:36:25+02:00</sln:miejscIIPWersja><sln:miejscIdTeryt>3011134</sln:miejscIdTeryt><sln:miejscNazwa>Błędów</sln:miejscNazwa><sln:miejscRodzaj>Inny obiekt</sln:miejscRodzaj><sln:powIIPId>596dc935-5d17-4a9d-82d5-85d2d3890126</sln:powIIPId><sln:powIIPPn>PL.PZGIK.200</sln:powIIPPn><sln:powIIPWersja>2012-09-27T09:34:20+02:00</sln:powIIPWersja><sln:powIdTeryt>2414</sln:powIdTeryt><sln:powNazwa>bieruńsko-lędziński</sln:powNazwa><sln:wojIIPId>98a63fe6-1e56-4d05-9c47-ab4233f8a6ff</sln:wojIIPId><sln:wojIIPPn>PL.PZGIK.200</sln:wojIIPPn><sln:wojIIPWersja>2017-10-10T00:00:00+02:00</sln:wojIIPWersja><sln:wojIdTeryt>24</sln:wojIdTeryt><sln:wojNazwa>śląskie</sln:wojNazwa></sln:miejscowosc><sln:miejscowosc><sln:cyklZyciaOd>2014-10-08T00:00:00+02:00</sln:cyklZyciaOd><sln:gmIIPId>5d05e9db-cd67-4b15-95ba-fb3b2d3db7d2</sln:gmIIPId><sln:gmIIPPn>PL.PZGIK.200</sln:gmIIPPn><sln:gmIIPWersja>2012-09-26T22:26:23+02:00</sln:gmIIPWersja><sln:gmIdTeryt>2414052</sln:gmIdTeryt><sln:gmNazwa>Chełm Śląski</sln:gmNazwa><sln:miejscIIPId>c9ec0463-174e-4f6c-8a17-d904c72e7058</sln:miejscIIPId><sln:miejscIIPPn>PL.PZGIK.200</sln:miejscIIPPn><sln:miejscIIPWersja>2016-11-24T13:36:25+02:00</sln:miejscIIPWersja><sln:miejscIdTeryt>3011140</sln:miejscIdTeryt><sln:miejscNazwa>Chełm Mały</sln:miejscNazwa><sln:miejscRodzaj>Inny obiekt</sln:miejscRodzaj><sln:powIIPId>596dc935-5d17-4a9d-82d5-85d2d3890126</sln:powIIPId><sln:powIIPPn>PL.PZGIK.200</sln:powIIPPn><sln:powIIPWersja>2012-09-27T09:34:20+02:00</sln:powIIPWersja><sln:powIdTeryt>2414</sln:powIdTeryt><sln:powNazwa>bieruńsko-lędziński</sln:powNazwa><sln:wojIIPId>98a63fe6-1e56-4d05-9c47-ab4233f8a6ff</sln:wojIIPId><sln:wojIIPPn>PL.PZGIK.200</sln:wojIIPPn><sln:wojIIPWersja>2017-10-10T00:00:00+02:00</sln:wojIIPWersja><sln:wojIdTeryt>24</sln:wojIdTeryt><sln:wojNazwa>śląskie</sln:wojNazwa></sln:miejscowosc><sln:miejscowosc><sln:cyklZyciaOd>2014-10-08T00:00:00+02:00</sln:cyklZyciaOd><sln:gmIIPId>5d05e9db-cd67-4b15-95ba-fb3b2d3db7d2</sln:gmIIPId><sln:gmIIPPn>PL.PZGIK.200</sln:gmIIPPn><sln:gmIIPWersja>2012-09-26T22:26:23+02:00</sln:gmIIPWersja><sln:gmIdTeryt>2414052</sln:gmIdTeryt><sln:gmNazwa>Chełm Śląski</sln:gmNazwa><sln:miejscIIPId>ec792c47-dfae-43e1-bed3-2c9e1fd1b401</sln:miejscIIPId><sln:miejscIIPPn>PL.PZGIK.200</sln:miejscIIPPn><sln:miejscIIPWersja>2016-11-24T13:36:25+02:00</sln:miejscIIPWersja><sln:miejscIdTeryt>3011152</sln:miejscIdTeryt><sln:miejscNazwa>Gamrot</sln:miejscNazwa><sln:miejscRodzaj>Inny obiekt</sln:miejscRodzaj><sln:powIIPId>596dc935-5d17-4a9d-82d5-85d2d3890126</sln:powIIPId><sln:powIIPPn>PL.PZGIK.200</sln:powIIPPn><sln:powIIPWersja>2012-09-27T09:34:20+02:00</sln:powIIPWersja><sln:powIdTeryt>2414</sln:powIdTeryt><sln:powNazwa>bieruńsko-lędziński</sln:powNazwa><sln:wojIIPId>98a63fe6-1e56-4d05-9c47-ab4233f8a6ff</sln:wojIIPId><sln:wojIIPPn>PL.PZGIK.200</sln:wojIIPPn><sln:wojIIPWersja>2017-10-10T00:00:00+02:00</sln:wojIIPWersja><sln:wojIdTeryt>24</sln:wojIdTeryt><sln:wojNazwa>śląskie</sln:wojNazwa></sln:miejscowosc><sln:miejscowosc><sln:cyklZyciaOd>2014-10-08T00:00:00+02:00</sln:cyklZyciaOd><sln:gmIIPId>5d05e9db-cd67-4b15-95ba-fb3b2d3db7d2</sln:gmIIPId><sln:gmIIPPn>PL.PZGIK.200</sln:gmIIPPn><sln:gmIIPWersja>2012-09-26T22:26:23+02:00</sln:gmIIPWersja><sln:gmIdTeryt>2414052</sln:gmIdTeryt><sln:gmNazwa>Chełm Śląski</sln:gmNazwa><sln:miejscIIPId>299ab3a7-1f97-42de-87e2-3964b6369314</sln:miejscIIPId><sln:miejscIIPPn>PL.PZGIK.200</sln:miejscIIPPn><sln:miejscIIPWersja>2016-11-24T13:36:25+02:00</sln:miejscIIPWersja><sln:miejscIdTeryt>3011146</sln:miejscIdTeryt><sln:miejscNazwa>Czerniny</sln:miejscNazwa><sln:miejscRodzaj>Inny obiekt</sln:miejscRodzaj><sln:powIIPId>596dc935-5d17-4a9d-82d5-85d2d3890126</sln:powIIPId><sln:powIIPPn>PL.PZGIK.200</sln:powIIPPn><sln:powIIPWersja>2012-09-27T09:34:20+02:00</sln:powIIPWersja><sln:powIdTeryt>2414</sln:powIdTeryt><sln:powNazwa>bieruńsko-lędziński</sln:powNazwa><sln:wojIIPId>98a63fe6-1e56-4d05-9c47-ab4233f8a6ff</sln:wojIIPId><sln:wojIIPPn>PL.PZGIK.200</sln:wojIIPPn><sln:wojIIPWersja>2017-10-10T00:00:00+02:00</sln:wojIIPWersja><sln:wojIdTeryt>24</sln:wojIdTeryt><sln:wojNazwa>śląskie</sln:wojNazwa></sln:miejscowosc></sln:lista-miejscowosci>