<?xml version="1.0" encoding="UTF-8" standalone="yes"?><sln:lista-miejscowosci xmlns:srv="http://gugik.gov.pl/schemas/slowniki-service/1.0" xmlns:sln="http://gugik.gov.pl/schemas/slowniki-schema/1.0"><sln:miejscowosc><sln:cyklZyciaDo>2017-04-18T00:00:00+02:00</sln:cyklZyciaDo><sln:cyklZyciaOd>2015-12-21T00:00:00+01:00</sln:cyklZyciaOd><sln:gmIIPId>64677a06-efda-4e0e-90ac-b12939765161</sln:gmIIPId><sln:gmIIPPn>PL.PZGIK.200</sln:gmIIPPn><sln:gmIIPWersja>2012-09-26T22:25:41+02:00</sln:gmIIPWersja><sln:gmIdTeryt>2405032</sln:gmIdTeryt><sln:gmNazwa>Gierałtowice</sln:gmNazwa><sln:miejscIIPId>22192db9-c42a-4f40-b074-e64eb0857cf7</sln:miejscIIPId><sln:miejscIIPPn>PL.PZGIK.200</sln:miejscIIPPn><sln:miejscIIPWersja>2016-11-24T09:46:51+02:00</sln:miejscIIPWersja><sln:miejscIdTeryt>0214304</sln:miejscIdTeryt><sln:miejscNazwa>Chudów</sln:miejscNazwa><sln:miejscRodzaj>Wieś</sln:miejscRodzaj><sln:powIIPId>6b32441a-4fce-4379-8626-fae9d7935133</sln:powIIPId><sln:powIIPPn>PL.PZGIK.200</sln:powIIPPn><sln:powIIPWersja>2012-09-27T09:34:20+02:00</sln:powIIPWersja><sln:powIdTeryt>2405</sln:powIdTeryt><sln:powNazwa>gliwicki</sln:powNazwa><sln:waznyOd>2015-07-16T00:00:00+02:00</sln:waznyOd><sln:wojIIPId>98a63fe6-1e56-4d05-9c47-ab4233f8a6ff</sln:wojIIPId><sln:wojIIPPn>PL.PZGIK.200</sln:wojIIPPn><sln:wojIIPWersja>2017-10-10T00:00:00+02:00</sln:wojIIPWersja><sln:wojIdTeryt>24</sln:wojIdTeryt><sln:wojNazwa>śląskie</sln:wojNazwa></sln:miejscowosc><sln:miejscowosc><sln:cyklZyciaDo>2017-04-18T00:00:00+02:00</sln:cyklZyciaDo><sln:cyklZyciaOd>2015-12-21T00:00:00+01:00</sln:cyklZyciaOd><sln:gmIIPId>64677a06-efda-4e0e-90ac-b12939765161</sln:gmIIPId><sln:gmIIPPn>PL.PZGIK.200</sln:gmIIPPn><sln:gmIIPWersja>2012-09-26T22:25:41+02:00</sln:gmIIPWersja><sln:gmIdTeryt>2405032</sln:gmIdTeryt><sln:gmNazwa>Gierałtowice</sln:gmNazwa><sln:miejscIIPId>8b679fea-4270-44f4-b035-456bd3bda075</sln:miejscIIPId><sln:miejscIIPPn>PL.PZGIK.200</sln:miejscIIPPn><sln:miejscIIPWersja>2016-11-24T09:46:53+02:00</sln:miejscIIPWersja><sln:miejscIdTeryt>0214327</sln:miejscIdTeryt><sln:miejscNazwa>Gierałtowice</sln:miejscNazwa><sln:miejscRodzaj>Wieś</sln:miejscRodzaj><sln:powIIPId>6b32441a-4fce-4379-8626-fae9d7935133</sln:powIIPId><sln:powIIPPn>PL.PZGIK.200</sln:powIIPPn><sln:powIIPWersja>2012-09-27T09:34:20+02:00</sln:powIIPWersja><sln:powIdTeryt>2405</sln:powIdTeryt><sln:powNazwa>gliwicki</sln:powNazwa><sln:waznyOd>2015-07-16T00:00:00+02:00</sln:waznyOd><sln:wojIIPId>98a63fe6-1e56-4d05-9c47-ab4233f8a6ff</sln:wojIIPId><sln:wojIIPPn>PL.PZGIK.200</sln:wojIIPPn><sln:wojIIPWersja>2017-10-10T00:00:00+02:00</sln:wojIIPWersja><sln:wojIdTeryt>24</sln:wojIdTeryt><sln:wojNazwa>śląskie</sln:wojNazwa></sln:miejscowosc><sln:miejscowosc><sln:cyklZyciaDo>2017-04-18T00:00:00+02:00</sln:cyklZyciaDo><sln:cyklZyciaOd>2015-12-21T00:00:00+01:00</sln:cyklZyciaOd><sln:gmIIPId>64677a06-efda-4e0e-90ac-b12939765161</sln:gmIIPId><sln:gmIIPPn>PL.PZGIK.200</sln:gmIIPPn><sln:gmIIPWersja>2012-09-26T22:25:41+02:00</sln:gmIIPWersja><sln:gmIdTeryt>2405032</sln:gmIdTeryt><sln:gmNazwa>Gierałtowice</sln:gmNazwa><sln:miejscIIPId>533737fb-0de5-4e30-bbc0-654596c78a73</sln:miejscIIPId><sln:miejscIIPPn>PL.PZGIK.200</sln:miejscIIPPn><sln:miejscIIPWersja>2016-11-24T09:46:55+02:00</sln:miejscIIPWersja><sln:miejscIdTeryt>0214340</sln:miejscIdTeryt><sln:miejscNazwa>Paniówki</sln:miejscNazwa><sln:miejscRodzaj>Wieś</sln:miejscRodzaj><sln:powIIPId>6b32441a-4fce-4379-8626-fae9d7935133</sln:powIIPId><sln:powIIPPn>PL.PZGIK.200</sln:powIIPPn><sln:powIIPWersja>2012-09-27T09:34:20+02:00</sln:powIIPWersja><sln:powIdTeryt>2405</sln:powIdTeryt><sln:powNazwa>gliwicki</sln:powNazwa><sln:waznyOd>2015-07-16T00:00:00+02:00</sln:waznyOd><sln:wojIIPId>98a63fe6-1e56-4d05-9c47-ab4233f8a6ff</sln:wojIIPId><sln:wojIIPPn>PL.PZGIK.200</sln:wojIIPPn><sln:wojIIPWersja>2017-10-10T00:00:00+02:00</sln:wojIIPWersja><sln:wojIdTeryt>24</sln:wojIdTeryt><sln:wojNazwa>śląskie</sln:wojNazwa></sln:miejscowosc><sln:miejscowosc><sln:cyklZyciaDo>2017-04-18T00:00:00+02:00</sln:cyklZyciaDo><sln:cyklZyciaOd>2015-12-21T00:00:00+01:00</sln:cyklZyciaOd><sln:gmIIPId>64677a06-efda-4e0e-90ac-b12939765161</sln:gmIIPId><sln:gmIIPPn>PL.PZGIK.200</sln:gmIIPPn><sln:gmIIPWersja>2012-09-26T22:25:41+02:00</sln:gmIIPWersja><sln:gmIdTeryt>2405032</sln:gmIdTeryt><sln:gmNazwa>Gierałtowice</sln:gmNazwa><sln:miejscIIPId>33ef3586-be37-4d39-8ea5-9d5e711ae543</sln:miejscIIPId><sln:miejscIIPPn>PL.PZGIK.200</sln:miejscIIPPn><sln:miejscIIPWersja>2016-11-24T09:46:57+02:00</sln:miejscIIPWersja><sln:miejscIdTeryt>0214362</sln:miejscIdTeryt><sln:miejscNazwa>Przyszowice</sln:miejscNazwa><sln:miejscRodzaj>Wieś</sln:miejscRodzaj><sln:powIIPId>6b32441a-4fce-4379-8626-fae9d7935133</sln:powIIPId><sln:powIIPPn>PL.PZGIK.200</sln:powIIPPn><sln:powIIPWersja>2012-09-27T09:34:20+02:00</sln:powIIPWersja><sln:powIdTeryt>2405</sln:powIdTeryt><sln:powNazwa>gliwicki</sln:powNazwa><sln:waznyOd>2015-07-16T00:00:00+02:00</sln:waznyOd><sln:wojIIPId>98a63fe6-1e56-4d05-9c47-ab4233f8a6ff</sln:wojIIPId><sln:wojIIPPn>PL.PZGIK.200</sln:wojIIPPn><sln:wojIIPWersja>2017-10-10T00:00:00+02:00</sln:wojIIPWersja><sln:wojIdTeryt>24</sln:wojIdTeryt><sln:wojNazwa>śląskie</sln:wojNazwa></sln:miejscowosc><sln:miejscowosc><sln:cyklZyciaDo>2015-12-15T00:00:00+01:00</sln:cyklZyciaDo><sln:cyklZyciaOd>2015-10-09T00:00:00+02:00</sln:cyklZyciaOd><sln:gmIIPId>64677a06-efda-4e0e-90ac-b12939765161</sln:gmIIPId><sln:gmIIPPn>PL.PZGIK.200</sln:gmIIPPn><sln:gmIIPWersja>2012-09-26T22:25:41+02:00</sln:gmIIPWersja><sln:gmIdTeryt>2405032</sln:gmIdTeryt><sln:gmNazwa>Gierałtowice</sln:gmNazwa><sln:miejscIIPId>22192db9-c42a-4f40-b074-e64eb0857cf7</sln:miejscIIPId><sln:miejscIIPPn>PL.PZGIK.200</sln:miejscIIPPn><sln:miejscIIPWersja>2016-11-24T09:46:52+02:00</sln:miejscIIPWersja><sln:miejscIdTeryt>0214304</sln:miejscIdTeryt><sln:miejscNazwa>Chudów</sln:miejscNazwa><sln:miejscRodzaj>Wieś</sln:miejscRodzaj><sln:powIIPId>6b32441a-4fce-4379-8626-fae9d7935133</sln:powIIPId><sln:powIIPPn>PL.PZGIK.200</sln:powIIPPn><sln:powIIPWersja>2012-09-27T09:34:20+02:00</sln:powIIPWersja><sln:powIdTeryt>2405</sln:powIdTeryt><sln:powNazwa>gliwicki</sln:powNazwa><sln:waznyOd>2015-07-16T00:00:00+02:00</sln:waznyOd><sln:wojIIPId>98a63fe6-1e56-4d05-9c47-ab4233f8a6ff</sln:wojIIPId><sln:wojIIPPn>PL.PZGIK.200</sln:wojIIPPn><sln:wojIIPWersja>2017-10-10T00:00:00+02:00</sln:wojIIPWersja><sln:wojIdTeryt>24</sln:wojIdTeryt><sln:wojNazwa>śląskie</sln:wojNazwa></sln:miejscowosc><sln:miejscowosc><sln:cyklZyciaDo>2015-12-15T00:00:00+01:00</sln:cyklZyciaDo><sln:cyklZyciaOd>2015-10-09T00:00:00+02:00</sln:cyklZyciaOd><sln:gmIIPId>64677a06-efda-4e0e-90ac-b12939765161</sln:gmIIPId><sln:gmIIPPn>PL.PZGIK.200</sln:gmIIPPn><sln:gmIIPWersja>2012-09-26T22:25:41+02:00</sln:gmIIPWersja><sln:gmIdTeryt>2405032</sln:gmIdTeryt><sln:gmNazwa>Gierałtowice</sln:gmNazwa><sln:miejscIIPId>8b679fea-4270-44f4-b035-456bd3bda075</sln:miejscIIPId><sln:miejscIIPPn>PL.PZGIK.200</sln:miejscIIPPn><sln:miejscIIPWersja>2016-11-24T09:46:54+02:00</sln:miejscIIPWersja><sln:miejscIdTeryt>0214327</sln:miejscIdTeryt><sln:miejscNazwa>Gierałtowice</sln:miejscNazwa><sln:miejscRodzaj>Wieś</sln:miejscRodzaj><sln:powIIPId>6b32441a-4fce-4379-8626-fae9d7935133</sln:powIIPId><sln:powIIPPn>PL.PZGIK.200</sln:powIIPPn><sln:powIIPWersja>2012-09-27T09:34:20+02:00</sln:powIIPWersja><sln:powIdTeryt>2405</sln:powIdTeryt><sln:powNazwa>gliwicki</sln:powNazwa><sln:waznyOd>2015-07-16T00:00:00+02:00</sln:waznyOd><sln:wojIIPId>98a63fe6-1e56-4d05-9c47-ab4233f8a6ff</sln:wojIIPId><sln:wojIIPPn>PL.PZGIK.200</sln:wojIIPPn><sln:wojIIPWersja>2017-10-10T00:00:00+02:00</sln:wojIIPWersja><sln:wojIdTeryt>24</sln:wojIdTeryt><sln:wojNazwa>śląskie</sln:wojNazwa></sln:miejscowosc><sln:miejscowosc><sln:cyklZyciaDo>2015-12-15T00:00:00+01:00</sln:cyklZyciaDo><sln:cyklZyciaOd>2015-10-09T00:00:00+02:00</sln:cyklZyciaOd><sln:gmIIPId>64677a06-efda-4e0e-90ac-b12939765161</sln:gmIIPId><sln:gmIIPPn>PL.PZGIK.200</sln:gmIIPPn><sln:gmIIPWersja>2012-09-26T22:25:41+02:00</sln:gmIIPWersja><sln:gmIdTeryt>2405032</sln:gmIdTeryt><sln:gmNazwa>Gierałtowice</sln:gmNazwa><sln:miejscIIPId>533737fb-0de5-4e30-bbc0-654596c78a73</sln:miejscIIPId><sln:miejscIIPPn>PL.PZGIK.200</sln:miejscIIPPn><sln:miejscIIPWersja>2016-11-24T09:46:56+02:00</sln:miejscIIPWersja><sln:miejscIdTeryt>0214340</sln:miejscIdTeryt><sln:miejscNazwa>Paniówki</sln:miejscNazwa><sln:miejscRodzaj>Wieś</sln:miejscRodzaj><sln:powIIPId>6b32441a-4fce-4379-8626-fae9d7935133</sln:powIIPId><sln:powIIPPn>PL.PZGIK.200</sln:powIIPPn><sln:powIIPWersja>2012-09-27T09:34:20+02:00</sln:powIIPWersja><sln:powIdTeryt>2405</sln:powIdTeryt><sln:powNazwa>gliwicki</sln:powNazwa><sln:waznyOd>2015-07-16T00:00:00+02:00</sln:waznyOd><sln:wojIIPId>98a63fe6-1e56-4d05-9c47-ab4233f8a6ff</sln:wojIIPId><sln:wojIIPPn>PL.PZGIK.200</sln:wojIIPPn><sln:wojIIPWersja>2017-10-10T00:00:00+02:00</sln:wojIIPWersja><sln:wojIdTeryt>24</sln:wojIdTeryt><sln:wojNazwa>śląskie</sln:wojNazwa></sln:miejscowosc><sln:miejscowosc><sln:cyklZyciaDo>2015-12-15T00:00:00+01:00</sln:cyklZyciaDo><sln:cyklZyciaOd>2015-10-09T00:00:00+02:00</sln:cyklZyciaOd><sln:gmIIPId>64677a06-efda-4e0e-90ac-b12939765161</sln:gmIIPId><sln:gmIIPPn>PL.PZGIK.200</sln:gmIIPPn><sln:gmIIPWersja>2012-09-26T22:25:41+02:00</sln:gmIIPWersja><sln:gmIdTeryt>2405032</sln:gmIdTeryt><sln:gmNazwa>Gierałtowice</sln:gmNazwa><sln:miejscIIPId>33ef3586-be37-4d39-8ea5-9d5e711ae543</sln:miejscIIPId><sln:miejscIIPPn>PL.PZGIK.200</sln:miejscIIPPn><sln:miejscIIPWersja>2016-11-24T09:46:58+02:00</sln:miejscIIPWersja><sln:miejscIdTeryt>0214362</sln:miejscIdTeryt><sln:miejscNazwa>Przyszowice</sln:miejscNazwa><sln:miejscRodzaj>Wieś</sln:miejscRodzaj><sln:powIIPId>6b32441a-4fce-4379-8626-fae9d7935133</sln:powIIPId><sln:powIIPPn>PL.PZGIK.200</sln:powIIPPn><sln:powIIPWersja>2012-09-27T09:34:20+02:00</sln:powIIPWersja><sln:powIdTeryt>2405</sln:powIdTeryt><sln:powNazwa>gliwicki</sln:powNazwa><sln:waznyOd>2015-07-16T00:00:00+02:00</sln:waznyOd><sln:wojIIPId>98a63fe6-1e56-4d05-9c47-ab4233f8a6ff</sln:wojIIPId><sln:wojIIPPn>PL.PZGIK.200</sln:wojIIPPn><sln:wojIIPWersja>2017-10-10T00:00:00+02:00</sln:wojIIPWersja><sln:wojIdTeryt>24</sln:wojIdTeryt><sln:wojNazwa>śląskie</sln:wojNazwa></sln:miejscowosc><sln:miejscowosc><sln:cyklZyciaDo>2015-12-21T00:00:00+01:00</sln:cyklZyciaDo><sln:cyklZyciaOd>2015-12-15T00:00:00+01:00</sln:cyklZyciaOd><sln:gmIIPId>64677a06-efda-4e0e-90ac-b12939765161</sln:gmIIPId><sln:gmIIPPn>PL.PZGIK.200</sln:gmIIPPn><sln:gmIIPWersja>2012-09-26T22:25:41+02:00</sln:gmIIPWersja><sln:gmIdTeryt>2405032</sln:gmIdTeryt><sln:gmNazwa>Gierałtowice</sln:gmNazwa><sln:miejscIIPId>22192db9-c42a-4f40-b074-e64eb0857cf7</sln:miejscIIPId><sln:miejscIIPPn>PL.PZGIK.200</sln:miejscIIPPn><sln:miejscIIPWersja>2016-11-24T09:46:53+02:00</sln:miejscIIPWersja><sln:miejscIdTeryt>0214304</sln:miejscIdTeryt><sln:miejscNazwa>Chudów</sln:miejscNazwa><sln:miejscRodzaj>Wieś</sln:miejscRodzaj><sln:powIIPId>6b32441a-4fce-4379-8626-fae9d7935133</sln:powIIPId><sln:powIIPPn>PL.PZGIK.200</sln:powIIPPn><sln:powIIPWersja>2012-09-27T09:34:20+02:00</sln:powIIPWersja><sln:powIdTeryt>2405</sln:powIdTeryt><sln:powNazwa>gliwicki</sln:powNazwa><sln:waznyOd>2015-07-16T00:00:00+02:00</sln:waznyOd><sln:wojIIPId>98a63fe6-1e56-4d05-9c47-ab4233f8a6ff</sln:wojIIPId><sln:wojIIPPn>PL.PZGIK.200</sln:wojIIPPn><sln:wojIIPWersja>2017-10-10T00:00:00+02:00</sln:wojIIPWersja><sln:wojIdTeryt>24</sln:wojIdTeryt><sln:wojNazwa>śląskie</sln:wojNazwa></sln:miejscowosc><sln:miejscowosc><sln:cyklZyciaDo>2015-12-21T00:00:00+01:00</sln:cyklZyciaDo><sln:cyklZyciaOd>2015-12-15T00:00:00+01:00</sln:cyklZyciaOd><sln:gmIIPId>64677a06-efda-4e0e-90ac-b12939765161</sln:gmIIPId><sln:gmIIPPn>PL.PZGIK.200</sln:gmIIPPn><sln:gmIIPWersja>2012-09-26T22:25:41+02:00</sln:gmIIPWersja><sln:gmIdTeryt>2405032</sln:gmIdTeryt><sln:gmNazwa>Gierałtowice</sln:gmNazwa><sln:miejscIIPId>8b679fea-4270-44f4-b035-456bd3bda075</sln:miejscIIPId><sln:miejscIIPPn>PL.PZGIK.200</sln:miejscIIPPn><sln:miejscIIPWersja>2016-11-24T09:46:55+02:00</sln:miejscIIPWersja><sln:miejscIdTeryt>0214327</sln:miejscIdTeryt><sln:miejscNazwa>Gierałtowice</sln:miejscNazwa><sln:miejscRodzaj>Wieś</sln:miejscRodzaj><sln:powIIPId>6b32441a-4fce-4379-8626-fae9d7935133</sln:powIIPId><sln:powIIPPn>PL.PZGIK.200</sln:powIIPPn><sln:powIIPWersja>2012-09-27T09:34:20+02:00</sln:powIIPWersja><sln:powIdTeryt>2405</sln:powIdTeryt><sln:powNazwa>gliwicki</sln:powNazwa><sln:waznyOd>2015-07-16T00:00:00+02:00</sln:waznyOd><sln:wojIIPId>98a63fe6-1e56-4d05-9c47-ab4233f8a6ff</sln:wojIIPId><sln:wojIIPPn>PL.PZGIK.200</sln:wojIIPPn><sln:wojIIPWersja>2017-10-10T00:00:00+02:00</sln:wojIIPWersja><sln:wojIdTeryt>24</sln:wojIdTeryt><sln:wojNazwa>śląskie</sln:wojNazwa></sln:miejscowosc><sln:miejscowosc><sln:cyklZyciaDo>2015-12-21T00:00:00+01:00</sln:cyklZyciaDo><sln:cyklZyciaOd>2015-12-15T00:00:00+01:00</sln:cyklZyciaOd><sln:gmIIPId>64677a06-efda-4e0e-90ac-b12939765161</sln:gmIIPId><sln:gmIIPPn>PL.PZGIK.200</sln:gmIIPPn><sln:gmIIPWersja>2012-09-26T22:25:41+02:00</sln:gmIIPWersja><sln:gmIdTeryt>2405032</sln:gmIdTeryt><sln:gmNazwa>Gierałtowice</sln:gmNazwa><sln:miejscIIPId>533737fb-0de5-4e30-bbc0-654596c78a73</sln:miejscIIPId><sln:miejscIIPPn>PL.PZGIK.200</sln:miejscIIPPn><sln:miejscIIPWersja>2016-11-24T09:46:57+02:00</sln:miejscIIPWersja><sln:miejscIdTeryt>0214340</sln:miejscIdTeryt><sln:miejscNazwa>Paniówki</sln:miejscNazwa><sln:miejscRodzaj>Wieś</sln:miejscRodzaj><sln:powIIPId>6b32441a-4fce-4379-8626-fae9d7935133</sln:powIIPId><sln:powIIPPn>PL.PZGIK.200</sln:powIIPPn><sln:powIIPWersja>2012-09-27T09:34:20+02:00</sln:powIIPWersja><sln:powIdTeryt>2405</sln:powIdTeryt><sln:powNazwa>gliwicki</sln:powNazwa><sln:waznyOd>2015-07-16T00:00:00+02:00</sln:waznyOd><sln:wojIIPId>98a63fe6-1e56-4d05-9c47-ab4233f8a6ff</sln:wojIIPId><sln:wojIIPPn>PL.PZGIK.200</sln:wojIIPPn><sln:wojIIPWersja>2017-10-10T00:00:00+02:00</sln:wojIIPWersja><sln:wojIdTeryt>24</sln:wojIdTeryt><sln:wojNazwa>śląskie</sln:wojNazwa></sln:miejscowosc><sln:miejscowosc><sln:cyklZyciaDo>2015-12-21T00:00:00+01:00</sln:cyklZyciaDo><sln:cyklZyciaOd>2015-12-15T00:00:00+01:00</sln:cyklZyciaOd><sln:gmIIPId>64677a06-efda-4e0e-90ac-b12939765161</sln:gmIIPId><sln:gmIIPPn>PL.PZGIK.200</sln:gmIIPPn><sln:gmIIPWersja>2012-09-26T22:25:41+02:00</sln:gmIIPWersja><sln:gmIdTeryt>2405032</sln:gmIdTeryt><sln:gmNazwa>Gierałtowice</sln:gmNazwa><sln:miejscIIPId>33ef3586-be37-4d39-8ea5-9d5e711ae543</sln:miejscIIPId><sln:miejscIIPPn>PL.PZGIK.200</sln:miejscIIPPn><sln:miejscIIPWersja>2016-11-24T09:46:59+02:00</sln:miejscIIPWersja><sln:miejscIdTeryt>0214362</sln:miejscIdTeryt><sln:miejscNazwa>Przyszowice</sln:miejscNazwa><sln:miejscRodzaj>Wieś</sln:miejscRodzaj><sln:powIIPId>6b32441a-4fce-4379-8626-fae9d7935133</sln:powIIPId><sln:powIIPPn>PL.PZGIK.200</sln:powIIPPn><sln:powIIPWersja>2012-09-27T09:34:20+02:00</sln:powIIPWersja><sln:powIdTeryt>2405</sln:powIdTeryt><sln:powNazwa>gliwicki</sln:powNazwa><sln:waznyOd>2015-07-16T00:00:00+02:00</sln:waznyOd><sln:wojIIPId>98a63fe6-1e56-4d05-9c47-ab4233f8a6ff</sln:wojIIPId><sln:wojIIPPn>PL.PZGIK.200</sln:wojIIPPn><sln:wojIIPWersja>2017-10-10T00:00:00+02:00</sln:wojIIPWersja><sln:wojIdTeryt>24</sln:wojIdTeryt><sln:wojNazwa>śląskie</sln:wojNazwa></sln:miejscowosc><sln:miejscowosc><sln:cyklZyciaOd>2017-04-18T00:00:00+02:00</sln:cyklZyciaOd><sln:gmIIPId>64677a06-efda-4e0e-90ac-b12939765161</sln:gmIIPId><sln:gmIIPPn>PL.PZGIK.200</sln:gmIIPPn><sln:gmIIPWersja>2012-09-26T22:25:41+02:00</sln:gmIIPWersja><sln:gmIdTeryt>2405032</sln:gmIdTeryt><sln:gmNazwa>Gierałtowice</sln:gmNazwa><sln:miejscIIPId>22192db9-c42a-4f40-b074-e64eb0857cf7</sln:miejscIIPId><sln:miejscIIPPn>PL.PZGIK.200</sln:miejscIIPPn><sln:miejscIIPWersja>2017-04-18T13:44:23+02:00</sln:miejscIIPWersja><sln:miejscIdTeryt>0214304</sln:miejscIdTeryt><sln:miejscNazwa>Chudów</sln:miejscNazwa><sln:miejscRodzaj>Wieś</sln:miejscRodzaj><sln:powIIPId>6b32441a-4fce-4379-8626-fae9d7935133</sln:powIIPId><sln:powIIPPn>PL.PZGIK.200</sln:powIIPPn><sln:powIIPWersja>2012-09-27T09:34:20+02:00</sln:powIIPWersja><sln:powIdTeryt>2405</sln:powIdTeryt><sln:powNazwa>gliwicki</sln:powNazwa><sln:waznyOd>2015-07-16T00:00:00+02:00</sln:waznyOd><sln:wojIIPId>98a63fe6-1e56-4d05-9c47-ab4233f8a6ff</sln:wojIIPId><sln:wojIIPPn>PL.PZGIK.200</sln:wojIIPPn><sln:wojIIPWersja>2017-10-10T00:00:00+02:00</sln:wojIIPWersja><sln:wojIdTeryt>24</sln:wojIdTeryt><sln:wojNazwa>śląskie</sln:wojNazwa></sln:miejscowosc><sln:miejscowosc><sln:cyklZyciaOd>2017-04-18T00:00:00+02:00</sln:cyklZyciaOd><sln:gmIIPId>64677a06-efda-4e0e-90ac-b12939765161</sln:gmIIPId><sln:gmIIPPn>PL.PZGIK.200</sln:gmIIPPn><sln:gmIIPWersja>2012-09-26T22:25:41+02:00</sln:gmIIPWersja><sln:gmIdTeryt>2405032</sln:gmIdTeryt><sln:gmNazwa>Gierałtowice</sln:gmNazwa><sln:miejscIIPId>8b679fea-4270-44f4-b035-456bd3bda075</sln:miejscIIPId><sln:miejscIIPPn>PL.PZGIK.200</sln:miejscIIPPn><sln:miejscIIPWersja>2017-04-18T13:44:30+02:00</sln:miejscIIPWersja><sln:miejscIdTeryt>0214327</sln:miejscIdTeryt><sln:miejscNazwa>Gierałtowice</sln:miejscNazwa><sln:miejscRodzaj>Wieś</sln:miejscRodzaj><sln:powIIPId>6b32441a-4fce-4379-8626-fae9d7935133</sln:powIIPId><sln:powIIPPn>PL.PZGIK.200</sln:powIIPPn><sln:powIIPWersja>2012-09-27T09:34:20+02:00</sln:powIIPWersja><sln:powIdTeryt>2405</sln:powIdTeryt><sln:powNazwa>gliwicki</sln:powNazwa><sln:waznyOd>2015-07-16T00:00:00+02:00</sln:waznyOd><sln:wojIIPId>98a63fe6-1e56-4d05-9c47-ab4233f8a6ff</sln:wojIIPId><sln:wojIIPPn>PL.PZGIK.200</sln:wojIIPPn><sln:wojIIPWersja>2017-10-10T00:00:00+02:00</sln:wojIIPWersja><sln:wojIdTeryt>24</sln:wojIdTeryt><sln:wojNazwa>śląskie</sln:wojNazwa></sln:miejscowosc><sln:miejscowosc><sln:cyklZyciaOd>2017-04-18T00:00:00+02:00</sln:cyklZyciaOd><sln:gmIIPId>64677a06-efda-4e0e-90ac-b12939765161</sln:gmIIPId><sln:gmIIPPn>PL.PZGIK.200</sln:gmIIPPn><sln:gmIIPWersja>2012-09-26T22:25:41+02:00</sln:gmIIPWersja><sln:gmIdTeryt>2405032</sln:gmIdTeryt><sln:gmNazwa>Gierałtowice</sln:gmNazwa><sln:miejscIIPId>533737fb-0de5-4e30-bbc0-654596c78a73</sln:miejscIIPId><sln:miejscIIPPn>PL.PZGIK.200</sln:miejscIIPPn><sln:miejscIIPWersja>2017-04-18T13:44:30+02:00</sln:miejscIIPWersja><sln:miejscIdTeryt>0214340</sln:miejscIdTeryt><sln:miejscNazwa>Paniówki</sln:miejscNazwa><sln:miejscRodzaj>Wieś</sln:miejscRodzaj><sln:powIIPId>6b32441a-4fce-4379-8626-fae9d7935133</sln:powIIPId><sln:powIIPPn>PL.PZGIK.200</sln:powIIPPn><sln:powIIPWersja>2012-09-27T09:34:20+02:00</sln:powIIPWersja><sln:powIdTeryt>2405</sln:powIdTeryt><sln:powNazwa>gliwicki</sln:powNazwa><sln:waznyOd>2015-07-16T00:00:00+02:00</sln:waznyOd><sln:wojIIPId>98a63fe6-1e56-4d05-9c47-ab4233f8a6ff</sln:wojIIPId><sln:wojIIPPn>PL.PZGIK.200</sln:wojIIPPn><sln:wojIIPWersja>2017-10-10T00:00:00+02:00</sln:wojIIPWersja><sln:wojIdTeryt>24</sln:wojIdTeryt><sln:wojNazwa>śląskie</sln:wojNazwa></sln:miejscowosc><sln:miejscowosc><sln:cyklZyciaOd>2017-04-18T00:00:00+02:00</sln:cyklZyciaOd><sln:gmIIPId>64677a06-efda-4e0e-90ac-b12939765161</sln:gmIIPId><sln:gmIIPPn>PL.PZGIK.200</sln:gmIIPPn><sln:gmIIPWersja>2012-09-26T22:25:41+02:00</sln:gmIIPWersja><sln:gmIdTeryt>2405032</sln:gmIdTeryt><sln:gmNazwa>Gierałtowice</sln:gmNazwa><sln:miejscIIPId>33ef3586-be37-4d39-8ea5-9d5e711ae543</sln:miejscIIPId><sln:miejscIIPPn>PL.PZGIK.200</sln:miejscIIPPn><sln:miejscIIPWersja>2017-04-18T13:44:30+02:00</sln:miejscIIPWersja><sln:miejscIdTeryt>0214362</sln:miejscIdTeryt><sln:miejscNazwa>Przyszowice</sln:miejscNazwa><sln:miejscRodzaj>Wieś</sln:miejscRodzaj><sln:powIIPId>6b32441a-4fce-4379-8626-fae9d7935133</sln:powIIPId><sln:powIIPPn>PL.PZGIK.200</sln:powIIPPn><sln:powIIPWersja>2012-09-27T09:34:20+02:00</sln:powIIPWersja><sln:powIdTeryt>2405</sln:powIdTeryt><sln:powNazwa>gliwicki</sln:powNazwa><sln:waznyOd>2015-07-16T00:00:00+02:00</sln:waznyOd><sln:wojIIPId>98a63fe6-1e56-4d05-9c47-ab4233f8a6ff</sln:wojIIPId><sln:wojIIPPn>PL.PZGIK.200</sln:wojIIPPn><sln:wojIIPWersja>2017-10-10T00:00:00+02:00</sln:wojIIPWersja><sln:wojIdTeryt>24</sln:wojIdTeryt><sln:wojNazwa>śląskie</sln:wojNazwa></sln:miejscowosc></sln:lista-miejscowosci>