<?xml version="1.0" encoding="UTF-8" standalone="yes"?><sln:lista-miejscowosci xmlns:srv="http://gugik.gov.pl/schemas/slowniki-service/1.0" xmlns:sln="http://gugik.gov.pl/schemas/slowniki-schema/1.0"><sln:miejscowosc><sln:cyklZyciaOd>2014-12-10T00:00:00+01:00</sln:cyklZyciaOd><sln:gmIIPId>354930b7-93c5-4842-87f5-d1b2390c6e06</sln:gmIIPId><sln:gmIIPPn>PL.PZGIK.200</sln:gmIIPPn><sln:gmIIPWersja>2012-09-26T22:26:18+02:00</sln:gmIIPWersja><sln:gmIdTeryt>2413031</sln:gmIdTeryt><sln:gmNazwa>Radzionków</sln:gmNazwa><sln:miejscIIPId>80410540-bcdc-4087-a82e-95c53c359da2</sln:miejscIIPId><sln:miejscIIPPn>PL.PZGIK.200</sln:miejscIIPPn><sln:miejscIIPWersja>2016-11-24T13:46:04+02:00</sln:miejscIIPWersja><sln:miejscIdTeryt>0938700</sln:miejscIdTeryt><sln:miejscNazwa>Buchacz</sln:miejscNazwa><sln:miejscRodzaj>Inny obiekt</sln:miejscRodzaj><sln:powIIPId>31d4fa5d-0690-4186-aada-f748386693b2</sln:powIIPId><sln:powIIPPn>PL.PZGIK.200</sln:powIIPPn><sln:powIIPWersja>2012-09-27T09:34:20+02:00</sln:powIIPWersja><sln:powIdTeryt>2413</sln:powIdTeryt><sln:powNazwa>tarnogórski</sln:powNazwa><sln:wojIIPId>98a63fe6-1e56-4d05-9c47-ab4233f8a6ff</sln:wojIIPId><sln:wojIIPPn>PL.PZGIK.200</sln:wojIIPPn><sln:wojIIPWersja>2017-10-10T00:00:00+02:00</sln:wojIIPWersja><sln:wojIdTeryt>24</sln:wojIdTeryt><sln:wojNazwa>śląskie</sln:wojNazwa></sln:miejscowosc><sln:miejscowosc><sln:cyklZyciaOd>2014-12-10T00:00:00+01:00</sln:cyklZyciaOd><sln:gmIIPId>354930b7-93c5-4842-87f5-d1b2390c6e06</sln:gmIIPId><sln:gmIIPPn>PL.PZGIK.200</sln:gmIIPPn><sln:gmIIPWersja>2012-09-26T22:26:18+02:00</sln:gmIIPWersja><sln:gmIdTeryt>2413031</sln:gmIdTeryt><sln:gmNazwa>Radzionków</sln:gmNazwa><sln:miejscIIPId>4c391cbb-bde7-40fe-a7ce-81a667fd3423</sln:miejscIIPId><sln:miejscIIPPn>PL.PZGIK.200</sln:miejscIIPPn><sln:miejscIIPWersja>2016-11-24T13:29:36+02:00</sln:miejscIIPWersja><sln:miejscIdTeryt>0938806</sln:miejscIdTeryt><sln:miejscNazwa>Radzionków</sln:miejscNazwa><sln:miejscRodzaj>Miasto</sln:miejscRodzaj><sln:powIIPId>31d4fa5d-0690-4186-aada-f748386693b2</sln:powIIPId><sln:powIIPPn>PL.PZGIK.200</sln:powIIPPn><sln:powIIPWersja>2012-09-27T09:34:20+02:00</sln:powIIPWersja><sln:powIdTeryt>2413</sln:powIdTeryt><sln:powNazwa>tarnogórski</sln:powNazwa><sln:wojIIPId>98a63fe6-1e56-4d05-9c47-ab4233f8a6ff</sln:wojIIPId><sln:wojIIPPn>PL.PZGIK.200</sln:wojIIPPn><sln:wojIIPWersja>2017-10-10T00:00:00+02:00</sln:wojIIPWersja><sln:wojIdTeryt>24</sln:wojIdTeryt><sln:wojNazwa>śląskie</sln:wojNazwa></sln:miejscowosc><sln:miejscowosc><sln:cyklZyciaOd>2014-12-10T00:00:00+01:00</sln:cyklZyciaOd><sln:gmIIPId>354930b7-93c5-4842-87f5-d1b2390c6e06</sln:gmIIPId><sln:gmIIPPn>PL.PZGIK.200</sln:gmIIPPn><sln:gmIIPWersja>2012-09-26T22:26:18+02:00</sln:gmIIPWersja><sln:gmIdTeryt>2413031</sln:gmIdTeryt><sln:gmNazwa>Radzionków</sln:gmNazwa><sln:miejscIIPId>c3d103c1-d758-475d-a6d0-0c2b938e76b9</sln:miejscIIPId><sln:miejscIIPPn>PL.PZGIK.200</sln:miejscIIPPn><sln:miejscIIPWersja>2016-11-24T13:46:04+02:00</sln:miejscIIPWersja><sln:miejscIdTeryt>0938812</sln:miejscIdTeryt><sln:miejscNazwa>Rojca</sln:miejscNazwa><sln:miejscRodzaj>Inny obiekt</sln:miejscRodzaj><sln:powIIPId>31d4fa5d-0690-4186-aada-f748386693b2</sln:powIIPId><sln:powIIPPn>PL.PZGIK.200</sln:powIIPPn><sln:powIIPWersja>2012-09-27T09:34:20+02:00</sln:powIIPWersja><sln:powIdTeryt>2413</sln:powIdTeryt><sln:powNazwa>tarnogórski</sln:powNazwa><sln:wojIIPId>98a63fe6-1e56-4d05-9c47-ab4233f8a6ff</sln:wojIIPId><sln:wojIIPPn>PL.PZGIK.200</sln:wojIIPPn><sln:wojIIPWersja>2017-10-10T00:00:00+02:00</sln:wojIIPWersja><sln:wojIdTeryt>24</sln:wojIdTeryt><sln:wojNazwa>śląskie</sln:wojNazwa></sln:miejscowosc></sln:lista-miejscowosci>