<?xml version="1.0" encoding="UTF-8" standalone="yes"?><sln:lista-miejscowosci xmlns:srv="http://gugik.gov.pl/schemas/slowniki-service/1.0" xmlns:sln="http://gugik.gov.pl/schemas/slowniki-schema/1.0"><sln:miejscowosc><sln:cyklZyciaOd>2014-12-04T00:00:00+01:00</sln:cyklZyciaOd><sln:gmIIPId>9253c4b5-b677-44c1-a914-8b8d39f32299</sln:gmIIPId><sln:gmIIPPn>PL.PZGIK.200</sln:gmIIPPn><sln:gmIIPWersja>2012-09-26T22:25:34+02:00</sln:gmIIPWersja><sln:gmIdTeryt>2406032</sln:gmIdTeryt><sln:gmNazwa>Lipie</sln:gmNazwa><sln:miejscIIPId>c6290aa3-3106-4fce-9f71-e7b3da905fb9</sln:miejscIIPId><sln:miejscIIPPn>PL.PZGIK.200</sln:miejscIIPPn><sln:miejscIIPWersja>2016-11-24T13:37:17+02:00</sln:miejscIIPWersja><sln:miejscIdTeryt>0137845</sln:miejscIdTeryt><sln:miejscNazwa>Giętkowizna</sln:miejscNazwa><sln:miejscRodzaj>Wieś</sln:miejscRodzaj><sln:powIIPId>4c000899-b81d-4b23-aae2-e4aa8af755ef</sln:powIIPId><sln:powIIPPn>PL.PZGIK.200</sln:powIIPPn><sln:powIIPWersja>2012-09-27T09:34:20+02:00</sln:powIIPWersja><sln:powIdTeryt>2406</sln:powIdTeryt><sln:powNazwa>kłobucki</sln:powNazwa><sln:wojIIPId>98a63fe6-1e56-4d05-9c47-ab4233f8a6ff</sln:wojIIPId><sln:wojIIPPn>PL.PZGIK.200</sln:wojIIPPn><sln:wojIIPWersja>2017-10-10T00:00:00+02:00</sln:wojIIPWersja><sln:wojIdTeryt>24</sln:wojIdTeryt><sln:wojNazwa>śląskie</sln:wojNazwa></sln:miejscowosc><sln:miejscowosc><sln:cyklZyciaOd>2014-12-04T00:00:00+01:00</sln:cyklZyciaOd><sln:gmIIPId>9253c4b5-b677-44c1-a914-8b8d39f32299</sln:gmIIPId><sln:gmIIPPn>PL.PZGIK.200</sln:gmIIPPn><sln:gmIIPWersja>2012-09-26T22:25:34+02:00</sln:gmIIPWersja><sln:gmIdTeryt>2406032</sln:gmIdTeryt><sln:gmNazwa>Lipie</sln:gmNazwa><sln:miejscIIPId>2bee485d-98a6-4b1f-888f-986480dc45b3</sln:miejscIIPId><sln:miejscIIPPn>PL.PZGIK.200</sln:miejscIIPPn><sln:miejscIIPWersja>2016-11-24T13:49:01+02:00</sln:miejscIIPWersja><sln:miejscIdTeryt>0137970</sln:miejscIdTeryt><sln:miejscNazwa>Troniny</sln:miejscNazwa><sln:miejscRodzaj>Inny obiekt</sln:miejscRodzaj><sln:powIIPId>4c000899-b81d-4b23-aae2-e4aa8af755ef</sln:powIIPId><sln:powIIPPn>PL.PZGIK.200</sln:powIIPPn><sln:powIIPWersja>2012-09-27T09:34:20+02:00</sln:powIIPWersja><sln:powIdTeryt>2406</sln:powIdTeryt><sln:powNazwa>kłobucki</sln:powNazwa><sln:wojIIPId>98a63fe6-1e56-4d05-9c47-ab4233f8a6ff</sln:wojIIPId><sln:wojIIPPn>PL.PZGIK.200</sln:wojIIPPn><sln:wojIIPWersja>2017-10-10T00:00:00+02:00</sln:wojIIPWersja><sln:wojIdTeryt>24</sln:wojIdTeryt><sln:wojNazwa>śląskie</sln:wojNazwa></sln:miejscowosc><sln:miejscowosc><sln:cyklZyciaOd>2014-12-04T00:00:00+01:00</sln:cyklZyciaOd><sln:gmIIPId>9253c4b5-b677-44c1-a914-8b8d39f32299</sln:gmIIPId><sln:gmIIPPn>PL.PZGIK.200</sln:gmIIPPn><sln:gmIIPWersja>2012-09-26T22:25:34+02:00</sln:gmIIPWersja><sln:gmIdTeryt>2406032</sln:gmIdTeryt><sln:gmNazwa>Lipie</sln:gmNazwa><sln:miejscIIPId>2c8232fa-ef8a-4bb5-aced-2bb174a44f1e</sln:miejscIIPId><sln:miejscIIPPn>PL.PZGIK.200</sln:miejscIIPPn><sln:miejscIIPWersja>2016-11-24T13:37:44+02:00</sln:miejscIIPWersja><sln:miejscIdTeryt>0137851</sln:miejscIdTeryt><sln:miejscNazwa>Grabarze</sln:miejscNazwa><sln:miejscRodzaj>Wieś</sln:miejscRodzaj><sln:powIIPId>4c000899-b81d-4b23-aae2-e4aa8af755ef</sln:powIIPId><sln:powIIPPn>PL.PZGIK.200</sln:powIIPPn><sln:powIIPWersja>2012-09-27T09:34:20+02:00</sln:powIIPWersja><sln:powIdTeryt>2406</sln:powIdTeryt><sln:powNazwa>kłobucki</sln:powNazwa><sln:wojIIPId>98a63fe6-1e56-4d05-9c47-ab4233f8a6ff</sln:wojIIPId><sln:wojIIPPn>PL.PZGIK.200</sln:wojIIPPn><sln:wojIIPWersja>2017-10-10T00:00:00+02:00</sln:wojIIPWersja><sln:wojIdTeryt>24</sln:wojIdTeryt><sln:wojNazwa>śląskie</sln:wojNazwa></sln:miejscowosc><sln:miejscowosc><sln:cyklZyciaOd>2014-12-04T00:00:00+01:00</sln:cyklZyciaOd><sln:gmIIPId>9253c4b5-b677-44c1-a914-8b8d39f32299</sln:gmIIPId><sln:gmIIPPn>PL.PZGIK.200</sln:gmIIPPn><sln:gmIIPWersja>2012-09-26T22:25:34+02:00</sln:gmIIPWersja><sln:gmIdTeryt>2406032</sln:gmIdTeryt><sln:gmNazwa>Lipie</sln:gmNazwa><sln:miejscIIPId>5115f38c-8b00-4a55-85bc-4c22dced1778</sln:miejscIIPId><sln:miejscIIPPn>PL.PZGIK.200</sln:miejscIIPPn><sln:miejscIIPWersja>2016-11-24T13:36:00+02:00</sln:miejscIIPWersja><sln:miejscIdTeryt>0137822</sln:miejscIdTeryt><sln:miejscNazwa>Danków</sln:miejscNazwa><sln:miejscRodzaj>Wieś</sln:miejscRodzaj><sln:powIIPId>4c000899-b81d-4b23-aae2-e4aa8af755ef</sln:powIIPId><sln:powIIPPn>PL.PZGIK.200</sln:powIIPPn><sln:powIIPWersja>2012-09-27T09:34:20+02:00</sln:powIIPWersja><sln:powIdTeryt>2406</sln:powIdTeryt><sln:powNazwa>kłobucki</sln:powNazwa><sln:wojIIPId>98a63fe6-1e56-4d05-9c47-ab4233f8a6ff</sln:wojIIPId><sln:wojIIPPn>PL.PZGIK.200</sln:wojIIPPn><sln:wojIIPWersja>2017-10-10T00:00:00+02:00</sln:wojIIPWersja><sln:wojIdTeryt>24</sln:wojIdTeryt><sln:wojNazwa>śląskie</sln:wojNazwa></sln:miejscowosc><sln:miejscowosc><sln:cyklZyciaOd>2014-12-04T00:00:00+01:00</sln:cyklZyciaOd><sln:gmIIPId>9253c4b5-b677-44c1-a914-8b8d39f32299</sln:gmIIPId><sln:gmIIPPn>PL.PZGIK.200</sln:gmIIPPn><sln:gmIIPWersja>2012-09-26T22:25:34+02:00</sln:gmIIPWersja><sln:gmIdTeryt>2406032</sln:gmIdTeryt><sln:gmNazwa>Lipie</sln:gmNazwa><sln:miejscIIPId>122e7823-4e09-416b-83f2-58a73752da00</sln:miejscIIPId><sln:miejscIIPPn>PL.PZGIK.200</sln:miejscIIPPn><sln:miejscIIPWersja>2016-11-24T13:34:49+02:00</sln:miejscIIPWersja><sln:miejscIdTeryt>0138170</sln:miejscIdTeryt><sln:miejscNazwa>Zimnowoda</sln:miejscNazwa><sln:miejscRodzaj>Wieś</sln:miejscRodzaj><sln:powIIPId>4c000899-b81d-4b23-aae2-e4aa8af755ef</sln:powIIPId><sln:powIIPPn>PL.PZGIK.200</sln:powIIPPn><sln:powIIPWersja>2012-09-27T09:34:20+02:00</sln:powIIPWersja><sln:powIdTeryt>2406</sln:powIdTeryt><sln:powNazwa>kłobucki</sln:powNazwa><sln:wojIIPId>98a63fe6-1e56-4d05-9c47-ab4233f8a6ff</sln:wojIIPId><sln:wojIIPPn>PL.PZGIK.200</sln:wojIIPPn><sln:wojIIPWersja>2017-10-10T00:00:00+02:00</sln:wojIIPWersja><sln:wojIdTeryt>24</sln:wojIdTeryt><sln:wojNazwa>śląskie</sln:wojNazwa></sln:miejscowosc><sln:miejscowosc><sln:cyklZyciaOd>2014-12-04T00:00:00+01:00</sln:cyklZyciaOd><sln:gmIIPId>9253c4b5-b677-44c1-a914-8b8d39f32299</sln:gmIIPId><sln:gmIIPPn>PL.PZGIK.200</sln:gmIIPPn><sln:gmIIPWersja>2012-09-26T22:25:34+02:00</sln:gmIIPWersja><sln:gmIdTeryt>2406032</sln:gmIdTeryt><sln:gmNazwa>Lipie</sln:gmNazwa><sln:miejscIIPId>78b0a7f0-843b-4b12-a0ac-b5b881a2315a</sln:miejscIIPId><sln:miejscIIPPn>PL.PZGIK.200</sln:miejscIIPPn><sln:miejscIIPWersja>2016-11-24T13:39:29+02:00</sln:miejscIIPWersja><sln:miejscIdTeryt>0137905</sln:miejscIdTeryt><sln:miejscNazwa>Kleśniska</sln:miejscNazwa><sln:miejscRodzaj>Wieś</sln:miejscRodzaj><sln:powIIPId>4c000899-b81d-4b23-aae2-e4aa8af755ef</sln:powIIPId><sln:powIIPPn>PL.PZGIK.200</sln:powIIPPn><sln:powIIPWersja>2012-09-27T09:34:20+02:00</sln:powIIPWersja><sln:powIdTeryt>2406</sln:powIdTeryt><sln:powNazwa>kłobucki</sln:powNazwa><sln:wojIIPId>98a63fe6-1e56-4d05-9c47-ab4233f8a6ff</sln:wojIIPId><sln:wojIIPPn>PL.PZGIK.200</sln:wojIIPPn><sln:wojIIPWersja>2017-10-10T00:00:00+02:00</sln:wojIIPWersja><sln:wojIdTeryt>24</sln:wojIdTeryt><sln:wojNazwa>śląskie</sln:wojNazwa></sln:miejscowosc><sln:miejscowosc><sln:cyklZyciaOd>2014-12-04T00:00:00+01:00</sln:cyklZyciaOd><sln:gmIIPId>9253c4b5-b677-44c1-a914-8b8d39f32299</sln:gmIIPId><sln:gmIIPPn>PL.PZGIK.200</sln:gmIIPPn><sln:gmIIPWersja>2012-09-26T22:25:34+02:00</sln:gmIIPWersja><sln:gmIdTeryt>2406032</sln:gmIdTeryt><sln:gmNazwa>Lipie</sln:gmNazwa><sln:miejscIIPId>b0277759-e385-4359-b218-ce9049bcdb68</sln:miejscIIPId><sln:miejscIIPPn>PL.PZGIK.200</sln:miejscIIPPn><sln:miejscIIPWersja>2016-11-24T13:44:27+02:00</sln:miejscIIPWersja><sln:miejscIdTeryt>0138017</sln:miejscIdTeryt><sln:miejscNazwa>Parzymiechy</sln:miejscNazwa><sln:miejscRodzaj>Wieś</sln:miejscRodzaj><sln:powIIPId>4c000899-b81d-4b23-aae2-e4aa8af755ef</sln:powIIPId><sln:powIIPPn>PL.PZGIK.200</sln:powIIPPn><sln:powIIPWersja>2012-09-27T09:34:20+02:00</sln:powIIPWersja><sln:powIdTeryt>2406</sln:powIdTeryt><sln:powNazwa>kłobucki</sln:powNazwa><sln:wojIIPId>98a63fe6-1e56-4d05-9c47-ab4233f8a6ff</sln:wojIIPId><sln:wojIIPPn>PL.PZGIK.200</sln:wojIIPPn><sln:wojIIPWersja>2017-10-10T00:00:00+02:00</sln:wojIIPWersja><sln:wojIdTeryt>24</sln:wojIdTeryt><sln:wojNazwa>śląskie</sln:wojNazwa></sln:miejscowosc><sln:miejscowosc><sln:cyklZyciaOd>2014-12-04T00:00:00+01:00</sln:cyklZyciaOd><sln:gmIIPId>9253c4b5-b677-44c1-a914-8b8d39f32299</sln:gmIIPId><sln:gmIIPPn>PL.PZGIK.200</sln:gmIIPPn><sln:gmIIPWersja>2012-09-26T22:25:34+02:00</sln:gmIIPWersja><sln:gmIdTeryt>2406032</sln:gmIdTeryt><sln:gmNazwa>Lipie</sln:gmNazwa><sln:miejscIIPId>5c94a2dd-a735-4a5e-baf1-af8e81f274fa</sln:miejscIIPId><sln:miejscIIPPn>PL.PZGIK.200</sln:miejscIIPPn><sln:miejscIIPWersja>2016-11-24T13:42:52+02:00</sln:miejscIIPWersja><sln:miejscIdTeryt>0137986</sln:miejscIdTeryt><sln:miejscNazwa>Napoleon</sln:miejscNazwa><sln:miejscRodzaj>Wieś</sln:miejscRodzaj><sln:powIIPId>4c000899-b81d-4b23-aae2-e4aa8af755ef</sln:powIIPId><sln:powIIPPn>PL.PZGIK.200</sln:powIIPPn><sln:powIIPWersja>2012-09-27T09:34:20+02:00</sln:powIIPWersja><sln:powIdTeryt>2406</sln:powIdTeryt><sln:powNazwa>kłobucki</sln:powNazwa><sln:wojIIPId>98a63fe6-1e56-4d05-9c47-ab4233f8a6ff</sln:wojIIPId><sln:wojIIPPn>PL.PZGIK.200</sln:wojIIPPn><sln:wojIIPWersja>2017-10-10T00:00:00+02:00</sln:wojIIPWersja><sln:wojIdTeryt>24</sln:wojIdTeryt><sln:wojNazwa>śląskie</sln:wojNazwa></sln:miejscowosc><sln:miejscowosc><sln:cyklZyciaOd>2014-12-04T00:00:00+01:00</sln:cyklZyciaOd><sln:gmIIPId>9253c4b5-b677-44c1-a914-8b8d39f32299</sln:gmIIPId><sln:gmIIPPn>PL.PZGIK.200</sln:gmIIPPn><sln:gmIIPWersja>2012-09-26T22:25:34+02:00</sln:gmIIPWersja><sln:gmIdTeryt>2406032</sln:gmIdTeryt><sln:gmNazwa>Lipie</sln:gmNazwa><sln:miejscIIPId>6721c13f-a13b-4f67-902c-b12b90e52773</sln:miejscIIPId><sln:miejscIIPPn>PL.PZGIK.200</sln:miejscIIPPn><sln:miejscIIPWersja>2016-11-24T13:36:46+02:00</sln:miejscIIPWersja><sln:miejscIdTeryt>0137785</sln:miejscIdTeryt><sln:miejscNazwa>Albertów</sln:miejscNazwa><sln:miejscRodzaj>Wieś</sln:miejscRodzaj><sln:powIIPId>4c000899-b81d-4b23-aae2-e4aa8af755ef</sln:powIIPId><sln:powIIPPn>PL.PZGIK.200</sln:powIIPPn><sln:powIIPWersja>2012-09-27T09:34:20+02:00</sln:powIIPWersja><sln:powIdTeryt>2406</sln:powIdTeryt><sln:powNazwa>kłobucki</sln:powNazwa><sln:wojIIPId>98a63fe6-1e56-4d05-9c47-ab4233f8a6ff</sln:wojIIPId><sln:wojIIPPn>PL.PZGIK.200</sln:wojIIPPn><sln:wojIIPWersja>2017-10-10T00:00:00+02:00</sln:wojIIPWersja><sln:wojIdTeryt>24</sln:wojIdTeryt><sln:wojNazwa>śląskie</sln:wojNazwa></sln:miejscowosc><sln:miejscowosc><sln:cyklZyciaOd>2014-12-04T00:00:00+01:00</sln:cyklZyciaOd><sln:gmIIPId>9253c4b5-b677-44c1-a914-8b8d39f32299</sln:gmIIPId><sln:gmIIPPn>PL.PZGIK.200</sln:gmIIPPn><sln:gmIIPWersja>2012-09-26T22:25:34+02:00</sln:gmIIPWersja><sln:gmIdTeryt>2406032</sln:gmIdTeryt><sln:gmNazwa>Lipie</sln:gmNazwa><sln:miejscIIPId>998b6944-9bf0-4161-bca7-eb71ba40b8ec</sln:miejscIIPId><sln:miejscIIPPn>PL.PZGIK.200</sln:miejscIIPPn><sln:miejscIIPWersja>2016-11-24T13:29:45+02:00</sln:miejscIIPWersja><sln:miejscIdTeryt>0138030</sln:miejscIdTeryt><sln:miejscNazwa>Rębielice Szlacheckie</sln:miejscNazwa><sln:miejscRodzaj>Wieś</sln:miejscRodzaj><sln:powIIPId>4c000899-b81d-4b23-aae2-e4aa8af755ef</sln:powIIPId><sln:powIIPPn>PL.PZGIK.200</sln:powIIPPn><sln:powIIPWersja>2012-09-27T09:34:20+02:00</sln:powIIPWersja><sln:powIdTeryt>2406</sln:powIdTeryt><sln:powNazwa>kłobucki</sln:powNazwa><sln:wojIIPId>98a63fe6-1e56-4d05-9c47-ab4233f8a6ff</sln:wojIIPId><sln:wojIIPPn>PL.PZGIK.200</sln:wojIIPPn><sln:wojIIPWersja>2017-10-10T00:00:00+02:00</sln:wojIIPWersja><sln:wojIdTeryt>24</sln:wojIdTeryt><sln:wojNazwa>śląskie</sln:wojNazwa></sln:miejscowosc><sln:miejscowosc><sln:cyklZyciaOd>2014-12-04T00:00:00+01:00</sln:cyklZyciaOd><sln:gmIIPId>9253c4b5-b677-44c1-a914-8b8d39f32299</sln:gmIIPId><sln:gmIIPPn>PL.PZGIK.200</sln:gmIIPPn><sln:gmIIPWersja>2012-09-26T22:25:34+02:00</sln:gmIIPWersja><sln:gmIdTeryt>2406032</sln:gmIdTeryt><sln:gmNazwa>Lipie</sln:gmNazwa><sln:miejscIIPId>33a2efa0-1e6b-4cbe-b694-9f2e0177b62a</sln:miejscIIPId><sln:miejscIIPPn>PL.PZGIK.200</sln:miejscIIPPn><sln:miejscIIPWersja>2016-11-24T13:41:07+02:00</sln:miejscIIPWersja><sln:miejscIdTeryt>0137957</sln:miejscIdTeryt><sln:miejscNazwa>Lipie</sln:miejscNazwa><sln:miejscRodzaj>Wieś</sln:miejscRodzaj><sln:powIIPId>4c000899-b81d-4b23-aae2-e4aa8af755ef</sln:powIIPId><sln:powIIPPn>PL.PZGIK.200</sln:powIIPPn><sln:powIIPWersja>2012-09-27T09:34:20+02:00</sln:powIIPWersja><sln:powIdTeryt>2406</sln:powIdTeryt><sln:powNazwa>kłobucki</sln:powNazwa><sln:wojIIPId>98a63fe6-1e56-4d05-9c47-ab4233f8a6ff</sln:wojIIPId><sln:wojIIPPn>PL.PZGIK.200</sln:wojIIPPn><sln:wojIIPWersja>2017-10-10T00:00:00+02:00</sln:wojIIPWersja><sln:wojIdTeryt>24</sln:wojIdTeryt><sln:wojNazwa>śląskie</sln:wojNazwa></sln:miejscowosc><sln:miejscowosc><sln:cyklZyciaOd>2014-12-04T00:00:00+01:00</sln:cyklZyciaOd><sln:gmIIPId>9253c4b5-b677-44c1-a914-8b8d39f32299</sln:gmIIPId><sln:gmIIPPn>PL.PZGIK.200</sln:gmIIPPn><sln:gmIIPWersja>2012-09-26T22:25:34+02:00</sln:gmIIPWersja><sln:gmIdTeryt>2406032</sln:gmIdTeryt><sln:gmNazwa>Lipie</sln:gmNazwa><sln:miejscIIPId>9e77d3ee-097c-44e9-a355-3ded807fd3f0</sln:miejscIIPId><sln:miejscIIPPn>PL.PZGIK.200</sln:miejscIIPPn><sln:miejscIIPWersja>2016-11-24T13:31:09+02:00</sln:miejscIIPWersja><sln:miejscIdTeryt>0138081</sln:miejscIdTeryt><sln:miejscNazwa>Stanisławów</sln:miejscNazwa><sln:miejscRodzaj>Wieś</sln:miejscRodzaj><sln:powIIPId>4c000899-b81d-4b23-aae2-e4aa8af755ef</sln:powIIPId><sln:powIIPPn>PL.PZGIK.200</sln:powIIPPn><sln:powIIPWersja>2012-09-27T09:34:20+02:00</sln:powIIPWersja><sln:powIdTeryt>2406</sln:powIdTeryt><sln:powNazwa>kłobucki</sln:powNazwa><sln:wojIIPId>98a63fe6-1e56-4d05-9c47-ab4233f8a6ff</sln:wojIIPId><sln:wojIIPPn>PL.PZGIK.200</sln:wojIIPPn><sln:wojIIPWersja>2017-10-10T00:00:00+02:00</sln:wojIIPWersja><sln:wojIdTeryt>24</sln:wojIdTeryt><sln:wojNazwa>śląskie</sln:wojNazwa></sln:miejscowosc><sln:miejscowosc><sln:cyklZyciaOd>2014-12-04T00:00:00+01:00</sln:cyklZyciaOd><sln:gmIIPId>9253c4b5-b677-44c1-a914-8b8d39f32299</sln:gmIIPId><sln:gmIIPPn>PL.PZGIK.200</sln:gmIIPPn><sln:gmIIPWersja>2012-09-26T22:25:34+02:00</sln:gmIIPWersja><sln:gmIdTeryt>2406032</sln:gmIdTeryt><sln:gmNazwa>Lipie</sln:gmNazwa><sln:miejscIIPId>e28de6ad-a901-4447-b6f3-cfde2f4500ae</sln:miejscIIPId><sln:miejscIIPPn>PL.PZGIK.200</sln:miejscIIPPn><sln:miejscIIPWersja>2016-11-24T13:34:44+02:00</sln:miejscIIPWersja><sln:miejscIdTeryt>0138164</sln:miejscIdTeryt><sln:miejscNazwa>Zbrojewsko</sln:miejscNazwa><sln:miejscRodzaj>Wieś</sln:miejscRodzaj><sln:powIIPId>4c000899-b81d-4b23-aae2-e4aa8af755ef</sln:powIIPId><sln:powIIPPn>PL.PZGIK.200</sln:powIIPPn><sln:powIIPWersja>2012-09-27T09:34:20+02:00</sln:powIIPWersja><sln:powIdTeryt>2406</sln:powIdTeryt><sln:powNazwa>kłobucki</sln:powNazwa><sln:wojIIPId>98a63fe6-1e56-4d05-9c47-ab4233f8a6ff</sln:wojIIPId><sln:wojIIPPn>PL.PZGIK.200</sln:wojIIPPn><sln:wojIIPWersja>2017-10-10T00:00:00+02:00</sln:wojIIPWersja><sln:wojIdTeryt>24</sln:wojIdTeryt><sln:wojNazwa>śląskie</sln:wojNazwa></sln:miejscowosc><sln:miejscowosc><sln:cyklZyciaOd>2014-12-04T00:00:00+01:00</sln:cyklZyciaOd><sln:gmIIPId>9253c4b5-b677-44c1-a914-8b8d39f32299</sln:gmIIPId><sln:gmIIPPn>PL.PZGIK.200</sln:gmIIPPn><sln:gmIIPWersja>2012-09-26T22:25:34+02:00</sln:gmIIPWersja><sln:gmIdTeryt>2406032</sln:gmIdTeryt><sln:gmNazwa>Lipie</sln:gmNazwa><sln:miejscIIPId>46d78cfa-97a8-4949-8c7a-6c9e6c651e4c</sln:miejscIIPId><sln:miejscIIPPn>PL.PZGIK.200</sln:miejscIIPPn><sln:miejscIIPWersja>2016-11-24T13:30:06+02:00</sln:miejscIIPWersja><sln:miejscIdTeryt>0137816</sln:miejscIdTeryt><sln:miejscNazwa>Brzózki</sln:miejscNazwa><sln:miejscRodzaj>Wieś</sln:miejscRodzaj><sln:powIIPId>4c000899-b81d-4b23-aae2-e4aa8af755ef</sln:powIIPId><sln:powIIPPn>PL.PZGIK.200</sln:powIIPPn><sln:powIIPWersja>2012-09-27T09:34:20+02:00</sln:powIIPWersja><sln:powIdTeryt>2406</sln:powIdTeryt><sln:powNazwa>kłobucki</sln:powNazwa><sln:wojIIPId>98a63fe6-1e56-4d05-9c47-ab4233f8a6ff</sln:wojIIPId><sln:wojIIPPn>PL.PZGIK.200</sln:wojIIPPn><sln:wojIIPWersja>2017-10-10T00:00:00+02:00</sln:wojIIPWersja><sln:wojIdTeryt>24</sln:wojIdTeryt><sln:wojNazwa>śląskie</sln:wojNazwa></sln:miejscowosc><sln:miejscowosc><sln:cyklZyciaOd>2014-12-04T00:00:00+01:00</sln:cyklZyciaOd><sln:gmIIPId>9253c4b5-b677-44c1-a914-8b8d39f32299</sln:gmIIPId><sln:gmIIPPn>PL.PZGIK.200</sln:gmIIPPn><sln:gmIIPWersja>2012-09-26T22:25:34+02:00</sln:gmIIPWersja><sln:gmIdTeryt>2406032</sln:gmIdTeryt><sln:gmNazwa>Lipie</sln:gmNazwa><sln:miejscIIPId>f328d701-55b0-4086-9ddb-bf7e0a02fd9d</sln:miejscIIPId><sln:miejscIIPPn>PL.PZGIK.200</sln:miejscIIPPn><sln:miejscIIPWersja>2016-11-24T13:53:40+02:00</sln:miejscIIPWersja><sln:miejscIdTeryt>0137791</sln:miejscIdTeryt><sln:miejscNazwa>Chałków</sln:miejscNazwa><sln:miejscRodzaj>Inny obiekt</sln:miejscRodzaj><sln:powIIPId>4c000899-b81d-4b23-aae2-e4aa8af755ef</sln:powIIPId><sln:powIIPPn>PL.PZGIK.200</sln:powIIPPn><sln:powIIPWersja>2012-09-27T09:34:20+02:00</sln:powIIPWersja><sln:powIdTeryt>2406</sln:powIdTeryt><sln:powNazwa>kłobucki</sln:powNazwa><sln:wojIIPId>98a63fe6-1e56-4d05-9c47-ab4233f8a6ff</sln:wojIIPId><sln:wojIIPPn>PL.PZGIK.200</sln:wojIIPPn><sln:wojIIPWersja>2017-10-10T00:00:00+02:00</sln:wojIIPWersja><sln:wojIdTeryt>24</sln:wojIdTeryt><sln:wojNazwa>śląskie</sln:wojNazwa></sln:miejscowosc><sln:miejscowosc><sln:cyklZyciaOd>2014-12-04T00:00:00+01:00</sln:cyklZyciaOd><sln:gmIIPId>9253c4b5-b677-44c1-a914-8b8d39f32299</sln:gmIIPId><sln:gmIIPPn>PL.PZGIK.200</sln:gmIIPPn><sln:gmIIPWersja>2012-09-26T22:25:34+02:00</sln:gmIIPWersja><sln:gmIdTeryt>2406032</sln:gmIdTeryt><sln:gmNazwa>Lipie</sln:gmNazwa><sln:miejscIIPId>003ef86c-0024-47b5-bf01-96c2aa57f05c</sln:miejscIIPId><sln:miejscIIPPn>PL.PZGIK.200</sln:miejscIIPPn><sln:miejscIIPWersja>2016-11-24T13:41:06+02:00</sln:miejscIIPWersja><sln:miejscIdTeryt>0137940</sln:miejscIdTeryt><sln:miejscNazwa>Lindów</sln:miejscNazwa><sln:miejscRodzaj>Wieś</sln:miejscRodzaj><sln:powIIPId>4c000899-b81d-4b23-aae2-e4aa8af755ef</sln:powIIPId><sln:powIIPPn>PL.PZGIK.200</sln:powIIPPn><sln:powIIPWersja>2012-09-27T09:34:20+02:00</sln:powIIPWersja><sln:powIdTeryt>2406</sln:powIdTeryt><sln:powNazwa>kłobucki</sln:powNazwa><sln:wojIIPId>98a63fe6-1e56-4d05-9c47-ab4233f8a6ff</sln:wojIIPId><sln:wojIIPPn>PL.PZGIK.200</sln:wojIIPPn><sln:wojIIPWersja>2017-10-10T00:00:00+02:00</sln:wojIIPWersja><sln:wojIdTeryt>24</sln:wojIdTeryt><sln:wojNazwa>śląskie</sln:wojNazwa></sln:miejscowosc><sln:miejscowosc><sln:cyklZyciaOd>2014-12-04T00:00:00+01:00</sln:cyklZyciaOd><sln:gmIIPId>9253c4b5-b677-44c1-a914-8b8d39f32299</sln:gmIIPId><sln:gmIIPPn>PL.PZGIK.200</sln:gmIIPPn><sln:gmIIPWersja>2012-09-26T22:25:34+02:00</sln:gmIIPWersja><sln:gmIdTeryt>2406032</sln:gmIdTeryt><sln:gmNazwa>Lipie</sln:gmNazwa><sln:miejscIIPId>a95f415c-bc20-48a2-9b93-dcfb0c0b8e65</sln:miejscIIPId><sln:miejscIIPPn>PL.PZGIK.200</sln:miejscIIPPn><sln:miejscIIPWersja>2016-11-24T13:38:56+02:00</sln:miejscIIPWersja><sln:miejscIdTeryt>0137880</sln:miejscIdTeryt><sln:miejscNazwa>Julianów</sln:miejscNazwa><sln:miejscRodzaj>Wieś</sln:miejscRodzaj><sln:powIIPId>4c000899-b81d-4b23-aae2-e4aa8af755ef</sln:powIIPId><sln:powIIPPn>PL.PZGIK.200</sln:powIIPPn><sln:powIIPWersja>2012-09-27T09:34:20+02:00</sln:powIIPWersja><sln:powIdTeryt>2406</sln:powIdTeryt><sln:powNazwa>kłobucki</sln:powNazwa><sln:wojIIPId>98a63fe6-1e56-4d05-9c47-ab4233f8a6ff</sln:wojIIPId><sln:wojIIPPn>PL.PZGIK.200</sln:wojIIPPn><sln:wojIIPWersja>2017-10-10T00:00:00+02:00</sln:wojIIPWersja><sln:wojIdTeryt>24</sln:wojIdTeryt><sln:wojNazwa>śląskie</sln:wojNazwa></sln:miejscowosc><sln:miejscowosc><sln:cyklZyciaOd>2014-12-04T00:00:00+01:00</sln:cyklZyciaOd><sln:gmIIPId>9253c4b5-b677-44c1-a914-8b8d39f32299</sln:gmIIPId><sln:gmIIPPn>PL.PZGIK.200</sln:gmIIPPn><sln:gmIIPWersja>2012-09-26T22:25:34+02:00</sln:gmIIPWersja><sln:gmIdTeryt>2406032</sln:gmIdTeryt><sln:gmNazwa>Lipie</sln:gmNazwa><sln:miejscIIPId>5104e4f1-5953-494f-a2fc-6a21317444d6</sln:miejscIIPId><sln:miejscIIPPn>PL.PZGIK.200</sln:miejscIIPPn><sln:miejscIIPWersja>2016-11-24T13:42:53+02:00</sln:miejscIIPWersja><sln:miejscIdTeryt>0138000</sln:miejscIdTeryt><sln:miejscNazwa>Natolin</sln:miejscNazwa><sln:miejscRodzaj>Wieś</sln:miejscRodzaj><sln:powIIPId>4c000899-b81d-4b23-aae2-e4aa8af755ef</sln:powIIPId><sln:powIIPPn>PL.PZGIK.200</sln:powIIPPn><sln:powIIPWersja>2012-09-27T09:34:20+02:00</sln:powIIPWersja><sln:powIdTeryt>2406</sln:powIdTeryt><sln:powNazwa>kłobucki</sln:powNazwa><sln:wojIIPId>98a63fe6-1e56-4d05-9c47-ab4233f8a6ff</sln:wojIIPId><sln:wojIIPPn>PL.PZGIK.200</sln:wojIIPPn><sln:wojIIPWersja>2017-10-10T00:00:00+02:00</sln:wojIIPWersja><sln:wojIdTeryt>24</sln:wojIdTeryt><sln:wojNazwa>śląskie</sln:wojNazwa></sln:miejscowosc><sln:miejscowosc><sln:cyklZyciaOd>2014-12-04T00:00:00+01:00</sln:cyklZyciaOd><sln:gmIIPId>9253c4b5-b677-44c1-a914-8b8d39f32299</sln:gmIIPId><sln:gmIIPPn>PL.PZGIK.200</sln:gmIIPPn><sln:gmIIPWersja>2012-09-26T22:25:34+02:00</sln:gmIIPWersja><sln:gmIdTeryt>2406032</sln:gmIdTeryt><sln:gmNazwa>Lipie</sln:gmNazwa><sln:miejscIIPId>52c33b22-30da-45bb-9ea9-109206fff3d3</sln:miejscIIPId><sln:miejscIIPPn>PL.PZGIK.200</sln:miejscIIPPn><sln:miejscIIPWersja>2016-11-24T13:32:57+02:00</sln:miejscIIPWersja><sln:miejscIdTeryt>0138112</sln:miejscIdTeryt><sln:miejscNazwa>Wapiennik</sln:miejscNazwa><sln:miejscRodzaj>Wieś</sln:miejscRodzaj><sln:powIIPId>4c000899-b81d-4b23-aae2-e4aa8af755ef</sln:powIIPId><sln:powIIPPn>PL.PZGIK.200</sln:powIIPPn><sln:powIIPWersja>2012-09-27T09:34:20+02:00</sln:powIIPWersja><sln:powIdTeryt>2406</sln:powIdTeryt><sln:powNazwa>kłobucki</sln:powNazwa><sln:wojIIPId>98a63fe6-1e56-4d05-9c47-ab4233f8a6ff</sln:wojIIPId><sln:wojIIPPn>PL.PZGIK.200</sln:wojIIPPn><sln:wojIIPWersja>2017-10-10T00:00:00+02:00</sln:wojIIPWersja><sln:wojIdTeryt>24</sln:wojIdTeryt><sln:wojNazwa>śląskie</sln:wojNazwa></sln:miejscowosc><sln:miejscowosc><sln:cyklZyciaOd>2014-12-04T00:00:00+01:00</sln:cyklZyciaOd><sln:gmIIPId>9253c4b5-b677-44c1-a914-8b8d39f32299</sln:gmIIPId><sln:gmIIPPn>PL.PZGIK.200</sln:gmIIPPn><sln:gmIIPWersja>2012-09-26T22:25:34+02:00</sln:gmIIPWersja><sln:gmIdTeryt>2406032</sln:gmIdTeryt><sln:gmNazwa>Lipie</sln:gmNazwa><sln:miejscIIPId>c35169ac-75d4-4b33-a4fd-73e0bf8df49d</sln:miejscIIPId><sln:miejscIIPPn>PL.PZGIK.200</sln:miejscIIPPn><sln:miejscIIPWersja>2016-11-24T13:32:06+02:00</sln:miejscIIPWersja><sln:miejscIdTeryt>0138106</sln:miejscIdTeryt><sln:miejscNazwa>Szyszków</sln:miejscNazwa><sln:miejscRodzaj>Wieś</sln:miejscRodzaj><sln:powIIPId>4c000899-b81d-4b23-aae2-e4aa8af755ef</sln:powIIPId><sln:powIIPPn>PL.PZGIK.200</sln:powIIPPn><sln:powIIPWersja>2012-09-27T09:34:20+02:00</sln:powIIPWersja><sln:powIdTeryt>2406</sln:powIdTeryt><sln:powNazwa>kłobucki</sln:powNazwa><sln:wojIIPId>98a63fe6-1e56-4d05-9c47-ab4233f8a6ff</sln:wojIIPId><sln:wojIIPPn>PL.PZGIK.200</sln:wojIIPPn><sln:wojIIPWersja>2017-10-10T00:00:00+02:00</sln:wojIIPWersja><sln:wojIdTeryt>24</sln:wojIdTeryt><sln:wojNazwa>śląskie</sln:wojNazwa></sln:miejscowosc><sln:miejscowosc><sln:cyklZyciaOd>2014-12-04T00:00:00+01:00</sln:cyklZyciaOd><sln:gmIIPId>9253c4b5-b677-44c1-a914-8b8d39f32299</sln:gmIIPId><sln:gmIIPPn>PL.PZGIK.200</sln:gmIIPPn><sln:gmIIPWersja>2012-09-26T22:25:34+02:00</sln:gmIIPWersja><sln:gmIdTeryt>2406032</sln:gmIdTeryt><sln:gmNazwa>Lipie</sln:gmNazwa><sln:miejscIIPId>4c4b46ac-650f-4ad0-8987-626bf1d176e4</sln:miejscIIPId><sln:miejscIIPPn>PL.PZGIK.200</sln:miejscIIPPn><sln:miejscIIPWersja>2016-11-24T13:29:55+02:00</sln:miejscIIPWersja><sln:miejscIdTeryt>0138075</sln:miejscIdTeryt><sln:miejscNazwa>Rozalin</sln:miejscNazwa><sln:miejscRodzaj>Wieś</sln:miejscRodzaj><sln:powIIPId>4c000899-b81d-4b23-aae2-e4aa8af755ef</sln:powIIPId><sln:powIIPPn>PL.PZGIK.200</sln:powIIPPn><sln:powIIPWersja>2012-09-27T09:34:20+02:00</sln:powIIPWersja><sln:powIdTeryt>2406</sln:powIdTeryt><sln:powNazwa>kłobucki</sln:powNazwa><sln:wojIIPId>98a63fe6-1e56-4d05-9c47-ab4233f8a6ff</sln:wojIIPId><sln:wojIIPPn>PL.PZGIK.200</sln:wojIIPPn><sln:wojIIPWersja>2017-10-10T00:00:00+02:00</sln:wojIIPWersja><sln:wojIdTeryt>24</sln:wojIdTeryt><sln:wojNazwa>śląskie</sln:wojNazwa></sln:miejscowosc></sln:lista-miejscowosci>