<?xml version="1.0" encoding="UTF-8" standalone="yes"?><sln:lista-miejscowosci xmlns:srv="http://gugik.gov.pl/schemas/slowniki-service/1.0" xmlns:sln="http://gugik.gov.pl/schemas/slowniki-schema/1.0"><sln:miejscowosc><sln:cyklZyciaDo>2017-03-06T00:00:00+01:00</sln:cyklZyciaDo><sln:cyklZyciaOd>2014-12-05T00:00:00+01:00</sln:cyklZyciaOd><sln:gmIIPId>1857015c-bee0-4209-8272-b91ead70ae37</sln:gmIIPId><sln:gmIIPPn>PL.PZGIK.200</sln:gmIIPPn><sln:gmIIPWersja>2012-09-26T22:25:55+02:00</sln:gmIIPWersja><sln:gmIdTeryt>2409042</sln:gmIdTeryt><sln:gmNazwa>Poraj</sln:gmNazwa><sln:miejscIIPId>f405529f-9eb8-41bf-9e6f-8512df0f9d97</sln:miejscIIPId><sln:miejscIIPPn>PL.PZGIK.200</sln:miejscIIPPn><sln:miejscIIPWersja>2016-11-24T13:40:50+02:00</sln:miejscIIPWersja><sln:miejscIdTeryt>0143231</sln:miejscIdTeryt><sln:miejscNazwa>Kuźnica Stara</sln:miejscNazwa><sln:miejscRodzaj>Wieś</sln:miejscRodzaj><sln:powIIPId>84af16e4-82b9-4f34-a6a2-be81f68f8753</sln:powIIPId><sln:powIIPPn>PL.PZGIK.200</sln:powIIPPn><sln:powIIPWersja>2012-09-27T09:34:20+02:00</sln:powIIPWersja><sln:powIdTeryt>2409</sln:powIdTeryt><sln:powNazwa>myszkowski</sln:powNazwa><sln:wojIIPId>98a63fe6-1e56-4d05-9c47-ab4233f8a6ff</sln:wojIIPId><sln:wojIIPPn>PL.PZGIK.200</sln:wojIIPPn><sln:wojIIPWersja>2017-10-10T00:00:00+02:00</sln:wojIIPWersja><sln:wojIdTeryt>24</sln:wojIdTeryt><sln:wojNazwa>śląskie</sln:wojNazwa></sln:miejscowosc><sln:miejscowosc><sln:cyklZyciaDo>2017-03-06T00:00:00+01:00</sln:cyklZyciaDo><sln:cyklZyciaOd>2014-12-05T00:00:00+01:00</sln:cyklZyciaOd><sln:gmIIPId>1857015c-bee0-4209-8272-b91ead70ae37</sln:gmIIPId><sln:gmIIPPn>PL.PZGIK.200</sln:gmIIPPn><sln:gmIIPWersja>2012-09-26T22:25:55+02:00</sln:gmIIPWersja><sln:gmIdTeryt>2409042</sln:gmIdTeryt><sln:gmNazwa>Poraj</sln:gmNazwa><sln:miejscIIPId>fcbf1fc7-8781-4530-96ad-cf61b32c8426</sln:miejscIIPId><sln:miejscIIPPn>PL.PZGIK.200</sln:miejscIIPPn><sln:miejscIIPWersja>2016-11-24T13:51:16+02:00</sln:miejscIIPWersja><sln:miejscIdTeryt>0143120</sln:miejscIdTeryt><sln:miejscNazwa>Baranowizna</sln:miejscNazwa><sln:miejscRodzaj>Inny obiekt</sln:miejscRodzaj><sln:powIIPId>84af16e4-82b9-4f34-a6a2-be81f68f8753</sln:powIIPId><sln:powIIPPn>PL.PZGIK.200</sln:powIIPPn><sln:powIIPWersja>2012-09-27T09:34:20+02:00</sln:powIIPWersja><sln:powIdTeryt>2409</sln:powIdTeryt><sln:powNazwa>myszkowski</sln:powNazwa><sln:wojIIPId>98a63fe6-1e56-4d05-9c47-ab4233f8a6ff</sln:wojIIPId><sln:wojIIPPn>PL.PZGIK.200</sln:wojIIPPn><sln:wojIIPWersja>2017-10-10T00:00:00+02:00</sln:wojIIPWersja><sln:wojIdTeryt>24</sln:wojIdTeryt><sln:wojNazwa>śląskie</sln:wojNazwa></sln:miejscowosc><sln:miejscowosc><sln:cyklZyciaDo>2017-03-06T00:00:00+01:00</sln:cyklZyciaDo><sln:cyklZyciaOd>2014-12-05T00:00:00+01:00</sln:cyklZyciaOd><sln:gmIIPId>1857015c-bee0-4209-8272-b91ead70ae37</sln:gmIIPId><sln:gmIIPPn>PL.PZGIK.200</sln:gmIIPPn><sln:gmIIPWersja>2012-09-26T22:25:55+02:00</sln:gmIIPWersja><sln:gmIdTeryt>2409042</sln:gmIdTeryt><sln:gmNazwa>Poraj</sln:gmNazwa><sln:miejscIIPId>8c74a707-5c2b-4ee2-b1f8-fc636151303f</sln:miejscIIPId><sln:miejscIIPPn>PL.PZGIK.200</sln:miejscIIPPn><sln:miejscIIPWersja>2016-11-24T13:36:56+02:00</sln:miejscIIPWersja><sln:miejscIdTeryt>0143165</sln:miejscIdTeryt><sln:miejscNazwa>Dzierżno</sln:miejscNazwa><sln:miejscRodzaj>Wieś</sln:miejscRodzaj><sln:powIIPId>84af16e4-82b9-4f34-a6a2-be81f68f8753</sln:powIIPId><sln:powIIPPn>PL.PZGIK.200</sln:powIIPPn><sln:powIIPWersja>2012-09-27T09:34:20+02:00</sln:powIIPWersja><sln:powIdTeryt>2409</sln:powIdTeryt><sln:powNazwa>myszkowski</sln:powNazwa><sln:waznyOd>1996-10-01T00:00:00+02:00</sln:waznyOd><sln:wojIIPId>98a63fe6-1e56-4d05-9c47-ab4233f8a6ff</sln:wojIIPId><sln:wojIIPPn>PL.PZGIK.200</sln:wojIIPPn><sln:wojIIPWersja>2017-10-10T00:00:00+02:00</sln:wojIIPWersja><sln:wojIdTeryt>24</sln:wojIdTeryt><sln:wojNazwa>śląskie</sln:wojNazwa></sln:miejscowosc><sln:miejscowosc><sln:cyklZyciaDo>2017-03-06T00:00:00+01:00</sln:cyklZyciaDo><sln:cyklZyciaOd>2014-12-05T00:00:00+01:00</sln:cyklZyciaOd><sln:gmIIPId>1857015c-bee0-4209-8272-b91ead70ae37</sln:gmIIPId><sln:gmIIPPn>PL.PZGIK.200</sln:gmIIPPn><sln:gmIIPWersja>2012-09-26T22:25:55+02:00</sln:gmIIPWersja><sln:gmIdTeryt>2409042</sln:gmIdTeryt><sln:gmNazwa>Poraj</sln:gmNazwa><sln:miejscIIPId>eee5b4e0-d651-4357-8451-2040691124dc</sln:miejscIIPId><sln:miejscIIPPn>PL.PZGIK.200</sln:miejscIIPPn><sln:miejscIIPWersja>2016-11-24T13:34:59+02:00</sln:miejscIIPWersja><sln:miejscIdTeryt>0143254</sln:miejscIdTeryt><sln:miejscNazwa>Żarki-Letnisko</sln:miejscNazwa><sln:miejscRodzaj>Wieś</sln:miejscRodzaj><sln:powIIPId>84af16e4-82b9-4f34-a6a2-be81f68f8753</sln:powIIPId><sln:powIIPPn>PL.PZGIK.200</sln:powIIPPn><sln:powIIPWersja>2012-09-27T09:34:20+02:00</sln:powIIPWersja><sln:powIdTeryt>2409</sln:powIdTeryt><sln:powNazwa>myszkowski</sln:powNazwa><sln:wojIIPId>98a63fe6-1e56-4d05-9c47-ab4233f8a6ff</sln:wojIIPId><sln:wojIIPPn>PL.PZGIK.200</sln:wojIIPPn><sln:wojIIPWersja>2017-10-10T00:00:00+02:00</sln:wojIIPWersja><sln:wojIdTeryt>24</sln:wojIdTeryt><sln:wojNazwa>śląskie</sln:wojNazwa></sln:miejscowosc><sln:miejscowosc><sln:cyklZyciaDo>2017-03-06T00:00:00+01:00</sln:cyklZyciaDo><sln:cyklZyciaOd>2014-12-05T00:00:00+01:00</sln:cyklZyciaOd><sln:gmIIPId>1857015c-bee0-4209-8272-b91ead70ae37</sln:gmIIPId><sln:gmIIPPn>PL.PZGIK.200</sln:gmIIPPn><sln:gmIIPWersja>2012-09-26T22:25:55+02:00</sln:gmIIPWersja><sln:gmIdTeryt>2409042</sln:gmIdTeryt><sln:gmNazwa>Poraj</sln:gmNazwa><sln:miejscIIPId>4d396a13-e2ec-42f4-b345-7a851c57fb00</sln:miejscIIPId><sln:miejscIIPPn>PL.PZGIK.200</sln:miejscIIPPn><sln:miejscIIPWersja>2016-11-24T13:53:57+02:00</sln:miejscIIPWersja><sln:miejscIdTeryt>0143194</sln:miejscIdTeryt><sln:miejscNazwa>Pustkowie Gęzyńskie</sln:miejscNazwa><sln:miejscRodzaj>Inny obiekt</sln:miejscRodzaj><sln:powIIPId>84af16e4-82b9-4f34-a6a2-be81f68f8753</sln:powIIPId><sln:powIIPPn>PL.PZGIK.200</sln:powIIPPn><sln:powIIPWersja>2012-09-27T09:34:20+02:00</sln:powIIPWersja><sln:powIdTeryt>2409</sln:powIdTeryt><sln:powNazwa>myszkowski</sln:powNazwa><sln:wojIIPId>98a63fe6-1e56-4d05-9c47-ab4233f8a6ff</sln:wojIIPId><sln:wojIIPPn>PL.PZGIK.200</sln:wojIIPPn><sln:wojIIPWersja>2017-10-10T00:00:00+02:00</sln:wojIIPWersja><sln:wojIdTeryt>24</sln:wojIdTeryt><sln:wojNazwa>śląskie</sln:wojNazwa></sln:miejscowosc><sln:miejscowosc><sln:cyklZyciaDo>2017-03-06T00:00:00+01:00</sln:cyklZyciaDo><sln:cyklZyciaOd>2014-12-05T00:00:00+01:00</sln:cyklZyciaOd><sln:gmIIPId>1857015c-bee0-4209-8272-b91ead70ae37</sln:gmIIPId><sln:gmIIPPn>PL.PZGIK.200</sln:gmIIPPn><sln:gmIIPWersja>2012-09-26T22:25:55+02:00</sln:gmIIPWersja><sln:gmIdTeryt>2409042</sln:gmIdTeryt><sln:gmNazwa>Poraj</sln:gmNazwa><sln:miejscIIPId>05fbbfe9-faca-4b7b-8241-45efd6b4a51d</sln:miejscIIPId><sln:miejscIIPPn>PL.PZGIK.200</sln:miejscIIPPn><sln:miejscIIPWersja>2016-11-24T13:56:32+02:00</sln:miejscIIPWersja><sln:miejscIdTeryt>0143248</sln:miejscIdTeryt><sln:miejscNazwa>Kuźnica-Folwark</sln:miejscNazwa><sln:miejscRodzaj>Inny obiekt</sln:miejscRodzaj><sln:powIIPId>84af16e4-82b9-4f34-a6a2-be81f68f8753</sln:powIIPId><sln:powIIPPn>PL.PZGIK.200</sln:powIIPPn><sln:powIIPWersja>2012-09-27T09:34:20+02:00</sln:powIIPWersja><sln:powIdTeryt>2409</sln:powIdTeryt><sln:powNazwa>myszkowski</sln:powNazwa><sln:wojIIPId>98a63fe6-1e56-4d05-9c47-ab4233f8a6ff</sln:wojIIPId><sln:wojIIPPn>PL.PZGIK.200</sln:wojIIPPn><sln:wojIIPWersja>2017-10-10T00:00:00+02:00</sln:wojIIPWersja><sln:wojIdTeryt>24</sln:wojIdTeryt><sln:wojNazwa>śląskie</sln:wojNazwa></sln:miejscowosc><sln:miejscowosc><sln:cyklZyciaDo>2017-03-06T00:00:00+01:00</sln:cyklZyciaDo><sln:cyklZyciaOd>2014-12-05T00:00:00+01:00</sln:cyklZyciaOd><sln:gmIIPId>1857015c-bee0-4209-8272-b91ead70ae37</sln:gmIIPId><sln:gmIIPPn>PL.PZGIK.200</sln:gmIIPPn><sln:gmIIPWersja>2012-09-26T22:25:55+02:00</sln:gmIIPWersja><sln:gmIdTeryt>2409042</sln:gmIdTeryt><sln:gmNazwa>Poraj</sln:gmNazwa><sln:miejscIIPId>683a9a8c-be8c-4323-a01f-63b4099078a6</sln:miejscIIPId><sln:miejscIIPPn>PL.PZGIK.200</sln:miejscIIPPn><sln:miejscIIPWersja>2016-11-24T13:51:16+02:00</sln:miejscIIPWersja><sln:miejscIdTeryt>0143136</sln:miejscIdTeryt><sln:miejscNazwa>Rajczykowizna</sln:miejscNazwa><sln:miejscRodzaj>Inny obiekt</sln:miejscRodzaj><sln:powIIPId>84af16e4-82b9-4f34-a6a2-be81f68f8753</sln:powIIPId><sln:powIIPPn>PL.PZGIK.200</sln:powIIPPn><sln:powIIPWersja>2012-09-27T09:34:20+02:00</sln:powIIPWersja><sln:powIdTeryt>2409</sln:powIdTeryt><sln:powNazwa>myszkowski</sln:powNazwa><sln:wojIIPId>98a63fe6-1e56-4d05-9c47-ab4233f8a6ff</sln:wojIIPId><sln:wojIIPPn>PL.PZGIK.200</sln:wojIIPPn><sln:wojIIPWersja>2017-10-10T00:00:00+02:00</sln:wojIIPWersja><sln:wojIdTeryt>24</sln:wojIdTeryt><sln:wojNazwa>śląskie</sln:wojNazwa></sln:miejscowosc><sln:miejscowosc><sln:cyklZyciaDo>2017-03-06T00:00:00+01:00</sln:cyklZyciaDo><sln:cyklZyciaOd>2014-12-05T00:00:00+01:00</sln:cyklZyciaOd><sln:gmIIPId>1857015c-bee0-4209-8272-b91ead70ae37</sln:gmIIPId><sln:gmIIPPn>PL.PZGIK.200</sln:gmIIPPn><sln:gmIIPWersja>2012-09-26T22:25:55+02:00</sln:gmIIPWersja><sln:gmIdTeryt>2409042</sln:gmIdTeryt><sln:gmNazwa>Poraj</sln:gmNazwa><sln:miejscIIPId>7e85e75d-1732-4464-9d76-542561ec2609</sln:miejscIIPId><sln:miejscIIPPn>PL.PZGIK.200</sln:miejscIIPPn><sln:miejscIIPWersja>2016-11-24T13:36:15+02:00</sln:miejscIIPWersja><sln:miejscIdTeryt>0143159</sln:miejscIdTeryt><sln:miejscNazwa>Dębowiec</sln:miejscNazwa><sln:miejscRodzaj>Wieś</sln:miejscRodzaj><sln:powIIPId>84af16e4-82b9-4f34-a6a2-be81f68f8753</sln:powIIPId><sln:powIIPPn>PL.PZGIK.200</sln:powIIPPn><sln:powIIPWersja>2012-09-27T09:34:20+02:00</sln:powIIPWersja><sln:powIdTeryt>2409</sln:powIdTeryt><sln:powNazwa>myszkowski</sln:powNazwa><sln:wojIIPId>98a63fe6-1e56-4d05-9c47-ab4233f8a6ff</sln:wojIIPId><sln:wojIIPPn>PL.PZGIK.200</sln:wojIIPPn><sln:wojIIPWersja>2017-10-10T00:00:00+02:00</sln:wojIIPWersja><sln:wojIdTeryt>24</sln:wojIdTeryt><sln:wojNazwa>śląskie</sln:wojNazwa></sln:miejscowosc><sln:miejscowosc><sln:cyklZyciaDo>2017-03-06T00:00:00+01:00</sln:cyklZyciaDo><sln:cyklZyciaOd>2014-12-05T00:00:00+01:00</sln:cyklZyciaOd><sln:gmIIPId>1857015c-bee0-4209-8272-b91ead70ae37</sln:gmIIPId><sln:gmIIPPn>PL.PZGIK.200</sln:gmIIPPn><sln:gmIIPWersja>2012-09-26T22:25:55+02:00</sln:gmIIPWersja><sln:gmIdTeryt>2409042</sln:gmIdTeryt><sln:gmNazwa>Poraj</sln:gmNazwa><sln:miejscIIPId>9f38dfb1-9dbd-412c-9541-d084ca5d4388</sln:miejscIIPId><sln:miejscIIPPn>PL.PZGIK.200</sln:miejscIIPPn><sln:miejscIIPWersja>2016-11-24T13:38:37+02:00</sln:miejscIIPWersja><sln:miejscIdTeryt>0143202</sln:miejscIdTeryt><sln:miejscNazwa>Jastrząb</sln:miejscNazwa><sln:miejscRodzaj>Wieś</sln:miejscRodzaj><sln:powIIPId>84af16e4-82b9-4f34-a6a2-be81f68f8753</sln:powIIPId><sln:powIIPPn>PL.PZGIK.200</sln:powIIPPn><sln:powIIPWersja>2012-09-27T09:34:20+02:00</sln:powIIPWersja><sln:powIdTeryt>2409</sln:powIdTeryt><sln:powNazwa>myszkowski</sln:powNazwa><sln:wojIIPId>98a63fe6-1e56-4d05-9c47-ab4233f8a6ff</sln:wojIIPId><sln:wojIIPPn>PL.PZGIK.200</sln:wojIIPPn><sln:wojIIPWersja>2017-10-10T00:00:00+02:00</sln:wojIIPWersja><sln:wojIdTeryt>24</sln:wojIdTeryt><sln:wojNazwa>śląskie</sln:wojNazwa></sln:miejscowosc><sln:miejscowosc><sln:cyklZyciaDo>2017-03-06T00:00:00+01:00</sln:cyklZyciaDo><sln:cyklZyciaOd>2014-12-05T00:00:00+01:00</sln:cyklZyciaOd><sln:gmIIPId>1857015c-bee0-4209-8272-b91ead70ae37</sln:gmIIPId><sln:gmIIPPn>PL.PZGIK.200</sln:gmIIPPn><sln:gmIIPWersja>2012-09-26T22:25:55+02:00</sln:gmIIPWersja><sln:gmIdTeryt>2409042</sln:gmIdTeryt><sln:gmNazwa>Poraj</sln:gmNazwa><sln:miejscIIPId>7020816d-c2ec-4b7f-b50c-d75434ad31b4</sln:miejscIIPId><sln:miejscIIPPn>PL.PZGIK.200</sln:miejscIIPPn><sln:miejscIIPWersja>2016-11-24T13:34:57+02:00</sln:miejscIIPWersja><sln:miejscIdTeryt>0143113</sln:miejscIdTeryt><sln:miejscNazwa>Choroń</sln:miejscNazwa><sln:miejscRodzaj>Wieś</sln:miejscRodzaj><sln:powIIPId>84af16e4-82b9-4f34-a6a2-be81f68f8753</sln:powIIPId><sln:powIIPPn>PL.PZGIK.200</sln:powIIPPn><sln:powIIPWersja>2012-09-27T09:34:20+02:00</sln:powIIPWersja><sln:powIdTeryt>2409</sln:powIdTeryt><sln:powNazwa>myszkowski</sln:powNazwa><sln:wojIIPId>98a63fe6-1e56-4d05-9c47-ab4233f8a6ff</sln:wojIIPId><sln:wojIIPPn>PL.PZGIK.200</sln:wojIIPPn><sln:wojIIPWersja>2017-10-10T00:00:00+02:00</sln:wojIIPWersja><sln:wojIdTeryt>24</sln:wojIdTeryt><sln:wojNazwa>śląskie</sln:wojNazwa></sln:miejscowosc><sln:miejscowosc><sln:cyklZyciaDo>2017-03-06T00:00:00+01:00</sln:cyklZyciaDo><sln:cyklZyciaOd>2014-12-05T00:00:00+01:00</sln:cyklZyciaOd><sln:gmIIPId>1857015c-bee0-4209-8272-b91ead70ae37</sln:gmIIPId><sln:gmIIPPn>PL.PZGIK.200</sln:gmIIPPn><sln:gmIIPWersja>2012-09-26T22:25:55+02:00</sln:gmIIPWersja><sln:gmIdTeryt>2409042</sln:gmIdTeryt><sln:gmNazwa>Poraj</sln:gmNazwa><sln:miejscIIPId>37b3f402-57d4-4a0f-96e4-ed63307a91e9</sln:miejscIIPId><sln:miejscIIPPn>PL.PZGIK.200</sln:miejscIIPPn><sln:miejscIIPWersja>2016-11-24T13:37:15+02:00</sln:miejscIIPWersja><sln:miejscIdTeryt>0143188</sln:miejscIdTeryt><sln:miejscNazwa>Gęzyn</sln:miejscNazwa><sln:miejscRodzaj>Wieś</sln:miejscRodzaj><sln:powIIPId>84af16e4-82b9-4f34-a6a2-be81f68f8753</sln:powIIPId><sln:powIIPPn>PL.PZGIK.200</sln:powIIPPn><sln:powIIPWersja>2012-09-27T09:34:20+02:00</sln:powIIPWersja><sln:powIdTeryt>2409</sln:powIdTeryt><sln:powNazwa>myszkowski</sln:powNazwa><sln:wojIIPId>98a63fe6-1e56-4d05-9c47-ab4233f8a6ff</sln:wojIIPId><sln:wojIIPPn>PL.PZGIK.200</sln:wojIIPPn><sln:wojIIPWersja>2017-10-10T00:00:00+02:00</sln:wojIIPWersja><sln:wojIdTeryt>24</sln:wojIdTeryt><sln:wojNazwa>śląskie</sln:wojNazwa></sln:miejscowosc><sln:miejscowosc><sln:cyklZyciaDo>2017-03-06T00:00:00+01:00</sln:cyklZyciaDo><sln:cyklZyciaOd>2014-12-05T00:00:00+01:00</sln:cyklZyciaOd><sln:gmIIPId>1857015c-bee0-4209-8272-b91ead70ae37</sln:gmIIPId><sln:gmIIPPn>PL.PZGIK.200</sln:gmIIPPn><sln:gmIIPWersja>2012-09-26T22:25:55+02:00</sln:gmIIPWersja><sln:gmIdTeryt>2409042</sln:gmIdTeryt><sln:gmNazwa>Poraj</sln:gmNazwa><sln:miejscIIPId>aff96292-abf4-4220-99a3-229200d7444e</sln:miejscIIPId><sln:miejscIIPPn>PL.PZGIK.200</sln:miejscIIPPn><sln:miejscIIPWersja>2016-11-24T13:42:03+02:00</sln:miejscIIPWersja><sln:miejscIdTeryt>0143219</sln:miejscIdTeryt><sln:miejscNazwa>Masłońskie</sln:miejscNazwa><sln:miejscRodzaj>Wieś</sln:miejscRodzaj><sln:powIIPId>84af16e4-82b9-4f34-a6a2-be81f68f8753</sln:powIIPId><sln:powIIPPn>PL.PZGIK.200</sln:powIIPPn><sln:powIIPWersja>2012-09-27T09:34:20+02:00</sln:powIIPWersja><sln:powIdTeryt>2409</sln:powIdTeryt><sln:powNazwa>myszkowski</sln:powNazwa><sln:waznyOd>1982-04-02T00:00:00+01:00</sln:waznyOd><sln:wojIIPId>98a63fe6-1e56-4d05-9c47-ab4233f8a6ff</sln:wojIIPId><sln:wojIIPPn>PL.PZGIK.200</sln:wojIIPPn><sln:wojIIPWersja>2017-10-10T00:00:00+02:00</sln:wojIIPWersja><sln:wojIdTeryt>24</sln:wojIdTeryt><sln:wojNazwa>śląskie</sln:wojNazwa></sln:miejscowosc><sln:miejscowosc><sln:cyklZyciaDo>2017-03-06T00:00:00+01:00</sln:cyklZyciaDo><sln:cyklZyciaOd>2014-12-05T00:00:00+01:00</sln:cyklZyciaOd><sln:gmIIPId>1857015c-bee0-4209-8272-b91ead70ae37</sln:gmIIPId><sln:gmIIPPn>PL.PZGIK.200</sln:gmIIPPn><sln:gmIIPWersja>2012-09-26T22:25:55+02:00</sln:gmIIPWersja><sln:gmIdTeryt>2409042</sln:gmIdTeryt><sln:gmNazwa>Poraj</sln:gmNazwa><sln:miejscIIPId>17efc44e-5025-4995-94f8-3a719f9eab25</sln:miejscIIPId><sln:miejscIIPPn>PL.PZGIK.200</sln:miejscIIPPn><sln:miejscIIPWersja>2016-11-24T13:28:48+02:00</sln:miejscIIPWersja><sln:miejscIdTeryt>0143225</sln:miejscIdTeryt><sln:miejscNazwa>Poraj</sln:miejscNazwa><sln:miejscRodzaj>Wieś</sln:miejscRodzaj><sln:powIIPId>84af16e4-82b9-4f34-a6a2-be81f68f8753</sln:powIIPId><sln:powIIPPn>PL.PZGIK.200</sln:powIIPPn><sln:powIIPWersja>2012-09-27T09:34:20+02:00</sln:powIIPWersja><sln:powIdTeryt>2409</sln:powIdTeryt><sln:powNazwa>myszkowski</sln:powNazwa><sln:wojIIPId>98a63fe6-1e56-4d05-9c47-ab4233f8a6ff</sln:wojIIPId><sln:wojIIPPn>PL.PZGIK.200</sln:wojIIPPn><sln:wojIIPWersja>2017-10-10T00:00:00+02:00</sln:wojIIPWersja><sln:wojIdTeryt>24</sln:wojIdTeryt><sln:wojNazwa>śląskie</sln:wojNazwa></sln:miejscowosc><sln:miejscowosc><sln:cyklZyciaDo>2017-03-06T00:00:00+01:00</sln:cyklZyciaDo><sln:cyklZyciaOd>2014-12-05T00:00:00+01:00</sln:cyklZyciaOd><sln:gmIIPId>1857015c-bee0-4209-8272-b91ead70ae37</sln:gmIIPId><sln:gmIIPPn>PL.PZGIK.200</sln:gmIIPPn><sln:gmIIPWersja>2012-09-26T22:25:55+02:00</sln:gmIIPWersja><sln:gmIdTeryt>2409042</sln:gmIdTeryt><sln:gmNazwa>Poraj</sln:gmNazwa><sln:miejscIIPId>cbd408d1-0eff-4704-8efb-3b8a3cb7bdb5</sln:miejscIIPId><sln:miejscIIPPn>PL.PZGIK.200</sln:miejscIIPPn><sln:miejscIIPWersja>2016-11-24T13:59:37+02:00</sln:miejscIIPWersja><sln:miejscIdTeryt>1064829</sln:miejscIdTeryt><sln:miejscNazwa>Całgowizna</sln:miejscNazwa><sln:miejscRodzaj>Inny obiekt</sln:miejscRodzaj><sln:powIIPId>84af16e4-82b9-4f34-a6a2-be81f68f8753</sln:powIIPId><sln:powIIPPn>PL.PZGIK.200</sln:powIIPPn><sln:powIIPWersja>2012-09-27T09:34:20+02:00</sln:powIIPWersja><sln:powIdTeryt>2409</sln:powIdTeryt><sln:powNazwa>myszkowski</sln:powNazwa><sln:wojIIPId>98a63fe6-1e56-4d05-9c47-ab4233f8a6ff</sln:wojIIPId><sln:wojIIPPn>PL.PZGIK.200</sln:wojIIPPn><sln:wojIIPWersja>2017-10-10T00:00:00+02:00</sln:wojIIPWersja><sln:wojIdTeryt>24</sln:wojIdTeryt><sln:wojNazwa>śląskie</sln:wojNazwa></sln:miejscowosc><sln:miejscowosc><sln:cyklZyciaDo>2017-03-06T00:00:00+01:00</sln:cyklZyciaDo><sln:cyklZyciaOd>2014-12-05T00:00:00+01:00</sln:cyklZyciaOd><sln:gmIIPId>1857015c-bee0-4209-8272-b91ead70ae37</sln:gmIIPId><sln:gmIIPPn>PL.PZGIK.200</sln:gmIIPPn><sln:gmIIPWersja>2012-09-26T22:25:55+02:00</sln:gmIIPWersja><sln:gmIdTeryt>2409042</sln:gmIdTeryt><sln:gmNazwa>Poraj</sln:gmNazwa><sln:miejscIIPId>7356c065-d889-409e-b554-a72cbe52d345</sln:miejscIIPId><sln:miejscIIPPn>PL.PZGIK.200</sln:miejscIIPPn><sln:miejscIIPWersja>2016-11-24T13:51:16+02:00</sln:miejscIIPWersja><sln:miejscIdTeryt>1002981</sln:miejscIdTeryt><sln:miejscNazwa>Kacze Błoto</sln:miejscNazwa><sln:miejscRodzaj>Inny obiekt</sln:miejscRodzaj><sln:powIIPId>84af16e4-82b9-4f34-a6a2-be81f68f8753</sln:powIIPId><sln:powIIPPn>PL.PZGIK.200</sln:powIIPPn><sln:powIIPWersja>2012-09-27T09:34:20+02:00</sln:powIIPWersja><sln:powIdTeryt>2409</sln:powIdTeryt><sln:powNazwa>myszkowski</sln:powNazwa><sln:waznyOd>1982-04-02T00:00:00+01:00</sln:waznyOd><sln:wojIIPId>98a63fe6-1e56-4d05-9c47-ab4233f8a6ff</sln:wojIIPId><sln:wojIIPPn>PL.PZGIK.200</sln:wojIIPPn><sln:wojIIPWersja>2017-10-10T00:00:00+02:00</sln:wojIIPWersja><sln:wojIdTeryt>24</sln:wojIdTeryt><sln:wojNazwa>śląskie</sln:wojNazwa></sln:miejscowosc><sln:miejscowosc><sln:cyklZyciaDo>2017-03-13T00:00:00+01:00</sln:cyklZyciaDo><sln:cyklZyciaOd>2017-03-06T00:00:00+01:00</sln:cyklZyciaOd><sln:gmIIPId>1857015c-bee0-4209-8272-b91ead70ae37</sln:gmIIPId><sln:gmIIPPn>PL.PZGIK.200</sln:gmIIPPn><sln:gmIIPWersja>2012-09-26T22:25:55+02:00</sln:gmIIPWersja><sln:gmIdTeryt>2409042</sln:gmIdTeryt><sln:gmNazwa>Poraj</sln:gmNazwa><sln:miejscIIPId>93c4c29b-6271-4766-bf90-ee6c934dc5b0</sln:miejscIIPId><sln:miejscIIPPn>PL.PZGIK.200</sln:miejscIIPPn><sln:miejscIIPWersja>2017-03-06T14:27:58+02:00</sln:miejscIIPWersja><sln:miejscIdTeryt>0143113</sln:miejscIdTeryt><sln:miejscNazwa>Choroń</sln:miejscNazwa><sln:miejscRodzaj>Wieś</sln:miejscRodzaj><sln:powIIPId>84af16e4-82b9-4f34-a6a2-be81f68f8753</sln:powIIPId><sln:powIIPPn>PL.PZGIK.200</sln:powIIPPn><sln:powIIPWersja>2012-09-27T09:34:20+02:00</sln:powIIPWersja><sln:powIdTeryt>2409</sln:powIdTeryt><sln:powNazwa>myszkowski</sln:powNazwa><sln:waznyOd>2015-06-30T00:00:00+02:00</sln:waznyOd><sln:wojIIPId>98a63fe6-1e56-4d05-9c47-ab4233f8a6ff</sln:wojIIPId><sln:wojIIPPn>PL.PZGIK.200</sln:wojIIPPn><sln:wojIIPWersja>2017-10-10T00:00:00+02:00</sln:wojIIPWersja><sln:wojIdTeryt>24</sln:wojIdTeryt><sln:wojNazwa>śląskie</sln:wojNazwa></sln:miejscowosc><sln:miejscowosc><sln:cyklZyciaDo>2017-03-13T00:00:00+01:00</sln:cyklZyciaDo><sln:cyklZyciaOd>2017-03-06T00:00:00+01:00</sln:cyklZyciaOd><sln:gmIIPId>1857015c-bee0-4209-8272-b91ead70ae37</sln:gmIIPId><sln:gmIIPPn>PL.PZGIK.200</sln:gmIIPPn><sln:gmIIPWersja>2012-09-26T22:25:55+02:00</sln:gmIIPWersja><sln:gmIdTeryt>2409042</sln:gmIdTeryt><sln:gmNazwa>Poraj</sln:gmNazwa><sln:miejscIIPId>f8ed3e59-0604-4512-b0d1-afac17ad7807</sln:miejscIIPId><sln:miejscIIPPn>PL.PZGIK.200</sln:miejscIIPPn><sln:miejscIIPWersja>2017-03-06T14:28:02+02:00</sln:miejscIIPWersja><sln:miejscIdTeryt>0143120</sln:miejscIdTeryt><sln:miejscNazwa>Baranowizna</sln:miejscNazwa><sln:miejscRodzaj>Przysiółek</sln:miejscRodzaj><sln:powIIPId>84af16e4-82b9-4f34-a6a2-be81f68f8753</sln:powIIPId><sln:powIIPPn>PL.PZGIK.200</sln:powIIPPn><sln:powIIPWersja>2012-09-27T09:34:20+02:00</sln:powIIPWersja><sln:powIdTeryt>2409</sln:powIdTeryt><sln:powNazwa>myszkowski</sln:powNazwa><sln:waznyOd>2015-06-30T00:00:00+02:00</sln:waznyOd><sln:wojIIPId>98a63fe6-1e56-4d05-9c47-ab4233f8a6ff</sln:wojIIPId><sln:wojIIPPn>PL.PZGIK.200</sln:wojIIPPn><sln:wojIIPWersja>2017-10-10T00:00:00+02:00</sln:wojIIPWersja><sln:wojIdTeryt>24</sln:wojIdTeryt><sln:wojNazwa>śląskie</sln:wojNazwa></sln:miejscowosc><sln:miejscowosc><sln:cyklZyciaDo>2017-03-13T00:00:00+01:00</sln:cyklZyciaDo><sln:cyklZyciaOd>2017-03-06T00:00:00+01:00</sln:cyklZyciaOd><sln:gmIIPId>1857015c-bee0-4209-8272-b91ead70ae37</sln:gmIIPId><sln:gmIIPPn>PL.PZGIK.200</sln:gmIIPPn><sln:gmIIPWersja>2012-09-26T22:25:55+02:00</sln:gmIIPWersja><sln:gmIdTeryt>2409042</sln:gmIdTeryt><sln:gmNazwa>Poraj</sln:gmNazwa><sln:miejscIIPId>ccaa9d0e-a830-4b61-9517-f0e02eec5878</sln:miejscIIPId><sln:miejscIIPPn>PL.PZGIK.200</sln:miejscIIPPn><sln:miejscIIPWersja>2017-03-06T14:28:03+02:00</sln:miejscIIPWersja><sln:miejscIdTeryt>0143136</sln:miejscIdTeryt><sln:miejscNazwa>Rajczykowizna</sln:miejscNazwa><sln:miejscRodzaj>Przysiółek</sln:miejscRodzaj><sln:powIIPId>84af16e4-82b9-4f34-a6a2-be81f68f8753</sln:powIIPId><sln:powIIPPn>PL.PZGIK.200</sln:powIIPPn><sln:powIIPWersja>2012-09-27T09:34:20+02:00</sln:powIIPWersja><sln:powIdTeryt>2409</sln:powIdTeryt><sln:powNazwa>myszkowski</sln:powNazwa><sln:waznyOd>2015-06-30T00:00:00+02:00</sln:waznyOd><sln:wojIIPId>98a63fe6-1e56-4d05-9c47-ab4233f8a6ff</sln:wojIIPId><sln:wojIIPPn>PL.PZGIK.200</sln:wojIIPPn><sln:wojIIPWersja>2017-10-10T00:00:00+02:00</sln:wojIIPWersja><sln:wojIdTeryt>24</sln:wojIdTeryt><sln:wojNazwa>śląskie</sln:wojNazwa></sln:miejscowosc><sln:miejscowosc><sln:cyklZyciaDo>2017-03-13T00:00:00+01:00</sln:cyklZyciaDo><sln:cyklZyciaOd>2017-03-06T00:00:00+01:00</sln:cyklZyciaOd><sln:gmIIPId>1857015c-bee0-4209-8272-b91ead70ae37</sln:gmIIPId><sln:gmIIPPn>PL.PZGIK.200</sln:gmIIPPn><sln:gmIIPWersja>2012-09-26T22:25:55+02:00</sln:gmIIPWersja><sln:gmIdTeryt>2409042</sln:gmIdTeryt><sln:gmNazwa>Poraj</sln:gmNazwa><sln:miejscIIPId>e0a75d98-12af-40bc-b44c-2b6d4e93f137</sln:miejscIIPId><sln:miejscIIPPn>PL.PZGIK.200</sln:miejscIIPPn><sln:miejscIIPWersja>2017-03-06T14:28:03+02:00</sln:miejscIIPWersja><sln:miejscIdTeryt>0143159</sln:miejscIdTeryt><sln:miejscNazwa>Dębowiec</sln:miejscNazwa><sln:miejscRodzaj>Wieś</sln:miejscRodzaj><sln:powIIPId>84af16e4-82b9-4f34-a6a2-be81f68f8753</sln:powIIPId><sln:powIIPPn>PL.PZGIK.200</sln:powIIPPn><sln:powIIPWersja>2012-09-27T09:34:20+02:00</sln:powIIPWersja><sln:powIdTeryt>2409</sln:powIdTeryt><sln:powNazwa>myszkowski</sln:powNazwa><sln:waznyOd>2015-06-30T00:00:00+02:00</sln:waznyOd><sln:wojIIPId>98a63fe6-1e56-4d05-9c47-ab4233f8a6ff</sln:wojIIPId><sln:wojIIPPn>PL.PZGIK.200</sln:wojIIPPn><sln:wojIIPWersja>2017-10-10T00:00:00+02:00</sln:wojIIPWersja><sln:wojIdTeryt>24</sln:wojIdTeryt><sln:wojNazwa>śląskie</sln:wojNazwa></sln:miejscowosc><sln:miejscowosc><sln:cyklZyciaDo>2017-03-13T00:00:00+01:00</sln:cyklZyciaDo><sln:cyklZyciaOd>2017-03-06T00:00:00+01:00</sln:cyklZyciaOd><sln:gmIIPId>1857015c-bee0-4209-8272-b91ead70ae37</sln:gmIIPId><sln:gmIIPPn>PL.PZGIK.200</sln:gmIIPPn><sln:gmIIPWersja>2012-09-26T22:25:55+02:00</sln:gmIIPWersja><sln:gmIdTeryt>2409042</sln:gmIdTeryt><sln:gmNazwa>Poraj</sln:gmNazwa><sln:miejscIIPId>015dab98-b881-4f04-bd6b-2a9f9b121269</sln:miejscIIPId><sln:miejscIIPPn>PL.PZGIK.200</sln:miejscIIPPn><sln:miejscIIPWersja>2017-03-06T14:28:03+02:00</sln:miejscIIPWersja><sln:miejscIdTeryt>0143188</sln:miejscIdTeryt><sln:miejscNazwa>Gęzyn</sln:miejscNazwa><sln:miejscRodzaj>Wieś</sln:miejscRodzaj><sln:powIIPId>84af16e4-82b9-4f34-a6a2-be81f68f8753</sln:powIIPId><sln:powIIPPn>PL.PZGIK.200</sln:powIIPPn><sln:powIIPWersja>2012-09-27T09:34:20+02:00</sln:powIIPWersja><sln:powIdTeryt>2409</sln:powIdTeryt><sln:powNazwa>myszkowski</sln:powNazwa><sln:waznyOd>2015-06-30T00:00:00+02:00</sln:waznyOd><sln:wojIIPId>98a63fe6-1e56-4d05-9c47-ab4233f8a6ff</sln:wojIIPId><sln:wojIIPPn>PL.PZGIK.200</sln:wojIIPPn><sln:wojIIPWersja>2017-10-10T00:00:00+02:00</sln:wojIIPWersja><sln:wojIdTeryt>24</sln:wojIdTeryt><sln:wojNazwa>śląskie</sln:wojNazwa></sln:miejscowosc><sln:miejscowosc><sln:cyklZyciaDo>2017-03-13T00:00:00+01:00</sln:cyklZyciaDo><sln:cyklZyciaOd>2017-03-06T00:00:00+01:00</sln:cyklZyciaOd><sln:gmIIPId>1857015c-bee0-4209-8272-b91ead70ae37</sln:gmIIPId><sln:gmIIPPn>PL.PZGIK.200</sln:gmIIPPn><sln:gmIIPWersja>2012-09-26T22:25:55+02:00</sln:gmIIPWersja><sln:gmIdTeryt>2409042</sln:gmIdTeryt><sln:gmNazwa>Poraj</sln:gmNazwa><sln:miejscIIPId>8b8dc656-5a9c-4553-acf8-b5f6f1258839</sln:miejscIIPId><sln:miejscIIPPn>PL.PZGIK.200</sln:miejscIIPPn><sln:miejscIIPWersja>2017-03-06T14:28:03+02:00</sln:miejscIIPWersja><sln:miejscIdTeryt>0143194</sln:miejscIdTeryt><sln:miejscNazwa>Pustkowie Gęzyńskie</sln:miejscNazwa><sln:miejscRodzaj>Inny obiekt</sln:miejscRodzaj><sln:powIIPId>84af16e4-82b9-4f34-a6a2-be81f68f8753</sln:powIIPId><sln:powIIPPn>PL.PZGIK.200</sln:powIIPPn><sln:powIIPWersja>2012-09-27T09:34:20+02:00</sln:powIIPWersja><sln:powIdTeryt>2409</sln:powIdTeryt><sln:powNazwa>myszkowski</sln:powNazwa><sln:waznyOd>2015-06-30T00:00:00+02:00</sln:waznyOd><sln:wojIIPId>98a63fe6-1e56-4d05-9c47-ab4233f8a6ff</sln:wojIIPId><sln:wojIIPPn>PL.PZGIK.200</sln:wojIIPPn><sln:wojIIPWersja>2017-10-10T00:00:00+02:00</sln:wojIIPWersja><sln:wojIdTeryt>24</sln:wojIdTeryt><sln:wojNazwa>śląskie</sln:wojNazwa></sln:miejscowosc><sln:miejscowosc><sln:cyklZyciaDo>2017-03-13T00:00:00+01:00</sln:cyklZyciaDo><sln:cyklZyciaOd>2017-03-06T00:00:00+01:00</sln:cyklZyciaOd><sln:gmIIPId>1857015c-bee0-4209-8272-b91ead70ae37</sln:gmIIPId><sln:gmIIPPn>PL.PZGIK.200</sln:gmIIPPn><sln:gmIIPWersja>2012-09-26T22:25:55+02:00</sln:gmIIPWersja><sln:gmIdTeryt>2409042</sln:gmIdTeryt><sln:gmNazwa>Poraj</sln:gmNazwa><sln:miejscIIPId>43d4534a-ff7a-4cb1-a0ca-9e202c268807</sln:miejscIIPId><sln:miejscIIPPn>PL.PZGIK.200</sln:miejscIIPPn><sln:miejscIIPWersja>2017-03-06T14:28:03+02:00</sln:miejscIIPWersja><sln:miejscIdTeryt>0143202</sln:miejscIdTeryt><sln:miejscNazwa>Jastrząb</sln:miejscNazwa><sln:miejscRodzaj>Wieś</sln:miejscRodzaj><sln:powIIPId>84af16e4-82b9-4f34-a6a2-be81f68f8753</sln:powIIPId><sln:powIIPPn>PL.PZGIK.200</sln:powIIPPn><sln:powIIPWersja>2012-09-27T09:34:20+02:00</sln:powIIPWersja><sln:powIdTeryt>2409</sln:powIdTeryt><sln:powNazwa>myszkowski</sln:powNazwa><sln:waznyOd>2015-06-30T00:00:00+02:00</sln:waznyOd><sln:wojIIPId>98a63fe6-1e56-4d05-9c47-ab4233f8a6ff</sln:wojIIPId><sln:wojIIPPn>PL.PZGIK.200</sln:wojIIPPn><sln:wojIIPWersja>2017-10-10T00:00:00+02:00</sln:wojIIPWersja><sln:wojIdTeryt>24</sln:wojIdTeryt><sln:wojNazwa>śląskie</sln:wojNazwa></sln:miejscowosc><sln:miejscowosc><sln:cyklZyciaDo>2017-03-13T00:00:00+01:00</sln:cyklZyciaDo><sln:cyklZyciaOd>2017-03-06T00:00:00+01:00</sln:cyklZyciaOd><sln:gmIIPId>1857015c-bee0-4209-8272-b91ead70ae37</sln:gmIIPId><sln:gmIIPPn>PL.PZGIK.200</sln:gmIIPPn><sln:gmIIPWersja>2012-09-26T22:25:55+02:00</sln:gmIIPWersja><sln:gmIdTeryt>2409042</sln:gmIdTeryt><sln:gmNazwa>Poraj</sln:gmNazwa><sln:miejscIIPId>aab90b82-849a-442a-8fa9-ca5c589b2054</sln:miejscIIPId><sln:miejscIIPPn>PL.PZGIK.200</sln:miejscIIPPn><sln:miejscIIPWersja>2017-03-06T14:28:03+02:00</sln:miejscIIPWersja><sln:miejscIdTeryt>0143219</sln:miejscIdTeryt><sln:miejscNazwa>Masłońskie</sln:miejscNazwa><sln:miejscRodzaj>Wieś</sln:miejscRodzaj><sln:powIIPId>84af16e4-82b9-4f34-a6a2-be81f68f8753</sln:powIIPId><sln:powIIPPn>PL.PZGIK.200</sln:powIIPPn><sln:powIIPWersja>2012-09-27T09:34:20+02:00</sln:powIIPWersja><sln:powIdTeryt>2409</sln:powIdTeryt><sln:powNazwa>myszkowski</sln:powNazwa><sln:waznyOd>2015-06-30T00:00:00+02:00</sln:waznyOd><sln:wojIIPId>98a63fe6-1e56-4d05-9c47-ab4233f8a6ff</sln:wojIIPId><sln:wojIIPPn>PL.PZGIK.200</sln:wojIIPPn><sln:wojIIPWersja>2017-10-10T00:00:00+02:00</sln:wojIIPWersja><sln:wojIdTeryt>24</sln:wojIdTeryt><sln:wojNazwa>śląskie</sln:wojNazwa></sln:miejscowosc><sln:miejscowosc><sln:cyklZyciaDo>2017-03-13T00:00:00+01:00</sln:cyklZyciaDo><sln:cyklZyciaOd>2017-03-06T00:00:00+01:00</sln:cyklZyciaOd><sln:gmIIPId>1857015c-bee0-4209-8272-b91ead70ae37</sln:gmIIPId><sln:gmIIPPn>PL.PZGIK.200</sln:gmIIPPn><sln:gmIIPWersja>2012-09-26T22:25:55+02:00</sln:gmIIPWersja><sln:gmIdTeryt>2409042</sln:gmIdTeryt><sln:gmNazwa>Poraj</sln:gmNazwa><sln:miejscIIPId>3757e463-4892-4f1f-9215-ba1cd03c8de2</sln:miejscIIPId><sln:miejscIIPPn>PL.PZGIK.200</sln:miejscIIPPn><sln:miejscIIPWersja>2017-03-06T14:28:03+02:00</sln:miejscIIPWersja><sln:miejscIdTeryt>0143225</sln:miejscIdTeryt><sln:miejscNazwa>Poraj</sln:miejscNazwa><sln:miejscRodzaj>Wieś</sln:miejscRodzaj><sln:powIIPId>84af16e4-82b9-4f34-a6a2-be81f68f8753</sln:powIIPId><sln:powIIPPn>PL.PZGIK.200</sln:powIIPPn><sln:powIIPWersja>2012-09-27T09:34:20+02:00</sln:powIIPWersja><sln:powIdTeryt>2409</sln:powIdTeryt><sln:powNazwa>myszkowski</sln:powNazwa><sln:waznyOd>2015-06-30T00:00:00+02:00</sln:waznyOd><sln:wojIIPId>98a63fe6-1e56-4d05-9c47-ab4233f8a6ff</sln:wojIIPId><sln:wojIIPPn>PL.PZGIK.200</sln:wojIIPPn><sln:wojIIPWersja>2017-10-10T00:00:00+02:00</sln:wojIIPWersja><sln:wojIdTeryt>24</sln:wojIdTeryt><sln:wojNazwa>śląskie</sln:wojNazwa></sln:miejscowosc><sln:miejscowosc><sln:cyklZyciaDo>2017-03-13T00:00:00+01:00</sln:cyklZyciaDo><sln:cyklZyciaOd>2017-03-06T00:00:00+01:00</sln:cyklZyciaOd><sln:gmIIPId>1857015c-bee0-4209-8272-b91ead70ae37</sln:gmIIPId><sln:gmIIPPn>PL.PZGIK.200</sln:gmIIPPn><sln:gmIIPWersja>2012-09-26T22:25:55+02:00</sln:gmIIPWersja><sln:gmIdTeryt>2409042</sln:gmIdTeryt><sln:gmNazwa>Poraj</sln:gmNazwa><sln:miejscIIPId>ae9ecc2d-a618-4f03-89df-d1048d112f9d</sln:miejscIIPId><sln:miejscIIPPn>PL.PZGIK.200</sln:miejscIIPPn><sln:miejscIIPWersja>2017-03-06T14:28:03+02:00</sln:miejscIIPWersja><sln:miejscIdTeryt>0143231</sln:miejscIdTeryt><sln:miejscNazwa>Kuźnica Stara</sln:miejscNazwa><sln:miejscRodzaj>Wieś</sln:miejscRodzaj><sln:powIIPId>84af16e4-82b9-4f34-a6a2-be81f68f8753</sln:powIIPId><sln:powIIPPn>PL.PZGIK.200</sln:powIIPPn><sln:powIIPWersja>2012-09-27T09:34:20+02:00</sln:powIIPWersja><sln:powIdTeryt>2409</sln:powIdTeryt><sln:powNazwa>myszkowski</sln:powNazwa><sln:waznyOd>2015-06-30T00:00:00+02:00</sln:waznyOd><sln:wojIIPId>98a63fe6-1e56-4d05-9c47-ab4233f8a6ff</sln:wojIIPId><sln:wojIIPPn>PL.PZGIK.200</sln:wojIIPPn><sln:wojIIPWersja>2017-10-10T00:00:00+02:00</sln:wojIIPWersja><sln:wojIdTeryt>24</sln:wojIdTeryt><sln:wojNazwa>śląskie</sln:wojNazwa></sln:miejscowosc><sln:miejscowosc><sln:cyklZyciaDo>2017-03-13T00:00:00+01:00</sln:cyklZyciaDo><sln:cyklZyciaOd>2017-03-06T00:00:00+01:00</sln:cyklZyciaOd><sln:gmIIPId>1857015c-bee0-4209-8272-b91ead70ae37</sln:gmIIPId><sln:gmIIPPn>PL.PZGIK.200</sln:gmIIPPn><sln:gmIIPWersja>2012-09-26T22:25:55+02:00</sln:gmIIPWersja><sln:gmIdTeryt>2409042</sln:gmIdTeryt><sln:gmNazwa>Poraj</sln:gmNazwa><sln:miejscIIPId>cddf700c-6442-42fe-8de6-b0951d7a1a47</sln:miejscIIPId><sln:miejscIIPPn>PL.PZGIK.200</sln:miejscIIPPn><sln:miejscIIPWersja>2017-03-06T14:28:03+02:00</sln:miejscIIPWersja><sln:miejscIdTeryt>0143248</sln:miejscIdTeryt><sln:miejscNazwa>Kuźnica-Folwark</sln:miejscNazwa><sln:miejscRodzaj>Inny obiekt</sln:miejscRodzaj><sln:powIIPId>84af16e4-82b9-4f34-a6a2-be81f68f8753</sln:powIIPId><sln:powIIPPn>PL.PZGIK.200</sln:powIIPPn><sln:powIIPWersja>2012-09-27T09:34:20+02:00</sln:powIIPWersja><sln:powIdTeryt>2409</sln:powIdTeryt><sln:powNazwa>myszkowski</sln:powNazwa><sln:waznyOd>2015-07-09T00:00:00+02:00</sln:waznyOd><sln:wojIIPId>98a63fe6-1e56-4d05-9c47-ab4233f8a6ff</sln:wojIIPId><sln:wojIIPPn>PL.PZGIK.200</sln:wojIIPPn><sln:wojIIPWersja>2017-10-10T00:00:00+02:00</sln:wojIIPWersja><sln:wojIdTeryt>24</sln:wojIdTeryt><sln:wojNazwa>śląskie</sln:wojNazwa></sln:miejscowosc><sln:miejscowosc><sln:cyklZyciaDo>2017-03-13T00:00:00+01:00</sln:cyklZyciaDo><sln:cyklZyciaOd>2017-03-06T00:00:00+01:00</sln:cyklZyciaOd><sln:gmIIPId>1857015c-bee0-4209-8272-b91ead70ae37</sln:gmIIPId><sln:gmIIPPn>PL.PZGIK.200</sln:gmIIPPn><sln:gmIIPWersja>2012-09-26T22:25:55+02:00</sln:gmIIPWersja><sln:gmIdTeryt>2409042</sln:gmIdTeryt><sln:gmNazwa>Poraj</sln:gmNazwa><sln:miejscIIPId>97b18add-b4b2-41c6-af35-4cf49bc34926</sln:miejscIIPId><sln:miejscIIPPn>PL.PZGIK.200</sln:miejscIIPPn><sln:miejscIIPWersja>2017-03-06T14:28:03+02:00</sln:miejscIIPWersja><sln:miejscIdTeryt>0143254</sln:miejscIdTeryt><sln:miejscNazwa>Żarki-Letnisko</sln:miejscNazwa><sln:miejscRodzaj>Wieś</sln:miejscRodzaj><sln:powIIPId>84af16e4-82b9-4f34-a6a2-be81f68f8753</sln:powIIPId><sln:powIIPPn>PL.PZGIK.200</sln:powIIPPn><sln:powIIPWersja>2012-09-27T09:34:20+02:00</sln:powIIPWersja><sln:powIdTeryt>2409</sln:powIdTeryt><sln:powNazwa>myszkowski</sln:powNazwa><sln:waznyOd>2015-07-20T00:00:00+02:00</sln:waznyOd><sln:wojIIPId>98a63fe6-1e56-4d05-9c47-ab4233f8a6ff</sln:wojIIPId><sln:wojIIPPn>PL.PZGIK.200</sln:wojIIPPn><sln:wojIIPWersja>2017-10-10T00:00:00+02:00</sln:wojIIPWersja><sln:wojIdTeryt>24</sln:wojIdTeryt><sln:wojNazwa>śląskie</sln:wojNazwa></sln:miejscowosc><sln:miejscowosc><sln:cyklZyciaDo>2017-03-16T00:00:00+01:00</sln:cyklZyciaDo><sln:cyklZyciaOd>2017-03-13T00:00:00+01:00</sln:cyklZyciaOd><sln:gmIIPId>1857015c-bee0-4209-8272-b91ead70ae37</sln:gmIIPId><sln:gmIIPPn>PL.PZGIK.200</sln:gmIIPPn><sln:gmIIPWersja>2012-09-26T22:25:55+02:00</sln:gmIIPWersja><sln:gmIdTeryt>2409042</sln:gmIdTeryt><sln:gmNazwa>Poraj</sln:gmNazwa><sln:miejscIIPId>93c4c29b-6271-4766-bf90-ee6c934dc5b0</sln:miejscIIPId><sln:miejscIIPPn>PL.PZGIK.200</sln:miejscIIPPn><sln:miejscIIPWersja>2017-03-13T15:37:32+02:00</sln:miejscIIPWersja><sln:miejscIdTeryt>0143113</sln:miejscIdTeryt><sln:miejscNazwa>Choroń</sln:miejscNazwa><sln:miejscRodzaj>Wieś</sln:miejscRodzaj><sln:powIIPId>84af16e4-82b9-4f34-a6a2-be81f68f8753</sln:powIIPId><sln:powIIPPn>PL.PZGIK.200</sln:powIIPPn><sln:powIIPWersja>2012-09-27T09:34:20+02:00</sln:powIIPWersja><sln:powIdTeryt>2409</sln:powIdTeryt><sln:powNazwa>myszkowski</sln:powNazwa><sln:waznyOd>2015-06-30T00:00:00+02:00</sln:waznyOd><sln:wojIIPId>98a63fe6-1e56-4d05-9c47-ab4233f8a6ff</sln:wojIIPId><sln:wojIIPPn>PL.PZGIK.200</sln:wojIIPPn><sln:wojIIPWersja>2017-10-10T00:00:00+02:00</sln:wojIIPWersja><sln:wojIdTeryt>24</sln:wojIdTeryt><sln:wojNazwa>śląskie</sln:wojNazwa></sln:miejscowosc><sln:miejscowosc><sln:cyklZyciaDo>2017-03-16T00:00:00+01:00</sln:cyklZyciaDo><sln:cyklZyciaOd>2017-03-13T00:00:00+01:00</sln:cyklZyciaOd><sln:gmIIPId>1857015c-bee0-4209-8272-b91ead70ae37</sln:gmIIPId><sln:gmIIPPn>PL.PZGIK.200</sln:gmIIPPn><sln:gmIIPWersja>2012-09-26T22:25:55+02:00</sln:gmIIPWersja><sln:gmIdTeryt>2409042</sln:gmIdTeryt><sln:gmNazwa>Poraj</sln:gmNazwa><sln:miejscIIPId>f8ed3e59-0604-4512-b0d1-afac17ad7807</sln:miejscIIPId><sln:miejscIIPPn>PL.PZGIK.200</sln:miejscIIPPn><sln:miejscIIPWersja>2017-03-13T15:37:37+02:00</sln:miejscIIPWersja><sln:miejscIdTeryt>0143120</sln:miejscIdTeryt><sln:miejscNazwa>Baranowizna</sln:miejscNazwa><sln:miejscRodzaj>Przysiółek</sln:miejscRodzaj><sln:powIIPId>84af16e4-82b9-4f34-a6a2-be81f68f8753</sln:powIIPId><sln:powIIPPn>PL.PZGIK.200</sln:powIIPPn><sln:powIIPWersja>2012-09-27T09:34:20+02:00</sln:powIIPWersja><sln:powIdTeryt>2409</sln:powIdTeryt><sln:powNazwa>myszkowski</sln:powNazwa><sln:waznyOd>2015-06-30T00:00:00+02:00</sln:waznyOd><sln:wojIIPId>98a63fe6-1e56-4d05-9c47-ab4233f8a6ff</sln:wojIIPId><sln:wojIIPPn>PL.PZGIK.200</sln:wojIIPPn><sln:wojIIPWersja>2017-10-10T00:00:00+02:00</sln:wojIIPWersja><sln:wojIdTeryt>24</sln:wojIdTeryt><sln:wojNazwa>śląskie</sln:wojNazwa></sln:miejscowosc><sln:miejscowosc><sln:cyklZyciaDo>2017-03-16T00:00:00+01:00</sln:cyklZyciaDo><sln:cyklZyciaOd>2017-03-13T00:00:00+01:00</sln:cyklZyciaOd><sln:gmIIPId>1857015c-bee0-4209-8272-b91ead70ae37</sln:gmIIPId><sln:gmIIPPn>PL.PZGIK.200</sln:gmIIPPn><sln:gmIIPWersja>2012-09-26T22:25:55+02:00</sln:gmIIPWersja><sln:gmIdTeryt>2409042</sln:gmIdTeryt><sln:gmNazwa>Poraj</sln:gmNazwa><sln:miejscIIPId>ccaa9d0e-a830-4b61-9517-f0e02eec5878</sln:miejscIIPId><sln:miejscIIPPn>PL.PZGIK.200</sln:miejscIIPPn><sln:miejscIIPWersja>2017-03-13T15:37:37+02:00</sln:miejscIIPWersja><sln:miejscIdTeryt>0143136</sln:miejscIdTeryt><sln:miejscNazwa>Rajczykowizna</sln:miejscNazwa><sln:miejscRodzaj>Przysiółek</sln:miejscRodzaj><sln:powIIPId>84af16e4-82b9-4f34-a6a2-be81f68f8753</sln:powIIPId><sln:powIIPPn>PL.PZGIK.200</sln:powIIPPn><sln:powIIPWersja>2012-09-27T09:34:20+02:00</sln:powIIPWersja><sln:powIdTeryt>2409</sln:powIdTeryt><sln:powNazwa>myszkowski</sln:powNazwa><sln:waznyOd>2015-06-30T00:00:00+02:00</sln:waznyOd><sln:wojIIPId>98a63fe6-1e56-4d05-9c47-ab4233f8a6ff</sln:wojIIPId><sln:wojIIPPn>PL.PZGIK.200</sln:wojIIPPn><sln:wojIIPWersja>2017-10-10T00:00:00+02:00</sln:wojIIPWersja><sln:wojIdTeryt>24</sln:wojIdTeryt><sln:wojNazwa>śląskie</sln:wojNazwa></sln:miejscowosc><sln:miejscowosc><sln:cyklZyciaDo>2017-03-16T00:00:00+01:00</sln:cyklZyciaDo><sln:cyklZyciaOd>2017-03-13T00:00:00+01:00</sln:cyklZyciaOd><sln:gmIIPId>1857015c-bee0-4209-8272-b91ead70ae37</sln:gmIIPId><sln:gmIIPPn>PL.PZGIK.200</sln:gmIIPPn><sln:gmIIPWersja>2012-09-26T22:25:55+02:00</sln:gmIIPWersja><sln:gmIdTeryt>2409042</sln:gmIdTeryt><sln:gmNazwa>Poraj</sln:gmNazwa><sln:miejscIIPId>e0a75d98-12af-40bc-b44c-2b6d4e93f137</sln:miejscIIPId><sln:miejscIIPPn>PL.PZGIK.200</sln:miejscIIPPn><sln:miejscIIPWersja>2017-03-13T15:37:37+02:00</sln:miejscIIPWersja><sln:miejscIdTeryt>0143159</sln:miejscIdTeryt><sln:miejscNazwa>Dębowiec</sln:miejscNazwa><sln:miejscRodzaj>Wieś</sln:miejscRodzaj><sln:powIIPId>84af16e4-82b9-4f34-a6a2-be81f68f8753</sln:powIIPId><sln:powIIPPn>PL.PZGIK.200</sln:powIIPPn><sln:powIIPWersja>2012-09-27T09:34:20+02:00</sln:powIIPWersja><sln:powIdTeryt>2409</sln:powIdTeryt><sln:powNazwa>myszkowski</sln:powNazwa><sln:waznyOd>2015-06-30T00:00:00+02:00</sln:waznyOd><sln:wojIIPId>98a63fe6-1e56-4d05-9c47-ab4233f8a6ff</sln:wojIIPId><sln:wojIIPPn>PL.PZGIK.200</sln:wojIIPPn><sln:wojIIPWersja>2017-10-10T00:00:00+02:00</sln:wojIIPWersja><sln:wojIdTeryt>24</sln:wojIdTeryt><sln:wojNazwa>śląskie</sln:wojNazwa></sln:miejscowosc><sln:miejscowosc><sln:cyklZyciaDo>2017-03-16T00:00:00+01:00</sln:cyklZyciaDo><sln:cyklZyciaOd>2017-03-13T00:00:00+01:00</sln:cyklZyciaOd><sln:gmIIPId>1857015c-bee0-4209-8272-b91ead70ae37</sln:gmIIPId><sln:gmIIPPn>PL.PZGIK.200</sln:gmIIPPn><sln:gmIIPWersja>2012-09-26T22:25:55+02:00</sln:gmIIPWersja><sln:gmIdTeryt>2409042</sln:gmIdTeryt><sln:gmNazwa>Poraj</sln:gmNazwa><sln:miejscIIPId>015dab98-b881-4f04-bd6b-2a9f9b121269</sln:miejscIIPId><sln:miejscIIPPn>PL.PZGIK.200</sln:miejscIIPPn><sln:miejscIIPWersja>2017-03-13T15:37:37+02:00</sln:miejscIIPWersja><sln:miejscIdTeryt>0143188</sln:miejscIdTeryt><sln:miejscNazwa>Gęzyn</sln:miejscNazwa><sln:miejscRodzaj>Wieś</sln:miejscRodzaj><sln:powIIPId>84af16e4-82b9-4f34-a6a2-be81f68f8753</sln:powIIPId><sln:powIIPPn>PL.PZGIK.200</sln:powIIPPn><sln:powIIPWersja>2012-09-27T09:34:20+02:00</sln:powIIPWersja><sln:powIdTeryt>2409</sln:powIdTeryt><sln:powNazwa>myszkowski</sln:powNazwa><sln:waznyOd>2015-06-30T00:00:00+02:00</sln:waznyOd><sln:wojIIPId>98a63fe6-1e56-4d05-9c47-ab4233f8a6ff</sln:wojIIPId><sln:wojIIPPn>PL.PZGIK.200</sln:wojIIPPn><sln:wojIIPWersja>2017-10-10T00:00:00+02:00</sln:wojIIPWersja><sln:wojIdTeryt>24</sln:wojIdTeryt><sln:wojNazwa>śląskie</sln:wojNazwa></sln:miejscowosc><sln:miejscowosc><sln:cyklZyciaDo>2017-03-16T00:00:00+01:00</sln:cyklZyciaDo><sln:cyklZyciaOd>2017-03-13T00:00:00+01:00</sln:cyklZyciaOd><sln:gmIIPId>1857015c-bee0-4209-8272-b91ead70ae37</sln:gmIIPId><sln:gmIIPPn>PL.PZGIK.200</sln:gmIIPPn><sln:gmIIPWersja>2012-09-26T22:25:55+02:00</sln:gmIIPWersja><sln:gmIdTeryt>2409042</sln:gmIdTeryt><sln:gmNazwa>Poraj</sln:gmNazwa><sln:miejscIIPId>8b8dc656-5a9c-4553-acf8-b5f6f1258839</sln:miejscIIPId><sln:miejscIIPPn>PL.PZGIK.200</sln:miejscIIPPn><sln:miejscIIPWersja>2017-03-13T15:37:37+02:00</sln:miejscIIPWersja><sln:miejscIdTeryt>0143194</sln:miejscIdTeryt><sln:miejscNazwa>Pustkowie Gęzyńskie</sln:miejscNazwa><sln:miejscRodzaj>Inny obiekt</sln:miejscRodzaj><sln:powIIPId>84af16e4-82b9-4f34-a6a2-be81f68f8753</sln:powIIPId><sln:powIIPPn>PL.PZGIK.200</sln:powIIPPn><sln:powIIPWersja>2012-09-27T09:34:20+02:00</sln:powIIPWersja><sln:powIdTeryt>2409</sln:powIdTeryt><sln:powNazwa>myszkowski</sln:powNazwa><sln:waznyOd>2015-06-30T00:00:00+02:00</sln:waznyOd><sln:wojIIPId>98a63fe6-1e56-4d05-9c47-ab4233f8a6ff</sln:wojIIPId><sln:wojIIPPn>PL.PZGIK.200</sln:wojIIPPn><sln:wojIIPWersja>2017-10-10T00:00:00+02:00</sln:wojIIPWersja><sln:wojIdTeryt>24</sln:wojIdTeryt><sln:wojNazwa>śląskie</sln:wojNazwa></sln:miejscowosc><sln:miejscowosc><sln:cyklZyciaDo>2017-03-16T00:00:00+01:00</sln:cyklZyciaDo><sln:cyklZyciaOd>2017-03-13T00:00:00+01:00</sln:cyklZyciaOd><sln:gmIIPId>1857015c-bee0-4209-8272-b91ead70ae37</sln:gmIIPId><sln:gmIIPPn>PL.PZGIK.200</sln:gmIIPPn><sln:gmIIPWersja>2012-09-26T22:25:55+02:00</sln:gmIIPWersja><sln:gmIdTeryt>2409042</sln:gmIdTeryt><sln:gmNazwa>Poraj</sln:gmNazwa><sln:miejscIIPId>43d4534a-ff7a-4cb1-a0ca-9e202c268807</sln:miejscIIPId><sln:miejscIIPPn>PL.PZGIK.200</sln:miejscIIPPn><sln:miejscIIPWersja>2017-03-13T15:37:37+02:00</sln:miejscIIPWersja><sln:miejscIdTeryt>0143202</sln:miejscIdTeryt><sln:miejscNazwa>Jastrząb</sln:miejscNazwa><sln:miejscRodzaj>Wieś</sln:miejscRodzaj><sln:powIIPId>84af16e4-82b9-4f34-a6a2-be81f68f8753</sln:powIIPId><sln:powIIPPn>PL.PZGIK.200</sln:powIIPPn><sln:powIIPWersja>2012-09-27T09:34:20+02:00</sln:powIIPWersja><sln:powIdTeryt>2409</sln:powIdTeryt><sln:powNazwa>myszkowski</sln:powNazwa><sln:waznyOd>2015-06-30T00:00:00+02:00</sln:waznyOd><sln:wojIIPId>98a63fe6-1e56-4d05-9c47-ab4233f8a6ff</sln:wojIIPId><sln:wojIIPPn>PL.PZGIK.200</sln:wojIIPPn><sln:wojIIPWersja>2017-10-10T00:00:00+02:00</sln:wojIIPWersja><sln:wojIdTeryt>24</sln:wojIdTeryt><sln:wojNazwa>śląskie</sln:wojNazwa></sln:miejscowosc><sln:miejscowosc><sln:cyklZyciaDo>2017-03-16T00:00:00+01:00</sln:cyklZyciaDo><sln:cyklZyciaOd>2017-03-13T00:00:00+01:00</sln:cyklZyciaOd><sln:gmIIPId>1857015c-bee0-4209-8272-b91ead70ae37</sln:gmIIPId><sln:gmIIPPn>PL.PZGIK.200</sln:gmIIPPn><sln:gmIIPWersja>2012-09-26T22:25:55+02:00</sln:gmIIPWersja><sln:gmIdTeryt>2409042</sln:gmIdTeryt><sln:gmNazwa>Poraj</sln:gmNazwa><sln:miejscIIPId>aab90b82-849a-442a-8fa9-ca5c589b2054</sln:miejscIIPId><sln:miejscIIPPn>PL.PZGIK.200</sln:miejscIIPPn><sln:miejscIIPWersja>2017-03-13T15:37:37+02:00</sln:miejscIIPWersja><sln:miejscIdTeryt>0143219</sln:miejscIdTeryt><sln:miejscNazwa>Masłońskie</sln:miejscNazwa><sln:miejscRodzaj>Wieś</sln:miejscRodzaj><sln:powIIPId>84af16e4-82b9-4f34-a6a2-be81f68f8753</sln:powIIPId><sln:powIIPPn>PL.PZGIK.200</sln:powIIPPn><sln:powIIPWersja>2012-09-27T09:34:20+02:00</sln:powIIPWersja><sln:powIdTeryt>2409</sln:powIdTeryt><sln:powNazwa>myszkowski</sln:powNazwa><sln:waznyOd>2015-06-30T00:00:00+02:00</sln:waznyOd><sln:wojIIPId>98a63fe6-1e56-4d05-9c47-ab4233f8a6ff</sln:wojIIPId><sln:wojIIPPn>PL.PZGIK.200</sln:wojIIPPn><sln:wojIIPWersja>2017-10-10T00:00:00+02:00</sln:wojIIPWersja><sln:wojIdTeryt>24</sln:wojIdTeryt><sln:wojNazwa>śląskie</sln:wojNazwa></sln:miejscowosc><sln:miejscowosc><sln:cyklZyciaDo>2017-03-16T00:00:00+01:00</sln:cyklZyciaDo><sln:cyklZyciaOd>2017-03-13T00:00:00+01:00</sln:cyklZyciaOd><sln:gmIIPId>1857015c-bee0-4209-8272-b91ead70ae37</sln:gmIIPId><sln:gmIIPPn>PL.PZGIK.200</sln:gmIIPPn><sln:gmIIPWersja>2012-09-26T22:25:55+02:00</sln:gmIIPWersja><sln:gmIdTeryt>2409042</sln:gmIdTeryt><sln:gmNazwa>Poraj</sln:gmNazwa><sln:miejscIIPId>3757e463-4892-4f1f-9215-ba1cd03c8de2</sln:miejscIIPId><sln:miejscIIPPn>PL.PZGIK.200</sln:miejscIIPPn><sln:miejscIIPWersja>2017-03-13T15:37:37+02:00</sln:miejscIIPWersja><sln:miejscIdTeryt>0143225</sln:miejscIdTeryt><sln:miejscNazwa>Poraj</sln:miejscNazwa><sln:miejscRodzaj>Wieś</sln:miejscRodzaj><sln:powIIPId>84af16e4-82b9-4f34-a6a2-be81f68f8753</sln:powIIPId><sln:powIIPPn>PL.PZGIK.200</sln:powIIPPn><sln:powIIPWersja>2012-09-27T09:34:20+02:00</sln:powIIPWersja><sln:powIdTeryt>2409</sln:powIdTeryt><sln:powNazwa>myszkowski</sln:powNazwa><sln:waznyOd>2015-06-30T00:00:00+02:00</sln:waznyOd><sln:wojIIPId>98a63fe6-1e56-4d05-9c47-ab4233f8a6ff</sln:wojIIPId><sln:wojIIPPn>PL.PZGIK.200</sln:wojIIPPn><sln:wojIIPWersja>2017-10-10T00:00:00+02:00</sln:wojIIPWersja><sln:wojIdTeryt>24</sln:wojIdTeryt><sln:wojNazwa>śląskie</sln:wojNazwa></sln:miejscowosc><sln:miejscowosc><sln:cyklZyciaDo>2017-03-16T00:00:00+01:00</sln:cyklZyciaDo><sln:cyklZyciaOd>2017-03-13T00:00:00+01:00</sln:cyklZyciaOd><sln:gmIIPId>1857015c-bee0-4209-8272-b91ead70ae37</sln:gmIIPId><sln:gmIIPPn>PL.PZGIK.200</sln:gmIIPPn><sln:gmIIPWersja>2012-09-26T22:25:55+02:00</sln:gmIIPWersja><sln:gmIdTeryt>2409042</sln:gmIdTeryt><sln:gmNazwa>Poraj</sln:gmNazwa><sln:miejscIIPId>ae9ecc2d-a618-4f03-89df-d1048d112f9d</sln:miejscIIPId><sln:miejscIIPPn>PL.PZGIK.200</sln:miejscIIPPn><sln:miejscIIPWersja>2017-03-13T15:37:37+02:00</sln:miejscIIPWersja><sln:miejscIdTeryt>0143231</sln:miejscIdTeryt><sln:miejscNazwa>Kuźnica Stara</sln:miejscNazwa><sln:miejscRodzaj>Wieś</sln:miejscRodzaj><sln:powIIPId>84af16e4-82b9-4f34-a6a2-be81f68f8753</sln:powIIPId><sln:powIIPPn>PL.PZGIK.200</sln:powIIPPn><sln:powIIPWersja>2012-09-27T09:34:20+02:00</sln:powIIPWersja><sln:powIdTeryt>2409</sln:powIdTeryt><sln:powNazwa>myszkowski</sln:powNazwa><sln:waznyOd>2015-06-30T00:00:00+02:00</sln:waznyOd><sln:wojIIPId>98a63fe6-1e56-4d05-9c47-ab4233f8a6ff</sln:wojIIPId><sln:wojIIPPn>PL.PZGIK.200</sln:wojIIPPn><sln:wojIIPWersja>2017-10-10T00:00:00+02:00</sln:wojIIPWersja><sln:wojIdTeryt>24</sln:wojIdTeryt><sln:wojNazwa>śląskie</sln:wojNazwa></sln:miejscowosc><sln:miejscowosc><sln:cyklZyciaDo>2017-03-16T00:00:00+01:00</sln:cyklZyciaDo><sln:cyklZyciaOd>2017-03-13T00:00:00+01:00</sln:cyklZyciaOd><sln:gmIIPId>1857015c-bee0-4209-8272-b91ead70ae37</sln:gmIIPId><sln:gmIIPPn>PL.PZGIK.200</sln:gmIIPPn><sln:gmIIPWersja>2012-09-26T22:25:55+02:00</sln:gmIIPWersja><sln:gmIdTeryt>2409042</sln:gmIdTeryt><sln:gmNazwa>Poraj</sln:gmNazwa><sln:miejscIIPId>cddf700c-6442-42fe-8de6-b0951d7a1a47</sln:miejscIIPId><sln:miejscIIPPn>PL.PZGIK.200</sln:miejscIIPPn><sln:miejscIIPWersja>2017-03-13T15:37:37+02:00</sln:miejscIIPWersja><sln:miejscIdTeryt>0143248</sln:miejscIdTeryt><sln:miejscNazwa>Kuźnica-Folwark</sln:miejscNazwa><sln:miejscRodzaj>Inny obiekt</sln:miejscRodzaj><sln:powIIPId>84af16e4-82b9-4f34-a6a2-be81f68f8753</sln:powIIPId><sln:powIIPPn>PL.PZGIK.200</sln:powIIPPn><sln:powIIPWersja>2012-09-27T09:34:20+02:00</sln:powIIPWersja><sln:powIdTeryt>2409</sln:powIdTeryt><sln:powNazwa>myszkowski</sln:powNazwa><sln:waznyOd>2015-07-09T00:00:00+02:00</sln:waznyOd><sln:wojIIPId>98a63fe6-1e56-4d05-9c47-ab4233f8a6ff</sln:wojIIPId><sln:wojIIPPn>PL.PZGIK.200</sln:wojIIPPn><sln:wojIIPWersja>2017-10-10T00:00:00+02:00</sln:wojIIPWersja><sln:wojIdTeryt>24</sln:wojIdTeryt><sln:wojNazwa>śląskie</sln:wojNazwa></sln:miejscowosc><sln:miejscowosc><sln:cyklZyciaDo>2017-03-16T00:00:00+01:00</sln:cyklZyciaDo><sln:cyklZyciaOd>2017-03-13T00:00:00+01:00</sln:cyklZyciaOd><sln:gmIIPId>1857015c-bee0-4209-8272-b91ead70ae37</sln:gmIIPId><sln:gmIIPPn>PL.PZGIK.200</sln:gmIIPPn><sln:gmIIPWersja>2012-09-26T22:25:55+02:00</sln:gmIIPWersja><sln:gmIdTeryt>2409042</sln:gmIdTeryt><sln:gmNazwa>Poraj</sln:gmNazwa><sln:miejscIIPId>97b18add-b4b2-41c6-af35-4cf49bc34926</sln:miejscIIPId><sln:miejscIIPPn>PL.PZGIK.200</sln:miejscIIPPn><sln:miejscIIPWersja>2017-03-13T15:37:37+02:00</sln:miejscIIPWersja><sln:miejscIdTeryt>0143254</sln:miejscIdTeryt><sln:miejscNazwa>Żarki-Letnisko</sln:miejscNazwa><sln:miejscRodzaj>Wieś</sln:miejscRodzaj><sln:powIIPId>84af16e4-82b9-4f34-a6a2-be81f68f8753</sln:powIIPId><sln:powIIPPn>PL.PZGIK.200</sln:powIIPPn><sln:powIIPWersja>2012-09-27T09:34:20+02:00</sln:powIIPWersja><sln:powIdTeryt>2409</sln:powIdTeryt><sln:powNazwa>myszkowski</sln:powNazwa><sln:waznyOd>2015-07-20T00:00:00+02:00</sln:waznyOd><sln:wojIIPId>98a63fe6-1e56-4d05-9c47-ab4233f8a6ff</sln:wojIIPId><sln:wojIIPPn>PL.PZGIK.200</sln:wojIIPPn><sln:wojIIPWersja>2017-10-10T00:00:00+02:00</sln:wojIIPWersja><sln:wojIdTeryt>24</sln:wojIdTeryt><sln:wojNazwa>śląskie</sln:wojNazwa></sln:miejscowosc><sln:miejscowosc><sln:cyklZyciaDo>2017-03-24T00:00:00+01:00</sln:cyklZyciaDo><sln:cyklZyciaOd>2017-03-16T00:00:00+01:00</sln:cyklZyciaOd><sln:gmIIPId>1857015c-bee0-4209-8272-b91ead70ae37</sln:gmIIPId><sln:gmIIPPn>PL.PZGIK.200</sln:gmIIPPn><sln:gmIIPWersja>2012-09-26T22:25:55+02:00</sln:gmIIPWersja><sln:gmIdTeryt>2409042</sln:gmIdTeryt><sln:gmNazwa>Poraj</sln:gmNazwa><sln:miejscIIPId>93c4c29b-6271-4766-bf90-ee6c934dc5b0</sln:miejscIIPId><sln:miejscIIPPn>PL.PZGIK.200</sln:miejscIIPPn><sln:miejscIIPWersja>2017-03-16T16:15:41+02:00</sln:miejscIIPWersja><sln:miejscIdTeryt>0143113</sln:miejscIdTeryt><sln:miejscNazwa>Choroń</sln:miejscNazwa><sln:miejscRodzaj>Wieś</sln:miejscRodzaj><sln:powIIPId>84af16e4-82b9-4f34-a6a2-be81f68f8753</sln:powIIPId><sln:powIIPPn>PL.PZGIK.200</sln:powIIPPn><sln:powIIPWersja>2012-09-27T09:34:20+02:00</sln:powIIPWersja><sln:powIdTeryt>2409</sln:powIdTeryt><sln:powNazwa>myszkowski</sln:powNazwa><sln:waznyOd>2015-06-30T00:00:00+02:00</sln:waznyOd><sln:wojIIPId>98a63fe6-1e56-4d05-9c47-ab4233f8a6ff</sln:wojIIPId><sln:wojIIPPn>PL.PZGIK.200</sln:wojIIPPn><sln:wojIIPWersja>2017-10-10T00:00:00+02:00</sln:wojIIPWersja><sln:wojIdTeryt>24</sln:wojIdTeryt><sln:wojNazwa>śląskie</sln:wojNazwa></sln:miejscowosc><sln:miejscowosc><sln:cyklZyciaDo>2017-03-24T00:00:00+01:00</sln:cyklZyciaDo><sln:cyklZyciaOd>2017-03-16T00:00:00+01:00</sln:cyklZyciaOd><sln:gmIIPId>1857015c-bee0-4209-8272-b91ead70ae37</sln:gmIIPId><sln:gmIIPPn>PL.PZGIK.200</sln:gmIIPPn><sln:gmIIPWersja>2012-09-26T22:25:55+02:00</sln:gmIIPWersja><sln:gmIdTeryt>2409042</sln:gmIdTeryt><sln:gmNazwa>Poraj</sln:gmNazwa><sln:miejscIIPId>f8ed3e59-0604-4512-b0d1-afac17ad7807</sln:miejscIIPId><sln:miejscIIPPn>PL.PZGIK.200</sln:miejscIIPPn><sln:miejscIIPWersja>2017-03-16T16:15:47+02:00</sln:miejscIIPWersja><sln:miejscIdTeryt>0143120</sln:miejscIdTeryt><sln:miejscNazwa>Baranowizna</sln:miejscNazwa><sln:miejscRodzaj>Przysiółek</sln:miejscRodzaj><sln:powIIPId>84af16e4-82b9-4f34-a6a2-be81f68f8753</sln:powIIPId><sln:powIIPPn>PL.PZGIK.200</sln:powIIPPn><sln:powIIPWersja>2012-09-27T09:34:20+02:00</sln:powIIPWersja><sln:powIdTeryt>2409</sln:powIdTeryt><sln:powNazwa>myszkowski</sln:powNazwa><sln:waznyOd>2015-06-30T00:00:00+02:00</sln:waznyOd><sln:wojIIPId>98a63fe6-1e56-4d05-9c47-ab4233f8a6ff</sln:wojIIPId><sln:wojIIPPn>PL.PZGIK.200</sln:wojIIPPn><sln:wojIIPWersja>2017-10-10T00:00:00+02:00</sln:wojIIPWersja><sln:wojIdTeryt>24</sln:wojIdTeryt><sln:wojNazwa>śląskie</sln:wojNazwa></sln:miejscowosc><sln:miejscowosc><sln:cyklZyciaDo>2017-03-24T00:00:00+01:00</sln:cyklZyciaDo><sln:cyklZyciaOd>2017-03-16T00:00:00+01:00</sln:cyklZyciaOd><sln:gmIIPId>1857015c-bee0-4209-8272-b91ead70ae37</sln:gmIIPId><sln:gmIIPPn>PL.PZGIK.200</sln:gmIIPPn><sln:gmIIPWersja>2012-09-26T22:25:55+02:00</sln:gmIIPWersja><sln:gmIdTeryt>2409042</sln:gmIdTeryt><sln:gmNazwa>Poraj</sln:gmNazwa><sln:miejscIIPId>ccaa9d0e-a830-4b61-9517-f0e02eec5878</sln:miejscIIPId><sln:miejscIIPPn>PL.PZGIK.200</sln:miejscIIPPn><sln:miejscIIPWersja>2017-03-16T16:15:47+02:00</sln:miejscIIPWersja><sln:miejscIdTeryt>0143136</sln:miejscIdTeryt><sln:miejscNazwa>Rajczykowizna</sln:miejscNazwa><sln:miejscRodzaj>Przysiółek</sln:miejscRodzaj><sln:powIIPId>84af16e4-82b9-4f34-a6a2-be81f68f8753</sln:powIIPId><sln:powIIPPn>PL.PZGIK.200</sln:powIIPPn><sln:powIIPWersja>2012-09-27T09:34:20+02:00</sln:powIIPWersja><sln:powIdTeryt>2409</sln:powIdTeryt><sln:powNazwa>myszkowski</sln:powNazwa><sln:waznyOd>2015-06-30T00:00:00+02:00</sln:waznyOd><sln:wojIIPId>98a63fe6-1e56-4d05-9c47-ab4233f8a6ff</sln:wojIIPId><sln:wojIIPPn>PL.PZGIK.200</sln:wojIIPPn><sln:wojIIPWersja>2017-10-10T00:00:00+02:00</sln:wojIIPWersja><sln:wojIdTeryt>24</sln:wojIdTeryt><sln:wojNazwa>śląskie</sln:wojNazwa></sln:miejscowosc><sln:miejscowosc><sln:cyklZyciaDo>2017-03-24T00:00:00+01:00</sln:cyklZyciaDo><sln:cyklZyciaOd>2017-03-16T00:00:00+01:00</sln:cyklZyciaOd><sln:gmIIPId>1857015c-bee0-4209-8272-b91ead70ae37</sln:gmIIPId><sln:gmIIPPn>PL.PZGIK.200</sln:gmIIPPn><sln:gmIIPWersja>2012-09-26T22:25:55+02:00</sln:gmIIPWersja><sln:gmIdTeryt>2409042</sln:gmIdTeryt><sln:gmNazwa>Poraj</sln:gmNazwa><sln:miejscIIPId>e0a75d98-12af-40bc-b44c-2b6d4e93f137</sln:miejscIIPId><sln:miejscIIPPn>PL.PZGIK.200</sln:miejscIIPPn><sln:miejscIIPWersja>2017-03-16T16:15:47+02:00</sln:miejscIIPWersja><sln:miejscIdTeryt>0143159</sln:miejscIdTeryt><sln:miejscNazwa>Dębowiec</sln:miejscNazwa><sln:miejscRodzaj>Wieś</sln:miejscRodzaj><sln:powIIPId>84af16e4-82b9-4f34-a6a2-be81f68f8753</sln:powIIPId><sln:powIIPPn>PL.PZGIK.200</sln:powIIPPn><sln:powIIPWersja>2012-09-27T09:34:20+02:00</sln:powIIPWersja><sln:powIdTeryt>2409</sln:powIdTeryt><sln:powNazwa>myszkowski</sln:powNazwa><sln:waznyOd>2015-06-30T00:00:00+02:00</sln:waznyOd><sln:wojIIPId>98a63fe6-1e56-4d05-9c47-ab4233f8a6ff</sln:wojIIPId><sln:wojIIPPn>PL.PZGIK.200</sln:wojIIPPn><sln:wojIIPWersja>2017-10-10T00:00:00+02:00</sln:wojIIPWersja><sln:wojIdTeryt>24</sln:wojIdTeryt><sln:wojNazwa>śląskie</sln:wojNazwa></sln:miejscowosc><sln:miejscowosc><sln:cyklZyciaDo>2017-03-24T00:00:00+01:00</sln:cyklZyciaDo><sln:cyklZyciaOd>2017-03-16T00:00:00+01:00</sln:cyklZyciaOd><sln:gmIIPId>1857015c-bee0-4209-8272-b91ead70ae37</sln:gmIIPId><sln:gmIIPPn>PL.PZGIK.200</sln:gmIIPPn><sln:gmIIPWersja>2012-09-26T22:25:55+02:00</sln:gmIIPWersja><sln:gmIdTeryt>2409042</sln:gmIdTeryt><sln:gmNazwa>Poraj</sln:gmNazwa><sln:miejscIIPId>015dab98-b881-4f04-bd6b-2a9f9b121269</sln:miejscIIPId><sln:miejscIIPPn>PL.PZGIK.200</sln:miejscIIPPn><sln:miejscIIPWersja>2017-03-16T16:15:48+02:00</sln:miejscIIPWersja><sln:miejscIdTeryt>0143188</sln:miejscIdTeryt><sln:miejscNazwa>Gęzyn</sln:miejscNazwa><sln:miejscRodzaj>Wieś</sln:miejscRodzaj><sln:powIIPId>84af16e4-82b9-4f34-a6a2-be81f68f8753</sln:powIIPId><sln:powIIPPn>PL.PZGIK.200</sln:powIIPPn><sln:powIIPWersja>2012-09-27T09:34:20+02:00</sln:powIIPWersja><sln:powIdTeryt>2409</sln:powIdTeryt><sln:powNazwa>myszkowski</sln:powNazwa><sln:waznyOd>2015-06-30T00:00:00+02:00</sln:waznyOd><sln:wojIIPId>98a63fe6-1e56-4d05-9c47-ab4233f8a6ff</sln:wojIIPId><sln:wojIIPPn>PL.PZGIK.200</sln:wojIIPPn><sln:wojIIPWersja>2017-10-10T00:00:00+02:00</sln:wojIIPWersja><sln:wojIdTeryt>24</sln:wojIdTeryt><sln:wojNazwa>śląskie</sln:wojNazwa></sln:miejscowosc><sln:miejscowosc><sln:cyklZyciaDo>2017-03-24T00:00:00+01:00</sln:cyklZyciaDo><sln:cyklZyciaOd>2017-03-16T00:00:00+01:00</sln:cyklZyciaOd><sln:gmIIPId>1857015c-bee0-4209-8272-b91ead70ae37</sln:gmIIPId><sln:gmIIPPn>PL.PZGIK.200</sln:gmIIPPn><sln:gmIIPWersja>2012-09-26T22:25:55+02:00</sln:gmIIPWersja><sln:gmIdTeryt>2409042</sln:gmIdTeryt><sln:gmNazwa>Poraj</sln:gmNazwa><sln:miejscIIPId>8b8dc656-5a9c-4553-acf8-b5f6f1258839</sln:miejscIIPId><sln:miejscIIPPn>PL.PZGIK.200</sln:miejscIIPPn><sln:miejscIIPWersja>2017-03-16T16:15:48+02:00</sln:miejscIIPWersja><sln:miejscIdTeryt>0143194</sln:miejscIdTeryt><sln:miejscNazwa>Pustkowie Gęzyńskie</sln:miejscNazwa><sln:miejscRodzaj>Inny obiekt</sln:miejscRodzaj><sln:powIIPId>84af16e4-82b9-4f34-a6a2-be81f68f8753</sln:powIIPId><sln:powIIPPn>PL.PZGIK.200</sln:powIIPPn><sln:powIIPWersja>2012-09-27T09:34:20+02:00</sln:powIIPWersja><sln:powIdTeryt>2409</sln:powIdTeryt><sln:powNazwa>myszkowski</sln:powNazwa><sln:waznyOd>2015-06-30T00:00:00+02:00</sln:waznyOd><sln:wojIIPId>98a63fe6-1e56-4d05-9c47-ab4233f8a6ff</sln:wojIIPId><sln:wojIIPPn>PL.PZGIK.200</sln:wojIIPPn><sln:wojIIPWersja>2017-10-10T00:00:00+02:00</sln:wojIIPWersja><sln:wojIdTeryt>24</sln:wojIdTeryt><sln:wojNazwa>śląskie</sln:wojNazwa></sln:miejscowosc><sln:miejscowosc><sln:cyklZyciaDo>2017-03-24T00:00:00+01:00</sln:cyklZyciaDo><sln:cyklZyciaOd>2017-03-16T00:00:00+01:00</sln:cyklZyciaOd><sln:gmIIPId>1857015c-bee0-4209-8272-b91ead70ae37</sln:gmIIPId><sln:gmIIPPn>PL.PZGIK.200</sln:gmIIPPn><sln:gmIIPWersja>2012-09-26T22:25:55+02:00</sln:gmIIPWersja><sln:gmIdTeryt>2409042</sln:gmIdTeryt><sln:gmNazwa>Poraj</sln:gmNazwa><sln:miejscIIPId>43d4534a-ff7a-4cb1-a0ca-9e202c268807</sln:miejscIIPId><sln:miejscIIPPn>PL.PZGIK.200</sln:miejscIIPPn><sln:miejscIIPWersja>2017-03-16T16:15:48+02:00</sln:miejscIIPWersja><sln:miejscIdTeryt>0143202</sln:miejscIdTeryt><sln:miejscNazwa>Jastrząb</sln:miejscNazwa><sln:miejscRodzaj>Wieś</sln:miejscRodzaj><sln:powIIPId>84af16e4-82b9-4f34-a6a2-be81f68f8753</sln:powIIPId><sln:powIIPPn>PL.PZGIK.200</sln:powIIPPn><sln:powIIPWersja>2012-09-27T09:34:20+02:00</sln:powIIPWersja><sln:powIdTeryt>2409</sln:powIdTeryt><sln:powNazwa>myszkowski</sln:powNazwa><sln:waznyOd>2015-06-30T00:00:00+02:00</sln:waznyOd><sln:wojIIPId>98a63fe6-1e56-4d05-9c47-ab4233f8a6ff</sln:wojIIPId><sln:wojIIPPn>PL.PZGIK.200</sln:wojIIPPn><sln:wojIIPWersja>2017-10-10T00:00:00+02:00</sln:wojIIPWersja><sln:wojIdTeryt>24</sln:wojIdTeryt><sln:wojNazwa>śląskie</sln:wojNazwa></sln:miejscowosc><sln:miejscowosc><sln:cyklZyciaDo>2017-03-24T00:00:00+01:00</sln:cyklZyciaDo><sln:cyklZyciaOd>2017-03-16T00:00:00+01:00</sln:cyklZyciaOd><sln:gmIIPId>1857015c-bee0-4209-8272-b91ead70ae37</sln:gmIIPId><sln:gmIIPPn>PL.PZGIK.200</sln:gmIIPPn><sln:gmIIPWersja>2012-09-26T22:25:55+02:00</sln:gmIIPWersja><sln:gmIdTeryt>2409042</sln:gmIdTeryt><sln:gmNazwa>Poraj</sln:gmNazwa><sln:miejscIIPId>aab90b82-849a-442a-8fa9-ca5c589b2054</sln:miejscIIPId><sln:miejscIIPPn>PL.PZGIK.200</sln:miejscIIPPn><sln:miejscIIPWersja>2017-03-16T16:15:48+02:00</sln:miejscIIPWersja><sln:miejscIdTeryt>0143219</sln:miejscIdTeryt><sln:miejscNazwa>Masłońskie</sln:miejscNazwa><sln:miejscRodzaj>Wieś</sln:miejscRodzaj><sln:powIIPId>84af16e4-82b9-4f34-a6a2-be81f68f8753</sln:powIIPId><sln:powIIPPn>PL.PZGIK.200</sln:powIIPPn><sln:powIIPWersja>2012-09-27T09:34:20+02:00</sln:powIIPWersja><sln:powIdTeryt>2409</sln:powIdTeryt><sln:powNazwa>myszkowski</sln:powNazwa><sln:waznyOd>2015-06-30T00:00:00+02:00</sln:waznyOd><sln:wojIIPId>98a63fe6-1e56-4d05-9c47-ab4233f8a6ff</sln:wojIIPId><sln:wojIIPPn>PL.PZGIK.200</sln:wojIIPPn><sln:wojIIPWersja>2017-10-10T00:00:00+02:00</sln:wojIIPWersja><sln:wojIdTeryt>24</sln:wojIdTeryt><sln:wojNazwa>śląskie</sln:wojNazwa></sln:miejscowosc><sln:miejscowosc><sln:cyklZyciaDo>2017-03-24T00:00:00+01:00</sln:cyklZyciaDo><sln:cyklZyciaOd>2017-03-16T00:00:00+01:00</sln:cyklZyciaOd><sln:gmIIPId>1857015c-bee0-4209-8272-b91ead70ae37</sln:gmIIPId><sln:gmIIPPn>PL.PZGIK.200</sln:gmIIPPn><sln:gmIIPWersja>2012-09-26T22:25:55+02:00</sln:gmIIPWersja><sln:gmIdTeryt>2409042</sln:gmIdTeryt><sln:gmNazwa>Poraj</sln:gmNazwa><sln:miejscIIPId>3757e463-4892-4f1f-9215-ba1cd03c8de2</sln:miejscIIPId><sln:miejscIIPPn>PL.PZGIK.200</sln:miejscIIPPn><sln:miejscIIPWersja>2017-03-16T16:15:48+02:00</sln:miejscIIPWersja><sln:miejscIdTeryt>0143225</sln:miejscIdTeryt><sln:miejscNazwa>Poraj</sln:miejscNazwa><sln:miejscRodzaj>Wieś</sln:miejscRodzaj><sln:powIIPId>84af16e4-82b9-4f34-a6a2-be81f68f8753</sln:powIIPId><sln:powIIPPn>PL.PZGIK.200</sln:powIIPPn><sln:powIIPWersja>2012-09-27T09:34:20+02:00</sln:powIIPWersja><sln:powIdTeryt>2409</sln:powIdTeryt><sln:powNazwa>myszkowski</sln:powNazwa><sln:waznyOd>2015-06-30T00:00:00+02:00</sln:waznyOd><sln:wojIIPId>98a63fe6-1e56-4d05-9c47-ab4233f8a6ff</sln:wojIIPId><sln:wojIIPPn>PL.PZGIK.200</sln:wojIIPPn><sln:wojIIPWersja>2017-10-10T00:00:00+02:00</sln:wojIIPWersja><sln:wojIdTeryt>24</sln:wojIdTeryt><sln:wojNazwa>śląskie</sln:wojNazwa></sln:miejscowosc><sln:miejscowosc><sln:cyklZyciaDo>2017-03-24T00:00:00+01:00</sln:cyklZyciaDo><sln:cyklZyciaOd>2017-03-16T00:00:00+01:00</sln:cyklZyciaOd><sln:gmIIPId>1857015c-bee0-4209-8272-b91ead70ae37</sln:gmIIPId><sln:gmIIPPn>PL.PZGIK.200</sln:gmIIPPn><sln:gmIIPWersja>2012-09-26T22:25:55+02:00</sln:gmIIPWersja><sln:gmIdTeryt>2409042</sln:gmIdTeryt><sln:gmNazwa>Poraj</sln:gmNazwa><sln:miejscIIPId>ae9ecc2d-a618-4f03-89df-d1048d112f9d</sln:miejscIIPId><sln:miejscIIPPn>PL.PZGIK.200</sln:miejscIIPPn><sln:miejscIIPWersja>2017-03-16T16:15:48+02:00</sln:miejscIIPWersja><sln:miejscIdTeryt>0143231</sln:miejscIdTeryt><sln:miejscNazwa>Kuźnica Stara</sln:miejscNazwa><sln:miejscRodzaj>Wieś</sln:miejscRodzaj><sln:powIIPId>84af16e4-82b9-4f34-a6a2-be81f68f8753</sln:powIIPId><sln:powIIPPn>PL.PZGIK.200</sln:powIIPPn><sln:powIIPWersja>2012-09-27T09:34:20+02:00</sln:powIIPWersja><sln:powIdTeryt>2409</sln:powIdTeryt><sln:powNazwa>myszkowski</sln:powNazwa><sln:waznyOd>2015-06-30T00:00:00+02:00</sln:waznyOd><sln:wojIIPId>98a63fe6-1e56-4d05-9c47-ab4233f8a6ff</sln:wojIIPId><sln:wojIIPPn>PL.PZGIK.200</sln:wojIIPPn><sln:wojIIPWersja>2017-10-10T00:00:00+02:00</sln:wojIIPWersja><sln:wojIdTeryt>24</sln:wojIdTeryt><sln:wojNazwa>śląskie</sln:wojNazwa></sln:miejscowosc><sln:miejscowosc><sln:cyklZyciaDo>2017-03-24T00:00:00+01:00</sln:cyklZyciaDo><sln:cyklZyciaOd>2017-03-16T00:00:00+01:00</sln:cyklZyciaOd><sln:gmIIPId>1857015c-bee0-4209-8272-b91ead70ae37</sln:gmIIPId><sln:gmIIPPn>PL.PZGIK.200</sln:gmIIPPn><sln:gmIIPWersja>2012-09-26T22:25:55+02:00</sln:gmIIPWersja><sln:gmIdTeryt>2409042</sln:gmIdTeryt><sln:gmNazwa>Poraj</sln:gmNazwa><sln:miejscIIPId>cddf700c-6442-42fe-8de6-b0951d7a1a47</sln:miejscIIPId><sln:miejscIIPPn>PL.PZGIK.200</sln:miejscIIPPn><sln:miejscIIPWersja>2017-03-16T16:15:48+02:00</sln:miejscIIPWersja><sln:miejscIdTeryt>0143248</sln:miejscIdTeryt><sln:miejscNazwa>Kuźnica-Folwark</sln:miejscNazwa><sln:miejscRodzaj>Inny obiekt</sln:miejscRodzaj><sln:powIIPId>84af16e4-82b9-4f34-a6a2-be81f68f8753</sln:powIIPId><sln:powIIPPn>PL.PZGIK.200</sln:powIIPPn><sln:powIIPWersja>2012-09-27T09:34:20+02:00</sln:powIIPWersja><sln:powIdTeryt>2409</sln:powIdTeryt><sln:powNazwa>myszkowski</sln:powNazwa><sln:waznyOd>2015-07-09T00:00:00+02:00</sln:waznyOd><sln:wojIIPId>98a63fe6-1e56-4d05-9c47-ab4233f8a6ff</sln:wojIIPId><sln:wojIIPPn>PL.PZGIK.200</sln:wojIIPPn><sln:wojIIPWersja>2017-10-10T00:00:00+02:00</sln:wojIIPWersja><sln:wojIdTeryt>24</sln:wojIdTeryt><sln:wojNazwa>śląskie</sln:wojNazwa></sln:miejscowosc><sln:miejscowosc><sln:cyklZyciaDo>2017-03-24T00:00:00+01:00</sln:cyklZyciaDo><sln:cyklZyciaOd>2017-03-16T00:00:00+01:00</sln:cyklZyciaOd><sln:gmIIPId>1857015c-bee0-4209-8272-b91ead70ae37</sln:gmIIPId><sln:gmIIPPn>PL.PZGIK.200</sln:gmIIPPn><sln:gmIIPWersja>2012-09-26T22:25:55+02:00</sln:gmIIPWersja><sln:gmIdTeryt>2409042</sln:gmIdTeryt><sln:gmNazwa>Poraj</sln:gmNazwa><sln:miejscIIPId>97b18add-b4b2-41c6-af35-4cf49bc34926</sln:miejscIIPId><sln:miejscIIPPn>PL.PZGIK.200</sln:miejscIIPPn><sln:miejscIIPWersja>2017-03-16T16:15:48+02:00</sln:miejscIIPWersja><sln:miejscIdTeryt>0143254</sln:miejscIdTeryt><sln:miejscNazwa>Żarki-Letnisko</sln:miejscNazwa><sln:miejscRodzaj>Wieś</sln:miejscRodzaj><sln:powIIPId>84af16e4-82b9-4f34-a6a2-be81f68f8753</sln:powIIPId><sln:powIIPPn>PL.PZGIK.200</sln:powIIPPn><sln:powIIPWersja>2012-09-27T09:34:20+02:00</sln:powIIPWersja><sln:powIdTeryt>2409</sln:powIdTeryt><sln:powNazwa>myszkowski</sln:powNazwa><sln:waznyOd>2015-07-20T00:00:00+02:00</sln:waznyOd><sln:wojIIPId>98a63fe6-1e56-4d05-9c47-ab4233f8a6ff</sln:wojIIPId><sln:wojIIPPn>PL.PZGIK.200</sln:wojIIPPn><sln:wojIIPWersja>2017-10-10T00:00:00+02:00</sln:wojIIPWersja><sln:wojIdTeryt>24</sln:wojIdTeryt><sln:wojNazwa>śląskie</sln:wojNazwa></sln:miejscowosc><sln:miejscowosc><sln:cyklZyciaOd>2017-03-24T00:00:00+01:00</sln:cyklZyciaOd><sln:gmIIPId>1857015c-bee0-4209-8272-b91ead70ae37</sln:gmIIPId><sln:gmIIPPn>PL.PZGIK.200</sln:gmIIPPn><sln:gmIIPWersja>2012-09-26T22:25:55+02:00</sln:gmIIPWersja><sln:gmIdTeryt>2409042</sln:gmIdTeryt><sln:gmNazwa>Poraj</sln:gmNazwa><sln:miejscIIPId>93c4c29b-6271-4766-bf90-ee6c934dc5b0</sln:miejscIIPId><sln:miejscIIPPn>PL.PZGIK.200</sln:miejscIIPPn><sln:miejscIIPWersja>2017-03-24T18:50:07+02:00</sln:miejscIIPWersja><sln:miejscIdTeryt>0143113</sln:miejscIdTeryt><sln:miejscNazwa>Choroń</sln:miejscNazwa><sln:miejscRodzaj>Wieś</sln:miejscRodzaj><sln:powIIPId>84af16e4-82b9-4f34-a6a2-be81f68f8753</sln:powIIPId><sln:powIIPPn>PL.PZGIK.200</sln:powIIPPn><sln:powIIPWersja>2012-09-27T09:34:20+02:00</sln:powIIPWersja><sln:powIdTeryt>2409</sln:powIdTeryt><sln:powNazwa>myszkowski</sln:powNazwa><sln:waznyOd>2015-06-30T00:00:00+02:00</sln:waznyOd><sln:wojIIPId>98a63fe6-1e56-4d05-9c47-ab4233f8a6ff</sln:wojIIPId><sln:wojIIPPn>PL.PZGIK.200</sln:wojIIPPn><sln:wojIIPWersja>2017-10-10T00:00:00+02:00</sln:wojIIPWersja><sln:wojIdTeryt>24</sln:wojIdTeryt><sln:wojNazwa>śląskie</sln:wojNazwa></sln:miejscowosc><sln:miejscowosc><sln:cyklZyciaOd>2017-03-24T00:00:00+01:00</sln:cyklZyciaOd><sln:gmIIPId>1857015c-bee0-4209-8272-b91ead70ae37</sln:gmIIPId><sln:gmIIPPn>PL.PZGIK.200</sln:gmIIPPn><sln:gmIIPWersja>2012-09-26T22:25:55+02:00</sln:gmIIPWersja><sln:gmIdTeryt>2409042</sln:gmIdTeryt><sln:gmNazwa>Poraj</sln:gmNazwa><sln:miejscIIPId>f8ed3e59-0604-4512-b0d1-afac17ad7807</sln:miejscIIPId><sln:miejscIIPPn>PL.PZGIK.200</sln:miejscIIPPn><sln:miejscIIPWersja>2017-03-24T18:50:13+02:00</sln:miejscIIPWersja><sln:miejscIdTeryt>0143120</sln:miejscIdTeryt><sln:miejscNazwa>Baranowizna</sln:miejscNazwa><sln:miejscRodzaj>Przysiółek</sln:miejscRodzaj><sln:powIIPId>84af16e4-82b9-4f34-a6a2-be81f68f8753</sln:powIIPId><sln:powIIPPn>PL.PZGIK.200</sln:powIIPPn><sln:powIIPWersja>2012-09-27T09:34:20+02:00</sln:powIIPWersja><sln:powIdTeryt>2409</sln:powIdTeryt><sln:powNazwa>myszkowski</sln:powNazwa><sln:waznyOd>2015-06-30T00:00:00+02:00</sln:waznyOd><sln:wojIIPId>98a63fe6-1e56-4d05-9c47-ab4233f8a6ff</sln:wojIIPId><sln:wojIIPPn>PL.PZGIK.200</sln:wojIIPPn><sln:wojIIPWersja>2017-10-10T00:00:00+02:00</sln:wojIIPWersja><sln:wojIdTeryt>24</sln:wojIdTeryt><sln:wojNazwa>śląskie</sln:wojNazwa></sln:miejscowosc><sln:miejscowosc><sln:cyklZyciaOd>2017-03-24T00:00:00+01:00</sln:cyklZyciaOd><sln:gmIIPId>1857015c-bee0-4209-8272-b91ead70ae37</sln:gmIIPId><sln:gmIIPPn>PL.PZGIK.200</sln:gmIIPPn><sln:gmIIPWersja>2012-09-26T22:25:55+02:00</sln:gmIIPWersja><sln:gmIdTeryt>2409042</sln:gmIdTeryt><sln:gmNazwa>Poraj</sln:gmNazwa><sln:miejscIIPId>ccaa9d0e-a830-4b61-9517-f0e02eec5878</sln:miejscIIPId><sln:miejscIIPPn>PL.PZGIK.200</sln:miejscIIPPn><sln:miejscIIPWersja>2017-03-24T18:50:13+02:00</sln:miejscIIPWersja><sln:miejscIdTeryt>0143136</sln:miejscIdTeryt><sln:miejscNazwa>Rajczykowizna</sln:miejscNazwa><sln:miejscRodzaj>Przysiółek</sln:miejscRodzaj><sln:powIIPId>84af16e4-82b9-4f34-a6a2-be81f68f8753</sln:powIIPId><sln:powIIPPn>PL.PZGIK.200</sln:powIIPPn><sln:powIIPWersja>2012-09-27T09:34:20+02:00</sln:powIIPWersja><sln:powIdTeryt>2409</sln:powIdTeryt><sln:powNazwa>myszkowski</sln:powNazwa><sln:waznyOd>2015-06-30T00:00:00+02:00</sln:waznyOd><sln:wojIIPId>98a63fe6-1e56-4d05-9c47-ab4233f8a6ff</sln:wojIIPId><sln:wojIIPPn>PL.PZGIK.200</sln:wojIIPPn><sln:wojIIPWersja>2017-10-10T00:00:00+02:00</sln:wojIIPWersja><sln:wojIdTeryt>24</sln:wojIdTeryt><sln:wojNazwa>śląskie</sln:wojNazwa></sln:miejscowosc><sln:miejscowosc><sln:cyklZyciaOd>2017-03-24T00:00:00+01:00</sln:cyklZyciaOd><sln:gmIIPId>1857015c-bee0-4209-8272-b91ead70ae37</sln:gmIIPId><sln:gmIIPPn>PL.PZGIK.200</sln:gmIIPPn><sln:gmIIPWersja>2012-09-26T22:25:55+02:00</sln:gmIIPWersja><sln:gmIdTeryt>2409042</sln:gmIdTeryt><sln:gmNazwa>Poraj</sln:gmNazwa><sln:miejscIIPId>e0a75d98-12af-40bc-b44c-2b6d4e93f137</sln:miejscIIPId><sln:miejscIIPPn>PL.PZGIK.200</sln:miejscIIPPn><sln:miejscIIPWersja>2017-03-24T18:50:13+02:00</sln:miejscIIPWersja><sln:miejscIdTeryt>0143159</sln:miejscIdTeryt><sln:miejscNazwa>Dębowiec</sln:miejscNazwa><sln:miejscRodzaj>Wieś</sln:miejscRodzaj><sln:powIIPId>84af16e4-82b9-4f34-a6a2-be81f68f8753</sln:powIIPId><sln:powIIPPn>PL.PZGIK.200</sln:powIIPPn><sln:powIIPWersja>2012-09-27T09:34:20+02:00</sln:powIIPWersja><sln:powIdTeryt>2409</sln:powIdTeryt><sln:powNazwa>myszkowski</sln:powNazwa><sln:waznyOd>2015-06-30T00:00:00+02:00</sln:waznyOd><sln:wojIIPId>98a63fe6-1e56-4d05-9c47-ab4233f8a6ff</sln:wojIIPId><sln:wojIIPPn>PL.PZGIK.200</sln:wojIIPPn><sln:wojIIPWersja>2017-10-10T00:00:00+02:00</sln:wojIIPWersja><sln:wojIdTeryt>24</sln:wojIdTeryt><sln:wojNazwa>śląskie</sln:wojNazwa></sln:miejscowosc><sln:miejscowosc><sln:cyklZyciaOd>2017-03-24T00:00:00+01:00</sln:cyklZyciaOd><sln:gmIIPId>1857015c-bee0-4209-8272-b91ead70ae37</sln:gmIIPId><sln:gmIIPPn>PL.PZGIK.200</sln:gmIIPPn><sln:gmIIPWersja>2012-09-26T22:25:55+02:00</sln:gmIIPWersja><sln:gmIdTeryt>2409042</sln:gmIdTeryt><sln:gmNazwa>Poraj</sln:gmNazwa><sln:miejscIIPId>015dab98-b881-4f04-bd6b-2a9f9b121269</sln:miejscIIPId><sln:miejscIIPPn>PL.PZGIK.200</sln:miejscIIPPn><sln:miejscIIPWersja>2017-03-24T18:50:13+02:00</sln:miejscIIPWersja><sln:miejscIdTeryt>0143188</sln:miejscIdTeryt><sln:miejscNazwa>Gęzyn</sln:miejscNazwa><sln:miejscRodzaj>Wieś</sln:miejscRodzaj><sln:powIIPId>84af16e4-82b9-4f34-a6a2-be81f68f8753</sln:powIIPId><sln:powIIPPn>PL.PZGIK.200</sln:powIIPPn><sln:powIIPWersja>2012-09-27T09:34:20+02:00</sln:powIIPWersja><sln:powIdTeryt>2409</sln:powIdTeryt><sln:powNazwa>myszkowski</sln:powNazwa><sln:waznyOd>2015-06-30T00:00:00+02:00</sln:waznyOd><sln:wojIIPId>98a63fe6-1e56-4d05-9c47-ab4233f8a6ff</sln:wojIIPId><sln:wojIIPPn>PL.PZGIK.200</sln:wojIIPPn><sln:wojIIPWersja>2017-10-10T00:00:00+02:00</sln:wojIIPWersja><sln:wojIdTeryt>24</sln:wojIdTeryt><sln:wojNazwa>śląskie</sln:wojNazwa></sln:miejscowosc><sln:miejscowosc><sln:cyklZyciaOd>2017-03-24T00:00:00+01:00</sln:cyklZyciaOd><sln:gmIIPId>1857015c-bee0-4209-8272-b91ead70ae37</sln:gmIIPId><sln:gmIIPPn>PL.PZGIK.200</sln:gmIIPPn><sln:gmIIPWersja>2012-09-26T22:25:55+02:00</sln:gmIIPWersja><sln:gmIdTeryt>2409042</sln:gmIdTeryt><sln:gmNazwa>Poraj</sln:gmNazwa><sln:miejscIIPId>8b8dc656-5a9c-4553-acf8-b5f6f1258839</sln:miejscIIPId><sln:miejscIIPPn>PL.PZGIK.200</sln:miejscIIPPn><sln:miejscIIPWersja>2017-03-24T18:50:14+02:00</sln:miejscIIPWersja><sln:miejscIdTeryt>0143194</sln:miejscIdTeryt><sln:miejscNazwa>Pustkowie Gęzyńskie</sln:miejscNazwa><sln:miejscRodzaj>Inny obiekt</sln:miejscRodzaj><sln:powIIPId>84af16e4-82b9-4f34-a6a2-be81f68f8753</sln:powIIPId><sln:powIIPPn>PL.PZGIK.200</sln:powIIPPn><sln:powIIPWersja>2012-09-27T09:34:20+02:00</sln:powIIPWersja><sln:powIdTeryt>2409</sln:powIdTeryt><sln:powNazwa>myszkowski</sln:powNazwa><sln:waznyOd>2015-06-30T00:00:00+02:00</sln:waznyOd><sln:wojIIPId>98a63fe6-1e56-4d05-9c47-ab4233f8a6ff</sln:wojIIPId><sln:wojIIPPn>PL.PZGIK.200</sln:wojIIPPn><sln:wojIIPWersja>2017-10-10T00:00:00+02:00</sln:wojIIPWersja><sln:wojIdTeryt>24</sln:wojIdTeryt><sln:wojNazwa>śląskie</sln:wojNazwa></sln:miejscowosc><sln:miejscowosc><sln:cyklZyciaOd>2017-03-24T00:00:00+01:00</sln:cyklZyciaOd><sln:gmIIPId>1857015c-bee0-4209-8272-b91ead70ae37</sln:gmIIPId><sln:gmIIPPn>PL.PZGIK.200</sln:gmIIPPn><sln:gmIIPWersja>2012-09-26T22:25:55+02:00</sln:gmIIPWersja><sln:gmIdTeryt>2409042</sln:gmIdTeryt><sln:gmNazwa>Poraj</sln:gmNazwa><sln:miejscIIPId>43d4534a-ff7a-4cb1-a0ca-9e202c268807</sln:miejscIIPId><sln:miejscIIPPn>PL.PZGIK.200</sln:miejscIIPPn><sln:miejscIIPWersja>2017-03-24T18:50:14+02:00</sln:miejscIIPWersja><sln:miejscIdTeryt>0143202</sln:miejscIdTeryt><sln:miejscNazwa>Jastrząb</sln:miejscNazwa><sln:miejscRodzaj>Wieś</sln:miejscRodzaj><sln:powIIPId>84af16e4-82b9-4f34-a6a2-be81f68f8753</sln:powIIPId><sln:powIIPPn>PL.PZGIK.200</sln:powIIPPn><sln:powIIPWersja>2012-09-27T09:34:20+02:00</sln:powIIPWersja><sln:powIdTeryt>2409</sln:powIdTeryt><sln:powNazwa>myszkowski</sln:powNazwa><sln:waznyOd>2015-06-30T00:00:00+02:00</sln:waznyOd><sln:wojIIPId>98a63fe6-1e56-4d05-9c47-ab4233f8a6ff</sln:wojIIPId><sln:wojIIPPn>PL.PZGIK.200</sln:wojIIPPn><sln:wojIIPWersja>2017-10-10T00:00:00+02:00</sln:wojIIPWersja><sln:wojIdTeryt>24</sln:wojIdTeryt><sln:wojNazwa>śląskie</sln:wojNazwa></sln:miejscowosc><sln:miejscowosc><sln:cyklZyciaOd>2017-03-24T00:00:00+01:00</sln:cyklZyciaOd><sln:gmIIPId>1857015c-bee0-4209-8272-b91ead70ae37</sln:gmIIPId><sln:gmIIPPn>PL.PZGIK.200</sln:gmIIPPn><sln:gmIIPWersja>2012-09-26T22:25:55+02:00</sln:gmIIPWersja><sln:gmIdTeryt>2409042</sln:gmIdTeryt><sln:gmNazwa>Poraj</sln:gmNazwa><sln:miejscIIPId>aab90b82-849a-442a-8fa9-ca5c589b2054</sln:miejscIIPId><sln:miejscIIPPn>PL.PZGIK.200</sln:miejscIIPPn><sln:miejscIIPWersja>2017-03-24T18:50:14+02:00</sln:miejscIIPWersja><sln:miejscIdTeryt>0143219</sln:miejscIdTeryt><sln:miejscNazwa>Masłońskie</sln:miejscNazwa><sln:miejscRodzaj>Wieś</sln:miejscRodzaj><sln:powIIPId>84af16e4-82b9-4f34-a6a2-be81f68f8753</sln:powIIPId><sln:powIIPPn>PL.PZGIK.200</sln:powIIPPn><sln:powIIPWersja>2012-09-27T09:34:20+02:00</sln:powIIPWersja><sln:powIdTeryt>2409</sln:powIdTeryt><sln:powNazwa>myszkowski</sln:powNazwa><sln:waznyOd>2015-06-30T00:00:00+02:00</sln:waznyOd><sln:wojIIPId>98a63fe6-1e56-4d05-9c47-ab4233f8a6ff</sln:wojIIPId><sln:wojIIPPn>PL.PZGIK.200</sln:wojIIPPn><sln:wojIIPWersja>2017-10-10T00:00:00+02:00</sln:wojIIPWersja><sln:wojIdTeryt>24</sln:wojIdTeryt><sln:wojNazwa>śląskie</sln:wojNazwa></sln:miejscowosc><sln:miejscowosc><sln:cyklZyciaOd>2017-03-24T00:00:00+01:00</sln:cyklZyciaOd><sln:gmIIPId>1857015c-bee0-4209-8272-b91ead70ae37</sln:gmIIPId><sln:gmIIPPn>PL.PZGIK.200</sln:gmIIPPn><sln:gmIIPWersja>2012-09-26T22:25:55+02:00</sln:gmIIPWersja><sln:gmIdTeryt>2409042</sln:gmIdTeryt><sln:gmNazwa>Poraj</sln:gmNazwa><sln:miejscIIPId>3757e463-4892-4f1f-9215-ba1cd03c8de2</sln:miejscIIPId><sln:miejscIIPPn>PL.PZGIK.200</sln:miejscIIPPn><sln:miejscIIPWersja>2017-03-24T18:50:14+02:00</sln:miejscIIPWersja><sln:miejscIdTeryt>0143225</sln:miejscIdTeryt><sln:miejscNazwa>Poraj</sln:miejscNazwa><sln:miejscRodzaj>Wieś</sln:miejscRodzaj><sln:powIIPId>84af16e4-82b9-4f34-a6a2-be81f68f8753</sln:powIIPId><sln:powIIPPn>PL.PZGIK.200</sln:powIIPPn><sln:powIIPWersja>2012-09-27T09:34:20+02:00</sln:powIIPWersja><sln:powIdTeryt>2409</sln:powIdTeryt><sln:powNazwa>myszkowski</sln:powNazwa><sln:waznyOd>2015-06-30T00:00:00+02:00</sln:waznyOd><sln:wojIIPId>98a63fe6-1e56-4d05-9c47-ab4233f8a6ff</sln:wojIIPId><sln:wojIIPPn>PL.PZGIK.200</sln:wojIIPPn><sln:wojIIPWersja>2017-10-10T00:00:00+02:00</sln:wojIIPWersja><sln:wojIdTeryt>24</sln:wojIdTeryt><sln:wojNazwa>śląskie</sln:wojNazwa></sln:miejscowosc><sln:miejscowosc><sln:cyklZyciaOd>2017-03-24T00:00:00+01:00</sln:cyklZyciaOd><sln:gmIIPId>1857015c-bee0-4209-8272-b91ead70ae37</sln:gmIIPId><sln:gmIIPPn>PL.PZGIK.200</sln:gmIIPPn><sln:gmIIPWersja>2012-09-26T22:25:55+02:00</sln:gmIIPWersja><sln:gmIdTeryt>2409042</sln:gmIdTeryt><sln:gmNazwa>Poraj</sln:gmNazwa><sln:miejscIIPId>ae9ecc2d-a618-4f03-89df-d1048d112f9d</sln:miejscIIPId><sln:miejscIIPPn>PL.PZGIK.200</sln:miejscIIPPn><sln:miejscIIPWersja>2017-03-24T18:50:14+02:00</sln:miejscIIPWersja><sln:miejscIdTeryt>0143231</sln:miejscIdTeryt><sln:miejscNazwa>Kuźnica Stara</sln:miejscNazwa><sln:miejscRodzaj>Wieś</sln:miejscRodzaj><sln:powIIPId>84af16e4-82b9-4f34-a6a2-be81f68f8753</sln:powIIPId><sln:powIIPPn>PL.PZGIK.200</sln:powIIPPn><sln:powIIPWersja>2012-09-27T09:34:20+02:00</sln:powIIPWersja><sln:powIdTeryt>2409</sln:powIdTeryt><sln:powNazwa>myszkowski</sln:powNazwa><sln:waznyOd>2015-06-30T00:00:00+02:00</sln:waznyOd><sln:wojIIPId>98a63fe6-1e56-4d05-9c47-ab4233f8a6ff</sln:wojIIPId><sln:wojIIPPn>PL.PZGIK.200</sln:wojIIPPn><sln:wojIIPWersja>2017-10-10T00:00:00+02:00</sln:wojIIPWersja><sln:wojIdTeryt>24</sln:wojIdTeryt><sln:wojNazwa>śląskie</sln:wojNazwa></sln:miejscowosc><sln:miejscowosc><sln:cyklZyciaOd>2017-03-24T00:00:00+01:00</sln:cyklZyciaOd><sln:gmIIPId>1857015c-bee0-4209-8272-b91ead70ae37</sln:gmIIPId><sln:gmIIPPn>PL.PZGIK.200</sln:gmIIPPn><sln:gmIIPWersja>2012-09-26T22:25:55+02:00</sln:gmIIPWersja><sln:gmIdTeryt>2409042</sln:gmIdTeryt><sln:gmNazwa>Poraj</sln:gmNazwa><sln:miejscIIPId>cddf700c-6442-42fe-8de6-b0951d7a1a47</sln:miejscIIPId><sln:miejscIIPPn>PL.PZGIK.200</sln:miejscIIPPn><sln:miejscIIPWersja>2017-03-24T18:50:14+02:00</sln:miejscIIPWersja><sln:miejscIdTeryt>0143248</sln:miejscIdTeryt><sln:miejscNazwa>Kuźnica-Folwark</sln:miejscNazwa><sln:miejscRodzaj>Inny obiekt</sln:miejscRodzaj><sln:powIIPId>84af16e4-82b9-4f34-a6a2-be81f68f8753</sln:powIIPId><sln:powIIPPn>PL.PZGIK.200</sln:powIIPPn><sln:powIIPWersja>2012-09-27T09:34:20+02:00</sln:powIIPWersja><sln:powIdTeryt>2409</sln:powIdTeryt><sln:powNazwa>myszkowski</sln:powNazwa><sln:waznyOd>2015-07-09T00:00:00+02:00</sln:waznyOd><sln:wojIIPId>98a63fe6-1e56-4d05-9c47-ab4233f8a6ff</sln:wojIIPId><sln:wojIIPPn>PL.PZGIK.200</sln:wojIIPPn><sln:wojIIPWersja>2017-10-10T00:00:00+02:00</sln:wojIIPWersja><sln:wojIdTeryt>24</sln:wojIdTeryt><sln:wojNazwa>śląskie</sln:wojNazwa></sln:miejscowosc><sln:miejscowosc><sln:cyklZyciaOd>2017-03-24T00:00:00+01:00</sln:cyklZyciaOd><sln:gmIIPId>1857015c-bee0-4209-8272-b91ead70ae37</sln:gmIIPId><sln:gmIIPPn>PL.PZGIK.200</sln:gmIIPPn><sln:gmIIPWersja>2012-09-26T22:25:55+02:00</sln:gmIIPWersja><sln:gmIdTeryt>2409042</sln:gmIdTeryt><sln:gmNazwa>Poraj</sln:gmNazwa><sln:miejscIIPId>97b18add-b4b2-41c6-af35-4cf49bc34926</sln:miejscIIPId><sln:miejscIIPPn>PL.PZGIK.200</sln:miejscIIPPn><sln:miejscIIPWersja>2017-03-24T18:50:14+02:00</sln:miejscIIPWersja><sln:miejscIdTeryt>0143254</sln:miejscIdTeryt><sln:miejscNazwa>Żarki-Letnisko</sln:miejscNazwa><sln:miejscRodzaj>Wieś</sln:miejscRodzaj><sln:powIIPId>84af16e4-82b9-4f34-a6a2-be81f68f8753</sln:powIIPId><sln:powIIPPn>PL.PZGIK.200</sln:powIIPPn><sln:powIIPWersja>2012-09-27T09:34:20+02:00</sln:powIIPWersja><sln:powIdTeryt>2409</sln:powIdTeryt><sln:powNazwa>myszkowski</sln:powNazwa><sln:waznyOd>2015-07-20T00:00:00+02:00</sln:waznyOd><sln:wojIIPId>98a63fe6-1e56-4d05-9c47-ab4233f8a6ff</sln:wojIIPId><sln:wojIIPPn>PL.PZGIK.200</sln:wojIIPPn><sln:wojIIPWersja>2017-10-10T00:00:00+02:00</sln:wojIIPWersja><sln:wojIdTeryt>24</sln:wojIdTeryt><sln:wojNazwa>śląskie</sln:wojNazwa></sln:miejscowosc></sln:lista-miejscowosci>