<?xml version="1.0" encoding="UTF-8" standalone="yes"?><sln:lista-miejscowosci xmlns:srv="http://gugik.gov.pl/schemas/slowniki-service/1.0" xmlns:sln="http://gugik.gov.pl/schemas/slowniki-schema/1.0"><sln:miejscowosc><sln:cyklZyciaOd>2014-12-10T00:00:00+01:00</sln:cyklZyciaOd><sln:gmIIPId>0d95e084-f3db-420a-acfb-efc9c9ed3437</sln:gmIIPId><sln:gmIIPPn>PL.PZGIK.200</sln:gmIIPPn><sln:gmIIPWersja>2012-09-26T22:25:41+02:00</sln:gmIIPWersja><sln:gmIdTeryt>2405021</sln:gmIdTeryt><sln:gmNazwa>Pyskowice</sln:gmNazwa><sln:miejscIIPId>245b4901-4cc8-4f20-8af8-f9afd86f89ef</sln:miejscIIPId><sln:miejscIIPPn>PL.PZGIK.200</sln:miejscIIPPn><sln:miejscIIPWersja>2016-11-24T13:46:00+02:00</sln:miejscIIPWersja><sln:miejscIdTeryt>0942452</sln:miejscIdTeryt><sln:miejscNazwa>Zaolszany</sln:miejscNazwa><sln:miejscRodzaj>Inny obiekt</sln:miejscRodzaj><sln:powIIPId>6b32441a-4fce-4379-8626-fae9d7935133</sln:powIIPId><sln:powIIPPn>PL.PZGIK.200</sln:powIIPPn><sln:powIIPWersja>2012-09-27T09:34:20+02:00</sln:powIIPWersja><sln:powIdTeryt>2405</sln:powIdTeryt><sln:powNazwa>gliwicki</sln:powNazwa><sln:wojIIPId>98a63fe6-1e56-4d05-9c47-ab4233f8a6ff</sln:wojIIPId><sln:wojIIPPn>PL.PZGIK.200</sln:wojIIPPn><sln:wojIIPWersja>2017-10-10T00:00:00+02:00</sln:wojIIPWersja><sln:wojIdTeryt>24</sln:wojIdTeryt><sln:wojNazwa>śląskie</sln:wojNazwa></sln:miejscowosc><sln:miejscowosc><sln:cyklZyciaOd>2014-12-10T00:00:00+01:00</sln:cyklZyciaOd><sln:gmIIPId>0d95e084-f3db-420a-acfb-efc9c9ed3437</sln:gmIIPId><sln:gmIIPPn>PL.PZGIK.200</sln:gmIIPPn><sln:gmIIPWersja>2012-09-26T22:25:41+02:00</sln:gmIIPWersja><sln:gmIdTeryt>2405021</sln:gmIdTeryt><sln:gmNazwa>Pyskowice</sln:gmNazwa><sln:miejscIIPId>51241a46-b0a4-4dc0-83e3-212606436678</sln:miejscIIPId><sln:miejscIIPPn>PL.PZGIK.200</sln:miejscIIPPn><sln:miejscIIPWersja>2016-11-24T13:46:00+02:00</sln:miejscIIPWersja><sln:miejscIdTeryt>0942423</sln:miejscIdTeryt><sln:miejscNazwa>Czerwionka</sln:miejscNazwa><sln:miejscRodzaj>Inny obiekt</sln:miejscRodzaj><sln:powIIPId>6b32441a-4fce-4379-8626-fae9d7935133</sln:powIIPId><sln:powIIPPn>PL.PZGIK.200</sln:powIIPPn><sln:powIIPWersja>2012-09-27T09:34:20+02:00</sln:powIIPWersja><sln:powIdTeryt>2405</sln:powIdTeryt><sln:powNazwa>gliwicki</sln:powNazwa><sln:wojIIPId>98a63fe6-1e56-4d05-9c47-ab4233f8a6ff</sln:wojIIPId><sln:wojIIPPn>PL.PZGIK.200</sln:wojIIPPn><sln:wojIIPWersja>2017-10-10T00:00:00+02:00</sln:wojIIPWersja><sln:wojIdTeryt>24</sln:wojIdTeryt><sln:wojNazwa>śląskie</sln:wojNazwa></sln:miejscowosc><sln:miejscowosc><sln:cyklZyciaOd>2014-12-10T00:00:00+01:00</sln:cyklZyciaOd><sln:gmIIPId>0d95e084-f3db-420a-acfb-efc9c9ed3437</sln:gmIIPId><sln:gmIIPPn>PL.PZGIK.200</sln:gmIIPPn><sln:gmIIPWersja>2012-09-26T22:25:41+02:00</sln:gmIIPWersja><sln:gmIdTeryt>2405021</sln:gmIdTeryt><sln:gmNazwa>Pyskowice</sln:gmNazwa><sln:miejscIIPId>18531ce0-d028-443a-baac-8f7bc9e1fdc5</sln:miejscIIPId><sln:miejscIIPPn>PL.PZGIK.200</sln:miejscIIPPn><sln:miejscIIPWersja>2016-11-24T13:46:00+02:00</sln:miejscIIPWersja><sln:miejscIdTeryt>0942430</sln:miejscIdTeryt><sln:miejscNazwa>Dzierżno</sln:miejscNazwa><sln:miejscRodzaj>Inny obiekt</sln:miejscRodzaj><sln:powIIPId>6b32441a-4fce-4379-8626-fae9d7935133</sln:powIIPId><sln:powIIPPn>PL.PZGIK.200</sln:powIIPPn><sln:powIIPWersja>2012-09-27T09:34:20+02:00</sln:powIIPWersja><sln:powIdTeryt>2405</sln:powIdTeryt><sln:powNazwa>gliwicki</sln:powNazwa><sln:wojIIPId>98a63fe6-1e56-4d05-9c47-ab4233f8a6ff</sln:wojIIPId><sln:wojIIPPn>PL.PZGIK.200</sln:wojIIPPn><sln:wojIIPWersja>2017-10-10T00:00:00+02:00</sln:wojIIPWersja><sln:wojIdTeryt>24</sln:wojIdTeryt><sln:wojNazwa>śląskie</sln:wojNazwa></sln:miejscowosc><sln:miejscowosc><sln:cyklZyciaOd>2014-12-10T00:00:00+01:00</sln:cyklZyciaOd><sln:gmIIPId>0d95e084-f3db-420a-acfb-efc9c9ed3437</sln:gmIIPId><sln:gmIIPPn>PL.PZGIK.200</sln:gmIIPPn><sln:gmIIPWersja>2012-09-26T22:25:41+02:00</sln:gmIIPWersja><sln:gmIdTeryt>2405021</sln:gmIdTeryt><sln:gmNazwa>Pyskowice</sln:gmNazwa><sln:miejscIIPId>a5b22a80-cfe3-4225-85a0-e03ef8098a2a</sln:miejscIIPId><sln:miejscIIPPn>PL.PZGIK.200</sln:miejscIIPPn><sln:miejscIIPWersja>2016-11-24T13:29:25+02:00</sln:miejscIIPWersja><sln:miejscIdTeryt>0942417</sln:miejscIdTeryt><sln:miejscNazwa>Pyskowice</sln:miejscNazwa><sln:miejscRodzaj>Miasto</sln:miejscRodzaj><sln:powIIPId>6b32441a-4fce-4379-8626-fae9d7935133</sln:powIIPId><sln:powIIPPn>PL.PZGIK.200</sln:powIIPPn><sln:powIIPWersja>2012-09-27T09:34:20+02:00</sln:powIIPWersja><sln:powIdTeryt>2405</sln:powIdTeryt><sln:powNazwa>gliwicki</sln:powNazwa><sln:wojIIPId>98a63fe6-1e56-4d05-9c47-ab4233f8a6ff</sln:wojIIPId><sln:wojIIPPn>PL.PZGIK.200</sln:wojIIPPn><sln:wojIIPWersja>2017-10-10T00:00:00+02:00</sln:wojIIPWersja><sln:wojIdTeryt>24</sln:wojIdTeryt><sln:wojNazwa>śląskie</sln:wojNazwa></sln:miejscowosc><sln:miejscowosc><sln:cyklZyciaOd>2014-12-10T00:00:00+01:00</sln:cyklZyciaOd><sln:gmIIPId>0d95e084-f3db-420a-acfb-efc9c9ed3437</sln:gmIIPId><sln:gmIIPPn>PL.PZGIK.200</sln:gmIIPPn><sln:gmIIPWersja>2012-09-26T22:25:41+02:00</sln:gmIIPWersja><sln:gmIdTeryt>2405021</sln:gmIdTeryt><sln:gmNazwa>Pyskowice</sln:gmNazwa><sln:miejscIIPId>0a128983-7f56-4e30-a1d3-25c73464d24e</sln:miejscIIPId><sln:miejscIIPPn>PL.PZGIK.200</sln:miejscIIPPn><sln:miejscIIPWersja>2016-11-24T13:27:58+02:00</sln:miejscIIPWersja><sln:miejscIdTeryt>3002408</sln:miejscIdTeryt><sln:miejscNazwa>Kolonia Pyskowicka</sln:miejscNazwa><sln:miejscRodzaj>Inny obiekt</sln:miejscRodzaj><sln:powIIPId>6b32441a-4fce-4379-8626-fae9d7935133</sln:powIIPId><sln:powIIPPn>PL.PZGIK.200</sln:powIIPPn><sln:powIIPWersja>2012-09-27T09:34:20+02:00</sln:powIIPWersja><sln:powIdTeryt>2405</sln:powIdTeryt><sln:powNazwa>gliwicki</sln:powNazwa><sln:wojIIPId>98a63fe6-1e56-4d05-9c47-ab4233f8a6ff</sln:wojIIPId><sln:wojIIPPn>PL.PZGIK.200</sln:wojIIPPn><sln:wojIIPWersja>2017-10-10T00:00:00+02:00</sln:wojIIPWersja><sln:wojIdTeryt>24</sln:wojIdTeryt><sln:wojNazwa>śląskie</sln:wojNazwa></sln:miejscowosc><sln:miejscowosc><sln:cyklZyciaOd>2014-12-10T00:00:00+01:00</sln:cyklZyciaOd><sln:gmIIPId>0d95e084-f3db-420a-acfb-efc9c9ed3437</sln:gmIIPId><sln:gmIIPPn>PL.PZGIK.200</sln:gmIIPPn><sln:gmIIPWersja>2012-09-26T22:25:41+02:00</sln:gmIIPWersja><sln:gmIdTeryt>2405021</sln:gmIdTeryt><sln:gmNazwa>Pyskowice</sln:gmNazwa><sln:miejscIIPId>ffd649d9-d9a0-44be-a48b-b467d8957dd9</sln:miejscIIPId><sln:miejscIIPPn>PL.PZGIK.200</sln:miejscIIPPn><sln:miejscIIPWersja>2016-11-24T13:46:00+02:00</sln:miejscIIPWersja><sln:miejscIdTeryt>0942446</sln:miejscIdTeryt><sln:miejscNazwa>Mikuszowina</sln:miejscNazwa><sln:miejscRodzaj>Inny obiekt</sln:miejscRodzaj><sln:powIIPId>6b32441a-4fce-4379-8626-fae9d7935133</sln:powIIPId><sln:powIIPPn>PL.PZGIK.200</sln:powIIPPn><sln:powIIPWersja>2012-09-27T09:34:20+02:00</sln:powIIPWersja><sln:powIdTeryt>2405</sln:powIdTeryt><sln:powNazwa>gliwicki</sln:powNazwa><sln:wojIIPId>98a63fe6-1e56-4d05-9c47-ab4233f8a6ff</sln:wojIIPId><sln:wojIIPPn>PL.PZGIK.200</sln:wojIIPPn><sln:wojIIPWersja>2017-10-10T00:00:00+02:00</sln:wojIIPWersja><sln:wojIdTeryt>24</sln:wojIdTeryt><sln:wojNazwa>śląskie</sln:wojNazwa></sln:miejscowosc></sln:lista-miejscowosci>