<?xml version="1.0" encoding="UTF-8" standalone="yes"?><sln:lista-miejscowosci xmlns:srv="http://gugik.gov.pl/schemas/slowniki-service/1.0" xmlns:sln="http://gugik.gov.pl/schemas/slowniki-schema/1.0"><sln:miejscowosc><sln:cyklZyciaOd>2015-08-07T00:00:00+02:00</sln:cyklZyciaOd><sln:gmIIPId>e719b55d-8a97-4a3e-a69c-fe01c0c199d6</sln:gmIIPId><sln:gmIIPPn>PL.PZGIK.200</sln:gmIIPPn><sln:gmIIPWersja>2017-10-10T00:00:00+02:00</sln:gmIIPWersja><sln:gmIdTeryt>2403072</sln:gmIdTeryt><sln:gmNazwa>Goleszów</sln:gmNazwa><sln:miejscIIPId>3586cf74-181d-4420-b473-57d0630974b7</sln:miejscIIPId><sln:miejscIIPPn>PL.PZGIK.200</sln:miejscIIPPn><sln:miejscIIPWersja>2016-11-24T14:01:58+02:00</sln:miejscIIPWersja><sln:miejscIdTeryt>0052103</sln:miejscIdTeryt><sln:miejscNazwa>Bażanowice</sln:miejscNazwa><sln:miejscRodzaj>Wieś</sln:miejscRodzaj><sln:powIIPId>41d5d717-6c1d-4048-ad65-a66ef5659ff4</sln:powIIPId><sln:powIIPPn>PL.PZGIK.200</sln:powIIPPn><sln:powIIPWersja>2017-10-10T00:00:00+02:00</sln:powIIPWersja><sln:powIdTeryt>2403</sln:powIdTeryt><sln:powNazwa>cieszyński</sln:powNazwa><sln:wojIIPId>98a63fe6-1e56-4d05-9c47-ab4233f8a6ff</sln:wojIIPId><sln:wojIIPPn>PL.PZGIK.200</sln:wojIIPPn><sln:wojIIPWersja>2017-10-10T00:00:00+02:00</sln:wojIIPWersja><sln:wojIdTeryt>24</sln:wojIdTeryt><sln:wojNazwa>śląskie</sln:wojNazwa></sln:miejscowosc><sln:miejscowosc><sln:cyklZyciaOd>2015-08-07T00:00:00+02:00</sln:cyklZyciaOd><sln:gmIIPId>e719b55d-8a97-4a3e-a69c-fe01c0c199d6</sln:gmIIPId><sln:gmIIPPn>PL.PZGIK.200</sln:gmIIPPn><sln:gmIIPWersja>2017-10-10T00:00:00+02:00</sln:gmIIPWersja><sln:gmIdTeryt>2403072</sln:gmIdTeryt><sln:gmNazwa>Goleszów</sln:gmNazwa><sln:miejscIIPId>396b1649-19aa-4800-8e03-982219e1bd81</sln:miejscIIPId><sln:miejscIIPPn>PL.PZGIK.200</sln:miejscIIPPn><sln:miejscIIPWersja>2016-11-24T14:01:59+02:00</sln:miejscIIPWersja><sln:miejscIdTeryt>0052244</sln:miejscIdTeryt><sln:miejscNazwa>Dzięgielów</sln:miejscNazwa><sln:miejscRodzaj>Wieś</sln:miejscRodzaj><sln:powIIPId>41d5d717-6c1d-4048-ad65-a66ef5659ff4</sln:powIIPId><sln:powIIPPn>PL.PZGIK.200</sln:powIIPPn><sln:powIIPWersja>2017-10-10T00:00:00+02:00</sln:powIIPWersja><sln:powIdTeryt>2403</sln:powIdTeryt><sln:powNazwa>cieszyński</sln:powNazwa><sln:wojIIPId>98a63fe6-1e56-4d05-9c47-ab4233f8a6ff</sln:wojIIPId><sln:wojIIPPn>PL.PZGIK.200</sln:wojIIPPn><sln:wojIIPWersja>2017-10-10T00:00:00+02:00</sln:wojIIPWersja><sln:wojIdTeryt>24</sln:wojIdTeryt><sln:wojNazwa>śląskie</sln:wojNazwa></sln:miejscowosc><sln:miejscowosc><sln:cyklZyciaOd>2015-08-07T00:00:00+02:00</sln:cyklZyciaOd><sln:gmIIPId>e719b55d-8a97-4a3e-a69c-fe01c0c199d6</sln:gmIIPId><sln:gmIIPPn>PL.PZGIK.200</sln:gmIIPPn><sln:gmIIPWersja>2017-10-10T00:00:00+02:00</sln:gmIIPWersja><sln:gmIdTeryt>2403072</sln:gmIdTeryt><sln:gmNazwa>Goleszów</sln:gmNazwa><sln:miejscIIPId>04b232d1-c085-42e1-b959-20219b3116eb</sln:miejscIIPId><sln:miejscIIPPn>PL.PZGIK.200</sln:miejscIIPPn><sln:miejscIIPWersja>2016-11-24T14:02:02+02:00</sln:miejscIIPWersja><sln:miejscIdTeryt>0052132</sln:miejscIdTeryt><sln:miejscNazwa>Cisownica</sln:miejscNazwa><sln:miejscRodzaj>Wieś</sln:miejscRodzaj><sln:powIIPId>41d5d717-6c1d-4048-ad65-a66ef5659ff4</sln:powIIPId><sln:powIIPPn>PL.PZGIK.200</sln:powIIPPn><sln:powIIPWersja>2017-10-10T00:00:00+02:00</sln:powIIPWersja><sln:powIdTeryt>2403</sln:powIdTeryt><sln:powNazwa>cieszyński</sln:powNazwa><sln:wojIIPId>98a63fe6-1e56-4d05-9c47-ab4233f8a6ff</sln:wojIIPId><sln:wojIIPPn>PL.PZGIK.200</sln:wojIIPPn><sln:wojIIPWersja>2017-10-10T00:00:00+02:00</sln:wojIIPWersja><sln:wojIdTeryt>24</sln:wojIdTeryt><sln:wojNazwa>śląskie</sln:wojNazwa></sln:miejscowosc><sln:miejscowosc><sln:cyklZyciaOd>2015-08-07T00:00:00+02:00</sln:cyklZyciaOd><sln:gmIIPId>e719b55d-8a97-4a3e-a69c-fe01c0c199d6</sln:gmIIPId><sln:gmIIPPn>PL.PZGIK.200</sln:gmIIPPn><sln:gmIIPWersja>2017-10-10T00:00:00+02:00</sln:gmIIPWersja><sln:gmIdTeryt>2403072</sln:gmIdTeryt><sln:gmNazwa>Goleszów</sln:gmNazwa><sln:miejscIIPId>48dc4759-b2e5-45f6-b68e-d2d95ab2746d</sln:miejscIIPId><sln:miejscIIPPn>PL.PZGIK.200</sln:miejscIIPPn><sln:miejscIIPWersja>2016-11-24T14:02:04+02:00</sln:miejscIIPWersja><sln:miejscIdTeryt>0052296</sln:miejscIdTeryt><sln:miejscNazwa>Godziszów</sln:miejscNazwa><sln:miejscRodzaj>Wieś</sln:miejscRodzaj><sln:powIIPId>41d5d717-6c1d-4048-ad65-a66ef5659ff4</sln:powIIPId><sln:powIIPPn>PL.PZGIK.200</sln:powIIPPn><sln:powIIPWersja>2017-10-10T00:00:00+02:00</sln:powIIPWersja><sln:powIdTeryt>2403</sln:powIdTeryt><sln:powNazwa>cieszyński</sln:powNazwa><sln:wojIIPId>98a63fe6-1e56-4d05-9c47-ab4233f8a6ff</sln:wojIIPId><sln:wojIIPPn>PL.PZGIK.200</sln:wojIIPPn><sln:wojIIPWersja>2017-10-10T00:00:00+02:00</sln:wojIIPWersja><sln:wojIdTeryt>24</sln:wojIdTeryt><sln:wojNazwa>śląskie</sln:wojNazwa></sln:miejscowosc><sln:miejscowosc><sln:cyklZyciaOd>2015-08-07T00:00:00+02:00</sln:cyklZyciaOd><sln:gmIIPId>e719b55d-8a97-4a3e-a69c-fe01c0c199d6</sln:gmIIPId><sln:gmIIPPn>PL.PZGIK.200</sln:gmIIPPn><sln:gmIIPWersja>2017-10-10T00:00:00+02:00</sln:gmIIPWersja><sln:gmIdTeryt>2403072</sln:gmIdTeryt><sln:gmNazwa>Goleszów</sln:gmNazwa><sln:miejscIIPId>57ea7cd9-158b-4cae-aa6f-76f80ed67530</sln:miejscIIPId><sln:miejscIIPPn>PL.PZGIK.200</sln:miejscIIPPn><sln:miejscIIPWersja>2016-11-24T14:02:05+02:00</sln:miejscIIPWersja><sln:miejscIdTeryt>0052327</sln:miejscIdTeryt><sln:miejscNazwa>Goleszów</sln:miejscNazwa><sln:miejscRodzaj>Wieś</sln:miejscRodzaj><sln:powIIPId>41d5d717-6c1d-4048-ad65-a66ef5659ff4</sln:powIIPId><sln:powIIPPn>PL.PZGIK.200</sln:powIIPPn><sln:powIIPWersja>2017-10-10T00:00:00+02:00</sln:powIIPWersja><sln:powIdTeryt>2403</sln:powIdTeryt><sln:powNazwa>cieszyński</sln:powNazwa><sln:wojIIPId>98a63fe6-1e56-4d05-9c47-ab4233f8a6ff</sln:wojIIPId><sln:wojIIPPn>PL.PZGIK.200</sln:wojIIPPn><sln:wojIIPWersja>2017-10-10T00:00:00+02:00</sln:wojIIPWersja><sln:wojIdTeryt>24</sln:wojIdTeryt><sln:wojNazwa>śląskie</sln:wojNazwa></sln:miejscowosc><sln:miejscowosc><sln:cyklZyciaOd>2015-08-07T00:00:00+02:00</sln:cyklZyciaOd><sln:gmIIPId>e719b55d-8a97-4a3e-a69c-fe01c0c199d6</sln:gmIIPId><sln:gmIIPPn>PL.PZGIK.200</sln:gmIIPPn><sln:gmIIPWersja>2017-10-10T00:00:00+02:00</sln:gmIIPWersja><sln:gmIdTeryt>2403072</sln:gmIdTeryt><sln:gmNazwa>Goleszów</sln:gmNazwa><sln:miejscIIPId>2cde69c3-79ec-4523-bb14-03851e24257b</sln:miejscIIPId><sln:miejscIIPPn>PL.PZGIK.200</sln:miejscIIPPn><sln:miejscIIPWersja>2016-11-24T14:02:16+02:00</sln:miejscIIPWersja><sln:miejscIdTeryt>0052422</sln:miejscIdTeryt><sln:miejscNazwa>Kisielów</sln:miejscNazwa><sln:miejscRodzaj>Wieś</sln:miejscRodzaj><sln:powIIPId>41d5d717-6c1d-4048-ad65-a66ef5659ff4</sln:powIIPId><sln:powIIPPn>PL.PZGIK.200</sln:powIIPPn><sln:powIIPWersja>2017-10-10T00:00:00+02:00</sln:powIIPWersja><sln:powIdTeryt>2403</sln:powIdTeryt><sln:powNazwa>cieszyński</sln:powNazwa><sln:wojIIPId>98a63fe6-1e56-4d05-9c47-ab4233f8a6ff</sln:wojIIPId><sln:wojIIPPn>PL.PZGIK.200</sln:wojIIPPn><sln:wojIIPWersja>2017-10-10T00:00:00+02:00</sln:wojIIPWersja><sln:wojIdTeryt>24</sln:wojIdTeryt><sln:wojNazwa>śląskie</sln:wojNazwa></sln:miejscowosc><sln:miejscowosc><sln:cyklZyciaOd>2015-08-07T00:00:00+02:00</sln:cyklZyciaOd><sln:gmIIPId>e719b55d-8a97-4a3e-a69c-fe01c0c199d6</sln:gmIIPId><sln:gmIIPPn>PL.PZGIK.200</sln:gmIIPPn><sln:gmIIPWersja>2017-10-10T00:00:00+02:00</sln:gmIIPWersja><sln:gmIdTeryt>2403072</sln:gmIdTeryt><sln:gmNazwa>Goleszów</sln:gmNazwa><sln:miejscIIPId>23719be4-bde5-4add-8d4f-078275e06d77</sln:miejscIIPId><sln:miejscIIPPn>PL.PZGIK.200</sln:miejscIIPPn><sln:miejscIIPWersja>2016-11-24T14:02:21+02:00</sln:miejscIIPWersja><sln:miejscIdTeryt>0052445</sln:miejscIdTeryt><sln:miejscNazwa>Kozakowice Dolne</sln:miejscNazwa><sln:miejscRodzaj>Wieś</sln:miejscRodzaj><sln:powIIPId>41d5d717-6c1d-4048-ad65-a66ef5659ff4</sln:powIIPId><sln:powIIPPn>PL.PZGIK.200</sln:powIIPPn><sln:powIIPWersja>2017-10-10T00:00:00+02:00</sln:powIIPWersja><sln:powIdTeryt>2403</sln:powIdTeryt><sln:powNazwa>cieszyński</sln:powNazwa><sln:wojIIPId>98a63fe6-1e56-4d05-9c47-ab4233f8a6ff</sln:wojIIPId><sln:wojIIPPn>PL.PZGIK.200</sln:wojIIPPn><sln:wojIIPWersja>2017-10-10T00:00:00+02:00</sln:wojIIPWersja><sln:wojIdTeryt>24</sln:wojIdTeryt><sln:wojNazwa>śląskie</sln:wojNazwa></sln:miejscowosc><sln:miejscowosc><sln:cyklZyciaOd>2015-08-07T00:00:00+02:00</sln:cyklZyciaOd><sln:gmIIPId>e719b55d-8a97-4a3e-a69c-fe01c0c199d6</sln:gmIIPId><sln:gmIIPPn>PL.PZGIK.200</sln:gmIIPPn><sln:gmIIPWersja>2017-10-10T00:00:00+02:00</sln:gmIIPWersja><sln:gmIdTeryt>2403072</sln:gmIdTeryt><sln:gmNazwa>Goleszów</sln:gmNazwa><sln:miejscIIPId>53600b26-c321-495a-877a-f9a89a7ae16f</sln:miejscIIPId><sln:miejscIIPPn>PL.PZGIK.200</sln:miejscIIPPn><sln:miejscIIPWersja>2016-11-24T14:02:23+02:00</sln:miejscIIPWersja><sln:miejscIdTeryt>0052451</sln:miejscIdTeryt><sln:miejscNazwa>Kozakowice Górne</sln:miejscNazwa><sln:miejscRodzaj>Wieś</sln:miejscRodzaj><sln:powIIPId>41d5d717-6c1d-4048-ad65-a66ef5659ff4</sln:powIIPId><sln:powIIPPn>PL.PZGIK.200</sln:powIIPPn><sln:powIIPWersja>2017-10-10T00:00:00+02:00</sln:powIIPWersja><sln:powIdTeryt>2403</sln:powIdTeryt><sln:powNazwa>cieszyński</sln:powNazwa><sln:wojIIPId>98a63fe6-1e56-4d05-9c47-ab4233f8a6ff</sln:wojIIPId><sln:wojIIPPn>PL.PZGIK.200</sln:wojIIPPn><sln:wojIIPWersja>2017-10-10T00:00:00+02:00</sln:wojIIPWersja><sln:wojIdTeryt>24</sln:wojIdTeryt><sln:wojNazwa>śląskie</sln:wojNazwa></sln:miejscowosc><sln:miejscowosc><sln:cyklZyciaOd>2015-08-07T00:00:00+02:00</sln:cyklZyciaOd><sln:gmIIPId>e719b55d-8a97-4a3e-a69c-fe01c0c199d6</sln:gmIIPId><sln:gmIIPPn>PL.PZGIK.200</sln:gmIIPPn><sln:gmIIPWersja>2017-10-10T00:00:00+02:00</sln:gmIIPWersja><sln:gmIdTeryt>2403072</sln:gmIdTeryt><sln:gmNazwa>Goleszów</sln:gmNazwa><sln:miejscIIPId>18bb5da0-8842-4c61-8e42-e677df6d1fd6</sln:miejscIIPId><sln:miejscIIPPn>PL.PZGIK.200</sln:miejscIIPPn><sln:miejscIIPWersja>2016-11-24T14:02:27+02:00</sln:miejscIIPWersja><sln:miejscIdTeryt>0052468</sln:miejscIdTeryt><sln:miejscNazwa>Leszna Górna</sln:miejscNazwa><sln:miejscRodzaj>Wieś</sln:miejscRodzaj><sln:powIIPId>41d5d717-6c1d-4048-ad65-a66ef5659ff4</sln:powIIPId><sln:powIIPPn>PL.PZGIK.200</sln:powIIPPn><sln:powIIPWersja>2017-10-10T00:00:00+02:00</sln:powIIPWersja><sln:powIdTeryt>2403</sln:powIdTeryt><sln:powNazwa>cieszyński</sln:powNazwa><sln:wojIIPId>98a63fe6-1e56-4d05-9c47-ab4233f8a6ff</sln:wojIIPId><sln:wojIIPPn>PL.PZGIK.200</sln:wojIIPPn><sln:wojIIPWersja>2017-10-10T00:00:00+02:00</sln:wojIIPWersja><sln:wojIdTeryt>24</sln:wojIdTeryt><sln:wojNazwa>śląskie</sln:wojNazwa></sln:miejscowosc><sln:miejscowosc><sln:cyklZyciaOd>2015-08-07T00:00:00+02:00</sln:cyklZyciaOd><sln:gmIIPId>e719b55d-8a97-4a3e-a69c-fe01c0c199d6</sln:gmIIPId><sln:gmIIPPn>PL.PZGIK.200</sln:gmIIPPn><sln:gmIIPWersja>2017-10-10T00:00:00+02:00</sln:gmIIPWersja><sln:gmIdTeryt>2403072</sln:gmIdTeryt><sln:gmNazwa>Goleszów</sln:gmNazwa><sln:miejscIIPId>dd9c1eb5-ae95-4366-aad0-d00e2db21dab</sln:miejscIIPId><sln:miejscIIPPn>PL.PZGIK.200</sln:miejscIIPPn><sln:miejscIIPWersja>2016-11-24T14:02:28+02:00</sln:miejscIIPWersja><sln:miejscIdTeryt>0052528</sln:miejscIdTeryt><sln:miejscNazwa>Puńców</sln:miejscNazwa><sln:miejscRodzaj>Wieś</sln:miejscRodzaj><sln:powIIPId>41d5d717-6c1d-4048-ad65-a66ef5659ff4</sln:powIIPId><sln:powIIPPn>PL.PZGIK.200</sln:powIIPPn><sln:powIIPWersja>2017-10-10T00:00:00+02:00</sln:powIIPWersja><sln:powIdTeryt>2403</sln:powIdTeryt><sln:powNazwa>cieszyński</sln:powNazwa><sln:wojIIPId>98a63fe6-1e56-4d05-9c47-ab4233f8a6ff</sln:wojIIPId><sln:wojIIPPn>PL.PZGIK.200</sln:wojIIPPn><sln:wojIIPWersja>2017-10-10T00:00:00+02:00</sln:wojIIPWersja><sln:wojIdTeryt>24</sln:wojIdTeryt><sln:wojNazwa>śląskie</sln:wojNazwa></sln:miejscowosc></sln:lista-miejscowosci>