<?xml version="1.0" encoding="UTF-8" standalone="yes"?><sln:lista-miejscowosci xmlns:srv="http://gugik.gov.pl/schemas/slowniki-service/1.0" xmlns:sln="http://gugik.gov.pl/schemas/slowniki-schema/1.0"><sln:miejscowosc><sln:cyklZyciaDo>2017-04-18T00:00:00+02:00</sln:cyklZyciaDo><sln:cyklZyciaOd>2015-11-06T00:00:00+01:00</sln:cyklZyciaOd><sln:gmIIPId>e9bc575b-2bdd-406c-a7b2-d2ceed995e10</sln:gmIIPId><sln:gmIIPPn>PL.PZGIK.200</sln:gmIIPPn><sln:gmIIPWersja>2012-09-26T22:26:26+02:00</sln:gmIIPWersja><sln:gmIdTeryt>2415092</sln:gmIdTeryt><sln:gmNazwa>Mszana</sln:gmNazwa><sln:miejscIIPId>f4e45f7c-861f-4144-bb1d-dbdaec975796</sln:miejscIIPId><sln:miejscIIPPn>PL.PZGIK.200</sln:miejscIIPPn><sln:miejscIIPWersja>2016-11-24T09:46:59+02:00</sln:miejscIIPWersja><sln:miejscIdTeryt>0217461</sln:miejscIdTeryt><sln:miejscNazwa>Gogołowa</sln:miejscNazwa><sln:miejscRodzaj>Wieś</sln:miejscRodzaj><sln:powIIPId>45733634-43de-469a-8481-a533d0560b32</sln:powIIPId><sln:powIIPPn>PL.PZGIK.200</sln:powIIPPn><sln:powIIPWersja>2017-10-10T00:00:00+02:00</sln:powIIPWersja><sln:powIdTeryt>2415</sln:powIdTeryt><sln:powNazwa>wodzisławski</sln:powNazwa><sln:waznyOd>2013-08-09T00:00:00+02:00</sln:waznyOd><sln:wojIIPId>98a63fe6-1e56-4d05-9c47-ab4233f8a6ff</sln:wojIIPId><sln:wojIIPPn>PL.PZGIK.200</sln:wojIIPPn><sln:wojIIPWersja>2017-10-10T00:00:00+02:00</sln:wojIIPWersja><sln:wojIdTeryt>24</sln:wojIdTeryt><sln:wojNazwa>śląskie</sln:wojNazwa></sln:miejscowosc><sln:miejscowosc><sln:cyklZyciaDo>2017-04-18T00:00:00+02:00</sln:cyklZyciaDo><sln:cyklZyciaOd>2015-11-06T00:00:00+01:00</sln:cyklZyciaOd><sln:gmIIPId>e9bc575b-2bdd-406c-a7b2-d2ceed995e10</sln:gmIIPId><sln:gmIIPPn>PL.PZGIK.200</sln:gmIIPPn><sln:gmIIPWersja>2012-09-26T22:26:26+02:00</sln:gmIIPWersja><sln:gmIdTeryt>2415092</sln:gmIdTeryt><sln:gmNazwa>Mszana</sln:gmNazwa><sln:miejscIIPId>85ba89e1-be45-438c-a414-6c541fd3ed58</sln:miejscIIPId><sln:miejscIIPPn>PL.PZGIK.200</sln:miejscIIPPn><sln:miejscIIPWersja>2016-11-24T09:47:01+02:00</sln:miejscIIPWersja><sln:miejscIdTeryt>0217484</sln:miejscIdTeryt><sln:miejscNazwa>Mszana</sln:miejscNazwa><sln:miejscRodzaj>Wieś</sln:miejscRodzaj><sln:powIIPId>45733634-43de-469a-8481-a533d0560b32</sln:powIIPId><sln:powIIPPn>PL.PZGIK.200</sln:powIIPPn><sln:powIIPWersja>2017-10-10T00:00:00+02:00</sln:powIIPWersja><sln:powIdTeryt>2415</sln:powIdTeryt><sln:powNazwa>wodzisławski</sln:powNazwa><sln:waznyOd>2013-08-09T00:00:00+02:00</sln:waznyOd><sln:wojIIPId>98a63fe6-1e56-4d05-9c47-ab4233f8a6ff</sln:wojIIPId><sln:wojIIPPn>PL.PZGIK.200</sln:wojIIPPn><sln:wojIIPWersja>2017-10-10T00:00:00+02:00</sln:wojIIPWersja><sln:wojIdTeryt>24</sln:wojIdTeryt><sln:wojNazwa>śląskie</sln:wojNazwa></sln:miejscowosc><sln:miejscowosc><sln:cyklZyciaDo>2017-04-18T00:00:00+02:00</sln:cyklZyciaDo><sln:cyklZyciaOd>2015-11-06T00:00:00+01:00</sln:cyklZyciaOd><sln:gmIIPId>e9bc575b-2bdd-406c-a7b2-d2ceed995e10</sln:gmIIPId><sln:gmIIPPn>PL.PZGIK.200</sln:gmIIPPn><sln:gmIIPWersja>2012-09-26T22:26:26+02:00</sln:gmIIPWersja><sln:gmIdTeryt>2415092</sln:gmIdTeryt><sln:gmNazwa>Mszana</sln:gmNazwa><sln:miejscIIPId>66d8ec7f-3241-463e-be74-276bfdd6bd45</sln:miejscIIPId><sln:miejscIIPPn>PL.PZGIK.200</sln:miejscIIPPn><sln:miejscIIPWersja>2016-11-24T09:47:03+02:00</sln:miejscIIPWersja><sln:miejscIdTeryt>0217538</sln:miejscIdTeryt><sln:miejscNazwa>Połomia</sln:miejscNazwa><sln:miejscRodzaj>Wieś</sln:miejscRodzaj><sln:powIIPId>45733634-43de-469a-8481-a533d0560b32</sln:powIIPId><sln:powIIPPn>PL.PZGIK.200</sln:powIIPPn><sln:powIIPWersja>2017-10-10T00:00:00+02:00</sln:powIIPWersja><sln:powIdTeryt>2415</sln:powIdTeryt><sln:powNazwa>wodzisławski</sln:powNazwa><sln:waznyOd>2013-08-09T00:00:00+02:00</sln:waznyOd><sln:wojIIPId>98a63fe6-1e56-4d05-9c47-ab4233f8a6ff</sln:wojIIPId><sln:wojIIPPn>PL.PZGIK.200</sln:wojIIPPn><sln:wojIIPWersja>2017-10-10T00:00:00+02:00</sln:wojIIPWersja><sln:wojIdTeryt>24</sln:wojIdTeryt><sln:wojNazwa>śląskie</sln:wojNazwa></sln:miejscowosc><sln:miejscowosc><sln:cyklZyciaDo>2015-10-27T00:00:00+01:00</sln:cyklZyciaDo><sln:cyklZyciaOd>2015-03-05T00:00:00+01:00</sln:cyklZyciaOd><sln:gmIIPId>e9bc575b-2bdd-406c-a7b2-d2ceed995e10</sln:gmIIPId><sln:gmIIPPn>PL.PZGIK.200</sln:gmIIPPn><sln:gmIIPWersja>2012-09-26T22:26:26+02:00</sln:gmIIPWersja><sln:gmIdTeryt>2415092</sln:gmIdTeryt><sln:gmNazwa>Mszana</sln:gmNazwa><sln:miejscIIPId>f4e45f7c-861f-4144-bb1d-dbdaec975796</sln:miejscIIPId><sln:miejscIIPPn>PL.PZGIK.200</sln:miejscIIPPn><sln:miejscIIPWersja>2016-11-24T09:47:00+02:00</sln:miejscIIPWersja><sln:miejscIdTeryt>0217461</sln:miejscIdTeryt><sln:miejscNazwa>Gogołowa</sln:miejscNazwa><sln:miejscRodzaj>Inny obiekt</sln:miejscRodzaj><sln:powIIPId>45733634-43de-469a-8481-a533d0560b32</sln:powIIPId><sln:powIIPPn>PL.PZGIK.200</sln:powIIPPn><sln:powIIPWersja>2017-10-10T00:00:00+02:00</sln:powIIPWersja><sln:powIdTeryt>2415</sln:powIdTeryt><sln:powNazwa>wodzisławski</sln:powNazwa><sln:waznyOd>2013-08-09T00:00:00+02:00</sln:waznyOd><sln:wojIIPId>98a63fe6-1e56-4d05-9c47-ab4233f8a6ff</sln:wojIIPId><sln:wojIIPPn>PL.PZGIK.200</sln:wojIIPPn><sln:wojIIPWersja>2017-10-10T00:00:00+02:00</sln:wojIIPWersja><sln:wojIdTeryt>24</sln:wojIdTeryt><sln:wojNazwa>śląskie</sln:wojNazwa></sln:miejscowosc><sln:miejscowosc><sln:cyklZyciaDo>2015-10-27T00:00:00+01:00</sln:cyklZyciaDo><sln:cyklZyciaOd>2015-03-05T00:00:00+01:00</sln:cyklZyciaOd><sln:gmIIPId>e9bc575b-2bdd-406c-a7b2-d2ceed995e10</sln:gmIIPId><sln:gmIIPPn>PL.PZGIK.200</sln:gmIIPPn><sln:gmIIPWersja>2012-09-26T22:26:26+02:00</sln:gmIIPWersja><sln:gmIdTeryt>2415092</sln:gmIdTeryt><sln:gmNazwa>Mszana</sln:gmNazwa><sln:miejscIIPId>85ba89e1-be45-438c-a414-6c541fd3ed58</sln:miejscIIPId><sln:miejscIIPPn>PL.PZGIK.200</sln:miejscIIPPn><sln:miejscIIPWersja>2016-11-24T09:47:02+02:00</sln:miejscIIPWersja><sln:miejscIdTeryt>0217484</sln:miejscIdTeryt><sln:miejscNazwa>Mszana</sln:miejscNazwa><sln:miejscRodzaj>Inny obiekt</sln:miejscRodzaj><sln:powIIPId>45733634-43de-469a-8481-a533d0560b32</sln:powIIPId><sln:powIIPPn>PL.PZGIK.200</sln:powIIPPn><sln:powIIPWersja>2017-10-10T00:00:00+02:00</sln:powIIPWersja><sln:powIdTeryt>2415</sln:powIdTeryt><sln:powNazwa>wodzisławski</sln:powNazwa><sln:waznyOd>2013-08-09T00:00:00+02:00</sln:waznyOd><sln:wojIIPId>98a63fe6-1e56-4d05-9c47-ab4233f8a6ff</sln:wojIIPId><sln:wojIIPPn>PL.PZGIK.200</sln:wojIIPPn><sln:wojIIPWersja>2017-10-10T00:00:00+02:00</sln:wojIIPWersja><sln:wojIdTeryt>24</sln:wojIdTeryt><sln:wojNazwa>śląskie</sln:wojNazwa></sln:miejscowosc><sln:miejscowosc><sln:cyklZyciaDo>2015-10-27T00:00:00+01:00</sln:cyklZyciaDo><sln:cyklZyciaOd>2015-03-05T00:00:00+01:00</sln:cyklZyciaOd><sln:gmIIPId>e9bc575b-2bdd-406c-a7b2-d2ceed995e10</sln:gmIIPId><sln:gmIIPPn>PL.PZGIK.200</sln:gmIIPPn><sln:gmIIPWersja>2012-09-26T22:26:26+02:00</sln:gmIIPWersja><sln:gmIdTeryt>2415092</sln:gmIdTeryt><sln:gmNazwa>Mszana</sln:gmNazwa><sln:miejscIIPId>66d8ec7f-3241-463e-be74-276bfdd6bd45</sln:miejscIIPId><sln:miejscIIPPn>PL.PZGIK.200</sln:miejscIIPPn><sln:miejscIIPWersja>2016-11-24T09:47:04+02:00</sln:miejscIIPWersja><sln:miejscIdTeryt>0217538</sln:miejscIdTeryt><sln:miejscNazwa>Połomia</sln:miejscNazwa><sln:miejscRodzaj>Inny obiekt</sln:miejscRodzaj><sln:powIIPId>45733634-43de-469a-8481-a533d0560b32</sln:powIIPId><sln:powIIPPn>PL.PZGIK.200</sln:powIIPPn><sln:powIIPWersja>2017-10-10T00:00:00+02:00</sln:powIIPWersja><sln:powIdTeryt>2415</sln:powIdTeryt><sln:powNazwa>wodzisławski</sln:powNazwa><sln:waznyOd>2013-08-09T00:00:00+02:00</sln:waznyOd><sln:wojIIPId>98a63fe6-1e56-4d05-9c47-ab4233f8a6ff</sln:wojIIPId><sln:wojIIPPn>PL.PZGIK.200</sln:wojIIPPn><sln:wojIIPWersja>2017-10-10T00:00:00+02:00</sln:wojIIPWersja><sln:wojIdTeryt>24</sln:wojIdTeryt><sln:wojNazwa>śląskie</sln:wojNazwa></sln:miejscowosc><sln:miejscowosc><sln:cyklZyciaDo>2015-11-06T00:00:00+01:00</sln:cyklZyciaDo><sln:cyklZyciaOd>2015-10-27T00:00:00+01:00</sln:cyklZyciaOd><sln:gmIIPId>e9bc575b-2bdd-406c-a7b2-d2ceed995e10</sln:gmIIPId><sln:gmIIPPn>PL.PZGIK.200</sln:gmIIPPn><sln:gmIIPWersja>2012-09-26T22:26:26+02:00</sln:gmIIPWersja><sln:gmIdTeryt>2415092</sln:gmIdTeryt><sln:gmNazwa>Mszana</sln:gmNazwa><sln:miejscIIPId>f4e45f7c-861f-4144-bb1d-dbdaec975796</sln:miejscIIPId><sln:miejscIIPPn>PL.PZGIK.200</sln:miejscIIPPn><sln:miejscIIPWersja>2016-11-24T09:47:01+02:00</sln:miejscIIPWersja><sln:miejscIdTeryt>0217461</sln:miejscIdTeryt><sln:miejscNazwa>Gogołowa</sln:miejscNazwa><sln:miejscRodzaj>Wieś</sln:miejscRodzaj><sln:powIIPId>45733634-43de-469a-8481-a533d0560b32</sln:powIIPId><sln:powIIPPn>PL.PZGIK.200</sln:powIIPPn><sln:powIIPWersja>2017-10-10T00:00:00+02:00</sln:powIIPWersja><sln:powIdTeryt>2415</sln:powIdTeryt><sln:powNazwa>wodzisławski</sln:powNazwa><sln:waznyOd>2013-08-09T00:00:00+02:00</sln:waznyOd><sln:wojIIPId>98a63fe6-1e56-4d05-9c47-ab4233f8a6ff</sln:wojIIPId><sln:wojIIPPn>PL.PZGIK.200</sln:wojIIPPn><sln:wojIIPWersja>2017-10-10T00:00:00+02:00</sln:wojIIPWersja><sln:wojIdTeryt>24</sln:wojIdTeryt><sln:wojNazwa>śląskie</sln:wojNazwa></sln:miejscowosc><sln:miejscowosc><sln:cyklZyciaDo>2015-11-06T00:00:00+01:00</sln:cyklZyciaDo><sln:cyklZyciaOd>2015-10-27T00:00:00+01:00</sln:cyklZyciaOd><sln:gmIIPId>e9bc575b-2bdd-406c-a7b2-d2ceed995e10</sln:gmIIPId><sln:gmIIPPn>PL.PZGIK.200</sln:gmIIPPn><sln:gmIIPWersja>2012-09-26T22:26:26+02:00</sln:gmIIPWersja><sln:gmIdTeryt>2415092</sln:gmIdTeryt><sln:gmNazwa>Mszana</sln:gmNazwa><sln:miejscIIPId>85ba89e1-be45-438c-a414-6c541fd3ed58</sln:miejscIIPId><sln:miejscIIPPn>PL.PZGIK.200</sln:miejscIIPPn><sln:miejscIIPWersja>2016-11-24T09:47:03+02:00</sln:miejscIIPWersja><sln:miejscIdTeryt>0217484</sln:miejscIdTeryt><sln:miejscNazwa>Mszana</sln:miejscNazwa><sln:miejscRodzaj>Wieś</sln:miejscRodzaj><sln:powIIPId>45733634-43de-469a-8481-a533d0560b32</sln:powIIPId><sln:powIIPPn>PL.PZGIK.200</sln:powIIPPn><sln:powIIPWersja>2017-10-10T00:00:00+02:00</sln:powIIPWersja><sln:powIdTeryt>2415</sln:powIdTeryt><sln:powNazwa>wodzisławski</sln:powNazwa><sln:waznyOd>2013-08-09T00:00:00+02:00</sln:waznyOd><sln:wojIIPId>98a63fe6-1e56-4d05-9c47-ab4233f8a6ff</sln:wojIIPId><sln:wojIIPPn>PL.PZGIK.200</sln:wojIIPPn><sln:wojIIPWersja>2017-10-10T00:00:00+02:00</sln:wojIIPWersja><sln:wojIdTeryt>24</sln:wojIdTeryt><sln:wojNazwa>śląskie</sln:wojNazwa></sln:miejscowosc><sln:miejscowosc><sln:cyklZyciaDo>2015-11-06T00:00:00+01:00</sln:cyklZyciaDo><sln:cyklZyciaOd>2015-10-27T00:00:00+01:00</sln:cyklZyciaOd><sln:gmIIPId>e9bc575b-2bdd-406c-a7b2-d2ceed995e10</sln:gmIIPId><sln:gmIIPPn>PL.PZGIK.200</sln:gmIIPPn><sln:gmIIPWersja>2012-09-26T22:26:26+02:00</sln:gmIIPWersja><sln:gmIdTeryt>2415092</sln:gmIdTeryt><sln:gmNazwa>Mszana</sln:gmNazwa><sln:miejscIIPId>66d8ec7f-3241-463e-be74-276bfdd6bd45</sln:miejscIIPId><sln:miejscIIPPn>PL.PZGIK.200</sln:miejscIIPPn><sln:miejscIIPWersja>2016-11-24T09:47:05+02:00</sln:miejscIIPWersja><sln:miejscIdTeryt>0217538</sln:miejscIdTeryt><sln:miejscNazwa>Połomia</sln:miejscNazwa><sln:miejscRodzaj>Wieś</sln:miejscRodzaj><sln:powIIPId>45733634-43de-469a-8481-a533d0560b32</sln:powIIPId><sln:powIIPPn>PL.PZGIK.200</sln:powIIPPn><sln:powIIPWersja>2017-10-10T00:00:00+02:00</sln:powIIPWersja><sln:powIdTeryt>2415</sln:powIdTeryt><sln:powNazwa>wodzisławski</sln:powNazwa><sln:waznyOd>2013-08-09T00:00:00+02:00</sln:waznyOd><sln:wojIIPId>98a63fe6-1e56-4d05-9c47-ab4233f8a6ff</sln:wojIIPId><sln:wojIIPPn>PL.PZGIK.200</sln:wojIIPPn><sln:wojIIPWersja>2017-10-10T00:00:00+02:00</sln:wojIIPWersja><sln:wojIdTeryt>24</sln:wojIdTeryt><sln:wojNazwa>śląskie</sln:wojNazwa></sln:miejscowosc><sln:miejscowosc><sln:cyklZyciaOd>2017-04-18T00:00:00+02:00</sln:cyklZyciaOd><sln:gmIIPId>e9bc575b-2bdd-406c-a7b2-d2ceed995e10</sln:gmIIPId><sln:gmIIPPn>PL.PZGIK.200</sln:gmIIPPn><sln:gmIIPWersja>2012-09-26T22:26:26+02:00</sln:gmIIPWersja><sln:gmIdTeryt>2415092</sln:gmIdTeryt><sln:gmNazwa>Mszana</sln:gmNazwa><sln:miejscIIPId>f4e45f7c-861f-4144-bb1d-dbdaec975796</sln:miejscIIPId><sln:miejscIIPPn>PL.PZGIK.200</sln:miejscIIPPn><sln:miejscIIPWersja>2017-04-18T14:38:10+02:00</sln:miejscIIPWersja><sln:miejscIdTeryt>0217461</sln:miejscIdTeryt><sln:miejscNazwa>Gogołowa</sln:miejscNazwa><sln:miejscRodzaj>Wieś</sln:miejscRodzaj><sln:powIIPId>45733634-43de-469a-8481-a533d0560b32</sln:powIIPId><sln:powIIPPn>PL.PZGIK.200</sln:powIIPPn><sln:powIIPWersja>2017-10-10T00:00:00+02:00</sln:powIIPWersja><sln:powIdTeryt>2415</sln:powIdTeryt><sln:powNazwa>wodzisławski</sln:powNazwa><sln:waznyOd>2013-08-09T00:00:00+02:00</sln:waznyOd><sln:wojIIPId>98a63fe6-1e56-4d05-9c47-ab4233f8a6ff</sln:wojIIPId><sln:wojIIPPn>PL.PZGIK.200</sln:wojIIPPn><sln:wojIIPWersja>2017-10-10T00:00:00+02:00</sln:wojIIPWersja><sln:wojIdTeryt>24</sln:wojIdTeryt><sln:wojNazwa>śląskie</sln:wojNazwa></sln:miejscowosc><sln:miejscowosc><sln:cyklZyciaOd>2017-04-18T00:00:00+02:00</sln:cyklZyciaOd><sln:gmIIPId>e9bc575b-2bdd-406c-a7b2-d2ceed995e10</sln:gmIIPId><sln:gmIIPPn>PL.PZGIK.200</sln:gmIIPPn><sln:gmIIPWersja>2012-09-26T22:26:26+02:00</sln:gmIIPWersja><sln:gmIdTeryt>2415092</sln:gmIdTeryt><sln:gmNazwa>Mszana</sln:gmNazwa><sln:miejscIIPId>85ba89e1-be45-438c-a414-6c541fd3ed58</sln:miejscIIPId><sln:miejscIIPPn>PL.PZGIK.200</sln:miejscIIPPn><sln:miejscIIPWersja>2017-04-18T14:38:18+02:00</sln:miejscIIPWersja><sln:miejscIdTeryt>0217484</sln:miejscIdTeryt><sln:miejscNazwa>Mszana</sln:miejscNazwa><sln:miejscRodzaj>Wieś</sln:miejscRodzaj><sln:powIIPId>45733634-43de-469a-8481-a533d0560b32</sln:powIIPId><sln:powIIPPn>PL.PZGIK.200</sln:powIIPPn><sln:powIIPWersja>2017-10-10T00:00:00+02:00</sln:powIIPWersja><sln:powIdTeryt>2415</sln:powIdTeryt><sln:powNazwa>wodzisławski</sln:powNazwa><sln:waznyOd>2013-08-09T00:00:00+02:00</sln:waznyOd><sln:wojIIPId>98a63fe6-1e56-4d05-9c47-ab4233f8a6ff</sln:wojIIPId><sln:wojIIPPn>PL.PZGIK.200</sln:wojIIPPn><sln:wojIIPWersja>2017-10-10T00:00:00+02:00</sln:wojIIPWersja><sln:wojIdTeryt>24</sln:wojIdTeryt><sln:wojNazwa>śląskie</sln:wojNazwa></sln:miejscowosc><sln:miejscowosc><sln:cyklZyciaOd>2017-04-18T00:00:00+02:00</sln:cyklZyciaOd><sln:gmIIPId>e9bc575b-2bdd-406c-a7b2-d2ceed995e10</sln:gmIIPId><sln:gmIIPPn>PL.PZGIK.200</sln:gmIIPPn><sln:gmIIPWersja>2012-09-26T22:26:26+02:00</sln:gmIIPWersja><sln:gmIdTeryt>2415092</sln:gmIdTeryt><sln:gmNazwa>Mszana</sln:gmNazwa><sln:miejscIIPId>66d8ec7f-3241-463e-be74-276bfdd6bd45</sln:miejscIIPId><sln:miejscIIPPn>PL.PZGIK.200</sln:miejscIIPPn><sln:miejscIIPWersja>2017-04-18T14:38:18+02:00</sln:miejscIIPWersja><sln:miejscIdTeryt>0217538</sln:miejscIdTeryt><sln:miejscNazwa>Połomia</sln:miejscNazwa><sln:miejscRodzaj>Wieś</sln:miejscRodzaj><sln:powIIPId>45733634-43de-469a-8481-a533d0560b32</sln:powIIPId><sln:powIIPPn>PL.PZGIK.200</sln:powIIPPn><sln:powIIPWersja>2017-10-10T00:00:00+02:00</sln:powIIPWersja><sln:powIdTeryt>2415</sln:powIdTeryt><sln:powNazwa>wodzisławski</sln:powNazwa><sln:waznyOd>2013-08-09T00:00:00+02:00</sln:waznyOd><sln:wojIIPId>98a63fe6-1e56-4d05-9c47-ab4233f8a6ff</sln:wojIIPId><sln:wojIIPPn>PL.PZGIK.200</sln:wojIIPPn><sln:wojIIPWersja>2017-10-10T00:00:00+02:00</sln:wojIIPWersja><sln:wojIdTeryt>24</sln:wojIdTeryt><sln:wojNazwa>śląskie</sln:wojNazwa></sln:miejscowosc></sln:lista-miejscowosci>