<?xml version="1.0" encoding="UTF-8" standalone="yes"?><sln:lista-miejscowosci xmlns:srv="http://gugik.gov.pl/schemas/slowniki-service/1.0" xmlns:sln="http://gugik.gov.pl/schemas/slowniki-schema/1.0"><sln:miejscowosc><sln:cyklZyciaDo>2017-04-18T00:00:00+02:00</sln:cyklZyciaDo><sln:cyklZyciaOd>2016-02-12T00:00:00+01:00</sln:cyklZyciaOd><sln:gmIIPId>d1cc5717-316e-4fbd-9fb1-92bf7f044f96</sln:gmIIPId><sln:gmIIPPn>PL.PZGIK.200</sln:gmIIPPn><sln:gmIIPWersja>2012-09-26T22:27:09+02:00</sln:gmIIPWersja><sln:gmIdTeryt>2417022</sln:gmIdTeryt><sln:gmNazwa>Czernichów</sln:gmNazwa><sln:miejscIIPId>8f144efa-f0ed-4a8d-b1a2-1e81221b7b32</sln:miejscIIPId><sln:miejscIIPPn>PL.PZGIK.200</sln:miejscIIPPn><sln:miejscIIPWersja>2016-11-24T08:45:05+02:00</sln:miejscIIPWersja><sln:miejscIdTeryt>0051010</sln:miejscIdTeryt><sln:miejscNazwa>Czernichów</sln:miejscNazwa><sln:miejscRodzaj>Wieś</sln:miejscRodzaj><sln:powIIPId>87a03da4-a657-452c-a8f0-aa66c86c06ac</sln:powIIPId><sln:powIIPPn>PL.PZGIK.200</sln:powIIPPn><sln:powIIPWersja>2017-10-10T00:00:00+02:00</sln:powIIPWersja><sln:powIdTeryt>2417</sln:powIdTeryt><sln:powNazwa>żywiecki</sln:powNazwa><sln:waznyOd>2014-11-05T00:00:00+01:00</sln:waznyOd><sln:wojIIPId>98a63fe6-1e56-4d05-9c47-ab4233f8a6ff</sln:wojIIPId><sln:wojIIPPn>PL.PZGIK.200</sln:wojIIPPn><sln:wojIIPWersja>2017-10-10T00:00:00+02:00</sln:wojIIPWersja><sln:wojIdTeryt>24</sln:wojIdTeryt><sln:wojNazwa>śląskie</sln:wojNazwa></sln:miejscowosc><sln:miejscowosc><sln:cyklZyciaDo>2017-04-18T00:00:00+02:00</sln:cyklZyciaDo><sln:cyklZyciaOd>2016-02-12T00:00:00+01:00</sln:cyklZyciaOd><sln:gmIIPId>d1cc5717-316e-4fbd-9fb1-92bf7f044f96</sln:gmIIPId><sln:gmIIPPn>PL.PZGIK.200</sln:gmIIPPn><sln:gmIIPWersja>2012-09-26T22:27:09+02:00</sln:gmIIPWersja><sln:gmIdTeryt>2417022</sln:gmIdTeryt><sln:gmNazwa>Czernichów</sln:gmNazwa><sln:miejscIIPId>a6b65a72-451e-471c-9fc9-8a04197bef6b</sln:miejscIIPId><sln:miejscIIPPn>PL.PZGIK.200</sln:miejscIIPPn><sln:miejscIIPWersja>2016-11-24T08:45:07+02:00</sln:miejscIIPWersja><sln:miejscIdTeryt>0051090</sln:miejscIdTeryt><sln:miejscNazwa>Międzybrodzie Bialskie</sln:miejscNazwa><sln:miejscRodzaj>Wieś</sln:miejscRodzaj><sln:powIIPId>87a03da4-a657-452c-a8f0-aa66c86c06ac</sln:powIIPId><sln:powIIPPn>PL.PZGIK.200</sln:powIIPPn><sln:powIIPWersja>2017-10-10T00:00:00+02:00</sln:powIIPWersja><sln:powIdTeryt>2417</sln:powIdTeryt><sln:powNazwa>żywiecki</sln:powNazwa><sln:waznyOd>2014-11-05T00:00:00+01:00</sln:waznyOd><sln:wojIIPId>98a63fe6-1e56-4d05-9c47-ab4233f8a6ff</sln:wojIIPId><sln:wojIIPPn>PL.PZGIK.200</sln:wojIIPPn><sln:wojIIPWersja>2017-10-10T00:00:00+02:00</sln:wojIIPWersja><sln:wojIdTeryt>24</sln:wojIdTeryt><sln:wojNazwa>śląskie</sln:wojNazwa></sln:miejscowosc><sln:miejscowosc><sln:cyklZyciaDo>2017-04-18T00:00:00+02:00</sln:cyklZyciaDo><sln:cyklZyciaOd>2016-02-12T00:00:00+01:00</sln:cyklZyciaOd><sln:gmIIPId>d1cc5717-316e-4fbd-9fb1-92bf7f044f96</sln:gmIIPId><sln:gmIIPPn>PL.PZGIK.200</sln:gmIIPPn><sln:gmIIPWersja>2012-09-26T22:27:09+02:00</sln:gmIIPWersja><sln:gmIdTeryt>2417022</sln:gmIdTeryt><sln:gmNazwa>Czernichów</sln:gmNazwa><sln:miejscIIPId>40d29a5d-05bf-4f14-9940-a89e827c2e3c</sln:miejscIIPId><sln:miejscIIPPn>PL.PZGIK.200</sln:miejscIIPPn><sln:miejscIIPWersja>2016-11-24T08:45:09+02:00</sln:miejscIIPWersja><sln:miejscIdTeryt>0051374</sln:miejscIdTeryt><sln:miejscNazwa>Międzybrodzie Żywieckie</sln:miejscNazwa><sln:miejscRodzaj>Wieś</sln:miejscRodzaj><sln:powIIPId>87a03da4-a657-452c-a8f0-aa66c86c06ac</sln:powIIPId><sln:powIIPPn>PL.PZGIK.200</sln:powIIPPn><sln:powIIPWersja>2017-10-10T00:00:00+02:00</sln:powIIPWersja><sln:powIdTeryt>2417</sln:powIdTeryt><sln:powNazwa>żywiecki</sln:powNazwa><sln:waznyOd>2014-11-05T00:00:00+01:00</sln:waznyOd><sln:wojIIPId>98a63fe6-1e56-4d05-9c47-ab4233f8a6ff</sln:wojIIPId><sln:wojIIPPn>PL.PZGIK.200</sln:wojIIPPn><sln:wojIIPWersja>2017-10-10T00:00:00+02:00</sln:wojIIPWersja><sln:wojIdTeryt>24</sln:wojIdTeryt><sln:wojNazwa>śląskie</sln:wojNazwa></sln:miejscowosc><sln:miejscowosc><sln:cyklZyciaDo>2017-04-18T00:00:00+02:00</sln:cyklZyciaDo><sln:cyklZyciaOd>2016-02-12T00:00:00+01:00</sln:cyklZyciaOd><sln:gmIIPId>d1cc5717-316e-4fbd-9fb1-92bf7f044f96</sln:gmIIPId><sln:gmIIPPn>PL.PZGIK.200</sln:gmIIPPn><sln:gmIIPWersja>2012-09-26T22:27:09+02:00</sln:gmIIPWersja><sln:gmIdTeryt>2417022</sln:gmIdTeryt><sln:gmNazwa>Czernichów</sln:gmNazwa><sln:miejscIIPId>eaf59703-5be3-4e6f-b031-05a36803408e</sln:miejscIIPId><sln:miejscIIPPn>PL.PZGIK.200</sln:miejscIIPPn><sln:miejscIIPWersja>2016-11-24T08:45:11+02:00</sln:miejscIIPWersja><sln:miejscIdTeryt>0051440</sln:miejscIdTeryt><sln:miejscNazwa>Tresna</sln:miejscNazwa><sln:miejscRodzaj>Wieś</sln:miejscRodzaj><sln:powIIPId>87a03da4-a657-452c-a8f0-aa66c86c06ac</sln:powIIPId><sln:powIIPPn>PL.PZGIK.200</sln:powIIPPn><sln:powIIPWersja>2017-10-10T00:00:00+02:00</sln:powIIPWersja><sln:powIdTeryt>2417</sln:powIdTeryt><sln:powNazwa>żywiecki</sln:powNazwa><sln:waznyOd>2014-11-05T00:00:00+01:00</sln:waznyOd><sln:wojIIPId>98a63fe6-1e56-4d05-9c47-ab4233f8a6ff</sln:wojIIPId><sln:wojIIPPn>PL.PZGIK.200</sln:wojIIPPn><sln:wojIIPWersja>2017-10-10T00:00:00+02:00</sln:wojIIPWersja><sln:wojIdTeryt>24</sln:wojIdTeryt><sln:wojNazwa>śląskie</sln:wojNazwa></sln:miejscowosc><sln:miejscowosc><sln:cyklZyciaDo>2015-12-31T00:00:00+01:00</sln:cyklZyciaDo><sln:cyklZyciaOd>2015-03-13T00:00:00+01:00</sln:cyklZyciaOd><sln:gmIIPId>d1cc5717-316e-4fbd-9fb1-92bf7f044f96</sln:gmIIPId><sln:gmIIPPn>PL.PZGIK.200</sln:gmIIPPn><sln:gmIIPWersja>2012-09-26T22:27:09+02:00</sln:gmIIPWersja><sln:gmIdTeryt>2417022</sln:gmIdTeryt><sln:gmNazwa>Czernichów</sln:gmNazwa><sln:miejscIIPId>8f144efa-f0ed-4a8d-b1a2-1e81221b7b32</sln:miejscIIPId><sln:miejscIIPPn>PL.PZGIK.200</sln:miejscIIPPn><sln:miejscIIPWersja>2016-11-24T08:45:06+02:00</sln:miejscIIPWersja><sln:miejscIdTeryt>0051010</sln:miejscIdTeryt><sln:miejscNazwa>Czernichów</sln:miejscNazwa><sln:miejscRodzaj>Inny obiekt</sln:miejscRodzaj><sln:powIIPId>87a03da4-a657-452c-a8f0-aa66c86c06ac</sln:powIIPId><sln:powIIPPn>PL.PZGIK.200</sln:powIIPPn><sln:powIIPWersja>2017-10-10T00:00:00+02:00</sln:powIIPWersja><sln:powIdTeryt>2417</sln:powIdTeryt><sln:powNazwa>żywiecki</sln:powNazwa><sln:waznyOd>2014-11-05T00:00:00+01:00</sln:waznyOd><sln:wojIIPId>98a63fe6-1e56-4d05-9c47-ab4233f8a6ff</sln:wojIIPId><sln:wojIIPPn>PL.PZGIK.200</sln:wojIIPPn><sln:wojIIPWersja>2017-10-10T00:00:00+02:00</sln:wojIIPWersja><sln:wojIdTeryt>24</sln:wojIdTeryt><sln:wojNazwa>śląskie</sln:wojNazwa></sln:miejscowosc><sln:miejscowosc><sln:cyklZyciaDo>2015-12-31T00:00:00+01:00</sln:cyklZyciaDo><sln:cyklZyciaOd>2015-03-13T00:00:00+01:00</sln:cyklZyciaOd><sln:gmIIPId>d1cc5717-316e-4fbd-9fb1-92bf7f044f96</sln:gmIIPId><sln:gmIIPPn>PL.PZGIK.200</sln:gmIIPPn><sln:gmIIPWersja>2012-09-26T22:27:09+02:00</sln:gmIIPWersja><sln:gmIdTeryt>2417022</sln:gmIdTeryt><sln:gmNazwa>Czernichów</sln:gmNazwa><sln:miejscIIPId>a6b65a72-451e-471c-9fc9-8a04197bef6b</sln:miejscIIPId><sln:miejscIIPPn>PL.PZGIK.200</sln:miejscIIPPn><sln:miejscIIPWersja>2016-11-24T08:45:08+02:00</sln:miejscIIPWersja><sln:miejscIdTeryt>0051090</sln:miejscIdTeryt><sln:miejscNazwa>Międzybrodzie Bialskie</sln:miejscNazwa><sln:miejscRodzaj>Inny obiekt</sln:miejscRodzaj><sln:powIIPId>87a03da4-a657-452c-a8f0-aa66c86c06ac</sln:powIIPId><sln:powIIPPn>PL.PZGIK.200</sln:powIIPPn><sln:powIIPWersja>2017-10-10T00:00:00+02:00</sln:powIIPWersja><sln:powIdTeryt>2417</sln:powIdTeryt><sln:powNazwa>żywiecki</sln:powNazwa><sln:waznyOd>2014-11-05T00:00:00+01:00</sln:waznyOd><sln:wojIIPId>98a63fe6-1e56-4d05-9c47-ab4233f8a6ff</sln:wojIIPId><sln:wojIIPPn>PL.PZGIK.200</sln:wojIIPPn><sln:wojIIPWersja>2017-10-10T00:00:00+02:00</sln:wojIIPWersja><sln:wojIdTeryt>24</sln:wojIdTeryt><sln:wojNazwa>śląskie</sln:wojNazwa></sln:miejscowosc><sln:miejscowosc><sln:cyklZyciaDo>2015-12-31T00:00:00+01:00</sln:cyklZyciaDo><sln:cyklZyciaOd>2015-03-13T00:00:00+01:00</sln:cyklZyciaOd><sln:gmIIPId>d1cc5717-316e-4fbd-9fb1-92bf7f044f96</sln:gmIIPId><sln:gmIIPPn>PL.PZGIK.200</sln:gmIIPPn><sln:gmIIPWersja>2012-09-26T22:27:09+02:00</sln:gmIIPWersja><sln:gmIdTeryt>2417022</sln:gmIdTeryt><sln:gmNazwa>Czernichów</sln:gmNazwa><sln:miejscIIPId>40d29a5d-05bf-4f14-9940-a89e827c2e3c</sln:miejscIIPId><sln:miejscIIPPn>PL.PZGIK.200</sln:miejscIIPPn><sln:miejscIIPWersja>2016-11-24T08:45:10+02:00</sln:miejscIIPWersja><sln:miejscIdTeryt>0051374</sln:miejscIdTeryt><sln:miejscNazwa>Międzybrodzie Żywieckie</sln:miejscNazwa><sln:miejscRodzaj>Inny obiekt</sln:miejscRodzaj><sln:powIIPId>87a03da4-a657-452c-a8f0-aa66c86c06ac</sln:powIIPId><sln:powIIPPn>PL.PZGIK.200</sln:powIIPPn><sln:powIIPWersja>2017-10-10T00:00:00+02:00</sln:powIIPWersja><sln:powIdTeryt>2417</sln:powIdTeryt><sln:powNazwa>żywiecki</sln:powNazwa><sln:waznyOd>2014-11-05T00:00:00+01:00</sln:waznyOd><sln:wojIIPId>98a63fe6-1e56-4d05-9c47-ab4233f8a6ff</sln:wojIIPId><sln:wojIIPPn>PL.PZGIK.200</sln:wojIIPPn><sln:wojIIPWersja>2017-10-10T00:00:00+02:00</sln:wojIIPWersja><sln:wojIdTeryt>24</sln:wojIdTeryt><sln:wojNazwa>śląskie</sln:wojNazwa></sln:miejscowosc><sln:miejscowosc><sln:cyklZyciaDo>2015-12-31T00:00:00+01:00</sln:cyklZyciaDo><sln:cyklZyciaOd>2015-03-13T00:00:00+01:00</sln:cyklZyciaOd><sln:gmIIPId>d1cc5717-316e-4fbd-9fb1-92bf7f044f96</sln:gmIIPId><sln:gmIIPPn>PL.PZGIK.200</sln:gmIIPPn><sln:gmIIPWersja>2012-09-26T22:27:09+02:00</sln:gmIIPWersja><sln:gmIdTeryt>2417022</sln:gmIdTeryt><sln:gmNazwa>Czernichów</sln:gmNazwa><sln:miejscIIPId>eaf59703-5be3-4e6f-b031-05a36803408e</sln:miejscIIPId><sln:miejscIIPPn>PL.PZGIK.200</sln:miejscIIPPn><sln:miejscIIPWersja>2016-11-24T08:45:12+02:00</sln:miejscIIPWersja><sln:miejscIdTeryt>0051440</sln:miejscIdTeryt><sln:miejscNazwa>Tresna</sln:miejscNazwa><sln:miejscRodzaj>Inny obiekt</sln:miejscRodzaj><sln:powIIPId>87a03da4-a657-452c-a8f0-aa66c86c06ac</sln:powIIPId><sln:powIIPPn>PL.PZGIK.200</sln:powIIPPn><sln:powIIPWersja>2017-10-10T00:00:00+02:00</sln:powIIPWersja><sln:powIdTeryt>2417</sln:powIdTeryt><sln:powNazwa>żywiecki</sln:powNazwa><sln:waznyOd>2014-11-05T00:00:00+01:00</sln:waznyOd><sln:wojIIPId>98a63fe6-1e56-4d05-9c47-ab4233f8a6ff</sln:wojIIPId><sln:wojIIPPn>PL.PZGIK.200</sln:wojIIPPn><sln:wojIIPWersja>2017-10-10T00:00:00+02:00</sln:wojIIPWersja><sln:wojIdTeryt>24</sln:wojIdTeryt><sln:wojNazwa>śląskie</sln:wojNazwa></sln:miejscowosc><sln:miejscowosc><sln:cyklZyciaDo>2016-02-12T00:00:00+01:00</sln:cyklZyciaDo><sln:cyklZyciaOd>2015-12-31T00:00:00+01:00</sln:cyklZyciaOd><sln:gmIIPId>d1cc5717-316e-4fbd-9fb1-92bf7f044f96</sln:gmIIPId><sln:gmIIPPn>PL.PZGIK.200</sln:gmIIPPn><sln:gmIIPWersja>2012-09-26T22:27:09+02:00</sln:gmIIPWersja><sln:gmIdTeryt>2417022</sln:gmIdTeryt><sln:gmNazwa>Czernichów</sln:gmNazwa><sln:miejscIIPId>8f144efa-f0ed-4a8d-b1a2-1e81221b7b32</sln:miejscIIPId><sln:miejscIIPPn>PL.PZGIK.200</sln:miejscIIPPn><sln:miejscIIPWersja>2016-11-24T08:45:07+02:00</sln:miejscIIPWersja><sln:miejscIdTeryt>0051010</sln:miejscIdTeryt><sln:miejscNazwa>Czernichów</sln:miejscNazwa><sln:miejscRodzaj>Wieś</sln:miejscRodzaj><sln:powIIPId>87a03da4-a657-452c-a8f0-aa66c86c06ac</sln:powIIPId><sln:powIIPPn>PL.PZGIK.200</sln:powIIPPn><sln:powIIPWersja>2017-10-10T00:00:00+02:00</sln:powIIPWersja><sln:powIdTeryt>2417</sln:powIdTeryt><sln:powNazwa>żywiecki</sln:powNazwa><sln:waznyOd>2014-11-05T00:00:00+01:00</sln:waznyOd><sln:wojIIPId>98a63fe6-1e56-4d05-9c47-ab4233f8a6ff</sln:wojIIPId><sln:wojIIPPn>PL.PZGIK.200</sln:wojIIPPn><sln:wojIIPWersja>2017-10-10T00:00:00+02:00</sln:wojIIPWersja><sln:wojIdTeryt>24</sln:wojIdTeryt><sln:wojNazwa>śląskie</sln:wojNazwa></sln:miejscowosc><sln:miejscowosc><sln:cyklZyciaDo>2016-02-12T00:00:00+01:00</sln:cyklZyciaDo><sln:cyklZyciaOd>2015-12-31T00:00:00+01:00</sln:cyklZyciaOd><sln:gmIIPId>d1cc5717-316e-4fbd-9fb1-92bf7f044f96</sln:gmIIPId><sln:gmIIPPn>PL.PZGIK.200</sln:gmIIPPn><sln:gmIIPWersja>2012-09-26T22:27:09+02:00</sln:gmIIPWersja><sln:gmIdTeryt>2417022</sln:gmIdTeryt><sln:gmNazwa>Czernichów</sln:gmNazwa><sln:miejscIIPId>a6b65a72-451e-471c-9fc9-8a04197bef6b</sln:miejscIIPId><sln:miejscIIPPn>PL.PZGIK.200</sln:miejscIIPPn><sln:miejscIIPWersja>2016-11-24T08:45:09+02:00</sln:miejscIIPWersja><sln:miejscIdTeryt>0051090</sln:miejscIdTeryt><sln:miejscNazwa>Międzybrodzie Bialskie</sln:miejscNazwa><sln:miejscRodzaj>Wieś</sln:miejscRodzaj><sln:powIIPId>87a03da4-a657-452c-a8f0-aa66c86c06ac</sln:powIIPId><sln:powIIPPn>PL.PZGIK.200</sln:powIIPPn><sln:powIIPWersja>2017-10-10T00:00:00+02:00</sln:powIIPWersja><sln:powIdTeryt>2417</sln:powIdTeryt><sln:powNazwa>żywiecki</sln:powNazwa><sln:waznyOd>2014-11-05T00:00:00+01:00</sln:waznyOd><sln:wojIIPId>98a63fe6-1e56-4d05-9c47-ab4233f8a6ff</sln:wojIIPId><sln:wojIIPPn>PL.PZGIK.200</sln:wojIIPPn><sln:wojIIPWersja>2017-10-10T00:00:00+02:00</sln:wojIIPWersja><sln:wojIdTeryt>24</sln:wojIdTeryt><sln:wojNazwa>śląskie</sln:wojNazwa></sln:miejscowosc><sln:miejscowosc><sln:cyklZyciaDo>2016-02-12T00:00:00+01:00</sln:cyklZyciaDo><sln:cyklZyciaOd>2015-12-31T00:00:00+01:00</sln:cyklZyciaOd><sln:gmIIPId>d1cc5717-316e-4fbd-9fb1-92bf7f044f96</sln:gmIIPId><sln:gmIIPPn>PL.PZGIK.200</sln:gmIIPPn><sln:gmIIPWersja>2012-09-26T22:27:09+02:00</sln:gmIIPWersja><sln:gmIdTeryt>2417022</sln:gmIdTeryt><sln:gmNazwa>Czernichów</sln:gmNazwa><sln:miejscIIPId>40d29a5d-05bf-4f14-9940-a89e827c2e3c</sln:miejscIIPId><sln:miejscIIPPn>PL.PZGIK.200</sln:miejscIIPPn><sln:miejscIIPWersja>2016-11-24T08:45:11+02:00</sln:miejscIIPWersja><sln:miejscIdTeryt>0051374</sln:miejscIdTeryt><sln:miejscNazwa>Międzybrodzie Żywieckie</sln:miejscNazwa><sln:miejscRodzaj>Wieś</sln:miejscRodzaj><sln:powIIPId>87a03da4-a657-452c-a8f0-aa66c86c06ac</sln:powIIPId><sln:powIIPPn>PL.PZGIK.200</sln:powIIPPn><sln:powIIPWersja>2017-10-10T00:00:00+02:00</sln:powIIPWersja><sln:powIdTeryt>2417</sln:powIdTeryt><sln:powNazwa>żywiecki</sln:powNazwa><sln:waznyOd>2014-11-05T00:00:00+01:00</sln:waznyOd><sln:wojIIPId>98a63fe6-1e56-4d05-9c47-ab4233f8a6ff</sln:wojIIPId><sln:wojIIPPn>PL.PZGIK.200</sln:wojIIPPn><sln:wojIIPWersja>2017-10-10T00:00:00+02:00</sln:wojIIPWersja><sln:wojIdTeryt>24</sln:wojIdTeryt><sln:wojNazwa>śląskie</sln:wojNazwa></sln:miejscowosc><sln:miejscowosc><sln:cyklZyciaDo>2016-02-12T00:00:00+01:00</sln:cyklZyciaDo><sln:cyklZyciaOd>2015-12-31T00:00:00+01:00</sln:cyklZyciaOd><sln:gmIIPId>d1cc5717-316e-4fbd-9fb1-92bf7f044f96</sln:gmIIPId><sln:gmIIPPn>PL.PZGIK.200</sln:gmIIPPn><sln:gmIIPWersja>2012-09-26T22:27:09+02:00</sln:gmIIPWersja><sln:gmIdTeryt>2417022</sln:gmIdTeryt><sln:gmNazwa>Czernichów</sln:gmNazwa><sln:miejscIIPId>eaf59703-5be3-4e6f-b031-05a36803408e</sln:miejscIIPId><sln:miejscIIPPn>PL.PZGIK.200</sln:miejscIIPPn><sln:miejscIIPWersja>2016-11-24T08:45:13+02:00</sln:miejscIIPWersja><sln:miejscIdTeryt>0051440</sln:miejscIdTeryt><sln:miejscNazwa>Tresna</sln:miejscNazwa><sln:miejscRodzaj>Wieś</sln:miejscRodzaj><sln:powIIPId>87a03da4-a657-452c-a8f0-aa66c86c06ac</sln:powIIPId><sln:powIIPPn>PL.PZGIK.200</sln:powIIPPn><sln:powIIPWersja>2017-10-10T00:00:00+02:00</sln:powIIPWersja><sln:powIdTeryt>2417</sln:powIdTeryt><sln:powNazwa>żywiecki</sln:powNazwa><sln:waznyOd>2014-11-05T00:00:00+01:00</sln:waznyOd><sln:wojIIPId>98a63fe6-1e56-4d05-9c47-ab4233f8a6ff</sln:wojIIPId><sln:wojIIPPn>PL.PZGIK.200</sln:wojIIPPn><sln:wojIIPWersja>2017-10-10T00:00:00+02:00</sln:wojIIPWersja><sln:wojIdTeryt>24</sln:wojIdTeryt><sln:wojNazwa>śląskie</sln:wojNazwa></sln:miejscowosc><sln:miejscowosc><sln:cyklZyciaOd>2017-04-18T00:00:00+02:00</sln:cyklZyciaOd><sln:gmIIPId>d1cc5717-316e-4fbd-9fb1-92bf7f044f96</sln:gmIIPId><sln:gmIIPPn>PL.PZGIK.200</sln:gmIIPPn><sln:gmIIPWersja>2012-09-26T22:27:09+02:00</sln:gmIIPWersja><sln:gmIdTeryt>2417022</sln:gmIdTeryt><sln:gmNazwa>Czernichów</sln:gmNazwa><sln:miejscIIPId>8f144efa-f0ed-4a8d-b1a2-1e81221b7b32</sln:miejscIIPId><sln:miejscIIPPn>PL.PZGIK.200</sln:miejscIIPPn><sln:miejscIIPWersja>2017-04-18T13:38:09+02:00</sln:miejscIIPWersja><sln:miejscIdTeryt>0051010</sln:miejscIdTeryt><sln:miejscNazwa>Czernichów</sln:miejscNazwa><sln:miejscRodzaj>Wieś</sln:miejscRodzaj><sln:powIIPId>87a03da4-a657-452c-a8f0-aa66c86c06ac</sln:powIIPId><sln:powIIPPn>PL.PZGIK.200</sln:powIIPPn><sln:powIIPWersja>2017-10-10T00:00:00+02:00</sln:powIIPWersja><sln:powIdTeryt>2417</sln:powIdTeryt><sln:powNazwa>żywiecki</sln:powNazwa><sln:waznyOd>2014-11-05T00:00:00+01:00</sln:waznyOd><sln:wojIIPId>98a63fe6-1e56-4d05-9c47-ab4233f8a6ff</sln:wojIIPId><sln:wojIIPPn>PL.PZGIK.200</sln:wojIIPPn><sln:wojIIPWersja>2017-10-10T00:00:00+02:00</sln:wojIIPWersja><sln:wojIdTeryt>24</sln:wojIdTeryt><sln:wojNazwa>śląskie</sln:wojNazwa></sln:miejscowosc><sln:miejscowosc><sln:cyklZyciaOd>2017-04-18T00:00:00+02:00</sln:cyklZyciaOd><sln:gmIIPId>d1cc5717-316e-4fbd-9fb1-92bf7f044f96</sln:gmIIPId><sln:gmIIPPn>PL.PZGIK.200</sln:gmIIPPn><sln:gmIIPWersja>2012-09-26T22:27:09+02:00</sln:gmIIPWersja><sln:gmIdTeryt>2417022</sln:gmIdTeryt><sln:gmNazwa>Czernichów</sln:gmNazwa><sln:miejscIIPId>a6b65a72-451e-471c-9fc9-8a04197bef6b</sln:miejscIIPId><sln:miejscIIPPn>PL.PZGIK.200</sln:miejscIIPPn><sln:miejscIIPWersja>2017-04-18T13:38:16+02:00</sln:miejscIIPWersja><sln:miejscIdTeryt>0051090</sln:miejscIdTeryt><sln:miejscNazwa>Międzybrodzie Bialskie</sln:miejscNazwa><sln:miejscRodzaj>Wieś</sln:miejscRodzaj><sln:powIIPId>87a03da4-a657-452c-a8f0-aa66c86c06ac</sln:powIIPId><sln:powIIPPn>PL.PZGIK.200</sln:powIIPPn><sln:powIIPWersja>2017-10-10T00:00:00+02:00</sln:powIIPWersja><sln:powIdTeryt>2417</sln:powIdTeryt><sln:powNazwa>żywiecki</sln:powNazwa><sln:waznyOd>2014-11-05T00:00:00+01:00</sln:waznyOd><sln:wojIIPId>98a63fe6-1e56-4d05-9c47-ab4233f8a6ff</sln:wojIIPId><sln:wojIIPPn>PL.PZGIK.200</sln:wojIIPPn><sln:wojIIPWersja>2017-10-10T00:00:00+02:00</sln:wojIIPWersja><sln:wojIdTeryt>24</sln:wojIdTeryt><sln:wojNazwa>śląskie</sln:wojNazwa></sln:miejscowosc><sln:miejscowosc><sln:cyklZyciaOd>2017-04-18T00:00:00+02:00</sln:cyklZyciaOd><sln:gmIIPId>d1cc5717-316e-4fbd-9fb1-92bf7f044f96</sln:gmIIPId><sln:gmIIPPn>PL.PZGIK.200</sln:gmIIPPn><sln:gmIIPWersja>2012-09-26T22:27:09+02:00</sln:gmIIPWersja><sln:gmIdTeryt>2417022</sln:gmIdTeryt><sln:gmNazwa>Czernichów</sln:gmNazwa><sln:miejscIIPId>40d29a5d-05bf-4f14-9940-a89e827c2e3c</sln:miejscIIPId><sln:miejscIIPPn>PL.PZGIK.200</sln:miejscIIPPn><sln:miejscIIPWersja>2017-04-18T13:38:16+02:00</sln:miejscIIPWersja><sln:miejscIdTeryt>0051374</sln:miejscIdTeryt><sln:miejscNazwa>Międzybrodzie Żywieckie</sln:miejscNazwa><sln:miejscRodzaj>Wieś</sln:miejscRodzaj><sln:powIIPId>87a03da4-a657-452c-a8f0-aa66c86c06ac</sln:powIIPId><sln:powIIPPn>PL.PZGIK.200</sln:powIIPPn><sln:powIIPWersja>2017-10-10T00:00:00+02:00</sln:powIIPWersja><sln:powIdTeryt>2417</sln:powIdTeryt><sln:powNazwa>żywiecki</sln:powNazwa><sln:waznyOd>2014-11-05T00:00:00+01:00</sln:waznyOd><sln:wojIIPId>98a63fe6-1e56-4d05-9c47-ab4233f8a6ff</sln:wojIIPId><sln:wojIIPPn>PL.PZGIK.200</sln:wojIIPPn><sln:wojIIPWersja>2017-10-10T00:00:00+02:00</sln:wojIIPWersja><sln:wojIdTeryt>24</sln:wojIdTeryt><sln:wojNazwa>śląskie</sln:wojNazwa></sln:miejscowosc><sln:miejscowosc><sln:cyklZyciaOd>2017-04-18T00:00:00+02:00</sln:cyklZyciaOd><sln:gmIIPId>d1cc5717-316e-4fbd-9fb1-92bf7f044f96</sln:gmIIPId><sln:gmIIPPn>PL.PZGIK.200</sln:gmIIPPn><sln:gmIIPWersja>2012-09-26T22:27:09+02:00</sln:gmIIPWersja><sln:gmIdTeryt>2417022</sln:gmIdTeryt><sln:gmNazwa>Czernichów</sln:gmNazwa><sln:miejscIIPId>eaf59703-5be3-4e6f-b031-05a36803408e</sln:miejscIIPId><sln:miejscIIPPn>PL.PZGIK.200</sln:miejscIIPPn><sln:miejscIIPWersja>2017-04-18T13:38:16+02:00</sln:miejscIIPWersja><sln:miejscIdTeryt>0051440</sln:miejscIdTeryt><sln:miejscNazwa>Tresna</sln:miejscNazwa><sln:miejscRodzaj>Wieś</sln:miejscRodzaj><sln:powIIPId>87a03da4-a657-452c-a8f0-aa66c86c06ac</sln:powIIPId><sln:powIIPPn>PL.PZGIK.200</sln:powIIPPn><sln:powIIPWersja>2017-10-10T00:00:00+02:00</sln:powIIPWersja><sln:powIdTeryt>2417</sln:powIdTeryt><sln:powNazwa>żywiecki</sln:powNazwa><sln:waznyOd>2014-11-05T00:00:00+01:00</sln:waznyOd><sln:wojIIPId>98a63fe6-1e56-4d05-9c47-ab4233f8a6ff</sln:wojIIPId><sln:wojIIPPn>PL.PZGIK.200</sln:wojIIPPn><sln:wojIIPWersja>2017-10-10T00:00:00+02:00</sln:wojIIPWersja><sln:wojIdTeryt>24</sln:wojIdTeryt><sln:wojNazwa>śląskie</sln:wojNazwa></sln:miejscowosc></sln:lista-miejscowosci>