<?xml version="1.0" encoding="UTF-8" standalone="yes"?><sln:lista-miejscowosci xmlns:srv="http://gugik.gov.pl/schemas/slowniki-service/1.0" xmlns:sln="http://gugik.gov.pl/schemas/slowniki-schema/1.0"><sln:miejscowosc><sln:cyklZyciaOd>2014-10-08T00:00:00+02:00</sln:cyklZyciaOd><sln:gmIIPId>ed2eaefb-c82b-4ae7-8f48-f9f6591b34bc</sln:gmIIPId><sln:gmIIPPn>PL.PZGIK.200</sln:gmIIPPn><sln:gmIIPWersja>2012-09-26T22:25:47+02:00</sln:gmIIPWersja><sln:gmIdTeryt>2407022</sln:gmIdTeryt><sln:gmNazwa>Boronów</sln:gmNazwa><sln:miejscIIPId>d3ea7174-0209-40cf-9f24-fef0148a6e6b</sln:miejscIIPId><sln:miejscIIPPn>PL.PZGIK.200</sln:miejscIIPPn><sln:miejscIIPWersja>2016-11-24T13:36:20+02:00</sln:miejscIIPWersja><sln:miejscIdTeryt>3010495</sln:miejscIdTeryt><sln:miejscNazwa>Królicza Górka</sln:miejscNazwa><sln:miejscRodzaj>Inny obiekt</sln:miejscRodzaj><sln:powIIPId>83a775fc-d56d-4b3d-999f-f07d8b5e10e5</sln:powIIPId><sln:powIIPPn>PL.PZGIK.200</sln:powIIPPn><sln:powIIPWersja>2012-09-27T09:34:20+02:00</sln:powIIPWersja><sln:powIdTeryt>2407</sln:powIdTeryt><sln:powNazwa>lubliniecki</sln:powNazwa><sln:wojIIPId>98a63fe6-1e56-4d05-9c47-ab4233f8a6ff</sln:wojIIPId><sln:wojIIPPn>PL.PZGIK.200</sln:wojIIPPn><sln:wojIIPWersja>2017-10-10T00:00:00+02:00</sln:wojIIPWersja><sln:wojIdTeryt>24</sln:wojIdTeryt><sln:wojNazwa>śląskie</sln:wojNazwa></sln:miejscowosc><sln:miejscowosc><sln:cyklZyciaOd>2014-10-08T00:00:00+02:00</sln:cyklZyciaOd><sln:gmIIPId>ed2eaefb-c82b-4ae7-8f48-f9f6591b34bc</sln:gmIIPId><sln:gmIIPPn>PL.PZGIK.200</sln:gmIIPPn><sln:gmIIPWersja>2012-09-26T22:25:47+02:00</sln:gmIIPWersja><sln:gmIdTeryt>2407022</sln:gmIdTeryt><sln:gmNazwa>Boronów</sln:gmNazwa><sln:miejscIIPId>2efc5cfc-3706-4f2a-9ee7-bce38f51e649</sln:miejscIIPId><sln:miejscIIPPn>PL.PZGIK.200</sln:miejscIIPPn><sln:miejscIIPWersja>2016-11-24T13:36:22+02:00</sln:miejscIIPWersja><sln:miejscIdTeryt>3010627</sln:miejscIdTeryt><sln:miejscNazwa>Siudejko</sln:miejscNazwa><sln:miejscRodzaj>Inny obiekt</sln:miejscRodzaj><sln:powIIPId>83a775fc-d56d-4b3d-999f-f07d8b5e10e5</sln:powIIPId><sln:powIIPPn>PL.PZGIK.200</sln:powIIPPn><sln:powIIPWersja>2012-09-27T09:34:20+02:00</sln:powIIPWersja><sln:powIdTeryt>2407</sln:powIdTeryt><sln:powNazwa>lubliniecki</sln:powNazwa><sln:wojIIPId>98a63fe6-1e56-4d05-9c47-ab4233f8a6ff</sln:wojIIPId><sln:wojIIPPn>PL.PZGIK.200</sln:wojIIPPn><sln:wojIIPWersja>2017-10-10T00:00:00+02:00</sln:wojIIPWersja><sln:wojIdTeryt>24</sln:wojIdTeryt><sln:wojNazwa>śląskie</sln:wojNazwa></sln:miejscowosc><sln:miejscowosc><sln:cyklZyciaOd>2014-10-08T00:00:00+02:00</sln:cyklZyciaOd><sln:gmIIPId>ed2eaefb-c82b-4ae7-8f48-f9f6591b34bc</sln:gmIIPId><sln:gmIIPPn>PL.PZGIK.200</sln:gmIIPPn><sln:gmIIPWersja>2012-09-26T22:25:47+02:00</sln:gmIIPWersja><sln:gmIdTeryt>2407022</sln:gmIdTeryt><sln:gmNazwa>Boronów</sln:gmNazwa><sln:miejscIIPId>95bfe38d-80f7-41a2-9432-5f29102e29aa</sln:miejscIIPId><sln:miejscIIPPn>PL.PZGIK.200</sln:miejscIIPPn><sln:miejscIIPWersja>2016-11-24T13:58:43+02:00</sln:miejscIIPWersja><sln:miejscIdTeryt>0132210</sln:miejscIdTeryt><sln:miejscNazwa>Doły</sln:miejscNazwa><sln:miejscRodzaj>Przysiółek</sln:miejscRodzaj><sln:powIIPId>83a775fc-d56d-4b3d-999f-f07d8b5e10e5</sln:powIIPId><sln:powIIPPn>PL.PZGIK.200</sln:powIIPPn><sln:powIIPWersja>2012-09-27T09:34:20+02:00</sln:powIIPWersja><sln:powIdTeryt>2407</sln:powIdTeryt><sln:powNazwa>lubliniecki</sln:powNazwa><sln:wojIIPId>98a63fe6-1e56-4d05-9c47-ab4233f8a6ff</sln:wojIIPId><sln:wojIIPPn>PL.PZGIK.200</sln:wojIIPPn><sln:wojIIPWersja>2017-10-10T00:00:00+02:00</sln:wojIIPWersja><sln:wojIdTeryt>24</sln:wojIdTeryt><sln:wojNazwa>śląskie</sln:wojNazwa></sln:miejscowosc><sln:miejscowosc><sln:cyklZyciaOd>2014-10-08T00:00:00+02:00</sln:cyklZyciaOd><sln:gmIIPId>ed2eaefb-c82b-4ae7-8f48-f9f6591b34bc</sln:gmIIPId><sln:gmIIPPn>PL.PZGIK.200</sln:gmIIPPn><sln:gmIIPWersja>2012-09-26T22:25:47+02:00</sln:gmIIPWersja><sln:gmIdTeryt>2407022</sln:gmIdTeryt><sln:gmNazwa>Boronów</sln:gmNazwa><sln:miejscIIPId>1be1e961-3b1e-4866-8dd7-a862f0b79b97</sln:miejscIIPId><sln:miejscIIPPn>PL.PZGIK.200</sln:miejscIIPPn><sln:miejscIIPWersja>2016-11-24T13:38:01+02:00</sln:miejscIIPWersja><sln:miejscIdTeryt>0132233</sln:miejscIdTeryt><sln:miejscNazwa>Grojec</sln:miejscNazwa><sln:miejscRodzaj>Wieś</sln:miejscRodzaj><sln:powIIPId>83a775fc-d56d-4b3d-999f-f07d8b5e10e5</sln:powIIPId><sln:powIIPPn>PL.PZGIK.200</sln:powIIPPn><sln:powIIPWersja>2012-09-27T09:34:20+02:00</sln:powIIPWersja><sln:powIdTeryt>2407</sln:powIdTeryt><sln:powNazwa>lubliniecki</sln:powNazwa><sln:wojIIPId>98a63fe6-1e56-4d05-9c47-ab4233f8a6ff</sln:wojIIPId><sln:wojIIPPn>PL.PZGIK.200</sln:wojIIPPn><sln:wojIIPWersja>2017-10-10T00:00:00+02:00</sln:wojIIPWersja><sln:wojIdTeryt>24</sln:wojIdTeryt><sln:wojNazwa>śląskie</sln:wojNazwa></sln:miejscowosc><sln:miejscowosc><sln:cyklZyciaOd>2014-10-08T00:00:00+02:00</sln:cyklZyciaOd><sln:gmIIPId>ed2eaefb-c82b-4ae7-8f48-f9f6591b34bc</sln:gmIIPId><sln:gmIIPPn>PL.PZGIK.200</sln:gmIIPPn><sln:gmIIPWersja>2012-09-26T22:25:47+02:00</sln:gmIIPWersja><sln:gmIdTeryt>2407022</sln:gmIdTeryt><sln:gmNazwa>Boronów</sln:gmNazwa><sln:miejscIIPId>83aecf43-c59c-4b2b-a20e-952aaf7babf7</sln:miejscIIPId><sln:miejscIIPPn>PL.PZGIK.200</sln:miejscIIPPn><sln:miejscIIPWersja>2016-11-24T13:36:24+02:00</sln:miejscIIPWersja><sln:miejscIdTeryt>3010688</sln:miejscIdTeryt><sln:miejscNazwa>Zamoście</sln:miejscNazwa><sln:miejscRodzaj>Inny obiekt</sln:miejscRodzaj><sln:powIIPId>83a775fc-d56d-4b3d-999f-f07d8b5e10e5</sln:powIIPId><sln:powIIPPn>PL.PZGIK.200</sln:powIIPPn><sln:powIIPWersja>2012-09-27T09:34:20+02:00</sln:powIIPWersja><sln:powIdTeryt>2407</sln:powIdTeryt><sln:powNazwa>lubliniecki</sln:powNazwa><sln:wojIIPId>98a63fe6-1e56-4d05-9c47-ab4233f8a6ff</sln:wojIIPId><sln:wojIIPPn>PL.PZGIK.200</sln:wojIIPPn><sln:wojIIPWersja>2017-10-10T00:00:00+02:00</sln:wojIIPWersja><sln:wojIdTeryt>24</sln:wojIdTeryt><sln:wojNazwa>śląskie</sln:wojNazwa></sln:miejscowosc><sln:miejscowosc><sln:cyklZyciaOd>2014-10-08T00:00:00+02:00</sln:cyklZyciaOd><sln:gmIIPId>ed2eaefb-c82b-4ae7-8f48-f9f6591b34bc</sln:gmIIPId><sln:gmIIPPn>PL.PZGIK.200</sln:gmIIPPn><sln:gmIIPWersja>2012-09-26T22:25:47+02:00</sln:gmIIPWersja><sln:gmIdTeryt>2407022</sln:gmIdTeryt><sln:gmNazwa>Boronów</sln:gmNazwa><sln:miejscIIPId>4f55f112-815a-45e5-970c-78bcfed39805</sln:miejscIIPId><sln:miejscIIPPn>PL.PZGIK.200</sln:miejscIIPPn><sln:miejscIIPWersja>2016-11-24T13:58:43+02:00</sln:miejscIIPWersja><sln:miejscIdTeryt>0132262</sln:miejscIdTeryt><sln:miejscNazwa>Szklana Huta</sln:miejscNazwa><sln:miejscRodzaj>Gajówka</sln:miejscRodzaj><sln:powIIPId>83a775fc-d56d-4b3d-999f-f07d8b5e10e5</sln:powIIPId><sln:powIIPPn>PL.PZGIK.200</sln:powIIPPn><sln:powIIPWersja>2012-09-27T09:34:20+02:00</sln:powIIPWersja><sln:powIdTeryt>2407</sln:powIdTeryt><sln:powNazwa>lubliniecki</sln:powNazwa><sln:wojIIPId>98a63fe6-1e56-4d05-9c47-ab4233f8a6ff</sln:wojIIPId><sln:wojIIPPn>PL.PZGIK.200</sln:wojIIPPn><sln:wojIIPWersja>2017-10-10T00:00:00+02:00</sln:wojIIPWersja><sln:wojIdTeryt>24</sln:wojIdTeryt><sln:wojNazwa>śląskie</sln:wojNazwa></sln:miejscowosc><sln:miejscowosc><sln:cyklZyciaOd>2014-10-08T00:00:00+02:00</sln:cyklZyciaOd><sln:gmIIPId>ed2eaefb-c82b-4ae7-8f48-f9f6591b34bc</sln:gmIIPId><sln:gmIIPPn>PL.PZGIK.200</sln:gmIIPPn><sln:gmIIPWersja>2012-09-26T22:25:47+02:00</sln:gmIIPWersja><sln:gmIdTeryt>2407022</sln:gmIdTeryt><sln:gmNazwa>Boronów</sln:gmNazwa><sln:miejscIIPId>1f823b7c-da69-4aaa-9ac0-1d530e52a314</sln:miejscIIPId><sln:miejscIIPPn>PL.PZGIK.200</sln:miejscIIPPn><sln:miejscIIPWersja>2016-11-24T13:58:43+02:00</sln:miejscIIPWersja><sln:miejscIdTeryt>0132204</sln:miejscIdTeryt><sln:miejscNazwa>Cielec</sln:miejscNazwa><sln:miejscRodzaj>Leśniczówka</sln:miejscRodzaj><sln:powIIPId>83a775fc-d56d-4b3d-999f-f07d8b5e10e5</sln:powIIPId><sln:powIIPPn>PL.PZGIK.200</sln:powIIPPn><sln:powIIPWersja>2012-09-27T09:34:20+02:00</sln:powIIPWersja><sln:powIdTeryt>2407</sln:powIdTeryt><sln:powNazwa>lubliniecki</sln:powNazwa><sln:wojIIPId>98a63fe6-1e56-4d05-9c47-ab4233f8a6ff</sln:wojIIPId><sln:wojIIPPn>PL.PZGIK.200</sln:wojIIPPn><sln:wojIIPWersja>2017-10-10T00:00:00+02:00</sln:wojIIPWersja><sln:wojIdTeryt>24</sln:wojIdTeryt><sln:wojNazwa>śląskie</sln:wojNazwa></sln:miejscowosc><sln:miejscowosc><sln:cyklZyciaOd>2014-10-08T00:00:00+02:00</sln:cyklZyciaOd><sln:gmIIPId>ed2eaefb-c82b-4ae7-8f48-f9f6591b34bc</sln:gmIIPId><sln:gmIIPPn>PL.PZGIK.200</sln:gmIIPPn><sln:gmIIPWersja>2012-09-26T22:25:47+02:00</sln:gmIIPWersja><sln:gmIdTeryt>2407022</sln:gmIdTeryt><sln:gmNazwa>Boronów</sln:gmNazwa><sln:miejscIIPId>a2634ca8-7a51-46d0-a33b-06d9732e4aa0</sln:miejscIIPId><sln:miejscIIPPn>PL.PZGIK.200</sln:miejscIIPPn><sln:miejscIIPWersja>2016-11-24T13:36:24+02:00</sln:miejscIIPWersja><sln:miejscIdTeryt>3010700</sln:miejscIdTeryt><sln:miejscNazwa>Zdachnia</sln:miejscNazwa><sln:miejscRodzaj>Inny obiekt</sln:miejscRodzaj><sln:powIIPId>83a775fc-d56d-4b3d-999f-f07d8b5e10e5</sln:powIIPId><sln:powIIPPn>PL.PZGIK.200</sln:powIIPPn><sln:powIIPWersja>2012-09-27T09:34:20+02:00</sln:powIIPWersja><sln:powIdTeryt>2407</sln:powIdTeryt><sln:powNazwa>lubliniecki</sln:powNazwa><sln:wojIIPId>98a63fe6-1e56-4d05-9c47-ab4233f8a6ff</sln:wojIIPId><sln:wojIIPPn>PL.PZGIK.200</sln:wojIIPPn><sln:wojIIPWersja>2017-10-10T00:00:00+02:00</sln:wojIIPWersja><sln:wojIdTeryt>24</sln:wojIdTeryt><sln:wojNazwa>śląskie</sln:wojNazwa></sln:miejscowosc><sln:miejscowosc><sln:cyklZyciaOd>2014-10-08T00:00:00+02:00</sln:cyklZyciaOd><sln:gmIIPId>ed2eaefb-c82b-4ae7-8f48-f9f6591b34bc</sln:gmIIPId><sln:gmIIPPn>PL.PZGIK.200</sln:gmIIPPn><sln:gmIIPWersja>2012-09-26T22:25:47+02:00</sln:gmIIPWersja><sln:gmIdTeryt>2407022</sln:gmIdTeryt><sln:gmNazwa>Boronów</sln:gmNazwa><sln:miejscIIPId>378c21d8-1b05-42d1-a7d0-605b63457e38</sln:miejscIIPId><sln:miejscIIPPn>PL.PZGIK.200</sln:miejscIIPPn><sln:miejscIIPWersja>2016-11-24T13:36:20+02:00</sln:miejscIIPWersja><sln:miejscIdTeryt>3010583</sln:miejscIdTeryt><sln:miejscNazwa>Piasek</sln:miejscNazwa><sln:miejscRodzaj>Inny obiekt</sln:miejscRodzaj><sln:powIIPId>83a775fc-d56d-4b3d-999f-f07d8b5e10e5</sln:powIIPId><sln:powIIPPn>PL.PZGIK.200</sln:powIIPPn><sln:powIIPWersja>2012-09-27T09:34:20+02:00</sln:powIIPWersja><sln:powIdTeryt>2407</sln:powIdTeryt><sln:powNazwa>lubliniecki</sln:powNazwa><sln:wojIIPId>98a63fe6-1e56-4d05-9c47-ab4233f8a6ff</sln:wojIIPId><sln:wojIIPPn>PL.PZGIK.200</sln:wojIIPPn><sln:wojIIPWersja>2017-10-10T00:00:00+02:00</sln:wojIIPWersja><sln:wojIdTeryt>24</sln:wojIdTeryt><sln:wojNazwa>śląskie</sln:wojNazwa></sln:miejscowosc><sln:miejscowosc><sln:cyklZyciaOd>2014-10-08T00:00:00+02:00</sln:cyklZyciaOd><sln:gmIIPId>ed2eaefb-c82b-4ae7-8f48-f9f6591b34bc</sln:gmIIPId><sln:gmIIPPn>PL.PZGIK.200</sln:gmIIPPn><sln:gmIIPWersja>2012-09-26T22:25:47+02:00</sln:gmIIPWersja><sln:gmIdTeryt>2407022</sln:gmIdTeryt><sln:gmNazwa>Boronów</sln:gmNazwa><sln:miejscIIPId>fe78bca4-882f-4778-ae3c-9b6e87a149b9</sln:miejscIIPId><sln:miejscIIPPn>PL.PZGIK.200</sln:miejscIIPPn><sln:miejscIIPWersja>2016-11-24T13:36:20+02:00</sln:miejscIIPWersja><sln:miejscIdTeryt>3010635</sln:miejscIdTeryt><sln:miejscNazwa>Smolny Piec</sln:miejscNazwa><sln:miejscRodzaj>Inny obiekt</sln:miejscRodzaj><sln:powIIPId>83a775fc-d56d-4b3d-999f-f07d8b5e10e5</sln:powIIPId><sln:powIIPPn>PL.PZGIK.200</sln:powIIPPn><sln:powIIPWersja>2012-09-27T09:34:20+02:00</sln:powIIPWersja><sln:powIdTeryt>2407</sln:powIdTeryt><sln:powNazwa>lubliniecki</sln:powNazwa><sln:wojIIPId>98a63fe6-1e56-4d05-9c47-ab4233f8a6ff</sln:wojIIPId><sln:wojIIPPn>PL.PZGIK.200</sln:wojIIPPn><sln:wojIIPWersja>2017-10-10T00:00:00+02:00</sln:wojIIPWersja><sln:wojIdTeryt>24</sln:wojIdTeryt><sln:wojNazwa>śląskie</sln:wojNazwa></sln:miejscowosc><sln:miejscowosc><sln:cyklZyciaOd>2014-10-08T00:00:00+02:00</sln:cyklZyciaOd><sln:gmIIPId>ed2eaefb-c82b-4ae7-8f48-f9f6591b34bc</sln:gmIIPId><sln:gmIIPPn>PL.PZGIK.200</sln:gmIIPPn><sln:gmIIPWersja>2012-09-26T22:25:47+02:00</sln:gmIIPWersja><sln:gmIdTeryt>2407022</sln:gmIdTeryt><sln:gmNazwa>Boronów</sln:gmNazwa><sln:miejscIIPId>a59392b8-6530-4605-b524-19cb172b127a</sln:miejscIIPId><sln:miejscIIPPn>PL.PZGIK.200</sln:miejscIIPPn><sln:miejscIIPWersja>2016-11-24T13:36:24+02:00</sln:miejscIIPWersja><sln:miejscIdTeryt>3010653</sln:miejscIdTeryt><sln:miejscNazwa>Suszarnia</sln:miejscNazwa><sln:miejscRodzaj>Inny obiekt</sln:miejscRodzaj><sln:powIIPId>83a775fc-d56d-4b3d-999f-f07d8b5e10e5</sln:powIIPId><sln:powIIPPn>PL.PZGIK.200</sln:powIIPPn><sln:powIIPWersja>2012-09-27T09:34:20+02:00</sln:powIIPWersja><sln:powIdTeryt>2407</sln:powIdTeryt><sln:powNazwa>lubliniecki</sln:powNazwa><sln:wojIIPId>98a63fe6-1e56-4d05-9c47-ab4233f8a6ff</sln:wojIIPId><sln:wojIIPPn>PL.PZGIK.200</sln:wojIIPPn><sln:wojIIPWersja>2017-10-10T00:00:00+02:00</sln:wojIIPWersja><sln:wojIdTeryt>24</sln:wojIdTeryt><sln:wojNazwa>śląskie</sln:wojNazwa></sln:miejscowosc><sln:miejscowosc><sln:cyklZyciaOd>2014-10-08T00:00:00+02:00</sln:cyklZyciaOd><sln:gmIIPId>ed2eaefb-c82b-4ae7-8f48-f9f6591b34bc</sln:gmIIPId><sln:gmIIPPn>PL.PZGIK.200</sln:gmIIPPn><sln:gmIIPWersja>2012-09-26T22:25:47+02:00</sln:gmIIPWersja><sln:gmIdTeryt>2407022</sln:gmIdTeryt><sln:gmNazwa>Boronów</sln:gmNazwa><sln:miejscIIPId>1d6b22a7-7af9-494b-8260-34f4781eab56</sln:miejscIIPId><sln:miejscIIPPn>PL.PZGIK.200</sln:miejscIIPPn><sln:miejscIIPWersja>2016-11-24T13:36:22+02:00</sln:miejscIIPWersja><sln:miejscIdTeryt>3010623</sln:miejscIdTeryt><sln:miejscNazwa>Siodłaki</sln:miejscNazwa><sln:miejscRodzaj>Inny obiekt</sln:miejscRodzaj><sln:powIIPId>83a775fc-d56d-4b3d-999f-f07d8b5e10e5</sln:powIIPId><sln:powIIPPn>PL.PZGIK.200</sln:powIIPPn><sln:powIIPWersja>2012-09-27T09:34:20+02:00</sln:powIIPWersja><sln:powIdTeryt>2407</sln:powIdTeryt><sln:powNazwa>lubliniecki</sln:powNazwa><sln:wojIIPId>98a63fe6-1e56-4d05-9c47-ab4233f8a6ff</sln:wojIIPId><sln:wojIIPPn>PL.PZGIK.200</sln:wojIIPPn><sln:wojIIPWersja>2017-10-10T00:00:00+02:00</sln:wojIIPWersja><sln:wojIdTeryt>24</sln:wojIdTeryt><sln:wojNazwa>śląskie</sln:wojNazwa></sln:miejscowosc><sln:miejscowosc><sln:cyklZyciaOd>2014-10-08T00:00:00+02:00</sln:cyklZyciaOd><sln:gmIIPId>ed2eaefb-c82b-4ae7-8f48-f9f6591b34bc</sln:gmIIPId><sln:gmIIPPn>PL.PZGIK.200</sln:gmIIPPn><sln:gmIIPWersja>2012-09-26T22:25:47+02:00</sln:gmIIPWersja><sln:gmIdTeryt>2407022</sln:gmIdTeryt><sln:gmNazwa>Boronów</sln:gmNazwa><sln:miejscIIPId>b3745864-e71d-4e83-b485-5ab56bfb8a3b</sln:miejscIIPId><sln:miejscIIPPn>PL.PZGIK.200</sln:miejscIIPPn><sln:miejscIIPWersja>2016-11-24T13:36:20+02:00</sln:miejscIIPWersja><sln:miejscIdTeryt>3010539</sln:miejscIdTeryt><sln:miejscNazwa>Łysa Góra</sln:miejscNazwa><sln:miejscRodzaj>Inny obiekt</sln:miejscRodzaj><sln:powIIPId>83a775fc-d56d-4b3d-999f-f07d8b5e10e5</sln:powIIPId><sln:powIIPPn>PL.PZGIK.200</sln:powIIPPn><sln:powIIPWersja>2012-09-27T09:34:20+02:00</sln:powIIPWersja><sln:powIdTeryt>2407</sln:powIdTeryt><sln:powNazwa>lubliniecki</sln:powNazwa><sln:wojIIPId>98a63fe6-1e56-4d05-9c47-ab4233f8a6ff</sln:wojIIPId><sln:wojIIPPn>PL.PZGIK.200</sln:wojIIPPn><sln:wojIIPWersja>2017-10-10T00:00:00+02:00</sln:wojIIPWersja><sln:wojIdTeryt>24</sln:wojIdTeryt><sln:wojNazwa>śląskie</sln:wojNazwa></sln:miejscowosc><sln:miejscowosc><sln:cyklZyciaOd>2014-10-08T00:00:00+02:00</sln:cyklZyciaOd><sln:gmIIPId>ed2eaefb-c82b-4ae7-8f48-f9f6591b34bc</sln:gmIIPId><sln:gmIIPPn>PL.PZGIK.200</sln:gmIIPPn><sln:gmIIPWersja>2012-09-26T22:25:47+02:00</sln:gmIIPWersja><sln:gmIdTeryt>2407022</sln:gmIdTeryt><sln:gmNazwa>Boronów</sln:gmNazwa><sln:miejscIIPId>3d15fb93-d6fb-4826-9bd5-d517cd70d071</sln:miejscIIPId><sln:miejscIIPPn>PL.PZGIK.200</sln:miejscIIPPn><sln:miejscIIPWersja>2016-11-24T13:36:20+02:00</sln:miejscIIPWersja><sln:miejscIdTeryt>3010458</sln:miejscIdTeryt><sln:miejscNazwa>Hajduki</sln:miejscNazwa><sln:miejscRodzaj>Inny obiekt</sln:miejscRodzaj><sln:powIIPId>83a775fc-d56d-4b3d-999f-f07d8b5e10e5</sln:powIIPId><sln:powIIPPn>PL.PZGIK.200</sln:powIIPPn><sln:powIIPWersja>2012-09-27T09:34:20+02:00</sln:powIIPWersja><sln:powIdTeryt>2407</sln:powIdTeryt><sln:powNazwa>lubliniecki</sln:powNazwa><sln:wojIIPId>98a63fe6-1e56-4d05-9c47-ab4233f8a6ff</sln:wojIIPId><sln:wojIIPPn>PL.PZGIK.200</sln:wojIIPPn><sln:wojIIPWersja>2017-10-10T00:00:00+02:00</sln:wojIIPWersja><sln:wojIdTeryt>24</sln:wojIdTeryt><sln:wojNazwa>śląskie</sln:wojNazwa></sln:miejscowosc><sln:miejscowosc><sln:cyklZyciaOd>2014-10-08T00:00:00+02:00</sln:cyklZyciaOd><sln:gmIIPId>ed2eaefb-c82b-4ae7-8f48-f9f6591b34bc</sln:gmIIPId><sln:gmIIPPn>PL.PZGIK.200</sln:gmIIPPn><sln:gmIIPWersja>2012-09-26T22:25:47+02:00</sln:gmIIPWersja><sln:gmIdTeryt>2407022</sln:gmIdTeryt><sln:gmNazwa>Boronów</sln:gmNazwa><sln:miejscIIPId>37dc23a3-ce9c-4cde-bcfc-2170ce309b14</sln:miejscIIPId><sln:miejscIIPPn>PL.PZGIK.200</sln:miejscIIPPn><sln:miejscIIPWersja>2016-11-24T13:58:43+02:00</sln:miejscIIPWersja><sln:miejscIdTeryt>0132256</sln:miejscIdTeryt><sln:miejscNazwa>Sitki</sln:miejscNazwa><sln:miejscRodzaj>Przysiółek</sln:miejscRodzaj><sln:powIIPId>83a775fc-d56d-4b3d-999f-f07d8b5e10e5</sln:powIIPId><sln:powIIPPn>PL.PZGIK.200</sln:powIIPPn><sln:powIIPWersja>2012-09-27T09:34:20+02:00</sln:powIIPWersja><sln:powIdTeryt>2407</sln:powIdTeryt><sln:powNazwa>lubliniecki</sln:powNazwa><sln:wojIIPId>98a63fe6-1e56-4d05-9c47-ab4233f8a6ff</sln:wojIIPId><sln:wojIIPPn>PL.PZGIK.200</sln:wojIIPPn><sln:wojIIPWersja>2017-10-10T00:00:00+02:00</sln:wojIIPWersja><sln:wojIdTeryt>24</sln:wojIdTeryt><sln:wojNazwa>śląskie</sln:wojNazwa></sln:miejscowosc><sln:miejscowosc><sln:cyklZyciaOd>2014-10-08T00:00:00+02:00</sln:cyklZyciaOd><sln:gmIIPId>ed2eaefb-c82b-4ae7-8f48-f9f6591b34bc</sln:gmIIPId><sln:gmIIPPn>PL.PZGIK.200</sln:gmIIPPn><sln:gmIIPWersja>2012-09-26T22:25:47+02:00</sln:gmIIPWersja><sln:gmIdTeryt>2407022</sln:gmIdTeryt><sln:gmNazwa>Boronów</sln:gmNazwa><sln:miejscIIPId>be0d8b30-493f-4ca5-85fa-c3015359639b</sln:miejscIIPId><sln:miejscIIPPn>PL.PZGIK.200</sln:miejscIIPPn><sln:miejscIIPWersja>2016-11-24T13:38:17+02:00</sln:miejscIIPWersja><sln:miejscIdTeryt>0132240</sln:miejscIdTeryt><sln:miejscNazwa>Hucisko</sln:miejscNazwa><sln:miejscRodzaj>Wieś</sln:miejscRodzaj><sln:powIIPId>83a775fc-d56d-4b3d-999f-f07d8b5e10e5</sln:powIIPId><sln:powIIPPn>PL.PZGIK.200</sln:powIIPPn><sln:powIIPWersja>2012-09-27T09:34:20+02:00</sln:powIIPWersja><sln:powIdTeryt>2407</sln:powIdTeryt><sln:powNazwa>lubliniecki</sln:powNazwa><sln:wojIIPId>98a63fe6-1e56-4d05-9c47-ab4233f8a6ff</sln:wojIIPId><sln:wojIIPPn>PL.PZGIK.200</sln:wojIIPPn><sln:wojIIPWersja>2017-10-10T00:00:00+02:00</sln:wojIIPWersja><sln:wojIdTeryt>24</sln:wojIdTeryt><sln:wojNazwa>śląskie</sln:wojNazwa></sln:miejscowosc><sln:miejscowosc><sln:cyklZyciaOd>2014-10-08T00:00:00+02:00</sln:cyklZyciaOd><sln:gmIIPId>ed2eaefb-c82b-4ae7-8f48-f9f6591b34bc</sln:gmIIPId><sln:gmIIPPn>PL.PZGIK.200</sln:gmIIPPn><sln:gmIIPWersja>2012-09-26T22:25:47+02:00</sln:gmIIPWersja><sln:gmIdTeryt>2407022</sln:gmIdTeryt><sln:gmNazwa>Boronów</sln:gmNazwa><sln:miejscIIPId>e5cfce1c-57db-4f1c-9866-a62a491279ca</sln:miejscIIPId><sln:miejscIIPPn>PL.PZGIK.200</sln:miejscIIPPn><sln:miejscIIPWersja>2016-11-24T13:34:54+02:00</sln:miejscIIPWersja><sln:miejscIdTeryt>0132279</sln:miejscIdTeryt><sln:miejscNazwa>Zumpy</sln:miejscNazwa><sln:miejscRodzaj>Wieś</sln:miejscRodzaj><sln:powIIPId>83a775fc-d56d-4b3d-999f-f07d8b5e10e5</sln:powIIPId><sln:powIIPPn>PL.PZGIK.200</sln:powIIPPn><sln:powIIPWersja>2012-09-27T09:34:20+02:00</sln:powIIPWersja><sln:powIdTeryt>2407</sln:powIdTeryt><sln:powNazwa>lubliniecki</sln:powNazwa><sln:wojIIPId>98a63fe6-1e56-4d05-9c47-ab4233f8a6ff</sln:wojIIPId><sln:wojIIPPn>PL.PZGIK.200</sln:wojIIPPn><sln:wojIIPWersja>2017-10-10T00:00:00+02:00</sln:wojIIPWersja><sln:wojIdTeryt>24</sln:wojIdTeryt><sln:wojNazwa>śląskie</sln:wojNazwa></sln:miejscowosc><sln:miejscowosc><sln:cyklZyciaOd>2014-10-08T00:00:00+02:00</sln:cyklZyciaOd><sln:gmIIPId>ed2eaefb-c82b-4ae7-8f48-f9f6591b34bc</sln:gmIIPId><sln:gmIIPPn>PL.PZGIK.200</sln:gmIIPPn><sln:gmIIPWersja>2012-09-26T22:25:47+02:00</sln:gmIIPWersja><sln:gmIdTeryt>2407022</sln:gmIdTeryt><sln:gmNazwa>Boronów</sln:gmNazwa><sln:miejscIIPId>e3e459e5-e928-4209-a997-58cde03b174d</sln:miejscIIPId><sln:miejscIIPPn>PL.PZGIK.200</sln:miejscIIPPn><sln:miejscIIPWersja>2016-11-24T13:43:14+02:00</sln:miejscIIPWersja><sln:miejscIdTeryt>0132196</sln:miejscIdTeryt><sln:miejscNazwa>Boronów</sln:miejscNazwa><sln:miejscRodzaj>Wieś</sln:miejscRodzaj><sln:powIIPId>83a775fc-d56d-4b3d-999f-f07d8b5e10e5</sln:powIIPId><sln:powIIPPn>PL.PZGIK.200</sln:powIIPPn><sln:powIIPWersja>2012-09-27T09:34:20+02:00</sln:powIIPWersja><sln:powIdTeryt>2407</sln:powIdTeryt><sln:powNazwa>lubliniecki</sln:powNazwa><sln:wojIIPId>98a63fe6-1e56-4d05-9c47-ab4233f8a6ff</sln:wojIIPId><sln:wojIIPPn>PL.PZGIK.200</sln:wojIIPPn><sln:wojIIPWersja>2017-10-10T00:00:00+02:00</sln:wojIIPWersja><sln:wojIdTeryt>24</sln:wojIdTeryt><sln:wojNazwa>śląskie</sln:wojNazwa></sln:miejscowosc><sln:miejscowosc><sln:cyklZyciaOd>2014-10-08T00:00:00+02:00</sln:cyklZyciaOd><sln:gmIIPId>ed2eaefb-c82b-4ae7-8f48-f9f6591b34bc</sln:gmIIPId><sln:gmIIPPn>PL.PZGIK.200</sln:gmIIPPn><sln:gmIIPWersja>2012-09-26T22:25:47+02:00</sln:gmIIPWersja><sln:gmIdTeryt>2407022</sln:gmIdTeryt><sln:gmNazwa>Boronów</sln:gmNazwa><sln:miejscIIPId>655c6645-ec4a-4447-b5ae-505b2cdde0c0</sln:miejscIIPId><sln:miejscIIPPn>PL.PZGIK.200</sln:miejscIIPPn><sln:miejscIIPWersja>2016-11-24T13:36:14+02:00</sln:miejscIIPWersja><sln:miejscIdTeryt>0132227</sln:miejscIdTeryt><sln:miejscNazwa>Dębowa Góra</sln:miejscNazwa><sln:miejscRodzaj>Wieś</sln:miejscRodzaj><sln:powIIPId>83a775fc-d56d-4b3d-999f-f07d8b5e10e5</sln:powIIPId><sln:powIIPPn>PL.PZGIK.200</sln:powIIPPn><sln:powIIPWersja>2012-09-27T09:34:20+02:00</sln:powIIPWersja><sln:powIdTeryt>2407</sln:powIdTeryt><sln:powNazwa>lubliniecki</sln:powNazwa><sln:wojIIPId>98a63fe6-1e56-4d05-9c47-ab4233f8a6ff</sln:wojIIPId><sln:wojIIPPn>PL.PZGIK.200</sln:wojIIPPn><sln:wojIIPWersja>2017-10-10T00:00:00+02:00</sln:wojIIPWersja><sln:wojIdTeryt>24</sln:wojIdTeryt><sln:wojNazwa>śląskie</sln:wojNazwa></sln:miejscowosc><sln:miejscowosc><sln:cyklZyciaOd>2014-10-08T00:00:00+02:00</sln:cyklZyciaOd><sln:gmIIPId>ed2eaefb-c82b-4ae7-8f48-f9f6591b34bc</sln:gmIIPId><sln:gmIIPPn>PL.PZGIK.200</sln:gmIIPPn><sln:gmIIPWersja>2012-09-26T22:25:47+02:00</sln:gmIIPWersja><sln:gmIdTeryt>2407022</sln:gmIdTeryt><sln:gmNazwa>Boronów</sln:gmNazwa><sln:miejscIIPId>5fd4e574-d4d3-40b0-a69a-d86974517c06</sln:miejscIIPId><sln:miejscIIPPn>PL.PZGIK.200</sln:miejscIIPPn><sln:miejscIIPWersja>2016-11-24T13:36:21+02:00</sln:miejscIIPWersja><sln:miejscIdTeryt>3010595</sln:miejscIdTeryt><sln:miejscNazwa>Podhuta</sln:miejscNazwa><sln:miejscRodzaj>Inny obiekt</sln:miejscRodzaj><sln:powIIPId>83a775fc-d56d-4b3d-999f-f07d8b5e10e5</sln:powIIPId><sln:powIIPPn>PL.PZGIK.200</sln:powIIPPn><sln:powIIPWersja>2012-09-27T09:34:20+02:00</sln:powIIPWersja><sln:powIdTeryt>2407</sln:powIdTeryt><sln:powNazwa>lubliniecki</sln:powNazwa><sln:wojIIPId>98a63fe6-1e56-4d05-9c47-ab4233f8a6ff</sln:wojIIPId><sln:wojIIPPn>PL.PZGIK.200</sln:wojIIPPn><sln:wojIIPWersja>2017-10-10T00:00:00+02:00</sln:wojIIPWersja><sln:wojIdTeryt>24</sln:wojIdTeryt><sln:wojNazwa>śląskie</sln:wojNazwa></sln:miejscowosc></sln:lista-miejscowosci>