<?xml version="1.0" encoding="UTF-8" standalone="yes"?><sln:lista-miejscowosci xmlns:srv="http://gugik.gov.pl/schemas/slowniki-service/1.0" xmlns:sln="http://gugik.gov.pl/schemas/slowniki-schema/1.0"><sln:miejscowosc><sln:cyklZyciaDo>2017-09-14T00:00:00+02:00</sln:cyklZyciaDo><sln:cyklZyciaOd>2016-02-09T00:00:00+01:00</sln:cyklZyciaOd><sln:gmIIPId>d49967cd-48c1-42e3-8f13-9d4c8d3dd928</sln:gmIIPId><sln:gmIIPPn>PL.PZGIK.200</sln:gmIIPPn><sln:gmIIPWersja>2012-09-26T22:25:55+02:00</sln:gmIIPWersja><sln:gmIdTeryt>2409032</sln:gmIdTeryt><sln:gmNazwa>Niegowa</sln:gmNazwa><sln:miejscIIPId>da607582-3a37-4587-b5e9-f43e49218aa5</sln:miejscIIPId><sln:miejscIIPPn>PL.PZGIK.200</sln:miejscIIPPn><sln:miejscIIPWersja>2016-11-24T09:19:22+02:00</sln:miejscIIPWersja><sln:miejscIdTeryt>0139123</sln:miejscIdTeryt><sln:miejscNazwa>Antolka</sln:miejscNazwa><sln:miejscRodzaj>Wieś</sln:miejscRodzaj><sln:powIIPId>84af16e4-82b9-4f34-a6a2-be81f68f8753</sln:powIIPId><sln:powIIPPn>PL.PZGIK.200</sln:powIIPPn><sln:powIIPWersja>2012-09-27T09:34:20+02:00</sln:powIIPWersja><sln:powIdTeryt>2409</sln:powIdTeryt><sln:powNazwa>myszkowski</sln:powNazwa><sln:waznyOd>2015-07-10T00:00:00+02:00</sln:waznyOd><sln:wojIIPId>98a63fe6-1e56-4d05-9c47-ab4233f8a6ff</sln:wojIIPId><sln:wojIIPPn>PL.PZGIK.200</sln:wojIIPPn><sln:wojIIPWersja>2017-10-10T00:00:00+02:00</sln:wojIIPWersja><sln:wojIdTeryt>24</sln:wojIdTeryt><sln:wojNazwa>śląskie</sln:wojNazwa></sln:miejscowosc><sln:miejscowosc><sln:cyklZyciaDo>2017-09-14T00:00:00+02:00</sln:cyklZyciaDo><sln:cyklZyciaOd>2016-02-09T00:00:00+01:00</sln:cyklZyciaOd><sln:gmIIPId>d49967cd-48c1-42e3-8f13-9d4c8d3dd928</sln:gmIIPId><sln:gmIIPPn>PL.PZGIK.200</sln:gmIIPPn><sln:gmIIPWersja>2012-09-26T22:25:55+02:00</sln:gmIIPWersja><sln:gmIdTeryt>2409032</sln:gmIdTeryt><sln:gmNazwa>Niegowa</sln:gmNazwa><sln:miejscIIPId>99e4a5b5-0b1d-4b2c-a9f0-285111ad747b</sln:miejscIIPId><sln:miejscIIPPn>PL.PZGIK.200</sln:miejscIIPPn><sln:miejscIIPWersja>2016-11-24T09:19:22+02:00</sln:miejscIIPWersja><sln:miejscIdTeryt>0139130</sln:miejscIdTeryt><sln:miejscNazwa>Bliżyce</sln:miejscNazwa><sln:miejscRodzaj>Wieś</sln:miejscRodzaj><sln:powIIPId>84af16e4-82b9-4f34-a6a2-be81f68f8753</sln:powIIPId><sln:powIIPPn>PL.PZGIK.200</sln:powIIPPn><sln:powIIPWersja>2012-09-27T09:34:20+02:00</sln:powIIPWersja><sln:powIdTeryt>2409</sln:powIdTeryt><sln:powNazwa>myszkowski</sln:powNazwa><sln:waznyOd>2015-07-10T00:00:00+02:00</sln:waznyOd><sln:wojIIPId>98a63fe6-1e56-4d05-9c47-ab4233f8a6ff</sln:wojIIPId><sln:wojIIPPn>PL.PZGIK.200</sln:wojIIPPn><sln:wojIIPWersja>2017-10-10T00:00:00+02:00</sln:wojIIPWersja><sln:wojIdTeryt>24</sln:wojIdTeryt><sln:wojNazwa>śląskie</sln:wojNazwa></sln:miejscowosc><sln:miejscowosc><sln:cyklZyciaDo>2017-09-14T00:00:00+02:00</sln:cyklZyciaDo><sln:cyklZyciaOd>2016-02-09T00:00:00+01:00</sln:cyklZyciaOd><sln:gmIIPId>d49967cd-48c1-42e3-8f13-9d4c8d3dd928</sln:gmIIPId><sln:gmIIPPn>PL.PZGIK.200</sln:gmIIPPn><sln:gmIIPWersja>2012-09-26T22:25:55+02:00</sln:gmIIPWersja><sln:gmIdTeryt>2409032</sln:gmIdTeryt><sln:gmNazwa>Niegowa</sln:gmNazwa><sln:miejscIIPId>0414873c-16a4-48c3-a765-7307f376c25d</sln:miejscIIPId><sln:miejscIIPPn>PL.PZGIK.200</sln:miejscIIPPn><sln:miejscIIPWersja>2016-11-24T09:19:22+02:00</sln:miejscIIPWersja><sln:miejscIdTeryt>0139146</sln:miejscIdTeryt><sln:miejscNazwa>Bobolice</sln:miejscNazwa><sln:miejscRodzaj>Wieś</sln:miejscRodzaj><sln:powIIPId>84af16e4-82b9-4f34-a6a2-be81f68f8753</sln:powIIPId><sln:powIIPPn>PL.PZGIK.200</sln:powIIPPn><sln:powIIPWersja>2012-09-27T09:34:20+02:00</sln:powIIPWersja><sln:powIdTeryt>2409</sln:powIdTeryt><sln:powNazwa>myszkowski</sln:powNazwa><sln:waznyOd>2015-07-10T00:00:00+02:00</sln:waznyOd><sln:wojIIPId>98a63fe6-1e56-4d05-9c47-ab4233f8a6ff</sln:wojIIPId><sln:wojIIPPn>PL.PZGIK.200</sln:wojIIPPn><sln:wojIIPWersja>2017-10-10T00:00:00+02:00</sln:wojIIPWersja><sln:wojIdTeryt>24</sln:wojIdTeryt><sln:wojNazwa>śląskie</sln:wojNazwa></sln:miejscowosc><sln:miejscowosc><sln:cyklZyciaDo>2017-09-14T00:00:00+02:00</sln:cyklZyciaDo><sln:cyklZyciaOd>2016-02-09T00:00:00+01:00</sln:cyklZyciaOd><sln:gmIIPId>d49967cd-48c1-42e3-8f13-9d4c8d3dd928</sln:gmIIPId><sln:gmIIPPn>PL.PZGIK.200</sln:gmIIPPn><sln:gmIIPWersja>2012-09-26T22:25:55+02:00</sln:gmIIPWersja><sln:gmIdTeryt>2409032</sln:gmIdTeryt><sln:gmNazwa>Niegowa</sln:gmNazwa><sln:miejscIIPId>841cf34e-6ece-4257-91f0-f7c37f858a83</sln:miejscIIPId><sln:miejscIIPPn>PL.PZGIK.200</sln:miejscIIPPn><sln:miejscIIPWersja>2016-11-24T09:19:22+02:00</sln:miejscIIPWersja><sln:miejscIdTeryt>0139152</sln:miejscIdTeryt><sln:miejscNazwa>Brzeziny</sln:miejscNazwa><sln:miejscRodzaj>Wieś</sln:miejscRodzaj><sln:powIIPId>84af16e4-82b9-4f34-a6a2-be81f68f8753</sln:powIIPId><sln:powIIPPn>PL.PZGIK.200</sln:powIIPPn><sln:powIIPWersja>2012-09-27T09:34:20+02:00</sln:powIIPWersja><sln:powIdTeryt>2409</sln:powIdTeryt><sln:powNazwa>myszkowski</sln:powNazwa><sln:waznyOd>2015-07-10T00:00:00+02:00</sln:waznyOd><sln:wojIIPId>98a63fe6-1e56-4d05-9c47-ab4233f8a6ff</sln:wojIIPId><sln:wojIIPPn>PL.PZGIK.200</sln:wojIIPPn><sln:wojIIPWersja>2017-10-10T00:00:00+02:00</sln:wojIIPWersja><sln:wojIdTeryt>24</sln:wojIdTeryt><sln:wojNazwa>śląskie</sln:wojNazwa></sln:miejscowosc><sln:miejscowosc><sln:cyklZyciaDo>2017-09-14T00:00:00+02:00</sln:cyklZyciaDo><sln:cyklZyciaOd>2016-02-09T00:00:00+01:00</sln:cyklZyciaOd><sln:gmIIPId>d49967cd-48c1-42e3-8f13-9d4c8d3dd928</sln:gmIIPId><sln:gmIIPPn>PL.PZGIK.200</sln:gmIIPPn><sln:gmIIPWersja>2012-09-26T22:25:55+02:00</sln:gmIIPWersja><sln:gmIdTeryt>2409032</sln:gmIdTeryt><sln:gmNazwa>Niegowa</sln:gmNazwa><sln:miejscIIPId>9ebc66bb-ef88-471b-9238-ce7b1db6e24a</sln:miejscIIPId><sln:miejscIIPPn>PL.PZGIK.200</sln:miejscIIPPn><sln:miejscIIPWersja>2016-11-24T09:19:22+02:00</sln:miejscIIPWersja><sln:miejscIdTeryt>0139169</sln:miejscIdTeryt><sln:miejscNazwa>Dąbrowno</sln:miejscNazwa><sln:miejscRodzaj>Wieś</sln:miejscRodzaj><sln:powIIPId>84af16e4-82b9-4f34-a6a2-be81f68f8753</sln:powIIPId><sln:powIIPPn>PL.PZGIK.200</sln:powIIPPn><sln:powIIPWersja>2012-09-27T09:34:20+02:00</sln:powIIPWersja><sln:powIdTeryt>2409</sln:powIdTeryt><sln:powNazwa>myszkowski</sln:powNazwa><sln:waznyOd>2015-07-10T00:00:00+02:00</sln:waznyOd><sln:wojIIPId>98a63fe6-1e56-4d05-9c47-ab4233f8a6ff</sln:wojIIPId><sln:wojIIPPn>PL.PZGIK.200</sln:wojIIPPn><sln:wojIIPWersja>2017-10-10T00:00:00+02:00</sln:wojIIPWersja><sln:wojIdTeryt>24</sln:wojIdTeryt><sln:wojNazwa>śląskie</sln:wojNazwa></sln:miejscowosc><sln:miejscowosc><sln:cyklZyciaDo>2017-09-14T00:00:00+02:00</sln:cyklZyciaDo><sln:cyklZyciaOd>2016-02-09T00:00:00+01:00</sln:cyklZyciaOd><sln:gmIIPId>d49967cd-48c1-42e3-8f13-9d4c8d3dd928</sln:gmIIPId><sln:gmIIPPn>PL.PZGIK.200</sln:gmIIPPn><sln:gmIIPWersja>2012-09-26T22:25:55+02:00</sln:gmIIPWersja><sln:gmIdTeryt>2409032</sln:gmIdTeryt><sln:gmNazwa>Niegowa</sln:gmNazwa><sln:miejscIIPId>99824c7c-3ee1-49a7-ae8b-4afdd58bd9e9</sln:miejscIIPId><sln:miejscIIPPn>PL.PZGIK.200</sln:miejscIIPPn><sln:miejscIIPWersja>2016-11-24T09:19:22+02:00</sln:miejscIIPWersja><sln:miejscIdTeryt>0139287</sln:miejscIdTeryt><sln:miejscNazwa>Gorzków Nowy</sln:miejscNazwa><sln:miejscRodzaj>Wieś</sln:miejscRodzaj><sln:powIIPId>84af16e4-82b9-4f34-a6a2-be81f68f8753</sln:powIIPId><sln:powIIPPn>PL.PZGIK.200</sln:powIIPPn><sln:powIIPWersja>2012-09-27T09:34:20+02:00</sln:powIIPWersja><sln:powIdTeryt>2409</sln:powIdTeryt><sln:powNazwa>myszkowski</sln:powNazwa><sln:waznyOd>2015-07-10T00:00:00+02:00</sln:waznyOd><sln:wojIIPId>98a63fe6-1e56-4d05-9c47-ab4233f8a6ff</sln:wojIIPId><sln:wojIIPPn>PL.PZGIK.200</sln:wojIIPPn><sln:wojIIPWersja>2017-10-10T00:00:00+02:00</sln:wojIIPWersja><sln:wojIdTeryt>24</sln:wojIdTeryt><sln:wojNazwa>śląskie</sln:wojNazwa></sln:miejscowosc><sln:miejscowosc><sln:cyklZyciaDo>2017-09-14T00:00:00+02:00</sln:cyklZyciaDo><sln:cyklZyciaOd>2016-02-09T00:00:00+01:00</sln:cyklZyciaOd><sln:gmIIPId>d49967cd-48c1-42e3-8f13-9d4c8d3dd928</sln:gmIIPId><sln:gmIIPPn>PL.PZGIK.200</sln:gmIIPPn><sln:gmIIPWersja>2012-09-26T22:25:55+02:00</sln:gmIIPWersja><sln:gmIdTeryt>2409032</sln:gmIdTeryt><sln:gmNazwa>Niegowa</sln:gmNazwa><sln:miejscIIPId>4151da78-d241-49ed-8942-e8413f8bd40c</sln:miejscIIPId><sln:miejscIIPPn>PL.PZGIK.200</sln:miejscIIPPn><sln:miejscIIPWersja>2016-11-24T09:19:22+02:00</sln:miejscIIPWersja><sln:miejscIdTeryt>0139324</sln:miejscIdTeryt><sln:miejscNazwa>Gorzków Stary</sln:miejscNazwa><sln:miejscRodzaj>Wieś</sln:miejscRodzaj><sln:powIIPId>84af16e4-82b9-4f34-a6a2-be81f68f8753</sln:powIIPId><sln:powIIPPn>PL.PZGIK.200</sln:powIIPPn><sln:powIIPWersja>2012-09-27T09:34:20+02:00</sln:powIIPWersja><sln:powIdTeryt>2409</sln:powIdTeryt><sln:powNazwa>myszkowski</sln:powNazwa><sln:waznyOd>2015-07-10T00:00:00+02:00</sln:waznyOd><sln:wojIIPId>98a63fe6-1e56-4d05-9c47-ab4233f8a6ff</sln:wojIIPId><sln:wojIIPPn>PL.PZGIK.200</sln:wojIIPPn><sln:wojIIPWersja>2017-10-10T00:00:00+02:00</sln:wojIIPWersja><sln:wojIdTeryt>24</sln:wojIdTeryt><sln:wojNazwa>śląskie</sln:wojNazwa></sln:miejscowosc><sln:miejscowosc><sln:cyklZyciaDo>2017-09-14T00:00:00+02:00</sln:cyklZyciaDo><sln:cyklZyciaOd>2016-02-09T00:00:00+01:00</sln:cyklZyciaOd><sln:gmIIPId>d49967cd-48c1-42e3-8f13-9d4c8d3dd928</sln:gmIIPId><sln:gmIIPPn>PL.PZGIK.200</sln:gmIIPPn><sln:gmIIPWersja>2012-09-26T22:25:55+02:00</sln:gmIIPWersja><sln:gmIdTeryt>2409032</sln:gmIdTeryt><sln:gmNazwa>Niegowa</sln:gmNazwa><sln:miejscIIPId>0c4007e2-ef4d-471a-b339-d586ae2605b7</sln:miejscIIPId><sln:miejscIIPPn>PL.PZGIK.200</sln:miejscIIPPn><sln:miejscIIPWersja>2016-11-24T09:19:22+02:00</sln:miejscIIPWersja><sln:miejscIdTeryt>0139181</sln:miejscIdTeryt><sln:miejscNazwa>Ludwinów</sln:miejscNazwa><sln:miejscRodzaj>Wieś</sln:miejscRodzaj><sln:powIIPId>84af16e4-82b9-4f34-a6a2-be81f68f8753</sln:powIIPId><sln:powIIPPn>PL.PZGIK.200</sln:powIIPPn><sln:powIIPWersja>2012-09-27T09:34:20+02:00</sln:powIIPWersja><sln:powIdTeryt>2409</sln:powIdTeryt><sln:powNazwa>myszkowski</sln:powNazwa><sln:waznyOd>2015-07-10T00:00:00+02:00</sln:waznyOd><sln:wojIIPId>98a63fe6-1e56-4d05-9c47-ab4233f8a6ff</sln:wojIIPId><sln:wojIIPPn>PL.PZGIK.200</sln:wojIIPPn><sln:wojIIPWersja>2017-10-10T00:00:00+02:00</sln:wojIIPWersja><sln:wojIdTeryt>24</sln:wojIdTeryt><sln:wojNazwa>śląskie</sln:wojNazwa></sln:miejscowosc><sln:miejscowosc><sln:cyklZyciaDo>2017-09-14T00:00:00+02:00</sln:cyklZyciaDo><sln:cyklZyciaOd>2016-02-09T00:00:00+01:00</sln:cyklZyciaOd><sln:gmIIPId>d49967cd-48c1-42e3-8f13-9d4c8d3dd928</sln:gmIIPId><sln:gmIIPPn>PL.PZGIK.200</sln:gmIIPPn><sln:gmIIPWersja>2012-09-26T22:25:55+02:00</sln:gmIIPWersja><sln:gmIdTeryt>2409032</sln:gmIdTeryt><sln:gmNazwa>Niegowa</sln:gmNazwa><sln:miejscIIPId>39a2efb3-05cf-48f9-ad90-df4d524a5048</sln:miejscIIPId><sln:miejscIIPPn>PL.PZGIK.200</sln:miejscIIPPn><sln:miejscIIPWersja>2016-11-24T09:19:22+02:00</sln:miejscIIPWersja><sln:miejscIdTeryt>0139198</sln:miejscIdTeryt><sln:miejscNazwa>Łutowiec</sln:miejscNazwa><sln:miejscRodzaj>Wieś</sln:miejscRodzaj><sln:powIIPId>84af16e4-82b9-4f34-a6a2-be81f68f8753</sln:powIIPId><sln:powIIPPn>PL.PZGIK.200</sln:powIIPPn><sln:powIIPWersja>2012-09-27T09:34:20+02:00</sln:powIIPWersja><sln:powIdTeryt>2409</sln:powIdTeryt><sln:powNazwa>myszkowski</sln:powNazwa><sln:waznyOd>2015-07-10T00:00:00+02:00</sln:waznyOd><sln:wojIIPId>98a63fe6-1e56-4d05-9c47-ab4233f8a6ff</sln:wojIIPId><sln:wojIIPPn>PL.PZGIK.200</sln:wojIIPPn><sln:wojIIPWersja>2017-10-10T00:00:00+02:00</sln:wojIIPWersja><sln:wojIdTeryt>24</sln:wojIdTeryt><sln:wojNazwa>śląskie</sln:wojNazwa></sln:miejscowosc><sln:miejscowosc><sln:cyklZyciaDo>2017-09-14T00:00:00+02:00</sln:cyklZyciaDo><sln:cyklZyciaOd>2016-02-09T00:00:00+01:00</sln:cyklZyciaOd><sln:gmIIPId>d49967cd-48c1-42e3-8f13-9d4c8d3dd928</sln:gmIIPId><sln:gmIIPPn>PL.PZGIK.200</sln:gmIIPPn><sln:gmIIPWersja>2012-09-26T22:25:55+02:00</sln:gmIIPWersja><sln:gmIdTeryt>2409032</sln:gmIdTeryt><sln:gmNazwa>Niegowa</sln:gmNazwa><sln:miejscIIPId>e0dfb6c6-7c17-448a-839b-ccdf0e8f3a09</sln:miejscIIPId><sln:miejscIIPPn>PL.PZGIK.200</sln:miejscIIPPn><sln:miejscIIPWersja>2016-11-24T09:19:22+02:00</sln:miejscIIPWersja><sln:miejscIdTeryt>0139206</sln:miejscIdTeryt><sln:miejscNazwa>Mirów</sln:miejscNazwa><sln:miejscRodzaj>Wieś</sln:miejscRodzaj><sln:powIIPId>84af16e4-82b9-4f34-a6a2-be81f68f8753</sln:powIIPId><sln:powIIPPn>PL.PZGIK.200</sln:powIIPPn><sln:powIIPWersja>2012-09-27T09:34:20+02:00</sln:powIIPWersja><sln:powIdTeryt>2409</sln:powIdTeryt><sln:powNazwa>myszkowski</sln:powNazwa><sln:waznyOd>2015-07-10T00:00:00+02:00</sln:waznyOd><sln:wojIIPId>98a63fe6-1e56-4d05-9c47-ab4233f8a6ff</sln:wojIIPId><sln:wojIIPPn>PL.PZGIK.200</sln:wojIIPPn><sln:wojIIPWersja>2017-10-10T00:00:00+02:00</sln:wojIIPWersja><sln:wojIdTeryt>24</sln:wojIdTeryt><sln:wojNazwa>śląskie</sln:wojNazwa></sln:miejscowosc><sln:miejscowosc><sln:cyklZyciaDo>2017-09-14T00:00:00+02:00</sln:cyklZyciaDo><sln:cyklZyciaOd>2016-02-09T00:00:00+01:00</sln:cyklZyciaOd><sln:gmIIPId>d49967cd-48c1-42e3-8f13-9d4c8d3dd928</sln:gmIIPId><sln:gmIIPPn>PL.PZGIK.200</sln:gmIIPPn><sln:gmIIPWersja>2012-09-26T22:25:55+02:00</sln:gmIIPWersja><sln:gmIdTeryt>2409032</sln:gmIdTeryt><sln:gmNazwa>Niegowa</sln:gmNazwa><sln:miejscIIPId>54e7c8ac-f5b3-4d17-a858-7ada79ce4a16</sln:miejscIIPId><sln:miejscIIPPn>PL.PZGIK.200</sln:miejscIIPPn><sln:miejscIIPWersja>2016-11-24T09:19:22+02:00</sln:miejscIIPWersja><sln:miejscIdTeryt>0139212</sln:miejscIdTeryt><sln:miejscNazwa>Moczydło</sln:miejscNazwa><sln:miejscRodzaj>Wieś</sln:miejscRodzaj><sln:powIIPId>84af16e4-82b9-4f34-a6a2-be81f68f8753</sln:powIIPId><sln:powIIPPn>PL.PZGIK.200</sln:powIIPPn><sln:powIIPWersja>2012-09-27T09:34:20+02:00</sln:powIIPWersja><sln:powIdTeryt>2409</sln:powIdTeryt><sln:powNazwa>myszkowski</sln:powNazwa><sln:waznyOd>2015-07-10T00:00:00+02:00</sln:waznyOd><sln:wojIIPId>98a63fe6-1e56-4d05-9c47-ab4233f8a6ff</sln:wojIIPId><sln:wojIIPPn>PL.PZGIK.200</sln:wojIIPPn><sln:wojIIPWersja>2017-10-10T00:00:00+02:00</sln:wojIIPWersja><sln:wojIdTeryt>24</sln:wojIdTeryt><sln:wojNazwa>śląskie</sln:wojNazwa></sln:miejscowosc><sln:miejscowosc><sln:cyklZyciaDo>2017-09-14T00:00:00+02:00</sln:cyklZyciaDo><sln:cyklZyciaOd>2016-02-09T00:00:00+01:00</sln:cyklZyciaOd><sln:gmIIPId>d49967cd-48c1-42e3-8f13-9d4c8d3dd928</sln:gmIIPId><sln:gmIIPPn>PL.PZGIK.200</sln:gmIIPPn><sln:gmIIPWersja>2012-09-26T22:25:55+02:00</sln:gmIIPWersja><sln:gmIdTeryt>2409032</sln:gmIdTeryt><sln:gmNazwa>Niegowa</sln:gmNazwa><sln:miejscIIPId>01794458-fa5b-403d-9b4f-c49ff12b1936</sln:miejscIIPId><sln:miejscIIPPn>PL.PZGIK.200</sln:miejscIIPPn><sln:miejscIIPWersja>2016-11-24T09:19:22+02:00</sln:miejscIIPWersja><sln:miejscIdTeryt>0139235</sln:miejscIdTeryt><sln:miejscNazwa>Mzurów</sln:miejscNazwa><sln:miejscRodzaj>Wieś</sln:miejscRodzaj><sln:powIIPId>84af16e4-82b9-4f34-a6a2-be81f68f8753</sln:powIIPId><sln:powIIPPn>PL.PZGIK.200</sln:powIIPPn><sln:powIIPWersja>2012-09-27T09:34:20+02:00</sln:powIIPWersja><sln:powIdTeryt>2409</sln:powIdTeryt><sln:powNazwa>myszkowski</sln:powNazwa><sln:waznyOd>2015-07-10T00:00:00+02:00</sln:waznyOd><sln:wojIIPId>98a63fe6-1e56-4d05-9c47-ab4233f8a6ff</sln:wojIIPId><sln:wojIIPPn>PL.PZGIK.200</sln:wojIIPPn><sln:wojIIPWersja>2017-10-10T00:00:00+02:00</sln:wojIIPWersja><sln:wojIdTeryt>24</sln:wojIdTeryt><sln:wojNazwa>śląskie</sln:wojNazwa></sln:miejscowosc><sln:miejscowosc><sln:cyklZyciaDo>2017-09-14T00:00:00+02:00</sln:cyklZyciaDo><sln:cyklZyciaOd>2016-02-09T00:00:00+01:00</sln:cyklZyciaOd><sln:gmIIPId>d49967cd-48c1-42e3-8f13-9d4c8d3dd928</sln:gmIIPId><sln:gmIIPPn>PL.PZGIK.200</sln:gmIIPPn><sln:gmIIPWersja>2012-09-26T22:25:55+02:00</sln:gmIIPWersja><sln:gmIdTeryt>2409032</sln:gmIdTeryt><sln:gmNazwa>Niegowa</sln:gmNazwa><sln:miejscIIPId>4d8a115c-7f53-4ab4-afa1-3f41fee1e906</sln:miejscIIPId><sln:miejscIIPPn>PL.PZGIK.200</sln:miejscIIPPn><sln:miejscIIPWersja>2016-11-24T09:19:22+02:00</sln:miejscIIPWersja><sln:miejscIdTeryt>0139258</sln:miejscIdTeryt><sln:miejscNazwa>Niegowa</sln:miejscNazwa><sln:miejscRodzaj>Wieś</sln:miejscRodzaj><sln:powIIPId>84af16e4-82b9-4f34-a6a2-be81f68f8753</sln:powIIPId><sln:powIIPPn>PL.PZGIK.200</sln:powIIPPn><sln:powIIPWersja>2012-09-27T09:34:20+02:00</sln:powIIPWersja><sln:powIdTeryt>2409</sln:powIdTeryt><sln:powNazwa>myszkowski</sln:powNazwa><sln:waznyOd>2015-07-10T00:00:00+02:00</sln:waznyOd><sln:wojIIPId>98a63fe6-1e56-4d05-9c47-ab4233f8a6ff</sln:wojIIPId><sln:wojIIPPn>PL.PZGIK.200</sln:wojIIPPn><sln:wojIIPWersja>2017-10-10T00:00:00+02:00</sln:wojIIPWersja><sln:wojIdTeryt>24</sln:wojIdTeryt><sln:wojNazwa>śląskie</sln:wojNazwa></sln:miejscowosc><sln:miejscowosc><sln:cyklZyciaDo>2017-09-14T00:00:00+02:00</sln:cyklZyciaDo><sln:cyklZyciaOd>2016-02-09T00:00:00+01:00</sln:cyklZyciaOd><sln:gmIIPId>d49967cd-48c1-42e3-8f13-9d4c8d3dd928</sln:gmIIPId><sln:gmIIPPn>PL.PZGIK.200</sln:gmIIPPn><sln:gmIIPWersja>2012-09-26T22:25:55+02:00</sln:gmIIPWersja><sln:gmIdTeryt>2409032</sln:gmIdTeryt><sln:gmNazwa>Niegowa</sln:gmNazwa><sln:miejscIIPId>a3ae76e2-4058-44be-ae95-244fdfb5c562</sln:miejscIIPId><sln:miejscIIPPn>PL.PZGIK.200</sln:miejscIIPPn><sln:miejscIIPWersja>2016-11-24T09:19:22+02:00</sln:miejscIIPWersja><sln:miejscIdTeryt>0139270</sln:miejscIdTeryt><sln:miejscNazwa>Niegówka</sln:miejscNazwa><sln:miejscRodzaj>Wieś</sln:miejscRodzaj><sln:powIIPId>84af16e4-82b9-4f34-a6a2-be81f68f8753</sln:powIIPId><sln:powIIPPn>PL.PZGIK.200</sln:powIIPPn><sln:powIIPWersja>2012-09-27T09:34:20+02:00</sln:powIIPWersja><sln:powIdTeryt>2409</sln:powIdTeryt><sln:powNazwa>myszkowski</sln:powNazwa><sln:waznyOd>2015-07-10T00:00:00+02:00</sln:waznyOd><sln:wojIIPId>98a63fe6-1e56-4d05-9c47-ab4233f8a6ff</sln:wojIIPId><sln:wojIIPPn>PL.PZGIK.200</sln:wojIIPPn><sln:wojIIPWersja>2017-10-10T00:00:00+02:00</sln:wojIIPWersja><sln:wojIdTeryt>24</sln:wojIdTeryt><sln:wojNazwa>śląskie</sln:wojNazwa></sln:miejscowosc><sln:miejscowosc><sln:cyklZyciaDo>2017-09-14T00:00:00+02:00</sln:cyklZyciaDo><sln:cyklZyciaOd>2016-02-09T00:00:00+01:00</sln:cyklZyciaOd><sln:gmIIPId>d49967cd-48c1-42e3-8f13-9d4c8d3dd928</sln:gmIIPId><sln:gmIIPPn>PL.PZGIK.200</sln:gmIIPPn><sln:gmIIPWersja>2012-09-26T22:25:55+02:00</sln:gmIIPWersja><sln:gmIdTeryt>2409032</sln:gmIdTeryt><sln:gmNazwa>Niegowa</sln:gmNazwa><sln:miejscIIPId>ad525ca5-0a51-4f5a-aef7-9d8272df8afc</sln:miejscIIPId><sln:miejscIIPPn>PL.PZGIK.200</sln:miejscIIPPn><sln:miejscIIPWersja>2016-11-24T09:19:22+02:00</sln:miejscIIPWersja><sln:miejscIdTeryt>0139293</sln:miejscIdTeryt><sln:miejscNazwa>Ogorzelnik</sln:miejscNazwa><sln:miejscRodzaj>Wieś</sln:miejscRodzaj><sln:powIIPId>84af16e4-82b9-4f34-a6a2-be81f68f8753</sln:powIIPId><sln:powIIPPn>PL.PZGIK.200</sln:powIIPPn><sln:powIIPWersja>2012-09-27T09:34:20+02:00</sln:powIIPWersja><sln:powIdTeryt>2409</sln:powIdTeryt><sln:powNazwa>myszkowski</sln:powNazwa><sln:waznyOd>2015-07-10T00:00:00+02:00</sln:waznyOd><sln:wojIIPId>98a63fe6-1e56-4d05-9c47-ab4233f8a6ff</sln:wojIIPId><sln:wojIIPPn>PL.PZGIK.200</sln:wojIIPPn><sln:wojIIPWersja>2017-10-10T00:00:00+02:00</sln:wojIIPWersja><sln:wojIdTeryt>24</sln:wojIdTeryt><sln:wojNazwa>śląskie</sln:wojNazwa></sln:miejscowosc><sln:miejscowosc><sln:cyklZyciaDo>2017-09-14T00:00:00+02:00</sln:cyklZyciaDo><sln:cyklZyciaOd>2016-02-09T00:00:00+01:00</sln:cyklZyciaOd><sln:gmIIPId>d49967cd-48c1-42e3-8f13-9d4c8d3dd928</sln:gmIIPId><sln:gmIIPPn>PL.PZGIK.200</sln:gmIIPPn><sln:gmIIPWersja>2012-09-26T22:25:55+02:00</sln:gmIIPWersja><sln:gmIdTeryt>2409032</sln:gmIdTeryt><sln:gmNazwa>Niegowa</sln:gmNazwa><sln:miejscIIPId>79580998-409f-4edb-a9c7-ab309133fbd2</sln:miejscIIPId><sln:miejscIIPPn>PL.PZGIK.200</sln:miejscIIPPn><sln:miejscIIPWersja>2016-11-24T09:19:22+02:00</sln:miejscIIPWersja><sln:miejscIdTeryt>0139301</sln:miejscIdTeryt><sln:miejscNazwa>Postaszowice</sln:miejscNazwa><sln:miejscRodzaj>Wieś</sln:miejscRodzaj><sln:powIIPId>84af16e4-82b9-4f34-a6a2-be81f68f8753</sln:powIIPId><sln:powIIPPn>PL.PZGIK.200</sln:powIIPPn><sln:powIIPWersja>2012-09-27T09:34:20+02:00</sln:powIIPWersja><sln:powIdTeryt>2409</sln:powIdTeryt><sln:powNazwa>myszkowski</sln:powNazwa><sln:waznyOd>2015-07-10T00:00:00+02:00</sln:waznyOd><sln:wojIIPId>98a63fe6-1e56-4d05-9c47-ab4233f8a6ff</sln:wojIIPId><sln:wojIIPPn>PL.PZGIK.200</sln:wojIIPPn><sln:wojIIPWersja>2017-10-10T00:00:00+02:00</sln:wojIIPWersja><sln:wojIdTeryt>24</sln:wojIdTeryt><sln:wojNazwa>śląskie</sln:wojNazwa></sln:miejscowosc><sln:miejscowosc><sln:cyklZyciaDo>2017-09-14T00:00:00+02:00</sln:cyklZyciaDo><sln:cyklZyciaOd>2016-02-09T00:00:00+01:00</sln:cyklZyciaOd><sln:gmIIPId>d49967cd-48c1-42e3-8f13-9d4c8d3dd928</sln:gmIIPId><sln:gmIIPPn>PL.PZGIK.200</sln:gmIIPPn><sln:gmIIPWersja>2012-09-26T22:25:55+02:00</sln:gmIIPWersja><sln:gmIdTeryt>2409032</sln:gmIdTeryt><sln:gmNazwa>Niegowa</sln:gmNazwa><sln:miejscIIPId>021ee73d-a254-4d07-8141-08faf01b7c60</sln:miejscIIPId><sln:miejscIIPPn>PL.PZGIK.200</sln:miejscIIPPn><sln:miejscIIPWersja>2016-11-24T09:19:22+02:00</sln:miejscIIPWersja><sln:miejscIdTeryt>0139318</sln:miejscIdTeryt><sln:miejscNazwa>Sokolniki</sln:miejscNazwa><sln:miejscRodzaj>Wieś</sln:miejscRodzaj><sln:powIIPId>84af16e4-82b9-4f34-a6a2-be81f68f8753</sln:powIIPId><sln:powIIPPn>PL.PZGIK.200</sln:powIIPPn><sln:powIIPWersja>2012-09-27T09:34:20+02:00</sln:powIIPWersja><sln:powIdTeryt>2409</sln:powIdTeryt><sln:powNazwa>myszkowski</sln:powNazwa><sln:waznyOd>2015-07-10T00:00:00+02:00</sln:waznyOd><sln:wojIIPId>98a63fe6-1e56-4d05-9c47-ab4233f8a6ff</sln:wojIIPId><sln:wojIIPPn>PL.PZGIK.200</sln:wojIIPPn><sln:wojIIPWersja>2017-10-10T00:00:00+02:00</sln:wojIIPWersja><sln:wojIdTeryt>24</sln:wojIdTeryt><sln:wojNazwa>śląskie</sln:wojNazwa></sln:miejscowosc><sln:miejscowosc><sln:cyklZyciaDo>2017-09-14T00:00:00+02:00</sln:cyklZyciaDo><sln:cyklZyciaOd>2016-02-09T00:00:00+01:00</sln:cyklZyciaOd><sln:gmIIPId>d49967cd-48c1-42e3-8f13-9d4c8d3dd928</sln:gmIIPId><sln:gmIIPPn>PL.PZGIK.200</sln:gmIIPPn><sln:gmIIPWersja>2012-09-26T22:25:55+02:00</sln:gmIIPWersja><sln:gmIdTeryt>2409032</sln:gmIdTeryt><sln:gmNazwa>Niegowa</sln:gmNazwa><sln:miejscIIPId>8a4f084e-6ab8-4cf4-a7b8-08c009d3c161</sln:miejscIIPId><sln:miejscIIPPn>PL.PZGIK.200</sln:miejscIIPPn><sln:miejscIIPWersja>2016-11-24T09:19:22+02:00</sln:miejscIIPWersja><sln:miejscIdTeryt>0139330</sln:miejscIdTeryt><sln:miejscNazwa>Tomiszowice</sln:miejscNazwa><sln:miejscRodzaj>Wieś</sln:miejscRodzaj><sln:powIIPId>84af16e4-82b9-4f34-a6a2-be81f68f8753</sln:powIIPId><sln:powIIPPn>PL.PZGIK.200</sln:powIIPPn><sln:powIIPWersja>2012-09-27T09:34:20+02:00</sln:powIIPWersja><sln:powIdTeryt>2409</sln:powIdTeryt><sln:powNazwa>myszkowski</sln:powNazwa><sln:waznyOd>2015-07-10T00:00:00+02:00</sln:waznyOd><sln:wojIIPId>98a63fe6-1e56-4d05-9c47-ab4233f8a6ff</sln:wojIIPId><sln:wojIIPPn>PL.PZGIK.200</sln:wojIIPPn><sln:wojIIPWersja>2017-10-10T00:00:00+02:00</sln:wojIIPWersja><sln:wojIdTeryt>24</sln:wojIdTeryt><sln:wojNazwa>śląskie</sln:wojNazwa></sln:miejscowosc><sln:miejscowosc><sln:cyklZyciaDo>2017-09-14T00:00:00+02:00</sln:cyklZyciaDo><sln:cyklZyciaOd>2016-02-09T00:00:00+01:00</sln:cyklZyciaOd><sln:gmIIPId>d49967cd-48c1-42e3-8f13-9d4c8d3dd928</sln:gmIIPId><sln:gmIIPPn>PL.PZGIK.200</sln:gmIIPPn><sln:gmIIPWersja>2012-09-26T22:25:55+02:00</sln:gmIIPWersja><sln:gmIdTeryt>2409032</sln:gmIdTeryt><sln:gmNazwa>Niegowa</sln:gmNazwa><sln:miejscIIPId>93846fe9-6ac0-46e1-a705-a847fceb1926</sln:miejscIIPId><sln:miejscIIPPn>PL.PZGIK.200</sln:miejscIIPPn><sln:miejscIIPWersja>2016-11-24T09:19:22+02:00</sln:miejscIIPWersja><sln:miejscIdTeryt>0139360</sln:miejscIdTeryt><sln:miejscNazwa>Trzebniów</sln:miejscNazwa><sln:miejscRodzaj>Wieś</sln:miejscRodzaj><sln:powIIPId>84af16e4-82b9-4f34-a6a2-be81f68f8753</sln:powIIPId><sln:powIIPPn>PL.PZGIK.200</sln:powIIPPn><sln:powIIPWersja>2012-09-27T09:34:20+02:00</sln:powIIPWersja><sln:powIdTeryt>2409</sln:powIdTeryt><sln:powNazwa>myszkowski</sln:powNazwa><sln:waznyOd>2015-07-10T00:00:00+02:00</sln:waznyOd><sln:wojIIPId>98a63fe6-1e56-4d05-9c47-ab4233f8a6ff</sln:wojIIPId><sln:wojIIPPn>PL.PZGIK.200</sln:wojIIPPn><sln:wojIIPWersja>2017-10-10T00:00:00+02:00</sln:wojIIPWersja><sln:wojIdTeryt>24</sln:wojIdTeryt><sln:wojNazwa>śląskie</sln:wojNazwa></sln:miejscowosc><sln:miejscowosc><sln:cyklZyciaDo>2017-09-14T00:00:00+02:00</sln:cyklZyciaDo><sln:cyklZyciaOd>2016-02-09T00:00:00+01:00</sln:cyklZyciaOd><sln:gmIIPId>d49967cd-48c1-42e3-8f13-9d4c8d3dd928</sln:gmIIPId><sln:gmIIPPn>PL.PZGIK.200</sln:gmIIPPn><sln:gmIIPWersja>2012-09-26T22:25:55+02:00</sln:gmIIPWersja><sln:gmIdTeryt>2409032</sln:gmIdTeryt><sln:gmNazwa>Niegowa</sln:gmNazwa><sln:miejscIIPId>98d00682-55d7-4e83-abb7-c891ba9e863b</sln:miejscIIPId><sln:miejscIIPPn>PL.PZGIK.200</sln:miejscIIPPn><sln:miejscIIPWersja>2016-11-24T09:19:22+02:00</sln:miejscIIPWersja><sln:miejscIdTeryt>0139399</sln:miejscIdTeryt><sln:miejscNazwa>Zagórze</sln:miejscNazwa><sln:miejscRodzaj>Wieś</sln:miejscRodzaj><sln:powIIPId>84af16e4-82b9-4f34-a6a2-be81f68f8753</sln:powIIPId><sln:powIIPPn>PL.PZGIK.200</sln:powIIPPn><sln:powIIPWersja>2012-09-27T09:34:20+02:00</sln:powIIPWersja><sln:powIdTeryt>2409</sln:powIdTeryt><sln:powNazwa>myszkowski</sln:powNazwa><sln:waznyOd>2015-07-10T00:00:00+02:00</sln:waznyOd><sln:wojIIPId>98a63fe6-1e56-4d05-9c47-ab4233f8a6ff</sln:wojIIPId><sln:wojIIPPn>PL.PZGIK.200</sln:wojIIPPn><sln:wojIIPWersja>2017-10-10T00:00:00+02:00</sln:wojIIPWersja><sln:wojIdTeryt>24</sln:wojIdTeryt><sln:wojNazwa>śląskie</sln:wojNazwa></sln:miejscowosc><sln:miejscowosc><sln:cyklZyciaOd>2017-04-20T00:00:00+02:00</sln:cyklZyciaOd><sln:gmIIPId>d49967cd-48c1-42e3-8f13-9d4c8d3dd928</sln:gmIIPId><sln:gmIIPPn>PL.PZGIK.200</sln:gmIIPPn><sln:gmIIPWersja>2012-09-26T22:25:55+02:00</sln:gmIIPWersja><sln:gmIdTeryt>2409032</sln:gmIdTeryt><sln:gmNazwa>Niegowa</sln:gmNazwa><sln:miejscIIPId>b9a550f0-d6d3-44dc-b401-fc824352e381</sln:miejscIIPId><sln:miejscIIPPn>PL.PZGIK.200</sln:miejscIIPPn><sln:miejscIIPWersja>2017-04-20T03:26:50+02:00</sln:miejscIIPWersja><sln:miejscIdTeryt>0139318</sln:miejscIdTeryt><sln:miejscNazwa>Sokolniki</sln:miejscNazwa><sln:miejscRodzaj>Wieś</sln:miejscRodzaj><sln:powIIPId>84af16e4-82b9-4f34-a6a2-be81f68f8753</sln:powIIPId><sln:powIIPPn>PL.PZGIK.200</sln:powIIPPn><sln:powIIPWersja>2012-09-27T09:34:20+02:00</sln:powIIPWersja><sln:powIdTeryt>2409</sln:powIdTeryt><sln:powNazwa>myszkowski</sln:powNazwa><sln:wojIIPId>98a63fe6-1e56-4d05-9c47-ab4233f8a6ff</sln:wojIIPId><sln:wojIIPPn>PL.PZGIK.200</sln:wojIIPPn><sln:wojIIPWersja>2017-10-10T00:00:00+02:00</sln:wojIIPWersja><sln:wojIdTeryt>24</sln:wojIdTeryt><sln:wojNazwa>śląskie</sln:wojNazwa></sln:miejscowosc><sln:miejscowosc><sln:cyklZyciaOd>2017-04-20T00:00:00+02:00</sln:cyklZyciaOd><sln:gmIIPId>d49967cd-48c1-42e3-8f13-9d4c8d3dd928</sln:gmIIPId><sln:gmIIPPn>PL.PZGIK.200</sln:gmIIPPn><sln:gmIIPWersja>2012-09-26T22:25:55+02:00</sln:gmIIPWersja><sln:gmIdTeryt>2409032</sln:gmIdTeryt><sln:gmNazwa>Niegowa</sln:gmNazwa><sln:miejscIIPId>74be043c-db1d-48c8-bca1-47d7549b430f</sln:miejscIIPId><sln:miejscIIPPn>PL.PZGIK.200</sln:miejscIIPPn><sln:miejscIIPWersja>2017-04-20T03:26:50+02:00</sln:miejscIIPWersja><sln:miejscIdTeryt>0139169</sln:miejscIdTeryt><sln:miejscNazwa>Dąbrowno</sln:miejscNazwa><sln:miejscRodzaj>Wieś</sln:miejscRodzaj><sln:powIIPId>84af16e4-82b9-4f34-a6a2-be81f68f8753</sln:powIIPId><sln:powIIPPn>PL.PZGIK.200</sln:powIIPPn><sln:powIIPWersja>2012-09-27T09:34:20+02:00</sln:powIIPWersja><sln:powIdTeryt>2409</sln:powIdTeryt><sln:powNazwa>myszkowski</sln:powNazwa><sln:wojIIPId>98a63fe6-1e56-4d05-9c47-ab4233f8a6ff</sln:wojIIPId><sln:wojIIPPn>PL.PZGIK.200</sln:wojIIPPn><sln:wojIIPWersja>2017-10-10T00:00:00+02:00</sln:wojIIPWersja><sln:wojIdTeryt>24</sln:wojIdTeryt><sln:wojNazwa>śląskie</sln:wojNazwa></sln:miejscowosc><sln:miejscowosc><sln:cyklZyciaOd>2017-04-20T00:00:00+02:00</sln:cyklZyciaOd><sln:gmIIPId>d49967cd-48c1-42e3-8f13-9d4c8d3dd928</sln:gmIIPId><sln:gmIIPPn>PL.PZGIK.200</sln:gmIIPPn><sln:gmIIPWersja>2012-09-26T22:25:55+02:00</sln:gmIIPWersja><sln:gmIdTeryt>2409032</sln:gmIdTeryt><sln:gmNazwa>Niegowa</sln:gmNazwa><sln:miejscIIPId>cbe08237-f9e5-4053-8d2d-56ec47f04305</sln:miejscIIPId><sln:miejscIIPPn>PL.PZGIK.200</sln:miejscIIPPn><sln:miejscIIPWersja>2017-04-20T03:26:50+02:00</sln:miejscIIPWersja><sln:miejscIdTeryt>0139287</sln:miejscIdTeryt><sln:miejscNazwa>Gorzków Nowy</sln:miejscNazwa><sln:miejscRodzaj>Wieś</sln:miejscRodzaj><sln:powIIPId>84af16e4-82b9-4f34-a6a2-be81f68f8753</sln:powIIPId><sln:powIIPPn>PL.PZGIK.200</sln:powIIPPn><sln:powIIPWersja>2012-09-27T09:34:20+02:00</sln:powIIPWersja><sln:powIdTeryt>2409</sln:powIdTeryt><sln:powNazwa>myszkowski</sln:powNazwa><sln:wojIIPId>98a63fe6-1e56-4d05-9c47-ab4233f8a6ff</sln:wojIIPId><sln:wojIIPPn>PL.PZGIK.200</sln:wojIIPPn><sln:wojIIPWersja>2017-10-10T00:00:00+02:00</sln:wojIIPWersja><sln:wojIdTeryt>24</sln:wojIdTeryt><sln:wojNazwa>śląskie</sln:wojNazwa></sln:miejscowosc><sln:miejscowosc><sln:cyklZyciaOd>2017-04-20T00:00:00+02:00</sln:cyklZyciaOd><sln:gmIIPId>d49967cd-48c1-42e3-8f13-9d4c8d3dd928</sln:gmIIPId><sln:gmIIPPn>PL.PZGIK.200</sln:gmIIPPn><sln:gmIIPWersja>2012-09-26T22:25:55+02:00</sln:gmIIPWersja><sln:gmIdTeryt>2409032</sln:gmIdTeryt><sln:gmNazwa>Niegowa</sln:gmNazwa><sln:miejscIIPId>39f9cadb-ed06-4c36-9b0d-1e35fb3ba62a</sln:miejscIIPId><sln:miejscIIPPn>PL.PZGIK.200</sln:miejscIIPPn><sln:miejscIIPWersja>2017-04-20T03:26:51+02:00</sln:miejscIIPWersja><sln:miejscIdTeryt>0139130</sln:miejscIdTeryt><sln:miejscNazwa>Bliżyce</sln:miejscNazwa><sln:miejscRodzaj>Wieś</sln:miejscRodzaj><sln:powIIPId>84af16e4-82b9-4f34-a6a2-be81f68f8753</sln:powIIPId><sln:powIIPPn>PL.PZGIK.200</sln:powIIPPn><sln:powIIPWersja>2012-09-27T09:34:20+02:00</sln:powIIPWersja><sln:powIdTeryt>2409</sln:powIdTeryt><sln:powNazwa>myszkowski</sln:powNazwa><sln:wojIIPId>98a63fe6-1e56-4d05-9c47-ab4233f8a6ff</sln:wojIIPId><sln:wojIIPPn>PL.PZGIK.200</sln:wojIIPPn><sln:wojIIPWersja>2017-10-10T00:00:00+02:00</sln:wojIIPWersja><sln:wojIdTeryt>24</sln:wojIdTeryt><sln:wojNazwa>śląskie</sln:wojNazwa></sln:miejscowosc><sln:miejscowosc><sln:cyklZyciaOd>2017-04-20T00:00:00+02:00</sln:cyklZyciaOd><sln:gmIIPId>d49967cd-48c1-42e3-8f13-9d4c8d3dd928</sln:gmIIPId><sln:gmIIPPn>PL.PZGIK.200</sln:gmIIPPn><sln:gmIIPWersja>2012-09-26T22:25:55+02:00</sln:gmIIPWersja><sln:gmIdTeryt>2409032</sln:gmIdTeryt><sln:gmNazwa>Niegowa</sln:gmNazwa><sln:miejscIIPId>baa0c4f8-f8e0-4fc1-96e3-60291169aa8c</sln:miejscIIPId><sln:miejscIIPPn>PL.PZGIK.200</sln:miejscIIPPn><sln:miejscIIPWersja>2017-04-20T03:26:51+02:00</sln:miejscIIPWersja><sln:miejscIdTeryt>0139181</sln:miejscIdTeryt><sln:miejscNazwa>Ludwinów</sln:miejscNazwa><sln:miejscRodzaj>Wieś</sln:miejscRodzaj><sln:powIIPId>84af16e4-82b9-4f34-a6a2-be81f68f8753</sln:powIIPId><sln:powIIPPn>PL.PZGIK.200</sln:powIIPPn><sln:powIIPWersja>2012-09-27T09:34:20+02:00</sln:powIIPWersja><sln:powIdTeryt>2409</sln:powIdTeryt><sln:powNazwa>myszkowski</sln:powNazwa><sln:wojIIPId>98a63fe6-1e56-4d05-9c47-ab4233f8a6ff</sln:wojIIPId><sln:wojIIPPn>PL.PZGIK.200</sln:wojIIPPn><sln:wojIIPWersja>2017-10-10T00:00:00+02:00</sln:wojIIPWersja><sln:wojIdTeryt>24</sln:wojIdTeryt><sln:wojNazwa>śląskie</sln:wojNazwa></sln:miejscowosc><sln:miejscowosc><sln:cyklZyciaOd>2017-04-20T00:00:00+02:00</sln:cyklZyciaOd><sln:gmIIPId>d49967cd-48c1-42e3-8f13-9d4c8d3dd928</sln:gmIIPId><sln:gmIIPPn>PL.PZGIK.200</sln:gmIIPPn><sln:gmIIPWersja>2012-09-26T22:25:55+02:00</sln:gmIIPWersja><sln:gmIdTeryt>2409032</sln:gmIdTeryt><sln:gmNazwa>Niegowa</sln:gmNazwa><sln:miejscIIPId>9a15e5a2-6d04-4dc1-b410-672c91df9024</sln:miejscIIPId><sln:miejscIIPPn>PL.PZGIK.200</sln:miejscIIPPn><sln:miejscIIPWersja>2017-04-20T03:26:51+02:00</sln:miejscIIPWersja><sln:miejscIdTeryt>0139146</sln:miejscIdTeryt><sln:miejscNazwa>Bobolice</sln:miejscNazwa><sln:miejscRodzaj>Wieś</sln:miejscRodzaj><sln:powIIPId>84af16e4-82b9-4f34-a6a2-be81f68f8753</sln:powIIPId><sln:powIIPPn>PL.PZGIK.200</sln:powIIPPn><sln:powIIPWersja>2012-09-27T09:34:20+02:00</sln:powIIPWersja><sln:powIdTeryt>2409</sln:powIdTeryt><sln:powNazwa>myszkowski</sln:powNazwa><sln:wojIIPId>98a63fe6-1e56-4d05-9c47-ab4233f8a6ff</sln:wojIIPId><sln:wojIIPPn>PL.PZGIK.200</sln:wojIIPPn><sln:wojIIPWersja>2017-10-10T00:00:00+02:00</sln:wojIIPWersja><sln:wojIdTeryt>24</sln:wojIdTeryt><sln:wojNazwa>śląskie</sln:wojNazwa></sln:miejscowosc><sln:miejscowosc><sln:cyklZyciaOd>2017-04-20T00:00:00+02:00</sln:cyklZyciaOd><sln:gmIIPId>d49967cd-48c1-42e3-8f13-9d4c8d3dd928</sln:gmIIPId><sln:gmIIPPn>PL.PZGIK.200</sln:gmIIPPn><sln:gmIIPWersja>2012-09-26T22:25:55+02:00</sln:gmIIPWersja><sln:gmIdTeryt>2409032</sln:gmIdTeryt><sln:gmNazwa>Niegowa</sln:gmNazwa><sln:miejscIIPId>5f57ae0e-ef41-4a9f-a158-5bd44f5879c7</sln:miejscIIPId><sln:miejscIIPPn>PL.PZGIK.200</sln:miejscIIPPn><sln:miejscIIPWersja>2017-04-20T03:26:51+02:00</sln:miejscIIPWersja><sln:miejscIdTeryt>0139212</sln:miejscIdTeryt><sln:miejscNazwa>Moczydło</sln:miejscNazwa><sln:miejscRodzaj>Wieś</sln:miejscRodzaj><sln:powIIPId>84af16e4-82b9-4f34-a6a2-be81f68f8753</sln:powIIPId><sln:powIIPPn>PL.PZGIK.200</sln:powIIPPn><sln:powIIPWersja>2012-09-27T09:34:20+02:00</sln:powIIPWersja><sln:powIdTeryt>2409</sln:powIdTeryt><sln:powNazwa>myszkowski</sln:powNazwa><sln:wojIIPId>98a63fe6-1e56-4d05-9c47-ab4233f8a6ff</sln:wojIIPId><sln:wojIIPPn>PL.PZGIK.200</sln:wojIIPPn><sln:wojIIPWersja>2017-10-10T00:00:00+02:00</sln:wojIIPWersja><sln:wojIdTeryt>24</sln:wojIdTeryt><sln:wojNazwa>śląskie</sln:wojNazwa></sln:miejscowosc><sln:miejscowosc><sln:cyklZyciaOd>2017-04-20T00:00:00+02:00</sln:cyklZyciaOd><sln:gmIIPId>d49967cd-48c1-42e3-8f13-9d4c8d3dd928</sln:gmIIPId><sln:gmIIPPn>PL.PZGIK.200</sln:gmIIPPn><sln:gmIIPWersja>2012-09-26T22:25:55+02:00</sln:gmIIPWersja><sln:gmIdTeryt>2409032</sln:gmIdTeryt><sln:gmNazwa>Niegowa</sln:gmNazwa><sln:miejscIIPId>6befc791-13ca-4648-9884-1a91bf0ccf66</sln:miejscIIPId><sln:miejscIIPPn>PL.PZGIK.200</sln:miejscIIPPn><sln:miejscIIPWersja>2017-04-20T03:26:51+02:00</sln:miejscIIPWersja><sln:miejscIdTeryt>0139258</sln:miejscIdTeryt><sln:miejscNazwa>Niegowa</sln:miejscNazwa><sln:miejscRodzaj>Wieś</sln:miejscRodzaj><sln:powIIPId>84af16e4-82b9-4f34-a6a2-be81f68f8753</sln:powIIPId><sln:powIIPPn>PL.PZGIK.200</sln:powIIPPn><sln:powIIPWersja>2012-09-27T09:34:20+02:00</sln:powIIPWersja><sln:powIdTeryt>2409</sln:powIdTeryt><sln:powNazwa>myszkowski</sln:powNazwa><sln:wojIIPId>98a63fe6-1e56-4d05-9c47-ab4233f8a6ff</sln:wojIIPId><sln:wojIIPPn>PL.PZGIK.200</sln:wojIIPPn><sln:wojIIPWersja>2017-10-10T00:00:00+02:00</sln:wojIIPWersja><sln:wojIdTeryt>24</sln:wojIdTeryt><sln:wojNazwa>śląskie</sln:wojNazwa></sln:miejscowosc><sln:miejscowosc><sln:cyklZyciaOd>2017-08-02T00:00:00+02:00</sln:cyklZyciaOd><sln:gmIIPId>d49967cd-48c1-42e3-8f13-9d4c8d3dd928</sln:gmIIPId><sln:gmIIPPn>PL.PZGIK.200</sln:gmIIPPn><sln:gmIIPWersja>2012-09-26T22:25:55+02:00</sln:gmIIPWersja><sln:gmIdTeryt>2409032</sln:gmIdTeryt><sln:gmNazwa>Niegowa</sln:gmNazwa><sln:miejscIIPId>d3df0d4f-9a85-4779-8469-7f5057552d43</sln:miejscIIPId><sln:miejscIIPPn>PL.PZGIK.200</sln:miejscIIPPn><sln:miejscIIPWersja>2017-08-02T03:06:25+02:00</sln:miejscIIPWersja><sln:miejscIdTeryt>0139206</sln:miejscIdTeryt><sln:miejscNazwa>Mirów</sln:miejscNazwa><sln:miejscRodzaj>Wieś</sln:miejscRodzaj><sln:powIIPId>84af16e4-82b9-4f34-a6a2-be81f68f8753</sln:powIIPId><sln:powIIPPn>PL.PZGIK.200</sln:powIIPPn><sln:powIIPWersja>2012-09-27T09:34:20+02:00</sln:powIIPWersja><sln:powIdTeryt>2409</sln:powIdTeryt><sln:powNazwa>myszkowski</sln:powNazwa><sln:wojIIPId>98a63fe6-1e56-4d05-9c47-ab4233f8a6ff</sln:wojIIPId><sln:wojIIPPn>PL.PZGIK.200</sln:wojIIPPn><sln:wojIIPWersja>2017-10-10T00:00:00+02:00</sln:wojIIPWersja><sln:wojIdTeryt>24</sln:wojIdTeryt><sln:wojNazwa>śląskie</sln:wojNazwa></sln:miejscowosc><sln:miejscowosc><sln:cyklZyciaOd>2017-09-07T00:00:00+02:00</sln:cyklZyciaOd><sln:gmIIPId>d49967cd-48c1-42e3-8f13-9d4c8d3dd928</sln:gmIIPId><sln:gmIIPPn>PL.PZGIK.200</sln:gmIIPPn><sln:gmIIPWersja>2012-09-26T22:25:55+02:00</sln:gmIIPWersja><sln:gmIdTeryt>2409032</sln:gmIdTeryt><sln:gmNazwa>Niegowa</sln:gmNazwa><sln:miejscIIPId>83b062be-fa04-4511-b1d8-41ac91c88ed8</sln:miejscIIPId><sln:miejscIIPPn>PL.PZGIK.200</sln:miejscIIPPn><sln:miejscIIPWersja>2017-09-07T00:21:21+02:00</sln:miejscIIPWersja><sln:miejscIdTeryt>0139198</sln:miejscIdTeryt><sln:miejscNazwa>Łutowiec</sln:miejscNazwa><sln:miejscRodzaj>Wieś</sln:miejscRodzaj><sln:powIIPId>84af16e4-82b9-4f34-a6a2-be81f68f8753</sln:powIIPId><sln:powIIPPn>PL.PZGIK.200</sln:powIIPPn><sln:powIIPWersja>2012-09-27T09:34:20+02:00</sln:powIIPWersja><sln:powIdTeryt>2409</sln:powIdTeryt><sln:powNazwa>myszkowski</sln:powNazwa><sln:wojIIPId>98a63fe6-1e56-4d05-9c47-ab4233f8a6ff</sln:wojIIPId><sln:wojIIPPn>PL.PZGIK.200</sln:wojIIPPn><sln:wojIIPWersja>2017-10-10T00:00:00+02:00</sln:wojIIPWersja><sln:wojIdTeryt>24</sln:wojIdTeryt><sln:wojNazwa>śląskie</sln:wojNazwa></sln:miejscowosc><sln:miejscowosc><sln:cyklZyciaOd>2017-09-14T00:00:00+02:00</sln:cyklZyciaOd><sln:gmIIPId>d49967cd-48c1-42e3-8f13-9d4c8d3dd928</sln:gmIIPId><sln:gmIIPPn>PL.PZGIK.200</sln:gmIIPPn><sln:gmIIPWersja>2012-09-26T22:25:55+02:00</sln:gmIIPWersja><sln:gmIdTeryt>2409032</sln:gmIdTeryt><sln:gmNazwa>Niegowa</sln:gmNazwa><sln:miejscIIPId>0ce65d4b-6148-4bd7-abf6-76a8fe826002</sln:miejscIIPId><sln:miejscIIPPn>PL.PZGIK.200</sln:miejscIIPPn><sln:miejscIIPWersja>2017-09-14T20:54:49+02:00</sln:miejscIIPWersja><sln:miejscIdTeryt>0139301</sln:miejscIdTeryt><sln:miejscNazwa>Postaszowice</sln:miejscNazwa><sln:miejscRodzaj>Wieś</sln:miejscRodzaj><sln:powIIPId>84af16e4-82b9-4f34-a6a2-be81f68f8753</sln:powIIPId><sln:powIIPPn>PL.PZGIK.200</sln:powIIPPn><sln:powIIPWersja>2012-09-27T09:34:20+02:00</sln:powIIPWersja><sln:powIdTeryt>2409</sln:powIdTeryt><sln:powNazwa>myszkowski</sln:powNazwa><sln:wojIIPId>98a63fe6-1e56-4d05-9c47-ab4233f8a6ff</sln:wojIIPId><sln:wojIIPPn>PL.PZGIK.200</sln:wojIIPPn><sln:wojIIPWersja>2017-10-10T00:00:00+02:00</sln:wojIIPWersja><sln:wojIdTeryt>24</sln:wojIdTeryt><sln:wojNazwa>śląskie</sln:wojNazwa></sln:miejscowosc><sln:miejscowosc><sln:cyklZyciaOd>2017-09-14T00:00:00+02:00</sln:cyklZyciaOd><sln:gmIIPId>d49967cd-48c1-42e3-8f13-9d4c8d3dd928</sln:gmIIPId><sln:gmIIPPn>PL.PZGIK.200</sln:gmIIPPn><sln:gmIIPWersja>2012-09-26T22:25:55+02:00</sln:gmIIPWersja><sln:gmIdTeryt>2409032</sln:gmIdTeryt><sln:gmNazwa>Niegowa</sln:gmNazwa><sln:miejscIIPId>064a06df-45f1-4f9c-872b-83f2bdfef0c1</sln:miejscIIPId><sln:miejscIIPPn>PL.PZGIK.200</sln:miejscIIPPn><sln:miejscIIPWersja>2017-09-14T20:54:55+02:00</sln:miejscIIPWersja><sln:miejscIdTeryt>0139152</sln:miejscIdTeryt><sln:miejscNazwa>Brzeziny</sln:miejscNazwa><sln:miejscRodzaj>Wieś</sln:miejscRodzaj><sln:powIIPId>84af16e4-82b9-4f34-a6a2-be81f68f8753</sln:powIIPId><sln:powIIPPn>PL.PZGIK.200</sln:powIIPPn><sln:powIIPWersja>2012-09-27T09:34:20+02:00</sln:powIIPWersja><sln:powIdTeryt>2409</sln:powIdTeryt><sln:powNazwa>myszkowski</sln:powNazwa><sln:wojIIPId>98a63fe6-1e56-4d05-9c47-ab4233f8a6ff</sln:wojIIPId><sln:wojIIPPn>PL.PZGIK.200</sln:wojIIPPn><sln:wojIIPWersja>2017-10-10T00:00:00+02:00</sln:wojIIPWersja><sln:wojIdTeryt>24</sln:wojIdTeryt><sln:wojNazwa>śląskie</sln:wojNazwa></sln:miejscowosc><sln:miejscowosc><sln:cyklZyciaOd>2017-09-14T00:00:00+02:00</sln:cyklZyciaOd><sln:gmIIPId>d49967cd-48c1-42e3-8f13-9d4c8d3dd928</sln:gmIIPId><sln:gmIIPPn>PL.PZGIK.200</sln:gmIIPPn><sln:gmIIPWersja>2012-09-26T22:25:55+02:00</sln:gmIIPWersja><sln:gmIdTeryt>2409032</sln:gmIdTeryt><sln:gmNazwa>Niegowa</sln:gmNazwa><sln:miejscIIPId>f2f6c9e1-4639-4020-9222-6ccffa76e719</sln:miejscIIPId><sln:miejscIIPPn>PL.PZGIK.200</sln:miejscIIPPn><sln:miejscIIPWersja>2017-09-14T20:54:55+02:00</sln:miejscIIPWersja><sln:miejscIdTeryt>0139330</sln:miejscIdTeryt><sln:miejscNazwa>Tomiszowice</sln:miejscNazwa><sln:miejscRodzaj>Wieś</sln:miejscRodzaj><sln:powIIPId>84af16e4-82b9-4f34-a6a2-be81f68f8753</sln:powIIPId><sln:powIIPPn>PL.PZGIK.200</sln:powIIPPn><sln:powIIPWersja>2012-09-27T09:34:20+02:00</sln:powIIPWersja><sln:powIdTeryt>2409</sln:powIdTeryt><sln:powNazwa>myszkowski</sln:powNazwa><sln:wojIIPId>98a63fe6-1e56-4d05-9c47-ab4233f8a6ff</sln:wojIIPId><sln:wojIIPPn>PL.PZGIK.200</sln:wojIIPPn><sln:wojIIPWersja>2017-10-10T00:00:00+02:00</sln:wojIIPWersja><sln:wojIdTeryt>24</sln:wojIdTeryt><sln:wojNazwa>śląskie</sln:wojNazwa></sln:miejscowosc><sln:miejscowosc><sln:cyklZyciaOd>2017-09-14T00:00:00+02:00</sln:cyklZyciaOd><sln:gmIIPId>d49967cd-48c1-42e3-8f13-9d4c8d3dd928</sln:gmIIPId><sln:gmIIPPn>PL.PZGIK.200</sln:gmIIPPn><sln:gmIIPWersja>2012-09-26T22:25:55+02:00</sln:gmIIPWersja><sln:gmIdTeryt>2409032</sln:gmIdTeryt><sln:gmNazwa>Niegowa</sln:gmNazwa><sln:miejscIIPId>79f582fb-051d-4f56-84f9-7862c781721d</sln:miejscIIPId><sln:miejscIIPPn>PL.PZGIK.200</sln:miejscIIPPn><sln:miejscIIPWersja>2017-09-14T20:54:55+02:00</sln:miejscIIPWersja><sln:miejscIdTeryt>0139360</sln:miejscIdTeryt><sln:miejscNazwa>Trzebniów</sln:miejscNazwa><sln:miejscRodzaj>Wieś</sln:miejscRodzaj><sln:powIIPId>84af16e4-82b9-4f34-a6a2-be81f68f8753</sln:powIIPId><sln:powIIPPn>PL.PZGIK.200</sln:powIIPPn><sln:powIIPWersja>2012-09-27T09:34:20+02:00</sln:powIIPWersja><sln:powIdTeryt>2409</sln:powIdTeryt><sln:powNazwa>myszkowski</sln:powNazwa><sln:wojIIPId>98a63fe6-1e56-4d05-9c47-ab4233f8a6ff</sln:wojIIPId><sln:wojIIPPn>PL.PZGIK.200</sln:wojIIPPn><sln:wojIIPWersja>2017-10-10T00:00:00+02:00</sln:wojIIPWersja><sln:wojIdTeryt>24</sln:wojIdTeryt><sln:wojNazwa>śląskie</sln:wojNazwa></sln:miejscowosc><sln:miejscowosc><sln:cyklZyciaOd>2017-09-14T00:00:00+02:00</sln:cyklZyciaOd><sln:gmIIPId>d49967cd-48c1-42e3-8f13-9d4c8d3dd928</sln:gmIIPId><sln:gmIIPPn>PL.PZGIK.200</sln:gmIIPPn><sln:gmIIPWersja>2012-09-26T22:25:55+02:00</sln:gmIIPWersja><sln:gmIdTeryt>2409032</sln:gmIdTeryt><sln:gmNazwa>Niegowa</sln:gmNazwa><sln:miejscIIPId>4f285acf-5e4b-401e-9dde-be90f2ec96fd</sln:miejscIIPId><sln:miejscIIPPn>PL.PZGIK.200</sln:miejscIIPPn><sln:miejscIIPWersja>2017-09-14T20:54:55+02:00</sln:miejscIIPWersja><sln:miejscIdTeryt>0139399</sln:miejscIdTeryt><sln:miejscNazwa>Zagórze</sln:miejscNazwa><sln:miejscRodzaj>Wieś</sln:miejscRodzaj><sln:powIIPId>84af16e4-82b9-4f34-a6a2-be81f68f8753</sln:powIIPId><sln:powIIPPn>PL.PZGIK.200</sln:powIIPPn><sln:powIIPWersja>2012-09-27T09:34:20+02:00</sln:powIIPWersja><sln:powIdTeryt>2409</sln:powIdTeryt><sln:powNazwa>myszkowski</sln:powNazwa><sln:wojIIPId>98a63fe6-1e56-4d05-9c47-ab4233f8a6ff</sln:wojIIPId><sln:wojIIPPn>PL.PZGIK.200</sln:wojIIPPn><sln:wojIIPWersja>2017-10-10T00:00:00+02:00</sln:wojIIPWersja><sln:wojIdTeryt>24</sln:wojIdTeryt><sln:wojNazwa>śląskie</sln:wojNazwa></sln:miejscowosc><sln:miejscowosc><sln:cyklZyciaOd>2017-09-14T00:00:00+02:00</sln:cyklZyciaOd><sln:gmIIPId>d49967cd-48c1-42e3-8f13-9d4c8d3dd928</sln:gmIIPId><sln:gmIIPPn>PL.PZGIK.200</sln:gmIIPPn><sln:gmIIPWersja>2012-09-26T22:25:55+02:00</sln:gmIIPWersja><sln:gmIdTeryt>2409032</sln:gmIdTeryt><sln:gmNazwa>Niegowa</sln:gmNazwa><sln:miejscIIPId>f2273e80-58cb-4aed-a777-e6c2888e6d00</sln:miejscIIPId><sln:miejscIIPPn>PL.PZGIK.200</sln:miejscIIPPn><sln:miejscIIPWersja>2017-09-14T20:54:55+02:00</sln:miejscIIPWersja><sln:miejscIdTeryt>0139324</sln:miejscIdTeryt><sln:miejscNazwa>Gorzków Stary</sln:miejscNazwa><sln:miejscRodzaj>Wieś</sln:miejscRodzaj><sln:powIIPId>84af16e4-82b9-4f34-a6a2-be81f68f8753</sln:powIIPId><sln:powIIPPn>PL.PZGIK.200</sln:powIIPPn><sln:powIIPWersja>2012-09-27T09:34:20+02:00</sln:powIIPWersja><sln:powIdTeryt>2409</sln:powIdTeryt><sln:powNazwa>myszkowski</sln:powNazwa><sln:wojIIPId>98a63fe6-1e56-4d05-9c47-ab4233f8a6ff</sln:wojIIPId><sln:wojIIPPn>PL.PZGIK.200</sln:wojIIPPn><sln:wojIIPWersja>2017-10-10T00:00:00+02:00</sln:wojIIPWersja><sln:wojIdTeryt>24</sln:wojIdTeryt><sln:wojNazwa>śląskie</sln:wojNazwa></sln:miejscowosc><sln:miejscowosc><sln:cyklZyciaOd>2017-09-14T00:00:00+02:00</sln:cyklZyciaOd><sln:gmIIPId>d49967cd-48c1-42e3-8f13-9d4c8d3dd928</sln:gmIIPId><sln:gmIIPPn>PL.PZGIK.200</sln:gmIIPPn><sln:gmIIPWersja>2012-09-26T22:25:55+02:00</sln:gmIIPWersja><sln:gmIdTeryt>2409032</sln:gmIdTeryt><sln:gmNazwa>Niegowa</sln:gmNazwa><sln:miejscIIPId>5589e1fe-ea7a-4f39-bcdb-afc7768080d8</sln:miejscIIPId><sln:miejscIIPPn>PL.PZGIK.200</sln:miejscIIPPn><sln:miejscIIPWersja>2017-09-14T20:54:55+02:00</sln:miejscIIPWersja><sln:miejscIdTeryt>0139123</sln:miejscIdTeryt><sln:miejscNazwa>Antolka</sln:miejscNazwa><sln:miejscRodzaj>Wieś</sln:miejscRodzaj><sln:powIIPId>84af16e4-82b9-4f34-a6a2-be81f68f8753</sln:powIIPId><sln:powIIPPn>PL.PZGIK.200</sln:powIIPPn><sln:powIIPWersja>2012-09-27T09:34:20+02:00</sln:powIIPWersja><sln:powIdTeryt>2409</sln:powIdTeryt><sln:powNazwa>myszkowski</sln:powNazwa><sln:wojIIPId>98a63fe6-1e56-4d05-9c47-ab4233f8a6ff</sln:wojIIPId><sln:wojIIPPn>PL.PZGIK.200</sln:wojIIPPn><sln:wojIIPWersja>2017-10-10T00:00:00+02:00</sln:wojIIPWersja><sln:wojIdTeryt>24</sln:wojIdTeryt><sln:wojNazwa>śląskie</sln:wojNazwa></sln:miejscowosc><sln:miejscowosc><sln:cyklZyciaOd>2017-09-14T00:00:00+02:00</sln:cyklZyciaOd><sln:gmIIPId>d49967cd-48c1-42e3-8f13-9d4c8d3dd928</sln:gmIIPId><sln:gmIIPPn>PL.PZGIK.200</sln:gmIIPPn><sln:gmIIPWersja>2012-09-26T22:25:55+02:00</sln:gmIIPWersja><sln:gmIdTeryt>2409032</sln:gmIdTeryt><sln:gmNazwa>Niegowa</sln:gmNazwa><sln:miejscIIPId>8bede56a-9d55-4ea4-b3b1-28aaf25a9198</sln:miejscIIPId><sln:miejscIIPPn>PL.PZGIK.200</sln:miejscIIPPn><sln:miejscIIPWersja>2017-09-14T20:54:55+02:00</sln:miejscIIPWersja><sln:miejscIdTeryt>0139235</sln:miejscIdTeryt><sln:miejscNazwa>Mzurów</sln:miejscNazwa><sln:miejscRodzaj>Wieś</sln:miejscRodzaj><sln:powIIPId>84af16e4-82b9-4f34-a6a2-be81f68f8753</sln:powIIPId><sln:powIIPPn>PL.PZGIK.200</sln:powIIPPn><sln:powIIPWersja>2012-09-27T09:34:20+02:00</sln:powIIPWersja><sln:powIdTeryt>2409</sln:powIdTeryt><sln:powNazwa>myszkowski</sln:powNazwa><sln:wojIIPId>98a63fe6-1e56-4d05-9c47-ab4233f8a6ff</sln:wojIIPId><sln:wojIIPPn>PL.PZGIK.200</sln:wojIIPPn><sln:wojIIPWersja>2017-10-10T00:00:00+02:00</sln:wojIIPWersja><sln:wojIdTeryt>24</sln:wojIdTeryt><sln:wojNazwa>śląskie</sln:wojNazwa></sln:miejscowosc><sln:miejscowosc><sln:cyklZyciaOd>2017-09-14T00:00:00+02:00</sln:cyklZyciaOd><sln:gmIIPId>d49967cd-48c1-42e3-8f13-9d4c8d3dd928</sln:gmIIPId><sln:gmIIPPn>PL.PZGIK.200</sln:gmIIPPn><sln:gmIIPWersja>2012-09-26T22:25:55+02:00</sln:gmIIPWersja><sln:gmIdTeryt>2409032</sln:gmIdTeryt><sln:gmNazwa>Niegowa</sln:gmNazwa><sln:miejscIIPId>0c7e1eae-e29c-4c19-bc0d-e1292c18ba35</sln:miejscIIPId><sln:miejscIIPPn>PL.PZGIK.200</sln:miejscIIPPn><sln:miejscIIPWersja>2017-09-14T20:54:55+02:00</sln:miejscIIPWersja><sln:miejscIdTeryt>0139270</sln:miejscIdTeryt><sln:miejscNazwa>Niegówka</sln:miejscNazwa><sln:miejscRodzaj>Wieś</sln:miejscRodzaj><sln:powIIPId>84af16e4-82b9-4f34-a6a2-be81f68f8753</sln:powIIPId><sln:powIIPPn>PL.PZGIK.200</sln:powIIPPn><sln:powIIPWersja>2012-09-27T09:34:20+02:00</sln:powIIPWersja><sln:powIdTeryt>2409</sln:powIdTeryt><sln:powNazwa>myszkowski</sln:powNazwa><sln:wojIIPId>98a63fe6-1e56-4d05-9c47-ab4233f8a6ff</sln:wojIIPId><sln:wojIIPPn>PL.PZGIK.200</sln:wojIIPPn><sln:wojIIPWersja>2017-10-10T00:00:00+02:00</sln:wojIIPWersja><sln:wojIdTeryt>24</sln:wojIdTeryt><sln:wojNazwa>śląskie</sln:wojNazwa></sln:miejscowosc><sln:miejscowosc><sln:cyklZyciaOd>2017-09-14T00:00:00+02:00</sln:cyklZyciaOd><sln:gmIIPId>d49967cd-48c1-42e3-8f13-9d4c8d3dd928</sln:gmIIPId><sln:gmIIPPn>PL.PZGIK.200</sln:gmIIPPn><sln:gmIIPWersja>2012-09-26T22:25:55+02:00</sln:gmIIPWersja><sln:gmIdTeryt>2409032</sln:gmIdTeryt><sln:gmNazwa>Niegowa</sln:gmNazwa><sln:miejscIIPId>b49772a8-5271-43b3-8c8f-01ff33238336</sln:miejscIIPId><sln:miejscIIPPn>PL.PZGIK.200</sln:miejscIIPPn><sln:miejscIIPWersja>2017-09-14T20:54:56+02:00</sln:miejscIIPWersja><sln:miejscIdTeryt>0139293</sln:miejscIdTeryt><sln:miejscNazwa>Ogorzelnik</sln:miejscNazwa><sln:miejscRodzaj>Wieś</sln:miejscRodzaj><sln:powIIPId>84af16e4-82b9-4f34-a6a2-be81f68f8753</sln:powIIPId><sln:powIIPPn>PL.PZGIK.200</sln:powIIPPn><sln:powIIPWersja>2012-09-27T09:34:20+02:00</sln:powIIPWersja><sln:powIdTeryt>2409</sln:powIdTeryt><sln:powNazwa>myszkowski</sln:powNazwa><sln:wojIIPId>98a63fe6-1e56-4d05-9c47-ab4233f8a6ff</sln:wojIIPId><sln:wojIIPPn>PL.PZGIK.200</sln:wojIIPPn><sln:wojIIPWersja>2017-10-10T00:00:00+02:00</sln:wojIIPWersja><sln:wojIdTeryt>24</sln:wojIdTeryt><sln:wojNazwa>śląskie</sln:wojNazwa></sln:miejscowosc><sln:miejscowosc><sln:cyklZyciaOd>2017-09-14T00:00:00+02:00</sln:cyklZyciaOd><sln:gmIIPId>d49967cd-48c1-42e3-8f13-9d4c8d3dd928</sln:gmIIPId><sln:gmIIPPn>PL.PZGIK.200</sln:gmIIPPn><sln:gmIIPWersja>2012-09-26T22:25:55+02:00</sln:gmIIPWersja><sln:gmIdTeryt>2409032</sln:gmIdTeryt><sln:gmNazwa>Niegowa</sln:gmNazwa><sln:miejscIIPId>03da497b-5bed-40f7-8976-552f9a1d2af0</sln:miejscIIPId><sln:miejscIIPPn>PL.PZGIK.200</sln:miejscIIPPn><sln:miejscIIPWersja>2017-09-14T20:54:56+02:00</sln:miejscIIPWersja><sln:miejscIdTeryt>0139347</sln:miejscIdTeryt><sln:miejscNIIPId>f2f6c9e1-4639-4020-9222-6ccffa76e719</sln:miejscNIIPId><sln:miejscNIIPPn>PL.PZGIK.200</sln:miejscNIIPPn><sln:miejscNIIPWersja>2017-09-14T20:54:55+02:00</sln:miejscNIIPWersja><sln:miejscNIdTeryt>0139330</sln:miejscNIdTeryt><sln:miejscNNazwa>Tomiszowice</sln:miejscNNazwa><sln:miejscNRodzaj>Wieś</sln:miejscNRodzaj><sln:miejscNazwa>Doły</sln:miejscNazwa><sln:miejscRodzaj>Inny obiekt</sln:miejscRodzaj><sln:powIIPId>84af16e4-82b9-4f34-a6a2-be81f68f8753</sln:powIIPId><sln:powIIPPn>PL.PZGIK.200</sln:powIIPPn><sln:powIIPWersja>2012-09-27T09:34:20+02:00</sln:powIIPWersja><sln:powIdTeryt>2409</sln:powIdTeryt><sln:powNazwa>myszkowski</sln:powNazwa><sln:wojIIPId>98a63fe6-1e56-4d05-9c47-ab4233f8a6ff</sln:wojIIPId><sln:wojIIPPn>PL.PZGIK.200</sln:wojIIPPn><sln:wojIIPWersja>2017-10-10T00:00:00+02:00</sln:wojIIPWersja><sln:wojIdTeryt>24</sln:wojIdTeryt><sln:wojNazwa>śląskie</sln:wojNazwa></sln:miejscowosc><sln:miejscowosc><sln:cyklZyciaOd>2017-09-14T00:00:00+02:00</sln:cyklZyciaOd><sln:gmIIPId>d49967cd-48c1-42e3-8f13-9d4c8d3dd928</sln:gmIIPId><sln:gmIIPPn>PL.PZGIK.200</sln:gmIIPPn><sln:gmIIPWersja>2012-09-26T22:25:55+02:00</sln:gmIIPWersja><sln:gmIdTeryt>2409032</sln:gmIdTeryt><sln:gmNazwa>Niegowa</sln:gmNazwa><sln:miejscIIPId>efd75f21-fb96-4933-bc0b-a5e486ccf187</sln:miejscIIPId><sln:miejscIIPPn>PL.PZGIK.200</sln:miejscIIPPn><sln:miejscIIPWersja>2017-09-14T20:54:56+02:00</sln:miejscIIPWersja><sln:miejscIdTeryt>0139353</sln:miejscIdTeryt><sln:miejscNIIPId>f2f6c9e1-4639-4020-9222-6ccffa76e719</sln:miejscNIIPId><sln:miejscNIIPPn>PL.PZGIK.200</sln:miejscNIIPPn><sln:miejscNIIPWersja>2017-09-14T20:54:55+02:00</sln:miejscNIIPWersja><sln:miejscNIdTeryt>0139330</sln:miejscNIdTeryt><sln:miejscNNazwa>Tomiszowice</sln:miejscNNazwa><sln:miejscNRodzaj>Wieś</sln:miejscNRodzaj><sln:miejscNazwa>Kacin</sln:miejscNazwa><sln:miejscRodzaj>Inny obiekt</sln:miejscRodzaj><sln:powIIPId>84af16e4-82b9-4f34-a6a2-be81f68f8753</sln:powIIPId><sln:powIIPPn>PL.PZGIK.200</sln:powIIPPn><sln:powIIPWersja>2012-09-27T09:34:20+02:00</sln:powIIPWersja><sln:powIdTeryt>2409</sln:powIdTeryt><sln:powNazwa>myszkowski</sln:powNazwa><sln:wojIIPId>98a63fe6-1e56-4d05-9c47-ab4233f8a6ff</sln:wojIIPId><sln:wojIIPPn>PL.PZGIK.200</sln:wojIIPPn><sln:wojIIPWersja>2017-10-10T00:00:00+02:00</sln:wojIIPWersja><sln:wojIdTeryt>24</sln:wojIdTeryt><sln:wojNazwa>śląskie</sln:wojNazwa></sln:miejscowosc><sln:miejscowosc><sln:cyklZyciaOd>2017-09-14T00:00:00+02:00</sln:cyklZyciaOd><sln:gmIIPId>d49967cd-48c1-42e3-8f13-9d4c8d3dd928</sln:gmIIPId><sln:gmIIPPn>PL.PZGIK.200</sln:gmIIPPn><sln:gmIIPWersja>2012-09-26T22:25:55+02:00</sln:gmIIPWersja><sln:gmIdTeryt>2409032</sln:gmIdTeryt><sln:gmNazwa>Niegowa</sln:gmNazwa><sln:miejscIIPId>2d0e5609-7738-449c-86fe-08f8d676da5c</sln:miejscIIPId><sln:miejscIIPPn>PL.PZGIK.200</sln:miejscIIPPn><sln:miejscIIPWersja>2017-09-14T20:54:56+02:00</sln:miejscIIPWersja><sln:miejscIdTeryt>0139382</sln:miejscIdTeryt><sln:miejscNIIPId>79f582fb-051d-4f56-84f9-7862c781721d</sln:miejscNIIPId><sln:miejscNIIPPn>PL.PZGIK.200</sln:miejscNIIPPn><sln:miejscNIIPWersja>2017-09-14T20:54:55+02:00</sln:miejscNIIPWersja><sln:miejscNIdTeryt>0139360</sln:miejscNIdTeryt><sln:miejscNNazwa>Trzebniów</sln:miejscNNazwa><sln:miejscNRodzaj>Wieś</sln:miejscNRodzaj><sln:miejscNazwa>Podgaj</sln:miejscNazwa><sln:miejscRodzaj>Inny obiekt</sln:miejscRodzaj><sln:powIIPId>84af16e4-82b9-4f34-a6a2-be81f68f8753</sln:powIIPId><sln:powIIPPn>PL.PZGIK.200</sln:powIIPPn><sln:powIIPWersja>2012-09-27T09:34:20+02:00</sln:powIIPWersja><sln:powIdTeryt>2409</sln:powIdTeryt><sln:powNazwa>myszkowski</sln:powNazwa><sln:wojIIPId>98a63fe6-1e56-4d05-9c47-ab4233f8a6ff</sln:wojIIPId><sln:wojIIPPn>PL.PZGIK.200</sln:wojIIPPn><sln:wojIIPWersja>2017-10-10T00:00:00+02:00</sln:wojIIPWersja><sln:wojIdTeryt>24</sln:wojIdTeryt><sln:wojNazwa>śląskie</sln:wojNazwa></sln:miejscowosc><sln:miejscowosc><sln:cyklZyciaOd>2017-09-14T00:00:00+02:00</sln:cyklZyciaOd><sln:gmIIPId>d49967cd-48c1-42e3-8f13-9d4c8d3dd928</sln:gmIIPId><sln:gmIIPPn>PL.PZGIK.200</sln:gmIIPPn><sln:gmIIPWersja>2012-09-26T22:25:55+02:00</sln:gmIIPWersja><sln:gmIdTeryt>2409032</sln:gmIdTeryt><sln:gmNazwa>Niegowa</sln:gmNazwa><sln:miejscIIPId>b74417b7-4a14-4a9a-b4ab-196482dbf5ba</sln:miejscIIPId><sln:miejscIIPPn>PL.PZGIK.200</sln:miejscIIPPn><sln:miejscIIPWersja>2017-09-14T20:54:56+02:00</sln:miejscIIPWersja><sln:miejscIdTeryt>0139175</sln:miejscIdTeryt><sln:miejscNIIPId>74be043c-db1d-48c8-bca1-47d7549b430f</sln:miejscNIIPId><sln:miejscNIIPPn>PL.PZGIK.200</sln:miejscNIIPPn><sln:miejscNIIPWersja>2017-04-20T03:26:50+02:00</sln:miejscNIIPWersja><sln:miejscNIdTeryt>0139169</sln:miejscNIdTeryt><sln:miejscNNazwa>Dąbrowno</sln:miejscNNazwa><sln:miejscNRodzaj>Wieś</sln:miejscNRodzaj><sln:miejscNazwa>Podlelowie</sln:miejscNazwa><sln:miejscRodzaj>Inny obiekt</sln:miejscRodzaj><sln:powIIPId>84af16e4-82b9-4f34-a6a2-be81f68f8753</sln:powIIPId><sln:powIIPPn>PL.PZGIK.200</sln:powIIPPn><sln:powIIPWersja>2012-09-27T09:34:20+02:00</sln:powIIPWersja><sln:powIdTeryt>2409</sln:powIdTeryt><sln:powNazwa>myszkowski</sln:powNazwa><sln:wojIIPId>98a63fe6-1e56-4d05-9c47-ab4233f8a6ff</sln:wojIIPId><sln:wojIIPPn>PL.PZGIK.200</sln:wojIIPPn><sln:wojIIPWersja>2017-10-10T00:00:00+02:00</sln:wojIIPWersja><sln:wojIdTeryt>24</sln:wojIdTeryt><sln:wojNazwa>śląskie</sln:wojNazwa></sln:miejscowosc><sln:miejscowosc><sln:cyklZyciaOd>2017-09-14T00:00:00+02:00</sln:cyklZyciaOd><sln:gmIIPId>d49967cd-48c1-42e3-8f13-9d4c8d3dd928</sln:gmIIPId><sln:gmIIPPn>PL.PZGIK.200</sln:gmIIPPn><sln:gmIIPWersja>2012-09-26T22:25:55+02:00</sln:gmIIPWersja><sln:gmIdTeryt>2409032</sln:gmIdTeryt><sln:gmNazwa>Niegowa</sln:gmNazwa><sln:miejscIIPId>4b746371-d065-424a-87bc-ca0f21b95022</sln:miejscIIPId><sln:miejscIIPPn>PL.PZGIK.200</sln:miejscIIPPn><sln:miejscIIPWersja>2017-09-14T20:54:56+02:00</sln:miejscIIPWersja><sln:miejscIdTeryt>0139229</sln:miejscIdTeryt><sln:miejscNIIPId>5f57ae0e-ef41-4a9f-a158-5bd44f5879c7</sln:miejscNIIPId><sln:miejscNIIPPn>PL.PZGIK.200</sln:miejscNIIPPn><sln:miejscNIIPWersja>2017-04-20T03:26:51+02:00</sln:miejscNIIPWersja><sln:miejscNIdTeryt>0139212</sln:miejscNIdTeryt><sln:miejscNNazwa>Moczydło</sln:miejscNNazwa><sln:miejscNRodzaj>Wieś</sln:miejscNRodzaj><sln:miejscNazwa>Czarny Kamień</sln:miejscNazwa><sln:miejscRodzaj>Inny obiekt</sln:miejscRodzaj><sln:powIIPId>84af16e4-82b9-4f34-a6a2-be81f68f8753</sln:powIIPId><sln:powIIPPn>PL.PZGIK.200</sln:powIIPPn><sln:powIIPWersja>2012-09-27T09:34:20+02:00</sln:powIIPWersja><sln:powIdTeryt>2409</sln:powIdTeryt><sln:powNazwa>myszkowski</sln:powNazwa><sln:wojIIPId>98a63fe6-1e56-4d05-9c47-ab4233f8a6ff</sln:wojIIPId><sln:wojIIPPn>PL.PZGIK.200</sln:wojIIPPn><sln:wojIIPWersja>2017-10-10T00:00:00+02:00</sln:wojIIPWersja><sln:wojIdTeryt>24</sln:wojIdTeryt><sln:wojNazwa>śląskie</sln:wojNazwa></sln:miejscowosc><sln:miejscowosc><sln:cyklZyciaOd>2017-09-14T00:00:00+02:00</sln:cyklZyciaOd><sln:gmIIPId>d49967cd-48c1-42e3-8f13-9d4c8d3dd928</sln:gmIIPId><sln:gmIIPPn>PL.PZGIK.200</sln:gmIIPPn><sln:gmIIPWersja>2012-09-26T22:25:55+02:00</sln:gmIIPWersja><sln:gmIdTeryt>2409032</sln:gmIdTeryt><sln:gmNazwa>Niegowa</sln:gmNazwa><sln:miejscIIPId>908f64d7-b024-454f-8d43-921b0677617a</sln:miejscIIPId><sln:miejscIIPPn>PL.PZGIK.200</sln:miejscIIPPn><sln:miejscIIPWersja>2017-09-14T20:54:56+02:00</sln:miejscIIPWersja><sln:miejscIdTeryt>0139241</sln:miejscIdTeryt><sln:miejscNIIPId>8bede56a-9d55-4ea4-b3b1-28aaf25a9198</sln:miejscNIIPId><sln:miejscNIIPPn>PL.PZGIK.200</sln:miejscNIIPPn><sln:miejscNIIPWersja>2017-09-14T20:54:55+02:00</sln:miejscNIIPWersja><sln:miejscNIdTeryt>0139235</sln:miejscNIdTeryt><sln:miejscNNazwa>Mzurów</sln:miejscNNazwa><sln:miejscNRodzaj>Wieś</sln:miejscNRodzaj><sln:miejscNazwa>Leopoldów</sln:miejscNazwa><sln:miejscRodzaj>Inny obiekt</sln:miejscRodzaj><sln:powIIPId>84af16e4-82b9-4f34-a6a2-be81f68f8753</sln:powIIPId><sln:powIIPPn>PL.PZGIK.200</sln:powIIPPn><sln:powIIPWersja>2012-09-27T09:34:20+02:00</sln:powIIPWersja><sln:powIdTeryt>2409</sln:powIdTeryt><sln:powNazwa>myszkowski</sln:powNazwa><sln:wojIIPId>98a63fe6-1e56-4d05-9c47-ab4233f8a6ff</sln:wojIIPId><sln:wojIIPPn>PL.PZGIK.200</sln:wojIIPPn><sln:wojIIPWersja>2017-10-10T00:00:00+02:00</sln:wojIIPWersja><sln:wojIdTeryt>24</sln:wojIdTeryt><sln:wojNazwa>śląskie</sln:wojNazwa></sln:miejscowosc><sln:miejscowosc><sln:cyklZyciaOd>2017-09-14T00:00:00+02:00</sln:cyklZyciaOd><sln:gmIIPId>d49967cd-48c1-42e3-8f13-9d4c8d3dd928</sln:gmIIPId><sln:gmIIPPn>PL.PZGIK.200</sln:gmIIPPn><sln:gmIIPWersja>2012-09-26T22:25:55+02:00</sln:gmIIPWersja><sln:gmIdTeryt>2409032</sln:gmIdTeryt><sln:gmNazwa>Niegowa</sln:gmNazwa><sln:miejscIIPId>3fcf855e-88f4-4476-af4c-6a015d97e88f</sln:miejscIIPId><sln:miejscIIPPn>PL.PZGIK.200</sln:miejscIIPPn><sln:miejscIIPWersja>2017-09-14T20:54:56+02:00</sln:miejscIIPWersja><sln:miejscIdTeryt>0139264</sln:miejscIdTeryt><sln:miejscNIIPId>6befc791-13ca-4648-9884-1a91bf0ccf66</sln:miejscNIIPId><sln:miejscNIIPPn>PL.PZGIK.200</sln:miejscNIIPPn><sln:miejscNIIPWersja>2017-04-20T03:26:51+02:00</sln:miejscNIIPWersja><sln:miejscNIdTeryt>0139258</sln:miejscNIdTeryt><sln:miejscNNazwa>Niegowa</sln:miejscNNazwa><sln:miejscNRodzaj>Wieś</sln:miejscNRodzaj><sln:miejscNazwa>Okupniki</sln:miejscNazwa><sln:miejscRodzaj>Inny obiekt</sln:miejscRodzaj><sln:powIIPId>84af16e4-82b9-4f34-a6a2-be81f68f8753</sln:powIIPId><sln:powIIPPn>PL.PZGIK.200</sln:powIIPPn><sln:powIIPWersja>2012-09-27T09:34:20+02:00</sln:powIIPWersja><sln:powIdTeryt>2409</sln:powIdTeryt><sln:powNazwa>myszkowski</sln:powNazwa><sln:wojIIPId>98a63fe6-1e56-4d05-9c47-ab4233f8a6ff</sln:wojIIPId><sln:wojIIPPn>PL.PZGIK.200</sln:wojIIPPn><sln:wojIIPWersja>2017-10-10T00:00:00+02:00</sln:wojIIPWersja><sln:wojIdTeryt>24</sln:wojIdTeryt><sln:wojNazwa>śląskie</sln:wojNazwa></sln:miejscowosc><sln:miejscowosc><sln:cyklZyciaOd>2017-09-14T00:00:00+02:00</sln:cyklZyciaOd><sln:gmIIPId>d49967cd-48c1-42e3-8f13-9d4c8d3dd928</sln:gmIIPId><sln:gmIIPPn>PL.PZGIK.200</sln:gmIIPPn><sln:gmIIPWersja>2012-09-26T22:25:55+02:00</sln:gmIIPWersja><sln:gmIdTeryt>2409032</sln:gmIdTeryt><sln:gmNazwa>Niegowa</sln:gmNazwa><sln:miejscIIPId>49cf58a3-5705-46df-bcaf-94e5b8d657b3</sln:miejscIIPId><sln:miejscIIPPn>PL.PZGIK.200</sln:miejscIIPPn><sln:miejscIIPWersja>2017-09-14T20:54:56+02:00</sln:miejscIIPWersja><sln:miejscIdTeryt>0139376</sln:miejscIdTeryt><sln:miejscNIIPId>79f582fb-051d-4f56-84f9-7862c781721d</sln:miejscNIIPId><sln:miejscNIIPPn>PL.PZGIK.200</sln:miejscNIIPPn><sln:miejscNIIPWersja>2017-09-14T20:54:55+02:00</sln:miejscNIIPWersja><sln:miejscNIdTeryt>0139360</sln:miejscNIdTeryt><sln:miejscNNazwa>Trzebniów</sln:miejscNNazwa><sln:miejscNRodzaj>Wieś</sln:miejscNRodzaj><sln:miejscNazwa>Ostrężnik</sln:miejscNazwa><sln:miejscRodzaj>Inny obiekt</sln:miejscRodzaj><sln:powIIPId>84af16e4-82b9-4f34-a6a2-be81f68f8753</sln:powIIPId><sln:powIIPPn>PL.PZGIK.200</sln:powIIPPn><sln:powIIPWersja>2012-09-27T09:34:20+02:00</sln:powIIPWersja><sln:powIdTeryt>2409</sln:powIdTeryt><sln:powNazwa>myszkowski</sln:powNazwa><sln:wojIIPId>98a63fe6-1e56-4d05-9c47-ab4233f8a6ff</sln:wojIIPId><sln:wojIIPPn>PL.PZGIK.200</sln:wojIIPPn><sln:wojIIPWersja>2017-10-10T00:00:00+02:00</sln:wojIIPWersja><sln:wojIdTeryt>24</sln:wojIdTeryt><sln:wojNazwa>śląskie</sln:wojNazwa></sln:miejscowosc></sln:lista-miejscowosci>