<?xml version="1.0" encoding="UTF-8" standalone="yes"?><sln:lista-miejscowosci xmlns:srv="http://gugik.gov.pl/schemas/slowniki-service/1.0" xmlns:sln="http://gugik.gov.pl/schemas/slowniki-schema/1.0"><sln:miejscowosc><sln:cyklZyciaOd>2014-12-07T00:00:00+01:00</sln:cyklZyciaOd><sln:gmIIPId>90a87957-82d1-4f04-bed6-c0693c53245a</sln:gmIIPId><sln:gmIIPPn>PL.PZGIK.200</sln:gmIIPPn><sln:gmIIPWersja>2012-09-26T22:25:55+02:00</sln:gmIIPWersja><sln:gmIdTeryt>2409011</sln:gmIdTeryt><sln:gmNazwa>Myszków</sln:gmNazwa><sln:miejscIIPId>859178a4-c3f0-4c6d-8323-3a58596ba04e</sln:miejscIIPId><sln:miejscIIPPn>PL.PZGIK.200</sln:miejscIIPPn><sln:miejscIIPWersja>2016-11-24T13:58:17+02:00</sln:miejscIIPWersja><sln:miejscIdTeryt>0932123</sln:miejscIdTeryt><sln:miejscNazwa>Helenówka</sln:miejscNazwa><sln:miejscRodzaj>Inny obiekt</sln:miejscRodzaj><sln:powIIPId>84af16e4-82b9-4f34-a6a2-be81f68f8753</sln:powIIPId><sln:powIIPPn>PL.PZGIK.200</sln:powIIPPn><sln:powIIPWersja>2012-09-27T09:34:20+02:00</sln:powIIPWersja><sln:powIdTeryt>2409</sln:powIdTeryt><sln:powNazwa>myszkowski</sln:powNazwa><sln:wojIIPId>98a63fe6-1e56-4d05-9c47-ab4233f8a6ff</sln:wojIIPId><sln:wojIIPPn>PL.PZGIK.200</sln:wojIIPPn><sln:wojIIPWersja>2017-10-10T00:00:00+02:00</sln:wojIIPWersja><sln:wojIdTeryt>24</sln:wojIdTeryt><sln:wojNazwa>śląskie</sln:wojNazwa></sln:miejscowosc><sln:miejscowosc><sln:cyklZyciaOd>2014-12-07T00:00:00+01:00</sln:cyklZyciaOd><sln:gmIIPId>90a87957-82d1-4f04-bed6-c0693c53245a</sln:gmIIPId><sln:gmIIPPn>PL.PZGIK.200</sln:gmIIPPn><sln:gmIIPWersja>2012-09-26T22:25:55+02:00</sln:gmIIPWersja><sln:gmIdTeryt>2409011</sln:gmIdTeryt><sln:gmNazwa>Myszków</sln:gmNazwa><sln:miejscIIPId>f1eda218-6696-4525-856d-5a170407ae29</sln:miejscIIPId><sln:miejscIIPPn>PL.PZGIK.200</sln:miejscIIPPn><sln:miejscIIPWersja>2016-11-24T13:58:17+02:00</sln:miejscIIPWersja><sln:miejscIdTeryt>0932181</sln:miejscIdTeryt><sln:miejscNazwa>Mrzygłód</sln:miejscNazwa><sln:miejscRodzaj>Inny obiekt</sln:miejscRodzaj><sln:powIIPId>84af16e4-82b9-4f34-a6a2-be81f68f8753</sln:powIIPId><sln:powIIPPn>PL.PZGIK.200</sln:powIIPPn><sln:powIIPWersja>2012-09-27T09:34:20+02:00</sln:powIIPWersja><sln:powIdTeryt>2409</sln:powIdTeryt><sln:powNazwa>myszkowski</sln:powNazwa><sln:wojIIPId>98a63fe6-1e56-4d05-9c47-ab4233f8a6ff</sln:wojIIPId><sln:wojIIPPn>PL.PZGIK.200</sln:wojIIPPn><sln:wojIIPWersja>2017-10-10T00:00:00+02:00</sln:wojIIPWersja><sln:wojIdTeryt>24</sln:wojIdTeryt><sln:wojNazwa>śląskie</sln:wojNazwa></sln:miejscowosc><sln:miejscowosc><sln:cyklZyciaOd>2014-12-07T00:00:00+01:00</sln:cyklZyciaOd><sln:gmIIPId>90a87957-82d1-4f04-bed6-c0693c53245a</sln:gmIIPId><sln:gmIIPPn>PL.PZGIK.200</sln:gmIIPPn><sln:gmIIPWersja>2012-09-26T22:25:55+02:00</sln:gmIIPWersja><sln:gmIdTeryt>2409011</sln:gmIdTeryt><sln:gmNazwa>Myszków</sln:gmNazwa><sln:miejscIIPId>efafdbaf-760b-4e7a-9b2c-a7689fcda18f</sln:miejscIIPId><sln:miejscIIPPn>PL.PZGIK.200</sln:miejscIIPPn><sln:miejscIIPWersja>2016-11-24T13:58:17+02:00</sln:miejscIIPWersja><sln:miejscIdTeryt>0932169</sln:miejscIdTeryt><sln:miejscNazwa>Michałów</sln:miejscNazwa><sln:miejscRodzaj>Inny obiekt</sln:miejscRodzaj><sln:powIIPId>84af16e4-82b9-4f34-a6a2-be81f68f8753</sln:powIIPId><sln:powIIPPn>PL.PZGIK.200</sln:powIIPPn><sln:powIIPWersja>2012-09-27T09:34:20+02:00</sln:powIIPWersja><sln:powIdTeryt>2409</sln:powIdTeryt><sln:powNazwa>myszkowski</sln:powNazwa><sln:wojIIPId>98a63fe6-1e56-4d05-9c47-ab4233f8a6ff</sln:wojIIPId><sln:wojIIPPn>PL.PZGIK.200</sln:wojIIPPn><sln:wojIIPWersja>2017-10-10T00:00:00+02:00</sln:wojIIPWersja><sln:wojIdTeryt>24</sln:wojIdTeryt><sln:wojNazwa>śląskie</sln:wojNazwa></sln:miejscowosc><sln:miejscowosc><sln:cyklZyciaOd>2014-12-07T00:00:00+01:00</sln:cyklZyciaOd><sln:gmIIPId>90a87957-82d1-4f04-bed6-c0693c53245a</sln:gmIIPId><sln:gmIIPPn>PL.PZGIK.200</sln:gmIIPPn><sln:gmIIPWersja>2012-09-26T22:25:55+02:00</sln:gmIIPWersja><sln:gmIdTeryt>2409011</sln:gmIdTeryt><sln:gmNazwa>Myszków</sln:gmNazwa><sln:miejscIIPId>cd4ea126-caa7-405a-9226-d03e7afa9ee3</sln:miejscIIPId><sln:miejscIIPPn>PL.PZGIK.200</sln:miejscIIPPn><sln:miejscIIPWersja>2016-11-24T13:58:17+02:00</sln:miejscIIPWersja><sln:miejscIdTeryt>0932175</sln:miejscIdTeryt><sln:miejscNazwa>Mijaczów</sln:miejscNazwa><sln:miejscRodzaj>Inny obiekt</sln:miejscRodzaj><sln:powIIPId>84af16e4-82b9-4f34-a6a2-be81f68f8753</sln:powIIPId><sln:powIIPPn>PL.PZGIK.200</sln:powIIPPn><sln:powIIPWersja>2012-09-27T09:34:20+02:00</sln:powIIPWersja><sln:powIdTeryt>2409</sln:powIdTeryt><sln:powNazwa>myszkowski</sln:powNazwa><sln:wojIIPId>98a63fe6-1e56-4d05-9c47-ab4233f8a6ff</sln:wojIIPId><sln:wojIIPPn>PL.PZGIK.200</sln:wojIIPPn><sln:wojIIPWersja>2017-10-10T00:00:00+02:00</sln:wojIIPWersja><sln:wojIdTeryt>24</sln:wojIdTeryt><sln:wojNazwa>śląskie</sln:wojNazwa></sln:miejscowosc><sln:miejscowosc><sln:cyklZyciaOd>2014-12-07T00:00:00+01:00</sln:cyklZyciaOd><sln:gmIIPId>90a87957-82d1-4f04-bed6-c0693c53245a</sln:gmIIPId><sln:gmIIPPn>PL.PZGIK.200</sln:gmIIPPn><sln:gmIIPWersja>2012-09-26T22:25:55+02:00</sln:gmIIPWersja><sln:gmIdTeryt>2409011</sln:gmIdTeryt><sln:gmNazwa>Myszków</sln:gmNazwa><sln:miejscIIPId>801bc1d3-3196-463a-bdba-6de33c75c52a</sln:miejscIIPId><sln:miejscIIPPn>PL.PZGIK.200</sln:miejscIIPPn><sln:miejscIIPWersja>2016-11-24T13:59:37+02:00</sln:miejscIIPWersja><sln:miejscIdTeryt>0932241</sln:miejscIdTeryt><sln:miejscNazwa>Połomia-Myszków</sln:miejscNazwa><sln:miejscRodzaj>Inny obiekt</sln:miejscRodzaj><sln:powIIPId>84af16e4-82b9-4f34-a6a2-be81f68f8753</sln:powIIPId><sln:powIIPPn>PL.PZGIK.200</sln:powIIPPn><sln:powIIPWersja>2012-09-27T09:34:20+02:00</sln:powIIPWersja><sln:powIdTeryt>2409</sln:powIdTeryt><sln:powNazwa>myszkowski</sln:powNazwa><sln:wojIIPId>98a63fe6-1e56-4d05-9c47-ab4233f8a6ff</sln:wojIIPId><sln:wojIIPPn>PL.PZGIK.200</sln:wojIIPPn><sln:wojIIPWersja>2017-10-10T00:00:00+02:00</sln:wojIIPWersja><sln:wojIdTeryt>24</sln:wojIdTeryt><sln:wojNazwa>śląskie</sln:wojNazwa></sln:miejscowosc><sln:miejscowosc><sln:cyklZyciaOd>2014-12-07T00:00:00+01:00</sln:cyklZyciaOd><sln:gmIIPId>90a87957-82d1-4f04-bed6-c0693c53245a</sln:gmIIPId><sln:gmIIPPn>PL.PZGIK.200</sln:gmIIPPn><sln:gmIIPWersja>2012-09-26T22:25:55+02:00</sln:gmIIPWersja><sln:gmIdTeryt>2409011</sln:gmIdTeryt><sln:gmNazwa>Myszków</sln:gmNazwa><sln:miejscIIPId>e7414cd0-ca6a-4c6c-9f87-a481c39ad2f0</sln:miejscIIPId><sln:miejscIIPPn>PL.PZGIK.200</sln:miejscIIPPn><sln:miejscIIPWersja>2016-11-24T13:58:17+02:00</sln:miejscIIPWersja><sln:miejscIdTeryt>0932117</sln:miejscIdTeryt><sln:miejscNazwa>Gruchla</sln:miejscNazwa><sln:miejscRodzaj>Inny obiekt</sln:miejscRodzaj><sln:powIIPId>84af16e4-82b9-4f34-a6a2-be81f68f8753</sln:powIIPId><sln:powIIPPn>PL.PZGIK.200</sln:powIIPPn><sln:powIIPWersja>2012-09-27T09:34:20+02:00</sln:powIIPWersja><sln:powIdTeryt>2409</sln:powIdTeryt><sln:powNazwa>myszkowski</sln:powNazwa><sln:wojIIPId>98a63fe6-1e56-4d05-9c47-ab4233f8a6ff</sln:wojIIPId><sln:wojIIPPn>PL.PZGIK.200</sln:wojIIPPn><sln:wojIIPWersja>2017-10-10T00:00:00+02:00</sln:wojIIPWersja><sln:wojIdTeryt>24</sln:wojIdTeryt><sln:wojNazwa>śląskie</sln:wojNazwa></sln:miejscowosc><sln:miejscowosc><sln:cyklZyciaOd>2014-12-07T00:00:00+01:00</sln:cyklZyciaOd><sln:gmIIPId>90a87957-82d1-4f04-bed6-c0693c53245a</sln:gmIIPId><sln:gmIIPPn>PL.PZGIK.200</sln:gmIIPPn><sln:gmIIPWersja>2012-09-26T22:25:55+02:00</sln:gmIIPWersja><sln:gmIdTeryt>2409011</sln:gmIdTeryt><sln:gmNazwa>Myszków</sln:gmNazwa><sln:miejscIIPId>f1ae8455-1b2e-4280-bae8-5488c24b75a5</sln:miejscIIPId><sln:miejscIIPPn>PL.PZGIK.200</sln:miejscIIPPn><sln:miejscIIPWersja>2016-11-24T13:58:17+02:00</sln:miejscIIPWersja><sln:miejscIdTeryt>0932092</sln:miejscIdTeryt><sln:miejscNazwa>Czarna Struga</sln:miejscNazwa><sln:miejscRodzaj>Inny obiekt</sln:miejscRodzaj><sln:powIIPId>84af16e4-82b9-4f34-a6a2-be81f68f8753</sln:powIIPId><sln:powIIPPn>PL.PZGIK.200</sln:powIIPPn><sln:powIIPWersja>2012-09-27T09:34:20+02:00</sln:powIIPWersja><sln:powIdTeryt>2409</sln:powIdTeryt><sln:powNazwa>myszkowski</sln:powNazwa><sln:wojIIPId>98a63fe6-1e56-4d05-9c47-ab4233f8a6ff</sln:wojIIPId><sln:wojIIPPn>PL.PZGIK.200</sln:wojIIPPn><sln:wojIIPWersja>2017-10-10T00:00:00+02:00</sln:wojIIPWersja><sln:wojIdTeryt>24</sln:wojIdTeryt><sln:wojNazwa>śląskie</sln:wojNazwa></sln:miejscowosc><sln:miejscowosc><sln:cyklZyciaOd>2014-12-07T00:00:00+01:00</sln:cyklZyciaOd><sln:gmIIPId>90a87957-82d1-4f04-bed6-c0693c53245a</sln:gmIIPId><sln:gmIIPPn>PL.PZGIK.200</sln:gmIIPPn><sln:gmIIPWersja>2012-09-26T22:25:55+02:00</sln:gmIIPWersja><sln:gmIdTeryt>2409011</sln:gmIdTeryt><sln:gmNazwa>Myszków</sln:gmNazwa><sln:miejscIIPId>cf431d67-4504-4708-8c9f-c782545e103d</sln:miejscIIPId><sln:miejscIIPPn>PL.PZGIK.200</sln:miejscIIPPn><sln:miejscIIPWersja>2016-11-24T13:58:17+02:00</sln:miejscIIPWersja><sln:miejscIdTeryt>0932063</sln:miejscIdTeryt><sln:miejscNazwa>Będusz</sln:miejscNazwa><sln:miejscRodzaj>Inny obiekt</sln:miejscRodzaj><sln:powIIPId>84af16e4-82b9-4f34-a6a2-be81f68f8753</sln:powIIPId><sln:powIIPPn>PL.PZGIK.200</sln:powIIPPn><sln:powIIPWersja>2012-09-27T09:34:20+02:00</sln:powIIPWersja><sln:powIdTeryt>2409</sln:powIdTeryt><sln:powNazwa>myszkowski</sln:powNazwa><sln:wojIIPId>98a63fe6-1e56-4d05-9c47-ab4233f8a6ff</sln:wojIIPId><sln:wojIIPPn>PL.PZGIK.200</sln:wojIIPPn><sln:wojIIPWersja>2017-10-10T00:00:00+02:00</sln:wojIIPWersja><sln:wojIdTeryt>24</sln:wojIdTeryt><sln:wojNazwa>śląskie</sln:wojNazwa></sln:miejscowosc><sln:miejscowosc><sln:cyklZyciaOd>2014-12-07T00:00:00+01:00</sln:cyklZyciaOd><sln:gmIIPId>90a87957-82d1-4f04-bed6-c0693c53245a</sln:gmIIPId><sln:gmIIPPn>PL.PZGIK.200</sln:gmIIPPn><sln:gmIIPWersja>2012-09-26T22:25:55+02:00</sln:gmIIPWersja><sln:gmIdTeryt>2409011</sln:gmIdTeryt><sln:gmNazwa>Myszków</sln:gmNazwa><sln:miejscIIPId>43ffa49a-90e4-4767-8c10-3aefc03b0773</sln:miejscIIPId><sln:miejscIIPPn>PL.PZGIK.200</sln:miejscIIPPn><sln:miejscIIPWersja>2016-11-24T13:42:48+02:00</sln:miejscIIPWersja><sln:miejscIdTeryt>0932057</sln:miejscIdTeryt><sln:miejscNazwa>Myszków</sln:miejscNazwa><sln:miejscRodzaj>Miasto</sln:miejscRodzaj><sln:powIIPId>84af16e4-82b9-4f34-a6a2-be81f68f8753</sln:powIIPId><sln:powIIPPn>PL.PZGIK.200</sln:powIIPPn><sln:powIIPWersja>2012-09-27T09:34:20+02:00</sln:powIIPWersja><sln:powIdTeryt>2409</sln:powIdTeryt><sln:powNazwa>myszkowski</sln:powNazwa><sln:wojIIPId>98a63fe6-1e56-4d05-9c47-ab4233f8a6ff</sln:wojIIPId><sln:wojIIPPn>PL.PZGIK.200</sln:wojIIPPn><sln:wojIIPWersja>2017-10-10T00:00:00+02:00</sln:wojIIPWersja><sln:wojIdTeryt>24</sln:wojIdTeryt><sln:wojNazwa>śląskie</sln:wojNazwa></sln:miejscowosc><sln:miejscowosc><sln:cyklZyciaOd>2014-12-07T00:00:00+01:00</sln:cyklZyciaOd><sln:gmIIPId>90a87957-82d1-4f04-bed6-c0693c53245a</sln:gmIIPId><sln:gmIIPPn>PL.PZGIK.200</sln:gmIIPPn><sln:gmIIPWersja>2012-09-26T22:25:55+02:00</sln:gmIIPWersja><sln:gmIdTeryt>2409011</sln:gmIdTeryt><sln:gmNazwa>Myszków</sln:gmNazwa><sln:miejscIIPId>5ce6fc29-aa50-4bca-a204-9a35a96fca40</sln:miejscIIPId><sln:miejscIIPPn>PL.PZGIK.200</sln:miejscIIPPn><sln:miejscIIPWersja>2016-11-24T13:58:17+02:00</sln:miejscIIPWersja><sln:miejscIdTeryt>0932100</sln:miejscIdTeryt><sln:miejscNazwa>Franulka</sln:miejscNazwa><sln:miejscRodzaj>Inny obiekt</sln:miejscRodzaj><sln:powIIPId>84af16e4-82b9-4f34-a6a2-be81f68f8753</sln:powIIPId><sln:powIIPPn>PL.PZGIK.200</sln:powIIPPn><sln:powIIPWersja>2012-09-27T09:34:20+02:00</sln:powIIPWersja><sln:powIdTeryt>2409</sln:powIdTeryt><sln:powNazwa>myszkowski</sln:powNazwa><sln:wojIIPId>98a63fe6-1e56-4d05-9c47-ab4233f8a6ff</sln:wojIIPId><sln:wojIIPPn>PL.PZGIK.200</sln:wojIIPPn><sln:wojIIPWersja>2017-10-10T00:00:00+02:00</sln:wojIIPWersja><sln:wojIdTeryt>24</sln:wojIdTeryt><sln:wojNazwa>śląskie</sln:wojNazwa></sln:miejscowosc><sln:miejscowosc><sln:cyklZyciaOd>2014-12-07T00:00:00+01:00</sln:cyklZyciaOd><sln:gmIIPId>90a87957-82d1-4f04-bed6-c0693c53245a</sln:gmIIPId><sln:gmIIPPn>PL.PZGIK.200</sln:gmIIPPn><sln:gmIIPWersja>2012-09-26T22:25:55+02:00</sln:gmIIPWersja><sln:gmIdTeryt>2409011</sln:gmIdTeryt><sln:gmNazwa>Myszków</sln:gmNazwa><sln:miejscIIPId>c5a39e17-4640-49dc-94f9-e7c69bf1615c</sln:miejscIIPId><sln:miejscIIPPn>PL.PZGIK.200</sln:miejscIIPPn><sln:miejscIIPWersja>2016-11-24T13:58:17+02:00</sln:miejscIIPWersja><sln:miejscIdTeryt>0932258</sln:miejscIdTeryt><sln:miejscNazwa>Potasznia</sln:miejscNazwa><sln:miejscRodzaj>Inny obiekt</sln:miejscRodzaj><sln:powIIPId>84af16e4-82b9-4f34-a6a2-be81f68f8753</sln:powIIPId><sln:powIIPPn>PL.PZGIK.200</sln:powIIPPn><sln:powIIPWersja>2012-09-27T09:34:20+02:00</sln:powIIPWersja><sln:powIdTeryt>2409</sln:powIdTeryt><sln:powNazwa>myszkowski</sln:powNazwa><sln:wojIIPId>98a63fe6-1e56-4d05-9c47-ab4233f8a6ff</sln:wojIIPId><sln:wojIIPPn>PL.PZGIK.200</sln:wojIIPPn><sln:wojIIPWersja>2017-10-10T00:00:00+02:00</sln:wojIIPWersja><sln:wojIdTeryt>24</sln:wojIdTeryt><sln:wojNazwa>śląskie</sln:wojNazwa></sln:miejscowosc><sln:miejscowosc><sln:cyklZyciaOd>2014-12-07T00:00:00+01:00</sln:cyklZyciaOd><sln:gmIIPId>90a87957-82d1-4f04-bed6-c0693c53245a</sln:gmIIPId><sln:gmIIPPn>PL.PZGIK.200</sln:gmIIPPn><sln:gmIIPWersja>2012-09-26T22:25:55+02:00</sln:gmIIPWersja><sln:gmIdTeryt>2409011</sln:gmIdTeryt><sln:gmNazwa>Myszków</sln:gmNazwa><sln:miejscIIPId>ac2cacc5-4906-4e50-b966-fadbf6f4ba96</sln:miejscIIPId><sln:miejscIIPPn>PL.PZGIK.200</sln:miejscIIPPn><sln:miejscIIPWersja>2016-11-24T13:36:25+02:00</sln:miejscIIPWersja><sln:miejscIdTeryt>1065579</sln:miejscIdTeryt><sln:miejscNazwa>Papiernia</sln:miejscNazwa><sln:miejscRodzaj>Inny obiekt</sln:miejscRodzaj><sln:powIIPId>84af16e4-82b9-4f34-a6a2-be81f68f8753</sln:powIIPId><sln:powIIPPn>PL.PZGIK.200</sln:powIIPPn><sln:powIIPWersja>2012-09-27T09:34:20+02:00</sln:powIIPWersja><sln:powIdTeryt>2409</sln:powIdTeryt><sln:powNazwa>myszkowski</sln:powNazwa><sln:wojIIPId>98a63fe6-1e56-4d05-9c47-ab4233f8a6ff</sln:wojIIPId><sln:wojIIPPn>PL.PZGIK.200</sln:wojIIPPn><sln:wojIIPWersja>2017-10-10T00:00:00+02:00</sln:wojIIPWersja><sln:wojIdTeryt>24</sln:wojIdTeryt><sln:wojNazwa>śląskie</sln:wojNazwa></sln:miejscowosc><sln:miejscowosc><sln:cyklZyciaOd>2014-12-07T00:00:00+01:00</sln:cyklZyciaOd><sln:gmIIPId>90a87957-82d1-4f04-bed6-c0693c53245a</sln:gmIIPId><sln:gmIIPPn>PL.PZGIK.200</sln:gmIIPPn><sln:gmIIPWersja>2012-09-26T22:25:55+02:00</sln:gmIIPWersja><sln:gmIdTeryt>2409011</sln:gmIdTeryt><sln:gmNazwa>Myszków</sln:gmNazwa><sln:miejscIIPId>042acb3d-3389-4a4f-aaa6-29c3a193dfc7</sln:miejscIIPId><sln:miejscIIPPn>PL.PZGIK.200</sln:miejscIIPPn><sln:miejscIIPWersja>2016-11-24T13:58:17+02:00</sln:miejscIIPWersja><sln:miejscIdTeryt>0932206</sln:miejscIdTeryt><sln:miejscNazwa>Nierada</sln:miejscNazwa><sln:miejscRodzaj>Inny obiekt</sln:miejscRodzaj><sln:powIIPId>84af16e4-82b9-4f34-a6a2-be81f68f8753</sln:powIIPId><sln:powIIPPn>PL.PZGIK.200</sln:powIIPPn><sln:powIIPWersja>2012-09-27T09:34:20+02:00</sln:powIIPWersja><sln:powIdTeryt>2409</sln:powIdTeryt><sln:powNazwa>myszkowski</sln:powNazwa><sln:wojIIPId>98a63fe6-1e56-4d05-9c47-ab4233f8a6ff</sln:wojIIPId><sln:wojIIPPn>PL.PZGIK.200</sln:wojIIPPn><sln:wojIIPWersja>2017-10-10T00:00:00+02:00</sln:wojIIPWersja><sln:wojIdTeryt>24</sln:wojIdTeryt><sln:wojNazwa>śląskie</sln:wojNazwa></sln:miejscowosc><sln:miejscowosc><sln:cyklZyciaOd>2014-12-07T00:00:00+01:00</sln:cyklZyciaOd><sln:gmIIPId>90a87957-82d1-4f04-bed6-c0693c53245a</sln:gmIIPId><sln:gmIIPPn>PL.PZGIK.200</sln:gmIIPPn><sln:gmIIPWersja>2012-09-26T22:25:55+02:00</sln:gmIIPWersja><sln:gmIdTeryt>2409011</sln:gmIdTeryt><sln:gmNazwa>Myszków</sln:gmNazwa><sln:miejscIIPId>ba0196b9-8a42-4230-9381-73aca62d8900</sln:miejscIIPId><sln:miejscIIPPn>PL.PZGIK.200</sln:miejscIIPPn><sln:miejscIIPWersja>2016-11-24T13:58:17+02:00</sln:miejscIIPWersja><sln:miejscIdTeryt>0932146</sln:miejscIdTeryt><sln:miejscNazwa>Kręciwilk</sln:miejscNazwa><sln:miejscRodzaj>Inny obiekt</sln:miejscRodzaj><sln:powIIPId>84af16e4-82b9-4f34-a6a2-be81f68f8753</sln:powIIPId><sln:powIIPPn>PL.PZGIK.200</sln:powIIPPn><sln:powIIPWersja>2012-09-27T09:34:20+02:00</sln:powIIPWersja><sln:powIdTeryt>2409</sln:powIdTeryt><sln:powNazwa>myszkowski</sln:powNazwa><sln:wojIIPId>98a63fe6-1e56-4d05-9c47-ab4233f8a6ff</sln:wojIIPId><sln:wojIIPPn>PL.PZGIK.200</sln:wojIIPPn><sln:wojIIPWersja>2017-10-10T00:00:00+02:00</sln:wojIIPWersja><sln:wojIdTeryt>24</sln:wojIdTeryt><sln:wojNazwa>śląskie</sln:wojNazwa></sln:miejscowosc><sln:miejscowosc><sln:cyklZyciaOd>2014-12-07T00:00:00+01:00</sln:cyklZyciaOd><sln:gmIIPId>90a87957-82d1-4f04-bed6-c0693c53245a</sln:gmIIPId><sln:gmIIPPn>PL.PZGIK.200</sln:gmIIPPn><sln:gmIIPWersja>2012-09-26T22:25:55+02:00</sln:gmIIPWersja><sln:gmIdTeryt>2409011</sln:gmIdTeryt><sln:gmNazwa>Myszków</sln:gmNazwa><sln:miejscIIPId>fcd315f4-9820-443c-ad60-51ca676b52be</sln:miejscIIPId><sln:miejscIIPPn>PL.PZGIK.200</sln:miejscIIPPn><sln:miejscIIPWersja>2016-11-24T13:58:17+02:00</sln:miejscIIPWersja><sln:miejscIdTeryt>0143171</sln:miejscIdTeryt><sln:miejscNazwa>Paprotnik</sln:miejscNazwa><sln:miejscRodzaj>Inny obiekt</sln:miejscRodzaj><sln:powIIPId>84af16e4-82b9-4f34-a6a2-be81f68f8753</sln:powIIPId><sln:powIIPPn>PL.PZGIK.200</sln:powIIPPn><sln:powIIPWersja>2012-09-27T09:34:20+02:00</sln:powIIPWersja><sln:powIdTeryt>2409</sln:powIdTeryt><sln:powNazwa>myszkowski</sln:powNazwa><sln:wojIIPId>98a63fe6-1e56-4d05-9c47-ab4233f8a6ff</sln:wojIIPId><sln:wojIIPPn>PL.PZGIK.200</sln:wojIIPPn><sln:wojIIPWersja>2017-10-10T00:00:00+02:00</sln:wojIIPWersja><sln:wojIdTeryt>24</sln:wojIdTeryt><sln:wojNazwa>śląskie</sln:wojNazwa></sln:miejscowosc><sln:miejscowosc><sln:cyklZyciaOd>2014-12-07T00:00:00+01:00</sln:cyklZyciaOd><sln:gmIIPId>90a87957-82d1-4f04-bed6-c0693c53245a</sln:gmIIPId><sln:gmIIPPn>PL.PZGIK.200</sln:gmIIPPn><sln:gmIIPWersja>2012-09-26T22:25:55+02:00</sln:gmIIPWersja><sln:gmIdTeryt>2409011</sln:gmIdTeryt><sln:gmNazwa>Myszków</sln:gmNazwa><sln:miejscIIPId>82737a93-d6ff-4a02-af4b-af34ca021c02</sln:miejscIIPId><sln:miejscIIPPn>PL.PZGIK.200</sln:miejscIIPPn><sln:miejscIIPWersja>2016-11-24T13:58:17+02:00</sln:miejscIIPWersja><sln:miejscIdTeryt>0932264</sln:miejscIdTeryt><sln:miejscNazwa>Pustkowie Mijaczowskie</sln:miejscNazwa><sln:miejscRodzaj>Inny obiekt</sln:miejscRodzaj><sln:powIIPId>84af16e4-82b9-4f34-a6a2-be81f68f8753</sln:powIIPId><sln:powIIPPn>PL.PZGIK.200</sln:powIIPPn><sln:powIIPWersja>2012-09-27T09:34:20+02:00</sln:powIIPWersja><sln:powIdTeryt>2409</sln:powIdTeryt><sln:powNazwa>myszkowski</sln:powNazwa><sln:wojIIPId>98a63fe6-1e56-4d05-9c47-ab4233f8a6ff</sln:wojIIPId><sln:wojIIPPn>PL.PZGIK.200</sln:wojIIPPn><sln:wojIIPWersja>2017-10-10T00:00:00+02:00</sln:wojIIPWersja><sln:wojIdTeryt>24</sln:wojIdTeryt><sln:wojNazwa>śląskie</sln:wojNazwa></sln:miejscowosc><sln:miejscowosc><sln:cyklZyciaOd>2014-12-07T00:00:00+01:00</sln:cyklZyciaOd><sln:gmIIPId>90a87957-82d1-4f04-bed6-c0693c53245a</sln:gmIIPId><sln:gmIIPPn>PL.PZGIK.200</sln:gmIIPPn><sln:gmIIPWersja>2012-09-26T22:25:55+02:00</sln:gmIIPWersja><sln:gmIdTeryt>2409011</sln:gmIdTeryt><sln:gmNazwa>Myszków</sln:gmNazwa><sln:miejscIIPId>dee0284e-c8d7-47c8-bdbf-9cfdb577a2d6</sln:miejscIIPId><sln:miejscIIPPn>PL.PZGIK.200</sln:miejscIIPPn><sln:miejscIIPWersja>2016-11-24T13:58:17+02:00</sln:miejscIIPWersja><sln:miejscIdTeryt>0932235</sln:miejscIdTeryt><sln:miejscNazwa>Pohulanka</sln:miejscNazwa><sln:miejscRodzaj>Inny obiekt</sln:miejscRodzaj><sln:powIIPId>84af16e4-82b9-4f34-a6a2-be81f68f8753</sln:powIIPId><sln:powIIPPn>PL.PZGIK.200</sln:powIIPPn><sln:powIIPWersja>2012-09-27T09:34:20+02:00</sln:powIIPWersja><sln:powIdTeryt>2409</sln:powIdTeryt><sln:powNazwa>myszkowski</sln:powNazwa><sln:wojIIPId>98a63fe6-1e56-4d05-9c47-ab4233f8a6ff</sln:wojIIPId><sln:wojIIPPn>PL.PZGIK.200</sln:wojIIPPn><sln:wojIIPWersja>2017-10-10T00:00:00+02:00</sln:wojIIPWersja><sln:wojIdTeryt>24</sln:wojIdTeryt><sln:wojNazwa>śląskie</sln:wojNazwa></sln:miejscowosc><sln:miejscowosc><sln:cyklZyciaOd>2014-12-07T00:00:00+01:00</sln:cyklZyciaOd><sln:gmIIPId>90a87957-82d1-4f04-bed6-c0693c53245a</sln:gmIIPId><sln:gmIIPPn>PL.PZGIK.200</sln:gmIIPPn><sln:gmIIPWersja>2012-09-26T22:25:55+02:00</sln:gmIIPWersja><sln:gmIdTeryt>2409011</sln:gmIdTeryt><sln:gmNazwa>Myszków</sln:gmNazwa><sln:miejscIIPId>5ac2039d-c107-4482-a314-1b3e398eee21</sln:miejscIIPId><sln:miejscIIPPn>PL.PZGIK.200</sln:miejscIIPPn><sln:miejscIIPWersja>2016-11-24T13:58:17+02:00</sln:miejscIIPWersja><sln:miejscIdTeryt>0932229</sln:miejscIdTeryt><sln:miejscNazwa>Osińska Góra</sln:miejscNazwa><sln:miejscRodzaj>Inny obiekt</sln:miejscRodzaj><sln:powIIPId>84af16e4-82b9-4f34-a6a2-be81f68f8753</sln:powIIPId><sln:powIIPPn>PL.PZGIK.200</sln:powIIPPn><sln:powIIPWersja>2012-09-27T09:34:20+02:00</sln:powIIPWersja><sln:powIdTeryt>2409</sln:powIdTeryt><sln:powNazwa>myszkowski</sln:powNazwa><sln:wojIIPId>98a63fe6-1e56-4d05-9c47-ab4233f8a6ff</sln:wojIIPId><sln:wojIIPPn>PL.PZGIK.200</sln:wojIIPPn><sln:wojIIPWersja>2017-10-10T00:00:00+02:00</sln:wojIIPWersja><sln:wojIdTeryt>24</sln:wojIdTeryt><sln:wojNazwa>śląskie</sln:wojNazwa></sln:miejscowosc><sln:miejscowosc><sln:cyklZyciaOd>2014-12-07T00:00:00+01:00</sln:cyklZyciaOd><sln:gmIIPId>90a87957-82d1-4f04-bed6-c0693c53245a</sln:gmIIPId><sln:gmIIPPn>PL.PZGIK.200</sln:gmIIPPn><sln:gmIIPWersja>2012-09-26T22:25:55+02:00</sln:gmIIPWersja><sln:gmIdTeryt>2409011</sln:gmIdTeryt><sln:gmNazwa>Myszków</sln:gmNazwa><sln:miejscIIPId>2b7b96ef-de0d-47f7-88b1-09fe118a44ae</sln:miejscIIPId><sln:miejscIIPPn>PL.PZGIK.200</sln:miejscIIPPn><sln:miejscIIPWersja>2016-11-24T13:36:24+02:00</sln:miejscIIPWersja><sln:miejscIdTeryt>1065585</sln:miejscIdTeryt><sln:miejscNazwa>Sikorka</sln:miejscNazwa><sln:miejscRodzaj>Inny obiekt</sln:miejscRodzaj><sln:powIIPId>84af16e4-82b9-4f34-a6a2-be81f68f8753</sln:powIIPId><sln:powIIPPn>PL.PZGIK.200</sln:powIIPPn><sln:powIIPWersja>2012-09-27T09:34:20+02:00</sln:powIIPWersja><sln:powIdTeryt>2409</sln:powIdTeryt><sln:powNazwa>myszkowski</sln:powNazwa><sln:wojIIPId>98a63fe6-1e56-4d05-9c47-ab4233f8a6ff</sln:wojIIPId><sln:wojIIPPn>PL.PZGIK.200</sln:wojIIPPn><sln:wojIIPWersja>2017-10-10T00:00:00+02:00</sln:wojIIPWersja><sln:wojIdTeryt>24</sln:wojIdTeryt><sln:wojNazwa>śląskie</sln:wojNazwa></sln:miejscowosc><sln:miejscowosc><sln:cyklZyciaOd>2014-12-07T00:00:00+01:00</sln:cyklZyciaOd><sln:gmIIPId>90a87957-82d1-4f04-bed6-c0693c53245a</sln:gmIIPId><sln:gmIIPPn>PL.PZGIK.200</sln:gmIIPPn><sln:gmIIPWersja>2012-09-26T22:25:55+02:00</sln:gmIIPWersja><sln:gmIdTeryt>2409011</sln:gmIdTeryt><sln:gmNazwa>Myszków</sln:gmNazwa><sln:miejscIIPId>2ad952b4-353f-4748-b6ff-92285f9b9ad3</sln:miejscIIPId><sln:miejscIIPPn>PL.PZGIK.200</sln:miejscIIPPn><sln:miejscIIPWersja>2016-11-24T13:58:17+02:00</sln:miejscIIPWersja><sln:miejscIdTeryt>0932086</sln:miejscIdTeryt><sln:miejscNazwa>Ciszówka</sln:miejscNazwa><sln:miejscRodzaj>Inny obiekt</sln:miejscRodzaj><sln:powIIPId>84af16e4-82b9-4f34-a6a2-be81f68f8753</sln:powIIPId><sln:powIIPPn>PL.PZGIK.200</sln:powIIPPn><sln:powIIPWersja>2012-09-27T09:34:20+02:00</sln:powIIPWersja><sln:powIdTeryt>2409</sln:powIdTeryt><sln:powNazwa>myszkowski</sln:powNazwa><sln:wojIIPId>98a63fe6-1e56-4d05-9c47-ab4233f8a6ff</sln:wojIIPId><sln:wojIIPPn>PL.PZGIK.200</sln:wojIIPPn><sln:wojIIPWersja>2017-10-10T00:00:00+02:00</sln:wojIIPWersja><sln:wojIdTeryt>24</sln:wojIdTeryt><sln:wojNazwa>śląskie</sln:wojNazwa></sln:miejscowosc><sln:miejscowosc><sln:cyklZyciaOd>2014-12-07T00:00:00+01:00</sln:cyklZyciaOd><sln:gmIIPId>90a87957-82d1-4f04-bed6-c0693c53245a</sln:gmIIPId><sln:gmIIPPn>PL.PZGIK.200</sln:gmIIPPn><sln:gmIIPWersja>2012-09-26T22:25:55+02:00</sln:gmIIPWersja><sln:gmIdTeryt>2409011</sln:gmIdTeryt><sln:gmNazwa>Myszków</sln:gmNazwa><sln:miejscIIPId>a5e1fa57-4dc2-4507-a3df-c51534a136e1</sln:miejscIIPId><sln:miejscIIPPn>PL.PZGIK.200</sln:miejscIIPPn><sln:miejscIIPWersja>2016-11-24T13:58:17+02:00</sln:miejscIIPWersja><sln:miejscIdTeryt>0932070</sln:miejscIdTeryt><sln:miejscNazwa>Bory</sln:miejscNazwa><sln:miejscRodzaj>Inny obiekt</sln:miejscRodzaj><sln:powIIPId>84af16e4-82b9-4f34-a6a2-be81f68f8753</sln:powIIPId><sln:powIIPPn>PL.PZGIK.200</sln:powIIPPn><sln:powIIPWersja>2012-09-27T09:34:20+02:00</sln:powIIPWersja><sln:powIdTeryt>2409</sln:powIdTeryt><sln:powNazwa>myszkowski</sln:powNazwa><sln:wojIIPId>98a63fe6-1e56-4d05-9c47-ab4233f8a6ff</sln:wojIIPId><sln:wojIIPPn>PL.PZGIK.200</sln:wojIIPPn><sln:wojIIPWersja>2017-10-10T00:00:00+02:00</sln:wojIIPWersja><sln:wojIdTeryt>24</sln:wojIdTeryt><sln:wojNazwa>śląskie</sln:wojNazwa></sln:miejscowosc><sln:miejscowosc><sln:cyklZyciaOd>2014-12-07T00:00:00+01:00</sln:cyklZyciaOd><sln:gmIIPId>90a87957-82d1-4f04-bed6-c0693c53245a</sln:gmIIPId><sln:gmIIPPn>PL.PZGIK.200</sln:gmIIPPn><sln:gmIIPWersja>2012-09-26T22:25:55+02:00</sln:gmIIPWersja><sln:gmIdTeryt>2409011</sln:gmIdTeryt><sln:gmNazwa>Myszków</sln:gmNazwa><sln:miejscIIPId>abbbbbf8-a3e7-4f25-bc99-9e238e443994</sln:miejscIIPId><sln:miejscIIPPn>PL.PZGIK.200</sln:miejscIIPPn><sln:miejscIIPWersja>2016-11-24T13:58:17+02:00</sln:miejscIIPWersja><sln:miejscIdTeryt>0932198</sln:miejscIdTeryt><sln:miejscNazwa>Mrzygłódka</sln:miejscNazwa><sln:miejscRodzaj>Inny obiekt</sln:miejscRodzaj><sln:powIIPId>84af16e4-82b9-4f34-a6a2-be81f68f8753</sln:powIIPId><sln:powIIPPn>PL.PZGIK.200</sln:powIIPPn><sln:powIIPWersja>2012-09-27T09:34:20+02:00</sln:powIIPWersja><sln:powIdTeryt>2409</sln:powIdTeryt><sln:powNazwa>myszkowski</sln:powNazwa><sln:wojIIPId>98a63fe6-1e56-4d05-9c47-ab4233f8a6ff</sln:wojIIPId><sln:wojIIPPn>PL.PZGIK.200</sln:wojIIPPn><sln:wojIIPWersja>2017-10-10T00:00:00+02:00</sln:wojIIPWersja><sln:wojIdTeryt>24</sln:wojIdTeryt><sln:wojNazwa>śląskie</sln:wojNazwa></sln:miejscowosc><sln:miejscowosc><sln:cyklZyciaOd>2014-12-07T00:00:00+01:00</sln:cyklZyciaOd><sln:gmIIPId>90a87957-82d1-4f04-bed6-c0693c53245a</sln:gmIIPId><sln:gmIIPPn>PL.PZGIK.200</sln:gmIIPPn><sln:gmIIPWersja>2012-09-26T22:25:55+02:00</sln:gmIIPWersja><sln:gmIdTeryt>2409011</sln:gmIdTeryt><sln:gmNazwa>Myszków</sln:gmNazwa><sln:miejscIIPId>75e5d661-f8dd-4777-9bed-547e6da9d6d2</sln:miejscIIPId><sln:miejscIIPPn>PL.PZGIK.200</sln:miejscIIPPn><sln:miejscIIPWersja>2016-11-24T13:58:17+02:00</sln:miejscIIPWersja><sln:miejscIdTeryt>0932152</sln:miejscIdTeryt><sln:miejscNazwa>Labry</sln:miejscNazwa><sln:miejscRodzaj>Inny obiekt</sln:miejscRodzaj><sln:powIIPId>84af16e4-82b9-4f34-a6a2-be81f68f8753</sln:powIIPId><sln:powIIPPn>PL.PZGIK.200</sln:powIIPPn><sln:powIIPWersja>2012-09-27T09:34:20+02:00</sln:powIIPWersja><sln:powIdTeryt>2409</sln:powIdTeryt><sln:powNazwa>myszkowski</sln:powNazwa><sln:wojIIPId>98a63fe6-1e56-4d05-9c47-ab4233f8a6ff</sln:wojIIPId><sln:wojIIPPn>PL.PZGIK.200</sln:wojIIPPn><sln:wojIIPWersja>2017-10-10T00:00:00+02:00</sln:wojIIPWersja><sln:wojIdTeryt>24</sln:wojIdTeryt><sln:wojNazwa>śląskie</sln:wojNazwa></sln:miejscowosc><sln:miejscowosc><sln:cyklZyciaOd>2014-12-07T00:00:00+01:00</sln:cyklZyciaOd><sln:gmIIPId>90a87957-82d1-4f04-bed6-c0693c53245a</sln:gmIIPId><sln:gmIIPPn>PL.PZGIK.200</sln:gmIIPPn><sln:gmIIPWersja>2012-09-26T22:25:55+02:00</sln:gmIIPWersja><sln:gmIdTeryt>2409011</sln:gmIdTeryt><sln:gmNazwa>Myszków</sln:gmNazwa><sln:miejscIIPId>c51c6fd2-a76b-4cd0-83db-261e559694b0</sln:miejscIIPId><sln:miejscIIPPn>PL.PZGIK.200</sln:miejscIIPPn><sln:miejscIIPWersja>2016-11-24T13:58:17+02:00</sln:miejscIIPWersja><sln:miejscIdTeryt>0932270</sln:miejscIdTeryt><sln:miejscNazwa>Ręby</sln:miejscNazwa><sln:miejscRodzaj>Inny obiekt</sln:miejscRodzaj><sln:powIIPId>84af16e4-82b9-4f34-a6a2-be81f68f8753</sln:powIIPId><sln:powIIPPn>PL.PZGIK.200</sln:powIIPPn><sln:powIIPWersja>2012-09-27T09:34:20+02:00</sln:powIIPWersja><sln:powIdTeryt>2409</sln:powIdTeryt><sln:powNazwa>myszkowski</sln:powNazwa><sln:wojIIPId>98a63fe6-1e56-4d05-9c47-ab4233f8a6ff</sln:wojIIPId><sln:wojIIPPn>PL.PZGIK.200</sln:wojIIPPn><sln:wojIIPWersja>2017-10-10T00:00:00+02:00</sln:wojIIPWersja><sln:wojIdTeryt>24</sln:wojIdTeryt><sln:wojNazwa>śląskie</sln:wojNazwa></sln:miejscowosc><sln:miejscowosc><sln:cyklZyciaOd>2014-12-07T00:00:00+01:00</sln:cyklZyciaOd><sln:gmIIPId>90a87957-82d1-4f04-bed6-c0693c53245a</sln:gmIIPId><sln:gmIIPPn>PL.PZGIK.200</sln:gmIIPPn><sln:gmIIPWersja>2012-09-26T22:25:55+02:00</sln:gmIIPWersja><sln:gmIdTeryt>2409011</sln:gmIdTeryt><sln:gmNazwa>Myszków</sln:gmNazwa><sln:miejscIIPId>8eaee72b-6c1f-4220-bc88-51c202aff6f2</sln:miejscIIPId><sln:miejscIIPPn>PL.PZGIK.200</sln:miejscIIPPn><sln:miejscIIPWersja>2016-11-24T13:58:17+02:00</sln:miejscIIPWersja><sln:miejscIdTeryt>0932212</sln:miejscIdTeryt><sln:miejscNazwa>Nowa Wieś Żarecka</sln:miejscNazwa><sln:miejscRodzaj>Inny obiekt</sln:miejscRodzaj><sln:powIIPId>84af16e4-82b9-4f34-a6a2-be81f68f8753</sln:powIIPId><sln:powIIPPn>PL.PZGIK.200</sln:powIIPPn><sln:powIIPWersja>2012-09-27T09:34:20+02:00</sln:powIIPWersja><sln:powIdTeryt>2409</sln:powIdTeryt><sln:powNazwa>myszkowski</sln:powNazwa><sln:wojIIPId>98a63fe6-1e56-4d05-9c47-ab4233f8a6ff</sln:wojIIPId><sln:wojIIPPn>PL.PZGIK.200</sln:wojIIPPn><sln:wojIIPWersja>2017-10-10T00:00:00+02:00</sln:wojIIPWersja><sln:wojIdTeryt>24</sln:wojIdTeryt><sln:wojNazwa>śląskie</sln:wojNazwa></sln:miejscowosc><sln:miejscowosc><sln:cyklZyciaOd>2014-12-07T00:00:00+01:00</sln:cyklZyciaOd><sln:gmIIPId>90a87957-82d1-4f04-bed6-c0693c53245a</sln:gmIIPId><sln:gmIIPPn>PL.PZGIK.200</sln:gmIIPPn><sln:gmIIPWersja>2012-09-26T22:25:55+02:00</sln:gmIIPWersja><sln:gmIdTeryt>2409011</sln:gmIdTeryt><sln:gmNazwa>Myszków</sln:gmNazwa><sln:miejscIIPId>56cfaed8-2d72-4c8d-b800-e172edee076d</sln:miejscIIPId><sln:miejscIIPPn>PL.PZGIK.200</sln:miejscIIPPn><sln:miejscIIPWersja>2016-11-24T13:58:17+02:00</sln:miejscIIPWersja><sln:miejscIdTeryt>0932130</sln:miejscIdTeryt><sln:miejscNazwa>Kowalczyki</sln:miejscNazwa><sln:miejscRodzaj>Inny obiekt</sln:miejscRodzaj><sln:powIIPId>84af16e4-82b9-4f34-a6a2-be81f68f8753</sln:powIIPId><sln:powIIPPn>PL.PZGIK.200</sln:powIIPPn><sln:powIIPWersja>2012-09-27T09:34:20+02:00</sln:powIIPWersja><sln:powIdTeryt>2409</sln:powIdTeryt><sln:powNazwa>myszkowski</sln:powNazwa><sln:wojIIPId>98a63fe6-1e56-4d05-9c47-ab4233f8a6ff</sln:wojIIPId><sln:wojIIPPn>PL.PZGIK.200</sln:wojIIPPn><sln:wojIIPWersja>2017-10-10T00:00:00+02:00</sln:wojIIPWersja><sln:wojIdTeryt>24</sln:wojIdTeryt><sln:wojNazwa>śląskie</sln:wojNazwa></sln:miejscowosc><sln:miejscowosc><sln:cyklZyciaOd>2014-12-07T00:00:00+01:00</sln:cyklZyciaOd><sln:gmIIPId>90a87957-82d1-4f04-bed6-c0693c53245a</sln:gmIIPId><sln:gmIIPPn>PL.PZGIK.200</sln:gmIIPPn><sln:gmIIPWersja>2012-09-26T22:25:55+02:00</sln:gmIIPWersja><sln:gmIdTeryt>2409011</sln:gmIdTeryt><sln:gmNazwa>Myszków</sln:gmNazwa><sln:miejscIIPId>c5cd60ae-cb76-453d-bc68-64978e887782</sln:miejscIIPId><sln:miejscIIPPn>PL.PZGIK.200</sln:miejscIIPPn><sln:miejscIIPWersja>2016-11-24T13:58:17+02:00</sln:miejscIIPWersja><sln:miejscIdTeryt>0932287</sln:miejscIdTeryt><sln:miejscNazwa>Smudzówka</sln:miejscNazwa><sln:miejscRodzaj>Inny obiekt</sln:miejscRodzaj><sln:powIIPId>84af16e4-82b9-4f34-a6a2-be81f68f8753</sln:powIIPId><sln:powIIPPn>PL.PZGIK.200</sln:powIIPPn><sln:powIIPWersja>2012-09-27T09:34:20+02:00</sln:powIIPWersja><sln:powIdTeryt>2409</sln:powIdTeryt><sln:powNazwa>myszkowski</sln:powNazwa><sln:wojIIPId>98a63fe6-1e56-4d05-9c47-ab4233f8a6ff</sln:wojIIPId><sln:wojIIPPn>PL.PZGIK.200</sln:wojIIPPn><sln:wojIIPWersja>2017-10-10T00:00:00+02:00</sln:wojIIPWersja><sln:wojIdTeryt>24</sln:wojIdTeryt><sln:wojNazwa>śląskie</sln:wojNazwa></sln:miejscowosc></sln:lista-miejscowosci>