<?xml version="1.0" encoding="UTF-8" standalone="yes"?><sln:lista-miejscowosci xmlns:srv="http://gugik.gov.pl/schemas/slowniki-service/1.0" xmlns:sln="http://gugik.gov.pl/schemas/slowniki-schema/1.0"><sln:miejscowosc><sln:cyklZyciaOd>2014-12-04T00:00:00+01:00</sln:cyklZyciaOd><sln:gmIIPId>5f3a8194-9e7a-40c1-9bdc-8f3d32182932</sln:gmIIPId><sln:gmIIPPn>PL.PZGIK.200</sln:gmIIPPn><sln:gmIIPWersja>2012-09-26T22:29:32+02:00</sln:gmIIPWersja><sln:gmIdTeryt>2404142</sln:gmIdTeryt><sln:gmNazwa>Przyrów</sln:gmNazwa><sln:miejscIIPId>99b6cd38-40d2-4725-b57c-5684a9e3d4a1</sln:miejscIIPId><sln:miejscIIPPn>PL.PZGIK.200</sln:miejscIIPPn><sln:miejscIIPWersja>2016-11-24T13:39:47+02:00</sln:miejscIIPWersja><sln:miejscIdTeryt>0143544</sln:miejscIdTeryt><sln:miejscNazwa>Kopaniny</sln:miejscNazwa><sln:miejscRodzaj>Wieś</sln:miejscRodzaj><sln:powIIPId>a5fef4e5-9579-460f-84e2-daa56282f29a</sln:powIIPId><sln:powIIPPn>PL.PZGIK.200</sln:powIIPPn><sln:powIIPWersja>2012-09-27T09:34:20+02:00</sln:powIIPWersja><sln:powIdTeryt>2404</sln:powIdTeryt><sln:powNazwa>częstochowski</sln:powNazwa><sln:wojIIPId>98a63fe6-1e56-4d05-9c47-ab4233f8a6ff</sln:wojIIPId><sln:wojIIPPn>PL.PZGIK.200</sln:wojIIPPn><sln:wojIIPWersja>2017-10-10T00:00:00+02:00</sln:wojIIPWersja><sln:wojIdTeryt>24</sln:wojIdTeryt><sln:wojNazwa>śląskie</sln:wojNazwa></sln:miejscowosc><sln:miejscowosc><sln:cyklZyciaOd>2014-12-04T00:00:00+01:00</sln:cyklZyciaOd><sln:gmIIPId>5f3a8194-9e7a-40c1-9bdc-8f3d32182932</sln:gmIIPId><sln:gmIIPPn>PL.PZGIK.200</sln:gmIIPPn><sln:gmIIPWersja>2012-09-26T22:29:32+02:00</sln:gmIIPWersja><sln:gmIdTeryt>2404142</sln:gmIdTeryt><sln:gmNazwa>Przyrów</sln:gmNazwa><sln:miejscIIPId>15a5d822-89bf-4fe4-815f-9548a3a35879</sln:miejscIIPId><sln:miejscIIPPn>PL.PZGIK.200</sln:miejscIIPPn><sln:miejscIIPWersja>2016-11-24T13:36:19+02:00</sln:miejscIIPWersja><sln:miejscIdTeryt>3010622</sln:miejscIdTeryt><sln:miejscNazwa>Wyspa</sln:miejscNazwa><sln:miejscRodzaj>Inny obiekt</sln:miejscRodzaj><sln:powIIPId>a5fef4e5-9579-460f-84e2-daa56282f29a</sln:powIIPId><sln:powIIPPn>PL.PZGIK.200</sln:powIIPPn><sln:powIIPWersja>2012-09-27T09:34:20+02:00</sln:powIIPWersja><sln:powIdTeryt>2404</sln:powIdTeryt><sln:powNazwa>częstochowski</sln:powNazwa><sln:wojIIPId>98a63fe6-1e56-4d05-9c47-ab4233f8a6ff</sln:wojIIPId><sln:wojIIPPn>PL.PZGIK.200</sln:wojIIPPn><sln:wojIIPWersja>2017-10-10T00:00:00+02:00</sln:wojIIPWersja><sln:wojIdTeryt>24</sln:wojIdTeryt><sln:wojNazwa>śląskie</sln:wojNazwa></sln:miejscowosc><sln:miejscowosc><sln:cyklZyciaOd>2014-12-04T00:00:00+01:00</sln:cyklZyciaOd><sln:gmIIPId>5f3a8194-9e7a-40c1-9bdc-8f3d32182932</sln:gmIIPId><sln:gmIIPPn>PL.PZGIK.200</sln:gmIIPPn><sln:gmIIPWersja>2012-09-26T22:29:32+02:00</sln:gmIIPWersja><sln:gmIdTeryt>2404142</sln:gmIdTeryt><sln:gmNazwa>Przyrów</sln:gmNazwa><sln:miejscIIPId>aeecaf89-9f69-4e9f-92f6-31d73ffd2f84</sln:miejscIIPId><sln:miejscIIPPn>PL.PZGIK.200</sln:miejscIIPPn><sln:miejscIIPWersja>2016-11-24T13:31:09+02:00</sln:miejscIIPWersja><sln:miejscIdTeryt>0143604</sln:miejscIdTeryt><sln:miejscNazwa>Stanisławów</sln:miejscNazwa><sln:miejscRodzaj>Wieś</sln:miejscRodzaj><sln:powIIPId>a5fef4e5-9579-460f-84e2-daa56282f29a</sln:powIIPId><sln:powIIPPn>PL.PZGIK.200</sln:powIIPPn><sln:powIIPWersja>2012-09-27T09:34:20+02:00</sln:powIIPWersja><sln:powIdTeryt>2404</sln:powIdTeryt><sln:powNazwa>częstochowski</sln:powNazwa><sln:wojIIPId>98a63fe6-1e56-4d05-9c47-ab4233f8a6ff</sln:wojIIPId><sln:wojIIPPn>PL.PZGIK.200</sln:wojIIPPn><sln:wojIIPWersja>2017-10-10T00:00:00+02:00</sln:wojIIPWersja><sln:wojIdTeryt>24</sln:wojIdTeryt><sln:wojNazwa>śląskie</sln:wojNazwa></sln:miejscowosc><sln:miejscowosc><sln:cyklZyciaOd>2014-12-04T00:00:00+01:00</sln:cyklZyciaOd><sln:gmIIPId>5f3a8194-9e7a-40c1-9bdc-8f3d32182932</sln:gmIIPId><sln:gmIIPPn>PL.PZGIK.200</sln:gmIIPPn><sln:gmIIPWersja>2012-09-26T22:29:32+02:00</sln:gmIIPWersja><sln:gmIdTeryt>2404142</sln:gmIdTeryt><sln:gmNazwa>Przyrów</sln:gmNazwa><sln:miejscIIPId>72ce75ce-7a5c-4c88-8d06-0ab24e21f914</sln:miejscIIPId><sln:miejscIIPPn>PL.PZGIK.200</sln:miejscIIPPn><sln:miejscIIPWersja>2016-11-24T13:33:37+02:00</sln:miejscIIPWersja><sln:miejscIdTeryt>0143656</sln:miejscIdTeryt><sln:miejscNazwa>Wola Mokrzeska</sln:miejscNazwa><sln:miejscRodzaj>Wieś</sln:miejscRodzaj><sln:powIIPId>a5fef4e5-9579-460f-84e2-daa56282f29a</sln:powIIPId><sln:powIIPPn>PL.PZGIK.200</sln:powIIPPn><sln:powIIPWersja>2012-09-27T09:34:20+02:00</sln:powIIPWersja><sln:powIdTeryt>2404</sln:powIdTeryt><sln:powNazwa>częstochowski</sln:powNazwa><sln:wojIIPId>98a63fe6-1e56-4d05-9c47-ab4233f8a6ff</sln:wojIIPId><sln:wojIIPPn>PL.PZGIK.200</sln:wojIIPPn><sln:wojIIPWersja>2017-10-10T00:00:00+02:00</sln:wojIIPWersja><sln:wojIdTeryt>24</sln:wojIdTeryt><sln:wojNazwa>śląskie</sln:wojNazwa></sln:miejscowosc><sln:miejscowosc><sln:cyklZyciaOd>2014-12-04T00:00:00+01:00</sln:cyklZyciaOd><sln:gmIIPId>5f3a8194-9e7a-40c1-9bdc-8f3d32182932</sln:gmIIPId><sln:gmIIPPn>PL.PZGIK.200</sln:gmIIPPn><sln:gmIIPWersja>2012-09-26T22:29:32+02:00</sln:gmIIPWersja><sln:gmIdTeryt>2404142</sln:gmIdTeryt><sln:gmNazwa>Przyrów</sln:gmNazwa><sln:miejscIIPId>cba56b97-2390-4bd8-aab5-252bf1a57a72</sln:miejscIIPId><sln:miejscIIPPn>PL.PZGIK.200</sln:miejscIIPPn><sln:miejscIIPWersja>2016-11-24T13:39:32+02:00</sln:miejscIIPWersja><sln:miejscIdTeryt>0143538</sln:miejscIdTeryt><sln:miejscNazwa>Knieja</sln:miejscNazwa><sln:miejscRodzaj>Wieś</sln:miejscRodzaj><sln:powIIPId>a5fef4e5-9579-460f-84e2-daa56282f29a</sln:powIIPId><sln:powIIPPn>PL.PZGIK.200</sln:powIIPPn><sln:powIIPWersja>2012-09-27T09:34:20+02:00</sln:powIIPWersja><sln:powIdTeryt>2404</sln:powIdTeryt><sln:powNazwa>częstochowski</sln:powNazwa><sln:wojIIPId>98a63fe6-1e56-4d05-9c47-ab4233f8a6ff</sln:wojIIPId><sln:wojIIPPn>PL.PZGIK.200</sln:wojIIPPn><sln:wojIIPWersja>2017-10-10T00:00:00+02:00</sln:wojIIPWersja><sln:wojIdTeryt>24</sln:wojIdTeryt><sln:wojNazwa>śląskie</sln:wojNazwa></sln:miejscowosc><sln:miejscowosc><sln:cyklZyciaOd>2014-12-04T00:00:00+01:00</sln:cyklZyciaOd><sln:gmIIPId>5f3a8194-9e7a-40c1-9bdc-8f3d32182932</sln:gmIIPId><sln:gmIIPPn>PL.PZGIK.200</sln:gmIIPPn><sln:gmIIPWersja>2012-09-26T22:29:32+02:00</sln:gmIIPWersja><sln:gmIdTeryt>2404142</sln:gmIdTeryt><sln:gmNazwa>Przyrów</sln:gmNazwa><sln:miejscIIPId>ef0d6703-7f82-4a67-b2e3-52a8fcead3be</sln:miejscIIPId><sln:miejscIIPPn>PL.PZGIK.200</sln:miejscIIPPn><sln:miejscIIPWersja>2016-11-24T13:33:12+02:00</sln:miejscIIPWersja><sln:miejscIdTeryt>0143640</sln:miejscIdTeryt><sln:miejscNazwa>Wiercica</sln:miejscNazwa><sln:miejscRodzaj>Wieś</sln:miejscRodzaj><sln:powIIPId>a5fef4e5-9579-460f-84e2-daa56282f29a</sln:powIIPId><sln:powIIPPn>PL.PZGIK.200</sln:powIIPPn><sln:powIIPWersja>2012-09-27T09:34:20+02:00</sln:powIIPWersja><sln:powIdTeryt>2404</sln:powIdTeryt><sln:powNazwa>częstochowski</sln:powNazwa><sln:wojIIPId>98a63fe6-1e56-4d05-9c47-ab4233f8a6ff</sln:wojIIPId><sln:wojIIPPn>PL.PZGIK.200</sln:wojIIPPn><sln:wojIIPWersja>2017-10-10T00:00:00+02:00</sln:wojIIPWersja><sln:wojIdTeryt>24</sln:wojIdTeryt><sln:wojNazwa>śląskie</sln:wojNazwa></sln:miejscowosc><sln:miejscowosc><sln:cyklZyciaOd>2014-12-04T00:00:00+01:00</sln:cyklZyciaOd><sln:gmIIPId>5f3a8194-9e7a-40c1-9bdc-8f3d32182932</sln:gmIIPId><sln:gmIIPPn>PL.PZGIK.200</sln:gmIIPPn><sln:gmIIPWersja>2012-09-26T22:29:32+02:00</sln:gmIIPWersja><sln:gmIdTeryt>2404142</sln:gmIdTeryt><sln:gmNazwa>Przyrów</sln:gmNazwa><sln:miejscIIPId>eb039079-455b-4fa6-9745-d2ee36b80cc0</sln:miejscIIPId><sln:miejscIIPPn>PL.PZGIK.200</sln:miejscIIPPn><sln:miejscIIPWersja>2016-11-24T13:36:19+02:00</sln:miejscIIPWersja><sln:miejscIdTeryt>3010399</sln:miejscIdTeryt><sln:miejscNazwa>Pod Lasem</sln:miejscNazwa><sln:miejscRodzaj>Inny obiekt</sln:miejscRodzaj><sln:powIIPId>a5fef4e5-9579-460f-84e2-daa56282f29a</sln:powIIPId><sln:powIIPPn>PL.PZGIK.200</sln:powIIPPn><sln:powIIPWersja>2012-09-27T09:34:20+02:00</sln:powIIPWersja><sln:powIdTeryt>2404</sln:powIdTeryt><sln:powNazwa>częstochowski</sln:powNazwa><sln:wojIIPId>98a63fe6-1e56-4d05-9c47-ab4233f8a6ff</sln:wojIIPId><sln:wojIIPPn>PL.PZGIK.200</sln:wojIIPPn><sln:wojIIPWersja>2017-10-10T00:00:00+02:00</sln:wojIIPWersja><sln:wojIdTeryt>24</sln:wojIdTeryt><sln:wojNazwa>śląskie</sln:wojNazwa></sln:miejscowosc><sln:miejscowosc><sln:cyklZyciaOd>2014-12-04T00:00:00+01:00</sln:cyklZyciaOd><sln:gmIIPId>5f3a8194-9e7a-40c1-9bdc-8f3d32182932</sln:gmIIPId><sln:gmIIPPn>PL.PZGIK.200</sln:gmIIPPn><sln:gmIIPWersja>2012-09-26T22:29:32+02:00</sln:gmIIPWersja><sln:gmIdTeryt>2404142</sln:gmIdTeryt><sln:gmNazwa>Przyrów</sln:gmNazwa><sln:miejscIIPId>49a9bac1-11b1-4e81-a279-ae257249da10</sln:miejscIIPId><sln:miejscIIPPn>PL.PZGIK.200</sln:miejscIIPPn><sln:miejscIIPWersja>2016-11-24T13:36:19+02:00</sln:miejscIIPWersja><sln:miejscIdTeryt>3010254</sln:miejscIdTeryt><sln:miejscNazwa>Koszary</sln:miejscNazwa><sln:miejscRodzaj>Inny obiekt</sln:miejscRodzaj><sln:powIIPId>a5fef4e5-9579-460f-84e2-daa56282f29a</sln:powIIPId><sln:powIIPPn>PL.PZGIK.200</sln:powIIPPn><sln:powIIPWersja>2012-09-27T09:34:20+02:00</sln:powIIPWersja><sln:powIdTeryt>2404</sln:powIdTeryt><sln:powNazwa>częstochowski</sln:powNazwa><sln:wojIIPId>98a63fe6-1e56-4d05-9c47-ab4233f8a6ff</sln:wojIIPId><sln:wojIIPPn>PL.PZGIK.200</sln:wojIIPPn><sln:wojIIPWersja>2017-10-10T00:00:00+02:00</sln:wojIIPWersja><sln:wojIdTeryt>24</sln:wojIdTeryt><sln:wojNazwa>śląskie</sln:wojNazwa></sln:miejscowosc><sln:miejscowosc><sln:cyklZyciaOd>2014-12-04T00:00:00+01:00</sln:cyklZyciaOd><sln:gmIIPId>5f3a8194-9e7a-40c1-9bdc-8f3d32182932</sln:gmIIPId><sln:gmIIPPn>PL.PZGIK.200</sln:gmIIPPn><sln:gmIIPWersja>2012-09-26T22:29:32+02:00</sln:gmIIPWersja><sln:gmIdTeryt>2404142</sln:gmIdTeryt><sln:gmNazwa>Przyrów</sln:gmNazwa><sln:miejscIIPId>9e5b13d5-70ea-4fb5-8aee-51fc5997788e</sln:miejscIIPId><sln:miejscIIPPn>PL.PZGIK.200</sln:miejscIIPPn><sln:miejscIIPWersja>2016-11-24T13:31:21+02:00</sln:miejscIIPWersja><sln:miejscIdTeryt>0143610</sln:miejscIdTeryt><sln:miejscNazwa>Staropole</sln:miejscNazwa><sln:miejscRodzaj>Wieś</sln:miejscRodzaj><sln:powIIPId>a5fef4e5-9579-460f-84e2-daa56282f29a</sln:powIIPId><sln:powIIPPn>PL.PZGIK.200</sln:powIIPPn><sln:powIIPWersja>2012-09-27T09:34:20+02:00</sln:powIIPWersja><sln:powIdTeryt>2404</sln:powIdTeryt><sln:powNazwa>częstochowski</sln:powNazwa><sln:wojIIPId>98a63fe6-1e56-4d05-9c47-ab4233f8a6ff</sln:wojIIPId><sln:wojIIPPn>PL.PZGIK.200</sln:wojIIPPn><sln:wojIIPWersja>2017-10-10T00:00:00+02:00</sln:wojIIPWersja><sln:wojIdTeryt>24</sln:wojIdTeryt><sln:wojNazwa>śląskie</sln:wojNazwa></sln:miejscowosc><sln:miejscowosc><sln:cyklZyciaOd>2014-12-04T00:00:00+01:00</sln:cyklZyciaOd><sln:gmIIPId>5f3a8194-9e7a-40c1-9bdc-8f3d32182932</sln:gmIIPId><sln:gmIIPPn>PL.PZGIK.200</sln:gmIIPPn><sln:gmIIPWersja>2012-09-26T22:29:32+02:00</sln:gmIIPWersja><sln:gmIdTeryt>2404142</sln:gmIdTeryt><sln:gmNazwa>Przyrów</sln:gmNazwa><sln:miejscIIPId>17524eb8-bd84-42e9-8045-e3b4e3b56eb9</sln:miejscIIPId><sln:miejscIIPPn>PL.PZGIK.200</sln:miejscIIPPn><sln:miejscIIPWersja>2016-11-24T13:36:19+02:00</sln:miejscIIPWersja><sln:miejscIdTeryt>3010470</sln:miejscIdTeryt><sln:miejscNazwa>Babie</sln:miejscNazwa><sln:miejscRodzaj>Inny obiekt</sln:miejscRodzaj><sln:powIIPId>a5fef4e5-9579-460f-84e2-daa56282f29a</sln:powIIPId><sln:powIIPPn>PL.PZGIK.200</sln:powIIPPn><sln:powIIPWersja>2012-09-27T09:34:20+02:00</sln:powIIPWersja><sln:powIdTeryt>2404</sln:powIdTeryt><sln:powNazwa>częstochowski</sln:powNazwa><sln:wojIIPId>98a63fe6-1e56-4d05-9c47-ab4233f8a6ff</sln:wojIIPId><sln:wojIIPPn>PL.PZGIK.200</sln:wojIIPPn><sln:wojIIPWersja>2017-10-10T00:00:00+02:00</sln:wojIIPWersja><sln:wojIdTeryt>24</sln:wojIdTeryt><sln:wojNazwa>śląskie</sln:wojNazwa></sln:miejscowosc><sln:miejscowosc><sln:cyklZyciaOd>2014-12-04T00:00:00+01:00</sln:cyklZyciaOd><sln:gmIIPId>5f3a8194-9e7a-40c1-9bdc-8f3d32182932</sln:gmIIPId><sln:gmIIPPn>PL.PZGIK.200</sln:gmIIPPn><sln:gmIIPWersja>2012-09-26T22:29:32+02:00</sln:gmIIPWersja><sln:gmIdTeryt>2404142</sln:gmIdTeryt><sln:gmNazwa>Przyrów</sln:gmNazwa><sln:miejscIIPId>6ca8d406-0d81-4fee-a0a9-96de35dc7d2d</sln:miejscIIPId><sln:miejscIIPPn>PL.PZGIK.200</sln:miejscIIPPn><sln:miejscIIPWersja>2016-11-24T13:38:54+02:00</sln:miejscIIPWersja><sln:miejscIdTeryt>0143515</sln:miejscIdTeryt><sln:miejscNazwa>Julianka</sln:miejscNazwa><sln:miejscRodzaj>Wieś</sln:miejscRodzaj><sln:powIIPId>a5fef4e5-9579-460f-84e2-daa56282f29a</sln:powIIPId><sln:powIIPPn>PL.PZGIK.200</sln:powIIPPn><sln:powIIPWersja>2012-09-27T09:34:20+02:00</sln:powIIPWersja><sln:powIdTeryt>2404</sln:powIdTeryt><sln:powNazwa>częstochowski</sln:powNazwa><sln:wojIIPId>98a63fe6-1e56-4d05-9c47-ab4233f8a6ff</sln:wojIIPId><sln:wojIIPPn>PL.PZGIK.200</sln:wojIIPPn><sln:wojIIPWersja>2017-10-10T00:00:00+02:00</sln:wojIIPWersja><sln:wojIdTeryt>24</sln:wojIdTeryt><sln:wojNazwa>śląskie</sln:wojNazwa></sln:miejscowosc><sln:miejscowosc><sln:cyklZyciaOd>2014-12-04T00:00:00+01:00</sln:cyklZyciaOd><sln:gmIIPId>5f3a8194-9e7a-40c1-9bdc-8f3d32182932</sln:gmIIPId><sln:gmIIPPn>PL.PZGIK.200</sln:gmIIPPn><sln:gmIIPWersja>2012-09-26T22:29:32+02:00</sln:gmIIPWersja><sln:gmIdTeryt>2404142</sln:gmIdTeryt><sln:gmNazwa>Przyrów</sln:gmNazwa><sln:miejscIIPId>0ea0f691-0035-4afd-9594-d9d513c28bfe</sln:miejscIIPId><sln:miejscIIPPn>PL.PZGIK.200</sln:miejscIIPPn><sln:miejscIIPWersja>2016-11-24T13:34:30+02:00</sln:miejscIIPWersja><sln:miejscIdTeryt>0143685</sln:miejscIdTeryt><sln:miejscNazwa>Zarębice</sln:miejscNazwa><sln:miejscRodzaj>Wieś</sln:miejscRodzaj><sln:powIIPId>a5fef4e5-9579-460f-84e2-daa56282f29a</sln:powIIPId><sln:powIIPPn>PL.PZGIK.200</sln:powIIPPn><sln:powIIPWersja>2012-09-27T09:34:20+02:00</sln:powIIPWersja><sln:powIdTeryt>2404</sln:powIdTeryt><sln:powNazwa>częstochowski</sln:powNazwa><sln:wojIIPId>98a63fe6-1e56-4d05-9c47-ab4233f8a6ff</sln:wojIIPId><sln:wojIIPPn>PL.PZGIK.200</sln:wojIIPPn><sln:wojIIPWersja>2017-10-10T00:00:00+02:00</sln:wojIIPWersja><sln:wojIdTeryt>24</sln:wojIdTeryt><sln:wojNazwa>śląskie</sln:wojNazwa></sln:miejscowosc><sln:miejscowosc><sln:cyklZyciaOd>2014-12-04T00:00:00+01:00</sln:cyklZyciaOd><sln:gmIIPId>5f3a8194-9e7a-40c1-9bdc-8f3d32182932</sln:gmIIPId><sln:gmIIPPn>PL.PZGIK.200</sln:gmIIPPn><sln:gmIIPWersja>2012-09-26T22:29:32+02:00</sln:gmIIPWersja><sln:gmIdTeryt>2404142</sln:gmIdTeryt><sln:gmNazwa>Przyrów</sln:gmNazwa><sln:miejscIIPId>35d615e8-59be-4041-b1aa-96a76f286063</sln:miejscIIPId><sln:miejscIIPPn>PL.PZGIK.200</sln:miejscIIPPn><sln:miejscIIPWersja>2016-11-24T13:46:49+02:00</sln:miejscIIPWersja><sln:miejscIdTeryt>0143573</sln:miejscIdTeryt><sln:miejscNazwa>Sieraków</sln:miejscNazwa><sln:miejscRodzaj>Gajówka</sln:miejscRodzaj><sln:powIIPId>a5fef4e5-9579-460f-84e2-daa56282f29a</sln:powIIPId><sln:powIIPPn>PL.PZGIK.200</sln:powIIPPn><sln:powIIPWersja>2012-09-27T09:34:20+02:00</sln:powIIPWersja><sln:powIdTeryt>2404</sln:powIdTeryt><sln:powNazwa>częstochowski</sln:powNazwa><sln:wojIIPId>98a63fe6-1e56-4d05-9c47-ab4233f8a6ff</sln:wojIIPId><sln:wojIIPPn>PL.PZGIK.200</sln:wojIIPPn><sln:wojIIPWersja>2017-10-10T00:00:00+02:00</sln:wojIIPWersja><sln:wojIdTeryt>24</sln:wojIdTeryt><sln:wojNazwa>śląskie</sln:wojNazwa></sln:miejscowosc><sln:miejscowosc><sln:cyklZyciaOd>2015-07-02T00:00:00+02:00</sln:cyklZyciaOd><sln:gmIIPId>5f3a8194-9e7a-40c1-9bdc-8f3d32182932</sln:gmIIPId><sln:gmIIPPn>PL.PZGIK.200</sln:gmIIPPn><sln:gmIIPWersja>2012-09-26T22:29:32+02:00</sln:gmIIPWersja><sln:gmIdTeryt>2404142</sln:gmIdTeryt><sln:gmNazwa>Przyrów</sln:gmNazwa><sln:miejscIIPId>7316af4c-0d96-4fb1-ad74-c4ad1ee0e060</sln:miejscIIPId><sln:miejscIIPPn>PL.PZGIK.200</sln:miejscIIPPn><sln:miejscIIPWersja>2016-11-24T13:50:55+02:00</sln:miejscIIPWersja><sln:miejscIdTeryt>0143679</sln:miejscIdTeryt><sln:miejscNazwa>Zalesice-Leśniczówka</sln:miejscNazwa><sln:miejscRodzaj>Leśniczówka</sln:miejscRodzaj><sln:powIIPId>a5fef4e5-9579-460f-84e2-daa56282f29a</sln:powIIPId><sln:powIIPPn>PL.PZGIK.200</sln:powIIPPn><sln:powIIPWersja>2012-09-27T09:34:20+02:00</sln:powIIPWersja><sln:powIdTeryt>2404</sln:powIdTeryt><sln:powNazwa>częstochowski</sln:powNazwa><sln:wojIIPId>98a63fe6-1e56-4d05-9c47-ab4233f8a6ff</sln:wojIIPId><sln:wojIIPPn>PL.PZGIK.200</sln:wojIIPPn><sln:wojIIPWersja>2017-10-10T00:00:00+02:00</sln:wojIIPWersja><sln:wojIdTeryt>24</sln:wojIdTeryt><sln:wojNazwa>śląskie</sln:wojNazwa></sln:miejscowosc><sln:miejscowosc><sln:cyklZyciaOd>2014-12-04T00:00:00+01:00</sln:cyklZyciaOd><sln:gmIIPId>5f3a8194-9e7a-40c1-9bdc-8f3d32182932</sln:gmIIPId><sln:gmIIPPn>PL.PZGIK.200</sln:gmIIPPn><sln:gmIIPWersja>2012-09-26T22:29:32+02:00</sln:gmIIPWersja><sln:gmIdTeryt>2404142</sln:gmIdTeryt><sln:gmNazwa>Przyrów</sln:gmNazwa><sln:miejscIIPId>7bc374a2-84a6-4f64-b683-8d3876d50051</sln:miejscIIPId><sln:miejscIIPPn>PL.PZGIK.200</sln:miejscIIPPn><sln:miejscIIPWersja>2016-11-24T13:30:51+02:00</sln:miejscIIPWersja><sln:miejscIdTeryt>0143580</sln:miejscIdTeryt><sln:miejscNazwa>Smyków</sln:miejscNazwa><sln:miejscRodzaj>Wieś</sln:miejscRodzaj><sln:powIIPId>a5fef4e5-9579-460f-84e2-daa56282f29a</sln:powIIPId><sln:powIIPPn>PL.PZGIK.200</sln:powIIPPn><sln:powIIPWersja>2012-09-27T09:34:20+02:00</sln:powIIPWersja><sln:powIdTeryt>2404</sln:powIdTeryt><sln:powNazwa>częstochowski</sln:powNazwa><sln:wojIIPId>98a63fe6-1e56-4d05-9c47-ab4233f8a6ff</sln:wojIIPId><sln:wojIIPPn>PL.PZGIK.200</sln:wojIIPPn><sln:wojIIPWersja>2017-10-10T00:00:00+02:00</sln:wojIIPWersja><sln:wojIdTeryt>24</sln:wojIdTeryt><sln:wojNazwa>śląskie</sln:wojNazwa></sln:miejscowosc><sln:miejscowosc><sln:cyklZyciaOd>2014-12-04T00:00:00+01:00</sln:cyklZyciaOd><sln:gmIIPId>5f3a8194-9e7a-40c1-9bdc-8f3d32182932</sln:gmIIPId><sln:gmIIPPn>PL.PZGIK.200</sln:gmIIPPn><sln:gmIIPWersja>2012-09-26T22:29:32+02:00</sln:gmIIPWersja><sln:gmIdTeryt>2404142</sln:gmIdTeryt><sln:gmNazwa>Przyrów</sln:gmNazwa><sln:miejscIIPId>8cf10385-2cae-4876-ad85-26992f0bcea1</sln:miejscIIPId><sln:miejscIIPPn>PL.PZGIK.200</sln:miejscIIPPn><sln:miejscIIPWersja>2016-11-24T13:30:34+02:00</sln:miejscIIPWersja><sln:miejscIdTeryt>0143567</sln:miejscIdTeryt><sln:miejscNazwa>Sieraków</sln:miejscNazwa><sln:miejscRodzaj>Wieś</sln:miejscRodzaj><sln:powIIPId>a5fef4e5-9579-460f-84e2-daa56282f29a</sln:powIIPId><sln:powIIPPn>PL.PZGIK.200</sln:powIIPPn><sln:powIIPWersja>2012-09-27T09:34:20+02:00</sln:powIIPWersja><sln:powIdTeryt>2404</sln:powIdTeryt><sln:powNazwa>częstochowski</sln:powNazwa><sln:wojIIPId>98a63fe6-1e56-4d05-9c47-ab4233f8a6ff</sln:wojIIPId><sln:wojIIPPn>PL.PZGIK.200</sln:wojIIPPn><sln:wojIIPWersja>2017-10-10T00:00:00+02:00</sln:wojIIPWersja><sln:wojIdTeryt>24</sln:wojIdTeryt><sln:wojNazwa>śląskie</sln:wojNazwa></sln:miejscowosc><sln:miejscowosc><sln:cyklZyciaOd>2014-12-04T00:00:00+01:00</sln:cyklZyciaOd><sln:gmIIPId>5f3a8194-9e7a-40c1-9bdc-8f3d32182932</sln:gmIIPId><sln:gmIIPPn>PL.PZGIK.200</sln:gmIIPPn><sln:gmIIPWersja>2012-09-26T22:29:32+02:00</sln:gmIIPWersja><sln:gmIdTeryt>2404142</sln:gmIdTeryt><sln:gmNazwa>Przyrów</sln:gmNazwa><sln:miejscIIPId>a73daf3a-52ea-4eb8-92d7-4ebf9596ee1a</sln:miejscIIPId><sln:miejscIIPPn>PL.PZGIK.200</sln:miejscIIPPn><sln:miejscIIPWersja>2016-11-24T13:36:19+02:00</sln:miejscIIPWersja><sln:miejscIdTeryt>3010412</sln:miejscIdTeryt><sln:miejscNazwa>Podgórze</sln:miejscNazwa><sln:miejscRodzaj>Inny obiekt</sln:miejscRodzaj><sln:powIIPId>a5fef4e5-9579-460f-84e2-daa56282f29a</sln:powIIPId><sln:powIIPPn>PL.PZGIK.200</sln:powIIPPn><sln:powIIPWersja>2012-09-27T09:34:20+02:00</sln:powIIPWersja><sln:powIdTeryt>2404</sln:powIdTeryt><sln:powNazwa>częstochowski</sln:powNazwa><sln:wojIIPId>98a63fe6-1e56-4d05-9c47-ab4233f8a6ff</sln:wojIIPId><sln:wojIIPPn>PL.PZGIK.200</sln:wojIIPPn><sln:wojIIPWersja>2017-10-10T00:00:00+02:00</sln:wojIIPWersja><sln:wojIdTeryt>24</sln:wojIdTeryt><sln:wojNazwa>śląskie</sln:wojNazwa></sln:miejscowosc><sln:miejscowosc><sln:cyklZyciaOd>2014-12-04T00:00:00+01:00</sln:cyklZyciaOd><sln:gmIIPId>5f3a8194-9e7a-40c1-9bdc-8f3d32182932</sln:gmIIPId><sln:gmIIPPn>PL.PZGIK.200</sln:gmIIPPn><sln:gmIIPWersja>2012-09-26T22:29:32+02:00</sln:gmIIPWersja><sln:gmIdTeryt>2404142</sln:gmIdTeryt><sln:gmNazwa>Przyrów</sln:gmNazwa><sln:miejscIIPId>d517e291-5e00-43d3-b2a3-b8cc7492d598</sln:miejscIIPId><sln:miejscIIPPn>PL.PZGIK.200</sln:miejscIIPPn><sln:miejscIIPWersja>2016-11-24T13:42:16+02:00</sln:miejscIIPWersja><sln:miejscIdTeryt>0143509</sln:miejscIdTeryt><sln:miejscNazwa>Bolesławów</sln:miejscNazwa><sln:miejscRodzaj>Wieś</sln:miejscRodzaj><sln:powIIPId>a5fef4e5-9579-460f-84e2-daa56282f29a</sln:powIIPId><sln:powIIPPn>PL.PZGIK.200</sln:powIIPPn><sln:powIIPWersja>2012-09-27T09:34:20+02:00</sln:powIIPWersja><sln:powIdTeryt>2404</sln:powIdTeryt><sln:powNazwa>częstochowski</sln:powNazwa><sln:wojIIPId>98a63fe6-1e56-4d05-9c47-ab4233f8a6ff</sln:wojIIPId><sln:wojIIPPn>PL.PZGIK.200</sln:wojIIPPn><sln:wojIIPWersja>2017-10-10T00:00:00+02:00</sln:wojIIPWersja><sln:wojIdTeryt>24</sln:wojIdTeryt><sln:wojNazwa>śląskie</sln:wojNazwa></sln:miejscowosc><sln:miejscowosc><sln:cyklZyciaOd>2014-12-04T00:00:00+01:00</sln:cyklZyciaOd><sln:gmIIPId>5f3a8194-9e7a-40c1-9bdc-8f3d32182932</sln:gmIIPId><sln:gmIIPPn>PL.PZGIK.200</sln:gmIIPPn><sln:gmIIPWersja>2012-09-26T22:29:32+02:00</sln:gmIIPWersja><sln:gmIdTeryt>2404142</sln:gmIdTeryt><sln:gmNazwa>Przyrów</sln:gmNazwa><sln:miejscIIPId>6feacebf-3536-4311-9ec6-d3560bcf2f88</sln:miejscIIPId><sln:miejscIIPPn>PL.PZGIK.200</sln:miejscIIPPn><sln:miejscIIPWersja>2016-11-24T13:38:27+02:00</sln:miejscIIPWersja><sln:miejscIdTeryt>0143490</sln:miejscIdTeryt><sln:miejscNazwa>Aleksandrówka</sln:miejscNazwa><sln:miejscRodzaj>Wieś</sln:miejscRodzaj><sln:powIIPId>a5fef4e5-9579-460f-84e2-daa56282f29a</sln:powIIPId><sln:powIIPPn>PL.PZGIK.200</sln:powIIPPn><sln:powIIPWersja>2012-09-27T09:34:20+02:00</sln:powIIPWersja><sln:powIdTeryt>2404</sln:powIdTeryt><sln:powNazwa>częstochowski</sln:powNazwa><sln:wojIIPId>98a63fe6-1e56-4d05-9c47-ab4233f8a6ff</sln:wojIIPId><sln:wojIIPPn>PL.PZGIK.200</sln:wojIIPPn><sln:wojIIPWersja>2017-10-10T00:00:00+02:00</sln:wojIIPWersja><sln:wojIdTeryt>24</sln:wojIdTeryt><sln:wojNazwa>śląskie</sln:wojNazwa></sln:miejscowosc><sln:miejscowosc><sln:cyklZyciaOd>2014-12-04T00:00:00+01:00</sln:cyklZyciaOd><sln:gmIIPId>5f3a8194-9e7a-40c1-9bdc-8f3d32182932</sln:gmIIPId><sln:gmIIPPn>PL.PZGIK.200</sln:gmIIPPn><sln:gmIIPWersja>2012-09-26T22:29:32+02:00</sln:gmIIPWersja><sln:gmIdTeryt>2404142</sln:gmIdTeryt><sln:gmNazwa>Przyrów</sln:gmNazwa><sln:miejscIIPId>c8baaee5-0177-4751-8db6-6ae7992cac88</sln:miejscIIPId><sln:miejscIIPPn>PL.PZGIK.200</sln:miejscIIPPn><sln:miejscIIPWersja>2016-11-24T13:31:52+02:00</sln:miejscIIPWersja><sln:miejscIdTeryt>0143627</sln:miejscIdTeryt><sln:miejscNazwa>Sygontka</sln:miejscNazwa><sln:miejscRodzaj>Wieś</sln:miejscRodzaj><sln:powIIPId>a5fef4e5-9579-460f-84e2-daa56282f29a</sln:powIIPId><sln:powIIPPn>PL.PZGIK.200</sln:powIIPPn><sln:powIIPWersja>2012-09-27T09:34:20+02:00</sln:powIIPWersja><sln:powIdTeryt>2404</sln:powIdTeryt><sln:powNazwa>częstochowski</sln:powNazwa><sln:wojIIPId>98a63fe6-1e56-4d05-9c47-ab4233f8a6ff</sln:wojIIPId><sln:wojIIPPn>PL.PZGIK.200</sln:wojIIPPn><sln:wojIIPWersja>2017-10-10T00:00:00+02:00</sln:wojIIPWersja><sln:wojIdTeryt>24</sln:wojIdTeryt><sln:wojNazwa>śląskie</sln:wojNazwa></sln:miejscowosc><sln:miejscowosc><sln:cyklZyciaOd>2015-07-02T00:00:00+02:00</sln:cyklZyciaOd><sln:gmIIPId>5f3a8194-9e7a-40c1-9bdc-8f3d32182932</sln:gmIIPId><sln:gmIIPPn>PL.PZGIK.200</sln:gmIIPPn><sln:gmIIPWersja>2012-09-26T22:29:32+02:00</sln:gmIIPWersja><sln:gmIdTeryt>2404142</sln:gmIdTeryt><sln:gmNazwa>Przyrów</sln:gmNazwa><sln:miejscIIPId>2f1b3330-a99a-44c0-bda4-f5962f3fb52f</sln:miejscIIPId><sln:miejscIIPPn>PL.PZGIK.200</sln:miejscIIPPn><sln:miejscIIPWersja>2016-11-24T13:34:17+02:00</sln:miejscIIPWersja><sln:miejscIdTeryt>0143662</sln:miejscIdTeryt><sln:miejscNazwa>Zalesice</sln:miejscNazwa><sln:miejscRodzaj>Wieś</sln:miejscRodzaj><sln:powIIPId>a5fef4e5-9579-460f-84e2-daa56282f29a</sln:powIIPId><sln:powIIPPn>PL.PZGIK.200</sln:powIIPPn><sln:powIIPWersja>2012-09-27T09:34:20+02:00</sln:powIIPWersja><sln:powIdTeryt>2404</sln:powIdTeryt><sln:powNazwa>częstochowski</sln:powNazwa><sln:wojIIPId>98a63fe6-1e56-4d05-9c47-ab4233f8a6ff</sln:wojIIPId><sln:wojIIPPn>PL.PZGIK.200</sln:wojIIPPn><sln:wojIIPWersja>2017-10-10T00:00:00+02:00</sln:wojIIPWersja><sln:wojIdTeryt>24</sln:wojIdTeryt><sln:wojNazwa>śląskie</sln:wojNazwa></sln:miejscowosc><sln:miejscowosc><sln:cyklZyciaOd>2014-12-04T00:00:00+01:00</sln:cyklZyciaOd><sln:gmIIPId>5f3a8194-9e7a-40c1-9bdc-8f3d32182932</sln:gmIIPId><sln:gmIIPPn>PL.PZGIK.200</sln:gmIIPPn><sln:gmIIPWersja>2012-09-26T22:29:32+02:00</sln:gmIIPWersja><sln:gmIdTeryt>2404142</sln:gmIdTeryt><sln:gmNazwa>Przyrów</sln:gmNazwa><sln:miejscIIPId>587ae1c1-5224-4fa0-a07a-7c28585dad9b</sln:miejscIIPId><sln:miejscIIPPn>PL.PZGIK.200</sln:miejscIIPPn><sln:miejscIIPWersja>2016-11-24T13:47:12+02:00</sln:miejscIIPWersja><sln:miejscIdTeryt>1003851</sln:miejscIdTeryt><sln:miejscNazwa>Czerniczno</sln:miejscNazwa><sln:miejscRodzaj>Gajówka</sln:miejscRodzaj><sln:powIIPId>a5fef4e5-9579-460f-84e2-daa56282f29a</sln:powIIPId><sln:powIIPPn>PL.PZGIK.200</sln:powIIPPn><sln:powIIPWersja>2012-09-27T09:34:20+02:00</sln:powIIPWersja><sln:powIdTeryt>2404</sln:powIdTeryt><sln:powNazwa>częstochowski</sln:powNazwa><sln:wojIIPId>98a63fe6-1e56-4d05-9c47-ab4233f8a6ff</sln:wojIIPId><sln:wojIIPPn>PL.PZGIK.200</sln:wojIIPPn><sln:wojIIPWersja>2017-10-10T00:00:00+02:00</sln:wojIIPWersja><sln:wojIdTeryt>24</sln:wojIdTeryt><sln:wojNazwa>śląskie</sln:wojNazwa></sln:miejscowosc><sln:miejscowosc><sln:cyklZyciaOd>2014-12-04T00:00:00+01:00</sln:cyklZyciaOd><sln:gmIIPId>5f3a8194-9e7a-40c1-9bdc-8f3d32182932</sln:gmIIPId><sln:gmIIPPn>PL.PZGIK.200</sln:gmIIPPn><sln:gmIIPWersja>2012-09-26T22:29:32+02:00</sln:gmIIPWersja><sln:gmIdTeryt>2404142</sln:gmIdTeryt><sln:gmNazwa>Przyrów</sln:gmNazwa><sln:miejscIIPId>c87a168f-376f-4b4d-997b-cd776e441ee9</sln:miejscIIPId><sln:miejscIIPPn>PL.PZGIK.200</sln:miejscIIPPn><sln:miejscIIPWersja>2016-11-24T13:47:12+02:00</sln:miejscIIPWersja><sln:miejscIdTeryt>0143596</sln:miejscIdTeryt><sln:miejscNazwa>Stawki</sln:miejscNazwa><sln:miejscRodzaj>Leśniczówka</sln:miejscRodzaj><sln:powIIPId>a5fef4e5-9579-460f-84e2-daa56282f29a</sln:powIIPId><sln:powIIPPn>PL.PZGIK.200</sln:powIIPPn><sln:powIIPWersja>2012-09-27T09:34:20+02:00</sln:powIIPWersja><sln:powIdTeryt>2404</sln:powIdTeryt><sln:powNazwa>częstochowski</sln:powNazwa><sln:wojIIPId>98a63fe6-1e56-4d05-9c47-ab4233f8a6ff</sln:wojIIPId><sln:wojIIPPn>PL.PZGIK.200</sln:wojIIPPn><sln:wojIIPWersja>2017-10-10T00:00:00+02:00</sln:wojIIPWersja><sln:wojIdTeryt>24</sln:wojIdTeryt><sln:wojNazwa>śląskie</sln:wojNazwa></sln:miejscowosc><sln:miejscowosc><sln:cyklZyciaOd>2014-12-04T00:00:00+01:00</sln:cyklZyciaOd><sln:gmIIPId>5f3a8194-9e7a-40c1-9bdc-8f3d32182932</sln:gmIIPId><sln:gmIIPPn>PL.PZGIK.200</sln:gmIIPPn><sln:gmIIPWersja>2012-09-26T22:29:32+02:00</sln:gmIIPWersja><sln:gmIdTeryt>2404142</sln:gmIdTeryt><sln:gmNazwa>Przyrów</sln:gmNazwa><sln:miejscIIPId>9970c60b-0f11-432c-bbb4-9ece4513a86e</sln:miejscIIPId><sln:miejscIIPPn>PL.PZGIK.200</sln:miejscIIPPn><sln:miejscIIPWersja>2016-11-24T13:36:19+02:00</sln:miejscIIPWersja><sln:miejscIdTeryt>3010494</sln:miejscIdTeryt><sln:miejscNazwa>Skałka Krasicka</sln:miejscNazwa><sln:miejscRodzaj>Inny obiekt</sln:miejscRodzaj><sln:powIIPId>a5fef4e5-9579-460f-84e2-daa56282f29a</sln:powIIPId><sln:powIIPPn>PL.PZGIK.200</sln:powIIPPn><sln:powIIPWersja>2012-09-27T09:34:20+02:00</sln:powIIPWersja><sln:powIdTeryt>2404</sln:powIdTeryt><sln:powNazwa>częstochowski</sln:powNazwa><sln:wojIIPId>98a63fe6-1e56-4d05-9c47-ab4233f8a6ff</sln:wojIIPId><sln:wojIIPPn>PL.PZGIK.200</sln:wojIIPPn><sln:wojIIPWersja>2017-10-10T00:00:00+02:00</sln:wojIIPWersja><sln:wojIdTeryt>24</sln:wojIdTeryt><sln:wojNazwa>śląskie</sln:wojNazwa></sln:miejscowosc><sln:miejscowosc><sln:cyklZyciaOd>2014-12-04T00:00:00+01:00</sln:cyklZyciaOd><sln:gmIIPId>5f3a8194-9e7a-40c1-9bdc-8f3d32182932</sln:gmIIPId><sln:gmIIPPn>PL.PZGIK.200</sln:gmIIPPn><sln:gmIIPWersja>2012-09-26T22:29:32+02:00</sln:gmIIPWersja><sln:gmIdTeryt>2404142</sln:gmIdTeryt><sln:gmNazwa>Przyrów</sln:gmNazwa><sln:miejscIIPId>260624d7-cd04-4497-9ded-13b55194eef3</sln:miejscIIPId><sln:miejscIIPPn>PL.PZGIK.200</sln:miejscIIPPn><sln:miejscIIPWersja>2016-11-24T13:29:16+02:00</sln:miejscIIPWersja><sln:miejscIdTeryt>0143550</sln:miejscIdTeryt><sln:miejscNazwa>Przyrów</sln:miejscNazwa><sln:miejscRodzaj>Wieś</sln:miejscRodzaj><sln:powIIPId>a5fef4e5-9579-460f-84e2-daa56282f29a</sln:powIIPId><sln:powIIPPn>PL.PZGIK.200</sln:powIIPPn><sln:powIIPWersja>2012-09-27T09:34:20+02:00</sln:powIIPWersja><sln:powIdTeryt>2404</sln:powIdTeryt><sln:powNazwa>częstochowski</sln:powNazwa><sln:wojIIPId>98a63fe6-1e56-4d05-9c47-ab4233f8a6ff</sln:wojIIPId><sln:wojIIPPn>PL.PZGIK.200</sln:wojIIPPn><sln:wojIIPWersja>2017-10-10T00:00:00+02:00</sln:wojIIPWersja><sln:wojIdTeryt>24</sln:wojIdTeryt><sln:wojNazwa>śląskie</sln:wojNazwa></sln:miejscowosc><sln:miejscowosc><sln:cyklZyciaDo>2015-07-02T00:00:00+02:00</sln:cyklZyciaDo><sln:cyklZyciaOd>2014-12-04T00:00:00+01:00</sln:cyklZyciaOd><sln:gmIIPId>5f3a8194-9e7a-40c1-9bdc-8f3d32182932</sln:gmIIPId><sln:gmIIPPn>PL.PZGIK.200</sln:gmIIPPn><sln:gmIIPWersja>2012-09-26T22:29:32+02:00</sln:gmIIPWersja><sln:gmIdTeryt>2404142</sln:gmIdTeryt><sln:gmNazwa>Przyrów</sln:gmNazwa><sln:miejscIIPId>7316af4c-0d96-4fb1-ad74-c4ad1ee0e060</sln:miejscIIPId><sln:miejscIIPPn>PL.PZGIK.200</sln:miejscIIPPn><sln:miejscIIPWersja>2016-11-24T13:50:56+02:00</sln:miejscIIPWersja><sln:miejscIdTeryt>0143679</sln:miejscIdTeryt><sln:miejscNazwa>Zalesice-Leśniczówka</sln:miejscNazwa><sln:miejscRodzaj>Leśniczówka</sln:miejscRodzaj><sln:powIIPId>a5fef4e5-9579-460f-84e2-daa56282f29a</sln:powIIPId><sln:powIIPPn>PL.PZGIK.200</sln:powIIPPn><sln:powIIPWersja>2012-09-27T09:34:20+02:00</sln:powIIPWersja><sln:powIdTeryt>2404</sln:powIdTeryt><sln:powNazwa>częstochowski</sln:powNazwa><sln:wojIIPId>98a63fe6-1e56-4d05-9c47-ab4233f8a6ff</sln:wojIIPId><sln:wojIIPPn>PL.PZGIK.200</sln:wojIIPPn><sln:wojIIPWersja>2017-10-10T00:00:00+02:00</sln:wojIIPWersja><sln:wojIdTeryt>24</sln:wojIdTeryt><sln:wojNazwa>śląskie</sln:wojNazwa></sln:miejscowosc><sln:miejscowosc><sln:cyklZyciaDo>2015-07-02T00:00:00+02:00</sln:cyklZyciaDo><sln:cyklZyciaOd>2014-12-04T00:00:00+01:00</sln:cyklZyciaOd><sln:gmIIPId>5f3a8194-9e7a-40c1-9bdc-8f3d32182932</sln:gmIIPId><sln:gmIIPPn>PL.PZGIK.200</sln:gmIIPPn><sln:gmIIPWersja>2012-09-26T22:29:32+02:00</sln:gmIIPWersja><sln:gmIdTeryt>2404142</sln:gmIdTeryt><sln:gmNazwa>Przyrów</sln:gmNazwa><sln:miejscIIPId>2f1b3330-a99a-44c0-bda4-f5962f3fb52f</sln:miejscIIPId><sln:miejscIIPPn>PL.PZGIK.200</sln:miejscIIPPn><sln:miejscIIPWersja>2016-11-24T13:34:18+02:00</sln:miejscIIPWersja><sln:miejscIdTeryt>0143662</sln:miejscIdTeryt><sln:miejscNazwa>Zalesice</sln:miejscNazwa><sln:miejscRodzaj>Wieś</sln:miejscRodzaj><sln:powIIPId>a5fef4e5-9579-460f-84e2-daa56282f29a</sln:powIIPId><sln:powIIPPn>PL.PZGIK.200</sln:powIIPPn><sln:powIIPWersja>2012-09-27T09:34:20+02:00</sln:powIIPWersja><sln:powIdTeryt>2404</sln:powIdTeryt><sln:powNazwa>częstochowski</sln:powNazwa><sln:wojIIPId>98a63fe6-1e56-4d05-9c47-ab4233f8a6ff</sln:wojIIPId><sln:wojIIPPn>PL.PZGIK.200</sln:wojIIPPn><sln:wojIIPWersja>2017-10-10T00:00:00+02:00</sln:wojIIPWersja><sln:wojIdTeryt>24</sln:wojIdTeryt><sln:wojNazwa>śląskie</sln:wojNazwa></sln:miejscowosc></sln:lista-miejscowosci>