<?xml version="1.0" encoding="UTF-8" standalone="yes"?><sln:lista-miejscowosci xmlns:srv="http://gugik.gov.pl/schemas/slowniki-service/1.0" xmlns:sln="http://gugik.gov.pl/schemas/slowniki-schema/1.0"><sln:miejscowosc><sln:cyklZyciaOd>2014-10-08T00:00:00+02:00</sln:cyklZyciaOd><sln:gmIIPId>010c5759-03b7-474f-ae98-ee5c2a9caadc</sln:gmIIPId><sln:gmIIPPn>PL.PZGIK.200</sln:gmIIPPn><sln:gmIIPWersja>2012-09-26T22:26:02+02:00</sln:gmIIPWersja><sln:gmIdTeryt>2410032</sln:gmIdTeryt><sln:gmNazwa>Miedźna</sln:gmNazwa><sln:miejscIIPId>e6e84852-036c-4489-9677-2fe1e21f4036</sln:miejscIIPId><sln:miejscIIPPn>PL.PZGIK.200</sln:miejscIIPPn><sln:miejscIIPWersja>2016-11-24T13:57:45+02:00</sln:miejscIIPWersja><sln:miejscIdTeryt>0217113</sln:miejscIdTeryt><sln:miejscNazwa>Matuszowiec</sln:miejscNazwa><sln:miejscRodzaj>Przysiółek</sln:miejscRodzaj><sln:powIIPId>d9c414e5-ae38-4073-83e4-9e3cfb5add82</sln:powIIPId><sln:powIIPPn>PL.PZGIK.200</sln:powIIPPn><sln:powIIPWersja>2012-09-27T09:34:20+02:00</sln:powIIPWersja><sln:powIdTeryt>2410</sln:powIdTeryt><sln:powNazwa>pszczyński</sln:powNazwa><sln:wojIIPId>98a63fe6-1e56-4d05-9c47-ab4233f8a6ff</sln:wojIIPId><sln:wojIIPPn>PL.PZGIK.200</sln:wojIIPPn><sln:wojIIPWersja>2017-10-10T00:00:00+02:00</sln:wojIIPWersja><sln:wojIdTeryt>24</sln:wojIdTeryt><sln:wojNazwa>śląskie</sln:wojNazwa></sln:miejscowosc><sln:miejscowosc><sln:cyklZyciaOd>2014-10-08T00:00:00+02:00</sln:cyklZyciaOd><sln:gmIIPId>010c5759-03b7-474f-ae98-ee5c2a9caadc</sln:gmIIPId><sln:gmIIPPn>PL.PZGIK.200</sln:gmIIPPn><sln:gmIIPWersja>2012-09-26T22:26:02+02:00</sln:gmIIPWersja><sln:gmIdTeryt>2410032</sln:gmIdTeryt><sln:gmNazwa>Miedźna</sln:gmNazwa><sln:miejscIIPId>756dae3f-9c46-488f-bdd0-d6de91d7d4de</sln:miejscIIPId><sln:miejscIIPPn>PL.PZGIK.200</sln:miejscIIPPn><sln:miejscIIPWersja>2016-11-24T13:54:15+02:00</sln:miejscIIPWersja><sln:miejscIdTeryt>0217030</sln:miejscIdTeryt><sln:miejscNazwa>Polna</sln:miejscNazwa><sln:miejscRodzaj>Inny obiekt</sln:miejscRodzaj><sln:powIIPId>d9c414e5-ae38-4073-83e4-9e3cfb5add82</sln:powIIPId><sln:powIIPPn>PL.PZGIK.200</sln:powIIPPn><sln:powIIPWersja>2012-09-27T09:34:20+02:00</sln:powIIPWersja><sln:powIdTeryt>2410</sln:powIdTeryt><sln:powNazwa>pszczyński</sln:powNazwa><sln:wojIIPId>98a63fe6-1e56-4d05-9c47-ab4233f8a6ff</sln:wojIIPId><sln:wojIIPPn>PL.PZGIK.200</sln:wojIIPPn><sln:wojIIPWersja>2017-10-10T00:00:00+02:00</sln:wojIIPWersja><sln:wojIdTeryt>24</sln:wojIdTeryt><sln:wojNazwa>śląskie</sln:wojNazwa></sln:miejscowosc><sln:miejscowosc><sln:cyklZyciaOd>2014-10-08T00:00:00+02:00</sln:cyklZyciaOd><sln:gmIIPId>010c5759-03b7-474f-ae98-ee5c2a9caadc</sln:gmIIPId><sln:gmIIPPn>PL.PZGIK.200</sln:gmIIPPn><sln:gmIIPWersja>2012-09-26T22:26:02+02:00</sln:gmIIPWersja><sln:gmIdTeryt>2410032</sln:gmIdTeryt><sln:gmNazwa>Miedźna</sln:gmNazwa><sln:miejscIIPId>1a2dcb87-307a-4c74-b698-e7e500bef43e</sln:miejscIIPId><sln:miejscIIPPn>PL.PZGIK.200</sln:miejscIIPPn><sln:miejscIIPWersja>2016-11-24T13:54:15+02:00</sln:miejscIIPWersja><sln:miejscIdTeryt>0217047</sln:miejscIdTeryt><sln:miejscNazwa>Poznań</sln:miejscNazwa><sln:miejscRodzaj>Inny obiekt</sln:miejscRodzaj><sln:powIIPId>d9c414e5-ae38-4073-83e4-9e3cfb5add82</sln:powIIPId><sln:powIIPPn>PL.PZGIK.200</sln:powIIPPn><sln:powIIPWersja>2012-09-27T09:34:20+02:00</sln:powIIPWersja><sln:powIdTeryt>2410</sln:powIdTeryt><sln:powNazwa>pszczyński</sln:powNazwa><sln:wojIIPId>98a63fe6-1e56-4d05-9c47-ab4233f8a6ff</sln:wojIIPId><sln:wojIIPPn>PL.PZGIK.200</sln:wojIIPPn><sln:wojIIPWersja>2017-10-10T00:00:00+02:00</sln:wojIIPWersja><sln:wojIdTeryt>24</sln:wojIdTeryt><sln:wojNazwa>śląskie</sln:wojNazwa></sln:miejscowosc><sln:miejscowosc><sln:cyklZyciaOd>2014-10-08T00:00:00+02:00</sln:cyklZyciaOd><sln:gmIIPId>010c5759-03b7-474f-ae98-ee5c2a9caadc</sln:gmIIPId><sln:gmIIPPn>PL.PZGIK.200</sln:gmIIPPn><sln:gmIIPWersja>2012-09-26T22:26:02+02:00</sln:gmIIPWersja><sln:gmIdTeryt>2410032</sln:gmIdTeryt><sln:gmNazwa>Miedźna</sln:gmNazwa><sln:miejscIIPId>24819dc6-d6c6-4443-a123-68194ddc8b9c</sln:miejscIIPId><sln:miejscIIPPn>PL.PZGIK.200</sln:miejscIIPPn><sln:miejscIIPWersja>2016-11-24T13:54:15+02:00</sln:miejscIIPWersja><sln:miejscIdTeryt>0217060</sln:miejscIdTeryt><sln:miejscNazwa>Zawadka</sln:miejscNazwa><sln:miejscRodzaj>Przysiółek</sln:miejscRodzaj><sln:powIIPId>d9c414e5-ae38-4073-83e4-9e3cfb5add82</sln:powIIPId><sln:powIIPPn>PL.PZGIK.200</sln:powIIPPn><sln:powIIPWersja>2012-09-27T09:34:20+02:00</sln:powIIPWersja><sln:powIdTeryt>2410</sln:powIdTeryt><sln:powNazwa>pszczyński</sln:powNazwa><sln:wojIIPId>98a63fe6-1e56-4d05-9c47-ab4233f8a6ff</sln:wojIIPId><sln:wojIIPPn>PL.PZGIK.200</sln:wojIIPPn><sln:wojIIPWersja>2017-10-10T00:00:00+02:00</sln:wojIIPWersja><sln:wojIdTeryt>24</sln:wojIdTeryt><sln:wojNazwa>śląskie</sln:wojNazwa></sln:miejscowosc><sln:miejscowosc><sln:cyklZyciaOd>2014-10-08T00:00:00+02:00</sln:cyklZyciaOd><sln:gmIIPId>010c5759-03b7-474f-ae98-ee5c2a9caadc</sln:gmIIPId><sln:gmIIPPn>PL.PZGIK.200</sln:gmIIPPn><sln:gmIIPWersja>2012-09-26T22:26:02+02:00</sln:gmIIPWersja><sln:gmIdTeryt>2410032</sln:gmIdTeryt><sln:gmNazwa>Miedźna</sln:gmNazwa><sln:miejscIIPId>80f67ea5-406f-4167-8944-522a3c2c3d19</sln:miejscIIPId><sln:miejscIIPPn>PL.PZGIK.200</sln:miejscIIPPn><sln:miejscIIPWersja>2016-11-24T13:57:45+02:00</sln:miejscIIPWersja><sln:miejscIdTeryt>0217099</sln:miejscIdTeryt><sln:miejscNazwa>Bodzów</sln:miejscNazwa><sln:miejscRodzaj>Przysiółek</sln:miejscRodzaj><sln:powIIPId>d9c414e5-ae38-4073-83e4-9e3cfb5add82</sln:powIIPId><sln:powIIPPn>PL.PZGIK.200</sln:powIIPPn><sln:powIIPWersja>2012-09-27T09:34:20+02:00</sln:powIIPWersja><sln:powIdTeryt>2410</sln:powIdTeryt><sln:powNazwa>pszczyński</sln:powNazwa><sln:wojIIPId>98a63fe6-1e56-4d05-9c47-ab4233f8a6ff</sln:wojIIPId><sln:wojIIPPn>PL.PZGIK.200</sln:wojIIPPn><sln:wojIIPWersja>2017-10-10T00:00:00+02:00</sln:wojIIPWersja><sln:wojIdTeryt>24</sln:wojIdTeryt><sln:wojNazwa>śląskie</sln:wojNazwa></sln:miejscowosc><sln:miejscowosc><sln:cyklZyciaOd>2014-10-08T00:00:00+02:00</sln:cyklZyciaOd><sln:gmIIPId>010c5759-03b7-474f-ae98-ee5c2a9caadc</sln:gmIIPId><sln:gmIIPPn>PL.PZGIK.200</sln:gmIIPPn><sln:gmIIPWersja>2012-09-26T22:26:02+02:00</sln:gmIIPWersja><sln:gmIdTeryt>2410032</sln:gmIdTeryt><sln:gmNazwa>Miedźna</sln:gmNazwa><sln:miejscIIPId>e2afec71-0682-4967-a56e-a6b105d35eec</sln:miejscIIPId><sln:miejscIIPPn>PL.PZGIK.200</sln:miejscIIPPn><sln:miejscIIPWersja>2016-11-24T13:54:15+02:00</sln:miejscIIPWersja><sln:miejscIdTeryt>0217053</sln:miejscIdTeryt><sln:miejscNazwa>Zielonkówka</sln:miejscNazwa><sln:miejscRodzaj>Inny obiekt</sln:miejscRodzaj><sln:powIIPId>d9c414e5-ae38-4073-83e4-9e3cfb5add82</sln:powIIPId><sln:powIIPPn>PL.PZGIK.200</sln:powIIPPn><sln:powIIPWersja>2012-09-27T09:34:20+02:00</sln:powIIPWersja><sln:powIdTeryt>2410</sln:powIdTeryt><sln:powNazwa>pszczyński</sln:powNazwa><sln:wojIIPId>98a63fe6-1e56-4d05-9c47-ab4233f8a6ff</sln:wojIIPId><sln:wojIIPPn>PL.PZGIK.200</sln:wojIIPPn><sln:wojIIPWersja>2017-10-10T00:00:00+02:00</sln:wojIIPWersja><sln:wojIdTeryt>24</sln:wojIdTeryt><sln:wojNazwa>śląskie</sln:wojNazwa></sln:miejscowosc><sln:miejscowosc><sln:cyklZyciaOd>2014-10-08T00:00:00+02:00</sln:cyklZyciaOd><sln:gmIIPId>010c5759-03b7-474f-ae98-ee5c2a9caadc</sln:gmIIPId><sln:gmIIPPn>PL.PZGIK.200</sln:gmIIPPn><sln:gmIIPWersja>2012-09-26T22:26:02+02:00</sln:gmIIPWersja><sln:gmIdTeryt>2410032</sln:gmIdTeryt><sln:gmNazwa>Miedźna</sln:gmNazwa><sln:miejscIIPId>ee0cca11-fecc-4a8c-be58-6077682886f4</sln:miejscIIPId><sln:miejscIIPPn>PL.PZGIK.200</sln:miejscIIPPn><sln:miejscIIPWersja>2016-11-24T13:42:13+02:00</sln:miejscIIPWersja><sln:miejscIdTeryt>0217082</sln:miejscIdTeryt><sln:miejscNazwa>Miedźna</sln:miejscNazwa><sln:miejscRodzaj>Wieś</sln:miejscRodzaj><sln:powIIPId>d9c414e5-ae38-4073-83e4-9e3cfb5add82</sln:powIIPId><sln:powIIPPn>PL.PZGIK.200</sln:powIIPPn><sln:powIIPWersja>2012-09-27T09:34:20+02:00</sln:powIIPWersja><sln:powIdTeryt>2410</sln:powIdTeryt><sln:powNazwa>pszczyński</sln:powNazwa><sln:wojIIPId>98a63fe6-1e56-4d05-9c47-ab4233f8a6ff</sln:wojIIPId><sln:wojIIPPn>PL.PZGIK.200</sln:wojIIPPn><sln:wojIIPWersja>2017-10-10T00:00:00+02:00</sln:wojIIPWersja><sln:wojIdTeryt>24</sln:wojIdTeryt><sln:wojNazwa>śląskie</sln:wojNazwa></sln:miejscowosc><sln:miejscowosc><sln:cyklZyciaOd>2014-10-08T00:00:00+02:00</sln:cyklZyciaOd><sln:gmIIPId>010c5759-03b7-474f-ae98-ee5c2a9caadc</sln:gmIIPId><sln:gmIIPPn>PL.PZGIK.200</sln:gmIIPPn><sln:gmIIPWersja>2012-09-26T22:26:02+02:00</sln:gmIIPWersja><sln:gmIdTeryt>2410032</sln:gmIdTeryt><sln:gmNazwa>Miedźna</sln:gmNazwa><sln:miejscIIPId>302a4983-4484-4f7c-923e-e79f7204a8b0</sln:miejscIIPId><sln:miejscIIPPn>PL.PZGIK.200</sln:miejscIIPPn><sln:miejscIIPWersja>2016-11-24T13:54:15+02:00</sln:miejscIIPWersja><sln:miejscIdTeryt>0217018</sln:miejscIdTeryt><sln:miejscNazwa>Dąbrowa</sln:miejscNazwa><sln:miejscRodzaj>Inny obiekt</sln:miejscRodzaj><sln:powIIPId>d9c414e5-ae38-4073-83e4-9e3cfb5add82</sln:powIIPId><sln:powIIPPn>PL.PZGIK.200</sln:powIIPPn><sln:powIIPWersja>2012-09-27T09:34:20+02:00</sln:powIIPWersja><sln:powIdTeryt>2410</sln:powIdTeryt><sln:powNazwa>pszczyński</sln:powNazwa><sln:wojIIPId>98a63fe6-1e56-4d05-9c47-ab4233f8a6ff</sln:wojIIPId><sln:wojIIPPn>PL.PZGIK.200</sln:wojIIPPn><sln:wojIIPWersja>2017-10-10T00:00:00+02:00</sln:wojIIPWersja><sln:wojIdTeryt>24</sln:wojIdTeryt><sln:wojNazwa>śląskie</sln:wojNazwa></sln:miejscowosc><sln:miejscowosc><sln:cyklZyciaOd>2014-10-08T00:00:00+02:00</sln:cyklZyciaOd><sln:gmIIPId>010c5759-03b7-474f-ae98-ee5c2a9caadc</sln:gmIIPId><sln:gmIIPPn>PL.PZGIK.200</sln:gmIIPPn><sln:gmIIPWersja>2012-09-26T22:26:02+02:00</sln:gmIIPWersja><sln:gmIdTeryt>2410032</sln:gmIdTeryt><sln:gmNazwa>Miedźna</sln:gmNazwa><sln:miejscIIPId>881d5d87-d6e0-403a-bbf1-28ba8b829c6c</sln:miejscIIPId><sln:miejscIIPPn>PL.PZGIK.200</sln:miejscIIPPn><sln:miejscIIPWersja>2016-11-24T13:36:25+02:00</sln:miejscIIPWersja><sln:miejscIdTeryt>3010758</sln:miejscIdTeryt><sln:miejscNazwa>Kolonia Miedźna</sln:miejscNazwa><sln:miejscRodzaj>Inny obiekt</sln:miejscRodzaj><sln:powIIPId>d9c414e5-ae38-4073-83e4-9e3cfb5add82</sln:powIIPId><sln:powIIPPn>PL.PZGIK.200</sln:powIIPPn><sln:powIIPWersja>2012-09-27T09:34:20+02:00</sln:powIIPWersja><sln:powIdTeryt>2410</sln:powIdTeryt><sln:powNazwa>pszczyński</sln:powNazwa><sln:wojIIPId>98a63fe6-1e56-4d05-9c47-ab4233f8a6ff</sln:wojIIPId><sln:wojIIPPn>PL.PZGIK.200</sln:wojIIPPn><sln:wojIIPWersja>2017-10-10T00:00:00+02:00</sln:wojIIPWersja><sln:wojIdTeryt>24</sln:wojIdTeryt><sln:wojNazwa>śląskie</sln:wojNazwa></sln:miejscowosc><sln:miejscowosc><sln:cyklZyciaOd>2014-10-08T00:00:00+02:00</sln:cyklZyciaOd><sln:gmIIPId>010c5759-03b7-474f-ae98-ee5c2a9caadc</sln:gmIIPId><sln:gmIIPPn>PL.PZGIK.200</sln:gmIIPPn><sln:gmIIPWersja>2012-09-26T22:26:02+02:00</sln:gmIIPWersja><sln:gmIdTeryt>2410032</sln:gmIdTeryt><sln:gmNazwa>Miedźna</sln:gmNazwa><sln:miejscIIPId>76816d09-93d9-4e09-9a1e-c9e204a0f70d</sln:miejscIIPId><sln:miejscIIPPn>PL.PZGIK.200</sln:miejscIIPPn><sln:miejscIIPWersja>2016-11-24T13:54:15+02:00</sln:miejscIIPWersja><sln:miejscIdTeryt>0217024</sln:miejscIdTeryt><sln:miejscNazwa>Piaski</sln:miejscNazwa><sln:miejscRodzaj>Inny obiekt</sln:miejscRodzaj><sln:powIIPId>d9c414e5-ae38-4073-83e4-9e3cfb5add82</sln:powIIPId><sln:powIIPPn>PL.PZGIK.200</sln:powIIPPn><sln:powIIPWersja>2012-09-27T09:34:20+02:00</sln:powIIPWersja><sln:powIdTeryt>2410</sln:powIdTeryt><sln:powNazwa>pszczyński</sln:powNazwa><sln:wojIIPId>98a63fe6-1e56-4d05-9c47-ab4233f8a6ff</sln:wojIIPId><sln:wojIIPPn>PL.PZGIK.200</sln:wojIIPPn><sln:wojIIPWersja>2017-10-10T00:00:00+02:00</sln:wojIIPWersja><sln:wojIdTeryt>24</sln:wojIdTeryt><sln:wojNazwa>śląskie</sln:wojNazwa></sln:miejscowosc><sln:miejscowosc><sln:cyklZyciaOd>2014-10-08T00:00:00+02:00</sln:cyklZyciaOd><sln:gmIIPId>010c5759-03b7-474f-ae98-ee5c2a9caadc</sln:gmIIPId><sln:gmIIPPn>PL.PZGIK.200</sln:gmIIPPn><sln:gmIIPWersja>2012-09-26T22:26:02+02:00</sln:gmIIPWersja><sln:gmIdTeryt>2410032</sln:gmIdTeryt><sln:gmNazwa>Miedźna</sln:gmNazwa><sln:miejscIIPId>0d497942-9693-42a0-b323-b08e6021a0e6</sln:miejscIIPId><sln:miejscIIPPn>PL.PZGIK.200</sln:miejscIIPPn><sln:miejscIIPWersja>2016-11-24T13:37:37+02:00</sln:miejscIIPWersja><sln:miejscIdTeryt>0216993</sln:miejscIdTeryt><sln:miejscNazwa>Góra</sln:miejscNazwa><sln:miejscRodzaj>Wieś</sln:miejscRodzaj><sln:powIIPId>d9c414e5-ae38-4073-83e4-9e3cfb5add82</sln:powIIPId><sln:powIIPPn>PL.PZGIK.200</sln:powIIPPn><sln:powIIPWersja>2012-09-27T09:34:20+02:00</sln:powIIPWersja><sln:powIdTeryt>2410</sln:powIdTeryt><sln:powNazwa>pszczyński</sln:powNazwa><sln:wojIIPId>98a63fe6-1e56-4d05-9c47-ab4233f8a6ff</sln:wojIIPId><sln:wojIIPPn>PL.PZGIK.200</sln:wojIIPPn><sln:wojIIPWersja>2017-10-10T00:00:00+02:00</sln:wojIIPWersja><sln:wojIdTeryt>24</sln:wojIdTeryt><sln:wojNazwa>śląskie</sln:wojNazwa></sln:miejscowosc><sln:miejscowosc><sln:cyklZyciaOd>2014-10-08T00:00:00+02:00</sln:cyklZyciaOd><sln:gmIIPId>010c5759-03b7-474f-ae98-ee5c2a9caadc</sln:gmIIPId><sln:gmIIPPn>PL.PZGIK.200</sln:gmIIPPn><sln:gmIIPWersja>2012-09-26T22:26:02+02:00</sln:gmIIPWersja><sln:gmIdTeryt>2410032</sln:gmIdTeryt><sln:gmNazwa>Miedźna</sln:gmNazwa><sln:miejscIIPId>8bee3344-49d4-409a-8a44-0e793185136b</sln:miejscIIPId><sln:miejscIIPPn>PL.PZGIK.200</sln:miejscIIPPn><sln:miejscIIPWersja>2016-11-24T13:53:48+02:00</sln:miejscIIPWersja><sln:miejscIdTeryt>0216958</sln:miejscIdTeryt><sln:miejscNazwa>Brzozów-Leśniczówka</sln:miejscNazwa><sln:miejscRodzaj>Inny obiekt</sln:miejscRodzaj><sln:powIIPId>d9c414e5-ae38-4073-83e4-9e3cfb5add82</sln:powIIPId><sln:powIIPPn>PL.PZGIK.200</sln:powIIPPn><sln:powIIPWersja>2012-09-27T09:34:20+02:00</sln:powIIPWersja><sln:powIdTeryt>2410</sln:powIdTeryt><sln:powNazwa>pszczyński</sln:powNazwa><sln:wojIIPId>98a63fe6-1e56-4d05-9c47-ab4233f8a6ff</sln:wojIIPId><sln:wojIIPPn>PL.PZGIK.200</sln:wojIIPPn><sln:wojIIPWersja>2017-10-10T00:00:00+02:00</sln:wojIIPWersja><sln:wojIdTeryt>24</sln:wojIdTeryt><sln:wojNazwa>śląskie</sln:wojNazwa></sln:miejscowosc><sln:miejscowosc><sln:cyklZyciaOd>2014-10-08T00:00:00+02:00</sln:cyklZyciaOd><sln:gmIIPId>010c5759-03b7-474f-ae98-ee5c2a9caadc</sln:gmIIPId><sln:gmIIPPn>PL.PZGIK.200</sln:gmIIPPn><sln:gmIIPWersja>2012-09-26T22:26:02+02:00</sln:gmIIPWersja><sln:gmIdTeryt>2410032</sln:gmIdTeryt><sln:gmNazwa>Miedźna</sln:gmNazwa><sln:miejscIIPId>3cb79d4f-fe45-405f-a73e-25c0adae165e</sln:miejscIIPId><sln:miejscIIPPn>PL.PZGIK.200</sln:miejscIIPPn><sln:miejscIIPWersja>2016-11-24T13:36:25+02:00</sln:miejscIIPWersja><sln:miejscIdTeryt>3010674</sln:miejscIdTeryt><sln:miejscNazwa>Bugaj</sln:miejscNazwa><sln:miejscRodzaj>Inny obiekt</sln:miejscRodzaj><sln:powIIPId>d9c414e5-ae38-4073-83e4-9e3cfb5add82</sln:powIIPId><sln:powIIPPn>PL.PZGIK.200</sln:powIIPPn><sln:powIIPWersja>2012-09-27T09:34:20+02:00</sln:powIIPWersja><sln:powIdTeryt>2410</sln:powIdTeryt><sln:powNazwa>pszczyński</sln:powNazwa><sln:wojIIPId>98a63fe6-1e56-4d05-9c47-ab4233f8a6ff</sln:wojIIPId><sln:wojIIPPn>PL.PZGIK.200</sln:wojIIPPn><sln:wojIIPWersja>2017-10-10T00:00:00+02:00</sln:wojIIPWersja><sln:wojIdTeryt>24</sln:wojIdTeryt><sln:wojNazwa>śląskie</sln:wojNazwa></sln:miejscowosc><sln:miejscowosc><sln:cyklZyciaOd>2014-10-08T00:00:00+02:00</sln:cyklZyciaOd><sln:gmIIPId>010c5759-03b7-474f-ae98-ee5c2a9caadc</sln:gmIIPId><sln:gmIIPPn>PL.PZGIK.200</sln:gmIIPPn><sln:gmIIPWersja>2012-09-26T22:26:02+02:00</sln:gmIIPWersja><sln:gmIdTeryt>2410032</sln:gmIdTeryt><sln:gmNazwa>Miedźna</sln:gmNazwa><sln:miejscIIPId>9353c9c1-926c-40ec-b27b-37bf0745aa43</sln:miejscIIPId><sln:miejscIIPPn>PL.PZGIK.200</sln:miejscIIPPn><sln:miejscIIPWersja>2016-11-24T13:37:17+02:00</sln:miejscIIPWersja><sln:miejscIdTeryt>0216987</sln:miejscIdTeryt><sln:miejscNazwa>Gilowice</sln:miejscNazwa><sln:miejscRodzaj>Wieś</sln:miejscRodzaj><sln:powIIPId>d9c414e5-ae38-4073-83e4-9e3cfb5add82</sln:powIIPId><sln:powIIPPn>PL.PZGIK.200</sln:powIIPPn><sln:powIIPWersja>2012-09-27T09:34:20+02:00</sln:powIIPWersja><sln:powIdTeryt>2410</sln:powIdTeryt><sln:powNazwa>pszczyński</sln:powNazwa><sln:wojIIPId>98a63fe6-1e56-4d05-9c47-ab4233f8a6ff</sln:wojIIPId><sln:wojIIPPn>PL.PZGIK.200</sln:wojIIPPn><sln:wojIIPWersja>2017-10-10T00:00:00+02:00</sln:wojIIPWersja><sln:wojIdTeryt>24</sln:wojIdTeryt><sln:wojNazwa>śląskie</sln:wojNazwa></sln:miejscowosc><sln:miejscowosc><sln:cyklZyciaOd>2014-10-08T00:00:00+02:00</sln:cyklZyciaOd><sln:gmIIPId>010c5759-03b7-474f-ae98-ee5c2a9caadc</sln:gmIIPId><sln:gmIIPPn>PL.PZGIK.200</sln:gmIIPPn><sln:gmIIPWersja>2012-09-26T22:26:02+02:00</sln:gmIIPWersja><sln:gmIdTeryt>2410032</sln:gmIdTeryt><sln:gmNazwa>Miedźna</sln:gmNazwa><sln:miejscIIPId>39181c4d-26d9-447b-8e6b-e633a40da5ef</sln:miejscIIPId><sln:miejscIIPPn>PL.PZGIK.200</sln:miejscIIPPn><sln:miejscIIPWersja>2016-11-24T13:37:05+02:00</sln:miejscIIPWersja><sln:miejscIdTeryt>0216941</sln:miejscIdTeryt><sln:miejscNazwa>Frydek</sln:miejscNazwa><sln:miejscRodzaj>Wieś</sln:miejscRodzaj><sln:powIIPId>d9c414e5-ae38-4073-83e4-9e3cfb5add82</sln:powIIPId><sln:powIIPPn>PL.PZGIK.200</sln:powIIPPn><sln:powIIPWersja>2012-09-27T09:34:20+02:00</sln:powIIPWersja><sln:powIdTeryt>2410</sln:powIdTeryt><sln:powNazwa>pszczyński</sln:powNazwa><sln:wojIIPId>98a63fe6-1e56-4d05-9c47-ab4233f8a6ff</sln:wojIIPId><sln:wojIIPPn>PL.PZGIK.200</sln:wojIIPPn><sln:wojIIPWersja>2017-10-10T00:00:00+02:00</sln:wojIIPWersja><sln:wojIdTeryt>24</sln:wojIdTeryt><sln:wojNazwa>śląskie</sln:wojNazwa></sln:miejscowosc><sln:miejscowosc><sln:cyklZyciaOd>2014-10-08T00:00:00+02:00</sln:cyklZyciaOd><sln:gmIIPId>010c5759-03b7-474f-ae98-ee5c2a9caadc</sln:gmIIPId><sln:gmIIPPn>PL.PZGIK.200</sln:gmIIPPn><sln:gmIIPWersja>2012-09-26T22:26:02+02:00</sln:gmIIPWersja><sln:gmIdTeryt>2410032</sln:gmIdTeryt><sln:gmNazwa>Miedźna</sln:gmNazwa><sln:miejscIIPId>ce3f152b-cb2c-4cc7-a940-d4bbd6144416</sln:miejscIIPId><sln:miejscIIPPn>PL.PZGIK.200</sln:miejscIIPPn><sln:miejscIIPWersja>2016-11-24T13:57:45+02:00</sln:miejscIIPWersja><sln:miejscIdTeryt>0217107</sln:miejscIdTeryt><sln:miejscNazwa>Janygowiec</sln:miejscNazwa><sln:miejscRodzaj>Przysiółek</sln:miejscRodzaj><sln:powIIPId>d9c414e5-ae38-4073-83e4-9e3cfb5add82</sln:powIIPId><sln:powIIPPn>PL.PZGIK.200</sln:powIIPPn><sln:powIIPWersja>2012-09-27T09:34:20+02:00</sln:powIIPWersja><sln:powIdTeryt>2410</sln:powIdTeryt><sln:powNazwa>pszczyński</sln:powNazwa><sln:wojIIPId>98a63fe6-1e56-4d05-9c47-ab4233f8a6ff</sln:wojIIPId><sln:wojIIPPn>PL.PZGIK.200</sln:wojIIPPn><sln:wojIIPWersja>2017-10-10T00:00:00+02:00</sln:wojIIPWersja><sln:wojIdTeryt>24</sln:wojIdTeryt><sln:wojNazwa>śląskie</sln:wojNazwa></sln:miejscowosc><sln:miejscowosc><sln:cyklZyciaOd>2014-10-08T00:00:00+02:00</sln:cyklZyciaOd><sln:gmIIPId>010c5759-03b7-474f-ae98-ee5c2a9caadc</sln:gmIIPId><sln:gmIIPPn>PL.PZGIK.200</sln:gmIIPPn><sln:gmIIPWersja>2012-09-26T22:26:02+02:00</sln:gmIIPWersja><sln:gmIdTeryt>2410032</sln:gmIdTeryt><sln:gmNazwa>Miedźna</sln:gmNazwa><sln:miejscIIPId>9ee079a1-2b3e-4268-a3ea-71cee94bd508</sln:miejscIIPId><sln:miejscIIPPn>PL.PZGIK.200</sln:miejscIIPPn><sln:miejscIIPWersja>2016-11-24T13:38:05+02:00</sln:miejscIIPWersja><sln:miejscIdTeryt>0217076</sln:miejscIdTeryt><sln:miejscNazwa>Grzawa</sln:miejscNazwa><sln:miejscRodzaj>Wieś</sln:miejscRodzaj><sln:powIIPId>d9c414e5-ae38-4073-83e4-9e3cfb5add82</sln:powIIPId><sln:powIIPPn>PL.PZGIK.200</sln:powIIPPn><sln:powIIPWersja>2012-09-27T09:34:20+02:00</sln:powIIPWersja><sln:powIdTeryt>2410</sln:powIdTeryt><sln:powNazwa>pszczyński</sln:powNazwa><sln:wojIIPId>98a63fe6-1e56-4d05-9c47-ab4233f8a6ff</sln:wojIIPId><sln:wojIIPPn>PL.PZGIK.200</sln:wojIIPPn><sln:wojIIPWersja>2017-10-10T00:00:00+02:00</sln:wojIIPWersja><sln:wojIdTeryt>24</sln:wojIdTeryt><sln:wojNazwa>śląskie</sln:wojNazwa></sln:miejscowosc><sln:miejscowosc><sln:cyklZyciaOd>2014-10-08T00:00:00+02:00</sln:cyklZyciaOd><sln:gmIIPId>010c5759-03b7-474f-ae98-ee5c2a9caadc</sln:gmIIPId><sln:gmIIPPn>PL.PZGIK.200</sln:gmIIPPn><sln:gmIIPWersja>2012-09-26T22:26:02+02:00</sln:gmIIPWersja><sln:gmIdTeryt>2410032</sln:gmIdTeryt><sln:gmNazwa>Miedźna</sln:gmNazwa><sln:miejscIIPId>175a7afe-d188-4e51-b6af-26bedafdacf8</sln:miejscIIPId><sln:miejscIIPPn>PL.PZGIK.200</sln:miejscIIPPn><sln:miejscIIPWersja>2016-11-24T13:53:48+02:00</sln:miejscIIPWersja><sln:miejscIdTeryt>0216970</sln:miejscIdTeryt><sln:miejscNazwa>Siągarnia</sln:miejscNazwa><sln:miejscRodzaj>Inny obiekt</sln:miejscRodzaj><sln:powIIPId>d9c414e5-ae38-4073-83e4-9e3cfb5add82</sln:powIIPId><sln:powIIPPn>PL.PZGIK.200</sln:powIIPPn><sln:powIIPWersja>2012-09-27T09:34:20+02:00</sln:powIIPWersja><sln:powIdTeryt>2410</sln:powIdTeryt><sln:powNazwa>pszczyński</sln:powNazwa><sln:wojIIPId>98a63fe6-1e56-4d05-9c47-ab4233f8a6ff</sln:wojIIPId><sln:wojIIPPn>PL.PZGIK.200</sln:wojIIPPn><sln:wojIIPWersja>2017-10-10T00:00:00+02:00</sln:wojIIPWersja><sln:wojIdTeryt>24</sln:wojIdTeryt><sln:wojNazwa>śląskie</sln:wojNazwa></sln:miejscowosc><sln:miejscowosc><sln:cyklZyciaOd>2014-10-08T00:00:00+02:00</sln:cyklZyciaOd><sln:gmIIPId>010c5759-03b7-474f-ae98-ee5c2a9caadc</sln:gmIIPId><sln:gmIIPPn>PL.PZGIK.200</sln:gmIIPPn><sln:gmIIPWersja>2012-09-26T22:26:02+02:00</sln:gmIIPWersja><sln:gmIdTeryt>2410032</sln:gmIdTeryt><sln:gmNazwa>Miedźna</sln:gmNazwa><sln:miejscIIPId>0b5a1142-330c-4328-ad9b-72fb02ff4189</sln:miejscIIPId><sln:miejscIIPPn>PL.PZGIK.200</sln:miejscIIPPn><sln:miejscIIPWersja>2016-11-24T13:53:48+02:00</sln:miejscIIPWersja><sln:miejscIdTeryt>0216964</sln:miejscIdTeryt><sln:miejscNazwa>Gajówka Międzyrzecze</sln:miejscNazwa><sln:miejscRodzaj>Inny obiekt</sln:miejscRodzaj><sln:powIIPId>d9c414e5-ae38-4073-83e4-9e3cfb5add82</sln:powIIPId><sln:powIIPPn>PL.PZGIK.200</sln:powIIPPn><sln:powIIPWersja>2012-09-27T09:34:20+02:00</sln:powIIPWersja><sln:powIdTeryt>2410</sln:powIdTeryt><sln:powNazwa>pszczyński</sln:powNazwa><sln:wojIIPId>98a63fe6-1e56-4d05-9c47-ab4233f8a6ff</sln:wojIIPId><sln:wojIIPPn>PL.PZGIK.200</sln:wojIIPPn><sln:wojIIPWersja>2017-10-10T00:00:00+02:00</sln:wojIIPWersja><sln:wojIdTeryt>24</sln:wojIdTeryt><sln:wojNazwa>śląskie</sln:wojNazwa></sln:miejscowosc><sln:miejscowosc><sln:cyklZyciaOd>2014-10-08T00:00:00+02:00</sln:cyklZyciaOd><sln:gmIIPId>010c5759-03b7-474f-ae98-ee5c2a9caadc</sln:gmIIPId><sln:gmIIPPn>PL.PZGIK.200</sln:gmIIPPn><sln:gmIIPWersja>2012-09-26T22:26:02+02:00</sln:gmIIPWersja><sln:gmIdTeryt>2410032</sln:gmIdTeryt><sln:gmNazwa>Miedźna</sln:gmNazwa><sln:miejscIIPId>7dc82154-a07c-4797-958d-f8a09936f00c</sln:miejscIIPId><sln:miejscIIPPn>PL.PZGIK.200</sln:miejscIIPPn><sln:miejscIIPWersja>2016-11-24T13:33:30+02:00</sln:miejscIIPWersja><sln:miejscIdTeryt>0217120</sln:miejscIdTeryt><sln:miejscNazwa>Wola</sln:miejscNazwa><sln:miejscRodzaj>Wieś</sln:miejscRodzaj><sln:powIIPId>d9c414e5-ae38-4073-83e4-9e3cfb5add82</sln:powIIPId><sln:powIIPPn>PL.PZGIK.200</sln:powIIPPn><sln:powIIPWersja>2012-09-27T09:34:20+02:00</sln:powIIPWersja><sln:powIdTeryt>2410</sln:powIdTeryt><sln:powNazwa>pszczyński</sln:powNazwa><sln:wojIIPId>98a63fe6-1e56-4d05-9c47-ab4233f8a6ff</sln:wojIIPId><sln:wojIIPPn>PL.PZGIK.200</sln:wojIIPPn><sln:wojIIPWersja>2017-10-10T00:00:00+02:00</sln:wojIIPWersja><sln:wojIdTeryt>24</sln:wojIdTeryt><sln:wojNazwa>śląskie</sln:wojNazwa></sln:miejscowosc><sln:miejscowosc><sln:cyklZyciaOd>2014-10-08T00:00:00+02:00</sln:cyklZyciaOd><sln:gmIIPId>010c5759-03b7-474f-ae98-ee5c2a9caadc</sln:gmIIPId><sln:gmIIPPn>PL.PZGIK.200</sln:gmIIPPn><sln:gmIIPWersja>2012-09-26T22:26:02+02:00</sln:gmIIPWersja><sln:gmIdTeryt>2410032</sln:gmIdTeryt><sln:gmNazwa>Miedźna</sln:gmNazwa><sln:miejscIIPId>8c68a503-e06a-4f04-aa2b-ca9def66093d</sln:miejscIIPId><sln:miejscIIPPn>PL.PZGIK.200</sln:miejscIIPPn><sln:miejscIIPWersja>2016-11-24T13:50:13+02:00</sln:miejscIIPWersja><sln:miejscIdTeryt>0217142</sln:miejscIdTeryt><sln:miejscNazwa>Kolonia Stawowa</sln:miejscNazwa><sln:miejscRodzaj>Przysiółek</sln:miejscRodzaj><sln:powIIPId>d9c414e5-ae38-4073-83e4-9e3cfb5add82</sln:powIIPId><sln:powIIPPn>PL.PZGIK.200</sln:powIIPPn><sln:powIIPWersja>2012-09-27T09:34:20+02:00</sln:powIIPWersja><sln:powIdTeryt>2410</sln:powIdTeryt><sln:powNazwa>pszczyński</sln:powNazwa><sln:wojIIPId>98a63fe6-1e56-4d05-9c47-ab4233f8a6ff</sln:wojIIPId><sln:wojIIPPn>PL.PZGIK.200</sln:wojIIPPn><sln:wojIIPWersja>2017-10-10T00:00:00+02:00</sln:wojIIPWersja><sln:wojIdTeryt>24</sln:wojIdTeryt><sln:wojNazwa>śląskie</sln:wojNazwa></sln:miejscowosc><sln:miejscowosc><sln:cyklZyciaOd>2014-10-08T00:00:00+02:00</sln:cyklZyciaOd><sln:gmIIPId>010c5759-03b7-474f-ae98-ee5c2a9caadc</sln:gmIIPId><sln:gmIIPPn>PL.PZGIK.200</sln:gmIIPPn><sln:gmIIPWersja>2012-09-26T22:26:02+02:00</sln:gmIIPWersja><sln:gmIdTeryt>2410032</sln:gmIdTeryt><sln:gmNazwa>Miedźna</sln:gmNazwa><sln:miejscIIPId>42fb9bb1-cdb7-4528-93a3-fe8df99ef385</sln:miejscIIPId><sln:miejscIIPPn>PL.PZGIK.200</sln:miejscIIPPn><sln:miejscIIPWersja>2016-11-24T13:50:13+02:00</sln:miejscIIPWersja><sln:miejscIdTeryt>0217136</sln:miejscIdTeryt><sln:miejscNazwa>Gajówka Wola</sln:miejscNazwa><sln:miejscRodzaj>Gajówka</sln:miejscRodzaj><sln:powIIPId>d9c414e5-ae38-4073-83e4-9e3cfb5add82</sln:powIIPId><sln:powIIPPn>PL.PZGIK.200</sln:powIIPPn><sln:powIIPWersja>2012-09-27T09:34:20+02:00</sln:powIIPWersja><sln:powIdTeryt>2410</sln:powIdTeryt><sln:powNazwa>pszczyński</sln:powNazwa><sln:wojIIPId>98a63fe6-1e56-4d05-9c47-ab4233f8a6ff</sln:wojIIPId><sln:wojIIPPn>PL.PZGIK.200</sln:wojIIPPn><sln:wojIIPWersja>2017-10-10T00:00:00+02:00</sln:wojIIPWersja><sln:wojIdTeryt>24</sln:wojIdTeryt><sln:wojNazwa>śląskie</sln:wojNazwa></sln:miejscowosc><sln:miejscowosc><sln:cyklZyciaOd>2014-10-08T00:00:00+02:00</sln:cyklZyciaOd><sln:gmIIPId>010c5759-03b7-474f-ae98-ee5c2a9caadc</sln:gmIIPId><sln:gmIIPPn>PL.PZGIK.200</sln:gmIIPPn><sln:gmIIPWersja>2012-09-26T22:26:02+02:00</sln:gmIIPWersja><sln:gmIdTeryt>2410032</sln:gmIdTeryt><sln:gmNazwa>Miedźna</sln:gmNazwa><sln:miejscIIPId>b8de5dd0-af21-45c4-8f4c-c2d20441e973</sln:miejscIIPId><sln:miejscIIPPn>PL.PZGIK.200</sln:miejscIIPPn><sln:miejscIIPWersja>2016-11-24T13:54:15+02:00</sln:miejscIIPWersja><sln:miejscIdTeryt>0217001</sln:miejscIdTeryt><sln:miejscNazwa>Babudy</sln:miejscNazwa><sln:miejscRodzaj>Inny obiekt</sln:miejscRodzaj><sln:powIIPId>d9c414e5-ae38-4073-83e4-9e3cfb5add82</sln:powIIPId><sln:powIIPPn>PL.PZGIK.200</sln:powIIPPn><sln:powIIPWersja>2012-09-27T09:34:20+02:00</sln:powIIPWersja><sln:powIdTeryt>2410</sln:powIdTeryt><sln:powNazwa>pszczyński</sln:powNazwa><sln:wojIIPId>98a63fe6-1e56-4d05-9c47-ab4233f8a6ff</sln:wojIIPId><sln:wojIIPPn>PL.PZGIK.200</sln:wojIIPPn><sln:wojIIPWersja>2017-10-10T00:00:00+02:00</sln:wojIIPWersja><sln:wojIdTeryt>24</sln:wojIdTeryt><sln:wojNazwa>śląskie</sln:wojNazwa></sln:miejscowosc></sln:lista-miejscowosci>