<?xml version="1.0" encoding="UTF-8" standalone="yes"?><sln:lista-miejscowosci xmlns:srv="http://gugik.gov.pl/schemas/slowniki-service/1.0" xmlns:sln="http://gugik.gov.pl/schemas/slowniki-schema/1.0"><sln:miejscowosc><sln:cyklZyciaOd>2014-11-28T00:00:00+01:00</sln:cyklZyciaOd><sln:gmIIPId>16e8ee5c-4693-4521-8957-a706b1e288d6</sln:gmIIPId><sln:gmIIPPn>PL.PZGIK.200</sln:gmIIPPn><sln:gmIIPWersja>2012-09-26T22:25:33+02:00</sln:gmIIPWersja><sln:gmIdTeryt>2475011</sln:gmIdTeryt><sln:gmNazwa>Sosnowiec</sln:gmNazwa><sln:miejscIIPId>91b2a340-d10c-41cc-b5f7-52d72c22eeba</sln:miejscIIPId><sln:miejscIIPPn>PL.PZGIK.200</sln:miejscIIPPn><sln:miejscIIPWersja>2016-11-24T13:31:07+02:00</sln:miejscIIPWersja><sln:miejscIdTeryt>0943428</sln:miejscIdTeryt><sln:miejscNazwa>Sosnowiec</sln:miejscNazwa><sln:miejscRodzaj>Miasto</sln:miejscRodzaj><sln:powIIPId>73b5670a-fff9-42bb-84aa-ee38ce582518</sln:powIIPId><sln:powIIPPn>PL.PZGIK.200</sln:powIIPPn><sln:powIIPWersja>2012-09-27T09:34:20+02:00</sln:powIIPWersja><sln:powIdTeryt>2475</sln:powIdTeryt><sln:powNazwa>Sosnowiec</sln:powNazwa><sln:wojIIPId>98a63fe6-1e56-4d05-9c47-ab4233f8a6ff</sln:wojIIPId><sln:wojIIPPn>PL.PZGIK.200</sln:wojIIPPn><sln:wojIIPWersja>2017-10-10T00:00:00+02:00</sln:wojIIPWersja><sln:wojIdTeryt>24</sln:wojIdTeryt><sln:wojNazwa>śląskie</sln:wojNazwa></sln:miejscowosc><sln:miejscowosc><sln:cyklZyciaOd>2014-11-28T00:00:00+01:00</sln:cyklZyciaOd><sln:gmIIPId>16e8ee5c-4693-4521-8957-a706b1e288d6</sln:gmIIPId><sln:gmIIPPn>PL.PZGIK.200</sln:gmIIPPn><sln:gmIIPWersja>2012-09-26T22:25:33+02:00</sln:gmIIPWersja><sln:gmIdTeryt>2475011</sln:gmIdTeryt><sln:gmNazwa>Sosnowiec</sln:gmNazwa><sln:miejscIIPId>eca487dc-b0a8-4162-afcb-062e68de1f40</sln:miejscIIPId><sln:miejscIIPPn>PL.PZGIK.200</sln:miejscIIPPn><sln:miejscIIPWersja>2016-11-24T13:47:23+02:00</sln:miejscIIPWersja><sln:miejscIdTeryt>0943575</sln:miejscIdTeryt><sln:miejscNazwa>Ludmiła</sln:miejscNazwa><sln:miejscRodzaj>Inny obiekt</sln:miejscRodzaj><sln:powIIPId>73b5670a-fff9-42bb-84aa-ee38ce582518</sln:powIIPId><sln:powIIPPn>PL.PZGIK.200</sln:powIIPPn><sln:powIIPWersja>2012-09-27T09:34:20+02:00</sln:powIIPWersja><sln:powIdTeryt>2475</sln:powIdTeryt><sln:powNazwa>Sosnowiec</sln:powNazwa><sln:wojIIPId>98a63fe6-1e56-4d05-9c47-ab4233f8a6ff</sln:wojIIPId><sln:wojIIPPn>PL.PZGIK.200</sln:wojIIPPn><sln:wojIIPWersja>2017-10-10T00:00:00+02:00</sln:wojIIPWersja><sln:wojIdTeryt>24</sln:wojIdTeryt><sln:wojNazwa>śląskie</sln:wojNazwa></sln:miejscowosc><sln:miejscowosc><sln:cyklZyciaOd>2014-11-28T00:00:00+01:00</sln:cyklZyciaOd><sln:gmIIPId>16e8ee5c-4693-4521-8957-a706b1e288d6</sln:gmIIPId><sln:gmIIPPn>PL.PZGIK.200</sln:gmIIPPn><sln:gmIIPWersja>2012-09-26T22:25:33+02:00</sln:gmIIPWersja><sln:gmIdTeryt>2475011</sln:gmIdTeryt><sln:gmNazwa>Sosnowiec</sln:gmNazwa><sln:miejscIIPId>0f2a586b-af2b-497b-90ca-c422b127553e</sln:miejscIIPId><sln:miejscIIPPn>PL.PZGIK.200</sln:miejscIIPPn><sln:miejscIIPWersja>2016-11-24T13:47:23+02:00</sln:miejscIIPWersja><sln:miejscIdTeryt>0943434</sln:miejscIdTeryt><sln:miejscNazwa>Bobrek</sln:miejscNazwa><sln:miejscRodzaj>Inny obiekt</sln:miejscRodzaj><sln:powIIPId>73b5670a-fff9-42bb-84aa-ee38ce582518</sln:powIIPId><sln:powIIPPn>PL.PZGIK.200</sln:powIIPPn><sln:powIIPWersja>2012-09-27T09:34:20+02:00</sln:powIIPWersja><sln:powIdTeryt>2475</sln:powIdTeryt><sln:powNazwa>Sosnowiec</sln:powNazwa><sln:wojIIPId>98a63fe6-1e56-4d05-9c47-ab4233f8a6ff</sln:wojIIPId><sln:wojIIPPn>PL.PZGIK.200</sln:wojIIPPn><sln:wojIIPWersja>2017-10-10T00:00:00+02:00</sln:wojIIPWersja><sln:wojIdTeryt>24</sln:wojIdTeryt><sln:wojNazwa>śląskie</sln:wojNazwa></sln:miejscowosc><sln:miejscowosc><sln:cyklZyciaOd>2014-11-28T00:00:00+01:00</sln:cyklZyciaOd><sln:gmIIPId>16e8ee5c-4693-4521-8957-a706b1e288d6</sln:gmIIPId><sln:gmIIPPn>PL.PZGIK.200</sln:gmIIPPn><sln:gmIIPWersja>2012-09-26T22:25:33+02:00</sln:gmIIPWersja><sln:gmIdTeryt>2475011</sln:gmIdTeryt><sln:gmNazwa>Sosnowiec</sln:gmNazwa><sln:miejscIIPId>55a352ab-de0a-4243-82c5-0f900f32e2e6</sln:miejscIIPId><sln:miejscIIPPn>PL.PZGIK.200</sln:miejscIIPPn><sln:miejscIIPWersja>2016-11-24T13:47:23+02:00</sln:miejscIIPWersja><sln:miejscIdTeryt>0943581</sln:miejscIdTeryt><sln:miejscNazwa>Maczki</sln:miejscNazwa><sln:miejscRodzaj>Inny obiekt</sln:miejscRodzaj><sln:powIIPId>73b5670a-fff9-42bb-84aa-ee38ce582518</sln:powIIPId><sln:powIIPPn>PL.PZGIK.200</sln:powIIPPn><sln:powIIPWersja>2012-09-27T09:34:20+02:00</sln:powIIPWersja><sln:powIdTeryt>2475</sln:powIdTeryt><sln:powNazwa>Sosnowiec</sln:powNazwa><sln:wojIIPId>98a63fe6-1e56-4d05-9c47-ab4233f8a6ff</sln:wojIIPId><sln:wojIIPPn>PL.PZGIK.200</sln:wojIIPPn><sln:wojIIPWersja>2017-10-10T00:00:00+02:00</sln:wojIIPWersja><sln:wojIdTeryt>24</sln:wojIdTeryt><sln:wojNazwa>śląskie</sln:wojNazwa></sln:miejscowosc><sln:miejscowosc><sln:cyklZyciaOd>2014-11-28T00:00:00+01:00</sln:cyklZyciaOd><sln:gmIIPId>16e8ee5c-4693-4521-8957-a706b1e288d6</sln:gmIIPId><sln:gmIIPPn>PL.PZGIK.200</sln:gmIIPPn><sln:gmIIPWersja>2012-09-26T22:25:33+02:00</sln:gmIIPWersja><sln:gmIdTeryt>2475011</sln:gmIdTeryt><sln:gmNazwa>Sosnowiec</sln:gmNazwa><sln:miejscIIPId>1a0f210b-d299-4ac7-bfd9-6eb16cdfabc4</sln:miejscIIPId><sln:miejscIIPPn>PL.PZGIK.200</sln:miejscIIPPn><sln:miejscIIPWersja>2016-11-24T13:47:23+02:00</sln:miejscIIPWersja><sln:miejscIdTeryt>0943500</sln:miejscIdTeryt><sln:miejscNazwa>Józefów</sln:miejscNazwa><sln:miejscRodzaj>Inny obiekt</sln:miejscRodzaj><sln:powIIPId>73b5670a-fff9-42bb-84aa-ee38ce582518</sln:powIIPId><sln:powIIPPn>PL.PZGIK.200</sln:powIIPPn><sln:powIIPWersja>2012-09-27T09:34:20+02:00</sln:powIIPWersja><sln:powIdTeryt>2475</sln:powIdTeryt><sln:powNazwa>Sosnowiec</sln:powNazwa><sln:wojIIPId>98a63fe6-1e56-4d05-9c47-ab4233f8a6ff</sln:wojIIPId><sln:wojIIPPn>PL.PZGIK.200</sln:wojIIPPn><sln:wojIIPWersja>2017-10-10T00:00:00+02:00</sln:wojIIPWersja><sln:wojIdTeryt>24</sln:wojIdTeryt><sln:wojNazwa>śląskie</sln:wojNazwa></sln:miejscowosc><sln:miejscowosc><sln:cyklZyciaOd>2014-11-28T00:00:00+01:00</sln:cyklZyciaOd><sln:gmIIPId>16e8ee5c-4693-4521-8957-a706b1e288d6</sln:gmIIPId><sln:gmIIPPn>PL.PZGIK.200</sln:gmIIPPn><sln:gmIIPWersja>2012-09-26T22:25:33+02:00</sln:gmIIPWersja><sln:gmIdTeryt>2475011</sln:gmIdTeryt><sln:gmNazwa>Sosnowiec</sln:gmNazwa><sln:miejscIIPId>31b92202-76c8-4cdc-9f74-71d7489d83f1</sln:miejscIIPId><sln:miejscIIPPn>PL.PZGIK.200</sln:miejscIIPPn><sln:miejscIIPWersja>2016-11-24T13:40:04+02:00</sln:miejscIIPWersja><sln:miejscIdTeryt>4001070</sln:miejscIdTeryt><sln:miejscNazwa>Osiedle Koziebąka</sln:miejscNazwa><sln:miejscRodzaj>Inny obiekt</sln:miejscRodzaj><sln:powIIPId>73b5670a-fff9-42bb-84aa-ee38ce582518</sln:powIIPId><sln:powIIPPn>PL.PZGIK.200</sln:powIIPPn><sln:powIIPWersja>2012-09-27T09:34:20+02:00</sln:powIIPWersja><sln:powIdTeryt>2475</sln:powIdTeryt><sln:powNazwa>Sosnowiec</sln:powNazwa><sln:wojIIPId>98a63fe6-1e56-4d05-9c47-ab4233f8a6ff</sln:wojIIPId><sln:wojIIPPn>PL.PZGIK.200</sln:wojIIPPn><sln:wojIIPWersja>2017-10-10T00:00:00+02:00</sln:wojIIPWersja><sln:wojIdTeryt>24</sln:wojIdTeryt><sln:wojNazwa>śląskie</sln:wojNazwa></sln:miejscowosc><sln:miejscowosc><sln:cyklZyciaOd>2014-11-28T00:00:00+01:00</sln:cyklZyciaOd><sln:gmIIPId>16e8ee5c-4693-4521-8957-a706b1e288d6</sln:gmIIPId><sln:gmIIPPn>PL.PZGIK.200</sln:gmIIPPn><sln:gmIIPWersja>2012-09-26T22:25:33+02:00</sln:gmIIPWersja><sln:gmIdTeryt>2475011</sln:gmIdTeryt><sln:gmNazwa>Sosnowiec</sln:gmNazwa><sln:miejscIIPId>129ac27e-73f5-4081-8d02-f2b3db8acdb5</sln:miejscIIPId><sln:miejscIIPPn>PL.PZGIK.200</sln:miejscIIPPn><sln:miejscIIPWersja>2016-11-24T13:44:37+02:00</sln:miejscIIPWersja><sln:miejscIdTeryt>4001482</sln:miejscIdTeryt><sln:miejscNazwa>Osiedle Piastów</sln:miejscNazwa><sln:miejscRodzaj>Inny obiekt</sln:miejscRodzaj><sln:powIIPId>73b5670a-fff9-42bb-84aa-ee38ce582518</sln:powIIPId><sln:powIIPPn>PL.PZGIK.200</sln:powIIPPn><sln:powIIPWersja>2012-09-27T09:34:20+02:00</sln:powIIPWersja><sln:powIdTeryt>2475</sln:powIdTeryt><sln:powNazwa>Sosnowiec</sln:powNazwa><sln:wojIIPId>98a63fe6-1e56-4d05-9c47-ab4233f8a6ff</sln:wojIIPId><sln:wojIIPPn>PL.PZGIK.200</sln:wojIIPPn><sln:wojIIPWersja>2017-10-10T00:00:00+02:00</sln:wojIIPWersja><sln:wojIdTeryt>24</sln:wojIdTeryt><sln:wojNazwa>śląskie</sln:wojNazwa></sln:miejscowosc><sln:miejscowosc><sln:cyklZyciaOd>2014-11-28T00:00:00+01:00</sln:cyklZyciaOd><sln:gmIIPId>16e8ee5c-4693-4521-8957-a706b1e288d6</sln:gmIIPId><sln:gmIIPPn>PL.PZGIK.200</sln:gmIIPPn><sln:gmIIPWersja>2012-09-26T22:25:33+02:00</sln:gmIIPWersja><sln:gmIdTeryt>2475011</sln:gmIdTeryt><sln:gmNazwa>Sosnowiec</sln:gmNazwa><sln:miejscIIPId>65dc2b8e-81ab-4f66-870c-664442b30701</sln:miejscIIPId><sln:miejscIIPPn>PL.PZGIK.200</sln:miejscIIPPn><sln:miejscIIPWersja>2016-11-24T13:47:23+02:00</sln:miejscIIPWersja><sln:miejscIdTeryt>0943569</sln:miejscIdTeryt><sln:miejscNazwa>Konstantynów</sln:miejscNazwa><sln:miejscRodzaj>Inny obiekt</sln:miejscRodzaj><sln:powIIPId>73b5670a-fff9-42bb-84aa-ee38ce582518</sln:powIIPId><sln:powIIPPn>PL.PZGIK.200</sln:powIIPPn><sln:powIIPWersja>2012-09-27T09:34:20+02:00</sln:powIIPWersja><sln:powIdTeryt>2475</sln:powIdTeryt><sln:powNazwa>Sosnowiec</sln:powNazwa><sln:wojIIPId>98a63fe6-1e56-4d05-9c47-ab4233f8a6ff</sln:wojIIPId><sln:wojIIPPn>PL.PZGIK.200</sln:wojIIPPn><sln:wojIIPWersja>2017-10-10T00:00:00+02:00</sln:wojIIPWersja><sln:wojIdTeryt>24</sln:wojIdTeryt><sln:wojNazwa>śląskie</sln:wojNazwa></sln:miejscowosc><sln:miejscowosc><sln:cyklZyciaOd>2014-11-28T00:00:00+01:00</sln:cyklZyciaOd><sln:gmIIPId>16e8ee5c-4693-4521-8957-a706b1e288d6</sln:gmIIPId><sln:gmIIPPn>PL.PZGIK.200</sln:gmIIPPn><sln:gmIIPWersja>2012-09-26T22:25:33+02:00</sln:gmIIPWersja><sln:gmIdTeryt>2475011</sln:gmIdTeryt><sln:gmNazwa>Sosnowiec</sln:gmNazwa><sln:miejscIIPId>802012b4-7361-43d6-8c52-037e8f5ada8d</sln:miejscIIPId><sln:miejscIIPPn>PL.PZGIK.200</sln:miejscIIPPn><sln:miejscIIPWersja>2016-11-24T13:28:17+02:00</sln:miejscIIPWersja><sln:miejscIdTeryt>4000070</sln:miejscIdTeryt><sln:miejscNazwa>Browar</sln:miejscNazwa><sln:miejscRodzaj>Inny obiekt</sln:miejscRodzaj><sln:powIIPId>73b5670a-fff9-42bb-84aa-ee38ce582518</sln:powIIPId><sln:powIIPPn>PL.PZGIK.200</sln:powIIPPn><sln:powIIPWersja>2012-09-27T09:34:20+02:00</sln:powIIPWersja><sln:powIdTeryt>2475</sln:powIdTeryt><sln:powNazwa>Sosnowiec</sln:powNazwa><sln:wojIIPId>98a63fe6-1e56-4d05-9c47-ab4233f8a6ff</sln:wojIIPId><sln:wojIIPPn>PL.PZGIK.200</sln:wojIIPPn><sln:wojIIPWersja>2017-10-10T00:00:00+02:00</sln:wojIIPWersja><sln:wojIdTeryt>24</sln:wojIdTeryt><sln:wojNazwa>śląskie</sln:wojNazwa></sln:miejscowosc><sln:miejscowosc><sln:cyklZyciaOd>2014-11-28T00:00:00+01:00</sln:cyklZyciaOd><sln:gmIIPId>16e8ee5c-4693-4521-8957-a706b1e288d6</sln:gmIIPId><sln:gmIIPPn>PL.PZGIK.200</sln:gmIIPPn><sln:gmIIPWersja>2012-09-26T22:25:33+02:00</sln:gmIIPWersja><sln:gmIdTeryt>2475011</sln:gmIdTeryt><sln:gmNazwa>Sosnowiec</sln:gmNazwa><sln:miejscIIPId>e6239f4e-196b-4aae-85f8-ca96cb9fcfc5</sln:miejscIIPId><sln:miejscIIPPn>PL.PZGIK.200</sln:miejscIIPPn><sln:miejscIIPWersja>2016-11-24T13:44:36+02:00</sln:miejscIIPWersja><sln:miejscIdTeryt>3019392</sln:miejscIdTeryt><sln:miejscNazwa>Pekin</sln:miejscNazwa><sln:miejscRodzaj>Inny obiekt</sln:miejscRodzaj><sln:powIIPId>73b5670a-fff9-42bb-84aa-ee38ce582518</sln:powIIPId><sln:powIIPPn>PL.PZGIK.200</sln:powIIPPn><sln:powIIPWersja>2012-09-27T09:34:20+02:00</sln:powIIPWersja><sln:powIdTeryt>2475</sln:powIdTeryt><sln:powNazwa>Sosnowiec</sln:powNazwa><sln:wojIIPId>98a63fe6-1e56-4d05-9c47-ab4233f8a6ff</sln:wojIIPId><sln:wojIIPPn>PL.PZGIK.200</sln:wojIIPPn><sln:wojIIPWersja>2017-10-10T00:00:00+02:00</sln:wojIIPWersja><sln:wojIdTeryt>24</sln:wojIdTeryt><sln:wojNazwa>śląskie</sln:wojNazwa></sln:miejscowosc><sln:miejscowosc><sln:cyklZyciaOd>2014-11-28T00:00:00+01:00</sln:cyklZyciaOd><sln:gmIIPId>16e8ee5c-4693-4521-8957-a706b1e288d6</sln:gmIIPId><sln:gmIIPPn>PL.PZGIK.200</sln:gmIIPPn><sln:gmIIPWersja>2012-09-26T22:25:33+02:00</sln:gmIIPWersja><sln:gmIdTeryt>2475011</sln:gmIdTeryt><sln:gmNazwa>Sosnowiec</sln:gmNazwa><sln:miejscIIPId>11ec6aaa-2093-47b6-8f83-bbff1bd808a2</sln:miejscIIPId><sln:miejscIIPPn>PL.PZGIK.200</sln:miejscIIPPn><sln:miejscIIPWersja>2016-11-24T13:44:36+02:00</sln:miejscIIPWersja><sln:miejscIdTeryt>3019218</sln:miejscIdTeryt><sln:miejscNazwa>Galat</sln:miejscNazwa><sln:miejscRodzaj>Inny obiekt</sln:miejscRodzaj><sln:powIIPId>73b5670a-fff9-42bb-84aa-ee38ce582518</sln:powIIPId><sln:powIIPPn>PL.PZGIK.200</sln:powIIPPn><sln:powIIPWersja>2012-09-27T09:34:20+02:00</sln:powIIPWersja><sln:powIdTeryt>2475</sln:powIdTeryt><sln:powNazwa>Sosnowiec</sln:powNazwa><sln:wojIIPId>98a63fe6-1e56-4d05-9c47-ab4233f8a6ff</sln:wojIIPId><sln:wojIIPPn>PL.PZGIK.200</sln:wojIIPPn><sln:wojIIPWersja>2017-10-10T00:00:00+02:00</sln:wojIIPWersja><sln:wojIdTeryt>24</sln:wojIdTeryt><sln:wojNazwa>śląskie</sln:wojNazwa></sln:miejscowosc><sln:miejscowosc><sln:cyklZyciaOd>2014-11-28T00:00:00+01:00</sln:cyklZyciaOd><sln:gmIIPId>16e8ee5c-4693-4521-8957-a706b1e288d6</sln:gmIIPId><sln:gmIIPPn>PL.PZGIK.200</sln:gmIIPPn><sln:gmIIPWersja>2012-09-26T22:25:33+02:00</sln:gmIIPWersja><sln:gmIdTeryt>2475011</sln:gmIdTeryt><sln:gmNazwa>Sosnowiec</sln:gmNazwa><sln:miejscIIPId>8329f05d-b5d0-4d69-ac60-28357ba70f2c</sln:miejscIIPId><sln:miejscIIPPn>PL.PZGIK.200</sln:miejscIIPPn><sln:miejscIIPWersja>2016-11-24T13:43:58+02:00</sln:miejscIIPWersja><sln:miejscIdTeryt>4001395</sln:miejscIdTeryt><sln:miejscNazwa>Bory</sln:miejscNazwa><sln:miejscRodzaj>Inny obiekt</sln:miejscRodzaj><sln:powIIPId>73b5670a-fff9-42bb-84aa-ee38ce582518</sln:powIIPId><sln:powIIPPn>PL.PZGIK.200</sln:powIIPPn><sln:powIIPWersja>2012-09-27T09:34:20+02:00</sln:powIIPWersja><sln:powIdTeryt>2475</sln:powIdTeryt><sln:powNazwa>Sosnowiec</sln:powNazwa><sln:wojIIPId>98a63fe6-1e56-4d05-9c47-ab4233f8a6ff</sln:wojIIPId><sln:wojIIPPn>PL.PZGIK.200</sln:wojIIPPn><sln:wojIIPWersja>2017-10-10T00:00:00+02:00</sln:wojIIPWersja><sln:wojIdTeryt>24</sln:wojIdTeryt><sln:wojNazwa>śląskie</sln:wojNazwa></sln:miejscowosc><sln:miejscowosc><sln:cyklZyciaOd>2014-11-28T00:00:00+01:00</sln:cyklZyciaOd><sln:gmIIPId>16e8ee5c-4693-4521-8957-a706b1e288d6</sln:gmIIPId><sln:gmIIPPn>PL.PZGIK.200</sln:gmIIPPn><sln:gmIIPWersja>2012-09-26T22:25:33+02:00</sln:gmIIPWersja><sln:gmIdTeryt>2475011</sln:gmIdTeryt><sln:gmNazwa>Sosnowiec</sln:gmNazwa><sln:miejscIIPId>d20c9973-3f89-4dcd-b291-393788ee0366</sln:miejscIIPId><sln:miejscIIPPn>PL.PZGIK.200</sln:miejscIIPPn><sln:miejscIIPWersja>2016-11-24T13:47:23+02:00</sln:miejscIIPWersja><sln:miejscIdTeryt>0943693</sln:miejscIdTeryt><sln:miejscNazwa>Stary Sosnowiec</sln:miejscNazwa><sln:miejscRodzaj>Inny obiekt</sln:miejscRodzaj><sln:powIIPId>73b5670a-fff9-42bb-84aa-ee38ce582518</sln:powIIPId><sln:powIIPPn>PL.PZGIK.200</sln:powIIPPn><sln:powIIPWersja>2012-09-27T09:34:20+02:00</sln:powIIPWersja><sln:powIdTeryt>2475</sln:powIdTeryt><sln:powNazwa>Sosnowiec</sln:powNazwa><sln:wojIIPId>98a63fe6-1e56-4d05-9c47-ab4233f8a6ff</sln:wojIIPId><sln:wojIIPPn>PL.PZGIK.200</sln:wojIIPPn><sln:wojIIPWersja>2017-10-10T00:00:00+02:00</sln:wojIIPWersja><sln:wojIdTeryt>24</sln:wojIdTeryt><sln:wojNazwa>śląskie</sln:wojNazwa></sln:miejscowosc><sln:miejscowosc><sln:cyklZyciaOd>2014-11-28T00:00:00+01:00</sln:cyklZyciaOd><sln:gmIIPId>16e8ee5c-4693-4521-8957-a706b1e288d6</sln:gmIIPId><sln:gmIIPPn>PL.PZGIK.200</sln:gmIIPPn><sln:gmIIPWersja>2012-09-26T22:25:33+02:00</sln:gmIIPWersja><sln:gmIdTeryt>2475011</sln:gmIdTeryt><sln:gmNazwa>Sosnowiec</sln:gmNazwa><sln:miejscIIPId>0d5316e8-507f-45e7-86ef-32316c06ccbf</sln:miejscIIPId><sln:miejscIIPPn>PL.PZGIK.200</sln:miejscIIPPn><sln:miejscIIPWersja>2016-11-24T13:44:36+02:00</sln:miejscIIPWersja><sln:miejscIdTeryt>3019384</sln:miejscIdTeryt><sln:miejscNazwa>Wągródka</sln:miejscNazwa><sln:miejscRodzaj>Inny obiekt</sln:miejscRodzaj><sln:powIIPId>73b5670a-fff9-42bb-84aa-ee38ce582518</sln:powIIPId><sln:powIIPPn>PL.PZGIK.200</sln:powIIPPn><sln:powIIPWersja>2012-09-27T09:34:20+02:00</sln:powIIPWersja><sln:powIdTeryt>2475</sln:powIdTeryt><sln:powNazwa>Sosnowiec</sln:powNazwa><sln:wojIIPId>98a63fe6-1e56-4d05-9c47-ab4233f8a6ff</sln:wojIIPId><sln:wojIIPPn>PL.PZGIK.200</sln:wojIIPPn><sln:wojIIPWersja>2017-10-10T00:00:00+02:00</sln:wojIIPWersja><sln:wojIdTeryt>24</sln:wojIdTeryt><sln:wojNazwa>śląskie</sln:wojNazwa></sln:miejscowosc><sln:miejscowosc><sln:cyklZyciaOd>2014-11-28T00:00:00+01:00</sln:cyklZyciaOd><sln:gmIIPId>16e8ee5c-4693-4521-8957-a706b1e288d6</sln:gmIIPId><sln:gmIIPPn>PL.PZGIK.200</sln:gmIIPPn><sln:gmIIPWersja>2012-09-26T22:25:33+02:00</sln:gmIIPWersja><sln:gmIdTeryt>2475011</sln:gmIdTeryt><sln:gmNazwa>Sosnowiec</sln:gmNazwa><sln:miejscIIPId>29a66fc9-24e8-44ce-80b4-09fedfdafcaa</sln:miejscIIPId><sln:miejscIIPPn>PL.PZGIK.200</sln:miejscIIPPn><sln:miejscIIPWersja>2016-11-24T13:44:36+02:00</sln:miejscIIPWersja><sln:miejscIdTeryt>3019381</sln:miejscIdTeryt><sln:miejscNazwa>Osiedle Traugutta</sln:miejscNazwa><sln:miejscRodzaj>Inny obiekt</sln:miejscRodzaj><sln:powIIPId>73b5670a-fff9-42bb-84aa-ee38ce582518</sln:powIIPId><sln:powIIPPn>PL.PZGIK.200</sln:powIIPPn><sln:powIIPWersja>2012-09-27T09:34:20+02:00</sln:powIIPWersja><sln:powIdTeryt>2475</sln:powIdTeryt><sln:powNazwa>Sosnowiec</sln:powNazwa><sln:wojIIPId>98a63fe6-1e56-4d05-9c47-ab4233f8a6ff</sln:wojIIPId><sln:wojIIPPn>PL.PZGIK.200</sln:wojIIPPn><sln:wojIIPWersja>2017-10-10T00:00:00+02:00</sln:wojIIPWersja><sln:wojIdTeryt>24</sln:wojIdTeryt><sln:wojNazwa>śląskie</sln:wojNazwa></sln:miejscowosc><sln:miejscowosc><sln:cyklZyciaOd>2014-11-28T00:00:00+01:00</sln:cyklZyciaOd><sln:gmIIPId>16e8ee5c-4693-4521-8957-a706b1e288d6</sln:gmIIPId><sln:gmIIPPn>PL.PZGIK.200</sln:gmIIPPn><sln:gmIIPWersja>2012-09-26T22:25:33+02:00</sln:gmIIPWersja><sln:gmIdTeryt>2475011</sln:gmIdTeryt><sln:gmNazwa>Sosnowiec</sln:gmNazwa><sln:miejscIIPId>72f5a545-7a44-432f-a38f-67af876b6340</sln:miejscIIPId><sln:miejscIIPPn>PL.PZGIK.200</sln:miejscIIPPn><sln:miejscIIPWersja>2016-11-24T13:44:36+02:00</sln:miejscIIPWersja><sln:miejscIdTeryt>3019329</sln:miejscIdTeryt><sln:miejscNazwa>Radocha</sln:miejscNazwa><sln:miejscRodzaj>Inny obiekt</sln:miejscRodzaj><sln:powIIPId>73b5670a-fff9-42bb-84aa-ee38ce582518</sln:powIIPId><sln:powIIPPn>PL.PZGIK.200</sln:powIIPPn><sln:powIIPWersja>2012-09-27T09:34:20+02:00</sln:powIIPWersja><sln:powIdTeryt>2475</sln:powIdTeryt><sln:powNazwa>Sosnowiec</sln:powNazwa><sln:wojIIPId>98a63fe6-1e56-4d05-9c47-ab4233f8a6ff</sln:wojIIPId><sln:wojIIPPn>PL.PZGIK.200</sln:wojIIPPn><sln:wojIIPWersja>2017-10-10T00:00:00+02:00</sln:wojIIPWersja><sln:wojIdTeryt>24</sln:wojIdTeryt><sln:wojNazwa>śląskie</sln:wojNazwa></sln:miejscowosc><sln:miejscowosc><sln:cyklZyciaOd>2014-11-28T00:00:00+01:00</sln:cyklZyciaOd><sln:gmIIPId>16e8ee5c-4693-4521-8957-a706b1e288d6</sln:gmIIPId><sln:gmIIPPn>PL.PZGIK.200</sln:gmIIPPn><sln:gmIIPWersja>2012-09-26T22:25:33+02:00</sln:gmIIPWersja><sln:gmIdTeryt>2475011</sln:gmIdTeryt><sln:gmNazwa>Sosnowiec</sln:gmNazwa><sln:miejscIIPId>4e56325d-3e90-41c1-8fa5-1e086e558f15</sln:miejscIIPId><sln:miejscIIPPn>PL.PZGIK.200</sln:miejscIIPPn><sln:miejscIIPWersja>2016-11-24T13:47:23+02:00</sln:miejscIIPWersja><sln:miejscIdTeryt>0943641</sln:miejscIdTeryt><sln:miejscNazwa>Ostrowy Górnicze</sln:miejscNazwa><sln:miejscRodzaj>Inny obiekt</sln:miejscRodzaj><sln:powIIPId>73b5670a-fff9-42bb-84aa-ee38ce582518</sln:powIIPId><sln:powIIPPn>PL.PZGIK.200</sln:powIIPPn><sln:powIIPWersja>2012-09-27T09:34:20+02:00</sln:powIIPWersja><sln:powIdTeryt>2475</sln:powIdTeryt><sln:powNazwa>Sosnowiec</sln:powNazwa><sln:wojIIPId>98a63fe6-1e56-4d05-9c47-ab4233f8a6ff</sln:wojIIPId><sln:wojIIPPn>PL.PZGIK.200</sln:wojIIPPn><sln:wojIIPWersja>2017-10-10T00:00:00+02:00</sln:wojIIPWersja><sln:wojIdTeryt>24</sln:wojIdTeryt><sln:wojNazwa>śląskie</sln:wojNazwa></sln:miejscowosc><sln:miejscowosc><sln:cyklZyciaOd>2014-11-28T00:00:00+01:00</sln:cyklZyciaOd><sln:gmIIPId>16e8ee5c-4693-4521-8957-a706b1e288d6</sln:gmIIPId><sln:gmIIPPn>PL.PZGIK.200</sln:gmIIPPn><sln:gmIIPWersja>2012-09-26T22:25:33+02:00</sln:gmIIPWersja><sln:gmIdTeryt>2475011</sln:gmIdTeryt><sln:gmNazwa>Sosnowiec</sln:gmNazwa><sln:miejscIIPId>006f9da2-61d1-478c-8d72-45c1783ccdea</sln:miejscIIPId><sln:miejscIIPPn>PL.PZGIK.200</sln:miejscIIPPn><sln:miejscIIPWersja>2016-11-24T13:47:23+02:00</sln:miejscIIPWersja><sln:miejscIdTeryt>0943440</sln:miejscIdTeryt><sln:miejscNazwa>Bór</sln:miejscNazwa><sln:miejscRodzaj>Inny obiekt</sln:miejscRodzaj><sln:powIIPId>73b5670a-fff9-42bb-84aa-ee38ce582518</sln:powIIPId><sln:powIIPPn>PL.PZGIK.200</sln:powIIPPn><sln:powIIPWersja>2012-09-27T09:34:20+02:00</sln:powIIPWersja><sln:powIdTeryt>2475</sln:powIdTeryt><sln:powNazwa>Sosnowiec</sln:powNazwa><sln:wojIIPId>98a63fe6-1e56-4d05-9c47-ab4233f8a6ff</sln:wojIIPId><sln:wojIIPPn>PL.PZGIK.200</sln:wojIIPPn><sln:wojIIPWersja>2017-10-10T00:00:00+02:00</sln:wojIIPWersja><sln:wojIdTeryt>24</sln:wojIdTeryt><sln:wojNazwa>śląskie</sln:wojNazwa></sln:miejscowosc><sln:miejscowosc><sln:cyklZyciaOd>2014-11-28T00:00:00+01:00</sln:cyklZyciaOd><sln:gmIIPId>16e8ee5c-4693-4521-8957-a706b1e288d6</sln:gmIIPId><sln:gmIIPPn>PL.PZGIK.200</sln:gmIIPPn><sln:gmIIPWersja>2012-09-26T22:25:33+02:00</sln:gmIIPWersja><sln:gmIdTeryt>2475011</sln:gmIdTeryt><sln:gmNazwa>Sosnowiec</sln:gmNazwa><sln:miejscIIPId>a45a07ee-a80d-45a4-b2ce-7b2b03982767</sln:miejscIIPId><sln:miejscIIPPn>PL.PZGIK.200</sln:miejscIIPPn><sln:miejscIIPWersja>2016-11-24T13:47:23+02:00</sln:miejscIIPWersja><sln:miejscIdTeryt>0943701</sln:miejscIdTeryt><sln:miejscNazwa>Środula</sln:miejscNazwa><sln:miejscRodzaj>Inny obiekt</sln:miejscRodzaj><sln:powIIPId>73b5670a-fff9-42bb-84aa-ee38ce582518</sln:powIIPId><sln:powIIPPn>PL.PZGIK.200</sln:powIIPPn><sln:powIIPWersja>2012-09-27T09:34:20+02:00</sln:powIIPWersja><sln:powIdTeryt>2475</sln:powIdTeryt><sln:powNazwa>Sosnowiec</sln:powNazwa><sln:wojIIPId>98a63fe6-1e56-4d05-9c47-ab4233f8a6ff</sln:wojIIPId><sln:wojIIPPn>PL.PZGIK.200</sln:wojIIPPn><sln:wojIIPWersja>2017-10-10T00:00:00+02:00</sln:wojIIPWersja><sln:wojIdTeryt>24</sln:wojIdTeryt><sln:wojNazwa>śląskie</sln:wojNazwa></sln:miejscowosc><sln:miejscowosc><sln:cyklZyciaOd>2014-11-28T00:00:00+01:00</sln:cyklZyciaOd><sln:gmIIPId>16e8ee5c-4693-4521-8957-a706b1e288d6</sln:gmIIPId><sln:gmIIPPn>PL.PZGIK.200</sln:gmIIPPn><sln:gmIIPWersja>2012-09-26T22:25:33+02:00</sln:gmIIPWersja><sln:gmIdTeryt>2475011</sln:gmIdTeryt><sln:gmNazwa>Sosnowiec</sln:gmNazwa><sln:miejscIIPId>b4dc56f4-6575-4109-8187-c880c2d24341</sln:miejscIIPId><sln:miejscIIPPn>PL.PZGIK.200</sln:miejscIIPPn><sln:miejscIIPWersja>2016-11-24T13:47:23+02:00</sln:miejscIIPWersja><sln:miejscIdTeryt>0943635</sln:miejscIdTeryt><sln:miejscNazwa>Nowe Zawodzie</sln:miejscNazwa><sln:miejscRodzaj>Inny obiekt</sln:miejscRodzaj><sln:powIIPId>73b5670a-fff9-42bb-84aa-ee38ce582518</sln:powIIPId><sln:powIIPPn>PL.PZGIK.200</sln:powIIPPn><sln:powIIPWersja>2012-09-27T09:34:20+02:00</sln:powIIPWersja><sln:powIdTeryt>2475</sln:powIdTeryt><sln:powNazwa>Sosnowiec</sln:powNazwa><sln:wojIIPId>98a63fe6-1e56-4d05-9c47-ab4233f8a6ff</sln:wojIIPId><sln:wojIIPPn>PL.PZGIK.200</sln:wojIIPPn><sln:wojIIPWersja>2017-10-10T00:00:00+02:00</sln:wojIIPWersja><sln:wojIdTeryt>24</sln:wojIdTeryt><sln:wojNazwa>śląskie</sln:wojNazwa></sln:miejscowosc><sln:miejscowosc><sln:cyklZyciaOd>2014-11-28T00:00:00+01:00</sln:cyklZyciaOd><sln:gmIIPId>16e8ee5c-4693-4521-8957-a706b1e288d6</sln:gmIIPId><sln:gmIIPPn>PL.PZGIK.200</sln:gmIIPPn><sln:gmIIPWersja>2012-09-26T22:25:33+02:00</sln:gmIIPWersja><sln:gmIdTeryt>2475011</sln:gmIdTeryt><sln:gmNazwa>Sosnowiec</sln:gmNazwa><sln:miejscIIPId>bb8d5b30-04d9-41fb-b9cc-344e55feaa75</sln:miejscIIPId><sln:miejscIIPPn>PL.PZGIK.200</sln:miejscIIPPn><sln:miejscIIPWersja>2016-11-24T13:47:23+02:00</sln:miejscIIPWersja><sln:miejscIdTeryt>0943718</sln:miejscIdTeryt><sln:miejscNazwa>Zagórze</sln:miejscNazwa><sln:miejscRodzaj>Inny obiekt</sln:miejscRodzaj><sln:powIIPId>73b5670a-fff9-42bb-84aa-ee38ce582518</sln:powIIPId><sln:powIIPPn>PL.PZGIK.200</sln:powIIPPn><sln:powIIPWersja>2012-09-27T09:34:20+02:00</sln:powIIPWersja><sln:powIdTeryt>2475</sln:powIdTeryt><sln:powNazwa>Sosnowiec</sln:powNazwa><sln:wojIIPId>98a63fe6-1e56-4d05-9c47-ab4233f8a6ff</sln:wojIIPId><sln:wojIIPPn>PL.PZGIK.200</sln:wojIIPPn><sln:wojIIPWersja>2017-10-10T00:00:00+02:00</sln:wojIIPWersja><sln:wojIdTeryt>24</sln:wojIdTeryt><sln:wojNazwa>śląskie</sln:wojNazwa></sln:miejscowosc><sln:miejscowosc><sln:cyklZyciaOd>2014-11-28T00:00:00+01:00</sln:cyklZyciaOd><sln:gmIIPId>16e8ee5c-4693-4521-8957-a706b1e288d6</sln:gmIIPId><sln:gmIIPPn>PL.PZGIK.200</sln:gmIIPPn><sln:gmIIPWersja>2012-09-26T22:25:33+02:00</sln:gmIIPWersja><sln:gmIdTeryt>2475011</sln:gmIdTeryt><sln:gmNazwa>Sosnowiec</sln:gmNazwa><sln:miejscIIPId>79801e27-9b78-4d3b-9b9c-5fc696ff2977</sln:miejscIIPId><sln:miejscIIPPn>PL.PZGIK.200</sln:miejscIIPPn><sln:miejscIIPWersja>2016-11-24T13:32:07+02:00</sln:miejscIIPWersja><sln:miejscIdTeryt>4000425</sln:miejscIdTeryt><sln:miejscNazwa>Śródmieście</sln:miejscNazwa><sln:miejscRodzaj>Inny obiekt</sln:miejscRodzaj><sln:powIIPId>73b5670a-fff9-42bb-84aa-ee38ce582518</sln:powIIPId><sln:powIIPPn>PL.PZGIK.200</sln:powIIPPn><sln:powIIPWersja>2012-09-27T09:34:20+02:00</sln:powIIPWersja><sln:powIdTeryt>2475</sln:powIdTeryt><sln:powNazwa>Sosnowiec</sln:powNazwa><sln:wojIIPId>98a63fe6-1e56-4d05-9c47-ab4233f8a6ff</sln:wojIIPId><sln:wojIIPPn>PL.PZGIK.200</sln:wojIIPPn><sln:wojIIPWersja>2017-10-10T00:00:00+02:00</sln:wojIIPWersja><sln:wojIdTeryt>24</sln:wojIdTeryt><sln:wojNazwa>śląskie</sln:wojNazwa></sln:miejscowosc><sln:miejscowosc><sln:cyklZyciaOd>2014-11-28T00:00:00+01:00</sln:cyklZyciaOd><sln:gmIIPId>16e8ee5c-4693-4521-8957-a706b1e288d6</sln:gmIIPId><sln:gmIIPPn>PL.PZGIK.200</sln:gmIIPPn><sln:gmIIPWersja>2012-09-26T22:25:33+02:00</sln:gmIIPWersja><sln:gmIdTeryt>2475011</sln:gmIdTeryt><sln:gmNazwa>Sosnowiec</sln:gmNazwa><sln:miejscIIPId>b4f405c1-20b9-4cd0-829c-62d9a895e51d</sln:miejscIIPId><sln:miejscIIPPn>PL.PZGIK.200</sln:miejscIIPPn><sln:miejscIIPWersja>2016-11-24T13:47:23+02:00</sln:miejscIIPWersja><sln:miejscIdTeryt>0943492</sln:miejscIdTeryt><sln:miejscNazwa>Jęzor</sln:miejscNazwa><sln:miejscRodzaj>Inny obiekt</sln:miejscRodzaj><sln:powIIPId>73b5670a-fff9-42bb-84aa-ee38ce582518</sln:powIIPId><sln:powIIPPn>PL.PZGIK.200</sln:powIIPPn><sln:powIIPWersja>2012-09-27T09:34:20+02:00</sln:powIIPWersja><sln:powIdTeryt>2475</sln:powIdTeryt><sln:powNazwa>Sosnowiec</sln:powNazwa><sln:wojIIPId>98a63fe6-1e56-4d05-9c47-ab4233f8a6ff</sln:wojIIPId><sln:wojIIPPn>PL.PZGIK.200</sln:wojIIPPn><sln:wojIIPWersja>2017-10-10T00:00:00+02:00</sln:wojIIPWersja><sln:wojIdTeryt>24</sln:wojIdTeryt><sln:wojNazwa>śląskie</sln:wojNazwa></sln:miejscowosc><sln:miejscowosc><sln:cyklZyciaOd>2014-11-28T00:00:00+01:00</sln:cyklZyciaOd><sln:gmIIPId>16e8ee5c-4693-4521-8957-a706b1e288d6</sln:gmIIPId><sln:gmIIPPn>PL.PZGIK.200</sln:gmIIPPn><sln:gmIIPWersja>2012-09-26T22:25:33+02:00</sln:gmIIPWersja><sln:gmIdTeryt>2475011</sln:gmIdTeryt><sln:gmNazwa>Sosnowiec</sln:gmNazwa><sln:miejscIIPId>1b9fe229-077f-459d-80cf-715261523050</sln:miejscIIPId><sln:miejscIIPPn>PL.PZGIK.200</sln:miejscIIPPn><sln:miejscIIPWersja>2016-11-24T13:47:23+02:00</sln:miejscIIPWersja><sln:miejscIdTeryt>0943530</sln:miejscIdTeryt><sln:miejscNazwa>Kazimierz</sln:miejscNazwa><sln:miejscRodzaj>Inny obiekt</sln:miejscRodzaj><sln:powIIPId>73b5670a-fff9-42bb-84aa-ee38ce582518</sln:powIIPId><sln:powIIPPn>PL.PZGIK.200</sln:powIIPPn><sln:powIIPWersja>2012-09-27T09:34:20+02:00</sln:powIIPWersja><sln:powIdTeryt>2475</sln:powIdTeryt><sln:powNazwa>Sosnowiec</sln:powNazwa><sln:wojIIPId>98a63fe6-1e56-4d05-9c47-ab4233f8a6ff</sln:wojIIPId><sln:wojIIPPn>PL.PZGIK.200</sln:wojIIPPn><sln:wojIIPWersja>2017-10-10T00:00:00+02:00</sln:wojIIPWersja><sln:wojIdTeryt>24</sln:wojIdTeryt><sln:wojNazwa>śląskie</sln:wojNazwa></sln:miejscowosc><sln:miejscowosc><sln:cyklZyciaOd>2014-11-28T00:00:00+01:00</sln:cyklZyciaOd><sln:gmIIPId>16e8ee5c-4693-4521-8957-a706b1e288d6</sln:gmIIPId><sln:gmIIPPn>PL.PZGIK.200</sln:gmIIPPn><sln:gmIIPWersja>2012-09-26T22:25:33+02:00</sln:gmIIPWersja><sln:gmIdTeryt>2475011</sln:gmIdTeryt><sln:gmNazwa>Sosnowiec</sln:gmNazwa><sln:miejscIIPId>2929bc3b-91a7-48ae-9c74-43d17360ab22</sln:miejscIIPId><sln:miejscIIPPn>PL.PZGIK.200</sln:miejscIIPPn><sln:miejscIIPWersja>2016-11-24T13:47:23+02:00</sln:miejscIIPWersja><sln:miejscIdTeryt>0943486</sln:miejscIdTeryt><sln:miejscNazwa>Feliks</sln:miejscNazwa><sln:miejscRodzaj>Inny obiekt</sln:miejscRodzaj><sln:powIIPId>73b5670a-fff9-42bb-84aa-ee38ce582518</sln:powIIPId><sln:powIIPPn>PL.PZGIK.200</sln:powIIPPn><sln:powIIPWersja>2012-09-27T09:34:20+02:00</sln:powIIPWersja><sln:powIdTeryt>2475</sln:powIdTeryt><sln:powNazwa>Sosnowiec</sln:powNazwa><sln:wojIIPId>98a63fe6-1e56-4d05-9c47-ab4233f8a6ff</sln:wojIIPId><sln:wojIIPPn>PL.PZGIK.200</sln:wojIIPPn><sln:wojIIPWersja>2017-10-10T00:00:00+02:00</sln:wojIIPWersja><sln:wojIdTeryt>24</sln:wojIdTeryt><sln:wojNazwa>śląskie</sln:wojNazwa></sln:miejscowosc><sln:miejscowosc><sln:cyklZyciaOd>2014-11-28T00:00:00+01:00</sln:cyklZyciaOd><sln:gmIIPId>16e8ee5c-4693-4521-8957-a706b1e288d6</sln:gmIIPId><sln:gmIIPPn>PL.PZGIK.200</sln:gmIIPPn><sln:gmIIPWersja>2012-09-26T22:25:33+02:00</sln:gmIIPWersja><sln:gmIdTeryt>2475011</sln:gmIdTeryt><sln:gmNazwa>Sosnowiec</sln:gmNazwa><sln:miejscIIPId>6a69f84b-007b-4cfc-a3cc-01f877457aec</sln:miejscIIPId><sln:miejscIIPPn>PL.PZGIK.200</sln:miejscIIPPn><sln:miejscIIPWersja>2016-11-24T13:47:23+02:00</sln:miejscIIPWersja><sln:miejscIdTeryt>0943598</sln:miejscIdTeryt><sln:miejscNazwa>Mec</sln:miejscNazwa><sln:miejscRodzaj>Inny obiekt</sln:miejscRodzaj><sln:powIIPId>73b5670a-fff9-42bb-84aa-ee38ce582518</sln:powIIPId><sln:powIIPPn>PL.PZGIK.200</sln:powIIPPn><sln:powIIPWersja>2012-09-27T09:34:20+02:00</sln:powIIPWersja><sln:powIdTeryt>2475</sln:powIdTeryt><sln:powNazwa>Sosnowiec</sln:powNazwa><sln:wojIIPId>98a63fe6-1e56-4d05-9c47-ab4233f8a6ff</sln:wojIIPId><sln:wojIIPPn>PL.PZGIK.200</sln:wojIIPPn><sln:wojIIPWersja>2017-10-10T00:00:00+02:00</sln:wojIIPWersja><sln:wojIdTeryt>24</sln:wojIdTeryt><sln:wojNazwa>śląskie</sln:wojNazwa></sln:miejscowosc><sln:miejscowosc><sln:cyklZyciaOd>2014-11-28T00:00:00+01:00</sln:cyklZyciaOd><sln:gmIIPId>16e8ee5c-4693-4521-8957-a706b1e288d6</sln:gmIIPId><sln:gmIIPPn>PL.PZGIK.200</sln:gmIIPPn><sln:gmIIPWersja>2012-09-26T22:25:33+02:00</sln:gmIIPWersja><sln:gmIdTeryt>2475011</sln:gmIdTeryt><sln:gmNazwa>Sosnowiec</sln:gmNazwa><sln:miejscIIPId>2f0d3ac3-6ea5-415e-9776-620ace009376</sln:miejscIIPId><sln:miejscIIPPn>PL.PZGIK.200</sln:miejscIIPPn><sln:miejscIIPWersja>2016-11-24T13:47:23+02:00</sln:miejscIIPWersja><sln:miejscIdTeryt>0943546</sln:miejscIdTeryt><sln:miejscNazwa>Klimontów</sln:miejscNazwa><sln:miejscRodzaj>Inny obiekt</sln:miejscRodzaj><sln:powIIPId>73b5670a-fff9-42bb-84aa-ee38ce582518</sln:powIIPId><sln:powIIPPn>PL.PZGIK.200</sln:powIIPPn><sln:powIIPWersja>2012-09-27T09:34:20+02:00</sln:powIIPWersja><sln:powIdTeryt>2475</sln:powIdTeryt><sln:powNazwa>Sosnowiec</sln:powNazwa><sln:wojIIPId>98a63fe6-1e56-4d05-9c47-ab4233f8a6ff</sln:wojIIPId><sln:wojIIPPn>PL.PZGIK.200</sln:wojIIPPn><sln:wojIIPWersja>2017-10-10T00:00:00+02:00</sln:wojIIPWersja><sln:wojIdTeryt>24</sln:wojIdTeryt><sln:wojNazwa>śląskie</sln:wojNazwa></sln:miejscowosc><sln:miejscowosc><sln:cyklZyciaOd>2014-11-28T00:00:00+01:00</sln:cyklZyciaOd><sln:gmIIPId>16e8ee5c-4693-4521-8957-a706b1e288d6</sln:gmIIPId><sln:gmIIPPn>PL.PZGIK.200</sln:gmIIPPn><sln:gmIIPWersja>2012-09-26T22:25:33+02:00</sln:gmIIPWersja><sln:gmIdTeryt>2475011</sln:gmIdTeryt><sln:gmNazwa>Sosnowiec</sln:gmNazwa><sln:miejscIIPId>ec746f0a-6724-4926-affb-73e00dc95252</sln:miejscIIPId><sln:miejscIIPPn>PL.PZGIK.200</sln:miejscIIPPn><sln:miejscIIPWersja>2016-11-24T13:47:23+02:00</sln:miejscIIPWersja><sln:miejscIdTeryt>0943606</sln:miejscIdTeryt><sln:miejscNazwa>Milowice</sln:miejscNazwa><sln:miejscRodzaj>Inny obiekt</sln:miejscRodzaj><sln:powIIPId>73b5670a-fff9-42bb-84aa-ee38ce582518</sln:powIIPId><sln:powIIPPn>PL.PZGIK.200</sln:powIIPPn><sln:powIIPWersja>2012-09-27T09:34:20+02:00</sln:powIIPWersja><sln:powIdTeryt>2475</sln:powIdTeryt><sln:powNazwa>Sosnowiec</sln:powNazwa><sln:wojIIPId>98a63fe6-1e56-4d05-9c47-ab4233f8a6ff</sln:wojIIPId><sln:wojIIPPn>PL.PZGIK.200</sln:wojIIPPn><sln:wojIIPWersja>2017-10-10T00:00:00+02:00</sln:wojIIPWersja><sln:wojIdTeryt>24</sln:wojIdTeryt><sln:wojNazwa>śląskie</sln:wojNazwa></sln:miejscowosc><sln:miejscowosc><sln:cyklZyciaOd>2014-11-28T00:00:00+01:00</sln:cyklZyciaOd><sln:gmIIPId>16e8ee5c-4693-4521-8957-a706b1e288d6</sln:gmIIPId><sln:gmIIPPn>PL.PZGIK.200</sln:gmIIPPn><sln:gmIIPWersja>2012-09-26T22:25:33+02:00</sln:gmIIPWersja><sln:gmIdTeryt>2475011</sln:gmIdTeryt><sln:gmNazwa>Sosnowiec</sln:gmNazwa><sln:miejscIIPId>2bbd8670-f9ff-4113-a692-6f9993b7304d</sln:miejscIIPId><sln:miejscIIPPn>PL.PZGIK.200</sln:miejscIIPPn><sln:miejscIIPWersja>2016-11-24T13:47:23+02:00</sln:miejscIIPWersja><sln:miejscIdTeryt>0943612</sln:miejscIdTeryt><sln:miejscNazwa>Modrzejów</sln:miejscNazwa><sln:miejscRodzaj>Inny obiekt</sln:miejscRodzaj><sln:powIIPId>73b5670a-fff9-42bb-84aa-ee38ce582518</sln:powIIPId><sln:powIIPPn>PL.PZGIK.200</sln:powIIPPn><sln:powIIPWersja>2012-09-27T09:34:20+02:00</sln:powIIPWersja><sln:powIdTeryt>2475</sln:powIdTeryt><sln:powNazwa>Sosnowiec</sln:powNazwa><sln:wojIIPId>98a63fe6-1e56-4d05-9c47-ab4233f8a6ff</sln:wojIIPId><sln:wojIIPPn>PL.PZGIK.200</sln:wojIIPPn><sln:wojIIPWersja>2017-10-10T00:00:00+02:00</sln:wojIIPWersja><sln:wojIdTeryt>24</sln:wojIdTeryt><sln:wojNazwa>śląskie</sln:wojNazwa></sln:miejscowosc><sln:miejscowosc><sln:cyklZyciaOd>2014-11-28T00:00:00+01:00</sln:cyklZyciaOd><sln:gmIIPId>16e8ee5c-4693-4521-8957-a706b1e288d6</sln:gmIIPId><sln:gmIIPPn>PL.PZGIK.200</sln:gmIIPPn><sln:gmIIPWersja>2012-09-26T22:25:33+02:00</sln:gmIIPWersja><sln:gmIdTeryt>2475011</sln:gmIdTeryt><sln:gmNazwa>Sosnowiec</sln:gmNazwa><sln:miejscIIPId>c67f63ca-cdf8-409d-b8d7-41a9068b3443</sln:miejscIIPId><sln:miejscIIPPn>PL.PZGIK.200</sln:miejscIIPPn><sln:miejscIIPWersja>2016-11-24T13:44:36+02:00</sln:miejscIIPWersja><sln:miejscIdTeryt>3019423</sln:miejscIdTeryt><sln:miejscNazwa>Osiedle Jasieńskiego</sln:miejscNazwa><sln:miejscRodzaj>Inny obiekt</sln:miejscRodzaj><sln:powIIPId>73b5670a-fff9-42bb-84aa-ee38ce582518</sln:powIIPId><sln:powIIPPn>PL.PZGIK.200</sln:powIIPPn><sln:powIIPWersja>2012-09-27T09:34:20+02:00</sln:powIIPWersja><sln:powIdTeryt>2475</sln:powIdTeryt><sln:powNazwa>Sosnowiec</sln:powNazwa><sln:wojIIPId>98a63fe6-1e56-4d05-9c47-ab4233f8a6ff</sln:wojIIPId><sln:wojIIPPn>PL.PZGIK.200</sln:wojIIPPn><sln:wojIIPWersja>2017-10-10T00:00:00+02:00</sln:wojIIPWersja><sln:wojIdTeryt>24</sln:wojIdTeryt><sln:wojNazwa>śląskie</sln:wojNazwa></sln:miejscowosc><sln:miejscowosc><sln:cyklZyciaOd>2014-11-28T00:00:00+01:00</sln:cyklZyciaOd><sln:gmIIPId>16e8ee5c-4693-4521-8957-a706b1e288d6</sln:gmIIPId><sln:gmIIPPn>PL.PZGIK.200</sln:gmIIPPn><sln:gmIIPWersja>2012-09-26T22:25:33+02:00</sln:gmIIPWersja><sln:gmIdTeryt>2475011</sln:gmIdTeryt><sln:gmNazwa>Sosnowiec</sln:gmNazwa><sln:miejscIIPId>6c44f524-5f3d-46af-87d3-bd86b7f3bc20</sln:miejscIIPId><sln:miejscIIPPn>PL.PZGIK.200</sln:miejscIIPPn><sln:miejscIIPWersja>2016-11-24T13:31:17+02:00</sln:miejscIIPWersja><sln:miejscIdTeryt>4000345</sln:miejscIdTeryt><sln:miejscNazwa>Stare Maczki</sln:miejscNazwa><sln:miejscRodzaj>Inny obiekt</sln:miejscRodzaj><sln:powIIPId>73b5670a-fff9-42bb-84aa-ee38ce582518</sln:powIIPId><sln:powIIPPn>PL.PZGIK.200</sln:powIIPPn><sln:powIIPWersja>2012-09-27T09:34:20+02:00</sln:powIIPWersja><sln:powIdTeryt>2475</sln:powIdTeryt><sln:powNazwa>Sosnowiec</sln:powNazwa><sln:wojIIPId>98a63fe6-1e56-4d05-9c47-ab4233f8a6ff</sln:wojIIPId><sln:wojIIPPn>PL.PZGIK.200</sln:wojIIPPn><sln:wojIIPWersja>2017-10-10T00:00:00+02:00</sln:wojIIPWersja><sln:wojIdTeryt>24</sln:wojIdTeryt><sln:wojNazwa>śląskie</sln:wojNazwa></sln:miejscowosc><sln:miejscowosc><sln:cyklZyciaOd>2014-11-28T00:00:00+01:00</sln:cyklZyciaOd><sln:gmIIPId>16e8ee5c-4693-4521-8957-a706b1e288d6</sln:gmIIPId><sln:gmIIPPn>PL.PZGIK.200</sln:gmIIPPn><sln:gmIIPWersja>2012-09-26T22:25:33+02:00</sln:gmIIPWersja><sln:gmIdTeryt>2475011</sln:gmIdTeryt><sln:gmNazwa>Sosnowiec</sln:gmNazwa><sln:miejscIIPId>2c86e48e-36bd-491f-83b0-893d552d626c</sln:miejscIIPId><sln:miejscIIPPn>PL.PZGIK.200</sln:miejscIIPPn><sln:miejscIIPWersja>2016-11-24T13:29:47+02:00</sln:miejscIIPWersja><sln:miejscIdTeryt>4000206</sln:miejscIdTeryt><sln:miejscNazwa>Osiedle Robotnicze Jedność</sln:miejscNazwa><sln:miejscRodzaj>Inny obiekt</sln:miejscRodzaj><sln:powIIPId>73b5670a-fff9-42bb-84aa-ee38ce582518</sln:powIIPId><sln:powIIPPn>PL.PZGIK.200</sln:powIIPPn><sln:powIIPWersja>2012-09-27T09:34:20+02:00</sln:powIIPWersja><sln:powIdTeryt>2475</sln:powIdTeryt><sln:powNazwa>Sosnowiec</sln:powNazwa><sln:wojIIPId>98a63fe6-1e56-4d05-9c47-ab4233f8a6ff</sln:wojIIPId><sln:wojIIPPn>PL.PZGIK.200</sln:wojIIPPn><sln:wojIIPWersja>2017-10-10T00:00:00+02:00</sln:wojIIPWersja><sln:wojIdTeryt>24</sln:wojIdTeryt><sln:wojNazwa>śląskie</sln:wojNazwa></sln:miejscowosc><sln:miejscowosc><sln:cyklZyciaOd>2014-11-28T00:00:00+01:00</sln:cyklZyciaOd><sln:gmIIPId>16e8ee5c-4693-4521-8957-a706b1e288d6</sln:gmIIPId><sln:gmIIPPn>PL.PZGIK.200</sln:gmIIPPn><sln:gmIIPWersja>2012-09-26T22:25:33+02:00</sln:gmIIPWersja><sln:gmIdTeryt>2475011</sln:gmIdTeryt><sln:gmNazwa>Sosnowiec</sln:gmNazwa><sln:miejscIIPId>7c38940d-24c4-43f1-85ce-e613f7edf182</sln:miejscIIPId><sln:miejscIIPPn>PL.PZGIK.200</sln:miejscIIPPn><sln:miejscIIPWersja>2016-11-24T13:44:36+02:00</sln:miejscIIPWersja><sln:miejscIdTeryt>3019383</sln:miejscIdTeryt><sln:miejscNazwa>Osiedle Wagowa</sln:miejscNazwa><sln:miejscRodzaj>Inny obiekt</sln:miejscRodzaj><sln:powIIPId>73b5670a-fff9-42bb-84aa-ee38ce582518</sln:powIIPId><sln:powIIPPn>PL.PZGIK.200</sln:powIIPPn><sln:powIIPWersja>2012-09-27T09:34:20+02:00</sln:powIIPWersja><sln:powIdTeryt>2475</sln:powIdTeryt><sln:powNazwa>Sosnowiec</sln:powNazwa><sln:wojIIPId>98a63fe6-1e56-4d05-9c47-ab4233f8a6ff</sln:wojIIPId><sln:wojIIPPn>PL.PZGIK.200</sln:wojIIPPn><sln:wojIIPWersja>2017-10-10T00:00:00+02:00</sln:wojIIPWersja><sln:wojIdTeryt>24</sln:wojIdTeryt><sln:wojNazwa>śląskie</sln:wojNazwa></sln:miejscowosc><sln:miejscowosc><sln:cyklZyciaOd>2014-11-28T00:00:00+01:00</sln:cyklZyciaOd><sln:gmIIPId>16e8ee5c-4693-4521-8957-a706b1e288d6</sln:gmIIPId><sln:gmIIPPn>PL.PZGIK.200</sln:gmIIPPn><sln:gmIIPWersja>2012-09-26T22:25:33+02:00</sln:gmIIPWersja><sln:gmIdTeryt>2475011</sln:gmIdTeryt><sln:gmNazwa>Sosnowiec</sln:gmNazwa><sln:miejscIIPId>ccee0474-0fa9-48d7-8c2e-7ddf26e61e70</sln:miejscIIPId><sln:miejscIIPPn>PL.PZGIK.200</sln:miejscIIPPn><sln:miejscIIPWersja>2016-11-24T13:47:23+02:00</sln:miejscIIPWersja><sln:miejscIdTeryt>0943670</sln:miejscIdTeryt><sln:miejscNazwa>Sielec</sln:miejscNazwa><sln:miejscRodzaj>Inny obiekt</sln:miejscRodzaj><sln:powIIPId>73b5670a-fff9-42bb-84aa-ee38ce582518</sln:powIIPId><sln:powIIPPn>PL.PZGIK.200</sln:powIIPPn><sln:powIIPWersja>2012-09-27T09:34:20+02:00</sln:powIIPWersja><sln:powIdTeryt>2475</sln:powIdTeryt><sln:powNazwa>Sosnowiec</sln:powNazwa><sln:wojIIPId>98a63fe6-1e56-4d05-9c47-ab4233f8a6ff</sln:wojIIPId><sln:wojIIPPn>PL.PZGIK.200</sln:wojIIPPn><sln:wojIIPWersja>2017-10-10T00:00:00+02:00</sln:wojIIPWersja><sln:wojIdTeryt>24</sln:wojIdTeryt><sln:wojNazwa>śląskie</sln:wojNazwa></sln:miejscowosc><sln:miejscowosc><sln:cyklZyciaOd>2014-11-28T00:00:00+01:00</sln:cyklZyciaOd><sln:gmIIPId>16e8ee5c-4693-4521-8957-a706b1e288d6</sln:gmIIPId><sln:gmIIPPn>PL.PZGIK.200</sln:gmIIPPn><sln:gmIIPWersja>2012-09-26T22:25:33+02:00</sln:gmIIPWersja><sln:gmIdTeryt>2475011</sln:gmIdTeryt><sln:gmNazwa>Sosnowiec</sln:gmNazwa><sln:miejscIIPId>45050797-3235-4ccf-a911-bc09f48f213c</sln:miejscIIPId><sln:miejscIIPPn>PL.PZGIK.200</sln:miejscIIPPn><sln:miejscIIPWersja>2016-11-24T13:47:23+02:00</sln:miejscIIPWersja><sln:miejscIdTeryt>0943687</sln:miejscIdTeryt><sln:miejscNazwa>Stare Zawodzie</sln:miejscNazwa><sln:miejscRodzaj>Inny obiekt</sln:miejscRodzaj><sln:powIIPId>73b5670a-fff9-42bb-84aa-ee38ce582518</sln:powIIPId><sln:powIIPPn>PL.PZGIK.200</sln:powIIPPn><sln:powIIPWersja>2012-09-27T09:34:20+02:00</sln:powIIPWersja><sln:powIdTeryt>2475</sln:powIdTeryt><sln:powNazwa>Sosnowiec</sln:powNazwa><sln:wojIIPId>98a63fe6-1e56-4d05-9c47-ab4233f8a6ff</sln:wojIIPId><sln:wojIIPPn>PL.PZGIK.200</sln:wojIIPPn><sln:wojIIPWersja>2017-10-10T00:00:00+02:00</sln:wojIIPWersja><sln:wojIdTeryt>24</sln:wojIdTeryt><sln:wojNazwa>śląskie</sln:wojNazwa></sln:miejscowosc><sln:miejscowosc><sln:cyklZyciaOd>2014-11-28T00:00:00+01:00</sln:cyklZyciaOd><sln:gmIIPId>16e8ee5c-4693-4521-8957-a706b1e288d6</sln:gmIIPId><sln:gmIIPPn>PL.PZGIK.200</sln:gmIIPPn><sln:gmIIPWersja>2012-09-26T22:25:33+02:00</sln:gmIIPWersja><sln:gmIdTeryt>2475011</sln:gmIdTeryt><sln:gmNazwa>Sosnowiec</sln:gmNazwa><sln:miejscIIPId>b29ac886-4b9c-4637-a339-b5cfac512bf1</sln:miejscIIPId><sln:miejscIIPPn>PL.PZGIK.200</sln:miejscIIPPn><sln:miejscIIPWersja>2016-11-24T13:47:23+02:00</sln:miejscIIPWersja><sln:miejscIdTeryt>0943658</sln:miejscIdTeryt><sln:miejscNazwa>Pogoń</sln:miejscNazwa><sln:miejscRodzaj>Inny obiekt</sln:miejscRodzaj><sln:powIIPId>73b5670a-fff9-42bb-84aa-ee38ce582518</sln:powIIPId><sln:powIIPPn>PL.PZGIK.200</sln:powIIPPn><sln:powIIPWersja>2012-09-27T09:34:20+02:00</sln:powIIPWersja><sln:powIdTeryt>2475</sln:powIdTeryt><sln:powNazwa>Sosnowiec</sln:powNazwa><sln:wojIIPId>98a63fe6-1e56-4d05-9c47-ab4233f8a6ff</sln:wojIIPId><sln:wojIIPPn>PL.PZGIK.200</sln:wojIIPPn><sln:wojIIPWersja>2017-10-10T00:00:00+02:00</sln:wojIIPWersja><sln:wojIdTeryt>24</sln:wojIdTeryt><sln:wojNazwa>śląskie</sln:wojNazwa></sln:miejscowosc><sln:miejscowosc><sln:cyklZyciaOd>2014-11-28T00:00:00+01:00</sln:cyklZyciaOd><sln:gmIIPId>16e8ee5c-4693-4521-8957-a706b1e288d6</sln:gmIIPId><sln:gmIIPPn>PL.PZGIK.200</sln:gmIIPPn><sln:gmIIPWersja>2012-09-26T22:25:33+02:00</sln:gmIIPWersja><sln:gmIdTeryt>2475011</sln:gmIdTeryt><sln:gmNazwa>Sosnowiec</sln:gmNazwa><sln:miejscIIPId>254c31de-ebff-4f14-9290-744396923214</sln:miejscIIPId><sln:miejscIIPPn>PL.PZGIK.200</sln:miejscIIPPn><sln:miejscIIPWersja>2016-11-24T13:47:23+02:00</sln:miejscIIPWersja><sln:miejscIdTeryt>0943664</sln:miejscIdTeryt><sln:miejscNazwa>Porąbka</sln:miejscNazwa><sln:miejscRodzaj>Inny obiekt</sln:miejscRodzaj><sln:powIIPId>73b5670a-fff9-42bb-84aa-ee38ce582518</sln:powIIPId><sln:powIIPPn>PL.PZGIK.200</sln:powIIPPn><sln:powIIPWersja>2012-09-27T09:34:20+02:00</sln:powIIPWersja><sln:powIdTeryt>2475</sln:powIdTeryt><sln:powNazwa>Sosnowiec</sln:powNazwa><sln:wojIIPId>98a63fe6-1e56-4d05-9c47-ab4233f8a6ff</sln:wojIIPId><sln:wojIIPPn>PL.PZGIK.200</sln:wojIIPPn><sln:wojIIPWersja>2017-10-10T00:00:00+02:00</sln:wojIIPWersja><sln:wojIdTeryt>24</sln:wojIdTeryt><sln:wojNazwa>śląskie</sln:wojNazwa></sln:miejscowosc><sln:miejscowosc><sln:cyklZyciaOd>2014-11-28T00:00:00+01:00</sln:cyklZyciaOd><sln:gmIIPId>16e8ee5c-4693-4521-8957-a706b1e288d6</sln:gmIIPId><sln:gmIIPPn>PL.PZGIK.200</sln:gmIIPPn><sln:gmIIPWersja>2012-09-26T22:25:33+02:00</sln:gmIIPWersja><sln:gmIdTeryt>2475011</sln:gmIdTeryt><sln:gmNazwa>Sosnowiec</sln:gmNazwa><sln:miejscIIPId>4ce5786b-831a-48b5-a68a-d9b7af710192</sln:miejscIIPId><sln:miejscIIPPn>PL.PZGIK.200</sln:miejscIIPPn><sln:miejscIIPWersja>2016-11-24T13:35:45+02:00</sln:miejscIIPWersja><sln:miejscIdTeryt>4000639</sln:miejscIdTeryt><sln:miejscNazwa>Czarne Morze</sln:miejscNazwa><sln:miejscRodzaj>Inny obiekt</sln:miejscRodzaj><sln:powIIPId>73b5670a-fff9-42bb-84aa-ee38ce582518</sln:powIIPId><sln:powIIPPn>PL.PZGIK.200</sln:powIIPPn><sln:powIIPWersja>2012-09-27T09:34:20+02:00</sln:powIIPWersja><sln:powIdTeryt>2475</sln:powIdTeryt><sln:powNazwa>Sosnowiec</sln:powNazwa><sln:wojIIPId>98a63fe6-1e56-4d05-9c47-ab4233f8a6ff</sln:wojIIPId><sln:wojIIPPn>PL.PZGIK.200</sln:wojIIPPn><sln:wojIIPWersja>2017-10-10T00:00:00+02:00</sln:wojIIPWersja><sln:wojIdTeryt>24</sln:wojIdTeryt><sln:wojNazwa>śląskie</sln:wojNazwa></sln:miejscowosc><sln:miejscowosc><sln:cyklZyciaOd>2014-11-28T00:00:00+01:00</sln:cyklZyciaOd><sln:gmIIPId>16e8ee5c-4693-4521-8957-a706b1e288d6</sln:gmIIPId><sln:gmIIPPn>PL.PZGIK.200</sln:gmIIPPn><sln:gmIIPWersja>2012-09-26T22:25:33+02:00</sln:gmIIPWersja><sln:gmIdTeryt>2475011</sln:gmIdTeryt><sln:gmNazwa>Sosnowiec</sln:gmNazwa><sln:miejscIIPId>6dfdc538-d8ef-4cec-bda8-f4e6bc5dec60</sln:miejscIIPId><sln:miejscIIPPn>PL.PZGIK.200</sln:miejscIIPPn><sln:miejscIIPWersja>2016-11-24T13:36:39+02:00</sln:miejscIIPWersja><sln:miejscIdTeryt>4000696</sln:miejscIdTeryt><sln:miejscNazwa>Dorota</sln:miejscNazwa><sln:miejscRodzaj>Inny obiekt</sln:miejscRodzaj><sln:powIIPId>73b5670a-fff9-42bb-84aa-ee38ce582518</sln:powIIPId><sln:powIIPPn>PL.PZGIK.200</sln:powIIPPn><sln:powIIPWersja>2012-09-27T09:34:20+02:00</sln:powIIPWersja><sln:powIdTeryt>2475</sln:powIdTeryt><sln:powNazwa>Sosnowiec</sln:powNazwa><sln:wojIIPId>98a63fe6-1e56-4d05-9c47-ab4233f8a6ff</sln:wojIIPId><sln:wojIIPPn>PL.PZGIK.200</sln:wojIIPPn><sln:wojIIPWersja>2017-10-10T00:00:00+02:00</sln:wojIIPWersja><sln:wojIdTeryt>24</sln:wojIdTeryt><sln:wojNazwa>śląskie</sln:wojNazwa></sln:miejscowosc><sln:miejscowosc><sln:cyklZyciaOd>2014-11-28T00:00:00+01:00</sln:cyklZyciaOd><sln:gmIIPId>16e8ee5c-4693-4521-8957-a706b1e288d6</sln:gmIIPId><sln:gmIIPPn>PL.PZGIK.200</sln:gmIIPPn><sln:gmIIPWersja>2012-09-26T22:25:33+02:00</sln:gmIIPWersja><sln:gmIdTeryt>2475011</sln:gmIdTeryt><sln:gmNazwa>Sosnowiec</sln:gmNazwa><sln:miejscIIPId>51c0a423-6c02-4a60-bb85-abd90819f4a2</sln:miejscIIPId><sln:miejscIIPPn>PL.PZGIK.200</sln:miejscIIPPn><sln:miejscIIPWersja>2016-11-24T13:42:51+02:00</sln:miejscIIPWersja><sln:miejscIdTeryt>4001297</sln:miejscIdTeryt><sln:miejscNazwa>Osiedle Naftowa</sln:miejscNazwa><sln:miejscRodzaj>Inny obiekt</sln:miejscRodzaj><sln:powIIPId>73b5670a-fff9-42bb-84aa-ee38ce582518</sln:powIIPId><sln:powIIPPn>PL.PZGIK.200</sln:powIIPPn><sln:powIIPWersja>2012-09-27T09:34:20+02:00</sln:powIIPWersja><sln:powIdTeryt>2475</sln:powIdTeryt><sln:powNazwa>Sosnowiec</sln:powNazwa><sln:wojIIPId>98a63fe6-1e56-4d05-9c47-ab4233f8a6ff</sln:wojIIPId><sln:wojIIPPn>PL.PZGIK.200</sln:wojIIPPn><sln:wojIIPWersja>2017-10-10T00:00:00+02:00</sln:wojIIPWersja><sln:wojIdTeryt>24</sln:wojIdTeryt><sln:wojNazwa>śląskie</sln:wojNazwa></sln:miejscowosc><sln:miejscowosc><sln:cyklZyciaOd>2014-11-28T00:00:00+01:00</sln:cyklZyciaOd><sln:gmIIPId>16e8ee5c-4693-4521-8957-a706b1e288d6</sln:gmIIPId><sln:gmIIPPn>PL.PZGIK.200</sln:gmIIPPn><sln:gmIIPWersja>2012-09-26T22:25:33+02:00</sln:gmIIPWersja><sln:gmIdTeryt>2475011</sln:gmIdTeryt><sln:gmNazwa>Sosnowiec</sln:gmNazwa><sln:miejscIIPId>bc015f73-6041-4e9f-ace4-71f60b011588</sln:miejscIIPId><sln:miejscIIPPn>PL.PZGIK.200</sln:miejscIIPPn><sln:miejscIIPWersja>2016-11-24T13:44:32+02:00</sln:miejscIIPWersja><sln:miejscIdTeryt>4001467</sln:miejscIdTeryt><sln:miejscNazwa>Osiedle Pekin</sln:miejscNazwa><sln:miejscRodzaj>Inny obiekt</sln:miejscRodzaj><sln:powIIPId>73b5670a-fff9-42bb-84aa-ee38ce582518</sln:powIIPId><sln:powIIPPn>PL.PZGIK.200</sln:powIIPPn><sln:powIIPWersja>2012-09-27T09:34:20+02:00</sln:powIIPWersja><sln:powIdTeryt>2475</sln:powIdTeryt><sln:powNazwa>Sosnowiec</sln:powNazwa><sln:wojIIPId>98a63fe6-1e56-4d05-9c47-ab4233f8a6ff</sln:wojIIPId><sln:wojIIPPn>PL.PZGIK.200</sln:wojIIPPn><sln:wojIIPWersja>2017-10-10T00:00:00+02:00</sln:wojIIPWersja><sln:wojIdTeryt>24</sln:wojIdTeryt><sln:wojNazwa>śląskie</sln:wojNazwa></sln:miejscowosc><sln:miejscowosc><sln:cyklZyciaOd>2014-11-28T00:00:00+01:00</sln:cyklZyciaOd><sln:gmIIPId>16e8ee5c-4693-4521-8957-a706b1e288d6</sln:gmIIPId><sln:gmIIPPn>PL.PZGIK.200</sln:gmIIPPn><sln:gmIIPWersja>2012-09-26T22:25:33+02:00</sln:gmIIPWersja><sln:gmIdTeryt>2475011</sln:gmIdTeryt><sln:gmNazwa>Sosnowiec</sln:gmNazwa><sln:miejscIIPId>d1f9574c-af87-48ba-8134-c8e3c288c7c8</sln:miejscIIPId><sln:miejscIIPPn>PL.PZGIK.200</sln:miejscIIPPn><sln:miejscIIPWersja>2016-11-24T13:32:07+02:00</sln:miejscIIPWersja><sln:miejscIdTeryt>4000421</sln:miejscIdTeryt><sln:miejscNazwa>Środula Dolna</sln:miejscNazwa><sln:miejscRodzaj>Inny obiekt</sln:miejscRodzaj><sln:powIIPId>73b5670a-fff9-42bb-84aa-ee38ce582518</sln:powIIPId><sln:powIIPPn>PL.PZGIK.200</sln:powIIPPn><sln:powIIPWersja>2012-09-27T09:34:20+02:00</sln:powIIPWersja><sln:powIdTeryt>2475</sln:powIdTeryt><sln:powNazwa>Sosnowiec</sln:powNazwa><sln:wojIIPId>98a63fe6-1e56-4d05-9c47-ab4233f8a6ff</sln:wojIIPId><sln:wojIIPPn>PL.PZGIK.200</sln:wojIIPPn><sln:wojIIPWersja>2017-10-10T00:00:00+02:00</sln:wojIIPWersja><sln:wojIdTeryt>24</sln:wojIdTeryt><sln:wojNazwa>śląskie</sln:wojNazwa></sln:miejscowosc><sln:miejscowosc><sln:cyklZyciaOd>2014-11-28T00:00:00+01:00</sln:cyklZyciaOd><sln:gmIIPId>16e8ee5c-4693-4521-8957-a706b1e288d6</sln:gmIIPId><sln:gmIIPPn>PL.PZGIK.200</sln:gmIIPPn><sln:gmIIPWersja>2012-09-26T22:25:33+02:00</sln:gmIIPWersja><sln:gmIdTeryt>2475011</sln:gmIdTeryt><sln:gmNazwa>Sosnowiec</sln:gmNazwa><sln:miejscIIPId>de2ee8b5-399c-4dce-90fb-e2cb6ddb88db</sln:miejscIIPId><sln:miejscIIPPn>PL.PZGIK.200</sln:miejscIIPPn><sln:miejscIIPWersja>2016-11-24T13:44:32+02:00</sln:miejscIIPWersja><sln:miejscIdTeryt>4001466</sln:miejscIdTeryt><sln:miejscNazwa>Pekin</sln:miejscNazwa><sln:miejscRodzaj>Inny obiekt</sln:miejscRodzaj><sln:powIIPId>73b5670a-fff9-42bb-84aa-ee38ce582518</sln:powIIPId><sln:powIIPPn>PL.PZGIK.200</sln:powIIPPn><sln:powIIPWersja>2012-09-27T09:34:20+02:00</sln:powIIPWersja><sln:powIdTeryt>2475</sln:powIdTeryt><sln:powNazwa>Sosnowiec</sln:powNazwa><sln:wojIIPId>98a63fe6-1e56-4d05-9c47-ab4233f8a6ff</sln:wojIIPId><sln:wojIIPPn>PL.PZGIK.200</sln:wojIIPPn><sln:wojIIPWersja>2017-10-10T00:00:00+02:00</sln:wojIIPWersja><sln:wojIdTeryt>24</sln:wojIdTeryt><sln:wojNazwa>śląskie</sln:wojNazwa></sln:miejscowosc><sln:miejscowosc><sln:cyklZyciaOd>2014-11-28T00:00:00+01:00</sln:cyklZyciaOd><sln:gmIIPId>16e8ee5c-4693-4521-8957-a706b1e288d6</sln:gmIIPId><sln:gmIIPPn>PL.PZGIK.200</sln:gmIIPPn><sln:gmIIPWersja>2012-09-26T22:25:33+02:00</sln:gmIIPWersja><sln:gmIdTeryt>2475011</sln:gmIdTeryt><sln:gmNazwa>Sosnowiec</sln:gmNazwa><sln:miejscIIPId>6a0b1036-f12f-4931-88e3-0a30b67d08f0</sln:miejscIIPId><sln:miejscIIPPn>PL.PZGIK.200</sln:miejscIIPPn><sln:miejscIIPWersja>2016-11-24T13:31:26+02:00</sln:miejscIIPWersja><sln:miejscIdTeryt>4000368</sln:miejscIdTeryt><sln:miejscNazwa>Kolonia Staszic</sln:miejscNazwa><sln:miejscRodzaj>Inny obiekt</sln:miejscRodzaj><sln:powIIPId>73b5670a-fff9-42bb-84aa-ee38ce582518</sln:powIIPId><sln:powIIPPn>PL.PZGIK.200</sln:powIIPPn><sln:powIIPWersja>2012-09-27T09:34:20+02:00</sln:powIIPWersja><sln:powIdTeryt>2475</sln:powIdTeryt><sln:powNazwa>Sosnowiec</sln:powNazwa><sln:wojIIPId>98a63fe6-1e56-4d05-9c47-ab4233f8a6ff</sln:wojIIPId><sln:wojIIPPn>PL.PZGIK.200</sln:wojIIPPn><sln:wojIIPWersja>2017-10-10T00:00:00+02:00</sln:wojIIPWersja><sln:wojIdTeryt>24</sln:wojIdTeryt><sln:wojNazwa>śląskie</sln:wojNazwa></sln:miejscowosc><sln:miejscowosc><sln:cyklZyciaOd>2014-11-28T00:00:00+01:00</sln:cyklZyciaOd><sln:gmIIPId>16e8ee5c-4693-4521-8957-a706b1e288d6</sln:gmIIPId><sln:gmIIPPn>PL.PZGIK.200</sln:gmIIPPn><sln:gmIIPWersja>2012-09-26T22:25:33+02:00</sln:gmIIPWersja><sln:gmIdTeryt>2475011</sln:gmIdTeryt><sln:gmNazwa>Sosnowiec</sln:gmNazwa><sln:miejscIIPId>15c2166a-4278-49a1-ae36-d4ec08e7b3c2</sln:miejscIIPId><sln:miejscIIPPn>PL.PZGIK.200</sln:miejscIIPPn><sln:miejscIIPWersja>2016-11-24T13:47:23+02:00</sln:miejscIIPWersja><sln:miejscIdTeryt>0943457</sln:miejscIdTeryt><sln:miejscNazwa>Cieśle</sln:miejscNazwa><sln:miejscRodzaj>Inny obiekt</sln:miejscRodzaj><sln:powIIPId>73b5670a-fff9-42bb-84aa-ee38ce582518</sln:powIIPId><sln:powIIPPn>PL.PZGIK.200</sln:powIIPPn><sln:powIIPWersja>2012-09-27T09:34:20+02:00</sln:powIIPWersja><sln:powIdTeryt>2475</sln:powIdTeryt><sln:powNazwa>Sosnowiec</sln:powNazwa><sln:wojIIPId>98a63fe6-1e56-4d05-9c47-ab4233f8a6ff</sln:wojIIPId><sln:wojIIPPn>PL.PZGIK.200</sln:wojIIPPn><sln:wojIIPWersja>2017-10-10T00:00:00+02:00</sln:wojIIPWersja><sln:wojIdTeryt>24</sln:wojIdTeryt><sln:wojNazwa>śląskie</sln:wojNazwa></sln:miejscowosc><sln:miejscowosc><sln:cyklZyciaOd>2014-11-28T00:00:00+01:00</sln:cyklZyciaOd><sln:gmIIPId>16e8ee5c-4693-4521-8957-a706b1e288d6</sln:gmIIPId><sln:gmIIPPn>PL.PZGIK.200</sln:gmIIPPn><sln:gmIIPWersja>2012-09-26T22:25:33+02:00</sln:gmIIPWersja><sln:gmIdTeryt>2475011</sln:gmIdTeryt><sln:gmNazwa>Sosnowiec</sln:gmNazwa><sln:miejscIIPId>fae6e34a-5667-43ca-9cd9-0dfcd9dc0191</sln:miejscIIPId><sln:miejscIIPPn>PL.PZGIK.200</sln:miejscIIPPn><sln:miejscIIPWersja>2016-11-24T13:47:23+02:00</sln:miejscIIPWersja><sln:miejscIdTeryt>0943517</sln:miejscIdTeryt><sln:miejscNazwa>Juliusz</sln:miejscNazwa><sln:miejscRodzaj>Inny obiekt</sln:miejscRodzaj><sln:powIIPId>73b5670a-fff9-42bb-84aa-ee38ce582518</sln:powIIPId><sln:powIIPPn>PL.PZGIK.200</sln:powIIPPn><sln:powIIPWersja>2012-09-27T09:34:20+02:00</sln:powIIPWersja><sln:powIdTeryt>2475</sln:powIdTeryt><sln:powNazwa>Sosnowiec</sln:powNazwa><sln:wojIIPId>98a63fe6-1e56-4d05-9c47-ab4233f8a6ff</sln:wojIIPId><sln:wojIIPPn>PL.PZGIK.200</sln:wojIIPPn><sln:wojIIPWersja>2017-10-10T00:00:00+02:00</sln:wojIIPWersja><sln:wojIdTeryt>24</sln:wojIdTeryt><sln:wojNazwa>śląskie</sln:wojNazwa></sln:miejscowosc><sln:miejscowosc><sln:cyklZyciaOd>2014-11-28T00:00:00+01:00</sln:cyklZyciaOd><sln:gmIIPId>16e8ee5c-4693-4521-8957-a706b1e288d6</sln:gmIIPId><sln:gmIIPPn>PL.PZGIK.200</sln:gmIIPPn><sln:gmIIPWersja>2012-09-26T22:25:33+02:00</sln:gmIIPWersja><sln:gmIdTeryt>2475011</sln:gmIdTeryt><sln:gmNazwa>Sosnowiec</sln:gmNazwa><sln:miejscIIPId>15b4d0ac-afde-4073-983f-b686dffb69a3</sln:miejscIIPId><sln:miejscIIPPn>PL.PZGIK.200</sln:miejscIIPPn><sln:miejscIIPWersja>2016-11-24T13:47:23+02:00</sln:miejscIIPWersja><sln:miejscIdTeryt>0943629</sln:miejscIdTeryt><sln:miejscNazwa>Niwka</sln:miejscNazwa><sln:miejscRodzaj>Inny obiekt</sln:miejscRodzaj><sln:powIIPId>73b5670a-fff9-42bb-84aa-ee38ce582518</sln:powIIPId><sln:powIIPPn>PL.PZGIK.200</sln:powIIPPn><sln:powIIPWersja>2012-09-27T09:34:20+02:00</sln:powIIPWersja><sln:powIdTeryt>2475</sln:powIdTeryt><sln:powNazwa>Sosnowiec</sln:powNazwa><sln:wojIIPId>98a63fe6-1e56-4d05-9c47-ab4233f8a6ff</sln:wojIIPId><sln:wojIIPPn>PL.PZGIK.200</sln:wojIIPPn><sln:wojIIPWersja>2017-10-10T00:00:00+02:00</sln:wojIIPWersja><sln:wojIdTeryt>24</sln:wojIdTeryt><sln:wojNazwa>śląskie</sln:wojNazwa></sln:miejscowosc><sln:miejscowosc><sln:cyklZyciaOd>2014-11-28T00:00:00+01:00</sln:cyklZyciaOd><sln:gmIIPId>16e8ee5c-4693-4521-8957-a706b1e288d6</sln:gmIIPId><sln:gmIIPPn>PL.PZGIK.200</sln:gmIIPPn><sln:gmIIPWersja>2012-09-26T22:25:33+02:00</sln:gmIIPWersja><sln:gmIdTeryt>2475011</sln:gmIdTeryt><sln:gmNazwa>Sosnowiec</sln:gmNazwa><sln:miejscIIPId>fae6b7cc-72f2-48a1-87ac-895030260646</sln:miejscIIPId><sln:miejscIIPPn>PL.PZGIK.200</sln:miejscIIPPn><sln:miejscIIPWersja>2016-11-24T13:47:23+02:00</sln:miejscIIPWersja><sln:miejscIdTeryt>0943463</sln:miejscIdTeryt><sln:miejscNazwa>Dańdówka</sln:miejscNazwa><sln:miejscRodzaj>Inny obiekt</sln:miejscRodzaj><sln:powIIPId>73b5670a-fff9-42bb-84aa-ee38ce582518</sln:powIIPId><sln:powIIPPn>PL.PZGIK.200</sln:powIIPPn><sln:powIIPWersja>2012-09-27T09:34:20+02:00</sln:powIIPWersja><sln:powIdTeryt>2475</sln:powIdTeryt><sln:powNazwa>Sosnowiec</sln:powNazwa><sln:wojIIPId>98a63fe6-1e56-4d05-9c47-ab4233f8a6ff</sln:wojIIPId><sln:wojIIPPn>PL.PZGIK.200</sln:wojIIPPn><sln:wojIIPWersja>2017-10-10T00:00:00+02:00</sln:wojIIPWersja><sln:wojIdTeryt>24</sln:wojIdTeryt><sln:wojNazwa>śląskie</sln:wojNazwa></sln:miejscowosc><sln:miejscowosc><sln:cyklZyciaOd>2014-11-28T00:00:00+01:00</sln:cyklZyciaOd><sln:gmIIPId>16e8ee5c-4693-4521-8957-a706b1e288d6</sln:gmIIPId><sln:gmIIPPn>PL.PZGIK.200</sln:gmIIPPn><sln:gmIIPWersja>2012-09-26T22:25:33+02:00</sln:gmIIPWersja><sln:gmIdTeryt>2475011</sln:gmIdTeryt><sln:gmNazwa>Sosnowiec</sln:gmNazwa><sln:miejscIIPId>a112e6af-d19b-4401-b127-7ef4716be4f9</sln:miejscIIPId><sln:miejscIIPPn>PL.PZGIK.200</sln:miejscIIPPn><sln:miejscIIPWersja>2016-11-24T13:47:23+02:00</sln:miejscIIPWersja><sln:miejscIdTeryt>0943470</sln:miejscIdTeryt><sln:miejscNazwa>Dębowa Góra</sln:miejscNazwa><sln:miejscRodzaj>Inny obiekt</sln:miejscRodzaj><sln:powIIPId>73b5670a-fff9-42bb-84aa-ee38ce582518</sln:powIIPId><sln:powIIPPn>PL.PZGIK.200</sln:powIIPPn><sln:powIIPWersja>2012-09-27T09:34:20+02:00</sln:powIIPWersja><sln:powIdTeryt>2475</sln:powIdTeryt><sln:powNazwa>Sosnowiec</sln:powNazwa><sln:wojIIPId>98a63fe6-1e56-4d05-9c47-ab4233f8a6ff</sln:wojIIPId><sln:wojIIPPn>PL.PZGIK.200</sln:wojIIPPn><sln:wojIIPWersja>2017-10-10T00:00:00+02:00</sln:wojIIPWersja><sln:wojIdTeryt>24</sln:wojIdTeryt><sln:wojNazwa>śląskie</sln:wojNazwa></sln:miejscowosc><sln:miejscowosc><sln:cyklZyciaOd>2014-11-28T00:00:00+01:00</sln:cyklZyciaOd><sln:gmIIPId>16e8ee5c-4693-4521-8957-a706b1e288d6</sln:gmIIPId><sln:gmIIPPn>PL.PZGIK.200</sln:gmIIPPn><sln:gmIIPWersja>2012-09-26T22:25:33+02:00</sln:gmIIPWersja><sln:gmIdTeryt>2475011</sln:gmIdTeryt><sln:gmNazwa>Sosnowiec</sln:gmNazwa><sln:miejscIIPId>a56d93ba-f6ea-451c-8966-167f54558b68</sln:miejscIIPId><sln:miejscIIPPn>PL.PZGIK.200</sln:miejscIIPPn><sln:miejscIIPWersja>2016-11-24T13:47:23+02:00</sln:miejscIIPWersja><sln:miejscIdTeryt>0943523</sln:miejscIdTeryt><sln:miejscNazwa>Kalety</sln:miejscNazwa><sln:miejscRodzaj>Inny obiekt</sln:miejscRodzaj><sln:powIIPId>73b5670a-fff9-42bb-84aa-ee38ce582518</sln:powIIPId><sln:powIIPPn>PL.PZGIK.200</sln:powIIPPn><sln:powIIPWersja>2012-09-27T09:34:20+02:00</sln:powIIPWersja><sln:powIdTeryt>2475</sln:powIdTeryt><sln:powNazwa>Sosnowiec</sln:powNazwa><sln:wojIIPId>98a63fe6-1e56-4d05-9c47-ab4233f8a6ff</sln:wojIIPId><sln:wojIIPPn>PL.PZGIK.200</sln:wojIIPPn><sln:wojIIPWersja>2017-10-10T00:00:00+02:00</sln:wojIIPWersja><sln:wojIdTeryt>24</sln:wojIdTeryt><sln:wojNazwa>śląskie</sln:wojNazwa></sln:miejscowosc></sln:lista-miejscowosci>