<?xml version="1.0" encoding="UTF-8" standalone="yes"?><sln:lista-miejscowosci xmlns:srv="http://gugik.gov.pl/schemas/slowniki-service/1.0" xmlns:sln="http://gugik.gov.pl/schemas/slowniki-schema/1.0"><sln:miejscowosc><sln:cyklZyciaDo>2017-04-18T00:00:00+02:00</sln:cyklZyciaDo><sln:cyklZyciaOd>2016-01-08T00:00:00+01:00</sln:cyklZyciaOd><sln:gmIIPId>4b46dd54-15d7-47b9-a5fb-dc067c866842</sln:gmIIPId><sln:gmIIPPn>PL.PZGIK.200</sln:gmIIPPn><sln:gmIIPWersja>2012-09-26T22:27:09+02:00</sln:gmIIPWersja><sln:gmIdTeryt>2417032</sln:gmIdTeryt><sln:gmNazwa>Gilowice</sln:gmNazwa><sln:miejscIIPId>0669bde8-643d-446b-9185-11558ca194d0</sln:miejscIIPId><sln:miejscIIPPn>PL.PZGIK.200</sln:miejscIIPPn><sln:miejscIIPWersja>2016-11-24T08:45:13+02:00</sln:miejscIIPWersja><sln:miejscIdTeryt>0051747</sln:miejscIdTeryt><sln:miejscNazwa>Gilowice</sln:miejscNazwa><sln:miejscRodzaj>Wieś</sln:miejscRodzaj><sln:powIIPId>87a03da4-a657-452c-a8f0-aa66c86c06ac</sln:powIIPId><sln:powIIPPn>PL.PZGIK.200</sln:powIIPPn><sln:powIIPWersja>2017-10-10T00:00:00+02:00</sln:powIIPWersja><sln:powIdTeryt>2417</sln:powIdTeryt><sln:powNazwa>żywiecki</sln:powNazwa><sln:waznyOd>2014-11-06T00:00:00+01:00</sln:waznyOd><sln:wojIIPId>98a63fe6-1e56-4d05-9c47-ab4233f8a6ff</sln:wojIIPId><sln:wojIIPPn>PL.PZGIK.200</sln:wojIIPPn><sln:wojIIPWersja>2017-10-10T00:00:00+02:00</sln:wojIIPWersja><sln:wojIdTeryt>24</sln:wojIdTeryt><sln:wojNazwa>śląskie</sln:wojNazwa></sln:miejscowosc><sln:miejscowosc><sln:cyklZyciaDo>2017-04-18T00:00:00+02:00</sln:cyklZyciaDo><sln:cyklZyciaOd>2016-01-08T00:00:00+01:00</sln:cyklZyciaOd><sln:gmIIPId>4b46dd54-15d7-47b9-a5fb-dc067c866842</sln:gmIIPId><sln:gmIIPPn>PL.PZGIK.200</sln:gmIIPPn><sln:gmIIPWersja>2012-09-26T22:27:09+02:00</sln:gmIIPWersja><sln:gmIdTeryt>2417032</sln:gmIdTeryt><sln:gmNazwa>Gilowice</sln:gmNazwa><sln:miejscIIPId>e0a6dcc0-d6b5-4c1b-b3bb-70ee971488a9</sln:miejscIIPId><sln:miejscIIPPn>PL.PZGIK.200</sln:miejscIIPPn><sln:miejscIIPWersja>2016-11-24T08:45:15+02:00</sln:miejscIIPWersja><sln:miejscIdTeryt>0051931</sln:miejscIdTeryt><sln:miejscNazwa>Rychwałd</sln:miejscNazwa><sln:miejscRodzaj>Wieś</sln:miejscRodzaj><sln:powIIPId>87a03da4-a657-452c-a8f0-aa66c86c06ac</sln:powIIPId><sln:powIIPPn>PL.PZGIK.200</sln:powIIPPn><sln:powIIPWersja>2017-10-10T00:00:00+02:00</sln:powIIPWersja><sln:powIdTeryt>2417</sln:powIdTeryt><sln:powNazwa>żywiecki</sln:powNazwa><sln:waznyOd>2014-11-06T00:00:00+01:00</sln:waznyOd><sln:wojIIPId>98a63fe6-1e56-4d05-9c47-ab4233f8a6ff</sln:wojIIPId><sln:wojIIPPn>PL.PZGIK.200</sln:wojIIPPn><sln:wojIIPWersja>2017-10-10T00:00:00+02:00</sln:wojIIPWersja><sln:wojIdTeryt>24</sln:wojIdTeryt><sln:wojNazwa>śląskie</sln:wojNazwa></sln:miejscowosc><sln:miejscowosc><sln:cyklZyciaDo>2015-12-31T00:00:00+01:00</sln:cyklZyciaDo><sln:cyklZyciaOd>2015-03-12T00:00:00+01:00</sln:cyklZyciaOd><sln:gmIIPId>4b46dd54-15d7-47b9-a5fb-dc067c866842</sln:gmIIPId><sln:gmIIPPn>PL.PZGIK.200</sln:gmIIPPn><sln:gmIIPWersja>2012-09-26T22:27:09+02:00</sln:gmIIPWersja><sln:gmIdTeryt>2417032</sln:gmIdTeryt><sln:gmNazwa>Gilowice</sln:gmNazwa><sln:miejscIIPId>0669bde8-643d-446b-9185-11558ca194d0</sln:miejscIIPId><sln:miejscIIPPn>PL.PZGIK.200</sln:miejscIIPPn><sln:miejscIIPWersja>2016-11-24T08:45:14+02:00</sln:miejscIIPWersja><sln:miejscIdTeryt>0051747</sln:miejscIdTeryt><sln:miejscNazwa>Gilowice</sln:miejscNazwa><sln:miejscRodzaj>Inny obiekt</sln:miejscRodzaj><sln:powIIPId>87a03da4-a657-452c-a8f0-aa66c86c06ac</sln:powIIPId><sln:powIIPPn>PL.PZGIK.200</sln:powIIPPn><sln:powIIPWersja>2017-10-10T00:00:00+02:00</sln:powIIPWersja><sln:powIdTeryt>2417</sln:powIdTeryt><sln:powNazwa>żywiecki</sln:powNazwa><sln:waznyOd>2014-11-06T00:00:00+01:00</sln:waznyOd><sln:wojIIPId>98a63fe6-1e56-4d05-9c47-ab4233f8a6ff</sln:wojIIPId><sln:wojIIPPn>PL.PZGIK.200</sln:wojIIPPn><sln:wojIIPWersja>2017-10-10T00:00:00+02:00</sln:wojIIPWersja><sln:wojIdTeryt>24</sln:wojIdTeryt><sln:wojNazwa>śląskie</sln:wojNazwa></sln:miejscowosc><sln:miejscowosc><sln:cyklZyciaDo>2015-12-31T00:00:00+01:00</sln:cyklZyciaDo><sln:cyklZyciaOd>2015-03-12T00:00:00+01:00</sln:cyklZyciaOd><sln:gmIIPId>4b46dd54-15d7-47b9-a5fb-dc067c866842</sln:gmIIPId><sln:gmIIPPn>PL.PZGIK.200</sln:gmIIPPn><sln:gmIIPWersja>2012-09-26T22:27:09+02:00</sln:gmIIPWersja><sln:gmIdTeryt>2417032</sln:gmIdTeryt><sln:gmNazwa>Gilowice</sln:gmNazwa><sln:miejscIIPId>e0a6dcc0-d6b5-4c1b-b3bb-70ee971488a9</sln:miejscIIPId><sln:miejscIIPPn>PL.PZGIK.200</sln:miejscIIPPn><sln:miejscIIPWersja>2016-11-24T08:45:16+02:00</sln:miejscIIPWersja><sln:miejscIdTeryt>0051931</sln:miejscIdTeryt><sln:miejscNazwa>Rychwałd</sln:miejscNazwa><sln:miejscRodzaj>Inny obiekt</sln:miejscRodzaj><sln:powIIPId>87a03da4-a657-452c-a8f0-aa66c86c06ac</sln:powIIPId><sln:powIIPPn>PL.PZGIK.200</sln:powIIPPn><sln:powIIPWersja>2017-10-10T00:00:00+02:00</sln:powIIPWersja><sln:powIdTeryt>2417</sln:powIdTeryt><sln:powNazwa>żywiecki</sln:powNazwa><sln:waznyOd>2014-11-06T00:00:00+01:00</sln:waznyOd><sln:wojIIPId>98a63fe6-1e56-4d05-9c47-ab4233f8a6ff</sln:wojIIPId><sln:wojIIPPn>PL.PZGIK.200</sln:wojIIPPn><sln:wojIIPWersja>2017-10-10T00:00:00+02:00</sln:wojIIPWersja><sln:wojIdTeryt>24</sln:wojIdTeryt><sln:wojNazwa>śląskie</sln:wojNazwa></sln:miejscowosc><sln:miejscowosc><sln:cyklZyciaDo>2016-01-08T00:00:00+01:00</sln:cyklZyciaDo><sln:cyklZyciaOd>2015-12-31T00:00:00+01:00</sln:cyklZyciaOd><sln:gmIIPId>4b46dd54-15d7-47b9-a5fb-dc067c866842</sln:gmIIPId><sln:gmIIPPn>PL.PZGIK.200</sln:gmIIPPn><sln:gmIIPWersja>2012-09-26T22:27:09+02:00</sln:gmIIPWersja><sln:gmIdTeryt>2417032</sln:gmIdTeryt><sln:gmNazwa>Gilowice</sln:gmNazwa><sln:miejscIIPId>0669bde8-643d-446b-9185-11558ca194d0</sln:miejscIIPId><sln:miejscIIPPn>PL.PZGIK.200</sln:miejscIIPPn><sln:miejscIIPWersja>2016-11-24T08:45:15+02:00</sln:miejscIIPWersja><sln:miejscIdTeryt>0051747</sln:miejscIdTeryt><sln:miejscNazwa>Gilowice</sln:miejscNazwa><sln:miejscRodzaj>Wieś</sln:miejscRodzaj><sln:powIIPId>87a03da4-a657-452c-a8f0-aa66c86c06ac</sln:powIIPId><sln:powIIPPn>PL.PZGIK.200</sln:powIIPPn><sln:powIIPWersja>2017-10-10T00:00:00+02:00</sln:powIIPWersja><sln:powIdTeryt>2417</sln:powIdTeryt><sln:powNazwa>żywiecki</sln:powNazwa><sln:waznyOd>2014-11-06T00:00:00+01:00</sln:waznyOd><sln:wojIIPId>98a63fe6-1e56-4d05-9c47-ab4233f8a6ff</sln:wojIIPId><sln:wojIIPPn>PL.PZGIK.200</sln:wojIIPPn><sln:wojIIPWersja>2017-10-10T00:00:00+02:00</sln:wojIIPWersja><sln:wojIdTeryt>24</sln:wojIdTeryt><sln:wojNazwa>śląskie</sln:wojNazwa></sln:miejscowosc><sln:miejscowosc><sln:cyklZyciaDo>2016-01-08T00:00:00+01:00</sln:cyklZyciaDo><sln:cyklZyciaOd>2015-12-31T00:00:00+01:00</sln:cyklZyciaOd><sln:gmIIPId>4b46dd54-15d7-47b9-a5fb-dc067c866842</sln:gmIIPId><sln:gmIIPPn>PL.PZGIK.200</sln:gmIIPPn><sln:gmIIPWersja>2012-09-26T22:27:09+02:00</sln:gmIIPWersja><sln:gmIdTeryt>2417032</sln:gmIdTeryt><sln:gmNazwa>Gilowice</sln:gmNazwa><sln:miejscIIPId>e0a6dcc0-d6b5-4c1b-b3bb-70ee971488a9</sln:miejscIIPId><sln:miejscIIPPn>PL.PZGIK.200</sln:miejscIIPPn><sln:miejscIIPWersja>2016-11-24T08:45:17+02:00</sln:miejscIIPWersja><sln:miejscIdTeryt>0051931</sln:miejscIdTeryt><sln:miejscNazwa>Rychwałd</sln:miejscNazwa><sln:miejscRodzaj>Wieś</sln:miejscRodzaj><sln:powIIPId>87a03da4-a657-452c-a8f0-aa66c86c06ac</sln:powIIPId><sln:powIIPPn>PL.PZGIK.200</sln:powIIPPn><sln:powIIPWersja>2017-10-10T00:00:00+02:00</sln:powIIPWersja><sln:powIdTeryt>2417</sln:powIdTeryt><sln:powNazwa>żywiecki</sln:powNazwa><sln:waznyOd>2014-11-06T00:00:00+01:00</sln:waznyOd><sln:wojIIPId>98a63fe6-1e56-4d05-9c47-ab4233f8a6ff</sln:wojIIPId><sln:wojIIPPn>PL.PZGIK.200</sln:wojIIPPn><sln:wojIIPWersja>2017-10-10T00:00:00+02:00</sln:wojIIPWersja><sln:wojIdTeryt>24</sln:wojIdTeryt><sln:wojNazwa>śląskie</sln:wojNazwa></sln:miejscowosc><sln:miejscowosc><sln:cyklZyciaOd>2017-04-18T00:00:00+02:00</sln:cyklZyciaOd><sln:gmIIPId>4b46dd54-15d7-47b9-a5fb-dc067c866842</sln:gmIIPId><sln:gmIIPPn>PL.PZGIK.200</sln:gmIIPPn><sln:gmIIPWersja>2012-09-26T22:27:09+02:00</sln:gmIIPWersja><sln:gmIdTeryt>2417032</sln:gmIdTeryt><sln:gmNazwa>Gilowice</sln:gmNazwa><sln:miejscIIPId>0669bde8-643d-446b-9185-11558ca194d0</sln:miejscIIPId><sln:miejscIIPPn>PL.PZGIK.200</sln:miejscIIPPn><sln:miejscIIPWersja>2017-04-18T13:54:42+02:00</sln:miejscIIPWersja><sln:miejscIdTeryt>0051747</sln:miejscIdTeryt><sln:miejscNazwa>Gilowice</sln:miejscNazwa><sln:miejscRodzaj>Wieś</sln:miejscRodzaj><sln:powIIPId>87a03da4-a657-452c-a8f0-aa66c86c06ac</sln:powIIPId><sln:powIIPPn>PL.PZGIK.200</sln:powIIPPn><sln:powIIPWersja>2017-10-10T00:00:00+02:00</sln:powIIPWersja><sln:powIdTeryt>2417</sln:powIdTeryt><sln:powNazwa>żywiecki</sln:powNazwa><sln:waznyOd>2014-11-06T00:00:00+01:00</sln:waznyOd><sln:wojIIPId>98a63fe6-1e56-4d05-9c47-ab4233f8a6ff</sln:wojIIPId><sln:wojIIPPn>PL.PZGIK.200</sln:wojIIPPn><sln:wojIIPWersja>2017-10-10T00:00:00+02:00</sln:wojIIPWersja><sln:wojIdTeryt>24</sln:wojIdTeryt><sln:wojNazwa>śląskie</sln:wojNazwa></sln:miejscowosc><sln:miejscowosc><sln:cyklZyciaOd>2017-04-18T00:00:00+02:00</sln:cyklZyciaOd><sln:gmIIPId>4b46dd54-15d7-47b9-a5fb-dc067c866842</sln:gmIIPId><sln:gmIIPPn>PL.PZGIK.200</sln:gmIIPPn><sln:gmIIPWersja>2012-09-26T22:27:09+02:00</sln:gmIIPWersja><sln:gmIdTeryt>2417032</sln:gmIdTeryt><sln:gmNazwa>Gilowice</sln:gmNazwa><sln:miejscIIPId>e0a6dcc0-d6b5-4c1b-b3bb-70ee971488a9</sln:miejscIIPId><sln:miejscIIPPn>PL.PZGIK.200</sln:miejscIIPPn><sln:miejscIIPWersja>2017-04-18T13:54:48+02:00</sln:miejscIIPWersja><sln:miejscIdTeryt>0051931</sln:miejscIdTeryt><sln:miejscNazwa>Rychwałd</sln:miejscNazwa><sln:miejscRodzaj>Wieś</sln:miejscRodzaj><sln:powIIPId>87a03da4-a657-452c-a8f0-aa66c86c06ac</sln:powIIPId><sln:powIIPPn>PL.PZGIK.200</sln:powIIPPn><sln:powIIPWersja>2017-10-10T00:00:00+02:00</sln:powIIPWersja><sln:powIdTeryt>2417</sln:powIdTeryt><sln:powNazwa>żywiecki</sln:powNazwa><sln:waznyOd>2014-11-06T00:00:00+01:00</sln:waznyOd><sln:wojIIPId>98a63fe6-1e56-4d05-9c47-ab4233f8a6ff</sln:wojIIPId><sln:wojIIPPn>PL.PZGIK.200</sln:wojIIPPn><sln:wojIIPWersja>2017-10-10T00:00:00+02:00</sln:wojIIPWersja><sln:wojIdTeryt>24</sln:wojIdTeryt><sln:wojNazwa>śląskie</sln:wojNazwa></sln:miejscowosc></sln:lista-miejscowosci>