<?xml version="1.0" encoding="UTF-8" standalone="yes"?><sln:lista-miejscowosci xmlns:srv="http://gugik.gov.pl/schemas/slowniki-service/1.0" xmlns:sln="http://gugik.gov.pl/schemas/slowniki-schema/1.0"><sln:miejscowosc><sln:cyklZyciaDo>2017-02-01T00:00:00+01:00</sln:cyklZyciaDo><sln:cyklZyciaOd>2014-12-03T00:00:00+01:00</sln:cyklZyciaOd><sln:gmIIPId>293723a0-b94b-43fb-9c0c-b2a6ac57aad3</sln:gmIIPId><sln:gmIIPPn>PL.PZGIK.200</sln:gmIIPPn><sln:gmIIPWersja>2012-09-26T22:27:40+02:00</sln:gmIIPWersja><sln:gmIdTeryt>2473011</sln:gmIdTeryt><sln:gmNazwa>Rybnik</sln:gmNazwa><sln:miejscIIPId>ab8bcca9-0461-417c-b4be-dadd0c05ce7c</sln:miejscIIPId><sln:miejscIIPPn>PL.PZGIK.200</sln:miejscIIPPn><sln:miejscIIPWersja>2016-11-24T13:46:25+02:00</sln:miejscIIPWersja><sln:miejscIdTeryt>0943032</sln:miejscIdTeryt><sln:miejscNazwa>Rybnicka Kuźnia</sln:miejscNazwa><sln:miejscRodzaj>Inny obiekt</sln:miejscRodzaj><sln:powIIPId>f72dfd05-0e4f-4807-adf9-906de2e85792</sln:powIIPId><sln:powIIPPn>PL.PZGIK.200</sln:powIIPPn><sln:powIIPWersja>2012-09-27T09:34:20+02:00</sln:powIIPWersja><sln:powIdTeryt>2473</sln:powIdTeryt><sln:powNazwa>Rybnik</sln:powNazwa><sln:wojIIPId>98a63fe6-1e56-4d05-9c47-ab4233f8a6ff</sln:wojIIPId><sln:wojIIPPn>PL.PZGIK.200</sln:wojIIPPn><sln:wojIIPWersja>2017-10-10T00:00:00+02:00</sln:wojIIPWersja><sln:wojIdTeryt>24</sln:wojIdTeryt><sln:wojNazwa>śląskie</sln:wojNazwa></sln:miejscowosc><sln:miejscowosc><sln:cyklZyciaDo>2017-02-01T00:00:00+01:00</sln:cyklZyciaDo><sln:cyklZyciaOd>2014-12-03T00:00:00+01:00</sln:cyklZyciaOd><sln:gmIIPId>293723a0-b94b-43fb-9c0c-b2a6ac57aad3</sln:gmIIPId><sln:gmIIPPn>PL.PZGIK.200</sln:gmIIPPn><sln:gmIIPWersja>2012-09-26T22:27:40+02:00</sln:gmIIPWersja><sln:gmIdTeryt>2473011</sln:gmIdTeryt><sln:gmNazwa>Rybnik</sln:gmNazwa><sln:miejscIIPId>c912f6ec-6d88-48c0-916d-2132212807be</sln:miejscIIPId><sln:miejscIIPPn>PL.PZGIK.200</sln:miejscIIPPn><sln:miejscIIPWersja>2016-11-24T13:46:25+02:00</sln:miejscIIPWersja><sln:miejscIdTeryt>0943026</sln:miejscIdTeryt><sln:miejscNazwa>Raszowiec</sln:miejscNazwa><sln:miejscRodzaj>Inny obiekt</sln:miejscRodzaj><sln:powIIPId>f72dfd05-0e4f-4807-adf9-906de2e85792</sln:powIIPId><sln:powIIPPn>PL.PZGIK.200</sln:powIIPPn><sln:powIIPWersja>2012-09-27T09:34:20+02:00</sln:powIIPWersja><sln:powIdTeryt>2473</sln:powIdTeryt><sln:powNazwa>Rybnik</sln:powNazwa><sln:wojIIPId>98a63fe6-1e56-4d05-9c47-ab4233f8a6ff</sln:wojIIPId><sln:wojIIPPn>PL.PZGIK.200</sln:wojIIPPn><sln:wojIIPWersja>2017-10-10T00:00:00+02:00</sln:wojIIPWersja><sln:wojIdTeryt>24</sln:wojIdTeryt><sln:wojNazwa>śląskie</sln:wojNazwa></sln:miejscowosc><sln:miejscowosc><sln:cyklZyciaDo>2017-02-01T00:00:00+01:00</sln:cyklZyciaDo><sln:cyklZyciaOd>2014-12-03T00:00:00+01:00</sln:cyklZyciaOd><sln:gmIIPId>293723a0-b94b-43fb-9c0c-b2a6ac57aad3</sln:gmIIPId><sln:gmIIPPn>PL.PZGIK.200</sln:gmIIPPn><sln:gmIIPWersja>2012-09-26T22:27:40+02:00</sln:gmIIPWersja><sln:gmIdTeryt>2473011</sln:gmIdTeryt><sln:gmNazwa>Rybnik</sln:gmNazwa><sln:miejscIIPId>533c0cea-9103-48e3-8380-6bd9eef60fe1</sln:miejscIIPId><sln:miejscIIPPn>PL.PZGIK.200</sln:miejscIIPPn><sln:miejscIIPWersja>2016-11-24T13:36:36+02:00</sln:miejscIIPWersja><sln:miejscIdTeryt>3011395</sln:miejscIdTeryt><sln:miejscNazwa>Osiedle Dworek</sln:miejscNazwa><sln:miejscRodzaj>Inny obiekt</sln:miejscRodzaj><sln:powIIPId>f72dfd05-0e4f-4807-adf9-906de2e85792</sln:powIIPId><sln:powIIPPn>PL.PZGIK.200</sln:powIIPPn><sln:powIIPWersja>2012-09-27T09:34:20+02:00</sln:powIIPWersja><sln:powIdTeryt>2473</sln:powIdTeryt><sln:powNazwa>Rybnik</sln:powNazwa><sln:wojIIPId>98a63fe6-1e56-4d05-9c47-ab4233f8a6ff</sln:wojIIPId><sln:wojIIPPn>PL.PZGIK.200</sln:wojIIPPn><sln:wojIIPWersja>2017-10-10T00:00:00+02:00</sln:wojIIPWersja><sln:wojIdTeryt>24</sln:wojIdTeryt><sln:wojNazwa>śląskie</sln:wojNazwa></sln:miejscowosc><sln:miejscowosc><sln:cyklZyciaDo>2017-02-01T00:00:00+01:00</sln:cyklZyciaDo><sln:cyklZyciaOd>2014-12-03T00:00:00+01:00</sln:cyklZyciaOd><sln:gmIIPId>293723a0-b94b-43fb-9c0c-b2a6ac57aad3</sln:gmIIPId><sln:gmIIPPn>PL.PZGIK.200</sln:gmIIPPn><sln:gmIIPWersja>2012-09-26T22:27:40+02:00</sln:gmIIPWersja><sln:gmIdTeryt>2473011</sln:gmIdTeryt><sln:gmNazwa>Rybnik</sln:gmNazwa><sln:miejscIIPId>44695e71-37a0-478a-b19c-30a608a576c8</sln:miejscIIPId><sln:miejscIIPPn>PL.PZGIK.200</sln:miejscIIPPn><sln:miejscIIPWersja>2016-11-24T13:36:36+02:00</sln:miejscIIPWersja><sln:miejscIdTeryt>3011427</sln:miejscIdTeryt><sln:miejscNazwa>Osiedle Nowiny</sln:miejscNazwa><sln:miejscRodzaj>Inny obiekt</sln:miejscRodzaj><sln:powIIPId>f72dfd05-0e4f-4807-adf9-906de2e85792</sln:powIIPId><sln:powIIPPn>PL.PZGIK.200</sln:powIIPPn><sln:powIIPWersja>2012-09-27T09:34:20+02:00</sln:powIIPWersja><sln:powIdTeryt>2473</sln:powIdTeryt><sln:powNazwa>Rybnik</sln:powNazwa><sln:wojIIPId>98a63fe6-1e56-4d05-9c47-ab4233f8a6ff</sln:wojIIPId><sln:wojIIPPn>PL.PZGIK.200</sln:wojIIPPn><sln:wojIIPWersja>2017-10-10T00:00:00+02:00</sln:wojIIPWersja><sln:wojIdTeryt>24</sln:wojIdTeryt><sln:wojNazwa>śląskie</sln:wojNazwa></sln:miejscowosc><sln:miejscowosc><sln:cyklZyciaDo>2017-02-01T00:00:00+01:00</sln:cyklZyciaDo><sln:cyklZyciaOd>2014-12-03T00:00:00+01:00</sln:cyklZyciaOd><sln:gmIIPId>293723a0-b94b-43fb-9c0c-b2a6ac57aad3</sln:gmIIPId><sln:gmIIPPn>PL.PZGIK.200</sln:gmIIPPn><sln:gmIIPWersja>2012-09-26T22:27:40+02:00</sln:gmIIPWersja><sln:gmIdTeryt>2473011</sln:gmIdTeryt><sln:gmNazwa>Rybnik</sln:gmNazwa><sln:miejscIIPId>3eadf214-9683-4171-8490-ea2a41a85bc1</sln:miejscIIPId><sln:miejscIIPPn>PL.PZGIK.200</sln:miejscIIPPn><sln:miejscIIPWersja>2016-11-24T13:46:25+02:00</sln:miejscIIPWersja><sln:miejscIdTeryt>0943115</sln:miejscIdTeryt><sln:miejscNazwa>Zebrzydowice</sln:miejscNazwa><sln:miejscRodzaj>Inny obiekt</sln:miejscRodzaj><sln:powIIPId>f72dfd05-0e4f-4807-adf9-906de2e85792</sln:powIIPId><sln:powIIPPn>PL.PZGIK.200</sln:powIIPPn><sln:powIIPWersja>2012-09-27T09:34:20+02:00</sln:powIIPWersja><sln:powIdTeryt>2473</sln:powIdTeryt><sln:powNazwa>Rybnik</sln:powNazwa><sln:wojIIPId>98a63fe6-1e56-4d05-9c47-ab4233f8a6ff</sln:wojIIPId><sln:wojIIPPn>PL.PZGIK.200</sln:wojIIPPn><sln:wojIIPWersja>2017-10-10T00:00:00+02:00</sln:wojIIPWersja><sln:wojIdTeryt>24</sln:wojIdTeryt><sln:wojNazwa>śląskie</sln:wojNazwa></sln:miejscowosc><sln:miejscowosc><sln:cyklZyciaDo>2017-02-01T00:00:00+01:00</sln:cyklZyciaDo><sln:cyklZyciaOd>2014-12-03T00:00:00+01:00</sln:cyklZyciaOd><sln:gmIIPId>293723a0-b94b-43fb-9c0c-b2a6ac57aad3</sln:gmIIPId><sln:gmIIPPn>PL.PZGIK.200</sln:gmIIPPn><sln:gmIIPWersja>2012-09-26T22:27:40+02:00</sln:gmIIPWersja><sln:gmIdTeryt>2473011</sln:gmIdTeryt><sln:gmNazwa>Rybnik</sln:gmNazwa><sln:miejscIIPId>a68e617a-deff-4823-b34c-e6ea67d1c7fe</sln:miejscIIPId><sln:miejscIIPPn>PL.PZGIK.200</sln:miejscIIPPn><sln:miejscIIPWersja>2016-11-24T13:36:36+02:00</sln:miejscIIPWersja><sln:miejscIdTeryt>3011433</sln:miejscIdTeryt><sln:miejscNazwa>Osiedle Południe</sln:miejscNazwa><sln:miejscRodzaj>Inny obiekt</sln:miejscRodzaj><sln:powIIPId>f72dfd05-0e4f-4807-adf9-906de2e85792</sln:powIIPId><sln:powIIPPn>PL.PZGIK.200</sln:powIIPPn><sln:powIIPWersja>2012-09-27T09:34:20+02:00</sln:powIIPWersja><sln:powIdTeryt>2473</sln:powIdTeryt><sln:powNazwa>Rybnik</sln:powNazwa><sln:wojIIPId>98a63fe6-1e56-4d05-9c47-ab4233f8a6ff</sln:wojIIPId><sln:wojIIPPn>PL.PZGIK.200</sln:wojIIPPn><sln:wojIIPWersja>2017-10-10T00:00:00+02:00</sln:wojIIPWersja><sln:wojIdTeryt>24</sln:wojIdTeryt><sln:wojNazwa>śląskie</sln:wojNazwa></sln:miejscowosc><sln:miejscowosc><sln:cyklZyciaDo>2017-02-01T00:00:00+01:00</sln:cyklZyciaDo><sln:cyklZyciaOd>2014-12-03T00:00:00+01:00</sln:cyklZyciaOd><sln:gmIIPId>293723a0-b94b-43fb-9c0c-b2a6ac57aad3</sln:gmIIPId><sln:gmIIPPn>PL.PZGIK.200</sln:gmIIPPn><sln:gmIIPWersja>2012-09-26T22:27:40+02:00</sln:gmIIPWersja><sln:gmIdTeryt>2473011</sln:gmIdTeryt><sln:gmNazwa>Rybnik</sln:gmNazwa><sln:miejscIIPId>d7872055-b83b-462b-8517-3bdaf0d92098</sln:miejscIIPId><sln:miejscIIPPn>PL.PZGIK.200</sln:miejscIIPPn><sln:miejscIIPWersja>2016-11-24T13:36:36+02:00</sln:miejscIIPWersja><sln:miejscIdTeryt>3011432</sln:miejscIdTeryt><sln:miejscNazwa>Podlesie</sln:miejscNazwa><sln:miejscRodzaj>Inny obiekt</sln:miejscRodzaj><sln:powIIPId>f72dfd05-0e4f-4807-adf9-906de2e85792</sln:powIIPId><sln:powIIPPn>PL.PZGIK.200</sln:powIIPPn><sln:powIIPWersja>2012-09-27T09:34:20+02:00</sln:powIIPWersja><sln:powIdTeryt>2473</sln:powIdTeryt><sln:powNazwa>Rybnik</sln:powNazwa><sln:wojIIPId>98a63fe6-1e56-4d05-9c47-ab4233f8a6ff</sln:wojIIPId><sln:wojIIPPn>PL.PZGIK.200</sln:wojIIPPn><sln:wojIIPWersja>2017-10-10T00:00:00+02:00</sln:wojIIPWersja><sln:wojIdTeryt>24</sln:wojIdTeryt><sln:wojNazwa>śląskie</sln:wojNazwa></sln:miejscowosc><sln:miejscowosc><sln:cyklZyciaDo>2017-02-01T00:00:00+01:00</sln:cyklZyciaDo><sln:cyklZyciaOd>2014-12-03T00:00:00+01:00</sln:cyklZyciaOd><sln:gmIIPId>293723a0-b94b-43fb-9c0c-b2a6ac57aad3</sln:gmIIPId><sln:gmIIPPn>PL.PZGIK.200</sln:gmIIPPn><sln:gmIIPWersja>2012-09-26T22:27:40+02:00</sln:gmIIPWersja><sln:gmIdTeryt>2473011</sln:gmIdTeryt><sln:gmNazwa>Rybnik</sln:gmNazwa><sln:miejscIIPId>bdfb8012-7bf9-4f9a-9bea-1e99df1e77d7</sln:miejscIIPId><sln:miejscIIPPn>PL.PZGIK.200</sln:miejscIIPPn><sln:miejscIIPWersja>2016-11-24T13:36:36+02:00</sln:miejscIIPWersja><sln:miejscIdTeryt>3011397</sln:miejscIdTeryt><sln:miejscNazwa>Kolonia Golejów</sln:miejscNazwa><sln:miejscRodzaj>Inny obiekt</sln:miejscRodzaj><sln:powIIPId>f72dfd05-0e4f-4807-adf9-906de2e85792</sln:powIIPId><sln:powIIPPn>PL.PZGIK.200</sln:powIIPPn><sln:powIIPWersja>2012-09-27T09:34:20+02:00</sln:powIIPWersja><sln:powIdTeryt>2473</sln:powIdTeryt><sln:powNazwa>Rybnik</sln:powNazwa><sln:wojIIPId>98a63fe6-1e56-4d05-9c47-ab4233f8a6ff</sln:wojIIPId><sln:wojIIPPn>PL.PZGIK.200</sln:wojIIPPn><sln:wojIIPWersja>2017-10-10T00:00:00+02:00</sln:wojIIPWersja><sln:wojIdTeryt>24</sln:wojIdTeryt><sln:wojNazwa>śląskie</sln:wojNazwa></sln:miejscowosc><sln:miejscowosc><sln:cyklZyciaDo>2017-02-01T00:00:00+01:00</sln:cyklZyciaDo><sln:cyklZyciaOd>2014-12-03T00:00:00+01:00</sln:cyklZyciaOd><sln:gmIIPId>293723a0-b94b-43fb-9c0c-b2a6ac57aad3</sln:gmIIPId><sln:gmIIPPn>PL.PZGIK.200</sln:gmIIPPn><sln:gmIIPWersja>2012-09-26T22:27:40+02:00</sln:gmIIPWersja><sln:gmIdTeryt>2473011</sln:gmIdTeryt><sln:gmNazwa>Rybnik</sln:gmNazwa><sln:miejscIIPId>b062f1c1-f9f2-4e2b-8a47-5cd325ccb946</sln:miejscIIPId><sln:miejscIIPPn>PL.PZGIK.200</sln:miejscIIPPn><sln:miejscIIPWersja>2016-11-24T13:36:36+02:00</sln:miejscIIPWersja><sln:miejscIdTeryt>3011391</sln:miejscIdTeryt><sln:miejscNazwa>Kolonia Daszyńskiego</sln:miejscNazwa><sln:miejscRodzaj>Inny obiekt</sln:miejscRodzaj><sln:powIIPId>f72dfd05-0e4f-4807-adf9-906de2e85792</sln:powIIPId><sln:powIIPPn>PL.PZGIK.200</sln:powIIPPn><sln:powIIPWersja>2012-09-27T09:34:20+02:00</sln:powIIPWersja><sln:powIdTeryt>2473</sln:powIdTeryt><sln:powNazwa>Rybnik</sln:powNazwa><sln:wojIIPId>98a63fe6-1e56-4d05-9c47-ab4233f8a6ff</sln:wojIIPId><sln:wojIIPPn>PL.PZGIK.200</sln:wojIIPPn><sln:wojIIPWersja>2017-10-10T00:00:00+02:00</sln:wojIIPWersja><sln:wojIdTeryt>24</sln:wojIdTeryt><sln:wojNazwa>śląskie</sln:wojNazwa></sln:miejscowosc><sln:miejscowosc><sln:cyklZyciaDo>2017-02-01T00:00:00+01:00</sln:cyklZyciaDo><sln:cyklZyciaOd>2014-12-03T00:00:00+01:00</sln:cyklZyciaOd><sln:gmIIPId>293723a0-b94b-43fb-9c0c-b2a6ac57aad3</sln:gmIIPId><sln:gmIIPPn>PL.PZGIK.200</sln:gmIIPPn><sln:gmIIPWersja>2012-09-26T22:27:40+02:00</sln:gmIIPWersja><sln:gmIdTeryt>2473011</sln:gmIdTeryt><sln:gmNazwa>Rybnik</sln:gmNazwa><sln:miejscIIPId>f4054202-c5ab-4f0a-8afd-ae25e8137fef</sln:miejscIIPId><sln:miejscIIPPn>PL.PZGIK.200</sln:miejscIIPPn><sln:miejscIIPWersja>2016-11-24T13:46:25+02:00</sln:miejscIIPWersja><sln:miejscIdTeryt>0942848</sln:miejscIdTeryt><sln:miejscNazwa>Gotartowice</sln:miejscNazwa><sln:miejscRodzaj>Inny obiekt</sln:miejscRodzaj><sln:powIIPId>f72dfd05-0e4f-4807-adf9-906de2e85792</sln:powIIPId><sln:powIIPPn>PL.PZGIK.200</sln:powIIPPn><sln:powIIPWersja>2012-09-27T09:34:20+02:00</sln:powIIPWersja><sln:powIdTeryt>2473</sln:powIdTeryt><sln:powNazwa>Rybnik</sln:powNazwa><sln:wojIIPId>98a63fe6-1e56-4d05-9c47-ab4233f8a6ff</sln:wojIIPId><sln:wojIIPPn>PL.PZGIK.200</sln:wojIIPPn><sln:wojIIPWersja>2017-10-10T00:00:00+02:00</sln:wojIIPWersja><sln:wojIdTeryt>24</sln:wojIdTeryt><sln:wojNazwa>śląskie</sln:wojNazwa></sln:miejscowosc><sln:miejscowosc><sln:cyklZyciaDo>2017-02-01T00:00:00+01:00</sln:cyklZyciaDo><sln:cyklZyciaOd>2014-12-03T00:00:00+01:00</sln:cyklZyciaOd><sln:gmIIPId>293723a0-b94b-43fb-9c0c-b2a6ac57aad3</sln:gmIIPId><sln:gmIIPPn>PL.PZGIK.200</sln:gmIIPPn><sln:gmIIPWersja>2012-09-26T22:27:40+02:00</sln:gmIIPWersja><sln:gmIdTeryt>2473011</sln:gmIdTeryt><sln:gmNazwa>Rybnik</sln:gmNazwa><sln:miejscIIPId>bbe47e35-080b-4cd9-9b20-a3d62d30bfa7</sln:miejscIIPId><sln:miejscIIPPn>PL.PZGIK.200</sln:miejscIIPPn><sln:miejscIIPWersja>2016-11-24T13:46:25+02:00</sln:miejscIIPWersja><sln:miejscIdTeryt>0942854</sln:miejscIdTeryt><sln:miejscNazwa>Grabownia</sln:miejscNazwa><sln:miejscRodzaj>Inny obiekt</sln:miejscRodzaj><sln:powIIPId>f72dfd05-0e4f-4807-adf9-906de2e85792</sln:powIIPId><sln:powIIPPn>PL.PZGIK.200</sln:powIIPPn><sln:powIIPWersja>2012-09-27T09:34:20+02:00</sln:powIIPWersja><sln:powIdTeryt>2473</sln:powIdTeryt><sln:powNazwa>Rybnik</sln:powNazwa><sln:wojIIPId>98a63fe6-1e56-4d05-9c47-ab4233f8a6ff</sln:wojIIPId><sln:wojIIPPn>PL.PZGIK.200</sln:wojIIPPn><sln:wojIIPWersja>2017-10-10T00:00:00+02:00</sln:wojIIPWersja><sln:wojIdTeryt>24</sln:wojIdTeryt><sln:wojNazwa>śląskie</sln:wojNazwa></sln:miejscowosc><sln:miejscowosc><sln:cyklZyciaDo>2017-02-01T00:00:00+01:00</sln:cyklZyciaDo><sln:cyklZyciaOd>2014-12-03T00:00:00+01:00</sln:cyklZyciaOd><sln:gmIIPId>293723a0-b94b-43fb-9c0c-b2a6ac57aad3</sln:gmIIPId><sln:gmIIPPn>PL.PZGIK.200</sln:gmIIPPn><sln:gmIIPWersja>2012-09-26T22:27:40+02:00</sln:gmIIPWersja><sln:gmIdTeryt>2473011</sln:gmIdTeryt><sln:gmNazwa>Rybnik</sln:gmNazwa><sln:miejscIIPId>3ab23560-bda2-485b-a6d5-48c3582da2c2</sln:miejscIIPId><sln:miejscIIPPn>PL.PZGIK.200</sln:miejscIIPPn><sln:miejscIIPWersja>2016-11-24T13:46:25+02:00</sln:miejscIIPWersja><sln:miejscIdTeryt>0942860</sln:miejscIdTeryt><sln:miejscNazwa>Gzel</sln:miejscNazwa><sln:miejscRodzaj>Inny obiekt</sln:miejscRodzaj><sln:powIIPId>f72dfd05-0e4f-4807-adf9-906de2e85792</sln:powIIPId><sln:powIIPPn>PL.PZGIK.200</sln:powIIPPn><sln:powIIPWersja>2012-09-27T09:34:20+02:00</sln:powIIPWersja><sln:powIdTeryt>2473</sln:powIdTeryt><sln:powNazwa>Rybnik</sln:powNazwa><sln:wojIIPId>98a63fe6-1e56-4d05-9c47-ab4233f8a6ff</sln:wojIIPId><sln:wojIIPPn>PL.PZGIK.200</sln:wojIIPPn><sln:wojIIPWersja>2017-10-10T00:00:00+02:00</sln:wojIIPWersja><sln:wojIdTeryt>24</sln:wojIdTeryt><sln:wojNazwa>śląskie</sln:wojNazwa></sln:miejscowosc><sln:miejscowosc><sln:cyklZyciaDo>2017-02-01T00:00:00+01:00</sln:cyklZyciaDo><sln:cyklZyciaOd>2014-12-03T00:00:00+01:00</sln:cyklZyciaOd><sln:gmIIPId>293723a0-b94b-43fb-9c0c-b2a6ac57aad3</sln:gmIIPId><sln:gmIIPPn>PL.PZGIK.200</sln:gmIIPPn><sln:gmIIPWersja>2012-09-26T22:27:40+02:00</sln:gmIIPWersja><sln:gmIdTeryt>2473011</sln:gmIdTeryt><sln:gmNazwa>Rybnik</sln:gmNazwa><sln:miejscIIPId>ec268561-03b9-4b62-acd2-dc005b633b6e</sln:miejscIIPId><sln:miejscIIPPn>PL.PZGIK.200</sln:miejscIIPPn><sln:miejscIIPWersja>2016-11-24T13:46:25+02:00</sln:miejscIIPWersja><sln:miejscIdTeryt>0943061</sln:miejscIdTeryt><sln:miejscNazwa>Strąkowiec</sln:miejscNazwa><sln:miejscRodzaj>Inny obiekt</sln:miejscRodzaj><sln:powIIPId>f72dfd05-0e4f-4807-adf9-906de2e85792</sln:powIIPId><sln:powIIPPn>PL.PZGIK.200</sln:powIIPPn><sln:powIIPWersja>2012-09-27T09:34:20+02:00</sln:powIIPWersja><sln:powIdTeryt>2473</sln:powIdTeryt><sln:powNazwa>Rybnik</sln:powNazwa><sln:wojIIPId>98a63fe6-1e56-4d05-9c47-ab4233f8a6ff</sln:wojIIPId><sln:wojIIPPn>PL.PZGIK.200</sln:wojIIPPn><sln:wojIIPWersja>2017-10-10T00:00:00+02:00</sln:wojIIPWersja><sln:wojIdTeryt>24</sln:wojIdTeryt><sln:wojNazwa>śląskie</sln:wojNazwa></sln:miejscowosc><sln:miejscowosc><sln:cyklZyciaDo>2017-02-01T00:00:00+01:00</sln:cyklZyciaDo><sln:cyklZyciaOd>2014-12-03T00:00:00+01:00</sln:cyklZyciaOd><sln:gmIIPId>293723a0-b94b-43fb-9c0c-b2a6ac57aad3</sln:gmIIPId><sln:gmIIPPn>PL.PZGIK.200</sln:gmIIPPn><sln:gmIIPWersja>2012-09-26T22:27:40+02:00</sln:gmIIPWersja><sln:gmIdTeryt>2473011</sln:gmIdTeryt><sln:gmNazwa>Rybnik</sln:gmNazwa><sln:miejscIIPId>222e9223-bd4b-473f-aa57-2714992d00a4</sln:miejscIIPId><sln:miejscIIPPn>PL.PZGIK.200</sln:miejscIIPPn><sln:miejscIIPWersja>2016-11-24T13:46:25+02:00</sln:miejscIIPWersja><sln:miejscIdTeryt>0942831</sln:miejscIdTeryt><sln:miejscNazwa>Golejów</sln:miejscNazwa><sln:miejscRodzaj>Inny obiekt</sln:miejscRodzaj><sln:powIIPId>f72dfd05-0e4f-4807-adf9-906de2e85792</sln:powIIPId><sln:powIIPPn>PL.PZGIK.200</sln:powIIPPn><sln:powIIPWersja>2012-09-27T09:34:20+02:00</sln:powIIPWersja><sln:powIdTeryt>2473</sln:powIdTeryt><sln:powNazwa>Rybnik</sln:powNazwa><sln:wojIIPId>98a63fe6-1e56-4d05-9c47-ab4233f8a6ff</sln:wojIIPId><sln:wojIIPPn>PL.PZGIK.200</sln:wojIIPPn><sln:wojIIPWersja>2017-10-10T00:00:00+02:00</sln:wojIIPWersja><sln:wojIdTeryt>24</sln:wojIdTeryt><sln:wojNazwa>śląskie</sln:wojNazwa></sln:miejscowosc><sln:miejscowosc><sln:cyklZyciaDo>2017-02-01T00:00:00+01:00</sln:cyklZyciaDo><sln:cyklZyciaOd>2014-12-03T00:00:00+01:00</sln:cyklZyciaOd><sln:gmIIPId>293723a0-b94b-43fb-9c0c-b2a6ac57aad3</sln:gmIIPId><sln:gmIIPPn>PL.PZGIK.200</sln:gmIIPPn><sln:gmIIPWersja>2012-09-26T22:27:40+02:00</sln:gmIIPWersja><sln:gmIdTeryt>2473011</sln:gmIdTeryt><sln:gmNazwa>Rybnik</sln:gmNazwa><sln:miejscIIPId>a7b735b7-b389-40d7-ae82-856b2084f746</sln:miejscIIPId><sln:miejscIIPPn>PL.PZGIK.200</sln:miejscIIPPn><sln:miejscIIPWersja>2016-11-24T13:46:25+02:00</sln:miejscIIPWersja><sln:miejscIdTeryt>0942825</sln:miejscIdTeryt><sln:miejscNazwa>Chwałowice</sln:miejscNazwa><sln:miejscRodzaj>Inny obiekt</sln:miejscRodzaj><sln:powIIPId>f72dfd05-0e4f-4807-adf9-906de2e85792</sln:powIIPId><sln:powIIPPn>PL.PZGIK.200</sln:powIIPPn><sln:powIIPWersja>2012-09-27T09:34:20+02:00</sln:powIIPWersja><sln:powIdTeryt>2473</sln:powIdTeryt><sln:powNazwa>Rybnik</sln:powNazwa><sln:wojIIPId>98a63fe6-1e56-4d05-9c47-ab4233f8a6ff</sln:wojIIPId><sln:wojIIPPn>PL.PZGIK.200</sln:wojIIPPn><sln:wojIIPWersja>2017-10-10T00:00:00+02:00</sln:wojIIPWersja><sln:wojIdTeryt>24</sln:wojIdTeryt><sln:wojNazwa>śląskie</sln:wojNazwa></sln:miejscowosc><sln:miejscowosc><sln:cyklZyciaDo>2017-02-01T00:00:00+01:00</sln:cyklZyciaDo><sln:cyklZyciaOd>2014-12-03T00:00:00+01:00</sln:cyklZyciaOd><sln:gmIIPId>293723a0-b94b-43fb-9c0c-b2a6ac57aad3</sln:gmIIPId><sln:gmIIPPn>PL.PZGIK.200</sln:gmIIPPn><sln:gmIIPWersja>2012-09-26T22:27:40+02:00</sln:gmIIPWersja><sln:gmIdTeryt>2473011</sln:gmIdTeryt><sln:gmNazwa>Rybnik</sln:gmNazwa><sln:miejscIIPId>2dc12cde-5e5e-4307-ade3-0f6bcb6c4390</sln:miejscIIPId><sln:miejscIIPPn>PL.PZGIK.200</sln:miejscIIPPn><sln:miejscIIPWersja>2016-11-24T13:36:36+02:00</sln:miejscIIPWersja><sln:miejscIdTeryt>3011399</sln:miejscIdTeryt><sln:miejscNazwa>Górka</sln:miejscNazwa><sln:miejscRodzaj>Inny obiekt</sln:miejscRodzaj><sln:powIIPId>f72dfd05-0e4f-4807-adf9-906de2e85792</sln:powIIPId><sln:powIIPPn>PL.PZGIK.200</sln:powIIPPn><sln:powIIPWersja>2012-09-27T09:34:20+02:00</sln:powIIPWersja><sln:powIdTeryt>2473</sln:powIdTeryt><sln:powNazwa>Rybnik</sln:powNazwa><sln:wojIIPId>98a63fe6-1e56-4d05-9c47-ab4233f8a6ff</sln:wojIIPId><sln:wojIIPPn>PL.PZGIK.200</sln:wojIIPPn><sln:wojIIPWersja>2017-10-10T00:00:00+02:00</sln:wojIIPWersja><sln:wojIdTeryt>24</sln:wojIdTeryt><sln:wojNazwa>śląskie</sln:wojNazwa></sln:miejscowosc><sln:miejscowosc><sln:cyklZyciaDo>2017-02-01T00:00:00+01:00</sln:cyklZyciaDo><sln:cyklZyciaOd>2014-12-03T00:00:00+01:00</sln:cyklZyciaOd><sln:gmIIPId>293723a0-b94b-43fb-9c0c-b2a6ac57aad3</sln:gmIIPId><sln:gmIIPPn>PL.PZGIK.200</sln:gmIIPPn><sln:gmIIPWersja>2012-09-26T22:27:40+02:00</sln:gmIIPWersja><sln:gmIdTeryt>2473011</sln:gmIdTeryt><sln:gmNazwa>Rybnik</sln:gmNazwa><sln:miejscIIPId>2b716531-bc98-4ce8-a0b4-d71d433924e3</sln:miejscIIPId><sln:miejscIIPPn>PL.PZGIK.200</sln:miejscIIPPn><sln:miejscIIPWersja>2016-11-24T13:46:25+02:00</sln:miejscIIPWersja><sln:miejscIdTeryt>0942950</sln:miejscIdTeryt><sln:miejscNazwa>Niewiadom Górny</sln:miejscNazwa><sln:miejscRodzaj>Inny obiekt</sln:miejscRodzaj><sln:powIIPId>f72dfd05-0e4f-4807-adf9-906de2e85792</sln:powIIPId><sln:powIIPPn>PL.PZGIK.200</sln:powIIPPn><sln:powIIPWersja>2012-09-27T09:34:20+02:00</sln:powIIPWersja><sln:powIdTeryt>2473</sln:powIdTeryt><sln:powNazwa>Rybnik</sln:powNazwa><sln:wojIIPId>98a63fe6-1e56-4d05-9c47-ab4233f8a6ff</sln:wojIIPId><sln:wojIIPPn>PL.PZGIK.200</sln:wojIIPPn><sln:wojIIPWersja>2017-10-10T00:00:00+02:00</sln:wojIIPWersja><sln:wojIdTeryt>24</sln:wojIdTeryt><sln:wojNazwa>śląskie</sln:wojNazwa></sln:miejscowosc><sln:miejscowosc><sln:cyklZyciaDo>2017-02-01T00:00:00+01:00</sln:cyklZyciaDo><sln:cyklZyciaOd>2014-12-03T00:00:00+01:00</sln:cyklZyciaOd><sln:gmIIPId>293723a0-b94b-43fb-9c0c-b2a6ac57aad3</sln:gmIIPId><sln:gmIIPPn>PL.PZGIK.200</sln:gmIIPPn><sln:gmIIPWersja>2012-09-26T22:27:40+02:00</sln:gmIIPWersja><sln:gmIdTeryt>2473011</sln:gmIdTeryt><sln:gmNazwa>Rybnik</sln:gmNazwa><sln:miejscIIPId>a021eac5-599f-4d2f-8b85-711d3f326647</sln:miejscIIPId><sln:miejscIIPPn>PL.PZGIK.200</sln:miejscIIPPn><sln:miejscIIPWersja>2016-11-24T13:46:25+02:00</sln:miejscIIPWersja><sln:miejscIdTeryt>0942972</sln:miejscIdTeryt><sln:miejscNazwa>Orzepowice</sln:miejscNazwa><sln:miejscRodzaj>Inny obiekt</sln:miejscRodzaj><sln:powIIPId>f72dfd05-0e4f-4807-adf9-906de2e85792</sln:powIIPId><sln:powIIPPn>PL.PZGIK.200</sln:powIIPPn><sln:powIIPWersja>2012-09-27T09:34:20+02:00</sln:powIIPWersja><sln:powIdTeryt>2473</sln:powIdTeryt><sln:powNazwa>Rybnik</sln:powNazwa><sln:wojIIPId>98a63fe6-1e56-4d05-9c47-ab4233f8a6ff</sln:wojIIPId><sln:wojIIPPn>PL.PZGIK.200</sln:wojIIPPn><sln:wojIIPWersja>2017-10-10T00:00:00+02:00</sln:wojIIPWersja><sln:wojIdTeryt>24</sln:wojIdTeryt><sln:wojNazwa>śląskie</sln:wojNazwa></sln:miejscowosc><sln:miejscowosc><sln:cyklZyciaDo>2017-02-01T00:00:00+01:00</sln:cyklZyciaDo><sln:cyklZyciaOd>2014-12-03T00:00:00+01:00</sln:cyklZyciaOd><sln:gmIIPId>293723a0-b94b-43fb-9c0c-b2a6ac57aad3</sln:gmIIPId><sln:gmIIPPn>PL.PZGIK.200</sln:gmIIPPn><sln:gmIIPWersja>2012-09-26T22:27:40+02:00</sln:gmIIPWersja><sln:gmIdTeryt>2473011</sln:gmIdTeryt><sln:gmNazwa>Rybnik</sln:gmNazwa><sln:miejscIIPId>cdada756-65a3-4299-bdbd-c99c423d1b6e</sln:miejscIIPId><sln:miejscIIPPn>PL.PZGIK.200</sln:miejscIIPPn><sln:miejscIIPWersja>2016-11-24T13:46:25+02:00</sln:miejscIIPWersja><sln:miejscIdTeryt>0219030</sln:miejscIdTeryt><sln:miejscNazwa>Ochojec</sln:miejscNazwa><sln:miejscRodzaj>Inny obiekt</sln:miejscRodzaj><sln:powIIPId>f72dfd05-0e4f-4807-adf9-906de2e85792</sln:powIIPId><sln:powIIPPn>PL.PZGIK.200</sln:powIIPPn><sln:powIIPWersja>2012-09-27T09:34:20+02:00</sln:powIIPWersja><sln:powIdTeryt>2473</sln:powIdTeryt><sln:powNazwa>Rybnik</sln:powNazwa><sln:wojIIPId>98a63fe6-1e56-4d05-9c47-ab4233f8a6ff</sln:wojIIPId><sln:wojIIPPn>PL.PZGIK.200</sln:wojIIPPn><sln:wojIIPWersja>2017-10-10T00:00:00+02:00</sln:wojIIPWersja><sln:wojIdTeryt>24</sln:wojIdTeryt><sln:wojNazwa>śląskie</sln:wojNazwa></sln:miejscowosc><sln:miejscowosc><sln:cyklZyciaDo>2017-02-01T00:00:00+01:00</sln:cyklZyciaDo><sln:cyklZyciaOd>2014-12-03T00:00:00+01:00</sln:cyklZyciaOd><sln:gmIIPId>293723a0-b94b-43fb-9c0c-b2a6ac57aad3</sln:gmIIPId><sln:gmIIPPn>PL.PZGIK.200</sln:gmIIPPn><sln:gmIIPWersja>2012-09-26T22:27:40+02:00</sln:gmIIPWersja><sln:gmIdTeryt>2473011</sln:gmIdTeryt><sln:gmNazwa>Rybnik</sln:gmNazwa><sln:miejscIIPId>12c7661a-f47c-4e81-be0f-2f4f287a735c</sln:miejscIIPId><sln:miejscIIPPn>PL.PZGIK.200</sln:miejscIIPPn><sln:miejscIIPWersja>2016-11-24T13:46:25+02:00</sln:miejscIIPWersja><sln:miejscIdTeryt>0942966</sln:miejscIdTeryt><sln:miejscNazwa>Nowy Dwór</sln:miejscNazwa><sln:miejscRodzaj>Inny obiekt</sln:miejscRodzaj><sln:powIIPId>f72dfd05-0e4f-4807-adf9-906de2e85792</sln:powIIPId><sln:powIIPPn>PL.PZGIK.200</sln:powIIPPn><sln:powIIPWersja>2012-09-27T09:34:20+02:00</sln:powIIPWersja><sln:powIdTeryt>2473</sln:powIdTeryt><sln:powNazwa>Rybnik</sln:powNazwa><sln:wojIIPId>98a63fe6-1e56-4d05-9c47-ab4233f8a6ff</sln:wojIIPId><sln:wojIIPPn>PL.PZGIK.200</sln:wojIIPPn><sln:wojIIPWersja>2017-10-10T00:00:00+02:00</sln:wojIIPWersja><sln:wojIdTeryt>24</sln:wojIdTeryt><sln:wojNazwa>śląskie</sln:wojNazwa></sln:miejscowosc><sln:miejscowosc><sln:cyklZyciaDo>2017-02-01T00:00:00+01:00</sln:cyklZyciaDo><sln:cyklZyciaOd>2014-12-03T00:00:00+01:00</sln:cyklZyciaOd><sln:gmIIPId>293723a0-b94b-43fb-9c0c-b2a6ac57aad3</sln:gmIIPId><sln:gmIIPPn>PL.PZGIK.200</sln:gmIIPPn><sln:gmIIPWersja>2012-09-26T22:27:40+02:00</sln:gmIIPWersja><sln:gmIdTeryt>2473011</sln:gmIdTeryt><sln:gmNazwa>Rybnik</sln:gmNazwa><sln:miejscIIPId>acc66a7e-f177-4426-a3b0-64d616e1e86b</sln:miejscIIPId><sln:miejscIIPPn>PL.PZGIK.200</sln:miejscIIPPn><sln:miejscIIPWersja>2016-11-24T13:36:36+02:00</sln:miejscIIPWersja><sln:miejscIdTeryt>3011415</sln:miejscIdTeryt><sln:miejscNazwa>Ławczok</sln:miejscNazwa><sln:miejscRodzaj>Inny obiekt</sln:miejscRodzaj><sln:powIIPId>f72dfd05-0e4f-4807-adf9-906de2e85792</sln:powIIPId><sln:powIIPPn>PL.PZGIK.200</sln:powIIPPn><sln:powIIPWersja>2012-09-27T09:34:20+02:00</sln:powIIPWersja><sln:powIdTeryt>2473</sln:powIdTeryt><sln:powNazwa>Rybnik</sln:powNazwa><sln:wojIIPId>98a63fe6-1e56-4d05-9c47-ab4233f8a6ff</sln:wojIIPId><sln:wojIIPPn>PL.PZGIK.200</sln:wojIIPPn><sln:wojIIPWersja>2017-10-10T00:00:00+02:00</sln:wojIIPWersja><sln:wojIdTeryt>24</sln:wojIdTeryt><sln:wojNazwa>śląskie</sln:wojNazwa></sln:miejscowosc><sln:miejscowosc><sln:cyklZyciaDo>2017-02-01T00:00:00+01:00</sln:cyklZyciaDo><sln:cyklZyciaOd>2014-12-03T00:00:00+01:00</sln:cyklZyciaOd><sln:gmIIPId>293723a0-b94b-43fb-9c0c-b2a6ac57aad3</sln:gmIIPId><sln:gmIIPPn>PL.PZGIK.200</sln:gmIIPPn><sln:gmIIPWersja>2012-09-26T22:27:40+02:00</sln:gmIIPWersja><sln:gmIdTeryt>2473011</sln:gmIdTeryt><sln:gmNazwa>Rybnik</sln:gmNazwa><sln:miejscIIPId>8722fd01-2c68-45b4-935e-82eb01a7f44e</sln:miejscIIPId><sln:miejscIIPPn>PL.PZGIK.200</sln:miejscIIPPn><sln:miejscIIPWersja>2016-11-24T13:36:36+02:00</sln:miejscIIPWersja><sln:miejscIdTeryt>3011414</sln:miejscIdTeryt><sln:miejscNazwa>Lasoki</sln:miejscNazwa><sln:miejscRodzaj>Inny obiekt</sln:miejscRodzaj><sln:powIIPId>f72dfd05-0e4f-4807-adf9-906de2e85792</sln:powIIPId><sln:powIIPPn>PL.PZGIK.200</sln:powIIPPn><sln:powIIPWersja>2012-09-27T09:34:20+02:00</sln:powIIPWersja><sln:powIdTeryt>2473</sln:powIdTeryt><sln:powNazwa>Rybnik</sln:powNazwa><sln:wojIIPId>98a63fe6-1e56-4d05-9c47-ab4233f8a6ff</sln:wojIIPId><sln:wojIIPPn>PL.PZGIK.200</sln:wojIIPPn><sln:wojIIPWersja>2017-10-10T00:00:00+02:00</sln:wojIIPWersja><sln:wojIdTeryt>24</sln:wojIdTeryt><sln:wojNazwa>śląskie</sln:wojNazwa></sln:miejscowosc><sln:miejscowosc><sln:cyklZyciaDo>2017-02-01T00:00:00+01:00</sln:cyklZyciaDo><sln:cyklZyciaOd>2014-12-03T00:00:00+01:00</sln:cyklZyciaOd><sln:gmIIPId>293723a0-b94b-43fb-9c0c-b2a6ac57aad3</sln:gmIIPId><sln:gmIIPPn>PL.PZGIK.200</sln:gmIIPPn><sln:gmIIPWersja>2012-09-26T22:27:40+02:00</sln:gmIIPWersja><sln:gmIdTeryt>2473011</sln:gmIdTeryt><sln:gmNazwa>Rybnik</sln:gmNazwa><sln:miejscIIPId>723aaf93-f945-441c-aef6-e5a7c0d6bb02</sln:miejscIIPId><sln:miejscIIPPn>PL.PZGIK.200</sln:miejscIIPPn><sln:miejscIIPWersja>2016-11-24T13:46:25+02:00</sln:miejscIIPWersja><sln:miejscIdTeryt>0942819</sln:miejscIdTeryt><sln:miejscNazwa>Chwałęcice</sln:miejscNazwa><sln:miejscRodzaj>Inny obiekt</sln:miejscRodzaj><sln:powIIPId>f72dfd05-0e4f-4807-adf9-906de2e85792</sln:powIIPId><sln:powIIPPn>PL.PZGIK.200</sln:powIIPPn><sln:powIIPWersja>2012-09-27T09:34:20+02:00</sln:powIIPWersja><sln:powIdTeryt>2473</sln:powIdTeryt><sln:powNazwa>Rybnik</sln:powNazwa><sln:wojIIPId>98a63fe6-1e56-4d05-9c47-ab4233f8a6ff</sln:wojIIPId><sln:wojIIPPn>PL.PZGIK.200</sln:wojIIPPn><sln:wojIIPWersja>2017-10-10T00:00:00+02:00</sln:wojIIPWersja><sln:wojIdTeryt>24</sln:wojIdTeryt><sln:wojNazwa>śląskie</sln:wojNazwa></sln:miejscowosc><sln:miejscowosc><sln:cyklZyciaDo>2017-02-01T00:00:00+01:00</sln:cyklZyciaDo><sln:cyklZyciaOd>2014-12-03T00:00:00+01:00</sln:cyklZyciaOd><sln:gmIIPId>293723a0-b94b-43fb-9c0c-b2a6ac57aad3</sln:gmIIPId><sln:gmIIPPn>PL.PZGIK.200</sln:gmIIPPn><sln:gmIIPWersja>2012-09-26T22:27:40+02:00</sln:gmIIPWersja><sln:gmIdTeryt>2473011</sln:gmIdTeryt><sln:gmNazwa>Rybnik</sln:gmNazwa><sln:miejscIIPId>58f67c38-6ca8-42e2-a47a-425b800ada0e</sln:miejscIIPId><sln:miejscIIPPn>PL.PZGIK.200</sln:miejscIIPPn><sln:miejscIIPWersja>2016-11-24T13:46:25+02:00</sln:miejscIIPWersja><sln:miejscIdTeryt>0943078</sln:miejscIdTeryt><sln:miejscNazwa>Świercze</sln:miejscNazwa><sln:miejscRodzaj>Inny obiekt</sln:miejscRodzaj><sln:powIIPId>f72dfd05-0e4f-4807-adf9-906de2e85792</sln:powIIPId><sln:powIIPPn>PL.PZGIK.200</sln:powIIPPn><sln:powIIPWersja>2012-09-27T09:34:20+02:00</sln:powIIPWersja><sln:powIdTeryt>2473</sln:powIdTeryt><sln:powNazwa>Rybnik</sln:powNazwa><sln:wojIIPId>98a63fe6-1e56-4d05-9c47-ab4233f8a6ff</sln:wojIIPId><sln:wojIIPPn>PL.PZGIK.200</sln:wojIIPPn><sln:wojIIPWersja>2017-10-10T00:00:00+02:00</sln:wojIIPWersja><sln:wojIdTeryt>24</sln:wojIdTeryt><sln:wojNazwa>śląskie</sln:wojNazwa></sln:miejscowosc><sln:miejscowosc><sln:cyklZyciaDo>2017-02-01T00:00:00+01:00</sln:cyklZyciaDo><sln:cyklZyciaOd>2014-12-03T00:00:00+01:00</sln:cyklZyciaOd><sln:gmIIPId>293723a0-b94b-43fb-9c0c-b2a6ac57aad3</sln:gmIIPId><sln:gmIIPPn>PL.PZGIK.200</sln:gmIIPPn><sln:gmIIPWersja>2012-09-26T22:27:40+02:00</sln:gmIIPWersja><sln:gmIdTeryt>2473011</sln:gmIdTeryt><sln:gmNazwa>Rybnik</sln:gmNazwa><sln:miejscIIPId>b5f1a408-fbf1-46dd-9440-571ea87211ef</sln:miejscIIPId><sln:miejscIIPPn>PL.PZGIK.200</sln:miejscIIPPn><sln:miejscIIPWersja>2016-11-24T13:46:25+02:00</sln:miejscIIPWersja><sln:miejscIdTeryt>0942802</sln:miejscIdTeryt><sln:miejscNazwa>Buglowiec</sln:miejscNazwa><sln:miejscRodzaj>Inny obiekt</sln:miejscRodzaj><sln:powIIPId>f72dfd05-0e4f-4807-adf9-906de2e85792</sln:powIIPId><sln:powIIPPn>PL.PZGIK.200</sln:powIIPPn><sln:powIIPWersja>2012-09-27T09:34:20+02:00</sln:powIIPWersja><sln:powIdTeryt>2473</sln:powIdTeryt><sln:powNazwa>Rybnik</sln:powNazwa><sln:wojIIPId>98a63fe6-1e56-4d05-9c47-ab4233f8a6ff</sln:wojIIPId><sln:wojIIPPn>PL.PZGIK.200</sln:wojIIPPn><sln:wojIIPWersja>2017-10-10T00:00:00+02:00</sln:wojIIPWersja><sln:wojIdTeryt>24</sln:wojIdTeryt><sln:wojNazwa>śląskie</sln:wojNazwa></sln:miejscowosc><sln:miejscowosc><sln:cyklZyciaDo>2017-02-01T00:00:00+01:00</sln:cyklZyciaDo><sln:cyklZyciaOd>2014-12-03T00:00:00+01:00</sln:cyklZyciaOd><sln:gmIIPId>293723a0-b94b-43fb-9c0c-b2a6ac57aad3</sln:gmIIPId><sln:gmIIPPn>PL.PZGIK.200</sln:gmIIPPn><sln:gmIIPWersja>2012-09-26T22:27:40+02:00</sln:gmIIPWersja><sln:gmIdTeryt>2473011</sln:gmIdTeryt><sln:gmNazwa>Rybnik</sln:gmNazwa><sln:miejscIIPId>b7a86380-ea93-4dc6-95bb-6e09c7c46484</sln:miejscIIPId><sln:miejscIIPPn>PL.PZGIK.200</sln:miejscIIPPn><sln:miejscIIPWersja>2016-11-24T13:36:36+02:00</sln:miejscIIPWersja><sln:miejscIdTeryt>3011422</sln:miejscIdTeryt><sln:miejscNazwa>Osiedle Morcinka</sln:miejscNazwa><sln:miejscRodzaj>Inny obiekt</sln:miejscRodzaj><sln:powIIPId>f72dfd05-0e4f-4807-adf9-906de2e85792</sln:powIIPId><sln:powIIPPn>PL.PZGIK.200</sln:powIIPPn><sln:powIIPWersja>2012-09-27T09:34:20+02:00</sln:powIIPWersja><sln:powIdTeryt>2473</sln:powIdTeryt><sln:powNazwa>Rybnik</sln:powNazwa><sln:wojIIPId>98a63fe6-1e56-4d05-9c47-ab4233f8a6ff</sln:wojIIPId><sln:wojIIPPn>PL.PZGIK.200</sln:wojIIPPn><sln:wojIIPWersja>2017-10-10T00:00:00+02:00</sln:wojIIPWersja><sln:wojIdTeryt>24</sln:wojIdTeryt><sln:wojNazwa>śląskie</sln:wojNazwa></sln:miejscowosc><sln:miejscowosc><sln:cyklZyciaDo>2017-02-01T00:00:00+01:00</sln:cyklZyciaDo><sln:cyklZyciaOd>2014-12-03T00:00:00+01:00</sln:cyklZyciaOd><sln:gmIIPId>293723a0-b94b-43fb-9c0c-b2a6ac57aad3</sln:gmIIPId><sln:gmIIPPn>PL.PZGIK.200</sln:gmIIPPn><sln:gmIIPWersja>2012-09-26T22:27:40+02:00</sln:gmIIPWersja><sln:gmIdTeryt>2473011</sln:gmIdTeryt><sln:gmNazwa>Rybnik</sln:gmNazwa><sln:miejscIIPId>d0039c80-c4ad-43ae-a0db-a59fe9303300</sln:miejscIIPId><sln:miejscIIPPn>PL.PZGIK.200</sln:miejscIIPPn><sln:miejscIIPWersja>2016-11-24T13:36:36+02:00</sln:miejscIIPWersja><sln:miejscIdTeryt>3011419</sln:miejscIdTeryt><sln:miejscNazwa>Osiedle Martinowiec</sln:miejscNazwa><sln:miejscRodzaj>Inny obiekt</sln:miejscRodzaj><sln:powIIPId>f72dfd05-0e4f-4807-adf9-906de2e85792</sln:powIIPId><sln:powIIPPn>PL.PZGIK.200</sln:powIIPPn><sln:powIIPWersja>2012-09-27T09:34:20+02:00</sln:powIIPWersja><sln:powIdTeryt>2473</sln:powIdTeryt><sln:powNazwa>Rybnik</sln:powNazwa><sln:wojIIPId>98a63fe6-1e56-4d05-9c47-ab4233f8a6ff</sln:wojIIPId><sln:wojIIPPn>PL.PZGIK.200</sln:wojIIPPn><sln:wojIIPWersja>2017-10-10T00:00:00+02:00</sln:wojIIPWersja><sln:wojIdTeryt>24</sln:wojIdTeryt><sln:wojNazwa>śląskie</sln:wojNazwa></sln:miejscowosc><sln:miejscowosc><sln:cyklZyciaDo>2017-02-01T00:00:00+01:00</sln:cyklZyciaDo><sln:cyklZyciaOd>2014-12-03T00:00:00+01:00</sln:cyklZyciaOd><sln:gmIIPId>293723a0-b94b-43fb-9c0c-b2a6ac57aad3</sln:gmIIPId><sln:gmIIPPn>PL.PZGIK.200</sln:gmIIPPn><sln:gmIIPWersja>2012-09-26T22:27:40+02:00</sln:gmIIPWersja><sln:gmIdTeryt>2473011</sln:gmIdTeryt><sln:gmNazwa>Rybnik</sln:gmNazwa><sln:miejscIIPId>38886072-999e-4910-a919-22cba4b3d99a</sln:miejscIIPId><sln:miejscIIPPn>PL.PZGIK.200</sln:miejscIIPPn><sln:miejscIIPWersja>2016-11-24T13:36:36+02:00</sln:miejscIIPWersja><sln:miejscIdTeryt>3011423</sln:miejscIdTeryt><sln:miejscNazwa>Na Młynku</sln:miejscNazwa><sln:miejscRodzaj>Inny obiekt</sln:miejscRodzaj><sln:powIIPId>f72dfd05-0e4f-4807-adf9-906de2e85792</sln:powIIPId><sln:powIIPPn>PL.PZGIK.200</sln:powIIPPn><sln:powIIPWersja>2012-09-27T09:34:20+02:00</sln:powIIPWersja><sln:powIdTeryt>2473</sln:powIdTeryt><sln:powNazwa>Rybnik</sln:powNazwa><sln:wojIIPId>98a63fe6-1e56-4d05-9c47-ab4233f8a6ff</sln:wojIIPId><sln:wojIIPPn>PL.PZGIK.200</sln:wojIIPPn><sln:wojIIPWersja>2017-10-10T00:00:00+02:00</sln:wojIIPWersja><sln:wojIdTeryt>24</sln:wojIdTeryt><sln:wojNazwa>śląskie</sln:wojNazwa></sln:miejscowosc><sln:miejscowosc><sln:cyklZyciaDo>2017-02-01T00:00:00+01:00</sln:cyklZyciaDo><sln:cyklZyciaOd>2014-12-03T00:00:00+01:00</sln:cyklZyciaOd><sln:gmIIPId>293723a0-b94b-43fb-9c0c-b2a6ac57aad3</sln:gmIIPId><sln:gmIIPPn>PL.PZGIK.200</sln:gmIIPPn><sln:gmIIPWersja>2012-09-26T22:27:40+02:00</sln:gmIIPWersja><sln:gmIdTeryt>2473011</sln:gmIdTeryt><sln:gmNazwa>Rybnik</sln:gmNazwa><sln:miejscIIPId>1889ea54-3c6d-43d7-9ddf-95498691c603</sln:miejscIIPId><sln:miejscIIPPn>PL.PZGIK.200</sln:miejscIIPPn><sln:miejscIIPWersja>2016-11-24T13:36:36+02:00</sln:miejscIIPWersja><sln:miejscIdTeryt>3011417</sln:miejscIdTeryt><sln:miejscNazwa>Maroko</sln:miejscNazwa><sln:miejscRodzaj>Inny obiekt</sln:miejscRodzaj><sln:powIIPId>f72dfd05-0e4f-4807-adf9-906de2e85792</sln:powIIPId><sln:powIIPPn>PL.PZGIK.200</sln:powIIPPn><sln:powIIPWersja>2012-09-27T09:34:20+02:00</sln:powIIPWersja><sln:powIdTeryt>2473</sln:powIdTeryt><sln:powNazwa>Rybnik</sln:powNazwa><sln:wojIIPId>98a63fe6-1e56-4d05-9c47-ab4233f8a6ff</sln:wojIIPId><sln:wojIIPPn>PL.PZGIK.200</sln:wojIIPPn><sln:wojIIPWersja>2017-10-10T00:00:00+02:00</sln:wojIIPWersja><sln:wojIdTeryt>24</sln:wojIdTeryt><sln:wojNazwa>śląskie</sln:wojNazwa></sln:miejscowosc><sln:miejscowosc><sln:cyklZyciaDo>2017-02-01T00:00:00+01:00</sln:cyklZyciaDo><sln:cyklZyciaOd>2014-12-03T00:00:00+01:00</sln:cyklZyciaOd><sln:gmIIPId>293723a0-b94b-43fb-9c0c-b2a6ac57aad3</sln:gmIIPId><sln:gmIIPPn>PL.PZGIK.200</sln:gmIIPPn><sln:gmIIPWersja>2012-09-26T22:27:40+02:00</sln:gmIIPWersja><sln:gmIdTeryt>2473011</sln:gmIdTeryt><sln:gmNazwa>Rybnik</sln:gmNazwa><sln:miejscIIPId>abb323c5-39bc-4d2b-82b8-6e2adacc2fc5</sln:miejscIIPId><sln:miejscIIPPn>PL.PZGIK.200</sln:miejscIIPPn><sln:miejscIIPWersja>2016-11-24T13:46:25+02:00</sln:miejscIIPWersja><sln:miejscIdTeryt>0942877</sln:miejscIdTeryt><sln:miejscNazwa>Józefowiec</sln:miejscNazwa><sln:miejscRodzaj>Inny obiekt</sln:miejscRodzaj><sln:powIIPId>f72dfd05-0e4f-4807-adf9-906de2e85792</sln:powIIPId><sln:powIIPPn>PL.PZGIK.200</sln:powIIPPn><sln:powIIPWersja>2012-09-27T09:34:20+02:00</sln:powIIPWersja><sln:powIdTeryt>2473</sln:powIdTeryt><sln:powNazwa>Rybnik</sln:powNazwa><sln:wojIIPId>98a63fe6-1e56-4d05-9c47-ab4233f8a6ff</sln:wojIIPId><sln:wojIIPPn>PL.PZGIK.200</sln:wojIIPPn><sln:wojIIPWersja>2017-10-10T00:00:00+02:00</sln:wojIIPWersja><sln:wojIdTeryt>24</sln:wojIdTeryt><sln:wojNazwa>śląskie</sln:wojNazwa></sln:miejscowosc><sln:miejscowosc><sln:cyklZyciaDo>2017-02-01T00:00:00+01:00</sln:cyklZyciaDo><sln:cyklZyciaOd>2014-12-03T00:00:00+01:00</sln:cyklZyciaOd><sln:gmIIPId>293723a0-b94b-43fb-9c0c-b2a6ac57aad3</sln:gmIIPId><sln:gmIIPPn>PL.PZGIK.200</sln:gmIIPPn><sln:gmIIPWersja>2012-09-26T22:27:40+02:00</sln:gmIIPWersja><sln:gmIdTeryt>2473011</sln:gmIdTeryt><sln:gmNazwa>Rybnik</sln:gmNazwa><sln:miejscIIPId>9f08dd84-cb1f-4bf8-8549-3f57fe95385f</sln:miejscIIPId><sln:miejscIIPPn>PL.PZGIK.200</sln:miejscIIPPn><sln:miejscIIPWersja>2016-11-24T13:36:36+02:00</sln:miejscIIPWersja><sln:miejscIdTeryt>3011425</sln:miejscIdTeryt><sln:miejscNazwa>Nowa Grabownia</sln:miejscNazwa><sln:miejscRodzaj>Inny obiekt</sln:miejscRodzaj><sln:powIIPId>f72dfd05-0e4f-4807-adf9-906de2e85792</sln:powIIPId><sln:powIIPPn>PL.PZGIK.200</sln:powIIPPn><sln:powIIPWersja>2012-09-27T09:34:20+02:00</sln:powIIPWersja><sln:powIdTeryt>2473</sln:powIdTeryt><sln:powNazwa>Rybnik</sln:powNazwa><sln:wojIIPId>98a63fe6-1e56-4d05-9c47-ab4233f8a6ff</sln:wojIIPId><sln:wojIIPPn>PL.PZGIK.200</sln:wojIIPPn><sln:wojIIPWersja>2017-10-10T00:00:00+02:00</sln:wojIIPWersja><sln:wojIdTeryt>24</sln:wojIdTeryt><sln:wojNazwa>śląskie</sln:wojNazwa></sln:miejscowosc><sln:miejscowosc><sln:cyklZyciaDo>2017-02-01T00:00:00+01:00</sln:cyklZyciaDo><sln:cyklZyciaOd>2014-12-03T00:00:00+01:00</sln:cyklZyciaOd><sln:gmIIPId>293723a0-b94b-43fb-9c0c-b2a6ac57aad3</sln:gmIIPId><sln:gmIIPPn>PL.PZGIK.200</sln:gmIIPPn><sln:gmIIPWersja>2012-09-26T22:27:40+02:00</sln:gmIIPWersja><sln:gmIdTeryt>2473011</sln:gmIdTeryt><sln:gmNazwa>Rybnik</sln:gmNazwa><sln:miejscIIPId>6a45cf17-1bd3-4fe8-85a0-6bc4d053e064</sln:miejscIIPId><sln:miejscIIPPn>PL.PZGIK.200</sln:miejscIIPPn><sln:miejscIIPWersja>2016-11-24T13:36:36+02:00</sln:miejscIIPWersja><sln:miejscIdTeryt>3011435</sln:miejscIdTeryt><sln:miejscNazwa>Rymer</sln:miejscNazwa><sln:miejscRodzaj>Inny obiekt</sln:miejscRodzaj><sln:powIIPId>f72dfd05-0e4f-4807-adf9-906de2e85792</sln:powIIPId><sln:powIIPPn>PL.PZGIK.200</sln:powIIPPn><sln:powIIPWersja>2012-09-27T09:34:20+02:00</sln:powIIPWersja><sln:powIdTeryt>2473</sln:powIdTeryt><sln:powNazwa>Rybnik</sln:powNazwa><sln:wojIIPId>98a63fe6-1e56-4d05-9c47-ab4233f8a6ff</sln:wojIIPId><sln:wojIIPPn>PL.PZGIK.200</sln:wojIIPPn><sln:wojIIPWersja>2017-10-10T00:00:00+02:00</sln:wojIIPWersja><sln:wojIdTeryt>24</sln:wojIdTeryt><sln:wojNazwa>śląskie</sln:wojNazwa></sln:miejscowosc><sln:miejscowosc><sln:cyklZyciaDo>2017-02-01T00:00:00+01:00</sln:cyklZyciaDo><sln:cyklZyciaOd>2014-12-03T00:00:00+01:00</sln:cyklZyciaOd><sln:gmIIPId>293723a0-b94b-43fb-9c0c-b2a6ac57aad3</sln:gmIIPId><sln:gmIIPPn>PL.PZGIK.200</sln:gmIIPPn><sln:gmIIPWersja>2012-09-26T22:27:40+02:00</sln:gmIIPWersja><sln:gmIdTeryt>2473011</sln:gmIdTeryt><sln:gmNazwa>Rybnik</sln:gmNazwa><sln:miejscIIPId>db4ef9f0-92b6-447e-8535-3c4bd5d87ac3</sln:miejscIIPId><sln:miejscIIPPn>PL.PZGIK.200</sln:miejscIIPPn><sln:miejscIIPWersja>2016-11-24T13:46:25+02:00</sln:miejscIIPWersja><sln:miejscIdTeryt>0942883</sln:miejscIdTeryt><sln:miejscNazwa>Kamień pod Rzędówką</sln:miejscNazwa><sln:miejscRodzaj>Inny obiekt</sln:miejscRodzaj><sln:powIIPId>f72dfd05-0e4f-4807-adf9-906de2e85792</sln:powIIPId><sln:powIIPPn>PL.PZGIK.200</sln:powIIPPn><sln:powIIPWersja>2012-09-27T09:34:20+02:00</sln:powIIPWersja><sln:powIdTeryt>2473</sln:powIdTeryt><sln:powNazwa>Rybnik</sln:powNazwa><sln:wojIIPId>98a63fe6-1e56-4d05-9c47-ab4233f8a6ff</sln:wojIIPId><sln:wojIIPPn>PL.PZGIK.200</sln:wojIIPPn><sln:wojIIPWersja>2017-10-10T00:00:00+02:00</sln:wojIIPWersja><sln:wojIdTeryt>24</sln:wojIdTeryt><sln:wojNazwa>śląskie</sln:wojNazwa></sln:miejscowosc><sln:miejscowosc><sln:cyklZyciaDo>2017-02-01T00:00:00+01:00</sln:cyklZyciaDo><sln:cyklZyciaOd>2014-12-03T00:00:00+01:00</sln:cyklZyciaOd><sln:gmIIPId>293723a0-b94b-43fb-9c0c-b2a6ac57aad3</sln:gmIIPId><sln:gmIIPPn>PL.PZGIK.200</sln:gmIIPPn><sln:gmIIPWersja>2012-09-26T22:27:40+02:00</sln:gmIIPWersja><sln:gmIdTeryt>2473011</sln:gmIdTeryt><sln:gmNazwa>Rybnik</sln:gmNazwa><sln:miejscIIPId>d1ed566e-3c42-4d71-932e-0729d8780953</sln:miejscIIPId><sln:miejscIIPPn>PL.PZGIK.200</sln:miejscIIPPn><sln:miejscIIPWersja>2016-11-24T13:36:36+02:00</sln:miejscIIPWersja><sln:miejscIdTeryt>3011437</sln:miejscIdTeryt><sln:miejscNazwa>Osiedle Sławików</sln:miejscNazwa><sln:miejscRodzaj>Inny obiekt</sln:miejscRodzaj><sln:powIIPId>f72dfd05-0e4f-4807-adf9-906de2e85792</sln:powIIPId><sln:powIIPPn>PL.PZGIK.200</sln:powIIPPn><sln:powIIPWersja>2012-09-27T09:34:20+02:00</sln:powIIPWersja><sln:powIdTeryt>2473</sln:powIdTeryt><sln:powNazwa>Rybnik</sln:powNazwa><sln:wojIIPId>98a63fe6-1e56-4d05-9c47-ab4233f8a6ff</sln:wojIIPId><sln:wojIIPPn>PL.PZGIK.200</sln:wojIIPPn><sln:wojIIPWersja>2017-10-10T00:00:00+02:00</sln:wojIIPWersja><sln:wojIdTeryt>24</sln:wojIdTeryt><sln:wojNazwa>śląskie</sln:wojNazwa></sln:miejscowosc><sln:miejscowosc><sln:cyklZyciaDo>2017-02-01T00:00:00+01:00</sln:cyklZyciaDo><sln:cyklZyciaOd>2014-12-03T00:00:00+01:00</sln:cyklZyciaOd><sln:gmIIPId>293723a0-b94b-43fb-9c0c-b2a6ac57aad3</sln:gmIIPId><sln:gmIIPPn>PL.PZGIK.200</sln:gmIIPPn><sln:gmIIPWersja>2012-09-26T22:27:40+02:00</sln:gmIIPWersja><sln:gmIdTeryt>2473011</sln:gmIdTeryt><sln:gmNazwa>Rybnik</sln:gmNazwa><sln:miejscIIPId>a7782ae0-a2ed-483e-886c-75a729d5f277</sln:miejscIIPId><sln:miejscIIPPn>PL.PZGIK.200</sln:miejscIIPPn><sln:miejscIIPWersja>2016-11-24T13:46:25+02:00</sln:miejscIIPWersja><sln:miejscIdTeryt>0942794</sln:miejscIdTeryt><sln:miejscNazwa>Brzeziny Chwałowickie</sln:miejscNazwa><sln:miejscRodzaj>Inny obiekt</sln:miejscRodzaj><sln:powIIPId>f72dfd05-0e4f-4807-adf9-906de2e85792</sln:powIIPId><sln:powIIPPn>PL.PZGIK.200</sln:powIIPPn><sln:powIIPWersja>2012-09-27T09:34:20+02:00</sln:powIIPWersja><sln:powIdTeryt>2473</sln:powIdTeryt><sln:powNazwa>Rybnik</sln:powNazwa><sln:wojIIPId>98a63fe6-1e56-4d05-9c47-ab4233f8a6ff</sln:wojIIPId><sln:wojIIPPn>PL.PZGIK.200</sln:wojIIPPn><sln:wojIIPWersja>2017-10-10T00:00:00+02:00</sln:wojIIPWersja><sln:wojIdTeryt>24</sln:wojIdTeryt><sln:wojNazwa>śląskie</sln:wojNazwa></sln:miejscowosc><sln:miejscowosc><sln:cyklZyciaDo>2017-02-01T00:00:00+01:00</sln:cyklZyciaDo><sln:cyklZyciaOd>2014-12-03T00:00:00+01:00</sln:cyklZyciaOd><sln:gmIIPId>293723a0-b94b-43fb-9c0c-b2a6ac57aad3</sln:gmIIPId><sln:gmIIPPn>PL.PZGIK.200</sln:gmIIPPn><sln:gmIIPWersja>2012-09-26T22:27:40+02:00</sln:gmIIPWersja><sln:gmIdTeryt>2473011</sln:gmIdTeryt><sln:gmNazwa>Rybnik</sln:gmNazwa><sln:miejscIIPId>a93c06de-c91f-4252-b98a-9750ad4563a3</sln:miejscIIPId><sln:miejscIIPPn>PL.PZGIK.200</sln:miejscIIPPn><sln:miejscIIPWersja>2016-11-24T13:36:36+02:00</sln:miejscIIPWersja><sln:miejscIdTeryt>3011434</sln:miejscIdTeryt><sln:miejscNazwa>Radziejów-Świercze</sln:miejscNazwa><sln:miejscRodzaj>Inny obiekt</sln:miejscRodzaj><sln:powIIPId>f72dfd05-0e4f-4807-adf9-906de2e85792</sln:powIIPId><sln:powIIPPn>PL.PZGIK.200</sln:powIIPPn><sln:powIIPWersja>2012-09-27T09:34:20+02:00</sln:powIIPWersja><sln:powIdTeryt>2473</sln:powIdTeryt><sln:powNazwa>Rybnik</sln:powNazwa><sln:wojIIPId>98a63fe6-1e56-4d05-9c47-ab4233f8a6ff</sln:wojIIPId><sln:wojIIPPn>PL.PZGIK.200</sln:wojIIPPn><sln:wojIIPWersja>2017-10-10T00:00:00+02:00</sln:wojIIPWersja><sln:wojIdTeryt>24</sln:wojIdTeryt><sln:wojNazwa>śląskie</sln:wojNazwa></sln:miejscowosc><sln:miejscowosc><sln:cyklZyciaDo>2017-02-01T00:00:00+01:00</sln:cyklZyciaDo><sln:cyklZyciaOd>2014-12-03T00:00:00+01:00</sln:cyklZyciaOd><sln:gmIIPId>293723a0-b94b-43fb-9c0c-b2a6ac57aad3</sln:gmIIPId><sln:gmIIPPn>PL.PZGIK.200</sln:gmIIPPn><sln:gmIIPWersja>2012-09-26T22:27:40+02:00</sln:gmIIPWersja><sln:gmIdTeryt>2473011</sln:gmIdTeryt><sln:gmNazwa>Rybnik</sln:gmNazwa><sln:miejscIIPId>27297957-3adb-42e4-8743-35f071b361c1</sln:miejscIIPId><sln:miejscIIPPn>PL.PZGIK.200</sln:miejscIIPPn><sln:miejscIIPWersja>2016-11-24T13:46:25+02:00</sln:miejscIIPWersja><sln:miejscIdTeryt>0942920</sln:miejscIdTeryt><sln:miejscNazwa>Nacyna</sln:miejscNazwa><sln:miejscRodzaj>Inny obiekt</sln:miejscRodzaj><sln:powIIPId>f72dfd05-0e4f-4807-adf9-906de2e85792</sln:powIIPId><sln:powIIPPn>PL.PZGIK.200</sln:powIIPPn><sln:powIIPWersja>2012-09-27T09:34:20+02:00</sln:powIIPWersja><sln:powIdTeryt>2473</sln:powIdTeryt><sln:powNazwa>Rybnik</sln:powNazwa><sln:wojIIPId>98a63fe6-1e56-4d05-9c47-ab4233f8a6ff</sln:wojIIPId><sln:wojIIPPn>PL.PZGIK.200</sln:wojIIPPn><sln:wojIIPWersja>2017-10-10T00:00:00+02:00</sln:wojIIPWersja><sln:wojIdTeryt>24</sln:wojIdTeryt><sln:wojNazwa>śląskie</sln:wojNazwa></sln:miejscowosc><sln:miejscowosc><sln:cyklZyciaDo>2017-02-01T00:00:00+01:00</sln:cyklZyciaDo><sln:cyklZyciaOd>2014-12-03T00:00:00+01:00</sln:cyklZyciaOd><sln:gmIIPId>293723a0-b94b-43fb-9c0c-b2a6ac57aad3</sln:gmIIPId><sln:gmIIPPn>PL.PZGIK.200</sln:gmIIPPn><sln:gmIIPWersja>2012-09-26T22:27:40+02:00</sln:gmIIPWersja><sln:gmIdTeryt>2473011</sln:gmIdTeryt><sln:gmNazwa>Rybnik</sln:gmNazwa><sln:miejscIIPId>83006139-240b-4b83-ad48-a0f50193b629</sln:miejscIIPId><sln:miejscIIPPn>PL.PZGIK.200</sln:miejscIIPPn><sln:miejscIIPWersja>2016-11-24T13:36:37+02:00</sln:miejscIIPWersja><sln:miejscIdTeryt>3011436</sln:miejscIdTeryt><sln:miejscNazwa>Siedliska</sln:miejscNazwa><sln:miejscRodzaj>Inny obiekt</sln:miejscRodzaj><sln:powIIPId>f72dfd05-0e4f-4807-adf9-906de2e85792</sln:powIIPId><sln:powIIPPn>PL.PZGIK.200</sln:powIIPPn><sln:powIIPWersja>2012-09-27T09:34:20+02:00</sln:powIIPWersja><sln:powIdTeryt>2473</sln:powIdTeryt><sln:powNazwa>Rybnik</sln:powNazwa><sln:wojIIPId>98a63fe6-1e56-4d05-9c47-ab4233f8a6ff</sln:wojIIPId><sln:wojIIPPn>PL.PZGIK.200</sln:wojIIPPn><sln:wojIIPWersja>2017-10-10T00:00:00+02:00</sln:wojIIPWersja><sln:wojIdTeryt>24</sln:wojIdTeryt><sln:wojNazwa>śląskie</sln:wojNazwa></sln:miejscowosc><sln:miejscowosc><sln:cyklZyciaDo>2017-02-01T00:00:00+01:00</sln:cyklZyciaDo><sln:cyklZyciaOd>2014-12-03T00:00:00+01:00</sln:cyklZyciaOd><sln:gmIIPId>293723a0-b94b-43fb-9c0c-b2a6ac57aad3</sln:gmIIPId><sln:gmIIPPn>PL.PZGIK.200</sln:gmIIPPn><sln:gmIIPWersja>2012-09-26T22:27:40+02:00</sln:gmIIPWersja><sln:gmIdTeryt>2473011</sln:gmIdTeryt><sln:gmNazwa>Rybnik</sln:gmNazwa><sln:miejscIIPId>5a82f04e-15ea-4bed-acd2-6e028ecd9297</sln:miejscIIPId><sln:miejscIIPPn>PL.PZGIK.200</sln:miejscIIPPn><sln:miejscIIPWersja>2016-11-24T13:46:25+02:00</sln:miejscIIPWersja><sln:miejscIdTeryt>0942943</sln:miejscIdTeryt><sln:miejscNazwa>Niewiadom Dolny</sln:miejscNazwa><sln:miejscRodzaj>Inny obiekt</sln:miejscRodzaj><sln:powIIPId>f72dfd05-0e4f-4807-adf9-906de2e85792</sln:powIIPId><sln:powIIPPn>PL.PZGIK.200</sln:powIIPPn><sln:powIIPWersja>2012-09-27T09:34:20+02:00</sln:powIIPWersja><sln:powIdTeryt>2473</sln:powIdTeryt><sln:powNazwa>Rybnik</sln:powNazwa><sln:wojIIPId>98a63fe6-1e56-4d05-9c47-ab4233f8a6ff</sln:wojIIPId><sln:wojIIPPn>PL.PZGIK.200</sln:wojIIPPn><sln:wojIIPWersja>2017-10-10T00:00:00+02:00</sln:wojIIPWersja><sln:wojIdTeryt>24</sln:wojIdTeryt><sln:wojNazwa>śląskie</sln:wojNazwa></sln:miejscowosc><sln:miejscowosc><sln:cyklZyciaDo>2017-02-01T00:00:00+01:00</sln:cyklZyciaDo><sln:cyklZyciaOd>2014-12-03T00:00:00+01:00</sln:cyklZyciaOd><sln:gmIIPId>293723a0-b94b-43fb-9c0c-b2a6ac57aad3</sln:gmIIPId><sln:gmIIPPn>PL.PZGIK.200</sln:gmIIPPn><sln:gmIIPWersja>2012-09-26T22:27:40+02:00</sln:gmIIPWersja><sln:gmIdTeryt>2473011</sln:gmIdTeryt><sln:gmNazwa>Rybnik</sln:gmNazwa><sln:miejscIIPId>61ecac32-4fc9-4041-a709-a55118eab4c2</sln:miejscIIPId><sln:miejscIIPPn>PL.PZGIK.200</sln:miejscIIPPn><sln:miejscIIPWersja>2016-11-24T13:36:36+02:00</sln:miejscIIPWersja><sln:miejscIdTeryt>3011416</sln:miejscIdTeryt><sln:miejscNazwa>Osiedle Małe</sln:miejscNazwa><sln:miejscRodzaj>Inny obiekt</sln:miejscRodzaj><sln:powIIPId>f72dfd05-0e4f-4807-adf9-906de2e85792</sln:powIIPId><sln:powIIPPn>PL.PZGIK.200</sln:powIIPPn><sln:powIIPWersja>2012-09-27T09:34:20+02:00</sln:powIIPWersja><sln:powIdTeryt>2473</sln:powIdTeryt><sln:powNazwa>Rybnik</sln:powNazwa><sln:wojIIPId>98a63fe6-1e56-4d05-9c47-ab4233f8a6ff</sln:wojIIPId><sln:wojIIPPn>PL.PZGIK.200</sln:wojIIPPn><sln:wojIIPWersja>2017-10-10T00:00:00+02:00</sln:wojIIPWersja><sln:wojIdTeryt>24</sln:wojIdTeryt><sln:wojNazwa>śląskie</sln:wojNazwa></sln:miejscowosc><sln:miejscowosc><sln:cyklZyciaDo>2017-02-01T00:00:00+01:00</sln:cyklZyciaDo><sln:cyklZyciaOd>2014-12-03T00:00:00+01:00</sln:cyklZyciaOd><sln:gmIIPId>293723a0-b94b-43fb-9c0c-b2a6ac57aad3</sln:gmIIPId><sln:gmIIPPn>PL.PZGIK.200</sln:gmIIPPn><sln:gmIIPWersja>2012-09-26T22:27:40+02:00</sln:gmIIPWersja><sln:gmIdTeryt>2473011</sln:gmIdTeryt><sln:gmNazwa>Rybnik</sln:gmNazwa><sln:miejscIIPId>ec34ec92-bc42-4dac-85fb-1d9428977df7</sln:miejscIIPId><sln:miejscIIPPn>PL.PZGIK.200</sln:miejscIIPPn><sln:miejscIIPWersja>2016-11-24T13:36:36+02:00</sln:miejscIIPWersja><sln:miejscIdTeryt>3011431</sln:miejscIdTeryt><sln:miejscNazwa>Pniowiec</sln:miejscNazwa><sln:miejscRodzaj>Inny obiekt</sln:miejscRodzaj><sln:powIIPId>f72dfd05-0e4f-4807-adf9-906de2e85792</sln:powIIPId><sln:powIIPPn>PL.PZGIK.200</sln:powIIPPn><sln:powIIPWersja>2012-09-27T09:34:20+02:00</sln:powIIPWersja><sln:powIdTeryt>2473</sln:powIdTeryt><sln:powNazwa>Rybnik</sln:powNazwa><sln:wojIIPId>98a63fe6-1e56-4d05-9c47-ab4233f8a6ff</sln:wojIIPId><sln:wojIIPPn>PL.PZGIK.200</sln:wojIIPPn><sln:wojIIPWersja>2017-10-10T00:00:00+02:00</sln:wojIIPWersja><sln:wojIdTeryt>24</sln:wojIdTeryt><sln:wojNazwa>śląskie</sln:wojNazwa></sln:miejscowosc><sln:miejscowosc><sln:cyklZyciaDo>2017-02-01T00:00:00+01:00</sln:cyklZyciaDo><sln:cyklZyciaOd>2014-12-03T00:00:00+01:00</sln:cyklZyciaOd><sln:gmIIPId>293723a0-b94b-43fb-9c0c-b2a6ac57aad3</sln:gmIIPId><sln:gmIIPPn>PL.PZGIK.200</sln:gmIIPPn><sln:gmIIPWersja>2012-09-26T22:27:40+02:00</sln:gmIIPWersja><sln:gmIdTeryt>2473011</sln:gmIdTeryt><sln:gmNazwa>Rybnik</sln:gmNazwa><sln:miejscIIPId>7a5efb5f-e3ca-433c-98dc-7575364e0283</sln:miejscIIPId><sln:miejscIIPPn>PL.PZGIK.200</sln:miejscIIPPn><sln:miejscIIPWersja>2016-11-24T13:36:36+02:00</sln:miejscIIPWersja><sln:miejscIdTeryt>3011405</sln:miejscIdTeryt><sln:miejscNazwa>Kasztanka</sln:miejscNazwa><sln:miejscRodzaj>Inny obiekt</sln:miejscRodzaj><sln:powIIPId>f72dfd05-0e4f-4807-adf9-906de2e85792</sln:powIIPId><sln:powIIPPn>PL.PZGIK.200</sln:powIIPPn><sln:powIIPWersja>2012-09-27T09:34:20+02:00</sln:powIIPWersja><sln:powIdTeryt>2473</sln:powIdTeryt><sln:powNazwa>Rybnik</sln:powNazwa><sln:wojIIPId>98a63fe6-1e56-4d05-9c47-ab4233f8a6ff</sln:wojIIPId><sln:wojIIPPn>PL.PZGIK.200</sln:wojIIPPn><sln:wojIIPWersja>2017-10-10T00:00:00+02:00</sln:wojIIPWersja><sln:wojIdTeryt>24</sln:wojIdTeryt><sln:wojNazwa>śląskie</sln:wojNazwa></sln:miejscowosc><sln:miejscowosc><sln:cyklZyciaDo>2017-02-01T00:00:00+01:00</sln:cyklZyciaDo><sln:cyklZyciaOd>2014-12-03T00:00:00+01:00</sln:cyklZyciaOd><sln:gmIIPId>293723a0-b94b-43fb-9c0c-b2a6ac57aad3</sln:gmIIPId><sln:gmIIPPn>PL.PZGIK.200</sln:gmIIPPn><sln:gmIIPWersja>2012-09-26T22:27:40+02:00</sln:gmIIPWersja><sln:gmIdTeryt>2473011</sln:gmIdTeryt><sln:gmNazwa>Rybnik</sln:gmNazwa><sln:miejscIIPId>0bc7073e-22ec-492c-8e09-08eaf4d07569</sln:miejscIIPId><sln:miejscIIPPn>PL.PZGIK.200</sln:miejscIIPPn><sln:miejscIIPWersja>2016-11-24T13:36:36+02:00</sln:miejscIIPWersja><sln:miejscIdTeryt>3011403</sln:miejscIdTeryt><sln:miejscNazwa>Huta Gotartowska</sln:miejscNazwa><sln:miejscRodzaj>Inny obiekt</sln:miejscRodzaj><sln:powIIPId>f72dfd05-0e4f-4807-adf9-906de2e85792</sln:powIIPId><sln:powIIPPn>PL.PZGIK.200</sln:powIIPPn><sln:powIIPWersja>2012-09-27T09:34:20+02:00</sln:powIIPWersja><sln:powIdTeryt>2473</sln:powIdTeryt><sln:powNazwa>Rybnik</sln:powNazwa><sln:wojIIPId>98a63fe6-1e56-4d05-9c47-ab4233f8a6ff</sln:wojIIPId><sln:wojIIPPn>PL.PZGIK.200</sln:wojIIPPn><sln:wojIIPWersja>2017-10-10T00:00:00+02:00</sln:wojIIPWersja><sln:wojIdTeryt>24</sln:wojIdTeryt><sln:wojNazwa>śląskie</sln:wojNazwa></sln:miejscowosc><sln:miejscowosc><sln:cyklZyciaDo>2017-02-01T00:00:00+01:00</sln:cyklZyciaDo><sln:cyklZyciaOd>2014-12-03T00:00:00+01:00</sln:cyklZyciaOd><sln:gmIIPId>293723a0-b94b-43fb-9c0c-b2a6ac57aad3</sln:gmIIPId><sln:gmIIPPn>PL.PZGIK.200</sln:gmIIPPn><sln:gmIIPWersja>2012-09-26T22:27:40+02:00</sln:gmIIPWersja><sln:gmIdTeryt>2473011</sln:gmIdTeryt><sln:gmNazwa>Rybnik</sln:gmNazwa><sln:miejscIIPId>720ce727-ec7b-476f-8e4e-982b13b6748e</sln:miejscIIPId><sln:miejscIIPPn>PL.PZGIK.200</sln:miejscIIPPn><sln:miejscIIPWersja>2016-11-24T13:30:06+02:00</sln:miejscIIPWersja><sln:miejscIdTeryt>0942765</sln:miejscIdTeryt><sln:miejscNazwa>Rybnik</sln:miejscNazwa><sln:miejscRodzaj>Miasto</sln:miejscRodzaj><sln:powIIPId>f72dfd05-0e4f-4807-adf9-906de2e85792</sln:powIIPId><sln:powIIPPn>PL.PZGIK.200</sln:powIIPPn><sln:powIIPWersja>2012-09-27T09:34:20+02:00</sln:powIIPWersja><sln:powIdTeryt>2473</sln:powIdTeryt><sln:powNazwa>Rybnik</sln:powNazwa><sln:wojIIPId>98a63fe6-1e56-4d05-9c47-ab4233f8a6ff</sln:wojIIPId><sln:wojIIPPn>PL.PZGIK.200</sln:wojIIPPn><sln:wojIIPWersja>2017-10-10T00:00:00+02:00</sln:wojIIPWersja><sln:wojIdTeryt>24</sln:wojIdTeryt><sln:wojNazwa>śląskie</sln:wojNazwa></sln:miejscowosc><sln:miejscowosc><sln:cyklZyciaDo>2017-02-01T00:00:00+01:00</sln:cyklZyciaDo><sln:cyklZyciaOd>2014-12-03T00:00:00+01:00</sln:cyklZyciaOd><sln:gmIIPId>293723a0-b94b-43fb-9c0c-b2a6ac57aad3</sln:gmIIPId><sln:gmIIPPn>PL.PZGIK.200</sln:gmIIPPn><sln:gmIIPWersja>2012-09-26T22:27:40+02:00</sln:gmIIPWersja><sln:gmIdTeryt>2473011</sln:gmIdTeryt><sln:gmNazwa>Rybnik</sln:gmNazwa><sln:miejscIIPId>6f3fed9b-d3e2-4fd9-b3a4-0934a50e53cc</sln:miejscIIPId><sln:miejscIIPPn>PL.PZGIK.200</sln:miejscIIPPn><sln:miejscIIPWersja>2016-11-24T13:36:36+02:00</sln:miejscIIPWersja><sln:miejscIdTeryt>3011388</sln:miejscIdTeryt><sln:miejscNazwa>Buzowice</sln:miejscNazwa><sln:miejscRodzaj>Inny obiekt</sln:miejscRodzaj><sln:powIIPId>f72dfd05-0e4f-4807-adf9-906de2e85792</sln:powIIPId><sln:powIIPPn>PL.PZGIK.200</sln:powIIPPn><sln:powIIPWersja>2012-09-27T09:34:20+02:00</sln:powIIPWersja><sln:powIdTeryt>2473</sln:powIdTeryt><sln:powNazwa>Rybnik</sln:powNazwa><sln:wojIIPId>98a63fe6-1e56-4d05-9c47-ab4233f8a6ff</sln:wojIIPId><sln:wojIIPPn>PL.PZGIK.200</sln:wojIIPPn><sln:wojIIPWersja>2017-10-10T00:00:00+02:00</sln:wojIIPWersja><sln:wojIdTeryt>24</sln:wojIdTeryt><sln:wojNazwa>śląskie</sln:wojNazwa></sln:miejscowosc><sln:miejscowosc><sln:cyklZyciaDo>2017-02-01T00:00:00+01:00</sln:cyklZyciaDo><sln:cyklZyciaOd>2014-12-03T00:00:00+01:00</sln:cyklZyciaOd><sln:gmIIPId>293723a0-b94b-43fb-9c0c-b2a6ac57aad3</sln:gmIIPId><sln:gmIIPPn>PL.PZGIK.200</sln:gmIIPPn><sln:gmIIPWersja>2012-09-26T22:27:40+02:00</sln:gmIIPWersja><sln:gmIdTeryt>2473011</sln:gmIdTeryt><sln:gmNazwa>Rybnik</sln:gmNazwa><sln:miejscIIPId>9ee0b4e3-576d-4f75-bf4c-f6fec4c1f8ff</sln:miejscIIPId><sln:miejscIIPPn>PL.PZGIK.200</sln:miejscIIPPn><sln:miejscIIPWersja>2016-11-24T13:36:36+02:00</sln:miejscIIPWersja><sln:miejscIdTeryt>3011385</sln:miejscIdTeryt><sln:miejscNazwa>Beata</sln:miejscNazwa><sln:miejscRodzaj>Inny obiekt</sln:miejscRodzaj><sln:powIIPId>f72dfd05-0e4f-4807-adf9-906de2e85792</sln:powIIPId><sln:powIIPPn>PL.PZGIK.200</sln:powIIPPn><sln:powIIPWersja>2012-09-27T09:34:20+02:00</sln:powIIPWersja><sln:powIdTeryt>2473</sln:powIdTeryt><sln:powNazwa>Rybnik</sln:powNazwa><sln:wojIIPId>98a63fe6-1e56-4d05-9c47-ab4233f8a6ff</sln:wojIIPId><sln:wojIIPPn>PL.PZGIK.200</sln:wojIIPPn><sln:wojIIPWersja>2017-10-10T00:00:00+02:00</sln:wojIIPWersja><sln:wojIdTeryt>24</sln:wojIdTeryt><sln:wojNazwa>śląskie</sln:wojNazwa></sln:miejscowosc><sln:miejscowosc><sln:cyklZyciaDo>2017-02-01T00:00:00+01:00</sln:cyklZyciaDo><sln:cyklZyciaOd>2014-12-03T00:00:00+01:00</sln:cyklZyciaOd><sln:gmIIPId>293723a0-b94b-43fb-9c0c-b2a6ac57aad3</sln:gmIIPId><sln:gmIIPPn>PL.PZGIK.200</sln:gmIIPPn><sln:gmIIPWersja>2012-09-26T22:27:40+02:00</sln:gmIIPWersja><sln:gmIdTeryt>2473011</sln:gmIdTeryt><sln:gmNazwa>Rybnik</sln:gmNazwa><sln:miejscIIPId>7157a19f-fea6-4937-8d33-368c86758b26</sln:miejscIIPId><sln:miejscIIPPn>PL.PZGIK.200</sln:miejscIIPPn><sln:miejscIIPWersja>2016-11-24T13:46:25+02:00</sln:miejscIIPWersja><sln:miejscIdTeryt>0942989</sln:miejscIdTeryt><sln:miejscNazwa>Paruszowiec</sln:miejscNazwa><sln:miejscRodzaj>Inny obiekt</sln:miejscRodzaj><sln:powIIPId>f72dfd05-0e4f-4807-adf9-906de2e85792</sln:powIIPId><sln:powIIPPn>PL.PZGIK.200</sln:powIIPPn><sln:powIIPWersja>2012-09-27T09:34:20+02:00</sln:powIIPWersja><sln:powIdTeryt>2473</sln:powIdTeryt><sln:powNazwa>Rybnik</sln:powNazwa><sln:wojIIPId>98a63fe6-1e56-4d05-9c47-ab4233f8a6ff</sln:wojIIPId><sln:wojIIPPn>PL.PZGIK.200</sln:wojIIPPn><sln:wojIIPWersja>2017-10-10T00:00:00+02:00</sln:wojIIPWersja><sln:wojIdTeryt>24</sln:wojIdTeryt><sln:wojNazwa>śląskie</sln:wojNazwa></sln:miejscowosc><sln:miejscowosc><sln:cyklZyciaDo>2017-02-01T00:00:00+01:00</sln:cyklZyciaDo><sln:cyklZyciaOd>2014-12-03T00:00:00+01:00</sln:cyklZyciaOd><sln:gmIIPId>293723a0-b94b-43fb-9c0c-b2a6ac57aad3</sln:gmIIPId><sln:gmIIPPn>PL.PZGIK.200</sln:gmIIPPn><sln:gmIIPWersja>2012-09-26T22:27:40+02:00</sln:gmIIPWersja><sln:gmIdTeryt>2473011</sln:gmIdTeryt><sln:gmNazwa>Rybnik</sln:gmNazwa><sln:miejscIIPId>3937c85d-8f41-4c60-87f2-2e38d29085f7</sln:miejscIIPId><sln:miejscIIPPn>PL.PZGIK.200</sln:miejscIIPPn><sln:miejscIIPWersja>2016-11-24T13:46:25+02:00</sln:miejscIIPWersja><sln:miejscIdTeryt>0942995</sln:miejscIdTeryt><sln:miejscNazwa>Piaski</sln:miejscNazwa><sln:miejscRodzaj>Inny obiekt</sln:miejscRodzaj><sln:powIIPId>f72dfd05-0e4f-4807-adf9-906de2e85792</sln:powIIPId><sln:powIIPPn>PL.PZGIK.200</sln:powIIPPn><sln:powIIPWersja>2012-09-27T09:34:20+02:00</sln:powIIPWersja><sln:powIdTeryt>2473</sln:powIdTeryt><sln:powNazwa>Rybnik</sln:powNazwa><sln:wojIIPId>98a63fe6-1e56-4d05-9c47-ab4233f8a6ff</sln:wojIIPId><sln:wojIIPPn>PL.PZGIK.200</sln:wojIIPPn><sln:wojIIPWersja>2017-10-10T00:00:00+02:00</sln:wojIIPWersja><sln:wojIdTeryt>24</sln:wojIdTeryt><sln:wojNazwa>śląskie</sln:wojNazwa></sln:miejscowosc><sln:miejscowosc><sln:cyklZyciaDo>2017-02-01T00:00:00+01:00</sln:cyklZyciaDo><sln:cyklZyciaOd>2014-12-03T00:00:00+01:00</sln:cyklZyciaOd><sln:gmIIPId>293723a0-b94b-43fb-9c0c-b2a6ac57aad3</sln:gmIIPId><sln:gmIIPPn>PL.PZGIK.200</sln:gmIIPPn><sln:gmIIPWersja>2012-09-26T22:27:40+02:00</sln:gmIIPWersja><sln:gmIdTeryt>2473011</sln:gmIdTeryt><sln:gmNazwa>Rybnik</sln:gmNazwa><sln:miejscIIPId>1195c284-940c-40e1-a721-6e3c278352dc</sln:miejscIIPId><sln:miejscIIPPn>PL.PZGIK.200</sln:miejscIIPPn><sln:miejscIIPWersja>2016-11-24T13:46:25+02:00</sln:miejscIIPWersja><sln:miejscIdTeryt>0943055</sln:miejscIdTeryt><sln:miejscNazwa>Stodoły</sln:miejscNazwa><sln:miejscRodzaj>Inny obiekt</sln:miejscRodzaj><sln:powIIPId>f72dfd05-0e4f-4807-adf9-906de2e85792</sln:powIIPId><sln:powIIPPn>PL.PZGIK.200</sln:powIIPPn><sln:powIIPWersja>2012-09-27T09:34:20+02:00</sln:powIIPWersja><sln:powIdTeryt>2473</sln:powIdTeryt><sln:powNazwa>Rybnik</sln:powNazwa><sln:wojIIPId>98a63fe6-1e56-4d05-9c47-ab4233f8a6ff</sln:wojIIPId><sln:wojIIPPn>PL.PZGIK.200</sln:wojIIPPn><sln:wojIIPWersja>2017-10-10T00:00:00+02:00</sln:wojIIPWersja><sln:wojIdTeryt>24</sln:wojIdTeryt><sln:wojNazwa>śląskie</sln:wojNazwa></sln:miejscowosc><sln:miejscowosc><sln:cyklZyciaDo>2017-02-01T00:00:00+01:00</sln:cyklZyciaDo><sln:cyklZyciaOd>2014-12-03T00:00:00+01:00</sln:cyklZyciaOd><sln:gmIIPId>293723a0-b94b-43fb-9c0c-b2a6ac57aad3</sln:gmIIPId><sln:gmIIPPn>PL.PZGIK.200</sln:gmIIPPn><sln:gmIIPWersja>2012-09-26T22:27:40+02:00</sln:gmIIPWersja><sln:gmIdTeryt>2473011</sln:gmIdTeryt><sln:gmNazwa>Rybnik</sln:gmNazwa><sln:miejscIIPId>de00ab7a-4893-44a8-96a0-202b7d5a1e30</sln:miejscIIPId><sln:miejscIIPPn>PL.PZGIK.200</sln:miejscIIPPn><sln:miejscIIPWersja>2016-11-24T13:46:25+02:00</sln:miejscIIPWersja><sln:miejscIdTeryt>0943090</sln:miejscIdTeryt><sln:miejscNazwa>Wielopole</sln:miejscNazwa><sln:miejscRodzaj>Inny obiekt</sln:miejscRodzaj><sln:powIIPId>f72dfd05-0e4f-4807-adf9-906de2e85792</sln:powIIPId><sln:powIIPPn>PL.PZGIK.200</sln:powIIPPn><sln:powIIPWersja>2012-09-27T09:34:20+02:00</sln:powIIPWersja><sln:powIdTeryt>2473</sln:powIdTeryt><sln:powNazwa>Rybnik</sln:powNazwa><sln:wojIIPId>98a63fe6-1e56-4d05-9c47-ab4233f8a6ff</sln:wojIIPId><sln:wojIIPPn>PL.PZGIK.200</sln:wojIIPPn><sln:wojIIPWersja>2017-10-10T00:00:00+02:00</sln:wojIIPWersja><sln:wojIdTeryt>24</sln:wojIdTeryt><sln:wojNazwa>śląskie</sln:wojNazwa></sln:miejscowosc><sln:miejscowosc><sln:cyklZyciaDo>2017-02-01T00:00:00+01:00</sln:cyklZyciaDo><sln:cyklZyciaOd>2014-12-03T00:00:00+01:00</sln:cyklZyciaOd><sln:gmIIPId>293723a0-b94b-43fb-9c0c-b2a6ac57aad3</sln:gmIIPId><sln:gmIIPPn>PL.PZGIK.200</sln:gmIIPPn><sln:gmIIPWersja>2012-09-26T22:27:40+02:00</sln:gmIIPWersja><sln:gmIdTeryt>2473011</sln:gmIdTeryt><sln:gmNazwa>Rybnik</sln:gmNazwa><sln:miejscIIPId>33299c73-9f24-456c-8596-ff0e7e4e548e</sln:miejscIIPId><sln:miejscIIPPn>PL.PZGIK.200</sln:miejscIIPPn><sln:miejscIIPWersja>2016-11-24T13:46:25+02:00</sln:miejscIIPWersja><sln:miejscIdTeryt>0943084</sln:miejscIdTeryt><sln:miejscNazwa>Wawok</sln:miejscNazwa><sln:miejscRodzaj>Inny obiekt</sln:miejscRodzaj><sln:powIIPId>f72dfd05-0e4f-4807-adf9-906de2e85792</sln:powIIPId><sln:powIIPPn>PL.PZGIK.200</sln:powIIPPn><sln:powIIPWersja>2012-09-27T09:34:20+02:00</sln:powIIPWersja><sln:powIdTeryt>2473</sln:powIdTeryt><sln:powNazwa>Rybnik</sln:powNazwa><sln:wojIIPId>98a63fe6-1e56-4d05-9c47-ab4233f8a6ff</sln:wojIIPId><sln:wojIIPPn>PL.PZGIK.200</sln:wojIIPPn><sln:wojIIPWersja>2017-10-10T00:00:00+02:00</sln:wojIIPWersja><sln:wojIdTeryt>24</sln:wojIdTeryt><sln:wojNazwa>śląskie</sln:wojNazwa></sln:miejscowosc><sln:miejscowosc><sln:cyklZyciaDo>2017-02-01T00:00:00+01:00</sln:cyklZyciaDo><sln:cyklZyciaOd>2014-12-03T00:00:00+01:00</sln:cyklZyciaOd><sln:gmIIPId>293723a0-b94b-43fb-9c0c-b2a6ac57aad3</sln:gmIIPId><sln:gmIIPPn>PL.PZGIK.200</sln:gmIIPPn><sln:gmIIPWersja>2012-09-26T22:27:40+02:00</sln:gmIIPWersja><sln:gmIdTeryt>2473011</sln:gmIdTeryt><sln:gmNazwa>Rybnik</sln:gmNazwa><sln:miejscIIPId>d79c3777-0696-4022-9b2a-0f326b6006ea</sln:miejscIIPId><sln:miejscIIPPn>PL.PZGIK.200</sln:miejscIIPPn><sln:miejscIIPWersja>2016-11-24T13:36:36+02:00</sln:miejscIIPWersja><sln:miejscIdTeryt>3011409</sln:miejscIdTeryt><sln:miejscNazwa>Kolonia</sln:miejscNazwa><sln:miejscRodzaj>Inny obiekt</sln:miejscRodzaj><sln:powIIPId>f72dfd05-0e4f-4807-adf9-906de2e85792</sln:powIIPId><sln:powIIPPn>PL.PZGIK.200</sln:powIIPPn><sln:powIIPWersja>2012-09-27T09:34:20+02:00</sln:powIIPWersja><sln:powIdTeryt>2473</sln:powIdTeryt><sln:powNazwa>Rybnik</sln:powNazwa><sln:wojIIPId>98a63fe6-1e56-4d05-9c47-ab4233f8a6ff</sln:wojIIPId><sln:wojIIPPn>PL.PZGIK.200</sln:wojIIPPn><sln:wojIIPWersja>2017-10-10T00:00:00+02:00</sln:wojIIPWersja><sln:wojIdTeryt>24</sln:wojIdTeryt><sln:wojNazwa>śląskie</sln:wojNazwa></sln:miejscowosc><sln:miejscowosc><sln:cyklZyciaDo>2017-02-01T00:00:00+01:00</sln:cyklZyciaDo><sln:cyklZyciaOd>2014-12-03T00:00:00+01:00</sln:cyklZyciaOd><sln:gmIIPId>293723a0-b94b-43fb-9c0c-b2a6ac57aad3</sln:gmIIPId><sln:gmIIPPn>PL.PZGIK.200</sln:gmIIPPn><sln:gmIIPWersja>2012-09-26T22:27:40+02:00</sln:gmIIPWersja><sln:gmIdTeryt>2473011</sln:gmIdTeryt><sln:gmNazwa>Rybnik</sln:gmNazwa><sln:miejscIIPId>9c7c262c-93dc-46a3-83e3-a3f76bd08007</sln:miejscIIPId><sln:miejscIIPPn>PL.PZGIK.200</sln:miejscIIPPn><sln:miejscIIPWersja>2016-11-24T13:36:36+02:00</sln:miejscIIPWersja><sln:miejscIdTeryt>3011411</sln:miejscIdTeryt><sln:miejscNazwa>Osiedle Korfantego</sln:miejscNazwa><sln:miejscRodzaj>Inny obiekt</sln:miejscRodzaj><sln:powIIPId>f72dfd05-0e4f-4807-adf9-906de2e85792</sln:powIIPId><sln:powIIPPn>PL.PZGIK.200</sln:powIIPPn><sln:powIIPWersja>2012-09-27T09:34:20+02:00</sln:powIIPWersja><sln:powIdTeryt>2473</sln:powIdTeryt><sln:powNazwa>Rybnik</sln:powNazwa><sln:wojIIPId>98a63fe6-1e56-4d05-9c47-ab4233f8a6ff</sln:wojIIPId><sln:wojIIPPn>PL.PZGIK.200</sln:wojIIPPn><sln:wojIIPWersja>2017-10-10T00:00:00+02:00</sln:wojIIPWersja><sln:wojIdTeryt>24</sln:wojIdTeryt><sln:wojNazwa>śląskie</sln:wojNazwa></sln:miejscowosc><sln:miejscowosc><sln:cyklZyciaDo>2017-02-01T00:00:00+01:00</sln:cyklZyciaDo><sln:cyklZyciaOd>2014-12-03T00:00:00+01:00</sln:cyklZyciaOd><sln:gmIIPId>293723a0-b94b-43fb-9c0c-b2a6ac57aad3</sln:gmIIPId><sln:gmIIPPn>PL.PZGIK.200</sln:gmIIPPn><sln:gmIIPWersja>2012-09-26T22:27:40+02:00</sln:gmIIPWersja><sln:gmIdTeryt>2473011</sln:gmIdTeryt><sln:gmNazwa>Rybnik</sln:gmNazwa><sln:miejscIIPId>e25f5467-80ad-4ebb-aa23-3e00218be771</sln:miejscIIPId><sln:miejscIIPPn>PL.PZGIK.200</sln:miejscIIPPn><sln:miejscIIPWersja>2016-11-24T13:36:36+02:00</sln:miejscIIPWersja><sln:miejscIdTeryt>3011413</sln:miejscIdTeryt><sln:miejscNazwa>Kuźnia Ligocka</sln:miejscNazwa><sln:miejscRodzaj>Inny obiekt</sln:miejscRodzaj><sln:powIIPId>f72dfd05-0e4f-4807-adf9-906de2e85792</sln:powIIPId><sln:powIIPPn>PL.PZGIK.200</sln:powIIPPn><sln:powIIPWersja>2012-09-27T09:34:20+02:00</sln:powIIPWersja><sln:powIdTeryt>2473</sln:powIdTeryt><sln:powNazwa>Rybnik</sln:powNazwa><sln:wojIIPId>98a63fe6-1e56-4d05-9c47-ab4233f8a6ff</sln:wojIIPId><sln:wojIIPPn>PL.PZGIK.200</sln:wojIIPPn><sln:wojIIPWersja>2017-10-10T00:00:00+02:00</sln:wojIIPWersja><sln:wojIdTeryt>24</sln:wojIdTeryt><sln:wojNazwa>śląskie</sln:wojNazwa></sln:miejscowosc><sln:miejscowosc><sln:cyklZyciaDo>2017-02-01T00:00:00+01:00</sln:cyklZyciaDo><sln:cyklZyciaOd>2014-12-03T00:00:00+01:00</sln:cyklZyciaOd><sln:gmIIPId>293723a0-b94b-43fb-9c0c-b2a6ac57aad3</sln:gmIIPId><sln:gmIIPPn>PL.PZGIK.200</sln:gmIIPPn><sln:gmIIPWersja>2012-09-26T22:27:40+02:00</sln:gmIIPWersja><sln:gmIdTeryt>2473011</sln:gmIdTeryt><sln:gmNazwa>Rybnik</sln:gmNazwa><sln:miejscIIPId>08f8ed65-0401-40da-8f7f-2ffaeaee3461</sln:miejscIIPId><sln:miejscIIPPn>PL.PZGIK.200</sln:miejscIIPPn><sln:miejscIIPWersja>2016-11-24T13:36:37+02:00</sln:miejscIIPWersja><sln:miejscIdTeryt>3011439</sln:miejscIdTeryt><sln:miejscNazwa>Stara Grabownia</sln:miejscNazwa><sln:miejscRodzaj>Inny obiekt</sln:miejscRodzaj><sln:powIIPId>f72dfd05-0e4f-4807-adf9-906de2e85792</sln:powIIPId><sln:powIIPPn>PL.PZGIK.200</sln:powIIPPn><sln:powIIPWersja>2012-09-27T09:34:20+02:00</sln:powIIPWersja><sln:powIdTeryt>2473</sln:powIdTeryt><sln:powNazwa>Rybnik</sln:powNazwa><sln:wojIIPId>98a63fe6-1e56-4d05-9c47-ab4233f8a6ff</sln:wojIIPId><sln:wojIIPPn>PL.PZGIK.200</sln:wojIIPPn><sln:wojIIPWersja>2017-10-10T00:00:00+02:00</sln:wojIIPWersja><sln:wojIdTeryt>24</sln:wojIdTeryt><sln:wojNazwa>śląskie</sln:wojNazwa></sln:miejscowosc><sln:miejscowosc><sln:cyklZyciaDo>2017-02-01T00:00:00+01:00</sln:cyklZyciaDo><sln:cyklZyciaOd>2014-12-03T00:00:00+01:00</sln:cyklZyciaOd><sln:gmIIPId>293723a0-b94b-43fb-9c0c-b2a6ac57aad3</sln:gmIIPId><sln:gmIIPPn>PL.PZGIK.200</sln:gmIIPPn><sln:gmIIPWersja>2012-09-26T22:27:40+02:00</sln:gmIIPWersja><sln:gmIdTeryt>2473011</sln:gmIdTeryt><sln:gmNazwa>Rybnik</sln:gmNazwa><sln:miejscIIPId>9daa4180-6f34-4896-95c4-57050741a336</sln:miejscIIPId><sln:miejscIIPPn>PL.PZGIK.200</sln:miejscIIPPn><sln:miejscIIPWersja>2016-11-24T13:36:37+02:00</sln:miejscIIPWersja><sln:miejscIdTeryt>3011441</sln:miejscIdTeryt><sln:miejscNazwa>Świerki</sln:miejscNazwa><sln:miejscRodzaj>Inny obiekt</sln:miejscRodzaj><sln:powIIPId>f72dfd05-0e4f-4807-adf9-906de2e85792</sln:powIIPId><sln:powIIPPn>PL.PZGIK.200</sln:powIIPPn><sln:powIIPWersja>2012-09-27T09:34:20+02:00</sln:powIIPWersja><sln:powIdTeryt>2473</sln:powIdTeryt><sln:powNazwa>Rybnik</sln:powNazwa><sln:wojIIPId>98a63fe6-1e56-4d05-9c47-ab4233f8a6ff</sln:wojIIPId><sln:wojIIPPn>PL.PZGIK.200</sln:wojIIPPn><sln:wojIIPWersja>2017-10-10T00:00:00+02:00</sln:wojIIPWersja><sln:wojIdTeryt>24</sln:wojIdTeryt><sln:wojNazwa>śląskie</sln:wojNazwa></sln:miejscowosc><sln:miejscowosc><sln:cyklZyciaDo>2017-02-01T00:00:00+01:00</sln:cyklZyciaDo><sln:cyklZyciaOd>2014-12-03T00:00:00+01:00</sln:cyklZyciaOd><sln:gmIIPId>293723a0-b94b-43fb-9c0c-b2a6ac57aad3</sln:gmIIPId><sln:gmIIPPn>PL.PZGIK.200</sln:gmIIPPn><sln:gmIIPWersja>2012-09-26T22:27:40+02:00</sln:gmIIPWersja><sln:gmIdTeryt>2473011</sln:gmIdTeryt><sln:gmNazwa>Rybnik</sln:gmNazwa><sln:miejscIIPId>d0c1cff2-db74-47fb-bbf5-766bacc2a5f3</sln:miejscIIPId><sln:miejscIIPPn>PL.PZGIK.200</sln:miejscIIPPn><sln:miejscIIPWersja>2016-11-24T13:46:25+02:00</sln:miejscIIPWersja><sln:miejscIdTeryt>0942937</sln:miejscIdTeryt><sln:miejscNazwa>Niedobczyce</sln:miejscNazwa><sln:miejscRodzaj>Inny obiekt</sln:miejscRodzaj><sln:powIIPId>f72dfd05-0e4f-4807-adf9-906de2e85792</sln:powIIPId><sln:powIIPPn>PL.PZGIK.200</sln:powIIPPn><sln:powIIPWersja>2012-09-27T09:34:20+02:00</sln:powIIPWersja><sln:powIdTeryt>2473</sln:powIdTeryt><sln:powNazwa>Rybnik</sln:powNazwa><sln:wojIIPId>98a63fe6-1e56-4d05-9c47-ab4233f8a6ff</sln:wojIIPId><sln:wojIIPPn>PL.PZGIK.200</sln:wojIIPPn><sln:wojIIPWersja>2017-10-10T00:00:00+02:00</sln:wojIIPWersja><sln:wojIdTeryt>24</sln:wojIdTeryt><sln:wojNazwa>śląskie</sln:wojNazwa></sln:miejscowosc><sln:miejscowosc><sln:cyklZyciaDo>2017-02-01T00:00:00+01:00</sln:cyklZyciaDo><sln:cyklZyciaOd>2014-12-03T00:00:00+01:00</sln:cyklZyciaOd><sln:gmIIPId>293723a0-b94b-43fb-9c0c-b2a6ac57aad3</sln:gmIIPId><sln:gmIIPPn>PL.PZGIK.200</sln:gmIIPPn><sln:gmIIPWersja>2012-09-26T22:27:40+02:00</sln:gmIIPWersja><sln:gmIdTeryt>2473011</sln:gmIdTeryt><sln:gmNazwa>Rybnik</sln:gmNazwa><sln:miejscIIPId>54537427-c2e0-4edb-8a51-ecd70d99b5d1</sln:miejscIIPId><sln:miejscIIPPn>PL.PZGIK.200</sln:miejscIIPPn><sln:miejscIIPWersja>2016-11-24T13:46:25+02:00</sln:miejscIIPWersja><sln:miejscIdTeryt>0943010</sln:miejscIdTeryt><sln:miejscNazwa>Radziejów</sln:miejscNazwa><sln:miejscRodzaj>Inny obiekt</sln:miejscRodzaj><sln:powIIPId>f72dfd05-0e4f-4807-adf9-906de2e85792</sln:powIIPId><sln:powIIPPn>PL.PZGIK.200</sln:powIIPPn><sln:powIIPWersja>2012-09-27T09:34:20+02:00</sln:powIIPWersja><sln:powIdTeryt>2473</sln:powIdTeryt><sln:powNazwa>Rybnik</sln:powNazwa><sln:wojIIPId>98a63fe6-1e56-4d05-9c47-ab4233f8a6ff</sln:wojIIPId><sln:wojIIPPn>PL.PZGIK.200</sln:wojIIPPn><sln:wojIIPWersja>2017-10-10T00:00:00+02:00</sln:wojIIPWersja><sln:wojIdTeryt>24</sln:wojIdTeryt><sln:wojNazwa>śląskie</sln:wojNazwa></sln:miejscowosc><sln:miejscowosc><sln:cyklZyciaDo>2017-02-01T00:00:00+01:00</sln:cyklZyciaDo><sln:cyklZyciaOd>2014-12-03T00:00:00+01:00</sln:cyklZyciaOd><sln:gmIIPId>293723a0-b94b-43fb-9c0c-b2a6ac57aad3</sln:gmIIPId><sln:gmIIPPn>PL.PZGIK.200</sln:gmIIPPn><sln:gmIIPWersja>2012-09-26T22:27:40+02:00</sln:gmIIPWersja><sln:gmIdTeryt>2473011</sln:gmIdTeryt><sln:gmNazwa>Rybnik</sln:gmNazwa><sln:miejscIIPId>e532378c-507c-42a8-98d8-df6f80bf7a96</sln:miejscIIPId><sln:miejscIIPPn>PL.PZGIK.200</sln:miejscIIPPn><sln:miejscIIPWersja>2016-11-24T13:36:36+02:00</sln:miejscIIPWersja><sln:miejscIdTeryt>3011393</sln:miejscIdTeryt><sln:miejscNazwa>Osiedle Dolne</sln:miejscNazwa><sln:miejscRodzaj>Inny obiekt</sln:miejscRodzaj><sln:powIIPId>f72dfd05-0e4f-4807-adf9-906de2e85792</sln:powIIPId><sln:powIIPPn>PL.PZGIK.200</sln:powIIPPn><sln:powIIPWersja>2012-09-27T09:34:20+02:00</sln:powIIPWersja><sln:powIdTeryt>2473</sln:powIdTeryt><sln:powNazwa>Rybnik</sln:powNazwa><sln:wojIIPId>98a63fe6-1e56-4d05-9c47-ab4233f8a6ff</sln:wojIIPId><sln:wojIIPPn>PL.PZGIK.200</sln:wojIIPPn><sln:wojIIPWersja>2017-10-10T00:00:00+02:00</sln:wojIIPWersja><sln:wojIdTeryt>24</sln:wojIdTeryt><sln:wojNazwa>śląskie</sln:wojNazwa></sln:miejscowosc><sln:miejscowosc><sln:cyklZyciaDo>2017-02-01T00:00:00+01:00</sln:cyklZyciaDo><sln:cyklZyciaOd>2014-12-03T00:00:00+01:00</sln:cyklZyciaOd><sln:gmIIPId>293723a0-b94b-43fb-9c0c-b2a6ac57aad3</sln:gmIIPId><sln:gmIIPPn>PL.PZGIK.200</sln:gmIIPPn><sln:gmIIPWersja>2012-09-26T22:27:40+02:00</sln:gmIIPWersja><sln:gmIdTeryt>2473011</sln:gmIdTeryt><sln:gmNazwa>Rybnik</sln:gmNazwa><sln:miejscIIPId>74601154-d608-48aa-abe6-26611a775bc6</sln:miejscIIPId><sln:miejscIIPPn>PL.PZGIK.200</sln:miejscIIPPn><sln:miejscIIPWersja>2016-11-24T13:46:25+02:00</sln:miejscIIPWersja><sln:miejscIdTeryt>0942914</sln:miejscIdTeryt><sln:miejscNazwa>Meksyk</sln:miejscNazwa><sln:miejscRodzaj>Inny obiekt</sln:miejscRodzaj><sln:powIIPId>f72dfd05-0e4f-4807-adf9-906de2e85792</sln:powIIPId><sln:powIIPPn>PL.PZGIK.200</sln:powIIPPn><sln:powIIPWersja>2012-09-27T09:34:20+02:00</sln:powIIPWersja><sln:powIdTeryt>2473</sln:powIdTeryt><sln:powNazwa>Rybnik</sln:powNazwa><sln:wojIIPId>98a63fe6-1e56-4d05-9c47-ab4233f8a6ff</sln:wojIIPId><sln:wojIIPPn>PL.PZGIK.200</sln:wojIIPPn><sln:wojIIPWersja>2017-10-10T00:00:00+02:00</sln:wojIIPWersja><sln:wojIdTeryt>24</sln:wojIdTeryt><sln:wojNazwa>śląskie</sln:wojNazwa></sln:miejscowosc><sln:miejscowosc><sln:cyklZyciaDo>2017-02-01T00:00:00+01:00</sln:cyklZyciaDo><sln:cyklZyciaOd>2014-12-03T00:00:00+01:00</sln:cyklZyciaOd><sln:gmIIPId>293723a0-b94b-43fb-9c0c-b2a6ac57aad3</sln:gmIIPId><sln:gmIIPPn>PL.PZGIK.200</sln:gmIIPPn><sln:gmIIPWersja>2012-09-26T22:27:40+02:00</sln:gmIIPWersja><sln:gmIdTeryt>2473011</sln:gmIdTeryt><sln:gmNazwa>Rybnik</sln:gmNazwa><sln:miejscIIPId>938cd470-a7d8-4d1b-a064-7dde46f6cf28</sln:miejscIIPId><sln:miejscIIPPn>PL.PZGIK.200</sln:miejscIIPPn><sln:miejscIIPWersja>2016-11-24T13:36:36+02:00</sln:miejscIIPWersja><sln:miejscIdTeryt>3011420</sln:miejscIdTeryt><sln:miejscNazwa>Młyny</sln:miejscNazwa><sln:miejscRodzaj>Inny obiekt</sln:miejscRodzaj><sln:powIIPId>f72dfd05-0e4f-4807-adf9-906de2e85792</sln:powIIPId><sln:powIIPPn>PL.PZGIK.200</sln:powIIPPn><sln:powIIPWersja>2012-09-27T09:34:20+02:00</sln:powIIPWersja><sln:powIdTeryt>2473</sln:powIdTeryt><sln:powNazwa>Rybnik</sln:powNazwa><sln:wojIIPId>98a63fe6-1e56-4d05-9c47-ab4233f8a6ff</sln:wojIIPId><sln:wojIIPPn>PL.PZGIK.200</sln:wojIIPPn><sln:wojIIPWersja>2017-10-10T00:00:00+02:00</sln:wojIIPWersja><sln:wojIdTeryt>24</sln:wojIdTeryt><sln:wojNazwa>śląskie</sln:wojNazwa></sln:miejscowosc><sln:miejscowosc><sln:cyklZyciaDo>2017-02-01T00:00:00+01:00</sln:cyklZyciaDo><sln:cyklZyciaOd>2014-12-03T00:00:00+01:00</sln:cyklZyciaOd><sln:gmIIPId>293723a0-b94b-43fb-9c0c-b2a6ac57aad3</sln:gmIIPId><sln:gmIIPPn>PL.PZGIK.200</sln:gmIIPPn><sln:gmIIPWersja>2012-09-26T22:27:40+02:00</sln:gmIIPWersja><sln:gmIdTeryt>2473011</sln:gmIdTeryt><sln:gmNazwa>Rybnik</sln:gmNazwa><sln:miejscIIPId>2b5d43f6-de94-497e-aac5-e94c6731e669</sln:miejscIIPId><sln:miejscIIPPn>PL.PZGIK.200</sln:miejscIIPPn><sln:miejscIIPWersja>2016-11-24T13:46:25+02:00</sln:miejscIIPWersja><sln:miejscIdTeryt>0942788</sln:miejscIdTeryt><sln:miejscNazwa>Brzeziny</sln:miejscNazwa><sln:miejscRodzaj>Inny obiekt</sln:miejscRodzaj><sln:powIIPId>f72dfd05-0e4f-4807-adf9-906de2e85792</sln:powIIPId><sln:powIIPPn>PL.PZGIK.200</sln:powIIPPn><sln:powIIPWersja>2012-09-27T09:34:20+02:00</sln:powIIPWersja><sln:powIdTeryt>2473</sln:powIdTeryt><sln:powNazwa>Rybnik</sln:powNazwa><sln:wojIIPId>98a63fe6-1e56-4d05-9c47-ab4233f8a6ff</sln:wojIIPId><sln:wojIIPPn>PL.PZGIK.200</sln:wojIIPPn><sln:wojIIPWersja>2017-10-10T00:00:00+02:00</sln:wojIIPWersja><sln:wojIdTeryt>24</sln:wojIdTeryt><sln:wojNazwa>śląskie</sln:wojNazwa></sln:miejscowosc><sln:miejscowosc><sln:cyklZyciaDo>2017-02-01T00:00:00+01:00</sln:cyklZyciaDo><sln:cyklZyciaOd>2014-12-03T00:00:00+01:00</sln:cyklZyciaOd><sln:gmIIPId>293723a0-b94b-43fb-9c0c-b2a6ac57aad3</sln:gmIIPId><sln:gmIIPPn>PL.PZGIK.200</sln:gmIIPPn><sln:gmIIPWersja>2012-09-26T22:27:40+02:00</sln:gmIIPWersja><sln:gmIdTeryt>2473011</sln:gmIdTeryt><sln:gmNazwa>Rybnik</sln:gmNazwa><sln:miejscIIPId>b6fe727f-c01b-4aa8-9418-304a8fd9db1e</sln:miejscIIPId><sln:miejscIIPPn>PL.PZGIK.200</sln:miejscIIPPn><sln:miejscIIPWersja>2016-11-24T13:36:36+02:00</sln:miejscIIPWersja><sln:miejscIdTeryt>3011407</sln:miejscIdTeryt><sln:miejscNazwa>Kielowiec</sln:miejscNazwa><sln:miejscRodzaj>Inny obiekt</sln:miejscRodzaj><sln:powIIPId>f72dfd05-0e4f-4807-adf9-906de2e85792</sln:powIIPId><sln:powIIPPn>PL.PZGIK.200</sln:powIIPPn><sln:powIIPWersja>2012-09-27T09:34:20+02:00</sln:powIIPWersja><sln:powIdTeryt>2473</sln:powIdTeryt><sln:powNazwa>Rybnik</sln:powNazwa><sln:wojIIPId>98a63fe6-1e56-4d05-9c47-ab4233f8a6ff</sln:wojIIPId><sln:wojIIPPn>PL.PZGIK.200</sln:wojIIPPn><sln:wojIIPWersja>2017-10-10T00:00:00+02:00</sln:wojIIPWersja><sln:wojIdTeryt>24</sln:wojIdTeryt><sln:wojNazwa>śląskie</sln:wojNazwa></sln:miejscowosc><sln:miejscowosc><sln:cyklZyciaDo>2017-02-01T00:00:00+01:00</sln:cyklZyciaDo><sln:cyklZyciaOd>2014-12-03T00:00:00+01:00</sln:cyklZyciaOd><sln:gmIIPId>293723a0-b94b-43fb-9c0c-b2a6ac57aad3</sln:gmIIPId><sln:gmIIPPn>PL.PZGIK.200</sln:gmIIPPn><sln:gmIIPWersja>2012-09-26T22:27:40+02:00</sln:gmIIPWersja><sln:gmIdTeryt>2473011</sln:gmIdTeryt><sln:gmNazwa>Rybnik</sln:gmNazwa><sln:miejscIIPId>67c0bf7c-7aaf-4b0c-9060-72929b36bb31</sln:miejscIIPId><sln:miejscIIPPn>PL.PZGIK.200</sln:miejscIIPPn><sln:miejscIIPWersja>2016-11-24T13:46:25+02:00</sln:miejscIIPWersja><sln:miejscIdTeryt>0942771</sln:miejscIdTeryt><sln:miejscNazwa>Boguszowice</sln:miejscNazwa><sln:miejscRodzaj>Inny obiekt</sln:miejscRodzaj><sln:powIIPId>f72dfd05-0e4f-4807-adf9-906de2e85792</sln:powIIPId><sln:powIIPPn>PL.PZGIK.200</sln:powIIPPn><sln:powIIPWersja>2012-09-27T09:34:20+02:00</sln:powIIPWersja><sln:powIdTeryt>2473</sln:powIdTeryt><sln:powNazwa>Rybnik</sln:powNazwa><sln:wojIIPId>98a63fe6-1e56-4d05-9c47-ab4233f8a6ff</sln:wojIIPId><sln:wojIIPPn>PL.PZGIK.200</sln:wojIIPPn><sln:wojIIPWersja>2017-10-10T00:00:00+02:00</sln:wojIIPWersja><sln:wojIdTeryt>24</sln:wojIdTeryt><sln:wojNazwa>śląskie</sln:wojNazwa></sln:miejscowosc><sln:miejscowosc><sln:cyklZyciaDo>2017-02-01T00:00:00+01:00</sln:cyklZyciaDo><sln:cyklZyciaOd>2014-12-03T00:00:00+01:00</sln:cyklZyciaOd><sln:gmIIPId>293723a0-b94b-43fb-9c0c-b2a6ac57aad3</sln:gmIIPId><sln:gmIIPPn>PL.PZGIK.200</sln:gmIIPPn><sln:gmIIPWersja>2012-09-26T22:27:40+02:00</sln:gmIIPWersja><sln:gmIdTeryt>2473011</sln:gmIdTeryt><sln:gmNazwa>Rybnik</sln:gmNazwa><sln:miejscIIPId>febdf5b0-31d8-4618-85ca-78a830c8b2fe</sln:miejscIIPId><sln:miejscIIPPn>PL.PZGIK.200</sln:miejscIIPPn><sln:miejscIIPWersja>2016-11-24T13:46:25+02:00</sln:miejscIIPWersja><sln:miejscIdTeryt>0942908</sln:miejscIdTeryt><sln:miejscNazwa>Ligota</sln:miejscNazwa><sln:miejscRodzaj>Inny obiekt</sln:miejscRodzaj><sln:powIIPId>f72dfd05-0e4f-4807-adf9-906de2e85792</sln:powIIPId><sln:powIIPPn>PL.PZGIK.200</sln:powIIPPn><sln:powIIPWersja>2012-09-27T09:34:20+02:00</sln:powIIPWersja><sln:powIdTeryt>2473</sln:powIdTeryt><sln:powNazwa>Rybnik</sln:powNazwa><sln:wojIIPId>98a63fe6-1e56-4d05-9c47-ab4233f8a6ff</sln:wojIIPId><sln:wojIIPPn>PL.PZGIK.200</sln:wojIIPPn><sln:wojIIPWersja>2017-10-10T00:00:00+02:00</sln:wojIIPWersja><sln:wojIdTeryt>24</sln:wojIdTeryt><sln:wojNazwa>śląskie</sln:wojNazwa></sln:miejscowosc><sln:miejscowosc><sln:cyklZyciaDo>2017-02-01T00:00:00+01:00</sln:cyklZyciaDo><sln:cyklZyciaOd>2014-12-03T00:00:00+01:00</sln:cyklZyciaOd><sln:gmIIPId>293723a0-b94b-43fb-9c0c-b2a6ac57aad3</sln:gmIIPId><sln:gmIIPPn>PL.PZGIK.200</sln:gmIIPPn><sln:gmIIPWersja>2012-09-26T22:27:40+02:00</sln:gmIIPWersja><sln:gmIdTeryt>2473011</sln:gmIdTeryt><sln:gmNazwa>Rybnik</sln:gmNazwa><sln:miejscIIPId>f319a5aa-0f43-483f-855c-a31fa48a3f91</sln:miejscIIPId><sln:miejscIIPPn>PL.PZGIK.200</sln:miejscIIPPn><sln:miejscIIPWersja>2016-11-24T13:46:25+02:00</sln:miejscIIPWersja><sln:miejscIdTeryt>0942890</sln:miejscIdTeryt><sln:miejscNazwa>Kłokocin</sln:miejscNazwa><sln:miejscRodzaj>Inny obiekt</sln:miejscRodzaj><sln:powIIPId>f72dfd05-0e4f-4807-adf9-906de2e85792</sln:powIIPId><sln:powIIPPn>PL.PZGIK.200</sln:powIIPPn><sln:powIIPWersja>2012-09-27T09:34:20+02:00</sln:powIIPWersja><sln:powIdTeryt>2473</sln:powIdTeryt><sln:powNazwa>Rybnik</sln:powNazwa><sln:wojIIPId>98a63fe6-1e56-4d05-9c47-ab4233f8a6ff</sln:wojIIPId><sln:wojIIPPn>PL.PZGIK.200</sln:wojIIPPn><sln:wojIIPWersja>2017-10-10T00:00:00+02:00</sln:wojIIPWersja><sln:wojIdTeryt>24</sln:wojIdTeryt><sln:wojNazwa>śląskie</sln:wojNazwa></sln:miejscowosc><sln:miejscowosc><sln:cyklZyciaDo>2017-02-01T00:00:00+01:00</sln:cyklZyciaDo><sln:cyklZyciaOd>2014-12-03T00:00:00+01:00</sln:cyklZyciaOd><sln:gmIIPId>293723a0-b94b-43fb-9c0c-b2a6ac57aad3</sln:gmIIPId><sln:gmIIPPn>PL.PZGIK.200</sln:gmIIPPn><sln:gmIIPWersja>2012-09-26T22:27:40+02:00</sln:gmIIPWersja><sln:gmIdTeryt>2473011</sln:gmIdTeryt><sln:gmNazwa>Rybnik</sln:gmNazwa><sln:miejscIIPId>a2220674-7466-40d4-a8b1-c71d09fad787</sln:miejscIIPId><sln:miejscIIPPn>PL.PZGIK.200</sln:miejscIIPPn><sln:miejscIIPWersja>2016-11-24T13:46:25+02:00</sln:miejscIIPWersja><sln:miejscIdTeryt>0945195</sln:miejscIdTeryt><sln:miejscNazwa>Wrzosy</sln:miejscNazwa><sln:miejscRodzaj>Inny obiekt</sln:miejscRodzaj><sln:powIIPId>f72dfd05-0e4f-4807-adf9-906de2e85792</sln:powIIPId><sln:powIIPPn>PL.PZGIK.200</sln:powIIPPn><sln:powIIPWersja>2012-09-27T09:34:20+02:00</sln:powIIPWersja><sln:powIdTeryt>2473</sln:powIdTeryt><sln:powNazwa>Rybnik</sln:powNazwa><sln:wojIIPId>98a63fe6-1e56-4d05-9c47-ab4233f8a6ff</sln:wojIIPId><sln:wojIIPPn>PL.PZGIK.200</sln:wojIIPPn><sln:wojIIPWersja>2017-10-10T00:00:00+02:00</sln:wojIIPWersja><sln:wojIdTeryt>24</sln:wojIdTeryt><sln:wojNazwa>śląskie</sln:wojNazwa></sln:miejscowosc><sln:miejscowosc><sln:cyklZyciaDo>2017-02-01T00:00:00+01:00</sln:cyklZyciaDo><sln:cyklZyciaOd>2014-12-03T00:00:00+01:00</sln:cyklZyciaOd><sln:gmIIPId>293723a0-b94b-43fb-9c0c-b2a6ac57aad3</sln:gmIIPId><sln:gmIIPPn>PL.PZGIK.200</sln:gmIIPPn><sln:gmIIPWersja>2012-09-26T22:27:40+02:00</sln:gmIIPWersja><sln:gmIdTeryt>2473011</sln:gmIdTeryt><sln:gmNazwa>Rybnik</sln:gmNazwa><sln:miejscIIPId>1d5b2bb5-a98f-4a71-b62b-4ba5d4d82cee</sln:miejscIIPId><sln:miejscIIPPn>PL.PZGIK.200</sln:miejscIIPPn><sln:miejscIIPWersja>2016-11-24T13:36:36+02:00</sln:miejscIIPWersja><sln:miejscIdTeryt>3011401</sln:miejscIdTeryt><sln:miejscNazwa>Kolonia Helena</sln:miejscNazwa><sln:miejscRodzaj>Inny obiekt</sln:miejscRodzaj><sln:powIIPId>f72dfd05-0e4f-4807-adf9-906de2e85792</sln:powIIPId><sln:powIIPPn>PL.PZGIK.200</sln:powIIPPn><sln:powIIPWersja>2012-09-27T09:34:20+02:00</sln:powIIPWersja><sln:powIdTeryt>2473</sln:powIdTeryt><sln:powNazwa>Rybnik</sln:powNazwa><sln:wojIIPId>98a63fe6-1e56-4d05-9c47-ab4233f8a6ff</sln:wojIIPId><sln:wojIIPPn>PL.PZGIK.200</sln:wojIIPPn><sln:wojIIPWersja>2017-10-10T00:00:00+02:00</sln:wojIIPWersja><sln:wojIdTeryt>24</sln:wojIdTeryt><sln:wojNazwa>śląskie</sln:wojNazwa></sln:miejscowosc><sln:miejscowosc><sln:cyklZyciaDo>2017-02-01T00:00:00+01:00</sln:cyklZyciaDo><sln:cyklZyciaOd>2014-12-03T00:00:00+01:00</sln:cyklZyciaOd><sln:gmIIPId>293723a0-b94b-43fb-9c0c-b2a6ac57aad3</sln:gmIIPId><sln:gmIIPPn>PL.PZGIK.200</sln:gmIIPPn><sln:gmIIPWersja>2012-09-26T22:27:40+02:00</sln:gmIIPWersja><sln:gmIdTeryt>2473011</sln:gmIdTeryt><sln:gmNazwa>Rybnik</sln:gmNazwa><sln:miejscIIPId>cef1f98a-d3e8-4cc3-a81d-0ffddfe187d4</sln:miejscIIPId><sln:miejscIIPPn>PL.PZGIK.200</sln:miejscIIPPn><sln:miejscIIPWersja>2016-11-24T13:46:25+02:00</sln:miejscIIPWersja><sln:miejscIdTeryt>0943049</sln:miejscIdTeryt><sln:miejscNazwa>Stawiska</sln:miejscNazwa><sln:miejscRodzaj>Inny obiekt</sln:miejscRodzaj><sln:powIIPId>f72dfd05-0e4f-4807-adf9-906de2e85792</sln:powIIPId><sln:powIIPPn>PL.PZGIK.200</sln:powIIPPn><sln:powIIPWersja>2012-09-27T09:34:20+02:00</sln:powIIPWersja><sln:powIdTeryt>2473</sln:powIdTeryt><sln:powNazwa>Rybnik</sln:powNazwa><sln:wojIIPId>98a63fe6-1e56-4d05-9c47-ab4233f8a6ff</sln:wojIIPId><sln:wojIIPPn>PL.PZGIK.200</sln:wojIIPPn><sln:wojIIPWersja>2017-10-10T00:00:00+02:00</sln:wojIIPWersja><sln:wojIdTeryt>24</sln:wojIdTeryt><sln:wojNazwa>śląskie</sln:wojNazwa></sln:miejscowosc><sln:miejscowosc><sln:cyklZyciaDo>2017-02-01T00:00:00+01:00</sln:cyklZyciaDo><sln:cyklZyciaOd>2014-12-03T00:00:00+01:00</sln:cyklZyciaOd><sln:gmIIPId>293723a0-b94b-43fb-9c0c-b2a6ac57aad3</sln:gmIIPId><sln:gmIIPPn>PL.PZGIK.200</sln:gmIIPPn><sln:gmIIPWersja>2012-09-26T22:27:40+02:00</sln:gmIIPWersja><sln:gmIdTeryt>2473011</sln:gmIdTeryt><sln:gmNazwa>Rybnik</sln:gmNazwa><sln:miejscIIPId>d087b395-68a1-4038-9571-6c7cbf236ba0</sln:miejscIIPId><sln:miejscIIPPn>PL.PZGIK.200</sln:miejscIIPPn><sln:miejscIIPWersja>2016-11-24T13:36:36+02:00</sln:miejscIIPWersja><sln:miejscIdTeryt>3011430</sln:miejscIdTeryt><sln:miejscNazwa>Osiedle 1000-lecia</sln:miejscNazwa><sln:miejscRodzaj>Inny obiekt</sln:miejscRodzaj><sln:powIIPId>f72dfd05-0e4f-4807-adf9-906de2e85792</sln:powIIPId><sln:powIIPPn>PL.PZGIK.200</sln:powIIPPn><sln:powIIPWersja>2012-09-27T09:34:20+02:00</sln:powIIPWersja><sln:powIdTeryt>2473</sln:powIdTeryt><sln:powNazwa>Rybnik</sln:powNazwa><sln:wojIIPId>98a63fe6-1e56-4d05-9c47-ab4233f8a6ff</sln:wojIIPId><sln:wojIIPPn>PL.PZGIK.200</sln:wojIIPPn><sln:wojIIPWersja>2017-10-10T00:00:00+02:00</sln:wojIIPWersja><sln:wojIdTeryt>24</sln:wojIdTeryt><sln:wojNazwa>śląskie</sln:wojNazwa></sln:miejscowosc><sln:miejscowosc><sln:cyklZyciaDo>2017-02-01T00:00:00+01:00</sln:cyklZyciaDo><sln:cyklZyciaOd>2014-12-03T00:00:00+01:00</sln:cyklZyciaOd><sln:gmIIPId>293723a0-b94b-43fb-9c0c-b2a6ac57aad3</sln:gmIIPId><sln:gmIIPPn>PL.PZGIK.200</sln:gmIIPPn><sln:gmIIPWersja>2012-09-26T22:27:40+02:00</sln:gmIIPWersja><sln:gmIdTeryt>2473011</sln:gmIdTeryt><sln:gmNazwa>Rybnik</sln:gmNazwa><sln:miejscIIPId>43dd22d0-8b5e-4bef-8819-fe334ac668d7</sln:miejscIIPId><sln:miejscIIPPn>PL.PZGIK.200</sln:miejscIIPPn><sln:miejscIIPWersja>2016-11-24T13:46:25+02:00</sln:miejscIIPWersja><sln:miejscIdTeryt>0943109</sln:miejscIdTeryt><sln:miejscNazwa>Zamysłów</sln:miejscNazwa><sln:miejscRodzaj>Inny obiekt</sln:miejscRodzaj><sln:powIIPId>f72dfd05-0e4f-4807-adf9-906de2e85792</sln:powIIPId><sln:powIIPPn>PL.PZGIK.200</sln:powIIPPn><sln:powIIPWersja>2012-09-27T09:34:20+02:00</sln:powIIPWersja><sln:powIdTeryt>2473</sln:powIdTeryt><sln:powNazwa>Rybnik</sln:powNazwa><sln:wojIIPId>98a63fe6-1e56-4d05-9c47-ab4233f8a6ff</sln:wojIIPId><sln:wojIIPPn>PL.PZGIK.200</sln:wojIIPPn><sln:wojIIPWersja>2017-10-10T00:00:00+02:00</sln:wojIIPWersja><sln:wojIdTeryt>24</sln:wojIdTeryt><sln:wojNazwa>śląskie</sln:wojNazwa></sln:miejscowosc><sln:miejscowosc><sln:cyklZyciaDo>2017-02-01T00:00:00+01:00</sln:cyklZyciaDo><sln:cyklZyciaOd>2014-12-03T00:00:00+01:00</sln:cyklZyciaOd><sln:gmIIPId>293723a0-b94b-43fb-9c0c-b2a6ac57aad3</sln:gmIIPId><sln:gmIIPPn>PL.PZGIK.200</sln:gmIIPPn><sln:gmIIPWersja>2012-09-26T22:27:40+02:00</sln:gmIIPWersja><sln:gmIdTeryt>2473011</sln:gmIdTeryt><sln:gmNazwa>Rybnik</sln:gmNazwa><sln:miejscIIPId>b03d2fb8-6f71-42c4-abdb-1c82cef32f0c</sln:miejscIIPId><sln:miejscIIPPn>PL.PZGIK.200</sln:miejscIIPPn><sln:miejscIIPWersja>2016-11-24T13:36:36+02:00</sln:miejscIIPWersja><sln:miejscIdTeryt>3011429</sln:miejscIdTeryt><sln:miejscNazwa>Olszowiec</sln:miejscNazwa><sln:miejscRodzaj>Inny obiekt</sln:miejscRodzaj><sln:powIIPId>f72dfd05-0e4f-4807-adf9-906de2e85792</sln:powIIPId><sln:powIIPPn>PL.PZGIK.200</sln:powIIPPn><sln:powIIPWersja>2012-09-27T09:34:20+02:00</sln:powIIPWersja><sln:powIdTeryt>2473</sln:powIdTeryt><sln:powNazwa>Rybnik</sln:powNazwa><sln:wojIIPId>98a63fe6-1e56-4d05-9c47-ab4233f8a6ff</sln:wojIIPId><sln:wojIIPPn>PL.PZGIK.200</sln:wojIIPPn><sln:wojIIPWersja>2017-10-10T00:00:00+02:00</sln:wojIIPWersja><sln:wojIdTeryt>24</sln:wojIdTeryt><sln:wojNazwa>śląskie</sln:wojNazwa></sln:miejscowosc><sln:miejscowosc><sln:cyklZyciaDo>2017-02-01T00:00:00+01:00</sln:cyklZyciaDo><sln:cyklZyciaOd>2014-12-03T00:00:00+01:00</sln:cyklZyciaOd><sln:gmIIPId>293723a0-b94b-43fb-9c0c-b2a6ac57aad3</sln:gmIIPId><sln:gmIIPPn>PL.PZGIK.200</sln:gmIIPPn><sln:gmIIPWersja>2012-09-26T22:27:40+02:00</sln:gmIIPWersja><sln:gmIdTeryt>2473011</sln:gmIdTeryt><sln:gmNazwa>Rybnik</sln:gmNazwa><sln:miejscIIPId>f8823d78-be02-4fdd-9a8c-32d15d25f597</sln:miejscIIPId><sln:miejscIIPPn>PL.PZGIK.200</sln:miejscIIPPn><sln:miejscIIPWersja>2016-11-24T13:46:25+02:00</sln:miejscIIPWersja><sln:miejscIdTeryt>0943003</sln:miejscIdTeryt><sln:miejscNazwa>Popielów</sln:miejscNazwa><sln:miejscRodzaj>Inny obiekt</sln:miejscRodzaj><sln:powIIPId>f72dfd05-0e4f-4807-adf9-906de2e85792</sln:powIIPId><sln:powIIPPn>PL.PZGIK.200</sln:powIIPPn><sln:powIIPWersja>2012-09-27T09:34:20+02:00</sln:powIIPWersja><sln:powIdTeryt>2473</sln:powIdTeryt><sln:powNazwa>Rybnik</sln:powNazwa><sln:wojIIPId>98a63fe6-1e56-4d05-9c47-ab4233f8a6ff</sln:wojIIPId><sln:wojIIPPn>PL.PZGIK.200</sln:wojIIPPn><sln:wojIIPWersja>2017-10-10T00:00:00+02:00</sln:wojIIPWersja><sln:wojIdTeryt>24</sln:wojIdTeryt><sln:wojNazwa>śląskie</sln:wojNazwa></sln:miejscowosc><sln:miejscowosc><sln:cyklZyciaDo>2017-04-12T00:00:00+02:00</sln:cyklZyciaDo><sln:cyklZyciaOd>2017-02-01T00:00:00+01:00</sln:cyklZyciaOd><sln:gmIIPId>293723a0-b94b-43fb-9c0c-b2a6ac57aad3</sln:gmIIPId><sln:gmIIPPn>PL.PZGIK.200</sln:gmIIPPn><sln:gmIIPWersja>2012-09-26T22:27:40+02:00</sln:gmIIPWersja><sln:gmIdTeryt>2473011</sln:gmIdTeryt><sln:gmNazwa>Rybnik</sln:gmNazwa><sln:miejscIIPId>2df4c288-5c21-459c-9225-26b262c637c4</sln:miejscIIPId><sln:miejscIIPPn>PL.PZGIK.200</sln:miejscIIPPn><sln:miejscIIPWersja>2017-02-01T13:48:57+02:00</sln:miejscIIPWersja><sln:miejscIdTeryt>0942765</sln:miejscIdTeryt><sln:miejscNazwa>Rybnik</sln:miejscNazwa><sln:miejscRodzaj>Miasto</sln:miejscRodzaj><sln:powIIPId>f72dfd05-0e4f-4807-adf9-906de2e85792</sln:powIIPId><sln:powIIPPn>PL.PZGIK.200</sln:powIIPPn><sln:powIIPWersja>2012-09-27T09:34:20+02:00</sln:powIIPWersja><sln:powIdTeryt>2473</sln:powIdTeryt><sln:powNazwa>Rybnik</sln:powNazwa><sln:wojIIPId>98a63fe6-1e56-4d05-9c47-ab4233f8a6ff</sln:wojIIPId><sln:wojIIPPn>PL.PZGIK.200</sln:wojIIPPn><sln:wojIIPWersja>2017-10-10T00:00:00+02:00</sln:wojIIPWersja><sln:wojIdTeryt>24</sln:wojIdTeryt><sln:wojNazwa>śląskie</sln:wojNazwa></sln:miejscowosc><sln:miejscowosc><sln:cyklZyciaOd>2017-04-12T00:00:00+02:00</sln:cyklZyciaOd><sln:gmIIPId>293723a0-b94b-43fb-9c0c-b2a6ac57aad3</sln:gmIIPId><sln:gmIIPPn>PL.PZGIK.200</sln:gmIIPPn><sln:gmIIPWersja>2012-09-26T22:27:40+02:00</sln:gmIIPWersja><sln:gmIdTeryt>2473011</sln:gmIdTeryt><sln:gmNazwa>Rybnik</sln:gmNazwa><sln:miejscIIPId>c46564fb-f8b4-4a52-9867-467269122ef9</sln:miejscIIPId><sln:miejscIIPPn>PL.PZGIK.200</sln:miejscIIPPn><sln:miejscIIPWersja>2017-04-12T12:23:08+02:00</sln:miejscIIPWersja><sln:miejscIdTeryt>0942765</sln:miejscIdTeryt><sln:miejscNazwa>Rybnik</sln:miejscNazwa><sln:miejscRodzaj>Miasto</sln:miejscRodzaj><sln:powIIPId>f72dfd05-0e4f-4807-adf9-906de2e85792</sln:powIIPId><sln:powIIPPn>PL.PZGIK.200</sln:powIIPPn><sln:powIIPWersja>2012-09-27T09:34:20+02:00</sln:powIIPWersja><sln:powIdTeryt>2473</sln:powIdTeryt><sln:powNazwa>Rybnik</sln:powNazwa><sln:wojIIPId>98a63fe6-1e56-4d05-9c47-ab4233f8a6ff</sln:wojIIPId><sln:wojIIPPn>PL.PZGIK.200</sln:wojIIPPn><sln:wojIIPWersja>2017-10-10T00:00:00+02:00</sln:wojIIPWersja><sln:wojIdTeryt>24</sln:wojIdTeryt><sln:wojNazwa>śląskie</sln:wojNazwa></sln:miejscowosc></sln:lista-miejscowosci>