<?xml version="1.0" encoding="UTF-8" standalone="yes"?><sln:lista-miejscowosci xmlns:srv="http://gugik.gov.pl/schemas/slowniki-service/1.0" xmlns:sln="http://gugik.gov.pl/schemas/slowniki-schema/1.0"><sln:miejscowosc><sln:cyklZyciaOd>2016-02-15T00:00:00+01:00</sln:cyklZyciaOd><sln:gmIIPId>94e56f01-214b-4f9d-9906-a9036ca5f8e3</sln:gmIIPId><sln:gmIIPPn>PL.PZGIK.200</sln:gmIIPPn><sln:gmIIPWersja>2017-10-10T00:00:00+02:00</sln:gmIIPWersja><sln:gmIdTeryt>2403092</sln:gmIdTeryt><sln:gmNazwa>Istebna</sln:gmNazwa><sln:miejscIIPId>76cc325f-180d-47f9-88de-332723f8937a</sln:miejscIIPId><sln:miejscIIPPn>PL.PZGIK.200</sln:miejscIIPPn><sln:miejscIIPWersja>2016-11-24T14:03:09+02:00</sln:miejscIIPWersja><sln:miejscIdTeryt>0052899</sln:miejscIdTeryt><sln:miejscNazwa>Istebna</sln:miejscNazwa><sln:miejscRodzaj>Wieś</sln:miejscRodzaj><sln:powIIPId>41d5d717-6c1d-4048-ad65-a66ef5659ff4</sln:powIIPId><sln:powIIPPn>PL.PZGIK.200</sln:powIIPPn><sln:powIIPWersja>2017-10-10T00:00:00+02:00</sln:powIIPWersja><sln:powIdTeryt>2403</sln:powIdTeryt><sln:powNazwa>cieszyński</sln:powNazwa><sln:wojIIPId>98a63fe6-1e56-4d05-9c47-ab4233f8a6ff</sln:wojIIPId><sln:wojIIPPn>PL.PZGIK.200</sln:wojIIPPn><sln:wojIIPWersja>2017-10-10T00:00:00+02:00</sln:wojIIPWersja><sln:wojIdTeryt>24</sln:wojIdTeryt><sln:wojNazwa>śląskie</sln:wojNazwa></sln:miejscowosc><sln:miejscowosc><sln:cyklZyciaOd>2016-02-15T00:00:00+01:00</sln:cyklZyciaOd><sln:gmIIPId>94e56f01-214b-4f9d-9906-a9036ca5f8e3</sln:gmIIPId><sln:gmIIPPn>PL.PZGIK.200</sln:gmIIPPn><sln:gmIIPWersja>2017-10-10T00:00:00+02:00</sln:gmIIPWersja><sln:gmIdTeryt>2403092</sln:gmIdTeryt><sln:gmNazwa>Istebna</sln:gmNazwa><sln:miejscIIPId>3d8815b7-b469-4ba1-bcfb-6ad36b123cda</sln:miejscIIPId><sln:miejscIIPPn>PL.PZGIK.200</sln:miejscIIPPn><sln:miejscIIPWersja>2016-11-24T14:03:12+02:00</sln:miejscIIPWersja><sln:miejscIdTeryt>0053545</sln:miejscIdTeryt><sln:miejscNazwa>Jaworzynka</sln:miejscNazwa><sln:miejscRodzaj>Wieś</sln:miejscRodzaj><sln:powIIPId>41d5d717-6c1d-4048-ad65-a66ef5659ff4</sln:powIIPId><sln:powIIPPn>PL.PZGIK.200</sln:powIIPPn><sln:powIIPWersja>2017-10-10T00:00:00+02:00</sln:powIIPWersja><sln:powIdTeryt>2403</sln:powIdTeryt><sln:powNazwa>cieszyński</sln:powNazwa><sln:wojIIPId>98a63fe6-1e56-4d05-9c47-ab4233f8a6ff</sln:wojIIPId><sln:wojIIPPn>PL.PZGIK.200</sln:wojIIPPn><sln:wojIIPWersja>2017-10-10T00:00:00+02:00</sln:wojIIPWersja><sln:wojIdTeryt>24</sln:wojIdTeryt><sln:wojNazwa>śląskie</sln:wojNazwa></sln:miejscowosc><sln:miejscowosc><sln:cyklZyciaOd>2016-02-15T00:00:00+01:00</sln:cyklZyciaOd><sln:gmIIPId>94e56f01-214b-4f9d-9906-a9036ca5f8e3</sln:gmIIPId><sln:gmIIPPn>PL.PZGIK.200</sln:gmIIPPn><sln:gmIIPWersja>2017-10-10T00:00:00+02:00</sln:gmIIPWersja><sln:gmIdTeryt>2403092</sln:gmIdTeryt><sln:gmNazwa>Istebna</sln:gmNazwa><sln:miejscIIPId>a6eed943-d724-4d0c-bdaa-739e1622fe61</sln:miejscIIPId><sln:miejscIIPPn>PL.PZGIK.200</sln:miejscIIPPn><sln:miejscIIPWersja>2016-11-24T14:03:13+02:00</sln:miejscIIPWersja><sln:miejscIdTeryt>0054007</sln:miejscIdTeryt><sln:miejscNazwa>Koniaków</sln:miejscNazwa><sln:miejscRodzaj>Wieś</sln:miejscRodzaj><sln:powIIPId>41d5d717-6c1d-4048-ad65-a66ef5659ff4</sln:powIIPId><sln:powIIPPn>PL.PZGIK.200</sln:powIIPPn><sln:powIIPWersja>2017-10-10T00:00:00+02:00</sln:powIIPWersja><sln:powIdTeryt>2403</sln:powIdTeryt><sln:powNazwa>cieszyński</sln:powNazwa><sln:wojIIPId>98a63fe6-1e56-4d05-9c47-ab4233f8a6ff</sln:wojIIPId><sln:wojIIPPn>PL.PZGIK.200</sln:wojIIPPn><sln:wojIIPWersja>2017-10-10T00:00:00+02:00</sln:wojIIPWersja><sln:wojIdTeryt>24</sln:wojIdTeryt><sln:wojNazwa>śląskie</sln:wojNazwa></sln:miejscowosc></sln:lista-miejscowosci>