<?xml version="1.0" encoding="UTF-8" standalone="yes"?><sln:lista-miejscowosci xmlns:srv="http://gugik.gov.pl/schemas/slowniki-service/1.0" xmlns:sln="http://gugik.gov.pl/schemas/slowniki-schema/1.0"><sln:miejscowosc><sln:cyklZyciaDo>2017-05-25T00:00:00+02:00</sln:cyklZyciaDo><sln:cyklZyciaOd>2015-05-04T00:00:00+02:00</sln:cyklZyciaOd><sln:gmIIPId>2347447f-afb8-4836-91fe-8857ba7062e7</sln:gmIIPId><sln:gmIIPPn>PL.PZGIK.200</sln:gmIIPPn><sln:gmIIPWersja>2017-10-10T00:00:00+02:00</sln:gmIIPWersja><sln:gmIdTeryt>2403011</sln:gmIdTeryt><sln:gmNazwa>Cieszyn</sln:gmNazwa><sln:miejscIIPId>cf6d477f-2dbe-4794-8ead-34195627b8df</sln:miejscIIPId><sln:miejscIIPPn>PL.PZGIK.200</sln:miejscIIPPn><sln:miejscIIPWersja>2016-11-24T13:21:08+02:00</sln:miejscIIPWersja><sln:miejscIdTeryt>0924158</sln:miejscIdTeryt><sln:miejscNazwa>Cieszyn</sln:miejscNazwa><sln:miejscRodzaj>Miasto</sln:miejscRodzaj><sln:powIIPId>41d5d717-6c1d-4048-ad65-a66ef5659ff4</sln:powIIPId><sln:powIIPPn>PL.PZGIK.200</sln:powIIPPn><sln:powIIPWersja>2017-10-10T00:00:00+02:00</sln:powIIPWersja><sln:powIdTeryt>2403</sln:powIdTeryt><sln:powNazwa>cieszyński</sln:powNazwa><sln:wojIIPId>98a63fe6-1e56-4d05-9c47-ab4233f8a6ff</sln:wojIIPId><sln:wojIIPPn>PL.PZGIK.200</sln:wojIIPPn><sln:wojIIPWersja>2017-10-10T00:00:00+02:00</sln:wojIIPWersja><sln:wojIdTeryt>24</sln:wojIdTeryt><sln:wojNazwa>śląskie</sln:wojNazwa></sln:miejscowosc><sln:miejscowosc><sln:cyklZyciaDo>2017-05-26T00:00:00+02:00</sln:cyklZyciaDo><sln:cyklZyciaOd>2015-05-26T00:00:00+02:00</sln:cyklZyciaOd><sln:gmIIPId>2347447f-afb8-4836-91fe-8857ba7062e7</sln:gmIIPId><sln:gmIIPPn>PL.PZGIK.200</sln:gmIIPPn><sln:gmIIPWersja>2017-10-10T00:00:00+02:00</sln:gmIIPWersja><sln:gmIdTeryt>2403011</sln:gmIdTeryt><sln:gmNazwa>Cieszyn</sln:gmNazwa><sln:miejscIIPId>85319446-fa53-4ef9-9220-5deaa5a16c7d</sln:miejscIIPId><sln:miejscIIPPn>PL.PZGIK.200</sln:miejscIIPPn><sln:miejscIIPWersja>2016-11-24T13:21:08+02:00</sln:miejscIIPWersja><sln:miejscIdTeryt>0924158</sln:miejscIdTeryt><sln:miejscNazwa>Cieszyn</sln:miejscNazwa><sln:miejscRodzaj>Miasto</sln:miejscRodzaj><sln:powIIPId>41d5d717-6c1d-4048-ad65-a66ef5659ff4</sln:powIIPId><sln:powIIPPn>PL.PZGIK.200</sln:powIIPPn><sln:powIIPWersja>2017-10-10T00:00:00+02:00</sln:powIIPWersja><sln:powIdTeryt>2403</sln:powIdTeryt><sln:powNazwa>cieszyński</sln:powNazwa><sln:wojIIPId>98a63fe6-1e56-4d05-9c47-ab4233f8a6ff</sln:wojIIPId><sln:wojIIPPn>PL.PZGIK.200</sln:wojIIPPn><sln:wojIIPWersja>2017-10-10T00:00:00+02:00</sln:wojIIPWersja><sln:wojIdTeryt>24</sln:wojIdTeryt><sln:wojNazwa>śląskie</sln:wojNazwa></sln:miejscowosc><sln:miejscowosc><sln:cyklZyciaDo>2018-02-14T00:00:00+01:00</sln:cyklZyciaDo><sln:cyklZyciaOd>2017-05-26T00:00:00+02:00</sln:cyklZyciaOd><sln:gmIIPId>2347447f-afb8-4836-91fe-8857ba7062e7</sln:gmIIPId><sln:gmIIPPn>PL.PZGIK.200</sln:gmIIPPn><sln:gmIIPWersja>2017-10-10T00:00:00+02:00</sln:gmIIPWersja><sln:gmIdTeryt>2403011</sln:gmIdTeryt><sln:gmNazwa>Cieszyn</sln:gmNazwa><sln:miejscIIPId>85319446-fa53-4ef9-9220-5deaa5a16c7d</sln:miejscIIPId><sln:miejscIIPPn>PL.PZGIK.200</sln:miejscIIPPn><sln:miejscIIPWersja>2017-05-26T09:10:24+02:00</sln:miejscIIPWersja><sln:miejscIdTeryt>0924158</sln:miejscIdTeryt><sln:miejscNazwa>Cieszyn</sln:miejscNazwa><sln:miejscRodzaj>Miasto</sln:miejscRodzaj><sln:powIIPId>41d5d717-6c1d-4048-ad65-a66ef5659ff4</sln:powIIPId><sln:powIIPPn>PL.PZGIK.200</sln:powIIPPn><sln:powIIPWersja>2017-10-10T00:00:00+02:00</sln:powIIPWersja><sln:powIdTeryt>2403</sln:powIdTeryt><sln:powNazwa>cieszyński</sln:powNazwa><sln:wojIIPId>98a63fe6-1e56-4d05-9c47-ab4233f8a6ff</sln:wojIIPId><sln:wojIIPPn>PL.PZGIK.200</sln:wojIIPPn><sln:wojIIPWersja>2017-10-10T00:00:00+02:00</sln:wojIIPWersja><sln:wojIdTeryt>24</sln:wojIdTeryt><sln:wojNazwa>śląskie</sln:wojNazwa></sln:miejscowosc><sln:miejscowosc><sln:cyklZyciaOd>2018-02-09T00:00:00+01:00</sln:cyklZyciaOd><sln:gmIIPId>2347447f-afb8-4836-91fe-8857ba7062e7</sln:gmIIPId><sln:gmIIPPn>PL.PZGIK.200</sln:gmIIPPn><sln:gmIIPWersja>2017-10-10T00:00:00+02:00</sln:gmIIPWersja><sln:gmIdTeryt>2403011</sln:gmIdTeryt><sln:gmNazwa>Cieszyn</sln:gmNazwa><sln:miejscIIPId>2195f854-89b4-42c5-9c8e-0c20423c00f1</sln:miejscIIPId><sln:miejscIIPPn>PL.PZGIK.200</sln:miejscIIPPn><sln:miejscIIPWersja>2018-02-09T08:46:50+02:00</sln:miejscIIPWersja><sln:miejscIdTeryt>0924158</sln:miejscIdTeryt><sln:miejscNazwa>Cieszyn</sln:miejscNazwa><sln:miejscRodzaj>Miasto</sln:miejscRodzaj><sln:powIIPId>41d5d717-6c1d-4048-ad65-a66ef5659ff4</sln:powIIPId><sln:powIIPPn>PL.PZGIK.200</sln:powIIPPn><sln:powIIPWersja>2017-10-10T00:00:00+02:00</sln:powIIPWersja><sln:powIdTeryt>2403</sln:powIdTeryt><sln:powNazwa>cieszyński</sln:powNazwa><sln:wojIIPId>98a63fe6-1e56-4d05-9c47-ab4233f8a6ff</sln:wojIIPId><sln:wojIIPPn>PL.PZGIK.200</sln:wojIIPPn><sln:wojIIPWersja>2017-10-10T00:00:00+02:00</sln:wojIIPWersja><sln:wojIdTeryt>24</sln:wojIdTeryt><sln:wojNazwa>śląskie</sln:wojNazwa></sln:miejscowosc></sln:lista-miejscowosci>