<?xml version="1.0" encoding="UTF-8" standalone="yes"?><sln:lista-miejscowosci xmlns:srv="http://gugik.gov.pl/schemas/slowniki-service/1.0" xmlns:sln="http://gugik.gov.pl/schemas/slowniki-schema/1.0"><sln:miejscowosc><sln:cyklZyciaOd>2016-05-10T00:00:00+02:00</sln:cyklZyciaOd><sln:gmIIPId>a979d1f1-c6fe-42f9-b015-d01c25bf7a5d</sln:gmIIPId><sln:gmIIPPn>PL.PZGIK.200</sln:gmIIPPn><sln:gmIIPWersja>2012-09-26T22:26:26+02:00</sln:gmIIPWersja><sln:gmIdTeryt>2415041</sln:gmIdTeryt><sln:gmNazwa>Wodzisław Śląski</sln:gmNazwa><sln:miejscIIPId>50b0a84f-114c-4e96-8bd6-c5097c78c559</sln:miejscIIPId><sln:miejscIIPPn>PL.PZGIK.200</sln:miejscIIPPn><sln:miejscIIPWersja>2016-11-24T13:16:38+02:00</sln:miejscIIPWersja><sln:miejscIdTeryt>0944853</sln:miejscIdTeryt><sln:miejscNazwa>Wodzisław Śląski</sln:miejscNazwa><sln:miejscRodzaj>Miasto</sln:miejscRodzaj><sln:powIIPId>45733634-43de-469a-8481-a533d0560b32</sln:powIIPId><sln:powIIPPn>PL.PZGIK.200</sln:powIIPPn><sln:powIIPWersja>2017-10-10T00:00:00+02:00</sln:powIIPWersja><sln:powIdTeryt>2415</sln:powIdTeryt><sln:powNazwa>wodzisławski</sln:powNazwa><sln:wojIIPId>98a63fe6-1e56-4d05-9c47-ab4233f8a6ff</sln:wojIIPId><sln:wojIIPPn>PL.PZGIK.200</sln:wojIIPPn><sln:wojIIPWersja>2017-10-10T00:00:00+02:00</sln:wojIIPWersja><sln:wojIdTeryt>24</sln:wojIdTeryt><sln:wojNazwa>śląskie</sln:wojNazwa></sln:miejscowosc><sln:miejscowosc><sln:cyklZyciaDo>2017-10-26T00:00:00+02:00</sln:cyklZyciaDo><sln:cyklZyciaOd>2017-06-21T00:00:00+02:00</sln:cyklZyciaOd><sln:gmIIPId>a979d1f1-c6fe-42f9-b015-d01c25bf7a5d</sln:gmIIPId><sln:gmIIPPn>PL.PZGIK.200</sln:gmIIPPn><sln:gmIIPWersja>2012-09-26T22:26:26+02:00</sln:gmIIPWersja><sln:gmIdTeryt>2415041</sln:gmIdTeryt><sln:gmNazwa>Wodzisław Śląski</sln:gmNazwa><sln:miejscIIPId>a5eee556-de06-46c3-b171-991a9bbc65dc</sln:miejscIIPId><sln:miejscIIPPn>PL.PZGIK.200</sln:miejscIIPPn><sln:miejscIIPWersja>2017-06-21T11:42:23+02:00</sln:miejscIIPWersja><sln:miejscIdTeryt>0944853</sln:miejscIdTeryt><sln:miejscNazwa>Wodzisław Śląski</sln:miejscNazwa><sln:miejscRodzaj>Miasto</sln:miejscRodzaj><sln:powIIPId>45733634-43de-469a-8481-a533d0560b32</sln:powIIPId><sln:powIIPPn>PL.PZGIK.200</sln:powIIPPn><sln:powIIPWersja>2017-10-10T00:00:00+02:00</sln:powIIPWersja><sln:powIdTeryt>2415</sln:powIdTeryt><sln:powNazwa>wodzisławski</sln:powNazwa><sln:wojIIPId>98a63fe6-1e56-4d05-9c47-ab4233f8a6ff</sln:wojIIPId><sln:wojIIPPn>PL.PZGIK.200</sln:wojIIPPn><sln:wojIIPWersja>2017-10-10T00:00:00+02:00</sln:wojIIPWersja><sln:wojIdTeryt>24</sln:wojIdTeryt><sln:wojNazwa>śląskie</sln:wojNazwa></sln:miejscowosc></sln:lista-miejscowosci>