<?xml version="1.0" encoding="UTF-8" standalone="yes"?><sln:lista-miejscowosci xmlns:srv="http://gugik.gov.pl/schemas/slowniki-service/1.0" xmlns:sln="http://gugik.gov.pl/schemas/slowniki-schema/1.0"><sln:miejscowosc><sln:cyklZyciaDo>2017-04-25T00:00:00+02:00</sln:cyklZyciaDo><sln:cyklZyciaOd>2015-08-11T00:00:00+02:00</sln:cyklZyciaOd><sln:gmIIPId>d1e258ab-d8d7-4507-a730-e34e3ee1c53f</sln:gmIIPId><sln:gmIIPPn>PL.PZGIK.200</sln:gmIIPPn><sln:gmIIPWersja>2012-09-26T22:25:47+02:00</sln:gmIIPWersja><sln:gmIdTeryt>2407042</sln:gmIdTeryt><sln:gmNazwa>Herby</sln:gmNazwa><sln:miejscIIPId>ad115092-6e04-4341-9dc0-772600481c65</sln:miejscIIPId><sln:miejscIIPPn>PL.PZGIK.200</sln:miejscIIPPn><sln:miejscIIPWersja>2016-11-24T09:18:47+02:00</sln:miejscIIPWersja><sln:miejscIdTeryt>0132428</sln:miejscIdTeryt><sln:miejscNazwa>Brasowe</sln:miejscNazwa><sln:miejscRodzaj>Przysiółek</sln:miejscRodzaj><sln:powIIPId>83a775fc-d56d-4b3d-999f-f07d8b5e10e5</sln:powIIPId><sln:powIIPPn>PL.PZGIK.200</sln:powIIPPn><sln:powIIPWersja>2012-09-27T09:34:20+02:00</sln:powIIPWersja><sln:powIdTeryt>2407</sln:powIdTeryt><sln:powNazwa>lubliniecki</sln:powNazwa><sln:waznyOd>2012-03-02T00:00:00+01:00</sln:waznyOd><sln:wojIIPId>98a63fe6-1e56-4d05-9c47-ab4233f8a6ff</sln:wojIIPId><sln:wojIIPPn>PL.PZGIK.200</sln:wojIIPPn><sln:wojIIPWersja>2017-10-10T00:00:00+02:00</sln:wojIIPWersja><sln:wojIdTeryt>24</sln:wojIdTeryt><sln:wojNazwa>śląskie</sln:wojNazwa></sln:miejscowosc><sln:miejscowosc><sln:cyklZyciaDo>2017-04-25T00:00:00+02:00</sln:cyklZyciaDo><sln:cyklZyciaOd>2015-08-11T00:00:00+02:00</sln:cyklZyciaOd><sln:gmIIPId>d1e258ab-d8d7-4507-a730-e34e3ee1c53f</sln:gmIIPId><sln:gmIIPPn>PL.PZGIK.200</sln:gmIIPPn><sln:gmIIPWersja>2012-09-26T22:25:47+02:00</sln:gmIIPWersja><sln:gmIdTeryt>2407042</sln:gmIdTeryt><sln:gmNazwa>Herby</sln:gmNazwa><sln:miejscIIPId>a1b87b95-bc21-450f-9a13-c769d9077cdb</sln:miejscIIPId><sln:miejscIIPPn>PL.PZGIK.200</sln:miejscIIPPn><sln:miejscIIPWersja>2016-11-24T09:18:47+02:00</sln:miejscIIPWersja><sln:miejscIdTeryt>0132411</sln:miejscIdTeryt><sln:miejscNazwa>Braszczok</sln:miejscNazwa><sln:miejscRodzaj>Wieś</sln:miejscRodzaj><sln:powIIPId>83a775fc-d56d-4b3d-999f-f07d8b5e10e5</sln:powIIPId><sln:powIIPPn>PL.PZGIK.200</sln:powIIPPn><sln:powIIPWersja>2012-09-27T09:34:20+02:00</sln:powIIPWersja><sln:powIdTeryt>2407</sln:powIdTeryt><sln:powNazwa>lubliniecki</sln:powNazwa><sln:waznyOd>2012-03-02T00:00:00+01:00</sln:waznyOd><sln:wojIIPId>98a63fe6-1e56-4d05-9c47-ab4233f8a6ff</sln:wojIIPId><sln:wojIIPPn>PL.PZGIK.200</sln:wojIIPPn><sln:wojIIPWersja>2017-10-10T00:00:00+02:00</sln:wojIIPWersja><sln:wojIdTeryt>24</sln:wojIdTeryt><sln:wojNazwa>śląskie</sln:wojNazwa></sln:miejscowosc><sln:miejscowosc><sln:cyklZyciaDo>2017-04-25T00:00:00+02:00</sln:cyklZyciaDo><sln:cyklZyciaOd>2015-08-11T00:00:00+02:00</sln:cyklZyciaOd><sln:gmIIPId>d1e258ab-d8d7-4507-a730-e34e3ee1c53f</sln:gmIIPId><sln:gmIIPPn>PL.PZGIK.200</sln:gmIIPPn><sln:gmIIPWersja>2012-09-26T22:25:47+02:00</sln:gmIIPWersja><sln:gmIdTeryt>2407042</sln:gmIdTeryt><sln:gmNazwa>Herby</sln:gmNazwa><sln:miejscIIPId>c14800d4-9f74-49e9-b28f-9187dfb95b71</sln:miejscIIPId><sln:miejscIIPPn>PL.PZGIK.200</sln:miejscIIPPn><sln:miejscIIPWersja>2016-11-24T09:18:47+02:00</sln:miejscIIPWersja><sln:miejscIdTeryt>0132285</sln:miejscIdTeryt><sln:miejscNazwa>Chwostek</sln:miejscNazwa><sln:miejscRodzaj>Wieś</sln:miejscRodzaj><sln:powIIPId>83a775fc-d56d-4b3d-999f-f07d8b5e10e5</sln:powIIPId><sln:powIIPPn>PL.PZGIK.200</sln:powIIPPn><sln:powIIPWersja>2012-09-27T09:34:20+02:00</sln:powIIPWersja><sln:powIdTeryt>2407</sln:powIdTeryt><sln:powNazwa>lubliniecki</sln:powNazwa><sln:waznyOd>2012-05-15T00:00:00+02:00</sln:waznyOd><sln:wojIIPId>98a63fe6-1e56-4d05-9c47-ab4233f8a6ff</sln:wojIIPId><sln:wojIIPPn>PL.PZGIK.200</sln:wojIIPPn><sln:wojIIPWersja>2017-10-10T00:00:00+02:00</sln:wojIIPWersja><sln:wojIdTeryt>24</sln:wojIdTeryt><sln:wojNazwa>śląskie</sln:wojNazwa></sln:miejscowosc><sln:miejscowosc><sln:cyklZyciaDo>2017-04-25T00:00:00+02:00</sln:cyklZyciaDo><sln:cyklZyciaOd>2015-08-11T00:00:00+02:00</sln:cyklZyciaOd><sln:gmIIPId>d1e258ab-d8d7-4507-a730-e34e3ee1c53f</sln:gmIIPId><sln:gmIIPPn>PL.PZGIK.200</sln:gmIIPPn><sln:gmIIPWersja>2012-09-26T22:25:47+02:00</sln:gmIIPWersja><sln:gmIdTeryt>2407042</sln:gmIdTeryt><sln:gmNazwa>Herby</sln:gmNazwa><sln:miejscIIPId>e3ac4aef-e28a-460b-8ef0-127999139d4d</sln:miejscIIPId><sln:miejscIIPPn>PL.PZGIK.200</sln:miejscIIPPn><sln:miejscIIPWersja>2016-11-24T09:18:47+02:00</sln:miejscIIPWersja><sln:miejscIdTeryt>0132517</sln:miejscIdTeryt><sln:miejscNazwa>Cztery Kopy</sln:miejscNazwa><sln:miejscRodzaj>Osada</sln:miejscRodzaj><sln:powIIPId>83a775fc-d56d-4b3d-999f-f07d8b5e10e5</sln:powIIPId><sln:powIIPPn>PL.PZGIK.200</sln:powIIPPn><sln:powIIPWersja>2012-09-27T09:34:20+02:00</sln:powIIPWersja><sln:powIdTeryt>2407</sln:powIdTeryt><sln:powNazwa>lubliniecki</sln:powNazwa><sln:waznyOd>2012-03-02T00:00:00+01:00</sln:waznyOd><sln:wojIIPId>98a63fe6-1e56-4d05-9c47-ab4233f8a6ff</sln:wojIIPId><sln:wojIIPPn>PL.PZGIK.200</sln:wojIIPPn><sln:wojIIPWersja>2017-10-10T00:00:00+02:00</sln:wojIIPWersja><sln:wojIdTeryt>24</sln:wojIdTeryt><sln:wojNazwa>śląskie</sln:wojNazwa></sln:miejscowosc><sln:miejscowosc><sln:cyklZyciaDo>2017-04-25T00:00:00+02:00</sln:cyklZyciaDo><sln:cyklZyciaOd>2015-08-11T00:00:00+02:00</sln:cyklZyciaOd><sln:gmIIPId>d1e258ab-d8d7-4507-a730-e34e3ee1c53f</sln:gmIIPId><sln:gmIIPPn>PL.PZGIK.200</sln:gmIIPPn><sln:gmIIPWersja>2012-09-26T22:25:47+02:00</sln:gmIIPWersja><sln:gmIdTeryt>2407042</sln:gmIdTeryt><sln:gmNazwa>Herby</sln:gmNazwa><sln:miejscIIPId>e54997da-14a3-4af0-bf10-a052dfe67a5d</sln:miejscIIPId><sln:miejscIIPPn>PL.PZGIK.200</sln:miejscIIPPn><sln:miejscIIPWersja>2016-11-24T09:18:47+02:00</sln:miejscIIPWersja><sln:miejscIdTeryt>0132291</sln:miejscIdTeryt><sln:miejscNazwa>Drapacz</sln:miejscNazwa><sln:miejscRodzaj>Przysiółek</sln:miejscRodzaj><sln:powIIPId>83a775fc-d56d-4b3d-999f-f07d8b5e10e5</sln:powIIPId><sln:powIIPPn>PL.PZGIK.200</sln:powIIPPn><sln:powIIPWersja>2012-09-27T09:34:20+02:00</sln:powIIPWersja><sln:powIdTeryt>2407</sln:powIdTeryt><sln:powNazwa>lubliniecki</sln:powNazwa><sln:waznyOd>2012-03-02T00:00:00+01:00</sln:waznyOd><sln:wojIIPId>98a63fe6-1e56-4d05-9c47-ab4233f8a6ff</sln:wojIIPId><sln:wojIIPPn>PL.PZGIK.200</sln:wojIIPPn><sln:wojIIPWersja>2017-10-10T00:00:00+02:00</sln:wojIIPWersja><sln:wojIdTeryt>24</sln:wojIdTeryt><sln:wojNazwa>śląskie</sln:wojNazwa></sln:miejscowosc><sln:miejscowosc><sln:cyklZyciaDo>2017-04-25T00:00:00+02:00</sln:cyklZyciaDo><sln:cyklZyciaOd>2015-08-11T00:00:00+02:00</sln:cyklZyciaOd><sln:gmIIPId>d1e258ab-d8d7-4507-a730-e34e3ee1c53f</sln:gmIIPId><sln:gmIIPPn>PL.PZGIK.200</sln:gmIIPPn><sln:gmIIPWersja>2012-09-26T22:25:47+02:00</sln:gmIIPWersja><sln:gmIdTeryt>2407042</sln:gmIdTeryt><sln:gmNazwa>Herby</sln:gmNazwa><sln:miejscIIPId>1792b35e-93d4-4eeb-adc3-1c3b484e3495</sln:miejscIIPId><sln:miejscIIPPn>PL.PZGIK.200</sln:miejscIIPPn><sln:miejscIIPWersja>2016-11-24T09:18:47+02:00</sln:miejscIIPWersja><sln:miejscIdTeryt>0132380</sln:miejscIdTeryt><sln:miejscNazwa>Głąby</sln:miejscNazwa><sln:miejscRodzaj>Przysiółek</sln:miejscRodzaj><sln:powIIPId>83a775fc-d56d-4b3d-999f-f07d8b5e10e5</sln:powIIPId><sln:powIIPPn>PL.PZGIK.200</sln:powIIPPn><sln:powIIPWersja>2012-09-27T09:34:20+02:00</sln:powIIPWersja><sln:powIdTeryt>2407</sln:powIdTeryt><sln:powNazwa>lubliniecki</sln:powNazwa><sln:waznyOd>2012-12-21T00:00:00+01:00</sln:waznyOd><sln:wojIIPId>98a63fe6-1e56-4d05-9c47-ab4233f8a6ff</sln:wojIIPId><sln:wojIIPPn>PL.PZGIK.200</sln:wojIIPPn><sln:wojIIPWersja>2017-10-10T00:00:00+02:00</sln:wojIIPWersja><sln:wojIdTeryt>24</sln:wojIdTeryt><sln:wojNazwa>śląskie</sln:wojNazwa></sln:miejscowosc><sln:miejscowosc><sln:cyklZyciaDo>2017-04-25T00:00:00+02:00</sln:cyklZyciaDo><sln:cyklZyciaOd>2015-08-11T00:00:00+02:00</sln:cyklZyciaOd><sln:gmIIPId>d1e258ab-d8d7-4507-a730-e34e3ee1c53f</sln:gmIIPId><sln:gmIIPPn>PL.PZGIK.200</sln:gmIIPPn><sln:gmIIPWersja>2012-09-26T22:25:47+02:00</sln:gmIIPWersja><sln:gmIdTeryt>2407042</sln:gmIdTeryt><sln:gmNazwa>Herby</sln:gmNazwa><sln:miejscIIPId>4247e3a7-0333-408c-a3d8-01f0f3f91c2f</sln:miejscIIPId><sln:miejscIIPPn>PL.PZGIK.200</sln:miejscIIPPn><sln:miejscIIPWersja>2016-11-24T09:18:47+02:00</sln:miejscIIPWersja><sln:miejscIdTeryt>0132339</sln:miejscIdTeryt><sln:miejscNazwa>Hadra</sln:miejscNazwa><sln:miejscRodzaj>Wieś</sln:miejscRodzaj><sln:powIIPId>83a775fc-d56d-4b3d-999f-f07d8b5e10e5</sln:powIIPId><sln:powIIPPn>PL.PZGIK.200</sln:powIIPPn><sln:powIIPWersja>2012-09-27T09:34:20+02:00</sln:powIIPWersja><sln:powIdTeryt>2407</sln:powIdTeryt><sln:powNazwa>lubliniecki</sln:powNazwa><sln:waznyOd>2012-03-02T00:00:00+01:00</sln:waznyOd><sln:wojIIPId>98a63fe6-1e56-4d05-9c47-ab4233f8a6ff</sln:wojIIPId><sln:wojIIPPn>PL.PZGIK.200</sln:wojIIPPn><sln:wojIIPWersja>2017-10-10T00:00:00+02:00</sln:wojIIPWersja><sln:wojIdTeryt>24</sln:wojIdTeryt><sln:wojNazwa>śląskie</sln:wojNazwa></sln:miejscowosc><sln:miejscowosc><sln:cyklZyciaDo>2017-04-25T00:00:00+02:00</sln:cyklZyciaDo><sln:cyklZyciaOd>2015-08-11T00:00:00+02:00</sln:cyklZyciaOd><sln:gmIIPId>d1e258ab-d8d7-4507-a730-e34e3ee1c53f</sln:gmIIPId><sln:gmIIPPn>PL.PZGIK.200</sln:gmIIPPn><sln:gmIIPWersja>2012-09-26T22:25:47+02:00</sln:gmIIPWersja><sln:gmIdTeryt>2407042</sln:gmIdTeryt><sln:gmNazwa>Herby</sln:gmNazwa><sln:miejscIIPId>2c5b0a32-d892-4f5f-ba1d-9f0d82e7e5a4</sln:miejscIIPId><sln:miejscIIPPn>PL.PZGIK.200</sln:miejscIIPPn><sln:miejscIIPWersja>2016-11-24T09:18:47+02:00</sln:miejscIIPWersja><sln:miejscIdTeryt>0132351</sln:miejscIdTeryt><sln:miejscNazwa>Herby</sln:miejscNazwa><sln:miejscRodzaj>Wieś</sln:miejscRodzaj><sln:powIIPId>83a775fc-d56d-4b3d-999f-f07d8b5e10e5</sln:powIIPId><sln:powIIPPn>PL.PZGIK.200</sln:powIIPPn><sln:powIIPWersja>2012-09-27T09:34:20+02:00</sln:powIIPWersja><sln:powIdTeryt>2407</sln:powIdTeryt><sln:powNazwa>lubliniecki</sln:powNazwa><sln:waznyOd>2012-03-02T00:00:00+01:00</sln:waznyOd><sln:wojIIPId>98a63fe6-1e56-4d05-9c47-ab4233f8a6ff</sln:wojIIPId><sln:wojIIPPn>PL.PZGIK.200</sln:wojIIPPn><sln:wojIIPWersja>2017-10-10T00:00:00+02:00</sln:wojIIPWersja><sln:wojIdTeryt>24</sln:wojIdTeryt><sln:wojNazwa>śląskie</sln:wojNazwa></sln:miejscowosc><sln:miejscowosc><sln:cyklZyciaDo>2017-04-25T00:00:00+02:00</sln:cyklZyciaDo><sln:cyklZyciaOd>2015-08-11T00:00:00+02:00</sln:cyklZyciaOd><sln:gmIIPId>d1e258ab-d8d7-4507-a730-e34e3ee1c53f</sln:gmIIPId><sln:gmIIPPn>PL.PZGIK.200</sln:gmIIPPn><sln:gmIIPWersja>2012-09-26T22:25:47+02:00</sln:gmIIPWersja><sln:gmIdTeryt>2407042</sln:gmIdTeryt><sln:gmNazwa>Herby</sln:gmNazwa><sln:miejscIIPId>cbd4e0ed-91f0-4a14-9550-7a26f7242836</sln:miejscIIPId><sln:miejscIIPPn>PL.PZGIK.200</sln:miejscIIPPn><sln:miejscIIPWersja>2016-11-24T09:18:47+02:00</sln:miejscIIPWersja><sln:miejscIdTeryt>0132368</sln:miejscIdTeryt><sln:miejscNazwa>Kalina</sln:miejscNazwa><sln:miejscRodzaj>Wieś</sln:miejscRodzaj><sln:powIIPId>83a775fc-d56d-4b3d-999f-f07d8b5e10e5</sln:powIIPId><sln:powIIPPn>PL.PZGIK.200</sln:powIIPPn><sln:powIIPWersja>2012-09-27T09:34:20+02:00</sln:powIIPWersja><sln:powIdTeryt>2407</sln:powIdTeryt><sln:powNazwa>lubliniecki</sln:powNazwa><sln:waznyOd>2012-03-02T00:00:00+01:00</sln:waznyOd><sln:wojIIPId>98a63fe6-1e56-4d05-9c47-ab4233f8a6ff</sln:wojIIPId><sln:wojIIPPn>PL.PZGIK.200</sln:wojIIPPn><sln:wojIIPWersja>2017-10-10T00:00:00+02:00</sln:wojIIPWersja><sln:wojIdTeryt>24</sln:wojIdTeryt><sln:wojNazwa>śląskie</sln:wojNazwa></sln:miejscowosc><sln:miejscowosc><sln:cyklZyciaDo>2017-04-25T00:00:00+02:00</sln:cyklZyciaDo><sln:cyklZyciaOd>2015-08-11T00:00:00+02:00</sln:cyklZyciaOd><sln:gmIIPId>d1e258ab-d8d7-4507-a730-e34e3ee1c53f</sln:gmIIPId><sln:gmIIPPn>PL.PZGIK.200</sln:gmIIPPn><sln:gmIIPWersja>2012-09-26T22:25:47+02:00</sln:gmIIPWersja><sln:gmIdTeryt>2407042</sln:gmIdTeryt><sln:gmNazwa>Herby</sln:gmNazwa><sln:miejscIIPId>cc8c798e-f3b4-4700-805b-7e0762aa189d</sln:miejscIIPId><sln:miejscIIPPn>PL.PZGIK.200</sln:miejscIIPPn><sln:miejscIIPWersja>2016-11-24T09:18:47+02:00</sln:miejscIIPWersja><sln:miejscIdTeryt>0132345</sln:miejscIdTeryt><sln:miejscNazwa>Kierzki</sln:miejscNazwa><sln:miejscRodzaj>Wieś</sln:miejscRodzaj><sln:powIIPId>83a775fc-d56d-4b3d-999f-f07d8b5e10e5</sln:powIIPId><sln:powIIPPn>PL.PZGIK.200</sln:powIIPPn><sln:powIIPWersja>2012-09-27T09:34:20+02:00</sln:powIIPWersja><sln:powIdTeryt>2407</sln:powIdTeryt><sln:powNazwa>lubliniecki</sln:powNazwa><sln:waznyOd>2012-03-02T00:00:00+01:00</sln:waznyOd><sln:wojIIPId>98a63fe6-1e56-4d05-9c47-ab4233f8a6ff</sln:wojIIPId><sln:wojIIPPn>PL.PZGIK.200</sln:wojIIPPn><sln:wojIIPWersja>2017-10-10T00:00:00+02:00</sln:wojIIPWersja><sln:wojIdTeryt>24</sln:wojIdTeryt><sln:wojNazwa>śląskie</sln:wojNazwa></sln:miejscowosc><sln:miejscowosc><sln:cyklZyciaDo>2017-04-25T00:00:00+02:00</sln:cyklZyciaDo><sln:cyklZyciaOd>2015-08-11T00:00:00+02:00</sln:cyklZyciaOd><sln:gmIIPId>d1e258ab-d8d7-4507-a730-e34e3ee1c53f</sln:gmIIPId><sln:gmIIPPn>PL.PZGIK.200</sln:gmIIPPn><sln:gmIIPWersja>2012-09-26T22:25:47+02:00</sln:gmIIPWersja><sln:gmIdTeryt>2407042</sln:gmIdTeryt><sln:gmNazwa>Herby</sln:gmNazwa><sln:miejscIIPId>ed1635bc-7d54-4e7b-b0ce-4e59f39dfd6d</sln:miejscIIPId><sln:miejscIIPPn>PL.PZGIK.200</sln:miejscIIPPn><sln:miejscIIPWersja>2016-11-24T09:18:47+02:00</sln:miejscIIPWersja><sln:miejscIdTeryt>0132397</sln:miejscIdTeryt><sln:miejscNazwa>Kolonia Lisów</sln:miejscNazwa><sln:miejscRodzaj>Wieś</sln:miejscRodzaj><sln:powIIPId>83a775fc-d56d-4b3d-999f-f07d8b5e10e5</sln:powIIPId><sln:powIIPPn>PL.PZGIK.200</sln:powIIPPn><sln:powIIPWersja>2012-09-27T09:34:20+02:00</sln:powIIPWersja><sln:powIdTeryt>2407</sln:powIdTeryt><sln:powNazwa>lubliniecki</sln:powNazwa><sln:waznyOd>2012-03-02T00:00:00+01:00</sln:waznyOd><sln:wojIIPId>98a63fe6-1e56-4d05-9c47-ab4233f8a6ff</sln:wojIIPId><sln:wojIIPPn>PL.PZGIK.200</sln:wojIIPPn><sln:wojIIPWersja>2017-10-10T00:00:00+02:00</sln:wojIIPWersja><sln:wojIdTeryt>24</sln:wojIdTeryt><sln:wojNazwa>śląskie</sln:wojNazwa></sln:miejscowosc><sln:miejscowosc><sln:cyklZyciaDo>2017-04-25T00:00:00+02:00</sln:cyklZyciaDo><sln:cyklZyciaOd>2015-08-11T00:00:00+02:00</sln:cyklZyciaOd><sln:gmIIPId>d1e258ab-d8d7-4507-a730-e34e3ee1c53f</sln:gmIIPId><sln:gmIIPPn>PL.PZGIK.200</sln:gmIIPPn><sln:gmIIPWersja>2012-09-26T22:25:47+02:00</sln:gmIIPWersja><sln:gmIdTeryt>2407042</sln:gmIdTeryt><sln:gmNazwa>Herby</sln:gmNazwa><sln:miejscIIPId>73c448ea-fbb8-437c-aeff-ab5b99a63548</sln:miejscIIPId><sln:miejscIIPPn>PL.PZGIK.200</sln:miejscIIPPn><sln:miejscIIPWersja>2016-11-24T09:18:47+02:00</sln:miejscIIPWersja><sln:miejscIdTeryt>0132374</sln:miejscIdTeryt><sln:miejscNazwa>Lisów</sln:miejscNazwa><sln:miejscRodzaj>Wieś</sln:miejscRodzaj><sln:powIIPId>83a775fc-d56d-4b3d-999f-f07d8b5e10e5</sln:powIIPId><sln:powIIPPn>PL.PZGIK.200</sln:powIIPPn><sln:powIIPWersja>2012-09-27T09:34:20+02:00</sln:powIIPWersja><sln:powIdTeryt>2407</sln:powIdTeryt><sln:powNazwa>lubliniecki</sln:powNazwa><sln:waznyOd>2012-03-02T00:00:00+01:00</sln:waznyOd><sln:wojIIPId>98a63fe6-1e56-4d05-9c47-ab4233f8a6ff</sln:wojIIPId><sln:wojIIPPn>PL.PZGIK.200</sln:wojIIPPn><sln:wojIIPWersja>2017-10-10T00:00:00+02:00</sln:wojIIPWersja><sln:wojIdTeryt>24</sln:wojIdTeryt><sln:wojNazwa>śląskie</sln:wojNazwa></sln:miejscowosc><sln:miejscowosc><sln:cyklZyciaDo>2017-04-25T00:00:00+02:00</sln:cyklZyciaDo><sln:cyklZyciaOd>2015-08-11T00:00:00+02:00</sln:cyklZyciaOd><sln:gmIIPId>d1e258ab-d8d7-4507-a730-e34e3ee1c53f</sln:gmIIPId><sln:gmIIPPn>PL.PZGIK.200</sln:gmIIPPn><sln:gmIIPWersja>2012-09-26T22:25:47+02:00</sln:gmIIPWersja><sln:gmIdTeryt>2407042</sln:gmIdTeryt><sln:gmNazwa>Herby</sln:gmNazwa><sln:miejscIIPId>37bc5454-9fe5-4826-983a-a42762c86a7b</sln:miejscIIPId><sln:miejscIIPPn>PL.PZGIK.200</sln:miejscIIPPn><sln:miejscIIPWersja>2016-11-24T09:18:47+02:00</sln:miejscIIPWersja><sln:miejscIdTeryt>0132470</sln:miejscIdTeryt><sln:miejscNazwa>Łebki</sln:miejscNazwa><sln:miejscRodzaj>Wieś</sln:miejscRodzaj><sln:powIIPId>83a775fc-d56d-4b3d-999f-f07d8b5e10e5</sln:powIIPId><sln:powIIPPn>PL.PZGIK.200</sln:powIIPPn><sln:powIIPWersja>2012-09-27T09:34:20+02:00</sln:powIIPWersja><sln:powIdTeryt>2407</sln:powIdTeryt><sln:powNazwa>lubliniecki</sln:powNazwa><sln:waznyOd>2012-03-02T00:00:00+01:00</sln:waznyOd><sln:wojIIPId>98a63fe6-1e56-4d05-9c47-ab4233f8a6ff</sln:wojIIPId><sln:wojIIPPn>PL.PZGIK.200</sln:wojIIPPn><sln:wojIIPWersja>2017-10-10T00:00:00+02:00</sln:wojIIPWersja><sln:wojIdTeryt>24</sln:wojIdTeryt><sln:wojNazwa>śląskie</sln:wojNazwa></sln:miejscowosc><sln:miejscowosc><sln:cyklZyciaDo>2017-04-25T00:00:00+02:00</sln:cyklZyciaDo><sln:cyklZyciaOd>2015-08-11T00:00:00+02:00</sln:cyklZyciaOd><sln:gmIIPId>d1e258ab-d8d7-4507-a730-e34e3ee1c53f</sln:gmIIPId><sln:gmIIPPn>PL.PZGIK.200</sln:gmIIPPn><sln:gmIIPWersja>2012-09-26T22:25:47+02:00</sln:gmIIPWersja><sln:gmIdTeryt>2407042</sln:gmIdTeryt><sln:gmNazwa>Herby</sln:gmNazwa><sln:miejscIIPId>1e3eb8d6-6054-4331-a9ca-3bad9daff83f</sln:miejscIIPId><sln:miejscIIPPn>PL.PZGIK.200</sln:miejscIIPPn><sln:miejscIIPWersja>2016-11-24T09:18:47+02:00</sln:miejscIIPWersja><sln:miejscIdTeryt>0132434</sln:miejscIdTeryt><sln:miejscNazwa>Łęg</sln:miejscNazwa><sln:miejscRodzaj>Przysiółek</sln:miejscRodzaj><sln:powIIPId>83a775fc-d56d-4b3d-999f-f07d8b5e10e5</sln:powIIPId><sln:powIIPPn>PL.PZGIK.200</sln:powIIPPn><sln:powIIPWersja>2012-09-27T09:34:20+02:00</sln:powIIPWersja><sln:powIdTeryt>2407</sln:powIdTeryt><sln:powNazwa>lubliniecki</sln:powNazwa><sln:waznyOd>2012-03-02T00:00:00+01:00</sln:waznyOd><sln:wojIIPId>98a63fe6-1e56-4d05-9c47-ab4233f8a6ff</sln:wojIIPId><sln:wojIIPPn>PL.PZGIK.200</sln:wojIIPPn><sln:wojIIPWersja>2017-10-10T00:00:00+02:00</sln:wojIIPWersja><sln:wojIdTeryt>24</sln:wojIdTeryt><sln:wojNazwa>śląskie</sln:wojNazwa></sln:miejscowosc><sln:miejscowosc><sln:cyklZyciaDo>2017-04-25T00:00:00+02:00</sln:cyklZyciaDo><sln:cyklZyciaOd>2015-08-11T00:00:00+02:00</sln:cyklZyciaOd><sln:gmIIPId>d1e258ab-d8d7-4507-a730-e34e3ee1c53f</sln:gmIIPId><sln:gmIIPPn>PL.PZGIK.200</sln:gmIIPPn><sln:gmIIPWersja>2012-09-26T22:25:47+02:00</sln:gmIIPWersja><sln:gmIdTeryt>2407042</sln:gmIdTeryt><sln:gmNazwa>Herby</sln:gmNazwa><sln:miejscIIPId>f59bef67-09ec-4a45-84c6-784f73816b89</sln:miejscIIPId><sln:miejscIIPPn>PL.PZGIK.200</sln:miejscIIPPn><sln:miejscIIPWersja>2016-11-24T09:18:47+02:00</sln:miejscIIPWersja><sln:miejscIdTeryt>0132486</sln:miejscIdTeryt><sln:miejscNazwa>Mochała</sln:miejscNazwa><sln:miejscRodzaj>Wieś</sln:miejscRodzaj><sln:powIIPId>83a775fc-d56d-4b3d-999f-f07d8b5e10e5</sln:powIIPId><sln:powIIPPn>PL.PZGIK.200</sln:powIIPPn><sln:powIIPWersja>2012-09-27T09:34:20+02:00</sln:powIIPWersja><sln:powIdTeryt>2407</sln:powIdTeryt><sln:powNazwa>lubliniecki</sln:powNazwa><sln:waznyOd>2012-03-02T00:00:00+01:00</sln:waznyOd><sln:wojIIPId>98a63fe6-1e56-4d05-9c47-ab4233f8a6ff</sln:wojIIPId><sln:wojIIPPn>PL.PZGIK.200</sln:wojIIPPn><sln:wojIIPWersja>2017-10-10T00:00:00+02:00</sln:wojIIPWersja><sln:wojIdTeryt>24</sln:wojIdTeryt><sln:wojNazwa>śląskie</sln:wojNazwa></sln:miejscowosc><sln:miejscowosc><sln:cyklZyciaDo>2017-04-25T00:00:00+02:00</sln:cyklZyciaDo><sln:cyklZyciaOd>2015-08-11T00:00:00+02:00</sln:cyklZyciaOd><sln:gmIIPId>d1e258ab-d8d7-4507-a730-e34e3ee1c53f</sln:gmIIPId><sln:gmIIPPn>PL.PZGIK.200</sln:gmIIPPn><sln:gmIIPWersja>2012-09-26T22:25:47+02:00</sln:gmIIPWersja><sln:gmIdTeryt>2407042</sln:gmIdTeryt><sln:gmNazwa>Herby</sln:gmNazwa><sln:miejscIIPId>a963e3e8-6cc8-4aec-8313-76ec2bbeedcd</sln:miejscIIPId><sln:miejscIIPPn>PL.PZGIK.200</sln:miejscIIPPn><sln:miejscIIPWersja>2016-11-24T09:18:47+02:00</sln:miejscIIPWersja><sln:miejscIdTeryt>0132440</sln:miejscIdTeryt><sln:miejscNazwa>Niwy</sln:miejscNazwa><sln:miejscRodzaj>Przysiółek</sln:miejscRodzaj><sln:powIIPId>83a775fc-d56d-4b3d-999f-f07d8b5e10e5</sln:powIIPId><sln:powIIPPn>PL.PZGIK.200</sln:powIIPPn><sln:powIIPWersja>2012-09-27T09:34:20+02:00</sln:powIIPWersja><sln:powIdTeryt>2407</sln:powIdTeryt><sln:powNazwa>lubliniecki</sln:powNazwa><sln:waznyOd>2012-03-02T00:00:00+01:00</sln:waznyOd><sln:wojIIPId>98a63fe6-1e56-4d05-9c47-ab4233f8a6ff</sln:wojIIPId><sln:wojIIPPn>PL.PZGIK.200</sln:wojIIPPn><sln:wojIIPWersja>2017-10-10T00:00:00+02:00</sln:wojIIPWersja><sln:wojIdTeryt>24</sln:wojIdTeryt><sln:wojNazwa>śląskie</sln:wojNazwa></sln:miejscowosc><sln:miejscowosc><sln:cyklZyciaDo>2017-04-25T00:00:00+02:00</sln:cyklZyciaDo><sln:cyklZyciaOd>2015-08-11T00:00:00+02:00</sln:cyklZyciaOd><sln:gmIIPId>d1e258ab-d8d7-4507-a730-e34e3ee1c53f</sln:gmIIPId><sln:gmIIPPn>PL.PZGIK.200</sln:gmIIPPn><sln:gmIIPWersja>2012-09-26T22:25:47+02:00</sln:gmIIPWersja><sln:gmIdTeryt>2407042</sln:gmIdTeryt><sln:gmNazwa>Herby</sln:gmNazwa><sln:miejscIIPId>a347ed72-a1fd-458c-9f6d-78da4ab44dad</sln:miejscIIPId><sln:miejscIIPPn>PL.PZGIK.200</sln:miejscIIPPn><sln:miejscIIPWersja>2016-11-24T09:18:47+02:00</sln:miejscIIPWersja><sln:miejscIdTeryt>0132300</sln:miejscIdTeryt><sln:miejscNazwa>Oleksiki</sln:miejscNazwa><sln:miejscRodzaj>Przysiółek</sln:miejscRodzaj><sln:powIIPId>83a775fc-d56d-4b3d-999f-f07d8b5e10e5</sln:powIIPId><sln:powIIPPn>PL.PZGIK.200</sln:powIIPPn><sln:powIIPWersja>2012-09-27T09:34:20+02:00</sln:powIIPWersja><sln:powIdTeryt>2407</sln:powIdTeryt><sln:powNazwa>lubliniecki</sln:powNazwa><sln:waznyOd>2012-03-02T00:00:00+01:00</sln:waznyOd><sln:wojIIPId>98a63fe6-1e56-4d05-9c47-ab4233f8a6ff</sln:wojIIPId><sln:wojIIPPn>PL.PZGIK.200</sln:wojIIPPn><sln:wojIIPWersja>2017-10-10T00:00:00+02:00</sln:wojIIPWersja><sln:wojIdTeryt>24</sln:wojIdTeryt><sln:wojNazwa>śląskie</sln:wojNazwa></sln:miejscowosc><sln:miejscowosc><sln:cyklZyciaDo>2017-04-25T00:00:00+02:00</sln:cyklZyciaDo><sln:cyklZyciaOd>2015-08-11T00:00:00+02:00</sln:cyklZyciaOd><sln:gmIIPId>d1e258ab-d8d7-4507-a730-e34e3ee1c53f</sln:gmIIPId><sln:gmIIPPn>PL.PZGIK.200</sln:gmIIPPn><sln:gmIIPWersja>2012-09-26T22:25:47+02:00</sln:gmIIPWersja><sln:gmIdTeryt>2407042</sln:gmIdTeryt><sln:gmNazwa>Herby</sln:gmNazwa><sln:miejscIIPId>67e73a93-79f8-4e4f-b04c-19ad709b1989</sln:miejscIIPId><sln:miejscIIPPn>PL.PZGIK.200</sln:miejscIIPPn><sln:miejscIIPWersja>2016-11-24T09:18:47+02:00</sln:miejscIIPWersja><sln:miejscIdTeryt>0132492</sln:miejscIdTeryt><sln:miejscNazwa>Olszyna</sln:miejscNazwa><sln:miejscRodzaj>Wieś</sln:miejscRodzaj><sln:powIIPId>83a775fc-d56d-4b3d-999f-f07d8b5e10e5</sln:powIIPId><sln:powIIPPn>PL.PZGIK.200</sln:powIIPPn><sln:powIIPWersja>2012-09-27T09:34:20+02:00</sln:powIIPWersja><sln:powIdTeryt>2407</sln:powIdTeryt><sln:powNazwa>lubliniecki</sln:powNazwa><sln:waznyOd>2012-03-02T00:00:00+01:00</sln:waznyOd><sln:wojIIPId>98a63fe6-1e56-4d05-9c47-ab4233f8a6ff</sln:wojIIPId><sln:wojIIPPn>PL.PZGIK.200</sln:wojIIPPn><sln:wojIIPWersja>2017-10-10T00:00:00+02:00</sln:wojIIPWersja><sln:wojIdTeryt>24</sln:wojIdTeryt><sln:wojNazwa>śląskie</sln:wojNazwa></sln:miejscowosc><sln:miejscowosc><sln:cyklZyciaDo>2017-04-25T00:00:00+02:00</sln:cyklZyciaDo><sln:cyklZyciaOd>2015-08-11T00:00:00+02:00</sln:cyklZyciaOd><sln:gmIIPId>d1e258ab-d8d7-4507-a730-e34e3ee1c53f</sln:gmIIPId><sln:gmIIPPn>PL.PZGIK.200</sln:gmIIPPn><sln:gmIIPWersja>2012-09-26T22:25:47+02:00</sln:gmIIPWersja><sln:gmIdTeryt>2407042</sln:gmIdTeryt><sln:gmNazwa>Herby</sln:gmNazwa><sln:miejscIIPId>0319eaab-5c1b-4f02-82d5-2965d7adbd3a</sln:miejscIIPId><sln:miejscIIPPn>PL.PZGIK.200</sln:miejscIIPPn><sln:miejscIIPWersja>2016-11-24T09:18:47+02:00</sln:miejscIIPWersja><sln:miejscIdTeryt>0132316</sln:miejscIdTeryt><sln:miejscNazwa>Otrzęsie</sln:miejscNazwa><sln:miejscRodzaj>Przysiółek</sln:miejscRodzaj><sln:powIIPId>83a775fc-d56d-4b3d-999f-f07d8b5e10e5</sln:powIIPId><sln:powIIPPn>PL.PZGIK.200</sln:powIIPPn><sln:powIIPWersja>2012-09-27T09:34:20+02:00</sln:powIIPWersja><sln:powIdTeryt>2407</sln:powIdTeryt><sln:powNazwa>lubliniecki</sln:powNazwa><sln:waznyOd>2012-03-02T00:00:00+01:00</sln:waznyOd><sln:wojIIPId>98a63fe6-1e56-4d05-9c47-ab4233f8a6ff</sln:wojIIPId><sln:wojIIPPn>PL.PZGIK.200</sln:wojIIPPn><sln:wojIIPWersja>2017-10-10T00:00:00+02:00</sln:wojIIPWersja><sln:wojIdTeryt>24</sln:wojIdTeryt><sln:wojNazwa>śląskie</sln:wojNazwa></sln:miejscowosc><sln:miejscowosc><sln:cyklZyciaDo>2017-04-25T00:00:00+02:00</sln:cyklZyciaDo><sln:cyklZyciaOd>2015-08-11T00:00:00+02:00</sln:cyklZyciaOd><sln:gmIIPId>d1e258ab-d8d7-4507-a730-e34e3ee1c53f</sln:gmIIPId><sln:gmIIPPn>PL.PZGIK.200</sln:gmIIPPn><sln:gmIIPWersja>2012-09-26T22:25:47+02:00</sln:gmIIPWersja><sln:gmIdTeryt>2407042</sln:gmIdTeryt><sln:gmNazwa>Herby</sln:gmNazwa><sln:miejscIIPId>186085ef-2a13-41ea-8420-4eae0977a7b8</sln:miejscIIPId><sln:miejscIIPPn>PL.PZGIK.200</sln:miejscIIPPn><sln:miejscIIPWersja>2016-11-24T09:18:47+02:00</sln:miejscIIPWersja><sln:miejscIdTeryt>0132500</sln:miejscIdTeryt><sln:miejscNazwa>Pietrzaki</sln:miejscNazwa><sln:miejscRodzaj>Wieś</sln:miejscRodzaj><sln:powIIPId>83a775fc-d56d-4b3d-999f-f07d8b5e10e5</sln:powIIPId><sln:powIIPPn>PL.PZGIK.200</sln:powIIPPn><sln:powIIPWersja>2012-09-27T09:34:20+02:00</sln:powIIPWersja><sln:powIdTeryt>2407</sln:powIdTeryt><sln:powNazwa>lubliniecki</sln:powNazwa><sln:waznyOd>2012-03-02T00:00:00+01:00</sln:waznyOd><sln:wojIIPId>98a63fe6-1e56-4d05-9c47-ab4233f8a6ff</sln:wojIIPId><sln:wojIIPPn>PL.PZGIK.200</sln:wojIIPPn><sln:wojIIPWersja>2017-10-10T00:00:00+02:00</sln:wojIIPWersja><sln:wojIdTeryt>24</sln:wojIdTeryt><sln:wojNazwa>śląskie</sln:wojNazwa></sln:miejscowosc><sln:miejscowosc><sln:cyklZyciaDo>2017-04-25T00:00:00+02:00</sln:cyklZyciaDo><sln:cyklZyciaOd>2015-08-11T00:00:00+02:00</sln:cyklZyciaOd><sln:gmIIPId>d1e258ab-d8d7-4507-a730-e34e3ee1c53f</sln:gmIIPId><sln:gmIIPPn>PL.PZGIK.200</sln:gmIIPPn><sln:gmIIPWersja>2012-09-26T22:25:47+02:00</sln:gmIIPWersja><sln:gmIdTeryt>2407042</sln:gmIdTeryt><sln:gmNazwa>Herby</sln:gmNazwa><sln:miejscIIPId>c005a0e9-4115-476f-9a8a-07dd7a715717</sln:miejscIIPId><sln:miejscIIPPn>PL.PZGIK.200</sln:miejscIIPPn><sln:miejscIIPWersja>2016-11-24T09:18:47+02:00</sln:miejscIIPWersja><sln:miejscIdTeryt>0132322</sln:miejscIdTeryt><sln:miejscNazwa>Piłka</sln:miejscNazwa><sln:miejscRodzaj>Osada</sln:miejscRodzaj><sln:powIIPId>83a775fc-d56d-4b3d-999f-f07d8b5e10e5</sln:powIIPId><sln:powIIPPn>PL.PZGIK.200</sln:powIIPPn><sln:powIIPWersja>2012-09-27T09:34:20+02:00</sln:powIIPWersja><sln:powIdTeryt>2407</sln:powIdTeryt><sln:powNazwa>lubliniecki</sln:powNazwa><sln:waznyOd>2012-03-02T00:00:00+01:00</sln:waznyOd><sln:wojIIPId>98a63fe6-1e56-4d05-9c47-ab4233f8a6ff</sln:wojIIPId><sln:wojIIPPn>PL.PZGIK.200</sln:wojIIPPn><sln:wojIIPWersja>2017-10-10T00:00:00+02:00</sln:wojIIPWersja><sln:wojIdTeryt>24</sln:wojIdTeryt><sln:wojNazwa>śląskie</sln:wojNazwa></sln:miejscowosc><sln:miejscowosc><sln:cyklZyciaDo>2017-04-25T00:00:00+02:00</sln:cyklZyciaDo><sln:cyklZyciaOd>2015-08-11T00:00:00+02:00</sln:cyklZyciaOd><sln:gmIIPId>d1e258ab-d8d7-4507-a730-e34e3ee1c53f</sln:gmIIPId><sln:gmIIPPn>PL.PZGIK.200</sln:gmIIPPn><sln:gmIIPWersja>2012-09-26T22:25:47+02:00</sln:gmIIPWersja><sln:gmIdTeryt>2407042</sln:gmIdTeryt><sln:gmNazwa>Herby</sln:gmNazwa><sln:miejscIIPId>850128d3-e795-49da-a222-89e86d730a51</sln:miejscIIPId><sln:miejscIIPPn>PL.PZGIK.200</sln:miejscIIPPn><sln:miejscIIPWersja>2016-11-24T09:18:47+02:00</sln:miejscIIPWersja><sln:miejscIdTeryt>0132457</sln:miejscIdTeryt><sln:miejscNazwa>Pustkowie</sln:miejscNazwa><sln:miejscRodzaj>Przysiółek</sln:miejscRodzaj><sln:powIIPId>83a775fc-d56d-4b3d-999f-f07d8b5e10e5</sln:powIIPId><sln:powIIPPn>PL.PZGIK.200</sln:powIIPPn><sln:powIIPWersja>2012-09-27T09:34:20+02:00</sln:powIIPWersja><sln:powIdTeryt>2407</sln:powIdTeryt><sln:powNazwa>lubliniecki</sln:powNazwa><sln:waznyOd>2012-03-02T00:00:00+01:00</sln:waznyOd><sln:wojIIPId>98a63fe6-1e56-4d05-9c47-ab4233f8a6ff</sln:wojIIPId><sln:wojIIPPn>PL.PZGIK.200</sln:wojIIPPn><sln:wojIIPWersja>2017-10-10T00:00:00+02:00</sln:wojIIPWersja><sln:wojIdTeryt>24</sln:wojIdTeryt><sln:wojNazwa>śląskie</sln:wojNazwa></sln:miejscowosc><sln:miejscowosc><sln:cyklZyciaDo>2017-04-25T00:00:00+02:00</sln:cyklZyciaDo><sln:cyklZyciaOd>2015-08-11T00:00:00+02:00</sln:cyklZyciaOd><sln:gmIIPId>d1e258ab-d8d7-4507-a730-e34e3ee1c53f</sln:gmIIPId><sln:gmIIPPn>PL.PZGIK.200</sln:gmIIPPn><sln:gmIIPWersja>2012-09-26T22:25:47+02:00</sln:gmIIPWersja><sln:gmIdTeryt>2407042</sln:gmIdTeryt><sln:gmNazwa>Herby</sln:gmNazwa><sln:miejscIIPId>787799dd-3cfb-467e-8e99-19620ac1032b</sln:miejscIIPId><sln:miejscIIPPn>PL.PZGIK.200</sln:miejscIIPPn><sln:miejscIIPWersja>2016-11-24T09:18:47+02:00</sln:miejscIIPWersja><sln:miejscIdTeryt>0132405</sln:miejscIdTeryt><sln:miejscNazwa>Tanina</sln:miejscNazwa><sln:miejscRodzaj>Wieś</sln:miejscRodzaj><sln:powIIPId>83a775fc-d56d-4b3d-999f-f07d8b5e10e5</sln:powIIPId><sln:powIIPPn>PL.PZGIK.200</sln:powIIPPn><sln:powIIPWersja>2012-09-27T09:34:20+02:00</sln:powIIPWersja><sln:powIdTeryt>2407</sln:powIdTeryt><sln:powNazwa>lubliniecki</sln:powNazwa><sln:waznyOd>2012-03-02T00:00:00+01:00</sln:waznyOd><sln:wojIIPId>98a63fe6-1e56-4d05-9c47-ab4233f8a6ff</sln:wojIIPId><sln:wojIIPPn>PL.PZGIK.200</sln:wojIIPPn><sln:wojIIPWersja>2017-10-10T00:00:00+02:00</sln:wojIIPWersja><sln:wojIdTeryt>24</sln:wojIdTeryt><sln:wojNazwa>śląskie</sln:wojNazwa></sln:miejscowosc><sln:miejscowosc><sln:cyklZyciaDo>2017-04-25T00:00:00+02:00</sln:cyklZyciaDo><sln:cyklZyciaOd>2015-08-11T00:00:00+02:00</sln:cyklZyciaOd><sln:gmIIPId>d1e258ab-d8d7-4507-a730-e34e3ee1c53f</sln:gmIIPId><sln:gmIIPPn>PL.PZGIK.200</sln:gmIIPPn><sln:gmIIPWersja>2012-09-26T22:25:47+02:00</sln:gmIIPWersja><sln:gmIdTeryt>2407042</sln:gmIdTeryt><sln:gmNazwa>Herby</sln:gmNazwa><sln:miejscIIPId>05d1cd8f-a496-4446-8ae2-41d7d5d9b7e4</sln:miejscIIPId><sln:miejscIIPPn>PL.PZGIK.200</sln:miejscIIPPn><sln:miejscIIPWersja>2016-11-24T09:18:47+02:00</sln:miejscIIPWersja><sln:miejscIdTeryt>0132463</sln:miejscIdTeryt><sln:miejscNazwa>Turza</sln:miejscNazwa><sln:miejscRodzaj>Przysiółek</sln:miejscRodzaj><sln:powIIPId>83a775fc-d56d-4b3d-999f-f07d8b5e10e5</sln:powIIPId><sln:powIIPPn>PL.PZGIK.200</sln:powIIPPn><sln:powIIPWersja>2012-09-27T09:34:20+02:00</sln:powIIPWersja><sln:powIdTeryt>2407</sln:powIdTeryt><sln:powNazwa>lubliniecki</sln:powNazwa><sln:waznyOd>2012-03-02T00:00:00+01:00</sln:waznyOd><sln:wojIIPId>98a63fe6-1e56-4d05-9c47-ab4233f8a6ff</sln:wojIIPId><sln:wojIIPPn>PL.PZGIK.200</sln:wojIIPPn><sln:wojIIPWersja>2017-10-10T00:00:00+02:00</sln:wojIIPWersja><sln:wojIdTeryt>24</sln:wojIdTeryt><sln:wojNazwa>śląskie</sln:wojNazwa></sln:miejscowosc><sln:miejscowosc><sln:cyklZyciaOd>2017-04-25T00:00:00+02:00</sln:cyklZyciaOd><sln:gmIIPId>d1e258ab-d8d7-4507-a730-e34e3ee1c53f</sln:gmIIPId><sln:gmIIPPn>PL.PZGIK.200</sln:gmIIPPn><sln:gmIIPWersja>2012-09-26T22:25:47+02:00</sln:gmIIPWersja><sln:gmIdTeryt>2407042</sln:gmIdTeryt><sln:gmNazwa>Herby</sln:gmNazwa><sln:miejscIIPId>c14800d4-9f74-49e9-b28f-9187dfb95b71</sln:miejscIIPId><sln:miejscIIPPn>PL.PZGIK.200</sln:miejscIIPPn><sln:miejscIIPWersja>2017-04-25T12:57:22+02:00</sln:miejscIIPWersja><sln:miejscIdTeryt>0132285</sln:miejscIdTeryt><sln:miejscNazwa>Chwostek</sln:miejscNazwa><sln:miejscRodzaj>Wieś</sln:miejscRodzaj><sln:powIIPId>83a775fc-d56d-4b3d-999f-f07d8b5e10e5</sln:powIIPId><sln:powIIPPn>PL.PZGIK.200</sln:powIIPPn><sln:powIIPWersja>2012-09-27T09:34:20+02:00</sln:powIIPWersja><sln:powIdTeryt>2407</sln:powIdTeryt><sln:powNazwa>lubliniecki</sln:powNazwa><sln:waznyOd>2012-05-15T00:00:00+02:00</sln:waznyOd><sln:wojIIPId>98a63fe6-1e56-4d05-9c47-ab4233f8a6ff</sln:wojIIPId><sln:wojIIPPn>PL.PZGIK.200</sln:wojIIPPn><sln:wojIIPWersja>2017-10-10T00:00:00+02:00</sln:wojIIPWersja><sln:wojIdTeryt>24</sln:wojIdTeryt><sln:wojNazwa>śląskie</sln:wojNazwa></sln:miejscowosc><sln:miejscowosc><sln:cyklZyciaOd>2017-04-25T00:00:00+02:00</sln:cyklZyciaOd><sln:gmIIPId>d1e258ab-d8d7-4507-a730-e34e3ee1c53f</sln:gmIIPId><sln:gmIIPPn>PL.PZGIK.200</sln:gmIIPPn><sln:gmIIPWersja>2012-09-26T22:25:47+02:00</sln:gmIIPWersja><sln:gmIdTeryt>2407042</sln:gmIdTeryt><sln:gmNazwa>Herby</sln:gmNazwa><sln:miejscIIPId>e54997da-14a3-4af0-bf10-a052dfe67a5d</sln:miejscIIPId><sln:miejscIIPPn>PL.PZGIK.200</sln:miejscIIPPn><sln:miejscIIPWersja>2017-04-25T12:57:30+02:00</sln:miejscIIPWersja><sln:miejscIdTeryt>0132291</sln:miejscIdTeryt><sln:miejscNazwa>Drapacz</sln:miejscNazwa><sln:miejscRodzaj>Przysiółek</sln:miejscRodzaj><sln:powIIPId>83a775fc-d56d-4b3d-999f-f07d8b5e10e5</sln:powIIPId><sln:powIIPPn>PL.PZGIK.200</sln:powIIPPn><sln:powIIPWersja>2012-09-27T09:34:20+02:00</sln:powIIPWersja><sln:powIdTeryt>2407</sln:powIdTeryt><sln:powNazwa>lubliniecki</sln:powNazwa><sln:waznyOd>2012-03-02T00:00:00+01:00</sln:waznyOd><sln:wojIIPId>98a63fe6-1e56-4d05-9c47-ab4233f8a6ff</sln:wojIIPId><sln:wojIIPPn>PL.PZGIK.200</sln:wojIIPPn><sln:wojIIPWersja>2017-10-10T00:00:00+02:00</sln:wojIIPWersja><sln:wojIdTeryt>24</sln:wojIdTeryt><sln:wojNazwa>śląskie</sln:wojNazwa></sln:miejscowosc><sln:miejscowosc><sln:cyklZyciaOd>2017-04-25T00:00:00+02:00</sln:cyklZyciaOd><sln:gmIIPId>d1e258ab-d8d7-4507-a730-e34e3ee1c53f</sln:gmIIPId><sln:gmIIPPn>PL.PZGIK.200</sln:gmIIPPn><sln:gmIIPWersja>2012-09-26T22:25:47+02:00</sln:gmIIPWersja><sln:gmIdTeryt>2407042</sln:gmIdTeryt><sln:gmNazwa>Herby</sln:gmNazwa><sln:miejscIIPId>a347ed72-a1fd-458c-9f6d-78da4ab44dad</sln:miejscIIPId><sln:miejscIIPPn>PL.PZGIK.200</sln:miejscIIPPn><sln:miejscIIPWersja>2017-04-25T12:57:30+02:00</sln:miejscIIPWersja><sln:miejscIdTeryt>0132300</sln:miejscIdTeryt><sln:miejscNazwa>Oleksiki</sln:miejscNazwa><sln:miejscRodzaj>Przysiółek</sln:miejscRodzaj><sln:powIIPId>83a775fc-d56d-4b3d-999f-f07d8b5e10e5</sln:powIIPId><sln:powIIPPn>PL.PZGIK.200</sln:powIIPPn><sln:powIIPWersja>2012-09-27T09:34:20+02:00</sln:powIIPWersja><sln:powIdTeryt>2407</sln:powIdTeryt><sln:powNazwa>lubliniecki</sln:powNazwa><sln:waznyOd>2012-03-02T00:00:00+01:00</sln:waznyOd><sln:wojIIPId>98a63fe6-1e56-4d05-9c47-ab4233f8a6ff</sln:wojIIPId><sln:wojIIPPn>PL.PZGIK.200</sln:wojIIPPn><sln:wojIIPWersja>2017-10-10T00:00:00+02:00</sln:wojIIPWersja><sln:wojIdTeryt>24</sln:wojIdTeryt><sln:wojNazwa>śląskie</sln:wojNazwa></sln:miejscowosc><sln:miejscowosc><sln:cyklZyciaOd>2017-04-25T00:00:00+02:00</sln:cyklZyciaOd><sln:gmIIPId>d1e258ab-d8d7-4507-a730-e34e3ee1c53f</sln:gmIIPId><sln:gmIIPPn>PL.PZGIK.200</sln:gmIIPPn><sln:gmIIPWersja>2012-09-26T22:25:47+02:00</sln:gmIIPWersja><sln:gmIdTeryt>2407042</sln:gmIdTeryt><sln:gmNazwa>Herby</sln:gmNazwa><sln:miejscIIPId>0319eaab-5c1b-4f02-82d5-2965d7adbd3a</sln:miejscIIPId><sln:miejscIIPPn>PL.PZGIK.200</sln:miejscIIPPn><sln:miejscIIPWersja>2017-04-25T12:57:30+02:00</sln:miejscIIPWersja><sln:miejscIdTeryt>0132316</sln:miejscIdTeryt><sln:miejscNazwa>Otrzęsie</sln:miejscNazwa><sln:miejscRodzaj>Przysiółek</sln:miejscRodzaj><sln:powIIPId>83a775fc-d56d-4b3d-999f-f07d8b5e10e5</sln:powIIPId><sln:powIIPPn>PL.PZGIK.200</sln:powIIPPn><sln:powIIPWersja>2012-09-27T09:34:20+02:00</sln:powIIPWersja><sln:powIdTeryt>2407</sln:powIdTeryt><sln:powNazwa>lubliniecki</sln:powNazwa><sln:waznyOd>2012-03-02T00:00:00+01:00</sln:waznyOd><sln:wojIIPId>98a63fe6-1e56-4d05-9c47-ab4233f8a6ff</sln:wojIIPId><sln:wojIIPPn>PL.PZGIK.200</sln:wojIIPPn><sln:wojIIPWersja>2017-10-10T00:00:00+02:00</sln:wojIIPWersja><sln:wojIdTeryt>24</sln:wojIdTeryt><sln:wojNazwa>śląskie</sln:wojNazwa></sln:miejscowosc><sln:miejscowosc><sln:cyklZyciaOd>2017-04-25T00:00:00+02:00</sln:cyklZyciaOd><sln:gmIIPId>d1e258ab-d8d7-4507-a730-e34e3ee1c53f</sln:gmIIPId><sln:gmIIPPn>PL.PZGIK.200</sln:gmIIPPn><sln:gmIIPWersja>2012-09-26T22:25:47+02:00</sln:gmIIPWersja><sln:gmIdTeryt>2407042</sln:gmIdTeryt><sln:gmNazwa>Herby</sln:gmNazwa><sln:miejscIIPId>c005a0e9-4115-476f-9a8a-07dd7a715717</sln:miejscIIPId><sln:miejscIIPPn>PL.PZGIK.200</sln:miejscIIPPn><sln:miejscIIPWersja>2017-04-25T12:57:30+02:00</sln:miejscIIPWersja><sln:miejscIdTeryt>0132322</sln:miejscIdTeryt><sln:miejscNazwa>Piłka</sln:miejscNazwa><sln:miejscRodzaj>Osada</sln:miejscRodzaj><sln:powIIPId>83a775fc-d56d-4b3d-999f-f07d8b5e10e5</sln:powIIPId><sln:powIIPPn>PL.PZGIK.200</sln:powIIPPn><sln:powIIPWersja>2012-09-27T09:34:20+02:00</sln:powIIPWersja><sln:powIdTeryt>2407</sln:powIdTeryt><sln:powNazwa>lubliniecki</sln:powNazwa><sln:waznyOd>2012-03-02T00:00:00+01:00</sln:waznyOd><sln:wojIIPId>98a63fe6-1e56-4d05-9c47-ab4233f8a6ff</sln:wojIIPId><sln:wojIIPPn>PL.PZGIK.200</sln:wojIIPPn><sln:wojIIPWersja>2017-10-10T00:00:00+02:00</sln:wojIIPWersja><sln:wojIdTeryt>24</sln:wojIdTeryt><sln:wojNazwa>śląskie</sln:wojNazwa></sln:miejscowosc><sln:miejscowosc><sln:cyklZyciaOd>2017-04-25T00:00:00+02:00</sln:cyklZyciaOd><sln:gmIIPId>d1e258ab-d8d7-4507-a730-e34e3ee1c53f</sln:gmIIPId><sln:gmIIPPn>PL.PZGIK.200</sln:gmIIPPn><sln:gmIIPWersja>2012-09-26T22:25:47+02:00</sln:gmIIPWersja><sln:gmIdTeryt>2407042</sln:gmIdTeryt><sln:gmNazwa>Herby</sln:gmNazwa><sln:miejscIIPId>4247e3a7-0333-408c-a3d8-01f0f3f91c2f</sln:miejscIIPId><sln:miejscIIPPn>PL.PZGIK.200</sln:miejscIIPPn><sln:miejscIIPWersja>2017-04-25T12:57:30+02:00</sln:miejscIIPWersja><sln:miejscIdTeryt>0132339</sln:miejscIdTeryt><sln:miejscNazwa>Hadra</sln:miejscNazwa><sln:miejscRodzaj>Wieś</sln:miejscRodzaj><sln:powIIPId>83a775fc-d56d-4b3d-999f-f07d8b5e10e5</sln:powIIPId><sln:powIIPPn>PL.PZGIK.200</sln:powIIPPn><sln:powIIPWersja>2012-09-27T09:34:20+02:00</sln:powIIPWersja><sln:powIdTeryt>2407</sln:powIdTeryt><sln:powNazwa>lubliniecki</sln:powNazwa><sln:waznyOd>2012-03-02T00:00:00+01:00</sln:waznyOd><sln:wojIIPId>98a63fe6-1e56-4d05-9c47-ab4233f8a6ff</sln:wojIIPId><sln:wojIIPPn>PL.PZGIK.200</sln:wojIIPPn><sln:wojIIPWersja>2017-10-10T00:00:00+02:00</sln:wojIIPWersja><sln:wojIdTeryt>24</sln:wojIdTeryt><sln:wojNazwa>śląskie</sln:wojNazwa></sln:miejscowosc><sln:miejscowosc><sln:cyklZyciaOd>2017-04-25T00:00:00+02:00</sln:cyklZyciaOd><sln:gmIIPId>d1e258ab-d8d7-4507-a730-e34e3ee1c53f</sln:gmIIPId><sln:gmIIPPn>PL.PZGIK.200</sln:gmIIPPn><sln:gmIIPWersja>2012-09-26T22:25:47+02:00</sln:gmIIPWersja><sln:gmIdTeryt>2407042</sln:gmIdTeryt><sln:gmNazwa>Herby</sln:gmNazwa><sln:miejscIIPId>cc8c798e-f3b4-4700-805b-7e0762aa189d</sln:miejscIIPId><sln:miejscIIPPn>PL.PZGIK.200</sln:miejscIIPPn><sln:miejscIIPWersja>2017-04-25T12:57:30+02:00</sln:miejscIIPWersja><sln:miejscIdTeryt>0132345</sln:miejscIdTeryt><sln:miejscNazwa>Kierzki</sln:miejscNazwa><sln:miejscRodzaj>Wieś</sln:miejscRodzaj><sln:powIIPId>83a775fc-d56d-4b3d-999f-f07d8b5e10e5</sln:powIIPId><sln:powIIPPn>PL.PZGIK.200</sln:powIIPPn><sln:powIIPWersja>2012-09-27T09:34:20+02:00</sln:powIIPWersja><sln:powIdTeryt>2407</sln:powIdTeryt><sln:powNazwa>lubliniecki</sln:powNazwa><sln:waznyOd>2012-03-02T00:00:00+01:00</sln:waznyOd><sln:wojIIPId>98a63fe6-1e56-4d05-9c47-ab4233f8a6ff</sln:wojIIPId><sln:wojIIPPn>PL.PZGIK.200</sln:wojIIPPn><sln:wojIIPWersja>2017-10-10T00:00:00+02:00</sln:wojIIPWersja><sln:wojIdTeryt>24</sln:wojIdTeryt><sln:wojNazwa>śląskie</sln:wojNazwa></sln:miejscowosc><sln:miejscowosc><sln:cyklZyciaOd>2017-04-25T00:00:00+02:00</sln:cyklZyciaOd><sln:gmIIPId>d1e258ab-d8d7-4507-a730-e34e3ee1c53f</sln:gmIIPId><sln:gmIIPPn>PL.PZGIK.200</sln:gmIIPPn><sln:gmIIPWersja>2012-09-26T22:25:47+02:00</sln:gmIIPWersja><sln:gmIdTeryt>2407042</sln:gmIdTeryt><sln:gmNazwa>Herby</sln:gmNazwa><sln:miejscIIPId>2c5b0a32-d892-4f5f-ba1d-9f0d82e7e5a4</sln:miejscIIPId><sln:miejscIIPPn>PL.PZGIK.200</sln:miejscIIPPn><sln:miejscIIPWersja>2017-04-25T12:57:30+02:00</sln:miejscIIPWersja><sln:miejscIdTeryt>0132351</sln:miejscIdTeryt><sln:miejscNazwa>Herby</sln:miejscNazwa><sln:miejscRodzaj>Wieś</sln:miejscRodzaj><sln:powIIPId>83a775fc-d56d-4b3d-999f-f07d8b5e10e5</sln:powIIPId><sln:powIIPPn>PL.PZGIK.200</sln:powIIPPn><sln:powIIPWersja>2012-09-27T09:34:20+02:00</sln:powIIPWersja><sln:powIdTeryt>2407</sln:powIdTeryt><sln:powNazwa>lubliniecki</sln:powNazwa><sln:waznyOd>2012-03-02T00:00:00+01:00</sln:waznyOd><sln:wojIIPId>98a63fe6-1e56-4d05-9c47-ab4233f8a6ff</sln:wojIIPId><sln:wojIIPPn>PL.PZGIK.200</sln:wojIIPPn><sln:wojIIPWersja>2017-10-10T00:00:00+02:00</sln:wojIIPWersja><sln:wojIdTeryt>24</sln:wojIdTeryt><sln:wojNazwa>śląskie</sln:wojNazwa></sln:miejscowosc><sln:miejscowosc><sln:cyklZyciaOd>2017-04-25T00:00:00+02:00</sln:cyklZyciaOd><sln:gmIIPId>d1e258ab-d8d7-4507-a730-e34e3ee1c53f</sln:gmIIPId><sln:gmIIPPn>PL.PZGIK.200</sln:gmIIPPn><sln:gmIIPWersja>2012-09-26T22:25:47+02:00</sln:gmIIPWersja><sln:gmIdTeryt>2407042</sln:gmIdTeryt><sln:gmNazwa>Herby</sln:gmNazwa><sln:miejscIIPId>cbd4e0ed-91f0-4a14-9550-7a26f7242836</sln:miejscIIPId><sln:miejscIIPPn>PL.PZGIK.200</sln:miejscIIPPn><sln:miejscIIPWersja>2017-04-25T12:57:30+02:00</sln:miejscIIPWersja><sln:miejscIdTeryt>0132368</sln:miejscIdTeryt><sln:miejscNazwa>Kalina</sln:miejscNazwa><sln:miejscRodzaj>Wieś</sln:miejscRodzaj><sln:powIIPId>83a775fc-d56d-4b3d-999f-f07d8b5e10e5</sln:powIIPId><sln:powIIPPn>PL.PZGIK.200</sln:powIIPPn><sln:powIIPWersja>2012-09-27T09:34:20+02:00</sln:powIIPWersja><sln:powIdTeryt>2407</sln:powIdTeryt><sln:powNazwa>lubliniecki</sln:powNazwa><sln:waznyOd>2012-03-02T00:00:00+01:00</sln:waznyOd><sln:wojIIPId>98a63fe6-1e56-4d05-9c47-ab4233f8a6ff</sln:wojIIPId><sln:wojIIPPn>PL.PZGIK.200</sln:wojIIPPn><sln:wojIIPWersja>2017-10-10T00:00:00+02:00</sln:wojIIPWersja><sln:wojIdTeryt>24</sln:wojIdTeryt><sln:wojNazwa>śląskie</sln:wojNazwa></sln:miejscowosc><sln:miejscowosc><sln:cyklZyciaDo>2018-02-28T00:00:00+01:00</sln:cyklZyciaDo><sln:cyklZyciaOd>2017-04-25T00:00:00+02:00</sln:cyklZyciaOd><sln:gmIIPId>d1e258ab-d8d7-4507-a730-e34e3ee1c53f</sln:gmIIPId><sln:gmIIPPn>PL.PZGIK.200</sln:gmIIPPn><sln:gmIIPWersja>2012-09-26T22:25:47+02:00</sln:gmIIPWersja><sln:gmIdTeryt>2407042</sln:gmIdTeryt><sln:gmNazwa>Herby</sln:gmNazwa><sln:miejscIIPId>73c448ea-fbb8-437c-aeff-ab5b99a63548</sln:miejscIIPId><sln:miejscIIPPn>PL.PZGIK.200</sln:miejscIIPPn><sln:miejscIIPWersja>2017-04-25T12:57:30+02:00</sln:miejscIIPWersja><sln:miejscIdTeryt>0132374</sln:miejscIdTeryt><sln:miejscNazwa>Lisów</sln:miejscNazwa><sln:miejscRodzaj>Wieś</sln:miejscRodzaj><sln:powIIPId>83a775fc-d56d-4b3d-999f-f07d8b5e10e5</sln:powIIPId><sln:powIIPPn>PL.PZGIK.200</sln:powIIPPn><sln:powIIPWersja>2012-09-27T09:34:20+02:00</sln:powIIPWersja><sln:powIdTeryt>2407</sln:powIdTeryt><sln:powNazwa>lubliniecki</sln:powNazwa><sln:waznyOd>2012-03-02T00:00:00+01:00</sln:waznyOd><sln:wojIIPId>98a63fe6-1e56-4d05-9c47-ab4233f8a6ff</sln:wojIIPId><sln:wojIIPPn>PL.PZGIK.200</sln:wojIIPPn><sln:wojIIPWersja>2017-10-10T00:00:00+02:00</sln:wojIIPWersja><sln:wojIdTeryt>24</sln:wojIdTeryt><sln:wojNazwa>śląskie</sln:wojNazwa></sln:miejscowosc><sln:miejscowosc><sln:cyklZyciaOd>2017-04-25T00:00:00+02:00</sln:cyklZyciaOd><sln:gmIIPId>d1e258ab-d8d7-4507-a730-e34e3ee1c53f</sln:gmIIPId><sln:gmIIPPn>PL.PZGIK.200</sln:gmIIPPn><sln:gmIIPWersja>2012-09-26T22:25:47+02:00</sln:gmIIPWersja><sln:gmIdTeryt>2407042</sln:gmIdTeryt><sln:gmNazwa>Herby</sln:gmNazwa><sln:miejscIIPId>1792b35e-93d4-4eeb-adc3-1c3b484e3495</sln:miejscIIPId><sln:miejscIIPPn>PL.PZGIK.200</sln:miejscIIPPn><sln:miejscIIPWersja>2017-04-25T12:57:30+02:00</sln:miejscIIPWersja><sln:miejscIdTeryt>0132380</sln:miejscIdTeryt><sln:miejscNazwa>Głąby</sln:miejscNazwa><sln:miejscRodzaj>Przysiółek</sln:miejscRodzaj><sln:powIIPId>83a775fc-d56d-4b3d-999f-f07d8b5e10e5</sln:powIIPId><sln:powIIPPn>PL.PZGIK.200</sln:powIIPPn><sln:powIIPWersja>2012-09-27T09:34:20+02:00</sln:powIIPWersja><sln:powIdTeryt>2407</sln:powIdTeryt><sln:powNazwa>lubliniecki</sln:powNazwa><sln:waznyOd>2012-12-21T00:00:00+01:00</sln:waznyOd><sln:wojIIPId>98a63fe6-1e56-4d05-9c47-ab4233f8a6ff</sln:wojIIPId><sln:wojIIPPn>PL.PZGIK.200</sln:wojIIPPn><sln:wojIIPWersja>2017-10-10T00:00:00+02:00</sln:wojIIPWersja><sln:wojIdTeryt>24</sln:wojIdTeryt><sln:wojNazwa>śląskie</sln:wojNazwa></sln:miejscowosc><sln:miejscowosc><sln:cyklZyciaOd>2017-04-25T00:00:00+02:00</sln:cyklZyciaOd><sln:gmIIPId>d1e258ab-d8d7-4507-a730-e34e3ee1c53f</sln:gmIIPId><sln:gmIIPPn>PL.PZGIK.200</sln:gmIIPPn><sln:gmIIPWersja>2012-09-26T22:25:47+02:00</sln:gmIIPWersja><sln:gmIdTeryt>2407042</sln:gmIdTeryt><sln:gmNazwa>Herby</sln:gmNazwa><sln:miejscIIPId>ed1635bc-7d54-4e7b-b0ce-4e59f39dfd6d</sln:miejscIIPId><sln:miejscIIPPn>PL.PZGIK.200</sln:miejscIIPPn><sln:miejscIIPWersja>2017-04-25T12:57:30+02:00</sln:miejscIIPWersja><sln:miejscIdTeryt>0132397</sln:miejscIdTeryt><sln:miejscNazwa>Kolonia Lisów</sln:miejscNazwa><sln:miejscRodzaj>Wieś</sln:miejscRodzaj><sln:powIIPId>83a775fc-d56d-4b3d-999f-f07d8b5e10e5</sln:powIIPId><sln:powIIPPn>PL.PZGIK.200</sln:powIIPPn><sln:powIIPWersja>2012-09-27T09:34:20+02:00</sln:powIIPWersja><sln:powIdTeryt>2407</sln:powIdTeryt><sln:powNazwa>lubliniecki</sln:powNazwa><sln:waznyOd>2012-03-02T00:00:00+01:00</sln:waznyOd><sln:wojIIPId>98a63fe6-1e56-4d05-9c47-ab4233f8a6ff</sln:wojIIPId><sln:wojIIPPn>PL.PZGIK.200</sln:wojIIPPn><sln:wojIIPWersja>2017-10-10T00:00:00+02:00</sln:wojIIPWersja><sln:wojIdTeryt>24</sln:wojIdTeryt><sln:wojNazwa>śląskie</sln:wojNazwa></sln:miejscowosc><sln:miejscowosc><sln:cyklZyciaDo>2018-02-28T00:00:00+01:00</sln:cyklZyciaDo><sln:cyklZyciaOd>2017-04-25T00:00:00+02:00</sln:cyklZyciaOd><sln:gmIIPId>d1e258ab-d8d7-4507-a730-e34e3ee1c53f</sln:gmIIPId><sln:gmIIPPn>PL.PZGIK.200</sln:gmIIPPn><sln:gmIIPWersja>2012-09-26T22:25:47+02:00</sln:gmIIPWersja><sln:gmIdTeryt>2407042</sln:gmIdTeryt><sln:gmNazwa>Herby</sln:gmNazwa><sln:miejscIIPId>787799dd-3cfb-467e-8e99-19620ac1032b</sln:miejscIIPId><sln:miejscIIPPn>PL.PZGIK.200</sln:miejscIIPPn><sln:miejscIIPWersja>2017-04-25T12:57:30+02:00</sln:miejscIIPWersja><sln:miejscIdTeryt>0132405</sln:miejscIdTeryt><sln:miejscNazwa>Tanina</sln:miejscNazwa><sln:miejscRodzaj>Wieś</sln:miejscRodzaj><sln:powIIPId>83a775fc-d56d-4b3d-999f-f07d8b5e10e5</sln:powIIPId><sln:powIIPPn>PL.PZGIK.200</sln:powIIPPn><sln:powIIPWersja>2012-09-27T09:34:20+02:00</sln:powIIPWersja><sln:powIdTeryt>2407</sln:powIdTeryt><sln:powNazwa>lubliniecki</sln:powNazwa><sln:waznyOd>2012-03-02T00:00:00+01:00</sln:waznyOd><sln:wojIIPId>98a63fe6-1e56-4d05-9c47-ab4233f8a6ff</sln:wojIIPId><sln:wojIIPPn>PL.PZGIK.200</sln:wojIIPPn><sln:wojIIPWersja>2017-10-10T00:00:00+02:00</sln:wojIIPWersja><sln:wojIdTeryt>24</sln:wojIdTeryt><sln:wojNazwa>śląskie</sln:wojNazwa></sln:miejscowosc><sln:miejscowosc><sln:cyklZyciaOd>2017-04-25T00:00:00+02:00</sln:cyklZyciaOd><sln:gmIIPId>d1e258ab-d8d7-4507-a730-e34e3ee1c53f</sln:gmIIPId><sln:gmIIPPn>PL.PZGIK.200</sln:gmIIPPn><sln:gmIIPWersja>2012-09-26T22:25:47+02:00</sln:gmIIPWersja><sln:gmIdTeryt>2407042</sln:gmIdTeryt><sln:gmNazwa>Herby</sln:gmNazwa><sln:miejscIIPId>a1b87b95-bc21-450f-9a13-c769d9077cdb</sln:miejscIIPId><sln:miejscIIPPn>PL.PZGIK.200</sln:miejscIIPPn><sln:miejscIIPWersja>2017-04-25T12:57:31+02:00</sln:miejscIIPWersja><sln:miejscIdTeryt>0132411</sln:miejscIdTeryt><sln:miejscNazwa>Braszczok</sln:miejscNazwa><sln:miejscRodzaj>Wieś</sln:miejscRodzaj><sln:powIIPId>83a775fc-d56d-4b3d-999f-f07d8b5e10e5</sln:powIIPId><sln:powIIPPn>PL.PZGIK.200</sln:powIIPPn><sln:powIIPWersja>2012-09-27T09:34:20+02:00</sln:powIIPWersja><sln:powIdTeryt>2407</sln:powIdTeryt><sln:powNazwa>lubliniecki</sln:powNazwa><sln:waznyOd>2012-03-02T00:00:00+01:00</sln:waznyOd><sln:wojIIPId>98a63fe6-1e56-4d05-9c47-ab4233f8a6ff</sln:wojIIPId><sln:wojIIPPn>PL.PZGIK.200</sln:wojIIPPn><sln:wojIIPWersja>2017-10-10T00:00:00+02:00</sln:wojIIPWersja><sln:wojIdTeryt>24</sln:wojIdTeryt><sln:wojNazwa>śląskie</sln:wojNazwa></sln:miejscowosc><sln:miejscowosc><sln:cyklZyciaOd>2017-04-25T00:00:00+02:00</sln:cyklZyciaOd><sln:gmIIPId>d1e258ab-d8d7-4507-a730-e34e3ee1c53f</sln:gmIIPId><sln:gmIIPPn>PL.PZGIK.200</sln:gmIIPPn><sln:gmIIPWersja>2012-09-26T22:25:47+02:00</sln:gmIIPWersja><sln:gmIdTeryt>2407042</sln:gmIdTeryt><sln:gmNazwa>Herby</sln:gmNazwa><sln:miejscIIPId>ad115092-6e04-4341-9dc0-772600481c65</sln:miejscIIPId><sln:miejscIIPPn>PL.PZGIK.200</sln:miejscIIPPn><sln:miejscIIPWersja>2017-04-25T12:57:31+02:00</sln:miejscIIPWersja><sln:miejscIdTeryt>0132428</sln:miejscIdTeryt><sln:miejscNazwa>Brasowe</sln:miejscNazwa><sln:miejscRodzaj>Przysiółek</sln:miejscRodzaj><sln:powIIPId>83a775fc-d56d-4b3d-999f-f07d8b5e10e5</sln:powIIPId><sln:powIIPPn>PL.PZGIK.200</sln:powIIPPn><sln:powIIPWersja>2012-09-27T09:34:20+02:00</sln:powIIPWersja><sln:powIdTeryt>2407</sln:powIdTeryt><sln:powNazwa>lubliniecki</sln:powNazwa><sln:waznyOd>2012-03-02T00:00:00+01:00</sln:waznyOd><sln:wojIIPId>98a63fe6-1e56-4d05-9c47-ab4233f8a6ff</sln:wojIIPId><sln:wojIIPPn>PL.PZGIK.200</sln:wojIIPPn><sln:wojIIPWersja>2017-10-10T00:00:00+02:00</sln:wojIIPWersja><sln:wojIdTeryt>24</sln:wojIdTeryt><sln:wojNazwa>śląskie</sln:wojNazwa></sln:miejscowosc><sln:miejscowosc><sln:cyklZyciaOd>2017-04-25T00:00:00+02:00</sln:cyklZyciaOd><sln:gmIIPId>d1e258ab-d8d7-4507-a730-e34e3ee1c53f</sln:gmIIPId><sln:gmIIPPn>PL.PZGIK.200</sln:gmIIPPn><sln:gmIIPWersja>2012-09-26T22:25:47+02:00</sln:gmIIPWersja><sln:gmIdTeryt>2407042</sln:gmIdTeryt><sln:gmNazwa>Herby</sln:gmNazwa><sln:miejscIIPId>1e3eb8d6-6054-4331-a9ca-3bad9daff83f</sln:miejscIIPId><sln:miejscIIPPn>PL.PZGIK.200</sln:miejscIIPPn><sln:miejscIIPWersja>2017-04-25T12:57:31+02:00</sln:miejscIIPWersja><sln:miejscIdTeryt>0132434</sln:miejscIdTeryt><sln:miejscNazwa>Łęg</sln:miejscNazwa><sln:miejscRodzaj>Przysiółek</sln:miejscRodzaj><sln:powIIPId>83a775fc-d56d-4b3d-999f-f07d8b5e10e5</sln:powIIPId><sln:powIIPPn>PL.PZGIK.200</sln:powIIPPn><sln:powIIPWersja>2012-09-27T09:34:20+02:00</sln:powIIPWersja><sln:powIdTeryt>2407</sln:powIdTeryt><sln:powNazwa>lubliniecki</sln:powNazwa><sln:waznyOd>2012-03-02T00:00:00+01:00</sln:waznyOd><sln:wojIIPId>98a63fe6-1e56-4d05-9c47-ab4233f8a6ff</sln:wojIIPId><sln:wojIIPPn>PL.PZGIK.200</sln:wojIIPPn><sln:wojIIPWersja>2017-10-10T00:00:00+02:00</sln:wojIIPWersja><sln:wojIdTeryt>24</sln:wojIdTeryt><sln:wojNazwa>śląskie</sln:wojNazwa></sln:miejscowosc><sln:miejscowosc><sln:cyklZyciaOd>2017-04-25T00:00:00+02:00</sln:cyklZyciaOd><sln:gmIIPId>d1e258ab-d8d7-4507-a730-e34e3ee1c53f</sln:gmIIPId><sln:gmIIPPn>PL.PZGIK.200</sln:gmIIPPn><sln:gmIIPWersja>2012-09-26T22:25:47+02:00</sln:gmIIPWersja><sln:gmIdTeryt>2407042</sln:gmIdTeryt><sln:gmNazwa>Herby</sln:gmNazwa><sln:miejscIIPId>a963e3e8-6cc8-4aec-8313-76ec2bbeedcd</sln:miejscIIPId><sln:miejscIIPPn>PL.PZGIK.200</sln:miejscIIPPn><sln:miejscIIPWersja>2017-04-25T12:57:31+02:00</sln:miejscIIPWersja><sln:miejscIdTeryt>0132440</sln:miejscIdTeryt><sln:miejscNazwa>Niwy</sln:miejscNazwa><sln:miejscRodzaj>Przysiółek</sln:miejscRodzaj><sln:powIIPId>83a775fc-d56d-4b3d-999f-f07d8b5e10e5</sln:powIIPId><sln:powIIPPn>PL.PZGIK.200</sln:powIIPPn><sln:powIIPWersja>2012-09-27T09:34:20+02:00</sln:powIIPWersja><sln:powIdTeryt>2407</sln:powIdTeryt><sln:powNazwa>lubliniecki</sln:powNazwa><sln:waznyOd>2012-03-02T00:00:00+01:00</sln:waznyOd><sln:wojIIPId>98a63fe6-1e56-4d05-9c47-ab4233f8a6ff</sln:wojIIPId><sln:wojIIPPn>PL.PZGIK.200</sln:wojIIPPn><sln:wojIIPWersja>2017-10-10T00:00:00+02:00</sln:wojIIPWersja><sln:wojIdTeryt>24</sln:wojIdTeryt><sln:wojNazwa>śląskie</sln:wojNazwa></sln:miejscowosc><sln:miejscowosc><sln:cyklZyciaOd>2017-04-25T00:00:00+02:00</sln:cyklZyciaOd><sln:gmIIPId>d1e258ab-d8d7-4507-a730-e34e3ee1c53f</sln:gmIIPId><sln:gmIIPPn>PL.PZGIK.200</sln:gmIIPPn><sln:gmIIPWersja>2012-09-26T22:25:47+02:00</sln:gmIIPWersja><sln:gmIdTeryt>2407042</sln:gmIdTeryt><sln:gmNazwa>Herby</sln:gmNazwa><sln:miejscIIPId>850128d3-e795-49da-a222-89e86d730a51</sln:miejscIIPId><sln:miejscIIPPn>PL.PZGIK.200</sln:miejscIIPPn><sln:miejscIIPWersja>2017-04-25T12:57:31+02:00</sln:miejscIIPWersja><sln:miejscIdTeryt>0132457</sln:miejscIdTeryt><sln:miejscNazwa>Pustkowie</sln:miejscNazwa><sln:miejscRodzaj>Przysiółek</sln:miejscRodzaj><sln:powIIPId>83a775fc-d56d-4b3d-999f-f07d8b5e10e5</sln:powIIPId><sln:powIIPPn>PL.PZGIK.200</sln:powIIPPn><sln:powIIPWersja>2012-09-27T09:34:20+02:00</sln:powIIPWersja><sln:powIdTeryt>2407</sln:powIdTeryt><sln:powNazwa>lubliniecki</sln:powNazwa><sln:waznyOd>2012-03-02T00:00:00+01:00</sln:waznyOd><sln:wojIIPId>98a63fe6-1e56-4d05-9c47-ab4233f8a6ff</sln:wojIIPId><sln:wojIIPPn>PL.PZGIK.200</sln:wojIIPPn><sln:wojIIPWersja>2017-10-10T00:00:00+02:00</sln:wojIIPWersja><sln:wojIdTeryt>24</sln:wojIdTeryt><sln:wojNazwa>śląskie</sln:wojNazwa></sln:miejscowosc><sln:miejscowosc><sln:cyklZyciaDo>2018-02-28T00:00:00+01:00</sln:cyklZyciaDo><sln:cyklZyciaOd>2017-04-25T00:00:00+02:00</sln:cyklZyciaOd><sln:gmIIPId>d1e258ab-d8d7-4507-a730-e34e3ee1c53f</sln:gmIIPId><sln:gmIIPPn>PL.PZGIK.200</sln:gmIIPPn><sln:gmIIPWersja>2012-09-26T22:25:47+02:00</sln:gmIIPWersja><sln:gmIdTeryt>2407042</sln:gmIdTeryt><sln:gmNazwa>Herby</sln:gmNazwa><sln:miejscIIPId>05d1cd8f-a496-4446-8ae2-41d7d5d9b7e4</sln:miejscIIPId><sln:miejscIIPPn>PL.PZGIK.200</sln:miejscIIPPn><sln:miejscIIPWersja>2017-04-25T12:57:31+02:00</sln:miejscIIPWersja><sln:miejscIdTeryt>0132463</sln:miejscIdTeryt><sln:miejscNazwa>Turza</sln:miejscNazwa><sln:miejscRodzaj>Przysiółek</sln:miejscRodzaj><sln:powIIPId>83a775fc-d56d-4b3d-999f-f07d8b5e10e5</sln:powIIPId><sln:powIIPPn>PL.PZGIK.200</sln:powIIPPn><sln:powIIPWersja>2012-09-27T09:34:20+02:00</sln:powIIPWersja><sln:powIdTeryt>2407</sln:powIdTeryt><sln:powNazwa>lubliniecki</sln:powNazwa><sln:waznyOd>2012-03-02T00:00:00+01:00</sln:waznyOd><sln:wojIIPId>98a63fe6-1e56-4d05-9c47-ab4233f8a6ff</sln:wojIIPId><sln:wojIIPPn>PL.PZGIK.200</sln:wojIIPPn><sln:wojIIPWersja>2017-10-10T00:00:00+02:00</sln:wojIIPWersja><sln:wojIdTeryt>24</sln:wojIdTeryt><sln:wojNazwa>śląskie</sln:wojNazwa></sln:miejscowosc><sln:miejscowosc><sln:cyklZyciaOd>2017-04-25T00:00:00+02:00</sln:cyklZyciaOd><sln:gmIIPId>d1e258ab-d8d7-4507-a730-e34e3ee1c53f</sln:gmIIPId><sln:gmIIPPn>PL.PZGIK.200</sln:gmIIPPn><sln:gmIIPWersja>2012-09-26T22:25:47+02:00</sln:gmIIPWersja><sln:gmIdTeryt>2407042</sln:gmIdTeryt><sln:gmNazwa>Herby</sln:gmNazwa><sln:miejscIIPId>37bc5454-9fe5-4826-983a-a42762c86a7b</sln:miejscIIPId><sln:miejscIIPPn>PL.PZGIK.200</sln:miejscIIPPn><sln:miejscIIPWersja>2017-04-25T12:57:31+02:00</sln:miejscIIPWersja><sln:miejscIdTeryt>0132470</sln:miejscIdTeryt><sln:miejscNazwa>Łebki</sln:miejscNazwa><sln:miejscRodzaj>Wieś</sln:miejscRodzaj><sln:powIIPId>83a775fc-d56d-4b3d-999f-f07d8b5e10e5</sln:powIIPId><sln:powIIPPn>PL.PZGIK.200</sln:powIIPPn><sln:powIIPWersja>2012-09-27T09:34:20+02:00</sln:powIIPWersja><sln:powIdTeryt>2407</sln:powIdTeryt><sln:powNazwa>lubliniecki</sln:powNazwa><sln:waznyOd>2012-03-02T00:00:00+01:00</sln:waznyOd><sln:wojIIPId>98a63fe6-1e56-4d05-9c47-ab4233f8a6ff</sln:wojIIPId><sln:wojIIPPn>PL.PZGIK.200</sln:wojIIPPn><sln:wojIIPWersja>2017-10-10T00:00:00+02:00</sln:wojIIPWersja><sln:wojIdTeryt>24</sln:wojIdTeryt><sln:wojNazwa>śląskie</sln:wojNazwa></sln:miejscowosc><sln:miejscowosc><sln:cyklZyciaOd>2017-04-25T00:00:00+02:00</sln:cyklZyciaOd><sln:gmIIPId>d1e258ab-d8d7-4507-a730-e34e3ee1c53f</sln:gmIIPId><sln:gmIIPPn>PL.PZGIK.200</sln:gmIIPPn><sln:gmIIPWersja>2012-09-26T22:25:47+02:00</sln:gmIIPWersja><sln:gmIdTeryt>2407042</sln:gmIdTeryt><sln:gmNazwa>Herby</sln:gmNazwa><sln:miejscIIPId>f59bef67-09ec-4a45-84c6-784f73816b89</sln:miejscIIPId><sln:miejscIIPPn>PL.PZGIK.200</sln:miejscIIPPn><sln:miejscIIPWersja>2017-04-25T12:57:31+02:00</sln:miejscIIPWersja><sln:miejscIdTeryt>0132486</sln:miejscIdTeryt><sln:miejscNazwa>Mochała</sln:miejscNazwa><sln:miejscRodzaj>Wieś</sln:miejscRodzaj><sln:powIIPId>83a775fc-d56d-4b3d-999f-f07d8b5e10e5</sln:powIIPId><sln:powIIPPn>PL.PZGIK.200</sln:powIIPPn><sln:powIIPWersja>2012-09-27T09:34:20+02:00</sln:powIIPWersja><sln:powIdTeryt>2407</sln:powIdTeryt><sln:powNazwa>lubliniecki</sln:powNazwa><sln:waznyOd>2012-03-02T00:00:00+01:00</sln:waznyOd><sln:wojIIPId>98a63fe6-1e56-4d05-9c47-ab4233f8a6ff</sln:wojIIPId><sln:wojIIPPn>PL.PZGIK.200</sln:wojIIPPn><sln:wojIIPWersja>2017-10-10T00:00:00+02:00</sln:wojIIPWersja><sln:wojIdTeryt>24</sln:wojIdTeryt><sln:wojNazwa>śląskie</sln:wojNazwa></sln:miejscowosc><sln:miejscowosc><sln:cyklZyciaOd>2017-04-25T00:00:00+02:00</sln:cyklZyciaOd><sln:gmIIPId>d1e258ab-d8d7-4507-a730-e34e3ee1c53f</sln:gmIIPId><sln:gmIIPPn>PL.PZGIK.200</sln:gmIIPPn><sln:gmIIPWersja>2012-09-26T22:25:47+02:00</sln:gmIIPWersja><sln:gmIdTeryt>2407042</sln:gmIdTeryt><sln:gmNazwa>Herby</sln:gmNazwa><sln:miejscIIPId>67e73a93-79f8-4e4f-b04c-19ad709b1989</sln:miejscIIPId><sln:miejscIIPPn>PL.PZGIK.200</sln:miejscIIPPn><sln:miejscIIPWersja>2017-04-25T12:57:31+02:00</sln:miejscIIPWersja><sln:miejscIdTeryt>0132492</sln:miejscIdTeryt><sln:miejscNazwa>Olszyna</sln:miejscNazwa><sln:miejscRodzaj>Wieś</sln:miejscRodzaj><sln:powIIPId>83a775fc-d56d-4b3d-999f-f07d8b5e10e5</sln:powIIPId><sln:powIIPPn>PL.PZGIK.200</sln:powIIPPn><sln:powIIPWersja>2012-09-27T09:34:20+02:00</sln:powIIPWersja><sln:powIdTeryt>2407</sln:powIdTeryt><sln:powNazwa>lubliniecki</sln:powNazwa><sln:waznyOd>2012-03-02T00:00:00+01:00</sln:waznyOd><sln:wojIIPId>98a63fe6-1e56-4d05-9c47-ab4233f8a6ff</sln:wojIIPId><sln:wojIIPPn>PL.PZGIK.200</sln:wojIIPPn><sln:wojIIPWersja>2017-10-10T00:00:00+02:00</sln:wojIIPWersja><sln:wojIdTeryt>24</sln:wojIdTeryt><sln:wojNazwa>śląskie</sln:wojNazwa></sln:miejscowosc><sln:miejscowosc><sln:cyklZyciaOd>2017-04-25T00:00:00+02:00</sln:cyklZyciaOd><sln:gmIIPId>d1e258ab-d8d7-4507-a730-e34e3ee1c53f</sln:gmIIPId><sln:gmIIPPn>PL.PZGIK.200</sln:gmIIPPn><sln:gmIIPWersja>2012-09-26T22:25:47+02:00</sln:gmIIPWersja><sln:gmIdTeryt>2407042</sln:gmIdTeryt><sln:gmNazwa>Herby</sln:gmNazwa><sln:miejscIIPId>186085ef-2a13-41ea-8420-4eae0977a7b8</sln:miejscIIPId><sln:miejscIIPPn>PL.PZGIK.200</sln:miejscIIPPn><sln:miejscIIPWersja>2017-04-25T12:57:31+02:00</sln:miejscIIPWersja><sln:miejscIdTeryt>0132500</sln:miejscIdTeryt><sln:miejscNazwa>Pietrzaki</sln:miejscNazwa><sln:miejscRodzaj>Wieś</sln:miejscRodzaj><sln:powIIPId>83a775fc-d56d-4b3d-999f-f07d8b5e10e5</sln:powIIPId><sln:powIIPPn>PL.PZGIK.200</sln:powIIPPn><sln:powIIPWersja>2012-09-27T09:34:20+02:00</sln:powIIPWersja><sln:powIdTeryt>2407</sln:powIdTeryt><sln:powNazwa>lubliniecki</sln:powNazwa><sln:waznyOd>2012-03-02T00:00:00+01:00</sln:waznyOd><sln:wojIIPId>98a63fe6-1e56-4d05-9c47-ab4233f8a6ff</sln:wojIIPId><sln:wojIIPPn>PL.PZGIK.200</sln:wojIIPPn><sln:wojIIPWersja>2017-10-10T00:00:00+02:00</sln:wojIIPWersja><sln:wojIdTeryt>24</sln:wojIdTeryt><sln:wojNazwa>śląskie</sln:wojNazwa></sln:miejscowosc><sln:miejscowosc><sln:cyklZyciaOd>2017-04-25T00:00:00+02:00</sln:cyklZyciaOd><sln:gmIIPId>d1e258ab-d8d7-4507-a730-e34e3ee1c53f</sln:gmIIPId><sln:gmIIPPn>PL.PZGIK.200</sln:gmIIPPn><sln:gmIIPWersja>2012-09-26T22:25:47+02:00</sln:gmIIPWersja><sln:gmIdTeryt>2407042</sln:gmIdTeryt><sln:gmNazwa>Herby</sln:gmNazwa><sln:miejscIIPId>e3ac4aef-e28a-460b-8ef0-127999139d4d</sln:miejscIIPId><sln:miejscIIPPn>PL.PZGIK.200</sln:miejscIIPPn><sln:miejscIIPWersja>2017-04-25T12:57:31+02:00</sln:miejscIIPWersja><sln:miejscIdTeryt>0132517</sln:miejscIdTeryt><sln:miejscNazwa>Cztery Kopy</sln:miejscNazwa><sln:miejscRodzaj>Osada</sln:miejscRodzaj><sln:powIIPId>83a775fc-d56d-4b3d-999f-f07d8b5e10e5</sln:powIIPId><sln:powIIPPn>PL.PZGIK.200</sln:powIIPPn><sln:powIIPWersja>2012-09-27T09:34:20+02:00</sln:powIIPWersja><sln:powIdTeryt>2407</sln:powIdTeryt><sln:powNazwa>lubliniecki</sln:powNazwa><sln:waznyOd>2012-03-02T00:00:00+01:00</sln:waznyOd><sln:wojIIPId>98a63fe6-1e56-4d05-9c47-ab4233f8a6ff</sln:wojIIPId><sln:wojIIPPn>PL.PZGIK.200</sln:wojIIPPn><sln:wojIIPWersja>2017-10-10T00:00:00+02:00</sln:wojIIPWersja><sln:wojIdTeryt>24</sln:wojIdTeryt><sln:wojNazwa>śląskie</sln:wojNazwa></sln:miejscowosc><sln:miejscowosc><sln:cyklZyciaOd>2018-02-28T00:00:00+01:00</sln:cyklZyciaOd><sln:gmIIPId>d1e258ab-d8d7-4507-a730-e34e3ee1c53f</sln:gmIIPId><sln:gmIIPPn>PL.PZGIK.200</sln:gmIIPPn><sln:gmIIPWersja>2012-09-26T22:25:47+02:00</sln:gmIIPWersja><sln:gmIdTeryt>2407042</sln:gmIdTeryt><sln:gmNazwa>Herby</sln:gmNazwa><sln:miejscIIPId>73c448ea-fbb8-437c-aeff-ab5b99a63548</sln:miejscIIPId><sln:miejscIIPPn>PL.PZGIK.200</sln:miejscIIPPn><sln:miejscIIPWersja>2018-02-28T00:31:57+02:00</sln:miejscIIPWersja><sln:miejscIdTeryt>0132374</sln:miejscIdTeryt><sln:miejscNazwa>Lisów</sln:miejscNazwa><sln:miejscRodzaj>Wieś</sln:miejscRodzaj><sln:powIIPId>83a775fc-d56d-4b3d-999f-f07d8b5e10e5</sln:powIIPId><sln:powIIPPn>PL.PZGIK.200</sln:powIIPPn><sln:powIIPWersja>2012-09-27T09:34:20+02:00</sln:powIIPWersja><sln:powIdTeryt>2407</sln:powIdTeryt><sln:powNazwa>lubliniecki</sln:powNazwa><sln:waznyOd>2018-02-20T00:00:00+01:00</sln:waznyOd><sln:wojIIPId>98a63fe6-1e56-4d05-9c47-ab4233f8a6ff</sln:wojIIPId><sln:wojIIPPn>PL.PZGIK.200</sln:wojIIPPn><sln:wojIIPWersja>2017-10-10T00:00:00+02:00</sln:wojIIPWersja><sln:wojIdTeryt>24</sln:wojIdTeryt><sln:wojNazwa>śląskie</sln:wojNazwa></sln:miejscowosc><sln:miejscowosc><sln:cyklZyciaOd>2018-02-28T00:00:00+01:00</sln:cyklZyciaOd><sln:gmIIPId>d1e258ab-d8d7-4507-a730-e34e3ee1c53f</sln:gmIIPId><sln:gmIIPPn>PL.PZGIK.200</sln:gmIIPPn><sln:gmIIPWersja>2012-09-26T22:25:47+02:00</sln:gmIIPWersja><sln:gmIdTeryt>2407042</sln:gmIdTeryt><sln:gmNazwa>Herby</sln:gmNazwa><sln:miejscIIPId>787799dd-3cfb-467e-8e99-19620ac1032b</sln:miejscIIPId><sln:miejscIIPPn>PL.PZGIK.200</sln:miejscIIPPn><sln:miejscIIPWersja>2018-02-28T00:31:57+02:00</sln:miejscIIPWersja><sln:miejscIdTeryt>0132405</sln:miejscIdTeryt><sln:miejscNazwa>Tanina</sln:miejscNazwa><sln:miejscRodzaj>Wieś</sln:miejscRodzaj><sln:powIIPId>83a775fc-d56d-4b3d-999f-f07d8b5e10e5</sln:powIIPId><sln:powIIPPn>PL.PZGIK.200</sln:powIIPPn><sln:powIIPWersja>2012-09-27T09:34:20+02:00</sln:powIIPWersja><sln:powIdTeryt>2407</sln:powIdTeryt><sln:powNazwa>lubliniecki</sln:powNazwa><sln:waznyOd>2018-02-08T00:00:00+01:00</sln:waznyOd><sln:wojIIPId>98a63fe6-1e56-4d05-9c47-ab4233f8a6ff</sln:wojIIPId><sln:wojIIPPn>PL.PZGIK.200</sln:wojIIPPn><sln:wojIIPWersja>2017-10-10T00:00:00+02:00</sln:wojIIPWersja><sln:wojIdTeryt>24</sln:wojIdTeryt><sln:wojNazwa>śląskie</sln:wojNazwa></sln:miejscowosc><sln:miejscowosc><sln:cyklZyciaOd>2018-02-28T00:00:00+01:00</sln:cyklZyciaOd><sln:gmIIPId>d1e258ab-d8d7-4507-a730-e34e3ee1c53f</sln:gmIIPId><sln:gmIIPPn>PL.PZGIK.200</sln:gmIIPPn><sln:gmIIPWersja>2012-09-26T22:25:47+02:00</sln:gmIIPWersja><sln:gmIdTeryt>2407042</sln:gmIdTeryt><sln:gmNazwa>Herby</sln:gmNazwa><sln:miejscIIPId>05d1cd8f-a496-4446-8ae2-41d7d5d9b7e4</sln:miejscIIPId><sln:miejscIIPPn>PL.PZGIK.200</sln:miejscIIPPn><sln:miejscIIPWersja>2018-02-28T00:31:57+02:00</sln:miejscIIPWersja><sln:miejscIdTeryt>0132463</sln:miejscIdTeryt><sln:miejscNazwa>Turza</sln:miejscNazwa><sln:miejscRodzaj>Przysiółek</sln:miejscRodzaj><sln:powIIPId>83a775fc-d56d-4b3d-999f-f07d8b5e10e5</sln:powIIPId><sln:powIIPPn>PL.PZGIK.200</sln:powIIPPn><sln:powIIPWersja>2012-09-27T09:34:20+02:00</sln:powIIPWersja><sln:powIdTeryt>2407</sln:powIdTeryt><sln:powNazwa>lubliniecki</sln:powNazwa><sln:waznyOd>2018-02-20T00:00:00+01:00</sln:waznyOd><sln:wojIIPId>98a63fe6-1e56-4d05-9c47-ab4233f8a6ff</sln:wojIIPId><sln:wojIIPPn>PL.PZGIK.200</sln:wojIIPPn><sln:wojIIPWersja>2017-10-10T00:00:00+02:00</sln:wojIIPWersja><sln:wojIdTeryt>24</sln:wojIdTeryt><sln:wojNazwa>śląskie</sln:wojNazwa></sln:miejscowosc></sln:lista-miejscowosci>