<?xml version="1.0" encoding="UTF-8" standalone="yes"?><sln:lista-miejscowosci xmlns:srv="http://gugik.gov.pl/schemas/slowniki-service/1.0" xmlns:sln="http://gugik.gov.pl/schemas/slowniki-schema/1.0"><sln:miejscowosc><sln:cyklZyciaOd>2014-10-08T00:00:00+02:00</sln:cyklZyciaOd><sln:gmIIPId>48ed95d0-5cd5-4525-b3aa-9f1180645a8d</sln:gmIIPId><sln:gmIIPPn>PL.PZGIK.200</sln:gmIIPPn><sln:gmIIPWersja>2017-10-10T00:00:00+02:00</sln:gmIIPWersja><sln:gmIdTeryt>2415062</sln:gmIdTeryt><sln:gmNazwa>Gorzyce</sln:gmNazwa><sln:miejscIIPId>ac2fa2f3-864d-4209-8c2f-0e8500d57b4d</sln:miejscIIPId><sln:miejscIIPPn>PL.PZGIK.200</sln:miejscIIPPn><sln:miejscIIPWersja>2016-11-24T13:37:05+02:00</sln:miejscIIPWersja><sln:miejscIdTeryt>0214669</sln:miejscIdTeryt><sln:miejscNazwa>Kolonia Fryderyka</sln:miejscNazwa><sln:miejscRodzaj>Kolonia</sln:miejscRodzaj><sln:powIIPId>45733634-43de-469a-8481-a533d0560b32</sln:powIIPId><sln:powIIPPn>PL.PZGIK.200</sln:powIIPPn><sln:powIIPWersja>2017-10-10T00:00:00+02:00</sln:powIIPWersja><sln:powIdTeryt>2415</sln:powIdTeryt><sln:powNazwa>wodzisławski</sln:powNazwa><sln:wojIIPId>98a63fe6-1e56-4d05-9c47-ab4233f8a6ff</sln:wojIIPId><sln:wojIIPPn>PL.PZGIK.200</sln:wojIIPPn><sln:wojIIPWersja>2017-10-10T00:00:00+02:00</sln:wojIIPWersja><sln:wojIdTeryt>24</sln:wojIdTeryt><sln:wojNazwa>śląskie</sln:wojNazwa></sln:miejscowosc><sln:miejscowosc><sln:cyklZyciaOd>2014-10-08T00:00:00+02:00</sln:cyklZyciaOd><sln:gmIIPId>48ed95d0-5cd5-4525-b3aa-9f1180645a8d</sln:gmIIPId><sln:gmIIPPn>PL.PZGIK.200</sln:gmIIPPn><sln:gmIIPWersja>2017-10-10T00:00:00+02:00</sln:gmIIPWersja><sln:gmIdTeryt>2415062</sln:gmIdTeryt><sln:gmNazwa>Gorzyce</sln:gmNazwa><sln:miejscIIPId>80fd9341-c429-4b84-87a3-b872555596f2</sln:miejscIIPId><sln:miejscIIPPn>PL.PZGIK.200</sln:miejscIIPPn><sln:miejscIIPWersja>2016-11-24T13:32:38+02:00</sln:miejscIIPWersja><sln:miejscIdTeryt>0214764</sln:miejscIdTeryt><sln:miejscNazwa>Turza Śląska</sln:miejscNazwa><sln:miejscRodzaj>Wieś</sln:miejscRodzaj><sln:powIIPId>45733634-43de-469a-8481-a533d0560b32</sln:powIIPId><sln:powIIPPn>PL.PZGIK.200</sln:powIIPPn><sln:powIIPWersja>2017-10-10T00:00:00+02:00</sln:powIIPWersja><sln:powIdTeryt>2415</sln:powIdTeryt><sln:powNazwa>wodzisławski</sln:powNazwa><sln:wojIIPId>98a63fe6-1e56-4d05-9c47-ab4233f8a6ff</sln:wojIIPId><sln:wojIIPPn>PL.PZGIK.200</sln:wojIIPPn><sln:wojIIPWersja>2017-10-10T00:00:00+02:00</sln:wojIIPWersja><sln:wojIdTeryt>24</sln:wojIdTeryt><sln:wojNazwa>śląskie</sln:wojNazwa></sln:miejscowosc><sln:miejscowosc><sln:cyklZyciaOd>2014-10-08T00:00:00+02:00</sln:cyklZyciaOd><sln:gmIIPId>48ed95d0-5cd5-4525-b3aa-9f1180645a8d</sln:gmIIPId><sln:gmIIPPn>PL.PZGIK.200</sln:gmIIPPn><sln:gmIIPWersja>2017-10-10T00:00:00+02:00</sln:gmIIPWersja><sln:gmIdTeryt>2415062</sln:gmIdTeryt><sln:gmNazwa>Gorzyce</sln:gmNazwa><sln:miejscIIPId>eb65aea9-2c92-4cd6-80ee-2d4e46c65d73</sln:miejscIIPId><sln:miejscIIPPn>PL.PZGIK.200</sln:miejscIIPPn><sln:miejscIIPWersja>2016-11-24T13:58:52+02:00</sln:miejscIIPWersja><sln:miejscIdTeryt>0214681</sln:miejscIdTeryt><sln:miejscNazwa>Młyńsko</sln:miejscNazwa><sln:miejscRodzaj>Inny obiekt</sln:miejscRodzaj><sln:powIIPId>45733634-43de-469a-8481-a533d0560b32</sln:powIIPId><sln:powIIPPn>PL.PZGIK.200</sln:powIIPPn><sln:powIIPWersja>2017-10-10T00:00:00+02:00</sln:powIIPWersja><sln:powIdTeryt>2415</sln:powIdTeryt><sln:powNazwa>wodzisławski</sln:powNazwa><sln:wojIIPId>98a63fe6-1e56-4d05-9c47-ab4233f8a6ff</sln:wojIIPId><sln:wojIIPPn>PL.PZGIK.200</sln:wojIIPPn><sln:wojIIPWersja>2017-10-10T00:00:00+02:00</sln:wojIIPWersja><sln:wojIdTeryt>24</sln:wojIdTeryt><sln:wojNazwa>śląskie</sln:wojNazwa></sln:miejscowosc><sln:miejscowosc><sln:cyklZyciaOd>2014-10-08T00:00:00+02:00</sln:cyklZyciaOd><sln:gmIIPId>48ed95d0-5cd5-4525-b3aa-9f1180645a8d</sln:gmIIPId><sln:gmIIPPn>PL.PZGIK.200</sln:gmIIPPn><sln:gmIIPWersja>2017-10-10T00:00:00+02:00</sln:gmIIPWersja><sln:gmIdTeryt>2415062</sln:gmIdTeryt><sln:gmNazwa>Gorzyce</sln:gmNazwa><sln:miejscIIPId>f0538f50-e2d3-4011-8305-c21ac817c015</sln:miejscIIPId><sln:miejscIIPPn>PL.PZGIK.200</sln:miejscIIPPn><sln:miejscIIPWersja>2016-11-24T13:54:13+02:00</sln:miejscIIPWersja><sln:miejscIdTeryt>0214630</sln:miejscIdTeryt><sln:miejscNazwa>Przedewsie</sln:miejscNazwa><sln:miejscRodzaj>Inny obiekt</sln:miejscRodzaj><sln:powIIPId>45733634-43de-469a-8481-a533d0560b32</sln:powIIPId><sln:powIIPPn>PL.PZGIK.200</sln:powIIPPn><sln:powIIPWersja>2017-10-10T00:00:00+02:00</sln:powIIPWersja><sln:powIdTeryt>2415</sln:powIdTeryt><sln:powNazwa>wodzisławski</sln:powNazwa><sln:wojIIPId>98a63fe6-1e56-4d05-9c47-ab4233f8a6ff</sln:wojIIPId><sln:wojIIPPn>PL.PZGIK.200</sln:wojIIPPn><sln:wojIIPWersja>2017-10-10T00:00:00+02:00</sln:wojIIPWersja><sln:wojIdTeryt>24</sln:wojIdTeryt><sln:wojNazwa>śląskie</sln:wojNazwa></sln:miejscowosc><sln:miejscowosc><sln:cyklZyciaOd>2014-10-08T00:00:00+02:00</sln:cyklZyciaOd><sln:gmIIPId>48ed95d0-5cd5-4525-b3aa-9f1180645a8d</sln:gmIIPId><sln:gmIIPPn>PL.PZGIK.200</sln:gmIIPPn><sln:gmIIPWersja>2017-10-10T00:00:00+02:00</sln:gmIIPWersja><sln:gmIdTeryt>2415062</sln:gmIdTeryt><sln:gmNazwa>Gorzyce</sln:gmNazwa><sln:miejscIIPId>3a31ce3c-d5d7-4c4a-9480-2fb664daa0b0</sln:miejscIIPId><sln:miejscIIPPn>PL.PZGIK.200</sln:miejscIIPPn><sln:miejscIIPWersja>2016-11-24T13:54:19+02:00</sln:miejscIIPWersja><sln:miejscIdTeryt>0214557</sln:miejscIdTeryt><sln:miejscNazwa>Bełskie Stawy</sln:miejscNazwa><sln:miejscRodzaj>Inny obiekt</sln:miejscRodzaj><sln:powIIPId>45733634-43de-469a-8481-a533d0560b32</sln:powIIPId><sln:powIIPPn>PL.PZGIK.200</sln:powIIPPn><sln:powIIPWersja>2017-10-10T00:00:00+02:00</sln:powIIPWersja><sln:powIdTeryt>2415</sln:powIdTeryt><sln:powNazwa>wodzisławski</sln:powNazwa><sln:wojIIPId>98a63fe6-1e56-4d05-9c47-ab4233f8a6ff</sln:wojIIPId><sln:wojIIPPn>PL.PZGIK.200</sln:wojIIPPn><sln:wojIIPWersja>2017-10-10T00:00:00+02:00</sln:wojIIPWersja><sln:wojIdTeryt>24</sln:wojIdTeryt><sln:wojNazwa>śląskie</sln:wojNazwa></sln:miejscowosc><sln:miejscowosc><sln:cyklZyciaOd>2014-10-08T00:00:00+02:00</sln:cyklZyciaOd><sln:gmIIPId>48ed95d0-5cd5-4525-b3aa-9f1180645a8d</sln:gmIIPId><sln:gmIIPPn>PL.PZGIK.200</sln:gmIIPPn><sln:gmIIPWersja>2017-10-10T00:00:00+02:00</sln:gmIIPWersja><sln:gmIdTeryt>2415062</sln:gmIdTeryt><sln:gmNazwa>Gorzyce</sln:gmNazwa><sln:miejscIIPId>44c21d07-39a6-42aa-b3be-f85303d54cbc</sln:miejscIIPId><sln:miejscIIPPn>PL.PZGIK.200</sln:miejscIIPPn><sln:miejscIIPWersja>2016-11-24T13:35:57+02:00</sln:miejscIIPWersja><sln:miejscIdTeryt>0214570</sln:miejscIdTeryt><sln:miejscNazwa>Czyżowice</sln:miejscNazwa><sln:miejscRodzaj>Wieś</sln:miejscRodzaj><sln:powIIPId>45733634-43de-469a-8481-a533d0560b32</sln:powIIPId><sln:powIIPPn>PL.PZGIK.200</sln:powIIPPn><sln:powIIPWersja>2017-10-10T00:00:00+02:00</sln:powIIPWersja><sln:powIdTeryt>2415</sln:powIdTeryt><sln:powNazwa>wodzisławski</sln:powNazwa><sln:wojIIPId>98a63fe6-1e56-4d05-9c47-ab4233f8a6ff</sln:wojIIPId><sln:wojIIPPn>PL.PZGIK.200</sln:wojIIPPn><sln:wojIIPWersja>2017-10-10T00:00:00+02:00</sln:wojIIPWersja><sln:wojIdTeryt>24</sln:wojIdTeryt><sln:wojNazwa>śląskie</sln:wojNazwa></sln:miejscowosc><sln:miejscowosc><sln:cyklZyciaOd>2014-10-08T00:00:00+02:00</sln:cyklZyciaOd><sln:gmIIPId>48ed95d0-5cd5-4525-b3aa-9f1180645a8d</sln:gmIIPId><sln:gmIIPPn>PL.PZGIK.200</sln:gmIIPPn><sln:gmIIPWersja>2017-10-10T00:00:00+02:00</sln:gmIIPWersja><sln:gmIdTeryt>2415062</sln:gmIdTeryt><sln:gmNazwa>Gorzyce</sln:gmNazwa><sln:miejscIIPId>49dbf837-94cb-4bad-8bcb-d1f6e5d44a30</sln:miejscIIPId><sln:miejscIIPPn>PL.PZGIK.200</sln:miejscIIPPn><sln:miejscIIPWersja>2016-11-24T13:36:25+02:00</sln:miejscIIPWersja><sln:miejscIdTeryt>3010878</sln:miejscIdTeryt><sln:miejscNazwa>Kaczy Dół</sln:miejscNazwa><sln:miejscRodzaj>Inny obiekt</sln:miejscRodzaj><sln:powIIPId>45733634-43de-469a-8481-a533d0560b32</sln:powIIPId><sln:powIIPPn>PL.PZGIK.200</sln:powIIPPn><sln:powIIPWersja>2017-10-10T00:00:00+02:00</sln:powIIPWersja><sln:powIdTeryt>2415</sln:powIdTeryt><sln:powNazwa>wodzisławski</sln:powNazwa><sln:wojIIPId>98a63fe6-1e56-4d05-9c47-ab4233f8a6ff</sln:wojIIPId><sln:wojIIPPn>PL.PZGIK.200</sln:wojIIPPn><sln:wojIIPWersja>2017-10-10T00:00:00+02:00</sln:wojIIPWersja><sln:wojIdTeryt>24</sln:wojIdTeryt><sln:wojNazwa>śląskie</sln:wojNazwa></sln:miejscowosc><sln:miejscowosc><sln:cyklZyciaOd>2014-10-08T00:00:00+02:00</sln:cyklZyciaOd><sln:gmIIPId>48ed95d0-5cd5-4525-b3aa-9f1180645a8d</sln:gmIIPId><sln:gmIIPPn>PL.PZGIK.200</sln:gmIIPPn><sln:gmIIPWersja>2017-10-10T00:00:00+02:00</sln:gmIIPWersja><sln:gmIdTeryt>2415062</sln:gmIdTeryt><sln:gmNazwa>Gorzyce</sln:gmNazwa><sln:miejscIIPId>ef4b6810-96b0-4b0c-95fc-57c7412ef9a3</sln:miejscIIPId><sln:miejscIIPPn>PL.PZGIK.200</sln:miejscIIPPn><sln:miejscIIPWersja>2016-11-24T13:36:25+02:00</sln:miejscIIPWersja><sln:miejscIdTeryt>3010852</sln:miejscIdTeryt><sln:miejscNazwa>Kępa</sln:miejscNazwa><sln:miejscRodzaj>Inny obiekt</sln:miejscRodzaj><sln:powIIPId>45733634-43de-469a-8481-a533d0560b32</sln:powIIPId><sln:powIIPPn>PL.PZGIK.200</sln:powIIPPn><sln:powIIPWersja>2017-10-10T00:00:00+02:00</sln:powIIPWersja><sln:powIdTeryt>2415</sln:powIdTeryt><sln:powNazwa>wodzisławski</sln:powNazwa><sln:wojIIPId>98a63fe6-1e56-4d05-9c47-ab4233f8a6ff</sln:wojIIPId><sln:wojIIPPn>PL.PZGIK.200</sln:wojIIPPn><sln:wojIIPWersja>2017-10-10T00:00:00+02:00</sln:wojIIPWersja><sln:wojIdTeryt>24</sln:wojIdTeryt><sln:wojNazwa>śląskie</sln:wojNazwa></sln:miejscowosc><sln:miejscowosc><sln:cyklZyciaOd>2014-10-08T00:00:00+02:00</sln:cyklZyciaOd><sln:gmIIPId>48ed95d0-5cd5-4525-b3aa-9f1180645a8d</sln:gmIIPId><sln:gmIIPPn>PL.PZGIK.200</sln:gmIIPPn><sln:gmIIPWersja>2017-10-10T00:00:00+02:00</sln:gmIIPWersja><sln:gmIdTeryt>2415062</sln:gmIdTeryt><sln:gmNazwa>Gorzyce</sln:gmNazwa><sln:miejscIIPId>2e706363-b583-4c68-ac90-7dadbd346396</sln:miejscIIPId><sln:miejscIIPPn>PL.PZGIK.200</sln:miejscIIPPn><sln:miejscIIPWersja>2016-11-24T13:36:25+02:00</sln:miejscIIPWersja><sln:miejscIdTeryt>3010755</sln:miejscIdTeryt><sln:miejscNazwa>Henryków</sln:miejscNazwa><sln:miejscRodzaj>Inny obiekt</sln:miejscRodzaj><sln:powIIPId>45733634-43de-469a-8481-a533d0560b32</sln:powIIPId><sln:powIIPPn>PL.PZGIK.200</sln:powIIPPn><sln:powIIPWersja>2017-10-10T00:00:00+02:00</sln:powIIPWersja><sln:powIdTeryt>2415</sln:powIdTeryt><sln:powNazwa>wodzisławski</sln:powNazwa><sln:wojIIPId>98a63fe6-1e56-4d05-9c47-ab4233f8a6ff</sln:wojIIPId><sln:wojIIPPn>PL.PZGIK.200</sln:wojIIPPn><sln:wojIIPWersja>2017-10-10T00:00:00+02:00</sln:wojIIPWersja><sln:wojIdTeryt>24</sln:wojIdTeryt><sln:wojNazwa>śląskie</sln:wojNazwa></sln:miejscowosc><sln:miejscowosc><sln:cyklZyciaOd>2014-10-08T00:00:00+02:00</sln:cyklZyciaOd><sln:gmIIPId>48ed95d0-5cd5-4525-b3aa-9f1180645a8d</sln:gmIIPId><sln:gmIIPPn>PL.PZGIK.200</sln:gmIIPPn><sln:gmIIPWersja>2017-10-10T00:00:00+02:00</sln:gmIIPWersja><sln:gmIdTeryt>2415062</sln:gmIdTeryt><sln:gmNazwa>Gorzyce</sln:gmNazwa><sln:miejscIIPId>4822958c-8b58-49de-8f18-647e289d2f46</sln:miejscIIPId><sln:miejscIIPPn>PL.PZGIK.200</sln:miejscIIPPn><sln:miejscIIPWersja>2016-11-24T13:49:04+02:00</sln:miejscIIPWersja><sln:miejscIdTeryt>0214770</sln:miejscIdTeryt><sln:miejscNazwa>Olszenica</sln:miejscNazwa><sln:miejscRodzaj>Inny obiekt</sln:miejscRodzaj><sln:powIIPId>45733634-43de-469a-8481-a533d0560b32</sln:powIIPId><sln:powIIPPn>PL.PZGIK.200</sln:powIIPPn><sln:powIIPWersja>2017-10-10T00:00:00+02:00</sln:powIIPWersja><sln:powIdTeryt>2415</sln:powIdTeryt><sln:powNazwa>wodzisławski</sln:powNazwa><sln:wojIIPId>98a63fe6-1e56-4d05-9c47-ab4233f8a6ff</sln:wojIIPId><sln:wojIIPPn>PL.PZGIK.200</sln:wojIIPPn><sln:wojIIPWersja>2017-10-10T00:00:00+02:00</sln:wojIIPWersja><sln:wojIdTeryt>24</sln:wojIdTeryt><sln:wojNazwa>śląskie</sln:wojNazwa></sln:miejscowosc><sln:miejscowosc><sln:cyklZyciaOd>2014-10-08T00:00:00+02:00</sln:cyklZyciaOd><sln:gmIIPId>48ed95d0-5cd5-4525-b3aa-9f1180645a8d</sln:gmIIPId><sln:gmIIPPn>PL.PZGIK.200</sln:gmIIPPn><sln:gmIIPWersja>2017-10-10T00:00:00+02:00</sln:gmIIPWersja><sln:gmIdTeryt>2415062</sln:gmIdTeryt><sln:gmNazwa>Gorzyce</sln:gmNazwa><sln:miejscIIPId>6165571c-d364-4c5a-8714-efbc10da2776</sln:miejscIIPId><sln:miejscIIPPn>PL.PZGIK.200</sln:miejscIIPPn><sln:miejscIIPWersja>2016-11-24T13:39:11+02:00</sln:miejscIIPWersja><sln:miejscIdTeryt>0214646</sln:miejscIdTeryt><sln:miejscNazwa>Kamień nad Odrą</sln:miejscNazwa><sln:miejscRodzaj>Wieś</sln:miejscRodzaj><sln:powIIPId>45733634-43de-469a-8481-a533d0560b32</sln:powIIPId><sln:powIIPPn>PL.PZGIK.200</sln:powIIPPn><sln:powIIPWersja>2017-10-10T00:00:00+02:00</sln:powIIPWersja><sln:powIdTeryt>2415</sln:powIdTeryt><sln:powNazwa>wodzisławski</sln:powNazwa><sln:wojIIPId>98a63fe6-1e56-4d05-9c47-ab4233f8a6ff</sln:wojIIPId><sln:wojIIPPn>PL.PZGIK.200</sln:wojIIPPn><sln:wojIIPWersja>2017-10-10T00:00:00+02:00</sln:wojIIPWersja><sln:wojIdTeryt>24</sln:wojIdTeryt><sln:wojNazwa>śląskie</sln:wojNazwa></sln:miejscowosc><sln:miejscowosc><sln:cyklZyciaOd>2014-10-08T00:00:00+02:00</sln:cyklZyciaOd><sln:gmIIPId>48ed95d0-5cd5-4525-b3aa-9f1180645a8d</sln:gmIIPId><sln:gmIIPPn>PL.PZGIK.200</sln:gmIIPPn><sln:gmIIPWersja>2017-10-10T00:00:00+02:00</sln:gmIIPWersja><sln:gmIdTeryt>2415062</sln:gmIdTeryt><sln:gmNazwa>Gorzyce</sln:gmNazwa><sln:miejscIIPId>c275c409-c420-4921-805e-2703985f7103</sln:miejscIIPId><sln:miejscIIPPn>PL.PZGIK.200</sln:miejscIIPPn><sln:miejscIIPWersja>2016-11-24T13:52:04+02:00</sln:miejscIIPWersja><sln:miejscIdTeryt>0214586</sln:miejscIdTeryt><sln:miejscNazwa>Pędzich</sln:miejscNazwa><sln:miejscRodzaj>Inny obiekt</sln:miejscRodzaj><sln:powIIPId>45733634-43de-469a-8481-a533d0560b32</sln:powIIPId><sln:powIIPPn>PL.PZGIK.200</sln:powIIPPn><sln:powIIPWersja>2017-10-10T00:00:00+02:00</sln:powIIPWersja><sln:powIdTeryt>2415</sln:powIdTeryt><sln:powNazwa>wodzisławski</sln:powNazwa><sln:wojIIPId>98a63fe6-1e56-4d05-9c47-ab4233f8a6ff</sln:wojIIPId><sln:wojIIPPn>PL.PZGIK.200</sln:wojIIPPn><sln:wojIIPWersja>2017-10-10T00:00:00+02:00</sln:wojIIPWersja><sln:wojIdTeryt>24</sln:wojIdTeryt><sln:wojNazwa>śląskie</sln:wojNazwa></sln:miejscowosc><sln:miejscowosc><sln:cyklZyciaOd>2014-10-08T00:00:00+02:00</sln:cyklZyciaOd><sln:gmIIPId>48ed95d0-5cd5-4525-b3aa-9f1180645a8d</sln:gmIIPId><sln:gmIIPPn>PL.PZGIK.200</sln:gmIIPPn><sln:gmIIPWersja>2017-10-10T00:00:00+02:00</sln:gmIIPWersja><sln:gmIdTeryt>2415062</sln:gmIdTeryt><sln:gmNazwa>Gorzyce</sln:gmNazwa><sln:miejscIIPId>e2ae8f11-8325-46e7-8dac-d455c2d4e1ca</sln:miejscIIPId><sln:miejscIIPPn>PL.PZGIK.200</sln:miejscIIPPn><sln:miejscIIPWersja>2016-11-24T13:40:32+02:00</sln:miejscIIPWersja><sln:miejscIdTeryt>0214563</sln:miejscIdTeryt><sln:miejscNazwa>Bluszczów</sln:miejscNazwa><sln:miejscRodzaj>Wieś</sln:miejscRodzaj><sln:powIIPId>45733634-43de-469a-8481-a533d0560b32</sln:powIIPId><sln:powIIPPn>PL.PZGIK.200</sln:powIIPPn><sln:powIIPWersja>2017-10-10T00:00:00+02:00</sln:powIIPWersja><sln:powIdTeryt>2415</sln:powIdTeryt><sln:powNazwa>wodzisławski</sln:powNazwa><sln:wojIIPId>98a63fe6-1e56-4d05-9c47-ab4233f8a6ff</sln:wojIIPId><sln:wojIIPPn>PL.PZGIK.200</sln:wojIIPPn><sln:wojIIPWersja>2017-10-10T00:00:00+02:00</sln:wojIIPWersja><sln:wojIdTeryt>24</sln:wojIdTeryt><sln:wojNazwa>śląskie</sln:wojNazwa></sln:miejscowosc><sln:miejscowosc><sln:cyklZyciaOd>2014-10-08T00:00:00+02:00</sln:cyklZyciaOd><sln:gmIIPId>48ed95d0-5cd5-4525-b3aa-9f1180645a8d</sln:gmIIPId><sln:gmIIPPn>PL.PZGIK.200</sln:gmIIPPn><sln:gmIIPWersja>2017-10-10T00:00:00+02:00</sln:gmIIPWersja><sln:gmIdTeryt>2415062</sln:gmIdTeryt><sln:gmNazwa>Gorzyce</sln:gmNazwa><sln:miejscIIPId>efbbe71d-9e4a-45e1-bacb-c43eb2a1dc17</sln:miejscIIPId><sln:miejscIIPPn>PL.PZGIK.200</sln:miejscIIPPn><sln:miejscIIPWersja>2016-11-24T13:54:13+02:00</sln:miejscIIPWersja><sln:miejscIdTeryt>0214617</sln:miejscIdTeryt><sln:miejscNazwa>Osiny</sln:miejscNazwa><sln:miejscRodzaj>Kolonia</sln:miejscRodzaj><sln:powIIPId>45733634-43de-469a-8481-a533d0560b32</sln:powIIPId><sln:powIIPPn>PL.PZGIK.200</sln:powIIPPn><sln:powIIPWersja>2017-10-10T00:00:00+02:00</sln:powIIPWersja><sln:powIdTeryt>2415</sln:powIdTeryt><sln:powNazwa>wodzisławski</sln:powNazwa><sln:wojIIPId>98a63fe6-1e56-4d05-9c47-ab4233f8a6ff</sln:wojIIPId><sln:wojIIPPn>PL.PZGIK.200</sln:wojIIPPn><sln:wojIIPWersja>2017-10-10T00:00:00+02:00</sln:wojIIPWersja><sln:wojIdTeryt>24</sln:wojIdTeryt><sln:wojNazwa>śląskie</sln:wojNazwa></sln:miejscowosc><sln:miejscowosc><sln:cyklZyciaOd>2014-10-08T00:00:00+02:00</sln:cyklZyciaOd><sln:gmIIPId>48ed95d0-5cd5-4525-b3aa-9f1180645a8d</sln:gmIIPId><sln:gmIIPPn>PL.PZGIK.200</sln:gmIIPPn><sln:gmIIPWersja>2017-10-10T00:00:00+02:00</sln:gmIIPWersja><sln:gmIdTeryt>2415062</sln:gmIdTeryt><sln:gmNazwa>Gorzyce</sln:gmNazwa><sln:miejscIIPId>3be92c73-4439-42b3-b442-0604fb560b52</sln:miejscIIPId><sln:miejscIIPPn>PL.PZGIK.200</sln:miejscIIPPn><sln:miejscIIPWersja>2016-11-24T13:54:13+02:00</sln:miejscIIPWersja><sln:miejscIdTeryt>0214600</sln:miejscIdTeryt><sln:miejscNazwa>Kraskowiec</sln:miejscNazwa><sln:miejscRodzaj>Kolonia</sln:miejscRodzaj><sln:powIIPId>45733634-43de-469a-8481-a533d0560b32</sln:powIIPId><sln:powIIPPn>PL.PZGIK.200</sln:powIIPPn><sln:powIIPWersja>2017-10-10T00:00:00+02:00</sln:powIIPWersja><sln:powIdTeryt>2415</sln:powIdTeryt><sln:powNazwa>wodzisławski</sln:powNazwa><sln:wojIIPId>98a63fe6-1e56-4d05-9c47-ab4233f8a6ff</sln:wojIIPId><sln:wojIIPPn>PL.PZGIK.200</sln:wojIIPPn><sln:wojIIPWersja>2017-10-10T00:00:00+02:00</sln:wojIIPWersja><sln:wojIdTeryt>24</sln:wojIdTeryt><sln:wojNazwa>śląskie</sln:wojNazwa></sln:miejscowosc><sln:miejscowosc><sln:cyklZyciaOd>2014-10-08T00:00:00+02:00</sln:cyklZyciaOd><sln:gmIIPId>48ed95d0-5cd5-4525-b3aa-9f1180645a8d</sln:gmIIPId><sln:gmIIPPn>PL.PZGIK.200</sln:gmIIPPn><sln:gmIIPWersja>2017-10-10T00:00:00+02:00</sln:gmIIPWersja><sln:gmIdTeryt>2415062</sln:gmIdTeryt><sln:gmNazwa>Gorzyce</sln:gmNazwa><sln:miejscIIPId>84ace7f1-6255-4530-8830-f265d36e2909</sln:miejscIIPId><sln:miejscIIPPn>PL.PZGIK.200</sln:miejscIIPPn><sln:miejscIIPWersja>2016-11-24T13:37:34+02:00</sln:miejscIIPWersja><sln:miejscIdTeryt>0214623</sln:miejscIdTeryt><sln:miejscNazwa>Gorzyczki</sln:miejscNazwa><sln:miejscRodzaj>Wieś</sln:miejscRodzaj><sln:powIIPId>45733634-43de-469a-8481-a533d0560b32</sln:powIIPId><sln:powIIPPn>PL.PZGIK.200</sln:powIIPPn><sln:powIIPWersja>2017-10-10T00:00:00+02:00</sln:powIIPWersja><sln:powIdTeryt>2415</sln:powIdTeryt><sln:powNazwa>wodzisławski</sln:powNazwa><sln:wojIIPId>98a63fe6-1e56-4d05-9c47-ab4233f8a6ff</sln:wojIIPId><sln:wojIIPPn>PL.PZGIK.200</sln:wojIIPPn><sln:wojIIPWersja>2017-10-10T00:00:00+02:00</sln:wojIIPWersja><sln:wojIdTeryt>24</sln:wojIdTeryt><sln:wojNazwa>śląskie</sln:wojNazwa></sln:miejscowosc><sln:miejscowosc><sln:cyklZyciaOd>2014-10-08T00:00:00+02:00</sln:cyklZyciaOd><sln:gmIIPId>48ed95d0-5cd5-4525-b3aa-9f1180645a8d</sln:gmIIPId><sln:gmIIPPn>PL.PZGIK.200</sln:gmIIPPn><sln:gmIIPWersja>2017-10-10T00:00:00+02:00</sln:gmIIPWersja><sln:gmIdTeryt>2415062</sln:gmIdTeryt><sln:gmNazwa>Gorzyce</sln:gmNazwa><sln:miejscIIPId>2d03b22b-f9a2-44bb-aa82-6bdee8cb9635</sln:miejscIIPId><sln:miejscIIPPn>PL.PZGIK.200</sln:miejscIIPPn><sln:miejscIIPWersja>2016-11-24T13:46:12+02:00</sln:miejscIIPWersja><sln:miejscIdTeryt>0214741</sln:miejscIdTeryt><sln:miejscNazwa>Wytrzęsów</sln:miejscNazwa><sln:miejscRodzaj>Inny obiekt</sln:miejscRodzaj><sln:powIIPId>45733634-43de-469a-8481-a533d0560b32</sln:powIIPId><sln:powIIPPn>PL.PZGIK.200</sln:powIIPPn><sln:powIIPWersja>2017-10-10T00:00:00+02:00</sln:powIIPWersja><sln:powIdTeryt>2415</sln:powIdTeryt><sln:powNazwa>wodzisławski</sln:powNazwa><sln:wojIIPId>98a63fe6-1e56-4d05-9c47-ab4233f8a6ff</sln:wojIIPId><sln:wojIIPPn>PL.PZGIK.200</sln:wojIIPPn><sln:wojIIPWersja>2017-10-10T00:00:00+02:00</sln:wojIIPWersja><sln:wojIdTeryt>24</sln:wojIdTeryt><sln:wojNazwa>śląskie</sln:wojNazwa></sln:miejscowosc><sln:miejscowosc><sln:cyklZyciaOd>2014-10-08T00:00:00+02:00</sln:cyklZyciaOd><sln:gmIIPId>48ed95d0-5cd5-4525-b3aa-9f1180645a8d</sln:gmIIPId><sln:gmIIPPn>PL.PZGIK.200</sln:gmIIPPn><sln:gmIIPWersja>2017-10-10T00:00:00+02:00</sln:gmIIPWersja><sln:gmIdTeryt>2415062</sln:gmIdTeryt><sln:gmNazwa>Gorzyce</sln:gmNazwa><sln:miejscIIPId>56259dca-3df4-4961-a572-1d878ddf01e6</sln:miejscIIPId><sln:miejscIIPPn>PL.PZGIK.200</sln:miejscIIPPn><sln:miejscIIPWersja>2016-11-24T13:55:12+02:00</sln:miejscIIPWersja><sln:miejscIdTeryt>0214652</sln:miejscIdTeryt><sln:miejscNazwa>Kamieńczak</sln:miejscNazwa><sln:miejscRodzaj>Inny obiekt</sln:miejscRodzaj><sln:powIIPId>45733634-43de-469a-8481-a533d0560b32</sln:powIIPId><sln:powIIPPn>PL.PZGIK.200</sln:powIIPPn><sln:powIIPWersja>2017-10-10T00:00:00+02:00</sln:powIIPWersja><sln:powIdTeryt>2415</sln:powIdTeryt><sln:powNazwa>wodzisławski</sln:powNazwa><sln:wojIIPId>98a63fe6-1e56-4d05-9c47-ab4233f8a6ff</sln:wojIIPId><sln:wojIIPPn>PL.PZGIK.200</sln:wojIIPPn><sln:wojIIPWersja>2017-10-10T00:00:00+02:00</sln:wojIIPWersja><sln:wojIdTeryt>24</sln:wojIdTeryt><sln:wojNazwa>śląskie</sln:wojNazwa></sln:miejscowosc><sln:miejscowosc><sln:cyklZyciaOd>2014-10-08T00:00:00+02:00</sln:cyklZyciaOd><sln:gmIIPId>48ed95d0-5cd5-4525-b3aa-9f1180645a8d</sln:gmIIPId><sln:gmIIPPn>PL.PZGIK.200</sln:gmIIPPn><sln:gmIIPWersja>2017-10-10T00:00:00+02:00</sln:gmIIPWersja><sln:gmIdTeryt>2415062</sln:gmIdTeryt><sln:gmNazwa>Gorzyce</sln:gmNazwa><sln:miejscIIPId>b691ba6c-acc4-49f2-8954-68503e8ab65d</sln:miejscIIPId><sln:miejscIIPPn>PL.PZGIK.200</sln:miejscIIPPn><sln:miejscIIPWersja>2016-11-24T13:46:12+02:00</sln:miejscIIPWersja><sln:miejscIdTeryt>0214758</sln:miejscIdTeryt><sln:miejscNazwa>Syrynka</sln:miejscNazwa><sln:miejscRodzaj>Kolonia</sln:miejscRodzaj><sln:powIIPId>45733634-43de-469a-8481-a533d0560b32</sln:powIIPId><sln:powIIPPn>PL.PZGIK.200</sln:powIIPPn><sln:powIIPWersja>2017-10-10T00:00:00+02:00</sln:powIIPWersja><sln:powIdTeryt>2415</sln:powIdTeryt><sln:powNazwa>wodzisławski</sln:powNazwa><sln:wojIIPId>98a63fe6-1e56-4d05-9c47-ab4233f8a6ff</sln:wojIIPId><sln:wojIIPPn>PL.PZGIK.200</sln:wojIIPPn><sln:wojIIPWersja>2017-10-10T00:00:00+02:00</sln:wojIIPWersja><sln:wojIdTeryt>24</sln:wojIdTeryt><sln:wojNazwa>śląskie</sln:wojNazwa></sln:miejscowosc><sln:miejscowosc><sln:cyklZyciaOd>2014-10-08T00:00:00+02:00</sln:cyklZyciaOd><sln:gmIIPId>48ed95d0-5cd5-4525-b3aa-9f1180645a8d</sln:gmIIPId><sln:gmIIPPn>PL.PZGIK.200</sln:gmIIPPn><sln:gmIIPWersja>2017-10-10T00:00:00+02:00</sln:gmIIPWersja><sln:gmIdTeryt>2415062</sln:gmIdTeryt><sln:gmNazwa>Gorzyce</sln:gmNazwa><sln:miejscIIPId>5d243976-d92b-4859-9468-799a011de839</sln:miejscIIPId><sln:miejscIIPPn>PL.PZGIK.200</sln:miejscIIPPn><sln:miejscIIPWersja>2016-11-24T13:32:43+02:00</sln:miejscIIPWersja><sln:miejscIdTeryt>0214787</sln:miejscIdTeryt><sln:miejscNazwa>Uchylsko</sln:miejscNazwa><sln:miejscRodzaj>Wieś</sln:miejscRodzaj><sln:powIIPId>45733634-43de-469a-8481-a533d0560b32</sln:powIIPId><sln:powIIPPn>PL.PZGIK.200</sln:powIIPPn><sln:powIIPWersja>2017-10-10T00:00:00+02:00</sln:powIIPWersja><sln:powIdTeryt>2415</sln:powIdTeryt><sln:powNazwa>wodzisławski</sln:powNazwa><sln:wojIIPId>98a63fe6-1e56-4d05-9c47-ab4233f8a6ff</sln:wojIIPId><sln:wojIIPPn>PL.PZGIK.200</sln:wojIIPPn><sln:wojIIPWersja>2017-10-10T00:00:00+02:00</sln:wojIIPWersja><sln:wojIdTeryt>24</sln:wojIdTeryt><sln:wojNazwa>śląskie</sln:wojNazwa></sln:miejscowosc><sln:miejscowosc><sln:cyklZyciaOd>2014-10-08T00:00:00+02:00</sln:cyklZyciaOd><sln:gmIIPId>48ed95d0-5cd5-4525-b3aa-9f1180645a8d</sln:gmIIPId><sln:gmIIPPn>PL.PZGIK.200</sln:gmIIPPn><sln:gmIIPWersja>2017-10-10T00:00:00+02:00</sln:gmIIPWersja><sln:gmIdTeryt>2415062</sln:gmIdTeryt><sln:gmNazwa>Gorzyce</sln:gmNazwa><sln:miejscIIPId>50b46c06-c34d-4775-a085-faebdd9dcc0a</sln:miejscIIPId><sln:miejscIIPPn>PL.PZGIK.200</sln:miejscIIPPn><sln:miejscIIPWersja>2016-11-24T13:46:12+02:00</sln:miejscIIPWersja><sln:miejscIdTeryt>0214735</sln:miejscIdTeryt><sln:miejscNazwa>Rogowiec</sln:miejscNazwa><sln:miejscRodzaj>Inny obiekt</sln:miejscRodzaj><sln:powIIPId>45733634-43de-469a-8481-a533d0560b32</sln:powIIPId><sln:powIIPPn>PL.PZGIK.200</sln:powIIPPn><sln:powIIPWersja>2017-10-10T00:00:00+02:00</sln:powIIPWersja><sln:powIdTeryt>2415</sln:powIdTeryt><sln:powNazwa>wodzisławski</sln:powNazwa><sln:wojIIPId>98a63fe6-1e56-4d05-9c47-ab4233f8a6ff</sln:wojIIPId><sln:wojIIPPn>PL.PZGIK.200</sln:wojIIPPn><sln:wojIIPWersja>2017-10-10T00:00:00+02:00</sln:wojIIPWersja><sln:wojIdTeryt>24</sln:wojIdTeryt><sln:wojNazwa>śląskie</sln:wojNazwa></sln:miejscowosc><sln:miejscowosc><sln:cyklZyciaOd>2014-10-08T00:00:00+02:00</sln:cyklZyciaOd><sln:gmIIPId>48ed95d0-5cd5-4525-b3aa-9f1180645a8d</sln:gmIIPId><sln:gmIIPPn>PL.PZGIK.200</sln:gmIIPPn><sln:gmIIPWersja>2017-10-10T00:00:00+02:00</sln:gmIIPWersja><sln:gmIdTeryt>2415062</sln:gmIdTeryt><sln:gmNazwa>Gorzyce</sln:gmNazwa><sln:miejscIIPId>73d47b96-5d33-4754-8fc4-767121dd00a6</sln:miejscIIPId><sln:miejscIIPPn>PL.PZGIK.200</sln:miejscIIPPn><sln:miejscIIPWersja>2016-11-24T13:59:01+02:00</sln:miejscIIPWersja><sln:miejscIdTeryt>0214706</sln:miejscIdTeryt><sln:miejscNazwa>Dworek</sln:miejscNazwa><sln:miejscRodzaj>Inny obiekt</sln:miejscRodzaj><sln:powIIPId>45733634-43de-469a-8481-a533d0560b32</sln:powIIPId><sln:powIIPPn>PL.PZGIK.200</sln:powIIPPn><sln:powIIPWersja>2017-10-10T00:00:00+02:00</sln:powIIPWersja><sln:powIdTeryt>2415</sln:powIdTeryt><sln:powNazwa>wodzisławski</sln:powNazwa><sln:wojIIPId>98a63fe6-1e56-4d05-9c47-ab4233f8a6ff</sln:wojIIPId><sln:wojIIPPn>PL.PZGIK.200</sln:wojIIPPn><sln:wojIIPWersja>2017-10-10T00:00:00+02:00</sln:wojIIPWersja><sln:wojIdTeryt>24</sln:wojIdTeryt><sln:wojNazwa>śląskie</sln:wojNazwa></sln:miejscowosc><sln:miejscowosc><sln:cyklZyciaOd>2014-10-08T00:00:00+02:00</sln:cyklZyciaOd><sln:gmIIPId>48ed95d0-5cd5-4525-b3aa-9f1180645a8d</sln:gmIIPId><sln:gmIIPPn>PL.PZGIK.200</sln:gmIIPPn><sln:gmIIPWersja>2017-10-10T00:00:00+02:00</sln:gmIIPWersja><sln:gmIdTeryt>2415062</sln:gmIdTeryt><sln:gmNazwa>Gorzyce</sln:gmNazwa><sln:miejscIIPId>93841073-514c-4a79-aaaa-61499dae353e</sln:miejscIIPId><sln:miejscIIPPn>PL.PZGIK.200</sln:miejscIIPPn><sln:miejscIIPWersja>2016-11-24T13:43:56+02:00</sln:miejscIIPWersja><sln:miejscIdTeryt>0214698</sln:miejscIdTeryt><sln:miejscNazwa>Olza</sln:miejscNazwa><sln:miejscRodzaj>Wieś</sln:miejscRodzaj><sln:powIIPId>45733634-43de-469a-8481-a533d0560b32</sln:powIIPId><sln:powIIPPn>PL.PZGIK.200</sln:powIIPPn><sln:powIIPWersja>2017-10-10T00:00:00+02:00</sln:powIIPWersja><sln:powIdTeryt>2415</sln:powIdTeryt><sln:powNazwa>wodzisławski</sln:powNazwa><sln:wojIIPId>98a63fe6-1e56-4d05-9c47-ab4233f8a6ff</sln:wojIIPId><sln:wojIIPPn>PL.PZGIK.200</sln:wojIIPPn><sln:wojIIPWersja>2017-10-10T00:00:00+02:00</sln:wojIIPWersja><sln:wojIdTeryt>24</sln:wojIdTeryt><sln:wojNazwa>śląskie</sln:wojNazwa></sln:miejscowosc><sln:miejscowosc><sln:cyklZyciaOd>2014-10-08T00:00:00+02:00</sln:cyklZyciaOd><sln:gmIIPId>48ed95d0-5cd5-4525-b3aa-9f1180645a8d</sln:gmIIPId><sln:gmIIPPn>PL.PZGIK.200</sln:gmIIPPn><sln:gmIIPWersja>2017-10-10T00:00:00+02:00</sln:gmIIPWersja><sln:gmIdTeryt>2415062</sln:gmIdTeryt><sln:gmNazwa>Gorzyce</sln:gmNazwa><sln:miejscIIPId>8256cf97-afc0-4cfd-b31c-11f1bce6ef8c</sln:miejscIIPId><sln:miejscIIPPn>PL.PZGIK.200</sln:miejscIIPPn><sln:miejscIIPWersja>2016-11-24T13:43:45+02:00</sln:miejscIIPWersja><sln:miejscIdTeryt>0214675</sln:miejscIdTeryt><sln:miejscNazwa>Odra</sln:miejscNazwa><sln:miejscRodzaj>Wieś</sln:miejscRodzaj><sln:powIIPId>45733634-43de-469a-8481-a533d0560b32</sln:powIIPId><sln:powIIPPn>PL.PZGIK.200</sln:powIIPPn><sln:powIIPWersja>2017-10-10T00:00:00+02:00</sln:powIIPWersja><sln:powIdTeryt>2415</sln:powIdTeryt><sln:powNazwa>wodzisławski</sln:powNazwa><sln:wojIIPId>98a63fe6-1e56-4d05-9c47-ab4233f8a6ff</sln:wojIIPId><sln:wojIIPPn>PL.PZGIK.200</sln:wojIIPPn><sln:wojIIPWersja>2017-10-10T00:00:00+02:00</sln:wojIIPWersja><sln:wojIdTeryt>24</sln:wojIdTeryt><sln:wojNazwa>śląskie</sln:wojNazwa></sln:miejscowosc><sln:miejscowosc><sln:cyklZyciaOd>2014-10-08T00:00:00+02:00</sln:cyklZyciaOd><sln:gmIIPId>48ed95d0-5cd5-4525-b3aa-9f1180645a8d</sln:gmIIPId><sln:gmIIPPn>PL.PZGIK.200</sln:gmIIPPn><sln:gmIIPWersja>2017-10-10T00:00:00+02:00</sln:gmIIPWersja><sln:gmIdTeryt>2415062</sln:gmIdTeryt><sln:gmNazwa>Gorzyce</sln:gmNazwa><sln:miejscIIPId>37919faf-37f4-4e43-bc47-3d9aff0be7b8</sln:miejscIIPId><sln:miejscIIPPn>PL.PZGIK.200</sln:miejscIIPPn><sln:miejscIIPWersja>2016-11-24T13:36:25+02:00</sln:miejscIIPWersja><sln:miejscIdTeryt>3010787</sln:miejscIdTeryt><sln:miejscNazwa>Familoki</sln:miejscNazwa><sln:miejscRodzaj>Inny obiekt</sln:miejscRodzaj><sln:powIIPId>45733634-43de-469a-8481-a533d0560b32</sln:powIIPId><sln:powIIPPn>PL.PZGIK.200</sln:powIIPPn><sln:powIIPWersja>2017-10-10T00:00:00+02:00</sln:powIIPWersja><sln:powIdTeryt>2415</sln:powIdTeryt><sln:powNazwa>wodzisławski</sln:powNazwa><sln:wojIIPId>98a63fe6-1e56-4d05-9c47-ab4233f8a6ff</sln:wojIIPId><sln:wojIIPPn>PL.PZGIK.200</sln:wojIIPPn><sln:wojIIPWersja>2017-10-10T00:00:00+02:00</sln:wojIIPWersja><sln:wojIdTeryt>24</sln:wojIdTeryt><sln:wojNazwa>śląskie</sln:wojNazwa></sln:miejscowosc><sln:miejscowosc><sln:cyklZyciaOd>2014-10-08T00:00:00+02:00</sln:cyklZyciaOd><sln:gmIIPId>48ed95d0-5cd5-4525-b3aa-9f1180645a8d</sln:gmIIPId><sln:gmIIPPn>PL.PZGIK.200</sln:gmIIPPn><sln:gmIIPWersja>2017-10-10T00:00:00+02:00</sln:gmIIPWersja><sln:gmIdTeryt>2415062</sln:gmIdTeryt><sln:gmNazwa>Gorzyce</sln:gmNazwa><sln:miejscIIPId>7a305f3c-7c52-45d1-9bca-625e44b0b6f0</sln:miejscIIPId><sln:miejscIIPPn>PL.PZGIK.200</sln:miejscIIPPn><sln:miejscIIPWersja>2016-11-24T13:37:34+02:00</sln:miejscIIPWersja><sln:miejscIdTeryt>0214592</sln:miejscIdTeryt><sln:miejscNazwa>Gorzyce</sln:miejscNazwa><sln:miejscRodzaj>Wieś</sln:miejscRodzaj><sln:powIIPId>45733634-43de-469a-8481-a533d0560b32</sln:powIIPId><sln:powIIPPn>PL.PZGIK.200</sln:powIIPPn><sln:powIIPWersja>2017-10-10T00:00:00+02:00</sln:powIIPWersja><sln:powIdTeryt>2415</sln:powIdTeryt><sln:powNazwa>wodzisławski</sln:powNazwa><sln:wojIIPId>98a63fe6-1e56-4d05-9c47-ab4233f8a6ff</sln:wojIIPId><sln:wojIIPPn>PL.PZGIK.200</sln:wojIIPPn><sln:wojIIPWersja>2017-10-10T00:00:00+02:00</sln:wojIIPWersja><sln:wojIdTeryt>24</sln:wojIdTeryt><sln:wojNazwa>śląskie</sln:wojNazwa></sln:miejscowosc><sln:miejscowosc><sln:cyklZyciaOd>2014-10-08T00:00:00+02:00</sln:cyklZyciaOd><sln:gmIIPId>48ed95d0-5cd5-4525-b3aa-9f1180645a8d</sln:gmIIPId><sln:gmIIPPn>PL.PZGIK.200</sln:gmIIPPn><sln:gmIIPWersja>2017-10-10T00:00:00+02:00</sln:gmIIPWersja><sln:gmIdTeryt>2415062</sln:gmIdTeryt><sln:gmNazwa>Gorzyce</sln:gmNazwa><sln:miejscIIPId>95c9ff90-ee07-4a5c-8aac-2bbd61fe1985</sln:miejscIIPId><sln:miejscIIPPn>PL.PZGIK.200</sln:miejscIIPPn><sln:miejscIIPWersja>2016-11-24T13:37:48+02:00</sln:miejscIIPWersja><sln:miejscIdTeryt>0214540</sln:miejscIdTeryt><sln:miejscNazwa>Bełsznica</sln:miejscNazwa><sln:miejscRodzaj>Wieś</sln:miejscRodzaj><sln:powIIPId>45733634-43de-469a-8481-a533d0560b32</sln:powIIPId><sln:powIIPPn>PL.PZGIK.200</sln:powIIPPn><sln:powIIPWersja>2017-10-10T00:00:00+02:00</sln:powIIPWersja><sln:powIdTeryt>2415</sln:powIdTeryt><sln:powNazwa>wodzisławski</sln:powNazwa><sln:wojIIPId>98a63fe6-1e56-4d05-9c47-ab4233f8a6ff</sln:wojIIPId><sln:wojIIPPn>PL.PZGIK.200</sln:wojIIPPn><sln:wojIIPWersja>2017-10-10T00:00:00+02:00</sln:wojIIPWersja><sln:wojIdTeryt>24</sln:wojIdTeryt><sln:wojNazwa>śląskie</sln:wojNazwa></sln:miejscowosc><sln:miejscowosc><sln:cyklZyciaOd>2014-10-08T00:00:00+02:00</sln:cyklZyciaOd><sln:gmIIPId>48ed95d0-5cd5-4525-b3aa-9f1180645a8d</sln:gmIIPId><sln:gmIIPPn>PL.PZGIK.200</sln:gmIIPPn><sln:gmIIPWersja>2017-10-10T00:00:00+02:00</sln:gmIIPWersja><sln:gmIdTeryt>2415062</sln:gmIdTeryt><sln:gmNazwa>Gorzyce</sln:gmNazwa><sln:miejscIIPId>c1de3441-01bc-4053-b902-d643290e8f3e</sln:miejscIIPId><sln:miejscIIPPn>PL.PZGIK.200</sln:miejscIIPPn><sln:miejscIIPWersja>2016-11-24T13:46:12+02:00</sln:miejscIIPWersja><sln:miejscIdTeryt>0214729</sln:miejscIdTeryt><sln:miejscNazwa>Ligotka</sln:miejscNazwa><sln:miejscRodzaj>Inny obiekt</sln:miejscRodzaj><sln:powIIPId>45733634-43de-469a-8481-a533d0560b32</sln:powIIPId><sln:powIIPPn>PL.PZGIK.200</sln:powIIPPn><sln:powIIPWersja>2017-10-10T00:00:00+02:00</sln:powIIPWersja><sln:powIdTeryt>2415</sln:powIdTeryt><sln:powNazwa>wodzisławski</sln:powNazwa><sln:wojIIPId>98a63fe6-1e56-4d05-9c47-ab4233f8a6ff</sln:wojIIPId><sln:wojIIPPn>PL.PZGIK.200</sln:wojIIPPn><sln:wojIIPWersja>2017-10-10T00:00:00+02:00</sln:wojIIPWersja><sln:wojIdTeryt>24</sln:wojIdTeryt><sln:wojNazwa>śląskie</sln:wojNazwa></sln:miejscowosc><sln:miejscowosc><sln:cyklZyciaOd>2014-10-08T00:00:00+02:00</sln:cyklZyciaOd><sln:gmIIPId>48ed95d0-5cd5-4525-b3aa-9f1180645a8d</sln:gmIIPId><sln:gmIIPPn>PL.PZGIK.200</sln:gmIIPPn><sln:gmIIPWersja>2017-10-10T00:00:00+02:00</sln:gmIIPWersja><sln:gmIdTeryt>2415062</sln:gmIdTeryt><sln:gmNazwa>Gorzyce</sln:gmNazwa><sln:miejscIIPId>e20c5d4b-eb44-4240-b154-2064971c81e5</sln:miejscIIPId><sln:miejscIIPPn>PL.PZGIK.200</sln:miejscIIPPn><sln:miejscIIPWersja>2016-11-24T13:36:25+02:00</sln:miejscIIPWersja><sln:miejscIdTeryt>3010888</sln:miejscIdTeryt><sln:miejscNazwa>Zabłocie</sln:miejscNazwa><sln:miejscRodzaj>Inny obiekt</sln:miejscRodzaj><sln:powIIPId>45733634-43de-469a-8481-a533d0560b32</sln:powIIPId><sln:powIIPPn>PL.PZGIK.200</sln:powIIPPn><sln:powIIPWersja>2017-10-10T00:00:00+02:00</sln:powIIPWersja><sln:powIdTeryt>2415</sln:powIdTeryt><sln:powNazwa>wodzisławski</sln:powNazwa><sln:wojIIPId>98a63fe6-1e56-4d05-9c47-ab4233f8a6ff</sln:wojIIPId><sln:wojIIPPn>PL.PZGIK.200</sln:wojIIPPn><sln:wojIIPWersja>2017-10-10T00:00:00+02:00</sln:wojIIPWersja><sln:wojIdTeryt>24</sln:wojIdTeryt><sln:wojNazwa>śląskie</sln:wojNazwa></sln:miejscowosc><sln:miejscowosc><sln:cyklZyciaOd>2014-10-08T00:00:00+02:00</sln:cyklZyciaOd><sln:gmIIPId>48ed95d0-5cd5-4525-b3aa-9f1180645a8d</sln:gmIIPId><sln:gmIIPPn>PL.PZGIK.200</sln:gmIIPPn><sln:gmIIPWersja>2017-10-10T00:00:00+02:00</sln:gmIIPWersja><sln:gmIdTeryt>2415062</sln:gmIdTeryt><sln:gmNazwa>Gorzyce</sln:gmNazwa><sln:miejscIIPId>13781b62-1a31-465a-b67a-779171dbb48f</sln:miejscIIPId><sln:miejscIIPPn>PL.PZGIK.200</sln:miejscIIPPn><sln:miejscIIPWersja>2016-11-24T13:36:25+02:00</sln:miejscIIPWersja><sln:miejscIdTeryt>3010883</sln:miejscIdTeryt><sln:miejscNazwa>Piaski</sln:miejscNazwa><sln:miejscRodzaj>Inny obiekt</sln:miejscRodzaj><sln:powIIPId>45733634-43de-469a-8481-a533d0560b32</sln:powIIPId><sln:powIIPPn>PL.PZGIK.200</sln:powIIPPn><sln:powIIPWersja>2017-10-10T00:00:00+02:00</sln:powIIPWersja><sln:powIdTeryt>2415</sln:powIdTeryt><sln:powNazwa>wodzisławski</sln:powNazwa><sln:wojIIPId>98a63fe6-1e56-4d05-9c47-ab4233f8a6ff</sln:wojIIPId><sln:wojIIPPn>PL.PZGIK.200</sln:wojIIPPn><sln:wojIIPWersja>2017-10-10T00:00:00+02:00</sln:wojIIPWersja><sln:wojIdTeryt>24</sln:wojIdTeryt><sln:wojNazwa>śląskie</sln:wojNazwa></sln:miejscowosc><sln:miejscowosc><sln:cyklZyciaOd>2014-10-08T00:00:00+02:00</sln:cyklZyciaOd><sln:gmIIPId>48ed95d0-5cd5-4525-b3aa-9f1180645a8d</sln:gmIIPId><sln:gmIIPPn>PL.PZGIK.200</sln:gmIIPPn><sln:gmIIPWersja>2017-10-10T00:00:00+02:00</sln:gmIIPWersja><sln:gmIdTeryt>2415062</sln:gmIdTeryt><sln:gmNazwa>Gorzyce</sln:gmNazwa><sln:miejscIIPId>9b2e7896-2732-4fdf-8820-f632b4552264</sln:miejscIIPId><sln:miejscIIPPn>PL.PZGIK.200</sln:miejscIIPPn><sln:miejscIIPWersja>2016-11-24T13:29:47+02:00</sln:miejscIIPWersja><sln:miejscIdTeryt>0214712</sln:miejscIdTeryt><sln:miejscNazwa>Rogów</sln:miejscNazwa><sln:miejscRodzaj>Wieś</sln:miejscRodzaj><sln:powIIPId>45733634-43de-469a-8481-a533d0560b32</sln:powIIPId><sln:powIIPPn>PL.PZGIK.200</sln:powIIPPn><sln:powIIPWersja>2017-10-10T00:00:00+02:00</sln:powIIPWersja><sln:powIdTeryt>2415</sln:powIdTeryt><sln:powNazwa>wodzisławski</sln:powNazwa><sln:wojIIPId>98a63fe6-1e56-4d05-9c47-ab4233f8a6ff</sln:wojIIPId><sln:wojIIPPn>PL.PZGIK.200</sln:wojIIPPn><sln:wojIIPWersja>2017-10-10T00:00:00+02:00</sln:wojIIPWersja><sln:wojIdTeryt>24</sln:wojIdTeryt><sln:wojNazwa>śląskie</sln:wojNazwa></sln:miejscowosc><sln:miejscowosc><sln:cyklZyciaOd>2014-10-08T00:00:00+02:00</sln:cyklZyciaOd><sln:gmIIPId>48ed95d0-5cd5-4525-b3aa-9f1180645a8d</sln:gmIIPId><sln:gmIIPPn>PL.PZGIK.200</sln:gmIIPPn><sln:gmIIPWersja>2017-10-10T00:00:00+02:00</sln:gmIIPWersja><sln:gmIdTeryt>2415062</sln:gmIdTeryt><sln:gmNazwa>Gorzyce</sln:gmNazwa><sln:miejscIIPId>27e2fd98-17a2-49e4-8f1a-097c28102ee2</sln:miejscIIPId><sln:miejscIIPPn>PL.PZGIK.200</sln:miejscIIPPn><sln:miejscIIPWersja>2016-11-24T13:36:25+02:00</sln:miejscIIPWersja><sln:miejscIdTeryt>3010795</sln:miejscIdTeryt><sln:miejscNazwa>Żabiok</sln:miejscNazwa><sln:miejscRodzaj>Inny obiekt</sln:miejscRodzaj><sln:powIIPId>45733634-43de-469a-8481-a533d0560b32</sln:powIIPId><sln:powIIPPn>PL.PZGIK.200</sln:powIIPPn><sln:powIIPWersja>2017-10-10T00:00:00+02:00</sln:powIIPWersja><sln:powIdTeryt>2415</sln:powIdTeryt><sln:powNazwa>wodzisławski</sln:powNazwa><sln:wojIIPId>98a63fe6-1e56-4d05-9c47-ab4233f8a6ff</sln:wojIIPId><sln:wojIIPPn>PL.PZGIK.200</sln:wojIIPPn><sln:wojIIPWersja>2017-10-10T00:00:00+02:00</sln:wojIIPWersja><sln:wojIdTeryt>24</sln:wojIdTeryt><sln:wojNazwa>śląskie</sln:wojNazwa></sln:miejscowosc><sln:miejscowosc><sln:cyklZyciaOd>2014-10-08T00:00:00+02:00</sln:cyklZyciaOd><sln:gmIIPId>48ed95d0-5cd5-4525-b3aa-9f1180645a8d</sln:gmIIPId><sln:gmIIPPn>PL.PZGIK.200</sln:gmIIPPn><sln:gmIIPWersja>2017-10-10T00:00:00+02:00</sln:gmIIPWersja><sln:gmIdTeryt>2415062</sln:gmIdTeryt><sln:gmNazwa>Gorzyce</sln:gmNazwa><sln:miejscIIPId>7cc0115d-6f0b-475f-9b4f-2063227f04a4</sln:miejscIIPId><sln:miejscIIPPn>PL.PZGIK.200</sln:miejscIIPPn><sln:miejscIIPWersja>2016-11-24T13:36:25+02:00</sln:miejscIIPWersja><sln:miejscIdTeryt>3010783</sln:miejscIdTeryt><sln:miejscNazwa>Kolonia Olecka</sln:miejscNazwa><sln:miejscRodzaj>Inny obiekt</sln:miejscRodzaj><sln:powIIPId>45733634-43de-469a-8481-a533d0560b32</sln:powIIPId><sln:powIIPPn>PL.PZGIK.200</sln:powIIPPn><sln:powIIPWersja>2017-10-10T00:00:00+02:00</sln:powIIPWersja><sln:powIdTeryt>2415</sln:powIdTeryt><sln:powNazwa>wodzisławski</sln:powNazwa><sln:wojIIPId>98a63fe6-1e56-4d05-9c47-ab4233f8a6ff</sln:wojIIPId><sln:wojIIPPn>PL.PZGIK.200</sln:wojIIPPn><sln:wojIIPWersja>2017-10-10T00:00:00+02:00</sln:wojIIPWersja><sln:wojIdTeryt>24</sln:wojIdTeryt><sln:wojNazwa>śląskie</sln:wojNazwa></sln:miejscowosc></sln:lista-miejscowosci>