<?xml version="1.0" encoding="UTF-8" standalone="yes"?><sln:lista-miejscowosci xmlns:srv="http://gugik.gov.pl/schemas/slowniki-service/1.0" xmlns:sln="http://gugik.gov.pl/schemas/slowniki-schema/1.0"><sln:miejscowosc><sln:cyklZyciaDo>2017-11-13T00:00:00+01:00</sln:cyklZyciaDo><sln:cyklZyciaOd>2016-01-25T00:00:00+01:00</sln:cyklZyciaOd><sln:gmIIPId>42c02e6c-c005-49d2-9b7d-b9e99a3ead79</sln:gmIIPId><sln:gmIIPPn>PL.PZGIK.200</sln:gmIIPPn><sln:gmIIPWersja>2012-09-26T22:28:07+02:00</sln:gmIIPWersja><sln:gmIdTeryt>2401021</sln:gmIdTeryt><sln:gmNazwa>Czeladź</sln:gmNazwa><sln:miejscIIPId>d2d25059-a9e0-4f32-955b-00d83e2a8fa8</sln:miejscIIPId><sln:miejscIIPPn>PL.PZGIK.200</sln:miejscIIPPn><sln:miejscIIPWersja>2016-11-24T13:16:35+02:00</sln:miejscIIPWersja><sln:miejscIdTeryt>0939349</sln:miejscIdTeryt><sln:miejscNazwa>Czeladź</sln:miejscNazwa><sln:miejscRodzaj>Miasto</sln:miejscRodzaj><sln:powIIPId>3078fc9c-2cea-4585-b5af-ec191fa783e2</sln:powIIPId><sln:powIIPPn>PL.PZGIK.200</sln:powIIPPn><sln:powIIPWersja>2012-09-27T09:34:20+02:00</sln:powIIPWersja><sln:powIdTeryt>2401</sln:powIdTeryt><sln:powNazwa>będziński</sln:powNazwa><sln:waznyOd>2014-11-25T00:00:00+01:00</sln:waznyOd><sln:wojIIPId>98a63fe6-1e56-4d05-9c47-ab4233f8a6ff</sln:wojIIPId><sln:wojIIPPn>PL.PZGIK.200</sln:wojIIPPn><sln:wojIIPWersja>2017-10-10T00:00:00+02:00</sln:wojIIPWersja><sln:wojIdTeryt>24</sln:wojIdTeryt><sln:wojNazwa>śląskie</sln:wojNazwa></sln:miejscowosc><sln:miejscowosc><sln:cyklZyciaOd>2017-11-13T00:00:00+01:00</sln:cyklZyciaOd><sln:gmIIPId>42c02e6c-c005-49d2-9b7d-b9e99a3ead79</sln:gmIIPId><sln:gmIIPPn>PL.PZGIK.200</sln:gmIIPPn><sln:gmIIPWersja>2012-09-26T22:28:07+02:00</sln:gmIIPWersja><sln:gmIdTeryt>2401021</sln:gmIdTeryt><sln:gmNazwa>Czeladź</sln:gmNazwa><sln:miejscIIPId>cafcb9a6-f013-4566-8bab-7b98833e8ae3</sln:miejscIIPId><sln:miejscIIPPn>PL.PZGIK.200</sln:miejscIIPPn><sln:miejscIIPWersja>2017-11-13T10:08:01+02:00</sln:miejscIIPWersja><sln:miejscIdTeryt>0939349</sln:miejscIdTeryt><sln:miejscNazwa>Czeladź</sln:miejscNazwa><sln:miejscRodzaj>Miasto</sln:miejscRodzaj><sln:powIIPId>3078fc9c-2cea-4585-b5af-ec191fa783e2</sln:powIIPId><sln:powIIPPn>PL.PZGIK.200</sln:powIIPPn><sln:powIIPWersja>2012-09-27T09:34:20+02:00</sln:powIIPWersja><sln:powIdTeryt>2401</sln:powIdTeryt><sln:powNazwa>będziński</sln:powNazwa><sln:wojIIPId>98a63fe6-1e56-4d05-9c47-ab4233f8a6ff</sln:wojIIPId><sln:wojIIPPn>PL.PZGIK.200</sln:wojIIPPn><sln:wojIIPWersja>2017-10-10T00:00:00+02:00</sln:wojIIPWersja><sln:wojIdTeryt>24</sln:wojIdTeryt><sln:wojNazwa>śląskie</sln:wojNazwa></sln:miejscowosc><sln:miejscowosc><sln:cyklZyciaOd>2017-11-13T00:00:00+01:00</sln:cyklZyciaOd><sln:gmIIPId>42c02e6c-c005-49d2-9b7d-b9e99a3ead79</sln:gmIIPId><sln:gmIIPPn>PL.PZGIK.200</sln:gmIIPPn><sln:gmIIPWersja>2012-09-26T22:28:07+02:00</sln:gmIIPWersja><sln:gmIdTeryt>2401021</sln:gmIdTeryt><sln:gmNazwa>Czeladź</sln:gmNazwa><sln:miejscIIPId>5d031e7c-9bf5-4a06-9200-de0fbfaec538</sln:miejscIIPId><sln:miejscIIPPn>PL.PZGIK.200</sln:miejscIIPPn><sln:miejscIIPWersja>2017-11-13T10:08:06+02:00</sln:miejscIIPWersja><sln:miejscIdTeryt>0939355</sln:miejscIdTeryt><sln:miejscNIIPId>cafcb9a6-f013-4566-8bab-7b98833e8ae3</sln:miejscNIIPId><sln:miejscNIIPPn>PL.PZGIK.200</sln:miejscNIIPPn><sln:miejscNIIPWersja>2017-11-13T10:08:01+02:00</sln:miejscNIIPWersja><sln:miejscNIdTeryt>0939349</sln:miejscNIdTeryt><sln:miejscNNazwa>Czeladź</sln:miejscNNazwa><sln:miejscNRodzaj>Miasto</sln:miejscNRodzaj><sln:miejscNazwa>Brazylia</sln:miejscNazwa><sln:miejscRodzaj>Inny obiekt</sln:miejscRodzaj><sln:powIIPId>3078fc9c-2cea-4585-b5af-ec191fa783e2</sln:powIIPId><sln:powIIPPn>PL.PZGIK.200</sln:powIIPPn><sln:powIIPWersja>2012-09-27T09:34:20+02:00</sln:powIIPWersja><sln:powIdTeryt>2401</sln:powIdTeryt><sln:powNazwa>będziński</sln:powNazwa><sln:wojIIPId>98a63fe6-1e56-4d05-9c47-ab4233f8a6ff</sln:wojIIPId><sln:wojIIPPn>PL.PZGIK.200</sln:wojIIPPn><sln:wojIIPWersja>2017-10-10T00:00:00+02:00</sln:wojIIPWersja><sln:wojIdTeryt>24</sln:wojIdTeryt><sln:wojNazwa>śląskie</sln:wojNazwa></sln:miejscowosc><sln:miejscowosc><sln:cyklZyciaOd>2017-11-13T00:00:00+01:00</sln:cyklZyciaOd><sln:gmIIPId>42c02e6c-c005-49d2-9b7d-b9e99a3ead79</sln:gmIIPId><sln:gmIIPPn>PL.PZGIK.200</sln:gmIIPPn><sln:gmIIPWersja>2012-09-26T22:28:07+02:00</sln:gmIIPWersja><sln:gmIdTeryt>2401021</sln:gmIdTeryt><sln:gmNazwa>Czeladź</sln:gmNazwa><sln:miejscIIPId>c67e1958-119f-439e-9270-7ac50b30cbf1</sln:miejscIIPId><sln:miejscIIPPn>PL.PZGIK.200</sln:miejscIIPPn><sln:miejscIIPWersja>2017-11-13T10:08:06+02:00</sln:miejscIIPWersja><sln:miejscIdTeryt>0939361</sln:miejscIdTeryt><sln:miejscNIIPId>cafcb9a6-f013-4566-8bab-7b98833e8ae3</sln:miejscNIIPId><sln:miejscNIIPPn>PL.PZGIK.200</sln:miejscNIIPPn><sln:miejscNIIPWersja>2017-11-13T10:08:01+02:00</sln:miejscNIIPWersja><sln:miejscNIdTeryt>0939349</sln:miejscNIdTeryt><sln:miejscNNazwa>Czeladź</sln:miejscNNazwa><sln:miejscNRodzaj>Miasto</sln:miejscNRodzaj><sln:miejscNazwa>Kolonia Małobądz</sln:miejscNazwa><sln:miejscRodzaj>Inny obiekt</sln:miejscRodzaj><sln:powIIPId>3078fc9c-2cea-4585-b5af-ec191fa783e2</sln:powIIPId><sln:powIIPPn>PL.PZGIK.200</sln:powIIPPn><sln:powIIPWersja>2012-09-27T09:34:20+02:00</sln:powIIPWersja><sln:powIdTeryt>2401</sln:powIdTeryt><sln:powNazwa>będziński</sln:powNazwa><sln:wojIIPId>98a63fe6-1e56-4d05-9c47-ab4233f8a6ff</sln:wojIIPId><sln:wojIIPPn>PL.PZGIK.200</sln:wojIIPPn><sln:wojIIPWersja>2017-10-10T00:00:00+02:00</sln:wojIIPWersja><sln:wojIdTeryt>24</sln:wojIdTeryt><sln:wojNazwa>śląskie</sln:wojNazwa></sln:miejscowosc><sln:miejscowosc><sln:cyklZyciaOd>2017-11-13T00:00:00+01:00</sln:cyklZyciaOd><sln:gmIIPId>42c02e6c-c005-49d2-9b7d-b9e99a3ead79</sln:gmIIPId><sln:gmIIPPn>PL.PZGIK.200</sln:gmIIPPn><sln:gmIIPWersja>2012-09-26T22:28:07+02:00</sln:gmIIPWersja><sln:gmIdTeryt>2401021</sln:gmIdTeryt><sln:gmNazwa>Czeladź</sln:gmNazwa><sln:miejscIIPId>9196fb6a-55c2-4832-b8cc-69b39811f70c</sln:miejscIIPId><sln:miejscIIPPn>PL.PZGIK.200</sln:miejscIIPPn><sln:miejscIIPWersja>2017-11-13T10:08:06+02:00</sln:miejscIIPWersja><sln:miejscIdTeryt>0939378</sln:miejscIdTeryt><sln:miejscNIIPId>cafcb9a6-f013-4566-8bab-7b98833e8ae3</sln:miejscNIIPId><sln:miejscNIIPPn>PL.PZGIK.200</sln:miejscNIIPPn><sln:miejscNIIPWersja>2017-11-13T10:08:01+02:00</sln:miejscNIIPWersja><sln:miejscNIdTeryt>0939349</sln:miejscNIdTeryt><sln:miejscNNazwa>Czeladź</sln:miejscNNazwa><sln:miejscNRodzaj>Miasto</sln:miejscNRodzaj><sln:miejscNazwa>Kolonia Rożka</sln:miejscNazwa><sln:miejscRodzaj>Inny obiekt</sln:miejscRodzaj><sln:powIIPId>3078fc9c-2cea-4585-b5af-ec191fa783e2</sln:powIIPId><sln:powIIPPn>PL.PZGIK.200</sln:powIIPPn><sln:powIIPWersja>2012-09-27T09:34:20+02:00</sln:powIIPWersja><sln:powIdTeryt>2401</sln:powIdTeryt><sln:powNazwa>będziński</sln:powNazwa><sln:wojIIPId>98a63fe6-1e56-4d05-9c47-ab4233f8a6ff</sln:wojIIPId><sln:wojIIPPn>PL.PZGIK.200</sln:wojIIPPn><sln:wojIIPWersja>2017-10-10T00:00:00+02:00</sln:wojIIPWersja><sln:wojIdTeryt>24</sln:wojIdTeryt><sln:wojNazwa>śląskie</sln:wojNazwa></sln:miejscowosc><sln:miejscowosc><sln:cyklZyciaOd>2017-11-13T00:00:00+01:00</sln:cyklZyciaOd><sln:gmIIPId>42c02e6c-c005-49d2-9b7d-b9e99a3ead79</sln:gmIIPId><sln:gmIIPPn>PL.PZGIK.200</sln:gmIIPPn><sln:gmIIPWersja>2012-09-26T22:28:07+02:00</sln:gmIIPWersja><sln:gmIdTeryt>2401021</sln:gmIdTeryt><sln:gmNazwa>Czeladź</sln:gmNazwa><sln:miejscIIPId>a06698bb-eb59-4641-a6ef-275ab9fc054e</sln:miejscIIPId><sln:miejscIIPPn>PL.PZGIK.200</sln:miejscIIPPn><sln:miejscIIPWersja>2017-11-13T10:08:06+02:00</sln:miejscIIPWersja><sln:miejscIdTeryt>0939384</sln:miejscIdTeryt><sln:miejscNIIPId>cafcb9a6-f013-4566-8bab-7b98833e8ae3</sln:miejscNIIPId><sln:miejscNIIPPn>PL.PZGIK.200</sln:miejscNIIPPn><sln:miejscNIIPWersja>2017-11-13T10:08:01+02:00</sln:miejscNIIPWersja><sln:miejscNIdTeryt>0939349</sln:miejscNIdTeryt><sln:miejscNNazwa>Czeladź</sln:miejscNNazwa><sln:miejscNRodzaj>Miasto</sln:miejscNRodzaj><sln:miejscNazwa>Madera</sln:miejscNazwa><sln:miejscRodzaj>Inny obiekt</sln:miejscRodzaj><sln:powIIPId>3078fc9c-2cea-4585-b5af-ec191fa783e2</sln:powIIPId><sln:powIIPPn>PL.PZGIK.200</sln:powIIPPn><sln:powIIPWersja>2012-09-27T09:34:20+02:00</sln:powIIPWersja><sln:powIdTeryt>2401</sln:powIdTeryt><sln:powNazwa>będziński</sln:powNazwa><sln:wojIIPId>98a63fe6-1e56-4d05-9c47-ab4233f8a6ff</sln:wojIIPId><sln:wojIIPPn>PL.PZGIK.200</sln:wojIIPPn><sln:wojIIPWersja>2017-10-10T00:00:00+02:00</sln:wojIIPWersja><sln:wojIdTeryt>24</sln:wojIdTeryt><sln:wojNazwa>śląskie</sln:wojNazwa></sln:miejscowosc><sln:miejscowosc><sln:cyklZyciaOd>2017-11-13T00:00:00+01:00</sln:cyklZyciaOd><sln:gmIIPId>42c02e6c-c005-49d2-9b7d-b9e99a3ead79</sln:gmIIPId><sln:gmIIPPn>PL.PZGIK.200</sln:gmIIPPn><sln:gmIIPWersja>2012-09-26T22:28:07+02:00</sln:gmIIPWersja><sln:gmIdTeryt>2401021</sln:gmIdTeryt><sln:gmNazwa>Czeladź</sln:gmNazwa><sln:miejscIIPId>dce2bb75-6d6f-4764-9ec0-9cee8382a62d</sln:miejscIIPId><sln:miejscIIPPn>PL.PZGIK.200</sln:miejscIIPPn><sln:miejscIIPWersja>2017-11-13T10:08:06+02:00</sln:miejscIIPWersja><sln:miejscIdTeryt>0939390</sln:miejscIdTeryt><sln:miejscNIIPId>cafcb9a6-f013-4566-8bab-7b98833e8ae3</sln:miejscNIIPId><sln:miejscNIIPPn>PL.PZGIK.200</sln:miejscNIIPPn><sln:miejscNIIPWersja>2017-11-13T10:08:01+02:00</sln:miejscNIIPWersja><sln:miejscNIdTeryt>0939349</sln:miejscNIdTeryt><sln:miejscNNazwa>Czeladź</sln:miejscNNazwa><sln:miejscNRodzaj>Miasto</sln:miejscNRodzaj><sln:miejscNazwa>Piaski</sln:miejscNazwa><sln:miejscRodzaj>Inny obiekt</sln:miejscRodzaj><sln:powIIPId>3078fc9c-2cea-4585-b5af-ec191fa783e2</sln:powIIPId><sln:powIIPPn>PL.PZGIK.200</sln:powIIPPn><sln:powIIPWersja>2012-09-27T09:34:20+02:00</sln:powIIPWersja><sln:powIdTeryt>2401</sln:powIdTeryt><sln:powNazwa>będziński</sln:powNazwa><sln:wojIIPId>98a63fe6-1e56-4d05-9c47-ab4233f8a6ff</sln:wojIIPId><sln:wojIIPPn>PL.PZGIK.200</sln:wojIIPPn><sln:wojIIPWersja>2017-10-10T00:00:00+02:00</sln:wojIIPWersja><sln:wojIdTeryt>24</sln:wojIdTeryt><sln:wojNazwa>śląskie</sln:wojNazwa></sln:miejscowosc></sln:lista-miejscowosci>