<?xml version="1.0" encoding="UTF-8" standalone="yes"?><sln:lista-miejscowosci xmlns:srv="http://gugik.gov.pl/schemas/slowniki-service/1.0" xmlns:sln="http://gugik.gov.pl/schemas/slowniki-schema/1.0"><sln:miejscowosc><sln:cyklZyciaDo>2017-04-18T00:00:00+02:00</sln:cyklZyciaDo><sln:cyklZyciaOd>2016-05-20T00:00:00+02:00</sln:cyklZyciaOd><sln:gmIIPId>fad94f69-41ae-4941-9e6b-f1a1c932f853</sln:gmIIPId><sln:gmIIPPn>PL.PZGIK.200</sln:gmIIPPn><sln:gmIIPWersja>2012-09-26T22:26:02+02:00</sln:gmIIPWersja><sln:gmIdTeryt>2410022</sln:gmIdTeryt><sln:gmNazwa>Kobiór</sln:gmNazwa><sln:miejscIIPId>28a0a6f3-8afd-41ca-a872-61058e689cce</sln:miejscIIPId><sln:miejscIIPPn>PL.PZGIK.200</sln:miejscIIPPn><sln:miejscIIPWersja>2016-11-24T09:46:59+02:00</sln:miejscIIPWersja><sln:miejscIdTeryt>0215321</sln:miejscIdTeryt><sln:miejscNazwa>Kobiór</sln:miejscNazwa><sln:miejscRodzaj>Wieś</sln:miejscRodzaj><sln:powIIPId>d9c414e5-ae38-4073-83e4-9e3cfb5add82</sln:powIIPId><sln:powIIPPn>PL.PZGIK.200</sln:powIIPPn><sln:powIIPWersja>2012-09-27T09:34:20+02:00</sln:powIIPWersja><sln:powIdTeryt>2410</sln:powIdTeryt><sln:powNazwa>pszczyński</sln:powNazwa><sln:waznyOd>2016-04-19T00:00:00+02:00</sln:waznyOd><sln:wojIIPId>98a63fe6-1e56-4d05-9c47-ab4233f8a6ff</sln:wojIIPId><sln:wojIIPPn>PL.PZGIK.200</sln:wojIIPPn><sln:wojIIPWersja>2017-10-10T00:00:00+02:00</sln:wojIIPWersja><sln:wojIdTeryt>24</sln:wojIdTeryt><sln:wojNazwa>śląskie</sln:wojNazwa></sln:miejscowosc><sln:miejscowosc><sln:cyklZyciaOd>2017-04-18T00:00:00+02:00</sln:cyklZyciaOd><sln:gmIIPId>fad94f69-41ae-4941-9e6b-f1a1c932f853</sln:gmIIPId><sln:gmIIPPn>PL.PZGIK.200</sln:gmIIPPn><sln:gmIIPWersja>2012-09-26T22:26:02+02:00</sln:gmIIPWersja><sln:gmIdTeryt>2410022</sln:gmIdTeryt><sln:gmNazwa>Kobiór</sln:gmNazwa><sln:miejscIIPId>28a0a6f3-8afd-41ca-a872-61058e689cce</sln:miejscIIPId><sln:miejscIIPPn>PL.PZGIK.200</sln:miejscIIPPn><sln:miejscIIPWersja>2017-04-18T16:04:01+02:00</sln:miejscIIPWersja><sln:miejscIdTeryt>0215321</sln:miejscIdTeryt><sln:miejscNazwa>Kobiór</sln:miejscNazwa><sln:miejscRodzaj>Wieś</sln:miejscRodzaj><sln:powIIPId>d9c414e5-ae38-4073-83e4-9e3cfb5add82</sln:powIIPId><sln:powIIPPn>PL.PZGIK.200</sln:powIIPPn><sln:powIIPWersja>2012-09-27T09:34:20+02:00</sln:powIIPWersja><sln:powIdTeryt>2410</sln:powIdTeryt><sln:powNazwa>pszczyński</sln:powNazwa><sln:waznyOd>2016-04-19T00:00:00+02:00</sln:waznyOd><sln:wojIIPId>98a63fe6-1e56-4d05-9c47-ab4233f8a6ff</sln:wojIIPId><sln:wojIIPPn>PL.PZGIK.200</sln:wojIIPPn><sln:wojIIPWersja>2017-10-10T00:00:00+02:00</sln:wojIIPWersja><sln:wojIdTeryt>24</sln:wojIdTeryt><sln:wojNazwa>śląskie</sln:wojNazwa></sln:miejscowosc></sln:lista-miejscowosci>