<?xml version="1.0" encoding="UTF-8" standalone="yes"?><sln:lista-miejscowosci xmlns:srv="http://gugik.gov.pl/schemas/slowniki-service/1.0" xmlns:sln="http://gugik.gov.pl/schemas/slowniki-schema/1.0"><sln:miejscowosc><sln:cyklZyciaOd>2014-12-02T00:00:00+01:00</sln:cyklZyciaOd><sln:gmIIPId>737a6e96-da55-4d47-aa6e-9845a0c113b2</sln:gmIIPId><sln:gmIIPPn>PL.PZGIK.200</sln:gmIIPPn><sln:gmIIPWersja>2012-09-26T22:26:23+02:00</sln:gmIIPWersja><sln:gmIdTeryt>2414042</sln:gmIdTeryt><sln:gmNazwa>Bojszowy</sln:gmNazwa><sln:miejscIIPId>70c96a14-ff8f-4d2f-af01-dfb0a104a41d</sln:miejscIIPId><sln:miejscIIPPn>PL.PZGIK.200</sln:miejscIIPPn><sln:miejscIIPWersja>2016-11-24T13:42:07+02:00</sln:miejscIIPWersja><sln:miejscIdTeryt>0212707</sln:miejscIdTeryt><sln:miejscNazwa>Bojszowy</sln:miejscNazwa><sln:miejscRodzaj>Wieś</sln:miejscRodzaj><sln:powIIPId>596dc935-5d17-4a9d-82d5-85d2d3890126</sln:powIIPId><sln:powIIPPn>PL.PZGIK.200</sln:powIIPPn><sln:powIIPWersja>2012-09-27T09:34:20+02:00</sln:powIIPWersja><sln:powIdTeryt>2414</sln:powIdTeryt><sln:powNazwa>bieruńsko-lędziński</sln:powNazwa><sln:wojIIPId>98a63fe6-1e56-4d05-9c47-ab4233f8a6ff</sln:wojIIPId><sln:wojIIPPn>PL.PZGIK.200</sln:wojIIPPn><sln:wojIIPWersja>2017-10-10T00:00:00+02:00</sln:wojIIPWersja><sln:wojIdTeryt>24</sln:wojIdTeryt><sln:wojNazwa>śląskie</sln:wojNazwa></sln:miejscowosc><sln:miejscowosc><sln:cyklZyciaOd>2014-12-02T00:00:00+01:00</sln:cyklZyciaOd><sln:gmIIPId>737a6e96-da55-4d47-aa6e-9845a0c113b2</sln:gmIIPId><sln:gmIIPPn>PL.PZGIK.200</sln:gmIIPPn><sln:gmIIPWersja>2012-09-26T22:26:23+02:00</sln:gmIIPWersja><sln:gmIdTeryt>2414042</sln:gmIdTeryt><sln:gmNazwa>Bojszowy</sln:gmNazwa><sln:miejscIIPId>76c55be6-ec62-44ed-9d8e-51f4220377b9</sln:miejscIIPId><sln:miejscIIPPn>PL.PZGIK.200</sln:miejscIIPPn><sln:miejscIIPWersja>2016-11-24T13:32:08+02:00</sln:miejscIIPWersja><sln:miejscIdTeryt>0212736</sln:miejscIdTeryt><sln:miejscNazwa>Świerczyniec</sln:miejscNazwa><sln:miejscRodzaj>Wieś</sln:miejscRodzaj><sln:powIIPId>596dc935-5d17-4a9d-82d5-85d2d3890126</sln:powIIPId><sln:powIIPPn>PL.PZGIK.200</sln:powIIPPn><sln:powIIPWersja>2012-09-27T09:34:20+02:00</sln:powIIPWersja><sln:powIdTeryt>2414</sln:powIdTeryt><sln:powNazwa>bieruńsko-lędziński</sln:powNazwa><sln:wojIIPId>98a63fe6-1e56-4d05-9c47-ab4233f8a6ff</sln:wojIIPId><sln:wojIIPPn>PL.PZGIK.200</sln:wojIIPPn><sln:wojIIPWersja>2017-10-10T00:00:00+02:00</sln:wojIIPWersja><sln:wojIdTeryt>24</sln:wojIdTeryt><sln:wojNazwa>śląskie</sln:wojNazwa></sln:miejscowosc><sln:miejscowosc><sln:cyklZyciaOd>2014-12-02T00:00:00+01:00</sln:cyklZyciaOd><sln:gmIIPId>737a6e96-da55-4d47-aa6e-9845a0c113b2</sln:gmIIPId><sln:gmIIPPn>PL.PZGIK.200</sln:gmIIPPn><sln:gmIIPWersja>2012-09-26T22:26:23+02:00</sln:gmIIPWersja><sln:gmIdTeryt>2414042</sln:gmIdTeryt><sln:gmNazwa>Bojszowy</sln:gmNazwa><sln:miejscIIPId>54843099-4d94-4881-a842-1c17c170a562</sln:miejscIIPId><sln:miejscIIPPn>PL.PZGIK.200</sln:miejscIIPPn><sln:miejscIIPWersja>2016-11-24T13:42:16+02:00</sln:miejscIIPWersja><sln:miejscIdTeryt>0212720</sln:miejscIdTeryt><sln:miejscNazwa>Międzyrzecze</sln:miejscNazwa><sln:miejscRodzaj>Wieś</sln:miejscRodzaj><sln:powIIPId>596dc935-5d17-4a9d-82d5-85d2d3890126</sln:powIIPId><sln:powIIPPn>PL.PZGIK.200</sln:powIIPPn><sln:powIIPWersja>2012-09-27T09:34:20+02:00</sln:powIIPWersja><sln:powIdTeryt>2414</sln:powIdTeryt><sln:powNazwa>bieruńsko-lędziński</sln:powNazwa><sln:wojIIPId>98a63fe6-1e56-4d05-9c47-ab4233f8a6ff</sln:wojIIPId><sln:wojIIPPn>PL.PZGIK.200</sln:wojIIPPn><sln:wojIIPWersja>2017-10-10T00:00:00+02:00</sln:wojIIPWersja><sln:wojIdTeryt>24</sln:wojIdTeryt><sln:wojNazwa>śląskie</sln:wojNazwa></sln:miejscowosc><sln:miejscowosc><sln:cyklZyciaOd>2014-12-02T00:00:00+01:00</sln:cyklZyciaOd><sln:gmIIPId>737a6e96-da55-4d47-aa6e-9845a0c113b2</sln:gmIIPId><sln:gmIIPPn>PL.PZGIK.200</sln:gmIIPPn><sln:gmIIPWersja>2012-09-26T22:26:23+02:00</sln:gmIIPWersja><sln:gmIdTeryt>2414042</sln:gmIdTeryt><sln:gmNazwa>Bojszowy</sln:gmNazwa><sln:miejscIIPId>360d72af-e310-48a5-97e6-71eae28c8f9e</sln:miejscIIPId><sln:miejscIIPPn>PL.PZGIK.200</sln:miejscIIPPn><sln:miejscIIPWersja>2016-11-24T13:43:16+02:00</sln:miejscIIPWersja><sln:miejscIdTeryt>0212713</sln:miejscIdTeryt><sln:miejscNazwa>Nowe Bojszowy</sln:miejscNazwa><sln:miejscRodzaj>Wieś</sln:miejscRodzaj><sln:powIIPId>596dc935-5d17-4a9d-82d5-85d2d3890126</sln:powIIPId><sln:powIIPPn>PL.PZGIK.200</sln:powIIPPn><sln:powIIPWersja>2012-09-27T09:34:20+02:00</sln:powIIPWersja><sln:powIdTeryt>2414</sln:powIdTeryt><sln:powNazwa>bieruńsko-lędziński</sln:powNazwa><sln:wojIIPId>98a63fe6-1e56-4d05-9c47-ab4233f8a6ff</sln:wojIIPId><sln:wojIIPPn>PL.PZGIK.200</sln:wojIIPPn><sln:wojIIPWersja>2017-10-10T00:00:00+02:00</sln:wojIIPWersja><sln:wojIdTeryt>24</sln:wojIdTeryt><sln:wojNazwa>śląskie</sln:wojNazwa></sln:miejscowosc><sln:miejscowosc><sln:cyklZyciaOd>2014-12-02T00:00:00+01:00</sln:cyklZyciaOd><sln:gmIIPId>737a6e96-da55-4d47-aa6e-9845a0c113b2</sln:gmIIPId><sln:gmIIPPn>PL.PZGIK.200</sln:gmIIPPn><sln:gmIIPWersja>2012-09-26T22:26:23+02:00</sln:gmIIPWersja><sln:gmIdTeryt>2414042</sln:gmIdTeryt><sln:gmNazwa>Bojszowy</sln:gmNazwa><sln:miejscIIPId>e772ddaa-db68-44f2-9fdd-dfd226abef11</sln:miejscIIPId><sln:miejscIIPPn>PL.PZGIK.200</sln:miejscIIPPn><sln:miejscIIPWersja>2016-11-24T13:38:40+02:00</sln:miejscIIPWersja><sln:miejscIdTeryt>0212742</sln:miejscIdTeryt><sln:miejscNazwa>Jedlina</sln:miejscNazwa><sln:miejscRodzaj>Wieś</sln:miejscRodzaj><sln:powIIPId>596dc935-5d17-4a9d-82d5-85d2d3890126</sln:powIIPId><sln:powIIPPn>PL.PZGIK.200</sln:powIIPPn><sln:powIIPWersja>2012-09-27T09:34:20+02:00</sln:powIIPWersja><sln:powIdTeryt>2414</sln:powIdTeryt><sln:powNazwa>bieruńsko-lędziński</sln:powNazwa><sln:wojIIPId>98a63fe6-1e56-4d05-9c47-ab4233f8a6ff</sln:wojIIPId><sln:wojIIPPn>PL.PZGIK.200</sln:wojIIPPn><sln:wojIIPWersja>2017-10-10T00:00:00+02:00</sln:wojIIPWersja><sln:wojIdTeryt>24</sln:wojIdTeryt><sln:wojNazwa>śląskie</sln:wojNazwa></sln:miejscowosc></sln:lista-miejscowosci>