<?xml version="1.0" encoding="UTF-8" standalone="yes"?><sln:lista-miejscowosci xmlns:srv="http://gugik.gov.pl/schemas/slowniki-service/1.0" xmlns:sln="http://gugik.gov.pl/schemas/slowniki-schema/1.0"><sln:miejscowosc><sln:cyklZyciaDo>2017-04-18T00:00:00+02:00</sln:cyklZyciaDo><sln:cyklZyciaOd>2016-01-26T00:00:00+01:00</sln:cyklZyciaOd><sln:gmIIPId>4ffa0e90-31ad-4ef0-bda2-cafd3b0a9b64</sln:gmIIPId><sln:gmIIPPn>PL.PZGIK.200</sln:gmIIPPn><sln:gmIIPWersja>2012-09-26T22:26:26+02:00</sln:gmIIPWersja><sln:gmIdTeryt>2415082</sln:gmIdTeryt><sln:gmNazwa>Marklowice</sln:gmNazwa><sln:miejscIIPId>c260cdaf-b32d-4b3f-93af-72bea4c27c68</sln:miejscIIPId><sln:miejscIIPPn>PL.PZGIK.200</sln:miejscIIPPn><sln:miejscIIPWersja>2016-11-24T13:19:23+02:00</sln:miejscIIPWersja><sln:miejscIdTeryt>0988916</sln:miejscIdTeryt><sln:miejscNazwa>Marklowice</sln:miejscNazwa><sln:miejscRodzaj>Wieś</sln:miejscRodzaj><sln:powIIPId>45733634-43de-469a-8481-a533d0560b32</sln:powIIPId><sln:powIIPPn>PL.PZGIK.200</sln:powIIPPn><sln:powIIPWersja>2017-10-10T00:00:00+02:00</sln:powIIPWersja><sln:powIdTeryt>2415</sln:powIdTeryt><sln:powNazwa>wodzisławski</sln:powNazwa><sln:waznyOd>2013-10-02T00:00:00+02:00</sln:waznyOd><sln:wojIIPId>98a63fe6-1e56-4d05-9c47-ab4233f8a6ff</sln:wojIIPId><sln:wojIIPPn>PL.PZGIK.200</sln:wojIIPPn><sln:wojIIPWersja>2017-10-10T00:00:00+02:00</sln:wojIIPWersja><sln:wojIdTeryt>24</sln:wojIdTeryt><sln:wojNazwa>śląskie</sln:wojNazwa></sln:miejscowosc><sln:miejscowosc><sln:cyklZyciaOd>2017-04-18T00:00:00+02:00</sln:cyklZyciaOd><sln:gmIIPId>4ffa0e90-31ad-4ef0-bda2-cafd3b0a9b64</sln:gmIIPId><sln:gmIIPPn>PL.PZGIK.200</sln:gmIIPPn><sln:gmIIPWersja>2012-09-26T22:26:26+02:00</sln:gmIIPWersja><sln:gmIdTeryt>2415082</sln:gmIdTeryt><sln:gmNazwa>Marklowice</sln:gmNazwa><sln:miejscIIPId>c260cdaf-b32d-4b3f-93af-72bea4c27c68</sln:miejscIIPId><sln:miejscIIPPn>PL.PZGIK.200</sln:miejscIIPPn><sln:miejscIIPWersja>2017-04-18T15:54:34+02:00</sln:miejscIIPWersja><sln:miejscIdTeryt>0988916</sln:miejscIdTeryt><sln:miejscNazwa>Marklowice</sln:miejscNazwa><sln:miejscRodzaj>Wieś</sln:miejscRodzaj><sln:powIIPId>45733634-43de-469a-8481-a533d0560b32</sln:powIIPId><sln:powIIPPn>PL.PZGIK.200</sln:powIIPPn><sln:powIIPWersja>2017-10-10T00:00:00+02:00</sln:powIIPWersja><sln:powIdTeryt>2415</sln:powIdTeryt><sln:powNazwa>wodzisławski</sln:powNazwa><sln:waznyOd>2013-10-02T00:00:00+02:00</sln:waznyOd><sln:wojIIPId>98a63fe6-1e56-4d05-9c47-ab4233f8a6ff</sln:wojIIPId><sln:wojIIPPn>PL.PZGIK.200</sln:wojIIPPn><sln:wojIIPWersja>2017-10-10T00:00:00+02:00</sln:wojIIPWersja><sln:wojIdTeryt>24</sln:wojIdTeryt><sln:wojNazwa>śląskie</sln:wojNazwa></sln:miejscowosc></sln:lista-miejscowosci>