<?xml version="1.0" encoding="UTF-8" standalone="yes"?><sln:lista-miejscowosci xmlns:srv="http://gugik.gov.pl/schemas/slowniki-service/1.0" xmlns:sln="http://gugik.gov.pl/schemas/slowniki-schema/1.0"><sln:miejscowosc><sln:cyklZyciaOd>2014-12-04T00:00:00+01:00</sln:cyklZyciaOd><sln:gmIIPId>45f8038c-cfad-42c4-80d8-92215f105d2a</sln:gmIIPId><sln:gmIIPPn>PL.PZGIK.200</sln:gmIIPPn><sln:gmIIPWersja>2012-09-26T22:26:18+02:00</sln:gmIIPWersja><sln:gmIdTeryt>2413082</sln:gmIdTeryt><sln:gmNazwa>Tworóg</sln:gmNazwa><sln:miejscIIPId>6c1cdb20-586d-45d6-81d2-5809dd4f2e00</sln:miejscIIPId><sln:miejscIIPPn>PL.PZGIK.200</sln:miejscIIPPn><sln:miejscIIPWersja>2016-11-24T13:32:39+02:00</sln:miejscIIPWersja><sln:miejscIdTeryt>0223390</sln:miejscIdTeryt><sln:miejscNazwa>Tworóg</sln:miejscNazwa><sln:miejscRodzaj>Wieś</sln:miejscRodzaj><sln:powIIPId>31d4fa5d-0690-4186-aada-f748386693b2</sln:powIIPId><sln:powIIPPn>PL.PZGIK.200</sln:powIIPPn><sln:powIIPWersja>2012-09-27T09:34:20+02:00</sln:powIIPWersja><sln:powIdTeryt>2413</sln:powIdTeryt><sln:powNazwa>tarnogórski</sln:powNazwa><sln:wojIIPId>98a63fe6-1e56-4d05-9c47-ab4233f8a6ff</sln:wojIIPId><sln:wojIIPPn>PL.PZGIK.200</sln:wojIIPPn><sln:wojIIPWersja>2017-10-10T00:00:00+02:00</sln:wojIIPWersja><sln:wojIdTeryt>24</sln:wojIdTeryt><sln:wojNazwa>śląskie</sln:wojNazwa></sln:miejscowosc><sln:miejscowosc><sln:cyklZyciaOd>2014-12-04T00:00:00+01:00</sln:cyklZyciaOd><sln:gmIIPId>45f8038c-cfad-42c4-80d8-92215f105d2a</sln:gmIIPId><sln:gmIIPPn>PL.PZGIK.200</sln:gmIIPPn><sln:gmIIPWersja>2012-09-26T22:26:18+02:00</sln:gmIIPWersja><sln:gmIdTeryt>2413082</sln:gmIdTeryt><sln:gmNazwa>Tworóg</sln:gmNazwa><sln:miejscIIPId>27d5a483-83c2-403e-8245-197f111de4fe</sln:miejscIIPId><sln:miejscIIPPn>PL.PZGIK.200</sln:miejscIIPPn><sln:miejscIIPWersja>2016-11-24T13:33:29+02:00</sln:miejscIIPWersja><sln:miejscIdTeryt>0223409</sln:miejscIdTeryt><sln:miejscNazwa>Wojska</sln:miejscNazwa><sln:miejscRodzaj>Wieś</sln:miejscRodzaj><sln:powIIPId>31d4fa5d-0690-4186-aada-f748386693b2</sln:powIIPId><sln:powIIPPn>PL.PZGIK.200</sln:powIIPPn><sln:powIIPWersja>2012-09-27T09:34:20+02:00</sln:powIIPWersja><sln:powIdTeryt>2413</sln:powIdTeryt><sln:powNazwa>tarnogórski</sln:powNazwa><sln:wojIIPId>98a63fe6-1e56-4d05-9c47-ab4233f8a6ff</sln:wojIIPId><sln:wojIIPPn>PL.PZGIK.200</sln:wojIIPPn><sln:wojIIPWersja>2017-10-10T00:00:00+02:00</sln:wojIIPWersja><sln:wojIdTeryt>24</sln:wojIdTeryt><sln:wojNazwa>śląskie</sln:wojNazwa></sln:miejscowosc><sln:miejscowosc><sln:cyklZyciaOd>2014-12-04T00:00:00+01:00</sln:cyklZyciaOd><sln:gmIIPId>45f8038c-cfad-42c4-80d8-92215f105d2a</sln:gmIIPId><sln:gmIIPPn>PL.PZGIK.200</sln:gmIIPPn><sln:gmIIPWersja>2012-09-26T22:26:18+02:00</sln:gmIIPWersja><sln:gmIdTeryt>2413082</sln:gmIdTeryt><sln:gmNazwa>Tworóg</sln:gmNazwa><sln:miejscIIPId>b64d840f-d066-4968-813a-b33adcb00b86</sln:miejscIIPId><sln:miejscIIPPn>PL.PZGIK.200</sln:miejscIIPPn><sln:miejscIIPWersja>2016-11-24T13:43:58+02:00</sln:miejscIIPWersja><sln:miejscIdTeryt>0223243</sln:miejscIdTeryt><sln:miejscNazwa>Boruszowice</sln:miejscNazwa><sln:miejscRodzaj>Wieś</sln:miejscRodzaj><sln:powIIPId>31d4fa5d-0690-4186-aada-f748386693b2</sln:powIIPId><sln:powIIPPn>PL.PZGIK.200</sln:powIIPPn><sln:powIIPWersja>2012-09-27T09:34:20+02:00</sln:powIIPWersja><sln:powIdTeryt>2413</sln:powIdTeryt><sln:powNazwa>tarnogórski</sln:powNazwa><sln:wojIIPId>98a63fe6-1e56-4d05-9c47-ab4233f8a6ff</sln:wojIIPId><sln:wojIIPPn>PL.PZGIK.200</sln:wojIIPPn><sln:wojIIPWersja>2017-10-10T00:00:00+02:00</sln:wojIIPWersja><sln:wojIdTeryt>24</sln:wojIdTeryt><sln:wojNazwa>śląskie</sln:wojNazwa></sln:miejscowosc><sln:miejscowosc><sln:cyklZyciaOd>2014-12-04T00:00:00+01:00</sln:cyklZyciaOd><sln:gmIIPId>45f8038c-cfad-42c4-80d8-92215f105d2a</sln:gmIIPId><sln:gmIIPPn>PL.PZGIK.200</sln:gmIIPPn><sln:gmIIPWersja>2012-09-26T22:26:18+02:00</sln:gmIIPWersja><sln:gmIdTeryt>2413082</sln:gmIdTeryt><sln:gmNazwa>Tworóg</sln:gmNazwa><sln:miejscIIPId>de2e2c19-1a75-454f-8c18-3de0ed12f943</sln:miejscIIPId><sln:miejscIIPPn>PL.PZGIK.200</sln:miejscIIPPn><sln:miejscIIPWersja>2016-11-24T13:56:03+02:00</sln:miejscIIPWersja><sln:miejscIdTeryt>0223332</sln:miejscIdTeryt><sln:miejscNazwa>Pusta Kuźnica</sln:miejscNazwa><sln:miejscRodzaj>Kolonia</sln:miejscRodzaj><sln:powIIPId>31d4fa5d-0690-4186-aada-f748386693b2</sln:powIIPId><sln:powIIPPn>PL.PZGIK.200</sln:powIIPPn><sln:powIIPWersja>2012-09-27T09:34:20+02:00</sln:powIIPWersja><sln:powIdTeryt>2413</sln:powIdTeryt><sln:powNazwa>tarnogórski</sln:powNazwa><sln:wojIIPId>98a63fe6-1e56-4d05-9c47-ab4233f8a6ff</sln:wojIIPId><sln:wojIIPPn>PL.PZGIK.200</sln:wojIIPPn><sln:wojIIPWersja>2017-10-10T00:00:00+02:00</sln:wojIIPWersja><sln:wojIdTeryt>24</sln:wojIdTeryt><sln:wojNazwa>śląskie</sln:wojNazwa></sln:miejscowosc><sln:miejscowosc><sln:cyklZyciaOd>2014-12-04T00:00:00+01:00</sln:cyklZyciaOd><sln:gmIIPId>45f8038c-cfad-42c4-80d8-92215f105d2a</sln:gmIIPId><sln:gmIIPPn>PL.PZGIK.200</sln:gmIIPPn><sln:gmIIPWersja>2012-09-26T22:26:18+02:00</sln:gmIIPWersja><sln:gmIdTeryt>2413082</sln:gmIdTeryt><sln:gmNazwa>Tworóg</sln:gmNazwa><sln:miejscIIPId>bb331562-6259-4ad5-ada6-8f539bdd471e</sln:miejscIIPId><sln:miejscIIPPn>PL.PZGIK.200</sln:miejscIIPPn><sln:miejscIIPWersja>2016-11-24T13:45:02+02:00</sln:miejscIIPWersja><sln:miejscIdTeryt>0223272</sln:miejscIdTeryt><sln:miejscNazwa>Brzeźnica</sln:miejscNazwa><sln:miejscRodzaj>Inny obiekt</sln:miejscRodzaj><sln:powIIPId>31d4fa5d-0690-4186-aada-f748386693b2</sln:powIIPId><sln:powIIPPn>PL.PZGIK.200</sln:powIIPPn><sln:powIIPWersja>2012-09-27T09:34:20+02:00</sln:powIIPWersja><sln:powIdTeryt>2413</sln:powIdTeryt><sln:powNazwa>tarnogórski</sln:powNazwa><sln:wojIIPId>98a63fe6-1e56-4d05-9c47-ab4233f8a6ff</sln:wojIIPId><sln:wojIIPPn>PL.PZGIK.200</sln:wojIIPPn><sln:wojIIPWersja>2017-10-10T00:00:00+02:00</sln:wojIIPWersja><sln:wojIdTeryt>24</sln:wojIdTeryt><sln:wojNazwa>śląskie</sln:wojNazwa></sln:miejscowosc><sln:miejscowosc><sln:cyklZyciaOd>2014-12-04T00:00:00+01:00</sln:cyklZyciaOd><sln:gmIIPId>45f8038c-cfad-42c4-80d8-92215f105d2a</sln:gmIIPId><sln:gmIIPPn>PL.PZGIK.200</sln:gmIIPPn><sln:gmIIPWersja>2012-09-26T22:26:18+02:00</sln:gmIIPWersja><sln:gmIdTeryt>2413082</sln:gmIdTeryt><sln:gmNazwa>Tworóg</sln:gmNazwa><sln:miejscIIPId>dce53bd7-241a-451a-a727-e19c94b25e4d</sln:miejscIIPId><sln:miejscIIPPn>PL.PZGIK.200</sln:miejscIIPPn><sln:miejscIIPWersja>2016-11-24T13:28:41+02:00</sln:miejscIIPWersja><sln:miejscIdTeryt>0223266</sln:miejscIdTeryt><sln:miejscNazwa>Brynek</sln:miejscNazwa><sln:miejscRodzaj>Wieś</sln:miejscRodzaj><sln:powIIPId>31d4fa5d-0690-4186-aada-f748386693b2</sln:powIIPId><sln:powIIPPn>PL.PZGIK.200</sln:powIIPPn><sln:powIIPWersja>2012-09-27T09:34:20+02:00</sln:powIIPWersja><sln:powIdTeryt>2413</sln:powIdTeryt><sln:powNazwa>tarnogórski</sln:powNazwa><sln:wojIIPId>98a63fe6-1e56-4d05-9c47-ab4233f8a6ff</sln:wojIIPId><sln:wojIIPPn>PL.PZGIK.200</sln:wojIIPPn><sln:wojIIPWersja>2017-10-10T00:00:00+02:00</sln:wojIIPWersja><sln:wojIdTeryt>24</sln:wojIdTeryt><sln:wojNazwa>śląskie</sln:wojNazwa></sln:miejscowosc><sln:miejscowosc><sln:cyklZyciaOd>2014-12-04T00:00:00+01:00</sln:cyklZyciaOd><sln:gmIIPId>45f8038c-cfad-42c4-80d8-92215f105d2a</sln:gmIIPId><sln:gmIIPPn>PL.PZGIK.200</sln:gmIIPPn><sln:gmIIPWersja>2012-09-26T22:26:18+02:00</sln:gmIIPWersja><sln:gmIdTeryt>2413082</sln:gmIdTeryt><sln:gmNazwa>Tworóg</sln:gmNazwa><sln:miejscIIPId>e7404192-4750-489a-ab4e-a240cc5ed39c</sln:miejscIIPId><sln:miejscIIPPn>PL.PZGIK.200</sln:miejscIIPPn><sln:miejscIIPWersja>2016-11-24T13:50:12+02:00</sln:miejscIIPWersja><sln:miejscIdTeryt>0223421</sln:miejscIdTeryt><sln:miejscNazwa>Rzepiska</sln:miejscNazwa><sln:miejscRodzaj>Inny obiekt</sln:miejscRodzaj><sln:powIIPId>31d4fa5d-0690-4186-aada-f748386693b2</sln:powIIPId><sln:powIIPPn>PL.PZGIK.200</sln:powIIPPn><sln:powIIPWersja>2012-09-27T09:34:20+02:00</sln:powIIPWersja><sln:powIdTeryt>2413</sln:powIdTeryt><sln:powNazwa>tarnogórski</sln:powNazwa><sln:wojIIPId>98a63fe6-1e56-4d05-9c47-ab4233f8a6ff</sln:wojIIPId><sln:wojIIPPn>PL.PZGIK.200</sln:wojIIPPn><sln:wojIIPWersja>2017-10-10T00:00:00+02:00</sln:wojIIPWersja><sln:wojIdTeryt>24</sln:wojIdTeryt><sln:wojNazwa>śląskie</sln:wojNazwa></sln:miejscowosc><sln:miejscowosc><sln:cyklZyciaOd>2014-12-04T00:00:00+01:00</sln:cyklZyciaOd><sln:gmIIPId>45f8038c-cfad-42c4-80d8-92215f105d2a</sln:gmIIPId><sln:gmIIPPn>PL.PZGIK.200</sln:gmIIPPn><sln:gmIIPWersja>2012-09-26T22:26:18+02:00</sln:gmIIPWersja><sln:gmIdTeryt>2413082</sln:gmIdTeryt><sln:gmNazwa>Tworóg</sln:gmNazwa><sln:miejscIIPId>1fe92323-668f-445f-b661-c2ce4990f17e</sln:miejscIIPId><sln:miejscIIPPn>PL.PZGIK.200</sln:miejscIIPPn><sln:miejscIIPWersja>2016-11-24T13:38:15+02:00</sln:miejscIIPWersja><sln:miejscIdTeryt>0223295</sln:miejscIdTeryt><sln:miejscNazwa>Hanusek</sln:miejscNazwa><sln:miejscRodzaj>Wieś</sln:miejscRodzaj><sln:powIIPId>31d4fa5d-0690-4186-aada-f748386693b2</sln:powIIPId><sln:powIIPPn>PL.PZGIK.200</sln:powIIPPn><sln:powIIPWersja>2012-09-27T09:34:20+02:00</sln:powIIPWersja><sln:powIdTeryt>2413</sln:powIdTeryt><sln:powNazwa>tarnogórski</sln:powNazwa><sln:wojIIPId>98a63fe6-1e56-4d05-9c47-ab4233f8a6ff</sln:wojIIPId><sln:wojIIPPn>PL.PZGIK.200</sln:wojIIPPn><sln:wojIIPWersja>2017-10-10T00:00:00+02:00</sln:wojIIPWersja><sln:wojIdTeryt>24</sln:wojIdTeryt><sln:wojNazwa>śląskie</sln:wojNazwa></sln:miejscowosc><sln:miejscowosc><sln:cyklZyciaOd>2014-12-04T00:00:00+01:00</sln:cyklZyciaOd><sln:gmIIPId>45f8038c-cfad-42c4-80d8-92215f105d2a</sln:gmIIPId><sln:gmIIPPn>PL.PZGIK.200</sln:gmIIPPn><sln:gmIIPWersja>2012-09-26T22:26:18+02:00</sln:gmIIPWersja><sln:gmIdTeryt>2413082</sln:gmIdTeryt><sln:gmNazwa>Tworóg</sln:gmNazwa><sln:miejscIIPId>f16e023c-168f-4704-a25c-279735038e95</sln:miejscIIPId><sln:miejscIIPPn>PL.PZGIK.200</sln:miejscIIPPn><sln:miejscIIPWersja>2016-11-24T13:42:17+02:00</sln:miejscIIPWersja><sln:miejscIdTeryt>0223349</sln:miejscIdTeryt><sln:miejscNazwa>Mikołeska</sln:miejscNazwa><sln:miejscRodzaj>Wieś</sln:miejscRodzaj><sln:powIIPId>31d4fa5d-0690-4186-aada-f748386693b2</sln:powIIPId><sln:powIIPPn>PL.PZGIK.200</sln:powIIPPn><sln:powIIPWersja>2012-09-27T09:34:20+02:00</sln:powIIPWersja><sln:powIdTeryt>2413</sln:powIdTeryt><sln:powNazwa>tarnogórski</sln:powNazwa><sln:wojIIPId>98a63fe6-1e56-4d05-9c47-ab4233f8a6ff</sln:wojIIPId><sln:wojIIPPn>PL.PZGIK.200</sln:wojIIPPn><sln:wojIIPWersja>2017-10-10T00:00:00+02:00</sln:wojIIPWersja><sln:wojIdTeryt>24</sln:wojIdTeryt><sln:wojNazwa>śląskie</sln:wojNazwa></sln:miejscowosc><sln:miejscowosc><sln:cyklZyciaOd>2014-12-04T00:00:00+01:00</sln:cyklZyciaOd><sln:gmIIPId>45f8038c-cfad-42c4-80d8-92215f105d2a</sln:gmIIPId><sln:gmIIPPn>PL.PZGIK.200</sln:gmIIPPn><sln:gmIIPWersja>2012-09-26T22:26:18+02:00</sln:gmIIPWersja><sln:gmIdTeryt>2413082</sln:gmIdTeryt><sln:gmNazwa>Tworóg</sln:gmNazwa><sln:miejscIIPId>72dcaafa-b990-4f56-9c8f-3250338c46cc</sln:miejscIIPId><sln:miejscIIPPn>PL.PZGIK.200</sln:miejscIIPPn><sln:miejscIIPWersja>2016-11-24T13:56:03+02:00</sln:miejscIIPWersja><sln:miejscIdTeryt>0223326</sln:miejscIdTeryt><sln:miejscNazwa>Krywałd</sln:miejscNazwa><sln:miejscRodzaj>Osada leśna</sln:miejscRodzaj><sln:powIIPId>31d4fa5d-0690-4186-aada-f748386693b2</sln:powIIPId><sln:powIIPPn>PL.PZGIK.200</sln:powIIPPn><sln:powIIPWersja>2012-09-27T09:34:20+02:00</sln:powIIPWersja><sln:powIdTeryt>2413</sln:powIdTeryt><sln:powNazwa>tarnogórski</sln:powNazwa><sln:wojIIPId>98a63fe6-1e56-4d05-9c47-ab4233f8a6ff</sln:wojIIPId><sln:wojIIPPn>PL.PZGIK.200</sln:wojIIPPn><sln:wojIIPWersja>2017-10-10T00:00:00+02:00</sln:wojIIPWersja><sln:wojIdTeryt>24</sln:wojIdTeryt><sln:wojNazwa>śląskie</sln:wojNazwa></sln:miejscowosc><sln:miejscowosc><sln:cyklZyciaOd>2014-12-04T00:00:00+01:00</sln:cyklZyciaOd><sln:gmIIPId>45f8038c-cfad-42c4-80d8-92215f105d2a</sln:gmIIPId><sln:gmIIPPn>PL.PZGIK.200</sln:gmIIPPn><sln:gmIIPWersja>2012-09-26T22:26:18+02:00</sln:gmIIPWersja><sln:gmIdTeryt>2413082</sln:gmIdTeryt><sln:gmNazwa>Tworóg</sln:gmNazwa><sln:miejscIIPId>e753ffff-d54f-4a6d-9388-7fbb62671fe3</sln:miejscIIPId><sln:miejscIIPPn>PL.PZGIK.200</sln:miejscIIPPn><sln:miejscIIPWersja>2016-11-24T13:40:01+02:00</sln:miejscIIPWersja><sln:miejscIdTeryt>0223303</sln:miejscIdTeryt><sln:miejscNazwa>Koty</sln:miejscNazwa><sln:miejscRodzaj>Wieś</sln:miejscRodzaj><sln:powIIPId>31d4fa5d-0690-4186-aada-f748386693b2</sln:powIIPId><sln:powIIPPn>PL.PZGIK.200</sln:powIIPPn><sln:powIIPWersja>2012-09-27T09:34:20+02:00</sln:powIIPWersja><sln:powIdTeryt>2413</sln:powIdTeryt><sln:powNazwa>tarnogórski</sln:powNazwa><sln:wojIIPId>98a63fe6-1e56-4d05-9c47-ab4233f8a6ff</sln:wojIIPId><sln:wojIIPPn>PL.PZGIK.200</sln:wojIIPPn><sln:wojIIPWersja>2017-10-10T00:00:00+02:00</sln:wojIIPWersja><sln:wojIdTeryt>24</sln:wojIdTeryt><sln:wojNazwa>śląskie</sln:wojNazwa></sln:miejscowosc><sln:miejscowosc><sln:cyklZyciaOd>2014-12-04T00:00:00+01:00</sln:cyklZyciaOd><sln:gmIIPId>45f8038c-cfad-42c4-80d8-92215f105d2a</sln:gmIIPId><sln:gmIIPPn>PL.PZGIK.200</sln:gmIIPPn><sln:gmIIPWersja>2012-09-26T22:26:18+02:00</sln:gmIIPWersja><sln:gmIdTeryt>2413082</sln:gmIdTeryt><sln:gmNazwa>Tworóg</sln:gmNazwa><sln:miejscIIPId>d24f92a8-9aaa-4fd8-8bc2-1b9f1eb56a67</sln:miejscIIPId><sln:miejscIIPPn>PL.PZGIK.200</sln:miejscIIPPn><sln:miejscIIPWersja>2016-11-24T13:28:43+02:00</sln:miejscIIPWersja><sln:miejscIdTeryt>0223361</sln:miejscIdTeryt><sln:miejscNazwa>Połomia</sln:miejscNazwa><sln:miejscRodzaj>Wieś</sln:miejscRodzaj><sln:powIIPId>31d4fa5d-0690-4186-aada-f748386693b2</sln:powIIPId><sln:powIIPPn>PL.PZGIK.200</sln:powIIPPn><sln:powIIPWersja>2012-09-27T09:34:20+02:00</sln:powIIPWersja><sln:powIdTeryt>2413</sln:powIdTeryt><sln:powNazwa>tarnogórski</sln:powNazwa><sln:wojIIPId>98a63fe6-1e56-4d05-9c47-ab4233f8a6ff</sln:wojIIPId><sln:wojIIPPn>PL.PZGIK.200</sln:wojIIPPn><sln:wojIIPWersja>2017-10-10T00:00:00+02:00</sln:wojIIPWersja><sln:wojIdTeryt>24</sln:wojIdTeryt><sln:wojNazwa>śląskie</sln:wojNazwa></sln:miejscowosc><sln:miejscowosc><sln:cyklZyciaOd>2014-12-04T00:00:00+01:00</sln:cyklZyciaOd><sln:gmIIPId>45f8038c-cfad-42c4-80d8-92215f105d2a</sln:gmIIPId><sln:gmIIPPn>PL.PZGIK.200</sln:gmIIPPn><sln:gmIIPWersja>2012-09-26T22:26:18+02:00</sln:gmIIPWersja><sln:gmIdTeryt>2413082</sln:gmIdTeryt><sln:gmNazwa>Tworóg</sln:gmNazwa><sln:miejscIIPId>715239c9-28c1-487b-a0a5-4da6020c9a9b</sln:miejscIIPId><sln:miejscIIPPn>PL.PZGIK.200</sln:miejscIIPPn><sln:miejscIIPWersja>2016-11-24T13:43:15+02:00</sln:miejscIIPWersja><sln:miejscIdTeryt>0223355</sln:miejscIdTeryt><sln:miejscNazwa>Nowa Wieś Tworoska</sln:miejscNazwa><sln:miejscRodzaj>Wieś</sln:miejscRodzaj><sln:powIIPId>31d4fa5d-0690-4186-aada-f748386693b2</sln:powIIPId><sln:powIIPPn>PL.PZGIK.200</sln:powIIPPn><sln:powIIPWersja>2012-09-27T09:34:20+02:00</sln:powIIPWersja><sln:powIdTeryt>2413</sln:powIdTeryt><sln:powNazwa>tarnogórski</sln:powNazwa><sln:wojIIPId>98a63fe6-1e56-4d05-9c47-ab4233f8a6ff</sln:wojIIPId><sln:wojIIPPn>PL.PZGIK.200</sln:wojIIPPn><sln:wojIIPWersja>2017-10-10T00:00:00+02:00</sln:wojIIPWersja><sln:wojIdTeryt>24</sln:wojIdTeryt><sln:wojNazwa>śląskie</sln:wojNazwa></sln:miejscowosc><sln:miejscowosc><sln:cyklZyciaOd>2014-12-04T00:00:00+01:00</sln:cyklZyciaOd><sln:gmIIPId>45f8038c-cfad-42c4-80d8-92215f105d2a</sln:gmIIPId><sln:gmIIPPn>PL.PZGIK.200</sln:gmIIPPn><sln:gmIIPWersja>2012-09-26T22:26:18+02:00</sln:gmIIPWersja><sln:gmIdTeryt>2413082</sln:gmIdTeryt><sln:gmNazwa>Tworóg</sln:gmNazwa><sln:miejscIIPId>11396f05-763f-4a8b-a2f1-935343455b44</sln:miejscIIPId><sln:miejscIIPPn>PL.PZGIK.200</sln:miejscIIPPn><sln:miejscIIPWersja>2016-11-24T13:45:02+02:00</sln:miejscIIPWersja><sln:miejscIdTeryt>0223289</sln:miejscIdTeryt><sln:miejscNazwa>Nowa Huta</sln:miejscNazwa><sln:miejscRodzaj>Inny obiekt</sln:miejscRodzaj><sln:powIIPId>31d4fa5d-0690-4186-aada-f748386693b2</sln:powIIPId><sln:powIIPPn>PL.PZGIK.200</sln:powIIPPn><sln:powIIPWersja>2012-09-27T09:34:20+02:00</sln:powIIPWersja><sln:powIdTeryt>2413</sln:powIdTeryt><sln:powNazwa>tarnogórski</sln:powNazwa><sln:wojIIPId>98a63fe6-1e56-4d05-9c47-ab4233f8a6ff</sln:wojIIPId><sln:wojIIPPn>PL.PZGIK.200</sln:wojIIPPn><sln:wojIIPWersja>2017-10-10T00:00:00+02:00</sln:wojIIPWersja><sln:wojIdTeryt>24</sln:wojIdTeryt><sln:wojNazwa>śląskie</sln:wojNazwa></sln:miejscowosc><sln:miejscowosc><sln:cyklZyciaOd>2014-12-04T00:00:00+01:00</sln:cyklZyciaOd><sln:gmIIPId>45f8038c-cfad-42c4-80d8-92215f105d2a</sln:gmIIPId><sln:gmIIPPn>PL.PZGIK.200</sln:gmIIPPn><sln:gmIIPWersja>2012-09-26T22:26:18+02:00</sln:gmIIPWersja><sln:gmIdTeryt>2413082</sln:gmIdTeryt><sln:gmNazwa>Tworóg</sln:gmNazwa><sln:miejscIIPId>88e41357-7f83-46a9-99b0-33edfa683c49</sln:miejscIIPId><sln:miejscIIPPn>PL.PZGIK.200</sln:miejscIIPPn><sln:miejscIIPWersja>2016-11-24T13:48:34+02:00</sln:miejscIIPWersja><sln:miejscIdTeryt>0223384</sln:miejscIdTeryt><sln:miejscNazwa>Wykierz</sln:miejscNazwa><sln:miejscRodzaj>Kolonia</sln:miejscRodzaj><sln:powIIPId>31d4fa5d-0690-4186-aada-f748386693b2</sln:powIIPId><sln:powIIPPn>PL.PZGIK.200</sln:powIIPPn><sln:powIIPWersja>2012-09-27T09:34:20+02:00</sln:powIIPWersja><sln:powIdTeryt>2413</sln:powIdTeryt><sln:powNazwa>tarnogórski</sln:powNazwa><sln:wojIIPId>98a63fe6-1e56-4d05-9c47-ab4233f8a6ff</sln:wojIIPId><sln:wojIIPPn>PL.PZGIK.200</sln:wojIIPPn><sln:wojIIPWersja>2017-10-10T00:00:00+02:00</sln:wojIIPWersja><sln:wojIdTeryt>24</sln:wojIdTeryt><sln:wojNazwa>śląskie</sln:wojNazwa></sln:miejscowosc><sln:miejscowosc><sln:cyklZyciaOd>2014-12-04T00:00:00+01:00</sln:cyklZyciaOd><sln:gmIIPId>45f8038c-cfad-42c4-80d8-92215f105d2a</sln:gmIIPId><sln:gmIIPPn>PL.PZGIK.200</sln:gmIIPPn><sln:gmIIPWersja>2012-09-26T22:26:18+02:00</sln:gmIIPWersja><sln:gmIdTeryt>2413082</sln:gmIdTeryt><sln:gmNazwa>Tworóg</sln:gmNazwa><sln:miejscIIPId>5b154314-f70b-4e8c-80b8-6ab6bc215d60</sln:miejscIIPId><sln:miejscIIPPn>PL.PZGIK.200</sln:miejscIIPPn><sln:miejscIIPWersja>2016-11-24T13:56:03+02:00</sln:miejscIIPWersja><sln:miejscIdTeryt>0223310</sln:miejscIdTeryt><sln:miejscNazwa>Wesoła</sln:miejscNazwa><sln:miejscRodzaj>Inny obiekt</sln:miejscRodzaj><sln:powIIPId>31d4fa5d-0690-4186-aada-f748386693b2</sln:powIIPId><sln:powIIPPn>PL.PZGIK.200</sln:powIIPPn><sln:powIIPWersja>2012-09-27T09:34:20+02:00</sln:powIIPWersja><sln:powIdTeryt>2413</sln:powIdTeryt><sln:powNazwa>tarnogórski</sln:powNazwa><sln:wojIIPId>98a63fe6-1e56-4d05-9c47-ab4233f8a6ff</sln:wojIIPId><sln:wojIIPPn>PL.PZGIK.200</sln:wojIIPPn><sln:wojIIPWersja>2017-10-10T00:00:00+02:00</sln:wojIIPWersja><sln:wojIdTeryt>24</sln:wojIdTeryt><sln:wojNazwa>śląskie</sln:wojNazwa></sln:miejscowosc><sln:miejscowosc><sln:cyklZyciaOd>2014-12-04T00:00:00+01:00</sln:cyklZyciaOd><sln:gmIIPId>45f8038c-cfad-42c4-80d8-92215f105d2a</sln:gmIIPId><sln:gmIIPPn>PL.PZGIK.200</sln:gmIIPPn><sln:gmIIPWersja>2012-09-26T22:26:18+02:00</sln:gmIIPWersja><sln:gmIdTeryt>2413082</sln:gmIdTeryt><sln:gmNazwa>Tworóg</sln:gmNazwa><sln:miejscIIPId>964443b9-300c-4591-8f65-aeb62cee217e</sln:miejscIIPId><sln:miejscIIPPn>PL.PZGIK.200</sln:miejscIIPPn><sln:miejscIIPWersja>2016-11-24T13:32:11+02:00</sln:miejscIIPWersja><sln:miejscIdTeryt>0223378</sln:miejscIdTeryt><sln:miejscNazwa>Świniowice</sln:miejscNazwa><sln:miejscRodzaj>Wieś</sln:miejscRodzaj><sln:powIIPId>31d4fa5d-0690-4186-aada-f748386693b2</sln:powIIPId><sln:powIIPPn>PL.PZGIK.200</sln:powIIPPn><sln:powIIPWersja>2012-09-27T09:34:20+02:00</sln:powIIPWersja><sln:powIdTeryt>2413</sln:powIdTeryt><sln:powNazwa>tarnogórski</sln:powNazwa><sln:wojIIPId>98a63fe6-1e56-4d05-9c47-ab4233f8a6ff</sln:wojIIPId><sln:wojIIPPn>PL.PZGIK.200</sln:wojIIPPn><sln:wojIIPWersja>2017-10-10T00:00:00+02:00</sln:wojIIPWersja><sln:wojIdTeryt>24</sln:wojIdTeryt><sln:wojNazwa>śląskie</sln:wojNazwa></sln:miejscowosc><sln:miejscowosc><sln:cyklZyciaOd>2014-12-04T00:00:00+01:00</sln:cyklZyciaOd><sln:gmIIPId>45f8038c-cfad-42c4-80d8-92215f105d2a</sln:gmIIPId><sln:gmIIPPn>PL.PZGIK.200</sln:gmIIPPn><sln:gmIIPWersja>2012-09-26T22:26:18+02:00</sln:gmIIPWersja><sln:gmIdTeryt>2413082</sln:gmIdTeryt><sln:gmNazwa>Tworóg</sln:gmNazwa><sln:miejscIIPId>ad86ffef-3772-468a-90c3-8f4e58985eb6</sln:miejscIIPId><sln:miejscIIPPn>PL.PZGIK.200</sln:miejscIIPPn><sln:miejscIIPWersja>2016-11-24T13:59:03+02:00</sln:miejscIIPWersja><sln:miejscIdTeryt>0223250</sln:miejscIdTeryt><sln:miejscNazwa>Osiek</sln:miejscNazwa><sln:miejscRodzaj>Inny obiekt</sln:miejscRodzaj><sln:powIIPId>31d4fa5d-0690-4186-aada-f748386693b2</sln:powIIPId><sln:powIIPPn>PL.PZGIK.200</sln:powIIPPn><sln:powIIPWersja>2012-09-27T09:34:20+02:00</sln:powIIPWersja><sln:powIdTeryt>2413</sln:powIdTeryt><sln:powNazwa>tarnogórski</sln:powNazwa><sln:wojIIPId>98a63fe6-1e56-4d05-9c47-ab4233f8a6ff</sln:wojIIPId><sln:wojIIPPn>PL.PZGIK.200</sln:wojIIPPn><sln:wojIIPWersja>2017-10-10T00:00:00+02:00</sln:wojIIPWersja><sln:wojIdTeryt>24</sln:wojIdTeryt><sln:wojNazwa>śląskie</sln:wojNazwa></sln:miejscowosc></sln:lista-miejscowosci>