<?xml version="1.0" encoding="UTF-8" standalone="yes"?><sln:lista-miejscowosci xmlns:srv="http://gugik.gov.pl/schemas/slowniki-service/1.0" xmlns:sln="http://gugik.gov.pl/schemas/slowniki-schema/1.0"><sln:miejscowosc><sln:cyklZyciaOd>2015-04-27T00:00:00+02:00</sln:cyklZyciaOd><sln:gmIIPId>0994ea73-49de-4863-b8ff-a9e43b79a0e0</sln:gmIIPId><sln:gmIIPPn>PL.PZGIK.200</sln:gmIIPPn><sln:gmIIPWersja>2012-09-26T22:28:08+02:00</sln:gmIIPWersja><sln:gmIdTeryt>2401073</sln:gmIdTeryt><sln:gmNazwa>Siewierz</sln:gmNazwa><sln:miejscIIPId>f6860a99-477a-4050-81b7-1aba441947aa</sln:miejscIIPId><sln:miejscIIPPn>PL.PZGIK.200</sln:miejscIIPPn><sln:miejscIIPWersja>2016-11-24T13:53:44+02:00</sln:miejscIIPWersja><sln:miejscIdTeryt>0221439</sln:miejscIdTeryt><sln:miejscNazwa>Bacholin</sln:miejscNazwa><sln:miejscRodzaj>Inny obiekt</sln:miejscRodzaj><sln:powIIPId>3078fc9c-2cea-4585-b5af-ec191fa783e2</sln:powIIPId><sln:powIIPPn>PL.PZGIK.200</sln:powIIPPn><sln:powIIPWersja>2012-09-27T09:34:20+02:00</sln:powIIPWersja><sln:powIdTeryt>2401</sln:powIdTeryt><sln:powNazwa>będziński</sln:powNazwa><sln:wojIIPId>98a63fe6-1e56-4d05-9c47-ab4233f8a6ff</sln:wojIIPId><sln:wojIIPPn>PL.PZGIK.200</sln:wojIIPPn><sln:wojIIPWersja>2017-10-10T00:00:00+02:00</sln:wojIIPWersja><sln:wojIdTeryt>24</sln:wojIdTeryt><sln:wojNazwa>śląskie</sln:wojNazwa></sln:miejscowosc><sln:miejscowosc><sln:cyklZyciaOd>2015-04-27T00:00:00+02:00</sln:cyklZyciaOd><sln:gmIIPId>0994ea73-49de-4863-b8ff-a9e43b79a0e0</sln:gmIIPId><sln:gmIIPPn>PL.PZGIK.200</sln:gmIIPPn><sln:gmIIPWersja>2012-09-26T22:28:08+02:00</sln:gmIIPWersja><sln:gmIdTeryt>2401073</sln:gmIdTeryt><sln:gmNazwa>Siewierz</sln:gmNazwa><sln:miejscIIPId>598dd856-f600-4cbf-9809-e1e1669ac662</sln:miejscIIPId><sln:miejscIIPPn>PL.PZGIK.200</sln:miejscIIPPn><sln:miejscIIPWersja>2016-11-24T13:44:53+02:00</sln:miejscIIPWersja><sln:miejscIdTeryt>0221333</sln:miejscIdTeryt><sln:miejscNazwa>Folwark</sln:miejscNazwa><sln:miejscRodzaj>Inny obiekt</sln:miejscRodzaj><sln:powIIPId>3078fc9c-2cea-4585-b5af-ec191fa783e2</sln:powIIPId><sln:powIIPPn>PL.PZGIK.200</sln:powIIPPn><sln:powIIPWersja>2012-09-27T09:34:20+02:00</sln:powIIPWersja><sln:powIdTeryt>2401</sln:powIdTeryt><sln:powNazwa>będziński</sln:powNazwa><sln:wojIIPId>98a63fe6-1e56-4d05-9c47-ab4233f8a6ff</sln:wojIIPId><sln:wojIIPPn>PL.PZGIK.200</sln:wojIIPPn><sln:wojIIPWersja>2017-10-10T00:00:00+02:00</sln:wojIIPWersja><sln:wojIdTeryt>24</sln:wojIdTeryt><sln:wojNazwa>śląskie</sln:wojNazwa></sln:miejscowosc><sln:miejscowosc><sln:cyklZyciaOd>2015-04-27T00:00:00+02:00</sln:cyklZyciaOd><sln:gmIIPId>0994ea73-49de-4863-b8ff-a9e43b79a0e0</sln:gmIIPId><sln:gmIIPPn>PL.PZGIK.200</sln:gmIIPPn><sln:gmIIPWersja>2012-09-26T22:28:08+02:00</sln:gmIIPWersja><sln:gmIdTeryt>2401073</sln:gmIdTeryt><sln:gmNazwa>Siewierz</sln:gmNazwa><sln:miejscIIPId>d945e0e0-0c13-45af-bccc-973819a2bb59</sln:miejscIIPId><sln:miejscIIPPn>PL.PZGIK.200</sln:miejscIIPPn><sln:miejscIIPWersja>2016-11-24T13:53:43+02:00</sln:miejscIIPWersja><sln:miejscIdTeryt>0221474</sln:miejscIdTeryt><sln:miejscNazwa>Podbagnie</sln:miejscNazwa><sln:miejscRodzaj>Inny obiekt</sln:miejscRodzaj><sln:powIIPId>3078fc9c-2cea-4585-b5af-ec191fa783e2</sln:powIIPId><sln:powIIPPn>PL.PZGIK.200</sln:powIIPPn><sln:powIIPWersja>2012-09-27T09:34:20+02:00</sln:powIIPWersja><sln:powIdTeryt>2401</sln:powIdTeryt><sln:powNazwa>będziński</sln:powNazwa><sln:wojIIPId>98a63fe6-1e56-4d05-9c47-ab4233f8a6ff</sln:wojIIPId><sln:wojIIPPn>PL.PZGIK.200</sln:wojIIPPn><sln:wojIIPWersja>2017-10-10T00:00:00+02:00</sln:wojIIPWersja><sln:wojIdTeryt>24</sln:wojIdTeryt><sln:wojNazwa>śląskie</sln:wojNazwa></sln:miejscowosc><sln:miejscowosc><sln:cyklZyciaOd>2015-04-27T00:00:00+02:00</sln:cyklZyciaOd><sln:gmIIPId>0994ea73-49de-4863-b8ff-a9e43b79a0e0</sln:gmIIPId><sln:gmIIPPn>PL.PZGIK.200</sln:gmIIPPn><sln:gmIIPWersja>2012-09-26T22:28:08+02:00</sln:gmIIPWersja><sln:gmIdTeryt>2401073</sln:gmIdTeryt><sln:gmNazwa>Siewierz</sln:gmNazwa><sln:miejscIIPId>c70b8f3e-90e7-41ac-921c-447e65dc7202</sln:miejscIIPId><sln:miejscIIPPn>PL.PZGIK.200</sln:miejscIIPPn><sln:miejscIIPWersja>2016-11-24T13:50:12+02:00</sln:miejscIIPWersja><sln:miejscIdTeryt>0221758</sln:miejscIdTeryt><sln:miejscNazwa>Podskale</sln:miejscNazwa><sln:miejscRodzaj>Inny obiekt</sln:miejscRodzaj><sln:powIIPId>3078fc9c-2cea-4585-b5af-ec191fa783e2</sln:powIIPId><sln:powIIPPn>PL.PZGIK.200</sln:powIIPPn><sln:powIIPWersja>2012-09-27T09:34:20+02:00</sln:powIIPWersja><sln:powIdTeryt>2401</sln:powIdTeryt><sln:powNazwa>będziński</sln:powNazwa><sln:wojIIPId>98a63fe6-1e56-4d05-9c47-ab4233f8a6ff</sln:wojIIPId><sln:wojIIPPn>PL.PZGIK.200</sln:wojIIPPn><sln:wojIIPWersja>2017-10-10T00:00:00+02:00</sln:wojIIPWersja><sln:wojIdTeryt>24</sln:wojIdTeryt><sln:wojNazwa>śląskie</sln:wojNazwa></sln:miejscowosc><sln:miejscowosc><sln:cyklZyciaOd>2015-04-27T00:00:00+02:00</sln:cyklZyciaOd><sln:gmIIPId>0994ea73-49de-4863-b8ff-a9e43b79a0e0</sln:gmIIPId><sln:gmIIPPn>PL.PZGIK.200</sln:gmIIPPn><sln:gmIIPWersja>2012-09-26T22:28:08+02:00</sln:gmIIPWersja><sln:gmIdTeryt>2401073</sln:gmIdTeryt><sln:gmNazwa>Siewierz</sln:gmNazwa><sln:miejscIIPId>8f8b5a3e-3761-4d9a-8de4-302247979621</sln:miejscIIPId><sln:miejscIIPPn>PL.PZGIK.200</sln:miejscIIPPn><sln:miejscIIPWersja>2016-11-24T13:44:53+02:00</sln:miejscIIPWersja><sln:miejscIdTeryt>0221385</sln:miejscIdTeryt><sln:miejscNazwa>Szkolna</sln:miejscNazwa><sln:miejscRodzaj>Inny obiekt</sln:miejscRodzaj><sln:powIIPId>3078fc9c-2cea-4585-b5af-ec191fa783e2</sln:powIIPId><sln:powIIPPn>PL.PZGIK.200</sln:powIIPPn><sln:powIIPWersja>2012-09-27T09:34:20+02:00</sln:powIIPWersja><sln:powIdTeryt>2401</sln:powIdTeryt><sln:powNazwa>będziński</sln:powNazwa><sln:wojIIPId>98a63fe6-1e56-4d05-9c47-ab4233f8a6ff</sln:wojIIPId><sln:wojIIPPn>PL.PZGIK.200</sln:wojIIPPn><sln:wojIIPWersja>2017-10-10T00:00:00+02:00</sln:wojIIPWersja><sln:wojIdTeryt>24</sln:wojIdTeryt><sln:wojNazwa>śląskie</sln:wojNazwa></sln:miejscowosc><sln:miejscowosc><sln:cyklZyciaOd>2015-04-27T00:00:00+02:00</sln:cyklZyciaOd><sln:gmIIPId>0994ea73-49de-4863-b8ff-a9e43b79a0e0</sln:gmIIPId><sln:gmIIPPn>PL.PZGIK.200</sln:gmIIPPn><sln:gmIIPWersja>2012-09-26T22:28:08+02:00</sln:gmIIPWersja><sln:gmIdTeryt>2401073</sln:gmIdTeryt><sln:gmNazwa>Siewierz</sln:gmNazwa><sln:miejscIIPId>cf13d391-7aa7-4d9d-ab58-365c51dffd83</sln:miejscIIPId><sln:miejscIIPPn>PL.PZGIK.200</sln:miejscIIPPn><sln:miejscIIPWersja>2016-11-24T13:44:55+02:00</sln:miejscIIPWersja><sln:miejscIdTeryt>0221534</sln:miejscIdTeryt><sln:miejscNazwa>Hektary</sln:miejscNazwa><sln:miejscRodzaj>Inny obiekt</sln:miejscRodzaj><sln:powIIPId>3078fc9c-2cea-4585-b5af-ec191fa783e2</sln:powIIPId><sln:powIIPPn>PL.PZGIK.200</sln:powIIPPn><sln:powIIPWersja>2012-09-27T09:34:20+02:00</sln:powIIPWersja><sln:powIdTeryt>2401</sln:powIdTeryt><sln:powNazwa>będziński</sln:powNazwa><sln:wojIIPId>98a63fe6-1e56-4d05-9c47-ab4233f8a6ff</sln:wojIIPId><sln:wojIIPPn>PL.PZGIK.200</sln:wojIIPPn><sln:wojIIPWersja>2017-10-10T00:00:00+02:00</sln:wojIIPWersja><sln:wojIdTeryt>24</sln:wojIdTeryt><sln:wojNazwa>śląskie</sln:wojNazwa></sln:miejscowosc><sln:miejscowosc><sln:cyklZyciaOd>2015-04-27T00:00:00+02:00</sln:cyklZyciaOd><sln:gmIIPId>0994ea73-49de-4863-b8ff-a9e43b79a0e0</sln:gmIIPId><sln:gmIIPPn>PL.PZGIK.200</sln:gmIIPPn><sln:gmIIPWersja>2012-09-26T22:28:08+02:00</sln:gmIIPWersja><sln:gmIdTeryt>2401073</sln:gmIdTeryt><sln:gmNazwa>Siewierz</sln:gmNazwa><sln:miejscIIPId>f7ff8b52-72a7-4d01-b85b-e346677a9bf5</sln:miejscIIPId><sln:miejscIIPPn>PL.PZGIK.200</sln:miejscIIPPn><sln:miejscIIPWersja>2016-11-24T13:49:15+02:00</sln:miejscIIPWersja><sln:miejscIdTeryt>0221681</sln:miejscIdTeryt><sln:miejscNazwa>Posady</sln:miejscNazwa><sln:miejscRodzaj>Inny obiekt</sln:miejscRodzaj><sln:powIIPId>3078fc9c-2cea-4585-b5af-ec191fa783e2</sln:powIIPId><sln:powIIPPn>PL.PZGIK.200</sln:powIIPPn><sln:powIIPWersja>2012-09-27T09:34:20+02:00</sln:powIIPWersja><sln:powIdTeryt>2401</sln:powIdTeryt><sln:powNazwa>będziński</sln:powNazwa><sln:wojIIPId>98a63fe6-1e56-4d05-9c47-ab4233f8a6ff</sln:wojIIPId><sln:wojIIPPn>PL.PZGIK.200</sln:wojIIPPn><sln:wojIIPWersja>2017-10-10T00:00:00+02:00</sln:wojIIPWersja><sln:wojIdTeryt>24</sln:wojIdTeryt><sln:wojNazwa>śląskie</sln:wojNazwa></sln:miejscowosc><sln:miejscowosc><sln:cyklZyciaOd>2015-04-27T00:00:00+02:00</sln:cyklZyciaOd><sln:gmIIPId>0994ea73-49de-4863-b8ff-a9e43b79a0e0</sln:gmIIPId><sln:gmIIPPn>PL.PZGIK.200</sln:gmIIPPn><sln:gmIIPWersja>2012-09-26T22:28:08+02:00</sln:gmIIPWersja><sln:gmIdTeryt>2401073</sln:gmIdTeryt><sln:gmNazwa>Siewierz</sln:gmNazwa><sln:miejscIIPId>fbf233f0-0b23-4cfb-b02b-1873e51cf12a</sln:miejscIIPId><sln:miejscIIPPn>PL.PZGIK.200</sln:miejscIIPPn><sln:miejscIIPWersja>2016-11-24T13:46:52+02:00</sln:miejscIIPWersja><sln:miejscIdTeryt>0221600</sln:miejscIdTeryt><sln:miejscNazwa>Sulikowskie</sln:miejscNazwa><sln:miejscRodzaj>Inny obiekt</sln:miejscRodzaj><sln:powIIPId>3078fc9c-2cea-4585-b5af-ec191fa783e2</sln:powIIPId><sln:powIIPPn>PL.PZGIK.200</sln:powIIPPn><sln:powIIPWersja>2012-09-27T09:34:20+02:00</sln:powIIPWersja><sln:powIdTeryt>2401</sln:powIdTeryt><sln:powNazwa>będziński</sln:powNazwa><sln:wojIIPId>98a63fe6-1e56-4d05-9c47-ab4233f8a6ff</sln:wojIIPId><sln:wojIIPPn>PL.PZGIK.200</sln:wojIIPPn><sln:wojIIPWersja>2017-10-10T00:00:00+02:00</sln:wojIIPWersja><sln:wojIdTeryt>24</sln:wojIdTeryt><sln:wojNazwa>śląskie</sln:wojNazwa></sln:miejscowosc><sln:miejscowosc><sln:cyklZyciaOd>2015-04-27T00:00:00+02:00</sln:cyklZyciaOd><sln:gmIIPId>0994ea73-49de-4863-b8ff-a9e43b79a0e0</sln:gmIIPId><sln:gmIIPPn>PL.PZGIK.200</sln:gmIIPPn><sln:gmIIPWersja>2012-09-26T22:28:08+02:00</sln:gmIIPWersja><sln:gmIdTeryt>2401073</sln:gmIdTeryt><sln:gmNazwa>Siewierz</sln:gmNazwa><sln:miejscIIPId>146ec7ac-4eba-4756-acd8-171bcab129fa</sln:miejscIIPId><sln:miejscIIPPn>PL.PZGIK.200</sln:miejscIIPPn><sln:miejscIIPWersja>2016-11-24T13:44:53+02:00</sln:miejscIIPWersja><sln:miejscIdTeryt>0221356</sln:miejscIdTeryt><sln:miejscNazwa>Komorne</sln:miejscNazwa><sln:miejscRodzaj>Inny obiekt</sln:miejscRodzaj><sln:powIIPId>3078fc9c-2cea-4585-b5af-ec191fa783e2</sln:powIIPId><sln:powIIPPn>PL.PZGIK.200</sln:powIIPPn><sln:powIIPWersja>2012-09-27T09:34:20+02:00</sln:powIIPWersja><sln:powIdTeryt>2401</sln:powIdTeryt><sln:powNazwa>będziński</sln:powNazwa><sln:wojIIPId>98a63fe6-1e56-4d05-9c47-ab4233f8a6ff</sln:wojIIPId><sln:wojIIPPn>PL.PZGIK.200</sln:wojIIPPn><sln:wojIIPWersja>2017-10-10T00:00:00+02:00</sln:wojIIPWersja><sln:wojIdTeryt>24</sln:wojIdTeryt><sln:wojNazwa>śląskie</sln:wojNazwa></sln:miejscowosc><sln:miejscowosc><sln:cyklZyciaOd>2015-04-27T00:00:00+02:00</sln:cyklZyciaOd><sln:gmIIPId>0994ea73-49de-4863-b8ff-a9e43b79a0e0</sln:gmIIPId><sln:gmIIPPn>PL.PZGIK.200</sln:gmIIPPn><sln:gmIIPWersja>2012-09-26T22:28:08+02:00</sln:gmIIPWersja><sln:gmIdTeryt>2401073</sln:gmIdTeryt><sln:gmNazwa>Siewierz</sln:gmNazwa><sln:miejscIIPId>593d7af6-4f04-4461-8f45-718136572156</sln:miejscIIPId><sln:miejscIIPPn>PL.PZGIK.200</sln:miejscIIPPn><sln:miejscIIPWersja>2016-11-24T13:53:44+02:00</sln:miejscIIPWersja><sln:miejscIdTeryt>0221445</sln:miejscIdTeryt><sln:miejscNazwa>Kazimierówka</sln:miejscNazwa><sln:miejscRodzaj>Inny obiekt</sln:miejscRodzaj><sln:powIIPId>3078fc9c-2cea-4585-b5af-ec191fa783e2</sln:powIIPId><sln:powIIPPn>PL.PZGIK.200</sln:powIIPPn><sln:powIIPWersja>2012-09-27T09:34:20+02:00</sln:powIIPWersja><sln:powIdTeryt>2401</sln:powIdTeryt><sln:powNazwa>będziński</sln:powNazwa><sln:wojIIPId>98a63fe6-1e56-4d05-9c47-ab4233f8a6ff</sln:wojIIPId><sln:wojIIPPn>PL.PZGIK.200</sln:wojIIPPn><sln:wojIIPWersja>2017-10-10T00:00:00+02:00</sln:wojIIPWersja><sln:wojIdTeryt>24</sln:wojIdTeryt><sln:wojNazwa>śląskie</sln:wojNazwa></sln:miejscowosc><sln:miejscowosc><sln:cyklZyciaOd>2015-04-27T00:00:00+02:00</sln:cyklZyciaOd><sln:gmIIPId>0994ea73-49de-4863-b8ff-a9e43b79a0e0</sln:gmIIPId><sln:gmIIPPn>PL.PZGIK.200</sln:gmIIPPn><sln:gmIIPWersja>2012-09-26T22:28:08+02:00</sln:gmIIPWersja><sln:gmIdTeryt>2401073</sln:gmIdTeryt><sln:gmNazwa>Siewierz</sln:gmNazwa><sln:miejscIIPId>c35f079e-42d8-4d6f-b47a-ed17fb83a214</sln:miejscIIPId><sln:miejscIIPPn>PL.PZGIK.200</sln:miejscIIPPn><sln:miejscIIPWersja>2016-11-24T13:53:44+02:00</sln:miejscIIPWersja><sln:miejscIdTeryt>0221480</sln:miejscIdTeryt><sln:miejscNazwa>Podrzaże</sln:miejscNazwa><sln:miejscRodzaj>Inny obiekt</sln:miejscRodzaj><sln:powIIPId>3078fc9c-2cea-4585-b5af-ec191fa783e2</sln:powIIPId><sln:powIIPPn>PL.PZGIK.200</sln:powIIPPn><sln:powIIPWersja>2012-09-27T09:34:20+02:00</sln:powIIPWersja><sln:powIdTeryt>2401</sln:powIdTeryt><sln:powNazwa>będziński</sln:powNazwa><sln:wojIIPId>98a63fe6-1e56-4d05-9c47-ab4233f8a6ff</sln:wojIIPId><sln:wojIIPPn>PL.PZGIK.200</sln:wojIIPPn><sln:wojIIPWersja>2017-10-10T00:00:00+02:00</sln:wojIIPWersja><sln:wojIdTeryt>24</sln:wojIdTeryt><sln:wojNazwa>śląskie</sln:wojNazwa></sln:miejscowosc><sln:miejscowosc><sln:cyklZyciaOd>2015-04-27T00:00:00+02:00</sln:cyklZyciaOd><sln:gmIIPId>0994ea73-49de-4863-b8ff-a9e43b79a0e0</sln:gmIIPId><sln:gmIIPPn>PL.PZGIK.200</sln:gmIIPPn><sln:gmIIPWersja>2012-09-26T22:28:08+02:00</sln:gmIIPWersja><sln:gmIdTeryt>2401073</sln:gmIdTeryt><sln:gmNazwa>Siewierz</sln:gmNazwa><sln:miejscIIPId>887d9c6e-a901-402d-a7f6-23ac8ebb8138</sln:miejscIIPId><sln:miejscIIPPn>PL.PZGIK.200</sln:miejscIIPPn><sln:miejscIIPWersja>2016-11-24T13:51:20+02:00</sln:miejscIIPWersja><sln:miejscIdTeryt>0221824</sln:miejscIdTeryt><sln:miejscNazwa>Podlesie</sln:miejscNazwa><sln:miejscRodzaj>Inny obiekt</sln:miejscRodzaj><sln:powIIPId>3078fc9c-2cea-4585-b5af-ec191fa783e2</sln:powIIPId><sln:powIIPPn>PL.PZGIK.200</sln:powIIPPn><sln:powIIPWersja>2012-09-27T09:34:20+02:00</sln:powIIPWersja><sln:powIdTeryt>2401</sln:powIdTeryt><sln:powNazwa>będziński</sln:powNazwa><sln:wojIIPId>98a63fe6-1e56-4d05-9c47-ab4233f8a6ff</sln:wojIIPId><sln:wojIIPPn>PL.PZGIK.200</sln:wojIIPPn><sln:wojIIPWersja>2017-10-10T00:00:00+02:00</sln:wojIIPWersja><sln:wojIdTeryt>24</sln:wojIdTeryt><sln:wojNazwa>śląskie</sln:wojNazwa></sln:miejscowosc><sln:miejscowosc><sln:cyklZyciaOd>2015-04-27T00:00:00+02:00</sln:cyklZyciaOd><sln:gmIIPId>0994ea73-49de-4863-b8ff-a9e43b79a0e0</sln:gmIIPId><sln:gmIIPPn>PL.PZGIK.200</sln:gmIIPPn><sln:gmIIPWersja>2012-09-26T22:28:08+02:00</sln:gmIIPWersja><sln:gmIdTeryt>2401073</sln:gmIdTeryt><sln:gmNazwa>Siewierz</sln:gmNazwa><sln:miejscIIPId>0994215d-2430-46cd-8573-d844351e50fe</sln:miejscIIPId><sln:miejscIIPPn>PL.PZGIK.200</sln:miejscIIPPn><sln:miejscIIPWersja>2016-11-24T13:50:12+02:00</sln:miejscIIPWersja><sln:miejscIdTeryt>0221764</sln:miejscIdTeryt><sln:miejscNazwa>Zawodzie</sln:miejscNazwa><sln:miejscRodzaj>Inny obiekt</sln:miejscRodzaj><sln:powIIPId>3078fc9c-2cea-4585-b5af-ec191fa783e2</sln:powIIPId><sln:powIIPPn>PL.PZGIK.200</sln:powIIPPn><sln:powIIPWersja>2012-09-27T09:34:20+02:00</sln:powIIPWersja><sln:powIdTeryt>2401</sln:powIdTeryt><sln:powNazwa>będziński</sln:powNazwa><sln:wojIIPId>98a63fe6-1e56-4d05-9c47-ab4233f8a6ff</sln:wojIIPId><sln:wojIIPPn>PL.PZGIK.200</sln:wojIIPPn><sln:wojIIPWersja>2017-10-10T00:00:00+02:00</sln:wojIIPWersja><sln:wojIdTeryt>24</sln:wojIdTeryt><sln:wojNazwa>śląskie</sln:wojNazwa></sln:miejscowosc><sln:miejscowosc><sln:cyklZyciaOd>2015-04-27T00:00:00+02:00</sln:cyklZyciaOd><sln:gmIIPId>0994ea73-49de-4863-b8ff-a9e43b79a0e0</sln:gmIIPId><sln:gmIIPPn>PL.PZGIK.200</sln:gmIIPPn><sln:gmIIPWersja>2012-09-26T22:28:08+02:00</sln:gmIIPWersja><sln:gmIdTeryt>2401073</sln:gmIdTeryt><sln:gmNazwa>Siewierz</sln:gmNazwa><sln:miejscIIPId>7e7a8e21-fda6-42f0-bd8d-c60c12966d1f</sln:miejscIIPId><sln:miejscIIPPn>PL.PZGIK.200</sln:miejscIIPPn><sln:miejscIIPWersja>2016-11-24T13:43:15+02:00</sln:miejscIIPWersja><sln:miejscIdTeryt>0221511</sln:miejscIdTeryt><sln:miejscNazwa>Nowa Wioska</sln:miejscNazwa><sln:miejscRodzaj>Wieś</sln:miejscRodzaj><sln:powIIPId>3078fc9c-2cea-4585-b5af-ec191fa783e2</sln:powIIPId><sln:powIIPPn>PL.PZGIK.200</sln:powIIPPn><sln:powIIPWersja>2012-09-27T09:34:20+02:00</sln:powIIPWersja><sln:powIdTeryt>2401</sln:powIdTeryt><sln:powNazwa>będziński</sln:powNazwa><sln:wojIIPId>98a63fe6-1e56-4d05-9c47-ab4233f8a6ff</sln:wojIIPId><sln:wojIIPPn>PL.PZGIK.200</sln:wojIIPPn><sln:wojIIPWersja>2017-10-10T00:00:00+02:00</sln:wojIIPWersja><sln:wojIdTeryt>24</sln:wojIdTeryt><sln:wojNazwa>śląskie</sln:wojNazwa></sln:miejscowosc><sln:miejscowosc><sln:cyklZyciaOd>2015-04-27T00:00:00+02:00</sln:cyklZyciaOd><sln:gmIIPId>0994ea73-49de-4863-b8ff-a9e43b79a0e0</sln:gmIIPId><sln:gmIIPPn>PL.PZGIK.200</sln:gmIIPPn><sln:gmIIPWersja>2012-09-26T22:28:08+02:00</sln:gmIIPWersja><sln:gmIdTeryt>2401073</sln:gmIdTeryt><sln:gmNazwa>Siewierz</sln:gmNazwa><sln:miejscIIPId>74cc58b1-2a29-4728-8022-14fd461a5659</sln:miejscIIPId><sln:miejscIIPPn>PL.PZGIK.200</sln:miejscIIPPn><sln:miejscIIPWersja>2016-11-24T13:44:55+02:00</sln:miejscIIPWersja><sln:miejscIdTeryt>0221540</sln:miejscIdTeryt><sln:miejscNazwa>Marcinków</sln:miejscNazwa><sln:miejscRodzaj>Inny obiekt</sln:miejscRodzaj><sln:powIIPId>3078fc9c-2cea-4585-b5af-ec191fa783e2</sln:powIIPId><sln:powIIPPn>PL.PZGIK.200</sln:powIIPPn><sln:powIIPWersja>2012-09-27T09:34:20+02:00</sln:powIIPWersja><sln:powIdTeryt>2401</sln:powIdTeryt><sln:powNazwa>będziński</sln:powNazwa><sln:wojIIPId>98a63fe6-1e56-4d05-9c47-ab4233f8a6ff</sln:wojIIPId><sln:wojIIPPn>PL.PZGIK.200</sln:wojIIPPn><sln:wojIIPWersja>2017-10-10T00:00:00+02:00</sln:wojIIPWersja><sln:wojIdTeryt>24</sln:wojIdTeryt><sln:wojNazwa>śląskie</sln:wojNazwa></sln:miejscowosc><sln:miejscowosc><sln:cyklZyciaOd>2015-04-27T00:00:00+02:00</sln:cyklZyciaOd><sln:gmIIPId>0994ea73-49de-4863-b8ff-a9e43b79a0e0</sln:gmIIPId><sln:gmIIPPn>PL.PZGIK.200</sln:gmIIPPn><sln:gmIIPWersja>2012-09-26T22:28:08+02:00</sln:gmIIPWersja><sln:gmIdTeryt>2401073</sln:gmIdTeryt><sln:gmNazwa>Siewierz</sln:gmNazwa><sln:miejscIIPId>41419a27-b0c5-4cd9-aa71-4f0a0cf71e77</sln:miejscIIPId><sln:miejscIIPPn>PL.PZGIK.200</sln:miejscIIPPn><sln:miejscIIPWersja>2016-11-24T13:50:12+02:00</sln:miejscIIPWersja><sln:miejscIdTeryt>0221706</sln:miejscIdTeryt><sln:miejscNazwa>Chałupki</sln:miejscNazwa><sln:miejscRodzaj>Inny obiekt</sln:miejscRodzaj><sln:powIIPId>3078fc9c-2cea-4585-b5af-ec191fa783e2</sln:powIIPId><sln:powIIPPn>PL.PZGIK.200</sln:powIIPPn><sln:powIIPWersja>2012-09-27T09:34:20+02:00</sln:powIIPWersja><sln:powIdTeryt>2401</sln:powIdTeryt><sln:powNazwa>będziński</sln:powNazwa><sln:wojIIPId>98a63fe6-1e56-4d05-9c47-ab4233f8a6ff</sln:wojIIPId><sln:wojIIPPn>PL.PZGIK.200</sln:wojIIPPn><sln:wojIIPWersja>2017-10-10T00:00:00+02:00</sln:wojIIPWersja><sln:wojIdTeryt>24</sln:wojIdTeryt><sln:wojNazwa>śląskie</sln:wojNazwa></sln:miejscowosc><sln:miejscowosc><sln:cyklZyciaOd>2015-04-27T00:00:00+02:00</sln:cyklZyciaOd><sln:gmIIPId>0994ea73-49de-4863-b8ff-a9e43b79a0e0</sln:gmIIPId><sln:gmIIPPn>PL.PZGIK.200</sln:gmIIPPn><sln:gmIIPWersja>2012-09-26T22:28:08+02:00</sln:gmIIPWersja><sln:gmIdTeryt>2401073</sln:gmIdTeryt><sln:gmNazwa>Siewierz</sln:gmNazwa><sln:miejscIIPId>0e6ddcb8-9bbc-4b51-9c57-7dca212c34a4</sln:miejscIIPId><sln:miejscIIPPn>PL.PZGIK.200</sln:miejscIIPPn><sln:miejscIIPWersja>2016-11-24T13:46:52+02:00</sln:miejscIIPWersja><sln:miejscIdTeryt>0943210</sln:miejscIdTeryt><sln:miejscNazwa>Chmielowskie</sln:miejscNazwa><sln:miejscRodzaj>Inny obiekt</sln:miejscRodzaj><sln:powIIPId>3078fc9c-2cea-4585-b5af-ec191fa783e2</sln:powIIPId><sln:powIIPPn>PL.PZGIK.200</sln:powIIPPn><sln:powIIPWersja>2012-09-27T09:34:20+02:00</sln:powIIPWersja><sln:powIdTeryt>2401</sln:powIdTeryt><sln:powNazwa>będziński</sln:powNazwa><sln:wojIIPId>98a63fe6-1e56-4d05-9c47-ab4233f8a6ff</sln:wojIIPId><sln:wojIIPPn>PL.PZGIK.200</sln:wojIIPPn><sln:wojIIPWersja>2017-10-10T00:00:00+02:00</sln:wojIIPWersja><sln:wojIdTeryt>24</sln:wojIdTeryt><sln:wojNazwa>śląskie</sln:wojNazwa></sln:miejscowosc><sln:miejscowosc><sln:cyklZyciaOd>2015-04-27T00:00:00+02:00</sln:cyklZyciaOd><sln:gmIIPId>0994ea73-49de-4863-b8ff-a9e43b79a0e0</sln:gmIIPId><sln:gmIIPPn>PL.PZGIK.200</sln:gmIIPPn><sln:gmIIPWersja>2012-09-26T22:28:08+02:00</sln:gmIIPWersja><sln:gmIdTeryt>2401073</sln:gmIdTeryt><sln:gmNazwa>Siewierz</sln:gmNazwa><sln:miejscIIPId>cb76ad5c-3508-44d6-a69c-6950a6d5b72a</sln:miejscIIPId><sln:miejscIIPPn>PL.PZGIK.200</sln:miejscIIPPn><sln:miejscIIPWersja>2016-11-24T13:49:15+02:00</sln:miejscIIPWersja><sln:miejscIdTeryt>0221675</sln:miejscIdTeryt><sln:miejscNazwa>Podwarężyn</sln:miejscNazwa><sln:miejscRodzaj>Inny obiekt</sln:miejscRodzaj><sln:powIIPId>3078fc9c-2cea-4585-b5af-ec191fa783e2</sln:powIIPId><sln:powIIPPn>PL.PZGIK.200</sln:powIIPPn><sln:powIIPWersja>2012-09-27T09:34:20+02:00</sln:powIIPWersja><sln:powIdTeryt>2401</sln:powIdTeryt><sln:powNazwa>będziński</sln:powNazwa><sln:wojIIPId>98a63fe6-1e56-4d05-9c47-ab4233f8a6ff</sln:wojIIPId><sln:wojIIPPn>PL.PZGIK.200</sln:wojIIPPn><sln:wojIIPWersja>2017-10-10T00:00:00+02:00</sln:wojIIPWersja><sln:wojIdTeryt>24</sln:wojIdTeryt><sln:wojNazwa>śląskie</sln:wojNazwa></sln:miejscowosc><sln:miejscowosc><sln:cyklZyciaOd>2015-04-27T00:00:00+02:00</sln:cyklZyciaOd><sln:gmIIPId>0994ea73-49de-4863-b8ff-a9e43b79a0e0</sln:gmIIPId><sln:gmIIPPn>PL.PZGIK.200</sln:gmIIPPn><sln:gmIIPWersja>2012-09-26T22:28:08+02:00</sln:gmIIPWersja><sln:gmIdTeryt>2401073</sln:gmIdTeryt><sln:gmNazwa>Siewierz</sln:gmNazwa><sln:miejscIIPId>71c3d623-44ce-41e8-9591-8f68d6382239</sln:miejscIIPId><sln:miejscIIPPn>PL.PZGIK.200</sln:miejscIIPPn><sln:miejscIIPWersja>2016-11-24T13:44:55+02:00</sln:miejscIIPWersja><sln:miejscIdTeryt>0221557</sln:miejscIdTeryt><sln:miejscNazwa>Zawarpie</sln:miejscNazwa><sln:miejscRodzaj>Inny obiekt</sln:miejscRodzaj><sln:powIIPId>3078fc9c-2cea-4585-b5af-ec191fa783e2</sln:powIIPId><sln:powIIPPn>PL.PZGIK.200</sln:powIIPPn><sln:powIIPWersja>2012-09-27T09:34:20+02:00</sln:powIIPWersja><sln:powIdTeryt>2401</sln:powIdTeryt><sln:powNazwa>będziński</sln:powNazwa><sln:wojIIPId>98a63fe6-1e56-4d05-9c47-ab4233f8a6ff</sln:wojIIPId><sln:wojIIPPn>PL.PZGIK.200</sln:wojIIPPn><sln:wojIIPWersja>2017-10-10T00:00:00+02:00</sln:wojIIPWersja><sln:wojIdTeryt>24</sln:wojIdTeryt><sln:wojNazwa>śląskie</sln:wojNazwa></sln:miejscowosc><sln:miejscowosc><sln:cyklZyciaOd>2015-04-27T00:00:00+02:00</sln:cyklZyciaOd><sln:gmIIPId>0994ea73-49de-4863-b8ff-a9e43b79a0e0</sln:gmIIPId><sln:gmIIPPn>PL.PZGIK.200</sln:gmIIPPn><sln:gmIIPWersja>2012-09-26T22:28:08+02:00</sln:gmIIPWersja><sln:gmIdTeryt>2401073</sln:gmIdTeryt><sln:gmNazwa>Siewierz</sln:gmNazwa><sln:miejscIIPId>fa8e2801-d6d5-463c-a04f-4bd090ab9fde</sln:miejscIIPId><sln:miejscIIPPn>PL.PZGIK.200</sln:miejscIIPPn><sln:miejscIIPWersja>2016-11-24T13:49:15+02:00</sln:miejscIIPWersja><sln:miejscIdTeryt>0221669</sln:miejscIdTeryt><sln:miejscNazwa>Kuźnica Warężyńska</sln:miejscNazwa><sln:miejscRodzaj>Inny obiekt</sln:miejscRodzaj><sln:powIIPId>3078fc9c-2cea-4585-b5af-ec191fa783e2</sln:powIIPId><sln:powIIPPn>PL.PZGIK.200</sln:powIIPPn><sln:powIIPWersja>2012-09-27T09:34:20+02:00</sln:powIIPWersja><sln:powIdTeryt>2401</sln:powIdTeryt><sln:powNazwa>będziński</sln:powNazwa><sln:wojIIPId>98a63fe6-1e56-4d05-9c47-ab4233f8a6ff</sln:wojIIPId><sln:wojIIPPn>PL.PZGIK.200</sln:wojIIPPn><sln:wojIIPWersja>2017-10-10T00:00:00+02:00</sln:wojIIPWersja><sln:wojIdTeryt>24</sln:wojIdTeryt><sln:wojNazwa>śląskie</sln:wojNazwa></sln:miejscowosc><sln:miejscowosc><sln:cyklZyciaOd>2015-04-27T00:00:00+02:00</sln:cyklZyciaOd><sln:gmIIPId>0994ea73-49de-4863-b8ff-a9e43b79a0e0</sln:gmIIPId><sln:gmIIPPn>PL.PZGIK.200</sln:gmIIPPn><sln:gmIIPWersja>2012-09-26T22:28:08+02:00</sln:gmIIPWersja><sln:gmIdTeryt>2401073</sln:gmIdTeryt><sln:gmNazwa>Siewierz</sln:gmNazwa><sln:miejscIIPId>c6568086-40f5-4f55-82cd-278987b4b8b5</sln:miejscIIPId><sln:miejscIIPPn>PL.PZGIK.200</sln:miejscIIPPn><sln:miejscIIPWersja>2016-11-24T13:49:15+02:00</sln:miejscIIPWersja><sln:miejscIdTeryt>0221630</sln:miejscIdTeryt><sln:miejscNazwa>Kuźnica</sln:miejscNazwa><sln:miejscRodzaj>Inny obiekt</sln:miejscRodzaj><sln:powIIPId>3078fc9c-2cea-4585-b5af-ec191fa783e2</sln:powIIPId><sln:powIIPPn>PL.PZGIK.200</sln:powIIPPn><sln:powIIPWersja>2012-09-27T09:34:20+02:00</sln:powIIPWersja><sln:powIdTeryt>2401</sln:powIdTeryt><sln:powNazwa>będziński</sln:powNazwa><sln:wojIIPId>98a63fe6-1e56-4d05-9c47-ab4233f8a6ff</sln:wojIIPId><sln:wojIIPPn>PL.PZGIK.200</sln:wojIIPPn><sln:wojIIPWersja>2017-10-10T00:00:00+02:00</sln:wojIIPWersja><sln:wojIdTeryt>24</sln:wojIdTeryt><sln:wojNazwa>śląskie</sln:wojNazwa></sln:miejscowosc><sln:miejscowosc><sln:cyklZyciaOd>2015-04-27T00:00:00+02:00</sln:cyklZyciaOd><sln:gmIIPId>0994ea73-49de-4863-b8ff-a9e43b79a0e0</sln:gmIIPId><sln:gmIIPPn>PL.PZGIK.200</sln:gmIIPPn><sln:gmIIPWersja>2012-09-26T22:28:08+02:00</sln:gmIIPWersja><sln:gmIdTeryt>2401073</sln:gmIdTeryt><sln:gmNazwa>Siewierz</sln:gmNazwa><sln:miejscIIPId>b4c0bee0-08ef-421e-a4fd-1457656d47ac</sln:miejscIIPId><sln:miejscIIPPn>PL.PZGIK.200</sln:miejscIIPPn><sln:miejscIIPWersja>2016-11-24T13:46:52+02:00</sln:miejscIIPWersja><sln:miejscIdTeryt>0943227</sln:miejscIdTeryt><sln:miejscNazwa>Kuźnica Sulikowska</sln:miejscNazwa><sln:miejscRodzaj>Inny obiekt</sln:miejscRodzaj><sln:powIIPId>3078fc9c-2cea-4585-b5af-ec191fa783e2</sln:powIIPId><sln:powIIPPn>PL.PZGIK.200</sln:powIIPPn><sln:powIIPWersja>2012-09-27T09:34:20+02:00</sln:powIIPWersja><sln:powIdTeryt>2401</sln:powIdTeryt><sln:powNazwa>będziński</sln:powNazwa><sln:wojIIPId>98a63fe6-1e56-4d05-9c47-ab4233f8a6ff</sln:wojIIPId><sln:wojIIPPn>PL.PZGIK.200</sln:wojIIPPn><sln:wojIIPWersja>2017-10-10T00:00:00+02:00</sln:wojIIPWersja><sln:wojIdTeryt>24</sln:wojIdTeryt><sln:wojNazwa>śląskie</sln:wojNazwa></sln:miejscowosc><sln:miejscowosc><sln:cyklZyciaOd>2015-04-27T00:00:00+02:00</sln:cyklZyciaOd><sln:gmIIPId>0994ea73-49de-4863-b8ff-a9e43b79a0e0</sln:gmIIPId><sln:gmIIPPn>PL.PZGIK.200</sln:gmIIPPn><sln:gmIIPWersja>2012-09-26T22:28:08+02:00</sln:gmIIPWersja><sln:gmIdTeryt>2401073</sln:gmIdTeryt><sln:gmNazwa>Siewierz</sln:gmNazwa><sln:miejscIIPId>31195d35-5eed-499b-bbce-a7c64cda571c</sln:miejscIIPId><sln:miejscIIPPn>PL.PZGIK.200</sln:miejscIIPPn><sln:miejscIIPWersja>2016-11-24T13:46:52+02:00</sln:miejscIIPWersja><sln:miejscIdTeryt>0943279</sln:miejscIdTeryt><sln:miejscNazwa>Trojedzianka</sln:miejscNazwa><sln:miejscRodzaj>Inny obiekt</sln:miejscRodzaj><sln:powIIPId>3078fc9c-2cea-4585-b5af-ec191fa783e2</sln:powIIPId><sln:powIIPPn>PL.PZGIK.200</sln:powIIPPn><sln:powIIPWersja>2012-09-27T09:34:20+02:00</sln:powIIPWersja><sln:powIdTeryt>2401</sln:powIdTeryt><sln:powNazwa>będziński</sln:powNazwa><sln:wojIIPId>98a63fe6-1e56-4d05-9c47-ab4233f8a6ff</sln:wojIIPId><sln:wojIIPPn>PL.PZGIK.200</sln:wojIIPPn><sln:wojIIPWersja>2017-10-10T00:00:00+02:00</sln:wojIIPWersja><sln:wojIdTeryt>24</sln:wojIdTeryt><sln:wojNazwa>śląskie</sln:wojNazwa></sln:miejscowosc><sln:miejscowosc><sln:cyklZyciaOd>2015-04-27T00:00:00+02:00</sln:cyklZyciaOd><sln:gmIIPId>0994ea73-49de-4863-b8ff-a9e43b79a0e0</sln:gmIIPId><sln:gmIIPPn>PL.PZGIK.200</sln:gmIIPPn><sln:gmIIPWersja>2012-09-26T22:28:08+02:00</sln:gmIIPWersja><sln:gmIdTeryt>2401073</sln:gmIdTeryt><sln:gmNazwa>Siewierz</sln:gmNazwa><sln:miejscIIPId>fa82cd5b-de02-4525-8b95-7ed825ff094e</sln:miejscIIPId><sln:miejscIIPPn>PL.PZGIK.200</sln:miejscIIPPn><sln:miejscIIPWersja>2016-11-24T13:44:53+02:00</sln:miejscIIPWersja><sln:miejscIdTeryt>0221379</sln:miejscIdTeryt><sln:miejscNazwa>Polichno</sln:miejscNazwa><sln:miejscRodzaj>Inny obiekt</sln:miejscRodzaj><sln:powIIPId>3078fc9c-2cea-4585-b5af-ec191fa783e2</sln:powIIPId><sln:powIIPPn>PL.PZGIK.200</sln:powIIPPn><sln:powIIPWersja>2012-09-27T09:34:20+02:00</sln:powIIPWersja><sln:powIdTeryt>2401</sln:powIdTeryt><sln:powNazwa>będziński</sln:powNazwa><sln:wojIIPId>98a63fe6-1e56-4d05-9c47-ab4233f8a6ff</sln:wojIIPId><sln:wojIIPPn>PL.PZGIK.200</sln:wojIIPPn><sln:wojIIPWersja>2017-10-10T00:00:00+02:00</sln:wojIIPWersja><sln:wojIdTeryt>24</sln:wojIdTeryt><sln:wojNazwa>śląskie</sln:wojNazwa></sln:miejscowosc><sln:miejscowosc><sln:cyklZyciaOd>2015-04-27T00:00:00+02:00</sln:cyklZyciaOd><sln:gmIIPId>0994ea73-49de-4863-b8ff-a9e43b79a0e0</sln:gmIIPId><sln:gmIIPPn>PL.PZGIK.200</sln:gmIIPPn><sln:gmIIPWersja>2012-09-26T22:28:08+02:00</sln:gmIIPWersja><sln:gmIdTeryt>2401073</sln:gmIdTeryt><sln:gmNazwa>Siewierz</sln:gmNazwa><sln:miejscIIPId>ec05df95-4232-4039-b295-d5ba5ebcfca0</sln:miejscIIPId><sln:miejscIIPPn>PL.PZGIK.200</sln:miejscIIPPn><sln:miejscIIPWersja>2016-11-24T13:53:44+02:00</sln:miejscIIPWersja><sln:miejscIdTeryt>0221468</sln:miejscIdTeryt><sln:miejscNazwa>Pod Brudzowice</sln:miejscNazwa><sln:miejscRodzaj>Inny obiekt</sln:miejscRodzaj><sln:powIIPId>3078fc9c-2cea-4585-b5af-ec191fa783e2</sln:powIIPId><sln:powIIPPn>PL.PZGIK.200</sln:powIIPPn><sln:powIIPWersja>2012-09-27T09:34:20+02:00</sln:powIIPWersja><sln:powIdTeryt>2401</sln:powIdTeryt><sln:powNazwa>będziński</sln:powNazwa><sln:wojIIPId>98a63fe6-1e56-4d05-9c47-ab4233f8a6ff</sln:wojIIPId><sln:wojIIPPn>PL.PZGIK.200</sln:wojIIPPn><sln:wojIIPWersja>2017-10-10T00:00:00+02:00</sln:wojIIPWersja><sln:wojIdTeryt>24</sln:wojIdTeryt><sln:wojNazwa>śląskie</sln:wojNazwa></sln:miejscowosc><sln:miejscowosc><sln:cyklZyciaOd>2015-04-27T00:00:00+02:00</sln:cyklZyciaOd><sln:gmIIPId>0994ea73-49de-4863-b8ff-a9e43b79a0e0</sln:gmIIPId><sln:gmIIPPn>PL.PZGIK.200</sln:gmIIPPn><sln:gmIIPWersja>2012-09-26T22:28:08+02:00</sln:gmIIPWersja><sln:gmIdTeryt>2401073</sln:gmIdTeryt><sln:gmNazwa>Siewierz</sln:gmNazwa><sln:miejscIIPId>33f177e1-3719-483d-af79-60012290c59d</sln:miejscIIPId><sln:miejscIIPPn>PL.PZGIK.200</sln:miejscIIPPn><sln:miejscIIPWersja>2016-11-24T13:53:44+02:00</sln:miejscIIPWersja><sln:miejscIdTeryt>0221451</sln:miejscIdTeryt><sln:miejscNazwa>Pasternik</sln:miejscNazwa><sln:miejscRodzaj>Inny obiekt</sln:miejscRodzaj><sln:powIIPId>3078fc9c-2cea-4585-b5af-ec191fa783e2</sln:powIIPId><sln:powIIPPn>PL.PZGIK.200</sln:powIIPPn><sln:powIIPWersja>2012-09-27T09:34:20+02:00</sln:powIIPWersja><sln:powIdTeryt>2401</sln:powIdTeryt><sln:powNazwa>będziński</sln:powNazwa><sln:wojIIPId>98a63fe6-1e56-4d05-9c47-ab4233f8a6ff</sln:wojIIPId><sln:wojIIPPn>PL.PZGIK.200</sln:wojIIPPn><sln:wojIIPWersja>2017-10-10T00:00:00+02:00</sln:wojIIPWersja><sln:wojIdTeryt>24</sln:wojIdTeryt><sln:wojNazwa>śląskie</sln:wojNazwa></sln:miejscowosc><sln:miejscowosc><sln:cyklZyciaOd>2015-04-27T00:00:00+02:00</sln:cyklZyciaOd><sln:gmIIPId>0994ea73-49de-4863-b8ff-a9e43b79a0e0</sln:gmIIPId><sln:gmIIPPn>PL.PZGIK.200</sln:gmIIPPn><sln:gmIIPWersja>2012-09-26T22:28:08+02:00</sln:gmIIPWersja><sln:gmIdTeryt>2401073</sln:gmIdTeryt><sln:gmNazwa>Siewierz</sln:gmNazwa><sln:miejscIIPId>d2356a40-97e0-49aa-8ee0-20add15c2b62</sln:miejscIIPId><sln:miejscIIPPn>PL.PZGIK.200</sln:miejscIIPPn><sln:miejscIIPWersja>2016-11-24T13:46:52+02:00</sln:miejscIIPWersja><sln:miejscIdTeryt>0943262</sln:miejscIdTeryt><sln:miejscNazwa>Sulików</sln:miejscNazwa><sln:miejscRodzaj>Inny obiekt</sln:miejscRodzaj><sln:powIIPId>3078fc9c-2cea-4585-b5af-ec191fa783e2</sln:powIIPId><sln:powIIPPn>PL.PZGIK.200</sln:powIIPPn><sln:powIIPWersja>2012-09-27T09:34:20+02:00</sln:powIIPWersja><sln:powIdTeryt>2401</sln:powIdTeryt><sln:powNazwa>będziński</sln:powNazwa><sln:wojIIPId>98a63fe6-1e56-4d05-9c47-ab4233f8a6ff</sln:wojIIPId><sln:wojIIPPn>PL.PZGIK.200</sln:wojIIPPn><sln:wojIIPWersja>2017-10-10T00:00:00+02:00</sln:wojIIPWersja><sln:wojIdTeryt>24</sln:wojIdTeryt><sln:wojNazwa>śląskie</sln:wojNazwa></sln:miejscowosc><sln:miejscowosc><sln:cyklZyciaOd>2015-04-27T00:00:00+02:00</sln:cyklZyciaOd><sln:gmIIPId>0994ea73-49de-4863-b8ff-a9e43b79a0e0</sln:gmIIPId><sln:gmIIPPn>PL.PZGIK.200</sln:gmIIPPn><sln:gmIIPWersja>2012-09-26T22:28:08+02:00</sln:gmIIPWersja><sln:gmIdTeryt>2401073</sln:gmIdTeryt><sln:gmNazwa>Siewierz</sln:gmNazwa><sln:miejscIIPId>caa75410-6618-473a-9530-4b943cad2be5</sln:miejscIIPId><sln:miejscIIPPn>PL.PZGIK.200</sln:miejscIIPPn><sln:miejscIIPWersja>2016-11-24T13:51:20+02:00</sln:miejscIIPWersja><sln:miejscIdTeryt>0221818</sln:miejscIdTeryt><sln:miejscNazwa>Niweczka</sln:miejscNazwa><sln:miejscRodzaj>Inny obiekt</sln:miejscRodzaj><sln:powIIPId>3078fc9c-2cea-4585-b5af-ec191fa783e2</sln:powIIPId><sln:powIIPPn>PL.PZGIK.200</sln:powIIPPn><sln:powIIPWersja>2012-09-27T09:34:20+02:00</sln:powIIPWersja><sln:powIdTeryt>2401</sln:powIdTeryt><sln:powNazwa>będziński</sln:powNazwa><sln:wojIIPId>98a63fe6-1e56-4d05-9c47-ab4233f8a6ff</sln:wojIIPId><sln:wojIIPPn>PL.PZGIK.200</sln:wojIIPPn><sln:wojIIPWersja>2017-10-10T00:00:00+02:00</sln:wojIIPWersja><sln:wojIdTeryt>24</sln:wojIdTeryt><sln:wojNazwa>śląskie</sln:wojNazwa></sln:miejscowosc><sln:miejscowosc><sln:cyklZyciaOd>2015-04-27T00:00:00+02:00</sln:cyklZyciaOd><sln:gmIIPId>0994ea73-49de-4863-b8ff-a9e43b79a0e0</sln:gmIIPId><sln:gmIIPPn>PL.PZGIK.200</sln:gmIIPPn><sln:gmIIPWersja>2012-09-26T22:28:08+02:00</sln:gmIIPWersja><sln:gmIdTeryt>2401073</sln:gmIdTeryt><sln:gmNazwa>Siewierz</sln:gmNazwa><sln:miejscIIPId>bf047117-ce5b-4f2e-ae78-9443d3b7015b</sln:miejscIIPId><sln:miejscIIPPn>PL.PZGIK.200</sln:miejscIIPPn><sln:miejscIIPWersja>2016-11-24T13:51:20+02:00</sln:miejscIIPWersja><sln:miejscIdTeryt>0221787</sln:miejscIdTeryt><sln:miejscNazwa>Huby</sln:miejscNazwa><sln:miejscRodzaj>Inny obiekt</sln:miejscRodzaj><sln:powIIPId>3078fc9c-2cea-4585-b5af-ec191fa783e2</sln:powIIPId><sln:powIIPPn>PL.PZGIK.200</sln:powIIPPn><sln:powIIPWersja>2012-09-27T09:34:20+02:00</sln:powIIPWersja><sln:powIdTeryt>2401</sln:powIdTeryt><sln:powNazwa>będziński</sln:powNazwa><sln:wojIIPId>98a63fe6-1e56-4d05-9c47-ab4233f8a6ff</sln:wojIIPId><sln:wojIIPPn>PL.PZGIK.200</sln:wojIIPPn><sln:wojIIPWersja>2017-10-10T00:00:00+02:00</sln:wojIIPWersja><sln:wojIdTeryt>24</sln:wojIdTeryt><sln:wojNazwa>śląskie</sln:wojNazwa></sln:miejscowosc><sln:miejscowosc><sln:cyklZyciaOd>2015-04-27T00:00:00+02:00</sln:cyklZyciaOd><sln:gmIIPId>0994ea73-49de-4863-b8ff-a9e43b79a0e0</sln:gmIIPId><sln:gmIIPPn>PL.PZGIK.200</sln:gmIIPPn><sln:gmIIPWersja>2012-09-26T22:28:08+02:00</sln:gmIIPWersja><sln:gmIdTeryt>2401073</sln:gmIdTeryt><sln:gmNazwa>Siewierz</sln:gmNazwa><sln:miejscIIPId>a9fe7e2b-8127-4aaf-954f-1b625ea05d86</sln:miejscIIPId><sln:miejscIIPPn>PL.PZGIK.200</sln:miejscIIPPn><sln:miejscIIPWersja>2016-11-24T13:50:12+02:00</sln:miejscIIPWersja><sln:miejscIdTeryt>0221729</sln:miejscIdTeryt><sln:miejscNazwa>Nowa Wieś</sln:miejscNazwa><sln:miejscRodzaj>Inny obiekt</sln:miejscRodzaj><sln:powIIPId>3078fc9c-2cea-4585-b5af-ec191fa783e2</sln:powIIPId><sln:powIIPPn>PL.PZGIK.200</sln:powIIPPn><sln:powIIPWersja>2012-09-27T09:34:20+02:00</sln:powIIPWersja><sln:powIdTeryt>2401</sln:powIdTeryt><sln:powNazwa>będziński</sln:powNazwa><sln:wojIIPId>98a63fe6-1e56-4d05-9c47-ab4233f8a6ff</sln:wojIIPId><sln:wojIIPPn>PL.PZGIK.200</sln:wojIIPPn><sln:wojIIPWersja>2017-10-10T00:00:00+02:00</sln:wojIIPWersja><sln:wojIdTeryt>24</sln:wojIdTeryt><sln:wojNazwa>śląskie</sln:wojNazwa></sln:miejscowosc><sln:miejscowosc><sln:cyklZyciaOd>2015-04-27T00:00:00+02:00</sln:cyklZyciaOd><sln:gmIIPId>0994ea73-49de-4863-b8ff-a9e43b79a0e0</sln:gmIIPId><sln:gmIIPPn>PL.PZGIK.200</sln:gmIIPPn><sln:gmIIPWersja>2012-09-26T22:28:08+02:00</sln:gmIIPWersja><sln:gmIdTeryt>2401073</sln:gmIdTeryt><sln:gmNazwa>Siewierz</sln:gmNazwa><sln:miejscIIPId>120777ea-1678-43d3-bb36-d91ce83b7969</sln:miejscIIPId><sln:miejscIIPPn>PL.PZGIK.200</sln:miejscIIPPn><sln:miejscIIPWersja>2016-11-24T13:36:56+02:00</sln:miejscIIPWersja><sln:miejscIdTeryt>0221422</sln:miejscIdTeryt><sln:miejscNazwa>Dziewki</sln:miejscNazwa><sln:miejscRodzaj>Wieś</sln:miejscRodzaj><sln:powIIPId>3078fc9c-2cea-4585-b5af-ec191fa783e2</sln:powIIPId><sln:powIIPPn>PL.PZGIK.200</sln:powIIPPn><sln:powIIPWersja>2012-09-27T09:34:20+02:00</sln:powIIPWersja><sln:powIdTeryt>2401</sln:powIdTeryt><sln:powNazwa>będziński</sln:powNazwa><sln:wojIIPId>98a63fe6-1e56-4d05-9c47-ab4233f8a6ff</sln:wojIIPId><sln:wojIIPPn>PL.PZGIK.200</sln:wojIIPPn><sln:wojIIPWersja>2017-10-10T00:00:00+02:00</sln:wojIIPWersja><sln:wojIdTeryt>24</sln:wojIdTeryt><sln:wojNazwa>śląskie</sln:wojNazwa></sln:miejscowosc><sln:miejscowosc><sln:cyklZyciaOd>2015-04-27T00:00:00+02:00</sln:cyklZyciaOd><sln:gmIIPId>0994ea73-49de-4863-b8ff-a9e43b79a0e0</sln:gmIIPId><sln:gmIIPPn>PL.PZGIK.200</sln:gmIIPPn><sln:gmIIPWersja>2012-09-26T22:28:08+02:00</sln:gmIIPWersja><sln:gmIdTeryt>2401073</sln:gmIdTeryt><sln:gmNazwa>Siewierz</sln:gmNazwa><sln:miejscIIPId>a18c1280-51f3-4557-a04c-4710598806a8</sln:miejscIIPId><sln:miejscIIPPn>PL.PZGIK.200</sln:miejscIIPPn><sln:miejscIIPWersja>2016-11-24T13:35:50+02:00</sln:miejscIIPWersja><sln:miejscIdTeryt>0221400</sln:miejscIdTeryt><sln:miejscNazwa>Czekanka</sln:miejscNazwa><sln:miejscRodzaj>Wieś</sln:miejscRodzaj><sln:powIIPId>3078fc9c-2cea-4585-b5af-ec191fa783e2</sln:powIIPId><sln:powIIPPn>PL.PZGIK.200</sln:powIIPPn><sln:powIIPWersja>2012-09-27T09:34:20+02:00</sln:powIIPWersja><sln:powIdTeryt>2401</sln:powIdTeryt><sln:powNazwa>będziński</sln:powNazwa><sln:wojIIPId>98a63fe6-1e56-4d05-9c47-ab4233f8a6ff</sln:wojIIPId><sln:wojIIPPn>PL.PZGIK.200</sln:wojIIPPn><sln:wojIIPWersja>2017-10-10T00:00:00+02:00</sln:wojIIPWersja><sln:wojIdTeryt>24</sln:wojIdTeryt><sln:wojNazwa>śląskie</sln:wojNazwa></sln:miejscowosc><sln:miejscowosc><sln:cyklZyciaOd>2015-04-27T00:00:00+02:00</sln:cyklZyciaOd><sln:gmIIPId>0994ea73-49de-4863-b8ff-a9e43b79a0e0</sln:gmIIPId><sln:gmIIPPn>PL.PZGIK.200</sln:gmIIPPn><sln:gmIIPWersja>2012-09-26T22:28:08+02:00</sln:gmIIPWersja><sln:gmIdTeryt>2401073</sln:gmIdTeryt><sln:gmNazwa>Siewierz</sln:gmNazwa><sln:miejscIIPId>ca89556f-ce2b-4625-a617-c4caa0e1145d</sln:miejscIIPId><sln:miejscIIPPn>PL.PZGIK.200</sln:miejscIIPPn><sln:miejscIIPWersja>2016-11-24T13:35:07+02:00</sln:miejscIIPWersja><sln:miejscIdTeryt>0221770</sln:miejscIdTeryt><sln:miejscNazwa>Żelisławice</sln:miejscNazwa><sln:miejscRodzaj>Wieś</sln:miejscRodzaj><sln:powIIPId>3078fc9c-2cea-4585-b5af-ec191fa783e2</sln:powIIPId><sln:powIIPPn>PL.PZGIK.200</sln:powIIPPn><sln:powIIPWersja>2012-09-27T09:34:20+02:00</sln:powIIPWersja><sln:powIdTeryt>2401</sln:powIdTeryt><sln:powNazwa>będziński</sln:powNazwa><sln:wojIIPId>98a63fe6-1e56-4d05-9c47-ab4233f8a6ff</sln:wojIIPId><sln:wojIIPPn>PL.PZGIK.200</sln:wojIIPPn><sln:wojIIPWersja>2017-10-10T00:00:00+02:00</sln:wojIIPWersja><sln:wojIdTeryt>24</sln:wojIdTeryt><sln:wojNazwa>śląskie</sln:wojNazwa></sln:miejscowosc><sln:miejscowosc><sln:cyklZyciaOd>2015-04-27T00:00:00+02:00</sln:cyklZyciaOd><sln:gmIIPId>0994ea73-49de-4863-b8ff-a9e43b79a0e0</sln:gmIIPId><sln:gmIIPPn>PL.PZGIK.200</sln:gmIIPPn><sln:gmIIPWersja>2012-09-26T22:28:08+02:00</sln:gmIIPWersja><sln:gmIdTeryt>2401073</sln:gmIdTeryt><sln:gmNazwa>Siewierz</sln:gmNazwa><sln:miejscIIPId>31eaf05b-2891-437a-a754-8b910b4e8ec2</sln:miejscIIPId><sln:miejscIIPPn>PL.PZGIK.200</sln:miejscIIPPn><sln:miejscIIPWersja>2016-11-24T13:33:29+02:00</sln:miejscIIPWersja><sln:miejscIdTeryt>0221698</sln:miejscIdTeryt><sln:miejscNazwa>Wojkowice Kościelne</sln:miejscNazwa><sln:miejscRodzaj>Wieś</sln:miejscRodzaj><sln:powIIPId>3078fc9c-2cea-4585-b5af-ec191fa783e2</sln:powIIPId><sln:powIIPPn>PL.PZGIK.200</sln:powIIPPn><sln:powIIPWersja>2012-09-27T09:34:20+02:00</sln:powIIPWersja><sln:powIdTeryt>2401</sln:powIdTeryt><sln:powNazwa>będziński</sln:powNazwa><sln:wojIIPId>98a63fe6-1e56-4d05-9c47-ab4233f8a6ff</sln:wojIIPId><sln:wojIIPPn>PL.PZGIK.200</sln:wojIIPPn><sln:wojIIPWersja>2017-10-10T00:00:00+02:00</sln:wojIIPWersja><sln:wojIdTeryt>24</sln:wojIdTeryt><sln:wojNazwa>śląskie</sln:wojNazwa></sln:miejscowosc><sln:miejscowosc><sln:cyklZyciaOd>2015-04-27T00:00:00+02:00</sln:cyklZyciaOd><sln:gmIIPId>0994ea73-49de-4863-b8ff-a9e43b79a0e0</sln:gmIIPId><sln:gmIIPPn>PL.PZGIK.200</sln:gmIIPPn><sln:gmIIPWersja>2012-09-26T22:28:08+02:00</sln:gmIIPWersja><sln:gmIdTeryt>2401073</sln:gmIdTeryt><sln:gmNazwa>Siewierz</sln:gmNazwa><sln:miejscIIPId>2207725a-226f-44a3-9d1e-99db450f0e64</sln:miejscIIPId><sln:miejscIIPPn>PL.PZGIK.200</sln:miejscIIPPn><sln:miejscIIPWersja>2016-11-24T13:46:52+02:00</sln:miejscIIPWersja><sln:miejscIdTeryt>0943240</sln:miejscIdTeryt><sln:miejscNazwa>Łysa Góra</sln:miejscNazwa><sln:miejscRodzaj>Inny obiekt</sln:miejscRodzaj><sln:powIIPId>3078fc9c-2cea-4585-b5af-ec191fa783e2</sln:powIIPId><sln:powIIPPn>PL.PZGIK.200</sln:powIIPPn><sln:powIIPWersja>2012-09-27T09:34:20+02:00</sln:powIIPWersja><sln:powIdTeryt>2401</sln:powIdTeryt><sln:powNazwa>będziński</sln:powNazwa><sln:wojIIPId>98a63fe6-1e56-4d05-9c47-ab4233f8a6ff</sln:wojIIPId><sln:wojIIPPn>PL.PZGIK.200</sln:wojIIPPn><sln:wojIIPWersja>2017-10-10T00:00:00+02:00</sln:wojIIPWersja><sln:wojIdTeryt>24</sln:wojIdTeryt><sln:wojNazwa>śląskie</sln:wojNazwa></sln:miejscowosc><sln:miejscowosc><sln:cyklZyciaOd>2015-04-27T00:00:00+02:00</sln:cyklZyciaOd><sln:gmIIPId>0994ea73-49de-4863-b8ff-a9e43b79a0e0</sln:gmIIPId><sln:gmIIPPn>PL.PZGIK.200</sln:gmIIPPn><sln:gmIIPWersja>2012-09-26T22:28:08+02:00</sln:gmIIPWersja><sln:gmIdTeryt>2401073</sln:gmIdTeryt><sln:gmNazwa>Siewierz</sln:gmNazwa><sln:miejscIIPId>906c1e53-08e5-472a-ba40-51dcd663a32f</sln:miejscIIPId><sln:miejscIIPPn>PL.PZGIK.200</sln:miejscIIPPn><sln:miejscIIPWersja>2016-11-24T13:47:06+02:00</sln:miejscIIPWersja><sln:miejscIdTeryt>0221563</sln:miejscIdTeryt><sln:miejscNazwa>Słowik</sln:miejscNazwa><sln:miejscRodzaj>Kolonia</sln:miejscRodzaj><sln:powIIPId>3078fc9c-2cea-4585-b5af-ec191fa783e2</sln:powIIPId><sln:powIIPPn>PL.PZGIK.200</sln:powIIPPn><sln:powIIPWersja>2012-09-27T09:34:20+02:00</sln:powIIPWersja><sln:powIdTeryt>2401</sln:powIdTeryt><sln:powNazwa>będziński</sln:powNazwa><sln:wojIIPId>98a63fe6-1e56-4d05-9c47-ab4233f8a6ff</sln:wojIIPId><sln:wojIIPPn>PL.PZGIK.200</sln:wojIIPPn><sln:wojIIPWersja>2017-10-10T00:00:00+02:00</sln:wojIIPWersja><sln:wojIdTeryt>24</sln:wojIdTeryt><sln:wojNazwa>śląskie</sln:wojNazwa></sln:miejscowosc><sln:miejscowosc><sln:cyklZyciaOd>2015-04-27T00:00:00+02:00</sln:cyklZyciaOd><sln:gmIIPId>0994ea73-49de-4863-b8ff-a9e43b79a0e0</sln:gmIIPId><sln:gmIIPPn>PL.PZGIK.200</sln:gmIIPPn><sln:gmIIPWersja>2012-09-26T22:28:08+02:00</sln:gmIIPWersja><sln:gmIdTeryt>2401073</sln:gmIdTeryt><sln:gmNazwa>Siewierz</sln:gmNazwa><sln:miejscIIPId>08dd104a-6ca5-4275-b3f4-7ba6006c93fa</sln:miejscIIPId><sln:miejscIIPPn>PL.PZGIK.200</sln:miejscIIPPn><sln:miejscIIPWersja>2016-11-24T13:50:12+02:00</sln:miejscIIPWersja><sln:miejscIdTeryt>0221712</sln:miejscIdTeryt><sln:miejscNazwa>Karsów</sln:miejscNazwa><sln:miejscRodzaj>Inny obiekt</sln:miejscRodzaj><sln:powIIPId>3078fc9c-2cea-4585-b5af-ec191fa783e2</sln:powIIPId><sln:powIIPPn>PL.PZGIK.200</sln:powIIPPn><sln:powIIPWersja>2012-09-27T09:34:20+02:00</sln:powIIPWersja><sln:powIdTeryt>2401</sln:powIdTeryt><sln:powNazwa>będziński</sln:powNazwa><sln:wojIIPId>98a63fe6-1e56-4d05-9c47-ab4233f8a6ff</sln:wojIIPId><sln:wojIIPPn>PL.PZGIK.200</sln:wojIIPPn><sln:wojIIPWersja>2017-10-10T00:00:00+02:00</sln:wojIIPWersja><sln:wojIdTeryt>24</sln:wojIdTeryt><sln:wojNazwa>śląskie</sln:wojNazwa></sln:miejscowosc><sln:miejscowosc><sln:cyklZyciaOd>2015-04-27T00:00:00+02:00</sln:cyklZyciaOd><sln:gmIIPId>0994ea73-49de-4863-b8ff-a9e43b79a0e0</sln:gmIIPId><sln:gmIIPPn>PL.PZGIK.200</sln:gmIIPPn><sln:gmIIPWersja>2012-09-26T22:28:08+02:00</sln:gmIIPWersja><sln:gmIdTeryt>2401073</sln:gmIdTeryt><sln:gmNazwa>Siewierz</sln:gmNazwa><sln:miejscIIPId>1b708431-268d-4e0a-9e0c-31c606634f88</sln:miejscIIPId><sln:miejscIIPPn>PL.PZGIK.200</sln:miejscIIPPn><sln:miejscIIPWersja>2016-11-24T13:50:12+02:00</sln:miejscIIPWersja><sln:miejscIdTeryt>0221735</sln:miejscIdTeryt><sln:miejscNazwa>Pastwiska</sln:miejscNazwa><sln:miejscRodzaj>Inny obiekt</sln:miejscRodzaj><sln:powIIPId>3078fc9c-2cea-4585-b5af-ec191fa783e2</sln:powIIPId><sln:powIIPPn>PL.PZGIK.200</sln:powIIPPn><sln:powIIPWersja>2012-09-27T09:34:20+02:00</sln:powIIPWersja><sln:powIdTeryt>2401</sln:powIdTeryt><sln:powNazwa>będziński</sln:powNazwa><sln:wojIIPId>98a63fe6-1e56-4d05-9c47-ab4233f8a6ff</sln:wojIIPId><sln:wojIIPPn>PL.PZGIK.200</sln:wojIIPPn><sln:wojIIPWersja>2017-10-10T00:00:00+02:00</sln:wojIIPWersja><sln:wojIdTeryt>24</sln:wojIdTeryt><sln:wojNazwa>śląskie</sln:wojNazwa></sln:miejscowosc><sln:miejscowosc><sln:cyklZyciaOd>2015-04-27T00:00:00+02:00</sln:cyklZyciaOd><sln:gmIIPId>0994ea73-49de-4863-b8ff-a9e43b79a0e0</sln:gmIIPId><sln:gmIIPPn>PL.PZGIK.200</sln:gmIIPPn><sln:gmIIPWersja>2012-09-26T22:28:08+02:00</sln:gmIIPWersja><sln:gmIdTeryt>2401073</sln:gmIdTeryt><sln:gmNazwa>Siewierz</sln:gmNazwa><sln:miejscIIPId>18bd90dd-f635-423d-a91a-c61e1a5ef3fc</sln:miejscIIPId><sln:miejscIIPPn>PL.PZGIK.200</sln:miejscIIPPn><sln:miejscIIPWersja>2016-11-24T13:30:37+02:00</sln:miejscIIPWersja><sln:miejscIdTeryt>0943204</sln:miejscIdTeryt><sln:miejscNazwa>Siewierz</sln:miejscNazwa><sln:miejscRodzaj>Miasto</sln:miejscRodzaj><sln:powIIPId>3078fc9c-2cea-4585-b5af-ec191fa783e2</sln:powIIPId><sln:powIIPPn>PL.PZGIK.200</sln:powIIPPn><sln:powIIPWersja>2012-09-27T09:34:20+02:00</sln:powIIPWersja><sln:powIdTeryt>2401</sln:powIdTeryt><sln:powNazwa>będziński</sln:powNazwa><sln:wojIIPId>98a63fe6-1e56-4d05-9c47-ab4233f8a6ff</sln:wojIIPId><sln:wojIIPPn>PL.PZGIK.200</sln:wojIIPPn><sln:wojIIPWersja>2017-10-10T00:00:00+02:00</sln:wojIIPWersja><sln:wojIdTeryt>24</sln:wojIdTeryt><sln:wojNazwa>śląskie</sln:wojNazwa></sln:miejscowosc><sln:miejscowosc><sln:cyklZyciaOd>2015-04-27T00:00:00+02:00</sln:cyklZyciaOd><sln:gmIIPId>0994ea73-49de-4863-b8ff-a9e43b79a0e0</sln:gmIIPId><sln:gmIIPPn>PL.PZGIK.200</sln:gmIIPPn><sln:gmIIPWersja>2012-09-26T22:28:08+02:00</sln:gmIIPWersja><sln:gmIdTeryt>2401073</sln:gmIdTeryt><sln:gmNazwa>Siewierz</sln:gmNazwa><sln:miejscIIPId>4927b4f5-8458-4e7d-bbce-f17f4209ca12</sln:miejscIIPId><sln:miejscIIPPn>PL.PZGIK.200</sln:miejscIIPPn><sln:miejscIIPWersja>2016-11-24T13:32:57+02:00</sln:miejscIIPWersja><sln:miejscIdTeryt>0221623</sln:miejscIdTeryt><sln:miejscNazwa>Warężyn</sln:miejscNazwa><sln:miejscRodzaj>Wieś</sln:miejscRodzaj><sln:powIIPId>3078fc9c-2cea-4585-b5af-ec191fa783e2</sln:powIIPId><sln:powIIPPn>PL.PZGIK.200</sln:powIIPPn><sln:powIIPWersja>2012-09-27T09:34:20+02:00</sln:powIIPWersja><sln:powIdTeryt>2401</sln:powIdTeryt><sln:powNazwa>będziński</sln:powNazwa><sln:wojIIPId>98a63fe6-1e56-4d05-9c47-ab4233f8a6ff</sln:wojIIPId><sln:wojIIPPn>PL.PZGIK.200</sln:wojIIPPn><sln:wojIIPWersja>2017-10-10T00:00:00+02:00</sln:wojIIPWersja><sln:wojIdTeryt>24</sln:wojIdTeryt><sln:wojNazwa>śląskie</sln:wojNazwa></sln:miejscowosc><sln:miejscowosc><sln:cyklZyciaOd>2015-04-27T00:00:00+02:00</sln:cyklZyciaOd><sln:gmIIPId>0994ea73-49de-4863-b8ff-a9e43b79a0e0</sln:gmIIPId><sln:gmIIPPn>PL.PZGIK.200</sln:gmIIPPn><sln:gmIIPWersja>2012-09-26T22:28:08+02:00</sln:gmIIPWersja><sln:gmIdTeryt>2401073</sln:gmIdTeryt><sln:gmNazwa>Siewierz</sln:gmNazwa><sln:miejscIIPId>f6c89437-655d-4d46-b402-7970fdf1ea74</sln:miejscIIPId><sln:miejscIIPPn>PL.PZGIK.200</sln:miejscIIPPn><sln:miejscIIPWersja>2016-11-24T13:51:20+02:00</sln:miejscIIPWersja><sln:miejscIdTeryt>0221801</sln:miejscIdTeryt><sln:miejscNazwa>Namiarki</sln:miejscNazwa><sln:miejscRodzaj>Inny obiekt</sln:miejscRodzaj><sln:powIIPId>3078fc9c-2cea-4585-b5af-ec191fa783e2</sln:powIIPId><sln:powIIPPn>PL.PZGIK.200</sln:powIIPPn><sln:powIIPWersja>2012-09-27T09:34:20+02:00</sln:powIIPWersja><sln:powIdTeryt>2401</sln:powIdTeryt><sln:powNazwa>będziński</sln:powNazwa><sln:wojIIPId>98a63fe6-1e56-4d05-9c47-ab4233f8a6ff</sln:wojIIPId><sln:wojIIPPn>PL.PZGIK.200</sln:wojIIPPn><sln:wojIIPWersja>2017-10-10T00:00:00+02:00</sln:wojIIPWersja><sln:wojIdTeryt>24</sln:wojIdTeryt><sln:wojNazwa>śląskie</sln:wojNazwa></sln:miejscowosc><sln:miejscowosc><sln:cyklZyciaOd>2015-04-27T00:00:00+02:00</sln:cyklZyciaOd><sln:gmIIPId>0994ea73-49de-4863-b8ff-a9e43b79a0e0</sln:gmIIPId><sln:gmIIPPn>PL.PZGIK.200</sln:gmIIPPn><sln:gmIIPWersja>2012-09-26T22:28:08+02:00</sln:gmIIPWersja><sln:gmIdTeryt>2401073</sln:gmIdTeryt><sln:gmNazwa>Siewierz</sln:gmNazwa><sln:miejscIIPId>c41a3523-b33c-438c-875e-bdea4bbb7d3e</sln:miejscIIPId><sln:miejscIIPPn>PL.PZGIK.200</sln:miejscIIPPn><sln:miejscIIPWersja>2016-11-24T13:28:30+02:00</sln:miejscIIPWersja><sln:miejscIdTeryt>0221327</sln:miejscIdTeryt><sln:miejscNazwa>Brudzowice</sln:miejscNazwa><sln:miejscRodzaj>Wieś</sln:miejscRodzaj><sln:powIIPId>3078fc9c-2cea-4585-b5af-ec191fa783e2</sln:powIIPId><sln:powIIPPn>PL.PZGIK.200</sln:powIIPPn><sln:powIIPWersja>2012-09-27T09:34:20+02:00</sln:powIIPWersja><sln:powIdTeryt>2401</sln:powIdTeryt><sln:powNazwa>będziński</sln:powNazwa><sln:wojIIPId>98a63fe6-1e56-4d05-9c47-ab4233f8a6ff</sln:wojIIPId><sln:wojIIPPn>PL.PZGIK.200</sln:wojIIPPn><sln:wojIIPWersja>2017-10-10T00:00:00+02:00</sln:wojIIPWersja><sln:wojIdTeryt>24</sln:wojIdTeryt><sln:wojNazwa>śląskie</sln:wojNazwa></sln:miejscowosc><sln:miejscowosc><sln:cyklZyciaOd>2015-04-27T00:00:00+02:00</sln:cyklZyciaOd><sln:gmIIPId>0994ea73-49de-4863-b8ff-a9e43b79a0e0</sln:gmIIPId><sln:gmIIPPn>PL.PZGIK.200</sln:gmIIPPn><sln:gmIIPWersja>2012-09-26T22:28:08+02:00</sln:gmIIPWersja><sln:gmIdTeryt>2401073</sln:gmIdTeryt><sln:gmNazwa>Siewierz</sln:gmNazwa><sln:miejscIIPId>10138d66-4c06-4101-b92c-cbd49b7c7b6e</sln:miejscIIPId><sln:miejscIIPPn>PL.PZGIK.200</sln:miejscIIPPn><sln:miejscIIPWersja>2016-11-24T13:41:00+02:00</sln:miejscIIPWersja><sln:miejscIdTeryt>0221505</sln:miejscIdTeryt><sln:miejscNazwa>Leśniaki</sln:miejscNazwa><sln:miejscRodzaj>Wieś</sln:miejscRodzaj><sln:powIIPId>3078fc9c-2cea-4585-b5af-ec191fa783e2</sln:powIIPId><sln:powIIPPn>PL.PZGIK.200</sln:powIIPPn><sln:powIIPWersja>2012-09-27T09:34:20+02:00</sln:powIIPWersja><sln:powIdTeryt>2401</sln:powIdTeryt><sln:powNazwa>będziński</sln:powNazwa><sln:wojIIPId>98a63fe6-1e56-4d05-9c47-ab4233f8a6ff</sln:wojIIPId><sln:wojIIPPn>PL.PZGIK.200</sln:wojIIPPn><sln:wojIIPWersja>2017-10-10T00:00:00+02:00</sln:wojIIPWersja><sln:wojIdTeryt>24</sln:wojIdTeryt><sln:wojNazwa>śląskie</sln:wojNazwa></sln:miejscowosc><sln:miejscowosc><sln:cyklZyciaOd>2015-04-27T00:00:00+02:00</sln:cyklZyciaOd><sln:gmIIPId>0994ea73-49de-4863-b8ff-a9e43b79a0e0</sln:gmIIPId><sln:gmIIPPn>PL.PZGIK.200</sln:gmIIPPn><sln:gmIIPWersja>2012-09-26T22:28:08+02:00</sln:gmIIPWersja><sln:gmIdTeryt>2401073</sln:gmIdTeryt><sln:gmNazwa>Siewierz</sln:gmNazwa><sln:miejscIIPId>7e8c3cf7-031c-4173-8595-ffd579a1c639</sln:miejscIIPId><sln:miejscIIPPn>PL.PZGIK.200</sln:miejscIIPPn><sln:miejscIIPWersja>2016-11-24T13:44:53+02:00</sln:miejscIIPWersja><sln:miejscIdTeryt>0221391</sln:miejscIdTeryt><sln:miejscNazwa>Surma</sln:miejscNazwa><sln:miejscRodzaj>Inny obiekt</sln:miejscRodzaj><sln:powIIPId>3078fc9c-2cea-4585-b5af-ec191fa783e2</sln:powIIPId><sln:powIIPPn>PL.PZGIK.200</sln:powIIPPn><sln:powIIPWersja>2012-09-27T09:34:20+02:00</sln:powIIPWersja><sln:powIdTeryt>2401</sln:powIdTeryt><sln:powNazwa>będziński</sln:powNazwa><sln:wojIIPId>98a63fe6-1e56-4d05-9c47-ab4233f8a6ff</sln:wojIIPId><sln:wojIIPPn>PL.PZGIK.200</sln:wojIIPPn><sln:wojIIPWersja>2017-10-10T00:00:00+02:00</sln:wojIIPWersja><sln:wojIdTeryt>24</sln:wojIdTeryt><sln:wojNazwa>śląskie</sln:wojNazwa></sln:miejscowosc><sln:miejscowosc><sln:cyklZyciaOd>2015-04-27T00:00:00+02:00</sln:cyklZyciaOd><sln:gmIIPId>0994ea73-49de-4863-b8ff-a9e43b79a0e0</sln:gmIIPId><sln:gmIIPPn>PL.PZGIK.200</sln:gmIIPPn><sln:gmIIPWersja>2012-09-26T22:28:08+02:00</sln:gmIIPWersja><sln:gmIdTeryt>2401073</sln:gmIdTeryt><sln:gmNazwa>Siewierz</sln:gmNazwa><sln:miejscIIPId>d0466c6b-1834-48e0-ac77-8c254289ddf1</sln:miejscIIPId><sln:miejscIIPPn>PL.PZGIK.200</sln:miejscIIPPn><sln:miejscIIPWersja>2016-11-24T13:28:31+02:00</sln:miejscIIPWersja><sln:miejscIdTeryt>0221528</sln:miejscIdTeryt><sln:miejscNazwa>Podwarpie</sln:miejscNazwa><sln:miejscRodzaj>Wieś</sln:miejscRodzaj><sln:powIIPId>3078fc9c-2cea-4585-b5af-ec191fa783e2</sln:powIIPId><sln:powIIPPn>PL.PZGIK.200</sln:powIIPPn><sln:powIIPWersja>2012-09-27T09:34:20+02:00</sln:powIIPWersja><sln:powIdTeryt>2401</sln:powIdTeryt><sln:powNazwa>będziński</sln:powNazwa><sln:wojIIPId>98a63fe6-1e56-4d05-9c47-ab4233f8a6ff</sln:wojIIPId><sln:wojIIPPn>PL.PZGIK.200</sln:wojIIPPn><sln:wojIIPWersja>2017-10-10T00:00:00+02:00</sln:wojIIPWersja><sln:wojIdTeryt>24</sln:wojIdTeryt><sln:wojNazwa>śląskie</sln:wojNazwa></sln:miejscowosc><sln:miejscowosc><sln:cyklZyciaDo>2016-11-27T00:00:00+01:00</sln:cyklZyciaDo><sln:cyklZyciaOd>2015-04-27T00:00:00+02:00</sln:cyklZyciaOd><sln:gmIIPId>0994ea73-49de-4863-b8ff-a9e43b79a0e0</sln:gmIIPId><sln:gmIIPPn>PL.PZGIK.200</sln:gmIIPPn><sln:gmIIPWersja>2012-09-26T22:28:08+02:00</sln:gmIIPWersja><sln:gmIdTeryt>2401073</sln:gmIdTeryt><sln:gmNazwa>Siewierz</sln:gmNazwa><sln:miejscIIPId>c278dbc7-1dee-4419-882d-731b6f88b418</sln:miejscIIPId><sln:miejscIIPPn>PL.PZGIK.200</sln:miejscIIPPn><sln:miejscIIPWersja>2016-11-24T13:32:36+02:00</sln:miejscIIPWersja><sln:miejscIdTeryt>0221617</sln:miejscIdTeryt><sln:miejscNazwa>Tuliszów</sln:miejscNazwa><sln:miejscRodzaj>Wieś</sln:miejscRodzaj><sln:powIIPId>3078fc9c-2cea-4585-b5af-ec191fa783e2</sln:powIIPId><sln:powIIPPn>PL.PZGIK.200</sln:powIIPPn><sln:powIIPWersja>2012-09-27T09:34:20+02:00</sln:powIIPWersja><sln:powIdTeryt>2401</sln:powIdTeryt><sln:powNazwa>będziński</sln:powNazwa><sln:wojIIPId>98a63fe6-1e56-4d05-9c47-ab4233f8a6ff</sln:wojIIPId><sln:wojIIPPn>PL.PZGIK.200</sln:wojIIPPn><sln:wojIIPWersja>2017-10-10T00:00:00+02:00</sln:wojIIPWersja><sln:wojIdTeryt>24</sln:wojIdTeryt><sln:wojNazwa>śląskie</sln:wojNazwa></sln:miejscowosc><sln:miejscowosc><sln:cyklZyciaOd>2015-04-27T00:00:00+02:00</sln:cyklZyciaOd><sln:gmIIPId>0994ea73-49de-4863-b8ff-a9e43b79a0e0</sln:gmIIPId><sln:gmIIPPn>PL.PZGIK.200</sln:gmIIPPn><sln:gmIIPWersja>2012-09-26T22:28:08+02:00</sln:gmIIPWersja><sln:gmIdTeryt>2401073</sln:gmIdTeryt><sln:gmNazwa>Siewierz</sln:gmNazwa><sln:miejscIIPId>c02a850f-a76c-443e-81b0-7c4f13ddae12</sln:miejscIIPId><sln:miejscIIPPn>PL.PZGIK.200</sln:miejscIIPPn><sln:miejscIIPWersja>2016-11-24T13:49:15+02:00</sln:miejscIIPWersja><sln:miejscIdTeryt>0221652</sln:miejscIdTeryt><sln:miejscNazwa>Kuźnica Podleśna</sln:miejscNazwa><sln:miejscRodzaj>Inny obiekt</sln:miejscRodzaj><sln:powIIPId>3078fc9c-2cea-4585-b5af-ec191fa783e2</sln:powIIPId><sln:powIIPPn>PL.PZGIK.200</sln:powIIPPn><sln:powIIPWersja>2012-09-27T09:34:20+02:00</sln:powIIPWersja><sln:powIdTeryt>2401</sln:powIdTeryt><sln:powNazwa>będziński</sln:powNazwa><sln:wojIIPId>98a63fe6-1e56-4d05-9c47-ab4233f8a6ff</sln:wojIIPId><sln:wojIIPPn>PL.PZGIK.200</sln:wojIIPPn><sln:wojIIPWersja>2017-10-10T00:00:00+02:00</sln:wojIIPWersja><sln:wojIdTeryt>24</sln:wojIdTeryt><sln:wojNazwa>śląskie</sln:wojNazwa></sln:miejscowosc><sln:miejscowosc><sln:cyklZyciaOd>2015-04-27T00:00:00+02:00</sln:cyklZyciaOd><sln:gmIIPId>0994ea73-49de-4863-b8ff-a9e43b79a0e0</sln:gmIIPId><sln:gmIIPPn>PL.PZGIK.200</sln:gmIIPPn><sln:gmIIPWersja>2012-09-26T22:28:08+02:00</sln:gmIIPWersja><sln:gmIdTeryt>2401073</sln:gmIdTeryt><sln:gmNazwa>Siewierz</sln:gmNazwa><sln:miejscIIPId>a76139dd-9f48-41ce-8327-b1350db30822</sln:miejscIIPId><sln:miejscIIPPn>PL.PZGIK.200</sln:miejscIIPPn><sln:miejscIIPWersja>2016-11-24T13:53:43+02:00</sln:miejscIIPWersja><sln:miejscIdTeryt>0221416</sln:miejscIdTeryt><sln:miejscNazwa>Dzierżawa</sln:miejscNazwa><sln:miejscRodzaj>Kolonia</sln:miejscRodzaj><sln:powIIPId>3078fc9c-2cea-4585-b5af-ec191fa783e2</sln:powIIPId><sln:powIIPPn>PL.PZGIK.200</sln:powIIPPn><sln:powIIPWersja>2012-09-27T09:34:20+02:00</sln:powIIPWersja><sln:powIdTeryt>2401</sln:powIdTeryt><sln:powNazwa>będziński</sln:powNazwa><sln:wojIIPId>98a63fe6-1e56-4d05-9c47-ab4233f8a6ff</sln:wojIIPId><sln:wojIIPPn>PL.PZGIK.200</sln:wojIIPPn><sln:wojIIPWersja>2017-10-10T00:00:00+02:00</sln:wojIIPWersja><sln:wojIdTeryt>24</sln:wojIdTeryt><sln:wojNazwa>śląskie</sln:wojNazwa></sln:miejscowosc><sln:miejscowosc><sln:cyklZyciaOd>2015-04-27T00:00:00+02:00</sln:cyklZyciaOd><sln:gmIIPId>0994ea73-49de-4863-b8ff-a9e43b79a0e0</sln:gmIIPId><sln:gmIIPPn>PL.PZGIK.200</sln:gmIIPPn><sln:gmIIPWersja>2012-09-26T22:28:08+02:00</sln:gmIIPWersja><sln:gmIdTeryt>2401073</sln:gmIdTeryt><sln:gmNazwa>Siewierz</sln:gmNazwa><sln:miejscIIPId>f3a3c592-7289-4af7-a270-1ec90b0d8718</sln:miejscIIPId><sln:miejscIIPPn>PL.PZGIK.200</sln:miejscIIPPn><sln:miejscIIPWersja>2016-11-24T13:44:53+02:00</sln:miejscIIPWersja><sln:miejscIdTeryt>0221340</sln:miejscIdTeryt><sln:miejscNazwa>Kolonia Główna</sln:miejscNazwa><sln:miejscRodzaj>Inny obiekt</sln:miejscRodzaj><sln:powIIPId>3078fc9c-2cea-4585-b5af-ec191fa783e2</sln:powIIPId><sln:powIIPPn>PL.PZGIK.200</sln:powIIPPn><sln:powIIPWersja>2012-09-27T09:34:20+02:00</sln:powIIPWersja><sln:powIdTeryt>2401</sln:powIdTeryt><sln:powNazwa>będziński</sln:powNazwa><sln:wojIIPId>98a63fe6-1e56-4d05-9c47-ab4233f8a6ff</sln:wojIIPId><sln:wojIIPPn>PL.PZGIK.200</sln:wojIIPPn><sln:wojIIPWersja>2017-10-10T00:00:00+02:00</sln:wojIIPWersja><sln:wojIdTeryt>24</sln:wojIdTeryt><sln:wojNazwa>śląskie</sln:wojNazwa></sln:miejscowosc><sln:miejscowosc><sln:cyklZyciaOd>2015-04-27T00:00:00+02:00</sln:cyklZyciaOd><sln:gmIIPId>0994ea73-49de-4863-b8ff-a9e43b79a0e0</sln:gmIIPId><sln:gmIIPPn>PL.PZGIK.200</sln:gmIIPPn><sln:gmIIPWersja>2012-09-26T22:28:08+02:00</sln:gmIIPWersja><sln:gmIdTeryt>2401073</sln:gmIdTeryt><sln:gmNazwa>Siewierz</sln:gmNazwa><sln:miejscIIPId>402f03ae-44b9-46e8-8579-e2e70ac30c6f</sln:miejscIIPId><sln:miejscIIPPn>PL.PZGIK.200</sln:miejscIIPPn><sln:miejscIIPWersja>2016-11-24T13:44:53+02:00</sln:miejscIIPWersja><sln:miejscIdTeryt>0221362</sln:miejscIdTeryt><sln:miejscNazwa>Krzanów</sln:miejscNazwa><sln:miejscRodzaj>Inny obiekt</sln:miejscRodzaj><sln:powIIPId>3078fc9c-2cea-4585-b5af-ec191fa783e2</sln:powIIPId><sln:powIIPPn>PL.PZGIK.200</sln:powIIPPn><sln:powIIPWersja>2012-09-27T09:34:20+02:00</sln:powIIPWersja><sln:powIdTeryt>2401</sln:powIdTeryt><sln:powNazwa>będziński</sln:powNazwa><sln:wojIIPId>98a63fe6-1e56-4d05-9c47-ab4233f8a6ff</sln:wojIIPId><sln:wojIIPPn>PL.PZGIK.200</sln:wojIIPPn><sln:wojIIPWersja>2017-10-10T00:00:00+02:00</sln:wojIIPWersja><sln:wojIdTeryt>24</sln:wojIdTeryt><sln:wojNazwa>śląskie</sln:wojNazwa></sln:miejscowosc><sln:miejscowosc><sln:cyklZyciaOd>2015-04-27T00:00:00+02:00</sln:cyklZyciaOd><sln:gmIIPId>0994ea73-49de-4863-b8ff-a9e43b79a0e0</sln:gmIIPId><sln:gmIIPPn>PL.PZGIK.200</sln:gmIIPPn><sln:gmIIPWersja>2012-09-26T22:28:08+02:00</sln:gmIIPWersja><sln:gmIdTeryt>2401073</sln:gmIdTeryt><sln:gmNazwa>Siewierz</sln:gmNazwa><sln:miejscIIPId>0aa65b09-acba-491c-9387-b7ea134e3fa9</sln:miejscIIPId><sln:miejscIIPPn>PL.PZGIK.200</sln:miejscIIPPn><sln:miejscIIPWersja>2016-11-24T13:50:12+02:00</sln:miejscIIPWersja><sln:miejscIdTeryt>0221741</sln:miejscIdTeryt><sln:miejscNazwa>Pierkowskie</sln:miejscNazwa><sln:miejscRodzaj>Inny obiekt</sln:miejscRodzaj><sln:powIIPId>3078fc9c-2cea-4585-b5af-ec191fa783e2</sln:powIIPId><sln:powIIPPn>PL.PZGIK.200</sln:powIIPPn><sln:powIIPWersja>2012-09-27T09:34:20+02:00</sln:powIIPWersja><sln:powIdTeryt>2401</sln:powIdTeryt><sln:powNazwa>będziński</sln:powNazwa><sln:wojIIPId>98a63fe6-1e56-4d05-9c47-ab4233f8a6ff</sln:wojIIPId><sln:wojIIPPn>PL.PZGIK.200</sln:wojIIPPn><sln:wojIIPWersja>2017-10-10T00:00:00+02:00</sln:wojIIPWersja><sln:wojIdTeryt>24</sln:wojIdTeryt><sln:wojNazwa>śląskie</sln:wojNazwa></sln:miejscowosc><sln:miejscowosc><sln:cyklZyciaOd>2015-04-27T00:00:00+02:00</sln:cyklZyciaOd><sln:gmIIPId>0994ea73-49de-4863-b8ff-a9e43b79a0e0</sln:gmIIPId><sln:gmIIPPn>PL.PZGIK.200</sln:gmIIPPn><sln:gmIIPWersja>2012-09-26T22:28:08+02:00</sln:gmIIPWersja><sln:gmIdTeryt>2401073</sln:gmIdTeryt><sln:gmNazwa>Siewierz</sln:gmNazwa><sln:miejscIIPId>139c34c1-de92-4a13-9ed6-64159e448ea2</sln:miejscIIPId><sln:miejscIIPPn>PL.PZGIK.200</sln:miejscIIPPn><sln:miejscIIPWersja>2016-11-24T13:49:15+02:00</sln:miejscIIPWersja><sln:miejscIdTeryt>0221646</sln:miejscIdTeryt><sln:miejscNazwa>Kuźnica Piaskowa</sln:miejscNazwa><sln:miejscRodzaj>Inny obiekt</sln:miejscRodzaj><sln:powIIPId>3078fc9c-2cea-4585-b5af-ec191fa783e2</sln:powIIPId><sln:powIIPPn>PL.PZGIK.200</sln:powIIPPn><sln:powIIPWersja>2012-09-27T09:34:20+02:00</sln:powIIPWersja><sln:powIdTeryt>2401</sln:powIdTeryt><sln:powNazwa>będziński</sln:powNazwa><sln:wojIIPId>98a63fe6-1e56-4d05-9c47-ab4233f8a6ff</sln:wojIIPId><sln:wojIIPPn>PL.PZGIK.200</sln:wojIIPPn><sln:wojIIPWersja>2017-10-10T00:00:00+02:00</sln:wojIIPWersja><sln:wojIdTeryt>24</sln:wojIdTeryt><sln:wojNazwa>śląskie</sln:wojNazwa></sln:miejscowosc><sln:miejscowosc><sln:cyklZyciaOd>2015-04-27T00:00:00+02:00</sln:cyklZyciaOd><sln:gmIIPId>0994ea73-49de-4863-b8ff-a9e43b79a0e0</sln:gmIIPId><sln:gmIIPPn>PL.PZGIK.200</sln:gmIIPPn><sln:gmIIPWersja>2012-09-26T22:28:08+02:00</sln:gmIIPWersja><sln:gmIdTeryt>2401073</sln:gmIdTeryt><sln:gmNazwa>Siewierz</sln:gmNazwa><sln:miejscIIPId>246c9522-c9fa-403f-b819-87de120f72ad</sln:miejscIIPId><sln:miejscIIPPn>PL.PZGIK.200</sln:miejscIIPPn><sln:miejscIIPWersja>2016-11-24T13:51:20+02:00</sln:miejscIIPWersja><sln:miejscIdTeryt>0221793</sln:miejscIdTeryt><sln:miejscNazwa>Kazimierzów</sln:miejscNazwa><sln:miejscRodzaj>Inny obiekt</sln:miejscRodzaj><sln:powIIPId>3078fc9c-2cea-4585-b5af-ec191fa783e2</sln:powIIPId><sln:powIIPPn>PL.PZGIK.200</sln:powIIPPn><sln:powIIPWersja>2012-09-27T09:34:20+02:00</sln:powIIPWersja><sln:powIdTeryt>2401</sln:powIdTeryt><sln:powNazwa>będziński</sln:powNazwa><sln:wojIIPId>98a63fe6-1e56-4d05-9c47-ab4233f8a6ff</sln:wojIIPId><sln:wojIIPPn>PL.PZGIK.200</sln:wojIIPPn><sln:wojIIPWersja>2017-10-10T00:00:00+02:00</sln:wojIIPWersja><sln:wojIdTeryt>24</sln:wojIdTeryt><sln:wojNazwa>śląskie</sln:wojNazwa></sln:miejscowosc><sln:miejscowosc><sln:cyklZyciaOd>2015-04-27T00:00:00+02:00</sln:cyklZyciaOd><sln:gmIIPId>0994ea73-49de-4863-b8ff-a9e43b79a0e0</sln:gmIIPId><sln:gmIIPPn>PL.PZGIK.200</sln:gmIIPPn><sln:gmIIPWersja>2012-09-26T22:28:08+02:00</sln:gmIIPWersja><sln:gmIdTeryt>2401073</sln:gmIdTeryt><sln:gmNazwa>Siewierz</sln:gmNazwa><sln:miejscIIPId>6ef87487-2ac9-416a-907f-52343f792269</sln:miejscIIPId><sln:miejscIIPPn>PL.PZGIK.200</sln:miejscIIPPn><sln:miejscIIPWersja>2016-11-24T13:37:31+02:00</sln:miejscIIPWersja><sln:miejscIdTeryt>0221497</sln:miejscIdTeryt><sln:miejscNazwa>Gołuchowice</sln:miejscNazwa><sln:miejscRodzaj>Wieś</sln:miejscRodzaj><sln:powIIPId>3078fc9c-2cea-4585-b5af-ec191fa783e2</sln:powIIPId><sln:powIIPPn>PL.PZGIK.200</sln:powIIPPn><sln:powIIPWersja>2012-09-27T09:34:20+02:00</sln:powIIPWersja><sln:powIdTeryt>2401</sln:powIdTeryt><sln:powNazwa>będziński</sln:powNazwa><sln:wojIIPId>98a63fe6-1e56-4d05-9c47-ab4233f8a6ff</sln:wojIIPId><sln:wojIIPPn>PL.PZGIK.200</sln:wojIIPPn><sln:wojIIPWersja>2017-10-10T00:00:00+02:00</sln:wojIIPWersja><sln:wojIdTeryt>24</sln:wojIdTeryt><sln:wojNazwa>śląskie</sln:wojNazwa></sln:miejscowosc><sln:miejscowosc><sln:cyklZyciaOd>2015-04-27T00:00:00+02:00</sln:cyklZyciaOd><sln:gmIIPId>0994ea73-49de-4863-b8ff-a9e43b79a0e0</sln:gmIIPId><sln:gmIIPPn>PL.PZGIK.200</sln:gmIIPPn><sln:gmIIPWersja>2012-09-26T22:28:08+02:00</sln:gmIIPWersja><sln:gmIdTeryt>2401073</sln:gmIdTeryt><sln:gmNazwa>Siewierz</sln:gmNazwa><sln:miejscIIPId>6813e32d-e3c3-4feb-b2c8-fcf910802efa</sln:miejscIIPId><sln:miejscIIPPn>PL.PZGIK.200</sln:miejscIIPPn><sln:miejscIIPWersja>2016-11-24T13:46:52+02:00</sln:miejscIIPWersja><sln:miejscIdTeryt>0943233</sln:miejscIdTeryt><sln:miejscNazwa>Kuźnica Świętojańska</sln:miejscNazwa><sln:miejscRodzaj>Inny obiekt</sln:miejscRodzaj><sln:powIIPId>3078fc9c-2cea-4585-b5af-ec191fa783e2</sln:powIIPId><sln:powIIPPn>PL.PZGIK.200</sln:powIIPPn><sln:powIIPWersja>2012-09-27T09:34:20+02:00</sln:powIIPWersja><sln:powIdTeryt>2401</sln:powIdTeryt><sln:powNazwa>będziński</sln:powNazwa><sln:wojIIPId>98a63fe6-1e56-4d05-9c47-ab4233f8a6ff</sln:wojIIPId><sln:wojIIPPn>PL.PZGIK.200</sln:wojIIPPn><sln:wojIIPWersja>2017-10-10T00:00:00+02:00</sln:wojIIPWersja><sln:wojIdTeryt>24</sln:wojIdTeryt><sln:wojNazwa>śląskie</sln:wojNazwa></sln:miejscowosc><sln:miejscowosc><sln:cyklZyciaOd>2015-04-27T00:00:00+02:00</sln:cyklZyciaOd><sln:gmIIPId>0994ea73-49de-4863-b8ff-a9e43b79a0e0</sln:gmIIPId><sln:gmIIPPn>PL.PZGIK.200</sln:gmIIPPn><sln:gmIIPWersja>2012-09-26T22:28:08+02:00</sln:gmIIPWersja><sln:gmIdTeryt>2401073</sln:gmIdTeryt><sln:gmNazwa>Siewierz</sln:gmNazwa><sln:miejscIIPId>13c9b130-9c4e-4c58-9e2d-a643cde47525</sln:miejscIIPId><sln:miejscIIPPn>PL.PZGIK.200</sln:miejscIIPPn><sln:miejscIIPWersja>2016-11-24T13:46:52+02:00</sln:miejscIIPWersja><sln:miejscIdTeryt>0943256</sln:miejscIdTeryt><sln:miejscNazwa>Piwoń</sln:miejscNazwa><sln:miejscRodzaj>Inny obiekt</sln:miejscRodzaj><sln:powIIPId>3078fc9c-2cea-4585-b5af-ec191fa783e2</sln:powIIPId><sln:powIIPPn>PL.PZGIK.200</sln:powIIPPn><sln:powIIPWersja>2012-09-27T09:34:20+02:00</sln:powIIPWersja><sln:powIdTeryt>2401</sln:powIdTeryt><sln:powNazwa>będziński</sln:powNazwa><sln:wojIIPId>98a63fe6-1e56-4d05-9c47-ab4233f8a6ff</sln:wojIIPId><sln:wojIIPPn>PL.PZGIK.200</sln:wojIIPPn><sln:wojIIPWersja>2017-10-10T00:00:00+02:00</sln:wojIIPWersja><sln:wojIdTeryt>24</sln:wojIdTeryt><sln:wojNazwa>śląskie</sln:wojNazwa></sln:miejscowosc></sln:lista-miejscowosci>