<?xml version="1.0" encoding="UTF-8" standalone="yes"?><sln:lista-miejscowosci xmlns:srv="http://gugik.gov.pl/schemas/slowniki-service/1.0" xmlns:sln="http://gugik.gov.pl/schemas/slowniki-schema/1.0"><sln:miejscowosc><sln:cyklZyciaDo>2016-11-27T00:00:00+01:00</sln:cyklZyciaDo><sln:cyklZyciaOd>2014-10-08T00:00:00+02:00</sln:cyklZyciaOd><sln:gmIIPId>7d823d1d-e013-4870-b3e1-c84c76a5942d</sln:gmIIPId><sln:gmIIPPn>PL.PZGIK.200</sln:gmIIPPn><sln:gmIIPWersja>2012-09-26T22:29:32+02:00</sln:gmIIPWersja><sln:gmIdTeryt>2404042</sln:gmIdTeryt><sln:gmNazwa>Kamienica Polska</sln:gmNazwa><sln:miejscIIPId>7992689f-471c-49c6-b7b5-faefd05e7938</sln:miejscIIPId><sln:miejscIIPPn>PL.PZGIK.200</sln:miejscIIPPn><sln:miejscIIPWersja>2016-11-24T13:36:19+02:00</sln:miejscIIPWersja><sln:miejscIdTeryt>3010258</sln:miejscIdTeryt><sln:miejscNazwa>Kolonia Koziegłowska</sln:miejscNazwa><sln:miejscRodzaj>Inny obiekt</sln:miejscRodzaj><sln:powIIPId>a5fef4e5-9579-460f-84e2-daa56282f29a</sln:powIIPId><sln:powIIPPn>PL.PZGIK.200</sln:powIIPPn><sln:powIIPWersja>2012-09-27T09:34:20+02:00</sln:powIIPWersja><sln:powIdTeryt>2404</sln:powIdTeryt><sln:powNazwa>częstochowski</sln:powNazwa><sln:wojIIPId>98a63fe6-1e56-4d05-9c47-ab4233f8a6ff</sln:wojIIPId><sln:wojIIPPn>PL.PZGIK.200</sln:wojIIPPn><sln:wojIIPWersja>2017-10-10T00:00:00+02:00</sln:wojIIPWersja><sln:wojIdTeryt>24</sln:wojIdTeryt><sln:wojNazwa>śląskie</sln:wojNazwa></sln:miejscowosc><sln:miejscowosc><sln:cyklZyciaOd>2015-07-02T00:00:00+02:00</sln:cyklZyciaOd><sln:gmIIPId>7d823d1d-e013-4870-b3e1-c84c76a5942d</sln:gmIIPId><sln:gmIIPPn>PL.PZGIK.200</sln:gmIIPPn><sln:gmIIPWersja>2012-09-26T22:29:32+02:00</sln:gmIIPWersja><sln:gmIdTeryt>2404042</sln:gmIdTeryt><sln:gmNazwa>Kamienica Polska</sln:gmNazwa><sln:miejscIIPId>6e5a6915-f611-4ea8-bfcb-ba40e21207f5</sln:miejscIIPId><sln:miejscIIPPn>PL.PZGIK.200</sln:miejscIIPPn><sln:miejscIIPWersja>2016-11-24T13:39:27+02:00</sln:miejscIIPWersja><sln:miejscIdTeryt>0133681</sln:miejscIdTeryt><sln:miejscNazwa>Kolonia Klepaczka</sln:miejscNazwa><sln:miejscRodzaj>Wieś</sln:miejscRodzaj><sln:powIIPId>a5fef4e5-9579-460f-84e2-daa56282f29a</sln:powIIPId><sln:powIIPPn>PL.PZGIK.200</sln:powIIPPn><sln:powIIPWersja>2012-09-27T09:34:20+02:00</sln:powIIPWersja><sln:powIdTeryt>2404</sln:powIdTeryt><sln:powNazwa>częstochowski</sln:powNazwa><sln:wojIIPId>98a63fe6-1e56-4d05-9c47-ab4233f8a6ff</sln:wojIIPId><sln:wojIIPPn>PL.PZGIK.200</sln:wojIIPPn><sln:wojIIPWersja>2017-10-10T00:00:00+02:00</sln:wojIIPWersja><sln:wojIdTeryt>24</sln:wojIdTeryt><sln:wojNazwa>śląskie</sln:wojNazwa></sln:miejscowosc><sln:miejscowosc><sln:cyklZyciaOd>2015-07-02T00:00:00+02:00</sln:cyklZyciaOd><sln:gmIIPId>7d823d1d-e013-4870-b3e1-c84c76a5942d</sln:gmIIPId><sln:gmIIPPn>PL.PZGIK.200</sln:gmIIPPn><sln:gmIIPWersja>2012-09-26T22:29:32+02:00</sln:gmIIPWersja><sln:gmIdTeryt>2404042</sln:gmIdTeryt><sln:gmNazwa>Kamienica Polska</sln:gmNazwa><sln:miejscIIPId>f1efdf90-16f2-4a57-957d-c040759c5fd7</sln:miejscIIPId><sln:miejscIIPPn>PL.PZGIK.200</sln:miejscIIPPn><sln:miejscIIPWersja>2016-11-24T13:34:40+02:00</sln:miejscIIPWersja><sln:miejscIdTeryt>0133764</sln:miejscIdTeryt><sln:miejscNazwa>Zawisna</sln:miejscNazwa><sln:miejscRodzaj>Wieś</sln:miejscRodzaj><sln:powIIPId>a5fef4e5-9579-460f-84e2-daa56282f29a</sln:powIIPId><sln:powIIPPn>PL.PZGIK.200</sln:powIIPPn><sln:powIIPWersja>2012-09-27T09:34:20+02:00</sln:powIIPWersja><sln:powIdTeryt>2404</sln:powIdTeryt><sln:powNazwa>częstochowski</sln:powNazwa><sln:wojIIPId>98a63fe6-1e56-4d05-9c47-ab4233f8a6ff</sln:wojIIPId><sln:wojIIPPn>PL.PZGIK.200</sln:wojIIPPn><sln:wojIIPWersja>2017-10-10T00:00:00+02:00</sln:wojIIPWersja><sln:wojIdTeryt>24</sln:wojIdTeryt><sln:wojNazwa>śląskie</sln:wojNazwa></sln:miejscowosc><sln:miejscowosc><sln:cyklZyciaDo>2016-11-27T00:00:00+01:00</sln:cyklZyciaDo><sln:cyklZyciaOd>2014-10-08T00:00:00+02:00</sln:cyklZyciaOd><sln:gmIIPId>7d823d1d-e013-4870-b3e1-c84c76a5942d</sln:gmIIPId><sln:gmIIPPn>PL.PZGIK.200</sln:gmIIPPn><sln:gmIIPWersja>2012-09-26T22:29:32+02:00</sln:gmIIPWersja><sln:gmIdTeryt>2404042</sln:gmIdTeryt><sln:gmNazwa>Kamienica Polska</sln:gmNazwa><sln:miejscIIPId>af61d905-e4d8-47d6-b17d-a54be3e5e15f</sln:miejscIIPId><sln:miejscIIPPn>PL.PZGIK.200</sln:miejscIIPPn><sln:miejscIIPWersja>2016-11-24T13:36:19+02:00</sln:miejscIIPWersja><sln:miejscIdTeryt>3010509</sln:miejscIdTeryt><sln:miejscNazwa>Buczydło</sln:miejscNazwa><sln:miejscRodzaj>Inny obiekt</sln:miejscRodzaj><sln:powIIPId>a5fef4e5-9579-460f-84e2-daa56282f29a</sln:powIIPId><sln:powIIPPn>PL.PZGIK.200</sln:powIIPPn><sln:powIIPWersja>2012-09-27T09:34:20+02:00</sln:powIIPWersja><sln:powIdTeryt>2404</sln:powIdTeryt><sln:powNazwa>częstochowski</sln:powNazwa><sln:wojIIPId>98a63fe6-1e56-4d05-9c47-ab4233f8a6ff</sln:wojIIPId><sln:wojIIPPn>PL.PZGIK.200</sln:wojIIPPn><sln:wojIIPWersja>2017-10-10T00:00:00+02:00</sln:wojIIPWersja><sln:wojIdTeryt>24</sln:wojIdTeryt><sln:wojNazwa>śląskie</sln:wojNazwa></sln:miejscowosc><sln:miejscowosc><sln:cyklZyciaDo>2016-11-27T00:00:00+01:00</sln:cyklZyciaDo><sln:cyklZyciaOd>2014-10-08T00:00:00+02:00</sln:cyklZyciaOd><sln:gmIIPId>7d823d1d-e013-4870-b3e1-c84c76a5942d</sln:gmIIPId><sln:gmIIPPn>PL.PZGIK.200</sln:gmIIPPn><sln:gmIIPWersja>2012-09-26T22:29:32+02:00</sln:gmIIPWersja><sln:gmIdTeryt>2404042</sln:gmIdTeryt><sln:gmNazwa>Kamienica Polska</sln:gmNazwa><sln:miejscIIPId>2032c1f0-e02d-4b87-97c7-8a50f01e017d</sln:miejscIIPId><sln:miejscIIPPn>PL.PZGIK.200</sln:miejscIIPPn><sln:miejscIIPWersja>2016-11-24T13:36:19+02:00</sln:miejscIIPWersja><sln:miejscIdTeryt>3010260</sln:miejscIdTeryt><sln:miejscNazwa>Kozłowiec</sln:miejscNazwa><sln:miejscRodzaj>Inny obiekt</sln:miejscRodzaj><sln:powIIPId>a5fef4e5-9579-460f-84e2-daa56282f29a</sln:powIIPId><sln:powIIPPn>PL.PZGIK.200</sln:powIIPPn><sln:powIIPWersja>2012-09-27T09:34:20+02:00</sln:powIIPWersja><sln:powIdTeryt>2404</sln:powIdTeryt><sln:powNazwa>częstochowski</sln:powNazwa><sln:wojIIPId>98a63fe6-1e56-4d05-9c47-ab4233f8a6ff</sln:wojIIPId><sln:wojIIPPn>PL.PZGIK.200</sln:wojIIPPn><sln:wojIIPWersja>2017-10-10T00:00:00+02:00</sln:wojIIPWersja><sln:wojIdTeryt>24</sln:wojIdTeryt><sln:wojNazwa>śląskie</sln:wojNazwa></sln:miejscowosc><sln:miejscowosc><sln:cyklZyciaDo>2016-11-27T00:00:00+01:00</sln:cyklZyciaDo><sln:cyklZyciaOd>2014-10-08T00:00:00+02:00</sln:cyklZyciaOd><sln:gmIIPId>7d823d1d-e013-4870-b3e1-c84c76a5942d</sln:gmIIPId><sln:gmIIPPn>PL.PZGIK.200</sln:gmIIPPn><sln:gmIIPWersja>2012-09-26T22:29:32+02:00</sln:gmIIPWersja><sln:gmIdTeryt>2404042</sln:gmIdTeryt><sln:gmNazwa>Kamienica Polska</sln:gmNazwa><sln:miejscIIPId>24f2f71c-26b3-403c-a478-2282b6ea5081</sln:miejscIIPId><sln:miejscIIPPn>PL.PZGIK.200</sln:miejscIIPPn><sln:miejscIIPWersja>2016-11-24T13:36:19+02:00</sln:miejscIIPWersja><sln:miejscIdTeryt>3010246</sln:miejscIdTeryt><sln:miejscNazwa>Kopalnia</sln:miejscNazwa><sln:miejscRodzaj>Inny obiekt</sln:miejscRodzaj><sln:powIIPId>a5fef4e5-9579-460f-84e2-daa56282f29a</sln:powIIPId><sln:powIIPPn>PL.PZGIK.200</sln:powIIPPn><sln:powIIPWersja>2012-09-27T09:34:20+02:00</sln:powIIPWersja><sln:powIdTeryt>2404</sln:powIdTeryt><sln:powNazwa>częstochowski</sln:powNazwa><sln:wojIIPId>98a63fe6-1e56-4d05-9c47-ab4233f8a6ff</sln:wojIIPId><sln:wojIIPPn>PL.PZGIK.200</sln:wojIIPPn><sln:wojIIPWersja>2017-10-10T00:00:00+02:00</sln:wojIIPWersja><sln:wojIdTeryt>24</sln:wojIdTeryt><sln:wojNazwa>śląskie</sln:wojNazwa></sln:miejscowosc><sln:miejscowosc><sln:cyklZyciaOd>2015-07-02T00:00:00+02:00</sln:cyklZyciaOd><sln:gmIIPId>7d823d1d-e013-4870-b3e1-c84c76a5942d</sln:gmIIPId><sln:gmIIPPn>PL.PZGIK.200</sln:gmIIPPn><sln:gmIIPWersja>2012-09-26T22:29:32+02:00</sln:gmIIPWersja><sln:gmIdTeryt>2404042</sln:gmIdTeryt><sln:gmNazwa>Kamienica Polska</sln:gmNazwa><sln:miejscIIPId>68ca6deb-24a8-49fc-9977-95670f89833f</sln:miejscIIPId><sln:miejscIIPPn>PL.PZGIK.200</sln:miejscIIPPn><sln:miejscIIPWersja>2016-11-24T13:28:23+02:00</sln:miejscIIPWersja><sln:miejscIdTeryt>0133669</sln:miejscIdTeryt><sln:miejscNazwa>Podlesie</sln:miejscNazwa><sln:miejscRodzaj>Wieś</sln:miejscRodzaj><sln:powIIPId>a5fef4e5-9579-460f-84e2-daa56282f29a</sln:powIIPId><sln:powIIPPn>PL.PZGIK.200</sln:powIIPPn><sln:powIIPWersja>2012-09-27T09:34:20+02:00</sln:powIIPWersja><sln:powIdTeryt>2404</sln:powIdTeryt><sln:powNazwa>częstochowski</sln:powNazwa><sln:wojIIPId>98a63fe6-1e56-4d05-9c47-ab4233f8a6ff</sln:wojIIPId><sln:wojIIPPn>PL.PZGIK.200</sln:wojIIPPn><sln:wojIIPWersja>2017-10-10T00:00:00+02:00</sln:wojIIPWersja><sln:wojIdTeryt>24</sln:wojIdTeryt><sln:wojNazwa>śląskie</sln:wojNazwa></sln:miejscowosc><sln:miejscowosc><sln:cyklZyciaOd>2015-07-02T00:00:00+02:00</sln:cyklZyciaOd><sln:gmIIPId>7d823d1d-e013-4870-b3e1-c84c76a5942d</sln:gmIIPId><sln:gmIIPPn>PL.PZGIK.200</sln:gmIIPPn><sln:gmIIPWersja>2012-09-26T22:29:32+02:00</sln:gmIIPWersja><sln:gmIdTeryt>2404042</sln:gmIdTeryt><sln:gmNazwa>Kamienica Polska</sln:gmNazwa><sln:miejscIIPId>75400ba6-4246-4010-9b3b-3da7fca72ea0</sln:miejscIIPId><sln:miejscIIPPn>PL.PZGIK.200</sln:miejscIIPPn><sln:miejscIIPWersja>2016-11-24T13:34:36+02:00</sln:miejscIIPWersja><sln:miejscIdTeryt>0133758</sln:miejscIdTeryt><sln:miejscNazwa>Zawada</sln:miejscNazwa><sln:miejscRodzaj>Wieś</sln:miejscRodzaj><sln:powIIPId>a5fef4e5-9579-460f-84e2-daa56282f29a</sln:powIIPId><sln:powIIPPn>PL.PZGIK.200</sln:powIIPPn><sln:powIIPWersja>2012-09-27T09:34:20+02:00</sln:powIIPWersja><sln:powIdTeryt>2404</sln:powIdTeryt><sln:powNazwa>częstochowski</sln:powNazwa><sln:wojIIPId>98a63fe6-1e56-4d05-9c47-ab4233f8a6ff</sln:wojIIPId><sln:wojIIPPn>PL.PZGIK.200</sln:wojIIPPn><sln:wojIIPWersja>2017-10-10T00:00:00+02:00</sln:wojIIPWersja><sln:wojIdTeryt>24</sln:wojIdTeryt><sln:wojNazwa>śląskie</sln:wojNazwa></sln:miejscowosc><sln:miejscowosc><sln:cyklZyciaOd>2015-07-02T00:00:00+02:00</sln:cyklZyciaOd><sln:gmIIPId>7d823d1d-e013-4870-b3e1-c84c76a5942d</sln:gmIIPId><sln:gmIIPPn>PL.PZGIK.200</sln:gmIIPPn><sln:gmIIPWersja>2012-09-26T22:29:32+02:00</sln:gmIIPWersja><sln:gmIdTeryt>2404042</sln:gmIdTeryt><sln:gmNazwa>Kamienica Polska</sln:gmNazwa><sln:miejscIIPId>ed6c5e9b-3a00-4967-8ac3-366f6f52fdb8</sln:miejscIIPId><sln:miejscIIPPn>PL.PZGIK.200</sln:miejscIIPPn><sln:miejscIIPWersja>2016-11-24T13:32:56+02:00</sln:miejscIIPWersja><sln:miejscIdTeryt>0133741</sln:miejscIdTeryt><sln:miejscNazwa>Wanaty</sln:miejscNazwa><sln:miejscRodzaj>Wieś</sln:miejscRodzaj><sln:powIIPId>a5fef4e5-9579-460f-84e2-daa56282f29a</sln:powIIPId><sln:powIIPPn>PL.PZGIK.200</sln:powIIPPn><sln:powIIPWersja>2012-09-27T09:34:20+02:00</sln:powIIPWersja><sln:powIdTeryt>2404</sln:powIdTeryt><sln:powNazwa>częstochowski</sln:powNazwa><sln:wojIIPId>98a63fe6-1e56-4d05-9c47-ab4233f8a6ff</sln:wojIIPId><sln:wojIIPPn>PL.PZGIK.200</sln:wojIIPPn><sln:wojIIPWersja>2017-10-10T00:00:00+02:00</sln:wojIIPWersja><sln:wojIdTeryt>24</sln:wojIdTeryt><sln:wojNazwa>śląskie</sln:wojNazwa></sln:miejscowosc><sln:miejscowosc><sln:cyklZyciaDo>2016-11-27T00:00:00+01:00</sln:cyklZyciaDo><sln:cyklZyciaOd>2014-10-08T00:00:00+02:00</sln:cyklZyciaOd><sln:gmIIPId>7d823d1d-e013-4870-b3e1-c84c76a5942d</sln:gmIIPId><sln:gmIIPPn>PL.PZGIK.200</sln:gmIIPPn><sln:gmIIPWersja>2012-09-26T22:29:32+02:00</sln:gmIIPWersja><sln:gmIdTeryt>2404042</sln:gmIdTeryt><sln:gmNazwa>Kamienica Polska</sln:gmNazwa><sln:miejscIIPId>e3c17bb3-1bd1-4a4b-a1ee-dc0bd693a9ba</sln:miejscIIPId><sln:miejscIIPPn>PL.PZGIK.200</sln:miejscIIPPn><sln:miejscIIPWersja>2016-11-24T13:36:19+02:00</sln:miejscIIPWersja><sln:miejscIdTeryt>3010487</sln:miejscIdTeryt><sln:miejscNazwa>Siedlec</sln:miejscNazwa><sln:miejscRodzaj>Inny obiekt</sln:miejscRodzaj><sln:powIIPId>a5fef4e5-9579-460f-84e2-daa56282f29a</sln:powIIPId><sln:powIIPPn>PL.PZGIK.200</sln:powIIPPn><sln:powIIPWersja>2012-09-27T09:34:20+02:00</sln:powIIPWersja><sln:powIdTeryt>2404</sln:powIdTeryt><sln:powNazwa>częstochowski</sln:powNazwa><sln:wojIIPId>98a63fe6-1e56-4d05-9c47-ab4233f8a6ff</sln:wojIIPId><sln:wojIIPPn>PL.PZGIK.200</sln:wojIIPPn><sln:wojIIPWersja>2017-10-10T00:00:00+02:00</sln:wojIIPWersja><sln:wojIdTeryt>24</sln:wojIdTeryt><sln:wojNazwa>śląskie</sln:wojNazwa></sln:miejscowosc><sln:miejscowosc><sln:cyklZyciaOd>2015-07-02T00:00:00+02:00</sln:cyklZyciaOd><sln:gmIIPId>7d823d1d-e013-4870-b3e1-c84c76a5942d</sln:gmIIPId><sln:gmIIPPn>PL.PZGIK.200</sln:gmIIPPn><sln:gmIIPWersja>2012-09-26T22:29:32+02:00</sln:gmIIPWersja><sln:gmIdTeryt>2404042</sln:gmIdTeryt><sln:gmNazwa>Kamienica Polska</sln:gmNazwa><sln:miejscIIPId>2627b959-4a1e-4113-8c30-3412cf65370c</sln:miejscIIPId><sln:miejscIIPPn>PL.PZGIK.200</sln:miejscIIPPn><sln:miejscIIPWersja>2016-11-24T13:39:08+02:00</sln:miejscIIPWersja><sln:miejscIdTeryt>0133646</sln:miejscIdTeryt><sln:miejscNazwa>Kamienica Polska</sln:miejscNazwa><sln:miejscRodzaj>Wieś</sln:miejscRodzaj><sln:powIIPId>a5fef4e5-9579-460f-84e2-daa56282f29a</sln:powIIPId><sln:powIIPPn>PL.PZGIK.200</sln:powIIPPn><sln:powIIPWersja>2012-09-27T09:34:20+02:00</sln:powIIPWersja><sln:powIdTeryt>2404</sln:powIdTeryt><sln:powNazwa>częstochowski</sln:powNazwa><sln:wojIIPId>98a63fe6-1e56-4d05-9c47-ab4233f8a6ff</sln:wojIIPId><sln:wojIIPPn>PL.PZGIK.200</sln:wojIIPPn><sln:wojIIPWersja>2017-10-10T00:00:00+02:00</sln:wojIIPWersja><sln:wojIdTeryt>24</sln:wojIdTeryt><sln:wojNazwa>śląskie</sln:wojNazwa></sln:miejscowosc><sln:miejscowosc><sln:cyklZyciaOd>2015-07-02T00:00:00+02:00</sln:cyklZyciaOd><sln:gmIIPId>7d823d1d-e013-4870-b3e1-c84c76a5942d</sln:gmIIPId><sln:gmIIPPn>PL.PZGIK.200</sln:gmIIPPn><sln:gmIIPWersja>2012-09-26T22:29:32+02:00</sln:gmIIPWersja><sln:gmIdTeryt>2404042</sln:gmIdTeryt><sln:gmNazwa>Kamienica Polska</sln:gmNazwa><sln:miejscIIPId>95bc8e5c-7aca-4d35-8c42-f99659e4c98b</sln:miejscIIPId><sln:miejscIIPPn>PL.PZGIK.200</sln:miejscIIPPn><sln:miejscIIPWersja>2016-11-24T13:44:02+02:00</sln:miejscIIPWersja><sln:miejscIdTeryt>0133698</sln:miejscIdTeryt><sln:miejscNazwa>Osiny</sln:miejscNazwa><sln:miejscRodzaj>Wieś</sln:miejscRodzaj><sln:powIIPId>a5fef4e5-9579-460f-84e2-daa56282f29a</sln:powIIPId><sln:powIIPPn>PL.PZGIK.200</sln:powIIPPn><sln:powIIPWersja>2012-09-27T09:34:20+02:00</sln:powIIPWersja><sln:powIdTeryt>2404</sln:powIdTeryt><sln:powNazwa>częstochowski</sln:powNazwa><sln:wojIIPId>98a63fe6-1e56-4d05-9c47-ab4233f8a6ff</sln:wojIIPId><sln:wojIIPPn>PL.PZGIK.200</sln:wojIIPPn><sln:wojIIPWersja>2017-10-10T00:00:00+02:00</sln:wojIIPWersja><sln:wojIdTeryt>24</sln:wojIdTeryt><sln:wojNazwa>śląskie</sln:wojNazwa></sln:miejscowosc><sln:miejscowosc><sln:cyklZyciaOd>2015-07-02T00:00:00+02:00</sln:cyklZyciaOd><sln:gmIIPId>7d823d1d-e013-4870-b3e1-c84c76a5942d</sln:gmIIPId><sln:gmIIPPn>PL.PZGIK.200</sln:gmIIPPn><sln:gmIIPWersja>2012-09-26T22:29:32+02:00</sln:gmIIPWersja><sln:gmIdTeryt>2404042</sln:gmIdTeryt><sln:gmNazwa>Kamienica Polska</sln:gmNazwa><sln:miejscIIPId>28adc221-cd79-456d-921d-4b2bbcc45991</sln:miejscIIPId><sln:miejscIIPPn>PL.PZGIK.200</sln:miejscIIPPn><sln:miejscIIPWersja>2016-11-24T13:59:05+02:00</sln:miejscIIPWersja><sln:miejscIdTeryt>0133706</sln:miejscIdTeryt><sln:miejscNazwa>Gajówka Osiny</sln:miejscNazwa><sln:miejscRodzaj>Osada leśna</sln:miejscRodzaj><sln:powIIPId>a5fef4e5-9579-460f-84e2-daa56282f29a</sln:powIIPId><sln:powIIPPn>PL.PZGIK.200</sln:powIIPPn><sln:powIIPWersja>2012-09-27T09:34:20+02:00</sln:powIIPWersja><sln:powIdTeryt>2404</sln:powIdTeryt><sln:powNazwa>częstochowski</sln:powNazwa><sln:wojIIPId>98a63fe6-1e56-4d05-9c47-ab4233f8a6ff</sln:wojIIPId><sln:wojIIPPn>PL.PZGIK.200</sln:wojIIPPn><sln:wojIIPWersja>2017-10-10T00:00:00+02:00</sln:wojIIPWersja><sln:wojIdTeryt>24</sln:wojIdTeryt><sln:wojNazwa>śląskie</sln:wojNazwa></sln:miejscowosc><sln:miejscowosc><sln:cyklZyciaOd>2015-07-02T00:00:00+02:00</sln:cyklZyciaOd><sln:gmIIPId>7d823d1d-e013-4870-b3e1-c84c76a5942d</sln:gmIIPId><sln:gmIIPPn>PL.PZGIK.200</sln:gmIIPPn><sln:gmIIPWersja>2012-09-26T22:29:32+02:00</sln:gmIIPWersja><sln:gmIdTeryt>2404042</sln:gmIdTeryt><sln:gmNazwa>Kamienica Polska</sln:gmNazwa><sln:miejscIIPId>b877b7c2-f82f-4639-a266-a476d32e3173</sln:miejscIIPId><sln:miejscIIPPn>PL.PZGIK.200</sln:miejscIIPPn><sln:miejscIIPWersja>2016-11-24T13:29:48+02:00</sln:miejscIIPWersja><sln:miejscIdTeryt>0133675</sln:miejscIdTeryt><sln:miejscNazwa>Romanów</sln:miejscNazwa><sln:miejscRodzaj>Wieś</sln:miejscRodzaj><sln:powIIPId>a5fef4e5-9579-460f-84e2-daa56282f29a</sln:powIIPId><sln:powIIPPn>PL.PZGIK.200</sln:powIIPPn><sln:powIIPWersja>2012-09-27T09:34:20+02:00</sln:powIIPWersja><sln:powIdTeryt>2404</sln:powIdTeryt><sln:powNazwa>częstochowski</sln:powNazwa><sln:wojIIPId>98a63fe6-1e56-4d05-9c47-ab4233f8a6ff</sln:wojIIPId><sln:wojIIPPn>PL.PZGIK.200</sln:wojIIPPn><sln:wojIIPWersja>2017-10-10T00:00:00+02:00</sln:wojIIPWersja><sln:wojIdTeryt>24</sln:wojIdTeryt><sln:wojNazwa>śląskie</sln:wojNazwa></sln:miejscowosc><sln:miejscowosc><sln:cyklZyciaOd>2015-07-02T00:00:00+02:00</sln:cyklZyciaOd><sln:gmIIPId>7d823d1d-e013-4870-b3e1-c84c76a5942d</sln:gmIIPId><sln:gmIIPPn>PL.PZGIK.200</sln:gmIIPPn><sln:gmIIPWersja>2012-09-26T22:29:32+02:00</sln:gmIIPWersja><sln:gmIdTeryt>2404042</sln:gmIdTeryt><sln:gmNazwa>Kamienica Polska</sln:gmNazwa><sln:miejscIIPId>10f33046-4ee6-4a08-b4a7-04c9942b779d</sln:miejscIIPId><sln:miejscIIPPn>PL.PZGIK.200</sln:miejscIIPPn><sln:miejscIIPWersja>2016-11-24T13:30:02+02:00</sln:miejscIIPWersja><sln:miejscIdTeryt>0133712</sln:miejscIdTeryt><sln:miejscNazwa>Rudnik Wielki</sln:miejscNazwa><sln:miejscRodzaj>Wieś</sln:miejscRodzaj><sln:powIIPId>a5fef4e5-9579-460f-84e2-daa56282f29a</sln:powIIPId><sln:powIIPPn>PL.PZGIK.200</sln:powIIPPn><sln:powIIPWersja>2012-09-27T09:34:20+02:00</sln:powIIPWersja><sln:powIdTeryt>2404</sln:powIdTeryt><sln:powNazwa>częstochowski</sln:powNazwa><sln:wojIIPId>98a63fe6-1e56-4d05-9c47-ab4233f8a6ff</sln:wojIIPId><sln:wojIIPPn>PL.PZGIK.200</sln:wojIIPPn><sln:wojIIPWersja>2017-10-10T00:00:00+02:00</sln:wojIIPWersja><sln:wojIdTeryt>24</sln:wojIdTeryt><sln:wojNazwa>śląskie</sln:wojNazwa></sln:miejscowosc><sln:miejscowosc><sln:cyklZyciaOd>2015-07-02T00:00:00+02:00</sln:cyklZyciaOd><sln:gmIIPId>7d823d1d-e013-4870-b3e1-c84c76a5942d</sln:gmIIPId><sln:gmIIPPn>PL.PZGIK.200</sln:gmIIPPn><sln:gmIIPWersja>2012-09-26T22:29:32+02:00</sln:gmIIPWersja><sln:gmIdTeryt>2404042</sln:gmIdTeryt><sln:gmNazwa>Kamienica Polska</sln:gmNazwa><sln:miejscIIPId>590eaf56-2a9b-41b7-ae0b-d262775887d3</sln:miejscIIPId><sln:miejscIIPPn>PL.PZGIK.200</sln:miejscIIPPn><sln:miejscIIPWersja>2016-11-24T13:46:22+02:00</sln:miejscIIPWersja><sln:miejscIdTeryt>0133735</sln:miejscIdTeryt><sln:miejscNazwa>Hucisko</sln:miejscNazwa><sln:miejscRodzaj>Osada leśna</sln:miejscRodzaj><sln:powIIPId>a5fef4e5-9579-460f-84e2-daa56282f29a</sln:powIIPId><sln:powIIPPn>PL.PZGIK.200</sln:powIIPPn><sln:powIIPWersja>2012-09-27T09:34:20+02:00</sln:powIIPWersja><sln:powIdTeryt>2404</sln:powIdTeryt><sln:powNazwa>częstochowski</sln:powNazwa><sln:wojIIPId>98a63fe6-1e56-4d05-9c47-ab4233f8a6ff</sln:wojIIPId><sln:wojIIPPn>PL.PZGIK.200</sln:wojIIPPn><sln:wojIIPWersja>2017-10-10T00:00:00+02:00</sln:wojIIPWersja><sln:wojIdTeryt>24</sln:wojIdTeryt><sln:wojNazwa>śląskie</sln:wojNazwa></sln:miejscowosc><sln:miejscowosc><sln:cyklZyciaOd>2015-07-02T00:00:00+02:00</sln:cyklZyciaOd><sln:gmIIPId>7d823d1d-e013-4870-b3e1-c84c76a5942d</sln:gmIIPId><sln:gmIIPPn>PL.PZGIK.200</sln:gmIIPPn><sln:gmIIPWersja>2012-09-26T22:29:32+02:00</sln:gmIIPWersja><sln:gmIdTeryt>2404042</sln:gmIdTeryt><sln:gmNazwa>Kamienica Polska</sln:gmNazwa><sln:miejscIIPId>9835ddd5-0fd3-44f3-9516-8fcf03e0cfff</sln:miejscIIPId><sln:miejscIIPPn>PL.PZGIK.200</sln:miejscIIPPn><sln:miejscIIPWersja>2016-11-24T13:46:23+02:00</sln:miejscIIPWersja><sln:miejscIdTeryt>0133729</sln:miejscIdTeryt><sln:miejscNazwa>Kołyski</sln:miejscNazwa><sln:miejscRodzaj>Inny obiekt</sln:miejscRodzaj><sln:powIIPId>a5fef4e5-9579-460f-84e2-daa56282f29a</sln:powIIPId><sln:powIIPPn>PL.PZGIK.200</sln:powIIPPn><sln:powIIPWersja>2012-09-27T09:34:20+02:00</sln:powIIPWersja><sln:powIdTeryt>2404</sln:powIdTeryt><sln:powNazwa>częstochowski</sln:powNazwa><sln:wojIIPId>98a63fe6-1e56-4d05-9c47-ab4233f8a6ff</sln:wojIIPId><sln:wojIIPPn>PL.PZGIK.200</sln:wojIIPPn><sln:wojIIPWersja>2017-10-10T00:00:00+02:00</sln:wojIIPWersja><sln:wojIdTeryt>24</sln:wojIdTeryt><sln:wojNazwa>śląskie</sln:wojNazwa></sln:miejscowosc><sln:miejscowosc><sln:cyklZyciaOd>2015-07-02T00:00:00+02:00</sln:cyklZyciaOd><sln:gmIIPId>7d823d1d-e013-4870-b3e1-c84c76a5942d</sln:gmIIPId><sln:gmIIPPn>PL.PZGIK.200</sln:gmIIPPn><sln:gmIIPWersja>2012-09-26T22:29:32+02:00</sln:gmIIPWersja><sln:gmIdTeryt>2404042</sln:gmIdTeryt><sln:gmNazwa>Kamienica Polska</sln:gmNazwa><sln:miejscIIPId>0c5d5055-d8d6-48ac-9c3b-a80b1663d46d</sln:miejscIIPId><sln:miejscIIPPn>PL.PZGIK.200</sln:miejscIIPPn><sln:miejscIIPWersja>2016-11-24T13:55:11+02:00</sln:miejscIIPWersja><sln:miejscIdTeryt>0133652</sln:miejscIdTeryt><sln:miejscNazwa>Klepaczka</sln:miejscNazwa><sln:miejscRodzaj>Inny obiekt</sln:miejscRodzaj><sln:powIIPId>a5fef4e5-9579-460f-84e2-daa56282f29a</sln:powIIPId><sln:powIIPPn>PL.PZGIK.200</sln:powIIPPn><sln:powIIPWersja>2012-09-27T09:34:20+02:00</sln:powIIPWersja><sln:powIdTeryt>2404</sln:powIdTeryt><sln:powNazwa>częstochowski</sln:powNazwa><sln:wojIIPId>98a63fe6-1e56-4d05-9c47-ab4233f8a6ff</sln:wojIIPId><sln:wojIIPPn>PL.PZGIK.200</sln:wojIIPPn><sln:wojIIPWersja>2017-10-10T00:00:00+02:00</sln:wojIIPWersja><sln:wojIdTeryt>24</sln:wojIdTeryt><sln:wojNazwa>śląskie</sln:wojNazwa></sln:miejscowosc><sln:miejscowosc><sln:cyklZyciaDo>2015-07-02T00:00:00+02:00</sln:cyklZyciaDo><sln:cyklZyciaOd>2014-10-08T00:00:00+02:00</sln:cyklZyciaOd><sln:gmIIPId>7d823d1d-e013-4870-b3e1-c84c76a5942d</sln:gmIIPId><sln:gmIIPPn>PL.PZGIK.200</sln:gmIIPPn><sln:gmIIPWersja>2012-09-26T22:29:32+02:00</sln:gmIIPWersja><sln:gmIdTeryt>2404042</sln:gmIdTeryt><sln:gmNazwa>Kamienica Polska</sln:gmNazwa><sln:miejscIIPId>9835ddd5-0fd3-44f3-9516-8fcf03e0cfff</sln:miejscIIPId><sln:miejscIIPPn>PL.PZGIK.200</sln:miejscIIPPn><sln:miejscIIPWersja>2016-11-24T13:46:24+02:00</sln:miejscIIPWersja><sln:miejscIdTeryt>0133729</sln:miejscIdTeryt><sln:miejscNazwa>Kołyski</sln:miejscNazwa><sln:miejscRodzaj>Inny obiekt</sln:miejscRodzaj><sln:powIIPId>a5fef4e5-9579-460f-84e2-daa56282f29a</sln:powIIPId><sln:powIIPPn>PL.PZGIK.200</sln:powIIPPn><sln:powIIPWersja>2012-09-27T09:34:20+02:00</sln:powIIPWersja><sln:powIdTeryt>2404</sln:powIdTeryt><sln:powNazwa>częstochowski</sln:powNazwa><sln:wojIIPId>98a63fe6-1e56-4d05-9c47-ab4233f8a6ff</sln:wojIIPId><sln:wojIIPPn>PL.PZGIK.200</sln:wojIIPPn><sln:wojIIPWersja>2017-10-10T00:00:00+02:00</sln:wojIIPWersja><sln:wojIdTeryt>24</sln:wojIdTeryt><sln:wojNazwa>śląskie</sln:wojNazwa></sln:miejscowosc><sln:miejscowosc><sln:cyklZyciaDo>2015-07-02T00:00:00+02:00</sln:cyklZyciaDo><sln:cyklZyciaOd>2014-10-08T00:00:00+02:00</sln:cyklZyciaOd><sln:gmIIPId>7d823d1d-e013-4870-b3e1-c84c76a5942d</sln:gmIIPId><sln:gmIIPPn>PL.PZGIK.200</sln:gmIIPPn><sln:gmIIPWersja>2012-09-26T22:29:32+02:00</sln:gmIIPWersja><sln:gmIdTeryt>2404042</sln:gmIdTeryt><sln:gmNazwa>Kamienica Polska</sln:gmNazwa><sln:miejscIIPId>75400ba6-4246-4010-9b3b-3da7fca72ea0</sln:miejscIIPId><sln:miejscIIPPn>PL.PZGIK.200</sln:miejscIIPPn><sln:miejscIIPWersja>2016-11-24T13:34:37+02:00</sln:miejscIIPWersja><sln:miejscIdTeryt>0133758</sln:miejscIdTeryt><sln:miejscNazwa>Zawada</sln:miejscNazwa><sln:miejscRodzaj>Wieś</sln:miejscRodzaj><sln:powIIPId>a5fef4e5-9579-460f-84e2-daa56282f29a</sln:powIIPId><sln:powIIPPn>PL.PZGIK.200</sln:powIIPPn><sln:powIIPWersja>2012-09-27T09:34:20+02:00</sln:powIIPWersja><sln:powIdTeryt>2404</sln:powIdTeryt><sln:powNazwa>częstochowski</sln:powNazwa><sln:wojIIPId>98a63fe6-1e56-4d05-9c47-ab4233f8a6ff</sln:wojIIPId><sln:wojIIPPn>PL.PZGIK.200</sln:wojIIPPn><sln:wojIIPWersja>2017-10-10T00:00:00+02:00</sln:wojIIPWersja><sln:wojIdTeryt>24</sln:wojIdTeryt><sln:wojNazwa>śląskie</sln:wojNazwa></sln:miejscowosc><sln:miejscowosc><sln:cyklZyciaDo>2015-07-02T00:00:00+02:00</sln:cyklZyciaDo><sln:cyklZyciaOd>2014-10-08T00:00:00+02:00</sln:cyklZyciaOd><sln:gmIIPId>7d823d1d-e013-4870-b3e1-c84c76a5942d</sln:gmIIPId><sln:gmIIPPn>PL.PZGIK.200</sln:gmIIPPn><sln:gmIIPWersja>2012-09-26T22:29:32+02:00</sln:gmIIPWersja><sln:gmIdTeryt>2404042</sln:gmIdTeryt><sln:gmNazwa>Kamienica Polska</sln:gmNazwa><sln:miejscIIPId>6e5a6915-f611-4ea8-bfcb-ba40e21207f5</sln:miejscIIPId><sln:miejscIIPPn>PL.PZGIK.200</sln:miejscIIPPn><sln:miejscIIPWersja>2016-11-24T13:39:28+02:00</sln:miejscIIPWersja><sln:miejscIdTeryt>0133681</sln:miejscIdTeryt><sln:miejscNazwa>Kolonia Klepaczka</sln:miejscNazwa><sln:miejscRodzaj>Wieś</sln:miejscRodzaj><sln:powIIPId>a5fef4e5-9579-460f-84e2-daa56282f29a</sln:powIIPId><sln:powIIPPn>PL.PZGIK.200</sln:powIIPPn><sln:powIIPWersja>2012-09-27T09:34:20+02:00</sln:powIIPWersja><sln:powIdTeryt>2404</sln:powIdTeryt><sln:powNazwa>częstochowski</sln:powNazwa><sln:wojIIPId>98a63fe6-1e56-4d05-9c47-ab4233f8a6ff</sln:wojIIPId><sln:wojIIPPn>PL.PZGIK.200</sln:wojIIPPn><sln:wojIIPWersja>2017-10-10T00:00:00+02:00</sln:wojIIPWersja><sln:wojIdTeryt>24</sln:wojIdTeryt><sln:wojNazwa>śląskie</sln:wojNazwa></sln:miejscowosc><sln:miejscowosc><sln:cyklZyciaDo>2015-07-02T00:00:00+02:00</sln:cyklZyciaDo><sln:cyklZyciaOd>2014-10-08T00:00:00+02:00</sln:cyklZyciaOd><sln:gmIIPId>7d823d1d-e013-4870-b3e1-c84c76a5942d</sln:gmIIPId><sln:gmIIPPn>PL.PZGIK.200</sln:gmIIPPn><sln:gmIIPWersja>2012-09-26T22:29:32+02:00</sln:gmIIPWersja><sln:gmIdTeryt>2404042</sln:gmIdTeryt><sln:gmNazwa>Kamienica Polska</sln:gmNazwa><sln:miejscIIPId>68ca6deb-24a8-49fc-9977-95670f89833f</sln:miejscIIPId><sln:miejscIIPPn>PL.PZGIK.200</sln:miejscIIPPn><sln:miejscIIPWersja>2016-11-24T13:28:24+02:00</sln:miejscIIPWersja><sln:miejscIdTeryt>0133669</sln:miejscIdTeryt><sln:miejscNazwa>Podlesie</sln:miejscNazwa><sln:miejscRodzaj>Wieś</sln:miejscRodzaj><sln:powIIPId>a5fef4e5-9579-460f-84e2-daa56282f29a</sln:powIIPId><sln:powIIPPn>PL.PZGIK.200</sln:powIIPPn><sln:powIIPWersja>2012-09-27T09:34:20+02:00</sln:powIIPWersja><sln:powIdTeryt>2404</sln:powIdTeryt><sln:powNazwa>częstochowski</sln:powNazwa><sln:wojIIPId>98a63fe6-1e56-4d05-9c47-ab4233f8a6ff</sln:wojIIPId><sln:wojIIPPn>PL.PZGIK.200</sln:wojIIPPn><sln:wojIIPWersja>2017-10-10T00:00:00+02:00</sln:wojIIPWersja><sln:wojIdTeryt>24</sln:wojIdTeryt><sln:wojNazwa>śląskie</sln:wojNazwa></sln:miejscowosc><sln:miejscowosc><sln:cyklZyciaDo>2015-07-02T00:00:00+02:00</sln:cyklZyciaDo><sln:cyklZyciaOd>2014-10-08T00:00:00+02:00</sln:cyklZyciaOd><sln:gmIIPId>7d823d1d-e013-4870-b3e1-c84c76a5942d</sln:gmIIPId><sln:gmIIPPn>PL.PZGIK.200</sln:gmIIPPn><sln:gmIIPWersja>2012-09-26T22:29:32+02:00</sln:gmIIPWersja><sln:gmIdTeryt>2404042</sln:gmIdTeryt><sln:gmNazwa>Kamienica Polska</sln:gmNazwa><sln:miejscIIPId>10f33046-4ee6-4a08-b4a7-04c9942b779d</sln:miejscIIPId><sln:miejscIIPPn>PL.PZGIK.200</sln:miejscIIPPn><sln:miejscIIPWersja>2016-11-24T13:30:03+02:00</sln:miejscIIPWersja><sln:miejscIdTeryt>0133712</sln:miejscIdTeryt><sln:miejscNazwa>Rudnik Wielki</sln:miejscNazwa><sln:miejscRodzaj>Wieś</sln:miejscRodzaj><sln:powIIPId>a5fef4e5-9579-460f-84e2-daa56282f29a</sln:powIIPId><sln:powIIPPn>PL.PZGIK.200</sln:powIIPPn><sln:powIIPWersja>2012-09-27T09:34:20+02:00</sln:powIIPWersja><sln:powIdTeryt>2404</sln:powIdTeryt><sln:powNazwa>częstochowski</sln:powNazwa><sln:wojIIPId>98a63fe6-1e56-4d05-9c47-ab4233f8a6ff</sln:wojIIPId><sln:wojIIPPn>PL.PZGIK.200</sln:wojIIPPn><sln:wojIIPWersja>2017-10-10T00:00:00+02:00</sln:wojIIPWersja><sln:wojIdTeryt>24</sln:wojIdTeryt><sln:wojNazwa>śląskie</sln:wojNazwa></sln:miejscowosc><sln:miejscowosc><sln:cyklZyciaDo>2015-07-02T00:00:00+02:00</sln:cyklZyciaDo><sln:cyklZyciaOd>2014-10-08T00:00:00+02:00</sln:cyklZyciaOd><sln:gmIIPId>7d823d1d-e013-4870-b3e1-c84c76a5942d</sln:gmIIPId><sln:gmIIPPn>PL.PZGIK.200</sln:gmIIPPn><sln:gmIIPWersja>2012-09-26T22:29:32+02:00</sln:gmIIPWersja><sln:gmIdTeryt>2404042</sln:gmIdTeryt><sln:gmNazwa>Kamienica Polska</sln:gmNazwa><sln:miejscIIPId>590eaf56-2a9b-41b7-ae0b-d262775887d3</sln:miejscIIPId><sln:miejscIIPPn>PL.PZGIK.200</sln:miejscIIPPn><sln:miejscIIPWersja>2016-11-24T13:46:23+02:00</sln:miejscIIPWersja><sln:miejscIdTeryt>0133735</sln:miejscIdTeryt><sln:miejscNazwa>Hucisko</sln:miejscNazwa><sln:miejscRodzaj>Leśniczówka</sln:miejscRodzaj><sln:powIIPId>a5fef4e5-9579-460f-84e2-daa56282f29a</sln:powIIPId><sln:powIIPPn>PL.PZGIK.200</sln:powIIPPn><sln:powIIPWersja>2012-09-27T09:34:20+02:00</sln:powIIPWersja><sln:powIdTeryt>2404</sln:powIdTeryt><sln:powNazwa>częstochowski</sln:powNazwa><sln:wojIIPId>98a63fe6-1e56-4d05-9c47-ab4233f8a6ff</sln:wojIIPId><sln:wojIIPPn>PL.PZGIK.200</sln:wojIIPPn><sln:wojIIPWersja>2017-10-10T00:00:00+02:00</sln:wojIIPWersja><sln:wojIdTeryt>24</sln:wojIdTeryt><sln:wojNazwa>śląskie</sln:wojNazwa></sln:miejscowosc><sln:miejscowosc><sln:cyklZyciaDo>2015-07-02T00:00:00+02:00</sln:cyklZyciaDo><sln:cyklZyciaOd>2014-10-08T00:00:00+02:00</sln:cyklZyciaOd><sln:gmIIPId>7d823d1d-e013-4870-b3e1-c84c76a5942d</sln:gmIIPId><sln:gmIIPPn>PL.PZGIK.200</sln:gmIIPPn><sln:gmIIPWersja>2012-09-26T22:29:32+02:00</sln:gmIIPWersja><sln:gmIdTeryt>2404042</sln:gmIdTeryt><sln:gmNazwa>Kamienica Polska</sln:gmNazwa><sln:miejscIIPId>95bc8e5c-7aca-4d35-8c42-f99659e4c98b</sln:miejscIIPId><sln:miejscIIPPn>PL.PZGIK.200</sln:miejscIIPPn><sln:miejscIIPWersja>2016-11-24T13:44:03+02:00</sln:miejscIIPWersja><sln:miejscIdTeryt>0133698</sln:miejscIdTeryt><sln:miejscNazwa>Osiny</sln:miejscNazwa><sln:miejscRodzaj>Wieś</sln:miejscRodzaj><sln:powIIPId>a5fef4e5-9579-460f-84e2-daa56282f29a</sln:powIIPId><sln:powIIPPn>PL.PZGIK.200</sln:powIIPPn><sln:powIIPWersja>2012-09-27T09:34:20+02:00</sln:powIIPWersja><sln:powIdTeryt>2404</sln:powIdTeryt><sln:powNazwa>częstochowski</sln:powNazwa><sln:wojIIPId>98a63fe6-1e56-4d05-9c47-ab4233f8a6ff</sln:wojIIPId><sln:wojIIPPn>PL.PZGIK.200</sln:wojIIPPn><sln:wojIIPWersja>2017-10-10T00:00:00+02:00</sln:wojIIPWersja><sln:wojIdTeryt>24</sln:wojIdTeryt><sln:wojNazwa>śląskie</sln:wojNazwa></sln:miejscowosc><sln:miejscowosc><sln:cyklZyciaDo>2015-07-02T00:00:00+02:00</sln:cyklZyciaDo><sln:cyklZyciaOd>2014-10-08T00:00:00+02:00</sln:cyklZyciaOd><sln:gmIIPId>7d823d1d-e013-4870-b3e1-c84c76a5942d</sln:gmIIPId><sln:gmIIPPn>PL.PZGIK.200</sln:gmIIPPn><sln:gmIIPWersja>2012-09-26T22:29:32+02:00</sln:gmIIPWersja><sln:gmIdTeryt>2404042</sln:gmIdTeryt><sln:gmNazwa>Kamienica Polska</sln:gmNazwa><sln:miejscIIPId>0c5d5055-d8d6-48ac-9c3b-a80b1663d46d</sln:miejscIIPId><sln:miejscIIPPn>PL.PZGIK.200</sln:miejscIIPPn><sln:miejscIIPWersja>2016-11-24T13:55:12+02:00</sln:miejscIIPWersja><sln:miejscIdTeryt>0133652</sln:miejscIdTeryt><sln:miejscNazwa>Klepaczka</sln:miejscNazwa><sln:miejscRodzaj>Inny obiekt</sln:miejscRodzaj><sln:powIIPId>a5fef4e5-9579-460f-84e2-daa56282f29a</sln:powIIPId><sln:powIIPPn>PL.PZGIK.200</sln:powIIPPn><sln:powIIPWersja>2012-09-27T09:34:20+02:00</sln:powIIPWersja><sln:powIdTeryt>2404</sln:powIdTeryt><sln:powNazwa>częstochowski</sln:powNazwa><sln:wojIIPId>98a63fe6-1e56-4d05-9c47-ab4233f8a6ff</sln:wojIIPId><sln:wojIIPPn>PL.PZGIK.200</sln:wojIIPPn><sln:wojIIPWersja>2017-10-10T00:00:00+02:00</sln:wojIIPWersja><sln:wojIdTeryt>24</sln:wojIdTeryt><sln:wojNazwa>śląskie</sln:wojNazwa></sln:miejscowosc><sln:miejscowosc><sln:cyklZyciaDo>2015-07-02T00:00:00+02:00</sln:cyklZyciaDo><sln:cyklZyciaOd>2014-10-08T00:00:00+02:00</sln:cyklZyciaOd><sln:gmIIPId>7d823d1d-e013-4870-b3e1-c84c76a5942d</sln:gmIIPId><sln:gmIIPPn>PL.PZGIK.200</sln:gmIIPPn><sln:gmIIPWersja>2012-09-26T22:29:32+02:00</sln:gmIIPWersja><sln:gmIdTeryt>2404042</sln:gmIdTeryt><sln:gmNazwa>Kamienica Polska</sln:gmNazwa><sln:miejscIIPId>b877b7c2-f82f-4639-a266-a476d32e3173</sln:miejscIIPId><sln:miejscIIPPn>PL.PZGIK.200</sln:miejscIIPPn><sln:miejscIIPWersja>2016-11-24T13:29:49+02:00</sln:miejscIIPWersja><sln:miejscIdTeryt>0133675</sln:miejscIdTeryt><sln:miejscNazwa>Romanów</sln:miejscNazwa><sln:miejscRodzaj>Wieś</sln:miejscRodzaj><sln:powIIPId>a5fef4e5-9579-460f-84e2-daa56282f29a</sln:powIIPId><sln:powIIPPn>PL.PZGIK.200</sln:powIIPPn><sln:powIIPWersja>2012-09-27T09:34:20+02:00</sln:powIIPWersja><sln:powIdTeryt>2404</sln:powIdTeryt><sln:powNazwa>częstochowski</sln:powNazwa><sln:wojIIPId>98a63fe6-1e56-4d05-9c47-ab4233f8a6ff</sln:wojIIPId><sln:wojIIPPn>PL.PZGIK.200</sln:wojIIPPn><sln:wojIIPWersja>2017-10-10T00:00:00+02:00</sln:wojIIPWersja><sln:wojIdTeryt>24</sln:wojIdTeryt><sln:wojNazwa>śląskie</sln:wojNazwa></sln:miejscowosc><sln:miejscowosc><sln:cyklZyciaDo>2015-07-02T00:00:00+02:00</sln:cyklZyciaDo><sln:cyklZyciaOd>2014-10-08T00:00:00+02:00</sln:cyklZyciaOd><sln:gmIIPId>7d823d1d-e013-4870-b3e1-c84c76a5942d</sln:gmIIPId><sln:gmIIPPn>PL.PZGIK.200</sln:gmIIPPn><sln:gmIIPWersja>2012-09-26T22:29:32+02:00</sln:gmIIPWersja><sln:gmIdTeryt>2404042</sln:gmIdTeryt><sln:gmNazwa>Kamienica Polska</sln:gmNazwa><sln:miejscIIPId>ed6c5e9b-3a00-4967-8ac3-366f6f52fdb8</sln:miejscIIPId><sln:miejscIIPPn>PL.PZGIK.200</sln:miejscIIPPn><sln:miejscIIPWersja>2016-11-24T13:32:57+02:00</sln:miejscIIPWersja><sln:miejscIdTeryt>0133741</sln:miejscIdTeryt><sln:miejscNazwa>Wanaty</sln:miejscNazwa><sln:miejscRodzaj>Wieś</sln:miejscRodzaj><sln:powIIPId>a5fef4e5-9579-460f-84e2-daa56282f29a</sln:powIIPId><sln:powIIPPn>PL.PZGIK.200</sln:powIIPPn><sln:powIIPWersja>2012-09-27T09:34:20+02:00</sln:powIIPWersja><sln:powIdTeryt>2404</sln:powIdTeryt><sln:powNazwa>częstochowski</sln:powNazwa><sln:wojIIPId>98a63fe6-1e56-4d05-9c47-ab4233f8a6ff</sln:wojIIPId><sln:wojIIPPn>PL.PZGIK.200</sln:wojIIPPn><sln:wojIIPWersja>2017-10-10T00:00:00+02:00</sln:wojIIPWersja><sln:wojIdTeryt>24</sln:wojIdTeryt><sln:wojNazwa>śląskie</sln:wojNazwa></sln:miejscowosc><sln:miejscowosc><sln:cyklZyciaDo>2015-07-02T00:00:00+02:00</sln:cyklZyciaDo><sln:cyklZyciaOd>2014-10-08T00:00:00+02:00</sln:cyklZyciaOd><sln:gmIIPId>7d823d1d-e013-4870-b3e1-c84c76a5942d</sln:gmIIPId><sln:gmIIPPn>PL.PZGIK.200</sln:gmIIPPn><sln:gmIIPWersja>2012-09-26T22:29:32+02:00</sln:gmIIPWersja><sln:gmIdTeryt>2404042</sln:gmIdTeryt><sln:gmNazwa>Kamienica Polska</sln:gmNazwa><sln:miejscIIPId>f1efdf90-16f2-4a57-957d-c040759c5fd7</sln:miejscIIPId><sln:miejscIIPPn>PL.PZGIK.200</sln:miejscIIPPn><sln:miejscIIPWersja>2016-11-24T13:34:41+02:00</sln:miejscIIPWersja><sln:miejscIdTeryt>0133764</sln:miejscIdTeryt><sln:miejscNazwa>Zawisna</sln:miejscNazwa><sln:miejscRodzaj>Wieś</sln:miejscRodzaj><sln:powIIPId>a5fef4e5-9579-460f-84e2-daa56282f29a</sln:powIIPId><sln:powIIPPn>PL.PZGIK.200</sln:powIIPPn><sln:powIIPWersja>2012-09-27T09:34:20+02:00</sln:powIIPWersja><sln:powIdTeryt>2404</sln:powIdTeryt><sln:powNazwa>częstochowski</sln:powNazwa><sln:wojIIPId>98a63fe6-1e56-4d05-9c47-ab4233f8a6ff</sln:wojIIPId><sln:wojIIPPn>PL.PZGIK.200</sln:wojIIPPn><sln:wojIIPWersja>2017-10-10T00:00:00+02:00</sln:wojIIPWersja><sln:wojIdTeryt>24</sln:wojIdTeryt><sln:wojNazwa>śląskie</sln:wojNazwa></sln:miejscowosc><sln:miejscowosc><sln:cyklZyciaDo>2015-07-02T00:00:00+02:00</sln:cyklZyciaDo><sln:cyklZyciaOd>2014-10-08T00:00:00+02:00</sln:cyklZyciaOd><sln:gmIIPId>7d823d1d-e013-4870-b3e1-c84c76a5942d</sln:gmIIPId><sln:gmIIPPn>PL.PZGIK.200</sln:gmIIPPn><sln:gmIIPWersja>2012-09-26T22:29:32+02:00</sln:gmIIPWersja><sln:gmIdTeryt>2404042</sln:gmIdTeryt><sln:gmNazwa>Kamienica Polska</sln:gmNazwa><sln:miejscIIPId>2627b959-4a1e-4113-8c30-3412cf65370c</sln:miejscIIPId><sln:miejscIIPPn>PL.PZGIK.200</sln:miejscIIPPn><sln:miejscIIPWersja>2016-11-24T13:39:09+02:00</sln:miejscIIPWersja><sln:miejscIdTeryt>0133646</sln:miejscIdTeryt><sln:miejscNazwa>Kamienica Polska</sln:miejscNazwa><sln:miejscRodzaj>Wieś</sln:miejscRodzaj><sln:powIIPId>a5fef4e5-9579-460f-84e2-daa56282f29a</sln:powIIPId><sln:powIIPPn>PL.PZGIK.200</sln:powIIPPn><sln:powIIPWersja>2012-09-27T09:34:20+02:00</sln:powIIPWersja><sln:powIdTeryt>2404</sln:powIdTeryt><sln:powNazwa>częstochowski</sln:powNazwa><sln:wojIIPId>98a63fe6-1e56-4d05-9c47-ab4233f8a6ff</sln:wojIIPId><sln:wojIIPPn>PL.PZGIK.200</sln:wojIIPPn><sln:wojIIPWersja>2017-10-10T00:00:00+02:00</sln:wojIIPWersja><sln:wojIdTeryt>24</sln:wojIdTeryt><sln:wojNazwa>śląskie</sln:wojNazwa></sln:miejscowosc><sln:miejscowosc><sln:cyklZyciaDo>2015-07-02T00:00:00+02:00</sln:cyklZyciaDo><sln:cyklZyciaOd>2014-10-08T00:00:00+02:00</sln:cyklZyciaOd><sln:gmIIPId>7d823d1d-e013-4870-b3e1-c84c76a5942d</sln:gmIIPId><sln:gmIIPPn>PL.PZGIK.200</sln:gmIIPPn><sln:gmIIPWersja>2012-09-26T22:29:32+02:00</sln:gmIIPWersja><sln:gmIdTeryt>2404042</sln:gmIdTeryt><sln:gmNazwa>Kamienica Polska</sln:gmNazwa><sln:miejscIIPId>28adc221-cd79-456d-921d-4b2bbcc45991</sln:miejscIIPId><sln:miejscIIPPn>PL.PZGIK.200</sln:miejscIIPPn><sln:miejscIIPWersja>2016-11-24T13:59:06+02:00</sln:miejscIIPWersja><sln:miejscIdTeryt>0133706</sln:miejscIdTeryt><sln:miejscNazwa>Gajówka Osiny</sln:miejscNazwa><sln:miejscRodzaj>Gajówka</sln:miejscRodzaj><sln:powIIPId>a5fef4e5-9579-460f-84e2-daa56282f29a</sln:powIIPId><sln:powIIPPn>PL.PZGIK.200</sln:powIIPPn><sln:powIIPWersja>2012-09-27T09:34:20+02:00</sln:powIIPWersja><sln:powIdTeryt>2404</sln:powIdTeryt><sln:powNazwa>częstochowski</sln:powNazwa><sln:wojIIPId>98a63fe6-1e56-4d05-9c47-ab4233f8a6ff</sln:wojIIPId><sln:wojIIPPn>PL.PZGIK.200</sln:wojIIPPn><sln:wojIIPWersja>2017-10-10T00:00:00+02:00</sln:wojIIPWersja><sln:wojIdTeryt>24</sln:wojIdTeryt><sln:wojNazwa>śląskie</sln:wojNazwa></sln:miejscowosc></sln:lista-miejscowosci>