<?xml version="1.0" encoding="UTF-8" standalone="yes"?><sln:lista-miejscowosci xmlns:srv="http://gugik.gov.pl/schemas/slowniki-service/1.0" xmlns:sln="http://gugik.gov.pl/schemas/slowniki-schema/1.0"><sln:miejscowosc><sln:cyklZyciaOd>2014-10-07T00:00:00+02:00</sln:cyklZyciaOd><sln:gmIIPId>cf7f6417-e305-4e31-a3d2-96addfec8d7d</sln:gmIIPId><sln:gmIIPPn>PL.PZGIK.200</sln:gmIIPPn><sln:gmIIPWersja>2012-09-26T22:28:07+02:00</sln:gmIIPWersja><sln:gmIdTeryt>2401011</sln:gmIdTeryt><sln:gmNazwa>Będzin</sln:gmNazwa><sln:miejscIIPId>1678e013-5037-49f6-aa4e-bad7738ad8eb</sln:miejscIIPId><sln:miejscIIPPn>PL.PZGIK.200</sln:miejscIIPPn><sln:miejscIIPWersja>2016-11-24T13:36:19+02:00</sln:miejscIIPWersja><sln:miejscIdTeryt>3010210</sln:miejscIdTeryt><sln:miejscNazwa>Stachowe</sln:miejscNazwa><sln:miejscRodzaj>Inny obiekt</sln:miejscRodzaj><sln:powIIPId>3078fc9c-2cea-4585-b5af-ec191fa783e2</sln:powIIPId><sln:powIIPPn>PL.PZGIK.200</sln:powIIPPn><sln:powIIPWersja>2012-09-27T09:34:20+02:00</sln:powIIPWersja><sln:powIdTeryt>2401</sln:powIdTeryt><sln:powNazwa>będziński</sln:powNazwa><sln:wojIIPId>98a63fe6-1e56-4d05-9c47-ab4233f8a6ff</sln:wojIIPId><sln:wojIIPPn>PL.PZGIK.200</sln:wojIIPPn><sln:wojIIPWersja>2017-10-10T00:00:00+02:00</sln:wojIIPWersja><sln:wojIdTeryt>24</sln:wojIdTeryt><sln:wojNazwa>śląskie</sln:wojNazwa></sln:miejscowosc><sln:miejscowosc><sln:cyklZyciaOd>2014-10-07T00:00:00+02:00</sln:cyklZyciaOd><sln:gmIIPId>cf7f6417-e305-4e31-a3d2-96addfec8d7d</sln:gmIIPId><sln:gmIIPPn>PL.PZGIK.200</sln:gmIIPPn><sln:gmIIPWersja>2012-09-26T22:28:07+02:00</sln:gmIIPWersja><sln:gmIdTeryt>2401011</sln:gmIdTeryt><sln:gmNazwa>Będzin</sln:gmNazwa><sln:miejscIIPId>03504f40-5f38-4c60-8f6e-505307a6ec55</sln:miejscIIPId><sln:miejscIIPPn>PL.PZGIK.200</sln:miejscIIPPn><sln:miejscIIPWersja>2016-11-24T13:36:19+02:00</sln:miejscIIPWersja><sln:miejscIdTeryt>3010222</sln:miejscIdTeryt><sln:miejscNazwa>Osiedle Zamkowe</sln:miejscNazwa><sln:miejscRodzaj>Inny obiekt</sln:miejscRodzaj><sln:powIIPId>3078fc9c-2cea-4585-b5af-ec191fa783e2</sln:powIIPId><sln:powIIPPn>PL.PZGIK.200</sln:powIIPPn><sln:powIIPWersja>2012-09-27T09:34:20+02:00</sln:powIIPWersja><sln:powIdTeryt>2401</sln:powIdTeryt><sln:powNazwa>będziński</sln:powNazwa><sln:wojIIPId>98a63fe6-1e56-4d05-9c47-ab4233f8a6ff</sln:wojIIPId><sln:wojIIPPn>PL.PZGIK.200</sln:wojIIPPn><sln:wojIIPWersja>2017-10-10T00:00:00+02:00</sln:wojIIPWersja><sln:wojIdTeryt>24</sln:wojIdTeryt><sln:wojNazwa>śląskie</sln:wojNazwa></sln:miejscowosc><sln:miejscowosc><sln:cyklZyciaOd>2014-10-07T00:00:00+02:00</sln:cyklZyciaOd><sln:gmIIPId>cf7f6417-e305-4e31-a3d2-96addfec8d7d</sln:gmIIPId><sln:gmIIPPn>PL.PZGIK.200</sln:gmIIPPn><sln:gmIIPWersja>2012-09-26T22:28:07+02:00</sln:gmIIPWersja><sln:gmIdTeryt>2401011</sln:gmIdTeryt><sln:gmNazwa>Będzin</sln:gmNazwa><sln:miejscIIPId>44a091fe-1544-4b7b-8228-f55fe984c8fb</sln:miejscIIPId><sln:miejscIIPPn>PL.PZGIK.200</sln:miejscIIPPn><sln:miejscIIPWersja>2016-11-24T13:54:45+02:00</sln:miejscIIPWersja><sln:miejscIdTeryt>0937913</sln:miejscIdTeryt><sln:miejscNazwa>Bory</sln:miejscNazwa><sln:miejscRodzaj>Inny obiekt</sln:miejscRodzaj><sln:powIIPId>3078fc9c-2cea-4585-b5af-ec191fa783e2</sln:powIIPId><sln:powIIPPn>PL.PZGIK.200</sln:powIIPPn><sln:powIIPWersja>2012-09-27T09:34:20+02:00</sln:powIIPWersja><sln:powIdTeryt>2401</sln:powIdTeryt><sln:powNazwa>będziński</sln:powNazwa><sln:wojIIPId>98a63fe6-1e56-4d05-9c47-ab4233f8a6ff</sln:wojIIPId><sln:wojIIPPn>PL.PZGIK.200</sln:wojIIPPn><sln:wojIIPWersja>2017-10-10T00:00:00+02:00</sln:wojIIPWersja><sln:wojIdTeryt>24</sln:wojIdTeryt><sln:wojNazwa>śląskie</sln:wojNazwa></sln:miejscowosc><sln:miejscowosc><sln:cyklZyciaOd>2014-10-07T00:00:00+02:00</sln:cyklZyciaOd><sln:gmIIPId>cf7f6417-e305-4e31-a3d2-96addfec8d7d</sln:gmIIPId><sln:gmIIPPn>PL.PZGIK.200</sln:gmIIPPn><sln:gmIIPWersja>2012-09-26T22:28:07+02:00</sln:gmIIPWersja><sln:gmIdTeryt>2401011</sln:gmIdTeryt><sln:gmNazwa>Będzin</sln:gmNazwa><sln:miejscIIPId>bb2e4a8d-9997-4c56-9dc2-750f812e2cca</sln:miejscIIPId><sln:miejscIIPPn>PL.PZGIK.200</sln:miejscIIPPn><sln:miejscIIPWersja>2016-11-24T13:36:19+02:00</sln:miejscIIPWersja><sln:miejscIdTeryt>3010225</sln:miejscIdTeryt><sln:miejscNazwa>Osiedle Warpie-Wschód</sln:miejscNazwa><sln:miejscRodzaj>Inny obiekt</sln:miejscRodzaj><sln:powIIPId>3078fc9c-2cea-4585-b5af-ec191fa783e2</sln:powIIPId><sln:powIIPPn>PL.PZGIK.200</sln:powIIPPn><sln:powIIPWersja>2012-09-27T09:34:20+02:00</sln:powIIPWersja><sln:powIdTeryt>2401</sln:powIdTeryt><sln:powNazwa>będziński</sln:powNazwa><sln:wojIIPId>98a63fe6-1e56-4d05-9c47-ab4233f8a6ff</sln:wojIIPId><sln:wojIIPPn>PL.PZGIK.200</sln:wojIIPPn><sln:wojIIPWersja>2017-10-10T00:00:00+02:00</sln:wojIIPWersja><sln:wojIdTeryt>24</sln:wojIdTeryt><sln:wojNazwa>śląskie</sln:wojNazwa></sln:miejscowosc><sln:miejscowosc><sln:cyklZyciaOd>2014-10-07T00:00:00+02:00</sln:cyklZyciaOd><sln:gmIIPId>cf7f6417-e305-4e31-a3d2-96addfec8d7d</sln:gmIIPId><sln:gmIIPPn>PL.PZGIK.200</sln:gmIIPPn><sln:gmIIPWersja>2012-09-26T22:28:07+02:00</sln:gmIIPWersja><sln:gmIdTeryt>2401011</sln:gmIdTeryt><sln:gmNazwa>Będzin</sln:gmNazwa><sln:miejscIIPId>344237f7-0e9f-4051-af3e-b1579b3cf580</sln:miejscIIPId><sln:miejscIIPPn>PL.PZGIK.200</sln:miejscIIPPn><sln:miejscIIPWersja>2016-11-24T13:54:45+02:00</sln:miejscIIPWersja><sln:miejscIdTeryt>0937907</sln:miejscIdTeryt><sln:miejscNazwa>Boleradz</sln:miejscNazwa><sln:miejscRodzaj>Inny obiekt</sln:miejscRodzaj><sln:powIIPId>3078fc9c-2cea-4585-b5af-ec191fa783e2</sln:powIIPId><sln:powIIPPn>PL.PZGIK.200</sln:powIIPPn><sln:powIIPWersja>2012-09-27T09:34:20+02:00</sln:powIIPWersja><sln:powIdTeryt>2401</sln:powIdTeryt><sln:powNazwa>będziński</sln:powNazwa><sln:wojIIPId>98a63fe6-1e56-4d05-9c47-ab4233f8a6ff</sln:wojIIPId><sln:wojIIPPn>PL.PZGIK.200</sln:wojIIPPn><sln:wojIIPWersja>2017-10-10T00:00:00+02:00</sln:wojIIPWersja><sln:wojIdTeryt>24</sln:wojIdTeryt><sln:wojNazwa>śląskie</sln:wojNazwa></sln:miejscowosc><sln:miejscowosc><sln:cyklZyciaOd>2014-10-07T00:00:00+02:00</sln:cyklZyciaOd><sln:gmIIPId>cf7f6417-e305-4e31-a3d2-96addfec8d7d</sln:gmIIPId><sln:gmIIPPn>PL.PZGIK.200</sln:gmIIPPn><sln:gmIIPWersja>2012-09-26T22:28:07+02:00</sln:gmIIPWersja><sln:gmIdTeryt>2401011</sln:gmIdTeryt><sln:gmNazwa>Będzin</sln:gmNazwa><sln:miejscIIPId>1a3962d4-d001-4be4-83a2-f6eeccb85ba0</sln:miejscIIPId><sln:miejscIIPPn>PL.PZGIK.200</sln:miejscIIPPn><sln:miejscIIPWersja>2016-11-24T13:54:45+02:00</sln:miejscIIPWersja><sln:miejscIdTeryt>0938019</sln:miejscIdTeryt><sln:miejscNazwa>Małobądz</sln:miejscNazwa><sln:miejscRodzaj>Inny obiekt</sln:miejscRodzaj><sln:powIIPId>3078fc9c-2cea-4585-b5af-ec191fa783e2</sln:powIIPId><sln:powIIPPn>PL.PZGIK.200</sln:powIIPPn><sln:powIIPWersja>2012-09-27T09:34:20+02:00</sln:powIIPWersja><sln:powIdTeryt>2401</sln:powIdTeryt><sln:powNazwa>będziński</sln:powNazwa><sln:wojIIPId>98a63fe6-1e56-4d05-9c47-ab4233f8a6ff</sln:wojIIPId><sln:wojIIPPn>PL.PZGIK.200</sln:wojIIPPn><sln:wojIIPWersja>2017-10-10T00:00:00+02:00</sln:wojIIPWersja><sln:wojIdTeryt>24</sln:wojIdTeryt><sln:wojNazwa>śląskie</sln:wojNazwa></sln:miejscowosc><sln:miejscowosc><sln:cyklZyciaOd>2014-10-07T00:00:00+02:00</sln:cyklZyciaOd><sln:gmIIPId>cf7f6417-e305-4e31-a3d2-96addfec8d7d</sln:gmIIPId><sln:gmIIPPn>PL.PZGIK.200</sln:gmIIPPn><sln:gmIIPWersja>2012-09-26T22:28:07+02:00</sln:gmIIPWersja><sln:gmIdTeryt>2401011</sln:gmIdTeryt><sln:gmNazwa>Będzin</sln:gmNazwa><sln:miejscIIPId>d8caeb29-1c9f-4e72-9e17-c2405d99043b</sln:miejscIIPId><sln:miejscIIPPn>PL.PZGIK.200</sln:miejscIIPPn><sln:miejscIIPWersja>2016-11-24T13:54:45+02:00</sln:miejscIIPWersja><sln:miejscIdTeryt>0937920</sln:miejscIdTeryt><sln:miejscNazwa>Brzozowica</sln:miejscNazwa><sln:miejscRodzaj>Inny obiekt</sln:miejscRodzaj><sln:powIIPId>3078fc9c-2cea-4585-b5af-ec191fa783e2</sln:powIIPId><sln:powIIPPn>PL.PZGIK.200</sln:powIIPPn><sln:powIIPWersja>2012-09-27T09:34:20+02:00</sln:powIIPWersja><sln:powIdTeryt>2401</sln:powIdTeryt><sln:powNazwa>będziński</sln:powNazwa><sln:wojIIPId>98a63fe6-1e56-4d05-9c47-ab4233f8a6ff</sln:wojIIPId><sln:wojIIPPn>PL.PZGIK.200</sln:wojIIPPn><sln:wojIIPWersja>2017-10-10T00:00:00+02:00</sln:wojIIPWersja><sln:wojIdTeryt>24</sln:wojIdTeryt><sln:wojNazwa>śląskie</sln:wojNazwa></sln:miejscowosc><sln:miejscowosc><sln:cyklZyciaOd>2014-10-07T00:00:00+02:00</sln:cyklZyciaOd><sln:gmIIPId>cf7f6417-e305-4e31-a3d2-96addfec8d7d</sln:gmIIPId><sln:gmIIPPn>PL.PZGIK.200</sln:gmIIPPn><sln:gmIIPWersja>2012-09-26T22:28:07+02:00</sln:gmIIPWersja><sln:gmIdTeryt>2401011</sln:gmIdTeryt><sln:gmNazwa>Będzin</sln:gmNazwa><sln:miejscIIPId>f1d2883c-5dc0-415e-865c-f198a9583f6c</sln:miejscIIPId><sln:miejscIIPPn>PL.PZGIK.200</sln:miejscIIPPn><sln:miejscIIPWersja>2016-11-24T13:54:45+02:00</sln:miejscIIPWersja><sln:miejscIdTeryt>0938025</sln:miejscIdTeryt><sln:miejscNazwa>Niepiekło</sln:miejscNazwa><sln:miejscRodzaj>Inny obiekt</sln:miejscRodzaj><sln:powIIPId>3078fc9c-2cea-4585-b5af-ec191fa783e2</sln:powIIPId><sln:powIIPPn>PL.PZGIK.200</sln:powIIPPn><sln:powIIPWersja>2012-09-27T09:34:20+02:00</sln:powIIPWersja><sln:powIdTeryt>2401</sln:powIdTeryt><sln:powNazwa>będziński</sln:powNazwa><sln:wojIIPId>98a63fe6-1e56-4d05-9c47-ab4233f8a6ff</sln:wojIIPId><sln:wojIIPPn>PL.PZGIK.200</sln:wojIIPPn><sln:wojIIPWersja>2017-10-10T00:00:00+02:00</sln:wojIIPWersja><sln:wojIdTeryt>24</sln:wojIdTeryt><sln:wojNazwa>śląskie</sln:wojNazwa></sln:miejscowosc><sln:miejscowosc><sln:cyklZyciaOd>2014-10-07T00:00:00+02:00</sln:cyklZyciaOd><sln:gmIIPId>cf7f6417-e305-4e31-a3d2-96addfec8d7d</sln:gmIIPId><sln:gmIIPPn>PL.PZGIK.200</sln:gmIIPPn><sln:gmIIPWersja>2012-09-26T22:28:07+02:00</sln:gmIIPWersja><sln:gmIdTeryt>2401011</sln:gmIdTeryt><sln:gmNazwa>Będzin</sln:gmNazwa><sln:miejscIIPId>d91c10cf-337f-4c29-9a05-e481aaae1c8b</sln:miejscIIPId><sln:miejscIIPPn>PL.PZGIK.200</sln:miejscIIPPn><sln:miejscIIPWersja>2016-11-24T13:54:45+02:00</sln:miejscIIPWersja><sln:miejscIdTeryt>0938060</sln:miejscIdTeryt><sln:miejscNazwa>Warpie</sln:miejscNazwa><sln:miejscRodzaj>Inny obiekt</sln:miejscRodzaj><sln:powIIPId>3078fc9c-2cea-4585-b5af-ec191fa783e2</sln:powIIPId><sln:powIIPPn>PL.PZGIK.200</sln:powIIPPn><sln:powIIPWersja>2012-09-27T09:34:20+02:00</sln:powIIPWersja><sln:powIdTeryt>2401</sln:powIdTeryt><sln:powNazwa>będziński</sln:powNazwa><sln:wojIIPId>98a63fe6-1e56-4d05-9c47-ab4233f8a6ff</sln:wojIIPId><sln:wojIIPPn>PL.PZGIK.200</sln:wojIIPPn><sln:wojIIPWersja>2017-10-10T00:00:00+02:00</sln:wojIIPWersja><sln:wojIdTeryt>24</sln:wojIdTeryt><sln:wojNazwa>śląskie</sln:wojNazwa></sln:miejscowosc><sln:miejscowosc><sln:cyklZyciaOd>2014-10-07T00:00:00+02:00</sln:cyklZyciaOd><sln:gmIIPId>cf7f6417-e305-4e31-a3d2-96addfec8d7d</sln:gmIIPId><sln:gmIIPPn>PL.PZGIK.200</sln:gmIIPPn><sln:gmIIPWersja>2012-09-26T22:28:07+02:00</sln:gmIIPWersja><sln:gmIdTeryt>2401011</sln:gmIdTeryt><sln:gmNazwa>Będzin</sln:gmNazwa><sln:miejscIIPId>960e64ca-1e51-47c5-9976-56e005695296</sln:miejscIIPId><sln:miejscIIPPn>PL.PZGIK.200</sln:miejscIIPPn><sln:miejscIIPWersja>2016-11-24T13:54:45+02:00</sln:miejscIIPWersja><sln:miejscIdTeryt>0938031</sln:miejscIdTeryt><sln:miejscNazwa>Podłosie</sln:miejscNazwa><sln:miejscRodzaj>Inny obiekt</sln:miejscRodzaj><sln:powIIPId>3078fc9c-2cea-4585-b5af-ec191fa783e2</sln:powIIPId><sln:powIIPPn>PL.PZGIK.200</sln:powIIPPn><sln:powIIPWersja>2012-09-27T09:34:20+02:00</sln:powIIPWersja><sln:powIdTeryt>2401</sln:powIdTeryt><sln:powNazwa>będziński</sln:powNazwa><sln:wojIIPId>98a63fe6-1e56-4d05-9c47-ab4233f8a6ff</sln:wojIIPId><sln:wojIIPPn>PL.PZGIK.200</sln:wojIIPPn><sln:wojIIPWersja>2017-10-10T00:00:00+02:00</sln:wojIIPWersja><sln:wojIdTeryt>24</sln:wojIdTeryt><sln:wojNazwa>śląskie</sln:wojNazwa></sln:miejscowosc><sln:miejscowosc><sln:cyklZyciaOd>2014-10-07T00:00:00+02:00</sln:cyklZyciaOd><sln:gmIIPId>cf7f6417-e305-4e31-a3d2-96addfec8d7d</sln:gmIIPId><sln:gmIIPPn>PL.PZGIK.200</sln:gmIIPPn><sln:gmIIPWersja>2012-09-26T22:28:07+02:00</sln:gmIIPWersja><sln:gmIdTeryt>2401011</sln:gmIdTeryt><sln:gmNazwa>Będzin</sln:gmNazwa><sln:miejscIIPId>2143aeae-0dbd-4546-b2a0-076ff2b060fa</sln:miejscIIPId><sln:miejscIIPPn>PL.PZGIK.200</sln:miejscIIPPn><sln:miejscIIPWersja>2016-11-24T13:54:45+02:00</sln:miejscIIPWersja><sln:miejscIdTeryt>0937936</sln:miejscIdTeryt><sln:miejscNazwa>Glinice</sln:miejscNazwa><sln:miejscRodzaj>Inny obiekt</sln:miejscRodzaj><sln:powIIPId>3078fc9c-2cea-4585-b5af-ec191fa783e2</sln:powIIPId><sln:powIIPPn>PL.PZGIK.200</sln:powIIPPn><sln:powIIPWersja>2012-09-27T09:34:20+02:00</sln:powIIPWersja><sln:powIdTeryt>2401</sln:powIdTeryt><sln:powNazwa>będziński</sln:powNazwa><sln:wojIIPId>98a63fe6-1e56-4d05-9c47-ab4233f8a6ff</sln:wojIIPId><sln:wojIIPPn>PL.PZGIK.200</sln:wojIIPPn><sln:wojIIPWersja>2017-10-10T00:00:00+02:00</sln:wojIIPWersja><sln:wojIdTeryt>24</sln:wojIdTeryt><sln:wojNazwa>śląskie</sln:wojNazwa></sln:miejscowosc><sln:miejscowosc><sln:cyklZyciaOd>2014-10-07T00:00:00+02:00</sln:cyklZyciaOd><sln:gmIIPId>cf7f6417-e305-4e31-a3d2-96addfec8d7d</sln:gmIIPId><sln:gmIIPPn>PL.PZGIK.200</sln:gmIIPPn><sln:gmIIPWersja>2012-09-26T22:28:07+02:00</sln:gmIIPWersja><sln:gmIdTeryt>2401011</sln:gmIdTeryt><sln:gmNazwa>Będzin</sln:gmNazwa><sln:miejscIIPId>c63d0aa3-337b-4345-a6a7-b97227dfda5b</sln:miejscIIPId><sln:miejscIIPPn>PL.PZGIK.200</sln:miejscIIPPn><sln:miejscIIPWersja>2016-11-24T13:38:16+02:00</sln:miejscIIPWersja><sln:miejscIdTeryt>0937899</sln:miejscIdTeryt><sln:miejscNazwa>Będzin</sln:miejscNazwa><sln:miejscRodzaj>Miasto</sln:miejscRodzaj><sln:powIIPId>3078fc9c-2cea-4585-b5af-ec191fa783e2</sln:powIIPId><sln:powIIPPn>PL.PZGIK.200</sln:powIIPPn><sln:powIIPWersja>2012-09-27T09:34:20+02:00</sln:powIIPWersja><sln:powIdTeryt>2401</sln:powIdTeryt><sln:powNazwa>będziński</sln:powNazwa><sln:wojIIPId>98a63fe6-1e56-4d05-9c47-ab4233f8a6ff</sln:wojIIPId><sln:wojIIPPn>PL.PZGIK.200</sln:wojIIPPn><sln:wojIIPWersja>2017-10-10T00:00:00+02:00</sln:wojIIPWersja><sln:wojIdTeryt>24</sln:wojIdTeryt><sln:wojNazwa>śląskie</sln:wojNazwa></sln:miejscowosc><sln:miejscowosc><sln:cyklZyciaOd>2014-10-07T00:00:00+02:00</sln:cyklZyciaOd><sln:gmIIPId>cf7f6417-e305-4e31-a3d2-96addfec8d7d</sln:gmIIPId><sln:gmIIPPn>PL.PZGIK.200</sln:gmIIPPn><sln:gmIIPWersja>2012-09-26T22:28:07+02:00</sln:gmIIPWersja><sln:gmIdTeryt>2401011</sln:gmIdTeryt><sln:gmNazwa>Będzin</sln:gmNazwa><sln:miejscIIPId>1d79e0a9-062d-4ef2-b711-e415f084cdaa</sln:miejscIIPId><sln:miejscIIPPn>PL.PZGIK.200</sln:miejscIIPPn><sln:miejscIIPWersja>2016-11-24T13:54:45+02:00</sln:miejscIIPWersja><sln:miejscIdTeryt>0937942</sln:miejscIdTeryt><sln:miejscNazwa>Grodziec</sln:miejscNazwa><sln:miejscRodzaj>Inny obiekt</sln:miejscRodzaj><sln:powIIPId>3078fc9c-2cea-4585-b5af-ec191fa783e2</sln:powIIPId><sln:powIIPPn>PL.PZGIK.200</sln:powIIPPn><sln:powIIPWersja>2012-09-27T09:34:20+02:00</sln:powIIPWersja><sln:powIdTeryt>2401</sln:powIdTeryt><sln:powNazwa>będziński</sln:powNazwa><sln:wojIIPId>98a63fe6-1e56-4d05-9c47-ab4233f8a6ff</sln:wojIIPId><sln:wojIIPPn>PL.PZGIK.200</sln:wojIIPPn><sln:wojIIPWersja>2017-10-10T00:00:00+02:00</sln:wojIIPWersja><sln:wojIdTeryt>24</sln:wojIdTeryt><sln:wojNazwa>śląskie</sln:wojNazwa></sln:miejscowosc><sln:miejscowosc><sln:cyklZyciaOd>2014-10-07T00:00:00+02:00</sln:cyklZyciaOd><sln:gmIIPId>cf7f6417-e305-4e31-a3d2-96addfec8d7d</sln:gmIIPId><sln:gmIIPPn>PL.PZGIK.200</sln:gmIIPPn><sln:gmIIPWersja>2012-09-26T22:28:07+02:00</sln:gmIIPWersja><sln:gmIdTeryt>2401011</sln:gmIdTeryt><sln:gmNazwa>Będzin</sln:gmNazwa><sln:miejscIIPId>ce84f0ca-82f2-4668-9036-30fd0c864eaa</sln:miejscIIPId><sln:miejscIIPPn>PL.PZGIK.200</sln:miejscIIPPn><sln:miejscIIPWersja>2016-11-24T13:54:45+02:00</sln:miejscIIPWersja><sln:miejscIdTeryt>0938002</sln:miejscIdTeryt><sln:miejscNazwa>Łęg</sln:miejscNazwa><sln:miejscRodzaj>Inny obiekt</sln:miejscRodzaj><sln:powIIPId>3078fc9c-2cea-4585-b5af-ec191fa783e2</sln:powIIPId><sln:powIIPPn>PL.PZGIK.200</sln:powIIPPn><sln:powIIPWersja>2012-09-27T09:34:20+02:00</sln:powIIPWersja><sln:powIdTeryt>2401</sln:powIdTeryt><sln:powNazwa>będziński</sln:powNazwa><sln:wojIIPId>98a63fe6-1e56-4d05-9c47-ab4233f8a6ff</sln:wojIIPId><sln:wojIIPPn>PL.PZGIK.200</sln:wojIIPPn><sln:wojIIPWersja>2017-10-10T00:00:00+02:00</sln:wojIIPWersja><sln:wojIdTeryt>24</sln:wojIdTeryt><sln:wojNazwa>śląskie</sln:wojNazwa></sln:miejscowosc><sln:miejscowosc><sln:cyklZyciaOd>2014-10-07T00:00:00+02:00</sln:cyklZyciaOd><sln:gmIIPId>cf7f6417-e305-4e31-a3d2-96addfec8d7d</sln:gmIIPId><sln:gmIIPPn>PL.PZGIK.200</sln:gmIIPPn><sln:gmIIPWersja>2012-09-26T22:28:07+02:00</sln:gmIIPWersja><sln:gmIdTeryt>2401011</sln:gmIdTeryt><sln:gmNazwa>Będzin</sln:gmNazwa><sln:miejscIIPId>9be2add1-85ca-4dba-a3c2-b75570c52efc</sln:miejscIIPId><sln:miejscIIPPn>PL.PZGIK.200</sln:miejscIIPPn><sln:miejscIIPWersja>2016-11-24T13:54:45+02:00</sln:miejscIIPWersja><sln:miejscIdTeryt>0938054</sln:miejscIdTeryt><sln:miejscNazwa>Stara Łagisza</sln:miejscNazwa><sln:miejscRodzaj>Inny obiekt</sln:miejscRodzaj><sln:powIIPId>3078fc9c-2cea-4585-b5af-ec191fa783e2</sln:powIIPId><sln:powIIPPn>PL.PZGIK.200</sln:powIIPPn><sln:powIIPWersja>2012-09-27T09:34:20+02:00</sln:powIIPWersja><sln:powIdTeryt>2401</sln:powIdTeryt><sln:powNazwa>będziński</sln:powNazwa><sln:wojIIPId>98a63fe6-1e56-4d05-9c47-ab4233f8a6ff</sln:wojIIPId><sln:wojIIPPn>PL.PZGIK.200</sln:wojIIPPn><sln:wojIIPWersja>2017-10-10T00:00:00+02:00</sln:wojIIPWersja><sln:wojIdTeryt>24</sln:wojIdTeryt><sln:wojNazwa>śląskie</sln:wojNazwa></sln:miejscowosc><sln:miejscowosc><sln:cyklZyciaOd>2014-10-07T00:00:00+02:00</sln:cyklZyciaOd><sln:gmIIPId>cf7f6417-e305-4e31-a3d2-96addfec8d7d</sln:gmIIPId><sln:gmIIPPn>PL.PZGIK.200</sln:gmIIPPn><sln:gmIIPWersja>2012-09-26T22:28:07+02:00</sln:gmIIPWersja><sln:gmIdTeryt>2401011</sln:gmIdTeryt><sln:gmNazwa>Będzin</sln:gmNazwa><sln:miejscIIPId>4e746a8c-583e-4c19-a684-6f807df1c122</sln:miejscIIPId><sln:miejscIIPPn>PL.PZGIK.200</sln:miejscIIPPn><sln:miejscIIPWersja>2016-11-24T13:36:19+02:00</sln:miejscIIPWersja><sln:miejscIdTeryt>3010201</sln:miejscIdTeryt><sln:miejscNazwa>Pustkowie</sln:miejscNazwa><sln:miejscRodzaj>Inny obiekt</sln:miejscRodzaj><sln:powIIPId>3078fc9c-2cea-4585-b5af-ec191fa783e2</sln:powIIPId><sln:powIIPPn>PL.PZGIK.200</sln:powIIPPn><sln:powIIPWersja>2012-09-27T09:34:20+02:00</sln:powIIPWersja><sln:powIdTeryt>2401</sln:powIdTeryt><sln:powNazwa>będziński</sln:powNazwa><sln:wojIIPId>98a63fe6-1e56-4d05-9c47-ab4233f8a6ff</sln:wojIIPId><sln:wojIIPPn>PL.PZGIK.200</sln:wojIIPPn><sln:wojIIPWersja>2017-10-10T00:00:00+02:00</sln:wojIIPWersja><sln:wojIdTeryt>24</sln:wojIdTeryt><sln:wojNazwa>śląskie</sln:wojNazwa></sln:miejscowosc><sln:miejscowosc><sln:cyklZyciaOd>2014-10-07T00:00:00+02:00</sln:cyklZyciaOd><sln:gmIIPId>cf7f6417-e305-4e31-a3d2-96addfec8d7d</sln:gmIIPId><sln:gmIIPPn>PL.PZGIK.200</sln:gmIIPPn><sln:gmIIPWersja>2012-09-26T22:28:07+02:00</sln:gmIIPWersja><sln:gmIdTeryt>2401011</sln:gmIdTeryt><sln:gmNazwa>Będzin</sln:gmNazwa><sln:miejscIIPId>33c618b1-1d99-4257-afd5-f453369901bf</sln:miejscIIPId><sln:miejscIIPPn>PL.PZGIK.200</sln:miejscIIPPn><sln:miejscIIPWersja>2016-11-24T13:54:45+02:00</sln:miejscIIPWersja><sln:miejscIdTeryt>0937994</sln:miejscIdTeryt><sln:miejscNazwa>Łagisza</sln:miejscNazwa><sln:miejscRodzaj>Inny obiekt</sln:miejscRodzaj><sln:powIIPId>3078fc9c-2cea-4585-b5af-ec191fa783e2</sln:powIIPId><sln:powIIPPn>PL.PZGIK.200</sln:powIIPPn><sln:powIIPWersja>2012-09-27T09:34:20+02:00</sln:powIIPWersja><sln:powIdTeryt>2401</sln:powIdTeryt><sln:powNazwa>będziński</sln:powNazwa><sln:wojIIPId>98a63fe6-1e56-4d05-9c47-ab4233f8a6ff</sln:wojIIPId><sln:wojIIPPn>PL.PZGIK.200</sln:wojIIPPn><sln:wojIIPWersja>2017-10-10T00:00:00+02:00</sln:wojIIPWersja><sln:wojIdTeryt>24</sln:wojIdTeryt><sln:wojNazwa>śląskie</sln:wojNazwa></sln:miejscowosc><sln:miejscowosc><sln:cyklZyciaOd>2014-10-07T00:00:00+02:00</sln:cyklZyciaOd><sln:gmIIPId>cf7f6417-e305-4e31-a3d2-96addfec8d7d</sln:gmIIPId><sln:gmIIPPn>PL.PZGIK.200</sln:gmIIPPn><sln:gmIIPWersja>2012-09-26T22:28:07+02:00</sln:gmIIPWersja><sln:gmIdTeryt>2401011</sln:gmIdTeryt><sln:gmNazwa>Będzin</sln:gmNazwa><sln:miejscIIPId>798affd9-6ea1-4cfb-a552-eef3ecec6f85</sln:miejscIIPId><sln:miejscIIPPn>PL.PZGIK.200</sln:miejscIIPPn><sln:miejscIIPWersja>2016-11-24T13:36:19+02:00</sln:miejscIIPWersja><sln:miejscIdTeryt>3010223</sln:miejscIdTeryt><sln:miejscNazwa>Zielona</sln:miejscNazwa><sln:miejscRodzaj>Inny obiekt</sln:miejscRodzaj><sln:powIIPId>3078fc9c-2cea-4585-b5af-ec191fa783e2</sln:powIIPId><sln:powIIPPn>PL.PZGIK.200</sln:powIIPPn><sln:powIIPWersja>2012-09-27T09:34:20+02:00</sln:powIIPWersja><sln:powIdTeryt>2401</sln:powIdTeryt><sln:powNazwa>będziński</sln:powNazwa><sln:wojIIPId>98a63fe6-1e56-4d05-9c47-ab4233f8a6ff</sln:wojIIPId><sln:wojIIPPn>PL.PZGIK.200</sln:wojIIPPn><sln:wojIIPWersja>2017-10-10T00:00:00+02:00</sln:wojIIPWersja><sln:wojIdTeryt>24</sln:wojIdTeryt><sln:wojNazwa>śląskie</sln:wojNazwa></sln:miejscowosc><sln:miejscowosc><sln:cyklZyciaOd>2014-10-07T00:00:00+02:00</sln:cyklZyciaOd><sln:gmIIPId>cf7f6417-e305-4e31-a3d2-96addfec8d7d</sln:gmIIPId><sln:gmIIPPn>PL.PZGIK.200</sln:gmIIPPn><sln:gmIIPWersja>2012-09-26T22:28:07+02:00</sln:gmIIPWersja><sln:gmIdTeryt>2401011</sln:gmIdTeryt><sln:gmNazwa>Będzin</sln:gmNazwa><sln:miejscIIPId>42073030-f408-4d02-b9c0-3137805ddcf2</sln:miejscIIPId><sln:miejscIIPPn>PL.PZGIK.200</sln:miejscIIPPn><sln:miejscIIPWersja>2016-11-24T13:54:45+02:00</sln:miejscIIPWersja><sln:miejscIdTeryt>0937959</sln:miejscIdTeryt><sln:miejscNazwa>Gzichów</sln:miejscNazwa><sln:miejscRodzaj>Inny obiekt</sln:miejscRodzaj><sln:powIIPId>3078fc9c-2cea-4585-b5af-ec191fa783e2</sln:powIIPId><sln:powIIPPn>PL.PZGIK.200</sln:powIIPPn><sln:powIIPWersja>2012-09-27T09:34:20+02:00</sln:powIIPWersja><sln:powIdTeryt>2401</sln:powIdTeryt><sln:powNazwa>będziński</sln:powNazwa><sln:wojIIPId>98a63fe6-1e56-4d05-9c47-ab4233f8a6ff</sln:wojIIPId><sln:wojIIPPn>PL.PZGIK.200</sln:wojIIPPn><sln:wojIIPWersja>2017-10-10T00:00:00+02:00</sln:wojIIPWersja><sln:wojIdTeryt>24</sln:wojIdTeryt><sln:wojNazwa>śląskie</sln:wojNazwa></sln:miejscowosc><sln:miejscowosc><sln:cyklZyciaOd>2014-10-07T00:00:00+02:00</sln:cyklZyciaOd><sln:gmIIPId>cf7f6417-e305-4e31-a3d2-96addfec8d7d</sln:gmIIPId><sln:gmIIPPn>PL.PZGIK.200</sln:gmIIPPn><sln:gmIIPWersja>2012-09-26T22:28:07+02:00</sln:gmIIPWersja><sln:gmIdTeryt>2401011</sln:gmIdTeryt><sln:gmNazwa>Będzin</sln:gmNazwa><sln:miejscIIPId>12097654-0d6d-4e69-a580-00809ebfac4c</sln:miejscIIPId><sln:miejscIIPPn>PL.PZGIK.200</sln:miejscIIPPn><sln:miejscIIPWersja>2016-11-24T13:54:45+02:00</sln:miejscIIPWersja><sln:miejscIdTeryt>0937965</sln:miejscIdTeryt><sln:miejscNazwa>Koszelew</sln:miejscNazwa><sln:miejscRodzaj>Inny obiekt</sln:miejscRodzaj><sln:powIIPId>3078fc9c-2cea-4585-b5af-ec191fa783e2</sln:powIIPId><sln:powIIPPn>PL.PZGIK.200</sln:powIIPPn><sln:powIIPWersja>2012-09-27T09:34:20+02:00</sln:powIIPWersja><sln:powIdTeryt>2401</sln:powIdTeryt><sln:powNazwa>będziński</sln:powNazwa><sln:wojIIPId>98a63fe6-1e56-4d05-9c47-ab4233f8a6ff</sln:wojIIPId><sln:wojIIPPn>PL.PZGIK.200</sln:wojIIPPn><sln:wojIIPWersja>2017-10-10T00:00:00+02:00</sln:wojIIPWersja><sln:wojIdTeryt>24</sln:wojIdTeryt><sln:wojNazwa>śląskie</sln:wojNazwa></sln:miejscowosc><sln:miejscowosc><sln:cyklZyciaOd>2014-10-07T00:00:00+02:00</sln:cyklZyciaOd><sln:gmIIPId>cf7f6417-e305-4e31-a3d2-96addfec8d7d</sln:gmIIPId><sln:gmIIPPn>PL.PZGIK.200</sln:gmIIPPn><sln:gmIIPWersja>2012-09-26T22:28:07+02:00</sln:gmIIPWersja><sln:gmIdTeryt>2401011</sln:gmIdTeryt><sln:gmNazwa>Będzin</sln:gmNazwa><sln:miejscIIPId>a0f9e880-e8eb-4bf6-ac2b-8029c6ea8b0d</sln:miejscIIPId><sln:miejscIIPPn>PL.PZGIK.200</sln:miejscIIPPn><sln:miejscIIPWersja>2016-11-24T13:54:45+02:00</sln:miejscIIPWersja><sln:miejscIdTeryt>0937988</sln:miejscIdTeryt><sln:miejscNazwa>Ksawera</sln:miejscNazwa><sln:miejscRodzaj>Inny obiekt</sln:miejscRodzaj><sln:powIIPId>3078fc9c-2cea-4585-b5af-ec191fa783e2</sln:powIIPId><sln:powIIPPn>PL.PZGIK.200</sln:powIIPPn><sln:powIIPWersja>2012-09-27T09:34:20+02:00</sln:powIIPWersja><sln:powIdTeryt>2401</sln:powIdTeryt><sln:powNazwa>będziński</sln:powNazwa><sln:wojIIPId>98a63fe6-1e56-4d05-9c47-ab4233f8a6ff</sln:wojIIPId><sln:wojIIPPn>PL.PZGIK.200</sln:wojIIPPn><sln:wojIIPWersja>2017-10-10T00:00:00+02:00</sln:wojIIPWersja><sln:wojIdTeryt>24</sln:wojIdTeryt><sln:wojNazwa>śląskie</sln:wojNazwa></sln:miejscowosc><sln:miejscowosc><sln:cyklZyciaOd>2014-10-07T00:00:00+02:00</sln:cyklZyciaOd><sln:gmIIPId>cf7f6417-e305-4e31-a3d2-96addfec8d7d</sln:gmIIPId><sln:gmIIPPn>PL.PZGIK.200</sln:gmIIPPn><sln:gmIIPWersja>2012-09-26T22:28:07+02:00</sln:gmIIPWersja><sln:gmIdTeryt>2401011</sln:gmIdTeryt><sln:gmNazwa>Będzin</sln:gmNazwa><sln:miejscIIPId>6f8b4270-552b-4519-9277-fc8b964f7419</sln:miejscIIPId><sln:miejscIIPPn>PL.PZGIK.200</sln:miejscIIPPn><sln:miejscIIPWersja>2016-11-24T13:36:19+02:00</sln:miejscIIPWersja><sln:miejscIdTeryt>3010184</sln:miejscIdTeryt><sln:miejscNazwa>Osiedle Nowotki</sln:miejscNazwa><sln:miejscRodzaj>Inny obiekt</sln:miejscRodzaj><sln:powIIPId>3078fc9c-2cea-4585-b5af-ec191fa783e2</sln:powIIPId><sln:powIIPPn>PL.PZGIK.200</sln:powIIPPn><sln:powIIPWersja>2012-09-27T09:34:20+02:00</sln:powIIPWersja><sln:powIdTeryt>2401</sln:powIdTeryt><sln:powNazwa>będziński</sln:powNazwa><sln:wojIIPId>98a63fe6-1e56-4d05-9c47-ab4233f8a6ff</sln:wojIIPId><sln:wojIIPPn>PL.PZGIK.200</sln:wojIIPPn><sln:wojIIPWersja>2017-10-10T00:00:00+02:00</sln:wojIIPWersja><sln:wojIdTeryt>24</sln:wojIdTeryt><sln:wojNazwa>śląskie</sln:wojNazwa></sln:miejscowosc><sln:miejscowosc><sln:cyklZyciaOd>2014-10-07T00:00:00+02:00</sln:cyklZyciaOd><sln:gmIIPId>cf7f6417-e305-4e31-a3d2-96addfec8d7d</sln:gmIIPId><sln:gmIIPPn>PL.PZGIK.200</sln:gmIIPPn><sln:gmIIPWersja>2012-09-26T22:28:07+02:00</sln:gmIIPWersja><sln:gmIdTeryt>2401011</sln:gmIdTeryt><sln:gmNazwa>Będzin</sln:gmNazwa><sln:miejscIIPId>08e19965-6f08-491c-8191-10a4088574c7</sln:miejscIIPId><sln:miejscIIPPn>PL.PZGIK.200</sln:miejscIIPPn><sln:miejscIIPWersja>2016-11-24T13:36:19+02:00</sln:miejscIIPWersja><sln:miejscIdTeryt>3010188</sln:miejscIdTeryt><sln:miejscNazwa>Osiedle 27 Stycznia</sln:miejscNazwa><sln:miejscRodzaj>Inny obiekt</sln:miejscRodzaj><sln:powIIPId>3078fc9c-2cea-4585-b5af-ec191fa783e2</sln:powIIPId><sln:powIIPPn>PL.PZGIK.200</sln:powIIPPn><sln:powIIPWersja>2012-09-27T09:34:20+02:00</sln:powIIPWersja><sln:powIdTeryt>2401</sln:powIdTeryt><sln:powNazwa>będziński</sln:powNazwa><sln:wojIIPId>98a63fe6-1e56-4d05-9c47-ab4233f8a6ff</sln:wojIIPId><sln:wojIIPPn>PL.PZGIK.200</sln:wojIIPPn><sln:wojIIPWersja>2017-10-10T00:00:00+02:00</sln:wojIIPWersja><sln:wojIdTeryt>24</sln:wojIdTeryt><sln:wojNazwa>śląskie</sln:wojNazwa></sln:miejscowosc><sln:miejscowosc><sln:cyklZyciaOd>2014-10-07T00:00:00+02:00</sln:cyklZyciaOd><sln:gmIIPId>cf7f6417-e305-4e31-a3d2-96addfec8d7d</sln:gmIIPId><sln:gmIIPPn>PL.PZGIK.200</sln:gmIIPPn><sln:gmIIPWersja>2012-09-26T22:28:07+02:00</sln:gmIIPWersja><sln:gmIdTeryt>2401011</sln:gmIdTeryt><sln:gmNazwa>Będzin</sln:gmNazwa><sln:miejscIIPId>807d2226-04bb-41f3-9eb5-b045587d2a54</sln:miejscIIPId><sln:miejscIIPPn>PL.PZGIK.200</sln:miejscIIPPn><sln:miejscIIPWersja>2016-11-24T13:36:19+02:00</sln:miejscIIPWersja><sln:miejscIdTeryt>3010212</sln:miejscIdTeryt><sln:miejscNazwa>Osiedle Syberka</sln:miejscNazwa><sln:miejscRodzaj>Inny obiekt</sln:miejscRodzaj><sln:powIIPId>3078fc9c-2cea-4585-b5af-ec191fa783e2</sln:powIIPId><sln:powIIPPn>PL.PZGIK.200</sln:powIIPPn><sln:powIIPWersja>2012-09-27T09:34:20+02:00</sln:powIIPWersja><sln:powIdTeryt>2401</sln:powIdTeryt><sln:powNazwa>będziński</sln:powNazwa><sln:wojIIPId>98a63fe6-1e56-4d05-9c47-ab4233f8a6ff</sln:wojIIPId><sln:wojIIPPn>PL.PZGIK.200</sln:wojIIPPn><sln:wojIIPWersja>2017-10-10T00:00:00+02:00</sln:wojIIPWersja><sln:wojIdTeryt>24</sln:wojIdTeryt><sln:wojNazwa>śląskie</sln:wojNazwa></sln:miejscowosc><sln:miejscowosc><sln:cyklZyciaOd>2014-10-07T00:00:00+02:00</sln:cyklZyciaOd><sln:gmIIPId>cf7f6417-e305-4e31-a3d2-96addfec8d7d</sln:gmIIPId><sln:gmIIPPn>PL.PZGIK.200</sln:gmIIPPn><sln:gmIIPWersja>2012-09-26T22:28:07+02:00</sln:gmIIPWersja><sln:gmIdTeryt>2401011</sln:gmIdTeryt><sln:gmNazwa>Będzin</sln:gmNazwa><sln:miejscIIPId>17e28064-742c-4387-aea3-4ea10528a56c</sln:miejscIIPId><sln:miejscIIPPn>PL.PZGIK.200</sln:miejscIIPPn><sln:miejscIIPWersja>2016-11-24T13:36:19+02:00</sln:miejscIIPWersja><sln:miejscIdTeryt>3010489</sln:miejscIdTeryt><sln:miejscNazwa>Huta</sln:miejscNazwa><sln:miejscRodzaj>Inny obiekt</sln:miejscRodzaj><sln:powIIPId>3078fc9c-2cea-4585-b5af-ec191fa783e2</sln:powIIPId><sln:powIIPPn>PL.PZGIK.200</sln:powIIPPn><sln:powIIPWersja>2012-09-27T09:34:20+02:00</sln:powIIPWersja><sln:powIdTeryt>2401</sln:powIdTeryt><sln:powNazwa>będziński</sln:powNazwa><sln:wojIIPId>98a63fe6-1e56-4d05-9c47-ab4233f8a6ff</sln:wojIIPId><sln:wojIIPPn>PL.PZGIK.200</sln:wojIIPPn><sln:wojIIPWersja>2017-10-10T00:00:00+02:00</sln:wojIIPWersja><sln:wojIdTeryt>24</sln:wojIdTeryt><sln:wojNazwa>śląskie</sln:wojNazwa></sln:miejscowosc><sln:miejscowosc><sln:cyklZyciaOd>2014-10-07T00:00:00+02:00</sln:cyklZyciaOd><sln:gmIIPId>cf7f6417-e305-4e31-a3d2-96addfec8d7d</sln:gmIIPId><sln:gmIIPPn>PL.PZGIK.200</sln:gmIIPPn><sln:gmIIPWersja>2012-09-26T22:28:07+02:00</sln:gmIIPWersja><sln:gmIdTeryt>2401011</sln:gmIdTeryt><sln:gmNazwa>Będzin</sln:gmNazwa><sln:miejscIIPId>459d9a96-b2c0-4582-a8b7-cedba8574b1a</sln:miejscIIPId><sln:miejscIIPPn>PL.PZGIK.200</sln:miejscIIPPn><sln:miejscIIPWersja>2016-11-24T13:36:19+02:00</sln:miejscIIPWersja><sln:miejscIdTeryt>3010163</sln:miejscIdTeryt><sln:miejscNazwa>Jazowe</sln:miejscNazwa><sln:miejscRodzaj>Inny obiekt</sln:miejscRodzaj><sln:powIIPId>3078fc9c-2cea-4585-b5af-ec191fa783e2</sln:powIIPId><sln:powIIPPn>PL.PZGIK.200</sln:powIIPPn><sln:powIIPWersja>2012-09-27T09:34:20+02:00</sln:powIIPWersja><sln:powIdTeryt>2401</sln:powIdTeryt><sln:powNazwa>będziński</sln:powNazwa><sln:wojIIPId>98a63fe6-1e56-4d05-9c47-ab4233f8a6ff</sln:wojIIPId><sln:wojIIPPn>PL.PZGIK.200</sln:wojIIPPn><sln:wojIIPWersja>2017-10-10T00:00:00+02:00</sln:wojIIPWersja><sln:wojIdTeryt>24</sln:wojIdTeryt><sln:wojNazwa>śląskie</sln:wojNazwa></sln:miejscowosc></sln:lista-miejscowosci>