<?xml version="1.0" encoding="UTF-8" standalone="yes"?><sln:lista-miejscowosci xmlns:srv="http://gugik.gov.pl/schemas/slowniki-service/1.0" xmlns:sln="http://gugik.gov.pl/schemas/slowniki-schema/1.0"><sln:miejscowosc><sln:cyklZyciaOd>2014-12-04T00:00:00+01:00</sln:cyklZyciaOd><sln:gmIIPId>1afd9f65-c63e-4a5f-8098-ad9cd27a617d</sln:gmIIPId><sln:gmIIPPn>PL.PZGIK.200</sln:gmIIPPn><sln:gmIIPWersja>2012-09-26T22:28:08+02:00</sln:gmIIPWersja><sln:gmIdTeryt>2401081</sln:gmIdTeryt><sln:gmNazwa>Sławków</sln:gmNazwa><sln:miejscIIPId>6b25dc7a-4203-4553-8e77-4d852d7ee1b6</sln:miejscIIPId><sln:miejscIIPPn>PL.PZGIK.200</sln:miejscIIPPn><sln:miejscIIPWersja>2016-11-24T13:47:03+02:00</sln:miejscIIPWersja><sln:miejscIdTeryt>0943374</sln:miejscIdTeryt><sln:miejscNazwa>Niwa</sln:miejscNazwa><sln:miejscRodzaj>Inny obiekt</sln:miejscRodzaj><sln:powIIPId>3078fc9c-2cea-4585-b5af-ec191fa783e2</sln:powIIPId><sln:powIIPPn>PL.PZGIK.200</sln:powIIPPn><sln:powIIPWersja>2012-09-27T09:34:20+02:00</sln:powIIPWersja><sln:powIdTeryt>2401</sln:powIdTeryt><sln:powNazwa>będziński</sln:powNazwa><sln:wojIIPId>98a63fe6-1e56-4d05-9c47-ab4233f8a6ff</sln:wojIIPId><sln:wojIIPPn>PL.PZGIK.200</sln:wojIIPPn><sln:wojIIPWersja>2017-10-10T00:00:00+02:00</sln:wojIIPWersja><sln:wojIdTeryt>24</sln:wojIdTeryt><sln:wojNazwa>śląskie</sln:wojNazwa></sln:miejscowosc><sln:miejscowosc><sln:cyklZyciaOd>2014-12-04T00:00:00+01:00</sln:cyklZyciaOd><sln:gmIIPId>1afd9f65-c63e-4a5f-8098-ad9cd27a617d</sln:gmIIPId><sln:gmIIPPn>PL.PZGIK.200</sln:gmIIPPn><sln:gmIIPWersja>2012-09-26T22:28:08+02:00</sln:gmIIPWersja><sln:gmIdTeryt>2401081</sln:gmIdTeryt><sln:gmNazwa>Sławków</sln:gmNazwa><sln:miejscIIPId>4cd3c87a-f35e-4887-9e46-49885783e456</sln:miejscIIPId><sln:miejscIIPPn>PL.PZGIK.200</sln:miejscIIPPn><sln:miejscIIPWersja>2016-11-24T13:47:03+02:00</sln:miejscIIPWersja><sln:miejscIdTeryt>0943316</sln:miejscIdTeryt><sln:miejscNazwa>Ciołkowizna</sln:miejscNazwa><sln:miejscRodzaj>Inny obiekt</sln:miejscRodzaj><sln:powIIPId>3078fc9c-2cea-4585-b5af-ec191fa783e2</sln:powIIPId><sln:powIIPPn>PL.PZGIK.200</sln:powIIPPn><sln:powIIPWersja>2012-09-27T09:34:20+02:00</sln:powIIPWersja><sln:powIdTeryt>2401</sln:powIdTeryt><sln:powNazwa>będziński</sln:powNazwa><sln:wojIIPId>98a63fe6-1e56-4d05-9c47-ab4233f8a6ff</sln:wojIIPId><sln:wojIIPPn>PL.PZGIK.200</sln:wojIIPPn><sln:wojIIPWersja>2017-10-10T00:00:00+02:00</sln:wojIIPWersja><sln:wojIdTeryt>24</sln:wojIdTeryt><sln:wojNazwa>śląskie</sln:wojNazwa></sln:miejscowosc><sln:miejscowosc><sln:cyklZyciaOd>2014-12-04T00:00:00+01:00</sln:cyklZyciaOd><sln:gmIIPId>1afd9f65-c63e-4a5f-8098-ad9cd27a617d</sln:gmIIPId><sln:gmIIPPn>PL.PZGIK.200</sln:gmIIPPn><sln:gmIIPWersja>2012-09-26T22:28:08+02:00</sln:gmIIPWersja><sln:gmIdTeryt>2401081</sln:gmIdTeryt><sln:gmNazwa>Sławków</sln:gmNazwa><sln:miejscIIPId>5943a0ad-d56d-41f0-9e74-37fbf8bccad4</sln:miejscIIPId><sln:miejscIIPPn>PL.PZGIK.200</sln:miejscIIPPn><sln:miejscIIPWersja>2016-11-24T13:47:03+02:00</sln:miejscIIPWersja><sln:miejscIdTeryt>0943339</sln:miejscIdTeryt><sln:miejscNazwa>Dębowa Góra</sln:miejscNazwa><sln:miejscRodzaj>Inny obiekt</sln:miejscRodzaj><sln:powIIPId>3078fc9c-2cea-4585-b5af-ec191fa783e2</sln:powIIPId><sln:powIIPPn>PL.PZGIK.200</sln:powIIPPn><sln:powIIPWersja>2012-09-27T09:34:20+02:00</sln:powIIPWersja><sln:powIdTeryt>2401</sln:powIdTeryt><sln:powNazwa>będziński</sln:powNazwa><sln:wojIIPId>98a63fe6-1e56-4d05-9c47-ab4233f8a6ff</sln:wojIIPId><sln:wojIIPPn>PL.PZGIK.200</sln:wojIIPPn><sln:wojIIPWersja>2017-10-10T00:00:00+02:00</sln:wojIIPWersja><sln:wojIdTeryt>24</sln:wojIdTeryt><sln:wojNazwa>śląskie</sln:wojNazwa></sln:miejscowosc><sln:miejscowosc><sln:cyklZyciaOd>2014-12-04T00:00:00+01:00</sln:cyklZyciaOd><sln:gmIIPId>1afd9f65-c63e-4a5f-8098-ad9cd27a617d</sln:gmIIPId><sln:gmIIPPn>PL.PZGIK.200</sln:gmIIPPn><sln:gmIIPWersja>2012-09-26T22:28:08+02:00</sln:gmIIPWersja><sln:gmIdTeryt>2401081</sln:gmIdTeryt><sln:gmNazwa>Sławków</sln:gmNazwa><sln:miejscIIPId>6bb83d1c-37aa-431b-88ba-30c7083efc40</sln:miejscIIPId><sln:miejscIIPPn>PL.PZGIK.200</sln:miejscIIPPn><sln:miejscIIPWersja>2016-11-24T13:47:03+02:00</sln:miejscIIPWersja><sln:miejscIdTeryt>0943380</sln:miejscIdTeryt><sln:miejscNazwa>Piernikarka</sln:miejscNazwa><sln:miejscRodzaj>Inny obiekt</sln:miejscRodzaj><sln:powIIPId>3078fc9c-2cea-4585-b5af-ec191fa783e2</sln:powIIPId><sln:powIIPPn>PL.PZGIK.200</sln:powIIPPn><sln:powIIPWersja>2012-09-27T09:34:20+02:00</sln:powIIPWersja><sln:powIdTeryt>2401</sln:powIdTeryt><sln:powNazwa>będziński</sln:powNazwa><sln:wojIIPId>98a63fe6-1e56-4d05-9c47-ab4233f8a6ff</sln:wojIIPId><sln:wojIIPPn>PL.PZGIK.200</sln:wojIIPPn><sln:wojIIPWersja>2017-10-10T00:00:00+02:00</sln:wojIIPWersja><sln:wojIdTeryt>24</sln:wojIdTeryt><sln:wojNazwa>śląskie</sln:wojNazwa></sln:miejscowosc><sln:miejscowosc><sln:cyklZyciaOd>2014-12-04T00:00:00+01:00</sln:cyklZyciaOd><sln:gmIIPId>1afd9f65-c63e-4a5f-8098-ad9cd27a617d</sln:gmIIPId><sln:gmIIPPn>PL.PZGIK.200</sln:gmIIPPn><sln:gmIIPWersja>2012-09-26T22:28:08+02:00</sln:gmIIPWersja><sln:gmIdTeryt>2401081</sln:gmIdTeryt><sln:gmNazwa>Sławków</sln:gmNazwa><sln:miejscIIPId>09e421c1-6506-4155-aa36-f209fa2ebe8a</sln:miejscIIPId><sln:miejscIIPPn>PL.PZGIK.200</sln:miejscIIPPn><sln:miejscIIPWersja>2016-11-24T13:47:03+02:00</sln:miejscIIPWersja><sln:miejscIdTeryt>0943411</sln:miejscIdTeryt><sln:miejscNazwa>Zagródki</sln:miejscNazwa><sln:miejscRodzaj>Inny obiekt</sln:miejscRodzaj><sln:powIIPId>3078fc9c-2cea-4585-b5af-ec191fa783e2</sln:powIIPId><sln:powIIPPn>PL.PZGIK.200</sln:powIIPPn><sln:powIIPWersja>2012-09-27T09:34:20+02:00</sln:powIIPWersja><sln:powIdTeryt>2401</sln:powIdTeryt><sln:powNazwa>będziński</sln:powNazwa><sln:wojIIPId>98a63fe6-1e56-4d05-9c47-ab4233f8a6ff</sln:wojIIPId><sln:wojIIPPn>PL.PZGIK.200</sln:wojIIPPn><sln:wojIIPWersja>2017-10-10T00:00:00+02:00</sln:wojIIPWersja><sln:wojIdTeryt>24</sln:wojIdTeryt><sln:wojNazwa>śląskie</sln:wojNazwa></sln:miejscowosc><sln:miejscowosc><sln:cyklZyciaOd>2014-12-04T00:00:00+01:00</sln:cyklZyciaOd><sln:gmIIPId>1afd9f65-c63e-4a5f-8098-ad9cd27a617d</sln:gmIIPId><sln:gmIIPPn>PL.PZGIK.200</sln:gmIIPPn><sln:gmIIPWersja>2012-09-26T22:28:08+02:00</sln:gmIIPWersja><sln:gmIdTeryt>2401081</sln:gmIdTeryt><sln:gmNazwa>Sławków</sln:gmNazwa><sln:miejscIIPId>42840abc-5af9-418d-9bce-e6eec8321b9a</sln:miejscIIPId><sln:miejscIIPPn>PL.PZGIK.200</sln:miejscIIPPn><sln:miejscIIPWersja>2016-11-24T13:47:03+02:00</sln:miejscIIPWersja><sln:miejscIdTeryt>0943291</sln:miejscIdTeryt><sln:miejscNazwa>Burki</sln:miejscNazwa><sln:miejscRodzaj>Inny obiekt</sln:miejscRodzaj><sln:powIIPId>3078fc9c-2cea-4585-b5af-ec191fa783e2</sln:powIIPId><sln:powIIPPn>PL.PZGIK.200</sln:powIIPPn><sln:powIIPWersja>2012-09-27T09:34:20+02:00</sln:powIIPWersja><sln:powIdTeryt>2401</sln:powIdTeryt><sln:powNazwa>będziński</sln:powNazwa><sln:wojIIPId>98a63fe6-1e56-4d05-9c47-ab4233f8a6ff</sln:wojIIPId><sln:wojIIPPn>PL.PZGIK.200</sln:wojIIPPn><sln:wojIIPWersja>2017-10-10T00:00:00+02:00</sln:wojIIPWersja><sln:wojIdTeryt>24</sln:wojIdTeryt><sln:wojNazwa>śląskie</sln:wojNazwa></sln:miejscowosc><sln:miejscowosc><sln:cyklZyciaOd>2014-12-04T00:00:00+01:00</sln:cyklZyciaOd><sln:gmIIPId>1afd9f65-c63e-4a5f-8098-ad9cd27a617d</sln:gmIIPId><sln:gmIIPPn>PL.PZGIK.200</sln:gmIIPPn><sln:gmIIPWersja>2012-09-26T22:28:08+02:00</sln:gmIIPWersja><sln:gmIdTeryt>2401081</sln:gmIdTeryt><sln:gmNazwa>Sławków</sln:gmNazwa><sln:miejscIIPId>a659b614-71ea-4239-a7e6-8c7644ad31de</sln:miejscIIPId><sln:miejscIIPPn>PL.PZGIK.200</sln:miejscIIPPn><sln:miejscIIPWersja>2016-11-24T13:47:03+02:00</sln:miejscIIPWersja><sln:miejscIdTeryt>0943300</sln:miejscIdTeryt><sln:miejscNazwa>Chwaliboskie</sln:miejscNazwa><sln:miejscRodzaj>Inny obiekt</sln:miejscRodzaj><sln:powIIPId>3078fc9c-2cea-4585-b5af-ec191fa783e2</sln:powIIPId><sln:powIIPPn>PL.PZGIK.200</sln:powIIPPn><sln:powIIPWersja>2012-09-27T09:34:20+02:00</sln:powIIPWersja><sln:powIdTeryt>2401</sln:powIdTeryt><sln:powNazwa>będziński</sln:powNazwa><sln:wojIIPId>98a63fe6-1e56-4d05-9c47-ab4233f8a6ff</sln:wojIIPId><sln:wojIIPPn>PL.PZGIK.200</sln:wojIIPPn><sln:wojIIPWersja>2017-10-10T00:00:00+02:00</sln:wojIIPWersja><sln:wojIdTeryt>24</sln:wojIdTeryt><sln:wojNazwa>śląskie</sln:wojNazwa></sln:miejscowosc><sln:miejscowosc><sln:cyklZyciaOd>2014-12-04T00:00:00+01:00</sln:cyklZyciaOd><sln:gmIIPId>1afd9f65-c63e-4a5f-8098-ad9cd27a617d</sln:gmIIPId><sln:gmIIPPn>PL.PZGIK.200</sln:gmIIPPn><sln:gmIIPWersja>2012-09-26T22:28:08+02:00</sln:gmIIPWersja><sln:gmIdTeryt>2401081</sln:gmIdTeryt><sln:gmNazwa>Sławków</sln:gmNazwa><sln:miejscIIPId>c34801b0-0d09-447e-a0df-143574a46e31</sln:miejscIIPId><sln:miejscIIPPn>PL.PZGIK.200</sln:miejscIIPPn><sln:miejscIIPWersja>2016-11-24T13:30:46+02:00</sln:miejscIIPWersja><sln:miejscIdTeryt>0943285</sln:miejscIdTeryt><sln:miejscNazwa>Sławków</sln:miejscNazwa><sln:miejscRodzaj>Miasto</sln:miejscRodzaj><sln:powIIPId>3078fc9c-2cea-4585-b5af-ec191fa783e2</sln:powIIPId><sln:powIIPPn>PL.PZGIK.200</sln:powIIPPn><sln:powIIPWersja>2012-09-27T09:34:20+02:00</sln:powIIPWersja><sln:powIdTeryt>2401</sln:powIdTeryt><sln:powNazwa>będziński</sln:powNazwa><sln:wojIIPId>98a63fe6-1e56-4d05-9c47-ab4233f8a6ff</sln:wojIIPId><sln:wojIIPPn>PL.PZGIK.200</sln:wojIIPPn><sln:wojIIPWersja>2017-10-10T00:00:00+02:00</sln:wojIIPWersja><sln:wojIdTeryt>24</sln:wojIdTeryt><sln:wojNazwa>śląskie</sln:wojNazwa></sln:miejscowosc><sln:miejscowosc><sln:cyklZyciaOd>2014-12-04T00:00:00+01:00</sln:cyklZyciaOd><sln:gmIIPId>1afd9f65-c63e-4a5f-8098-ad9cd27a617d</sln:gmIIPId><sln:gmIIPPn>PL.PZGIK.200</sln:gmIIPPn><sln:gmIIPWersja>2012-09-26T22:28:08+02:00</sln:gmIIPWersja><sln:gmIdTeryt>2401081</sln:gmIdTeryt><sln:gmNazwa>Sławków</sln:gmNazwa><sln:miejscIIPId>50dcdd4b-90b4-4296-a880-4acb492e8718</sln:miejscIIPId><sln:miejscIIPPn>PL.PZGIK.200</sln:miejscIIPPn><sln:miejscIIPWersja>2016-11-24T13:47:03+02:00</sln:miejscIIPWersja><sln:miejscIdTeryt>0943351</sln:miejscIdTeryt><sln:miejscNazwa>Kołdaczka</sln:miejscNazwa><sln:miejscRodzaj>Inny obiekt</sln:miejscRodzaj><sln:powIIPId>3078fc9c-2cea-4585-b5af-ec191fa783e2</sln:powIIPId><sln:powIIPPn>PL.PZGIK.200</sln:powIIPPn><sln:powIIPWersja>2012-09-27T09:34:20+02:00</sln:powIIPWersja><sln:powIdTeryt>2401</sln:powIdTeryt><sln:powNazwa>będziński</sln:powNazwa><sln:wojIIPId>98a63fe6-1e56-4d05-9c47-ab4233f8a6ff</sln:wojIIPId><sln:wojIIPPn>PL.PZGIK.200</sln:wojIIPPn><sln:wojIIPWersja>2017-10-10T00:00:00+02:00</sln:wojIIPWersja><sln:wojIdTeryt>24</sln:wojIdTeryt><sln:wojNazwa>śląskie</sln:wojNazwa></sln:miejscowosc><sln:miejscowosc><sln:cyklZyciaOd>2014-12-04T00:00:00+01:00</sln:cyklZyciaOd><sln:gmIIPId>1afd9f65-c63e-4a5f-8098-ad9cd27a617d</sln:gmIIPId><sln:gmIIPPn>PL.PZGIK.200</sln:gmIIPPn><sln:gmIIPWersja>2012-09-26T22:28:08+02:00</sln:gmIIPWersja><sln:gmIdTeryt>2401081</sln:gmIdTeryt><sln:gmNazwa>Sławków</sln:gmNazwa><sln:miejscIIPId>ff055255-c284-4786-b3fe-22def18a8676</sln:miejscIIPId><sln:miejscIIPPn>PL.PZGIK.200</sln:miejscIIPPn><sln:miejscIIPWersja>2016-11-24T13:47:03+02:00</sln:miejscIIPWersja><sln:miejscIdTeryt>0943397</sln:miejscIdTeryt><sln:miejscNazwa>Stawki</sln:miejscNazwa><sln:miejscRodzaj>Inny obiekt</sln:miejscRodzaj><sln:powIIPId>3078fc9c-2cea-4585-b5af-ec191fa783e2</sln:powIIPId><sln:powIIPPn>PL.PZGIK.200</sln:powIIPPn><sln:powIIPWersja>2012-09-27T09:34:20+02:00</sln:powIIPWersja><sln:powIdTeryt>2401</sln:powIdTeryt><sln:powNazwa>będziński</sln:powNazwa><sln:wojIIPId>98a63fe6-1e56-4d05-9c47-ab4233f8a6ff</sln:wojIIPId><sln:wojIIPPn>PL.PZGIK.200</sln:wojIIPPn><sln:wojIIPWersja>2017-10-10T00:00:00+02:00</sln:wojIIPWersja><sln:wojIdTeryt>24</sln:wojIdTeryt><sln:wojNazwa>śląskie</sln:wojNazwa></sln:miejscowosc><sln:miejscowosc><sln:cyklZyciaOd>2014-12-04T00:00:00+01:00</sln:cyklZyciaOd><sln:gmIIPId>1afd9f65-c63e-4a5f-8098-ad9cd27a617d</sln:gmIIPId><sln:gmIIPPn>PL.PZGIK.200</sln:gmIIPPn><sln:gmIIPWersja>2012-09-26T22:28:08+02:00</sln:gmIIPWersja><sln:gmIdTeryt>2401081</sln:gmIdTeryt><sln:gmNazwa>Sławków</sln:gmNazwa><sln:miejscIIPId>0c3685b1-7bdd-43c2-b39c-11853f68b885</sln:miejscIIPId><sln:miejscIIPPn>PL.PZGIK.200</sln:miejscIIPPn><sln:miejscIIPWersja>2016-11-24T13:47:03+02:00</sln:miejscIIPWersja><sln:miejscIdTeryt>0943405</sln:miejscIdTeryt><sln:miejscNazwa>Walcownia</sln:miejscNazwa><sln:miejscRodzaj>Inny obiekt</sln:miejscRodzaj><sln:powIIPId>3078fc9c-2cea-4585-b5af-ec191fa783e2</sln:powIIPId><sln:powIIPPn>PL.PZGIK.200</sln:powIIPPn><sln:powIIPWersja>2012-09-27T09:34:20+02:00</sln:powIIPWersja><sln:powIdTeryt>2401</sln:powIdTeryt><sln:powNazwa>będziński</sln:powNazwa><sln:wojIIPId>98a63fe6-1e56-4d05-9c47-ab4233f8a6ff</sln:wojIIPId><sln:wojIIPPn>PL.PZGIK.200</sln:wojIIPPn><sln:wojIIPWersja>2017-10-10T00:00:00+02:00</sln:wojIIPWersja><sln:wojIdTeryt>24</sln:wojIdTeryt><sln:wojNazwa>śląskie</sln:wojNazwa></sln:miejscowosc><sln:miejscowosc><sln:cyklZyciaOd>2014-12-04T00:00:00+01:00</sln:cyklZyciaOd><sln:gmIIPId>1afd9f65-c63e-4a5f-8098-ad9cd27a617d</sln:gmIIPId><sln:gmIIPPn>PL.PZGIK.200</sln:gmIIPPn><sln:gmIIPWersja>2012-09-26T22:28:08+02:00</sln:gmIIPWersja><sln:gmIdTeryt>2401081</sln:gmIdTeryt><sln:gmNazwa>Sławków</sln:gmNazwa><sln:miejscIIPId>a9963944-2180-4b8f-8b25-50fb7f60fe3a</sln:miejscIIPId><sln:miejscIIPPn>PL.PZGIK.200</sln:miejscIIPPn><sln:miejscIIPWersja>2016-11-24T13:47:03+02:00</sln:miejscIIPWersja><sln:miejscIdTeryt>0943322</sln:miejscIdTeryt><sln:miejscNazwa>Dębniki</sln:miejscNazwa><sln:miejscRodzaj>Inny obiekt</sln:miejscRodzaj><sln:powIIPId>3078fc9c-2cea-4585-b5af-ec191fa783e2</sln:powIIPId><sln:powIIPPn>PL.PZGIK.200</sln:powIIPPn><sln:powIIPWersja>2012-09-27T09:34:20+02:00</sln:powIIPWersja><sln:powIdTeryt>2401</sln:powIdTeryt><sln:powNazwa>będziński</sln:powNazwa><sln:wojIIPId>98a63fe6-1e56-4d05-9c47-ab4233f8a6ff</sln:wojIIPId><sln:wojIIPPn>PL.PZGIK.200</sln:wojIIPPn><sln:wojIIPWersja>2017-10-10T00:00:00+02:00</sln:wojIIPWersja><sln:wojIdTeryt>24</sln:wojIdTeryt><sln:wojNazwa>śląskie</sln:wojNazwa></sln:miejscowosc><sln:miejscowosc><sln:cyklZyciaOd>2014-12-04T00:00:00+01:00</sln:cyklZyciaOd><sln:gmIIPId>1afd9f65-c63e-4a5f-8098-ad9cd27a617d</sln:gmIIPId><sln:gmIIPPn>PL.PZGIK.200</sln:gmIIPPn><sln:gmIIPWersja>2012-09-26T22:28:08+02:00</sln:gmIIPWersja><sln:gmIdTeryt>2401081</sln:gmIdTeryt><sln:gmNazwa>Sławków</sln:gmNazwa><sln:miejscIIPId>7c50b201-d421-4f69-a0f3-969e2e8121b5</sln:miejscIIPId><sln:miejscIIPPn>PL.PZGIK.200</sln:miejscIIPPn><sln:miejscIIPWersja>2016-11-24T13:47:03+02:00</sln:miejscIIPWersja><sln:miejscIdTeryt>0943345</sln:miejscIdTeryt><sln:miejscNazwa>Groniec</sln:miejscNazwa><sln:miejscRodzaj>Inny obiekt</sln:miejscRodzaj><sln:powIIPId>3078fc9c-2cea-4585-b5af-ec191fa783e2</sln:powIIPId><sln:powIIPPn>PL.PZGIK.200</sln:powIIPPn><sln:powIIPWersja>2012-09-27T09:34:20+02:00</sln:powIIPWersja><sln:powIdTeryt>2401</sln:powIdTeryt><sln:powNazwa>będziński</sln:powNazwa><sln:wojIIPId>98a63fe6-1e56-4d05-9c47-ab4233f8a6ff</sln:wojIIPId><sln:wojIIPPn>PL.PZGIK.200</sln:wojIIPPn><sln:wojIIPWersja>2017-10-10T00:00:00+02:00</sln:wojIIPWersja><sln:wojIdTeryt>24</sln:wojIdTeryt><sln:wojNazwa>śląskie</sln:wojNazwa></sln:miejscowosc><sln:miejscowosc><sln:cyklZyciaOd>2014-12-04T00:00:00+01:00</sln:cyklZyciaOd><sln:gmIIPId>1afd9f65-c63e-4a5f-8098-ad9cd27a617d</sln:gmIIPId><sln:gmIIPPn>PL.PZGIK.200</sln:gmIIPPn><sln:gmIIPWersja>2012-09-26T22:28:08+02:00</sln:gmIIPWersja><sln:gmIdTeryt>2401081</sln:gmIdTeryt><sln:gmNazwa>Sławków</sln:gmNazwa><sln:miejscIIPId>a1e8d42d-2e27-4c52-a3da-640458423f98</sln:miejscIIPId><sln:miejscIIPPn>PL.PZGIK.200</sln:miejscIIPPn><sln:miejscIIPWersja>2016-11-24T13:47:03+02:00</sln:miejscIIPWersja><sln:miejscIdTeryt>0943368</sln:miejscIdTeryt><sln:miejscNazwa>Miedawa</sln:miejscNazwa><sln:miejscRodzaj>Inny obiekt</sln:miejscRodzaj><sln:powIIPId>3078fc9c-2cea-4585-b5af-ec191fa783e2</sln:powIIPId><sln:powIIPPn>PL.PZGIK.200</sln:powIIPPn><sln:powIIPWersja>2012-09-27T09:34:20+02:00</sln:powIIPWersja><sln:powIdTeryt>2401</sln:powIdTeryt><sln:powNazwa>będziński</sln:powNazwa><sln:wojIIPId>98a63fe6-1e56-4d05-9c47-ab4233f8a6ff</sln:wojIIPId><sln:wojIIPPn>PL.PZGIK.200</sln:wojIIPPn><sln:wojIIPWersja>2017-10-10T00:00:00+02:00</sln:wojIIPWersja><sln:wojIdTeryt>24</sln:wojIdTeryt><sln:wojNazwa>śląskie</sln:wojNazwa></sln:miejscowosc></sln:lista-miejscowosci>