<?xml version="1.0" encoding="UTF-8" standalone="yes"?><sln:lista-miejscowosci xmlns:srv="http://gugik.gov.pl/schemas/slowniki-service/1.0" xmlns:sln="http://gugik.gov.pl/schemas/slowniki-schema/1.0"><sln:miejscowosc><sln:cyklZyciaOd>2016-04-18T00:00:00+02:00</sln:cyklZyciaOd><sln:gmIIPId>1d6f5b31-54e5-4b36-b220-cd4f4e402a9a</sln:gmIIPId><sln:gmIIPPn>PL.PZGIK.200</sln:gmIIPPn><sln:gmIIPWersja>2012-09-26T22:25:53+02:00</sln:gmIIPWersja><sln:gmIdTeryt>2408042</sln:gmIdTeryt><sln:gmNazwa>Ornontowice</sln:gmNazwa><sln:miejscIIPId>c8c73a35-08ef-48a8-9d7b-4d610772c92f</sln:miejscIIPId><sln:miejscIIPPn>PL.PZGIK.200</sln:miejscIIPPn><sln:miejscIIPWersja>2016-11-24T09:47:05+02:00</sln:miejscIIPWersja><sln:miejscIdTeryt>2408042</sln:miejscIdTeryt><sln:miejscNazwa>Ornontowice</sln:miejscNazwa><sln:miejscRodzaj>Wieś</sln:miejscRodzaj><sln:powIIPId>c688a2b1-b8c2-4926-aa87-b2578518ede5</sln:powIIPId><sln:powIIPPn>PL.PZGIK.200</sln:powIIPPn><sln:powIIPWersja>2012-09-27T09:34:20+02:00</sln:powIIPWersja><sln:powIdTeryt>2408</sln:powIdTeryt><sln:powNazwa>mikołowski</sln:powNazwa><sln:wojIIPId>98a63fe6-1e56-4d05-9c47-ab4233f8a6ff</sln:wojIIPId><sln:wojIIPPn>PL.PZGIK.200</sln:wojIIPPn><sln:wojIIPWersja>2017-10-10T00:00:00+02:00</sln:wojIIPWersja><sln:wojIdTeryt>24</sln:wojIdTeryt><sln:wojNazwa>śląskie</sln:wojNazwa></sln:miejscowosc><sln:miejscowosc><sln:cyklZyciaDo>2017-08-25T00:00:00+02:00</sln:cyklZyciaDo><sln:cyklZyciaOd>2017-06-12T00:00:00+02:00</sln:cyklZyciaOd><sln:gmIIPId>1d6f5b31-54e5-4b36-b220-cd4f4e402a9a</sln:gmIIPId><sln:gmIIPPn>PL.PZGIK.200</sln:gmIIPPn><sln:gmIIPWersja>2012-09-26T22:25:53+02:00</sln:gmIIPWersja><sln:gmIdTeryt>2408042</sln:gmIdTeryt><sln:gmNazwa>Ornontowice</sln:gmNazwa><sln:miejscIIPId>ccfe3f7b-e292-4f62-a32c-7df4506a8cf3</sln:miejscIIPId><sln:miejscIIPPn>PL.PZGIK.200</sln:miejscIIPPn><sln:miejscIIPWersja>2017-06-12T10:54:18+02:00</sln:miejscIIPWersja><sln:miejscIdTeryt>2408042</sln:miejscIdTeryt><sln:miejscNazwa>Ornontowice</sln:miejscNazwa><sln:miejscRodzaj>Wieś</sln:miejscRodzaj><sln:powIIPId>c688a2b1-b8c2-4926-aa87-b2578518ede5</sln:powIIPId><sln:powIIPPn>PL.PZGIK.200</sln:powIIPPn><sln:powIIPWersja>2012-09-27T09:34:20+02:00</sln:powIIPWersja><sln:powIdTeryt>2408</sln:powIdTeryt><sln:powNazwa>mikołowski</sln:powNazwa><sln:wojIIPId>98a63fe6-1e56-4d05-9c47-ab4233f8a6ff</sln:wojIIPId><sln:wojIIPPn>PL.PZGIK.200</sln:wojIIPPn><sln:wojIIPWersja>2017-10-10T00:00:00+02:00</sln:wojIIPWersja><sln:wojIdTeryt>24</sln:wojIdTeryt><sln:wojNazwa>śląskie</sln:wojNazwa></sln:miejscowosc></sln:lista-miejscowosci>