<?xml version="1.0" encoding="UTF-8" standalone="yes"?><sln:lista-miejscowosci xmlns:srv="http://gugik.gov.pl/schemas/slowniki-service/1.0" xmlns:sln="http://gugik.gov.pl/schemas/slowniki-schema/1.0"><sln:miejscowosc><sln:cyklZyciaDo>2017-09-14T00:00:00+02:00</sln:cyklZyciaDo><sln:cyklZyciaOd>2016-06-10T00:00:00+02:00</sln:cyklZyciaOd><sln:gmIIPId>0cdc724d-b514-4ef7-958c-914a74d3149e</sln:gmIIPId><sln:gmIIPPn>PL.PZGIK.200</sln:gmIIPPn><sln:gmIIPWersja>2012-09-26T22:26:26+02:00</sln:gmIIPWersja><sln:gmIdTeryt>2415021</sln:gmIdTeryt><sln:gmNazwa>Radlin</sln:gmNazwa><sln:miejscIIPId>3e43323a-3fa3-4cc5-8716-13622a3b1339</sln:miejscIIPId><sln:miejscIIPPn>PL.PZGIK.200</sln:miejscIIPPn><sln:miejscIIPWersja>2016-11-24T13:16:38+02:00</sln:miejscIIPWersja><sln:miejscIdTeryt>0945108</sln:miejscIdTeryt><sln:miejscNazwa>Radlin</sln:miejscNazwa><sln:miejscRodzaj>Miasto</sln:miejscRodzaj><sln:powIIPId>45733634-43de-469a-8481-a533d0560b32</sln:powIIPId><sln:powIIPPn>PL.PZGIK.200</sln:powIIPPn><sln:powIIPWersja>2017-10-10T00:00:00+02:00</sln:powIIPWersja><sln:powIdTeryt>2415</sln:powIdTeryt><sln:powNazwa>wodzisławski</sln:powNazwa><sln:waznyOd>2016-05-16T00:00:00+02:00</sln:waznyOd><sln:wojIIPId>98a63fe6-1e56-4d05-9c47-ab4233f8a6ff</sln:wojIIPId><sln:wojIIPPn>PL.PZGIK.200</sln:wojIIPPn><sln:wojIIPWersja>2017-10-10T00:00:00+02:00</sln:wojIIPWersja><sln:wojIdTeryt>24</sln:wojIdTeryt><sln:wojNazwa>śląskie</sln:wojNazwa></sln:miejscowosc><sln:miejscowosc><sln:cyklZyciaOd>2017-04-20T00:00:00+02:00</sln:cyklZyciaOd><sln:gmIIPId>0cdc724d-b514-4ef7-958c-914a74d3149e</sln:gmIIPId><sln:gmIIPPn>PL.PZGIK.200</sln:gmIIPPn><sln:gmIIPWersja>2012-09-26T22:26:26+02:00</sln:gmIIPWersja><sln:gmIdTeryt>2415021</sln:gmIdTeryt><sln:gmNazwa>Radlin</sln:gmNazwa><sln:miejscIIPId>2dad5e63-66bd-4104-a880-2b0d52f53256</sln:miejscIIPId><sln:miejscIIPPn>PL.PZGIK.200</sln:miejscIIPPn><sln:miejscIIPWersja>2017-04-20T03:44:07+02:00</sln:miejscIIPWersja><sln:miejscIdTeryt>0945108</sln:miejscIdTeryt><sln:miejscNazwa>Radlin</sln:miejscNazwa><sln:miejscRodzaj>Miasto</sln:miejscRodzaj><sln:powIIPId>45733634-43de-469a-8481-a533d0560b32</sln:powIIPId><sln:powIIPPn>PL.PZGIK.200</sln:powIIPPn><sln:powIIPWersja>2017-10-10T00:00:00+02:00</sln:powIIPWersja><sln:powIdTeryt>2415</sln:powIdTeryt><sln:powNazwa>wodzisławski</sln:powNazwa><sln:wojIIPId>98a63fe6-1e56-4d05-9c47-ab4233f8a6ff</sln:wojIIPId><sln:wojIIPPn>PL.PZGIK.200</sln:wojIIPPn><sln:wojIIPWersja>2017-10-10T00:00:00+02:00</sln:wojIIPWersja><sln:wojIdTeryt>24</sln:wojIdTeryt><sln:wojNazwa>śląskie</sln:wojNazwa></sln:miejscowosc><sln:miejscowosc><sln:cyklZyciaOd>2017-09-14T00:00:00+02:00</sln:cyklZyciaOd><sln:gmIIPId>0cdc724d-b514-4ef7-958c-914a74d3149e</sln:gmIIPId><sln:gmIIPPn>PL.PZGIK.200</sln:gmIIPPn><sln:gmIIPWersja>2012-09-26T22:26:26+02:00</sln:gmIIPWersja><sln:gmIdTeryt>2415021</sln:gmIdTeryt><sln:gmNazwa>Radlin</sln:gmNazwa><sln:miejscIIPId>31995d9d-7eb6-485f-9fd9-49c6ff31d6c6</sln:miejscIIPId><sln:miejscIIPPn>PL.PZGIK.200</sln:miejscIIPPn><sln:miejscIIPWersja>2017-09-14T20:05:10+02:00</sln:miejscIIPWersja><sln:miejscIdTeryt>0944994</sln:miejscIdTeryt><sln:miejscNIIPId>2dad5e63-66bd-4104-a880-2b0d52f53256</sln:miejscNIIPId><sln:miejscNIIPPn>PL.PZGIK.200</sln:miejscNIIPPn><sln:miejscNIIPWersja>2017-04-20T03:44:07+02:00</sln:miejscNIIPWersja><sln:miejscNIdTeryt>0945108</sln:miejscNIdTeryt><sln:miejscNNazwa>Radlin</sln:miejscNNazwa><sln:miejscNRodzaj>Miasto</sln:miejscNRodzaj><sln:miejscNazwa>Marcel</sln:miejscNazwa><sln:miejscRodzaj>Inny obiekt</sln:miejscRodzaj><sln:powIIPId>45733634-43de-469a-8481-a533d0560b32</sln:powIIPId><sln:powIIPPn>PL.PZGIK.200</sln:powIIPPn><sln:powIIPWersja>2017-10-10T00:00:00+02:00</sln:powIIPWersja><sln:powIdTeryt>2415</sln:powIdTeryt><sln:powNazwa>wodzisławski</sln:powNazwa><sln:wojIIPId>98a63fe6-1e56-4d05-9c47-ab4233f8a6ff</sln:wojIIPId><sln:wojIIPPn>PL.PZGIK.200</sln:wojIIPPn><sln:wojIIPWersja>2017-10-10T00:00:00+02:00</sln:wojIIPWersja><sln:wojIdTeryt>24</sln:wojIdTeryt><sln:wojNazwa>śląskie</sln:wojNazwa></sln:miejscowosc><sln:miejscowosc><sln:cyklZyciaOd>2017-09-14T00:00:00+02:00</sln:cyklZyciaOd><sln:gmIIPId>0cdc724d-b514-4ef7-958c-914a74d3149e</sln:gmIIPId><sln:gmIIPPn>PL.PZGIK.200</sln:gmIIPPn><sln:gmIIPWersja>2012-09-26T22:26:26+02:00</sln:gmIIPWersja><sln:gmIdTeryt>2415021</sln:gmIdTeryt><sln:gmNazwa>Radlin</sln:gmNazwa><sln:miejscIIPId>f226e7a6-3fad-42ee-8f75-6a85b646d04d</sln:miejscIIPId><sln:miejscIIPPn>PL.PZGIK.200</sln:miejscIIPPn><sln:miejscIIPWersja>2017-09-14T20:05:15+02:00</sln:miejscIIPWersja><sln:miejscIdTeryt>0944913</sln:miejscIdTeryt><sln:miejscNIIPId>2dad5e63-66bd-4104-a880-2b0d52f53256</sln:miejscNIIPId><sln:miejscNIIPPn>PL.PZGIK.200</sln:miejscNIIPPn><sln:miejscNIIPWersja>2017-04-20T03:44:07+02:00</sln:miejscNIIPWersja><sln:miejscNIdTeryt>0945108</sln:miejscNIdTeryt><sln:miejscNNazwa>Radlin</sln:miejscNNazwa><sln:miejscNRodzaj>Miasto</sln:miejscNRodzaj><sln:miejscNazwa>Głożyny</sln:miejscNazwa><sln:miejscRodzaj>Inny obiekt</sln:miejscRodzaj><sln:powIIPId>45733634-43de-469a-8481-a533d0560b32</sln:powIIPId><sln:powIIPPn>PL.PZGIK.200</sln:powIIPPn><sln:powIIPWersja>2017-10-10T00:00:00+02:00</sln:powIIPWersja><sln:powIdTeryt>2415</sln:powIdTeryt><sln:powNazwa>wodzisławski</sln:powNazwa><sln:wojIIPId>98a63fe6-1e56-4d05-9c47-ab4233f8a6ff</sln:wojIIPId><sln:wojIIPPn>PL.PZGIK.200</sln:wojIIPPn><sln:wojIIPWersja>2017-10-10T00:00:00+02:00</sln:wojIIPWersja><sln:wojIdTeryt>24</sln:wojIdTeryt><sln:wojNazwa>śląskie</sln:wojNazwa></sln:miejscowosc><sln:miejscowosc><sln:cyklZyciaOd>2017-09-14T00:00:00+02:00</sln:cyklZyciaOd><sln:gmIIPId>0cdc724d-b514-4ef7-958c-914a74d3149e</sln:gmIIPId><sln:gmIIPPn>PL.PZGIK.200</sln:gmIIPPn><sln:gmIIPWersja>2012-09-26T22:26:26+02:00</sln:gmIIPWersja><sln:gmIdTeryt>2415021</sln:gmIdTeryt><sln:gmNazwa>Radlin</sln:gmNazwa><sln:miejscIIPId>88aa1812-1e69-4670-acea-93857aa30c34</sln:miejscIIPId><sln:miejscIIPPn>PL.PZGIK.200</sln:miejscIIPPn><sln:miejscIIPWersja>2017-09-14T20:05:16+02:00</sln:miejscIIPWersja><sln:miejscIdTeryt>0944876</sln:miejscIdTeryt><sln:miejscNIIPId>2dad5e63-66bd-4104-a880-2b0d52f53256</sln:miejscNIIPId><sln:miejscNIIPPn>PL.PZGIK.200</sln:miejscNIIPPn><sln:miejscNIIPWersja>2017-04-20T03:44:07+02:00</sln:miejscNIIPWersja><sln:miejscNIdTeryt>0945108</sln:miejscNIdTeryt><sln:miejscNNazwa>Radlin</sln:miejscNNazwa><sln:miejscNRodzaj>Miasto</sln:miejscNRodzaj><sln:miejscNazwa>Biertułtowy</sln:miejscNazwa><sln:miejscRodzaj>Inny obiekt</sln:miejscRodzaj><sln:powIIPId>45733634-43de-469a-8481-a533d0560b32</sln:powIIPId><sln:powIIPPn>PL.PZGIK.200</sln:powIIPPn><sln:powIIPWersja>2017-10-10T00:00:00+02:00</sln:powIIPWersja><sln:powIdTeryt>2415</sln:powIdTeryt><sln:powNazwa>wodzisławski</sln:powNazwa><sln:wojIIPId>98a63fe6-1e56-4d05-9c47-ab4233f8a6ff</sln:wojIIPId><sln:wojIIPPn>PL.PZGIK.200</sln:wojIIPPn><sln:wojIIPWersja>2017-10-10T00:00:00+02:00</sln:wojIIPWersja><sln:wojIdTeryt>24</sln:wojIdTeryt><sln:wojNazwa>śląskie</sln:wojNazwa></sln:miejscowosc><sln:miejscowosc><sln:cyklZyciaOd>2017-09-14T00:00:00+02:00</sln:cyklZyciaOd><sln:gmIIPId>0cdc724d-b514-4ef7-958c-914a74d3149e</sln:gmIIPId><sln:gmIIPPn>PL.PZGIK.200</sln:gmIIPPn><sln:gmIIPWersja>2012-09-26T22:26:26+02:00</sln:gmIIPWersja><sln:gmIdTeryt>2415021</sln:gmIdTeryt><sln:gmNazwa>Radlin</sln:gmNazwa><sln:miejscIIPId>280eb9be-6f27-4895-b51f-f2a3e60269ed</sln:miejscIIPId><sln:miejscIIPPn>PL.PZGIK.200</sln:miejscIIPPn><sln:miejscIIPWersja>2017-09-14T20:05:16+02:00</sln:miejscIIPWersja><sln:miejscIdTeryt>0945054</sln:miejscIdTeryt><sln:miejscNIIPId>2dad5e63-66bd-4104-a880-2b0d52f53256</sln:miejscNIIPId><sln:miejscNIIPPn>PL.PZGIK.200</sln:miejscNIIPPn><sln:miejscNIIPWersja>2017-04-20T03:44:07+02:00</sln:miejscNIIPWersja><sln:miejscNIdTeryt>0945108</sln:miejscNIdTeryt><sln:miejscNNazwa>Radlin</sln:miejscNNazwa><sln:miejscNRodzaj>Miasto</sln:miejscNRodzaj><sln:miejscNazwa>Obszary</sln:miejscNazwa><sln:miejscRodzaj>Inny obiekt</sln:miejscRodzaj><sln:powIIPId>45733634-43de-469a-8481-a533d0560b32</sln:powIIPId><sln:powIIPPn>PL.PZGIK.200</sln:powIIPPn><sln:powIIPWersja>2017-10-10T00:00:00+02:00</sln:powIIPWersja><sln:powIdTeryt>2415</sln:powIdTeryt><sln:powNazwa>wodzisławski</sln:powNazwa><sln:wojIIPId>98a63fe6-1e56-4d05-9c47-ab4233f8a6ff</sln:wojIIPId><sln:wojIIPPn>PL.PZGIK.200</sln:wojIIPPn><sln:wojIIPWersja>2017-10-10T00:00:00+02:00</sln:wojIIPWersja><sln:wojIdTeryt>24</sln:wojIdTeryt><sln:wojNazwa>śląskie</sln:wojNazwa></sln:miejscowosc></sln:lista-miejscowosci>