<?xml version="1.0" encoding="UTF-8" standalone="yes"?><sln:lista-miejscowosci xmlns:srv="http://gugik.gov.pl/schemas/slowniki-service/1.0" xmlns:sln="http://gugik.gov.pl/schemas/slowniki-schema/1.0"><sln:miejscowosc><sln:cyklZyciaOd>2014-12-02T00:00:00+01:00</sln:cyklZyciaOd><sln:gmIIPId>82abf49e-f205-4e8e-82d9-9f9a536506d7</sln:gmIIPId><sln:gmIIPPn>PL.PZGIK.200</sln:gmIIPPn><sln:gmIIPWersja>2012-09-26T22:26:23+02:00</sln:gmIIPWersja><sln:gmIdTeryt>2414031</sln:gmIdTeryt><sln:gmNazwa>Lędziny</sln:gmNazwa><sln:miejscIIPId>c3c80cb2-6451-4f25-8a6d-66eccbd5d916</sln:miejscIIPId><sln:miejscIIPPn>PL.PZGIK.200</sln:miejscIIPPn><sln:miejscIIPWersja>2016-11-24T13:56:42+02:00</sln:miejscIIPWersja><sln:miejscIdTeryt>0944729</sln:miejscIdTeryt><sln:miejscNazwa>Nowy Hołdunów</sln:miejscNazwa><sln:miejscRodzaj>Inny obiekt</sln:miejscRodzaj><sln:powIIPId>596dc935-5d17-4a9d-82d5-85d2d3890126</sln:powIIPId><sln:powIIPPn>PL.PZGIK.200</sln:powIIPPn><sln:powIIPWersja>2012-09-27T09:34:20+02:00</sln:powIIPWersja><sln:powIdTeryt>2414</sln:powIdTeryt><sln:powNazwa>bieruńsko-lędziński</sln:powNazwa><sln:wojIIPId>98a63fe6-1e56-4d05-9c47-ab4233f8a6ff</sln:wojIIPId><sln:wojIIPPn>PL.PZGIK.200</sln:wojIIPPn><sln:wojIIPWersja>2017-10-10T00:00:00+02:00</sln:wojIIPWersja><sln:wojIdTeryt>24</sln:wojIdTeryt><sln:wojNazwa>śląskie</sln:wojNazwa></sln:miejscowosc><sln:miejscowosc><sln:cyklZyciaOd>2014-12-02T00:00:00+01:00</sln:cyklZyciaOd><sln:gmIIPId>82abf49e-f205-4e8e-82d9-9f9a536506d7</sln:gmIIPId><sln:gmIIPPn>PL.PZGIK.200</sln:gmIIPPn><sln:gmIIPWersja>2012-09-26T22:26:23+02:00</sln:gmIIPWersja><sln:gmIdTeryt>2414031</sln:gmIdTeryt><sln:gmNazwa>Lędziny</sln:gmNazwa><sln:miejscIIPId>d6f1328e-977c-4b87-97b3-d39ae1681e5e</sln:miejscIIPId><sln:miejscIIPPn>PL.PZGIK.200</sln:miejscIIPPn><sln:miejscIIPWersja>2016-11-24T13:56:42+02:00</sln:miejscIIPWersja><sln:miejscIdTeryt>0944818</sln:miejscIdTeryt><sln:miejscNazwa>Zamoście</sln:miejscNazwa><sln:miejscRodzaj>Inny obiekt</sln:miejscRodzaj><sln:powIIPId>596dc935-5d17-4a9d-82d5-85d2d3890126</sln:powIIPId><sln:powIIPPn>PL.PZGIK.200</sln:powIIPPn><sln:powIIPWersja>2012-09-27T09:34:20+02:00</sln:powIIPWersja><sln:powIdTeryt>2414</sln:powIdTeryt><sln:powNazwa>bieruńsko-lędziński</sln:powNazwa><sln:wojIIPId>98a63fe6-1e56-4d05-9c47-ab4233f8a6ff</sln:wojIIPId><sln:wojIIPPn>PL.PZGIK.200</sln:wojIIPPn><sln:wojIIPWersja>2017-10-10T00:00:00+02:00</sln:wojIIPWersja><sln:wojIdTeryt>24</sln:wojIdTeryt><sln:wojNazwa>śląskie</sln:wojNazwa></sln:miejscowosc><sln:miejscowosc><sln:cyklZyciaOd>2014-12-02T00:00:00+01:00</sln:cyklZyciaOd><sln:gmIIPId>82abf49e-f205-4e8e-82d9-9f9a536506d7</sln:gmIIPId><sln:gmIIPPn>PL.PZGIK.200</sln:gmIIPPn><sln:gmIIPWersja>2012-09-26T22:26:23+02:00</sln:gmIIPWersja><sln:gmIdTeryt>2414031</sln:gmIdTeryt><sln:gmNazwa>Lędziny</sln:gmNazwa><sln:miejscIIPId>10f68ff8-b99c-4c75-8161-097967982f9f</sln:miejscIIPId><sln:miejscIIPPn>PL.PZGIK.200</sln:miejscIIPPn><sln:miejscIIPWersja>2016-11-24T13:56:42+02:00</sln:miejscIIPWersja><sln:miejscIdTeryt>0944741</sln:miejscIdTeryt><sln:miejscNazwa>Stary Hołdunów</sln:miejscNazwa><sln:miejscRodzaj>Inny obiekt</sln:miejscRodzaj><sln:powIIPId>596dc935-5d17-4a9d-82d5-85d2d3890126</sln:powIIPId><sln:powIIPPn>PL.PZGIK.200</sln:powIIPPn><sln:powIIPWersja>2012-09-27T09:34:20+02:00</sln:powIIPWersja><sln:powIdTeryt>2414</sln:powIdTeryt><sln:powNazwa>bieruńsko-lędziński</sln:powNazwa><sln:wojIIPId>98a63fe6-1e56-4d05-9c47-ab4233f8a6ff</sln:wojIIPId><sln:wojIIPPn>PL.PZGIK.200</sln:wojIIPPn><sln:wojIIPWersja>2017-10-10T00:00:00+02:00</sln:wojIIPWersja><sln:wojIdTeryt>24</sln:wojIdTeryt><sln:wojNazwa>śląskie</sln:wojNazwa></sln:miejscowosc><sln:miejscowosc><sln:cyklZyciaOd>2014-12-02T00:00:00+01:00</sln:cyklZyciaOd><sln:gmIIPId>82abf49e-f205-4e8e-82d9-9f9a536506d7</sln:gmIIPId><sln:gmIIPPn>PL.PZGIK.200</sln:gmIIPPn><sln:gmIIPWersja>2012-09-26T22:26:23+02:00</sln:gmIIPWersja><sln:gmIdTeryt>2414031</sln:gmIdTeryt><sln:gmNazwa>Lędziny</sln:gmNazwa><sln:miejscIIPId>b8920365-95a9-4a7d-a27f-02bd37398667</sln:miejscIIPId><sln:miejscIIPPn>PL.PZGIK.200</sln:miejscIIPPn><sln:miejscIIPWersja>2016-11-24T13:56:42+02:00</sln:miejscIIPWersja><sln:miejscIdTeryt>0940909</sln:miejscIdTeryt><sln:miejscNazwa>Goławiec</sln:miejscNazwa><sln:miejscRodzaj>Inny obiekt</sln:miejscRodzaj><sln:powIIPId>596dc935-5d17-4a9d-82d5-85d2d3890126</sln:powIIPId><sln:powIIPPn>PL.PZGIK.200</sln:powIIPPn><sln:powIIPWersja>2012-09-27T09:34:20+02:00</sln:powIIPWersja><sln:powIdTeryt>2414</sln:powIdTeryt><sln:powNazwa>bieruńsko-lędziński</sln:powNazwa><sln:wojIIPId>98a63fe6-1e56-4d05-9c47-ab4233f8a6ff</sln:wojIIPId><sln:wojIIPPn>PL.PZGIK.200</sln:wojIIPPn><sln:wojIIPWersja>2017-10-10T00:00:00+02:00</sln:wojIIPWersja><sln:wojIdTeryt>24</sln:wojIdTeryt><sln:wojNazwa>śląskie</sln:wojNazwa></sln:miejscowosc><sln:miejscowosc><sln:cyklZyciaOd>2014-12-02T00:00:00+01:00</sln:cyklZyciaOd><sln:gmIIPId>82abf49e-f205-4e8e-82d9-9f9a536506d7</sln:gmIIPId><sln:gmIIPPn>PL.PZGIK.200</sln:gmIIPPn><sln:gmIIPWersja>2012-09-26T22:26:23+02:00</sln:gmIIPWersja><sln:gmIdTeryt>2414031</sln:gmIdTeryt><sln:gmNazwa>Lędziny</sln:gmNazwa><sln:miejscIIPId>1c4a5e4a-ff04-4954-abd2-aaa947b80a45</sln:miejscIIPId><sln:miejscIIPPn>PL.PZGIK.200</sln:miejscIIPPn><sln:miejscIIPWersja>2016-11-24T13:41:04+02:00</sln:miejscIIPWersja><sln:miejscIdTeryt>0940890</sln:miejscIdTeryt><sln:miejscNazwa>Lędziny</sln:miejscNazwa><sln:miejscRodzaj>Miasto</sln:miejscRodzaj><sln:powIIPId>596dc935-5d17-4a9d-82d5-85d2d3890126</sln:powIIPId><sln:powIIPPn>PL.PZGIK.200</sln:powIIPPn><sln:powIIPWersja>2012-09-27T09:34:20+02:00</sln:powIIPWersja><sln:powIdTeryt>2414</sln:powIdTeryt><sln:powNazwa>bieruńsko-lędziński</sln:powNazwa><sln:wojIIPId>98a63fe6-1e56-4d05-9c47-ab4233f8a6ff</sln:wojIIPId><sln:wojIIPPn>PL.PZGIK.200</sln:wojIIPPn><sln:wojIIPWersja>2017-10-10T00:00:00+02:00</sln:wojIIPWersja><sln:wojIdTeryt>24</sln:wojIdTeryt><sln:wojNazwa>śląskie</sln:wojNazwa></sln:miejscowosc><sln:miejscowosc><sln:cyklZyciaOd>2014-12-02T00:00:00+01:00</sln:cyklZyciaOd><sln:gmIIPId>82abf49e-f205-4e8e-82d9-9f9a536506d7</sln:gmIIPId><sln:gmIIPPn>PL.PZGIK.200</sln:gmIIPPn><sln:gmIIPWersja>2012-09-26T22:26:23+02:00</sln:gmIIPWersja><sln:gmIdTeryt>2414031</sln:gmIdTeryt><sln:gmNazwa>Lędziny</sln:gmNazwa><sln:miejscIIPId>389c6840-43e7-46bd-b783-a79754f6b55c</sln:miejscIIPId><sln:miejscIIPPn>PL.PZGIK.200</sln:miejscIIPPn><sln:miejscIIPWersja>2016-11-24T13:56:42+02:00</sln:miejscIIPWersja><sln:miejscIdTeryt>0944623</sln:miejscIdTeryt><sln:miejscNazwa>Kolonia Piast</sln:miejscNazwa><sln:miejscRodzaj>Inny obiekt</sln:miejscRodzaj><sln:powIIPId>596dc935-5d17-4a9d-82d5-85d2d3890126</sln:powIIPId><sln:powIIPPn>PL.PZGIK.200</sln:powIIPPn><sln:powIIPWersja>2012-09-27T09:34:20+02:00</sln:powIIPWersja><sln:powIdTeryt>2414</sln:powIdTeryt><sln:powNazwa>bieruńsko-lędziński</sln:powNazwa><sln:wojIIPId>98a63fe6-1e56-4d05-9c47-ab4233f8a6ff</sln:wojIIPId><sln:wojIIPPn>PL.PZGIK.200</sln:wojIIPPn><sln:wojIIPWersja>2017-10-10T00:00:00+02:00</sln:wojIIPWersja><sln:wojIdTeryt>24</sln:wojIdTeryt><sln:wojNazwa>śląskie</sln:wojNazwa></sln:miejscowosc><sln:miejscowosc><sln:cyklZyciaOd>2014-12-02T00:00:00+01:00</sln:cyklZyciaOd><sln:gmIIPId>82abf49e-f205-4e8e-82d9-9f9a536506d7</sln:gmIIPId><sln:gmIIPPn>PL.PZGIK.200</sln:gmIIPPn><sln:gmIIPWersja>2012-09-26T22:26:23+02:00</sln:gmIIPWersja><sln:gmIdTeryt>2414031</sln:gmIdTeryt><sln:gmNazwa>Lędziny</sln:gmNazwa><sln:miejscIIPId>93d2015f-60a0-4766-a4b8-3f2d1d9e223e</sln:miejscIIPId><sln:miejscIIPPn>PL.PZGIK.200</sln:miejscIIPPn><sln:miejscIIPWersja>2016-11-24T13:56:42+02:00</sln:miejscIIPWersja><sln:miejscIdTeryt>0940921</sln:miejscIdTeryt><sln:miejscNazwa>Smardzowice</sln:miejscNazwa><sln:miejscRodzaj>Inny obiekt</sln:miejscRodzaj><sln:powIIPId>596dc935-5d17-4a9d-82d5-85d2d3890126</sln:powIIPId><sln:powIIPPn>PL.PZGIK.200</sln:powIIPPn><sln:powIIPWersja>2012-09-27T09:34:20+02:00</sln:powIIPWersja><sln:powIdTeryt>2414</sln:powIdTeryt><sln:powNazwa>bieruńsko-lędziński</sln:powNazwa><sln:wojIIPId>98a63fe6-1e56-4d05-9c47-ab4233f8a6ff</sln:wojIIPId><sln:wojIIPPn>PL.PZGIK.200</sln:wojIIPPn><sln:wojIIPWersja>2017-10-10T00:00:00+02:00</sln:wojIIPWersja><sln:wojIdTeryt>24</sln:wojIdTeryt><sln:wojNazwa>śląskie</sln:wojNazwa></sln:miejscowosc><sln:miejscowosc><sln:cyklZyciaOd>2014-12-02T00:00:00+01:00</sln:cyklZyciaOd><sln:gmIIPId>82abf49e-f205-4e8e-82d9-9f9a536506d7</sln:gmIIPId><sln:gmIIPPn>PL.PZGIK.200</sln:gmIIPPn><sln:gmIIPWersja>2012-09-26T22:26:23+02:00</sln:gmIIPWersja><sln:gmIdTeryt>2414031</sln:gmIdTeryt><sln:gmNazwa>Lędziny</sln:gmNazwa><sln:miejscIIPId>e0e629cf-aa2e-4f48-b9fa-b62cb7b61440</sln:miejscIIPId><sln:miejscIIPPn>PL.PZGIK.200</sln:miejscIIPPn><sln:miejscIIPWersja>2016-11-24T13:56:42+02:00</sln:miejscIIPWersja><sln:miejscIdTeryt>0944630</sln:miejscIdTeryt><sln:miejscNazwa>Kolonia Ziemowit</sln:miejscNazwa><sln:miejscRodzaj>Inny obiekt</sln:miejscRodzaj><sln:powIIPId>596dc935-5d17-4a9d-82d5-85d2d3890126</sln:powIIPId><sln:powIIPPn>PL.PZGIK.200</sln:powIIPPn><sln:powIIPWersja>2012-09-27T09:34:20+02:00</sln:powIIPWersja><sln:powIdTeryt>2414</sln:powIdTeryt><sln:powNazwa>bieruńsko-lędziński</sln:powNazwa><sln:wojIIPId>98a63fe6-1e56-4d05-9c47-ab4233f8a6ff</sln:wojIIPId><sln:wojIIPPn>PL.PZGIK.200</sln:wojIIPPn><sln:wojIIPWersja>2017-10-10T00:00:00+02:00</sln:wojIIPWersja><sln:wojIdTeryt>24</sln:wojIdTeryt><sln:wojNazwa>śląskie</sln:wojNazwa></sln:miejscowosc><sln:miejscowosc><sln:cyklZyciaOd>2014-12-02T00:00:00+01:00</sln:cyklZyciaOd><sln:gmIIPId>82abf49e-f205-4e8e-82d9-9f9a536506d7</sln:gmIIPId><sln:gmIIPPn>PL.PZGIK.200</sln:gmIIPPn><sln:gmIIPWersja>2012-09-26T22:26:23+02:00</sln:gmIIPWersja><sln:gmIdTeryt>2414031</sln:gmIdTeryt><sln:gmNazwa>Lędziny</sln:gmNazwa><sln:miejscIIPId>a4c8e22c-3f97-4f13-9038-c0d6cc203ebd</sln:miejscIIPId><sln:miejscIIPPn>PL.PZGIK.200</sln:miejscIIPPn><sln:miejscIIPWersja>2016-11-24T13:56:42+02:00</sln:miejscIIPWersja><sln:miejscIdTeryt>0944557</sln:miejscIdTeryt><sln:miejscNazwa>Blich</sln:miejscNazwa><sln:miejscRodzaj>Inny obiekt</sln:miejscRodzaj><sln:powIIPId>596dc935-5d17-4a9d-82d5-85d2d3890126</sln:powIIPId><sln:powIIPPn>PL.PZGIK.200</sln:powIIPPn><sln:powIIPWersja>2012-09-27T09:34:20+02:00</sln:powIIPWersja><sln:powIdTeryt>2414</sln:powIdTeryt><sln:powNazwa>bieruńsko-lędziński</sln:powNazwa><sln:wojIIPId>98a63fe6-1e56-4d05-9c47-ab4233f8a6ff</sln:wojIIPId><sln:wojIIPPn>PL.PZGIK.200</sln:wojIIPPn><sln:wojIIPWersja>2017-10-10T00:00:00+02:00</sln:wojIIPWersja><sln:wojIdTeryt>24</sln:wojIdTeryt><sln:wojNazwa>śląskie</sln:wojNazwa></sln:miejscowosc><sln:miejscowosc><sln:cyklZyciaOd>2014-12-02T00:00:00+01:00</sln:cyklZyciaOd><sln:gmIIPId>82abf49e-f205-4e8e-82d9-9f9a536506d7</sln:gmIIPId><sln:gmIIPPn>PL.PZGIK.200</sln:gmIIPPn><sln:gmIIPWersja>2012-09-26T22:26:23+02:00</sln:gmIIPWersja><sln:gmIdTeryt>2414031</sln:gmIdTeryt><sln:gmNazwa>Lędziny</sln:gmNazwa><sln:miejscIIPId>96eccf5f-f4ac-43ac-bad4-8451687714e5</sln:miejscIIPId><sln:miejscIIPPn>PL.PZGIK.200</sln:miejscIIPPn><sln:miejscIIPWersja>2016-11-24T13:56:42+02:00</sln:miejscIIPWersja><sln:miejscIdTeryt>0940915</sln:miejscIdTeryt><sln:miejscNazwa>Górki</sln:miejscNazwa><sln:miejscRodzaj>Inny obiekt</sln:miejscRodzaj><sln:powIIPId>596dc935-5d17-4a9d-82d5-85d2d3890126</sln:powIIPId><sln:powIIPPn>PL.PZGIK.200</sln:powIIPPn><sln:powIIPWersja>2012-09-27T09:34:20+02:00</sln:powIIPWersja><sln:powIdTeryt>2414</sln:powIdTeryt><sln:powNazwa>bieruńsko-lędziński</sln:powNazwa><sln:wojIIPId>98a63fe6-1e56-4d05-9c47-ab4233f8a6ff</sln:wojIIPId><sln:wojIIPPn>PL.PZGIK.200</sln:wojIIPPn><sln:wojIIPWersja>2017-10-10T00:00:00+02:00</sln:wojIIPWersja><sln:wojIdTeryt>24</sln:wojIdTeryt><sln:wojNazwa>śląskie</sln:wojNazwa></sln:miejscowosc></sln:lista-miejscowosci>