<?xml version="1.0" encoding="UTF-8" standalone="yes"?><sln:lista-miejscowosci xmlns:srv="http://gugik.gov.pl/schemas/slowniki-service/1.0" xmlns:sln="http://gugik.gov.pl/schemas/slowniki-schema/1.0"><sln:miejscowosc><sln:cyklZyciaDo>2017-07-19T00:00:00+02:00</sln:cyklZyciaDo><sln:cyklZyciaOd>2016-04-07T00:00:00+02:00</sln:cyklZyciaOd><sln:gmIIPId>a38e312a-827c-4eb8-950f-92cdb4d93732</sln:gmIIPId><sln:gmIIPPn>PL.PZGIK.200</sln:gmIIPPn><sln:gmIIPWersja>2012-09-26T22:27:49+02:00</sln:gmIIPWersja><sln:gmIdTeryt>2479011</sln:gmIdTeryt><sln:gmNazwa>Żory</sln:gmNazwa><sln:miejscIIPId>6065aa13-682f-4871-bc81-5a25d0f97ec5</sln:miejscIIPId><sln:miejscIIPPn>PL.PZGIK.200</sln:miejscIIPPn><sln:miejscIIPWersja>2016-11-24T14:09:24+02:00</sln:miejscIIPWersja><sln:miejscIdTeryt>0945746</sln:miejscIdTeryt><sln:miejscNazwa>Żory</sln:miejscNazwa><sln:miejscRodzaj>Miasto</sln:miejscRodzaj><sln:powIIPId>18c7edcf-f96a-401c-adef-cc5477836a75</sln:powIIPId><sln:powIIPPn>PL.PZGIK.200</sln:powIIPPn><sln:powIIPWersja>2012-09-27T09:34:20+02:00</sln:powIIPWersja><sln:powIdTeryt>2479</sln:powIdTeryt><sln:powNazwa>Żory</sln:powNazwa><sln:wojIIPId>98a63fe6-1e56-4d05-9c47-ab4233f8a6ff</sln:wojIIPId><sln:wojIIPPn>PL.PZGIK.200</sln:wojIIPPn><sln:wojIIPWersja>2017-10-10T00:00:00+02:00</sln:wojIIPWersja><sln:wojIdTeryt>24</sln:wojIdTeryt><sln:wojNazwa>śląskie</sln:wojNazwa></sln:miejscowosc><sln:miejscowosc><sln:cyklZyciaDo>2017-07-19T00:00:00+02:00</sln:cyklZyciaDo><sln:cyklZyciaOd>2017-05-22T00:00:00+02:00</sln:cyklZyciaOd><sln:gmIIPId>a38e312a-827c-4eb8-950f-92cdb4d93732</sln:gmIIPId><sln:gmIIPPn>PL.PZGIK.200</sln:gmIIPPn><sln:gmIIPWersja>2012-09-26T22:27:49+02:00</sln:gmIIPWersja><sln:gmIdTeryt>2479011</sln:gmIdTeryt><sln:gmNazwa>Żory</sln:gmNazwa><sln:miejscIIPId>043f83d3-d001-46bd-aab5-00d19fd8c976</sln:miejscIIPId><sln:miejscIIPPn>PL.PZGIK.200</sln:miejscIIPPn><sln:miejscIIPWersja>2017-05-22T09:26:34+02:00</sln:miejscIIPWersja><sln:miejscIdTeryt>0945746.</sln:miejscIdTeryt><sln:miejscNazwa>Żory</sln:miejscNazwa><sln:miejscRodzaj>Miasto</sln:miejscRodzaj><sln:powIIPId>18c7edcf-f96a-401c-adef-cc5477836a75</sln:powIIPId><sln:powIIPPn>PL.PZGIK.200</sln:powIIPPn><sln:powIIPWersja>2012-09-27T09:34:20+02:00</sln:powIIPWersja><sln:powIdTeryt>2479</sln:powIdTeryt><sln:powNazwa>Żory</sln:powNazwa><sln:wojIIPId>98a63fe6-1e56-4d05-9c47-ab4233f8a6ff</sln:wojIIPId><sln:wojIIPPn>PL.PZGIK.200</sln:wojIIPPn><sln:wojIIPWersja>2017-10-10T00:00:00+02:00</sln:wojIIPWersja><sln:wojIdTeryt>24</sln:wojIdTeryt><sln:wojNazwa>śląskie</sln:wojNazwa></sln:miejscowosc><sln:miejscowosc><sln:cyklZyciaOd>2017-07-19T00:00:00+02:00</sln:cyklZyciaOd><sln:gmIIPId>a38e312a-827c-4eb8-950f-92cdb4d93732</sln:gmIIPId><sln:gmIIPPn>PL.PZGIK.200</sln:gmIIPPn><sln:gmIIPWersja>2012-09-26T22:27:49+02:00</sln:gmIIPWersja><sln:gmIdTeryt>2479011</sln:gmIdTeryt><sln:gmNazwa>Żory</sln:gmNazwa><sln:miejscIIPId>6065aa13-682f-4871-bc81-5a25d0f97ec5</sln:miejscIIPId><sln:miejscIIPPn>PL.PZGIK.200</sln:miejscIIPPn><sln:miejscIIPWersja>2017-07-19T12:03:33+02:00</sln:miejscIIPWersja><sln:miejscIdTeryt>0945746</sln:miejscIdTeryt><sln:miejscNazwa>Żory</sln:miejscNazwa><sln:miejscRodzaj>Miasto</sln:miejscRodzaj><sln:powIIPId>18c7edcf-f96a-401c-adef-cc5477836a75</sln:powIIPId><sln:powIIPPn>PL.PZGIK.200</sln:powIIPPn><sln:powIIPWersja>2012-09-27T09:34:20+02:00</sln:powIIPWersja><sln:powIdTeryt>2479</sln:powIdTeryt><sln:powNazwa>Żory</sln:powNazwa><sln:waznyOd>2017-07-19T00:00:00+02:00</sln:waznyOd><sln:wojIIPId>98a63fe6-1e56-4d05-9c47-ab4233f8a6ff</sln:wojIIPId><sln:wojIIPPn>PL.PZGIK.200</sln:wojIIPPn><sln:wojIIPWersja>2017-10-10T00:00:00+02:00</sln:wojIIPWersja><sln:wojIdTeryt>24</sln:wojIdTeryt><sln:wojNazwa>śląskie</sln:wojNazwa></sln:miejscowosc></sln:lista-miejscowosci>