<?xml version="1.0" encoding="UTF-8" standalone="yes"?><sln:lista-miejscowosci xmlns:srv="http://gugik.gov.pl/schemas/slowniki-service/1.0" xmlns:sln="http://gugik.gov.pl/schemas/slowniki-schema/1.0"><sln:miejscowosc><sln:cyklZyciaOd>2014-12-04T00:00:00+01:00</sln:cyklZyciaOd><sln:gmIIPId>fa69e2a1-907f-4b9c-9418-995a597f6133</sln:gmIIPId><sln:gmIIPPn>PL.PZGIK.200</sln:gmIIPPn><sln:gmIIPWersja>2012-09-26T22:18:08+02:00</sln:gmIIPWersja><sln:gmIdTeryt>2601022</sln:gmIdTeryt><sln:gmNazwa>Gnojno</sln:gmNazwa><sln:miejscIIPId>f0e2c2db-2b06-4977-b01e-2b0d865e8b1b</sln:miejscIIPId><sln:miejscIIPPn>PL.PZGIK.200</sln:miejscIIPPn><sln:miejscIIPWersja>2016-11-24T13:54:10+02:00</sln:miejscIIPWersja><sln:miejscIdTeryt>0238204</sln:miejscIdTeryt><sln:miejscNazwa>Za Stawem</sln:miejscNazwa><sln:miejscRodzaj>Inny obiekt</sln:miejscRodzaj><sln:powIIPId>937499d5-78c0-4b1b-a5d9-c6bdbea99aa2</sln:powIIPId><sln:powIIPPn>PL.PZGIK.200</sln:powIIPPn><sln:powIIPWersja>2012-09-27T09:32:07+02:00</sln:powIIPWersja><sln:powIdTeryt>2601</sln:powIdTeryt><sln:powNazwa>buski</sln:powNazwa><sln:wojIIPId>d021c0dd-b22e-4fcd-8444-904c64ec3aa8</sln:wojIIPId><sln:wojIIPPn>PL.PZGIK.200</sln:wojIIPPn><sln:wojIIPWersja>2012-09-27T13:45:13+02:00</sln:wojIIPWersja><sln:wojIdTeryt>26</sln:wojIdTeryt><sln:wojNazwa>świętokrzyskie</sln:wojNazwa></sln:miejscowosc><sln:miejscowosc><sln:cyklZyciaOd>2014-12-04T00:00:00+01:00</sln:cyklZyciaOd><sln:gmIIPId>fa69e2a1-907f-4b9c-9418-995a597f6133</sln:gmIIPId><sln:gmIIPPn>PL.PZGIK.200</sln:gmIIPPn><sln:gmIIPWersja>2012-09-26T22:18:08+02:00</sln:gmIIPWersja><sln:gmIdTeryt>2601022</sln:gmIdTeryt><sln:gmNazwa>Gnojno</sln:gmNazwa><sln:miejscIIPId>e73684d6-2f5e-4260-9c12-f3dede6490d7</sln:miejscIIPId><sln:miejscIIPPn>PL.PZGIK.200</sln:miejscIIPPn><sln:miejscIIPWersja>2016-11-24T13:38:36+02:00</sln:miejscIIPWersja><sln:miejscIdTeryt>0238300</sln:miejscIdTeryt><sln:miejscNazwa>Jarząbki</sln:miejscNazwa><sln:miejscRodzaj>Wieś</sln:miejscRodzaj><sln:powIIPId>937499d5-78c0-4b1b-a5d9-c6bdbea99aa2</sln:powIIPId><sln:powIIPPn>PL.PZGIK.200</sln:powIIPPn><sln:powIIPWersja>2012-09-27T09:32:07+02:00</sln:powIIPWersja><sln:powIdTeryt>2601</sln:powIdTeryt><sln:powNazwa>buski</sln:powNazwa><sln:wojIIPId>d021c0dd-b22e-4fcd-8444-904c64ec3aa8</sln:wojIIPId><sln:wojIIPPn>PL.PZGIK.200</sln:wojIIPPn><sln:wojIIPWersja>2012-09-27T13:45:13+02:00</sln:wojIIPWersja><sln:wojIdTeryt>26</sln:wojIdTeryt><sln:wojNazwa>świętokrzyskie</sln:wojNazwa></sln:miejscowosc><sln:miejscowosc><sln:cyklZyciaOd>2014-12-04T00:00:00+01:00</sln:cyklZyciaOd><sln:gmIIPId>fa69e2a1-907f-4b9c-9418-995a597f6133</sln:gmIIPId><sln:gmIIPPn>PL.PZGIK.200</sln:gmIIPPn><sln:gmIIPWersja>2012-09-26T22:18:08+02:00</sln:gmIIPWersja><sln:gmIdTeryt>2601022</sln:gmIdTeryt><sln:gmNazwa>Gnojno</sln:gmNazwa><sln:miejscIIPId>8584dee9-9a8e-4c6b-b8d2-01abea4d434a</sln:miejscIIPId><sln:miejscIIPPn>PL.PZGIK.200</sln:miejscIIPPn><sln:miejscIIPWersja>2016-11-24T13:59:38+02:00</sln:miejscIIPWersja><sln:miejscIdTeryt>0238368</sln:miejscIdTeryt><sln:miejscNazwa>Stara Wieś</sln:miejscNazwa><sln:miejscRodzaj>Inny obiekt</sln:miejscRodzaj><sln:powIIPId>937499d5-78c0-4b1b-a5d9-c6bdbea99aa2</sln:powIIPId><sln:powIIPPn>PL.PZGIK.200</sln:powIIPPn><sln:powIIPWersja>2012-09-27T09:32:07+02:00</sln:powIIPWersja><sln:powIdTeryt>2601</sln:powIdTeryt><sln:powNazwa>buski</sln:powNazwa><sln:wojIIPId>d021c0dd-b22e-4fcd-8444-904c64ec3aa8</sln:wojIIPId><sln:wojIIPPn>PL.PZGIK.200</sln:wojIIPPn><sln:wojIIPWersja>2012-09-27T13:45:13+02:00</sln:wojIIPWersja><sln:wojIdTeryt>26</sln:wojIdTeryt><sln:wojNazwa>świętokrzyskie</sln:wojNazwa></sln:miejscowosc><sln:miejscowosc><sln:cyklZyciaOd>2014-12-04T00:00:00+01:00</sln:cyklZyciaOd><sln:gmIIPId>fa69e2a1-907f-4b9c-9418-995a597f6133</sln:gmIIPId><sln:gmIIPPn>PL.PZGIK.200</sln:gmIIPPn><sln:gmIIPWersja>2012-09-26T22:18:08+02:00</sln:gmIIPWersja><sln:gmIdTeryt>2601022</sln:gmIdTeryt><sln:gmNazwa>Gnojno</sln:gmNazwa><sln:miejscIIPId>734f7de3-de03-4265-a00c-a6efc8d6d7b9</sln:miejscIIPId><sln:miejscIIPPn>PL.PZGIK.200</sln:miejscIIPPn><sln:miejscIIPWersja>2016-11-24T13:35:59+02:00</sln:miejscIIPWersja><sln:miejscIdTeryt>0237989</sln:miejscIdTeryt><sln:miejscNazwa>Balice</sln:miejscNazwa><sln:miejscRodzaj>Wieś</sln:miejscRodzaj><sln:powIIPId>937499d5-78c0-4b1b-a5d9-c6bdbea99aa2</sln:powIIPId><sln:powIIPPn>PL.PZGIK.200</sln:powIIPPn><sln:powIIPWersja>2012-09-27T09:32:07+02:00</sln:powIIPWersja><sln:powIdTeryt>2601</sln:powIdTeryt><sln:powNazwa>buski</sln:powNazwa><sln:wojIIPId>d021c0dd-b22e-4fcd-8444-904c64ec3aa8</sln:wojIIPId><sln:wojIIPPn>PL.PZGIK.200</sln:wojIIPPn><sln:wojIIPWersja>2012-09-27T13:45:13+02:00</sln:wojIIPWersja><sln:wojIdTeryt>26</sln:wojIdTeryt><sln:wojNazwa>świętokrzyskie</sln:wojNazwa></sln:miejscowosc><sln:miejscowosc><sln:cyklZyciaOd>2014-12-04T00:00:00+01:00</sln:cyklZyciaOd><sln:gmIIPId>fa69e2a1-907f-4b9c-9418-995a597f6133</sln:gmIIPId><sln:gmIIPPn>PL.PZGIK.200</sln:gmIIPPn><sln:gmIIPWersja>2012-09-26T22:18:08+02:00</sln:gmIIPWersja><sln:gmIdTeryt>2601022</sln:gmIdTeryt><sln:gmNazwa>Gnojno</sln:gmNazwa><sln:miejscIIPId>604a5568-a194-4c3e-afb5-868345521149</sln:miejscIIPId><sln:miejscIIPPn>PL.PZGIK.200</sln:miejscIIPPn><sln:miejscIIPWersja>2016-11-24T13:46:01+02:00</sln:miejscIIPWersja><sln:miejscIdTeryt>0238492</sln:miejscIdTeryt><sln:miejscNazwa>Brzeście</sln:miejscNazwa><sln:miejscRodzaj>Inny obiekt</sln:miejscRodzaj><sln:powIIPId>937499d5-78c0-4b1b-a5d9-c6bdbea99aa2</sln:powIIPId><sln:powIIPPn>PL.PZGIK.200</sln:powIIPPn><sln:powIIPWersja>2012-09-27T09:32:07+02:00</sln:powIIPWersja><sln:powIdTeryt>2601</sln:powIdTeryt><sln:powNazwa>buski</sln:powNazwa><sln:wojIIPId>d021c0dd-b22e-4fcd-8444-904c64ec3aa8</sln:wojIIPId><sln:wojIIPPn>PL.PZGIK.200</sln:wojIIPPn><sln:wojIIPWersja>2012-09-27T13:45:13+02:00</sln:wojIIPWersja><sln:wojIdTeryt>26</sln:wojIdTeryt><sln:wojNazwa>świętokrzyskie</sln:wojNazwa></sln:miejscowosc><sln:miejscowosc><sln:cyklZyciaOd>2014-12-04T00:00:00+01:00</sln:cyklZyciaOd><sln:gmIIPId>fa69e2a1-907f-4b9c-9418-995a597f6133</sln:gmIIPId><sln:gmIIPPn>PL.PZGIK.200</sln:gmIIPPn><sln:gmIIPWersja>2012-09-26T22:18:08+02:00</sln:gmIIPWersja><sln:gmIdTeryt>2601022</sln:gmIdTeryt><sln:gmNazwa>Gnojno</sln:gmNazwa><sln:miejscIIPId>50154814-ab48-46c3-81df-b82fe4d6ecc9</sln:miejscIIPId><sln:miejscIIPPn>PL.PZGIK.200</sln:miejscIIPPn><sln:miejscIIPWersja>2016-11-24T13:57:21+02:00</sln:miejscIIPWersja><sln:miejscIdTeryt>0238428</sln:miejscIdTeryt><sln:miejscNazwa>Sokół</sln:miejscNazwa><sln:miejscRodzaj>Inny obiekt</sln:miejscRodzaj><sln:powIIPId>937499d5-78c0-4b1b-a5d9-c6bdbea99aa2</sln:powIIPId><sln:powIIPPn>PL.PZGIK.200</sln:powIIPPn><sln:powIIPWersja>2012-09-27T09:32:07+02:00</sln:powIIPWersja><sln:powIdTeryt>2601</sln:powIdTeryt><sln:powNazwa>buski</sln:powNazwa><sln:wojIIPId>d021c0dd-b22e-4fcd-8444-904c64ec3aa8</sln:wojIIPId><sln:wojIIPPn>PL.PZGIK.200</sln:wojIIPPn><sln:wojIIPWersja>2012-09-27T13:45:13+02:00</sln:wojIIPWersja><sln:wojIdTeryt>26</sln:wojIdTeryt><sln:wojNazwa>świętokrzyskie</sln:wojNazwa></sln:miejscowosc><sln:miejscowosc><sln:cyklZyciaOd>2014-12-04T00:00:00+01:00</sln:cyklZyciaOd><sln:gmIIPId>fa69e2a1-907f-4b9c-9418-995a597f6133</sln:gmIIPId><sln:gmIIPPn>PL.PZGIK.200</sln:gmIIPPn><sln:gmIIPWersja>2012-09-26T22:18:08+02:00</sln:gmIIPWersja><sln:gmIdTeryt>2601022</sln:gmIdTeryt><sln:gmNazwa>Gnojno</sln:gmNazwa><sln:miejscIIPId>c6f52dcc-e9b1-4ed5-9aaa-0bc9be1a1838</sln:miejscIIPId><sln:miejscIIPPn>PL.PZGIK.200</sln:miejscIIPPn><sln:miejscIIPWersja>2016-11-24T13:46:01+02:00</sln:miejscIIPWersja><sln:miejscIdTeryt>0238523</sln:miejscIdTeryt><sln:miejscNazwa>Piaski</sln:miejscNazwa><sln:miejscRodzaj>Inny obiekt</sln:miejscRodzaj><sln:powIIPId>937499d5-78c0-4b1b-a5d9-c6bdbea99aa2</sln:powIIPId><sln:powIIPPn>PL.PZGIK.200</sln:powIIPPn><sln:powIIPWersja>2012-09-27T09:32:07+02:00</sln:powIIPWersja><sln:powIdTeryt>2601</sln:powIdTeryt><sln:powNazwa>buski</sln:powNazwa><sln:wojIIPId>d021c0dd-b22e-4fcd-8444-904c64ec3aa8</sln:wojIIPId><sln:wojIIPPn>PL.PZGIK.200</sln:wojIIPPn><sln:wojIIPWersja>2012-09-27T13:45:13+02:00</sln:wojIIPWersja><sln:wojIdTeryt>26</sln:wojIdTeryt><sln:wojNazwa>świętokrzyskie</sln:wojNazwa></sln:miejscowosc><sln:miejscowosc><sln:cyklZyciaOd>2014-12-04T00:00:00+01:00</sln:cyklZyciaOd><sln:gmIIPId>fa69e2a1-907f-4b9c-9418-995a597f6133</sln:gmIIPId><sln:gmIIPPn>PL.PZGIK.200</sln:gmIIPPn><sln:gmIIPWersja>2012-09-26T22:18:08+02:00</sln:gmIIPWersja><sln:gmIdTeryt>2601022</sln:gmIdTeryt><sln:gmNazwa>Gnojno</sln:gmNazwa><sln:miejscIIPId>a677ad98-8ade-42b7-bfde-c9d561112369</sln:miejscIIPId><sln:miejscIIPPn>PL.PZGIK.200</sln:miejscIIPPn><sln:miejscIIPWersja>2016-11-24T13:45:27+02:00</sln:miejscIIPWersja><sln:miejscIdTeryt>0238470</sln:miejscIdTeryt><sln:miejscNazwa>Zrecze Pożogowskie</sln:miejscNazwa><sln:miejscRodzaj>Inny obiekt</sln:miejscRodzaj><sln:powIIPId>937499d5-78c0-4b1b-a5d9-c6bdbea99aa2</sln:powIIPId><sln:powIIPPn>PL.PZGIK.200</sln:powIIPPn><sln:powIIPWersja>2012-09-27T09:32:07+02:00</sln:powIIPWersja><sln:powIdTeryt>2601</sln:powIdTeryt><sln:powNazwa>buski</sln:powNazwa><sln:wojIIPId>d021c0dd-b22e-4fcd-8444-904c64ec3aa8</sln:wojIIPId><sln:wojIIPPn>PL.PZGIK.200</sln:wojIIPPn><sln:wojIIPWersja>2012-09-27T13:45:13+02:00</sln:wojIIPWersja><sln:wojIdTeryt>26</sln:wojIdTeryt><sln:wojNazwa>świętokrzyskie</sln:wojNazwa></sln:miejscowosc><sln:miejscowosc><sln:cyklZyciaOd>2014-12-04T00:00:00+01:00</sln:cyklZyciaOd><sln:gmIIPId>fa69e2a1-907f-4b9c-9418-995a597f6133</sln:gmIIPId><sln:gmIIPPn>PL.PZGIK.200</sln:gmIIPPn><sln:gmIIPWersja>2012-09-26T22:18:08+02:00</sln:gmIIPWersja><sln:gmIdTeryt>2601022</sln:gmIdTeryt><sln:gmNazwa>Gnojno</sln:gmNazwa><sln:miejscIIPId>79883964-f080-42fb-8817-70f6ca690ea6</sln:miejscIIPId><sln:miejscIIPPn>PL.PZGIK.200</sln:miejscIIPPn><sln:miejscIIPWersja>2016-11-24T13:54:02+02:00</sln:miejscIIPWersja><sln:miejscIdTeryt>0238090</sln:miejscIdTeryt><sln:miejscNazwa>Piaski</sln:miejscNazwa><sln:miejscRodzaj>Inny obiekt</sln:miejscRodzaj><sln:powIIPId>937499d5-78c0-4b1b-a5d9-c6bdbea99aa2</sln:powIIPId><sln:powIIPPn>PL.PZGIK.200</sln:powIIPPn><sln:powIIPWersja>2012-09-27T09:32:07+02:00</sln:powIIPWersja><sln:powIdTeryt>2601</sln:powIdTeryt><sln:powNazwa>buski</sln:powNazwa><sln:wojIIPId>d021c0dd-b22e-4fcd-8444-904c64ec3aa8</sln:wojIIPId><sln:wojIIPPn>PL.PZGIK.200</sln:wojIIPPn><sln:wojIIPWersja>2012-09-27T13:45:13+02:00</sln:wojIIPWersja><sln:wojIdTeryt>26</sln:wojIdTeryt><sln:wojNazwa>świętokrzyskie</sln:wojNazwa></sln:miejscowosc><sln:miejscowosc><sln:cyklZyciaOd>2014-12-04T00:00:00+01:00</sln:cyklZyciaOd><sln:gmIIPId>fa69e2a1-907f-4b9c-9418-995a597f6133</sln:gmIIPId><sln:gmIIPPn>PL.PZGIK.200</sln:gmIIPPn><sln:gmIIPWersja>2012-09-26T22:18:08+02:00</sln:gmIIPWersja><sln:gmIdTeryt>2601022</sln:gmIdTeryt><sln:gmNazwa>Gnojno</sln:gmNazwa><sln:miejscIIPId>5d721aa1-0606-47ff-aa06-00884e0dfe17</sln:miejscIIPId><sln:miejscIIPPn>PL.PZGIK.200</sln:miejscIIPPn><sln:miejscIIPWersja>2016-11-24T13:28:13+02:00</sln:miejscIIPWersja><sln:miejscIdTeryt>0238434</sln:miejscIdTeryt><sln:miejscNazwa>Płośnia</sln:miejscNazwa><sln:miejscRodzaj>Wieś</sln:miejscRodzaj><sln:powIIPId>937499d5-78c0-4b1b-a5d9-c6bdbea99aa2</sln:powIIPId><sln:powIIPPn>PL.PZGIK.200</sln:powIIPPn><sln:powIIPWersja>2012-09-27T09:32:07+02:00</sln:powIIPWersja><sln:powIdTeryt>2601</sln:powIdTeryt><sln:powNazwa>buski</sln:powNazwa><sln:wojIIPId>d021c0dd-b22e-4fcd-8444-904c64ec3aa8</sln:wojIIPId><sln:wojIIPPn>PL.PZGIK.200</sln:wojIIPPn><sln:wojIIPWersja>2012-09-27T13:45:13+02:00</sln:wojIIPWersja><sln:wojIdTeryt>26</sln:wojIdTeryt><sln:wojNazwa>świętokrzyskie</sln:wojNazwa></sln:miejscowosc><sln:miejscowosc><sln:cyklZyciaOd>2014-12-04T00:00:00+01:00</sln:cyklZyciaOd><sln:gmIIPId>fa69e2a1-907f-4b9c-9418-995a597f6133</sln:gmIIPId><sln:gmIIPPn>PL.PZGIK.200</sln:gmIIPPn><sln:gmIIPWersja>2012-09-26T22:18:08+02:00</sln:gmIIPWersja><sln:gmIdTeryt>2601022</sln:gmIdTeryt><sln:gmNazwa>Gnojno</sln:gmNazwa><sln:miejscIIPId>4e0c1bba-5a80-4492-b231-7d0fea8aca17</sln:miejscIIPId><sln:miejscIIPPn>PL.PZGIK.200</sln:miejscIIPPn><sln:miejscIIPWersja>2016-11-24T13:54:10+02:00</sln:miejscIIPWersja><sln:miejscIdTeryt>0238150</sln:miejscIdTeryt><sln:miejscNazwa>Dobra-Wymysłów Glinecki</sln:miejscNazwa><sln:miejscRodzaj>Inny obiekt</sln:miejscRodzaj><sln:powIIPId>937499d5-78c0-4b1b-a5d9-c6bdbea99aa2</sln:powIIPId><sln:powIIPPn>PL.PZGIK.200</sln:powIIPPn><sln:powIIPWersja>2012-09-27T09:32:07+02:00</sln:powIIPWersja><sln:powIdTeryt>2601</sln:powIdTeryt><sln:powNazwa>buski</sln:powNazwa><sln:wojIIPId>d021c0dd-b22e-4fcd-8444-904c64ec3aa8</sln:wojIIPId><sln:wojIIPPn>PL.PZGIK.200</sln:wojIIPPn><sln:wojIIPWersja>2012-09-27T13:45:13+02:00</sln:wojIIPWersja><sln:wojIdTeryt>26</sln:wojIdTeryt><sln:wojNazwa>świętokrzyskie</sln:wojNazwa></sln:miejscowosc><sln:miejscowosc><sln:cyklZyciaOd>2014-12-04T00:00:00+01:00</sln:cyklZyciaOd><sln:gmIIPId>fa69e2a1-907f-4b9c-9418-995a597f6133</sln:gmIIPId><sln:gmIIPPn>PL.PZGIK.200</sln:gmIIPPn><sln:gmIIPWersja>2012-09-26T22:18:08+02:00</sln:gmIIPWersja><sln:gmIdTeryt>2601022</sln:gmIdTeryt><sln:gmNazwa>Gnojno</sln:gmNazwa><sln:miejscIIPId>3cefe139-e18e-47f5-b3c2-8a5ebbd2efe1</sln:miejscIIPId><sln:miejscIIPPn>PL.PZGIK.200</sln:miejscIIPPn><sln:miejscIIPWersja>2016-11-24T13:54:02+02:00</sln:miejscIIPWersja><sln:miejscIdTeryt>0238109</sln:miejscIdTeryt><sln:miejscNazwa>Piła Gnoińska</sln:miejscNazwa><sln:miejscRodzaj>Inny obiekt</sln:miejscRodzaj><sln:powIIPId>937499d5-78c0-4b1b-a5d9-c6bdbea99aa2</sln:powIIPId><sln:powIIPPn>PL.PZGIK.200</sln:powIIPPn><sln:powIIPWersja>2012-09-27T09:32:07+02:00</sln:powIIPWersja><sln:powIdTeryt>2601</sln:powIdTeryt><sln:powNazwa>buski</sln:powNazwa><sln:wojIIPId>d021c0dd-b22e-4fcd-8444-904c64ec3aa8</sln:wojIIPId><sln:wojIIPPn>PL.PZGIK.200</sln:wojIIPPn><sln:wojIIPWersja>2012-09-27T13:45:13+02:00</sln:wojIIPWersja><sln:wojIdTeryt>26</sln:wojIdTeryt><sln:wojNazwa>świętokrzyskie</sln:wojNazwa></sln:miejscowosc><sln:miejscowosc><sln:cyklZyciaOd>2014-12-04T00:00:00+01:00</sln:cyklZyciaOd><sln:gmIIPId>fa69e2a1-907f-4b9c-9418-995a597f6133</sln:gmIIPId><sln:gmIIPPn>PL.PZGIK.200</sln:gmIIPPn><sln:gmIIPWersja>2012-09-26T22:18:08+02:00</sln:gmIIPWersja><sln:gmIdTeryt>2601022</sln:gmIdTeryt><sln:gmNazwa>Gnojno</sln:gmNazwa><sln:miejscIIPId>3d5b69b5-4f1e-478a-8f09-b0f7742219bf</sln:miejscIIPId><sln:miejscIIPPn>PL.PZGIK.200</sln:miejscIIPPn><sln:miejscIIPWersja>2016-11-24T13:28:54+02:00</sln:miejscIIPWersja><sln:miejscIdTeryt>0238463</sln:miejscIdTeryt><sln:miejscNazwa>Pożogi</sln:miejscNazwa><sln:miejscRodzaj>Wieś</sln:miejscRodzaj><sln:powIIPId>937499d5-78c0-4b1b-a5d9-c6bdbea99aa2</sln:powIIPId><sln:powIIPPn>PL.PZGIK.200</sln:powIIPPn><sln:powIIPWersja>2012-09-27T09:32:07+02:00</sln:powIIPWersja><sln:powIdTeryt>2601</sln:powIdTeryt><sln:powNazwa>buski</sln:powNazwa><sln:wojIIPId>d021c0dd-b22e-4fcd-8444-904c64ec3aa8</sln:wojIIPId><sln:wojIIPPn>PL.PZGIK.200</sln:wojIIPPn><sln:wojIIPWersja>2012-09-27T13:45:13+02:00</sln:wojIIPWersja><sln:wojIdTeryt>26</sln:wojIdTeryt><sln:wojNazwa>świętokrzyskie</sln:wojNazwa></sln:miejscowosc><sln:miejscowosc><sln:cyklZyciaOd>2014-12-04T00:00:00+01:00</sln:cyklZyciaOd><sln:gmIIPId>fa69e2a1-907f-4b9c-9418-995a597f6133</sln:gmIIPId><sln:gmIIPPn>PL.PZGIK.200</sln:gmIIPPn><sln:gmIIPWersja>2012-09-26T22:18:08+02:00</sln:gmIIPWersja><sln:gmIdTeryt>2601022</sln:gmIdTeryt><sln:gmNazwa>Gnojno</sln:gmNazwa><sln:miejscIIPId>fbc14480-f0d0-40b6-8070-b88ec59d3831</sln:miejscIIPId><sln:miejscIIPPn>PL.PZGIK.200</sln:miejscIIPPn><sln:miejscIIPWersja>2016-11-24T13:51:14+02:00</sln:miejscIIPWersja><sln:miejscIdTeryt>0238747</sln:miejscIdTeryt><sln:miejscNazwa>Pod Lasem</sln:miejscNazwa><sln:miejscRodzaj>Inny obiekt</sln:miejscRodzaj><sln:powIIPId>937499d5-78c0-4b1b-a5d9-c6bdbea99aa2</sln:powIIPId><sln:powIIPPn>PL.PZGIK.200</sln:powIIPPn><sln:powIIPWersja>2012-09-27T09:32:07+02:00</sln:powIIPWersja><sln:powIdTeryt>2601</sln:powIdTeryt><sln:powNazwa>buski</sln:powNazwa><sln:wojIIPId>d021c0dd-b22e-4fcd-8444-904c64ec3aa8</sln:wojIIPId><sln:wojIIPPn>PL.PZGIK.200</sln:wojIIPPn><sln:wojIIPWersja>2012-09-27T13:45:13+02:00</sln:wojIIPWersja><sln:wojIdTeryt>26</sln:wojIdTeryt><sln:wojNazwa>świętokrzyskie</sln:wojNazwa></sln:miejscowosc><sln:miejscowosc><sln:cyklZyciaOd>2014-12-04T00:00:00+01:00</sln:cyklZyciaOd><sln:gmIIPId>fa69e2a1-907f-4b9c-9418-995a597f6133</sln:gmIIPId><sln:gmIIPPn>PL.PZGIK.200</sln:gmIIPPn><sln:gmIIPWersja>2012-09-26T22:18:08+02:00</sln:gmIIPWersja><sln:gmIdTeryt>2601022</sln:gmIdTeryt><sln:gmNazwa>Gnojno</sln:gmNazwa><sln:miejscIIPId>dec4ab77-d959-401e-b0fa-594cfb6bf794</sln:miejscIIPId><sln:miejscIIPPn>PL.PZGIK.200</sln:miejscIIPPn><sln:miejscIIPWersja>2016-11-24T13:52:10+02:00</sln:miejscIIPWersja><sln:miejscIdTeryt>0237995</sln:miejscIdTeryt><sln:miejscNazwa>Balice-Kolonia</sln:miejscNazwa><sln:miejscRodzaj>Inny obiekt</sln:miejscRodzaj><sln:powIIPId>937499d5-78c0-4b1b-a5d9-c6bdbea99aa2</sln:powIIPId><sln:powIIPPn>PL.PZGIK.200</sln:powIIPPn><sln:powIIPWersja>2012-09-27T09:32:07+02:00</sln:powIIPWersja><sln:powIdTeryt>2601</sln:powIdTeryt><sln:powNazwa>buski</sln:powNazwa><sln:wojIIPId>d021c0dd-b22e-4fcd-8444-904c64ec3aa8</sln:wojIIPId><sln:wojIIPPn>PL.PZGIK.200</sln:wojIIPPn><sln:wojIIPWersja>2012-09-27T13:45:13+02:00</sln:wojIIPWersja><sln:wojIdTeryt>26</sln:wojIdTeryt><sln:wojNazwa>świętokrzyskie</sln:wojNazwa></sln:miejscowosc><sln:miejscowosc><sln:cyklZyciaOd>2014-12-04T00:00:00+01:00</sln:cyklZyciaOd><sln:gmIIPId>fa69e2a1-907f-4b9c-9418-995a597f6133</sln:gmIIPId><sln:gmIIPPn>PL.PZGIK.200</sln:gmIIPPn><sln:gmIIPWersja>2012-09-26T22:18:08+02:00</sln:gmIIPWersja><sln:gmIdTeryt>2601022</sln:gmIdTeryt><sln:gmNazwa>Gnojno</sln:gmNazwa><sln:miejscIIPId>6dfdecaa-73d1-4535-9122-5e2855e37283</sln:miejscIIPId><sln:miejscIIPPn>PL.PZGIK.200</sln:miejscIIPPn><sln:miejscIIPWersja>2016-11-24T13:54:58+02:00</sln:miejscIIPWersja><sln:miejscIdTeryt>0238339</sln:miejscIdTeryt><sln:miejscNazwa>Kaleby</sln:miejscNazwa><sln:miejscRodzaj>Inny obiekt</sln:miejscRodzaj><sln:powIIPId>937499d5-78c0-4b1b-a5d9-c6bdbea99aa2</sln:powIIPId><sln:powIIPPn>PL.PZGIK.200</sln:powIIPPn><sln:powIIPWersja>2012-09-27T09:32:07+02:00</sln:powIIPWersja><sln:powIdTeryt>2601</sln:powIdTeryt><sln:powNazwa>buski</sln:powNazwa><sln:wojIIPId>d021c0dd-b22e-4fcd-8444-904c64ec3aa8</sln:wojIIPId><sln:wojIIPPn>PL.PZGIK.200</sln:wojIIPPn><sln:wojIIPWersja>2012-09-27T13:45:13+02:00</sln:wojIIPWersja><sln:wojIdTeryt>26</sln:wojIdTeryt><sln:wojNazwa>świętokrzyskie</sln:wojNazwa></sln:miejscowosc><sln:miejscowosc><sln:cyklZyciaOd>2014-12-04T00:00:00+01:00</sln:cyklZyciaOd><sln:gmIIPId>fa69e2a1-907f-4b9c-9418-995a597f6133</sln:gmIIPId><sln:gmIIPPn>PL.PZGIK.200</sln:gmIIPPn><sln:gmIIPWersja>2012-09-26T22:18:08+02:00</sln:gmIIPWersja><sln:gmIdTeryt>2601022</sln:gmIdTeryt><sln:gmNazwa>Gnojno</sln:gmNazwa><sln:miejscIIPId>baa60e04-f7da-4be9-9ef6-572b3a79a9dc</sln:miejscIIPId><sln:miejscIIPPn>PL.PZGIK.200</sln:miejscIIPPn><sln:miejscIIPWersja>2016-11-24T13:54:58+02:00</sln:miejscIIPWersja><sln:miejscIdTeryt>0238322</sln:miejscIdTeryt><sln:miejscNazwa>Góry</sln:miejscNazwa><sln:miejscRodzaj>Inny obiekt</sln:miejscRodzaj><sln:powIIPId>937499d5-78c0-4b1b-a5d9-c6bdbea99aa2</sln:powIIPId><sln:powIIPPn>PL.PZGIK.200</sln:powIIPPn><sln:powIIPWersja>2012-09-27T09:32:07+02:00</sln:powIIPWersja><sln:powIdTeryt>2601</sln:powIdTeryt><sln:powNazwa>buski</sln:powNazwa><sln:wojIIPId>d021c0dd-b22e-4fcd-8444-904c64ec3aa8</sln:wojIIPId><sln:wojIIPPn>PL.PZGIK.200</sln:wojIIPPn><sln:wojIIPWersja>2012-09-27T13:45:13+02:00</sln:wojIIPWersja><sln:wojIdTeryt>26</sln:wojIdTeryt><sln:wojNazwa>świętokrzyskie</sln:wojNazwa></sln:miejscowosc><sln:miejscowosc><sln:cyklZyciaOd>2014-12-04T00:00:00+01:00</sln:cyklZyciaOd><sln:gmIIPId>fa69e2a1-907f-4b9c-9418-995a597f6133</sln:gmIIPId><sln:gmIIPPn>PL.PZGIK.200</sln:gmIIPPn><sln:gmIIPWersja>2012-09-26T22:18:08+02:00</sln:gmIIPWersja><sln:gmIdTeryt>2601022</sln:gmIdTeryt><sln:gmNazwa>Gnojno</sln:gmNazwa><sln:miejscIIPId>24e71702-d7c0-4f01-8c51-9fc0b07d94b6</sln:miejscIIPId><sln:miejscIIPPn>PL.PZGIK.200</sln:miejscIIPPn><sln:miejscIIPWersja>2016-11-24T13:46:26+02:00</sln:miejscIIPWersja><sln:miejscIdTeryt>0238552</sln:miejscIdTeryt><sln:miejscNazwa>Rzeszutki Dolne</sln:miejscNazwa><sln:miejscRodzaj>Inny obiekt</sln:miejscRodzaj><sln:powIIPId>937499d5-78c0-4b1b-a5d9-c6bdbea99aa2</sln:powIIPId><sln:powIIPPn>PL.PZGIK.200</sln:powIIPPn><sln:powIIPWersja>2012-09-27T09:32:07+02:00</sln:powIIPWersja><sln:powIdTeryt>2601</sln:powIdTeryt><sln:powNazwa>buski</sln:powNazwa><sln:wojIIPId>d021c0dd-b22e-4fcd-8444-904c64ec3aa8</sln:wojIIPId><sln:wojIIPPn>PL.PZGIK.200</sln:wojIIPPn><sln:wojIIPWersja>2012-09-27T13:45:13+02:00</sln:wojIIPWersja><sln:wojIdTeryt>26</sln:wojIdTeryt><sln:wojNazwa>świętokrzyskie</sln:wojNazwa></sln:miejscowosc><sln:miejscowosc><sln:cyklZyciaOd>2014-12-04T00:00:00+01:00</sln:cyklZyciaOd><sln:gmIIPId>fa69e2a1-907f-4b9c-9418-995a597f6133</sln:gmIIPId><sln:gmIIPPn>PL.PZGIK.200</sln:gmIIPPn><sln:gmIIPWersja>2012-09-26T22:18:08+02:00</sln:gmIIPWersja><sln:gmIdTeryt>2601022</sln:gmIdTeryt><sln:gmNazwa>Gnojno</sln:gmNazwa><sln:miejscIIPId>8685a694-7809-41e0-9beb-3c34a846c27b</sln:miejscIIPId><sln:miejscIIPPn>PL.PZGIK.200</sln:miejscIIPPn><sln:miejscIIPWersja>2016-11-24T13:50:48+02:00</sln:miejscIIPWersja><sln:miejscIdTeryt>0238687</sln:miejscIdTeryt><sln:miejscNazwa>Malinie</sln:miejscNazwa><sln:miejscRodzaj>Inny obiekt</sln:miejscRodzaj><sln:powIIPId>937499d5-78c0-4b1b-a5d9-c6bdbea99aa2</sln:powIIPId><sln:powIIPPn>PL.PZGIK.200</sln:powIIPPn><sln:powIIPWersja>2012-09-27T09:32:07+02:00</sln:powIIPWersja><sln:powIdTeryt>2601</sln:powIdTeryt><sln:powNazwa>buski</sln:powNazwa><sln:wojIIPId>d021c0dd-b22e-4fcd-8444-904c64ec3aa8</sln:wojIIPId><sln:wojIIPPn>PL.PZGIK.200</sln:wojIIPPn><sln:wojIIPWersja>2012-09-27T13:45:13+02:00</sln:wojIIPWersja><sln:wojIdTeryt>26</sln:wojIdTeryt><sln:wojNazwa>świętokrzyskie</sln:wojNazwa></sln:miejscowosc><sln:miejscowosc><sln:cyklZyciaOd>2014-12-04T00:00:00+01:00</sln:cyklZyciaOd><sln:gmIIPId>fa69e2a1-907f-4b9c-9418-995a597f6133</sln:gmIIPId><sln:gmIIPPn>PL.PZGIK.200</sln:gmIIPPn><sln:gmIIPWersja>2012-09-26T22:18:08+02:00</sln:gmIIPWersja><sln:gmIdTeryt>2601022</sln:gmIdTeryt><sln:gmNazwa>Gnojno</sln:gmNazwa><sln:miejscIIPId>5c34967a-ec38-4701-be8d-b8f48636287d</sln:miejscIIPId><sln:miejscIIPPn>PL.PZGIK.200</sln:miejscIIPPn><sln:miejscIIPWersja>2016-11-24T13:51:07+02:00</sln:miejscIIPWersja><sln:miejscIdTeryt>0238718</sln:miejscIdTeryt><sln:miejscNazwa>Ciechlów</sln:miejscNazwa><sln:miejscRodzaj>Inny obiekt</sln:miejscRodzaj><sln:powIIPId>937499d5-78c0-4b1b-a5d9-c6bdbea99aa2</sln:powIIPId><sln:powIIPPn>PL.PZGIK.200</sln:powIIPPn><sln:powIIPWersja>2012-09-27T09:32:07+02:00</sln:powIIPWersja><sln:powIdTeryt>2601</sln:powIdTeryt><sln:powNazwa>buski</sln:powNazwa><sln:wojIIPId>d021c0dd-b22e-4fcd-8444-904c64ec3aa8</sln:wojIIPId><sln:wojIIPPn>PL.PZGIK.200</sln:wojIIPPn><sln:wojIIPWersja>2012-09-27T13:45:13+02:00</sln:wojIIPWersja><sln:wojIdTeryt>26</sln:wojIdTeryt><sln:wojNazwa>świętokrzyskie</sln:wojNazwa></sln:miejscowosc><sln:miejscowosc><sln:cyklZyciaOd>2014-12-04T00:00:00+01:00</sln:cyklZyciaOd><sln:gmIIPId>fa69e2a1-907f-4b9c-9418-995a597f6133</sln:gmIIPId><sln:gmIIPPn>PL.PZGIK.200</sln:gmIIPPn><sln:gmIIPWersja>2012-09-26T22:18:08+02:00</sln:gmIIPWersja><sln:gmIdTeryt>2601022</sln:gmIdTeryt><sln:gmNazwa>Gnojno</sln:gmNazwa><sln:miejscIIPId>3ad91a23-7339-4ef1-a051-cd343a1e16d9</sln:miejscIIPId><sln:miejscIIPPn>PL.PZGIK.200</sln:miejscIIPPn><sln:miejscIIPWersja>2016-11-24T13:51:07+02:00</sln:miejscIIPWersja><sln:miejscIdTeryt>0238724</sln:miejscIdTeryt><sln:miejscNazwa>Zagórze</sln:miejscNazwa><sln:miejscRodzaj>Inny obiekt</sln:miejscRodzaj><sln:powIIPId>937499d5-78c0-4b1b-a5d9-c6bdbea99aa2</sln:powIIPId><sln:powIIPPn>PL.PZGIK.200</sln:powIIPPn><sln:powIIPWersja>2012-09-27T09:32:07+02:00</sln:powIIPWersja><sln:powIdTeryt>2601</sln:powIdTeryt><sln:powNazwa>buski</sln:powNazwa><sln:wojIIPId>d021c0dd-b22e-4fcd-8444-904c64ec3aa8</sln:wojIIPId><sln:wojIIPPn>PL.PZGIK.200</sln:wojIIPPn><sln:wojIIPWersja>2012-09-27T13:45:13+02:00</sln:wojIIPWersja><sln:wojIdTeryt>26</sln:wojIdTeryt><sln:wojNazwa>świętokrzyskie</sln:wojNazwa></sln:miejscowosc><sln:miejscowosc><sln:cyklZyciaOd>2014-12-04T00:00:00+01:00</sln:cyklZyciaOd><sln:gmIIPId>fa69e2a1-907f-4b9c-9418-995a597f6133</sln:gmIIPId><sln:gmIIPPn>PL.PZGIK.200</sln:gmIIPPn><sln:gmIIPWersja>2012-09-26T22:18:08+02:00</sln:gmIIPWersja><sln:gmIdTeryt>2601022</sln:gmIdTeryt><sln:gmNazwa>Gnojno</sln:gmNazwa><sln:miejscIIPId>dc7ef073-f740-47ff-be1f-061c87947702</sln:miejscIIPId><sln:miejscIIPPn>PL.PZGIK.200</sln:miejscIIPPn><sln:miejscIIPWersja>2016-11-24T13:30:11+02:00</sln:miejscIIPWersja><sln:miejscIdTeryt>0238546</sln:miejscIdTeryt><sln:miejscNazwa>Rzeszutki</sln:miejscNazwa><sln:miejscRodzaj>Wieś</sln:miejscRodzaj><sln:powIIPId>937499d5-78c0-4b1b-a5d9-c6bdbea99aa2</sln:powIIPId><sln:powIIPPn>PL.PZGIK.200</sln:powIIPPn><sln:powIIPWersja>2012-09-27T09:32:07+02:00</sln:powIIPWersja><sln:powIdTeryt>2601</sln:powIdTeryt><sln:powNazwa>buski</sln:powNazwa><sln:wojIIPId>d021c0dd-b22e-4fcd-8444-904c64ec3aa8</sln:wojIIPId><sln:wojIIPPn>PL.PZGIK.200</sln:wojIIPPn><sln:wojIIPWersja>2012-09-27T13:45:13+02:00</sln:wojIIPWersja><sln:wojIdTeryt>26</sln:wojIdTeryt><sln:wojNazwa>świętokrzyskie</sln:wojNazwa></sln:miejscowosc><sln:miejscowosc><sln:cyklZyciaOd>2014-12-04T00:00:00+01:00</sln:cyklZyciaOd><sln:gmIIPId>fa69e2a1-907f-4b9c-9418-995a597f6133</sln:gmIIPId><sln:gmIIPPn>PL.PZGIK.200</sln:gmIIPPn><sln:gmIIPWersja>2012-09-26T22:18:08+02:00</sln:gmIIPWersja><sln:gmIdTeryt>2601022</sln:gmIdTeryt><sln:gmNazwa>Gnojno</sln:gmNazwa><sln:miejscIIPId>d545ef6d-3a11-4966-99df-95f850fc63a2</sln:miejscIIPId><sln:miejscIIPPn>PL.PZGIK.200</sln:miejscIIPPn><sln:miejscIIPWersja>2016-11-24T13:39:55+02:00</sln:miejscIIPWersja><sln:miejscIdTeryt>0238380</sln:miejscIdTeryt><sln:miejscNazwa>Kostera</sln:miejscNazwa><sln:miejscRodzaj>Wieś</sln:miejscRodzaj><sln:powIIPId>937499d5-78c0-4b1b-a5d9-c6bdbea99aa2</sln:powIIPId><sln:powIIPPn>PL.PZGIK.200</sln:powIIPPn><sln:powIIPWersja>2012-09-27T09:32:07+02:00</sln:powIIPWersja><sln:powIdTeryt>2601</sln:powIdTeryt><sln:powNazwa>buski</sln:powNazwa><sln:wojIIPId>d021c0dd-b22e-4fcd-8444-904c64ec3aa8</sln:wojIIPId><sln:wojIIPPn>PL.PZGIK.200</sln:wojIIPPn><sln:wojIIPWersja>2012-09-27T13:45:13+02:00</sln:wojIIPWersja><sln:wojIdTeryt>26</sln:wojIdTeryt><sln:wojNazwa>świętokrzyskie</sln:wojNazwa></sln:miejscowosc><sln:miejscowosc><sln:cyklZyciaOd>2014-12-04T00:00:00+01:00</sln:cyklZyciaOd><sln:gmIIPId>fa69e2a1-907f-4b9c-9418-995a597f6133</sln:gmIIPId><sln:gmIIPPn>PL.PZGIK.200</sln:gmIIPPn><sln:gmIIPWersja>2012-09-26T22:18:08+02:00</sln:gmIIPWersja><sln:gmIdTeryt>2601022</sln:gmIdTeryt><sln:gmNazwa>Gnojno</sln:gmNazwa><sln:miejscIIPId>56ec67df-71f8-4e9f-a2c9-8cd53d4c7aa2</sln:miejscIIPId><sln:miejscIIPPn>PL.PZGIK.200</sln:miejscIIPPn><sln:miejscIIPWersja>2016-11-24T13:28:49+02:00</sln:miejscIIPWersja><sln:miejscIdTeryt>0238440</sln:miejscIdTeryt><sln:miejscNazwa>Poręba</sln:miejscNazwa><sln:miejscRodzaj>Wieś</sln:miejscRodzaj><sln:powIIPId>937499d5-78c0-4b1b-a5d9-c6bdbea99aa2</sln:powIIPId><sln:powIIPPn>PL.PZGIK.200</sln:powIIPPn><sln:powIIPWersja>2012-09-27T09:32:07+02:00</sln:powIIPWersja><sln:powIdTeryt>2601</sln:powIdTeryt><sln:powNazwa>buski</sln:powNazwa><sln:wojIIPId>d021c0dd-b22e-4fcd-8444-904c64ec3aa8</sln:wojIIPId><sln:wojIIPPn>PL.PZGIK.200</sln:wojIIPPn><sln:wojIIPWersja>2012-09-27T13:45:13+02:00</sln:wojIIPWersja><sln:wojIdTeryt>26</sln:wojIdTeryt><sln:wojNazwa>świętokrzyskie</sln:wojNazwa></sln:miejscowosc><sln:miejscowosc><sln:cyklZyciaOd>2014-12-04T00:00:00+01:00</sln:cyklZyciaOd><sln:gmIIPId>fa69e2a1-907f-4b9c-9418-995a597f6133</sln:gmIIPId><sln:gmIIPPn>PL.PZGIK.200</sln:gmIIPPn><sln:gmIIPWersja>2012-09-26T22:18:08+02:00</sln:gmIIPWersja><sln:gmIdTeryt>2601022</sln:gmIdTeryt><sln:gmNazwa>Gnojno</sln:gmNazwa><sln:miejscIIPId>8e1d883e-b9ee-4e72-bc52-3c253d6bb9ae</sln:miejscIIPId><sln:miejscIIPPn>PL.PZGIK.200</sln:miejscIIPPn><sln:miejscIIPWersja>2016-11-24T13:54:10+02:00</sln:miejscIIPWersja><sln:miejscIdTeryt>0238180</sln:miejscIdTeryt><sln:miejscNazwa>Pod Lasem</sln:miejscNazwa><sln:miejscRodzaj>Inny obiekt</sln:miejscRodzaj><sln:powIIPId>937499d5-78c0-4b1b-a5d9-c6bdbea99aa2</sln:powIIPId><sln:powIIPPn>PL.PZGIK.200</sln:powIIPPn><sln:powIIPWersja>2012-09-27T09:32:07+02:00</sln:powIIPWersja><sln:powIdTeryt>2601</sln:powIdTeryt><sln:powNazwa>buski</sln:powNazwa><sln:wojIIPId>d021c0dd-b22e-4fcd-8444-904c64ec3aa8</sln:wojIIPId><sln:wojIIPPn>PL.PZGIK.200</sln:wojIIPPn><sln:wojIIPWersja>2012-09-27T13:45:13+02:00</sln:wojIIPWersja><sln:wojIdTeryt>26</sln:wojIdTeryt><sln:wojNazwa>świętokrzyskie</sln:wojNazwa></sln:miejscowosc><sln:miejscowosc><sln:cyklZyciaOd>2014-12-04T00:00:00+01:00</sln:cyklZyciaOd><sln:gmIIPId>fa69e2a1-907f-4b9c-9418-995a597f6133</sln:gmIIPId><sln:gmIIPPn>PL.PZGIK.200</sln:gmIIPPn><sln:gmIIPWersja>2012-09-26T22:18:08+02:00</sln:gmIIPWersja><sln:gmIdTeryt>2601022</sln:gmIdTeryt><sln:gmNazwa>Gnojno</sln:gmNazwa><sln:miejscIIPId>882dd7ae-9b5a-426b-913d-f03c67bdc4ca</sln:miejscIIPId><sln:miejscIIPPn>PL.PZGIK.200</sln:miejscIIPPn><sln:miejscIIPWersja>2016-11-24T13:53:47+02:00</sln:miejscIIPWersja><sln:miejscIdTeryt>0238061</sln:miejscIdTeryt><sln:miejscNazwa>Wielka Łąka</sln:miejscNazwa><sln:miejscRodzaj>Inny obiekt</sln:miejscRodzaj><sln:powIIPId>937499d5-78c0-4b1b-a5d9-c6bdbea99aa2</sln:powIIPId><sln:powIIPPn>PL.PZGIK.200</sln:powIIPPn><sln:powIIPWersja>2012-09-27T09:32:07+02:00</sln:powIIPWersja><sln:powIdTeryt>2601</sln:powIdTeryt><sln:powNazwa>buski</sln:powNazwa><sln:wojIIPId>d021c0dd-b22e-4fcd-8444-904c64ec3aa8</sln:wojIIPId><sln:wojIIPPn>PL.PZGIK.200</sln:wojIIPPn><sln:wojIIPWersja>2012-09-27T13:45:13+02:00</sln:wojIIPWersja><sln:wojIdTeryt>26</sln:wojIdTeryt><sln:wojNazwa>świętokrzyskie</sln:wojNazwa></sln:miejscowosc><sln:miejscowosc><sln:cyklZyciaOd>2014-12-04T00:00:00+01:00</sln:cyklZyciaOd><sln:gmIIPId>fa69e2a1-907f-4b9c-9418-995a597f6133</sln:gmIIPId><sln:gmIIPPn>PL.PZGIK.200</sln:gmIIPPn><sln:gmIIPWersja>2012-09-26T22:18:08+02:00</sln:gmIIPWersja><sln:gmIdTeryt>2601022</sln:gmIdTeryt><sln:gmNazwa>Gnojno</sln:gmNazwa><sln:miejscIIPId>c7647711-9cc6-472c-87cc-1d22fbfbb147</sln:miejscIIPId><sln:miejscIIPPn>PL.PZGIK.200</sln:miejscIIPPn><sln:miejscIIPWersja>2016-11-24T13:54:58+02:00</sln:miejscIIPWersja><sln:miejscIdTeryt>0238345</sln:miejscIdTeryt><sln:miejscNazwa>Niwa</sln:miejscNazwa><sln:miejscRodzaj>Inny obiekt</sln:miejscRodzaj><sln:powIIPId>937499d5-78c0-4b1b-a5d9-c6bdbea99aa2</sln:powIIPId><sln:powIIPPn>PL.PZGIK.200</sln:powIIPPn><sln:powIIPWersja>2012-09-27T09:32:07+02:00</sln:powIIPWersja><sln:powIdTeryt>2601</sln:powIdTeryt><sln:powNazwa>buski</sln:powNazwa><sln:wojIIPId>d021c0dd-b22e-4fcd-8444-904c64ec3aa8</sln:wojIIPId><sln:wojIIPPn>PL.PZGIK.200</sln:wojIIPPn><sln:wojIIPWersja>2012-09-27T13:45:13+02:00</sln:wojIIPWersja><sln:wojIdTeryt>26</sln:wojIdTeryt><sln:wojNazwa>świętokrzyskie</sln:wojNazwa></sln:miejscowosc><sln:miejscowosc><sln:cyklZyciaOd>2014-12-04T00:00:00+01:00</sln:cyklZyciaOd><sln:gmIIPId>fa69e2a1-907f-4b9c-9418-995a597f6133</sln:gmIIPId><sln:gmIIPPn>PL.PZGIK.200</sln:gmIIPPn><sln:gmIIPWersja>2012-09-26T22:18:08+02:00</sln:gmIIPWersja><sln:gmIdTeryt>2601022</sln:gmIdTeryt><sln:gmNazwa>Gnojno</sln:gmNazwa><sln:miejscIIPId>80d592bd-6bdc-4322-bbb1-3fe665a3f11b</sln:miejscIIPId><sln:miejscIIPPn>PL.PZGIK.200</sln:miejscIIPPn><sln:miejscIIPWersja>2016-11-24T13:54:09+02:00</sln:miejscIIPWersja><sln:miejscIdTeryt>0238196</sln:miejscIdTeryt><sln:miejscNazwa>Wymysłów</sln:miejscNazwa><sln:miejscRodzaj>Inny obiekt</sln:miejscRodzaj><sln:powIIPId>937499d5-78c0-4b1b-a5d9-c6bdbea99aa2</sln:powIIPId><sln:powIIPPn>PL.PZGIK.200</sln:powIIPPn><sln:powIIPWersja>2012-09-27T09:32:07+02:00</sln:powIIPWersja><sln:powIdTeryt>2601</sln:powIdTeryt><sln:powNazwa>buski</sln:powNazwa><sln:wojIIPId>d021c0dd-b22e-4fcd-8444-904c64ec3aa8</sln:wojIIPId><sln:wojIIPPn>PL.PZGIK.200</sln:wojIIPPn><sln:wojIIPWersja>2012-09-27T13:45:13+02:00</sln:wojIIPWersja><sln:wojIdTeryt>26</sln:wojIdTeryt><sln:wojNazwa>świętokrzyskie</sln:wojNazwa></sln:miejscowosc><sln:miejscowosc><sln:cyklZyciaOd>2014-12-04T00:00:00+01:00</sln:cyklZyciaOd><sln:gmIIPId>fa69e2a1-907f-4b9c-9418-995a597f6133</sln:gmIIPId><sln:gmIIPPn>PL.PZGIK.200</sln:gmIIPPn><sln:gmIIPWersja>2012-09-26T22:18:08+02:00</sln:gmIIPWersja><sln:gmIdTeryt>2601022</sln:gmIdTeryt><sln:gmNazwa>Gnojno</sln:gmNazwa><sln:miejscIIPId>5320aa56-7461-4e08-85ad-c68c9d7d97f0</sln:miejscIIPId><sln:miejscIIPPn>PL.PZGIK.200</sln:miejscIIPPn><sln:miejscIIPWersja>2016-11-24T13:54:10+02:00</sln:miejscIIPWersja><sln:miejscIdTeryt>0238167</sln:miejscIdTeryt><sln:miejscNazwa>Pasieka</sln:miejscNazwa><sln:miejscRodzaj>Inny obiekt</sln:miejscRodzaj><sln:powIIPId>937499d5-78c0-4b1b-a5d9-c6bdbea99aa2</sln:powIIPId><sln:powIIPPn>PL.PZGIK.200</sln:powIIPPn><sln:powIIPWersja>2012-09-27T09:32:07+02:00</sln:powIIPWersja><sln:powIdTeryt>2601</sln:powIdTeryt><sln:powNazwa>buski</sln:powNazwa><sln:wojIIPId>d021c0dd-b22e-4fcd-8444-904c64ec3aa8</sln:wojIIPId><sln:wojIIPPn>PL.PZGIK.200</sln:wojIIPPn><sln:wojIIPWersja>2012-09-27T13:45:13+02:00</sln:wojIIPWersja><sln:wojIdTeryt>26</sln:wojIdTeryt><sln:wojNazwa>świętokrzyskie</sln:wojNazwa></sln:miejscowosc><sln:miejscowosc><sln:cyklZyciaOd>2014-12-04T00:00:00+01:00</sln:cyklZyciaOd><sln:gmIIPId>fa69e2a1-907f-4b9c-9418-995a597f6133</sln:gmIIPId><sln:gmIIPPn>PL.PZGIK.200</sln:gmIIPPn><sln:gmIIPWersja>2012-09-26T22:18:08+02:00</sln:gmIIPWersja><sln:gmIdTeryt>2601022</sln:gmIdTeryt><sln:gmNazwa>Gnojno</sln:gmNazwa><sln:miejscIIPId>d1f4374c-faab-4163-a5c4-413e1a80eaa4</sln:miejscIIPId><sln:miejscIIPPn>PL.PZGIK.200</sln:miejscIIPPn><sln:miejscIIPWersja>2016-11-24T13:33:40+02:00</sln:miejscIIPWersja><sln:miejscIdTeryt>0238635</sln:miejscIdTeryt><sln:miejscNazwa>Wola Zofiowska</sln:miejscNazwa><sln:miejscRodzaj>Wieś</sln:miejscRodzaj><sln:powIIPId>937499d5-78c0-4b1b-a5d9-c6bdbea99aa2</sln:powIIPId><sln:powIIPPn>PL.PZGIK.200</sln:powIIPPn><sln:powIIPWersja>2012-09-27T09:32:07+02:00</sln:powIIPWersja><sln:powIdTeryt>2601</sln:powIdTeryt><sln:powNazwa>buski</sln:powNazwa><sln:wojIIPId>d021c0dd-b22e-4fcd-8444-904c64ec3aa8</sln:wojIIPId><sln:wojIIPPn>PL.PZGIK.200</sln:wojIIPPn><sln:wojIIPWersja>2012-09-27T13:45:13+02:00</sln:wojIIPWersja><sln:wojIdTeryt>26</sln:wojIdTeryt><sln:wojNazwa>świętokrzyskie</sln:wojNazwa></sln:miejscowosc><sln:miejscowosc><sln:cyklZyciaOd>2014-12-04T00:00:00+01:00</sln:cyklZyciaOd><sln:gmIIPId>fa69e2a1-907f-4b9c-9418-995a597f6133</sln:gmIIPId><sln:gmIIPPn>PL.PZGIK.200</sln:gmIIPPn><sln:gmIIPWersja>2012-09-26T22:18:08+02:00</sln:gmIIPWersja><sln:gmIdTeryt>2601022</sln:gmIdTeryt><sln:gmNazwa>Gnojno</sln:gmNazwa><sln:miejscIIPId>0dddeb78-378b-4f5b-be9e-7c56788cc413</sln:miejscIIPId><sln:miejscIIPPn>PL.PZGIK.200</sln:miejscIIPPn><sln:miejscIIPWersja>2016-11-24T13:33:30+02:00</sln:miejscIIPWersja><sln:miejscIdTeryt>0238598</sln:miejscIdTeryt><sln:miejscNazwa>Wola Bokrzycka</sln:miejscNazwa><sln:miejscRodzaj>Wieś</sln:miejscRodzaj><sln:powIIPId>937499d5-78c0-4b1b-a5d9-c6bdbea99aa2</sln:powIIPId><sln:powIIPPn>PL.PZGIK.200</sln:powIIPPn><sln:powIIPWersja>2012-09-27T09:32:07+02:00</sln:powIIPWersja><sln:powIdTeryt>2601</sln:powIdTeryt><sln:powNazwa>buski</sln:powNazwa><sln:wojIIPId>d021c0dd-b22e-4fcd-8444-904c64ec3aa8</sln:wojIIPId><sln:wojIIPPn>PL.PZGIK.200</sln:wojIIPPn><sln:wojIIPWersja>2012-09-27T13:45:13+02:00</sln:wojIIPWersja><sln:wojIdTeryt>26</sln:wojIdTeryt><sln:wojNazwa>świętokrzyskie</sln:wojNazwa></sln:miejscowosc><sln:miejscowosc><sln:cyklZyciaOd>2014-12-04T00:00:00+01:00</sln:cyklZyciaOd><sln:gmIIPId>fa69e2a1-907f-4b9c-9418-995a597f6133</sln:gmIIPId><sln:gmIIPPn>PL.PZGIK.200</sln:gmIIPPn><sln:gmIIPWersja>2012-09-26T22:18:08+02:00</sln:gmIIPWersja><sln:gmIdTeryt>2601022</sln:gmIdTeryt><sln:gmNazwa>Gnojno</sln:gmNazwa><sln:miejscIIPId>a9137469-e062-46e7-bf1f-7ae3fc4e2c51</sln:miejscIIPId><sln:miejscIIPPn>PL.PZGIK.200</sln:miejscIIPPn><sln:miejscIIPWersja>2016-11-24T13:50:48+02:00</sln:miejscIIPWersja><sln:miejscIdTeryt>0238693</sln:miejscIdTeryt><sln:miejscNazwa>Potyrała</sln:miejscNazwa><sln:miejscRodzaj>Inny obiekt</sln:miejscRodzaj><sln:powIIPId>937499d5-78c0-4b1b-a5d9-c6bdbea99aa2</sln:powIIPId><sln:powIIPPn>PL.PZGIK.200</sln:powIIPPn><sln:powIIPWersja>2012-09-27T09:32:07+02:00</sln:powIIPWersja><sln:powIdTeryt>2601</sln:powIdTeryt><sln:powNazwa>buski</sln:powNazwa><sln:wojIIPId>d021c0dd-b22e-4fcd-8444-904c64ec3aa8</sln:wojIIPId><sln:wojIIPPn>PL.PZGIK.200</sln:wojIIPPn><sln:wojIIPWersja>2012-09-27T13:45:13+02:00</sln:wojIIPWersja><sln:wojIdTeryt>26</sln:wojIdTeryt><sln:wojNazwa>świętokrzyskie</sln:wojNazwa></sln:miejscowosc><sln:miejscowosc><sln:cyklZyciaOd>2014-12-04T00:00:00+01:00</sln:cyklZyciaOd><sln:gmIIPId>fa69e2a1-907f-4b9c-9418-995a597f6133</sln:gmIIPId><sln:gmIIPPn>PL.PZGIK.200</sln:gmIIPPn><sln:gmIIPWersja>2012-09-26T22:18:08+02:00</sln:gmIIPWersja><sln:gmIdTeryt>2601022</sln:gmIdTeryt><sln:gmNazwa>Gnojno</sln:gmNazwa><sln:miejscIIPId>fc0396ce-ec5e-47e2-b782-36f5c9f5ac13</sln:miejscIIPId><sln:miejscIIPPn>PL.PZGIK.200</sln:miejscIIPPn><sln:miejscIIPWersja>2016-11-24T13:34:35+02:00</sln:miejscIIPWersja><sln:miejscIdTeryt>0238701</sln:miejscIdTeryt><sln:miejscNazwa>Zawada</sln:miejscNazwa><sln:miejscRodzaj>Wieś</sln:miejscRodzaj><sln:powIIPId>937499d5-78c0-4b1b-a5d9-c6bdbea99aa2</sln:powIIPId><sln:powIIPPn>PL.PZGIK.200</sln:powIIPPn><sln:powIIPWersja>2012-09-27T09:32:07+02:00</sln:powIIPWersja><sln:powIdTeryt>2601</sln:powIdTeryt><sln:powNazwa>buski</sln:powNazwa><sln:wojIIPId>d021c0dd-b22e-4fcd-8444-904c64ec3aa8</sln:wojIIPId><sln:wojIIPPn>PL.PZGIK.200</sln:wojIIPPn><sln:wojIIPWersja>2012-09-27T13:45:13+02:00</sln:wojIIPWersja><sln:wojIdTeryt>26</sln:wojIdTeryt><sln:wojNazwa>świętokrzyskie</sln:wojNazwa></sln:miejscowosc><sln:miejscowosc><sln:cyklZyciaOd>2014-12-04T00:00:00+01:00</sln:cyklZyciaOd><sln:gmIIPId>fa69e2a1-907f-4b9c-9418-995a597f6133</sln:gmIIPId><sln:gmIIPPn>PL.PZGIK.200</sln:gmIIPPn><sln:gmIIPWersja>2012-09-26T22:18:08+02:00</sln:gmIIPWersja><sln:gmIdTeryt>2601022</sln:gmIdTeryt><sln:gmNazwa>Gnojno</sln:gmNazwa><sln:miejscIIPId>1681970a-c652-41a6-ba46-74500aef2bec</sln:miejscIIPId><sln:miejscIIPPn>PL.PZGIK.200</sln:miejscIIPPn><sln:miejscIIPWersja>2016-11-24T13:41:43+02:00</sln:miejscIIPWersja><sln:miejscIdTeryt>0238397</sln:miejscIdTeryt><sln:miejscNazwa>Maciejowice</sln:miejscNazwa><sln:miejscRodzaj>Wieś</sln:miejscRodzaj><sln:powIIPId>937499d5-78c0-4b1b-a5d9-c6bdbea99aa2</sln:powIIPId><sln:powIIPPn>PL.PZGIK.200</sln:powIIPPn><sln:powIIPWersja>2012-09-27T09:32:07+02:00</sln:powIIPWersja><sln:powIdTeryt>2601</sln:powIdTeryt><sln:powNazwa>buski</sln:powNazwa><sln:wojIIPId>d021c0dd-b22e-4fcd-8444-904c64ec3aa8</sln:wojIIPId><sln:wojIIPPn>PL.PZGIK.200</sln:wojIIPPn><sln:wojIIPWersja>2012-09-27T13:45:13+02:00</sln:wojIIPWersja><sln:wojIdTeryt>26</sln:wojIdTeryt><sln:wojNazwa>świętokrzyskie</sln:wojNazwa></sln:miejscowosc><sln:miejscowosc><sln:cyklZyciaOd>2014-12-04T00:00:00+01:00</sln:cyklZyciaOd><sln:gmIIPId>fa69e2a1-907f-4b9c-9418-995a597f6133</sln:gmIIPId><sln:gmIIPPn>PL.PZGIK.200</sln:gmIIPPn><sln:gmIIPWersja>2012-09-26T22:18:08+02:00</sln:gmIIPWersja><sln:gmIdTeryt>2601022</sln:gmIdTeryt><sln:gmNazwa>Gnojno</sln:gmNazwa><sln:miejscIIPId>a6de8fa2-a55e-440d-9d0d-c44c2503e5b5</sln:miejscIIPId><sln:miejscIIPPn>PL.PZGIK.200</sln:miejscIIPPn><sln:miejscIIPWersja>2016-11-24T13:57:21+02:00</sln:miejscIIPWersja><sln:miejscIdTeryt>0238411</sln:miejscIdTeryt><sln:miejscNazwa>Olszynki</sln:miejscNazwa><sln:miejscRodzaj>Inny obiekt</sln:miejscRodzaj><sln:powIIPId>937499d5-78c0-4b1b-a5d9-c6bdbea99aa2</sln:powIIPId><sln:powIIPPn>PL.PZGIK.200</sln:powIIPPn><sln:powIIPWersja>2012-09-27T09:32:07+02:00</sln:powIIPWersja><sln:powIdTeryt>2601</sln:powIdTeryt><sln:powNazwa>buski</sln:powNazwa><sln:wojIIPId>d021c0dd-b22e-4fcd-8444-904c64ec3aa8</sln:wojIIPId><sln:wojIIPPn>PL.PZGIK.200</sln:wojIIPPn><sln:wojIIPWersja>2012-09-27T13:45:13+02:00</sln:wojIIPWersja><sln:wojIdTeryt>26</sln:wojIdTeryt><sln:wojNazwa>świętokrzyskie</sln:wojNazwa></sln:miejscowosc><sln:miejscowosc><sln:cyklZyciaOd>2014-12-04T00:00:00+01:00</sln:cyklZyciaOd><sln:gmIIPId>fa69e2a1-907f-4b9c-9418-995a597f6133</sln:gmIIPId><sln:gmIIPPn>PL.PZGIK.200</sln:gmIIPPn><sln:gmIIPWersja>2012-09-26T22:18:08+02:00</sln:gmIIPWersja><sln:gmIdTeryt>2601022</sln:gmIdTeryt><sln:gmNazwa>Gnojno</sln:gmNazwa><sln:miejscIIPId>d1ae49ec-9dcd-42a5-bbd1-ebe6fa87c492</sln:miejscIIPId><sln:miejscIIPPn>PL.PZGIK.200</sln:miejscIIPPn><sln:miejscIIPWersja>2016-11-24T13:30:39+02:00</sln:miejscIIPWersja><sln:miejscIdTeryt>0238575</sln:miejscIdTeryt><sln:miejscNazwa>Skadla</sln:miejscNazwa><sln:miejscRodzaj>Wieś</sln:miejscRodzaj><sln:powIIPId>937499d5-78c0-4b1b-a5d9-c6bdbea99aa2</sln:powIIPId><sln:powIIPPn>PL.PZGIK.200</sln:powIIPPn><sln:powIIPWersja>2012-09-27T09:32:07+02:00</sln:powIIPWersja><sln:powIdTeryt>2601</sln:powIdTeryt><sln:powNazwa>buski</sln:powNazwa><sln:wojIIPId>d021c0dd-b22e-4fcd-8444-904c64ec3aa8</sln:wojIIPId><sln:wojIIPPn>PL.PZGIK.200</sln:wojIIPPn><sln:wojIIPWersja>2012-09-27T13:45:13+02:00</sln:wojIIPWersja><sln:wojIdTeryt>26</sln:wojIdTeryt><sln:wojNazwa>świętokrzyskie</sln:wojNazwa></sln:miejscowosc><sln:miejscowosc><sln:cyklZyciaOd>2014-12-04T00:00:00+01:00</sln:cyklZyciaOd><sln:gmIIPId>fa69e2a1-907f-4b9c-9418-995a597f6133</sln:gmIIPId><sln:gmIIPPn>PL.PZGIK.200</sln:gmIIPPn><sln:gmIIPWersja>2012-09-26T22:18:08+02:00</sln:gmIIPWersja><sln:gmIdTeryt>2601022</sln:gmIdTeryt><sln:gmNazwa>Gnojno</sln:gmNazwa><sln:miejscIIPId>c3cd227c-5a3c-43e8-8020-377512229486</sln:miejscIIPId><sln:miejscIIPPn>PL.PZGIK.200</sln:miejscIIPPn><sln:miejscIIPWersja>2016-11-24T13:46:52+02:00</sln:miejscIIPWersja><sln:miejscIdTeryt>0238581</sln:miejscIdTeryt><sln:miejscNazwa>Grabie</sln:miejscNazwa><sln:miejscRodzaj>Inny obiekt</sln:miejscRodzaj><sln:powIIPId>937499d5-78c0-4b1b-a5d9-c6bdbea99aa2</sln:powIIPId><sln:powIIPPn>PL.PZGIK.200</sln:powIIPPn><sln:powIIPWersja>2012-09-27T09:32:07+02:00</sln:powIIPWersja><sln:powIdTeryt>2601</sln:powIdTeryt><sln:powNazwa>buski</sln:powNazwa><sln:wojIIPId>d021c0dd-b22e-4fcd-8444-904c64ec3aa8</sln:wojIIPId><sln:wojIIPPn>PL.PZGIK.200</sln:wojIIPPn><sln:wojIIPWersja>2012-09-27T13:45:13+02:00</sln:wojIIPWersja><sln:wojIdTeryt>26</sln:wojIdTeryt><sln:wojNazwa>świętokrzyskie</sln:wojNazwa></sln:miejscowosc><sln:miejscowosc><sln:cyklZyciaOd>2014-12-04T00:00:00+01:00</sln:cyklZyciaOd><sln:gmIIPId>fa69e2a1-907f-4b9c-9418-995a597f6133</sln:gmIIPId><sln:gmIIPPn>PL.PZGIK.200</sln:gmIIPPn><sln:gmIIPWersja>2012-09-26T22:18:08+02:00</sln:gmIIPWersja><sln:gmIdTeryt>2601022</sln:gmIdTeryt><sln:gmNazwa>Gnojno</sln:gmNazwa><sln:miejscIIPId>e2435ace-9fd9-48cb-b117-48e6b9cf2f6c</sln:miejscIIPId><sln:miejscIIPPn>PL.PZGIK.200</sln:miejscIIPPn><sln:miejscIIPWersja>2016-11-24T13:38:33+02:00</sln:miejscIIPWersja><sln:miejscIdTeryt>0238291</sln:miejscIdTeryt><sln:miejscNazwa>Januszowice</sln:miejscNazwa><sln:miejscRodzaj>Wieś</sln:miejscRodzaj><sln:powIIPId>937499d5-78c0-4b1b-a5d9-c6bdbea99aa2</sln:powIIPId><sln:powIIPPn>PL.PZGIK.200</sln:powIIPPn><sln:powIIPWersja>2012-09-27T09:32:07+02:00</sln:powIIPWersja><sln:powIdTeryt>2601</sln:powIdTeryt><sln:powNazwa>buski</sln:powNazwa><sln:wojIIPId>d021c0dd-b22e-4fcd-8444-904c64ec3aa8</sln:wojIIPId><sln:wojIIPPn>PL.PZGIK.200</sln:wojIIPPn><sln:wojIIPWersja>2012-09-27T13:45:13+02:00</sln:wojIIPWersja><sln:wojIdTeryt>26</sln:wojIdTeryt><sln:wojNazwa>świętokrzyskie</sln:wojNazwa></sln:miejscowosc><sln:miejscowosc><sln:cyklZyciaOd>2014-12-04T00:00:00+01:00</sln:cyklZyciaOd><sln:gmIIPId>fa69e2a1-907f-4b9c-9418-995a597f6133</sln:gmIIPId><sln:gmIIPPn>PL.PZGIK.200</sln:gmIIPPn><sln:gmIIPWersja>2012-09-26T22:18:08+02:00</sln:gmIIPWersja><sln:gmIdTeryt>2601022</sln:gmIdTeryt><sln:gmNazwa>Gnojno</sln:gmNazwa><sln:miejscIIPId>c39936ea-fc0e-4702-bad0-905912e07bff</sln:miejscIIPId><sln:miejscIIPPn>PL.PZGIK.200</sln:miejscIIPPn><sln:miejscIIPWersja>2016-11-24T13:54:02+02:00</sln:miejscIIPWersja><sln:miejscIdTeryt>0238115</sln:miejscIdTeryt><sln:miejscNazwa>Zagrądy</sln:miejscNazwa><sln:miejscRodzaj>Inny obiekt</sln:miejscRodzaj><sln:powIIPId>937499d5-78c0-4b1b-a5d9-c6bdbea99aa2</sln:powIIPId><sln:powIIPPn>PL.PZGIK.200</sln:powIIPPn><sln:powIIPWersja>2012-09-27T09:32:07+02:00</sln:powIIPWersja><sln:powIdTeryt>2601</sln:powIdTeryt><sln:powNazwa>buski</sln:powNazwa><sln:wojIIPId>d021c0dd-b22e-4fcd-8444-904c64ec3aa8</sln:wojIIPId><sln:wojIIPPn>PL.PZGIK.200</sln:wojIIPPn><sln:wojIIPWersja>2012-09-27T13:45:13+02:00</sln:wojIIPWersja><sln:wojIdTeryt>26</sln:wojIdTeryt><sln:wojNazwa>świętokrzyskie</sln:wojNazwa></sln:miejscowosc><sln:miejscowosc><sln:cyklZyciaOd>2014-12-04T00:00:00+01:00</sln:cyklZyciaOd><sln:gmIIPId>fa69e2a1-907f-4b9c-9418-995a597f6133</sln:gmIIPId><sln:gmIIPPn>PL.PZGIK.200</sln:gmIIPPn><sln:gmIIPWersja>2012-09-26T22:18:08+02:00</sln:gmIIPWersja><sln:gmIdTeryt>2601022</sln:gmIdTeryt><sln:gmNazwa>Gnojno</sln:gmNazwa><sln:miejscIIPId>8d0525e7-f69e-47ee-8733-072b67352e7f</sln:miejscIIPId><sln:miejscIIPPn>PL.PZGIK.200</sln:miejscIIPPn><sln:miejscIIPWersja>2016-11-24T13:54:02+02:00</sln:miejscIIPWersja><sln:miejscIdTeryt>0238138</sln:miejscIdTeryt><sln:miejscNazwa>Krzywda</sln:miejscNazwa><sln:miejscRodzaj>Inny obiekt</sln:miejscRodzaj><sln:powIIPId>937499d5-78c0-4b1b-a5d9-c6bdbea99aa2</sln:powIIPId><sln:powIIPPn>PL.PZGIK.200</sln:powIIPPn><sln:powIIPWersja>2012-09-27T09:32:07+02:00</sln:powIIPWersja><sln:powIdTeryt>2601</sln:powIdTeryt><sln:powNazwa>buski</sln:powNazwa><sln:wojIIPId>d021c0dd-b22e-4fcd-8444-904c64ec3aa8</sln:wojIIPId><sln:wojIIPPn>PL.PZGIK.200</sln:wojIIPPn><sln:wojIIPWersja>2012-09-27T13:45:13+02:00</sln:wojIIPWersja><sln:wojIdTeryt>26</sln:wojIdTeryt><sln:wojNazwa>świętokrzyskie</sln:wojNazwa></sln:miejscowosc><sln:miejscowosc><sln:cyklZyciaOd>2014-12-04T00:00:00+01:00</sln:cyklZyciaOd><sln:gmIIPId>fa69e2a1-907f-4b9c-9418-995a597f6133</sln:gmIIPId><sln:gmIIPPn>PL.PZGIK.200</sln:gmIIPPn><sln:gmIIPWersja>2012-09-26T22:18:08+02:00</sln:gmIIPWersja><sln:gmIdTeryt>2601022</sln:gmIdTeryt><sln:gmNazwa>Gnojno</sln:gmNazwa><sln:miejscIIPId>1ef571f2-8a5b-4768-a7ff-a55cf7f5eff6</sln:miejscIIPId><sln:miejscIIPPn>PL.PZGIK.200</sln:miejscIIPPn><sln:miejscIIPWersja>2016-11-24T13:45:27+02:00</sln:miejscIIPWersja><sln:miejscIdTeryt>1016291</sln:miejscIdTeryt><sln:miejscNazwa>Kalenta</sln:miejscNazwa><sln:miejscRodzaj>Inny obiekt</sln:miejscRodzaj><sln:powIIPId>937499d5-78c0-4b1b-a5d9-c6bdbea99aa2</sln:powIIPId><sln:powIIPPn>PL.PZGIK.200</sln:powIIPPn><sln:powIIPWersja>2012-09-27T09:32:07+02:00</sln:powIIPWersja><sln:powIdTeryt>2601</sln:powIdTeryt><sln:powNazwa>buski</sln:powNazwa><sln:wojIIPId>d021c0dd-b22e-4fcd-8444-904c64ec3aa8</sln:wojIIPId><sln:wojIIPPn>PL.PZGIK.200</sln:wojIIPPn><sln:wojIIPWersja>2012-09-27T13:45:13+02:00</sln:wojIIPWersja><sln:wojIdTeryt>26</sln:wojIdTeryt><sln:wojNazwa>świętokrzyskie</sln:wojNazwa></sln:miejscowosc><sln:miejscowosc><sln:cyklZyciaOd>2014-12-04T00:00:00+01:00</sln:cyklZyciaOd><sln:gmIIPId>fa69e2a1-907f-4b9c-9418-995a597f6133</sln:gmIIPId><sln:gmIIPPn>PL.PZGIK.200</sln:gmIIPPn><sln:gmIIPWersja>2012-09-26T22:18:08+02:00</sln:gmIIPWersja><sln:gmIdTeryt>2601022</sln:gmIdTeryt><sln:gmNazwa>Gnojno</sln:gmNazwa><sln:miejscIIPId>7a466e59-de32-41a8-a409-4282e68ee54a</sln:miejscIIPId><sln:miejscIIPPn>PL.PZGIK.200</sln:miejscIIPPn><sln:miejscIIPWersja>2016-11-24T13:54:56+02:00</sln:miejscIIPWersja><sln:miejscIdTeryt>0238285</sln:miejscIdTeryt><sln:miejscNazwa>Pytlówka</sln:miejscNazwa><sln:miejscRodzaj>Inny obiekt</sln:miejscRodzaj><sln:powIIPId>937499d5-78c0-4b1b-a5d9-c6bdbea99aa2</sln:powIIPId><sln:powIIPPn>PL.PZGIK.200</sln:powIIPPn><sln:powIIPWersja>2012-09-27T09:32:07+02:00</sln:powIIPWersja><sln:powIdTeryt>2601</sln:powIdTeryt><sln:powNazwa>buski</sln:powNazwa><sln:wojIIPId>d021c0dd-b22e-4fcd-8444-904c64ec3aa8</sln:wojIIPId><sln:wojIIPPn>PL.PZGIK.200</sln:wojIIPPn><sln:wojIIPWersja>2012-09-27T13:45:13+02:00</sln:wojIIPWersja><sln:wojIdTeryt>26</sln:wojIdTeryt><sln:wojNazwa>świętokrzyskie</sln:wojNazwa></sln:miejscowosc><sln:miejscowosc><sln:cyklZyciaOd>2014-12-04T00:00:00+01:00</sln:cyklZyciaOd><sln:gmIIPId>fa69e2a1-907f-4b9c-9418-995a597f6133</sln:gmIIPId><sln:gmIIPPn>PL.PZGIK.200</sln:gmIIPPn><sln:gmIIPWersja>2012-09-26T22:18:08+02:00</sln:gmIIPWersja><sln:gmIdTeryt>2601022</sln:gmIdTeryt><sln:gmNazwa>Gnojno</sln:gmNazwa><sln:miejscIIPId>bc09cc29-7bd6-4d73-9d52-21402d7e7cae</sln:miejscIIPId><sln:miejscIIPPn>PL.PZGIK.200</sln:miejscIIPPn><sln:miejscIIPWersja>2016-11-24T13:38:31+02:00</sln:miejscIIPWersja><sln:miejscIdTeryt>0238279</sln:miejscIdTeryt><sln:miejscNazwa>Janowice Raczyckie</sln:miejscNazwa><sln:miejscRodzaj>Wieś</sln:miejscRodzaj><sln:powIIPId>937499d5-78c0-4b1b-a5d9-c6bdbea99aa2</sln:powIIPId><sln:powIIPPn>PL.PZGIK.200</sln:powIIPPn><sln:powIIPWersja>2012-09-27T09:32:07+02:00</sln:powIIPWersja><sln:powIdTeryt>2601</sln:powIdTeryt><sln:powNazwa>buski</sln:powNazwa><sln:wojIIPId>d021c0dd-b22e-4fcd-8444-904c64ec3aa8</sln:wojIIPId><sln:wojIIPPn>PL.PZGIK.200</sln:wojIIPPn><sln:wojIIPWersja>2012-09-27T13:45:13+02:00</sln:wojIIPWersja><sln:wojIdTeryt>26</sln:wojIdTeryt><sln:wojNazwa>świętokrzyskie</sln:wojNazwa></sln:miejscowosc><sln:miejscowosc><sln:cyklZyciaOd>2014-12-04T00:00:00+01:00</sln:cyklZyciaOd><sln:gmIIPId>fa69e2a1-907f-4b9c-9418-995a597f6133</sln:gmIIPId><sln:gmIIPPn>PL.PZGIK.200</sln:gmIIPPn><sln:gmIIPWersja>2012-09-26T22:18:08+02:00</sln:gmIIPWersja><sln:gmIdTeryt>2601022</sln:gmIdTeryt><sln:gmNazwa>Gnojno</sln:gmNazwa><sln:miejscIIPId>d7fe9bba-d8a9-416d-8ac0-6d9b1ea31989</sln:miejscIIPId><sln:miejscIIPPn>PL.PZGIK.200</sln:miejscIIPPn><sln:miejscIIPWersja>2016-11-24T13:50:23+02:00</sln:miejscIIPWersja><sln:miejscIdTeryt>0238658</sln:miejscIdTeryt><sln:miejscNazwa>Gajówka</sln:miejscNazwa><sln:miejscRodzaj>Inny obiekt</sln:miejscRodzaj><sln:powIIPId>937499d5-78c0-4b1b-a5d9-c6bdbea99aa2</sln:powIIPId><sln:powIIPPn>PL.PZGIK.200</sln:powIIPPn><sln:powIIPWersja>2012-09-27T09:32:07+02:00</sln:powIIPWersja><sln:powIdTeryt>2601</sln:powIdTeryt><sln:powNazwa>buski</sln:powNazwa><sln:wojIIPId>d021c0dd-b22e-4fcd-8444-904c64ec3aa8</sln:wojIIPId><sln:wojIIPPn>PL.PZGIK.200</sln:wojIIPPn><sln:wojIIPWersja>2012-09-27T13:45:13+02:00</sln:wojIIPWersja><sln:wojIdTeryt>26</sln:wojIdTeryt><sln:wojNazwa>świętokrzyskie</sln:wojNazwa></sln:miejscowosc><sln:miejscowosc><sln:cyklZyciaOd>2014-12-04T00:00:00+01:00</sln:cyklZyciaOd><sln:gmIIPId>fa69e2a1-907f-4b9c-9418-995a597f6133</sln:gmIIPId><sln:gmIIPPn>PL.PZGIK.200</sln:gmIIPPn><sln:gmIIPWersja>2012-09-26T22:18:08+02:00</sln:gmIIPWersja><sln:gmIdTeryt>2601022</sln:gmIdTeryt><sln:gmNazwa>Gnojno</sln:gmNazwa><sln:miejscIIPId>f931abf8-9cd3-4683-91ae-b9b86bcd6d7d</sln:miejscIIPId><sln:miejscIIPPn>PL.PZGIK.200</sln:miejscIIPPn><sln:miejscIIPWersja>2016-11-24T13:34:11+02:00</sln:miejscIIPWersja><sln:miejscIdTeryt>0238670</sln:miejscIdTeryt><sln:miejscNazwa>Zagrody</sln:miejscNazwa><sln:miejscRodzaj>Wieś</sln:miejscRodzaj><sln:powIIPId>937499d5-78c0-4b1b-a5d9-c6bdbea99aa2</sln:powIIPId><sln:powIIPPn>PL.PZGIK.200</sln:powIIPPn><sln:powIIPWersja>2012-09-27T09:32:07+02:00</sln:powIIPWersja><sln:powIdTeryt>2601</sln:powIdTeryt><sln:powNazwa>buski</sln:powNazwa><sln:wojIIPId>d021c0dd-b22e-4fcd-8444-904c64ec3aa8</sln:wojIIPId><sln:wojIIPPn>PL.PZGIK.200</sln:wojIIPPn><sln:wojIIPWersja>2012-09-27T13:45:13+02:00</sln:wojIIPWersja><sln:wojIdTeryt>26</sln:wojIdTeryt><sln:wojNazwa>świętokrzyskie</sln:wojNazwa></sln:miejscowosc><sln:miejscowosc><sln:cyklZyciaOd>2014-12-04T00:00:00+01:00</sln:cyklZyciaOd><sln:gmIIPId>fa69e2a1-907f-4b9c-9418-995a597f6133</sln:gmIIPId><sln:gmIIPPn>PL.PZGIK.200</sln:gmIIPPn><sln:gmIIPWersja>2012-09-26T22:18:08+02:00</sln:gmIIPWersja><sln:gmIdTeryt>2601022</sln:gmIdTeryt><sln:gmNazwa>Gnojno</sln:gmNazwa><sln:miejscIIPId>5386086e-7772-469b-b1e5-b1549b1667e7</sln:miejscIIPId><sln:miejscIIPPn>PL.PZGIK.200</sln:miejscIIPPn><sln:miejscIIPWersja>2016-11-24T13:30:01+02:00</sln:miejscIIPWersja><sln:miejscIdTeryt>0238530</sln:miejscIdTeryt><sln:miejscNazwa>Ruda</sln:miejscNazwa><sln:miejscRodzaj>Wieś</sln:miejscRodzaj><sln:powIIPId>937499d5-78c0-4b1b-a5d9-c6bdbea99aa2</sln:powIIPId><sln:powIIPPn>PL.PZGIK.200</sln:powIIPPn><sln:powIIPWersja>2012-09-27T09:32:07+02:00</sln:powIIPWersja><sln:powIdTeryt>2601</sln:powIdTeryt><sln:powNazwa>buski</sln:powNazwa><sln:wojIIPId>d021c0dd-b22e-4fcd-8444-904c64ec3aa8</sln:wojIIPId><sln:wojIIPPn>PL.PZGIK.200</sln:wojIIPPn><sln:wojIIPWersja>2012-09-27T13:45:13+02:00</sln:wojIIPWersja><sln:wojIdTeryt>26</sln:wojIdTeryt><sln:wojNazwa>świętokrzyskie</sln:wojNazwa></sln:miejscowosc><sln:miejscowosc><sln:cyklZyciaOd>2014-12-04T00:00:00+01:00</sln:cyklZyciaOd><sln:gmIIPId>fa69e2a1-907f-4b9c-9418-995a597f6133</sln:gmIIPId><sln:gmIIPPn>PL.PZGIK.200</sln:gmIIPPn><sln:gmIIPWersja>2012-09-26T22:18:08+02:00</sln:gmIIPWersja><sln:gmIdTeryt>2601022</sln:gmIdTeryt><sln:gmNazwa>Gnojno</sln:gmNazwa><sln:miejscIIPId>443242a1-6707-4a9d-ba3d-56175691bfd2</sln:miejscIIPId><sln:miejscIIPPn>PL.PZGIK.200</sln:miejscIIPPn><sln:miejscIIPWersja>2016-11-24T13:46:26+02:00</sln:miejscIIPWersja><sln:miejscIdTeryt>0238569</sln:miejscIdTeryt><sln:miejscNazwa>Rzeszutki Górne</sln:miejscNazwa><sln:miejscRodzaj>Inny obiekt</sln:miejscRodzaj><sln:powIIPId>937499d5-78c0-4b1b-a5d9-c6bdbea99aa2</sln:powIIPId><sln:powIIPPn>PL.PZGIK.200</sln:powIIPPn><sln:powIIPWersja>2012-09-27T09:32:07+02:00</sln:powIIPWersja><sln:powIdTeryt>2601</sln:powIdTeryt><sln:powNazwa>buski</sln:powNazwa><sln:wojIIPId>d021c0dd-b22e-4fcd-8444-904c64ec3aa8</sln:wojIIPId><sln:wojIIPPn>PL.PZGIK.200</sln:wojIIPPn><sln:wojIIPWersja>2012-09-27T13:45:13+02:00</sln:wojIIPWersja><sln:wojIdTeryt>26</sln:wojIdTeryt><sln:wojNazwa>świętokrzyskie</sln:wojNazwa></sln:miejscowosc><sln:miejscowosc><sln:cyklZyciaOd>2014-12-04T00:00:00+01:00</sln:cyklZyciaOd><sln:gmIIPId>fa69e2a1-907f-4b9c-9418-995a597f6133</sln:gmIIPId><sln:gmIIPPn>PL.PZGIK.200</sln:gmIIPPn><sln:gmIIPWersja>2012-09-26T22:18:08+02:00</sln:gmIIPWersja><sln:gmIdTeryt>2601022</sln:gmIdTeryt><sln:gmNazwa>Gnojno</sln:gmNazwa><sln:miejscIIPId>64d4ed62-3997-45df-a3ae-eee4482c8495</sln:miejscIIPId><sln:miejscIIPPn>PL.PZGIK.200</sln:miejscIIPPn><sln:miejscIIPWersja>2016-11-24T13:52:10+02:00</sln:miejscIIPWersja><sln:miejscIdTeryt>0238026</sln:miejscIdTeryt><sln:miejscNazwa>Przyborów</sln:miejscNazwa><sln:miejscRodzaj>Inny obiekt</sln:miejscRodzaj><sln:powIIPId>937499d5-78c0-4b1b-a5d9-c6bdbea99aa2</sln:powIIPId><sln:powIIPPn>PL.PZGIK.200</sln:powIIPPn><sln:powIIPWersja>2012-09-27T09:32:07+02:00</sln:powIIPWersja><sln:powIdTeryt>2601</sln:powIdTeryt><sln:powNazwa>buski</sln:powNazwa><sln:wojIIPId>d021c0dd-b22e-4fcd-8444-904c64ec3aa8</sln:wojIIPId><sln:wojIIPPn>PL.PZGIK.200</sln:wojIIPPn><sln:wojIIPWersja>2012-09-27T13:45:13+02:00</sln:wojIIPWersja><sln:wojIdTeryt>26</sln:wojIdTeryt><sln:wojNazwa>świętokrzyskie</sln:wojNazwa></sln:miejscowosc><sln:miejscowosc><sln:cyklZyciaOd>2014-12-04T00:00:00+01:00</sln:cyklZyciaOd><sln:gmIIPId>fa69e2a1-907f-4b9c-9418-995a597f6133</sln:gmIIPId><sln:gmIIPPn>PL.PZGIK.200</sln:gmIIPPn><sln:gmIIPWersja>2012-09-26T22:18:08+02:00</sln:gmIIPWersja><sln:gmIdTeryt>2601022</sln:gmIdTeryt><sln:gmNazwa>Gnojno</sln:gmNazwa><sln:miejscIIPId>19f16040-a38a-4520-90f9-a0cbdbc138a5</sln:miejscIIPId><sln:miejscIIPPn>PL.PZGIK.200</sln:miejscIIPPn><sln:miejscIIPWersja>2016-11-24T13:54:58+02:00</sln:miejscIIPWersja><sln:miejscIdTeryt>0238316</sln:miejscIdTeryt><sln:miejscNazwa>Captorie</sln:miejscNazwa><sln:miejscRodzaj>Inny obiekt</sln:miejscRodzaj><sln:powIIPId>937499d5-78c0-4b1b-a5d9-c6bdbea99aa2</sln:powIIPId><sln:powIIPPn>PL.PZGIK.200</sln:powIIPPn><sln:powIIPWersja>2012-09-27T09:32:07+02:00</sln:powIIPWersja><sln:powIdTeryt>2601</sln:powIdTeryt><sln:powNazwa>buski</sln:powNazwa><sln:wojIIPId>d021c0dd-b22e-4fcd-8444-904c64ec3aa8</sln:wojIIPId><sln:wojIIPPn>PL.PZGIK.200</sln:wojIIPPn><sln:wojIIPWersja>2012-09-27T13:45:13+02:00</sln:wojIIPWersja><sln:wojIdTeryt>26</sln:wojIdTeryt><sln:wojNazwa>świętokrzyskie</sln:wojNazwa></sln:miejscowosc><sln:miejscowosc><sln:cyklZyciaOd>2014-12-04T00:00:00+01:00</sln:cyklZyciaOd><sln:gmIIPId>fa69e2a1-907f-4b9c-9418-995a597f6133</sln:gmIIPId><sln:gmIIPPn>PL.PZGIK.200</sln:gmIIPPn><sln:gmIIPWersja>2012-09-26T22:18:08+02:00</sln:gmIIPWersja><sln:gmIdTeryt>2601022</sln:gmIdTeryt><sln:gmNazwa>Gnojno</sln:gmNazwa><sln:miejscIIPId>e7dcebf9-5e1b-4df3-8c76-c00b0a36235e</sln:miejscIIPId><sln:miejscIIPPn>PL.PZGIK.200</sln:miejscIIPPn><sln:miejscIIPWersja>2016-11-24T13:34:53+02:00</sln:miejscIIPWersja><sln:miejscIdTeryt>0238730</sln:miejscIdTeryt><sln:miejscNazwa>Zofiówka</sln:miejscNazwa><sln:miejscRodzaj>Wieś</sln:miejscRodzaj><sln:powIIPId>937499d5-78c0-4b1b-a5d9-c6bdbea99aa2</sln:powIIPId><sln:powIIPPn>PL.PZGIK.200</sln:powIIPPn><sln:powIIPWersja>2012-09-27T09:32:07+02:00</sln:powIIPWersja><sln:powIdTeryt>2601</sln:powIdTeryt><sln:powNazwa>buski</sln:powNazwa><sln:wojIIPId>d021c0dd-b22e-4fcd-8444-904c64ec3aa8</sln:wojIIPId><sln:wojIIPPn>PL.PZGIK.200</sln:wojIIPPn><sln:wojIIPWersja>2012-09-27T13:45:13+02:00</sln:wojIIPWersja><sln:wojIdTeryt>26</sln:wojIdTeryt><sln:wojNazwa>świętokrzyskie</sln:wojNazwa></sln:miejscowosc><sln:miejscowosc><sln:cyklZyciaOd>2014-12-04T00:00:00+01:00</sln:cyklZyciaOd><sln:gmIIPId>fa69e2a1-907f-4b9c-9418-995a597f6133</sln:gmIIPId><sln:gmIIPPn>PL.PZGIK.200</sln:gmIIPPn><sln:gmIIPWersja>2012-09-26T22:18:08+02:00</sln:gmIIPWersja><sln:gmIdTeryt>2601022</sln:gmIdTeryt><sln:gmNazwa>Gnojno</sln:gmNazwa><sln:miejscIIPId>37a0581a-c14f-4d35-acd0-d7f69445a0e3</sln:miejscIIPId><sln:miejscIIPPn>PL.PZGIK.200</sln:miejscIIPPn><sln:miejscIIPWersja>2016-11-24T13:54:56+02:00</sln:miejscIIPWersja><sln:miejscIdTeryt>0238256</sln:miejscIdTeryt><sln:miejscNazwa>Koło Dworu</sln:miejscNazwa><sln:miejscRodzaj>Inny obiekt</sln:miejscRodzaj><sln:powIIPId>937499d5-78c0-4b1b-a5d9-c6bdbea99aa2</sln:powIIPId><sln:powIIPPn>PL.PZGIK.200</sln:powIIPPn><sln:powIIPWersja>2012-09-27T09:32:07+02:00</sln:powIIPWersja><sln:powIdTeryt>2601</sln:powIdTeryt><sln:powNazwa>buski</sln:powNazwa><sln:wojIIPId>d021c0dd-b22e-4fcd-8444-904c64ec3aa8</sln:wojIIPId><sln:wojIIPPn>PL.PZGIK.200</sln:wojIIPPn><sln:wojIIPWersja>2012-09-27T13:45:13+02:00</sln:wojIIPWersja><sln:wojIdTeryt>26</sln:wojIdTeryt><sln:wojNazwa>świętokrzyskie</sln:wojNazwa></sln:miejscowosc><sln:miejscowosc><sln:cyklZyciaOd>2014-12-04T00:00:00+01:00</sln:cyklZyciaOd><sln:gmIIPId>fa69e2a1-907f-4b9c-9418-995a597f6133</sln:gmIIPId><sln:gmIIPPn>PL.PZGIK.200</sln:gmIIPPn><sln:gmIIPWersja>2012-09-26T22:18:08+02:00</sln:gmIIPWersja><sln:gmIdTeryt>2601022</sln:gmIdTeryt><sln:gmNazwa>Gnojno</sln:gmNazwa><sln:miejscIIPId>9d10ac3f-3491-4579-b514-71d2b4194e97</sln:miejscIIPId><sln:miejscIIPPn>PL.PZGIK.200</sln:miejscIIPPn><sln:miejscIIPWersja>2016-11-24T13:34:48+02:00</sln:miejscIIPWersja><sln:miejscIdTeryt>0238629</sln:miejscIdTeryt><sln:miejscNazwa>Zielonka</sln:miejscNazwa><sln:miejscRodzaj>Inny obiekt</sln:miejscRodzaj><sln:powIIPId>937499d5-78c0-4b1b-a5d9-c6bdbea99aa2</sln:powIIPId><sln:powIIPPn>PL.PZGIK.200</sln:powIIPPn><sln:powIIPWersja>2012-09-27T09:32:07+02:00</sln:powIIPWersja><sln:powIdTeryt>2601</sln:powIdTeryt><sln:powNazwa>buski</sln:powNazwa><sln:wojIIPId>d021c0dd-b22e-4fcd-8444-904c64ec3aa8</sln:wojIIPId><sln:wojIIPPn>PL.PZGIK.200</sln:wojIIPPn><sln:wojIIPWersja>2012-09-27T13:45:13+02:00</sln:wojIIPWersja><sln:wojIdTeryt>26</sln:wojIdTeryt><sln:wojNazwa>świętokrzyskie</sln:wojNazwa></sln:miejscowosc><sln:miejscowosc><sln:cyklZyciaOd>2014-12-04T00:00:00+01:00</sln:cyklZyciaOd><sln:gmIIPId>fa69e2a1-907f-4b9c-9418-995a597f6133</sln:gmIIPId><sln:gmIIPPn>PL.PZGIK.200</sln:gmIIPPn><sln:gmIIPWersja>2012-09-26T22:18:08+02:00</sln:gmIIPWersja><sln:gmIdTeryt>2601022</sln:gmIdTeryt><sln:gmNazwa>Gnojno</sln:gmNazwa><sln:miejscIIPId>9b2f87cd-5bd6-4295-a65f-0efae901e8c3</sln:miejscIIPId><sln:miejscIIPPn>PL.PZGIK.200</sln:miejscIIPPn><sln:miejscIIPWersja>2016-11-24T13:37:48+02:00</sln:miejscIIPWersja><sln:miejscIdTeryt>0238210</sln:miejscIdTeryt><sln:miejscNazwa>Grabki Małe</sln:miejscNazwa><sln:miejscRodzaj>Wieś</sln:miejscRodzaj><sln:powIIPId>937499d5-78c0-4b1b-a5d9-c6bdbea99aa2</sln:powIIPId><sln:powIIPPn>PL.PZGIK.200</sln:powIIPPn><sln:powIIPWersja>2012-09-27T09:32:07+02:00</sln:powIIPWersja><sln:powIdTeryt>2601</sln:powIdTeryt><sln:powNazwa>buski</sln:powNazwa><sln:wojIIPId>d021c0dd-b22e-4fcd-8444-904c64ec3aa8</sln:wojIIPId><sln:wojIIPPn>PL.PZGIK.200</sln:wojIIPPn><sln:wojIIPWersja>2012-09-27T13:45:13+02:00</sln:wojIIPWersja><sln:wojIdTeryt>26</sln:wojIdTeryt><sln:wojNazwa>świętokrzyskie</sln:wojNazwa></sln:miejscowosc><sln:miejscowosc><sln:cyklZyciaOd>2014-12-04T00:00:00+01:00</sln:cyklZyciaOd><sln:gmIIPId>fa69e2a1-907f-4b9c-9418-995a597f6133</sln:gmIIPId><sln:gmIIPPn>PL.PZGIK.200</sln:gmIIPPn><sln:gmIIPWersja>2012-09-26T22:18:08+02:00</sln:gmIIPWersja><sln:gmIdTeryt>2601022</sln:gmIdTeryt><sln:gmNazwa>Gnojno</sln:gmNazwa><sln:miejscIIPId>cabff920-ba94-48ef-bcd3-e072c323e123</sln:miejscIIPId><sln:miejscIIPPn>PL.PZGIK.200</sln:miejscIIPPn><sln:miejscIIPWersja>2016-11-24T13:46:01+02:00</sln:miejscIIPWersja><sln:miejscIdTeryt>0238517</sln:miejscIdTeryt><sln:miejscNazwa>Nowa Wieś</sln:miejscNazwa><sln:miejscRodzaj>Inny obiekt</sln:miejscRodzaj><sln:powIIPId>937499d5-78c0-4b1b-a5d9-c6bdbea99aa2</sln:powIIPId><sln:powIIPPn>PL.PZGIK.200</sln:powIIPPn><sln:powIIPWersja>2012-09-27T09:32:07+02:00</sln:powIIPWersja><sln:powIdTeryt>2601</sln:powIdTeryt><sln:powNazwa>buski</sln:powNazwa><sln:wojIIPId>d021c0dd-b22e-4fcd-8444-904c64ec3aa8</sln:wojIIPId><sln:wojIIPPn>PL.PZGIK.200</sln:wojIIPPn><sln:wojIIPWersja>2012-09-27T13:45:13+02:00</sln:wojIIPWersja><sln:wojIdTeryt>26</sln:wojIdTeryt><sln:wojNazwa>świętokrzyskie</sln:wojNazwa></sln:miejscowosc><sln:miejscowosc><sln:cyklZyciaOd>2014-12-04T00:00:00+01:00</sln:cyklZyciaOd><sln:gmIIPId>fa69e2a1-907f-4b9c-9418-995a597f6133</sln:gmIIPId><sln:gmIIPPn>PL.PZGIK.200</sln:gmIIPPn><sln:gmIIPWersja>2012-09-26T22:18:08+02:00</sln:gmIIPWersja><sln:gmIdTeryt>2601022</sln:gmIdTeryt><sln:gmNazwa>Gnojno</sln:gmNazwa><sln:miejscIIPId>0c7b296b-a835-4443-bc14-085184bd42b7</sln:miejscIIPId><sln:miejscIIPPn>PL.PZGIK.200</sln:miejscIIPPn><sln:miejscIIPWersja>2016-11-24T13:46:01+02:00</sln:miejscIIPWersja><sln:miejscIdTeryt>0238500</sln:miejscIdTeryt><sln:miejscNazwa>Czworak</sln:miejscNazwa><sln:miejscRodzaj>Inny obiekt</sln:miejscRodzaj><sln:powIIPId>937499d5-78c0-4b1b-a5d9-c6bdbea99aa2</sln:powIIPId><sln:powIIPPn>PL.PZGIK.200</sln:powIIPPn><sln:powIIPWersja>2012-09-27T09:32:07+02:00</sln:powIIPWersja><sln:powIdTeryt>2601</sln:powIdTeryt><sln:powNazwa>buski</sln:powNazwa><sln:wojIIPId>d021c0dd-b22e-4fcd-8444-904c64ec3aa8</sln:wojIIPId><sln:wojIIPPn>PL.PZGIK.200</sln:wojIIPPn><sln:wojIIPWersja>2012-09-27T13:45:13+02:00</sln:wojIIPWersja><sln:wojIdTeryt>26</sln:wojIdTeryt><sln:wojNazwa>świętokrzyskie</sln:wojNazwa></sln:miejscowosc><sln:miejscowosc><sln:cyklZyciaOd>2014-12-04T00:00:00+01:00</sln:cyklZyciaOd><sln:gmIIPId>fa69e2a1-907f-4b9c-9418-995a597f6133</sln:gmIIPId><sln:gmIIPPn>PL.PZGIK.200</sln:gmIIPPn><sln:gmIIPWersja>2012-09-26T22:18:08+02:00</sln:gmIIPWersja><sln:gmIdTeryt>2601022</sln:gmIdTeryt><sln:gmNazwa>Gnojno</sln:gmNazwa><sln:miejscIIPId>0a8d26fa-c34b-4371-9157-4d7d7b45734b</sln:miejscIIPId><sln:miejscIIPPn>PL.PZGIK.200</sln:miejscIIPPn><sln:miejscIIPWersja>2016-11-24T13:54:21+02:00</sln:miejscIIPWersja><sln:miejscIdTeryt>0238227</sln:miejscIdTeryt><sln:miejscNazwa>Pozdżeń</sln:miejscNazwa><sln:miejscRodzaj>Inny obiekt</sln:miejscRodzaj><sln:powIIPId>937499d5-78c0-4b1b-a5d9-c6bdbea99aa2</sln:powIIPId><sln:powIIPPn>PL.PZGIK.200</sln:powIIPPn><sln:powIIPWersja>2012-09-27T09:32:07+02:00</sln:powIIPWersja><sln:powIdTeryt>2601</sln:powIdTeryt><sln:powNazwa>buski</sln:powNazwa><sln:wojIIPId>d021c0dd-b22e-4fcd-8444-904c64ec3aa8</sln:wojIIPId><sln:wojIIPPn>PL.PZGIK.200</sln:wojIIPPn><sln:wojIIPWersja>2012-09-27T13:45:13+02:00</sln:wojIIPWersja><sln:wojIdTeryt>26</sln:wojIdTeryt><sln:wojNazwa>świętokrzyskie</sln:wojNazwa></sln:miejscowosc><sln:miejscowosc><sln:cyklZyciaOd>2014-12-04T00:00:00+01:00</sln:cyklZyciaOd><sln:gmIIPId>fa69e2a1-907f-4b9c-9418-995a597f6133</sln:gmIIPId><sln:gmIIPPn>PL.PZGIK.200</sln:gmIIPPn><sln:gmIIPWersja>2012-09-26T22:18:08+02:00</sln:gmIIPWersja><sln:gmIdTeryt>2601022</sln:gmIdTeryt><sln:gmNazwa>Gnojno</sln:gmNazwa><sln:miejscIIPId>1895070d-06ca-426b-a3dd-40b0345e8831</sln:miejscIIPId><sln:miejscIIPPn>PL.PZGIK.200</sln:miejscIIPPn><sln:miejscIIPWersja>2016-11-24T13:37:18+02:00</sln:miejscIIPWersja><sln:miejscIdTeryt>0238078</sln:miejscIdTeryt><sln:miejscNazwa>Glinka</sln:miejscNazwa><sln:miejscRodzaj>Wieś</sln:miejscRodzaj><sln:powIIPId>937499d5-78c0-4b1b-a5d9-c6bdbea99aa2</sln:powIIPId><sln:powIIPPn>PL.PZGIK.200</sln:powIIPPn><sln:powIIPWersja>2012-09-27T09:32:07+02:00</sln:powIIPWersja><sln:powIdTeryt>2601</sln:powIdTeryt><sln:powNazwa>buski</sln:powNazwa><sln:wojIIPId>d021c0dd-b22e-4fcd-8444-904c64ec3aa8</sln:wojIIPId><sln:wojIIPPn>PL.PZGIK.200</sln:wojIIPPn><sln:wojIIPWersja>2012-09-27T13:45:13+02:00</sln:wojIIPWersja><sln:wojIdTeryt>26</sln:wojIdTeryt><sln:wojNazwa>świętokrzyskie</sln:wojNazwa></sln:miejscowosc><sln:miejscowosc><sln:cyklZyciaOd>2014-12-04T00:00:00+01:00</sln:cyklZyciaOd><sln:gmIIPId>fa69e2a1-907f-4b9c-9418-995a597f6133</sln:gmIIPId><sln:gmIIPPn>PL.PZGIK.200</sln:gmIIPPn><sln:gmIIPWersja>2012-09-26T22:18:08+02:00</sln:gmIIPWersja><sln:gmIdTeryt>2601022</sln:gmIdTeryt><sln:gmNazwa>Gnojno</sln:gmNazwa><sln:miejscIIPId>916534bc-9b05-4b93-8a73-3f83e1be74bc</sln:miejscIIPId><sln:miejscIIPPn>PL.PZGIK.200</sln:miejscIIPPn><sln:miejscIIPWersja>2016-11-24T13:37:24+02:00</sln:miejscIIPWersja><sln:miejscIdTeryt>0238084</sln:miejscIdTeryt><sln:miejscNazwa>Gnojno</sln:miejscNazwa><sln:miejscRodzaj>Wieś</sln:miejscRodzaj><sln:powIIPId>937499d5-78c0-4b1b-a5d9-c6bdbea99aa2</sln:powIIPId><sln:powIIPPn>PL.PZGIK.200</sln:powIIPPn><sln:powIIPWersja>2012-09-27T09:32:07+02:00</sln:powIIPWersja><sln:powIdTeryt>2601</sln:powIdTeryt><sln:powNazwa>buski</sln:powNazwa><sln:wojIIPId>d021c0dd-b22e-4fcd-8444-904c64ec3aa8</sln:wojIIPId><sln:wojIIPPn>PL.PZGIK.200</sln:wojIIPPn><sln:wojIIPWersja>2012-09-27T13:45:13+02:00</sln:wojIIPWersja><sln:wojIdTeryt>26</sln:wojIdTeryt><sln:wojNazwa>świętokrzyskie</sln:wojNazwa></sln:miejscowosc><sln:miejscowosc><sln:cyklZyciaOd>2014-12-04T00:00:00+01:00</sln:cyklZyciaOd><sln:gmIIPId>fa69e2a1-907f-4b9c-9418-995a597f6133</sln:gmIIPId><sln:gmIIPPn>PL.PZGIK.200</sln:gmIIPPn><sln:gmIIPWersja>2012-09-26T22:18:08+02:00</sln:gmIIPWersja><sln:gmIdTeryt>2601022</sln:gmIdTeryt><sln:gmNazwa>Gnojno</sln:gmNazwa><sln:miejscIIPId>b50517c4-8151-4153-bdc6-f722204bd2ea</sln:miejscIIPId><sln:miejscIIPPn>PL.PZGIK.200</sln:miejscIIPPn><sln:miejscIIPWersja>2016-11-24T13:54:02+02:00</sln:miejscIIPWersja><sln:miejscIdTeryt>0238121</sln:miejscIdTeryt><sln:miejscNazwa>Kaleby</sln:miejscNazwa><sln:miejscRodzaj>Inny obiekt</sln:miejscRodzaj><sln:powIIPId>937499d5-78c0-4b1b-a5d9-c6bdbea99aa2</sln:powIIPId><sln:powIIPPn>PL.PZGIK.200</sln:powIIPPn><sln:powIIPWersja>2012-09-27T09:32:07+02:00</sln:powIIPWersja><sln:powIdTeryt>2601</sln:powIdTeryt><sln:powNazwa>buski</sln:powNazwa><sln:wojIIPId>d021c0dd-b22e-4fcd-8444-904c64ec3aa8</sln:wojIIPId><sln:wojIIPPn>PL.PZGIK.200</sln:wojIIPPn><sln:wojIIPWersja>2012-09-27T13:45:13+02:00</sln:wojIIPWersja><sln:wojIdTeryt>26</sln:wojIdTeryt><sln:wojNazwa>świętokrzyskie</sln:wojNazwa></sln:miejscowosc><sln:miejscowosc><sln:cyklZyciaOd>2014-12-04T00:00:00+01:00</sln:cyklZyciaOd><sln:gmIIPId>fa69e2a1-907f-4b9c-9418-995a597f6133</sln:gmIIPId><sln:gmIIPPn>PL.PZGIK.200</sln:gmIIPPn><sln:gmIIPWersja>2012-09-26T22:18:08+02:00</sln:gmIIPWersja><sln:gmIdTeryt>2601022</sln:gmIdTeryt><sln:gmNazwa>Gnojno</sln:gmNazwa><sln:miejscIIPId>6c1030a9-7d62-4e16-a76e-a64eb4860b2f</sln:miejscIIPId><sln:miejscIIPPn>PL.PZGIK.200</sln:miejscIIPPn><sln:miejscIIPWersja>2016-11-24T13:54:56+02:00</sln:miejscIIPWersja><sln:miejscIdTeryt>0238240</sln:miejscIdTeryt><sln:miejscNazwa>Antoniów</sln:miejscNazwa><sln:miejscRodzaj>Inny obiekt</sln:miejscRodzaj><sln:powIIPId>937499d5-78c0-4b1b-a5d9-c6bdbea99aa2</sln:powIIPId><sln:powIIPPn>PL.PZGIK.200</sln:powIIPPn><sln:powIIPWersja>2012-09-27T09:32:07+02:00</sln:powIIPWersja><sln:powIdTeryt>2601</sln:powIdTeryt><sln:powNazwa>buski</sln:powNazwa><sln:wojIIPId>d021c0dd-b22e-4fcd-8444-904c64ec3aa8</sln:wojIIPId><sln:wojIIPPn>PL.PZGIK.200</sln:wojIIPPn><sln:wojIIPWersja>2012-09-27T13:45:13+02:00</sln:wojIIPWersja><sln:wojIdTeryt>26</sln:wojIdTeryt><sln:wojNazwa>świętokrzyskie</sln:wojNazwa></sln:miejscowosc><sln:miejscowosc><sln:cyklZyciaOd>2014-12-04T00:00:00+01:00</sln:cyklZyciaOd><sln:gmIIPId>fa69e2a1-907f-4b9c-9418-995a597f6133</sln:gmIIPId><sln:gmIIPPn>PL.PZGIK.200</sln:gmIIPPn><sln:gmIIPWersja>2012-09-26T22:18:08+02:00</sln:gmIIPWersja><sln:gmIdTeryt>2601022</sln:gmIdTeryt><sln:gmNazwa>Gnojno</sln:gmNazwa><sln:miejscIIPId>5bb26438-497b-4b15-a45c-60b1f72b75c2</sln:miejscIIPId><sln:miejscIIPPn>PL.PZGIK.200</sln:miejscIIPPn><sln:miejscIIPWersja>2016-11-24T13:50:23+02:00</sln:miejscIIPWersja><sln:miejscIdTeryt>0238641</sln:miejscIdTeryt><sln:miejscNazwa>Czechowizna</sln:miejscNazwa><sln:miejscRodzaj>Inny obiekt</sln:miejscRodzaj><sln:powIIPId>937499d5-78c0-4b1b-a5d9-c6bdbea99aa2</sln:powIIPId><sln:powIIPPn>PL.PZGIK.200</sln:powIIPPn><sln:powIIPWersja>2012-09-27T09:32:07+02:00</sln:powIIPWersja><sln:powIdTeryt>2601</sln:powIdTeryt><sln:powNazwa>buski</sln:powNazwa><sln:wojIIPId>d021c0dd-b22e-4fcd-8444-904c64ec3aa8</sln:wojIIPId><sln:wojIIPPn>PL.PZGIK.200</sln:wojIIPPn><sln:wojIIPWersja>2012-09-27T13:45:13+02:00</sln:wojIIPWersja><sln:wojIdTeryt>26</sln:wojIdTeryt><sln:wojNazwa>świętokrzyskie</sln:wojNazwa></sln:miejscowosc><sln:miejscowosc><sln:cyklZyciaOd>2014-12-04T00:00:00+01:00</sln:cyklZyciaOd><sln:gmIIPId>fa69e2a1-907f-4b9c-9418-995a597f6133</sln:gmIIPId><sln:gmIIPPn>PL.PZGIK.200</sln:gmIIPPn><sln:gmIIPWersja>2012-09-26T22:18:08+02:00</sln:gmIIPWersja><sln:gmIdTeryt>2601022</sln:gmIdTeryt><sln:gmNazwa>Gnojno</sln:gmNazwa><sln:miejscIIPId>99466f86-409e-4da8-83ae-a5768da29c20</sln:miejscIIPId><sln:miejscIIPPn>PL.PZGIK.200</sln:miejscIIPPn><sln:miejscIIPWersja>2016-11-24T13:33:43+02:00</sln:miejscIIPWersja><sln:miejscIdTeryt>0238664</sln:miejscIdTeryt><sln:miejscNazwa>Wólka Bosowska</sln:miejscNazwa><sln:miejscRodzaj>Wieś</sln:miejscRodzaj><sln:powIIPId>937499d5-78c0-4b1b-a5d9-c6bdbea99aa2</sln:powIIPId><sln:powIIPPn>PL.PZGIK.200</sln:powIIPPn><sln:powIIPWersja>2012-09-27T09:32:07+02:00</sln:powIIPWersja><sln:powIdTeryt>2601</sln:powIdTeryt><sln:powNazwa>buski</sln:powNazwa><sln:wojIIPId>d021c0dd-b22e-4fcd-8444-904c64ec3aa8</sln:wojIIPId><sln:wojIIPPn>PL.PZGIK.200</sln:wojIIPPn><sln:wojIIPWersja>2012-09-27T13:45:13+02:00</sln:wojIIPWersja><sln:wojIdTeryt>26</sln:wojIdTeryt><sln:wojNazwa>świętokrzyskie</sln:wojNazwa></sln:miejscowosc><sln:miejscowosc><sln:cyklZyciaOd>2014-12-04T00:00:00+01:00</sln:cyklZyciaOd><sln:gmIIPId>fa69e2a1-907f-4b9c-9418-995a597f6133</sln:gmIIPId><sln:gmIIPPn>PL.PZGIK.200</sln:gmIIPPn><sln:gmIIPWersja>2012-09-26T22:18:08+02:00</sln:gmIIPWersja><sln:gmIdTeryt>2601022</sln:gmIdTeryt><sln:gmNazwa>Gnojno</sln:gmNazwa><sln:miejscIIPId>1edaad99-9943-446f-90c6-b22c232f0ffb</sln:miejscIIPId><sln:miejscIIPPn>PL.PZGIK.200</sln:miejscIIPPn><sln:miejscIIPWersja>2016-11-24T13:29:29+02:00</sln:miejscIIPWersja><sln:miejscIdTeryt>0238486</sln:miejscIdTeryt><sln:miejscNazwa>Raczyce</sln:miejscNazwa><sln:miejscRodzaj>Wieś</sln:miejscRodzaj><sln:powIIPId>937499d5-78c0-4b1b-a5d9-c6bdbea99aa2</sln:powIIPId><sln:powIIPPn>PL.PZGIK.200</sln:powIIPPn><sln:powIIPWersja>2012-09-27T09:32:07+02:00</sln:powIIPWersja><sln:powIdTeryt>2601</sln:powIdTeryt><sln:powNazwa>buski</sln:powNazwa><sln:wojIIPId>d021c0dd-b22e-4fcd-8444-904c64ec3aa8</sln:wojIIPId><sln:wojIIPPn>PL.PZGIK.200</sln:wojIIPPn><sln:wojIIPWersja>2012-09-27T13:45:13+02:00</sln:wojIIPWersja><sln:wojIdTeryt>26</sln:wojIdTeryt><sln:wojNazwa>świętokrzyskie</sln:wojNazwa></sln:miejscowosc><sln:miejscowosc><sln:cyklZyciaOd>2014-12-04T00:00:00+01:00</sln:cyklZyciaOd><sln:gmIIPId>fa69e2a1-907f-4b9c-9418-995a597f6133</sln:gmIIPId><sln:gmIIPPn>PL.PZGIK.200</sln:gmIIPPn><sln:gmIIPWersja>2012-09-26T22:18:08+02:00</sln:gmIIPWersja><sln:gmIdTeryt>2601022</sln:gmIdTeryt><sln:gmNazwa>Gnojno</sln:gmNazwa><sln:miejscIIPId>26b93775-8dcf-4599-86f6-75ea9f4c06f9</sln:miejscIIPId><sln:miejscIIPPn>PL.PZGIK.200</sln:miejscIIPPn><sln:miejscIIPWersja>2016-11-24T13:37:02+02:00</sln:miejscIIPWersja><sln:miejscIdTeryt>0238049</sln:miejscIdTeryt><sln:miejscNazwa>Falki</sln:miejscNazwa><sln:miejscRodzaj>Wieś</sln:miejscRodzaj><sln:powIIPId>937499d5-78c0-4b1b-a5d9-c6bdbea99aa2</sln:powIIPId><sln:powIIPPn>PL.PZGIK.200</sln:powIIPPn><sln:powIIPWersja>2012-09-27T09:32:07+02:00</sln:powIIPWersja><sln:powIdTeryt>2601</sln:powIdTeryt><sln:powNazwa>buski</sln:powNazwa><sln:wojIIPId>d021c0dd-b22e-4fcd-8444-904c64ec3aa8</sln:wojIIPId><sln:wojIIPPn>PL.PZGIK.200</sln:wojIIPPn><sln:wojIIPWersja>2012-09-27T13:45:13+02:00</sln:wojIIPWersja><sln:wojIdTeryt>26</sln:wojIdTeryt><sln:wojNazwa>świętokrzyskie</sln:wojNazwa></sln:miejscowosc><sln:miejscowosc><sln:cyklZyciaOd>2014-12-04T00:00:00+01:00</sln:cyklZyciaOd><sln:gmIIPId>fa69e2a1-907f-4b9c-9418-995a597f6133</sln:gmIIPId><sln:gmIIPPn>PL.PZGIK.200</sln:gmIIPPn><sln:gmIIPWersja>2012-09-26T22:18:08+02:00</sln:gmIIPWersja><sln:gmIdTeryt>2601022</sln:gmIdTeryt><sln:gmNazwa>Gnojno</sln:gmNazwa><sln:miejscIIPId>cfb0f426-b2d6-42bd-b55b-80178e317783</sln:miejscIIPId><sln:miejscIIPPn>PL.PZGIK.200</sln:miejscIIPPn><sln:miejscIIPWersja>2016-11-24T13:53:47+02:00</sln:miejscIIPWersja><sln:miejscIdTeryt>0238055</sln:miejscIdTeryt><sln:miejscNazwa>Gajówka</sln:miejscNazwa><sln:miejscRodzaj>Inny obiekt</sln:miejscRodzaj><sln:powIIPId>937499d5-78c0-4b1b-a5d9-c6bdbea99aa2</sln:powIIPId><sln:powIIPPn>PL.PZGIK.200</sln:powIIPPn><sln:powIIPWersja>2012-09-27T09:32:07+02:00</sln:powIIPWersja><sln:powIdTeryt>2601</sln:powIdTeryt><sln:powNazwa>buski</sln:powNazwa><sln:wojIIPId>d021c0dd-b22e-4fcd-8444-904c64ec3aa8</sln:wojIIPId><sln:wojIIPPn>PL.PZGIK.200</sln:wojIIPPn><sln:wojIIPWersja>2012-09-27T13:45:13+02:00</sln:wojIIPWersja><sln:wojIdTeryt>26</sln:wojIdTeryt><sln:wojNazwa>świętokrzyskie</sln:wojNazwa></sln:miejscowosc><sln:miejscowosc><sln:cyklZyciaOd>2014-12-04T00:00:00+01:00</sln:cyklZyciaOd><sln:gmIIPId>fa69e2a1-907f-4b9c-9418-995a597f6133</sln:gmIIPId><sln:gmIIPPn>PL.PZGIK.200</sln:gmIIPPn><sln:gmIIPWersja>2012-09-26T22:18:08+02:00</sln:gmIIPWersja><sln:gmIdTeryt>2601022</sln:gmIdTeryt><sln:gmNazwa>Gnojno</sln:gmNazwa><sln:miejscIIPId>7b5bd223-e46c-4f90-bb59-32c3c5b5663a</sln:miejscIIPId><sln:miejscIIPPn>PL.PZGIK.200</sln:miejscIIPPn><sln:miejscIIPWersja>2016-11-24T13:45:24+02:00</sln:miejscIIPWersja><sln:miejscIdTeryt>0238457</sln:miejscIdTeryt><sln:miejscNazwa>Wygoda</sln:miejscNazwa><sln:miejscRodzaj>Inny obiekt</sln:miejscRodzaj><sln:powIIPId>937499d5-78c0-4b1b-a5d9-c6bdbea99aa2</sln:powIIPId><sln:powIIPPn>PL.PZGIK.200</sln:powIIPPn><sln:powIIPWersja>2012-09-27T09:32:07+02:00</sln:powIIPWersja><sln:powIdTeryt>2601</sln:powIdTeryt><sln:powNazwa>buski</sln:powNazwa><sln:wojIIPId>d021c0dd-b22e-4fcd-8444-904c64ec3aa8</sln:wojIIPId><sln:wojIIPPn>PL.PZGIK.200</sln:wojIIPPn><sln:wojIIPWersja>2012-09-27T13:45:13+02:00</sln:wojIIPWersja><sln:wojIdTeryt>26</sln:wojIdTeryt><sln:wojNazwa>świętokrzyskie</sln:wojNazwa></sln:miejscowosc><sln:miejscowosc><sln:cyklZyciaOd>2014-12-04T00:00:00+01:00</sln:cyklZyciaOd><sln:gmIIPId>fa69e2a1-907f-4b9c-9418-995a597f6133</sln:gmIIPId><sln:gmIIPPn>PL.PZGIK.200</sln:gmIIPPn><sln:gmIIPWersja>2012-09-26T22:18:08+02:00</sln:gmIIPWersja><sln:gmIdTeryt>2601022</sln:gmIdTeryt><sln:gmNazwa>Gnojno</sln:gmNazwa><sln:miejscIIPId>e1bc3189-bcf8-4fbc-a08c-da02c9960a0c</sln:miejscIIPId><sln:miejscIIPPn>PL.PZGIK.200</sln:miejscIIPPn><sln:miejscIIPWersja>2016-11-24T13:52:10+02:00</sln:miejscIIPWersja><sln:miejscIdTeryt>0238003</sln:miejscIdTeryt><sln:miejscNazwa>Jadwisin</sln:miejscNazwa><sln:miejscRodzaj>Inny obiekt</sln:miejscRodzaj><sln:powIIPId>937499d5-78c0-4b1b-a5d9-c6bdbea99aa2</sln:powIIPId><sln:powIIPPn>PL.PZGIK.200</sln:powIIPPn><sln:powIIPWersja>2012-09-27T09:32:07+02:00</sln:powIIPWersja><sln:powIdTeryt>2601</sln:powIdTeryt><sln:powNazwa>buski</sln:powNazwa><sln:wojIIPId>d021c0dd-b22e-4fcd-8444-904c64ec3aa8</sln:wojIIPId><sln:wojIIPPn>PL.PZGIK.200</sln:wojIIPPn><sln:wojIIPWersja>2012-09-27T13:45:13+02:00</sln:wojIIPWersja><sln:wojIdTeryt>26</sln:wojIdTeryt><sln:wojNazwa>świętokrzyskie</sln:wojNazwa></sln:miejscowosc><sln:miejscowosc><sln:cyklZyciaOd>2014-12-04T00:00:00+01:00</sln:cyklZyciaOd><sln:gmIIPId>fa69e2a1-907f-4b9c-9418-995a597f6133</sln:gmIIPId><sln:gmIIPPn>PL.PZGIK.200</sln:gmIIPPn><sln:gmIIPWersja>2012-09-26T22:18:08+02:00</sln:gmIIPWersja><sln:gmIdTeryt>2601022</sln:gmIdTeryt><sln:gmNazwa>Gnojno</sln:gmNazwa><sln:miejscIIPId>7d80c18b-b610-4ae3-95ed-fc16cb5a3dfa</sln:miejscIIPId><sln:miejscIIPPn>PL.PZGIK.200</sln:miejscIIPPn><sln:miejscIIPWersja>2016-11-24T13:54:10+02:00</sln:miejscIIPWersja><sln:miejscIdTeryt>0238173</sln:miejscIdTeryt><sln:miejscNazwa>Piaski</sln:miejscNazwa><sln:miejscRodzaj>Inny obiekt</sln:miejscRodzaj><sln:powIIPId>937499d5-78c0-4b1b-a5d9-c6bdbea99aa2</sln:powIIPId><sln:powIIPPn>PL.PZGIK.200</sln:powIIPPn><sln:powIIPWersja>2012-09-27T09:32:07+02:00</sln:powIIPWersja><sln:powIdTeryt>2601</sln:powIdTeryt><sln:powNazwa>buski</sln:powNazwa><sln:wojIIPId>d021c0dd-b22e-4fcd-8444-904c64ec3aa8</sln:wojIIPId><sln:wojIIPPn>PL.PZGIK.200</sln:wojIIPPn><sln:wojIIPWersja>2012-09-27T13:45:13+02:00</sln:wojIIPWersja><sln:wojIdTeryt>26</sln:wojIdTeryt><sln:wojNazwa>świętokrzyskie</sln:wojNazwa></sln:miejscowosc><sln:miejscowosc><sln:cyklZyciaOd>2014-12-04T00:00:00+01:00</sln:cyklZyciaOd><sln:gmIIPId>fa69e2a1-907f-4b9c-9418-995a597f6133</sln:gmIIPId><sln:gmIIPPn>PL.PZGIK.200</sln:gmIIPPn><sln:gmIIPWersja>2012-09-26T22:18:08+02:00</sln:gmIIPWersja><sln:gmIdTeryt>2601022</sln:gmIdTeryt><sln:gmNazwa>Gnojno</sln:gmNazwa><sln:miejscIIPId>e78d419f-1398-4e53-aa1e-41e4a87fe856</sln:miejscIIPId><sln:miejscIIPPn>PL.PZGIK.200</sln:miejscIIPPn><sln:miejscIIPWersja>2016-11-24T13:59:38+02:00</sln:miejscIIPWersja><sln:miejscIdTeryt>0238262</sln:miejscIdTeryt><sln:miejscNazwa>Poterała</sln:miejscNazwa><sln:miejscRodzaj>Inny obiekt</sln:miejscRodzaj><sln:powIIPId>937499d5-78c0-4b1b-a5d9-c6bdbea99aa2</sln:powIIPId><sln:powIIPPn>PL.PZGIK.200</sln:powIIPPn><sln:powIIPWersja>2012-09-27T09:32:07+02:00</sln:powIIPWersja><sln:powIdTeryt>2601</sln:powIdTeryt><sln:powNazwa>buski</sln:powNazwa><sln:wojIIPId>d021c0dd-b22e-4fcd-8444-904c64ec3aa8</sln:wojIIPId><sln:wojIIPPn>PL.PZGIK.200</sln:wojIIPPn><sln:wojIIPWersja>2012-09-27T13:45:13+02:00</sln:wojIIPWersja><sln:wojIdTeryt>26</sln:wojIdTeryt><sln:wojNazwa>świętokrzyskie</sln:wojNazwa></sln:miejscowosc><sln:miejscowosc><sln:cyklZyciaOd>2014-12-04T00:00:00+01:00</sln:cyklZyciaOd><sln:gmIIPId>fa69e2a1-907f-4b9c-9418-995a597f6133</sln:gmIIPId><sln:gmIIPPn>PL.PZGIK.200</sln:gmIIPPn><sln:gmIIPWersja>2012-09-26T22:18:08+02:00</sln:gmIIPWersja><sln:gmIdTeryt>2601022</sln:gmIdTeryt><sln:gmNazwa>Gnojno</sln:gmNazwa><sln:miejscIIPId>297d095a-6ca1-4c5a-b1a1-d490fce6502e</sln:miejscIIPId><sln:miejscIIPPn>PL.PZGIK.200</sln:miejscIIPPn><sln:miejscIIPWersja>2016-11-24T13:54:58+02:00</sln:miejscIIPWersja><sln:miejscIdTeryt>0238351</sln:miejscIdTeryt><sln:miejscNazwa>Podgrabie</sln:miejscNazwa><sln:miejscRodzaj>Inny obiekt</sln:miejscRodzaj><sln:powIIPId>937499d5-78c0-4b1b-a5d9-c6bdbea99aa2</sln:powIIPId><sln:powIIPPn>PL.PZGIK.200</sln:powIIPPn><sln:powIIPWersja>2012-09-27T09:32:07+02:00</sln:powIIPWersja><sln:powIdTeryt>2601</sln:powIdTeryt><sln:powNazwa>buski</sln:powNazwa><sln:wojIIPId>d021c0dd-b22e-4fcd-8444-904c64ec3aa8</sln:wojIIPId><sln:wojIIPPn>PL.PZGIK.200</sln:wojIIPPn><sln:wojIIPWersja>2012-09-27T13:45:13+02:00</sln:wojIIPWersja><sln:wojIdTeryt>26</sln:wojIdTeryt><sln:wojNazwa>świętokrzyskie</sln:wojNazwa></sln:miejscowosc><sln:miejscowosc><sln:cyklZyciaOd>2014-12-04T00:00:00+01:00</sln:cyklZyciaOd><sln:gmIIPId>fa69e2a1-907f-4b9c-9418-995a597f6133</sln:gmIIPId><sln:gmIIPPn>PL.PZGIK.200</sln:gmIIPPn><sln:gmIIPWersja>2012-09-26T22:18:08+02:00</sln:gmIIPWersja><sln:gmIdTeryt>2601022</sln:gmIdTeryt><sln:gmNazwa>Gnojno</sln:gmNazwa><sln:miejscIIPId>a07cc2aa-e9d1-4ba3-918d-14ee4846b83f</sln:miejscIIPId><sln:miejscIIPPn>PL.PZGIK.200</sln:miejscIIPPn><sln:miejscIIPWersja>2016-11-24T13:31:22+02:00</sln:miejscIIPWersja><sln:miejscIdTeryt>0238032</sln:miejscIdTeryt><sln:miejscNazwa>Bugaj</sln:miejscNazwa><sln:miejscRodzaj>Wieś</sln:miejscRodzaj><sln:powIIPId>937499d5-78c0-4b1b-a5d9-c6bdbea99aa2</sln:powIIPId><sln:powIIPPn>PL.PZGIK.200</sln:powIIPPn><sln:powIIPWersja>2012-09-27T09:32:07+02:00</sln:powIIPWersja><sln:powIdTeryt>2601</sln:powIdTeryt><sln:powNazwa>buski</sln:powNazwa><sln:wojIIPId>d021c0dd-b22e-4fcd-8444-904c64ec3aa8</sln:wojIIPId><sln:wojIIPPn>PL.PZGIK.200</sln:wojIIPPn><sln:wojIIPWersja>2012-09-27T13:45:13+02:00</sln:wojIIPWersja><sln:wojIdTeryt>26</sln:wojIdTeryt><sln:wojNazwa>świętokrzyskie</sln:wojNazwa></sln:miejscowosc><sln:miejscowosc><sln:cyklZyciaOd>2014-12-04T00:00:00+01:00</sln:cyklZyciaOd><sln:gmIIPId>fa69e2a1-907f-4b9c-9418-995a597f6133</sln:gmIIPId><sln:gmIIPPn>PL.PZGIK.200</sln:gmIIPPn><sln:gmIIPWersja>2012-09-26T22:18:08+02:00</sln:gmIIPWersja><sln:gmIdTeryt>2601022</sln:gmIdTeryt><sln:gmNazwa>Gnojno</sln:gmNazwa><sln:miejscIIPId>64bc6055-3f27-4356-9d8e-6fec732a33b0</sln:miejscIIPId><sln:miejscIIPPn>PL.PZGIK.200</sln:miejscIIPPn><sln:miejscIIPWersja>2016-11-24T13:57:21+02:00</sln:miejscIIPWersja><sln:miejscIdTeryt>0238405</sln:miejscIdTeryt><sln:miejscNazwa>Błonie</sln:miejscNazwa><sln:miejscRodzaj>Inny obiekt</sln:miejscRodzaj><sln:powIIPId>937499d5-78c0-4b1b-a5d9-c6bdbea99aa2</sln:powIIPId><sln:powIIPPn>PL.PZGIK.200</sln:powIIPPn><sln:powIIPWersja>2012-09-27T09:32:07+02:00</sln:powIIPWersja><sln:powIdTeryt>2601</sln:powIdTeryt><sln:powNazwa>buski</sln:powNazwa><sln:wojIIPId>d021c0dd-b22e-4fcd-8444-904c64ec3aa8</sln:wojIIPId><sln:wojIIPPn>PL.PZGIK.200</sln:wojIIPPn><sln:wojIIPWersja>2012-09-27T13:45:13+02:00</sln:wojIIPWersja><sln:wojIdTeryt>26</sln:wojIdTeryt><sln:wojNazwa>świętokrzyskie</sln:wojNazwa></sln:miejscowosc><sln:miejscowosc><sln:cyklZyciaOd>2014-12-04T00:00:00+01:00</sln:cyklZyciaOd><sln:gmIIPId>fa69e2a1-907f-4b9c-9418-995a597f6133</sln:gmIIPId><sln:gmIIPPn>PL.PZGIK.200</sln:gmIIPPn><sln:gmIIPWersja>2012-09-26T22:18:08+02:00</sln:gmIIPWersja><sln:gmIdTeryt>2601022</sln:gmIdTeryt><sln:gmNazwa>Gnojno</sln:gmNazwa><sln:miejscIIPId>86a943d7-be92-44ca-85a9-cc90df59ceb3</sln:miejscIIPId><sln:miejscIIPPn>PL.PZGIK.200</sln:miejscIIPPn><sln:miejscIIPWersja>2016-11-24T13:52:10+02:00</sln:miejscIIPWersja><sln:miejscIdTeryt>0238010</sln:miejscIdTeryt><sln:miejscNazwa>Michałówka</sln:miejscNazwa><sln:miejscRodzaj>Inny obiekt</sln:miejscRodzaj><sln:powIIPId>937499d5-78c0-4b1b-a5d9-c6bdbea99aa2</sln:powIIPId><sln:powIIPPn>PL.PZGIK.200</sln:powIIPPn><sln:powIIPWersja>2012-09-27T09:32:07+02:00</sln:powIIPWersja><sln:powIdTeryt>2601</sln:powIdTeryt><sln:powNazwa>buski</sln:powNazwa><sln:wojIIPId>d021c0dd-b22e-4fcd-8444-904c64ec3aa8</sln:wojIIPId><sln:wojIIPPn>PL.PZGIK.200</sln:wojIIPPn><sln:wojIIPWersja>2012-09-27T13:45:13+02:00</sln:wojIIPWersja><sln:wojIdTeryt>26</sln:wojIdTeryt><sln:wojNazwa>świętokrzyskie</sln:wojNazwa></sln:miejscowosc><sln:miejscowosc><sln:cyklZyciaOd>2014-12-04T00:00:00+01:00</sln:cyklZyciaOd><sln:gmIIPId>fa69e2a1-907f-4b9c-9418-995a597f6133</sln:gmIIPId><sln:gmIIPPn>PL.PZGIK.200</sln:gmIIPPn><sln:gmIIPWersja>2012-09-26T22:18:08+02:00</sln:gmIIPWersja><sln:gmIdTeryt>2601022</sln:gmIdTeryt><sln:gmNazwa>Gnojno</sln:gmNazwa><sln:miejscIIPId>654f09a5-612f-4430-b905-8dcd1306772a</sln:miejscIIPId><sln:miejscIIPPn>PL.PZGIK.200</sln:miejscIIPPn><sln:miejscIIPWersja>2016-11-24T13:50:13+02:00</sln:miejscIIPWersja><sln:miejscIdTeryt>0238606</sln:miejscIdTeryt><sln:miejscNazwa>Kamionka</sln:miejscNazwa><sln:miejscRodzaj>Inny obiekt</sln:miejscRodzaj><sln:powIIPId>937499d5-78c0-4b1b-a5d9-c6bdbea99aa2</sln:powIIPId><sln:powIIPPn>PL.PZGIK.200</sln:powIIPPn><sln:powIIPWersja>2012-09-27T09:32:07+02:00</sln:powIIPWersja><sln:powIdTeryt>2601</sln:powIdTeryt><sln:powNazwa>buski</sln:powNazwa><sln:wojIIPId>d021c0dd-b22e-4fcd-8444-904c64ec3aa8</sln:wojIIPId><sln:wojIIPPn>PL.PZGIK.200</sln:wojIIPPn><sln:wojIIPWersja>2012-09-27T13:45:13+02:00</sln:wojIIPWersja><sln:wojIdTeryt>26</sln:wojIdTeryt><sln:wojNazwa>świętokrzyskie</sln:wojNazwa></sln:miejscowosc><sln:miejscowosc><sln:cyklZyciaOd>2014-12-04T00:00:00+01:00</sln:cyklZyciaOd><sln:gmIIPId>fa69e2a1-907f-4b9c-9418-995a597f6133</sln:gmIIPId><sln:gmIIPPn>PL.PZGIK.200</sln:gmIIPPn><sln:gmIIPWersja>2012-09-26T22:18:08+02:00</sln:gmIIPWersja><sln:gmIdTeryt>2601022</sln:gmIdTeryt><sln:gmNazwa>Gnojno</sln:gmNazwa><sln:miejscIIPId>75bbd7db-608a-4115-9498-3cc27b15621f</sln:miejscIIPId><sln:miejscIIPPn>PL.PZGIK.200</sln:miejscIIPPn><sln:miejscIIPWersja>2016-11-24T13:50:13+02:00</sln:miejscIIPWersja><sln:miejscIdTeryt>0238612</sln:miejscIdTeryt><sln:miejscNazwa>Piaski</sln:miejscNazwa><sln:miejscRodzaj>Kolonia</sln:miejscRodzaj><sln:powIIPId>937499d5-78c0-4b1b-a5d9-c6bdbea99aa2</sln:powIIPId><sln:powIIPPn>PL.PZGIK.200</sln:powIIPPn><sln:powIIPWersja>2012-09-27T09:32:07+02:00</sln:powIIPWersja><sln:powIdTeryt>2601</sln:powIdTeryt><sln:powNazwa>buski</sln:powNazwa><sln:wojIIPId>d021c0dd-b22e-4fcd-8444-904c64ec3aa8</sln:wojIIPId><sln:wojIIPPn>PL.PZGIK.200</sln:wojIIPPn><sln:wojIIPWersja>2012-09-27T13:45:13+02:00</sln:wojIIPWersja><sln:wojIdTeryt>26</sln:wojIdTeryt><sln:wojNazwa>świętokrzyskie</sln:wojNazwa></sln:miejscowosc><sln:miejscowosc><sln:cyklZyciaOd>2014-12-04T00:00:00+01:00</sln:cyklZyciaOd><sln:gmIIPId>fa69e2a1-907f-4b9c-9418-995a597f6133</sln:gmIIPId><sln:gmIIPPn>PL.PZGIK.200</sln:gmIIPPn><sln:gmIIPWersja>2012-09-26T22:18:08+02:00</sln:gmIIPWersja><sln:gmIdTeryt>2601022</sln:gmIdTeryt><sln:gmNazwa>Gnojno</sln:gmNazwa><sln:miejscIIPId>522f5a3e-3547-4abe-aaec-75662339c288</sln:miejscIIPId><sln:miejscIIPPn>PL.PZGIK.200</sln:miejscIIPPn><sln:miejscIIPWersja>2016-11-24T13:54:58+02:00</sln:miejscIIPWersja><sln:miejscIdTeryt>0238374</sln:miejscIdTeryt><sln:miejscNazwa>Wiktorów</sln:miejscNazwa><sln:miejscRodzaj>Inny obiekt</sln:miejscRodzaj><sln:powIIPId>937499d5-78c0-4b1b-a5d9-c6bdbea99aa2</sln:powIIPId><sln:powIIPPn>PL.PZGIK.200</sln:powIIPPn><sln:powIIPWersja>2012-09-27T09:32:07+02:00</sln:powIIPWersja><sln:powIdTeryt>2601</sln:powIdTeryt><sln:powNazwa>buski</sln:powNazwa><sln:wojIIPId>d021c0dd-b22e-4fcd-8444-904c64ec3aa8</sln:wojIIPId><sln:wojIIPPn>PL.PZGIK.200</sln:wojIIPPn><sln:wojIIPWersja>2012-09-27T13:45:13+02:00</sln:wojIIPWersja><sln:wojIdTeryt>26</sln:wojIdTeryt><sln:wojNazwa>świętokrzyskie</sln:wojNazwa></sln:miejscowosc><sln:miejscowosc><sln:cyklZyciaOd>2014-12-04T00:00:00+01:00</sln:cyklZyciaOd><sln:gmIIPId>fa69e2a1-907f-4b9c-9418-995a597f6133</sln:gmIIPId><sln:gmIIPPn>PL.PZGIK.200</sln:gmIIPPn><sln:gmIIPWersja>2012-09-26T22:18:08+02:00</sln:gmIIPWersja><sln:gmIdTeryt>2601022</sln:gmIdTeryt><sln:gmNazwa>Gnojno</sln:gmNazwa><sln:miejscIIPId>ee2889f1-4b01-43db-b36b-69898778157c</sln:miejscIIPId><sln:miejscIIPPn>PL.PZGIK.200</sln:miejscIIPPn><sln:miejscIIPWersja>2016-11-24T13:38:31+02:00</sln:miejscIIPWersja><sln:miejscIdTeryt>0238233</sln:miejscIdTeryt><sln:miejscNazwa>Janowice Poduszowskie</sln:miejscNazwa><sln:miejscRodzaj>Wieś</sln:miejscRodzaj><sln:powIIPId>937499d5-78c0-4b1b-a5d9-c6bdbea99aa2</sln:powIIPId><sln:powIIPPn>PL.PZGIK.200</sln:powIIPPn><sln:powIIPWersja>2012-09-27T09:32:07+02:00</sln:powIIPWersja><sln:powIdTeryt>2601</sln:powIdTeryt><sln:powNazwa>buski</sln:powNazwa><sln:wojIIPId>d021c0dd-b22e-4fcd-8444-904c64ec3aa8</sln:wojIIPId><sln:wojIIPPn>PL.PZGIK.200</sln:wojIIPPn><sln:wojIIPWersja>2012-09-27T13:45:13+02:00</sln:wojIIPWersja><sln:wojIdTeryt>26</sln:wojIdTeryt><sln:wojNazwa>świętokrzyskie</sln:wojNazwa></sln:miejscowosc><sln:miejscowosc><sln:cyklZyciaOd>2014-12-04T00:00:00+01:00</sln:cyklZyciaOd><sln:gmIIPId>fa69e2a1-907f-4b9c-9418-995a597f6133</sln:gmIIPId><sln:gmIIPPn>PL.PZGIK.200</sln:gmIIPPn><sln:gmIIPWersja>2012-09-26T22:18:08+02:00</sln:gmIIPWersja><sln:gmIdTeryt>2601022</sln:gmIdTeryt><sln:gmNazwa>Gnojno</sln:gmNazwa><sln:miejscIIPId>0ef04889-1921-4f81-8334-b4da76872eb4</sln:miejscIIPId><sln:miejscIIPPn>PL.PZGIK.200</sln:miejscIIPPn><sln:miejscIIPWersja>2016-11-24T13:37:31+02:00</sln:miejscIIPWersja><sln:miejscIdTeryt>0238144</sln:miejscIdTeryt><sln:miejscNazwa>Gorzakiew</sln:miejscNazwa><sln:miejscRodzaj>Wieś</sln:miejscRodzaj><sln:powIIPId>937499d5-78c0-4b1b-a5d9-c6bdbea99aa2</sln:powIIPId><sln:powIIPPn>PL.PZGIK.200</sln:powIIPPn><sln:powIIPWersja>2012-09-27T09:32:07+02:00</sln:powIIPWersja><sln:powIdTeryt>2601</sln:powIdTeryt><sln:powNazwa>buski</sln:powNazwa><sln:wojIIPId>d021c0dd-b22e-4fcd-8444-904c64ec3aa8</sln:wojIIPId><sln:wojIIPPn>PL.PZGIK.200</sln:wojIIPPn><sln:wojIIPWersja>2012-09-27T13:45:13+02:00</sln:wojIIPWersja><sln:wojIdTeryt>26</sln:wojIdTeryt><sln:wojNazwa>świętokrzyskie</sln:wojNazwa></sln:miejscowosc></sln:lista-miejscowosci>