<?xml version="1.0" encoding="UTF-8" standalone="yes"?><sln:lista-miejscowosci xmlns:srv="http://gugik.gov.pl/schemas/slowniki-service/1.0" xmlns:sln="http://gugik.gov.pl/schemas/slowniki-schema/1.0"><sln:miejscowosc><sln:cyklZyciaDo>2016-11-27T00:00:00+01:00</sln:cyklZyciaDo><sln:cyklZyciaOd>2014-12-03T00:00:00+01:00</sln:cyklZyciaOd><sln:gmIIPId>e1b45281-d6e1-40ce-a457-bfae71283725</sln:gmIIPId><sln:gmIIPPn>PL.PZGIK.200</sln:gmIIPPn><sln:gmIIPWersja>2012-09-26T22:19:59+02:00</sln:gmIIPWersja><sln:gmIdTeryt>2612053</sln:gmIdTeryt><sln:gmNazwa>Połaniec</sln:gmNazwa><sln:miejscIIPId>522bc1f2-efd3-4b62-9fd0-8a598d84290b</sln:miejscIIPId><sln:miejscIIPPn>PL.PZGIK.200</sln:miejscIIPPn><sln:miejscIIPWersja>2016-11-24T13:45:04+02:00</sln:miejscIIPWersja><sln:miejscIdTeryt>0980790</sln:miejscIdTeryt><sln:miejscNazwa>Barszczówka</sln:miejscNazwa><sln:miejscRodzaj>Inny obiekt</sln:miejscRodzaj><sln:powIIPId>b1b716f1-de0e-40bd-864d-abdee31f32b5</sln:powIIPId><sln:powIIPPn>PL.PZGIK.200</sln:powIIPPn><sln:powIIPWersja>2012-09-27T09:32:07+02:00</sln:powIIPWersja><sln:powIdTeryt>2612</sln:powIdTeryt><sln:powNazwa>staszowski</sln:powNazwa><sln:wojIIPId>d021c0dd-b22e-4fcd-8444-904c64ec3aa8</sln:wojIIPId><sln:wojIIPPn>PL.PZGIK.200</sln:wojIIPPn><sln:wojIIPWersja>2012-09-27T13:45:13+02:00</sln:wojIIPWersja><sln:wojIdTeryt>26</sln:wojIdTeryt><sln:wojNazwa>świętokrzyskie</sln:wojNazwa></sln:miejscowosc><sln:miejscowosc><sln:cyklZyciaDo>2016-11-27T00:00:00+01:00</sln:cyklZyciaDo><sln:cyklZyciaOd>2014-12-03T00:00:00+01:00</sln:cyklZyciaOd><sln:gmIIPId>e1b45281-d6e1-40ce-a457-bfae71283725</sln:gmIIPId><sln:gmIIPPn>PL.PZGIK.200</sln:gmIIPPn><sln:gmIIPWersja>2012-09-26T22:19:59+02:00</sln:gmIIPWersja><sln:gmIdTeryt>2612053</sln:gmIdTeryt><sln:gmNazwa>Połaniec</sln:gmNazwa><sln:miejscIIPId>3e1b4edc-1986-46be-9662-ef3a66edd897</sln:miejscIIPId><sln:miejscIIPPn>PL.PZGIK.200</sln:miejscIIPPn><sln:miejscIIPWersja>2016-11-24T13:45:04+02:00</sln:miejscIIPWersja><sln:miejscIdTeryt>0980808</sln:miejscIdTeryt><sln:miejscNazwa>Daszyn</sln:miejscNazwa><sln:miejscRodzaj>Inny obiekt</sln:miejscRodzaj><sln:powIIPId>b1b716f1-de0e-40bd-864d-abdee31f32b5</sln:powIIPId><sln:powIIPPn>PL.PZGIK.200</sln:powIIPPn><sln:powIIPWersja>2012-09-27T09:32:07+02:00</sln:powIIPWersja><sln:powIdTeryt>2612</sln:powIdTeryt><sln:powNazwa>staszowski</sln:powNazwa><sln:wojIIPId>d021c0dd-b22e-4fcd-8444-904c64ec3aa8</sln:wojIIPId><sln:wojIIPPn>PL.PZGIK.200</sln:wojIIPPn><sln:wojIIPWersja>2012-09-27T13:45:13+02:00</sln:wojIIPWersja><sln:wojIdTeryt>26</sln:wojIdTeryt><sln:wojNazwa>świętokrzyskie</sln:wojNazwa></sln:miejscowosc><sln:miejscowosc><sln:cyklZyciaDo>2016-11-27T00:00:00+01:00</sln:cyklZyciaDo><sln:cyklZyciaOd>2014-12-03T00:00:00+01:00</sln:cyklZyciaOd><sln:gmIIPId>e1b45281-d6e1-40ce-a457-bfae71283725</sln:gmIIPId><sln:gmIIPPn>PL.PZGIK.200</sln:gmIIPPn><sln:gmIIPWersja>2012-09-26T22:19:59+02:00</sln:gmIIPWersja><sln:gmIdTeryt>2612053</sln:gmIdTeryt><sln:gmNazwa>Połaniec</sln:gmNazwa><sln:miejscIIPId>0bc5ac1e-c57d-4109-8c3b-4e6564dc3935</sln:miejscIIPId><sln:miejscIIPPn>PL.PZGIK.200</sln:miejscIIPPn><sln:miejscIIPWersja>2016-11-24T13:45:04+02:00</sln:miejscIIPWersja><sln:miejscIdTeryt>0980843</sln:miejscIdTeryt><sln:miejscNazwa>Żapniów</sln:miejscNazwa><sln:miejscRodzaj>Inny obiekt</sln:miejscRodzaj><sln:powIIPId>b1b716f1-de0e-40bd-864d-abdee31f32b5</sln:powIIPId><sln:powIIPPn>PL.PZGIK.200</sln:powIIPPn><sln:powIIPWersja>2012-09-27T09:32:07+02:00</sln:powIIPWersja><sln:powIdTeryt>2612</sln:powIdTeryt><sln:powNazwa>staszowski</sln:powNazwa><sln:wojIIPId>d021c0dd-b22e-4fcd-8444-904c64ec3aa8</sln:wojIIPId><sln:wojIIPPn>PL.PZGIK.200</sln:wojIIPPn><sln:wojIIPWersja>2012-09-27T13:45:13+02:00</sln:wojIIPWersja><sln:wojIdTeryt>26</sln:wojIdTeryt><sln:wojNazwa>świętokrzyskie</sln:wojNazwa></sln:miejscowosc><sln:miejscowosc><sln:cyklZyciaDo>2016-11-27T00:00:00+01:00</sln:cyklZyciaDo><sln:cyklZyciaOd>2014-12-03T00:00:00+01:00</sln:cyklZyciaOd><sln:gmIIPId>e1b45281-d6e1-40ce-a457-bfae71283725</sln:gmIIPId><sln:gmIIPPn>PL.PZGIK.200</sln:gmIIPPn><sln:gmIIPWersja>2012-09-26T22:19:59+02:00</sln:gmIIPWersja><sln:gmIdTeryt>2612053</sln:gmIdTeryt><sln:gmNazwa>Połaniec</sln:gmNazwa><sln:miejscIIPId>c998fd3e-e00f-4aa4-a849-b622c1faf604</sln:miejscIIPId><sln:miejscIIPPn>PL.PZGIK.200</sln:miejscIIPPn><sln:miejscIIPWersja>2016-11-24T13:33:23+02:00</sln:miejscIIPWersja><sln:miejscIdTeryt>0803791</sln:miejscIdTeryt><sln:miejscNazwa>Winnica</sln:miejscNazwa><sln:miejscRodzaj>Wieś</sln:miejscRodzaj><sln:powIIPId>b1b716f1-de0e-40bd-864d-abdee31f32b5</sln:powIIPId><sln:powIIPPn>PL.PZGIK.200</sln:powIIPPn><sln:powIIPWersja>2012-09-27T09:32:07+02:00</sln:powIIPWersja><sln:powIdTeryt>2612</sln:powIdTeryt><sln:powNazwa>staszowski</sln:powNazwa><sln:wojIIPId>d021c0dd-b22e-4fcd-8444-904c64ec3aa8</sln:wojIIPId><sln:wojIIPPn>PL.PZGIK.200</sln:wojIIPPn><sln:wojIIPWersja>2012-09-27T13:45:13+02:00</sln:wojIIPWersja><sln:wojIdTeryt>26</sln:wojIdTeryt><sln:wojNazwa>świętokrzyskie</sln:wojNazwa></sln:miejscowosc><sln:miejscowosc><sln:cyklZyciaDo>2016-11-27T00:00:00+01:00</sln:cyklZyciaDo><sln:cyklZyciaOd>2014-12-03T00:00:00+01:00</sln:cyklZyciaOd><sln:gmIIPId>e1b45281-d6e1-40ce-a457-bfae71283725</sln:gmIIPId><sln:gmIIPPn>PL.PZGIK.200</sln:gmIIPPn><sln:gmIIPWersja>2012-09-26T22:19:59+02:00</sln:gmIIPWersja><sln:gmIdTeryt>2612053</sln:gmIdTeryt><sln:gmNazwa>Połaniec</sln:gmNazwa><sln:miejscIIPId>5124ea6b-f242-4662-8810-ba46ceb3df50</sln:miejscIIPId><sln:miejscIIPPn>PL.PZGIK.200</sln:miejscIIPPn><sln:miejscIIPWersja>2016-11-24T13:40:16+02:00</sln:miejscIIPWersja><sln:miejscIdTeryt>0803650</sln:miejscIdTeryt><sln:miejscNazwa>Kraśnik</sln:miejscNazwa><sln:miejscRodzaj>Wieś</sln:miejscRodzaj><sln:powIIPId>b1b716f1-de0e-40bd-864d-abdee31f32b5</sln:powIIPId><sln:powIIPPn>PL.PZGIK.200</sln:powIIPPn><sln:powIIPWersja>2012-09-27T09:32:07+02:00</sln:powIIPWersja><sln:powIdTeryt>2612</sln:powIdTeryt><sln:powNazwa>staszowski</sln:powNazwa><sln:wojIIPId>d021c0dd-b22e-4fcd-8444-904c64ec3aa8</sln:wojIIPId><sln:wojIIPPn>PL.PZGIK.200</sln:wojIIPPn><sln:wojIIPWersja>2012-09-27T13:45:13+02:00</sln:wojIIPWersja><sln:wojIdTeryt>26</sln:wojIdTeryt><sln:wojNazwa>świętokrzyskie</sln:wojNazwa></sln:miejscowosc><sln:miejscowosc><sln:cyklZyciaDo>2016-11-27T00:00:00+01:00</sln:cyklZyciaDo><sln:cyklZyciaOd>2014-12-03T00:00:00+01:00</sln:cyklZyciaOd><sln:gmIIPId>e1b45281-d6e1-40ce-a457-bfae71283725</sln:gmIIPId><sln:gmIIPPn>PL.PZGIK.200</sln:gmIIPPn><sln:gmIIPWersja>2012-09-26T22:19:59+02:00</sln:gmIIPWersja><sln:gmIdTeryt>2612053</sln:gmIdTeryt><sln:gmNazwa>Połaniec</sln:gmNazwa><sln:miejscIIPId>668fd607-07f2-439d-a98f-c3c3dc4be858</sln:miejscIIPId><sln:miejscIIPPn>PL.PZGIK.200</sln:miejscIIPPn><sln:miejscIIPWersja>2016-11-24T13:37:02+02:00</sln:miejscIIPWersja><sln:miejscIdTeryt>3011787</sln:miejscIdTeryt><sln:miejscNazwa>Osiedle Energetyków</sln:miejscNazwa><sln:miejscRodzaj>Inny obiekt</sln:miejscRodzaj><sln:powIIPId>b1b716f1-de0e-40bd-864d-abdee31f32b5</sln:powIIPId><sln:powIIPPn>PL.PZGIK.200</sln:powIIPPn><sln:powIIPWersja>2012-09-27T09:32:07+02:00</sln:powIIPWersja><sln:powIdTeryt>2612</sln:powIdTeryt><sln:powNazwa>staszowski</sln:powNazwa><sln:wojIIPId>d021c0dd-b22e-4fcd-8444-904c64ec3aa8</sln:wojIIPId><sln:wojIIPPn>PL.PZGIK.200</sln:wojIIPPn><sln:wojIIPWersja>2012-09-27T13:45:13+02:00</sln:wojIIPWersja><sln:wojIdTeryt>26</sln:wojIdTeryt><sln:wojNazwa>świętokrzyskie</sln:wojNazwa></sln:miejscowosc><sln:miejscowosc><sln:cyklZyciaDo>2016-11-27T00:00:00+01:00</sln:cyklZyciaDo><sln:cyklZyciaOd>2014-12-03T00:00:00+01:00</sln:cyklZyciaOd><sln:gmIIPId>e1b45281-d6e1-40ce-a457-bfae71283725</sln:gmIIPId><sln:gmIIPPn>PL.PZGIK.200</sln:gmIIPPn><sln:gmIIPWersja>2012-09-26T22:19:59+02:00</sln:gmIIPWersja><sln:gmIdTeryt>2612053</sln:gmIdTeryt><sln:gmNazwa>Połaniec</sln:gmNazwa><sln:miejscIIPId>9bab1f5b-9916-4405-8667-1499a00e2fac</sln:miejscIIPId><sln:miejscIIPPn>PL.PZGIK.200</sln:miejscIIPPn><sln:miejscIIPWersja>2016-11-24T13:30:06+02:00</sln:miejscIIPWersja><sln:miejscIdTeryt>0803762</sln:miejscIdTeryt><sln:miejscNazwa>Rybitwy</sln:miejscNazwa><sln:miejscRodzaj>Wieś</sln:miejscRodzaj><sln:powIIPId>b1b716f1-de0e-40bd-864d-abdee31f32b5</sln:powIIPId><sln:powIIPPn>PL.PZGIK.200</sln:powIIPPn><sln:powIIPWersja>2012-09-27T09:32:07+02:00</sln:powIIPWersja><sln:powIdTeryt>2612</sln:powIdTeryt><sln:powNazwa>staszowski</sln:powNazwa><sln:wojIIPId>d021c0dd-b22e-4fcd-8444-904c64ec3aa8</sln:wojIIPId><sln:wojIIPPn>PL.PZGIK.200</sln:wojIIPPn><sln:wojIIPWersja>2012-09-27T13:45:13+02:00</sln:wojIIPWersja><sln:wojIdTeryt>26</sln:wojIdTeryt><sln:wojNazwa>świętokrzyskie</sln:wojNazwa></sln:miejscowosc><sln:miejscowosc><sln:cyklZyciaDo>2016-11-27T00:00:00+01:00</sln:cyklZyciaDo><sln:cyklZyciaOd>2014-12-03T00:00:00+01:00</sln:cyklZyciaOd><sln:gmIIPId>e1b45281-d6e1-40ce-a457-bfae71283725</sln:gmIIPId><sln:gmIIPPn>PL.PZGIK.200</sln:gmIIPPn><sln:gmIIPWersja>2012-09-26T22:19:59+02:00</sln:gmIIPWersja><sln:gmIdTeryt>2612053</sln:gmIdTeryt><sln:gmNazwa>Połaniec</sln:gmNazwa><sln:miejscIIPId>3f0a80bb-72da-4ef6-ba7e-0797562b3071</sln:miejscIIPId><sln:miejscIIPPn>PL.PZGIK.200</sln:miejscIIPPn><sln:miejscIIPWersja>2016-11-24T13:39:19+02:00</sln:miejscIIPWersja><sln:miejscIdTeryt>3013962</sln:miejscIdTeryt><sln:miejscNazwa>Kępa Górecka</sln:miejscNazwa><sln:miejscRodzaj>Inny obiekt</sln:miejscRodzaj><sln:powIIPId>b1b716f1-de0e-40bd-864d-abdee31f32b5</sln:powIIPId><sln:powIIPPn>PL.PZGIK.200</sln:powIIPPn><sln:powIIPWersja>2012-09-27T09:32:07+02:00</sln:powIIPWersja><sln:powIdTeryt>2612</sln:powIdTeryt><sln:powNazwa>staszowski</sln:powNazwa><sln:wojIIPId>d021c0dd-b22e-4fcd-8444-904c64ec3aa8</sln:wojIIPId><sln:wojIIPPn>PL.PZGIK.200</sln:wojIIPPn><sln:wojIIPWersja>2012-09-27T13:45:13+02:00</sln:wojIIPWersja><sln:wojIdTeryt>26</sln:wojIdTeryt><sln:wojNazwa>świętokrzyskie</sln:wojNazwa></sln:miejscowosc><sln:miejscowosc><sln:cyklZyciaDo>2016-11-27T00:00:00+01:00</sln:cyklZyciaDo><sln:cyklZyciaOd>2014-12-03T00:00:00+01:00</sln:cyklZyciaOd><sln:gmIIPId>e1b45281-d6e1-40ce-a457-bfae71283725</sln:gmIIPId><sln:gmIIPPn>PL.PZGIK.200</sln:gmIIPPn><sln:gmIIPWersja>2012-09-26T22:19:59+02:00</sln:gmIIPWersja><sln:gmIdTeryt>2612053</sln:gmIdTeryt><sln:gmNazwa>Połaniec</sln:gmNazwa><sln:miejscIIPId>fe226533-0b2a-4a82-ba30-b4fbfd7e99a7</sln:miejscIIPId><sln:miejscIIPPn>PL.PZGIK.200</sln:miejscIIPPn><sln:miejscIIPWersja>2016-11-24T13:41:19+02:00</sln:miejscIIPWersja><sln:miejscIdTeryt>0803667</sln:miejscIdTeryt><sln:miejscNazwa>Luszyca</sln:miejscNazwa><sln:miejscRodzaj>Wieś</sln:miejscRodzaj><sln:powIIPId>b1b716f1-de0e-40bd-864d-abdee31f32b5</sln:powIIPId><sln:powIIPPn>PL.PZGIK.200</sln:powIIPPn><sln:powIIPWersja>2012-09-27T09:32:07+02:00</sln:powIIPWersja><sln:powIdTeryt>2612</sln:powIdTeryt><sln:powNazwa>staszowski</sln:powNazwa><sln:wojIIPId>d021c0dd-b22e-4fcd-8444-904c64ec3aa8</sln:wojIIPId><sln:wojIIPPn>PL.PZGIK.200</sln:wojIIPPn><sln:wojIIPWersja>2012-09-27T13:45:13+02:00</sln:wojIIPWersja><sln:wojIdTeryt>26</sln:wojIdTeryt><sln:wojNazwa>świętokrzyskie</sln:wojNazwa></sln:miejscowosc><sln:miejscowosc><sln:cyklZyciaDo>2016-11-27T00:00:00+01:00</sln:cyklZyciaDo><sln:cyklZyciaOd>2014-12-03T00:00:00+01:00</sln:cyklZyciaOd><sln:gmIIPId>e1b45281-d6e1-40ce-a457-bfae71283725</sln:gmIIPId><sln:gmIIPPn>PL.PZGIK.200</sln:gmIIPPn><sln:gmIIPWersja>2012-09-26T22:19:59+02:00</sln:gmIIPWersja><sln:gmIdTeryt>2612053</sln:gmIdTeryt><sln:gmNazwa>Połaniec</sln:gmNazwa><sln:miejscIIPId>7be6cff3-02cd-4356-b8a9-0abe0c51f2a2</sln:miejscIIPId><sln:miejscIIPPn>PL.PZGIK.200</sln:miejscIIPPn><sln:miejscIIPWersja>2016-11-24T13:40:35+02:00</sln:miejscIIPWersja><sln:miejscIdTeryt>3014719</sln:miejscIdTeryt><sln:miejscNazwa>Kuba</sln:miejscNazwa><sln:miejscRodzaj>Inny obiekt</sln:miejscRodzaj><sln:powIIPId>b1b716f1-de0e-40bd-864d-abdee31f32b5</sln:powIIPId><sln:powIIPPn>PL.PZGIK.200</sln:powIIPPn><sln:powIIPWersja>2012-09-27T09:32:07+02:00</sln:powIIPWersja><sln:powIdTeryt>2612</sln:powIdTeryt><sln:powNazwa>staszowski</sln:powNazwa><sln:wojIIPId>d021c0dd-b22e-4fcd-8444-904c64ec3aa8</sln:wojIIPId><sln:wojIIPPn>PL.PZGIK.200</sln:wojIIPPn><sln:wojIIPWersja>2012-09-27T13:45:13+02:00</sln:wojIIPWersja><sln:wojIdTeryt>26</sln:wojIdTeryt><sln:wojNazwa>świętokrzyskie</sln:wojNazwa></sln:miejscowosc><sln:miejscowosc><sln:cyklZyciaDo>2016-11-27T00:00:00+01:00</sln:cyklZyciaDo><sln:cyklZyciaOd>2014-12-03T00:00:00+01:00</sln:cyklZyciaOd><sln:gmIIPId>e1b45281-d6e1-40ce-a457-bfae71283725</sln:gmIIPId><sln:gmIIPPn>PL.PZGIK.200</sln:gmIIPPn><sln:gmIIPWersja>2012-09-26T22:19:59+02:00</sln:gmIIPWersja><sln:gmIdTeryt>2612053</sln:gmIdTeryt><sln:gmNazwa>Połaniec</sln:gmNazwa><sln:miejscIIPId>82973ee2-f4ef-4e37-a7ad-dde9b1a12ba8</sln:miejscIIPId><sln:miejscIIPPn>PL.PZGIK.200</sln:miejscIIPPn><sln:miejscIIPWersja>2016-11-24T13:34:40+02:00</sln:miejscIIPWersja><sln:miejscIdTeryt>3008577</sln:miejscIdTeryt><sln:miejscNazwa>Zawierzbie</sln:miejscNazwa><sln:miejscRodzaj>Inny obiekt</sln:miejscRodzaj><sln:powIIPId>b1b716f1-de0e-40bd-864d-abdee31f32b5</sln:powIIPId><sln:powIIPPn>PL.PZGIK.200</sln:powIIPPn><sln:powIIPWersja>2012-09-27T09:32:07+02:00</sln:powIIPWersja><sln:powIdTeryt>2612</sln:powIdTeryt><sln:powNazwa>staszowski</sln:powNazwa><sln:wojIIPId>d021c0dd-b22e-4fcd-8444-904c64ec3aa8</sln:wojIIPId><sln:wojIIPPn>PL.PZGIK.200</sln:wojIIPPn><sln:wojIIPWersja>2012-09-27T13:45:13+02:00</sln:wojIIPWersja><sln:wojIdTeryt>26</sln:wojIdTeryt><sln:wojNazwa>świętokrzyskie</sln:wojNazwa></sln:miejscowosc><sln:miejscowosc><sln:cyklZyciaDo>2016-11-27T00:00:00+01:00</sln:cyklZyciaDo><sln:cyklZyciaOd>2014-12-03T00:00:00+01:00</sln:cyklZyciaOd><sln:gmIIPId>e1b45281-d6e1-40ce-a457-bfae71283725</sln:gmIIPId><sln:gmIIPPn>PL.PZGIK.200</sln:gmIIPPn><sln:gmIIPWersja>2012-09-26T22:19:59+02:00</sln:gmIIPWersja><sln:gmIdTeryt>2612053</sln:gmIdTeryt><sln:gmNazwa>Połaniec</sln:gmNazwa><sln:miejscIIPId>5058e1a7-4423-4477-9772-8b6e45ae9f94</sln:miejscIIPId><sln:miejscIIPPn>PL.PZGIK.200</sln:miejscIIPPn><sln:miejscIIPWersja>2016-11-24T13:39:09+02:00</sln:miejscIIPWersja><sln:miejscIdTeryt>0803621</sln:miejscIdTeryt><sln:miejscNazwa>Kamieniec</sln:miejscNazwa><sln:miejscRodzaj>Wieś</sln:miejscRodzaj><sln:powIIPId>b1b716f1-de0e-40bd-864d-abdee31f32b5</sln:powIIPId><sln:powIIPPn>PL.PZGIK.200</sln:powIIPPn><sln:powIIPWersja>2012-09-27T09:32:07+02:00</sln:powIIPWersja><sln:powIdTeryt>2612</sln:powIdTeryt><sln:powNazwa>staszowski</sln:powNazwa><sln:wojIIPId>d021c0dd-b22e-4fcd-8444-904c64ec3aa8</sln:wojIIPId><sln:wojIIPPn>PL.PZGIK.200</sln:wojIIPPn><sln:wojIIPWersja>2012-09-27T13:45:13+02:00</sln:wojIIPWersja><sln:wojIdTeryt>26</sln:wojIdTeryt><sln:wojNazwa>świętokrzyskie</sln:wojNazwa></sln:miejscowosc><sln:miejscowosc><sln:cyklZyciaDo>2016-11-27T00:00:00+01:00</sln:cyklZyciaDo><sln:cyklZyciaOd>2014-12-03T00:00:00+01:00</sln:cyklZyciaOd><sln:gmIIPId>e1b45281-d6e1-40ce-a457-bfae71283725</sln:gmIIPId><sln:gmIIPPn>PL.PZGIK.200</sln:gmIIPPn><sln:gmIIPWersja>2012-09-26T22:19:59+02:00</sln:gmIIPWersja><sln:gmIdTeryt>2612053</sln:gmIdTeryt><sln:gmNazwa>Połaniec</sln:gmNazwa><sln:miejscIIPId>5f6ee135-c182-4e8c-9a8a-deb09afac1ab</sln:miejscIIPId><sln:miejscIIPPn>PL.PZGIK.200</sln:miejscIIPPn><sln:miejscIIPWersja>2016-11-24T13:49:04+02:00</sln:miejscIIPWersja><sln:miejscIdTeryt>0803644</sln:miejscIdTeryt><sln:miejscNazwa>Tursko Małe-Kolonia</sln:miejscNazwa><sln:miejscRodzaj>Kolonia</sln:miejscRodzaj><sln:powIIPId>b1b716f1-de0e-40bd-864d-abdee31f32b5</sln:powIIPId><sln:powIIPPn>PL.PZGIK.200</sln:powIIPPn><sln:powIIPWersja>2012-09-27T09:32:07+02:00</sln:powIIPWersja><sln:powIdTeryt>2612</sln:powIdTeryt><sln:powNazwa>staszowski</sln:powNazwa><sln:wojIIPId>d021c0dd-b22e-4fcd-8444-904c64ec3aa8</sln:wojIIPId><sln:wojIIPPn>PL.PZGIK.200</sln:wojIIPPn><sln:wojIIPWersja>2012-09-27T13:45:13+02:00</sln:wojIIPWersja><sln:wojIdTeryt>26</sln:wojIdTeryt><sln:wojNazwa>świętokrzyskie</sln:wojNazwa></sln:miejscowosc><sln:miejscowosc><sln:cyklZyciaDo>2016-11-27T00:00:00+01:00</sln:cyklZyciaDo><sln:cyklZyciaOd>2014-12-03T00:00:00+01:00</sln:cyklZyciaOd><sln:gmIIPId>e1b45281-d6e1-40ce-a457-bfae71283725</sln:gmIIPId><sln:gmIIPPn>PL.PZGIK.200</sln:gmIIPPn><sln:gmIIPWersja>2012-09-26T22:19:59+02:00</sln:gmIIPWersja><sln:gmIdTeryt>2612053</sln:gmIdTeryt><sln:gmNazwa>Połaniec</sln:gmNazwa><sln:miejscIIPId>b242fbb0-6a5f-4643-b99f-18d95a6e65a8</sln:miejscIIPId><sln:miejscIIPPn>PL.PZGIK.200</sln:miejscIIPPn><sln:miejscIIPWersja>2016-11-24T13:42:05+02:00</sln:miejscIIPWersja><sln:miejscIdTeryt>0803704</sln:miejscIdTeryt><sln:miejscNazwa>Maśnik</sln:miejscNazwa><sln:miejscRodzaj>Wieś</sln:miejscRodzaj><sln:powIIPId>b1b716f1-de0e-40bd-864d-abdee31f32b5</sln:powIIPId><sln:powIIPPn>PL.PZGIK.200</sln:powIIPPn><sln:powIIPWersja>2012-09-27T09:32:07+02:00</sln:powIIPWersja><sln:powIdTeryt>2612</sln:powIdTeryt><sln:powNazwa>staszowski</sln:powNazwa><sln:wojIIPId>d021c0dd-b22e-4fcd-8444-904c64ec3aa8</sln:wojIIPId><sln:wojIIPPn>PL.PZGIK.200</sln:wojIIPPn><sln:wojIIPWersja>2012-09-27T13:45:13+02:00</sln:wojIIPWersja><sln:wojIdTeryt>26</sln:wojIdTeryt><sln:wojNazwa>świętokrzyskie</sln:wojNazwa></sln:miejscowosc><sln:miejscowosc><sln:cyklZyciaDo>2016-11-27T00:00:00+01:00</sln:cyklZyciaDo><sln:cyklZyciaOd>2014-12-03T00:00:00+01:00</sln:cyklZyciaOd><sln:gmIIPId>e1b45281-d6e1-40ce-a457-bfae71283725</sln:gmIIPId><sln:gmIIPPn>PL.PZGIK.200</sln:gmIIPPn><sln:gmIIPWersja>2012-09-26T22:19:59+02:00</sln:gmIIPWersja><sln:gmIdTeryt>2612053</sln:gmIdTeryt><sln:gmNazwa>Połaniec</sln:gmNazwa><sln:miejscIIPId>34daf4a6-5d50-49fc-a91a-f46403f85013</sln:miejscIIPId><sln:miejscIIPPn>PL.PZGIK.200</sln:miejscIIPPn><sln:miejscIIPWersja>2016-11-24T13:45:04+02:00</sln:miejscIIPWersja><sln:miejscIdTeryt>0980820</sln:miejscIdTeryt><sln:miejscNazwa>Podskale</sln:miejscNazwa><sln:miejscRodzaj>Inny obiekt</sln:miejscRodzaj><sln:powIIPId>b1b716f1-de0e-40bd-864d-abdee31f32b5</sln:powIIPId><sln:powIIPPn>PL.PZGIK.200</sln:powIIPPn><sln:powIIPWersja>2012-09-27T09:32:07+02:00</sln:powIIPWersja><sln:powIdTeryt>2612</sln:powIdTeryt><sln:powNazwa>staszowski</sln:powNazwa><sln:wojIIPId>d021c0dd-b22e-4fcd-8444-904c64ec3aa8</sln:wojIIPId><sln:wojIIPPn>PL.PZGIK.200</sln:wojIIPPn><sln:wojIIPWersja>2012-09-27T13:45:13+02:00</sln:wojIIPWersja><sln:wojIdTeryt>26</sln:wojIdTeryt><sln:wojNazwa>świętokrzyskie</sln:wojNazwa></sln:miejscowosc><sln:miejscowosc><sln:cyklZyciaDo>2016-11-27T00:00:00+01:00</sln:cyklZyciaDo><sln:cyklZyciaOd>2014-12-03T00:00:00+01:00</sln:cyklZyciaOd><sln:gmIIPId>e1b45281-d6e1-40ce-a457-bfae71283725</sln:gmIIPId><sln:gmIIPPn>PL.PZGIK.200</sln:gmIIPPn><sln:gmIIPWersja>2012-09-26T22:19:59+02:00</sln:gmIIPWersja><sln:gmIdTeryt>2612053</sln:gmIdTeryt><sln:gmNazwa>Połaniec</sln:gmNazwa><sln:miejscIIPId>9384feea-829b-415f-8ba6-c488331da479</sln:miejscIIPId><sln:miejscIIPPn>PL.PZGIK.200</sln:miejscIIPPn><sln:miejscIIPWersja>2016-11-24T13:28:42+02:00</sln:miejscIIPWersja><sln:miejscIdTeryt>0980783</sln:miejscIdTeryt><sln:miejscNazwa>Połaniec</sln:miejscNazwa><sln:miejscRodzaj>Miasto</sln:miejscRodzaj><sln:powIIPId>b1b716f1-de0e-40bd-864d-abdee31f32b5</sln:powIIPId><sln:powIIPPn>PL.PZGIK.200</sln:powIIPPn><sln:powIIPWersja>2012-09-27T09:32:07+02:00</sln:powIIPWersja><sln:powIdTeryt>2612</sln:powIdTeryt><sln:powNazwa>staszowski</sln:powNazwa><sln:wojIIPId>d021c0dd-b22e-4fcd-8444-904c64ec3aa8</sln:wojIIPId><sln:wojIIPPn>PL.PZGIK.200</sln:wojIIPPn><sln:wojIIPWersja>2012-09-27T13:45:13+02:00</sln:wojIIPWersja><sln:wojIdTeryt>26</sln:wojIdTeryt><sln:wojNazwa>świętokrzyskie</sln:wojNazwa></sln:miejscowosc><sln:miejscowosc><sln:cyklZyciaDo>2016-11-27T00:00:00+01:00</sln:cyklZyciaDo><sln:cyklZyciaOd>2014-12-03T00:00:00+01:00</sln:cyklZyciaOd><sln:gmIIPId>e1b45281-d6e1-40ce-a457-bfae71283725</sln:gmIIPId><sln:gmIIPPn>PL.PZGIK.200</sln:gmIIPPn><sln:gmIIPWersja>2012-09-26T22:19:59+02:00</sln:gmIIPWersja><sln:gmIdTeryt>2612053</sln:gmIdTeryt><sln:gmNazwa>Połaniec</sln:gmNazwa><sln:miejscIIPId>01f81a39-6cf9-4660-9494-f4bf18bb8273</sln:miejscIIPId><sln:miejscIIPPn>PL.PZGIK.200</sln:miejscIIPPn><sln:miejscIIPWersja>2016-11-24T13:43:49+02:00</sln:miejscIIPWersja><sln:miejscIdTeryt>0803727</sln:miejscIdTeryt><sln:miejscNazwa>Okrągła</sln:miejscNazwa><sln:miejscRodzaj>Wieś</sln:miejscRodzaj><sln:powIIPId>b1b716f1-de0e-40bd-864d-abdee31f32b5</sln:powIIPId><sln:powIIPPn>PL.PZGIK.200</sln:powIIPPn><sln:powIIPWersja>2012-09-27T09:32:07+02:00</sln:powIIPWersja><sln:powIdTeryt>2612</sln:powIdTeryt><sln:powNazwa>staszowski</sln:powNazwa><sln:wojIIPId>d021c0dd-b22e-4fcd-8444-904c64ec3aa8</sln:wojIIPId><sln:wojIIPPn>PL.PZGIK.200</sln:wojIIPPn><sln:wojIIPWersja>2012-09-27T13:45:13+02:00</sln:wojIIPWersja><sln:wojIdTeryt>26</sln:wojIdTeryt><sln:wojNazwa>świętokrzyskie</sln:wojNazwa></sln:miejscowosc><sln:miejscowosc><sln:cyklZyciaDo>2016-11-27T00:00:00+01:00</sln:cyklZyciaDo><sln:cyklZyciaOd>2014-12-03T00:00:00+01:00</sln:cyklZyciaOd><sln:gmIIPId>e1b45281-d6e1-40ce-a457-bfae71283725</sln:gmIIPId><sln:gmIIPPn>PL.PZGIK.200</sln:gmIIPPn><sln:gmIIPWersja>2012-09-26T22:19:59+02:00</sln:gmIIPWersja><sln:gmIdTeryt>2612053</sln:gmIdTeryt><sln:gmNazwa>Połaniec</sln:gmNazwa><sln:miejscIIPId>a57b21eb-e4e1-4771-99ed-028705589912</sln:miejscIIPId><sln:miejscIIPPn>PL.PZGIK.200</sln:miejscIIPPn><sln:miejscIIPWersja>2016-11-24T13:29:48+02:00</sln:miejscIIPWersja><sln:miejscIdTeryt>0803615</sln:miejscIdTeryt><sln:miejscNazwa>Brzozowa</sln:miejscNazwa><sln:miejscRodzaj>Wieś</sln:miejscRodzaj><sln:powIIPId>b1b716f1-de0e-40bd-864d-abdee31f32b5</sln:powIIPId><sln:powIIPPn>PL.PZGIK.200</sln:powIIPPn><sln:powIIPWersja>2012-09-27T09:32:07+02:00</sln:powIIPWersja><sln:powIdTeryt>2612</sln:powIdTeryt><sln:powNazwa>staszowski</sln:powNazwa><sln:wojIIPId>d021c0dd-b22e-4fcd-8444-904c64ec3aa8</sln:wojIIPId><sln:wojIIPPn>PL.PZGIK.200</sln:wojIIPPn><sln:wojIIPWersja>2012-09-27T13:45:13+02:00</sln:wojIIPWersja><sln:wojIdTeryt>26</sln:wojIdTeryt><sln:wojNazwa>świętokrzyskie</sln:wojNazwa></sln:miejscowosc><sln:miejscowosc><sln:cyklZyciaDo>2016-11-27T00:00:00+01:00</sln:cyklZyciaDo><sln:cyklZyciaOd>2014-12-03T00:00:00+01:00</sln:cyklZyciaOd><sln:gmIIPId>e1b45281-d6e1-40ce-a457-bfae71283725</sln:gmIIPId><sln:gmIIPPn>PL.PZGIK.200</sln:gmIIPPn><sln:gmIIPWersja>2012-09-26T22:19:59+02:00</sln:gmIIPWersja><sln:gmIdTeryt>2612053</sln:gmIdTeryt><sln:gmNazwa>Połaniec</sln:gmNazwa><sln:miejscIIPId>0a449434-3e3a-4ff5-a435-bb51904f5134</sln:miejscIIPId><sln:miejscIIPPn>PL.PZGIK.200</sln:miejscIIPPn><sln:miejscIIPWersja>2016-11-24T13:30:05+02:00</sln:miejscIIPWersja><sln:miejscIdTeryt>0803756</sln:miejscIdTeryt><sln:miejscNazwa>Ruszcza</sln:miejscNazwa><sln:miejscRodzaj>Wieś</sln:miejscRodzaj><sln:powIIPId>b1b716f1-de0e-40bd-864d-abdee31f32b5</sln:powIIPId><sln:powIIPPn>PL.PZGIK.200</sln:powIIPPn><sln:powIIPWersja>2012-09-27T09:32:07+02:00</sln:powIIPWersja><sln:powIdTeryt>2612</sln:powIdTeryt><sln:powNazwa>staszowski</sln:powNazwa><sln:wojIIPId>d021c0dd-b22e-4fcd-8444-904c64ec3aa8</sln:wojIIPId><sln:wojIIPPn>PL.PZGIK.200</sln:wojIIPPn><sln:wojIIPWersja>2012-09-27T13:45:13+02:00</sln:wojIIPWersja><sln:wojIdTeryt>26</sln:wojIdTeryt><sln:wojNazwa>świętokrzyskie</sln:wojNazwa></sln:miejscowosc><sln:miejscowosc><sln:cyklZyciaDo>2016-11-27T00:00:00+01:00</sln:cyklZyciaDo><sln:cyklZyciaOd>2014-12-03T00:00:00+01:00</sln:cyklZyciaOd><sln:gmIIPId>e1b45281-d6e1-40ce-a457-bfae71283725</sln:gmIIPId><sln:gmIIPPn>PL.PZGIK.200</sln:gmIIPPn><sln:gmIIPWersja>2012-09-26T22:19:59+02:00</sln:gmIIPWersja><sln:gmIdTeryt>2612053</sln:gmIdTeryt><sln:gmNazwa>Połaniec</sln:gmNazwa><sln:miejscIIPId>35acb8d9-3de0-44d4-888f-a31641c4f382</sln:miejscIIPId><sln:miejscIIPPn>PL.PZGIK.200</sln:miejscIIPPn><sln:miejscIIPWersja>2016-11-24T13:56:48+02:00</sln:miejscIIPWersja><sln:miejscIdTeryt>0803673</sln:miejscIdTeryt><sln:miejscNazwa>Pióry</sln:miejscNazwa><sln:miejscRodzaj>Wieś</sln:miejscRodzaj><sln:powIIPId>b1b716f1-de0e-40bd-864d-abdee31f32b5</sln:powIIPId><sln:powIIPPn>PL.PZGIK.200</sln:powIIPPn><sln:powIIPWersja>2012-09-27T09:32:07+02:00</sln:powIIPWersja><sln:powIdTeryt>2612</sln:powIdTeryt><sln:powNazwa>staszowski</sln:powNazwa><sln:wojIIPId>d021c0dd-b22e-4fcd-8444-904c64ec3aa8</sln:wojIIPId><sln:wojIIPPn>PL.PZGIK.200</sln:wojIIPPn><sln:wojIIPWersja>2012-09-27T13:45:13+02:00</sln:wojIIPWersja><sln:wojIdTeryt>26</sln:wojIdTeryt><sln:wojNazwa>świętokrzyskie</sln:wojNazwa></sln:miejscowosc><sln:miejscowosc><sln:cyklZyciaDo>2016-11-27T00:00:00+01:00</sln:cyklZyciaDo><sln:cyklZyciaOd>2014-12-03T00:00:00+01:00</sln:cyklZyciaOd><sln:gmIIPId>e1b45281-d6e1-40ce-a457-bfae71283725</sln:gmIIPId><sln:gmIIPPn>PL.PZGIK.200</sln:gmIIPPn><sln:gmIIPWersja>2012-09-26T22:19:59+02:00</sln:gmIIPWersja><sln:gmIdTeryt>2612053</sln:gmIdTeryt><sln:gmNazwa>Połaniec</sln:gmNazwa><sln:miejscIIPId>b51e4b4b-baba-4492-bb32-b525efd8fc04</sln:miejscIIPId><sln:miejscIIPPn>PL.PZGIK.200</sln:miejscIIPPn><sln:miejscIIPWersja>2016-11-24T13:34:31+02:00</sln:miejscIIPWersja><sln:miejscIdTeryt>3008554</sln:miejscIdTeryt><sln:miejscNazwa>Zarzecze</sln:miejscNazwa><sln:miejscRodzaj>Inny obiekt</sln:miejscRodzaj><sln:powIIPId>b1b716f1-de0e-40bd-864d-abdee31f32b5</sln:powIIPId><sln:powIIPPn>PL.PZGIK.200</sln:powIIPPn><sln:powIIPWersja>2012-09-27T09:32:07+02:00</sln:powIIPWersja><sln:powIdTeryt>2612</sln:powIdTeryt><sln:powNazwa>staszowski</sln:powNazwa><sln:wojIIPId>d021c0dd-b22e-4fcd-8444-904c64ec3aa8</sln:wojIIPId><sln:wojIIPPn>PL.PZGIK.200</sln:wojIIPPn><sln:wojIIPWersja>2012-09-27T13:45:13+02:00</sln:wojIIPWersja><sln:wojIdTeryt>26</sln:wojIdTeryt><sln:wojNazwa>świętokrzyskie</sln:wojNazwa></sln:miejscowosc><sln:miejscowosc><sln:cyklZyciaDo>2016-11-27T00:00:00+01:00</sln:cyklZyciaDo><sln:cyklZyciaOd>2014-12-03T00:00:00+01:00</sln:cyklZyciaOd><sln:gmIIPId>e1b45281-d6e1-40ce-a457-bfae71283725</sln:gmIIPId><sln:gmIIPPn>PL.PZGIK.200</sln:gmIIPPn><sln:gmIIPWersja>2012-09-26T22:19:59+02:00</sln:gmIIPWersja><sln:gmIdTeryt>2612053</sln:gmIdTeryt><sln:gmNazwa>Połaniec</sln:gmNazwa><sln:miejscIIPId>e2dddb58-a8f4-4f94-adab-8dfbc165c593</sln:miejscIIPId><sln:miejscIIPPn>PL.PZGIK.200</sln:miejscIIPPn><sln:miejscIIPWersja>2016-11-24T13:55:12+02:00</sln:miejscIIPWersja><sln:miejscIdTeryt>0803638</sln:miejscIdTeryt><sln:miejscNazwa>Stawy-Sieragi</sln:miejscNazwa><sln:miejscRodzaj>Osada</sln:miejscRodzaj><sln:powIIPId>b1b716f1-de0e-40bd-864d-abdee31f32b5</sln:powIIPId><sln:powIIPPn>PL.PZGIK.200</sln:powIIPPn><sln:powIIPWersja>2012-09-27T09:32:07+02:00</sln:powIIPWersja><sln:powIdTeryt>2612</sln:powIdTeryt><sln:powNazwa>staszowski</sln:powNazwa><sln:wojIIPId>d021c0dd-b22e-4fcd-8444-904c64ec3aa8</sln:wojIIPId><sln:wojIIPPn>PL.PZGIK.200</sln:wojIIPPn><sln:wojIIPWersja>2012-09-27T13:45:13+02:00</sln:wojIIPWersja><sln:wojIdTeryt>26</sln:wojIdTeryt><sln:wojNazwa>świętokrzyskie</sln:wojNazwa></sln:miejscowosc><sln:miejscowosc><sln:cyklZyciaDo>2016-11-27T00:00:00+01:00</sln:cyklZyciaDo><sln:cyklZyciaOd>2014-12-03T00:00:00+01:00</sln:cyklZyciaOd><sln:gmIIPId>e1b45281-d6e1-40ce-a457-bfae71283725</sln:gmIIPId><sln:gmIIPPn>PL.PZGIK.200</sln:gmIIPPn><sln:gmIIPWersja>2012-09-26T22:19:59+02:00</sln:gmIIPWersja><sln:gmIdTeryt>2612053</sln:gmIdTeryt><sln:gmNazwa>Połaniec</sln:gmNazwa><sln:miejscIIPId>aaa9ba8f-bb32-4a00-b827-f96398505b7d</sln:miejscIIPId><sln:miejscIIPPn>PL.PZGIK.200</sln:miejscIIPPn><sln:miejscIIPWersja>2016-11-24T13:40:25+02:00</sln:miejscIIPWersja><sln:miejscIdTeryt>3014639</sln:miejscIdTeryt><sln:miejscNazwa>Blich</sln:miejscNazwa><sln:miejscRodzaj>Inny obiekt</sln:miejscRodzaj><sln:powIIPId>b1b716f1-de0e-40bd-864d-abdee31f32b5</sln:powIIPId><sln:powIIPPn>PL.PZGIK.200</sln:powIIPPn><sln:powIIPWersja>2012-09-27T09:32:07+02:00</sln:powIIPWersja><sln:powIdTeryt>2612</sln:powIdTeryt><sln:powNazwa>staszowski</sln:powNazwa><sln:wojIIPId>d021c0dd-b22e-4fcd-8444-904c64ec3aa8</sln:wojIIPId><sln:wojIIPPn>PL.PZGIK.200</sln:wojIIPPn><sln:wojIIPWersja>2012-09-27T13:45:13+02:00</sln:wojIIPWersja><sln:wojIdTeryt>26</sln:wojIdTeryt><sln:wojNazwa>świętokrzyskie</sln:wojNazwa></sln:miejscowosc><sln:miejscowosc><sln:cyklZyciaDo>2016-11-27T00:00:00+01:00</sln:cyklZyciaDo><sln:cyklZyciaOd>2014-12-03T00:00:00+01:00</sln:cyklZyciaOd><sln:gmIIPId>e1b45281-d6e1-40ce-a457-bfae71283725</sln:gmIIPId><sln:gmIIPPn>PL.PZGIK.200</sln:gmIIPPn><sln:gmIIPWersja>2012-09-26T22:19:59+02:00</sln:gmIIPWersja><sln:gmIdTeryt>2612053</sln:gmIdTeryt><sln:gmNazwa>Połaniec</sln:gmNazwa><sln:miejscIIPId>b09b6486-941c-4c83-ab54-b899a116eae7</sln:miejscIIPId><sln:miejscIIPPn>PL.PZGIK.200</sln:miejscIIPPn><sln:miejscIIPWersja>2016-11-24T13:34:44+02:00</sln:miejscIIPWersja><sln:miejscIdTeryt>0803779</sln:miejscIdTeryt><sln:miejscNazwa>Zdzieci Stare</sln:miejscNazwa><sln:miejscRodzaj>Wieś</sln:miejscRodzaj><sln:powIIPId>b1b716f1-de0e-40bd-864d-abdee31f32b5</sln:powIIPId><sln:powIIPPn>PL.PZGIK.200</sln:powIIPPn><sln:powIIPWersja>2012-09-27T09:32:07+02:00</sln:powIIPWersja><sln:powIdTeryt>2612</sln:powIdTeryt><sln:powNazwa>staszowski</sln:powNazwa><sln:wojIIPId>d021c0dd-b22e-4fcd-8444-904c64ec3aa8</sln:wojIIPId><sln:wojIIPPn>PL.PZGIK.200</sln:wojIIPPn><sln:wojIIPWersja>2012-09-27T13:45:13+02:00</sln:wojIIPWersja><sln:wojIdTeryt>26</sln:wojIdTeryt><sln:wojNazwa>świętokrzyskie</sln:wojNazwa></sln:miejscowosc><sln:miejscowosc><sln:cyklZyciaDo>2016-11-27T00:00:00+01:00</sln:cyklZyciaDo><sln:cyklZyciaOd>2014-12-03T00:00:00+01:00</sln:cyklZyciaOd><sln:gmIIPId>e1b45281-d6e1-40ce-a457-bfae71283725</sln:gmIIPId><sln:gmIIPPn>PL.PZGIK.200</sln:gmIIPPn><sln:gmIIPWersja>2012-09-26T22:19:59+02:00</sln:gmIIPWersja><sln:gmIdTeryt>2612053</sln:gmIdTeryt><sln:gmNazwa>Połaniec</sln:gmNazwa><sln:miejscIIPId>bde9c1e6-874b-427a-831c-7d509b26ed99</sln:miejscIIPId><sln:miejscIIPPn>PL.PZGIK.200</sln:miejscIIPPn><sln:miejscIIPWersja>2016-11-24T13:34:35+02:00</sln:miejscIIPWersja><sln:miejscIdTeryt>0803696</sln:miejscIdTeryt><sln:miejscNazwa>Zawada</sln:miejscNazwa><sln:miejscRodzaj>Wieś</sln:miejscRodzaj><sln:powIIPId>b1b716f1-de0e-40bd-864d-abdee31f32b5</sln:powIIPId><sln:powIIPPn>PL.PZGIK.200</sln:powIIPPn><sln:powIIPWersja>2012-09-27T09:32:07+02:00</sln:powIIPWersja><sln:powIdTeryt>2612</sln:powIdTeryt><sln:powNazwa>staszowski</sln:powNazwa><sln:wojIIPId>d021c0dd-b22e-4fcd-8444-904c64ec3aa8</sln:wojIIPId><sln:wojIIPPn>PL.PZGIK.200</sln:wojIIPPn><sln:wojIIPWersja>2012-09-27T13:45:13+02:00</sln:wojIIPWersja><sln:wojIdTeryt>26</sln:wojIdTeryt><sln:wojNazwa>świętokrzyskie</sln:wojNazwa></sln:miejscowosc><sln:miejscowosc><sln:cyklZyciaDo>2016-11-27T00:00:00+01:00</sln:cyklZyciaDo><sln:cyklZyciaOd>2014-12-03T00:00:00+01:00</sln:cyklZyciaOd><sln:gmIIPId>e1b45281-d6e1-40ce-a457-bfae71283725</sln:gmIIPId><sln:gmIIPPn>PL.PZGIK.200</sln:gmIIPPn><sln:gmIIPWersja>2012-09-26T22:19:59+02:00</sln:gmIIPWersja><sln:gmIdTeryt>2612053</sln:gmIdTeryt><sln:gmNazwa>Połaniec</sln:gmNazwa><sln:miejscIIPId>2110d9a6-9b9d-45f2-be6e-6e72bb06bd04</sln:miejscIIPId><sln:miejscIIPPn>PL.PZGIK.200</sln:miejscIIPPn><sln:miejscIIPWersja>2016-11-24T13:34:54+02:00</sln:miejscIIPWersja><sln:miejscIdTeryt>0803800</sln:miejscIdTeryt><sln:miejscNazwa>Zrębin</sln:miejscNazwa><sln:miejscRodzaj>Wieś</sln:miejscRodzaj><sln:powIIPId>b1b716f1-de0e-40bd-864d-abdee31f32b5</sln:powIIPId><sln:powIIPPn>PL.PZGIK.200</sln:powIIPPn><sln:powIIPWersja>2012-09-27T09:32:07+02:00</sln:powIIPWersja><sln:powIdTeryt>2612</sln:powIdTeryt><sln:powNazwa>staszowski</sln:powNazwa><sln:wojIIPId>d021c0dd-b22e-4fcd-8444-904c64ec3aa8</sln:wojIIPId><sln:wojIIPPn>PL.PZGIK.200</sln:wojIIPPn><sln:wojIIPWersja>2012-09-27T13:45:13+02:00</sln:wojIIPWersja><sln:wojIdTeryt>26</sln:wojIdTeryt><sln:wojNazwa>świętokrzyskie</sln:wojNazwa></sln:miejscowosc><sln:miejscowosc><sln:cyklZyciaDo>2016-11-27T00:00:00+01:00</sln:cyklZyciaDo><sln:cyklZyciaOd>2014-12-03T00:00:00+01:00</sln:cyklZyciaOd><sln:gmIIPId>e1b45281-d6e1-40ce-a457-bfae71283725</sln:gmIIPId><sln:gmIIPPn>PL.PZGIK.200</sln:gmIIPPn><sln:gmIIPWersja>2012-09-26T22:19:59+02:00</sln:gmIIPWersja><sln:gmIdTeryt>2612053</sln:gmIdTeryt><sln:gmNazwa>Połaniec</sln:gmNazwa><sln:miejscIIPId>651381dd-492b-4cd3-b50e-d7fe210cab2b</sln:miejscIIPId><sln:miejscIIPPn>PL.PZGIK.200</sln:miejscIIPPn><sln:miejscIIPWersja>2016-11-24T13:29:53+02:00</sln:miejscIIPWersja><sln:miejscIdTeryt>3004053</sln:miejscIdTeryt><sln:miejscNazwa>Roszki</sln:miejscNazwa><sln:miejscRodzaj>Inny obiekt</sln:miejscRodzaj><sln:powIIPId>b1b716f1-de0e-40bd-864d-abdee31f32b5</sln:powIIPId><sln:powIIPPn>PL.PZGIK.200</sln:powIIPPn><sln:powIIPWersja>2012-09-27T09:32:07+02:00</sln:powIIPWersja><sln:powIdTeryt>2612</sln:powIdTeryt><sln:powNazwa>staszowski</sln:powNazwa><sln:wojIIPId>d021c0dd-b22e-4fcd-8444-904c64ec3aa8</sln:wojIIPId><sln:wojIIPPn>PL.PZGIK.200</sln:wojIIPPn><sln:wojIIPWersja>2012-09-27T13:45:13+02:00</sln:wojIIPWersja><sln:wojIdTeryt>26</sln:wojIdTeryt><sln:wojNazwa>świętokrzyskie</sln:wojNazwa></sln:miejscowosc><sln:miejscowosc><sln:cyklZyciaDo>2016-11-27T00:00:00+01:00</sln:cyklZyciaDo><sln:cyklZyciaOd>2014-12-03T00:00:00+01:00</sln:cyklZyciaOd><sln:gmIIPId>e1b45281-d6e1-40ce-a457-bfae71283725</sln:gmIIPId><sln:gmIIPPn>PL.PZGIK.200</sln:gmIIPPn><sln:gmIIPWersja>2012-09-26T22:19:59+02:00</sln:gmIIPWersja><sln:gmIdTeryt>2612053</sln:gmIdTeryt><sln:gmNazwa>Połaniec</sln:gmNazwa><sln:miejscIIPId>8e6ec279-f941-4ff2-befb-3d819cb511a4</sln:miejscIIPId><sln:miejscIIPPn>PL.PZGIK.200</sln:miejscIIPPn><sln:miejscIIPWersja>2016-11-24T13:51:09+02:00</sln:miejscIIPWersja><sln:miejscIdTeryt>0803710</sln:miejscIdTeryt><sln:miejscNazwa>Zdzieci Nowe</sln:miejscNazwa><sln:miejscRodzaj>Kolonia</sln:miejscRodzaj><sln:powIIPId>b1b716f1-de0e-40bd-864d-abdee31f32b5</sln:powIIPId><sln:powIIPPn>PL.PZGIK.200</sln:powIIPPn><sln:powIIPWersja>2012-09-27T09:32:07+02:00</sln:powIIPWersja><sln:powIdTeryt>2612</sln:powIdTeryt><sln:powNazwa>staszowski</sln:powNazwa><sln:wojIIPId>d021c0dd-b22e-4fcd-8444-904c64ec3aa8</sln:wojIIPId><sln:wojIIPPn>PL.PZGIK.200</sln:wojIIPPn><sln:wojIIPWersja>2012-09-27T13:45:13+02:00</sln:wojIIPWersja><sln:wojIdTeryt>26</sln:wojIdTeryt><sln:wojNazwa>świętokrzyskie</sln:wojNazwa></sln:miejscowosc><sln:miejscowosc><sln:cyklZyciaDo>2016-11-27T00:00:00+01:00</sln:cyklZyciaDo><sln:cyklZyciaOd>2014-12-03T00:00:00+01:00</sln:cyklZyciaOd><sln:gmIIPId>e1b45281-d6e1-40ce-a457-bfae71283725</sln:gmIIPId><sln:gmIIPPn>PL.PZGIK.200</sln:gmIIPPn><sln:gmIIPWersja>2012-09-26T22:19:59+02:00</sln:gmIIPWersja><sln:gmIdTeryt>2612053</sln:gmIdTeryt><sln:gmNazwa>Połaniec</sln:gmNazwa><sln:miejscIIPId>2f5b5ea3-72ee-4c11-b4b2-cce3b2267c5b</sln:miejscIIPId><sln:miejscIIPPn>PL.PZGIK.200</sln:miejscIIPPn><sln:miejscIIPWersja>2016-11-24T13:33:57+02:00</sln:miejscIIPWersja><sln:miejscIdTeryt>0803740</sln:miejscIdTeryt><sln:miejscNazwa>Wymysłów</sln:miejscNazwa><sln:miejscRodzaj>Wieś</sln:miejscRodzaj><sln:powIIPId>b1b716f1-de0e-40bd-864d-abdee31f32b5</sln:powIIPId><sln:powIIPPn>PL.PZGIK.200</sln:powIIPPn><sln:powIIPWersja>2012-09-27T09:32:07+02:00</sln:powIIPWersja><sln:powIdTeryt>2612</sln:powIdTeryt><sln:powNazwa>staszowski</sln:powNazwa><sln:wojIIPId>d021c0dd-b22e-4fcd-8444-904c64ec3aa8</sln:wojIIPId><sln:wojIIPPn>PL.PZGIK.200</sln:wojIIPPn><sln:wojIIPWersja>2012-09-27T13:45:13+02:00</sln:wojIIPWersja><sln:wojIdTeryt>26</sln:wojIdTeryt><sln:wojNazwa>świętokrzyskie</sln:wojNazwa></sln:miejscowosc><sln:miejscowosc><sln:cyklZyciaDo>2016-11-27T00:00:00+01:00</sln:cyklZyciaDo><sln:cyklZyciaOd>2014-12-03T00:00:00+01:00</sln:cyklZyciaOd><sln:gmIIPId>e1b45281-d6e1-40ce-a457-bfae71283725</sln:gmIIPId><sln:gmIIPPn>PL.PZGIK.200</sln:gmIIPPn><sln:gmIIPWersja>2012-09-26T22:19:59+02:00</sln:gmIIPWersja><sln:gmIdTeryt>2612053</sln:gmIdTeryt><sln:gmNazwa>Połaniec</sln:gmNazwa><sln:miejscIIPId>af8be702-77af-4058-ad5f-b22ae6ae62ee</sln:miejscIIPId><sln:miejscIIPPn>PL.PZGIK.200</sln:miejscIIPPn><sln:miejscIIPWersja>2016-11-24T13:51:09+02:00</sln:miejscIIPWersja><sln:miejscIdTeryt>1019355</sln:miejscIdTeryt><sln:miejscNazwa>Kolonia</sln:miejscNazwa><sln:miejscRodzaj>Inny obiekt</sln:miejscRodzaj><sln:powIIPId>b1b716f1-de0e-40bd-864d-abdee31f32b5</sln:powIIPId><sln:powIIPPn>PL.PZGIK.200</sln:powIIPPn><sln:powIIPWersja>2012-09-27T09:32:07+02:00</sln:powIIPWersja><sln:powIdTeryt>2612</sln:powIdTeryt><sln:powNazwa>staszowski</sln:powNazwa><sln:wojIIPId>d021c0dd-b22e-4fcd-8444-904c64ec3aa8</sln:wojIIPId><sln:wojIIPPn>PL.PZGIK.200</sln:wojIIPPn><sln:wojIIPWersja>2012-09-27T13:45:13+02:00</sln:wojIIPWersja><sln:wojIdTeryt>26</sln:wojIdTeryt><sln:wojNazwa>świętokrzyskie</sln:wojNazwa></sln:miejscowosc><sln:miejscowosc><sln:cyklZyciaDo>2016-11-27T00:00:00+01:00</sln:cyklZyciaDo><sln:cyklZyciaOd>2014-12-03T00:00:00+01:00</sln:cyklZyciaOd><sln:gmIIPId>e1b45281-d6e1-40ce-a457-bfae71283725</sln:gmIIPId><sln:gmIIPPn>PL.PZGIK.200</sln:gmIIPPn><sln:gmIIPWersja>2012-09-26T22:19:59+02:00</sln:gmIIPWersja><sln:gmIdTeryt>2612053</sln:gmIdTeryt><sln:gmNazwa>Połaniec</sln:gmNazwa><sln:miejscIIPId>db188f37-1031-499c-bcfc-8d342681a3be</sln:miejscIIPId><sln:miejscIIPPn>PL.PZGIK.200</sln:miejscIIPPn><sln:miejscIIPWersja>2016-11-24T13:30:03+02:00</sln:miejscIIPWersja><sln:miejscIdTeryt>0803733</sln:miejscIdTeryt><sln:miejscNazwa>Rudniki</sln:miejscNazwa><sln:miejscRodzaj>Wieś</sln:miejscRodzaj><sln:powIIPId>b1b716f1-de0e-40bd-864d-abdee31f32b5</sln:powIIPId><sln:powIIPPn>PL.PZGIK.200</sln:powIIPPn><sln:powIIPWersja>2012-09-27T09:32:07+02:00</sln:powIIPWersja><sln:powIdTeryt>2612</sln:powIdTeryt><sln:powNazwa>staszowski</sln:powNazwa><sln:wojIIPId>d021c0dd-b22e-4fcd-8444-904c64ec3aa8</sln:wojIIPId><sln:wojIIPPn>PL.PZGIK.200</sln:wojIIPPn><sln:wojIIPWersja>2012-09-27T13:45:13+02:00</sln:wojIIPWersja><sln:wojIdTeryt>26</sln:wojIdTeryt><sln:wojNazwa>świętokrzyskie</sln:wojNazwa></sln:miejscowosc><sln:miejscowosc><sln:cyklZyciaDo>2016-11-27T00:00:00+01:00</sln:cyklZyciaDo><sln:cyklZyciaOd>2014-12-03T00:00:00+01:00</sln:cyklZyciaOd><sln:gmIIPId>e1b45281-d6e1-40ce-a457-bfae71283725</sln:gmIIPId><sln:gmIIPPn>PL.PZGIK.200</sln:gmIIPPn><sln:gmIIPWersja>2012-09-26T22:19:59+02:00</sln:gmIIPWersja><sln:gmIdTeryt>2612053</sln:gmIdTeryt><sln:gmNazwa>Połaniec</sln:gmNazwa><sln:miejscIIPId>f139b322-6d43-4725-bc73-81015acca37b</sln:miejscIIPId><sln:miejscIIPPn>PL.PZGIK.200</sln:miejscIIPPn><sln:miejscIIPWersja>2016-11-24T13:32:57+02:00</sln:miejscIIPWersja><sln:miejscIdTeryt>3007415</sln:miejscIdTeryt><sln:miejscNazwa>Warszawa</sln:miejscNazwa><sln:miejscRodzaj>Inny obiekt</sln:miejscRodzaj><sln:powIIPId>b1b716f1-de0e-40bd-864d-abdee31f32b5</sln:powIIPId><sln:powIIPPn>PL.PZGIK.200</sln:powIIPPn><sln:powIIPWersja>2012-09-27T09:32:07+02:00</sln:powIIPWersja><sln:powIdTeryt>2612</sln:powIdTeryt><sln:powNazwa>staszowski</sln:powNazwa><sln:wojIIPId>d021c0dd-b22e-4fcd-8444-904c64ec3aa8</sln:wojIIPId><sln:wojIIPPn>PL.PZGIK.200</sln:wojIIPPn><sln:wojIIPWersja>2012-09-27T13:45:13+02:00</sln:wojIIPWersja><sln:wojIdTeryt>26</sln:wojIdTeryt><sln:wojNazwa>świętokrzyskie</sln:wojNazwa></sln:miejscowosc><sln:miejscowosc><sln:cyklZyciaDo>2016-11-27T00:00:00+01:00</sln:cyklZyciaDo><sln:cyklZyciaOd>2014-12-03T00:00:00+01:00</sln:cyklZyciaOd><sln:gmIIPId>e1b45281-d6e1-40ce-a457-bfae71283725</sln:gmIIPId><sln:gmIIPPn>PL.PZGIK.200</sln:gmIIPPn><sln:gmIIPWersja>2012-09-26T22:19:59+02:00</sln:gmIIPWersja><sln:gmIdTeryt>2612053</sln:gmIdTeryt><sln:gmNazwa>Połaniec</sln:gmNazwa><sln:miejscIIPId>15560982-8a5a-490d-b6bc-76d5728474c9</sln:miejscIIPId><sln:miejscIIPPn>PL.PZGIK.200</sln:miejscIIPPn><sln:miejscIIPWersja>2016-11-24T13:32:38+02:00</sln:miejscIIPWersja><sln:miejscIdTeryt>0803785</sln:miejscIdTeryt><sln:miejscNazwa>Tursko Małe</sln:miejscNazwa><sln:miejscRodzaj>Wieś</sln:miejscRodzaj><sln:powIIPId>b1b716f1-de0e-40bd-864d-abdee31f32b5</sln:powIIPId><sln:powIIPPn>PL.PZGIK.200</sln:powIIPPn><sln:powIIPWersja>2012-09-27T09:32:07+02:00</sln:powIIPWersja><sln:powIdTeryt>2612</sln:powIdTeryt><sln:powNazwa>staszowski</sln:powNazwa><sln:wojIIPId>d021c0dd-b22e-4fcd-8444-904c64ec3aa8</sln:wojIIPId><sln:wojIIPPn>PL.PZGIK.200</sln:wojIIPPn><sln:wojIIPWersja>2012-09-27T13:45:13+02:00</sln:wojIIPWersja><sln:wojIdTeryt>26</sln:wojIdTeryt><sln:wojNazwa>świętokrzyskie</sln:wojNazwa></sln:miejscowosc><sln:miejscowosc><sln:cyklZyciaDo>2016-11-27T00:00:00+01:00</sln:cyklZyciaDo><sln:cyklZyciaOd>2014-12-03T00:00:00+01:00</sln:cyklZyciaOd><sln:gmIIPId>e1b45281-d6e1-40ce-a457-bfae71283725</sln:gmIIPId><sln:gmIIPPn>PL.PZGIK.200</sln:gmIIPPn><sln:gmIIPWersja>2012-09-26T22:19:59+02:00</sln:gmIIPWersja><sln:gmIdTeryt>2612053</sln:gmIdTeryt><sln:gmNazwa>Połaniec</sln:gmNazwa><sln:miejscIIPId>326e38c8-1b1d-4789-ae1a-ab5d64f1ff40</sln:miejscIIPId><sln:miejscIIPPn>PL.PZGIK.200</sln:miejscIIPPn><sln:miejscIIPWersja>2016-11-24T13:41:34+02:00</sln:miejscIIPWersja><sln:miejscIdTeryt>0803680</sln:miejscIdTeryt><sln:miejscNazwa>Łęg</sln:miejscNazwa><sln:miejscRodzaj>Wieś</sln:miejscRodzaj><sln:powIIPId>b1b716f1-de0e-40bd-864d-abdee31f32b5</sln:powIIPId><sln:powIIPPn>PL.PZGIK.200</sln:powIIPPn><sln:powIIPWersja>2012-09-27T09:32:07+02:00</sln:powIIPWersja><sln:powIdTeryt>2612</sln:powIdTeryt><sln:powNazwa>staszowski</sln:powNazwa><sln:wojIIPId>d021c0dd-b22e-4fcd-8444-904c64ec3aa8</sln:wojIIPId><sln:wojIIPPn>PL.PZGIK.200</sln:wojIIPPn><sln:wojIIPWersja>2012-09-27T13:45:13+02:00</sln:wojIIPWersja><sln:wojIdTeryt>26</sln:wojIdTeryt><sln:wojNazwa>świętokrzyskie</sln:wojNazwa></sln:miejscowosc><sln:miejscowosc><sln:cyklZyciaDo>2016-11-27T00:00:00+01:00</sln:cyklZyciaDo><sln:cyklZyciaOd>2014-12-03T00:00:00+01:00</sln:cyklZyciaOd><sln:gmIIPId>e1b45281-d6e1-40ce-a457-bfae71283725</sln:gmIIPId><sln:gmIIPPn>PL.PZGIK.200</sln:gmIIPPn><sln:gmIIPWersja>2012-09-26T22:19:59+02:00</sln:gmIIPWersja><sln:gmIdTeryt>2612053</sln:gmIdTeryt><sln:gmNazwa>Połaniec</sln:gmNazwa><sln:miejscIIPId>6d79ee06-a18f-47fd-bc3f-f98f95b8122a</sln:miejscIIPId><sln:miejscIIPPn>PL.PZGIK.200</sln:miejscIIPPn><sln:miejscIIPWersja>2016-11-24T13:29:11+02:00</sln:miejscIIPWersja><sln:miejscIdTeryt>3003666</sln:miejscIdTeryt><sln:miejscNazwa>Przychody</sln:miejscNazwa><sln:miejscRodzaj>Inny obiekt</sln:miejscRodzaj><sln:powIIPId>b1b716f1-de0e-40bd-864d-abdee31f32b5</sln:powIIPId><sln:powIIPPn>PL.PZGIK.200</sln:powIIPPn><sln:powIIPWersja>2012-09-27T09:32:07+02:00</sln:powIIPWersja><sln:powIdTeryt>2612</sln:powIdTeryt><sln:powNazwa>staszowski</sln:powNazwa><sln:wojIIPId>d021c0dd-b22e-4fcd-8444-904c64ec3aa8</sln:wojIIPId><sln:wojIIPPn>PL.PZGIK.200</sln:wojIIPPn><sln:wojIIPWersja>2012-09-27T13:45:13+02:00</sln:wojIIPWersja><sln:wojIdTeryt>26</sln:wojIdTeryt><sln:wojNazwa>świętokrzyskie</sln:wojNazwa></sln:miejscowosc><sln:miejscowosc><sln:cyklZyciaDo>2016-11-27T00:00:00+01:00</sln:cyklZyciaDo><sln:cyklZyciaOd>2014-12-03T00:00:00+01:00</sln:cyklZyciaOd><sln:gmIIPId>e1b45281-d6e1-40ce-a457-bfae71283725</sln:gmIIPId><sln:gmIIPPn>PL.PZGIK.200</sln:gmIIPPn><sln:gmIIPWersja>2012-09-26T22:19:59+02:00</sln:gmIIPWersja><sln:gmIdTeryt>2612053</sln:gmIdTeryt><sln:gmNazwa>Połaniec</sln:gmNazwa><sln:miejscIIPId>94d59820-2cd2-490a-a083-3d2adfbeb01f</sln:miejscIIPId><sln:miejscIIPPn>PL.PZGIK.200</sln:miejscIIPPn><sln:miejscIIPWersja>2016-11-24T13:45:04+02:00</sln:miejscIIPWersja><sln:miejscIdTeryt>0980837</sln:miejscIdTeryt><sln:miejscNazwa>Rychterówka</sln:miejscNazwa><sln:miejscRodzaj>Inny obiekt</sln:miejscRodzaj><sln:powIIPId>b1b716f1-de0e-40bd-864d-abdee31f32b5</sln:powIIPId><sln:powIIPPn>PL.PZGIK.200</sln:powIIPPn><sln:powIIPWersja>2012-09-27T09:32:07+02:00</sln:powIIPWersja><sln:powIdTeryt>2612</sln:powIdTeryt><sln:powNazwa>staszowski</sln:powNazwa><sln:wojIIPId>d021c0dd-b22e-4fcd-8444-904c64ec3aa8</sln:wojIIPId><sln:wojIIPPn>PL.PZGIK.200</sln:wojIIPPn><sln:wojIIPWersja>2012-09-27T13:45:13+02:00</sln:wojIIPWersja><sln:wojIdTeryt>26</sln:wojIdTeryt><sln:wojNazwa>świętokrzyskie</sln:wojNazwa></sln:miejscowosc><sln:miejscowosc><sln:cyklZyciaDo>2016-11-27T00:00:00+01:00</sln:cyklZyciaDo><sln:cyklZyciaOd>2014-12-03T00:00:00+01:00</sln:cyklZyciaOd><sln:gmIIPId>e1b45281-d6e1-40ce-a457-bfae71283725</sln:gmIIPId><sln:gmIIPPn>PL.PZGIK.200</sln:gmIIPPn><sln:gmIIPWersja>2012-09-26T22:19:59+02:00</sln:gmIIPWersja><sln:gmIdTeryt>2612053</sln:gmIdTeryt><sln:gmNazwa>Połaniec</sln:gmNazwa><sln:miejscIIPId>7d8cf05d-94e3-4481-a136-1c1a04f840bf</sln:miejscIIPId><sln:miejscIIPPn>PL.PZGIK.200</sln:miejscIIPPn><sln:miejscIIPWersja>2016-11-24T13:45:04+02:00</sln:miejscIIPWersja><sln:miejscIdTeryt>0980814</sln:miejscIdTeryt><sln:miejscNazwa>Kolonia Połaniec</sln:miejscNazwa><sln:miejscRodzaj>Inny obiekt</sln:miejscRodzaj><sln:powIIPId>b1b716f1-de0e-40bd-864d-abdee31f32b5</sln:powIIPId><sln:powIIPPn>PL.PZGIK.200</sln:powIIPPn><sln:powIIPWersja>2012-09-27T09:32:07+02:00</sln:powIIPWersja><sln:powIdTeryt>2612</sln:powIdTeryt><sln:powNazwa>staszowski</sln:powNazwa><sln:wojIIPId>d021c0dd-b22e-4fcd-8444-904c64ec3aa8</sln:wojIIPId><sln:wojIIPPn>PL.PZGIK.200</sln:wojIIPPn><sln:wojIIPWersja>2012-09-27T13:45:13+02:00</sln:wojIIPWersja><sln:wojIdTeryt>26</sln:wojIdTeryt><sln:wojNazwa>świętokrzyskie</sln:wojNazwa></sln:miejscowosc><sln:miejscowosc><sln:cyklZyciaOd>2016-11-27T00:00:00+01:00</sln:cyklZyciaOd><sln:gmIIPId>e1b45281-d6e1-40ce-a457-bfae71283725</sln:gmIIPId><sln:gmIIPPn>PL.PZGIK.200</sln:gmIIPPn><sln:gmIIPWersja>2012-09-26T22:19:59+02:00</sln:gmIIPWersja><sln:gmIdTeryt>2612053</sln:gmIdTeryt><sln:gmNazwa>Połaniec</sln:gmNazwa><sln:miejscIIPId>9384feea-829b-415f-8ba6-c488331da479</sln:miejscIIPId><sln:miejscIIPPn>PL.PZGIK.200</sln:miejscIIPPn><sln:miejscIIPWersja>2016-11-27T16:48:44+02:00</sln:miejscIIPWersja><sln:miejscIdTeryt>0980783</sln:miejscIdTeryt><sln:miejscNazwa>Połaniec</sln:miejscNazwa><sln:miejscRodzaj>Miasto</sln:miejscRodzaj><sln:powIIPId>b1b716f1-de0e-40bd-864d-abdee31f32b5</sln:powIIPId><sln:powIIPPn>PL.PZGIK.200</sln:powIIPPn><sln:powIIPWersja>2012-09-27T09:32:07+02:00</sln:powIIPWersja><sln:powIdTeryt>2612</sln:powIdTeryt><sln:powNazwa>staszowski</sln:powNazwa><sln:wojIIPId>d021c0dd-b22e-4fcd-8444-904c64ec3aa8</sln:wojIIPId><sln:wojIIPPn>PL.PZGIK.200</sln:wojIIPPn><sln:wojIIPWersja>2012-09-27T13:45:13+02:00</sln:wojIIPWersja><sln:wojIdTeryt>26</sln:wojIdTeryt><sln:wojNazwa>świętokrzyskie</sln:wojNazwa></sln:miejscowosc><sln:miejscowosc><sln:cyklZyciaOd>2016-11-27T00:00:00+01:00</sln:cyklZyciaOd><sln:gmIIPId>e1b45281-d6e1-40ce-a457-bfae71283725</sln:gmIIPId><sln:gmIIPPn>PL.PZGIK.200</sln:gmIIPPn><sln:gmIIPWersja>2012-09-26T22:19:59+02:00</sln:gmIIPWersja><sln:gmIdTeryt>2612053</sln:gmIdTeryt><sln:gmNazwa>Połaniec</sln:gmNazwa><sln:miejscIIPId>a57b21eb-e4e1-4771-99ed-028705589912</sln:miejscIIPId><sln:miejscIIPPn>PL.PZGIK.200</sln:miejscIIPPn><sln:miejscIIPWersja>2016-11-27T16:48:49+02:00</sln:miejscIIPWersja><sln:miejscIdTeryt>0803615</sln:miejscIdTeryt><sln:miejscNazwa>Brzozowa</sln:miejscNazwa><sln:miejscRodzaj>Wieś</sln:miejscRodzaj><sln:powIIPId>b1b716f1-de0e-40bd-864d-abdee31f32b5</sln:powIIPId><sln:powIIPPn>PL.PZGIK.200</sln:powIIPPn><sln:powIIPWersja>2012-09-27T09:32:07+02:00</sln:powIIPWersja><sln:powIdTeryt>2612</sln:powIdTeryt><sln:powNazwa>staszowski</sln:powNazwa><sln:wojIIPId>d021c0dd-b22e-4fcd-8444-904c64ec3aa8</sln:wojIIPId><sln:wojIIPPn>PL.PZGIK.200</sln:wojIIPPn><sln:wojIIPWersja>2012-09-27T13:45:13+02:00</sln:wojIIPWersja><sln:wojIdTeryt>26</sln:wojIdTeryt><sln:wojNazwa>świętokrzyskie</sln:wojNazwa></sln:miejscowosc><sln:miejscowosc><sln:cyklZyciaDo>2017-05-31T00:00:00+02:00</sln:cyklZyciaDo><sln:cyklZyciaOd>2016-11-27T00:00:00+01:00</sln:cyklZyciaOd><sln:gmIIPId>e1b45281-d6e1-40ce-a457-bfae71283725</sln:gmIIPId><sln:gmIIPPn>PL.PZGIK.200</sln:gmIIPPn><sln:gmIIPWersja>2012-09-26T22:19:59+02:00</sln:gmIIPWersja><sln:gmIdTeryt>2612053</sln:gmIdTeryt><sln:gmNazwa>Połaniec</sln:gmNazwa><sln:miejscIIPId>db188f37-1031-499c-bcfc-8d342681a3be</sln:miejscIIPId><sln:miejscIIPPn>PL.PZGIK.200</sln:miejscIIPPn><sln:miejscIIPWersja>2016-11-27T16:48:49+02:00</sln:miejscIIPWersja><sln:miejscIdTeryt>0803733</sln:miejscIdTeryt><sln:miejscNazwa>Rudniki</sln:miejscNazwa><sln:miejscRodzaj>Wieś</sln:miejscRodzaj><sln:powIIPId>b1b716f1-de0e-40bd-864d-abdee31f32b5</sln:powIIPId><sln:powIIPPn>PL.PZGIK.200</sln:powIIPPn><sln:powIIPWersja>2012-09-27T09:32:07+02:00</sln:powIIPWersja><sln:powIdTeryt>2612</sln:powIdTeryt><sln:powNazwa>staszowski</sln:powNazwa><sln:wojIIPId>d021c0dd-b22e-4fcd-8444-904c64ec3aa8</sln:wojIIPId><sln:wojIIPPn>PL.PZGIK.200</sln:wojIIPPn><sln:wojIIPWersja>2012-09-27T13:45:13+02:00</sln:wojIIPWersja><sln:wojIdTeryt>26</sln:wojIdTeryt><sln:wojNazwa>świętokrzyskie</sln:wojNazwa></sln:miejscowosc><sln:miejscowosc><sln:cyklZyciaOd>2016-11-27T00:00:00+01:00</sln:cyklZyciaOd><sln:gmIIPId>e1b45281-d6e1-40ce-a457-bfae71283725</sln:gmIIPId><sln:gmIIPPn>PL.PZGIK.200</sln:gmIIPPn><sln:gmIIPWersja>2012-09-26T22:19:59+02:00</sln:gmIIPWersja><sln:gmIdTeryt>2612053</sln:gmIdTeryt><sln:gmNazwa>Połaniec</sln:gmNazwa><sln:miejscIIPId>0a449434-3e3a-4ff5-a435-bb51904f5134</sln:miejscIIPId><sln:miejscIIPPn>PL.PZGIK.200</sln:miejscIIPPn><sln:miejscIIPWersja>2016-11-27T16:48:49+02:00</sln:miejscIIPWersja><sln:miejscIdTeryt>0803756</sln:miejscIdTeryt><sln:miejscNazwa>Ruszcza</sln:miejscNazwa><sln:miejscRodzaj>Wieś</sln:miejscRodzaj><sln:powIIPId>b1b716f1-de0e-40bd-864d-abdee31f32b5</sln:powIIPId><sln:powIIPPn>PL.PZGIK.200</sln:powIIPPn><sln:powIIPWersja>2012-09-27T09:32:07+02:00</sln:powIIPWersja><sln:powIdTeryt>2612</sln:powIdTeryt><sln:powNazwa>staszowski</sln:powNazwa><sln:wojIIPId>d021c0dd-b22e-4fcd-8444-904c64ec3aa8</sln:wojIIPId><sln:wojIIPPn>PL.PZGIK.200</sln:wojIIPPn><sln:wojIIPWersja>2012-09-27T13:45:13+02:00</sln:wojIIPWersja><sln:wojIdTeryt>26</sln:wojIdTeryt><sln:wojNazwa>świętokrzyskie</sln:wojNazwa></sln:miejscowosc><sln:miejscowosc><sln:cyklZyciaOd>2016-11-27T00:00:00+01:00</sln:cyklZyciaOd><sln:gmIIPId>e1b45281-d6e1-40ce-a457-bfae71283725</sln:gmIIPId><sln:gmIIPPn>PL.PZGIK.200</sln:gmIIPPn><sln:gmIIPWersja>2012-09-26T22:19:59+02:00</sln:gmIIPWersja><sln:gmIdTeryt>2612053</sln:gmIdTeryt><sln:gmNazwa>Połaniec</sln:gmNazwa><sln:miejscIIPId>9bab1f5b-9916-4405-8667-1499a00e2fac</sln:miejscIIPId><sln:miejscIIPPn>PL.PZGIK.200</sln:miejscIIPPn><sln:miejscIIPWersja>2016-11-27T16:48:49+02:00</sln:miejscIIPWersja><sln:miejscIdTeryt>0803762</sln:miejscIdTeryt><sln:miejscNazwa>Rybitwy</sln:miejscNazwa><sln:miejscRodzaj>Wieś</sln:miejscRodzaj><sln:powIIPId>b1b716f1-de0e-40bd-864d-abdee31f32b5</sln:powIIPId><sln:powIIPPn>PL.PZGIK.200</sln:powIIPPn><sln:powIIPWersja>2012-09-27T09:32:07+02:00</sln:powIIPWersja><sln:powIdTeryt>2612</sln:powIdTeryt><sln:powNazwa>staszowski</sln:powNazwa><sln:wojIIPId>d021c0dd-b22e-4fcd-8444-904c64ec3aa8</sln:wojIIPId><sln:wojIIPPn>PL.PZGIK.200</sln:wojIIPPn><sln:wojIIPWersja>2012-09-27T13:45:13+02:00</sln:wojIIPWersja><sln:wojIdTeryt>26</sln:wojIdTeryt><sln:wojNazwa>świętokrzyskie</sln:wojNazwa></sln:miejscowosc><sln:miejscowosc><sln:cyklZyciaOd>2016-11-27T00:00:00+01:00</sln:cyklZyciaOd><sln:gmIIPId>e1b45281-d6e1-40ce-a457-bfae71283725</sln:gmIIPId><sln:gmIIPPn>PL.PZGIK.200</sln:gmIIPPn><sln:gmIIPWersja>2012-09-26T22:19:59+02:00</sln:gmIIPWersja><sln:gmIdTeryt>2612053</sln:gmIdTeryt><sln:gmNazwa>Połaniec</sln:gmNazwa><sln:miejscIIPId>15560982-8a5a-490d-b6bc-76d5728474c9</sln:miejscIIPId><sln:miejscIIPPn>PL.PZGIK.200</sln:miejscIIPPn><sln:miejscIIPWersja>2016-11-27T16:48:49+02:00</sln:miejscIIPWersja><sln:miejscIdTeryt>0803785</sln:miejscIdTeryt><sln:miejscNazwa>Tursko Małe</sln:miejscNazwa><sln:miejscRodzaj>Wieś</sln:miejscRodzaj><sln:powIIPId>b1b716f1-de0e-40bd-864d-abdee31f32b5</sln:powIIPId><sln:powIIPPn>PL.PZGIK.200</sln:powIIPPn><sln:powIIPWersja>2012-09-27T09:32:07+02:00</sln:powIIPWersja><sln:powIdTeryt>2612</sln:powIdTeryt><sln:powNazwa>staszowski</sln:powNazwa><sln:wojIIPId>d021c0dd-b22e-4fcd-8444-904c64ec3aa8</sln:wojIIPId><sln:wojIIPPn>PL.PZGIK.200</sln:wojIIPPn><sln:wojIIPWersja>2012-09-27T13:45:13+02:00</sln:wojIIPWersja><sln:wojIdTeryt>26</sln:wojIdTeryt><sln:wojNazwa>świętokrzyskie</sln:wojNazwa></sln:miejscowosc><sln:miejscowosc><sln:cyklZyciaOd>2016-11-27T00:00:00+01:00</sln:cyklZyciaOd><sln:gmIIPId>e1b45281-d6e1-40ce-a457-bfae71283725</sln:gmIIPId><sln:gmIIPPn>PL.PZGIK.200</sln:gmIIPPn><sln:gmIIPWersja>2012-09-26T22:19:59+02:00</sln:gmIIPWersja><sln:gmIdTeryt>2612053</sln:gmIdTeryt><sln:gmNazwa>Połaniec</sln:gmNazwa><sln:miejscIIPId>c998fd3e-e00f-4aa4-a849-b622c1faf604</sln:miejscIIPId><sln:miejscIIPPn>PL.PZGIK.200</sln:miejscIIPPn><sln:miejscIIPWersja>2016-11-27T16:48:49+02:00</sln:miejscIIPWersja><sln:miejscIdTeryt>0803791</sln:miejscIdTeryt><sln:miejscNazwa>Winnica</sln:miejscNazwa><sln:miejscRodzaj>Wieś</sln:miejscRodzaj><sln:powIIPId>b1b716f1-de0e-40bd-864d-abdee31f32b5</sln:powIIPId><sln:powIIPPn>PL.PZGIK.200</sln:powIIPPn><sln:powIIPWersja>2012-09-27T09:32:07+02:00</sln:powIIPWersja><sln:powIdTeryt>2612</sln:powIdTeryt><sln:powNazwa>staszowski</sln:powNazwa><sln:wojIIPId>d021c0dd-b22e-4fcd-8444-904c64ec3aa8</sln:wojIIPId><sln:wojIIPPn>PL.PZGIK.200</sln:wojIIPPn><sln:wojIIPWersja>2012-09-27T13:45:13+02:00</sln:wojIIPWersja><sln:wojIdTeryt>26</sln:wojIdTeryt><sln:wojNazwa>świętokrzyskie</sln:wojNazwa></sln:miejscowosc><sln:miejscowosc><sln:cyklZyciaDo>2017-05-30T00:00:00+02:00</sln:cyklZyciaDo><sln:cyklZyciaOd>2016-11-27T00:00:00+01:00</sln:cyklZyciaOd><sln:gmIIPId>e1b45281-d6e1-40ce-a457-bfae71283725</sln:gmIIPId><sln:gmIIPPn>PL.PZGIK.200</sln:gmIIPPn><sln:gmIIPWersja>2012-09-26T22:19:59+02:00</sln:gmIIPWersja><sln:gmIdTeryt>2612053</sln:gmIdTeryt><sln:gmNazwa>Połaniec</sln:gmNazwa><sln:miejscIIPId>2f5b5ea3-72ee-4c11-b4b2-cce3b2267c5b</sln:miejscIIPId><sln:miejscIIPPn>PL.PZGIK.200</sln:miejscIIPPn><sln:miejscIIPWersja>2016-11-27T16:48:49+02:00</sln:miejscIIPWersja><sln:miejscIdTeryt>0803740</sln:miejscIdTeryt><sln:miejscNazwa>Wymysłów</sln:miejscNazwa><sln:miejscRodzaj>Wieś</sln:miejscRodzaj><sln:powIIPId>b1b716f1-de0e-40bd-864d-abdee31f32b5</sln:powIIPId><sln:powIIPPn>PL.PZGIK.200</sln:powIIPPn><sln:powIIPWersja>2012-09-27T09:32:07+02:00</sln:powIIPWersja><sln:powIdTeryt>2612</sln:powIdTeryt><sln:powNazwa>staszowski</sln:powNazwa><sln:wojIIPId>d021c0dd-b22e-4fcd-8444-904c64ec3aa8</sln:wojIIPId><sln:wojIIPPn>PL.PZGIK.200</sln:wojIIPPn><sln:wojIIPWersja>2012-09-27T13:45:13+02:00</sln:wojIIPWersja><sln:wojIdTeryt>26</sln:wojIdTeryt><sln:wojNazwa>świętokrzyskie</sln:wojNazwa></sln:miejscowosc><sln:miejscowosc><sln:cyklZyciaOd>2016-11-27T00:00:00+01:00</sln:cyklZyciaOd><sln:gmIIPId>e1b45281-d6e1-40ce-a457-bfae71283725</sln:gmIIPId><sln:gmIIPPn>PL.PZGIK.200</sln:gmIIPPn><sln:gmIIPWersja>2012-09-26T22:19:59+02:00</sln:gmIIPWersja><sln:gmIdTeryt>2612053</sln:gmIdTeryt><sln:gmNazwa>Połaniec</sln:gmNazwa><sln:miejscIIPId>bde9c1e6-874b-427a-831c-7d509b26ed99</sln:miejscIIPId><sln:miejscIIPPn>PL.PZGIK.200</sln:miejscIIPPn><sln:miejscIIPWersja>2016-11-27T16:48:49+02:00</sln:miejscIIPWersja><sln:miejscIdTeryt>0803696</sln:miejscIdTeryt><sln:miejscNazwa>Zawada</sln:miejscNazwa><sln:miejscRodzaj>Wieś</sln:miejscRodzaj><sln:powIIPId>b1b716f1-de0e-40bd-864d-abdee31f32b5</sln:powIIPId><sln:powIIPPn>PL.PZGIK.200</sln:powIIPPn><sln:powIIPWersja>2012-09-27T09:32:07+02:00</sln:powIIPWersja><sln:powIdTeryt>2612</sln:powIdTeryt><sln:powNazwa>staszowski</sln:powNazwa><sln:wojIIPId>d021c0dd-b22e-4fcd-8444-904c64ec3aa8</sln:wojIIPId><sln:wojIIPPn>PL.PZGIK.200</sln:wojIIPPn><sln:wojIIPWersja>2012-09-27T13:45:13+02:00</sln:wojIIPWersja><sln:wojIdTeryt>26</sln:wojIdTeryt><sln:wojNazwa>świętokrzyskie</sln:wojNazwa></sln:miejscowosc><sln:miejscowosc><sln:cyklZyciaOd>2016-11-27T00:00:00+01:00</sln:cyklZyciaOd><sln:gmIIPId>e1b45281-d6e1-40ce-a457-bfae71283725</sln:gmIIPId><sln:gmIIPPn>PL.PZGIK.200</sln:gmIIPPn><sln:gmIIPWersja>2012-09-26T22:19:59+02:00</sln:gmIIPWersja><sln:gmIdTeryt>2612053</sln:gmIdTeryt><sln:gmNazwa>Połaniec</sln:gmNazwa><sln:miejscIIPId>b09b6486-941c-4c83-ab54-b899a116eae7</sln:miejscIIPId><sln:miejscIIPPn>PL.PZGIK.200</sln:miejscIIPPn><sln:miejscIIPWersja>2016-11-27T16:48:49+02:00</sln:miejscIIPWersja><sln:miejscIdTeryt>0803779</sln:miejscIdTeryt><sln:miejscNazwa>Zdzieci Stare</sln:miejscNazwa><sln:miejscRodzaj>Wieś</sln:miejscRodzaj><sln:powIIPId>b1b716f1-de0e-40bd-864d-abdee31f32b5</sln:powIIPId><sln:powIIPPn>PL.PZGIK.200</sln:powIIPPn><sln:powIIPWersja>2012-09-27T09:32:07+02:00</sln:powIIPWersja><sln:powIdTeryt>2612</sln:powIdTeryt><sln:powNazwa>staszowski</sln:powNazwa><sln:wojIIPId>d021c0dd-b22e-4fcd-8444-904c64ec3aa8</sln:wojIIPId><sln:wojIIPPn>PL.PZGIK.200</sln:wojIIPPn><sln:wojIIPWersja>2012-09-27T13:45:13+02:00</sln:wojIIPWersja><sln:wojIdTeryt>26</sln:wojIdTeryt><sln:wojNazwa>świętokrzyskie</sln:wojNazwa></sln:miejscowosc><sln:miejscowosc><sln:cyklZyciaOd>2016-11-27T00:00:00+01:00</sln:cyklZyciaOd><sln:gmIIPId>e1b45281-d6e1-40ce-a457-bfae71283725</sln:gmIIPId><sln:gmIIPPn>PL.PZGIK.200</sln:gmIIPPn><sln:gmIIPWersja>2012-09-26T22:19:59+02:00</sln:gmIIPWersja><sln:gmIdTeryt>2612053</sln:gmIdTeryt><sln:gmNazwa>Połaniec</sln:gmNazwa><sln:miejscIIPId>2110d9a6-9b9d-45f2-be6e-6e72bb06bd04</sln:miejscIIPId><sln:miejscIIPPn>PL.PZGIK.200</sln:miejscIIPPn><sln:miejscIIPWersja>2016-11-27T16:48:49+02:00</sln:miejscIIPWersja><sln:miejscIdTeryt>0803800</sln:miejscIdTeryt><sln:miejscNazwa>Zrębin</sln:miejscNazwa><sln:miejscRodzaj>Wieś</sln:miejscRodzaj><sln:powIIPId>b1b716f1-de0e-40bd-864d-abdee31f32b5</sln:powIIPId><sln:powIIPPn>PL.PZGIK.200</sln:powIIPPn><sln:powIIPWersja>2012-09-27T09:32:07+02:00</sln:powIIPWersja><sln:powIdTeryt>2612</sln:powIdTeryt><sln:powNazwa>staszowski</sln:powNazwa><sln:wojIIPId>d021c0dd-b22e-4fcd-8444-904c64ec3aa8</sln:wojIIPId><sln:wojIIPPn>PL.PZGIK.200</sln:wojIIPPn><sln:wojIIPWersja>2012-09-27T13:45:13+02:00</sln:wojIIPWersja><sln:wojIdTeryt>26</sln:wojIdTeryt><sln:wojNazwa>świętokrzyskie</sln:wojNazwa></sln:miejscowosc><sln:miejscowosc><sln:cyklZyciaOd>2016-11-27T00:00:00+01:00</sln:cyklZyciaOd><sln:gmIIPId>e1b45281-d6e1-40ce-a457-bfae71283725</sln:gmIIPId><sln:gmIIPPn>PL.PZGIK.200</sln:gmIIPPn><sln:gmIIPWersja>2012-09-26T22:19:59+02:00</sln:gmIIPWersja><sln:gmIdTeryt>2612053</sln:gmIdTeryt><sln:gmNazwa>Połaniec</sln:gmNazwa><sln:miejscIIPId>5058e1a7-4423-4477-9772-8b6e45ae9f94</sln:miejscIIPId><sln:miejscIIPPn>PL.PZGIK.200</sln:miejscIIPPn><sln:miejscIIPWersja>2016-11-27T16:48:50+02:00</sln:miejscIIPWersja><sln:miejscIdTeryt>0803621</sln:miejscIdTeryt><sln:miejscNazwa>Kamieniec</sln:miejscNazwa><sln:miejscRodzaj>Wieś</sln:miejscRodzaj><sln:powIIPId>b1b716f1-de0e-40bd-864d-abdee31f32b5</sln:powIIPId><sln:powIIPPn>PL.PZGIK.200</sln:powIIPPn><sln:powIIPWersja>2012-09-27T09:32:07+02:00</sln:powIIPWersja><sln:powIdTeryt>2612</sln:powIdTeryt><sln:powNazwa>staszowski</sln:powNazwa><sln:wojIIPId>d021c0dd-b22e-4fcd-8444-904c64ec3aa8</sln:wojIIPId><sln:wojIIPPn>PL.PZGIK.200</sln:wojIIPPn><sln:wojIIPWersja>2012-09-27T13:45:13+02:00</sln:wojIIPWersja><sln:wojIdTeryt>26</sln:wojIdTeryt><sln:wojNazwa>świętokrzyskie</sln:wojNazwa></sln:miejscowosc><sln:miejscowosc><sln:cyklZyciaOd>2016-11-27T00:00:00+01:00</sln:cyklZyciaOd><sln:gmIIPId>e1b45281-d6e1-40ce-a457-bfae71283725</sln:gmIIPId><sln:gmIIPPn>PL.PZGIK.200</sln:gmIIPPn><sln:gmIIPWersja>2012-09-26T22:19:59+02:00</sln:gmIIPWersja><sln:gmIdTeryt>2612053</sln:gmIdTeryt><sln:gmNazwa>Połaniec</sln:gmNazwa><sln:miejscIIPId>5124ea6b-f242-4662-8810-ba46ceb3df50</sln:miejscIIPId><sln:miejscIIPPn>PL.PZGIK.200</sln:miejscIIPPn><sln:miejscIIPWersja>2016-11-27T16:48:50+02:00</sln:miejscIIPWersja><sln:miejscIdTeryt>0803650</sln:miejscIdTeryt><sln:miejscNazwa>Kraśnik</sln:miejscNazwa><sln:miejscRodzaj>Wieś</sln:miejscRodzaj><sln:powIIPId>b1b716f1-de0e-40bd-864d-abdee31f32b5</sln:powIIPId><sln:powIIPPn>PL.PZGIK.200</sln:powIIPPn><sln:powIIPWersja>2012-09-27T09:32:07+02:00</sln:powIIPWersja><sln:powIdTeryt>2612</sln:powIdTeryt><sln:powNazwa>staszowski</sln:powNazwa><sln:wojIIPId>d021c0dd-b22e-4fcd-8444-904c64ec3aa8</sln:wojIIPId><sln:wojIIPPn>PL.PZGIK.200</sln:wojIIPPn><sln:wojIIPWersja>2012-09-27T13:45:13+02:00</sln:wojIIPWersja><sln:wojIdTeryt>26</sln:wojIdTeryt><sln:wojNazwa>świętokrzyskie</sln:wojNazwa></sln:miejscowosc><sln:miejscowosc><sln:cyklZyciaOd>2016-11-27T00:00:00+01:00</sln:cyklZyciaOd><sln:gmIIPId>e1b45281-d6e1-40ce-a457-bfae71283725</sln:gmIIPId><sln:gmIIPPn>PL.PZGIK.200</sln:gmIIPPn><sln:gmIIPWersja>2012-09-26T22:19:59+02:00</sln:gmIIPWersja><sln:gmIdTeryt>2612053</sln:gmIdTeryt><sln:gmNazwa>Połaniec</sln:gmNazwa><sln:miejscIIPId>fe226533-0b2a-4a82-ba30-b4fbfd7e99a7</sln:miejscIIPId><sln:miejscIIPPn>PL.PZGIK.200</sln:miejscIIPPn><sln:miejscIIPWersja>2016-11-27T16:48:50+02:00</sln:miejscIIPWersja><sln:miejscIdTeryt>0803667</sln:miejscIdTeryt><sln:miejscNazwa>Luszyca</sln:miejscNazwa><sln:miejscRodzaj>Wieś</sln:miejscRodzaj><sln:powIIPId>b1b716f1-de0e-40bd-864d-abdee31f32b5</sln:powIIPId><sln:powIIPPn>PL.PZGIK.200</sln:powIIPPn><sln:powIIPWersja>2012-09-27T09:32:07+02:00</sln:powIIPWersja><sln:powIdTeryt>2612</sln:powIdTeryt><sln:powNazwa>staszowski</sln:powNazwa><sln:wojIIPId>d021c0dd-b22e-4fcd-8444-904c64ec3aa8</sln:wojIIPId><sln:wojIIPPn>PL.PZGIK.200</sln:wojIIPPn><sln:wojIIPWersja>2012-09-27T13:45:13+02:00</sln:wojIIPWersja><sln:wojIdTeryt>26</sln:wojIdTeryt><sln:wojNazwa>świętokrzyskie</sln:wojNazwa></sln:miejscowosc><sln:miejscowosc><sln:cyklZyciaOd>2016-11-27T00:00:00+01:00</sln:cyklZyciaOd><sln:gmIIPId>e1b45281-d6e1-40ce-a457-bfae71283725</sln:gmIIPId><sln:gmIIPPn>PL.PZGIK.200</sln:gmIIPPn><sln:gmIIPWersja>2012-09-26T22:19:59+02:00</sln:gmIIPWersja><sln:gmIdTeryt>2612053</sln:gmIdTeryt><sln:gmNazwa>Połaniec</sln:gmNazwa><sln:miejscIIPId>326e38c8-1b1d-4789-ae1a-ab5d64f1ff40</sln:miejscIIPId><sln:miejscIIPPn>PL.PZGIK.200</sln:miejscIIPPn><sln:miejscIIPWersja>2016-11-27T16:48:50+02:00</sln:miejscIIPWersja><sln:miejscIdTeryt>0803680</sln:miejscIdTeryt><sln:miejscNazwa>Łęg</sln:miejscNazwa><sln:miejscRodzaj>Wieś</sln:miejscRodzaj><sln:powIIPId>b1b716f1-de0e-40bd-864d-abdee31f32b5</sln:powIIPId><sln:powIIPPn>PL.PZGIK.200</sln:powIIPPn><sln:powIIPWersja>2012-09-27T09:32:07+02:00</sln:powIIPWersja><sln:powIdTeryt>2612</sln:powIdTeryt><sln:powNazwa>staszowski</sln:powNazwa><sln:wojIIPId>d021c0dd-b22e-4fcd-8444-904c64ec3aa8</sln:wojIIPId><sln:wojIIPPn>PL.PZGIK.200</sln:wojIIPPn><sln:wojIIPWersja>2012-09-27T13:45:13+02:00</sln:wojIIPWersja><sln:wojIdTeryt>26</sln:wojIdTeryt><sln:wojNazwa>świętokrzyskie</sln:wojNazwa></sln:miejscowosc><sln:miejscowosc><sln:cyklZyciaOd>2016-11-27T00:00:00+01:00</sln:cyklZyciaOd><sln:gmIIPId>e1b45281-d6e1-40ce-a457-bfae71283725</sln:gmIIPId><sln:gmIIPPn>PL.PZGIK.200</sln:gmIIPPn><sln:gmIIPWersja>2012-09-26T22:19:59+02:00</sln:gmIIPWersja><sln:gmIdTeryt>2612053</sln:gmIdTeryt><sln:gmNazwa>Połaniec</sln:gmNazwa><sln:miejscIIPId>b242fbb0-6a5f-4643-b99f-18d95a6e65a8</sln:miejscIIPId><sln:miejscIIPPn>PL.PZGIK.200</sln:miejscIIPPn><sln:miejscIIPWersja>2016-11-27T16:48:50+02:00</sln:miejscIIPWersja><sln:miejscIdTeryt>0803704</sln:miejscIdTeryt><sln:miejscNazwa>Maśnik</sln:miejscNazwa><sln:miejscRodzaj>Wieś</sln:miejscRodzaj><sln:powIIPId>b1b716f1-de0e-40bd-864d-abdee31f32b5</sln:powIIPId><sln:powIIPPn>PL.PZGIK.200</sln:powIIPPn><sln:powIIPWersja>2012-09-27T09:32:07+02:00</sln:powIIPWersja><sln:powIdTeryt>2612</sln:powIdTeryt><sln:powNazwa>staszowski</sln:powNazwa><sln:wojIIPId>d021c0dd-b22e-4fcd-8444-904c64ec3aa8</sln:wojIIPId><sln:wojIIPPn>PL.PZGIK.200</sln:wojIIPPn><sln:wojIIPWersja>2012-09-27T13:45:13+02:00</sln:wojIIPWersja><sln:wojIdTeryt>26</sln:wojIdTeryt><sln:wojNazwa>świętokrzyskie</sln:wojNazwa></sln:miejscowosc><sln:miejscowosc><sln:cyklZyciaOd>2016-11-27T00:00:00+01:00</sln:cyklZyciaOd><sln:gmIIPId>e1b45281-d6e1-40ce-a457-bfae71283725</sln:gmIIPId><sln:gmIIPPn>PL.PZGIK.200</sln:gmIIPPn><sln:gmIIPWersja>2012-09-26T22:19:59+02:00</sln:gmIIPWersja><sln:gmIdTeryt>2612053</sln:gmIdTeryt><sln:gmNazwa>Połaniec</sln:gmNazwa><sln:miejscIIPId>01f81a39-6cf9-4660-9494-f4bf18bb8273</sln:miejscIIPId><sln:miejscIIPPn>PL.PZGIK.200</sln:miejscIIPPn><sln:miejscIIPWersja>2016-11-27T16:48:50+02:00</sln:miejscIIPWersja><sln:miejscIdTeryt>0803727</sln:miejscIdTeryt><sln:miejscNazwa>Okrągła</sln:miejscNazwa><sln:miejscRodzaj>Wieś</sln:miejscRodzaj><sln:powIIPId>b1b716f1-de0e-40bd-864d-abdee31f32b5</sln:powIIPId><sln:powIIPPn>PL.PZGIK.200</sln:powIIPPn><sln:powIIPWersja>2012-09-27T09:32:07+02:00</sln:powIIPWersja><sln:powIdTeryt>2612</sln:powIdTeryt><sln:powNazwa>staszowski</sln:powNazwa><sln:wojIIPId>d021c0dd-b22e-4fcd-8444-904c64ec3aa8</sln:wojIIPId><sln:wojIIPPn>PL.PZGIK.200</sln:wojIIPPn><sln:wojIIPWersja>2012-09-27T13:45:13+02:00</sln:wojIIPWersja><sln:wojIdTeryt>26</sln:wojIdTeryt><sln:wojNazwa>świętokrzyskie</sln:wojNazwa></sln:miejscowosc><sln:miejscowosc><sln:cyklZyciaOd>2016-11-27T00:00:00+01:00</sln:cyklZyciaOd><sln:gmIIPId>e1b45281-d6e1-40ce-a457-bfae71283725</sln:gmIIPId><sln:gmIIPPn>PL.PZGIK.200</sln:gmIIPPn><sln:gmIIPWersja>2012-09-26T22:19:59+02:00</sln:gmIIPWersja><sln:gmIdTeryt>2612053</sln:gmIdTeryt><sln:gmNazwa>Połaniec</sln:gmNazwa><sln:miejscIIPId>5f6ee135-c182-4e8c-9a8a-deb09afac1ab</sln:miejscIIPId><sln:miejscIIPPn>PL.PZGIK.200</sln:miejscIIPPn><sln:miejscIIPWersja>2016-11-27T16:48:50+02:00</sln:miejscIIPWersja><sln:miejscIdTeryt>0803644</sln:miejscIdTeryt><sln:miejscNazwa>Tursko Małe-Kolonia</sln:miejscNazwa><sln:miejscRodzaj>Kolonia</sln:miejscRodzaj><sln:powIIPId>b1b716f1-de0e-40bd-864d-abdee31f32b5</sln:powIIPId><sln:powIIPPn>PL.PZGIK.200</sln:powIIPPn><sln:powIIPWersja>2012-09-27T09:32:07+02:00</sln:powIIPWersja><sln:powIdTeryt>2612</sln:powIdTeryt><sln:powNazwa>staszowski</sln:powNazwa><sln:wojIIPId>d021c0dd-b22e-4fcd-8444-904c64ec3aa8</sln:wojIIPId><sln:wojIIPPn>PL.PZGIK.200</sln:wojIIPPn><sln:wojIIPWersja>2012-09-27T13:45:13+02:00</sln:wojIIPWersja><sln:wojIdTeryt>26</sln:wojIdTeryt><sln:wojNazwa>świętokrzyskie</sln:wojNazwa></sln:miejscowosc><sln:miejscowosc><sln:cyklZyciaOd>2016-11-27T00:00:00+01:00</sln:cyklZyciaOd><sln:gmIIPId>e1b45281-d6e1-40ce-a457-bfae71283725</sln:gmIIPId><sln:gmIIPPn>PL.PZGIK.200</sln:gmIIPPn><sln:gmIIPWersja>2012-09-26T22:19:59+02:00</sln:gmIIPWersja><sln:gmIdTeryt>2612053</sln:gmIdTeryt><sln:gmNazwa>Połaniec</sln:gmNazwa><sln:miejscIIPId>8e6ec279-f941-4ff2-befb-3d819cb511a4</sln:miejscIIPId><sln:miejscIIPPn>PL.PZGIK.200</sln:miejscIIPPn><sln:miejscIIPWersja>2016-11-27T16:48:50+02:00</sln:miejscIIPWersja><sln:miejscIdTeryt>0803710</sln:miejscIdTeryt><sln:miejscNazwa>Zdzieci Nowe</sln:miejscNazwa><sln:miejscRodzaj>Kolonia</sln:miejscRodzaj><sln:powIIPId>b1b716f1-de0e-40bd-864d-abdee31f32b5</sln:powIIPId><sln:powIIPPn>PL.PZGIK.200</sln:powIIPPn><sln:powIIPWersja>2012-09-27T09:32:07+02:00</sln:powIIPWersja><sln:powIdTeryt>2612</sln:powIdTeryt><sln:powNazwa>staszowski</sln:powNazwa><sln:wojIIPId>d021c0dd-b22e-4fcd-8444-904c64ec3aa8</sln:wojIIPId><sln:wojIIPPn>PL.PZGIK.200</sln:wojIIPPn><sln:wojIIPWersja>2012-09-27T13:45:13+02:00</sln:wojIIPWersja><sln:wojIdTeryt>26</sln:wojIdTeryt><sln:wojNazwa>świętokrzyskie</sln:wojNazwa></sln:miejscowosc><sln:miejscowosc><sln:cyklZyciaOd>2016-11-27T00:00:00+01:00</sln:cyklZyciaOd><sln:gmIIPId>e1b45281-d6e1-40ce-a457-bfae71283725</sln:gmIIPId><sln:gmIIPPn>PL.PZGIK.200</sln:gmIIPPn><sln:gmIIPWersja>2012-09-26T22:19:59+02:00</sln:gmIIPWersja><sln:gmIdTeryt>2612053</sln:gmIdTeryt><sln:gmNazwa>Połaniec</sln:gmNazwa><sln:miejscIIPId>34daf4a6-5d50-49fc-a91a-f46403f85013</sln:miejscIIPId><sln:miejscIIPPn>PL.PZGIK.200</sln:miejscIIPPn><sln:miejscIIPWersja>2016-11-27T16:48:50+02:00</sln:miejscIIPWersja><sln:miejscIdTeryt>0980820</sln:miejscIdTeryt><sln:miejscNIIPId>9384feea-829b-415f-8ba6-c488331da479</sln:miejscNIIPId><sln:miejscNIIPPn>PL.PZGIK.200</sln:miejscNIIPPn><sln:miejscNIIPWersja>2016-11-27T16:48:44+02:00</sln:miejscNIIPWersja><sln:miejscNIdTeryt>0980783</sln:miejscNIdTeryt><sln:miejscNNazwa>Połaniec</sln:miejscNNazwa><sln:miejscNRodzaj>Miasto</sln:miejscNRodzaj><sln:miejscNazwa>Podskale</sln:miejscNazwa><sln:miejscRodzaj>Inny obiekt</sln:miejscRodzaj><sln:powIIPId>b1b716f1-de0e-40bd-864d-abdee31f32b5</sln:powIIPId><sln:powIIPPn>PL.PZGIK.200</sln:powIIPPn><sln:powIIPWersja>2012-09-27T09:32:07+02:00</sln:powIIPWersja><sln:powIdTeryt>2612</sln:powIdTeryt><sln:powNazwa>staszowski</sln:powNazwa><sln:wojIIPId>d021c0dd-b22e-4fcd-8444-904c64ec3aa8</sln:wojIIPId><sln:wojIIPPn>PL.PZGIK.200</sln:wojIIPPn><sln:wojIIPWersja>2012-09-27T13:45:13+02:00</sln:wojIIPWersja><sln:wojIdTeryt>26</sln:wojIdTeryt><sln:wojNazwa>świętokrzyskie</sln:wojNazwa></sln:miejscowosc><sln:miejscowosc><sln:cyklZyciaOd>2016-11-27T00:00:00+01:00</sln:cyklZyciaOd><sln:gmIIPId>e1b45281-d6e1-40ce-a457-bfae71283725</sln:gmIIPId><sln:gmIIPPn>PL.PZGIK.200</sln:gmIIPPn><sln:gmIIPWersja>2012-09-26T22:19:59+02:00</sln:gmIIPWersja><sln:gmIdTeryt>2612053</sln:gmIdTeryt><sln:gmNazwa>Połaniec</sln:gmNazwa><sln:miejscIIPId>7d8cf05d-94e3-4481-a136-1c1a04f840bf</sln:miejscIIPId><sln:miejscIIPPn>PL.PZGIK.200</sln:miejscIIPPn><sln:miejscIIPWersja>2016-11-27T16:48:50+02:00</sln:miejscIIPWersja><sln:miejscIdTeryt>0980814</sln:miejscIdTeryt><sln:miejscNIIPId>9384feea-829b-415f-8ba6-c488331da479</sln:miejscNIIPId><sln:miejscNIIPPn>PL.PZGIK.200</sln:miejscNIIPPn><sln:miejscNIIPWersja>2016-11-27T16:48:44+02:00</sln:miejscNIIPWersja><sln:miejscNIdTeryt>0980783</sln:miejscNIdTeryt><sln:miejscNNazwa>Połaniec</sln:miejscNNazwa><sln:miejscNRodzaj>Miasto</sln:miejscNRodzaj><sln:miejscNazwa>Kolonia Połaniec</sln:miejscNazwa><sln:miejscRodzaj>Inny obiekt</sln:miejscRodzaj><sln:powIIPId>b1b716f1-de0e-40bd-864d-abdee31f32b5</sln:powIIPId><sln:powIIPPn>PL.PZGIK.200</sln:powIIPPn><sln:powIIPWersja>2012-09-27T09:32:07+02:00</sln:powIIPWersja><sln:powIdTeryt>2612</sln:powIdTeryt><sln:powNazwa>staszowski</sln:powNazwa><sln:wojIIPId>d021c0dd-b22e-4fcd-8444-904c64ec3aa8</sln:wojIIPId><sln:wojIIPPn>PL.PZGIK.200</sln:wojIIPPn><sln:wojIIPWersja>2012-09-27T13:45:13+02:00</sln:wojIIPWersja><sln:wojIdTeryt>26</sln:wojIdTeryt><sln:wojNazwa>świętokrzyskie</sln:wojNazwa></sln:miejscowosc><sln:miejscowosc><sln:cyklZyciaOd>2016-11-27T00:00:00+01:00</sln:cyklZyciaOd><sln:gmIIPId>e1b45281-d6e1-40ce-a457-bfae71283725</sln:gmIIPId><sln:gmIIPPn>PL.PZGIK.200</sln:gmIIPPn><sln:gmIIPWersja>2012-09-26T22:19:59+02:00</sln:gmIIPWersja><sln:gmIdTeryt>2612053</sln:gmIdTeryt><sln:gmNazwa>Połaniec</sln:gmNazwa><sln:miejscIIPId>94d59820-2cd2-490a-a083-3d2adfbeb01f</sln:miejscIIPId><sln:miejscIIPPn>PL.PZGIK.200</sln:miejscIIPPn><sln:miejscIIPWersja>2016-11-27T16:48:50+02:00</sln:miejscIIPWersja><sln:miejscIdTeryt>0980837</sln:miejscIdTeryt><sln:miejscNIIPId>9384feea-829b-415f-8ba6-c488331da479</sln:miejscNIIPId><sln:miejscNIIPPn>PL.PZGIK.200</sln:miejscNIIPPn><sln:miejscNIIPWersja>2016-11-27T16:48:44+02:00</sln:miejscNIIPWersja><sln:miejscNIdTeryt>0980783</sln:miejscNIdTeryt><sln:miejscNNazwa>Połaniec</sln:miejscNNazwa><sln:miejscNRodzaj>Miasto</sln:miejscNRodzaj><sln:miejscNazwa>Rychterówka</sln:miejscNazwa><sln:miejscRodzaj>Inny obiekt</sln:miejscRodzaj><sln:powIIPId>b1b716f1-de0e-40bd-864d-abdee31f32b5</sln:powIIPId><sln:powIIPPn>PL.PZGIK.200</sln:powIIPPn><sln:powIIPWersja>2012-09-27T09:32:07+02:00</sln:powIIPWersja><sln:powIdTeryt>2612</sln:powIdTeryt><sln:powNazwa>staszowski</sln:powNazwa><sln:wojIIPId>d021c0dd-b22e-4fcd-8444-904c64ec3aa8</sln:wojIIPId><sln:wojIIPPn>PL.PZGIK.200</sln:wojIIPPn><sln:wojIIPWersja>2012-09-27T13:45:13+02:00</sln:wojIIPWersja><sln:wojIdTeryt>26</sln:wojIdTeryt><sln:wojNazwa>świętokrzyskie</sln:wojNazwa></sln:miejscowosc><sln:miejscowosc><sln:cyklZyciaOd>2016-11-27T00:00:00+01:00</sln:cyklZyciaOd><sln:gmIIPId>e1b45281-d6e1-40ce-a457-bfae71283725</sln:gmIIPId><sln:gmIIPPn>PL.PZGIK.200</sln:gmIIPPn><sln:gmIIPWersja>2012-09-26T22:19:59+02:00</sln:gmIIPWersja><sln:gmIdTeryt>2612053</sln:gmIdTeryt><sln:gmNazwa>Połaniec</sln:gmNazwa><sln:miejscIIPId>0bc5ac1e-c57d-4109-8c3b-4e6564dc3935</sln:miejscIIPId><sln:miejscIIPPn>PL.PZGIK.200</sln:miejscIIPPn><sln:miejscIIPWersja>2016-11-27T16:48:50+02:00</sln:miejscIIPWersja><sln:miejscIdTeryt>0980843</sln:miejscIdTeryt><sln:miejscNIIPId>9384feea-829b-415f-8ba6-c488331da479</sln:miejscNIIPId><sln:miejscNIIPPn>PL.PZGIK.200</sln:miejscNIIPPn><sln:miejscNIIPWersja>2016-11-27T16:48:44+02:00</sln:miejscNIIPWersja><sln:miejscNIdTeryt>0980783</sln:miejscNIdTeryt><sln:miejscNNazwa>Połaniec</sln:miejscNNazwa><sln:miejscNRodzaj>Miasto</sln:miejscNRodzaj><sln:miejscNazwa>Żapniów</sln:miejscNazwa><sln:miejscRodzaj>Inny obiekt</sln:miejscRodzaj><sln:powIIPId>b1b716f1-de0e-40bd-864d-abdee31f32b5</sln:powIIPId><sln:powIIPPn>PL.PZGIK.200</sln:powIIPPn><sln:powIIPWersja>2012-09-27T09:32:07+02:00</sln:powIIPWersja><sln:powIdTeryt>2612</sln:powIdTeryt><sln:powNazwa>staszowski</sln:powNazwa><sln:wojIIPId>d021c0dd-b22e-4fcd-8444-904c64ec3aa8</sln:wojIIPId><sln:wojIIPPn>PL.PZGIK.200</sln:wojIIPPn><sln:wojIIPWersja>2012-09-27T13:45:13+02:00</sln:wojIIPWersja><sln:wojIdTeryt>26</sln:wojIdTeryt><sln:wojNazwa>świętokrzyskie</sln:wojNazwa></sln:miejscowosc><sln:miejscowosc><sln:cyklZyciaOd>2016-11-27T00:00:00+01:00</sln:cyklZyciaOd><sln:gmIIPId>e1b45281-d6e1-40ce-a457-bfae71283725</sln:gmIIPId><sln:gmIIPPn>PL.PZGIK.200</sln:gmIIPPn><sln:gmIIPWersja>2012-09-26T22:19:59+02:00</sln:gmIIPWersja><sln:gmIdTeryt>2612053</sln:gmIdTeryt><sln:gmNazwa>Połaniec</sln:gmNazwa><sln:miejscIIPId>3e1b4edc-1986-46be-9662-ef3a66edd897</sln:miejscIIPId><sln:miejscIIPPn>PL.PZGIK.200</sln:miejscIIPPn><sln:miejscIIPWersja>2016-11-27T16:48:50+02:00</sln:miejscIIPWersja><sln:miejscIdTeryt>0980808</sln:miejscIdTeryt><sln:miejscNIIPId>9384feea-829b-415f-8ba6-c488331da479</sln:miejscNIIPId><sln:miejscNIIPPn>PL.PZGIK.200</sln:miejscNIIPPn><sln:miejscNIIPWersja>2016-11-27T16:48:44+02:00</sln:miejscNIIPWersja><sln:miejscNIdTeryt>0980783</sln:miejscNIdTeryt><sln:miejscNNazwa>Połaniec</sln:miejscNNazwa><sln:miejscNRodzaj>Miasto</sln:miejscNRodzaj><sln:miejscNazwa>Daszyn</sln:miejscNazwa><sln:miejscRodzaj>Inny obiekt</sln:miejscRodzaj><sln:powIIPId>b1b716f1-de0e-40bd-864d-abdee31f32b5</sln:powIIPId><sln:powIIPPn>PL.PZGIK.200</sln:powIIPPn><sln:powIIPWersja>2012-09-27T09:32:07+02:00</sln:powIIPWersja><sln:powIdTeryt>2612</sln:powIdTeryt><sln:powNazwa>staszowski</sln:powNazwa><sln:wojIIPId>d021c0dd-b22e-4fcd-8444-904c64ec3aa8</sln:wojIIPId><sln:wojIIPPn>PL.PZGIK.200</sln:wojIIPPn><sln:wojIIPWersja>2012-09-27T13:45:13+02:00</sln:wojIIPWersja><sln:wojIdTeryt>26</sln:wojIdTeryt><sln:wojNazwa>świętokrzyskie</sln:wojNazwa></sln:miejscowosc><sln:miejscowosc><sln:cyklZyciaOd>2016-11-27T00:00:00+01:00</sln:cyklZyciaOd><sln:gmIIPId>e1b45281-d6e1-40ce-a457-bfae71283725</sln:gmIIPId><sln:gmIIPPn>PL.PZGIK.200</sln:gmIIPPn><sln:gmIIPWersja>2012-09-26T22:19:59+02:00</sln:gmIIPWersja><sln:gmIdTeryt>2612053</sln:gmIdTeryt><sln:gmNazwa>Połaniec</sln:gmNazwa><sln:miejscIIPId>522bc1f2-efd3-4b62-9fd0-8a598d84290b</sln:miejscIIPId><sln:miejscIIPPn>PL.PZGIK.200</sln:miejscIIPPn><sln:miejscIIPWersja>2016-11-27T16:48:51+02:00</sln:miejscIIPWersja><sln:miejscIdTeryt>0980790</sln:miejscIdTeryt><sln:miejscNIIPId>9384feea-829b-415f-8ba6-c488331da479</sln:miejscNIIPId><sln:miejscNIIPPn>PL.PZGIK.200</sln:miejscNIIPPn><sln:miejscNIIPWersja>2016-11-27T16:48:44+02:00</sln:miejscNIIPWersja><sln:miejscNIdTeryt>0980783</sln:miejscNIdTeryt><sln:miejscNNazwa>Połaniec</sln:miejscNNazwa><sln:miejscNRodzaj>Miasto</sln:miejscNRodzaj><sln:miejscNazwa>Barszczówka</sln:miejscNazwa><sln:miejscRodzaj>Inny obiekt</sln:miejscRodzaj><sln:powIIPId>b1b716f1-de0e-40bd-864d-abdee31f32b5</sln:powIIPId><sln:powIIPPn>PL.PZGIK.200</sln:powIIPPn><sln:powIIPWersja>2012-09-27T09:32:07+02:00</sln:powIIPWersja><sln:powIdTeryt>2612</sln:powIdTeryt><sln:powNazwa>staszowski</sln:powNazwa><sln:wojIIPId>d021c0dd-b22e-4fcd-8444-904c64ec3aa8</sln:wojIIPId><sln:wojIIPPn>PL.PZGIK.200</sln:wojIIPPn><sln:wojIIPWersja>2012-09-27T13:45:13+02:00</sln:wojIIPWersja><sln:wojIdTeryt>26</sln:wojIdTeryt><sln:wojNazwa>świętokrzyskie</sln:wojNazwa></sln:miejscowosc><sln:miejscowosc><sln:cyklZyciaOd>2016-11-27T00:00:00+01:00</sln:cyklZyciaOd><sln:gmIIPId>e1b45281-d6e1-40ce-a457-bfae71283725</sln:gmIIPId><sln:gmIIPPn>PL.PZGIK.200</sln:gmIIPPn><sln:gmIIPWersja>2012-09-26T22:19:59+02:00</sln:gmIIPWersja><sln:gmIdTeryt>2612053</sln:gmIdTeryt><sln:gmNazwa>Połaniec</sln:gmNazwa><sln:miejscIIPId>af8be702-77af-4058-ad5f-b22ae6ae62ee</sln:miejscIIPId><sln:miejscIIPPn>PL.PZGIK.200</sln:miejscIIPPn><sln:miejscIIPWersja>2016-11-27T16:48:51+02:00</sln:miejscIIPWersja><sln:miejscIdTeryt>1019355</sln:miejscIdTeryt><sln:miejscNIIPId>b09b6486-941c-4c83-ab54-b899a116eae7</sln:miejscNIIPId><sln:miejscNIIPPn>PL.PZGIK.200</sln:miejscNIIPPn><sln:miejscNIIPWersja>2016-11-27T16:48:49+02:00</sln:miejscNIIPWersja><sln:miejscNIdTeryt>0803779</sln:miejscNIdTeryt><sln:miejscNNazwa>Zdzieci Stare</sln:miejscNNazwa><sln:miejscNRodzaj>Wieś</sln:miejscNRodzaj><sln:miejscNazwa>Kolonia</sln:miejscNazwa><sln:miejscRodzaj>Inny obiekt</sln:miejscRodzaj><sln:powIIPId>b1b716f1-de0e-40bd-864d-abdee31f32b5</sln:powIIPId><sln:powIIPPn>PL.PZGIK.200</sln:powIIPPn><sln:powIIPWersja>2012-09-27T09:32:07+02:00</sln:powIIPWersja><sln:powIdTeryt>2612</sln:powIdTeryt><sln:powNazwa>staszowski</sln:powNazwa><sln:wojIIPId>d021c0dd-b22e-4fcd-8444-904c64ec3aa8</sln:wojIIPId><sln:wojIIPPn>PL.PZGIK.200</sln:wojIIPPn><sln:wojIIPWersja>2012-09-27T13:45:13+02:00</sln:wojIIPWersja><sln:wojIdTeryt>26</sln:wojIdTeryt><sln:wojNazwa>świętokrzyskie</sln:wojNazwa></sln:miejscowosc><sln:miejscowosc><sln:cyklZyciaOd>2016-11-27T00:00:00+01:00</sln:cyklZyciaOd><sln:gmIIPId>e1b45281-d6e1-40ce-a457-bfae71283725</sln:gmIIPId><sln:gmIIPPn>PL.PZGIK.200</sln:gmIIPPn><sln:gmIIPWersja>2012-09-26T22:19:59+02:00</sln:gmIIPWersja><sln:gmIdTeryt>2612053</sln:gmIdTeryt><sln:gmNazwa>Połaniec</sln:gmNazwa><sln:miejscIIPId>e2dddb58-a8f4-4f94-adab-8dfbc165c593</sln:miejscIIPId><sln:miejscIIPPn>PL.PZGIK.200</sln:miejscIIPPn><sln:miejscIIPWersja>2016-11-27T16:48:51+02:00</sln:miejscIIPWersja><sln:miejscIdTeryt>0803638</sln:miejscIdTeryt><sln:miejscNIIPId>2110d9a6-9b9d-45f2-be6e-6e72bb06bd04</sln:miejscNIIPId><sln:miejscNIIPPn>PL.PZGIK.200</sln:miejscNIIPPn><sln:miejscNIIPWersja>2016-11-27T16:48:49+02:00</sln:miejscNIIPWersja><sln:miejscNIdTeryt>0803800</sln:miejscNIdTeryt><sln:miejscNNazwa>Zrębin</sln:miejscNNazwa><sln:miejscNRodzaj>Wieś</sln:miejscNRodzaj><sln:miejscNazwa>Stawy-Sieragi</sln:miejscNazwa><sln:miejscRodzaj>Osada</sln:miejscRodzaj><sln:powIIPId>b1b716f1-de0e-40bd-864d-abdee31f32b5</sln:powIIPId><sln:powIIPPn>PL.PZGIK.200</sln:powIIPPn><sln:powIIPWersja>2012-09-27T09:32:07+02:00</sln:powIIPWersja><sln:powIdTeryt>2612</sln:powIdTeryt><sln:powNazwa>staszowski</sln:powNazwa><sln:wojIIPId>d021c0dd-b22e-4fcd-8444-904c64ec3aa8</sln:wojIIPId><sln:wojIIPPn>PL.PZGIK.200</sln:wojIIPPn><sln:wojIIPWersja>2012-09-27T13:45:13+02:00</sln:wojIIPWersja><sln:wojIdTeryt>26</sln:wojIdTeryt><sln:wojNazwa>świętokrzyskie</sln:wojNazwa></sln:miejscowosc><sln:miejscowosc><sln:cyklZyciaOd>2016-11-27T00:00:00+01:00</sln:cyklZyciaOd><sln:gmIIPId>e1b45281-d6e1-40ce-a457-bfae71283725</sln:gmIIPId><sln:gmIIPPn>PL.PZGIK.200</sln:gmIIPPn><sln:gmIIPWersja>2012-09-26T22:19:59+02:00</sln:gmIIPWersja><sln:gmIdTeryt>2612053</sln:gmIdTeryt><sln:gmNazwa>Połaniec</sln:gmNazwa><sln:miejscIIPId>35acb8d9-3de0-44d4-888f-a31641c4f382</sln:miejscIIPId><sln:miejscIIPPn>PL.PZGIK.200</sln:miejscIIPPn><sln:miejscIIPWersja>2016-11-27T16:48:51+02:00</sln:miejscIIPWersja><sln:miejscIdTeryt>0803673</sln:miejscIdTeryt><sln:miejscNIIPId>fe226533-0b2a-4a82-ba30-b4fbfd7e99a7</sln:miejscNIIPId><sln:miejscNIIPPn>PL.PZGIK.200</sln:miejscNIIPPn><sln:miejscNIIPWersja>2016-11-27T16:48:50+02:00</sln:miejscNIIPWersja><sln:miejscNIdTeryt>0803667</sln:miejscNIdTeryt><sln:miejscNNazwa>Luszyca</sln:miejscNNazwa><sln:miejscNRodzaj>Wieś</sln:miejscNRodzaj><sln:miejscNazwa>Pióry</sln:miejscNazwa><sln:miejscRodzaj>Wieś</sln:miejscRodzaj><sln:powIIPId>b1b716f1-de0e-40bd-864d-abdee31f32b5</sln:powIIPId><sln:powIIPPn>PL.PZGIK.200</sln:powIIPPn><sln:powIIPWersja>2012-09-27T09:32:07+02:00</sln:powIIPWersja><sln:powIdTeryt>2612</sln:powIdTeryt><sln:powNazwa>staszowski</sln:powNazwa><sln:wojIIPId>d021c0dd-b22e-4fcd-8444-904c64ec3aa8</sln:wojIIPId><sln:wojIIPPn>PL.PZGIK.200</sln:wojIIPPn><sln:wojIIPWersja>2012-09-27T13:45:13+02:00</sln:wojIIPWersja><sln:wojIdTeryt>26</sln:wojIdTeryt><sln:wojNazwa>świętokrzyskie</sln:wojNazwa></sln:miejscowosc><sln:miejscowosc><sln:cyklZyciaOd>2017-03-31T00:00:00+02:00</sln:cyklZyciaOd><sln:gmIIPId>e1b45281-d6e1-40ce-a457-bfae71283725</sln:gmIIPId><sln:gmIIPPn>PL.PZGIK.200</sln:gmIIPPn><sln:gmIIPWersja>2012-09-26T22:19:59+02:00</sln:gmIIPWersja><sln:gmIdTeryt>2612053</sln:gmIdTeryt><sln:gmNazwa>Połaniec</sln:gmNazwa><sln:miejscIIPId>32ebe193-a1dd-4981-874f-53f69c726ad8</sln:miejscIIPId><sln:miejscIIPPn>PL.PZGIK.200</sln:miejscIIPPn><sln:miejscIIPWersja>2017-03-31T03:27:00+02:00</sln:miejscIIPWersja><sln:miejscIdTeryt>1067130</sln:miejscIdTeryt><sln:miejscNazwa>Ruszcza-Kępa</sln:miejscNazwa><sln:miejscRodzaj>Wieś</sln:miejscRodzaj><sln:powIIPId>b1b716f1-de0e-40bd-864d-abdee31f32b5</sln:powIIPId><sln:powIIPPn>PL.PZGIK.200</sln:powIIPPn><sln:powIIPWersja>2012-09-27T09:32:07+02:00</sln:powIIPWersja><sln:powIdTeryt>2612</sln:powIdTeryt><sln:powNazwa>staszowski</sln:powNazwa><sln:waznyOd>2016-01-01T00:00:00+01:00</sln:waznyOd><sln:wojIIPId>d021c0dd-b22e-4fcd-8444-904c64ec3aa8</sln:wojIIPId><sln:wojIIPPn>PL.PZGIK.200</sln:wojIIPPn><sln:wojIIPWersja>2012-09-27T13:45:13+02:00</sln:wojIIPWersja><sln:wojIdTeryt>26</sln:wojIdTeryt><sln:wojNazwa>świętokrzyskie</sln:wojNazwa></sln:miejscowosc><sln:miejscowosc><sln:cyklZyciaDo>2017-05-31T00:00:00+02:00</sln:cyklZyciaDo><sln:cyklZyciaOd>2017-05-30T00:00:00+02:00</sln:cyklZyciaOd><sln:gmIIPId>e1b45281-d6e1-40ce-a457-bfae71283725</sln:gmIIPId><sln:gmIIPPn>PL.PZGIK.200</sln:gmIIPPn><sln:gmIIPWersja>2012-09-26T22:19:59+02:00</sln:gmIIPWersja><sln:gmIdTeryt>2612053</sln:gmIdTeryt><sln:gmNazwa>Połaniec</sln:gmNazwa><sln:miejscIIPId>2f5b5ea3-72ee-4c11-b4b2-cce3b2267c5b</sln:miejscIIPId><sln:miejscIIPPn>PL.PZGIK.200</sln:miejscIIPPn><sln:miejscIIPWersja>2017-05-30T03:11:51+02:00</sln:miejscIIPWersja><sln:miejscIdTeryt>0803740</sln:miejscIdTeryt><sln:miejscNazwa>Wymysłów</sln:miejscNazwa><sln:miejscRodzaj>Wieś</sln:miejscRodzaj><sln:powIIPId>b1b716f1-de0e-40bd-864d-abdee31f32b5</sln:powIIPId><sln:powIIPPn>PL.PZGIK.200</sln:powIIPPn><sln:powIIPWersja>2012-09-27T09:32:07+02:00</sln:powIIPWersja><sln:powIdTeryt>2612</sln:powIdTeryt><sln:powNazwa>staszowski</sln:powNazwa><sln:wojIIPId>d021c0dd-b22e-4fcd-8444-904c64ec3aa8</sln:wojIIPId><sln:wojIIPPn>PL.PZGIK.200</sln:wojIIPPn><sln:wojIIPWersja>2012-09-27T13:45:13+02:00</sln:wojIIPWersja><sln:wojIdTeryt>26</sln:wojIdTeryt><sln:wojNazwa>świętokrzyskie</sln:wojNazwa></sln:miejscowosc><sln:miejscowosc><sln:cyklZyciaOd>2017-05-31T00:00:00+02:00</sln:cyklZyciaOd><sln:gmIIPId>e1b45281-d6e1-40ce-a457-bfae71283725</sln:gmIIPId><sln:gmIIPPn>PL.PZGIK.200</sln:gmIIPPn><sln:gmIIPWersja>2012-09-26T22:19:59+02:00</sln:gmIIPWersja><sln:gmIdTeryt>2612053</sln:gmIdTeryt><sln:gmNazwa>Połaniec</sln:gmNazwa><sln:miejscIIPId>db188f37-1031-499c-bcfc-8d342681a3be</sln:miejscIIPId><sln:miejscIIPPn>PL.PZGIK.200</sln:miejscIIPPn><sln:miejscIIPWersja>2017-05-31T03:13:36+02:00</sln:miejscIIPWersja><sln:miejscIdTeryt>0803733</sln:miejscIdTeryt><sln:miejscNazwa>Rudniki</sln:miejscNazwa><sln:miejscRodzaj>Wieś</sln:miejscRodzaj><sln:powIIPId>b1b716f1-de0e-40bd-864d-abdee31f32b5</sln:powIIPId><sln:powIIPPn>PL.PZGIK.200</sln:powIIPPn><sln:powIIPWersja>2012-09-27T09:32:07+02:00</sln:powIIPWersja><sln:powIdTeryt>2612</sln:powIdTeryt><sln:powNazwa>staszowski</sln:powNazwa><sln:wojIIPId>d021c0dd-b22e-4fcd-8444-904c64ec3aa8</sln:wojIIPId><sln:wojIIPPn>PL.PZGIK.200</sln:wojIIPPn><sln:wojIIPWersja>2012-09-27T13:45:13+02:00</sln:wojIIPWersja><sln:wojIdTeryt>26</sln:wojIdTeryt><sln:wojNazwa>świętokrzyskie</sln:wojNazwa></sln:miejscowosc><sln:miejscowosc><sln:cyklZyciaOd>2017-05-31T00:00:00+02:00</sln:cyklZyciaOd><sln:gmIIPId>e1b45281-d6e1-40ce-a457-bfae71283725</sln:gmIIPId><sln:gmIIPPn>PL.PZGIK.200</sln:gmIIPPn><sln:gmIIPWersja>2012-09-26T22:19:59+02:00</sln:gmIIPWersja><sln:gmIdTeryt>2612053</sln:gmIdTeryt><sln:gmNazwa>Połaniec</sln:gmNazwa><sln:miejscIIPId>2f5b5ea3-72ee-4c11-b4b2-cce3b2267c5b</sln:miejscIIPId><sln:miejscIIPPn>PL.PZGIK.200</sln:miejscIIPPn><sln:miejscIIPWersja>2017-05-31T03:13:39+02:00</sln:miejscIIPWersja><sln:miejscIdTeryt>0803740</sln:miejscIdTeryt><sln:miejscNazwa>Wymysłów</sln:miejscNazwa><sln:miejscRodzaj>Wieś</sln:miejscRodzaj><sln:powIIPId>b1b716f1-de0e-40bd-864d-abdee31f32b5</sln:powIIPId><sln:powIIPPn>PL.PZGIK.200</sln:powIIPPn><sln:powIIPWersja>2012-09-27T09:32:07+02:00</sln:powIIPWersja><sln:powIdTeryt>2612</sln:powIdTeryt><sln:powNazwa>staszowski</sln:powNazwa><sln:wojIIPId>d021c0dd-b22e-4fcd-8444-904c64ec3aa8</sln:wojIIPId><sln:wojIIPPn>PL.PZGIK.200</sln:wojIIPPn><sln:wojIIPWersja>2012-09-27T13:45:13+02:00</sln:wojIIPWersja><sln:wojIdTeryt>26</sln:wojIdTeryt><sln:wojNazwa>świętokrzyskie</sln:wojNazwa></sln:miejscowosc></sln:lista-miejscowosci>