<?xml version="1.0" encoding="UTF-8" standalone="yes"?><sln:lista-miejscowosci xmlns:srv="http://gugik.gov.pl/schemas/slowniki-service/1.0" xmlns:sln="http://gugik.gov.pl/schemas/slowniki-schema/1.0"><sln:miejscowosc><sln:cyklZyciaDo>2017-03-17T00:00:00+01:00</sln:cyklZyciaDo><sln:cyklZyciaOd>2016-01-11T00:00:00+01:00</sln:cyklZyciaOd><sln:gmIIPId>2333bd31-0c5e-47a6-b48a-b51f26887b3c</sln:gmIIPId><sln:gmIIPPn>PL.PZGIK.200</sln:gmIIPPn><sln:gmIIPWersja>2012-09-26T22:19:46+02:00</sln:gmIIPWersja><sln:gmIdTeryt>2610022</sln:gmIdTeryt><sln:gmNazwa>Bliżyn</sln:gmNazwa><sln:miejscIIPId>d5002f1f-d9f3-4f4a-bad7-174e5698a995</sln:miejscIIPId><sln:miejscIIPPn>PL.PZGIK.200</sln:miejscIIPPn><sln:miejscIIPWersja>2016-11-24T09:47:42+02:00</sln:miejscIIPWersja><sln:miejscIdTeryt>0228192</sln:miejscIdTeryt><sln:miejscNazwa>Bliżyn</sln:miejscNazwa><sln:miejscRodzaj>Wieś</sln:miejscRodzaj><sln:powIIPId>2e081013-33e6-408d-be60-cb22c1564176</sln:powIIPId><sln:powIIPPn>PL.PZGIK.200</sln:powIIPPn><sln:powIIPWersja>2012-09-27T09:32:07+02:00</sln:powIIPWersja><sln:powIdTeryt>2610</sln:powIdTeryt><sln:powNazwa>skarżyski</sln:powNazwa><sln:waznyOd>2015-08-05T00:00:00+02:00</sln:waznyOd><sln:wojIIPId>d021c0dd-b22e-4fcd-8444-904c64ec3aa8</sln:wojIIPId><sln:wojIIPPn>PL.PZGIK.200</sln:wojIIPPn><sln:wojIIPWersja>2012-09-27T13:45:13+02:00</sln:wojIIPWersja><sln:wojIdTeryt>26</sln:wojIdTeryt><sln:wojNazwa>świętokrzyskie</sln:wojNazwa></sln:miejscowosc><sln:miejscowosc><sln:cyklZyciaDo>2017-03-17T00:00:00+01:00</sln:cyklZyciaDo><sln:cyklZyciaOd>2016-01-11T00:00:00+01:00</sln:cyklZyciaOd><sln:gmIIPId>2333bd31-0c5e-47a6-b48a-b51f26887b3c</sln:gmIIPId><sln:gmIIPPn>PL.PZGIK.200</sln:gmIIPPn><sln:gmIIPWersja>2012-09-26T22:19:46+02:00</sln:gmIIPWersja><sln:gmIdTeryt>2610022</sln:gmIdTeryt><sln:gmNazwa>Bliżyn</sln:gmNazwa><sln:miejscIIPId>25fe94ff-26ed-49e8-9342-a919ea442df4</sln:miejscIIPId><sln:miejscIIPPn>PL.PZGIK.200</sln:miejscIIPPn><sln:miejscIIPWersja>2016-11-24T09:47:42+02:00</sln:miejscIIPWersja><sln:miejscIdTeryt>0228275</sln:miejscIdTeryt><sln:miejscNazwa>Brzeście</sln:miejscNazwa><sln:miejscRodzaj>Wieś</sln:miejscRodzaj><sln:powIIPId>2e081013-33e6-408d-be60-cb22c1564176</sln:powIIPId><sln:powIIPPn>PL.PZGIK.200</sln:powIIPPn><sln:powIIPWersja>2012-09-27T09:32:07+02:00</sln:powIIPWersja><sln:powIdTeryt>2610</sln:powIdTeryt><sln:powNazwa>skarżyski</sln:powNazwa><sln:waznyOd>2015-08-05T00:00:00+02:00</sln:waznyOd><sln:wojIIPId>d021c0dd-b22e-4fcd-8444-904c64ec3aa8</sln:wojIIPId><sln:wojIIPPn>PL.PZGIK.200</sln:wojIIPPn><sln:wojIIPWersja>2012-09-27T13:45:13+02:00</sln:wojIIPWersja><sln:wojIdTeryt>26</sln:wojIdTeryt><sln:wojNazwa>świętokrzyskie</sln:wojNazwa></sln:miejscowosc><sln:miejscowosc><sln:cyklZyciaDo>2017-03-17T00:00:00+01:00</sln:cyklZyciaDo><sln:cyklZyciaOd>2016-01-11T00:00:00+01:00</sln:cyklZyciaOd><sln:gmIIPId>2333bd31-0c5e-47a6-b48a-b51f26887b3c</sln:gmIIPId><sln:gmIIPPn>PL.PZGIK.200</sln:gmIIPPn><sln:gmIIPWersja>2012-09-26T22:19:46+02:00</sln:gmIIPWersja><sln:gmIdTeryt>2610022</sln:gmIdTeryt><sln:gmNazwa>Bliżyn</sln:gmNazwa><sln:miejscIIPId>fd9824d8-668f-44c5-a36a-e90f20c5aacf</sln:miejscIIPId><sln:miejscIIPPn>PL.PZGIK.200</sln:miejscIIPPn><sln:miejscIIPWersja>2016-11-24T09:47:43+02:00</sln:miejscIIPWersja><sln:miejscIdTeryt>0228341</sln:miejscIdTeryt><sln:miejscNazwa>Bugaj</sln:miejscNazwa><sln:miejscRodzaj>Wieś</sln:miejscRodzaj><sln:powIIPId>2e081013-33e6-408d-be60-cb22c1564176</sln:powIIPId><sln:powIIPPn>PL.PZGIK.200</sln:powIIPPn><sln:powIIPWersja>2012-09-27T09:32:07+02:00</sln:powIIPWersja><sln:powIdTeryt>2610</sln:powIdTeryt><sln:powNazwa>skarżyski</sln:powNazwa><sln:waznyOd>2015-08-05T00:00:00+02:00</sln:waznyOd><sln:wojIIPId>d021c0dd-b22e-4fcd-8444-904c64ec3aa8</sln:wojIIPId><sln:wojIIPPn>PL.PZGIK.200</sln:wojIIPPn><sln:wojIIPWersja>2012-09-27T13:45:13+02:00</sln:wojIIPWersja><sln:wojIdTeryt>26</sln:wojIdTeryt><sln:wojNazwa>świętokrzyskie</sln:wojNazwa></sln:miejscowosc><sln:miejscowosc><sln:cyklZyciaDo>2017-03-17T00:00:00+01:00</sln:cyklZyciaDo><sln:cyklZyciaOd>2016-01-11T00:00:00+01:00</sln:cyklZyciaOd><sln:gmIIPId>2333bd31-0c5e-47a6-b48a-b51f26887b3c</sln:gmIIPId><sln:gmIIPPn>PL.PZGIK.200</sln:gmIIPPn><sln:gmIIPWersja>2012-09-26T22:19:46+02:00</sln:gmIIPWersja><sln:gmIdTeryt>2610022</sln:gmIdTeryt><sln:gmNazwa>Bliżyn</sln:gmNazwa><sln:miejscIIPId>843c5727-b598-47a7-8ae7-993758e4c6c0</sln:miejscIIPId><sln:miejscIIPPn>PL.PZGIK.200</sln:miejscIIPPn><sln:miejscIIPWersja>2016-11-24T09:47:43+02:00</sln:miejscIIPWersja><sln:miejscIdTeryt>0228370</sln:miejscIdTeryt><sln:miejscNazwa>Drożdżów</sln:miejscNazwa><sln:miejscRodzaj>Wieś</sln:miejscRodzaj><sln:powIIPId>2e081013-33e6-408d-be60-cb22c1564176</sln:powIIPId><sln:powIIPPn>PL.PZGIK.200</sln:powIIPPn><sln:powIIPWersja>2012-09-27T09:32:07+02:00</sln:powIIPWersja><sln:powIdTeryt>2610</sln:powIdTeryt><sln:powNazwa>skarżyski</sln:powNazwa><sln:waznyOd>2015-08-05T00:00:00+02:00</sln:waznyOd><sln:wojIIPId>d021c0dd-b22e-4fcd-8444-904c64ec3aa8</sln:wojIIPId><sln:wojIIPPn>PL.PZGIK.200</sln:wojIIPPn><sln:wojIIPWersja>2012-09-27T13:45:13+02:00</sln:wojIIPWersja><sln:wojIdTeryt>26</sln:wojIdTeryt><sln:wojNazwa>świętokrzyskie</sln:wojNazwa></sln:miejscowosc><sln:miejscowosc><sln:cyklZyciaDo>2017-03-17T00:00:00+01:00</sln:cyklZyciaDo><sln:cyklZyciaOd>2016-01-11T00:00:00+01:00</sln:cyklZyciaOd><sln:gmIIPId>2333bd31-0c5e-47a6-b48a-b51f26887b3c</sln:gmIIPId><sln:gmIIPPn>PL.PZGIK.200</sln:gmIIPPn><sln:gmIIPWersja>2012-09-26T22:19:46+02:00</sln:gmIIPWersja><sln:gmIdTeryt>2610022</sln:gmIdTeryt><sln:gmNazwa>Bliżyn</sln:gmNazwa><sln:miejscIIPId>eaefab34-cd31-4a12-8591-f03d2431643d</sln:miejscIIPId><sln:miejscIIPPn>PL.PZGIK.200</sln:miejscIIPPn><sln:miejscIIPWersja>2016-11-24T09:47:43+02:00</sln:miejscIIPWersja><sln:miejscIdTeryt>0228424</sln:miejscIdTeryt><sln:miejscNazwa>Gilów</sln:miejscNazwa><sln:miejscRodzaj>Wieś</sln:miejscRodzaj><sln:powIIPId>2e081013-33e6-408d-be60-cb22c1564176</sln:powIIPId><sln:powIIPPn>PL.PZGIK.200</sln:powIIPPn><sln:powIIPWersja>2012-09-27T09:32:07+02:00</sln:powIIPWersja><sln:powIdTeryt>2610</sln:powIdTeryt><sln:powNazwa>skarżyski</sln:powNazwa><sln:waznyOd>2015-08-05T00:00:00+02:00</sln:waznyOd><sln:wojIIPId>d021c0dd-b22e-4fcd-8444-904c64ec3aa8</sln:wojIIPId><sln:wojIIPPn>PL.PZGIK.200</sln:wojIIPPn><sln:wojIIPWersja>2012-09-27T13:45:13+02:00</sln:wojIIPWersja><sln:wojIdTeryt>26</sln:wojIdTeryt><sln:wojNazwa>świętokrzyskie</sln:wojNazwa></sln:miejscowosc><sln:miejscowosc><sln:cyklZyciaDo>2017-03-17T00:00:00+01:00</sln:cyklZyciaDo><sln:cyklZyciaOd>2016-01-11T00:00:00+01:00</sln:cyklZyciaOd><sln:gmIIPId>2333bd31-0c5e-47a6-b48a-b51f26887b3c</sln:gmIIPId><sln:gmIIPPn>PL.PZGIK.200</sln:gmIIPPn><sln:gmIIPWersja>2012-09-26T22:19:46+02:00</sln:gmIIPWersja><sln:gmIdTeryt>2610022</sln:gmIdTeryt><sln:gmNazwa>Bliżyn</sln:gmNazwa><sln:miejscIIPId>e5257609-f9a1-478b-8aef-830a49039535</sln:miejscIIPId><sln:miejscIIPPn>PL.PZGIK.200</sln:miejscIIPPn><sln:miejscIIPWersja>2016-11-24T09:47:43+02:00</sln:miejscIIPWersja><sln:miejscIdTeryt>0228460</sln:miejscIdTeryt><sln:miejscNazwa>Gostków</sln:miejscNazwa><sln:miejscRodzaj>Wieś</sln:miejscRodzaj><sln:powIIPId>2e081013-33e6-408d-be60-cb22c1564176</sln:powIIPId><sln:powIIPPn>PL.PZGIK.200</sln:powIIPPn><sln:powIIPWersja>2012-09-27T09:32:07+02:00</sln:powIIPWersja><sln:powIdTeryt>2610</sln:powIdTeryt><sln:powNazwa>skarżyski</sln:powNazwa><sln:waznyOd>2015-08-05T00:00:00+02:00</sln:waznyOd><sln:wojIIPId>d021c0dd-b22e-4fcd-8444-904c64ec3aa8</sln:wojIIPId><sln:wojIIPPn>PL.PZGIK.200</sln:wojIIPPn><sln:wojIIPWersja>2012-09-27T13:45:13+02:00</sln:wojIIPWersja><sln:wojIdTeryt>26</sln:wojIdTeryt><sln:wojNazwa>świętokrzyskie</sln:wojNazwa></sln:miejscowosc><sln:miejscowosc><sln:cyklZyciaDo>2017-03-17T00:00:00+01:00</sln:cyklZyciaDo><sln:cyklZyciaOd>2016-01-11T00:00:00+01:00</sln:cyklZyciaOd><sln:gmIIPId>2333bd31-0c5e-47a6-b48a-b51f26887b3c</sln:gmIIPId><sln:gmIIPPn>PL.PZGIK.200</sln:gmIIPPn><sln:gmIIPWersja>2012-09-26T22:19:46+02:00</sln:gmIIPWersja><sln:gmIdTeryt>2610022</sln:gmIdTeryt><sln:gmNazwa>Bliżyn</sln:gmNazwa><sln:miejscIIPId>145bf36e-2358-4752-a75c-0a5d0cf953e2</sln:miejscIIPId><sln:miejscIIPPn>PL.PZGIK.200</sln:miejscIIPPn><sln:miejscIIPWersja>2016-11-24T09:47:43+02:00</sln:miejscIIPWersja><sln:miejscIdTeryt>0228499</sln:miejscIdTeryt><sln:miejscNazwa>Górki</sln:miejscNazwa><sln:miejscRodzaj>Wieś</sln:miejscRodzaj><sln:powIIPId>2e081013-33e6-408d-be60-cb22c1564176</sln:powIIPId><sln:powIIPPn>PL.PZGIK.200</sln:powIIPPn><sln:powIIPWersja>2012-09-27T09:32:07+02:00</sln:powIIPWersja><sln:powIdTeryt>2610</sln:powIdTeryt><sln:powNazwa>skarżyski</sln:powNazwa><sln:waznyOd>2015-08-05T00:00:00+02:00</sln:waznyOd><sln:wojIIPId>d021c0dd-b22e-4fcd-8444-904c64ec3aa8</sln:wojIIPId><sln:wojIIPPn>PL.PZGIK.200</sln:wojIIPPn><sln:wojIIPWersja>2012-09-27T13:45:13+02:00</sln:wojIIPWersja><sln:wojIdTeryt>26</sln:wojIdTeryt><sln:wojNazwa>świętokrzyskie</sln:wojNazwa></sln:miejscowosc><sln:miejscowosc><sln:cyklZyciaDo>2017-03-17T00:00:00+01:00</sln:cyklZyciaDo><sln:cyklZyciaOd>2016-01-11T00:00:00+01:00</sln:cyklZyciaOd><sln:gmIIPId>2333bd31-0c5e-47a6-b48a-b51f26887b3c</sln:gmIIPId><sln:gmIIPPn>PL.PZGIK.200</sln:gmIIPPn><sln:gmIIPWersja>2012-09-26T22:19:46+02:00</sln:gmIIPWersja><sln:gmIdTeryt>2610022</sln:gmIdTeryt><sln:gmNazwa>Bliżyn</sln:gmNazwa><sln:miejscIIPId>450d1105-0e26-4177-9013-adef1e334928</sln:miejscIIPId><sln:miejscIIPPn>PL.PZGIK.200</sln:miejscIIPPn><sln:miejscIIPWersja>2016-11-24T09:47:43+02:00</sln:miejscIIPWersja><sln:miejscIdTeryt>0228559</sln:miejscIdTeryt><sln:miejscNazwa>Jastrzębia</sln:miejscNazwa><sln:miejscRodzaj>Wieś</sln:miejscRodzaj><sln:powIIPId>2e081013-33e6-408d-be60-cb22c1564176</sln:powIIPId><sln:powIIPPn>PL.PZGIK.200</sln:powIIPPn><sln:powIIPWersja>2012-09-27T09:32:07+02:00</sln:powIIPWersja><sln:powIdTeryt>2610</sln:powIdTeryt><sln:powNazwa>skarżyski</sln:powNazwa><sln:waznyOd>2015-08-05T00:00:00+02:00</sln:waznyOd><sln:wojIIPId>d021c0dd-b22e-4fcd-8444-904c64ec3aa8</sln:wojIIPId><sln:wojIIPPn>PL.PZGIK.200</sln:wojIIPPn><sln:wojIIPWersja>2012-09-27T13:45:13+02:00</sln:wojIIPWersja><sln:wojIdTeryt>26</sln:wojIdTeryt><sln:wojNazwa>świętokrzyskie</sln:wojNazwa></sln:miejscowosc><sln:miejscowosc><sln:cyklZyciaDo>2017-03-17T00:00:00+01:00</sln:cyklZyciaDo><sln:cyklZyciaOd>2016-01-11T00:00:00+01:00</sln:cyklZyciaOd><sln:gmIIPId>2333bd31-0c5e-47a6-b48a-b51f26887b3c</sln:gmIIPId><sln:gmIIPPn>PL.PZGIK.200</sln:gmIIPPn><sln:gmIIPWersja>2012-09-26T22:19:46+02:00</sln:gmIIPWersja><sln:gmIdTeryt>2610022</sln:gmIdTeryt><sln:gmNazwa>Bliżyn</sln:gmNazwa><sln:miejscIIPId>3b3a55d8-2486-4026-8c6b-edf7be4d7ef0</sln:miejscIIPId><sln:miejscIIPPn>PL.PZGIK.200</sln:miejscIIPPn><sln:miejscIIPWersja>2016-11-24T09:47:43+02:00</sln:miejscIIPWersja><sln:miejscIdTeryt>0228602</sln:miejscIdTeryt><sln:miejscNazwa>Kopcie</sln:miejscNazwa><sln:miejscRodzaj>Wieś</sln:miejscRodzaj><sln:powIIPId>2e081013-33e6-408d-be60-cb22c1564176</sln:powIIPId><sln:powIIPPn>PL.PZGIK.200</sln:powIIPPn><sln:powIIPWersja>2012-09-27T09:32:07+02:00</sln:powIIPWersja><sln:powIdTeryt>2610</sln:powIdTeryt><sln:powNazwa>skarżyski</sln:powNazwa><sln:waznyOd>2015-08-05T00:00:00+02:00</sln:waznyOd><sln:wojIIPId>d021c0dd-b22e-4fcd-8444-904c64ec3aa8</sln:wojIIPId><sln:wojIIPPn>PL.PZGIK.200</sln:wojIIPPn><sln:wojIIPWersja>2012-09-27T13:45:13+02:00</sln:wojIIPWersja><sln:wojIdTeryt>26</sln:wojIdTeryt><sln:wojNazwa>świętokrzyskie</sln:wojNazwa></sln:miejscowosc><sln:miejscowosc><sln:cyklZyciaDo>2017-03-17T00:00:00+01:00</sln:cyklZyciaDo><sln:cyklZyciaOd>2016-01-11T00:00:00+01:00</sln:cyklZyciaOd><sln:gmIIPId>2333bd31-0c5e-47a6-b48a-b51f26887b3c</sln:gmIIPId><sln:gmIIPPn>PL.PZGIK.200</sln:gmIIPPn><sln:gmIIPWersja>2012-09-26T22:19:46+02:00</sln:gmIIPWersja><sln:gmIdTeryt>2610022</sln:gmIdTeryt><sln:gmNazwa>Bliżyn</sln:gmNazwa><sln:miejscIIPId>735a687c-76de-48bf-b306-b61deb2e14fe</sln:miejscIIPId><sln:miejscIIPPn>PL.PZGIK.200</sln:miejscIIPPn><sln:miejscIIPWersja>2016-11-24T09:47:43+02:00</sln:miejscIIPWersja><sln:miejscIdTeryt>0228631</sln:miejscIdTeryt><sln:miejscNazwa>Kucębów-Borek</sln:miejscNazwa><sln:miejscRodzaj>Inny obiekt</sln:miejscRodzaj><sln:powIIPId>2e081013-33e6-408d-be60-cb22c1564176</sln:powIIPId><sln:powIIPPn>PL.PZGIK.200</sln:powIIPPn><sln:powIIPWersja>2012-09-27T09:32:07+02:00</sln:powIIPWersja><sln:powIdTeryt>2610</sln:powIdTeryt><sln:powNazwa>skarżyski</sln:powNazwa><sln:waznyOd>2015-08-05T00:00:00+02:00</sln:waznyOd><sln:wojIIPId>d021c0dd-b22e-4fcd-8444-904c64ec3aa8</sln:wojIIPId><sln:wojIIPPn>PL.PZGIK.200</sln:wojIIPPn><sln:wojIIPWersja>2012-09-27T13:45:13+02:00</sln:wojIIPWersja><sln:wojIdTeryt>26</sln:wojIdTeryt><sln:wojNazwa>świętokrzyskie</sln:wojNazwa></sln:miejscowosc><sln:miejscowosc><sln:cyklZyciaDo>2017-03-17T00:00:00+01:00</sln:cyklZyciaDo><sln:cyklZyciaOd>2016-01-11T00:00:00+01:00</sln:cyklZyciaOd><sln:gmIIPId>2333bd31-0c5e-47a6-b48a-b51f26887b3c</sln:gmIIPId><sln:gmIIPPn>PL.PZGIK.200</sln:gmIIPPn><sln:gmIIPWersja>2012-09-26T22:19:46+02:00</sln:gmIIPWersja><sln:gmIdTeryt>2610022</sln:gmIdTeryt><sln:gmNazwa>Bliżyn</sln:gmNazwa><sln:miejscIIPId>97ff64aa-6b21-4ee7-8369-4ba2a5777f6f</sln:miejscIIPId><sln:miejscIIPPn>PL.PZGIK.200</sln:miejscIIPPn><sln:miejscIIPWersja>2016-11-24T09:47:43+02:00</sln:miejscIIPWersja><sln:miejscIdTeryt>0228660</sln:miejscIdTeryt><sln:miejscNazwa>Kucębów-Odcinek</sln:miejscNazwa><sln:miejscRodzaj>Inny obiekt</sln:miejscRodzaj><sln:powIIPId>2e081013-33e6-408d-be60-cb22c1564176</sln:powIIPId><sln:powIIPPn>PL.PZGIK.200</sln:powIIPPn><sln:powIIPWersja>2012-09-27T09:32:07+02:00</sln:powIIPWersja><sln:powIdTeryt>2610</sln:powIdTeryt><sln:powNazwa>skarżyski</sln:powNazwa><sln:waznyOd>2015-08-05T00:00:00+02:00</sln:waznyOd><sln:wojIIPId>d021c0dd-b22e-4fcd-8444-904c64ec3aa8</sln:wojIIPId><sln:wojIIPPn>PL.PZGIK.200</sln:wojIIPPn><sln:wojIIPWersja>2012-09-27T13:45:13+02:00</sln:wojIIPWersja><sln:wojIdTeryt>26</sln:wojIdTeryt><sln:wojNazwa>świętokrzyskie</sln:wojNazwa></sln:miejscowosc><sln:miejscowosc><sln:cyklZyciaDo>2017-03-17T00:00:00+01:00</sln:cyklZyciaDo><sln:cyklZyciaOd>2016-01-11T00:00:00+01:00</sln:cyklZyciaOd><sln:gmIIPId>2333bd31-0c5e-47a6-b48a-b51f26887b3c</sln:gmIIPId><sln:gmIIPPn>PL.PZGIK.200</sln:gmIIPPn><sln:gmIIPWersja>2012-09-26T22:19:46+02:00</sln:gmIIPWersja><sln:gmIdTeryt>2610022</sln:gmIdTeryt><sln:gmNazwa>Bliżyn</sln:gmNazwa><sln:miejscIIPId>19ff16fc-cc49-42b6-bd80-dbc22348ca68</sln:miejscIIPId><sln:miejscIIPPn>PL.PZGIK.200</sln:miejscIIPPn><sln:miejscIIPWersja>2016-11-24T09:47:43+02:00</sln:miejscIIPWersja><sln:miejscIdTeryt>0228648</sln:miejscIdTeryt><sln:miejscNazwa>Kucębów Dolny</sln:miejscNazwa><sln:miejscRodzaj>Inny obiekt</sln:miejscRodzaj><sln:powIIPId>2e081013-33e6-408d-be60-cb22c1564176</sln:powIIPId><sln:powIIPPn>PL.PZGIK.200</sln:powIIPPn><sln:powIIPWersja>2012-09-27T09:32:07+02:00</sln:powIIPWersja><sln:powIdTeryt>2610</sln:powIdTeryt><sln:powNazwa>skarżyski</sln:powNazwa><sln:waznyOd>2015-08-05T00:00:00+02:00</sln:waznyOd><sln:wojIIPId>d021c0dd-b22e-4fcd-8444-904c64ec3aa8</sln:wojIIPId><sln:wojIIPPn>PL.PZGIK.200</sln:wojIIPPn><sln:wojIIPWersja>2012-09-27T13:45:13+02:00</sln:wojIIPWersja><sln:wojIdTeryt>26</sln:wojIdTeryt><sln:wojNazwa>świętokrzyskie</sln:wojNazwa></sln:miejscowosc><sln:miejscowosc><sln:cyklZyciaDo>2017-03-17T00:00:00+01:00</sln:cyklZyciaDo><sln:cyklZyciaOd>2016-01-11T00:00:00+01:00</sln:cyklZyciaOd><sln:gmIIPId>2333bd31-0c5e-47a6-b48a-b51f26887b3c</sln:gmIIPId><sln:gmIIPPn>PL.PZGIK.200</sln:gmIIPPn><sln:gmIIPWersja>2012-09-26T22:19:46+02:00</sln:gmIIPWersja><sln:gmIdTeryt>2610022</sln:gmIdTeryt><sln:gmNazwa>Bliżyn</sln:gmNazwa><sln:miejscIIPId>635c089c-7377-4578-9be6-e8a35c90485d</sln:miejscIIPId><sln:miejscIIPPn>PL.PZGIK.200</sln:miejscIIPPn><sln:miejscIIPWersja>2016-11-24T09:47:43+02:00</sln:miejscIIPWersja><sln:miejscIdTeryt>0228654</sln:miejscIdTeryt><sln:miejscNazwa>Kucębów Górny</sln:miejscNazwa><sln:miejscRodzaj>Inny obiekt</sln:miejscRodzaj><sln:powIIPId>2e081013-33e6-408d-be60-cb22c1564176</sln:powIIPId><sln:powIIPPn>PL.PZGIK.200</sln:powIIPPn><sln:powIIPWersja>2012-09-27T09:32:07+02:00</sln:powIIPWersja><sln:powIdTeryt>2610</sln:powIdTeryt><sln:powNazwa>skarżyski</sln:powNazwa><sln:waznyOd>2015-08-05T00:00:00+02:00</sln:waznyOd><sln:wojIIPId>d021c0dd-b22e-4fcd-8444-904c64ec3aa8</sln:wojIIPId><sln:wojIIPPn>PL.PZGIK.200</sln:wojIIPPn><sln:wojIIPWersja>2012-09-27T13:45:13+02:00</sln:wojIIPWersja><sln:wojIdTeryt>26</sln:wojIdTeryt><sln:wojNazwa>świętokrzyskie</sln:wojNazwa></sln:miejscowosc><sln:miejscowosc><sln:cyklZyciaDo>2017-03-17T00:00:00+01:00</sln:cyklZyciaDo><sln:cyklZyciaOd>2016-01-11T00:00:00+01:00</sln:cyklZyciaOd><sln:gmIIPId>2333bd31-0c5e-47a6-b48a-b51f26887b3c</sln:gmIIPId><sln:gmIIPPn>PL.PZGIK.200</sln:gmIIPPn><sln:gmIIPWersja>2012-09-26T22:19:46+02:00</sln:gmIIPWersja><sln:gmIdTeryt>2610022</sln:gmIdTeryt><sln:gmNazwa>Bliżyn</sln:gmNazwa><sln:miejscIIPId>70f91523-b4f6-4d7c-a895-0757642d75eb</sln:miejscIIPId><sln:miejscIIPPn>PL.PZGIK.200</sln:miejscIIPPn><sln:miejscIIPWersja>2016-11-24T09:47:43+02:00</sln:miejscIIPWersja><sln:miejscIdTeryt>0228683</sln:miejscIdTeryt><sln:miejscNazwa>Mroczków</sln:miejscNazwa><sln:miejscRodzaj>Wieś</sln:miejscRodzaj><sln:powIIPId>2e081013-33e6-408d-be60-cb22c1564176</sln:powIIPId><sln:powIIPPn>PL.PZGIK.200</sln:powIIPPn><sln:powIIPWersja>2012-09-27T09:32:07+02:00</sln:powIIPWersja><sln:powIdTeryt>2610</sln:powIdTeryt><sln:powNazwa>skarżyski</sln:powNazwa><sln:waznyOd>2015-08-05T00:00:00+02:00</sln:waznyOd><sln:wojIIPId>d021c0dd-b22e-4fcd-8444-904c64ec3aa8</sln:wojIIPId><sln:wojIIPPn>PL.PZGIK.200</sln:wojIIPPn><sln:wojIIPWersja>2012-09-27T13:45:13+02:00</sln:wojIIPWersja><sln:wojIdTeryt>26</sln:wojIdTeryt><sln:wojNazwa>świętokrzyskie</sln:wojNazwa></sln:miejscowosc><sln:miejscowosc><sln:cyklZyciaDo>2017-03-17T00:00:00+01:00</sln:cyklZyciaDo><sln:cyklZyciaOd>2016-01-11T00:00:00+01:00</sln:cyklZyciaOd><sln:gmIIPId>2333bd31-0c5e-47a6-b48a-b51f26887b3c</sln:gmIIPId><sln:gmIIPPn>PL.PZGIK.200</sln:gmIIPPn><sln:gmIIPWersja>2012-09-26T22:19:46+02:00</sln:gmIIPWersja><sln:gmIdTeryt>2610022</sln:gmIdTeryt><sln:gmNazwa>Bliżyn</sln:gmNazwa><sln:miejscIIPId>3bcc58a6-0591-43ca-b661-1453b0315e2a</sln:miejscIIPId><sln:miejscIIPPn>PL.PZGIK.200</sln:miejscIIPPn><sln:miejscIIPWersja>2016-11-24T09:47:43+02:00</sln:miejscIIPWersja><sln:miejscIdTeryt>0228708</sln:miejscIdTeryt><sln:miejscNazwa>Mroczków-Kamionka</sln:miejscNazwa><sln:miejscRodzaj>Wieś</sln:miejscRodzaj><sln:powIIPId>2e081013-33e6-408d-be60-cb22c1564176</sln:powIIPId><sln:powIIPPn>PL.PZGIK.200</sln:powIIPPn><sln:powIIPWersja>2012-09-27T09:32:07+02:00</sln:powIIPWersja><sln:powIdTeryt>2610</sln:powIdTeryt><sln:powNazwa>skarżyski</sln:powNazwa><sln:waznyOd>2015-08-05T00:00:00+02:00</sln:waznyOd><sln:wojIIPId>d021c0dd-b22e-4fcd-8444-904c64ec3aa8</sln:wojIIPId><sln:wojIIPPn>PL.PZGIK.200</sln:wojIIPPn><sln:wojIIPWersja>2012-09-27T13:45:13+02:00</sln:wojIIPWersja><sln:wojIdTeryt>26</sln:wojIdTeryt><sln:wojNazwa>świętokrzyskie</sln:wojNazwa></sln:miejscowosc><sln:miejscowosc><sln:cyklZyciaDo>2017-03-17T00:00:00+01:00</sln:cyklZyciaDo><sln:cyklZyciaOd>2016-01-11T00:00:00+01:00</sln:cyklZyciaOd><sln:gmIIPId>2333bd31-0c5e-47a6-b48a-b51f26887b3c</sln:gmIIPId><sln:gmIIPPn>PL.PZGIK.200</sln:gmIIPPn><sln:gmIIPWersja>2012-09-26T22:19:46+02:00</sln:gmIIPWersja><sln:gmIdTeryt>2610022</sln:gmIdTeryt><sln:gmNazwa>Bliżyn</sln:gmNazwa><sln:miejscIIPId>8d05c35b-4e34-4f1f-ba67-30924df5df8d</sln:miejscIIPId><sln:miejscIIPPn>PL.PZGIK.200</sln:miejscIIPPn><sln:miejscIIPWersja>2016-11-24T09:47:43+02:00</sln:miejscIIPWersja><sln:miejscIdTeryt>0228714</sln:miejscIdTeryt><sln:miejscNazwa>Mroczków-Kapturów</sln:miejscNazwa><sln:miejscRodzaj>Wieś</sln:miejscRodzaj><sln:powIIPId>2e081013-33e6-408d-be60-cb22c1564176</sln:powIIPId><sln:powIIPPn>PL.PZGIK.200</sln:powIIPPn><sln:powIIPWersja>2012-09-27T09:32:07+02:00</sln:powIIPWersja><sln:powIdTeryt>2610</sln:powIdTeryt><sln:powNazwa>skarżyski</sln:powNazwa><sln:waznyOd>2015-08-05T00:00:00+02:00</sln:waznyOd><sln:wojIIPId>d021c0dd-b22e-4fcd-8444-904c64ec3aa8</sln:wojIIPId><sln:wojIIPPn>PL.PZGIK.200</sln:wojIIPPn><sln:wojIIPWersja>2012-09-27T13:45:13+02:00</sln:wojIIPWersja><sln:wojIdTeryt>26</sln:wojIdTeryt><sln:wojNazwa>świętokrzyskie</sln:wojNazwa></sln:miejscowosc><sln:miejscowosc><sln:cyklZyciaDo>2017-03-17T00:00:00+01:00</sln:cyklZyciaDo><sln:cyklZyciaOd>2016-01-11T00:00:00+01:00</sln:cyklZyciaOd><sln:gmIIPId>2333bd31-0c5e-47a6-b48a-b51f26887b3c</sln:gmIIPId><sln:gmIIPPn>PL.PZGIK.200</sln:gmIIPPn><sln:gmIIPWersja>2012-09-26T22:19:46+02:00</sln:gmIIPWersja><sln:gmIdTeryt>2610022</sln:gmIdTeryt><sln:gmNazwa>Bliżyn</sln:gmNazwa><sln:miejscIIPId>a08ff86f-3d47-42d8-a952-690393d98397</sln:miejscIIPId><sln:miejscIIPPn>PL.PZGIK.200</sln:miejscIIPPn><sln:miejscIIPWersja>2016-11-24T09:47:43+02:00</sln:miejscIIPWersja><sln:miejscIdTeryt>0228720</sln:miejscIdTeryt><sln:miejscNazwa>Nowki</sln:miejscNazwa><sln:miejscRodzaj>Wieś</sln:miejscRodzaj><sln:powIIPId>2e081013-33e6-408d-be60-cb22c1564176</sln:powIIPId><sln:powIIPPn>PL.PZGIK.200</sln:powIIPPn><sln:powIIPWersja>2012-09-27T09:32:07+02:00</sln:powIIPWersja><sln:powIdTeryt>2610</sln:powIdTeryt><sln:powNazwa>skarżyski</sln:powNazwa><sln:waznyOd>2015-08-05T00:00:00+02:00</sln:waznyOd><sln:wojIIPId>d021c0dd-b22e-4fcd-8444-904c64ec3aa8</sln:wojIIPId><sln:wojIIPPn>PL.PZGIK.200</sln:wojIIPPn><sln:wojIIPWersja>2012-09-27T13:45:13+02:00</sln:wojIIPWersja><sln:wojIdTeryt>26</sln:wojIdTeryt><sln:wojNazwa>świętokrzyskie</sln:wojNazwa></sln:miejscowosc><sln:miejscowosc><sln:cyklZyciaDo>2017-03-17T00:00:00+01:00</sln:cyklZyciaDo><sln:cyklZyciaOd>2016-01-11T00:00:00+01:00</sln:cyklZyciaOd><sln:gmIIPId>2333bd31-0c5e-47a6-b48a-b51f26887b3c</sln:gmIIPId><sln:gmIIPPn>PL.PZGIK.200</sln:gmIIPPn><sln:gmIIPWersja>2012-09-26T22:19:46+02:00</sln:gmIIPWersja><sln:gmIdTeryt>2610022</sln:gmIdTeryt><sln:gmNazwa>Bliżyn</sln:gmNazwa><sln:miejscIIPId>318af4f3-7775-4f02-9e37-ba6a04bda92a</sln:miejscIIPId><sln:miejscIIPPn>PL.PZGIK.200</sln:miejscIIPPn><sln:miejscIIPWersja>2016-11-24T09:47:43+02:00</sln:miejscIIPWersja><sln:miejscIdTeryt>0228743</sln:miejscIdTeryt><sln:miejscNazwa>Nowy Odrowążek</sln:miejscNazwa><sln:miejscRodzaj>Wieś</sln:miejscRodzaj><sln:powIIPId>2e081013-33e6-408d-be60-cb22c1564176</sln:powIIPId><sln:powIIPPn>PL.PZGIK.200</sln:powIIPPn><sln:powIIPWersja>2012-09-27T09:32:07+02:00</sln:powIIPWersja><sln:powIdTeryt>2610</sln:powIdTeryt><sln:powNazwa>skarżyski</sln:powNazwa><sln:waznyOd>2015-08-05T00:00:00+02:00</sln:waznyOd><sln:wojIIPId>d021c0dd-b22e-4fcd-8444-904c64ec3aa8</sln:wojIIPId><sln:wojIIPPn>PL.PZGIK.200</sln:wojIIPPn><sln:wojIIPWersja>2012-09-27T13:45:13+02:00</sln:wojIIPWersja><sln:wojIdTeryt>26</sln:wojIdTeryt><sln:wojNazwa>świętokrzyskie</sln:wojNazwa></sln:miejscowosc><sln:miejscowosc><sln:cyklZyciaDo>2017-03-17T00:00:00+01:00</sln:cyklZyciaDo><sln:cyklZyciaOd>2016-01-11T00:00:00+01:00</sln:cyklZyciaOd><sln:gmIIPId>2333bd31-0c5e-47a6-b48a-b51f26887b3c</sln:gmIIPId><sln:gmIIPPn>PL.PZGIK.200</sln:gmIIPPn><sln:gmIIPWersja>2012-09-26T22:19:46+02:00</sln:gmIIPWersja><sln:gmIdTeryt>2610022</sln:gmIdTeryt><sln:gmNazwa>Bliżyn</sln:gmNazwa><sln:miejscIIPId>27dc4e2c-ad04-457d-82ea-7ce9c83617bc</sln:miejscIIPId><sln:miejscIIPPn>PL.PZGIK.200</sln:miejscIIPPn><sln:miejscIIPWersja>2016-11-24T09:47:43+02:00</sln:miejscIIPWersja><sln:miejscIdTeryt>0228772</sln:miejscIdTeryt><sln:miejscNazwa>Odrowążek</sln:miejscNazwa><sln:miejscRodzaj>Wieś</sln:miejscRodzaj><sln:powIIPId>2e081013-33e6-408d-be60-cb22c1564176</sln:powIIPId><sln:powIIPPn>PL.PZGIK.200</sln:powIIPPn><sln:powIIPWersja>2012-09-27T09:32:07+02:00</sln:powIIPWersja><sln:powIdTeryt>2610</sln:powIdTeryt><sln:powNazwa>skarżyski</sln:powNazwa><sln:waznyOd>2015-08-05T00:00:00+02:00</sln:waznyOd><sln:wojIIPId>d021c0dd-b22e-4fcd-8444-904c64ec3aa8</sln:wojIIPId><sln:wojIIPPn>PL.PZGIK.200</sln:wojIIPPn><sln:wojIIPWersja>2012-09-27T13:45:13+02:00</sln:wojIIPWersja><sln:wojIdTeryt>26</sln:wojIdTeryt><sln:wojNazwa>świętokrzyskie</sln:wojNazwa></sln:miejscowosc><sln:miejscowosc><sln:cyklZyciaDo>2017-03-17T00:00:00+01:00</sln:cyklZyciaDo><sln:cyklZyciaOd>2016-01-11T00:00:00+01:00</sln:cyklZyciaOd><sln:gmIIPId>2333bd31-0c5e-47a6-b48a-b51f26887b3c</sln:gmIIPId><sln:gmIIPPn>PL.PZGIK.200</sln:gmIIPPn><sln:gmIIPWersja>2012-09-26T22:19:46+02:00</sln:gmIIPWersja><sln:gmIdTeryt>2610022</sln:gmIdTeryt><sln:gmNazwa>Bliżyn</sln:gmNazwa><sln:miejscIIPId>fd7de86b-9379-4f41-88bb-1077b27a7e75</sln:miejscIIPId><sln:miejscIIPPn>PL.PZGIK.200</sln:miejscIIPPn><sln:miejscIIPWersja>2016-11-24T09:47:43+02:00</sln:miejscIIPWersja><sln:miejscIdTeryt>0228810</sln:miejscIdTeryt><sln:miejscNazwa>Pięty</sln:miejscNazwa><sln:miejscRodzaj>Wieś</sln:miejscRodzaj><sln:powIIPId>2e081013-33e6-408d-be60-cb22c1564176</sln:powIIPId><sln:powIIPPn>PL.PZGIK.200</sln:powIIPPn><sln:powIIPWersja>2012-09-27T09:32:07+02:00</sln:powIIPWersja><sln:powIdTeryt>2610</sln:powIdTeryt><sln:powNazwa>skarżyski</sln:powNazwa><sln:waznyOd>2015-08-05T00:00:00+02:00</sln:waznyOd><sln:wojIIPId>d021c0dd-b22e-4fcd-8444-904c64ec3aa8</sln:wojIIPId><sln:wojIIPPn>PL.PZGIK.200</sln:wojIIPPn><sln:wojIIPWersja>2012-09-27T13:45:13+02:00</sln:wojIIPWersja><sln:wojIdTeryt>26</sln:wojIdTeryt><sln:wojNazwa>świętokrzyskie</sln:wojNazwa></sln:miejscowosc><sln:miejscowosc><sln:cyklZyciaDo>2017-03-17T00:00:00+01:00</sln:cyklZyciaDo><sln:cyklZyciaOd>2016-01-11T00:00:00+01:00</sln:cyklZyciaOd><sln:gmIIPId>2333bd31-0c5e-47a6-b48a-b51f26887b3c</sln:gmIIPId><sln:gmIIPPn>PL.PZGIK.200</sln:gmIIPPn><sln:gmIIPWersja>2012-09-26T22:19:46+02:00</sln:gmIIPWersja><sln:gmIdTeryt>2610022</sln:gmIdTeryt><sln:gmNazwa>Bliżyn</sln:gmNazwa><sln:miejscIIPId>fe1b9232-f434-48ef-a6d0-eb86fc32b7f5</sln:miejscIIPId><sln:miejscIIPPn>PL.PZGIK.200</sln:miejscIIPPn><sln:miejscIIPWersja>2016-11-24T09:47:43+02:00</sln:miejscIIPWersja><sln:miejscIdTeryt>0228795</sln:miejscIdTeryt><sln:miejscNazwa>Płaczków</sln:miejscNazwa><sln:miejscRodzaj>Wieś</sln:miejscRodzaj><sln:powIIPId>2e081013-33e6-408d-be60-cb22c1564176</sln:powIIPId><sln:powIIPPn>PL.PZGIK.200</sln:powIIPPn><sln:powIIPWersja>2012-09-27T09:32:07+02:00</sln:powIIPWersja><sln:powIdTeryt>2610</sln:powIdTeryt><sln:powNazwa>skarżyski</sln:powNazwa><sln:waznyOd>2015-08-05T00:00:00+02:00</sln:waznyOd><sln:wojIIPId>d021c0dd-b22e-4fcd-8444-904c64ec3aa8</sln:wojIIPId><sln:wojIIPPn>PL.PZGIK.200</sln:wojIIPPn><sln:wojIIPWersja>2012-09-27T13:45:13+02:00</sln:wojIIPWersja><sln:wojIdTeryt>26</sln:wojIdTeryt><sln:wojNazwa>świętokrzyskie</sln:wojNazwa></sln:miejscowosc><sln:miejscowosc><sln:cyklZyciaDo>2017-03-17T00:00:00+01:00</sln:cyklZyciaDo><sln:cyklZyciaOd>2016-01-11T00:00:00+01:00</sln:cyklZyciaOd><sln:gmIIPId>2333bd31-0c5e-47a6-b48a-b51f26887b3c</sln:gmIIPId><sln:gmIIPPn>PL.PZGIK.200</sln:gmIIPPn><sln:gmIIPWersja>2012-09-26T22:19:46+02:00</sln:gmIIPWersja><sln:gmIdTeryt>2610022</sln:gmIdTeryt><sln:gmNazwa>Bliżyn</sln:gmNazwa><sln:miejscIIPId>0d1e5f94-e947-42b9-89d9-6fc754792dba</sln:miejscIIPId><sln:miejscIIPPn>PL.PZGIK.200</sln:miejscIIPPn><sln:miejscIIPWersja>2016-11-24T09:47:43+02:00</sln:miejscIIPWersja><sln:miejscIdTeryt>0228803</sln:miejscIdTeryt><sln:miejscNazwa>Płaczków-Piechotne</sln:miejscNazwa><sln:miejscRodzaj>Inny obiekt</sln:miejscRodzaj><sln:powIIPId>2e081013-33e6-408d-be60-cb22c1564176</sln:powIIPId><sln:powIIPPn>PL.PZGIK.200</sln:powIIPPn><sln:powIIPWersja>2012-09-27T09:32:07+02:00</sln:powIIPWersja><sln:powIdTeryt>2610</sln:powIdTeryt><sln:powNazwa>skarżyski</sln:powNazwa><sln:waznyOd>2015-08-05T00:00:00+02:00</sln:waznyOd><sln:wojIIPId>d021c0dd-b22e-4fcd-8444-904c64ec3aa8</sln:wojIIPId><sln:wojIIPPn>PL.PZGIK.200</sln:wojIIPPn><sln:wojIIPWersja>2012-09-27T13:45:13+02:00</sln:wojIIPWersja><sln:wojIdTeryt>26</sln:wojIdTeryt><sln:wojNazwa>świętokrzyskie</sln:wojNazwa></sln:miejscowosc><sln:miejscowosc><sln:cyklZyciaDo>2017-03-17T00:00:00+01:00</sln:cyklZyciaDo><sln:cyklZyciaOd>2016-01-11T00:00:00+01:00</sln:cyklZyciaOd><sln:gmIIPId>2333bd31-0c5e-47a6-b48a-b51f26887b3c</sln:gmIIPId><sln:gmIIPPn>PL.PZGIK.200</sln:gmIIPPn><sln:gmIIPWersja>2012-09-26T22:19:46+02:00</sln:gmIIPWersja><sln:gmIdTeryt>2610022</sln:gmIdTeryt><sln:gmNazwa>Bliżyn</sln:gmNazwa><sln:miejscIIPId>158fdf16-d17b-49d2-b3ab-cc94dbdd32c4</sln:miejscIIPId><sln:miejscIIPPn>PL.PZGIK.200</sln:miejscIIPPn><sln:miejscIIPWersja>2016-11-24T09:47:43+02:00</sln:miejscIIPWersja><sln:miejscIdTeryt>0228832</sln:miejscIdTeryt><sln:miejscNazwa>Rędocin</sln:miejscNazwa><sln:miejscRodzaj>Wieś</sln:miejscRodzaj><sln:powIIPId>2e081013-33e6-408d-be60-cb22c1564176</sln:powIIPId><sln:powIIPPn>PL.PZGIK.200</sln:powIIPPn><sln:powIIPWersja>2012-09-27T09:32:07+02:00</sln:powIIPWersja><sln:powIdTeryt>2610</sln:powIdTeryt><sln:powNazwa>skarżyski</sln:powNazwa><sln:waznyOd>2015-08-05T00:00:00+02:00</sln:waznyOd><sln:wojIIPId>d021c0dd-b22e-4fcd-8444-904c64ec3aa8</sln:wojIIPId><sln:wojIIPPn>PL.PZGIK.200</sln:wojIIPPn><sln:wojIIPWersja>2012-09-27T13:45:13+02:00</sln:wojIIPWersja><sln:wojIdTeryt>26</sln:wojIdTeryt><sln:wojNazwa>świętokrzyskie</sln:wojNazwa></sln:miejscowosc><sln:miejscowosc><sln:cyklZyciaDo>2017-03-17T00:00:00+01:00</sln:cyklZyciaDo><sln:cyklZyciaOd>2016-01-11T00:00:00+01:00</sln:cyklZyciaOd><sln:gmIIPId>2333bd31-0c5e-47a6-b48a-b51f26887b3c</sln:gmIIPId><sln:gmIIPPn>PL.PZGIK.200</sln:gmIIPPn><sln:gmIIPWersja>2012-09-26T22:19:46+02:00</sln:gmIIPWersja><sln:gmIdTeryt>2610022</sln:gmIdTeryt><sln:gmNazwa>Bliżyn</sln:gmNazwa><sln:miejscIIPId>3b8f01ba-f521-417c-8325-8ebf2e1aa6b2</sln:miejscIIPId><sln:miejscIIPPn>PL.PZGIK.200</sln:miejscIIPPn><sln:miejscIIPWersja>2016-11-24T09:47:43+02:00</sln:miejscIIPWersja><sln:miejscIdTeryt>0228849</sln:miejscIdTeryt><sln:miejscNazwa>Sobótka</sln:miejscNazwa><sln:miejscRodzaj>Wieś</sln:miejscRodzaj><sln:powIIPId>2e081013-33e6-408d-be60-cb22c1564176</sln:powIIPId><sln:powIIPPn>PL.PZGIK.200</sln:powIIPPn><sln:powIIPWersja>2012-09-27T09:32:07+02:00</sln:powIIPWersja><sln:powIdTeryt>2610</sln:powIdTeryt><sln:powNazwa>skarżyski</sln:powNazwa><sln:waznyOd>2015-08-05T00:00:00+02:00</sln:waznyOd><sln:wojIIPId>d021c0dd-b22e-4fcd-8444-904c64ec3aa8</sln:wojIIPId><sln:wojIIPPn>PL.PZGIK.200</sln:wojIIPPn><sln:wojIIPWersja>2012-09-27T13:45:13+02:00</sln:wojIIPWersja><sln:wojIdTeryt>26</sln:wojIdTeryt><sln:wojNazwa>świętokrzyskie</sln:wojNazwa></sln:miejscowosc><sln:miejscowosc><sln:cyklZyciaDo>2017-03-17T00:00:00+01:00</sln:cyklZyciaDo><sln:cyklZyciaOd>2016-01-11T00:00:00+01:00</sln:cyklZyciaOd><sln:gmIIPId>2333bd31-0c5e-47a6-b48a-b51f26887b3c</sln:gmIIPId><sln:gmIIPPn>PL.PZGIK.200</sln:gmIIPPn><sln:gmIIPWersja>2012-09-26T22:19:46+02:00</sln:gmIIPWersja><sln:gmIdTeryt>2610022</sln:gmIdTeryt><sln:gmNazwa>Bliżyn</sln:gmNazwa><sln:miejscIIPId>ab83b5d0-4cdb-43b2-a15f-f30ba8f745b8</sln:miejscIIPId><sln:miejscIIPPn>PL.PZGIK.200</sln:miejscIIPPn><sln:miejscIIPWersja>2016-11-24T09:47:43+02:00</sln:miejscIIPWersja><sln:miejscIdTeryt>0228826</sln:miejscIdTeryt><sln:miejscNazwa>Sołtyków</sln:miejscNazwa><sln:miejscRodzaj>Wieś</sln:miejscRodzaj><sln:powIIPId>2e081013-33e6-408d-be60-cb22c1564176</sln:powIIPId><sln:powIIPPn>PL.PZGIK.200</sln:powIIPPn><sln:powIIPWersja>2012-09-27T09:32:07+02:00</sln:powIIPWersja><sln:powIdTeryt>2610</sln:powIdTeryt><sln:powNazwa>skarżyski</sln:powNazwa><sln:waznyOd>2015-08-05T00:00:00+02:00</sln:waznyOd><sln:wojIIPId>d021c0dd-b22e-4fcd-8444-904c64ec3aa8</sln:wojIIPId><sln:wojIIPPn>PL.PZGIK.200</sln:wojIIPPn><sln:wojIIPWersja>2012-09-27T13:45:13+02:00</sln:wojIIPWersja><sln:wojIdTeryt>26</sln:wojIdTeryt><sln:wojNazwa>świętokrzyskie</sln:wojNazwa></sln:miejscowosc><sln:miejscowosc><sln:cyklZyciaDo>2017-03-17T00:00:00+01:00</sln:cyklZyciaDo><sln:cyklZyciaOd>2016-01-11T00:00:00+01:00</sln:cyklZyciaOd><sln:gmIIPId>2333bd31-0c5e-47a6-b48a-b51f26887b3c</sln:gmIIPId><sln:gmIIPPn>PL.PZGIK.200</sln:gmIIPPn><sln:gmIIPWersja>2012-09-26T22:19:46+02:00</sln:gmIIPWersja><sln:gmIdTeryt>2610022</sln:gmIdTeryt><sln:gmNazwa>Bliżyn</sln:gmNazwa><sln:miejscIIPId>953dc5ca-7fe8-4f43-a99c-7a4193cc3cf6</sln:miejscIIPId><sln:miejscIIPPn>PL.PZGIK.200</sln:miejscIIPPn><sln:miejscIIPWersja>2016-11-24T09:47:43+02:00</sln:miejscIIPWersja><sln:miejscIdTeryt>0228855</sln:miejscIdTeryt><sln:miejscNazwa>Sorbin</sln:miejscNazwa><sln:miejscRodzaj>Wieś</sln:miejscRodzaj><sln:powIIPId>2e081013-33e6-408d-be60-cb22c1564176</sln:powIIPId><sln:powIIPPn>PL.PZGIK.200</sln:powIIPPn><sln:powIIPWersja>2012-09-27T09:32:07+02:00</sln:powIIPWersja><sln:powIdTeryt>2610</sln:powIdTeryt><sln:powNazwa>skarżyski</sln:powNazwa><sln:waznyOd>2015-08-05T00:00:00+02:00</sln:waznyOd><sln:wojIIPId>d021c0dd-b22e-4fcd-8444-904c64ec3aa8</sln:wojIIPId><sln:wojIIPPn>PL.PZGIK.200</sln:wojIIPPn><sln:wojIIPWersja>2012-09-27T13:45:13+02:00</sln:wojIIPWersja><sln:wojIdTeryt>26</sln:wojIdTeryt><sln:wojNazwa>świętokrzyskie</sln:wojNazwa></sln:miejscowosc><sln:miejscowosc><sln:cyklZyciaDo>2017-03-17T00:00:00+01:00</sln:cyklZyciaDo><sln:cyklZyciaOd>2016-01-11T00:00:00+01:00</sln:cyklZyciaOd><sln:gmIIPId>2333bd31-0c5e-47a6-b48a-b51f26887b3c</sln:gmIIPId><sln:gmIIPPn>PL.PZGIK.200</sln:gmIIPPn><sln:gmIIPWersja>2012-09-26T22:19:46+02:00</sln:gmIIPWersja><sln:gmIdTeryt>2610022</sln:gmIdTeryt><sln:gmNazwa>Bliżyn</sln:gmNazwa><sln:miejscIIPId>a553c546-a759-4d9c-bc01-3686c89afd2a</sln:miejscIIPId><sln:miejscIIPPn>PL.PZGIK.200</sln:miejscIIPPn><sln:miejscIIPWersja>2016-11-24T09:47:43+02:00</sln:miejscIIPWersja><sln:miejscIdTeryt>0228938</sln:miejscIdTeryt><sln:miejscNazwa>Ubyszów</sln:miejscNazwa><sln:miejscRodzaj>Wieś</sln:miejscRodzaj><sln:powIIPId>2e081013-33e6-408d-be60-cb22c1564176</sln:powIIPId><sln:powIIPPn>PL.PZGIK.200</sln:powIIPPn><sln:powIIPWersja>2012-09-27T09:32:07+02:00</sln:powIIPWersja><sln:powIdTeryt>2610</sln:powIdTeryt><sln:powNazwa>skarżyski</sln:powNazwa><sln:waznyOd>2015-08-05T00:00:00+02:00</sln:waznyOd><sln:wojIIPId>d021c0dd-b22e-4fcd-8444-904c64ec3aa8</sln:wojIIPId><sln:wojIIPPn>PL.PZGIK.200</sln:wojIIPPn><sln:wojIIPWersja>2012-09-27T13:45:13+02:00</sln:wojIIPWersja><sln:wojIdTeryt>26</sln:wojIdTeryt><sln:wojNazwa>świętokrzyskie</sln:wojNazwa></sln:miejscowosc><sln:miejscowosc><sln:cyklZyciaDo>2017-03-17T00:00:00+01:00</sln:cyklZyciaDo><sln:cyklZyciaOd>2016-01-11T00:00:00+01:00</sln:cyklZyciaOd><sln:gmIIPId>2333bd31-0c5e-47a6-b48a-b51f26887b3c</sln:gmIIPId><sln:gmIIPPn>PL.PZGIK.200</sln:gmIIPPn><sln:gmIIPWersja>2012-09-26T22:19:46+02:00</sln:gmIIPWersja><sln:gmIdTeryt>2610022</sln:gmIdTeryt><sln:gmNazwa>Bliżyn</sln:gmNazwa><sln:miejscIIPId>ca370983-b8c4-4950-92ff-8b21aa7ffcce</sln:miejscIIPId><sln:miejscIIPPn>PL.PZGIK.200</sln:miejscIIPPn><sln:miejscIIPWersja>2016-11-24T09:47:43+02:00</sln:miejscIIPWersja><sln:miejscIdTeryt>0228980</sln:miejscIdTeryt><sln:miejscNazwa>Wojtyniów</sln:miejscNazwa><sln:miejscRodzaj>Wieś</sln:miejscRodzaj><sln:powIIPId>2e081013-33e6-408d-be60-cb22c1564176</sln:powIIPId><sln:powIIPPn>PL.PZGIK.200</sln:powIIPPn><sln:powIIPWersja>2012-09-27T09:32:07+02:00</sln:powIIPWersja><sln:powIdTeryt>2610</sln:powIdTeryt><sln:powNazwa>skarżyski</sln:powNazwa><sln:waznyOd>2015-08-05T00:00:00+02:00</sln:waznyOd><sln:wojIIPId>d021c0dd-b22e-4fcd-8444-904c64ec3aa8</sln:wojIIPId><sln:wojIIPPn>PL.PZGIK.200</sln:wojIIPPn><sln:wojIIPWersja>2012-09-27T13:45:13+02:00</sln:wojIIPWersja><sln:wojIdTeryt>26</sln:wojIdTeryt><sln:wojNazwa>świętokrzyskie</sln:wojNazwa></sln:miejscowosc><sln:miejscowosc><sln:cyklZyciaDo>2017-03-17T00:00:00+01:00</sln:cyklZyciaDo><sln:cyklZyciaOd>2016-01-11T00:00:00+01:00</sln:cyklZyciaOd><sln:gmIIPId>2333bd31-0c5e-47a6-b48a-b51f26887b3c</sln:gmIIPId><sln:gmIIPPn>PL.PZGIK.200</sln:gmIIPPn><sln:gmIIPWersja>2012-09-26T22:19:46+02:00</sln:gmIIPWersja><sln:gmIdTeryt>2610022</sln:gmIdTeryt><sln:gmNazwa>Bliżyn</sln:gmNazwa><sln:miejscIIPId>1e2da97f-23cc-463c-aa10-b8294029127b</sln:miejscIIPId><sln:miejscIIPPn>PL.PZGIK.200</sln:miejscIIPPn><sln:miejscIIPWersja>2016-11-24T09:47:43+02:00</sln:miejscIIPWersja><sln:miejscIdTeryt>0229033</sln:miejscIdTeryt><sln:miejscNazwa>Wołów</sln:miejscNazwa><sln:miejscRodzaj>Wieś</sln:miejscRodzaj><sln:powIIPId>2e081013-33e6-408d-be60-cb22c1564176</sln:powIIPId><sln:powIIPPn>PL.PZGIK.200</sln:powIIPPn><sln:powIIPWersja>2012-09-27T09:32:07+02:00</sln:powIIPWersja><sln:powIdTeryt>2610</sln:powIdTeryt><sln:powNazwa>skarżyski</sln:powNazwa><sln:waznyOd>2015-08-05T00:00:00+02:00</sln:waznyOd><sln:wojIIPId>d021c0dd-b22e-4fcd-8444-904c64ec3aa8</sln:wojIIPId><sln:wojIIPPn>PL.PZGIK.200</sln:wojIIPPn><sln:wojIIPWersja>2012-09-27T13:45:13+02:00</sln:wojIIPWersja><sln:wojIdTeryt>26</sln:wojIdTeryt><sln:wojNazwa>świętokrzyskie</sln:wojNazwa></sln:miejscowosc><sln:miejscowosc><sln:cyklZyciaDo>2017-03-17T00:00:00+01:00</sln:cyklZyciaDo><sln:cyklZyciaOd>2016-01-11T00:00:00+01:00</sln:cyklZyciaOd><sln:gmIIPId>2333bd31-0c5e-47a6-b48a-b51f26887b3c</sln:gmIIPId><sln:gmIIPPn>PL.PZGIK.200</sln:gmIIPPn><sln:gmIIPWersja>2012-09-26T22:19:46+02:00</sln:gmIIPWersja><sln:gmIdTeryt>2610022</sln:gmIdTeryt><sln:gmNazwa>Bliżyn</sln:gmNazwa><sln:miejscIIPId>1632e34b-f0f5-4cf4-9033-83602ed3b361</sln:miejscIIPId><sln:miejscIIPPn>PL.PZGIK.200</sln:miejscIIPPn><sln:miejscIIPWersja>2016-11-24T09:47:43+02:00</sln:miejscIIPWersja><sln:miejscIdTeryt>0229085</sln:miejscIdTeryt><sln:miejscNazwa>Zagórze</sln:miejscNazwa><sln:miejscRodzaj>Wieś</sln:miejscRodzaj><sln:powIIPId>2e081013-33e6-408d-be60-cb22c1564176</sln:powIIPId><sln:powIIPPn>PL.PZGIK.200</sln:powIIPPn><sln:powIIPWersja>2012-09-27T09:32:07+02:00</sln:powIIPWersja><sln:powIdTeryt>2610</sln:powIdTeryt><sln:powNazwa>skarżyski</sln:powNazwa><sln:waznyOd>2015-08-05T00:00:00+02:00</sln:waznyOd><sln:wojIIPId>d021c0dd-b22e-4fcd-8444-904c64ec3aa8</sln:wojIIPId><sln:wojIIPPn>PL.PZGIK.200</sln:wojIIPPn><sln:wojIIPWersja>2012-09-27T13:45:13+02:00</sln:wojIIPWersja><sln:wojIdTeryt>26</sln:wojIdTeryt><sln:wojNazwa>świętokrzyskie</sln:wojNazwa></sln:miejscowosc><sln:miejscowosc><sln:cyklZyciaDo>2017-03-17T00:00:00+01:00</sln:cyklZyciaDo><sln:cyklZyciaOd>2016-01-11T00:00:00+01:00</sln:cyklZyciaOd><sln:gmIIPId>2333bd31-0c5e-47a6-b48a-b51f26887b3c</sln:gmIIPId><sln:gmIIPPn>PL.PZGIK.200</sln:gmIIPPn><sln:gmIIPWersja>2012-09-26T22:19:46+02:00</sln:gmIIPWersja><sln:gmIdTeryt>2610022</sln:gmIdTeryt><sln:gmNazwa>Bliżyn</sln:gmNazwa><sln:miejscIIPId>ef7c6d62-7022-41e1-ab25-dc15c724df6d</sln:miejscIIPId><sln:miejscIIPPn>PL.PZGIK.200</sln:miejscIIPPn><sln:miejscIIPWersja>2016-11-24T09:47:43+02:00</sln:miejscIIPWersja><sln:miejscIdTeryt>0229116</sln:miejscIdTeryt><sln:miejscNazwa>Zbrojów</sln:miejscNazwa><sln:miejscRodzaj>Wieś</sln:miejscRodzaj><sln:powIIPId>2e081013-33e6-408d-be60-cb22c1564176</sln:powIIPId><sln:powIIPPn>PL.PZGIK.200</sln:powIIPPn><sln:powIIPWersja>2012-09-27T09:32:07+02:00</sln:powIIPWersja><sln:powIdTeryt>2610</sln:powIdTeryt><sln:powNazwa>skarżyski</sln:powNazwa><sln:waznyOd>2015-08-05T00:00:00+02:00</sln:waznyOd><sln:wojIIPId>d021c0dd-b22e-4fcd-8444-904c64ec3aa8</sln:wojIIPId><sln:wojIIPPn>PL.PZGIK.200</sln:wojIIPPn><sln:wojIIPWersja>2012-09-27T13:45:13+02:00</sln:wojIIPWersja><sln:wojIdTeryt>26</sln:wojIdTeryt><sln:wojNazwa>świętokrzyskie</sln:wojNazwa></sln:miejscowosc><sln:miejscowosc><sln:cyklZyciaOd>2017-03-17T00:00:00+01:00</sln:cyklZyciaOd><sln:gmIIPId>2333bd31-0c5e-47a6-b48a-b51f26887b3c</sln:gmIIPId><sln:gmIIPPn>PL.PZGIK.200</sln:gmIIPPn><sln:gmIIPWersja>2012-09-26T22:19:46+02:00</sln:gmIIPWersja><sln:gmIdTeryt>2610022</sln:gmIdTeryt><sln:gmNazwa>Bliżyn</sln:gmNazwa><sln:miejscIIPId>d5002f1f-d9f3-4f4a-bad7-174e5698a995</sln:miejscIIPId><sln:miejscIIPPn>PL.PZGIK.200</sln:miejscIIPPn><sln:miejscIIPWersja>2017-03-17T08:42:51+02:00</sln:miejscIIPWersja><sln:miejscIdTeryt>0228192</sln:miejscIdTeryt><sln:miejscNazwa>Bliżyn</sln:miejscNazwa><sln:miejscRodzaj>Wieś</sln:miejscRodzaj><sln:powIIPId>2e081013-33e6-408d-be60-cb22c1564176</sln:powIIPId><sln:powIIPPn>PL.PZGIK.200</sln:powIIPPn><sln:powIIPWersja>2012-09-27T09:32:07+02:00</sln:powIIPWersja><sln:powIdTeryt>2610</sln:powIdTeryt><sln:powNazwa>skarżyski</sln:powNazwa><sln:waznyOd>2015-08-05T00:00:00+02:00</sln:waznyOd><sln:wojIIPId>d021c0dd-b22e-4fcd-8444-904c64ec3aa8</sln:wojIIPId><sln:wojIIPPn>PL.PZGIK.200</sln:wojIIPPn><sln:wojIIPWersja>2012-09-27T13:45:13+02:00</sln:wojIIPWersja><sln:wojIdTeryt>26</sln:wojIdTeryt><sln:wojNazwa>świętokrzyskie</sln:wojNazwa></sln:miejscowosc><sln:miejscowosc><sln:cyklZyciaOd>2017-03-17T00:00:00+01:00</sln:cyklZyciaOd><sln:gmIIPId>2333bd31-0c5e-47a6-b48a-b51f26887b3c</sln:gmIIPId><sln:gmIIPPn>PL.PZGIK.200</sln:gmIIPPn><sln:gmIIPWersja>2012-09-26T22:19:46+02:00</sln:gmIIPWersja><sln:gmIdTeryt>2610022</sln:gmIdTeryt><sln:gmNazwa>Bliżyn</sln:gmNazwa><sln:miejscIIPId>25fe94ff-26ed-49e8-9342-a919ea442df4</sln:miejscIIPId><sln:miejscIIPPn>PL.PZGIK.200</sln:miejscIIPPn><sln:miejscIIPWersja>2017-03-17T08:42:59+02:00</sln:miejscIIPWersja><sln:miejscIdTeryt>0228275</sln:miejscIdTeryt><sln:miejscNazwa>Brzeście</sln:miejscNazwa><sln:miejscRodzaj>Wieś</sln:miejscRodzaj><sln:powIIPId>2e081013-33e6-408d-be60-cb22c1564176</sln:powIIPId><sln:powIIPPn>PL.PZGIK.200</sln:powIIPPn><sln:powIIPWersja>2012-09-27T09:32:07+02:00</sln:powIIPWersja><sln:powIdTeryt>2610</sln:powIdTeryt><sln:powNazwa>skarżyski</sln:powNazwa><sln:waznyOd>2015-08-05T00:00:00+02:00</sln:waznyOd><sln:wojIIPId>d021c0dd-b22e-4fcd-8444-904c64ec3aa8</sln:wojIIPId><sln:wojIIPPn>PL.PZGIK.200</sln:wojIIPPn><sln:wojIIPWersja>2012-09-27T13:45:13+02:00</sln:wojIIPWersja><sln:wojIdTeryt>26</sln:wojIdTeryt><sln:wojNazwa>świętokrzyskie</sln:wojNazwa></sln:miejscowosc><sln:miejscowosc><sln:cyklZyciaOd>2017-03-17T00:00:00+01:00</sln:cyklZyciaOd><sln:gmIIPId>2333bd31-0c5e-47a6-b48a-b51f26887b3c</sln:gmIIPId><sln:gmIIPPn>PL.PZGIK.200</sln:gmIIPPn><sln:gmIIPWersja>2012-09-26T22:19:46+02:00</sln:gmIIPWersja><sln:gmIdTeryt>2610022</sln:gmIdTeryt><sln:gmNazwa>Bliżyn</sln:gmNazwa><sln:miejscIIPId>fd9824d8-668f-44c5-a36a-e90f20c5aacf</sln:miejscIIPId><sln:miejscIIPPn>PL.PZGIK.200</sln:miejscIIPPn><sln:miejscIIPWersja>2017-03-17T08:42:59+02:00</sln:miejscIIPWersja><sln:miejscIdTeryt>0228341</sln:miejscIdTeryt><sln:miejscNazwa>Bugaj</sln:miejscNazwa><sln:miejscRodzaj>Wieś</sln:miejscRodzaj><sln:powIIPId>2e081013-33e6-408d-be60-cb22c1564176</sln:powIIPId><sln:powIIPPn>PL.PZGIK.200</sln:powIIPPn><sln:powIIPWersja>2012-09-27T09:32:07+02:00</sln:powIIPWersja><sln:powIdTeryt>2610</sln:powIdTeryt><sln:powNazwa>skarżyski</sln:powNazwa><sln:waznyOd>2015-08-05T00:00:00+02:00</sln:waznyOd><sln:wojIIPId>d021c0dd-b22e-4fcd-8444-904c64ec3aa8</sln:wojIIPId><sln:wojIIPPn>PL.PZGIK.200</sln:wojIIPPn><sln:wojIIPWersja>2012-09-27T13:45:13+02:00</sln:wojIIPWersja><sln:wojIdTeryt>26</sln:wojIdTeryt><sln:wojNazwa>świętokrzyskie</sln:wojNazwa></sln:miejscowosc><sln:miejscowosc><sln:cyklZyciaOd>2017-03-17T00:00:00+01:00</sln:cyklZyciaOd><sln:gmIIPId>2333bd31-0c5e-47a6-b48a-b51f26887b3c</sln:gmIIPId><sln:gmIIPPn>PL.PZGIK.200</sln:gmIIPPn><sln:gmIIPWersja>2012-09-26T22:19:46+02:00</sln:gmIIPWersja><sln:gmIdTeryt>2610022</sln:gmIdTeryt><sln:gmNazwa>Bliżyn</sln:gmNazwa><sln:miejscIIPId>843c5727-b598-47a7-8ae7-993758e4c6c0</sln:miejscIIPId><sln:miejscIIPPn>PL.PZGIK.200</sln:miejscIIPPn><sln:miejscIIPWersja>2017-03-17T08:42:59+02:00</sln:miejscIIPWersja><sln:miejscIdTeryt>0228370</sln:miejscIdTeryt><sln:miejscNazwa>Drożdżów</sln:miejscNazwa><sln:miejscRodzaj>Wieś</sln:miejscRodzaj><sln:powIIPId>2e081013-33e6-408d-be60-cb22c1564176</sln:powIIPId><sln:powIIPPn>PL.PZGIK.200</sln:powIIPPn><sln:powIIPWersja>2012-09-27T09:32:07+02:00</sln:powIIPWersja><sln:powIdTeryt>2610</sln:powIdTeryt><sln:powNazwa>skarżyski</sln:powNazwa><sln:waznyOd>2015-08-05T00:00:00+02:00</sln:waznyOd><sln:wojIIPId>d021c0dd-b22e-4fcd-8444-904c64ec3aa8</sln:wojIIPId><sln:wojIIPPn>PL.PZGIK.200</sln:wojIIPPn><sln:wojIIPWersja>2012-09-27T13:45:13+02:00</sln:wojIIPWersja><sln:wojIdTeryt>26</sln:wojIdTeryt><sln:wojNazwa>świętokrzyskie</sln:wojNazwa></sln:miejscowosc><sln:miejscowosc><sln:cyklZyciaOd>2017-03-17T00:00:00+01:00</sln:cyklZyciaOd><sln:gmIIPId>2333bd31-0c5e-47a6-b48a-b51f26887b3c</sln:gmIIPId><sln:gmIIPPn>PL.PZGIK.200</sln:gmIIPPn><sln:gmIIPWersja>2012-09-26T22:19:46+02:00</sln:gmIIPWersja><sln:gmIdTeryt>2610022</sln:gmIdTeryt><sln:gmNazwa>Bliżyn</sln:gmNazwa><sln:miejscIIPId>eaefab34-cd31-4a12-8591-f03d2431643d</sln:miejscIIPId><sln:miejscIIPPn>PL.PZGIK.200</sln:miejscIIPPn><sln:miejscIIPWersja>2017-03-17T08:42:59+02:00</sln:miejscIIPWersja><sln:miejscIdTeryt>0228424</sln:miejscIdTeryt><sln:miejscNazwa>Gilów</sln:miejscNazwa><sln:miejscRodzaj>Wieś</sln:miejscRodzaj><sln:powIIPId>2e081013-33e6-408d-be60-cb22c1564176</sln:powIIPId><sln:powIIPPn>PL.PZGIK.200</sln:powIIPPn><sln:powIIPWersja>2012-09-27T09:32:07+02:00</sln:powIIPWersja><sln:powIdTeryt>2610</sln:powIdTeryt><sln:powNazwa>skarżyski</sln:powNazwa><sln:waznyOd>2015-08-05T00:00:00+02:00</sln:waznyOd><sln:wojIIPId>d021c0dd-b22e-4fcd-8444-904c64ec3aa8</sln:wojIIPId><sln:wojIIPPn>PL.PZGIK.200</sln:wojIIPPn><sln:wojIIPWersja>2012-09-27T13:45:13+02:00</sln:wojIIPWersja><sln:wojIdTeryt>26</sln:wojIdTeryt><sln:wojNazwa>świętokrzyskie</sln:wojNazwa></sln:miejscowosc><sln:miejscowosc><sln:cyklZyciaOd>2017-03-17T00:00:00+01:00</sln:cyklZyciaOd><sln:gmIIPId>2333bd31-0c5e-47a6-b48a-b51f26887b3c</sln:gmIIPId><sln:gmIIPPn>PL.PZGIK.200</sln:gmIIPPn><sln:gmIIPWersja>2012-09-26T22:19:46+02:00</sln:gmIIPWersja><sln:gmIdTeryt>2610022</sln:gmIdTeryt><sln:gmNazwa>Bliżyn</sln:gmNazwa><sln:miejscIIPId>e5257609-f9a1-478b-8aef-830a49039535</sln:miejscIIPId><sln:miejscIIPPn>PL.PZGIK.200</sln:miejscIIPPn><sln:miejscIIPWersja>2017-03-17T08:42:59+02:00</sln:miejscIIPWersja><sln:miejscIdTeryt>0228460</sln:miejscIdTeryt><sln:miejscNazwa>Gostków</sln:miejscNazwa><sln:miejscRodzaj>Wieś</sln:miejscRodzaj><sln:powIIPId>2e081013-33e6-408d-be60-cb22c1564176</sln:powIIPId><sln:powIIPPn>PL.PZGIK.200</sln:powIIPPn><sln:powIIPWersja>2012-09-27T09:32:07+02:00</sln:powIIPWersja><sln:powIdTeryt>2610</sln:powIdTeryt><sln:powNazwa>skarżyski</sln:powNazwa><sln:waznyOd>2015-08-05T00:00:00+02:00</sln:waznyOd><sln:wojIIPId>d021c0dd-b22e-4fcd-8444-904c64ec3aa8</sln:wojIIPId><sln:wojIIPPn>PL.PZGIK.200</sln:wojIIPPn><sln:wojIIPWersja>2012-09-27T13:45:13+02:00</sln:wojIIPWersja><sln:wojIdTeryt>26</sln:wojIdTeryt><sln:wojNazwa>świętokrzyskie</sln:wojNazwa></sln:miejscowosc><sln:miejscowosc><sln:cyklZyciaOd>2017-03-17T00:00:00+01:00</sln:cyklZyciaOd><sln:gmIIPId>2333bd31-0c5e-47a6-b48a-b51f26887b3c</sln:gmIIPId><sln:gmIIPPn>PL.PZGIK.200</sln:gmIIPPn><sln:gmIIPWersja>2012-09-26T22:19:46+02:00</sln:gmIIPWersja><sln:gmIdTeryt>2610022</sln:gmIdTeryt><sln:gmNazwa>Bliżyn</sln:gmNazwa><sln:miejscIIPId>145bf36e-2358-4752-a75c-0a5d0cf953e2</sln:miejscIIPId><sln:miejscIIPPn>PL.PZGIK.200</sln:miejscIIPPn><sln:miejscIIPWersja>2017-03-17T08:42:59+02:00</sln:miejscIIPWersja><sln:miejscIdTeryt>0228499</sln:miejscIdTeryt><sln:miejscNazwa>Górki</sln:miejscNazwa><sln:miejscRodzaj>Wieś</sln:miejscRodzaj><sln:powIIPId>2e081013-33e6-408d-be60-cb22c1564176</sln:powIIPId><sln:powIIPPn>PL.PZGIK.200</sln:powIIPPn><sln:powIIPWersja>2012-09-27T09:32:07+02:00</sln:powIIPWersja><sln:powIdTeryt>2610</sln:powIdTeryt><sln:powNazwa>skarżyski</sln:powNazwa><sln:waznyOd>2015-08-05T00:00:00+02:00</sln:waznyOd><sln:wojIIPId>d021c0dd-b22e-4fcd-8444-904c64ec3aa8</sln:wojIIPId><sln:wojIIPPn>PL.PZGIK.200</sln:wojIIPPn><sln:wojIIPWersja>2012-09-27T13:45:13+02:00</sln:wojIIPWersja><sln:wojIdTeryt>26</sln:wojIdTeryt><sln:wojNazwa>świętokrzyskie</sln:wojNazwa></sln:miejscowosc><sln:miejscowosc><sln:cyklZyciaOd>2017-03-17T00:00:00+01:00</sln:cyklZyciaOd><sln:gmIIPId>2333bd31-0c5e-47a6-b48a-b51f26887b3c</sln:gmIIPId><sln:gmIIPPn>PL.PZGIK.200</sln:gmIIPPn><sln:gmIIPWersja>2012-09-26T22:19:46+02:00</sln:gmIIPWersja><sln:gmIdTeryt>2610022</sln:gmIdTeryt><sln:gmNazwa>Bliżyn</sln:gmNazwa><sln:miejscIIPId>450d1105-0e26-4177-9013-adef1e334928</sln:miejscIIPId><sln:miejscIIPPn>PL.PZGIK.200</sln:miejscIIPPn><sln:miejscIIPWersja>2017-03-17T08:42:59+02:00</sln:miejscIIPWersja><sln:miejscIdTeryt>0228559</sln:miejscIdTeryt><sln:miejscNazwa>Jastrzębia</sln:miejscNazwa><sln:miejscRodzaj>Wieś</sln:miejscRodzaj><sln:powIIPId>2e081013-33e6-408d-be60-cb22c1564176</sln:powIIPId><sln:powIIPPn>PL.PZGIK.200</sln:powIIPPn><sln:powIIPWersja>2012-09-27T09:32:07+02:00</sln:powIIPWersja><sln:powIdTeryt>2610</sln:powIdTeryt><sln:powNazwa>skarżyski</sln:powNazwa><sln:waznyOd>2015-08-05T00:00:00+02:00</sln:waznyOd><sln:wojIIPId>d021c0dd-b22e-4fcd-8444-904c64ec3aa8</sln:wojIIPId><sln:wojIIPPn>PL.PZGIK.200</sln:wojIIPPn><sln:wojIIPWersja>2012-09-27T13:45:13+02:00</sln:wojIIPWersja><sln:wojIdTeryt>26</sln:wojIdTeryt><sln:wojNazwa>świętokrzyskie</sln:wojNazwa></sln:miejscowosc><sln:miejscowosc><sln:cyklZyciaOd>2017-03-17T00:00:00+01:00</sln:cyklZyciaOd><sln:gmIIPId>2333bd31-0c5e-47a6-b48a-b51f26887b3c</sln:gmIIPId><sln:gmIIPPn>PL.PZGIK.200</sln:gmIIPPn><sln:gmIIPWersja>2012-09-26T22:19:46+02:00</sln:gmIIPWersja><sln:gmIdTeryt>2610022</sln:gmIdTeryt><sln:gmNazwa>Bliżyn</sln:gmNazwa><sln:miejscIIPId>3b3a55d8-2486-4026-8c6b-edf7be4d7ef0</sln:miejscIIPId><sln:miejscIIPPn>PL.PZGIK.200</sln:miejscIIPPn><sln:miejscIIPWersja>2017-03-17T08:42:59+02:00</sln:miejscIIPWersja><sln:miejscIdTeryt>0228602</sln:miejscIdTeryt><sln:miejscNazwa>Kopcie</sln:miejscNazwa><sln:miejscRodzaj>Wieś</sln:miejscRodzaj><sln:powIIPId>2e081013-33e6-408d-be60-cb22c1564176</sln:powIIPId><sln:powIIPPn>PL.PZGIK.200</sln:powIIPPn><sln:powIIPWersja>2012-09-27T09:32:07+02:00</sln:powIIPWersja><sln:powIdTeryt>2610</sln:powIdTeryt><sln:powNazwa>skarżyski</sln:powNazwa><sln:waznyOd>2015-08-05T00:00:00+02:00</sln:waznyOd><sln:wojIIPId>d021c0dd-b22e-4fcd-8444-904c64ec3aa8</sln:wojIIPId><sln:wojIIPPn>PL.PZGIK.200</sln:wojIIPPn><sln:wojIIPWersja>2012-09-27T13:45:13+02:00</sln:wojIIPWersja><sln:wojIdTeryt>26</sln:wojIdTeryt><sln:wojNazwa>świętokrzyskie</sln:wojNazwa></sln:miejscowosc><sln:miejscowosc><sln:cyklZyciaOd>2017-03-17T00:00:00+01:00</sln:cyklZyciaOd><sln:gmIIPId>2333bd31-0c5e-47a6-b48a-b51f26887b3c</sln:gmIIPId><sln:gmIIPPn>PL.PZGIK.200</sln:gmIIPPn><sln:gmIIPWersja>2012-09-26T22:19:46+02:00</sln:gmIIPWersja><sln:gmIdTeryt>2610022</sln:gmIdTeryt><sln:gmNazwa>Bliżyn</sln:gmNazwa><sln:miejscIIPId>735a687c-76de-48bf-b306-b61deb2e14fe</sln:miejscIIPId><sln:miejscIIPPn>PL.PZGIK.200</sln:miejscIIPPn><sln:miejscIIPWersja>2017-03-17T08:43:00+02:00</sln:miejscIIPWersja><sln:miejscIdTeryt>0228631</sln:miejscIdTeryt><sln:miejscNazwa>Kucębów-Borek</sln:miejscNazwa><sln:miejscRodzaj>Inny obiekt</sln:miejscRodzaj><sln:powIIPId>2e081013-33e6-408d-be60-cb22c1564176</sln:powIIPId><sln:powIIPPn>PL.PZGIK.200</sln:powIIPPn><sln:powIIPWersja>2012-09-27T09:32:07+02:00</sln:powIIPWersja><sln:powIdTeryt>2610</sln:powIdTeryt><sln:powNazwa>skarżyski</sln:powNazwa><sln:waznyOd>2015-08-05T00:00:00+02:00</sln:waznyOd><sln:wojIIPId>d021c0dd-b22e-4fcd-8444-904c64ec3aa8</sln:wojIIPId><sln:wojIIPPn>PL.PZGIK.200</sln:wojIIPPn><sln:wojIIPWersja>2012-09-27T13:45:13+02:00</sln:wojIIPWersja><sln:wojIdTeryt>26</sln:wojIdTeryt><sln:wojNazwa>świętokrzyskie</sln:wojNazwa></sln:miejscowosc><sln:miejscowosc><sln:cyklZyciaOd>2017-03-17T00:00:00+01:00</sln:cyklZyciaOd><sln:gmIIPId>2333bd31-0c5e-47a6-b48a-b51f26887b3c</sln:gmIIPId><sln:gmIIPPn>PL.PZGIK.200</sln:gmIIPPn><sln:gmIIPWersja>2012-09-26T22:19:46+02:00</sln:gmIIPWersja><sln:gmIdTeryt>2610022</sln:gmIdTeryt><sln:gmNazwa>Bliżyn</sln:gmNazwa><sln:miejscIIPId>19ff16fc-cc49-42b6-bd80-dbc22348ca68</sln:miejscIIPId><sln:miejscIIPPn>PL.PZGIK.200</sln:miejscIIPPn><sln:miejscIIPWersja>2017-03-17T08:43:00+02:00</sln:miejscIIPWersja><sln:miejscIdTeryt>0228648</sln:miejscIdTeryt><sln:miejscNazwa>Kucębów Dolny</sln:miejscNazwa><sln:miejscRodzaj>Inny obiekt</sln:miejscRodzaj><sln:powIIPId>2e081013-33e6-408d-be60-cb22c1564176</sln:powIIPId><sln:powIIPPn>PL.PZGIK.200</sln:powIIPPn><sln:powIIPWersja>2012-09-27T09:32:07+02:00</sln:powIIPWersja><sln:powIdTeryt>2610</sln:powIdTeryt><sln:powNazwa>skarżyski</sln:powNazwa><sln:waznyOd>2015-08-05T00:00:00+02:00</sln:waznyOd><sln:wojIIPId>d021c0dd-b22e-4fcd-8444-904c64ec3aa8</sln:wojIIPId><sln:wojIIPPn>PL.PZGIK.200</sln:wojIIPPn><sln:wojIIPWersja>2012-09-27T13:45:13+02:00</sln:wojIIPWersja><sln:wojIdTeryt>26</sln:wojIdTeryt><sln:wojNazwa>świętokrzyskie</sln:wojNazwa></sln:miejscowosc><sln:miejscowosc><sln:cyklZyciaOd>2017-03-17T00:00:00+01:00</sln:cyklZyciaOd><sln:gmIIPId>2333bd31-0c5e-47a6-b48a-b51f26887b3c</sln:gmIIPId><sln:gmIIPPn>PL.PZGIK.200</sln:gmIIPPn><sln:gmIIPWersja>2012-09-26T22:19:46+02:00</sln:gmIIPWersja><sln:gmIdTeryt>2610022</sln:gmIdTeryt><sln:gmNazwa>Bliżyn</sln:gmNazwa><sln:miejscIIPId>635c089c-7377-4578-9be6-e8a35c90485d</sln:miejscIIPId><sln:miejscIIPPn>PL.PZGIK.200</sln:miejscIIPPn><sln:miejscIIPWersja>2017-03-17T08:43:00+02:00</sln:miejscIIPWersja><sln:miejscIdTeryt>0228654</sln:miejscIdTeryt><sln:miejscNazwa>Kucębów Górny</sln:miejscNazwa><sln:miejscRodzaj>Inny obiekt</sln:miejscRodzaj><sln:powIIPId>2e081013-33e6-408d-be60-cb22c1564176</sln:powIIPId><sln:powIIPPn>PL.PZGIK.200</sln:powIIPPn><sln:powIIPWersja>2012-09-27T09:32:07+02:00</sln:powIIPWersja><sln:powIdTeryt>2610</sln:powIdTeryt><sln:powNazwa>skarżyski</sln:powNazwa><sln:waznyOd>2015-08-05T00:00:00+02:00</sln:waznyOd><sln:wojIIPId>d021c0dd-b22e-4fcd-8444-904c64ec3aa8</sln:wojIIPId><sln:wojIIPPn>PL.PZGIK.200</sln:wojIIPPn><sln:wojIIPWersja>2012-09-27T13:45:13+02:00</sln:wojIIPWersja><sln:wojIdTeryt>26</sln:wojIdTeryt><sln:wojNazwa>świętokrzyskie</sln:wojNazwa></sln:miejscowosc><sln:miejscowosc><sln:cyklZyciaOd>2017-03-17T00:00:00+01:00</sln:cyklZyciaOd><sln:gmIIPId>2333bd31-0c5e-47a6-b48a-b51f26887b3c</sln:gmIIPId><sln:gmIIPPn>PL.PZGIK.200</sln:gmIIPPn><sln:gmIIPWersja>2012-09-26T22:19:46+02:00</sln:gmIIPWersja><sln:gmIdTeryt>2610022</sln:gmIdTeryt><sln:gmNazwa>Bliżyn</sln:gmNazwa><sln:miejscIIPId>97ff64aa-6b21-4ee7-8369-4ba2a5777f6f</sln:miejscIIPId><sln:miejscIIPPn>PL.PZGIK.200</sln:miejscIIPPn><sln:miejscIIPWersja>2017-03-17T08:43:00+02:00</sln:miejscIIPWersja><sln:miejscIdTeryt>0228660</sln:miejscIdTeryt><sln:miejscNazwa>Kucębów-Odcinek</sln:miejscNazwa><sln:miejscRodzaj>Inny obiekt</sln:miejscRodzaj><sln:powIIPId>2e081013-33e6-408d-be60-cb22c1564176</sln:powIIPId><sln:powIIPPn>PL.PZGIK.200</sln:powIIPPn><sln:powIIPWersja>2012-09-27T09:32:07+02:00</sln:powIIPWersja><sln:powIdTeryt>2610</sln:powIdTeryt><sln:powNazwa>skarżyski</sln:powNazwa><sln:waznyOd>2015-08-05T00:00:00+02:00</sln:waznyOd><sln:wojIIPId>d021c0dd-b22e-4fcd-8444-904c64ec3aa8</sln:wojIIPId><sln:wojIIPPn>PL.PZGIK.200</sln:wojIIPPn><sln:wojIIPWersja>2012-09-27T13:45:13+02:00</sln:wojIIPWersja><sln:wojIdTeryt>26</sln:wojIdTeryt><sln:wojNazwa>świętokrzyskie</sln:wojNazwa></sln:miejscowosc><sln:miejscowosc><sln:cyklZyciaOd>2017-03-17T00:00:00+01:00</sln:cyklZyciaOd><sln:gmIIPId>2333bd31-0c5e-47a6-b48a-b51f26887b3c</sln:gmIIPId><sln:gmIIPPn>PL.PZGIK.200</sln:gmIIPPn><sln:gmIIPWersja>2012-09-26T22:19:46+02:00</sln:gmIIPWersja><sln:gmIdTeryt>2610022</sln:gmIdTeryt><sln:gmNazwa>Bliżyn</sln:gmNazwa><sln:miejscIIPId>70f91523-b4f6-4d7c-a895-0757642d75eb</sln:miejscIIPId><sln:miejscIIPPn>PL.PZGIK.200</sln:miejscIIPPn><sln:miejscIIPWersja>2017-03-17T08:43:00+02:00</sln:miejscIIPWersja><sln:miejscIdTeryt>0228683</sln:miejscIdTeryt><sln:miejscNazwa>Mroczków</sln:miejscNazwa><sln:miejscRodzaj>Wieś</sln:miejscRodzaj><sln:powIIPId>2e081013-33e6-408d-be60-cb22c1564176</sln:powIIPId><sln:powIIPPn>PL.PZGIK.200</sln:powIIPPn><sln:powIIPWersja>2012-09-27T09:32:07+02:00</sln:powIIPWersja><sln:powIdTeryt>2610</sln:powIdTeryt><sln:powNazwa>skarżyski</sln:powNazwa><sln:waznyOd>2015-08-05T00:00:00+02:00</sln:waznyOd><sln:wojIIPId>d021c0dd-b22e-4fcd-8444-904c64ec3aa8</sln:wojIIPId><sln:wojIIPPn>PL.PZGIK.200</sln:wojIIPPn><sln:wojIIPWersja>2012-09-27T13:45:13+02:00</sln:wojIIPWersja><sln:wojIdTeryt>26</sln:wojIdTeryt><sln:wojNazwa>świętokrzyskie</sln:wojNazwa></sln:miejscowosc><sln:miejscowosc><sln:cyklZyciaOd>2017-03-17T00:00:00+01:00</sln:cyklZyciaOd><sln:gmIIPId>2333bd31-0c5e-47a6-b48a-b51f26887b3c</sln:gmIIPId><sln:gmIIPPn>PL.PZGIK.200</sln:gmIIPPn><sln:gmIIPWersja>2012-09-26T22:19:46+02:00</sln:gmIIPWersja><sln:gmIdTeryt>2610022</sln:gmIdTeryt><sln:gmNazwa>Bliżyn</sln:gmNazwa><sln:miejscIIPId>3bcc58a6-0591-43ca-b661-1453b0315e2a</sln:miejscIIPId><sln:miejscIIPPn>PL.PZGIK.200</sln:miejscIIPPn><sln:miejscIIPWersja>2017-03-17T08:43:00+02:00</sln:miejscIIPWersja><sln:miejscIdTeryt>0228708</sln:miejscIdTeryt><sln:miejscNazwa>Mroczków-Kamionka</sln:miejscNazwa><sln:miejscRodzaj>Wieś</sln:miejscRodzaj><sln:powIIPId>2e081013-33e6-408d-be60-cb22c1564176</sln:powIIPId><sln:powIIPPn>PL.PZGIK.200</sln:powIIPPn><sln:powIIPWersja>2012-09-27T09:32:07+02:00</sln:powIIPWersja><sln:powIdTeryt>2610</sln:powIdTeryt><sln:powNazwa>skarżyski</sln:powNazwa><sln:waznyOd>2015-08-05T00:00:00+02:00</sln:waznyOd><sln:wojIIPId>d021c0dd-b22e-4fcd-8444-904c64ec3aa8</sln:wojIIPId><sln:wojIIPPn>PL.PZGIK.200</sln:wojIIPPn><sln:wojIIPWersja>2012-09-27T13:45:13+02:00</sln:wojIIPWersja><sln:wojIdTeryt>26</sln:wojIdTeryt><sln:wojNazwa>świętokrzyskie</sln:wojNazwa></sln:miejscowosc><sln:miejscowosc><sln:cyklZyciaOd>2017-03-17T00:00:00+01:00</sln:cyklZyciaOd><sln:gmIIPId>2333bd31-0c5e-47a6-b48a-b51f26887b3c</sln:gmIIPId><sln:gmIIPPn>PL.PZGIK.200</sln:gmIIPPn><sln:gmIIPWersja>2012-09-26T22:19:46+02:00</sln:gmIIPWersja><sln:gmIdTeryt>2610022</sln:gmIdTeryt><sln:gmNazwa>Bliżyn</sln:gmNazwa><sln:miejscIIPId>8d05c35b-4e34-4f1f-ba67-30924df5df8d</sln:miejscIIPId><sln:miejscIIPPn>PL.PZGIK.200</sln:miejscIIPPn><sln:miejscIIPWersja>2017-03-17T08:43:00+02:00</sln:miejscIIPWersja><sln:miejscIdTeryt>0228714</sln:miejscIdTeryt><sln:miejscNazwa>Mroczków-Kapturów</sln:miejscNazwa><sln:miejscRodzaj>Wieś</sln:miejscRodzaj><sln:powIIPId>2e081013-33e6-408d-be60-cb22c1564176</sln:powIIPId><sln:powIIPPn>PL.PZGIK.200</sln:powIIPPn><sln:powIIPWersja>2012-09-27T09:32:07+02:00</sln:powIIPWersja><sln:powIdTeryt>2610</sln:powIdTeryt><sln:powNazwa>skarżyski</sln:powNazwa><sln:waznyOd>2015-08-05T00:00:00+02:00</sln:waznyOd><sln:wojIIPId>d021c0dd-b22e-4fcd-8444-904c64ec3aa8</sln:wojIIPId><sln:wojIIPPn>PL.PZGIK.200</sln:wojIIPPn><sln:wojIIPWersja>2012-09-27T13:45:13+02:00</sln:wojIIPWersja><sln:wojIdTeryt>26</sln:wojIdTeryt><sln:wojNazwa>świętokrzyskie</sln:wojNazwa></sln:miejscowosc><sln:miejscowosc><sln:cyklZyciaOd>2017-03-17T00:00:00+01:00</sln:cyklZyciaOd><sln:gmIIPId>2333bd31-0c5e-47a6-b48a-b51f26887b3c</sln:gmIIPId><sln:gmIIPPn>PL.PZGIK.200</sln:gmIIPPn><sln:gmIIPWersja>2012-09-26T22:19:46+02:00</sln:gmIIPWersja><sln:gmIdTeryt>2610022</sln:gmIdTeryt><sln:gmNazwa>Bliżyn</sln:gmNazwa><sln:miejscIIPId>a08ff86f-3d47-42d8-a952-690393d98397</sln:miejscIIPId><sln:miejscIIPPn>PL.PZGIK.200</sln:miejscIIPPn><sln:miejscIIPWersja>2017-03-17T08:43:00+02:00</sln:miejscIIPWersja><sln:miejscIdTeryt>0228720</sln:miejscIdTeryt><sln:miejscNazwa>Nowki</sln:miejscNazwa><sln:miejscRodzaj>Wieś</sln:miejscRodzaj><sln:powIIPId>2e081013-33e6-408d-be60-cb22c1564176</sln:powIIPId><sln:powIIPPn>PL.PZGIK.200</sln:powIIPPn><sln:powIIPWersja>2012-09-27T09:32:07+02:00</sln:powIIPWersja><sln:powIdTeryt>2610</sln:powIdTeryt><sln:powNazwa>skarżyski</sln:powNazwa><sln:waznyOd>2015-08-05T00:00:00+02:00</sln:waznyOd><sln:wojIIPId>d021c0dd-b22e-4fcd-8444-904c64ec3aa8</sln:wojIIPId><sln:wojIIPPn>PL.PZGIK.200</sln:wojIIPPn><sln:wojIIPWersja>2012-09-27T13:45:13+02:00</sln:wojIIPWersja><sln:wojIdTeryt>26</sln:wojIdTeryt><sln:wojNazwa>świętokrzyskie</sln:wojNazwa></sln:miejscowosc><sln:miejscowosc><sln:cyklZyciaOd>2017-03-17T00:00:00+01:00</sln:cyklZyciaOd><sln:gmIIPId>2333bd31-0c5e-47a6-b48a-b51f26887b3c</sln:gmIIPId><sln:gmIIPPn>PL.PZGIK.200</sln:gmIIPPn><sln:gmIIPWersja>2012-09-26T22:19:46+02:00</sln:gmIIPWersja><sln:gmIdTeryt>2610022</sln:gmIdTeryt><sln:gmNazwa>Bliżyn</sln:gmNazwa><sln:miejscIIPId>318af4f3-7775-4f02-9e37-ba6a04bda92a</sln:miejscIIPId><sln:miejscIIPPn>PL.PZGIK.200</sln:miejscIIPPn><sln:miejscIIPWersja>2017-03-17T08:43:00+02:00</sln:miejscIIPWersja><sln:miejscIdTeryt>0228743</sln:miejscIdTeryt><sln:miejscNazwa>Nowy Odrowążek</sln:miejscNazwa><sln:miejscRodzaj>Wieś</sln:miejscRodzaj><sln:powIIPId>2e081013-33e6-408d-be60-cb22c1564176</sln:powIIPId><sln:powIIPPn>PL.PZGIK.200</sln:powIIPPn><sln:powIIPWersja>2012-09-27T09:32:07+02:00</sln:powIIPWersja><sln:powIdTeryt>2610</sln:powIdTeryt><sln:powNazwa>skarżyski</sln:powNazwa><sln:waznyOd>2015-08-05T00:00:00+02:00</sln:waznyOd><sln:wojIIPId>d021c0dd-b22e-4fcd-8444-904c64ec3aa8</sln:wojIIPId><sln:wojIIPPn>PL.PZGIK.200</sln:wojIIPPn><sln:wojIIPWersja>2012-09-27T13:45:13+02:00</sln:wojIIPWersja><sln:wojIdTeryt>26</sln:wojIdTeryt><sln:wojNazwa>świętokrzyskie</sln:wojNazwa></sln:miejscowosc><sln:miejscowosc><sln:cyklZyciaOd>2017-03-17T00:00:00+01:00</sln:cyklZyciaOd><sln:gmIIPId>2333bd31-0c5e-47a6-b48a-b51f26887b3c</sln:gmIIPId><sln:gmIIPPn>PL.PZGIK.200</sln:gmIIPPn><sln:gmIIPWersja>2012-09-26T22:19:46+02:00</sln:gmIIPWersja><sln:gmIdTeryt>2610022</sln:gmIdTeryt><sln:gmNazwa>Bliżyn</sln:gmNazwa><sln:miejscIIPId>27dc4e2c-ad04-457d-82ea-7ce9c83617bc</sln:miejscIIPId><sln:miejscIIPPn>PL.PZGIK.200</sln:miejscIIPPn><sln:miejscIIPWersja>2017-03-17T08:43:00+02:00</sln:miejscIIPWersja><sln:miejscIdTeryt>0228772</sln:miejscIdTeryt><sln:miejscNazwa>Odrowążek</sln:miejscNazwa><sln:miejscRodzaj>Wieś</sln:miejscRodzaj><sln:powIIPId>2e081013-33e6-408d-be60-cb22c1564176</sln:powIIPId><sln:powIIPPn>PL.PZGIK.200</sln:powIIPPn><sln:powIIPWersja>2012-09-27T09:32:07+02:00</sln:powIIPWersja><sln:powIdTeryt>2610</sln:powIdTeryt><sln:powNazwa>skarżyski</sln:powNazwa><sln:waznyOd>2015-08-05T00:00:00+02:00</sln:waznyOd><sln:wojIIPId>d021c0dd-b22e-4fcd-8444-904c64ec3aa8</sln:wojIIPId><sln:wojIIPPn>PL.PZGIK.200</sln:wojIIPPn><sln:wojIIPWersja>2012-09-27T13:45:13+02:00</sln:wojIIPWersja><sln:wojIdTeryt>26</sln:wojIdTeryt><sln:wojNazwa>świętokrzyskie</sln:wojNazwa></sln:miejscowosc><sln:miejscowosc><sln:cyklZyciaOd>2017-03-17T00:00:00+01:00</sln:cyklZyciaOd><sln:gmIIPId>2333bd31-0c5e-47a6-b48a-b51f26887b3c</sln:gmIIPId><sln:gmIIPPn>PL.PZGIK.200</sln:gmIIPPn><sln:gmIIPWersja>2012-09-26T22:19:46+02:00</sln:gmIIPWersja><sln:gmIdTeryt>2610022</sln:gmIdTeryt><sln:gmNazwa>Bliżyn</sln:gmNazwa><sln:miejscIIPId>fe1b9232-f434-48ef-a6d0-eb86fc32b7f5</sln:miejscIIPId><sln:miejscIIPPn>PL.PZGIK.200</sln:miejscIIPPn><sln:miejscIIPWersja>2017-03-17T08:43:00+02:00</sln:miejscIIPWersja><sln:miejscIdTeryt>0228795</sln:miejscIdTeryt><sln:miejscNazwa>Płaczków</sln:miejscNazwa><sln:miejscRodzaj>Wieś</sln:miejscRodzaj><sln:powIIPId>2e081013-33e6-408d-be60-cb22c1564176</sln:powIIPId><sln:powIIPPn>PL.PZGIK.200</sln:powIIPPn><sln:powIIPWersja>2012-09-27T09:32:07+02:00</sln:powIIPWersja><sln:powIdTeryt>2610</sln:powIdTeryt><sln:powNazwa>skarżyski</sln:powNazwa><sln:waznyOd>2015-08-05T00:00:00+02:00</sln:waznyOd><sln:wojIIPId>d021c0dd-b22e-4fcd-8444-904c64ec3aa8</sln:wojIIPId><sln:wojIIPPn>PL.PZGIK.200</sln:wojIIPPn><sln:wojIIPWersja>2012-09-27T13:45:13+02:00</sln:wojIIPWersja><sln:wojIdTeryt>26</sln:wojIdTeryt><sln:wojNazwa>świętokrzyskie</sln:wojNazwa></sln:miejscowosc><sln:miejscowosc><sln:cyklZyciaOd>2017-03-17T00:00:00+01:00</sln:cyklZyciaOd><sln:gmIIPId>2333bd31-0c5e-47a6-b48a-b51f26887b3c</sln:gmIIPId><sln:gmIIPPn>PL.PZGIK.200</sln:gmIIPPn><sln:gmIIPWersja>2012-09-26T22:19:46+02:00</sln:gmIIPWersja><sln:gmIdTeryt>2610022</sln:gmIdTeryt><sln:gmNazwa>Bliżyn</sln:gmNazwa><sln:miejscIIPId>0d1e5f94-e947-42b9-89d9-6fc754792dba</sln:miejscIIPId><sln:miejscIIPPn>PL.PZGIK.200</sln:miejscIIPPn><sln:miejscIIPWersja>2017-03-17T08:43:01+02:00</sln:miejscIIPWersja><sln:miejscIdTeryt>0228803</sln:miejscIdTeryt><sln:miejscNazwa>Płaczków-Piechotne</sln:miejscNazwa><sln:miejscRodzaj>Inny obiekt</sln:miejscRodzaj><sln:powIIPId>2e081013-33e6-408d-be60-cb22c1564176</sln:powIIPId><sln:powIIPPn>PL.PZGIK.200</sln:powIIPPn><sln:powIIPWersja>2012-09-27T09:32:07+02:00</sln:powIIPWersja><sln:powIdTeryt>2610</sln:powIdTeryt><sln:powNazwa>skarżyski</sln:powNazwa><sln:waznyOd>2015-08-05T00:00:00+02:00</sln:waznyOd><sln:wojIIPId>d021c0dd-b22e-4fcd-8444-904c64ec3aa8</sln:wojIIPId><sln:wojIIPPn>PL.PZGIK.200</sln:wojIIPPn><sln:wojIIPWersja>2012-09-27T13:45:13+02:00</sln:wojIIPWersja><sln:wojIdTeryt>26</sln:wojIdTeryt><sln:wojNazwa>świętokrzyskie</sln:wojNazwa></sln:miejscowosc><sln:miejscowosc><sln:cyklZyciaOd>2017-03-17T00:00:00+01:00</sln:cyklZyciaOd><sln:gmIIPId>2333bd31-0c5e-47a6-b48a-b51f26887b3c</sln:gmIIPId><sln:gmIIPPn>PL.PZGIK.200</sln:gmIIPPn><sln:gmIIPWersja>2012-09-26T22:19:46+02:00</sln:gmIIPWersja><sln:gmIdTeryt>2610022</sln:gmIdTeryt><sln:gmNazwa>Bliżyn</sln:gmNazwa><sln:miejscIIPId>fd7de86b-9379-4f41-88bb-1077b27a7e75</sln:miejscIIPId><sln:miejscIIPPn>PL.PZGIK.200</sln:miejscIIPPn><sln:miejscIIPWersja>2017-03-17T08:43:01+02:00</sln:miejscIIPWersja><sln:miejscIdTeryt>0228810</sln:miejscIdTeryt><sln:miejscNazwa>Pięty</sln:miejscNazwa><sln:miejscRodzaj>Wieś</sln:miejscRodzaj><sln:powIIPId>2e081013-33e6-408d-be60-cb22c1564176</sln:powIIPId><sln:powIIPPn>PL.PZGIK.200</sln:powIIPPn><sln:powIIPWersja>2012-09-27T09:32:07+02:00</sln:powIIPWersja><sln:powIdTeryt>2610</sln:powIdTeryt><sln:powNazwa>skarżyski</sln:powNazwa><sln:waznyOd>2015-08-05T00:00:00+02:00</sln:waznyOd><sln:wojIIPId>d021c0dd-b22e-4fcd-8444-904c64ec3aa8</sln:wojIIPId><sln:wojIIPPn>PL.PZGIK.200</sln:wojIIPPn><sln:wojIIPWersja>2012-09-27T13:45:13+02:00</sln:wojIIPWersja><sln:wojIdTeryt>26</sln:wojIdTeryt><sln:wojNazwa>świętokrzyskie</sln:wojNazwa></sln:miejscowosc><sln:miejscowosc><sln:cyklZyciaOd>2017-03-17T00:00:00+01:00</sln:cyklZyciaOd><sln:gmIIPId>2333bd31-0c5e-47a6-b48a-b51f26887b3c</sln:gmIIPId><sln:gmIIPPn>PL.PZGIK.200</sln:gmIIPPn><sln:gmIIPWersja>2012-09-26T22:19:46+02:00</sln:gmIIPWersja><sln:gmIdTeryt>2610022</sln:gmIdTeryt><sln:gmNazwa>Bliżyn</sln:gmNazwa><sln:miejscIIPId>ab83b5d0-4cdb-43b2-a15f-f30ba8f745b8</sln:miejscIIPId><sln:miejscIIPPn>PL.PZGIK.200</sln:miejscIIPPn><sln:miejscIIPWersja>2017-03-17T08:43:01+02:00</sln:miejscIIPWersja><sln:miejscIdTeryt>0228826</sln:miejscIdTeryt><sln:miejscNazwa>Sołtyków</sln:miejscNazwa><sln:miejscRodzaj>Wieś</sln:miejscRodzaj><sln:powIIPId>2e081013-33e6-408d-be60-cb22c1564176</sln:powIIPId><sln:powIIPPn>PL.PZGIK.200</sln:powIIPPn><sln:powIIPWersja>2012-09-27T09:32:07+02:00</sln:powIIPWersja><sln:powIdTeryt>2610</sln:powIdTeryt><sln:powNazwa>skarżyski</sln:powNazwa><sln:waznyOd>2015-08-05T00:00:00+02:00</sln:waznyOd><sln:wojIIPId>d021c0dd-b22e-4fcd-8444-904c64ec3aa8</sln:wojIIPId><sln:wojIIPPn>PL.PZGIK.200</sln:wojIIPPn><sln:wojIIPWersja>2012-09-27T13:45:13+02:00</sln:wojIIPWersja><sln:wojIdTeryt>26</sln:wojIdTeryt><sln:wojNazwa>świętokrzyskie</sln:wojNazwa></sln:miejscowosc><sln:miejscowosc><sln:cyklZyciaOd>2017-03-17T00:00:00+01:00</sln:cyklZyciaOd><sln:gmIIPId>2333bd31-0c5e-47a6-b48a-b51f26887b3c</sln:gmIIPId><sln:gmIIPPn>PL.PZGIK.200</sln:gmIIPPn><sln:gmIIPWersja>2012-09-26T22:19:46+02:00</sln:gmIIPWersja><sln:gmIdTeryt>2610022</sln:gmIdTeryt><sln:gmNazwa>Bliżyn</sln:gmNazwa><sln:miejscIIPId>158fdf16-d17b-49d2-b3ab-cc94dbdd32c4</sln:miejscIIPId><sln:miejscIIPPn>PL.PZGIK.200</sln:miejscIIPPn><sln:miejscIIPWersja>2017-03-17T08:43:01+02:00</sln:miejscIIPWersja><sln:miejscIdTeryt>0228832</sln:miejscIdTeryt><sln:miejscNazwa>Rędocin</sln:miejscNazwa><sln:miejscRodzaj>Wieś</sln:miejscRodzaj><sln:powIIPId>2e081013-33e6-408d-be60-cb22c1564176</sln:powIIPId><sln:powIIPPn>PL.PZGIK.200</sln:powIIPPn><sln:powIIPWersja>2012-09-27T09:32:07+02:00</sln:powIIPWersja><sln:powIdTeryt>2610</sln:powIdTeryt><sln:powNazwa>skarżyski</sln:powNazwa><sln:waznyOd>2015-08-05T00:00:00+02:00</sln:waznyOd><sln:wojIIPId>d021c0dd-b22e-4fcd-8444-904c64ec3aa8</sln:wojIIPId><sln:wojIIPPn>PL.PZGIK.200</sln:wojIIPPn><sln:wojIIPWersja>2012-09-27T13:45:13+02:00</sln:wojIIPWersja><sln:wojIdTeryt>26</sln:wojIdTeryt><sln:wojNazwa>świętokrzyskie</sln:wojNazwa></sln:miejscowosc><sln:miejscowosc><sln:cyklZyciaOd>2017-03-17T00:00:00+01:00</sln:cyklZyciaOd><sln:gmIIPId>2333bd31-0c5e-47a6-b48a-b51f26887b3c</sln:gmIIPId><sln:gmIIPPn>PL.PZGIK.200</sln:gmIIPPn><sln:gmIIPWersja>2012-09-26T22:19:46+02:00</sln:gmIIPWersja><sln:gmIdTeryt>2610022</sln:gmIdTeryt><sln:gmNazwa>Bliżyn</sln:gmNazwa><sln:miejscIIPId>3b8f01ba-f521-417c-8325-8ebf2e1aa6b2</sln:miejscIIPId><sln:miejscIIPPn>PL.PZGIK.200</sln:miejscIIPPn><sln:miejscIIPWersja>2017-03-17T08:43:01+02:00</sln:miejscIIPWersja><sln:miejscIdTeryt>0228849</sln:miejscIdTeryt><sln:miejscNazwa>Sobótka</sln:miejscNazwa><sln:miejscRodzaj>Wieś</sln:miejscRodzaj><sln:powIIPId>2e081013-33e6-408d-be60-cb22c1564176</sln:powIIPId><sln:powIIPPn>PL.PZGIK.200</sln:powIIPPn><sln:powIIPWersja>2012-09-27T09:32:07+02:00</sln:powIIPWersja><sln:powIdTeryt>2610</sln:powIdTeryt><sln:powNazwa>skarżyski</sln:powNazwa><sln:waznyOd>2015-08-05T00:00:00+02:00</sln:waznyOd><sln:wojIIPId>d021c0dd-b22e-4fcd-8444-904c64ec3aa8</sln:wojIIPId><sln:wojIIPPn>PL.PZGIK.200</sln:wojIIPPn><sln:wojIIPWersja>2012-09-27T13:45:13+02:00</sln:wojIIPWersja><sln:wojIdTeryt>26</sln:wojIdTeryt><sln:wojNazwa>świętokrzyskie</sln:wojNazwa></sln:miejscowosc><sln:miejscowosc><sln:cyklZyciaOd>2017-03-17T00:00:00+01:00</sln:cyklZyciaOd><sln:gmIIPId>2333bd31-0c5e-47a6-b48a-b51f26887b3c</sln:gmIIPId><sln:gmIIPPn>PL.PZGIK.200</sln:gmIIPPn><sln:gmIIPWersja>2012-09-26T22:19:46+02:00</sln:gmIIPWersja><sln:gmIdTeryt>2610022</sln:gmIdTeryt><sln:gmNazwa>Bliżyn</sln:gmNazwa><sln:miejscIIPId>953dc5ca-7fe8-4f43-a99c-7a4193cc3cf6</sln:miejscIIPId><sln:miejscIIPPn>PL.PZGIK.200</sln:miejscIIPPn><sln:miejscIIPWersja>2017-03-17T08:43:01+02:00</sln:miejscIIPWersja><sln:miejscIdTeryt>0228855</sln:miejscIdTeryt><sln:miejscNazwa>Sorbin</sln:miejscNazwa><sln:miejscRodzaj>Wieś</sln:miejscRodzaj><sln:powIIPId>2e081013-33e6-408d-be60-cb22c1564176</sln:powIIPId><sln:powIIPPn>PL.PZGIK.200</sln:powIIPPn><sln:powIIPWersja>2012-09-27T09:32:07+02:00</sln:powIIPWersja><sln:powIdTeryt>2610</sln:powIdTeryt><sln:powNazwa>skarżyski</sln:powNazwa><sln:waznyOd>2015-08-05T00:00:00+02:00</sln:waznyOd><sln:wojIIPId>d021c0dd-b22e-4fcd-8444-904c64ec3aa8</sln:wojIIPId><sln:wojIIPPn>PL.PZGIK.200</sln:wojIIPPn><sln:wojIIPWersja>2012-09-27T13:45:13+02:00</sln:wojIIPWersja><sln:wojIdTeryt>26</sln:wojIdTeryt><sln:wojNazwa>świętokrzyskie</sln:wojNazwa></sln:miejscowosc><sln:miejscowosc><sln:cyklZyciaOd>2017-03-17T00:00:00+01:00</sln:cyklZyciaOd><sln:gmIIPId>2333bd31-0c5e-47a6-b48a-b51f26887b3c</sln:gmIIPId><sln:gmIIPPn>PL.PZGIK.200</sln:gmIIPPn><sln:gmIIPWersja>2012-09-26T22:19:46+02:00</sln:gmIIPWersja><sln:gmIdTeryt>2610022</sln:gmIdTeryt><sln:gmNazwa>Bliżyn</sln:gmNazwa><sln:miejscIIPId>a553c546-a759-4d9c-bc01-3686c89afd2a</sln:miejscIIPId><sln:miejscIIPPn>PL.PZGIK.200</sln:miejscIIPPn><sln:miejscIIPWersja>2017-03-17T08:43:01+02:00</sln:miejscIIPWersja><sln:miejscIdTeryt>0228938</sln:miejscIdTeryt><sln:miejscNazwa>Ubyszów</sln:miejscNazwa><sln:miejscRodzaj>Wieś</sln:miejscRodzaj><sln:powIIPId>2e081013-33e6-408d-be60-cb22c1564176</sln:powIIPId><sln:powIIPPn>PL.PZGIK.200</sln:powIIPPn><sln:powIIPWersja>2012-09-27T09:32:07+02:00</sln:powIIPWersja><sln:powIdTeryt>2610</sln:powIdTeryt><sln:powNazwa>skarżyski</sln:powNazwa><sln:waznyOd>2015-08-05T00:00:00+02:00</sln:waznyOd><sln:wojIIPId>d021c0dd-b22e-4fcd-8444-904c64ec3aa8</sln:wojIIPId><sln:wojIIPPn>PL.PZGIK.200</sln:wojIIPPn><sln:wojIIPWersja>2012-09-27T13:45:13+02:00</sln:wojIIPWersja><sln:wojIdTeryt>26</sln:wojIdTeryt><sln:wojNazwa>świętokrzyskie</sln:wojNazwa></sln:miejscowosc><sln:miejscowosc><sln:cyklZyciaOd>2017-03-17T00:00:00+01:00</sln:cyklZyciaOd><sln:gmIIPId>2333bd31-0c5e-47a6-b48a-b51f26887b3c</sln:gmIIPId><sln:gmIIPPn>PL.PZGIK.200</sln:gmIIPPn><sln:gmIIPWersja>2012-09-26T22:19:46+02:00</sln:gmIIPWersja><sln:gmIdTeryt>2610022</sln:gmIdTeryt><sln:gmNazwa>Bliżyn</sln:gmNazwa><sln:miejscIIPId>ca370983-b8c4-4950-92ff-8b21aa7ffcce</sln:miejscIIPId><sln:miejscIIPPn>PL.PZGIK.200</sln:miejscIIPPn><sln:miejscIIPWersja>2017-03-17T08:43:01+02:00</sln:miejscIIPWersja><sln:miejscIdTeryt>0228980</sln:miejscIdTeryt><sln:miejscNazwa>Wojtyniów</sln:miejscNazwa><sln:miejscRodzaj>Wieś</sln:miejscRodzaj><sln:powIIPId>2e081013-33e6-408d-be60-cb22c1564176</sln:powIIPId><sln:powIIPPn>PL.PZGIK.200</sln:powIIPPn><sln:powIIPWersja>2012-09-27T09:32:07+02:00</sln:powIIPWersja><sln:powIdTeryt>2610</sln:powIdTeryt><sln:powNazwa>skarżyski</sln:powNazwa><sln:waznyOd>2015-08-05T00:00:00+02:00</sln:waznyOd><sln:wojIIPId>d021c0dd-b22e-4fcd-8444-904c64ec3aa8</sln:wojIIPId><sln:wojIIPPn>PL.PZGIK.200</sln:wojIIPPn><sln:wojIIPWersja>2012-09-27T13:45:13+02:00</sln:wojIIPWersja><sln:wojIdTeryt>26</sln:wojIdTeryt><sln:wojNazwa>świętokrzyskie</sln:wojNazwa></sln:miejscowosc><sln:miejscowosc><sln:cyklZyciaOd>2017-03-17T00:00:00+01:00</sln:cyklZyciaOd><sln:gmIIPId>2333bd31-0c5e-47a6-b48a-b51f26887b3c</sln:gmIIPId><sln:gmIIPPn>PL.PZGIK.200</sln:gmIIPPn><sln:gmIIPWersja>2012-09-26T22:19:46+02:00</sln:gmIIPWersja><sln:gmIdTeryt>2610022</sln:gmIdTeryt><sln:gmNazwa>Bliżyn</sln:gmNazwa><sln:miejscIIPId>1e2da97f-23cc-463c-aa10-b8294029127b</sln:miejscIIPId><sln:miejscIIPPn>PL.PZGIK.200</sln:miejscIIPPn><sln:miejscIIPWersja>2017-03-17T08:43:01+02:00</sln:miejscIIPWersja><sln:miejscIdTeryt>0229033</sln:miejscIdTeryt><sln:miejscNazwa>Wołów</sln:miejscNazwa><sln:miejscRodzaj>Wieś</sln:miejscRodzaj><sln:powIIPId>2e081013-33e6-408d-be60-cb22c1564176</sln:powIIPId><sln:powIIPPn>PL.PZGIK.200</sln:powIIPPn><sln:powIIPWersja>2012-09-27T09:32:07+02:00</sln:powIIPWersja><sln:powIdTeryt>2610</sln:powIdTeryt><sln:powNazwa>skarżyski</sln:powNazwa><sln:waznyOd>2015-08-05T00:00:00+02:00</sln:waznyOd><sln:wojIIPId>d021c0dd-b22e-4fcd-8444-904c64ec3aa8</sln:wojIIPId><sln:wojIIPPn>PL.PZGIK.200</sln:wojIIPPn><sln:wojIIPWersja>2012-09-27T13:45:13+02:00</sln:wojIIPWersja><sln:wojIdTeryt>26</sln:wojIdTeryt><sln:wojNazwa>świętokrzyskie</sln:wojNazwa></sln:miejscowosc><sln:miejscowosc><sln:cyklZyciaOd>2017-03-17T00:00:00+01:00</sln:cyklZyciaOd><sln:gmIIPId>2333bd31-0c5e-47a6-b48a-b51f26887b3c</sln:gmIIPId><sln:gmIIPPn>PL.PZGIK.200</sln:gmIIPPn><sln:gmIIPWersja>2012-09-26T22:19:46+02:00</sln:gmIIPWersja><sln:gmIdTeryt>2610022</sln:gmIdTeryt><sln:gmNazwa>Bliżyn</sln:gmNazwa><sln:miejscIIPId>1632e34b-f0f5-4cf4-9033-83602ed3b361</sln:miejscIIPId><sln:miejscIIPPn>PL.PZGIK.200</sln:miejscIIPPn><sln:miejscIIPWersja>2017-03-17T08:43:02+02:00</sln:miejscIIPWersja><sln:miejscIdTeryt>0229085</sln:miejscIdTeryt><sln:miejscNazwa>Zagórze</sln:miejscNazwa><sln:miejscRodzaj>Wieś</sln:miejscRodzaj><sln:powIIPId>2e081013-33e6-408d-be60-cb22c1564176</sln:powIIPId><sln:powIIPPn>PL.PZGIK.200</sln:powIIPPn><sln:powIIPWersja>2012-09-27T09:32:07+02:00</sln:powIIPWersja><sln:powIdTeryt>2610</sln:powIdTeryt><sln:powNazwa>skarżyski</sln:powNazwa><sln:waznyOd>2015-08-05T00:00:00+02:00</sln:waznyOd><sln:wojIIPId>d021c0dd-b22e-4fcd-8444-904c64ec3aa8</sln:wojIIPId><sln:wojIIPPn>PL.PZGIK.200</sln:wojIIPPn><sln:wojIIPWersja>2012-09-27T13:45:13+02:00</sln:wojIIPWersja><sln:wojIdTeryt>26</sln:wojIdTeryt><sln:wojNazwa>świętokrzyskie</sln:wojNazwa></sln:miejscowosc><sln:miejscowosc><sln:cyklZyciaOd>2017-03-17T00:00:00+01:00</sln:cyklZyciaOd><sln:gmIIPId>2333bd31-0c5e-47a6-b48a-b51f26887b3c</sln:gmIIPId><sln:gmIIPPn>PL.PZGIK.200</sln:gmIIPPn><sln:gmIIPWersja>2012-09-26T22:19:46+02:00</sln:gmIIPWersja><sln:gmIdTeryt>2610022</sln:gmIdTeryt><sln:gmNazwa>Bliżyn</sln:gmNazwa><sln:miejscIIPId>ef7c6d62-7022-41e1-ab25-dc15c724df6d</sln:miejscIIPId><sln:miejscIIPPn>PL.PZGIK.200</sln:miejscIIPPn><sln:miejscIIPWersja>2017-03-17T08:43:02+02:00</sln:miejscIIPWersja><sln:miejscIdTeryt>0229116</sln:miejscIdTeryt><sln:miejscNazwa>Zbrojów</sln:miejscNazwa><sln:miejscRodzaj>Wieś</sln:miejscRodzaj><sln:powIIPId>2e081013-33e6-408d-be60-cb22c1564176</sln:powIIPId><sln:powIIPPn>PL.PZGIK.200</sln:powIIPPn><sln:powIIPWersja>2012-09-27T09:32:07+02:00</sln:powIIPWersja><sln:powIdTeryt>2610</sln:powIdTeryt><sln:powNazwa>skarżyski</sln:powNazwa><sln:waznyOd>2015-08-05T00:00:00+02:00</sln:waznyOd><sln:wojIIPId>d021c0dd-b22e-4fcd-8444-904c64ec3aa8</sln:wojIIPId><sln:wojIIPPn>PL.PZGIK.200</sln:wojIIPPn><sln:wojIIPWersja>2012-09-27T13:45:13+02:00</sln:wojIIPWersja><sln:wojIdTeryt>26</sln:wojIdTeryt><sln:wojNazwa>świętokrzyskie</sln:wojNazwa></sln:miejscowosc></sln:lista-miejscowosci>