<?xml version="1.0" encoding="UTF-8" standalone="yes"?><sln:lista-miejscowosci xmlns:srv="http://gugik.gov.pl/schemas/slowniki-service/1.0" xmlns:sln="http://gugik.gov.pl/schemas/slowniki-schema/1.0"><sln:miejscowosc><sln:cyklZyciaOd>2014-10-09T00:00:00+02:00</sln:cyklZyciaOd><sln:gmIIPId>1b103bc3-3e72-4792-951e-9518097a175a</sln:gmIIPId><sln:gmIIPPn>PL.PZGIK.200</sln:gmIIPPn><sln:gmIIPWersja>2012-09-26T22:19:52+02:00</sln:gmIIPWersja><sln:gmIdTeryt>2611053</sln:gmIdTeryt><sln:gmNazwa>Wąchock</sln:gmNazwa><sln:miejscIIPId>15bab10c-a21b-4037-b1d3-df3bed99d813</sln:miejscIIPId><sln:miejscIIPPn>PL.PZGIK.200</sln:miejscIIPPn><sln:miejscIIPWersja>2016-11-24T13:33:02+02:00</sln:miejscIIPWersja><sln:miejscIdTeryt>0276819</sln:miejscIdTeryt><sln:miejscNazwa>Węglów</sln:miejscNazwa><sln:miejscRodzaj>Wieś</sln:miejscRodzaj><sln:powIIPId>07dacb68-acb7-458b-ba52-81a79204b9da</sln:powIIPId><sln:powIIPPn>PL.PZGIK.200</sln:powIIPPn><sln:powIIPWersja>2012-09-27T09:32:07+02:00</sln:powIIPWersja><sln:powIdTeryt>2611</sln:powIdTeryt><sln:powNazwa>starachowicki</sln:powNazwa><sln:wojIIPId>d021c0dd-b22e-4fcd-8444-904c64ec3aa8</sln:wojIIPId><sln:wojIIPPn>PL.PZGIK.200</sln:wojIIPPn><sln:wojIIPWersja>2012-09-27T13:45:13+02:00</sln:wojIIPWersja><sln:wojIdTeryt>26</sln:wojIdTeryt><sln:wojNazwa>świętokrzyskie</sln:wojNazwa></sln:miejscowosc><sln:miejscowosc><sln:cyklZyciaDo>2016-11-27T00:00:00+01:00</sln:cyklZyciaDo><sln:cyklZyciaOd>2014-10-09T00:00:00+02:00</sln:cyklZyciaOd><sln:gmIIPId>1b103bc3-3e72-4792-951e-9518097a175a</sln:gmIIPId><sln:gmIIPPn>PL.PZGIK.200</sln:gmIIPPn><sln:gmIIPWersja>2012-09-26T22:19:52+02:00</sln:gmIIPWersja><sln:gmIdTeryt>2611053</sln:gmIdTeryt><sln:gmNazwa>Wąchock</sln:gmNazwa><sln:miejscIIPId>45ee9735-c575-434f-9901-db7e329e7bd5</sln:miejscIIPId><sln:miejscIIPPn>PL.PZGIK.200</sln:miejscIIPPn><sln:miejscIIPWersja>2016-11-24T13:39:34+02:00</sln:miejscIIPWersja><sln:miejscIdTeryt>3014107</sln:miejscIdTeryt><sln:miejscNazwa>Kobyle</sln:miejscNazwa><sln:miejscRodzaj>Inny obiekt</sln:miejscRodzaj><sln:powIIPId>07dacb68-acb7-458b-ba52-81a79204b9da</sln:powIIPId><sln:powIIPPn>PL.PZGIK.200</sln:powIIPPn><sln:powIIPWersja>2012-09-27T09:32:07+02:00</sln:powIIPWersja><sln:powIdTeryt>2611</sln:powIdTeryt><sln:powNazwa>starachowicki</sln:powNazwa><sln:wojIIPId>d021c0dd-b22e-4fcd-8444-904c64ec3aa8</sln:wojIIPId><sln:wojIIPPn>PL.PZGIK.200</sln:wojIIPPn><sln:wojIIPWersja>2012-09-27T13:45:13+02:00</sln:wojIIPWersja><sln:wojIdTeryt>26</sln:wojIdTeryt><sln:wojNazwa>świętokrzyskie</sln:wojNazwa></sln:miejscowosc><sln:miejscowosc><sln:cyklZyciaDo>2016-11-27T00:00:00+01:00</sln:cyklZyciaDo><sln:cyklZyciaOd>2014-10-09T00:00:00+02:00</sln:cyklZyciaOd><sln:gmIIPId>1b103bc3-3e72-4792-951e-9518097a175a</sln:gmIIPId><sln:gmIIPPn>PL.PZGIK.200</sln:gmIIPPn><sln:gmIIPWersja>2012-09-26T22:19:52+02:00</sln:gmIIPWersja><sln:gmIdTeryt>2611053</sln:gmIdTeryt><sln:gmNazwa>Wąchock</sln:gmNazwa><sln:miejscIIPId>e0e498fc-924d-470a-b854-ddecd29b11ac</sln:miejscIIPId><sln:miejscIIPPn>PL.PZGIK.200</sln:miejscIIPPn><sln:miejscIIPWersja>2016-11-24T13:29:42+02:00</sln:miejscIIPWersja><sln:miejscIdTeryt>3004010</sln:miejscIdTeryt><sln:miejscNazwa>Redzik Dolny</sln:miejscNazwa><sln:miejscRodzaj>Inny obiekt</sln:miejscRodzaj><sln:powIIPId>07dacb68-acb7-458b-ba52-81a79204b9da</sln:powIIPId><sln:powIIPPn>PL.PZGIK.200</sln:powIIPPn><sln:powIIPWersja>2012-09-27T09:32:07+02:00</sln:powIIPWersja><sln:powIdTeryt>2611</sln:powIdTeryt><sln:powNazwa>starachowicki</sln:powNazwa><sln:wojIIPId>d021c0dd-b22e-4fcd-8444-904c64ec3aa8</sln:wojIIPId><sln:wojIIPPn>PL.PZGIK.200</sln:wojIIPPn><sln:wojIIPWersja>2012-09-27T13:45:13+02:00</sln:wojIIPWersja><sln:wojIdTeryt>26</sln:wojIdTeryt><sln:wojNazwa>świętokrzyskie</sln:wojNazwa></sln:miejscowosc><sln:miejscowosc><sln:cyklZyciaDo>2016-11-27T00:00:00+01:00</sln:cyklZyciaDo><sln:cyklZyciaOd>2014-10-09T00:00:00+02:00</sln:cyklZyciaOd><sln:gmIIPId>1b103bc3-3e72-4792-951e-9518097a175a</sln:gmIIPId><sln:gmIIPPn>PL.PZGIK.200</sln:gmIIPPn><sln:gmIIPWersja>2012-09-26T22:19:52+02:00</sln:gmIIPWersja><sln:gmIdTeryt>2611053</sln:gmIdTeryt><sln:gmNazwa>Wąchock</sln:gmNazwa><sln:miejscIIPId>d67b0d7a-159a-4cfe-886f-f382d06b6ba3</sln:miejscIIPId><sln:miejscIIPPn>PL.PZGIK.200</sln:miejscIIPPn><sln:miejscIIPWersja>2016-11-24T13:30:39+02:00</sln:miejscIIPWersja><sln:miejscIdTeryt>3005976</sln:miejscIdTeryt><sln:miejscNazwa>Skały</sln:miejscNazwa><sln:miejscRodzaj>Inny obiekt</sln:miejscRodzaj><sln:powIIPId>07dacb68-acb7-458b-ba52-81a79204b9da</sln:powIIPId><sln:powIIPPn>PL.PZGIK.200</sln:powIIPPn><sln:powIIPWersja>2012-09-27T09:32:07+02:00</sln:powIIPWersja><sln:powIdTeryt>2611</sln:powIdTeryt><sln:powNazwa>starachowicki</sln:powNazwa><sln:wojIIPId>d021c0dd-b22e-4fcd-8444-904c64ec3aa8</sln:wojIIPId><sln:wojIIPPn>PL.PZGIK.200</sln:wojIIPPn><sln:wojIIPWersja>2012-09-27T13:45:13+02:00</sln:wojIIPWersja><sln:wojIdTeryt>26</sln:wojIdTeryt><sln:wojNazwa>świętokrzyskie</sln:wojNazwa></sln:miejscowosc><sln:miejscowosc><sln:cyklZyciaDo>2016-11-27T00:00:00+01:00</sln:cyklZyciaDo><sln:cyklZyciaOd>2014-10-09T00:00:00+02:00</sln:cyklZyciaOd><sln:gmIIPId>1b103bc3-3e72-4792-951e-9518097a175a</sln:gmIIPId><sln:gmIIPPn>PL.PZGIK.200</sln:gmIIPPn><sln:gmIIPWersja>2012-09-26T22:19:52+02:00</sln:gmIIPWersja><sln:gmIdTeryt>2611053</sln:gmIdTeryt><sln:gmNazwa>Wąchock</sln:gmNazwa><sln:miejscIIPId>dbb181cb-14cd-4485-9d4c-19adbf5174b3</sln:miejscIIPId><sln:miejscIIPPn>PL.PZGIK.200</sln:miejscIIPPn><sln:miejscIIPWersja>2016-11-24T13:31:12+02:00</sln:miejscIIPWersja><sln:miejscIdTeryt>3006339</sln:miejscIdTeryt><sln:miejscNazwa>Stara Wieś</sln:miejscNazwa><sln:miejscRodzaj>Inny obiekt</sln:miejscRodzaj><sln:powIIPId>07dacb68-acb7-458b-ba52-81a79204b9da</sln:powIIPId><sln:powIIPPn>PL.PZGIK.200</sln:powIIPPn><sln:powIIPWersja>2012-09-27T09:32:07+02:00</sln:powIIPWersja><sln:powIdTeryt>2611</sln:powIdTeryt><sln:powNazwa>starachowicki</sln:powNazwa><sln:wojIIPId>d021c0dd-b22e-4fcd-8444-904c64ec3aa8</sln:wojIIPId><sln:wojIIPPn>PL.PZGIK.200</sln:wojIIPPn><sln:wojIIPWersja>2012-09-27T13:45:13+02:00</sln:wojIIPWersja><sln:wojIdTeryt>26</sln:wojIdTeryt><sln:wojNazwa>świętokrzyskie</sln:wojNazwa></sln:miejscowosc><sln:miejscowosc><sln:cyklZyciaOd>2014-10-09T00:00:00+02:00</sln:cyklZyciaOd><sln:gmIIPId>1b103bc3-3e72-4792-951e-9518097a175a</sln:gmIIPId><sln:gmIIPPn>PL.PZGIK.200</sln:gmIIPPn><sln:gmIIPWersja>2012-09-26T22:19:52+02:00</sln:gmIIPWersja><sln:gmIdTeryt>2611053</sln:gmIdTeryt><sln:gmNazwa>Wąchock</sln:gmNazwa><sln:miejscIIPId>8ef8a02e-0fce-4222-a0da-acd7b5a7a558</sln:miejscIIPId><sln:miejscIIPPn>PL.PZGIK.200</sln:miejscIIPPn><sln:miejscIIPWersja>2016-11-24T13:41:55+02:00</sln:miejscIIPWersja><sln:miejscIdTeryt>0276682</sln:miejscIdTeryt><sln:miejscNazwa>Marcinków</sln:miejscNazwa><sln:miejscRodzaj>Wieś</sln:miejscRodzaj><sln:powIIPId>07dacb68-acb7-458b-ba52-81a79204b9da</sln:powIIPId><sln:powIIPPn>PL.PZGIK.200</sln:powIIPPn><sln:powIIPWersja>2012-09-27T09:32:07+02:00</sln:powIIPWersja><sln:powIdTeryt>2611</sln:powIdTeryt><sln:powNazwa>starachowicki</sln:powNazwa><sln:wojIIPId>d021c0dd-b22e-4fcd-8444-904c64ec3aa8</sln:wojIIPId><sln:wojIIPPn>PL.PZGIK.200</sln:wojIIPPn><sln:wojIIPWersja>2012-09-27T13:45:13+02:00</sln:wojIIPWersja><sln:wojIdTeryt>26</sln:wojIdTeryt><sln:wojNazwa>świętokrzyskie</sln:wojNazwa></sln:miejscowosc><sln:miejscowosc><sln:cyklZyciaOd>2014-10-09T00:00:00+02:00</sln:cyklZyciaOd><sln:gmIIPId>1b103bc3-3e72-4792-951e-9518097a175a</sln:gmIIPId><sln:gmIIPPn>PL.PZGIK.200</sln:gmIIPPn><sln:gmIIPWersja>2012-09-26T22:19:52+02:00</sln:gmIIPWersja><sln:gmIdTeryt>2611053</sln:gmIdTeryt><sln:gmNazwa>Wąchock</sln:gmNazwa><sln:miejscIIPId>1bb1d10c-d3e7-43f0-9b69-76e36b9df3b2</sln:miejscIIPId><sln:miejscIIPPn>PL.PZGIK.200</sln:miejscIIPPn><sln:miejscIIPWersja>2016-11-24T13:44:25+02:00</sln:miejscIIPWersja><sln:miejscIdTeryt>0276759</sln:miejscIdTeryt><sln:miejscNazwa>Parszów</sln:miejscNazwa><sln:miejscRodzaj>Wieś</sln:miejscRodzaj><sln:powIIPId>07dacb68-acb7-458b-ba52-81a79204b9da</sln:powIIPId><sln:powIIPPn>PL.PZGIK.200</sln:powIIPPn><sln:powIIPWersja>2012-09-27T09:32:07+02:00</sln:powIIPWersja><sln:powIdTeryt>2611</sln:powIdTeryt><sln:powNazwa>starachowicki</sln:powNazwa><sln:wojIIPId>d021c0dd-b22e-4fcd-8444-904c64ec3aa8</sln:wojIIPId><sln:wojIIPPn>PL.PZGIK.200</sln:wojIIPPn><sln:wojIIPWersja>2012-09-27T13:45:13+02:00</sln:wojIIPWersja><sln:wojIdTeryt>26</sln:wojIdTeryt><sln:wojNazwa>świętokrzyskie</sln:wojNazwa></sln:miejscowosc><sln:miejscowosc><sln:cyklZyciaOd>2014-10-09T00:00:00+02:00</sln:cyklZyciaOd><sln:gmIIPId>1b103bc3-3e72-4792-951e-9518097a175a</sln:gmIIPId><sln:gmIIPPn>PL.PZGIK.200</sln:gmIIPPn><sln:gmIIPWersja>2012-09-26T22:19:52+02:00</sln:gmIIPWersja><sln:gmIdTeryt>2611053</sln:gmIdTeryt><sln:gmNazwa>Wąchock</sln:gmNazwa><sln:miejscIIPId>d10a1fa7-5cf3-4176-b1fa-b7f7c1dbe468</sln:miejscIIPId><sln:miejscIIPPn>PL.PZGIK.200</sln:miejscIIPPn><sln:miejscIIPWersja>2016-11-24T13:29:41+02:00</sln:miejscIIPWersja><sln:miejscIdTeryt>0276788</sln:miejscIdTeryt><sln:miejscNazwa>Rataje</sln:miejscNazwa><sln:miejscRodzaj>Wieś</sln:miejscRodzaj><sln:powIIPId>07dacb68-acb7-458b-ba52-81a79204b9da</sln:powIIPId><sln:powIIPPn>PL.PZGIK.200</sln:powIIPPn><sln:powIIPWersja>2012-09-27T09:32:07+02:00</sln:powIIPWersja><sln:powIdTeryt>2611</sln:powIdTeryt><sln:powNazwa>starachowicki</sln:powNazwa><sln:wojIIPId>d021c0dd-b22e-4fcd-8444-904c64ec3aa8</sln:wojIIPId><sln:wojIIPPn>PL.PZGIK.200</sln:wojIIPPn><sln:wojIIPWersja>2012-09-27T13:45:13+02:00</sln:wojIIPWersja><sln:wojIdTeryt>26</sln:wojIdTeryt><sln:wojNazwa>świętokrzyskie</sln:wojNazwa></sln:miejscowosc><sln:miejscowosc><sln:cyklZyciaDo>2016-11-27T00:00:00+01:00</sln:cyklZyciaDo><sln:cyklZyciaOd>2014-10-09T00:00:00+02:00</sln:cyklZyciaOd><sln:gmIIPId>1b103bc3-3e72-4792-951e-9518097a175a</sln:gmIIPId><sln:gmIIPPn>PL.PZGIK.200</sln:gmIIPPn><sln:gmIIPWersja>2012-09-26T22:19:52+02:00</sln:gmIIPWersja><sln:gmIdTeryt>2611053</sln:gmIdTeryt><sln:gmNazwa>Wąchock</sln:gmNazwa><sln:miejscIIPId>1dc8c6a6-51ff-4c3a-b5e5-440113faa39f</sln:miejscIIPId><sln:miejscIIPPn>PL.PZGIK.200</sln:miejscIIPPn><sln:miejscIIPWersja>2016-11-24T13:29:42+02:00</sln:miejscIIPWersja><sln:miejscIdTeryt>3004011</sln:miejscIdTeryt><sln:miejscNazwa>Redzik Górny</sln:miejscNazwa><sln:miejscRodzaj>Inny obiekt</sln:miejscRodzaj><sln:powIIPId>07dacb68-acb7-458b-ba52-81a79204b9da</sln:powIIPId><sln:powIIPPn>PL.PZGIK.200</sln:powIIPPn><sln:powIIPWersja>2012-09-27T09:32:07+02:00</sln:powIIPWersja><sln:powIdTeryt>2611</sln:powIdTeryt><sln:powNazwa>starachowicki</sln:powNazwa><sln:wojIIPId>d021c0dd-b22e-4fcd-8444-904c64ec3aa8</sln:wojIIPId><sln:wojIIPPn>PL.PZGIK.200</sln:wojIIPPn><sln:wojIIPWersja>2012-09-27T13:45:13+02:00</sln:wojIIPWersja><sln:wojIdTeryt>26</sln:wojIdTeryt><sln:wojNazwa>świętokrzyskie</sln:wojNazwa></sln:miejscowosc><sln:miejscowosc><sln:cyklZyciaDo>2016-11-27T00:00:00+01:00</sln:cyklZyciaDo><sln:cyklZyciaOd>2014-10-09T00:00:00+02:00</sln:cyklZyciaOd><sln:gmIIPId>1b103bc3-3e72-4792-951e-9518097a175a</sln:gmIIPId><sln:gmIIPPn>PL.PZGIK.200</sln:gmIIPPn><sln:gmIIPWersja>2012-09-26T22:19:52+02:00</sln:gmIIPWersja><sln:gmIdTeryt>2611053</sln:gmIdTeryt><sln:gmNazwa>Wąchock</sln:gmNazwa><sln:miejscIIPId>7e556e99-321c-48a2-9fa6-791d4456d901</sln:miejscIIPId><sln:miejscIIPPn>PL.PZGIK.200</sln:miejscIIPPn><sln:miejscIIPWersja>2016-11-24T13:57:36+02:00</sln:miejscIIPWersja><sln:miejscIdTeryt>0276699</sln:miejscIdTeryt><sln:miejscNazwa>Pod Lasem</sln:miejscNazwa><sln:miejscRodzaj>Inny obiekt</sln:miejscRodzaj><sln:powIIPId>07dacb68-acb7-458b-ba52-81a79204b9da</sln:powIIPId><sln:powIIPPn>PL.PZGIK.200</sln:powIIPPn><sln:powIIPWersja>2012-09-27T09:32:07+02:00</sln:powIIPWersja><sln:powIdTeryt>2611</sln:powIdTeryt><sln:powNazwa>starachowicki</sln:powNazwa><sln:wojIIPId>d021c0dd-b22e-4fcd-8444-904c64ec3aa8</sln:wojIIPId><sln:wojIIPPn>PL.PZGIK.200</sln:wojIIPPn><sln:wojIIPWersja>2012-09-27T13:45:13+02:00</sln:wojIIPWersja><sln:wojIdTeryt>26</sln:wojIdTeryt><sln:wojNazwa>świętokrzyskie</sln:wojNazwa></sln:miejscowosc><sln:miejscowosc><sln:cyklZyciaDo>2016-11-27T00:00:00+01:00</sln:cyklZyciaDo><sln:cyklZyciaOd>2014-10-09T00:00:00+02:00</sln:cyklZyciaOd><sln:gmIIPId>1b103bc3-3e72-4792-951e-9518097a175a</sln:gmIIPId><sln:gmIIPPn>PL.PZGIK.200</sln:gmIIPPn><sln:gmIIPWersja>2012-09-26T22:19:52+02:00</sln:gmIIPWersja><sln:gmIdTeryt>2611053</sln:gmIdTeryt><sln:gmNazwa>Wąchock</sln:gmNazwa><sln:miejscIIPId>30d2f2b3-abd1-4d4f-81e5-1d8713dc28be</sln:miejscIIPId><sln:miejscIIPPn>PL.PZGIK.200</sln:miejscIIPPn><sln:miejscIIPWersja>2016-11-24T13:57:36+02:00</sln:miejscIIPWersja><sln:miejscIdTeryt>0276707</sln:miejscIdTeryt><sln:miejscNazwa>Marcinków Górny</sln:miejscNazwa><sln:miejscRodzaj>Wieś</sln:miejscRodzaj><sln:powIIPId>07dacb68-acb7-458b-ba52-81a79204b9da</sln:powIIPId><sln:powIIPPn>PL.PZGIK.200</sln:powIIPPn><sln:powIIPWersja>2012-09-27T09:32:07+02:00</sln:powIIPWersja><sln:powIdTeryt>2611</sln:powIdTeryt><sln:powNazwa>starachowicki</sln:powNazwa><sln:wojIIPId>d021c0dd-b22e-4fcd-8444-904c64ec3aa8</sln:wojIIPId><sln:wojIIPPn>PL.PZGIK.200</sln:wojIIPPn><sln:wojIIPWersja>2012-09-27T13:45:13+02:00</sln:wojIIPWersja><sln:wojIdTeryt>26</sln:wojIdTeryt><sln:wojNazwa>świętokrzyskie</sln:wojNazwa></sln:miejscowosc><sln:miejscowosc><sln:cyklZyciaDo>2016-11-27T00:00:00+01:00</sln:cyklZyciaDo><sln:cyklZyciaOd>2014-10-09T00:00:00+02:00</sln:cyklZyciaOd><sln:gmIIPId>1b103bc3-3e72-4792-951e-9518097a175a</sln:gmIIPId><sln:gmIIPPn>PL.PZGIK.200</sln:gmIIPPn><sln:gmIIPWersja>2012-09-26T22:19:52+02:00</sln:gmIIPWersja><sln:gmIdTeryt>2611053</sln:gmIdTeryt><sln:gmNazwa>Wąchock</sln:gmNazwa><sln:miejscIIPId>a92ed59f-7baa-4590-b02f-9aae5168758a</sln:miejscIIPId><sln:miejscIIPPn>PL.PZGIK.200</sln:miejscIIPPn><sln:miejscIIPWersja>2016-11-24T13:49:25+02:00</sln:miejscIIPWersja><sln:miejscIdTeryt>0276908</sln:miejscIdTeryt><sln:miejscNazwa>Koszarka</sln:miejscNazwa><sln:miejscRodzaj>Inny obiekt</sln:miejscRodzaj><sln:powIIPId>07dacb68-acb7-458b-ba52-81a79204b9da</sln:powIIPId><sln:powIIPPn>PL.PZGIK.200</sln:powIIPPn><sln:powIIPWersja>2012-09-27T09:32:07+02:00</sln:powIIPWersja><sln:powIdTeryt>2611</sln:powIdTeryt><sln:powNazwa>starachowicki</sln:powNazwa><sln:wojIIPId>d021c0dd-b22e-4fcd-8444-904c64ec3aa8</sln:wojIIPId><sln:wojIIPPn>PL.PZGIK.200</sln:wojIIPPn><sln:wojIIPWersja>2012-09-27T13:45:13+02:00</sln:wojIIPWersja><sln:wojIdTeryt>26</sln:wojIdTeryt><sln:wojNazwa>świętokrzyskie</sln:wojNazwa></sln:miejscowosc><sln:miejscowosc><sln:cyklZyciaDo>2016-11-27T00:00:00+01:00</sln:cyklZyciaDo><sln:cyklZyciaOd>2014-10-09T00:00:00+02:00</sln:cyklZyciaOd><sln:gmIIPId>1b103bc3-3e72-4792-951e-9518097a175a</sln:gmIIPId><sln:gmIIPPn>PL.PZGIK.200</sln:gmIIPPn><sln:gmIIPWersja>2012-09-26T22:19:52+02:00</sln:gmIIPWersja><sln:gmIdTeryt>2611053</sln:gmIdTeryt><sln:gmNazwa>Wąchock</sln:gmNazwa><sln:miejscIIPId>d5cafbf5-399b-4d4d-b13e-1cd02fac3ee2</sln:miejscIIPId><sln:miejscIIPPn>PL.PZGIK.200</sln:miejscIIPPn><sln:miejscIIPWersja>2016-11-24T13:49:25+02:00</sln:miejscIIPWersja><sln:miejscIdTeryt>0276890</sln:miejscIdTeryt><sln:miejscNazwa>Kopalnia</sln:miejscNazwa><sln:miejscRodzaj>Inny obiekt</sln:miejscRodzaj><sln:powIIPId>07dacb68-acb7-458b-ba52-81a79204b9da</sln:powIIPId><sln:powIIPPn>PL.PZGIK.200</sln:powIIPPn><sln:powIIPWersja>2012-09-27T09:32:07+02:00</sln:powIIPWersja><sln:powIdTeryt>2611</sln:powIdTeryt><sln:powNazwa>starachowicki</sln:powNazwa><sln:wojIIPId>d021c0dd-b22e-4fcd-8444-904c64ec3aa8</sln:wojIIPId><sln:wojIIPPn>PL.PZGIK.200</sln:wojIIPPn><sln:wojIIPWersja>2012-09-27T13:45:13+02:00</sln:wojIIPWersja><sln:wojIdTeryt>26</sln:wojIdTeryt><sln:wojNazwa>świętokrzyskie</sln:wojNazwa></sln:miejscowosc><sln:miejscowosc><sln:cyklZyciaOd>2014-10-09T00:00:00+02:00</sln:cyklZyciaOd><sln:gmIIPId>1b103bc3-3e72-4792-951e-9518097a175a</sln:gmIIPId><sln:gmIIPPn>PL.PZGIK.200</sln:gmIIPPn><sln:gmIIPWersja>2012-09-26T22:19:52+02:00</sln:gmIIPWersja><sln:gmIdTeryt>2611053</sln:gmIdTeryt><sln:gmNazwa>Wąchock</sln:gmNazwa><sln:miejscIIPId>2954b7d9-a6bc-406d-ad71-b0f9f4ff0047</sln:miejscIIPId><sln:miejscIIPPn>PL.PZGIK.200</sln:miejscIIPPn><sln:miejscIIPWersja>2016-11-24T13:33:08+02:00</sln:miejscIIPWersja><sln:miejscIdTeryt>0276825</sln:miejscIdTeryt><sln:miejscNazwa>Wielka Wieś</sln:miejscNazwa><sln:miejscRodzaj>Wieś</sln:miejscRodzaj><sln:powIIPId>07dacb68-acb7-458b-ba52-81a79204b9da</sln:powIIPId><sln:powIIPPn>PL.PZGIK.200</sln:powIIPPn><sln:powIIPWersja>2012-09-27T09:32:07+02:00</sln:powIIPWersja><sln:powIdTeryt>2611</sln:powIdTeryt><sln:powNazwa>starachowicki</sln:powNazwa><sln:wojIIPId>d021c0dd-b22e-4fcd-8444-904c64ec3aa8</sln:wojIIPId><sln:wojIIPPn>PL.PZGIK.200</sln:wojIIPPn><sln:wojIIPWersja>2012-09-27T13:45:13+02:00</sln:wojIIPWersja><sln:wojIdTeryt>26</sln:wojIdTeryt><sln:wojNazwa>świętokrzyskie</sln:wojNazwa></sln:miejscowosc><sln:miejscowosc><sln:cyklZyciaDo>2016-11-27T00:00:00+01:00</sln:cyklZyciaDo><sln:cyklZyciaOd>2014-10-09T00:00:00+02:00</sln:cyklZyciaOd><sln:gmIIPId>1b103bc3-3e72-4792-951e-9518097a175a</sln:gmIIPId><sln:gmIIPPn>PL.PZGIK.200</sln:gmIIPPn><sln:gmIIPWersja>2012-09-26T22:19:52+02:00</sln:gmIIPWersja><sln:gmIdTeryt>2611053</sln:gmIdTeryt><sln:gmNazwa>Wąchock</sln:gmNazwa><sln:miejscIIPId>e1c11e95-9ee0-4dad-9b3f-c4ad249c6f0d</sln:miejscIIPId><sln:miejscIIPPn>PL.PZGIK.200</sln:miejscIIPPn><sln:miejscIIPWersja>2016-11-24T13:31:23+02:00</sln:miejscIIPWersja><sln:miejscIdTeryt>3006493</sln:miejscIdTeryt><sln:miejscNazwa>Stary Dwór</sln:miejscNazwa><sln:miejscRodzaj>Inny obiekt</sln:miejscRodzaj><sln:powIIPId>07dacb68-acb7-458b-ba52-81a79204b9da</sln:powIIPId><sln:powIIPPn>PL.PZGIK.200</sln:powIIPPn><sln:powIIPWersja>2012-09-27T09:32:07+02:00</sln:powIIPWersja><sln:powIdTeryt>2611</sln:powIdTeryt><sln:powNazwa>starachowicki</sln:powNazwa><sln:wojIIPId>d021c0dd-b22e-4fcd-8444-904c64ec3aa8</sln:wojIIPId><sln:wojIIPPn>PL.PZGIK.200</sln:wojIIPPn><sln:wojIIPWersja>2012-09-27T13:45:13+02:00</sln:wojIIPWersja><sln:wojIdTeryt>26</sln:wojIdTeryt><sln:wojNazwa>świętokrzyskie</sln:wojNazwa></sln:miejscowosc><sln:miejscowosc><sln:cyklZyciaOd>2014-10-09T00:00:00+02:00</sln:cyklZyciaOd><sln:gmIIPId>1b103bc3-3e72-4792-951e-9518097a175a</sln:gmIIPId><sln:gmIIPPn>PL.PZGIK.200</sln:gmIIPPn><sln:gmIIPWersja>2012-09-26T22:19:52+02:00</sln:gmIIPWersja><sln:gmIdTeryt>2611053</sln:gmIdTeryt><sln:gmNazwa>Wąchock</sln:gmNazwa><sln:miejscIIPId>ef28c77a-a6c9-43f1-867f-2704d3a23aa1</sln:miejscIIPId><sln:miejscIIPPn>PL.PZGIK.200</sln:miejscIIPPn><sln:miejscIIPWersja>2016-11-24T13:32:58+02:00</sln:miejscIIPWersja><sln:miejscIdTeryt>0276802</sln:miejscIdTeryt><sln:miejscNazwa>Wąchock</sln:miejscNazwa><sln:miejscRodzaj>Miasto</sln:miejscRodzaj><sln:powIIPId>07dacb68-acb7-458b-ba52-81a79204b9da</sln:powIIPId><sln:powIIPPn>PL.PZGIK.200</sln:powIIPPn><sln:powIIPWersja>2012-09-27T09:32:07+02:00</sln:powIIPWersja><sln:powIdTeryt>2611</sln:powIdTeryt><sln:powNazwa>starachowicki</sln:powNazwa><sln:wojIIPId>d021c0dd-b22e-4fcd-8444-904c64ec3aa8</sln:wojIIPId><sln:wojIIPPn>PL.PZGIK.200</sln:wojIIPPn><sln:wojIIPWersja>2012-09-27T13:45:13+02:00</sln:wojIIPWersja><sln:wojIdTeryt>26</sln:wojIdTeryt><sln:wojNazwa>świętokrzyskie</sln:wojNazwa></sln:miejscowosc><sln:miejscowosc><sln:cyklZyciaDo>2016-11-27T00:00:00+01:00</sln:cyklZyciaDo><sln:cyklZyciaOd>2014-10-09T00:00:00+02:00</sln:cyklZyciaOd><sln:gmIIPId>1b103bc3-3e72-4792-951e-9518097a175a</sln:gmIIPId><sln:gmIIPPn>PL.PZGIK.200</sln:gmIIPPn><sln:gmIIPWersja>2012-09-26T22:19:52+02:00</sln:gmIIPWersja><sln:gmIdTeryt>2611053</sln:gmIdTeryt><sln:gmNazwa>Wąchock</sln:gmNazwa><sln:miejscIIPId>09000922-e60a-4712-bb8f-8b8e9ba63402</sln:miejscIIPId><sln:miejscIIPPn>PL.PZGIK.200</sln:miejscIIPPn><sln:miejscIIPWersja>2016-11-24T13:35:33+02:00</sln:miejscIIPWersja><sln:miejscIdTeryt>0276877</sln:miejscIdTeryt><sln:miejscNazwa>Wymysłów</sln:miejscNazwa><sln:miejscRodzaj>Wieś</sln:miejscRodzaj><sln:powIIPId>07dacb68-acb7-458b-ba52-81a79204b9da</sln:powIIPId><sln:powIIPPn>PL.PZGIK.200</sln:powIIPPn><sln:powIIPWersja>2012-09-27T09:32:07+02:00</sln:powIIPWersja><sln:powIdTeryt>2611</sln:powIdTeryt><sln:powNazwa>starachowicki</sln:powNazwa><sln:wojIIPId>d021c0dd-b22e-4fcd-8444-904c64ec3aa8</sln:wojIIPId><sln:wojIIPPn>PL.PZGIK.200</sln:wojIIPPn><sln:wojIIPWersja>2012-09-27T13:45:13+02:00</sln:wojIIPWersja><sln:wojIdTeryt>26</sln:wojIdTeryt><sln:wojNazwa>świętokrzyskie</sln:wojNazwa></sln:miejscowosc><sln:miejscowosc><sln:cyklZyciaDo>2016-11-27T00:00:00+01:00</sln:cyklZyciaDo><sln:cyklZyciaOd>2014-10-09T00:00:00+02:00</sln:cyklZyciaOd><sln:gmIIPId>1b103bc3-3e72-4792-951e-9518097a175a</sln:gmIIPId><sln:gmIIPPn>PL.PZGIK.200</sln:gmIIPPn><sln:gmIIPWersja>2012-09-26T22:19:52+02:00</sln:gmIIPWersja><sln:gmIdTeryt>2611053</sln:gmIdTeryt><sln:gmNazwa>Wąchock</sln:gmNazwa><sln:miejscIIPId>ffed7225-b0a0-4de9-9dea-f95d77443fef</sln:miejscIIPId><sln:miejscIIPPn>PL.PZGIK.200</sln:miejscIIPPn><sln:miejscIIPWersja>2016-11-24T13:49:25+02:00</sln:miejscIIPWersja><sln:miejscIdTeryt>0276848</sln:miejscIdTeryt><sln:miejscNazwa>Podmiasto</sln:miejscNazwa><sln:miejscRodzaj>Inny obiekt</sln:miejscRodzaj><sln:powIIPId>07dacb68-acb7-458b-ba52-81a79204b9da</sln:powIIPId><sln:powIIPPn>PL.PZGIK.200</sln:powIIPPn><sln:powIIPWersja>2012-09-27T09:32:07+02:00</sln:powIIPWersja><sln:powIdTeryt>2611</sln:powIdTeryt><sln:powNazwa>starachowicki</sln:powNazwa><sln:wojIIPId>d021c0dd-b22e-4fcd-8444-904c64ec3aa8</sln:wojIIPId><sln:wojIIPPn>PL.PZGIK.200</sln:wojIIPPn><sln:wojIIPWersja>2012-09-27T13:45:13+02:00</sln:wojIIPWersja><sln:wojIdTeryt>26</sln:wojIdTeryt><sln:wojNazwa>świętokrzyskie</sln:wojNazwa></sln:miejscowosc><sln:miejscowosc><sln:cyklZyciaDo>2016-11-27T00:00:00+01:00</sln:cyklZyciaDo><sln:cyklZyciaOd>2014-10-09T00:00:00+02:00</sln:cyklZyciaOd><sln:gmIIPId>1b103bc3-3e72-4792-951e-9518097a175a</sln:gmIIPId><sln:gmIIPPn>PL.PZGIK.200</sln:gmIIPPn><sln:gmIIPWersja>2012-09-26T22:19:52+02:00</sln:gmIIPWersja><sln:gmIdTeryt>2611053</sln:gmIdTeryt><sln:gmNazwa>Wąchock</sln:gmNazwa><sln:miejscIIPId>fe9ab696-e0e2-4387-9177-6952a868f542</sln:miejscIIPId><sln:miejscIIPPn>PL.PZGIK.200</sln:miejscIIPPn><sln:miejscIIPWersja>2016-11-24T13:59:20+02:00</sln:miejscIIPWersja><sln:miejscIdTeryt>0276765</sln:miejscIdTeryt><sln:miejscNazwa>Gajówka Kaczka</sln:miejscNazwa><sln:miejscRodzaj>Gajówka</sln:miejscRodzaj><sln:powIIPId>07dacb68-acb7-458b-ba52-81a79204b9da</sln:powIIPId><sln:powIIPPn>PL.PZGIK.200</sln:powIIPPn><sln:powIIPWersja>2012-09-27T09:32:07+02:00</sln:powIIPWersja><sln:powIdTeryt>2611</sln:powIdTeryt><sln:powNazwa>starachowicki</sln:powNazwa><sln:wojIIPId>d021c0dd-b22e-4fcd-8444-904c64ec3aa8</sln:wojIIPId><sln:wojIIPPn>PL.PZGIK.200</sln:wojIIPPn><sln:wojIIPWersja>2012-09-27T13:45:13+02:00</sln:wojIIPWersja><sln:wojIdTeryt>26</sln:wojIdTeryt><sln:wojNazwa>świętokrzyskie</sln:wojNazwa></sln:miejscowosc><sln:miejscowosc><sln:cyklZyciaDo>2016-11-27T00:00:00+01:00</sln:cyklZyciaDo><sln:cyklZyciaOd>2014-10-09T00:00:00+02:00</sln:cyklZyciaOd><sln:gmIIPId>1b103bc3-3e72-4792-951e-9518097a175a</sln:gmIIPId><sln:gmIIPPn>PL.PZGIK.200</sln:gmIIPPn><sln:gmIIPWersja>2012-09-26T22:19:52+02:00</sln:gmIIPWersja><sln:gmIdTeryt>2611053</sln:gmIdTeryt><sln:gmNazwa>Wąchock</sln:gmNazwa><sln:miejscIIPId>0acbe6b7-ffab-4217-92ae-a4d170d6c096</sln:miejscIIPId><sln:miejscIIPPn>PL.PZGIK.200</sln:miejscIIPPn><sln:miejscIIPWersja>2016-11-24T13:30:37+02:00</sln:miejscIIPWersja><sln:miejscIdTeryt>3006005</sln:miejscIdTeryt><sln:miejscNazwa>Sina Woda</sln:miejscNazwa><sln:miejscRodzaj>Inny obiekt</sln:miejscRodzaj><sln:powIIPId>07dacb68-acb7-458b-ba52-81a79204b9da</sln:powIIPId><sln:powIIPPn>PL.PZGIK.200</sln:powIIPPn><sln:powIIPWersja>2012-09-27T09:32:07+02:00</sln:powIIPWersja><sln:powIdTeryt>2611</sln:powIdTeryt><sln:powNazwa>starachowicki</sln:powNazwa><sln:wojIIPId>d021c0dd-b22e-4fcd-8444-904c64ec3aa8</sln:wojIIPId><sln:wojIIPPn>PL.PZGIK.200</sln:wojIIPPn><sln:wojIIPWersja>2012-09-27T13:45:13+02:00</sln:wojIIPWersja><sln:wojIdTeryt>26</sln:wojIdTeryt><sln:wojNazwa>świętokrzyskie</sln:wojNazwa></sln:miejscowosc><sln:miejscowosc><sln:cyklZyciaDo>2016-11-27T00:00:00+01:00</sln:cyklZyciaDo><sln:cyklZyciaOd>2014-10-09T00:00:00+02:00</sln:cyklZyciaOd><sln:gmIIPId>1b103bc3-3e72-4792-951e-9518097a175a</sln:gmIIPId><sln:gmIIPPn>PL.PZGIK.200</sln:gmIIPPn><sln:gmIIPWersja>2012-09-26T22:19:52+02:00</sln:gmIIPWersja><sln:gmIdTeryt>2611053</sln:gmIdTeryt><sln:gmNazwa>Wąchock</sln:gmNazwa><sln:miejscIIPId>45b2337f-9469-4380-8878-80adc7149124</sln:miejscIIPId><sln:miejscIIPPn>PL.PZGIK.200</sln:miejscIIPPn><sln:miejscIIPWersja>2016-11-24T13:59:20+02:00</sln:miejscIIPWersja><sln:miejscIdTeryt>0276771</sln:miejscIdTeryt><sln:miejscNazwa>Gajówka Węglów</sln:miejscNazwa><sln:miejscRodzaj>Gajówka</sln:miejscRodzaj><sln:powIIPId>07dacb68-acb7-458b-ba52-81a79204b9da</sln:powIIPId><sln:powIIPPn>PL.PZGIK.200</sln:powIIPPn><sln:powIIPWersja>2012-09-27T09:32:07+02:00</sln:powIIPWersja><sln:powIdTeryt>2611</sln:powIdTeryt><sln:powNazwa>starachowicki</sln:powNazwa><sln:wojIIPId>d021c0dd-b22e-4fcd-8444-904c64ec3aa8</sln:wojIIPId><sln:wojIIPPn>PL.PZGIK.200</sln:wojIIPPn><sln:wojIIPWersja>2012-09-27T13:45:13+02:00</sln:wojIIPWersja><sln:wojIdTeryt>26</sln:wojIdTeryt><sln:wojNazwa>świętokrzyskie</sln:wojNazwa></sln:miejscowosc><sln:miejscowosc><sln:cyklZyciaDo>2016-11-27T00:00:00+01:00</sln:cyklZyciaDo><sln:cyklZyciaOd>2014-10-09T00:00:00+02:00</sln:cyklZyciaOd><sln:gmIIPId>1b103bc3-3e72-4792-951e-9518097a175a</sln:gmIIPId><sln:gmIIPPn>PL.PZGIK.200</sln:gmIIPPn><sln:gmIIPWersja>2012-09-26T22:19:52+02:00</sln:gmIIPWersja><sln:gmIdTeryt>2611053</sln:gmIdTeryt><sln:gmNazwa>Wąchock</sln:gmNazwa><sln:miejscIIPId>9971d597-ff4a-4efc-9728-fab3d94893e7</sln:miejscIIPId><sln:miejscIIPPn>PL.PZGIK.200</sln:miejscIIPPn><sln:miejscIIPWersja>2016-11-24T13:59:20+02:00</sln:miejscIIPWersja><sln:miejscIdTeryt>1019326</sln:miejscIdTeryt><sln:miejscNazwa>Leśniczówka Parszów</sln:miejscNazwa><sln:miejscRodzaj>Leśniczówka</sln:miejscRodzaj><sln:powIIPId>07dacb68-acb7-458b-ba52-81a79204b9da</sln:powIIPId><sln:powIIPPn>PL.PZGIK.200</sln:powIIPPn><sln:powIIPWersja>2012-09-27T09:32:07+02:00</sln:powIIPWersja><sln:powIdTeryt>2611</sln:powIdTeryt><sln:powNazwa>starachowicki</sln:powNazwa><sln:wojIIPId>d021c0dd-b22e-4fcd-8444-904c64ec3aa8</sln:wojIIPId><sln:wojIIPPn>PL.PZGIK.200</sln:wojIIPPn><sln:wojIIPWersja>2012-09-27T13:45:13+02:00</sln:wojIIPWersja><sln:wojIdTeryt>26</sln:wojIdTeryt><sln:wojNazwa>świętokrzyskie</sln:wojNazwa></sln:miejscowosc><sln:miejscowosc><sln:cyklZyciaDo>2016-11-27T00:00:00+01:00</sln:cyklZyciaDo><sln:cyklZyciaOd>2014-10-09T00:00:00+02:00</sln:cyklZyciaOd><sln:gmIIPId>1b103bc3-3e72-4792-951e-9518097a175a</sln:gmIIPId><sln:gmIIPPn>PL.PZGIK.200</sln:gmIIPPn><sln:gmIIPWersja>2012-09-26T22:19:52+02:00</sln:gmIIPWersja><sln:gmIdTeryt>2611053</sln:gmIdTeryt><sln:gmNazwa>Wąchock</sln:gmNazwa><sln:miejscIIPId>ba676eeb-60ab-4d82-850f-cbd65500c252</sln:miejscIIPId><sln:miejscIIPPn>PL.PZGIK.200</sln:miejscIIPPn><sln:miejscIIPWersja>2016-11-24T13:31:21+02:00</sln:miejscIIPWersja><sln:miejscIdTeryt>3006513</sln:miejscIdTeryt><sln:miejscNazwa>Bugaj</sln:miejscNazwa><sln:miejscRodzaj>Inny obiekt</sln:miejscRodzaj><sln:powIIPId>07dacb68-acb7-458b-ba52-81a79204b9da</sln:powIIPId><sln:powIIPPn>PL.PZGIK.200</sln:powIIPPn><sln:powIIPWersja>2012-09-27T09:32:07+02:00</sln:powIIPWersja><sln:powIdTeryt>2611</sln:powIdTeryt><sln:powNazwa>starachowicki</sln:powNazwa><sln:wojIIPId>d021c0dd-b22e-4fcd-8444-904c64ec3aa8</sln:wojIIPId><sln:wojIIPPn>PL.PZGIK.200</sln:wojIIPPn><sln:wojIIPWersja>2012-09-27T13:45:13+02:00</sln:wojIIPWersja><sln:wojIdTeryt>26</sln:wojIdTeryt><sln:wojNazwa>świętokrzyskie</sln:wojNazwa></sln:miejscowosc><sln:miejscowosc><sln:cyklZyciaDo>2016-11-27T00:00:00+01:00</sln:cyklZyciaDo><sln:cyklZyciaOd>2014-10-09T00:00:00+02:00</sln:cyklZyciaOd><sln:gmIIPId>1b103bc3-3e72-4792-951e-9518097a175a</sln:gmIIPId><sln:gmIIPPn>PL.PZGIK.200</sln:gmIIPPn><sln:gmIIPWersja>2012-09-26T22:19:52+02:00</sln:gmIIPWersja><sln:gmIdTeryt>2611053</sln:gmIdTeryt><sln:gmNazwa>Wąchock</sln:gmNazwa><sln:miejscIIPId>fef81aa3-dfa0-49cf-82f1-2dd66afc5101</sln:miejscIIPId><sln:miejscIIPPn>PL.PZGIK.200</sln:miejscIIPPn><sln:miejscIIPWersja>2016-11-24T13:49:25+02:00</sln:miejscIIPWersja><sln:miejscIdTeryt>0276831</sln:miejscIdTeryt><sln:miejscNazwa>Podławki</sln:miejscNazwa><sln:miejscRodzaj>Inny obiekt</sln:miejscRodzaj><sln:powIIPId>07dacb68-acb7-458b-ba52-81a79204b9da</sln:powIIPId><sln:powIIPPn>PL.PZGIK.200</sln:powIIPPn><sln:powIIPWersja>2012-09-27T09:32:07+02:00</sln:powIIPWersja><sln:powIdTeryt>2611</sln:powIdTeryt><sln:powNazwa>starachowicki</sln:powNazwa><sln:wojIIPId>d021c0dd-b22e-4fcd-8444-904c64ec3aa8</sln:wojIIPId><sln:wojIIPPn>PL.PZGIK.200</sln:wojIIPPn><sln:wojIIPWersja>2012-09-27T13:45:13+02:00</sln:wojIIPWersja><sln:wojIdTeryt>26</sln:wojIdTeryt><sln:wojNazwa>świętokrzyskie</sln:wojNazwa></sln:miejscowosc><sln:miejscowosc><sln:cyklZyciaDo>2016-11-27T00:00:00+01:00</sln:cyklZyciaDo><sln:cyklZyciaOd>2014-10-09T00:00:00+02:00</sln:cyklZyciaOd><sln:gmIIPId>1b103bc3-3e72-4792-951e-9518097a175a</sln:gmIIPId><sln:gmIIPPn>PL.PZGIK.200</sln:gmIIPPn><sln:gmIIPWersja>2012-09-26T22:19:52+02:00</sln:gmIIPWersja><sln:gmIdTeryt>2611053</sln:gmIdTeryt><sln:gmNazwa>Wąchock</sln:gmNazwa><sln:miejscIIPId>f896fdd1-9c49-485d-8c56-a37e0787a5fa</sln:miejscIIPId><sln:miejscIIPPn>PL.PZGIK.200</sln:miejscIIPPn><sln:miejscIIPWersja>2016-11-24T13:49:25+02:00</sln:miejscIIPWersja><sln:miejscIdTeryt>0276860</sln:miejscIdTeryt><sln:miejscNazwa>Polesie</sln:miejscNazwa><sln:miejscRodzaj>Inny obiekt</sln:miejscRodzaj><sln:powIIPId>07dacb68-acb7-458b-ba52-81a79204b9da</sln:powIIPId><sln:powIIPPn>PL.PZGIK.200</sln:powIIPPn><sln:powIIPWersja>2012-09-27T09:32:07+02:00</sln:powIIPWersja><sln:powIdTeryt>2611</sln:powIdTeryt><sln:powNazwa>starachowicki</sln:powNazwa><sln:wojIIPId>d021c0dd-b22e-4fcd-8444-904c64ec3aa8</sln:wojIIPId><sln:wojIIPPn>PL.PZGIK.200</sln:wojIIPPn><sln:wojIIPWersja>2012-09-27T13:45:13+02:00</sln:wojIIPWersja><sln:wojIdTeryt>26</sln:wojIdTeryt><sln:wojNazwa>świętokrzyskie</sln:wojNazwa></sln:miejscowosc><sln:miejscowosc><sln:cyklZyciaDo>2016-11-27T00:00:00+01:00</sln:cyklZyciaDo><sln:cyklZyciaOd>2014-10-09T00:00:00+02:00</sln:cyklZyciaOd><sln:gmIIPId>1b103bc3-3e72-4792-951e-9518097a175a</sln:gmIIPId><sln:gmIIPPn>PL.PZGIK.200</sln:gmIIPPn><sln:gmIIPWersja>2012-09-26T22:19:52+02:00</sln:gmIIPWersja><sln:gmIdTeryt>2611053</sln:gmIdTeryt><sln:gmNazwa>Wąchock</sln:gmNazwa><sln:miejscIIPId>647d0aed-c68f-4bbf-bb9a-e6676648f086</sln:miejscIIPId><sln:miejscIIPPn>PL.PZGIK.200</sln:miejscIIPPn><sln:miejscIIPWersja>2016-11-24T13:29:47+02:00</sln:miejscIIPWersja><sln:miejscIdTeryt>3004014</sln:miejscIdTeryt><sln:miejscNazwa>Gajówka Robaków Smug</sln:miejscNazwa><sln:miejscRodzaj>Inny obiekt</sln:miejscRodzaj><sln:powIIPId>07dacb68-acb7-458b-ba52-81a79204b9da</sln:powIIPId><sln:powIIPPn>PL.PZGIK.200</sln:powIIPPn><sln:powIIPWersja>2012-09-27T09:32:07+02:00</sln:powIIPWersja><sln:powIdTeryt>2611</sln:powIdTeryt><sln:powNazwa>starachowicki</sln:powNazwa><sln:wojIIPId>d021c0dd-b22e-4fcd-8444-904c64ec3aa8</sln:wojIIPId><sln:wojIIPPn>PL.PZGIK.200</sln:wojIIPPn><sln:wojIIPWersja>2012-09-27T13:45:13+02:00</sln:wojIIPWersja><sln:wojIdTeryt>26</sln:wojIdTeryt><sln:wojNazwa>świętokrzyskie</sln:wojNazwa></sln:miejscowosc><sln:miejscowosc><sln:cyklZyciaDo>2016-11-27T00:00:00+01:00</sln:cyklZyciaDo><sln:cyklZyciaOd>2014-10-09T00:00:00+02:00</sln:cyklZyciaOd><sln:gmIIPId>1b103bc3-3e72-4792-951e-9518097a175a</sln:gmIIPId><sln:gmIIPPn>PL.PZGIK.200</sln:gmIIPPn><sln:gmIIPWersja>2012-09-26T22:19:52+02:00</sln:gmIIPWersja><sln:gmIdTeryt>2611053</sln:gmIdTeryt><sln:gmNazwa>Wąchock</sln:gmNazwa><sln:miejscIIPId>8be57313-e01d-4517-975a-1defa33c5264</sln:miejscIIPId><sln:miejscIIPPn>PL.PZGIK.200</sln:miejscIIPPn><sln:miejscIIPWersja>2016-11-24T13:28:22+02:00</sln:miejscIIPWersja><sln:miejscIdTeryt>3003215</sln:miejscIdTeryt><sln:miejscNazwa>Podlesie</sln:miejscNazwa><sln:miejscRodzaj>Inny obiekt</sln:miejscRodzaj><sln:powIIPId>07dacb68-acb7-458b-ba52-81a79204b9da</sln:powIIPId><sln:powIIPPn>PL.PZGIK.200</sln:powIIPPn><sln:powIIPWersja>2012-09-27T09:32:07+02:00</sln:powIIPWersja><sln:powIdTeryt>2611</sln:powIdTeryt><sln:powNazwa>starachowicki</sln:powNazwa><sln:wojIIPId>d021c0dd-b22e-4fcd-8444-904c64ec3aa8</sln:wojIIPId><sln:wojIIPPn>PL.PZGIK.200</sln:wojIIPPn><sln:wojIIPWersja>2012-09-27T13:45:13+02:00</sln:wojIIPWersja><sln:wojIdTeryt>26</sln:wojIdTeryt><sln:wojNazwa>świętokrzyskie</sln:wojNazwa></sln:miejscowosc><sln:miejscowosc><sln:cyklZyciaDo>2016-11-27T00:00:00+01:00</sln:cyklZyciaDo><sln:cyklZyciaOd>2014-10-09T00:00:00+02:00</sln:cyklZyciaOd><sln:gmIIPId>1b103bc3-3e72-4792-951e-9518097a175a</sln:gmIIPId><sln:gmIIPPn>PL.PZGIK.200</sln:gmIIPPn><sln:gmIIPWersja>2012-09-26T22:19:52+02:00</sln:gmIIPWersja><sln:gmIdTeryt>2611053</sln:gmIdTeryt><sln:gmNazwa>Wąchock</sln:gmNazwa><sln:miejscIIPId>1e3847b1-ab93-4214-93ec-4c9fee8cd922</sln:miejscIIPId><sln:miejscIIPPn>PL.PZGIK.200</sln:miejscIIPPn><sln:miejscIIPWersja>2016-11-24T13:34:31+02:00</sln:miejscIIPWersja><sln:miejscIdTeryt>3008544</sln:miejscIdTeryt><sln:miejscNazwa>Zarzecze</sln:miejscNazwa><sln:miejscRodzaj>Inny obiekt</sln:miejscRodzaj><sln:powIIPId>07dacb68-acb7-458b-ba52-81a79204b9da</sln:powIIPId><sln:powIIPPn>PL.PZGIK.200</sln:powIIPPn><sln:powIIPWersja>2012-09-27T09:32:07+02:00</sln:powIIPWersja><sln:powIdTeryt>2611</sln:powIdTeryt><sln:powNazwa>starachowicki</sln:powNazwa><sln:wojIIPId>d021c0dd-b22e-4fcd-8444-904c64ec3aa8</sln:wojIIPId><sln:wojIIPPn>PL.PZGIK.200</sln:wojIIPPn><sln:wojIIPWersja>2012-09-27T13:45:13+02:00</sln:wojIIPWersja><sln:wojIdTeryt>26</sln:wojIdTeryt><sln:wojNazwa>świętokrzyskie</sln:wojNazwa></sln:miejscowosc><sln:miejscowosc><sln:cyklZyciaDo>2016-11-27T00:00:00+01:00</sln:cyklZyciaDo><sln:cyklZyciaOd>2014-10-09T00:00:00+02:00</sln:cyklZyciaOd><sln:gmIIPId>1b103bc3-3e72-4792-951e-9518097a175a</sln:gmIIPId><sln:gmIIPPn>PL.PZGIK.200</sln:gmIIPPn><sln:gmIIPWersja>2012-09-26T22:19:52+02:00</sln:gmIIPWersja><sln:gmIdTeryt>2611053</sln:gmIdTeryt><sln:gmNazwa>Wąchock</sln:gmNazwa><sln:miejscIIPId>72294e9f-881c-4305-b199-e572ec74d196</sln:miejscIIPId><sln:miejscIIPPn>PL.PZGIK.200</sln:miejscIIPPn><sln:miejscIIPWersja>2016-11-24T13:39:09+02:00</sln:miejscIIPWersja><sln:miejscIdTeryt>3013735</sln:miejscIdTeryt><sln:miejscNazwa>Kamieniczki</sln:miejscNazwa><sln:miejscRodzaj>Inny obiekt</sln:miejscRodzaj><sln:powIIPId>07dacb68-acb7-458b-ba52-81a79204b9da</sln:powIIPId><sln:powIIPPn>PL.PZGIK.200</sln:powIIPPn><sln:powIIPWersja>2012-09-27T09:32:07+02:00</sln:powIIPWersja><sln:powIdTeryt>2611</sln:powIdTeryt><sln:powNazwa>starachowicki</sln:powNazwa><sln:wojIIPId>d021c0dd-b22e-4fcd-8444-904c64ec3aa8</sln:wojIIPId><sln:wojIIPPn>PL.PZGIK.200</sln:wojIIPPn><sln:wojIIPWersja>2012-09-27T13:45:13+02:00</sln:wojIIPWersja><sln:wojIdTeryt>26</sln:wojIdTeryt><sln:wojNazwa>świętokrzyskie</sln:wojNazwa></sln:miejscowosc><sln:miejscowosc><sln:cyklZyciaDo>2016-11-27T00:00:00+01:00</sln:cyklZyciaDo><sln:cyklZyciaOd>2014-10-09T00:00:00+02:00</sln:cyklZyciaOd><sln:gmIIPId>1b103bc3-3e72-4792-951e-9518097a175a</sln:gmIIPId><sln:gmIIPPn>PL.PZGIK.200</sln:gmIIPPn><sln:gmIIPWersja>2012-09-26T22:19:52+02:00</sln:gmIIPWersja><sln:gmIdTeryt>2611053</sln:gmIdTeryt><sln:gmNazwa>Wąchock</sln:gmNazwa><sln:miejscIIPId>f15bed5d-f137-4756-826e-ba3b8411443b</sln:miejscIIPId><sln:miejscIIPPn>PL.PZGIK.200</sln:miejscIIPPn><sln:miejscIIPWersja>2016-11-24T13:46:10+02:00</sln:miejscIIPWersja><sln:miejscIdTeryt>1019332</sln:miejscIdTeryt><sln:miejscNazwa>Leśniczówka Rataje</sln:miejscNazwa><sln:miejscRodzaj>Leśniczówka</sln:miejscRodzaj><sln:powIIPId>07dacb68-acb7-458b-ba52-81a79204b9da</sln:powIIPId><sln:powIIPPn>PL.PZGIK.200</sln:powIIPPn><sln:powIIPWersja>2012-09-27T09:32:07+02:00</sln:powIIPWersja><sln:powIdTeryt>2611</sln:powIdTeryt><sln:powNazwa>starachowicki</sln:powNazwa><sln:wojIIPId>d021c0dd-b22e-4fcd-8444-904c64ec3aa8</sln:wojIIPId><sln:wojIIPPn>PL.PZGIK.200</sln:wojIIPPn><sln:wojIIPWersja>2012-09-27T13:45:13+02:00</sln:wojIIPWersja><sln:wojIdTeryt>26</sln:wojIdTeryt><sln:wojNazwa>świętokrzyskie</sln:wojNazwa></sln:miejscowosc><sln:miejscowosc><sln:cyklZyciaDo>2016-11-27T00:00:00+01:00</sln:cyklZyciaDo><sln:cyklZyciaOd>2014-10-09T00:00:00+02:00</sln:cyklZyciaOd><sln:gmIIPId>1b103bc3-3e72-4792-951e-9518097a175a</sln:gmIIPId><sln:gmIIPPn>PL.PZGIK.200</sln:gmIIPPn><sln:gmIIPWersja>2012-09-26T22:19:52+02:00</sln:gmIIPWersja><sln:gmIdTeryt>2611053</sln:gmIdTeryt><sln:gmNazwa>Wąchock</sln:gmNazwa><sln:miejscIIPId>227a037f-5fdc-42bd-9561-0c73079cecb1</sln:miejscIIPId><sln:miejscIIPPn>PL.PZGIK.200</sln:miejscIIPPn><sln:miejscIIPWersja>2016-11-24T13:32:00+02:00</sln:miejscIIPWersja><sln:miejscIdTeryt>3006815</sln:miejscIdTeryt><sln:miejscNazwa>Szkleniec</sln:miejscNazwa><sln:miejscRodzaj>Inny obiekt</sln:miejscRodzaj><sln:powIIPId>07dacb68-acb7-458b-ba52-81a79204b9da</sln:powIIPId><sln:powIIPPn>PL.PZGIK.200</sln:powIIPPn><sln:powIIPWersja>2012-09-27T09:32:07+02:00</sln:powIIPWersja><sln:powIdTeryt>2611</sln:powIdTeryt><sln:powNazwa>starachowicki</sln:powNazwa><sln:wojIIPId>d021c0dd-b22e-4fcd-8444-904c64ec3aa8</sln:wojIIPId><sln:wojIIPPn>PL.PZGIK.200</sln:wojIIPPn><sln:wojIIPWersja>2012-09-27T13:45:13+02:00</sln:wojIIPWersja><sln:wojIdTeryt>26</sln:wojIdTeryt><sln:wojNazwa>świętokrzyskie</sln:wojNazwa></sln:miejscowosc><sln:miejscowosc><sln:cyklZyciaDo>2016-11-27T00:00:00+01:00</sln:cyklZyciaDo><sln:cyklZyciaOd>2014-10-09T00:00:00+02:00</sln:cyklZyciaOd><sln:gmIIPId>1b103bc3-3e72-4792-951e-9518097a175a</sln:gmIIPId><sln:gmIIPPn>PL.PZGIK.200</sln:gmIIPPn><sln:gmIIPWersja>2012-09-26T22:19:52+02:00</sln:gmIIPWersja><sln:gmIdTeryt>2611053</sln:gmIdTeryt><sln:gmNazwa>Wąchock</sln:gmNazwa><sln:miejscIIPId>6f4c9418-81ac-4d91-b490-e519f8ab6c26</sln:miejscIIPId><sln:miejscIIPPn>PL.PZGIK.200</sln:miejscIIPPn><sln:miejscIIPWersja>2016-11-24T13:46:10+02:00</sln:miejscIIPWersja><sln:miejscIdTeryt>0276794</sln:miejscIdTeryt><sln:miejscNazwa>Nadleśnictwo Rataje</sln:miejscNazwa><sln:miejscRodzaj>Inny obiekt</sln:miejscRodzaj><sln:powIIPId>07dacb68-acb7-458b-ba52-81a79204b9da</sln:powIIPId><sln:powIIPPn>PL.PZGIK.200</sln:powIIPPn><sln:powIIPWersja>2012-09-27T09:32:07+02:00</sln:powIIPWersja><sln:powIdTeryt>2611</sln:powIdTeryt><sln:powNazwa>starachowicki</sln:powNazwa><sln:wojIIPId>d021c0dd-b22e-4fcd-8444-904c64ec3aa8</sln:wojIIPId><sln:wojIIPPn>PL.PZGIK.200</sln:wojIIPPn><sln:wojIIPWersja>2012-09-27T13:45:13+02:00</sln:wojIIPWersja><sln:wojIdTeryt>26</sln:wojIdTeryt><sln:wojNazwa>świętokrzyskie</sln:wojNazwa></sln:miejscowosc><sln:miejscowosc><sln:cyklZyciaDo>2016-11-27T00:00:00+01:00</sln:cyklZyciaDo><sln:cyklZyciaOd>2014-10-09T00:00:00+02:00</sln:cyklZyciaOd><sln:gmIIPId>1b103bc3-3e72-4792-951e-9518097a175a</sln:gmIIPId><sln:gmIIPPn>PL.PZGIK.200</sln:gmIIPPn><sln:gmIIPWersja>2012-09-26T22:19:52+02:00</sln:gmIIPWersja><sln:gmIdTeryt>2611053</sln:gmIdTeryt><sln:gmNazwa>Wąchock</sln:gmNazwa><sln:miejscIIPId>7f88d513-016c-459d-ba3c-3401238bfc1e</sln:miejscIIPId><sln:miejscIIPPn>PL.PZGIK.200</sln:miejscIIPPn><sln:miejscIIPWersja>2016-11-24T13:35:32+02:00</sln:miejscIIPWersja><sln:miejscIdTeryt>0276854</sln:miejscIdTeryt><sln:miejscNazwa>Ciecierówka</sln:miejscNazwa><sln:miejscRodzaj>Wieś</sln:miejscRodzaj><sln:powIIPId>07dacb68-acb7-458b-ba52-81a79204b9da</sln:powIIPId><sln:powIIPPn>PL.PZGIK.200</sln:powIIPPn><sln:powIIPWersja>2012-09-27T09:32:07+02:00</sln:powIIPWersja><sln:powIdTeryt>2611</sln:powIdTeryt><sln:powNazwa>starachowicki</sln:powNazwa><sln:wojIIPId>d021c0dd-b22e-4fcd-8444-904c64ec3aa8</sln:wojIIPId><sln:wojIIPPn>PL.PZGIK.200</sln:wojIIPPn><sln:wojIIPWersja>2012-09-27T13:45:13+02:00</sln:wojIIPWersja><sln:wojIdTeryt>26</sln:wojIdTeryt><sln:wojNazwa>świętokrzyskie</sln:wojNazwa></sln:miejscowosc><sln:miejscowosc><sln:cyklZyciaDo>2016-11-27T00:00:00+01:00</sln:cyklZyciaDo><sln:cyklZyciaOd>2014-10-09T00:00:00+02:00</sln:cyklZyciaOd><sln:gmIIPId>1b103bc3-3e72-4792-951e-9518097a175a</sln:gmIIPId><sln:gmIIPPn>PL.PZGIK.200</sln:gmIIPPn><sln:gmIIPWersja>2012-09-26T22:19:52+02:00</sln:gmIIPWersja><sln:gmIdTeryt>2611053</sln:gmIdTeryt><sln:gmNazwa>Wąchock</sln:gmNazwa><sln:miejscIIPId>76bfeb72-9783-4ef9-8f5f-8c7004ea1eeb</sln:miejscIIPId><sln:miejscIIPPn>PL.PZGIK.200</sln:miejscIIPPn><sln:miejscIIPWersja>2016-11-24T13:51:40+02:00</sln:miejscIIPWersja><sln:miejscIdTeryt>0276883</sln:miejscIdTeryt><sln:miejscNazwa>Betlejem</sln:miejscNazwa><sln:miejscRodzaj>Inny obiekt</sln:miejscRodzaj><sln:powIIPId>07dacb68-acb7-458b-ba52-81a79204b9da</sln:powIIPId><sln:powIIPPn>PL.PZGIK.200</sln:powIIPPn><sln:powIIPWersja>2012-09-27T09:32:07+02:00</sln:powIIPWersja><sln:powIdTeryt>2611</sln:powIdTeryt><sln:powNazwa>starachowicki</sln:powNazwa><sln:wojIIPId>d021c0dd-b22e-4fcd-8444-904c64ec3aa8</sln:wojIIPId><sln:wojIIPPn>PL.PZGIK.200</sln:wojIIPPn><sln:wojIIPWersja>2012-09-27T13:45:13+02:00</sln:wojIIPWersja><sln:wojIdTeryt>26</sln:wojIdTeryt><sln:wojNazwa>świętokrzyskie</sln:wojNazwa></sln:miejscowosc><sln:miejscowosc><sln:cyklZyciaDo>2016-11-27T00:00:00+01:00</sln:cyklZyciaDo><sln:cyklZyciaOd>2014-10-09T00:00:00+02:00</sln:cyklZyciaOd><sln:gmIIPId>1b103bc3-3e72-4792-951e-9518097a175a</sln:gmIIPId><sln:gmIIPPn>PL.PZGIK.200</sln:gmIIPPn><sln:gmIIPWersja>2012-09-26T22:19:52+02:00</sln:gmIIPWersja><sln:gmIdTeryt>2611053</sln:gmIdTeryt><sln:gmNazwa>Wąchock</sln:gmNazwa><sln:miejscIIPId>1e96d023-4935-4c16-9a45-232688d3cf5f</sln:miejscIIPId><sln:miejscIIPPn>PL.PZGIK.200</sln:miejscIIPPn><sln:miejscIIPWersja>2016-11-24T13:40:02+02:00</sln:miejscIIPWersja><sln:miejscIdTeryt>3014457</sln:miejscIdTeryt><sln:miejscNazwa>Kozaczyzna</sln:miejscNazwa><sln:miejscRodzaj>Inny obiekt</sln:miejscRodzaj><sln:powIIPId>07dacb68-acb7-458b-ba52-81a79204b9da</sln:powIIPId><sln:powIIPPn>PL.PZGIK.200</sln:powIIPPn><sln:powIIPWersja>2012-09-27T09:32:07+02:00</sln:powIIPWersja><sln:powIdTeryt>2611</sln:powIdTeryt><sln:powNazwa>starachowicki</sln:powNazwa><sln:wojIIPId>d021c0dd-b22e-4fcd-8444-904c64ec3aa8</sln:wojIIPId><sln:wojIIPPn>PL.PZGIK.200</sln:wojIIPPn><sln:wojIIPWersja>2012-09-27T13:45:13+02:00</sln:wojIIPWersja><sln:wojIdTeryt>26</sln:wojIdTeryt><sln:wojNazwa>świętokrzyskie</sln:wojNazwa></sln:miejscowosc><sln:miejscowosc><sln:cyklZyciaDo>2016-11-27T00:00:00+01:00</sln:cyklZyciaDo><sln:cyklZyciaOd>2014-10-09T00:00:00+02:00</sln:cyklZyciaOd><sln:gmIIPId>1b103bc3-3e72-4792-951e-9518097a175a</sln:gmIIPId><sln:gmIIPPn>PL.PZGIK.200</sln:gmIIPPn><sln:gmIIPWersja>2012-09-26T22:19:52+02:00</sln:gmIIPWersja><sln:gmIdTeryt>2611053</sln:gmIdTeryt><sln:gmNazwa>Wąchock</sln:gmNazwa><sln:miejscIIPId>7792bffb-2069-45ef-ba52-71d1b163a3de</sln:miejscIIPId><sln:miejscIIPPn>PL.PZGIK.200</sln:miejscIIPPn><sln:miejscIIPWersja>2016-11-24T13:40:33+02:00</sln:miejscIIPWersja><sln:miejscIdTeryt>3014685</sln:miejscIdTeryt><sln:miejscNazwa>Księża Kępa</sln:miejscNazwa><sln:miejscRodzaj>Inny obiekt</sln:miejscRodzaj><sln:powIIPId>07dacb68-acb7-458b-ba52-81a79204b9da</sln:powIIPId><sln:powIIPPn>PL.PZGIK.200</sln:powIIPPn><sln:powIIPWersja>2012-09-27T09:32:07+02:00</sln:powIIPWersja><sln:powIdTeryt>2611</sln:powIdTeryt><sln:powNazwa>starachowicki</sln:powNazwa><sln:wojIIPId>d021c0dd-b22e-4fcd-8444-904c64ec3aa8</sln:wojIIPId><sln:wojIIPPn>PL.PZGIK.200</sln:wojIIPPn><sln:wojIIPWersja>2012-09-27T13:45:13+02:00</sln:wojIIPWersja><sln:wojIdTeryt>26</sln:wojIdTeryt><sln:wojNazwa>świętokrzyskie</sln:wojNazwa></sln:miejscowosc><sln:miejscowosc><sln:cyklZyciaDo>2016-11-27T00:00:00+01:00</sln:cyklZyciaDo><sln:cyklZyciaOd>2014-10-09T00:00:00+02:00</sln:cyklZyciaOd><sln:gmIIPId>1b103bc3-3e72-4792-951e-9518097a175a</sln:gmIIPId><sln:gmIIPPn>PL.PZGIK.200</sln:gmIIPPn><sln:gmIIPWersja>2012-09-26T22:19:52+02:00</sln:gmIIPWersja><sln:gmIdTeryt>2611053</sln:gmIdTeryt><sln:gmNazwa>Wąchock</sln:gmNazwa><sln:miejscIIPId>c10c598b-f6d6-4b96-abf4-2cd52d09733e</sln:miejscIIPId><sln:miejscIIPPn>PL.PZGIK.200</sln:miejscIIPPn><sln:miejscIIPWersja>2016-11-24T13:31:25+02:00</sln:miejscIIPWersja><sln:miejscIdTeryt>3006506</sln:miejscIdTeryt><sln:miejscNazwa>Stary Piec</sln:miejscNazwa><sln:miejscRodzaj>Inny obiekt</sln:miejscRodzaj><sln:powIIPId>07dacb68-acb7-458b-ba52-81a79204b9da</sln:powIIPId><sln:powIIPPn>PL.PZGIK.200</sln:powIIPPn><sln:powIIPWersja>2012-09-27T09:32:07+02:00</sln:powIIPWersja><sln:powIdTeryt>2611</sln:powIdTeryt><sln:powNazwa>starachowicki</sln:powNazwa><sln:wojIIPId>d021c0dd-b22e-4fcd-8444-904c64ec3aa8</sln:wojIIPId><sln:wojIIPPn>PL.PZGIK.200</sln:wojIIPPn><sln:wojIIPWersja>2012-09-27T13:45:13+02:00</sln:wojIIPWersja><sln:wojIdTeryt>26</sln:wojIdTeryt><sln:wojNazwa>świętokrzyskie</sln:wojNazwa></sln:miejscowosc><sln:miejscowosc><sln:cyklZyciaDo>2016-11-27T00:00:00+01:00</sln:cyklZyciaDo><sln:cyklZyciaOd>2014-10-09T00:00:00+02:00</sln:cyklZyciaOd><sln:gmIIPId>1b103bc3-3e72-4792-951e-9518097a175a</sln:gmIIPId><sln:gmIIPPn>PL.PZGIK.200</sln:gmIIPPn><sln:gmIIPWersja>2012-09-26T22:19:52+02:00</sln:gmIIPWersja><sln:gmIdTeryt>2611053</sln:gmIdTeryt><sln:gmNazwa>Wąchock</sln:gmNazwa><sln:miejscIIPId>69ca70f7-d4de-417a-9738-ade3fe8b80f8</sln:miejscIIPId><sln:miejscIIPPn>PL.PZGIK.200</sln:miejscIIPPn><sln:miejscIIPWersja>2016-11-24T13:33:55+02:00</sln:miejscIIPWersja><sln:miejscIdTeryt>3007986</sln:miejscIdTeryt><sln:miejscNazwa>Wygoda</sln:miejscNazwa><sln:miejscRodzaj>Inny obiekt</sln:miejscRodzaj><sln:powIIPId>07dacb68-acb7-458b-ba52-81a79204b9da</sln:powIIPId><sln:powIIPPn>PL.PZGIK.200</sln:powIIPPn><sln:powIIPWersja>2012-09-27T09:32:07+02:00</sln:powIIPWersja><sln:powIdTeryt>2611</sln:powIdTeryt><sln:powNazwa>starachowicki</sln:powNazwa><sln:wojIIPId>d021c0dd-b22e-4fcd-8444-904c64ec3aa8</sln:wojIIPId><sln:wojIIPPn>PL.PZGIK.200</sln:wojIIPPn><sln:wojIIPWersja>2012-09-27T13:45:13+02:00</sln:wojIIPWersja><sln:wojIdTeryt>26</sln:wojIdTeryt><sln:wojNazwa>świętokrzyskie</sln:wojNazwa></sln:miejscowosc><sln:miejscowosc><sln:cyklZyciaOd>2016-11-27T00:00:00+01:00</sln:cyklZyciaOd><sln:gmIIPId>1b103bc3-3e72-4792-951e-9518097a175a</sln:gmIIPId><sln:gmIIPPn>PL.PZGIK.200</sln:gmIIPPn><sln:gmIIPWersja>2012-09-26T22:19:52+02:00</sln:gmIIPWersja><sln:gmIdTeryt>2611053</sln:gmIdTeryt><sln:gmNazwa>Wąchock</sln:gmNazwa><sln:miejscIIPId>30d2f2b3-abd1-4d4f-81e5-1d8713dc28be</sln:miejscIIPId><sln:miejscIIPPn>PL.PZGIK.200</sln:miejscIIPPn><sln:miejscIIPWersja>2016-11-27T16:53:51+02:00</sln:miejscIIPWersja><sln:miejscIdTeryt>0276707</sln:miejscIdTeryt><sln:miejscNIIPId>8ef8a02e-0fce-4222-a0da-acd7b5a7a558</sln:miejscNIIPId><sln:miejscNIIPPn>PL.PZGIK.200</sln:miejscNIIPPn><sln:miejscNIIPWersja>2016-11-24T13:41:55+02:00</sln:miejscNIIPWersja><sln:miejscNIdTeryt>0276682</sln:miejscNIdTeryt><sln:miejscNNazwa>Marcinków</sln:miejscNNazwa><sln:miejscNRodzaj>Wieś</sln:miejscNRodzaj><sln:miejscNazwa>Marcinków Górny</sln:miejscNazwa><sln:miejscRodzaj>Część wsi</sln:miejscRodzaj><sln:powIIPId>07dacb68-acb7-458b-ba52-81a79204b9da</sln:powIIPId><sln:powIIPPn>PL.PZGIK.200</sln:powIIPPn><sln:powIIPWersja>2012-09-27T09:32:07+02:00</sln:powIIPWersja><sln:powIdTeryt>2611</sln:powIdTeryt><sln:powNazwa>starachowicki</sln:powNazwa><sln:wojIIPId>d021c0dd-b22e-4fcd-8444-904c64ec3aa8</sln:wojIIPId><sln:wojIIPPn>PL.PZGIK.200</sln:wojIIPPn><sln:wojIIPWersja>2012-09-27T13:45:13+02:00</sln:wojIIPWersja><sln:wojIdTeryt>26</sln:wojIdTeryt><sln:wojNazwa>świętokrzyskie</sln:wojNazwa></sln:miejscowosc></sln:lista-miejscowosci>