<?xml version="1.0" encoding="UTF-8" standalone="yes"?><sln:lista-miejscowosci xmlns:srv="http://gugik.gov.pl/schemas/slowniki-service/1.0" xmlns:sln="http://gugik.gov.pl/schemas/slowniki-schema/1.0"><sln:miejscowosc><sln:cyklZyciaDo>2017-04-24T00:00:00+02:00</sln:cyklZyciaDo><sln:cyklZyciaOd>2014-10-09T00:00:00+02:00</sln:cyklZyciaOd><sln:gmIIPId>dd73e09d-5216-4df0-8361-acffdc341a28</sln:gmIIPId><sln:gmIIPPn>PL.PZGIK.200</sln:gmIIPPn><sln:gmIIPWersja>2012-09-26T22:19:02+02:00</sln:gmIIPWersja><sln:gmIdTeryt>2605062</sln:gmIdTeryt><sln:gmNazwa>Słupia (Konecka)</sln:gmNazwa><sln:miejscIIPId>c95afe24-c985-4072-bb14-fc8af234a038</sln:miejscIIPId><sln:miejscIIPPn>PL.PZGIK.200</sln:miejscIIPPn><sln:miejscIIPWersja>2016-11-24T13:46:26+02:00</sln:miejscIIPWersja><sln:miejscIdTeryt>0269771</sln:miejscIdTeryt><sln:miejscNazwa>Na Stawkach</sln:miejscNazwa><sln:miejscRodzaj>Inny obiekt</sln:miejscRodzaj><sln:powIIPId>2f19b6ae-b7d4-4596-9934-ca60034d6207</sln:powIIPId><sln:powIIPPn>PL.PZGIK.200</sln:powIIPPn><sln:powIIPWersja>2012-09-27T09:32:07+02:00</sln:powIIPWersja><sln:powIdTeryt>2605</sln:powIdTeryt><sln:powNazwa>konecki</sln:powNazwa><sln:wojIIPId>d021c0dd-b22e-4fcd-8444-904c64ec3aa8</sln:wojIIPId><sln:wojIIPPn>PL.PZGIK.200</sln:wojIIPPn><sln:wojIIPWersja>2012-09-27T13:45:13+02:00</sln:wojIIPWersja><sln:wojIdTeryt>26</sln:wojIdTeryt><sln:wojNazwa>świętokrzyskie</sln:wojNazwa></sln:miejscowosc><sln:miejscowosc><sln:cyklZyciaDo>2017-04-24T00:00:00+02:00</sln:cyklZyciaDo><sln:cyklZyciaOd>2014-10-09T00:00:00+02:00</sln:cyklZyciaOd><sln:gmIIPId>dd73e09d-5216-4df0-8361-acffdc341a28</sln:gmIIPId><sln:gmIIPPn>PL.PZGIK.200</sln:gmIIPPn><sln:gmIIPWersja>2012-09-26T22:19:02+02:00</sln:gmIIPWersja><sln:gmIdTeryt>2605062</sln:gmIdTeryt><sln:gmNazwa>Słupia (Konecka)</sln:gmNazwa><sln:miejscIIPId>6d05553d-fccb-41a0-9a28-58320aba6e4d</sln:miejscIIPId><sln:miejscIIPPn>PL.PZGIK.200</sln:miejscIIPPn><sln:miejscIIPWersja>2016-11-24T13:46:04+02:00</sln:miejscIIPWersja><sln:miejscIdTeryt>0269529</sln:miejscIdTeryt><sln:miejscNazwa>Słomiana</sln:miejscNazwa><sln:miejscRodzaj>Przysiółek</sln:miejscRodzaj><sln:powIIPId>2f19b6ae-b7d4-4596-9934-ca60034d6207</sln:powIIPId><sln:powIIPPn>PL.PZGIK.200</sln:powIIPPn><sln:powIIPWersja>2012-09-27T09:32:07+02:00</sln:powIIPWersja><sln:powIdTeryt>2605</sln:powIdTeryt><sln:powNazwa>konecki</sln:powNazwa><sln:wojIIPId>d021c0dd-b22e-4fcd-8444-904c64ec3aa8</sln:wojIIPId><sln:wojIIPPn>PL.PZGIK.200</sln:wojIIPPn><sln:wojIIPWersja>2012-09-27T13:45:13+02:00</sln:wojIIPWersja><sln:wojIdTeryt>26</sln:wojIdTeryt><sln:wojNazwa>świętokrzyskie</sln:wojNazwa></sln:miejscowosc><sln:miejscowosc><sln:cyklZyciaDo>2017-04-24T00:00:00+02:00</sln:cyklZyciaDo><sln:cyklZyciaOd>2014-10-09T00:00:00+02:00</sln:cyklZyciaOd><sln:gmIIPId>dd73e09d-5216-4df0-8361-acffdc341a28</sln:gmIIPId><sln:gmIIPPn>PL.PZGIK.200</sln:gmIIPPn><sln:gmIIPWersja>2012-09-26T22:19:02+02:00</sln:gmIIPWersja><sln:gmIdTeryt>2605062</sln:gmIdTeryt><sln:gmNazwa>Słupia (Konecka)</sln:gmNazwa><sln:miejscIIPId>c79d74d2-d67a-4c1f-a00c-292b0b412cf6</sln:miejscIIPId><sln:miejscIIPPn>PL.PZGIK.200</sln:miejscIIPPn><sln:miejscIIPWersja>2016-11-24T13:58:01+02:00</sln:miejscIIPWersja><sln:miejscIdTeryt>0269593</sln:miejscIdTeryt><sln:miejscNazwa>Błagodać</sln:miejscNazwa><sln:miejscRodzaj>Inny obiekt</sln:miejscRodzaj><sln:powIIPId>2f19b6ae-b7d4-4596-9934-ca60034d6207</sln:powIIPId><sln:powIIPPn>PL.PZGIK.200</sln:powIIPPn><sln:powIIPWersja>2012-09-27T09:32:07+02:00</sln:powIIPWersja><sln:powIdTeryt>2605</sln:powIdTeryt><sln:powNazwa>konecki</sln:powNazwa><sln:wojIIPId>d021c0dd-b22e-4fcd-8444-904c64ec3aa8</sln:wojIIPId><sln:wojIIPPn>PL.PZGIK.200</sln:wojIIPPn><sln:wojIIPWersja>2012-09-27T13:45:13+02:00</sln:wojIIPWersja><sln:wojIdTeryt>26</sln:wojIdTeryt><sln:wojNazwa>świętokrzyskie</sln:wojNazwa></sln:miejscowosc><sln:miejscowosc><sln:cyklZyciaDo>2017-04-24T00:00:00+02:00</sln:cyklZyciaDo><sln:cyklZyciaOd>2014-10-09T00:00:00+02:00</sln:cyklZyciaOd><sln:gmIIPId>dd73e09d-5216-4df0-8361-acffdc341a28</sln:gmIIPId><sln:gmIIPPn>PL.PZGIK.200</sln:gmIIPPn><sln:gmIIPWersja>2012-09-26T22:19:02+02:00</sln:gmIIPWersja><sln:gmIdTeryt>2605062</sln:gmIdTeryt><sln:gmNazwa>Słupia (Konecka)</sln:gmNazwa><sln:miejscIIPId>f7fe6274-a261-4d9e-b6eb-89ff1549034e</sln:miejscIIPId><sln:miejscIIPPn>PL.PZGIK.200</sln:miejscIIPPn><sln:miejscIIPWersja>2016-11-24T13:55:13+02:00</sln:miejscIIPWersja><sln:miejscIdTeryt>0269512</sln:miejscIdTeryt><sln:miejscNazwa>Biały Ług-Kolonia</sln:miejscNazwa><sln:miejscRodzaj>Inny obiekt</sln:miejscRodzaj><sln:powIIPId>2f19b6ae-b7d4-4596-9934-ca60034d6207</sln:powIIPId><sln:powIIPPn>PL.PZGIK.200</sln:powIIPPn><sln:powIIPWersja>2012-09-27T09:32:07+02:00</sln:powIIPWersja><sln:powIdTeryt>2605</sln:powIdTeryt><sln:powNazwa>konecki</sln:powNazwa><sln:wojIIPId>d021c0dd-b22e-4fcd-8444-904c64ec3aa8</sln:wojIIPId><sln:wojIIPPn>PL.PZGIK.200</sln:wojIIPPn><sln:wojIIPWersja>2012-09-27T13:45:13+02:00</sln:wojIIPWersja><sln:wojIdTeryt>26</sln:wojIdTeryt><sln:wojNazwa>świętokrzyskie</sln:wojNazwa></sln:miejscowosc><sln:miejscowosc><sln:cyklZyciaDo>2017-04-24T00:00:00+02:00</sln:cyklZyciaDo><sln:cyklZyciaOd>2014-10-09T00:00:00+02:00</sln:cyklZyciaOd><sln:gmIIPId>dd73e09d-5216-4df0-8361-acffdc341a28</sln:gmIIPId><sln:gmIIPPn>PL.PZGIK.200</sln:gmIIPPn><sln:gmIIPWersja>2012-09-26T22:19:02+02:00</sln:gmIIPWersja><sln:gmIdTeryt>2605062</sln:gmIdTeryt><sln:gmNazwa>Słupia (Konecka)</sln:gmNazwa><sln:miejscIIPId>1997288b-3c85-47d9-a63a-6e83ba3d3c05</sln:miejscIIPId><sln:miejscIIPPn>PL.PZGIK.200</sln:miejscIIPPn><sln:miejscIIPWersja>2016-11-24T13:58:01+02:00</sln:miejscIIPWersja><sln:miejscIdTeryt>0269601</sln:miejscIdTeryt><sln:miejscNazwa>Mokre</sln:miejscNazwa><sln:miejscRodzaj>Inny obiekt</sln:miejscRodzaj><sln:powIIPId>2f19b6ae-b7d4-4596-9934-ca60034d6207</sln:powIIPId><sln:powIIPPn>PL.PZGIK.200</sln:powIIPPn><sln:powIIPWersja>2012-09-27T09:32:07+02:00</sln:powIIPWersja><sln:powIdTeryt>2605</sln:powIdTeryt><sln:powNazwa>konecki</sln:powNazwa><sln:wojIIPId>d021c0dd-b22e-4fcd-8444-904c64ec3aa8</sln:wojIIPId><sln:wojIIPPn>PL.PZGIK.200</sln:wojIIPPn><sln:wojIIPWersja>2012-09-27T13:45:13+02:00</sln:wojIIPWersja><sln:wojIdTeryt>26</sln:wojIdTeryt><sln:wojNazwa>świętokrzyskie</sln:wojNazwa></sln:miejscowosc><sln:miejscowosc><sln:cyklZyciaDo>2017-04-24T00:00:00+02:00</sln:cyklZyciaDo><sln:cyklZyciaOd>2014-10-09T00:00:00+02:00</sln:cyklZyciaOd><sln:gmIIPId>dd73e09d-5216-4df0-8361-acffdc341a28</sln:gmIIPId><sln:gmIIPPn>PL.PZGIK.200</sln:gmIIPPn><sln:gmIIPWersja>2012-09-26T22:19:02+02:00</sln:gmIIPWersja><sln:gmIdTeryt>2605062</sln:gmIdTeryt><sln:gmNazwa>Słupia (Konecka)</sln:gmNazwa><sln:miejscIIPId>8f2b2e8c-e7ff-4b7d-8b57-1de2b0147bc9</sln:miejscIIPId><sln:miejscIIPPn>PL.PZGIK.200</sln:miejscIIPPn><sln:miejscIIPWersja>2016-11-24T13:46:26+02:00</sln:miejscIIPWersja><sln:miejscIdTeryt>0997430</sln:miejscIdTeryt><sln:miejscNazwa>Zofiówka</sln:miejscNazwa><sln:miejscRodzaj>Inny obiekt</sln:miejscRodzaj><sln:powIIPId>2f19b6ae-b7d4-4596-9934-ca60034d6207</sln:powIIPId><sln:powIIPPn>PL.PZGIK.200</sln:powIIPPn><sln:powIIPWersja>2012-09-27T09:32:07+02:00</sln:powIIPWersja><sln:powIdTeryt>2605</sln:powIdTeryt><sln:powNazwa>konecki</sln:powNazwa><sln:wojIIPId>d021c0dd-b22e-4fcd-8444-904c64ec3aa8</sln:wojIIPId><sln:wojIIPPn>PL.PZGIK.200</sln:wojIIPPn><sln:wojIIPWersja>2012-09-27T13:45:13+02:00</sln:wojIIPWersja><sln:wojIdTeryt>26</sln:wojIdTeryt><sln:wojNazwa>świętokrzyskie</sln:wojNazwa></sln:miejscowosc><sln:miejscowosc><sln:cyklZyciaDo>2017-04-24T00:00:00+02:00</sln:cyklZyciaDo><sln:cyklZyciaOd>2014-10-09T00:00:00+02:00</sln:cyklZyciaOd><sln:gmIIPId>dd73e09d-5216-4df0-8361-acffdc341a28</sln:gmIIPId><sln:gmIIPPn>PL.PZGIK.200</sln:gmIIPPn><sln:gmIIPWersja>2012-09-26T22:19:02+02:00</sln:gmIIPWersja><sln:gmIdTeryt>2605062</sln:gmIdTeryt><sln:gmNazwa>Słupia (Konecka)</sln:gmNazwa><sln:miejscIIPId>86d8e335-2e85-47e3-8e60-38b56216f290</sln:miejscIIPId><sln:miejscIIPPn>PL.PZGIK.200</sln:miejscIIPPn><sln:miejscIIPWersja>2016-11-24T13:46:26+02:00</sln:miejscIIPWersja><sln:miejscIdTeryt>0997424</sln:miejscIdTeryt><sln:miejscNazwa>Skąpe Drugie</sln:miejscNazwa><sln:miejscRodzaj>Inny obiekt</sln:miejscRodzaj><sln:powIIPId>2f19b6ae-b7d4-4596-9934-ca60034d6207</sln:powIIPId><sln:powIIPPn>PL.PZGIK.200</sln:powIIPPn><sln:powIIPWersja>2012-09-27T09:32:07+02:00</sln:powIIPWersja><sln:powIdTeryt>2605</sln:powIdTeryt><sln:powNazwa>konecki</sln:powNazwa><sln:wojIIPId>d021c0dd-b22e-4fcd-8444-904c64ec3aa8</sln:wojIIPId><sln:wojIIPPn>PL.PZGIK.200</sln:wojIIPPn><sln:wojIIPWersja>2012-09-27T13:45:13+02:00</sln:wojIIPWersja><sln:wojIdTeryt>26</sln:wojIdTeryt><sln:wojNazwa>świętokrzyskie</sln:wojNazwa></sln:miejscowosc><sln:miejscowosc><sln:cyklZyciaDo>2017-04-24T00:00:00+02:00</sln:cyklZyciaDo><sln:cyklZyciaOd>2014-10-09T00:00:00+02:00</sln:cyklZyciaOd><sln:gmIIPId>dd73e09d-5216-4df0-8361-acffdc341a28</sln:gmIIPId><sln:gmIIPPn>PL.PZGIK.200</sln:gmIIPPn><sln:gmIIPWersja>2012-09-26T22:19:02+02:00</sln:gmIIPWersja><sln:gmIdTeryt>2605062</sln:gmIdTeryt><sln:gmNazwa>Słupia (Konecka)</sln:gmNazwa><sln:miejscIIPId>f6e90a01-a8ec-454e-9f94-9900103fcf0f</sln:miejscIIPId><sln:miejscIIPPn>PL.PZGIK.200</sln:miejscIIPPn><sln:miejscIIPWersja>2016-11-24T13:31:10+02:00</sln:miejscIIPWersja><sln:miejscIdTeryt>0269535</sln:miejscIdTeryt><sln:miejscNazwa>Budzisław</sln:miejscNazwa><sln:miejscRodzaj>Wieś</sln:miejscRodzaj><sln:powIIPId>2f19b6ae-b7d4-4596-9934-ca60034d6207</sln:powIIPId><sln:powIIPPn>PL.PZGIK.200</sln:powIIPPn><sln:powIIPWersja>2012-09-27T09:32:07+02:00</sln:powIIPWersja><sln:powIdTeryt>2605</sln:powIdTeryt><sln:powNazwa>konecki</sln:powNazwa><sln:wojIIPId>d021c0dd-b22e-4fcd-8444-904c64ec3aa8</sln:wojIIPId><sln:wojIIPPn>PL.PZGIK.200</sln:wojIIPPn><sln:wojIIPWersja>2012-09-27T13:45:13+02:00</sln:wojIIPWersja><sln:wojIdTeryt>26</sln:wojIdTeryt><sln:wojNazwa>świętokrzyskie</sln:wojNazwa></sln:miejscowosc><sln:miejscowosc><sln:cyklZyciaDo>2017-04-24T00:00:00+02:00</sln:cyklZyciaDo><sln:cyklZyciaOd>2014-10-09T00:00:00+02:00</sln:cyklZyciaOd><sln:gmIIPId>dd73e09d-5216-4df0-8361-acffdc341a28</sln:gmIIPId><sln:gmIIPPn>PL.PZGIK.200</sln:gmIIPPn><sln:gmIIPWersja>2012-09-26T22:19:02+02:00</sln:gmIIPWersja><sln:gmIdTeryt>2605062</sln:gmIdTeryt><sln:gmNazwa>Słupia (Konecka)</sln:gmNazwa><sln:miejscIIPId>f3d9828e-31b0-46c8-be62-cc92642232dc</sln:miejscIIPId><sln:miejscIIPPn>PL.PZGIK.200</sln:miejscIIPPn><sln:miejscIIPWersja>2016-11-24T13:35:53+02:00</sln:miejscIIPWersja><sln:miejscIdTeryt>0269558</sln:miejscIdTeryt><sln:miejscNazwa>Czerwona Wola-Kolonia</sln:miejscNazwa><sln:miejscRodzaj>Wieś</sln:miejscRodzaj><sln:powIIPId>2f19b6ae-b7d4-4596-9934-ca60034d6207</sln:powIIPId><sln:powIIPPn>PL.PZGIK.200</sln:powIIPPn><sln:powIIPWersja>2012-09-27T09:32:07+02:00</sln:powIIPWersja><sln:powIdTeryt>2605</sln:powIdTeryt><sln:powNazwa>konecki</sln:powNazwa><sln:wojIIPId>d021c0dd-b22e-4fcd-8444-904c64ec3aa8</sln:wojIIPId><sln:wojIIPPn>PL.PZGIK.200</sln:wojIIPPn><sln:wojIIPWersja>2012-09-27T13:45:13+02:00</sln:wojIIPWersja><sln:wojIdTeryt>26</sln:wojIdTeryt><sln:wojNazwa>świętokrzyskie</sln:wojNazwa></sln:miejscowosc><sln:miejscowosc><sln:cyklZyciaDo>2017-04-24T00:00:00+02:00</sln:cyklZyciaDo><sln:cyklZyciaOd>2014-10-09T00:00:00+02:00</sln:cyklZyciaOd><sln:gmIIPId>dd73e09d-5216-4df0-8361-acffdc341a28</sln:gmIIPId><sln:gmIIPPn>PL.PZGIK.200</sln:gmIIPPn><sln:gmIIPWersja>2012-09-26T22:19:02+02:00</sln:gmIIPWersja><sln:gmIdTeryt>2605062</sln:gmIdTeryt><sln:gmNazwa>Słupia (Konecka)</sln:gmNazwa><sln:miejscIIPId>c02fa014-63e5-456f-83e3-90ec27613443</sln:miejscIIPId><sln:miejscIIPPn>PL.PZGIK.200</sln:miejscIIPPn><sln:miejscIIPWersja>2016-11-24T13:58:01+02:00</sln:miejscIIPWersja><sln:miejscIdTeryt>0269624</sln:miejscIdTeryt><sln:miejscNazwa>Szwedy</sln:miejscNazwa><sln:miejscRodzaj>Wieś</sln:miejscRodzaj><sln:powIIPId>2f19b6ae-b7d4-4596-9934-ca60034d6207</sln:powIIPId><sln:powIIPPn>PL.PZGIK.200</sln:powIIPPn><sln:powIIPWersja>2012-09-27T09:32:07+02:00</sln:powIIPWersja><sln:powIdTeryt>2605</sln:powIdTeryt><sln:powNazwa>konecki</sln:powNazwa><sln:wojIIPId>d021c0dd-b22e-4fcd-8444-904c64ec3aa8</sln:wojIIPId><sln:wojIIPPn>PL.PZGIK.200</sln:wojIIPPn><sln:wojIIPWersja>2012-09-27T13:45:13+02:00</sln:wojIIPWersja><sln:wojIdTeryt>26</sln:wojIdTeryt><sln:wojNazwa>świętokrzyskie</sln:wojNazwa></sln:miejscowosc><sln:miejscowosc><sln:cyklZyciaDo>2017-04-24T00:00:00+02:00</sln:cyklZyciaDo><sln:cyklZyciaOd>2014-10-09T00:00:00+02:00</sln:cyklZyciaOd><sln:gmIIPId>dd73e09d-5216-4df0-8361-acffdc341a28</sln:gmIIPId><sln:gmIIPPn>PL.PZGIK.200</sln:gmIIPPn><sln:gmIIPWersja>2012-09-26T22:19:02+02:00</sln:gmIIPWersja><sln:gmIdTeryt>2605062</sln:gmIdTeryt><sln:gmNazwa>Słupia (Konecka)</sln:gmNazwa><sln:miejscIIPId>2c674403-cb5b-431f-b2be-0ba30e59adbc</sln:miejscIIPId><sln:miejscIIPPn>PL.PZGIK.200</sln:miejscIIPPn><sln:miejscIIPWersja>2016-11-24T13:43:55+02:00</sln:miejscIIPWersja><sln:miejscIdTeryt>0269630</sln:miejscIdTeryt><sln:miejscNazwa>Olszówka Pilczycka</sln:miejscNazwa><sln:miejscRodzaj>Wieś</sln:miejscRodzaj><sln:powIIPId>2f19b6ae-b7d4-4596-9934-ca60034d6207</sln:powIIPId><sln:powIIPPn>PL.PZGIK.200</sln:powIIPPn><sln:powIIPWersja>2012-09-27T09:32:07+02:00</sln:powIIPWersja><sln:powIdTeryt>2605</sln:powIdTeryt><sln:powNazwa>konecki</sln:powNazwa><sln:wojIIPId>d021c0dd-b22e-4fcd-8444-904c64ec3aa8</sln:wojIIPId><sln:wojIIPPn>PL.PZGIK.200</sln:wojIIPPn><sln:wojIIPWersja>2012-09-27T13:45:13+02:00</sln:wojIIPWersja><sln:wojIdTeryt>26</sln:wojIdTeryt><sln:wojNazwa>świętokrzyskie</sln:wojNazwa></sln:miejscowosc><sln:miejscowosc><sln:cyklZyciaDo>2017-04-24T00:00:00+02:00</sln:cyklZyciaDo><sln:cyklZyciaOd>2014-10-09T00:00:00+02:00</sln:cyklZyciaOd><sln:gmIIPId>dd73e09d-5216-4df0-8361-acffdc341a28</sln:gmIIPId><sln:gmIIPPn>PL.PZGIK.200</sln:gmIIPPn><sln:gmIIPWersja>2012-09-26T22:19:02+02:00</sln:gmIIPWersja><sln:gmIdTeryt>2605062</sln:gmIdTeryt><sln:gmNazwa>Słupia (Konecka)</sln:gmNazwa><sln:miejscIIPId>87539166-24c3-451f-8a71-3907bc159027</sln:miejscIIPId><sln:miejscIIPPn>PL.PZGIK.200</sln:miejscIIPPn><sln:miejscIIPWersja>2016-11-24T13:34:29+02:00</sln:miejscIIPWersja><sln:miejscIdTeryt>0269883</sln:miejscIdTeryt><sln:miejscNazwa>Zaostrów</sln:miejscNazwa><sln:miejscRodzaj>Wieś</sln:miejscRodzaj><sln:powIIPId>2f19b6ae-b7d4-4596-9934-ca60034d6207</sln:powIIPId><sln:powIIPPn>PL.PZGIK.200</sln:powIIPPn><sln:powIIPWersja>2012-09-27T09:32:07+02:00</sln:powIIPWersja><sln:powIdTeryt>2605</sln:powIdTeryt><sln:powNazwa>konecki</sln:powNazwa><sln:wojIIPId>d021c0dd-b22e-4fcd-8444-904c64ec3aa8</sln:wojIIPId><sln:wojIIPPn>PL.PZGIK.200</sln:wojIIPPn><sln:wojIIPWersja>2012-09-27T13:45:13+02:00</sln:wojIIPWersja><sln:wojIdTeryt>26</sln:wojIdTeryt><sln:wojNazwa>świętokrzyskie</sln:wojNazwa></sln:miejscowosc><sln:miejscowosc><sln:cyklZyciaDo>2017-04-24T00:00:00+02:00</sln:cyklZyciaDo><sln:cyklZyciaOd>2014-10-09T00:00:00+02:00</sln:cyklZyciaOd><sln:gmIIPId>dd73e09d-5216-4df0-8361-acffdc341a28</sln:gmIIPId><sln:gmIIPPn>PL.PZGIK.200</sln:gmIIPPn><sln:gmIIPWersja>2012-09-26T22:19:02+02:00</sln:gmIIPWersja><sln:gmIdTeryt>2605062</sln:gmIdTeryt><sln:gmNazwa>Słupia (Konecka)</sln:gmNazwa><sln:miejscIIPId>fa9ad2da-ee1f-48f3-98ab-81557a7a565c</sln:miejscIIPId><sln:miejscIIPPn>PL.PZGIK.200</sln:miejscIIPPn><sln:miejscIIPWersja>2016-11-24T13:44:37+02:00</sln:miejscIIPWersja><sln:miejscIdTeryt>0269647</sln:miejscIdTeryt><sln:miejscNazwa>Piaski</sln:miejscNazwa><sln:miejscRodzaj>Wieś</sln:miejscRodzaj><sln:powIIPId>2f19b6ae-b7d4-4596-9934-ca60034d6207</sln:powIIPId><sln:powIIPPn>PL.PZGIK.200</sln:powIIPPn><sln:powIIPWersja>2012-09-27T09:32:07+02:00</sln:powIIPWersja><sln:powIdTeryt>2605</sln:powIdTeryt><sln:powNazwa>konecki</sln:powNazwa><sln:wojIIPId>d021c0dd-b22e-4fcd-8444-904c64ec3aa8</sln:wojIIPId><sln:wojIIPPn>PL.PZGIK.200</sln:wojIIPPn><sln:wojIIPWersja>2012-09-27T13:45:13+02:00</sln:wojIIPWersja><sln:wojIdTeryt>26</sln:wojIdTeryt><sln:wojNazwa>świętokrzyskie</sln:wojNazwa></sln:miejscowosc><sln:miejscowosc><sln:cyklZyciaDo>2017-04-24T00:00:00+02:00</sln:cyklZyciaDo><sln:cyklZyciaOd>2014-10-09T00:00:00+02:00</sln:cyklZyciaOd><sln:gmIIPId>dd73e09d-5216-4df0-8361-acffdc341a28</sln:gmIIPId><sln:gmIIPPn>PL.PZGIK.200</sln:gmIIPPn><sln:gmIIPWersja>2012-09-26T22:19:02+02:00</sln:gmIIPWersja><sln:gmIdTeryt>2605062</sln:gmIdTeryt><sln:gmNazwa>Słupia (Konecka)</sln:gmNazwa><sln:miejscIIPId>654ec574-bd8f-458a-b633-0bcf7454182b</sln:miejscIIPId><sln:miejscIIPPn>PL.PZGIK.200</sln:miejscIIPPn><sln:miejscIIPWersja>2016-11-24T13:35:53+02:00</sln:miejscIIPWersja><sln:miejscIdTeryt>0269541</sln:miejscIdTeryt><sln:miejscNazwa>Czerwona Wola</sln:miejscNazwa><sln:miejscRodzaj>Wieś</sln:miejscRodzaj><sln:powIIPId>2f19b6ae-b7d4-4596-9934-ca60034d6207</sln:powIIPId><sln:powIIPPn>PL.PZGIK.200</sln:powIIPPn><sln:powIIPWersja>2012-09-27T09:32:07+02:00</sln:powIIPWersja><sln:powIdTeryt>2605</sln:powIdTeryt><sln:powNazwa>konecki</sln:powNazwa><sln:wojIIPId>d021c0dd-b22e-4fcd-8444-904c64ec3aa8</sln:wojIIPId><sln:wojIIPPn>PL.PZGIK.200</sln:wojIIPPn><sln:wojIIPWersja>2012-09-27T13:45:13+02:00</sln:wojIIPWersja><sln:wojIdTeryt>26</sln:wojIdTeryt><sln:wojNazwa>świętokrzyskie</sln:wojNazwa></sln:miejscowosc><sln:miejscowosc><sln:cyklZyciaDo>2017-04-24T00:00:00+02:00</sln:cyklZyciaDo><sln:cyklZyciaOd>2014-10-09T00:00:00+02:00</sln:cyklZyciaOd><sln:gmIIPId>dd73e09d-5216-4df0-8361-acffdc341a28</sln:gmIIPId><sln:gmIIPPn>PL.PZGIK.200</sln:gmIIPPn><sln:gmIIPWersja>2012-09-26T22:19:02+02:00</sln:gmIIPWersja><sln:gmIdTeryt>2605062</sln:gmIdTeryt><sln:gmNazwa>Słupia (Konecka)</sln:gmNazwa><sln:miejscIIPId>3085547f-45a8-4c86-aed0-cc2279255a15</sln:miejscIIPId><sln:miejscIIPPn>PL.PZGIK.200</sln:miejscIIPPn><sln:miejscIIPWersja>2016-11-24T13:34:28+02:00</sln:miejscIIPWersja><sln:miejscIdTeryt>3008458</sln:miejscIdTeryt><sln:miejscNazwa>Zamiana</sln:miejscNazwa><sln:miejscRodzaj>Inny obiekt</sln:miejscRodzaj><sln:powIIPId>2f19b6ae-b7d4-4596-9934-ca60034d6207</sln:powIIPId><sln:powIIPPn>PL.PZGIK.200</sln:powIIPPn><sln:powIIPWersja>2012-09-27T09:32:07+02:00</sln:powIIPWersja><sln:powIdTeryt>2605</sln:powIdTeryt><sln:powNazwa>konecki</sln:powNazwa><sln:wojIIPId>d021c0dd-b22e-4fcd-8444-904c64ec3aa8</sln:wojIIPId><sln:wojIIPPn>PL.PZGIK.200</sln:wojIIPPn><sln:wojIIPWersja>2012-09-27T13:45:13+02:00</sln:wojIIPWersja><sln:wojIdTeryt>26</sln:wojIdTeryt><sln:wojNazwa>świętokrzyskie</sln:wojNazwa></sln:miejscowosc><sln:miejscowosc><sln:cyklZyciaDo>2017-04-24T00:00:00+02:00</sln:cyklZyciaDo><sln:cyklZyciaOd>2014-10-09T00:00:00+02:00</sln:cyklZyciaOd><sln:gmIIPId>dd73e09d-5216-4df0-8361-acffdc341a28</sln:gmIIPId><sln:gmIIPPn>PL.PZGIK.200</sln:gmIIPPn><sln:gmIIPWersja>2012-09-26T22:19:02+02:00</sln:gmIIPWersja><sln:gmIdTeryt>2605062</sln:gmIdTeryt><sln:gmNazwa>Słupia (Konecka)</sln:gmNazwa><sln:miejscIIPId>a7723d00-825c-4164-a121-ba945295446f</sln:miejscIIPId><sln:miejscIIPPn>PL.PZGIK.200</sln:miejscIIPPn><sln:miejscIIPWersja>2016-11-24T13:31:12+02:00</sln:miejscIIPWersja><sln:miejscIdTeryt>3006354</sln:miejscIdTeryt><sln:miejscNazwa>Stara Wieś</sln:miejscNazwa><sln:miejscRodzaj>Inny obiekt</sln:miejscRodzaj><sln:powIIPId>2f19b6ae-b7d4-4596-9934-ca60034d6207</sln:powIIPId><sln:powIIPPn>PL.PZGIK.200</sln:powIIPPn><sln:powIIPWersja>2012-09-27T09:32:07+02:00</sln:powIIPWersja><sln:powIdTeryt>2605</sln:powIdTeryt><sln:powNazwa>konecki</sln:powNazwa><sln:wojIIPId>d021c0dd-b22e-4fcd-8444-904c64ec3aa8</sln:wojIIPId><sln:wojIIPPn>PL.PZGIK.200</sln:wojIIPPn><sln:wojIIPWersja>2012-09-27T13:45:13+02:00</sln:wojIIPWersja><sln:wojIdTeryt>26</sln:wojIdTeryt><sln:wojNazwa>świętokrzyskie</sln:wojNazwa></sln:miejscowosc><sln:miejscowosc><sln:cyklZyciaDo>2017-04-24T00:00:00+02:00</sln:cyklZyciaDo><sln:cyklZyciaOd>2014-10-09T00:00:00+02:00</sln:cyklZyciaOd><sln:gmIIPId>dd73e09d-5216-4df0-8361-acffdc341a28</sln:gmIIPId><sln:gmIIPPn>PL.PZGIK.200</sln:gmIIPPn><sln:gmIIPWersja>2012-09-26T22:19:02+02:00</sln:gmIIPWersja><sln:gmIdTeryt>2605062</sln:gmIdTeryt><sln:gmNazwa>Słupia (Konecka)</sln:gmNazwa><sln:miejscIIPId>61797060-a43e-40da-9952-b362191b2c74</sln:miejscIIPId><sln:miejscIIPPn>PL.PZGIK.200</sln:miejscIIPPn><sln:miejscIIPWersja>2016-11-24T13:46:18+02:00</sln:miejscIIPWersja><sln:miejscIdTeryt>0269742</sln:miejscIdTeryt><sln:miejscNazwa>Kadłub</sln:miejscNazwa><sln:miejscRodzaj>Gajówka</sln:miejscRodzaj><sln:powIIPId>2f19b6ae-b7d4-4596-9934-ca60034d6207</sln:powIIPId><sln:powIIPPn>PL.PZGIK.200</sln:powIIPPn><sln:powIIPWersja>2012-09-27T09:32:07+02:00</sln:powIIPWersja><sln:powIdTeryt>2605</sln:powIdTeryt><sln:powNazwa>konecki</sln:powNazwa><sln:wojIIPId>d021c0dd-b22e-4fcd-8444-904c64ec3aa8</sln:wojIIPId><sln:wojIIPPn>PL.PZGIK.200</sln:wojIIPPn><sln:wojIIPWersja>2012-09-27T13:45:13+02:00</sln:wojIIPWersja><sln:wojIdTeryt>26</sln:wojIdTeryt><sln:wojNazwa>świętokrzyskie</sln:wojNazwa></sln:miejscowosc><sln:miejscowosc><sln:cyklZyciaDo>2017-04-24T00:00:00+02:00</sln:cyklZyciaDo><sln:cyklZyciaOd>2014-10-09T00:00:00+02:00</sln:cyklZyciaOd><sln:gmIIPId>dd73e09d-5216-4df0-8361-acffdc341a28</sln:gmIIPId><sln:gmIIPPn>PL.PZGIK.200</sln:gmIIPPn><sln:gmIIPWersja>2012-09-26T22:19:02+02:00</sln:gmIIPWersja><sln:gmIdTeryt>2605062</sln:gmIdTeryt><sln:gmNazwa>Słupia (Konecka)</sln:gmNazwa><sln:miejscIIPId>020ed403-c532-46d7-aa18-30cda87ca0c5</sln:miejscIIPId><sln:miejscIIPPn>PL.PZGIK.200</sln:miejscIIPPn><sln:miejscIIPWersja>2016-11-24T13:42:30+02:00</sln:miejscIIPWersja><sln:miejscIdTeryt>0269587</sln:miejscIdTeryt><sln:miejscNazwa>Mnin</sln:miejscNazwa><sln:miejscRodzaj>Wieś</sln:miejscRodzaj><sln:powIIPId>2f19b6ae-b7d4-4596-9934-ca60034d6207</sln:powIIPId><sln:powIIPPn>PL.PZGIK.200</sln:powIIPPn><sln:powIIPWersja>2012-09-27T09:32:07+02:00</sln:powIIPWersja><sln:powIdTeryt>2605</sln:powIdTeryt><sln:powNazwa>konecki</sln:powNazwa><sln:wojIIPId>d021c0dd-b22e-4fcd-8444-904c64ec3aa8</sln:wojIIPId><sln:wojIIPPn>PL.PZGIK.200</sln:wojIIPPn><sln:wojIIPWersja>2012-09-27T13:45:13+02:00</sln:wojIIPWersja><sln:wojIdTeryt>26</sln:wojIdTeryt><sln:wojNazwa>świętokrzyskie</sln:wojNazwa></sln:miejscowosc><sln:miejscowosc><sln:cyklZyciaDo>2017-04-24T00:00:00+02:00</sln:cyklZyciaDo><sln:cyklZyciaOd>2014-10-09T00:00:00+02:00</sln:cyklZyciaOd><sln:gmIIPId>dd73e09d-5216-4df0-8361-acffdc341a28</sln:gmIIPId><sln:gmIIPPn>PL.PZGIK.200</sln:gmIIPPn><sln:gmIIPWersja>2012-09-26T22:19:02+02:00</sln:gmIIPWersja><sln:gmIdTeryt>2605062</sln:gmIdTeryt><sln:gmNazwa>Słupia (Konecka)</sln:gmNazwa><sln:miejscIIPId>10adb203-2f48-40bc-9316-3e2fc2b1afe0</sln:miejscIIPId><sln:miejscIIPPn>PL.PZGIK.200</sln:miejscIIPPn><sln:miejscIIPWersja>2016-11-24T13:30:56+02:00</sln:miejscIIPWersja><sln:miejscIdTeryt>3006204</sln:miejscIdTeryt><sln:miejscNazwa>Sokoliniec</sln:miejscNazwa><sln:miejscRodzaj>Inny obiekt</sln:miejscRodzaj><sln:powIIPId>2f19b6ae-b7d4-4596-9934-ca60034d6207</sln:powIIPId><sln:powIIPPn>PL.PZGIK.200</sln:powIIPPn><sln:powIIPWersja>2012-09-27T09:32:07+02:00</sln:powIIPWersja><sln:powIdTeryt>2605</sln:powIdTeryt><sln:powNazwa>konecki</sln:powNazwa><sln:wojIIPId>d021c0dd-b22e-4fcd-8444-904c64ec3aa8</sln:wojIIPId><sln:wojIIPPn>PL.PZGIK.200</sln:wojIIPPn><sln:wojIIPWersja>2012-09-27T13:45:13+02:00</sln:wojIIPWersja><sln:wojIdTeryt>26</sln:wojIdTeryt><sln:wojNazwa>świętokrzyskie</sln:wojNazwa></sln:miejscowosc><sln:miejscowosc><sln:cyklZyciaDo>2017-04-24T00:00:00+02:00</sln:cyklZyciaDo><sln:cyklZyciaOd>2014-10-09T00:00:00+02:00</sln:cyklZyciaOd><sln:gmIIPId>dd73e09d-5216-4df0-8361-acffdc341a28</sln:gmIIPId><sln:gmIIPPn>PL.PZGIK.200</sln:gmIIPPn><sln:gmIIPWersja>2012-09-26T22:19:02+02:00</sln:gmIIPWersja><sln:gmIdTeryt>2605062</sln:gmIdTeryt><sln:gmNazwa>Słupia (Konecka)</sln:gmNazwa><sln:miejscIIPId>69d8a435-1a01-4abe-a95b-f3a1a77cdc20</sln:miejscIIPId><sln:miejscIIPPn>PL.PZGIK.200</sln:miejscIIPPn><sln:miejscIIPWersja>2016-11-24T13:46:18+02:00</sln:miejscIIPWersja><sln:miejscIdTeryt>0269759</sln:miejscIdTeryt><sln:miejscNazwa>Malik</sln:miejscNazwa><sln:miejscRodzaj>Przysiółek</sln:miejscRodzaj><sln:powIIPId>2f19b6ae-b7d4-4596-9934-ca60034d6207</sln:powIIPId><sln:powIIPPn>PL.PZGIK.200</sln:powIIPPn><sln:powIIPWersja>2012-09-27T09:32:07+02:00</sln:powIIPWersja><sln:powIdTeryt>2605</sln:powIdTeryt><sln:powNazwa>konecki</sln:powNazwa><sln:wojIIPId>d021c0dd-b22e-4fcd-8444-904c64ec3aa8</sln:wojIIPId><sln:wojIIPPn>PL.PZGIK.200</sln:wojIIPPn><sln:wojIIPWersja>2012-09-27T13:45:13+02:00</sln:wojIIPWersja><sln:wojIdTeryt>26</sln:wojIdTeryt><sln:wojNazwa>świętokrzyskie</sln:wojNazwa></sln:miejscowosc><sln:miejscowosc><sln:cyklZyciaDo>2017-04-24T00:00:00+02:00</sln:cyklZyciaDo><sln:cyklZyciaOd>2014-10-09T00:00:00+02:00</sln:cyklZyciaOd><sln:gmIIPId>dd73e09d-5216-4df0-8361-acffdc341a28</sln:gmIIPId><sln:gmIIPPn>PL.PZGIK.200</sln:gmIIPPn><sln:gmIIPWersja>2012-09-26T22:19:02+02:00</sln:gmIIPWersja><sln:gmIdTeryt>2605062</sln:gmIdTeryt><sln:gmNazwa>Słupia (Konecka)</sln:gmNazwa><sln:miejscIIPId>57dca069-37a9-48c9-bd7a-787e566223d6</sln:miejscIIPId><sln:miejscIIPPn>PL.PZGIK.200</sln:miejscIIPPn><sln:miejscIIPWersja>2016-11-24T13:30:01+02:00</sln:miejscIIPWersja><sln:miejscIdTeryt>0269736</sln:miejscIdTeryt><sln:miejscNazwa>Ruda Pilczycka</sln:miejscNazwa><sln:miejscRodzaj>Wieś</sln:miejscRodzaj><sln:powIIPId>2f19b6ae-b7d4-4596-9934-ca60034d6207</sln:powIIPId><sln:powIIPPn>PL.PZGIK.200</sln:powIIPPn><sln:powIIPWersja>2012-09-27T09:32:07+02:00</sln:powIIPWersja><sln:powIdTeryt>2605</sln:powIdTeryt><sln:powNazwa>konecki</sln:powNazwa><sln:wojIIPId>d021c0dd-b22e-4fcd-8444-904c64ec3aa8</sln:wojIIPId><sln:wojIIPPn>PL.PZGIK.200</sln:wojIIPPn><sln:wojIIPWersja>2012-09-27T13:45:13+02:00</sln:wojIIPWersja><sln:wojIdTeryt>26</sln:wojIdTeryt><sln:wojNazwa>świętokrzyskie</sln:wojNazwa></sln:miejscowosc><sln:miejscowosc><sln:cyklZyciaDo>2017-04-24T00:00:00+02:00</sln:cyklZyciaDo><sln:cyklZyciaOd>2014-10-09T00:00:00+02:00</sln:cyklZyciaOd><sln:gmIIPId>dd73e09d-5216-4df0-8361-acffdc341a28</sln:gmIIPId><sln:gmIIPPn>PL.PZGIK.200</sln:gmIIPPn><sln:gmIIPWersja>2012-09-26T22:19:02+02:00</sln:gmIIPWersja><sln:gmIdTeryt>2605062</sln:gmIdTeryt><sln:gmNazwa>Słupia (Konecka)</sln:gmNazwa><sln:miejscIIPId>a0b81782-dfca-4506-94b6-6110a8426236</sln:miejscIIPId><sln:miejscIIPPn>PL.PZGIK.200</sln:miejscIIPPn><sln:miejscIIPWersja>2016-11-24T13:29:36+02:00</sln:miejscIIPWersja><sln:miejscIdTeryt>0269720</sln:miejscIdTeryt><sln:miejscNazwa>Radwanów-Kolonia</sln:miejscNazwa><sln:miejscRodzaj>Wieś</sln:miejscRodzaj><sln:powIIPId>2f19b6ae-b7d4-4596-9934-ca60034d6207</sln:powIIPId><sln:powIIPPn>PL.PZGIK.200</sln:powIIPPn><sln:powIIPWersja>2012-09-27T09:32:07+02:00</sln:powIIPWersja><sln:powIdTeryt>2605</sln:powIdTeryt><sln:powNazwa>konecki</sln:powNazwa><sln:wojIIPId>d021c0dd-b22e-4fcd-8444-904c64ec3aa8</sln:wojIIPId><sln:wojIIPPn>PL.PZGIK.200</sln:wojIIPPn><sln:wojIIPWersja>2012-09-27T13:45:13+02:00</sln:wojIIPWersja><sln:wojIdTeryt>26</sln:wojIdTeryt><sln:wojNazwa>świętokrzyskie</sln:wojNazwa></sln:miejscowosc><sln:miejscowosc><sln:cyklZyciaDo>2017-04-24T00:00:00+02:00</sln:cyklZyciaDo><sln:cyklZyciaOd>2014-10-09T00:00:00+02:00</sln:cyklZyciaOd><sln:gmIIPId>dd73e09d-5216-4df0-8361-acffdc341a28</sln:gmIIPId><sln:gmIIPPn>PL.PZGIK.200</sln:gmIIPPn><sln:gmIIPWersja>2012-09-26T22:19:02+02:00</sln:gmIIPWersja><sln:gmIdTeryt>2605062</sln:gmIdTeryt><sln:gmNazwa>Słupia (Konecka)</sln:gmNazwa><sln:miejscIIPId>48771bbd-ad0e-421f-9110-c639b51d4b1e</sln:miejscIIPId><sln:miejscIIPPn>PL.PZGIK.200</sln:miejscIIPPn><sln:miejscIIPWersja>2016-11-24T13:29:36+02:00</sln:miejscIIPWersja><sln:miejscIdTeryt>0269713</sln:miejscIdTeryt><sln:miejscNazwa>Radwanów</sln:miejscNazwa><sln:miejscRodzaj>Wieś</sln:miejscRodzaj><sln:powIIPId>2f19b6ae-b7d4-4596-9934-ca60034d6207</sln:powIIPId><sln:powIIPPn>PL.PZGIK.200</sln:powIIPPn><sln:powIIPWersja>2012-09-27T09:32:07+02:00</sln:powIIPWersja><sln:powIdTeryt>2605</sln:powIdTeryt><sln:powNazwa>konecki</sln:powNazwa><sln:wojIIPId>d021c0dd-b22e-4fcd-8444-904c64ec3aa8</sln:wojIIPId><sln:wojIIPPn>PL.PZGIK.200</sln:wojIIPPn><sln:wojIIPWersja>2012-09-27T13:45:13+02:00</sln:wojIIPWersja><sln:wojIdTeryt>26</sln:wojIdTeryt><sln:wojNazwa>świętokrzyskie</sln:wojNazwa></sln:miejscowosc><sln:miejscowosc><sln:cyklZyciaDo>2017-04-24T00:00:00+02:00</sln:cyklZyciaDo><sln:cyklZyciaOd>2014-10-09T00:00:00+02:00</sln:cyklZyciaOd><sln:gmIIPId>dd73e09d-5216-4df0-8361-acffdc341a28</sln:gmIIPId><sln:gmIIPPn>PL.PZGIK.200</sln:gmIIPPn><sln:gmIIPWersja>2012-09-26T22:19:02+02:00</sln:gmIIPWersja><sln:gmIdTeryt>2605062</sln:gmIdTeryt><sln:gmNazwa>Słupia (Konecka)</sln:gmNazwa><sln:miejscIIPId>ea8ea8a9-6745-4d9b-8717-19c0e524caec</sln:miejscIIPId><sln:miejscIIPPn>PL.PZGIK.200</sln:miejscIIPPn><sln:miejscIIPWersja>2016-11-24T13:30:48+02:00</sln:miejscIIPWersja><sln:miejscIdTeryt>0269802</sln:miejscIdTeryt><sln:miejscNazwa>Słupia</sln:miejscNazwa><sln:miejscRodzaj>Wieś</sln:miejscRodzaj><sln:powIIPId>2f19b6ae-b7d4-4596-9934-ca60034d6207</sln:powIIPId><sln:powIIPPn>PL.PZGIK.200</sln:powIIPPn><sln:powIIPWersja>2012-09-27T09:32:07+02:00</sln:powIIPWersja><sln:powIdTeryt>2605</sln:powIdTeryt><sln:powNazwa>konecki</sln:powNazwa><sln:wojIIPId>d021c0dd-b22e-4fcd-8444-904c64ec3aa8</sln:wojIIPId><sln:wojIIPPn>PL.PZGIK.200</sln:wojIIPPn><sln:wojIIPWersja>2012-09-27T13:45:13+02:00</sln:wojIIPWersja><sln:wojIdTeryt>26</sln:wojIdTeryt><sln:wojNazwa>świętokrzyskie</sln:wojNazwa></sln:miejscowosc><sln:miejscowosc><sln:cyklZyciaDo>2017-04-24T00:00:00+02:00</sln:cyklZyciaDo><sln:cyklZyciaOd>2014-10-09T00:00:00+02:00</sln:cyklZyciaOd><sln:gmIIPId>dd73e09d-5216-4df0-8361-acffdc341a28</sln:gmIIPId><sln:gmIIPPn>PL.PZGIK.200</sln:gmIIPPn><sln:gmIIPWersja>2012-09-26T22:19:02+02:00</sln:gmIIPWersja><sln:gmIdTeryt>2605062</sln:gmIdTeryt><sln:gmNazwa>Słupia (Konecka)</sln:gmNazwa><sln:miejscIIPId>14922514-1361-4bba-af4d-30eb7ea0b2da</sln:miejscIIPId><sln:miejscIIPPn>PL.PZGIK.200</sln:miejscIIPPn><sln:miejscIIPWersja>2016-11-24T13:35:56+02:00</sln:miejscIIPWersja><sln:miejscIdTeryt>3010010</sln:miejscIdTeryt><sln:miejscNazwa>Czworaki</sln:miejscNazwa><sln:miejscRodzaj>Inny obiekt</sln:miejscRodzaj><sln:powIIPId>2f19b6ae-b7d4-4596-9934-ca60034d6207</sln:powIIPId><sln:powIIPPn>PL.PZGIK.200</sln:powIIPPn><sln:powIIPWersja>2012-09-27T09:32:07+02:00</sln:powIIPWersja><sln:powIdTeryt>2605</sln:powIdTeryt><sln:powNazwa>konecki</sln:powNazwa><sln:wojIIPId>d021c0dd-b22e-4fcd-8444-904c64ec3aa8</sln:wojIIPId><sln:wojIIPPn>PL.PZGIK.200</sln:wojIIPPn><sln:wojIIPWersja>2012-09-27T13:45:13+02:00</sln:wojIIPWersja><sln:wojIdTeryt>26</sln:wojIdTeryt><sln:wojNazwa>świętokrzyskie</sln:wojNazwa></sln:miejscowosc><sln:miejscowosc><sln:cyklZyciaDo>2017-04-24T00:00:00+02:00</sln:cyklZyciaDo><sln:cyklZyciaOd>2014-10-09T00:00:00+02:00</sln:cyklZyciaOd><sln:gmIIPId>dd73e09d-5216-4df0-8361-acffdc341a28</sln:gmIIPId><sln:gmIIPPn>PL.PZGIK.200</sln:gmIIPPn><sln:gmIIPWersja>2012-09-26T22:19:02+02:00</sln:gmIIPWersja><sln:gmIdTeryt>2605062</sln:gmIdTeryt><sln:gmNazwa>Słupia (Konecka)</sln:gmNazwa><sln:miejscIIPId>e2a9779a-955f-4257-aad4-19314c92d1e6</sln:miejscIIPId><sln:miejscIIPPn>PL.PZGIK.200</sln:miejscIIPPn><sln:miejscIIPWersja>2016-11-24T13:50:39+02:00</sln:miejscIIPWersja><sln:miejscIdTeryt>0269860</sln:miejscIdTeryt><sln:miejscNazwa>Konradów</sln:miejscNazwa><sln:miejscRodzaj>Kolonia</sln:miejscRodzaj><sln:powIIPId>2f19b6ae-b7d4-4596-9934-ca60034d6207</sln:powIIPId><sln:powIIPPn>PL.PZGIK.200</sln:powIIPPn><sln:powIIPWersja>2012-09-27T09:32:07+02:00</sln:powIIPWersja><sln:powIdTeryt>2605</sln:powIdTeryt><sln:powNazwa>konecki</sln:powNazwa><sln:wojIIPId>d021c0dd-b22e-4fcd-8444-904c64ec3aa8</sln:wojIIPId><sln:wojIIPPn>PL.PZGIK.200</sln:wojIIPPn><sln:wojIIPWersja>2012-09-27T13:45:13+02:00</sln:wojIIPWersja><sln:wojIdTeryt>26</sln:wojIdTeryt><sln:wojNazwa>świętokrzyskie</sln:wojNazwa></sln:miejscowosc><sln:miejscowosc><sln:cyklZyciaDo>2017-04-24T00:00:00+02:00</sln:cyklZyciaDo><sln:cyklZyciaOd>2014-10-09T00:00:00+02:00</sln:cyklZyciaOd><sln:gmIIPId>dd73e09d-5216-4df0-8361-acffdc341a28</sln:gmIIPId><sln:gmIIPPn>PL.PZGIK.200</sln:gmIIPPn><sln:gmIIPWersja>2012-09-26T22:19:02+02:00</sln:gmIIPWersja><sln:gmIdTeryt>2605062</sln:gmIdTeryt><sln:gmNazwa>Słupia (Konecka)</sln:gmNazwa><sln:miejscIIPId>7c23ab95-10f0-4eb9-800f-4d14bd8eb923</sln:miejscIIPId><sln:miejscIIPPn>PL.PZGIK.200</sln:miejscIIPPn><sln:miejscIIPWersja>2016-11-24T13:28:05+02:00</sln:miejscIIPWersja><sln:miejscIdTeryt>0269653</sln:miejscIdTeryt><sln:miejscNazwa>Pijanów</sln:miejscNazwa><sln:miejscRodzaj>Wieś</sln:miejscRodzaj><sln:powIIPId>2f19b6ae-b7d4-4596-9934-ca60034d6207</sln:powIIPId><sln:powIIPPn>PL.PZGIK.200</sln:powIIPPn><sln:powIIPWersja>2012-09-27T09:32:07+02:00</sln:powIIPWersja><sln:powIdTeryt>2605</sln:powIdTeryt><sln:powNazwa>konecki</sln:powNazwa><sln:wojIIPId>d021c0dd-b22e-4fcd-8444-904c64ec3aa8</sln:wojIIPId><sln:wojIIPPn>PL.PZGIK.200</sln:wojIIPPn><sln:wojIIPWersja>2012-09-27T13:45:13+02:00</sln:wojIIPWersja><sln:wojIdTeryt>26</sln:wojIdTeryt><sln:wojNazwa>świętokrzyskie</sln:wojNazwa></sln:miejscowosc><sln:miejscowosc><sln:cyklZyciaDo>2017-04-24T00:00:00+02:00</sln:cyklZyciaDo><sln:cyklZyciaOd>2014-10-09T00:00:00+02:00</sln:cyklZyciaOd><sln:gmIIPId>dd73e09d-5216-4df0-8361-acffdc341a28</sln:gmIIPId><sln:gmIIPPn>PL.PZGIK.200</sln:gmIIPPn><sln:gmIIPWersja>2012-09-26T22:19:02+02:00</sln:gmIIPWersja><sln:gmIdTeryt>2605062</sln:gmIdTeryt><sln:gmNazwa>Słupia (Konecka)</sln:gmNazwa><sln:miejscIIPId>39dac3f2-92b4-4ff4-b438-c44bdd59f5c6</sln:miejscIIPId><sln:miejscIIPPn>PL.PZGIK.200</sln:miejscIIPPn><sln:miejscIIPWersja>2016-11-24T13:50:39+02:00</sln:miejscIIPWersja><sln:miejscIdTeryt>0269877</sln:miejscIdTeryt><sln:miejscNazwa>Mogielnica</sln:miejscNazwa><sln:miejscRodzaj>Kolonia</sln:miejscRodzaj><sln:powIIPId>2f19b6ae-b7d4-4596-9934-ca60034d6207</sln:powIIPId><sln:powIIPPn>PL.PZGIK.200</sln:powIIPPn><sln:powIIPWersja>2012-09-27T09:32:07+02:00</sln:powIIPWersja><sln:powIdTeryt>2605</sln:powIdTeryt><sln:powNazwa>konecki</sln:powNazwa><sln:wojIIPId>d021c0dd-b22e-4fcd-8444-904c64ec3aa8</sln:wojIIPId><sln:wojIIPPn>PL.PZGIK.200</sln:wojIIPPn><sln:wojIIPWersja>2012-09-27T13:45:13+02:00</sln:wojIIPWersja><sln:wojIdTeryt>26</sln:wojIdTeryt><sln:wojNazwa>świętokrzyskie</sln:wojNazwa></sln:miejscowosc><sln:miejscowosc><sln:cyklZyciaDo>2017-04-24T00:00:00+02:00</sln:cyklZyciaDo><sln:cyklZyciaOd>2014-10-09T00:00:00+02:00</sln:cyklZyciaOd><sln:gmIIPId>dd73e09d-5216-4df0-8361-acffdc341a28</sln:gmIIPId><sln:gmIIPPn>PL.PZGIK.200</sln:gmIIPPn><sln:gmIIPWersja>2012-09-26T22:19:02+02:00</sln:gmIIPWersja><sln:gmIdTeryt>2605062</sln:gmIdTeryt><sln:gmNazwa>Słupia (Konecka)</sln:gmNazwa><sln:miejscIIPId>da2a7da8-5626-4f1f-a1d0-ac6410040f77</sln:miejscIIPId><sln:miejscIIPPn>PL.PZGIK.200</sln:miejscIIPPn><sln:miejscIIPWersja>2016-11-24T13:48:18+02:00</sln:miejscIIPWersja><sln:miejscIdTeryt>0269618</sln:miejscIdTeryt><sln:miejscNazwa>Przymusów</sln:miejscNazwa><sln:miejscRodzaj>Inny obiekt</sln:miejscRodzaj><sln:powIIPId>2f19b6ae-b7d4-4596-9934-ca60034d6207</sln:powIIPId><sln:powIIPPn>PL.PZGIK.200</sln:powIIPPn><sln:powIIPWersja>2012-09-27T09:32:07+02:00</sln:powIIPWersja><sln:powIdTeryt>2605</sln:powIdTeryt><sln:powNazwa>konecki</sln:powNazwa><sln:wojIIPId>d021c0dd-b22e-4fcd-8444-904c64ec3aa8</sln:wojIIPId><sln:wojIIPPn>PL.PZGIK.200</sln:wojIIPPn><sln:wojIIPWersja>2012-09-27T13:45:13+02:00</sln:wojIIPWersja><sln:wojIdTeryt>26</sln:wojIdTeryt><sln:wojNazwa>świętokrzyskie</sln:wojNazwa></sln:miejscowosc><sln:miejscowosc><sln:cyklZyciaDo>2017-04-24T00:00:00+02:00</sln:cyklZyciaDo><sln:cyklZyciaOd>2014-10-09T00:00:00+02:00</sln:cyklZyciaOd><sln:gmIIPId>dd73e09d-5216-4df0-8361-acffdc341a28</sln:gmIIPId><sln:gmIIPPn>PL.PZGIK.200</sln:gmIIPPn><sln:gmIIPWersja>2012-09-26T22:19:02+02:00</sln:gmIIPWersja><sln:gmIdTeryt>2605062</sln:gmIdTeryt><sln:gmNazwa>Słupia (Konecka)</sln:gmNazwa><sln:miejscIIPId>10bd9b13-6b69-4890-8668-0fbaefeabc30</sln:miejscIIPId><sln:miejscIIPPn>PL.PZGIK.200</sln:miejscIIPPn><sln:miejscIIPWersja>2016-11-24T13:30:42+02:00</sln:miejscIIPWersja><sln:miejscIdTeryt>0269794</sln:miejscIdTeryt><sln:miejscNazwa>Skąpe</sln:miejscNazwa><sln:miejscRodzaj>Wieś</sln:miejscRodzaj><sln:powIIPId>2f19b6ae-b7d4-4596-9934-ca60034d6207</sln:powIIPId><sln:powIIPPn>PL.PZGIK.200</sln:powIIPPn><sln:powIIPWersja>2012-09-27T09:32:07+02:00</sln:powIIPWersja><sln:powIdTeryt>2605</sln:powIdTeryt><sln:powNazwa>konecki</sln:powNazwa><sln:wojIIPId>d021c0dd-b22e-4fcd-8444-904c64ec3aa8</sln:wojIIPId><sln:wojIIPPn>PL.PZGIK.200</sln:wojIIPPn><sln:wojIIPWersja>2012-09-27T13:45:13+02:00</sln:wojIIPWersja><sln:wojIdTeryt>26</sln:wojIdTeryt><sln:wojNazwa>świętokrzyskie</sln:wojNazwa></sln:miejscowosc><sln:miejscowosc><sln:cyklZyciaDo>2017-04-24T00:00:00+02:00</sln:cyklZyciaDo><sln:cyklZyciaOd>2014-10-09T00:00:00+02:00</sln:cyklZyciaOd><sln:gmIIPId>dd73e09d-5216-4df0-8361-acffdc341a28</sln:gmIIPId><sln:gmIIPPn>PL.PZGIK.200</sln:gmIIPPn><sln:gmIIPWersja>2012-09-26T22:19:02+02:00</sln:gmIIPWersja><sln:gmIdTeryt>2605062</sln:gmIdTeryt><sln:gmNazwa>Słupia (Konecka)</sln:gmNazwa><sln:miejscIIPId>36ec0ca4-2ecc-4ba2-aadf-22ee6bbd6eed</sln:miejscIIPId><sln:miejscIIPPn>PL.PZGIK.200</sln:miejscIIPPn><sln:miejscIIPWersja>2016-11-24T13:44:45+02:00</sln:miejscIIPWersja><sln:miejscIdTeryt>0269707</sln:miejscIdTeryt><sln:miejscNazwa>Bukowie</sln:miejscNazwa><sln:miejscRodzaj>Gajówka</sln:miejscRodzaj><sln:powIIPId>2f19b6ae-b7d4-4596-9934-ca60034d6207</sln:powIIPId><sln:powIIPPn>PL.PZGIK.200</sln:powIIPPn><sln:powIIPWersja>2012-09-27T09:32:07+02:00</sln:powIIPWersja><sln:powIdTeryt>2605</sln:powIdTeryt><sln:powNazwa>konecki</sln:powNazwa><sln:wojIIPId>d021c0dd-b22e-4fcd-8444-904c64ec3aa8</sln:wojIIPId><sln:wojIIPPn>PL.PZGIK.200</sln:wojIIPPn><sln:wojIIPWersja>2012-09-27T13:45:13+02:00</sln:wojIIPWersja><sln:wojIdTeryt>26</sln:wojIdTeryt><sln:wojNazwa>świętokrzyskie</sln:wojNazwa></sln:miejscowosc><sln:miejscowosc><sln:cyklZyciaDo>2017-04-24T00:00:00+02:00</sln:cyklZyciaDo><sln:cyklZyciaOd>2014-10-09T00:00:00+02:00</sln:cyklZyciaOd><sln:gmIIPId>dd73e09d-5216-4df0-8361-acffdc341a28</sln:gmIIPId><sln:gmIIPPn>PL.PZGIK.200</sln:gmIIPPn><sln:gmIIPWersja>2012-09-26T22:19:02+02:00</sln:gmIIPWersja><sln:gmIdTeryt>2605062</sln:gmIdTeryt><sln:gmNazwa>Słupia (Konecka)</sln:gmNazwa><sln:miejscIIPId>cf3ef3db-b7c7-49d8-9679-92472fa6fa12</sln:miejscIIPId><sln:miejscIIPPn>PL.PZGIK.200</sln:miejscIIPPn><sln:miejscIIPWersja>2016-11-24T13:49:16+02:00</sln:miejscIIPWersja><sln:miejscIdTeryt>0265052</sln:miejscIdTeryt><sln:miejscNazwa>Mały Węgrzyn</sln:miejscNazwa><sln:miejscRodzaj>Przysiółek</sln:miejscRodzaj><sln:powIIPId>2f19b6ae-b7d4-4596-9934-ca60034d6207</sln:powIIPId><sln:powIIPPn>PL.PZGIK.200</sln:powIIPPn><sln:powIIPWersja>2012-09-27T09:32:07+02:00</sln:powIIPWersja><sln:powIdTeryt>2605</sln:powIdTeryt><sln:powNazwa>konecki</sln:powNazwa><sln:wojIIPId>d021c0dd-b22e-4fcd-8444-904c64ec3aa8</sln:wojIIPId><sln:wojIIPPn>PL.PZGIK.200</sln:wojIIPPn><sln:wojIIPWersja>2012-09-27T13:45:13+02:00</sln:wojIIPWersja><sln:wojIdTeryt>26</sln:wojIdTeryt><sln:wojNazwa>świętokrzyskie</sln:wojNazwa></sln:miejscowosc><sln:miejscowosc><sln:cyklZyciaDo>2017-04-24T00:00:00+02:00</sln:cyklZyciaDo><sln:cyklZyciaOd>2014-10-09T00:00:00+02:00</sln:cyklZyciaOd><sln:gmIIPId>dd73e09d-5216-4df0-8361-acffdc341a28</sln:gmIIPId><sln:gmIIPPn>PL.PZGIK.200</sln:gmIIPPn><sln:gmIIPWersja>2012-09-26T22:19:02+02:00</sln:gmIIPWersja><sln:gmIdTeryt>2605062</sln:gmIdTeryt><sln:gmNazwa>Słupia (Konecka)</sln:gmNazwa><sln:miejscIIPId>dec31fc6-2baf-48ee-bcae-175d6701623d</sln:miejscIIPId><sln:miejscIIPPn>PL.PZGIK.200</sln:miejscIIPPn><sln:miejscIIPWersja>2016-11-24T13:39:13+02:00</sln:miejscIIPWersja><sln:miejscIdTeryt>0269506</sln:miejscIdTeryt><sln:miejscNazwa>Biały Ług</sln:miejscNazwa><sln:miejscRodzaj>Wieś</sln:miejscRodzaj><sln:powIIPId>2f19b6ae-b7d4-4596-9934-ca60034d6207</sln:powIIPId><sln:powIIPPn>PL.PZGIK.200</sln:powIIPPn><sln:powIIPWersja>2012-09-27T09:32:07+02:00</sln:powIIPWersja><sln:powIdTeryt>2605</sln:powIdTeryt><sln:powNazwa>konecki</sln:powNazwa><sln:wojIIPId>d021c0dd-b22e-4fcd-8444-904c64ec3aa8</sln:wojIIPId><sln:wojIIPPn>PL.PZGIK.200</sln:wojIIPPn><sln:wojIIPWersja>2012-09-27T13:45:13+02:00</sln:wojIIPWersja><sln:wojIdTeryt>26</sln:wojIdTeryt><sln:wojNazwa>świętokrzyskie</sln:wojNazwa></sln:miejscowosc><sln:miejscowosc><sln:cyklZyciaDo>2017-04-24T00:00:00+02:00</sln:cyklZyciaDo><sln:cyklZyciaOd>2014-10-09T00:00:00+02:00</sln:cyklZyciaOd><sln:gmIIPId>dd73e09d-5216-4df0-8361-acffdc341a28</sln:gmIIPId><sln:gmIIPPn>PL.PZGIK.200</sln:gmIIPPn><sln:gmIIPWersja>2012-09-26T22:19:02+02:00</sln:gmIIPWersja><sln:gmIdTeryt>2605062</sln:gmIdTeryt><sln:gmNazwa>Słupia (Konecka)</sln:gmNazwa><sln:miejscIIPId>0783718c-7043-4d6a-931b-bf41bdb7fedd</sln:miejscIIPId><sln:miejscIIPPn>PL.PZGIK.200</sln:miejscIIPPn><sln:miejscIIPWersja>2016-11-24T13:44:39+02:00</sln:miejscIIPWersja><sln:miejscIdTeryt>0269660</sln:miejscIdTeryt><sln:miejscNazwa>Pijanów-Kolonia</sln:miejscNazwa><sln:miejscRodzaj>Inny obiekt</sln:miejscRodzaj><sln:powIIPId>2f19b6ae-b7d4-4596-9934-ca60034d6207</sln:powIIPId><sln:powIIPPn>PL.PZGIK.200</sln:powIIPPn><sln:powIIPWersja>2012-09-27T09:32:07+02:00</sln:powIIPWersja><sln:powIdTeryt>2605</sln:powIdTeryt><sln:powNazwa>konecki</sln:powNazwa><sln:wojIIPId>d021c0dd-b22e-4fcd-8444-904c64ec3aa8</sln:wojIIPId><sln:wojIIPPn>PL.PZGIK.200</sln:wojIIPPn><sln:wojIIPWersja>2012-09-27T13:45:13+02:00</sln:wojIIPWersja><sln:wojIdTeryt>26</sln:wojIdTeryt><sln:wojNazwa>świętokrzyskie</sln:wojNazwa></sln:miejscowosc><sln:miejscowosc><sln:cyklZyciaDo>2017-04-24T00:00:00+02:00</sln:cyklZyciaDo><sln:cyklZyciaOd>2014-10-09T00:00:00+02:00</sln:cyklZyciaOd><sln:gmIIPId>dd73e09d-5216-4df0-8361-acffdc341a28</sln:gmIIPId><sln:gmIIPPn>PL.PZGIK.200</sln:gmIIPPn><sln:gmIIPWersja>2012-09-26T22:19:02+02:00</sln:gmIIPWersja><sln:gmIdTeryt>2605062</sln:gmIdTeryt><sln:gmNazwa>Słupia (Konecka)</sln:gmNazwa><sln:miejscIIPId>2c01e1da-3835-47ba-942b-fdd32f4bec59</sln:miejscIIPId><sln:miejscIIPPn>PL.PZGIK.200</sln:miejscIIPPn><sln:miejscIIPWersja>2016-11-24T13:30:08+02:00</sln:miejscIIPWersja><sln:miejscIdTeryt>0269765</sln:miejscIdTeryt><sln:miejscNazwa>Rytlów</sln:miejscNazwa><sln:miejscRodzaj>Wieś</sln:miejscRodzaj><sln:powIIPId>2f19b6ae-b7d4-4596-9934-ca60034d6207</sln:powIIPId><sln:powIIPPn>PL.PZGIK.200</sln:powIIPPn><sln:powIIPWersja>2012-09-27T09:32:07+02:00</sln:powIIPWersja><sln:powIdTeryt>2605</sln:powIdTeryt><sln:powNazwa>konecki</sln:powNazwa><sln:wojIIPId>d021c0dd-b22e-4fcd-8444-904c64ec3aa8</sln:wojIIPId><sln:wojIIPPn>PL.PZGIK.200</sln:wojIIPPn><sln:wojIIPWersja>2012-09-27T13:45:13+02:00</sln:wojIIPWersja><sln:wojIdTeryt>26</sln:wojIdTeryt><sln:wojNazwa>świętokrzyskie</sln:wojNazwa></sln:miejscowosc><sln:miejscowosc><sln:cyklZyciaDo>2017-04-24T00:00:00+02:00</sln:cyklZyciaDo><sln:cyklZyciaOd>2014-10-09T00:00:00+02:00</sln:cyklZyciaOd><sln:gmIIPId>dd73e09d-5216-4df0-8361-acffdc341a28</sln:gmIIPId><sln:gmIIPPn>PL.PZGIK.200</sln:gmIIPPn><sln:gmIIPWersja>2012-09-26T22:19:02+02:00</sln:gmIIPWersja><sln:gmIdTeryt>2605062</sln:gmIdTeryt><sln:gmNazwa>Słupia (Konecka)</sln:gmNazwa><sln:miejscIIPId>5958f7f0-ded8-4551-a7cf-622dd1e7f83d</sln:miejscIIPId><sln:miejscIIPPn>PL.PZGIK.200</sln:miejscIIPPn><sln:miejscIIPWersja>2016-11-24T13:44:40+02:00</sln:miejscIIPWersja><sln:miejscIdTeryt>0269676</sln:miejscIdTeryt><sln:miejscNazwa>Kajetanów</sln:miejscNazwa><sln:miejscRodzaj>Inny obiekt</sln:miejscRodzaj><sln:powIIPId>2f19b6ae-b7d4-4596-9934-ca60034d6207</sln:powIIPId><sln:powIIPPn>PL.PZGIK.200</sln:powIIPPn><sln:powIIPWersja>2012-09-27T09:32:07+02:00</sln:powIIPWersja><sln:powIdTeryt>2605</sln:powIdTeryt><sln:powNazwa>konecki</sln:powNazwa><sln:wojIIPId>d021c0dd-b22e-4fcd-8444-904c64ec3aa8</sln:wojIIPId><sln:wojIIPPn>PL.PZGIK.200</sln:wojIIPPn><sln:wojIIPWersja>2012-09-27T13:45:13+02:00</sln:wojIIPWersja><sln:wojIdTeryt>26</sln:wojIdTeryt><sln:wojNazwa>świętokrzyskie</sln:wojNazwa></sln:miejscowosc><sln:miejscowosc><sln:cyklZyciaDo>2017-04-24T00:00:00+02:00</sln:cyklZyciaDo><sln:cyklZyciaOd>2014-10-09T00:00:00+02:00</sln:cyklZyciaOd><sln:gmIIPId>dd73e09d-5216-4df0-8361-acffdc341a28</sln:gmIIPId><sln:gmIIPPn>PL.PZGIK.200</sln:gmIIPPn><sln:gmIIPWersja>2012-09-26T22:19:02+02:00</sln:gmIIPWersja><sln:gmIdTeryt>2605062</sln:gmIdTeryt><sln:gmNazwa>Słupia (Konecka)</sln:gmNazwa><sln:miejscIIPId>bcb16b65-b443-4e9b-97c9-b3dd667cb189</sln:miejscIIPId><sln:miejscIIPPn>PL.PZGIK.200</sln:miejscIIPPn><sln:miejscIIPWersja>2016-11-24T13:44:45+02:00</sln:miejscIIPWersja><sln:miejscIdTeryt>0269699</sln:miejscIdTeryt><sln:miejscNazwa>Brzezina</sln:miejscNazwa><sln:miejscRodzaj>Inny obiekt</sln:miejscRodzaj><sln:powIIPId>2f19b6ae-b7d4-4596-9934-ca60034d6207</sln:powIIPId><sln:powIIPPn>PL.PZGIK.200</sln:powIIPPn><sln:powIIPWersja>2012-09-27T09:32:07+02:00</sln:powIIPWersja><sln:powIdTeryt>2605</sln:powIdTeryt><sln:powNazwa>konecki</sln:powNazwa><sln:wojIIPId>d021c0dd-b22e-4fcd-8444-904c64ec3aa8</sln:wojIIPId><sln:wojIIPPn>PL.PZGIK.200</sln:wojIIPPn><sln:wojIIPWersja>2012-09-27T13:45:13+02:00</sln:wojIIPWersja><sln:wojIdTeryt>26</sln:wojIdTeryt><sln:wojNazwa>świętokrzyskie</sln:wojNazwa></sln:miejscowosc><sln:miejscowosc><sln:cyklZyciaDo>2017-04-24T00:00:00+02:00</sln:cyklZyciaDo><sln:cyklZyciaOd>2014-10-09T00:00:00+02:00</sln:cyklZyciaOd><sln:gmIIPId>dd73e09d-5216-4df0-8361-acffdc341a28</sln:gmIIPId><sln:gmIIPPn>PL.PZGIK.200</sln:gmIIPPn><sln:gmIIPWersja>2012-09-26T22:19:02+02:00</sln:gmIIPWersja><sln:gmIdTeryt>2605062</sln:gmIdTeryt><sln:gmNazwa>Słupia (Konecka)</sln:gmNazwa><sln:miejscIIPId>ee34f31b-8c49-47fb-bdec-fcb1b0508250</sln:miejscIIPId><sln:miejscIIPPn>PL.PZGIK.200</sln:miejscIIPPn><sln:miejscIIPWersja>2016-11-24T13:28:07+02:00</sln:miejscIIPWersja><sln:miejscIdTeryt>0269682</sln:miejscIdTeryt><sln:miejscNazwa>Pilczyca</sln:miejscNazwa><sln:miejscRodzaj>Wieś</sln:miejscRodzaj><sln:powIIPId>2f19b6ae-b7d4-4596-9934-ca60034d6207</sln:powIIPId><sln:powIIPPn>PL.PZGIK.200</sln:powIIPPn><sln:powIIPWersja>2012-09-27T09:32:07+02:00</sln:powIIPWersja><sln:powIdTeryt>2605</sln:powIdTeryt><sln:powNazwa>konecki</sln:powNazwa><sln:wojIIPId>d021c0dd-b22e-4fcd-8444-904c64ec3aa8</sln:wojIIPId><sln:wojIIPPn>PL.PZGIK.200</sln:wojIIPPn><sln:wojIIPWersja>2012-09-27T13:45:13+02:00</sln:wojIIPWersja><sln:wojIdTeryt>26</sln:wojIdTeryt><sln:wojNazwa>świętokrzyskie</sln:wojNazwa></sln:miejscowosc><sln:miejscowosc><sln:cyklZyciaDo>2017-04-24T00:00:00+02:00</sln:cyklZyciaDo><sln:cyklZyciaOd>2014-10-09T00:00:00+02:00</sln:cyklZyciaOd><sln:gmIIPId>dd73e09d-5216-4df0-8361-acffdc341a28</sln:gmIIPId><sln:gmIIPPn>PL.PZGIK.200</sln:gmIIPPn><sln:gmIIPWersja>2012-09-26T22:19:02+02:00</sln:gmIIPWersja><sln:gmIdTeryt>2605062</sln:gmIdTeryt><sln:gmNazwa>Słupia (Konecka)</sln:gmNazwa><sln:miejscIIPId>8711dc44-4c93-4902-a045-ee3275892e8b</sln:miejscIIPId><sln:miejscIIPPn>PL.PZGIK.200</sln:miejscIIPPn><sln:miejscIIPWersja>2016-11-24T13:38:17+02:00</sln:miejscIIPWersja><sln:miejscIdTeryt>0269564</sln:miejscIdTeryt><sln:miejscNazwa>Hucisko</sln:miejscNazwa><sln:miejscRodzaj>Wieś</sln:miejscRodzaj><sln:powIIPId>2f19b6ae-b7d4-4596-9934-ca60034d6207</sln:powIIPId><sln:powIIPPn>PL.PZGIK.200</sln:powIIPPn><sln:powIIPWersja>2012-09-27T09:32:07+02:00</sln:powIIPWersja><sln:powIdTeryt>2605</sln:powIdTeryt><sln:powNazwa>konecki</sln:powNazwa><sln:wojIIPId>d021c0dd-b22e-4fcd-8444-904c64ec3aa8</sln:wojIIPId><sln:wojIIPPn>PL.PZGIK.200</sln:wojIIPPn><sln:wojIIPWersja>2012-09-27T13:45:13+02:00</sln:wojIIPWersja><sln:wojIdTeryt>26</sln:wojIdTeryt><sln:wojNazwa>świętokrzyskie</sln:wojNazwa></sln:miejscowosc><sln:miejscowosc><sln:cyklZyciaDo>2017-04-24T00:00:00+02:00</sln:cyklZyciaDo><sln:cyklZyciaOd>2014-10-09T00:00:00+02:00</sln:cyklZyciaOd><sln:gmIIPId>dd73e09d-5216-4df0-8361-acffdc341a28</sln:gmIIPId><sln:gmIIPPn>PL.PZGIK.200</sln:gmIIPPn><sln:gmIIPWersja>2012-09-26T22:19:02+02:00</sln:gmIIPWersja><sln:gmIdTeryt>2605062</sln:gmIdTeryt><sln:gmNazwa>Słupia (Konecka)</sln:gmNazwa><sln:miejscIIPId>b021de09-89f3-4291-a02d-309b27ba2320</sln:miejscIIPId><sln:miejscIIPPn>PL.PZGIK.200</sln:miejscIIPPn><sln:miejscIIPWersja>2016-11-24T13:33:43+02:00</sln:miejscIIPWersja><sln:miejscIdTeryt>0269854</sln:miejscIdTeryt><sln:miejscNazwa>Wólka</sln:miejscNazwa><sln:miejscRodzaj>Wieś</sln:miejscRodzaj><sln:powIIPId>2f19b6ae-b7d4-4596-9934-ca60034d6207</sln:powIIPId><sln:powIIPPn>PL.PZGIK.200</sln:powIIPPn><sln:powIIPWersja>2012-09-27T09:32:07+02:00</sln:powIIPWersja><sln:powIdTeryt>2605</sln:powIdTeryt><sln:powNazwa>konecki</sln:powNazwa><sln:wojIIPId>d021c0dd-b22e-4fcd-8444-904c64ec3aa8</sln:wojIIPId><sln:wojIIPPn>PL.PZGIK.200</sln:wojIIPPn><sln:wojIIPWersja>2012-09-27T13:45:13+02:00</sln:wojIIPWersja><sln:wojIdTeryt>26</sln:wojIdTeryt><sln:wojNazwa>świętokrzyskie</sln:wojNazwa></sln:miejscowosc><sln:miejscowosc><sln:cyklZyciaDo>2017-04-24T00:00:00+02:00</sln:cyklZyciaDo><sln:cyklZyciaOd>2014-10-09T00:00:00+02:00</sln:cyklZyciaOd><sln:gmIIPId>dd73e09d-5216-4df0-8361-acffdc341a28</sln:gmIIPId><sln:gmIIPPn>PL.PZGIK.200</sln:gmIIPPn><sln:gmIIPWersja>2012-09-26T22:19:02+02:00</sln:gmIIPWersja><sln:gmIdTeryt>2605062</sln:gmIdTeryt><sln:gmNazwa>Słupia (Konecka)</sln:gmNazwa><sln:miejscIIPId>94ad2058-c3c1-4e6e-b691-1237cf2ee6d8</sln:miejscIIPId><sln:miejscIIPPn>PL.PZGIK.200</sln:miejscIIPPn><sln:miejscIIPWersja>2016-11-24T13:36:13+02:00</sln:miejscIIPWersja><sln:miejscIdTeryt>0269570</sln:miejscIdTeryt><sln:miejscNazwa>Bania</sln:miejscNazwa><sln:miejscRodzaj>Wieś</sln:miejscRodzaj><sln:powIIPId>2f19b6ae-b7d4-4596-9934-ca60034d6207</sln:powIIPId><sln:powIIPPn>PL.PZGIK.200</sln:powIIPPn><sln:powIIPWersja>2012-09-27T09:32:07+02:00</sln:powIIPWersja><sln:powIdTeryt>2605</sln:powIdTeryt><sln:powNazwa>konecki</sln:powNazwa><sln:wojIIPId>d021c0dd-b22e-4fcd-8444-904c64ec3aa8</sln:wojIIPId><sln:wojIIPPn>PL.PZGIK.200</sln:wojIIPPn><sln:wojIIPWersja>2012-09-27T13:45:13+02:00</sln:wojIIPWersja><sln:wojIdTeryt>26</sln:wojIdTeryt><sln:wojNazwa>świętokrzyskie</sln:wojNazwa></sln:miejscowosc><sln:miejscowosc><sln:cyklZyciaDo>2017-04-24T00:00:00+02:00</sln:cyklZyciaDo><sln:cyklZyciaOd>2014-10-09T00:00:00+02:00</sln:cyklZyciaOd><sln:gmIIPId>dd73e09d-5216-4df0-8361-acffdc341a28</sln:gmIIPId><sln:gmIIPPn>PL.PZGIK.200</sln:gmIIPPn><sln:gmIIPWersja>2012-09-26T22:19:02+02:00</sln:gmIIPWersja><sln:gmIdTeryt>2605062</sln:gmIdTeryt><sln:gmNazwa>Słupia (Konecka)</sln:gmNazwa><sln:miejscIIPId>3bc989ee-ac39-42d9-bc5f-2f159afd8481</sln:miejscIIPId><sln:miejscIIPPn>PL.PZGIK.200</sln:miejscIIPPn><sln:miejscIIPWersja>2016-11-24T13:51:04+02:00</sln:miejscIIPWersja><sln:miejscIdTeryt>0269890</sln:miejscIdTeryt><sln:miejscNazwa>Mokry Las</sln:miejscNazwa><sln:miejscRodzaj>Kolonia</sln:miejscRodzaj><sln:powIIPId>2f19b6ae-b7d4-4596-9934-ca60034d6207</sln:powIIPId><sln:powIIPPn>PL.PZGIK.200</sln:powIIPPn><sln:powIIPWersja>2012-09-27T09:32:07+02:00</sln:powIIPWersja><sln:powIdTeryt>2605</sln:powIdTeryt><sln:powNazwa>konecki</sln:powNazwa><sln:wojIIPId>d021c0dd-b22e-4fcd-8444-904c64ec3aa8</sln:wojIIPId><sln:wojIIPPn>PL.PZGIK.200</sln:wojIIPPn><sln:wojIIPWersja>2012-09-27T13:45:13+02:00</sln:wojIIPWersja><sln:wojIdTeryt>26</sln:wojIdTeryt><sln:wojNazwa>świętokrzyskie</sln:wojNazwa></sln:miejscowosc><sln:miejscowosc><sln:cyklZyciaDo>2017-04-24T00:00:00+02:00</sln:cyklZyciaDo><sln:cyklZyciaOd>2014-10-09T00:00:00+02:00</sln:cyklZyciaOd><sln:gmIIPId>dd73e09d-5216-4df0-8361-acffdc341a28</sln:gmIIPId><sln:gmIIPPn>PL.PZGIK.200</sln:gmIIPPn><sln:gmIIPWersja>2012-09-26T22:19:02+02:00</sln:gmIIPWersja><sln:gmIdTeryt>2605062</sln:gmIdTeryt><sln:gmNazwa>Słupia (Konecka)</sln:gmNazwa><sln:miejscIIPId>f95b917f-322d-46a0-a82f-256cf0937374</sln:miejscIIPId><sln:miejscIIPPn>PL.PZGIK.200</sln:miejscIIPPn><sln:miejscIIPWersja>2016-11-24T13:54:58+02:00</sln:miejscIIPWersja><sln:miejscIdTeryt>0789588</sln:miejscIdTeryt><sln:miejscNazwa>Jastków Poduchowny</sln:miejscNazwa><sln:miejscRodzaj>Osada</sln:miejscRodzaj><sln:powIIPId>2f19b6ae-b7d4-4596-9934-ca60034d6207</sln:powIIPId><sln:powIIPPn>PL.PZGIK.200</sln:powIIPPn><sln:powIIPWersja>2012-09-27T09:32:07+02:00</sln:powIIPWersja><sln:powIdTeryt>2605</sln:powIdTeryt><sln:powNazwa>konecki</sln:powNazwa><sln:wojIIPId>d021c0dd-b22e-4fcd-8444-904c64ec3aa8</sln:wojIIPId><sln:wojIIPPn>PL.PZGIK.200</sln:wojIIPPn><sln:wojIIPWersja>2012-09-27T13:45:13+02:00</sln:wojIIPWersja><sln:wojIdTeryt>26</sln:wojIdTeryt><sln:wojNazwa>świętokrzyskie</sln:wojNazwa></sln:miejscowosc><sln:miejscowosc><sln:cyklZyciaDo>2017-04-24T00:00:00+02:00</sln:cyklZyciaDo><sln:cyklZyciaOd>2014-10-09T00:00:00+02:00</sln:cyklZyciaOd><sln:gmIIPId>dd73e09d-5216-4df0-8361-acffdc341a28</sln:gmIIPId><sln:gmIIPPn>PL.PZGIK.200</sln:gmIIPPn><sln:gmIIPWersja>2012-09-26T22:19:02+02:00</sln:gmIIPWersja><sln:gmIdTeryt>2605062</sln:gmIdTeryt><sln:gmNazwa>Słupia (Konecka)</sln:gmNazwa><sln:miejscIIPId>17ca5002-498c-433c-ba99-bc75eef921db</sln:miejscIIPId><sln:miejscIIPPn>PL.PZGIK.200</sln:miejscIIPPn><sln:miejscIIPWersja>2016-11-24T13:47:06+02:00</sln:miejscIIPWersja><sln:miejscIdTeryt>0269831</sln:miejscIdTeryt><sln:miejscNazwa>Gabrielów</sln:miejscNazwa><sln:miejscRodzaj>Przysiółek</sln:miejscRodzaj><sln:powIIPId>2f19b6ae-b7d4-4596-9934-ca60034d6207</sln:powIIPId><sln:powIIPPn>PL.PZGIK.200</sln:powIIPPn><sln:powIIPWersja>2012-09-27T09:32:07+02:00</sln:powIIPWersja><sln:powIdTeryt>2605</sln:powIdTeryt><sln:powNazwa>konecki</sln:powNazwa><sln:wojIIPId>d021c0dd-b22e-4fcd-8444-904c64ec3aa8</sln:wojIIPId><sln:wojIIPPn>PL.PZGIK.200</sln:wojIIPPn><sln:wojIIPWersja>2012-09-27T13:45:13+02:00</sln:wojIIPWersja><sln:wojIdTeryt>26</sln:wojIdTeryt><sln:wojNazwa>świętokrzyskie</sln:wojNazwa></sln:miejscowosc><sln:miejscowosc><sln:cyklZyciaDo>2017-04-24T00:00:00+02:00</sln:cyklZyciaDo><sln:cyklZyciaOd>2014-10-09T00:00:00+02:00</sln:cyklZyciaOd><sln:gmIIPId>dd73e09d-5216-4df0-8361-acffdc341a28</sln:gmIIPId><sln:gmIIPPn>PL.PZGIK.200</sln:gmIIPPn><sln:gmIIPWersja>2012-09-26T22:19:02+02:00</sln:gmIIPWersja><sln:gmIdTeryt>2605062</sln:gmIdTeryt><sln:gmNazwa>Słupia (Konecka)</sln:gmNazwa><sln:miejscIIPId>72ef7779-2e96-43ed-9b2a-6d852da5a3cf</sln:miejscIIPId><sln:miejscIIPPn>PL.PZGIK.200</sln:miejscIIPPn><sln:miejscIIPWersja>2016-11-24T13:47:06+02:00</sln:miejscIIPWersja><sln:miejscIdTeryt>0269848</sln:miejscIdTeryt><sln:miejscNazwa>Nowa Wieś</sln:miejscNazwa><sln:miejscRodzaj>Osada</sln:miejscRodzaj><sln:powIIPId>2f19b6ae-b7d4-4596-9934-ca60034d6207</sln:powIIPId><sln:powIIPPn>PL.PZGIK.200</sln:powIIPPn><sln:powIIPWersja>2012-09-27T09:32:07+02:00</sln:powIIPWersja><sln:powIdTeryt>2605</sln:powIdTeryt><sln:powNazwa>konecki</sln:powNazwa><sln:wojIIPId>d021c0dd-b22e-4fcd-8444-904c64ec3aa8</sln:wojIIPId><sln:wojIIPPn>PL.PZGIK.200</sln:wojIIPPn><sln:wojIIPWersja>2012-09-27T13:45:13+02:00</sln:wojIIPWersja><sln:wojIdTeryt>26</sln:wojIdTeryt><sln:wojNazwa>świętokrzyskie</sln:wojNazwa></sln:miejscowosc><sln:miejscowosc><sln:cyklZyciaDo>2017-04-24T00:00:00+02:00</sln:cyklZyciaDo><sln:cyklZyciaOd>2014-10-09T00:00:00+02:00</sln:cyklZyciaOd><sln:gmIIPId>dd73e09d-5216-4df0-8361-acffdc341a28</sln:gmIIPId><sln:gmIIPPn>PL.PZGIK.200</sln:gmIIPPn><sln:gmIIPWersja>2012-09-26T22:19:02+02:00</sln:gmIIPWersja><sln:gmIdTeryt>2605062</sln:gmIdTeryt><sln:gmNazwa>Słupia (Konecka)</sln:gmNazwa><sln:miejscIIPId>342b04bf-9a80-42b9-9052-282701aba7c8</sln:miejscIIPId><sln:miejscIIPPn>PL.PZGIK.200</sln:miejscIIPPn><sln:miejscIIPWersja>2016-11-24T13:47:06+02:00</sln:miejscIIPWersja><sln:miejscIdTeryt>0269819</sln:miejscIdTeryt><sln:miejscNazwa>Podwole</sln:miejscNazwa><sln:miejscRodzaj>Inny obiekt</sln:miejscRodzaj><sln:powIIPId>2f19b6ae-b7d4-4596-9934-ca60034d6207</sln:powIIPId><sln:powIIPPn>PL.PZGIK.200</sln:powIIPPn><sln:powIIPWersja>2012-09-27T09:32:07+02:00</sln:powIIPWersja><sln:powIdTeryt>2605</sln:powIdTeryt><sln:powNazwa>konecki</sln:powNazwa><sln:wojIIPId>d021c0dd-b22e-4fcd-8444-904c64ec3aa8</sln:wojIIPId><sln:wojIIPPn>PL.PZGIK.200</sln:wojIIPPn><sln:wojIIPWersja>2012-09-27T13:45:13+02:00</sln:wojIIPWersja><sln:wojIdTeryt>26</sln:wojIdTeryt><sln:wojNazwa>świętokrzyskie</sln:wojNazwa></sln:miejscowosc><sln:miejscowosc><sln:cyklZyciaDo>2017-04-24T00:00:00+02:00</sln:cyklZyciaDo><sln:cyklZyciaOd>2014-10-09T00:00:00+02:00</sln:cyklZyciaOd><sln:gmIIPId>dd73e09d-5216-4df0-8361-acffdc341a28</sln:gmIIPId><sln:gmIIPPn>PL.PZGIK.200</sln:gmIIPPn><sln:gmIIPWersja>2012-09-26T22:19:02+02:00</sln:gmIIPWersja><sln:gmIdTeryt>2605062</sln:gmIdTeryt><sln:gmNazwa>Słupia (Konecka)</sln:gmNazwa><sln:miejscIIPId>595bd98a-ccdb-4ec4-9253-eeb1a3d4e227</sln:miejscIIPId><sln:miejscIIPPn>PL.PZGIK.200</sln:miejscIIPPn><sln:miejscIIPWersja>2016-11-24T13:47:06+02:00</sln:miejscIIPWersja><sln:miejscIdTeryt>0269825</sln:miejscIdTeryt><sln:miejscNazwa>Bukowie</sln:miejscNazwa><sln:miejscRodzaj>Przysiółek</sln:miejscRodzaj><sln:powIIPId>2f19b6ae-b7d4-4596-9934-ca60034d6207</sln:powIIPId><sln:powIIPPn>PL.PZGIK.200</sln:powIIPPn><sln:powIIPWersja>2012-09-27T09:32:07+02:00</sln:powIIPWersja><sln:powIdTeryt>2605</sln:powIdTeryt><sln:powNazwa>konecki</sln:powNazwa><sln:wojIIPId>d021c0dd-b22e-4fcd-8444-904c64ec3aa8</sln:wojIIPId><sln:wojIIPPn>PL.PZGIK.200</sln:wojIIPPn><sln:wojIIPWersja>2012-09-27T13:45:13+02:00</sln:wojIIPWersja><sln:wojIdTeryt>26</sln:wojIdTeryt><sln:wojNazwa>świętokrzyskie</sln:wojNazwa></sln:miejscowosc><sln:miejscowosc><sln:cyklZyciaOd>2017-04-24T00:00:00+02:00</sln:cyklZyciaOd><sln:gmIIPId>dd73e09d-5216-4df0-8361-acffdc341a28</sln:gmIIPId><sln:gmIIPPn>PL.PZGIK.200</sln:gmIIPPn><sln:gmIIPWersja>2012-09-26T22:19:02+02:00</sln:gmIIPWersja><sln:gmIdTeryt>2605062</sln:gmIdTeryt><sln:gmNazwa>Słupia (Konecka)</sln:gmNazwa><sln:miejscIIPId>3f603377-e1ea-437a-a2f4-276ab3fca193</sln:miejscIIPId><sln:miejscIIPPn>PL.PZGIK.200</sln:miejscIIPPn><sln:miejscIIPWersja>2017-04-24T08:52:05+02:00</sln:miejscIIPWersja><sln:miejscIdTeryt>0269506</sln:miejscIdTeryt><sln:miejscNazwa>Biały Ług</sln:miejscNazwa><sln:miejscRodzaj>Wieś</sln:miejscRodzaj><sln:powIIPId>2f19b6ae-b7d4-4596-9934-ca60034d6207</sln:powIIPId><sln:powIIPPn>PL.PZGIK.200</sln:powIIPPn><sln:powIIPWersja>2012-09-27T09:32:07+02:00</sln:powIIPWersja><sln:powIdTeryt>2605</sln:powIdTeryt><sln:powNazwa>konecki</sln:powNazwa><sln:waznyOd>2015-08-13T00:00:00+02:00</sln:waznyOd><sln:wojIIPId>d021c0dd-b22e-4fcd-8444-904c64ec3aa8</sln:wojIIPId><sln:wojIIPPn>PL.PZGIK.200</sln:wojIIPPn><sln:wojIIPWersja>2012-09-27T13:45:13+02:00</sln:wojIIPWersja><sln:wojIdTeryt>26</sln:wojIdTeryt><sln:wojNazwa>świętokrzyskie</sln:wojNazwa></sln:miejscowosc><sln:miejscowosc><sln:cyklZyciaOd>2017-04-24T00:00:00+02:00</sln:cyklZyciaOd><sln:gmIIPId>dd73e09d-5216-4df0-8361-acffdc341a28</sln:gmIIPId><sln:gmIIPPn>PL.PZGIK.200</sln:gmIIPPn><sln:gmIIPWersja>2012-09-26T22:19:02+02:00</sln:gmIIPWersja><sln:gmIdTeryt>2605062</sln:gmIdTeryt><sln:gmNazwa>Słupia (Konecka)</sln:gmNazwa><sln:miejscIIPId>38361b55-f3af-4a7b-9675-b7dd6b88d522</sln:miejscIIPId><sln:miejscIIPPn>PL.PZGIK.200</sln:miejscIIPPn><sln:miejscIIPWersja>2017-04-24T08:52:12+02:00</sln:miejscIIPWersja><sln:miejscIdTeryt>0269529</sln:miejscIdTeryt><sln:miejscNazwa>Słomiana</sln:miejscNazwa><sln:miejscRodzaj>Przysiółek</sln:miejscRodzaj><sln:powIIPId>2f19b6ae-b7d4-4596-9934-ca60034d6207</sln:powIIPId><sln:powIIPPn>PL.PZGIK.200</sln:powIIPPn><sln:powIIPWersja>2012-09-27T09:32:07+02:00</sln:powIIPWersja><sln:powIdTeryt>2605</sln:powIdTeryt><sln:powNazwa>konecki</sln:powNazwa><sln:waznyOd>2015-08-13T00:00:00+02:00</sln:waznyOd><sln:wojIIPId>d021c0dd-b22e-4fcd-8444-904c64ec3aa8</sln:wojIIPId><sln:wojIIPPn>PL.PZGIK.200</sln:wojIIPPn><sln:wojIIPWersja>2012-09-27T13:45:13+02:00</sln:wojIIPWersja><sln:wojIdTeryt>26</sln:wojIdTeryt><sln:wojNazwa>świętokrzyskie</sln:wojNazwa></sln:miejscowosc><sln:miejscowosc><sln:cyklZyciaOd>2017-04-24T00:00:00+02:00</sln:cyklZyciaOd><sln:gmIIPId>dd73e09d-5216-4df0-8361-acffdc341a28</sln:gmIIPId><sln:gmIIPPn>PL.PZGIK.200</sln:gmIIPPn><sln:gmIIPWersja>2012-09-26T22:19:02+02:00</sln:gmIIPWersja><sln:gmIdTeryt>2605062</sln:gmIdTeryt><sln:gmNazwa>Słupia (Konecka)</sln:gmNazwa><sln:miejscIIPId>68f75d5a-5c12-4497-937d-e9181ec3e1ac</sln:miejscIIPId><sln:miejscIIPPn>PL.PZGIK.200</sln:miejscIIPPn><sln:miejscIIPWersja>2017-04-24T08:52:12+02:00</sln:miejscIIPWersja><sln:miejscIdTeryt>0269535</sln:miejscIdTeryt><sln:miejscNazwa>Budzisław</sln:miejscNazwa><sln:miejscRodzaj>Wieś</sln:miejscRodzaj><sln:powIIPId>2f19b6ae-b7d4-4596-9934-ca60034d6207</sln:powIIPId><sln:powIIPPn>PL.PZGIK.200</sln:powIIPPn><sln:powIIPWersja>2012-09-27T09:32:07+02:00</sln:powIIPWersja><sln:powIdTeryt>2605</sln:powIdTeryt><sln:powNazwa>konecki</sln:powNazwa><sln:waznyOd>2015-08-13T00:00:00+02:00</sln:waznyOd><sln:wojIIPId>d021c0dd-b22e-4fcd-8444-904c64ec3aa8</sln:wojIIPId><sln:wojIIPPn>PL.PZGIK.200</sln:wojIIPPn><sln:wojIIPWersja>2012-09-27T13:45:13+02:00</sln:wojIIPWersja><sln:wojIdTeryt>26</sln:wojIdTeryt><sln:wojNazwa>świętokrzyskie</sln:wojNazwa></sln:miejscowosc><sln:miejscowosc><sln:cyklZyciaOd>2017-04-24T00:00:00+02:00</sln:cyklZyciaOd><sln:gmIIPId>dd73e09d-5216-4df0-8361-acffdc341a28</sln:gmIIPId><sln:gmIIPPn>PL.PZGIK.200</sln:gmIIPPn><sln:gmIIPWersja>2012-09-26T22:19:02+02:00</sln:gmIIPWersja><sln:gmIdTeryt>2605062</sln:gmIdTeryt><sln:gmNazwa>Słupia (Konecka)</sln:gmNazwa><sln:miejscIIPId>e3936f38-81df-4994-b37c-8293fe89bc12</sln:miejscIIPId><sln:miejscIIPPn>PL.PZGIK.200</sln:miejscIIPPn><sln:miejscIIPWersja>2017-04-24T08:52:12+02:00</sln:miejscIIPWersja><sln:miejscIdTeryt>0269541</sln:miejscIdTeryt><sln:miejscNazwa>Czerwona Wola</sln:miejscNazwa><sln:miejscRodzaj>Wieś</sln:miejscRodzaj><sln:powIIPId>2f19b6ae-b7d4-4596-9934-ca60034d6207</sln:powIIPId><sln:powIIPPn>PL.PZGIK.200</sln:powIIPPn><sln:powIIPWersja>2012-09-27T09:32:07+02:00</sln:powIIPWersja><sln:powIdTeryt>2605</sln:powIdTeryt><sln:powNazwa>konecki</sln:powNazwa><sln:waznyOd>2015-08-13T00:00:00+02:00</sln:waznyOd><sln:wojIIPId>d021c0dd-b22e-4fcd-8444-904c64ec3aa8</sln:wojIIPId><sln:wojIIPPn>PL.PZGIK.200</sln:wojIIPPn><sln:wojIIPWersja>2012-09-27T13:45:13+02:00</sln:wojIIPWersja><sln:wojIdTeryt>26</sln:wojIdTeryt><sln:wojNazwa>świętokrzyskie</sln:wojNazwa></sln:miejscowosc><sln:miejscowosc><sln:cyklZyciaOd>2017-04-24T00:00:00+02:00</sln:cyklZyciaOd><sln:gmIIPId>dd73e09d-5216-4df0-8361-acffdc341a28</sln:gmIIPId><sln:gmIIPPn>PL.PZGIK.200</sln:gmIIPPn><sln:gmIIPWersja>2012-09-26T22:19:02+02:00</sln:gmIIPWersja><sln:gmIdTeryt>2605062</sln:gmIdTeryt><sln:gmNazwa>Słupia (Konecka)</sln:gmNazwa><sln:miejscIIPId>9657f9e6-d9aa-4955-ab2b-6e5a17aad14b</sln:miejscIIPId><sln:miejscIIPPn>PL.PZGIK.200</sln:miejscIIPPn><sln:miejscIIPWersja>2017-04-24T08:52:12+02:00</sln:miejscIIPWersja><sln:miejscIdTeryt>0269558</sln:miejscIdTeryt><sln:miejscNazwa>Czerwona Wola-Kolonia</sln:miejscNazwa><sln:miejscRodzaj>Wieś</sln:miejscRodzaj><sln:powIIPId>2f19b6ae-b7d4-4596-9934-ca60034d6207</sln:powIIPId><sln:powIIPPn>PL.PZGIK.200</sln:powIIPPn><sln:powIIPWersja>2012-09-27T09:32:07+02:00</sln:powIIPWersja><sln:powIdTeryt>2605</sln:powIdTeryt><sln:powNazwa>konecki</sln:powNazwa><sln:waznyOd>2015-08-17T00:00:00+02:00</sln:waznyOd><sln:wojIIPId>d021c0dd-b22e-4fcd-8444-904c64ec3aa8</sln:wojIIPId><sln:wojIIPPn>PL.PZGIK.200</sln:wojIIPPn><sln:wojIIPWersja>2012-09-27T13:45:13+02:00</sln:wojIIPWersja><sln:wojIdTeryt>26</sln:wojIdTeryt><sln:wojNazwa>świętokrzyskie</sln:wojNazwa></sln:miejscowosc><sln:miejscowosc><sln:cyklZyciaOd>2017-04-24T00:00:00+02:00</sln:cyklZyciaOd><sln:gmIIPId>dd73e09d-5216-4df0-8361-acffdc341a28</sln:gmIIPId><sln:gmIIPPn>PL.PZGIK.200</sln:gmIIPPn><sln:gmIIPWersja>2012-09-26T22:19:02+02:00</sln:gmIIPWersja><sln:gmIdTeryt>2605062</sln:gmIdTeryt><sln:gmNazwa>Słupia (Konecka)</sln:gmNazwa><sln:miejscIIPId>c4735a2d-30ff-4e92-a776-5240aeeb9c7f</sln:miejscIIPId><sln:miejscIIPPn>PL.PZGIK.200</sln:miejscIIPPn><sln:miejscIIPWersja>2017-04-24T08:52:13+02:00</sln:miejscIIPWersja><sln:miejscIdTeryt>0269564</sln:miejscIdTeryt><sln:miejscNazwa>Hucisko</sln:miejscNazwa><sln:miejscRodzaj>Wieś</sln:miejscRodzaj><sln:powIIPId>2f19b6ae-b7d4-4596-9934-ca60034d6207</sln:powIIPId><sln:powIIPPn>PL.PZGIK.200</sln:powIIPPn><sln:powIIPWersja>2012-09-27T09:32:07+02:00</sln:powIIPWersja><sln:powIdTeryt>2605</sln:powIdTeryt><sln:powNazwa>konecki</sln:powNazwa><sln:waznyOd>2015-08-13T00:00:00+02:00</sln:waznyOd><sln:wojIIPId>d021c0dd-b22e-4fcd-8444-904c64ec3aa8</sln:wojIIPId><sln:wojIIPPn>PL.PZGIK.200</sln:wojIIPPn><sln:wojIIPWersja>2012-09-27T13:45:13+02:00</sln:wojIIPWersja><sln:wojIdTeryt>26</sln:wojIdTeryt><sln:wojNazwa>świętokrzyskie</sln:wojNazwa></sln:miejscowosc><sln:miejscowosc><sln:cyklZyciaOd>2017-04-24T00:00:00+02:00</sln:cyklZyciaOd><sln:gmIIPId>dd73e09d-5216-4df0-8361-acffdc341a28</sln:gmIIPId><sln:gmIIPPn>PL.PZGIK.200</sln:gmIIPPn><sln:gmIIPWersja>2012-09-26T22:19:02+02:00</sln:gmIIPWersja><sln:gmIdTeryt>2605062</sln:gmIdTeryt><sln:gmNazwa>Słupia (Konecka)</sln:gmNazwa><sln:miejscIIPId>267b4443-5b21-4b76-9b75-2df2e190acab</sln:miejscIIPId><sln:miejscIIPPn>PL.PZGIK.200</sln:miejscIIPPn><sln:miejscIIPWersja>2017-04-24T08:52:13+02:00</sln:miejscIIPWersja><sln:miejscIdTeryt>0269570</sln:miejscIdTeryt><sln:miejscNazwa>Bania</sln:miejscNazwa><sln:miejscRodzaj>Wieś</sln:miejscRodzaj><sln:powIIPId>2f19b6ae-b7d4-4596-9934-ca60034d6207</sln:powIIPId><sln:powIIPPn>PL.PZGIK.200</sln:powIIPPn><sln:powIIPWersja>2012-09-27T09:32:07+02:00</sln:powIIPWersja><sln:powIdTeryt>2605</sln:powIdTeryt><sln:powNazwa>konecki</sln:powNazwa><sln:waznyOd>2015-08-17T00:00:00+02:00</sln:waznyOd><sln:wojIIPId>d021c0dd-b22e-4fcd-8444-904c64ec3aa8</sln:wojIIPId><sln:wojIIPPn>PL.PZGIK.200</sln:wojIIPPn><sln:wojIIPWersja>2012-09-27T13:45:13+02:00</sln:wojIIPWersja><sln:wojIdTeryt>26</sln:wojIdTeryt><sln:wojNazwa>świętokrzyskie</sln:wojNazwa></sln:miejscowosc><sln:miejscowosc><sln:cyklZyciaOd>2017-04-24T00:00:00+02:00</sln:cyklZyciaOd><sln:gmIIPId>dd73e09d-5216-4df0-8361-acffdc341a28</sln:gmIIPId><sln:gmIIPPn>PL.PZGIK.200</sln:gmIIPPn><sln:gmIIPWersja>2012-09-26T22:19:02+02:00</sln:gmIIPWersja><sln:gmIdTeryt>2605062</sln:gmIdTeryt><sln:gmNazwa>Słupia (Konecka)</sln:gmNazwa><sln:miejscIIPId>f1d9031b-f7fc-4363-bcbf-7535e9524810</sln:miejscIIPId><sln:miejscIIPPn>PL.PZGIK.200</sln:miejscIIPPn><sln:miejscIIPWersja>2017-04-24T08:52:13+02:00</sln:miejscIIPWersja><sln:miejscIdTeryt>0269587</sln:miejscIdTeryt><sln:miejscNazwa>Mnin</sln:miejscNazwa><sln:miejscRodzaj>Wieś</sln:miejscRodzaj><sln:powIIPId>2f19b6ae-b7d4-4596-9934-ca60034d6207</sln:powIIPId><sln:powIIPPn>PL.PZGIK.200</sln:powIIPPn><sln:powIIPWersja>2012-09-27T09:32:07+02:00</sln:powIIPWersja><sln:powIdTeryt>2605</sln:powIdTeryt><sln:powNazwa>konecki</sln:powNazwa><sln:waznyOd>2015-08-13T00:00:00+02:00</sln:waznyOd><sln:wojIIPId>d021c0dd-b22e-4fcd-8444-904c64ec3aa8</sln:wojIIPId><sln:wojIIPPn>PL.PZGIK.200</sln:wojIIPPn><sln:wojIIPWersja>2012-09-27T13:45:13+02:00</sln:wojIIPWersja><sln:wojIdTeryt>26</sln:wojIdTeryt><sln:wojNazwa>świętokrzyskie</sln:wojNazwa></sln:miejscowosc><sln:miejscowosc><sln:cyklZyciaOd>2017-04-24T00:00:00+02:00</sln:cyklZyciaOd><sln:gmIIPId>dd73e09d-5216-4df0-8361-acffdc341a28</sln:gmIIPId><sln:gmIIPPn>PL.PZGIK.200</sln:gmIIPPn><sln:gmIIPWersja>2012-09-26T22:19:02+02:00</sln:gmIIPWersja><sln:gmIdTeryt>2605062</sln:gmIdTeryt><sln:gmNazwa>Słupia (Konecka)</sln:gmNazwa><sln:miejscIIPId>aff39d75-e9f7-47e3-ac5c-eeb8ae2c6717</sln:miejscIIPId><sln:miejscIIPPn>PL.PZGIK.200</sln:miejscIIPPn><sln:miejscIIPWersja>2017-04-24T08:52:13+02:00</sln:miejscIIPWersja><sln:miejscIdTeryt>0269593</sln:miejscIdTeryt><sln:miejscNazwa>Błagodać</sln:miejscNazwa><sln:miejscRodzaj>Inny obiekt</sln:miejscRodzaj><sln:powIIPId>2f19b6ae-b7d4-4596-9934-ca60034d6207</sln:powIIPId><sln:powIIPPn>PL.PZGIK.200</sln:powIIPPn><sln:powIIPWersja>2012-09-27T09:32:07+02:00</sln:powIIPWersja><sln:powIdTeryt>2605</sln:powIdTeryt><sln:powNazwa>konecki</sln:powNazwa><sln:waznyOd>2015-08-17T00:00:00+02:00</sln:waznyOd><sln:wojIIPId>d021c0dd-b22e-4fcd-8444-904c64ec3aa8</sln:wojIIPId><sln:wojIIPPn>PL.PZGIK.200</sln:wojIIPPn><sln:wojIIPWersja>2012-09-27T13:45:13+02:00</sln:wojIIPWersja><sln:wojIdTeryt>26</sln:wojIdTeryt><sln:wojNazwa>świętokrzyskie</sln:wojNazwa></sln:miejscowosc><sln:miejscowosc><sln:cyklZyciaOd>2017-04-24T00:00:00+02:00</sln:cyklZyciaOd><sln:gmIIPId>dd73e09d-5216-4df0-8361-acffdc341a28</sln:gmIIPId><sln:gmIIPPn>PL.PZGIK.200</sln:gmIIPPn><sln:gmIIPWersja>2012-09-26T22:19:02+02:00</sln:gmIIPWersja><sln:gmIdTeryt>2605062</sln:gmIdTeryt><sln:gmNazwa>Słupia (Konecka)</sln:gmNazwa><sln:miejscIIPId>14b98b74-798a-489b-9944-df557fd68710</sln:miejscIIPId><sln:miejscIIPPn>PL.PZGIK.200</sln:miejscIIPPn><sln:miejscIIPWersja>2017-04-24T08:52:13+02:00</sln:miejscIIPWersja><sln:miejscIdTeryt>0269601</sln:miejscIdTeryt><sln:miejscNazwa>Mokre</sln:miejscNazwa><sln:miejscRodzaj>Inny obiekt</sln:miejscRodzaj><sln:powIIPId>2f19b6ae-b7d4-4596-9934-ca60034d6207</sln:powIIPId><sln:powIIPPn>PL.PZGIK.200</sln:powIIPPn><sln:powIIPWersja>2012-09-27T09:32:07+02:00</sln:powIIPWersja><sln:powIdTeryt>2605</sln:powIdTeryt><sln:powNazwa>konecki</sln:powNazwa><sln:waznyOd>2015-08-17T00:00:00+02:00</sln:waznyOd><sln:wojIIPId>d021c0dd-b22e-4fcd-8444-904c64ec3aa8</sln:wojIIPId><sln:wojIIPPn>PL.PZGIK.200</sln:wojIIPPn><sln:wojIIPWersja>2012-09-27T13:45:13+02:00</sln:wojIIPWersja><sln:wojIdTeryt>26</sln:wojIdTeryt><sln:wojNazwa>świętokrzyskie</sln:wojNazwa></sln:miejscowosc><sln:miejscowosc><sln:cyklZyciaOd>2017-04-24T00:00:00+02:00</sln:cyklZyciaOd><sln:gmIIPId>dd73e09d-5216-4df0-8361-acffdc341a28</sln:gmIIPId><sln:gmIIPPn>PL.PZGIK.200</sln:gmIIPPn><sln:gmIIPWersja>2012-09-26T22:19:02+02:00</sln:gmIIPWersja><sln:gmIdTeryt>2605062</sln:gmIdTeryt><sln:gmNazwa>Słupia (Konecka)</sln:gmNazwa><sln:miejscIIPId>c3f2b932-3dbb-41e2-b325-63a29799cdde</sln:miejscIIPId><sln:miejscIIPPn>PL.PZGIK.200</sln:miejscIIPPn><sln:miejscIIPWersja>2017-04-24T08:52:13+02:00</sln:miejscIIPWersja><sln:miejscIdTeryt>0269618</sln:miejscIdTeryt><sln:miejscNazwa>Przymusów</sln:miejscNazwa><sln:miejscRodzaj>Inny obiekt</sln:miejscRodzaj><sln:powIIPId>2f19b6ae-b7d4-4596-9934-ca60034d6207</sln:powIIPId><sln:powIIPPn>PL.PZGIK.200</sln:powIIPPn><sln:powIIPWersja>2012-09-27T09:32:07+02:00</sln:powIIPWersja><sln:powIdTeryt>2605</sln:powIdTeryt><sln:powNazwa>konecki</sln:powNazwa><sln:waznyOd>2015-08-17T00:00:00+02:00</sln:waznyOd><sln:wojIIPId>d021c0dd-b22e-4fcd-8444-904c64ec3aa8</sln:wojIIPId><sln:wojIIPPn>PL.PZGIK.200</sln:wojIIPPn><sln:wojIIPWersja>2012-09-27T13:45:13+02:00</sln:wojIIPWersja><sln:wojIdTeryt>26</sln:wojIdTeryt><sln:wojNazwa>świętokrzyskie</sln:wojNazwa></sln:miejscowosc><sln:miejscowosc><sln:cyklZyciaOd>2017-04-24T00:00:00+02:00</sln:cyklZyciaOd><sln:gmIIPId>dd73e09d-5216-4df0-8361-acffdc341a28</sln:gmIIPId><sln:gmIIPPn>PL.PZGIK.200</sln:gmIIPPn><sln:gmIIPWersja>2012-09-26T22:19:02+02:00</sln:gmIIPWersja><sln:gmIdTeryt>2605062</sln:gmIdTeryt><sln:gmNazwa>Słupia (Konecka)</sln:gmNazwa><sln:miejscIIPId>cf43833f-9e18-40c0-a63a-b068a28fd423</sln:miejscIIPId><sln:miejscIIPPn>PL.PZGIK.200</sln:miejscIIPPn><sln:miejscIIPWersja>2017-04-24T08:52:13+02:00</sln:miejscIIPWersja><sln:miejscIdTeryt>0269624</sln:miejscIdTeryt><sln:miejscNazwa>Szwedy</sln:miejscNazwa><sln:miejscRodzaj>Wieś</sln:miejscRodzaj><sln:powIIPId>2f19b6ae-b7d4-4596-9934-ca60034d6207</sln:powIIPId><sln:powIIPPn>PL.PZGIK.200</sln:powIIPPn><sln:powIIPWersja>2012-09-27T09:32:07+02:00</sln:powIIPWersja><sln:powIdTeryt>2605</sln:powIdTeryt><sln:powNazwa>konecki</sln:powNazwa><sln:waznyOd>2015-08-17T00:00:00+02:00</sln:waznyOd><sln:wojIIPId>d021c0dd-b22e-4fcd-8444-904c64ec3aa8</sln:wojIIPId><sln:wojIIPPn>PL.PZGIK.200</sln:wojIIPPn><sln:wojIIPWersja>2012-09-27T13:45:13+02:00</sln:wojIIPWersja><sln:wojIdTeryt>26</sln:wojIdTeryt><sln:wojNazwa>świętokrzyskie</sln:wojNazwa></sln:miejscowosc><sln:miejscowosc><sln:cyklZyciaOd>2017-04-24T00:00:00+02:00</sln:cyklZyciaOd><sln:gmIIPId>dd73e09d-5216-4df0-8361-acffdc341a28</sln:gmIIPId><sln:gmIIPPn>PL.PZGIK.200</sln:gmIIPPn><sln:gmIIPWersja>2012-09-26T22:19:02+02:00</sln:gmIIPWersja><sln:gmIdTeryt>2605062</sln:gmIdTeryt><sln:gmNazwa>Słupia (Konecka)</sln:gmNazwa><sln:miejscIIPId>0bc4a78b-75b8-4786-a774-ab9e53f85d3f</sln:miejscIIPId><sln:miejscIIPPn>PL.PZGIK.200</sln:miejscIIPPn><sln:miejscIIPWersja>2017-04-24T08:52:13+02:00</sln:miejscIIPWersja><sln:miejscIdTeryt>0269630</sln:miejscIdTeryt><sln:miejscNazwa>Olszówka Pilczycka</sln:miejscNazwa><sln:miejscRodzaj>Wieś</sln:miejscRodzaj><sln:powIIPId>2f19b6ae-b7d4-4596-9934-ca60034d6207</sln:powIIPId><sln:powIIPPn>PL.PZGIK.200</sln:powIIPPn><sln:powIIPWersja>2012-09-27T09:32:07+02:00</sln:powIIPWersja><sln:powIdTeryt>2605</sln:powIdTeryt><sln:powNazwa>konecki</sln:powNazwa><sln:waznyOd>2015-08-17T00:00:00+02:00</sln:waznyOd><sln:wojIIPId>d021c0dd-b22e-4fcd-8444-904c64ec3aa8</sln:wojIIPId><sln:wojIIPPn>PL.PZGIK.200</sln:wojIIPPn><sln:wojIIPWersja>2012-09-27T13:45:13+02:00</sln:wojIIPWersja><sln:wojIdTeryt>26</sln:wojIdTeryt><sln:wojNazwa>świętokrzyskie</sln:wojNazwa></sln:miejscowosc><sln:miejscowosc><sln:cyklZyciaOd>2017-04-24T00:00:00+02:00</sln:cyklZyciaOd><sln:gmIIPId>dd73e09d-5216-4df0-8361-acffdc341a28</sln:gmIIPId><sln:gmIIPPn>PL.PZGIK.200</sln:gmIIPPn><sln:gmIIPWersja>2012-09-26T22:19:02+02:00</sln:gmIIPWersja><sln:gmIdTeryt>2605062</sln:gmIdTeryt><sln:gmNazwa>Słupia (Konecka)</sln:gmNazwa><sln:miejscIIPId>54ed2674-2ef9-47cc-98e5-55d6bc2e263c</sln:miejscIIPId><sln:miejscIIPPn>PL.PZGIK.200</sln:miejscIIPPn><sln:miejscIIPWersja>2017-04-24T08:52:13+02:00</sln:miejscIIPWersja><sln:miejscIdTeryt>0269647</sln:miejscIdTeryt><sln:miejscNazwa>Piaski</sln:miejscNazwa><sln:miejscRodzaj>Wieś</sln:miejscRodzaj><sln:powIIPId>2f19b6ae-b7d4-4596-9934-ca60034d6207</sln:powIIPId><sln:powIIPPn>PL.PZGIK.200</sln:powIIPPn><sln:powIIPWersja>2012-09-27T09:32:07+02:00</sln:powIIPWersja><sln:powIdTeryt>2605</sln:powIdTeryt><sln:powNazwa>konecki</sln:powNazwa><sln:waznyOd>2015-08-13T00:00:00+02:00</sln:waznyOd><sln:wojIIPId>d021c0dd-b22e-4fcd-8444-904c64ec3aa8</sln:wojIIPId><sln:wojIIPPn>PL.PZGIK.200</sln:wojIIPPn><sln:wojIIPWersja>2012-09-27T13:45:13+02:00</sln:wojIIPWersja><sln:wojIdTeryt>26</sln:wojIdTeryt><sln:wojNazwa>świętokrzyskie</sln:wojNazwa></sln:miejscowosc><sln:miejscowosc><sln:cyklZyciaOd>2017-04-24T00:00:00+02:00</sln:cyklZyciaOd><sln:gmIIPId>dd73e09d-5216-4df0-8361-acffdc341a28</sln:gmIIPId><sln:gmIIPPn>PL.PZGIK.200</sln:gmIIPPn><sln:gmIIPWersja>2012-09-26T22:19:02+02:00</sln:gmIIPWersja><sln:gmIdTeryt>2605062</sln:gmIdTeryt><sln:gmNazwa>Słupia (Konecka)</sln:gmNazwa><sln:miejscIIPId>a6e74e8e-7b75-46e9-9856-17dc1047eaa7</sln:miejscIIPId><sln:miejscIIPPn>PL.PZGIK.200</sln:miejscIIPPn><sln:miejscIIPWersja>2017-04-24T08:52:13+02:00</sln:miejscIIPWersja><sln:miejscIdTeryt>0269653</sln:miejscIdTeryt><sln:miejscNazwa>Pijanów</sln:miejscNazwa><sln:miejscRodzaj>Wieś</sln:miejscRodzaj><sln:powIIPId>2f19b6ae-b7d4-4596-9934-ca60034d6207</sln:powIIPId><sln:powIIPPn>PL.PZGIK.200</sln:powIIPPn><sln:powIIPWersja>2012-09-27T09:32:07+02:00</sln:powIIPWersja><sln:powIdTeryt>2605</sln:powIdTeryt><sln:powNazwa>konecki</sln:powNazwa><sln:waznyOd>2015-08-13T00:00:00+02:00</sln:waznyOd><sln:wojIIPId>d021c0dd-b22e-4fcd-8444-904c64ec3aa8</sln:wojIIPId><sln:wojIIPPn>PL.PZGIK.200</sln:wojIIPPn><sln:wojIIPWersja>2012-09-27T13:45:13+02:00</sln:wojIIPWersja><sln:wojIdTeryt>26</sln:wojIdTeryt><sln:wojNazwa>świętokrzyskie</sln:wojNazwa></sln:miejscowosc><sln:miejscowosc><sln:cyklZyciaOd>2017-04-24T00:00:00+02:00</sln:cyklZyciaOd><sln:gmIIPId>dd73e09d-5216-4df0-8361-acffdc341a28</sln:gmIIPId><sln:gmIIPPn>PL.PZGIK.200</sln:gmIIPPn><sln:gmIIPWersja>2012-09-26T22:19:02+02:00</sln:gmIIPWersja><sln:gmIdTeryt>2605062</sln:gmIdTeryt><sln:gmNazwa>Słupia (Konecka)</sln:gmNazwa><sln:miejscIIPId>4c10c44a-1395-4c70-948c-97e26be6e138</sln:miejscIIPId><sln:miejscIIPPn>PL.PZGIK.200</sln:miejscIIPPn><sln:miejscIIPWersja>2017-04-24T08:52:14+02:00</sln:miejscIIPWersja><sln:miejscIdTeryt>0269682</sln:miejscIdTeryt><sln:miejscNazwa>Pilczyca</sln:miejscNazwa><sln:miejscRodzaj>Wieś</sln:miejscRodzaj><sln:powIIPId>2f19b6ae-b7d4-4596-9934-ca60034d6207</sln:powIIPId><sln:powIIPPn>PL.PZGIK.200</sln:powIIPPn><sln:powIIPWersja>2012-09-27T09:32:07+02:00</sln:powIIPWersja><sln:powIdTeryt>2605</sln:powIdTeryt><sln:powNazwa>konecki</sln:powNazwa><sln:waznyOd>2015-08-13T00:00:00+02:00</sln:waznyOd><sln:wojIIPId>d021c0dd-b22e-4fcd-8444-904c64ec3aa8</sln:wojIIPId><sln:wojIIPPn>PL.PZGIK.200</sln:wojIIPPn><sln:wojIIPWersja>2012-09-27T13:45:13+02:00</sln:wojIIPWersja><sln:wojIdTeryt>26</sln:wojIdTeryt><sln:wojNazwa>świętokrzyskie</sln:wojNazwa></sln:miejscowosc><sln:miejscowosc><sln:cyklZyciaOd>2017-04-24T00:00:00+02:00</sln:cyklZyciaOd><sln:gmIIPId>dd73e09d-5216-4df0-8361-acffdc341a28</sln:gmIIPId><sln:gmIIPPn>PL.PZGIK.200</sln:gmIIPPn><sln:gmIIPWersja>2012-09-26T22:19:02+02:00</sln:gmIIPWersja><sln:gmIdTeryt>2605062</sln:gmIdTeryt><sln:gmNazwa>Słupia (Konecka)</sln:gmNazwa><sln:miejscIIPId>24b9628b-6653-4ed7-8e1a-b0ea38d6d81c</sln:miejscIIPId><sln:miejscIIPPn>PL.PZGIK.200</sln:miejscIIPPn><sln:miejscIIPWersja>2017-04-24T08:52:14+02:00</sln:miejscIIPWersja><sln:miejscIdTeryt>0269713</sln:miejscIdTeryt><sln:miejscNazwa>Radwanów</sln:miejscNazwa><sln:miejscRodzaj>Wieś</sln:miejscRodzaj><sln:powIIPId>2f19b6ae-b7d4-4596-9934-ca60034d6207</sln:powIIPId><sln:powIIPPn>PL.PZGIK.200</sln:powIIPPn><sln:powIIPWersja>2012-09-27T09:32:07+02:00</sln:powIIPWersja><sln:powIdTeryt>2605</sln:powIdTeryt><sln:powNazwa>konecki</sln:powNazwa><sln:waznyOd>2015-08-17T00:00:00+02:00</sln:waznyOd><sln:wojIIPId>d021c0dd-b22e-4fcd-8444-904c64ec3aa8</sln:wojIIPId><sln:wojIIPPn>PL.PZGIK.200</sln:wojIIPPn><sln:wojIIPWersja>2012-09-27T13:45:13+02:00</sln:wojIIPWersja><sln:wojIdTeryt>26</sln:wojIdTeryt><sln:wojNazwa>świętokrzyskie</sln:wojNazwa></sln:miejscowosc><sln:miejscowosc><sln:cyklZyciaOd>2017-04-24T00:00:00+02:00</sln:cyklZyciaOd><sln:gmIIPId>dd73e09d-5216-4df0-8361-acffdc341a28</sln:gmIIPId><sln:gmIIPPn>PL.PZGIK.200</sln:gmIIPPn><sln:gmIIPWersja>2012-09-26T22:19:02+02:00</sln:gmIIPWersja><sln:gmIdTeryt>2605062</sln:gmIdTeryt><sln:gmNazwa>Słupia (Konecka)</sln:gmNazwa><sln:miejscIIPId>56583002-30ff-4cb9-a145-d78710f74541</sln:miejscIIPId><sln:miejscIIPPn>PL.PZGIK.200</sln:miejscIIPPn><sln:miejscIIPWersja>2017-04-24T08:52:14+02:00</sln:miejscIIPWersja><sln:miejscIdTeryt>0269720</sln:miejscIdTeryt><sln:miejscNazwa>Radwanów-Kolonia</sln:miejscNazwa><sln:miejscRodzaj>Wieś</sln:miejscRodzaj><sln:powIIPId>2f19b6ae-b7d4-4596-9934-ca60034d6207</sln:powIIPId><sln:powIIPPn>PL.PZGIK.200</sln:powIIPPn><sln:powIIPWersja>2012-09-27T09:32:07+02:00</sln:powIIPWersja><sln:powIdTeryt>2605</sln:powIdTeryt><sln:powNazwa>konecki</sln:powNazwa><sln:waznyOd>2015-08-17T00:00:00+02:00</sln:waznyOd><sln:wojIIPId>d021c0dd-b22e-4fcd-8444-904c64ec3aa8</sln:wojIIPId><sln:wojIIPPn>PL.PZGIK.200</sln:wojIIPPn><sln:wojIIPWersja>2012-09-27T13:45:13+02:00</sln:wojIIPWersja><sln:wojIdTeryt>26</sln:wojIdTeryt><sln:wojNazwa>świętokrzyskie</sln:wojNazwa></sln:miejscowosc><sln:miejscowosc><sln:cyklZyciaOd>2017-04-24T00:00:00+02:00</sln:cyklZyciaOd><sln:gmIIPId>dd73e09d-5216-4df0-8361-acffdc341a28</sln:gmIIPId><sln:gmIIPPn>PL.PZGIK.200</sln:gmIIPPn><sln:gmIIPWersja>2012-09-26T22:19:02+02:00</sln:gmIIPWersja><sln:gmIdTeryt>2605062</sln:gmIdTeryt><sln:gmNazwa>Słupia (Konecka)</sln:gmNazwa><sln:miejscIIPId>ad1ae115-a028-4fe1-857f-82190d26b2b4</sln:miejscIIPId><sln:miejscIIPPn>PL.PZGIK.200</sln:miejscIIPPn><sln:miejscIIPWersja>2017-04-24T08:52:14+02:00</sln:miejscIIPWersja><sln:miejscIdTeryt>0269736</sln:miejscIdTeryt><sln:miejscNazwa>Ruda Pilczycka</sln:miejscNazwa><sln:miejscRodzaj>Wieś</sln:miejscRodzaj><sln:powIIPId>2f19b6ae-b7d4-4596-9934-ca60034d6207</sln:powIIPId><sln:powIIPPn>PL.PZGIK.200</sln:powIIPPn><sln:powIIPWersja>2012-09-27T09:32:07+02:00</sln:powIIPWersja><sln:powIdTeryt>2605</sln:powIdTeryt><sln:powNazwa>konecki</sln:powNazwa><sln:waznyOd>2015-08-13T00:00:00+02:00</sln:waznyOd><sln:wojIIPId>d021c0dd-b22e-4fcd-8444-904c64ec3aa8</sln:wojIIPId><sln:wojIIPPn>PL.PZGIK.200</sln:wojIIPPn><sln:wojIIPWersja>2012-09-27T13:45:13+02:00</sln:wojIIPWersja><sln:wojIdTeryt>26</sln:wojIdTeryt><sln:wojNazwa>świętokrzyskie</sln:wojNazwa></sln:miejscowosc><sln:miejscowosc><sln:cyklZyciaOd>2017-04-24T00:00:00+02:00</sln:cyklZyciaOd><sln:gmIIPId>dd73e09d-5216-4df0-8361-acffdc341a28</sln:gmIIPId><sln:gmIIPPn>PL.PZGIK.200</sln:gmIIPPn><sln:gmIIPWersja>2012-09-26T22:19:02+02:00</sln:gmIIPWersja><sln:gmIdTeryt>2605062</sln:gmIdTeryt><sln:gmNazwa>Słupia (Konecka)</sln:gmNazwa><sln:miejscIIPId>9cb0d5fa-beb6-4d86-bba3-5666df304639</sln:miejscIIPId><sln:miejscIIPPn>PL.PZGIK.200</sln:miejscIIPPn><sln:miejscIIPWersja>2017-04-24T08:52:14+02:00</sln:miejscIIPWersja><sln:miejscIdTeryt>0269765</sln:miejscIdTeryt><sln:miejscNazwa>Rytlów</sln:miejscNazwa><sln:miejscRodzaj>Wieś</sln:miejscRodzaj><sln:powIIPId>2f19b6ae-b7d4-4596-9934-ca60034d6207</sln:powIIPId><sln:powIIPPn>PL.PZGIK.200</sln:powIIPPn><sln:powIIPWersja>2012-09-27T09:32:07+02:00</sln:powIIPWersja><sln:powIdTeryt>2605</sln:powIdTeryt><sln:powNazwa>konecki</sln:powNazwa><sln:waznyOd>2015-08-13T00:00:00+02:00</sln:waznyOd><sln:wojIIPId>d021c0dd-b22e-4fcd-8444-904c64ec3aa8</sln:wojIIPId><sln:wojIIPPn>PL.PZGIK.200</sln:wojIIPPn><sln:wojIIPWersja>2012-09-27T13:45:13+02:00</sln:wojIIPWersja><sln:wojIdTeryt>26</sln:wojIdTeryt><sln:wojNazwa>świętokrzyskie</sln:wojNazwa></sln:miejscowosc><sln:miejscowosc><sln:cyklZyciaOd>2017-04-24T00:00:00+02:00</sln:cyklZyciaOd><sln:gmIIPId>dd73e09d-5216-4df0-8361-acffdc341a28</sln:gmIIPId><sln:gmIIPPn>PL.PZGIK.200</sln:gmIIPPn><sln:gmIIPWersja>2012-09-26T22:19:02+02:00</sln:gmIIPWersja><sln:gmIdTeryt>2605062</sln:gmIdTeryt><sln:gmNazwa>Słupia (Konecka)</sln:gmNazwa><sln:miejscIIPId>0e2c2b81-cf33-4e4d-b0a1-6568584bbc13</sln:miejscIIPId><sln:miejscIIPPn>PL.PZGIK.200</sln:miejscIIPPn><sln:miejscIIPWersja>2017-04-24T08:52:14+02:00</sln:miejscIIPWersja><sln:miejscIdTeryt>0269794</sln:miejscIdTeryt><sln:miejscNazwa>Skąpe</sln:miejscNazwa><sln:miejscRodzaj>Wieś</sln:miejscRodzaj><sln:powIIPId>2f19b6ae-b7d4-4596-9934-ca60034d6207</sln:powIIPId><sln:powIIPPn>PL.PZGIK.200</sln:powIIPPn><sln:powIIPWersja>2012-09-27T09:32:07+02:00</sln:powIIPWersja><sln:powIdTeryt>2605</sln:powIdTeryt><sln:powNazwa>konecki</sln:powNazwa><sln:waznyOd>2015-08-13T00:00:00+02:00</sln:waznyOd><sln:wojIIPId>d021c0dd-b22e-4fcd-8444-904c64ec3aa8</sln:wojIIPId><sln:wojIIPPn>PL.PZGIK.200</sln:wojIIPPn><sln:wojIIPWersja>2012-09-27T13:45:13+02:00</sln:wojIIPWersja><sln:wojIdTeryt>26</sln:wojIdTeryt><sln:wojNazwa>świętokrzyskie</sln:wojNazwa></sln:miejscowosc><sln:miejscowosc><sln:cyklZyciaOd>2017-04-24T00:00:00+02:00</sln:cyklZyciaOd><sln:gmIIPId>dd73e09d-5216-4df0-8361-acffdc341a28</sln:gmIIPId><sln:gmIIPPn>PL.PZGIK.200</sln:gmIIPPn><sln:gmIIPWersja>2012-09-26T22:19:02+02:00</sln:gmIIPWersja><sln:gmIdTeryt>2605062</sln:gmIdTeryt><sln:gmNazwa>Słupia (Konecka)</sln:gmNazwa><sln:miejscIIPId>44a03987-f32d-4b14-9dc7-babf173d36fb</sln:miejscIIPId><sln:miejscIIPPn>PL.PZGIK.200</sln:miejscIIPPn><sln:miejscIIPWersja>2017-04-24T08:52:14+02:00</sln:miejscIIPWersja><sln:miejscIdTeryt>0269802</sln:miejscIdTeryt><sln:miejscNazwa>Słupia</sln:miejscNazwa><sln:miejscRodzaj>Wieś</sln:miejscRodzaj><sln:powIIPId>2f19b6ae-b7d4-4596-9934-ca60034d6207</sln:powIIPId><sln:powIIPPn>PL.PZGIK.200</sln:powIIPPn><sln:powIIPWersja>2012-09-27T09:32:07+02:00</sln:powIIPWersja><sln:powIdTeryt>2605</sln:powIdTeryt><sln:powNazwa>konecki</sln:powNazwa><sln:waznyOd>2015-08-13T00:00:00+02:00</sln:waznyOd><sln:wojIIPId>d021c0dd-b22e-4fcd-8444-904c64ec3aa8</sln:wojIIPId><sln:wojIIPPn>PL.PZGIK.200</sln:wojIIPPn><sln:wojIIPWersja>2012-09-27T13:45:13+02:00</sln:wojIIPWersja><sln:wojIdTeryt>26</sln:wojIdTeryt><sln:wojNazwa>świętokrzyskie</sln:wojNazwa></sln:miejscowosc><sln:miejscowosc><sln:cyklZyciaOd>2017-04-24T00:00:00+02:00</sln:cyklZyciaOd><sln:gmIIPId>dd73e09d-5216-4df0-8361-acffdc341a28</sln:gmIIPId><sln:gmIIPPn>PL.PZGIK.200</sln:gmIIPPn><sln:gmIIPWersja>2012-09-26T22:19:02+02:00</sln:gmIIPWersja><sln:gmIdTeryt>2605062</sln:gmIdTeryt><sln:gmNazwa>Słupia (Konecka)</sln:gmNazwa><sln:miejscIIPId>9168d0c6-64dc-49a8-ac79-e9e6a6672bd3</sln:miejscIIPId><sln:miejscIIPPn>PL.PZGIK.200</sln:miejscIIPPn><sln:miejscIIPWersja>2017-04-24T08:52:14+02:00</sln:miejscIIPWersja><sln:miejscIdTeryt>0269819</sln:miejscIdTeryt><sln:miejscNazwa>Podwole</sln:miejscNazwa><sln:miejscRodzaj>Inny obiekt</sln:miejscRodzaj><sln:powIIPId>2f19b6ae-b7d4-4596-9934-ca60034d6207</sln:powIIPId><sln:powIIPPn>PL.PZGIK.200</sln:powIIPPn><sln:powIIPWersja>2012-09-27T09:32:07+02:00</sln:powIIPWersja><sln:powIdTeryt>2605</sln:powIdTeryt><sln:powNazwa>konecki</sln:powNazwa><sln:waznyOd>2015-08-17T00:00:00+02:00</sln:waznyOd><sln:wojIIPId>d021c0dd-b22e-4fcd-8444-904c64ec3aa8</sln:wojIIPId><sln:wojIIPPn>PL.PZGIK.200</sln:wojIIPPn><sln:wojIIPWersja>2012-09-27T13:45:13+02:00</sln:wojIIPWersja><sln:wojIdTeryt>26</sln:wojIdTeryt><sln:wojNazwa>świętokrzyskie</sln:wojNazwa></sln:miejscowosc><sln:miejscowosc><sln:cyklZyciaOd>2017-04-24T00:00:00+02:00</sln:cyklZyciaOd><sln:gmIIPId>dd73e09d-5216-4df0-8361-acffdc341a28</sln:gmIIPId><sln:gmIIPPn>PL.PZGIK.200</sln:gmIIPPn><sln:gmIIPWersja>2012-09-26T22:19:02+02:00</sln:gmIIPWersja><sln:gmIdTeryt>2605062</sln:gmIdTeryt><sln:gmNazwa>Słupia (Konecka)</sln:gmNazwa><sln:miejscIIPId>9f4c922c-86f1-46f1-89eb-fb0ff0f54431</sln:miejscIIPId><sln:miejscIIPPn>PL.PZGIK.200</sln:miejscIIPPn><sln:miejscIIPWersja>2017-04-24T08:52:14+02:00</sln:miejscIIPWersja><sln:miejscIdTeryt>0269825</sln:miejscIdTeryt><sln:miejscNazwa>Bukowie</sln:miejscNazwa><sln:miejscRodzaj>Przysiółek</sln:miejscRodzaj><sln:powIIPId>2f19b6ae-b7d4-4596-9934-ca60034d6207</sln:powIIPId><sln:powIIPPn>PL.PZGIK.200</sln:powIIPPn><sln:powIIPWersja>2012-09-27T09:32:07+02:00</sln:powIIPWersja><sln:powIdTeryt>2605</sln:powIdTeryt><sln:powNazwa>konecki</sln:powNazwa><sln:waznyOd>2015-08-17T00:00:00+02:00</sln:waznyOd><sln:wojIIPId>d021c0dd-b22e-4fcd-8444-904c64ec3aa8</sln:wojIIPId><sln:wojIIPPn>PL.PZGIK.200</sln:wojIIPPn><sln:wojIIPWersja>2012-09-27T13:45:13+02:00</sln:wojIIPWersja><sln:wojIdTeryt>26</sln:wojIdTeryt><sln:wojNazwa>świętokrzyskie</sln:wojNazwa></sln:miejscowosc><sln:miejscowosc><sln:cyklZyciaOd>2017-04-24T00:00:00+02:00</sln:cyklZyciaOd><sln:gmIIPId>dd73e09d-5216-4df0-8361-acffdc341a28</sln:gmIIPId><sln:gmIIPPn>PL.PZGIK.200</sln:gmIIPPn><sln:gmIIPWersja>2012-09-26T22:19:02+02:00</sln:gmIIPWersja><sln:gmIdTeryt>2605062</sln:gmIdTeryt><sln:gmNazwa>Słupia (Konecka)</sln:gmNazwa><sln:miejscIIPId>48e44111-62ec-41d3-b852-f416b492c73f</sln:miejscIIPId><sln:miejscIIPPn>PL.PZGIK.200</sln:miejscIIPPn><sln:miejscIIPWersja>2017-04-24T08:52:14+02:00</sln:miejscIIPWersja><sln:miejscIdTeryt>0269831</sln:miejscIdTeryt><sln:miejscNazwa>Gabrielów</sln:miejscNazwa><sln:miejscRodzaj>Przysiółek</sln:miejscRodzaj><sln:powIIPId>2f19b6ae-b7d4-4596-9934-ca60034d6207</sln:powIIPId><sln:powIIPPn>PL.PZGIK.200</sln:powIIPPn><sln:powIIPWersja>2012-09-27T09:32:07+02:00</sln:powIIPWersja><sln:powIdTeryt>2605</sln:powIdTeryt><sln:powNazwa>konecki</sln:powNazwa><sln:waznyOd>2015-08-17T00:00:00+02:00</sln:waznyOd><sln:wojIIPId>d021c0dd-b22e-4fcd-8444-904c64ec3aa8</sln:wojIIPId><sln:wojIIPPn>PL.PZGIK.200</sln:wojIIPPn><sln:wojIIPWersja>2012-09-27T13:45:13+02:00</sln:wojIIPWersja><sln:wojIdTeryt>26</sln:wojIdTeryt><sln:wojNazwa>świętokrzyskie</sln:wojNazwa></sln:miejscowosc><sln:miejscowosc><sln:cyklZyciaOd>2017-04-24T00:00:00+02:00</sln:cyklZyciaOd><sln:gmIIPId>dd73e09d-5216-4df0-8361-acffdc341a28</sln:gmIIPId><sln:gmIIPPn>PL.PZGIK.200</sln:gmIIPPn><sln:gmIIPWersja>2012-09-26T22:19:02+02:00</sln:gmIIPWersja><sln:gmIdTeryt>2605062</sln:gmIdTeryt><sln:gmNazwa>Słupia (Konecka)</sln:gmNazwa><sln:miejscIIPId>3d2e4f23-8c3a-4f81-bc10-58943dca6a73</sln:miejscIIPId><sln:miejscIIPPn>PL.PZGIK.200</sln:miejscIIPPn><sln:miejscIIPWersja>2017-04-24T08:52:14+02:00</sln:miejscIIPWersja><sln:miejscIdTeryt>0269854</sln:miejscIdTeryt><sln:miejscNazwa>Wólka</sln:miejscNazwa><sln:miejscRodzaj>Wieś</sln:miejscRodzaj><sln:powIIPId>2f19b6ae-b7d4-4596-9934-ca60034d6207</sln:powIIPId><sln:powIIPPn>PL.PZGIK.200</sln:powIIPPn><sln:powIIPWersja>2012-09-27T09:32:07+02:00</sln:powIIPWersja><sln:powIdTeryt>2605</sln:powIdTeryt><sln:powNazwa>konecki</sln:powNazwa><sln:waznyOd>2015-08-13T00:00:00+02:00</sln:waznyOd><sln:wojIIPId>d021c0dd-b22e-4fcd-8444-904c64ec3aa8</sln:wojIIPId><sln:wojIIPPn>PL.PZGIK.200</sln:wojIIPPn><sln:wojIIPWersja>2012-09-27T13:45:13+02:00</sln:wojIIPWersja><sln:wojIdTeryt>26</sln:wojIdTeryt><sln:wojNazwa>świętokrzyskie</sln:wojNazwa></sln:miejscowosc><sln:miejscowosc><sln:cyklZyciaOd>2017-04-24T00:00:00+02:00</sln:cyklZyciaOd><sln:gmIIPId>dd73e09d-5216-4df0-8361-acffdc341a28</sln:gmIIPId><sln:gmIIPPn>PL.PZGIK.200</sln:gmIIPPn><sln:gmIIPWersja>2012-09-26T22:19:02+02:00</sln:gmIIPWersja><sln:gmIdTeryt>2605062</sln:gmIdTeryt><sln:gmNazwa>Słupia (Konecka)</sln:gmNazwa><sln:miejscIIPId>afaf49b4-8264-4f2a-930e-e563e4118cdc</sln:miejscIIPId><sln:miejscIIPPn>PL.PZGIK.200</sln:miejscIIPPn><sln:miejscIIPWersja>2017-04-24T08:52:14+02:00</sln:miejscIIPWersja><sln:miejscIdTeryt>0269860</sln:miejscIdTeryt><sln:miejscNazwa>Konradów</sln:miejscNazwa><sln:miejscRodzaj>Kolonia</sln:miejscRodzaj><sln:powIIPId>2f19b6ae-b7d4-4596-9934-ca60034d6207</sln:powIIPId><sln:powIIPPn>PL.PZGIK.200</sln:powIIPPn><sln:powIIPWersja>2012-09-27T09:32:07+02:00</sln:powIIPWersja><sln:powIdTeryt>2605</sln:powIdTeryt><sln:powNazwa>konecki</sln:powNazwa><sln:waznyOd>2015-08-17T00:00:00+02:00</sln:waznyOd><sln:wojIIPId>d021c0dd-b22e-4fcd-8444-904c64ec3aa8</sln:wojIIPId><sln:wojIIPPn>PL.PZGIK.200</sln:wojIIPPn><sln:wojIIPWersja>2012-09-27T13:45:13+02:00</sln:wojIIPWersja><sln:wojIdTeryt>26</sln:wojIdTeryt><sln:wojNazwa>świętokrzyskie</sln:wojNazwa></sln:miejscowosc><sln:miejscowosc><sln:cyklZyciaOd>2017-04-24T00:00:00+02:00</sln:cyklZyciaOd><sln:gmIIPId>dd73e09d-5216-4df0-8361-acffdc341a28</sln:gmIIPId><sln:gmIIPPn>PL.PZGIK.200</sln:gmIIPPn><sln:gmIIPWersja>2012-09-26T22:19:02+02:00</sln:gmIIPWersja><sln:gmIdTeryt>2605062</sln:gmIdTeryt><sln:gmNazwa>Słupia (Konecka)</sln:gmNazwa><sln:miejscIIPId>e363e5a1-ad08-4fa3-b94e-12af96c93d17</sln:miejscIIPId><sln:miejscIIPPn>PL.PZGIK.200</sln:miejscIIPPn><sln:miejscIIPWersja>2017-04-24T08:52:15+02:00</sln:miejscIIPWersja><sln:miejscIdTeryt>0269877</sln:miejscIdTeryt><sln:miejscNazwa>Mogielnica</sln:miejscNazwa><sln:miejscRodzaj>Kolonia</sln:miejscRodzaj><sln:powIIPId>2f19b6ae-b7d4-4596-9934-ca60034d6207</sln:powIIPId><sln:powIIPPn>PL.PZGIK.200</sln:powIIPPn><sln:powIIPWersja>2012-09-27T09:32:07+02:00</sln:powIIPWersja><sln:powIdTeryt>2605</sln:powIdTeryt><sln:powNazwa>konecki</sln:powNazwa><sln:waznyOd>2015-08-17T00:00:00+02:00</sln:waznyOd><sln:wojIIPId>d021c0dd-b22e-4fcd-8444-904c64ec3aa8</sln:wojIIPId><sln:wojIIPPn>PL.PZGIK.200</sln:wojIIPPn><sln:wojIIPWersja>2012-09-27T13:45:13+02:00</sln:wojIIPWersja><sln:wojIdTeryt>26</sln:wojIdTeryt><sln:wojNazwa>świętokrzyskie</sln:wojNazwa></sln:miejscowosc><sln:miejscowosc><sln:cyklZyciaOd>2017-04-24T00:00:00+02:00</sln:cyklZyciaOd><sln:gmIIPId>dd73e09d-5216-4df0-8361-acffdc341a28</sln:gmIIPId><sln:gmIIPPn>PL.PZGIK.200</sln:gmIIPPn><sln:gmIIPWersja>2012-09-26T22:19:02+02:00</sln:gmIIPWersja><sln:gmIdTeryt>2605062</sln:gmIdTeryt><sln:gmNazwa>Słupia (Konecka)</sln:gmNazwa><sln:miejscIIPId>e1db4826-63e9-4885-890a-c87f58e6bb55</sln:miejscIIPId><sln:miejscIIPPn>PL.PZGIK.200</sln:miejscIIPPn><sln:miejscIIPWersja>2017-04-24T08:52:15+02:00</sln:miejscIIPWersja><sln:miejscIdTeryt>0269883</sln:miejscIdTeryt><sln:miejscNazwa>Zaostrów</sln:miejscNazwa><sln:miejscRodzaj>Wieś</sln:miejscRodzaj><sln:powIIPId>2f19b6ae-b7d4-4596-9934-ca60034d6207</sln:powIIPId><sln:powIIPPn>PL.PZGIK.200</sln:powIIPPn><sln:powIIPWersja>2012-09-27T09:32:07+02:00</sln:powIIPWersja><sln:powIdTeryt>2605</sln:powIdTeryt><sln:powNazwa>konecki</sln:powNazwa><sln:waznyOd>2015-08-13T00:00:00+02:00</sln:waznyOd><sln:wojIIPId>d021c0dd-b22e-4fcd-8444-904c64ec3aa8</sln:wojIIPId><sln:wojIIPPn>PL.PZGIK.200</sln:wojIIPPn><sln:wojIIPWersja>2012-09-27T13:45:13+02:00</sln:wojIIPWersja><sln:wojIdTeryt>26</sln:wojIdTeryt><sln:wojNazwa>świętokrzyskie</sln:wojNazwa></sln:miejscowosc></sln:lista-miejscowosci>