<?xml version="1.0" encoding="UTF-8" standalone="yes"?><sln:lista-miejscowosci xmlns:srv="http://gugik.gov.pl/schemas/slowniki-service/1.0" xmlns:sln="http://gugik.gov.pl/schemas/slowniki-schema/1.0"><sln:miejscowosc><sln:cyklZyciaOd>2014-12-06T00:00:00+01:00</sln:cyklZyciaOd><sln:gmIIPId>560b653e-f27c-432c-87be-abb49cbcd8d8</sln:gmIIPId><sln:gmIIPPn>PL.PZGIK.200</sln:gmIIPPn><sln:gmIIPWersja>2012-09-26T22:18:15+02:00</sln:gmIIPWersja><sln:gmIdTeryt>2602012</sln:gmIdTeryt><sln:gmNazwa>Imielno</sln:gmNazwa><sln:miejscIIPId>38f3d9e1-2ce3-4e26-90af-354b6097f638</sln:miejscIIPId><sln:miejscIIPPn>PL.PZGIK.200</sln:miejscIIPPn><sln:miejscIIPWersja>2016-11-24T13:54:55+02:00</sln:miejscIIPWersja><sln:miejscIdTeryt>0239623</sln:miejscIdTeryt><sln:miejscNazwa>Dąbrowa</sln:miejscNazwa><sln:miejscRodzaj>Inny obiekt</sln:miejscRodzaj><sln:powIIPId>2c76d255-52fc-4e03-84c4-ea9d923212b2</sln:powIIPId><sln:powIIPPn>PL.PZGIK.200</sln:powIIPPn><sln:powIIPWersja>2012-09-27T09:32:07+02:00</sln:powIIPWersja><sln:powIdTeryt>2602</sln:powIdTeryt><sln:powNazwa>jędrzejowski</sln:powNazwa><sln:wojIIPId>d021c0dd-b22e-4fcd-8444-904c64ec3aa8</sln:wojIIPId><sln:wojIIPPn>PL.PZGIK.200</sln:wojIIPPn><sln:wojIIPWersja>2012-09-27T13:45:13+02:00</sln:wojIIPWersja><sln:wojIdTeryt>26</sln:wojIdTeryt><sln:wojNazwa>świętokrzyskie</sln:wojNazwa></sln:miejscowosc><sln:miejscowosc><sln:cyklZyciaOd>2014-12-06T00:00:00+01:00</sln:cyklZyciaOd><sln:gmIIPId>560b653e-f27c-432c-87be-abb49cbcd8d8</sln:gmIIPId><sln:gmIIPPn>PL.PZGIK.200</sln:gmIIPPn><sln:gmIIPWersja>2012-09-26T22:18:15+02:00</sln:gmIIPWersja><sln:gmIdTeryt>2602012</sln:gmIdTeryt><sln:gmNazwa>Imielno</sln:gmNazwa><sln:miejscIIPId>63549d5d-8910-4ccd-bc3a-ec48d0b52dd3</sln:miejscIIPId><sln:miejscIIPPn>PL.PZGIK.200</sln:miejscIIPPn><sln:miejscIIPWersja>2016-11-24T13:34:44+02:00</sln:miejscIIPWersja><sln:miejscIdTeryt>0239913</sln:miejscIdTeryt><sln:miejscNazwa>Zegartowice</sln:miejscNazwa><sln:miejscRodzaj>Wieś</sln:miejscRodzaj><sln:powIIPId>2c76d255-52fc-4e03-84c4-ea9d923212b2</sln:powIIPId><sln:powIIPPn>PL.PZGIK.200</sln:powIIPPn><sln:powIIPWersja>2012-09-27T09:32:07+02:00</sln:powIIPWersja><sln:powIdTeryt>2602</sln:powIdTeryt><sln:powNazwa>jędrzejowski</sln:powNazwa><sln:wojIIPId>d021c0dd-b22e-4fcd-8444-904c64ec3aa8</sln:wojIIPId><sln:wojIIPPn>PL.PZGIK.200</sln:wojIIPPn><sln:wojIIPWersja>2012-09-27T13:45:13+02:00</sln:wojIIPWersja><sln:wojIdTeryt>26</sln:wojIdTeryt><sln:wojNazwa>świętokrzyskie</sln:wojNazwa></sln:miejscowosc><sln:miejscowosc><sln:cyklZyciaOd>2014-12-06T00:00:00+01:00</sln:cyklZyciaOd><sln:gmIIPId>560b653e-f27c-432c-87be-abb49cbcd8d8</sln:gmIIPId><sln:gmIIPPn>PL.PZGIK.200</sln:gmIIPPn><sln:gmIIPWersja>2012-09-26T22:18:15+02:00</sln:gmIIPWersja><sln:gmIdTeryt>2602012</sln:gmIdTeryt><sln:gmNazwa>Imielno</sln:gmNazwa><sln:miejscIIPId>93283f82-94f4-4419-a9c9-2a94508d2683</sln:miejscIIPId><sln:miejscIIPPn>PL.PZGIK.200</sln:miejscIIPPn><sln:miejscIIPWersja>2016-11-24T13:38:03+02:00</sln:miejscIIPWersja><sln:miejscIdTeryt>0239497</sln:miejscIdTeryt><sln:miejscNazwa>Grudzyny</sln:miejscNazwa><sln:miejscRodzaj>Wieś</sln:miejscRodzaj><sln:powIIPId>2c76d255-52fc-4e03-84c4-ea9d923212b2</sln:powIIPId><sln:powIIPPn>PL.PZGIK.200</sln:powIIPPn><sln:powIIPWersja>2012-09-27T09:32:07+02:00</sln:powIIPWersja><sln:powIdTeryt>2602</sln:powIdTeryt><sln:powNazwa>jędrzejowski</sln:powNazwa><sln:wojIIPId>d021c0dd-b22e-4fcd-8444-904c64ec3aa8</sln:wojIIPId><sln:wojIIPPn>PL.PZGIK.200</sln:wojIIPPn><sln:wojIIPWersja>2012-09-27T13:45:13+02:00</sln:wojIIPWersja><sln:wojIdTeryt>26</sln:wojIdTeryt><sln:wojNazwa>świętokrzyskie</sln:wojNazwa></sln:miejscowosc><sln:miejscowosc><sln:cyklZyciaOd>2014-12-06T00:00:00+01:00</sln:cyklZyciaOd><sln:gmIIPId>560b653e-f27c-432c-87be-abb49cbcd8d8</sln:gmIIPId><sln:gmIIPPn>PL.PZGIK.200</sln:gmIIPPn><sln:gmIIPWersja>2012-09-26T22:18:15+02:00</sln:gmIIPWersja><sln:gmIdTeryt>2602012</sln:gmIdTeryt><sln:gmNazwa>Imielno</sln:gmNazwa><sln:miejscIIPId>5104193c-4e87-4214-9ccc-b586f3853f80</sln:miejscIIPId><sln:miejscIIPPn>PL.PZGIK.200</sln:miejscIIPPn><sln:miejscIIPWersja>2016-11-24T13:35:59+02:00</sln:miejscIIPWersja><sln:miejscIdTeryt>0239451</sln:miejscIdTeryt><sln:miejscNazwa>Dalechowy</sln:miejscNazwa><sln:miejscRodzaj>Wieś</sln:miejscRodzaj><sln:powIIPId>2c76d255-52fc-4e03-84c4-ea9d923212b2</sln:powIIPId><sln:powIIPPn>PL.PZGIK.200</sln:powIIPPn><sln:powIIPWersja>2012-09-27T09:32:07+02:00</sln:powIIPWersja><sln:powIdTeryt>2602</sln:powIdTeryt><sln:powNazwa>jędrzejowski</sln:powNazwa><sln:wojIIPId>d021c0dd-b22e-4fcd-8444-904c64ec3aa8</sln:wojIIPId><sln:wojIIPPn>PL.PZGIK.200</sln:wojIIPPn><sln:wojIIPWersja>2012-09-27T13:45:13+02:00</sln:wojIIPWersja><sln:wojIdTeryt>26</sln:wojIdTeryt><sln:wojNazwa>świętokrzyskie</sln:wojNazwa></sln:miejscowosc><sln:miejscowosc><sln:cyklZyciaOd>2014-12-06T00:00:00+01:00</sln:cyklZyciaOd><sln:gmIIPId>560b653e-f27c-432c-87be-abb49cbcd8d8</sln:gmIIPId><sln:gmIIPPn>PL.PZGIK.200</sln:gmIIPPn><sln:gmIIPWersja>2012-09-26T22:18:15+02:00</sln:gmIIPWersja><sln:gmIdTeryt>2602012</sln:gmIdTeryt><sln:gmNazwa>Imielno</sln:gmNazwa><sln:miejscIIPId>068bcd48-dc41-4c7d-a7aa-dd635f5ed98e</sln:miejscIIPId><sln:miejscIIPPn>PL.PZGIK.200</sln:miejscIIPPn><sln:miejscIIPWersja>2016-11-24T13:54:55+02:00</sln:miejscIIPWersja><sln:miejscIdTeryt>0239652</sln:miejscIdTeryt><sln:miejscNazwa>Kolonie</sln:miejscNazwa><sln:miejscRodzaj>Inny obiekt</sln:miejscRodzaj><sln:powIIPId>2c76d255-52fc-4e03-84c4-ea9d923212b2</sln:powIIPId><sln:powIIPPn>PL.PZGIK.200</sln:powIIPPn><sln:powIIPWersja>2012-09-27T09:32:07+02:00</sln:powIIPWersja><sln:powIdTeryt>2602</sln:powIdTeryt><sln:powNazwa>jędrzejowski</sln:powNazwa><sln:wojIIPId>d021c0dd-b22e-4fcd-8444-904c64ec3aa8</sln:wojIIPId><sln:wojIIPPn>PL.PZGIK.200</sln:wojIIPPn><sln:wojIIPWersja>2012-09-27T13:45:13+02:00</sln:wojIIPWersja><sln:wojIdTeryt>26</sln:wojIdTeryt><sln:wojNazwa>świętokrzyskie</sln:wojNazwa></sln:miejscowosc><sln:miejscowosc><sln:cyklZyciaOd>2014-12-06T00:00:00+01:00</sln:cyklZyciaOd><sln:gmIIPId>560b653e-f27c-432c-87be-abb49cbcd8d8</sln:gmIIPId><sln:gmIIPPn>PL.PZGIK.200</sln:gmIIPPn><sln:gmIIPWersja>2012-09-26T22:18:15+02:00</sln:gmIIPWersja><sln:gmIdTeryt>2602012</sln:gmIdTeryt><sln:gmNazwa>Imielno</sln:gmNazwa><sln:miejscIIPId>ef74f2d8-adfe-490d-b58d-0546f6c44c2b</sln:miejscIIPId><sln:miejscIIPPn>PL.PZGIK.200</sln:miejscIIPPn><sln:miejscIIPWersja>2016-11-24T13:54:16+02:00</sln:miejscIIPWersja><sln:miejscIdTeryt>0239416</sln:miejscIdTeryt><sln:miejscNazwa>Kwasków</sln:miejscNazwa><sln:miejscRodzaj>Inny obiekt</sln:miejscRodzaj><sln:powIIPId>2c76d255-52fc-4e03-84c4-ea9d923212b2</sln:powIIPId><sln:powIIPPn>PL.PZGIK.200</sln:powIIPPn><sln:powIIPWersja>2012-09-27T09:32:07+02:00</sln:powIIPWersja><sln:powIdTeryt>2602</sln:powIdTeryt><sln:powNazwa>jędrzejowski</sln:powNazwa><sln:wojIIPId>d021c0dd-b22e-4fcd-8444-904c64ec3aa8</sln:wojIIPId><sln:wojIIPPn>PL.PZGIK.200</sln:wojIIPPn><sln:wojIIPWersja>2012-09-27T13:45:13+02:00</sln:wojIIPWersja><sln:wojIdTeryt>26</sln:wojIdTeryt><sln:wojNazwa>świętokrzyskie</sln:wojNazwa></sln:miejscowosc><sln:miejscowosc><sln:cyklZyciaOd>2014-12-06T00:00:00+01:00</sln:cyklZyciaOd><sln:gmIIPId>560b653e-f27c-432c-87be-abb49cbcd8d8</sln:gmIIPId><sln:gmIIPPn>PL.PZGIK.200</sln:gmIIPPn><sln:gmIIPWersja>2012-09-26T22:18:15+02:00</sln:gmIIPWersja><sln:gmIdTeryt>2602012</sln:gmIdTeryt><sln:gmNazwa>Imielno</sln:gmNazwa><sln:miejscIIPId>eb6e4e45-eeab-4ca6-99bd-d37099a80d92</sln:miejscIIPId><sln:miejscIIPPn>PL.PZGIK.200</sln:miejscIIPPn><sln:miejscIIPWersja>2016-11-24T13:38:21+02:00</sln:miejscIIPWersja><sln:miejscIdTeryt>0239586</sln:miejscIdTeryt><sln:miejscNazwa>Imielno</sln:miejscNazwa><sln:miejscRodzaj>Wieś</sln:miejscRodzaj><sln:powIIPId>2c76d255-52fc-4e03-84c4-ea9d923212b2</sln:powIIPId><sln:powIIPPn>PL.PZGIK.200</sln:powIIPPn><sln:powIIPWersja>2012-09-27T09:32:07+02:00</sln:powIIPWersja><sln:powIdTeryt>2602</sln:powIdTeryt><sln:powNazwa>jędrzejowski</sln:powNazwa><sln:wojIIPId>d021c0dd-b22e-4fcd-8444-904c64ec3aa8</sln:wojIIPId><sln:wojIIPPn>PL.PZGIK.200</sln:wojIIPPn><sln:wojIIPWersja>2012-09-27T13:45:13+02:00</sln:wojIIPWersja><sln:wojIdTeryt>26</sln:wojIdTeryt><sln:wojNazwa>świętokrzyskie</sln:wojNazwa></sln:miejscowosc><sln:miejscowosc><sln:cyklZyciaOd>2014-12-06T00:00:00+01:00</sln:cyklZyciaOd><sln:gmIIPId>560b653e-f27c-432c-87be-abb49cbcd8d8</sln:gmIIPId><sln:gmIIPPn>PL.PZGIK.200</sln:gmIIPPn><sln:gmIIPWersja>2012-09-26T22:18:15+02:00</sln:gmIIPWersja><sln:gmIdTeryt>2602012</sln:gmIdTeryt><sln:gmNazwa>Imielno</sln:gmNazwa><sln:miejscIIPId>971220f2-dd96-498c-8350-b941ae61a1c4</sln:miejscIIPId><sln:miejscIIPPn>PL.PZGIK.200</sln:miejscIIPPn><sln:miejscIIPWersja>2016-11-24T13:38:21+02:00</sln:miejscIIPWersja><sln:miejscIdTeryt>0239540</sln:miejscIdTeryt><sln:miejscNazwa>Imielnica</sln:miejscNazwa><sln:miejscRodzaj>Wieś</sln:miejscRodzaj><sln:powIIPId>2c76d255-52fc-4e03-84c4-ea9d923212b2</sln:powIIPId><sln:powIIPPn>PL.PZGIK.200</sln:powIIPPn><sln:powIIPWersja>2012-09-27T09:32:07+02:00</sln:powIIPWersja><sln:powIdTeryt>2602</sln:powIdTeryt><sln:powNazwa>jędrzejowski</sln:powNazwa><sln:wojIIPId>d021c0dd-b22e-4fcd-8444-904c64ec3aa8</sln:wojIIPId><sln:wojIIPPn>PL.PZGIK.200</sln:wojIIPPn><sln:wojIIPWersja>2012-09-27T13:45:13+02:00</sln:wojIIPWersja><sln:wojIdTeryt>26</sln:wojIdTeryt><sln:wojNazwa>świętokrzyskie</sln:wojNazwa></sln:miejscowosc><sln:miejscowosc><sln:cyklZyciaOd>2014-12-06T00:00:00+01:00</sln:cyklZyciaOd><sln:gmIIPId>560b653e-f27c-432c-87be-abb49cbcd8d8</sln:gmIIPId><sln:gmIIPPn>PL.PZGIK.200</sln:gmIIPPn><sln:gmIIPWersja>2012-09-26T22:18:15+02:00</sln:gmIIPWersja><sln:gmIdTeryt>2602012</sln:gmIdTeryt><sln:gmNazwa>Imielno</sln:gmNazwa><sln:miejscIIPId>bb9b831f-8be1-408b-99ad-6228a431237c</sln:miejscIIPId><sln:miejscIIPPn>PL.PZGIK.200</sln:miejscIIPPn><sln:miejscIIPWersja>2016-11-24T13:58:15+02:00</sln:miejscIIPWersja><sln:miejscIdTeryt>0239741</sln:miejscIdTeryt><sln:miejscNazwa>Antoniów</sln:miejscNazwa><sln:miejscRodzaj>Inny obiekt</sln:miejscRodzaj><sln:powIIPId>2c76d255-52fc-4e03-84c4-ea9d923212b2</sln:powIIPId><sln:powIIPPn>PL.PZGIK.200</sln:powIIPPn><sln:powIIPWersja>2012-09-27T09:32:07+02:00</sln:powIIPWersja><sln:powIdTeryt>2602</sln:powIdTeryt><sln:powNazwa>jędrzejowski</sln:powNazwa><sln:wojIIPId>d021c0dd-b22e-4fcd-8444-904c64ec3aa8</sln:wojIIPId><sln:wojIIPPn>PL.PZGIK.200</sln:wojIIPPn><sln:wojIIPWersja>2012-09-27T13:45:13+02:00</sln:wojIIPWersja><sln:wojIdTeryt>26</sln:wojIdTeryt><sln:wojNazwa>świętokrzyskie</sln:wojNazwa></sln:miejscowosc><sln:miejscowosc><sln:cyklZyciaOd>2014-12-06T00:00:00+01:00</sln:cyklZyciaOd><sln:gmIIPId>560b653e-f27c-432c-87be-abb49cbcd8d8</sln:gmIIPId><sln:gmIIPPn>PL.PZGIK.200</sln:gmIIPPn><sln:gmIIPWersja>2012-09-26T22:18:15+02:00</sln:gmIIPWersja><sln:gmIdTeryt>2602012</sln:gmIdTeryt><sln:gmNazwa>Imielno</sln:gmNazwa><sln:miejscIIPId>f0dd311a-9e4f-47aa-b4bf-af342c37a75d</sln:miejscIIPId><sln:miejscIIPPn>PL.PZGIK.200</sln:miejscIIPPn><sln:miejscIIPWersja>2016-11-24T13:58:15+02:00</sln:miejscIIPWersja><sln:miejscIdTeryt>1016351</sln:miejscIdTeryt><sln:miejscNazwa>Karolówka</sln:miejscNazwa><sln:miejscRodzaj>Inny obiekt</sln:miejscRodzaj><sln:powIIPId>2c76d255-52fc-4e03-84c4-ea9d923212b2</sln:powIIPId><sln:powIIPPn>PL.PZGIK.200</sln:powIIPPn><sln:powIIPWersja>2012-09-27T09:32:07+02:00</sln:powIIPWersja><sln:powIdTeryt>2602</sln:powIdTeryt><sln:powNazwa>jędrzejowski</sln:powNazwa><sln:wojIIPId>d021c0dd-b22e-4fcd-8444-904c64ec3aa8</sln:wojIIPId><sln:wojIIPPn>PL.PZGIK.200</sln:wojIIPPn><sln:wojIIPWersja>2012-09-27T13:45:13+02:00</sln:wojIIPWersja><sln:wojIdTeryt>26</sln:wojIdTeryt><sln:wojNazwa>świętokrzyskie</sln:wojNazwa></sln:miejscowosc><sln:miejscowosc><sln:cyklZyciaOd>2014-12-06T00:00:00+01:00</sln:cyklZyciaOd><sln:gmIIPId>560b653e-f27c-432c-87be-abb49cbcd8d8</sln:gmIIPId><sln:gmIIPPn>PL.PZGIK.200</sln:gmIIPPn><sln:gmIIPWersja>2012-09-26T22:18:15+02:00</sln:gmIIPWersja><sln:gmIdTeryt>2602012</sln:gmIdTeryt><sln:gmNazwa>Imielno</sln:gmNazwa><sln:miejscIIPId>d4926307-5e34-4839-a4c9-95e88e856d88</sln:miejscIIPId><sln:miejscIIPPn>PL.PZGIK.200</sln:miejscIIPPn><sln:miejscIIPWersja>2016-11-24T13:54:55+02:00</sln:miejscIIPWersja><sln:miejscIdTeryt>0239630</sln:miejscIdTeryt><sln:miejscNazwa>Malina</sln:miejscNazwa><sln:miejscRodzaj>Inny obiekt</sln:miejscRodzaj><sln:powIIPId>2c76d255-52fc-4e03-84c4-ea9d923212b2</sln:powIIPId><sln:powIIPPn>PL.PZGIK.200</sln:powIIPPn><sln:powIIPWersja>2012-09-27T09:32:07+02:00</sln:powIIPWersja><sln:powIdTeryt>2602</sln:powIdTeryt><sln:powNazwa>jędrzejowski</sln:powNazwa><sln:wojIIPId>d021c0dd-b22e-4fcd-8444-904c64ec3aa8</sln:wojIIPId><sln:wojIIPPn>PL.PZGIK.200</sln:wojIIPPn><sln:wojIIPWersja>2012-09-27T13:45:13+02:00</sln:wojIIPWersja><sln:wojIdTeryt>26</sln:wojIdTeryt><sln:wojNazwa>świętokrzyskie</sln:wojNazwa></sln:miejscowosc><sln:miejscowosc><sln:cyklZyciaOd>2014-12-06T00:00:00+01:00</sln:cyklZyciaOd><sln:gmIIPId>560b653e-f27c-432c-87be-abb49cbcd8d8</sln:gmIIPId><sln:gmIIPPn>PL.PZGIK.200</sln:gmIIPPn><sln:gmIIPWersja>2012-09-26T22:18:15+02:00</sln:gmIIPWersja><sln:gmIdTeryt>2602012</sln:gmIdTeryt><sln:gmNazwa>Imielno</sln:gmNazwa><sln:miejscIIPId>09cda418-ab5e-44ed-9cee-04906e0d5522</sln:miejscIIPId><sln:miejscIIPPn>PL.PZGIK.200</sln:miejscIIPPn><sln:miejscIIPWersja>2016-11-24T13:54:49+02:00</sln:miejscIIPWersja><sln:miejscIdTeryt>0239600</sln:miejscIdTeryt><sln:miejscNazwa>Żabiniec</sln:miejscNazwa><sln:miejscRodzaj>Inny obiekt</sln:miejscRodzaj><sln:powIIPId>2c76d255-52fc-4e03-84c4-ea9d923212b2</sln:powIIPId><sln:powIIPPn>PL.PZGIK.200</sln:powIIPPn><sln:powIIPWersja>2012-09-27T09:32:07+02:00</sln:powIIPWersja><sln:powIdTeryt>2602</sln:powIdTeryt><sln:powNazwa>jędrzejowski</sln:powNazwa><sln:wojIIPId>d021c0dd-b22e-4fcd-8444-904c64ec3aa8</sln:wojIIPId><sln:wojIIPPn>PL.PZGIK.200</sln:wojIIPPn><sln:wojIIPWersja>2012-09-27T13:45:13+02:00</sln:wojIIPWersja><sln:wojIdTeryt>26</sln:wojIdTeryt><sln:wojNazwa>świętokrzyskie</sln:wojNazwa></sln:miejscowosc><sln:miejscowosc><sln:cyklZyciaOd>2014-12-06T00:00:00+01:00</sln:cyklZyciaOd><sln:gmIIPId>560b653e-f27c-432c-87be-abb49cbcd8d8</sln:gmIIPId><sln:gmIIPPn>PL.PZGIK.200</sln:gmIIPPn><sln:gmIIPWersja>2012-09-26T22:18:15+02:00</sln:gmIIPWersja><sln:gmIdTeryt>2602012</sln:gmIdTeryt><sln:gmNazwa>Imielno</sln:gmNazwa><sln:miejscIIPId>47d5d072-be16-4565-bf93-b03f60d28bea</sln:miejscIIPId><sln:miejscIIPPn>PL.PZGIK.200</sln:miejscIIPPn><sln:miejscIIPWersja>2016-11-24T13:54:49+02:00</sln:miejscIIPWersja><sln:miejscIdTeryt>0239563</sln:miejscIdTeryt><sln:miejscNazwa>Choiny</sln:miejscNazwa><sln:miejscRodzaj>Inny obiekt</sln:miejscRodzaj><sln:powIIPId>2c76d255-52fc-4e03-84c4-ea9d923212b2</sln:powIIPId><sln:powIIPPn>PL.PZGIK.200</sln:powIIPPn><sln:powIIPWersja>2012-09-27T09:32:07+02:00</sln:powIIPWersja><sln:powIdTeryt>2602</sln:powIdTeryt><sln:powNazwa>jędrzejowski</sln:powNazwa><sln:wojIIPId>d021c0dd-b22e-4fcd-8444-904c64ec3aa8</sln:wojIIPId><sln:wojIIPPn>PL.PZGIK.200</sln:wojIIPPn><sln:wojIIPWersja>2012-09-27T13:45:13+02:00</sln:wojIIPWersja><sln:wojIdTeryt>26</sln:wojIdTeryt><sln:wojNazwa>świętokrzyskie</sln:wojNazwa></sln:miejscowosc><sln:miejscowosc><sln:cyklZyciaOd>2014-12-06T00:00:00+01:00</sln:cyklZyciaOd><sln:gmIIPId>560b653e-f27c-432c-87be-abb49cbcd8d8</sln:gmIIPId><sln:gmIIPPn>PL.PZGIK.200</sln:gmIIPPn><sln:gmIIPWersja>2012-09-26T22:18:15+02:00</sln:gmIIPWersja><sln:gmIdTeryt>2602012</sln:gmIdTeryt><sln:gmNazwa>Imielno</sln:gmNazwa><sln:miejscIIPId>ac06ebe8-212c-44b0-8dba-59df94167d36</sln:miejscIIPId><sln:miejscIIPPn>PL.PZGIK.200</sln:miejscIIPPn><sln:miejscIIPWersja>2016-11-24T13:39:13+02:00</sln:miejscIIPWersja><sln:miejscIdTeryt>0239669</sln:miejscIdTeryt><sln:miejscNazwa>Karczunek</sln:miejscNazwa><sln:miejscRodzaj>Wieś</sln:miejscRodzaj><sln:powIIPId>2c76d255-52fc-4e03-84c4-ea9d923212b2</sln:powIIPId><sln:powIIPPn>PL.PZGIK.200</sln:powIIPPn><sln:powIIPWersja>2012-09-27T09:32:07+02:00</sln:powIIPWersja><sln:powIdTeryt>2602</sln:powIdTeryt><sln:powNazwa>jędrzejowski</sln:powNazwa><sln:wojIIPId>d021c0dd-b22e-4fcd-8444-904c64ec3aa8</sln:wojIIPId><sln:wojIIPPn>PL.PZGIK.200</sln:wojIIPPn><sln:wojIIPWersja>2012-09-27T13:45:13+02:00</sln:wojIIPWersja><sln:wojIdTeryt>26</sln:wojIdTeryt><sln:wojNazwa>świętokrzyskie</sln:wojNazwa></sln:miejscowosc><sln:miejscowosc><sln:cyklZyciaOd>2014-12-06T00:00:00+01:00</sln:cyklZyciaOd><sln:gmIIPId>560b653e-f27c-432c-87be-abb49cbcd8d8</sln:gmIIPId><sln:gmIIPPn>PL.PZGIK.200</sln:gmIIPPn><sln:gmIIPWersja>2012-09-26T22:18:15+02:00</sln:gmIIPWersja><sln:gmIdTeryt>2602012</sln:gmIdTeryt><sln:gmNazwa>Imielno</sln:gmNazwa><sln:miejscIIPId>e7e5b81a-f127-4e26-964b-d6cadc7e0e8d</sln:miejscIIPId><sln:miejscIIPPn>PL.PZGIK.200</sln:miejscIIPPn><sln:miejscIIPWersja>2016-11-24T13:53:43+02:00</sln:miejscIIPWersja><sln:miejscIdTeryt>0239480</sln:miejscIdTeryt><sln:miejscNazwa>Kamieniec</sln:miejscNazwa><sln:miejscRodzaj>Inny obiekt</sln:miejscRodzaj><sln:powIIPId>2c76d255-52fc-4e03-84c4-ea9d923212b2</sln:powIIPId><sln:powIIPPn>PL.PZGIK.200</sln:powIIPPn><sln:powIIPWersja>2012-09-27T09:32:07+02:00</sln:powIIPWersja><sln:powIdTeryt>2602</sln:powIdTeryt><sln:powNazwa>jędrzejowski</sln:powNazwa><sln:wojIIPId>d021c0dd-b22e-4fcd-8444-904c64ec3aa8</sln:wojIIPId><sln:wojIIPPn>PL.PZGIK.200</sln:wojIIPPn><sln:wojIIPWersja>2012-09-27T13:45:13+02:00</sln:wojIIPWersja><sln:wojIdTeryt>26</sln:wojIdTeryt><sln:wojNazwa>świętokrzyskie</sln:wojNazwa></sln:miejscowosc><sln:miejscowosc><sln:cyklZyciaOd>2014-12-06T00:00:00+01:00</sln:cyklZyciaOd><sln:gmIIPId>560b653e-f27c-432c-87be-abb49cbcd8d8</sln:gmIIPId><sln:gmIIPPn>PL.PZGIK.200</sln:gmIIPPn><sln:gmIIPWersja>2012-09-26T22:18:15+02:00</sln:gmIIPWersja><sln:gmIdTeryt>2602012</sln:gmIdTeryt><sln:gmNazwa>Imielno</sln:gmNazwa><sln:miejscIIPId>e8f5209c-1502-48cc-9912-d0e5e5a71877</sln:miejscIIPId><sln:miejscIIPPn>PL.PZGIK.200</sln:miejscIIPPn><sln:miejscIIPWersja>2016-11-24T13:51:09+02:00</sln:miejscIIPWersja><sln:miejscIdTeryt>0239920</sln:miejscIdTeryt><sln:miejscNazwa>Olszowiec</sln:miejscNazwa><sln:miejscRodzaj>Inny obiekt</sln:miejscRodzaj><sln:powIIPId>2c76d255-52fc-4e03-84c4-ea9d923212b2</sln:powIIPId><sln:powIIPPn>PL.PZGIK.200</sln:powIIPPn><sln:powIIPWersja>2012-09-27T09:32:07+02:00</sln:powIIPWersja><sln:powIdTeryt>2602</sln:powIdTeryt><sln:powNazwa>jędrzejowski</sln:powNazwa><sln:wojIIPId>d021c0dd-b22e-4fcd-8444-904c64ec3aa8</sln:wojIIPId><sln:wojIIPPn>PL.PZGIK.200</sln:wojIIPPn><sln:wojIIPWersja>2012-09-27T13:45:13+02:00</sln:wojIIPWersja><sln:wojIdTeryt>26</sln:wojIdTeryt><sln:wojNazwa>świętokrzyskie</sln:wojNazwa></sln:miejscowosc><sln:miejscowosc><sln:cyklZyciaOd>2014-12-06T00:00:00+01:00</sln:cyklZyciaOd><sln:gmIIPId>560b653e-f27c-432c-87be-abb49cbcd8d8</sln:gmIIPId><sln:gmIIPPn>PL.PZGIK.200</sln:gmIIPPn><sln:gmIIPWersja>2012-09-26T22:18:15+02:00</sln:gmIIPWersja><sln:gmIdTeryt>2602012</sln:gmIdTeryt><sln:gmNazwa>Imielno</sln:gmNazwa><sln:miejscIIPId>8ec8e192-93dd-44c0-90f5-9f8ed33a7ffa</sln:miejscIIPId><sln:miejscIIPPn>PL.PZGIK.200</sln:miejscIIPPn><sln:miejscIIPWersja>2016-11-24T13:54:55+02:00</sln:miejscIIPWersja><sln:miejscIdTeryt>1016374</sln:miejscIdTeryt><sln:miejscNazwa>Olszynka</sln:miejscNazwa><sln:miejscRodzaj>Inny obiekt</sln:miejscRodzaj><sln:powIIPId>2c76d255-52fc-4e03-84c4-ea9d923212b2</sln:powIIPId><sln:powIIPPn>PL.PZGIK.200</sln:powIIPPn><sln:powIIPWersja>2012-09-27T09:32:07+02:00</sln:powIIPWersja><sln:powIdTeryt>2602</sln:powIdTeryt><sln:powNazwa>jędrzejowski</sln:powNazwa><sln:wojIIPId>d021c0dd-b22e-4fcd-8444-904c64ec3aa8</sln:wojIIPId><sln:wojIIPPn>PL.PZGIK.200</sln:wojIIPPn><sln:wojIIPWersja>2012-09-27T13:45:13+02:00</sln:wojIIPWersja><sln:wojIdTeryt>26</sln:wojIdTeryt><sln:wojNazwa>świętokrzyskie</sln:wojNazwa></sln:miejscowosc><sln:miejscowosc><sln:cyklZyciaOd>2014-12-06T00:00:00+01:00</sln:cyklZyciaOd><sln:gmIIPId>560b653e-f27c-432c-87be-abb49cbcd8d8</sln:gmIIPId><sln:gmIIPPn>PL.PZGIK.200</sln:gmIIPPn><sln:gmIIPWersja>2012-09-26T22:18:15+02:00</sln:gmIIPWersja><sln:gmIdTeryt>2602012</sln:gmIdTeryt><sln:gmNazwa>Imielno</sln:gmNazwa><sln:miejscIIPId>df2db4fe-8c06-46bb-b398-32bed845474f</sln:miejscIIPId><sln:miejscIIPPn>PL.PZGIK.200</sln:miejscIIPPn><sln:miejscIIPWersja>2016-11-24T13:50:43+02:00</sln:miejscIIPWersja><sln:miejscIdTeryt>0239882</sln:miejscIdTeryt><sln:miejscNazwa>Pogrzebiec</sln:miejscNazwa><sln:miejscRodzaj>Inny obiekt</sln:miejscRodzaj><sln:powIIPId>2c76d255-52fc-4e03-84c4-ea9d923212b2</sln:powIIPId><sln:powIIPPn>PL.PZGIK.200</sln:powIIPPn><sln:powIIPWersja>2012-09-27T09:32:07+02:00</sln:powIIPWersja><sln:powIdTeryt>2602</sln:powIdTeryt><sln:powNazwa>jędrzejowski</sln:powNazwa><sln:wojIIPId>d021c0dd-b22e-4fcd-8444-904c64ec3aa8</sln:wojIIPId><sln:wojIIPPn>PL.PZGIK.200</sln:wojIIPPn><sln:wojIIPWersja>2012-09-27T13:45:13+02:00</sln:wojIIPWersja><sln:wojIdTeryt>26</sln:wojIdTeryt><sln:wojNazwa>świętokrzyskie</sln:wojNazwa></sln:miejscowosc><sln:miejscowosc><sln:cyklZyciaOd>2014-12-06T00:00:00+01:00</sln:cyklZyciaOd><sln:gmIIPId>560b653e-f27c-432c-87be-abb49cbcd8d8</sln:gmIIPId><sln:gmIIPPn>PL.PZGIK.200</sln:gmIIPPn><sln:gmIIPWersja>2012-09-26T22:18:15+02:00</sln:gmIIPWersja><sln:gmIdTeryt>2602012</sln:gmIdTeryt><sln:gmNazwa>Imielno</sln:gmNazwa><sln:miejscIIPId>5c0879ab-ba46-428b-baaa-da027c99cca2</sln:miejscIIPId><sln:miejscIIPPn>PL.PZGIK.200</sln:miejscIIPPn><sln:miejscIIPWersja>2016-11-24T13:29:36+02:00</sln:miejscIIPWersja><sln:miejscIdTeryt>0239818</sln:miejscIdTeryt><sln:miejscNazwa>Rajchotka</sln:miejscNazwa><sln:miejscRodzaj>Wieś</sln:miejscRodzaj><sln:powIIPId>2c76d255-52fc-4e03-84c4-ea9d923212b2</sln:powIIPId><sln:powIIPPn>PL.PZGIK.200</sln:powIIPPn><sln:powIIPWersja>2012-09-27T09:32:07+02:00</sln:powIIPWersja><sln:powIdTeryt>2602</sln:powIdTeryt><sln:powNazwa>jędrzejowski</sln:powNazwa><sln:wojIIPId>d021c0dd-b22e-4fcd-8444-904c64ec3aa8</sln:wojIIPId><sln:wojIIPPn>PL.PZGIK.200</sln:wojIIPPn><sln:wojIIPWersja>2012-09-27T13:45:13+02:00</sln:wojIIPWersja><sln:wojIdTeryt>26</sln:wojIdTeryt><sln:wojNazwa>świętokrzyskie</sln:wojNazwa></sln:miejscowosc><sln:miejscowosc><sln:cyklZyciaOd>2014-12-06T00:00:00+01:00</sln:cyklZyciaOd><sln:gmIIPId>560b653e-f27c-432c-87be-abb49cbcd8d8</sln:gmIIPId><sln:gmIIPPn>PL.PZGIK.200</sln:gmIIPPn><sln:gmIIPWersja>2012-09-26T22:18:15+02:00</sln:gmIIPWersja><sln:gmIdTeryt>2602012</sln:gmIdTeryt><sln:gmNazwa>Imielno</sln:gmNazwa><sln:miejscIIPId>0e46d00f-ce9f-49c6-a40e-3c912243ff3b</sln:miejscIIPId><sln:miejscIIPPn>PL.PZGIK.200</sln:miejscIIPPn><sln:miejscIIPWersja>2016-11-24T13:53:43+02:00</sln:miejscIIPWersja><sln:miejscIdTeryt>0239474</sln:miejscIdTeryt><sln:miejscNazwa>Grupa</sln:miejscNazwa><sln:miejscRodzaj>Inny obiekt</sln:miejscRodzaj><sln:powIIPId>2c76d255-52fc-4e03-84c4-ea9d923212b2</sln:powIIPId><sln:powIIPPn>PL.PZGIK.200</sln:powIIPPn><sln:powIIPWersja>2012-09-27T09:32:07+02:00</sln:powIIPWersja><sln:powIdTeryt>2602</sln:powIdTeryt><sln:powNazwa>jędrzejowski</sln:powNazwa><sln:wojIIPId>d021c0dd-b22e-4fcd-8444-904c64ec3aa8</sln:wojIIPId><sln:wojIIPPn>PL.PZGIK.200</sln:wojIIPPn><sln:wojIIPWersja>2012-09-27T13:45:13+02:00</sln:wojIIPWersja><sln:wojIdTeryt>26</sln:wojIdTeryt><sln:wojNazwa>świętokrzyskie</sln:wojNazwa></sln:miejscowosc><sln:miejscowosc><sln:cyklZyciaOd>2014-12-06T00:00:00+01:00</sln:cyklZyciaOd><sln:gmIIPId>560b653e-f27c-432c-87be-abb49cbcd8d8</sln:gmIIPId><sln:gmIIPPn>PL.PZGIK.200</sln:gmIIPPn><sln:gmIIPWersja>2012-09-26T22:18:15+02:00</sln:gmIIPWersja><sln:gmIdTeryt>2602012</sln:gmIdTeryt><sln:gmNazwa>Imielno</sln:gmNazwa><sln:miejscIIPId>de9e74dc-17fe-4c76-9202-1f780dba0977</sln:miejscIIPId><sln:miejscIIPPn>PL.PZGIK.200</sln:miejscIIPPn><sln:miejscIIPWersja>2016-11-24T13:43:56+02:00</sln:miejscIIPWersja><sln:miejscIdTeryt>0239801</sln:miejscIdTeryt><sln:miejscNazwa>Opatkowice Pojałowskie</sln:miejscNazwa><sln:miejscRodzaj>Wieś</sln:miejscRodzaj><sln:powIIPId>2c76d255-52fc-4e03-84c4-ea9d923212b2</sln:powIIPId><sln:powIIPPn>PL.PZGIK.200</sln:powIIPPn><sln:powIIPWersja>2012-09-27T09:32:07+02:00</sln:powIIPWersja><sln:powIdTeryt>2602</sln:powIdTeryt><sln:powNazwa>jędrzejowski</sln:powNazwa><sln:wojIIPId>d021c0dd-b22e-4fcd-8444-904c64ec3aa8</sln:wojIIPId><sln:wojIIPPn>PL.PZGIK.200</sln:wojIIPPn><sln:wojIIPWersja>2012-09-27T13:45:13+02:00</sln:wojIIPWersja><sln:wojIdTeryt>26</sln:wojIdTeryt><sln:wojNazwa>świętokrzyskie</sln:wojNazwa></sln:miejscowosc><sln:miejscowosc><sln:cyklZyciaOd>2014-12-06T00:00:00+01:00</sln:cyklZyciaOd><sln:gmIIPId>560b653e-f27c-432c-87be-abb49cbcd8d8</sln:gmIIPId><sln:gmIIPPn>PL.PZGIK.200</sln:gmIIPPn><sln:gmIIPWersja>2012-09-26T22:18:15+02:00</sln:gmIIPWersja><sln:gmIdTeryt>2602012</sln:gmIdTeryt><sln:gmNazwa>Imielno</sln:gmNazwa><sln:miejscIIPId>3c64a422-ff5e-47c2-8732-db0e65f2d99c</sln:miejscIIPId><sln:miejscIIPPn>PL.PZGIK.200</sln:miejscIIPPn><sln:miejscIIPWersja>2016-11-24T13:54:16+02:00</sln:miejscIIPWersja><sln:miejscIdTeryt>0239422</sln:miejscIdTeryt><sln:miejscNazwa>Szczery Bór</sln:miejscNazwa><sln:miejscRodzaj>Inny obiekt</sln:miejscRodzaj><sln:powIIPId>2c76d255-52fc-4e03-84c4-ea9d923212b2</sln:powIIPId><sln:powIIPPn>PL.PZGIK.200</sln:powIIPPn><sln:powIIPWersja>2012-09-27T09:32:07+02:00</sln:powIIPWersja><sln:powIdTeryt>2602</sln:powIdTeryt><sln:powNazwa>jędrzejowski</sln:powNazwa><sln:wojIIPId>d021c0dd-b22e-4fcd-8444-904c64ec3aa8</sln:wojIIPId><sln:wojIIPPn>PL.PZGIK.200</sln:wojIIPPn><sln:wojIIPWersja>2012-09-27T13:45:13+02:00</sln:wojIIPWersja><sln:wojIdTeryt>26</sln:wojIdTeryt><sln:wojNazwa>świętokrzyskie</sln:wojNazwa></sln:miejscowosc><sln:miejscowosc><sln:cyklZyciaOd>2014-12-06T00:00:00+01:00</sln:cyklZyciaOd><sln:gmIIPId>560b653e-f27c-432c-87be-abb49cbcd8d8</sln:gmIIPId><sln:gmIIPPn>PL.PZGIK.200</sln:gmIIPPn><sln:gmIIPWersja>2012-09-26T22:18:15+02:00</sln:gmIIPWersja><sln:gmIdTeryt>2602012</sln:gmIdTeryt><sln:gmNazwa>Imielno</sln:gmNazwa><sln:miejscIIPId>2b7358b4-4e2e-44a7-8d8a-b893891a31ca</sln:miejscIIPId><sln:miejscIIPPn>PL.PZGIK.200</sln:miejscIIPPn><sln:miejscIIPWersja>2016-11-24T13:38:15+02:00</sln:miejscIIPWersja><sln:miejscIdTeryt>0239511</sln:miejscIdTeryt><sln:miejscNazwa>Helenówka</sln:miejscNazwa><sln:miejscRodzaj>Wieś</sln:miejscRodzaj><sln:powIIPId>2c76d255-52fc-4e03-84c4-ea9d923212b2</sln:powIIPId><sln:powIIPPn>PL.PZGIK.200</sln:powIIPPn><sln:powIIPWersja>2012-09-27T09:32:07+02:00</sln:powIIPWersja><sln:powIdTeryt>2602</sln:powIdTeryt><sln:powNazwa>jędrzejowski</sln:powNazwa><sln:wojIIPId>d021c0dd-b22e-4fcd-8444-904c64ec3aa8</sln:wojIIPId><sln:wojIIPPn>PL.PZGIK.200</sln:wojIIPPn><sln:wojIIPWersja>2012-09-27T13:45:13+02:00</sln:wojIIPWersja><sln:wojIdTeryt>26</sln:wojIdTeryt><sln:wojNazwa>świętokrzyskie</sln:wojNazwa></sln:miejscowosc><sln:miejscowosc><sln:cyklZyciaOd>2014-12-06T00:00:00+01:00</sln:cyklZyciaOd><sln:gmIIPId>560b653e-f27c-432c-87be-abb49cbcd8d8</sln:gmIIPId><sln:gmIIPPn>PL.PZGIK.200</sln:gmIIPPn><sln:gmIIPWersja>2012-09-26T22:18:15+02:00</sln:gmIIPWersja><sln:gmIdTeryt>2602012</sln:gmIdTeryt><sln:gmNazwa>Imielno</sln:gmNazwa><sln:miejscIIPId>9f1a3d73-edef-4684-b05c-7a68b63cac37</sln:miejscIIPId><sln:miejscIIPPn>PL.PZGIK.200</sln:miejscIIPPn><sln:miejscIIPWersja>2016-11-24T13:42:16+02:00</sln:miejscIIPWersja><sln:miejscIdTeryt>0239681</sln:miejscIdTeryt><sln:miejscNazwa>Mierzwin</sln:miejscNazwa><sln:miejscRodzaj>Wieś</sln:miejscRodzaj><sln:powIIPId>2c76d255-52fc-4e03-84c4-ea9d923212b2</sln:powIIPId><sln:powIIPPn>PL.PZGIK.200</sln:powIIPPn><sln:powIIPWersja>2012-09-27T09:32:07+02:00</sln:powIIPWersja><sln:powIdTeryt>2602</sln:powIdTeryt><sln:powNazwa>jędrzejowski</sln:powNazwa><sln:wojIIPId>d021c0dd-b22e-4fcd-8444-904c64ec3aa8</sln:wojIIPId><sln:wojIIPPn>PL.PZGIK.200</sln:wojIIPPn><sln:wojIIPWersja>2012-09-27T13:45:13+02:00</sln:wojIIPWersja><sln:wojIdTeryt>26</sln:wojIdTeryt><sln:wojNazwa>świętokrzyskie</sln:wojNazwa></sln:miejscowosc><sln:miejscowosc><sln:cyklZyciaOd>2014-12-06T00:00:00+01:00</sln:cyklZyciaOd><sln:gmIIPId>560b653e-f27c-432c-87be-abb49cbcd8d8</sln:gmIIPId><sln:gmIIPPn>PL.PZGIK.200</sln:gmIIPPn><sln:gmIIPWersja>2012-09-26T22:18:15+02:00</sln:gmIIPWersja><sln:gmIdTeryt>2602012</sln:gmIdTeryt><sln:gmNazwa>Imielno</sln:gmNazwa><sln:miejscIIPId>1986cf93-cdf9-4f58-bd36-532a6d3a6c80</sln:miejscIIPId><sln:miejscIIPPn>PL.PZGIK.200</sln:miejscIIPPn><sln:miejscIIPWersja>2016-11-24T13:54:44+02:00</sln:miejscIIPWersja><sln:miejscIdTeryt>0239534</sln:miejscIdTeryt><sln:miejscNazwa>Rogalów</sln:miejscNazwa><sln:miejscRodzaj>Inny obiekt</sln:miejscRodzaj><sln:powIIPId>2c76d255-52fc-4e03-84c4-ea9d923212b2</sln:powIIPId><sln:powIIPPn>PL.PZGIK.200</sln:powIIPPn><sln:powIIPWersja>2012-09-27T09:32:07+02:00</sln:powIIPWersja><sln:powIdTeryt>2602</sln:powIdTeryt><sln:powNazwa>jędrzejowski</sln:powNazwa><sln:wojIIPId>d021c0dd-b22e-4fcd-8444-904c64ec3aa8</sln:wojIIPId><sln:wojIIPPn>PL.PZGIK.200</sln:wojIIPPn><sln:wojIIPWersja>2012-09-27T13:45:13+02:00</sln:wojIIPWersja><sln:wojIdTeryt>26</sln:wojIdTeryt><sln:wojNazwa>świętokrzyskie</sln:wojNazwa></sln:miejscowosc><sln:miejscowosc><sln:cyklZyciaOd>2014-12-06T00:00:00+01:00</sln:cyklZyciaOd><sln:gmIIPId>560b653e-f27c-432c-87be-abb49cbcd8d8</sln:gmIIPId><sln:gmIIPPn>PL.PZGIK.200</sln:gmIIPPn><sln:gmIIPWersja>2012-09-26T22:18:15+02:00</sln:gmIIPWersja><sln:gmIdTeryt>2602012</sln:gmIdTeryt><sln:gmNazwa>Imielno</sln:gmNazwa><sln:miejscIIPId>d4623100-e26f-4ea1-b959-47e9f2cdf449</sln:miejscIIPId><sln:miejscIIPPn>PL.PZGIK.200</sln:miejscIIPPn><sln:miejscIIPWersja>2016-11-24T13:43:56+02:00</sln:miejscIIPWersja><sln:miejscIdTeryt>0239793</sln:miejscIdTeryt><sln:miejscNazwa>Opatkowice Murowane</sln:miejscNazwa><sln:miejscRodzaj>Wieś</sln:miejscRodzaj><sln:powIIPId>2c76d255-52fc-4e03-84c4-ea9d923212b2</sln:powIIPId><sln:powIIPPn>PL.PZGIK.200</sln:powIIPPn><sln:powIIPWersja>2012-09-27T09:32:07+02:00</sln:powIIPWersja><sln:powIdTeryt>2602</sln:powIdTeryt><sln:powNazwa>jędrzejowski</sln:powNazwa><sln:wojIIPId>d021c0dd-b22e-4fcd-8444-904c64ec3aa8</sln:wojIIPId><sln:wojIIPPn>PL.PZGIK.200</sln:wojIIPPn><sln:wojIIPWersja>2012-09-27T13:45:13+02:00</sln:wojIIPWersja><sln:wojIdTeryt>26</sln:wojIdTeryt><sln:wojNazwa>świętokrzyskie</sln:wojNazwa></sln:miejscowosc><sln:miejscowosc><sln:cyklZyciaOd>2014-12-06T00:00:00+01:00</sln:cyklZyciaOd><sln:gmIIPId>560b653e-f27c-432c-87be-abb49cbcd8d8</sln:gmIIPId><sln:gmIIPPn>PL.PZGIK.200</sln:gmIIPPn><sln:gmIIPWersja>2012-09-26T22:18:15+02:00</sln:gmIIPWersja><sln:gmIdTeryt>2602012</sln:gmIdTeryt><sln:gmNazwa>Imielno</sln:gmNazwa><sln:miejscIIPId>daa78137-1d93-4092-946f-c7bea6b4caff</sln:miejscIIPId><sln:miejscIIPPn>PL.PZGIK.200</sln:miejscIIPPn><sln:miejscIIPWersja>2016-11-24T13:43:56+02:00</sln:miejscIIPWersja><sln:miejscIdTeryt>0239758</sln:miejscIdTeryt><sln:miejscNazwa>Opatkowice Cysterskie</sln:miejscNazwa><sln:miejscRodzaj>Wieś</sln:miejscRodzaj><sln:powIIPId>2c76d255-52fc-4e03-84c4-ea9d923212b2</sln:powIIPId><sln:powIIPPn>PL.PZGIK.200</sln:powIIPPn><sln:powIIPWersja>2012-09-27T09:32:07+02:00</sln:powIIPWersja><sln:powIdTeryt>2602</sln:powIdTeryt><sln:powNazwa>jędrzejowski</sln:powNazwa><sln:wojIIPId>d021c0dd-b22e-4fcd-8444-904c64ec3aa8</sln:wojIIPId><sln:wojIIPPn>PL.PZGIK.200</sln:wojIIPPn><sln:wojIIPWersja>2012-09-27T13:45:13+02:00</sln:wojIIPWersja><sln:wojIdTeryt>26</sln:wojIdTeryt><sln:wojNazwa>świętokrzyskie</sln:wojNazwa></sln:miejscowosc><sln:miejscowosc><sln:cyklZyciaOd>2014-12-06T00:00:00+01:00</sln:cyklZyciaOd><sln:gmIIPId>560b653e-f27c-432c-87be-abb49cbcd8d8</sln:gmIIPId><sln:gmIIPPn>PL.PZGIK.200</sln:gmIIPPn><sln:gmIIPWersja>2012-09-26T22:18:15+02:00</sln:gmIIPWersja><sln:gmIdTeryt>2602012</sln:gmIdTeryt><sln:gmNazwa>Imielno</sln:gmNazwa><sln:miejscIIPId>7e3d4b8f-7ae4-41a5-9912-c8b9c49f6c7f</sln:miejscIIPId><sln:miejscIIPPn>PL.PZGIK.200</sln:miejscIIPPn><sln:miejscIIPWersja>2016-11-24T13:33:55+02:00</sln:miejscIIPWersja><sln:miejscIdTeryt>0239876</sln:miejscIdTeryt><sln:miejscNazwa>Wygoda</sln:miejscNazwa><sln:miejscRodzaj>Wieś</sln:miejscRodzaj><sln:powIIPId>2c76d255-52fc-4e03-84c4-ea9d923212b2</sln:powIIPId><sln:powIIPPn>PL.PZGIK.200</sln:powIIPPn><sln:powIIPWersja>2012-09-27T09:32:07+02:00</sln:powIIPWersja><sln:powIdTeryt>2602</sln:powIdTeryt><sln:powNazwa>jędrzejowski</sln:powNazwa><sln:wojIIPId>d021c0dd-b22e-4fcd-8444-904c64ec3aa8</sln:wojIIPId><sln:wojIIPPn>PL.PZGIK.200</sln:wojIIPPn><sln:wojIIPWersja>2012-09-27T13:45:13+02:00</sln:wojIIPWersja><sln:wojIdTeryt>26</sln:wojIdTeryt><sln:wojNazwa>świętokrzyskie</sln:wojNazwa></sln:miejscowosc><sln:miejscowosc><sln:cyklZyciaOd>2014-12-06T00:00:00+01:00</sln:cyklZyciaOd><sln:gmIIPId>560b653e-f27c-432c-87be-abb49cbcd8d8</sln:gmIIPId><sln:gmIIPPn>PL.PZGIK.200</sln:gmIIPPn><sln:gmIIPWersja>2012-09-26T22:18:15+02:00</sln:gmIIPWersja><sln:gmIdTeryt>2602012</sln:gmIdTeryt><sln:gmNazwa>Imielno</sln:gmNazwa><sln:miejscIIPId>2f512152-cd03-4c0e-bfa1-43c028b0c22d</sln:miejscIIPId><sln:miejscIIPPn>PL.PZGIK.200</sln:miejscIIPPn><sln:miejscIIPWersja>2016-11-24T13:42:44+02:00</sln:miejscIIPWersja><sln:miejscIdTeryt>0239698</sln:miejscIdTeryt><sln:miejscNazwa>Motkowice</sln:miejscNazwa><sln:miejscRodzaj>Wieś</sln:miejscRodzaj><sln:powIIPId>2c76d255-52fc-4e03-84c4-ea9d923212b2</sln:powIIPId><sln:powIIPPn>PL.PZGIK.200</sln:powIIPPn><sln:powIIPWersja>2012-09-27T09:32:07+02:00</sln:powIIPWersja><sln:powIdTeryt>2602</sln:powIdTeryt><sln:powNazwa>jędrzejowski</sln:powNazwa><sln:wojIIPId>d021c0dd-b22e-4fcd-8444-904c64ec3aa8</sln:wojIIPId><sln:wojIIPPn>PL.PZGIK.200</sln:wojIIPPn><sln:wojIIPWersja>2012-09-27T13:45:13+02:00</sln:wojIIPWersja><sln:wojIdTeryt>26</sln:wojIdTeryt><sln:wojNazwa>świętokrzyskie</sln:wojNazwa></sln:miejscowosc><sln:miejscowosc><sln:cyklZyciaOd>2014-12-06T00:00:00+01:00</sln:cyklZyciaOd><sln:gmIIPId>560b653e-f27c-432c-87be-abb49cbcd8d8</sln:gmIIPId><sln:gmIIPPn>PL.PZGIK.200</sln:gmIIPPn><sln:gmIIPWersja>2012-09-26T22:18:15+02:00</sln:gmIIPWersja><sln:gmIdTeryt>2602012</sln:gmIdTeryt><sln:gmNazwa>Imielno</sln:gmNazwa><sln:miejscIIPId>1e4d52bf-5226-4ca4-b9d6-dd0b023faad5</sln:miejscIIPId><sln:miejscIIPPn>PL.PZGIK.200</sln:miejscIIPPn><sln:miejscIIPWersja>2016-11-24T13:43:55+02:00</sln:miejscIIPWersja><sln:miejscIdTeryt>0239439</sln:miejscIdTeryt><sln:miejscNazwa>Borszowice</sln:miejscNazwa><sln:miejscRodzaj>Wieś</sln:miejscRodzaj><sln:powIIPId>2c76d255-52fc-4e03-84c4-ea9d923212b2</sln:powIIPId><sln:powIIPPn>PL.PZGIK.200</sln:powIIPPn><sln:powIIPWersja>2012-09-27T09:32:07+02:00</sln:powIIPWersja><sln:powIdTeryt>2602</sln:powIdTeryt><sln:powNazwa>jędrzejowski</sln:powNazwa><sln:wojIIPId>d021c0dd-b22e-4fcd-8444-904c64ec3aa8</sln:wojIIPId><sln:wojIIPPn>PL.PZGIK.200</sln:wojIIPPn><sln:wojIIPWersja>2012-09-27T13:45:13+02:00</sln:wojIIPWersja><sln:wojIdTeryt>26</sln:wojIdTeryt><sln:wojNazwa>świętokrzyskie</sln:wojNazwa></sln:miejscowosc><sln:miejscowosc><sln:cyklZyciaOd>2014-12-06T00:00:00+01:00</sln:cyklZyciaOd><sln:gmIIPId>560b653e-f27c-432c-87be-abb49cbcd8d8</sln:gmIIPId><sln:gmIIPPn>PL.PZGIK.200</sln:gmIIPPn><sln:gmIIPWersja>2012-09-26T22:18:15+02:00</sln:gmIIPWersja><sln:gmIdTeryt>2602012</sln:gmIdTeryt><sln:gmNazwa>Imielno</sln:gmNazwa><sln:miejscIIPId>c785e2ef-44b4-4879-b1d5-808561a5a4da</sln:miejscIIPId><sln:miejscIIPPn>PL.PZGIK.200</sln:miejscIIPPn><sln:miejscIIPWersja>2016-11-24T13:36:55+02:00</sln:miejscIIPWersja><sln:miejscIdTeryt>0239468</sln:miejscIdTeryt><sln:miejscNazwa>Dzierszyn</sln:miejscNazwa><sln:miejscRodzaj>Wieś</sln:miejscRodzaj><sln:powIIPId>2c76d255-52fc-4e03-84c4-ea9d923212b2</sln:powIIPId><sln:powIIPPn>PL.PZGIK.200</sln:powIIPPn><sln:powIIPWersja>2012-09-27T09:32:07+02:00</sln:powIIPWersja><sln:powIdTeryt>2602</sln:powIdTeryt><sln:powNazwa>jędrzejowski</sln:powNazwa><sln:wojIIPId>d021c0dd-b22e-4fcd-8444-904c64ec3aa8</sln:wojIIPId><sln:wojIIPPn>PL.PZGIK.200</sln:wojIIPPn><sln:wojIIPWersja>2012-09-27T13:45:13+02:00</sln:wojIIPWersja><sln:wojIdTeryt>26</sln:wojIdTeryt><sln:wojNazwa>świętokrzyskie</sln:wojNazwa></sln:miejscowosc><sln:miejscowosc><sln:cyklZyciaOd>2014-12-06T00:00:00+01:00</sln:cyklZyciaOd><sln:gmIIPId>560b653e-f27c-432c-87be-abb49cbcd8d8</sln:gmIIPId><sln:gmIIPPn>PL.PZGIK.200</sln:gmIIPPn><sln:gmIIPWersja>2012-09-26T22:18:15+02:00</sln:gmIIPWersja><sln:gmIdTeryt>2602012</sln:gmIdTeryt><sln:gmNazwa>Imielno</sln:gmNazwa><sln:miejscIIPId>43a8b65c-cab6-4eac-8d6d-f3bee4d37921</sln:miejscIIPId><sln:miejscIIPPn>PL.PZGIK.200</sln:miejscIIPPn><sln:miejscIIPWersja>2016-11-24T13:38:29+02:00</sln:miejscIIPWersja><sln:miejscIdTeryt>0239617</sln:miejscIdTeryt><sln:miejscNazwa>Jakubów</sln:miejscNazwa><sln:miejscRodzaj>Wieś</sln:miejscRodzaj><sln:powIIPId>2c76d255-52fc-4e03-84c4-ea9d923212b2</sln:powIIPId><sln:powIIPPn>PL.PZGIK.200</sln:powIIPPn><sln:powIIPWersja>2012-09-27T09:32:07+02:00</sln:powIIPWersja><sln:powIdTeryt>2602</sln:powIdTeryt><sln:powNazwa>jędrzejowski</sln:powNazwa><sln:wojIIPId>d021c0dd-b22e-4fcd-8444-904c64ec3aa8</sln:wojIIPId><sln:wojIIPPn>PL.PZGIK.200</sln:wojIIPPn><sln:wojIIPWersja>2012-09-27T13:45:13+02:00</sln:wojIIPWersja><sln:wojIdTeryt>26</sln:wojIdTeryt><sln:wojNazwa>świętokrzyskie</sln:wojNazwa></sln:miejscowosc><sln:miejscowosc><sln:cyklZyciaOd>2014-12-06T00:00:00+01:00</sln:cyklZyciaOd><sln:gmIIPId>560b653e-f27c-432c-87be-abb49cbcd8d8</sln:gmIIPId><sln:gmIIPPn>PL.PZGIK.200</sln:gmIIPPn><sln:gmIIPWersja>2012-09-26T22:18:15+02:00</sln:gmIIPWersja><sln:gmIdTeryt>2602012</sln:gmIdTeryt><sln:gmNazwa>Imielno</sln:gmNazwa><sln:miejscIIPId>7a68ec9d-1deb-42be-8cb1-3404a133feea</sln:miejscIIPId><sln:miejscIIPPn>PL.PZGIK.200</sln:miejscIIPPn><sln:miejscIIPWersja>2016-11-24T13:37:44+02:00</sln:miejscIIPWersja><sln:miejscIdTeryt>0239391</sln:miejscIdTeryt><sln:miejscNazwa>Bełk</sln:miejscNazwa><sln:miejscRodzaj>Wieś</sln:miejscRodzaj><sln:powIIPId>2c76d255-52fc-4e03-84c4-ea9d923212b2</sln:powIIPId><sln:powIIPPn>PL.PZGIK.200</sln:powIIPPn><sln:powIIPWersja>2012-09-27T09:32:07+02:00</sln:powIIPWersja><sln:powIdTeryt>2602</sln:powIdTeryt><sln:powNazwa>jędrzejowski</sln:powNazwa><sln:wojIIPId>d021c0dd-b22e-4fcd-8444-904c64ec3aa8</sln:wojIIPId><sln:wojIIPPn>PL.PZGIK.200</sln:wojIIPPn><sln:wojIIPWersja>2012-09-27T13:45:13+02:00</sln:wojIIPWersja><sln:wojIdTeryt>26</sln:wojIdTeryt><sln:wojNazwa>świętokrzyskie</sln:wojNazwa></sln:miejscowosc><sln:miejscowosc><sln:cyklZyciaOd>2014-12-06T00:00:00+01:00</sln:cyklZyciaOd><sln:gmIIPId>560b653e-f27c-432c-87be-abb49cbcd8d8</sln:gmIIPId><sln:gmIIPPn>PL.PZGIK.200</sln:gmIIPPn><sln:gmIIPWersja>2012-09-26T22:18:15+02:00</sln:gmIIPWersja><sln:gmIdTeryt>2602012</sln:gmIdTeryt><sln:gmNazwa>Imielno</sln:gmNazwa><sln:miejscIIPId>133fc575-adac-4985-9cae-c3bacdfe4d4b</sln:miejscIIPId><sln:miejscIIPPn>PL.PZGIK.200</sln:miejscIIPPn><sln:miejscIIPWersja>2016-11-24T13:54:36+02:00</sln:miejscIIPWersja><sln:miejscIdTeryt>0239505</sln:miejscIdTeryt><sln:miejscNazwa>Wrzosy</sln:miejscNazwa><sln:miejscRodzaj>Inny obiekt</sln:miejscRodzaj><sln:powIIPId>2c76d255-52fc-4e03-84c4-ea9d923212b2</sln:powIIPId><sln:powIIPPn>PL.PZGIK.200</sln:powIIPPn><sln:powIIPWersja>2012-09-27T09:32:07+02:00</sln:powIIPWersja><sln:powIdTeryt>2602</sln:powIdTeryt><sln:powNazwa>jędrzejowski</sln:powNazwa><sln:wojIIPId>d021c0dd-b22e-4fcd-8444-904c64ec3aa8</sln:wojIIPId><sln:wojIIPPn>PL.PZGIK.200</sln:wojIIPPn><sln:wojIIPWersja>2012-09-27T13:45:13+02:00</sln:wojIIPWersja><sln:wojIdTeryt>26</sln:wojIdTeryt><sln:wojNazwa>świętokrzyskie</sln:wojNazwa></sln:miejscowosc><sln:miejscowosc><sln:cyklZyciaOd>2014-12-06T00:00:00+01:00</sln:cyklZyciaOd><sln:gmIIPId>560b653e-f27c-432c-87be-abb49cbcd8d8</sln:gmIIPId><sln:gmIIPPn>PL.PZGIK.200</sln:gmIIPPn><sln:gmIIPWersja>2012-09-26T22:18:15+02:00</sln:gmIIPWersja><sln:gmIdTeryt>2602012</sln:gmIdTeryt><sln:gmNazwa>Imielno</sln:gmNazwa><sln:miejscIIPId>7ec1ed76-0b04-4916-8876-756410984716</sln:miejscIIPId><sln:miejscIIPPn>PL.PZGIK.200</sln:miejscIIPPn><sln:miejscIIPWersja>2016-11-24T13:39:17+02:00</sln:miejscIIPWersja><sln:miejscIdTeryt>0239675</sln:miejscIdTeryt><sln:miejscNazwa>Kawęczyn</sln:miejscNazwa><sln:miejscRodzaj>Wieś</sln:miejscRodzaj><sln:powIIPId>2c76d255-52fc-4e03-84c4-ea9d923212b2</sln:powIIPId><sln:powIIPPn>PL.PZGIK.200</sln:powIIPPn><sln:powIIPWersja>2012-09-27T09:32:07+02:00</sln:powIIPWersja><sln:powIdTeryt>2602</sln:powIdTeryt><sln:powNazwa>jędrzejowski</sln:powNazwa><sln:wojIIPId>d021c0dd-b22e-4fcd-8444-904c64ec3aa8</sln:wojIIPId><sln:wojIIPPn>PL.PZGIK.200</sln:wojIIPPn><sln:wojIIPWersja>2012-09-27T13:45:13+02:00</sln:wojIIPWersja><sln:wojIdTeryt>26</sln:wojIdTeryt><sln:wojNazwa>świętokrzyskie</sln:wojNazwa></sln:miejscowosc><sln:miejscowosc><sln:cyklZyciaOd>2014-12-06T00:00:00+01:00</sln:cyklZyciaOd><sln:gmIIPId>560b653e-f27c-432c-87be-abb49cbcd8d8</sln:gmIIPId><sln:gmIIPPn>PL.PZGIK.200</sln:gmIIPPn><sln:gmIIPWersja>2012-09-26T22:18:15+02:00</sln:gmIIPWersja><sln:gmIdTeryt>2602012</sln:gmIdTeryt><sln:gmNazwa>Imielno</sln:gmNazwa><sln:miejscIIPId>645c7ccb-7663-4abb-8e7a-d2bf3c1b9246</sln:miejscIIPId><sln:miejscIIPPn>PL.PZGIK.200</sln:miejscIIPPn><sln:miejscIIPWersja>2016-11-24T13:59:36+02:00</sln:miejscIIPWersja><sln:miejscIdTeryt>0239706</sln:miejscIdTeryt><sln:miejscNazwa>Jawór Stawski</sln:miejscNazwa><sln:miejscRodzaj>Inny obiekt</sln:miejscRodzaj><sln:powIIPId>2c76d255-52fc-4e03-84c4-ea9d923212b2</sln:powIIPId><sln:powIIPPn>PL.PZGIK.200</sln:powIIPPn><sln:powIIPWersja>2012-09-27T09:32:07+02:00</sln:powIIPWersja><sln:powIdTeryt>2602</sln:powIdTeryt><sln:powNazwa>jędrzejowski</sln:powNazwa><sln:wojIIPId>d021c0dd-b22e-4fcd-8444-904c64ec3aa8</sln:wojIIPId><sln:wojIIPPn>PL.PZGIK.200</sln:wojIIPPn><sln:wojIIPWersja>2012-09-27T13:45:13+02:00</sln:wojIIPWersja><sln:wojIdTeryt>26</sln:wojIdTeryt><sln:wojNazwa>świętokrzyskie</sln:wojNazwa></sln:miejscowosc><sln:miejscowosc><sln:cyklZyciaOd>2014-12-06T00:00:00+01:00</sln:cyklZyciaOd><sln:gmIIPId>560b653e-f27c-432c-87be-abb49cbcd8d8</sln:gmIIPId><sln:gmIIPPn>PL.PZGIK.200</sln:gmIIPPn><sln:gmIIPWersja>2012-09-26T22:18:15+02:00</sln:gmIIPWersja><sln:gmIdTeryt>2602012</sln:gmIdTeryt><sln:gmNazwa>Imielno</sln:gmNazwa><sln:miejscIIPId>cc0c5875-d787-4fd3-967e-c47a459a890d</sln:miejscIIPId><sln:miejscIIPPn>PL.PZGIK.200</sln:miejscIIPPn><sln:miejscIIPWersja>2016-11-24T13:59:36+02:00</sln:miejscIIPWersja><sln:miejscIdTeryt>0239899</sln:miejscIdTeryt><sln:miejscNazwa>Za Olszynką</sln:miejscNazwa><sln:miejscRodzaj>Inny obiekt</sln:miejscRodzaj><sln:powIIPId>2c76d255-52fc-4e03-84c4-ea9d923212b2</sln:powIIPId><sln:powIIPPn>PL.PZGIK.200</sln:powIIPPn><sln:powIIPWersja>2012-09-27T09:32:07+02:00</sln:powIIPWersja><sln:powIdTeryt>2602</sln:powIdTeryt><sln:powNazwa>jędrzejowski</sln:powNazwa><sln:wojIIPId>d021c0dd-b22e-4fcd-8444-904c64ec3aa8</sln:wojIIPId><sln:wojIIPPn>PL.PZGIK.200</sln:wojIIPPn><sln:wojIIPWersja>2012-09-27T13:45:13+02:00</sln:wojIIPWersja><sln:wojIdTeryt>26</sln:wojIdTeryt><sln:wojNazwa>świętokrzyskie</sln:wojNazwa></sln:miejscowosc><sln:miejscowosc><sln:cyklZyciaOd>2014-12-06T00:00:00+01:00</sln:cyklZyciaOd><sln:gmIIPId>560b653e-f27c-432c-87be-abb49cbcd8d8</sln:gmIIPId><sln:gmIIPPn>PL.PZGIK.200</sln:gmIIPPn><sln:gmIIPWersja>2012-09-26T22:18:15+02:00</sln:gmIIPWersja><sln:gmIdTeryt>2602012</sln:gmIdTeryt><sln:gmNazwa>Imielno</sln:gmNazwa><sln:miejscIIPId>9e65098b-26b5-4a1d-b82c-ff25f7d8593f</sln:miejscIIPId><sln:miejscIIPPn>PL.PZGIK.200</sln:miejscIIPPn><sln:miejscIIPWersja>2016-11-24T13:59:36+02:00</sln:miejscIIPWersja><sln:miejscIdTeryt>0239787</sln:miejscIdTeryt><sln:miejscNazwa>Zapusty</sln:miejscNazwa><sln:miejscRodzaj>Inny obiekt</sln:miejscRodzaj><sln:powIIPId>2c76d255-52fc-4e03-84c4-ea9d923212b2</sln:powIIPId><sln:powIIPPn>PL.PZGIK.200</sln:powIIPPn><sln:powIIPWersja>2012-09-27T09:32:07+02:00</sln:powIIPWersja><sln:powIdTeryt>2602</sln:powIdTeryt><sln:powNazwa>jędrzejowski</sln:powNazwa><sln:wojIIPId>d021c0dd-b22e-4fcd-8444-904c64ec3aa8</sln:wojIIPId><sln:wojIIPPn>PL.PZGIK.200</sln:wojIIPPn><sln:wojIIPWersja>2012-09-27T13:45:13+02:00</sln:wojIIPWersja><sln:wojIdTeryt>26</sln:wojIdTeryt><sln:wojNazwa>świętokrzyskie</sln:wojNazwa></sln:miejscowosc><sln:miejscowosc><sln:cyklZyciaOd>2014-12-06T00:00:00+01:00</sln:cyklZyciaOd><sln:gmIIPId>560b653e-f27c-432c-87be-abb49cbcd8d8</sln:gmIIPId><sln:gmIIPPn>PL.PZGIK.200</sln:gmIIPPn><sln:gmIIPWersja>2012-09-26T22:18:15+02:00</sln:gmIIPWersja><sln:gmIdTeryt>2602012</sln:gmIdTeryt><sln:gmNazwa>Imielno</sln:gmNazwa><sln:miejscIIPId>59449c81-5c3b-497c-9b77-391537dbe8d9</sln:miejscIIPId><sln:miejscIIPPn>PL.PZGIK.200</sln:miejscIIPPn><sln:miejscIIPWersja>2016-11-24T13:59:36+02:00</sln:miejscIIPWersja><sln:miejscIdTeryt>1016380</sln:miejscIdTeryt><sln:miejscNazwa>Pastwisko</sln:miejscNazwa><sln:miejscRodzaj>Inny obiekt</sln:miejscRodzaj><sln:powIIPId>2c76d255-52fc-4e03-84c4-ea9d923212b2</sln:powIIPId><sln:powIIPPn>PL.PZGIK.200</sln:powIIPPn><sln:powIIPWersja>2012-09-27T09:32:07+02:00</sln:powIIPWersja><sln:powIdTeryt>2602</sln:powIdTeryt><sln:powNazwa>jędrzejowski</sln:powNazwa><sln:wojIIPId>d021c0dd-b22e-4fcd-8444-904c64ec3aa8</sln:wojIIPId><sln:wojIIPPn>PL.PZGIK.200</sln:wojIIPPn><sln:wojIIPWersja>2012-09-27T13:45:13+02:00</sln:wojIIPWersja><sln:wojIdTeryt>26</sln:wojIdTeryt><sln:wojNazwa>świętokrzyskie</sln:wojNazwa></sln:miejscowosc><sln:miejscowosc><sln:cyklZyciaOd>2014-12-06T00:00:00+01:00</sln:cyklZyciaOd><sln:gmIIPId>560b653e-f27c-432c-87be-abb49cbcd8d8</sln:gmIIPId><sln:gmIIPPn>PL.PZGIK.200</sln:gmIIPPn><sln:gmIIPWersja>2012-09-26T22:18:15+02:00</sln:gmIIPWersja><sln:gmIdTeryt>2602012</sln:gmIdTeryt><sln:gmNazwa>Imielno</sln:gmNazwa><sln:miejscIIPId>388b5a0e-deee-407c-81ba-91cdec394266</sln:miejscIIPId><sln:miejscIIPPn>PL.PZGIK.200</sln:miejscIIPPn><sln:miejscIIPWersja>2016-11-24T13:59:36+02:00</sln:miejscIIPWersja><sln:miejscIdTeryt>1016368</sln:miejscIdTeryt><sln:miejscNazwa>Kępiotka</sln:miejscNazwa><sln:miejscRodzaj>Inny obiekt</sln:miejscRodzaj><sln:powIIPId>2c76d255-52fc-4e03-84c4-ea9d923212b2</sln:powIIPId><sln:powIIPPn>PL.PZGIK.200</sln:powIIPPn><sln:powIIPWersja>2012-09-27T09:32:07+02:00</sln:powIIPWersja><sln:powIdTeryt>2602</sln:powIdTeryt><sln:powNazwa>jędrzejowski</sln:powNazwa><sln:wojIIPId>d021c0dd-b22e-4fcd-8444-904c64ec3aa8</sln:wojIIPId><sln:wojIIPPn>PL.PZGIK.200</sln:wojIIPPn><sln:wojIIPWersja>2012-09-27T13:45:13+02:00</sln:wojIIPWersja><sln:wojIdTeryt>26</sln:wojIdTeryt><sln:wojNazwa>świętokrzyskie</sln:wojNazwa></sln:miejscowosc><sln:miejscowosc><sln:cyklZyciaOd>2014-12-06T00:00:00+01:00</sln:cyklZyciaOd><sln:gmIIPId>560b653e-f27c-432c-87be-abb49cbcd8d8</sln:gmIIPId><sln:gmIIPPn>PL.PZGIK.200</sln:gmIIPPn><sln:gmIIPWersja>2012-09-26T22:18:15+02:00</sln:gmIIPWersja><sln:gmIdTeryt>2602012</sln:gmIdTeryt><sln:gmNazwa>Imielno</sln:gmNazwa><sln:miejscIIPId>bf8d612a-3708-484e-a6c6-78b2acc87f57</sln:miejscIIPId><sln:miejscIIPPn>PL.PZGIK.200</sln:miejscIIPPn><sln:miejscIIPWersja>2016-11-24T13:59:36+02:00</sln:miejscIIPWersja><sln:miejscIdTeryt>0239400</sln:miejscIdTeryt><sln:miejscNazwa>Opłotki</sln:miejscNazwa><sln:miejscRodzaj>Inny obiekt</sln:miejscRodzaj><sln:powIIPId>2c76d255-52fc-4e03-84c4-ea9d923212b2</sln:powIIPId><sln:powIIPPn>PL.PZGIK.200</sln:powIIPPn><sln:powIIPWersja>2012-09-27T09:32:07+02:00</sln:powIIPWersja><sln:powIdTeryt>2602</sln:powIdTeryt><sln:powNazwa>jędrzejowski</sln:powNazwa><sln:wojIIPId>d021c0dd-b22e-4fcd-8444-904c64ec3aa8</sln:wojIIPId><sln:wojIIPPn>PL.PZGIK.200</sln:wojIIPPn><sln:wojIIPWersja>2012-09-27T13:45:13+02:00</sln:wojIIPWersja><sln:wojIdTeryt>26</sln:wojIdTeryt><sln:wojNazwa>świętokrzyskie</sln:wojNazwa></sln:miejscowosc><sln:miejscowosc><sln:cyklZyciaOd>2014-12-06T00:00:00+01:00</sln:cyklZyciaOd><sln:gmIIPId>560b653e-f27c-432c-87be-abb49cbcd8d8</sln:gmIIPId><sln:gmIIPPn>PL.PZGIK.200</sln:gmIIPPn><sln:gmIIPWersja>2012-09-26T22:18:15+02:00</sln:gmIIPWersja><sln:gmIdTeryt>2602012</sln:gmIdTeryt><sln:gmNazwa>Imielno</sln:gmNazwa><sln:miejscIIPId>164e754d-a408-4f6d-a93b-9b4e0a62e453</sln:miejscIIPId><sln:miejscIIPPn>PL.PZGIK.200</sln:miejscIIPPn><sln:miejscIIPWersja>2016-11-24T13:59:36+02:00</sln:miejscIIPWersja><sln:miejscIdTeryt>0239830</sln:miejscIdTeryt><sln:miejscNazwa>Kwasków</sln:miejscNazwa><sln:miejscRodzaj>Inny obiekt</sln:miejscRodzaj><sln:powIIPId>2c76d255-52fc-4e03-84c4-ea9d923212b2</sln:powIIPId><sln:powIIPPn>PL.PZGIK.200</sln:powIIPPn><sln:powIIPWersja>2012-09-27T09:32:07+02:00</sln:powIIPWersja><sln:powIdTeryt>2602</sln:powIdTeryt><sln:powNazwa>jędrzejowski</sln:powNazwa><sln:wojIIPId>d021c0dd-b22e-4fcd-8444-904c64ec3aa8</sln:wojIIPId><sln:wojIIPPn>PL.PZGIK.200</sln:wojIIPPn><sln:wojIIPWersja>2012-09-27T13:45:13+02:00</sln:wojIIPWersja><sln:wojIdTeryt>26</sln:wojIdTeryt><sln:wojNazwa>świętokrzyskie</sln:wojNazwa></sln:miejscowosc><sln:miejscowosc><sln:cyklZyciaOd>2014-12-06T00:00:00+01:00</sln:cyklZyciaOd><sln:gmIIPId>560b653e-f27c-432c-87be-abb49cbcd8d8</sln:gmIIPId><sln:gmIIPPn>PL.PZGIK.200</sln:gmIIPPn><sln:gmIIPWersja>2012-09-26T22:18:15+02:00</sln:gmIIPWersja><sln:gmIdTeryt>2602012</sln:gmIdTeryt><sln:gmNazwa>Imielno</sln:gmNazwa><sln:miejscIIPId>2fcc35d6-0322-4e8f-a2b9-9777c4dbd9e8</sln:miejscIIPId><sln:miejscIIPPn>PL.PZGIK.200</sln:miejscIIPPn><sln:miejscIIPWersja>2016-11-24T13:59:36+02:00</sln:miejscIIPWersja><sln:miejscIdTeryt>0239712</sln:miejscIdTeryt><sln:miejscNazwa>Malina Druga</sln:miejscNazwa><sln:miejscRodzaj>Inny obiekt</sln:miejscRodzaj><sln:powIIPId>2c76d255-52fc-4e03-84c4-ea9d923212b2</sln:powIIPId><sln:powIIPPn>PL.PZGIK.200</sln:powIIPPn><sln:powIIPWersja>2012-09-27T09:32:07+02:00</sln:powIIPWersja><sln:powIdTeryt>2602</sln:powIdTeryt><sln:powNazwa>jędrzejowski</sln:powNazwa><sln:wojIIPId>d021c0dd-b22e-4fcd-8444-904c64ec3aa8</sln:wojIIPId><sln:wojIIPPn>PL.PZGIK.200</sln:wojIIPPn><sln:wojIIPWersja>2012-09-27T13:45:13+02:00</sln:wojIIPWersja><sln:wojIdTeryt>26</sln:wojIdTeryt><sln:wojNazwa>świętokrzyskie</sln:wojNazwa></sln:miejscowosc><sln:miejscowosc><sln:cyklZyciaOd>2014-12-06T00:00:00+01:00</sln:cyklZyciaOd><sln:gmIIPId>560b653e-f27c-432c-87be-abb49cbcd8d8</sln:gmIIPId><sln:gmIIPPn>PL.PZGIK.200</sln:gmIIPPn><sln:gmIIPWersja>2012-09-26T22:18:15+02:00</sln:gmIIPWersja><sln:gmIdTeryt>2602012</sln:gmIdTeryt><sln:gmNazwa>Imielno</sln:gmNazwa><sln:miejscIIPId>9a52b5c5-a1a6-49fc-8410-4199a8bbe0d9</sln:miejscIIPId><sln:miejscIIPPn>PL.PZGIK.200</sln:miejscIIPPn><sln:miejscIIPWersja>2016-11-24T13:59:36+02:00</sln:miejscIIPWersja><sln:miejscIdTeryt>0239847</sln:miejscIdTeryt><sln:miejscNazwa>Mecznik</sln:miejscNazwa><sln:miejscRodzaj>Inny obiekt</sln:miejscRodzaj><sln:powIIPId>2c76d255-52fc-4e03-84c4-ea9d923212b2</sln:powIIPId><sln:powIIPPn>PL.PZGIK.200</sln:powIIPPn><sln:powIIPWersja>2012-09-27T09:32:07+02:00</sln:powIIPWersja><sln:powIdTeryt>2602</sln:powIdTeryt><sln:powNazwa>jędrzejowski</sln:powNazwa><sln:wojIIPId>d021c0dd-b22e-4fcd-8444-904c64ec3aa8</sln:wojIIPId><sln:wojIIPPn>PL.PZGIK.200</sln:wojIIPPn><sln:wojIIPWersja>2012-09-27T13:45:13+02:00</sln:wojIIPWersja><sln:wojIdTeryt>26</sln:wojIdTeryt><sln:wojNazwa>świętokrzyskie</sln:wojNazwa></sln:miejscowosc><sln:miejscowosc><sln:cyklZyciaOd>2014-12-06T00:00:00+01:00</sln:cyklZyciaOd><sln:gmIIPId>560b653e-f27c-432c-87be-abb49cbcd8d8</sln:gmIIPId><sln:gmIIPPn>PL.PZGIK.200</sln:gmIIPPn><sln:gmIIPWersja>2012-09-26T22:18:15+02:00</sln:gmIIPWersja><sln:gmIdTeryt>2602012</sln:gmIdTeryt><sln:gmNazwa>Imielno</sln:gmNazwa><sln:miejscIIPId>bd03db27-da47-4009-a78d-c4876c40e5d9</sln:miejscIIPId><sln:miejscIIPPn>PL.PZGIK.200</sln:miejscIIPPn><sln:miejscIIPWersja>2016-11-24T13:59:36+02:00</sln:miejscIIPWersja><sln:miejscIdTeryt>0239557</sln:miejscIdTeryt><sln:miejscNazwa>Piachy</sln:miejscNazwa><sln:miejscRodzaj>Inny obiekt</sln:miejscRodzaj><sln:powIIPId>2c76d255-52fc-4e03-84c4-ea9d923212b2</sln:powIIPId><sln:powIIPPn>PL.PZGIK.200</sln:powIIPPn><sln:powIIPWersja>2012-09-27T09:32:07+02:00</sln:powIIPWersja><sln:powIdTeryt>2602</sln:powIdTeryt><sln:powNazwa>jędrzejowski</sln:powNazwa><sln:wojIIPId>d021c0dd-b22e-4fcd-8444-904c64ec3aa8</sln:wojIIPId><sln:wojIIPPn>PL.PZGIK.200</sln:wojIIPPn><sln:wojIIPWersja>2012-09-27T13:45:13+02:00</sln:wojIIPWersja><sln:wojIdTeryt>26</sln:wojIdTeryt><sln:wojNazwa>świętokrzyskie</sln:wojNazwa></sln:miejscowosc><sln:miejscowosc><sln:cyklZyciaOd>2014-12-06T00:00:00+01:00</sln:cyklZyciaOd><sln:gmIIPId>560b653e-f27c-432c-87be-abb49cbcd8d8</sln:gmIIPId><sln:gmIIPPn>PL.PZGIK.200</sln:gmIIPPn><sln:gmIIPWersja>2012-09-26T22:18:15+02:00</sln:gmIIPWersja><sln:gmIdTeryt>2602012</sln:gmIdTeryt><sln:gmNazwa>Imielno</sln:gmNazwa><sln:miejscIIPId>cc332ff6-8286-4681-ad5f-c6a201f0d829</sln:miejscIIPId><sln:miejscIIPPn>PL.PZGIK.200</sln:miejscIIPPn><sln:miejscIIPWersja>2016-11-24T13:59:36+02:00</sln:miejscIIPWersja><sln:miejscIdTeryt>0239592</sln:miejscIdTeryt><sln:miejscNazwa>Okupniki</sln:miejscNazwa><sln:miejscRodzaj>Inny obiekt</sln:miejscRodzaj><sln:powIIPId>2c76d255-52fc-4e03-84c4-ea9d923212b2</sln:powIIPId><sln:powIIPPn>PL.PZGIK.200</sln:powIIPPn><sln:powIIPWersja>2012-09-27T09:32:07+02:00</sln:powIIPWersja><sln:powIdTeryt>2602</sln:powIdTeryt><sln:powNazwa>jędrzejowski</sln:powNazwa><sln:wojIIPId>d021c0dd-b22e-4fcd-8444-904c64ec3aa8</sln:wojIIPId><sln:wojIIPPn>PL.PZGIK.200</sln:wojIIPPn><sln:wojIIPWersja>2012-09-27T13:45:13+02:00</sln:wojIIPWersja><sln:wojIdTeryt>26</sln:wojIdTeryt><sln:wojNazwa>świętokrzyskie</sln:wojNazwa></sln:miejscowosc><sln:miejscowosc><sln:cyklZyciaOd>2014-12-06T00:00:00+01:00</sln:cyklZyciaOd><sln:gmIIPId>560b653e-f27c-432c-87be-abb49cbcd8d8</sln:gmIIPId><sln:gmIIPPn>PL.PZGIK.200</sln:gmIIPPn><sln:gmIIPWersja>2012-09-26T22:18:15+02:00</sln:gmIIPWersja><sln:gmIdTeryt>2602012</sln:gmIdTeryt><sln:gmNazwa>Imielno</sln:gmNazwa><sln:miejscIIPId>61324727-e84a-4cc9-83ee-fa4f3a68ad96</sln:miejscIIPId><sln:miejscIIPPn>PL.PZGIK.200</sln:miejscIIPPn><sln:miejscIIPWersja>2016-11-24T13:59:36+02:00</sln:miejscIIPWersja><sln:miejscIdTeryt>0239646</sln:miejscIdTeryt><sln:miejscNazwa>Bugaj</sln:miejscNazwa><sln:miejscRodzaj>Inny obiekt</sln:miejscRodzaj><sln:powIIPId>2c76d255-52fc-4e03-84c4-ea9d923212b2</sln:powIIPId><sln:powIIPPn>PL.PZGIK.200</sln:powIIPPn><sln:powIIPWersja>2012-09-27T09:32:07+02:00</sln:powIIPWersja><sln:powIdTeryt>2602</sln:powIdTeryt><sln:powNazwa>jędrzejowski</sln:powNazwa><sln:wojIIPId>d021c0dd-b22e-4fcd-8444-904c64ec3aa8</sln:wojIIPId><sln:wojIIPPn>PL.PZGIK.200</sln:wojIIPPn><sln:wojIIPWersja>2012-09-27T13:45:13+02:00</sln:wojIIPWersja><sln:wojIdTeryt>26</sln:wojIdTeryt><sln:wojNazwa>świętokrzyskie</sln:wojNazwa></sln:miejscowosc><sln:miejscowosc><sln:cyklZyciaOd>2014-12-06T00:00:00+01:00</sln:cyklZyciaOd><sln:gmIIPId>560b653e-f27c-432c-87be-abb49cbcd8d8</sln:gmIIPId><sln:gmIIPPn>PL.PZGIK.200</sln:gmIIPPn><sln:gmIIPWersja>2012-09-26T22:18:15+02:00</sln:gmIIPWersja><sln:gmIdTeryt>2602012</sln:gmIdTeryt><sln:gmNazwa>Imielno</sln:gmNazwa><sln:miejscIIPId>d82fe373-94b6-4e45-9d93-98e49c877d8d</sln:miejscIIPId><sln:miejscIIPPn>PL.PZGIK.200</sln:miejscIIPPn><sln:miejscIIPWersja>2016-11-24T13:59:36+02:00</sln:miejscIIPWersja><sln:miejscIdTeryt>0239764</sln:miejscIdTeryt><sln:miejscNazwa>Gawron</sln:miejscNazwa><sln:miejscRodzaj>Inny obiekt</sln:miejscRodzaj><sln:powIIPId>2c76d255-52fc-4e03-84c4-ea9d923212b2</sln:powIIPId><sln:powIIPPn>PL.PZGIK.200</sln:powIIPPn><sln:powIIPWersja>2012-09-27T09:32:07+02:00</sln:powIIPWersja><sln:powIdTeryt>2602</sln:powIdTeryt><sln:powNazwa>jędrzejowski</sln:powNazwa><sln:wojIIPId>d021c0dd-b22e-4fcd-8444-904c64ec3aa8</sln:wojIIPId><sln:wojIIPPn>PL.PZGIK.200</sln:wojIIPPn><sln:wojIIPWersja>2012-09-27T13:45:13+02:00</sln:wojIIPWersja><sln:wojIdTeryt>26</sln:wojIdTeryt><sln:wojNazwa>świętokrzyskie</sln:wojNazwa></sln:miejscowosc><sln:miejscowosc><sln:cyklZyciaOd>2014-12-06T00:00:00+01:00</sln:cyklZyciaOd><sln:gmIIPId>560b653e-f27c-432c-87be-abb49cbcd8d8</sln:gmIIPId><sln:gmIIPPn>PL.PZGIK.200</sln:gmIIPPn><sln:gmIIPWersja>2012-09-26T22:18:15+02:00</sln:gmIIPWersja><sln:gmIdTeryt>2602012</sln:gmIdTeryt><sln:gmNazwa>Imielno</sln:gmNazwa><sln:miejscIIPId>e6bf00d5-a1f7-4750-9b40-152c2ae009a3</sln:miejscIIPId><sln:miejscIIPPn>PL.PZGIK.200</sln:miejscIIPPn><sln:miejscIIPWersja>2016-11-24T13:59:36+02:00</sln:miejscIIPWersja><sln:miejscIdTeryt>0239907</sln:miejscIdTeryt><sln:miejscNazwa>Olszynka</sln:miejscNazwa><sln:miejscRodzaj>Inny obiekt</sln:miejscRodzaj><sln:powIIPId>2c76d255-52fc-4e03-84c4-ea9d923212b2</sln:powIIPId><sln:powIIPPn>PL.PZGIK.200</sln:powIIPPn><sln:powIIPWersja>2012-09-27T09:32:07+02:00</sln:powIIPWersja><sln:powIdTeryt>2602</sln:powIdTeryt><sln:powNazwa>jędrzejowski</sln:powNazwa><sln:wojIIPId>d021c0dd-b22e-4fcd-8444-904c64ec3aa8</sln:wojIIPId><sln:wojIIPPn>PL.PZGIK.200</sln:wojIIPPn><sln:wojIIPWersja>2012-09-27T13:45:13+02:00</sln:wojIIPWersja><sln:wojIdTeryt>26</sln:wojIdTeryt><sln:wojNazwa>świętokrzyskie</sln:wojNazwa></sln:miejscowosc><sln:miejscowosc><sln:cyklZyciaOd>2014-12-06T00:00:00+01:00</sln:cyklZyciaOd><sln:gmIIPId>560b653e-f27c-432c-87be-abb49cbcd8d8</sln:gmIIPId><sln:gmIIPPn>PL.PZGIK.200</sln:gmIIPPn><sln:gmIIPWersja>2012-09-26T22:18:15+02:00</sln:gmIIPWersja><sln:gmIdTeryt>2602012</sln:gmIdTeryt><sln:gmNazwa>Imielno</sln:gmNazwa><sln:miejscIIPId>a779428d-9523-4aba-ae3c-84d4fe0c3cd2</sln:miejscIIPId><sln:miejscIIPPn>PL.PZGIK.200</sln:miejscIIPPn><sln:miejscIIPWersja>2016-11-24T13:59:36+02:00</sln:miejscIIPWersja><sln:miejscIdTeryt>0239528</sln:miejscIdTeryt><sln:miejscNazwa>Kolonia Mierzwińska</sln:miejscNazwa><sln:miejscRodzaj>Inny obiekt</sln:miejscRodzaj><sln:powIIPId>2c76d255-52fc-4e03-84c4-ea9d923212b2</sln:powIIPId><sln:powIIPPn>PL.PZGIK.200</sln:powIIPPn><sln:powIIPWersja>2012-09-27T09:32:07+02:00</sln:powIIPWersja><sln:powIdTeryt>2602</sln:powIdTeryt><sln:powNazwa>jędrzejowski</sln:powNazwa><sln:wojIIPId>d021c0dd-b22e-4fcd-8444-904c64ec3aa8</sln:wojIIPId><sln:wojIIPPn>PL.PZGIK.200</sln:wojIIPPn><sln:wojIIPWersja>2012-09-27T13:45:13+02:00</sln:wojIIPWersja><sln:wojIdTeryt>26</sln:wojIdTeryt><sln:wojNazwa>świętokrzyskie</sln:wojNazwa></sln:miejscowosc><sln:miejscowosc><sln:cyklZyciaOd>2014-12-06T00:00:00+01:00</sln:cyklZyciaOd><sln:gmIIPId>560b653e-f27c-432c-87be-abb49cbcd8d8</sln:gmIIPId><sln:gmIIPPn>PL.PZGIK.200</sln:gmIIPPn><sln:gmIIPWersja>2012-09-26T22:18:15+02:00</sln:gmIIPWersja><sln:gmIdTeryt>2602012</sln:gmIdTeryt><sln:gmNazwa>Imielno</sln:gmNazwa><sln:miejscIIPId>da6aeb62-4309-41e0-8115-86dafc147757</sln:miejscIIPId><sln:miejscIIPPn>PL.PZGIK.200</sln:miejscIIPPn><sln:miejscIIPWersja>2016-11-24T13:59:36+02:00</sln:miejscIIPWersja><sln:miejscIdTeryt>0239570</sln:miejscIdTeryt><sln:miejscNazwa>Gawronówka</sln:miejscNazwa><sln:miejscRodzaj>Inny obiekt</sln:miejscRodzaj><sln:powIIPId>2c76d255-52fc-4e03-84c4-ea9d923212b2</sln:powIIPId><sln:powIIPPn>PL.PZGIK.200</sln:powIIPPn><sln:powIIPWersja>2012-09-27T09:32:07+02:00</sln:powIIPWersja><sln:powIdTeryt>2602</sln:powIdTeryt><sln:powNazwa>jędrzejowski</sln:powNazwa><sln:wojIIPId>d021c0dd-b22e-4fcd-8444-904c64ec3aa8</sln:wojIIPId><sln:wojIIPPn>PL.PZGIK.200</sln:wojIIPPn><sln:wojIIPWersja>2012-09-27T13:45:13+02:00</sln:wojIIPWersja><sln:wojIdTeryt>26</sln:wojIdTeryt><sln:wojNazwa>świętokrzyskie</sln:wojNazwa></sln:miejscowosc><sln:miejscowosc><sln:cyklZyciaOd>2014-12-06T00:00:00+01:00</sln:cyklZyciaOd><sln:gmIIPId>560b653e-f27c-432c-87be-abb49cbcd8d8</sln:gmIIPId><sln:gmIIPPn>PL.PZGIK.200</sln:gmIIPPn><sln:gmIIPWersja>2012-09-26T22:18:15+02:00</sln:gmIIPWersja><sln:gmIdTeryt>2602012</sln:gmIdTeryt><sln:gmNazwa>Imielno</sln:gmNazwa><sln:miejscIIPId>363ac975-d52a-4800-9a28-f49e9e540f00</sln:miejscIIPId><sln:miejscIIPPn>PL.PZGIK.200</sln:miejscIIPPn><sln:miejscIIPWersja>2016-11-24T13:59:36+02:00</sln:miejscIIPWersja><sln:miejscIdTeryt>0239729</sln:miejscIdTeryt><sln:miejscNazwa>Malina Pierwsza</sln:miejscNazwa><sln:miejscRodzaj>Inny obiekt</sln:miejscRodzaj><sln:powIIPId>2c76d255-52fc-4e03-84c4-ea9d923212b2</sln:powIIPId><sln:powIIPPn>PL.PZGIK.200</sln:powIIPPn><sln:powIIPWersja>2012-09-27T09:32:07+02:00</sln:powIIPWersja><sln:powIdTeryt>2602</sln:powIdTeryt><sln:powNazwa>jędrzejowski</sln:powNazwa><sln:wojIIPId>d021c0dd-b22e-4fcd-8444-904c64ec3aa8</sln:wojIIPId><sln:wojIIPPn>PL.PZGIK.200</sln:wojIIPPn><sln:wojIIPWersja>2012-09-27T13:45:13+02:00</sln:wojIIPWersja><sln:wojIdTeryt>26</sln:wojIdTeryt><sln:wojNazwa>świętokrzyskie</sln:wojNazwa></sln:miejscowosc><sln:miejscowosc><sln:cyklZyciaOd>2014-12-06T00:00:00+01:00</sln:cyklZyciaOd><sln:gmIIPId>560b653e-f27c-432c-87be-abb49cbcd8d8</sln:gmIIPId><sln:gmIIPPn>PL.PZGIK.200</sln:gmIIPPn><sln:gmIIPWersja>2012-09-26T22:18:15+02:00</sln:gmIIPWersja><sln:gmIdTeryt>2602012</sln:gmIdTeryt><sln:gmNazwa>Imielno</sln:gmNazwa><sln:miejscIIPId>6bc27768-de4a-4397-875f-77f3aaf57acf</sln:miejscIIPId><sln:miejscIIPPn>PL.PZGIK.200</sln:miejscIIPPn><sln:miejscIIPWersja>2016-11-24T13:59:36+02:00</sln:miejscIIPWersja><sln:miejscIdTeryt>0239860</sln:miejscIdTeryt><sln:miejscNazwa>Zamłynie</sln:miejscNazwa><sln:miejscRodzaj>Inny obiekt</sln:miejscRodzaj><sln:powIIPId>2c76d255-52fc-4e03-84c4-ea9d923212b2</sln:powIIPId><sln:powIIPPn>PL.PZGIK.200</sln:powIIPPn><sln:powIIPWersja>2012-09-27T09:32:07+02:00</sln:powIIPWersja><sln:powIdTeryt>2602</sln:powIdTeryt><sln:powNazwa>jędrzejowski</sln:powNazwa><sln:wojIIPId>d021c0dd-b22e-4fcd-8444-904c64ec3aa8</sln:wojIIPId><sln:wojIIPPn>PL.PZGIK.200</sln:wojIIPPn><sln:wojIIPWersja>2012-09-27T13:45:13+02:00</sln:wojIIPWersja><sln:wojIdTeryt>26</sln:wojIdTeryt><sln:wojNazwa>świętokrzyskie</sln:wojNazwa></sln:miejscowosc><sln:miejscowosc><sln:cyklZyciaOd>2014-12-06T00:00:00+01:00</sln:cyklZyciaOd><sln:gmIIPId>560b653e-f27c-432c-87be-abb49cbcd8d8</sln:gmIIPId><sln:gmIIPPn>PL.PZGIK.200</sln:gmIIPPn><sln:gmIIPWersja>2012-09-26T22:18:15+02:00</sln:gmIIPWersja><sln:gmIdTeryt>2602012</sln:gmIdTeryt><sln:gmNazwa>Imielno</sln:gmNazwa><sln:miejscIIPId>256d0504-3243-4dee-bbcd-621eeed56029</sln:miejscIIPId><sln:miejscIIPPn>PL.PZGIK.200</sln:miejscIIPPn><sln:miejscIIPWersja>2016-11-24T13:59:36+02:00</sln:miejscIIPWersja><sln:miejscIdTeryt>0239735</sln:miejscIdTeryt><sln:miejscNazwa>Siekiera</sln:miejscNazwa><sln:miejscRodzaj>Inny obiekt</sln:miejscRodzaj><sln:powIIPId>2c76d255-52fc-4e03-84c4-ea9d923212b2</sln:powIIPId><sln:powIIPPn>PL.PZGIK.200</sln:powIIPPn><sln:powIIPWersja>2012-09-27T09:32:07+02:00</sln:powIIPWersja><sln:powIdTeryt>2602</sln:powIdTeryt><sln:powNazwa>jędrzejowski</sln:powNazwa><sln:wojIIPId>d021c0dd-b22e-4fcd-8444-904c64ec3aa8</sln:wojIIPId><sln:wojIIPPn>PL.PZGIK.200</sln:wojIIPPn><sln:wojIIPWersja>2012-09-27T13:45:13+02:00</sln:wojIIPWersja><sln:wojIdTeryt>26</sln:wojIdTeryt><sln:wojNazwa>świętokrzyskie</sln:wojNazwa></sln:miejscowosc><sln:miejscowosc><sln:cyklZyciaOd>2014-12-06T00:00:00+01:00</sln:cyklZyciaOd><sln:gmIIPId>560b653e-f27c-432c-87be-abb49cbcd8d8</sln:gmIIPId><sln:gmIIPPn>PL.PZGIK.200</sln:gmIIPPn><sln:gmIIPWersja>2012-09-26T22:18:15+02:00</sln:gmIIPWersja><sln:gmIdTeryt>2602012</sln:gmIdTeryt><sln:gmNazwa>Imielno</sln:gmNazwa><sln:miejscIIPId>9c2f1958-0e00-4a19-8c78-b4754d33caac</sln:miejscIIPId><sln:miejscIIPPn>PL.PZGIK.200</sln:miejscIIPPn><sln:miejscIIPWersja>2016-11-24T13:43:56+02:00</sln:miejscIIPWersja><sln:miejscIdTeryt>0239770</sln:miejscIdTeryt><sln:miejscNazwa>Opatkowice Drewniane</sln:miejscNazwa><sln:miejscRodzaj>Wieś</sln:miejscRodzaj><sln:powIIPId>2c76d255-52fc-4e03-84c4-ea9d923212b2</sln:powIIPId><sln:powIIPPn>PL.PZGIK.200</sln:powIIPPn><sln:powIIPWersja>2012-09-27T09:32:07+02:00</sln:powIIPWersja><sln:powIdTeryt>2602</sln:powIdTeryt><sln:powNazwa>jędrzejowski</sln:powNazwa><sln:wojIIPId>d021c0dd-b22e-4fcd-8444-904c64ec3aa8</sln:wojIIPId><sln:wojIIPPn>PL.PZGIK.200</sln:wojIIPPn><sln:wojIIPWersja>2012-09-27T13:45:13+02:00</sln:wojIIPWersja><sln:wojIdTeryt>26</sln:wojIdTeryt><sln:wojNazwa>świętokrzyskie</sln:wojNazwa></sln:miejscowosc><sln:miejscowosc><sln:cyklZyciaOd>2014-12-06T00:00:00+01:00</sln:cyklZyciaOd><sln:gmIIPId>560b653e-f27c-432c-87be-abb49cbcd8d8</sln:gmIIPId><sln:gmIIPPn>PL.PZGIK.200</sln:gmIIPPn><sln:gmIIPWersja>2012-09-26T22:18:15+02:00</sln:gmIIPWersja><sln:gmIdTeryt>2602012</sln:gmIdTeryt><sln:gmNazwa>Imielno</sln:gmNazwa><sln:miejscIIPId>da13f7ea-46b9-41eb-aecf-ac10b86cf1ea</sln:miejscIIPId><sln:miejscIIPPn>PL.PZGIK.200</sln:miejscIIPPn><sln:miejscIIPWersja>2016-11-24T13:30:56+02:00</sln:miejscIIPWersja><sln:miejscIdTeryt>0239824</sln:miejscIdTeryt><sln:miejscNazwa>Sobowice</sln:miejscNazwa><sln:miejscRodzaj>Wieś</sln:miejscRodzaj><sln:powIIPId>2c76d255-52fc-4e03-84c4-ea9d923212b2</sln:powIIPId><sln:powIIPPn>PL.PZGIK.200</sln:powIIPPn><sln:powIIPWersja>2012-09-27T09:32:07+02:00</sln:powIIPWersja><sln:powIdTeryt>2602</sln:powIdTeryt><sln:powNazwa>jędrzejowski</sln:powNazwa><sln:wojIIPId>d021c0dd-b22e-4fcd-8444-904c64ec3aa8</sln:wojIIPId><sln:wojIIPPn>PL.PZGIK.200</sln:wojIIPPn><sln:wojIIPWersja>2012-09-27T13:45:13+02:00</sln:wojIIPWersja><sln:wojIdTeryt>26</sln:wojIdTeryt><sln:wojNazwa>świętokrzyskie</sln:wojNazwa></sln:miejscowosc><sln:miejscowosc><sln:cyklZyciaOd>2014-12-06T00:00:00+01:00</sln:cyklZyciaOd><sln:gmIIPId>560b653e-f27c-432c-87be-abb49cbcd8d8</sln:gmIIPId><sln:gmIIPPn>PL.PZGIK.200</sln:gmIIPPn><sln:gmIIPWersja>2012-09-26T22:18:15+02:00</sln:gmIIPWersja><sln:gmIdTeryt>2602012</sln:gmIdTeryt><sln:gmNazwa>Imielno</sln:gmNazwa><sln:miejscIIPId>265c8867-b606-41de-bc0a-b8bfaec1d161</sln:miejscIIPId><sln:miejscIIPPn>PL.PZGIK.200</sln:miejscIIPPn><sln:miejscIIPWersja>2016-11-24T13:59:01+02:00</sln:miejscIIPWersja><sln:miejscIdTeryt>0239445</sln:miejscIdTeryt><sln:miejscNazwa>Podgózd</sln:miejscNazwa><sln:miejscRodzaj>Inny obiekt</sln:miejscRodzaj><sln:powIIPId>2c76d255-52fc-4e03-84c4-ea9d923212b2</sln:powIIPId><sln:powIIPPn>PL.PZGIK.200</sln:powIIPPn><sln:powIIPWersja>2012-09-27T09:32:07+02:00</sln:powIIPWersja><sln:powIdTeryt>2602</sln:powIdTeryt><sln:powNazwa>jędrzejowski</sln:powNazwa><sln:wojIIPId>d021c0dd-b22e-4fcd-8444-904c64ec3aa8</sln:wojIIPId><sln:wojIIPPn>PL.PZGIK.200</sln:wojIIPPn><sln:wojIIPWersja>2012-09-27T13:45:13+02:00</sln:wojIIPWersja><sln:wojIdTeryt>26</sln:wojIdTeryt><sln:wojNazwa>świętokrzyskie</sln:wojNazwa></sln:miejscowosc><sln:miejscowosc><sln:cyklZyciaOd>2014-12-06T00:00:00+01:00</sln:cyklZyciaOd><sln:gmIIPId>560b653e-f27c-432c-87be-abb49cbcd8d8</sln:gmIIPId><sln:gmIIPPn>PL.PZGIK.200</sln:gmIIPPn><sln:gmIIPWersja>2012-09-26T22:18:15+02:00</sln:gmIIPWersja><sln:gmIdTeryt>2602012</sln:gmIdTeryt><sln:gmNazwa>Imielno</sln:gmNazwa><sln:miejscIIPId>ac0a4beb-6528-48b4-bf5e-38941ffad6ad</sln:miejscIIPId><sln:miejscIIPPn>PL.PZGIK.200</sln:miejscIIPPn><sln:miejscIIPWersja>2016-11-24T13:31:28+02:00</sln:miejscIIPWersja><sln:miejscIdTeryt>0239853</sln:miejscIdTeryt><sln:miejscNazwa>Stawy</sln:miejscNazwa><sln:miejscRodzaj>Wieś</sln:miejscRodzaj><sln:powIIPId>2c76d255-52fc-4e03-84c4-ea9d923212b2</sln:powIIPId><sln:powIIPPn>PL.PZGIK.200</sln:powIIPPn><sln:powIIPWersja>2012-09-27T09:32:07+02:00</sln:powIIPWersja><sln:powIdTeryt>2602</sln:powIdTeryt><sln:powNazwa>jędrzejowski</sln:powNazwa><sln:wojIIPId>d021c0dd-b22e-4fcd-8444-904c64ec3aa8</sln:wojIIPId><sln:wojIIPPn>PL.PZGIK.200</sln:wojIIPPn><sln:wojIIPWersja>2012-09-27T13:45:13+02:00</sln:wojIIPWersja><sln:wojIdTeryt>26</sln:wojIdTeryt><sln:wojNazwa>świętokrzyskie</sln:wojNazwa></sln:miejscowosc></sln:lista-miejscowosci>