<?xml version="1.0" encoding="UTF-8" standalone="yes"?><sln:lista-miejscowosci xmlns:srv="http://gugik.gov.pl/schemas/slowniki-service/1.0" xmlns:sln="http://gugik.gov.pl/schemas/slowniki-schema/1.0"><sln:miejscowosc><sln:cyklZyciaDo>2017-04-13T00:00:00+02:00</sln:cyklZyciaDo><sln:cyklZyciaOd>2015-12-21T00:00:00+01:00</sln:cyklZyciaOd><sln:gmIIPId>eb364035-ffda-4e13-a14a-a88a2cab3b39</sln:gmIIPId><sln:gmIIPPn>PL.PZGIK.200</sln:gmIIPPn><sln:gmIIPWersja>2012-09-26T22:19:36+02:00</sln:gmIIPWersja><sln:gmIdTeryt>2609093</sln:gmIdTeryt><sln:gmNazwa>Zawichost</sln:gmNazwa><sln:miejscIIPId>36fd5d2c-711e-4834-acee-38b148eb3b86</sln:miejscIIPId><sln:miejscIIPPn>PL.PZGIK.200</sln:miejscIIPPn><sln:miejscIIPWersja>2016-11-24T12:52:11+02:00</sln:miejscIIPWersja><sln:miejscIdTeryt>0811537</sln:miejscIdTeryt><sln:miejscNazwa>Chrapanów</sln:miejscNazwa><sln:miejscRodzaj>Wieś</sln:miejscRodzaj><sln:powIIPId>1846e6d9-3e9c-4328-a203-d6d4ccd61aa2</sln:powIIPId><sln:powIIPPn>PL.PZGIK.200</sln:powIIPPn><sln:powIIPWersja>2012-09-27T09:32:07+02:00</sln:powIIPWersja><sln:powIdTeryt>2609</sln:powIdTeryt><sln:powNazwa>sandomierski</sln:powNazwa><sln:waznyOd>2014-05-27T00:00:00+02:00</sln:waznyOd><sln:wojIIPId>d021c0dd-b22e-4fcd-8444-904c64ec3aa8</sln:wojIIPId><sln:wojIIPPn>PL.PZGIK.200</sln:wojIIPPn><sln:wojIIPWersja>2012-09-27T13:45:13+02:00</sln:wojIIPWersja><sln:wojIdTeryt>26</sln:wojIdTeryt><sln:wojNazwa>świętokrzyskie</sln:wojNazwa></sln:miejscowosc><sln:miejscowosc><sln:cyklZyciaDo>2017-04-13T00:00:00+02:00</sln:cyklZyciaDo><sln:cyklZyciaOd>2015-12-21T00:00:00+01:00</sln:cyklZyciaOd><sln:gmIIPId>eb364035-ffda-4e13-a14a-a88a2cab3b39</sln:gmIIPId><sln:gmIIPPn>PL.PZGIK.200</sln:gmIIPPn><sln:gmIIPWersja>2012-09-26T22:19:36+02:00</sln:gmIIPWersja><sln:gmIdTeryt>2609093</sln:gmIdTeryt><sln:gmNazwa>Zawichost</sln:gmNazwa><sln:miejscIIPId>e5dccc27-3005-4414-a4c8-6f455b3e8204</sln:miejscIIPId><sln:miejscIIPPn>PL.PZGIK.200</sln:miejscIIPPn><sln:miejscIIPWersja>2016-11-24T12:52:11+02:00</sln:miejscIIPWersja><sln:miejscIdTeryt>0811543</sln:miejscIdTeryt><sln:miejscNazwa>Czyżów Plebański</sln:miejscNazwa><sln:miejscRodzaj>Wieś</sln:miejscRodzaj><sln:powIIPId>1846e6d9-3e9c-4328-a203-d6d4ccd61aa2</sln:powIIPId><sln:powIIPPn>PL.PZGIK.200</sln:powIIPPn><sln:powIIPWersja>2012-09-27T09:32:07+02:00</sln:powIIPWersja><sln:powIdTeryt>2609</sln:powIdTeryt><sln:powNazwa>sandomierski</sln:powNazwa><sln:waznyOd>2014-05-27T00:00:00+02:00</sln:waznyOd><sln:wojIIPId>d021c0dd-b22e-4fcd-8444-904c64ec3aa8</sln:wojIIPId><sln:wojIIPPn>PL.PZGIK.200</sln:wojIIPPn><sln:wojIIPWersja>2012-09-27T13:45:13+02:00</sln:wojIIPWersja><sln:wojIdTeryt>26</sln:wojIdTeryt><sln:wojNazwa>świętokrzyskie</sln:wojNazwa></sln:miejscowosc><sln:miejscowosc><sln:cyklZyciaDo>2017-04-13T00:00:00+02:00</sln:cyklZyciaDo><sln:cyklZyciaOd>2015-12-21T00:00:00+01:00</sln:cyklZyciaOd><sln:gmIIPId>eb364035-ffda-4e13-a14a-a88a2cab3b39</sln:gmIIPId><sln:gmIIPPn>PL.PZGIK.200</sln:gmIIPPn><sln:gmIIPWersja>2012-09-26T22:19:36+02:00</sln:gmIIPWersja><sln:gmIdTeryt>2609093</sln:gmIdTeryt><sln:gmNazwa>Zawichost</sln:gmNazwa><sln:miejscIIPId>e1244aac-6207-4285-86ab-c8b732e248ca</sln:miejscIIPId><sln:miejscIIPPn>PL.PZGIK.200</sln:miejscIIPPn><sln:miejscIIPWersja>2016-11-24T12:52:11+02:00</sln:miejscIIPWersja><sln:miejscIdTeryt>0811550</sln:miejscIdTeryt><sln:miejscNazwa>Czyżów Szlachecki</sln:miejscNazwa><sln:miejscRodzaj>Wieś</sln:miejscRodzaj><sln:powIIPId>1846e6d9-3e9c-4328-a203-d6d4ccd61aa2</sln:powIIPId><sln:powIIPPn>PL.PZGIK.200</sln:powIIPPn><sln:powIIPWersja>2012-09-27T09:32:07+02:00</sln:powIIPWersja><sln:powIdTeryt>2609</sln:powIdTeryt><sln:powNazwa>sandomierski</sln:powNazwa><sln:waznyOd>2014-05-27T00:00:00+02:00</sln:waznyOd><sln:wojIIPId>d021c0dd-b22e-4fcd-8444-904c64ec3aa8</sln:wojIIPId><sln:wojIIPPn>PL.PZGIK.200</sln:wojIIPPn><sln:wojIIPWersja>2012-09-27T13:45:13+02:00</sln:wojIIPWersja><sln:wojIdTeryt>26</sln:wojIdTeryt><sln:wojNazwa>świętokrzyskie</sln:wojNazwa></sln:miejscowosc><sln:miejscowosc><sln:cyklZyciaDo>2017-04-13T00:00:00+02:00</sln:cyklZyciaDo><sln:cyklZyciaOd>2015-12-21T00:00:00+01:00</sln:cyklZyciaOd><sln:gmIIPId>eb364035-ffda-4e13-a14a-a88a2cab3b39</sln:gmIIPId><sln:gmIIPPn>PL.PZGIK.200</sln:gmIIPPn><sln:gmIIPWersja>2012-09-26T22:19:36+02:00</sln:gmIIPWersja><sln:gmIdTeryt>2609093</sln:gmIdTeryt><sln:gmNazwa>Zawichost</sln:gmNazwa><sln:miejscIIPId>6ba60e28-d829-4ebc-8602-0e51af094912</sln:miejscIIPId><sln:miejscIIPPn>PL.PZGIK.200</sln:miejscIIPPn><sln:miejscIIPWersja>2016-11-24T12:52:11+02:00</sln:miejscIIPWersja><sln:miejscIdTeryt>0811566</sln:miejscIdTeryt><sln:miejscNazwa>Dąbie</sln:miejscNazwa><sln:miejscRodzaj>Wieś</sln:miejscRodzaj><sln:powIIPId>1846e6d9-3e9c-4328-a203-d6d4ccd61aa2</sln:powIIPId><sln:powIIPPn>PL.PZGIK.200</sln:powIIPPn><sln:powIIPWersja>2012-09-27T09:32:07+02:00</sln:powIIPWersja><sln:powIdTeryt>2609</sln:powIdTeryt><sln:powNazwa>sandomierski</sln:powNazwa><sln:waznyOd>2014-05-27T00:00:00+02:00</sln:waznyOd><sln:wojIIPId>d021c0dd-b22e-4fcd-8444-904c64ec3aa8</sln:wojIIPId><sln:wojIIPPn>PL.PZGIK.200</sln:wojIIPPn><sln:wojIIPWersja>2012-09-27T13:45:13+02:00</sln:wojIIPWersja><sln:wojIdTeryt>26</sln:wojIdTeryt><sln:wojNazwa>świętokrzyskie</sln:wojNazwa></sln:miejscowosc><sln:miejscowosc><sln:cyklZyciaDo>2017-04-13T00:00:00+02:00</sln:cyklZyciaDo><sln:cyklZyciaOd>2015-12-21T00:00:00+01:00</sln:cyklZyciaOd><sln:gmIIPId>eb364035-ffda-4e13-a14a-a88a2cab3b39</sln:gmIIPId><sln:gmIIPPn>PL.PZGIK.200</sln:gmIIPPn><sln:gmIIPWersja>2012-09-26T22:19:36+02:00</sln:gmIIPWersja><sln:gmIdTeryt>2609093</sln:gmIdTeryt><sln:gmNazwa>Zawichost</sln:gmNazwa><sln:miejscIIPId>3ff6cd47-dde7-434a-aec0-7804ffca7f5c</sln:miejscIIPId><sln:miejscIIPPn>PL.PZGIK.200</sln:miejscIIPPn><sln:miejscIIPWersja>2016-11-24T12:52:11+02:00</sln:miejscIIPWersja><sln:miejscIdTeryt>0811572</sln:miejscIdTeryt><sln:miejscNazwa>Dziurów</sln:miejscNazwa><sln:miejscRodzaj>Wieś</sln:miejscRodzaj><sln:powIIPId>1846e6d9-3e9c-4328-a203-d6d4ccd61aa2</sln:powIIPId><sln:powIIPPn>PL.PZGIK.200</sln:powIIPPn><sln:powIIPWersja>2012-09-27T09:32:07+02:00</sln:powIIPWersja><sln:powIdTeryt>2609</sln:powIdTeryt><sln:powNazwa>sandomierski</sln:powNazwa><sln:waznyOd>2014-05-27T00:00:00+02:00</sln:waznyOd><sln:wojIIPId>d021c0dd-b22e-4fcd-8444-904c64ec3aa8</sln:wojIIPId><sln:wojIIPPn>PL.PZGIK.200</sln:wojIIPPn><sln:wojIIPWersja>2012-09-27T13:45:13+02:00</sln:wojIIPWersja><sln:wojIdTeryt>26</sln:wojIdTeryt><sln:wojNazwa>świętokrzyskie</sln:wojNazwa></sln:miejscowosc><sln:miejscowosc><sln:cyklZyciaDo>2017-04-13T00:00:00+02:00</sln:cyklZyciaDo><sln:cyklZyciaOd>2015-12-21T00:00:00+01:00</sln:cyklZyciaOd><sln:gmIIPId>eb364035-ffda-4e13-a14a-a88a2cab3b39</sln:gmIIPId><sln:gmIIPPn>PL.PZGIK.200</sln:gmIIPPn><sln:gmIIPWersja>2012-09-26T22:19:36+02:00</sln:gmIIPWersja><sln:gmIdTeryt>2609093</sln:gmIdTeryt><sln:gmNazwa>Zawichost</sln:gmNazwa><sln:miejscIIPId>55153771-ae65-4d8c-8549-990beb17f1b9</sln:miejscIIPId><sln:miejscIIPPn>PL.PZGIK.200</sln:miejscIIPPn><sln:miejscIIPWersja>2016-11-24T12:52:11+02:00</sln:miejscIIPWersja><sln:miejscIdTeryt>0811589</sln:miejscIdTeryt><sln:miejscNazwa>Józefków</sln:miejscNazwa><sln:miejscRodzaj>Wieś</sln:miejscRodzaj><sln:powIIPId>1846e6d9-3e9c-4328-a203-d6d4ccd61aa2</sln:powIIPId><sln:powIIPPn>PL.PZGIK.200</sln:powIIPPn><sln:powIIPWersja>2012-09-27T09:32:07+02:00</sln:powIIPWersja><sln:powIdTeryt>2609</sln:powIdTeryt><sln:powNazwa>sandomierski</sln:powNazwa><sln:waznyOd>2014-05-27T00:00:00+02:00</sln:waznyOd><sln:wojIIPId>d021c0dd-b22e-4fcd-8444-904c64ec3aa8</sln:wojIIPId><sln:wojIIPPn>PL.PZGIK.200</sln:wojIIPPn><sln:wojIIPWersja>2012-09-27T13:45:13+02:00</sln:wojIIPWersja><sln:wojIdTeryt>26</sln:wojIdTeryt><sln:wojNazwa>świętokrzyskie</sln:wojNazwa></sln:miejscowosc><sln:miejscowosc><sln:cyklZyciaDo>2017-04-13T00:00:00+02:00</sln:cyklZyciaDo><sln:cyklZyciaOd>2015-12-21T00:00:00+01:00</sln:cyklZyciaOd><sln:gmIIPId>eb364035-ffda-4e13-a14a-a88a2cab3b39</sln:gmIIPId><sln:gmIIPPn>PL.PZGIK.200</sln:gmIIPPn><sln:gmIIPWersja>2012-09-26T22:19:36+02:00</sln:gmIIPWersja><sln:gmIdTeryt>2609093</sln:gmIdTeryt><sln:gmNazwa>Zawichost</sln:gmNazwa><sln:miejscIIPId>8457f154-e53c-4bb6-9e10-174cf337c69e</sln:miejscIIPId><sln:miejscIIPPn>PL.PZGIK.200</sln:miejscIIPPn><sln:miejscIIPWersja>2016-11-24T12:52:11+02:00</sln:miejscIIPWersja><sln:miejscIdTeryt>0811595</sln:miejscIdTeryt><sln:miejscNazwa>Kolecin</sln:miejscNazwa><sln:miejscRodzaj>Wieś</sln:miejscRodzaj><sln:powIIPId>1846e6d9-3e9c-4328-a203-d6d4ccd61aa2</sln:powIIPId><sln:powIIPPn>PL.PZGIK.200</sln:powIIPPn><sln:powIIPWersja>2012-09-27T09:32:07+02:00</sln:powIIPWersja><sln:powIdTeryt>2609</sln:powIdTeryt><sln:powNazwa>sandomierski</sln:powNazwa><sln:waznyOd>2014-05-27T00:00:00+02:00</sln:waznyOd><sln:wojIIPId>d021c0dd-b22e-4fcd-8444-904c64ec3aa8</sln:wojIIPId><sln:wojIIPPn>PL.PZGIK.200</sln:wojIIPPn><sln:wojIIPWersja>2012-09-27T13:45:13+02:00</sln:wojIIPWersja><sln:wojIdTeryt>26</sln:wojIdTeryt><sln:wojNazwa>świętokrzyskie</sln:wojNazwa></sln:miejscowosc><sln:miejscowosc><sln:cyklZyciaDo>2017-04-13T00:00:00+02:00</sln:cyklZyciaDo><sln:cyklZyciaOd>2015-12-21T00:00:00+01:00</sln:cyklZyciaOd><sln:gmIIPId>eb364035-ffda-4e13-a14a-a88a2cab3b39</sln:gmIIPId><sln:gmIIPPn>PL.PZGIK.200</sln:gmIIPPn><sln:gmIIPWersja>2012-09-26T22:19:36+02:00</sln:gmIIPWersja><sln:gmIdTeryt>2609093</sln:gmIdTeryt><sln:gmNazwa>Zawichost</sln:gmNazwa><sln:miejscIIPId>c1add1d2-f8a2-4d4b-b624-286ffab037cf</sln:miejscIIPId><sln:miejscIIPPn>PL.PZGIK.200</sln:miejscIIPPn><sln:miejscIIPWersja>2016-11-24T12:52:11+02:00</sln:miejscIIPWersja><sln:miejscIdTeryt>0811603</sln:miejscIdTeryt><sln:miejscNazwa>Linów</sln:miejscNazwa><sln:miejscRodzaj>Wieś</sln:miejscRodzaj><sln:powIIPId>1846e6d9-3e9c-4328-a203-d6d4ccd61aa2</sln:powIIPId><sln:powIIPPn>PL.PZGIK.200</sln:powIIPPn><sln:powIIPWersja>2012-09-27T09:32:07+02:00</sln:powIIPWersja><sln:powIdTeryt>2609</sln:powIdTeryt><sln:powNazwa>sandomierski</sln:powNazwa><sln:waznyOd>2014-05-27T00:00:00+02:00</sln:waznyOd><sln:wojIIPId>d021c0dd-b22e-4fcd-8444-904c64ec3aa8</sln:wojIIPId><sln:wojIIPPn>PL.PZGIK.200</sln:wojIIPPn><sln:wojIIPWersja>2012-09-27T13:45:13+02:00</sln:wojIIPWersja><sln:wojIdTeryt>26</sln:wojIdTeryt><sln:wojNazwa>świętokrzyskie</sln:wojNazwa></sln:miejscowosc><sln:miejscowosc><sln:cyklZyciaDo>2017-04-13T00:00:00+02:00</sln:cyklZyciaDo><sln:cyklZyciaOd>2015-12-21T00:00:00+01:00</sln:cyklZyciaOd><sln:gmIIPId>eb364035-ffda-4e13-a14a-a88a2cab3b39</sln:gmIIPId><sln:gmIIPPn>PL.PZGIK.200</sln:gmIIPPn><sln:gmIIPWersja>2012-09-26T22:19:36+02:00</sln:gmIIPWersja><sln:gmIdTeryt>2609093</sln:gmIdTeryt><sln:gmNazwa>Zawichost</sln:gmNazwa><sln:miejscIIPId>5231f613-aa49-4062-b836-29f38e9d3f29</sln:miejscIIPId><sln:miejscIIPPn>PL.PZGIK.200</sln:miejscIIPPn><sln:miejscIIPWersja>2016-11-24T12:52:11+02:00</sln:miejscIIPWersja><sln:miejscIdTeryt>0811632</sln:miejscIdTeryt><sln:miejscNazwa>Linów-Kolonia</sln:miejscNazwa><sln:miejscRodzaj>Wieś</sln:miejscRodzaj><sln:powIIPId>1846e6d9-3e9c-4328-a203-d6d4ccd61aa2</sln:powIIPId><sln:powIIPPn>PL.PZGIK.200</sln:powIIPPn><sln:powIIPWersja>2012-09-27T09:32:07+02:00</sln:powIIPWersja><sln:powIdTeryt>2609</sln:powIdTeryt><sln:powNazwa>sandomierski</sln:powNazwa><sln:waznyOd>2014-05-27T00:00:00+02:00</sln:waznyOd><sln:wojIIPId>d021c0dd-b22e-4fcd-8444-904c64ec3aa8</sln:wojIIPId><sln:wojIIPPn>PL.PZGIK.200</sln:wojIIPPn><sln:wojIIPWersja>2012-09-27T13:45:13+02:00</sln:wojIIPWersja><sln:wojIdTeryt>26</sln:wojIdTeryt><sln:wojNazwa>świętokrzyskie</sln:wojNazwa></sln:miejscowosc><sln:miejscowosc><sln:cyklZyciaDo>2017-04-13T00:00:00+02:00</sln:cyklZyciaDo><sln:cyklZyciaOd>2015-12-21T00:00:00+01:00</sln:cyklZyciaOd><sln:gmIIPId>eb364035-ffda-4e13-a14a-a88a2cab3b39</sln:gmIIPId><sln:gmIIPPn>PL.PZGIK.200</sln:gmIIPPn><sln:gmIIPWersja>2012-09-26T22:19:36+02:00</sln:gmIIPWersja><sln:gmIdTeryt>2609093</sln:gmIdTeryt><sln:gmNazwa>Zawichost</sln:gmNazwa><sln:miejscIIPId>73c25d28-2e77-40a3-9b6e-ddf9769eec86</sln:miejscIIPId><sln:miejscIIPPn>PL.PZGIK.200</sln:miejscIIPPn><sln:miejscIIPWersja>2016-11-24T12:52:11+02:00</sln:miejscIIPWersja><sln:miejscIdTeryt>0811690</sln:miejscIdTeryt><sln:miejscNazwa>Pawłów</sln:miejscNazwa><sln:miejscRodzaj>Wieś</sln:miejscRodzaj><sln:powIIPId>1846e6d9-3e9c-4328-a203-d6d4ccd61aa2</sln:powIIPId><sln:powIIPPn>PL.PZGIK.200</sln:powIIPPn><sln:powIIPWersja>2012-09-27T09:32:07+02:00</sln:powIIPWersja><sln:powIdTeryt>2609</sln:powIdTeryt><sln:powNazwa>sandomierski</sln:powNazwa><sln:waznyOd>2014-05-27T00:00:00+02:00</sln:waznyOd><sln:wojIIPId>d021c0dd-b22e-4fcd-8444-904c64ec3aa8</sln:wojIIPId><sln:wojIIPPn>PL.PZGIK.200</sln:wojIIPPn><sln:wojIIPWersja>2012-09-27T13:45:13+02:00</sln:wojIIPWersja><sln:wojIdTeryt>26</sln:wojIdTeryt><sln:wojNazwa>świętokrzyskie</sln:wojNazwa></sln:miejscowosc><sln:miejscowosc><sln:cyklZyciaDo>2017-04-13T00:00:00+02:00</sln:cyklZyciaDo><sln:cyklZyciaOd>2015-12-21T00:00:00+01:00</sln:cyklZyciaOd><sln:gmIIPId>eb364035-ffda-4e13-a14a-a88a2cab3b39</sln:gmIIPId><sln:gmIIPPn>PL.PZGIK.200</sln:gmIIPPn><sln:gmIIPWersja>2012-09-26T22:19:36+02:00</sln:gmIIPWersja><sln:gmIdTeryt>2609093</sln:gmIdTeryt><sln:gmNazwa>Zawichost</sln:gmNazwa><sln:miejscIIPId>df7fd80a-0e94-4ec0-bc33-c676311ad065</sln:miejscIIPId><sln:miejscIIPPn>PL.PZGIK.200</sln:miejscIIPPn><sln:miejscIIPWersja>2016-11-24T12:52:11+02:00</sln:miejscIIPWersja><sln:miejscIdTeryt>0811721</sln:miejscIdTeryt><sln:miejscNazwa>Piotrowice</sln:miejscNazwa><sln:miejscRodzaj>Wieś</sln:miejscRodzaj><sln:powIIPId>1846e6d9-3e9c-4328-a203-d6d4ccd61aa2</sln:powIIPId><sln:powIIPPn>PL.PZGIK.200</sln:powIIPPn><sln:powIIPWersja>2012-09-27T09:32:07+02:00</sln:powIIPWersja><sln:powIdTeryt>2609</sln:powIdTeryt><sln:powNazwa>sandomierski</sln:powNazwa><sln:waznyOd>2014-05-27T00:00:00+02:00</sln:waznyOd><sln:wojIIPId>d021c0dd-b22e-4fcd-8444-904c64ec3aa8</sln:wojIIPId><sln:wojIIPPn>PL.PZGIK.200</sln:wojIIPPn><sln:wojIIPWersja>2012-09-27T13:45:13+02:00</sln:wojIIPWersja><sln:wojIdTeryt>26</sln:wojIdTeryt><sln:wojNazwa>świętokrzyskie</sln:wojNazwa></sln:miejscowosc><sln:miejscowosc><sln:cyklZyciaDo>2017-04-13T00:00:00+02:00</sln:cyklZyciaDo><sln:cyklZyciaOd>2015-12-21T00:00:00+01:00</sln:cyklZyciaOd><sln:gmIIPId>eb364035-ffda-4e13-a14a-a88a2cab3b39</sln:gmIIPId><sln:gmIIPPn>PL.PZGIK.200</sln:gmIIPPn><sln:gmIIPWersja>2012-09-26T22:19:36+02:00</sln:gmIIPWersja><sln:gmIdTeryt>2609093</sln:gmIdTeryt><sln:gmNazwa>Zawichost</sln:gmNazwa><sln:miejscIIPId>60d988a9-b740-427b-a376-e116aef4eae9</sln:miejscIIPId><sln:miejscIIPPn>PL.PZGIK.200</sln:miejscIIPPn><sln:miejscIIPWersja>2016-11-24T12:52:11+02:00</sln:miejscIIPWersja><sln:miejscIdTeryt>0811750</sln:miejscIdTeryt><sln:miejscNazwa>Podszyn</sln:miejscNazwa><sln:miejscRodzaj>Wieś</sln:miejscRodzaj><sln:powIIPId>1846e6d9-3e9c-4328-a203-d6d4ccd61aa2</sln:powIIPId><sln:powIIPPn>PL.PZGIK.200</sln:powIIPPn><sln:powIIPWersja>2012-09-27T09:32:07+02:00</sln:powIIPWersja><sln:powIdTeryt>2609</sln:powIdTeryt><sln:powNazwa>sandomierski</sln:powNazwa><sln:waznyOd>2014-05-27T00:00:00+02:00</sln:waznyOd><sln:wojIIPId>d021c0dd-b22e-4fcd-8444-904c64ec3aa8</sln:wojIIPId><sln:wojIIPPn>PL.PZGIK.200</sln:wojIIPPn><sln:wojIIPWersja>2012-09-27T13:45:13+02:00</sln:wojIIPWersja><sln:wojIdTeryt>26</sln:wojIdTeryt><sln:wojNazwa>świętokrzyskie</sln:wojNazwa></sln:miejscowosc><sln:miejscowosc><sln:cyklZyciaDo>2017-04-13T00:00:00+02:00</sln:cyklZyciaDo><sln:cyklZyciaOd>2015-12-21T00:00:00+01:00</sln:cyklZyciaOd><sln:gmIIPId>eb364035-ffda-4e13-a14a-a88a2cab3b39</sln:gmIIPId><sln:gmIIPPn>PL.PZGIK.200</sln:gmIIPPn><sln:gmIIPWersja>2012-09-26T22:19:36+02:00</sln:gmIIPWersja><sln:gmIdTeryt>2609093</sln:gmIdTeryt><sln:gmNazwa>Zawichost</sln:gmNazwa><sln:miejscIIPId>073a2e79-02d4-4f81-abbd-28f50b302542</sln:miejscIIPId><sln:miejscIIPPn>PL.PZGIK.200</sln:miejscIIPPn><sln:miejscIIPWersja>2016-11-24T12:52:11+02:00</sln:miejscIIPWersja><sln:miejscIdTeryt>0811767</sln:miejscIdTeryt><sln:miejscNazwa>Wygoda</sln:miejscNazwa><sln:miejscRodzaj>Wieś</sln:miejscRodzaj><sln:powIIPId>1846e6d9-3e9c-4328-a203-d6d4ccd61aa2</sln:powIIPId><sln:powIIPPn>PL.PZGIK.200</sln:powIIPPn><sln:powIIPWersja>2012-09-27T09:32:07+02:00</sln:powIIPWersja><sln:powIdTeryt>2609</sln:powIdTeryt><sln:powNazwa>sandomierski</sln:powNazwa><sln:waznyOd>2014-05-27T00:00:00+02:00</sln:waznyOd><sln:wojIIPId>d021c0dd-b22e-4fcd-8444-904c64ec3aa8</sln:wojIIPId><sln:wojIIPPn>PL.PZGIK.200</sln:wojIIPPn><sln:wojIIPWersja>2012-09-27T13:45:13+02:00</sln:wojIIPWersja><sln:wojIdTeryt>26</sln:wojIdTeryt><sln:wojNazwa>świętokrzyskie</sln:wojNazwa></sln:miejscowosc><sln:miejscowosc><sln:cyklZyciaDo>2017-04-13T00:00:00+02:00</sln:cyklZyciaDo><sln:cyklZyciaOd>2015-12-21T00:00:00+01:00</sln:cyklZyciaOd><sln:gmIIPId>eb364035-ffda-4e13-a14a-a88a2cab3b39</sln:gmIIPId><sln:gmIIPPn>PL.PZGIK.200</sln:gmIIPPn><sln:gmIIPWersja>2012-09-26T22:19:36+02:00</sln:gmIIPWersja><sln:gmIdTeryt>2609093</sln:gmIdTeryt><sln:gmNazwa>Zawichost</sln:gmNazwa><sln:miejscIIPId>74bb2f71-726b-4e6b-a0d2-4f6c3579e5ce</sln:miejscIIPId><sln:miejscIIPPn>PL.PZGIK.200</sln:miejscIIPPn><sln:miejscIIPWersja>2016-11-24T12:52:11+02:00</sln:miejscIIPWersja><sln:miejscIdTeryt>0811773</sln:miejscIdTeryt><sln:miejscNazwa>Wyspa</sln:miejscNazwa><sln:miejscRodzaj>Wieś</sln:miejscRodzaj><sln:powIIPId>1846e6d9-3e9c-4328-a203-d6d4ccd61aa2</sln:powIIPId><sln:powIIPPn>PL.PZGIK.200</sln:powIIPPn><sln:powIIPWersja>2012-09-27T09:32:07+02:00</sln:powIIPWersja><sln:powIdTeryt>2609</sln:powIdTeryt><sln:powNazwa>sandomierski</sln:powNazwa><sln:waznyOd>2014-05-27T00:00:00+02:00</sln:waznyOd><sln:wojIIPId>d021c0dd-b22e-4fcd-8444-904c64ec3aa8</sln:wojIIPId><sln:wojIIPPn>PL.PZGIK.200</sln:wojIIPPn><sln:wojIIPWersja>2012-09-27T13:45:13+02:00</sln:wojIIPWersja><sln:wojIdTeryt>26</sln:wojIdTeryt><sln:wojNazwa>świętokrzyskie</sln:wojNazwa></sln:miejscowosc><sln:miejscowosc><sln:cyklZyciaDo>2017-04-13T00:00:00+02:00</sln:cyklZyciaDo><sln:cyklZyciaOd>2015-12-21T00:00:00+01:00</sln:cyklZyciaOd><sln:gmIIPId>eb364035-ffda-4e13-a14a-a88a2cab3b39</sln:gmIIPId><sln:gmIIPPn>PL.PZGIK.200</sln:gmIIPPn><sln:gmIIPWersja>2012-09-26T22:19:36+02:00</sln:gmIIPWersja><sln:gmIdTeryt>2609093</sln:gmIdTeryt><sln:gmNazwa>Zawichost</sln:gmNazwa><sln:miejscIIPId>b6014952-9d8b-46dc-bec6-94440712965f</sln:miejscIIPId><sln:miejscIIPPn>PL.PZGIK.200</sln:miejscIIPPn><sln:miejscIIPWersja>2016-11-24T13:19:00+02:00</sln:miejscIIPWersja><sln:miejscIdTeryt>0981417</sln:miejscIdTeryt><sln:miejscNazwa>Zawichost</sln:miejscNazwa><sln:miejscRodzaj>Miasto</sln:miejscRodzaj><sln:powIIPId>1846e6d9-3e9c-4328-a203-d6d4ccd61aa2</sln:powIIPId><sln:powIIPPn>PL.PZGIK.200</sln:powIIPPn><sln:powIIPWersja>2012-09-27T09:32:07+02:00</sln:powIIPWersja><sln:powIdTeryt>2609</sln:powIdTeryt><sln:powNazwa>sandomierski</sln:powNazwa><sln:waznyOd>2014-05-27T00:00:00+02:00</sln:waznyOd><sln:wojIIPId>d021c0dd-b22e-4fcd-8444-904c64ec3aa8</sln:wojIIPId><sln:wojIIPPn>PL.PZGIK.200</sln:wojIIPPn><sln:wojIIPWersja>2012-09-27T13:45:13+02:00</sln:wojIIPWersja><sln:wojIdTeryt>26</sln:wojIdTeryt><sln:wojNazwa>świętokrzyskie</sln:wojNazwa></sln:miejscowosc><sln:miejscowosc><sln:cyklZyciaOd>2017-04-13T00:00:00+02:00</sln:cyklZyciaOd><sln:gmIIPId>eb364035-ffda-4e13-a14a-a88a2cab3b39</sln:gmIIPId><sln:gmIIPPn>PL.PZGIK.200</sln:gmIIPPn><sln:gmIIPWersja>2012-09-26T22:19:36+02:00</sln:gmIIPWersja><sln:gmIdTeryt>2609093</sln:gmIdTeryt><sln:gmNazwa>Zawichost</sln:gmNazwa><sln:miejscIIPId>36fd5d2c-711e-4834-acee-38b148eb3b86</sln:miejscIIPId><sln:miejscIIPPn>PL.PZGIK.200</sln:miejscIIPPn><sln:miejscIIPWersja>2017-04-13T10:46:05+02:00</sln:miejscIIPWersja><sln:miejscIdTeryt>0811537</sln:miejscIdTeryt><sln:miejscNazwa>Chrapanów</sln:miejscNazwa><sln:miejscRodzaj>Wieś</sln:miejscRodzaj><sln:powIIPId>1846e6d9-3e9c-4328-a203-d6d4ccd61aa2</sln:powIIPId><sln:powIIPPn>PL.PZGIK.200</sln:powIIPPn><sln:powIIPWersja>2012-09-27T09:32:07+02:00</sln:powIIPWersja><sln:powIdTeryt>2609</sln:powIdTeryt><sln:powNazwa>sandomierski</sln:powNazwa><sln:waznyOd>2014-05-27T00:00:00+02:00</sln:waznyOd><sln:wojIIPId>d021c0dd-b22e-4fcd-8444-904c64ec3aa8</sln:wojIIPId><sln:wojIIPPn>PL.PZGIK.200</sln:wojIIPPn><sln:wojIIPWersja>2012-09-27T13:45:13+02:00</sln:wojIIPWersja><sln:wojIdTeryt>26</sln:wojIdTeryt><sln:wojNazwa>świętokrzyskie</sln:wojNazwa></sln:miejscowosc><sln:miejscowosc><sln:cyklZyciaOd>2017-04-13T00:00:00+02:00</sln:cyklZyciaOd><sln:gmIIPId>eb364035-ffda-4e13-a14a-a88a2cab3b39</sln:gmIIPId><sln:gmIIPPn>PL.PZGIK.200</sln:gmIIPPn><sln:gmIIPWersja>2012-09-26T22:19:36+02:00</sln:gmIIPWersja><sln:gmIdTeryt>2609093</sln:gmIdTeryt><sln:gmNazwa>Zawichost</sln:gmNazwa><sln:miejscIIPId>e5dccc27-3005-4414-a4c8-6f455b3e8204</sln:miejscIIPId><sln:miejscIIPPn>PL.PZGIK.200</sln:miejscIIPPn><sln:miejscIIPWersja>2017-04-13T10:46:12+02:00</sln:miejscIIPWersja><sln:miejscIdTeryt>0811543</sln:miejscIdTeryt><sln:miejscNazwa>Czyżów Plebański</sln:miejscNazwa><sln:miejscRodzaj>Wieś</sln:miejscRodzaj><sln:powIIPId>1846e6d9-3e9c-4328-a203-d6d4ccd61aa2</sln:powIIPId><sln:powIIPPn>PL.PZGIK.200</sln:powIIPPn><sln:powIIPWersja>2012-09-27T09:32:07+02:00</sln:powIIPWersja><sln:powIdTeryt>2609</sln:powIdTeryt><sln:powNazwa>sandomierski</sln:powNazwa><sln:waznyOd>2014-05-27T00:00:00+02:00</sln:waznyOd><sln:wojIIPId>d021c0dd-b22e-4fcd-8444-904c64ec3aa8</sln:wojIIPId><sln:wojIIPPn>PL.PZGIK.200</sln:wojIIPPn><sln:wojIIPWersja>2012-09-27T13:45:13+02:00</sln:wojIIPWersja><sln:wojIdTeryt>26</sln:wojIdTeryt><sln:wojNazwa>świętokrzyskie</sln:wojNazwa></sln:miejscowosc><sln:miejscowosc><sln:cyklZyciaOd>2017-04-13T00:00:00+02:00</sln:cyklZyciaOd><sln:gmIIPId>eb364035-ffda-4e13-a14a-a88a2cab3b39</sln:gmIIPId><sln:gmIIPPn>PL.PZGIK.200</sln:gmIIPPn><sln:gmIIPWersja>2012-09-26T22:19:36+02:00</sln:gmIIPWersja><sln:gmIdTeryt>2609093</sln:gmIdTeryt><sln:gmNazwa>Zawichost</sln:gmNazwa><sln:miejscIIPId>e1244aac-6207-4285-86ab-c8b732e248ca</sln:miejscIIPId><sln:miejscIIPPn>PL.PZGIK.200</sln:miejscIIPPn><sln:miejscIIPWersja>2017-04-13T10:46:12+02:00</sln:miejscIIPWersja><sln:miejscIdTeryt>0811550</sln:miejscIdTeryt><sln:miejscNazwa>Czyżów Szlachecki</sln:miejscNazwa><sln:miejscRodzaj>Wieś</sln:miejscRodzaj><sln:powIIPId>1846e6d9-3e9c-4328-a203-d6d4ccd61aa2</sln:powIIPId><sln:powIIPPn>PL.PZGIK.200</sln:powIIPPn><sln:powIIPWersja>2012-09-27T09:32:07+02:00</sln:powIIPWersja><sln:powIdTeryt>2609</sln:powIdTeryt><sln:powNazwa>sandomierski</sln:powNazwa><sln:waznyOd>2014-05-27T00:00:00+02:00</sln:waznyOd><sln:wojIIPId>d021c0dd-b22e-4fcd-8444-904c64ec3aa8</sln:wojIIPId><sln:wojIIPPn>PL.PZGIK.200</sln:wojIIPPn><sln:wojIIPWersja>2012-09-27T13:45:13+02:00</sln:wojIIPWersja><sln:wojIdTeryt>26</sln:wojIdTeryt><sln:wojNazwa>świętokrzyskie</sln:wojNazwa></sln:miejscowosc><sln:miejscowosc><sln:cyklZyciaOd>2017-04-13T00:00:00+02:00</sln:cyklZyciaOd><sln:gmIIPId>eb364035-ffda-4e13-a14a-a88a2cab3b39</sln:gmIIPId><sln:gmIIPPn>PL.PZGIK.200</sln:gmIIPPn><sln:gmIIPWersja>2012-09-26T22:19:36+02:00</sln:gmIIPWersja><sln:gmIdTeryt>2609093</sln:gmIdTeryt><sln:gmNazwa>Zawichost</sln:gmNazwa><sln:miejscIIPId>6ba60e28-d829-4ebc-8602-0e51af094912</sln:miejscIIPId><sln:miejscIIPPn>PL.PZGIK.200</sln:miejscIIPPn><sln:miejscIIPWersja>2017-04-13T10:46:12+02:00</sln:miejscIIPWersja><sln:miejscIdTeryt>0811566</sln:miejscIdTeryt><sln:miejscNazwa>Dąbie</sln:miejscNazwa><sln:miejscRodzaj>Wieś</sln:miejscRodzaj><sln:powIIPId>1846e6d9-3e9c-4328-a203-d6d4ccd61aa2</sln:powIIPId><sln:powIIPPn>PL.PZGIK.200</sln:powIIPPn><sln:powIIPWersja>2012-09-27T09:32:07+02:00</sln:powIIPWersja><sln:powIdTeryt>2609</sln:powIdTeryt><sln:powNazwa>sandomierski</sln:powNazwa><sln:waznyOd>2014-05-27T00:00:00+02:00</sln:waznyOd><sln:wojIIPId>d021c0dd-b22e-4fcd-8444-904c64ec3aa8</sln:wojIIPId><sln:wojIIPPn>PL.PZGIK.200</sln:wojIIPPn><sln:wojIIPWersja>2012-09-27T13:45:13+02:00</sln:wojIIPWersja><sln:wojIdTeryt>26</sln:wojIdTeryt><sln:wojNazwa>świętokrzyskie</sln:wojNazwa></sln:miejscowosc><sln:miejscowosc><sln:cyklZyciaOd>2017-04-13T00:00:00+02:00</sln:cyklZyciaOd><sln:gmIIPId>eb364035-ffda-4e13-a14a-a88a2cab3b39</sln:gmIIPId><sln:gmIIPPn>PL.PZGIK.200</sln:gmIIPPn><sln:gmIIPWersja>2012-09-26T22:19:36+02:00</sln:gmIIPWersja><sln:gmIdTeryt>2609093</sln:gmIdTeryt><sln:gmNazwa>Zawichost</sln:gmNazwa><sln:miejscIIPId>3ff6cd47-dde7-434a-aec0-7804ffca7f5c</sln:miejscIIPId><sln:miejscIIPPn>PL.PZGIK.200</sln:miejscIIPPn><sln:miejscIIPWersja>2017-04-13T10:46:12+02:00</sln:miejscIIPWersja><sln:miejscIdTeryt>0811572</sln:miejscIdTeryt><sln:miejscNazwa>Dziurów</sln:miejscNazwa><sln:miejscRodzaj>Wieś</sln:miejscRodzaj><sln:powIIPId>1846e6d9-3e9c-4328-a203-d6d4ccd61aa2</sln:powIIPId><sln:powIIPPn>PL.PZGIK.200</sln:powIIPPn><sln:powIIPWersja>2012-09-27T09:32:07+02:00</sln:powIIPWersja><sln:powIdTeryt>2609</sln:powIdTeryt><sln:powNazwa>sandomierski</sln:powNazwa><sln:waznyOd>2014-05-27T00:00:00+02:00</sln:waznyOd><sln:wojIIPId>d021c0dd-b22e-4fcd-8444-904c64ec3aa8</sln:wojIIPId><sln:wojIIPPn>PL.PZGIK.200</sln:wojIIPPn><sln:wojIIPWersja>2012-09-27T13:45:13+02:00</sln:wojIIPWersja><sln:wojIdTeryt>26</sln:wojIdTeryt><sln:wojNazwa>świętokrzyskie</sln:wojNazwa></sln:miejscowosc><sln:miejscowosc><sln:cyklZyciaOd>2017-04-13T00:00:00+02:00</sln:cyklZyciaOd><sln:gmIIPId>eb364035-ffda-4e13-a14a-a88a2cab3b39</sln:gmIIPId><sln:gmIIPPn>PL.PZGIK.200</sln:gmIIPPn><sln:gmIIPWersja>2012-09-26T22:19:36+02:00</sln:gmIIPWersja><sln:gmIdTeryt>2609093</sln:gmIdTeryt><sln:gmNazwa>Zawichost</sln:gmNazwa><sln:miejscIIPId>55153771-ae65-4d8c-8549-990beb17f1b9</sln:miejscIIPId><sln:miejscIIPPn>PL.PZGIK.200</sln:miejscIIPPn><sln:miejscIIPWersja>2017-04-13T10:46:12+02:00</sln:miejscIIPWersja><sln:miejscIdTeryt>0811589</sln:miejscIdTeryt><sln:miejscNazwa>Józefków</sln:miejscNazwa><sln:miejscRodzaj>Wieś</sln:miejscRodzaj><sln:powIIPId>1846e6d9-3e9c-4328-a203-d6d4ccd61aa2</sln:powIIPId><sln:powIIPPn>PL.PZGIK.200</sln:powIIPPn><sln:powIIPWersja>2012-09-27T09:32:07+02:00</sln:powIIPWersja><sln:powIdTeryt>2609</sln:powIdTeryt><sln:powNazwa>sandomierski</sln:powNazwa><sln:waznyOd>2014-05-27T00:00:00+02:00</sln:waznyOd><sln:wojIIPId>d021c0dd-b22e-4fcd-8444-904c64ec3aa8</sln:wojIIPId><sln:wojIIPPn>PL.PZGIK.200</sln:wojIIPPn><sln:wojIIPWersja>2012-09-27T13:45:13+02:00</sln:wojIIPWersja><sln:wojIdTeryt>26</sln:wojIdTeryt><sln:wojNazwa>świętokrzyskie</sln:wojNazwa></sln:miejscowosc><sln:miejscowosc><sln:cyklZyciaOd>2017-04-13T00:00:00+02:00</sln:cyklZyciaOd><sln:gmIIPId>eb364035-ffda-4e13-a14a-a88a2cab3b39</sln:gmIIPId><sln:gmIIPPn>PL.PZGIK.200</sln:gmIIPPn><sln:gmIIPWersja>2012-09-26T22:19:36+02:00</sln:gmIIPWersja><sln:gmIdTeryt>2609093</sln:gmIdTeryt><sln:gmNazwa>Zawichost</sln:gmNazwa><sln:miejscIIPId>8457f154-e53c-4bb6-9e10-174cf337c69e</sln:miejscIIPId><sln:miejscIIPPn>PL.PZGIK.200</sln:miejscIIPPn><sln:miejscIIPWersja>2017-04-13T10:46:12+02:00</sln:miejscIIPWersja><sln:miejscIdTeryt>0811595</sln:miejscIdTeryt><sln:miejscNazwa>Kolecin</sln:miejscNazwa><sln:miejscRodzaj>Wieś</sln:miejscRodzaj><sln:powIIPId>1846e6d9-3e9c-4328-a203-d6d4ccd61aa2</sln:powIIPId><sln:powIIPPn>PL.PZGIK.200</sln:powIIPPn><sln:powIIPWersja>2012-09-27T09:32:07+02:00</sln:powIIPWersja><sln:powIdTeryt>2609</sln:powIdTeryt><sln:powNazwa>sandomierski</sln:powNazwa><sln:waznyOd>2014-05-27T00:00:00+02:00</sln:waznyOd><sln:wojIIPId>d021c0dd-b22e-4fcd-8444-904c64ec3aa8</sln:wojIIPId><sln:wojIIPPn>PL.PZGIK.200</sln:wojIIPPn><sln:wojIIPWersja>2012-09-27T13:45:13+02:00</sln:wojIIPWersja><sln:wojIdTeryt>26</sln:wojIdTeryt><sln:wojNazwa>świętokrzyskie</sln:wojNazwa></sln:miejscowosc><sln:miejscowosc><sln:cyklZyciaOd>2017-04-13T00:00:00+02:00</sln:cyklZyciaOd><sln:gmIIPId>eb364035-ffda-4e13-a14a-a88a2cab3b39</sln:gmIIPId><sln:gmIIPPn>PL.PZGIK.200</sln:gmIIPPn><sln:gmIIPWersja>2012-09-26T22:19:36+02:00</sln:gmIIPWersja><sln:gmIdTeryt>2609093</sln:gmIdTeryt><sln:gmNazwa>Zawichost</sln:gmNazwa><sln:miejscIIPId>c1add1d2-f8a2-4d4b-b624-286ffab037cf</sln:miejscIIPId><sln:miejscIIPPn>PL.PZGIK.200</sln:miejscIIPPn><sln:miejscIIPWersja>2017-04-13T10:46:12+02:00</sln:miejscIIPWersja><sln:miejscIdTeryt>0811603</sln:miejscIdTeryt><sln:miejscNazwa>Linów</sln:miejscNazwa><sln:miejscRodzaj>Wieś</sln:miejscRodzaj><sln:powIIPId>1846e6d9-3e9c-4328-a203-d6d4ccd61aa2</sln:powIIPId><sln:powIIPPn>PL.PZGIK.200</sln:powIIPPn><sln:powIIPWersja>2012-09-27T09:32:07+02:00</sln:powIIPWersja><sln:powIdTeryt>2609</sln:powIdTeryt><sln:powNazwa>sandomierski</sln:powNazwa><sln:waznyOd>2014-05-27T00:00:00+02:00</sln:waznyOd><sln:wojIIPId>d021c0dd-b22e-4fcd-8444-904c64ec3aa8</sln:wojIIPId><sln:wojIIPPn>PL.PZGIK.200</sln:wojIIPPn><sln:wojIIPWersja>2012-09-27T13:45:13+02:00</sln:wojIIPWersja><sln:wojIdTeryt>26</sln:wojIdTeryt><sln:wojNazwa>świętokrzyskie</sln:wojNazwa></sln:miejscowosc><sln:miejscowosc><sln:cyklZyciaOd>2017-04-13T00:00:00+02:00</sln:cyklZyciaOd><sln:gmIIPId>eb364035-ffda-4e13-a14a-a88a2cab3b39</sln:gmIIPId><sln:gmIIPPn>PL.PZGIK.200</sln:gmIIPPn><sln:gmIIPWersja>2012-09-26T22:19:36+02:00</sln:gmIIPWersja><sln:gmIdTeryt>2609093</sln:gmIdTeryt><sln:gmNazwa>Zawichost</sln:gmNazwa><sln:miejscIIPId>5231f613-aa49-4062-b836-29f38e9d3f29</sln:miejscIIPId><sln:miejscIIPPn>PL.PZGIK.200</sln:miejscIIPPn><sln:miejscIIPWersja>2017-04-13T10:46:12+02:00</sln:miejscIIPWersja><sln:miejscIdTeryt>0811632</sln:miejscIdTeryt><sln:miejscNazwa>Linów-Kolonia</sln:miejscNazwa><sln:miejscRodzaj>Wieś</sln:miejscRodzaj><sln:powIIPId>1846e6d9-3e9c-4328-a203-d6d4ccd61aa2</sln:powIIPId><sln:powIIPPn>PL.PZGIK.200</sln:powIIPPn><sln:powIIPWersja>2012-09-27T09:32:07+02:00</sln:powIIPWersja><sln:powIdTeryt>2609</sln:powIdTeryt><sln:powNazwa>sandomierski</sln:powNazwa><sln:waznyOd>2014-05-27T00:00:00+02:00</sln:waznyOd><sln:wojIIPId>d021c0dd-b22e-4fcd-8444-904c64ec3aa8</sln:wojIIPId><sln:wojIIPPn>PL.PZGIK.200</sln:wojIIPPn><sln:wojIIPWersja>2012-09-27T13:45:13+02:00</sln:wojIIPWersja><sln:wojIdTeryt>26</sln:wojIdTeryt><sln:wojNazwa>świętokrzyskie</sln:wojNazwa></sln:miejscowosc><sln:miejscowosc><sln:cyklZyciaOd>2017-04-13T00:00:00+02:00</sln:cyklZyciaOd><sln:gmIIPId>eb364035-ffda-4e13-a14a-a88a2cab3b39</sln:gmIIPId><sln:gmIIPPn>PL.PZGIK.200</sln:gmIIPPn><sln:gmIIPWersja>2012-09-26T22:19:36+02:00</sln:gmIIPWersja><sln:gmIdTeryt>2609093</sln:gmIdTeryt><sln:gmNazwa>Zawichost</sln:gmNazwa><sln:miejscIIPId>73c25d28-2e77-40a3-9b6e-ddf9769eec86</sln:miejscIIPId><sln:miejscIIPPn>PL.PZGIK.200</sln:miejscIIPPn><sln:miejscIIPWersja>2017-04-13T10:46:13+02:00</sln:miejscIIPWersja><sln:miejscIdTeryt>0811690</sln:miejscIdTeryt><sln:miejscNazwa>Pawłów</sln:miejscNazwa><sln:miejscRodzaj>Wieś</sln:miejscRodzaj><sln:powIIPId>1846e6d9-3e9c-4328-a203-d6d4ccd61aa2</sln:powIIPId><sln:powIIPPn>PL.PZGIK.200</sln:powIIPPn><sln:powIIPWersja>2012-09-27T09:32:07+02:00</sln:powIIPWersja><sln:powIdTeryt>2609</sln:powIdTeryt><sln:powNazwa>sandomierski</sln:powNazwa><sln:waznyOd>2014-05-27T00:00:00+02:00</sln:waznyOd><sln:wojIIPId>d021c0dd-b22e-4fcd-8444-904c64ec3aa8</sln:wojIIPId><sln:wojIIPPn>PL.PZGIK.200</sln:wojIIPPn><sln:wojIIPWersja>2012-09-27T13:45:13+02:00</sln:wojIIPWersja><sln:wojIdTeryt>26</sln:wojIdTeryt><sln:wojNazwa>świętokrzyskie</sln:wojNazwa></sln:miejscowosc><sln:miejscowosc><sln:cyklZyciaOd>2017-04-13T00:00:00+02:00</sln:cyklZyciaOd><sln:gmIIPId>eb364035-ffda-4e13-a14a-a88a2cab3b39</sln:gmIIPId><sln:gmIIPPn>PL.PZGIK.200</sln:gmIIPPn><sln:gmIIPWersja>2012-09-26T22:19:36+02:00</sln:gmIIPWersja><sln:gmIdTeryt>2609093</sln:gmIdTeryt><sln:gmNazwa>Zawichost</sln:gmNazwa><sln:miejscIIPId>df7fd80a-0e94-4ec0-bc33-c676311ad065</sln:miejscIIPId><sln:miejscIIPPn>PL.PZGIK.200</sln:miejscIIPPn><sln:miejscIIPWersja>2017-04-13T10:46:13+02:00</sln:miejscIIPWersja><sln:miejscIdTeryt>0811721</sln:miejscIdTeryt><sln:miejscNazwa>Piotrowice</sln:miejscNazwa><sln:miejscRodzaj>Wieś</sln:miejscRodzaj><sln:powIIPId>1846e6d9-3e9c-4328-a203-d6d4ccd61aa2</sln:powIIPId><sln:powIIPPn>PL.PZGIK.200</sln:powIIPPn><sln:powIIPWersja>2012-09-27T09:32:07+02:00</sln:powIIPWersja><sln:powIdTeryt>2609</sln:powIdTeryt><sln:powNazwa>sandomierski</sln:powNazwa><sln:waznyOd>2014-05-27T00:00:00+02:00</sln:waznyOd><sln:wojIIPId>d021c0dd-b22e-4fcd-8444-904c64ec3aa8</sln:wojIIPId><sln:wojIIPPn>PL.PZGIK.200</sln:wojIIPPn><sln:wojIIPWersja>2012-09-27T13:45:13+02:00</sln:wojIIPWersja><sln:wojIdTeryt>26</sln:wojIdTeryt><sln:wojNazwa>świętokrzyskie</sln:wojNazwa></sln:miejscowosc><sln:miejscowosc><sln:cyklZyciaOd>2017-04-13T00:00:00+02:00</sln:cyklZyciaOd><sln:gmIIPId>eb364035-ffda-4e13-a14a-a88a2cab3b39</sln:gmIIPId><sln:gmIIPPn>PL.PZGIK.200</sln:gmIIPPn><sln:gmIIPWersja>2012-09-26T22:19:36+02:00</sln:gmIIPWersja><sln:gmIdTeryt>2609093</sln:gmIdTeryt><sln:gmNazwa>Zawichost</sln:gmNazwa><sln:miejscIIPId>60d988a9-b740-427b-a376-e116aef4eae9</sln:miejscIIPId><sln:miejscIIPPn>PL.PZGIK.200</sln:miejscIIPPn><sln:miejscIIPWersja>2017-04-13T10:46:13+02:00</sln:miejscIIPWersja><sln:miejscIdTeryt>0811750</sln:miejscIdTeryt><sln:miejscNazwa>Podszyn</sln:miejscNazwa><sln:miejscRodzaj>Wieś</sln:miejscRodzaj><sln:powIIPId>1846e6d9-3e9c-4328-a203-d6d4ccd61aa2</sln:powIIPId><sln:powIIPPn>PL.PZGIK.200</sln:powIIPPn><sln:powIIPWersja>2012-09-27T09:32:07+02:00</sln:powIIPWersja><sln:powIdTeryt>2609</sln:powIdTeryt><sln:powNazwa>sandomierski</sln:powNazwa><sln:waznyOd>2014-05-27T00:00:00+02:00</sln:waznyOd><sln:wojIIPId>d021c0dd-b22e-4fcd-8444-904c64ec3aa8</sln:wojIIPId><sln:wojIIPPn>PL.PZGIK.200</sln:wojIIPPn><sln:wojIIPWersja>2012-09-27T13:45:13+02:00</sln:wojIIPWersja><sln:wojIdTeryt>26</sln:wojIdTeryt><sln:wojNazwa>świętokrzyskie</sln:wojNazwa></sln:miejscowosc><sln:miejscowosc><sln:cyklZyciaOd>2017-04-13T00:00:00+02:00</sln:cyklZyciaOd><sln:gmIIPId>eb364035-ffda-4e13-a14a-a88a2cab3b39</sln:gmIIPId><sln:gmIIPPn>PL.PZGIK.200</sln:gmIIPPn><sln:gmIIPWersja>2012-09-26T22:19:36+02:00</sln:gmIIPWersja><sln:gmIdTeryt>2609093</sln:gmIdTeryt><sln:gmNazwa>Zawichost</sln:gmNazwa><sln:miejscIIPId>073a2e79-02d4-4f81-abbd-28f50b302542</sln:miejscIIPId><sln:miejscIIPPn>PL.PZGIK.200</sln:miejscIIPPn><sln:miejscIIPWersja>2017-04-13T10:46:13+02:00</sln:miejscIIPWersja><sln:miejscIdTeryt>0811767</sln:miejscIdTeryt><sln:miejscNazwa>Wygoda</sln:miejscNazwa><sln:miejscRodzaj>Wieś</sln:miejscRodzaj><sln:powIIPId>1846e6d9-3e9c-4328-a203-d6d4ccd61aa2</sln:powIIPId><sln:powIIPPn>PL.PZGIK.200</sln:powIIPPn><sln:powIIPWersja>2012-09-27T09:32:07+02:00</sln:powIIPWersja><sln:powIdTeryt>2609</sln:powIdTeryt><sln:powNazwa>sandomierski</sln:powNazwa><sln:waznyOd>2014-05-27T00:00:00+02:00</sln:waznyOd><sln:wojIIPId>d021c0dd-b22e-4fcd-8444-904c64ec3aa8</sln:wojIIPId><sln:wojIIPPn>PL.PZGIK.200</sln:wojIIPPn><sln:wojIIPWersja>2012-09-27T13:45:13+02:00</sln:wojIIPWersja><sln:wojIdTeryt>26</sln:wojIdTeryt><sln:wojNazwa>świętokrzyskie</sln:wojNazwa></sln:miejscowosc><sln:miejscowosc><sln:cyklZyciaOd>2017-04-13T00:00:00+02:00</sln:cyklZyciaOd><sln:gmIIPId>eb364035-ffda-4e13-a14a-a88a2cab3b39</sln:gmIIPId><sln:gmIIPPn>PL.PZGIK.200</sln:gmIIPPn><sln:gmIIPWersja>2012-09-26T22:19:36+02:00</sln:gmIIPWersja><sln:gmIdTeryt>2609093</sln:gmIdTeryt><sln:gmNazwa>Zawichost</sln:gmNazwa><sln:miejscIIPId>74bb2f71-726b-4e6b-a0d2-4f6c3579e5ce</sln:miejscIIPId><sln:miejscIIPPn>PL.PZGIK.200</sln:miejscIIPPn><sln:miejscIIPWersja>2017-04-13T10:46:13+02:00</sln:miejscIIPWersja><sln:miejscIdTeryt>0811773</sln:miejscIdTeryt><sln:miejscNazwa>Wyspa</sln:miejscNazwa><sln:miejscRodzaj>Wieś</sln:miejscRodzaj><sln:powIIPId>1846e6d9-3e9c-4328-a203-d6d4ccd61aa2</sln:powIIPId><sln:powIIPPn>PL.PZGIK.200</sln:powIIPPn><sln:powIIPWersja>2012-09-27T09:32:07+02:00</sln:powIIPWersja><sln:powIdTeryt>2609</sln:powIdTeryt><sln:powNazwa>sandomierski</sln:powNazwa><sln:waznyOd>2014-05-27T00:00:00+02:00</sln:waznyOd><sln:wojIIPId>d021c0dd-b22e-4fcd-8444-904c64ec3aa8</sln:wojIIPId><sln:wojIIPPn>PL.PZGIK.200</sln:wojIIPPn><sln:wojIIPWersja>2012-09-27T13:45:13+02:00</sln:wojIIPWersja><sln:wojIdTeryt>26</sln:wojIdTeryt><sln:wojNazwa>świętokrzyskie</sln:wojNazwa></sln:miejscowosc><sln:miejscowosc><sln:cyklZyciaOd>2017-04-13T00:00:00+02:00</sln:cyklZyciaOd><sln:gmIIPId>eb364035-ffda-4e13-a14a-a88a2cab3b39</sln:gmIIPId><sln:gmIIPPn>PL.PZGIK.200</sln:gmIIPPn><sln:gmIIPWersja>2012-09-26T22:19:36+02:00</sln:gmIIPWersja><sln:gmIdTeryt>2609093</sln:gmIdTeryt><sln:gmNazwa>Zawichost</sln:gmNazwa><sln:miejscIIPId>b6014952-9d8b-46dc-bec6-94440712965f</sln:miejscIIPId><sln:miejscIIPPn>PL.PZGIK.200</sln:miejscIIPPn><sln:miejscIIPWersja>2017-04-13T10:46:13+02:00</sln:miejscIIPWersja><sln:miejscIdTeryt>0981417</sln:miejscIdTeryt><sln:miejscNazwa>Zawichost</sln:miejscNazwa><sln:miejscRodzaj>Miasto</sln:miejscRodzaj><sln:powIIPId>1846e6d9-3e9c-4328-a203-d6d4ccd61aa2</sln:powIIPId><sln:powIIPPn>PL.PZGIK.200</sln:powIIPPn><sln:powIIPWersja>2012-09-27T09:32:07+02:00</sln:powIIPWersja><sln:powIdTeryt>2609</sln:powIdTeryt><sln:powNazwa>sandomierski</sln:powNazwa><sln:waznyOd>2014-05-27T00:00:00+02:00</sln:waznyOd><sln:wojIIPId>d021c0dd-b22e-4fcd-8444-904c64ec3aa8</sln:wojIIPId><sln:wojIIPPn>PL.PZGIK.200</sln:wojIIPPn><sln:wojIIPWersja>2012-09-27T13:45:13+02:00</sln:wojIIPWersja><sln:wojIdTeryt>26</sln:wojIdTeryt><sln:wojNazwa>świętokrzyskie</sln:wojNazwa></sln:miejscowosc></sln:lista-miejscowosci>