<?xml version="1.0" encoding="UTF-8" standalone="yes"?><sln:lista-miejscowosci xmlns:srv="http://gugik.gov.pl/schemas/slowniki-service/1.0" xmlns:sln="http://gugik.gov.pl/schemas/slowniki-schema/1.0"><sln:miejscowosc><sln:cyklZyciaOd>2015-11-04T00:00:00+01:00</sln:cyklZyciaOd><sln:gmIIPId>f643f3e6-c97f-469e-ae95-c422253bc082</sln:gmIIPId><sln:gmIIPPn>PL.PZGIK.200</sln:gmIIPPn><sln:gmIIPWersja>2012-09-26T22:18:31+02:00</sln:gmIIPWersja><sln:gmIdTeryt>2604152</sln:gmIdTeryt><sln:gmNazwa>Pierzchnica</sln:gmNazwa><sln:miejscIIPId>73b54326-af2e-452a-9d24-8e64b7f4a4ba</sln:miejscIIPId><sln:miejscIIPPn>PL.PZGIK.200</sln:miejscIIPPn><sln:miejscIIPWersja>2016-11-24T09:48:49+02:00</sln:miejscIIPWersja><sln:miejscIdTeryt>0234637</sln:miejscIdTeryt><sln:miejscNazwa>Brody</sln:miejscNazwa><sln:miejscRodzaj>Wieś</sln:miejscRodzaj><sln:powIIPId>b223bd08-4fe5-4456-8797-8eb39bfbd775</sln:powIIPId><sln:powIIPPn>PL.PZGIK.200</sln:powIIPPn><sln:powIIPWersja>2012-09-27T09:32:07+02:00</sln:powIIPWersja><sln:powIdTeryt>2604</sln:powIdTeryt><sln:powNazwa>kielecki</sln:powNazwa><sln:waznyOd>2014-03-05T00:00:00+01:00</sln:waznyOd><sln:wojIIPId>d021c0dd-b22e-4fcd-8444-904c64ec3aa8</sln:wojIIPId><sln:wojIIPPn>PL.PZGIK.200</sln:wojIIPPn><sln:wojIIPWersja>2012-09-27T13:45:13+02:00</sln:wojIIPWersja><sln:wojIdTeryt>26</sln:wojIdTeryt><sln:wojNazwa>świętokrzyskie</sln:wojNazwa></sln:miejscowosc><sln:miejscowosc><sln:cyklZyciaOd>2015-11-04T00:00:00+01:00</sln:cyklZyciaOd><sln:gmIIPId>f643f3e6-c97f-469e-ae95-c422253bc082</sln:gmIIPId><sln:gmIIPPn>PL.PZGIK.200</sln:gmIIPPn><sln:gmIIPWersja>2012-09-26T22:18:31+02:00</sln:gmIIPWersja><sln:gmIdTeryt>2604152</sln:gmIdTeryt><sln:gmNazwa>Pierzchnica</sln:gmNazwa><sln:miejscIIPId>3f1bc29d-f00d-4cd3-9414-a45a9b25fb0a</sln:miejscIIPId><sln:miejscIIPPn>PL.PZGIK.200</sln:miejscIIPPn><sln:miejscIIPWersja>2016-11-24T09:52:53+02:00</sln:miejscIIPWersja><sln:miejscIdTeryt>0261999</sln:miejscIdTeryt><sln:miejscNazwa>Czarna</sln:miejscNazwa><sln:miejscRodzaj>Wieś</sln:miejscRodzaj><sln:powIIPId>b223bd08-4fe5-4456-8797-8eb39bfbd775</sln:powIIPId><sln:powIIPPn>PL.PZGIK.200</sln:powIIPPn><sln:powIIPWersja>2012-09-27T09:32:07+02:00</sln:powIIPWersja><sln:powIdTeryt>2604</sln:powIdTeryt><sln:powNazwa>kielecki</sln:powNazwa><sln:waznyOd>2014-03-05T00:00:00+01:00</sln:waznyOd><sln:wojIIPId>d021c0dd-b22e-4fcd-8444-904c64ec3aa8</sln:wojIIPId><sln:wojIIPPn>PL.PZGIK.200</sln:wojIIPPn><sln:wojIIPWersja>2012-09-27T13:45:13+02:00</sln:wojIIPWersja><sln:wojIdTeryt>26</sln:wojIdTeryt><sln:wojNazwa>świętokrzyskie</sln:wojNazwa></sln:miejscowosc><sln:miejscowosc><sln:cyklZyciaOd>2015-11-04T00:00:00+01:00</sln:cyklZyciaOd><sln:gmIIPId>f643f3e6-c97f-469e-ae95-c422253bc082</sln:gmIIPId><sln:gmIIPPn>PL.PZGIK.200</sln:gmIIPPn><sln:gmIIPWersja>2012-09-26T22:18:31+02:00</sln:gmIIPWersja><sln:gmIdTeryt>2604152</sln:gmIdTeryt><sln:gmNazwa>Pierzchnica</sln:gmNazwa><sln:miejscIIPId>e28b9877-a5d0-48be-9845-3c92effb05a7</sln:miejscIIPId><sln:miejscIIPPn>PL.PZGIK.200</sln:miejscIIPPn><sln:miejscIIPWersja>2016-11-24T09:52:53+02:00</sln:miejscIIPWersja><sln:miejscIdTeryt>0262071</sln:miejscIdTeryt><sln:miejscNazwa>Drugnia Parcela</sln:miejscNazwa><sln:miejscRodzaj>Inny obiekt</sln:miejscRodzaj><sln:powIIPId>b223bd08-4fe5-4456-8797-8eb39bfbd775</sln:powIIPId><sln:powIIPPn>PL.PZGIK.200</sln:powIIPPn><sln:powIIPWersja>2012-09-27T09:32:07+02:00</sln:powIIPWersja><sln:powIdTeryt>2604</sln:powIdTeryt><sln:powNazwa>kielecki</sln:powNazwa><sln:waznyOd>2015-04-29T00:00:00+02:00</sln:waznyOd><sln:wojIIPId>d021c0dd-b22e-4fcd-8444-904c64ec3aa8</sln:wojIIPId><sln:wojIIPPn>PL.PZGIK.200</sln:wojIIPPn><sln:wojIIPWersja>2012-09-27T13:45:13+02:00</sln:wojIIPWersja><sln:wojIdTeryt>26</sln:wojIdTeryt><sln:wojNazwa>świętokrzyskie</sln:wojNazwa></sln:miejscowosc><sln:miejscowosc><sln:cyklZyciaOd>2015-11-04T00:00:00+01:00</sln:cyklZyciaOd><sln:gmIIPId>f643f3e6-c97f-469e-ae95-c422253bc082</sln:gmIIPId><sln:gmIIPPn>PL.PZGIK.200</sln:gmIIPPn><sln:gmIIPWersja>2012-09-26T22:18:31+02:00</sln:gmIIPWersja><sln:gmIdTeryt>2604152</sln:gmIdTeryt><sln:gmNazwa>Pierzchnica</sln:gmNazwa><sln:miejscIIPId>ab0e8efd-7686-49dd-9230-6525ad0e5a96</sln:miejscIIPId><sln:miejscIIPPn>PL.PZGIK.200</sln:miejscIIPPn><sln:miejscIIPWersja>2016-11-24T09:52:53+02:00</sln:miejscIIPWersja><sln:miejscIdTeryt>0262102</sln:miejscIdTeryt><sln:miejscNazwa>Drugnia Rządowa</sln:miejscNazwa><sln:miejscRodzaj>Wieś</sln:miejscRodzaj><sln:powIIPId>b223bd08-4fe5-4456-8797-8eb39bfbd775</sln:powIIPId><sln:powIIPPn>PL.PZGIK.200</sln:powIIPPn><sln:powIIPWersja>2012-09-27T09:32:07+02:00</sln:powIIPWersja><sln:powIdTeryt>2604</sln:powIdTeryt><sln:powNazwa>kielecki</sln:powNazwa><sln:waznyOd>2014-03-05T00:00:00+01:00</sln:waznyOd><sln:wojIIPId>d021c0dd-b22e-4fcd-8444-904c64ec3aa8</sln:wojIIPId><sln:wojIIPPn>PL.PZGIK.200</sln:wojIIPPn><sln:wojIIPWersja>2012-09-27T13:45:13+02:00</sln:wojIIPWersja><sln:wojIdTeryt>26</sln:wojIdTeryt><sln:wojNazwa>świętokrzyskie</sln:wojNazwa></sln:miejscowosc><sln:miejscowosc><sln:cyklZyciaOd>2015-11-04T00:00:00+01:00</sln:cyklZyciaOd><sln:gmIIPId>f643f3e6-c97f-469e-ae95-c422253bc082</sln:gmIIPId><sln:gmIIPPn>PL.PZGIK.200</sln:gmIIPPn><sln:gmIIPWersja>2012-09-26T22:18:31+02:00</sln:gmIIPWersja><sln:gmIdTeryt>2604152</sln:gmIdTeryt><sln:gmNazwa>Pierzchnica</sln:gmNazwa><sln:miejscIIPId>6981176d-6a9f-42e2-8505-f5ac6a3e68f1</sln:miejscIIPId><sln:miejscIIPPn>PL.PZGIK.200</sln:miejscIIPPn><sln:miejscIIPWersja>2016-11-24T09:52:53+02:00</sln:miejscIIPWersja><sln:miejscIdTeryt>0262125</sln:miejscIdTeryt><sln:miejscNazwa>Górki</sln:miejscNazwa><sln:miejscRodzaj>Wieś</sln:miejscRodzaj><sln:powIIPId>b223bd08-4fe5-4456-8797-8eb39bfbd775</sln:powIIPId><sln:powIIPPn>PL.PZGIK.200</sln:powIIPPn><sln:powIIPWersja>2012-09-27T09:32:07+02:00</sln:powIIPWersja><sln:powIdTeryt>2604</sln:powIdTeryt><sln:powNazwa>kielecki</sln:powNazwa><sln:waznyOd>2014-03-05T00:00:00+01:00</sln:waznyOd><sln:wojIIPId>d021c0dd-b22e-4fcd-8444-904c64ec3aa8</sln:wojIIPId><sln:wojIIPPn>PL.PZGIK.200</sln:wojIIPPn><sln:wojIIPWersja>2012-09-27T13:45:13+02:00</sln:wojIIPWersja><sln:wojIdTeryt>26</sln:wojIdTeryt><sln:wojNazwa>świętokrzyskie</sln:wojNazwa></sln:miejscowosc><sln:miejscowosc><sln:cyklZyciaOd>2015-11-04T00:00:00+01:00</sln:cyklZyciaOd><sln:gmIIPId>f643f3e6-c97f-469e-ae95-c422253bc082</sln:gmIIPId><sln:gmIIPPn>PL.PZGIK.200</sln:gmIIPPn><sln:gmIIPWersja>2012-09-26T22:18:31+02:00</sln:gmIIPWersja><sln:gmIdTeryt>2604152</sln:gmIdTeryt><sln:gmNazwa>Pierzchnica</sln:gmNazwa><sln:miejscIIPId>c33ef5ef-23c9-4a0b-934b-ee22ad6e8a8f</sln:miejscIIPId><sln:miejscIIPPn>PL.PZGIK.200</sln:miejscIIPPn><sln:miejscIIPWersja>2016-11-24T09:52:53+02:00</sln:miejscIIPWersja><sln:miejscIdTeryt>0262088</sln:miejscIdTeryt><sln:miejscNazwa>Zakarczmie</sln:miejscNazwa><sln:miejscRodzaj>Inny obiekt</sln:miejscRodzaj><sln:powIIPId>b223bd08-4fe5-4456-8797-8eb39bfbd775</sln:powIIPId><sln:powIIPPn>PL.PZGIK.200</sln:powIIPPn><sln:powIIPWersja>2012-09-27T09:32:07+02:00</sln:powIIPWersja><sln:powIdTeryt>2604</sln:powIdTeryt><sln:powNazwa>kielecki</sln:powNazwa><sln:waznyOd>2015-04-14T00:00:00+02:00</sln:waznyOd><sln:wojIIPId>d021c0dd-b22e-4fcd-8444-904c64ec3aa8</sln:wojIIPId><sln:wojIIPPn>PL.PZGIK.200</sln:wojIIPPn><sln:wojIIPWersja>2012-09-27T13:45:13+02:00</sln:wojIIPWersja><sln:wojIdTeryt>26</sln:wojIdTeryt><sln:wojNazwa>świętokrzyskie</sln:wojNazwa></sln:miejscowosc><sln:miejscowosc><sln:cyklZyciaOd>2015-11-04T00:00:00+01:00</sln:cyklZyciaOd><sln:gmIIPId>f643f3e6-c97f-469e-ae95-c422253bc082</sln:gmIIPId><sln:gmIIPPn>PL.PZGIK.200</sln:gmIIPPn><sln:gmIIPWersja>2012-09-26T22:18:31+02:00</sln:gmIIPWersja><sln:gmIdTeryt>2604152</sln:gmIdTeryt><sln:gmNazwa>Pierzchnica</sln:gmNazwa><sln:miejscIIPId>da43b60c-67c7-460b-8e9d-7e287df747a9</sln:miejscIIPId><sln:miejscIIPPn>PL.PZGIK.200</sln:miejscIIPPn><sln:miejscIIPWersja>2016-11-24T09:52:53+02:00</sln:miejscIIPWersja><sln:miejscIdTeryt>0262094</sln:miejscIdTeryt><sln:miejscNazwa>Zalesie</sln:miejscNazwa><sln:miejscRodzaj>Inny obiekt</sln:miejscRodzaj><sln:powIIPId>b223bd08-4fe5-4456-8797-8eb39bfbd775</sln:powIIPId><sln:powIIPPn>PL.PZGIK.200</sln:powIIPPn><sln:powIIPWersja>2012-09-27T09:32:07+02:00</sln:powIIPWersja><sln:powIdTeryt>2604</sln:powIdTeryt><sln:powNazwa>kielecki</sln:powNazwa><sln:waznyOd>2015-04-14T00:00:00+02:00</sln:waznyOd><sln:wojIIPId>d021c0dd-b22e-4fcd-8444-904c64ec3aa8</sln:wojIIPId><sln:wojIIPPn>PL.PZGIK.200</sln:wojIIPPn><sln:wojIIPWersja>2012-09-27T13:45:13+02:00</sln:wojIIPWersja><sln:wojIdTeryt>26</sln:wojIdTeryt><sln:wojNazwa>świętokrzyskie</sln:wojNazwa></sln:miejscowosc><sln:miejscowosc><sln:cyklZyciaOd>2015-11-04T00:00:00+01:00</sln:cyklZyciaOd><sln:gmIIPId>f643f3e6-c97f-469e-ae95-c422253bc082</sln:gmIIPId><sln:gmIIPPn>PL.PZGIK.200</sln:gmIIPPn><sln:gmIIPWersja>2012-09-26T22:18:31+02:00</sln:gmIIPWersja><sln:gmIdTeryt>2604152</sln:gmIdTeryt><sln:gmNazwa>Pierzchnica</sln:gmNazwa><sln:miejscIIPId>2f7cb80e-0a8d-4e5d-9448-365a7fd05e31</sln:miejscIIPId><sln:miejscIIPPn>PL.PZGIK.200</sln:miejscIIPPn><sln:miejscIIPWersja>2016-11-24T09:52:54+02:00</sln:miejscIIPWersja><sln:miejscIdTeryt>0262384</sln:miejscIdTeryt><sln:miejscNazwa>Żabiniec</sln:miejscNazwa><sln:miejscRodzaj>Inny obiekt</sln:miejscRodzaj><sln:powIIPId>b223bd08-4fe5-4456-8797-8eb39bfbd775</sln:powIIPId><sln:powIIPPn>PL.PZGIK.200</sln:powIIPPn><sln:powIIPWersja>2012-09-27T09:32:07+02:00</sln:powIIPWersja><sln:powIdTeryt>2604</sln:powIdTeryt><sln:powNazwa>kielecki</sln:powNazwa><sln:waznyOd>2015-04-14T00:00:00+02:00</sln:waznyOd><sln:wojIIPId>d021c0dd-b22e-4fcd-8444-904c64ec3aa8</sln:wojIIPId><sln:wojIIPPn>PL.PZGIK.200</sln:wojIIPPn><sln:wojIIPWersja>2012-09-27T13:45:13+02:00</sln:wojIIPWersja><sln:wojIdTeryt>26</sln:wojIdTeryt><sln:wojNazwa>świętokrzyskie</sln:wojNazwa></sln:miejscowosc><sln:miejscowosc><sln:cyklZyciaOd>2015-11-04T00:00:00+01:00</sln:cyklZyciaOd><sln:gmIIPId>f643f3e6-c97f-469e-ae95-c422253bc082</sln:gmIIPId><sln:gmIIPPn>PL.PZGIK.200</sln:gmIIPPn><sln:gmIIPWersja>2012-09-26T22:18:31+02:00</sln:gmIIPWersja><sln:gmIdTeryt>2604152</sln:gmIdTeryt><sln:gmNazwa>Pierzchnica</sln:gmNazwa><sln:miejscIIPId>8535b280-752c-4336-bc2a-11701659937d</sln:miejscIIPId><sln:miejscIIPPn>PL.PZGIK.200</sln:miejscIIPPn><sln:miejscIIPWersja>2016-11-24T09:52:53+02:00</sln:miejscIIPWersja><sln:miejscIdTeryt>0262065</sln:miejscIdTeryt><sln:miejscNazwa>Górki (cz. msc. Drugnia)</sln:miejscNazwa><sln:miejscRodzaj>Inny obiekt</sln:miejscRodzaj><sln:powIIPId>b223bd08-4fe5-4456-8797-8eb39bfbd775</sln:powIIPId><sln:powIIPPn>PL.PZGIK.200</sln:powIIPPn><sln:powIIPWersja>2012-09-27T09:32:07+02:00</sln:powIIPWersja><sln:powIdTeryt>2604</sln:powIdTeryt><sln:powNazwa>kielecki</sln:powNazwa><sln:waznyOd>2015-04-29T00:00:00+02:00</sln:waznyOd><sln:wojIIPId>d021c0dd-b22e-4fcd-8444-904c64ec3aa8</sln:wojIIPId><sln:wojIIPPn>PL.PZGIK.200</sln:wojIIPPn><sln:wojIIPWersja>2012-09-27T13:45:13+02:00</sln:wojIIPWersja><sln:wojIdTeryt>26</sln:wojIdTeryt><sln:wojNazwa>świętokrzyskie</sln:wojNazwa></sln:miejscowosc><sln:miejscowosc><sln:cyklZyciaOd>2015-11-04T00:00:00+01:00</sln:cyklZyciaOd><sln:gmIIPId>f643f3e6-c97f-469e-ae95-c422253bc082</sln:gmIIPId><sln:gmIIPPn>PL.PZGIK.200</sln:gmIIPPn><sln:gmIIPWersja>2012-09-26T22:18:31+02:00</sln:gmIIPWersja><sln:gmIdTeryt>2604152</sln:gmIdTeryt><sln:gmNazwa>Pierzchnica</sln:gmNazwa><sln:miejscIIPId>1d5610b4-0d55-4ac2-9b0d-cb3c075cb69f</sln:miejscIIPId><sln:miejscIIPPn>PL.PZGIK.200</sln:miejscIIPPn><sln:miejscIIPWersja>2016-11-24T09:52:53+02:00</sln:miejscIIPWersja><sln:miejscIdTeryt>0262148</sln:miejscIdTeryt><sln:miejscNazwa>Gumienice</sln:miejscNazwa><sln:miejscRodzaj>Wieś</sln:miejscRodzaj><sln:powIIPId>b223bd08-4fe5-4456-8797-8eb39bfbd775</sln:powIIPId><sln:powIIPPn>PL.PZGIK.200</sln:powIIPPn><sln:powIIPWersja>2012-09-27T09:32:07+02:00</sln:powIIPWersja><sln:powIdTeryt>2604</sln:powIdTeryt><sln:powNazwa>kielecki</sln:powNazwa><sln:waznyOd>2014-03-05T00:00:00+01:00</sln:waznyOd><sln:wojIIPId>d021c0dd-b22e-4fcd-8444-904c64ec3aa8</sln:wojIIPId><sln:wojIIPPn>PL.PZGIK.200</sln:wojIIPPn><sln:wojIIPWersja>2012-09-27T13:45:13+02:00</sln:wojIIPWersja><sln:wojIdTeryt>26</sln:wojIdTeryt><sln:wojNazwa>świętokrzyskie</sln:wojNazwa></sln:miejscowosc><sln:miejscowosc><sln:cyklZyciaOd>2015-11-04T00:00:00+01:00</sln:cyklZyciaOd><sln:gmIIPId>f643f3e6-c97f-469e-ae95-c422253bc082</sln:gmIIPId><sln:gmIIPPn>PL.PZGIK.200</sln:gmIIPPn><sln:gmIIPWersja>2012-09-26T22:18:31+02:00</sln:gmIIPWersja><sln:gmIdTeryt>2604152</sln:gmIdTeryt><sln:gmNazwa>Pierzchnica</sln:gmNazwa><sln:miejscIIPId>0d0de2c0-9414-489a-b763-3f57d3926a3b</sln:miejscIIPId><sln:miejscIIPPn>PL.PZGIK.200</sln:miejscIIPPn><sln:miejscIIPWersja>2016-11-24T09:52:53+02:00</sln:miejscIIPWersja><sln:miejscIdTeryt>0262183</sln:miejscIdTeryt><sln:miejscNazwa>Holendry</sln:miejscNazwa><sln:miejscRodzaj>Wieś</sln:miejscRodzaj><sln:powIIPId>b223bd08-4fe5-4456-8797-8eb39bfbd775</sln:powIIPId><sln:powIIPPn>PL.PZGIK.200</sln:powIIPPn><sln:powIIPWersja>2012-09-27T09:32:07+02:00</sln:powIIPWersja><sln:powIdTeryt>2604</sln:powIdTeryt><sln:powNazwa>kielecki</sln:powNazwa><sln:waznyOd>2014-03-05T00:00:00+01:00</sln:waznyOd><sln:wojIIPId>d021c0dd-b22e-4fcd-8444-904c64ec3aa8</sln:wojIIPId><sln:wojIIPPn>PL.PZGIK.200</sln:wojIIPPn><sln:wojIIPWersja>2012-09-27T13:45:13+02:00</sln:wojIIPWersja><sln:wojIdTeryt>26</sln:wojIdTeryt><sln:wojNazwa>świętokrzyskie</sln:wojNazwa></sln:miejscowosc><sln:miejscowosc><sln:cyklZyciaOd>2015-11-04T00:00:00+01:00</sln:cyklZyciaOd><sln:gmIIPId>f643f3e6-c97f-469e-ae95-c422253bc082</sln:gmIIPId><sln:gmIIPPn>PL.PZGIK.200</sln:gmIIPPn><sln:gmIIPWersja>2012-09-26T22:18:31+02:00</sln:gmIIPWersja><sln:gmIdTeryt>2604152</sln:gmIdTeryt><sln:gmNazwa>Pierzchnica</sln:gmNazwa><sln:miejscIIPId>1b4db911-a141-4072-8bc3-19135c92041d</sln:miejscIIPId><sln:miejscIIPPn>PL.PZGIK.200</sln:miejscIIPPn><sln:miejscIIPWersja>2016-11-24T09:52:53+02:00</sln:miejscIIPWersja><sln:miejscIdTeryt>0262208</sln:miejscIdTeryt><sln:miejscNazwa>Kalina Górecka</sln:miejscNazwa><sln:miejscRodzaj>Wieś</sln:miejscRodzaj><sln:powIIPId>b223bd08-4fe5-4456-8797-8eb39bfbd775</sln:powIIPId><sln:powIIPPn>PL.PZGIK.200</sln:powIIPPn><sln:powIIPWersja>2012-09-27T09:32:07+02:00</sln:powIIPWersja><sln:powIdTeryt>2604</sln:powIdTeryt><sln:powNazwa>kielecki</sln:powNazwa><sln:waznyOd>2014-03-05T00:00:00+01:00</sln:waznyOd><sln:wojIIPId>d021c0dd-b22e-4fcd-8444-904c64ec3aa8</sln:wojIIPId><sln:wojIIPPn>PL.PZGIK.200</sln:wojIIPPn><sln:wojIIPWersja>2012-09-27T13:45:13+02:00</sln:wojIIPWersja><sln:wojIdTeryt>26</sln:wojIdTeryt><sln:wojNazwa>świętokrzyskie</sln:wojNazwa></sln:miejscowosc><sln:miejscowosc><sln:cyklZyciaOd>2015-11-04T00:00:00+01:00</sln:cyklZyciaOd><sln:gmIIPId>f643f3e6-c97f-469e-ae95-c422253bc082</sln:gmIIPId><sln:gmIIPPn>PL.PZGIK.200</sln:gmIIPPn><sln:gmIIPWersja>2012-09-26T22:18:31+02:00</sln:gmIIPWersja><sln:gmIdTeryt>2604152</sln:gmIdTeryt><sln:gmNazwa>Pierzchnica</sln:gmNazwa><sln:miejscIIPId>34e3c05c-08c0-471d-a1b2-a31cfb9118bb</sln:miejscIIPId><sln:miejscIIPPn>PL.PZGIK.200</sln:miejscIIPPn><sln:miejscIIPWersja>2016-11-24T09:52:53+02:00</sln:miejscIIPWersja><sln:miejscIdTeryt>0262190</sln:miejscIdTeryt><sln:miejscNazwa>Leonów</sln:miejscNazwa><sln:miejscRodzaj>Przysiółek</sln:miejscRodzaj><sln:powIIPId>b223bd08-4fe5-4456-8797-8eb39bfbd775</sln:powIIPId><sln:powIIPPn>PL.PZGIK.200</sln:powIIPPn><sln:powIIPWersja>2012-09-27T09:32:07+02:00</sln:powIIPWersja><sln:powIdTeryt>2604</sln:powIdTeryt><sln:powNazwa>kielecki</sln:powNazwa><sln:waznyOd>2015-04-29T00:00:00+02:00</sln:waznyOd><sln:wojIIPId>d021c0dd-b22e-4fcd-8444-904c64ec3aa8</sln:wojIIPId><sln:wojIIPPn>PL.PZGIK.200</sln:wojIIPPn><sln:wojIIPWersja>2012-09-27T13:45:13+02:00</sln:wojIIPWersja><sln:wojIdTeryt>26</sln:wojIdTeryt><sln:wojNazwa>świętokrzyskie</sln:wojNazwa></sln:miejscowosc><sln:miejscowosc><sln:cyklZyciaOd>2015-11-04T00:00:00+01:00</sln:cyklZyciaOd><sln:gmIIPId>f643f3e6-c97f-469e-ae95-c422253bc082</sln:gmIIPId><sln:gmIIPPn>PL.PZGIK.200</sln:gmIIPPn><sln:gmIIPWersja>2012-09-26T22:18:31+02:00</sln:gmIIPWersja><sln:gmIdTeryt>2604152</sln:gmIdTeryt><sln:gmNazwa>Pierzchnica</sln:gmNazwa><sln:miejscIIPId>a0841858-9ec6-4fdc-8792-30562598d87c</sln:miejscIIPId><sln:miejscIIPPn>PL.PZGIK.200</sln:miejscIIPPn><sln:miejscIIPWersja>2016-11-24T09:52:54+02:00</sln:miejscIIPWersja><sln:miejscIdTeryt>0262266</sln:miejscIdTeryt><sln:miejscNazwa>Lizawy</sln:miejscNazwa><sln:miejscRodzaj>Kolonia</sln:miejscRodzaj><sln:powIIPId>b223bd08-4fe5-4456-8797-8eb39bfbd775</sln:powIIPId><sln:powIIPPn>PL.PZGIK.200</sln:powIIPPn><sln:powIIPWersja>2012-09-27T09:32:07+02:00</sln:powIIPWersja><sln:powIdTeryt>2604</sln:powIdTeryt><sln:powNazwa>kielecki</sln:powNazwa><sln:waznyOd>2015-04-14T00:00:00+02:00</sln:waznyOd><sln:wojIIPId>d021c0dd-b22e-4fcd-8444-904c64ec3aa8</sln:wojIIPId><sln:wojIIPPn>PL.PZGIK.200</sln:wojIIPPn><sln:wojIIPWersja>2012-09-27T13:45:13+02:00</sln:wojIIPWersja><sln:wojIdTeryt>26</sln:wojIdTeryt><sln:wojNazwa>świętokrzyskie</sln:wojNazwa></sln:miejscowosc><sln:miejscowosc><sln:cyklZyciaOd>2015-11-04T00:00:00+01:00</sln:cyklZyciaOd><sln:gmIIPId>f643f3e6-c97f-469e-ae95-c422253bc082</sln:gmIIPId><sln:gmIIPPn>PL.PZGIK.200</sln:gmIIPPn><sln:gmIIPWersja>2012-09-26T22:18:31+02:00</sln:gmIIPWersja><sln:gmIdTeryt>2604152</sln:gmIdTeryt><sln:gmNazwa>Pierzchnica</sln:gmNazwa><sln:miejscIIPId>9d655e21-f1bd-4dc9-af7d-30a0d6697c6a</sln:miejscIIPId><sln:miejscIIPPn>PL.PZGIK.200</sln:miejscIIPPn><sln:miejscIIPWersja>2016-11-24T09:52:53+02:00</sln:miejscIIPWersja><sln:miejscIdTeryt>0262214</sln:miejscIdTeryt><sln:miejscNazwa>Maleszowa</sln:miejscNazwa><sln:miejscRodzaj>Wieś</sln:miejscRodzaj><sln:powIIPId>b223bd08-4fe5-4456-8797-8eb39bfbd775</sln:powIIPId><sln:powIIPPn>PL.PZGIK.200</sln:powIIPPn><sln:powIIPWersja>2012-09-27T09:32:07+02:00</sln:powIIPWersja><sln:powIdTeryt>2604</sln:powIdTeryt><sln:powNazwa>kielecki</sln:powNazwa><sln:waznyOd>2014-03-05T00:00:00+01:00</sln:waznyOd><sln:wojIIPId>d021c0dd-b22e-4fcd-8444-904c64ec3aa8</sln:wojIIPId><sln:wojIIPPn>PL.PZGIK.200</sln:wojIIPPn><sln:wojIIPWersja>2012-09-27T13:45:13+02:00</sln:wojIIPWersja><sln:wojIdTeryt>26</sln:wojIdTeryt><sln:wojNazwa>świętokrzyskie</sln:wojNazwa></sln:miejscowosc><sln:miejscowosc><sln:cyklZyciaOd>2015-11-04T00:00:00+01:00</sln:cyklZyciaOd><sln:gmIIPId>f643f3e6-c97f-469e-ae95-c422253bc082</sln:gmIIPId><sln:gmIIPPn>PL.PZGIK.200</sln:gmIIPPn><sln:gmIIPWersja>2012-09-26T22:18:31+02:00</sln:gmIIPWersja><sln:gmIdTeryt>2604152</sln:gmIdTeryt><sln:gmNazwa>Pierzchnica</sln:gmNazwa><sln:miejscIIPId>b44b6192-0c96-405e-833c-5e8bec1a5e81</sln:miejscIIPId><sln:miejscIIPPn>PL.PZGIK.200</sln:miejscIIPPn><sln:miejscIIPWersja>2016-11-24T09:52:54+02:00</sln:miejscIIPWersja><sln:miejscIdTeryt>0262243</sln:miejscIdTeryt><sln:miejscNazwa>Osiny</sln:miejscNazwa><sln:miejscRodzaj>Wieś</sln:miejscRodzaj><sln:powIIPId>b223bd08-4fe5-4456-8797-8eb39bfbd775</sln:powIIPId><sln:powIIPPn>PL.PZGIK.200</sln:powIIPPn><sln:powIIPWersja>2012-09-27T09:32:07+02:00</sln:powIIPWersja><sln:powIdTeryt>2604</sln:powIdTeryt><sln:powNazwa>kielecki</sln:powNazwa><sln:waznyOd>2014-03-05T00:00:00+01:00</sln:waznyOd><sln:wojIIPId>d021c0dd-b22e-4fcd-8444-904c64ec3aa8</sln:wojIIPId><sln:wojIIPPn>PL.PZGIK.200</sln:wojIIPPn><sln:wojIIPWersja>2012-09-27T13:45:13+02:00</sln:wojIIPWersja><sln:wojIdTeryt>26</sln:wojIdTeryt><sln:wojNazwa>świętokrzyskie</sln:wojNazwa></sln:miejscowosc><sln:miejscowosc><sln:cyklZyciaOd>2015-11-04T00:00:00+01:00</sln:cyklZyciaOd><sln:gmIIPId>f643f3e6-c97f-469e-ae95-c422253bc082</sln:gmIIPId><sln:gmIIPPn>PL.PZGIK.200</sln:gmIIPPn><sln:gmIIPWersja>2012-09-26T22:18:31+02:00</sln:gmIIPWersja><sln:gmIdTeryt>2604152</sln:gmIdTeryt><sln:gmNazwa>Pierzchnica</sln:gmNazwa><sln:miejscIIPId>d43b3d1d-843a-4e74-8f8a-f8f2f4b31515</sln:miejscIIPId><sln:miejscIIPPn>PL.PZGIK.200</sln:miejscIIPPn><sln:miejscIIPWersja>2016-11-24T09:52:54+02:00</sln:miejscIIPWersja><sln:miejscIdTeryt>0262378</sln:miejscIdTeryt><sln:miejscNazwa>Parcela</sln:miejscNazwa><sln:miejscRodzaj>Inny obiekt</sln:miejscRodzaj><sln:powIIPId>b223bd08-4fe5-4456-8797-8eb39bfbd775</sln:powIIPId><sln:powIIPPn>PL.PZGIK.200</sln:powIIPPn><sln:powIIPWersja>2012-09-27T09:32:07+02:00</sln:powIIPWersja><sln:powIdTeryt>2604</sln:powIdTeryt><sln:powNazwa>kielecki</sln:powNazwa><sln:waznyOd>2015-04-14T00:00:00+02:00</sln:waznyOd><sln:wojIIPId>d021c0dd-b22e-4fcd-8444-904c64ec3aa8</sln:wojIIPId><sln:wojIIPPn>PL.PZGIK.200</sln:wojIIPPn><sln:wojIIPWersja>2012-09-27T13:45:13+02:00</sln:wojIIPWersja><sln:wojIdTeryt>26</sln:wojIdTeryt><sln:wojNazwa>świętokrzyskie</sln:wojNazwa></sln:miejscowosc><sln:miejscowosc><sln:cyklZyciaOd>2015-11-04T00:00:00+01:00</sln:cyklZyciaOd><sln:gmIIPId>f643f3e6-c97f-469e-ae95-c422253bc082</sln:gmIIPId><sln:gmIIPPn>PL.PZGIK.200</sln:gmIIPPn><sln:gmIIPWersja>2012-09-26T22:18:31+02:00</sln:gmIIPWersja><sln:gmIdTeryt>2604152</sln:gmIdTeryt><sln:gmNazwa>Pierzchnica</sln:gmNazwa><sln:miejscIIPId>1e736a27-f8d8-40ae-acd4-9d898641dcd3</sln:miejscIIPId><sln:miejscIIPPn>PL.PZGIK.200</sln:miejscIIPPn><sln:miejscIIPWersja>2016-11-24T09:52:54+02:00</sln:miejscIIPWersja><sln:miejscIdTeryt>0262295</sln:miejscIdTeryt><sln:miejscNazwa>Pierzchnianka</sln:miejscNazwa><sln:miejscRodzaj>Wieś</sln:miejscRodzaj><sln:powIIPId>b223bd08-4fe5-4456-8797-8eb39bfbd775</sln:powIIPId><sln:powIIPPn>PL.PZGIK.200</sln:powIIPPn><sln:powIIPWersja>2012-09-27T09:32:07+02:00</sln:powIIPWersja><sln:powIdTeryt>2604</sln:powIdTeryt><sln:powNazwa>kielecki</sln:powNazwa><sln:waznyOd>2014-03-05T00:00:00+01:00</sln:waznyOd><sln:wojIIPId>d021c0dd-b22e-4fcd-8444-904c64ec3aa8</sln:wojIIPId><sln:wojIIPPn>PL.PZGIK.200</sln:wojIIPPn><sln:wojIIPWersja>2012-09-27T13:45:13+02:00</sln:wojIIPWersja><sln:wojIdTeryt>26</sln:wojIdTeryt><sln:wojNazwa>świętokrzyskie</sln:wojNazwa></sln:miejscowosc><sln:miejscowosc><sln:cyklZyciaOd>2015-11-04T00:00:00+01:00</sln:cyklZyciaOd><sln:gmIIPId>f643f3e6-c97f-469e-ae95-c422253bc082</sln:gmIIPId><sln:gmIIPPn>PL.PZGIK.200</sln:gmIIPPn><sln:gmIIPWersja>2012-09-26T22:18:31+02:00</sln:gmIIPWersja><sln:gmIdTeryt>2604152</sln:gmIdTeryt><sln:gmNazwa>Pierzchnica</sln:gmNazwa><sln:miejscIIPId>e37632a4-6ab9-4a40-afd5-4e168a157ea0</sln:miejscIIPId><sln:miejscIIPPn>PL.PZGIK.200</sln:miejscIIPPn><sln:miejscIIPWersja>2016-11-24T09:52:54+02:00</sln:miejscIIPWersja><sln:miejscIdTeryt>0262310</sln:miejscIdTeryt><sln:miejscNazwa>Pierzchnica</sln:miejscNazwa><sln:miejscRodzaj>Wieś</sln:miejscRodzaj><sln:powIIPId>b223bd08-4fe5-4456-8797-8eb39bfbd775</sln:powIIPId><sln:powIIPPn>PL.PZGIK.200</sln:powIIPPn><sln:powIIPWersja>2012-09-27T09:32:07+02:00</sln:powIIPWersja><sln:powIdTeryt>2604</sln:powIdTeryt><sln:powNazwa>kielecki</sln:powNazwa><sln:waznyOd>2014-03-05T00:00:00+01:00</sln:waznyOd><sln:wojIIPId>d021c0dd-b22e-4fcd-8444-904c64ec3aa8</sln:wojIIPId><sln:wojIIPPn>PL.PZGIK.200</sln:wojIIPPn><sln:wojIIPWersja>2012-09-27T13:45:13+02:00</sln:wojIIPWersja><sln:wojIdTeryt>26</sln:wojIdTeryt><sln:wojNazwa>świętokrzyskie</sln:wojNazwa></sln:miejscowosc><sln:miejscowosc><sln:cyklZyciaOd>2015-11-04T00:00:00+01:00</sln:cyklZyciaOd><sln:gmIIPId>f643f3e6-c97f-469e-ae95-c422253bc082</sln:gmIIPId><sln:gmIIPPn>PL.PZGIK.200</sln:gmIIPPn><sln:gmIIPWersja>2012-09-26T22:18:31+02:00</sln:gmIIPWersja><sln:gmIdTeryt>2604152</sln:gmIdTeryt><sln:gmNazwa>Pierzchnica</sln:gmNazwa><sln:miejscIIPId>37d31740-3d40-4009-b8f6-1a81b455a060</sln:miejscIIPId><sln:miejscIIPPn>PL.PZGIK.200</sln:miejscIIPPn><sln:miejscIIPWersja>2016-11-24T09:52:54+02:00</sln:miejscIIPWersja><sln:miejscIdTeryt>0262326</sln:miejscIdTeryt><sln:miejscNazwa>Podlesie</sln:miejscNazwa><sln:miejscRodzaj>Wieś</sln:miejscRodzaj><sln:powIIPId>b223bd08-4fe5-4456-8797-8eb39bfbd775</sln:powIIPId><sln:powIIPPn>PL.PZGIK.200</sln:powIIPPn><sln:powIIPWersja>2012-09-27T09:32:07+02:00</sln:powIIPWersja><sln:powIdTeryt>2604</sln:powIdTeryt><sln:powNazwa>kielecki</sln:powNazwa><sln:waznyOd>2014-03-05T00:00:00+01:00</sln:waznyOd><sln:wojIIPId>d021c0dd-b22e-4fcd-8444-904c64ec3aa8</sln:wojIIPId><sln:wojIIPPn>PL.PZGIK.200</sln:wojIIPPn><sln:wojIIPWersja>2012-09-27T13:45:13+02:00</sln:wojIIPWersja><sln:wojIdTeryt>26</sln:wojIdTeryt><sln:wojNazwa>świętokrzyskie</sln:wojNazwa></sln:miejscowosc><sln:miejscowosc><sln:cyklZyciaOd>2015-11-04T00:00:00+01:00</sln:cyklZyciaOd><sln:gmIIPId>f643f3e6-c97f-469e-ae95-c422253bc082</sln:gmIIPId><sln:gmIIPPn>PL.PZGIK.200</sln:gmIIPPn><sln:gmIIPWersja>2012-09-26T22:18:31+02:00</sln:gmIIPWersja><sln:gmIdTeryt>2604152</sln:gmIdTeryt><sln:gmNazwa>Pierzchnica</sln:gmNazwa><sln:miejscIIPId>837f1ed6-77f1-45c2-beca-295d1d611417</sln:miejscIIPId><sln:miejscIIPPn>PL.PZGIK.200</sln:miejscIIPPn><sln:miejscIIPWersja>2016-11-24T09:52:54+02:00</sln:miejscIIPWersja><sln:miejscIdTeryt>0262361</sln:miejscIdTeryt><sln:miejscNazwa>Podstoła</sln:miejscNazwa><sln:miejscRodzaj>Wieś</sln:miejscRodzaj><sln:powIIPId>b223bd08-4fe5-4456-8797-8eb39bfbd775</sln:powIIPId><sln:powIIPPn>PL.PZGIK.200</sln:powIIPPn><sln:powIIPWersja>2012-09-27T09:32:07+02:00</sln:powIIPWersja><sln:powIdTeryt>2604</sln:powIdTeryt><sln:powNazwa>kielecki</sln:powNazwa><sln:waznyOd>2014-03-05T00:00:00+01:00</sln:waznyOd><sln:wojIIPId>d021c0dd-b22e-4fcd-8444-904c64ec3aa8</sln:wojIIPId><sln:wojIIPPn>PL.PZGIK.200</sln:wojIIPPn><sln:wojIIPWersja>2012-09-27T13:45:13+02:00</sln:wojIIPWersja><sln:wojIdTeryt>26</sln:wojIdTeryt><sln:wojNazwa>świętokrzyskie</sln:wojNazwa></sln:miejscowosc><sln:miejscowosc><sln:cyklZyciaOd>2015-11-04T00:00:00+01:00</sln:cyklZyciaOd><sln:gmIIPId>f643f3e6-c97f-469e-ae95-c422253bc082</sln:gmIIPId><sln:gmIIPPn>PL.PZGIK.200</sln:gmIIPPn><sln:gmIIPWersja>2012-09-26T22:18:31+02:00</sln:gmIIPWersja><sln:gmIdTeryt>2604152</sln:gmIdTeryt><sln:gmNazwa>Pierzchnica</sln:gmNazwa><sln:miejscIIPId>2dbc2ab7-986b-4d51-bc5f-cec516446906</sln:miejscIIPId><sln:miejscIIPPn>PL.PZGIK.200</sln:miejscIIPPn><sln:miejscIIPWersja>2016-11-24T09:52:54+02:00</sln:miejscIIPWersja><sln:miejscIdTeryt>0262390</sln:miejscIdTeryt><sln:miejscNazwa>Skrzelczyce</sln:miejscNazwa><sln:miejscRodzaj>Wieś</sln:miejscRodzaj><sln:powIIPId>b223bd08-4fe5-4456-8797-8eb39bfbd775</sln:powIIPId><sln:powIIPPn>PL.PZGIK.200</sln:powIIPPn><sln:powIIPWersja>2012-09-27T09:32:07+02:00</sln:powIIPWersja><sln:powIdTeryt>2604</sln:powIdTeryt><sln:powNazwa>kielecki</sln:powNazwa><sln:waznyOd>2014-03-05T00:00:00+01:00</sln:waznyOd><sln:wojIIPId>d021c0dd-b22e-4fcd-8444-904c64ec3aa8</sln:wojIIPId><sln:wojIIPPn>PL.PZGIK.200</sln:wojIIPPn><sln:wojIIPWersja>2012-09-27T13:45:13+02:00</sln:wojIIPWersja><sln:wojIdTeryt>26</sln:wojIdTeryt><sln:wojNazwa>świętokrzyskie</sln:wojNazwa></sln:miejscowosc><sln:miejscowosc><sln:cyklZyciaOd>2015-11-04T00:00:00+01:00</sln:cyklZyciaOd><sln:gmIIPId>f643f3e6-c97f-469e-ae95-c422253bc082</sln:gmIIPId><sln:gmIIPPn>PL.PZGIK.200</sln:gmIIPPn><sln:gmIIPWersja>2012-09-26T22:18:31+02:00</sln:gmIIPWersja><sln:gmIdTeryt>2604152</sln:gmIdTeryt><sln:gmNazwa>Pierzchnica</sln:gmNazwa><sln:miejscIIPId>3704ce07-b6dd-4514-b464-b4bbdeebddc7</sln:miejscIIPId><sln:miejscIIPPn>PL.PZGIK.200</sln:miejscIIPPn><sln:miejscIIPWersja>2016-11-24T09:52:54+02:00</sln:miejscIIPWersja><sln:miejscIdTeryt>0262533</sln:miejscIdTeryt><sln:miejscNazwa>Strojnów</sln:miejscNazwa><sln:miejscRodzaj>Wieś</sln:miejscRodzaj><sln:powIIPId>b223bd08-4fe5-4456-8797-8eb39bfbd775</sln:powIIPId><sln:powIIPPn>PL.PZGIK.200</sln:powIIPPn><sln:powIIPWersja>2012-09-27T09:32:07+02:00</sln:powIIPWersja><sln:powIdTeryt>2604</sln:powIdTeryt><sln:powNazwa>kielecki</sln:powNazwa><sln:waznyOd>2014-03-05T00:00:00+01:00</sln:waznyOd><sln:wojIIPId>d021c0dd-b22e-4fcd-8444-904c64ec3aa8</sln:wojIIPId><sln:wojIIPPn>PL.PZGIK.200</sln:wojIIPPn><sln:wojIIPWersja>2012-09-27T13:45:13+02:00</sln:wojIIPWersja><sln:wojIdTeryt>26</sln:wojIdTeryt><sln:wojNazwa>świętokrzyskie</sln:wojNazwa></sln:miejscowosc><sln:miejscowosc><sln:cyklZyciaOd>2015-11-04T00:00:00+01:00</sln:cyklZyciaOd><sln:gmIIPId>f643f3e6-c97f-469e-ae95-c422253bc082</sln:gmIIPId><sln:gmIIPPn>PL.PZGIK.200</sln:gmIIPPn><sln:gmIIPWersja>2012-09-26T22:18:31+02:00</sln:gmIIPWersja><sln:gmIdTeryt>2604152</sln:gmIdTeryt><sln:gmNazwa>Pierzchnica</sln:gmNazwa><sln:miejscIIPId>cd16ca52-405d-4682-a09f-80cac2581557</sln:miejscIIPId><sln:miejscIIPPn>PL.PZGIK.200</sln:miejscIIPPn><sln:miejscIIPWersja>2016-11-24T09:52:54+02:00</sln:miejscIIPWersja><sln:miejscIdTeryt>0262562</sln:miejscIdTeryt><sln:miejscNazwa>Ujny</sln:miejscNazwa><sln:miejscRodzaj>Wieś</sln:miejscRodzaj><sln:powIIPId>b223bd08-4fe5-4456-8797-8eb39bfbd775</sln:powIIPId><sln:powIIPPn>PL.PZGIK.200</sln:powIIPPn><sln:powIIPWersja>2012-09-27T09:32:07+02:00</sln:powIIPWersja><sln:powIdTeryt>2604</sln:powIdTeryt><sln:powNazwa>kielecki</sln:powNazwa><sln:waznyOd>2014-03-05T00:00:00+01:00</sln:waznyOd><sln:wojIIPId>d021c0dd-b22e-4fcd-8444-904c64ec3aa8</sln:wojIIPId><sln:wojIIPPn>PL.PZGIK.200</sln:wojIIPPn><sln:wojIIPWersja>2012-09-27T13:45:13+02:00</sln:wojIIPWersja><sln:wojIdTeryt>26</sln:wojIdTeryt><sln:wojNazwa>świętokrzyskie</sln:wojNazwa></sln:miejscowosc><sln:miejscowosc><sln:cyklZyciaOd>2015-11-04T00:00:00+01:00</sln:cyklZyciaOd><sln:gmIIPId>f643f3e6-c97f-469e-ae95-c422253bc082</sln:gmIIPId><sln:gmIIPPn>PL.PZGIK.200</sln:gmIIPPn><sln:gmIIPWersja>2012-09-26T22:18:31+02:00</sln:gmIIPWersja><sln:gmIdTeryt>2604152</sln:gmIdTeryt><sln:gmNazwa>Pierzchnica</sln:gmNazwa><sln:miejscIIPId>340f726a-d452-4deb-b24c-831744b119c9</sln:miejscIIPId><sln:miejscIIPPn>PL.PZGIK.200</sln:miejscIIPPn><sln:miejscIIPWersja>2016-11-24T09:52:54+02:00</sln:miejscIIPWersja><sln:miejscIdTeryt>0262591</sln:miejscIdTeryt><sln:miejscNazwa>Wierzbie</sln:miejscNazwa><sln:miejscRodzaj>Wieś</sln:miejscRodzaj><sln:powIIPId>b223bd08-4fe5-4456-8797-8eb39bfbd775</sln:powIIPId><sln:powIIPPn>PL.PZGIK.200</sln:powIIPPn><sln:powIIPWersja>2012-09-27T09:32:07+02:00</sln:powIIPWersja><sln:powIdTeryt>2604</sln:powIdTeryt><sln:powNazwa>kielecki</sln:powNazwa><sln:waznyOd>2014-03-05T00:00:00+01:00</sln:waznyOd><sln:wojIIPId>d021c0dd-b22e-4fcd-8444-904c64ec3aa8</sln:wojIIPId><sln:wojIIPPn>PL.PZGIK.200</sln:wojIIPPn><sln:wojIIPWersja>2012-09-27T13:45:13+02:00</sln:wojIIPWersja><sln:wojIdTeryt>26</sln:wojIdTeryt><sln:wojNazwa>świętokrzyskie</sln:wojNazwa></sln:miejscowosc></sln:lista-miejscowosci>