<?xml version="1.0" encoding="UTF-8" standalone="yes"?><sln:lista-miejscowosci xmlns:srv="http://gugik.gov.pl/schemas/slowniki-service/1.0" xmlns:sln="http://gugik.gov.pl/schemas/slowniki-schema/1.0"><sln:miejscowosc><sln:cyklZyciaOd>2014-12-06T00:00:00+01:00</sln:cyklZyciaOd><sln:gmIIPId>cf2323df-2170-4e3e-a921-cfb6edfc3cba</sln:gmIIPId><sln:gmIIPPn>PL.PZGIK.200</sln:gmIIPPn><sln:gmIIPWersja>2012-09-26T22:18:15+02:00</sln:gmIIPWersja><sln:gmIdTeryt>2602033</sln:gmIdTeryt><sln:gmNazwa>Małogoszcz</sln:gmNazwa><sln:miejscIIPId>41396dc7-f8d8-4707-8522-0418067dfa87</sln:miejscIIPId><sln:miejscIIPPn>PL.PZGIK.200</sln:miejscIIPPn><sln:miejscIIPWersja>2016-11-24T13:59:36+02:00</sln:miejscIIPWersja><sln:miejscIdTeryt>0249640</sln:miejscIdTeryt><sln:miejscNazwa>Poprzeczaki</sln:miejscNazwa><sln:miejscRodzaj>Inny obiekt</sln:miejscRodzaj><sln:powIIPId>2c76d255-52fc-4e03-84c4-ea9d923212b2</sln:powIIPId><sln:powIIPPn>PL.PZGIK.200</sln:powIIPPn><sln:powIIPWersja>2012-09-27T09:32:07+02:00</sln:powIIPWersja><sln:powIdTeryt>2602</sln:powIdTeryt><sln:powNazwa>jędrzejowski</sln:powNazwa><sln:wojIIPId>d021c0dd-b22e-4fcd-8444-904c64ec3aa8</sln:wojIIPId><sln:wojIIPPn>PL.PZGIK.200</sln:wojIIPPn><sln:wojIIPWersja>2012-09-27T13:45:13+02:00</sln:wojIIPWersja><sln:wojIdTeryt>26</sln:wojIdTeryt><sln:wojNazwa>świętokrzyskie</sln:wojNazwa></sln:miejscowosc><sln:miejscowosc><sln:cyklZyciaOd>2014-12-06T00:00:00+01:00</sln:cyklZyciaOd><sln:gmIIPId>cf2323df-2170-4e3e-a921-cfb6edfc3cba</sln:gmIIPId><sln:gmIIPPn>PL.PZGIK.200</sln:gmIIPPn><sln:gmIIPWersja>2012-09-26T22:18:15+02:00</sln:gmIIPWersja><sln:gmIdTeryt>2602033</sln:gmIdTeryt><sln:gmNazwa>Małogoszcz</sln:gmNazwa><sln:miejscIIPId>5a2f0e9a-386e-4fbc-aa39-2210bb10ec4f</sln:miejscIIPId><sln:miejscIIPPn>PL.PZGIK.200</sln:miejscIIPPn><sln:miejscIIPWersja>2016-11-24T13:59:36+02:00</sln:miejscIIPWersja><sln:miejscIdTeryt>0249372</sln:miejscIdTeryt><sln:miejscNazwa>Suwałki</sln:miejscNazwa><sln:miejscRodzaj>Inny obiekt</sln:miejscRodzaj><sln:powIIPId>2c76d255-52fc-4e03-84c4-ea9d923212b2</sln:powIIPId><sln:powIIPPn>PL.PZGIK.200</sln:powIIPPn><sln:powIIPWersja>2012-09-27T09:32:07+02:00</sln:powIIPWersja><sln:powIdTeryt>2602</sln:powIdTeryt><sln:powNazwa>jędrzejowski</sln:powNazwa><sln:wojIIPId>d021c0dd-b22e-4fcd-8444-904c64ec3aa8</sln:wojIIPId><sln:wojIIPPn>PL.PZGIK.200</sln:wojIIPPn><sln:wojIIPWersja>2012-09-27T13:45:13+02:00</sln:wojIIPWersja><sln:wojIdTeryt>26</sln:wojIdTeryt><sln:wojNazwa>świętokrzyskie</sln:wojNazwa></sln:miejscowosc><sln:miejscowosc><sln:cyklZyciaOd>2014-12-06T00:00:00+01:00</sln:cyklZyciaOd><sln:gmIIPId>cf2323df-2170-4e3e-a921-cfb6edfc3cba</sln:gmIIPId><sln:gmIIPPn>PL.PZGIK.200</sln:gmIIPPn><sln:gmIIPWersja>2012-09-26T22:18:15+02:00</sln:gmIIPWersja><sln:gmIdTeryt>2602033</sln:gmIdTeryt><sln:gmNazwa>Małogoszcz</sln:gmNazwa><sln:miejscIIPId>9615b771-23e9-446e-8393-82dc9e628d83</sln:miejscIIPId><sln:miejscIIPPn>PL.PZGIK.200</sln:miejscIIPPn><sln:miejscIIPWersja>2016-11-24T13:59:36+02:00</sln:miejscIIPWersja><sln:miejscIdTeryt>0249314</sln:miejscIdTeryt><sln:miejscNazwa>Słupek</sln:miejscNazwa><sln:miejscRodzaj>Inny obiekt</sln:miejscRodzaj><sln:powIIPId>2c76d255-52fc-4e03-84c4-ea9d923212b2</sln:powIIPId><sln:powIIPPn>PL.PZGIK.200</sln:powIIPPn><sln:powIIPWersja>2012-09-27T09:32:07+02:00</sln:powIIPWersja><sln:powIdTeryt>2602</sln:powIdTeryt><sln:powNazwa>jędrzejowski</sln:powNazwa><sln:wojIIPId>d021c0dd-b22e-4fcd-8444-904c64ec3aa8</sln:wojIIPId><sln:wojIIPPn>PL.PZGIK.200</sln:wojIIPPn><sln:wojIIPWersja>2012-09-27T13:45:13+02:00</sln:wojIIPWersja><sln:wojIdTeryt>26</sln:wojIdTeryt><sln:wojNazwa>świętokrzyskie</sln:wojNazwa></sln:miejscowosc><sln:miejscowosc><sln:cyklZyciaOd>2014-12-06T00:00:00+01:00</sln:cyklZyciaOd><sln:gmIIPId>cf2323df-2170-4e3e-a921-cfb6edfc3cba</sln:gmIIPId><sln:gmIIPPn>PL.PZGIK.200</sln:gmIIPPn><sln:gmIIPWersja>2012-09-26T22:18:15+02:00</sln:gmIIPWersja><sln:gmIdTeryt>2602033</sln:gmIdTeryt><sln:gmNazwa>Małogoszcz</sln:gmNazwa><sln:miejscIIPId>e0eed498-354f-4ea8-a718-dd72aadc113e</sln:miejscIIPId><sln:miejscIIPPn>PL.PZGIK.200</sln:miejscIIPPn><sln:miejscIIPWersja>2016-11-24T13:56:45+02:00</sln:miejscIIPWersja><sln:miejscIdTeryt>0249254</sln:miejscIdTeryt><sln:miejscNazwa>Milianów</sln:miejscNazwa><sln:miejscRodzaj>Inny obiekt</sln:miejscRodzaj><sln:powIIPId>2c76d255-52fc-4e03-84c4-ea9d923212b2</sln:powIIPId><sln:powIIPPn>PL.PZGIK.200</sln:powIIPPn><sln:powIIPWersja>2012-09-27T09:32:07+02:00</sln:powIIPWersja><sln:powIdTeryt>2602</sln:powIdTeryt><sln:powNazwa>jędrzejowski</sln:powNazwa><sln:wojIIPId>d021c0dd-b22e-4fcd-8444-904c64ec3aa8</sln:wojIIPId><sln:wojIIPPn>PL.PZGIK.200</sln:wojIIPPn><sln:wojIIPWersja>2012-09-27T13:45:13+02:00</sln:wojIIPWersja><sln:wojIdTeryt>26</sln:wojIdTeryt><sln:wojNazwa>świętokrzyskie</sln:wojNazwa></sln:miejscowosc><sln:miejscowosc><sln:cyklZyciaOd>2014-12-06T00:00:00+01:00</sln:cyklZyciaOd><sln:gmIIPId>cf2323df-2170-4e3e-a921-cfb6edfc3cba</sln:gmIIPId><sln:gmIIPPn>PL.PZGIK.200</sln:gmIIPPn><sln:gmIIPWersja>2012-09-26T22:18:15+02:00</sln:gmIIPWersja><sln:gmIdTeryt>2602033</sln:gmIdTeryt><sln:gmNazwa>Małogoszcz</sln:gmNazwa><sln:miejscIIPId>8e9da004-c129-46c4-906a-a3a3a0a1318c</sln:miejscIIPId><sln:miejscIIPPn>PL.PZGIK.200</sln:miejscIIPPn><sln:miejscIIPWersja>2016-11-24T13:51:11+02:00</sln:miejscIIPWersja><sln:miejscIdTeryt>0249633</sln:miejscIdTeryt><sln:miejscNazwa>Kolonie</sln:miejscNazwa><sln:miejscRodzaj>Inny obiekt</sln:miejscRodzaj><sln:powIIPId>2c76d255-52fc-4e03-84c4-ea9d923212b2</sln:powIIPId><sln:powIIPPn>PL.PZGIK.200</sln:powIIPPn><sln:powIIPWersja>2012-09-27T09:32:07+02:00</sln:powIIPWersja><sln:powIdTeryt>2602</sln:powIdTeryt><sln:powNazwa>jędrzejowski</sln:powNazwa><sln:wojIIPId>d021c0dd-b22e-4fcd-8444-904c64ec3aa8</sln:wojIIPId><sln:wojIIPPn>PL.PZGIK.200</sln:wojIIPPn><sln:wojIIPWersja>2012-09-27T13:45:13+02:00</sln:wojIIPWersja><sln:wojIdTeryt>26</sln:wojIdTeryt><sln:wojNazwa>świętokrzyskie</sln:wojNazwa></sln:miejscowosc><sln:miejscowosc><sln:cyklZyciaOd>2014-12-06T00:00:00+01:00</sln:cyklZyciaOd><sln:gmIIPId>cf2323df-2170-4e3e-a921-cfb6edfc3cba</sln:gmIIPId><sln:gmIIPPn>PL.PZGIK.200</sln:gmIIPPn><sln:gmIIPWersja>2012-09-26T22:18:15+02:00</sln:gmIIPWersja><sln:gmIdTeryt>2602033</sln:gmIdTeryt><sln:gmNazwa>Małogoszcz</sln:gmNazwa><sln:miejscIIPId>916c1f2e-a60a-4228-9fe7-e65ad8afa617</sln:miejscIIPId><sln:miejscIIPPn>PL.PZGIK.200</sln:miejscIIPPn><sln:miejscIIPWersja>2016-11-24T13:57:31+02:00</sln:miejscIIPWersja><sln:miejscIdTeryt>0249350</sln:miejscIdTeryt><sln:miejscNazwa>Jarków</sln:miejscNazwa><sln:miejscRodzaj>Inny obiekt</sln:miejscRodzaj><sln:powIIPId>2c76d255-52fc-4e03-84c4-ea9d923212b2</sln:powIIPId><sln:powIIPPn>PL.PZGIK.200</sln:powIIPPn><sln:powIIPWersja>2012-09-27T09:32:07+02:00</sln:powIIPWersja><sln:powIdTeryt>2602</sln:powIdTeryt><sln:powNazwa>jędrzejowski</sln:powNazwa><sln:wojIIPId>d021c0dd-b22e-4fcd-8444-904c64ec3aa8</sln:wojIIPId><sln:wojIIPPn>PL.PZGIK.200</sln:wojIIPPn><sln:wojIIPWersja>2012-09-27T13:45:13+02:00</sln:wojIIPWersja><sln:wojIdTeryt>26</sln:wojIdTeryt><sln:wojNazwa>świętokrzyskie</sln:wojNazwa></sln:miejscowosc><sln:miejscowosc><sln:cyklZyciaOd>2014-12-06T00:00:00+01:00</sln:cyklZyciaOd><sln:gmIIPId>cf2323df-2170-4e3e-a921-cfb6edfc3cba</sln:gmIIPId><sln:gmIIPPn>PL.PZGIK.200</sln:gmIIPPn><sln:gmIIPWersja>2012-09-26T22:18:15+02:00</sln:gmIIPWersja><sln:gmIdTeryt>2602033</sln:gmIdTeryt><sln:gmNazwa>Małogoszcz</sln:gmNazwa><sln:miejscIIPId>a29b9820-fa16-4d6e-adf1-ba2b9fccf56d</sln:miejscIIPId><sln:miejscIIPPn>PL.PZGIK.200</sln:miejscIIPPn><sln:miejscIIPWersja>2016-11-24T13:50:49+02:00</sln:miejscIIPWersja><sln:miejscIdTeryt>0990439</sln:miejscIdTeryt><sln:miejscNazwa>Stacja Małogoszcz</sln:miejscNazwa><sln:miejscRodzaj>Inny obiekt</sln:miejscRodzaj><sln:powIIPId>2c76d255-52fc-4e03-84c4-ea9d923212b2</sln:powIIPId><sln:powIIPPn>PL.PZGIK.200</sln:powIIPPn><sln:powIIPWersja>2012-09-27T09:32:07+02:00</sln:powIIPWersja><sln:powIdTeryt>2602</sln:powIdTeryt><sln:powNazwa>jędrzejowski</sln:powNazwa><sln:wojIIPId>d021c0dd-b22e-4fcd-8444-904c64ec3aa8</sln:wojIIPId><sln:wojIIPPn>PL.PZGIK.200</sln:wojIIPPn><sln:wojIIPWersja>2012-09-27T13:45:13+02:00</sln:wojIIPWersja><sln:wojIdTeryt>26</sln:wojIdTeryt><sln:wojNazwa>świętokrzyskie</sln:wojNazwa></sln:miejscowosc><sln:miejscowosc><sln:cyklZyciaOd>2014-12-06T00:00:00+01:00</sln:cyklZyciaOd><sln:gmIIPId>cf2323df-2170-4e3e-a921-cfb6edfc3cba</sln:gmIIPId><sln:gmIIPPn>PL.PZGIK.200</sln:gmIIPPn><sln:gmIIPWersja>2012-09-26T22:18:15+02:00</sln:gmIIPWersja><sln:gmIdTeryt>2602033</sln:gmIdTeryt><sln:gmNazwa>Małogoszcz</sln:gmNazwa><sln:miejscIIPId>877564e1-2ae9-4332-9d22-6e7168438ba8</sln:miejscIIPId><sln:miejscIIPPn>PL.PZGIK.200</sln:miejscIIPPn><sln:miejscIIPWersja>2016-11-24T13:33:24+02:00</sln:miejscIIPWersja><sln:miejscIdTeryt>0249509</sln:miejscIdTeryt><sln:miejscNazwa>Wiśnicz</sln:miejscNazwa><sln:miejscRodzaj>Wieś</sln:miejscRodzaj><sln:powIIPId>2c76d255-52fc-4e03-84c4-ea9d923212b2</sln:powIIPId><sln:powIIPPn>PL.PZGIK.200</sln:powIIPPn><sln:powIIPWersja>2012-09-27T09:32:07+02:00</sln:powIIPWersja><sln:powIdTeryt>2602</sln:powIdTeryt><sln:powNazwa>jędrzejowski</sln:powNazwa><sln:wojIIPId>d021c0dd-b22e-4fcd-8444-904c64ec3aa8</sln:wojIIPId><sln:wojIIPPn>PL.PZGIK.200</sln:wojIIPPn><sln:wojIIPWersja>2012-09-27T13:45:13+02:00</sln:wojIIPWersja><sln:wojIdTeryt>26</sln:wojIdTeryt><sln:wojNazwa>świętokrzyskie</sln:wojNazwa></sln:miejscowosc><sln:miejscowosc><sln:cyklZyciaOd>2014-12-06T00:00:00+01:00</sln:cyklZyciaOd><sln:gmIIPId>cf2323df-2170-4e3e-a921-cfb6edfc3cba</sln:gmIIPId><sln:gmIIPPn>PL.PZGIK.200</sln:gmIIPPn><sln:gmIIPWersja>2012-09-26T22:18:15+02:00</sln:gmIIPWersja><sln:gmIdTeryt>2602033</sln:gmIdTeryt><sln:gmNazwa>Małogoszcz</sln:gmNazwa><sln:miejscIIPId>bba0517f-7896-45a5-ab5f-b9611ef0a0aa</sln:miejscIIPId><sln:miejscIIPPn>PL.PZGIK.200</sln:miejscIIPPn><sln:miejscIIPWersja>2016-11-24T13:51:17+02:00</sln:miejscIIPWersja><sln:miejscIdTeryt>0249739</sln:miejscIdTeryt><sln:miejscNazwa>Leśniak</sln:miejscNazwa><sln:miejscRodzaj>Inny obiekt</sln:miejscRodzaj><sln:powIIPId>2c76d255-52fc-4e03-84c4-ea9d923212b2</sln:powIIPId><sln:powIIPPn>PL.PZGIK.200</sln:powIIPPn><sln:powIIPWersja>2012-09-27T09:32:07+02:00</sln:powIIPWersja><sln:powIdTeryt>2602</sln:powIdTeryt><sln:powNazwa>jędrzejowski</sln:powNazwa><sln:wojIIPId>d021c0dd-b22e-4fcd-8444-904c64ec3aa8</sln:wojIIPId><sln:wojIIPPn>PL.PZGIK.200</sln:wojIIPPn><sln:wojIIPWersja>2012-09-27T13:45:13+02:00</sln:wojIIPWersja><sln:wojIdTeryt>26</sln:wojIdTeryt><sln:wojNazwa>świętokrzyskie</sln:wojNazwa></sln:miejscowosc><sln:miejscowosc><sln:cyklZyciaOd>2014-12-06T00:00:00+01:00</sln:cyklZyciaOd><sln:gmIIPId>cf2323df-2170-4e3e-a921-cfb6edfc3cba</sln:gmIIPId><sln:gmIIPPn>PL.PZGIK.200</sln:gmIIPPn><sln:gmIIPWersja>2012-09-26T22:18:15+02:00</sln:gmIIPWersja><sln:gmIdTeryt>2602033</sln:gmIdTeryt><sln:gmNazwa>Małogoszcz</sln:gmNazwa><sln:miejscIIPId>72b56da6-33fb-42df-a65e-4295eb3f5bf4</sln:miejscIIPId><sln:miejscIIPPn>PL.PZGIK.200</sln:miejscIIPPn><sln:miejscIIPWersja>2016-11-24T13:56:40+02:00</sln:miejscIIPWersja><sln:miejscIdTeryt>0249219</sln:miejscIdTeryt><sln:miejscNazwa>Dziadówki</sln:miejscNazwa><sln:miejscRodzaj>Inny obiekt</sln:miejscRodzaj><sln:powIIPId>2c76d255-52fc-4e03-84c4-ea9d923212b2</sln:powIIPId><sln:powIIPPn>PL.PZGIK.200</sln:powIIPPn><sln:powIIPWersja>2012-09-27T09:32:07+02:00</sln:powIIPWersja><sln:powIdTeryt>2602</sln:powIdTeryt><sln:powNazwa>jędrzejowski</sln:powNazwa><sln:wojIIPId>d021c0dd-b22e-4fcd-8444-904c64ec3aa8</sln:wojIIPId><sln:wojIIPPn>PL.PZGIK.200</sln:wojIIPPn><sln:wojIIPWersja>2012-09-27T13:45:13+02:00</sln:wojIIPWersja><sln:wojIdTeryt>26</sln:wojIdTeryt><sln:wojNazwa>świętokrzyskie</sln:wojNazwa></sln:miejscowosc><sln:miejscowosc><sln:cyklZyciaOd>2014-12-06T00:00:00+01:00</sln:cyklZyciaOd><sln:gmIIPId>cf2323df-2170-4e3e-a921-cfb6edfc3cba</sln:gmIIPId><sln:gmIIPPn>PL.PZGIK.200</sln:gmIIPPn><sln:gmIIPWersja>2012-09-26T22:18:15+02:00</sln:gmIIPWersja><sln:gmIdTeryt>2602033</sln:gmIdTeryt><sln:gmNazwa>Małogoszcz</sln:gmNazwa><sln:miejscIIPId>cd6aa0b6-049c-4714-a83a-b9c4e284a035</sln:miejscIIPId><sln:miejscIIPPn>PL.PZGIK.200</sln:miejscIIPPn><sln:miejscIIPWersja>2016-11-24T13:33:55+02:00</sln:miejscIIPWersja><sln:miejscIdTeryt>0249567</sln:miejscIdTeryt><sln:miejscNazwa>Wygnanów</sln:miejscNazwa><sln:miejscRodzaj>Wieś</sln:miejscRodzaj><sln:powIIPId>2c76d255-52fc-4e03-84c4-ea9d923212b2</sln:powIIPId><sln:powIIPPn>PL.PZGIK.200</sln:powIIPPn><sln:powIIPWersja>2012-09-27T09:32:07+02:00</sln:powIIPWersja><sln:powIdTeryt>2602</sln:powIdTeryt><sln:powNazwa>jędrzejowski</sln:powNazwa><sln:wojIIPId>d021c0dd-b22e-4fcd-8444-904c64ec3aa8</sln:wojIIPId><sln:wojIIPPn>PL.PZGIK.200</sln:wojIIPPn><sln:wojIIPWersja>2012-09-27T13:45:13+02:00</sln:wojIIPWersja><sln:wojIdTeryt>26</sln:wojIdTeryt><sln:wojNazwa>świętokrzyskie</sln:wojNazwa></sln:miejscowosc><sln:miejscowosc><sln:cyklZyciaOd>2014-12-06T00:00:00+01:00</sln:cyklZyciaOd><sln:gmIIPId>cf2323df-2170-4e3e-a921-cfb6edfc3cba</sln:gmIIPId><sln:gmIIPPn>PL.PZGIK.200</sln:gmIIPPn><sln:gmIIPWersja>2012-09-26T22:18:15+02:00</sln:gmIIPWersja><sln:gmIdTeryt>2602033</sln:gmIdTeryt><sln:gmNazwa>Małogoszcz</sln:gmNazwa><sln:miejscIIPId>bc5d4e3d-841c-4f6d-8e59-b3fa95707aa8</sln:miejscIIPId><sln:miejscIIPPn>PL.PZGIK.200</sln:miejscIIPPn><sln:miejscIIPWersja>2016-11-24T13:42:13+02:00</sln:miejscIIPWersja><sln:miejscIdTeryt>0249389</sln:miejscIdTeryt><sln:miejscNazwa>Mieronice</sln:miejscNazwa><sln:miejscRodzaj>Wieś</sln:miejscRodzaj><sln:powIIPId>2c76d255-52fc-4e03-84c4-ea9d923212b2</sln:powIIPId><sln:powIIPPn>PL.PZGIK.200</sln:powIIPPn><sln:powIIPWersja>2012-09-27T09:32:07+02:00</sln:powIIPWersja><sln:powIdTeryt>2602</sln:powIdTeryt><sln:powNazwa>jędrzejowski</sln:powNazwa><sln:wojIIPId>d021c0dd-b22e-4fcd-8444-904c64ec3aa8</sln:wojIIPId><sln:wojIIPPn>PL.PZGIK.200</sln:wojIIPPn><sln:wojIIPWersja>2012-09-27T13:45:13+02:00</sln:wojIIPWersja><sln:wojIdTeryt>26</sln:wojIdTeryt><sln:wojNazwa>świętokrzyskie</sln:wojNazwa></sln:miejscowosc><sln:miejscowosc><sln:cyklZyciaOd>2014-12-06T00:00:00+01:00</sln:cyklZyciaOd><sln:gmIIPId>cf2323df-2170-4e3e-a921-cfb6edfc3cba</sln:gmIIPId><sln:gmIIPPn>PL.PZGIK.200</sln:gmIIPPn><sln:gmIIPWersja>2012-09-26T22:18:15+02:00</sln:gmIIPWersja><sln:gmIdTeryt>2602033</sln:gmIdTeryt><sln:gmNazwa>Małogoszcz</sln:gmNazwa><sln:miejscIIPId>c837edec-95b4-40a0-a138-679fff901f19</sln:miejscIIPId><sln:miejscIIPPn>PL.PZGIK.200</sln:miejscIIPPn><sln:miejscIIPWersja>2016-11-24T13:56:40+02:00</sln:miejscIIPWersja><sln:miejscIdTeryt>0249225</sln:miejscIdTeryt><sln:miejscNazwa>Parcela</sln:miejscNazwa><sln:miejscRodzaj>Inny obiekt</sln:miejscRodzaj><sln:powIIPId>2c76d255-52fc-4e03-84c4-ea9d923212b2</sln:powIIPId><sln:powIIPPn>PL.PZGIK.200</sln:powIIPPn><sln:powIIPWersja>2012-09-27T09:32:07+02:00</sln:powIIPWersja><sln:powIdTeryt>2602</sln:powIdTeryt><sln:powNazwa>jędrzejowski</sln:powNazwa><sln:wojIIPId>d021c0dd-b22e-4fcd-8444-904c64ec3aa8</sln:wojIIPId><sln:wojIIPPn>PL.PZGIK.200</sln:wojIIPPn><sln:wojIIPWersja>2012-09-27T13:45:13+02:00</sln:wojIIPWersja><sln:wojIdTeryt>26</sln:wojIdTeryt><sln:wojNazwa>świętokrzyskie</sln:wojNazwa></sln:miejscowosc><sln:miejscowosc><sln:cyklZyciaOd>2014-12-06T00:00:00+01:00</sln:cyklZyciaOd><sln:gmIIPId>cf2323df-2170-4e3e-a921-cfb6edfc3cba</sln:gmIIPId><sln:gmIIPPn>PL.PZGIK.200</sln:gmIIPPn><sln:gmIIPWersja>2012-09-26T22:18:15+02:00</sln:gmIIPWersja><sln:gmIdTeryt>2602033</sln:gmIdTeryt><sln:gmNazwa>Małogoszcz</sln:gmNazwa><sln:miejscIIPId>7ee95a48-4a3b-4d07-af41-0e57dca9a028</sln:miejscIIPId><sln:miejscIIPPn>PL.PZGIK.200</sln:miejscIIPPn><sln:miejscIIPWersja>2016-11-24T13:56:48+02:00</sln:miejscIIPWersja><sln:miejscIdTeryt>0249308</sln:miejscIdTeryt><sln:miejscNazwa>Pierzchnica</sln:miejscNazwa><sln:miejscRodzaj>Inny obiekt</sln:miejscRodzaj><sln:powIIPId>2c76d255-52fc-4e03-84c4-ea9d923212b2</sln:powIIPId><sln:powIIPPn>PL.PZGIK.200</sln:powIIPPn><sln:powIIPWersja>2012-09-27T09:32:07+02:00</sln:powIIPWersja><sln:powIdTeryt>2602</sln:powIdTeryt><sln:powNazwa>jędrzejowski</sln:powNazwa><sln:wojIIPId>d021c0dd-b22e-4fcd-8444-904c64ec3aa8</sln:wojIIPId><sln:wojIIPPn>PL.PZGIK.200</sln:wojIIPPn><sln:wojIIPWersja>2012-09-27T13:45:13+02:00</sln:wojIIPWersja><sln:wojIdTeryt>26</sln:wojIdTeryt><sln:wojNazwa>świętokrzyskie</sln:wojNazwa></sln:miejscowosc><sln:miejscowosc><sln:cyklZyciaOd>2014-12-06T00:00:00+01:00</sln:cyklZyciaOd><sln:gmIIPId>cf2323df-2170-4e3e-a921-cfb6edfc3cba</sln:gmIIPId><sln:gmIIPPn>PL.PZGIK.200</sln:gmIIPPn><sln:gmIIPWersja>2012-09-26T22:18:15+02:00</sln:gmIIPWersja><sln:gmIdTeryt>2602033</sln:gmIdTeryt><sln:gmNazwa>Małogoszcz</sln:gmNazwa><sln:miejscIIPId>aff8c0e9-f910-49e9-8662-c5e6e1d6b96c</sln:miejscIIPId><sln:miejscIIPPn>PL.PZGIK.200</sln:miejscIIPPn><sln:miejscIIPWersja>2016-11-24T13:46:12+02:00</sln:miejscIIPWersja><sln:miejscIdTeryt>0249478</sln:miejscIdTeryt><sln:miejscNazwa>Pałeczki</sln:miejscNazwa><sln:miejscRodzaj>Inny obiekt</sln:miejscRodzaj><sln:powIIPId>2c76d255-52fc-4e03-84c4-ea9d923212b2</sln:powIIPId><sln:powIIPPn>PL.PZGIK.200</sln:powIIPPn><sln:powIIPWersja>2012-09-27T09:32:07+02:00</sln:powIIPWersja><sln:powIdTeryt>2602</sln:powIdTeryt><sln:powNazwa>jędrzejowski</sln:powNazwa><sln:wojIIPId>d021c0dd-b22e-4fcd-8444-904c64ec3aa8</sln:wojIIPId><sln:wojIIPPn>PL.PZGIK.200</sln:wojIIPPn><sln:wojIIPWersja>2012-09-27T13:45:13+02:00</sln:wojIIPWersja><sln:wojIdTeryt>26</sln:wojIdTeryt><sln:wojNazwa>świętokrzyskie</sln:wojNazwa></sln:miejscowosc><sln:miejscowosc><sln:cyklZyciaOd>2014-12-06T00:00:00+01:00</sln:cyklZyciaOd><sln:gmIIPId>cf2323df-2170-4e3e-a921-cfb6edfc3cba</sln:gmIIPId><sln:gmIIPPn>PL.PZGIK.200</sln:gmIIPPn><sln:gmIIPWersja>2012-09-26T22:18:15+02:00</sln:gmIIPWersja><sln:gmIdTeryt>2602033</sln:gmIdTeryt><sln:gmNazwa>Małogoszcz</sln:gmNazwa><sln:miejscIIPId>e4c08238-b21b-44da-95fc-18621723fb64</sln:miejscIIPId><sln:miejscIIPPn>PL.PZGIK.200</sln:miejscIIPPn><sln:miejscIIPWersja>2016-11-24T13:59:36+02:00</sln:miejscIIPWersja><sln:miejscIdTeryt>0249691</sln:miejscIdTeryt><sln:miejscNazwa>Stara Wieś</sln:miejscNazwa><sln:miejscRodzaj>Inny obiekt</sln:miejscRodzaj><sln:powIIPId>2c76d255-52fc-4e03-84c4-ea9d923212b2</sln:powIIPId><sln:powIIPPn>PL.PZGIK.200</sln:powIIPPn><sln:powIIPWersja>2012-09-27T09:32:07+02:00</sln:powIIPWersja><sln:powIdTeryt>2602</sln:powIdTeryt><sln:powNazwa>jędrzejowski</sln:powNazwa><sln:wojIIPId>d021c0dd-b22e-4fcd-8444-904c64ec3aa8</sln:wojIIPId><sln:wojIIPPn>PL.PZGIK.200</sln:wojIIPPn><sln:wojIIPWersja>2012-09-27T13:45:13+02:00</sln:wojIIPWersja><sln:wojIdTeryt>26</sln:wojIdTeryt><sln:wojNazwa>świętokrzyskie</sln:wojNazwa></sln:miejscowosc><sln:miejscowosc><sln:cyklZyciaOd>2014-12-06T00:00:00+01:00</sln:cyklZyciaOd><sln:gmIIPId>cf2323df-2170-4e3e-a921-cfb6edfc3cba</sln:gmIIPId><sln:gmIIPPn>PL.PZGIK.200</sln:gmIIPPn><sln:gmIIPWersja>2012-09-26T22:18:15+02:00</sln:gmIIPWersja><sln:gmIdTeryt>2602033</sln:gmIdTeryt><sln:gmNazwa>Małogoszcz</sln:gmNazwa><sln:miejscIIPId>80b35fbc-a186-49a2-bb46-9613ece879ad</sln:miejscIIPId><sln:miejscIIPPn>PL.PZGIK.200</sln:miejscIIPPn><sln:miejscIIPWersja>2016-11-24T13:34:59+02:00</sln:miejscIIPWersja><sln:miejscIdTeryt>0249716</sln:miejscIdTeryt><sln:miejscNazwa>Żarczyce Małe</sln:miejscNazwa><sln:miejscRodzaj>Wieś</sln:miejscRodzaj><sln:powIIPId>2c76d255-52fc-4e03-84c4-ea9d923212b2</sln:powIIPId><sln:powIIPPn>PL.PZGIK.200</sln:powIIPPn><sln:powIIPWersja>2012-09-27T09:32:07+02:00</sln:powIIPWersja><sln:powIdTeryt>2602</sln:powIdTeryt><sln:powNazwa>jędrzejowski</sln:powNazwa><sln:wojIIPId>d021c0dd-b22e-4fcd-8444-904c64ec3aa8</sln:wojIIPId><sln:wojIIPPn>PL.PZGIK.200</sln:wojIIPPn><sln:wojIIPWersja>2012-09-27T13:45:13+02:00</sln:wojIIPWersja><sln:wojIdTeryt>26</sln:wojIdTeryt><sln:wojNazwa>świętokrzyskie</sln:wojNazwa></sln:miejscowosc><sln:miejscowosc><sln:cyklZyciaOd>2014-12-06T00:00:00+01:00</sln:cyklZyciaOd><sln:gmIIPId>cf2323df-2170-4e3e-a921-cfb6edfc3cba</sln:gmIIPId><sln:gmIIPPn>PL.PZGIK.200</sln:gmIIPPn><sln:gmIIPWersja>2012-09-26T22:18:15+02:00</sln:gmIIPWersja><sln:gmIdTeryt>2602033</sln:gmIdTeryt><sln:gmNazwa>Małogoszcz</sln:gmNazwa><sln:miejscIIPId>aa4354fd-dd76-4f06-8f26-a64fb6e98f5e</sln:miejscIIPId><sln:miejscIIPPn>PL.PZGIK.200</sln:miejscIIPPn><sln:miejscIIPWersja>2016-11-24T13:40:06+02:00</sln:miejscIIPWersja><sln:miejscIdTeryt>0249107</sln:miejscIdTeryt><sln:miejscNazwa>Kozłów</sln:miejscNazwa><sln:miejscRodzaj>Wieś</sln:miejscRodzaj><sln:powIIPId>2c76d255-52fc-4e03-84c4-ea9d923212b2</sln:powIIPId><sln:powIIPPn>PL.PZGIK.200</sln:powIIPPn><sln:powIIPWersja>2012-09-27T09:32:07+02:00</sln:powIIPWersja><sln:powIdTeryt>2602</sln:powIdTeryt><sln:powNazwa>jędrzejowski</sln:powNazwa><sln:wojIIPId>d021c0dd-b22e-4fcd-8444-904c64ec3aa8</sln:wojIIPId><sln:wojIIPPn>PL.PZGIK.200</sln:wojIIPPn><sln:wojIIPWersja>2012-09-27T13:45:13+02:00</sln:wojIIPWersja><sln:wojIdTeryt>26</sln:wojIdTeryt><sln:wojNazwa>świętokrzyskie</sln:wojNazwa></sln:miejscowosc><sln:miejscowosc><sln:cyklZyciaOd>2014-12-06T00:00:00+01:00</sln:cyklZyciaOd><sln:gmIIPId>cf2323df-2170-4e3e-a921-cfb6edfc3cba</sln:gmIIPId><sln:gmIIPPn>PL.PZGIK.200</sln:gmIIPPn><sln:gmIIPWersja>2012-09-26T22:18:15+02:00</sln:gmIIPWersja><sln:gmIdTeryt>2602033</sln:gmIdTeryt><sln:gmNazwa>Małogoszcz</sln:gmNazwa><sln:miejscIIPId>251a9e64-66ab-4a56-b5dc-39c909ff81ac</sln:miejscIIPId><sln:miejscIIPPn>PL.PZGIK.200</sln:miejscIIPPn><sln:miejscIIPWersja>2016-11-24T13:41:39+02:00</sln:miejscIIPWersja><sln:miejscIdTeryt>0249018</sln:miejscIdTeryt><sln:miejscNazwa>Bocheniec</sln:miejscNazwa><sln:miejscRodzaj>Wieś</sln:miejscRodzaj><sln:powIIPId>2c76d255-52fc-4e03-84c4-ea9d923212b2</sln:powIIPId><sln:powIIPPn>PL.PZGIK.200</sln:powIIPPn><sln:powIIPWersja>2012-09-27T09:32:07+02:00</sln:powIIPWersja><sln:powIdTeryt>2602</sln:powIdTeryt><sln:powNazwa>jędrzejowski</sln:powNazwa><sln:wojIIPId>d021c0dd-b22e-4fcd-8444-904c64ec3aa8</sln:wojIIPId><sln:wojIIPPn>PL.PZGIK.200</sln:wojIIPPn><sln:wojIIPWersja>2012-09-27T13:45:13+02:00</sln:wojIIPWersja><sln:wojIdTeryt>26</sln:wojIdTeryt><sln:wojNazwa>świętokrzyskie</sln:wojNazwa></sln:miejscowosc><sln:miejscowosc><sln:cyklZyciaOd>2014-12-06T00:00:00+01:00</sln:cyklZyciaOd><sln:gmIIPId>cf2323df-2170-4e3e-a921-cfb6edfc3cba</sln:gmIIPId><sln:gmIIPPn>PL.PZGIK.200</sln:gmIIPPn><sln:gmIIPWersja>2012-09-26T22:18:15+02:00</sln:gmIIPWersja><sln:gmIdTeryt>2602033</sln:gmIdTeryt><sln:gmNazwa>Małogoszcz</sln:gmNazwa><sln:miejscIIPId>ec47b4d3-46c8-4047-bd35-4be8f0bf4ac9</sln:miejscIIPId><sln:miejscIIPPn>PL.PZGIK.200</sln:miejscIIPPn><sln:miejscIIPWersja>2016-11-24T13:55:14+02:00</sln:miejscIIPWersja><sln:miejscIdTeryt>0249082</sln:miejscIdTeryt><sln:miejscNazwa>Stoki</sln:miejscNazwa><sln:miejscRodzaj>Inny obiekt</sln:miejscRodzaj><sln:powIIPId>2c76d255-52fc-4e03-84c4-ea9d923212b2</sln:powIIPId><sln:powIIPPn>PL.PZGIK.200</sln:powIIPPn><sln:powIIPWersja>2012-09-27T09:32:07+02:00</sln:powIIPWersja><sln:powIdTeryt>2602</sln:powIdTeryt><sln:powNazwa>jędrzejowski</sln:powNazwa><sln:wojIIPId>d021c0dd-b22e-4fcd-8444-904c64ec3aa8</sln:wojIIPId><sln:wojIIPPn>PL.PZGIK.200</sln:wojIIPPn><sln:wojIIPWersja>2012-09-27T13:45:13+02:00</sln:wojIIPWersja><sln:wojIdTeryt>26</sln:wojIdTeryt><sln:wojNazwa>świętokrzyskie</sln:wojNazwa></sln:miejscowosc><sln:miejscowosc><sln:cyklZyciaOd>2014-12-06T00:00:00+01:00</sln:cyklZyciaOd><sln:gmIIPId>cf2323df-2170-4e3e-a921-cfb6edfc3cba</sln:gmIIPId><sln:gmIIPPn>PL.PZGIK.200</sln:gmIIPPn><sln:gmIIPWersja>2012-09-26T22:18:15+02:00</sln:gmIIPWersja><sln:gmIdTeryt>2602033</sln:gmIdTeryt><sln:gmNazwa>Małogoszcz</sln:gmNazwa><sln:miejscIIPId>b8b066ed-ed03-4685-9e4d-75a671d9697e</sln:miejscIIPId><sln:miejscIIPPn>PL.PZGIK.200</sln:miejscIIPPn><sln:miejscIIPWersja>2016-11-24T13:51:11+02:00</sln:miejscIIPWersja><sln:miejscIdTeryt>0249662</sln:miejscIdTeryt><sln:miejscNazwa>Pręty</sln:miejscNazwa><sln:miejscRodzaj>Inny obiekt</sln:miejscRodzaj><sln:powIIPId>2c76d255-52fc-4e03-84c4-ea9d923212b2</sln:powIIPId><sln:powIIPPn>PL.PZGIK.200</sln:powIIPPn><sln:powIIPWersja>2012-09-27T09:32:07+02:00</sln:powIIPWersja><sln:powIdTeryt>2602</sln:powIdTeryt><sln:powNazwa>jędrzejowski</sln:powNazwa><sln:wojIIPId>d021c0dd-b22e-4fcd-8444-904c64ec3aa8</sln:wojIIPId><sln:wojIIPPn>PL.PZGIK.200</sln:wojIIPPn><sln:wojIIPWersja>2012-09-27T13:45:13+02:00</sln:wojIIPWersja><sln:wojIdTeryt>26</sln:wojIdTeryt><sln:wojNazwa>świętokrzyskie</sln:wojNazwa></sln:miejscowosc><sln:miejscowosc><sln:cyklZyciaOd>2014-12-06T00:00:00+01:00</sln:cyklZyciaOd><sln:gmIIPId>cf2323df-2170-4e3e-a921-cfb6edfc3cba</sln:gmIIPId><sln:gmIIPPn>PL.PZGIK.200</sln:gmIIPPn><sln:gmIIPWersja>2012-09-26T22:18:15+02:00</sln:gmIIPWersja><sln:gmIdTeryt>2602033</sln:gmIdTeryt><sln:gmNazwa>Małogoszcz</sln:gmNazwa><sln:miejscIIPId>e047db7c-3db2-4a38-ab58-4ebb3e59471f</sln:miejscIIPId><sln:miejscIIPPn>PL.PZGIK.200</sln:miejscIIPPn><sln:miejscIIPWersja>2016-11-24T13:46:12+02:00</sln:miejscIIPWersja><sln:miejscIdTeryt>0249490</sln:miejscIdTeryt><sln:miejscNazwa>Borki</sln:miejscNazwa><sln:miejscRodzaj>Inny obiekt</sln:miejscRodzaj><sln:powIIPId>2c76d255-52fc-4e03-84c4-ea9d923212b2</sln:powIIPId><sln:powIIPPn>PL.PZGIK.200</sln:powIIPPn><sln:powIIPWersja>2012-09-27T09:32:07+02:00</sln:powIIPWersja><sln:powIdTeryt>2602</sln:powIdTeryt><sln:powNazwa>jędrzejowski</sln:powNazwa><sln:wojIIPId>d021c0dd-b22e-4fcd-8444-904c64ec3aa8</sln:wojIIPId><sln:wojIIPPn>PL.PZGIK.200</sln:wojIIPPn><sln:wojIIPWersja>2012-09-27T13:45:13+02:00</sln:wojIIPWersja><sln:wojIdTeryt>26</sln:wojIdTeryt><sln:wojNazwa>świętokrzyskie</sln:wojNazwa></sln:miejscowosc><sln:miejscowosc><sln:cyklZyciaOd>2014-12-06T00:00:00+01:00</sln:cyklZyciaOd><sln:gmIIPId>cf2323df-2170-4e3e-a921-cfb6edfc3cba</sln:gmIIPId><sln:gmIIPPn>PL.PZGIK.200</sln:gmIIPPn><sln:gmIIPWersja>2012-09-26T22:18:15+02:00</sln:gmIIPWersja><sln:gmIdTeryt>2602033</sln:gmIdTeryt><sln:gmNazwa>Małogoszcz</sln:gmNazwa><sln:miejscIIPId>5dbb59c4-0961-4216-858a-96b0849ee047</sln:miejscIIPId><sln:miejscIIPPn>PL.PZGIK.200</sln:miejscIIPPn><sln:miejscIIPWersja>2016-11-24T13:56:45+02:00</sln:miejscIIPWersja><sln:miejscIdTeryt>0249283</sln:miejscIdTeryt><sln:miejscNazwa>Żabiniec</sln:miejscNazwa><sln:miejscRodzaj>Inny obiekt</sln:miejscRodzaj><sln:powIIPId>2c76d255-52fc-4e03-84c4-ea9d923212b2</sln:powIIPId><sln:powIIPPn>PL.PZGIK.200</sln:powIIPPn><sln:powIIPWersja>2012-09-27T09:32:07+02:00</sln:powIIPWersja><sln:powIdTeryt>2602</sln:powIdTeryt><sln:powNazwa>jędrzejowski</sln:powNazwa><sln:wojIIPId>d021c0dd-b22e-4fcd-8444-904c64ec3aa8</sln:wojIIPId><sln:wojIIPPn>PL.PZGIK.200</sln:wojIIPPn><sln:wojIIPWersja>2012-09-27T13:45:13+02:00</sln:wojIIPWersja><sln:wojIdTeryt>26</sln:wojIdTeryt><sln:wojNazwa>świętokrzyskie</sln:wojNazwa></sln:miejscowosc><sln:miejscowosc><sln:cyklZyciaOd>2014-12-06T00:00:00+01:00</sln:cyklZyciaOd><sln:gmIIPId>cf2323df-2170-4e3e-a921-cfb6edfc3cba</sln:gmIIPId><sln:gmIIPPn>PL.PZGIK.200</sln:gmIIPPn><sln:gmIIPWersja>2012-09-26T22:18:15+02:00</sln:gmIIPWersja><sln:gmIdTeryt>2602033</sln:gmIdTeryt><sln:gmNazwa>Małogoszcz</sln:gmNazwa><sln:miejscIIPId>ae55e7c9-dec2-4054-81a9-516cfaadb251</sln:miejscIIPId><sln:miejscIIPPn>PL.PZGIK.200</sln:miejscIIPPn><sln:miejscIIPWersja>2016-11-24T13:41:10+02:00</sln:miejscIIPWersja><sln:miejscIdTeryt>0249231</sln:miejscIdTeryt><sln:miejscNazwa>Lipnica</sln:miejscNazwa><sln:miejscRodzaj>Wieś</sln:miejscRodzaj><sln:powIIPId>2c76d255-52fc-4e03-84c4-ea9d923212b2</sln:powIIPId><sln:powIIPPn>PL.PZGIK.200</sln:powIIPPn><sln:powIIPWersja>2012-09-27T09:32:07+02:00</sln:powIIPWersja><sln:powIdTeryt>2602</sln:powIdTeryt><sln:powNazwa>jędrzejowski</sln:powNazwa><sln:wojIIPId>d021c0dd-b22e-4fcd-8444-904c64ec3aa8</sln:wojIIPId><sln:wojIIPPn>PL.PZGIK.200</sln:wojIIPPn><sln:wojIIPWersja>2012-09-27T13:45:13+02:00</sln:wojIIPWersja><sln:wojIdTeryt>26</sln:wojIdTeryt><sln:wojNazwa>świętokrzyskie</sln:wojNazwa></sln:miejscowosc><sln:miejscowosc><sln:cyklZyciaOd>2014-12-06T00:00:00+01:00</sln:cyklZyciaOd><sln:gmIIPId>cf2323df-2170-4e3e-a921-cfb6edfc3cba</sln:gmIIPId><sln:gmIIPPn>PL.PZGIK.200</sln:gmIIPPn><sln:gmIIPWersja>2012-09-26T22:18:15+02:00</sln:gmIIPWersja><sln:gmIdTeryt>2602033</sln:gmIdTeryt><sln:gmNazwa>Małogoszcz</sln:gmNazwa><sln:miejscIIPId>699c4a42-1558-4cb2-9c73-e080a1e7fe42</sln:miejscIIPId><sln:miejscIIPPn>PL.PZGIK.200</sln:miejscIIPPn><sln:miejscIIPWersja>2016-11-24T13:34:51+02:00</sln:miejscIIPWersja><sln:miejscIdTeryt>0249627</sln:miejscIdTeryt><sln:miejscNazwa>Złotniki</sln:miejscNazwa><sln:miejscRodzaj>Wieś</sln:miejscRodzaj><sln:powIIPId>2c76d255-52fc-4e03-84c4-ea9d923212b2</sln:powIIPId><sln:powIIPPn>PL.PZGIK.200</sln:powIIPPn><sln:powIIPWersja>2012-09-27T09:32:07+02:00</sln:powIIPWersja><sln:powIdTeryt>2602</sln:powIdTeryt><sln:powNazwa>jędrzejowski</sln:powNazwa><sln:wojIIPId>d021c0dd-b22e-4fcd-8444-904c64ec3aa8</sln:wojIIPId><sln:wojIIPPn>PL.PZGIK.200</sln:wojIIPPn><sln:wojIIPWersja>2012-09-27T13:45:13+02:00</sln:wojIIPWersja><sln:wojIdTeryt>26</sln:wojIdTeryt><sln:wojNazwa>świętokrzyskie</sln:wojNazwa></sln:miejscowosc><sln:miejscowosc><sln:cyklZyciaOd>2014-12-06T00:00:00+01:00</sln:cyklZyciaOd><sln:gmIIPId>cf2323df-2170-4e3e-a921-cfb6edfc3cba</sln:gmIIPId><sln:gmIIPPn>PL.PZGIK.200</sln:gmIIPPn><sln:gmIIPWersja>2012-09-26T22:18:15+02:00</sln:gmIIPWersja><sln:gmIdTeryt>2602033</sln:gmIdTeryt><sln:gmNazwa>Małogoszcz</sln:gmNazwa><sln:miejscIIPId>a1a1015d-28fd-4715-a200-5952d1f06db9</sln:miejscIIPId><sln:miejscIIPPn>PL.PZGIK.200</sln:miejscIIPPn><sln:miejscIIPWersja>2016-11-24T13:34:59+02:00</sln:miejscIIPWersja><sln:miejscIdTeryt>0249679</sln:miejscIdTeryt><sln:miejscNazwa>Żarczyce Duże</sln:miejscNazwa><sln:miejscRodzaj>Wieś</sln:miejscRodzaj><sln:powIIPId>2c76d255-52fc-4e03-84c4-ea9d923212b2</sln:powIIPId><sln:powIIPPn>PL.PZGIK.200</sln:powIIPPn><sln:powIIPWersja>2012-09-27T09:32:07+02:00</sln:powIIPWersja><sln:powIdTeryt>2602</sln:powIdTeryt><sln:powNazwa>jędrzejowski</sln:powNazwa><sln:wojIIPId>d021c0dd-b22e-4fcd-8444-904c64ec3aa8</sln:wojIIPId><sln:wojIIPPn>PL.PZGIK.200</sln:wojIIPPn><sln:wojIIPWersja>2012-09-27T13:45:13+02:00</sln:wojIIPWersja><sln:wojIdTeryt>26</sln:wojIdTeryt><sln:wojNazwa>świętokrzyskie</sln:wojNazwa></sln:miejscowosc><sln:miejscowosc><sln:cyklZyciaOd>2014-12-06T00:00:00+01:00</sln:cyklZyciaOd><sln:gmIIPId>cf2323df-2170-4e3e-a921-cfb6edfc3cba</sln:gmIIPId><sln:gmIIPPn>PL.PZGIK.200</sln:gmIIPPn><sln:gmIIPWersja>2012-09-26T22:18:15+02:00</sln:gmIIPWersja><sln:gmIdTeryt>2602033</sln:gmIdTeryt><sln:gmNazwa>Małogoszcz</sln:gmNazwa><sln:miejscIIPId>d7b4ba0e-6bdc-4e09-88a3-2cfdef1769d0</sln:miejscIIPId><sln:miejscIIPPn>PL.PZGIK.200</sln:miejscIIPPn><sln:miejscIIPWersja>2016-11-24T13:56:40+02:00</sln:miejscIIPWersja><sln:miejscIdTeryt>0249202</sln:miejscIdTeryt><sln:miejscNazwa>Cieśle</sln:miejscNazwa><sln:miejscRodzaj>Inny obiekt</sln:miejscRodzaj><sln:powIIPId>2c76d255-52fc-4e03-84c4-ea9d923212b2</sln:powIIPId><sln:powIIPPn>PL.PZGIK.200</sln:powIIPPn><sln:powIIPWersja>2012-09-27T09:32:07+02:00</sln:powIIPWersja><sln:powIdTeryt>2602</sln:powIdTeryt><sln:powNazwa>jędrzejowski</sln:powNazwa><sln:wojIIPId>d021c0dd-b22e-4fcd-8444-904c64ec3aa8</sln:wojIIPId><sln:wojIIPPn>PL.PZGIK.200</sln:wojIIPPn><sln:wojIIPWersja>2012-09-27T13:45:13+02:00</sln:wojIIPWersja><sln:wojIdTeryt>26</sln:wojIdTeryt><sln:wojNazwa>świętokrzyskie</sln:wojNazwa></sln:miejscowosc><sln:miejscowosc><sln:cyklZyciaOd>2014-12-06T00:00:00+01:00</sln:cyklZyciaOd><sln:gmIIPId>cf2323df-2170-4e3e-a921-cfb6edfc3cba</sln:gmIIPId><sln:gmIIPPn>PL.PZGIK.200</sln:gmIIPPn><sln:gmIIPWersja>2012-09-26T22:18:15+02:00</sln:gmIIPWersja><sln:gmIdTeryt>2602033</sln:gmIdTeryt><sln:gmNazwa>Małogoszcz</sln:gmNazwa><sln:miejscIIPId>df5acb44-bbcc-4a41-99f1-507081389f94</sln:miejscIIPId><sln:miejscIIPPn>PL.PZGIK.200</sln:miejscIIPPn><sln:miejscIIPWersja>2016-11-24T13:56:33+02:00</sln:miejscIIPWersja><sln:miejscIdTeryt>0249165</sln:miejscIdTeryt><sln:miejscNazwa>Dziadówki</sln:miejscNazwa><sln:miejscRodzaj>Inny obiekt</sln:miejscRodzaj><sln:powIIPId>2c76d255-52fc-4e03-84c4-ea9d923212b2</sln:powIIPId><sln:powIIPPn>PL.PZGIK.200</sln:powIIPPn><sln:powIIPWersja>2012-09-27T09:32:07+02:00</sln:powIIPWersja><sln:powIdTeryt>2602</sln:powIdTeryt><sln:powNazwa>jędrzejowski</sln:powNazwa><sln:wojIIPId>d021c0dd-b22e-4fcd-8444-904c64ec3aa8</sln:wojIIPId><sln:wojIIPPn>PL.PZGIK.200</sln:wojIIPPn><sln:wojIIPWersja>2012-09-27T13:45:13+02:00</sln:wojIIPWersja><sln:wojIdTeryt>26</sln:wojIdTeryt><sln:wojNazwa>świętokrzyskie</sln:wojNazwa></sln:miejscowosc><sln:miejscowosc><sln:cyklZyciaOd>2014-12-06T00:00:00+01:00</sln:cyklZyciaOd><sln:gmIIPId>cf2323df-2170-4e3e-a921-cfb6edfc3cba</sln:gmIIPId><sln:gmIIPPn>PL.PZGIK.200</sln:gmIIPPn><sln:gmIIPWersja>2012-09-26T22:18:15+02:00</sln:gmIIPWersja><sln:gmIdTeryt>2602033</sln:gmIdTeryt><sln:gmNazwa>Małogoszcz</sln:gmNazwa><sln:miejscIIPId>09183242-e938-413a-9910-204beaf508b3</sln:miejscIIPId><sln:miejscIIPPn>PL.PZGIK.200</sln:miejscIIPPn><sln:miejscIIPWersja>2016-11-24T13:42:30+02:00</sln:miejscIIPWersja><sln:miejscIdTeryt>0249426</sln:miejscIdTeryt><sln:miejscNazwa>Mniszek</sln:miejscNazwa><sln:miejscRodzaj>Wieś</sln:miejscRodzaj><sln:powIIPId>2c76d255-52fc-4e03-84c4-ea9d923212b2</sln:powIIPId><sln:powIIPPn>PL.PZGIK.200</sln:powIIPPn><sln:powIIPWersja>2012-09-27T09:32:07+02:00</sln:powIIPWersja><sln:powIdTeryt>2602</sln:powIdTeryt><sln:powNazwa>jędrzejowski</sln:powNazwa><sln:wojIIPId>d021c0dd-b22e-4fcd-8444-904c64ec3aa8</sln:wojIIPId><sln:wojIIPPn>PL.PZGIK.200</sln:wojIIPPn><sln:wojIIPWersja>2012-09-27T13:45:13+02:00</sln:wojIIPWersja><sln:wojIdTeryt>26</sln:wojIdTeryt><sln:wojNazwa>świętokrzyskie</sln:wojNazwa></sln:miejscowosc><sln:miejscowosc><sln:cyklZyciaOd>2014-12-06T00:00:00+01:00</sln:cyklZyciaOd><sln:gmIIPId>cf2323df-2170-4e3e-a921-cfb6edfc3cba</sln:gmIIPId><sln:gmIIPPn>PL.PZGIK.200</sln:gmIIPPn><sln:gmIIPWersja>2012-09-26T22:18:15+02:00</sln:gmIIPWersja><sln:gmIdTeryt>2602033</sln:gmIdTeryt><sln:gmNazwa>Małogoszcz</sln:gmNazwa><sln:miejscIIPId>bb7ba25d-9ec3-43c4-bf18-d8dd435ae38b</sln:miejscIIPId><sln:miejscIIPPn>PL.PZGIK.200</sln:miejscIIPPn><sln:miejscIIPWersja>2016-11-24T13:40:54+02:00</sln:miejscIIPWersja><sln:miejscIdTeryt>0249159</sln:miejscIdTeryt><sln:miejscNazwa>Lasochów</sln:miejscNazwa><sln:miejscRodzaj>Wieś</sln:miejscRodzaj><sln:powIIPId>2c76d255-52fc-4e03-84c4-ea9d923212b2</sln:powIIPId><sln:powIIPPn>PL.PZGIK.200</sln:powIIPPn><sln:powIIPWersja>2012-09-27T09:32:07+02:00</sln:powIIPWersja><sln:powIdTeryt>2602</sln:powIdTeryt><sln:powNazwa>jędrzejowski</sln:powNazwa><sln:wojIIPId>d021c0dd-b22e-4fcd-8444-904c64ec3aa8</sln:wojIIPId><sln:wojIIPPn>PL.PZGIK.200</sln:wojIIPPn><sln:wojIIPWersja>2012-09-27T13:45:13+02:00</sln:wojIIPWersja><sln:wojIdTeryt>26</sln:wojIdTeryt><sln:wojNazwa>świętokrzyskie</sln:wojNazwa></sln:miejscowosc><sln:miejscowosc><sln:cyklZyciaOd>2014-12-06T00:00:00+01:00</sln:cyklZyciaOd><sln:gmIIPId>cf2323df-2170-4e3e-a921-cfb6edfc3cba</sln:gmIIPId><sln:gmIIPPn>PL.PZGIK.200</sln:gmIIPPn><sln:gmIIPWersja>2012-09-26T22:18:15+02:00</sln:gmIIPWersja><sln:gmIdTeryt>2602033</sln:gmIdTeryt><sln:gmNazwa>Małogoszcz</sln:gmNazwa><sln:miejscIIPId>729de69c-33ad-4b5f-b841-2bc95f8812ac</sln:miejscIIPId><sln:miejscIIPPn>PL.PZGIK.200</sln:miejscIIPPn><sln:miejscIIPWersja>2016-11-24T13:38:15+02:00</sln:miejscIIPWersja><sln:miejscIdTeryt>0249053</sln:miejscIdTeryt><sln:miejscNazwa>Henryków</sln:miejscNazwa><sln:miejscRodzaj>Wieś</sln:miejscRodzaj><sln:powIIPId>2c76d255-52fc-4e03-84c4-ea9d923212b2</sln:powIIPId><sln:powIIPPn>PL.PZGIK.200</sln:powIIPPn><sln:powIIPWersja>2012-09-27T09:32:07+02:00</sln:powIIPWersja><sln:powIdTeryt>2602</sln:powIdTeryt><sln:powNazwa>jędrzejowski</sln:powNazwa><sln:wojIIPId>d021c0dd-b22e-4fcd-8444-904c64ec3aa8</sln:wojIIPId><sln:wojIIPPn>PL.PZGIK.200</sln:wojIIPPn><sln:wojIIPWersja>2012-09-27T13:45:13+02:00</sln:wojIIPWersja><sln:wojIdTeryt>26</sln:wojIdTeryt><sln:wojNazwa>świętokrzyskie</sln:wojNazwa></sln:miejscowosc><sln:miejscowosc><sln:cyklZyciaOd>2014-12-06T00:00:00+01:00</sln:cyklZyciaOd><sln:gmIIPId>cf2323df-2170-4e3e-a921-cfb6edfc3cba</sln:gmIIPId><sln:gmIIPPn>PL.PZGIK.200</sln:gmIIPPn><sln:gmIIPWersja>2012-09-26T22:18:15+02:00</sln:gmIIPWersja><sln:gmIdTeryt>2602033</sln:gmIdTeryt><sln:gmNazwa>Małogoszcz</sln:gmNazwa><sln:miejscIIPId>dd794cb2-8903-4809-8eb3-5e3ca01f6320</sln:miejscIIPId><sln:miejscIIPPn>PL.PZGIK.200</sln:miejscIIPPn><sln:miejscIIPWersja>2016-11-24T13:33:52+02:00</sln:miejscIIPWersja><sln:miejscIdTeryt>0249544</sln:miejscIdTeryt><sln:miejscNazwa>Wrzosówka</sln:miejscNazwa><sln:miejscRodzaj>Wieś</sln:miejscRodzaj><sln:powIIPId>2c76d255-52fc-4e03-84c4-ea9d923212b2</sln:powIIPId><sln:powIIPPn>PL.PZGIK.200</sln:powIIPPn><sln:powIIPWersja>2012-09-27T09:32:07+02:00</sln:powIIPWersja><sln:powIdTeryt>2602</sln:powIdTeryt><sln:powNazwa>jędrzejowski</sln:powNazwa><sln:wojIIPId>d021c0dd-b22e-4fcd-8444-904c64ec3aa8</sln:wojIIPId><sln:wojIIPPn>PL.PZGIK.200</sln:wojIIPPn><sln:wojIIPWersja>2012-09-27T13:45:13+02:00</sln:wojIIPWersja><sln:wojIdTeryt>26</sln:wojIdTeryt><sln:wojNazwa>świętokrzyskie</sln:wojNazwa></sln:miejscowosc><sln:miejscowosc><sln:cyklZyciaOd>2014-12-06T00:00:00+01:00</sln:cyklZyciaOd><sln:gmIIPId>cf2323df-2170-4e3e-a921-cfb6edfc3cba</sln:gmIIPId><sln:gmIIPPn>PL.PZGIK.200</sln:gmIIPPn><sln:gmIIPWersja>2012-09-26T22:18:15+02:00</sln:gmIIPWersja><sln:gmIdTeryt>2602033</sln:gmIdTeryt><sln:gmNazwa>Małogoszcz</sln:gmNazwa><sln:miejscIIPId>86cb55c0-5cef-4caf-b883-28a546870b22</sln:miejscIIPId><sln:miejscIIPPn>PL.PZGIK.200</sln:miejscIIPPn><sln:miejscIIPWersja>2016-11-24T13:57:18+02:00</sln:miejscIIPWersja><sln:miejscIdTeryt>0249030</sln:miejscIdTeryt><sln:miejscNazwa>Dołki</sln:miejscNazwa><sln:miejscRodzaj>Inny obiekt</sln:miejscRodzaj><sln:powIIPId>2c76d255-52fc-4e03-84c4-ea9d923212b2</sln:powIIPId><sln:powIIPPn>PL.PZGIK.200</sln:powIIPPn><sln:powIIPWersja>2012-09-27T09:32:07+02:00</sln:powIIPWersja><sln:powIdTeryt>2602</sln:powIdTeryt><sln:powNazwa>jędrzejowski</sln:powNazwa><sln:wojIIPId>d021c0dd-b22e-4fcd-8444-904c64ec3aa8</sln:wojIIPId><sln:wojIIPPn>PL.PZGIK.200</sln:wojIIPPn><sln:wojIIPWersja>2012-09-27T13:45:13+02:00</sln:wojIIPWersja><sln:wojIdTeryt>26</sln:wojIdTeryt><sln:wojNazwa>świętokrzyskie</sln:wojNazwa></sln:miejscowosc><sln:miejscowosc><sln:cyklZyciaOd>2014-12-06T00:00:00+01:00</sln:cyklZyciaOd><sln:gmIIPId>cf2323df-2170-4e3e-a921-cfb6edfc3cba</sln:gmIIPId><sln:gmIIPPn>PL.PZGIK.200</sln:gmIIPPn><sln:gmIIPWersja>2012-09-26T22:18:15+02:00</sln:gmIIPWersja><sln:gmIdTeryt>2602033</sln:gmIdTeryt><sln:gmNazwa>Małogoszcz</sln:gmNazwa><sln:miejscIIPId>d4dee669-6224-4d80-b4f4-c959ec85e3db</sln:miejscIIPId><sln:miejscIIPPn>PL.PZGIK.200</sln:miejscIIPPn><sln:miejscIIPWersja>2016-11-24T13:55:14+02:00</sln:miejscIIPWersja><sln:miejscIdTeryt>0249076</sln:miejscIdTeryt><sln:miejscNazwa>Jelonek</sln:miejscNazwa><sln:miejscRodzaj>Inny obiekt</sln:miejscRodzaj><sln:powIIPId>2c76d255-52fc-4e03-84c4-ea9d923212b2</sln:powIIPId><sln:powIIPPn>PL.PZGIK.200</sln:powIIPPn><sln:powIIPWersja>2012-09-27T09:32:07+02:00</sln:powIIPWersja><sln:powIdTeryt>2602</sln:powIdTeryt><sln:powNazwa>jędrzejowski</sln:powNazwa><sln:wojIIPId>d021c0dd-b22e-4fcd-8444-904c64ec3aa8</sln:wojIIPId><sln:wojIIPPn>PL.PZGIK.200</sln:wojIIPPn><sln:wojIIPWersja>2012-09-27T13:45:13+02:00</sln:wojIIPWersja><sln:wojIdTeryt>26</sln:wojIdTeryt><sln:wojNazwa>świętokrzyskie</sln:wojNazwa></sln:miejscowosc><sln:miejscowosc><sln:cyklZyciaOd>2014-12-06T00:00:00+01:00</sln:cyklZyciaOd><sln:gmIIPId>cf2323df-2170-4e3e-a921-cfb6edfc3cba</sln:gmIIPId><sln:gmIIPPn>PL.PZGIK.200</sln:gmIIPPn><sln:gmIIPWersja>2012-09-26T22:18:15+02:00</sln:gmIIPWersja><sln:gmIdTeryt>2602033</sln:gmIdTeryt><sln:gmNazwa>Małogoszcz</sln:gmNazwa><sln:miejscIIPId>4a10d1fe-5fbd-4457-ae17-f32c50054034</sln:miejscIIPId><sln:miejscIIPPn>PL.PZGIK.200</sln:miejscIIPPn><sln:miejscIIPWersja>2016-11-24T13:51:11+02:00</sln:miejscIIPWersja><sln:miejscIdTeryt>0249656</sln:miejscIdTeryt><sln:miejscNazwa>Hektary</sln:miejscNazwa><sln:miejscRodzaj>Inny obiekt</sln:miejscRodzaj><sln:powIIPId>2c76d255-52fc-4e03-84c4-ea9d923212b2</sln:powIIPId><sln:powIIPPn>PL.PZGIK.200</sln:powIIPPn><sln:powIIPWersja>2012-09-27T09:32:07+02:00</sln:powIIPWersja><sln:powIdTeryt>2602</sln:powIdTeryt><sln:powNazwa>jędrzejowski</sln:powNazwa><sln:wojIIPId>d021c0dd-b22e-4fcd-8444-904c64ec3aa8</sln:wojIIPId><sln:wojIIPPn>PL.PZGIK.200</sln:wojIIPPn><sln:wojIIPWersja>2012-09-27T13:45:13+02:00</sln:wojIIPWersja><sln:wojIdTeryt>26</sln:wojIdTeryt><sln:wojNazwa>świętokrzyskie</sln:wojNazwa></sln:miejscowosc><sln:miejscowosc><sln:cyklZyciaOd>2014-12-06T00:00:00+01:00</sln:cyklZyciaOd><sln:gmIIPId>cf2323df-2170-4e3e-a921-cfb6edfc3cba</sln:gmIIPId><sln:gmIIPPn>PL.PZGIK.200</sln:gmIIPPn><sln:gmIIPWersja>2012-09-26T22:18:15+02:00</sln:gmIIPWersja><sln:gmIdTeryt>2602033</sln:gmIdTeryt><sln:gmNazwa>Małogoszcz</sln:gmNazwa><sln:miejscIIPId>20f3caa7-65d8-4de4-a2b8-79e08cb1f90e</sln:miejscIIPId><sln:miejscIIPPn>PL.PZGIK.200</sln:miejscIIPPn><sln:miejscIIPWersja>2016-11-24T13:57:45+02:00</sln:miejscIIPWersja><sln:miejscIdTeryt>0249410</sln:miejscIdTeryt><sln:miejscNazwa>Polesie</sln:miejscNazwa><sln:miejscRodzaj>Inny obiekt</sln:miejscRodzaj><sln:powIIPId>2c76d255-52fc-4e03-84c4-ea9d923212b2</sln:powIIPId><sln:powIIPPn>PL.PZGIK.200</sln:powIIPPn><sln:powIIPWersja>2012-09-27T09:32:07+02:00</sln:powIIPWersja><sln:powIdTeryt>2602</sln:powIdTeryt><sln:powNazwa>jędrzejowski</sln:powNazwa><sln:wojIIPId>d021c0dd-b22e-4fcd-8444-904c64ec3aa8</sln:wojIIPId><sln:wojIIPPn>PL.PZGIK.200</sln:wojIIPPn><sln:wojIIPWersja>2012-09-27T13:45:13+02:00</sln:wojIIPWersja><sln:wojIdTeryt>26</sln:wojIdTeryt><sln:wojNazwa>świętokrzyskie</sln:wojNazwa></sln:miejscowosc><sln:miejscowosc><sln:cyklZyciaOd>2014-12-06T00:00:00+01:00</sln:cyklZyciaOd><sln:gmIIPId>cf2323df-2170-4e3e-a921-cfb6edfc3cba</sln:gmIIPId><sln:gmIIPPn>PL.PZGIK.200</sln:gmIIPPn><sln:gmIIPWersja>2012-09-26T22:18:15+02:00</sln:gmIIPWersja><sln:gmIdTeryt>2602033</sln:gmIdTeryt><sln:gmNazwa>Małogoszcz</sln:gmNazwa><sln:miejscIIPId>d4228e04-b752-410f-9290-136035f5185c</sln:miejscIIPId><sln:miejscIIPPn>PL.PZGIK.200</sln:miejscIIPPn><sln:miejscIIPWersja>2016-11-24T13:39:15+02:00</sln:miejscIIPWersja><sln:miejscIdTeryt>0249060</sln:miejscIdTeryt><sln:miejscNazwa>Karsznice</sln:miejscNazwa><sln:miejscRodzaj>Wieś</sln:miejscRodzaj><sln:powIIPId>2c76d255-52fc-4e03-84c4-ea9d923212b2</sln:powIIPId><sln:powIIPPn>PL.PZGIK.200</sln:powIIPPn><sln:powIIPWersja>2012-09-27T09:32:07+02:00</sln:powIIPWersja><sln:powIdTeryt>2602</sln:powIdTeryt><sln:powNazwa>jędrzejowski</sln:powNazwa><sln:wojIIPId>d021c0dd-b22e-4fcd-8444-904c64ec3aa8</sln:wojIIPId><sln:wojIIPPn>PL.PZGIK.200</sln:wojIIPPn><sln:wojIIPWersja>2012-09-27T13:45:13+02:00</sln:wojIIPWersja><sln:wojIdTeryt>26</sln:wojIdTeryt><sln:wojNazwa>świętokrzyskie</sln:wojNazwa></sln:miejscowosc><sln:miejscowosc><sln:cyklZyciaOd>2014-12-06T00:00:00+01:00</sln:cyklZyciaOd><sln:gmIIPId>cf2323df-2170-4e3e-a921-cfb6edfc3cba</sln:gmIIPId><sln:gmIIPPn>PL.PZGIK.200</sln:gmIIPPn><sln:gmIIPWersja>2012-09-26T22:18:15+02:00</sln:gmIIPWersja><sln:gmIdTeryt>2602033</sln:gmIdTeryt><sln:gmNazwa>Małogoszcz</sln:gmNazwa><sln:miejscIIPId>80caa98d-e3e4-464c-aa0f-866072f273ac</sln:miejscIIPId><sln:miejscIIPPn>PL.PZGIK.200</sln:miejscIIPPn><sln:miejscIIPWersja>2016-11-24T13:57:31+02:00</sln:miejscIIPWersja><sln:miejscIdTeryt>0249366</sln:miejscIdTeryt><sln:miejscNazwa>Sabianów</sln:miejscNazwa><sln:miejscRodzaj>Inny obiekt</sln:miejscRodzaj><sln:powIIPId>2c76d255-52fc-4e03-84c4-ea9d923212b2</sln:powIIPId><sln:powIIPPn>PL.PZGIK.200</sln:powIIPPn><sln:powIIPWersja>2012-09-27T09:32:07+02:00</sln:powIIPWersja><sln:powIdTeryt>2602</sln:powIdTeryt><sln:powNazwa>jędrzejowski</sln:powNazwa><sln:wojIIPId>d021c0dd-b22e-4fcd-8444-904c64ec3aa8</sln:wojIIPId><sln:wojIIPPn>PL.PZGIK.200</sln:wojIIPPn><sln:wojIIPWersja>2012-09-27T13:45:13+02:00</sln:wojIIPWersja><sln:wojIdTeryt>26</sln:wojIdTeryt><sln:wojNazwa>świętokrzyskie</sln:wojNazwa></sln:miejscowosc><sln:miejscowosc><sln:cyklZyciaOd>2014-12-06T00:00:00+01:00</sln:cyklZyciaOd><sln:gmIIPId>cf2323df-2170-4e3e-a921-cfb6edfc3cba</sln:gmIIPId><sln:gmIIPPn>PL.PZGIK.200</sln:gmIIPPn><sln:gmIIPWersja>2012-09-26T22:18:15+02:00</sln:gmIIPWersja><sln:gmIdTeryt>2602033</sln:gmIdTeryt><sln:gmNazwa>Małogoszcz</sln:gmNazwa><sln:miejscIIPId>6e9b847a-b11f-4fe5-bb20-136df28b550c</sln:miejscIIPId><sln:miejscIIPPn>PL.PZGIK.200</sln:miejscIIPPn><sln:miejscIIPWersja>2016-11-24T13:58:01+02:00</sln:miejscIIPWersja><sln:miejscIdTeryt>0249449</sln:miejscIdTeryt><sln:miejscNazwa>Kępa</sln:miejscNazwa><sln:miejscRodzaj>Inny obiekt</sln:miejscRodzaj><sln:powIIPId>2c76d255-52fc-4e03-84c4-ea9d923212b2</sln:powIIPId><sln:powIIPPn>PL.PZGIK.200</sln:powIIPPn><sln:powIIPWersja>2012-09-27T09:32:07+02:00</sln:powIIPWersja><sln:powIdTeryt>2602</sln:powIdTeryt><sln:powNazwa>jędrzejowski</sln:powNazwa><sln:wojIIPId>d021c0dd-b22e-4fcd-8444-904c64ec3aa8</sln:wojIIPId><sln:wojIIPPn>PL.PZGIK.200</sln:wojIIPPn><sln:wojIIPWersja>2012-09-27T13:45:13+02:00</sln:wojIIPWersja><sln:wojIdTeryt>26</sln:wojIdTeryt><sln:wojNazwa>świętokrzyskie</sln:wojNazwa></sln:miejscowosc><sln:miejscowosc><sln:cyklZyciaOd>2014-12-06T00:00:00+01:00</sln:cyklZyciaOd><sln:gmIIPId>cf2323df-2170-4e3e-a921-cfb6edfc3cba</sln:gmIIPId><sln:gmIIPPn>PL.PZGIK.200</sln:gmIIPPn><sln:gmIIPWersja>2012-09-26T22:18:15+02:00</sln:gmIIPWersja><sln:gmIdTeryt>2602033</sln:gmIdTeryt><sln:gmNazwa>Małogoszcz</sln:gmNazwa><sln:miejscIIPId>465ad2db-cd70-4a31-9426-670b6282a4e2</sln:miejscIIPId><sln:miejscIIPPn>PL.PZGIK.200</sln:miejscIIPPn><sln:miejscIIPWersja>2016-11-24T13:29:44+02:00</sln:miejscIIPWersja><sln:miejscIdTeryt>0249461</sln:miejscIdTeryt><sln:miejscNazwa>Rembieszyce</sln:miejscNazwa><sln:miejscRodzaj>Wieś</sln:miejscRodzaj><sln:powIIPId>2c76d255-52fc-4e03-84c4-ea9d923212b2</sln:powIIPId><sln:powIIPPn>PL.PZGIK.200</sln:powIIPPn><sln:powIIPWersja>2012-09-27T09:32:07+02:00</sln:powIIPWersja><sln:powIdTeryt>2602</sln:powIdTeryt><sln:powNazwa>jędrzejowski</sln:powNazwa><sln:wojIIPId>d021c0dd-b22e-4fcd-8444-904c64ec3aa8</sln:wojIIPId><sln:wojIIPPn>PL.PZGIK.200</sln:wojIIPPn><sln:wojIIPWersja>2012-09-27T13:45:13+02:00</sln:wojIIPWersja><sln:wojIdTeryt>26</sln:wojIdTeryt><sln:wojNazwa>świętokrzyskie</sln:wojNazwa></sln:miejscowosc><sln:miejscowosc><sln:cyklZyciaOd>2014-12-06T00:00:00+01:00</sln:cyklZyciaOd><sln:gmIIPId>cf2323df-2170-4e3e-a921-cfb6edfc3cba</sln:gmIIPId><sln:gmIIPPn>PL.PZGIK.200</sln:gmIIPPn><sln:gmIIPWersja>2012-09-26T22:18:15+02:00</sln:gmIIPWersja><sln:gmIdTeryt>2602033</sln:gmIdTeryt><sln:gmNazwa>Małogoszcz</sln:gmNazwa><sln:miejscIIPId>fdca444b-bbcc-491c-81b5-4a54825ce620</sln:miejscIIPId><sln:miejscIIPPn>PL.PZGIK.200</sln:miejscIIPPn><sln:miejscIIPWersja>2016-11-24T13:57:18+02:00</sln:miejscIIPWersja><sln:miejscIdTeryt>0249047</sln:miejscIdTeryt><sln:miejscNazwa>Nowa Wieś</sln:miejscNazwa><sln:miejscRodzaj>Inny obiekt</sln:miejscRodzaj><sln:powIIPId>2c76d255-52fc-4e03-84c4-ea9d923212b2</sln:powIIPId><sln:powIIPPn>PL.PZGIK.200</sln:powIIPPn><sln:powIIPWersja>2012-09-27T09:32:07+02:00</sln:powIIPWersja><sln:powIdTeryt>2602</sln:powIdTeryt><sln:powNazwa>jędrzejowski</sln:powNazwa><sln:wojIIPId>d021c0dd-b22e-4fcd-8444-904c64ec3aa8</sln:wojIIPId><sln:wojIIPPn>PL.PZGIK.200</sln:wojIIPPn><sln:wojIIPWersja>2012-09-27T13:45:13+02:00</sln:wojIIPWersja><sln:wojIdTeryt>26</sln:wojIdTeryt><sln:wojNazwa>świętokrzyskie</sln:wojNazwa></sln:miejscowosc><sln:miejscowosc><sln:cyklZyciaOd>2014-12-06T00:00:00+01:00</sln:cyklZyciaOd><sln:gmIIPId>cf2323df-2170-4e3e-a921-cfb6edfc3cba</sln:gmIIPId><sln:gmIIPPn>PL.PZGIK.200</sln:gmIIPPn><sln:gmIIPWersja>2012-09-26T22:18:15+02:00</sln:gmIIPWersja><sln:gmIdTeryt>2602033</sln:gmIdTeryt><sln:gmNazwa>Małogoszcz</sln:gmNazwa><sln:miejscIIPId>957c10ec-a5b8-4bc5-ab74-f95f99bbb0f3</sln:miejscIIPId><sln:miejscIIPPn>PL.PZGIK.200</sln:miejscIIPPn><sln:miejscIIPWersja>2016-11-24T13:41:00+02:00</sln:miejscIIPWersja><sln:miejscIdTeryt>0249171</sln:miejscIdTeryt><sln:miejscNazwa>Leśnica</sln:miejscNazwa><sln:miejscRodzaj>Wieś</sln:miejscRodzaj><sln:powIIPId>2c76d255-52fc-4e03-84c4-ea9d923212b2</sln:powIIPId><sln:powIIPPn>PL.PZGIK.200</sln:powIIPPn><sln:powIIPWersja>2012-09-27T09:32:07+02:00</sln:powIIPWersja><sln:powIdTeryt>2602</sln:powIdTeryt><sln:powNazwa>jędrzejowski</sln:powNazwa><sln:wojIIPId>d021c0dd-b22e-4fcd-8444-904c64ec3aa8</sln:wojIIPId><sln:wojIIPPn>PL.PZGIK.200</sln:wojIIPPn><sln:wojIIPWersja>2012-09-27T13:45:13+02:00</sln:wojIIPWersja><sln:wojIdTeryt>26</sln:wojIdTeryt><sln:wojNazwa>świętokrzyskie</sln:wojNazwa></sln:miejscowosc><sln:miejscowosc><sln:cyklZyciaOd>2014-12-06T00:00:00+01:00</sln:cyklZyciaOd><sln:gmIIPId>cf2323df-2170-4e3e-a921-cfb6edfc3cba</sln:gmIIPId><sln:gmIIPPn>PL.PZGIK.200</sln:gmIIPPn><sln:gmIIPWersja>2012-09-26T22:18:15+02:00</sln:gmIIPWersja><sln:gmIdTeryt>2602033</sln:gmIdTeryt><sln:gmNazwa>Małogoszcz</sln:gmNazwa><sln:miejscIIPId>8f5afbe5-ab63-4661-8bcd-d184fdddd59c</sln:miejscIIPId><sln:miejscIIPPn>PL.PZGIK.200</sln:miejscIIPPn><sln:miejscIIPWersja>2016-11-24T13:41:18+02:00</sln:miejscIIPWersja><sln:miejscIdTeryt>0249290</sln:miejscIdTeryt><sln:miejscNazwa>Ludwinów</sln:miejscNazwa><sln:miejscRodzaj>Wieś</sln:miejscRodzaj><sln:powIIPId>2c76d255-52fc-4e03-84c4-ea9d923212b2</sln:powIIPId><sln:powIIPPn>PL.PZGIK.200</sln:powIIPPn><sln:powIIPWersja>2012-09-27T09:32:07+02:00</sln:powIIPWersja><sln:powIdTeryt>2602</sln:powIdTeryt><sln:powNazwa>jędrzejowski</sln:powNazwa><sln:wojIIPId>d021c0dd-b22e-4fcd-8444-904c64ec3aa8</sln:wojIIPId><sln:wojIIPPn>PL.PZGIK.200</sln:wojIIPPn><sln:wojIIPWersja>2012-09-27T13:45:13+02:00</sln:wojIIPWersja><sln:wojIdTeryt>26</sln:wojIdTeryt><sln:wojNazwa>świętokrzyskie</sln:wojNazwa></sln:miejscowosc><sln:miejscowosc><sln:cyklZyciaOd>2014-12-06T00:00:00+01:00</sln:cyklZyciaOd><sln:gmIIPId>cf2323df-2170-4e3e-a921-cfb6edfc3cba</sln:gmIIPId><sln:gmIIPPn>PL.PZGIK.200</sln:gmIIPPn><sln:gmIIPWersja>2012-09-26T22:18:15+02:00</sln:gmIIPWersja><sln:gmIdTeryt>2602033</sln:gmIdTeryt><sln:gmNazwa>Małogoszcz</sln:gmNazwa><sln:miejscIIPId>7a71977c-ad84-4e55-a8e2-460434cbc9ed</sln:miejscIIPId><sln:miejscIIPPn>PL.PZGIK.200</sln:miejscIIPPn><sln:miejscIIPWersja>2016-11-24T13:33:39+02:00</sln:miejscIIPWersja><sln:miejscIdTeryt>0249515</sln:miejscIdTeryt><sln:miejscNazwa>Wola Tesserowa</sln:miejscNazwa><sln:miejscRodzaj>Wieś</sln:miejscRodzaj><sln:powIIPId>2c76d255-52fc-4e03-84c4-ea9d923212b2</sln:powIIPId><sln:powIIPPn>PL.PZGIK.200</sln:powIIPPn><sln:powIIPWersja>2012-09-27T09:32:07+02:00</sln:powIIPWersja><sln:powIdTeryt>2602</sln:powIdTeryt><sln:powNazwa>jędrzejowski</sln:powNazwa><sln:wojIIPId>d021c0dd-b22e-4fcd-8444-904c64ec3aa8</sln:wojIIPId><sln:wojIIPPn>PL.PZGIK.200</sln:wojIIPPn><sln:wojIIPWersja>2012-09-27T13:45:13+02:00</sln:wojIIPWersja><sln:wojIdTeryt>26</sln:wojIdTeryt><sln:wojNazwa>świętokrzyskie</sln:wojNazwa></sln:miejscowosc><sln:miejscowosc><sln:cyklZyciaOd>2014-12-06T00:00:00+01:00</sln:cyklZyciaOd><sln:gmIIPId>cf2323df-2170-4e3e-a921-cfb6edfc3cba</sln:gmIIPId><sln:gmIIPPn>PL.PZGIK.200</sln:gmIIPPn><sln:gmIIPWersja>2012-09-26T22:18:15+02:00</sln:gmIIPWersja><sln:gmIdTeryt>2602033</sln:gmIdTeryt><sln:gmNazwa>Małogoszcz</sln:gmNazwa><sln:miejscIIPId>2ab63c71-54ce-4733-8967-5ef43b476db6</sln:miejscIIPId><sln:miejscIIPPn>PL.PZGIK.200</sln:miejscIIPPn><sln:miejscIIPWersja>2016-11-24T13:34:13+02:00</sln:miejscIIPWersja><sln:miejscIdTeryt>0249580</sln:miejscIdTeryt><sln:miejscNazwa>Zakrucze</sln:miejscNazwa><sln:miejscRodzaj>Wieś</sln:miejscRodzaj><sln:powIIPId>2c76d255-52fc-4e03-84c4-ea9d923212b2</sln:powIIPId><sln:powIIPPn>PL.PZGIK.200</sln:powIIPPn><sln:powIIPWersja>2012-09-27T09:32:07+02:00</sln:powIIPWersja><sln:powIdTeryt>2602</sln:powIdTeryt><sln:powNazwa>jędrzejowski</sln:powNazwa><sln:wojIIPId>d021c0dd-b22e-4fcd-8444-904c64ec3aa8</sln:wojIIPId><sln:wojIIPPn>PL.PZGIK.200</sln:wojIIPPn><sln:wojIIPWersja>2012-09-27T13:45:13+02:00</sln:wojIIPWersja><sln:wojIdTeryt>26</sln:wojIdTeryt><sln:wojNazwa>świętokrzyskie</sln:wojNazwa></sln:miejscowosc><sln:miejscowosc><sln:cyklZyciaOd>2014-12-06T00:00:00+01:00</sln:cyklZyciaOd><sln:gmIIPId>cf2323df-2170-4e3e-a921-cfb6edfc3cba</sln:gmIIPId><sln:gmIIPPn>PL.PZGIK.200</sln:gmIIPPn><sln:gmIIPWersja>2012-09-26T22:18:15+02:00</sln:gmIIPWersja><sln:gmIdTeryt>2602033</sln:gmIdTeryt><sln:gmNazwa>Małogoszcz</sln:gmNazwa><sln:miejscIIPId>3274ded0-93ab-4f18-a150-cac8a94d0720</sln:miejscIIPId><sln:miejscIIPPn>PL.PZGIK.200</sln:miejscIIPPn><sln:miejscIIPWersja>2016-11-24T13:50:23+02:00</sln:miejscIIPWersja><sln:miejscIdTeryt>0249521</sln:miejscIdTeryt><sln:miejscNazwa>Brzezinki</sln:miejscNazwa><sln:miejscRodzaj>Inny obiekt</sln:miejscRodzaj><sln:powIIPId>2c76d255-52fc-4e03-84c4-ea9d923212b2</sln:powIIPId><sln:powIIPPn>PL.PZGIK.200</sln:powIIPPn><sln:powIIPWersja>2012-09-27T09:32:07+02:00</sln:powIIPWersja><sln:powIdTeryt>2602</sln:powIdTeryt><sln:powNazwa>jędrzejowski</sln:powNazwa><sln:wojIIPId>d021c0dd-b22e-4fcd-8444-904c64ec3aa8</sln:wojIIPId><sln:wojIIPPn>PL.PZGIK.200</sln:wojIIPPn><sln:wojIIPWersja>2012-09-27T13:45:13+02:00</sln:wojIIPWersja><sln:wojIdTeryt>26</sln:wojIdTeryt><sln:wojNazwa>świętokrzyskie</sln:wojNazwa></sln:miejscowosc><sln:miejscowosc><sln:cyklZyciaOd>2014-12-06T00:00:00+01:00</sln:cyklZyciaOd><sln:gmIIPId>cf2323df-2170-4e3e-a921-cfb6edfc3cba</sln:gmIIPId><sln:gmIIPPn>PL.PZGIK.200</sln:gmIIPPn><sln:gmIIPWersja>2012-09-26T22:18:15+02:00</sln:gmIIPWersja><sln:gmIdTeryt>2602033</sln:gmIdTeryt><sln:gmNazwa>Małogoszcz</sln:gmNazwa><sln:miejscIIPId>449151df-6d1a-4833-b13d-672b73aea9b0</sln:miejscIIPId><sln:miejscIIPPn>PL.PZGIK.200</sln:miejscIIPPn><sln:miejscIIPWersja>2016-11-24T13:58:01+02:00</sln:miejscIIPWersja><sln:miejscIdTeryt>0249432</sln:miejscIdTeryt><sln:miejscNazwa>Bołdyn</sln:miejscNazwa><sln:miejscRodzaj>Inny obiekt</sln:miejscRodzaj><sln:powIIPId>2c76d255-52fc-4e03-84c4-ea9d923212b2</sln:powIIPId><sln:powIIPPn>PL.PZGIK.200</sln:powIIPPn><sln:powIIPWersja>2012-09-27T09:32:07+02:00</sln:powIIPWersja><sln:powIdTeryt>2602</sln:powIdTeryt><sln:powNazwa>jędrzejowski</sln:powNazwa><sln:wojIIPId>d021c0dd-b22e-4fcd-8444-904c64ec3aa8</sln:wojIIPId><sln:wojIIPPn>PL.PZGIK.200</sln:wojIIPPn><sln:wojIIPWersja>2012-09-27T13:45:13+02:00</sln:wojIIPWersja><sln:wojIdTeryt>26</sln:wojIdTeryt><sln:wojNazwa>świętokrzyskie</sln:wojNazwa></sln:miejscowosc><sln:miejscowosc><sln:cyklZyciaOd>2014-12-06T00:00:00+01:00</sln:cyklZyciaOd><sln:gmIIPId>cf2323df-2170-4e3e-a921-cfb6edfc3cba</sln:gmIIPId><sln:gmIIPPn>PL.PZGIK.200</sln:gmIIPPn><sln:gmIIPWersja>2012-09-26T22:18:15+02:00</sln:gmIIPWersja><sln:gmIdTeryt>2602033</sln:gmIdTeryt><sln:gmNazwa>Małogoszcz</sln:gmNazwa><sln:miejscIIPId>ffa096b0-4824-4591-89ff-2894a9903151</sln:miejscIIPId><sln:miejscIIPPn>PL.PZGIK.200</sln:miejscIIPPn><sln:miejscIIPWersja>2016-11-24T13:58:01+02:00</sln:miejscIIPWersja><sln:miejscIdTeryt>0249455</sln:miejscIdTeryt><sln:miejscNazwa>Dziadówki</sln:miejscNazwa><sln:miejscRodzaj>Inny obiekt</sln:miejscRodzaj><sln:powIIPId>2c76d255-52fc-4e03-84c4-ea9d923212b2</sln:powIIPId><sln:powIIPPn>PL.PZGIK.200</sln:powIIPPn><sln:powIIPWersja>2012-09-27T09:32:07+02:00</sln:powIIPWersja><sln:powIdTeryt>2602</sln:powIdTeryt><sln:powNazwa>jędrzejowski</sln:powNazwa><sln:wojIIPId>d021c0dd-b22e-4fcd-8444-904c64ec3aa8</sln:wojIIPId><sln:wojIIPPn>PL.PZGIK.200</sln:wojIIPPn><sln:wojIIPWersja>2012-09-27T13:45:13+02:00</sln:wojIIPWersja><sln:wojIdTeryt>26</sln:wojIdTeryt><sln:wojNazwa>świętokrzyskie</sln:wojNazwa></sln:miejscowosc><sln:miejscowosc><sln:cyklZyciaOd>2014-12-06T00:00:00+01:00</sln:cyklZyciaOd><sln:gmIIPId>cf2323df-2170-4e3e-a921-cfb6edfc3cba</sln:gmIIPId><sln:gmIIPPn>PL.PZGIK.200</sln:gmIIPPn><sln:gmIIPWersja>2012-09-26T22:18:15+02:00</sln:gmIIPWersja><sln:gmIdTeryt>2602033</sln:gmIdTeryt><sln:gmNazwa>Małogoszcz</sln:gmNazwa><sln:miejscIIPId>4ec29146-a814-4c20-a294-74c05d12db3d</sln:miejscIIPId><sln:miejscIIPPn>PL.PZGIK.200</sln:miejscIIPPn><sln:miejscIIPWersja>2016-11-24T13:41:51+02:00</sln:miejscIIPWersja><sln:miejscIdTeryt>0249343</sln:miejscIdTeryt><sln:miejscNazwa>Małogoszcz</sln:miejscNazwa><sln:miejscRodzaj>Miasto</sln:miejscRodzaj><sln:powIIPId>2c76d255-52fc-4e03-84c4-ea9d923212b2</sln:powIIPId><sln:powIIPPn>PL.PZGIK.200</sln:powIIPPn><sln:powIIPWersja>2012-09-27T09:32:07+02:00</sln:powIIPWersja><sln:powIdTeryt>2602</sln:powIdTeryt><sln:powNazwa>jędrzejowski</sln:powNazwa><sln:wojIIPId>d021c0dd-b22e-4fcd-8444-904c64ec3aa8</sln:wojIIPId><sln:wojIIPPn>PL.PZGIK.200</sln:wojIIPPn><sln:wojIIPWersja>2012-09-27T13:45:13+02:00</sln:wojIIPWersja><sln:wojIdTeryt>26</sln:wojIdTeryt><sln:wojNazwa>świętokrzyskie</sln:wojNazwa></sln:miejscowosc><sln:miejscowosc><sln:cyklZyciaOd>2014-12-06T00:00:00+01:00</sln:cyklZyciaOd><sln:gmIIPId>cf2323df-2170-4e3e-a921-cfb6edfc3cba</sln:gmIIPId><sln:gmIIPPn>PL.PZGIK.200</sln:gmIIPPn><sln:gmIIPWersja>2012-09-26T22:18:15+02:00</sln:gmIIPWersja><sln:gmIdTeryt>2602033</sln:gmIdTeryt><sln:gmNazwa>Małogoszcz</sln:gmNazwa><sln:miejscIIPId>c414f573-2bcb-4db9-8282-1006232e2814</sln:miejscIIPId><sln:miejscIIPPn>PL.PZGIK.200</sln:miejscIIPPn><sln:miejscIIPWersja>2016-11-24T13:55:14+02:00</sln:miejscIIPWersja><sln:miejscIdTeryt>0249099</sln:miejscIdTeryt><sln:miejscNazwa>Jaców</sln:miejscNazwa><sln:miejscRodzaj>Inny obiekt</sln:miejscRodzaj><sln:powIIPId>2c76d255-52fc-4e03-84c4-ea9d923212b2</sln:powIIPId><sln:powIIPPn>PL.PZGIK.200</sln:powIIPPn><sln:powIIPWersja>2012-09-27T09:32:07+02:00</sln:powIIPWersja><sln:powIdTeryt>2602</sln:powIdTeryt><sln:powNazwa>jędrzejowski</sln:powNazwa><sln:wojIIPId>d021c0dd-b22e-4fcd-8444-904c64ec3aa8</sln:wojIIPId><sln:wojIIPPn>PL.PZGIK.200</sln:wojIIPPn><sln:wojIIPWersja>2012-09-27T13:45:13+02:00</sln:wojIIPWersja><sln:wojIdTeryt>26</sln:wojIdTeryt><sln:wojNazwa>świętokrzyskie</sln:wojNazwa></sln:miejscowosc><sln:miejscowosc><sln:cyklZyciaOd>2014-12-06T00:00:00+01:00</sln:cyklZyciaOd><sln:gmIIPId>cf2323df-2170-4e3e-a921-cfb6edfc3cba</sln:gmIIPId><sln:gmIIPPn>PL.PZGIK.200</sln:gmIIPPn><sln:gmIIPWersja>2012-09-26T22:18:15+02:00</sln:gmIIPWersja><sln:gmIdTeryt>2602033</sln:gmIdTeryt><sln:gmNazwa>Małogoszcz</sln:gmNazwa><sln:miejscIIPId>ae780b46-5ce8-4144-ac3d-6a6b9781481d</sln:miejscIIPId><sln:miejscIIPPn>PL.PZGIK.200</sln:miejscIIPPn><sln:miejscIIPWersja>2016-11-24T13:56:48+02:00</sln:miejscIIPWersja><sln:miejscIdTeryt>0249337</sln:miejscIdTeryt><sln:miejscNazwa>Góry Lasochowskie</sln:miejscNazwa><sln:miejscRodzaj>Kolonia</sln:miejscRodzaj><sln:powIIPId>2c76d255-52fc-4e03-84c4-ea9d923212b2</sln:powIIPId><sln:powIIPPn>PL.PZGIK.200</sln:powIIPPn><sln:powIIPWersja>2012-09-27T09:32:07+02:00</sln:powIIPWersja><sln:powIdTeryt>2602</sln:powIdTeryt><sln:powNazwa>jędrzejowski</sln:powNazwa><sln:wojIIPId>d021c0dd-b22e-4fcd-8444-904c64ec3aa8</sln:wojIIPId><sln:wojIIPPn>PL.PZGIK.200</sln:wojIIPPn><sln:wojIIPWersja>2012-09-27T13:45:13+02:00</sln:wojIIPWersja><sln:wojIdTeryt>26</sln:wojIdTeryt><sln:wojNazwa>świętokrzyskie</sln:wojNazwa></sln:miejscowosc><sln:miejscowosc><sln:cyklZyciaOd>2014-12-06T00:00:00+01:00</sln:cyklZyciaOd><sln:gmIIPId>cf2323df-2170-4e3e-a921-cfb6edfc3cba</sln:gmIIPId><sln:gmIIPPn>PL.PZGIK.200</sln:gmIIPPn><sln:gmIIPWersja>2012-09-26T22:18:15+02:00</sln:gmIIPWersja><sln:gmIdTeryt>2602033</sln:gmIdTeryt><sln:gmNazwa>Małogoszcz</sln:gmNazwa><sln:miejscIIPId>fa268b73-5e47-482d-a75d-03f08c5bfee7</sln:miejscIIPId><sln:miejscIIPPn>PL.PZGIK.200</sln:miejscIIPPn><sln:miejscIIPWersja>2016-11-24T13:50:41+02:00</sln:miejscIIPWersja><sln:miejscIdTeryt>0249550</sln:miejscIdTeryt><sln:miejscNazwa>Kopaniny</sln:miejscNazwa><sln:miejscRodzaj>Inny obiekt</sln:miejscRodzaj><sln:powIIPId>2c76d255-52fc-4e03-84c4-ea9d923212b2</sln:powIIPId><sln:powIIPPn>PL.PZGIK.200</sln:powIIPPn><sln:powIIPWersja>2012-09-27T09:32:07+02:00</sln:powIIPWersja><sln:powIdTeryt>2602</sln:powIdTeryt><sln:powNazwa>jędrzejowski</sln:powNazwa><sln:wojIIPId>d021c0dd-b22e-4fcd-8444-904c64ec3aa8</sln:wojIIPId><sln:wojIIPPn>PL.PZGIK.200</sln:wojIIPPn><sln:wojIIPWersja>2012-09-27T13:45:13+02:00</sln:wojIIPWersja><sln:wojIdTeryt>26</sln:wojIdTeryt><sln:wojNazwa>świętokrzyskie</sln:wojNazwa></sln:miejscowosc><sln:miejscowosc><sln:cyklZyciaOd>2014-12-06T00:00:00+01:00</sln:cyklZyciaOd><sln:gmIIPId>cf2323df-2170-4e3e-a921-cfb6edfc3cba</sln:gmIIPId><sln:gmIIPPn>PL.PZGIK.200</sln:gmIIPPn><sln:gmIIPWersja>2012-09-26T22:18:15+02:00</sln:gmIIPWersja><sln:gmIdTeryt>2602033</sln:gmIdTeryt><sln:gmNazwa>Małogoszcz</sln:gmNazwa><sln:miejscIIPId>9f2e9725-5ffc-43cf-8fd0-ee77d7999943</sln:miejscIIPId><sln:miejscIIPPn>PL.PZGIK.200</sln:miejscIIPPn><sln:miejscIIPWersja>2016-11-24T13:46:12+02:00</sln:miejscIIPWersja><sln:miejscIdTeryt>0249484</sln:miejscIdTeryt><sln:miejscNazwa>Podwyspa</sln:miejscNazwa><sln:miejscRodzaj>Inny obiekt</sln:miejscRodzaj><sln:powIIPId>2c76d255-52fc-4e03-84c4-ea9d923212b2</sln:powIIPId><sln:powIIPPn>PL.PZGIK.200</sln:powIIPPn><sln:powIIPWersja>2012-09-27T09:32:07+02:00</sln:powIIPWersja><sln:powIdTeryt>2602</sln:powIdTeryt><sln:powNazwa>jędrzejowski</sln:powNazwa><sln:wojIIPId>d021c0dd-b22e-4fcd-8444-904c64ec3aa8</sln:wojIIPId><sln:wojIIPPn>PL.PZGIK.200</sln:wojIIPPn><sln:wojIIPWersja>2012-09-27T13:45:13+02:00</sln:wojIIPWersja><sln:wojIdTeryt>26</sln:wojIdTeryt><sln:wojNazwa>świętokrzyskie</sln:wojNazwa></sln:miejscowosc><sln:miejscowosc><sln:cyklZyciaOd>2014-12-06T00:00:00+01:00</sln:cyklZyciaOd><sln:gmIIPId>cf2323df-2170-4e3e-a921-cfb6edfc3cba</sln:gmIIPId><sln:gmIIPPn>PL.PZGIK.200</sln:gmIIPPn><sln:gmIIPWersja>2012-09-26T22:18:15+02:00</sln:gmIIPWersja><sln:gmIdTeryt>2602033</sln:gmIdTeryt><sln:gmNazwa>Małogoszcz</sln:gmNazwa><sln:miejscIIPId>1afe5486-0a0b-4417-9893-7f8b157460b5</sln:miejscIIPId><sln:miejscIIPPn>PL.PZGIK.200</sln:miejscIIPPn><sln:miejscIIPWersja>2016-11-24T13:57:18+02:00</sln:miejscIIPWersja><sln:miejscIdTeryt>0249024</sln:miejscIdTeryt><sln:miejscNazwa>Zastawy</sln:miejscNazwa><sln:miejscRodzaj>Inny obiekt</sln:miejscRodzaj><sln:powIIPId>2c76d255-52fc-4e03-84c4-ea9d923212b2</sln:powIIPId><sln:powIIPPn>PL.PZGIK.200</sln:powIIPPn><sln:powIIPWersja>2012-09-27T09:32:07+02:00</sln:powIIPWersja><sln:powIdTeryt>2602</sln:powIdTeryt><sln:powNazwa>jędrzejowski</sln:powNazwa><sln:wojIIPId>d021c0dd-b22e-4fcd-8444-904c64ec3aa8</sln:wojIIPId><sln:wojIIPPn>PL.PZGIK.200</sln:wojIIPPn><sln:wojIIPWersja>2012-09-27T13:45:13+02:00</sln:wojIIPWersja><sln:wojIdTeryt>26</sln:wojIdTeryt><sln:wojNazwa>świętokrzyskie</sln:wojNazwa></sln:miejscowosc><sln:miejscowosc><sln:cyklZyciaOd>2014-12-06T00:00:00+01:00</sln:cyklZyciaOd><sln:gmIIPId>cf2323df-2170-4e3e-a921-cfb6edfc3cba</sln:gmIIPId><sln:gmIIPPn>PL.PZGIK.200</sln:gmIIPPn><sln:gmIIPWersja>2012-09-26T22:18:15+02:00</sln:gmIIPWersja><sln:gmIdTeryt>2602033</sln:gmIdTeryt><sln:gmNazwa>Małogoszcz</sln:gmNazwa><sln:miejscIIPId>f24fdece-90d0-42c3-b565-debbf4f17c53</sln:miejscIIPId><sln:miejscIIPPn>PL.PZGIK.200</sln:miejscIIPPn><sln:miejscIIPWersja>2016-11-24T13:59:36+02:00</sln:miejscIIPWersja><sln:miejscIdTeryt>0249113</sln:miejscIdTeryt><sln:miejscNazwa>Błonie</sln:miejscNazwa><sln:miejscRodzaj>Inny obiekt</sln:miejscRodzaj><sln:powIIPId>2c76d255-52fc-4e03-84c4-ea9d923212b2</sln:powIIPId><sln:powIIPPn>PL.PZGIK.200</sln:powIIPPn><sln:powIIPWersja>2012-09-27T09:32:07+02:00</sln:powIIPWersja><sln:powIdTeryt>2602</sln:powIdTeryt><sln:powNazwa>jędrzejowski</sln:powNazwa><sln:wojIIPId>d021c0dd-b22e-4fcd-8444-904c64ec3aa8</sln:wojIIPId><sln:wojIIPPn>PL.PZGIK.200</sln:wojIIPPn><sln:wojIIPWersja>2012-09-27T13:45:13+02:00</sln:wojIIPWersja><sln:wojIdTeryt>26</sln:wojIdTeryt><sln:wojNazwa>świętokrzyskie</sln:wojNazwa></sln:miejscowosc><sln:miejscowosc><sln:cyklZyciaOd>2014-12-06T00:00:00+01:00</sln:cyklZyciaOd><sln:gmIIPId>cf2323df-2170-4e3e-a921-cfb6edfc3cba</sln:gmIIPId><sln:gmIIPPn>PL.PZGIK.200</sln:gmIIPPn><sln:gmIIPWersja>2012-09-26T22:18:15+02:00</sln:gmIIPWersja><sln:gmIdTeryt>2602033</sln:gmIdTeryt><sln:gmNazwa>Małogoszcz</sln:gmNazwa><sln:miejscIIPId>1a979cf8-a15d-45a5-8ad9-9a40ae6adc65</sln:miejscIIPId><sln:miejscIIPPn>PL.PZGIK.200</sln:miejscIIPPn><sln:miejscIIPWersja>2016-11-24T13:59:36+02:00</sln:miejscIIPWersja><sln:miejscIdTeryt>0249260</sln:miejscIdTeryt><sln:miejscNazwa>Podedwór</sln:miejscNazwa><sln:miejscRodzaj>Inny obiekt</sln:miejscRodzaj><sln:powIIPId>2c76d255-52fc-4e03-84c4-ea9d923212b2</sln:powIIPId><sln:powIIPPn>PL.PZGIK.200</sln:powIIPPn><sln:powIIPWersja>2012-09-27T09:32:07+02:00</sln:powIIPWersja><sln:powIdTeryt>2602</sln:powIdTeryt><sln:powNazwa>jędrzejowski</sln:powNazwa><sln:wojIIPId>d021c0dd-b22e-4fcd-8444-904c64ec3aa8</sln:wojIIPId><sln:wojIIPPn>PL.PZGIK.200</sln:wojIIPPn><sln:wojIIPWersja>2012-09-27T13:45:13+02:00</sln:wojIIPWersja><sln:wojIdTeryt>26</sln:wojIdTeryt><sln:wojNazwa>świętokrzyskie</sln:wojNazwa></sln:miejscowosc><sln:miejscowosc><sln:cyklZyciaOd>2014-12-06T00:00:00+01:00</sln:cyklZyciaOd><sln:gmIIPId>cf2323df-2170-4e3e-a921-cfb6edfc3cba</sln:gmIIPId><sln:gmIIPPn>PL.PZGIK.200</sln:gmIIPPn><sln:gmIIPWersja>2012-09-26T22:18:15+02:00</sln:gmIIPWersja><sln:gmIdTeryt>2602033</sln:gmIdTeryt><sln:gmNazwa>Małogoszcz</sln:gmNazwa><sln:miejscIIPId>7d1a1083-f265-4a96-91ee-b79873709c6e</sln:miejscIIPId><sln:miejscIIPPn>PL.PZGIK.200</sln:miejscIIPPn><sln:miejscIIPWersja>2016-11-24T13:59:36+02:00</sln:miejscIIPWersja><sln:miejscIdTeryt>0249136</sln:miejscIdTeryt><sln:miejscNazwa>Grobla</sln:miejscNazwa><sln:miejscRodzaj>Inny obiekt</sln:miejscRodzaj><sln:powIIPId>2c76d255-52fc-4e03-84c4-ea9d923212b2</sln:powIIPId><sln:powIIPPn>PL.PZGIK.200</sln:powIIPPn><sln:powIIPWersja>2012-09-27T09:32:07+02:00</sln:powIIPWersja><sln:powIdTeryt>2602</sln:powIdTeryt><sln:powNazwa>jędrzejowski</sln:powNazwa><sln:wojIIPId>d021c0dd-b22e-4fcd-8444-904c64ec3aa8</sln:wojIIPId><sln:wojIIPPn>PL.PZGIK.200</sln:wojIIPPn><sln:wojIIPWersja>2012-09-27T13:45:13+02:00</sln:wojIIPWersja><sln:wojIdTeryt>26</sln:wojIdTeryt><sln:wojNazwa>świętokrzyskie</sln:wojNazwa></sln:miejscowosc><sln:miejscowosc><sln:cyklZyciaOd>2014-12-06T00:00:00+01:00</sln:cyklZyciaOd><sln:gmIIPId>cf2323df-2170-4e3e-a921-cfb6edfc3cba</sln:gmIIPId><sln:gmIIPPn>PL.PZGIK.200</sln:gmIIPPn><sln:gmIIPWersja>2012-09-26T22:18:15+02:00</sln:gmIIPWersja><sln:gmIdTeryt>2602033</sln:gmIdTeryt><sln:gmNazwa>Małogoszcz</sln:gmNazwa><sln:miejscIIPId>09b2b6a9-567d-475e-9e55-6ce550edde2b</sln:miejscIIPId><sln:miejscIIPPn>PL.PZGIK.200</sln:miejscIIPPn><sln:miejscIIPWersja>2016-11-24T13:59:36+02:00</sln:miejscIIPWersja><sln:miejscIdTeryt>0249610</sln:miejscIdTeryt><sln:miejscNazwa>Pniak</sln:miejscNazwa><sln:miejscRodzaj>Inny obiekt</sln:miejscRodzaj><sln:powIIPId>2c76d255-52fc-4e03-84c4-ea9d923212b2</sln:powIIPId><sln:powIIPPn>PL.PZGIK.200</sln:powIIPPn><sln:powIIPWersja>2012-09-27T09:32:07+02:00</sln:powIIPWersja><sln:powIdTeryt>2602</sln:powIdTeryt><sln:powNazwa>jędrzejowski</sln:powNazwa><sln:wojIIPId>d021c0dd-b22e-4fcd-8444-904c64ec3aa8</sln:wojIIPId><sln:wojIIPPn>PL.PZGIK.200</sln:wojIIPPn><sln:wojIIPWersja>2012-09-27T13:45:13+02:00</sln:wojIIPWersja><sln:wojIdTeryt>26</sln:wojIdTeryt><sln:wojNazwa>świętokrzyskie</sln:wojNazwa></sln:miejscowosc><sln:miejscowosc><sln:cyklZyciaOd>2014-12-06T00:00:00+01:00</sln:cyklZyciaOd><sln:gmIIPId>cf2323df-2170-4e3e-a921-cfb6edfc3cba</sln:gmIIPId><sln:gmIIPPn>PL.PZGIK.200</sln:gmIIPPn><sln:gmIIPWersja>2012-09-26T22:18:15+02:00</sln:gmIIPWersja><sln:gmIdTeryt>2602033</sln:gmIdTeryt><sln:gmNazwa>Małogoszcz</sln:gmNazwa><sln:miejscIIPId>c4d70cd4-078a-44fc-8342-707886b6bf47</sln:miejscIIPId><sln:miejscIIPPn>PL.PZGIK.200</sln:miejscIIPPn><sln:miejscIIPWersja>2016-11-24T13:59:36+02:00</sln:miejscIIPWersja><sln:miejscIdTeryt>0249320</sln:miejscIdTeryt><sln:miejscNazwa>Szubienica</sln:miejscNazwa><sln:miejscRodzaj>Inny obiekt</sln:miejscRodzaj><sln:powIIPId>2c76d255-52fc-4e03-84c4-ea9d923212b2</sln:powIIPId><sln:powIIPPn>PL.PZGIK.200</sln:powIIPPn><sln:powIIPWersja>2012-09-27T09:32:07+02:00</sln:powIIPWersja><sln:powIdTeryt>2602</sln:powIdTeryt><sln:powNazwa>jędrzejowski</sln:powNazwa><sln:wojIIPId>d021c0dd-b22e-4fcd-8444-904c64ec3aa8</sln:wojIIPId><sln:wojIIPPn>PL.PZGIK.200</sln:wojIIPPn><sln:wojIIPWersja>2012-09-27T13:45:13+02:00</sln:wojIIPWersja><sln:wojIdTeryt>26</sln:wojIdTeryt><sln:wojNazwa>świętokrzyskie</sln:wojNazwa></sln:miejscowosc><sln:miejscowosc><sln:cyklZyciaOd>2014-12-06T00:00:00+01:00</sln:cyklZyciaOd><sln:gmIIPId>cf2323df-2170-4e3e-a921-cfb6edfc3cba</sln:gmIIPId><sln:gmIIPPn>PL.PZGIK.200</sln:gmIIPPn><sln:gmIIPWersja>2012-09-26T22:18:15+02:00</sln:gmIIPWersja><sln:gmIdTeryt>2602033</sln:gmIdTeryt><sln:gmNazwa>Małogoszcz</sln:gmNazwa><sln:miejscIIPId>990cf827-04c7-4b48-825c-595e2f291938</sln:miejscIIPId><sln:miejscIIPPn>PL.PZGIK.200</sln:miejscIIPPn><sln:miejscIIPWersja>2016-11-24T13:59:36+02:00</sln:miejscIIPWersja><sln:miejscIdTeryt>0249194</sln:miejscIdTeryt><sln:miejscNazwa>Kolonie</sln:miejscNazwa><sln:miejscRodzaj>Inny obiekt</sln:miejscRodzaj><sln:powIIPId>2c76d255-52fc-4e03-84c4-ea9d923212b2</sln:powIIPId><sln:powIIPPn>PL.PZGIK.200</sln:powIIPPn><sln:powIIPWersja>2012-09-27T09:32:07+02:00</sln:powIIPWersja><sln:powIdTeryt>2602</sln:powIdTeryt><sln:powNazwa>jędrzejowski</sln:powNazwa><sln:wojIIPId>d021c0dd-b22e-4fcd-8444-904c64ec3aa8</sln:wojIIPId><sln:wojIIPPn>PL.PZGIK.200</sln:wojIIPPn><sln:wojIIPWersja>2012-09-27T13:45:13+02:00</sln:wojIIPWersja><sln:wojIdTeryt>26</sln:wojIdTeryt><sln:wojNazwa>świętokrzyskie</sln:wojNazwa></sln:miejscowosc><sln:miejscowosc><sln:cyklZyciaOd>2014-12-06T00:00:00+01:00</sln:cyklZyciaOd><sln:gmIIPId>cf2323df-2170-4e3e-a921-cfb6edfc3cba</sln:gmIIPId><sln:gmIIPPn>PL.PZGIK.200</sln:gmIIPPn><sln:gmIIPWersja>2012-09-26T22:18:15+02:00</sln:gmIIPWersja><sln:gmIdTeryt>2602033</sln:gmIdTeryt><sln:gmNazwa>Małogoszcz</sln:gmNazwa><sln:miejscIIPId>a8ea8694-17e8-4def-aa86-62e4292a329f</sln:miejscIIPId><sln:miejscIIPPn>PL.PZGIK.200</sln:miejscIIPPn><sln:miejscIIPWersja>2016-11-24T13:59:36+02:00</sln:miejscIIPWersja><sln:miejscIdTeryt>0249722</sln:miejscIdTeryt><sln:miejscNazwa>Dziadówki</sln:miejscNazwa><sln:miejscRodzaj>Inny obiekt</sln:miejscRodzaj><sln:powIIPId>2c76d255-52fc-4e03-84c4-ea9d923212b2</sln:powIIPId><sln:powIIPPn>PL.PZGIK.200</sln:powIIPPn><sln:powIIPWersja>2012-09-27T09:32:07+02:00</sln:powIIPWersja><sln:powIdTeryt>2602</sln:powIdTeryt><sln:powNazwa>jędrzejowski</sln:powNazwa><sln:wojIIPId>d021c0dd-b22e-4fcd-8444-904c64ec3aa8</sln:wojIIPId><sln:wojIIPPn>PL.PZGIK.200</sln:wojIIPPn><sln:wojIIPWersja>2012-09-27T13:45:13+02:00</sln:wojIIPWersja><sln:wojIdTeryt>26</sln:wojIdTeryt><sln:wojNazwa>świętokrzyskie</sln:wojNazwa></sln:miejscowosc><sln:miejscowosc><sln:cyklZyciaOd>2014-12-06T00:00:00+01:00</sln:cyklZyciaOd><sln:gmIIPId>cf2323df-2170-4e3e-a921-cfb6edfc3cba</sln:gmIIPId><sln:gmIIPPn>PL.PZGIK.200</sln:gmIIPPn><sln:gmIIPWersja>2012-09-26T22:18:15+02:00</sln:gmIIPWersja><sln:gmIdTeryt>2602033</sln:gmIdTeryt><sln:gmNazwa>Małogoszcz</sln:gmNazwa><sln:miejscIIPId>2941ba01-ea2f-4b9a-8011-b09a36e2d738</sln:miejscIIPId><sln:miejscIIPPn>PL.PZGIK.200</sln:miejscIIPPn><sln:miejscIIPWersja>2016-11-24T13:59:36+02:00</sln:miejscIIPWersja><sln:miejscIdTeryt>0249248</sln:miejscIdTeryt><sln:miejscNazwa>Brodki</sln:miejscNazwa><sln:miejscRodzaj>Inny obiekt</sln:miejscRodzaj><sln:powIIPId>2c76d255-52fc-4e03-84c4-ea9d923212b2</sln:powIIPId><sln:powIIPPn>PL.PZGIK.200</sln:powIIPPn><sln:powIIPWersja>2012-09-27T09:32:07+02:00</sln:powIIPWersja><sln:powIdTeryt>2602</sln:powIdTeryt><sln:powNazwa>jędrzejowski</sln:powNazwa><sln:wojIIPId>d021c0dd-b22e-4fcd-8444-904c64ec3aa8</sln:wojIIPId><sln:wojIIPPn>PL.PZGIK.200</sln:wojIIPPn><sln:wojIIPWersja>2012-09-27T13:45:13+02:00</sln:wojIIPWersja><sln:wojIdTeryt>26</sln:wojIdTeryt><sln:wojNazwa>świętokrzyskie</sln:wojNazwa></sln:miejscowosc><sln:miejscowosc><sln:cyklZyciaOd>2014-12-06T00:00:00+01:00</sln:cyklZyciaOd><sln:gmIIPId>cf2323df-2170-4e3e-a921-cfb6edfc3cba</sln:gmIIPId><sln:gmIIPPn>PL.PZGIK.200</sln:gmIIPPn><sln:gmIIPWersja>2012-09-26T22:18:15+02:00</sln:gmIIPWersja><sln:gmIdTeryt>2602033</sln:gmIdTeryt><sln:gmNazwa>Małogoszcz</sln:gmNazwa><sln:miejscIIPId>64f09d20-28c9-40ae-88d3-c0e2f928e912</sln:miejscIIPId><sln:miejscIIPPn>PL.PZGIK.200</sln:miejscIIPPn><sln:miejscIIPWersja>2016-11-24T13:59:36+02:00</sln:miejscIIPWersja><sln:miejscIdTeryt>0249188</sln:miejscIdTeryt><sln:miejscNazwa>Jawor</sln:miejscNazwa><sln:miejscRodzaj>Inny obiekt</sln:miejscRodzaj><sln:powIIPId>2c76d255-52fc-4e03-84c4-ea9d923212b2</sln:powIIPId><sln:powIIPPn>PL.PZGIK.200</sln:powIIPPn><sln:powIIPWersja>2012-09-27T09:32:07+02:00</sln:powIIPWersja><sln:powIdTeryt>2602</sln:powIdTeryt><sln:powNazwa>jędrzejowski</sln:powNazwa><sln:wojIIPId>d021c0dd-b22e-4fcd-8444-904c64ec3aa8</sln:wojIIPId><sln:wojIIPPn>PL.PZGIK.200</sln:wojIIPPn><sln:wojIIPWersja>2012-09-27T13:45:13+02:00</sln:wojIIPWersja><sln:wojIdTeryt>26</sln:wojIdTeryt><sln:wojNazwa>świętokrzyskie</sln:wojNazwa></sln:miejscowosc><sln:miejscowosc><sln:cyklZyciaOd>2014-12-06T00:00:00+01:00</sln:cyklZyciaOd><sln:gmIIPId>cf2323df-2170-4e3e-a921-cfb6edfc3cba</sln:gmIIPId><sln:gmIIPPn>PL.PZGIK.200</sln:gmIIPPn><sln:gmIIPWersja>2012-09-26T22:18:15+02:00</sln:gmIIPWersja><sln:gmIdTeryt>2602033</sln:gmIdTeryt><sln:gmNazwa>Małogoszcz</sln:gmNazwa><sln:miejscIIPId>1351b45e-c2c2-43a2-b4af-9a813f388dcf</sln:miejscIIPId><sln:miejscIIPPn>PL.PZGIK.200</sln:miejscIIPPn><sln:miejscIIPWersja>2016-11-24T13:59:36+02:00</sln:miejscIIPWersja><sln:miejscIdTeryt>0249596</sln:miejscIdTeryt><sln:miejscNazwa>Leśniczówka</sln:miejscNazwa><sln:miejscRodzaj>Inny obiekt</sln:miejscRodzaj><sln:powIIPId>2c76d255-52fc-4e03-84c4-ea9d923212b2</sln:powIIPId><sln:powIIPPn>PL.PZGIK.200</sln:powIIPPn><sln:powIIPWersja>2012-09-27T09:32:07+02:00</sln:powIIPWersja><sln:powIdTeryt>2602</sln:powIdTeryt><sln:powNazwa>jędrzejowski</sln:powNazwa><sln:wojIIPId>d021c0dd-b22e-4fcd-8444-904c64ec3aa8</sln:wojIIPId><sln:wojIIPPn>PL.PZGIK.200</sln:wojIIPPn><sln:wojIIPWersja>2012-09-27T13:45:13+02:00</sln:wojIIPWersja><sln:wojIdTeryt>26</sln:wojIdTeryt><sln:wojNazwa>świętokrzyskie</sln:wojNazwa></sln:miejscowosc><sln:miejscowosc><sln:cyklZyciaOd>2014-12-06T00:00:00+01:00</sln:cyklZyciaOd><sln:gmIIPId>cf2323df-2170-4e3e-a921-cfb6edfc3cba</sln:gmIIPId><sln:gmIIPPn>PL.PZGIK.200</sln:gmIIPPn><sln:gmIIPWersja>2012-09-26T22:18:15+02:00</sln:gmIIPWersja><sln:gmIdTeryt>2602033</sln:gmIdTeryt><sln:gmNazwa>Małogoszcz</sln:gmNazwa><sln:miejscIIPId>d3e63e5d-0f62-4743-b1c8-ecb637ae0703</sln:miejscIIPId><sln:miejscIIPPn>PL.PZGIK.200</sln:miejscIIPPn><sln:miejscIIPWersja>2016-11-24T13:59:36+02:00</sln:miejscIIPWersja><sln:miejscIdTeryt>0249538</sln:miejscIdTeryt><sln:miejscNazwa>Okupniki</sln:miejscNazwa><sln:miejscRodzaj>Inny obiekt</sln:miejscRodzaj><sln:powIIPId>2c76d255-52fc-4e03-84c4-ea9d923212b2</sln:powIIPId><sln:powIIPPn>PL.PZGIK.200</sln:powIIPPn><sln:powIIPWersja>2012-09-27T09:32:07+02:00</sln:powIIPWersja><sln:powIdTeryt>2602</sln:powIdTeryt><sln:powNazwa>jędrzejowski</sln:powNazwa><sln:wojIIPId>d021c0dd-b22e-4fcd-8444-904c64ec3aa8</sln:wojIIPId><sln:wojIIPPn>PL.PZGIK.200</sln:wojIIPPn><sln:wojIIPWersja>2012-09-27T13:45:13+02:00</sln:wojIIPWersja><sln:wojIdTeryt>26</sln:wojIdTeryt><sln:wojNazwa>świętokrzyskie</sln:wojNazwa></sln:miejscowosc><sln:miejscowosc><sln:cyklZyciaOd>2014-12-06T00:00:00+01:00</sln:cyklZyciaOd><sln:gmIIPId>cf2323df-2170-4e3e-a921-cfb6edfc3cba</sln:gmIIPId><sln:gmIIPPn>PL.PZGIK.200</sln:gmIIPPn><sln:gmIIPWersja>2012-09-26T22:18:15+02:00</sln:gmIIPWersja><sln:gmIdTeryt>2602033</sln:gmIdTeryt><sln:gmNazwa>Małogoszcz</sln:gmNazwa><sln:miejscIIPId>a91eb149-aef6-4baf-b312-2d4afc9d1601</sln:miejscIIPId><sln:miejscIIPPn>PL.PZGIK.200</sln:miejscIIPPn><sln:miejscIIPWersja>2016-11-24T13:59:36+02:00</sln:miejscIIPWersja><sln:miejscIdTeryt>0249573</sln:miejscIdTeryt><sln:miejscNazwa>Okupniki</sln:miejscNazwa><sln:miejscRodzaj>Inny obiekt</sln:miejscRodzaj><sln:powIIPId>2c76d255-52fc-4e03-84c4-ea9d923212b2</sln:powIIPId><sln:powIIPPn>PL.PZGIK.200</sln:powIIPPn><sln:powIIPWersja>2012-09-27T09:32:07+02:00</sln:powIIPWersja><sln:powIdTeryt>2602</sln:powIdTeryt><sln:powNazwa>jędrzejowski</sln:powNazwa><sln:wojIIPId>d021c0dd-b22e-4fcd-8444-904c64ec3aa8</sln:wojIIPId><sln:wojIIPPn>PL.PZGIK.200</sln:wojIIPPn><sln:wojIIPWersja>2012-09-27T13:45:13+02:00</sln:wojIIPWersja><sln:wojIdTeryt>26</sln:wojIdTeryt><sln:wojNazwa>świętokrzyskie</sln:wojNazwa></sln:miejscowosc><sln:miejscowosc><sln:cyklZyciaOd>2014-12-06T00:00:00+01:00</sln:cyklZyciaOd><sln:gmIIPId>cf2323df-2170-4e3e-a921-cfb6edfc3cba</sln:gmIIPId><sln:gmIIPPn>PL.PZGIK.200</sln:gmIIPPn><sln:gmIIPWersja>2012-09-26T22:18:15+02:00</sln:gmIIPWersja><sln:gmIdTeryt>2602033</sln:gmIdTeryt><sln:gmNazwa>Małogoszcz</sln:gmNazwa><sln:miejscIIPId>d9412d08-6875-4208-9eda-59585ad86e5d</sln:miejscIIPId><sln:miejscIIPPn>PL.PZGIK.200</sln:miejscIIPPn><sln:miejscIIPWersja>2016-11-24T13:59:36+02:00</sln:miejscIIPWersja><sln:miejscIdTeryt>0249142</sln:miejscIdTeryt><sln:miejscNazwa>Górajek</sln:miejscNazwa><sln:miejscRodzaj>Inny obiekt</sln:miejscRodzaj><sln:powIIPId>2c76d255-52fc-4e03-84c4-ea9d923212b2</sln:powIIPId><sln:powIIPPn>PL.PZGIK.200</sln:powIIPPn><sln:powIIPWersja>2012-09-27T09:32:07+02:00</sln:powIIPWersja><sln:powIdTeryt>2602</sln:powIdTeryt><sln:powNazwa>jędrzejowski</sln:powNazwa><sln:wojIIPId>d021c0dd-b22e-4fcd-8444-904c64ec3aa8</sln:wojIIPId><sln:wojIIPPn>PL.PZGIK.200</sln:wojIIPPn><sln:wojIIPWersja>2012-09-27T13:45:13+02:00</sln:wojIIPWersja><sln:wojIdTeryt>26</sln:wojIdTeryt><sln:wojNazwa>świętokrzyskie</sln:wojNazwa></sln:miejscowosc><sln:miejscowosc><sln:cyklZyciaOd>2014-12-06T00:00:00+01:00</sln:cyklZyciaOd><sln:gmIIPId>cf2323df-2170-4e3e-a921-cfb6edfc3cba</sln:gmIIPId><sln:gmIIPPn>PL.PZGIK.200</sln:gmIIPPn><sln:gmIIPWersja>2012-09-26T22:18:15+02:00</sln:gmIIPWersja><sln:gmIdTeryt>2602033</sln:gmIdTeryt><sln:gmNazwa>Małogoszcz</sln:gmNazwa><sln:miejscIIPId>89b97fd1-df03-426f-8dee-8518b17fdc28</sln:miejscIIPId><sln:miejscIIPPn>PL.PZGIK.200</sln:miejscIIPPn><sln:miejscIIPWersja>2016-11-24T13:59:36+02:00</sln:miejscIIPWersja><sln:miejscIdTeryt>0249120</sln:miejscIdTeryt><sln:miejscNazwa>Doły</sln:miejscNazwa><sln:miejscRodzaj>Inny obiekt</sln:miejscRodzaj><sln:powIIPId>2c76d255-52fc-4e03-84c4-ea9d923212b2</sln:powIIPId><sln:powIIPPn>PL.PZGIK.200</sln:powIIPPn><sln:powIIPWersja>2012-09-27T09:32:07+02:00</sln:powIIPWersja><sln:powIdTeryt>2602</sln:powIdTeryt><sln:powNazwa>jędrzejowski</sln:powNazwa><sln:wojIIPId>d021c0dd-b22e-4fcd-8444-904c64ec3aa8</sln:wojIIPId><sln:wojIIPPn>PL.PZGIK.200</sln:wojIIPPn><sln:wojIIPWersja>2012-09-27T13:45:13+02:00</sln:wojIIPWersja><sln:wojIdTeryt>26</sln:wojIdTeryt><sln:wojNazwa>świętokrzyskie</sln:wojNazwa></sln:miejscowosc><sln:miejscowosc><sln:cyklZyciaOd>2014-12-06T00:00:00+01:00</sln:cyklZyciaOd><sln:gmIIPId>cf2323df-2170-4e3e-a921-cfb6edfc3cba</sln:gmIIPId><sln:gmIIPPn>PL.PZGIK.200</sln:gmIIPPn><sln:gmIIPWersja>2012-09-26T22:18:15+02:00</sln:gmIIPWersja><sln:gmIdTeryt>2602033</sln:gmIdTeryt><sln:gmNazwa>Małogoszcz</sln:gmNazwa><sln:miejscIIPId>1b7b598d-85cf-4b61-a7e8-b19456607fae</sln:miejscIIPId><sln:miejscIIPPn>PL.PZGIK.200</sln:miejscIIPPn><sln:miejscIIPWersja>2016-11-24T13:59:36+02:00</sln:miejscIIPWersja><sln:miejscIdTeryt>0249685</sln:miejscIdTeryt><sln:miejscNazwa>Okupniki</sln:miejscNazwa><sln:miejscRodzaj>Inny obiekt</sln:miejscRodzaj><sln:powIIPId>2c76d255-52fc-4e03-84c4-ea9d923212b2</sln:powIIPId><sln:powIIPPn>PL.PZGIK.200</sln:powIIPPn><sln:powIIPWersja>2012-09-27T09:32:07+02:00</sln:powIIPWersja><sln:powIdTeryt>2602</sln:powIdTeryt><sln:powNazwa>jędrzejowski</sln:powNazwa><sln:wojIIPId>d021c0dd-b22e-4fcd-8444-904c64ec3aa8</sln:wojIIPId><sln:wojIIPPn>PL.PZGIK.200</sln:wojIIPPn><sln:wojIIPWersja>2012-09-27T13:45:13+02:00</sln:wojIIPWersja><sln:wojIdTeryt>26</sln:wojIdTeryt><sln:wojNazwa>świętokrzyskie</sln:wojNazwa></sln:miejscowosc><sln:miejscowosc><sln:cyklZyciaOd>2014-12-06T00:00:00+01:00</sln:cyklZyciaOd><sln:gmIIPId>cf2323df-2170-4e3e-a921-cfb6edfc3cba</sln:gmIIPId><sln:gmIIPPn>PL.PZGIK.200</sln:gmIIPPn><sln:gmIIPWersja>2012-09-26T22:18:15+02:00</sln:gmIIPWersja><sln:gmIdTeryt>2602033</sln:gmIdTeryt><sln:gmNazwa>Małogoszcz</sln:gmNazwa><sln:miejscIIPId>aa6b8876-aea8-4808-9846-f8623f788dca</sln:miejscIIPId><sln:miejscIIPPn>PL.PZGIK.200</sln:miejscIIPPn><sln:miejscIIPWersja>2016-11-24T13:59:36+02:00</sln:miejscIIPWersja><sln:miejscIdTeryt>0249395</sln:miejscIdTeryt><sln:miejscNazwa>Bugaj</sln:miejscNazwa><sln:miejscRodzaj>Inny obiekt</sln:miejscRodzaj><sln:powIIPId>2c76d255-52fc-4e03-84c4-ea9d923212b2</sln:powIIPId><sln:powIIPPn>PL.PZGIK.200</sln:powIIPPn><sln:powIIPWersja>2012-09-27T09:32:07+02:00</sln:powIIPWersja><sln:powIdTeryt>2602</sln:powIdTeryt><sln:powNazwa>jędrzejowski</sln:powNazwa><sln:wojIIPId>d021c0dd-b22e-4fcd-8444-904c64ec3aa8</sln:wojIIPId><sln:wojIIPPn>PL.PZGIK.200</sln:wojIIPPn><sln:wojIIPWersja>2012-09-27T13:45:13+02:00</sln:wojIIPWersja><sln:wojIdTeryt>26</sln:wojIdTeryt><sln:wojNazwa>świętokrzyskie</sln:wojNazwa></sln:miejscowosc><sln:miejscowosc><sln:cyklZyciaOd>2014-12-06T00:00:00+01:00</sln:cyklZyciaOd><sln:gmIIPId>cf2323df-2170-4e3e-a921-cfb6edfc3cba</sln:gmIIPId><sln:gmIIPPn>PL.PZGIK.200</sln:gmIIPPn><sln:gmIIPWersja>2012-09-26T22:18:15+02:00</sln:gmIIPWersja><sln:gmIdTeryt>2602033</sln:gmIdTeryt><sln:gmNazwa>Małogoszcz</sln:gmNazwa><sln:miejscIIPId>95d1b65b-4583-44be-a91e-d9c78adfd0df</sln:miejscIIPId><sln:miejscIIPPn>PL.PZGIK.200</sln:miejscIIPPn><sln:miejscIIPWersja>2016-11-24T13:59:36+02:00</sln:miejscIIPWersja><sln:miejscIdTeryt>0249403</sln:miejscIdTeryt><sln:miejscNazwa>Górka</sln:miejscNazwa><sln:miejscRodzaj>Inny obiekt</sln:miejscRodzaj><sln:powIIPId>2c76d255-52fc-4e03-84c4-ea9d923212b2</sln:powIIPId><sln:powIIPPn>PL.PZGIK.200</sln:powIIPPn><sln:powIIPWersja>2012-09-27T09:32:07+02:00</sln:powIIPWersja><sln:powIdTeryt>2602</sln:powIdTeryt><sln:powNazwa>jędrzejowski</sln:powNazwa><sln:wojIIPId>d021c0dd-b22e-4fcd-8444-904c64ec3aa8</sln:wojIIPId><sln:wojIIPPn>PL.PZGIK.200</sln:wojIIPPn><sln:wojIIPWersja>2012-09-27T13:45:13+02:00</sln:wojIIPWersja><sln:wojIdTeryt>26</sln:wojIdTeryt><sln:wojNazwa>świętokrzyskie</sln:wojNazwa></sln:miejscowosc><sln:miejscowosc><sln:cyklZyciaOd>2014-12-06T00:00:00+01:00</sln:cyklZyciaOd><sln:gmIIPId>cf2323df-2170-4e3e-a921-cfb6edfc3cba</sln:gmIIPId><sln:gmIIPPn>PL.PZGIK.200</sln:gmIIPPn><sln:gmIIPWersja>2012-09-26T22:18:15+02:00</sln:gmIIPWersja><sln:gmIdTeryt>2602033</sln:gmIdTeryt><sln:gmNazwa>Małogoszcz</sln:gmNazwa><sln:miejscIIPId>ce9eb62e-9fd1-4ee1-8e96-987495fb826a</sln:miejscIIPId><sln:miejscIIPPn>PL.PZGIK.200</sln:miejscIIPPn><sln:miejscIIPWersja>2016-11-24T13:59:36+02:00</sln:miejscIIPWersja><sln:miejscIdTeryt>0249745</sln:miejscIdTeryt><sln:miejscNazwa>Okupniki Drugie</sln:miejscNazwa><sln:miejscRodzaj>Inny obiekt</sln:miejscRodzaj><sln:powIIPId>2c76d255-52fc-4e03-84c4-ea9d923212b2</sln:powIIPId><sln:powIIPPn>PL.PZGIK.200</sln:powIIPPn><sln:powIIPWersja>2012-09-27T09:32:07+02:00</sln:powIIPWersja><sln:powIdTeryt>2602</sln:powIdTeryt><sln:powNazwa>jędrzejowski</sln:powNazwa><sln:wojIIPId>d021c0dd-b22e-4fcd-8444-904c64ec3aa8</sln:wojIIPId><sln:wojIIPPn>PL.PZGIK.200</sln:wojIIPPn><sln:wojIIPWersja>2012-09-27T13:45:13+02:00</sln:wojIIPWersja><sln:wojIdTeryt>26</sln:wojIdTeryt><sln:wojNazwa>świętokrzyskie</sln:wojNazwa></sln:miejscowosc><sln:miejscowosc><sln:cyklZyciaOd>2014-12-06T00:00:00+01:00</sln:cyklZyciaOd><sln:gmIIPId>cf2323df-2170-4e3e-a921-cfb6edfc3cba</sln:gmIIPId><sln:gmIIPPn>PL.PZGIK.200</sln:gmIIPPn><sln:gmIIPWersja>2012-09-26T22:18:15+02:00</sln:gmIIPWersja><sln:gmIdTeryt>2602033</sln:gmIdTeryt><sln:gmNazwa>Małogoszcz</sln:gmNazwa><sln:miejscIIPId>46d5e813-fe37-42c9-9b3b-6bb86f8ebd9b</sln:miejscIIPId><sln:miejscIIPPn>PL.PZGIK.200</sln:miejscIIPPn><sln:miejscIIPWersja>2016-11-24T13:59:36+02:00</sln:miejscIIPWersja><sln:miejscIdTeryt>0249604</sln:miejscIdTeryt><sln:miejscNazwa>Ława</sln:miejscNazwa><sln:miejscRodzaj>Inny obiekt</sln:miejscRodzaj><sln:powIIPId>2c76d255-52fc-4e03-84c4-ea9d923212b2</sln:powIIPId><sln:powIIPPn>PL.PZGIK.200</sln:powIIPPn><sln:powIIPWersja>2012-09-27T09:32:07+02:00</sln:powIIPWersja><sln:powIdTeryt>2602</sln:powIdTeryt><sln:powNazwa>jędrzejowski</sln:powNazwa><sln:wojIIPId>d021c0dd-b22e-4fcd-8444-904c64ec3aa8</sln:wojIIPId><sln:wojIIPPn>PL.PZGIK.200</sln:wojIIPPn><sln:wojIIPWersja>2012-09-27T13:45:13+02:00</sln:wojIIPWersja><sln:wojIdTeryt>26</sln:wojIdTeryt><sln:wojNazwa>świętokrzyskie</sln:wojNazwa></sln:miejscowosc><sln:miejscowosc><sln:cyklZyciaOd>2014-12-06T00:00:00+01:00</sln:cyklZyciaOd><sln:gmIIPId>cf2323df-2170-4e3e-a921-cfb6edfc3cba</sln:gmIIPId><sln:gmIIPPn>PL.PZGIK.200</sln:gmIIPPn><sln:gmIIPWersja>2012-09-26T22:18:15+02:00</sln:gmIIPWersja><sln:gmIdTeryt>2602033</sln:gmIdTeryt><sln:gmNazwa>Małogoszcz</sln:gmNazwa><sln:miejscIIPId>76e99f04-0fb7-48de-851f-7862a19b8a46</sln:miejscIIPId><sln:miejscIIPPn>PL.PZGIK.200</sln:miejscIIPPn><sln:miejscIIPWersja>2016-11-24T13:59:36+02:00</sln:miejscIIPWersja><sln:miejscIdTeryt>0249751</sln:miejscIdTeryt><sln:miejscNazwa>Okupniki Pierwsze</sln:miejscNazwa><sln:miejscRodzaj>Inny obiekt</sln:miejscRodzaj><sln:powIIPId>2c76d255-52fc-4e03-84c4-ea9d923212b2</sln:powIIPId><sln:powIIPPn>PL.PZGIK.200</sln:powIIPPn><sln:powIIPWersja>2012-09-27T09:32:07+02:00</sln:powIIPWersja><sln:powIdTeryt>2602</sln:powIdTeryt><sln:powNazwa>jędrzejowski</sln:powNazwa><sln:wojIIPId>d021c0dd-b22e-4fcd-8444-904c64ec3aa8</sln:wojIIPId><sln:wojIIPPn>PL.PZGIK.200</sln:wojIIPPn><sln:wojIIPWersja>2012-09-27T13:45:13+02:00</sln:wojIIPWersja><sln:wojIdTeryt>26</sln:wojIdTeryt><sln:wojNazwa>świętokrzyskie</sln:wojNazwa></sln:miejscowosc></sln:lista-miejscowosci>