<?xml version="1.0" encoding="UTF-8" standalone="yes"?><sln:lista-miejscowosci xmlns:srv="http://gugik.gov.pl/schemas/slowniki-service/1.0" xmlns:sln="http://gugik.gov.pl/schemas/slowniki-schema/1.0"><sln:miejscowosc><sln:cyklZyciaOd>2015-11-04T00:00:00+01:00</sln:cyklZyciaOd><sln:gmIIPId>719e53af-47cf-4a05-aae5-afe734ab874f</sln:gmIIPId><sln:gmIIPPn>PL.PZGIK.200</sln:gmIIPPn><sln:gmIIPWersja>2012-09-26T22:18:31+02:00</sln:gmIIPWersja><sln:gmIdTeryt>2604062</sln:gmIdTeryt><sln:gmNazwa>Górno</sln:gmNazwa><sln:miejscIIPId>b5c0b603-b11b-44ca-b738-9c88ac710867</sln:miejscIIPId><sln:miejscIIPPn>PL.PZGIK.200</sln:miejscIIPPn><sln:miejscIIPWersja>2016-11-24T09:48:49+02:00</sln:miejscIIPWersja><sln:miejscIdTeryt>0238753</sln:miejscIdTeryt><sln:miejscNazwa>Bęczków</sln:miejscNazwa><sln:miejscRodzaj>Wieś</sln:miejscRodzaj><sln:powIIPId>b223bd08-4fe5-4456-8797-8eb39bfbd775</sln:powIIPId><sln:powIIPPn>PL.PZGIK.200</sln:powIIPPn><sln:powIIPWersja>2012-09-27T09:32:07+02:00</sln:powIIPWersja><sln:powIdTeryt>2604</sln:powIdTeryt><sln:powNazwa>kielecki</sln:powNazwa><sln:waznyOd>2014-03-05T00:00:00+01:00</sln:waznyOd><sln:wojIIPId>d021c0dd-b22e-4fcd-8444-904c64ec3aa8</sln:wojIIPId><sln:wojIIPPn>PL.PZGIK.200</sln:wojIIPPn><sln:wojIIPWersja>2012-09-27T13:45:13+02:00</sln:wojIIPWersja><sln:wojIdTeryt>26</sln:wojIdTeryt><sln:wojNazwa>świętokrzyskie</sln:wojNazwa></sln:miejscowosc><sln:miejscowosc><sln:cyklZyciaOd>2015-11-04T00:00:00+01:00</sln:cyklZyciaOd><sln:gmIIPId>719e53af-47cf-4a05-aae5-afe734ab874f</sln:gmIIPId><sln:gmIIPPn>PL.PZGIK.200</sln:gmIIPPn><sln:gmIIPWersja>2012-09-26T22:18:31+02:00</sln:gmIIPWersja><sln:gmIdTeryt>2604062</sln:gmIdTeryt><sln:gmNazwa>Górno</sln:gmNazwa><sln:miejscIIPId>bf3055d6-c8d9-4a4f-95be-904be4296014</sln:miejscIIPId><sln:miejscIIPPn>PL.PZGIK.200</sln:miejscIIPPn><sln:miejscIIPWersja>2016-11-24T09:48:49+02:00</sln:miejscIIPWersja><sln:miejscIdTeryt>0238842</sln:miejscIdTeryt><sln:miejscNazwa>Cedzyna</sln:miejscNazwa><sln:miejscRodzaj>Wieś</sln:miejscRodzaj><sln:powIIPId>b223bd08-4fe5-4456-8797-8eb39bfbd775</sln:powIIPId><sln:powIIPPn>PL.PZGIK.200</sln:powIIPPn><sln:powIIPWersja>2012-09-27T09:32:07+02:00</sln:powIIPWersja><sln:powIdTeryt>2604</sln:powIdTeryt><sln:powNazwa>kielecki</sln:powNazwa><sln:waznyOd>2014-03-05T00:00:00+01:00</sln:waznyOd><sln:wojIIPId>d021c0dd-b22e-4fcd-8444-904c64ec3aa8</sln:wojIIPId><sln:wojIIPPn>PL.PZGIK.200</sln:wojIIPPn><sln:wojIIPWersja>2012-09-27T13:45:13+02:00</sln:wojIIPWersja><sln:wojIdTeryt>26</sln:wojIdTeryt><sln:wojNazwa>świętokrzyskie</sln:wojNazwa></sln:miejscowosc><sln:miejscowosc><sln:cyklZyciaOd>2015-11-04T00:00:00+01:00</sln:cyklZyciaOd><sln:gmIIPId>719e53af-47cf-4a05-aae5-afe734ab874f</sln:gmIIPId><sln:gmIIPPn>PL.PZGIK.200</sln:gmIIPPn><sln:gmIIPWersja>2012-09-26T22:18:31+02:00</sln:gmIIPWersja><sln:gmIdTeryt>2604062</sln:gmIdTeryt><sln:gmNazwa>Górno</sln:gmNazwa><sln:miejscIIPId>e5adfd79-5eeb-4ba6-8fad-52473e4e89bd</sln:miejscIIPId><sln:miejscIIPPn>PL.PZGIK.200</sln:miejscIIPPn><sln:miejscIIPWersja>2016-11-24T09:48:49+02:00</sln:miejscIIPWersja><sln:miejscIdTeryt>0238871</sln:miejscIdTeryt><sln:miejscNazwa>Górno</sln:miejscNazwa><sln:miejscRodzaj>Wieś</sln:miejscRodzaj><sln:powIIPId>b223bd08-4fe5-4456-8797-8eb39bfbd775</sln:powIIPId><sln:powIIPPn>PL.PZGIK.200</sln:powIIPPn><sln:powIIPWersja>2012-09-27T09:32:07+02:00</sln:powIIPWersja><sln:powIdTeryt>2604</sln:powIdTeryt><sln:powNazwa>kielecki</sln:powNazwa><sln:waznyOd>2014-03-05T00:00:00+01:00</sln:waznyOd><sln:wojIIPId>d021c0dd-b22e-4fcd-8444-904c64ec3aa8</sln:wojIIPId><sln:wojIIPPn>PL.PZGIK.200</sln:wojIIPPn><sln:wojIIPWersja>2012-09-27T13:45:13+02:00</sln:wojIIPWersja><sln:wojIdTeryt>26</sln:wojIdTeryt><sln:wojNazwa>świętokrzyskie</sln:wojNazwa></sln:miejscowosc><sln:miejscowosc><sln:cyklZyciaDo>2017-08-19T00:00:00+02:00</sln:cyklZyciaDo><sln:cyklZyciaOd>2015-11-04T00:00:00+01:00</sln:cyklZyciaOd><sln:gmIIPId>719e53af-47cf-4a05-aae5-afe734ab874f</sln:gmIIPId><sln:gmIIPPn>PL.PZGIK.200</sln:gmIIPPn><sln:gmIIPWersja>2012-09-26T22:18:31+02:00</sln:gmIIPWersja><sln:gmIdTeryt>2604062</sln:gmIdTeryt><sln:gmNazwa>Górno</sln:gmNazwa><sln:miejscIIPId>4782d2e3-e02d-4732-abdd-d5dec40bba4a</sln:miejscIIPId><sln:miejscIIPPn>PL.PZGIK.200</sln:miejscIIPPn><sln:miejscIIPWersja>2016-11-24T14:01:29+02:00</sln:miejscIIPWersja><sln:miejscIdTeryt>1066797</sln:miejscIdTeryt><sln:miejscNazwa>Górno-Osiedle</sln:miejscNazwa><sln:miejscRodzaj>Inny obiekt</sln:miejscRodzaj><sln:powIIPId>b223bd08-4fe5-4456-8797-8eb39bfbd775</sln:powIIPId><sln:powIIPPn>PL.PZGIK.200</sln:powIIPPn><sln:powIIPWersja>2012-09-27T09:32:07+02:00</sln:powIIPWersja><sln:powIdTeryt>2604</sln:powIdTeryt><sln:powNazwa>kielecki</sln:powNazwa><sln:waznyOd>2015-06-02T00:00:00+02:00</sln:waznyOd><sln:wojIIPId>d021c0dd-b22e-4fcd-8444-904c64ec3aa8</sln:wojIIPId><sln:wojIIPPn>PL.PZGIK.200</sln:wojIIPPn><sln:wojIIPWersja>2012-09-27T13:45:13+02:00</sln:wojIIPWersja><sln:wojIdTeryt>26</sln:wojIdTeryt><sln:wojNazwa>świętokrzyskie</sln:wojNazwa></sln:miejscowosc><sln:miejscowosc><sln:cyklZyciaOd>2015-11-04T00:00:00+01:00</sln:cyklZyciaOd><sln:gmIIPId>719e53af-47cf-4a05-aae5-afe734ab874f</sln:gmIIPId><sln:gmIIPPn>PL.PZGIK.200</sln:gmIIPPn><sln:gmIIPWersja>2012-09-26T22:18:31+02:00</sln:gmIIPWersja><sln:gmIdTeryt>2604062</sln:gmIdTeryt><sln:gmNazwa>Górno</sln:gmNazwa><sln:miejscIIPId>2f922358-4eb9-49a9-b8c0-fa69e30f55a4</sln:miejscIIPId><sln:miejscIIPPn>PL.PZGIK.200</sln:miejscIIPPn><sln:miejscIIPWersja>2016-11-24T09:48:49+02:00</sln:miejscIIPWersja><sln:miejscIdTeryt>0238925</sln:miejscIdTeryt><sln:miejscNazwa>Górno-Parcele</sln:miejscNazwa><sln:miejscRodzaj>Wieś</sln:miejscRodzaj><sln:powIIPId>b223bd08-4fe5-4456-8797-8eb39bfbd775</sln:powIIPId><sln:powIIPPn>PL.PZGIK.200</sln:powIIPPn><sln:powIIPWersja>2012-09-27T09:32:07+02:00</sln:powIIPWersja><sln:powIdTeryt>2604</sln:powIdTeryt><sln:powNazwa>kielecki</sln:powNazwa><sln:waznyOd>2014-03-05T00:00:00+01:00</sln:waznyOd><sln:wojIIPId>d021c0dd-b22e-4fcd-8444-904c64ec3aa8</sln:wojIIPId><sln:wojIIPPn>PL.PZGIK.200</sln:wojIIPPn><sln:wojIIPWersja>2012-09-27T13:45:13+02:00</sln:wojIIPWersja><sln:wojIdTeryt>26</sln:wojIdTeryt><sln:wojNazwa>świętokrzyskie</sln:wojNazwa></sln:miejscowosc><sln:miejscowosc><sln:cyklZyciaOd>2015-11-04T00:00:00+01:00</sln:cyklZyciaOd><sln:gmIIPId>719e53af-47cf-4a05-aae5-afe734ab874f</sln:gmIIPId><sln:gmIIPPn>PL.PZGIK.200</sln:gmIIPPn><sln:gmIIPWersja>2012-09-26T22:18:31+02:00</sln:gmIIPWersja><sln:gmIdTeryt>2604062</sln:gmIdTeryt><sln:gmNazwa>Górno</sln:gmNazwa><sln:miejscIIPId>e4a1d195-b4c0-49ae-bda3-84262e4f7bf5</sln:miejscIIPId><sln:miejscIIPPn>PL.PZGIK.200</sln:miejscIIPPn><sln:miejscIIPWersja>2016-11-24T09:48:49+02:00</sln:miejscIIPWersja><sln:miejscIdTeryt>0238919</sln:miejscIdTeryt><sln:miejscNazwa>Górno-Zawada</sln:miejscNazwa><sln:miejscRodzaj>Wieś</sln:miejscRodzaj><sln:powIIPId>b223bd08-4fe5-4456-8797-8eb39bfbd775</sln:powIIPId><sln:powIIPPn>PL.PZGIK.200</sln:powIIPPn><sln:powIIPWersja>2012-09-27T09:32:07+02:00</sln:powIIPWersja><sln:powIdTeryt>2604</sln:powIdTeryt><sln:powNazwa>kielecki</sln:powNazwa><sln:waznyOd>2014-03-05T00:00:00+01:00</sln:waznyOd><sln:wojIIPId>d021c0dd-b22e-4fcd-8444-904c64ec3aa8</sln:wojIIPId><sln:wojIIPPn>PL.PZGIK.200</sln:wojIIPPn><sln:wojIIPWersja>2012-09-27T13:45:13+02:00</sln:wojIIPWersja><sln:wojIdTeryt>26</sln:wojIdTeryt><sln:wojNazwa>świętokrzyskie</sln:wojNazwa></sln:miejscowosc><sln:miejscowosc><sln:cyklZyciaOd>2015-11-04T00:00:00+01:00</sln:cyklZyciaOd><sln:gmIIPId>719e53af-47cf-4a05-aae5-afe734ab874f</sln:gmIIPId><sln:gmIIPPn>PL.PZGIK.200</sln:gmIIPPn><sln:gmIIPWersja>2012-09-26T22:18:31+02:00</sln:gmIIPWersja><sln:gmIdTeryt>2604062</sln:gmIdTeryt><sln:gmNazwa>Górno</sln:gmNazwa><sln:miejscIIPId>dc5f0498-b609-4914-9de0-1ef455e09611</sln:miejscIIPId><sln:miejscIIPPn>PL.PZGIK.200</sln:miejscIIPPn><sln:miejscIIPWersja>2016-11-24T09:48:49+02:00</sln:miejscIIPWersja><sln:miejscIdTeryt>0239008</sln:miejscIdTeryt><sln:miejscNazwa>Krajno-Parcele</sln:miejscNazwa><sln:miejscRodzaj>Wieś</sln:miejscRodzaj><sln:powIIPId>b223bd08-4fe5-4456-8797-8eb39bfbd775</sln:powIIPId><sln:powIIPPn>PL.PZGIK.200</sln:powIIPPn><sln:powIIPWersja>2012-09-27T09:32:07+02:00</sln:powIIPWersja><sln:powIdTeryt>2604</sln:powIdTeryt><sln:powNazwa>kielecki</sln:powNazwa><sln:waznyOd>2014-03-05T00:00:00+01:00</sln:waznyOd><sln:wojIIPId>d021c0dd-b22e-4fcd-8444-904c64ec3aa8</sln:wojIIPId><sln:wojIIPPn>PL.PZGIK.200</sln:wojIIPPn><sln:wojIIPWersja>2012-09-27T13:45:13+02:00</sln:wojIIPWersja><sln:wojIdTeryt>26</sln:wojIdTeryt><sln:wojNazwa>świętokrzyskie</sln:wojNazwa></sln:miejscowosc><sln:miejscowosc><sln:cyklZyciaOd>2015-11-04T00:00:00+01:00</sln:cyklZyciaOd><sln:gmIIPId>719e53af-47cf-4a05-aae5-afe734ab874f</sln:gmIIPId><sln:gmIIPPn>PL.PZGIK.200</sln:gmIIPPn><sln:gmIIPWersja>2012-09-26T22:18:31+02:00</sln:gmIIPWersja><sln:gmIdTeryt>2604062</sln:gmIdTeryt><sln:gmNazwa>Górno</sln:gmNazwa><sln:miejscIIPId>25bfec11-40c1-4740-be82-0cdccfd22d01</sln:miejscIIPId><sln:miejscIIPPn>PL.PZGIK.200</sln:miejscIIPPn><sln:miejscIIPWersja>2016-11-24T09:48:49+02:00</sln:miejscIIPWersja><sln:miejscIdTeryt>0239149</sln:miejscIdTeryt><sln:miejscNazwa>Krajno-Zagórze</sln:miejscNazwa><sln:miejscRodzaj>Wieś</sln:miejscRodzaj><sln:powIIPId>b223bd08-4fe5-4456-8797-8eb39bfbd775</sln:powIIPId><sln:powIIPPn>PL.PZGIK.200</sln:powIIPPn><sln:powIIPWersja>2012-09-27T09:32:07+02:00</sln:powIIPWersja><sln:powIdTeryt>2604</sln:powIdTeryt><sln:powNazwa>kielecki</sln:powNazwa><sln:waznyOd>2014-03-05T00:00:00+01:00</sln:waznyOd><sln:wojIIPId>d021c0dd-b22e-4fcd-8444-904c64ec3aa8</sln:wojIIPId><sln:wojIIPPn>PL.PZGIK.200</sln:wojIIPPn><sln:wojIIPWersja>2012-09-27T13:45:13+02:00</sln:wojIIPWersja><sln:wojIdTeryt>26</sln:wojIdTeryt><sln:wojNazwa>świętokrzyskie</sln:wojNazwa></sln:miejscowosc><sln:miejscowosc><sln:cyklZyciaOd>2015-11-04T00:00:00+01:00</sln:cyklZyciaOd><sln:gmIIPId>719e53af-47cf-4a05-aae5-afe734ab874f</sln:gmIIPId><sln:gmIIPPn>PL.PZGIK.200</sln:gmIIPPn><sln:gmIIPWersja>2012-09-26T22:18:31+02:00</sln:gmIIPWersja><sln:gmIdTeryt>2604062</sln:gmIdTeryt><sln:gmNazwa>Górno</sln:gmNazwa><sln:miejscIIPId>7e504fc2-a731-4d60-9ba6-be22ea92d250</sln:miejscIIPId><sln:miejscIIPPn>PL.PZGIK.200</sln:miejscIIPPn><sln:miejscIIPWersja>2016-11-24T09:48:49+02:00</sln:miejscIIPWersja><sln:miejscIdTeryt>0238954</sln:miejscIdTeryt><sln:miejscNazwa>Krajno Drugie</sln:miejscNazwa><sln:miejscRodzaj>Wieś</sln:miejscRodzaj><sln:powIIPId>b223bd08-4fe5-4456-8797-8eb39bfbd775</sln:powIIPId><sln:powIIPPn>PL.PZGIK.200</sln:powIIPPn><sln:powIIPWersja>2012-09-27T09:32:07+02:00</sln:powIIPWersja><sln:powIdTeryt>2604</sln:powIdTeryt><sln:powNazwa>kielecki</sln:powNazwa><sln:waznyOd>2014-03-05T00:00:00+01:00</sln:waznyOd><sln:wojIIPId>d021c0dd-b22e-4fcd-8444-904c64ec3aa8</sln:wojIIPId><sln:wojIIPPn>PL.PZGIK.200</sln:wojIIPPn><sln:wojIIPWersja>2012-09-27T13:45:13+02:00</sln:wojIIPWersja><sln:wojIdTeryt>26</sln:wojIdTeryt><sln:wojNazwa>świętokrzyskie</sln:wojNazwa></sln:miejscowosc><sln:miejscowosc><sln:cyklZyciaOd>2015-11-04T00:00:00+01:00</sln:cyklZyciaOd><sln:gmIIPId>719e53af-47cf-4a05-aae5-afe734ab874f</sln:gmIIPId><sln:gmIIPPn>PL.PZGIK.200</sln:gmIIPPn><sln:gmIIPWersja>2012-09-26T22:18:31+02:00</sln:gmIIPWersja><sln:gmIdTeryt>2604062</sln:gmIdTeryt><sln:gmNazwa>Górno</sln:gmNazwa><sln:miejscIIPId>8c1777d2-0a19-49e6-8436-3c342cca8320</sln:miejscIIPId><sln:miejscIIPPn>PL.PZGIK.200</sln:miejscIIPPn><sln:miejscIIPWersja>2016-11-24T09:48:49+02:00</sln:miejscIIPWersja><sln:miejscIdTeryt>0239072</sln:miejscIdTeryt><sln:miejscNazwa>Krajno Pierwsze</sln:miejscNazwa><sln:miejscRodzaj>Wieś</sln:miejscRodzaj><sln:powIIPId>b223bd08-4fe5-4456-8797-8eb39bfbd775</sln:powIIPId><sln:powIIPPn>PL.PZGIK.200</sln:powIIPPn><sln:powIIPWersja>2012-09-27T09:32:07+02:00</sln:powIIPWersja><sln:powIdTeryt>2604</sln:powIdTeryt><sln:powNazwa>kielecki</sln:powNazwa><sln:waznyOd>2014-03-05T00:00:00+01:00</sln:waznyOd><sln:wojIIPId>d021c0dd-b22e-4fcd-8444-904c64ec3aa8</sln:wojIIPId><sln:wojIIPPn>PL.PZGIK.200</sln:wojIIPPn><sln:wojIIPWersja>2012-09-27T13:45:13+02:00</sln:wojIIPWersja><sln:wojIdTeryt>26</sln:wojIdTeryt><sln:wojNazwa>świętokrzyskie</sln:wojNazwa></sln:miejscowosc><sln:miejscowosc><sln:cyklZyciaOd>2015-11-04T00:00:00+01:00</sln:cyklZyciaOd><sln:gmIIPId>719e53af-47cf-4a05-aae5-afe734ab874f</sln:gmIIPId><sln:gmIIPPn>PL.PZGIK.200</sln:gmIIPPn><sln:gmIIPWersja>2012-09-26T22:18:31+02:00</sln:gmIIPWersja><sln:gmIdTeryt>2604062</sln:gmIdTeryt><sln:gmNazwa>Górno</sln:gmNazwa><sln:miejscIIPId>274c8017-84eb-4cc0-ba4b-f9f02b0a2952</sln:miejscIIPId><sln:miejscIIPPn>PL.PZGIK.200</sln:miejscIIPPn><sln:miejscIIPWersja>2016-11-24T09:48:49+02:00</sln:miejscIIPWersja><sln:miejscIdTeryt>0239178</sln:miejscIdTeryt><sln:miejscNazwa>Leszczyny</sln:miejscNazwa><sln:miejscRodzaj>Wieś</sln:miejscRodzaj><sln:powIIPId>b223bd08-4fe5-4456-8797-8eb39bfbd775</sln:powIIPId><sln:powIIPPn>PL.PZGIK.200</sln:powIIPPn><sln:powIIPWersja>2012-09-27T09:32:07+02:00</sln:powIIPWersja><sln:powIdTeryt>2604</sln:powIdTeryt><sln:powNazwa>kielecki</sln:powNazwa><sln:waznyOd>2014-03-05T00:00:00+01:00</sln:waznyOd><sln:wojIIPId>d021c0dd-b22e-4fcd-8444-904c64ec3aa8</sln:wojIIPId><sln:wojIIPPn>PL.PZGIK.200</sln:wojIIPPn><sln:wojIIPWersja>2012-09-27T13:45:13+02:00</sln:wojIIPWersja><sln:wojIdTeryt>26</sln:wojIdTeryt><sln:wojNazwa>świętokrzyskie</sln:wojNazwa></sln:miejscowosc><sln:miejscowosc><sln:cyklZyciaOd>2015-11-04T00:00:00+01:00</sln:cyklZyciaOd><sln:gmIIPId>719e53af-47cf-4a05-aae5-afe734ab874f</sln:gmIIPId><sln:gmIIPPn>PL.PZGIK.200</sln:gmIIPPn><sln:gmIIPWersja>2012-09-26T22:18:31+02:00</sln:gmIIPWersja><sln:gmIdTeryt>2604062</sln:gmIdTeryt><sln:gmNazwa>Górno</sln:gmNazwa><sln:miejscIIPId>4d575ca4-f95d-46e2-b41a-aeb9be03cd9e</sln:miejscIIPId><sln:miejscIIPPn>PL.PZGIK.200</sln:miejscIIPPn><sln:miejscIIPWersja>2016-11-24T09:48:49+02:00</sln:miejscIIPWersja><sln:miejscIdTeryt>0239209</sln:miejscIdTeryt><sln:miejscNazwa>Podmąchocice</sln:miejscNazwa><sln:miejscRodzaj>Wieś</sln:miejscRodzaj><sln:powIIPId>b223bd08-4fe5-4456-8797-8eb39bfbd775</sln:powIIPId><sln:powIIPPn>PL.PZGIK.200</sln:powIIPPn><sln:powIIPWersja>2012-09-27T09:32:07+02:00</sln:powIIPWersja><sln:powIdTeryt>2604</sln:powIdTeryt><sln:powNazwa>kielecki</sln:powNazwa><sln:waznyOd>2014-03-05T00:00:00+01:00</sln:waznyOd><sln:wojIIPId>d021c0dd-b22e-4fcd-8444-904c64ec3aa8</sln:wojIIPId><sln:wojIIPPn>PL.PZGIK.200</sln:wojIIPPn><sln:wojIIPWersja>2012-09-27T13:45:13+02:00</sln:wojIIPWersja><sln:wojIdTeryt>26</sln:wojIdTeryt><sln:wojNazwa>świętokrzyskie</sln:wojNazwa></sln:miejscowosc><sln:miejscowosc><sln:cyklZyciaOd>2015-11-04T00:00:00+01:00</sln:cyklZyciaOd><sln:gmIIPId>719e53af-47cf-4a05-aae5-afe734ab874f</sln:gmIIPId><sln:gmIIPPn>PL.PZGIK.200</sln:gmIIPPn><sln:gmIIPWersja>2012-09-26T22:18:31+02:00</sln:gmIIPWersja><sln:gmIdTeryt>2604062</sln:gmIdTeryt><sln:gmNazwa>Górno</sln:gmNazwa><sln:miejscIIPId>63ef8fc0-3679-4602-8ebb-625da2b8f316</sln:miejscIIPId><sln:miejscIIPPn>PL.PZGIK.200</sln:miejscIIPPn><sln:miejscIIPWersja>2016-11-24T09:48:49+02:00</sln:miejscIIPWersja><sln:miejscIdTeryt>0239221</sln:miejscIdTeryt><sln:miejscNazwa>Radlin</sln:miejscNazwa><sln:miejscRodzaj>Wieś</sln:miejscRodzaj><sln:powIIPId>b223bd08-4fe5-4456-8797-8eb39bfbd775</sln:powIIPId><sln:powIIPPn>PL.PZGIK.200</sln:powIIPPn><sln:powIIPWersja>2012-09-27T09:32:07+02:00</sln:powIIPWersja><sln:powIdTeryt>2604</sln:powIdTeryt><sln:powNazwa>kielecki</sln:powNazwa><sln:waznyOd>2014-03-05T00:00:00+01:00</sln:waznyOd><sln:wojIIPId>d021c0dd-b22e-4fcd-8444-904c64ec3aa8</sln:wojIIPId><sln:wojIIPPn>PL.PZGIK.200</sln:wojIIPPn><sln:wojIIPWersja>2012-09-27T13:45:13+02:00</sln:wojIIPWersja><sln:wojIdTeryt>26</sln:wojIdTeryt><sln:wojNazwa>świętokrzyskie</sln:wojNazwa></sln:miejscowosc><sln:miejscowosc><sln:cyklZyciaOd>2015-11-04T00:00:00+01:00</sln:cyklZyciaOd><sln:gmIIPId>719e53af-47cf-4a05-aae5-afe734ab874f</sln:gmIIPId><sln:gmIIPPn>PL.PZGIK.200</sln:gmIIPPn><sln:gmIIPWersja>2012-09-26T22:18:31+02:00</sln:gmIIPWersja><sln:gmIdTeryt>2604062</sln:gmIdTeryt><sln:gmNazwa>Górno</sln:gmNazwa><sln:miejscIIPId>faa5f3e4-50e4-4870-be48-cbea493e7cc4</sln:miejscIIPId><sln:miejscIIPPn>PL.PZGIK.200</sln:miejscIIPPn><sln:miejscIIPWersja>2016-11-24T09:48:49+02:00</sln:miejscIIPWersja><sln:miejscIdTeryt>0239273</sln:miejscIdTeryt><sln:miejscNazwa>Skorzeszyce</sln:miejscNazwa><sln:miejscRodzaj>Wieś</sln:miejscRodzaj><sln:powIIPId>b223bd08-4fe5-4456-8797-8eb39bfbd775</sln:powIIPId><sln:powIIPPn>PL.PZGIK.200</sln:powIIPPn><sln:powIIPWersja>2012-09-27T09:32:07+02:00</sln:powIIPWersja><sln:powIdTeryt>2604</sln:powIdTeryt><sln:powNazwa>kielecki</sln:powNazwa><sln:waznyOd>2014-03-05T00:00:00+01:00</sln:waznyOd><sln:wojIIPId>d021c0dd-b22e-4fcd-8444-904c64ec3aa8</sln:wojIIPId><sln:wojIIPPn>PL.PZGIK.200</sln:wojIIPPn><sln:wojIIPWersja>2012-09-27T13:45:13+02:00</sln:wojIIPWersja><sln:wojIdTeryt>26</sln:wojIdTeryt><sln:wojNazwa>świętokrzyskie</sln:wojNazwa></sln:miejscowosc><sln:miejscowosc><sln:cyklZyciaOd>2015-11-04T00:00:00+01:00</sln:cyklZyciaOd><sln:gmIIPId>719e53af-47cf-4a05-aae5-afe734ab874f</sln:gmIIPId><sln:gmIIPPn>PL.PZGIK.200</sln:gmIIPPn><sln:gmIIPWersja>2012-09-26T22:18:31+02:00</sln:gmIIPWersja><sln:gmIdTeryt>2604062</sln:gmIdTeryt><sln:gmNazwa>Górno</sln:gmNazwa><sln:miejscIIPId>5156a086-8732-442a-a9dd-1054de0eaa96</sln:miejscIIPId><sln:miejscIIPPn>PL.PZGIK.200</sln:miejscIIPPn><sln:miejscIIPWersja>2016-11-24T09:48:49+02:00</sln:miejscIIPWersja><sln:miejscIdTeryt>0239340</sln:miejscIdTeryt><sln:miejscNazwa>Wola Jachowa</sln:miejscNazwa><sln:miejscRodzaj>Wieś</sln:miejscRodzaj><sln:powIIPId>b223bd08-4fe5-4456-8797-8eb39bfbd775</sln:powIIPId><sln:powIIPPn>PL.PZGIK.200</sln:powIIPPn><sln:powIIPWersja>2012-09-27T09:32:07+02:00</sln:powIIPWersja><sln:powIdTeryt>2604</sln:powIdTeryt><sln:powNazwa>kielecki</sln:powNazwa><sln:waznyOd>2014-03-05T00:00:00+01:00</sln:waznyOd><sln:wojIIPId>d021c0dd-b22e-4fcd-8444-904c64ec3aa8</sln:wojIIPId><sln:wojIIPPn>PL.PZGIK.200</sln:wojIIPPn><sln:wojIIPWersja>2012-09-27T13:45:13+02:00</sln:wojIIPWersja><sln:wojIdTeryt>26</sln:wojIdTeryt><sln:wojNazwa>świętokrzyskie</sln:wojNazwa></sln:miejscowosc><sln:miejscowosc><sln:cyklZyciaOd>2017-08-19T00:00:00+02:00</sln:cyklZyciaOd><sln:gmIIPId>719e53af-47cf-4a05-aae5-afe734ab874f</sln:gmIIPId><sln:gmIIPPn>PL.PZGIK.200</sln:gmIIPPn><sln:gmIIPWersja>2012-09-26T22:18:31+02:00</sln:gmIIPWersja><sln:gmIdTeryt>2604062</sln:gmIdTeryt><sln:gmNazwa>Górno</sln:gmNazwa><sln:miejscIIPId>4782d2e3-e02d-4732-abdd-d5dec40bba4a</sln:miejscIIPId><sln:miejscIIPPn>PL.PZGIK.200</sln:miejscIIPPn><sln:miejscIIPWersja>2017-08-19T00:17:20+02:00</sln:miejscIIPWersja><sln:miejscIdTeryt>1066797</sln:miejscIdTeryt><sln:miejscNazwa>Górno-Osiedle</sln:miejscNazwa><sln:miejscRodzaj>Inny obiekt</sln:miejscRodzaj><sln:powIIPId>b223bd08-4fe5-4456-8797-8eb39bfbd775</sln:powIIPId><sln:powIIPPn>PL.PZGIK.200</sln:powIIPPn><sln:powIIPWersja>2012-09-27T09:32:07+02:00</sln:powIIPWersja><sln:powIdTeryt>2604</sln:powIdTeryt><sln:powNazwa>kielecki</sln:powNazwa><sln:waznyDo>2017-08-24T00:00:00+02:00</sln:waznyDo><sln:waznyOd>2015-06-02T00:00:00+02:00</sln:waznyOd><sln:wojIIPId>d021c0dd-b22e-4fcd-8444-904c64ec3aa8</sln:wojIIPId><sln:wojIIPPn>PL.PZGIK.200</sln:wojIIPPn><sln:wojIIPWersja>2012-09-27T13:45:13+02:00</sln:wojIIPWersja><sln:wojIdTeryt>26</sln:wojIdTeryt><sln:wojNazwa>świętokrzyskie</sln:wojNazwa></sln:miejscowosc></sln:lista-miejscowosci>