<?xml version="1.0" encoding="UTF-8" standalone="yes"?><sln:lista-miejscowosci xmlns:srv="http://gugik.gov.pl/schemas/slowniki-service/1.0" xmlns:sln="http://gugik.gov.pl/schemas/slowniki-schema/1.0"><sln:miejscowosc><sln:cyklZyciaOd>2014-11-25T00:00:00+01:00</sln:cyklZyciaOd><sln:gmIIPId>1007c08c-3a51-41e9-baf7-edaa48dc167e</sln:gmIIPId><sln:gmIIPPn>PL.PZGIK.200</sln:gmIIPPn><sln:gmIIPWersja>2012-09-26T22:18:15+02:00</sln:gmIIPWersja><sln:gmIdTeryt>2602082</sln:gmIdTeryt><sln:gmNazwa>Sobków</sln:gmNazwa><sln:miejscIIPId>5f9e6f84-195b-44c8-a372-f0d6e337cc3e</sln:miejscIIPId><sln:miejscIIPPn>PL.PZGIK.200</sln:miejscIIPPn><sln:miejscIIPWersja>2016-11-24T13:57:42+02:00</sln:miejscIIPWersja><sln:miejscIdTeryt>0270403</sln:miejscIdTeryt><sln:miejscNazwa>Chabasów</sln:miejscNazwa><sln:miejscRodzaj>Inny obiekt</sln:miejscRodzaj><sln:powIIPId>2c76d255-52fc-4e03-84c4-ea9d923212b2</sln:powIIPId><sln:powIIPPn>PL.PZGIK.200</sln:powIIPPn><sln:powIIPWersja>2012-09-27T09:32:07+02:00</sln:powIIPWersja><sln:powIdTeryt>2602</sln:powIdTeryt><sln:powNazwa>jędrzejowski</sln:powNazwa><sln:wojIIPId>d021c0dd-b22e-4fcd-8444-904c64ec3aa8</sln:wojIIPId><sln:wojIIPPn>PL.PZGIK.200</sln:wojIIPPn><sln:wojIIPWersja>2012-09-27T13:45:13+02:00</sln:wojIIPWersja><sln:wojIdTeryt>26</sln:wojIdTeryt><sln:wojNazwa>świętokrzyskie</sln:wojNazwa></sln:miejscowosc><sln:miejscowosc><sln:cyklZyciaOd>2014-11-25T00:00:00+01:00</sln:cyklZyciaOd><sln:gmIIPId>1007c08c-3a51-41e9-baf7-edaa48dc167e</sln:gmIIPId><sln:gmIIPPn>PL.PZGIK.200</sln:gmIIPPn><sln:gmIIPWersja>2012-09-26T22:18:15+02:00</sln:gmIIPWersja><sln:gmIdTeryt>2602082</sln:gmIdTeryt><sln:gmNazwa>Sobków</sln:gmNazwa><sln:miejscIIPId>2e6d5ff0-eb23-4bdc-bc64-589a302a918a</sln:miejscIIPId><sln:miejscIIPPn>PL.PZGIK.200</sln:miejscIIPPn><sln:miejscIIPWersja>2016-11-24T13:39:38+02:00</sln:miejscIIPWersja><sln:miejscIdTeryt>3014099</sln:miejscIdTeryt><sln:miejscNazwa>Kogutek</sln:miejscNazwa><sln:miejscRodzaj>Inny obiekt</sln:miejscRodzaj><sln:powIIPId>2c76d255-52fc-4e03-84c4-ea9d923212b2</sln:powIIPId><sln:powIIPPn>PL.PZGIK.200</sln:powIIPPn><sln:powIIPWersja>2012-09-27T09:32:07+02:00</sln:powIIPWersja><sln:powIdTeryt>2602</sln:powIdTeryt><sln:powNazwa>jędrzejowski</sln:powNazwa><sln:wojIIPId>d021c0dd-b22e-4fcd-8444-904c64ec3aa8</sln:wojIIPId><sln:wojIIPPn>PL.PZGIK.200</sln:wojIIPPn><sln:wojIIPWersja>2012-09-27T13:45:13+02:00</sln:wojIIPWersja><sln:wojIdTeryt>26</sln:wojIdTeryt><sln:wojNazwa>świętokrzyskie</sln:wojNazwa></sln:miejscowosc><sln:miejscowosc><sln:cyklZyciaOd>2014-11-25T00:00:00+01:00</sln:cyklZyciaOd><sln:gmIIPId>1007c08c-3a51-41e9-baf7-edaa48dc167e</sln:gmIIPId><sln:gmIIPPn>PL.PZGIK.200</sln:gmIIPPn><sln:gmIIPWersja>2012-09-26T22:18:15+02:00</sln:gmIIPWersja><sln:gmIdTeryt>2602082</sln:gmIdTeryt><sln:gmNazwa>Sobków</sln:gmNazwa><sln:miejscIIPId>d0db7294-b2ab-4845-b59f-a1633679d7ac</sln:miejscIIPId><sln:miejscIIPPn>PL.PZGIK.200</sln:miejscIIPPn><sln:miejscIIPWersja>2016-11-24T13:36:46+02:00</sln:miejscIIPWersja><sln:miejscIdTeryt>3011698</sln:miejscIdTeryt><sln:miejscNazwa>Dziadówki</sln:miejscNazwa><sln:miejscRodzaj>Inny obiekt</sln:miejscRodzaj><sln:powIIPId>2c76d255-52fc-4e03-84c4-ea9d923212b2</sln:powIIPId><sln:powIIPPn>PL.PZGIK.200</sln:powIIPPn><sln:powIIPWersja>2012-09-27T09:32:07+02:00</sln:powIIPWersja><sln:powIdTeryt>2602</sln:powIdTeryt><sln:powNazwa>jędrzejowski</sln:powNazwa><sln:wojIIPId>d021c0dd-b22e-4fcd-8444-904c64ec3aa8</sln:wojIIPId><sln:wojIIPPn>PL.PZGIK.200</sln:wojIIPPn><sln:wojIIPWersja>2012-09-27T13:45:13+02:00</sln:wojIIPWersja><sln:wojIdTeryt>26</sln:wojIdTeryt><sln:wojNazwa>świętokrzyskie</sln:wojNazwa></sln:miejscowosc><sln:miejscowosc><sln:cyklZyciaOd>2014-11-25T00:00:00+01:00</sln:cyklZyciaOd><sln:gmIIPId>1007c08c-3a51-41e9-baf7-edaa48dc167e</sln:gmIIPId><sln:gmIIPPn>PL.PZGIK.200</sln:gmIIPPn><sln:gmIIPWersja>2012-09-26T22:18:15+02:00</sln:gmIIPWersja><sln:gmIdTeryt>2602082</sln:gmIdTeryt><sln:gmNazwa>Sobków</sln:gmNazwa><sln:miejscIIPId>26c67dc4-5c1e-411b-bc1f-27a2cbd69d42</sln:miejscIIPId><sln:miejscIIPPn>PL.PZGIK.200</sln:miejscIIPPn><sln:miejscIIPWersja>2016-11-24T13:43:20+02:00</sln:miejscIIPWersja><sln:miejscIdTeryt>0270567</sln:miejscIdTeryt><sln:miejscNazwa>Nowe Kotlice</sln:miejscNazwa><sln:miejscRodzaj>Wieś</sln:miejscRodzaj><sln:powIIPId>2c76d255-52fc-4e03-84c4-ea9d923212b2</sln:powIIPId><sln:powIIPPn>PL.PZGIK.200</sln:powIIPPn><sln:powIIPWersja>2012-09-27T09:32:07+02:00</sln:powIIPWersja><sln:powIdTeryt>2602</sln:powIdTeryt><sln:powNazwa>jędrzejowski</sln:powNazwa><sln:wojIIPId>d021c0dd-b22e-4fcd-8444-904c64ec3aa8</sln:wojIIPId><sln:wojIIPPn>PL.PZGIK.200</sln:wojIIPPn><sln:wojIIPWersja>2012-09-27T13:45:13+02:00</sln:wojIIPWersja><sln:wojIdTeryt>26</sln:wojIdTeryt><sln:wojNazwa>świętokrzyskie</sln:wojNazwa></sln:miejscowosc><sln:miejscowosc><sln:cyklZyciaOd>2014-11-25T00:00:00+01:00</sln:cyklZyciaOd><sln:gmIIPId>1007c08c-3a51-41e9-baf7-edaa48dc167e</sln:gmIIPId><sln:gmIIPPn>PL.PZGIK.200</sln:gmIIPPn><sln:gmIIPWersja>2012-09-26T22:18:15+02:00</sln:gmIIPWersja><sln:gmIdTeryt>2602082</sln:gmIdTeryt><sln:gmNazwa>Sobków</sln:gmNazwa><sln:miejscIIPId>d73086be-1cf4-4f85-8e57-35522468fccc</sln:miejscIIPId><sln:miejscIIPPn>PL.PZGIK.200</sln:miejscIIPPn><sln:miejscIIPWersja>2016-11-24T13:39:15+02:00</sln:miejscIIPWersja><sln:miejscIdTeryt>0270320</sln:miejscIdTeryt><sln:miejscNazwa>Karsy</sln:miejscNazwa><sln:miejscRodzaj>Wieś</sln:miejscRodzaj><sln:powIIPId>2c76d255-52fc-4e03-84c4-ea9d923212b2</sln:powIIPId><sln:powIIPPn>PL.PZGIK.200</sln:powIIPPn><sln:powIIPWersja>2012-09-27T09:32:07+02:00</sln:powIIPWersja><sln:powIdTeryt>2602</sln:powIdTeryt><sln:powNazwa>jędrzejowski</sln:powNazwa><sln:wojIIPId>d021c0dd-b22e-4fcd-8444-904c64ec3aa8</sln:wojIIPId><sln:wojIIPPn>PL.PZGIK.200</sln:wojIIPPn><sln:wojIIPWersja>2012-09-27T13:45:13+02:00</sln:wojIIPWersja><sln:wojIdTeryt>26</sln:wojIdTeryt><sln:wojNazwa>świętokrzyskie</sln:wojNazwa></sln:miejscowosc><sln:miejscowosc><sln:cyklZyciaOd>2014-11-25T00:00:00+01:00</sln:cyklZyciaOd><sln:gmIIPId>1007c08c-3a51-41e9-baf7-edaa48dc167e</sln:gmIIPId><sln:gmIIPPn>PL.PZGIK.200</sln:gmIIPPn><sln:gmIIPWersja>2012-09-26T22:18:15+02:00</sln:gmIIPWersja><sln:gmIdTeryt>2602082</sln:gmIdTeryt><sln:gmNazwa>Sobków</sln:gmNazwa><sln:miejscIIPId>61845591-ac7d-4981-9a8e-7e1ff11b1ceb</sln:miejscIIPId><sln:miejscIIPPn>PL.PZGIK.200</sln:miejscIIPPn><sln:miejscIIPWersja>2016-11-24T13:54:59+02:00</sln:miejscIIPWersja><sln:miejscIdTeryt>0270314</sln:miejscIdTeryt><sln:miejscNazwa>Ścięgna</sln:miejscNazwa><sln:miejscRodzaj>Inny obiekt</sln:miejscRodzaj><sln:powIIPId>2c76d255-52fc-4e03-84c4-ea9d923212b2</sln:powIIPId><sln:powIIPPn>PL.PZGIK.200</sln:powIIPPn><sln:powIIPWersja>2012-09-27T09:32:07+02:00</sln:powIIPWersja><sln:powIdTeryt>2602</sln:powIdTeryt><sln:powNazwa>jędrzejowski</sln:powNazwa><sln:wojIIPId>d021c0dd-b22e-4fcd-8444-904c64ec3aa8</sln:wojIIPId><sln:wojIIPPn>PL.PZGIK.200</sln:wojIIPPn><sln:wojIIPWersja>2012-09-27T13:45:13+02:00</sln:wojIIPWersja><sln:wojIdTeryt>26</sln:wojIdTeryt><sln:wojNazwa>świętokrzyskie</sln:wojNazwa></sln:miejscowosc><sln:miejscowosc><sln:cyklZyciaOd>2014-11-25T00:00:00+01:00</sln:cyklZyciaOd><sln:gmIIPId>1007c08c-3a51-41e9-baf7-edaa48dc167e</sln:gmIIPId><sln:gmIIPPn>PL.PZGIK.200</sln:gmIIPPn><sln:gmIIPWersja>2012-09-26T22:18:15+02:00</sln:gmIIPWersja><sln:gmIdTeryt>2602082</sln:gmIdTeryt><sln:gmNazwa>Sobków</sln:gmNazwa><sln:miejscIIPId>28df791e-ccb2-42f1-9ed3-4f88807ddaab</sln:miejscIIPId><sln:miejscIIPPn>PL.PZGIK.200</sln:miejscIIPPn><sln:miejscIIPWersja>2016-11-24T13:33:31+02:00</sln:miejscIIPWersja><sln:miejscIdTeryt>0270751</sln:miejscIdTeryt><sln:miejscNazwa>Wólka Kawęcka</sln:miejscNazwa><sln:miejscRodzaj>Wieś</sln:miejscRodzaj><sln:powIIPId>2c76d255-52fc-4e03-84c4-ea9d923212b2</sln:powIIPId><sln:powIIPPn>PL.PZGIK.200</sln:powIIPPn><sln:powIIPWersja>2012-09-27T09:32:07+02:00</sln:powIIPWersja><sln:powIdTeryt>2602</sln:powIdTeryt><sln:powNazwa>jędrzejowski</sln:powNazwa><sln:wojIIPId>d021c0dd-b22e-4fcd-8444-904c64ec3aa8</sln:wojIIPId><sln:wojIIPPn>PL.PZGIK.200</sln:wojIIPPn><sln:wojIIPWersja>2012-09-27T13:45:13+02:00</sln:wojIIPWersja><sln:wojIdTeryt>26</sln:wojIdTeryt><sln:wojNazwa>świętokrzyskie</sln:wojNazwa></sln:miejscowosc><sln:miejscowosc><sln:cyklZyciaDo>2018-03-23T00:00:00+01:00</sln:cyklZyciaDo><sln:cyklZyciaOd>2014-11-25T00:00:00+01:00</sln:cyklZyciaOd><sln:gmIIPId>1007c08c-3a51-41e9-baf7-edaa48dc167e</sln:gmIIPId><sln:gmIIPPn>PL.PZGIK.200</sln:gmIIPPn><sln:gmIIPWersja>2012-09-26T22:18:15+02:00</sln:gmIIPWersja><sln:gmIdTeryt>2602082</sln:gmIdTeryt><sln:gmNazwa>Sobków</sln:gmNazwa><sln:miejscIIPId>a85ced26-ea9e-4ab3-96f3-bb685380ad1e</sln:miejscIIPId><sln:miejscIIPPn>PL.PZGIK.200</sln:miejscIIPPn><sln:miejscIIPWersja>2016-11-24T13:59:09+02:00</sln:miejscIIPWersja><sln:miejscIdTeryt>0270596</sln:miejscIdTeryt><sln:miejscNazwa>Smyków</sln:miejscNazwa><sln:miejscRodzaj>Przysiółek</sln:miejscRodzaj><sln:powIIPId>2c76d255-52fc-4e03-84c4-ea9d923212b2</sln:powIIPId><sln:powIIPPn>PL.PZGIK.200</sln:powIIPPn><sln:powIIPWersja>2012-09-27T09:32:07+02:00</sln:powIIPWersja><sln:powIdTeryt>2602</sln:powIdTeryt><sln:powNazwa>jędrzejowski</sln:powNazwa><sln:wojIIPId>d021c0dd-b22e-4fcd-8444-904c64ec3aa8</sln:wojIIPId><sln:wojIIPPn>PL.PZGIK.200</sln:wojIIPPn><sln:wojIIPWersja>2012-09-27T13:45:13+02:00</sln:wojIIPWersja><sln:wojIdTeryt>26</sln:wojIdTeryt><sln:wojNazwa>świętokrzyskie</sln:wojNazwa></sln:miejscowosc><sln:miejscowosc><sln:cyklZyciaOd>2014-11-25T00:00:00+01:00</sln:cyklZyciaOd><sln:gmIIPId>1007c08c-3a51-41e9-baf7-edaa48dc167e</sln:gmIIPId><sln:gmIIPPn>PL.PZGIK.200</sln:gmIIPPn><sln:gmIIPWersja>2012-09-26T22:18:15+02:00</sln:gmIIPWersja><sln:gmIdTeryt>2602082</sln:gmIdTeryt><sln:gmNazwa>Sobków</sln:gmNazwa><sln:miejscIIPId>c8135473-b190-4336-83e5-3330be337197</sln:miejscIIPId><sln:miejscIIPPn>PL.PZGIK.200</sln:miejscIIPPn><sln:miejscIIPWersja>2016-11-24T13:57:42+02:00</sln:miejscIIPWersja><sln:miejscIdTeryt>0270410</sln:miejscIdTeryt><sln:miejscNazwa>Kajtanów</sln:miejscNazwa><sln:miejscRodzaj>Inny obiekt</sln:miejscRodzaj><sln:powIIPId>2c76d255-52fc-4e03-84c4-ea9d923212b2</sln:powIIPId><sln:powIIPPn>PL.PZGIK.200</sln:powIIPPn><sln:powIIPWersja>2012-09-27T09:32:07+02:00</sln:powIIPWersja><sln:powIdTeryt>2602</sln:powIdTeryt><sln:powNazwa>jędrzejowski</sln:powNazwa><sln:wojIIPId>d021c0dd-b22e-4fcd-8444-904c64ec3aa8</sln:wojIIPId><sln:wojIIPPn>PL.PZGIK.200</sln:wojIIPPn><sln:wojIIPWersja>2012-09-27T13:45:13+02:00</sln:wojIIPWersja><sln:wojIdTeryt>26</sln:wojIdTeryt><sln:wojNazwa>świętokrzyskie</sln:wojNazwa></sln:miejscowosc><sln:miejscowosc><sln:cyklZyciaOd>2014-11-25T00:00:00+01:00</sln:cyklZyciaOd><sln:gmIIPId>1007c08c-3a51-41e9-baf7-edaa48dc167e</sln:gmIIPId><sln:gmIIPPn>PL.PZGIK.200</sln:gmIIPPn><sln:gmIIPWersja>2012-09-26T22:18:15+02:00</sln:gmIIPWersja><sln:gmIdTeryt>2602082</sln:gmIdTeryt><sln:gmNazwa>Sobków</sln:gmNazwa><sln:miejscIIPId>709cc9cd-b8c5-4059-9815-fec53a61f454</sln:miejscIIPId><sln:miejscIIPPn>PL.PZGIK.200</sln:miejscIIPPn><sln:miejscIIPWersja>2016-11-24T13:47:15+02:00</sln:miejscIIPWersja><sln:miejscIdTeryt>0270604</sln:miejscIdTeryt><sln:miejscNazwa>Sobków</sln:miejscNazwa><sln:miejscRodzaj>Osiedle</sln:miejscRodzaj><sln:powIIPId>2c76d255-52fc-4e03-84c4-ea9d923212b2</sln:powIIPId><sln:powIIPPn>PL.PZGIK.200</sln:powIIPPn><sln:powIIPWersja>2012-09-27T09:32:07+02:00</sln:powIIPWersja><sln:powIdTeryt>2602</sln:powIdTeryt><sln:powNazwa>jędrzejowski</sln:powNazwa><sln:wojIIPId>d021c0dd-b22e-4fcd-8444-904c64ec3aa8</sln:wojIIPId><sln:wojIIPPn>PL.PZGIK.200</sln:wojIIPPn><sln:wojIIPWersja>2012-09-27T13:45:13+02:00</sln:wojIIPWersja><sln:wojIdTeryt>26</sln:wojIdTeryt><sln:wojNazwa>świętokrzyskie</sln:wojNazwa></sln:miejscowosc><sln:miejscowosc><sln:cyklZyciaOd>2014-11-25T00:00:00+01:00</sln:cyklZyciaOd><sln:gmIIPId>1007c08c-3a51-41e9-baf7-edaa48dc167e</sln:gmIIPId><sln:gmIIPPn>PL.PZGIK.200</sln:gmIIPPn><sln:gmIIPWersja>2012-09-26T22:18:15+02:00</sln:gmIIPWersja><sln:gmIdTeryt>2602082</sln:gmIdTeryt><sln:gmNazwa>Sobków</sln:gmNazwa><sln:miejscIIPId>e1c69fe9-724c-4fc2-be2f-cada7e0e3ad4</sln:miejscIIPId><sln:miejscIIPPn>PL.PZGIK.200</sln:miejscIIPPn><sln:miejscIIPWersja>2016-11-24T13:42:07+02:00</sln:miejscIIPWersja><sln:miejscIdTeryt>0270395</sln:miejscIdTeryt><sln:miejscNazwa>Miąsowa</sln:miejscNazwa><sln:miejscRodzaj>Wieś</sln:miejscRodzaj><sln:powIIPId>2c76d255-52fc-4e03-84c4-ea9d923212b2</sln:powIIPId><sln:powIIPPn>PL.PZGIK.200</sln:powIIPPn><sln:powIIPWersja>2012-09-27T09:32:07+02:00</sln:powIIPWersja><sln:powIdTeryt>2602</sln:powIdTeryt><sln:powNazwa>jędrzejowski</sln:powNazwa><sln:wojIIPId>d021c0dd-b22e-4fcd-8444-904c64ec3aa8</sln:wojIIPId><sln:wojIIPPn>PL.PZGIK.200</sln:wojIIPPn><sln:wojIIPWersja>2012-09-27T13:45:13+02:00</sln:wojIIPWersja><sln:wojIdTeryt>26</sln:wojIdTeryt><sln:wojNazwa>świętokrzyskie</sln:wojNazwa></sln:miejscowosc><sln:miejscowosc><sln:cyklZyciaOd>2014-11-25T00:00:00+01:00</sln:cyklZyciaOd><sln:gmIIPId>1007c08c-3a51-41e9-baf7-edaa48dc167e</sln:gmIIPId><sln:gmIIPPn>PL.PZGIK.200</sln:gmIIPPn><sln:gmIIPWersja>2012-09-26T22:18:15+02:00</sln:gmIIPWersja><sln:gmIdTeryt>2602082</sln:gmIdTeryt><sln:gmNazwa>Sobków</sln:gmNazwa><sln:miejscIIPId>baf0e09b-fadb-4f68-82e5-0a0a4c2ab362</sln:miejscIIPId><sln:miejscIIPPn>PL.PZGIK.200</sln:miejscIIPPn><sln:miejscIIPWersja>2016-11-24T13:58:17+02:00</sln:miejscIIPWersja><sln:miejscIdTeryt>0270521</sln:miejscIdTeryt><sln:miejscNazwa>Kurzaków</sln:miejscNazwa><sln:miejscRodzaj>Przysiółek</sln:miejscRodzaj><sln:powIIPId>2c76d255-52fc-4e03-84c4-ea9d923212b2</sln:powIIPId><sln:powIIPPn>PL.PZGIK.200</sln:powIIPPn><sln:powIIPWersja>2012-09-27T09:32:07+02:00</sln:powIIPWersja><sln:powIdTeryt>2602</sln:powIdTeryt><sln:powNazwa>jędrzejowski</sln:powNazwa><sln:wojIIPId>d021c0dd-b22e-4fcd-8444-904c64ec3aa8</sln:wojIIPId><sln:wojIIPPn>PL.PZGIK.200</sln:wojIIPPn><sln:wojIIPWersja>2012-09-27T13:45:13+02:00</sln:wojIIPWersja><sln:wojIdTeryt>26</sln:wojIdTeryt><sln:wojNazwa>świętokrzyskie</sln:wojNazwa></sln:miejscowosc><sln:miejscowosc><sln:cyklZyciaOd>2014-11-25T00:00:00+01:00</sln:cyklZyciaOd><sln:gmIIPId>1007c08c-3a51-41e9-baf7-edaa48dc167e</sln:gmIIPId><sln:gmIIPPn>PL.PZGIK.200</sln:gmIIPPn><sln:gmIIPWersja>2012-09-26T22:18:15+02:00</sln:gmIIPWersja><sln:gmIdTeryt>2602082</sln:gmIdTeryt><sln:gmNazwa>Sobków</sln:gmNazwa><sln:miejscIIPId>823d120b-8f75-4ac8-b829-9a2f06bdf7f4</sln:miejscIIPId><sln:miejscIIPPn>PL.PZGIK.200</sln:miejscIIPPn><sln:miejscIIPWersja>2016-11-24T13:58:17+02:00</sln:miejscIIPWersja><sln:miejscIdTeryt>0270544</sln:miejscIdTeryt><sln:miejscNazwa>Zielonki</sln:miejscNazwa><sln:miejscRodzaj>Osada</sln:miejscRodzaj><sln:powIIPId>2c76d255-52fc-4e03-84c4-ea9d923212b2</sln:powIIPId><sln:powIIPPn>PL.PZGIK.200</sln:powIIPPn><sln:powIIPWersja>2012-09-27T09:32:07+02:00</sln:powIIPWersja><sln:powIdTeryt>2602</sln:powIdTeryt><sln:powNazwa>jędrzejowski</sln:powNazwa><sln:wojIIPId>d021c0dd-b22e-4fcd-8444-904c64ec3aa8</sln:wojIIPId><sln:wojIIPPn>PL.PZGIK.200</sln:wojIIPPn><sln:wojIIPWersja>2012-09-27T13:45:13+02:00</sln:wojIIPWersja><sln:wojIdTeryt>26</sln:wojIdTeryt><sln:wojNazwa>świętokrzyskie</sln:wojNazwa></sln:miejscowosc><sln:miejscowosc><sln:cyklZyciaOd>2014-11-25T00:00:00+01:00</sln:cyklZyciaOd><sln:gmIIPId>1007c08c-3a51-41e9-baf7-edaa48dc167e</sln:gmIIPId><sln:gmIIPPn>PL.PZGIK.200</sln:gmIIPPn><sln:gmIIPWersja>2012-09-26T22:18:15+02:00</sln:gmIIPWersja><sln:gmIdTeryt>2602082</sln:gmIdTeryt><sln:gmNazwa>Sobków</sln:gmNazwa><sln:miejscIIPId>fbc00852-e586-42af-8c31-8f058602d492</sln:miejscIIPId><sln:miejscIIPPn>PL.PZGIK.200</sln:miejscIIPPn><sln:miejscIIPWersja>2016-11-24T13:58:17+02:00</sln:miejscIIPWersja><sln:miejscIdTeryt>0270538</sln:miejscIdTeryt><sln:miejscNazwa>Wymysłów</sln:miejscNazwa><sln:miejscRodzaj>Przysiółek</sln:miejscRodzaj><sln:powIIPId>2c76d255-52fc-4e03-84c4-ea9d923212b2</sln:powIIPId><sln:powIIPPn>PL.PZGIK.200</sln:powIIPPn><sln:powIIPWersja>2012-09-27T09:32:07+02:00</sln:powIIPWersja><sln:powIdTeryt>2602</sln:powIdTeryt><sln:powNazwa>jędrzejowski</sln:powNazwa><sln:wojIIPId>d021c0dd-b22e-4fcd-8444-904c64ec3aa8</sln:wojIIPId><sln:wojIIPPn>PL.PZGIK.200</sln:wojIIPPn><sln:wojIIPWersja>2012-09-27T13:45:13+02:00</sln:wojIIPWersja><sln:wojIdTeryt>26</sln:wojIdTeryt><sln:wojNazwa>świętokrzyskie</sln:wojNazwa></sln:miejscowosc><sln:miejscowosc><sln:cyklZyciaOd>2014-11-25T00:00:00+01:00</sln:cyklZyciaOd><sln:gmIIPId>1007c08c-3a51-41e9-baf7-edaa48dc167e</sln:gmIIPId><sln:gmIIPPn>PL.PZGIK.200</sln:gmIIPPn><sln:gmIIPWersja>2012-09-26T22:18:15+02:00</sln:gmIIPWersja><sln:gmIdTeryt>2602082</sln:gmIdTeryt><sln:gmNazwa>Sobków</sln:gmNazwa><sln:miejscIIPId>2d34567d-d2de-422a-a428-32e896f61096</sln:miejscIIPId><sln:miejscIIPPn>PL.PZGIK.200</sln:miejscIIPPn><sln:miejscIIPWersja>2016-11-24T13:43:01+02:00</sln:miejscIIPWersja><sln:miejscIdTeryt>0270550</sln:miejscIdTeryt><sln:miejscNazwa>Niziny</sln:miejscNazwa><sln:miejscRodzaj>Wieś</sln:miejscRodzaj><sln:powIIPId>2c76d255-52fc-4e03-84c4-ea9d923212b2</sln:powIIPId><sln:powIIPPn>PL.PZGIK.200</sln:powIIPPn><sln:powIIPWersja>2012-09-27T09:32:07+02:00</sln:powIIPWersja><sln:powIdTeryt>2602</sln:powIdTeryt><sln:powNazwa>jędrzejowski</sln:powNazwa><sln:wojIIPId>d021c0dd-b22e-4fcd-8444-904c64ec3aa8</sln:wojIIPId><sln:wojIIPPn>PL.PZGIK.200</sln:wojIIPPn><sln:wojIIPWersja>2012-09-27T13:45:13+02:00</sln:wojIIPWersja><sln:wojIdTeryt>26</sln:wojIdTeryt><sln:wojNazwa>świętokrzyskie</sln:wojNazwa></sln:miejscowosc><sln:miejscowosc><sln:cyklZyciaDo>2018-03-23T00:00:00+01:00</sln:cyklZyciaDo><sln:cyklZyciaOd>2014-11-25T00:00:00+01:00</sln:cyklZyciaOd><sln:gmIIPId>1007c08c-3a51-41e9-baf7-edaa48dc167e</sln:gmIIPId><sln:gmIIPPn>PL.PZGIK.200</sln:gmIIPPn><sln:gmIIPWersja>2012-09-26T22:18:15+02:00</sln:gmIIPWersja><sln:gmIdTeryt>2602082</sln:gmIdTeryt><sln:gmNazwa>Sobków</sln:gmNazwa><sln:miejscIIPId>27037ba9-c55b-471b-9057-f08653d83601</sln:miejscIIPId><sln:miejscIIPPn>PL.PZGIK.200</sln:miejscIIPPn><sln:miejscIIPWersja>2016-11-24T13:29:42+02:00</sln:miejscIIPWersja><sln:miejscIdTeryt>0270225</sln:miejscIdTeryt><sln:miejscNazwa>Brzeźno</sln:miejscNazwa><sln:miejscRodzaj>Wieś</sln:miejscRodzaj><sln:powIIPId>2c76d255-52fc-4e03-84c4-ea9d923212b2</sln:powIIPId><sln:powIIPPn>PL.PZGIK.200</sln:powIIPPn><sln:powIIPWersja>2012-09-27T09:32:07+02:00</sln:powIIPWersja><sln:powIdTeryt>2602</sln:powIdTeryt><sln:powNazwa>jędrzejowski</sln:powNazwa><sln:wojIIPId>d021c0dd-b22e-4fcd-8444-904c64ec3aa8</sln:wojIIPId><sln:wojIIPPn>PL.PZGIK.200</sln:wojIIPPn><sln:wojIIPWersja>2012-09-27T13:45:13+02:00</sln:wojIIPWersja><sln:wojIdTeryt>26</sln:wojIdTeryt><sln:wojNazwa>świętokrzyskie</sln:wojNazwa></sln:miejscowosc><sln:miejscowosc><sln:cyklZyciaOd>2014-11-25T00:00:00+01:00</sln:cyklZyciaOd><sln:gmIIPId>1007c08c-3a51-41e9-baf7-edaa48dc167e</sln:gmIIPId><sln:gmIIPPn>PL.PZGIK.200</sln:gmIIPPn><sln:gmIIPWersja>2012-09-26T22:18:15+02:00</sln:gmIIPWersja><sln:gmIdTeryt>2602082</sln:gmIdTeryt><sln:gmNazwa>Sobków</sln:gmNazwa><sln:miejscIIPId>6dd7176f-a7cd-47dc-9664-9e5f47eea599</sln:miejscIIPId><sln:miejscIIPPn>PL.PZGIK.200</sln:miejscIIPPn><sln:miejscIIPWersja>2016-11-24T13:38:40+02:00</sln:miejscIIPWersja><sln:miejscIdTeryt>0270290</sln:miejscIdTeryt><sln:miejscNazwa>Jawór</sln:miejscNazwa><sln:miejscRodzaj>Wieś</sln:miejscRodzaj><sln:powIIPId>2c76d255-52fc-4e03-84c4-ea9d923212b2</sln:powIIPId><sln:powIIPPn>PL.PZGIK.200</sln:powIIPPn><sln:powIIPWersja>2012-09-27T09:32:07+02:00</sln:powIIPWersja><sln:powIdTeryt>2602</sln:powIdTeryt><sln:powNazwa>jędrzejowski</sln:powNazwa><sln:wojIIPId>d021c0dd-b22e-4fcd-8444-904c64ec3aa8</sln:wojIIPId><sln:wojIIPPn>PL.PZGIK.200</sln:wojIIPPn><sln:wojIIPWersja>2012-09-27T13:45:13+02:00</sln:wojIIPWersja><sln:wojIdTeryt>26</sln:wojIdTeryt><sln:wojNazwa>świętokrzyskie</sln:wojNazwa></sln:miejscowosc><sln:miejscowosc><sln:cyklZyciaOd>2014-11-25T00:00:00+01:00</sln:cyklZyciaOd><sln:gmIIPId>1007c08c-3a51-41e9-baf7-edaa48dc167e</sln:gmIIPId><sln:gmIIPPn>PL.PZGIK.200</sln:gmIIPPn><sln:gmIIPWersja>2012-09-26T22:18:15+02:00</sln:gmIIPWersja><sln:gmIdTeryt>2602082</sln:gmIdTeryt><sln:gmNazwa>Sobków</sln:gmNazwa><sln:miejscIIPId>111e1780-38d8-406c-9f3c-7aa87d7c33ae</sln:miejscIIPId><sln:miejscIIPPn>PL.PZGIK.200</sln:miejscIIPPn><sln:miejscIIPWersja>2016-11-24T13:55:58+02:00</sln:miejscIIPWersja><sln:miejscIdTeryt>0270343</sln:miejscIdTeryt><sln:miejscNazwa>Piekło</sln:miejscNazwa><sln:miejscRodzaj>Inny obiekt</sln:miejscRodzaj><sln:powIIPId>2c76d255-52fc-4e03-84c4-ea9d923212b2</sln:powIIPId><sln:powIIPPn>PL.PZGIK.200</sln:powIIPPn><sln:powIIPWersja>2012-09-27T09:32:07+02:00</sln:powIIPWersja><sln:powIdTeryt>2602</sln:powIdTeryt><sln:powNazwa>jędrzejowski</sln:powNazwa><sln:wojIIPId>d021c0dd-b22e-4fcd-8444-904c64ec3aa8</sln:wojIIPId><sln:wojIIPPn>PL.PZGIK.200</sln:wojIIPPn><sln:wojIIPWersja>2012-09-27T13:45:13+02:00</sln:wojIIPWersja><sln:wojIdTeryt>26</sln:wojIdTeryt><sln:wojNazwa>świętokrzyskie</sln:wojNazwa></sln:miejscowosc><sln:miejscowosc><sln:cyklZyciaDo>2017-04-04T00:00:00+02:00</sln:cyklZyciaDo><sln:cyklZyciaOd>2014-11-25T00:00:00+01:00</sln:cyklZyciaOd><sln:gmIIPId>1007c08c-3a51-41e9-baf7-edaa48dc167e</sln:gmIIPId><sln:gmIIPPn>PL.PZGIK.200</sln:gmIIPPn><sln:gmIIPWersja>2012-09-26T22:18:15+02:00</sln:gmIIPWersja><sln:gmIdTeryt>2602082</sln:gmIdTeryt><sln:gmNazwa>Sobków</sln:gmNazwa><sln:miejscIIPId>7fe08bdf-0a32-4b71-af7a-f21760504218</sln:miejscIIPId><sln:miejscIIPPn>PL.PZGIK.200</sln:miejscIIPPn><sln:miejscIIPWersja>2016-11-24T13:55:58+02:00</sln:miejscIIPWersja><sln:miejscIdTeryt>0270366</sln:miejscIdTeryt><sln:miejscNazwa>Pusta</sln:miejscNazwa><sln:miejscRodzaj>Inny obiekt</sln:miejscRodzaj><sln:powIIPId>2c76d255-52fc-4e03-84c4-ea9d923212b2</sln:powIIPId><sln:powIIPPn>PL.PZGIK.200</sln:powIIPPn><sln:powIIPWersja>2012-09-27T09:32:07+02:00</sln:powIIPWersja><sln:powIdTeryt>2602</sln:powIdTeryt><sln:powNazwa>jędrzejowski</sln:powNazwa><sln:wojIIPId>d021c0dd-b22e-4fcd-8444-904c64ec3aa8</sln:wojIIPId><sln:wojIIPPn>PL.PZGIK.200</sln:wojIIPPn><sln:wojIIPWersja>2012-09-27T13:45:13+02:00</sln:wojIIPWersja><sln:wojIdTeryt>26</sln:wojIdTeryt><sln:wojNazwa>świętokrzyskie</sln:wojNazwa></sln:miejscowosc><sln:miejscowosc><sln:cyklZyciaOd>2014-11-25T00:00:00+01:00</sln:cyklZyciaOd><sln:gmIIPId>1007c08c-3a51-41e9-baf7-edaa48dc167e</sln:gmIIPId><sln:gmIIPPn>PL.PZGIK.200</sln:gmIIPPn><sln:gmIIPWersja>2012-09-26T22:18:15+02:00</sln:gmIIPWersja><sln:gmIdTeryt>2602082</sln:gmIdTeryt><sln:gmNazwa>Sobków</sln:gmNazwa><sln:miejscIIPId>3cdd626c-3c28-45ab-adc2-005c0746bc75</sln:miejscIIPId><sln:miejscIIPPn>PL.PZGIK.200</sln:miejscIIPPn><sln:miejscIIPWersja>2016-11-24T13:40:22+02:00</sln:miejscIIPWersja><sln:miejscIdTeryt>0270165</sln:miejscIdTeryt><sln:miejscNazwa>Bizoręda</sln:miejscNazwa><sln:miejscRodzaj>Wieś</sln:miejscRodzaj><sln:powIIPId>2c76d255-52fc-4e03-84c4-ea9d923212b2</sln:powIIPId><sln:powIIPPn>PL.PZGIK.200</sln:powIIPPn><sln:powIIPWersja>2012-09-27T09:32:07+02:00</sln:powIIPWersja><sln:powIdTeryt>2602</sln:powIdTeryt><sln:powNazwa>jędrzejowski</sln:powNazwa><sln:wojIIPId>d021c0dd-b22e-4fcd-8444-904c64ec3aa8</sln:wojIIPId><sln:wojIIPPn>PL.PZGIK.200</sln:wojIIPPn><sln:wojIIPWersja>2012-09-27T13:45:13+02:00</sln:wojIIPWersja><sln:wojIdTeryt>26</sln:wojIdTeryt><sln:wojNazwa>świętokrzyskie</sln:wojNazwa></sln:miejscowosc><sln:miejscowosc><sln:cyklZyciaOd>2014-11-25T00:00:00+01:00</sln:cyklZyciaOd><sln:gmIIPId>1007c08c-3a51-41e9-baf7-edaa48dc167e</sln:gmIIPId><sln:gmIIPPn>PL.PZGIK.200</sln:gmIIPPn><sln:gmIIPWersja>2012-09-26T22:18:15+02:00</sln:gmIIPWersja><sln:gmIdTeryt>2602082</sln:gmIdTeryt><sln:gmNazwa>Sobków</sln:gmNazwa><sln:miejscIIPId>6eb0c039-9a32-4443-812b-33090ca4119f</sln:miejscIIPId><sln:miejscIIPPn>PL.PZGIK.200</sln:miejscIIPPn><sln:miejscIIPWersja>2016-11-24T13:50:13+02:00</sln:miejscIIPWersja><sln:miejscIdTeryt>0270768</sln:miejscIdTeryt><sln:miejscNazwa>Piaski</sln:miejscNazwa><sln:miejscRodzaj>Kolonia</sln:miejscRodzaj><sln:powIIPId>2c76d255-52fc-4e03-84c4-ea9d923212b2</sln:powIIPId><sln:powIIPPn>PL.PZGIK.200</sln:powIIPPn><sln:powIIPWersja>2012-09-27T09:32:07+02:00</sln:powIIPWersja><sln:powIdTeryt>2602</sln:powIdTeryt><sln:powNazwa>jędrzejowski</sln:powNazwa><sln:wojIIPId>d021c0dd-b22e-4fcd-8444-904c64ec3aa8</sln:wojIIPId><sln:wojIIPPn>PL.PZGIK.200</sln:wojIIPPn><sln:wojIIPWersja>2012-09-27T13:45:13+02:00</sln:wojIIPWersja><sln:wojIdTeryt>26</sln:wojIdTeryt><sln:wojNazwa>świętokrzyskie</sln:wojNazwa></sln:miejscowosc><sln:miejscowosc><sln:cyklZyciaOd>2014-11-25T00:00:00+01:00</sln:cyklZyciaOd><sln:gmIIPId>1007c08c-3a51-41e9-baf7-edaa48dc167e</sln:gmIIPId><sln:gmIIPPn>PL.PZGIK.200</sln:gmIIPPn><sln:gmIIPWersja>2012-09-26T22:18:15+02:00</sln:gmIIPWersja><sln:gmIdTeryt>2602082</sln:gmIdTeryt><sln:gmNazwa>Sobków</sln:gmNazwa><sln:miejscIIPId>ec1fcbd8-9af6-46aa-93e0-c233cc82e6eb</sln:miejscIIPId><sln:miejscIIPPn>PL.PZGIK.200</sln:miejscIIPPn><sln:miejscIIPWersja>2016-11-24T13:42:38+02:00</sln:miejscIIPWersja><sln:miejscIdTeryt>0270449</sln:miejscIdTeryt><sln:miejscNazwa>Mokrsko Dolne</sln:miejscNazwa><sln:miejscRodzaj>Wieś</sln:miejscRodzaj><sln:powIIPId>2c76d255-52fc-4e03-84c4-ea9d923212b2</sln:powIIPId><sln:powIIPPn>PL.PZGIK.200</sln:powIIPPn><sln:powIIPWersja>2012-09-27T09:32:07+02:00</sln:powIIPWersja><sln:powIdTeryt>2602</sln:powIdTeryt><sln:powNazwa>jędrzejowski</sln:powNazwa><sln:wojIIPId>d021c0dd-b22e-4fcd-8444-904c64ec3aa8</sln:wojIIPId><sln:wojIIPPn>PL.PZGIK.200</sln:wojIIPPn><sln:wojIIPWersja>2012-09-27T13:45:13+02:00</sln:wojIIPWersja><sln:wojIdTeryt>26</sln:wojIdTeryt><sln:wojNazwa>świętokrzyskie</sln:wojNazwa></sln:miejscowosc><sln:miejscowosc><sln:cyklZyciaOd>2014-11-25T00:00:00+01:00</sln:cyklZyciaOd><sln:gmIIPId>1007c08c-3a51-41e9-baf7-edaa48dc167e</sln:gmIIPId><sln:gmIIPPn>PL.PZGIK.200</sln:gmIIPPn><sln:gmIIPWersja>2012-09-26T22:18:15+02:00</sln:gmIIPWersja><sln:gmIdTeryt>2602082</sln:gmIdTeryt><sln:gmNazwa>Sobków</sln:gmNazwa><sln:miejscIIPId>66e4c37b-3121-4448-afef-5cc1ee119293</sln:miejscIIPId><sln:miejscIIPPn>PL.PZGIK.200</sln:miejscIIPPn><sln:miejscIIPWersja>2016-11-24T13:42:38+02:00</sln:miejscIIPWersja><sln:miejscIdTeryt>0270509</sln:miejscIdTeryt><sln:miejscNazwa>Mokrsko Górne</sln:miejscNazwa><sln:miejscRodzaj>Wieś</sln:miejscRodzaj><sln:powIIPId>2c76d255-52fc-4e03-84c4-ea9d923212b2</sln:powIIPId><sln:powIIPPn>PL.PZGIK.200</sln:powIIPPn><sln:powIIPWersja>2012-09-27T09:32:07+02:00</sln:powIIPWersja><sln:powIdTeryt>2602</sln:powIdTeryt><sln:powNazwa>jędrzejowski</sln:powNazwa><sln:wojIIPId>d021c0dd-b22e-4fcd-8444-904c64ec3aa8</sln:wojIIPId><sln:wojIIPPn>PL.PZGIK.200</sln:wojIIPPn><sln:wojIIPWersja>2012-09-27T13:45:13+02:00</sln:wojIIPWersja><sln:wojIdTeryt>26</sln:wojIdTeryt><sln:wojNazwa>świętokrzyskie</sln:wojNazwa></sln:miejscowosc><sln:miejscowosc><sln:cyklZyciaOd>2014-11-25T00:00:00+01:00</sln:cyklZyciaOd><sln:gmIIPId>1007c08c-3a51-41e9-baf7-edaa48dc167e</sln:gmIIPId><sln:gmIIPPn>PL.PZGIK.200</sln:gmIIPPn><sln:gmIIPWersja>2012-09-26T22:18:15+02:00</sln:gmIIPWersja><sln:gmIdTeryt>2602082</sln:gmIdTeryt><sln:gmNazwa>Sobków</sln:gmNazwa><sln:miejscIIPId>381e232c-c487-44cc-abcd-772534ade4b4</sln:miejscIIPId><sln:miejscIIPPn>PL.PZGIK.200</sln:miejscIIPPn><sln:miejscIIPWersja>2016-11-24T13:37:08+02:00</sln:miejscIIPWersja><sln:miejscIdTeryt>0270283</sln:miejscIdTeryt><sln:miejscNazwa>Gajówka</sln:miejscNazwa><sln:miejscRodzaj>Wieś</sln:miejscRodzaj><sln:powIIPId>2c76d255-52fc-4e03-84c4-ea9d923212b2</sln:powIIPId><sln:powIIPPn>PL.PZGIK.200</sln:powIIPPn><sln:powIIPWersja>2012-09-27T09:32:07+02:00</sln:powIIPWersja><sln:powIdTeryt>2602</sln:powIdTeryt><sln:powNazwa>jędrzejowski</sln:powNazwa><sln:wojIIPId>d021c0dd-b22e-4fcd-8444-904c64ec3aa8</sln:wojIIPId><sln:wojIIPPn>PL.PZGIK.200</sln:wojIIPPn><sln:wojIIPWersja>2012-09-27T13:45:13+02:00</sln:wojIIPWersja><sln:wojIdTeryt>26</sln:wojIdTeryt><sln:wojNazwa>świętokrzyskie</sln:wojNazwa></sln:miejscowosc><sln:miejscowosc><sln:cyklZyciaOd>2014-11-25T00:00:00+01:00</sln:cyklZyciaOd><sln:gmIIPId>1007c08c-3a51-41e9-baf7-edaa48dc167e</sln:gmIIPId><sln:gmIIPPn>PL.PZGIK.200</sln:gmIIPPn><sln:gmIIPWersja>2012-09-26T22:18:15+02:00</sln:gmIIPWersja><sln:gmIdTeryt>2602082</sln:gmIdTeryt><sln:gmNazwa>Sobków</sln:gmNazwa><sln:miejscIIPId>9d1ef1c5-6475-45ae-97d8-db607a8ca46e</sln:miejscIIPId><sln:miejscIIPPn>PL.PZGIK.200</sln:miejscIIPPn><sln:miejscIIPWersja>2016-11-24T13:45:04+02:00</sln:miejscIIPWersja><sln:miejscIdTeryt>0270219</sln:miejscIdTeryt><sln:miejscNazwa>Łajzce</sln:miejscNazwa><sln:miejscRodzaj>Osada</sln:miejscRodzaj><sln:powIIPId>2c76d255-52fc-4e03-84c4-ea9d923212b2</sln:powIIPId><sln:powIIPPn>PL.PZGIK.200</sln:powIIPPn><sln:powIIPWersja>2012-09-27T09:32:07+02:00</sln:powIIPWersja><sln:powIdTeryt>2602</sln:powIdTeryt><sln:powNazwa>jędrzejowski</sln:powNazwa><sln:wojIIPId>d021c0dd-b22e-4fcd-8444-904c64ec3aa8</sln:wojIIPId><sln:wojIIPPn>PL.PZGIK.200</sln:wojIIPPn><sln:wojIIPWersja>2012-09-27T13:45:13+02:00</sln:wojIIPWersja><sln:wojIdTeryt>26</sln:wojIdTeryt><sln:wojNazwa>świętokrzyskie</sln:wojNazwa></sln:miejscowosc><sln:miejscowosc><sln:cyklZyciaOd>2014-11-25T00:00:00+01:00</sln:cyklZyciaOd><sln:gmIIPId>1007c08c-3a51-41e9-baf7-edaa48dc167e</sln:gmIIPId><sln:gmIIPPn>PL.PZGIK.200</sln:gmIIPPn><sln:gmIIPWersja>2012-09-26T22:18:15+02:00</sln:gmIIPWersja><sln:gmIdTeryt>2602082</sln:gmIdTeryt><sln:gmNazwa>Sobków</sln:gmNazwa><sln:miejscIIPId>9daba9c1-984d-44cc-b8c0-080a0c50f215</sln:miejscIIPId><sln:miejscIIPPn>PL.PZGIK.200</sln:miejscIIPPn><sln:miejscIIPWersja>2016-11-24T13:30:59+02:00</sln:miejscIIPWersja><sln:miejscIdTeryt>0270610</sln:miejscIdTeryt><sln:miejscNazwa>Sokołów Dolny</sln:miejscNazwa><sln:miejscRodzaj>Wieś</sln:miejscRodzaj><sln:powIIPId>2c76d255-52fc-4e03-84c4-ea9d923212b2</sln:powIIPId><sln:powIIPPn>PL.PZGIK.200</sln:powIIPPn><sln:powIIPWersja>2012-09-27T09:32:07+02:00</sln:powIIPWersja><sln:powIdTeryt>2602</sln:powIdTeryt><sln:powNazwa>jędrzejowski</sln:powNazwa><sln:wojIIPId>d021c0dd-b22e-4fcd-8444-904c64ec3aa8</sln:wojIIPId><sln:wojIIPPn>PL.PZGIK.200</sln:wojIIPPn><sln:wojIIPWersja>2012-09-27T13:45:13+02:00</sln:wojIIPWersja><sln:wojIdTeryt>26</sln:wojIdTeryt><sln:wojNazwa>świętokrzyskie</sln:wojNazwa></sln:miejscowosc><sln:miejscowosc><sln:cyklZyciaOd>2014-11-25T00:00:00+01:00</sln:cyklZyciaOd><sln:gmIIPId>1007c08c-3a51-41e9-baf7-edaa48dc167e</sln:gmIIPId><sln:gmIIPPn>PL.PZGIK.200</sln:gmIIPPn><sln:gmIIPWersja>2012-09-26T22:18:15+02:00</sln:gmIIPWersja><sln:gmIdTeryt>2602082</sln:gmIdTeryt><sln:gmNazwa>Sobków</sln:gmNazwa><sln:miejscIIPId>890b7922-71fb-4da2-a817-90bceacc4580</sln:miejscIIPId><sln:miejscIIPPn>PL.PZGIK.200</sln:miejscIIPPn><sln:miejscIIPWersja>2016-11-24T13:47:19+02:00</sln:miejscIIPWersja><sln:miejscIdTeryt>0270685</sln:miejscIdTeryt><sln:miejscNazwa>Kolonia Sokołów Górny</sln:miejscNazwa><sln:miejscRodzaj>Kolonia</sln:miejscRodzaj><sln:powIIPId>2c76d255-52fc-4e03-84c4-ea9d923212b2</sln:powIIPId><sln:powIIPPn>PL.PZGIK.200</sln:powIIPPn><sln:powIIPWersja>2012-09-27T09:32:07+02:00</sln:powIIPWersja><sln:powIdTeryt>2602</sln:powIdTeryt><sln:powNazwa>jędrzejowski</sln:powNazwa><sln:wojIIPId>d021c0dd-b22e-4fcd-8444-904c64ec3aa8</sln:wojIIPId><sln:wojIIPPn>PL.PZGIK.200</sln:wojIIPPn><sln:wojIIPWersja>2012-09-27T13:45:13+02:00</sln:wojIIPWersja><sln:wojIdTeryt>26</sln:wojIdTeryt><sln:wojNazwa>świętokrzyskie</sln:wojNazwa></sln:miejscowosc><sln:miejscowosc><sln:cyklZyciaOd>2014-11-25T00:00:00+01:00</sln:cyklZyciaOd><sln:gmIIPId>1007c08c-3a51-41e9-baf7-edaa48dc167e</sln:gmIIPId><sln:gmIIPPn>PL.PZGIK.200</sln:gmIIPPn><sln:gmIIPWersja>2012-09-26T22:18:15+02:00</sln:gmIIPWersja><sln:gmIdTeryt>2602082</sln:gmIdTeryt><sln:gmNazwa>Sobków</sln:gmNazwa><sln:miejscIIPId>4fb56958-bcd4-49cc-907a-e58711ea5534</sln:miejscIIPId><sln:miejscIIPPn>PL.PZGIK.200</sln:miejscIIPPn><sln:miejscIIPWersja>2016-11-24T13:47:19+02:00</sln:miejscIIPWersja><sln:miejscIdTeryt>0270662</sln:miejscIdTeryt><sln:miejscNazwa>Sobków-Przystanek</sln:miejscNazwa><sln:miejscRodzaj>Osada</sln:miejscRodzaj><sln:powIIPId>2c76d255-52fc-4e03-84c4-ea9d923212b2</sln:powIIPId><sln:powIIPPn>PL.PZGIK.200</sln:powIIPPn><sln:powIIPWersja>2012-09-27T09:32:07+02:00</sln:powIIPWersja><sln:powIdTeryt>2602</sln:powIdTeryt><sln:powNazwa>jędrzejowski</sln:powNazwa><sln:wojIIPId>d021c0dd-b22e-4fcd-8444-904c64ec3aa8</sln:wojIIPId><sln:wojIIPPn>PL.PZGIK.200</sln:wojIIPPn><sln:wojIIPWersja>2012-09-27T13:45:13+02:00</sln:wojIIPWersja><sln:wojIdTeryt>26</sln:wojIdTeryt><sln:wojNazwa>świętokrzyskie</sln:wojNazwa></sln:miejscowosc><sln:miejscowosc><sln:cyklZyciaDo>2018-03-23T00:00:00+01:00</sln:cyklZyciaDo><sln:cyklZyciaOd>2014-11-25T00:00:00+01:00</sln:cyklZyciaOd><sln:gmIIPId>1007c08c-3a51-41e9-baf7-edaa48dc167e</sln:gmIIPId><sln:gmIIPPn>PL.PZGIK.200</sln:gmIIPPn><sln:gmIIPWersja>2012-09-26T22:18:15+02:00</sln:gmIIPWersja><sln:gmIdTeryt>2602082</sln:gmIdTeryt><sln:gmNazwa>Sobków</sln:gmNazwa><sln:miejscIIPId>484e472c-6341-495e-a55c-5c46a411bd72</sln:miejscIIPId><sln:miejscIIPPn>PL.PZGIK.200</sln:miejscIIPPn><sln:miejscIIPWersja>2016-11-24T13:44:08+02:00</sln:miejscIIPWersja><sln:miejscIdTeryt>0270573</sln:miejscIdTeryt><sln:miejscNazwa>Osowa</sln:miejscNazwa><sln:miejscRodzaj>Wieś</sln:miejscRodzaj><sln:powIIPId>2c76d255-52fc-4e03-84c4-ea9d923212b2</sln:powIIPId><sln:powIIPPn>PL.PZGIK.200</sln:powIIPPn><sln:powIIPWersja>2012-09-27T09:32:07+02:00</sln:powIIPWersja><sln:powIdTeryt>2602</sln:powIdTeryt><sln:powNazwa>jędrzejowski</sln:powNazwa><sln:wojIIPId>d021c0dd-b22e-4fcd-8444-904c64ec3aa8</sln:wojIIPId><sln:wojIIPPn>PL.PZGIK.200</sln:wojIIPPn><sln:wojIIPWersja>2012-09-27T13:45:13+02:00</sln:wojIIPWersja><sln:wojIdTeryt>26</sln:wojIdTeryt><sln:wojNazwa>świętokrzyskie</sln:wojNazwa></sln:miejscowosc><sln:miejscowosc><sln:cyklZyciaOd>2014-11-25T00:00:00+01:00</sln:cyklZyciaOd><sln:gmIIPId>1007c08c-3a51-41e9-baf7-edaa48dc167e</sln:gmIIPId><sln:gmIIPPn>PL.PZGIK.200</sln:gmIIPPn><sln:gmIIPWersja>2012-09-26T22:18:15+02:00</sln:gmIIPWersja><sln:gmIdTeryt>2602082</sln:gmIdTeryt><sln:gmNazwa>Sobków</sln:gmNazwa><sln:miejscIIPId>bb27449d-0661-4ed6-ac72-57fdab88daca</sln:miejscIIPId><sln:miejscIIPPn>PL.PZGIK.200</sln:miejscIIPPn><sln:miejscIIPWersja>2016-11-24T13:33:13+02:00</sln:miejscIIPWersja><sln:miejscIdTeryt>0270739</sln:miejscIdTeryt><sln:miejscNazwa>Wierzbica</sln:miejscNazwa><sln:miejscRodzaj>Wieś</sln:miejscRodzaj><sln:powIIPId>2c76d255-52fc-4e03-84c4-ea9d923212b2</sln:powIIPId><sln:powIIPPn>PL.PZGIK.200</sln:powIIPPn><sln:powIIPWersja>2012-09-27T09:32:07+02:00</sln:powIIPWersja><sln:powIdTeryt>2602</sln:powIdTeryt><sln:powNazwa>jędrzejowski</sln:powNazwa><sln:wojIIPId>d021c0dd-b22e-4fcd-8444-904c64ec3aa8</sln:wojIIPId><sln:wojIIPPn>PL.PZGIK.200</sln:wojIIPPn><sln:wojIIPWersja>2012-09-27T13:45:13+02:00</sln:wojIIPWersja><sln:wojIdTeryt>26</sln:wojIdTeryt><sln:wojNazwa>świętokrzyskie</sln:wojNazwa></sln:miejscowosc><sln:miejscowosc><sln:cyklZyciaOd>2014-11-25T00:00:00+01:00</sln:cyklZyciaOd><sln:gmIIPId>1007c08c-3a51-41e9-baf7-edaa48dc167e</sln:gmIIPId><sln:gmIIPPn>PL.PZGIK.200</sln:gmIIPPn><sln:gmIIPWersja>2012-09-26T22:18:15+02:00</sln:gmIIPWersja><sln:gmIdTeryt>2602082</sln:gmIdTeryt><sln:gmNazwa>Sobków</sln:gmNazwa><sln:miejscIIPId>06687458-4faf-4d8b-a28a-4de4f2a7475e</sln:miejscIIPId><sln:miejscIIPPn>PL.PZGIK.200</sln:miejscIIPPn><sln:miejscIIPWersja>2016-11-24T13:44:21+02:00</sln:miejscIIPWersja><sln:miejscIdTeryt>3016994</sln:miejscIdTeryt><sln:miejscNazwa>Pałacyk</sln:miejscNazwa><sln:miejscRodzaj>Inny obiekt</sln:miejscRodzaj><sln:powIIPId>2c76d255-52fc-4e03-84c4-ea9d923212b2</sln:powIIPId><sln:powIIPPn>PL.PZGIK.200</sln:powIIPPn><sln:powIIPWersja>2012-09-27T09:32:07+02:00</sln:powIIPWersja><sln:powIdTeryt>2602</sln:powIdTeryt><sln:powNazwa>jędrzejowski</sln:powNazwa><sln:wojIIPId>d021c0dd-b22e-4fcd-8444-904c64ec3aa8</sln:wojIIPId><sln:wojIIPPn>PL.PZGIK.200</sln:wojIIPPn><sln:wojIIPWersja>2012-09-27T13:45:13+02:00</sln:wojIIPWersja><sln:wojIdTeryt>26</sln:wojIdTeryt><sln:wojNazwa>świętokrzyskie</sln:wojNazwa></sln:miejscowosc><sln:miejscowosc><sln:cyklZyciaOd>2014-11-25T00:00:00+01:00</sln:cyklZyciaOd><sln:gmIIPId>1007c08c-3a51-41e9-baf7-edaa48dc167e</sln:gmIIPId><sln:gmIIPPn>PL.PZGIK.200</sln:gmIIPPn><sln:gmIIPWersja>2012-09-26T22:18:15+02:00</sln:gmIIPWersja><sln:gmIdTeryt>2602082</sln:gmIdTeryt><sln:gmNazwa>Sobków</sln:gmNazwa><sln:miejscIIPId>0c946a58-0169-4639-8e69-aa5ee14e5e44</sln:miejscIIPId><sln:miejscIIPPn>PL.PZGIK.200</sln:miejscIIPPn><sln:miejscIIPWersja>2016-11-24T13:40:22+02:00</sln:miejscIIPWersja><sln:miejscIdTeryt>3014606</sln:miejscIdTeryt><sln:miejscNazwa>Bizoręda</sln:miejscNazwa><sln:miejscRodzaj>Inny obiekt</sln:miejscRodzaj><sln:powIIPId>2c76d255-52fc-4e03-84c4-ea9d923212b2</sln:powIIPId><sln:powIIPPn>PL.PZGIK.200</sln:powIIPPn><sln:powIIPWersja>2012-09-27T09:32:07+02:00</sln:powIIPWersja><sln:powIdTeryt>2602</sln:powIdTeryt><sln:powNazwa>jędrzejowski</sln:powNazwa><sln:wojIIPId>d021c0dd-b22e-4fcd-8444-904c64ec3aa8</sln:wojIIPId><sln:wojIIPPn>PL.PZGIK.200</sln:wojIIPPn><sln:wojIIPWersja>2012-09-27T13:45:13+02:00</sln:wojIIPWersja><sln:wojIdTeryt>26</sln:wojIdTeryt><sln:wojNazwa>świętokrzyskie</sln:wojNazwa></sln:miejscowosc><sln:miejscowosc><sln:cyklZyciaDo>2017-03-22T00:00:00+01:00</sln:cyklZyciaDo><sln:cyklZyciaOd>2014-11-25T00:00:00+01:00</sln:cyklZyciaOd><sln:gmIIPId>1007c08c-3a51-41e9-baf7-edaa48dc167e</sln:gmIIPId><sln:gmIIPPn>PL.PZGIK.200</sln:gmIIPPn><sln:gmIIPWersja>2012-09-26T22:18:15+02:00</sln:gmIIPWersja><sln:gmIdTeryt>2602082</sln:gmIdTeryt><sln:gmNazwa>Sobków</sln:gmNazwa><sln:miejscIIPId>451d54f9-4a9c-49a3-9202-e960029413b8</sln:miejscIIPId><sln:miejscIIPPn>PL.PZGIK.200</sln:miejscIIPPn><sln:miejscIIPWersja>2016-11-24T13:40:22+02:00</sln:miejscIIPWersja><sln:miejscIdTeryt>0270171</sln:miejscIdTeryt><sln:miejscNazwa>Bizorędki</sln:miejscNazwa><sln:miejscRodzaj>Wieś</sln:miejscRodzaj><sln:powIIPId>2c76d255-52fc-4e03-84c4-ea9d923212b2</sln:powIIPId><sln:powIIPPn>PL.PZGIK.200</sln:powIIPPn><sln:powIIPWersja>2012-09-27T09:32:07+02:00</sln:powIIPWersja><sln:powIdTeryt>2602</sln:powIdTeryt><sln:powNazwa>jędrzejowski</sln:powNazwa><sln:wojIIPId>d021c0dd-b22e-4fcd-8444-904c64ec3aa8</sln:wojIIPId><sln:wojIIPPn>PL.PZGIK.200</sln:wojIIPPn><sln:wojIIPWersja>2012-09-27T13:45:13+02:00</sln:wojIIPWersja><sln:wojIdTeryt>26</sln:wojIdTeryt><sln:wojNazwa>świętokrzyskie</sln:wojNazwa></sln:miejscowosc><sln:miejscowosc><sln:cyklZyciaOd>2014-11-25T00:00:00+01:00</sln:cyklZyciaOd><sln:gmIIPId>1007c08c-3a51-41e9-baf7-edaa48dc167e</sln:gmIIPId><sln:gmIIPPn>PL.PZGIK.200</sln:gmIIPPn><sln:gmIIPWersja>2012-09-26T22:18:15+02:00</sln:gmIIPWersja><sln:gmIdTeryt>2602082</sln:gmIdTeryt><sln:gmNazwa>Sobków</sln:gmNazwa><sln:miejscIIPId>0bb7ab71-60f5-4130-80ad-9830dccf4bae</sln:miejscIIPId><sln:miejscIIPPn>PL.PZGIK.200</sln:miejscIIPPn><sln:miejscIIPWersja>2016-11-24T13:49:42+02:00</sln:miejscIIPWersja><sln:miejscIdTeryt>0270745</sln:miejscIdTeryt><sln:miejscNazwa>Wierzbica Górna</sln:miejscNazwa><sln:miejscRodzaj>Kolonia</sln:miejscRodzaj><sln:powIIPId>2c76d255-52fc-4e03-84c4-ea9d923212b2</sln:powIIPId><sln:powIIPPn>PL.PZGIK.200</sln:powIIPPn><sln:powIIPWersja>2012-09-27T09:32:07+02:00</sln:powIIPWersja><sln:powIdTeryt>2602</sln:powIdTeryt><sln:powNazwa>jędrzejowski</sln:powNazwa><sln:wojIIPId>d021c0dd-b22e-4fcd-8444-904c64ec3aa8</sln:wojIIPId><sln:wojIIPPn>PL.PZGIK.200</sln:wojIIPPn><sln:wojIIPWersja>2012-09-27T13:45:13+02:00</sln:wojIIPWersja><sln:wojIdTeryt>26</sln:wojIdTeryt><sln:wojNazwa>świętokrzyskie</sln:wojNazwa></sln:miejscowosc><sln:miejscowosc><sln:cyklZyciaOd>2014-11-25T00:00:00+01:00</sln:cyklZyciaOd><sln:gmIIPId>1007c08c-3a51-41e9-baf7-edaa48dc167e</sln:gmIIPId><sln:gmIIPPn>PL.PZGIK.200</sln:gmIIPPn><sln:gmIIPWersja>2012-09-26T22:18:15+02:00</sln:gmIIPWersja><sln:gmIdTeryt>2602082</sln:gmIdTeryt><sln:gmNazwa>Sobków</sln:gmNazwa><sln:miejscIIPId>cda4a09b-d257-4189-a633-f51624ec2826</sln:miejscIIPId><sln:miejscIIPPn>PL.PZGIK.200</sln:miejscIIPPn><sln:miejscIIPWersja>2016-11-24T13:30:59+02:00</sln:miejscIIPWersja><sln:miejscIdTeryt>0270679</sln:miejscIdTeryt><sln:miejscNazwa>Sokołów Górny</sln:miejscNazwa><sln:miejscRodzaj>Wieś</sln:miejscRodzaj><sln:powIIPId>2c76d255-52fc-4e03-84c4-ea9d923212b2</sln:powIIPId><sln:powIIPPn>PL.PZGIK.200</sln:powIIPPn><sln:powIIPWersja>2012-09-27T09:32:07+02:00</sln:powIIPWersja><sln:powIdTeryt>2602</sln:powIdTeryt><sln:powNazwa>jędrzejowski</sln:powNazwa><sln:wojIIPId>d021c0dd-b22e-4fcd-8444-904c64ec3aa8</sln:wojIIPId><sln:wojIIPPn>PL.PZGIK.200</sln:wojIIPPn><sln:wojIIPWersja>2012-09-27T13:45:13+02:00</sln:wojIIPWersja><sln:wojIdTeryt>26</sln:wojIdTeryt><sln:wojNazwa>świętokrzyskie</sln:wojNazwa></sln:miejscowosc><sln:miejscowosc><sln:cyklZyciaOd>2014-11-25T00:00:00+01:00</sln:cyklZyciaOd><sln:gmIIPId>1007c08c-3a51-41e9-baf7-edaa48dc167e</sln:gmIIPId><sln:gmIIPPn>PL.PZGIK.200</sln:gmIIPPn><sln:gmIIPWersja>2012-09-26T22:18:15+02:00</sln:gmIIPWersja><sln:gmIdTeryt>2602082</sln:gmIdTeryt><sln:gmNazwa>Sobków</sln:gmNazwa><sln:miejscIIPId>c88d5c3c-4758-4cf9-9e49-af0ae11d07f3</sln:miejscIIPId><sln:miejscIIPPn>PL.PZGIK.200</sln:miejscIIPPn><sln:miejscIIPWersja>2016-11-24T13:49:42+02:00</sln:miejscIIPWersja><sln:miejscIdTeryt>0270277</sln:miejscIdTeryt><sln:miejscNazwa>Feliksówka</sln:miejscNazwa><sln:miejscRodzaj>Wieś</sln:miejscRodzaj><sln:powIIPId>2c76d255-52fc-4e03-84c4-ea9d923212b2</sln:powIIPId><sln:powIIPPn>PL.PZGIK.200</sln:powIIPPn><sln:powIIPWersja>2012-09-27T09:32:07+02:00</sln:powIIPWersja><sln:powIdTeryt>2602</sln:powIdTeryt><sln:powNazwa>jędrzejowski</sln:powNazwa><sln:wojIIPId>d021c0dd-b22e-4fcd-8444-904c64ec3aa8</sln:wojIIPId><sln:wojIIPPn>PL.PZGIK.200</sln:wojIIPPn><sln:wojIIPWersja>2012-09-27T13:45:13+02:00</sln:wojIIPWersja><sln:wojIdTeryt>26</sln:wojIdTeryt><sln:wojNazwa>świętokrzyskie</sln:wojNazwa></sln:miejscowosc><sln:miejscowosc><sln:cyklZyciaOd>2014-11-25T00:00:00+01:00</sln:cyklZyciaOd><sln:gmIIPId>1007c08c-3a51-41e9-baf7-edaa48dc167e</sln:gmIIPId><sln:gmIIPPn>PL.PZGIK.200</sln:gmIIPPn><sln:gmIIPWersja>2012-09-26T22:18:15+02:00</sln:gmIIPWersja><sln:gmIdTeryt>2602082</sln:gmIdTeryt><sln:gmNazwa>Sobków</sln:gmNazwa><sln:miejscIIPId>b66cf30b-95b1-4459-a03d-3fd36f9031d5</sln:miejscIIPId><sln:miejscIIPPn>PL.PZGIK.200</sln:miejscIIPPn><sln:miejscIIPWersja>2016-11-24T13:28:46+02:00</sln:miejscIIPWersja><sln:miejscIdTeryt>0270194</sln:miejscIdTeryt><sln:miejscNazwa>Brzegi</sln:miejscNazwa><sln:miejscRodzaj>Wieś</sln:miejscRodzaj><sln:powIIPId>2c76d255-52fc-4e03-84c4-ea9d923212b2</sln:powIIPId><sln:powIIPPn>PL.PZGIK.200</sln:powIIPPn><sln:powIIPWersja>2012-09-27T09:32:07+02:00</sln:powIIPWersja><sln:powIdTeryt>2602</sln:powIdTeryt><sln:powNazwa>jędrzejowski</sln:powNazwa><sln:wojIIPId>d021c0dd-b22e-4fcd-8444-904c64ec3aa8</sln:wojIIPId><sln:wojIIPPn>PL.PZGIK.200</sln:wojIIPPn><sln:wojIIPWersja>2012-09-27T13:45:13+02:00</sln:wojIIPWersja><sln:wojIdTeryt>26</sln:wojIdTeryt><sln:wojNazwa>świętokrzyskie</sln:wojNazwa></sln:miejscowosc><sln:miejscowosc><sln:cyklZyciaOd>2014-11-25T00:00:00+01:00</sln:cyklZyciaOd><sln:gmIIPId>1007c08c-3a51-41e9-baf7-edaa48dc167e</sln:gmIIPId><sln:gmIIPPn>PL.PZGIK.200</sln:gmIIPPn><sln:gmIIPWersja>2012-09-26T22:18:15+02:00</sln:gmIIPWersja><sln:gmIdTeryt>2602082</sln:gmIdTeryt><sln:gmNazwa>Sobków</sln:gmNazwa><sln:miejscIIPId>ef1421ea-58a8-49b6-b6ad-9b04002309cf</sln:miejscIIPId><sln:miejscIIPPn>PL.PZGIK.200</sln:miejscIIPPn><sln:miejscIIPWersja>2016-11-24T13:36:46+02:00</sln:miejscIIPWersja><sln:miejscIdTeryt>3011684</sln:miejscIdTeryt><sln:miejscNazwa>Działki</sln:miejscNazwa><sln:miejscRodzaj>Inny obiekt</sln:miejscRodzaj><sln:powIIPId>2c76d255-52fc-4e03-84c4-ea9d923212b2</sln:powIIPId><sln:powIIPPn>PL.PZGIK.200</sln:powIIPPn><sln:powIIPWersja>2012-09-27T09:32:07+02:00</sln:powIIPWersja><sln:powIdTeryt>2602</sln:powIdTeryt><sln:powNazwa>jędrzejowski</sln:powNazwa><sln:wojIIPId>d021c0dd-b22e-4fcd-8444-904c64ec3aa8</sln:wojIIPId><sln:wojIIPPn>PL.PZGIK.200</sln:wojIIPPn><sln:wojIIPWersja>2012-09-27T13:45:13+02:00</sln:wojIIPWersja><sln:wojIdTeryt>26</sln:wojIdTeryt><sln:wojNazwa>świętokrzyskie</sln:wojNazwa></sln:miejscowosc><sln:miejscowosc><sln:cyklZyciaOd>2014-11-25T00:00:00+01:00</sln:cyklZyciaOd><sln:gmIIPId>1007c08c-3a51-41e9-baf7-edaa48dc167e</sln:gmIIPId><sln:gmIIPPn>PL.PZGIK.200</sln:gmIIPPn><sln:gmIIPWersja>2012-09-26T22:18:15+02:00</sln:gmIIPWersja><sln:gmIdTeryt>2602082</sln:gmIdTeryt><sln:gmNazwa>Sobków</sln:gmNazwa><sln:miejscIIPId>621cba40-b489-4914-92e4-7b563708234f</sln:miejscIIPId><sln:miejscIIPPn>PL.PZGIK.200</sln:miejscIIPPn><sln:miejscIIPWersja>2016-11-24T13:47:15+02:00</sln:miejscIIPWersja><sln:miejscIdTeryt>1016463</sln:miejscIdTeryt><sln:miejscNazwa>Sobków-Nida</sln:miejscNazwa><sln:miejscRodzaj>Kolonia</sln:miejscRodzaj><sln:powIIPId>2c76d255-52fc-4e03-84c4-ea9d923212b2</sln:powIIPId><sln:powIIPPn>PL.PZGIK.200</sln:powIIPPn><sln:powIIPWersja>2012-09-27T09:32:07+02:00</sln:powIIPWersja><sln:powIdTeryt>2602</sln:powIdTeryt><sln:powNazwa>jędrzejowski</sln:powNazwa><sln:wojIIPId>d021c0dd-b22e-4fcd-8444-904c64ec3aa8</sln:wojIIPId><sln:wojIIPPn>PL.PZGIK.200</sln:wojIIPPn><sln:wojIIPWersja>2012-09-27T13:45:13+02:00</sln:wojIIPWersja><sln:wojIdTeryt>26</sln:wojIdTeryt><sln:wojNazwa>świętokrzyskie</sln:wojNazwa></sln:miejscowosc><sln:miejscowosc><sln:cyklZyciaOd>2014-11-25T00:00:00+01:00</sln:cyklZyciaOd><sln:gmIIPId>1007c08c-3a51-41e9-baf7-edaa48dc167e</sln:gmIIPId><sln:gmIIPPn>PL.PZGIK.200</sln:gmIIPPn><sln:gmIIPWersja>2012-09-26T22:18:15+02:00</sln:gmIIPWersja><sln:gmIdTeryt>2602082</sln:gmIdTeryt><sln:gmNazwa>Sobków</sln:gmNazwa><sln:miejscIIPId>d83aa354-3c7c-49c8-be11-3979d4b38d06</sln:miejscIIPId><sln:miejscIIPPn>PL.PZGIK.200</sln:miejscIIPPn><sln:miejscIIPWersja>2016-11-24T13:39:49+02:00</sln:miejscIIPWersja><sln:miejscIdTeryt>0270337</sln:miejscIdTeryt><sln:miejscNazwa>Korytnica</sln:miejscNazwa><sln:miejscRodzaj>Wieś</sln:miejscRodzaj><sln:powIIPId>2c76d255-52fc-4e03-84c4-ea9d923212b2</sln:powIIPId><sln:powIIPPn>PL.PZGIK.200</sln:powIIPPn><sln:powIIPWersja>2012-09-27T09:32:07+02:00</sln:powIIPWersja><sln:powIdTeryt>2602</sln:powIdTeryt><sln:powNazwa>jędrzejowski</sln:powNazwa><sln:wojIIPId>d021c0dd-b22e-4fcd-8444-904c64ec3aa8</sln:wojIIPId><sln:wojIIPPn>PL.PZGIK.200</sln:wojIIPPn><sln:wojIIPWersja>2012-09-27T13:45:13+02:00</sln:wojIIPWersja><sln:wojIdTeryt>26</sln:wojIdTeryt><sln:wojNazwa>świętokrzyskie</sln:wojNazwa></sln:miejscowosc><sln:miejscowosc><sln:cyklZyciaOd>2014-11-25T00:00:00+01:00</sln:cyklZyciaOd><sln:gmIIPId>1007c08c-3a51-41e9-baf7-edaa48dc167e</sln:gmIIPId><sln:gmIIPPn>PL.PZGIK.200</sln:gmIIPPn><sln:gmIIPWersja>2012-09-26T22:18:15+02:00</sln:gmIIPWersja><sln:gmIdTeryt>2602082</sln:gmIdTeryt><sln:gmNazwa>Sobków</sln:gmNazwa><sln:miejscIIPId>63a88760-a222-4068-ad97-1de3a9ecdc78</sln:miejscIIPId><sln:miejscIIPPn>PL.PZGIK.200</sln:miejscIIPPn><sln:miejscIIPWersja>2016-11-24T13:55:58+02:00</sln:miejscIIPWersja><sln:miejscIdTeryt>0270372</sln:miejscIdTeryt><sln:miejscNazwa>Zagórze</sln:miejscNazwa><sln:miejscRodzaj>Kolonia</sln:miejscRodzaj><sln:powIIPId>2c76d255-52fc-4e03-84c4-ea9d923212b2</sln:powIIPId><sln:powIIPPn>PL.PZGIK.200</sln:powIIPPn><sln:powIIPWersja>2012-09-27T09:32:07+02:00</sln:powIIPWersja><sln:powIdTeryt>2602</sln:powIdTeryt><sln:powNazwa>jędrzejowski</sln:powNazwa><sln:wojIIPId>d021c0dd-b22e-4fcd-8444-904c64ec3aa8</sln:wojIIPId><sln:wojIIPPn>PL.PZGIK.200</sln:wojIIPPn><sln:wojIIPWersja>2012-09-27T13:45:13+02:00</sln:wojIIPWersja><sln:wojIdTeryt>26</sln:wojIdTeryt><sln:wojNazwa>świętokrzyskie</sln:wojNazwa></sln:miejscowosc><sln:miejscowosc><sln:cyklZyciaOd>2014-11-25T00:00:00+01:00</sln:cyklZyciaOd><sln:gmIIPId>1007c08c-3a51-41e9-baf7-edaa48dc167e</sln:gmIIPId><sln:gmIIPPn>PL.PZGIK.200</sln:gmIIPPn><sln:gmIIPWersja>2012-09-26T22:18:15+02:00</sln:gmIIPWersja><sln:gmIdTeryt>2602082</sln:gmIdTeryt><sln:gmNazwa>Sobków</sln:gmNazwa><sln:miejscIIPId>7057c812-59a2-47ec-b844-3d26c730c9e8</sln:miejscIIPId><sln:miejscIIPPn>PL.PZGIK.200</sln:miejscIIPPn><sln:miejscIIPWersja>2016-11-24T13:33:14+02:00</sln:miejscIIPWersja><sln:miejscIdTeryt>3007606</sln:miejscIdTeryt><sln:miejscNazwa>Wierzbica Dolna</sln:miejscNazwa><sln:miejscRodzaj>Inny obiekt</sln:miejscRodzaj><sln:powIIPId>2c76d255-52fc-4e03-84c4-ea9d923212b2</sln:powIIPId><sln:powIIPPn>PL.PZGIK.200</sln:powIIPPn><sln:powIIPWersja>2012-09-27T09:32:07+02:00</sln:powIIPWersja><sln:powIdTeryt>2602</sln:powIdTeryt><sln:powNazwa>jędrzejowski</sln:powNazwa><sln:wojIIPId>d021c0dd-b22e-4fcd-8444-904c64ec3aa8</sln:wojIIPId><sln:wojIIPPn>PL.PZGIK.200</sln:wojIIPPn><sln:wojIIPWersja>2012-09-27T13:45:13+02:00</sln:wojIIPWersja><sln:wojIdTeryt>26</sln:wojIdTeryt><sln:wojNazwa>świętokrzyskie</sln:wojNazwa></sln:miejscowosc><sln:miejscowosc><sln:cyklZyciaOd>2014-11-25T00:00:00+01:00</sln:cyklZyciaOd><sln:gmIIPId>1007c08c-3a51-41e9-baf7-edaa48dc167e</sln:gmIIPId><sln:gmIIPPn>PL.PZGIK.200</sln:gmIIPPn><sln:gmIIPWersja>2012-09-26T22:18:15+02:00</sln:gmIIPWersja><sln:gmIdTeryt>2602082</sln:gmIdTeryt><sln:gmNazwa>Sobków</sln:gmNazwa><sln:miejscIIPId>879fb9ca-932a-46c2-9bdf-40e9a95704e1</sln:miejscIIPId><sln:miejscIIPPn>PL.PZGIK.200</sln:miejscIIPPn><sln:miejscIIPWersja>2016-11-24T13:28:48+02:00</sln:miejscIIPWersja><sln:miejscIdTeryt>0270202</sln:miejscIdTeryt><sln:miejscNazwa>Brzegi Małe</sln:miejscNazwa><sln:miejscRodzaj>Wieś</sln:miejscRodzaj><sln:powIIPId>2c76d255-52fc-4e03-84c4-ea9d923212b2</sln:powIIPId><sln:powIIPPn>PL.PZGIK.200</sln:powIIPPn><sln:powIIPWersja>2012-09-27T09:32:07+02:00</sln:powIIPWersja><sln:powIdTeryt>2602</sln:powIdTeryt><sln:powNazwa>jędrzejowski</sln:powNazwa><sln:wojIIPId>d021c0dd-b22e-4fcd-8444-904c64ec3aa8</sln:wojIIPId><sln:wojIIPPn>PL.PZGIK.200</sln:wojIIPPn><sln:wojIIPWersja>2012-09-27T13:45:13+02:00</sln:wojIIPWersja><sln:wojIdTeryt>26</sln:wojIdTeryt><sln:wojNazwa>świętokrzyskie</sln:wojNazwa></sln:miejscowosc><sln:miejscowosc><sln:cyklZyciaOd>2014-11-25T00:00:00+01:00</sln:cyklZyciaOd><sln:gmIIPId>1007c08c-3a51-41e9-baf7-edaa48dc167e</sln:gmIIPId><sln:gmIIPPn>PL.PZGIK.200</sln:gmIIPPn><sln:gmIIPWersja>2012-09-26T22:18:15+02:00</sln:gmIIPWersja><sln:gmIdTeryt>2602082</sln:gmIdTeryt><sln:gmNazwa>Sobków</sln:gmNazwa><sln:miejscIIPId>434f9cf2-3714-45a6-9c7e-63682962559c</sln:miejscIIPId><sln:miejscIIPPn>PL.PZGIK.200</sln:miejscIIPPn><sln:miejscIIPWersja>2016-11-24T13:31:17+02:00</sln:miejscIIPWersja><sln:miejscIdTeryt>0270716</sln:miejscIdTeryt><sln:miejscNazwa>Stare Kotlice</sln:miejscNazwa><sln:miejscRodzaj>Wieś</sln:miejscRodzaj><sln:powIIPId>2c76d255-52fc-4e03-84c4-ea9d923212b2</sln:powIIPId><sln:powIIPPn>PL.PZGIK.200</sln:powIIPPn><sln:powIIPWersja>2012-09-27T09:32:07+02:00</sln:powIIPWersja><sln:powIdTeryt>2602</sln:powIdTeryt><sln:powNazwa>jędrzejowski</sln:powNazwa><sln:wojIIPId>d021c0dd-b22e-4fcd-8444-904c64ec3aa8</sln:wojIIPId><sln:wojIIPPn>PL.PZGIK.200</sln:wojIIPPn><sln:wojIIPWersja>2012-09-27T13:45:13+02:00</sln:wojIIPWersja><sln:wojIdTeryt>26</sln:wojIdTeryt><sln:wojNazwa>świętokrzyskie</sln:wojNazwa></sln:miejscowosc><sln:miejscowosc><sln:cyklZyciaOd>2014-11-25T00:00:00+01:00</sln:cyklZyciaOd><sln:gmIIPId>1007c08c-3a51-41e9-baf7-edaa48dc167e</sln:gmIIPId><sln:gmIIPPn>PL.PZGIK.200</sln:gmIIPPn><sln:gmIIPWersja>2012-09-26T22:18:15+02:00</sln:gmIIPWersja><sln:gmIdTeryt>2602082</sln:gmIdTeryt><sln:gmNazwa>Sobków</sln:gmNazwa><sln:miejscIIPId>9563a8e6-c7ec-4ce0-98cb-e2e119210693</sln:miejscIIPId><sln:miejscIIPPn>PL.PZGIK.200</sln:miejscIIPPn><sln:miejscIIPWersja>2016-11-24T13:57:42+02:00</sln:miejscIIPWersja><sln:miejscIdTeryt>0270426</sln:miejscIdTeryt><sln:miejscNazwa>Lipówka</sln:miejscNazwa><sln:miejscRodzaj>Inny obiekt</sln:miejscRodzaj><sln:powIIPId>2c76d255-52fc-4e03-84c4-ea9d923212b2</sln:powIIPId><sln:powIIPPn>PL.PZGIK.200</sln:powIIPPn><sln:powIIPWersja>2012-09-27T09:32:07+02:00</sln:powIIPWersja><sln:powIdTeryt>2602</sln:powIdTeryt><sln:powNazwa>jędrzejowski</sln:powNazwa><sln:wojIIPId>d021c0dd-b22e-4fcd-8444-904c64ec3aa8</sln:wojIIPId><sln:wojIIPPn>PL.PZGIK.200</sln:wojIIPPn><sln:wojIIPWersja>2012-09-27T13:45:13+02:00</sln:wojIIPWersja><sln:wojIdTeryt>26</sln:wojIdTeryt><sln:wojNazwa>świętokrzyskie</sln:wojNazwa></sln:miejscowosc><sln:miejscowosc><sln:cyklZyciaOd>2014-11-25T00:00:00+01:00</sln:cyklZyciaOd><sln:gmIIPId>1007c08c-3a51-41e9-baf7-edaa48dc167e</sln:gmIIPId><sln:gmIIPPn>PL.PZGIK.200</sln:gmIIPPn><sln:gmIIPWersja>2012-09-26T22:18:15+02:00</sln:gmIIPWersja><sln:gmIdTeryt>2602082</sln:gmIdTeryt><sln:gmNazwa>Sobków</sln:gmNazwa><sln:miejscIIPId>fe1627ed-d523-480c-bc84-cdb688153ed9</sln:miejscIIPId><sln:miejscIIPPn>PL.PZGIK.200</sln:miejscIIPPn><sln:miejscIIPWersja>2016-11-24T13:57:42+02:00</sln:miejscIIPWersja><sln:miejscIdTeryt>0270432</sln:miejscIdTeryt><sln:miejscNazwa>Pećkelów</sln:miejscNazwa><sln:miejscRodzaj>Przysiółek</sln:miejscRodzaj><sln:powIIPId>2c76d255-52fc-4e03-84c4-ea9d923212b2</sln:powIIPId><sln:powIIPPn>PL.PZGIK.200</sln:powIIPPn><sln:powIIPWersja>2012-09-27T09:32:07+02:00</sln:powIIPWersja><sln:powIdTeryt>2602</sln:powIdTeryt><sln:powNazwa>jędrzejowski</sln:powNazwa><sln:wojIIPId>d021c0dd-b22e-4fcd-8444-904c64ec3aa8</sln:wojIIPId><sln:wojIIPPn>PL.PZGIK.200</sln:wojIIPPn><sln:wojIIPWersja>2012-09-27T13:45:13+02:00</sln:wojIIPWersja><sln:wojIdTeryt>26</sln:wojIdTeryt><sln:wojNazwa>świętokrzyskie</sln:wojNazwa></sln:miejscowosc><sln:miejscowosc><sln:cyklZyciaOd>2014-11-25T00:00:00+01:00</sln:cyklZyciaOd><sln:gmIIPId>1007c08c-3a51-41e9-baf7-edaa48dc167e</sln:gmIIPId><sln:gmIIPPn>PL.PZGIK.200</sln:gmIIPPn><sln:gmIIPWersja>2012-09-26T22:18:15+02:00</sln:gmIIPWersja><sln:gmIdTeryt>2602082</sln:gmIdTeryt><sln:gmNazwa>Sobków</sln:gmNazwa><sln:miejscIIPId>cdea3428-5c74-4d74-8c54-c83a941a5ffb</sln:miejscIIPId><sln:miejscIIPPn>PL.PZGIK.200</sln:miejscIIPPn><sln:miejscIIPWersja>2016-11-24T13:34:50+02:00</sln:miejscIIPWersja><sln:miejscIdTeryt>0270254</sln:miejscIdTeryt><sln:miejscNazwa>Chomentów</sln:miejscNazwa><sln:miejscRodzaj>Wieś</sln:miejscRodzaj><sln:powIIPId>2c76d255-52fc-4e03-84c4-ea9d923212b2</sln:powIIPId><sln:powIIPPn>PL.PZGIK.200</sln:powIIPPn><sln:powIIPWersja>2012-09-27T09:32:07+02:00</sln:powIIPWersja><sln:powIdTeryt>2602</sln:powIdTeryt><sln:powNazwa>jędrzejowski</sln:powNazwa><sln:wojIIPId>d021c0dd-b22e-4fcd-8444-904c64ec3aa8</sln:wojIIPId><sln:wojIIPPn>PL.PZGIK.200</sln:wojIIPPn><sln:wojIIPWersja>2012-09-27T13:45:13+02:00</sln:wojIIPWersja><sln:wojIdTeryt>26</sln:wojIdTeryt><sln:wojNazwa>świętokrzyskie</sln:wojNazwa></sln:miejscowosc><sln:miejscowosc><sln:cyklZyciaOd>2014-11-25T00:00:00+01:00</sln:cyklZyciaOd><sln:gmIIPId>1007c08c-3a51-41e9-baf7-edaa48dc167e</sln:gmIIPId><sln:gmIIPPn>PL.PZGIK.200</sln:gmIIPPn><sln:gmIIPWersja>2012-09-26T22:18:15+02:00</sln:gmIIPWersja><sln:gmIdTeryt>2602082</sln:gmIdTeryt><sln:gmNazwa>Sobków</sln:gmNazwa><sln:miejscIIPId>399042fd-3e6b-475a-b696-29d20210b181</sln:miejscIIPId><sln:miejscIIPPn>PL.PZGIK.200</sln:miejscIIPPn><sln:miejscIIPWersja>2016-11-24T13:41:06+02:00</sln:miejscIIPWersja><sln:miejscIdTeryt>0270389</sln:miejscIdTeryt><sln:miejscNazwa>Lipa</sln:miejscNazwa><sln:miejscRodzaj>Wieś</sln:miejscRodzaj><sln:powIIPId>2c76d255-52fc-4e03-84c4-ea9d923212b2</sln:powIIPId><sln:powIIPPn>PL.PZGIK.200</sln:powIIPPn><sln:powIIPWersja>2012-09-27T09:32:07+02:00</sln:powIIPWersja><sln:powIdTeryt>2602</sln:powIdTeryt><sln:powNazwa>jędrzejowski</sln:powNazwa><sln:wojIIPId>d021c0dd-b22e-4fcd-8444-904c64ec3aa8</sln:wojIIPId><sln:wojIIPPn>PL.PZGIK.200</sln:wojIIPPn><sln:wojIIPWersja>2012-09-27T13:45:13+02:00</sln:wojIIPWersja><sln:wojIdTeryt>26</sln:wojIdTeryt><sln:wojNazwa>świętokrzyskie</sln:wojNazwa></sln:miejscowosc><sln:miejscowosc><sln:cyklZyciaOd>2014-11-25T00:00:00+01:00</sln:cyklZyciaOd><sln:gmIIPId>1007c08c-3a51-41e9-baf7-edaa48dc167e</sln:gmIIPId><sln:gmIIPPn>PL.PZGIK.200</sln:gmIIPPn><sln:gmIIPWersja>2012-09-26T22:18:15+02:00</sln:gmIIPWersja><sln:gmIdTeryt>2602082</sln:gmIdTeryt><sln:gmNazwa>Sobków</sln:gmNazwa><sln:miejscIIPId>2f76231c-9d06-4c4a-b5f0-b07f74d0bdc5</sln:miejscIIPId><sln:miejscIIPPn>PL.PZGIK.200</sln:miejscIIPPn><sln:miejscIIPWersja>2016-11-24T13:56:21+02:00</sln:miejscIIPWersja><sln:miejscIdTeryt>0270188</sln:miejscIdTeryt><sln:miejscNazwa>Wyspa</sln:miejscNazwa><sln:miejscRodzaj>Osada</sln:miejscRodzaj><sln:powIIPId>2c76d255-52fc-4e03-84c4-ea9d923212b2</sln:powIIPId><sln:powIIPPn>PL.PZGIK.200</sln:powIIPPn><sln:powIIPWersja>2012-09-27T09:32:07+02:00</sln:powIIPWersja><sln:powIdTeryt>2602</sln:powIdTeryt><sln:powNazwa>jędrzejowski</sln:powNazwa><sln:wojIIPId>d021c0dd-b22e-4fcd-8444-904c64ec3aa8</sln:wojIIPId><sln:wojIIPPn>PL.PZGIK.200</sln:wojIIPPn><sln:wojIIPWersja>2012-09-27T13:45:13+02:00</sln:wojIIPWersja><sln:wojIdTeryt>26</sln:wojIdTeryt><sln:wojNazwa>świętokrzyskie</sln:wojNazwa></sln:miejscowosc><sln:miejscowosc><sln:cyklZyciaOd>2014-11-25T00:00:00+01:00</sln:cyklZyciaOd><sln:gmIIPId>1007c08c-3a51-41e9-baf7-edaa48dc167e</sln:gmIIPId><sln:gmIIPPn>PL.PZGIK.200</sln:gmIIPPn><sln:gmIIPWersja>2012-09-26T22:18:15+02:00</sln:gmIIPWersja><sln:gmIdTeryt>2602082</sln:gmIdTeryt><sln:gmNazwa>Sobków</sln:gmNazwa><sln:miejscIIPId>05d3cd4f-1ef6-40c7-bb6f-8119aac73614</sln:miejscIIPId><sln:miejscIIPPn>PL.PZGIK.200</sln:miejscIIPPn><sln:miejscIIPWersja>2016-11-24T13:31:52+02:00</sln:miejscIIPWersja><sln:miejscIdTeryt>0270722</sln:miejscIdTeryt><sln:miejscNazwa>Szczepanów</sln:miejscNazwa><sln:miejscRodzaj>Wieś</sln:miejscRodzaj><sln:powIIPId>2c76d255-52fc-4e03-84c4-ea9d923212b2</sln:powIIPId><sln:powIIPPn>PL.PZGIK.200</sln:powIIPPn><sln:powIIPWersja>2012-09-27T09:32:07+02:00</sln:powIIPWersja><sln:powIdTeryt>2602</sln:powIdTeryt><sln:powNazwa>jędrzejowski</sln:powNazwa><sln:wojIIPId>d021c0dd-b22e-4fcd-8444-904c64ec3aa8</sln:wojIIPId><sln:wojIIPPn>PL.PZGIK.200</sln:wojIIPPn><sln:wojIIPWersja>2012-09-27T13:45:13+02:00</sln:wojIIPWersja><sln:wojIdTeryt>26</sln:wojIdTeryt><sln:wojNazwa>świętokrzyskie</sln:wojNazwa></sln:miejscowosc><sln:miejscowosc><sln:cyklZyciaOd>2014-11-25T00:00:00+01:00</sln:cyklZyciaOd><sln:gmIIPId>1007c08c-3a51-41e9-baf7-edaa48dc167e</sln:gmIIPId><sln:gmIIPPn>PL.PZGIK.200</sln:gmIIPPn><sln:gmIIPWersja>2012-09-26T22:18:15+02:00</sln:gmIIPWersja><sln:gmIdTeryt>2602082</sln:gmIdTeryt><sln:gmNazwa>Sobków</sln:gmNazwa><sln:miejscIIPId>f099758a-4b56-435e-a59f-48893619c5f8</sln:miejscIIPId><sln:miejscIIPPn>PL.PZGIK.200</sln:miejscIIPPn><sln:miejscIIPWersja>2016-11-24T13:34:40+02:00</sln:miejscIIPWersja><sln:miejscIdTeryt>0270248</sln:miejscIdTeryt><sln:miejscNazwa>Choiny</sln:miejscNazwa><sln:miejscRodzaj>Wieś</sln:miejscRodzaj><sln:powIIPId>2c76d255-52fc-4e03-84c4-ea9d923212b2</sln:powIIPId><sln:powIIPPn>PL.PZGIK.200</sln:powIIPPn><sln:powIIPWersja>2012-09-27T09:32:07+02:00</sln:powIIPWersja><sln:powIdTeryt>2602</sln:powIdTeryt><sln:powNazwa>jędrzejowski</sln:powNazwa><sln:wojIIPId>d021c0dd-b22e-4fcd-8444-904c64ec3aa8</sln:wojIIPId><sln:wojIIPPn>PL.PZGIK.200</sln:wojIIPPn><sln:wojIIPWersja>2012-09-27T13:45:13+02:00</sln:wojIIPWersja><sln:wojIdTeryt>26</sln:wojIdTeryt><sln:wojNazwa>świętokrzyskie</sln:wojNazwa></sln:miejscowosc><sln:miejscowosc><sln:cyklZyciaOd>2014-11-25T00:00:00+01:00</sln:cyklZyciaOd><sln:gmIIPId>1007c08c-3a51-41e9-baf7-edaa48dc167e</sln:gmIIPId><sln:gmIIPPn>PL.PZGIK.200</sln:gmIIPPn><sln:gmIIPWersja>2012-09-26T22:18:15+02:00</sln:gmIIPWersja><sln:gmIdTeryt>2602082</sln:gmIdTeryt><sln:gmNazwa>Sobków</sln:gmNazwa><sln:miejscIIPId>dd3150f1-2f7e-45df-a8d1-4796f033f962</sln:miejscIIPId><sln:miejscIIPPn>PL.PZGIK.200</sln:miejscIIPPn><sln:miejscIIPWersja>2016-11-24T13:58:07+02:00</sln:miejscIIPWersja><sln:miejscIdTeryt>0270455</sln:miejscIdTeryt><sln:miejscNazwa>Kolonia Mokrsko</sln:miejscNazwa><sln:miejscRodzaj>Inny obiekt</sln:miejscRodzaj><sln:powIIPId>2c76d255-52fc-4e03-84c4-ea9d923212b2</sln:powIIPId><sln:powIIPPn>PL.PZGIK.200</sln:powIIPPn><sln:powIIPWersja>2012-09-27T09:32:07+02:00</sln:powIIPWersja><sln:powIdTeryt>2602</sln:powIdTeryt><sln:powNazwa>jędrzejowski</sln:powNazwa><sln:wojIIPId>d021c0dd-b22e-4fcd-8444-904c64ec3aa8</sln:wojIIPId><sln:wojIIPPn>PL.PZGIK.200</sln:wojIIPPn><sln:wojIIPWersja>2012-09-27T13:45:13+02:00</sln:wojIIPWersja><sln:wojIdTeryt>26</sln:wojIdTeryt><sln:wojNazwa>świętokrzyskie</sln:wojNazwa></sln:miejscowosc><sln:miejscowosc><sln:cyklZyciaOd>2014-11-25T00:00:00+01:00</sln:cyklZyciaOd><sln:gmIIPId>1007c08c-3a51-41e9-baf7-edaa48dc167e</sln:gmIIPId><sln:gmIIPPn>PL.PZGIK.200</sln:gmIIPPn><sln:gmIIPWersja>2012-09-26T22:18:15+02:00</sln:gmIIPWersja><sln:gmIdTeryt>2602082</sln:gmIdTeryt><sln:gmNazwa>Sobków</sln:gmNazwa><sln:miejscIIPId>100ad5c2-6f76-44e7-8bc7-51b9bcb80d67</sln:miejscIIPId><sln:miejscIIPPn>PL.PZGIK.200</sln:miejscIIPPn><sln:miejscIIPWersja>2016-11-24T13:36:44+02:00</sln:miejscIIPWersja><sln:miejscIdTeryt>3011672</sln:miejscIdTeryt><sln:miejscNazwa>Dwór</sln:miejscNazwa><sln:miejscRodzaj>Inny obiekt</sln:miejscRodzaj><sln:powIIPId>2c76d255-52fc-4e03-84c4-ea9d923212b2</sln:powIIPId><sln:powIIPPn>PL.PZGIK.200</sln:powIIPPn><sln:powIIPWersja>2012-09-27T09:32:07+02:00</sln:powIIPWersja><sln:powIdTeryt>2602</sln:powIdTeryt><sln:powNazwa>jędrzejowski</sln:powNazwa><sln:wojIIPId>d021c0dd-b22e-4fcd-8444-904c64ec3aa8</sln:wojIIPId><sln:wojIIPPn>PL.PZGIK.200</sln:wojIIPPn><sln:wojIIPWersja>2012-09-27T13:45:13+02:00</sln:wojIIPWersja><sln:wojIdTeryt>26</sln:wojIdTeryt><sln:wojNazwa>świętokrzyskie</sln:wojNazwa></sln:miejscowosc><sln:miejscowosc><sln:cyklZyciaOd>2014-11-25T00:00:00+01:00</sln:cyklZyciaOd><sln:gmIIPId>1007c08c-3a51-41e9-baf7-edaa48dc167e</sln:gmIIPId><sln:gmIIPPn>PL.PZGIK.200</sln:gmIIPPn><sln:gmIIPWersja>2012-09-26T22:18:15+02:00</sln:gmIIPWersja><sln:gmIdTeryt>2602082</sln:gmIdTeryt><sln:gmNazwa>Sobków</sln:gmNazwa><sln:miejscIIPId>800da3e7-20e2-4637-a304-506860aa144b</sln:miejscIIPId><sln:miejscIIPPn>PL.PZGIK.200</sln:miejscIIPPn><sln:miejscIIPWersja>2016-11-24T13:58:07+02:00</sln:miejscIIPWersja><sln:miejscIdTeryt>0270484</sln:miejscIdTeryt><sln:miejscNazwa>Stok</sln:miejscNazwa><sln:miejscRodzaj>Inny obiekt</sln:miejscRodzaj><sln:powIIPId>2c76d255-52fc-4e03-84c4-ea9d923212b2</sln:powIIPId><sln:powIIPPn>PL.PZGIK.200</sln:powIIPPn><sln:powIIPWersja>2012-09-27T09:32:07+02:00</sln:powIIPWersja><sln:powIdTeryt>2602</sln:powIdTeryt><sln:powNazwa>jędrzejowski</sln:powNazwa><sln:wojIIPId>d021c0dd-b22e-4fcd-8444-904c64ec3aa8</sln:wojIIPId><sln:wojIIPPn>PL.PZGIK.200</sln:wojIIPPn><sln:wojIIPWersja>2012-09-27T13:45:13+02:00</sln:wojIIPWersja><sln:wojIdTeryt>26</sln:wojIdTeryt><sln:wojNazwa>świętokrzyskie</sln:wojNazwa></sln:miejscowosc><sln:miejscowosc><sln:cyklZyciaOd>2014-11-25T00:00:00+01:00</sln:cyklZyciaOd><sln:gmIIPId>1007c08c-3a51-41e9-baf7-edaa48dc167e</sln:gmIIPId><sln:gmIIPPn>PL.PZGIK.200</sln:gmIIPPn><sln:gmIIPWersja>2012-09-26T22:18:15+02:00</sln:gmIIPWersja><sln:gmIdTeryt>2602082</sln:gmIdTeryt><sln:gmNazwa>Sobków</sln:gmNazwa><sln:miejscIIPId>4cc6c468-06e5-45e1-b7e6-f13e56544886</sln:miejscIIPId><sln:miejscIIPPn>PL.PZGIK.200</sln:miejscIIPPn><sln:miejscIIPWersja>2016-11-24T13:58:07+02:00</sln:miejscIIPWersja><sln:miejscIdTeryt>0270461</sln:miejscIdTeryt><sln:miejscNazwa>Łazek</sln:miejscNazwa><sln:miejscRodzaj>Inny obiekt</sln:miejscRodzaj><sln:powIIPId>2c76d255-52fc-4e03-84c4-ea9d923212b2</sln:powIIPId><sln:powIIPPn>PL.PZGIK.200</sln:powIIPPn><sln:powIIPWersja>2012-09-27T09:32:07+02:00</sln:powIIPWersja><sln:powIdTeryt>2602</sln:powIdTeryt><sln:powNazwa>jędrzejowski</sln:powNazwa><sln:wojIIPId>d021c0dd-b22e-4fcd-8444-904c64ec3aa8</sln:wojIIPId><sln:wojIIPPn>PL.PZGIK.200</sln:wojIIPPn><sln:wojIIPWersja>2012-09-27T13:45:13+02:00</sln:wojIIPWersja><sln:wojIdTeryt>26</sln:wojIdTeryt><sln:wojNazwa>świętokrzyskie</sln:wojNazwa></sln:miejscowosc><sln:miejscowosc><sln:cyklZyciaOd>2014-11-25T00:00:00+01:00</sln:cyklZyciaOd><sln:gmIIPId>1007c08c-3a51-41e9-baf7-edaa48dc167e</sln:gmIIPId><sln:gmIIPPn>PL.PZGIK.200</sln:gmIIPPn><sln:gmIIPWersja>2012-09-26T22:18:15+02:00</sln:gmIIPWersja><sln:gmIdTeryt>2602082</sln:gmIdTeryt><sln:gmNazwa>Sobków</sln:gmNazwa><sln:miejscIIPId>4dd6b195-5f32-4162-a565-bbcebeae6305</sln:miejscIIPId><sln:miejscIIPPn>PL.PZGIK.200</sln:miejscIIPPn><sln:miejscIIPWersja>2016-11-24T13:40:35+02:00</sln:miejscIIPWersja><sln:miejscIdTeryt>3014726</sln:miejscIdTeryt><sln:miejscNazwa>Kubiki</sln:miejscNazwa><sln:miejscRodzaj>Inny obiekt</sln:miejscRodzaj><sln:powIIPId>2c76d255-52fc-4e03-84c4-ea9d923212b2</sln:powIIPId><sln:powIIPPn>PL.PZGIK.200</sln:powIIPPn><sln:powIIPWersja>2012-09-27T09:32:07+02:00</sln:powIIPWersja><sln:powIdTeryt>2602</sln:powIdTeryt><sln:powNazwa>jędrzejowski</sln:powNazwa><sln:wojIIPId>d021c0dd-b22e-4fcd-8444-904c64ec3aa8</sln:wojIIPId><sln:wojIIPPn>PL.PZGIK.200</sln:wojIIPPn><sln:wojIIPWersja>2012-09-27T13:45:13+02:00</sln:wojIIPWersja><sln:wojIdTeryt>26</sln:wojIdTeryt><sln:wojNazwa>świętokrzyskie</sln:wojNazwa></sln:miejscowosc><sln:miejscowosc><sln:cyklZyciaOd>2014-11-25T00:00:00+01:00</sln:cyklZyciaOd><sln:gmIIPId>1007c08c-3a51-41e9-baf7-edaa48dc167e</sln:gmIIPId><sln:gmIIPPn>PL.PZGIK.200</sln:gmIIPPn><sln:gmIIPWersja>2012-09-26T22:18:15+02:00</sln:gmIIPWersja><sln:gmIdTeryt>2602082</sln:gmIdTeryt><sln:gmNazwa>Sobków</sln:gmNazwa><sln:miejscIIPId>400e19d8-988e-4956-80a7-9f59e33126ea</sln:miejscIIPId><sln:miejscIIPPn>PL.PZGIK.200</sln:miejscIIPPn><sln:miejscIIPWersja>2016-11-24T13:58:07+02:00</sln:miejscIIPWersja><sln:miejscIdTeryt>0270490</sln:miejscIdTeryt><sln:miejscNazwa>Bugaj</sln:miejscNazwa><sln:miejscRodzaj>Przysiółek</sln:miejscRodzaj><sln:powIIPId>2c76d255-52fc-4e03-84c4-ea9d923212b2</sln:powIIPId><sln:powIIPPn>PL.PZGIK.200</sln:powIIPPn><sln:powIIPWersja>2012-09-27T09:32:07+02:00</sln:powIIPWersja><sln:powIdTeryt>2602</sln:powIdTeryt><sln:powNazwa>jędrzejowski</sln:powNazwa><sln:wojIIPId>d021c0dd-b22e-4fcd-8444-904c64ec3aa8</sln:wojIIPId><sln:wojIIPPn>PL.PZGIK.200</sln:wojIIPPn><sln:wojIIPWersja>2012-09-27T13:45:13+02:00</sln:wojIIPWersja><sln:wojIdTeryt>26</sln:wojIdTeryt><sln:wojNazwa>świętokrzyskie</sln:wojNazwa></sln:miejscowosc><sln:miejscowosc><sln:cyklZyciaOd>2014-11-25T00:00:00+01:00</sln:cyklZyciaOd><sln:gmIIPId>1007c08c-3a51-41e9-baf7-edaa48dc167e</sln:gmIIPId><sln:gmIIPPn>PL.PZGIK.200</sln:gmIIPPn><sln:gmIIPWersja>2012-09-26T22:18:15+02:00</sln:gmIIPWersja><sln:gmIdTeryt>2602082</sln:gmIdTeryt><sln:gmNazwa>Sobków</sln:gmNazwa><sln:miejscIIPId>6325b902-06b3-471a-a563-c74a3fc5636e</sln:miejscIIPId><sln:miejscIIPPn>PL.PZGIK.200</sln:miejscIIPPn><sln:miejscIIPWersja>2016-11-24T13:30:38+02:00</sln:miejscIIPWersja><sln:miejscIdTeryt>3005971</sln:miejscIdTeryt><sln:miejscNazwa>Sitkówka</sln:miejscNazwa><sln:miejscRodzaj>Inny obiekt</sln:miejscRodzaj><sln:powIIPId>2c76d255-52fc-4e03-84c4-ea9d923212b2</sln:powIIPId><sln:powIIPPn>PL.PZGIK.200</sln:powIIPPn><sln:powIIPWersja>2012-09-27T09:32:07+02:00</sln:powIIPWersja><sln:powIdTeryt>2602</sln:powIdTeryt><sln:powNazwa>jędrzejowski</sln:powNazwa><sln:wojIIPId>d021c0dd-b22e-4fcd-8444-904c64ec3aa8</sln:wojIIPId><sln:wojIIPPn>PL.PZGIK.200</sln:wojIIPPn><sln:wojIIPWersja>2012-09-27T13:45:13+02:00</sln:wojIIPWersja><sln:wojIdTeryt>26</sln:wojIdTeryt><sln:wojNazwa>świętokrzyskie</sln:wojNazwa></sln:miejscowosc><sln:miejscowosc><sln:cyklZyciaOd>2014-11-25T00:00:00+01:00</sln:cyklZyciaOd><sln:gmIIPId>1007c08c-3a51-41e9-baf7-edaa48dc167e</sln:gmIIPId><sln:gmIIPPn>PL.PZGIK.200</sln:gmIIPPn><sln:gmIIPWersja>2012-09-26T22:18:15+02:00</sln:gmIIPWersja><sln:gmIdTeryt>2602082</sln:gmIdTeryt><sln:gmNazwa>Sobków</sln:gmNazwa><sln:miejscIIPId>f33979e3-9b2d-405a-9a9e-1d0cbc3ec0f8</sln:miejscIIPId><sln:miejscIIPPn>PL.PZGIK.200</sln:miejscIIPPn><sln:miejscIIPWersja>2016-11-24T13:31:08+02:00</sln:miejscIIPWersja><sln:miejscIdTeryt>0270691</sln:miejscIdTeryt><sln:miejscNazwa>Staniowice</sln:miejscNazwa><sln:miejscRodzaj>Wieś</sln:miejscRodzaj><sln:powIIPId>2c76d255-52fc-4e03-84c4-ea9d923212b2</sln:powIIPId><sln:powIIPPn>PL.PZGIK.200</sln:powIIPPn><sln:powIIPWersja>2012-09-27T09:32:07+02:00</sln:powIIPWersja><sln:powIdTeryt>2602</sln:powIdTeryt><sln:powNazwa>jędrzejowski</sln:powNazwa><sln:wojIIPId>d021c0dd-b22e-4fcd-8444-904c64ec3aa8</sln:wojIIPId><sln:wojIIPPn>PL.PZGIK.200</sln:wojIIPPn><sln:wojIIPWersja>2012-09-27T13:45:13+02:00</sln:wojIIPWersja><sln:wojIdTeryt>26</sln:wojIdTeryt><sln:wojNazwa>świętokrzyskie</sln:wojNazwa></sln:miejscowosc><sln:miejscowosc><sln:cyklZyciaOd>2014-11-25T00:00:00+01:00</sln:cyklZyciaOd><sln:gmIIPId>1007c08c-3a51-41e9-baf7-edaa48dc167e</sln:gmIIPId><sln:gmIIPPn>PL.PZGIK.200</sln:gmIIPPn><sln:gmIIPWersja>2012-09-26T22:18:15+02:00</sln:gmIIPWersja><sln:gmIdTeryt>2602082</sln:gmIdTeryt><sln:gmNazwa>Sobków</sln:gmNazwa><sln:miejscIIPId>5b3c9b23-248c-473a-8420-23a44d26990e</sln:miejscIIPId><sln:miejscIIPPn>PL.PZGIK.200</sln:miejscIIPPn><sln:miejscIIPWersja>2016-11-24T13:40:17+02:00</sln:miejscIIPWersja><sln:miejscIdTeryt>3014535</sln:miejscIdTeryt><sln:miejscNazwa>Kresy</sln:miejscNazwa><sln:miejscRodzaj>Inny obiekt</sln:miejscRodzaj><sln:powIIPId>2c76d255-52fc-4e03-84c4-ea9d923212b2</sln:powIIPId><sln:powIIPPn>PL.PZGIK.200</sln:powIIPPn><sln:powIIPWersja>2012-09-27T09:32:07+02:00</sln:powIIPWersja><sln:powIdTeryt>2602</sln:powIdTeryt><sln:powNazwa>jędrzejowski</sln:powNazwa><sln:wojIIPId>d021c0dd-b22e-4fcd-8444-904c64ec3aa8</sln:wojIIPId><sln:wojIIPPn>PL.PZGIK.200</sln:wojIIPPn><sln:wojIIPWersja>2012-09-27T13:45:13+02:00</sln:wojIIPWersja><sln:wojIdTeryt>26</sln:wojIdTeryt><sln:wojNazwa>świętokrzyskie</sln:wojNazwa></sln:miejscowosc><sln:miejscowosc><sln:cyklZyciaOd>2014-11-25T00:00:00+01:00</sln:cyklZyciaOd><sln:gmIIPId>1007c08c-3a51-41e9-baf7-edaa48dc167e</sln:gmIIPId><sln:gmIIPPn>PL.PZGIK.200</sln:gmIIPPn><sln:gmIIPWersja>2012-09-26T22:18:15+02:00</sln:gmIIPWersja><sln:gmIdTeryt>2602082</sln:gmIdTeryt><sln:gmNazwa>Sobków</sln:gmNazwa><sln:miejscIIPId>089530d0-2dcc-49ab-8920-f1cd56beb8c7</sln:miejscIIPId><sln:miejscIIPPn>PL.PZGIK.200</sln:miejscIIPPn><sln:miejscIIPWersja>2016-11-24T13:58:07+02:00</sln:miejscIIPWersja><sln:miejscIdTeryt>0270478</sln:miejscIdTeryt><sln:miejscNazwa>Pod Kościołem</sln:miejscNazwa><sln:miejscRodzaj>Inny obiekt</sln:miejscRodzaj><sln:powIIPId>2c76d255-52fc-4e03-84c4-ea9d923212b2</sln:powIIPId><sln:powIIPPn>PL.PZGIK.200</sln:powIIPPn><sln:powIIPWersja>2012-09-27T09:32:07+02:00</sln:powIIPWersja><sln:powIdTeryt>2602</sln:powIdTeryt><sln:powNazwa>jędrzejowski</sln:powNazwa><sln:wojIIPId>d021c0dd-b22e-4fcd-8444-904c64ec3aa8</sln:wojIIPId><sln:wojIIPPn>PL.PZGIK.200</sln:wojIIPPn><sln:wojIIPWersja>2012-09-27T13:45:13+02:00</sln:wojIIPWersja><sln:wojIdTeryt>26</sln:wojIdTeryt><sln:wojNazwa>świętokrzyskie</sln:wojNazwa></sln:miejscowosc><sln:miejscowosc><sln:cyklZyciaOd>2014-11-25T00:00:00+01:00</sln:cyklZyciaOd><sln:gmIIPId>1007c08c-3a51-41e9-baf7-edaa48dc167e</sln:gmIIPId><sln:gmIIPPn>PL.PZGIK.200</sln:gmIIPPn><sln:gmIIPWersja>2012-09-26T22:18:15+02:00</sln:gmIIPWersja><sln:gmIdTeryt>2602082</sln:gmIdTeryt><sln:gmNazwa>Sobków</sln:gmNazwa><sln:miejscIIPId>bb02edcf-b23b-46de-8e27-1249ef7c5503</sln:miejscIIPId><sln:miejscIIPPn>PL.PZGIK.200</sln:miejscIIPPn><sln:miejscIIPWersja>2016-11-24T13:42:48+02:00</sln:miejscIIPWersja><sln:miejscIdTeryt>0270515</sln:miejscIdTeryt><sln:miejscNazwa>Mzurowa</sln:miejscNazwa><sln:miejscRodzaj>Wieś</sln:miejscRodzaj><sln:powIIPId>2c76d255-52fc-4e03-84c4-ea9d923212b2</sln:powIIPId><sln:powIIPPn>PL.PZGIK.200</sln:powIIPPn><sln:powIIPWersja>2012-09-27T09:32:07+02:00</sln:powIIPWersja><sln:powIdTeryt>2602</sln:powIdTeryt><sln:powNazwa>jędrzejowski</sln:powNazwa><sln:wojIIPId>d021c0dd-b22e-4fcd-8444-904c64ec3aa8</sln:wojIIPId><sln:wojIIPPn>PL.PZGIK.200</sln:wojIIPPn><sln:wojIIPWersja>2012-09-27T13:45:13+02:00</sln:wojIIPWersja><sln:wojIdTeryt>26</sln:wojIdTeryt><sln:wojNazwa>świętokrzyskie</sln:wojNazwa></sln:miejscowosc><sln:miejscowosc><sln:cyklZyciaDo>2018-03-23T00:00:00+01:00</sln:cyklZyciaDo><sln:cyklZyciaOd>2014-11-25T00:00:00+01:00</sln:cyklZyciaOd><sln:gmIIPId>1007c08c-3a51-41e9-baf7-edaa48dc167e</sln:gmIIPId><sln:gmIIPPn>PL.PZGIK.200</sln:gmIIPPn><sln:gmIIPWersja>2012-09-26T22:18:15+02:00</sln:gmIIPWersja><sln:gmIdTeryt>2602082</sln:gmIdTeryt><sln:gmNazwa>Sobków</sln:gmNazwa><sln:miejscIIPId>13f879e1-2b85-4ae1-b02c-cd428ee5061c</sln:miejscIIPId><sln:miejscIIPPn>PL.PZGIK.200</sln:miejscIIPPn><sln:miejscIIPWersja>2016-11-24T13:59:09+02:00</sln:miejscIIPWersja><sln:miejscIdTeryt>0270580</sln:miejscIdTeryt><sln:miejscNazwa>Janów</sln:miejscNazwa><sln:miejscRodzaj>Przysiółek</sln:miejscRodzaj><sln:powIIPId>2c76d255-52fc-4e03-84c4-ea9d923212b2</sln:powIIPId><sln:powIIPPn>PL.PZGIK.200</sln:powIIPPn><sln:powIIPWersja>2012-09-27T09:32:07+02:00</sln:powIIPWersja><sln:powIdTeryt>2602</sln:powIdTeryt><sln:powNazwa>jędrzejowski</sln:powNazwa><sln:wojIIPId>d021c0dd-b22e-4fcd-8444-904c64ec3aa8</sln:wojIIPId><sln:wojIIPPn>PL.PZGIK.200</sln:wojIIPPn><sln:wojIIPWersja>2012-09-27T13:45:13+02:00</sln:wojIIPWersja><sln:wojIdTeryt>26</sln:wojIdTeryt><sln:wojNazwa>świętokrzyskie</sln:wojNazwa></sln:miejscowosc><sln:miejscowosc><sln:cyklZyciaOd>2014-11-25T00:00:00+01:00</sln:cyklZyciaOd><sln:gmIIPId>1007c08c-3a51-41e9-baf7-edaa48dc167e</sln:gmIIPId><sln:gmIIPPn>PL.PZGIK.200</sln:gmIIPPn><sln:gmIIPWersja>2012-09-26T22:18:15+02:00</sln:gmIIPWersja><sln:gmIdTeryt>2602082</sln:gmIdTeryt><sln:gmNazwa>Sobków</sln:gmNazwa><sln:miejscIIPId>9d507483-d9d2-4561-8137-05911943e175</sln:miejscIIPId><sln:miejscIIPPn>PL.PZGIK.200</sln:miejscIIPPn><sln:miejscIIPWersja>2016-11-24T13:35:09+02:00</sln:miejscIIPWersja><sln:miejscIdTeryt>0270774</sln:miejscIdTeryt><sln:miejscNazwa>Żerniki</sln:miejscNazwa><sln:miejscRodzaj>Wieś</sln:miejscRodzaj><sln:powIIPId>2c76d255-52fc-4e03-84c4-ea9d923212b2</sln:powIIPId><sln:powIIPPn>PL.PZGIK.200</sln:powIIPPn><sln:powIIPWersja>2012-09-27T09:32:07+02:00</sln:powIIPWersja><sln:powIdTeryt>2602</sln:powIdTeryt><sln:powNazwa>jędrzejowski</sln:powNazwa><sln:wojIIPId>d021c0dd-b22e-4fcd-8444-904c64ec3aa8</sln:wojIIPId><sln:wojIIPPn>PL.PZGIK.200</sln:wojIIPPn><sln:wojIIPWersja>2012-09-27T13:45:13+02:00</sln:wojIIPWersja><sln:wojIdTeryt>26</sln:wojIdTeryt><sln:wojNazwa>świętokrzyskie</sln:wojNazwa></sln:miejscowosc><sln:miejscowosc><sln:cyklZyciaOd>2014-11-25T00:00:00+01:00</sln:cyklZyciaOd><sln:gmIIPId>1007c08c-3a51-41e9-baf7-edaa48dc167e</sln:gmIIPId><sln:gmIIPPn>PL.PZGIK.200</sln:gmIIPPn><sln:gmIIPWersja>2012-09-26T22:18:15+02:00</sln:gmIIPWersja><sln:gmIdTeryt>2602082</sln:gmIdTeryt><sln:gmNazwa>Sobków</sln:gmNazwa><sln:miejscIIPId>0f0f9f9c-f84d-4974-9e04-9c484f05c869</sln:miejscIIPId><sln:miejscIIPPn>PL.PZGIK.200</sln:miejscIIPPn><sln:miejscIIPWersja>2016-11-24T13:51:11+02:00</sln:miejscIIPWersja><sln:miejscIdTeryt>0270260</sln:miejscIdTeryt><sln:miejscNazwa>Michalinówka</sln:miejscNazwa><sln:miejscRodzaj>Osada</sln:miejscRodzaj><sln:powIIPId>2c76d255-52fc-4e03-84c4-ea9d923212b2</sln:powIIPId><sln:powIIPPn>PL.PZGIK.200</sln:powIIPPn><sln:powIIPWersja>2012-09-27T09:32:07+02:00</sln:powIIPWersja><sln:powIdTeryt>2602</sln:powIdTeryt><sln:powNazwa>jędrzejowski</sln:powNazwa><sln:wojIIPId>d021c0dd-b22e-4fcd-8444-904c64ec3aa8</sln:wojIIPId><sln:wojIIPPn>PL.PZGIK.200</sln:wojIIPPn><sln:wojIIPWersja>2012-09-27T13:45:13+02:00</sln:wojIIPWersja><sln:wojIdTeryt>26</sln:wojIdTeryt><sln:wojNazwa>świętokrzyskie</sln:wojNazwa></sln:miejscowosc><sln:miejscowosc><sln:cyklZyciaOd>2017-03-22T00:00:00+01:00</sln:cyklZyciaOd><sln:gmIIPId>1007c08c-3a51-41e9-baf7-edaa48dc167e</sln:gmIIPId><sln:gmIIPPn>PL.PZGIK.200</sln:gmIIPPn><sln:gmIIPWersja>2012-09-26T22:18:15+02:00</sln:gmIIPWersja><sln:gmIdTeryt>2602082</sln:gmIdTeryt><sln:gmNazwa>Sobków</sln:gmNazwa><sln:miejscIIPId>451d54f9-4a9c-49a3-9202-e960029413b8</sln:miejscIIPId><sln:miejscIIPPn>PL.PZGIK.200</sln:miejscIIPPn><sln:miejscIIPWersja>2017-03-22T03:11:42+02:00</sln:miejscIIPWersja><sln:miejscIdTeryt>0270171</sln:miejscIdTeryt><sln:miejscNazwa>Bizorędki</sln:miejscNazwa><sln:miejscRodzaj>Przysiółek</sln:miejscRodzaj><sln:powIIPId>2c76d255-52fc-4e03-84c4-ea9d923212b2</sln:powIIPId><sln:powIIPPn>PL.PZGIK.200</sln:powIIPPn><sln:powIIPWersja>2012-09-27T09:32:07+02:00</sln:powIIPWersja><sln:powIdTeryt>2602</sln:powIdTeryt><sln:powNazwa>jędrzejowski</sln:powNazwa><sln:wojIIPId>d021c0dd-b22e-4fcd-8444-904c64ec3aa8</sln:wojIIPId><sln:wojIIPPn>PL.PZGIK.200</sln:wojIIPPn><sln:wojIIPWersja>2012-09-27T13:45:13+02:00</sln:wojIIPWersja><sln:wojIdTeryt>26</sln:wojIdTeryt><sln:wojNazwa>świętokrzyskie</sln:wojNazwa></sln:miejscowosc><sln:miejscowosc><sln:cyklZyciaOd>2018-03-23T00:00:00+01:00</sln:cyklZyciaOd><sln:gmIIPId>1007c08c-3a51-41e9-baf7-edaa48dc167e</sln:gmIIPId><sln:gmIIPPn>PL.PZGIK.200</sln:gmIIPPn><sln:gmIIPWersja>2012-09-26T22:18:15+02:00</sln:gmIIPWersja><sln:gmIdTeryt>2602082</sln:gmIdTeryt><sln:gmNazwa>Sobków</sln:gmNazwa><sln:miejscIIPId>27037ba9-c55b-471b-9057-f08653d83601</sln:miejscIIPId><sln:miejscIIPPn>PL.PZGIK.200</sln:miejscIIPPn><sln:miejscIIPWersja>2018-03-23T15:51:02+02:00</sln:miejscIIPWersja><sln:miejscIdTeryt>0270225</sln:miejscIdTeryt><sln:miejscNazwa>Brzeźno</sln:miejscNazwa><sln:miejscRodzaj>Wieś</sln:miejscRodzaj><sln:powIIPId>2c76d255-52fc-4e03-84c4-ea9d923212b2</sln:powIIPId><sln:powIIPPn>PL.PZGIK.200</sln:powIIPPn><sln:powIIPWersja>2012-09-27T09:32:07+02:00</sln:powIIPWersja><sln:powIdTeryt>2602</sln:powIdTeryt><sln:powNazwa>jędrzejowski</sln:powNazwa><sln:wojIIPId>d021c0dd-b22e-4fcd-8444-904c64ec3aa8</sln:wojIIPId><sln:wojIIPPn>PL.PZGIK.200</sln:wojIIPPn><sln:wojIIPWersja>2012-09-27T13:45:13+02:00</sln:wojIIPWersja><sln:wojIdTeryt>26</sln:wojIdTeryt><sln:wojNazwa>świętokrzyskie</sln:wojNazwa></sln:miejscowosc><sln:miejscowosc><sln:cyklZyciaOd>2018-03-23T00:00:00+01:00</sln:cyklZyciaOd><sln:gmIIPId>1007c08c-3a51-41e9-baf7-edaa48dc167e</sln:gmIIPId><sln:gmIIPPn>PL.PZGIK.200</sln:gmIIPPn><sln:gmIIPWersja>2012-09-26T22:18:15+02:00</sln:gmIIPWersja><sln:gmIdTeryt>2602082</sln:gmIdTeryt><sln:gmNazwa>Sobków</sln:gmNazwa><sln:miejscIIPId>484e472c-6341-495e-a55c-5c46a411bd72</sln:miejscIIPId><sln:miejscIIPPn>PL.PZGIK.200</sln:miejscIIPPn><sln:miejscIIPWersja>2018-03-23T15:51:04+02:00</sln:miejscIIPWersja><sln:miejscIdTeryt>0270573</sln:miejscIdTeryt><sln:miejscNazwa>Osowa</sln:miejscNazwa><sln:miejscRodzaj>Wieś</sln:miejscRodzaj><sln:powIIPId>2c76d255-52fc-4e03-84c4-ea9d923212b2</sln:powIIPId><sln:powIIPPn>PL.PZGIK.200</sln:powIIPPn><sln:powIIPWersja>2012-09-27T09:32:07+02:00</sln:powIIPWersja><sln:powIdTeryt>2602</sln:powIdTeryt><sln:powNazwa>jędrzejowski</sln:powNazwa><sln:wojIIPId>d021c0dd-b22e-4fcd-8444-904c64ec3aa8</sln:wojIIPId><sln:wojIIPPn>PL.PZGIK.200</sln:wojIIPPn><sln:wojIIPWersja>2012-09-27T13:45:13+02:00</sln:wojIIPWersja><sln:wojIdTeryt>26</sln:wojIdTeryt><sln:wojNazwa>świętokrzyskie</sln:wojNazwa></sln:miejscowosc><sln:miejscowosc><sln:cyklZyciaOd>2018-03-23T00:00:00+01:00</sln:cyklZyciaOd><sln:gmIIPId>1007c08c-3a51-41e9-baf7-edaa48dc167e</sln:gmIIPId><sln:gmIIPPn>PL.PZGIK.200</sln:gmIIPPn><sln:gmIIPWersja>2012-09-26T22:18:15+02:00</sln:gmIIPWersja><sln:gmIdTeryt>2602082</sln:gmIdTeryt><sln:gmNazwa>Sobków</sln:gmNazwa><sln:miejscIIPId>a85ced26-ea9e-4ab3-96f3-bb685380ad1e</sln:miejscIIPId><sln:miejscIIPPn>PL.PZGIK.200</sln:miejscIIPPn><sln:miejscIIPWersja>2018-03-23T15:51:04+02:00</sln:miejscIIPWersja><sln:miejscIdTeryt>0270596</sln:miejscIdTeryt><sln:miejscNIIPId>484e472c-6341-495e-a55c-5c46a411bd72</sln:miejscNIIPId><sln:miejscNIIPPn>PL.PZGIK.200</sln:miejscNIIPPn><sln:miejscNIIPWersja>2018-03-23T15:51:04+02:00</sln:miejscNIIPWersja><sln:miejscNIdTeryt>0270573</sln:miejscNIdTeryt><sln:miejscNNazwa>Osowa</sln:miejscNNazwa><sln:miejscNRodzaj>Wieś</sln:miejscNRodzaj><sln:miejscNazwa>Smyków</sln:miejscNazwa><sln:miejscRodzaj>Przysiółek</sln:miejscRodzaj><sln:powIIPId>2c76d255-52fc-4e03-84c4-ea9d923212b2</sln:powIIPId><sln:powIIPPn>PL.PZGIK.200</sln:powIIPPn><sln:powIIPWersja>2012-09-27T09:32:07+02:00</sln:powIIPWersja><sln:powIdTeryt>2602</sln:powIdTeryt><sln:powNazwa>jędrzejowski</sln:powNazwa><sln:wojIIPId>d021c0dd-b22e-4fcd-8444-904c64ec3aa8</sln:wojIIPId><sln:wojIIPPn>PL.PZGIK.200</sln:wojIIPPn><sln:wojIIPWersja>2012-09-27T13:45:13+02:00</sln:wojIIPWersja><sln:wojIdTeryt>26</sln:wojIdTeryt><sln:wojNazwa>świętokrzyskie</sln:wojNazwa></sln:miejscowosc><sln:miejscowosc><sln:cyklZyciaOd>2018-03-23T00:00:00+01:00</sln:cyklZyciaOd><sln:gmIIPId>1007c08c-3a51-41e9-baf7-edaa48dc167e</sln:gmIIPId><sln:gmIIPPn>PL.PZGIK.200</sln:gmIIPPn><sln:gmIIPWersja>2012-09-26T22:18:15+02:00</sln:gmIIPWersja><sln:gmIdTeryt>2602082</sln:gmIdTeryt><sln:gmNazwa>Sobków</sln:gmNazwa><sln:miejscIIPId>13f879e1-2b85-4ae1-b02c-cd428ee5061c</sln:miejscIIPId><sln:miejscIIPPn>PL.PZGIK.200</sln:miejscIIPPn><sln:miejscIIPWersja>2018-03-23T15:51:04+02:00</sln:miejscIIPWersja><sln:miejscIdTeryt>0270580</sln:miejscIdTeryt><sln:miejscNIIPId>27037ba9-c55b-471b-9057-f08653d83601</sln:miejscNIIPId><sln:miejscNIIPPn>PL.PZGIK.200</sln:miejscNIIPPn><sln:miejscNIIPWersja>2018-03-23T15:51:02+02:00</sln:miejscNIIPWersja><sln:miejscNIdTeryt>0270225</sln:miejscNIdTeryt><sln:miejscNNazwa>Brzeźno</sln:miejscNNazwa><sln:miejscNRodzaj>Wieś</sln:miejscNRodzaj><sln:miejscNazwa>Janów</sln:miejscNazwa><sln:miejscRodzaj>Przysiółek</sln:miejscRodzaj><sln:powIIPId>2c76d255-52fc-4e03-84c4-ea9d923212b2</sln:powIIPId><sln:powIIPPn>PL.PZGIK.200</sln:powIIPPn><sln:powIIPWersja>2012-09-27T09:32:07+02:00</sln:powIIPWersja><sln:powIdTeryt>2602</sln:powIdTeryt><sln:powNazwa>jędrzejowski</sln:powNazwa><sln:wojIIPId>d021c0dd-b22e-4fcd-8444-904c64ec3aa8</sln:wojIIPId><sln:wojIIPPn>PL.PZGIK.200</sln:wojIIPPn><sln:wojIIPWersja>2012-09-27T13:45:13+02:00</sln:wojIIPWersja><sln:wojIdTeryt>26</sln:wojIdTeryt><sln:wojNazwa>świętokrzyskie</sln:wojNazwa></sln:miejscowosc></sln:lista-miejscowosci>