<?xml version="1.0" encoding="UTF-8" standalone="yes"?><sln:lista-miejscowosci xmlns:srv="http://gugik.gov.pl/schemas/slowniki-service/1.0" xmlns:sln="http://gugik.gov.pl/schemas/slowniki-schema/1.0"><sln:miejscowosc><sln:cyklZyciaDo>2017-04-25T00:00:00+02:00</sln:cyklZyciaDo><sln:cyklZyciaOd>2015-10-26T00:00:00+01:00</sln:cyklZyciaOd><sln:gmIIPId>b74531f7-393a-4d11-847a-947d80b2b13f</sln:gmIIPId><sln:gmIIPPn>PL.PZGIK.200</sln:gmIIPPn><sln:gmIIPWersja>2012-09-26T22:18:31+02:00</sln:gmIIPWersja><sln:gmIdTeryt>2604112</sln:gmIdTeryt><sln:gmNazwa>Mniów</sln:gmNazwa><sln:miejscIIPId>9b01897d-6e06-45e4-99f8-bfaa873a7f89</sln:miejscIIPId><sln:miejscIIPPn>PL.PZGIK.200</sln:miejscIIPPn><sln:miejscIIPWersja>2016-11-24T09:52:53+02:00</sln:miejscIIPWersja><sln:miejscIdTeryt>0253043</sln:miejscIdTeryt><sln:miejscNazwa>Baran</sln:miejscNazwa><sln:miejscRodzaj>Wieś</sln:miejscRodzaj><sln:powIIPId>b223bd08-4fe5-4456-8797-8eb39bfbd775</sln:powIIPId><sln:powIIPPn>PL.PZGIK.200</sln:powIIPPn><sln:powIIPWersja>2012-09-27T09:32:07+02:00</sln:powIIPWersja><sln:powIdTeryt>2604</sln:powIdTeryt><sln:powNazwa>kielecki</sln:powNazwa><sln:waznyOd>2012-09-04T00:00:00+02:00</sln:waznyOd><sln:wojIIPId>d021c0dd-b22e-4fcd-8444-904c64ec3aa8</sln:wojIIPId><sln:wojIIPPn>PL.PZGIK.200</sln:wojIIPPn><sln:wojIIPWersja>2012-09-27T13:45:13+02:00</sln:wojIIPWersja><sln:wojIdTeryt>26</sln:wojIdTeryt><sln:wojNazwa>świętokrzyskie</sln:wojNazwa></sln:miejscowosc><sln:miejscowosc><sln:cyklZyciaDo>2017-04-25T00:00:00+02:00</sln:cyklZyciaDo><sln:cyklZyciaOd>2015-10-26T00:00:00+01:00</sln:cyklZyciaOd><sln:gmIIPId>b74531f7-393a-4d11-847a-947d80b2b13f</sln:gmIIPId><sln:gmIIPPn>PL.PZGIK.200</sln:gmIIPPn><sln:gmIIPWersja>2012-09-26T22:18:31+02:00</sln:gmIIPWersja><sln:gmIdTeryt>2604112</sln:gmIdTeryt><sln:gmNazwa>Mniów</sln:gmNazwa><sln:miejscIIPId>b0e6677e-1b7a-4151-b6da-7be68fb20e47</sln:miejscIIPId><sln:miejscIIPPn>PL.PZGIK.200</sln:miejscIIPPn><sln:miejscIIPWersja>2016-11-24T09:52:53+02:00</sln:miejscIIPWersja><sln:miejscIdTeryt>0253066</sln:miejscIdTeryt><sln:miejscNazwa>Borki</sln:miejscNazwa><sln:miejscRodzaj>Wieś</sln:miejscRodzaj><sln:powIIPId>b223bd08-4fe5-4456-8797-8eb39bfbd775</sln:powIIPId><sln:powIIPPn>PL.PZGIK.200</sln:powIIPPn><sln:powIIPWersja>2012-09-27T09:32:07+02:00</sln:powIIPWersja><sln:powIdTeryt>2604</sln:powIdTeryt><sln:powNazwa>kielecki</sln:powNazwa><sln:waznyOd>2012-09-04T00:00:00+02:00</sln:waznyOd><sln:wojIIPId>d021c0dd-b22e-4fcd-8444-904c64ec3aa8</sln:wojIIPId><sln:wojIIPPn>PL.PZGIK.200</sln:wojIIPPn><sln:wojIIPWersja>2012-09-27T13:45:13+02:00</sln:wojIIPWersja><sln:wojIdTeryt>26</sln:wojIdTeryt><sln:wojNazwa>świętokrzyskie</sln:wojNazwa></sln:miejscowosc><sln:miejscowosc><sln:cyklZyciaDo>2017-04-25T00:00:00+02:00</sln:cyklZyciaDo><sln:cyklZyciaOd>2015-10-26T00:00:00+01:00</sln:cyklZyciaOd><sln:gmIIPId>b74531f7-393a-4d11-847a-947d80b2b13f</sln:gmIIPId><sln:gmIIPPn>PL.PZGIK.200</sln:gmIIPPn><sln:gmIIPWersja>2012-09-26T22:18:31+02:00</sln:gmIIPWersja><sln:gmIdTeryt>2604112</sln:gmIdTeryt><sln:gmNazwa>Mniów</sln:gmNazwa><sln:miejscIIPId>2884e567-77c2-47ae-9959-2001bb34f84e</sln:miejscIIPId><sln:miejscIIPPn>PL.PZGIK.200</sln:miejscIIPPn><sln:miejscIIPWersja>2016-11-24T09:52:53+02:00</sln:miejscIIPWersja><sln:miejscIdTeryt>0253103</sln:miejscIdTeryt><sln:miejscNazwa>Chyby</sln:miejscNazwa><sln:miejscRodzaj>Wieś</sln:miejscRodzaj><sln:powIIPId>b223bd08-4fe5-4456-8797-8eb39bfbd775</sln:powIIPId><sln:powIIPPn>PL.PZGIK.200</sln:powIIPPn><sln:powIIPWersja>2012-09-27T09:32:07+02:00</sln:powIIPWersja><sln:powIdTeryt>2604</sln:powIdTeryt><sln:powNazwa>kielecki</sln:powNazwa><sln:waznyOd>2012-09-04T00:00:00+02:00</sln:waznyOd><sln:wojIIPId>d021c0dd-b22e-4fcd-8444-904c64ec3aa8</sln:wojIIPId><sln:wojIIPPn>PL.PZGIK.200</sln:wojIIPPn><sln:wojIIPWersja>2012-09-27T13:45:13+02:00</sln:wojIIPWersja><sln:wojIdTeryt>26</sln:wojIdTeryt><sln:wojNazwa>świętokrzyskie</sln:wojNazwa></sln:miejscowosc><sln:miejscowosc><sln:cyklZyciaDo>2017-04-25T00:00:00+02:00</sln:cyklZyciaDo><sln:cyklZyciaOd>2015-10-26T00:00:00+01:00</sln:cyklZyciaOd><sln:gmIIPId>b74531f7-393a-4d11-847a-947d80b2b13f</sln:gmIIPId><sln:gmIIPPn>PL.PZGIK.200</sln:gmIIPPn><sln:gmIIPWersja>2012-09-26T22:18:31+02:00</sln:gmIIPWersja><sln:gmIdTeryt>2604112</sln:gmIdTeryt><sln:gmNazwa>Mniów</sln:gmNazwa><sln:miejscIIPId>3c753cdc-fcd3-4800-80e3-7231f05cdd50</sln:miejscIIPId><sln:miejscIIPPn>PL.PZGIK.200</sln:miejscIIPPn><sln:miejscIIPWersja>2016-11-24T09:52:53+02:00</sln:miejscIIPWersja><sln:miejscIdTeryt>0253126</sln:miejscIdTeryt><sln:miejscNazwa>Cierchy</sln:miejscNazwa><sln:miejscRodzaj>Wieś</sln:miejscRodzaj><sln:powIIPId>b223bd08-4fe5-4456-8797-8eb39bfbd775</sln:powIIPId><sln:powIIPPn>PL.PZGIK.200</sln:powIIPPn><sln:powIIPWersja>2012-09-27T09:32:07+02:00</sln:powIIPWersja><sln:powIdTeryt>2604</sln:powIdTeryt><sln:powNazwa>kielecki</sln:powNazwa><sln:waznyOd>2012-09-04T00:00:00+02:00</sln:waznyOd><sln:wojIIPId>d021c0dd-b22e-4fcd-8444-904c64ec3aa8</sln:wojIIPId><sln:wojIIPPn>PL.PZGIK.200</sln:wojIIPPn><sln:wojIIPWersja>2012-09-27T13:45:13+02:00</sln:wojIIPWersja><sln:wojIdTeryt>26</sln:wojIdTeryt><sln:wojNazwa>świętokrzyskie</sln:wojNazwa></sln:miejscowosc><sln:miejscowosc><sln:cyklZyciaDo>2017-04-25T00:00:00+02:00</sln:cyklZyciaDo><sln:cyklZyciaOd>2015-10-26T00:00:00+01:00</sln:cyklZyciaOd><sln:gmIIPId>b74531f7-393a-4d11-847a-947d80b2b13f</sln:gmIIPId><sln:gmIIPPn>PL.PZGIK.200</sln:gmIIPPn><sln:gmIIPWersja>2012-09-26T22:18:31+02:00</sln:gmIIPWersja><sln:gmIdTeryt>2604112</sln:gmIdTeryt><sln:gmNazwa>Mniów</sln:gmNazwa><sln:miejscIIPId>e7372bd1-ea98-41b0-afd6-7f01e44378a9</sln:miejscIIPId><sln:miejscIIPPn>PL.PZGIK.200</sln:miejscIIPPn><sln:miejscIIPWersja>2016-11-24T09:52:53+02:00</sln:miejscIIPWersja><sln:miejscIdTeryt>0253586</sln:miejscIdTeryt><sln:miejscNazwa>Gliniany Las</sln:miejscNazwa><sln:miejscRodzaj>Wieś</sln:miejscRodzaj><sln:powIIPId>b223bd08-4fe5-4456-8797-8eb39bfbd775</sln:powIIPId><sln:powIIPPn>PL.PZGIK.200</sln:powIIPPn><sln:powIIPWersja>2012-09-27T09:32:07+02:00</sln:powIIPWersja><sln:powIdTeryt>2604</sln:powIdTeryt><sln:powNazwa>kielecki</sln:powNazwa><sln:waznyOd>2012-09-04T00:00:00+02:00</sln:waznyOd><sln:wojIIPId>d021c0dd-b22e-4fcd-8444-904c64ec3aa8</sln:wojIIPId><sln:wojIIPPn>PL.PZGIK.200</sln:wojIIPPn><sln:wojIIPWersja>2012-09-27T13:45:13+02:00</sln:wojIIPWersja><sln:wojIdTeryt>26</sln:wojIdTeryt><sln:wojNazwa>świętokrzyskie</sln:wojNazwa></sln:miejscowosc><sln:miejscowosc><sln:cyklZyciaDo>2017-04-25T00:00:00+02:00</sln:cyklZyciaDo><sln:cyklZyciaOd>2015-10-26T00:00:00+01:00</sln:cyklZyciaOd><sln:gmIIPId>b74531f7-393a-4d11-847a-947d80b2b13f</sln:gmIIPId><sln:gmIIPPn>PL.PZGIK.200</sln:gmIIPPn><sln:gmIIPWersja>2012-09-26T22:18:31+02:00</sln:gmIIPWersja><sln:gmIdTeryt>2604112</sln:gmIdTeryt><sln:gmNazwa>Mniów</sln:gmNazwa><sln:miejscIIPId>69aa0422-c65f-4c31-b5ad-f9779676f1ad</sln:miejscIIPId><sln:miejscIIPPn>PL.PZGIK.200</sln:miejscIIPPn><sln:miejscIIPWersja>2016-11-24T09:52:53+02:00</sln:miejscIIPWersja><sln:miejscIdTeryt>0253155</sln:miejscIdTeryt><sln:miejscNazwa>Grzymałków</sln:miejscNazwa><sln:miejscRodzaj>Wieś</sln:miejscRodzaj><sln:powIIPId>b223bd08-4fe5-4456-8797-8eb39bfbd775</sln:powIIPId><sln:powIIPPn>PL.PZGIK.200</sln:powIIPPn><sln:powIIPWersja>2012-09-27T09:32:07+02:00</sln:powIIPWersja><sln:powIdTeryt>2604</sln:powIdTeryt><sln:powNazwa>kielecki</sln:powNazwa><sln:waznyOd>2012-09-04T00:00:00+02:00</sln:waznyOd><sln:wojIIPId>d021c0dd-b22e-4fcd-8444-904c64ec3aa8</sln:wojIIPId><sln:wojIIPPn>PL.PZGIK.200</sln:wojIIPPn><sln:wojIIPWersja>2012-09-27T13:45:13+02:00</sln:wojIIPWersja><sln:wojIdTeryt>26</sln:wojIdTeryt><sln:wojNazwa>świętokrzyskie</sln:wojNazwa></sln:miejscowosc><sln:miejscowosc><sln:cyklZyciaDo>2017-04-25T00:00:00+02:00</sln:cyklZyciaDo><sln:cyklZyciaOd>2015-10-26T00:00:00+01:00</sln:cyklZyciaOd><sln:gmIIPId>b74531f7-393a-4d11-847a-947d80b2b13f</sln:gmIIPId><sln:gmIIPPn>PL.PZGIK.200</sln:gmIIPPn><sln:gmIIPWersja>2012-09-26T22:18:31+02:00</sln:gmIIPWersja><sln:gmIdTeryt>2604112</sln:gmIdTeryt><sln:gmNazwa>Mniów</sln:gmNazwa><sln:miejscIIPId>76920e65-ea10-4b47-9ce9-1f507f2a8be9</sln:miejscIIPId><sln:miejscIIPPn>PL.PZGIK.200</sln:miejscIIPPn><sln:miejscIIPWersja>2016-11-24T09:52:53+02:00</sln:miejscIIPWersja><sln:miejscIdTeryt>0253110</sln:miejscIdTeryt><sln:miejscNazwa>Kontrewers</sln:miejscNazwa><sln:miejscRodzaj>Wieś</sln:miejscRodzaj><sln:powIIPId>b223bd08-4fe5-4456-8797-8eb39bfbd775</sln:powIIPId><sln:powIIPPn>PL.PZGIK.200</sln:powIIPPn><sln:powIIPWersja>2012-09-27T09:32:07+02:00</sln:powIIPWersja><sln:powIdTeryt>2604</sln:powIdTeryt><sln:powNazwa>kielecki</sln:powNazwa><sln:waznyOd>2012-09-04T00:00:00+02:00</sln:waznyOd><sln:wojIIPId>d021c0dd-b22e-4fcd-8444-904c64ec3aa8</sln:wojIIPId><sln:wojIIPPn>PL.PZGIK.200</sln:wojIIPPn><sln:wojIIPWersja>2012-09-27T13:45:13+02:00</sln:wojIIPWersja><sln:wojIdTeryt>26</sln:wojIdTeryt><sln:wojNazwa>świętokrzyskie</sln:wojNazwa></sln:miejscowosc><sln:miejscowosc><sln:cyklZyciaDo>2017-04-25T00:00:00+02:00</sln:cyklZyciaDo><sln:cyklZyciaOd>2015-10-26T00:00:00+01:00</sln:cyklZyciaOd><sln:gmIIPId>b74531f7-393a-4d11-847a-947d80b2b13f</sln:gmIIPId><sln:gmIIPPn>PL.PZGIK.200</sln:gmIIPPn><sln:gmIIPWersja>2012-09-26T22:18:31+02:00</sln:gmIIPWersja><sln:gmIdTeryt>2604112</sln:gmIdTeryt><sln:gmNazwa>Mniów</sln:gmNazwa><sln:miejscIIPId>9ef1e45e-d71a-456d-bda0-6ae0222554ae</sln:miejscIIPId><sln:miejscIIPPn>PL.PZGIK.200</sln:miejscIIPPn><sln:miejscIIPWersja>2016-11-24T09:52:53+02:00</sln:miejscIIPWersja><sln:miejscIdTeryt>0253528</sln:miejscIdTeryt><sln:miejscNazwa>Lisie Jamy</sln:miejscNazwa><sln:miejscRodzaj>Wieś</sln:miejscRodzaj><sln:powIIPId>b223bd08-4fe5-4456-8797-8eb39bfbd775</sln:powIIPId><sln:powIIPPn>PL.PZGIK.200</sln:powIIPPn><sln:powIIPWersja>2012-09-27T09:32:07+02:00</sln:powIIPWersja><sln:powIdTeryt>2604</sln:powIdTeryt><sln:powNazwa>kielecki</sln:powNazwa><sln:waznyOd>2012-09-04T00:00:00+02:00</sln:waznyOd><sln:wojIIPId>d021c0dd-b22e-4fcd-8444-904c64ec3aa8</sln:wojIIPId><sln:wojIIPPn>PL.PZGIK.200</sln:wojIIPPn><sln:wojIIPWersja>2012-09-27T13:45:13+02:00</sln:wojIIPWersja><sln:wojIdTeryt>26</sln:wojIdTeryt><sln:wojNazwa>świętokrzyskie</sln:wojNazwa></sln:miejscowosc><sln:miejscowosc><sln:cyklZyciaDo>2017-04-25T00:00:00+02:00</sln:cyklZyciaDo><sln:cyklZyciaOd>2015-10-26T00:00:00+01:00</sln:cyklZyciaOd><sln:gmIIPId>b74531f7-393a-4d11-847a-947d80b2b13f</sln:gmIIPId><sln:gmIIPPn>PL.PZGIK.200</sln:gmIIPPn><sln:gmIIPWersja>2012-09-26T22:18:31+02:00</sln:gmIIPWersja><sln:gmIdTeryt>2604112</sln:gmIdTeryt><sln:gmNazwa>Mniów</sln:gmNazwa><sln:miejscIIPId>d049ad26-5585-401c-8f8e-3345c8adfc60</sln:miejscIIPId><sln:miejscIIPPn>PL.PZGIK.200</sln:miejscIIPPn><sln:miejscIIPWersja>2016-11-24T09:52:53+02:00</sln:miejscIIPWersja><sln:miejscIdTeryt>0253215</sln:miejscIdTeryt><sln:miejscNazwa>Malmurzyn</sln:miejscNazwa><sln:miejscRodzaj>Wieś</sln:miejscRodzaj><sln:powIIPId>b223bd08-4fe5-4456-8797-8eb39bfbd775</sln:powIIPId><sln:powIIPPn>PL.PZGIK.200</sln:powIIPPn><sln:powIIPWersja>2012-09-27T09:32:07+02:00</sln:powIIPWersja><sln:powIdTeryt>2604</sln:powIdTeryt><sln:powNazwa>kielecki</sln:powNazwa><sln:waznyOd>2012-09-04T00:00:00+02:00</sln:waznyOd><sln:wojIIPId>d021c0dd-b22e-4fcd-8444-904c64ec3aa8</sln:wojIIPId><sln:wojIIPPn>PL.PZGIK.200</sln:wojIIPPn><sln:wojIIPWersja>2012-09-27T13:45:13+02:00</sln:wojIIPWersja><sln:wojIdTeryt>26</sln:wojIdTeryt><sln:wojNazwa>świętokrzyskie</sln:wojNazwa></sln:miejscowosc><sln:miejscowosc><sln:cyklZyciaDo>2017-04-25T00:00:00+02:00</sln:cyklZyciaDo><sln:cyklZyciaOd>2015-10-26T00:00:00+01:00</sln:cyklZyciaOd><sln:gmIIPId>b74531f7-393a-4d11-847a-947d80b2b13f</sln:gmIIPId><sln:gmIIPPn>PL.PZGIK.200</sln:gmIIPPn><sln:gmIIPWersja>2012-09-26T22:18:31+02:00</sln:gmIIPWersja><sln:gmIdTeryt>2604112</sln:gmIdTeryt><sln:gmNazwa>Mniów</sln:gmNazwa><sln:miejscIIPId>45010ae0-1afc-450a-a19d-4d41ac5278d3</sln:miejscIIPId><sln:miejscIIPPn>PL.PZGIK.200</sln:miejscIIPPn><sln:miejscIIPWersja>2016-11-24T09:52:53+02:00</sln:miejscIIPWersja><sln:miejscIdTeryt>0253244</sln:miejscIdTeryt><sln:miejscNazwa>Mniów</sln:miejscNazwa><sln:miejscRodzaj>Wieś</sln:miejscRodzaj><sln:powIIPId>b223bd08-4fe5-4456-8797-8eb39bfbd775</sln:powIIPId><sln:powIIPPn>PL.PZGIK.200</sln:powIIPPn><sln:powIIPWersja>2012-09-27T09:32:07+02:00</sln:powIIPWersja><sln:powIdTeryt>2604</sln:powIdTeryt><sln:powNazwa>kielecki</sln:powNazwa><sln:waznyOd>2012-09-04T00:00:00+02:00</sln:waznyOd><sln:wojIIPId>d021c0dd-b22e-4fcd-8444-904c64ec3aa8</sln:wojIIPId><sln:wojIIPPn>PL.PZGIK.200</sln:wojIIPPn><sln:wojIIPWersja>2012-09-27T13:45:13+02:00</sln:wojIIPWersja><sln:wojIdTeryt>26</sln:wojIdTeryt><sln:wojNazwa>świętokrzyskie</sln:wojNazwa></sln:miejscowosc><sln:miejscowosc><sln:cyklZyciaDo>2017-04-25T00:00:00+02:00</sln:cyklZyciaDo><sln:cyklZyciaOd>2015-10-26T00:00:00+01:00</sln:cyklZyciaOd><sln:gmIIPId>b74531f7-393a-4d11-847a-947d80b2b13f</sln:gmIIPId><sln:gmIIPPn>PL.PZGIK.200</sln:gmIIPPn><sln:gmIIPWersja>2012-09-26T22:18:31+02:00</sln:gmIIPWersja><sln:gmIdTeryt>2604112</sln:gmIdTeryt><sln:gmNazwa>Mniów</sln:gmNazwa><sln:miejscIIPId>f6ff147b-2f95-4a16-813c-44ab82d7ca2f</sln:miejscIIPId><sln:miejscIIPPn>PL.PZGIK.200</sln:miejscIIPPn><sln:miejscIIPWersja>2016-11-24T09:52:53+02:00</sln:miejscIIPWersja><sln:miejscIdTeryt>0253356</sln:miejscIdTeryt><sln:miejscNazwa>Mokry Bór</sln:miejscNazwa><sln:miejscRodzaj>Wieś</sln:miejscRodzaj><sln:powIIPId>b223bd08-4fe5-4456-8797-8eb39bfbd775</sln:powIIPId><sln:powIIPPn>PL.PZGIK.200</sln:powIIPPn><sln:powIIPWersja>2012-09-27T09:32:07+02:00</sln:powIIPWersja><sln:powIdTeryt>2604</sln:powIdTeryt><sln:powNazwa>kielecki</sln:powNazwa><sln:waznyOd>2012-09-04T00:00:00+02:00</sln:waznyOd><sln:wojIIPId>d021c0dd-b22e-4fcd-8444-904c64ec3aa8</sln:wojIIPId><sln:wojIIPPn>PL.PZGIK.200</sln:wojIIPPn><sln:wojIIPWersja>2012-09-27T13:45:13+02:00</sln:wojIIPWersja><sln:wojIdTeryt>26</sln:wojIdTeryt><sln:wojNazwa>świętokrzyskie</sln:wojNazwa></sln:miejscowosc><sln:miejscowosc><sln:cyklZyciaDo>2017-04-25T00:00:00+02:00</sln:cyklZyciaDo><sln:cyklZyciaOd>2015-10-26T00:00:00+01:00</sln:cyklZyciaOd><sln:gmIIPId>b74531f7-393a-4d11-847a-947d80b2b13f</sln:gmIIPId><sln:gmIIPPn>PL.PZGIK.200</sln:gmIIPPn><sln:gmIIPWersja>2012-09-26T22:18:31+02:00</sln:gmIIPWersja><sln:gmIdTeryt>2604112</sln:gmIdTeryt><sln:gmNazwa>Mniów</sln:gmNazwa><sln:miejscIIPId>1a9daa1f-f806-48ed-a9b7-cc4071a84a88</sln:miejscIIPId><sln:miejscIIPPn>PL.PZGIK.200</sln:miejscIIPPn><sln:miejscIIPWersja>2016-11-24T09:52:53+02:00</sln:miejscIIPWersja><sln:miejscIdTeryt>0253497</sln:miejscIdTeryt><sln:miejscNazwa>Olszyna</sln:miejscNazwa><sln:miejscRodzaj>Inny obiekt</sln:miejscRodzaj><sln:powIIPId>b223bd08-4fe5-4456-8797-8eb39bfbd775</sln:powIIPId><sln:powIIPPn>PL.PZGIK.200</sln:powIIPPn><sln:powIIPWersja>2012-09-27T09:32:07+02:00</sln:powIIPWersja><sln:powIdTeryt>2604</sln:powIdTeryt><sln:powNazwa>kielecki</sln:powNazwa><sln:waznyOd>2012-09-04T00:00:00+02:00</sln:waznyOd><sln:wojIIPId>d021c0dd-b22e-4fcd-8444-904c64ec3aa8</sln:wojIIPId><sln:wojIIPPn>PL.PZGIK.200</sln:wojIIPPn><sln:wojIIPWersja>2012-09-27T13:45:13+02:00</sln:wojIIPWersja><sln:wojIdTeryt>26</sln:wojIdTeryt><sln:wojNazwa>świętokrzyskie</sln:wojNazwa></sln:miejscowosc><sln:miejscowosc><sln:cyklZyciaDo>2017-04-25T00:00:00+02:00</sln:cyklZyciaDo><sln:cyklZyciaOd>2015-10-26T00:00:00+01:00</sln:cyklZyciaOd><sln:gmIIPId>b74531f7-393a-4d11-847a-947d80b2b13f</sln:gmIIPId><sln:gmIIPPn>PL.PZGIK.200</sln:gmIIPPn><sln:gmIIPWersja>2012-09-26T22:18:31+02:00</sln:gmIIPWersja><sln:gmIdTeryt>2604112</sln:gmIdTeryt><sln:gmNazwa>Mniów</sln:gmNazwa><sln:miejscIIPId>78533918-0b7b-4203-986a-989baa04c046</sln:miejscIIPId><sln:miejscIIPPn>PL.PZGIK.200</sln:miejscIIPPn><sln:miejscIIPWersja>2016-11-24T09:52:53+02:00</sln:miejscIIPWersja><sln:miejscIdTeryt>0253362</sln:miejscIdTeryt><sln:miejscNazwa>Pałęgi</sln:miejscNazwa><sln:miejscRodzaj>Wieś</sln:miejscRodzaj><sln:powIIPId>b223bd08-4fe5-4456-8797-8eb39bfbd775</sln:powIIPId><sln:powIIPPn>PL.PZGIK.200</sln:powIIPPn><sln:powIIPWersja>2012-09-27T09:32:07+02:00</sln:powIIPWersja><sln:powIdTeryt>2604</sln:powIdTeryt><sln:powNazwa>kielecki</sln:powNazwa><sln:waznyOd>2012-09-04T00:00:00+02:00</sln:waznyOd><sln:wojIIPId>d021c0dd-b22e-4fcd-8444-904c64ec3aa8</sln:wojIIPId><sln:wojIIPPn>PL.PZGIK.200</sln:wojIIPPn><sln:wojIIPWersja>2012-09-27T13:45:13+02:00</sln:wojIIPWersja><sln:wojIdTeryt>26</sln:wojIdTeryt><sln:wojNazwa>świętokrzyskie</sln:wojNazwa></sln:miejscowosc><sln:miejscowosc><sln:cyklZyciaDo>2017-04-25T00:00:00+02:00</sln:cyklZyciaDo><sln:cyklZyciaOd>2015-10-26T00:00:00+01:00</sln:cyklZyciaOd><sln:gmIIPId>b74531f7-393a-4d11-847a-947d80b2b13f</sln:gmIIPId><sln:gmIIPPn>PL.PZGIK.200</sln:gmIIPPn><sln:gmIIPWersja>2012-09-26T22:18:31+02:00</sln:gmIIPWersja><sln:gmIdTeryt>2604112</sln:gmIdTeryt><sln:gmNazwa>Mniów</sln:gmNazwa><sln:miejscIIPId>152b145d-d273-4499-88b1-a0b0e5007b46</sln:miejscIIPId><sln:miejscIIPPn>PL.PZGIK.200</sln:miejscIIPPn><sln:miejscIIPWersja>2016-11-24T09:52:53+02:00</sln:miejscIIPWersja><sln:miejscIdTeryt>0253391</sln:miejscIdTeryt><sln:miejscNazwa>Pępice</sln:miejscNazwa><sln:miejscRodzaj>Wieś</sln:miejscRodzaj><sln:powIIPId>b223bd08-4fe5-4456-8797-8eb39bfbd775</sln:powIIPId><sln:powIIPPn>PL.PZGIK.200</sln:powIIPPn><sln:powIIPWersja>2012-09-27T09:32:07+02:00</sln:powIIPWersja><sln:powIdTeryt>2604</sln:powIdTeryt><sln:powNazwa>kielecki</sln:powNazwa><sln:waznyOd>2012-09-04T00:00:00+02:00</sln:waznyOd><sln:wojIIPId>d021c0dd-b22e-4fcd-8444-904c64ec3aa8</sln:wojIIPId><sln:wojIIPPn>PL.PZGIK.200</sln:wojIIPPn><sln:wojIIPWersja>2012-09-27T13:45:13+02:00</sln:wojIIPWersja><sln:wojIdTeryt>26</sln:wojIdTeryt><sln:wojNazwa>świętokrzyskie</sln:wojNazwa></sln:miejscowosc><sln:miejscowosc><sln:cyklZyciaDo>2017-04-25T00:00:00+02:00</sln:cyklZyciaDo><sln:cyklZyciaOd>2015-10-26T00:00:00+01:00</sln:cyklZyciaOd><sln:gmIIPId>b74531f7-393a-4d11-847a-947d80b2b13f</sln:gmIIPId><sln:gmIIPPn>PL.PZGIK.200</sln:gmIIPPn><sln:gmIIPWersja>2012-09-26T22:18:31+02:00</sln:gmIIPWersja><sln:gmIdTeryt>2604112</sln:gmIdTeryt><sln:gmNazwa>Mniów</sln:gmNazwa><sln:miejscIIPId>7689a2da-3b27-449a-ad19-557e990766d3</sln:miejscIIPId><sln:miejscIIPPn>PL.PZGIK.200</sln:miejscIIPPn><sln:miejscIIPWersja>2016-11-24T09:52:53+02:00</sln:miejscIIPWersja><sln:miejscIdTeryt>0253221</sln:miejscIdTeryt><sln:miejscNazwa>Piaski</sln:miejscNazwa><sln:miejscRodzaj>Wieś</sln:miejscRodzaj><sln:powIIPId>b223bd08-4fe5-4456-8797-8eb39bfbd775</sln:powIIPId><sln:powIIPPn>PL.PZGIK.200</sln:powIIPPn><sln:powIIPWersja>2012-09-27T09:32:07+02:00</sln:powIIPWersja><sln:powIdTeryt>2604</sln:powIdTeryt><sln:powNazwa>kielecki</sln:powNazwa><sln:waznyOd>2012-09-04T00:00:00+02:00</sln:waznyOd><sln:wojIIPId>d021c0dd-b22e-4fcd-8444-904c64ec3aa8</sln:wojIIPId><sln:wojIIPPn>PL.PZGIK.200</sln:wojIIPPn><sln:wojIIPWersja>2012-09-27T13:45:13+02:00</sln:wojIIPWersja><sln:wojIdTeryt>26</sln:wojIdTeryt><sln:wojNazwa>świętokrzyskie</sln:wojNazwa></sln:miejscowosc><sln:miejscowosc><sln:cyklZyciaDo>2017-04-25T00:00:00+02:00</sln:cyklZyciaDo><sln:cyklZyciaOd>2015-10-26T00:00:00+01:00</sln:cyklZyciaOd><sln:gmIIPId>b74531f7-393a-4d11-847a-947d80b2b13f</sln:gmIIPId><sln:gmIIPPn>PL.PZGIK.200</sln:gmIIPPn><sln:gmIIPWersja>2012-09-26T22:18:31+02:00</sln:gmIIPWersja><sln:gmIdTeryt>2604112</sln:gmIdTeryt><sln:gmNazwa>Mniów</sln:gmNazwa><sln:miejscIIPId>6159f615-cb62-4fd1-9d5d-ff7dc5e68e82</sln:miejscIIPId><sln:miejscIIPPn>PL.PZGIK.200</sln:miejscIIPPn><sln:miejscIIPWersja>2016-11-24T09:52:53+02:00</sln:miejscIIPWersja><sln:miejscIdTeryt>0253445</sln:miejscIdTeryt><sln:miejscNazwa>Pielaki</sln:miejscNazwa><sln:miejscRodzaj>Wieś</sln:miejscRodzaj><sln:powIIPId>b223bd08-4fe5-4456-8797-8eb39bfbd775</sln:powIIPId><sln:powIIPPn>PL.PZGIK.200</sln:powIIPPn><sln:powIIPWersja>2012-09-27T09:32:07+02:00</sln:powIIPWersja><sln:powIdTeryt>2604</sln:powIdTeryt><sln:powNazwa>kielecki</sln:powNazwa><sln:waznyOd>2012-09-04T00:00:00+02:00</sln:waznyOd><sln:wojIIPId>d021c0dd-b22e-4fcd-8444-904c64ec3aa8</sln:wojIIPId><sln:wojIIPPn>PL.PZGIK.200</sln:wojIIPPn><sln:wojIIPWersja>2012-09-27T13:45:13+02:00</sln:wojIIPWersja><sln:wojIdTeryt>26</sln:wojIdTeryt><sln:wojNazwa>świętokrzyskie</sln:wojNazwa></sln:miejscowosc><sln:miejscowosc><sln:cyklZyciaDo>2017-04-25T00:00:00+02:00</sln:cyklZyciaDo><sln:cyklZyciaOd>2015-10-26T00:00:00+01:00</sln:cyklZyciaOd><sln:gmIIPId>b74531f7-393a-4d11-847a-947d80b2b13f</sln:gmIIPId><sln:gmIIPPn>PL.PZGIK.200</sln:gmIIPPn><sln:gmIIPWersja>2012-09-26T22:18:31+02:00</sln:gmIIPWersja><sln:gmIdTeryt>2604112</sln:gmIdTeryt><sln:gmNazwa>Mniów</sln:gmNazwa><sln:miejscIIPId>33324553-085c-456b-b666-a967492c99f7</sln:miejscIIPId><sln:miejscIIPPn>PL.PZGIK.200</sln:miejscIIPPn><sln:miejscIIPWersja>2016-11-24T09:52:53+02:00</sln:miejscIIPWersja><sln:miejscIdTeryt>0253451</sln:miejscIdTeryt><sln:miejscNazwa>Pieradła</sln:miejscNazwa><sln:miejscRodzaj>Wieś</sln:miejscRodzaj><sln:powIIPId>b223bd08-4fe5-4456-8797-8eb39bfbd775</sln:powIIPId><sln:powIIPPn>PL.PZGIK.200</sln:powIIPPn><sln:powIIPWersja>2012-09-27T09:32:07+02:00</sln:powIIPWersja><sln:powIdTeryt>2604</sln:powIdTeryt><sln:powNazwa>kielecki</sln:powNazwa><sln:waznyOd>2012-09-04T00:00:00+02:00</sln:waznyOd><sln:wojIIPId>d021c0dd-b22e-4fcd-8444-904c64ec3aa8</sln:wojIIPId><sln:wojIIPPn>PL.PZGIK.200</sln:wojIIPPn><sln:wojIIPWersja>2012-09-27T13:45:13+02:00</sln:wojIIPWersja><sln:wojIdTeryt>26</sln:wojIdTeryt><sln:wojNazwa>świętokrzyskie</sln:wojNazwa></sln:miejscowosc><sln:miejscowosc><sln:cyklZyciaDo>2017-04-25T00:00:00+02:00</sln:cyklZyciaDo><sln:cyklZyciaOd>2015-10-26T00:00:00+01:00</sln:cyklZyciaOd><sln:gmIIPId>b74531f7-393a-4d11-847a-947d80b2b13f</sln:gmIIPId><sln:gmIIPPn>PL.PZGIK.200</sln:gmIIPPn><sln:gmIIPWersja>2012-09-26T22:18:31+02:00</sln:gmIIPWersja><sln:gmIdTeryt>2604112</sln:gmIdTeryt><sln:gmNazwa>Mniów</sln:gmNazwa><sln:miejscIIPId>2385747a-19f3-4c64-bb54-d92cb274fc5a</sln:miejscIIPId><sln:miejscIIPPn>PL.PZGIK.200</sln:miejscIIPPn><sln:miejscIIPWersja>2016-11-24T09:52:53+02:00</sln:miejscIIPWersja><sln:miejscIdTeryt>0253468</sln:miejscIdTeryt><sln:miejscNazwa>Podchyby</sln:miejscNazwa><sln:miejscRodzaj>Wieś</sln:miejscRodzaj><sln:powIIPId>b223bd08-4fe5-4456-8797-8eb39bfbd775</sln:powIIPId><sln:powIIPPn>PL.PZGIK.200</sln:powIIPPn><sln:powIIPWersja>2012-09-27T09:32:07+02:00</sln:powIIPWersja><sln:powIdTeryt>2604</sln:powIdTeryt><sln:powNazwa>kielecki</sln:powNazwa><sln:waznyOd>2012-09-04T00:00:00+02:00</sln:waznyOd><sln:wojIIPId>d021c0dd-b22e-4fcd-8444-904c64ec3aa8</sln:wojIIPId><sln:wojIIPPn>PL.PZGIK.200</sln:wojIIPPn><sln:wojIIPWersja>2012-09-27T13:45:13+02:00</sln:wojIIPWersja><sln:wojIdTeryt>26</sln:wojIdTeryt><sln:wojNazwa>świętokrzyskie</sln:wojNazwa></sln:miejscowosc><sln:miejscowosc><sln:cyklZyciaDo>2017-04-25T00:00:00+02:00</sln:cyklZyciaDo><sln:cyklZyciaOd>2015-10-26T00:00:00+01:00</sln:cyklZyciaOd><sln:gmIIPId>b74531f7-393a-4d11-847a-947d80b2b13f</sln:gmIIPId><sln:gmIIPPn>PL.PZGIK.200</sln:gmIIPPn><sln:gmIIPWersja>2012-09-26T22:18:31+02:00</sln:gmIIPWersja><sln:gmIdTeryt>2604112</sln:gmIdTeryt><sln:gmNazwa>Mniów</sln:gmNazwa><sln:miejscIIPId>27a9a149-22d7-4d93-bafe-582846e81b22</sln:miejscIIPId><sln:miejscIIPPn>PL.PZGIK.200</sln:miejscIIPPn><sln:miejscIIPWersja>2016-11-24T09:52:53+02:00</sln:miejscIIPWersja><sln:miejscIdTeryt>0253563</sln:miejscIdTeryt><sln:miejscNazwa>Skoki</sln:miejscNazwa><sln:miejscRodzaj>Wieś</sln:miejscRodzaj><sln:powIIPId>b223bd08-4fe5-4456-8797-8eb39bfbd775</sln:powIIPId><sln:powIIPPn>PL.PZGIK.200</sln:powIIPPn><sln:powIIPWersja>2012-09-27T09:32:07+02:00</sln:powIIPWersja><sln:powIdTeryt>2604</sln:powIdTeryt><sln:powNazwa>kielecki</sln:powNazwa><sln:waznyOd>2012-09-04T00:00:00+02:00</sln:waznyOd><sln:wojIIPId>d021c0dd-b22e-4fcd-8444-904c64ec3aa8</sln:wojIIPId><sln:wojIIPPn>PL.PZGIK.200</sln:wojIIPPn><sln:wojIIPWersja>2012-09-27T13:45:13+02:00</sln:wojIIPWersja><sln:wojIdTeryt>26</sln:wojIdTeryt><sln:wojNazwa>świętokrzyskie</sln:wojNazwa></sln:miejscowosc><sln:miejscowosc><sln:cyklZyciaDo>2017-04-25T00:00:00+02:00</sln:cyklZyciaDo><sln:cyklZyciaOd>2015-10-26T00:00:00+01:00</sln:cyklZyciaOd><sln:gmIIPId>b74531f7-393a-4d11-847a-947d80b2b13f</sln:gmIIPId><sln:gmIIPPn>PL.PZGIK.200</sln:gmIIPPn><sln:gmIIPWersja>2012-09-26T22:18:31+02:00</sln:gmIIPWersja><sln:gmIdTeryt>2604112</sln:gmIdTeryt><sln:gmNazwa>Mniów</sln:gmNazwa><sln:miejscIIPId>915da9e2-5ee5-4fac-80a3-21f1e61742cc</sln:miejscIIPId><sln:miejscIIPPn>PL.PZGIK.200</sln:miejscIIPPn><sln:miejscIIPWersja>2016-11-24T13:20:42+02:00</sln:miejscIIPWersja><sln:miejscIdTeryt>0991858</sln:miejscIdTeryt><sln:miejscNazwa>Sośnina</sln:miejscNazwa><sln:miejscRodzaj>Inny obiekt</sln:miejscRodzaj><sln:powIIPId>b223bd08-4fe5-4456-8797-8eb39bfbd775</sln:powIIPId><sln:powIIPPn>PL.PZGIK.200</sln:powIIPPn><sln:powIIPWersja>2012-09-27T09:32:07+02:00</sln:powIIPWersja><sln:powIdTeryt>2604</sln:powIdTeryt><sln:powNazwa>kielecki</sln:powNazwa><sln:waznyOd>2012-09-04T00:00:00+02:00</sln:waznyOd><sln:wojIIPId>d021c0dd-b22e-4fcd-8444-904c64ec3aa8</sln:wojIIPId><sln:wojIIPPn>PL.PZGIK.200</sln:wojIIPPn><sln:wojIIPWersja>2012-09-27T13:45:13+02:00</sln:wojIIPWersja><sln:wojIdTeryt>26</sln:wojIdTeryt><sln:wojNazwa>świętokrzyskie</sln:wojNazwa></sln:miejscowosc><sln:miejscowosc><sln:cyklZyciaDo>2017-04-25T00:00:00+02:00</sln:cyklZyciaDo><sln:cyklZyciaOd>2015-10-26T00:00:00+01:00</sln:cyklZyciaOd><sln:gmIIPId>b74531f7-393a-4d11-847a-947d80b2b13f</sln:gmIIPId><sln:gmIIPPn>PL.PZGIK.200</sln:gmIIPPn><sln:gmIIPWersja>2012-09-26T22:18:31+02:00</sln:gmIIPWersja><sln:gmIdTeryt>2604112</sln:gmIdTeryt><sln:gmNazwa>Mniów</sln:gmNazwa><sln:miejscIIPId>de6a140d-6e8d-4a5a-8a58-7b140a95cd1a</sln:miejscIIPId><sln:miejscIIPPn>PL.PZGIK.200</sln:miejscIIPPn><sln:miejscIIPWersja>2016-11-24T09:52:53+02:00</sln:miejscIIPWersja><sln:miejscIdTeryt>0253238</sln:miejscIdTeryt><sln:miejscNazwa>Stachura</sln:miejscNazwa><sln:miejscRodzaj>Wieś</sln:miejscRodzaj><sln:powIIPId>b223bd08-4fe5-4456-8797-8eb39bfbd775</sln:powIIPId><sln:powIIPPn>PL.PZGIK.200</sln:powIIPPn><sln:powIIPWersja>2012-09-27T09:32:07+02:00</sln:powIIPWersja><sln:powIdTeryt>2604</sln:powIdTeryt><sln:powNazwa>kielecki</sln:powNazwa><sln:waznyOd>2012-09-04T00:00:00+02:00</sln:waznyOd><sln:wojIIPId>d021c0dd-b22e-4fcd-8444-904c64ec3aa8</sln:wojIIPId><sln:wojIIPPn>PL.PZGIK.200</sln:wojIIPPn><sln:wojIIPWersja>2012-09-27T13:45:13+02:00</sln:wojIIPWersja><sln:wojIdTeryt>26</sln:wojIdTeryt><sln:wojNazwa>świętokrzyskie</sln:wojNazwa></sln:miejscowosc><sln:miejscowosc><sln:cyklZyciaDo>2017-04-25T00:00:00+02:00</sln:cyklZyciaDo><sln:cyklZyciaOd>2015-10-26T00:00:00+01:00</sln:cyklZyciaOd><sln:gmIIPId>b74531f7-393a-4d11-847a-947d80b2b13f</sln:gmIIPId><sln:gmIIPPn>PL.PZGIK.200</sln:gmIIPPn><sln:gmIIPWersja>2012-09-26T22:18:31+02:00</sln:gmIIPWersja><sln:gmIdTeryt>2604112</sln:gmIdTeryt><sln:gmNazwa>Mniów</sln:gmNazwa><sln:miejscIIPId>34948a29-85ef-488c-8493-6099a6eb2dc7</sln:miejscIIPId><sln:miejscIIPPn>PL.PZGIK.200</sln:miejscIIPPn><sln:miejscIIPWersja>2016-11-24T09:52:53+02:00</sln:miejscIIPWersja><sln:miejscIdTeryt>0253570</sln:miejscIdTeryt><sln:miejscNazwa>Straszów</sln:miejscNazwa><sln:miejscRodzaj>Wieś</sln:miejscRodzaj><sln:powIIPId>b223bd08-4fe5-4456-8797-8eb39bfbd775</sln:powIIPId><sln:powIIPPn>PL.PZGIK.200</sln:powIIPPn><sln:powIIPWersja>2012-09-27T09:32:07+02:00</sln:powIIPWersja><sln:powIdTeryt>2604</sln:powIdTeryt><sln:powNazwa>kielecki</sln:powNazwa><sln:waznyOd>2012-09-04T00:00:00+02:00</sln:waznyOd><sln:wojIIPId>d021c0dd-b22e-4fcd-8444-904c64ec3aa8</sln:wojIIPId><sln:wojIIPPn>PL.PZGIK.200</sln:wojIIPPn><sln:wojIIPWersja>2012-09-27T13:45:13+02:00</sln:wojIIPWersja><sln:wojIdTeryt>26</sln:wojIdTeryt><sln:wojNazwa>świętokrzyskie</sln:wojNazwa></sln:miejscowosc><sln:miejscowosc><sln:cyklZyciaDo>2017-04-25T00:00:00+02:00</sln:cyklZyciaDo><sln:cyklZyciaOd>2015-10-26T00:00:00+01:00</sln:cyklZyciaOd><sln:gmIIPId>b74531f7-393a-4d11-847a-947d80b2b13f</sln:gmIIPId><sln:gmIIPPn>PL.PZGIK.200</sln:gmIIPPn><sln:gmIIPWersja>2012-09-26T22:18:31+02:00</sln:gmIIPWersja><sln:gmIdTeryt>2604112</sln:gmIdTeryt><sln:gmNazwa>Mniów</sln:gmNazwa><sln:miejscIIPId>1c554bf3-bfca-4c51-bf4b-938848fe7392</sln:miejscIIPId><sln:miejscIIPPn>PL.PZGIK.200</sln:miejscIIPPn><sln:miejscIIPWersja>2016-11-24T09:52:53+02:00</sln:miejscIIPWersja><sln:miejscIdTeryt>0253592</sln:miejscIdTeryt><sln:miejscNazwa>Węgrzynów</sln:miejscNazwa><sln:miejscRodzaj>Wieś</sln:miejscRodzaj><sln:powIIPId>b223bd08-4fe5-4456-8797-8eb39bfbd775</sln:powIIPId><sln:powIIPPn>PL.PZGIK.200</sln:powIIPPn><sln:powIIPWersja>2012-09-27T09:32:07+02:00</sln:powIIPWersja><sln:powIdTeryt>2604</sln:powIdTeryt><sln:powNazwa>kielecki</sln:powNazwa><sln:waznyOd>2012-09-04T00:00:00+02:00</sln:waznyOd><sln:wojIIPId>d021c0dd-b22e-4fcd-8444-904c64ec3aa8</sln:wojIIPId><sln:wojIIPPn>PL.PZGIK.200</sln:wojIIPPn><sln:wojIIPWersja>2012-09-27T13:45:13+02:00</sln:wojIIPWersja><sln:wojIdTeryt>26</sln:wojIdTeryt><sln:wojNazwa>świętokrzyskie</sln:wojNazwa></sln:miejscowosc><sln:miejscowosc><sln:cyklZyciaDo>2017-04-25T00:00:00+02:00</sln:cyklZyciaDo><sln:cyklZyciaOd>2015-10-26T00:00:00+01:00</sln:cyklZyciaOd><sln:gmIIPId>b74531f7-393a-4d11-847a-947d80b2b13f</sln:gmIIPId><sln:gmIIPPn>PL.PZGIK.200</sln:gmIIPPn><sln:gmIIPWersja>2012-09-26T22:18:31+02:00</sln:gmIIPWersja><sln:gmIdTeryt>2604112</sln:gmIdTeryt><sln:gmNazwa>Mniów</sln:gmNazwa><sln:miejscIIPId>c8ed46c6-6ff1-44c9-a8d0-bf118770398f</sln:miejscIIPId><sln:miejscIIPPn>PL.PZGIK.200</sln:miejscIIPPn><sln:miejscIIPWersja>2016-11-24T09:52:53+02:00</sln:miejscIIPWersja><sln:miejscIdTeryt>0253600</sln:miejscIdTeryt><sln:miejscNazwa>Wólka Kłucka</sln:miejscNazwa><sln:miejscRodzaj>Wieś</sln:miejscRodzaj><sln:powIIPId>b223bd08-4fe5-4456-8797-8eb39bfbd775</sln:powIIPId><sln:powIIPPn>PL.PZGIK.200</sln:powIIPPn><sln:powIIPWersja>2012-09-27T09:32:07+02:00</sln:powIIPWersja><sln:powIdTeryt>2604</sln:powIdTeryt><sln:powNazwa>kielecki</sln:powNazwa><sln:waznyOd>2012-09-04T00:00:00+02:00</sln:waznyOd><sln:wojIIPId>d021c0dd-b22e-4fcd-8444-904c64ec3aa8</sln:wojIIPId><sln:wojIIPPn>PL.PZGIK.200</sln:wojIIPPn><sln:wojIIPWersja>2012-09-27T13:45:13+02:00</sln:wojIIPWersja><sln:wojIdTeryt>26</sln:wojIdTeryt><sln:wojNazwa>świętokrzyskie</sln:wojNazwa></sln:miejscowosc><sln:miejscowosc><sln:cyklZyciaDo>2017-04-25T00:00:00+02:00</sln:cyklZyciaDo><sln:cyklZyciaOd>2015-10-26T00:00:00+01:00</sln:cyklZyciaOd><sln:gmIIPId>b74531f7-393a-4d11-847a-947d80b2b13f</sln:gmIIPId><sln:gmIIPPn>PL.PZGIK.200</sln:gmIIPPn><sln:gmIIPWersja>2012-09-26T22:18:31+02:00</sln:gmIIPWersja><sln:gmIdTeryt>2604112</sln:gmIdTeryt><sln:gmNazwa>Mniów</sln:gmNazwa><sln:miejscIIPId>fa5ccb06-1d9d-40e8-9f9a-fc7bfb4b2fe2</sln:miejscIIPId><sln:miejscIIPPn>PL.PZGIK.200</sln:miejscIIPPn><sln:miejscIIPWersja>2016-11-24T09:52:53+02:00</sln:miejscIIPWersja><sln:miejscIdTeryt>0253675</sln:miejscIdTeryt><sln:miejscNazwa>Zaborowice</sln:miejscNazwa><sln:miejscRodzaj>Wieś</sln:miejscRodzaj><sln:powIIPId>b223bd08-4fe5-4456-8797-8eb39bfbd775</sln:powIIPId><sln:powIIPPn>PL.PZGIK.200</sln:powIIPPn><sln:powIIPWersja>2012-09-27T09:32:07+02:00</sln:powIIPWersja><sln:powIdTeryt>2604</sln:powIdTeryt><sln:powNazwa>kielecki</sln:powNazwa><sln:waznyOd>2012-09-04T00:00:00+02:00</sln:waznyOd><sln:wojIIPId>d021c0dd-b22e-4fcd-8444-904c64ec3aa8</sln:wojIIPId><sln:wojIIPPn>PL.PZGIK.200</sln:wojIIPPn><sln:wojIIPWersja>2012-09-27T13:45:13+02:00</sln:wojIIPWersja><sln:wojIdTeryt>26</sln:wojIdTeryt><sln:wojNazwa>świętokrzyskie</sln:wojNazwa></sln:miejscowosc><sln:miejscowosc><sln:cyklZyciaDo>2017-04-25T00:00:00+02:00</sln:cyklZyciaDo><sln:cyklZyciaOd>2015-10-26T00:00:00+01:00</sln:cyklZyciaOd><sln:gmIIPId>b74531f7-393a-4d11-847a-947d80b2b13f</sln:gmIIPId><sln:gmIIPPn>PL.PZGIK.200</sln:gmIIPPn><sln:gmIIPWersja>2012-09-26T22:18:31+02:00</sln:gmIIPWersja><sln:gmIdTeryt>2604112</sln:gmIdTeryt><sln:gmNazwa>Mniów</sln:gmNazwa><sln:miejscIIPId>c81c3066-0467-47ea-9ce8-7d429562cd54</sln:miejscIIPId><sln:miejscIIPPn>PL.PZGIK.200</sln:miejscIIPPn><sln:miejscIIPWersja>2016-11-24T09:52:53+02:00</sln:miejscIIPWersja><sln:miejscIdTeryt>0253540</sln:miejscIdTeryt><sln:miejscNazwa>Zachybie</sln:miejscNazwa><sln:miejscRodzaj>Wieś</sln:miejscRodzaj><sln:powIIPId>b223bd08-4fe5-4456-8797-8eb39bfbd775</sln:powIIPId><sln:powIIPPn>PL.PZGIK.200</sln:powIIPPn><sln:powIIPWersja>2012-09-27T09:32:07+02:00</sln:powIIPWersja><sln:powIdTeryt>2604</sln:powIdTeryt><sln:powNazwa>kielecki</sln:powNazwa><sln:waznyOd>2012-09-04T00:00:00+02:00</sln:waznyOd><sln:wojIIPId>d021c0dd-b22e-4fcd-8444-904c64ec3aa8</sln:wojIIPId><sln:wojIIPPn>PL.PZGIK.200</sln:wojIIPPn><sln:wojIIPWersja>2012-09-27T13:45:13+02:00</sln:wojIIPWersja><sln:wojIdTeryt>26</sln:wojIdTeryt><sln:wojNazwa>świętokrzyskie</sln:wojNazwa></sln:miejscowosc><sln:miejscowosc><sln:cyklZyciaDo>2017-04-25T00:00:00+02:00</sln:cyklZyciaDo><sln:cyklZyciaOd>2015-10-26T00:00:00+01:00</sln:cyklZyciaOd><sln:gmIIPId>b74531f7-393a-4d11-847a-947d80b2b13f</sln:gmIIPId><sln:gmIIPPn>PL.PZGIK.200</sln:gmIIPPn><sln:gmIIPWersja>2012-09-26T22:18:31+02:00</sln:gmIIPWersja><sln:gmIdTeryt>2604112</sln:gmIdTeryt><sln:gmNazwa>Mniów</sln:gmNazwa><sln:miejscIIPId>ab6db4d4-90dd-450d-aebc-295268b12203</sln:miejscIIPId><sln:miejscIIPPn>PL.PZGIK.200</sln:miejscIIPPn><sln:miejscIIPWersja>2016-11-24T09:52:53+02:00</sln:miejscIIPWersja><sln:miejscIdTeryt>0253474</sln:miejscIdTeryt><sln:miejscNazwa>Przełom</sln:miejscNazwa><sln:miejscRodzaj>Wieś</sln:miejscRodzaj><sln:powIIPId>b223bd08-4fe5-4456-8797-8eb39bfbd775</sln:powIIPId><sln:powIIPPn>PL.PZGIK.200</sln:powIIPPn><sln:powIIPWersja>2012-09-27T09:32:07+02:00</sln:powIIPWersja><sln:powIdTeryt>2604</sln:powIdTeryt><sln:powNazwa>kielecki</sln:powNazwa><sln:waznyOd>2012-09-04T00:00:00+02:00</sln:waznyOd><sln:wojIIPId>d021c0dd-b22e-4fcd-8444-904c64ec3aa8</sln:wojIIPId><sln:wojIIPPn>PL.PZGIK.200</sln:wojIIPPn><sln:wojIIPWersja>2012-09-27T13:45:13+02:00</sln:wojIIPWersja><sln:wojIdTeryt>26</sln:wojIdTeryt><sln:wojNazwa>świętokrzyskie</sln:wojNazwa></sln:miejscowosc><sln:miejscowosc><sln:cyklZyciaDo>2017-04-25T00:00:00+02:00</sln:cyklZyciaDo><sln:cyklZyciaOd>2015-10-26T00:00:00+01:00</sln:cyklZyciaOd><sln:gmIIPId>b74531f7-393a-4d11-847a-947d80b2b13f</sln:gmIIPId><sln:gmIIPPn>PL.PZGIK.200</sln:gmIIPPn><sln:gmIIPWersja>2012-09-26T22:18:31+02:00</sln:gmIIPWersja><sln:gmIdTeryt>2604112</sln:gmIdTeryt><sln:gmNazwa>Mniów</sln:gmNazwa><sln:miejscIIPId>d24b6c2f-6bdc-49b6-9856-1bc9a7cfd784</sln:miejscIIPId><sln:miejscIIPPn>PL.PZGIK.200</sln:miejscIIPPn><sln:miejscIIPWersja>2016-11-24T09:52:53+02:00</sln:miejscIIPWersja><sln:miejscIdTeryt>0253505</sln:miejscIdTeryt><sln:miejscNazwa>Rogowice</sln:miejscNazwa><sln:miejscRodzaj>Wieś</sln:miejscRodzaj><sln:powIIPId>b223bd08-4fe5-4456-8797-8eb39bfbd775</sln:powIIPId><sln:powIIPPn>PL.PZGIK.200</sln:powIIPPn><sln:powIIPWersja>2012-09-27T09:32:07+02:00</sln:powIIPWersja><sln:powIdTeryt>2604</sln:powIdTeryt><sln:powNazwa>kielecki</sln:powNazwa><sln:waznyOd>2012-09-04T00:00:00+02:00</sln:waznyOd><sln:wojIIPId>d021c0dd-b22e-4fcd-8444-904c64ec3aa8</sln:wojIIPId><sln:wojIIPPn>PL.PZGIK.200</sln:wojIIPPn><sln:wojIIPWersja>2012-09-27T13:45:13+02:00</sln:wojIIPWersja><sln:wojIdTeryt>26</sln:wojIdTeryt><sln:wojNazwa>świętokrzyskie</sln:wojNazwa></sln:miejscowosc><sln:miejscowosc><sln:cyklZyciaDo>2017-04-25T00:00:00+02:00</sln:cyklZyciaDo><sln:cyklZyciaOd>2015-10-26T00:00:00+01:00</sln:cyklZyciaOd><sln:gmIIPId>b74531f7-393a-4d11-847a-947d80b2b13f</sln:gmIIPId><sln:gmIIPPn>PL.PZGIK.200</sln:gmIIPPn><sln:gmIIPWersja>2012-09-26T22:18:31+02:00</sln:gmIIPWersja><sln:gmIdTeryt>2604112</sln:gmIdTeryt><sln:gmNazwa>Mniów</sln:gmNazwa><sln:miejscIIPId>54365760-5bc5-411c-a7a9-83232c0857f7</sln:miejscIIPId><sln:miejscIIPPn>PL.PZGIK.200</sln:miejscIIPPn><sln:miejscIIPWersja>2016-11-24T09:52:53+02:00</sln:miejscIIPWersja><sln:miejscIdTeryt>0253557</sln:miejscIdTeryt><sln:miejscNazwa>Serbinów</sln:miejscNazwa><sln:miejscRodzaj>Wieś</sln:miejscRodzaj><sln:powIIPId>b223bd08-4fe5-4456-8797-8eb39bfbd775</sln:powIIPId><sln:powIIPPn>PL.PZGIK.200</sln:powIIPPn><sln:powIIPWersja>2012-09-27T09:32:07+02:00</sln:powIIPWersja><sln:powIdTeryt>2604</sln:powIdTeryt><sln:powNazwa>kielecki</sln:powNazwa><sln:waznyOd>2012-09-04T00:00:00+02:00</sln:waznyOd><sln:wojIIPId>d021c0dd-b22e-4fcd-8444-904c64ec3aa8</sln:wojIIPId><sln:wojIIPPn>PL.PZGIK.200</sln:wojIIPPn><sln:wojIIPWersja>2012-09-27T13:45:13+02:00</sln:wojIIPWersja><sln:wojIdTeryt>26</sln:wojIdTeryt><sln:wojNazwa>świętokrzyskie</sln:wojNazwa></sln:miejscowosc><sln:miejscowosc><sln:cyklZyciaOd>2017-04-25T00:00:00+02:00</sln:cyklZyciaOd><sln:gmIIPId>b74531f7-393a-4d11-847a-947d80b2b13f</sln:gmIIPId><sln:gmIIPPn>PL.PZGIK.200</sln:gmIIPPn><sln:gmIIPWersja>2012-09-26T22:18:31+02:00</sln:gmIIPWersja><sln:gmIdTeryt>2604112</sln:gmIdTeryt><sln:gmNazwa>Mniów</sln:gmNazwa><sln:miejscIIPId>9b01897d-6e06-45e4-99f8-bfaa873a7f89</sln:miejscIIPId><sln:miejscIIPPn>PL.PZGIK.200</sln:miejscIIPPn><sln:miejscIIPWersja>2017-04-25T15:39:55+02:00</sln:miejscIIPWersja><sln:miejscIdTeryt>0253043</sln:miejscIdTeryt><sln:miejscNazwa>Baran</sln:miejscNazwa><sln:miejscRodzaj>Wieś</sln:miejscRodzaj><sln:powIIPId>b223bd08-4fe5-4456-8797-8eb39bfbd775</sln:powIIPId><sln:powIIPPn>PL.PZGIK.200</sln:powIIPPn><sln:powIIPWersja>2012-09-27T09:32:07+02:00</sln:powIIPWersja><sln:powIdTeryt>2604</sln:powIdTeryt><sln:powNazwa>kielecki</sln:powNazwa><sln:waznyOd>2012-09-04T00:00:00+02:00</sln:waznyOd><sln:wojIIPId>d021c0dd-b22e-4fcd-8444-904c64ec3aa8</sln:wojIIPId><sln:wojIIPPn>PL.PZGIK.200</sln:wojIIPPn><sln:wojIIPWersja>2012-09-27T13:45:13+02:00</sln:wojIIPWersja><sln:wojIdTeryt>26</sln:wojIdTeryt><sln:wojNazwa>świętokrzyskie</sln:wojNazwa></sln:miejscowosc><sln:miejscowosc><sln:cyklZyciaOd>2017-04-25T00:00:00+02:00</sln:cyklZyciaOd><sln:gmIIPId>b74531f7-393a-4d11-847a-947d80b2b13f</sln:gmIIPId><sln:gmIIPPn>PL.PZGIK.200</sln:gmIIPPn><sln:gmIIPWersja>2012-09-26T22:18:31+02:00</sln:gmIIPWersja><sln:gmIdTeryt>2604112</sln:gmIdTeryt><sln:gmNazwa>Mniów</sln:gmNazwa><sln:miejscIIPId>b0e6677e-1b7a-4151-b6da-7be68fb20e47</sln:miejscIIPId><sln:miejscIIPPn>PL.PZGIK.200</sln:miejscIIPPn><sln:miejscIIPWersja>2017-04-25T15:40:02+02:00</sln:miejscIIPWersja><sln:miejscIdTeryt>0253066</sln:miejscIdTeryt><sln:miejscNazwa>Borki</sln:miejscNazwa><sln:miejscRodzaj>Wieś</sln:miejscRodzaj><sln:powIIPId>b223bd08-4fe5-4456-8797-8eb39bfbd775</sln:powIIPId><sln:powIIPPn>PL.PZGIK.200</sln:powIIPPn><sln:powIIPWersja>2012-09-27T09:32:07+02:00</sln:powIIPWersja><sln:powIdTeryt>2604</sln:powIdTeryt><sln:powNazwa>kielecki</sln:powNazwa><sln:waznyOd>2012-09-04T00:00:00+02:00</sln:waznyOd><sln:wojIIPId>d021c0dd-b22e-4fcd-8444-904c64ec3aa8</sln:wojIIPId><sln:wojIIPPn>PL.PZGIK.200</sln:wojIIPPn><sln:wojIIPWersja>2012-09-27T13:45:13+02:00</sln:wojIIPWersja><sln:wojIdTeryt>26</sln:wojIdTeryt><sln:wojNazwa>świętokrzyskie</sln:wojNazwa></sln:miejscowosc><sln:miejscowosc><sln:cyklZyciaOd>2017-04-25T00:00:00+02:00</sln:cyklZyciaOd><sln:gmIIPId>b74531f7-393a-4d11-847a-947d80b2b13f</sln:gmIIPId><sln:gmIIPPn>PL.PZGIK.200</sln:gmIIPPn><sln:gmIIPWersja>2012-09-26T22:18:31+02:00</sln:gmIIPWersja><sln:gmIdTeryt>2604112</sln:gmIdTeryt><sln:gmNazwa>Mniów</sln:gmNazwa><sln:miejscIIPId>2884e567-77c2-47ae-9959-2001bb34f84e</sln:miejscIIPId><sln:miejscIIPPn>PL.PZGIK.200</sln:miejscIIPPn><sln:miejscIIPWersja>2017-04-25T15:40:02+02:00</sln:miejscIIPWersja><sln:miejscIdTeryt>0253103</sln:miejscIdTeryt><sln:miejscNazwa>Chyby</sln:miejscNazwa><sln:miejscRodzaj>Wieś</sln:miejscRodzaj><sln:powIIPId>b223bd08-4fe5-4456-8797-8eb39bfbd775</sln:powIIPId><sln:powIIPPn>PL.PZGIK.200</sln:powIIPPn><sln:powIIPWersja>2012-09-27T09:32:07+02:00</sln:powIIPWersja><sln:powIdTeryt>2604</sln:powIdTeryt><sln:powNazwa>kielecki</sln:powNazwa><sln:waznyOd>2012-09-04T00:00:00+02:00</sln:waznyOd><sln:wojIIPId>d021c0dd-b22e-4fcd-8444-904c64ec3aa8</sln:wojIIPId><sln:wojIIPPn>PL.PZGIK.200</sln:wojIIPPn><sln:wojIIPWersja>2012-09-27T13:45:13+02:00</sln:wojIIPWersja><sln:wojIdTeryt>26</sln:wojIdTeryt><sln:wojNazwa>świętokrzyskie</sln:wojNazwa></sln:miejscowosc><sln:miejscowosc><sln:cyklZyciaOd>2017-04-25T00:00:00+02:00</sln:cyklZyciaOd><sln:gmIIPId>b74531f7-393a-4d11-847a-947d80b2b13f</sln:gmIIPId><sln:gmIIPPn>PL.PZGIK.200</sln:gmIIPPn><sln:gmIIPWersja>2012-09-26T22:18:31+02:00</sln:gmIIPWersja><sln:gmIdTeryt>2604112</sln:gmIdTeryt><sln:gmNazwa>Mniów</sln:gmNazwa><sln:miejscIIPId>76920e65-ea10-4b47-9ce9-1f507f2a8be9</sln:miejscIIPId><sln:miejscIIPPn>PL.PZGIK.200</sln:miejscIIPPn><sln:miejscIIPWersja>2017-04-25T15:40:02+02:00</sln:miejscIIPWersja><sln:miejscIdTeryt>0253110</sln:miejscIdTeryt><sln:miejscNazwa>Kontrewers</sln:miejscNazwa><sln:miejscRodzaj>Wieś</sln:miejscRodzaj><sln:powIIPId>b223bd08-4fe5-4456-8797-8eb39bfbd775</sln:powIIPId><sln:powIIPPn>PL.PZGIK.200</sln:powIIPPn><sln:powIIPWersja>2012-09-27T09:32:07+02:00</sln:powIIPWersja><sln:powIdTeryt>2604</sln:powIdTeryt><sln:powNazwa>kielecki</sln:powNazwa><sln:waznyOd>2012-09-04T00:00:00+02:00</sln:waznyOd><sln:wojIIPId>d021c0dd-b22e-4fcd-8444-904c64ec3aa8</sln:wojIIPId><sln:wojIIPPn>PL.PZGIK.200</sln:wojIIPPn><sln:wojIIPWersja>2012-09-27T13:45:13+02:00</sln:wojIIPWersja><sln:wojIdTeryt>26</sln:wojIdTeryt><sln:wojNazwa>świętokrzyskie</sln:wojNazwa></sln:miejscowosc><sln:miejscowosc><sln:cyklZyciaOd>2017-04-25T00:00:00+02:00</sln:cyklZyciaOd><sln:gmIIPId>b74531f7-393a-4d11-847a-947d80b2b13f</sln:gmIIPId><sln:gmIIPPn>PL.PZGIK.200</sln:gmIIPPn><sln:gmIIPWersja>2012-09-26T22:18:31+02:00</sln:gmIIPWersja><sln:gmIdTeryt>2604112</sln:gmIdTeryt><sln:gmNazwa>Mniów</sln:gmNazwa><sln:miejscIIPId>3c753cdc-fcd3-4800-80e3-7231f05cdd50</sln:miejscIIPId><sln:miejscIIPPn>PL.PZGIK.200</sln:miejscIIPPn><sln:miejscIIPWersja>2017-04-25T15:40:02+02:00</sln:miejscIIPWersja><sln:miejscIdTeryt>0253126</sln:miejscIdTeryt><sln:miejscNazwa>Cierchy</sln:miejscNazwa><sln:miejscRodzaj>Wieś</sln:miejscRodzaj><sln:powIIPId>b223bd08-4fe5-4456-8797-8eb39bfbd775</sln:powIIPId><sln:powIIPPn>PL.PZGIK.200</sln:powIIPPn><sln:powIIPWersja>2012-09-27T09:32:07+02:00</sln:powIIPWersja><sln:powIdTeryt>2604</sln:powIdTeryt><sln:powNazwa>kielecki</sln:powNazwa><sln:waznyOd>2012-09-04T00:00:00+02:00</sln:waznyOd><sln:wojIIPId>d021c0dd-b22e-4fcd-8444-904c64ec3aa8</sln:wojIIPId><sln:wojIIPPn>PL.PZGIK.200</sln:wojIIPPn><sln:wojIIPWersja>2012-09-27T13:45:13+02:00</sln:wojIIPWersja><sln:wojIdTeryt>26</sln:wojIdTeryt><sln:wojNazwa>świętokrzyskie</sln:wojNazwa></sln:miejscowosc><sln:miejscowosc><sln:cyklZyciaOd>2017-04-25T00:00:00+02:00</sln:cyklZyciaOd><sln:gmIIPId>b74531f7-393a-4d11-847a-947d80b2b13f</sln:gmIIPId><sln:gmIIPPn>PL.PZGIK.200</sln:gmIIPPn><sln:gmIIPWersja>2012-09-26T22:18:31+02:00</sln:gmIIPWersja><sln:gmIdTeryt>2604112</sln:gmIdTeryt><sln:gmNazwa>Mniów</sln:gmNazwa><sln:miejscIIPId>69aa0422-c65f-4c31-b5ad-f9779676f1ad</sln:miejscIIPId><sln:miejscIIPPn>PL.PZGIK.200</sln:miejscIIPPn><sln:miejscIIPWersja>2017-04-25T15:40:03+02:00</sln:miejscIIPWersja><sln:miejscIdTeryt>0253155</sln:miejscIdTeryt><sln:miejscNazwa>Grzymałków</sln:miejscNazwa><sln:miejscRodzaj>Wieś</sln:miejscRodzaj><sln:powIIPId>b223bd08-4fe5-4456-8797-8eb39bfbd775</sln:powIIPId><sln:powIIPPn>PL.PZGIK.200</sln:powIIPPn><sln:powIIPWersja>2012-09-27T09:32:07+02:00</sln:powIIPWersja><sln:powIdTeryt>2604</sln:powIdTeryt><sln:powNazwa>kielecki</sln:powNazwa><sln:waznyOd>2012-09-04T00:00:00+02:00</sln:waznyOd><sln:wojIIPId>d021c0dd-b22e-4fcd-8444-904c64ec3aa8</sln:wojIIPId><sln:wojIIPPn>PL.PZGIK.200</sln:wojIIPPn><sln:wojIIPWersja>2012-09-27T13:45:13+02:00</sln:wojIIPWersja><sln:wojIdTeryt>26</sln:wojIdTeryt><sln:wojNazwa>świętokrzyskie</sln:wojNazwa></sln:miejscowosc><sln:miejscowosc><sln:cyklZyciaOd>2017-04-25T00:00:00+02:00</sln:cyklZyciaOd><sln:gmIIPId>b74531f7-393a-4d11-847a-947d80b2b13f</sln:gmIIPId><sln:gmIIPPn>PL.PZGIK.200</sln:gmIIPPn><sln:gmIIPWersja>2012-09-26T22:18:31+02:00</sln:gmIIPWersja><sln:gmIdTeryt>2604112</sln:gmIdTeryt><sln:gmNazwa>Mniów</sln:gmNazwa><sln:miejscIIPId>d049ad26-5585-401c-8f8e-3345c8adfc60</sln:miejscIIPId><sln:miejscIIPPn>PL.PZGIK.200</sln:miejscIIPPn><sln:miejscIIPWersja>2017-04-25T15:40:03+02:00</sln:miejscIIPWersja><sln:miejscIdTeryt>0253215</sln:miejscIdTeryt><sln:miejscNazwa>Malmurzyn</sln:miejscNazwa><sln:miejscRodzaj>Wieś</sln:miejscRodzaj><sln:powIIPId>b223bd08-4fe5-4456-8797-8eb39bfbd775</sln:powIIPId><sln:powIIPPn>PL.PZGIK.200</sln:powIIPPn><sln:powIIPWersja>2012-09-27T09:32:07+02:00</sln:powIIPWersja><sln:powIdTeryt>2604</sln:powIdTeryt><sln:powNazwa>kielecki</sln:powNazwa><sln:waznyOd>2012-09-04T00:00:00+02:00</sln:waznyOd><sln:wojIIPId>d021c0dd-b22e-4fcd-8444-904c64ec3aa8</sln:wojIIPId><sln:wojIIPPn>PL.PZGIK.200</sln:wojIIPPn><sln:wojIIPWersja>2012-09-27T13:45:13+02:00</sln:wojIIPWersja><sln:wojIdTeryt>26</sln:wojIdTeryt><sln:wojNazwa>świętokrzyskie</sln:wojNazwa></sln:miejscowosc><sln:miejscowosc><sln:cyklZyciaOd>2017-04-25T00:00:00+02:00</sln:cyklZyciaOd><sln:gmIIPId>b74531f7-393a-4d11-847a-947d80b2b13f</sln:gmIIPId><sln:gmIIPPn>PL.PZGIK.200</sln:gmIIPPn><sln:gmIIPWersja>2012-09-26T22:18:31+02:00</sln:gmIIPWersja><sln:gmIdTeryt>2604112</sln:gmIdTeryt><sln:gmNazwa>Mniów</sln:gmNazwa><sln:miejscIIPId>7689a2da-3b27-449a-ad19-557e990766d3</sln:miejscIIPId><sln:miejscIIPPn>PL.PZGIK.200</sln:miejscIIPPn><sln:miejscIIPWersja>2017-04-25T15:40:03+02:00</sln:miejscIIPWersja><sln:miejscIdTeryt>0253221</sln:miejscIdTeryt><sln:miejscNazwa>Piaski</sln:miejscNazwa><sln:miejscRodzaj>Wieś</sln:miejscRodzaj><sln:powIIPId>b223bd08-4fe5-4456-8797-8eb39bfbd775</sln:powIIPId><sln:powIIPPn>PL.PZGIK.200</sln:powIIPPn><sln:powIIPWersja>2012-09-27T09:32:07+02:00</sln:powIIPWersja><sln:powIdTeryt>2604</sln:powIdTeryt><sln:powNazwa>kielecki</sln:powNazwa><sln:waznyOd>2012-09-04T00:00:00+02:00</sln:waznyOd><sln:wojIIPId>d021c0dd-b22e-4fcd-8444-904c64ec3aa8</sln:wojIIPId><sln:wojIIPPn>PL.PZGIK.200</sln:wojIIPPn><sln:wojIIPWersja>2012-09-27T13:45:13+02:00</sln:wojIIPWersja><sln:wojIdTeryt>26</sln:wojIdTeryt><sln:wojNazwa>świętokrzyskie</sln:wojNazwa></sln:miejscowosc><sln:miejscowosc><sln:cyklZyciaOd>2017-04-25T00:00:00+02:00</sln:cyklZyciaOd><sln:gmIIPId>b74531f7-393a-4d11-847a-947d80b2b13f</sln:gmIIPId><sln:gmIIPPn>PL.PZGIK.200</sln:gmIIPPn><sln:gmIIPWersja>2012-09-26T22:18:31+02:00</sln:gmIIPWersja><sln:gmIdTeryt>2604112</sln:gmIdTeryt><sln:gmNazwa>Mniów</sln:gmNazwa><sln:miejscIIPId>de6a140d-6e8d-4a5a-8a58-7b140a95cd1a</sln:miejscIIPId><sln:miejscIIPPn>PL.PZGIK.200</sln:miejscIIPPn><sln:miejscIIPWersja>2017-04-25T15:40:03+02:00</sln:miejscIIPWersja><sln:miejscIdTeryt>0253238</sln:miejscIdTeryt><sln:miejscNazwa>Stachura</sln:miejscNazwa><sln:miejscRodzaj>Wieś</sln:miejscRodzaj><sln:powIIPId>b223bd08-4fe5-4456-8797-8eb39bfbd775</sln:powIIPId><sln:powIIPPn>PL.PZGIK.200</sln:powIIPPn><sln:powIIPWersja>2012-09-27T09:32:07+02:00</sln:powIIPWersja><sln:powIdTeryt>2604</sln:powIdTeryt><sln:powNazwa>kielecki</sln:powNazwa><sln:waznyOd>2012-09-04T00:00:00+02:00</sln:waznyOd><sln:wojIIPId>d021c0dd-b22e-4fcd-8444-904c64ec3aa8</sln:wojIIPId><sln:wojIIPPn>PL.PZGIK.200</sln:wojIIPPn><sln:wojIIPWersja>2012-09-27T13:45:13+02:00</sln:wojIIPWersja><sln:wojIdTeryt>26</sln:wojIdTeryt><sln:wojNazwa>świętokrzyskie</sln:wojNazwa></sln:miejscowosc><sln:miejscowosc><sln:cyklZyciaOd>2017-04-25T00:00:00+02:00</sln:cyklZyciaOd><sln:gmIIPId>b74531f7-393a-4d11-847a-947d80b2b13f</sln:gmIIPId><sln:gmIIPPn>PL.PZGIK.200</sln:gmIIPPn><sln:gmIIPWersja>2012-09-26T22:18:31+02:00</sln:gmIIPWersja><sln:gmIdTeryt>2604112</sln:gmIdTeryt><sln:gmNazwa>Mniów</sln:gmNazwa><sln:miejscIIPId>45010ae0-1afc-450a-a19d-4d41ac5278d3</sln:miejscIIPId><sln:miejscIIPPn>PL.PZGIK.200</sln:miejscIIPPn><sln:miejscIIPWersja>2017-04-25T15:40:03+02:00</sln:miejscIIPWersja><sln:miejscIdTeryt>0253244</sln:miejscIdTeryt><sln:miejscNazwa>Mniów</sln:miejscNazwa><sln:miejscRodzaj>Wieś</sln:miejscRodzaj><sln:powIIPId>b223bd08-4fe5-4456-8797-8eb39bfbd775</sln:powIIPId><sln:powIIPPn>PL.PZGIK.200</sln:powIIPPn><sln:powIIPWersja>2012-09-27T09:32:07+02:00</sln:powIIPWersja><sln:powIdTeryt>2604</sln:powIdTeryt><sln:powNazwa>kielecki</sln:powNazwa><sln:waznyOd>2012-09-04T00:00:00+02:00</sln:waznyOd><sln:wojIIPId>d021c0dd-b22e-4fcd-8444-904c64ec3aa8</sln:wojIIPId><sln:wojIIPPn>PL.PZGIK.200</sln:wojIIPPn><sln:wojIIPWersja>2012-09-27T13:45:13+02:00</sln:wojIIPWersja><sln:wojIdTeryt>26</sln:wojIdTeryt><sln:wojNazwa>świętokrzyskie</sln:wojNazwa></sln:miejscowosc><sln:miejscowosc><sln:cyklZyciaOd>2017-04-25T00:00:00+02:00</sln:cyklZyciaOd><sln:gmIIPId>b74531f7-393a-4d11-847a-947d80b2b13f</sln:gmIIPId><sln:gmIIPPn>PL.PZGIK.200</sln:gmIIPPn><sln:gmIIPWersja>2012-09-26T22:18:31+02:00</sln:gmIIPWersja><sln:gmIdTeryt>2604112</sln:gmIdTeryt><sln:gmNazwa>Mniów</sln:gmNazwa><sln:miejscIIPId>f6ff147b-2f95-4a16-813c-44ab82d7ca2f</sln:miejscIIPId><sln:miejscIIPPn>PL.PZGIK.200</sln:miejscIIPPn><sln:miejscIIPWersja>2017-04-25T15:40:03+02:00</sln:miejscIIPWersja><sln:miejscIdTeryt>0253356</sln:miejscIdTeryt><sln:miejscNazwa>Mokry Bór</sln:miejscNazwa><sln:miejscRodzaj>Wieś</sln:miejscRodzaj><sln:powIIPId>b223bd08-4fe5-4456-8797-8eb39bfbd775</sln:powIIPId><sln:powIIPPn>PL.PZGIK.200</sln:powIIPPn><sln:powIIPWersja>2012-09-27T09:32:07+02:00</sln:powIIPWersja><sln:powIdTeryt>2604</sln:powIdTeryt><sln:powNazwa>kielecki</sln:powNazwa><sln:waznyOd>2012-09-04T00:00:00+02:00</sln:waznyOd><sln:wojIIPId>d021c0dd-b22e-4fcd-8444-904c64ec3aa8</sln:wojIIPId><sln:wojIIPPn>PL.PZGIK.200</sln:wojIIPPn><sln:wojIIPWersja>2012-09-27T13:45:13+02:00</sln:wojIIPWersja><sln:wojIdTeryt>26</sln:wojIdTeryt><sln:wojNazwa>świętokrzyskie</sln:wojNazwa></sln:miejscowosc><sln:miejscowosc><sln:cyklZyciaOd>2017-04-25T00:00:00+02:00</sln:cyklZyciaOd><sln:gmIIPId>b74531f7-393a-4d11-847a-947d80b2b13f</sln:gmIIPId><sln:gmIIPPn>PL.PZGIK.200</sln:gmIIPPn><sln:gmIIPWersja>2012-09-26T22:18:31+02:00</sln:gmIIPWersja><sln:gmIdTeryt>2604112</sln:gmIdTeryt><sln:gmNazwa>Mniów</sln:gmNazwa><sln:miejscIIPId>78533918-0b7b-4203-986a-989baa04c046</sln:miejscIIPId><sln:miejscIIPPn>PL.PZGIK.200</sln:miejscIIPPn><sln:miejscIIPWersja>2017-04-25T15:40:03+02:00</sln:miejscIIPWersja><sln:miejscIdTeryt>0253362</sln:miejscIdTeryt><sln:miejscNazwa>Pałęgi</sln:miejscNazwa><sln:miejscRodzaj>Wieś</sln:miejscRodzaj><sln:powIIPId>b223bd08-4fe5-4456-8797-8eb39bfbd775</sln:powIIPId><sln:powIIPPn>PL.PZGIK.200</sln:powIIPPn><sln:powIIPWersja>2012-09-27T09:32:07+02:00</sln:powIIPWersja><sln:powIdTeryt>2604</sln:powIdTeryt><sln:powNazwa>kielecki</sln:powNazwa><sln:waznyOd>2012-09-04T00:00:00+02:00</sln:waznyOd><sln:wojIIPId>d021c0dd-b22e-4fcd-8444-904c64ec3aa8</sln:wojIIPId><sln:wojIIPPn>PL.PZGIK.200</sln:wojIIPPn><sln:wojIIPWersja>2012-09-27T13:45:13+02:00</sln:wojIIPWersja><sln:wojIdTeryt>26</sln:wojIdTeryt><sln:wojNazwa>świętokrzyskie</sln:wojNazwa></sln:miejscowosc><sln:miejscowosc><sln:cyklZyciaOd>2017-04-25T00:00:00+02:00</sln:cyklZyciaOd><sln:gmIIPId>b74531f7-393a-4d11-847a-947d80b2b13f</sln:gmIIPId><sln:gmIIPPn>PL.PZGIK.200</sln:gmIIPPn><sln:gmIIPWersja>2012-09-26T22:18:31+02:00</sln:gmIIPWersja><sln:gmIdTeryt>2604112</sln:gmIdTeryt><sln:gmNazwa>Mniów</sln:gmNazwa><sln:miejscIIPId>152b145d-d273-4499-88b1-a0b0e5007b46</sln:miejscIIPId><sln:miejscIIPPn>PL.PZGIK.200</sln:miejscIIPPn><sln:miejscIIPWersja>2017-04-25T15:40:03+02:00</sln:miejscIIPWersja><sln:miejscIdTeryt>0253391</sln:miejscIdTeryt><sln:miejscNazwa>Pępice</sln:miejscNazwa><sln:miejscRodzaj>Wieś</sln:miejscRodzaj><sln:powIIPId>b223bd08-4fe5-4456-8797-8eb39bfbd775</sln:powIIPId><sln:powIIPPn>PL.PZGIK.200</sln:powIIPPn><sln:powIIPWersja>2012-09-27T09:32:07+02:00</sln:powIIPWersja><sln:powIdTeryt>2604</sln:powIdTeryt><sln:powNazwa>kielecki</sln:powNazwa><sln:waznyOd>2012-09-04T00:00:00+02:00</sln:waznyOd><sln:wojIIPId>d021c0dd-b22e-4fcd-8444-904c64ec3aa8</sln:wojIIPId><sln:wojIIPPn>PL.PZGIK.200</sln:wojIIPPn><sln:wojIIPWersja>2012-09-27T13:45:13+02:00</sln:wojIIPWersja><sln:wojIdTeryt>26</sln:wojIdTeryt><sln:wojNazwa>świętokrzyskie</sln:wojNazwa></sln:miejscowosc><sln:miejscowosc><sln:cyklZyciaOd>2017-04-25T00:00:00+02:00</sln:cyklZyciaOd><sln:gmIIPId>b74531f7-393a-4d11-847a-947d80b2b13f</sln:gmIIPId><sln:gmIIPPn>PL.PZGIK.200</sln:gmIIPPn><sln:gmIIPWersja>2012-09-26T22:18:31+02:00</sln:gmIIPWersja><sln:gmIdTeryt>2604112</sln:gmIdTeryt><sln:gmNazwa>Mniów</sln:gmNazwa><sln:miejscIIPId>6159f615-cb62-4fd1-9d5d-ff7dc5e68e82</sln:miejscIIPId><sln:miejscIIPPn>PL.PZGIK.200</sln:miejscIIPPn><sln:miejscIIPWersja>2017-04-25T15:40:03+02:00</sln:miejscIIPWersja><sln:miejscIdTeryt>0253445</sln:miejscIdTeryt><sln:miejscNazwa>Pielaki</sln:miejscNazwa><sln:miejscRodzaj>Wieś</sln:miejscRodzaj><sln:powIIPId>b223bd08-4fe5-4456-8797-8eb39bfbd775</sln:powIIPId><sln:powIIPPn>PL.PZGIK.200</sln:powIIPPn><sln:powIIPWersja>2012-09-27T09:32:07+02:00</sln:powIIPWersja><sln:powIdTeryt>2604</sln:powIdTeryt><sln:powNazwa>kielecki</sln:powNazwa><sln:waznyOd>2012-09-04T00:00:00+02:00</sln:waznyOd><sln:wojIIPId>d021c0dd-b22e-4fcd-8444-904c64ec3aa8</sln:wojIIPId><sln:wojIIPPn>PL.PZGIK.200</sln:wojIIPPn><sln:wojIIPWersja>2012-09-27T13:45:13+02:00</sln:wojIIPWersja><sln:wojIdTeryt>26</sln:wojIdTeryt><sln:wojNazwa>świętokrzyskie</sln:wojNazwa></sln:miejscowosc><sln:miejscowosc><sln:cyklZyciaOd>2017-04-25T00:00:00+02:00</sln:cyklZyciaOd><sln:gmIIPId>b74531f7-393a-4d11-847a-947d80b2b13f</sln:gmIIPId><sln:gmIIPPn>PL.PZGIK.200</sln:gmIIPPn><sln:gmIIPWersja>2012-09-26T22:18:31+02:00</sln:gmIIPWersja><sln:gmIdTeryt>2604112</sln:gmIdTeryt><sln:gmNazwa>Mniów</sln:gmNazwa><sln:miejscIIPId>33324553-085c-456b-b666-a967492c99f7</sln:miejscIIPId><sln:miejscIIPPn>PL.PZGIK.200</sln:miejscIIPPn><sln:miejscIIPWersja>2017-04-25T15:40:03+02:00</sln:miejscIIPWersja><sln:miejscIdTeryt>0253451</sln:miejscIdTeryt><sln:miejscNazwa>Pieradła</sln:miejscNazwa><sln:miejscRodzaj>Wieś</sln:miejscRodzaj><sln:powIIPId>b223bd08-4fe5-4456-8797-8eb39bfbd775</sln:powIIPId><sln:powIIPPn>PL.PZGIK.200</sln:powIIPPn><sln:powIIPWersja>2012-09-27T09:32:07+02:00</sln:powIIPWersja><sln:powIdTeryt>2604</sln:powIdTeryt><sln:powNazwa>kielecki</sln:powNazwa><sln:waznyOd>2012-09-04T00:00:00+02:00</sln:waznyOd><sln:wojIIPId>d021c0dd-b22e-4fcd-8444-904c64ec3aa8</sln:wojIIPId><sln:wojIIPPn>PL.PZGIK.200</sln:wojIIPPn><sln:wojIIPWersja>2012-09-27T13:45:13+02:00</sln:wojIIPWersja><sln:wojIdTeryt>26</sln:wojIdTeryt><sln:wojNazwa>świętokrzyskie</sln:wojNazwa></sln:miejscowosc><sln:miejscowosc><sln:cyklZyciaOd>2017-04-25T00:00:00+02:00</sln:cyklZyciaOd><sln:gmIIPId>b74531f7-393a-4d11-847a-947d80b2b13f</sln:gmIIPId><sln:gmIIPPn>PL.PZGIK.200</sln:gmIIPPn><sln:gmIIPWersja>2012-09-26T22:18:31+02:00</sln:gmIIPWersja><sln:gmIdTeryt>2604112</sln:gmIdTeryt><sln:gmNazwa>Mniów</sln:gmNazwa><sln:miejscIIPId>2385747a-19f3-4c64-bb54-d92cb274fc5a</sln:miejscIIPId><sln:miejscIIPPn>PL.PZGIK.200</sln:miejscIIPPn><sln:miejscIIPWersja>2017-04-25T15:40:03+02:00</sln:miejscIIPWersja><sln:miejscIdTeryt>0253468</sln:miejscIdTeryt><sln:miejscNazwa>Podchyby</sln:miejscNazwa><sln:miejscRodzaj>Wieś</sln:miejscRodzaj><sln:powIIPId>b223bd08-4fe5-4456-8797-8eb39bfbd775</sln:powIIPId><sln:powIIPPn>PL.PZGIK.200</sln:powIIPPn><sln:powIIPWersja>2012-09-27T09:32:07+02:00</sln:powIIPWersja><sln:powIdTeryt>2604</sln:powIdTeryt><sln:powNazwa>kielecki</sln:powNazwa><sln:waznyOd>2012-09-04T00:00:00+02:00</sln:waznyOd><sln:wojIIPId>d021c0dd-b22e-4fcd-8444-904c64ec3aa8</sln:wojIIPId><sln:wojIIPPn>PL.PZGIK.200</sln:wojIIPPn><sln:wojIIPWersja>2012-09-27T13:45:13+02:00</sln:wojIIPWersja><sln:wojIdTeryt>26</sln:wojIdTeryt><sln:wojNazwa>świętokrzyskie</sln:wojNazwa></sln:miejscowosc><sln:miejscowosc><sln:cyklZyciaOd>2017-04-25T00:00:00+02:00</sln:cyklZyciaOd><sln:gmIIPId>b74531f7-393a-4d11-847a-947d80b2b13f</sln:gmIIPId><sln:gmIIPPn>PL.PZGIK.200</sln:gmIIPPn><sln:gmIIPWersja>2012-09-26T22:18:31+02:00</sln:gmIIPWersja><sln:gmIdTeryt>2604112</sln:gmIdTeryt><sln:gmNazwa>Mniów</sln:gmNazwa><sln:miejscIIPId>ab6db4d4-90dd-450d-aebc-295268b12203</sln:miejscIIPId><sln:miejscIIPPn>PL.PZGIK.200</sln:miejscIIPPn><sln:miejscIIPWersja>2017-04-25T15:40:04+02:00</sln:miejscIIPWersja><sln:miejscIdTeryt>0253474</sln:miejscIdTeryt><sln:miejscNazwa>Przełom</sln:miejscNazwa><sln:miejscRodzaj>Wieś</sln:miejscRodzaj><sln:powIIPId>b223bd08-4fe5-4456-8797-8eb39bfbd775</sln:powIIPId><sln:powIIPPn>PL.PZGIK.200</sln:powIIPPn><sln:powIIPWersja>2012-09-27T09:32:07+02:00</sln:powIIPWersja><sln:powIdTeryt>2604</sln:powIdTeryt><sln:powNazwa>kielecki</sln:powNazwa><sln:waznyOd>2012-09-04T00:00:00+02:00</sln:waznyOd><sln:wojIIPId>d021c0dd-b22e-4fcd-8444-904c64ec3aa8</sln:wojIIPId><sln:wojIIPPn>PL.PZGIK.200</sln:wojIIPPn><sln:wojIIPWersja>2012-09-27T13:45:13+02:00</sln:wojIIPWersja><sln:wojIdTeryt>26</sln:wojIdTeryt><sln:wojNazwa>świętokrzyskie</sln:wojNazwa></sln:miejscowosc><sln:miejscowosc><sln:cyklZyciaOd>2017-04-25T00:00:00+02:00</sln:cyklZyciaOd><sln:gmIIPId>b74531f7-393a-4d11-847a-947d80b2b13f</sln:gmIIPId><sln:gmIIPPn>PL.PZGIK.200</sln:gmIIPPn><sln:gmIIPWersja>2012-09-26T22:18:31+02:00</sln:gmIIPWersja><sln:gmIdTeryt>2604112</sln:gmIdTeryt><sln:gmNazwa>Mniów</sln:gmNazwa><sln:miejscIIPId>1a9daa1f-f806-48ed-a9b7-cc4071a84a88</sln:miejscIIPId><sln:miejscIIPPn>PL.PZGIK.200</sln:miejscIIPPn><sln:miejscIIPWersja>2017-04-25T15:40:04+02:00</sln:miejscIIPWersja><sln:miejscIdTeryt>0253497</sln:miejscIdTeryt><sln:miejscNazwa>Olszyna</sln:miejscNazwa><sln:miejscRodzaj>Inny obiekt</sln:miejscRodzaj><sln:powIIPId>b223bd08-4fe5-4456-8797-8eb39bfbd775</sln:powIIPId><sln:powIIPPn>PL.PZGIK.200</sln:powIIPPn><sln:powIIPWersja>2012-09-27T09:32:07+02:00</sln:powIIPWersja><sln:powIdTeryt>2604</sln:powIdTeryt><sln:powNazwa>kielecki</sln:powNazwa><sln:waznyOd>2012-09-04T00:00:00+02:00</sln:waznyOd><sln:wojIIPId>d021c0dd-b22e-4fcd-8444-904c64ec3aa8</sln:wojIIPId><sln:wojIIPPn>PL.PZGIK.200</sln:wojIIPPn><sln:wojIIPWersja>2012-09-27T13:45:13+02:00</sln:wojIIPWersja><sln:wojIdTeryt>26</sln:wojIdTeryt><sln:wojNazwa>świętokrzyskie</sln:wojNazwa></sln:miejscowosc><sln:miejscowosc><sln:cyklZyciaOd>2017-04-25T00:00:00+02:00</sln:cyklZyciaOd><sln:gmIIPId>b74531f7-393a-4d11-847a-947d80b2b13f</sln:gmIIPId><sln:gmIIPPn>PL.PZGIK.200</sln:gmIIPPn><sln:gmIIPWersja>2012-09-26T22:18:31+02:00</sln:gmIIPWersja><sln:gmIdTeryt>2604112</sln:gmIdTeryt><sln:gmNazwa>Mniów</sln:gmNazwa><sln:miejscIIPId>d24b6c2f-6bdc-49b6-9856-1bc9a7cfd784</sln:miejscIIPId><sln:miejscIIPPn>PL.PZGIK.200</sln:miejscIIPPn><sln:miejscIIPWersja>2017-04-25T15:40:04+02:00</sln:miejscIIPWersja><sln:miejscIdTeryt>0253505</sln:miejscIdTeryt><sln:miejscNazwa>Rogowice</sln:miejscNazwa><sln:miejscRodzaj>Wieś</sln:miejscRodzaj><sln:powIIPId>b223bd08-4fe5-4456-8797-8eb39bfbd775</sln:powIIPId><sln:powIIPPn>PL.PZGIK.200</sln:powIIPPn><sln:powIIPWersja>2012-09-27T09:32:07+02:00</sln:powIIPWersja><sln:powIdTeryt>2604</sln:powIdTeryt><sln:powNazwa>kielecki</sln:powNazwa><sln:waznyOd>2012-09-04T00:00:00+02:00</sln:waznyOd><sln:wojIIPId>d021c0dd-b22e-4fcd-8444-904c64ec3aa8</sln:wojIIPId><sln:wojIIPPn>PL.PZGIK.200</sln:wojIIPPn><sln:wojIIPWersja>2012-09-27T13:45:13+02:00</sln:wojIIPWersja><sln:wojIdTeryt>26</sln:wojIdTeryt><sln:wojNazwa>świętokrzyskie</sln:wojNazwa></sln:miejscowosc><sln:miejscowosc><sln:cyklZyciaOd>2017-04-25T00:00:00+02:00</sln:cyklZyciaOd><sln:gmIIPId>b74531f7-393a-4d11-847a-947d80b2b13f</sln:gmIIPId><sln:gmIIPPn>PL.PZGIK.200</sln:gmIIPPn><sln:gmIIPWersja>2012-09-26T22:18:31+02:00</sln:gmIIPWersja><sln:gmIdTeryt>2604112</sln:gmIdTeryt><sln:gmNazwa>Mniów</sln:gmNazwa><sln:miejscIIPId>9ef1e45e-d71a-456d-bda0-6ae0222554ae</sln:miejscIIPId><sln:miejscIIPPn>PL.PZGIK.200</sln:miejscIIPPn><sln:miejscIIPWersja>2017-04-25T15:40:04+02:00</sln:miejscIIPWersja><sln:miejscIdTeryt>0253528</sln:miejscIdTeryt><sln:miejscNazwa>Lisie Jamy</sln:miejscNazwa><sln:miejscRodzaj>Wieś</sln:miejscRodzaj><sln:powIIPId>b223bd08-4fe5-4456-8797-8eb39bfbd775</sln:powIIPId><sln:powIIPPn>PL.PZGIK.200</sln:powIIPPn><sln:powIIPWersja>2012-09-27T09:32:07+02:00</sln:powIIPWersja><sln:powIdTeryt>2604</sln:powIdTeryt><sln:powNazwa>kielecki</sln:powNazwa><sln:waznyOd>2012-09-04T00:00:00+02:00</sln:waznyOd><sln:wojIIPId>d021c0dd-b22e-4fcd-8444-904c64ec3aa8</sln:wojIIPId><sln:wojIIPPn>PL.PZGIK.200</sln:wojIIPPn><sln:wojIIPWersja>2012-09-27T13:45:13+02:00</sln:wojIIPWersja><sln:wojIdTeryt>26</sln:wojIdTeryt><sln:wojNazwa>świętokrzyskie</sln:wojNazwa></sln:miejscowosc><sln:miejscowosc><sln:cyklZyciaOd>2017-04-25T00:00:00+02:00</sln:cyklZyciaOd><sln:gmIIPId>b74531f7-393a-4d11-847a-947d80b2b13f</sln:gmIIPId><sln:gmIIPPn>PL.PZGIK.200</sln:gmIIPPn><sln:gmIIPWersja>2012-09-26T22:18:31+02:00</sln:gmIIPWersja><sln:gmIdTeryt>2604112</sln:gmIdTeryt><sln:gmNazwa>Mniów</sln:gmNazwa><sln:miejscIIPId>c81c3066-0467-47ea-9ce8-7d429562cd54</sln:miejscIIPId><sln:miejscIIPPn>PL.PZGIK.200</sln:miejscIIPPn><sln:miejscIIPWersja>2017-04-25T15:40:04+02:00</sln:miejscIIPWersja><sln:miejscIdTeryt>0253540</sln:miejscIdTeryt><sln:miejscNazwa>Zachybie</sln:miejscNazwa><sln:miejscRodzaj>Wieś</sln:miejscRodzaj><sln:powIIPId>b223bd08-4fe5-4456-8797-8eb39bfbd775</sln:powIIPId><sln:powIIPPn>PL.PZGIK.200</sln:powIIPPn><sln:powIIPWersja>2012-09-27T09:32:07+02:00</sln:powIIPWersja><sln:powIdTeryt>2604</sln:powIdTeryt><sln:powNazwa>kielecki</sln:powNazwa><sln:waznyOd>2012-09-04T00:00:00+02:00</sln:waznyOd><sln:wojIIPId>d021c0dd-b22e-4fcd-8444-904c64ec3aa8</sln:wojIIPId><sln:wojIIPPn>PL.PZGIK.200</sln:wojIIPPn><sln:wojIIPWersja>2012-09-27T13:45:13+02:00</sln:wojIIPWersja><sln:wojIdTeryt>26</sln:wojIdTeryt><sln:wojNazwa>świętokrzyskie</sln:wojNazwa></sln:miejscowosc><sln:miejscowosc><sln:cyklZyciaOd>2017-04-25T00:00:00+02:00</sln:cyklZyciaOd><sln:gmIIPId>b74531f7-393a-4d11-847a-947d80b2b13f</sln:gmIIPId><sln:gmIIPPn>PL.PZGIK.200</sln:gmIIPPn><sln:gmIIPWersja>2012-09-26T22:18:31+02:00</sln:gmIIPWersja><sln:gmIdTeryt>2604112</sln:gmIdTeryt><sln:gmNazwa>Mniów</sln:gmNazwa><sln:miejscIIPId>54365760-5bc5-411c-a7a9-83232c0857f7</sln:miejscIIPId><sln:miejscIIPPn>PL.PZGIK.200</sln:miejscIIPPn><sln:miejscIIPWersja>2017-04-25T15:40:04+02:00</sln:miejscIIPWersja><sln:miejscIdTeryt>0253557</sln:miejscIdTeryt><sln:miejscNazwa>Serbinów</sln:miejscNazwa><sln:miejscRodzaj>Wieś</sln:miejscRodzaj><sln:powIIPId>b223bd08-4fe5-4456-8797-8eb39bfbd775</sln:powIIPId><sln:powIIPPn>PL.PZGIK.200</sln:powIIPPn><sln:powIIPWersja>2012-09-27T09:32:07+02:00</sln:powIIPWersja><sln:powIdTeryt>2604</sln:powIdTeryt><sln:powNazwa>kielecki</sln:powNazwa><sln:waznyOd>2012-09-04T00:00:00+02:00</sln:waznyOd><sln:wojIIPId>d021c0dd-b22e-4fcd-8444-904c64ec3aa8</sln:wojIIPId><sln:wojIIPPn>PL.PZGIK.200</sln:wojIIPPn><sln:wojIIPWersja>2012-09-27T13:45:13+02:00</sln:wojIIPWersja><sln:wojIdTeryt>26</sln:wojIdTeryt><sln:wojNazwa>świętokrzyskie</sln:wojNazwa></sln:miejscowosc><sln:miejscowosc><sln:cyklZyciaOd>2017-04-25T00:00:00+02:00</sln:cyklZyciaOd><sln:gmIIPId>b74531f7-393a-4d11-847a-947d80b2b13f</sln:gmIIPId><sln:gmIIPPn>PL.PZGIK.200</sln:gmIIPPn><sln:gmIIPWersja>2012-09-26T22:18:31+02:00</sln:gmIIPWersja><sln:gmIdTeryt>2604112</sln:gmIdTeryt><sln:gmNazwa>Mniów</sln:gmNazwa><sln:miejscIIPId>27a9a149-22d7-4d93-bafe-582846e81b22</sln:miejscIIPId><sln:miejscIIPPn>PL.PZGIK.200</sln:miejscIIPPn><sln:miejscIIPWersja>2017-04-25T15:40:04+02:00</sln:miejscIIPWersja><sln:miejscIdTeryt>0253563</sln:miejscIdTeryt><sln:miejscNazwa>Skoki</sln:miejscNazwa><sln:miejscRodzaj>Wieś</sln:miejscRodzaj><sln:powIIPId>b223bd08-4fe5-4456-8797-8eb39bfbd775</sln:powIIPId><sln:powIIPPn>PL.PZGIK.200</sln:powIIPPn><sln:powIIPWersja>2012-09-27T09:32:07+02:00</sln:powIIPWersja><sln:powIdTeryt>2604</sln:powIdTeryt><sln:powNazwa>kielecki</sln:powNazwa><sln:waznyOd>2012-09-04T00:00:00+02:00</sln:waznyOd><sln:wojIIPId>d021c0dd-b22e-4fcd-8444-904c64ec3aa8</sln:wojIIPId><sln:wojIIPPn>PL.PZGIK.200</sln:wojIIPPn><sln:wojIIPWersja>2012-09-27T13:45:13+02:00</sln:wojIIPWersja><sln:wojIdTeryt>26</sln:wojIdTeryt><sln:wojNazwa>świętokrzyskie</sln:wojNazwa></sln:miejscowosc><sln:miejscowosc><sln:cyklZyciaOd>2017-04-25T00:00:00+02:00</sln:cyklZyciaOd><sln:gmIIPId>b74531f7-393a-4d11-847a-947d80b2b13f</sln:gmIIPId><sln:gmIIPPn>PL.PZGIK.200</sln:gmIIPPn><sln:gmIIPWersja>2012-09-26T22:18:31+02:00</sln:gmIIPWersja><sln:gmIdTeryt>2604112</sln:gmIdTeryt><sln:gmNazwa>Mniów</sln:gmNazwa><sln:miejscIIPId>34948a29-85ef-488c-8493-6099a6eb2dc7</sln:miejscIIPId><sln:miejscIIPPn>PL.PZGIK.200</sln:miejscIIPPn><sln:miejscIIPWersja>2017-04-25T15:40:04+02:00</sln:miejscIIPWersja><sln:miejscIdTeryt>0253570</sln:miejscIdTeryt><sln:miejscNazwa>Straszów</sln:miejscNazwa><sln:miejscRodzaj>Wieś</sln:miejscRodzaj><sln:powIIPId>b223bd08-4fe5-4456-8797-8eb39bfbd775</sln:powIIPId><sln:powIIPPn>PL.PZGIK.200</sln:powIIPPn><sln:powIIPWersja>2012-09-27T09:32:07+02:00</sln:powIIPWersja><sln:powIdTeryt>2604</sln:powIdTeryt><sln:powNazwa>kielecki</sln:powNazwa><sln:waznyOd>2012-09-04T00:00:00+02:00</sln:waznyOd><sln:wojIIPId>d021c0dd-b22e-4fcd-8444-904c64ec3aa8</sln:wojIIPId><sln:wojIIPPn>PL.PZGIK.200</sln:wojIIPPn><sln:wojIIPWersja>2012-09-27T13:45:13+02:00</sln:wojIIPWersja><sln:wojIdTeryt>26</sln:wojIdTeryt><sln:wojNazwa>świętokrzyskie</sln:wojNazwa></sln:miejscowosc><sln:miejscowosc><sln:cyklZyciaOd>2017-04-25T00:00:00+02:00</sln:cyklZyciaOd><sln:gmIIPId>b74531f7-393a-4d11-847a-947d80b2b13f</sln:gmIIPId><sln:gmIIPPn>PL.PZGIK.200</sln:gmIIPPn><sln:gmIIPWersja>2012-09-26T22:18:31+02:00</sln:gmIIPWersja><sln:gmIdTeryt>2604112</sln:gmIdTeryt><sln:gmNazwa>Mniów</sln:gmNazwa><sln:miejscIIPId>e7372bd1-ea98-41b0-afd6-7f01e44378a9</sln:miejscIIPId><sln:miejscIIPPn>PL.PZGIK.200</sln:miejscIIPPn><sln:miejscIIPWersja>2017-04-25T15:40:04+02:00</sln:miejscIIPWersja><sln:miejscIdTeryt>0253586</sln:miejscIdTeryt><sln:miejscNazwa>Gliniany Las</sln:miejscNazwa><sln:miejscRodzaj>Wieś</sln:miejscRodzaj><sln:powIIPId>b223bd08-4fe5-4456-8797-8eb39bfbd775</sln:powIIPId><sln:powIIPPn>PL.PZGIK.200</sln:powIIPPn><sln:powIIPWersja>2012-09-27T09:32:07+02:00</sln:powIIPWersja><sln:powIdTeryt>2604</sln:powIdTeryt><sln:powNazwa>kielecki</sln:powNazwa><sln:waznyOd>2012-09-04T00:00:00+02:00</sln:waznyOd><sln:wojIIPId>d021c0dd-b22e-4fcd-8444-904c64ec3aa8</sln:wojIIPId><sln:wojIIPPn>PL.PZGIK.200</sln:wojIIPPn><sln:wojIIPWersja>2012-09-27T13:45:13+02:00</sln:wojIIPWersja><sln:wojIdTeryt>26</sln:wojIdTeryt><sln:wojNazwa>świętokrzyskie</sln:wojNazwa></sln:miejscowosc><sln:miejscowosc><sln:cyklZyciaOd>2017-04-25T00:00:00+02:00</sln:cyklZyciaOd><sln:gmIIPId>b74531f7-393a-4d11-847a-947d80b2b13f</sln:gmIIPId><sln:gmIIPPn>PL.PZGIK.200</sln:gmIIPPn><sln:gmIIPWersja>2012-09-26T22:18:31+02:00</sln:gmIIPWersja><sln:gmIdTeryt>2604112</sln:gmIdTeryt><sln:gmNazwa>Mniów</sln:gmNazwa><sln:miejscIIPId>1c554bf3-bfca-4c51-bf4b-938848fe7392</sln:miejscIIPId><sln:miejscIIPPn>PL.PZGIK.200</sln:miejscIIPPn><sln:miejscIIPWersja>2017-04-25T15:40:04+02:00</sln:miejscIIPWersja><sln:miejscIdTeryt>0253592</sln:miejscIdTeryt><sln:miejscNazwa>Węgrzynów</sln:miejscNazwa><sln:miejscRodzaj>Wieś</sln:miejscRodzaj><sln:powIIPId>b223bd08-4fe5-4456-8797-8eb39bfbd775</sln:powIIPId><sln:powIIPPn>PL.PZGIK.200</sln:powIIPPn><sln:powIIPWersja>2012-09-27T09:32:07+02:00</sln:powIIPWersja><sln:powIdTeryt>2604</sln:powIdTeryt><sln:powNazwa>kielecki</sln:powNazwa><sln:waznyOd>2012-09-04T00:00:00+02:00</sln:waznyOd><sln:wojIIPId>d021c0dd-b22e-4fcd-8444-904c64ec3aa8</sln:wojIIPId><sln:wojIIPPn>PL.PZGIK.200</sln:wojIIPPn><sln:wojIIPWersja>2012-09-27T13:45:13+02:00</sln:wojIIPWersja><sln:wojIdTeryt>26</sln:wojIdTeryt><sln:wojNazwa>świętokrzyskie</sln:wojNazwa></sln:miejscowosc><sln:miejscowosc><sln:cyklZyciaOd>2017-04-25T00:00:00+02:00</sln:cyklZyciaOd><sln:gmIIPId>b74531f7-393a-4d11-847a-947d80b2b13f</sln:gmIIPId><sln:gmIIPPn>PL.PZGIK.200</sln:gmIIPPn><sln:gmIIPWersja>2012-09-26T22:18:31+02:00</sln:gmIIPWersja><sln:gmIdTeryt>2604112</sln:gmIdTeryt><sln:gmNazwa>Mniów</sln:gmNazwa><sln:miejscIIPId>c8ed46c6-6ff1-44c9-a8d0-bf118770398f</sln:miejscIIPId><sln:miejscIIPPn>PL.PZGIK.200</sln:miejscIIPPn><sln:miejscIIPWersja>2017-04-25T15:40:04+02:00</sln:miejscIIPWersja><sln:miejscIdTeryt>0253600</sln:miejscIdTeryt><sln:miejscNazwa>Wólka Kłucka</sln:miejscNazwa><sln:miejscRodzaj>Wieś</sln:miejscRodzaj><sln:powIIPId>b223bd08-4fe5-4456-8797-8eb39bfbd775</sln:powIIPId><sln:powIIPPn>PL.PZGIK.200</sln:powIIPPn><sln:powIIPWersja>2012-09-27T09:32:07+02:00</sln:powIIPWersja><sln:powIdTeryt>2604</sln:powIdTeryt><sln:powNazwa>kielecki</sln:powNazwa><sln:waznyOd>2012-09-04T00:00:00+02:00</sln:waznyOd><sln:wojIIPId>d021c0dd-b22e-4fcd-8444-904c64ec3aa8</sln:wojIIPId><sln:wojIIPPn>PL.PZGIK.200</sln:wojIIPPn><sln:wojIIPWersja>2012-09-27T13:45:13+02:00</sln:wojIIPWersja><sln:wojIdTeryt>26</sln:wojIdTeryt><sln:wojNazwa>świętokrzyskie</sln:wojNazwa></sln:miejscowosc><sln:miejscowosc><sln:cyklZyciaOd>2017-04-25T00:00:00+02:00</sln:cyklZyciaOd><sln:gmIIPId>b74531f7-393a-4d11-847a-947d80b2b13f</sln:gmIIPId><sln:gmIIPPn>PL.PZGIK.200</sln:gmIIPPn><sln:gmIIPWersja>2012-09-26T22:18:31+02:00</sln:gmIIPWersja><sln:gmIdTeryt>2604112</sln:gmIdTeryt><sln:gmNazwa>Mniów</sln:gmNazwa><sln:miejscIIPId>fa5ccb06-1d9d-40e8-9f9a-fc7bfb4b2fe2</sln:miejscIIPId><sln:miejscIIPPn>PL.PZGIK.200</sln:miejscIIPPn><sln:miejscIIPWersja>2017-04-25T15:40:04+02:00</sln:miejscIIPWersja><sln:miejscIdTeryt>0253675</sln:miejscIdTeryt><sln:miejscNazwa>Zaborowice</sln:miejscNazwa><sln:miejscRodzaj>Wieś</sln:miejscRodzaj><sln:powIIPId>b223bd08-4fe5-4456-8797-8eb39bfbd775</sln:powIIPId><sln:powIIPPn>PL.PZGIK.200</sln:powIIPPn><sln:powIIPWersja>2012-09-27T09:32:07+02:00</sln:powIIPWersja><sln:powIdTeryt>2604</sln:powIdTeryt><sln:powNazwa>kielecki</sln:powNazwa><sln:waznyOd>2012-09-04T00:00:00+02:00</sln:waznyOd><sln:wojIIPId>d021c0dd-b22e-4fcd-8444-904c64ec3aa8</sln:wojIIPId><sln:wojIIPPn>PL.PZGIK.200</sln:wojIIPPn><sln:wojIIPWersja>2012-09-27T13:45:13+02:00</sln:wojIIPWersja><sln:wojIdTeryt>26</sln:wojIdTeryt><sln:wojNazwa>świętokrzyskie</sln:wojNazwa></sln:miejscowosc><sln:miejscowosc><sln:cyklZyciaOd>2017-04-25T00:00:00+02:00</sln:cyklZyciaOd><sln:gmIIPId>b74531f7-393a-4d11-847a-947d80b2b13f</sln:gmIIPId><sln:gmIIPPn>PL.PZGIK.200</sln:gmIIPPn><sln:gmIIPWersja>2012-09-26T22:18:31+02:00</sln:gmIIPWersja><sln:gmIdTeryt>2604112</sln:gmIdTeryt><sln:gmNazwa>Mniów</sln:gmNazwa><sln:miejscIIPId>915da9e2-5ee5-4fac-80a3-21f1e61742cc</sln:miejscIIPId><sln:miejscIIPPn>PL.PZGIK.200</sln:miejscIIPPn><sln:miejscIIPWersja>2017-04-25T15:40:04+02:00</sln:miejscIIPWersja><sln:miejscIdTeryt>0991858</sln:miejscIdTeryt><sln:miejscNazwa>Sośnina</sln:miejscNazwa><sln:miejscRodzaj>Inny obiekt</sln:miejscRodzaj><sln:powIIPId>b223bd08-4fe5-4456-8797-8eb39bfbd775</sln:powIIPId><sln:powIIPPn>PL.PZGIK.200</sln:powIIPPn><sln:powIIPWersja>2012-09-27T09:32:07+02:00</sln:powIIPWersja><sln:powIdTeryt>2604</sln:powIdTeryt><sln:powNazwa>kielecki</sln:powNazwa><sln:waznyOd>2012-09-04T00:00:00+02:00</sln:waznyOd><sln:wojIIPId>d021c0dd-b22e-4fcd-8444-904c64ec3aa8</sln:wojIIPId><sln:wojIIPPn>PL.PZGIK.200</sln:wojIIPPn><sln:wojIIPWersja>2012-09-27T13:45:13+02:00</sln:wojIIPWersja><sln:wojIdTeryt>26</sln:wojIdTeryt><sln:wojNazwa>świętokrzyskie</sln:wojNazwa></sln:miejscowosc></sln:lista-miejscowosci>