<?xml version="1.0" encoding="UTF-8" standalone="yes"?><sln:lista-miejscowosci xmlns:srv="http://gugik.gov.pl/schemas/slowniki-service/1.0" xmlns:sln="http://gugik.gov.pl/schemas/slowniki-schema/1.0"><sln:miejscowosc><sln:cyklZyciaDo>2018-03-05T00:00:00+01:00</sln:cyklZyciaDo><sln:cyklZyciaOd>2014-12-06T00:00:00+01:00</sln:cyklZyciaOd><sln:gmIIPId>fe3db020-75f7-4aa5-a575-ef9a2de9d2c4</sln:gmIIPId><sln:gmIIPPn>PL.PZGIK.200</sln:gmIIPPn><sln:gmIIPWersja>2012-09-26T22:18:31+02:00</sln:gmIIPWersja><sln:gmIdTeryt>2604072</sln:gmIdTeryt><sln:gmNazwa>Łagów</sln:gmNazwa><sln:miejscIIPId>ef652818-b7fe-4996-b0a5-dcfffe489146</sln:miejscIIPId><sln:miejscIIPPn>PL.PZGIK.200</sln:miejscIIPPn><sln:miejscIIPWersja>2016-11-24T13:58:49+02:00</sln:miejscIIPWersja><sln:miejscIdTeryt>0248065</sln:miejscIdTeryt><sln:miejscNazwa>Poduchowne</sln:miejscNazwa><sln:miejscRodzaj>Inny obiekt</sln:miejscRodzaj><sln:powIIPId>b223bd08-4fe5-4456-8797-8eb39bfbd775</sln:powIIPId><sln:powIIPPn>PL.PZGIK.200</sln:powIIPPn><sln:powIIPWersja>2012-09-27T09:32:07+02:00</sln:powIIPWersja><sln:powIdTeryt>2604</sln:powIdTeryt><sln:powNazwa>kielecki</sln:powNazwa><sln:wojIIPId>d021c0dd-b22e-4fcd-8444-904c64ec3aa8</sln:wojIIPId><sln:wojIIPPn>PL.PZGIK.200</sln:wojIIPPn><sln:wojIIPWersja>2012-09-27T13:45:13+02:00</sln:wojIIPWersja><sln:wojIdTeryt>26</sln:wojIdTeryt><sln:wojNazwa>świętokrzyskie</sln:wojNazwa></sln:miejscowosc><sln:miejscowosc><sln:cyklZyciaDo>2018-03-05T00:00:00+01:00</sln:cyklZyciaDo><sln:cyklZyciaOd>2014-12-06T00:00:00+01:00</sln:cyklZyciaOd><sln:gmIIPId>fe3db020-75f7-4aa5-a575-ef9a2de9d2c4</sln:gmIIPId><sln:gmIIPPn>PL.PZGIK.200</sln:gmIIPPn><sln:gmIIPWersja>2012-09-26T22:18:31+02:00</sln:gmIIPWersja><sln:gmIdTeryt>2604072</sln:gmIdTeryt><sln:gmNazwa>Łagów</sln:gmNazwa><sln:miejscIIPId>89665f1a-78f5-459d-86eb-4b145b2b8edd</sln:miejscIIPId><sln:miejscIIPPn>PL.PZGIK.200</sln:miejscIIPPn><sln:miejscIIPWersja>2016-11-24T13:58:49+02:00</sln:miejscIIPWersja><sln:miejscIdTeryt>0247893</sln:miejscIdTeryt><sln:miejscNazwa>Piotrów-Kolonie</sln:miejscNazwa><sln:miejscRodzaj>Kolonia</sln:miejscRodzaj><sln:powIIPId>b223bd08-4fe5-4456-8797-8eb39bfbd775</sln:powIIPId><sln:powIIPPn>PL.PZGIK.200</sln:powIIPPn><sln:powIIPWersja>2012-09-27T09:32:07+02:00</sln:powIIPWersja><sln:powIdTeryt>2604</sln:powIdTeryt><sln:powNazwa>kielecki</sln:powNazwa><sln:wojIIPId>d021c0dd-b22e-4fcd-8444-904c64ec3aa8</sln:wojIIPId><sln:wojIIPPn>PL.PZGIK.200</sln:wojIIPPn><sln:wojIIPWersja>2012-09-27T13:45:13+02:00</sln:wojIIPWersja><sln:wojIdTeryt>26</sln:wojIdTeryt><sln:wojNazwa>świętokrzyskie</sln:wojNazwa></sln:miejscowosc><sln:miejscowosc><sln:cyklZyciaDo>2018-03-05T00:00:00+01:00</sln:cyklZyciaDo><sln:cyklZyciaOd>2014-12-06T00:00:00+01:00</sln:cyklZyciaOd><sln:gmIIPId>fe3db020-75f7-4aa5-a575-ef9a2de9d2c4</sln:gmIIPId><sln:gmIIPPn>PL.PZGIK.200</sln:gmIIPPn><sln:gmIIPWersja>2012-09-26T22:18:31+02:00</sln:gmIIPWersja><sln:gmIdTeryt>2604072</sln:gmIdTeryt><sln:gmNazwa>Łagów</sln:gmNazwa><sln:miejscIIPId>40e4a145-4817-4f47-a933-8ceb03750cd5</sln:miejscIIPId><sln:miejscIIPPn>PL.PZGIK.200</sln:miejscIIPPn><sln:miejscIIPWersja>2016-11-24T13:58:49+02:00</sln:miejscIIPWersja><sln:miejscIdTeryt>0247717</sln:miejscIdTeryt><sln:miejscNazwa>Pola Płuckie</sln:miejscNazwa><sln:miejscRodzaj>Inny obiekt</sln:miejscRodzaj><sln:powIIPId>b223bd08-4fe5-4456-8797-8eb39bfbd775</sln:powIIPId><sln:powIIPPn>PL.PZGIK.200</sln:powIIPPn><sln:powIIPWersja>2012-09-27T09:32:07+02:00</sln:powIIPWersja><sln:powIdTeryt>2604</sln:powIdTeryt><sln:powNazwa>kielecki</sln:powNazwa><sln:wojIIPId>d021c0dd-b22e-4fcd-8444-904c64ec3aa8</sln:wojIIPId><sln:wojIIPPn>PL.PZGIK.200</sln:wojIIPPn><sln:wojIIPWersja>2012-09-27T13:45:13+02:00</sln:wojIIPWersja><sln:wojIdTeryt>26</sln:wojIdTeryt><sln:wojNazwa>świętokrzyskie</sln:wojNazwa></sln:miejscowosc><sln:miejscowosc><sln:cyklZyciaDo>2018-03-05T00:00:00+01:00</sln:cyklZyciaDo><sln:cyklZyciaOd>2014-12-06T00:00:00+01:00</sln:cyklZyciaOd><sln:gmIIPId>fe3db020-75f7-4aa5-a575-ef9a2de9d2c4</sln:gmIIPId><sln:gmIIPPn>PL.PZGIK.200</sln:gmIIPPn><sln:gmIIPWersja>2012-09-26T22:18:31+02:00</sln:gmIIPWersja><sln:gmIdTeryt>2604072</sln:gmIdTeryt><sln:gmNazwa>Łagów</sln:gmNazwa><sln:miejscIIPId>23310294-1d0d-4c3a-b59f-e93889db4b17</sln:miejscIIPId><sln:miejscIIPPn>PL.PZGIK.200</sln:miejscIIPPn><sln:miejscIIPWersja>2016-11-24T13:56:49+02:00</sln:miejscIIPWersja><sln:miejscIdTeryt>0997306</sln:miejscIdTeryt><sln:miejscNazwa>Podskale</sln:miejscNazwa><sln:miejscRodzaj>Inny obiekt</sln:miejscRodzaj><sln:powIIPId>b223bd08-4fe5-4456-8797-8eb39bfbd775</sln:powIIPId><sln:powIIPPn>PL.PZGIK.200</sln:powIIPPn><sln:powIIPWersja>2012-09-27T09:32:07+02:00</sln:powIIPWersja><sln:powIdTeryt>2604</sln:powIdTeryt><sln:powNazwa>kielecki</sln:powNazwa><sln:wojIIPId>d021c0dd-b22e-4fcd-8444-904c64ec3aa8</sln:wojIIPId><sln:wojIIPPn>PL.PZGIK.200</sln:wojIIPPn><sln:wojIIPWersja>2012-09-27T13:45:13+02:00</sln:wojIIPWersja><sln:wojIdTeryt>26</sln:wojIdTeryt><sln:wojNazwa>świętokrzyskie</sln:wojNazwa></sln:miejscowosc><sln:miejscowosc><sln:cyklZyciaDo>2018-03-05T00:00:00+01:00</sln:cyklZyciaDo><sln:cyklZyciaOd>2014-12-06T00:00:00+01:00</sln:cyklZyciaOd><sln:gmIIPId>fe3db020-75f7-4aa5-a575-ef9a2de9d2c4</sln:gmIIPId><sln:gmIIPPn>PL.PZGIK.200</sln:gmIIPPn><sln:gmIIPWersja>2012-09-26T22:18:31+02:00</sln:gmIIPWersja><sln:gmIdTeryt>2604072</sln:gmIdTeryt><sln:gmNazwa>Łagów</sln:gmNazwa><sln:miejscIIPId>a95a9f85-178a-4b0d-adbd-ed77841e5c9c</sln:miejscIIPId><sln:miejscIIPPn>PL.PZGIK.200</sln:miejscIIPPn><sln:miejscIIPWersja>2016-11-24T13:47:31+02:00</sln:miejscIIPWersja><sln:miejscIdTeryt>0248042</sln:miejscIdTeryt><sln:miejscNazwa>Majorat</sln:miejscNazwa><sln:miejscRodzaj>Inny obiekt</sln:miejscRodzaj><sln:powIIPId>b223bd08-4fe5-4456-8797-8eb39bfbd775</sln:powIIPId><sln:powIIPPn>PL.PZGIK.200</sln:powIIPPn><sln:powIIPWersja>2012-09-27T09:32:07+02:00</sln:powIIPWersja><sln:powIdTeryt>2604</sln:powIdTeryt><sln:powNazwa>kielecki</sln:powNazwa><sln:wojIIPId>d021c0dd-b22e-4fcd-8444-904c64ec3aa8</sln:wojIIPId><sln:wojIIPPn>PL.PZGIK.200</sln:wojIIPPn><sln:wojIIPWersja>2012-09-27T13:45:13+02:00</sln:wojIIPWersja><sln:wojIdTeryt>26</sln:wojIdTeryt><sln:wojNazwa>świętokrzyskie</sln:wojNazwa></sln:miejscowosc><sln:miejscowosc><sln:cyklZyciaDo>2018-03-05T00:00:00+01:00</sln:cyklZyciaDo><sln:cyklZyciaOd>2014-12-06T00:00:00+01:00</sln:cyklZyciaOd><sln:gmIIPId>fe3db020-75f7-4aa5-a575-ef9a2de9d2c4</sln:gmIIPId><sln:gmIIPPn>PL.PZGIK.200</sln:gmIIPPn><sln:gmIIPWersja>2012-09-26T22:18:31+02:00</sln:gmIIPWersja><sln:gmIdTeryt>2604072</sln:gmIdTeryt><sln:gmNazwa>Łagów</sln:gmNazwa><sln:miejscIIPId>96a17ac7-4545-4c6c-adf7-c9bdf0d29284</sln:miejscIIPId><sln:miejscIIPPn>PL.PZGIK.200</sln:miejscIIPPn><sln:miejscIIPWersja>2016-11-24T13:52:04+02:00</sln:miejscIIPWersja><sln:miejscIdTeryt>0247580</sln:miejscIdTeryt><sln:miejscNazwa>Stara Wieś</sln:miejscNazwa><sln:miejscRodzaj>Inny obiekt</sln:miejscRodzaj><sln:powIIPId>b223bd08-4fe5-4456-8797-8eb39bfbd775</sln:powIIPId><sln:powIIPPn>PL.PZGIK.200</sln:powIIPPn><sln:powIIPWersja>2012-09-27T09:32:07+02:00</sln:powIIPWersja><sln:powIdTeryt>2604</sln:powIdTeryt><sln:powNazwa>kielecki</sln:powNazwa><sln:wojIIPId>d021c0dd-b22e-4fcd-8444-904c64ec3aa8</sln:wojIIPId><sln:wojIIPPn>PL.PZGIK.200</sln:wojIIPPn><sln:wojIIPWersja>2012-09-27T13:45:13+02:00</sln:wojIIPWersja><sln:wojIdTeryt>26</sln:wojIdTeryt><sln:wojNazwa>świętokrzyskie</sln:wojNazwa></sln:miejscowosc><sln:miejscowosc><sln:cyklZyciaDo>2018-03-05T00:00:00+01:00</sln:cyklZyciaDo><sln:cyklZyciaOd>2014-12-06T00:00:00+01:00</sln:cyklZyciaOd><sln:gmIIPId>fe3db020-75f7-4aa5-a575-ef9a2de9d2c4</sln:gmIIPId><sln:gmIIPPn>PL.PZGIK.200</sln:gmIIPPn><sln:gmIIPWersja>2012-09-26T22:18:31+02:00</sln:gmIIPWersja><sln:gmIdTeryt>2604072</sln:gmIdTeryt><sln:gmNazwa>Łagów</sln:gmNazwa><sln:miejscIIPId>f000fff8-b71d-463c-80f3-5aa51486accc</sln:miejscIIPId><sln:miejscIIPPn>PL.PZGIK.200</sln:miejscIIPPn><sln:miejscIIPWersja>2016-11-24T13:51:04+02:00</sln:miejscIIPWersja><sln:miejscIdTeryt>0248243</sln:miejscIdTeryt><sln:miejscNazwa>Zasuwa</sln:miejscNazwa><sln:miejscRodzaj>Inny obiekt</sln:miejscRodzaj><sln:powIIPId>b223bd08-4fe5-4456-8797-8eb39bfbd775</sln:powIIPId><sln:powIIPPn>PL.PZGIK.200</sln:powIIPPn><sln:powIIPWersja>2012-09-27T09:32:07+02:00</sln:powIIPWersja><sln:powIdTeryt>2604</sln:powIdTeryt><sln:powNazwa>kielecki</sln:powNazwa><sln:wojIIPId>d021c0dd-b22e-4fcd-8444-904c64ec3aa8</sln:wojIIPId><sln:wojIIPPn>PL.PZGIK.200</sln:wojIIPPn><sln:wojIIPWersja>2012-09-27T13:45:13+02:00</sln:wojIIPWersja><sln:wojIdTeryt>26</sln:wojIdTeryt><sln:wojNazwa>świętokrzyskie</sln:wojNazwa></sln:miejscowosc><sln:miejscowosc><sln:cyklZyciaDo>2018-03-05T00:00:00+01:00</sln:cyklZyciaDo><sln:cyklZyciaOd>2014-12-06T00:00:00+01:00</sln:cyklZyciaOd><sln:gmIIPId>fe3db020-75f7-4aa5-a575-ef9a2de9d2c4</sln:gmIIPId><sln:gmIIPPn>PL.PZGIK.200</sln:gmIIPPn><sln:gmIIPWersja>2012-09-26T22:18:31+02:00</sln:gmIIPWersja><sln:gmIdTeryt>2604072</sln:gmIdTeryt><sln:gmNazwa>Łagów</sln:gmNazwa><sln:miejscIIPId>f1efb614-f0d8-490a-8e02-aad5a449248a</sln:miejscIIPId><sln:miejscIIPPn>PL.PZGIK.200</sln:miejscIIPPn><sln:miejscIIPWersja>2016-11-24T13:50:13+02:00</sln:miejscIIPWersja><sln:miejscIdTeryt>0248208</sln:miejscIdTeryt><sln:miejscNazwa>Stara Wieś</sln:miejscNazwa><sln:miejscRodzaj>Inny obiekt</sln:miejscRodzaj><sln:powIIPId>b223bd08-4fe5-4456-8797-8eb39bfbd775</sln:powIIPId><sln:powIIPPn>PL.PZGIK.200</sln:powIIPPn><sln:powIIPWersja>2012-09-27T09:32:07+02:00</sln:powIIPWersja><sln:powIdTeryt>2604</sln:powIdTeryt><sln:powNazwa>kielecki</sln:powNazwa><sln:wojIIPId>d021c0dd-b22e-4fcd-8444-904c64ec3aa8</sln:wojIIPId><sln:wojIIPPn>PL.PZGIK.200</sln:wojIIPPn><sln:wojIIPWersja>2012-09-27T13:45:13+02:00</sln:wojIIPWersja><sln:wojIdTeryt>26</sln:wojIdTeryt><sln:wojNazwa>świętokrzyskie</sln:wojNazwa></sln:miejscowosc><sln:miejscowosc><sln:cyklZyciaDo>2018-03-05T00:00:00+01:00</sln:cyklZyciaDo><sln:cyklZyciaOd>2014-12-06T00:00:00+01:00</sln:cyklZyciaOd><sln:gmIIPId>fe3db020-75f7-4aa5-a575-ef9a2de9d2c4</sln:gmIIPId><sln:gmIIPPn>PL.PZGIK.200</sln:gmIIPPn><sln:gmIIPWersja>2012-09-26T22:18:31+02:00</sln:gmIIPWersja><sln:gmIdTeryt>2604072</sln:gmIdTeryt><sln:gmNazwa>Łagów</sln:gmNazwa><sln:miejscIIPId>c2052b9c-649d-440d-b064-4c5e02a54d03</sln:miejscIIPId><sln:miejscIIPPn>PL.PZGIK.200</sln:miejscIIPPn><sln:miejscIIPWersja>2016-11-24T13:31:12+02:00</sln:miejscIIPWersja><sln:miejscIdTeryt>0248020</sln:miejscIdTeryt><sln:miejscNazwa>Stara Zbelutka</sln:miejscNazwa><sln:miejscRodzaj>Wieś</sln:miejscRodzaj><sln:powIIPId>b223bd08-4fe5-4456-8797-8eb39bfbd775</sln:powIIPId><sln:powIIPPn>PL.PZGIK.200</sln:powIIPPn><sln:powIIPWersja>2012-09-27T09:32:07+02:00</sln:powIIPWersja><sln:powIdTeryt>2604</sln:powIdTeryt><sln:powNazwa>kielecki</sln:powNazwa><sln:wojIIPId>d021c0dd-b22e-4fcd-8444-904c64ec3aa8</sln:wojIIPId><sln:wojIIPPn>PL.PZGIK.200</sln:wojIIPPn><sln:wojIIPWersja>2012-09-27T13:45:13+02:00</sln:wojIIPWersja><sln:wojIdTeryt>26</sln:wojIdTeryt><sln:wojNazwa>świętokrzyskie</sln:wojNazwa></sln:miejscowosc><sln:miejscowosc><sln:cyklZyciaDo>2018-03-05T00:00:00+01:00</sln:cyklZyciaDo><sln:cyklZyciaOd>2014-12-06T00:00:00+01:00</sln:cyklZyciaOd><sln:gmIIPId>fe3db020-75f7-4aa5-a575-ef9a2de9d2c4</sln:gmIIPId><sln:gmIIPPn>PL.PZGIK.200</sln:gmIIPPn><sln:gmIIPWersja>2012-09-26T22:18:31+02:00</sln:gmIIPWersja><sln:gmIdTeryt>2604072</sln:gmIdTeryt><sln:gmNazwa>Łagów</sln:gmNazwa><sln:miejscIIPId>77a45a83-c5fb-4de6-a234-ab71c9a7938d</sln:miejscIIPId><sln:miejscIIPPn>PL.PZGIK.200</sln:miejscIIPPn><sln:miejscIIPWersja>2016-11-24T13:50:13+02:00</sln:miejscIIPWersja><sln:miejscIdTeryt>0248154</sln:miejscIdTeryt><sln:miejscNazwa>Kącik</sln:miejscNazwa><sln:miejscRodzaj>Inny obiekt</sln:miejscRodzaj><sln:powIIPId>b223bd08-4fe5-4456-8797-8eb39bfbd775</sln:powIIPId><sln:powIIPPn>PL.PZGIK.200</sln:powIIPPn><sln:powIIPWersja>2012-09-27T09:32:07+02:00</sln:powIIPWersja><sln:powIdTeryt>2604</sln:powIdTeryt><sln:powNazwa>kielecki</sln:powNazwa><sln:wojIIPId>d021c0dd-b22e-4fcd-8444-904c64ec3aa8</sln:wojIIPId><sln:wojIIPPn>PL.PZGIK.200</sln:wojIIPPn><sln:wojIIPWersja>2012-09-27T13:45:13+02:00</sln:wojIIPWersja><sln:wojIdTeryt>26</sln:wojIdTeryt><sln:wojNazwa>świętokrzyskie</sln:wojNazwa></sln:miejscowosc><sln:miejscowosc><sln:cyklZyciaDo>2018-03-05T00:00:00+01:00</sln:cyklZyciaDo><sln:cyklZyciaOd>2014-12-06T00:00:00+01:00</sln:cyklZyciaOd><sln:gmIIPId>fe3db020-75f7-4aa5-a575-ef9a2de9d2c4</sln:gmIIPId><sln:gmIIPPn>PL.PZGIK.200</sln:gmIIPPn><sln:gmIIPWersja>2012-09-26T22:18:31+02:00</sln:gmIIPWersja><sln:gmIdTeryt>2604072</sln:gmIdTeryt><sln:gmNazwa>Łagów</sln:gmNazwa><sln:miejscIIPId>69573197-81ae-42a0-b0ed-c97be9bd9080</sln:miejscIIPId><sln:miejscIIPPn>PL.PZGIK.200</sln:miejscIIPPn><sln:miejscIIPWersja>2016-11-24T13:46:32+02:00</sln:miejscIIPWersja><sln:miejscIdTeryt>0247953</sln:miejscIdTeryt><sln:miejscNazwa>Gwiździowa</sln:miejscNazwa><sln:miejscRodzaj>Inny obiekt</sln:miejscRodzaj><sln:powIIPId>b223bd08-4fe5-4456-8797-8eb39bfbd775</sln:powIIPId><sln:powIIPPn>PL.PZGIK.200</sln:powIIPPn><sln:powIIPWersja>2012-09-27T09:32:07+02:00</sln:powIIPWersja><sln:powIdTeryt>2604</sln:powIdTeryt><sln:powNazwa>kielecki</sln:powNazwa><sln:wojIIPId>d021c0dd-b22e-4fcd-8444-904c64ec3aa8</sln:wojIIPId><sln:wojIIPPn>PL.PZGIK.200</sln:wojIIPPn><sln:wojIIPWersja>2012-09-27T13:45:13+02:00</sln:wojIIPWersja><sln:wojIdTeryt>26</sln:wojIdTeryt><sln:wojNazwa>świętokrzyskie</sln:wojNazwa></sln:miejscowosc><sln:miejscowosc><sln:cyklZyciaDo>2018-03-05T00:00:00+01:00</sln:cyklZyciaDo><sln:cyklZyciaOd>2014-12-06T00:00:00+01:00</sln:cyklZyciaOd><sln:gmIIPId>fe3db020-75f7-4aa5-a575-ef9a2de9d2c4</sln:gmIIPId><sln:gmIIPPn>PL.PZGIK.200</sln:gmIIPPn><sln:gmIIPWersja>2012-09-26T22:18:31+02:00</sln:gmIIPWersja><sln:gmIdTeryt>2604072</sln:gmIdTeryt><sln:gmNazwa>Łagów</sln:gmNazwa><sln:miejscIIPId>2c7c5aff-952c-4664-a123-7091d9af7967</sln:miejscIIPId><sln:miejscIIPPn>PL.PZGIK.200</sln:miejscIIPPn><sln:miejscIIPWersja>2016-11-24T13:47:31+02:00</sln:miejscIIPWersja><sln:miejscIdTeryt>0248071</sln:miejscIdTeryt><sln:miejscNazwa>Kędziorka</sln:miejscNazwa><sln:miejscRodzaj>Inny obiekt</sln:miejscRodzaj><sln:powIIPId>b223bd08-4fe5-4456-8797-8eb39bfbd775</sln:powIIPId><sln:powIIPPn>PL.PZGIK.200</sln:powIIPPn><sln:powIIPWersja>2012-09-27T09:32:07+02:00</sln:powIIPWersja><sln:powIdTeryt>2604</sln:powIdTeryt><sln:powNazwa>kielecki</sln:powNazwa><sln:wojIIPId>d021c0dd-b22e-4fcd-8444-904c64ec3aa8</sln:wojIIPId><sln:wojIIPPn>PL.PZGIK.200</sln:wojIIPPn><sln:wojIIPWersja>2012-09-27T13:45:13+02:00</sln:wojIIPWersja><sln:wojIdTeryt>26</sln:wojIdTeryt><sln:wojNazwa>świętokrzyskie</sln:wojNazwa></sln:miejscowosc><sln:miejscowosc><sln:cyklZyciaDo>2018-03-05T00:00:00+01:00</sln:cyklZyciaDo><sln:cyklZyciaOd>2014-12-06T00:00:00+01:00</sln:cyklZyciaOd><sln:gmIIPId>fe3db020-75f7-4aa5-a575-ef9a2de9d2c4</sln:gmIIPId><sln:gmIIPPn>PL.PZGIK.200</sln:gmIIPPn><sln:gmIIPWersja>2012-09-26T22:18:31+02:00</sln:gmIIPWersja><sln:gmIdTeryt>2604072</sln:gmIdTeryt><sln:gmNazwa>Łagów</sln:gmNazwa><sln:miejscIIPId>e02f1469-37ca-4232-bed3-cb99b668331f</sln:miejscIIPId><sln:miejscIIPPn>PL.PZGIK.200</sln:miejscIIPPn><sln:miejscIIPWersja>2016-11-24T13:47:31+02:00</sln:miejscIIPWersja><sln:miejscIdTeryt>0248036</sln:miejscIdTeryt><sln:miejscNazwa>Góry</sln:miejscNazwa><sln:miejscRodzaj>Inny obiekt</sln:miejscRodzaj><sln:powIIPId>b223bd08-4fe5-4456-8797-8eb39bfbd775</sln:powIIPId><sln:powIIPPn>PL.PZGIK.200</sln:powIIPPn><sln:powIIPWersja>2012-09-27T09:32:07+02:00</sln:powIIPWersja><sln:powIdTeryt>2604</sln:powIdTeryt><sln:powNazwa>kielecki</sln:powNazwa><sln:wojIIPId>d021c0dd-b22e-4fcd-8444-904c64ec3aa8</sln:wojIIPId><sln:wojIIPPn>PL.PZGIK.200</sln:wojIIPPn><sln:wojIIPWersja>2012-09-27T13:45:13+02:00</sln:wojIIPWersja><sln:wojIdTeryt>26</sln:wojIdTeryt><sln:wojNazwa>świętokrzyskie</sln:wojNazwa></sln:miejscowosc><sln:miejscowosc><sln:cyklZyciaDo>2018-03-05T00:00:00+01:00</sln:cyklZyciaDo><sln:cyklZyciaOd>2014-12-06T00:00:00+01:00</sln:cyklZyciaOd><sln:gmIIPId>fe3db020-75f7-4aa5-a575-ef9a2de9d2c4</sln:gmIIPId><sln:gmIIPPn>PL.PZGIK.200</sln:gmIIPPn><sln:gmIIPWersja>2012-09-26T22:18:31+02:00</sln:gmIIPWersja><sln:gmIdTeryt>2604072</sln:gmIdTeryt><sln:gmNazwa>Łagów</sln:gmNazwa><sln:miejscIIPId>2ddf540b-f16d-497d-b74b-e3e1738ec92e</sln:miejscIIPId><sln:miejscIIPPn>PL.PZGIK.200</sln:miejscIIPPn><sln:miejscIIPWersja>2016-11-24T13:56:49+02:00</sln:miejscIIPWersja><sln:miejscIdTeryt>0997312</sln:miejscIdTeryt><sln:miejscNazwa>Masłowiec</sln:miejscNazwa><sln:miejscRodzaj>Inny obiekt</sln:miejscRodzaj><sln:powIIPId>b223bd08-4fe5-4456-8797-8eb39bfbd775</sln:powIIPId><sln:powIIPPn>PL.PZGIK.200</sln:powIIPPn><sln:powIIPWersja>2012-09-27T09:32:07+02:00</sln:powIIPWersja><sln:powIdTeryt>2604</sln:powIdTeryt><sln:powNazwa>kielecki</sln:powNazwa><sln:wojIIPId>d021c0dd-b22e-4fcd-8444-904c64ec3aa8</sln:wojIIPId><sln:wojIIPPn>PL.PZGIK.200</sln:wojIIPPn><sln:wojIIPWersja>2012-09-27T13:45:13+02:00</sln:wojIIPWersja><sln:wojIdTeryt>26</sln:wojIdTeryt><sln:wojNazwa>świętokrzyskie</sln:wojNazwa></sln:miejscowosc><sln:miejscowosc><sln:cyklZyciaDo>2018-03-05T00:00:00+01:00</sln:cyklZyciaDo><sln:cyklZyciaOd>2014-12-06T00:00:00+01:00</sln:cyklZyciaOd><sln:gmIIPId>fe3db020-75f7-4aa5-a575-ef9a2de9d2c4</sln:gmIIPId><sln:gmIIPPn>PL.PZGIK.200</sln:gmIIPPn><sln:gmIIPWersja>2012-09-26T22:18:31+02:00</sln:gmIIPWersja><sln:gmIdTeryt>2604072</sln:gmIdTeryt><sln:gmNazwa>Łagów</sln:gmNazwa><sln:miejscIIPId>ef615634-e22b-45b1-aa86-b2dbe3a73390</sln:miejscIIPId><sln:miejscIIPPn>PL.PZGIK.200</sln:miejscIIPPn><sln:miejscIIPWersja>2016-11-24T13:28:13+02:00</sln:miejscIIPWersja><sln:miejscIdTeryt>0247901</sln:miejscIdTeryt><sln:miejscNazwa>Płucki</sln:miejscNazwa><sln:miejscRodzaj>Wieś</sln:miejscRodzaj><sln:powIIPId>b223bd08-4fe5-4456-8797-8eb39bfbd775</sln:powIIPId><sln:powIIPPn>PL.PZGIK.200</sln:powIIPPn><sln:powIIPWersja>2012-09-27T09:32:07+02:00</sln:powIIPWersja><sln:powIdTeryt>2604</sln:powIdTeryt><sln:powNazwa>kielecki</sln:powNazwa><sln:wojIIPId>d021c0dd-b22e-4fcd-8444-904c64ec3aa8</sln:wojIIPId><sln:wojIIPPn>PL.PZGIK.200</sln:wojIIPPn><sln:wojIIPWersja>2012-09-27T13:45:13+02:00</sln:wojIIPWersja><sln:wojIdTeryt>26</sln:wojIdTeryt><sln:wojNazwa>świętokrzyskie</sln:wojNazwa></sln:miejscowosc><sln:miejscowosc><sln:cyklZyciaDo>2018-03-05T00:00:00+01:00</sln:cyklZyciaDo><sln:cyklZyciaOd>2014-12-06T00:00:00+01:00</sln:cyklZyciaOd><sln:gmIIPId>fe3db020-75f7-4aa5-a575-ef9a2de9d2c4</sln:gmIIPId><sln:gmIIPPn>PL.PZGIK.200</sln:gmIIPPn><sln:gmIIPWersja>2012-09-26T22:18:31+02:00</sln:gmIIPWersja><sln:gmIdTeryt>2604072</sln:gmIdTeryt><sln:gmNazwa>Łagów</sln:gmNazwa><sln:miejscIIPId>1890ca5b-3719-468c-a8d6-2e3e2dbbe07f</sln:miejscIIPId><sln:miejscIIPPn>PL.PZGIK.200</sln:miejscIIPPn><sln:miejscIIPWersja>2016-11-24T13:57:28+02:00</sln:miejscIIPWersja><sln:miejscIdTeryt>0247692</sln:miejscIdTeryt><sln:miejscNazwa>Gajówka Małacentów</sln:miejscNazwa><sln:miejscRodzaj>Inny obiekt</sln:miejscRodzaj><sln:powIIPId>b223bd08-4fe5-4456-8797-8eb39bfbd775</sln:powIIPId><sln:powIIPPn>PL.PZGIK.200</sln:powIIPPn><sln:powIIPWersja>2012-09-27T09:32:07+02:00</sln:powIIPWersja><sln:powIdTeryt>2604</sln:powIdTeryt><sln:powNazwa>kielecki</sln:powNazwa><sln:wojIIPId>d021c0dd-b22e-4fcd-8444-904c64ec3aa8</sln:wojIIPId><sln:wojIIPPn>PL.PZGIK.200</sln:wojIIPPn><sln:wojIIPWersja>2012-09-27T13:45:13+02:00</sln:wojIIPWersja><sln:wojIdTeryt>26</sln:wojIdTeryt><sln:wojNazwa>świętokrzyskie</sln:wojNazwa></sln:miejscowosc><sln:miejscowosc><sln:cyklZyciaDo>2018-03-05T00:00:00+01:00</sln:cyklZyciaDo><sln:cyklZyciaOd>2014-12-06T00:00:00+01:00</sln:cyklZyciaOd><sln:gmIIPId>fe3db020-75f7-4aa5-a575-ef9a2de9d2c4</sln:gmIIPId><sln:gmIIPPn>PL.PZGIK.200</sln:gmIIPPn><sln:gmIIPWersja>2012-09-26T22:18:31+02:00</sln:gmIIPWersja><sln:gmIdTeryt>2604072</sln:gmIdTeryt><sln:gmNazwa>Łagów</sln:gmNazwa><sln:miejscIIPId>b05682d0-89ed-40a9-bdd6-e10e2fad4da3</sln:miejscIIPId><sln:miejscIIPPn>PL.PZGIK.200</sln:miejscIIPPn><sln:miejscIIPWersja>2016-11-24T13:51:11+02:00</sln:miejscIIPWersja><sln:miejscIdTeryt>0248272</sln:miejscIdTeryt><sln:miejscNazwa>Zaręby</sln:miejscNazwa><sln:miejscRodzaj>Inny obiekt</sln:miejscRodzaj><sln:powIIPId>b223bd08-4fe5-4456-8797-8eb39bfbd775</sln:powIIPId><sln:powIIPPn>PL.PZGIK.200</sln:powIIPPn><sln:powIIPWersja>2012-09-27T09:32:07+02:00</sln:powIIPWersja><sln:powIdTeryt>2604</sln:powIdTeryt><sln:powNazwa>kielecki</sln:powNazwa><sln:wojIIPId>d021c0dd-b22e-4fcd-8444-904c64ec3aa8</sln:wojIIPId><sln:wojIIPPn>PL.PZGIK.200</sln:wojIIPPn><sln:wojIIPWersja>2012-09-27T13:45:13+02:00</sln:wojIIPWersja><sln:wojIdTeryt>26</sln:wojIdTeryt><sln:wojNazwa>świętokrzyskie</sln:wojNazwa></sln:miejscowosc><sln:miejscowosc><sln:cyklZyciaDo>2018-03-05T00:00:00+01:00</sln:cyklZyciaDo><sln:cyklZyciaOd>2014-12-06T00:00:00+01:00</sln:cyklZyciaOd><sln:gmIIPId>fe3db020-75f7-4aa5-a575-ef9a2de9d2c4</sln:gmIIPId><sln:gmIIPPn>PL.PZGIK.200</sln:gmIIPPn><sln:gmIIPWersja>2012-09-26T22:18:31+02:00</sln:gmIIPWersja><sln:gmIdTeryt>2604072</sln:gmIdTeryt><sln:gmNazwa>Łagów</sln:gmNazwa><sln:miejscIIPId>fb166056-e564-4a77-ad22-e4364ad80031</sln:miejscIIPId><sln:miejscIIPPn>PL.PZGIK.200</sln:miejscIIPPn><sln:miejscIIPWersja>2016-11-24T13:44:46+02:00</sln:miejscIIPWersja><sln:miejscIdTeryt>0247864</sln:miejscIdTeryt><sln:miejscNazwa>Podłazy</sln:miejscNazwa><sln:miejscRodzaj>Wieś</sln:miejscRodzaj><sln:powIIPId>b223bd08-4fe5-4456-8797-8eb39bfbd775</sln:powIIPId><sln:powIIPPn>PL.PZGIK.200</sln:powIIPPn><sln:powIIPWersja>2012-09-27T09:32:07+02:00</sln:powIIPWersja><sln:powIdTeryt>2604</sln:powIdTeryt><sln:powNazwa>kielecki</sln:powNazwa><sln:wojIIPId>d021c0dd-b22e-4fcd-8444-904c64ec3aa8</sln:wojIIPId><sln:wojIIPPn>PL.PZGIK.200</sln:wojIIPPn><sln:wojIIPWersja>2012-09-27T13:45:13+02:00</sln:wojIIPWersja><sln:wojIdTeryt>26</sln:wojIdTeryt><sln:wojNazwa>świętokrzyskie</sln:wojNazwa></sln:miejscowosc><sln:miejscowosc><sln:cyklZyciaDo>2018-03-05T00:00:00+01:00</sln:cyklZyciaDo><sln:cyklZyciaOd>2014-12-06T00:00:00+01:00</sln:cyklZyciaOd><sln:gmIIPId>fe3db020-75f7-4aa5-a575-ef9a2de9d2c4</sln:gmIIPId><sln:gmIIPPn>PL.PZGIK.200</sln:gmIIPPn><sln:gmIIPWersja>2012-09-26T22:18:31+02:00</sln:gmIIPWersja><sln:gmIdTeryt>2604072</sln:gmIdTeryt><sln:gmNazwa>Łagów</sln:gmNazwa><sln:miejscIIPId>30c5325b-b172-41a6-b5e6-d34f2f053a13</sln:miejscIIPId><sln:miejscIIPPn>PL.PZGIK.200</sln:miejscIIPPn><sln:miejscIIPWersja>2016-11-24T13:47:31+02:00</sln:miejscIIPWersja><sln:miejscIdTeryt>0248088</sln:miejscIdTeryt><sln:miejscNazwa>Chojny</sln:miejscNazwa><sln:miejscRodzaj>Inny obiekt</sln:miejscRodzaj><sln:powIIPId>b223bd08-4fe5-4456-8797-8eb39bfbd775</sln:powIIPId><sln:powIIPPn>PL.PZGIK.200</sln:powIIPPn><sln:powIIPWersja>2012-09-27T09:32:07+02:00</sln:powIIPWersja><sln:powIdTeryt>2604</sln:powIdTeryt><sln:powNazwa>kielecki</sln:powNazwa><sln:wojIIPId>d021c0dd-b22e-4fcd-8444-904c64ec3aa8</sln:wojIIPId><sln:wojIIPPn>PL.PZGIK.200</sln:wojIIPPn><sln:wojIIPWersja>2012-09-27T13:45:13+02:00</sln:wojIIPWersja><sln:wojIdTeryt>26</sln:wojIdTeryt><sln:wojNazwa>świętokrzyskie</sln:wojNazwa></sln:miejscowosc><sln:miejscowosc><sln:cyklZyciaDo>2018-03-05T00:00:00+01:00</sln:cyklZyciaDo><sln:cyklZyciaOd>2014-12-06T00:00:00+01:00</sln:cyklZyciaOd><sln:gmIIPId>fe3db020-75f7-4aa5-a575-ef9a2de9d2c4</sln:gmIIPId><sln:gmIIPPn>PL.PZGIK.200</sln:gmIIPPn><sln:gmIIPWersja>2012-09-26T22:18:31+02:00</sln:gmIIPWersja><sln:gmIdTeryt>2604072</sln:gmIdTeryt><sln:gmNazwa>Łagów</sln:gmNazwa><sln:miejscIIPId>26550212-2afa-4809-ab46-00f45697efd5</sln:miejscIIPId><sln:miejscIIPPn>PL.PZGIK.200</sln:miejscIIPPn><sln:miejscIIPWersja>2016-11-24T13:42:07+02:00</sln:miejscIIPWersja><sln:miejscIdTeryt>0247723</sln:miejscIdTeryt><sln:miejscNazwa>Melonek</sln:miejscNazwa><sln:miejscRodzaj>Wieś</sln:miejscRodzaj><sln:powIIPId>b223bd08-4fe5-4456-8797-8eb39bfbd775</sln:powIIPId><sln:powIIPPn>PL.PZGIK.200</sln:powIIPPn><sln:powIIPWersja>2012-09-27T09:32:07+02:00</sln:powIIPWersja><sln:powIdTeryt>2604</sln:powIdTeryt><sln:powNazwa>kielecki</sln:powNazwa><sln:wojIIPId>d021c0dd-b22e-4fcd-8444-904c64ec3aa8</sln:wojIIPId><sln:wojIIPPn>PL.PZGIK.200</sln:wojIIPPn><sln:wojIIPWersja>2012-09-27T13:45:13+02:00</sln:wojIIPWersja><sln:wojIdTeryt>26</sln:wojIdTeryt><sln:wojNazwa>świętokrzyskie</sln:wojNazwa></sln:miejscowosc><sln:miejscowosc><sln:cyklZyciaDo>2018-03-05T00:00:00+01:00</sln:cyklZyciaDo><sln:cyklZyciaOd>2014-12-06T00:00:00+01:00</sln:cyklZyciaOd><sln:gmIIPId>fe3db020-75f7-4aa5-a575-ef9a2de9d2c4</sln:gmIIPId><sln:gmIIPPn>PL.PZGIK.200</sln:gmIIPPn><sln:gmIIPWersja>2012-09-26T22:18:31+02:00</sln:gmIIPWersja><sln:gmIdTeryt>2604072</sln:gmIdTeryt><sln:gmNazwa>Łagów</sln:gmNazwa><sln:miejscIIPId>88849b80-6cf0-4216-a225-975333142afd</sln:miejscIIPId><sln:miejscIIPPn>PL.PZGIK.200</sln:miejscIIPPn><sln:miejscIIPWersja>2016-11-24T13:52:04+02:00</sln:miejscIIPWersja><sln:miejscIdTeryt>0247551</sln:miejscIdTeryt><sln:miejscNazwa>Bukowiec</sln:miejscNazwa><sln:miejscRodzaj>Inny obiekt</sln:miejscRodzaj><sln:powIIPId>b223bd08-4fe5-4456-8797-8eb39bfbd775</sln:powIIPId><sln:powIIPPn>PL.PZGIK.200</sln:powIIPPn><sln:powIIPWersja>2012-09-27T09:32:07+02:00</sln:powIIPWersja><sln:powIdTeryt>2604</sln:powIdTeryt><sln:powNazwa>kielecki</sln:powNazwa><sln:wojIIPId>d021c0dd-b22e-4fcd-8444-904c64ec3aa8</sln:wojIIPId><sln:wojIIPPn>PL.PZGIK.200</sln:wojIIPPn><sln:wojIIPWersja>2012-09-27T13:45:13+02:00</sln:wojIIPWersja><sln:wojIdTeryt>26</sln:wojIdTeryt><sln:wojNazwa>świętokrzyskie</sln:wojNazwa></sln:miejscowosc><sln:miejscowosc><sln:cyklZyciaDo>2018-03-05T00:00:00+01:00</sln:cyklZyciaDo><sln:cyklZyciaOd>2014-12-06T00:00:00+01:00</sln:cyklZyciaOd><sln:gmIIPId>fe3db020-75f7-4aa5-a575-ef9a2de9d2c4</sln:gmIIPId><sln:gmIIPPn>PL.PZGIK.200</sln:gmIIPPn><sln:gmIIPWersja>2012-09-26T22:18:31+02:00</sln:gmIIPWersja><sln:gmIdTeryt>2604072</sln:gmIdTeryt><sln:gmNazwa>Łagów</sln:gmNazwa><sln:miejscIIPId>e136e7fa-1efa-43b1-9a9e-51882c2e12e6</sln:miejscIIPId><sln:miejscIIPPn>PL.PZGIK.200</sln:miejscIIPPn><sln:miejscIIPWersja>2016-11-24T13:44:46+02:00</sln:miejscIIPWersja><sln:miejscIdTeryt>0247870</sln:miejscIdTeryt><sln:miejscNazwa>Porębiska</sln:miejscNazwa><sln:miejscRodzaj>Wieś</sln:miejscRodzaj><sln:powIIPId>b223bd08-4fe5-4456-8797-8eb39bfbd775</sln:powIIPId><sln:powIIPPn>PL.PZGIK.200</sln:powIIPPn><sln:powIIPWersja>2012-09-27T09:32:07+02:00</sln:powIIPWersja><sln:powIdTeryt>2604</sln:powIdTeryt><sln:powNazwa>kielecki</sln:powNazwa><sln:wojIIPId>d021c0dd-b22e-4fcd-8444-904c64ec3aa8</sln:wojIIPId><sln:wojIIPPn>PL.PZGIK.200</sln:wojIIPPn><sln:wojIIPWersja>2012-09-27T13:45:13+02:00</sln:wojIIPWersja><sln:wojIdTeryt>26</sln:wojIdTeryt><sln:wojNazwa>świętokrzyskie</sln:wojNazwa></sln:miejscowosc><sln:miejscowosc><sln:cyklZyciaDo>2018-03-05T00:00:00+01:00</sln:cyklZyciaDo><sln:cyklZyciaOd>2014-12-06T00:00:00+01:00</sln:cyklZyciaOd><sln:gmIIPId>fe3db020-75f7-4aa5-a575-ef9a2de9d2c4</sln:gmIIPId><sln:gmIIPPn>PL.PZGIK.200</sln:gmIIPPn><sln:gmIIPWersja>2012-09-26T22:18:31+02:00</sln:gmIIPWersja><sln:gmIdTeryt>2604072</sln:gmIdTeryt><sln:gmNazwa>Łagów</sln:gmNazwa><sln:miejscIIPId>29b3c058-0bca-4d3a-9ca9-4d8a77d48237</sln:miejscIIPId><sln:miejscIIPPn>PL.PZGIK.200</sln:miejscIIPPn><sln:miejscIIPWersja>2016-11-24T13:52:04+02:00</sln:miejscIIPWersja><sln:miejscIdTeryt>0247568</sln:miejscIdTeryt><sln:miejscNazwa>Kosory</sln:miejscNazwa><sln:miejscRodzaj>Inny obiekt</sln:miejscRodzaj><sln:powIIPId>b223bd08-4fe5-4456-8797-8eb39bfbd775</sln:powIIPId><sln:powIIPPn>PL.PZGIK.200</sln:powIIPPn><sln:powIIPWersja>2012-09-27T09:32:07+02:00</sln:powIIPWersja><sln:powIdTeryt>2604</sln:powIdTeryt><sln:powNazwa>kielecki</sln:powNazwa><sln:wojIIPId>d021c0dd-b22e-4fcd-8444-904c64ec3aa8</sln:wojIIPId><sln:wojIIPPn>PL.PZGIK.200</sln:wojIIPPn><sln:wojIIPWersja>2012-09-27T13:45:13+02:00</sln:wojIIPWersja><sln:wojIdTeryt>26</sln:wojIdTeryt><sln:wojNazwa>świętokrzyskie</sln:wojNazwa></sln:miejscowosc><sln:miejscowosc><sln:cyklZyciaDo>2018-03-05T00:00:00+01:00</sln:cyklZyciaDo><sln:cyklZyciaOd>2014-12-06T00:00:00+01:00</sln:cyklZyciaOd><sln:gmIIPId>fe3db020-75f7-4aa5-a575-ef9a2de9d2c4</sln:gmIIPId><sln:gmIIPPn>PL.PZGIK.200</sln:gmIIPPn><sln:gmIIPWersja>2012-09-26T22:18:31+02:00</sln:gmIIPWersja><sln:gmIdTeryt>2604072</sln:gmIdTeryt><sln:gmNazwa>Łagów</sln:gmNazwa><sln:miejscIIPId>a618de7f-ef7e-4e90-a856-4783e9c4d9aa</sln:miejscIIPId><sln:miejscIIPPn>PL.PZGIK.200</sln:miejscIIPPn><sln:miejscIIPWersja>2016-11-24T13:33:24+02:00</sln:miejscIIPWersja><sln:miejscIdTeryt>0248102</sln:miejscIdTeryt><sln:miejscNazwa>Winna</sln:miejscNazwa><sln:miejscRodzaj>Wieś</sln:miejscRodzaj><sln:powIIPId>b223bd08-4fe5-4456-8797-8eb39bfbd775</sln:powIIPId><sln:powIIPPn>PL.PZGIK.200</sln:powIIPPn><sln:powIIPWersja>2012-09-27T09:32:07+02:00</sln:powIIPWersja><sln:powIdTeryt>2604</sln:powIdTeryt><sln:powNazwa>kielecki</sln:powNazwa><sln:wojIIPId>d021c0dd-b22e-4fcd-8444-904c64ec3aa8</sln:wojIIPId><sln:wojIIPPn>PL.PZGIK.200</sln:wojIIPPn><sln:wojIIPWersja>2012-09-27T13:45:13+02:00</sln:wojIIPWersja><sln:wojIdTeryt>26</sln:wojIdTeryt><sln:wojNazwa>świętokrzyskie</sln:wojNazwa></sln:miejscowosc><sln:miejscowosc><sln:cyklZyciaDo>2018-03-05T00:00:00+01:00</sln:cyklZyciaDo><sln:cyklZyciaOd>2014-12-06T00:00:00+01:00</sln:cyklZyciaOd><sln:gmIIPId>fe3db020-75f7-4aa5-a575-ef9a2de9d2c4</sln:gmIIPId><sln:gmIIPPn>PL.PZGIK.200</sln:gmIIPPn><sln:gmIIPWersja>2012-09-26T22:18:31+02:00</sln:gmIIPWersja><sln:gmIdTeryt>2604072</sln:gmIdTeryt><sln:gmNazwa>Łagów</sln:gmNazwa><sln:miejscIIPId>c52c071d-bdc4-4e58-8a8a-5136ead1e22a</sln:miejscIIPId><sln:miejscIIPPn>PL.PZGIK.200</sln:miejscIIPPn><sln:miejscIIPWersja>2016-11-24T13:30:22+02:00</sln:miejscIIPWersja><sln:miejscIdTeryt>0247930</sln:miejscIdTeryt><sln:miejscNazwa>Sędek</sln:miejscNazwa><sln:miejscRodzaj>Wieś</sln:miejscRodzaj><sln:powIIPId>b223bd08-4fe5-4456-8797-8eb39bfbd775</sln:powIIPId><sln:powIIPPn>PL.PZGIK.200</sln:powIIPPn><sln:powIIPWersja>2012-09-27T09:32:07+02:00</sln:powIIPWersja><sln:powIdTeryt>2604</sln:powIdTeryt><sln:powNazwa>kielecki</sln:powNazwa><sln:wojIIPId>d021c0dd-b22e-4fcd-8444-904c64ec3aa8</sln:wojIIPId><sln:wojIIPPn>PL.PZGIK.200</sln:wojIIPPn><sln:wojIIPWersja>2012-09-27T13:45:13+02:00</sln:wojIIPWersja><sln:wojIdTeryt>26</sln:wojIdTeryt><sln:wojNazwa>świętokrzyskie</sln:wojNazwa></sln:miejscowosc><sln:miejscowosc><sln:cyklZyciaDo>2018-03-05T00:00:00+01:00</sln:cyklZyciaDo><sln:cyklZyciaOd>2014-12-06T00:00:00+01:00</sln:cyklZyciaOd><sln:gmIIPId>fe3db020-75f7-4aa5-a575-ef9a2de9d2c4</sln:gmIIPId><sln:gmIIPPn>PL.PZGIK.200</sln:gmIIPPn><sln:gmIIPWersja>2012-09-26T22:18:31+02:00</sln:gmIIPWersja><sln:gmIdTeryt>2604072</sln:gmIdTeryt><sln:gmNazwa>Łagów</sln:gmNazwa><sln:miejscIIPId>07100131-9382-43ca-ab0a-a86cbfd9ffae</sln:miejscIIPId><sln:miejscIIPPn>PL.PZGIK.200</sln:miejscIIPPn><sln:miejscIIPWersja>2016-11-24T13:50:13+02:00</sln:miejscIIPWersja><sln:miejscIdTeryt>0248148</sln:miejscIdTeryt><sln:miejscNazwa>Baraniec</sln:miejscNazwa><sln:miejscRodzaj>Inny obiekt</sln:miejscRodzaj><sln:powIIPId>b223bd08-4fe5-4456-8797-8eb39bfbd775</sln:powIIPId><sln:powIIPPn>PL.PZGIK.200</sln:powIIPPn><sln:powIIPWersja>2012-09-27T09:32:07+02:00</sln:powIIPWersja><sln:powIdTeryt>2604</sln:powIdTeryt><sln:powNazwa>kielecki</sln:powNazwa><sln:wojIIPId>d021c0dd-b22e-4fcd-8444-904c64ec3aa8</sln:wojIIPId><sln:wojIIPPn>PL.PZGIK.200</sln:wojIIPPn><sln:wojIIPWersja>2012-09-27T13:45:13+02:00</sln:wojIIPWersja><sln:wojIdTeryt>26</sln:wojIdTeryt><sln:wojNazwa>świętokrzyskie</sln:wojNazwa></sln:miejscowosc><sln:miejscowosc><sln:cyklZyciaDo>2018-03-05T00:00:00+01:00</sln:cyklZyciaDo><sln:cyklZyciaOd>2014-12-06T00:00:00+01:00</sln:cyklZyciaOd><sln:gmIIPId>fe3db020-75f7-4aa5-a575-ef9a2de9d2c4</sln:gmIIPId><sln:gmIIPPn>PL.PZGIK.200</sln:gmIIPPn><sln:gmIIPWersja>2012-09-26T22:18:31+02:00</sln:gmIIPWersja><sln:gmIdTeryt>2604072</sln:gmIdTeryt><sln:gmNazwa>Łagów</sln:gmNazwa><sln:miejscIIPId>e4b39beb-ca57-408e-a097-864de67385bc</sln:miejscIIPId><sln:miejscIIPPn>PL.PZGIK.200</sln:miejscIIPPn><sln:miejscIIPWersja>2016-11-24T13:52:04+02:00</sln:miejscIIPWersja><sln:miejscIdTeryt>0247545</sln:miejscIdTeryt><sln:miejscNazwa>Bukowa</sln:miejscNazwa><sln:miejscRodzaj>Inny obiekt</sln:miejscRodzaj><sln:powIIPId>b223bd08-4fe5-4456-8797-8eb39bfbd775</sln:powIIPId><sln:powIIPPn>PL.PZGIK.200</sln:powIIPPn><sln:powIIPWersja>2012-09-27T09:32:07+02:00</sln:powIIPWersja><sln:powIdTeryt>2604</sln:powIdTeryt><sln:powNazwa>kielecki</sln:powNazwa><sln:wojIIPId>d021c0dd-b22e-4fcd-8444-904c64ec3aa8</sln:wojIIPId><sln:wojIIPPn>PL.PZGIK.200</sln:wojIIPPn><sln:wojIIPWersja>2012-09-27T13:45:13+02:00</sln:wojIIPWersja><sln:wojIdTeryt>26</sln:wojIdTeryt><sln:wojNazwa>świętokrzyskie</sln:wojNazwa></sln:miejscowosc><sln:miejscowosc><sln:cyklZyciaDo>2018-03-05T00:00:00+01:00</sln:cyklZyciaDo><sln:cyklZyciaOd>2014-12-06T00:00:00+01:00</sln:cyklZyciaOd><sln:gmIIPId>fe3db020-75f7-4aa5-a575-ef9a2de9d2c4</sln:gmIIPId><sln:gmIIPPn>PL.PZGIK.200</sln:gmIIPPn><sln:gmIIPWersja>2012-09-26T22:18:31+02:00</sln:gmIIPWersja><sln:gmIdTeryt>2604072</sln:gmIdTeryt><sln:gmNazwa>Łagów</sln:gmNazwa><sln:miejscIIPId>800badfc-61cc-44d5-b983-c2a7e8515052</sln:miejscIIPId><sln:miejscIIPPn>PL.PZGIK.200</sln:miejscIIPPn><sln:miejscIIPWersja>2016-11-24T13:46:32+02:00</sln:miejscIIPWersja><sln:miejscIdTeryt>0248007</sln:miejscIdTeryt><sln:miejscNazwa>Stara Wieś Pierwsza</sln:miejscNazwa><sln:miejscRodzaj>Inny obiekt</sln:miejscRodzaj><sln:powIIPId>b223bd08-4fe5-4456-8797-8eb39bfbd775</sln:powIIPId><sln:powIIPPn>PL.PZGIK.200</sln:powIIPPn><sln:powIIPWersja>2012-09-27T09:32:07+02:00</sln:powIIPWersja><sln:powIdTeryt>2604</sln:powIdTeryt><sln:powNazwa>kielecki</sln:powNazwa><sln:wojIIPId>d021c0dd-b22e-4fcd-8444-904c64ec3aa8</sln:wojIIPId><sln:wojIIPPn>PL.PZGIK.200</sln:wojIIPPn><sln:wojIIPWersja>2012-09-27T13:45:13+02:00</sln:wojIIPWersja><sln:wojIdTeryt>26</sln:wojIdTeryt><sln:wojNazwa>świętokrzyskie</sln:wojNazwa></sln:miejscowosc><sln:miejscowosc><sln:cyklZyciaDo>2018-03-05T00:00:00+01:00</sln:cyklZyciaDo><sln:cyklZyciaOd>2014-12-06T00:00:00+01:00</sln:cyklZyciaOd><sln:gmIIPId>fe3db020-75f7-4aa5-a575-ef9a2de9d2c4</sln:gmIIPId><sln:gmIIPPn>PL.PZGIK.200</sln:gmIIPPn><sln:gmIIPWersja>2012-09-26T22:18:31+02:00</sln:gmIIPWersja><sln:gmIdTeryt>2604072</sln:gmIdTeryt><sln:gmNazwa>Łagów</sln:gmNazwa><sln:miejscIIPId>499d5913-d79f-4bf8-bd8a-b1af64001868</sln:miejscIIPId><sln:miejscIIPPn>PL.PZGIK.200</sln:miejscIIPPn><sln:miejscIIPWersja>2016-11-24T13:52:04+02:00</sln:miejscIIPWersja><sln:miejscIdTeryt>0247574</sln:miejscIdTeryt><sln:miejscNazwa>Przygłówek</sln:miejscNazwa><sln:miejscRodzaj>Inny obiekt</sln:miejscRodzaj><sln:powIIPId>b223bd08-4fe5-4456-8797-8eb39bfbd775</sln:powIIPId><sln:powIIPPn>PL.PZGIK.200</sln:powIIPPn><sln:powIIPWersja>2012-09-27T09:32:07+02:00</sln:powIIPWersja><sln:powIdTeryt>2604</sln:powIdTeryt><sln:powNazwa>kielecki</sln:powNazwa><sln:wojIIPId>d021c0dd-b22e-4fcd-8444-904c64ec3aa8</sln:wojIIPId><sln:wojIIPPn>PL.PZGIK.200</sln:wojIIPPn><sln:wojIIPWersja>2012-09-27T13:45:13+02:00</sln:wojIIPWersja><sln:wojIdTeryt>26</sln:wojIdTeryt><sln:wojNazwa>świętokrzyskie</sln:wojNazwa></sln:miejscowosc><sln:miejscowosc><sln:cyklZyciaDo>2018-03-05T00:00:00+01:00</sln:cyklZyciaDo><sln:cyklZyciaOd>2014-12-06T00:00:00+01:00</sln:cyklZyciaOd><sln:gmIIPId>fe3db020-75f7-4aa5-a575-ef9a2de9d2c4</sln:gmIIPId><sln:gmIIPPn>PL.PZGIK.200</sln:gmIIPPn><sln:gmIIPWersja>2012-09-26T22:18:31+02:00</sln:gmIIPWersja><sln:gmIdTeryt>2604072</sln:gmIdTeryt><sln:gmNazwa>Łagów</sln:gmNazwa><sln:miejscIIPId>288f174d-2f35-4ee8-b581-e83dbf50860c</sln:miejscIIPId><sln:miejscIIPPn>PL.PZGIK.200</sln:miejscIIPPn><sln:miejscIIPWersja>2016-11-24T13:33:25+02:00</sln:miejscIIPWersja><sln:miejscIdTeryt>0248125</sln:miejscIdTeryt><sln:miejscNazwa>Wiśniowa</sln:miejscNazwa><sln:miejscRodzaj>Wieś</sln:miejscRodzaj><sln:powIIPId>b223bd08-4fe5-4456-8797-8eb39bfbd775</sln:powIIPId><sln:powIIPPn>PL.PZGIK.200</sln:powIIPPn><sln:powIIPWersja>2012-09-27T09:32:07+02:00</sln:powIIPWersja><sln:powIdTeryt>2604</sln:powIdTeryt><sln:powNazwa>kielecki</sln:powNazwa><sln:wojIIPId>d021c0dd-b22e-4fcd-8444-904c64ec3aa8</sln:wojIIPId><sln:wojIIPPn>PL.PZGIK.200</sln:wojIIPPn><sln:wojIIPWersja>2012-09-27T13:45:13+02:00</sln:wojIIPWersja><sln:wojIdTeryt>26</sln:wojIdTeryt><sln:wojNazwa>świętokrzyskie</sln:wojNazwa></sln:miejscowosc><sln:miejscowosc><sln:cyklZyciaDo>2018-03-05T00:00:00+01:00</sln:cyklZyciaDo><sln:cyklZyciaOd>2014-12-06T00:00:00+01:00</sln:cyklZyciaOd><sln:gmIIPId>fe3db020-75f7-4aa5-a575-ef9a2de9d2c4</sln:gmIIPId><sln:gmIIPPn>PL.PZGIK.200</sln:gmIIPPn><sln:gmIIPWersja>2012-09-26T22:18:31+02:00</sln:gmIIPWersja><sln:gmIdTeryt>2604072</sln:gmIdTeryt><sln:gmNazwa>Łagów</sln:gmNazwa><sln:miejscIIPId>e6efcd26-af37-4e1b-9ef6-e23338f97313</sln:miejscIIPId><sln:miejscIIPPn>PL.PZGIK.200</sln:miejscIIPPn><sln:miejscIIPWersja>2016-11-24T13:30:11+02:00</sln:miejscIIPWersja><sln:miejscIdTeryt>0247924</sln:miejscIdTeryt><sln:miejscNazwa>Sadków</sln:miejscNazwa><sln:miejscRodzaj>Wieś</sln:miejscRodzaj><sln:powIIPId>b223bd08-4fe5-4456-8797-8eb39bfbd775</sln:powIIPId><sln:powIIPPn>PL.PZGIK.200</sln:powIIPPn><sln:powIIPWersja>2012-09-27T09:32:07+02:00</sln:powIIPWersja><sln:powIdTeryt>2604</sln:powIdTeryt><sln:powNazwa>kielecki</sln:powNazwa><sln:wojIIPId>d021c0dd-b22e-4fcd-8444-904c64ec3aa8</sln:wojIIPId><sln:wojIIPPn>PL.PZGIK.200</sln:wojIIPPn><sln:wojIIPWersja>2012-09-27T13:45:13+02:00</sln:wojIIPWersja><sln:wojIdTeryt>26</sln:wojIdTeryt><sln:wojNazwa>świętokrzyskie</sln:wojNazwa></sln:miejscowosc><sln:miejscowosc><sln:cyklZyciaDo>2018-03-05T00:00:00+01:00</sln:cyklZyciaDo><sln:cyklZyciaOd>2014-12-06T00:00:00+01:00</sln:cyklZyciaOd><sln:gmIIPId>fe3db020-75f7-4aa5-a575-ef9a2de9d2c4</sln:gmIIPId><sln:gmIIPPn>PL.PZGIK.200</sln:gmIIPPn><sln:gmIIPWersja>2012-09-26T22:18:31+02:00</sln:gmIIPWersja><sln:gmIdTeryt>2604072</sln:gmIdTeryt><sln:gmNazwa>Łagów</sln:gmNazwa><sln:miejscIIPId>d0b5155f-4860-4ac7-8b4e-fb0412d1cadd</sln:miejscIIPId><sln:miejscIIPPn>PL.PZGIK.200</sln:miejscIIPPn><sln:miejscIIPWersja>2016-11-24T13:58:49+02:00</sln:miejscIIPWersja><sln:miejscIdTeryt>0247918</sln:miejscIdTeryt><sln:miejscNazwa>Płucki-Łąki</sln:miejscNazwa><sln:miejscRodzaj>Inny obiekt</sln:miejscRodzaj><sln:powIIPId>b223bd08-4fe5-4456-8797-8eb39bfbd775</sln:powIIPId><sln:powIIPPn>PL.PZGIK.200</sln:powIIPPn><sln:powIIPWersja>2012-09-27T09:32:07+02:00</sln:powIIPWersja><sln:powIdTeryt>2604</sln:powIdTeryt><sln:powNazwa>kielecki</sln:powNazwa><sln:wojIIPId>d021c0dd-b22e-4fcd-8444-904c64ec3aa8</sln:wojIIPId><sln:wojIIPPn>PL.PZGIK.200</sln:wojIIPPn><sln:wojIIPWersja>2012-09-27T13:45:13+02:00</sln:wojIIPWersja><sln:wojIdTeryt>26</sln:wojIdTeryt><sln:wojNazwa>świętokrzyskie</sln:wojNazwa></sln:miejscowosc><sln:miejscowosc><sln:cyklZyciaDo>2018-03-05T00:00:00+01:00</sln:cyklZyciaDo><sln:cyklZyciaOd>2014-12-06T00:00:00+01:00</sln:cyklZyciaOd><sln:gmIIPId>fe3db020-75f7-4aa5-a575-ef9a2de9d2c4</sln:gmIIPId><sln:gmIIPPn>PL.PZGIK.200</sln:gmIIPPn><sln:gmIIPWersja>2012-09-26T22:18:31+02:00</sln:gmIIPWersja><sln:gmIdTeryt>2604072</sln:gmIdTeryt><sln:gmNazwa>Łagów</sln:gmNazwa><sln:miejscIIPId>43ba9054-c6cc-4e84-a19e-ce87c7c7d943</sln:miejscIIPId><sln:miejscIIPPn>PL.PZGIK.200</sln:miejscIIPPn><sln:miejscIIPWersja>2016-11-24T13:58:49+02:00</sln:miejscIIPWersja><sln:miejscIdTeryt>0248160</sln:miejscIdTeryt><sln:miejscNazwa>Kąty</sln:miejscNazwa><sln:miejscRodzaj>Inny obiekt</sln:miejscRodzaj><sln:powIIPId>b223bd08-4fe5-4456-8797-8eb39bfbd775</sln:powIIPId><sln:powIIPPn>PL.PZGIK.200</sln:powIIPPn><sln:powIIPWersja>2012-09-27T09:32:07+02:00</sln:powIIPWersja><sln:powIdTeryt>2604</sln:powIdTeryt><sln:powNazwa>kielecki</sln:powNazwa><sln:wojIIPId>d021c0dd-b22e-4fcd-8444-904c64ec3aa8</sln:wojIIPId><sln:wojIIPPn>PL.PZGIK.200</sln:wojIIPPn><sln:wojIIPWersja>2012-09-27T13:45:13+02:00</sln:wojIIPWersja><sln:wojIdTeryt>26</sln:wojIdTeryt><sln:wojNazwa>świętokrzyskie</sln:wojNazwa></sln:miejscowosc><sln:miejscowosc><sln:cyklZyciaDo>2018-03-05T00:00:00+01:00</sln:cyklZyciaDo><sln:cyklZyciaOd>2014-12-06T00:00:00+01:00</sln:cyklZyciaOd><sln:gmIIPId>fe3db020-75f7-4aa5-a575-ef9a2de9d2c4</sln:gmIIPId><sln:gmIIPPn>PL.PZGIK.200</sln:gmIIPPn><sln:gmIIPWersja>2012-09-26T22:18:31+02:00</sln:gmIIPWersja><sln:gmIdTeryt>2604072</sln:gmIdTeryt><sln:gmNazwa>Łagów</sln:gmNazwa><sln:miejscIIPId>e38e8249-4a58-45b9-b4a8-3a7fbb43dc43</sln:miejscIIPId><sln:miejscIIPPn>PL.PZGIK.200</sln:miejscIIPPn><sln:miejscIIPWersja>2016-11-24T13:44:46+02:00</sln:miejscIIPWersja><sln:miejscIdTeryt>0247887</sln:miejscIdTeryt><sln:miejscNazwa>Zagościniec</sln:miejscNazwa><sln:miejscRodzaj>Wieś</sln:miejscRodzaj><sln:powIIPId>b223bd08-4fe5-4456-8797-8eb39bfbd775</sln:powIIPId><sln:powIIPPn>PL.PZGIK.200</sln:powIIPPn><sln:powIIPWersja>2012-09-27T09:32:07+02:00</sln:powIIPWersja><sln:powIdTeryt>2604</sln:powIdTeryt><sln:powNazwa>kielecki</sln:powNazwa><sln:wojIIPId>d021c0dd-b22e-4fcd-8444-904c64ec3aa8</sln:wojIIPId><sln:wojIIPPn>PL.PZGIK.200</sln:wojIIPPn><sln:wojIIPWersja>2012-09-27T13:45:13+02:00</sln:wojIIPWersja><sln:wojIdTeryt>26</sln:wojIdTeryt><sln:wojNazwa>świętokrzyskie</sln:wojNazwa></sln:miejscowosc><sln:miejscowosc><sln:cyklZyciaDo>2018-03-05T00:00:00+01:00</sln:cyklZyciaDo><sln:cyklZyciaOd>2014-12-06T00:00:00+01:00</sln:cyklZyciaOd><sln:gmIIPId>fe3db020-75f7-4aa5-a575-ef9a2de9d2c4</sln:gmIIPId><sln:gmIIPPn>PL.PZGIK.200</sln:gmIIPPn><sln:gmIIPWersja>2012-09-26T22:18:31+02:00</sln:gmIIPWersja><sln:gmIdTeryt>2604072</sln:gmIdTeryt><sln:gmNazwa>Łagów</sln:gmNazwa><sln:miejscIIPId>beb064d9-b9d1-4381-8abd-1b6a11ee084b</sln:miejscIIPId><sln:miejscIIPPn>PL.PZGIK.200</sln:miejscIIPPn><sln:miejscIIPWersja>2016-11-24T13:46:32+02:00</sln:miejscIIPWersja><sln:miejscIdTeryt>0247999</sln:miejscIdTeryt><sln:miejscNazwa>Stara Wieś Druga</sln:miejscNazwa><sln:miejscRodzaj>Inny obiekt</sln:miejscRodzaj><sln:powIIPId>b223bd08-4fe5-4456-8797-8eb39bfbd775</sln:powIIPId><sln:powIIPPn>PL.PZGIK.200</sln:powIIPPn><sln:powIIPWersja>2012-09-27T09:32:07+02:00</sln:powIIPWersja><sln:powIdTeryt>2604</sln:powIdTeryt><sln:powNazwa>kielecki</sln:powNazwa><sln:wojIIPId>d021c0dd-b22e-4fcd-8444-904c64ec3aa8</sln:wojIIPId><sln:wojIIPPn>PL.PZGIK.200</sln:wojIIPPn><sln:wojIIPWersja>2012-09-27T13:45:13+02:00</sln:wojIIPWersja><sln:wojIdTeryt>26</sln:wojIdTeryt><sln:wojNazwa>świętokrzyskie</sln:wojNazwa></sln:miejscowosc><sln:miejscowosc><sln:cyklZyciaDo>2018-03-05T00:00:00+01:00</sln:cyklZyciaDo><sln:cyklZyciaOd>2014-12-06T00:00:00+01:00</sln:cyklZyciaOd><sln:gmIIPId>fe3db020-75f7-4aa5-a575-ef9a2de9d2c4</sln:gmIIPId><sln:gmIIPPn>PL.PZGIK.200</sln:gmIIPPn><sln:gmIIPWersja>2012-09-26T22:18:31+02:00</sln:gmIIPWersja><sln:gmIdTeryt>2604072</sln:gmIdTeryt><sln:gmNazwa>Łagów</sln:gmNazwa><sln:miejscIIPId>eb7c929e-611f-42e0-a119-becc4c752956</sln:miejscIIPId><sln:miejscIIPPn>PL.PZGIK.200</sln:miejscIIPPn><sln:miejscIIPWersja>2016-11-24T13:47:31+02:00</sln:miejscIIPWersja><sln:miejscIdTeryt>0248094</sln:miejscIdTeryt><sln:miejscNazwa>Zbelutka-Stara Wieś</sln:miejscNazwa><sln:miejscRodzaj>Inny obiekt</sln:miejscRodzaj><sln:powIIPId>b223bd08-4fe5-4456-8797-8eb39bfbd775</sln:powIIPId><sln:powIIPPn>PL.PZGIK.200</sln:powIIPPn><sln:powIIPWersja>2012-09-27T09:32:07+02:00</sln:powIIPWersja><sln:powIdTeryt>2604</sln:powIdTeryt><sln:powNazwa>kielecki</sln:powNazwa><sln:wojIIPId>d021c0dd-b22e-4fcd-8444-904c64ec3aa8</sln:wojIIPId><sln:wojIIPPn>PL.PZGIK.200</sln:wojIIPPn><sln:wojIIPWersja>2012-09-27T13:45:13+02:00</sln:wojIIPWersja><sln:wojIdTeryt>26</sln:wojIdTeryt><sln:wojNazwa>świętokrzyskie</sln:wojNazwa></sln:miejscowosc><sln:miejscowosc><sln:cyklZyciaDo>2018-03-05T00:00:00+01:00</sln:cyklZyciaDo><sln:cyklZyciaOd>2014-12-06T00:00:00+01:00</sln:cyklZyciaOd><sln:gmIIPId>fe3db020-75f7-4aa5-a575-ef9a2de9d2c4</sln:gmIIPId><sln:gmIIPPn>PL.PZGIK.200</sln:gmIIPPn><sln:gmIIPWersja>2012-09-26T22:18:31+02:00</sln:gmIIPWersja><sln:gmIdTeryt>2604072</sln:gmIdTeryt><sln:gmNazwa>Łagów</sln:gmNazwa><sln:miejscIIPId>1f7648a7-1c44-45da-a578-be334938e3b0</sln:miejscIIPId><sln:miejscIIPPn>PL.PZGIK.200</sln:miejscIIPPn><sln:miejscIIPWersja>2016-11-24T13:47:31+02:00</sln:miejscIIPWersja><sln:miejscIdTeryt>0248059</sln:miejscIdTeryt><sln:miejscNazwa>Poddanie</sln:miejscNazwa><sln:miejscRodzaj>Inny obiekt</sln:miejscRodzaj><sln:powIIPId>b223bd08-4fe5-4456-8797-8eb39bfbd775</sln:powIIPId><sln:powIIPPn>PL.PZGIK.200</sln:powIIPPn><sln:powIIPWersja>2012-09-27T09:32:07+02:00</sln:powIIPWersja><sln:powIdTeryt>2604</sln:powIdTeryt><sln:powNazwa>kielecki</sln:powNazwa><sln:wojIIPId>d021c0dd-b22e-4fcd-8444-904c64ec3aa8</sln:wojIIPId><sln:wojIIPPn>PL.PZGIK.200</sln:wojIIPPn><sln:wojIIPWersja>2012-09-27T13:45:13+02:00</sln:wojIIPWersja><sln:wojIdTeryt>26</sln:wojIdTeryt><sln:wojNazwa>świętokrzyskie</sln:wojNazwa></sln:miejscowosc><sln:miejscowosc><sln:cyklZyciaDo>2018-03-05T00:00:00+01:00</sln:cyklZyciaDo><sln:cyklZyciaOd>2014-12-06T00:00:00+01:00</sln:cyklZyciaOd><sln:gmIIPId>fe3db020-75f7-4aa5-a575-ef9a2de9d2c4</sln:gmIIPId><sln:gmIIPPn>PL.PZGIK.200</sln:gmIIPPn><sln:gmIIPWersja>2012-09-26T22:18:31+02:00</sln:gmIIPWersja><sln:gmIdTeryt>2604072</sln:gmIdTeryt><sln:gmNazwa>Łagów</sln:gmNazwa><sln:miejscIIPId>67d677e8-a020-4654-8bf6-f04942c3836d</sln:miejscIIPId><sln:miejscIIPPn>PL.PZGIK.200</sln:miejscIIPPn><sln:miejscIIPWersja>2016-11-24T13:46:32+02:00</sln:miejscIIPWersja><sln:miejscIdTeryt>0247947</sln:miejscIdTeryt><sln:miejscNazwa>Górna Droga</sln:miejscNazwa><sln:miejscRodzaj>Inny obiekt</sln:miejscRodzaj><sln:powIIPId>b223bd08-4fe5-4456-8797-8eb39bfbd775</sln:powIIPId><sln:powIIPPn>PL.PZGIK.200</sln:powIIPPn><sln:powIIPWersja>2012-09-27T09:32:07+02:00</sln:powIIPWersja><sln:powIdTeryt>2604</sln:powIdTeryt><sln:powNazwa>kielecki</sln:powNazwa><sln:wojIIPId>d021c0dd-b22e-4fcd-8444-904c64ec3aa8</sln:wojIIPId><sln:wojIIPPn>PL.PZGIK.200</sln:wojIIPPn><sln:wojIIPWersja>2012-09-27T13:45:13+02:00</sln:wojIIPWersja><sln:wojIdTeryt>26</sln:wojIdTeryt><sln:wojNazwa>świętokrzyskie</sln:wojNazwa></sln:miejscowosc><sln:miejscowosc><sln:cyklZyciaDo>2018-03-05T00:00:00+01:00</sln:cyklZyciaDo><sln:cyklZyciaOd>2014-12-06T00:00:00+01:00</sln:cyklZyciaOd><sln:gmIIPId>fe3db020-75f7-4aa5-a575-ef9a2de9d2c4</sln:gmIIPId><sln:gmIIPPn>PL.PZGIK.200</sln:gmIIPPn><sln:gmIIPWersja>2012-09-26T22:18:31+02:00</sln:gmIIPWersja><sln:gmIdTeryt>2604072</sln:gmIdTeryt><sln:gmNazwa>Łagów</sln:gmNazwa><sln:miejscIIPId>c4d621e3-471a-4009-b52c-80e63ad5be5d</sln:miejscIIPId><sln:miejscIIPPn>PL.PZGIK.200</sln:miejscIIPPn><sln:miejscIIPWersja>2016-11-24T13:58:49+02:00</sln:miejscIIPWersja><sln:miejscIdTeryt>0247663</sln:miejscIdTeryt><sln:miejscNazwa>Stara Wieś</sln:miejscNazwa><sln:miejscRodzaj>Inny obiekt</sln:miejscRodzaj><sln:powIIPId>b223bd08-4fe5-4456-8797-8eb39bfbd775</sln:powIIPId><sln:powIIPPn>PL.PZGIK.200</sln:powIIPPn><sln:powIIPWersja>2012-09-27T09:32:07+02:00</sln:powIIPWersja><sln:powIdTeryt>2604</sln:powIdTeryt><sln:powNazwa>kielecki</sln:powNazwa><sln:wojIIPId>d021c0dd-b22e-4fcd-8444-904c64ec3aa8</sln:wojIIPId><sln:wojIIPPn>PL.PZGIK.200</sln:wojIIPPn><sln:wojIIPWersja>2012-09-27T13:45:13+02:00</sln:wojIIPWersja><sln:wojIdTeryt>26</sln:wojIdTeryt><sln:wojNazwa>świętokrzyskie</sln:wojNazwa></sln:miejscowosc><sln:miejscowosc><sln:cyklZyciaDo>2018-03-05T00:00:00+01:00</sln:cyklZyciaDo><sln:cyklZyciaOd>2014-12-06T00:00:00+01:00</sln:cyklZyciaOd><sln:gmIIPId>fe3db020-75f7-4aa5-a575-ef9a2de9d2c4</sln:gmIIPId><sln:gmIIPPn>PL.PZGIK.200</sln:gmIIPPn><sln:gmIIPWersja>2012-09-26T22:18:31+02:00</sln:gmIIPWersja><sln:gmIdTeryt>2604072</sln:gmIdTeryt><sln:gmNazwa>Łagów</sln:gmNazwa><sln:miejscIIPId>baea9771-9850-4ca9-b8fa-34ed4ba8d653</sln:miejscIIPId><sln:miejscIIPPn>PL.PZGIK.200</sln:miejscIIPPn><sln:miejscIIPWersja>2016-11-24T13:58:49+02:00</sln:miejscIIPWersja><sln:miejscIdTeryt>0247829</sln:miejscIdTeryt><sln:miejscNazwa>Okręglica</sln:miejscNazwa><sln:miejscRodzaj>Kolonia</sln:miejscRodzaj><sln:powIIPId>b223bd08-4fe5-4456-8797-8eb39bfbd775</sln:powIIPId><sln:powIIPPn>PL.PZGIK.200</sln:powIIPPn><sln:powIIPWersja>2012-09-27T09:32:07+02:00</sln:powIIPWersja><sln:powIdTeryt>2604</sln:powIdTeryt><sln:powNazwa>kielecki</sln:powNazwa><sln:wojIIPId>d021c0dd-b22e-4fcd-8444-904c64ec3aa8</sln:wojIIPId><sln:wojIIPPn>PL.PZGIK.200</sln:wojIIPPn><sln:wojIIPWersja>2012-09-27T13:45:13+02:00</sln:wojIIPWersja><sln:wojIdTeryt>26</sln:wojIdTeryt><sln:wojNazwa>świętokrzyskie</sln:wojNazwa></sln:miejscowosc><sln:miejscowosc><sln:cyklZyciaDo>2018-03-05T00:00:00+01:00</sln:cyklZyciaDo><sln:cyklZyciaOd>2014-12-06T00:00:00+01:00</sln:cyklZyciaOd><sln:gmIIPId>fe3db020-75f7-4aa5-a575-ef9a2de9d2c4</sln:gmIIPId><sln:gmIIPPn>PL.PZGIK.200</sln:gmIIPPn><sln:gmIIPWersja>2012-09-26T22:18:31+02:00</sln:gmIIPWersja><sln:gmIdTeryt>2604072</sln:gmIdTeryt><sln:gmNazwa>Łagów</sln:gmNazwa><sln:miejscIIPId>79322557-5f27-42e9-b55d-54b1b4fbca0f</sln:miejscIIPId><sln:miejscIIPPn>PL.PZGIK.200</sln:miejscIIPPn><sln:miejscIIPWersja>2016-11-24T13:58:49+02:00</sln:miejscIIPWersja><sln:miejscIdTeryt>0248220</sln:miejscIdTeryt><sln:miejscNazwa>Karczma</sln:miejscNazwa><sln:miejscRodzaj>Inny obiekt</sln:miejscRodzaj><sln:powIIPId>b223bd08-4fe5-4456-8797-8eb39bfbd775</sln:powIIPId><sln:powIIPPn>PL.PZGIK.200</sln:powIIPPn><sln:powIIPWersja>2012-09-27T09:32:07+02:00</sln:powIIPWersja><sln:powIdTeryt>2604</sln:powIdTeryt><sln:powNazwa>kielecki</sln:powNazwa><sln:wojIIPId>d021c0dd-b22e-4fcd-8444-904c64ec3aa8</sln:wojIIPId><sln:wojIIPPn>PL.PZGIK.200</sln:wojIIPPn><sln:wojIIPWersja>2012-09-27T13:45:13+02:00</sln:wojIIPWersja><sln:wojIdTeryt>26</sln:wojIdTeryt><sln:wojNazwa>świętokrzyskie</sln:wojNazwa></sln:miejscowosc><sln:miejscowosc><sln:cyklZyciaDo>2018-03-05T00:00:00+01:00</sln:cyklZyciaDo><sln:cyklZyciaOd>2014-12-06T00:00:00+01:00</sln:cyklZyciaOd><sln:gmIIPId>fe3db020-75f7-4aa5-a575-ef9a2de9d2c4</sln:gmIIPId><sln:gmIIPPn>PL.PZGIK.200</sln:gmIIPPn><sln:gmIIPWersja>2012-09-26T22:18:31+02:00</sln:gmIIPWersja><sln:gmIdTeryt>2604072</sln:gmIdTeryt><sln:gmNazwa>Łagów</sln:gmNazwa><sln:miejscIIPId>213ad264-f9ca-4946-842b-a1376efe90ce</sln:miejscIIPId><sln:miejscIIPPn>PL.PZGIK.200</sln:miejscIIPPn><sln:miejscIIPWersja>2016-11-24T13:58:49+02:00</sln:miejscIIPWersja><sln:miejscIdTeryt>0997298</sln:miejscIdTeryt><sln:miejscNazwa>Dule</sln:miejscNazwa><sln:miejscRodzaj>Inny obiekt</sln:miejscRodzaj><sln:powIIPId>b223bd08-4fe5-4456-8797-8eb39bfbd775</sln:powIIPId><sln:powIIPPn>PL.PZGIK.200</sln:powIIPPn><sln:powIIPWersja>2012-09-27T09:32:07+02:00</sln:powIIPWersja><sln:powIdTeryt>2604</sln:powIdTeryt><sln:powNazwa>kielecki</sln:powNazwa><sln:wojIIPId>d021c0dd-b22e-4fcd-8444-904c64ec3aa8</sln:wojIIPId><sln:wojIIPPn>PL.PZGIK.200</sln:wojIIPPn><sln:wojIIPWersja>2012-09-27T13:45:13+02:00</sln:wojIIPWersja><sln:wojIdTeryt>26</sln:wojIdTeryt><sln:wojNazwa>świętokrzyskie</sln:wojNazwa></sln:miejscowosc><sln:miejscowosc><sln:cyklZyciaDo>2018-03-05T00:00:00+01:00</sln:cyklZyciaDo><sln:cyklZyciaOd>2014-12-06T00:00:00+01:00</sln:cyklZyciaOd><sln:gmIIPId>fe3db020-75f7-4aa5-a575-ef9a2de9d2c4</sln:gmIIPId><sln:gmIIPPn>PL.PZGIK.200</sln:gmIIPPn><sln:gmIIPWersja>2012-09-26T22:18:31+02:00</sln:gmIIPWersja><sln:gmIdTeryt>2604072</sln:gmIdTeryt><sln:gmNazwa>Łagów</sln:gmNazwa><sln:miejscIIPId>3bed5142-2428-4d57-9d0e-523e59bc5182</sln:miejscIIPId><sln:miejscIIPPn>PL.PZGIK.200</sln:miejscIIPPn><sln:miejscIIPWersja>2016-11-24T13:50:13+02:00</sln:miejscIIPWersja><sln:miejscIdTeryt>0248183</sln:miejscIdTeryt><sln:miejscNazwa>Nowa Wieś</sln:miejscNazwa><sln:miejscRodzaj>Inny obiekt</sln:miejscRodzaj><sln:powIIPId>b223bd08-4fe5-4456-8797-8eb39bfbd775</sln:powIIPId><sln:powIIPPn>PL.PZGIK.200</sln:powIIPPn><sln:powIIPWersja>2012-09-27T09:32:07+02:00</sln:powIIPWersja><sln:powIdTeryt>2604</sln:powIdTeryt><sln:powNazwa>kielecki</sln:powNazwa><sln:wojIIPId>d021c0dd-b22e-4fcd-8444-904c64ec3aa8</sln:wojIIPId><sln:wojIIPPn>PL.PZGIK.200</sln:wojIIPPn><sln:wojIIPWersja>2012-09-27T13:45:13+02:00</sln:wojIIPWersja><sln:wojIdTeryt>26</sln:wojIdTeryt><sln:wojNazwa>świętokrzyskie</sln:wojNazwa></sln:miejscowosc><sln:miejscowosc><sln:cyklZyciaDo>2018-03-05T00:00:00+01:00</sln:cyklZyciaDo><sln:cyklZyciaOd>2014-12-06T00:00:00+01:00</sln:cyklZyciaOd><sln:gmIIPId>fe3db020-75f7-4aa5-a575-ef9a2de9d2c4</sln:gmIIPId><sln:gmIIPPn>PL.PZGIK.200</sln:gmIIPPn><sln:gmIIPWersja>2012-09-26T22:18:31+02:00</sln:gmIIPWersja><sln:gmIdTeryt>2604072</sln:gmIdTeryt><sln:gmNazwa>Łagów</sln:gmNazwa><sln:miejscIIPId>54ce48c7-93ba-4911-bcc5-10c3b7a03a39</sln:miejscIIPId><sln:miejscIIPPn>PL.PZGIK.200</sln:miejscIIPPn><sln:miejscIIPWersja>2016-11-24T13:50:13+02:00</sln:miejscIIPWersja><sln:miejscIdTeryt>0248190</sln:miejscIdTeryt><sln:miejscNazwa>Olszowiec</sln:miejscNazwa><sln:miejscRodzaj>Inny obiekt</sln:miejscRodzaj><sln:powIIPId>b223bd08-4fe5-4456-8797-8eb39bfbd775</sln:powIIPId><sln:powIIPPn>PL.PZGIK.200</sln:powIIPPn><sln:powIIPWersja>2012-09-27T09:32:07+02:00</sln:powIIPWersja><sln:powIdTeryt>2604</sln:powIdTeryt><sln:powNazwa>kielecki</sln:powNazwa><sln:wojIIPId>d021c0dd-b22e-4fcd-8444-904c64ec3aa8</sln:wojIIPId><sln:wojIIPPn>PL.PZGIK.200</sln:wojIIPPn><sln:wojIIPWersja>2012-09-27T13:45:13+02:00</sln:wojIIPWersja><sln:wojIdTeryt>26</sln:wojIdTeryt><sln:wojNazwa>świętokrzyskie</sln:wojNazwa></sln:miejscowosc><sln:miejscowosc><sln:cyklZyciaDo>2018-03-05T00:00:00+01:00</sln:cyklZyciaDo><sln:cyklZyciaOd>2014-12-06T00:00:00+01:00</sln:cyklZyciaOd><sln:gmIIPId>fe3db020-75f7-4aa5-a575-ef9a2de9d2c4</sln:gmIIPId><sln:gmIIPPn>PL.PZGIK.200</sln:gmIIPPn><sln:gmIIPWersja>2012-09-26T22:18:31+02:00</sln:gmIIPWersja><sln:gmIdTeryt>2604072</sln:gmIdTeryt><sln:gmNazwa>Łagów</sln:gmNazwa><sln:miejscIIPId>a386e424-965c-4024-a1eb-c195a9e47d32</sln:miejscIIPId><sln:miejscIIPPn>PL.PZGIK.200</sln:miejscIIPPn><sln:miejscIIPWersja>2016-11-24T13:37:14+02:00</sln:miejscIIPWersja><sln:miejscIdTeryt>0247628</sln:miejscIdTeryt><sln:miejscNazwa>Gęsice</sln:miejscNazwa><sln:miejscRodzaj>Wieś</sln:miejscRodzaj><sln:powIIPId>b223bd08-4fe5-4456-8797-8eb39bfbd775</sln:powIIPId><sln:powIIPPn>PL.PZGIK.200</sln:powIIPPn><sln:powIIPWersja>2012-09-27T09:32:07+02:00</sln:powIIPWersja><sln:powIdTeryt>2604</sln:powIdTeryt><sln:powNazwa>kielecki</sln:powNazwa><sln:wojIIPId>d021c0dd-b22e-4fcd-8444-904c64ec3aa8</sln:wojIIPId><sln:wojIIPPn>PL.PZGIK.200</sln:wojIIPPn><sln:wojIIPWersja>2012-09-27T13:45:13+02:00</sln:wojIIPWersja><sln:wojIdTeryt>26</sln:wojIdTeryt><sln:wojNazwa>świętokrzyskie</sln:wojNazwa></sln:miejscowosc><sln:miejscowosc><sln:cyklZyciaDo>2018-03-05T00:00:00+01:00</sln:cyklZyciaDo><sln:cyklZyciaOd>2014-12-06T00:00:00+01:00</sln:cyklZyciaOd><sln:gmIIPId>fe3db020-75f7-4aa5-a575-ef9a2de9d2c4</sln:gmIIPId><sln:gmIIPPn>PL.PZGIK.200</sln:gmIIPPn><sln:gmIIPWersja>2012-09-26T22:18:31+02:00</sln:gmIIPWersja><sln:gmIdTeryt>2604072</sln:gmIdTeryt><sln:gmNazwa>Łagów</sln:gmNazwa><sln:miejscIIPId>40acd9bb-232b-4534-b5df-a47ca4e241c8</sln:miejscIIPId><sln:miejscIIPPn>PL.PZGIK.200</sln:miejscIIPPn><sln:miejscIIPWersja>2016-11-24T13:35:57+02:00</sln:miejscIIPWersja><sln:miejscIdTeryt>0247539</sln:miejscIdTeryt><sln:miejscNazwa>Czyżów</sln:miejscNazwa><sln:miejscRodzaj>Wieś</sln:miejscRodzaj><sln:powIIPId>b223bd08-4fe5-4456-8797-8eb39bfbd775</sln:powIIPId><sln:powIIPPn>PL.PZGIK.200</sln:powIIPPn><sln:powIIPWersja>2012-09-27T09:32:07+02:00</sln:powIIPWersja><sln:powIdTeryt>2604</sln:powIdTeryt><sln:powNazwa>kielecki</sln:powNazwa><sln:wojIIPId>d021c0dd-b22e-4fcd-8444-904c64ec3aa8</sln:wojIIPId><sln:wojIIPPn>PL.PZGIK.200</sln:wojIIPPn><sln:wojIIPWersja>2012-09-27T13:45:13+02:00</sln:wojIIPWersja><sln:wojIdTeryt>26</sln:wojIdTeryt><sln:wojNazwa>świętokrzyskie</sln:wojNazwa></sln:miejscowosc><sln:miejscowosc><sln:cyklZyciaDo>2018-03-05T00:00:00+01:00</sln:cyklZyciaDo><sln:cyklZyciaOd>2014-12-06T00:00:00+01:00</sln:cyklZyciaOd><sln:gmIIPId>fe3db020-75f7-4aa5-a575-ef9a2de9d2c4</sln:gmIIPId><sln:gmIIPPn>PL.PZGIK.200</sln:gmIIPPn><sln:gmIIPWersja>2012-09-26T22:18:31+02:00</sln:gmIIPWersja><sln:gmIdTeryt>2604072</sln:gmIdTeryt><sln:gmNazwa>Łagów</sln:gmNazwa><sln:miejscIIPId>1abfcb46-6389-473d-9537-7a95d1a348dc</sln:miejscIIPId><sln:miejscIIPPn>PL.PZGIK.200</sln:miejscIIPPn><sln:miejscIIPWersja>2016-11-24T13:43:38+02:00</sln:miejscIIPWersja><sln:miejscIdTeryt>0247798</sln:miejscIdTeryt><sln:miejscNazwa>Nowy Staw</sln:miejscNazwa><sln:miejscRodzaj>Wieś</sln:miejscRodzaj><sln:powIIPId>b223bd08-4fe5-4456-8797-8eb39bfbd775</sln:powIIPId><sln:powIIPPn>PL.PZGIK.200</sln:powIIPPn><sln:powIIPWersja>2012-09-27T09:32:07+02:00</sln:powIIPWersja><sln:powIdTeryt>2604</sln:powIdTeryt><sln:powNazwa>kielecki</sln:powNazwa><sln:wojIIPId>d021c0dd-b22e-4fcd-8444-904c64ec3aa8</sln:wojIIPId><sln:wojIIPPn>PL.PZGIK.200</sln:wojIIPPn><sln:wojIIPWersja>2012-09-27T13:45:13+02:00</sln:wojIIPWersja><sln:wojIdTeryt>26</sln:wojIdTeryt><sln:wojNazwa>świętokrzyskie</sln:wojNazwa></sln:miejscowosc><sln:miejscowosc><sln:cyklZyciaDo>2018-03-05T00:00:00+01:00</sln:cyklZyciaDo><sln:cyklZyciaOd>2014-12-06T00:00:00+01:00</sln:cyklZyciaOd><sln:gmIIPId>fe3db020-75f7-4aa5-a575-ef9a2de9d2c4</sln:gmIIPId><sln:gmIIPPn>PL.PZGIK.200</sln:gmIIPPn><sln:gmIIPWersja>2012-09-26T22:18:31+02:00</sln:gmIIPWersja><sln:gmIdTeryt>2604072</sln:gmIdTeryt><sln:gmNazwa>Łagów</sln:gmNazwa><sln:miejscIIPId>cf303d22-1c12-4b40-866c-1f9b6e1f0447</sln:miejscIIPId><sln:miejscIIPPn>PL.PZGIK.200</sln:miejscIIPPn><sln:miejscIIPWersja>2016-11-24T13:51:11+02:00</sln:miejscIIPWersja><sln:miejscIdTeryt>0248266</sln:miejscIdTeryt><sln:miejscNazwa>Łazy</sln:miejscNazwa><sln:miejscRodzaj>Inny obiekt</sln:miejscRodzaj><sln:powIIPId>b223bd08-4fe5-4456-8797-8eb39bfbd775</sln:powIIPId><sln:powIIPPn>PL.PZGIK.200</sln:powIIPPn><sln:powIIPWersja>2012-09-27T09:32:07+02:00</sln:powIIPWersja><sln:powIdTeryt>2604</sln:powIdTeryt><sln:powNazwa>kielecki</sln:powNazwa><sln:wojIIPId>d021c0dd-b22e-4fcd-8444-904c64ec3aa8</sln:wojIIPId><sln:wojIIPPn>PL.PZGIK.200</sln:wojIIPPn><sln:wojIIPWersja>2012-09-27T13:45:13+02:00</sln:wojIIPWersja><sln:wojIdTeryt>26</sln:wojIdTeryt><sln:wojNazwa>świętokrzyskie</sln:wojNazwa></sln:miejscowosc><sln:miejscowosc><sln:cyklZyciaDo>2018-03-05T00:00:00+01:00</sln:cyklZyciaDo><sln:cyklZyciaOd>2014-12-06T00:00:00+01:00</sln:cyklZyciaOd><sln:gmIIPId>fe3db020-75f7-4aa5-a575-ef9a2de9d2c4</sln:gmIIPId><sln:gmIIPPn>PL.PZGIK.200</sln:gmIIPPn><sln:gmIIPWersja>2012-09-26T22:18:31+02:00</sln:gmIIPWersja><sln:gmIdTeryt>2604072</sln:gmIdTeryt><sln:gmNazwa>Łagów</sln:gmNazwa><sln:miejscIIPId>8f1f2c3f-19e9-4401-88a9-892ac9625c2e</sln:miejscIIPId><sln:miejscIIPPn>PL.PZGIK.200</sln:miejscIIPPn><sln:miejscIIPWersja>2016-11-24T13:41:23+02:00</sln:miejscIIPWersja><sln:miejscIdTeryt>0247670</sln:miejscIdTeryt><sln:miejscNazwa>Łagów</sln:miejscNazwa><sln:miejscRodzaj>Wieś</sln:miejscRodzaj><sln:powIIPId>b223bd08-4fe5-4456-8797-8eb39bfbd775</sln:powIIPId><sln:powIIPPn>PL.PZGIK.200</sln:powIIPPn><sln:powIIPWersja>2012-09-27T09:32:07+02:00</sln:powIIPWersja><sln:powIdTeryt>2604</sln:powIdTeryt><sln:powNazwa>kielecki</sln:powNazwa><sln:wojIIPId>d021c0dd-b22e-4fcd-8444-904c64ec3aa8</sln:wojIIPId><sln:wojIIPPn>PL.PZGIK.200</sln:wojIIPPn><sln:wojIIPWersja>2012-09-27T13:45:13+02:00</sln:wojIIPWersja><sln:wojIdTeryt>26</sln:wojIdTeryt><sln:wojNazwa>świętokrzyskie</sln:wojNazwa></sln:miejscowosc><sln:miejscowosc><sln:cyklZyciaDo>2018-03-05T00:00:00+01:00</sln:cyklZyciaDo><sln:cyklZyciaOd>2014-12-06T00:00:00+01:00</sln:cyklZyciaOd><sln:gmIIPId>fe3db020-75f7-4aa5-a575-ef9a2de9d2c4</sln:gmIIPId><sln:gmIIPPn>PL.PZGIK.200</sln:gmIIPPn><sln:gmIIPWersja>2012-09-26T22:18:31+02:00</sln:gmIIPWersja><sln:gmIdTeryt>2604072</sln:gmIdTeryt><sln:gmNazwa>Łagów</sln:gmNazwa><sln:miejscIIPId>6746f5c1-6876-415b-98f2-9a45ed5fe3b1</sln:miejscIIPId><sln:miejscIIPPn>PL.PZGIK.200</sln:miejscIIPPn><sln:miejscIIPWersja>2016-11-24T13:34:51+02:00</sln:miejscIIPWersja><sln:miejscIdTeryt>0248250</sln:miejscIdTeryt><sln:miejscNazwa>Złota Woda</sln:miejscNazwa><sln:miejscRodzaj>Wieś</sln:miejscRodzaj><sln:powIIPId>b223bd08-4fe5-4456-8797-8eb39bfbd775</sln:powIIPId><sln:powIIPPn>PL.PZGIK.200</sln:powIIPPn><sln:powIIPWersja>2012-09-27T09:32:07+02:00</sln:powIIPWersja><sln:powIdTeryt>2604</sln:powIdTeryt><sln:powNazwa>kielecki</sln:powNazwa><sln:wojIIPId>d021c0dd-b22e-4fcd-8444-904c64ec3aa8</sln:wojIIPId><sln:wojIIPPn>PL.PZGIK.200</sln:wojIIPPn><sln:wojIIPWersja>2012-09-27T13:45:13+02:00</sln:wojIIPWersja><sln:wojIdTeryt>26</sln:wojIdTeryt><sln:wojNazwa>świętokrzyskie</sln:wojNazwa></sln:miejscowosc><sln:miejscowosc><sln:cyklZyciaDo>2018-03-05T00:00:00+01:00</sln:cyklZyciaDo><sln:cyklZyciaOd>2014-12-06T00:00:00+01:00</sln:cyklZyciaOd><sln:gmIIPId>fe3db020-75f7-4aa5-a575-ef9a2de9d2c4</sln:gmIIPId><sln:gmIIPPn>PL.PZGIK.200</sln:gmIIPPn><sln:gmIIPWersja>2012-09-26T22:18:31+02:00</sln:gmIIPWersja><sln:gmIdTeryt>2604072</sln:gmIdTeryt><sln:gmNazwa>Łagów</sln:gmNazwa><sln:miejscIIPId>b2b52ca0-c4eb-406c-95c2-e2b7847d9dfe</sln:miejscIIPId><sln:miejscIIPPn>PL.PZGIK.200</sln:miejscIIPPn><sln:miejscIIPWersja>2016-11-24T13:57:28+02:00</sln:miejscIIPWersja><sln:miejscIdTeryt>0247700</sln:miejscIdTeryt><sln:miejscNazwa>Leśniczówka Paprocice</sln:miejscNazwa><sln:miejscRodzaj>Inny obiekt</sln:miejscRodzaj><sln:powIIPId>b223bd08-4fe5-4456-8797-8eb39bfbd775</sln:powIIPId><sln:powIIPPn>PL.PZGIK.200</sln:powIIPPn><sln:powIIPWersja>2012-09-27T09:32:07+02:00</sln:powIIPWersja><sln:powIdTeryt>2604</sln:powIdTeryt><sln:powNazwa>kielecki</sln:powNazwa><sln:wojIIPId>d021c0dd-b22e-4fcd-8444-904c64ec3aa8</sln:wojIIPId><sln:wojIIPPn>PL.PZGIK.200</sln:wojIIPPn><sln:wojIIPWersja>2012-09-27T13:45:13+02:00</sln:wojIIPWersja><sln:wojIdTeryt>26</sln:wojIdTeryt><sln:wojNazwa>świętokrzyskie</sln:wojNazwa></sln:miejscowosc><sln:miejscowosc><sln:cyklZyciaDo>2018-03-05T00:00:00+01:00</sln:cyklZyciaDo><sln:cyklZyciaOd>2014-12-06T00:00:00+01:00</sln:cyklZyciaOd><sln:gmIIPId>fe3db020-75f7-4aa5-a575-ef9a2de9d2c4</sln:gmIIPId><sln:gmIIPPn>PL.PZGIK.200</sln:gmIIPPn><sln:gmIIPWersja>2012-09-26T22:18:31+02:00</sln:gmIIPWersja><sln:gmIdTeryt>2604072</sln:gmIdTeryt><sln:gmNazwa>Łagów</sln:gmNazwa><sln:miejscIIPId>2a126a11-8413-409d-bbe6-b0e933c0f852</sln:miejscIIPId><sln:miejscIIPPn>PL.PZGIK.200</sln:miejscIIPPn><sln:miejscIIPWersja>2016-11-24T13:57:42+02:00</sln:miejscIIPWersja><sln:miejscIdTeryt>0247730</sln:miejscIdTeryt><sln:miejscNazwa>Gajówka Melonek</sln:miejscNazwa><sln:miejscRodzaj>Inny obiekt</sln:miejscRodzaj><sln:powIIPId>b223bd08-4fe5-4456-8797-8eb39bfbd775</sln:powIIPId><sln:powIIPPn>PL.PZGIK.200</sln:powIIPPn><sln:powIIPWersja>2012-09-27T09:32:07+02:00</sln:powIIPWersja><sln:powIdTeryt>2604</sln:powIdTeryt><sln:powNazwa>kielecki</sln:powNazwa><sln:wojIIPId>d021c0dd-b22e-4fcd-8444-904c64ec3aa8</sln:wojIIPId><sln:wojIIPPn>PL.PZGIK.200</sln:wojIIPPn><sln:wojIIPWersja>2012-09-27T13:45:13+02:00</sln:wojIIPWersja><sln:wojIdTeryt>26</sln:wojIdTeryt><sln:wojNazwa>świętokrzyskie</sln:wojNazwa></sln:miejscowosc><sln:miejscowosc><sln:cyklZyciaDo>2018-03-05T00:00:00+01:00</sln:cyklZyciaDo><sln:cyklZyciaOd>2014-12-06T00:00:00+01:00</sln:cyklZyciaOd><sln:gmIIPId>fe3db020-75f7-4aa5-a575-ef9a2de9d2c4</sln:gmIIPId><sln:gmIIPPn>PL.PZGIK.200</sln:gmIIPPn><sln:gmIIPWersja>2012-09-26T22:18:31+02:00</sln:gmIIPWersja><sln:gmIdTeryt>2604072</sln:gmIdTeryt><sln:gmNazwa>Łagów</sln:gmNazwa><sln:miejscIIPId>c453d118-1fac-4e52-a07c-5cd3af55f04b</sln:miejscIIPId><sln:miejscIIPPn>PL.PZGIK.200</sln:miejscIIPPn><sln:miejscIIPWersja>2016-11-24T13:46:32+02:00</sln:miejscIIPWersja><sln:miejscIdTeryt>0247960</sln:miejscIdTeryt><sln:miejscNazwa>Łągiew</sln:miejscNazwa><sln:miejscRodzaj>Inny obiekt</sln:miejscRodzaj><sln:powIIPId>b223bd08-4fe5-4456-8797-8eb39bfbd775</sln:powIIPId><sln:powIIPPn>PL.PZGIK.200</sln:powIIPPn><sln:powIIPWersja>2012-09-27T09:32:07+02:00</sln:powIIPWersja><sln:powIdTeryt>2604</sln:powIdTeryt><sln:powNazwa>kielecki</sln:powNazwa><sln:wojIIPId>d021c0dd-b22e-4fcd-8444-904c64ec3aa8</sln:wojIIPId><sln:wojIIPPn>PL.PZGIK.200</sln:wojIIPPn><sln:wojIIPWersja>2012-09-27T13:45:13+02:00</sln:wojIIPWersja><sln:wojIdTeryt>26</sln:wojIdTeryt><sln:wojNazwa>świętokrzyskie</sln:wojNazwa></sln:miejscowosc><sln:miejscowosc><sln:cyklZyciaDo>2018-03-05T00:00:00+01:00</sln:cyklZyciaDo><sln:cyklZyciaOd>2014-12-06T00:00:00+01:00</sln:cyklZyciaOd><sln:gmIIPId>fe3db020-75f7-4aa5-a575-ef9a2de9d2c4</sln:gmIIPId><sln:gmIIPPn>PL.PZGIK.200</sln:gmIIPPn><sln:gmIIPWersja>2012-09-26T22:18:31+02:00</sln:gmIIPWersja><sln:gmIdTeryt>2604072</sln:gmIdTeryt><sln:gmNazwa>Łagów</sln:gmNazwa><sln:miejscIIPId>95794830-5a6a-404f-b592-02fbb1c640d3</sln:miejscIIPId><sln:miejscIIPPn>PL.PZGIK.200</sln:miejscIIPPn><sln:miejscIIPWersja>2016-11-24T13:50:13+02:00</sln:miejscIIPWersja><sln:miejscIdTeryt>0248177</sln:miejscIdTeryt><sln:miejscNazwa>Kozie Górki</sln:miejscNazwa><sln:miejscRodzaj>Inny obiekt</sln:miejscRodzaj><sln:powIIPId>b223bd08-4fe5-4456-8797-8eb39bfbd775</sln:powIIPId><sln:powIIPPn>PL.PZGIK.200</sln:powIIPPn><sln:powIIPWersja>2012-09-27T09:32:07+02:00</sln:powIIPWersja><sln:powIdTeryt>2604</sln:powIdTeryt><sln:powNazwa>kielecki</sln:powNazwa><sln:wojIIPId>d021c0dd-b22e-4fcd-8444-904c64ec3aa8</sln:wojIIPId><sln:wojIIPPn>PL.PZGIK.200</sln:wojIIPPn><sln:wojIIPWersja>2012-09-27T13:45:13+02:00</sln:wojIIPWersja><sln:wojIdTeryt>26</sln:wojIdTeryt><sln:wojNazwa>świętokrzyskie</sln:wojNazwa></sln:miejscowosc><sln:miejscowosc><sln:cyklZyciaDo>2018-03-05T00:00:00+01:00</sln:cyklZyciaDo><sln:cyklZyciaOd>2014-12-06T00:00:00+01:00</sln:cyklZyciaOd><sln:gmIIPId>fe3db020-75f7-4aa5-a575-ef9a2de9d2c4</sln:gmIIPId><sln:gmIIPPn>PL.PZGIK.200</sln:gmIIPPn><sln:gmIIPWersja>2012-09-26T22:18:31+02:00</sln:gmIIPWersja><sln:gmIdTeryt>2604072</sln:gmIdTeryt><sln:gmNazwa>Łagów</sln:gmNazwa><sln:miejscIIPId>6d10c9d9-44bf-414f-adef-88adceb85c2d</sln:miejscIIPId><sln:miejscIIPPn>PL.PZGIK.200</sln:miejscIIPPn><sln:miejscIIPWersja>2016-11-24T13:44:46+02:00</sln:miejscIIPWersja><sln:miejscIdTeryt>0247858</sln:miejscIdTeryt><sln:miejscNazwa>Gułaczów</sln:miejscNazwa><sln:miejscRodzaj>Wieś</sln:miejscRodzaj><sln:powIIPId>b223bd08-4fe5-4456-8797-8eb39bfbd775</sln:powIIPId><sln:powIIPPn>PL.PZGIK.200</sln:powIIPPn><sln:powIIPWersja>2012-09-27T09:32:07+02:00</sln:powIIPWersja><sln:powIdTeryt>2604</sln:powIdTeryt><sln:powNazwa>kielecki</sln:powNazwa><sln:wojIIPId>d021c0dd-b22e-4fcd-8444-904c64ec3aa8</sln:wojIIPId><sln:wojIIPPn>PL.PZGIK.200</sln:wojIIPPn><sln:wojIIPWersja>2012-09-27T13:45:13+02:00</sln:wojIIPWersja><sln:wojIdTeryt>26</sln:wojIdTeryt><sln:wojNazwa>świętokrzyskie</sln:wojNazwa></sln:miejscowosc><sln:miejscowosc><sln:cyklZyciaDo>2018-03-05T00:00:00+01:00</sln:cyklZyciaDo><sln:cyklZyciaOd>2014-12-06T00:00:00+01:00</sln:cyklZyciaOd><sln:gmIIPId>fe3db020-75f7-4aa5-a575-ef9a2de9d2c4</sln:gmIIPId><sln:gmIIPPn>PL.PZGIK.200</sln:gmIIPPn><sln:gmIIPWersja>2012-09-26T22:18:31+02:00</sln:gmIIPWersja><sln:gmIdTeryt>2604072</sln:gmIdTeryt><sln:gmNazwa>Łagów</sln:gmNazwa><sln:miejscIIPId>65caa72d-63a9-445a-9828-9fc32870bde9</sln:miejscIIPId><sln:miejscIIPPn>PL.PZGIK.200</sln:miejscIIPPn><sln:miejscIIPWersja>2016-11-24T13:41:49+02:00</sln:miejscIIPWersja><sln:miejscIdTeryt>0247686</sln:miejscIdTeryt><sln:miejscNazwa>Małacentów</sln:miejscNazwa><sln:miejscRodzaj>Wieś</sln:miejscRodzaj><sln:powIIPId>b223bd08-4fe5-4456-8797-8eb39bfbd775</sln:powIIPId><sln:powIIPPn>PL.PZGIK.200</sln:powIIPPn><sln:powIIPWersja>2012-09-27T09:32:07+02:00</sln:powIIPWersja><sln:powIdTeryt>2604</sln:powIdTeryt><sln:powNazwa>kielecki</sln:powNazwa><sln:wojIIPId>d021c0dd-b22e-4fcd-8444-904c64ec3aa8</sln:wojIIPId><sln:wojIIPPn>PL.PZGIK.200</sln:wojIIPPn><sln:wojIIPWersja>2012-09-27T13:45:13+02:00</sln:wojIIPWersja><sln:wojIdTeryt>26</sln:wojIdTeryt><sln:wojNazwa>świętokrzyskie</sln:wojNazwa></sln:miejscowosc><sln:miejscowosc><sln:cyklZyciaDo>2018-03-05T00:00:00+01:00</sln:cyklZyciaDo><sln:cyklZyciaOd>2014-12-06T00:00:00+01:00</sln:cyklZyciaOd><sln:gmIIPId>fe3db020-75f7-4aa5-a575-ef9a2de9d2c4</sln:gmIIPId><sln:gmIIPPn>PL.PZGIK.200</sln:gmIIPPn><sln:gmIIPWersja>2012-09-26T22:18:31+02:00</sln:gmIIPWersja><sln:gmIdTeryt>2604072</sln:gmIdTeryt><sln:gmNazwa>Łagów</sln:gmNazwa><sln:miejscIIPId>1c82ec74-ab56-4440-af81-6dabd47728af</sln:miejscIIPId><sln:miejscIIPPn>PL.PZGIK.200</sln:miejscIIPPn><sln:miejscIIPWersja>2016-11-24T13:53:56+02:00</sln:miejscIIPWersja><sln:miejscIdTeryt>0247634</sln:miejscIdTeryt><sln:miejscNazwa>Dąbrówki</sln:miejscNazwa><sln:miejscRodzaj>Inny obiekt</sln:miejscRodzaj><sln:powIIPId>b223bd08-4fe5-4456-8797-8eb39bfbd775</sln:powIIPId><sln:powIIPPn>PL.PZGIK.200</sln:powIIPPn><sln:powIIPWersja>2012-09-27T09:32:07+02:00</sln:powIIPWersja><sln:powIdTeryt>2604</sln:powIdTeryt><sln:powNazwa>kielecki</sln:powNazwa><sln:wojIIPId>d021c0dd-b22e-4fcd-8444-904c64ec3aa8</sln:wojIIPId><sln:wojIIPPn>PL.PZGIK.200</sln:wojIIPPn><sln:wojIIPWersja>2012-09-27T13:45:13+02:00</sln:wojIIPWersja><sln:wojIdTeryt>26</sln:wojIdTeryt><sln:wojNazwa>świętokrzyskie</sln:wojNazwa></sln:miejscowosc><sln:miejscowosc><sln:cyklZyciaDo>2018-03-05T00:00:00+01:00</sln:cyklZyciaDo><sln:cyklZyciaOd>2014-12-06T00:00:00+01:00</sln:cyklZyciaOd><sln:gmIIPId>fe3db020-75f7-4aa5-a575-ef9a2de9d2c4</sln:gmIIPId><sln:gmIIPPn>PL.PZGIK.200</sln:gmIIPPn><sln:gmIIPWersja>2012-09-26T22:18:31+02:00</sln:gmIIPWersja><sln:gmIdTeryt>2604072</sln:gmIdTeryt><sln:gmNazwa>Łagów</sln:gmNazwa><sln:miejscIIPId>4018ec6c-070c-4902-b84d-6c5f7a7d1964</sln:miejscIIPId><sln:miejscIIPPn>PL.PZGIK.200</sln:miejscIIPPn><sln:miejscIIPWersja>2016-11-24T13:43:16+02:00</sln:miejscIIPWersja><sln:miejscIdTeryt>0247752</sln:miejscIdTeryt><sln:miejscNazwa>Nowa Zbelutka</sln:miejscNazwa><sln:miejscRodzaj>Wieś</sln:miejscRodzaj><sln:powIIPId>b223bd08-4fe5-4456-8797-8eb39bfbd775</sln:powIIPId><sln:powIIPPn>PL.PZGIK.200</sln:powIIPPn><sln:powIIPWersja>2012-09-27T09:32:07+02:00</sln:powIIPWersja><sln:powIdTeryt>2604</sln:powIdTeryt><sln:powNazwa>kielecki</sln:powNazwa><sln:wojIIPId>d021c0dd-b22e-4fcd-8444-904c64ec3aa8</sln:wojIIPId><sln:wojIIPPn>PL.PZGIK.200</sln:wojIIPPn><sln:wojIIPWersja>2012-09-27T13:45:13+02:00</sln:wojIIPWersja><sln:wojIdTeryt>26</sln:wojIdTeryt><sln:wojNazwa>świętokrzyskie</sln:wojNazwa></sln:miejscowosc><sln:miejscowosc><sln:cyklZyciaDo>2018-03-05T00:00:00+01:00</sln:cyklZyciaDo><sln:cyklZyciaOd>2014-12-06T00:00:00+01:00</sln:cyklZyciaOd><sln:gmIIPId>fe3db020-75f7-4aa5-a575-ef9a2de9d2c4</sln:gmIIPId><sln:gmIIPPn>PL.PZGIK.200</sln:gmIIPPn><sln:gmIIPWersja>2012-09-26T22:18:31+02:00</sln:gmIIPWersja><sln:gmIdTeryt>2604072</sln:gmIdTeryt><sln:gmNazwa>Łagów</sln:gmNazwa><sln:miejscIIPId>c69a5acb-c102-41c5-8c02-95595c27c071</sln:miejscIIPId><sln:miejscIIPPn>PL.PZGIK.200</sln:miejscIIPPn><sln:miejscIIPWersja>2016-11-24T13:52:04+02:00</sln:miejscIIPWersja><sln:miejscIdTeryt>0247605</sln:miejscIdTeryt><sln:miejscNazwa>Wyczyna</sln:miejscNazwa><sln:miejscRodzaj>Inny obiekt</sln:miejscRodzaj><sln:powIIPId>b223bd08-4fe5-4456-8797-8eb39bfbd775</sln:powIIPId><sln:powIIPPn>PL.PZGIK.200</sln:powIIPPn><sln:powIIPWersja>2012-09-27T09:32:07+02:00</sln:powIIPWersja><sln:powIdTeryt>2604</sln:powIdTeryt><sln:powNazwa>kielecki</sln:powNazwa><sln:wojIIPId>d021c0dd-b22e-4fcd-8444-904c64ec3aa8</sln:wojIIPId><sln:wojIIPPn>PL.PZGIK.200</sln:wojIIPPn><sln:wojIIPWersja>2012-09-27T13:45:13+02:00</sln:wojIIPWersja><sln:wojIdTeryt>26</sln:wojIdTeryt><sln:wojNazwa>świętokrzyskie</sln:wojNazwa></sln:miejscowosc><sln:miejscowosc><sln:cyklZyciaDo>2018-03-05T00:00:00+01:00</sln:cyklZyciaDo><sln:cyklZyciaOd>2014-12-06T00:00:00+01:00</sln:cyklZyciaOd><sln:gmIIPId>fe3db020-75f7-4aa5-a575-ef9a2de9d2c4</sln:gmIIPId><sln:gmIIPPn>PL.PZGIK.200</sln:gmIIPPn><sln:gmIIPWersja>2012-09-26T22:18:31+02:00</sln:gmIIPWersja><sln:gmIdTeryt>2604072</sln:gmIdTeryt><sln:gmNazwa>Łagów</sln:gmNazwa><sln:miejscIIPId>deb31b35-1065-443b-96b7-5a0507a6095b</sln:miejscIIPId><sln:miejscIIPPn>PL.PZGIK.200</sln:miejscIIPPn><sln:miejscIIPWersja>2016-11-24T13:58:43+02:00</sln:miejscIIPWersja><sln:miejscIdTeryt>0247769</sln:miejscIdTeryt><sln:miejscNazwa>Kozłów</sln:miejscNazwa><sln:miejscRodzaj>Inny obiekt</sln:miejscRodzaj><sln:powIIPId>b223bd08-4fe5-4456-8797-8eb39bfbd775</sln:powIIPId><sln:powIIPPn>PL.PZGIK.200</sln:powIIPPn><sln:powIIPWersja>2012-09-27T09:32:07+02:00</sln:powIIPWersja><sln:powIdTeryt>2604</sln:powIdTeryt><sln:powNazwa>kielecki</sln:powNazwa><sln:wojIIPId>d021c0dd-b22e-4fcd-8444-904c64ec3aa8</sln:wojIIPId><sln:wojIIPPn>PL.PZGIK.200</sln:wojIIPPn><sln:wojIIPWersja>2012-09-27T13:45:13+02:00</sln:wojIIPWersja><sln:wojIdTeryt>26</sln:wojIdTeryt><sln:wojNazwa>świętokrzyskie</sln:wojNazwa></sln:miejscowosc><sln:miejscowosc><sln:cyklZyciaDo>2018-03-05T00:00:00+01:00</sln:cyklZyciaDo><sln:cyklZyciaOd>2014-12-06T00:00:00+01:00</sln:cyklZyciaOd><sln:gmIIPId>fe3db020-75f7-4aa5-a575-ef9a2de9d2c4</sln:gmIIPId><sln:gmIIPPn>PL.PZGIK.200</sln:gmIIPPn><sln:gmIIPWersja>2012-09-26T22:18:31+02:00</sln:gmIIPWersja><sln:gmIdTeryt>2604072</sln:gmIdTeryt><sln:gmNazwa>Łagów</sln:gmNazwa><sln:miejscIIPId>e88b3093-9357-4334-bc13-ffb1069d14a2</sln:miejscIIPId><sln:miejscIIPPn>PL.PZGIK.200</sln:miejscIIPPn><sln:miejscIIPWersja>2016-11-24T13:52:04+02:00</sln:miejscIIPWersja><sln:miejscIdTeryt>0247597</sln:miejscIdTeryt><sln:miejscNazwa>Wołyń</sln:miejscNazwa><sln:miejscRodzaj>Inny obiekt</sln:miejscRodzaj><sln:powIIPId>b223bd08-4fe5-4456-8797-8eb39bfbd775</sln:powIIPId><sln:powIIPPn>PL.PZGIK.200</sln:powIIPPn><sln:powIIPWersja>2012-09-27T09:32:07+02:00</sln:powIIPWersja><sln:powIdTeryt>2604</sln:powIdTeryt><sln:powNazwa>kielecki</sln:powNazwa><sln:wojIIPId>d021c0dd-b22e-4fcd-8444-904c64ec3aa8</sln:wojIIPId><sln:wojIIPPn>PL.PZGIK.200</sln:wojIIPPn><sln:wojIIPWersja>2012-09-27T13:45:13+02:00</sln:wojIIPWersja><sln:wojIdTeryt>26</sln:wojIdTeryt><sln:wojNazwa>świętokrzyskie</sln:wojNazwa></sln:miejscowosc><sln:miejscowosc><sln:cyklZyciaDo>2018-03-05T00:00:00+01:00</sln:cyklZyciaDo><sln:cyklZyciaOd>2014-12-06T00:00:00+01:00</sln:cyklZyciaOd><sln:gmIIPId>fe3db020-75f7-4aa5-a575-ef9a2de9d2c4</sln:gmIIPId><sln:gmIIPPn>PL.PZGIK.200</sln:gmIIPPn><sln:gmIIPWersja>2012-09-26T22:18:31+02:00</sln:gmIIPWersja><sln:gmIdTeryt>2604072</sln:gmIdTeryt><sln:gmNazwa>Łagów</sln:gmNazwa><sln:miejscIIPId>76ddb465-6255-4ef7-a717-5cb9be892883</sln:miejscIIPId><sln:miejscIIPPn>PL.PZGIK.200</sln:miejscIIPPn><sln:miejscIIPWersja>2016-11-24T13:57:42+02:00</sln:miejscIIPWersja><sln:miejscIdTeryt>0247746</sln:miejscIdTeryt><sln:miejscNazwa>Ruda</sln:miejscNazwa><sln:miejscRodzaj>Inny obiekt</sln:miejscRodzaj><sln:powIIPId>b223bd08-4fe5-4456-8797-8eb39bfbd775</sln:powIIPId><sln:powIIPPn>PL.PZGIK.200</sln:powIIPPn><sln:powIIPWersja>2012-09-27T09:32:07+02:00</sln:powIIPWersja><sln:powIdTeryt>2604</sln:powIdTeryt><sln:powNazwa>kielecki</sln:powNazwa><sln:wojIIPId>d021c0dd-b22e-4fcd-8444-904c64ec3aa8</sln:wojIIPId><sln:wojIIPPn>PL.PZGIK.200</sln:wojIIPPn><sln:wojIIPWersja>2012-09-27T13:45:13+02:00</sln:wojIIPWersja><sln:wojIdTeryt>26</sln:wojIdTeryt><sln:wojNazwa>świętokrzyskie</sln:wojNazwa></sln:miejscowosc><sln:miejscowosc><sln:cyklZyciaDo>2018-03-05T00:00:00+01:00</sln:cyklZyciaDo><sln:cyklZyciaOd>2014-12-06T00:00:00+01:00</sln:cyklZyciaOd><sln:gmIIPId>fe3db020-75f7-4aa5-a575-ef9a2de9d2c4</sln:gmIIPId><sln:gmIIPPn>PL.PZGIK.200</sln:gmIIPPn><sln:gmIIPWersja>2012-09-26T22:18:31+02:00</sln:gmIIPWersja><sln:gmIdTeryt>2604072</sln:gmIdTeryt><sln:gmNazwa>Łagów</sln:gmNazwa><sln:miejscIIPId>c6b963c4-7d5f-4595-9149-729c54b2a474</sln:miejscIIPId><sln:miejscIIPPn>PL.PZGIK.200</sln:miejscIIPPn><sln:miejscIIPWersja>2016-11-24T13:34:28+02:00</sln:miejscIIPWersja><sln:miejscIdTeryt>0248214</sln:miejscIdTeryt><sln:miejscNazwa>Zamkowa Wola</sln:miejscNazwa><sln:miejscRodzaj>Wieś</sln:miejscRodzaj><sln:powIIPId>b223bd08-4fe5-4456-8797-8eb39bfbd775</sln:powIIPId><sln:powIIPPn>PL.PZGIK.200</sln:powIIPPn><sln:powIIPWersja>2012-09-27T09:32:07+02:00</sln:powIIPWersja><sln:powIdTeryt>2604</sln:powIdTeryt><sln:powNazwa>kielecki</sln:powNazwa><sln:wojIIPId>d021c0dd-b22e-4fcd-8444-904c64ec3aa8</sln:wojIIPId><sln:wojIIPPn>PL.PZGIK.200</sln:wojIIPPn><sln:wojIIPWersja>2012-09-27T13:45:13+02:00</sln:wojIIPWersja><sln:wojIdTeryt>26</sln:wojIdTeryt><sln:wojNazwa>świętokrzyskie</sln:wojNazwa></sln:miejscowosc><sln:miejscowosc><sln:cyklZyciaDo>2018-03-05T00:00:00+01:00</sln:cyklZyciaDo><sln:cyklZyciaOd>2014-12-06T00:00:00+01:00</sln:cyklZyciaOd><sln:gmIIPId>fe3db020-75f7-4aa5-a575-ef9a2de9d2c4</sln:gmIIPId><sln:gmIIPPn>PL.PZGIK.200</sln:gmIIPPn><sln:gmIIPWersja>2012-09-26T22:18:31+02:00</sln:gmIIPWersja><sln:gmIdTeryt>2604072</sln:gmIdTeryt><sln:gmNazwa>Łagów</sln:gmNazwa><sln:miejscIIPId>fa9d0557-256d-430f-ae1f-a783d197c549</sln:miejscIIPId><sln:miejscIIPPn>PL.PZGIK.200</sln:miejscIIPPn><sln:miejscIIPWersja>2016-11-24T13:50:09+02:00</sln:miejscIIPWersja><sln:miejscIdTeryt>0248119</sln:miejscIdTeryt><sln:miejscNazwa>Winna-Kolonia</sln:miejscNazwa><sln:miejscRodzaj>Inny obiekt</sln:miejscRodzaj><sln:powIIPId>b223bd08-4fe5-4456-8797-8eb39bfbd775</sln:powIIPId><sln:powIIPPn>PL.PZGIK.200</sln:powIIPPn><sln:powIIPWersja>2012-09-27T09:32:07+02:00</sln:powIIPWersja><sln:powIdTeryt>2604</sln:powIdTeryt><sln:powNazwa>kielecki</sln:powNazwa><sln:wojIIPId>d021c0dd-b22e-4fcd-8444-904c64ec3aa8</sln:wojIIPId><sln:wojIIPPn>PL.PZGIK.200</sln:wojIIPPn><sln:wojIIPWersja>2012-09-27T13:45:13+02:00</sln:wojIIPWersja><sln:wojIdTeryt>26</sln:wojIdTeryt><sln:wojNazwa>świętokrzyskie</sln:wojNazwa></sln:miejscowosc><sln:miejscowosc><sln:cyklZyciaDo>2018-03-05T00:00:00+01:00</sln:cyklZyciaDo><sln:cyklZyciaOd>2014-12-06T00:00:00+01:00</sln:cyklZyciaOd><sln:gmIIPId>fe3db020-75f7-4aa5-a575-ef9a2de9d2c4</sln:gmIIPId><sln:gmIIPPn>PL.PZGIK.200</sln:gmIIPPn><sln:gmIIPWersja>2012-09-26T22:18:31+02:00</sln:gmIIPWersja><sln:gmIdTeryt>2604072</sln:gmIdTeryt><sln:gmNazwa>Łagów</sln:gmNazwa><sln:miejscIIPId>543b6360-3f9f-4003-9bf0-a126388aace0</sln:miejscIIPId><sln:miejscIIPPn>PL.PZGIK.200</sln:miejscIIPPn><sln:miejscIIPWersja>2016-11-24T13:58:43+02:00</sln:miejscIIPWersja><sln:miejscIdTeryt>0247781</sln:miejscIdTeryt><sln:miejscNazwa>Zbelutka-Garbacz</sln:miejscNazwa><sln:miejscRodzaj>Inny obiekt</sln:miejscRodzaj><sln:powIIPId>b223bd08-4fe5-4456-8797-8eb39bfbd775</sln:powIIPId><sln:powIIPPn>PL.PZGIK.200</sln:powIIPPn><sln:powIIPWersja>2012-09-27T09:32:07+02:00</sln:powIIPWersja><sln:powIdTeryt>2604</sln:powIdTeryt><sln:powNazwa>kielecki</sln:powNazwa><sln:wojIIPId>d021c0dd-b22e-4fcd-8444-904c64ec3aa8</sln:wojIIPId><sln:wojIIPPn>PL.PZGIK.200</sln:wojIIPPn><sln:wojIIPWersja>2012-09-27T13:45:13+02:00</sln:wojIIPWersja><sln:wojIdTeryt>26</sln:wojIdTeryt><sln:wojNazwa>świętokrzyskie</sln:wojNazwa></sln:miejscowosc><sln:miejscowosc><sln:cyklZyciaDo>2018-03-05T00:00:00+01:00</sln:cyklZyciaDo><sln:cyklZyciaOd>2014-12-06T00:00:00+01:00</sln:cyklZyciaOd><sln:gmIIPId>fe3db020-75f7-4aa5-a575-ef9a2de9d2c4</sln:gmIIPId><sln:gmIIPPn>PL.PZGIK.200</sln:gmIIPPn><sln:gmIIPWersja>2012-09-26T22:18:31+02:00</sln:gmIIPWersja><sln:gmIdTeryt>2604072</sln:gmIdTeryt><sln:gmNazwa>Łagów</sln:gmNazwa><sln:miejscIIPId>e2e9e015-1bcf-4c9b-af18-63c394aecd4e</sln:miejscIIPId><sln:miejscIIPPn>PL.PZGIK.200</sln:miejscIIPPn><sln:miejscIIPWersja>2016-11-24T13:46:32+02:00</sln:miejscIIPWersja><sln:miejscIdTeryt>0248013</sln:miejscIdTeryt><sln:miejscNazwa>Bielowa</sln:miejscNazwa><sln:miejscRodzaj>Inny obiekt</sln:miejscRodzaj><sln:powIIPId>b223bd08-4fe5-4456-8797-8eb39bfbd775</sln:powIIPId><sln:powIIPPn>PL.PZGIK.200</sln:powIIPPn><sln:powIIPWersja>2012-09-27T09:32:07+02:00</sln:powIIPWersja><sln:powIdTeryt>2604</sln:powIdTeryt><sln:powNazwa>kielecki</sln:powNazwa><sln:wojIIPId>d021c0dd-b22e-4fcd-8444-904c64ec3aa8</sln:wojIIPId><sln:wojIIPPn>PL.PZGIK.200</sln:wojIIPPn><sln:wojIIPWersja>2012-09-27T13:45:13+02:00</sln:wojIIPWersja><sln:wojIdTeryt>26</sln:wojIdTeryt><sln:wojNazwa>świętokrzyskie</sln:wojNazwa></sln:miejscowosc><sln:miejscowosc><sln:cyklZyciaDo>2018-03-05T00:00:00+01:00</sln:cyklZyciaDo><sln:cyklZyciaOd>2014-12-06T00:00:00+01:00</sln:cyklZyciaOd><sln:gmIIPId>fe3db020-75f7-4aa5-a575-ef9a2de9d2c4</sln:gmIIPId><sln:gmIIPPn>PL.PZGIK.200</sln:gmIIPPn><sln:gmIIPWersja>2012-09-26T22:18:31+02:00</sln:gmIIPWersja><sln:gmIdTeryt>2604072</sln:gmIdTeryt><sln:gmNazwa>Łagów</sln:gmNazwa><sln:miejscIIPId>97785df8-412f-49c9-b0d8-4f08668f82df</sln:miejscIIPId><sln:miejscIIPPn>PL.PZGIK.200</sln:miejscIIPPn><sln:miejscIIPWersja>2016-11-24T13:58:49+02:00</sln:miejscIIPWersja><sln:miejscIdTeryt>0247806</sln:miejscIdTeryt><sln:miejscNazwa>Cegielnia</sln:miejscNazwa><sln:miejscRodzaj>Inny obiekt</sln:miejscRodzaj><sln:powIIPId>b223bd08-4fe5-4456-8797-8eb39bfbd775</sln:powIIPId><sln:powIIPPn>PL.PZGIK.200</sln:powIIPPn><sln:powIIPWersja>2012-09-27T09:32:07+02:00</sln:powIIPWersja><sln:powIdTeryt>2604</sln:powIdTeryt><sln:powNazwa>kielecki</sln:powNazwa><sln:wojIIPId>d021c0dd-b22e-4fcd-8444-904c64ec3aa8</sln:wojIIPId><sln:wojIIPPn>PL.PZGIK.200</sln:wojIIPPn><sln:wojIIPWersja>2012-09-27T13:45:13+02:00</sln:wojIIPWersja><sln:wojIdTeryt>26</sln:wojIdTeryt><sln:wojNazwa>świętokrzyskie</sln:wojNazwa></sln:miejscowosc><sln:miejscowosc><sln:cyklZyciaDo>2018-03-05T00:00:00+01:00</sln:cyklZyciaDo><sln:cyklZyciaOd>2014-12-06T00:00:00+01:00</sln:cyklZyciaOd><sln:gmIIPId>fe3db020-75f7-4aa5-a575-ef9a2de9d2c4</sln:gmIIPId><sln:gmIIPPn>PL.PZGIK.200</sln:gmIIPPn><sln:gmIIPWersja>2012-09-26T22:18:31+02:00</sln:gmIIPWersja><sln:gmIdTeryt>2604072</sln:gmIdTeryt><sln:gmNazwa>Łagów</sln:gmNazwa><sln:miejscIIPId>6fbd0469-b8d5-4f9b-901e-108443baffb2</sln:miejscIIPId><sln:miejscIIPPn>PL.PZGIK.200</sln:miejscIIPPn><sln:miejscIIPWersja>2016-11-24T13:51:04+02:00</sln:miejscIIPWersja><sln:miejscIdTeryt>0248237</sln:miejscIdTeryt><sln:miejscNazwa>Kąt</sln:miejscNazwa><sln:miejscRodzaj>Inny obiekt</sln:miejscRodzaj><sln:powIIPId>b223bd08-4fe5-4456-8797-8eb39bfbd775</sln:powIIPId><sln:powIIPPn>PL.PZGIK.200</sln:powIIPPn><sln:powIIPWersja>2012-09-27T09:32:07+02:00</sln:powIIPWersja><sln:powIdTeryt>2604</sln:powIdTeryt><sln:powNazwa>kielecki</sln:powNazwa><sln:wojIIPId>d021c0dd-b22e-4fcd-8444-904c64ec3aa8</sln:wojIIPId><sln:wojIIPPn>PL.PZGIK.200</sln:wojIIPPn><sln:wojIIPWersja>2012-09-27T13:45:13+02:00</sln:wojIIPWersja><sln:wojIdTeryt>26</sln:wojIdTeryt><sln:wojNazwa>świętokrzyskie</sln:wojNazwa></sln:miejscowosc><sln:miejscowosc><sln:cyklZyciaDo>2018-03-05T00:00:00+01:00</sln:cyklZyciaDo><sln:cyklZyciaOd>2014-12-06T00:00:00+01:00</sln:cyklZyciaOd><sln:gmIIPId>fe3db020-75f7-4aa5-a575-ef9a2de9d2c4</sln:gmIIPId><sln:gmIIPPn>PL.PZGIK.200</sln:gmIIPPn><sln:gmIIPWersja>2012-09-26T22:18:31+02:00</sln:gmIIPWersja><sln:gmIdTeryt>2604072</sln:gmIdTeryt><sln:gmNazwa>Łagów</sln:gmNazwa><sln:miejscIIPId>5dde6922-6595-4ae0-aa12-fe503f73a782</sln:miejscIIPId><sln:miejscIIPPn>PL.PZGIK.200</sln:miejscIIPPn><sln:miejscIIPWersja>2016-11-24T13:56:33+02:00</sln:miejscIIPWersja><sln:miejscIdTeryt>0247657</sln:miejscIdTeryt><sln:miejscNazwa>Łazki</sln:miejscNazwa><sln:miejscRodzaj>Inny obiekt</sln:miejscRodzaj><sln:powIIPId>b223bd08-4fe5-4456-8797-8eb39bfbd775</sln:powIIPId><sln:powIIPPn>PL.PZGIK.200</sln:powIIPPn><sln:powIIPWersja>2012-09-27T09:32:07+02:00</sln:powIIPWersja><sln:powIdTeryt>2604</sln:powIdTeryt><sln:powNazwa>kielecki</sln:powNazwa><sln:wojIIPId>d021c0dd-b22e-4fcd-8444-904c64ec3aa8</sln:wojIIPId><sln:wojIIPPn>PL.PZGIK.200</sln:wojIIPPn><sln:wojIIPWersja>2012-09-27T13:45:13+02:00</sln:wojIIPWersja><sln:wojIdTeryt>26</sln:wojIdTeryt><sln:wojNazwa>świętokrzyskie</sln:wojNazwa></sln:miejscowosc><sln:miejscowosc><sln:cyklZyciaDo>2018-03-05T00:00:00+01:00</sln:cyklZyciaDo><sln:cyklZyciaOd>2014-12-06T00:00:00+01:00</sln:cyklZyciaOd><sln:gmIIPId>fe3db020-75f7-4aa5-a575-ef9a2de9d2c4</sln:gmIIPId><sln:gmIIPPn>PL.PZGIK.200</sln:gmIIPPn><sln:gmIIPWersja>2012-09-26T22:18:31+02:00</sln:gmIIPWersja><sln:gmIdTeryt>2604072</sln:gmIdTeryt><sln:gmNazwa>Łagów</sln:gmNazwa><sln:miejscIIPId>f80de4ed-e6ce-4b38-b167-f4c94d3f5df5</sln:miejscIIPId><sln:miejscIIPPn>PL.PZGIK.200</sln:miejscIIPPn><sln:miejscIIPWersja>2016-11-24T13:33:34+02:00</sln:miejscIIPWersja><sln:miejscIdTeryt>0248131</sln:miejscIdTeryt><sln:miejscNazwa>Wola Łagowska</sln:miejscNazwa><sln:miejscRodzaj>Wieś</sln:miejscRodzaj><sln:powIIPId>b223bd08-4fe5-4456-8797-8eb39bfbd775</sln:powIIPId><sln:powIIPPn>PL.PZGIK.200</sln:powIIPPn><sln:powIIPWersja>2012-09-27T09:32:07+02:00</sln:powIIPWersja><sln:powIdTeryt>2604</sln:powIdTeryt><sln:powNazwa>kielecki</sln:powNazwa><sln:wojIIPId>d021c0dd-b22e-4fcd-8444-904c64ec3aa8</sln:wojIIPId><sln:wojIIPPn>PL.PZGIK.200</sln:wojIIPPn><sln:wojIIPWersja>2012-09-27T13:45:13+02:00</sln:wojIIPWersja><sln:wojIdTeryt>26</sln:wojIdTeryt><sln:wojNazwa>świętokrzyskie</sln:wojNazwa></sln:miejscowosc><sln:miejscowosc><sln:cyklZyciaDo>2018-03-05T00:00:00+01:00</sln:cyklZyciaDo><sln:cyklZyciaOd>2014-12-06T00:00:00+01:00</sln:cyklZyciaOd><sln:gmIIPId>fe3db020-75f7-4aa5-a575-ef9a2de9d2c4</sln:gmIIPId><sln:gmIIPPn>PL.PZGIK.200</sln:gmIIPPn><sln:gmIIPWersja>2012-09-26T22:18:31+02:00</sln:gmIIPWersja><sln:gmIdTeryt>2604072</sln:gmIdTeryt><sln:gmNazwa>Łagów</sln:gmNazwa><sln:miejscIIPId>f4c96d91-7853-4d00-93c4-05c6aa70dd86</sln:miejscIIPId><sln:miejscIIPPn>PL.PZGIK.200</sln:miejscIIPPn><sln:miejscIIPWersja>2016-11-24T13:58:43+02:00</sln:miejscIIPWersja><sln:miejscIdTeryt>0247775</sln:miejscIdTeryt><sln:miejscNazwa>Niwka</sln:miejscNazwa><sln:miejscRodzaj>Inny obiekt</sln:miejscRodzaj><sln:powIIPId>b223bd08-4fe5-4456-8797-8eb39bfbd775</sln:powIIPId><sln:powIIPPn>PL.PZGIK.200</sln:powIIPPn><sln:powIIPWersja>2012-09-27T09:32:07+02:00</sln:powIIPWersja><sln:powIdTeryt>2604</sln:powIdTeryt><sln:powNazwa>kielecki</sln:powNazwa><sln:wojIIPId>d021c0dd-b22e-4fcd-8444-904c64ec3aa8</sln:wojIIPId><sln:wojIIPPn>PL.PZGIK.200</sln:wojIIPPn><sln:wojIIPWersja>2012-09-27T13:45:13+02:00</sln:wojIIPWersja><sln:wojIdTeryt>26</sln:wojIdTeryt><sln:wojNazwa>świętokrzyskie</sln:wojNazwa></sln:miejscowosc><sln:miejscowosc><sln:cyklZyciaDo>2018-03-05T00:00:00+01:00</sln:cyklZyciaDo><sln:cyklZyciaOd>2014-12-06T00:00:00+01:00</sln:cyklZyciaOd><sln:gmIIPId>fe3db020-75f7-4aa5-a575-ef9a2de9d2c4</sln:gmIIPId><sln:gmIIPPn>PL.PZGIK.200</sln:gmIIPPn><sln:gmIIPWersja>2012-09-26T22:18:31+02:00</sln:gmIIPWersja><sln:gmIdTeryt>2604072</sln:gmIdTeryt><sln:gmNazwa>Łagów</sln:gmNazwa><sln:miejscIIPId>805d3bed-6d7f-4d8f-b571-32a767fca3bf</sln:miejscIIPId><sln:miejscIIPPn>PL.PZGIK.200</sln:miejscIIPPn><sln:miejscIIPWersja>2016-11-24T13:40:56+02:00</sln:miejscIIPWersja><sln:miejscIdTeryt>0247640</sln:miejscIdTeryt><sln:miejscNazwa>Lechówek</sln:miejscNazwa><sln:miejscRodzaj>Wieś</sln:miejscRodzaj><sln:powIIPId>b223bd08-4fe5-4456-8797-8eb39bfbd775</sln:powIIPId><sln:powIIPPn>PL.PZGIK.200</sln:powIIPPn><sln:powIIPWersja>2012-09-27T09:32:07+02:00</sln:powIIPWersja><sln:powIdTeryt>2604</sln:powIdTeryt><sln:powNazwa>kielecki</sln:powNazwa><sln:wojIIPId>d021c0dd-b22e-4fcd-8444-904c64ec3aa8</sln:wojIIPId><sln:wojIIPPn>PL.PZGIK.200</sln:wojIIPPn><sln:wojIIPWersja>2012-09-27T13:45:13+02:00</sln:wojIIPWersja><sln:wojIdTeryt>26</sln:wojIdTeryt><sln:wojNazwa>świętokrzyskie</sln:wojNazwa></sln:miejscowosc><sln:miejscowosc><sln:cyklZyciaDo>2018-03-05T00:00:00+01:00</sln:cyklZyciaDo><sln:cyklZyciaOd>2014-12-06T00:00:00+01:00</sln:cyklZyciaOd><sln:gmIIPId>fe3db020-75f7-4aa5-a575-ef9a2de9d2c4</sln:gmIIPId><sln:gmIIPPn>PL.PZGIK.200</sln:gmIIPPn><sln:gmIIPWersja>2012-09-26T22:18:31+02:00</sln:gmIIPWersja><sln:gmIdTeryt>2604072</sln:gmIdTeryt><sln:gmNazwa>Łagów</sln:gmNazwa><sln:miejscIIPId>777efc88-c7d6-4bca-8eb7-9372fd6c714d</sln:miejscIIPId><sln:miejscIIPPn>PL.PZGIK.200</sln:miejscIIPPn><sln:miejscIIPWersja>2016-11-24T13:36:44+02:00</sln:miejscIIPWersja><sln:miejscIdTeryt>0247611</sln:miejscIdTeryt><sln:miejscNazwa>Duraczów</sln:miejscNazwa><sln:miejscRodzaj>Wieś</sln:miejscRodzaj><sln:powIIPId>b223bd08-4fe5-4456-8797-8eb39bfbd775</sln:powIIPId><sln:powIIPPn>PL.PZGIK.200</sln:powIIPPn><sln:powIIPWersja>2012-09-27T09:32:07+02:00</sln:powIIPWersja><sln:powIdTeryt>2604</sln:powIdTeryt><sln:powNazwa>kielecki</sln:powNazwa><sln:wojIIPId>d021c0dd-b22e-4fcd-8444-904c64ec3aa8</sln:wojIIPId><sln:wojIIPPn>PL.PZGIK.200</sln:wojIIPPn><sln:wojIIPWersja>2012-09-27T13:45:13+02:00</sln:wojIIPWersja><sln:wojIdTeryt>26</sln:wojIdTeryt><sln:wojNazwa>świętokrzyskie</sln:wojNazwa></sln:miejscowosc><sln:miejscowosc><sln:cyklZyciaDo>2018-03-05T00:00:00+01:00</sln:cyklZyciaDo><sln:cyklZyciaOd>2014-12-06T00:00:00+01:00</sln:cyklZyciaOd><sln:gmIIPId>fe3db020-75f7-4aa5-a575-ef9a2de9d2c4</sln:gmIIPId><sln:gmIIPPn>PL.PZGIK.200</sln:gmIIPPn><sln:gmIIPWersja>2012-09-26T22:18:31+02:00</sln:gmIIPWersja><sln:gmIdTeryt>2604072</sln:gmIdTeryt><sln:gmNazwa>Łagów</sln:gmNazwa><sln:miejscIIPId>813359d7-859f-4063-8fa7-d8dd747a58e4</sln:miejscIIPId><sln:miejscIIPPn>PL.PZGIK.200</sln:miejscIIPPn><sln:miejscIIPWersja>2016-11-24T13:46:32+02:00</sln:miejscIIPWersja><sln:miejscIdTeryt>0247976</sln:miejscIdTeryt><sln:miejscNazwa>Orłowiny</sln:miejscNazwa><sln:miejscRodzaj>Inny obiekt</sln:miejscRodzaj><sln:powIIPId>b223bd08-4fe5-4456-8797-8eb39bfbd775</sln:powIIPId><sln:powIIPPn>PL.PZGIK.200</sln:powIIPPn><sln:powIIPWersja>2012-09-27T09:32:07+02:00</sln:powIIPWersja><sln:powIdTeryt>2604</sln:powIdTeryt><sln:powNazwa>kielecki</sln:powNazwa><sln:wojIIPId>d021c0dd-b22e-4fcd-8444-904c64ec3aa8</sln:wojIIPId><sln:wojIIPPn>PL.PZGIK.200</sln:wojIIPPn><sln:wojIIPWersja>2012-09-27T13:45:13+02:00</sln:wojIIPWersja><sln:wojIdTeryt>26</sln:wojIdTeryt><sln:wojNazwa>świętokrzyskie</sln:wojNazwa></sln:miejscowosc><sln:miejscowosc><sln:cyklZyciaDo>2018-03-05T00:00:00+01:00</sln:cyklZyciaDo><sln:cyklZyciaOd>2014-12-06T00:00:00+01:00</sln:cyklZyciaOd><sln:gmIIPId>fe3db020-75f7-4aa5-a575-ef9a2de9d2c4</sln:gmIIPId><sln:gmIIPPn>PL.PZGIK.200</sln:gmIIPPn><sln:gmIIPWersja>2012-09-26T22:18:31+02:00</sln:gmIIPWersja><sln:gmIdTeryt>2604072</sln:gmIdTeryt><sln:gmNazwa>Łagów</sln:gmNazwa><sln:miejscIIPId>25ae1e55-ae88-4f65-a202-3180b6cccaea</sln:miejscIIPId><sln:miejscIIPPn>PL.PZGIK.200</sln:miejscIIPPn><sln:miejscIIPWersja>2016-11-24T13:46:32+02:00</sln:miejscIIPWersja><sln:miejscIdTeryt>0247982</sln:miejscIdTeryt><sln:miejscNazwa>Schaby</sln:miejscNazwa><sln:miejscRodzaj>Inny obiekt</sln:miejscRodzaj><sln:powIIPId>b223bd08-4fe5-4456-8797-8eb39bfbd775</sln:powIIPId><sln:powIIPPn>PL.PZGIK.200</sln:powIIPPn><sln:powIIPWersja>2012-09-27T09:32:07+02:00</sln:powIIPWersja><sln:powIdTeryt>2604</sln:powIdTeryt><sln:powNazwa>kielecki</sln:powNazwa><sln:wojIIPId>d021c0dd-b22e-4fcd-8444-904c64ec3aa8</sln:wojIIPId><sln:wojIIPPn>PL.PZGIK.200</sln:wojIIPPn><sln:wojIIPWersja>2012-09-27T13:45:13+02:00</sln:wojIIPWersja><sln:wojIdTeryt>26</sln:wojIdTeryt><sln:wojNazwa>świętokrzyskie</sln:wojNazwa></sln:miejscowosc></sln:lista-miejscowosci>