<?xml version="1.0" encoding="UTF-8" standalone="yes"?><sln:lista-miejscowosci xmlns:srv="http://gugik.gov.pl/schemas/slowniki-service/1.0" xmlns:sln="http://gugik.gov.pl/schemas/slowniki-schema/1.0"><sln:miejscowosc><sln:cyklZyciaOd>2014-12-06T00:00:00+01:00</sln:cyklZyciaOd><sln:gmIIPId>15bf78a0-bf00-46a0-9ba5-a4eaca54fc19</sln:gmIIPId><sln:gmIIPPn>PL.PZGIK.200</sln:gmIIPPn><sln:gmIIPWersja>2012-09-26T22:19:09+02:00</sln:gmIIPWersja><sln:gmIdTeryt>2606053</sln:gmIdTeryt><sln:gmNazwa>Ożarów</sln:gmNazwa><sln:miejscIIPId>be46c31d-602a-4fca-9f66-24a0c6f832c7</sln:miejscIIPId><sln:miejscIIPPn>PL.PZGIK.200</sln:miejscIIPPn><sln:miejscIIPWersja>2016-11-24T13:34:35+02:00</sln:miejscIIPWersja><sln:miejscIdTeryt>0802998</sln:miejscIdTeryt><sln:miejscNazwa>Zawada</sln:miejscNazwa><sln:miejscRodzaj>Wieś</sln:miejscRodzaj><sln:powIIPId>6c31ebe8-0f8a-49ee-ba2d-caa0bccfd006</sln:powIIPId><sln:powIIPPn>PL.PZGIK.200</sln:powIIPPn><sln:powIIPWersja>2012-09-27T09:32:07+02:00</sln:powIIPWersja><sln:powIdTeryt>2606</sln:powIdTeryt><sln:powNazwa>opatowski</sln:powNazwa><sln:wojIIPId>d021c0dd-b22e-4fcd-8444-904c64ec3aa8</sln:wojIIPId><sln:wojIIPPn>PL.PZGIK.200</sln:wojIIPPn><sln:wojIIPWersja>2012-09-27T13:45:13+02:00</sln:wojIIPWersja><sln:wojIdTeryt>26</sln:wojIdTeryt><sln:wojNazwa>świętokrzyskie</sln:wojNazwa></sln:miejscowosc><sln:miejscowosc><sln:cyklZyciaOd>2014-12-06T00:00:00+01:00</sln:cyklZyciaOd><sln:gmIIPId>15bf78a0-bf00-46a0-9ba5-a4eaca54fc19</sln:gmIIPId><sln:gmIIPPn>PL.PZGIK.200</sln:gmIIPPn><sln:gmIIPWersja>2012-09-26T22:19:09+02:00</sln:gmIIPWersja><sln:gmIdTeryt>2606053</sln:gmIdTeryt><sln:gmNazwa>Ożarów</sln:gmNazwa><sln:miejscIIPId>265797a9-c635-4668-9557-f2a14887b801</sln:miejscIIPId><sln:miejscIIPPn>PL.PZGIK.200</sln:miejscIIPPn><sln:miejscIIPWersja>2016-11-24T13:39:18+02:00</sln:miejscIIPWersja><sln:miejscIdTeryt>0802343</sln:miejscIdTeryt><sln:miejscNazwa>Biedrzychów</sln:miejscNazwa><sln:miejscRodzaj>Wieś</sln:miejscRodzaj><sln:powIIPId>6c31ebe8-0f8a-49ee-ba2d-caa0bccfd006</sln:powIIPId><sln:powIIPPn>PL.PZGIK.200</sln:powIIPPn><sln:powIIPWersja>2012-09-27T09:32:07+02:00</sln:powIIPWersja><sln:powIdTeryt>2606</sln:powIdTeryt><sln:powNazwa>opatowski</sln:powNazwa><sln:wojIIPId>d021c0dd-b22e-4fcd-8444-904c64ec3aa8</sln:wojIIPId><sln:wojIIPPn>PL.PZGIK.200</sln:wojIIPPn><sln:wojIIPWersja>2012-09-27T13:45:13+02:00</sln:wojIIPWersja><sln:wojIdTeryt>26</sln:wojIdTeryt><sln:wojNazwa>świętokrzyskie</sln:wojNazwa></sln:miejscowosc><sln:miejscowosc><sln:cyklZyciaOd>2014-12-06T00:00:00+01:00</sln:cyklZyciaOd><sln:gmIIPId>15bf78a0-bf00-46a0-9ba5-a4eaca54fc19</sln:gmIIPId><sln:gmIIPPn>PL.PZGIK.200</sln:gmIIPPn><sln:gmIIPWersja>2012-09-26T22:19:09+02:00</sln:gmIIPWersja><sln:gmIdTeryt>2606053</sln:gmIdTeryt><sln:gmNazwa>Ożarów</sln:gmNazwa><sln:miejscIIPId>d166d7ee-38e8-4a05-85ab-5952e67945b2</sln:miejscIIPId><sln:miejscIIPPn>PL.PZGIK.200</sln:miejscIIPPn><sln:miejscIIPWersja>2016-11-24T13:51:49+02:00</sln:miejscIIPWersja><sln:miejscIdTeryt>0802805</sln:miejscIdTeryt><sln:miejscNazwa>Stróża</sln:miejscNazwa><sln:miejscRodzaj>Osada leśna</sln:miejscRodzaj><sln:powIIPId>6c31ebe8-0f8a-49ee-ba2d-caa0bccfd006</sln:powIIPId><sln:powIIPPn>PL.PZGIK.200</sln:powIIPPn><sln:powIIPWersja>2012-09-27T09:32:07+02:00</sln:powIIPWersja><sln:powIdTeryt>2606</sln:powIdTeryt><sln:powNazwa>opatowski</sln:powNazwa><sln:wojIIPId>d021c0dd-b22e-4fcd-8444-904c64ec3aa8</sln:wojIIPId><sln:wojIIPPn>PL.PZGIK.200</sln:wojIIPPn><sln:wojIIPWersja>2012-09-27T13:45:13+02:00</sln:wojIIPWersja><sln:wojIdTeryt>26</sln:wojIdTeryt><sln:wojNazwa>świętokrzyskie</sln:wojNazwa></sln:miejscowosc><sln:miejscowosc><sln:cyklZyciaOd>2014-12-06T00:00:00+01:00</sln:cyklZyciaOd><sln:gmIIPId>15bf78a0-bf00-46a0-9ba5-a4eaca54fc19</sln:gmIIPId><sln:gmIIPPn>PL.PZGIK.200</sln:gmIIPPn><sln:gmIIPWersja>2012-09-26T22:19:09+02:00</sln:gmIIPWersja><sln:gmIdTeryt>2606053</sln:gmIdTeryt><sln:gmNazwa>Ożarów</sln:gmNazwa><sln:miejscIIPId>83f41db4-dac5-48f0-9633-31f6e2d5cd2a</sln:miejscIIPId><sln:miejscIIPPn>PL.PZGIK.200</sln:miejscIIPPn><sln:miejscIIPWersja>2016-11-24T13:48:44+02:00</sln:miejscIIPWersja><sln:miejscIdTeryt>0802900</sln:miejscIdTeryt><sln:miejscNazwa>Na Krzu</sln:miejscNazwa><sln:miejscRodzaj>Inny obiekt</sln:miejscRodzaj><sln:powIIPId>6c31ebe8-0f8a-49ee-ba2d-caa0bccfd006</sln:powIIPId><sln:powIIPPn>PL.PZGIK.200</sln:powIIPPn><sln:powIIPWersja>2012-09-27T09:32:07+02:00</sln:powIIPWersja><sln:powIdTeryt>2606</sln:powIdTeryt><sln:powNazwa>opatowski</sln:powNazwa><sln:wojIIPId>d021c0dd-b22e-4fcd-8444-904c64ec3aa8</sln:wojIIPId><sln:wojIIPPn>PL.PZGIK.200</sln:wojIIPPn><sln:wojIIPWersja>2012-09-27T13:45:13+02:00</sln:wojIIPWersja><sln:wojIdTeryt>26</sln:wojIdTeryt><sln:wojNazwa>świętokrzyskie</sln:wojNazwa></sln:miejscowosc><sln:miejscowosc><sln:cyklZyciaOd>2014-12-06T00:00:00+01:00</sln:cyklZyciaOd><sln:gmIIPId>15bf78a0-bf00-46a0-9ba5-a4eaca54fc19</sln:gmIIPId><sln:gmIIPPn>PL.PZGIK.200</sln:gmIIPPn><sln:gmIIPWersja>2012-09-26T22:19:09+02:00</sln:gmIIPWersja><sln:gmIdTeryt>2606053</sln:gmIdTeryt><sln:gmNazwa>Ożarów</sln:gmNazwa><sln:miejscIIPId>4ca0deea-4e4c-44ac-b236-759e18e890cf</sln:miejscIIPId><sln:miejscIIPPn>PL.PZGIK.200</sln:miejscIIPPn><sln:miejscIIPWersja>2016-11-24T13:50:11+02:00</sln:miejscIIPWersja><sln:miejscIdTeryt>0802930</sln:miejscIdTeryt><sln:miejscNazwa>Za Górą</sln:miejscNazwa><sln:miejscRodzaj>Inny obiekt</sln:miejscRodzaj><sln:powIIPId>6c31ebe8-0f8a-49ee-ba2d-caa0bccfd006</sln:powIIPId><sln:powIIPPn>PL.PZGIK.200</sln:powIIPPn><sln:powIIPWersja>2012-09-27T09:32:07+02:00</sln:powIIPWersja><sln:powIdTeryt>2606</sln:powIdTeryt><sln:powNazwa>opatowski</sln:powNazwa><sln:wojIIPId>d021c0dd-b22e-4fcd-8444-904c64ec3aa8</sln:wojIIPId><sln:wojIIPPn>PL.PZGIK.200</sln:wojIIPPn><sln:wojIIPWersja>2012-09-27T13:45:13+02:00</sln:wojIIPWersja><sln:wojIdTeryt>26</sln:wojIdTeryt><sln:wojNazwa>świętokrzyskie</sln:wojNazwa></sln:miejscowosc><sln:miejscowosc><sln:cyklZyciaOd>2014-12-06T00:00:00+01:00</sln:cyklZyciaOd><sln:gmIIPId>15bf78a0-bf00-46a0-9ba5-a4eaca54fc19</sln:gmIIPId><sln:gmIIPPn>PL.PZGIK.200</sln:gmIIPPn><sln:gmIIPWersja>2012-09-26T22:19:09+02:00</sln:gmIIPWersja><sln:gmIdTeryt>2606053</sln:gmIdTeryt><sln:gmNazwa>Ożarów</sln:gmNazwa><sln:miejscIIPId>0f02289e-4aa0-44d8-bcd8-0851f7152a97</sln:miejscIIPId><sln:miejscIIPPn>PL.PZGIK.200</sln:miejscIIPPn><sln:miejscIIPWersja>2016-11-24T13:51:07+02:00</sln:miejscIIPWersja><sln:miejscIdTeryt>0803012</sln:miejscIdTeryt><sln:miejscNazwa>Podlesie</sln:miejscNazwa><sln:miejscRodzaj>Inny obiekt</sln:miejscRodzaj><sln:powIIPId>6c31ebe8-0f8a-49ee-ba2d-caa0bccfd006</sln:powIIPId><sln:powIIPPn>PL.PZGIK.200</sln:powIIPPn><sln:powIIPWersja>2012-09-27T09:32:07+02:00</sln:powIIPWersja><sln:powIdTeryt>2606</sln:powIdTeryt><sln:powNazwa>opatowski</sln:powNazwa><sln:wojIIPId>d021c0dd-b22e-4fcd-8444-904c64ec3aa8</sln:wojIIPId><sln:wojIIPPn>PL.PZGIK.200</sln:wojIIPPn><sln:wojIIPWersja>2012-09-27T13:45:13+02:00</sln:wojIIPWersja><sln:wojIdTeryt>26</sln:wojIdTeryt><sln:wojNazwa>świętokrzyskie</sln:wojNazwa></sln:miejscowosc><sln:miejscowosc><sln:cyklZyciaOd>2014-12-06T00:00:00+01:00</sln:cyklZyciaOd><sln:gmIIPId>15bf78a0-bf00-46a0-9ba5-a4eaca54fc19</sln:gmIIPId><sln:gmIIPPn>PL.PZGIK.200</sln:gmIIPPn><sln:gmIIPWersja>2012-09-26T22:19:09+02:00</sln:gmIIPWersja><sln:gmIdTeryt>2606053</sln:gmIdTeryt><sln:gmNazwa>Ożarów</sln:gmNazwa><sln:miejscIIPId>6afb50de-2e32-4b71-aee7-15bd641190b1</sln:miejscIIPId><sln:miejscIIPPn>PL.PZGIK.200</sln:miejscIIPPn><sln:miejscIIPWersja>2016-11-24T13:54:00+02:00</sln:miejscIIPWersja><sln:miejscIdTeryt>1018338</sln:miejscIdTeryt><sln:miejscNazwa>Kazub</sln:miejscNazwa><sln:miejscRodzaj>Osada</sln:miejscRodzaj><sln:powIIPId>6c31ebe8-0f8a-49ee-ba2d-caa0bccfd006</sln:powIIPId><sln:powIIPPn>PL.PZGIK.200</sln:powIIPPn><sln:powIIPWersja>2012-09-27T09:32:07+02:00</sln:powIIPWersja><sln:powIdTeryt>2606</sln:powIdTeryt><sln:powNazwa>opatowski</sln:powNazwa><sln:wojIIPId>d021c0dd-b22e-4fcd-8444-904c64ec3aa8</sln:wojIIPId><sln:wojIIPPn>PL.PZGIK.200</sln:wojIIPPn><sln:wojIIPWersja>2012-09-27T13:45:13+02:00</sln:wojIIPWersja><sln:wojIdTeryt>26</sln:wojIdTeryt><sln:wojNazwa>świętokrzyskie</sln:wojNazwa></sln:miejscowosc><sln:miejscowosc><sln:cyklZyciaOd>2014-12-06T00:00:00+01:00</sln:cyklZyciaOd><sln:gmIIPId>15bf78a0-bf00-46a0-9ba5-a4eaca54fc19</sln:gmIIPId><sln:gmIIPPn>PL.PZGIK.200</sln:gmIIPPn><sln:gmIIPWersja>2012-09-26T22:19:09+02:00</sln:gmIIPWersja><sln:gmIdTeryt>2606053</sln:gmIdTeryt><sln:gmNazwa>Ożarów</sln:gmNazwa><sln:miejscIIPId>67abc017-bc32-4986-b9e9-c7e9f32fdffc</sln:miejscIIPId><sln:miejscIIPPn>PL.PZGIK.200</sln:miejscIIPPn><sln:miejscIIPWersja>2016-11-24T13:54:56+02:00</sln:miejscIIPWersja><sln:miejscIdTeryt>0802580</sln:miejscIdTeryt><sln:miejscNazwa>Podjanowie</sln:miejscNazwa><sln:miejscRodzaj>Inny obiekt</sln:miejscRodzaj><sln:powIIPId>6c31ebe8-0f8a-49ee-ba2d-caa0bccfd006</sln:powIIPId><sln:powIIPPn>PL.PZGIK.200</sln:powIIPPn><sln:powIIPWersja>2012-09-27T09:32:07+02:00</sln:powIIPWersja><sln:powIdTeryt>2606</sln:powIdTeryt><sln:powNazwa>opatowski</sln:powNazwa><sln:wojIIPId>d021c0dd-b22e-4fcd-8444-904c64ec3aa8</sln:wojIIPId><sln:wojIIPPn>PL.PZGIK.200</sln:wojIIPPn><sln:wojIIPWersja>2012-09-27T13:45:13+02:00</sln:wojIIPWersja><sln:wojIdTeryt>26</sln:wojIdTeryt><sln:wojNazwa>świętokrzyskie</sln:wojNazwa></sln:miejscowosc><sln:miejscowosc><sln:cyklZyciaOd>2014-12-06T00:00:00+01:00</sln:cyklZyciaOd><sln:gmIIPId>15bf78a0-bf00-46a0-9ba5-a4eaca54fc19</sln:gmIIPId><sln:gmIIPPn>PL.PZGIK.200</sln:gmIIPPn><sln:gmIIPWersja>2012-09-26T22:19:09+02:00</sln:gmIIPWersja><sln:gmIdTeryt>2606053</sln:gmIdTeryt><sln:gmNazwa>Ożarów</sln:gmNazwa><sln:miejscIIPId>78866a15-34c0-4256-bbca-d16d9179719d</sln:miejscIIPId><sln:miejscIIPPn>PL.PZGIK.200</sln:miejscIIPPn><sln:miejscIIPWersja>2016-11-24T13:54:56+02:00</sln:miejscIIPWersja><sln:miejscIdTeryt>0802596</sln:miejscIdTeryt><sln:miejscNazwa>Turzników</sln:miejscNazwa><sln:miejscRodzaj>Inny obiekt</sln:miejscRodzaj><sln:powIIPId>6c31ebe8-0f8a-49ee-ba2d-caa0bccfd006</sln:powIIPId><sln:powIIPPn>PL.PZGIK.200</sln:powIIPPn><sln:powIIPWersja>2012-09-27T09:32:07+02:00</sln:powIIPWersja><sln:powIdTeryt>2606</sln:powIdTeryt><sln:powNazwa>opatowski</sln:powNazwa><sln:wojIIPId>d021c0dd-b22e-4fcd-8444-904c64ec3aa8</sln:wojIIPId><sln:wojIIPPn>PL.PZGIK.200</sln:wojIIPPn><sln:wojIIPWersja>2012-09-27T13:45:13+02:00</sln:wojIIPWersja><sln:wojIdTeryt>26</sln:wojIdTeryt><sln:wojNazwa>świętokrzyskie</sln:wojNazwa></sln:miejscowosc><sln:miejscowosc><sln:cyklZyciaOd>2014-12-06T00:00:00+01:00</sln:cyklZyciaOd><sln:gmIIPId>15bf78a0-bf00-46a0-9ba5-a4eaca54fc19</sln:gmIIPId><sln:gmIIPPn>PL.PZGIK.200</sln:gmIIPPn><sln:gmIIPWersja>2012-09-26T22:19:09+02:00</sln:gmIIPWersja><sln:gmIdTeryt>2606053</sln:gmIdTeryt><sln:gmNazwa>Ożarów</sln:gmNazwa><sln:miejscIIPId>780bf9ab-93d9-488c-a77c-5594712656e6</sln:miejscIIPId><sln:miejscIIPPn>PL.PZGIK.200</sln:miejscIIPPn><sln:miejscIIPWersja>2016-11-24T13:54:55+02:00</sln:miejscIIPWersja><sln:miejscIdTeryt>0802509</sln:miejscIdTeryt><sln:miejscNazwa>Jankowice-Kolonie</sln:miejscNazwa><sln:miejscRodzaj>Inny obiekt</sln:miejscRodzaj><sln:powIIPId>6c31ebe8-0f8a-49ee-ba2d-caa0bccfd006</sln:powIIPId><sln:powIIPPn>PL.PZGIK.200</sln:powIIPPn><sln:powIIPWersja>2012-09-27T09:32:07+02:00</sln:powIIPWersja><sln:powIdTeryt>2606</sln:powIdTeryt><sln:powNazwa>opatowski</sln:powNazwa><sln:wojIIPId>d021c0dd-b22e-4fcd-8444-904c64ec3aa8</sln:wojIIPId><sln:wojIIPPn>PL.PZGIK.200</sln:wojIIPPn><sln:wojIIPWersja>2012-09-27T13:45:13+02:00</sln:wojIIPWersja><sln:wojIdTeryt>26</sln:wojIdTeryt><sln:wojNazwa>świętokrzyskie</sln:wojNazwa></sln:miejscowosc><sln:miejscowosc><sln:cyklZyciaOd>2014-12-06T00:00:00+01:00</sln:cyklZyciaOd><sln:gmIIPId>15bf78a0-bf00-46a0-9ba5-a4eaca54fc19</sln:gmIIPId><sln:gmIIPPn>PL.PZGIK.200</sln:gmIIPPn><sln:gmIIPWersja>2012-09-26T22:19:09+02:00</sln:gmIIPWersja><sln:gmIdTeryt>2606053</sln:gmIdTeryt><sln:gmNazwa>Ożarów</sln:gmNazwa><sln:miejscIIPId>7bfc930a-9efa-464e-89ad-2d18e893c8dc</sln:miejscIIPId><sln:miejscIIPPn>PL.PZGIK.200</sln:miejscIIPPn><sln:miejscIIPWersja>2016-11-24T13:29:11+02:00</sln:miejscIIPWersja><sln:miejscIdTeryt>0802739</sln:miejscIdTeryt><sln:miejscNazwa>Przybysławice</sln:miejscNazwa><sln:miejscRodzaj>Wieś</sln:miejscRodzaj><sln:powIIPId>6c31ebe8-0f8a-49ee-ba2d-caa0bccfd006</sln:powIIPId><sln:powIIPPn>PL.PZGIK.200</sln:powIIPPn><sln:powIIPWersja>2012-09-27T09:32:07+02:00</sln:powIIPWersja><sln:powIdTeryt>2606</sln:powIdTeryt><sln:powNazwa>opatowski</sln:powNazwa><sln:wojIIPId>d021c0dd-b22e-4fcd-8444-904c64ec3aa8</sln:wojIIPId><sln:wojIIPPn>PL.PZGIK.200</sln:wojIIPPn><sln:wojIIPWersja>2012-09-27T13:45:13+02:00</sln:wojIIPWersja><sln:wojIdTeryt>26</sln:wojIdTeryt><sln:wojNazwa>świętokrzyskie</sln:wojNazwa></sln:miejscowosc><sln:miejscowosc><sln:cyklZyciaOd>2014-12-06T00:00:00+01:00</sln:cyklZyciaOd><sln:gmIIPId>15bf78a0-bf00-46a0-9ba5-a4eaca54fc19</sln:gmIIPId><sln:gmIIPPn>PL.PZGIK.200</sln:gmIIPPn><sln:gmIIPWersja>2012-09-26T22:19:09+02:00</sln:gmIIPWersja><sln:gmIdTeryt>2606053</sln:gmIdTeryt><sln:gmNazwa>Ożarów</sln:gmNazwa><sln:miejscIIPId>274042d4-0079-415c-9694-4dfdefe089eb</sln:miejscIIPId><sln:miejscIIPPn>PL.PZGIK.200</sln:miejscIIPPn><sln:miejscIIPWersja>2016-11-24T13:28:11+02:00</sln:miejscIIPWersja><sln:miejscIdTeryt>0802662</sln:miejscIdTeryt><sln:miejscNazwa>Pisary</sln:miejscNazwa><sln:miejscRodzaj>Wieś</sln:miejscRodzaj><sln:powIIPId>6c31ebe8-0f8a-49ee-ba2d-caa0bccfd006</sln:powIIPId><sln:powIIPPn>PL.PZGIK.200</sln:powIIPPn><sln:powIIPWersja>2012-09-27T09:32:07+02:00</sln:powIIPWersja><sln:powIdTeryt>2606</sln:powIdTeryt><sln:powNazwa>opatowski</sln:powNazwa><sln:wojIIPId>d021c0dd-b22e-4fcd-8444-904c64ec3aa8</sln:wojIIPId><sln:wojIIPPn>PL.PZGIK.200</sln:wojIIPPn><sln:wojIIPWersja>2012-09-27T13:45:13+02:00</sln:wojIIPWersja><sln:wojIdTeryt>26</sln:wojIdTeryt><sln:wojNazwa>świętokrzyskie</sln:wojNazwa></sln:miejscowosc><sln:miejscowosc><sln:cyklZyciaOd>2014-12-06T00:00:00+01:00</sln:cyklZyciaOd><sln:gmIIPId>15bf78a0-bf00-46a0-9ba5-a4eaca54fc19</sln:gmIIPId><sln:gmIIPPn>PL.PZGIK.200</sln:gmIIPPn><sln:gmIIPWersja>2012-09-26T22:19:09+02:00</sln:gmIIPWersja><sln:gmIdTeryt>2606053</sln:gmIdTeryt><sln:gmNazwa>Ożarów</sln:gmNazwa><sln:miejscIIPId>ac2323d8-9a37-4890-9948-626a7945110d</sln:miejscIIPId><sln:miejscIIPPn>PL.PZGIK.200</sln:miejscIIPPn><sln:miejscIIPWersja>2016-11-24T13:39:15+02:00</sln:miejscIIPWersja><sln:miejscIdTeryt>0802610</sln:miejscIdTeryt><sln:miejscNazwa>Karsy</sln:miejscNazwa><sln:miejscRodzaj>Wieś</sln:miejscRodzaj><sln:powIIPId>6c31ebe8-0f8a-49ee-ba2d-caa0bccfd006</sln:powIIPId><sln:powIIPPn>PL.PZGIK.200</sln:powIIPPn><sln:powIIPWersja>2012-09-27T09:32:07+02:00</sln:powIIPWersja><sln:powIdTeryt>2606</sln:powIdTeryt><sln:powNazwa>opatowski</sln:powNazwa><sln:wojIIPId>d021c0dd-b22e-4fcd-8444-904c64ec3aa8</sln:wojIIPId><sln:wojIIPPn>PL.PZGIK.200</sln:wojIIPPn><sln:wojIIPWersja>2012-09-27T13:45:13+02:00</sln:wojIIPWersja><sln:wojIdTeryt>26</sln:wojIdTeryt><sln:wojNazwa>świętokrzyskie</sln:wojNazwa></sln:miejscowosc><sln:miejscowosc><sln:cyklZyciaOd>2014-12-06T00:00:00+01:00</sln:cyklZyciaOd><sln:gmIIPId>15bf78a0-bf00-46a0-9ba5-a4eaca54fc19</sln:gmIIPId><sln:gmIIPPn>PL.PZGIK.200</sln:gmIIPPn><sln:gmIIPWersja>2012-09-26T22:19:09+02:00</sln:gmIIPWersja><sln:gmIdTeryt>2606053</sln:gmIdTeryt><sln:gmNazwa>Ożarów</sln:gmNazwa><sln:miejscIIPId>fc0fe164-30a9-48e3-9874-c64285c0023d</sln:miejscIIPId><sln:miejscIIPPn>PL.PZGIK.200</sln:miejscIIPPn><sln:miejscIIPWersja>2016-11-24T13:34:00+02:00</sln:miejscIIPWersja><sln:miejscIdTeryt>0802969</sln:miejscIdTeryt><sln:miejscNazwa>Wyszmontów</sln:miejscNazwa><sln:miejscRodzaj>Wieś</sln:miejscRodzaj><sln:powIIPId>6c31ebe8-0f8a-49ee-ba2d-caa0bccfd006</sln:powIIPId><sln:powIIPPn>PL.PZGIK.200</sln:powIIPPn><sln:powIIPWersja>2012-09-27T09:32:07+02:00</sln:powIIPWersja><sln:powIdTeryt>2606</sln:powIdTeryt><sln:powNazwa>opatowski</sln:powNazwa><sln:wojIIPId>d021c0dd-b22e-4fcd-8444-904c64ec3aa8</sln:wojIIPId><sln:wojIIPPn>PL.PZGIK.200</sln:wojIIPPn><sln:wojIIPWersja>2012-09-27T13:45:13+02:00</sln:wojIIPWersja><sln:wojIdTeryt>26</sln:wojIdTeryt><sln:wojNazwa>świętokrzyskie</sln:wojNazwa></sln:miejscowosc><sln:miejscowosc><sln:cyklZyciaOd>2014-12-06T00:00:00+01:00</sln:cyklZyciaOd><sln:gmIIPId>15bf78a0-bf00-46a0-9ba5-a4eaca54fc19</sln:gmIIPId><sln:gmIIPPn>PL.PZGIK.200</sln:gmIIPPn><sln:gmIIPWersja>2012-09-26T22:19:09+02:00</sln:gmIIPWersja><sln:gmIdTeryt>2606053</sln:gmIdTeryt><sln:gmNazwa>Ożarów</sln:gmNazwa><sln:miejscIIPId>610df609-1204-4fd6-abed-412cc2a14b9e</sln:miejscIIPId><sln:miejscIIPPn>PL.PZGIK.200</sln:miejscIIPPn><sln:miejscIIPWersja>2016-11-24T13:38:56+02:00</sln:miejscIIPWersja><sln:miejscIdTeryt>0802604</sln:miejscIdTeryt><sln:miejscNazwa>Julianów</sln:miejscNazwa><sln:miejscRodzaj>Wieś</sln:miejscRodzaj><sln:powIIPId>6c31ebe8-0f8a-49ee-ba2d-caa0bccfd006</sln:powIIPId><sln:powIIPPn>PL.PZGIK.200</sln:powIIPPn><sln:powIIPWersja>2012-09-27T09:32:07+02:00</sln:powIIPWersja><sln:powIdTeryt>2606</sln:powIdTeryt><sln:powNazwa>opatowski</sln:powNazwa><sln:wojIIPId>d021c0dd-b22e-4fcd-8444-904c64ec3aa8</sln:wojIIPId><sln:wojIIPPn>PL.PZGIK.200</sln:wojIIPPn><sln:wojIIPWersja>2012-09-27T13:45:13+02:00</sln:wojIIPWersja><sln:wojIdTeryt>26</sln:wojIdTeryt><sln:wojNazwa>świętokrzyskie</sln:wojNazwa></sln:miejscowosc><sln:miejscowosc><sln:cyklZyciaOd>2014-12-06T00:00:00+01:00</sln:cyklZyciaOd><sln:gmIIPId>15bf78a0-bf00-46a0-9ba5-a4eaca54fc19</sln:gmIIPId><sln:gmIIPPn>PL.PZGIK.200</sln:gmIIPPn><sln:gmIIPWersja>2012-09-26T22:19:09+02:00</sln:gmIIPWersja><sln:gmIdTeryt>2606053</sln:gmIdTeryt><sln:gmNazwa>Ożarów</sln:gmNazwa><sln:miejscIIPId>4bd5c892-b786-4d1b-aa4e-83eab8ee9ece</sln:miejscIIPId><sln:miejscIIPPn>PL.PZGIK.200</sln:miejscIIPPn><sln:miejscIIPWersja>2016-11-24T13:38:29+02:00</sln:miejscIIPWersja><sln:miejscIdTeryt>0802432</sln:miejscIdTeryt><sln:miejscNazwa>Jakubowice</sln:miejscNazwa><sln:miejscRodzaj>Wieś</sln:miejscRodzaj><sln:powIIPId>6c31ebe8-0f8a-49ee-ba2d-caa0bccfd006</sln:powIIPId><sln:powIIPPn>PL.PZGIK.200</sln:powIIPPn><sln:powIIPWersja>2012-09-27T09:32:07+02:00</sln:powIIPWersja><sln:powIdTeryt>2606</sln:powIdTeryt><sln:powNazwa>opatowski</sln:powNazwa><sln:wojIIPId>d021c0dd-b22e-4fcd-8444-904c64ec3aa8</sln:wojIIPId><sln:wojIIPPn>PL.PZGIK.200</sln:wojIIPPn><sln:wojIIPWersja>2012-09-27T13:45:13+02:00</sln:wojIIPWersja><sln:wojIdTeryt>26</sln:wojIdTeryt><sln:wojNazwa>świętokrzyskie</sln:wojNazwa></sln:miejscowosc><sln:miejscowosc><sln:cyklZyciaOd>2014-12-06T00:00:00+01:00</sln:cyklZyciaOd><sln:gmIIPId>15bf78a0-bf00-46a0-9ba5-a4eaca54fc19</sln:gmIIPId><sln:gmIIPPn>PL.PZGIK.200</sln:gmIIPPn><sln:gmIIPWersja>2012-09-26T22:19:09+02:00</sln:gmIIPWersja><sln:gmIdTeryt>2606053</sln:gmIdTeryt><sln:gmNazwa>Ożarów</sln:gmNazwa><sln:miejscIIPId>6c848d84-a4d0-4830-87f0-a3c34e52433e</sln:miejscIIPId><sln:miejscIIPPn>PL.PZGIK.200</sln:miejscIIPPn><sln:miejscIIPWersja>2016-11-24T13:54:55+02:00</sln:miejscIIPWersja><sln:miejscIdTeryt>0802461</sln:miejscIdTeryt><sln:miejscNazwa>Za Torem</sln:miejscNazwa><sln:miejscRodzaj>Inny obiekt</sln:miejscRodzaj><sln:powIIPId>6c31ebe8-0f8a-49ee-ba2d-caa0bccfd006</sln:powIIPId><sln:powIIPPn>PL.PZGIK.200</sln:powIIPPn><sln:powIIPWersja>2012-09-27T09:32:07+02:00</sln:powIIPWersja><sln:powIdTeryt>2606</sln:powIdTeryt><sln:powNazwa>opatowski</sln:powNazwa><sln:wojIIPId>d021c0dd-b22e-4fcd-8444-904c64ec3aa8</sln:wojIIPId><sln:wojIIPPn>PL.PZGIK.200</sln:wojIIPPn><sln:wojIIPWersja>2012-09-27T13:45:13+02:00</sln:wojIIPWersja><sln:wojIdTeryt>26</sln:wojIdTeryt><sln:wojNazwa>świętokrzyskie</sln:wojNazwa></sln:miejscowosc><sln:miejscowosc><sln:cyklZyciaOd>2014-12-06T00:00:00+01:00</sln:cyklZyciaOd><sln:gmIIPId>15bf78a0-bf00-46a0-9ba5-a4eaca54fc19</sln:gmIIPId><sln:gmIIPPn>PL.PZGIK.200</sln:gmIIPPn><sln:gmIIPWersja>2012-09-26T22:19:09+02:00</sln:gmIIPWersja><sln:gmIdTeryt>2606053</sln:gmIdTeryt><sln:gmNazwa>Ożarów</sln:gmNazwa><sln:miejscIIPId>26a18927-208f-43d9-b156-5c0ad0cb9f7d</sln:miejscIIPId><sln:miejscIIPPn>PL.PZGIK.200</sln:miejscIIPPn><sln:miejscIIPWersja>2016-11-24T13:51:49+02:00</sln:miejscIIPWersja><sln:miejscIdTeryt>0802797</sln:miejscIdTeryt><sln:miejscNazwa>Sachalin</sln:miejscNazwa><sln:miejscRodzaj>Inny obiekt</sln:miejscRodzaj><sln:powIIPId>6c31ebe8-0f8a-49ee-ba2d-caa0bccfd006</sln:powIIPId><sln:powIIPPn>PL.PZGIK.200</sln:powIIPPn><sln:powIIPWersja>2012-09-27T09:32:07+02:00</sln:powIIPWersja><sln:powIdTeryt>2606</sln:powIdTeryt><sln:powNazwa>opatowski</sln:powNazwa><sln:wojIIPId>d021c0dd-b22e-4fcd-8444-904c64ec3aa8</sln:wojIIPId><sln:wojIIPPn>PL.PZGIK.200</sln:wojIIPPn><sln:wojIIPWersja>2012-09-27T13:45:13+02:00</sln:wojIIPWersja><sln:wojIdTeryt>26</sln:wojIdTeryt><sln:wojNazwa>świętokrzyskie</sln:wojNazwa></sln:miejscowosc><sln:miejscowosc><sln:cyklZyciaOd>2014-12-06T00:00:00+01:00</sln:cyklZyciaOd><sln:gmIIPId>15bf78a0-bf00-46a0-9ba5-a4eaca54fc19</sln:gmIIPId><sln:gmIIPPn>PL.PZGIK.200</sln:gmIIPPn><sln:gmIIPWersja>2012-09-26T22:19:09+02:00</sln:gmIIPWersja><sln:gmIdTeryt>2606053</sln:gmIdTeryt><sln:gmNazwa>Ożarów</sln:gmNazwa><sln:miejscIIPId>eb247368-7f91-4cea-bc6c-b22e8c6deecf</sln:miejscIIPId><sln:miejscIIPPn>PL.PZGIK.200</sln:miejscIIPPn><sln:miejscIIPWersja>2016-11-24T13:57:40+02:00</sln:miejscIIPWersja><sln:miejscIdTeryt>1018344</sln:miejscIdTeryt><sln:miejscNazwa>Maruszów-Kolonia</sln:miejscNazwa><sln:miejscRodzaj>Kolonia</sln:miejscRodzaj><sln:powIIPId>6c31ebe8-0f8a-49ee-ba2d-caa0bccfd006</sln:powIIPId><sln:powIIPPn>PL.PZGIK.200</sln:powIIPPn><sln:powIIPWersja>2012-09-27T09:32:07+02:00</sln:powIIPWersja><sln:powIdTeryt>2606</sln:powIdTeryt><sln:powNazwa>opatowski</sln:powNazwa><sln:wojIIPId>d021c0dd-b22e-4fcd-8444-904c64ec3aa8</sln:wojIIPId><sln:wojIIPPn>PL.PZGIK.200</sln:wojIIPPn><sln:wojIIPWersja>2012-09-27T13:45:13+02:00</sln:wojIIPWersja><sln:wojIdTeryt>26</sln:wojIdTeryt><sln:wojNazwa>świętokrzyskie</sln:wojNazwa></sln:miejscowosc><sln:miejscowosc><sln:cyklZyciaOd>2014-12-06T00:00:00+01:00</sln:cyklZyciaOd><sln:gmIIPId>15bf78a0-bf00-46a0-9ba5-a4eaca54fc19</sln:gmIIPId><sln:gmIIPPn>PL.PZGIK.200</sln:gmIIPPn><sln:gmIIPWersja>2012-09-26T22:19:09+02:00</sln:gmIIPWersja><sln:gmIdTeryt>2606053</sln:gmIdTeryt><sln:gmNazwa>Ożarów</sln:gmNazwa><sln:miejscIIPId>fec1ba47-3df1-4e25-a840-74c59dc7e05a</sln:miejscIIPId><sln:miejscIIPPn>PL.PZGIK.200</sln:miejscIIPPn><sln:miejscIIPWersja>2016-11-24T13:54:55+02:00</sln:miejscIIPWersja><sln:miejscIdTeryt>0802515</sln:miejscIdTeryt><sln:miejscNazwa>Na Folwarku</sln:miejscNazwa><sln:miejscRodzaj>Inny obiekt</sln:miejscRodzaj><sln:powIIPId>6c31ebe8-0f8a-49ee-ba2d-caa0bccfd006</sln:powIIPId><sln:powIIPPn>PL.PZGIK.200</sln:powIIPPn><sln:powIIPWersja>2012-09-27T09:32:07+02:00</sln:powIIPWersja><sln:powIdTeryt>2606</sln:powIdTeryt><sln:powNazwa>opatowski</sln:powNazwa><sln:wojIIPId>d021c0dd-b22e-4fcd-8444-904c64ec3aa8</sln:wojIIPId><sln:wojIIPPn>PL.PZGIK.200</sln:wojIIPPn><sln:wojIIPWersja>2012-09-27T13:45:13+02:00</sln:wojIIPWersja><sln:wojIdTeryt>26</sln:wojIdTeryt><sln:wojNazwa>świętokrzyskie</sln:wojNazwa></sln:miejscowosc><sln:miejscowosc><sln:cyklZyciaOd>2014-12-06T00:00:00+01:00</sln:cyklZyciaOd><sln:gmIIPId>15bf78a0-bf00-46a0-9ba5-a4eaca54fc19</sln:gmIIPId><sln:gmIIPPn>PL.PZGIK.200</sln:gmIIPPn><sln:gmIIPWersja>2012-09-26T22:19:09+02:00</sln:gmIIPWersja><sln:gmIdTeryt>2606053</sln:gmIdTeryt><sln:gmNazwa>Ożarów</sln:gmNazwa><sln:miejscIIPId>2097bca4-1d06-4463-93ff-d6521d4e3c72</sln:miejscIIPId><sln:miejscIIPPn>PL.PZGIK.200</sln:miejscIIPPn><sln:miejscIIPWersja>2016-11-24T13:31:29+02:00</sln:miejscIIPWersja><sln:miejscIdTeryt>0802780</sln:miejscIdTeryt><sln:miejscNazwa>Stróża</sln:miejscNazwa><sln:miejscRodzaj>Wieś</sln:miejscRodzaj><sln:powIIPId>6c31ebe8-0f8a-49ee-ba2d-caa0bccfd006</sln:powIIPId><sln:powIIPPn>PL.PZGIK.200</sln:powIIPPn><sln:powIIPWersja>2012-09-27T09:32:07+02:00</sln:powIIPWersja><sln:powIdTeryt>2606</sln:powIdTeryt><sln:powNazwa>opatowski</sln:powNazwa><sln:wojIIPId>d021c0dd-b22e-4fcd-8444-904c64ec3aa8</sln:wojIIPId><sln:wojIIPPn>PL.PZGIK.200</sln:wojIIPPn><sln:wojIIPWersja>2012-09-27T13:45:13+02:00</sln:wojIIPWersja><sln:wojIdTeryt>26</sln:wojIdTeryt><sln:wojNazwa>świętokrzyskie</sln:wojNazwa></sln:miejscowosc><sln:miejscowosc><sln:cyklZyciaOd>2014-12-06T00:00:00+01:00</sln:cyklZyciaOd><sln:gmIIPId>15bf78a0-bf00-46a0-9ba5-a4eaca54fc19</sln:gmIIPId><sln:gmIIPPn>PL.PZGIK.200</sln:gmIIPPn><sln:gmIIPWersja>2012-09-26T22:19:09+02:00</sln:gmIIPWersja><sln:gmIdTeryt>2606053</sln:gmIdTeryt><sln:gmNazwa>Ożarów</sln:gmNazwa><sln:miejscIIPId>318c46da-e4db-41ab-9c96-7f3ab59f4ed1</sln:miejscIIPId><sln:miejscIIPPn>PL.PZGIK.200</sln:miejscIIPPn><sln:miejscIIPWersja>2016-11-24T13:36:14+02:00</sln:miejscIIPWersja><sln:miejscIdTeryt>0802395</sln:miejscIdTeryt><sln:miejscNazwa>Dębno</sln:miejscNazwa><sln:miejscRodzaj>Wieś</sln:miejscRodzaj><sln:powIIPId>6c31ebe8-0f8a-49ee-ba2d-caa0bccfd006</sln:powIIPId><sln:powIIPPn>PL.PZGIK.200</sln:powIIPPn><sln:powIIPWersja>2012-09-27T09:32:07+02:00</sln:powIIPWersja><sln:powIdTeryt>2606</sln:powIdTeryt><sln:powNazwa>opatowski</sln:powNazwa><sln:wojIIPId>d021c0dd-b22e-4fcd-8444-904c64ec3aa8</sln:wojIIPId><sln:wojIIPPn>PL.PZGIK.200</sln:wojIIPPn><sln:wojIIPWersja>2012-09-27T13:45:13+02:00</sln:wojIIPWersja><sln:wojIdTeryt>26</sln:wojIdTeryt><sln:wojNazwa>świętokrzyskie</sln:wojNazwa></sln:miejscowosc><sln:miejscowosc><sln:cyklZyciaOd>2014-12-06T00:00:00+01:00</sln:cyklZyciaOd><sln:gmIIPId>15bf78a0-bf00-46a0-9ba5-a4eaca54fc19</sln:gmIIPId><sln:gmIIPPn>PL.PZGIK.200</sln:gmIIPPn><sln:gmIIPWersja>2012-09-26T22:19:09+02:00</sln:gmIIPWersja><sln:gmIdTeryt>2606053</sln:gmIdTeryt><sln:gmNazwa>Ożarów</sln:gmNazwa><sln:miejscIIPId>e0d11b2d-a6d7-407a-9f2f-c287a08a1953</sln:miejscIIPId><sln:miejscIIPPn>PL.PZGIK.200</sln:miejscIIPPn><sln:miejscIIPWersja>2016-11-24T13:40:54+02:00</sln:miejscIIPWersja><sln:miejscIdTeryt>0802627</sln:miejscIdTeryt><sln:miejscNazwa>Lasocin</sln:miejscNazwa><sln:miejscRodzaj>Wieś</sln:miejscRodzaj><sln:powIIPId>6c31ebe8-0f8a-49ee-ba2d-caa0bccfd006</sln:powIIPId><sln:powIIPPn>PL.PZGIK.200</sln:powIIPPn><sln:powIIPWersja>2012-09-27T09:32:07+02:00</sln:powIIPWersja><sln:powIdTeryt>2606</sln:powIdTeryt><sln:powNazwa>opatowski</sln:powNazwa><sln:wojIIPId>d021c0dd-b22e-4fcd-8444-904c64ec3aa8</sln:wojIIPId><sln:wojIIPPn>PL.PZGIK.200</sln:wojIIPPn><sln:wojIIPWersja>2012-09-27T13:45:13+02:00</sln:wojIIPWersja><sln:wojIdTeryt>26</sln:wojIdTeryt><sln:wojNazwa>świętokrzyskie</sln:wojNazwa></sln:miejscowosc><sln:miejscowosc><sln:cyklZyciaOd>2014-12-06T00:00:00+01:00</sln:cyklZyciaOd><sln:gmIIPId>15bf78a0-bf00-46a0-9ba5-a4eaca54fc19</sln:gmIIPId><sln:gmIIPPn>PL.PZGIK.200</sln:gmIIPPn><sln:gmIIPWersja>2012-09-26T22:19:09+02:00</sln:gmIIPWersja><sln:gmIdTeryt>2606053</sln:gmIdTeryt><sln:gmNazwa>Ożarów</sln:gmNazwa><sln:miejscIIPId>bf322d3c-3762-484b-94e9-b66d80ec6847</sln:miejscIIPId><sln:miejscIIPPn>PL.PZGIK.200</sln:miejscIIPPn><sln:miejscIIPWersja>2016-11-24T13:40:08+02:00</sln:miejscIIPWersja><sln:miejscIdTeryt>0802350</sln:miejscIdTeryt><sln:miejscNazwa>Binkowice</sln:miejscNazwa><sln:miejscRodzaj>Wieś</sln:miejscRodzaj><sln:powIIPId>6c31ebe8-0f8a-49ee-ba2d-caa0bccfd006</sln:powIIPId><sln:powIIPPn>PL.PZGIK.200</sln:powIIPPn><sln:powIIPWersja>2012-09-27T09:32:07+02:00</sln:powIIPWersja><sln:powIdTeryt>2606</sln:powIdTeryt><sln:powNazwa>opatowski</sln:powNazwa><sln:wojIIPId>d021c0dd-b22e-4fcd-8444-904c64ec3aa8</sln:wojIIPId><sln:wojIIPPn>PL.PZGIK.200</sln:wojIIPPn><sln:wojIIPWersja>2012-09-27T13:45:13+02:00</sln:wojIIPWersja><sln:wojIdTeryt>26</sln:wojIdTeryt><sln:wojNazwa>świętokrzyskie</sln:wojNazwa></sln:miejscowosc><sln:miejscowosc><sln:cyklZyciaOd>2014-12-06T00:00:00+01:00</sln:cyklZyciaOd><sln:gmIIPId>15bf78a0-bf00-46a0-9ba5-a4eaca54fc19</sln:gmIIPId><sln:gmIIPPn>PL.PZGIK.200</sln:gmIIPPn><sln:gmIIPWersja>2012-09-26T22:19:09+02:00</sln:gmIIPWersja><sln:gmIdTeryt>2606053</sln:gmIdTeryt><sln:gmNazwa>Ożarów</sln:gmNazwa><sln:miejscIIPId>05f5c908-9138-4486-8517-b2e0461945b1</sln:miejscIIPId><sln:miejscIIPPn>PL.PZGIK.200</sln:miejscIIPPn><sln:miejscIIPWersja>2016-11-24T13:54:00+02:00</sln:miejscIIPWersja><sln:miejscIdTeryt>0802410</sln:miejscIdTeryt><sln:miejscNazwa>Gliniany</sln:miejscNazwa><sln:miejscRodzaj>Osada</sln:miejscRodzaj><sln:powIIPId>6c31ebe8-0f8a-49ee-ba2d-caa0bccfd006</sln:powIIPId><sln:powIIPPn>PL.PZGIK.200</sln:powIIPPn><sln:powIIPWersja>2012-09-27T09:32:07+02:00</sln:powIIPWersja><sln:powIdTeryt>2606</sln:powIdTeryt><sln:powNazwa>opatowski</sln:powNazwa><sln:wojIIPId>d021c0dd-b22e-4fcd-8444-904c64ec3aa8</sln:wojIIPId><sln:wojIIPPn>PL.PZGIK.200</sln:wojIIPPn><sln:wojIIPWersja>2012-09-27T13:45:13+02:00</sln:wojIIPWersja><sln:wojIdTeryt>26</sln:wojIdTeryt><sln:wojNazwa>świętokrzyskie</sln:wojNazwa></sln:miejscowosc><sln:miejscowosc><sln:cyklZyciaOd>2014-12-06T00:00:00+01:00</sln:cyklZyciaOd><sln:gmIIPId>15bf78a0-bf00-46a0-9ba5-a4eaca54fc19</sln:gmIIPId><sln:gmIIPPn>PL.PZGIK.200</sln:gmIIPPn><sln:gmIIPWersja>2012-09-26T22:19:09+02:00</sln:gmIIPWersja><sln:gmIdTeryt>2606053</sln:gmIdTeryt><sln:gmNazwa>Ożarów</sln:gmNazwa><sln:miejscIIPId>70c60a19-8726-4e0e-a19e-9b551d840723</sln:miejscIIPId><sln:miejscIIPPn>PL.PZGIK.200</sln:miejscIIPPn><sln:miejscIIPWersja>2016-11-24T13:51:58+02:00</sln:miejscIIPWersja><sln:miejscIdTeryt>0802389</sln:miejscIdTeryt><sln:miejscNazwa>Dąbrówka</sln:miejscNazwa><sln:miejscRodzaj>Osada leśna</sln:miejscRodzaj><sln:powIIPId>6c31ebe8-0f8a-49ee-ba2d-caa0bccfd006</sln:powIIPId><sln:powIIPPn>PL.PZGIK.200</sln:powIIPPn><sln:powIIPWersja>2012-09-27T09:32:07+02:00</sln:powIIPWersja><sln:powIdTeryt>2606</sln:powIdTeryt><sln:powNazwa>opatowski</sln:powNazwa><sln:wojIIPId>d021c0dd-b22e-4fcd-8444-904c64ec3aa8</sln:wojIIPId><sln:wojIIPPn>PL.PZGIK.200</sln:wojIIPPn><sln:wojIIPWersja>2012-09-27T13:45:13+02:00</sln:wojIIPWersja><sln:wojIdTeryt>26</sln:wojIdTeryt><sln:wojNazwa>świętokrzyskie</sln:wojNazwa></sln:miejscowosc><sln:miejscowosc><sln:cyklZyciaOd>2014-12-06T00:00:00+01:00</sln:cyklZyciaOd><sln:gmIIPId>15bf78a0-bf00-46a0-9ba5-a4eaca54fc19</sln:gmIIPId><sln:gmIIPPn>PL.PZGIK.200</sln:gmIIPPn><sln:gmIIPWersja>2012-09-26T22:19:09+02:00</sln:gmIIPWersja><sln:gmIdTeryt>2606053</sln:gmIdTeryt><sln:gmNazwa>Ożarów</sln:gmNazwa><sln:miejscIIPId>6c9677d1-23ec-4900-8b2a-f0188f6f4887</sln:miejscIIPId><sln:miejscIIPPn>PL.PZGIK.200</sln:miejscIIPPn><sln:miejscIIPWersja>2016-11-24T13:51:07+02:00</sln:miejscIIPWersja><sln:miejscIdTeryt>0803029</sln:miejscIdTeryt><sln:miejscNazwa>Zawada-Kolonia</sln:miejscNazwa><sln:miejscRodzaj>Inny obiekt</sln:miejscRodzaj><sln:powIIPId>6c31ebe8-0f8a-49ee-ba2d-caa0bccfd006</sln:powIIPId><sln:powIIPPn>PL.PZGIK.200</sln:powIIPPn><sln:powIIPWersja>2012-09-27T09:32:07+02:00</sln:powIIPWersja><sln:powIdTeryt>2606</sln:powIdTeryt><sln:powNazwa>opatowski</sln:powNazwa><sln:wojIIPId>d021c0dd-b22e-4fcd-8444-904c64ec3aa8</sln:wojIIPId><sln:wojIIPPn>PL.PZGIK.200</sln:wojIIPPn><sln:wojIIPWersja>2012-09-27T13:45:13+02:00</sln:wojIIPWersja><sln:wojIdTeryt>26</sln:wojIdTeryt><sln:wojNazwa>świętokrzyskie</sln:wojNazwa></sln:miejscowosc><sln:miejscowosc><sln:cyklZyciaOd>2014-12-06T00:00:00+01:00</sln:cyklZyciaOd><sln:gmIIPId>15bf78a0-bf00-46a0-9ba5-a4eaca54fc19</sln:gmIIPId><sln:gmIIPPn>PL.PZGIK.200</sln:gmIIPPn><sln:gmIIPWersja>2012-09-26T22:19:09+02:00</sln:gmIIPWersja><sln:gmIdTeryt>2606053</sln:gmIdTeryt><sln:gmNazwa>Ożarów</sln:gmNazwa><sln:miejscIIPId>744ccc15-ad2a-4e7b-b94e-e16de41f470b</sln:miejscIIPId><sln:miejscIIPPn>PL.PZGIK.200</sln:miejscIIPPn><sln:miejscIIPWersja>2016-11-24T13:48:26+02:00</sln:miejscIIPWersja><sln:miejscIdTeryt>1018396</sln:miejscIdTeryt><sln:miejscNazwa>Śródborze Miłkowskie</sln:miejscNazwa><sln:miejscRodzaj>Inny obiekt</sln:miejscRodzaj><sln:powIIPId>6c31ebe8-0f8a-49ee-ba2d-caa0bccfd006</sln:powIIPId><sln:powIIPPn>PL.PZGIK.200</sln:powIIPPn><sln:powIIPWersja>2012-09-27T09:32:07+02:00</sln:powIIPWersja><sln:powIdTeryt>2606</sln:powIdTeryt><sln:powNazwa>opatowski</sln:powNazwa><sln:wojIIPId>d021c0dd-b22e-4fcd-8444-904c64ec3aa8</sln:wojIIPId><sln:wojIIPPn>PL.PZGIK.200</sln:wojIIPPn><sln:wojIIPWersja>2012-09-27T13:45:13+02:00</sln:wojIIPWersja><sln:wojIdTeryt>26</sln:wojIdTeryt><sln:wojNazwa>świętokrzyskie</sln:wojNazwa></sln:miejscowosc><sln:miejscowosc><sln:cyklZyciaOd>2014-12-06T00:00:00+01:00</sln:cyklZyciaOd><sln:gmIIPId>15bf78a0-bf00-46a0-9ba5-a4eaca54fc19</sln:gmIIPId><sln:gmIIPPn>PL.PZGIK.200</sln:gmIIPPn><sln:gmIIPWersja>2012-09-26T22:19:09+02:00</sln:gmIIPWersja><sln:gmIdTeryt>2606053</sln:gmIdTeryt><sln:gmNazwa>Ożarów</sln:gmNazwa><sln:miejscIIPId>2d160e4d-5cff-49c0-8166-22a67091ac23</sln:miejscIIPId><sln:miejscIIPPn>PL.PZGIK.200</sln:miejscIIPPn><sln:miejscIIPWersja>2016-11-24T13:48:24+02:00</sln:miejscIIPWersja><sln:miejscIdTeryt>0802857</sln:miejscIdTeryt><sln:miejscNazwa>Kruków</sln:miejscNazwa><sln:miejscRodzaj>Inny obiekt</sln:miejscRodzaj><sln:powIIPId>6c31ebe8-0f8a-49ee-ba2d-caa0bccfd006</sln:powIIPId><sln:powIIPPn>PL.PZGIK.200</sln:powIIPPn><sln:powIIPWersja>2012-09-27T09:32:07+02:00</sln:powIIPWersja><sln:powIdTeryt>2606</sln:powIdTeryt><sln:powNazwa>opatowski</sln:powNazwa><sln:wojIIPId>d021c0dd-b22e-4fcd-8444-904c64ec3aa8</sln:wojIIPId><sln:wojIIPPn>PL.PZGIK.200</sln:wojIIPPn><sln:wojIIPWersja>2012-09-27T13:45:13+02:00</sln:wojIIPWersja><sln:wojIdTeryt>26</sln:wojIdTeryt><sln:wojNazwa>świętokrzyskie</sln:wojNazwa></sln:miejscowosc><sln:miejscowosc><sln:cyklZyciaOd>2014-12-06T00:00:00+01:00</sln:cyklZyciaOd><sln:gmIIPId>15bf78a0-bf00-46a0-9ba5-a4eaca54fc19</sln:gmIIPId><sln:gmIIPPn>PL.PZGIK.200</sln:gmIIPPn><sln:gmIIPWersja>2012-09-26T22:19:09+02:00</sln:gmIIPWersja><sln:gmIdTeryt>2606053</sln:gmIdTeryt><sln:gmNazwa>Ożarów</sln:gmNazwa><sln:miejscIIPId>4d4013f5-d0f4-4b3a-8e88-4be245e7ac14</sln:miejscIIPId><sln:miejscIIPPn>PL.PZGIK.200</sln:miejscIIPPn><sln:miejscIIPWersja>2016-11-24T13:52:29+02:00</sln:miejscIIPWersja><sln:miejscIdTeryt>0802403</sln:miejscIdTeryt><sln:miejscNazwa>Dębno-Kolonia</sln:miejscNazwa><sln:miejscRodzaj>Inny obiekt</sln:miejscRodzaj><sln:powIIPId>6c31ebe8-0f8a-49ee-ba2d-caa0bccfd006</sln:powIIPId><sln:powIIPPn>PL.PZGIK.200</sln:powIIPPn><sln:powIIPWersja>2012-09-27T09:32:07+02:00</sln:powIIPWersja><sln:powIdTeryt>2606</sln:powIdTeryt><sln:powNazwa>opatowski</sln:powNazwa><sln:wojIIPId>d021c0dd-b22e-4fcd-8444-904c64ec3aa8</sln:wojIIPId><sln:wojIIPPn>PL.PZGIK.200</sln:wojIIPPn><sln:wojIIPWersja>2012-09-27T13:45:13+02:00</sln:wojIIPWersja><sln:wojIdTeryt>26</sln:wojIdTeryt><sln:wojNazwa>świętokrzyskie</sln:wojNazwa></sln:miejscowosc><sln:miejscowosc><sln:cyklZyciaOd>2014-12-06T00:00:00+01:00</sln:cyklZyciaOd><sln:gmIIPId>15bf78a0-bf00-46a0-9ba5-a4eaca54fc19</sln:gmIIPId><sln:gmIIPPn>PL.PZGIK.200</sln:gmIIPPn><sln:gmIIPWersja>2012-09-26T22:19:09+02:00</sln:gmIIPWersja><sln:gmIdTeryt>2606053</sln:gmIdTeryt><sln:gmNazwa>Ożarów</sln:gmNazwa><sln:miejscIIPId>024e76eb-7f71-4037-bdca-f5a5de32084e</sln:miejscIIPId><sln:miejscIIPPn>PL.PZGIK.200</sln:miejscIIPPn><sln:miejscIIPWersja>2016-11-24T13:32:06+02:00</sln:miejscIIPWersja><sln:miejscIdTeryt>0802840</sln:miejscIdTeryt><sln:miejscNazwa>Szymanówka</sln:miejscNazwa><sln:miejscRodzaj>Wieś</sln:miejscRodzaj><sln:powIIPId>6c31ebe8-0f8a-49ee-ba2d-caa0bccfd006</sln:powIIPId><sln:powIIPPn>PL.PZGIK.200</sln:powIIPPn><sln:powIIPWersja>2012-09-27T09:32:07+02:00</sln:powIIPWersja><sln:powIdTeryt>2606</sln:powIdTeryt><sln:powNazwa>opatowski</sln:powNazwa><sln:wojIIPId>d021c0dd-b22e-4fcd-8444-904c64ec3aa8</sln:wojIIPId><sln:wojIIPPn>PL.PZGIK.200</sln:wojIIPPn><sln:wojIIPWersja>2012-09-27T13:45:13+02:00</sln:wojIIPWersja><sln:wojIdTeryt>26</sln:wojIdTeryt><sln:wojNazwa>świętokrzyskie</sln:wojNazwa></sln:miejscowosc><sln:miejscowosc><sln:cyklZyciaOd>2014-12-06T00:00:00+01:00</sln:cyklZyciaOd><sln:gmIIPId>15bf78a0-bf00-46a0-9ba5-a4eaca54fc19</sln:gmIIPId><sln:gmIIPPn>PL.PZGIK.200</sln:gmIIPPn><sln:gmIIPWersja>2012-09-26T22:19:09+02:00</sln:gmIIPWersja><sln:gmIdTeryt>2606053</sln:gmIdTeryt><sln:gmNazwa>Ożarów</sln:gmNazwa><sln:miejscIIPId>6d1f216d-34dc-40de-a455-0195397a20ad</sln:miejscIIPId><sln:miejscIIPPn>PL.PZGIK.200</sln:miejscIIPPn><sln:miejscIIPWersja>2016-11-24T13:45:37+02:00</sln:miejscIIPWersja><sln:miejscIdTeryt>0802722</sln:miejscIdTeryt><sln:miejscNazwa>Prusy-Kolonie</sln:miejscNazwa><sln:miejscRodzaj>Inny obiekt</sln:miejscRodzaj><sln:powIIPId>6c31ebe8-0f8a-49ee-ba2d-caa0bccfd006</sln:powIIPId><sln:powIIPPn>PL.PZGIK.200</sln:powIIPPn><sln:powIIPWersja>2012-09-27T09:32:07+02:00</sln:powIIPWersja><sln:powIdTeryt>2606</sln:powIdTeryt><sln:powNazwa>opatowski</sln:powNazwa><sln:wojIIPId>d021c0dd-b22e-4fcd-8444-904c64ec3aa8</sln:wojIIPId><sln:wojIIPPn>PL.PZGIK.200</sln:wojIIPPn><sln:wojIIPWersja>2012-09-27T13:45:13+02:00</sln:wojIIPWersja><sln:wojIdTeryt>26</sln:wojIdTeryt><sln:wojNazwa>świętokrzyskie</sln:wojNazwa></sln:miejscowosc><sln:miejscowosc><sln:cyklZyciaOd>2014-12-06T00:00:00+01:00</sln:cyklZyciaOd><sln:gmIIPId>15bf78a0-bf00-46a0-9ba5-a4eaca54fc19</sln:gmIIPId><sln:gmIIPPn>PL.PZGIK.200</sln:gmIIPPn><sln:gmIIPWersja>2012-09-26T22:19:09+02:00</sln:gmIIPWersja><sln:gmIdTeryt>2606053</sln:gmIdTeryt><sln:gmNazwa>Ożarów</sln:gmNazwa><sln:miejscIIPId>15e2301a-5ee2-4e82-a533-21bf0886e943</sln:miejscIIPId><sln:miejscIIPPn>PL.PZGIK.200</sln:miejscIIPPn><sln:miejscIIPWersja>2016-11-24T13:55:02+02:00</sln:miejscIIPWersja><sln:miejscIdTeryt>1018404</sln:miejscIdTeryt><sln:miejscNazwa>Zielonka Jasicka</sln:miejscNazwa><sln:miejscRodzaj>Kolonia</sln:miejscRodzaj><sln:powIIPId>6c31ebe8-0f8a-49ee-ba2d-caa0bccfd006</sln:powIIPId><sln:powIIPPn>PL.PZGIK.200</sln:powIIPPn><sln:powIIPWersja>2012-09-27T09:32:07+02:00</sln:powIIPWersja><sln:powIdTeryt>2606</sln:powIdTeryt><sln:powNazwa>opatowski</sln:powNazwa><sln:wojIIPId>d021c0dd-b22e-4fcd-8444-904c64ec3aa8</sln:wojIIPId><sln:wojIIPPn>PL.PZGIK.200</sln:wojIIPPn><sln:wojIIPWersja>2012-09-27T13:45:13+02:00</sln:wojIIPWersja><sln:wojIdTeryt>26</sln:wojIdTeryt><sln:wojNazwa>świętokrzyskie</sln:wojNazwa></sln:miejscowosc><sln:miejscowosc><sln:cyklZyciaOd>2014-12-06T00:00:00+01:00</sln:cyklZyciaOd><sln:gmIIPId>15bf78a0-bf00-46a0-9ba5-a4eaca54fc19</sln:gmIIPId><sln:gmIIPPn>PL.PZGIK.200</sln:gmIIPPn><sln:gmIIPWersja>2012-09-26T22:19:09+02:00</sln:gmIIPWersja><sln:gmIdTeryt>2606053</sln:gmIdTeryt><sln:gmNazwa>Ożarów</sln:gmNazwa><sln:miejscIIPId>6523f8ee-ee23-481f-917d-71fb3c8c32da</sln:miejscIIPId><sln:miejscIIPPn>PL.PZGIK.200</sln:miejscIIPPn><sln:miejscIIPWersja>2016-11-24T13:47:16+02:00</sln:miejscIIPWersja><sln:miejscIdTeryt>0802774</sln:miejscIdTeryt><sln:miejscNazwa>Sobów-Kolonia</sln:miejscNazwa><sln:miejscRodzaj>Inny obiekt</sln:miejscRodzaj><sln:powIIPId>6c31ebe8-0f8a-49ee-ba2d-caa0bccfd006</sln:powIIPId><sln:powIIPPn>PL.PZGIK.200</sln:powIIPPn><sln:powIIPWersja>2012-09-27T09:32:07+02:00</sln:powIIPWersja><sln:powIdTeryt>2606</sln:powIdTeryt><sln:powNazwa>opatowski</sln:powNazwa><sln:wojIIPId>d021c0dd-b22e-4fcd-8444-904c64ec3aa8</sln:wojIIPId><sln:wojIIPPn>PL.PZGIK.200</sln:wojIIPPn><sln:wojIIPWersja>2012-09-27T13:45:13+02:00</sln:wojIIPWersja><sln:wojIdTeryt>26</sln:wojIdTeryt><sln:wojNazwa>świętokrzyskie</sln:wojNazwa></sln:miejscowosc><sln:miejscowosc><sln:cyklZyciaOd>2014-12-06T00:00:00+01:00</sln:cyklZyciaOd><sln:gmIIPId>15bf78a0-bf00-46a0-9ba5-a4eaca54fc19</sln:gmIIPId><sln:gmIIPPn>PL.PZGIK.200</sln:gmIIPPn><sln:gmIIPWersja>2012-09-26T22:19:09+02:00</sln:gmIIPWersja><sln:gmIdTeryt>2606053</sln:gmIdTeryt><sln:gmNazwa>Ożarów</sln:gmNazwa><sln:miejscIIPId>fcf00fff-e946-4298-8020-c5230a634994</sln:miejscIIPId><sln:miejscIIPPn>PL.PZGIK.200</sln:miejscIIPPn><sln:miejscIIPWersja>2016-11-24T13:29:00+02:00</sln:miejscIIPWersja><sln:miejscIdTeryt>0802716</sln:miejscIdTeryt><sln:miejscNazwa>Prusy</sln:miejscNazwa><sln:miejscRodzaj>Wieś</sln:miejscRodzaj><sln:powIIPId>6c31ebe8-0f8a-49ee-ba2d-caa0bccfd006</sln:powIIPId><sln:powIIPPn>PL.PZGIK.200</sln:powIIPPn><sln:powIIPWersja>2012-09-27T09:32:07+02:00</sln:powIIPWersja><sln:powIdTeryt>2606</sln:powIdTeryt><sln:powNazwa>opatowski</sln:powNazwa><sln:wojIIPId>d021c0dd-b22e-4fcd-8444-904c64ec3aa8</sln:wojIIPId><sln:wojIIPPn>PL.PZGIK.200</sln:wojIIPPn><sln:wojIIPWersja>2012-09-27T13:45:13+02:00</sln:wojIIPWersja><sln:wojIdTeryt>26</sln:wojIdTeryt><sln:wojNazwa>świętokrzyskie</sln:wojNazwa></sln:miejscowosc><sln:miejscowosc><sln:cyklZyciaOd>2014-12-06T00:00:00+01:00</sln:cyklZyciaOd><sln:gmIIPId>15bf78a0-bf00-46a0-9ba5-a4eaca54fc19</sln:gmIIPId><sln:gmIIPPn>PL.PZGIK.200</sln:gmIIPPn><sln:gmIIPWersja>2012-09-26T22:19:09+02:00</sln:gmIIPWersja><sln:gmIdTeryt>2606053</sln:gmIdTeryt><sln:gmNazwa>Ożarów</sln:gmNazwa><sln:miejscIIPId>5920089e-2db1-40c6-bb7a-04575366e71f</sln:miejscIIPId><sln:miejscIIPPn>PL.PZGIK.200</sln:miejscIIPPn><sln:miejscIIPWersja>2016-11-24T13:33:43+02:00</sln:miejscIIPWersja><sln:miejscIdTeryt>0802952</sln:miejscIdTeryt><sln:miejscNazwa>Wólka Chrapanowska</sln:miejscNazwa><sln:miejscRodzaj>Wieś</sln:miejscRodzaj><sln:powIIPId>6c31ebe8-0f8a-49ee-ba2d-caa0bccfd006</sln:powIIPId><sln:powIIPPn>PL.PZGIK.200</sln:powIIPPn><sln:powIIPWersja>2012-09-27T09:32:07+02:00</sln:powIIPWersja><sln:powIdTeryt>2606</sln:powIdTeryt><sln:powNazwa>opatowski</sln:powNazwa><sln:wojIIPId>d021c0dd-b22e-4fcd-8444-904c64ec3aa8</sln:wojIIPId><sln:wojIIPPn>PL.PZGIK.200</sln:wojIIPPn><sln:wojIIPWersja>2012-09-27T13:45:13+02:00</sln:wojIIPWersja><sln:wojIdTeryt>26</sln:wojIdTeryt><sln:wojNazwa>świętokrzyskie</sln:wojNazwa></sln:miejscowosc><sln:miejscowosc><sln:cyklZyciaOd>2014-12-06T00:00:00+01:00</sln:cyklZyciaOd><sln:gmIIPId>15bf78a0-bf00-46a0-9ba5-a4eaca54fc19</sln:gmIIPId><sln:gmIIPPn>PL.PZGIK.200</sln:gmIIPPn><sln:gmIIPWersja>2012-09-26T22:19:09+02:00</sln:gmIIPWersja><sln:gmIdTeryt>2606053</sln:gmIdTeryt><sln:gmNazwa>Ożarów</sln:gmNazwa><sln:miejscIIPId>5bd857f5-c422-4d04-b649-d0646fa44cab</sln:miejscIIPId><sln:miejscIIPPn>PL.PZGIK.200</sln:miejscIIPPn><sln:miejscIIPWersja>2016-11-24T13:32:23+02:00</sln:miejscIIPWersja><sln:miejscIdTeryt>0802892</sln:miejscIdTeryt><sln:miejscNazwa>Tominy</sln:miejscNazwa><sln:miejscRodzaj>Wieś</sln:miejscRodzaj><sln:powIIPId>6c31ebe8-0f8a-49ee-ba2d-caa0bccfd006</sln:powIIPId><sln:powIIPPn>PL.PZGIK.200</sln:powIIPPn><sln:powIIPWersja>2012-09-27T09:32:07+02:00</sln:powIIPWersja><sln:powIdTeryt>2606</sln:powIdTeryt><sln:powNazwa>opatowski</sln:powNazwa><sln:wojIIPId>d021c0dd-b22e-4fcd-8444-904c64ec3aa8</sln:wojIIPId><sln:wojIIPPn>PL.PZGIK.200</sln:wojIIPPn><sln:wojIIPWersja>2012-09-27T13:45:13+02:00</sln:wojIIPWersja><sln:wojIdTeryt>26</sln:wojIdTeryt><sln:wojNazwa>świętokrzyskie</sln:wojNazwa></sln:miejscowosc><sln:miejscowosc><sln:cyklZyciaOd>2014-12-06T00:00:00+01:00</sln:cyklZyciaOd><sln:gmIIPId>15bf78a0-bf00-46a0-9ba5-a4eaca54fc19</sln:gmIIPId><sln:gmIIPPn>PL.PZGIK.200</sln:gmIIPPn><sln:gmIIPWersja>2012-09-26T22:19:09+02:00</sln:gmIIPWersja><sln:gmIdTeryt>2606053</sln:gmIdTeryt><sln:gmNazwa>Ożarów</sln:gmNazwa><sln:miejscIIPId>2dcc981e-7f22-4b9c-9fe8-6796aa7ca6c1</sln:miejscIIPId><sln:miejscIIPPn>PL.PZGIK.200</sln:miejscIIPPn><sln:miejscIIPWersja>2016-11-24T13:37:55+02:00</sln:miejscIIPWersja><sln:miejscIdTeryt>0809960</sln:miejscIdTeryt><sln:miejscNazwa>Grochocice</sln:miejscNazwa><sln:miejscRodzaj>Wieś</sln:miejscRodzaj><sln:powIIPId>6c31ebe8-0f8a-49ee-ba2d-caa0bccfd006</sln:powIIPId><sln:powIIPPn>PL.PZGIK.200</sln:powIIPPn><sln:powIIPWersja>2012-09-27T09:32:07+02:00</sln:powIIPWersja><sln:powIdTeryt>2606</sln:powIdTeryt><sln:powNazwa>opatowski</sln:powNazwa><sln:wojIIPId>d021c0dd-b22e-4fcd-8444-904c64ec3aa8</sln:wojIIPId><sln:wojIIPPn>PL.PZGIK.200</sln:wojIIPPn><sln:wojIIPWersja>2012-09-27T13:45:13+02:00</sln:wojIIPWersja><sln:wojIdTeryt>26</sln:wojIdTeryt><sln:wojNazwa>świętokrzyskie</sln:wojNazwa></sln:miejscowosc><sln:miejscowosc><sln:cyklZyciaOd>2014-12-06T00:00:00+01:00</sln:cyklZyciaOd><sln:gmIIPId>15bf78a0-bf00-46a0-9ba5-a4eaca54fc19</sln:gmIIPId><sln:gmIIPPn>PL.PZGIK.200</sln:gmIIPPn><sln:gmIIPWersja>2012-09-26T22:19:09+02:00</sln:gmIIPWersja><sln:gmIdTeryt>2606053</sln:gmIdTeryt><sln:gmNazwa>Ożarów</sln:gmNazwa><sln:miejscIIPId>66f5b59a-84de-4648-8d79-4f02094aff75</sln:miejscIIPId><sln:miejscIIPPn>PL.PZGIK.200</sln:miejscIIPPn><sln:miejscIIPWersja>2016-11-24T13:54:56+02:00</sln:miejscIIPWersja><sln:miejscIdTeryt>0802538</sln:miejscIdTeryt><sln:miejscNazwa>Nowy Janopol</sln:miejscNazwa><sln:miejscRodzaj>Inny obiekt</sln:miejscRodzaj><sln:powIIPId>6c31ebe8-0f8a-49ee-ba2d-caa0bccfd006</sln:powIIPId><sln:powIIPPn>PL.PZGIK.200</sln:powIIPPn><sln:powIIPWersja>2012-09-27T09:32:07+02:00</sln:powIIPWersja><sln:powIdTeryt>2606</sln:powIdTeryt><sln:powNazwa>opatowski</sln:powNazwa><sln:wojIIPId>d021c0dd-b22e-4fcd-8444-904c64ec3aa8</sln:wojIIPId><sln:wojIIPPn>PL.PZGIK.200</sln:wojIIPPn><sln:wojIIPWersja>2012-09-27T13:45:13+02:00</sln:wojIIPWersja><sln:wojIdTeryt>26</sln:wojIdTeryt><sln:wojNazwa>świętokrzyskie</sln:wojNazwa></sln:miejscowosc><sln:miejscowosc><sln:cyklZyciaOd>2014-12-06T00:00:00+01:00</sln:cyklZyciaOd><sln:gmIIPId>15bf78a0-bf00-46a0-9ba5-a4eaca54fc19</sln:gmIIPId><sln:gmIIPPn>PL.PZGIK.200</sln:gmIIPPn><sln:gmIIPWersja>2012-09-26T22:19:09+02:00</sln:gmIIPWersja><sln:gmIdTeryt>2606053</sln:gmIdTeryt><sln:gmNazwa>Ożarów</sln:gmNazwa><sln:miejscIIPId>8c25b532-9a18-47fe-9716-5466a4ec957d</sln:miejscIIPId><sln:miejscIIPPn>PL.PZGIK.200</sln:miejscIIPPn><sln:miejscIIPWersja>2016-11-24T13:28:53+02:00</sln:miejscIIPWersja><sln:miejscIdTeryt>0802691</sln:miejscIdTeryt><sln:miejscNazwa>Potok</sln:miejscNazwa><sln:miejscRodzaj>Wieś</sln:miejscRodzaj><sln:powIIPId>6c31ebe8-0f8a-49ee-ba2d-caa0bccfd006</sln:powIIPId><sln:powIIPPn>PL.PZGIK.200</sln:powIIPPn><sln:powIIPWersja>2012-09-27T09:32:07+02:00</sln:powIIPWersja><sln:powIdTeryt>2606</sln:powIdTeryt><sln:powNazwa>opatowski</sln:powNazwa><sln:wojIIPId>d021c0dd-b22e-4fcd-8444-904c64ec3aa8</sln:wojIIPId><sln:wojIIPPn>PL.PZGIK.200</sln:wojIIPPn><sln:wojIIPWersja>2012-09-27T13:45:13+02:00</sln:wojIIPWersja><sln:wojIdTeryt>26</sln:wojIdTeryt><sln:wojNazwa>świętokrzyskie</sln:wojNazwa></sln:miejscowosc><sln:miejscowosc><sln:cyklZyciaOd>2014-12-06T00:00:00+01:00</sln:cyklZyciaOd><sln:gmIIPId>15bf78a0-bf00-46a0-9ba5-a4eaca54fc19</sln:gmIIPId><sln:gmIIPPn>PL.PZGIK.200</sln:gmIIPPn><sln:gmIIPWersja>2012-09-26T22:19:09+02:00</sln:gmIIPWersja><sln:gmIdTeryt>2606053</sln:gmIdTeryt><sln:gmNazwa>Ożarów</sln:gmNazwa><sln:miejscIIPId>a351bd74-d41c-45ea-8dda-0c7604da4358</sln:miejscIIPId><sln:miejscIIPPn>PL.PZGIK.200</sln:miejscIIPPn><sln:miejscIIPWersja>2016-11-24T13:47:38+02:00</sln:miejscIIPWersja><sln:miejscIdTeryt>0802828</sln:miejscIdTeryt><sln:miejscNazwa>Niemcówka</sln:miejscNazwa><sln:miejscRodzaj>Inny obiekt</sln:miejscRodzaj><sln:powIIPId>6c31ebe8-0f8a-49ee-ba2d-caa0bccfd006</sln:powIIPId><sln:powIIPPn>PL.PZGIK.200</sln:powIIPPn><sln:powIIPWersja>2012-09-27T09:32:07+02:00</sln:powIIPWersja><sln:powIdTeryt>2606</sln:powIdTeryt><sln:powNazwa>opatowski</sln:powNazwa><sln:wojIIPId>d021c0dd-b22e-4fcd-8444-904c64ec3aa8</sln:wojIIPId><sln:wojIIPPn>PL.PZGIK.200</sln:wojIIPPn><sln:wojIIPWersja>2012-09-27T13:45:13+02:00</sln:wojIIPWersja><sln:wojIdTeryt>26</sln:wojIdTeryt><sln:wojNazwa>świętokrzyskie</sln:wojNazwa></sln:miejscowosc><sln:miejscowosc><sln:cyklZyciaOd>2014-12-06T00:00:00+01:00</sln:cyklZyciaOd><sln:gmIIPId>15bf78a0-bf00-46a0-9ba5-a4eaca54fc19</sln:gmIIPId><sln:gmIIPPn>PL.PZGIK.200</sln:gmIIPPn><sln:gmIIPWersja>2012-09-26T22:19:09+02:00</sln:gmIIPWersja><sln:gmIdTeryt>2606053</sln:gmIdTeryt><sln:gmNazwa>Ożarów</sln:gmNazwa><sln:miejscIIPId>813cad7d-fe0f-4b2c-a63e-7496b1db49e2</sln:miejscIIPId><sln:miejscIIPPn>PL.PZGIK.200</sln:miejscIIPPn><sln:miejscIIPWersja>2016-11-24T13:48:26+02:00</sln:miejscIIPWersja><sln:miejscIdTeryt>0802886</sln:miejscIdTeryt><sln:miejscNazwa>Korycizna</sln:miejscNazwa><sln:miejscRodzaj>Inny obiekt</sln:miejscRodzaj><sln:powIIPId>6c31ebe8-0f8a-49ee-ba2d-caa0bccfd006</sln:powIIPId><sln:powIIPPn>PL.PZGIK.200</sln:powIIPPn><sln:powIIPWersja>2012-09-27T09:32:07+02:00</sln:powIIPWersja><sln:powIdTeryt>2606</sln:powIdTeryt><sln:powNazwa>opatowski</sln:powNazwa><sln:wojIIPId>d021c0dd-b22e-4fcd-8444-904c64ec3aa8</sln:wojIIPId><sln:wojIIPPn>PL.PZGIK.200</sln:wojIIPPn><sln:wojIIPWersja>2012-09-27T13:45:13+02:00</sln:wojIIPWersja><sln:wojIdTeryt>26</sln:wojIdTeryt><sln:wojNazwa>świętokrzyskie</sln:wojNazwa></sln:miejscowosc><sln:miejscowosc><sln:cyklZyciaOd>2014-12-06T00:00:00+01:00</sln:cyklZyciaOd><sln:gmIIPId>15bf78a0-bf00-46a0-9ba5-a4eaca54fc19</sln:gmIIPId><sln:gmIIPPn>PL.PZGIK.200</sln:gmIIPPn><sln:gmIIPWersja>2012-09-26T22:19:09+02:00</sln:gmIIPWersja><sln:gmIdTeryt>2606053</sln:gmIdTeryt><sln:gmNazwa>Ożarów</sln:gmNazwa><sln:miejscIIPId>b9982d62-db40-49ca-a8d8-4341d4217841</sln:miejscIIPId><sln:miejscIIPPn>PL.PZGIK.200</sln:miejscIIPPn><sln:miejscIIPWersja>2016-11-24T13:42:02+02:00</sln:miejscIIPWersja><sln:miejscIdTeryt>0802633</sln:miejscIdTeryt><sln:miejscNazwa>Maruszów</sln:miejscNazwa><sln:miejscRodzaj>Wieś</sln:miejscRodzaj><sln:powIIPId>6c31ebe8-0f8a-49ee-ba2d-caa0bccfd006</sln:powIIPId><sln:powIIPPn>PL.PZGIK.200</sln:powIIPPn><sln:powIIPWersja>2012-09-27T09:32:07+02:00</sln:powIIPWersja><sln:powIdTeryt>2606</sln:powIdTeryt><sln:powNazwa>opatowski</sln:powNazwa><sln:wojIIPId>d021c0dd-b22e-4fcd-8444-904c64ec3aa8</sln:wojIIPId><sln:wojIIPPn>PL.PZGIK.200</sln:wojIIPPn><sln:wojIIPWersja>2012-09-27T13:45:13+02:00</sln:wojIIPWersja><sln:wojIdTeryt>26</sln:wojIdTeryt><sln:wojNazwa>świętokrzyskie</sln:wojNazwa></sln:miejscowosc><sln:miejscowosc><sln:cyklZyciaOd>2014-12-06T00:00:00+01:00</sln:cyklZyciaOd><sln:gmIIPId>15bf78a0-bf00-46a0-9ba5-a4eaca54fc19</sln:gmIIPId><sln:gmIIPPn>PL.PZGIK.200</sln:gmIIPPn><sln:gmIIPWersja>2012-09-26T22:19:09+02:00</sln:gmIIPWersja><sln:gmIdTeryt>2606053</sln:gmIdTeryt><sln:gmNazwa>Ożarów</sln:gmNazwa><sln:miejscIIPId>8b49b3ff-34d2-4e46-9473-988df2b6033a</sln:miejscIIPId><sln:miejscIIPPn>PL.PZGIK.200</sln:miejscIIPPn><sln:miejscIIPWersja>2016-11-24T13:44:20+02:00</sln:miejscIIPWersja><sln:miejscIdTeryt>0980777</sln:miejscIdTeryt><sln:miejscNazwa>Ożarów</sln:miejscNazwa><sln:miejscRodzaj>Miasto</sln:miejscRodzaj><sln:powIIPId>6c31ebe8-0f8a-49ee-ba2d-caa0bccfd006</sln:powIIPId><sln:powIIPPn>PL.PZGIK.200</sln:powIIPPn><sln:powIIPWersja>2012-09-27T09:32:07+02:00</sln:powIIPWersja><sln:powIdTeryt>2606</sln:powIdTeryt><sln:powNazwa>opatowski</sln:powNazwa><sln:wojIIPId>d021c0dd-b22e-4fcd-8444-904c64ec3aa8</sln:wojIIPId><sln:wojIIPPn>PL.PZGIK.200</sln:wojIIPPn><sln:wojIIPWersja>2012-09-27T13:45:13+02:00</sln:wojIIPWersja><sln:wojIdTeryt>26</sln:wojIdTeryt><sln:wojNazwa>świętokrzyskie</sln:wojNazwa></sln:miejscowosc><sln:miejscowosc><sln:cyklZyciaOd>2014-12-06T00:00:00+01:00</sln:cyklZyciaOd><sln:gmIIPId>15bf78a0-bf00-46a0-9ba5-a4eaca54fc19</sln:gmIIPId><sln:gmIIPPn>PL.PZGIK.200</sln:gmIIPPn><sln:gmIIPWersja>2012-09-26T22:19:09+02:00</sln:gmIIPWersja><sln:gmIdTeryt>2606053</sln:gmIdTeryt><sln:gmNazwa>Ożarów</sln:gmNazwa><sln:miejscIIPId>da734293-e83e-4b5f-a037-7dc7f8d8f221</sln:miejscIIPId><sln:miejscIIPPn>PL.PZGIK.200</sln:miejscIIPPn><sln:miejscIIPWersja>2016-11-24T13:54:28+02:00</sln:miejscIIPWersja><sln:miejscIdTeryt>0809977</sln:miejscIdTeryt><sln:miejscNazwa>Grochocice-Kolonia</sln:miejscNazwa><sln:miejscRodzaj>Inny obiekt</sln:miejscRodzaj><sln:powIIPId>6c31ebe8-0f8a-49ee-ba2d-caa0bccfd006</sln:powIIPId><sln:powIIPPn>PL.PZGIK.200</sln:powIIPPn><sln:powIIPWersja>2012-09-27T09:32:07+02:00</sln:powIIPWersja><sln:powIdTeryt>2606</sln:powIdTeryt><sln:powNazwa>opatowski</sln:powNazwa><sln:wojIIPId>d021c0dd-b22e-4fcd-8444-904c64ec3aa8</sln:wojIIPId><sln:wojIIPPn>PL.PZGIK.200</sln:wojIIPPn><sln:wojIIPWersja>2012-09-27T13:45:13+02:00</sln:wojIIPWersja><sln:wojIdTeryt>26</sln:wojIdTeryt><sln:wojNazwa>świętokrzyskie</sln:wojNazwa></sln:miejscowosc><sln:miejscowosc><sln:cyklZyciaOd>2014-12-06T00:00:00+01:00</sln:cyklZyciaOd><sln:gmIIPId>15bf78a0-bf00-46a0-9ba5-a4eaca54fc19</sln:gmIIPId><sln:gmIIPPn>PL.PZGIK.200</sln:gmIIPPn><sln:gmIIPWersja>2012-09-26T22:19:09+02:00</sln:gmIIPWersja><sln:gmIdTeryt>2606053</sln:gmIdTeryt><sln:gmNazwa>Ożarów</sln:gmNazwa><sln:miejscIIPId>11925a20-44df-4a85-bb77-81e689286ff7</sln:miejscIIPId><sln:miejscIIPPn>PL.PZGIK.200</sln:miejscIIPPn><sln:miejscIIPWersja>2016-11-24T13:56:05+02:00</sln:miejscIIPWersja><sln:miejscIdTeryt>0802366</sln:miejscIdTeryt><sln:miejscNazwa>Śmiłów</sln:miejscNazwa><sln:miejscRodzaj>Inny obiekt</sln:miejscRodzaj><sln:powIIPId>6c31ebe8-0f8a-49ee-ba2d-caa0bccfd006</sln:powIIPId><sln:powIIPPn>PL.PZGIK.200</sln:powIIPPn><sln:powIIPWersja>2012-09-27T09:32:07+02:00</sln:powIIPWersja><sln:powIdTeryt>2606</sln:powIdTeryt><sln:powNazwa>opatowski</sln:powNazwa><sln:wojIIPId>d021c0dd-b22e-4fcd-8444-904c64ec3aa8</sln:wojIIPId><sln:wojIIPPn>PL.PZGIK.200</sln:wojIIPPn><sln:wojIIPWersja>2012-09-27T13:45:13+02:00</sln:wojIIPWersja><sln:wojIdTeryt>26</sln:wojIdTeryt><sln:wojNazwa>świętokrzyskie</sln:wojNazwa></sln:miejscowosc><sln:miejscowosc><sln:cyklZyciaOd>2014-12-06T00:00:00+01:00</sln:cyklZyciaOd><sln:gmIIPId>15bf78a0-bf00-46a0-9ba5-a4eaca54fc19</sln:gmIIPId><sln:gmIIPPn>PL.PZGIK.200</sln:gmIIPPn><sln:gmIIPWersja>2012-09-26T22:19:09+02:00</sln:gmIIPWersja><sln:gmIdTeryt>2606053</sln:gmIdTeryt><sln:gmNazwa>Ożarów</sln:gmNazwa><sln:miejscIIPId>a15c3bed-b4d9-42d9-b3d0-33ac8c1005e9</sln:miejscIIPId><sln:miejscIIPPn>PL.PZGIK.200</sln:miejscIIPPn><sln:miejscIIPWersja>2016-11-24T13:48:44+02:00</sln:miejscIIPWersja><sln:miejscIdTeryt>0802917</sln:miejscIdTeryt><sln:miejscNazwa>Tominy-Kolonie</sln:miejscNazwa><sln:miejscRodzaj>Inny obiekt</sln:miejscRodzaj><sln:powIIPId>6c31ebe8-0f8a-49ee-ba2d-caa0bccfd006</sln:powIIPId><sln:powIIPPn>PL.PZGIK.200</sln:powIIPPn><sln:powIIPWersja>2012-09-27T09:32:07+02:00</sln:powIIPWersja><sln:powIdTeryt>2606</sln:powIdTeryt><sln:powNazwa>opatowski</sln:powNazwa><sln:wojIIPId>d021c0dd-b22e-4fcd-8444-904c64ec3aa8</sln:wojIIPId><sln:wojIIPPn>PL.PZGIK.200</sln:wojIIPPn><sln:wojIIPWersja>2012-09-27T13:45:13+02:00</sln:wojIIPWersja><sln:wojIdTeryt>26</sln:wojIdTeryt><sln:wojNazwa>świętokrzyskie</sln:wojNazwa></sln:miejscowosc><sln:miejscowosc><sln:cyklZyciaOd>2014-12-06T00:00:00+01:00</sln:cyklZyciaOd><sln:gmIIPId>15bf78a0-bf00-46a0-9ba5-a4eaca54fc19</sln:gmIIPId><sln:gmIIPPn>PL.PZGIK.200</sln:gmIIPPn><sln:gmIIPWersja>2012-09-26T22:19:09+02:00</sln:gmIIPWersja><sln:gmIdTeryt>2606053</sln:gmIdTeryt><sln:gmNazwa>Ożarów</sln:gmNazwa><sln:miejscIIPId>60138219-8d86-4ee1-b325-4539e7e20c67</sln:miejscIIPId><sln:miejscIIPPn>PL.PZGIK.200</sln:miejscIIPPn><sln:miejscIIPWersja>2016-11-24T13:54:00+02:00</sln:miejscIIPWersja><sln:miejscIdTeryt>0802426</sln:miejscIdTeryt><sln:miejscNazwa>Skałecznica</sln:miejscNazwa><sln:miejscRodzaj>Osada leśna</sln:miejscRodzaj><sln:powIIPId>6c31ebe8-0f8a-49ee-ba2d-caa0bccfd006</sln:powIIPId><sln:powIIPPn>PL.PZGIK.200</sln:powIIPPn><sln:powIIPWersja>2012-09-27T09:32:07+02:00</sln:powIIPWersja><sln:powIdTeryt>2606</sln:powIdTeryt><sln:powNazwa>opatowski</sln:powNazwa><sln:wojIIPId>d021c0dd-b22e-4fcd-8444-904c64ec3aa8</sln:wojIIPId><sln:wojIIPPn>PL.PZGIK.200</sln:wojIIPPn><sln:wojIIPWersja>2012-09-27T13:45:13+02:00</sln:wojIIPWersja><sln:wojIdTeryt>26</sln:wojIdTeryt><sln:wojNazwa>świętokrzyskie</sln:wojNazwa></sln:miejscowosc><sln:miejscowosc><sln:cyklZyciaOd>2014-12-06T00:00:00+01:00</sln:cyklZyciaOd><sln:gmIIPId>15bf78a0-bf00-46a0-9ba5-a4eaca54fc19</sln:gmIIPId><sln:gmIIPPn>PL.PZGIK.200</sln:gmIIPPn><sln:gmIIPWersja>2012-09-26T22:19:09+02:00</sln:gmIIPWersja><sln:gmIdTeryt>2606053</sln:gmIdTeryt><sln:gmNazwa>Ożarów</sln:gmNazwa><sln:miejscIIPId>dd82c9f0-1d9f-444a-8ea2-1e5844b7c9b6</sln:miejscIIPId><sln:miejscIIPPn>PL.PZGIK.200</sln:miejscIIPPn><sln:miejscIIPWersja>2016-11-24T13:51:07+02:00</sln:miejscIIPWersja><sln:miejscIdTeryt>0803006</sln:miejscIdTeryt><sln:miejscNazwa>Bałtówka</sln:miejscNazwa><sln:miejscRodzaj>Inny obiekt</sln:miejscRodzaj><sln:powIIPId>6c31ebe8-0f8a-49ee-ba2d-caa0bccfd006</sln:powIIPId><sln:powIIPPn>PL.PZGIK.200</sln:powIIPPn><sln:powIIPWersja>2012-09-27T09:32:07+02:00</sln:powIIPWersja><sln:powIdTeryt>2606</sln:powIdTeryt><sln:powNazwa>opatowski</sln:powNazwa><sln:wojIIPId>d021c0dd-b22e-4fcd-8444-904c64ec3aa8</sln:wojIIPId><sln:wojIIPPn>PL.PZGIK.200</sln:wojIIPPn><sln:wojIIPWersja>2012-09-27T13:45:13+02:00</sln:wojIIPWersja><sln:wojIdTeryt>26</sln:wojIdTeryt><sln:wojNazwa>świętokrzyskie</sln:wojNazwa></sln:miejscowosc><sln:miejscowosc><sln:cyklZyciaOd>2014-12-06T00:00:00+01:00</sln:cyklZyciaOd><sln:gmIIPId>15bf78a0-bf00-46a0-9ba5-a4eaca54fc19</sln:gmIIPId><sln:gmIIPPn>PL.PZGIK.200</sln:gmIIPPn><sln:gmIIPWersja>2012-09-26T22:19:09+02:00</sln:gmIIPWersja><sln:gmIdTeryt>2606053</sln:gmIdTeryt><sln:gmNazwa>Ożarów</sln:gmNazwa><sln:miejscIIPId>486b9b5e-5159-457f-95b9-f48ac8387569</sln:miejscIIPId><sln:miejscIIPPn>PL.PZGIK.200</sln:miejscIIPPn><sln:miejscIIPWersja>2016-11-24T13:43:16+02:00</sln:miejscIIPWersja><sln:miejscIdTeryt>0802656</sln:miejscIdTeryt><sln:miejscNazwa>Nowe</sln:miejscNazwa><sln:miejscRodzaj>Wieś</sln:miejscRodzaj><sln:powIIPId>6c31ebe8-0f8a-49ee-ba2d-caa0bccfd006</sln:powIIPId><sln:powIIPPn>PL.PZGIK.200</sln:powIIPPn><sln:powIIPWersja>2012-09-27T09:32:07+02:00</sln:powIIPWersja><sln:powIdTeryt>2606</sln:powIdTeryt><sln:powNazwa>opatowski</sln:powNazwa><sln:wojIIPId>d021c0dd-b22e-4fcd-8444-904c64ec3aa8</sln:wojIIPId><sln:wojIIPPn>PL.PZGIK.200</sln:wojIIPPn><sln:wojIIPWersja>2012-09-27T13:45:13+02:00</sln:wojIIPWersja><sln:wojIdTeryt>26</sln:wojIdTeryt><sln:wojNazwa>świętokrzyskie</sln:wojNazwa></sln:miejscowosc><sln:miejscowosc><sln:cyklZyciaOd>2014-12-06T00:00:00+01:00</sln:cyklZyciaOd><sln:gmIIPId>15bf78a0-bf00-46a0-9ba5-a4eaca54fc19</sln:gmIIPId><sln:gmIIPPn>PL.PZGIK.200</sln:gmIIPPn><sln:gmIIPWersja>2012-09-26T22:19:09+02:00</sln:gmIIPWersja><sln:gmIdTeryt>2606053</sln:gmIdTeryt><sln:gmNazwa>Ożarów</sln:gmNazwa><sln:miejscIIPId>c8f84262-4497-42fb-9d54-4ec95c3e31b4</sln:miejscIIPId><sln:miejscIIPPn>PL.PZGIK.200</sln:miejscIIPPn><sln:miejscIIPWersja>2016-11-24T13:38:31+02:00</sln:miejscIIPWersja><sln:miejscIdTeryt>0802573</sln:miejscIdTeryt><sln:miejscNazwa>Janów</sln:miejscNazwa><sln:miejscRodzaj>Wieś</sln:miejscRodzaj><sln:powIIPId>6c31ebe8-0f8a-49ee-ba2d-caa0bccfd006</sln:powIIPId><sln:powIIPPn>PL.PZGIK.200</sln:powIIPPn><sln:powIIPWersja>2012-09-27T09:32:07+02:00</sln:powIIPWersja><sln:powIdTeryt>2606</sln:powIdTeryt><sln:powNazwa>opatowski</sln:powNazwa><sln:wojIIPId>d021c0dd-b22e-4fcd-8444-904c64ec3aa8</sln:wojIIPId><sln:wojIIPPn>PL.PZGIK.200</sln:wojIIPPn><sln:wojIIPWersja>2012-09-27T13:45:13+02:00</sln:wojIIPWersja><sln:wojIdTeryt>26</sln:wojIdTeryt><sln:wojNazwa>świętokrzyskie</sln:wojNazwa></sln:miejscowosc><sln:miejscowosc><sln:cyklZyciaOd>2014-12-06T00:00:00+01:00</sln:cyklZyciaOd><sln:gmIIPId>15bf78a0-bf00-46a0-9ba5-a4eaca54fc19</sln:gmIIPId><sln:gmIIPPn>PL.PZGIK.200</sln:gmIIPPn><sln:gmIIPWersja>2012-09-26T22:19:09+02:00</sln:gmIIPWersja><sln:gmIdTeryt>2606053</sln:gmIdTeryt><sln:gmNazwa>Ożarów</sln:gmNazwa><sln:miejscIIPId>80d92829-2a8f-4570-a4b8-92425764371e</sln:miejscIIPId><sln:miejscIIPPn>PL.PZGIK.200</sln:miejscIIPPn><sln:miejscIIPWersja>2016-11-24T13:38:31+02:00</sln:miejscIIPWersja><sln:miejscIdTeryt>0802521</sln:miejscIdTeryt><sln:miejscNazwa>Janopol</sln:miejscNazwa><sln:miejscRodzaj>Wieś</sln:miejscRodzaj><sln:powIIPId>6c31ebe8-0f8a-49ee-ba2d-caa0bccfd006</sln:powIIPId><sln:powIIPPn>PL.PZGIK.200</sln:powIIPPn><sln:powIIPWersja>2012-09-27T09:32:07+02:00</sln:powIIPWersja><sln:powIdTeryt>2606</sln:powIdTeryt><sln:powNazwa>opatowski</sln:powNazwa><sln:wojIIPId>d021c0dd-b22e-4fcd-8444-904c64ec3aa8</sln:wojIIPId><sln:wojIIPPn>PL.PZGIK.200</sln:wojIIPPn><sln:wojIIPWersja>2012-09-27T13:45:13+02:00</sln:wojIIPWersja><sln:wojIdTeryt>26</sln:wojIdTeryt><sln:wojNazwa>świętokrzyskie</sln:wojNazwa></sln:miejscowosc><sln:miejscowosc><sln:cyklZyciaOd>2014-12-06T00:00:00+01:00</sln:cyklZyciaOd><sln:gmIIPId>15bf78a0-bf00-46a0-9ba5-a4eaca54fc19</sln:gmIIPId><sln:gmIIPPn>PL.PZGIK.200</sln:gmIIPPn><sln:gmIIPWersja>2012-09-26T22:19:09+02:00</sln:gmIIPWersja><sln:gmIdTeryt>2606053</sln:gmIdTeryt><sln:gmNazwa>Ożarów</sln:gmNazwa><sln:miejscIIPId>6d041c66-f320-4edc-91ff-ee07acb69ea8</sln:miejscIIPId><sln:miejscIIPPn>PL.PZGIK.200</sln:miejscIIPPn><sln:miejscIIPWersja>2016-11-24T13:54:00+02:00</sln:miejscIIPWersja><sln:miejscIdTeryt>1018350</sln:miejscIdTeryt><sln:miejscNazwa>Ogrody</sln:miejscNazwa><sln:miejscRodzaj>Osada</sln:miejscRodzaj><sln:powIIPId>6c31ebe8-0f8a-49ee-ba2d-caa0bccfd006</sln:powIIPId><sln:powIIPPn>PL.PZGIK.200</sln:powIIPPn><sln:powIIPWersja>2012-09-27T09:32:07+02:00</sln:powIIPWersja><sln:powIdTeryt>2606</sln:powIdTeryt><sln:powNazwa>opatowski</sln:powNazwa><sln:wojIIPId>d021c0dd-b22e-4fcd-8444-904c64ec3aa8</sln:wojIIPId><sln:wojIIPPn>PL.PZGIK.200</sln:wojIIPPn><sln:wojIIPWersja>2012-09-27T13:45:13+02:00</sln:wojIIPWersja><sln:wojIdTeryt>26</sln:wojIdTeryt><sln:wojNazwa>świętokrzyskie</sln:wojNazwa></sln:miejscowosc><sln:miejscowosc><sln:cyklZyciaOd>2014-12-06T00:00:00+01:00</sln:cyklZyciaOd><sln:gmIIPId>15bf78a0-bf00-46a0-9ba5-a4eaca54fc19</sln:gmIIPId><sln:gmIIPPn>PL.PZGIK.200</sln:gmIIPPn><sln:gmIIPWersja>2012-09-26T22:19:09+02:00</sln:gmIIPWersja><sln:gmIdTeryt>2606053</sln:gmIdTeryt><sln:gmNazwa>Ożarów</sln:gmNazwa><sln:miejscIIPId>47270d45-acbb-46ad-8dd4-f2f23e4d9107</sln:miejscIIPId><sln:miejscIIPPn>PL.PZGIK.200</sln:miejscIIPPn><sln:miejscIIPWersja>2016-11-24T13:50:44+02:00</sln:miejscIIPWersja><sln:miejscIdTeryt>0802981</sln:miejscIdTeryt><sln:miejscNazwa>Stanisławów</sln:miejscNazwa><sln:miejscRodzaj>Inny obiekt</sln:miejscRodzaj><sln:powIIPId>6c31ebe8-0f8a-49ee-ba2d-caa0bccfd006</sln:powIIPId><sln:powIIPPn>PL.PZGIK.200</sln:powIIPPn><sln:powIIPWersja>2012-09-27T09:32:07+02:00</sln:powIIPWersja><sln:powIdTeryt>2606</sln:powIdTeryt><sln:powNazwa>opatowski</sln:powNazwa><sln:wojIIPId>d021c0dd-b22e-4fcd-8444-904c64ec3aa8</sln:wojIIPId><sln:wojIIPPn>PL.PZGIK.200</sln:wojIIPPn><sln:wojIIPWersja>2012-09-27T13:45:13+02:00</sln:wojIIPWersja><sln:wojIdTeryt>26</sln:wojIdTeryt><sln:wojNazwa>świętokrzyskie</sln:wojNazwa></sln:miejscowosc><sln:miejscowosc><sln:cyklZyciaOd>2014-12-06T00:00:00+01:00</sln:cyklZyciaOd><sln:gmIIPId>15bf78a0-bf00-46a0-9ba5-a4eaca54fc19</sln:gmIIPId><sln:gmIIPPn>PL.PZGIK.200</sln:gmIIPPn><sln:gmIIPWersja>2012-09-26T22:19:09+02:00</sln:gmIIPWersja><sln:gmIdTeryt>2606053</sln:gmIdTeryt><sln:gmNazwa>Ożarów</sln:gmNazwa><sln:miejscIIPId>1b35996a-7fc5-45ab-9712-db3d53983bd8</sln:miejscIIPId><sln:miejscIIPPn>PL.PZGIK.200</sln:miejscIIPPn><sln:miejscIIPWersja>2016-11-24T13:48:26+02:00</sln:miejscIIPWersja><sln:miejscIdTeryt>0802870</sln:miejscIdTeryt><sln:miejscNazwa>Klin Mierzanowski</sln:miejscNazwa><sln:miejscRodzaj>Inny obiekt</sln:miejscRodzaj><sln:powIIPId>6c31ebe8-0f8a-49ee-ba2d-caa0bccfd006</sln:powIIPId><sln:powIIPPn>PL.PZGIK.200</sln:powIIPPn><sln:powIIPWersja>2012-09-27T09:32:07+02:00</sln:powIIPWersja><sln:powIdTeryt>2606</sln:powIdTeryt><sln:powNazwa>opatowski</sln:powNazwa><sln:wojIIPId>d021c0dd-b22e-4fcd-8444-904c64ec3aa8</sln:wojIIPId><sln:wojIIPPn>PL.PZGIK.200</sln:wojIIPPn><sln:wojIIPWersja>2012-09-27T13:45:13+02:00</sln:wojIIPWersja><sln:wojIdTeryt>26</sln:wojIdTeryt><sln:wojNazwa>świętokrzyskie</sln:wojNazwa></sln:miejscowosc><sln:miejscowosc><sln:cyklZyciaOd>2014-12-06T00:00:00+01:00</sln:cyklZyciaOd><sln:gmIIPId>15bf78a0-bf00-46a0-9ba5-a4eaca54fc19</sln:gmIIPId><sln:gmIIPPn>PL.PZGIK.200</sln:gmIIPPn><sln:gmIIPWersja>2012-09-26T22:19:09+02:00</sln:gmIIPWersja><sln:gmIdTeryt>2606053</sln:gmIdTeryt><sln:gmNazwa>Ożarów</sln:gmNazwa><sln:miejscIIPId>41140ab6-e393-4041-a4d2-9eaf382ddce8</sln:miejscIIPId><sln:miejscIIPPn>PL.PZGIK.200</sln:miejscIIPPn><sln:miejscIIPWersja>2016-11-24T13:33:29+02:00</sln:miejscIIPWersja><sln:miejscIdTeryt>0802946</sln:miejscIdTeryt><sln:miejscNazwa>Wojciechówka</sln:miejscNazwa><sln:miejscRodzaj>Wieś</sln:miejscRodzaj><sln:powIIPId>6c31ebe8-0f8a-49ee-ba2d-caa0bccfd006</sln:powIIPId><sln:powIIPPn>PL.PZGIK.200</sln:powIIPPn><sln:powIIPWersja>2012-09-27T09:32:07+02:00</sln:powIIPWersja><sln:powIdTeryt>2606</sln:powIdTeryt><sln:powNazwa>opatowski</sln:powNazwa><sln:wojIIPId>d021c0dd-b22e-4fcd-8444-904c64ec3aa8</sln:wojIIPId><sln:wojIIPPn>PL.PZGIK.200</sln:wojIIPPn><sln:wojIIPWersja>2012-09-27T13:45:13+02:00</sln:wojIIPWersja><sln:wojIdTeryt>26</sln:wojIdTeryt><sln:wojNazwa>świętokrzyskie</sln:wojNazwa></sln:miejscowosc><sln:miejscowosc><sln:cyklZyciaOd>2014-12-06T00:00:00+01:00</sln:cyklZyciaOd><sln:gmIIPId>15bf78a0-bf00-46a0-9ba5-a4eaca54fc19</sln:gmIIPId><sln:gmIIPPn>PL.PZGIK.200</sln:gmIIPPn><sln:gmIIPWersja>2012-09-26T22:19:09+02:00</sln:gmIIPWersja><sln:gmIdTeryt>2606053</sln:gmIdTeryt><sln:gmNazwa>Ożarów</sln:gmNazwa><sln:miejscIIPId>5910387f-3e4d-4a64-9d28-902562e780a7</sln:miejscIIPId><sln:miejscIIPPn>PL.PZGIK.200</sln:miejscIIPPn><sln:miejscIIPWersja>2016-11-24T13:57:40+02:00</sln:miejscIIPWersja><sln:miejscIdTeryt>0802640</sln:miejscIdTeryt><sln:miejscNazwa>Łęg Rachowski</sln:miejscNazwa><sln:miejscRodzaj>Inny obiekt</sln:miejscRodzaj><sln:powIIPId>6c31ebe8-0f8a-49ee-ba2d-caa0bccfd006</sln:powIIPId><sln:powIIPPn>PL.PZGIK.200</sln:powIIPPn><sln:powIIPWersja>2012-09-27T09:32:07+02:00</sln:powIIPWersja><sln:powIdTeryt>2606</sln:powIdTeryt><sln:powNazwa>opatowski</sln:powNazwa><sln:wojIIPId>d021c0dd-b22e-4fcd-8444-904c64ec3aa8</sln:wojIIPId><sln:wojIIPPn>PL.PZGIK.200</sln:wojIIPPn><sln:wojIIPWersja>2012-09-27T13:45:13+02:00</sln:wojIIPWersja><sln:wojIdTeryt>26</sln:wojIdTeryt><sln:wojNazwa>świętokrzyskie</sln:wojNazwa></sln:miejscowosc><sln:miejscowosc><sln:cyklZyciaOd>2014-12-06T00:00:00+01:00</sln:cyklZyciaOd><sln:gmIIPId>15bf78a0-bf00-46a0-9ba5-a4eaca54fc19</sln:gmIIPId><sln:gmIIPPn>PL.PZGIK.200</sln:gmIIPPn><sln:gmIIPWersja>2012-09-26T22:19:09+02:00</sln:gmIIPWersja><sln:gmIdTeryt>2606053</sln:gmIdTeryt><sln:gmNazwa>Ożarów</sln:gmNazwa><sln:miejscIIPId>11437d94-959a-46cb-aafa-74015c1b55ec</sln:miejscIIPId><sln:miejscIIPPn>PL.PZGIK.200</sln:miejscIIPPn><sln:miejscIIPWersja>2016-11-24T13:54:56+02:00</sln:miejscIIPWersja><sln:miejscIdTeryt>0802567</sln:miejscIdTeryt><sln:miejscNazwa>Pod Bidzianami</sln:miejscNazwa><sln:miejscRodzaj>Inny obiekt</sln:miejscRodzaj><sln:powIIPId>6c31ebe8-0f8a-49ee-ba2d-caa0bccfd006</sln:powIIPId><sln:powIIPPn>PL.PZGIK.200</sln:powIIPPn><sln:powIIPWersja>2012-09-27T09:32:07+02:00</sln:powIIPWersja><sln:powIdTeryt>2606</sln:powIdTeryt><sln:powNazwa>opatowski</sln:powNazwa><sln:wojIIPId>d021c0dd-b22e-4fcd-8444-904c64ec3aa8</sln:wojIIPId><sln:wojIIPPn>PL.PZGIK.200</sln:wojIIPPn><sln:wojIIPWersja>2012-09-27T13:45:13+02:00</sln:wojIIPWersja><sln:wojIdTeryt>26</sln:wojIdTeryt><sln:wojNazwa>świętokrzyskie</sln:wojNazwa></sln:miejscowosc><sln:miejscowosc><sln:cyklZyciaOd>2014-12-06T00:00:00+01:00</sln:cyklZyciaOd><sln:gmIIPId>15bf78a0-bf00-46a0-9ba5-a4eaca54fc19</sln:gmIIPId><sln:gmIIPPn>PL.PZGIK.200</sln:gmIIPPn><sln:gmIIPWersja>2012-09-26T22:19:09+02:00</sln:gmIIPWersja><sln:gmIdTeryt>2606053</sln:gmIdTeryt><sln:gmNazwa>Ożarów</sln:gmNazwa><sln:miejscIIPId>642aea98-afcf-4a9d-a33c-97fa6256a2b5</sln:miejscIIPId><sln:miejscIIPPn>PL.PZGIK.200</sln:miejscIIPPn><sln:miejscIIPWersja>2016-11-24T13:54:55+02:00</sln:miejscIIPWersja><sln:miejscIdTeryt>0802484</sln:miejscIdTeryt><sln:miejscNazwa>Błonie</sln:miejscNazwa><sln:miejscRodzaj>Inny obiekt</sln:miejscRodzaj><sln:powIIPId>6c31ebe8-0f8a-49ee-ba2d-caa0bccfd006</sln:powIIPId><sln:powIIPPn>PL.PZGIK.200</sln:powIIPPn><sln:powIIPWersja>2012-09-27T09:32:07+02:00</sln:powIIPWersja><sln:powIdTeryt>2606</sln:powIdTeryt><sln:powNazwa>opatowski</sln:powNazwa><sln:wojIIPId>d021c0dd-b22e-4fcd-8444-904c64ec3aa8</sln:wojIIPId><sln:wojIIPPn>PL.PZGIK.200</sln:wojIIPPn><sln:wojIIPWersja>2012-09-27T13:45:13+02:00</sln:wojIIPWersja><sln:wojIdTeryt>26</sln:wojIdTeryt><sln:wojNazwa>świętokrzyskie</sln:wojNazwa></sln:miejscowosc><sln:miejscowosc><sln:cyklZyciaOd>2014-12-06T00:00:00+01:00</sln:cyklZyciaOd><sln:gmIIPId>15bf78a0-bf00-46a0-9ba5-a4eaca54fc19</sln:gmIIPId><sln:gmIIPPn>PL.PZGIK.200</sln:gmIIPPn><sln:gmIIPWersja>2012-09-26T22:19:09+02:00</sln:gmIIPWersja><sln:gmIdTeryt>2606053</sln:gmIdTeryt><sln:gmNazwa>Ożarów</sln:gmNazwa><sln:miejscIIPId>d38873f4-4e91-423c-a809-6ad25010592b</sln:miejscIIPId><sln:miejscIIPPn>PL.PZGIK.200</sln:miejscIIPPn><sln:miejscIIPWersja>2016-11-24T13:54:55+02:00</sln:miejscIIPWersja><sln:miejscIdTeryt>1018373</sln:miejscIdTeryt><sln:miejscNazwa>Podgaje</sln:miejscNazwa><sln:miejscRodzaj>Osada</sln:miejscRodzaj><sln:powIIPId>6c31ebe8-0f8a-49ee-ba2d-caa0bccfd006</sln:powIIPId><sln:powIIPPn>PL.PZGIK.200</sln:powIIPPn><sln:powIIPWersja>2012-09-27T09:32:07+02:00</sln:powIIPWersja><sln:powIdTeryt>2606</sln:powIdTeryt><sln:powNazwa>opatowski</sln:powNazwa><sln:wojIIPId>d021c0dd-b22e-4fcd-8444-904c64ec3aa8</sln:wojIIPId><sln:wojIIPPn>PL.PZGIK.200</sln:wojIIPPn><sln:wojIIPWersja>2012-09-27T13:45:13+02:00</sln:wojIIPWersja><sln:wojIdTeryt>26</sln:wojIdTeryt><sln:wojNazwa>świętokrzyskie</sln:wojNazwa></sln:miejscowosc><sln:miejscowosc><sln:cyklZyciaOd>2014-12-06T00:00:00+01:00</sln:cyklZyciaOd><sln:gmIIPId>15bf78a0-bf00-46a0-9ba5-a4eaca54fc19</sln:gmIIPId><sln:gmIIPPn>PL.PZGIK.200</sln:gmIIPPn><sln:gmIIPWersja>2012-09-26T22:19:09+02:00</sln:gmIIPWersja><sln:gmIdTeryt>2606053</sln:gmIdTeryt><sln:gmNazwa>Ożarów</sln:gmNazwa><sln:miejscIIPId>0dcd1a3b-f6c8-4da7-91a9-bfe4fec05076</sln:miejscIIPId><sln:miejscIIPPn>PL.PZGIK.200</sln:miejscIIPPn><sln:miejscIIPWersja>2016-11-24T13:45:03+02:00</sln:miejscIIPWersja><sln:miejscIdTeryt>0802685</sln:miejscIdTeryt><sln:miejscNazwa>Koło Szosy</sln:miejscNazwa><sln:miejscRodzaj>Inny obiekt</sln:miejscRodzaj><sln:powIIPId>6c31ebe8-0f8a-49ee-ba2d-caa0bccfd006</sln:powIIPId><sln:powIIPPn>PL.PZGIK.200</sln:powIIPPn><sln:powIIPWersja>2012-09-27T09:32:07+02:00</sln:powIIPWersja><sln:powIdTeryt>2606</sln:powIdTeryt><sln:powNazwa>opatowski</sln:powNazwa><sln:wojIIPId>d021c0dd-b22e-4fcd-8444-904c64ec3aa8</sln:wojIIPId><sln:wojIIPPn>PL.PZGIK.200</sln:wojIIPPn><sln:wojIIPWersja>2012-09-27T13:45:13+02:00</sln:wojIIPWersja><sln:wojIdTeryt>26</sln:wojIdTeryt><sln:wojNazwa>świętokrzyskie</sln:wojNazwa></sln:miejscowosc><sln:miejscowosc><sln:cyklZyciaOd>2014-12-06T00:00:00+01:00</sln:cyklZyciaOd><sln:gmIIPId>15bf78a0-bf00-46a0-9ba5-a4eaca54fc19</sln:gmIIPId><sln:gmIIPPn>PL.PZGIK.200</sln:gmIIPPn><sln:gmIIPWersja>2012-09-26T22:19:09+02:00</sln:gmIIPWersja><sln:gmIdTeryt>2606053</sln:gmIdTeryt><sln:gmNazwa>Ożarów</sln:gmNazwa><sln:miejscIIPId>c3388717-8f87-44f5-8e2f-d1473497bcf2</sln:miejscIIPId><sln:miejscIIPPn>PL.PZGIK.200</sln:miejscIIPPn><sln:miejscIIPWersja>2016-11-24T13:31:41+02:00</sln:miejscIIPWersja><sln:miejscIdTeryt>0802811</sln:miejscIdTeryt><sln:miejscNazwa>Suchodółka</sln:miejscNazwa><sln:miejscRodzaj>Wieś</sln:miejscRodzaj><sln:powIIPId>6c31ebe8-0f8a-49ee-ba2d-caa0bccfd006</sln:powIIPId><sln:powIIPPn>PL.PZGIK.200</sln:powIIPPn><sln:powIIPWersja>2012-09-27T09:32:07+02:00</sln:powIIPWersja><sln:powIdTeryt>2606</sln:powIdTeryt><sln:powNazwa>opatowski</sln:powNazwa><sln:wojIIPId>d021c0dd-b22e-4fcd-8444-904c64ec3aa8</sln:wojIIPId><sln:wojIIPPn>PL.PZGIK.200</sln:wojIIPPn><sln:wojIIPWersja>2012-09-27T13:45:13+02:00</sln:wojIIPWersja><sln:wojIdTeryt>26</sln:wojIdTeryt><sln:wojNazwa>świętokrzyskie</sln:wojNazwa></sln:miejscowosc><sln:miejscowosc><sln:cyklZyciaOd>2014-12-06T00:00:00+01:00</sln:cyklZyciaOd><sln:gmIIPId>15bf78a0-bf00-46a0-9ba5-a4eaca54fc19</sln:gmIIPId><sln:gmIIPPn>PL.PZGIK.200</sln:gmIIPPn><sln:gmIIPWersja>2012-09-26T22:19:09+02:00</sln:gmIIPWersja><sln:gmIdTeryt>2606053</sln:gmIdTeryt><sln:gmNazwa>Ożarów</sln:gmNazwa><sln:miejscIIPId>dcf85ad2-77b3-4aae-9bff-1435ada8bcbd</sln:miejscIIPId><sln:miejscIIPPn>PL.PZGIK.200</sln:miejscIIPPn><sln:miejscIIPWersja>2016-11-24T13:32:07+02:00</sln:miejscIIPWersja><sln:miejscIdTeryt>0802863</sln:miejscIdTeryt><sln:miejscNazwa>Śródborze</sln:miejscNazwa><sln:miejscRodzaj>Wieś</sln:miejscRodzaj><sln:powIIPId>6c31ebe8-0f8a-49ee-ba2d-caa0bccfd006</sln:powIIPId><sln:powIIPPn>PL.PZGIK.200</sln:powIIPPn><sln:powIIPWersja>2012-09-27T09:32:07+02:00</sln:powIIPWersja><sln:powIdTeryt>2606</sln:powIdTeryt><sln:powNazwa>opatowski</sln:powNazwa><sln:wojIIPId>d021c0dd-b22e-4fcd-8444-904c64ec3aa8</sln:wojIIPId><sln:wojIIPPn>PL.PZGIK.200</sln:wojIIPPn><sln:wojIIPWersja>2012-09-27T13:45:13+02:00</sln:wojIIPWersja><sln:wojIdTeryt>26</sln:wojIdTeryt><sln:wojNazwa>świętokrzyskie</sln:wojNazwa></sln:miejscowosc><sln:miejscowosc><sln:cyklZyciaOd>2014-12-06T00:00:00+01:00</sln:cyklZyciaOd><sln:gmIIPId>15bf78a0-bf00-46a0-9ba5-a4eaca54fc19</sln:gmIIPId><sln:gmIIPPn>PL.PZGIK.200</sln:gmIIPPn><sln:gmIIPWersja>2012-09-26T22:19:09+02:00</sln:gmIIPWersja><sln:gmIdTeryt>2606053</sln:gmIdTeryt><sln:gmNazwa>Ożarów</sln:gmNazwa><sln:miejscIIPId>6aaea1be-a5e9-4fa3-a7f7-e29052d513b4</sln:miejscIIPId><sln:miejscIIPPn>PL.PZGIK.200</sln:miejscIIPPn><sln:miejscIIPWersja>2016-11-24T13:28:53+02:00</sln:miejscIIPWersja><sln:miejscIdTeryt>0802700</sln:miejscIdTeryt><sln:miejscNazwa>Potok-Kolonia</sln:miejscNazwa><sln:miejscRodzaj>Wieś</sln:miejscRodzaj><sln:powIIPId>6c31ebe8-0f8a-49ee-ba2d-caa0bccfd006</sln:powIIPId><sln:powIIPPn>PL.PZGIK.200</sln:powIIPPn><sln:powIIPWersja>2012-09-27T09:32:07+02:00</sln:powIIPWersja><sln:powIdTeryt>2606</sln:powIdTeryt><sln:powNazwa>opatowski</sln:powNazwa><sln:wojIIPId>d021c0dd-b22e-4fcd-8444-904c64ec3aa8</sln:wojIIPId><sln:wojIIPPn>PL.PZGIK.200</sln:wojIIPPn><sln:wojIIPWersja>2012-09-27T13:45:13+02:00</sln:wojIIPWersja><sln:wojIdTeryt>26</sln:wojIdTeryt><sln:wojNazwa>świętokrzyskie</sln:wojNazwa></sln:miejscowosc><sln:miejscowosc><sln:cyklZyciaOd>2014-12-06T00:00:00+01:00</sln:cyklZyciaOd><sln:gmIIPId>15bf78a0-bf00-46a0-9ba5-a4eaca54fc19</sln:gmIIPId><sln:gmIIPPn>PL.PZGIK.200</sln:gmIIPPn><sln:gmIIPWersja>2012-09-26T22:19:09+02:00</sln:gmIIPWersja><sln:gmIdTeryt>2606053</sln:gmIdTeryt><sln:gmNazwa>Ożarów</sln:gmNazwa><sln:miejscIIPId>b21f5e93-55cf-44b4-b06a-e7a944b8a561</sln:miejscIIPId><sln:miejscIIPPn>PL.PZGIK.200</sln:miejscIIPPn><sln:miejscIIPWersja>2016-11-24T13:50:44+02:00</sln:miejscIIPWersja><sln:miejscIdTeryt>0802975</sln:miejscIdTeryt><sln:miejscNazwa>Gorzelnia</sln:miejscNazwa><sln:miejscRodzaj>Inny obiekt</sln:miejscRodzaj><sln:powIIPId>6c31ebe8-0f8a-49ee-ba2d-caa0bccfd006</sln:powIIPId><sln:powIIPPn>PL.PZGIK.200</sln:powIIPPn><sln:powIIPWersja>2012-09-27T09:32:07+02:00</sln:powIIPWersja><sln:powIdTeryt>2606</sln:powIdTeryt><sln:powNazwa>opatowski</sln:powNazwa><sln:wojIIPId>d021c0dd-b22e-4fcd-8444-904c64ec3aa8</sln:wojIIPId><sln:wojIIPPn>PL.PZGIK.200</sln:wojIIPPn><sln:wojIIPWersja>2012-09-27T13:45:13+02:00</sln:wojIIPWersja><sln:wojIdTeryt>26</sln:wojIdTeryt><sln:wojNazwa>świętokrzyskie</sln:wojNazwa></sln:miejscowosc><sln:miejscowosc><sln:cyklZyciaOd>2014-12-06T00:00:00+01:00</sln:cyklZyciaOd><sln:gmIIPId>15bf78a0-bf00-46a0-9ba5-a4eaca54fc19</sln:gmIIPId><sln:gmIIPPn>PL.PZGIK.200</sln:gmIIPPn><sln:gmIIPWersja>2012-09-26T22:19:09+02:00</sln:gmIIPWersja><sln:gmIdTeryt>2606053</sln:gmIdTeryt><sln:gmNazwa>Ożarów</sln:gmNazwa><sln:miejscIIPId>bc8358d9-b8cd-4c32-b502-c445bfa096c2</sln:miejscIIPId><sln:miejscIIPPn>PL.PZGIK.200</sln:miejscIIPPn><sln:miejscIIPWersja>2016-11-24T13:54:55+02:00</sln:miejscIIPWersja><sln:miejscIdTeryt>0802449</sln:miejscIdTeryt><sln:miejscNazwa>Jakubowice-Kolonia</sln:miejscNazwa><sln:miejscRodzaj>Inny obiekt</sln:miejscRodzaj><sln:powIIPId>6c31ebe8-0f8a-49ee-ba2d-caa0bccfd006</sln:powIIPId><sln:powIIPPn>PL.PZGIK.200</sln:powIIPPn><sln:powIIPWersja>2012-09-27T09:32:07+02:00</sln:powIIPWersja><sln:powIdTeryt>2606</sln:powIdTeryt><sln:powNazwa>opatowski</sln:powNazwa><sln:wojIIPId>d021c0dd-b22e-4fcd-8444-904c64ec3aa8</sln:wojIIPId><sln:wojIIPPn>PL.PZGIK.200</sln:wojIIPPn><sln:wojIIPWersja>2012-09-27T13:45:13+02:00</sln:wojIIPWersja><sln:wojIdTeryt>26</sln:wojIdTeryt><sln:wojNazwa>świętokrzyskie</sln:wojNazwa></sln:miejscowosc><sln:miejscowosc><sln:cyklZyciaOd>2014-12-06T00:00:00+01:00</sln:cyklZyciaOd><sln:gmIIPId>15bf78a0-bf00-46a0-9ba5-a4eaca54fc19</sln:gmIIPId><sln:gmIIPPn>PL.PZGIK.200</sln:gmIIPPn><sln:gmIIPWersja>2012-09-26T22:19:09+02:00</sln:gmIIPWersja><sln:gmIdTeryt>2606053</sln:gmIdTeryt><sln:gmNazwa>Ożarów</sln:gmNazwa><sln:miejscIIPId>8186b7a0-f658-40e8-bb5a-a907d796c799</sln:miejscIIPId><sln:miejscIIPPn>PL.PZGIK.200</sln:miejscIIPPn><sln:miejscIIPWersja>2016-11-24T13:54:56+02:00</sln:miejscIIPWersja><sln:miejscIdTeryt>0802544</sln:miejscIdTeryt><sln:miejscNazwa>Piotrów</sln:miejscNazwa><sln:miejscRodzaj>Inny obiekt</sln:miejscRodzaj><sln:powIIPId>6c31ebe8-0f8a-49ee-ba2d-caa0bccfd006</sln:powIIPId><sln:powIIPPn>PL.PZGIK.200</sln:powIIPPn><sln:powIIPWersja>2012-09-27T09:32:07+02:00</sln:powIIPWersja><sln:powIdTeryt>2606</sln:powIdTeryt><sln:powNazwa>opatowski</sln:powNazwa><sln:wojIIPId>d021c0dd-b22e-4fcd-8444-904c64ec3aa8</sln:wojIIPId><sln:wojIIPPn>PL.PZGIK.200</sln:wojIIPPn><sln:wojIIPWersja>2012-09-27T13:45:13+02:00</sln:wojIIPWersja><sln:wojIdTeryt>26</sln:wojIdTeryt><sln:wojNazwa>świętokrzyskie</sln:wojNazwa></sln:miejscowosc><sln:miejscowosc><sln:cyklZyciaOd>2014-12-06T00:00:00+01:00</sln:cyklZyciaOd><sln:gmIIPId>15bf78a0-bf00-46a0-9ba5-a4eaca54fc19</sln:gmIIPId><sln:gmIIPPn>PL.PZGIK.200</sln:gmIIPPn><sln:gmIIPWersja>2012-09-26T22:19:09+02:00</sln:gmIIPWersja><sln:gmIdTeryt>2606053</sln:gmIdTeryt><sln:gmNazwa>Ożarów</sln:gmNazwa><sln:miejscIIPId>b5a7a583-01a4-462a-a064-4bd1c6ff6aab</sln:miejscIIPId><sln:miejscIIPPn>PL.PZGIK.200</sln:miejscIIPPn><sln:miejscIIPWersja>2016-11-24T13:28:42+02:00</sln:miejscIIPWersja><sln:miejscIdTeryt>0802679</sln:miejscIdTeryt><sln:miejscNazwa>Polesie Mikułowskie</sln:miejscNazwa><sln:miejscRodzaj>Wieś</sln:miejscRodzaj><sln:powIIPId>6c31ebe8-0f8a-49ee-ba2d-caa0bccfd006</sln:powIIPId><sln:powIIPPn>PL.PZGIK.200</sln:powIIPPn><sln:powIIPWersja>2012-09-27T09:32:07+02:00</sln:powIIPWersja><sln:powIdTeryt>2606</sln:powIdTeryt><sln:powNazwa>opatowski</sln:powNazwa><sln:wojIIPId>d021c0dd-b22e-4fcd-8444-904c64ec3aa8</sln:wojIIPId><sln:wojIIPPn>PL.PZGIK.200</sln:wojIIPPn><sln:wojIIPWersja>2012-09-27T13:45:13+02:00</sln:wojIIPWersja><sln:wojIdTeryt>26</sln:wojIdTeryt><sln:wojNazwa>świętokrzyskie</sln:wojNazwa></sln:miejscowosc><sln:miejscowosc><sln:cyklZyciaOd>2014-12-06T00:00:00+01:00</sln:cyklZyciaOd><sln:gmIIPId>15bf78a0-bf00-46a0-9ba5-a4eaca54fc19</sln:gmIIPId><sln:gmIIPPn>PL.PZGIK.200</sln:gmIIPPn><sln:gmIIPWersja>2012-09-26T22:19:09+02:00</sln:gmIIPWersja><sln:gmIdTeryt>2606053</sln:gmIdTeryt><sln:gmNazwa>Ożarów</sln:gmNazwa><sln:miejscIIPId>5f01ba35-feca-4d83-9418-ff8cecce9f11</sln:miejscIIPId><sln:miejscIIPPn>PL.PZGIK.200</sln:miejscIIPPn><sln:miejscIIPWersja>2016-11-24T13:47:16+02:00</sln:miejscIIPWersja><sln:miejscIdTeryt>1018367</sln:miejscIdTeryt><sln:miejscNazwa>Pod Dąbrówką</sln:miejscNazwa><sln:miejscRodzaj>Kolonia</sln:miejscRodzaj><sln:powIIPId>6c31ebe8-0f8a-49ee-ba2d-caa0bccfd006</sln:powIIPId><sln:powIIPPn>PL.PZGIK.200</sln:powIIPPn><sln:powIIPWersja>2012-09-27T09:32:07+02:00</sln:powIIPWersja><sln:powIdTeryt>2606</sln:powIdTeryt><sln:powNazwa>opatowski</sln:powNazwa><sln:wojIIPId>d021c0dd-b22e-4fcd-8444-904c64ec3aa8</sln:wojIIPId><sln:wojIIPPn>PL.PZGIK.200</sln:wojIIPPn><sln:wojIIPWersja>2012-09-27T13:45:13+02:00</sln:wojIIPWersja><sln:wojIdTeryt>26</sln:wojIdTeryt><sln:wojNazwa>świętokrzyskie</sln:wojNazwa></sln:miejscowosc><sln:miejscowosc><sln:cyklZyciaOd>2014-12-06T00:00:00+01:00</sln:cyklZyciaOd><sln:gmIIPId>15bf78a0-bf00-46a0-9ba5-a4eaca54fc19</sln:gmIIPId><sln:gmIIPPn>PL.PZGIK.200</sln:gmIIPPn><sln:gmIIPWersja>2012-09-26T22:19:09+02:00</sln:gmIIPWersja><sln:gmIdTeryt>2606053</sln:gmIdTeryt><sln:gmNazwa>Ożarów</sln:gmNazwa><sln:miejscIIPId>910d496d-78d2-4ff8-8fb8-38e978cc03d8</sln:miejscIIPId><sln:miejscIIPPn>PL.PZGIK.200</sln:miejscIIPPn><sln:miejscIIPWersja>2016-11-24T13:47:16+02:00</sln:miejscIIPWersja><sln:miejscIdTeryt>1018380</sln:miejscIdTeryt><sln:miejscNazwa>Poręba Wojciechowska</sln:miejscNazwa><sln:miejscRodzaj>Inny obiekt</sln:miejscRodzaj><sln:powIIPId>6c31ebe8-0f8a-49ee-ba2d-caa0bccfd006</sln:powIIPId><sln:powIIPPn>PL.PZGIK.200</sln:powIIPPn><sln:powIIPWersja>2012-09-27T09:32:07+02:00</sln:powIIPWersja><sln:powIdTeryt>2606</sln:powIdTeryt><sln:powNazwa>opatowski</sln:powNazwa><sln:wojIIPId>d021c0dd-b22e-4fcd-8444-904c64ec3aa8</sln:wojIIPId><sln:wojIIPPn>PL.PZGIK.200</sln:wojIIPPn><sln:wojIIPWersja>2012-09-27T13:45:13+02:00</sln:wojIIPWersja><sln:wojIdTeryt>26</sln:wojIdTeryt><sln:wojNazwa>świętokrzyskie</sln:wojNazwa></sln:miejscowosc><sln:miejscowosc><sln:cyklZyciaOd>2014-12-06T00:00:00+01:00</sln:cyklZyciaOd><sln:gmIIPId>15bf78a0-bf00-46a0-9ba5-a4eaca54fc19</sln:gmIIPId><sln:gmIIPPn>PL.PZGIK.200</sln:gmIIPPn><sln:gmIIPWersja>2012-09-26T22:19:09+02:00</sln:gmIIPWersja><sln:gmIdTeryt>2606053</sln:gmIdTeryt><sln:gmNazwa>Ożarów</sln:gmNazwa><sln:miejscIIPId>c022c34c-7907-42f8-8995-8ef8c662231a</sln:miejscIIPId><sln:miejscIIPPn>PL.PZGIK.200</sln:miejscIIPPn><sln:miejscIIPWersja>2016-11-24T13:47:16+02:00</sln:miejscIIPWersja><sln:miejscIdTeryt>0802768</sln:miejscIdTeryt><sln:miejscNazwa>Sobów-Folwark</sln:miejscNazwa><sln:miejscRodzaj>Inny obiekt</sln:miejscRodzaj><sln:powIIPId>6c31ebe8-0f8a-49ee-ba2d-caa0bccfd006</sln:powIIPId><sln:powIIPPn>PL.PZGIK.200</sln:powIIPPn><sln:powIIPWersja>2012-09-27T09:32:07+02:00</sln:powIIPWersja><sln:powIdTeryt>2606</sln:powIdTeryt><sln:powNazwa>opatowski</sln:powNazwa><sln:wojIIPId>d021c0dd-b22e-4fcd-8444-904c64ec3aa8</sln:wojIIPId><sln:wojIIPPn>PL.PZGIK.200</sln:wojIIPPn><sln:wojIIPWersja>2012-09-27T13:45:13+02:00</sln:wojIIPWersja><sln:wojIdTeryt>26</sln:wojIdTeryt><sln:wojNazwa>świętokrzyskie</sln:wojNazwa></sln:miejscowosc><sln:miejscowosc><sln:cyklZyciaOd>2014-12-06T00:00:00+01:00</sln:cyklZyciaOd><sln:gmIIPId>15bf78a0-bf00-46a0-9ba5-a4eaca54fc19</sln:gmIIPId><sln:gmIIPPn>PL.PZGIK.200</sln:gmIIPPn><sln:gmIIPWersja>2012-09-26T22:19:09+02:00</sln:gmIIPWersja><sln:gmIdTeryt>2606053</sln:gmIdTeryt><sln:gmNazwa>Ożarów</sln:gmNazwa><sln:miejscIIPId>9d7a1684-81c0-4c94-9e10-f1d27cba6d10</sln:miejscIIPId><sln:miejscIIPPn>PL.PZGIK.200</sln:miejscIIPPn><sln:miejscIIPWersja>2016-11-24T13:47:38+02:00</sln:miejscIIPWersja><sln:miejscIdTeryt>0802834</sln:miejscIdTeryt><sln:miejscNazwa>Szczury</sln:miejscNazwa><sln:miejscRodzaj>Inny obiekt</sln:miejscRodzaj><sln:powIIPId>6c31ebe8-0f8a-49ee-ba2d-caa0bccfd006</sln:powIIPId><sln:powIIPPn>PL.PZGIK.200</sln:powIIPPn><sln:powIIPWersja>2012-09-27T09:32:07+02:00</sln:powIIPWersja><sln:powIdTeryt>2606</sln:powIdTeryt><sln:powNazwa>opatowski</sln:powNazwa><sln:wojIIPId>d021c0dd-b22e-4fcd-8444-904c64ec3aa8</sln:wojIIPId><sln:wojIIPPn>PL.PZGIK.200</sln:wojIIPPn><sln:wojIIPWersja>2012-09-27T13:45:13+02:00</sln:wojIIPWersja><sln:wojIdTeryt>26</sln:wojIdTeryt><sln:wojNazwa>świętokrzyskie</sln:wojNazwa></sln:miejscowosc><sln:miejscowosc><sln:cyklZyciaOd>2014-12-06T00:00:00+01:00</sln:cyklZyciaOd><sln:gmIIPId>15bf78a0-bf00-46a0-9ba5-a4eaca54fc19</sln:gmIIPId><sln:gmIIPPn>PL.PZGIK.200</sln:gmIIPPn><sln:gmIIPWersja>2012-09-26T22:19:09+02:00</sln:gmIIPWersja><sln:gmIdTeryt>2606053</sln:gmIdTeryt><sln:gmNazwa>Ożarów</sln:gmNazwa><sln:miejscIIPId>8de515ef-1514-46a3-95cf-d135c212b950</sln:miejscIIPId><sln:miejscIIPPn>PL.PZGIK.200</sln:miejscIIPPn><sln:miejscIIPWersja>2016-11-24T13:38:30+02:00</sln:miejscIIPWersja><sln:miejscIdTeryt>0802490</sln:miejscIdTeryt><sln:miejscNazwa>Jankowice</sln:miejscNazwa><sln:miejscRodzaj>Wieś</sln:miejscRodzaj><sln:powIIPId>6c31ebe8-0f8a-49ee-ba2d-caa0bccfd006</sln:powIIPId><sln:powIIPPn>PL.PZGIK.200</sln:powIIPPn><sln:powIIPWersja>2012-09-27T09:32:07+02:00</sln:powIIPWersja><sln:powIdTeryt>2606</sln:powIdTeryt><sln:powNazwa>opatowski</sln:powNazwa><sln:wojIIPId>d021c0dd-b22e-4fcd-8444-904c64ec3aa8</sln:wojIIPId><sln:wojIIPPn>PL.PZGIK.200</sln:wojIIPPn><sln:wojIIPWersja>2012-09-27T13:45:13+02:00</sln:wojIIPWersja><sln:wojIdTeryt>26</sln:wojIdTeryt><sln:wojNazwa>świętokrzyskie</sln:wojNazwa></sln:miejscowosc><sln:miejscowosc><sln:cyklZyciaOd>2014-12-06T00:00:00+01:00</sln:cyklZyciaOd><sln:gmIIPId>15bf78a0-bf00-46a0-9ba5-a4eaca54fc19</sln:gmIIPId><sln:gmIIPPn>PL.PZGIK.200</sln:gmIIPPn><sln:gmIIPWersja>2012-09-26T22:19:09+02:00</sln:gmIIPWersja><sln:gmIdTeryt>2606053</sln:gmIdTeryt><sln:gmNazwa>Ożarów</sln:gmNazwa><sln:miejscIIPId>a8312f08-10cf-4654-a444-b4ed5876c4da</sln:miejscIIPId><sln:miejscIIPPn>PL.PZGIK.200</sln:miejscIIPPn><sln:miejscIIPWersja>2016-11-24T13:38:29+02:00</sln:miejscIIPWersja><sln:miejscIdTeryt>0802478</sln:miejscIdTeryt><sln:miejscNazwa>Janików</sln:miejscNazwa><sln:miejscRodzaj>Wieś</sln:miejscRodzaj><sln:powIIPId>6c31ebe8-0f8a-49ee-ba2d-caa0bccfd006</sln:powIIPId><sln:powIIPPn>PL.PZGIK.200</sln:powIIPPn><sln:powIIPWersja>2012-09-27T09:32:07+02:00</sln:powIIPWersja><sln:powIdTeryt>2606</sln:powIdTeryt><sln:powNazwa>opatowski</sln:powNazwa><sln:wojIIPId>d021c0dd-b22e-4fcd-8444-904c64ec3aa8</sln:wojIIPId><sln:wojIIPPn>PL.PZGIK.200</sln:wojIIPPn><sln:wojIIPWersja>2012-09-27T13:45:13+02:00</sln:wojIIPWersja><sln:wojIdTeryt>26</sln:wojIdTeryt><sln:wojNazwa>świętokrzyskie</sln:wojNazwa></sln:miejscowosc><sln:miejscowosc><sln:cyklZyciaOd>2014-12-06T00:00:00+01:00</sln:cyklZyciaOd><sln:gmIIPId>15bf78a0-bf00-46a0-9ba5-a4eaca54fc19</sln:gmIIPId><sln:gmIIPPn>PL.PZGIK.200</sln:gmIIPPn><sln:gmIIPWersja>2012-09-26T22:19:09+02:00</sln:gmIIPWersja><sln:gmIdTeryt>2606053</sln:gmIdTeryt><sln:gmNazwa>Ożarów</sln:gmNazwa><sln:miejscIIPId>35884658-321d-4a43-bfe3-763cf38ece3a</sln:miejscIIPId><sln:miejscIIPPn>PL.PZGIK.200</sln:miejscIIPPn><sln:miejscIIPWersja>2016-11-24T13:38:31+02:00</sln:miejscIIPWersja><sln:miejscIdTeryt>0802550</sln:miejscIdTeryt><sln:miejscNazwa>Janowice</sln:miejscNazwa><sln:miejscRodzaj>Wieś</sln:miejscRodzaj><sln:powIIPId>6c31ebe8-0f8a-49ee-ba2d-caa0bccfd006</sln:powIIPId><sln:powIIPPn>PL.PZGIK.200</sln:powIIPPn><sln:powIIPWersja>2012-09-27T09:32:07+02:00</sln:powIIPWersja><sln:powIdTeryt>2606</sln:powIdTeryt><sln:powNazwa>opatowski</sln:powNazwa><sln:wojIIPId>d021c0dd-b22e-4fcd-8444-904c64ec3aa8</sln:wojIIPId><sln:wojIIPPn>PL.PZGIK.200</sln:wojIIPPn><sln:wojIIPWersja>2012-09-27T13:45:13+02:00</sln:wojIIPWersja><sln:wojIdTeryt>26</sln:wojIdTeryt><sln:wojNazwa>świętokrzyskie</sln:wojNazwa></sln:miejscowosc><sln:miejscowosc><sln:cyklZyciaOd>2014-12-06T00:00:00+01:00</sln:cyklZyciaOd><sln:gmIIPId>15bf78a0-bf00-46a0-9ba5-a4eaca54fc19</sln:gmIIPId><sln:gmIIPPn>PL.PZGIK.200</sln:gmIIPPn><sln:gmIIPWersja>2012-09-26T22:19:09+02:00</sln:gmIIPWersja><sln:gmIdTeryt>2606053</sln:gmIdTeryt><sln:gmNazwa>Ożarów</sln:gmNazwa><sln:miejscIIPId>2f95aedd-80d0-4029-9145-97d08ed6ea96</sln:miejscIIPId><sln:miejscIIPPn>PL.PZGIK.200</sln:miejscIIPPn><sln:miejscIIPWersja>2016-11-24T13:30:56+02:00</sln:miejscIIPWersja><sln:miejscIdTeryt>0802745</sln:miejscIdTeryt><sln:miejscNazwa>Sobótka</sln:miejscNazwa><sln:miejscRodzaj>Wieś</sln:miejscRodzaj><sln:powIIPId>6c31ebe8-0f8a-49ee-ba2d-caa0bccfd006</sln:powIIPId><sln:powIIPPn>PL.PZGIK.200</sln:powIIPPn><sln:powIIPWersja>2012-09-27T09:32:07+02:00</sln:powIIPWersja><sln:powIdTeryt>2606</sln:powIdTeryt><sln:powNazwa>opatowski</sln:powNazwa><sln:wojIIPId>d021c0dd-b22e-4fcd-8444-904c64ec3aa8</sln:wojIIPId><sln:wojIIPPn>PL.PZGIK.200</sln:wojIIPPn><sln:wojIIPWersja>2012-09-27T13:45:13+02:00</sln:wojIIPWersja><sln:wojIdTeryt>26</sln:wojIdTeryt><sln:wojNazwa>świętokrzyskie</sln:wojNazwa></sln:miejscowosc><sln:miejscowosc><sln:cyklZyciaOd>2014-12-06T00:00:00+01:00</sln:cyklZyciaOd><sln:gmIIPId>15bf78a0-bf00-46a0-9ba5-a4eaca54fc19</sln:gmIIPId><sln:gmIIPPn>PL.PZGIK.200</sln:gmIIPPn><sln:gmIIPWersja>2012-09-26T22:19:09+02:00</sln:gmIIPWersja><sln:gmIdTeryt>2606053</sln:gmIdTeryt><sln:gmNazwa>Ożarów</sln:gmNazwa><sln:miejscIIPId>660981dc-605c-451b-9642-3f67f6230691</sln:miejscIIPId><sln:miejscIIPPn>PL.PZGIK.200</sln:miejscIIPPn><sln:miejscIIPWersja>2016-11-24T13:33:26+02:00</sln:miejscIIPWersja><sln:miejscIdTeryt>0802923</sln:miejscIdTeryt><sln:miejscNazwa>Wlonice</sln:miejscNazwa><sln:miejscRodzaj>Wieś</sln:miejscRodzaj><sln:powIIPId>6c31ebe8-0f8a-49ee-ba2d-caa0bccfd006</sln:powIIPId><sln:powIIPPn>PL.PZGIK.200</sln:powIIPPn><sln:powIIPWersja>2012-09-27T09:32:07+02:00</sln:powIIPWersja><sln:powIdTeryt>2606</sln:powIdTeryt><sln:powNazwa>opatowski</sln:powNazwa><sln:wojIIPId>d021c0dd-b22e-4fcd-8444-904c64ec3aa8</sln:wojIIPId><sln:wojIIPPn>PL.PZGIK.200</sln:wojIIPPn><sln:wojIIPWersja>2012-09-27T13:45:13+02:00</sln:wojIIPWersja><sln:wojIdTeryt>26</sln:wojIdTeryt><sln:wojNazwa>świętokrzyskie</sln:wojNazwa></sln:miejscowosc><sln:miejscowosc><sln:cyklZyciaOd>2014-12-06T00:00:00+01:00</sln:cyklZyciaOd><sln:gmIIPId>15bf78a0-bf00-46a0-9ba5-a4eaca54fc19</sln:gmIIPId><sln:gmIIPPn>PL.PZGIK.200</sln:gmIIPPn><sln:gmIIPWersja>2012-09-26T22:19:09+02:00</sln:gmIIPWersja><sln:gmIdTeryt>2606053</sln:gmIdTeryt><sln:gmNazwa>Ożarów</sln:gmNazwa><sln:miejscIIPId>18e8e54f-7a1c-4f04-ab36-1a55333434cf</sln:miejscIIPId><sln:miejscIIPPn>PL.PZGIK.200</sln:miejscIIPPn><sln:miejscIIPWersja>2016-11-24T13:30:56+02:00</sln:miejscIIPWersja><sln:miejscIdTeryt>0802751</sln:miejscIdTeryt><sln:miejscNazwa>Sobów</sln:miejscNazwa><sln:miejscRodzaj>Wieś</sln:miejscRodzaj><sln:powIIPId>6c31ebe8-0f8a-49ee-ba2d-caa0bccfd006</sln:powIIPId><sln:powIIPPn>PL.PZGIK.200</sln:powIIPPn><sln:powIIPWersja>2012-09-27T09:32:07+02:00</sln:powIIPWersja><sln:powIdTeryt>2606</sln:powIdTeryt><sln:powNazwa>opatowski</sln:powNazwa><sln:wojIIPId>d021c0dd-b22e-4fcd-8444-904c64ec3aa8</sln:wojIIPId><sln:wojIIPPn>PL.PZGIK.200</sln:wojIIPPn><sln:wojIIPWersja>2012-09-27T13:45:13+02:00</sln:wojIIPWersja><sln:wojIdTeryt>26</sln:wojIdTeryt><sln:wojNazwa>świętokrzyskie</sln:wojNazwa></sln:miejscowosc><sln:miejscowosc><sln:cyklZyciaOd>2014-12-06T00:00:00+01:00</sln:cyklZyciaOd><sln:gmIIPId>15bf78a0-bf00-46a0-9ba5-a4eaca54fc19</sln:gmIIPId><sln:gmIIPPn>PL.PZGIK.200</sln:gmIIPPn><sln:gmIIPWersja>2012-09-26T22:19:09+02:00</sln:gmIIPWersja><sln:gmIdTeryt>2606053</sln:gmIdTeryt><sln:gmNazwa>Ożarów</sln:gmNazwa><sln:miejscIIPId>105fd0de-1288-4b6e-9f46-17ecbaf756b8</sln:miejscIIPId><sln:miejscIIPPn>PL.PZGIK.200</sln:miejscIIPPn><sln:miejscIIPWersja>2016-11-24T13:35:43+02:00</sln:miejscIIPWersja><sln:miejscIdTeryt>0802372</sln:miejscIdTeryt><sln:miejscNazwa>Czachów</sln:miejscNazwa><sln:miejscRodzaj>Wieś</sln:miejscRodzaj><sln:powIIPId>6c31ebe8-0f8a-49ee-ba2d-caa0bccfd006</sln:powIIPId><sln:powIIPPn>PL.PZGIK.200</sln:powIIPPn><sln:powIIPWersja>2012-09-27T09:32:07+02:00</sln:powIIPWersja><sln:powIdTeryt>2606</sln:powIdTeryt><sln:powNazwa>opatowski</sln:powNazwa><sln:wojIIPId>d021c0dd-b22e-4fcd-8444-904c64ec3aa8</sln:wojIIPId><sln:wojIIPPn>PL.PZGIK.200</sln:wojIIPPn><sln:wojIIPWersja>2012-09-27T13:45:13+02:00</sln:wojIIPWersja><sln:wojIdTeryt>26</sln:wojIdTeryt><sln:wojNazwa>świętokrzyskie</sln:wojNazwa></sln:miejscowosc><sln:miejscowosc><sln:cyklZyciaOd>2014-12-06T00:00:00+01:00</sln:cyklZyciaOd><sln:gmIIPId>15bf78a0-bf00-46a0-9ba5-a4eaca54fc19</sln:gmIIPId><sln:gmIIPPn>PL.PZGIK.200</sln:gmIIPPn><sln:gmIIPWersja>2012-09-26T22:19:09+02:00</sln:gmIIPWersja><sln:gmIdTeryt>2606053</sln:gmIdTeryt><sln:gmNazwa>Ożarów</sln:gmNazwa><sln:miejscIIPId>d4c6a59c-adb6-499a-900f-6ddf7b3518fb</sln:miejscIIPId><sln:miejscIIPPn>PL.PZGIK.200</sln:miejscIIPPn><sln:miejscIIPWersja>2016-11-24T13:59:37+02:00</sln:miejscIIPWersja><sln:miejscIdTeryt>1018315</sln:miejscIdTeryt><sln:miejscNazwa>Folwarczysko</sln:miejscNazwa><sln:miejscRodzaj>Inny obiekt</sln:miejscRodzaj><sln:powIIPId>6c31ebe8-0f8a-49ee-ba2d-caa0bccfd006</sln:powIIPId><sln:powIIPPn>PL.PZGIK.200</sln:powIIPPn><sln:powIIPWersja>2012-09-27T09:32:07+02:00</sln:powIIPWersja><sln:powIdTeryt>2606</sln:powIdTeryt><sln:powNazwa>opatowski</sln:powNazwa><sln:wojIIPId>d021c0dd-b22e-4fcd-8444-904c64ec3aa8</sln:wojIIPId><sln:wojIIPPn>PL.PZGIK.200</sln:wojIIPPn><sln:wojIIPWersja>2012-09-27T13:45:13+02:00</sln:wojIIPWersja><sln:wojIdTeryt>26</sln:wojIdTeryt><sln:wojNazwa>świętokrzyskie</sln:wojNazwa></sln:miejscowosc><sln:miejscowosc><sln:cyklZyciaOd>2014-12-06T00:00:00+01:00</sln:cyklZyciaOd><sln:gmIIPId>15bf78a0-bf00-46a0-9ba5-a4eaca54fc19</sln:gmIIPId><sln:gmIIPPn>PL.PZGIK.200</sln:gmIIPPn><sln:gmIIPWersja>2012-09-26T22:19:09+02:00</sln:gmIIPWersja><sln:gmIdTeryt>2606053</sln:gmIdTeryt><sln:gmNazwa>Ożarów</sln:gmNazwa><sln:miejscIIPId>286c3431-4a1c-46cf-a32e-c0666adc8215</sln:miejscIIPId><sln:miejscIIPPn>PL.PZGIK.200</sln:miejscIIPPn><sln:miejscIIPWersja>2016-11-24T13:59:37+02:00</sln:miejscIIPWersja><sln:miejscIdTeryt>1018309</sln:miejscIdTeryt><sln:miejscNazwa>Bolesławów</sln:miejscNazwa><sln:miejscRodzaj>Inny obiekt</sln:miejscRodzaj><sln:powIIPId>6c31ebe8-0f8a-49ee-ba2d-caa0bccfd006</sln:powIIPId><sln:powIIPPn>PL.PZGIK.200</sln:powIIPPn><sln:powIIPWersja>2012-09-27T09:32:07+02:00</sln:powIIPWersja><sln:powIdTeryt>2606</sln:powIdTeryt><sln:powNazwa>opatowski</sln:powNazwa><sln:wojIIPId>d021c0dd-b22e-4fcd-8444-904c64ec3aa8</sln:wojIIPId><sln:wojIIPPn>PL.PZGIK.200</sln:wojIIPPn><sln:wojIIPWersja>2012-09-27T13:45:13+02:00</sln:wojIIPWersja><sln:wojIdTeryt>26</sln:wojIdTeryt><sln:wojNazwa>świętokrzyskie</sln:wojNazwa></sln:miejscowosc></sln:lista-miejscowosci>