<?xml version="1.0" encoding="UTF-8" standalone="yes"?><sln:lista-ulic xmlns:srv="http://gugik.gov.pl/schemas/slowniki-service/1.0" xmlns:sln="http://gugik.gov.pl/schemas/slowniki-schema/1.0"><sln:ulica><sln:cyklZyciaOd>2018-05-08T00:00:00+02:00</sln:cyklZyciaOd><sln:gmIIPId>f62628b5-5d31-4a4a-b4b2-df8b4420da27</sln:gmIIPId><sln:gmIIPPn>PL.PZGIK.200</sln:gmIIPPn><sln:gmIIPWersja>2012-09-26T22:31:05+02:00</sln:gmIIPWersja><sln:gmIdTeryt>0220052</sln:gmIdTeryt><sln:gmNazwa>Zawonia</sln:gmNazwa><sln:miejscIIPId>20988aa6-78a9-4e72-92bb-f7cafc85c03e</sln:miejscIIPId><sln:miejscIIPPn>PL.PZGIK.200</sln:miejscIIPPn><sln:miejscIIPWersja>2016-11-24T13:21:46+02:00</sln:miejscIIPWersja><sln:miejscIdTeryt>0883672</sln:miejscIdTeryt><sln:miejscNazwa>Czeszów</sln:miejscNazwa><sln:miejscRodzaj>Wieś</sln:miejscRodzaj><sln:powIIPId>a38a696f-defb-46a1-8387-a51f0009e992</sln:powIIPId><sln:powIIPPn>PL.PZGIK.200</sln:powIIPPn><sln:powIIPWersja>2012-09-27T07:36:28+02:00</sln:powIIPWersja><sln:powIdTeryt>0220</sln:powIdTeryt><sln:powNazwa>trzebnicki</sln:powNazwa><sln:ulIIPId>ae8af00b-9438-4eee-a530-ebe257de82b6</sln:ulIIPId><sln:ulIIPPn>PL.PZGIK.200</sln:ulIIPPn><sln:ulIIPWersja>2018-05-08T00:18:22+02:00</sln:ulIIPWersja><sln:ulNazwaGlowna>Stawowa</sln:ulNazwaGlowna><sln:ulTyp>ulica</sln:ulTyp><sln:waznyOd>2018-03-29T00:00:00+02:00</sln:waznyOd><sln:wojIIPId>f1ef3856-09ba-4e3d-af9d-a876794d570f</sln:wojIIPId><sln:wojIIPPn>PL.PZGIK.200</sln:wojIIPPn><sln:wojIIPWersja>2017-10-10T00:00:00+02:00</sln:wojIIPWersja><sln:wojIdTeryt>02</sln:wojIdTeryt><sln:wojNazwa>dolnośląskie</sln:wojNazwa></sln:ulica></sln:lista-ulic>