<?xml version="1.0" encoding="UTF-8" standalone="yes"?><sln:lista-ulic xmlns:srv="http://gugik.gov.pl/schemas/slowniki-service/1.0" xmlns:sln="http://gugik.gov.pl/schemas/slowniki-schema/1.0"><sln:ulica><sln:cyklZyciaDo>2018-05-08T00:00:00+02:00</sln:cyklZyciaDo><sln:cyklZyciaOd>2017-12-15T00:00:00+01:00</sln:cyklZyciaOd><sln:gmIIPId>0ef0ae9d-54b5-4282-bdad-c850960dafc5</sln:gmIIPId><sln:gmIIPPn>PL.PZGIK.200</sln:gmIIPPn><sln:gmIIPWersja>2013-07-12T12:58:51+02:00</sln:gmIIPWersja><sln:gmIdTeryt>0265011</sln:gmIdTeryt><sln:gmNazwa>Wałbrzych</sln:gmNazwa><sln:miejscIIPId>406ab98a-993e-49ff-b7e2-d8832d75bb5f</sln:miejscIIPId><sln:miejscIIPPn>PL.PZGIK.200</sln:miejscIIPPn><sln:miejscIIPWersja>2017-12-15T16:20:06+02:00</sln:miejscIIPWersja><sln:miejscIdTeryt>0983681</sln:miejscIdTeryt><sln:miejscNazwa>Wałbrzych</sln:miejscNazwa><sln:miejscRodzaj>Inny obiekt</sln:miejscRodzaj><sln:powIIPId>35e40755-7070-4ff7-bec7-b90773de500e</sln:powIIPId><sln:powIIPPn>PL.PZGIK.200</sln:powIIPPn><sln:powIIPWersja>2013-07-12T12:58:50+02:00</sln:powIIPWersja><sln:powIdTeryt>0265</sln:powIdTeryt><sln:powNazwa>Wałbrzych</sln:powNazwa><sln:ulIIPId>a9a76ed7-743d-4934-a354-90c39731ad8a</sln:ulIIPId><sln:ulIIPPn>PL.PZGIK.200</sln:ulIIPPn><sln:ulIIPWersja>2017-12-15T16:20:22+02:00</sln:ulIIPWersja><sln:ulIdTeryt>47212</sln:ulIdTeryt><sln:ulNazwaCzesc>Alfreda Witolda</sln:ulNazwaCzesc><sln:ulNazwaGlowna>Oruby</sln:ulNazwaGlowna><sln:ulTyp>ulica</sln:ulTyp><sln:wojIIPId>f1ef3856-09ba-4e3d-af9d-a876794d570f</sln:wojIIPId><sln:wojIIPPn>PL.PZGIK.200</sln:wojIIPPn><sln:wojIIPWersja>2017-10-10T00:00:00+02:00</sln:wojIIPWersja><sln:wojIdTeryt>02</sln:wojIdTeryt><sln:wojNazwa>dolnośląskie</sln:wojNazwa></sln:ulica><sln:ulica><sln:cyklZyciaOd>2018-05-08T00:00:00+02:00</sln:cyklZyciaOd><sln:gmIIPId>0ef0ae9d-54b5-4282-bdad-c850960dafc5</sln:gmIIPId><sln:gmIIPPn>PL.PZGIK.200</sln:gmIIPPn><sln:gmIIPWersja>2013-07-12T12:58:51+02:00</sln:gmIIPWersja><sln:gmIdTeryt>0265011</sln:gmIdTeryt><sln:gmNazwa>Wałbrzych</sln:gmNazwa><sln:miejscIIPId>406ab98a-993e-49ff-b7e2-d8832d75bb5f</sln:miejscIIPId><sln:miejscIIPPn>PL.PZGIK.200</sln:miejscIIPPn><sln:miejscIIPWersja>2017-12-15T16:20:06+02:00</sln:miejscIIPWersja><sln:miejscIdTeryt>0983681</sln:miejscIdTeryt><sln:miejscNazwa>Wałbrzych</sln:miejscNazwa><sln:miejscRodzaj>Inny obiekt</sln:miejscRodzaj><sln:powIIPId>35e40755-7070-4ff7-bec7-b90773de500e</sln:powIIPId><sln:powIIPPn>PL.PZGIK.200</sln:powIIPPn><sln:powIIPWersja>2013-07-12T12:58:50+02:00</sln:powIIPWersja><sln:powIdTeryt>0265</sln:powIdTeryt><sln:powNazwa>Wałbrzych</sln:powNazwa><sln:ulIIPId>a9a76ed7-743d-4934-a354-90c39731ad8a</sln:ulIIPId><sln:ulIIPPn>PL.PZGIK.200</sln:ulIIPPn><sln:ulIIPWersja>2018-05-08T10:18:35+02:00</sln:ulIIPWersja><sln:ulIdTeryt>47212</sln:ulIdTeryt><sln:ulNazwaCzesc>Alfreda Witolda</sln:ulNazwaCzesc><sln:ulNazwaGlowna>Oruby</sln:ulNazwaGlowna><sln:ulTyp>ulica</sln:ulTyp><sln:wojIIPId>f1ef3856-09ba-4e3d-af9d-a876794d570f</sln:wojIIPId><sln:wojIIPPn>PL.PZGIK.200</sln:wojIIPPn><sln:wojIIPWersja>2017-10-10T00:00:00+02:00</sln:wojIIPWersja><sln:wojIdTeryt>02</sln:wojIdTeryt><sln:wojNazwa>dolnośląskie</sln:wojNazwa></sln:ulica></sln:lista-ulic>