<?xml version="1.0" encoding="UTF-8" standalone="yes"?><sln:lista-miejscowosci xmlns:srv="http://gugik.gov.pl/schemas/slowniki-service/1.0" xmlns:sln="http://gugik.gov.pl/schemas/slowniki-schema/1.0"><sln:miejscowosc><sln:cyklZyciaDo>2018-05-08T00:00:00+02:00</sln:cyklZyciaDo><sln:cyklZyciaOd>2017-04-20T00:00:00+02:00</sln:cyklZyciaOd><sln:gmIIPId>22a378d0-bfc5-42af-951a-d78654f2e042</sln:gmIIPId><sln:gmIIPPn>PL.PZGIK.200</sln:gmIIPPn><sln:gmIIPWersja>2012-09-26T22:30:42+02:00</sln:gmIIPWersja><sln:gmIdTeryt>0215042</sln:gmIdTeryt><sln:gmNazwa>Oława</sln:gmNazwa><sln:miejscIIPId>a526f520-29d7-405f-baa7-b0186f6df263</sln:miejscIIPId><sln:miejscIIPPn>PL.PZGIK.200</sln:miejscIIPPn><sln:miejscIIPWersja>2017-04-20T15:11:54+02:00</sln:miejscIIPWersja><sln:miejscIdTeryt>0879446</sln:miejscIdTeryt><sln:miejscNazwa>Jankowice</sln:miejscNazwa><sln:miejscRodzaj>Wieś</sln:miejscRodzaj><sln:powIIPId>9d7a0ea7-4d52-4f6b-a185-c8a936064b15</sln:powIIPId><sln:powIIPPn>PL.PZGIK.200</sln:powIIPPn><sln:powIIPWersja>2012-09-27T07:36:28+02:00</sln:powIIPWersja><sln:powIdTeryt>0215</sln:powIdTeryt><sln:powNazwa>oławski</sln:powNazwa><sln:waznyOd>2013-08-06T00:00:00+02:00</sln:waznyOd><sln:wojIIPId>f1ef3856-09ba-4e3d-af9d-a876794d570f</sln:wojIIPId><sln:wojIIPPn>PL.PZGIK.200</sln:wojIIPPn><sln:wojIIPWersja>2017-10-10T00:00:00+02:00</sln:wojIIPWersja><sln:wojIdTeryt>02</sln:wojIdTeryt><sln:wojNazwa>dolnośląskie</sln:wojNazwa></sln:miejscowosc><sln:miejscowosc><sln:cyklZyciaDo>2018-05-08T00:00:00+02:00</sln:cyklZyciaDo><sln:cyklZyciaOd>2017-04-20T00:00:00+02:00</sln:cyklZyciaOd><sln:gmIIPId>22a378d0-bfc5-42af-951a-d78654f2e042</sln:gmIIPId><sln:gmIIPPn>PL.PZGIK.200</sln:gmIIPPn><sln:gmIIPWersja>2012-09-26T22:30:42+02:00</sln:gmIIPWersja><sln:gmIdTeryt>0215042</sln:gmIdTeryt><sln:gmNazwa>Oława</sln:gmNazwa><sln:miejscIIPId>9d8d5e4c-1a26-45b1-9592-b28760151c82</sln:miejscIIPId><sln:miejscIIPPn>PL.PZGIK.200</sln:miejscIIPPn><sln:miejscIIPWersja>2017-04-20T15:11:54+02:00</sln:miejscIIPWersja><sln:miejscIdTeryt>0879469</sln:miejscIdTeryt><sln:miejscNazwa>Lizawice</sln:miejscNazwa><sln:miejscRodzaj>Wieś</sln:miejscRodzaj><sln:powIIPId>9d7a0ea7-4d52-4f6b-a185-c8a936064b15</sln:powIIPId><sln:powIIPPn>PL.PZGIK.200</sln:powIIPPn><sln:powIIPWersja>2012-09-27T07:36:28+02:00</sln:powIIPWersja><sln:powIdTeryt>0215</sln:powIdTeryt><sln:powNazwa>oławski</sln:powNazwa><sln:waznyOd>2013-08-06T00:00:00+02:00</sln:waznyOd><sln:wojIIPId>f1ef3856-09ba-4e3d-af9d-a876794d570f</sln:wojIIPId><sln:wojIIPPn>PL.PZGIK.200</sln:wojIIPPn><sln:wojIIPWersja>2017-10-10T00:00:00+02:00</sln:wojIIPWersja><sln:wojIdTeryt>02</sln:wojIdTeryt><sln:wojNazwa>dolnośląskie</sln:wojNazwa></sln:miejscowosc><sln:miejscowosc><sln:cyklZyciaDo>2018-05-08T00:00:00+02:00</sln:cyklZyciaDo><sln:cyklZyciaOd>2017-04-20T00:00:00+02:00</sln:cyklZyciaOd><sln:gmIIPId>22a378d0-bfc5-42af-951a-d78654f2e042</sln:gmIIPId><sln:gmIIPPn>PL.PZGIK.200</sln:gmIIPPn><sln:gmIIPWersja>2012-09-26T22:30:42+02:00</sln:gmIIPWersja><sln:gmIdTeryt>0215042</sln:gmIdTeryt><sln:gmNazwa>Oława</sln:gmNazwa><sln:miejscIIPId>0a2ca6e4-bec3-44c4-a595-4c7d9323fdf4</sln:miejscIIPId><sln:miejscIIPPn>PL.PZGIK.200</sln:miejscIIPPn><sln:miejscIIPWersja>2017-04-20T15:11:54+02:00</sln:miejscIIPWersja><sln:miejscIdTeryt>0879475</sln:miejscIdTeryt><sln:miejscNazwa>Marcinkowice</sln:miejscNazwa><sln:miejscRodzaj>Wieś</sln:miejscRodzaj><sln:powIIPId>9d7a0ea7-4d52-4f6b-a185-c8a936064b15</sln:powIIPId><sln:powIIPPn>PL.PZGIK.200</sln:powIIPPn><sln:powIIPWersja>2012-09-27T07:36:28+02:00</sln:powIIPWersja><sln:powIdTeryt>0215</sln:powIdTeryt><sln:powNazwa>oławski</sln:powNazwa><sln:waznyOd>2013-08-06T00:00:00+02:00</sln:waznyOd><sln:wojIIPId>f1ef3856-09ba-4e3d-af9d-a876794d570f</sln:wojIIPId><sln:wojIIPPn>PL.PZGIK.200</sln:wojIIPPn><sln:wojIIPWersja>2017-10-10T00:00:00+02:00</sln:wojIIPWersja><sln:wojIdTeryt>02</sln:wojIdTeryt><sln:wojNazwa>dolnośląskie</sln:wojNazwa></sln:miejscowosc><sln:miejscowosc><sln:cyklZyciaDo>2018-05-08T00:00:00+02:00</sln:cyklZyciaDo><sln:cyklZyciaOd>2017-04-20T00:00:00+02:00</sln:cyklZyciaOd><sln:gmIIPId>22a378d0-bfc5-42af-951a-d78654f2e042</sln:gmIIPId><sln:gmIIPPn>PL.PZGIK.200</sln:gmIIPPn><sln:gmIIPWersja>2012-09-26T22:30:42+02:00</sln:gmIIPWersja><sln:gmIdTeryt>0215042</sln:gmIdTeryt><sln:gmNazwa>Oława</sln:gmNazwa><sln:miejscIIPId>1e75ab08-7534-436d-9a17-2263a11fc559</sln:miejscIIPId><sln:miejscIIPPn>PL.PZGIK.200</sln:miejscIIPPn><sln:miejscIIPWersja>2017-04-20T15:11:54+02:00</sln:miejscIIPWersja><sln:miejscIdTeryt>0879481</sln:miejscIdTeryt><sln:miejscNazwa>Marszowice</sln:miejscNazwa><sln:miejscRodzaj>Wieś</sln:miejscRodzaj><sln:powIIPId>9d7a0ea7-4d52-4f6b-a185-c8a936064b15</sln:powIIPId><sln:powIIPPn>PL.PZGIK.200</sln:powIIPPn><sln:powIIPWersja>2012-09-27T07:36:28+02:00</sln:powIIPWersja><sln:powIdTeryt>0215</sln:powIdTeryt><sln:powNazwa>oławski</sln:powNazwa><sln:waznyOd>2013-08-06T00:00:00+02:00</sln:waznyOd><sln:wojIIPId>f1ef3856-09ba-4e3d-af9d-a876794d570f</sln:wojIIPId><sln:wojIIPPn>PL.PZGIK.200</sln:wojIIPPn><sln:wojIIPWersja>2017-10-10T00:00:00+02:00</sln:wojIIPWersja><sln:wojIdTeryt>02</sln:wojIdTeryt><sln:wojNazwa>dolnośląskie</sln:wojNazwa></sln:miejscowosc><sln:miejscowosc><sln:cyklZyciaDo>2018-05-08T00:00:00+02:00</sln:cyklZyciaDo><sln:cyklZyciaOd>2017-04-20T00:00:00+02:00</sln:cyklZyciaOd><sln:gmIIPId>22a378d0-bfc5-42af-951a-d78654f2e042</sln:gmIIPId><sln:gmIIPPn>PL.PZGIK.200</sln:gmIIPPn><sln:gmIIPWersja>2012-09-26T22:30:42+02:00</sln:gmIIPWersja><sln:gmIdTeryt>0215042</sln:gmIdTeryt><sln:gmNazwa>Oława</sln:gmNazwa><sln:miejscIIPId>38626986-aeb7-49d0-9aec-4bbd722debd0</sln:miejscIIPId><sln:miejscIIPPn>PL.PZGIK.200</sln:miejscIIPPn><sln:miejscIIPWersja>2017-04-20T15:11:54+02:00</sln:miejscIIPWersja><sln:miejscIdTeryt>0879506</sln:miejscIdTeryt><sln:miejscNazwa>Miłonów</sln:miejscNazwa><sln:miejscRodzaj>Wieś</sln:miejscRodzaj><sln:powIIPId>9d7a0ea7-4d52-4f6b-a185-c8a936064b15</sln:powIIPId><sln:powIIPPn>PL.PZGIK.200</sln:powIIPPn><sln:powIIPWersja>2012-09-27T07:36:28+02:00</sln:powIIPWersja><sln:powIdTeryt>0215</sln:powIdTeryt><sln:powNazwa>oławski</sln:powNazwa><sln:waznyOd>2013-08-06T00:00:00+02:00</sln:waznyOd><sln:wojIIPId>f1ef3856-09ba-4e3d-af9d-a876794d570f</sln:wojIIPId><sln:wojIIPPn>PL.PZGIK.200</sln:wojIIPPn><sln:wojIIPWersja>2017-10-10T00:00:00+02:00</sln:wojIIPWersja><sln:wojIdTeryt>02</sln:wojIdTeryt><sln:wojNazwa>dolnośląskie</sln:wojNazwa></sln:miejscowosc><sln:miejscowosc><sln:cyklZyciaDo>2018-05-08T00:00:00+02:00</sln:cyklZyciaDo><sln:cyklZyciaOd>2017-04-20T00:00:00+02:00</sln:cyklZyciaOd><sln:gmIIPId>22a378d0-bfc5-42af-951a-d78654f2e042</sln:gmIIPId><sln:gmIIPPn>PL.PZGIK.200</sln:gmIIPPn><sln:gmIIPWersja>2012-09-26T22:30:42+02:00</sln:gmIIPWersja><sln:gmIdTeryt>0215042</sln:gmIdTeryt><sln:gmNazwa>Oława</sln:gmNazwa><sln:miejscIIPId>867ad309-7178-492c-9211-f40d1089ccb5</sln:miejscIIPId><sln:miejscIIPPn>PL.PZGIK.200</sln:miejscIIPPn><sln:miejscIIPWersja>2017-04-20T15:11:55+02:00</sln:miejscIIPWersja><sln:miejscIdTeryt>0879593</sln:miejscIdTeryt><sln:miejscNazwa>Sobocisko</sln:miejscNazwa><sln:miejscRodzaj>Wieś</sln:miejscRodzaj><sln:powIIPId>9d7a0ea7-4d52-4f6b-a185-c8a936064b15</sln:powIIPId><sln:powIIPPn>PL.PZGIK.200</sln:powIIPPn><sln:powIIPWersja>2012-09-27T07:36:28+02:00</sln:powIIPWersja><sln:powIdTeryt>0215</sln:powIdTeryt><sln:powNazwa>oławski</sln:powNazwa><sln:waznyOd>2013-08-06T00:00:00+02:00</sln:waznyOd><sln:wojIIPId>f1ef3856-09ba-4e3d-af9d-a876794d570f</sln:wojIIPId><sln:wojIIPPn>PL.PZGIK.200</sln:wojIIPPn><sln:wojIIPWersja>2017-10-10T00:00:00+02:00</sln:wojIIPWersja><sln:wojIdTeryt>02</sln:wojIdTeryt><sln:wojNazwa>dolnośląskie</sln:wojNazwa></sln:miejscowosc><sln:miejscowosc><sln:cyklZyciaDo>2018-05-08T00:00:00+02:00</sln:cyklZyciaDo><sln:cyklZyciaOd>2017-04-20T00:00:00+02:00</sln:cyklZyciaOd><sln:gmIIPId>22a378d0-bfc5-42af-951a-d78654f2e042</sln:gmIIPId><sln:gmIIPPn>PL.PZGIK.200</sln:gmIIPPn><sln:gmIIPWersja>2012-09-26T22:30:42+02:00</sln:gmIIPWersja><sln:gmIdTeryt>0215042</sln:gmIdTeryt><sln:gmNazwa>Oława</sln:gmNazwa><sln:miejscIIPId>68ec7b30-a463-4163-bc11-67ce3bd8f67f</sln:miejscIIPId><sln:miejscIIPPn>PL.PZGIK.200</sln:miejscIIPPn><sln:miejscIIPWersja>2017-04-20T15:11:55+02:00</sln:miejscIIPWersja><sln:miejscIdTeryt>0879601</sln:miejscIdTeryt><sln:miejscNazwa>Stanowice</sln:miejscNazwa><sln:miejscRodzaj>Wieś</sln:miejscRodzaj><sln:powIIPId>9d7a0ea7-4d52-4f6b-a185-c8a936064b15</sln:powIIPId><sln:powIIPPn>PL.PZGIK.200</sln:powIIPPn><sln:powIIPWersja>2012-09-27T07:36:28+02:00</sln:powIIPWersja><sln:powIdTeryt>0215</sln:powIdTeryt><sln:powNazwa>oławski</sln:powNazwa><sln:waznyOd>2013-08-06T00:00:00+02:00</sln:waznyOd><sln:wojIIPId>f1ef3856-09ba-4e3d-af9d-a876794d570f</sln:wojIIPId><sln:wojIIPPn>PL.PZGIK.200</sln:wojIIPPn><sln:wojIIPWersja>2017-10-10T00:00:00+02:00</sln:wojIIPWersja><sln:wojIdTeryt>02</sln:wojIdTeryt><sln:wojNazwa>dolnośląskie</sln:wojNazwa></sln:miejscowosc><sln:miejscowosc><sln:cyklZyciaDo>2018-05-08T00:00:00+02:00</sln:cyklZyciaDo><sln:cyklZyciaOd>2017-04-20T00:00:00+02:00</sln:cyklZyciaOd><sln:gmIIPId>22a378d0-bfc5-42af-951a-d78654f2e042</sln:gmIIPId><sln:gmIIPPn>PL.PZGIK.200</sln:gmIIPPn><sln:gmIIPWersja>2012-09-26T22:30:42+02:00</sln:gmIIPWersja><sln:gmIdTeryt>0215042</sln:gmIdTeryt><sln:gmNazwa>Oława</sln:gmNazwa><sln:miejscIIPId>b6f88bcc-d5f2-43b0-8380-cf2431682699</sln:miejscIIPId><sln:miejscIIPPn>PL.PZGIK.200</sln:miejscIIPPn><sln:miejscIIPWersja>2017-04-20T15:11:55+02:00</sln:miejscIIPWersja><sln:miejscIdTeryt>0879653</sln:miejscIdTeryt><sln:miejscNazwa>Zabardowice</sln:miejscNazwa><sln:miejscRodzaj>Wieś</sln:miejscRodzaj><sln:powIIPId>9d7a0ea7-4d52-4f6b-a185-c8a936064b15</sln:powIIPId><sln:powIIPPn>PL.PZGIK.200</sln:powIIPPn><sln:powIIPWersja>2012-09-27T07:36:28+02:00</sln:powIIPWersja><sln:powIdTeryt>0215</sln:powIdTeryt><sln:powNazwa>oławski</sln:powNazwa><sln:waznyOd>2013-08-06T00:00:00+02:00</sln:waznyOd><sln:wojIIPId>f1ef3856-09ba-4e3d-af9d-a876794d570f</sln:wojIIPId><sln:wojIIPPn>PL.PZGIK.200</sln:wojIIPPn><sln:wojIIPWersja>2017-10-10T00:00:00+02:00</sln:wojIIPWersja><sln:wojIdTeryt>02</sln:wojIdTeryt><sln:wojNazwa>dolnośląskie</sln:wojNazwa></sln:miejscowosc><sln:miejscowosc><sln:cyklZyciaOd>2018-05-08T00:00:00+02:00</sln:cyklZyciaOd><sln:gmIIPId>22a378d0-bfc5-42af-951a-d78654f2e042</sln:gmIIPId><sln:gmIIPPn>PL.PZGIK.200</sln:gmIIPPn><sln:gmIIPWersja>2012-09-26T22:30:42+02:00</sln:gmIIPWersja><sln:gmIdTeryt>0215042</sln:gmIdTeryt><sln:gmNazwa>Oława</sln:gmNazwa><sln:miejscIIPId>a526f520-29d7-405f-baa7-b0186f6df263</sln:miejscIIPId><sln:miejscIIPPn>PL.PZGIK.200</sln:miejscIIPPn><sln:miejscIIPWersja>2018-05-08T15:05:20+02:00</sln:miejscIIPWersja><sln:miejscIdTeryt>0879446</sln:miejscIdTeryt><sln:miejscNazwa>Jankowice</sln:miejscNazwa><sln:miejscRodzaj>Wieś</sln:miejscRodzaj><sln:powIIPId>9d7a0ea7-4d52-4f6b-a185-c8a936064b15</sln:powIIPId><sln:powIIPPn>PL.PZGIK.200</sln:powIIPPn><sln:powIIPWersja>2012-09-27T07:36:28+02:00</sln:powIIPWersja><sln:powIdTeryt>0215</sln:powIdTeryt><sln:powNazwa>oławski</sln:powNazwa><sln:waznyOd>2018-05-08T00:00:00+02:00</sln:waznyOd><sln:wojIIPId>f1ef3856-09ba-4e3d-af9d-a876794d570f</sln:wojIIPId><sln:wojIIPPn>PL.PZGIK.200</sln:wojIIPPn><sln:wojIIPWersja>2017-10-10T00:00:00+02:00</sln:wojIIPWersja><sln:wojIdTeryt>02</sln:wojIdTeryt><sln:wojNazwa>dolnośląskie</sln:wojNazwa></sln:miejscowosc><sln:miejscowosc><sln:cyklZyciaOd>2018-05-08T00:00:00+02:00</sln:cyklZyciaOd><sln:gmIIPId>22a378d0-bfc5-42af-951a-d78654f2e042</sln:gmIIPId><sln:gmIIPPn>PL.PZGIK.200</sln:gmIIPPn><sln:gmIIPWersja>2012-09-26T22:30:42+02:00</sln:gmIIPWersja><sln:gmIdTeryt>0215042</sln:gmIdTeryt><sln:gmNazwa>Oława</sln:gmNazwa><sln:miejscIIPId>9d8d5e4c-1a26-45b1-9592-b28760151c82</sln:miejscIIPId><sln:miejscIIPPn>PL.PZGIK.200</sln:miejscIIPPn><sln:miejscIIPWersja>2018-05-08T15:05:20+02:00</sln:miejscIIPWersja><sln:miejscIdTeryt>0879469</sln:miejscIdTeryt><sln:miejscNazwa>Lizawice</sln:miejscNazwa><sln:miejscRodzaj>Wieś</sln:miejscRodzaj><sln:powIIPId>9d7a0ea7-4d52-4f6b-a185-c8a936064b15</sln:powIIPId><sln:powIIPPn>PL.PZGIK.200</sln:powIIPPn><sln:powIIPWersja>2012-09-27T07:36:28+02:00</sln:powIIPWersja><sln:powIdTeryt>0215</sln:powIdTeryt><sln:powNazwa>oławski</sln:powNazwa><sln:waznyOd>2018-05-08T00:00:00+02:00</sln:waznyOd><sln:wojIIPId>f1ef3856-09ba-4e3d-af9d-a876794d570f</sln:wojIIPId><sln:wojIIPPn>PL.PZGIK.200</sln:wojIIPPn><sln:wojIIPWersja>2017-10-10T00:00:00+02:00</sln:wojIIPWersja><sln:wojIdTeryt>02</sln:wojIdTeryt><sln:wojNazwa>dolnośląskie</sln:wojNazwa></sln:miejscowosc><sln:miejscowosc><sln:cyklZyciaOd>2018-05-08T00:00:00+02:00</sln:cyklZyciaOd><sln:gmIIPId>22a378d0-bfc5-42af-951a-d78654f2e042</sln:gmIIPId><sln:gmIIPPn>PL.PZGIK.200</sln:gmIIPPn><sln:gmIIPWersja>2012-09-26T22:30:42+02:00</sln:gmIIPWersja><sln:gmIdTeryt>0215042</sln:gmIdTeryt><sln:gmNazwa>Oława</sln:gmNazwa><sln:miejscIIPId>0a2ca6e4-bec3-44c4-a595-4c7d9323fdf4</sln:miejscIIPId><sln:miejscIIPPn>PL.PZGIK.200</sln:miejscIIPPn><sln:miejscIIPWersja>2018-05-08T15:05:20+02:00</sln:miejscIIPWersja><sln:miejscIdTeryt>0879475</sln:miejscIdTeryt><sln:miejscNazwa>Marcinkowice</sln:miejscNazwa><sln:miejscRodzaj>Wieś</sln:miejscRodzaj><sln:powIIPId>9d7a0ea7-4d52-4f6b-a185-c8a936064b15</sln:powIIPId><sln:powIIPPn>PL.PZGIK.200</sln:powIIPPn><sln:powIIPWersja>2012-09-27T07:36:28+02:00</sln:powIIPWersja><sln:powIdTeryt>0215</sln:powIdTeryt><sln:powNazwa>oławski</sln:powNazwa><sln:waznyOd>2018-05-08T00:00:00+02:00</sln:waznyOd><sln:wojIIPId>f1ef3856-09ba-4e3d-af9d-a876794d570f</sln:wojIIPId><sln:wojIIPPn>PL.PZGIK.200</sln:wojIIPPn><sln:wojIIPWersja>2017-10-10T00:00:00+02:00</sln:wojIIPWersja><sln:wojIdTeryt>02</sln:wojIdTeryt><sln:wojNazwa>dolnośląskie</sln:wojNazwa></sln:miejscowosc><sln:miejscowosc><sln:cyklZyciaOd>2018-05-08T00:00:00+02:00</sln:cyklZyciaOd><sln:gmIIPId>22a378d0-bfc5-42af-951a-d78654f2e042</sln:gmIIPId><sln:gmIIPPn>PL.PZGIK.200</sln:gmIIPPn><sln:gmIIPWersja>2012-09-26T22:30:42+02:00</sln:gmIIPWersja><sln:gmIdTeryt>0215042</sln:gmIdTeryt><sln:gmNazwa>Oława</sln:gmNazwa><sln:miejscIIPId>1e75ab08-7534-436d-9a17-2263a11fc559</sln:miejscIIPId><sln:miejscIIPPn>PL.PZGIK.200</sln:miejscIIPPn><sln:miejscIIPWersja>2018-05-08T15:05:20+02:00</sln:miejscIIPWersja><sln:miejscIdTeryt>0879481</sln:miejscIdTeryt><sln:miejscNazwa>Marszowice</sln:miejscNazwa><sln:miejscRodzaj>Wieś</sln:miejscRodzaj><sln:powIIPId>9d7a0ea7-4d52-4f6b-a185-c8a936064b15</sln:powIIPId><sln:powIIPPn>PL.PZGIK.200</sln:powIIPPn><sln:powIIPWersja>2012-09-27T07:36:28+02:00</sln:powIIPWersja><sln:powIdTeryt>0215</sln:powIdTeryt><sln:powNazwa>oławski</sln:powNazwa><sln:waznyOd>2018-05-08T00:00:00+02:00</sln:waznyOd><sln:wojIIPId>f1ef3856-09ba-4e3d-af9d-a876794d570f</sln:wojIIPId><sln:wojIIPPn>PL.PZGIK.200</sln:wojIIPPn><sln:wojIIPWersja>2017-10-10T00:00:00+02:00</sln:wojIIPWersja><sln:wojIdTeryt>02</sln:wojIdTeryt><sln:wojNazwa>dolnośląskie</sln:wojNazwa></sln:miejscowosc><sln:miejscowosc><sln:cyklZyciaOd>2018-05-08T00:00:00+02:00</sln:cyklZyciaOd><sln:gmIIPId>22a378d0-bfc5-42af-951a-d78654f2e042</sln:gmIIPId><sln:gmIIPPn>PL.PZGIK.200</sln:gmIIPPn><sln:gmIIPWersja>2012-09-26T22:30:42+02:00</sln:gmIIPWersja><sln:gmIdTeryt>0215042</sln:gmIdTeryt><sln:gmNazwa>Oława</sln:gmNazwa><sln:miejscIIPId>38626986-aeb7-49d0-9aec-4bbd722debd0</sln:miejscIIPId><sln:miejscIIPPn>PL.PZGIK.200</sln:miejscIIPPn><sln:miejscIIPWersja>2018-05-08T15:05:20+02:00</sln:miejscIIPWersja><sln:miejscIdTeryt>0879506</sln:miejscIdTeryt><sln:miejscNazwa>Miłonów</sln:miejscNazwa><sln:miejscRodzaj>Wieś</sln:miejscRodzaj><sln:powIIPId>9d7a0ea7-4d52-4f6b-a185-c8a936064b15</sln:powIIPId><sln:powIIPPn>PL.PZGIK.200</sln:powIIPPn><sln:powIIPWersja>2012-09-27T07:36:28+02:00</sln:powIIPWersja><sln:powIdTeryt>0215</sln:powIdTeryt><sln:powNazwa>oławski</sln:powNazwa><sln:waznyOd>2018-05-08T00:00:00+02:00</sln:waznyOd><sln:wojIIPId>f1ef3856-09ba-4e3d-af9d-a876794d570f</sln:wojIIPId><sln:wojIIPPn>PL.PZGIK.200</sln:wojIIPPn><sln:wojIIPWersja>2017-10-10T00:00:00+02:00</sln:wojIIPWersja><sln:wojIdTeryt>02</sln:wojIdTeryt><sln:wojNazwa>dolnośląskie</sln:wojNazwa></sln:miejscowosc><sln:miejscowosc><sln:cyklZyciaOd>2018-05-08T00:00:00+02:00</sln:cyklZyciaOd><sln:gmIIPId>22a378d0-bfc5-42af-951a-d78654f2e042</sln:gmIIPId><sln:gmIIPPn>PL.PZGIK.200</sln:gmIIPPn><sln:gmIIPWersja>2012-09-26T22:30:42+02:00</sln:gmIIPWersja><sln:gmIdTeryt>0215042</sln:gmIdTeryt><sln:gmNazwa>Oława</sln:gmNazwa><sln:miejscIIPId>867ad309-7178-492c-9211-f40d1089ccb5</sln:miejscIIPId><sln:miejscIIPPn>PL.PZGIK.200</sln:miejscIIPPn><sln:miejscIIPWersja>2018-05-08T15:05:20+02:00</sln:miejscIIPWersja><sln:miejscIdTeryt>0879593</sln:miejscIdTeryt><sln:miejscNazwa>Sobocisko</sln:miejscNazwa><sln:miejscRodzaj>Wieś</sln:miejscRodzaj><sln:powIIPId>9d7a0ea7-4d52-4f6b-a185-c8a936064b15</sln:powIIPId><sln:powIIPPn>PL.PZGIK.200</sln:powIIPPn><sln:powIIPWersja>2012-09-27T07:36:28+02:00</sln:powIIPWersja><sln:powIdTeryt>0215</sln:powIdTeryt><sln:powNazwa>oławski</sln:powNazwa><sln:waznyOd>2018-05-08T00:00:00+02:00</sln:waznyOd><sln:wojIIPId>f1ef3856-09ba-4e3d-af9d-a876794d570f</sln:wojIIPId><sln:wojIIPPn>PL.PZGIK.200</sln:wojIIPPn><sln:wojIIPWersja>2017-10-10T00:00:00+02:00</sln:wojIIPWersja><sln:wojIdTeryt>02</sln:wojIdTeryt><sln:wojNazwa>dolnośląskie</sln:wojNazwa></sln:miejscowosc><sln:miejscowosc><sln:cyklZyciaOd>2018-05-08T00:00:00+02:00</sln:cyklZyciaOd><sln:gmIIPId>22a378d0-bfc5-42af-951a-d78654f2e042</sln:gmIIPId><sln:gmIIPPn>PL.PZGIK.200</sln:gmIIPPn><sln:gmIIPWersja>2012-09-26T22:30:42+02:00</sln:gmIIPWersja><sln:gmIdTeryt>0215042</sln:gmIdTeryt><sln:gmNazwa>Oława</sln:gmNazwa><sln:miejscIIPId>68ec7b30-a463-4163-bc11-67ce3bd8f67f</sln:miejscIIPId><sln:miejscIIPPn>PL.PZGIK.200</sln:miejscIIPPn><sln:miejscIIPWersja>2018-05-08T15:05:20+02:00</sln:miejscIIPWersja><sln:miejscIdTeryt>0879601</sln:miejscIdTeryt><sln:miejscNazwa>Stanowice</sln:miejscNazwa><sln:miejscRodzaj>Wieś</sln:miejscRodzaj><sln:powIIPId>9d7a0ea7-4d52-4f6b-a185-c8a936064b15</sln:powIIPId><sln:powIIPPn>PL.PZGIK.200</sln:powIIPPn><sln:powIIPWersja>2012-09-27T07:36:28+02:00</sln:powIIPWersja><sln:powIdTeryt>0215</sln:powIdTeryt><sln:powNazwa>oławski</sln:powNazwa><sln:waznyOd>2018-05-08T00:00:00+02:00</sln:waznyOd><sln:wojIIPId>f1ef3856-09ba-4e3d-af9d-a876794d570f</sln:wojIIPId><sln:wojIIPPn>PL.PZGIK.200</sln:wojIIPPn><sln:wojIIPWersja>2017-10-10T00:00:00+02:00</sln:wojIIPWersja><sln:wojIdTeryt>02</sln:wojIdTeryt><sln:wojNazwa>dolnośląskie</sln:wojNazwa></sln:miejscowosc><sln:miejscowosc><sln:cyklZyciaOd>2018-05-08T00:00:00+02:00</sln:cyklZyciaOd><sln:gmIIPId>22a378d0-bfc5-42af-951a-d78654f2e042</sln:gmIIPId><sln:gmIIPPn>PL.PZGIK.200</sln:gmIIPPn><sln:gmIIPWersja>2012-09-26T22:30:42+02:00</sln:gmIIPWersja><sln:gmIdTeryt>0215042</sln:gmIdTeryt><sln:gmNazwa>Oława</sln:gmNazwa><sln:miejscIIPId>b6f88bcc-d5f2-43b0-8380-cf2431682699</sln:miejscIIPId><sln:miejscIIPPn>PL.PZGIK.200</sln:miejscIIPPn><sln:miejscIIPWersja>2018-05-08T15:05:20+02:00</sln:miejscIIPWersja><sln:miejscIdTeryt>0879653</sln:miejscIdTeryt><sln:miejscNazwa>Zabardowice</sln:miejscNazwa><sln:miejscRodzaj>Wieś</sln:miejscRodzaj><sln:powIIPId>9d7a0ea7-4d52-4f6b-a185-c8a936064b15</sln:powIIPId><sln:powIIPPn>PL.PZGIK.200</sln:powIIPPn><sln:powIIPWersja>2012-09-27T07:36:28+02:00</sln:powIIPWersja><sln:powIdTeryt>0215</sln:powIdTeryt><sln:powNazwa>oławski</sln:powNazwa><sln:waznyOd>2018-05-08T00:00:00+02:00</sln:waznyOd><sln:wojIIPId>f1ef3856-09ba-4e3d-af9d-a876794d570f</sln:wojIIPId><sln:wojIIPPn>PL.PZGIK.200</sln:wojIIPPn><sln:wojIIPWersja>2017-10-10T00:00:00+02:00</sln:wojIIPWersja><sln:wojIdTeryt>02</sln:wojIdTeryt><sln:wojNazwa>dolnośląskie</sln:wojNazwa></sln:miejscowosc></sln:lista-miejscowosci>