<?xml version="1.0" encoding="UTF-8" standalone="yes"?><sln:lista-miejscowosci xmlns:srv="http://gugik.gov.pl/schemas/slowniki-service/1.0" xmlns:sln="http://gugik.gov.pl/schemas/slowniki-schema/1.0"><sln:miejscowosc><sln:cyklZyciaDo>2016-11-27T00:00:00+01:00</sln:cyklZyciaDo><sln:cyklZyciaOd>2012-04-26T00:00:00+02:00</sln:cyklZyciaOd><sln:gmIIPId>6158a95d-c3cc-4825-b064-ba9c237ea351</sln:gmIIPId><sln:gmIIPPn>PL.PZGIK.200</sln:gmIIPPn><sln:gmIIPWersja>2012-09-26T22:23:47+02:00</sln:gmIIPWersja><sln:gmIdTeryt>3027092</sln:gmIdTeryt><sln:gmNazwa>Władysławów</sln:gmNazwa><sln:miejscIIPId>2c500c05-b0c0-4664-ae59-451631b31af7</sln:miejscIIPId><sln:miejscIIPPn>PL.PZGIK.200</sln:miejscIIPPn><sln:miejscIIPWersja>2016-11-24T13:28:10+02:00</sln:miejscIIPWersja><sln:miejscIdTeryt>0301121</sln:miejscIdTeryt><sln:miejscNazwa>Piorunów</sln:miejscNazwa><sln:miejscRodzaj>Wieś</sln:miejscRodzaj><sln:powIIPId>79b9bef2-0ca5-413e-954c-fa6e3ad10210</sln:powIIPId><sln:powIIPPn>PL.PZGIK.200</sln:powIIPPn><sln:powIIPWersja>2012-09-27T08:59:03+02:00</sln:powIIPWersja><sln:powIdTeryt>3027</sln:powIdTeryt><sln:powNazwa>turecki</sln:powNazwa><sln:wojIIPId>c606b01a-76c8-480d-9470-f24ca0d7a613</sln:wojIIPId><sln:wojIIPPn>PL.PZGIK.200</sln:wojIIPPn><sln:wojIIPWersja>2016-05-05T18:20:48+02:00</sln:wojIIPWersja><sln:wojIdTeryt>30</sln:wojIdTeryt><sln:wojNazwa>wielkopolskie</sln:wojNazwa></sln:miejscowosc><sln:miejscowosc><sln:cyklZyciaDo>2016-11-27T00:00:00+01:00</sln:cyklZyciaDo><sln:cyklZyciaOd>2012-04-26T00:00:00+02:00</sln:cyklZyciaOd><sln:gmIIPId>6158a95d-c3cc-4825-b064-ba9c237ea351</sln:gmIIPId><sln:gmIIPPn>PL.PZGIK.200</sln:gmIIPPn><sln:gmIIPWersja>2012-09-26T22:23:47+02:00</sln:gmIIPWersja><sln:gmIdTeryt>3027092</sln:gmIdTeryt><sln:gmNazwa>Władysławów</sln:gmNazwa><sln:miejscIIPId>4da0c202-7f52-4c3b-a401-2efad6411bd6</sln:miejscIIPId><sln:miejscIIPPn>PL.PZGIK.200</sln:miejscIIPPn><sln:miejscIIPWersja>2016-11-24T13:28:42+02:00</sln:miejscIIPWersja><sln:miejscIdTeryt>0301138</sln:miejscIdTeryt><sln:miejscNazwa>Polichno</sln:miejscNazwa><sln:miejscRodzaj>Wieś</sln:miejscRodzaj><sln:powIIPId>79b9bef2-0ca5-413e-954c-fa6e3ad10210</sln:powIIPId><sln:powIIPPn>PL.PZGIK.200</sln:powIIPPn><sln:powIIPWersja>2012-09-27T08:59:03+02:00</sln:powIIPWersja><sln:powIdTeryt>3027</sln:powIdTeryt><sln:powNazwa>turecki</sln:powNazwa><sln:wojIIPId>c606b01a-76c8-480d-9470-f24ca0d7a613</sln:wojIIPId><sln:wojIIPPn>PL.PZGIK.200</sln:wojIIPPn><sln:wojIIPWersja>2016-05-05T18:20:48+02:00</sln:wojIIPWersja><sln:wojIdTeryt>30</sln:wojIdTeryt><sln:wojNazwa>wielkopolskie</sln:wojNazwa></sln:miejscowosc><sln:miejscowosc><sln:cyklZyciaDo>2016-11-27T00:00:00+01:00</sln:cyklZyciaDo><sln:cyklZyciaOd>2012-04-26T00:00:00+02:00</sln:cyklZyciaOd><sln:gmIIPId>6158a95d-c3cc-4825-b064-ba9c237ea351</sln:gmIIPId><sln:gmIIPPn>PL.PZGIK.200</sln:gmIIPPn><sln:gmIIPWersja>2012-09-26T22:23:47+02:00</sln:gmIIPWersja><sln:gmIdTeryt>3027092</sln:gmIdTeryt><sln:gmNazwa>Władysławów</sln:gmNazwa><sln:miejscIIPId>ee1af905-3863-4486-875b-624da7b08bf4</sln:miejscIIPId><sln:miejscIIPPn>PL.PZGIK.200</sln:miejscIIPPn><sln:miejscIIPWersja>2016-11-24T13:29:11+02:00</sln:miejscIIPWersja><sln:miejscIdTeryt>0301144</sln:miejscIdTeryt><sln:miejscNazwa>Przyborów</sln:miejscNazwa><sln:miejscRodzaj>Wieś</sln:miejscRodzaj><sln:powIIPId>79b9bef2-0ca5-413e-954c-fa6e3ad10210</sln:powIIPId><sln:powIIPPn>PL.PZGIK.200</sln:powIIPPn><sln:powIIPWersja>2012-09-27T08:59:03+02:00</sln:powIIPWersja><sln:powIdTeryt>3027</sln:powIdTeryt><sln:powNazwa>turecki</sln:powNazwa><sln:wojIIPId>c606b01a-76c8-480d-9470-f24ca0d7a613</sln:wojIIPId><sln:wojIIPPn>PL.PZGIK.200</sln:wojIIPPn><sln:wojIIPWersja>2016-05-05T18:20:48+02:00</sln:wojIIPWersja><sln:wojIdTeryt>30</sln:wojIdTeryt><sln:wojNazwa>wielkopolskie</sln:wojNazwa></sln:miejscowosc><sln:miejscowosc><sln:cyklZyciaDo>2016-11-27T00:00:00+01:00</sln:cyklZyciaDo><sln:cyklZyciaOd>2012-04-26T00:00:00+02:00</sln:cyklZyciaOd><sln:gmIIPId>6158a95d-c3cc-4825-b064-ba9c237ea351</sln:gmIIPId><sln:gmIIPPn>PL.PZGIK.200</sln:gmIIPPn><sln:gmIIPWersja>2012-09-26T22:23:47+02:00</sln:gmIIPWersja><sln:gmIdTeryt>3027092</sln:gmIdTeryt><sln:gmNazwa>Władysławów</sln:gmNazwa><sln:miejscIIPId>245b03f4-ba30-4aeb-bfe6-5d2b90aa771a</sln:miejscIIPId><sln:miejscIIPPn>PL.PZGIK.200</sln:miejscIIPPn><sln:miejscIIPWersja>2016-11-24T13:30:05+02:00</sln:miejscIIPWersja><sln:miejscIdTeryt>0301150</sln:miejscIdTeryt><sln:miejscNazwa>Russocice</sln:miejscNazwa><sln:miejscRodzaj>Wieś</sln:miejscRodzaj><sln:powIIPId>79b9bef2-0ca5-413e-954c-fa6e3ad10210</sln:powIIPId><sln:powIIPPn>PL.PZGIK.200</sln:powIIPPn><sln:powIIPWersja>2012-09-27T08:59:03+02:00</sln:powIIPWersja><sln:powIdTeryt>3027</sln:powIdTeryt><sln:powNazwa>turecki</sln:powNazwa><sln:wojIIPId>c606b01a-76c8-480d-9470-f24ca0d7a613</sln:wojIIPId><sln:wojIIPPn>PL.PZGIK.200</sln:wojIIPPn><sln:wojIIPWersja>2016-05-05T18:20:48+02:00</sln:wojIIPWersja><sln:wojIdTeryt>30</sln:wojIdTeryt><sln:wojNazwa>wielkopolskie</sln:wojNazwa></sln:miejscowosc><sln:miejscowosc><sln:cyklZyciaDo>2016-11-27T00:00:00+01:00</sln:cyklZyciaDo><sln:cyklZyciaOd>2012-04-26T00:00:00+02:00</sln:cyklZyciaOd><sln:gmIIPId>6158a95d-c3cc-4825-b064-ba9c237ea351</sln:gmIIPId><sln:gmIIPPn>PL.PZGIK.200</sln:gmIIPPn><sln:gmIIPWersja>2012-09-26T22:23:47+02:00</sln:gmIIPWersja><sln:gmIdTeryt>3027092</sln:gmIdTeryt><sln:gmNazwa>Władysławów</sln:gmNazwa><sln:miejscIIPId>c5715375-5ce0-4858-acb4-fc34ed1f1093</sln:miejscIIPId><sln:miejscIIPPn>PL.PZGIK.200</sln:miejscIIPPn><sln:miejscIIPWersja>2016-11-24T13:32:15+02:00</sln:miejscIIPWersja><sln:miejscIdTeryt>0301204</sln:miejscIdTeryt><sln:miejscNazwa>Tarnowski Młyn</sln:miejscNazwa><sln:miejscRodzaj>Wieś</sln:miejscRodzaj><sln:powIIPId>79b9bef2-0ca5-413e-954c-fa6e3ad10210</sln:powIIPId><sln:powIIPPn>PL.PZGIK.200</sln:powIIPPn><sln:powIIPWersja>2012-09-27T08:59:03+02:00</sln:powIIPWersja><sln:powIdTeryt>3027</sln:powIdTeryt><sln:powNazwa>turecki</sln:powNazwa><sln:wojIIPId>c606b01a-76c8-480d-9470-f24ca0d7a613</sln:wojIIPId><sln:wojIIPPn>PL.PZGIK.200</sln:wojIIPPn><sln:wojIIPWersja>2016-05-05T18:20:48+02:00</sln:wojIIPWersja><sln:wojIdTeryt>30</sln:wojIdTeryt><sln:wojNazwa>wielkopolskie</sln:wojNazwa></sln:miejscowosc><sln:miejscowosc><sln:cyklZyciaDo>2016-11-27T00:00:00+01:00</sln:cyklZyciaDo><sln:cyklZyciaOd>2012-04-26T00:00:00+02:00</sln:cyklZyciaOd><sln:gmIIPId>6158a95d-c3cc-4825-b064-ba9c237ea351</sln:gmIIPId><sln:gmIIPPn>PL.PZGIK.200</sln:gmIIPPn><sln:gmIIPWersja>2012-09-26T22:23:47+02:00</sln:gmIIPWersja><sln:gmIdTeryt>3027092</sln:gmIdTeryt><sln:gmNazwa>Władysławów</sln:gmNazwa><sln:miejscIIPId>eac63e7d-c348-4257-991d-5f2efa6f4c11</sln:miejscIIPId><sln:miejscIIPPn>PL.PZGIK.200</sln:miejscIIPPn><sln:miejscIIPWersja>2016-11-24T13:34:00+02:00</sln:miejscIIPWersja><sln:miejscIdTeryt>0301227</sln:miejscIdTeryt><sln:miejscNazwa>Wyszyna</sln:miejscNazwa><sln:miejscRodzaj>Wieś</sln:miejscRodzaj><sln:powIIPId>79b9bef2-0ca5-413e-954c-fa6e3ad10210</sln:powIIPId><sln:powIIPPn>PL.PZGIK.200</sln:powIIPPn><sln:powIIPWersja>2012-09-27T08:59:03+02:00</sln:powIIPWersja><sln:powIdTeryt>3027</sln:powIdTeryt><sln:powNazwa>turecki</sln:powNazwa><sln:wojIIPId>c606b01a-76c8-480d-9470-f24ca0d7a613</sln:wojIIPId><sln:wojIIPPn>PL.PZGIK.200</sln:wojIIPPn><sln:wojIIPWersja>2016-05-05T18:20:48+02:00</sln:wojIIPWersja><sln:wojIdTeryt>30</sln:wojIdTeryt><sln:wojNazwa>wielkopolskie</sln:wojNazwa></sln:miejscowosc><sln:miejscowosc><sln:cyklZyciaDo>2016-11-27T00:00:00+01:00</sln:cyklZyciaDo><sln:cyklZyciaOd>2012-04-26T00:00:00+02:00</sln:cyklZyciaOd><sln:gmIIPId>6158a95d-c3cc-4825-b064-ba9c237ea351</sln:gmIIPId><sln:gmIIPPn>PL.PZGIK.200</sln:gmIIPPn><sln:gmIIPWersja>2012-09-26T22:23:47+02:00</sln:gmIIPWersja><sln:gmIdTeryt>3027092</sln:gmIdTeryt><sln:gmNazwa>Władysławów</sln:gmNazwa><sln:miejscIIPId>338cd289-6838-46c9-b478-e2fea3625115</sln:miejscIIPId><sln:miejscIIPPn>PL.PZGIK.200</sln:miejscIIPPn><sln:miejscIIPWersja>2016-11-24T13:37:23+02:00</sln:miejscIIPWersja><sln:miejscIdTeryt>0300989</sln:miejscIdTeryt><sln:miejscNazwa>Głogowa</sln:miejscNazwa><sln:miejscRodzaj>Wieś</sln:miejscRodzaj><sln:powIIPId>79b9bef2-0ca5-413e-954c-fa6e3ad10210</sln:powIIPId><sln:powIIPPn>PL.PZGIK.200</sln:powIIPPn><sln:powIIPWersja>2012-09-27T08:59:03+02:00</sln:powIIPWersja><sln:powIdTeryt>3027</sln:powIdTeryt><sln:powNazwa>turecki</sln:powNazwa><sln:wojIIPId>c606b01a-76c8-480d-9470-f24ca0d7a613</sln:wojIIPId><sln:wojIIPPn>PL.PZGIK.200</sln:wojIIPPn><sln:wojIIPWersja>2016-05-05T18:20:48+02:00</sln:wojIIPWersja><sln:wojIdTeryt>30</sln:wojIdTeryt><sln:wojNazwa>wielkopolskie</sln:wojNazwa></sln:miejscowosc><sln:miejscowosc><sln:cyklZyciaDo>2016-11-27T00:00:00+01:00</sln:cyklZyciaDo><sln:cyklZyciaOd>2012-04-26T00:00:00+02:00</sln:cyklZyciaOd><sln:gmIIPId>6158a95d-c3cc-4825-b064-ba9c237ea351</sln:gmIIPId><sln:gmIIPPn>PL.PZGIK.200</sln:gmIIPPn><sln:gmIIPWersja>2012-09-26T22:23:47+02:00</sln:gmIIPWersja><sln:gmIdTeryt>3027092</sln:gmIdTeryt><sln:gmNazwa>Władysławów</sln:gmNazwa><sln:miejscIIPId>e06287c3-ae54-48ce-8c94-388db6689041</sln:miejscIIPId><sln:miejscIIPPn>PL.PZGIK.200</sln:miejscIIPPn><sln:miejscIIPWersja>2016-11-24T13:30:39+02:00</sln:miejscIIPWersja><sln:miejscIdTeryt>0301173</sln:miejscIdTeryt><sln:miejscNazwa>Skarbki</sln:miejscNazwa><sln:miejscRodzaj>Wieś</sln:miejscRodzaj><sln:powIIPId>79b9bef2-0ca5-413e-954c-fa6e3ad10210</sln:powIIPId><sln:powIIPPn>PL.PZGIK.200</sln:powIIPPn><sln:powIIPWersja>2012-09-27T08:59:03+02:00</sln:powIIPWersja><sln:powIdTeryt>3027</sln:powIdTeryt><sln:powNazwa>turecki</sln:powNazwa><sln:wojIIPId>c606b01a-76c8-480d-9470-f24ca0d7a613</sln:wojIIPId><sln:wojIIPPn>PL.PZGIK.200</sln:wojIIPPn><sln:wojIIPWersja>2016-05-05T18:20:48+02:00</sln:wojIIPWersja><sln:wojIdTeryt>30</sln:wojIdTeryt><sln:wojNazwa>wielkopolskie</sln:wojNazwa></sln:miejscowosc><sln:miejscowosc><sln:cyklZyciaDo>2016-11-27T00:00:00+01:00</sln:cyklZyciaDo><sln:cyklZyciaOd>2012-04-26T00:00:00+02:00</sln:cyklZyciaOd><sln:gmIIPId>6158a95d-c3cc-4825-b064-ba9c237ea351</sln:gmIIPId><sln:gmIIPPn>PL.PZGIK.200</sln:gmIIPPn><sln:gmIIPWersja>2012-09-26T22:23:47+02:00</sln:gmIIPWersja><sln:gmIdTeryt>3027092</sln:gmIdTeryt><sln:gmNazwa>Władysławów</sln:gmNazwa><sln:miejscIIPId>818f7dae-e1af-4af2-af6a-3c65d16edaaf</sln:miejscIIPId><sln:miejscIIPPn>PL.PZGIK.200</sln:miejscIIPPn><sln:miejscIIPWersja>2016-11-24T13:31:28+02:00</sln:miejscIIPWersja><sln:miejscIdTeryt>0301196</sln:miejscIdTeryt><sln:miejscNazwa>Stefania</sln:miejscNazwa><sln:miejscRodzaj>Wieś</sln:miejscRodzaj><sln:powIIPId>79b9bef2-0ca5-413e-954c-fa6e3ad10210</sln:powIIPId><sln:powIIPPn>PL.PZGIK.200</sln:powIIPPn><sln:powIIPWersja>2012-09-27T08:59:03+02:00</sln:powIIPWersja><sln:powIdTeryt>3027</sln:powIdTeryt><sln:powNazwa>turecki</sln:powNazwa><sln:wojIIPId>c606b01a-76c8-480d-9470-f24ca0d7a613</sln:wojIIPId><sln:wojIIPPn>PL.PZGIK.200</sln:wojIIPPn><sln:wojIIPWersja>2016-05-05T18:20:48+02:00</sln:wojIIPWersja><sln:wojIdTeryt>30</sln:wojIdTeryt><sln:wojNazwa>wielkopolskie</sln:wojNazwa></sln:miejscowosc><sln:miejscowosc><sln:cyklZyciaDo>2016-11-27T00:00:00+01:00</sln:cyklZyciaDo><sln:cyklZyciaOd>2012-04-26T00:00:00+02:00</sln:cyklZyciaOd><sln:gmIIPId>6158a95d-c3cc-4825-b064-ba9c237ea351</sln:gmIIPId><sln:gmIIPPn>PL.PZGIK.200</sln:gmIIPPn><sln:gmIIPWersja>2012-09-26T22:23:47+02:00</sln:gmIIPWersja><sln:gmIdTeryt>3027092</sln:gmIdTeryt><sln:gmNazwa>Władysławów</sln:gmNazwa><sln:miejscIIPId>6bfd975c-f2b1-42b5-a02d-f411fc27c853</sln:miejscIIPId><sln:miejscIIPPn>PL.PZGIK.200</sln:miejscIIPPn><sln:miejscIIPWersja>2016-11-24T13:31:28+02:00</sln:miejscIIPWersja><sln:miejscIdTeryt>0301180</sln:miejscIdTeryt><sln:miejscNazwa>Stawki</sln:miejscNazwa><sln:miejscRodzaj>Wieś</sln:miejscRodzaj><sln:powIIPId>79b9bef2-0ca5-413e-954c-fa6e3ad10210</sln:powIIPId><sln:powIIPPn>PL.PZGIK.200</sln:powIIPPn><sln:powIIPWersja>2012-09-27T08:59:03+02:00</sln:powIIPWersja><sln:powIdTeryt>3027</sln:powIdTeryt><sln:powNazwa>turecki</sln:powNazwa><sln:wojIIPId>c606b01a-76c8-480d-9470-f24ca0d7a613</sln:wojIIPId><sln:wojIIPPn>PL.PZGIK.200</sln:wojIIPPn><sln:wojIIPWersja>2016-05-05T18:20:48+02:00</sln:wojIIPWersja><sln:wojIdTeryt>30</sln:wojIdTeryt><sln:wojNazwa>wielkopolskie</sln:wojNazwa></sln:miejscowosc><sln:miejscowosc><sln:cyklZyciaDo>2016-11-27T00:00:00+01:00</sln:cyklZyciaDo><sln:cyklZyciaOd>2012-04-26T00:00:00+02:00</sln:cyklZyciaOd><sln:gmIIPId>6158a95d-c3cc-4825-b064-ba9c237ea351</sln:gmIIPId><sln:gmIIPPn>PL.PZGIK.200</sln:gmIIPPn><sln:gmIIPWersja>2012-09-26T22:23:47+02:00</sln:gmIIPWersja><sln:gmIdTeryt>3027092</sln:gmIdTeryt><sln:gmNazwa>Władysławów</sln:gmNazwa><sln:miejscIIPId>a445ba27-0312-49d9-95ed-7f15aa96cb48</sln:miejscIIPId><sln:miejscIIPPn>PL.PZGIK.200</sln:miejscIIPPn><sln:miejscIIPWersja>2016-11-24T13:33:26+02:00</sln:miejscIIPWersja><sln:miejscIdTeryt>0301210</sln:miejscIdTeryt><sln:miejscNazwa>Władysławów</sln:miejscNazwa><sln:miejscRodzaj>Wieś</sln:miejscRodzaj><sln:powIIPId>79b9bef2-0ca5-413e-954c-fa6e3ad10210</sln:powIIPId><sln:powIIPPn>PL.PZGIK.200</sln:powIIPPn><sln:powIIPWersja>2012-09-27T08:59:03+02:00</sln:powIIPWersja><sln:powIdTeryt>3027</sln:powIdTeryt><sln:powNazwa>turecki</sln:powNazwa><sln:wojIIPId>c606b01a-76c8-480d-9470-f24ca0d7a613</sln:wojIIPId><sln:wojIIPPn>PL.PZGIK.200</sln:wojIIPPn><sln:wojIIPWersja>2016-05-05T18:20:48+02:00</sln:wojIIPWersja><sln:wojIdTeryt>30</sln:wojIdTeryt><sln:wojNazwa>wielkopolskie</sln:wojNazwa></sln:miejscowosc><sln:miejscowosc><sln:cyklZyciaDo>2016-11-27T00:00:00+01:00</sln:cyklZyciaDo><sln:cyklZyciaOd>2012-04-26T00:00:00+02:00</sln:cyklZyciaOd><sln:gmIIPId>6158a95d-c3cc-4825-b064-ba9c237ea351</sln:gmIIPId><sln:gmIIPPn>PL.PZGIK.200</sln:gmIIPPn><sln:gmIIPWersja>2012-09-26T22:23:47+02:00</sln:gmIIPWersja><sln:gmIdTeryt>3027092</sln:gmIdTeryt><sln:gmNazwa>Władysławów</sln:gmNazwa><sln:miejscIIPId>9f50182a-0faf-4cf3-abef-872199ef4e19</sln:miejscIIPId><sln:miejscIIPPn>PL.PZGIK.200</sln:miejscIIPPn><sln:miejscIIPWersja>2016-11-24T13:35:30+02:00</sln:miejscIIPWersja><sln:miejscIdTeryt>0300966</sln:miejscIdTeryt><sln:miejscNazwa>Chylin</sln:miejscNazwa><sln:miejscRodzaj>Wieś</sln:miejscRodzaj><sln:powIIPId>79b9bef2-0ca5-413e-954c-fa6e3ad10210</sln:powIIPId><sln:powIIPPn>PL.PZGIK.200</sln:powIIPPn><sln:powIIPWersja>2012-09-27T08:59:03+02:00</sln:powIIPWersja><sln:powIdTeryt>3027</sln:powIdTeryt><sln:powNazwa>turecki</sln:powNazwa><sln:wojIIPId>c606b01a-76c8-480d-9470-f24ca0d7a613</sln:wojIIPId><sln:wojIIPPn>PL.PZGIK.200</sln:wojIIPPn><sln:wojIIPWersja>2016-05-05T18:20:48+02:00</sln:wojIIPWersja><sln:wojIdTeryt>30</sln:wojIdTeryt><sln:wojNazwa>wielkopolskie</sln:wojNazwa></sln:miejscowosc><sln:miejscowosc><sln:cyklZyciaDo>2016-11-27T00:00:00+01:00</sln:cyklZyciaDo><sln:cyklZyciaOd>2012-04-26T00:00:00+02:00</sln:cyklZyciaOd><sln:gmIIPId>6158a95d-c3cc-4825-b064-ba9c237ea351</sln:gmIIPId><sln:gmIIPPn>PL.PZGIK.200</sln:gmIIPPn><sln:gmIIPWersja>2012-09-26T22:23:47+02:00</sln:gmIIPWersja><sln:gmIdTeryt>3027092</sln:gmIdTeryt><sln:gmNazwa>Władysławów</sln:gmNazwa><sln:miejscIIPId>1382654a-9980-446c-89bf-849abf2c7a3d</sln:miejscIIPId><sln:miejscIIPPn>PL.PZGIK.200</sln:miejscIIPPn><sln:miejscIIPWersja>2016-11-24T13:38:15+02:00</sln:miejscIIPWersja><sln:miejscIdTeryt>0300950</sln:miejscIdTeryt><sln:miejscNazwa>Beznazwa</sln:miejscNazwa><sln:miejscRodzaj>Wieś</sln:miejscRodzaj><sln:powIIPId>79b9bef2-0ca5-413e-954c-fa6e3ad10210</sln:powIIPId><sln:powIIPPn>PL.PZGIK.200</sln:powIIPPn><sln:powIIPWersja>2012-09-27T08:59:03+02:00</sln:powIIPWersja><sln:powIdTeryt>3027</sln:powIdTeryt><sln:powNazwa>turecki</sln:powNazwa><sln:wojIIPId>c606b01a-76c8-480d-9470-f24ca0d7a613</sln:wojIIPId><sln:wojIIPPn>PL.PZGIK.200</sln:wojIIPPn><sln:wojIIPWersja>2016-05-05T18:20:48+02:00</sln:wojIIPWersja><sln:wojIdTeryt>30</sln:wojIdTeryt><sln:wojNazwa>wielkopolskie</sln:wojNazwa></sln:miejscowosc><sln:miejscowosc><sln:cyklZyciaDo>2016-11-27T00:00:00+01:00</sln:cyklZyciaDo><sln:cyklZyciaOd>2012-04-26T00:00:00+02:00</sln:cyklZyciaOd><sln:gmIIPId>6158a95d-c3cc-4825-b064-ba9c237ea351</sln:gmIIPId><sln:gmIIPPn>PL.PZGIK.200</sln:gmIIPPn><sln:gmIIPWersja>2012-09-26T22:23:47+02:00</sln:gmIIPWersja><sln:gmIdTeryt>3027092</sln:gmIdTeryt><sln:gmNazwa>Władysławów</sln:gmNazwa><sln:miejscIIPId>8f1eed04-0774-4ada-a30a-56aadba93c51</sln:miejscIIPId><sln:miejscIIPPn>PL.PZGIK.200</sln:miejscIIPPn><sln:miejscIIPWersja>2016-11-24T13:38:24+02:00</sln:miejscIIPWersja><sln:miejscIdTeryt>0300995</sln:miejscIdTeryt><sln:miejscNazwa>Jabłonna</sln:miejscNazwa><sln:miejscRodzaj>Wieś</sln:miejscRodzaj><sln:powIIPId>79b9bef2-0ca5-413e-954c-fa6e3ad10210</sln:powIIPId><sln:powIIPPn>PL.PZGIK.200</sln:powIIPPn><sln:powIIPWersja>2012-09-27T08:59:03+02:00</sln:powIIPWersja><sln:powIdTeryt>3027</sln:powIdTeryt><sln:powNazwa>turecki</sln:powNazwa><sln:wojIIPId>c606b01a-76c8-480d-9470-f24ca0d7a613</sln:wojIIPId><sln:wojIIPPn>PL.PZGIK.200</sln:wojIIPPn><sln:wojIIPWersja>2016-05-05T18:20:48+02:00</sln:wojIIPWersja><sln:wojIdTeryt>30</sln:wojIdTeryt><sln:wojNazwa>wielkopolskie</sln:wojNazwa></sln:miejscowosc><sln:miejscowosc><sln:cyklZyciaDo>2016-11-27T00:00:00+01:00</sln:cyklZyciaDo><sln:cyklZyciaOd>2012-04-26T00:00:00+02:00</sln:cyklZyciaOd><sln:gmIIPId>6158a95d-c3cc-4825-b064-ba9c237ea351</sln:gmIIPId><sln:gmIIPPn>PL.PZGIK.200</sln:gmIIPPn><sln:gmIIPWersja>2012-09-26T22:23:47+02:00</sln:gmIIPWersja><sln:gmIdTeryt>3027092</sln:gmIdTeryt><sln:gmNazwa>Władysławów</sln:gmNazwa><sln:miejscIIPId>e3be7c2b-8764-4ff7-8175-57b993f62683</sln:miejscIIPId><sln:miejscIIPPn>PL.PZGIK.200</sln:miejscIIPPn><sln:miejscIIPWersja>2016-11-24T13:39:11+02:00</sln:miejscIIPWersja><sln:miejscIdTeryt>0301003</sln:miejscIdTeryt><sln:miejscNazwa>Kamionka</sln:miejscNazwa><sln:miejscRodzaj>Wieś</sln:miejscRodzaj><sln:powIIPId>79b9bef2-0ca5-413e-954c-fa6e3ad10210</sln:powIIPId><sln:powIIPPn>PL.PZGIK.200</sln:powIIPPn><sln:powIIPWersja>2012-09-27T08:59:03+02:00</sln:powIIPWersja><sln:powIdTeryt>3027</sln:powIdTeryt><sln:powNazwa>turecki</sln:powNazwa><sln:wojIIPId>c606b01a-76c8-480d-9470-f24ca0d7a613</sln:wojIIPId><sln:wojIIPPn>PL.PZGIK.200</sln:wojIIPPn><sln:wojIIPWersja>2016-05-05T18:20:48+02:00</sln:wojIIPWersja><sln:wojIdTeryt>30</sln:wojIdTeryt><sln:wojNazwa>wielkopolskie</sln:wojNazwa></sln:miejscowosc><sln:miejscowosc><sln:cyklZyciaDo>2016-11-27T00:00:00+01:00</sln:cyklZyciaDo><sln:cyklZyciaOd>2012-04-26T00:00:00+02:00</sln:cyklZyciaOd><sln:gmIIPId>6158a95d-c3cc-4825-b064-ba9c237ea351</sln:gmIIPId><sln:gmIIPPn>PL.PZGIK.200</sln:gmIIPPn><sln:gmIIPWersja>2012-09-26T22:23:47+02:00</sln:gmIIPWersja><sln:gmIdTeryt>3027092</sln:gmIdTeryt><sln:gmNazwa>Władysławów</sln:gmNazwa><sln:miejscIIPId>dd75e152-f2c6-4e27-adeb-aa9a73b75144</sln:miejscIIPId><sln:miejscIIPPn>PL.PZGIK.200</sln:miejscIIPPn><sln:miejscIIPWersja>2016-11-24T13:40:58+02:00</sln:miejscIIPWersja><sln:miejscIdTeryt>0301032</sln:miejscIdTeryt><sln:miejscNazwa>Leonia</sln:miejscNazwa><sln:miejscRodzaj>Wieś</sln:miejscRodzaj><sln:powIIPId>79b9bef2-0ca5-413e-954c-fa6e3ad10210</sln:powIIPId><sln:powIIPPn>PL.PZGIK.200</sln:powIIPPn><sln:powIIPWersja>2012-09-27T08:59:03+02:00</sln:powIIPWersja><sln:powIdTeryt>3027</sln:powIdTeryt><sln:powNazwa>turecki</sln:powNazwa><sln:wojIIPId>c606b01a-76c8-480d-9470-f24ca0d7a613</sln:wojIIPId><sln:wojIIPPn>PL.PZGIK.200</sln:wojIIPPn><sln:wojIIPWersja>2016-05-05T18:20:48+02:00</sln:wojIIPWersja><sln:wojIdTeryt>30</sln:wojIdTeryt><sln:wojNazwa>wielkopolskie</sln:wojNazwa></sln:miejscowosc><sln:miejscowosc><sln:cyklZyciaDo>2016-11-27T00:00:00+01:00</sln:cyklZyciaDo><sln:cyklZyciaOd>2012-04-26T00:00:00+02:00</sln:cyklZyciaOd><sln:gmIIPId>6158a95d-c3cc-4825-b064-ba9c237ea351</sln:gmIIPId><sln:gmIIPPn>PL.PZGIK.200</sln:gmIIPPn><sln:gmIIPWersja>2012-09-26T22:23:47+02:00</sln:gmIIPWersja><sln:gmIdTeryt>3027092</sln:gmIdTeryt><sln:gmNazwa>Władysławów</sln:gmNazwa><sln:miejscIIPId>c0b8d815-6ad7-4be9-aba5-bc5130bc415f</sln:miejscIIPId><sln:miejscIIPPn>PL.PZGIK.200</sln:miejscIIPPn><sln:miejscIIPWersja>2016-11-24T13:40:41+02:00</sln:miejscIIPWersja><sln:miejscIdTeryt>0301010</sln:miejscIdTeryt><sln:miejscNazwa>Kuny</sln:miejscNazwa><sln:miejscRodzaj>Wieś</sln:miejscRodzaj><sln:powIIPId>79b9bef2-0ca5-413e-954c-fa6e3ad10210</sln:powIIPId><sln:powIIPPn>PL.PZGIK.200</sln:powIIPPn><sln:powIIPWersja>2012-09-27T08:59:03+02:00</sln:powIIPWersja><sln:powIdTeryt>3027</sln:powIdTeryt><sln:powNazwa>turecki</sln:powNazwa><sln:wojIIPId>c606b01a-76c8-480d-9470-f24ca0d7a613</sln:wojIIPId><sln:wojIIPPn>PL.PZGIK.200</sln:wojIIPPn><sln:wojIIPWersja>2016-05-05T18:20:48+02:00</sln:wojIIPWersja><sln:wojIdTeryt>30</sln:wojIdTeryt><sln:wojNazwa>wielkopolskie</sln:wojNazwa></sln:miejscowosc><sln:miejscowosc><sln:cyklZyciaDo>2016-11-27T00:00:00+01:00</sln:cyklZyciaDo><sln:cyklZyciaOd>2012-04-26T00:00:00+02:00</sln:cyklZyciaOd><sln:gmIIPId>6158a95d-c3cc-4825-b064-ba9c237ea351</sln:gmIIPId><sln:gmIIPPn>PL.PZGIK.200</sln:gmIIPPn><sln:gmIIPWersja>2012-09-26T22:23:47+02:00</sln:gmIIPWersja><sln:gmIdTeryt>3027092</sln:gmIdTeryt><sln:gmNazwa>Władysławów</sln:gmNazwa><sln:miejscIIPId>8cd8ad90-d442-4b20-b41b-36bae9535e4a</sln:miejscIIPId><sln:miejscIIPPn>PL.PZGIK.200</sln:miejscIIPPn><sln:miejscIIPWersja>2016-11-24T13:42:00+02:00</sln:miejscIIPWersja><sln:miejscIdTeryt>0301061</sln:miejscIdTeryt><sln:miejscNazwa>Mariantów</sln:miejscNazwa><sln:miejscRodzaj>Wieś</sln:miejscRodzaj><sln:powIIPId>79b9bef2-0ca5-413e-954c-fa6e3ad10210</sln:powIIPId><sln:powIIPPn>PL.PZGIK.200</sln:powIIPPn><sln:powIIPWersja>2012-09-27T08:59:03+02:00</sln:powIIPWersja><sln:powIdTeryt>3027</sln:powIdTeryt><sln:powNazwa>turecki</sln:powNazwa><sln:wojIIPId>c606b01a-76c8-480d-9470-f24ca0d7a613</sln:wojIIPId><sln:wojIIPPn>PL.PZGIK.200</sln:wojIIPPn><sln:wojIIPWersja>2016-05-05T18:20:48+02:00</sln:wojIIPWersja><sln:wojIdTeryt>30</sln:wojIdTeryt><sln:wojNazwa>wielkopolskie</sln:wojNazwa></sln:miejscowosc><sln:miejscowosc><sln:cyklZyciaDo>2016-11-27T00:00:00+01:00</sln:cyklZyciaDo><sln:cyklZyciaOd>2012-04-26T00:00:00+02:00</sln:cyklZyciaOd><sln:gmIIPId>6158a95d-c3cc-4825-b064-ba9c237ea351</sln:gmIIPId><sln:gmIIPPn>PL.PZGIK.200</sln:gmIIPPn><sln:gmIIPWersja>2012-09-26T22:23:47+02:00</sln:gmIIPWersja><sln:gmIdTeryt>3027092</sln:gmIdTeryt><sln:gmNazwa>Władysławów</sln:gmNazwa><sln:miejscIIPId>3e61ff62-dfe7-4493-a3f8-39df49e77eab</sln:miejscIIPId><sln:miejscIIPPn>PL.PZGIK.200</sln:miejscIIPPn><sln:miejscIIPWersja>2016-11-24T13:41:51+02:00</sln:miejscIIPWersja><sln:miejscIdTeryt>0301055</sln:miejscIdTeryt><sln:miejscNazwa>Małoszyna</sln:miejscNazwa><sln:miejscRodzaj>Wieś</sln:miejscRodzaj><sln:powIIPId>79b9bef2-0ca5-413e-954c-fa6e3ad10210</sln:powIIPId><sln:powIIPPn>PL.PZGIK.200</sln:powIIPPn><sln:powIIPWersja>2012-09-27T08:59:03+02:00</sln:powIIPWersja><sln:powIdTeryt>3027</sln:powIdTeryt><sln:powNazwa>turecki</sln:powNazwa><sln:wojIIPId>c606b01a-76c8-480d-9470-f24ca0d7a613</sln:wojIIPId><sln:wojIIPPn>PL.PZGIK.200</sln:wojIIPPn><sln:wojIIPWersja>2016-05-05T18:20:48+02:00</sln:wojIIPWersja><sln:wojIdTeryt>30</sln:wojIdTeryt><sln:wojNazwa>wielkopolskie</sln:wojNazwa></sln:miejscowosc><sln:miejscowosc><sln:cyklZyciaDo>2016-11-27T00:00:00+01:00</sln:cyklZyciaDo><sln:cyklZyciaOd>2012-04-26T00:00:00+02:00</sln:cyklZyciaOd><sln:gmIIPId>6158a95d-c3cc-4825-b064-ba9c237ea351</sln:gmIIPId><sln:gmIIPPn>PL.PZGIK.200</sln:gmIIPPn><sln:gmIIPWersja>2012-09-26T22:23:47+02:00</sln:gmIIPWersja><sln:gmIdTeryt>3027092</sln:gmIdTeryt><sln:gmNazwa>Władysławów</sln:gmNazwa><sln:miejscIIPId>5decbcf7-d80c-4d8d-ab55-cd27b8476ecb</sln:miejscIIPId><sln:miejscIIPPn>PL.PZGIK.200</sln:miejscIIPPn><sln:miejscIIPWersja>2016-11-24T13:42:20+02:00</sln:miejscIIPWersja><sln:miejscIdTeryt>0301109</sln:miejscIdTeryt><sln:miejscNazwa>Milinów</sln:miejscNazwa><sln:miejscRodzaj>Wieś</sln:miejscRodzaj><sln:powIIPId>79b9bef2-0ca5-413e-954c-fa6e3ad10210</sln:powIIPId><sln:powIIPPn>PL.PZGIK.200</sln:powIIPPn><sln:powIIPWersja>2012-09-27T08:59:03+02:00</sln:powIIPWersja><sln:powIdTeryt>3027</sln:powIdTeryt><sln:powNazwa>turecki</sln:powNazwa><sln:wojIIPId>c606b01a-76c8-480d-9470-f24ca0d7a613</sln:wojIIPId><sln:wojIIPPn>PL.PZGIK.200</sln:wojIIPPn><sln:wojIIPWersja>2016-05-05T18:20:48+02:00</sln:wojIIPWersja><sln:wojIdTeryt>30</sln:wojIdTeryt><sln:wojNazwa>wielkopolskie</sln:wojNazwa></sln:miejscowosc><sln:miejscowosc><sln:cyklZyciaDo>2016-11-27T00:00:00+01:00</sln:cyklZyciaDo><sln:cyklZyciaOd>2012-04-26T00:00:00+02:00</sln:cyklZyciaOd><sln:gmIIPId>6158a95d-c3cc-4825-b064-ba9c237ea351</sln:gmIIPId><sln:gmIIPPn>PL.PZGIK.200</sln:gmIIPPn><sln:gmIIPWersja>2012-09-26T22:23:47+02:00</sln:gmIIPWersja><sln:gmIdTeryt>3027092</sln:gmIdTeryt><sln:gmNazwa>Władysławów</sln:gmNazwa><sln:miejscIIPId>6367c7f8-e241-4073-a593-7e7c8887b145</sln:miejscIIPId><sln:miejscIIPPn>PL.PZGIK.200</sln:miejscIIPPn><sln:miejscIIPWersja>2016-11-24T13:42:16+02:00</sln:miejscIIPWersja><sln:miejscIdTeryt>0301084</sln:miejscIdTeryt><sln:miejscNazwa>Międzylesie</sln:miejscNazwa><sln:miejscRodzaj>Wieś</sln:miejscRodzaj><sln:powIIPId>79b9bef2-0ca5-413e-954c-fa6e3ad10210</sln:powIIPId><sln:powIIPPn>PL.PZGIK.200</sln:powIIPPn><sln:powIIPWersja>2012-09-27T08:59:03+02:00</sln:powIIPWersja><sln:powIdTeryt>3027</sln:powIdTeryt><sln:powNazwa>turecki</sln:powNazwa><sln:wojIIPId>c606b01a-76c8-480d-9470-f24ca0d7a613</sln:wojIIPId><sln:wojIIPPn>PL.PZGIK.200</sln:wojIIPPn><sln:wojIIPWersja>2016-05-05T18:20:48+02:00</sln:wojIIPWersja><sln:wojIdTeryt>30</sln:wojIdTeryt><sln:wojNazwa>wielkopolskie</sln:wojNazwa></sln:miejscowosc><sln:miejscowosc><sln:cyklZyciaDo>2016-11-27T00:00:00+01:00</sln:cyklZyciaDo><sln:cyklZyciaOd>2012-04-26T00:00:00+02:00</sln:cyklZyciaOd><sln:gmIIPId>6158a95d-c3cc-4825-b064-ba9c237ea351</sln:gmIIPId><sln:gmIIPPn>PL.PZGIK.200</sln:gmIIPPn><sln:gmIIPWersja>2012-09-26T22:23:47+02:00</sln:gmIIPWersja><sln:gmIdTeryt>3027092</sln:gmIdTeryt><sln:gmNazwa>Władysławów</sln:gmNazwa><sln:miejscIIPId>00c3f2c0-c0da-4da9-95b1-7d2b46cf2459</sln:miejscIIPId><sln:miejscIIPPn>PL.PZGIK.200</sln:miejscIIPPn><sln:miejscIIPWersja>2016-11-24T13:42:53+02:00</sln:miejscIIPWersja><sln:miejscIdTeryt>0301115</sln:miejscIdTeryt><sln:miejscNazwa>Natalia</sln:miejscNazwa><sln:miejscRodzaj>Wieś</sln:miejscRodzaj><sln:powIIPId>79b9bef2-0ca5-413e-954c-fa6e3ad10210</sln:powIIPId><sln:powIIPPn>PL.PZGIK.200</sln:powIIPPn><sln:powIIPWersja>2012-09-27T08:59:03+02:00</sln:powIIPWersja><sln:powIdTeryt>3027</sln:powIdTeryt><sln:powNazwa>turecki</sln:powNazwa><sln:wojIIPId>c606b01a-76c8-480d-9470-f24ca0d7a613</sln:wojIIPId><sln:wojIIPPn>PL.PZGIK.200</sln:wojIIPPn><sln:wojIIPWersja>2016-05-05T18:20:48+02:00</sln:wojIIPWersja><sln:wojIdTeryt>30</sln:wojIdTeryt><sln:wojNazwa>wielkopolskie</sln:wojNazwa></sln:miejscowosc><sln:miejscowosc><sln:cyklZyciaDo>2016-11-27T00:00:00+01:00</sln:cyklZyciaDo><sln:cyklZyciaOd>2012-04-26T00:00:00+02:00</sln:cyklZyciaOd><sln:gmIIPId>6158a95d-c3cc-4825-b064-ba9c237ea351</sln:gmIIPId><sln:gmIIPPn>PL.PZGIK.200</sln:gmIIPPn><sln:gmIIPWersja>2012-09-26T22:23:47+02:00</sln:gmIIPWersja><sln:gmIdTeryt>3027092</sln:gmIdTeryt><sln:gmNazwa>Władysławów</sln:gmNazwa><sln:miejscIIPId>91bbf4fd-d33f-468b-bd05-2ffed67c77be</sln:miejscIIPId><sln:miejscIIPPn>PL.PZGIK.200</sln:miejscIIPPn><sln:miejscIIPWersja>2016-11-24T13:43:51+02:00</sln:miejscIIPWersja><sln:miejscIdTeryt>0301049</sln:miejscIdTeryt><sln:miejscNazwa>Olesin</sln:miejscNazwa><sln:miejscRodzaj>Wieś</sln:miejscRodzaj><sln:powIIPId>79b9bef2-0ca5-413e-954c-fa6e3ad10210</sln:powIIPId><sln:powIIPPn>PL.PZGIK.200</sln:powIIPPn><sln:powIIPWersja>2012-09-27T08:59:03+02:00</sln:powIIPWersja><sln:powIdTeryt>3027</sln:powIdTeryt><sln:powNazwa>turecki</sln:powNazwa><sln:wojIIPId>c606b01a-76c8-480d-9470-f24ca0d7a613</sln:wojIIPId><sln:wojIIPPn>PL.PZGIK.200</sln:wojIIPPn><sln:wojIIPWersja>2016-05-05T18:20:48+02:00</sln:wojIIPWersja><sln:wojIdTeryt>30</sln:wojIdTeryt><sln:wojNazwa>wielkopolskie</sln:wojNazwa></sln:miejscowosc><sln:miejscowosc><sln:cyklZyciaDo>2016-11-27T00:00:00+01:00</sln:cyklZyciaDo><sln:cyklZyciaOd>2012-04-26T00:00:00+02:00</sln:cyklZyciaOd><sln:gmIIPId>6158a95d-c3cc-4825-b064-ba9c237ea351</sln:gmIIPId><sln:gmIIPPn>PL.PZGIK.200</sln:gmIIPPn><sln:gmIIPWersja>2012-09-26T22:23:47+02:00</sln:gmIIPWersja><sln:gmIdTeryt>3027092</sln:gmIdTeryt><sln:gmNazwa>Władysławów</sln:gmNazwa><sln:miejscIIPId>7ba02227-53b0-4af5-9d1a-91223e43ae27</sln:miejscIIPId><sln:miejscIIPPn>PL.PZGIK.200</sln:miejscIIPPn><sln:miejscIIPWersja>2016-11-24T13:56:29+02:00</sln:miejscIIPWersja><sln:miejscIdTeryt>0301026</sln:miejscIdTeryt><sln:miejscNIIPId>c0b8d815-6ad7-4be9-aba5-bc5130bc415f</sln:miejscNIIPId><sln:miejscNIIPPn>PL.PZGIK.200</sln:miejscNIIPPn><sln:miejscNIIPWersja>2016-11-24T13:40:41+02:00</sln:miejscNIIPWersja><sln:miejscNIdTeryt>0301010</sln:miejscNIdTeryt><sln:miejscNNazwa>Kuny</sln:miejscNNazwa><sln:miejscNRodzaj>Wieś</sln:miejscNRodzaj><sln:miejscNazwa>Józefów</sln:miejscNazwa><sln:miejscRodzaj>Inny obiekt</sln:miejscRodzaj><sln:powIIPId>79b9bef2-0ca5-413e-954c-fa6e3ad10210</sln:powIIPId><sln:powIIPPn>PL.PZGIK.200</sln:powIIPPn><sln:powIIPWersja>2012-09-27T08:59:03+02:00</sln:powIIPWersja><sln:powIdTeryt>3027</sln:powIdTeryt><sln:powNazwa>turecki</sln:powNazwa><sln:wojIIPId>c606b01a-76c8-480d-9470-f24ca0d7a613</sln:wojIIPId><sln:wojIIPPn>PL.PZGIK.200</sln:wojIIPPn><sln:wojIIPWersja>2016-05-05T18:20:48+02:00</sln:wojIIPWersja><sln:wojIdTeryt>30</sln:wojIdTeryt><sln:wojNazwa>wielkopolskie</sln:wojNazwa></sln:miejscowosc><sln:miejscowosc><sln:cyklZyciaDo>2016-11-27T00:00:00+01:00</sln:cyklZyciaDo><sln:cyklZyciaOd>2012-04-26T00:00:00+02:00</sln:cyklZyciaOd><sln:gmIIPId>6158a95d-c3cc-4825-b064-ba9c237ea351</sln:gmIIPId><sln:gmIIPPn>PL.PZGIK.200</sln:gmIIPPn><sln:gmIIPWersja>2012-09-26T22:23:47+02:00</sln:gmIIPWersja><sln:gmIdTeryt>3027092</sln:gmIdTeryt><sln:gmNazwa>Władysławów</sln:gmNazwa><sln:miejscIIPId>d0a00f82-a4be-4065-9e1b-103a3584b82b</sln:miejscIIPId><sln:miejscIIPPn>PL.PZGIK.200</sln:miejscIIPPn><sln:miejscIIPWersja>2016-11-24T13:50:11+02:00</sln:miejscIIPWersja><sln:miejscIdTeryt>0300972</sln:miejscIdTeryt><sln:miejscNIIPId>a445ba27-0312-49d9-95ed-7f15aa96cb48</sln:miejscNIIPId><sln:miejscNIIPPn>PL.PZGIK.200</sln:miejscNIIPPn><sln:miejscNIIPWersja>2016-11-24T13:33:26+02:00</sln:miejscNIIPWersja><sln:miejscNIdTeryt>0301210</sln:miejscNIdTeryt><sln:miejscNNazwa>Władysławów</sln:miejscNNazwa><sln:miejscNRodzaj>Wieś</sln:miejscNRodzaj><sln:miejscNazwa>Felicjanów</sln:miejscNazwa><sln:miejscRodzaj>Inny obiekt</sln:miejscRodzaj><sln:powIIPId>79b9bef2-0ca5-413e-954c-fa6e3ad10210</sln:powIIPId><sln:powIIPPn>PL.PZGIK.200</sln:powIIPPn><sln:powIIPWersja>2012-09-27T08:59:03+02:00</sln:powIIPWersja><sln:powIdTeryt>3027</sln:powIdTeryt><sln:powNazwa>turecki</sln:powNazwa><sln:wojIIPId>c606b01a-76c8-480d-9470-f24ca0d7a613</sln:wojIIPId><sln:wojIIPPn>PL.PZGIK.200</sln:wojIIPPn><sln:wojIIPWersja>2016-05-05T18:20:48+02:00</sln:wojIIPWersja><sln:wojIdTeryt>30</sln:wojIdTeryt><sln:wojNazwa>wielkopolskie</sln:wojNazwa></sln:miejscowosc><sln:miejscowosc><sln:cyklZyciaDo>2016-11-27T00:00:00+01:00</sln:cyklZyciaDo><sln:cyklZyciaOd>2012-04-26T00:00:00+02:00</sln:cyklZyciaOd><sln:gmIIPId>6158a95d-c3cc-4825-b064-ba9c237ea351</sln:gmIIPId><sln:gmIIPPn>PL.PZGIK.200</sln:gmIIPPn><sln:gmIIPWersja>2012-09-26T22:23:47+02:00</sln:gmIIPWersja><sln:gmIdTeryt>3027092</sln:gmIdTeryt><sln:gmNazwa>Władysławów</sln:gmNazwa><sln:miejscIIPId>ce81aa81-a145-4c30-a306-226e3d1e8c8c</sln:miejscIIPId><sln:miejscIIPPn>PL.PZGIK.200</sln:miejscIIPPn><sln:miejscIIPWersja>2016-11-24T13:57:40+02:00</sln:miejscIIPWersja><sln:miejscIdTeryt>0301078</sln:miejscIdTeryt><sln:miejscNIIPId>8cd8ad90-d442-4b20-b41b-36bae9535e4a</sln:miejscNIIPId><sln:miejscNIIPPn>PL.PZGIK.200</sln:miejscNIIPPn><sln:miejscNIIPWersja>2016-11-24T13:42:00+02:00</sln:miejscNIIPWersja><sln:miejscNIdTeryt>0301061</sln:miejscNIdTeryt><sln:miejscNNazwa>Mariantów</sln:miejscNNazwa><sln:miejscNRodzaj>Wieś</sln:miejscNRodzaj><sln:miejscNazwa>Wandów</sln:miejscNazwa><sln:miejscRodzaj>Inny obiekt</sln:miejscRodzaj><sln:powIIPId>79b9bef2-0ca5-413e-954c-fa6e3ad10210</sln:powIIPId><sln:powIIPPn>PL.PZGIK.200</sln:powIIPPn><sln:powIIPWersja>2012-09-27T08:59:03+02:00</sln:powIIPWersja><sln:powIdTeryt>3027</sln:powIdTeryt><sln:powNazwa>turecki</sln:powNazwa><sln:wojIIPId>c606b01a-76c8-480d-9470-f24ca0d7a613</sln:wojIIPId><sln:wojIIPPn>PL.PZGIK.200</sln:wojIIPPn><sln:wojIIPWersja>2016-05-05T18:20:48+02:00</sln:wojIIPWersja><sln:wojIdTeryt>30</sln:wojIdTeryt><sln:wojNazwa>wielkopolskie</sln:wojNazwa></sln:miejscowosc><sln:miejscowosc><sln:cyklZyciaDo>2016-11-27T00:00:00+01:00</sln:cyklZyciaDo><sln:cyklZyciaOd>2012-04-26T00:00:00+02:00</sln:cyklZyciaOd><sln:gmIIPId>6158a95d-c3cc-4825-b064-ba9c237ea351</sln:gmIIPId><sln:gmIIPPn>PL.PZGIK.200</sln:gmIIPPn><sln:gmIIPWersja>2012-09-26T22:23:47+02:00</sln:gmIIPWersja><sln:gmIdTeryt>3027092</sln:gmIdTeryt><sln:gmNazwa>Władysławów</sln:gmNazwa><sln:miejscIIPId>58536c32-e298-408e-a154-a59847302065</sln:miejscIIPId><sln:miejscIIPPn>PL.PZGIK.200</sln:miejscIIPPn><sln:miejscIIPWersja>2016-11-24T13:57:55+02:00</sln:miejscIIPWersja><sln:miejscIdTeryt>0301090</sln:miejscIdTeryt><sln:miejscNIIPId>6367c7f8-e241-4073-a593-7e7c8887b145</sln:miejscNIIPId><sln:miejscNIIPPn>PL.PZGIK.200</sln:miejscNIIPPn><sln:miejscNIIPWersja>2016-11-24T13:42:16+02:00</sln:miejscNIIPWersja><sln:miejscNIdTeryt>0301084</sln:miejscNIdTeryt><sln:miejscNNazwa>Międzylesie</sln:miejscNNazwa><sln:miejscNRodzaj>Wieś</sln:miejscNRodzaj><sln:miejscNazwa>Przemysławów</sln:miejscNazwa><sln:miejscRodzaj>Inny obiekt</sln:miejscRodzaj><sln:powIIPId>79b9bef2-0ca5-413e-954c-fa6e3ad10210</sln:powIIPId><sln:powIIPPn>PL.PZGIK.200</sln:powIIPPn><sln:powIIPWersja>2012-09-27T08:59:03+02:00</sln:powIIPWersja><sln:powIdTeryt>3027</sln:powIdTeryt><sln:powNazwa>turecki</sln:powNazwa><sln:wojIIPId>c606b01a-76c8-480d-9470-f24ca0d7a613</sln:wojIIPId><sln:wojIIPPn>PL.PZGIK.200</sln:wojIIPPn><sln:wojIIPWersja>2016-05-05T18:20:48+02:00</sln:wojIIPWersja><sln:wojIdTeryt>30</sln:wojIdTeryt><sln:wojNazwa>wielkopolskie</sln:wojNazwa></sln:miejscowosc><sln:miejscowosc><sln:cyklZyciaOd>2016-11-27T00:00:00+01:00</sln:cyklZyciaOd><sln:gmIIPId>6158a95d-c3cc-4825-b064-ba9c237ea351</sln:gmIIPId><sln:gmIIPPn>PL.PZGIK.200</sln:gmIIPPn><sln:gmIIPWersja>2012-09-26T22:23:47+02:00</sln:gmIIPWersja><sln:gmIdTeryt>3027092</sln:gmIdTeryt><sln:gmNazwa>Władysławów</sln:gmNazwa><sln:miejscIIPId>2c500c05-b0c0-4664-ae59-451631b31af7</sln:miejscIIPId><sln:miejscIIPPn>PL.PZGIK.200</sln:miejscIIPPn><sln:miejscIIPWersja>2016-11-27T19:46:09+02:00</sln:miejscIIPWersja><sln:miejscIdTeryt>0301121</sln:miejscIdTeryt><sln:miejscNazwa>Piorunów</sln:miejscNazwa><sln:miejscRodzaj>Wieś</sln:miejscRodzaj><sln:powIIPId>79b9bef2-0ca5-413e-954c-fa6e3ad10210</sln:powIIPId><sln:powIIPPn>PL.PZGIK.200</sln:powIIPPn><sln:powIIPWersja>2012-09-27T08:59:03+02:00</sln:powIIPWersja><sln:powIdTeryt>3027</sln:powIdTeryt><sln:powNazwa>turecki</sln:powNazwa><sln:wojIIPId>c606b01a-76c8-480d-9470-f24ca0d7a613</sln:wojIIPId><sln:wojIIPPn>PL.PZGIK.200</sln:wojIIPPn><sln:wojIIPWersja>2016-05-05T18:20:48+02:00</sln:wojIIPWersja><sln:wojIdTeryt>30</sln:wojIdTeryt><sln:wojNazwa>wielkopolskie</sln:wojNazwa></sln:miejscowosc><sln:miejscowosc><sln:cyklZyciaOd>2016-11-27T00:00:00+01:00</sln:cyklZyciaOd><sln:gmIIPId>6158a95d-c3cc-4825-b064-ba9c237ea351</sln:gmIIPId><sln:gmIIPPn>PL.PZGIK.200</sln:gmIIPPn><sln:gmIIPWersja>2012-09-26T22:23:47+02:00</sln:gmIIPWersja><sln:gmIdTeryt>3027092</sln:gmIdTeryt><sln:gmNazwa>Władysławów</sln:gmNazwa><sln:miejscIIPId>4da0c202-7f52-4c3b-a401-2efad6411bd6</sln:miejscIIPId><sln:miejscIIPPn>PL.PZGIK.200</sln:miejscIIPPn><sln:miejscIIPWersja>2016-11-27T19:46:15+02:00</sln:miejscIIPWersja><sln:miejscIdTeryt>0301138</sln:miejscIdTeryt><sln:miejscNazwa>Polichno</sln:miejscNazwa><sln:miejscRodzaj>Wieś</sln:miejscRodzaj><sln:powIIPId>79b9bef2-0ca5-413e-954c-fa6e3ad10210</sln:powIIPId><sln:powIIPPn>PL.PZGIK.200</sln:powIIPPn><sln:powIIPWersja>2012-09-27T08:59:03+02:00</sln:powIIPWersja><sln:powIdTeryt>3027</sln:powIdTeryt><sln:powNazwa>turecki</sln:powNazwa><sln:wojIIPId>c606b01a-76c8-480d-9470-f24ca0d7a613</sln:wojIIPId><sln:wojIIPPn>PL.PZGIK.200</sln:wojIIPPn><sln:wojIIPWersja>2016-05-05T18:20:48+02:00</sln:wojIIPWersja><sln:wojIdTeryt>30</sln:wojIdTeryt><sln:wojNazwa>wielkopolskie</sln:wojNazwa></sln:miejscowosc><sln:miejscowosc><sln:cyklZyciaOd>2016-11-27T00:00:00+01:00</sln:cyklZyciaOd><sln:gmIIPId>6158a95d-c3cc-4825-b064-ba9c237ea351</sln:gmIIPId><sln:gmIIPPn>PL.PZGIK.200</sln:gmIIPPn><sln:gmIIPWersja>2012-09-26T22:23:47+02:00</sln:gmIIPWersja><sln:gmIdTeryt>3027092</sln:gmIdTeryt><sln:gmNazwa>Władysławów</sln:gmNazwa><sln:miejscIIPId>ee1af905-3863-4486-875b-624da7b08bf4</sln:miejscIIPId><sln:miejscIIPPn>PL.PZGIK.200</sln:miejscIIPPn><sln:miejscIIPWersja>2016-11-27T19:46:15+02:00</sln:miejscIIPWersja><sln:miejscIdTeryt>0301144</sln:miejscIdTeryt><sln:miejscNazwa>Przyborów</sln:miejscNazwa><sln:miejscRodzaj>Wieś</sln:miejscRodzaj><sln:powIIPId>79b9bef2-0ca5-413e-954c-fa6e3ad10210</sln:powIIPId><sln:powIIPPn>PL.PZGIK.200</sln:powIIPPn><sln:powIIPWersja>2012-09-27T08:59:03+02:00</sln:powIIPWersja><sln:powIdTeryt>3027</sln:powIdTeryt><sln:powNazwa>turecki</sln:powNazwa><sln:wojIIPId>c606b01a-76c8-480d-9470-f24ca0d7a613</sln:wojIIPId><sln:wojIIPPn>PL.PZGIK.200</sln:wojIIPPn><sln:wojIIPWersja>2016-05-05T18:20:48+02:00</sln:wojIIPWersja><sln:wojIdTeryt>30</sln:wojIdTeryt><sln:wojNazwa>wielkopolskie</sln:wojNazwa></sln:miejscowosc><sln:miejscowosc><sln:cyklZyciaOd>2016-11-27T00:00:00+01:00</sln:cyklZyciaOd><sln:gmIIPId>6158a95d-c3cc-4825-b064-ba9c237ea351</sln:gmIIPId><sln:gmIIPPn>PL.PZGIK.200</sln:gmIIPPn><sln:gmIIPWersja>2012-09-26T22:23:47+02:00</sln:gmIIPWersja><sln:gmIdTeryt>3027092</sln:gmIdTeryt><sln:gmNazwa>Władysławów</sln:gmNazwa><sln:miejscIIPId>245b03f4-ba30-4aeb-bfe6-5d2b90aa771a</sln:miejscIIPId><sln:miejscIIPPn>PL.PZGIK.200</sln:miejscIIPPn><sln:miejscIIPWersja>2016-11-27T19:46:15+02:00</sln:miejscIIPWersja><sln:miejscIdTeryt>0301150</sln:miejscIdTeryt><sln:miejscNazwa>Russocice</sln:miejscNazwa><sln:miejscRodzaj>Wieś</sln:miejscRodzaj><sln:powIIPId>79b9bef2-0ca5-413e-954c-fa6e3ad10210</sln:powIIPId><sln:powIIPPn>PL.PZGIK.200</sln:powIIPPn><sln:powIIPWersja>2012-09-27T08:59:03+02:00</sln:powIIPWersja><sln:powIdTeryt>3027</sln:powIdTeryt><sln:powNazwa>turecki</sln:powNazwa><sln:wojIIPId>c606b01a-76c8-480d-9470-f24ca0d7a613</sln:wojIIPId><sln:wojIIPPn>PL.PZGIK.200</sln:wojIIPPn><sln:wojIIPWersja>2016-05-05T18:20:48+02:00</sln:wojIIPWersja><sln:wojIdTeryt>30</sln:wojIdTeryt><sln:wojNazwa>wielkopolskie</sln:wojNazwa></sln:miejscowosc><sln:miejscowosc><sln:cyklZyciaOd>2016-11-27T00:00:00+01:00</sln:cyklZyciaOd><sln:gmIIPId>6158a95d-c3cc-4825-b064-ba9c237ea351</sln:gmIIPId><sln:gmIIPPn>PL.PZGIK.200</sln:gmIIPPn><sln:gmIIPWersja>2012-09-26T22:23:47+02:00</sln:gmIIPWersja><sln:gmIdTeryt>3027092</sln:gmIdTeryt><sln:gmNazwa>Władysławów</sln:gmNazwa><sln:miejscIIPId>e06287c3-ae54-48ce-8c94-388db6689041</sln:miejscIIPId><sln:miejscIIPPn>PL.PZGIK.200</sln:miejscIIPPn><sln:miejscIIPWersja>2016-11-27T19:46:15+02:00</sln:miejscIIPWersja><sln:miejscIdTeryt>0301173</sln:miejscIdTeryt><sln:miejscNazwa>Skarbki</sln:miejscNazwa><sln:miejscRodzaj>Wieś</sln:miejscRodzaj><sln:powIIPId>79b9bef2-0ca5-413e-954c-fa6e3ad10210</sln:powIIPId><sln:powIIPPn>PL.PZGIK.200</sln:powIIPPn><sln:powIIPWersja>2012-09-27T08:59:03+02:00</sln:powIIPWersja><sln:powIdTeryt>3027</sln:powIdTeryt><sln:powNazwa>turecki</sln:powNazwa><sln:wojIIPId>c606b01a-76c8-480d-9470-f24ca0d7a613</sln:wojIIPId><sln:wojIIPPn>PL.PZGIK.200</sln:wojIIPPn><sln:wojIIPWersja>2016-05-05T18:20:48+02:00</sln:wojIIPWersja><sln:wojIdTeryt>30</sln:wojIdTeryt><sln:wojNazwa>wielkopolskie</sln:wojNazwa></sln:miejscowosc><sln:miejscowosc><sln:cyklZyciaOd>2016-11-27T00:00:00+01:00</sln:cyklZyciaOd><sln:gmIIPId>6158a95d-c3cc-4825-b064-ba9c237ea351</sln:gmIIPId><sln:gmIIPPn>PL.PZGIK.200</sln:gmIIPPn><sln:gmIIPWersja>2012-09-26T22:23:47+02:00</sln:gmIIPWersja><sln:gmIdTeryt>3027092</sln:gmIdTeryt><sln:gmNazwa>Władysławów</sln:gmNazwa><sln:miejscIIPId>6bfd975c-f2b1-42b5-a02d-f411fc27c853</sln:miejscIIPId><sln:miejscIIPPn>PL.PZGIK.200</sln:miejscIIPPn><sln:miejscIIPWersja>2016-11-27T19:46:15+02:00</sln:miejscIIPWersja><sln:miejscIdTeryt>0301180</sln:miejscIdTeryt><sln:miejscNazwa>Stawki</sln:miejscNazwa><sln:miejscRodzaj>Wieś</sln:miejscRodzaj><sln:powIIPId>79b9bef2-0ca5-413e-954c-fa6e3ad10210</sln:powIIPId><sln:powIIPPn>PL.PZGIK.200</sln:powIIPPn><sln:powIIPWersja>2012-09-27T08:59:03+02:00</sln:powIIPWersja><sln:powIdTeryt>3027</sln:powIdTeryt><sln:powNazwa>turecki</sln:powNazwa><sln:wojIIPId>c606b01a-76c8-480d-9470-f24ca0d7a613</sln:wojIIPId><sln:wojIIPPn>PL.PZGIK.200</sln:wojIIPPn><sln:wojIIPWersja>2016-05-05T18:20:48+02:00</sln:wojIIPWersja><sln:wojIdTeryt>30</sln:wojIdTeryt><sln:wojNazwa>wielkopolskie</sln:wojNazwa></sln:miejscowosc><sln:miejscowosc><sln:cyklZyciaOd>2016-11-27T00:00:00+01:00</sln:cyklZyciaOd><sln:gmIIPId>6158a95d-c3cc-4825-b064-ba9c237ea351</sln:gmIIPId><sln:gmIIPPn>PL.PZGIK.200</sln:gmIIPPn><sln:gmIIPWersja>2012-09-26T22:23:47+02:00</sln:gmIIPWersja><sln:gmIdTeryt>3027092</sln:gmIdTeryt><sln:gmNazwa>Władysławów</sln:gmNazwa><sln:miejscIIPId>818f7dae-e1af-4af2-af6a-3c65d16edaaf</sln:miejscIIPId><sln:miejscIIPPn>PL.PZGIK.200</sln:miejscIIPPn><sln:miejscIIPWersja>2016-11-27T19:46:15+02:00</sln:miejscIIPWersja><sln:miejscIdTeryt>0301196</sln:miejscIdTeryt><sln:miejscNazwa>Stefania</sln:miejscNazwa><sln:miejscRodzaj>Wieś</sln:miejscRodzaj><sln:powIIPId>79b9bef2-0ca5-413e-954c-fa6e3ad10210</sln:powIIPId><sln:powIIPPn>PL.PZGIK.200</sln:powIIPPn><sln:powIIPWersja>2012-09-27T08:59:03+02:00</sln:powIIPWersja><sln:powIdTeryt>3027</sln:powIdTeryt><sln:powNazwa>turecki</sln:powNazwa><sln:wojIIPId>c606b01a-76c8-480d-9470-f24ca0d7a613</sln:wojIIPId><sln:wojIIPPn>PL.PZGIK.200</sln:wojIIPPn><sln:wojIIPWersja>2016-05-05T18:20:48+02:00</sln:wojIIPWersja><sln:wojIdTeryt>30</sln:wojIdTeryt><sln:wojNazwa>wielkopolskie</sln:wojNazwa></sln:miejscowosc><sln:miejscowosc><sln:cyklZyciaOd>2016-11-27T00:00:00+01:00</sln:cyklZyciaOd><sln:gmIIPId>6158a95d-c3cc-4825-b064-ba9c237ea351</sln:gmIIPId><sln:gmIIPPn>PL.PZGIK.200</sln:gmIIPPn><sln:gmIIPWersja>2012-09-26T22:23:47+02:00</sln:gmIIPWersja><sln:gmIdTeryt>3027092</sln:gmIdTeryt><sln:gmNazwa>Władysławów</sln:gmNazwa><sln:miejscIIPId>c5715375-5ce0-4858-acb4-fc34ed1f1093</sln:miejscIIPId><sln:miejscIIPPn>PL.PZGIK.200</sln:miejscIIPPn><sln:miejscIIPWersja>2016-11-27T19:46:15+02:00</sln:miejscIIPWersja><sln:miejscIdTeryt>0301204</sln:miejscIdTeryt><sln:miejscNazwa>Tarnowski Młyn</sln:miejscNazwa><sln:miejscRodzaj>Wieś</sln:miejscRodzaj><sln:powIIPId>79b9bef2-0ca5-413e-954c-fa6e3ad10210</sln:powIIPId><sln:powIIPPn>PL.PZGIK.200</sln:powIIPPn><sln:powIIPWersja>2012-09-27T08:59:03+02:00</sln:powIIPWersja><sln:powIdTeryt>3027</sln:powIdTeryt><sln:powNazwa>turecki</sln:powNazwa><sln:wojIIPId>c606b01a-76c8-480d-9470-f24ca0d7a613</sln:wojIIPId><sln:wojIIPPn>PL.PZGIK.200</sln:wojIIPPn><sln:wojIIPWersja>2016-05-05T18:20:48+02:00</sln:wojIIPWersja><sln:wojIdTeryt>30</sln:wojIdTeryt><sln:wojNazwa>wielkopolskie</sln:wojNazwa></sln:miejscowosc><sln:miejscowosc><sln:cyklZyciaOd>2016-11-27T00:00:00+01:00</sln:cyklZyciaOd><sln:gmIIPId>6158a95d-c3cc-4825-b064-ba9c237ea351</sln:gmIIPId><sln:gmIIPPn>PL.PZGIK.200</sln:gmIIPPn><sln:gmIIPWersja>2012-09-26T22:23:47+02:00</sln:gmIIPWersja><sln:gmIdTeryt>3027092</sln:gmIdTeryt><sln:gmNazwa>Władysławów</sln:gmNazwa><sln:miejscIIPId>a445ba27-0312-49d9-95ed-7f15aa96cb48</sln:miejscIIPId><sln:miejscIIPPn>PL.PZGIK.200</sln:miejscIIPPn><sln:miejscIIPWersja>2016-11-27T19:46:16+02:00</sln:miejscIIPWersja><sln:miejscIdTeryt>0301210</sln:miejscIdTeryt><sln:miejscNazwa>Władysławów</sln:miejscNazwa><sln:miejscRodzaj>Wieś</sln:miejscRodzaj><sln:powIIPId>79b9bef2-0ca5-413e-954c-fa6e3ad10210</sln:powIIPId><sln:powIIPPn>PL.PZGIK.200</sln:powIIPPn><sln:powIIPWersja>2012-09-27T08:59:03+02:00</sln:powIIPWersja><sln:powIdTeryt>3027</sln:powIdTeryt><sln:powNazwa>turecki</sln:powNazwa><sln:wojIIPId>c606b01a-76c8-480d-9470-f24ca0d7a613</sln:wojIIPId><sln:wojIIPPn>PL.PZGIK.200</sln:wojIIPPn><sln:wojIIPWersja>2016-05-05T18:20:48+02:00</sln:wojIIPWersja><sln:wojIdTeryt>30</sln:wojIdTeryt><sln:wojNazwa>wielkopolskie</sln:wojNazwa></sln:miejscowosc><sln:miejscowosc><sln:cyklZyciaOd>2016-11-27T00:00:00+01:00</sln:cyklZyciaOd><sln:gmIIPId>6158a95d-c3cc-4825-b064-ba9c237ea351</sln:gmIIPId><sln:gmIIPPn>PL.PZGIK.200</sln:gmIIPPn><sln:gmIIPWersja>2012-09-26T22:23:47+02:00</sln:gmIIPWersja><sln:gmIdTeryt>3027092</sln:gmIdTeryt><sln:gmNazwa>Władysławów</sln:gmNazwa><sln:miejscIIPId>eac63e7d-c348-4257-991d-5f2efa6f4c11</sln:miejscIIPId><sln:miejscIIPPn>PL.PZGIK.200</sln:miejscIIPPn><sln:miejscIIPWersja>2016-11-27T19:46:16+02:00</sln:miejscIIPWersja><sln:miejscIdTeryt>0301227</sln:miejscIdTeryt><sln:miejscNazwa>Wyszyna</sln:miejscNazwa><sln:miejscRodzaj>Wieś</sln:miejscRodzaj><sln:powIIPId>79b9bef2-0ca5-413e-954c-fa6e3ad10210</sln:powIIPId><sln:powIIPPn>PL.PZGIK.200</sln:powIIPPn><sln:powIIPWersja>2012-09-27T08:59:03+02:00</sln:powIIPWersja><sln:powIdTeryt>3027</sln:powIdTeryt><sln:powNazwa>turecki</sln:powNazwa><sln:wojIIPId>c606b01a-76c8-480d-9470-f24ca0d7a613</sln:wojIIPId><sln:wojIIPPn>PL.PZGIK.200</sln:wojIIPPn><sln:wojIIPWersja>2016-05-05T18:20:48+02:00</sln:wojIIPWersja><sln:wojIdTeryt>30</sln:wojIdTeryt><sln:wojNazwa>wielkopolskie</sln:wojNazwa></sln:miejscowosc><sln:miejscowosc><sln:cyklZyciaOd>2016-11-27T00:00:00+01:00</sln:cyklZyciaOd><sln:gmIIPId>6158a95d-c3cc-4825-b064-ba9c237ea351</sln:gmIIPId><sln:gmIIPPn>PL.PZGIK.200</sln:gmIIPPn><sln:gmIIPWersja>2012-09-26T22:23:47+02:00</sln:gmIIPWersja><sln:gmIdTeryt>3027092</sln:gmIdTeryt><sln:gmNazwa>Władysławów</sln:gmNazwa><sln:miejscIIPId>9f50182a-0faf-4cf3-abef-872199ef4e19</sln:miejscIIPId><sln:miejscIIPPn>PL.PZGIK.200</sln:miejscIIPPn><sln:miejscIIPWersja>2016-11-27T19:46:16+02:00</sln:miejscIIPWersja><sln:miejscIdTeryt>0300966</sln:miejscIdTeryt><sln:miejscNazwa>Chylin</sln:miejscNazwa><sln:miejscRodzaj>Wieś</sln:miejscRodzaj><sln:powIIPId>79b9bef2-0ca5-413e-954c-fa6e3ad10210</sln:powIIPId><sln:powIIPPn>PL.PZGIK.200</sln:powIIPPn><sln:powIIPWersja>2012-09-27T08:59:03+02:00</sln:powIIPWersja><sln:powIdTeryt>3027</sln:powIdTeryt><sln:powNazwa>turecki</sln:powNazwa><sln:wojIIPId>c606b01a-76c8-480d-9470-f24ca0d7a613</sln:wojIIPId><sln:wojIIPPn>PL.PZGIK.200</sln:wojIIPPn><sln:wojIIPWersja>2016-05-05T18:20:48+02:00</sln:wojIIPWersja><sln:wojIdTeryt>30</sln:wojIdTeryt><sln:wojNazwa>wielkopolskie</sln:wojNazwa></sln:miejscowosc><sln:miejscowosc><sln:cyklZyciaOd>2016-11-27T00:00:00+01:00</sln:cyklZyciaOd><sln:gmIIPId>6158a95d-c3cc-4825-b064-ba9c237ea351</sln:gmIIPId><sln:gmIIPPn>PL.PZGIK.200</sln:gmIIPPn><sln:gmIIPWersja>2012-09-26T22:23:47+02:00</sln:gmIIPWersja><sln:gmIdTeryt>3027092</sln:gmIdTeryt><sln:gmNazwa>Władysławów</sln:gmNazwa><sln:miejscIIPId>338cd289-6838-46c9-b478-e2fea3625115</sln:miejscIIPId><sln:miejscIIPPn>PL.PZGIK.200</sln:miejscIIPPn><sln:miejscIIPWersja>2016-11-27T19:46:16+02:00</sln:miejscIIPWersja><sln:miejscIdTeryt>0300989</sln:miejscIdTeryt><sln:miejscNazwa>Głogowa</sln:miejscNazwa><sln:miejscRodzaj>Wieś</sln:miejscRodzaj><sln:powIIPId>79b9bef2-0ca5-413e-954c-fa6e3ad10210</sln:powIIPId><sln:powIIPPn>PL.PZGIK.200</sln:powIIPPn><sln:powIIPWersja>2012-09-27T08:59:03+02:00</sln:powIIPWersja><sln:powIdTeryt>3027</sln:powIdTeryt><sln:powNazwa>turecki</sln:powNazwa><sln:wojIIPId>c606b01a-76c8-480d-9470-f24ca0d7a613</sln:wojIIPId><sln:wojIIPPn>PL.PZGIK.200</sln:wojIIPPn><sln:wojIIPWersja>2016-05-05T18:20:48+02:00</sln:wojIIPWersja><sln:wojIdTeryt>30</sln:wojIdTeryt><sln:wojNazwa>wielkopolskie</sln:wojNazwa></sln:miejscowosc><sln:miejscowosc><sln:cyklZyciaOd>2016-11-27T00:00:00+01:00</sln:cyklZyciaOd><sln:gmIIPId>6158a95d-c3cc-4825-b064-ba9c237ea351</sln:gmIIPId><sln:gmIIPPn>PL.PZGIK.200</sln:gmIIPPn><sln:gmIIPWersja>2012-09-26T22:23:47+02:00</sln:gmIIPWersja><sln:gmIdTeryt>3027092</sln:gmIdTeryt><sln:gmNazwa>Władysławów</sln:gmNazwa><sln:miejscIIPId>1382654a-9980-446c-89bf-849abf2c7a3d</sln:miejscIIPId><sln:miejscIIPPn>PL.PZGIK.200</sln:miejscIIPPn><sln:miejscIIPWersja>2016-11-27T19:46:16+02:00</sln:miejscIIPWersja><sln:miejscIdTeryt>0300950</sln:miejscIdTeryt><sln:miejscNazwa>Beznazwa</sln:miejscNazwa><sln:miejscRodzaj>Wieś</sln:miejscRodzaj><sln:powIIPId>79b9bef2-0ca5-413e-954c-fa6e3ad10210</sln:powIIPId><sln:powIIPPn>PL.PZGIK.200</sln:powIIPPn><sln:powIIPWersja>2012-09-27T08:59:03+02:00</sln:powIIPWersja><sln:powIdTeryt>3027</sln:powIdTeryt><sln:powNazwa>turecki</sln:powNazwa><sln:wojIIPId>c606b01a-76c8-480d-9470-f24ca0d7a613</sln:wojIIPId><sln:wojIIPPn>PL.PZGIK.200</sln:wojIIPPn><sln:wojIIPWersja>2016-05-05T18:20:48+02:00</sln:wojIIPWersja><sln:wojIdTeryt>30</sln:wojIdTeryt><sln:wojNazwa>wielkopolskie</sln:wojNazwa></sln:miejscowosc><sln:miejscowosc><sln:cyklZyciaOd>2016-11-27T00:00:00+01:00</sln:cyklZyciaOd><sln:gmIIPId>6158a95d-c3cc-4825-b064-ba9c237ea351</sln:gmIIPId><sln:gmIIPPn>PL.PZGIK.200</sln:gmIIPPn><sln:gmIIPWersja>2012-09-26T22:23:47+02:00</sln:gmIIPWersja><sln:gmIdTeryt>3027092</sln:gmIdTeryt><sln:gmNazwa>Władysławów</sln:gmNazwa><sln:miejscIIPId>8f1eed04-0774-4ada-a30a-56aadba93c51</sln:miejscIIPId><sln:miejscIIPPn>PL.PZGIK.200</sln:miejscIIPPn><sln:miejscIIPWersja>2016-11-27T19:46:16+02:00</sln:miejscIIPWersja><sln:miejscIdTeryt>0300995</sln:miejscIdTeryt><sln:miejscNazwa>Jabłonna</sln:miejscNazwa><sln:miejscRodzaj>Wieś</sln:miejscRodzaj><sln:powIIPId>79b9bef2-0ca5-413e-954c-fa6e3ad10210</sln:powIIPId><sln:powIIPPn>PL.PZGIK.200</sln:powIIPPn><sln:powIIPWersja>2012-09-27T08:59:03+02:00</sln:powIIPWersja><sln:powIdTeryt>3027</sln:powIdTeryt><sln:powNazwa>turecki</sln:powNazwa><sln:wojIIPId>c606b01a-76c8-480d-9470-f24ca0d7a613</sln:wojIIPId><sln:wojIIPPn>PL.PZGIK.200</sln:wojIIPPn><sln:wojIIPWersja>2016-05-05T18:20:48+02:00</sln:wojIIPWersja><sln:wojIdTeryt>30</sln:wojIdTeryt><sln:wojNazwa>wielkopolskie</sln:wojNazwa></sln:miejscowosc><sln:miejscowosc><sln:cyklZyciaOd>2016-11-27T00:00:00+01:00</sln:cyklZyciaOd><sln:gmIIPId>6158a95d-c3cc-4825-b064-ba9c237ea351</sln:gmIIPId><sln:gmIIPPn>PL.PZGIK.200</sln:gmIIPPn><sln:gmIIPWersja>2012-09-26T22:23:47+02:00</sln:gmIIPWersja><sln:gmIdTeryt>3027092</sln:gmIdTeryt><sln:gmNazwa>Władysławów</sln:gmNazwa><sln:miejscIIPId>e3be7c2b-8764-4ff7-8175-57b993f62683</sln:miejscIIPId><sln:miejscIIPPn>PL.PZGIK.200</sln:miejscIIPPn><sln:miejscIIPWersja>2016-11-27T19:46:16+02:00</sln:miejscIIPWersja><sln:miejscIdTeryt>0301003</sln:miejscIdTeryt><sln:miejscNazwa>Kamionka</sln:miejscNazwa><sln:miejscRodzaj>Wieś</sln:miejscRodzaj><sln:powIIPId>79b9bef2-0ca5-413e-954c-fa6e3ad10210</sln:powIIPId><sln:powIIPPn>PL.PZGIK.200</sln:powIIPPn><sln:powIIPWersja>2012-09-27T08:59:03+02:00</sln:powIIPWersja><sln:powIdTeryt>3027</sln:powIdTeryt><sln:powNazwa>turecki</sln:powNazwa><sln:wojIIPId>c606b01a-76c8-480d-9470-f24ca0d7a613</sln:wojIIPId><sln:wojIIPPn>PL.PZGIK.200</sln:wojIIPPn><sln:wojIIPWersja>2016-05-05T18:20:48+02:00</sln:wojIIPWersja><sln:wojIdTeryt>30</sln:wojIdTeryt><sln:wojNazwa>wielkopolskie</sln:wojNazwa></sln:miejscowosc><sln:miejscowosc><sln:cyklZyciaOd>2016-11-27T00:00:00+01:00</sln:cyklZyciaOd><sln:gmIIPId>6158a95d-c3cc-4825-b064-ba9c237ea351</sln:gmIIPId><sln:gmIIPPn>PL.PZGIK.200</sln:gmIIPPn><sln:gmIIPWersja>2012-09-26T22:23:47+02:00</sln:gmIIPWersja><sln:gmIdTeryt>3027092</sln:gmIdTeryt><sln:gmNazwa>Władysławów</sln:gmNazwa><sln:miejscIIPId>c0b8d815-6ad7-4be9-aba5-bc5130bc415f</sln:miejscIIPId><sln:miejscIIPPn>PL.PZGIK.200</sln:miejscIIPPn><sln:miejscIIPWersja>2016-11-27T19:46:16+02:00</sln:miejscIIPWersja><sln:miejscIdTeryt>0301010</sln:miejscIdTeryt><sln:miejscNazwa>Kuny</sln:miejscNazwa><sln:miejscRodzaj>Wieś</sln:miejscRodzaj><sln:powIIPId>79b9bef2-0ca5-413e-954c-fa6e3ad10210</sln:powIIPId><sln:powIIPPn>PL.PZGIK.200</sln:powIIPPn><sln:powIIPWersja>2012-09-27T08:59:03+02:00</sln:powIIPWersja><sln:powIdTeryt>3027</sln:powIdTeryt><sln:powNazwa>turecki</sln:powNazwa><sln:wojIIPId>c606b01a-76c8-480d-9470-f24ca0d7a613</sln:wojIIPId><sln:wojIIPPn>PL.PZGIK.200</sln:wojIIPPn><sln:wojIIPWersja>2016-05-05T18:20:48+02:00</sln:wojIIPWersja><sln:wojIdTeryt>30</sln:wojIdTeryt><sln:wojNazwa>wielkopolskie</sln:wojNazwa></sln:miejscowosc><sln:miejscowosc><sln:cyklZyciaOd>2016-11-27T00:00:00+01:00</sln:cyklZyciaOd><sln:gmIIPId>6158a95d-c3cc-4825-b064-ba9c237ea351</sln:gmIIPId><sln:gmIIPPn>PL.PZGIK.200</sln:gmIIPPn><sln:gmIIPWersja>2012-09-26T22:23:47+02:00</sln:gmIIPWersja><sln:gmIdTeryt>3027092</sln:gmIdTeryt><sln:gmNazwa>Władysławów</sln:gmNazwa><sln:miejscIIPId>dd75e152-f2c6-4e27-adeb-aa9a73b75144</sln:miejscIIPId><sln:miejscIIPPn>PL.PZGIK.200</sln:miejscIIPPn><sln:miejscIIPWersja>2016-11-27T19:46:16+02:00</sln:miejscIIPWersja><sln:miejscIdTeryt>0301032</sln:miejscIdTeryt><sln:miejscNazwa>Leonia</sln:miejscNazwa><sln:miejscRodzaj>Wieś</sln:miejscRodzaj><sln:powIIPId>79b9bef2-0ca5-413e-954c-fa6e3ad10210</sln:powIIPId><sln:powIIPPn>PL.PZGIK.200</sln:powIIPPn><sln:powIIPWersja>2012-09-27T08:59:03+02:00</sln:powIIPWersja><sln:powIdTeryt>3027</sln:powIdTeryt><sln:powNazwa>turecki</sln:powNazwa><sln:wojIIPId>c606b01a-76c8-480d-9470-f24ca0d7a613</sln:wojIIPId><sln:wojIIPPn>PL.PZGIK.200</sln:wojIIPPn><sln:wojIIPWersja>2016-05-05T18:20:48+02:00</sln:wojIIPWersja><sln:wojIdTeryt>30</sln:wojIdTeryt><sln:wojNazwa>wielkopolskie</sln:wojNazwa></sln:miejscowosc><sln:miejscowosc><sln:cyklZyciaOd>2016-11-27T00:00:00+01:00</sln:cyklZyciaOd><sln:gmIIPId>6158a95d-c3cc-4825-b064-ba9c237ea351</sln:gmIIPId><sln:gmIIPPn>PL.PZGIK.200</sln:gmIIPPn><sln:gmIIPWersja>2012-09-26T22:23:47+02:00</sln:gmIIPWersja><sln:gmIdTeryt>3027092</sln:gmIdTeryt><sln:gmNazwa>Władysławów</sln:gmNazwa><sln:miejscIIPId>3e61ff62-dfe7-4493-a3f8-39df49e77eab</sln:miejscIIPId><sln:miejscIIPPn>PL.PZGIK.200</sln:miejscIIPPn><sln:miejscIIPWersja>2016-11-27T19:46:16+02:00</sln:miejscIIPWersja><sln:miejscIdTeryt>0301055</sln:miejscIdTeryt><sln:miejscNazwa>Małoszyna</sln:miejscNazwa><sln:miejscRodzaj>Wieś</sln:miejscRodzaj><sln:powIIPId>79b9bef2-0ca5-413e-954c-fa6e3ad10210</sln:powIIPId><sln:powIIPPn>PL.PZGIK.200</sln:powIIPPn><sln:powIIPWersja>2012-09-27T08:59:03+02:00</sln:powIIPWersja><sln:powIdTeryt>3027</sln:powIdTeryt><sln:powNazwa>turecki</sln:powNazwa><sln:wojIIPId>c606b01a-76c8-480d-9470-f24ca0d7a613</sln:wojIIPId><sln:wojIIPPn>PL.PZGIK.200</sln:wojIIPPn><sln:wojIIPWersja>2016-05-05T18:20:48+02:00</sln:wojIIPWersja><sln:wojIdTeryt>30</sln:wojIdTeryt><sln:wojNazwa>wielkopolskie</sln:wojNazwa></sln:miejscowosc><sln:miejscowosc><sln:cyklZyciaOd>2016-11-27T00:00:00+01:00</sln:cyklZyciaOd><sln:gmIIPId>6158a95d-c3cc-4825-b064-ba9c237ea351</sln:gmIIPId><sln:gmIIPPn>PL.PZGIK.200</sln:gmIIPPn><sln:gmIIPWersja>2012-09-26T22:23:47+02:00</sln:gmIIPWersja><sln:gmIdTeryt>3027092</sln:gmIdTeryt><sln:gmNazwa>Władysławów</sln:gmNazwa><sln:miejscIIPId>8cd8ad90-d442-4b20-b41b-36bae9535e4a</sln:miejscIIPId><sln:miejscIIPPn>PL.PZGIK.200</sln:miejscIIPPn><sln:miejscIIPWersja>2016-11-27T19:46:16+02:00</sln:miejscIIPWersja><sln:miejscIdTeryt>0301061</sln:miejscIdTeryt><sln:miejscNazwa>Mariantów</sln:miejscNazwa><sln:miejscRodzaj>Wieś</sln:miejscRodzaj><sln:powIIPId>79b9bef2-0ca5-413e-954c-fa6e3ad10210</sln:powIIPId><sln:powIIPPn>PL.PZGIK.200</sln:powIIPPn><sln:powIIPWersja>2012-09-27T08:59:03+02:00</sln:powIIPWersja><sln:powIdTeryt>3027</sln:powIdTeryt><sln:powNazwa>turecki</sln:powNazwa><sln:wojIIPId>c606b01a-76c8-480d-9470-f24ca0d7a613</sln:wojIIPId><sln:wojIIPPn>PL.PZGIK.200</sln:wojIIPPn><sln:wojIIPWersja>2016-05-05T18:20:48+02:00</sln:wojIIPWersja><sln:wojIdTeryt>30</sln:wojIdTeryt><sln:wojNazwa>wielkopolskie</sln:wojNazwa></sln:miejscowosc><sln:miejscowosc><sln:cyklZyciaOd>2016-11-27T00:00:00+01:00</sln:cyklZyciaOd><sln:gmIIPId>6158a95d-c3cc-4825-b064-ba9c237ea351</sln:gmIIPId><sln:gmIIPPn>PL.PZGIK.200</sln:gmIIPPn><sln:gmIIPWersja>2012-09-26T22:23:47+02:00</sln:gmIIPWersja><sln:gmIdTeryt>3027092</sln:gmIdTeryt><sln:gmNazwa>Władysławów</sln:gmNazwa><sln:miejscIIPId>6367c7f8-e241-4073-a593-7e7c8887b145</sln:miejscIIPId><sln:miejscIIPPn>PL.PZGIK.200</sln:miejscIIPPn><sln:miejscIIPWersja>2016-11-27T19:46:16+02:00</sln:miejscIIPWersja><sln:miejscIdTeryt>0301084</sln:miejscIdTeryt><sln:miejscNazwa>Międzylesie</sln:miejscNazwa><sln:miejscRodzaj>Wieś</sln:miejscRodzaj><sln:powIIPId>79b9bef2-0ca5-413e-954c-fa6e3ad10210</sln:powIIPId><sln:powIIPPn>PL.PZGIK.200</sln:powIIPPn><sln:powIIPWersja>2012-09-27T08:59:03+02:00</sln:powIIPWersja><sln:powIdTeryt>3027</sln:powIdTeryt><sln:powNazwa>turecki</sln:powNazwa><sln:wojIIPId>c606b01a-76c8-480d-9470-f24ca0d7a613</sln:wojIIPId><sln:wojIIPPn>PL.PZGIK.200</sln:wojIIPPn><sln:wojIIPWersja>2016-05-05T18:20:48+02:00</sln:wojIIPWersja><sln:wojIdTeryt>30</sln:wojIdTeryt><sln:wojNazwa>wielkopolskie</sln:wojNazwa></sln:miejscowosc><sln:miejscowosc><sln:cyklZyciaOd>2016-11-27T00:00:00+01:00</sln:cyklZyciaOd><sln:gmIIPId>6158a95d-c3cc-4825-b064-ba9c237ea351</sln:gmIIPId><sln:gmIIPPn>PL.PZGIK.200</sln:gmIIPPn><sln:gmIIPWersja>2012-09-26T22:23:47+02:00</sln:gmIIPWersja><sln:gmIdTeryt>3027092</sln:gmIdTeryt><sln:gmNazwa>Władysławów</sln:gmNazwa><sln:miejscIIPId>5decbcf7-d80c-4d8d-ab55-cd27b8476ecb</sln:miejscIIPId><sln:miejscIIPPn>PL.PZGIK.200</sln:miejscIIPPn><sln:miejscIIPWersja>2016-11-27T19:46:16+02:00</sln:miejscIIPWersja><sln:miejscIdTeryt>0301109</sln:miejscIdTeryt><sln:miejscNazwa>Milinów</sln:miejscNazwa><sln:miejscRodzaj>Wieś</sln:miejscRodzaj><sln:powIIPId>79b9bef2-0ca5-413e-954c-fa6e3ad10210</sln:powIIPId><sln:powIIPPn>PL.PZGIK.200</sln:powIIPPn><sln:powIIPWersja>2012-09-27T08:59:03+02:00</sln:powIIPWersja><sln:powIdTeryt>3027</sln:powIdTeryt><sln:powNazwa>turecki</sln:powNazwa><sln:wojIIPId>c606b01a-76c8-480d-9470-f24ca0d7a613</sln:wojIIPId><sln:wojIIPPn>PL.PZGIK.200</sln:wojIIPPn><sln:wojIIPWersja>2016-05-05T18:20:48+02:00</sln:wojIIPWersja><sln:wojIdTeryt>30</sln:wojIdTeryt><sln:wojNazwa>wielkopolskie</sln:wojNazwa></sln:miejscowosc><sln:miejscowosc><sln:cyklZyciaOd>2016-11-27T00:00:00+01:00</sln:cyklZyciaOd><sln:gmIIPId>6158a95d-c3cc-4825-b064-ba9c237ea351</sln:gmIIPId><sln:gmIIPPn>PL.PZGIK.200</sln:gmIIPPn><sln:gmIIPWersja>2012-09-26T22:23:47+02:00</sln:gmIIPWersja><sln:gmIdTeryt>3027092</sln:gmIdTeryt><sln:gmNazwa>Władysławów</sln:gmNazwa><sln:miejscIIPId>00c3f2c0-c0da-4da9-95b1-7d2b46cf2459</sln:miejscIIPId><sln:miejscIIPPn>PL.PZGIK.200</sln:miejscIIPPn><sln:miejscIIPWersja>2016-11-27T19:46:17+02:00</sln:miejscIIPWersja><sln:miejscIdTeryt>0301115</sln:miejscIdTeryt><sln:miejscNazwa>Natalia</sln:miejscNazwa><sln:miejscRodzaj>Wieś</sln:miejscRodzaj><sln:powIIPId>79b9bef2-0ca5-413e-954c-fa6e3ad10210</sln:powIIPId><sln:powIIPPn>PL.PZGIK.200</sln:powIIPPn><sln:powIIPWersja>2012-09-27T08:59:03+02:00</sln:powIIPWersja><sln:powIdTeryt>3027</sln:powIdTeryt><sln:powNazwa>turecki</sln:powNazwa><sln:wojIIPId>c606b01a-76c8-480d-9470-f24ca0d7a613</sln:wojIIPId><sln:wojIIPPn>PL.PZGIK.200</sln:wojIIPPn><sln:wojIIPWersja>2016-05-05T18:20:48+02:00</sln:wojIIPWersja><sln:wojIdTeryt>30</sln:wojIdTeryt><sln:wojNazwa>wielkopolskie</sln:wojNazwa></sln:miejscowosc><sln:miejscowosc><sln:cyklZyciaOd>2016-11-27T00:00:00+01:00</sln:cyklZyciaOd><sln:gmIIPId>6158a95d-c3cc-4825-b064-ba9c237ea351</sln:gmIIPId><sln:gmIIPPn>PL.PZGIK.200</sln:gmIIPPn><sln:gmIIPWersja>2012-09-26T22:23:47+02:00</sln:gmIIPWersja><sln:gmIdTeryt>3027092</sln:gmIdTeryt><sln:gmNazwa>Władysławów</sln:gmNazwa><sln:miejscIIPId>91bbf4fd-d33f-468b-bd05-2ffed67c77be</sln:miejscIIPId><sln:miejscIIPPn>PL.PZGIK.200</sln:miejscIIPPn><sln:miejscIIPWersja>2016-11-27T19:46:17+02:00</sln:miejscIIPWersja><sln:miejscIdTeryt>0301049</sln:miejscIdTeryt><sln:miejscNazwa>Olesin</sln:miejscNazwa><sln:miejscRodzaj>Wieś</sln:miejscRodzaj><sln:powIIPId>79b9bef2-0ca5-413e-954c-fa6e3ad10210</sln:powIIPId><sln:powIIPPn>PL.PZGIK.200</sln:powIIPPn><sln:powIIPWersja>2012-09-27T08:59:03+02:00</sln:powIIPWersja><sln:powIdTeryt>3027</sln:powIdTeryt><sln:powNazwa>turecki</sln:powNazwa><sln:wojIIPId>c606b01a-76c8-480d-9470-f24ca0d7a613</sln:wojIIPId><sln:wojIIPPn>PL.PZGIK.200</sln:wojIIPPn><sln:wojIIPWersja>2016-05-05T18:20:48+02:00</sln:wojIIPWersja><sln:wojIdTeryt>30</sln:wojIdTeryt><sln:wojNazwa>wielkopolskie</sln:wojNazwa></sln:miejscowosc><sln:miejscowosc><sln:cyklZyciaOd>2016-11-27T00:00:00+01:00</sln:cyklZyciaOd><sln:gmIIPId>6158a95d-c3cc-4825-b064-ba9c237ea351</sln:gmIIPId><sln:gmIIPPn>PL.PZGIK.200</sln:gmIIPPn><sln:gmIIPWersja>2012-09-26T22:23:47+02:00</sln:gmIIPWersja><sln:gmIdTeryt>3027092</sln:gmIdTeryt><sln:gmNazwa>Władysławów</sln:gmNazwa><sln:miejscIIPId>d0a00f82-a4be-4065-9e1b-103a3584b82b</sln:miejscIIPId><sln:miejscIIPPn>PL.PZGIK.200</sln:miejscIIPPn><sln:miejscIIPWersja>2016-11-27T19:46:17+02:00</sln:miejscIIPWersja><sln:miejscIdTeryt>0300972</sln:miejscIdTeryt><sln:miejscNIIPId>a445ba27-0312-49d9-95ed-7f15aa96cb48</sln:miejscNIIPId><sln:miejscNIIPPn>PL.PZGIK.200</sln:miejscNIIPPn><sln:miejscNIIPWersja>2016-11-27T19:46:16+02:00</sln:miejscNIIPWersja><sln:miejscNIdTeryt>0301210</sln:miejscNIdTeryt><sln:miejscNNazwa>Władysławów</sln:miejscNNazwa><sln:miejscNRodzaj>Wieś</sln:miejscNRodzaj><sln:miejscNazwa>Felicjanów</sln:miejscNazwa><sln:miejscRodzaj>Inny obiekt</sln:miejscRodzaj><sln:powIIPId>79b9bef2-0ca5-413e-954c-fa6e3ad10210</sln:powIIPId><sln:powIIPPn>PL.PZGIK.200</sln:powIIPPn><sln:powIIPWersja>2012-09-27T08:59:03+02:00</sln:powIIPWersja><sln:powIdTeryt>3027</sln:powIdTeryt><sln:powNazwa>turecki</sln:powNazwa><sln:wojIIPId>c606b01a-76c8-480d-9470-f24ca0d7a613</sln:wojIIPId><sln:wojIIPPn>PL.PZGIK.200</sln:wojIIPPn><sln:wojIIPWersja>2016-05-05T18:20:48+02:00</sln:wojIIPWersja><sln:wojIdTeryt>30</sln:wojIdTeryt><sln:wojNazwa>wielkopolskie</sln:wojNazwa></sln:miejscowosc><sln:miejscowosc><sln:cyklZyciaOd>2016-11-27T00:00:00+01:00</sln:cyklZyciaOd><sln:gmIIPId>6158a95d-c3cc-4825-b064-ba9c237ea351</sln:gmIIPId><sln:gmIIPPn>PL.PZGIK.200</sln:gmIIPPn><sln:gmIIPWersja>2012-09-26T22:23:47+02:00</sln:gmIIPWersja><sln:gmIdTeryt>3027092</sln:gmIdTeryt><sln:gmNazwa>Władysławów</sln:gmNazwa><sln:miejscIIPId>7ba02227-53b0-4af5-9d1a-91223e43ae27</sln:miejscIIPId><sln:miejscIIPPn>PL.PZGIK.200</sln:miejscIIPPn><sln:miejscIIPWersja>2016-11-27T19:46:17+02:00</sln:miejscIIPWersja><sln:miejscIdTeryt>0301026</sln:miejscIdTeryt><sln:miejscNIIPId>c0b8d815-6ad7-4be9-aba5-bc5130bc415f</sln:miejscNIIPId><sln:miejscNIIPPn>PL.PZGIK.200</sln:miejscNIIPPn><sln:miejscNIIPWersja>2016-11-27T19:46:16+02:00</sln:miejscNIIPWersja><sln:miejscNIdTeryt>0301010</sln:miejscNIdTeryt><sln:miejscNNazwa>Kuny</sln:miejscNNazwa><sln:miejscNRodzaj>Wieś</sln:miejscNRodzaj><sln:miejscNazwa>Józefów</sln:miejscNazwa><sln:miejscRodzaj>Inny obiekt</sln:miejscRodzaj><sln:powIIPId>79b9bef2-0ca5-413e-954c-fa6e3ad10210</sln:powIIPId><sln:powIIPPn>PL.PZGIK.200</sln:powIIPPn><sln:powIIPWersja>2012-09-27T08:59:03+02:00</sln:powIIPWersja><sln:powIdTeryt>3027</sln:powIdTeryt><sln:powNazwa>turecki</sln:powNazwa><sln:wojIIPId>c606b01a-76c8-480d-9470-f24ca0d7a613</sln:wojIIPId><sln:wojIIPPn>PL.PZGIK.200</sln:wojIIPPn><sln:wojIIPWersja>2016-05-05T18:20:48+02:00</sln:wojIIPWersja><sln:wojIdTeryt>30</sln:wojIdTeryt><sln:wojNazwa>wielkopolskie</sln:wojNazwa></sln:miejscowosc><sln:miejscowosc><sln:cyklZyciaOd>2016-11-27T00:00:00+01:00</sln:cyklZyciaOd><sln:gmIIPId>6158a95d-c3cc-4825-b064-ba9c237ea351</sln:gmIIPId><sln:gmIIPPn>PL.PZGIK.200</sln:gmIIPPn><sln:gmIIPWersja>2012-09-26T22:23:47+02:00</sln:gmIIPWersja><sln:gmIdTeryt>3027092</sln:gmIdTeryt><sln:gmNazwa>Władysławów</sln:gmNazwa><sln:miejscIIPId>ce81aa81-a145-4c30-a306-226e3d1e8c8c</sln:miejscIIPId><sln:miejscIIPPn>PL.PZGIK.200</sln:miejscIIPPn><sln:miejscIIPWersja>2016-11-27T19:46:17+02:00</sln:miejscIIPWersja><sln:miejscIdTeryt>0301078</sln:miejscIdTeryt><sln:miejscNIIPId>8cd8ad90-d442-4b20-b41b-36bae9535e4a</sln:miejscNIIPId><sln:miejscNIIPPn>PL.PZGIK.200</sln:miejscNIIPPn><sln:miejscNIIPWersja>2016-11-27T19:46:16+02:00</sln:miejscNIIPWersja><sln:miejscNIdTeryt>0301061</sln:miejscNIdTeryt><sln:miejscNNazwa>Mariantów</sln:miejscNNazwa><sln:miejscNRodzaj>Wieś</sln:miejscNRodzaj><sln:miejscNazwa>Wandów</sln:miejscNazwa><sln:miejscRodzaj>Inny obiekt</sln:miejscRodzaj><sln:powIIPId>79b9bef2-0ca5-413e-954c-fa6e3ad10210</sln:powIIPId><sln:powIIPPn>PL.PZGIK.200</sln:powIIPPn><sln:powIIPWersja>2012-09-27T08:59:03+02:00</sln:powIIPWersja><sln:powIdTeryt>3027</sln:powIdTeryt><sln:powNazwa>turecki</sln:powNazwa><sln:wojIIPId>c606b01a-76c8-480d-9470-f24ca0d7a613</sln:wojIIPId><sln:wojIIPPn>PL.PZGIK.200</sln:wojIIPPn><sln:wojIIPWersja>2016-05-05T18:20:48+02:00</sln:wojIIPWersja><sln:wojIdTeryt>30</sln:wojIdTeryt><sln:wojNazwa>wielkopolskie</sln:wojNazwa></sln:miejscowosc><sln:miejscowosc><sln:cyklZyciaOd>2016-11-27T00:00:00+01:00</sln:cyklZyciaOd><sln:gmIIPId>6158a95d-c3cc-4825-b064-ba9c237ea351</sln:gmIIPId><sln:gmIIPPn>PL.PZGIK.200</sln:gmIIPPn><sln:gmIIPWersja>2012-09-26T22:23:47+02:00</sln:gmIIPWersja><sln:gmIdTeryt>3027092</sln:gmIdTeryt><sln:gmNazwa>Władysławów</sln:gmNazwa><sln:miejscIIPId>58536c32-e298-408e-a154-a59847302065</sln:miejscIIPId><sln:miejscIIPPn>PL.PZGIK.200</sln:miejscIIPPn><sln:miejscIIPWersja>2016-11-27T19:46:17+02:00</sln:miejscIIPWersja><sln:miejscIdTeryt>0301090</sln:miejscIdTeryt><sln:miejscNIIPId>6367c7f8-e241-4073-a593-7e7c8887b145</sln:miejscNIIPId><sln:miejscNIIPPn>PL.PZGIK.200</sln:miejscNIIPPn><sln:miejscNIIPWersja>2016-11-27T19:46:16+02:00</sln:miejscNIIPWersja><sln:miejscNIdTeryt>0301084</sln:miejscNIdTeryt><sln:miejscNNazwa>Międzylesie</sln:miejscNNazwa><sln:miejscNRodzaj>Wieś</sln:miejscNRodzaj><sln:miejscNazwa>Przemysławów</sln:miejscNazwa><sln:miejscRodzaj>Inny obiekt</sln:miejscRodzaj><sln:powIIPId>79b9bef2-0ca5-413e-954c-fa6e3ad10210</sln:powIIPId><sln:powIIPPn>PL.PZGIK.200</sln:powIIPPn><sln:powIIPWersja>2012-09-27T08:59:03+02:00</sln:powIIPWersja><sln:powIdTeryt>3027</sln:powIdTeryt><sln:powNazwa>turecki</sln:powNazwa><sln:wojIIPId>c606b01a-76c8-480d-9470-f24ca0d7a613</sln:wojIIPId><sln:wojIIPPn>PL.PZGIK.200</sln:wojIIPPn><sln:wojIIPWersja>2016-05-05T18:20:48+02:00</sln:wojIIPWersja><sln:wojIdTeryt>30</sln:wojIdTeryt><sln:wojNazwa>wielkopolskie</sln:wojNazwa></sln:miejscowosc></sln:lista-miejscowosci>