<?xml version="1.0" encoding="UTF-8" standalone="yes"?><sln:lista-miejscowosci xmlns:srv="http://gugik.gov.pl/schemas/slowniki-service/1.0" xmlns:sln="http://gugik.gov.pl/schemas/slowniki-schema/1.0"><sln:miejscowosc><sln:cyklZyciaDo>2017-03-30T00:00:00+02:00</sln:cyklZyciaDo><sln:cyklZyciaOd>2016-01-29T00:00:00+01:00</sln:cyklZyciaOd><sln:gmIIPId>c6404167-dcd7-489e-8bbd-b17317357209</sln:gmIIPId><sln:gmIIPPn>PL.PZGIK.200</sln:gmIIPPn><sln:gmIIPWersja>2012-09-26T22:23:59+02:00</sln:gmIIPWersja><sln:gmIdTeryt>3030043</sln:gmIdTeryt><sln:gmNazwa>Pyzdry</sln:gmNazwa><sln:miejscIIPId>b7b5dfc7-0c7f-41d5-a7bd-4f979e4374f1</sln:miejscIIPId><sln:miejscIIPPn>PL.PZGIK.200</sln:miejscIIPPn><sln:miejscIIPWersja>2016-11-24T09:53:53+02:00</sln:miejscIIPWersja><sln:miejscIdTeryt>0293137</sln:miejscIdTeryt><sln:miejscNazwa>Królewiny</sln:miejscNazwa><sln:miejscRodzaj>Przysiółek</sln:miejscRodzaj><sln:powIIPId>e6ff6666-2410-4a42-a3df-de1089b6f511</sln:powIIPId><sln:powIIPPn>PL.PZGIK.200</sln:powIIPPn><sln:powIIPWersja>2012-09-27T08:59:03+02:00</sln:powIIPWersja><sln:powIdTeryt>3030</sln:powIdTeryt><sln:powNazwa>wrzesiński</sln:powNazwa><sln:waznyOd>2015-03-13T00:00:00+01:00</sln:waznyOd><sln:wojIIPId>c606b01a-76c8-480d-9470-f24ca0d7a613</sln:wojIIPId><sln:wojIIPPn>PL.PZGIK.200</sln:wojIIPPn><sln:wojIIPWersja>2016-05-05T18:20:48+02:00</sln:wojIIPWersja><sln:wojIdTeryt>30</sln:wojIdTeryt><sln:wojNazwa>wielkopolskie</sln:wojNazwa></sln:miejscowosc><sln:miejscowosc><sln:cyklZyciaDo>2017-03-30T00:00:00+02:00</sln:cyklZyciaDo><sln:cyklZyciaOd>2016-01-29T00:00:00+01:00</sln:cyklZyciaOd><sln:gmIIPId>c6404167-dcd7-489e-8bbd-b17317357209</sln:gmIIPId><sln:gmIIPPn>PL.PZGIK.200</sln:gmIIPPn><sln:gmIIPWersja>2012-09-26T22:23:59+02:00</sln:gmIIPWersja><sln:gmIdTeryt>3030043</sln:gmIdTeryt><sln:gmNazwa>Pyzdry</sln:gmNazwa><sln:miejscIIPId>db328649-6e16-4bb8-b60c-147fcf4f6e95</sln:miejscIIPId><sln:miejscIIPPn>PL.PZGIK.200</sln:miejscIIPPn><sln:miejscIIPWersja>2016-11-24T09:53:53+02:00</sln:miejscIIPWersja><sln:miejscIdTeryt>0292959</sln:miejscIdTeryt><sln:miejscNazwa>Kruszyny</sln:miejscNazwa><sln:miejscRodzaj>Wieś</sln:miejscRodzaj><sln:powIIPId>e6ff6666-2410-4a42-a3df-de1089b6f511</sln:powIIPId><sln:powIIPPn>PL.PZGIK.200</sln:powIIPPn><sln:powIIPWersja>2012-09-27T08:59:03+02:00</sln:powIIPWersja><sln:powIdTeryt>3030</sln:powIdTeryt><sln:powNazwa>wrzesiński</sln:powNazwa><sln:waznyOd>2011-12-22T00:00:00+01:00</sln:waznyOd><sln:wojIIPId>c606b01a-76c8-480d-9470-f24ca0d7a613</sln:wojIIPId><sln:wojIIPPn>PL.PZGIK.200</sln:wojIIPPn><sln:wojIIPWersja>2016-05-05T18:20:48+02:00</sln:wojIIPWersja><sln:wojIdTeryt>30</sln:wojIdTeryt><sln:wojNazwa>wielkopolskie</sln:wojNazwa></sln:miejscowosc><sln:miejscowosc><sln:cyklZyciaDo>2017-03-30T00:00:00+02:00</sln:cyklZyciaDo><sln:cyklZyciaOd>2016-01-29T00:00:00+01:00</sln:cyklZyciaOd><sln:gmIIPId>c6404167-dcd7-489e-8bbd-b17317357209</sln:gmIIPId><sln:gmIIPPn>PL.PZGIK.200</sln:gmIIPPn><sln:gmIIPWersja>2012-09-26T22:23:59+02:00</sln:gmIIPWersja><sln:gmIdTeryt>3030043</sln:gmIdTeryt><sln:gmNazwa>Pyzdry</sln:gmNazwa><sln:miejscIIPId>b65689fb-61d1-4b2d-ba60-59a0848c2256</sln:miejscIIPId><sln:miejscIIPPn>PL.PZGIK.200</sln:miejscIIPPn><sln:miejscIIPWersja>2016-11-24T09:53:53+02:00</sln:miejscIIPWersja><sln:miejscIdTeryt>0293019</sln:miejscIdTeryt><sln:miejscNazwa>Ksawerów</sln:miejscNazwa><sln:miejscRodzaj>Wieś</sln:miejscRodzaj><sln:powIIPId>e6ff6666-2410-4a42-a3df-de1089b6f511</sln:powIIPId><sln:powIIPPn>PL.PZGIK.200</sln:powIIPPn><sln:powIIPWersja>2012-09-27T08:59:03+02:00</sln:powIIPWersja><sln:powIdTeryt>3030</sln:powIdTeryt><sln:powNazwa>wrzesiński</sln:powNazwa><sln:waznyOd>2011-12-14T00:00:00+01:00</sln:waznyOd><sln:wojIIPId>c606b01a-76c8-480d-9470-f24ca0d7a613</sln:wojIIPId><sln:wojIIPPn>PL.PZGIK.200</sln:wojIIPPn><sln:wojIIPWersja>2016-05-05T18:20:48+02:00</sln:wojIIPWersja><sln:wojIdTeryt>30</sln:wojIdTeryt><sln:wojNazwa>wielkopolskie</sln:wojNazwa></sln:miejscowosc><sln:miejscowosc><sln:cyklZyciaDo>2017-03-30T00:00:00+02:00</sln:cyklZyciaDo><sln:cyklZyciaOd>2016-01-29T00:00:00+01:00</sln:cyklZyciaOd><sln:gmIIPId>c6404167-dcd7-489e-8bbd-b17317357209</sln:gmIIPId><sln:gmIIPPn>PL.PZGIK.200</sln:gmIIPPn><sln:gmIIPWersja>2012-09-26T22:23:59+02:00</sln:gmIIPWersja><sln:gmIdTeryt>3030043</sln:gmIdTeryt><sln:gmNazwa>Pyzdry</sln:gmNazwa><sln:miejscIIPId>df31b363-415f-4926-b1d5-7ff83118a116</sln:miejscIIPId><sln:miejscIIPPn>PL.PZGIK.200</sln:miejscIIPPn><sln:miejscIIPWersja>2016-11-24T09:53:53+02:00</sln:miejscIIPWersja><sln:miejscIdTeryt>0293025</sln:miejscIdTeryt><sln:miejscNazwa>Lisewo</sln:miejscNazwa><sln:miejscRodzaj>Wieś</sln:miejscRodzaj><sln:powIIPId>e6ff6666-2410-4a42-a3df-de1089b6f511</sln:powIIPId><sln:powIIPPn>PL.PZGIK.200</sln:powIIPPn><sln:powIIPWersja>2012-09-27T08:59:03+02:00</sln:powIIPWersja><sln:powIdTeryt>3030</sln:powIdTeryt><sln:powNazwa>wrzesiński</sln:powNazwa><sln:waznyOd>2011-12-14T00:00:00+01:00</sln:waznyOd><sln:wojIIPId>c606b01a-76c8-480d-9470-f24ca0d7a613</sln:wojIIPId><sln:wojIIPPn>PL.PZGIK.200</sln:wojIIPPn><sln:wojIIPWersja>2016-05-05T18:20:48+02:00</sln:wojIIPWersja><sln:wojIdTeryt>30</sln:wojIdTeryt><sln:wojNazwa>wielkopolskie</sln:wojNazwa></sln:miejscowosc><sln:miejscowosc><sln:cyklZyciaDo>2017-03-30T00:00:00+02:00</sln:cyklZyciaDo><sln:cyklZyciaOd>2016-01-29T00:00:00+01:00</sln:cyklZyciaOd><sln:gmIIPId>c6404167-dcd7-489e-8bbd-b17317357209</sln:gmIIPId><sln:gmIIPPn>PL.PZGIK.200</sln:gmIIPPn><sln:gmIIPWersja>2012-09-26T22:23:59+02:00</sln:gmIIPWersja><sln:gmIdTeryt>3030043</sln:gmIdTeryt><sln:gmNazwa>Pyzdry</sln:gmNazwa><sln:miejscIIPId>18bf7164-d4ac-4fb8-9396-3aa1657edeba</sln:miejscIIPId><sln:miejscIIPPn>PL.PZGIK.200</sln:miejscIIPPn><sln:miejscIIPWersja>2016-11-24T09:53:53+02:00</sln:miejscIIPWersja><sln:miejscIdTeryt>0292965</sln:miejscIdTeryt><sln:miejscNazwa>Lisiaki</sln:miejscNazwa><sln:miejscRodzaj>Osada leśna</sln:miejscRodzaj><sln:powIIPId>e6ff6666-2410-4a42-a3df-de1089b6f511</sln:powIIPId><sln:powIIPPn>PL.PZGIK.200</sln:powIIPPn><sln:powIIPWersja>2012-09-27T08:59:03+02:00</sln:powIIPWersja><sln:powIdTeryt>3030</sln:powIdTeryt><sln:powNazwa>wrzesiński</sln:powNazwa><sln:waznyOd>2015-03-13T00:00:00+01:00</sln:waznyOd><sln:wojIIPId>c606b01a-76c8-480d-9470-f24ca0d7a613</sln:wojIIPId><sln:wojIIPPn>PL.PZGIK.200</sln:wojIIPPn><sln:wojIIPWersja>2016-05-05T18:20:48+02:00</sln:wojIIPWersja><sln:wojIdTeryt>30</sln:wojIdTeryt><sln:wojNazwa>wielkopolskie</sln:wojNazwa></sln:miejscowosc><sln:miejscowosc><sln:cyklZyciaDo>2017-03-30T00:00:00+02:00</sln:cyklZyciaDo><sln:cyklZyciaOd>2016-01-29T00:00:00+01:00</sln:cyklZyciaOd><sln:gmIIPId>c6404167-dcd7-489e-8bbd-b17317357209</sln:gmIIPId><sln:gmIIPPn>PL.PZGIK.200</sln:gmIIPPn><sln:gmIIPWersja>2012-09-26T22:23:59+02:00</sln:gmIIPWersja><sln:gmIdTeryt>3030043</sln:gmIdTeryt><sln:gmNazwa>Pyzdry</sln:gmNazwa><sln:miejscIIPId>7317a2b2-1527-4778-bf0d-0b75a8829836</sln:miejscIIPId><sln:miejscIIPPn>PL.PZGIK.200</sln:miejscIIPPn><sln:miejscIIPWersja>2016-11-24T09:53:53+02:00</sln:miejscIIPWersja><sln:miejscIdTeryt>0293083</sln:miejscIdTeryt><sln:miejscNazwa>Łupice</sln:miejscNazwa><sln:miejscRodzaj>Wieś</sln:miejscRodzaj><sln:powIIPId>e6ff6666-2410-4a42-a3df-de1089b6f511</sln:powIIPId><sln:powIIPPn>PL.PZGIK.200</sln:powIIPPn><sln:powIIPWersja>2012-09-27T08:59:03+02:00</sln:powIIPWersja><sln:powIdTeryt>3030</sln:powIdTeryt><sln:powNazwa>wrzesiński</sln:powNazwa><sln:waznyOd>2011-12-22T00:00:00+01:00</sln:waznyOd><sln:wojIIPId>c606b01a-76c8-480d-9470-f24ca0d7a613</sln:wojIIPId><sln:wojIIPPn>PL.PZGIK.200</sln:wojIIPPn><sln:wojIIPWersja>2016-05-05T18:20:48+02:00</sln:wojIIPWersja><sln:wojIdTeryt>30</sln:wojIdTeryt><sln:wojNazwa>wielkopolskie</sln:wojNazwa></sln:miejscowosc><sln:miejscowosc><sln:cyklZyciaDo>2017-03-30T00:00:00+02:00</sln:cyklZyciaDo><sln:cyklZyciaOd>2016-01-29T00:00:00+01:00</sln:cyklZyciaOd><sln:gmIIPId>c6404167-dcd7-489e-8bbd-b17317357209</sln:gmIIPId><sln:gmIIPPn>PL.PZGIK.200</sln:gmIIPPn><sln:gmIIPWersja>2012-09-26T22:23:59+02:00</sln:gmIIPWersja><sln:gmIdTeryt>3030043</sln:gmIdTeryt><sln:gmNazwa>Pyzdry</sln:gmNazwa><sln:miejscIIPId>e30b884c-e384-4f91-9491-bcfb609414b1</sln:miejscIIPId><sln:miejscIIPPn>PL.PZGIK.200</sln:miejscIIPPn><sln:miejscIIPWersja>2016-11-24T09:53:53+02:00</sln:miejscIIPWersja><sln:miejscIdTeryt>0293090</sln:miejscIdTeryt><sln:miejscNazwa>Modlica</sln:miejscNazwa><sln:miejscRodzaj>Wieś</sln:miejscRodzaj><sln:powIIPId>e6ff6666-2410-4a42-a3df-de1089b6f511</sln:powIIPId><sln:powIIPPn>PL.PZGIK.200</sln:powIIPPn><sln:powIIPWersja>2012-09-27T08:59:03+02:00</sln:powIIPWersja><sln:powIdTeryt>3030</sln:powIdTeryt><sln:powNazwa>wrzesiński</sln:powNazwa><sln:waznyOd>2011-12-22T00:00:00+01:00</sln:waznyOd><sln:wojIIPId>c606b01a-76c8-480d-9470-f24ca0d7a613</sln:wojIIPId><sln:wojIIPPn>PL.PZGIK.200</sln:wojIIPPn><sln:wojIIPWersja>2016-05-05T18:20:48+02:00</sln:wojIIPWersja><sln:wojIdTeryt>30</sln:wojIdTeryt><sln:wojNazwa>wielkopolskie</sln:wojNazwa></sln:miejscowosc><sln:miejscowosc><sln:cyklZyciaDo>2017-03-30T00:00:00+02:00</sln:cyklZyciaDo><sln:cyklZyciaOd>2016-01-29T00:00:00+01:00</sln:cyklZyciaOd><sln:gmIIPId>c6404167-dcd7-489e-8bbd-b17317357209</sln:gmIIPId><sln:gmIIPPn>PL.PZGIK.200</sln:gmIIPPn><sln:gmIIPWersja>2012-09-26T22:23:59+02:00</sln:gmIIPWersja><sln:gmIdTeryt>3030043</sln:gmIdTeryt><sln:gmNazwa>Pyzdry</sln:gmNazwa><sln:miejscIIPId>c7e0a5db-49b2-4ec4-b3d5-8a5da6cef018</sln:miejscIIPId><sln:miejscIIPPn>PL.PZGIK.200</sln:miejscIIPPn><sln:miejscIIPWersja>2016-11-24T09:53:53+02:00</sln:miejscIIPWersja><sln:miejscIdTeryt>0293031</sln:miejscIdTeryt><sln:miejscNazwa>Olsz</sln:miejscNazwa><sln:miejscRodzaj>Osada</sln:miejscRodzaj><sln:powIIPId>e6ff6666-2410-4a42-a3df-de1089b6f511</sln:powIIPId><sln:powIIPPn>PL.PZGIK.200</sln:powIIPPn><sln:powIIPWersja>2012-09-27T08:59:03+02:00</sln:powIIPWersja><sln:powIdTeryt>3030</sln:powIdTeryt><sln:powNazwa>wrzesiński</sln:powNazwa><sln:waznyOd>2015-03-13T00:00:00+01:00</sln:waznyOd><sln:wojIIPId>c606b01a-76c8-480d-9470-f24ca0d7a613</sln:wojIIPId><sln:wojIIPPn>PL.PZGIK.200</sln:wojIIPPn><sln:wojIIPWersja>2016-05-05T18:20:48+02:00</sln:wojIIPWersja><sln:wojIdTeryt>30</sln:wojIdTeryt><sln:wojNazwa>wielkopolskie</sln:wojNazwa></sln:miejscowosc><sln:miejscowosc><sln:cyklZyciaDo>2017-03-30T00:00:00+02:00</sln:cyklZyciaDo><sln:cyklZyciaOd>2016-01-29T00:00:00+01:00</sln:cyklZyciaOd><sln:gmIIPId>c6404167-dcd7-489e-8bbd-b17317357209</sln:gmIIPId><sln:gmIIPPn>PL.PZGIK.200</sln:gmIIPPn><sln:gmIIPWersja>2012-09-26T22:23:59+02:00</sln:gmIIPWersja><sln:gmIdTeryt>3030043</sln:gmIdTeryt><sln:gmNazwa>Pyzdry</sln:gmNazwa><sln:miejscIIPId>15284036-0769-4fb9-b23a-25abf94b0f06</sln:miejscIIPId><sln:miejscIIPPn>PL.PZGIK.200</sln:miejscIIPPn><sln:miejscIIPWersja>2016-11-24T09:53:53+02:00</sln:miejscIIPWersja><sln:miejscIdTeryt>0293048</sln:miejscIdTeryt><sln:miejscNazwa>Pietrzyków</sln:miejscNazwa><sln:miejscRodzaj>Wieś</sln:miejscRodzaj><sln:powIIPId>e6ff6666-2410-4a42-a3df-de1089b6f511</sln:powIIPId><sln:powIIPPn>PL.PZGIK.200</sln:powIIPPn><sln:powIIPWersja>2012-09-27T08:59:03+02:00</sln:powIIPWersja><sln:powIdTeryt>3030</sln:powIdTeryt><sln:powNazwa>wrzesiński</sln:powNazwa><sln:waznyOd>2011-12-14T00:00:00+01:00</sln:waznyOd><sln:wojIIPId>c606b01a-76c8-480d-9470-f24ca0d7a613</sln:wojIIPId><sln:wojIIPPn>PL.PZGIK.200</sln:wojIIPPn><sln:wojIIPWersja>2016-05-05T18:20:48+02:00</sln:wojIIPWersja><sln:wojIdTeryt>30</sln:wojIdTeryt><sln:wojNazwa>wielkopolskie</sln:wojNazwa></sln:miejscowosc><sln:miejscowosc><sln:cyklZyciaDo>2017-03-30T00:00:00+02:00</sln:cyklZyciaDo><sln:cyklZyciaOd>2016-01-29T00:00:00+01:00</sln:cyklZyciaOd><sln:gmIIPId>c6404167-dcd7-489e-8bbd-b17317357209</sln:gmIIPId><sln:gmIIPPn>PL.PZGIK.200</sln:gmIIPPn><sln:gmIIPWersja>2012-09-26T22:23:59+02:00</sln:gmIIPWersja><sln:gmIdTeryt>3030043</sln:gmIdTeryt><sln:gmNazwa>Pyzdry</sln:gmNazwa><sln:miejscIIPId>9c382fd4-96b5-414b-a947-6961b0eeb90e</sln:miejscIIPId><sln:miejscIIPPn>PL.PZGIK.200</sln:miejscIIPPn><sln:miejscIIPWersja>2016-11-24T09:53:53+02:00</sln:miejscIIPWersja><sln:miejscIdTeryt>0293054</sln:miejscIdTeryt><sln:miejscNazwa>Pietrzyków-Kolonia</sln:miejscNazwa><sln:miejscRodzaj>Wieś</sln:miejscRodzaj><sln:powIIPId>e6ff6666-2410-4a42-a3df-de1089b6f511</sln:powIIPId><sln:powIIPPn>PL.PZGIK.200</sln:powIIPPn><sln:powIIPWersja>2012-09-27T08:59:03+02:00</sln:powIIPWersja><sln:powIdTeryt>3030</sln:powIdTeryt><sln:powNazwa>wrzesiński</sln:powNazwa><sln:waznyOd>2012-10-02T00:00:00+02:00</sln:waznyOd><sln:wojIIPId>c606b01a-76c8-480d-9470-f24ca0d7a613</sln:wojIIPId><sln:wojIIPPn>PL.PZGIK.200</sln:wojIIPPn><sln:wojIIPWersja>2016-05-05T18:20:48+02:00</sln:wojIIPWersja><sln:wojIdTeryt>30</sln:wojIdTeryt><sln:wojNazwa>wielkopolskie</sln:wojNazwa></sln:miejscowosc><sln:miejscowosc><sln:cyklZyciaDo>2017-03-30T00:00:00+02:00</sln:cyklZyciaDo><sln:cyklZyciaOd>2016-01-29T00:00:00+01:00</sln:cyklZyciaOd><sln:gmIIPId>c6404167-dcd7-489e-8bbd-b17317357209</sln:gmIIPId><sln:gmIIPPn>PL.PZGIK.200</sln:gmIIPPn><sln:gmIIPWersja>2012-09-26T22:23:59+02:00</sln:gmIIPWersja><sln:gmIdTeryt>3030043</sln:gmIdTeryt><sln:gmNazwa>Pyzdry</sln:gmNazwa><sln:miejscIIPId>a1adc9ca-0f81-426e-a4cc-475425e78053</sln:miejscIIPId><sln:miejscIIPPn>PL.PZGIK.200</sln:miejscIIPPn><sln:miejscIIPWersja>2016-11-24T13:16:42+02:00</sln:miejscIIPWersja><sln:miejscIdTeryt>0949164</sln:miejscIdTeryt><sln:miejscNazwa>Pyzdry</sln:miejscNazwa><sln:miejscRodzaj>Miasto</sln:miejscRodzaj><sln:powIIPId>e6ff6666-2410-4a42-a3df-de1089b6f511</sln:powIIPId><sln:powIIPPn>PL.PZGIK.200</sln:powIIPPn><sln:powIIPWersja>2012-09-27T08:59:03+02:00</sln:powIIPWersja><sln:powIdTeryt>3030</sln:powIdTeryt><sln:powNazwa>wrzesiński</sln:powNazwa><sln:waznyOd>2011-12-14T00:00:00+01:00</sln:waznyOd><sln:wojIIPId>c606b01a-76c8-480d-9470-f24ca0d7a613</sln:wojIIPId><sln:wojIIPPn>PL.PZGIK.200</sln:wojIIPPn><sln:wojIIPWersja>2016-05-05T18:20:48+02:00</sln:wojIIPWersja><sln:wojIdTeryt>30</sln:wojIdTeryt><sln:wojNazwa>wielkopolskie</sln:wojNazwa></sln:miejscowosc><sln:miejscowosc><sln:cyklZyciaDo>2017-03-30T00:00:00+02:00</sln:cyklZyciaDo><sln:cyklZyciaOd>2016-01-29T00:00:00+01:00</sln:cyklZyciaOd><sln:gmIIPId>c6404167-dcd7-489e-8bbd-b17317357209</sln:gmIIPId><sln:gmIIPPn>PL.PZGIK.200</sln:gmIIPPn><sln:gmIIPWersja>2012-09-26T22:23:59+02:00</sln:gmIIPWersja><sln:gmIdTeryt>3030043</sln:gmIdTeryt><sln:gmNazwa>Pyzdry</sln:gmNazwa><sln:miejscIIPId>22f4b527-0c5b-4b87-b4bb-3dc7b8206c35</sln:miejscIIPId><sln:miejscIIPPn>PL.PZGIK.200</sln:miejscIIPPn><sln:miejscIIPWersja>2016-11-24T09:53:53+02:00</sln:miejscIIPWersja><sln:miejscIdTeryt>0293060</sln:miejscIdTeryt><sln:miejscNazwa>Rataje</sln:miejscNazwa><sln:miejscRodzaj>Wieś</sln:miejscRodzaj><sln:powIIPId>e6ff6666-2410-4a42-a3df-de1089b6f511</sln:powIIPId><sln:powIIPPn>PL.PZGIK.200</sln:powIIPPn><sln:powIIPWersja>2012-09-27T08:59:03+02:00</sln:powIIPWersja><sln:powIdTeryt>3030</sln:powIdTeryt><sln:powNazwa>wrzesiński</sln:powNazwa><sln:waznyOd>2011-12-14T00:00:00+01:00</sln:waznyOd><sln:wojIIPId>c606b01a-76c8-480d-9470-f24ca0d7a613</sln:wojIIPId><sln:wojIIPPn>PL.PZGIK.200</sln:wojIIPPn><sln:wojIIPWersja>2016-05-05T18:20:48+02:00</sln:wojIIPWersja><sln:wojIdTeryt>30</sln:wojIdTeryt><sln:wojNazwa>wielkopolskie</sln:wojNazwa></sln:miejscowosc><sln:miejscowosc><sln:cyklZyciaDo>2017-03-30T00:00:00+02:00</sln:cyklZyciaDo><sln:cyklZyciaOd>2016-01-29T00:00:00+01:00</sln:cyklZyciaOd><sln:gmIIPId>c6404167-dcd7-489e-8bbd-b17317357209</sln:gmIIPId><sln:gmIIPPn>PL.PZGIK.200</sln:gmIIPPn><sln:gmIIPWersja>2012-09-26T22:23:59+02:00</sln:gmIIPWersja><sln:gmIdTeryt>3030043</sln:gmIdTeryt><sln:gmNazwa>Pyzdry</sln:gmNazwa><sln:miejscIIPId>bf6d03a6-87a7-4079-8d83-ee9e75904e08</sln:miejscIIPId><sln:miejscIIPPn>PL.PZGIK.200</sln:miejscIIPPn><sln:miejscIIPWersja>2016-11-24T09:53:53+02:00</sln:miejscIIPWersja><sln:miejscIdTeryt>0293077</sln:miejscIdTeryt><sln:miejscNazwa>Ruda Komorska</sln:miejscNazwa><sln:miejscRodzaj>Wieś</sln:miejscRodzaj><sln:powIIPId>e6ff6666-2410-4a42-a3df-de1089b6f511</sln:powIIPId><sln:powIIPPn>PL.PZGIK.200</sln:powIIPPn><sln:powIIPWersja>2012-09-27T08:59:03+02:00</sln:powIIPWersja><sln:powIdTeryt>3030</sln:powIdTeryt><sln:powNazwa>wrzesiński</sln:powNazwa><sln:waznyOd>2011-12-14T00:00:00+01:00</sln:waznyOd><sln:wojIIPId>c606b01a-76c8-480d-9470-f24ca0d7a613</sln:wojIIPId><sln:wojIIPPn>PL.PZGIK.200</sln:wojIIPPn><sln:wojIIPWersja>2016-05-05T18:20:48+02:00</sln:wojIIPWersja><sln:wojIdTeryt>30</sln:wojIdTeryt><sln:wojNazwa>wielkopolskie</sln:wojNazwa></sln:miejscowosc><sln:miejscowosc><sln:cyklZyciaDo>2017-03-30T00:00:00+02:00</sln:cyklZyciaDo><sln:cyklZyciaOd>2016-01-29T00:00:00+01:00</sln:cyklZyciaOd><sln:gmIIPId>c6404167-dcd7-489e-8bbd-b17317357209</sln:gmIIPId><sln:gmIIPPn>PL.PZGIK.200</sln:gmIIPPn><sln:gmIIPWersja>2012-09-26T22:23:59+02:00</sln:gmIIPWersja><sln:gmIdTeryt>3030043</sln:gmIdTeryt><sln:gmNazwa>Pyzdry</sln:gmNazwa><sln:miejscIIPId>a071d495-e3ea-4596-9bd8-db61e57a1385</sln:miejscIIPId><sln:miejscIIPPn>PL.PZGIK.200</sln:miejscIIPPn><sln:miejscIIPWersja>2016-11-24T09:53:53+02:00</sln:miejscIIPWersja><sln:miejscIdTeryt>0293114</sln:miejscIdTeryt><sln:miejscNazwa>Tarnowa</sln:miejscNazwa><sln:miejscRodzaj>Wieś</sln:miejscRodzaj><sln:powIIPId>e6ff6666-2410-4a42-a3df-de1089b6f511</sln:powIIPId><sln:powIIPPn>PL.PZGIK.200</sln:powIIPPn><sln:powIIPWersja>2012-09-27T08:59:03+02:00</sln:powIIPWersja><sln:powIdTeryt>3030</sln:powIdTeryt><sln:powNazwa>wrzesiński</sln:powNazwa><sln:waznyOd>2011-12-14T00:00:00+01:00</sln:waznyOd><sln:wojIIPId>c606b01a-76c8-480d-9470-f24ca0d7a613</sln:wojIIPId><sln:wojIIPPn>PL.PZGIK.200</sln:wojIIPPn><sln:wojIIPWersja>2016-05-05T18:20:48+02:00</sln:wojIIPWersja><sln:wojIdTeryt>30</sln:wojIdTeryt><sln:wojNazwa>wielkopolskie</sln:wojNazwa></sln:miejscowosc><sln:miejscowosc><sln:cyklZyciaDo>2017-03-30T00:00:00+02:00</sln:cyklZyciaDo><sln:cyklZyciaOd>2016-01-29T00:00:00+01:00</sln:cyklZyciaOd><sln:gmIIPId>c6404167-dcd7-489e-8bbd-b17317357209</sln:gmIIPId><sln:gmIIPPn>PL.PZGIK.200</sln:gmIIPPn><sln:gmIIPWersja>2012-09-26T22:23:59+02:00</sln:gmIIPWersja><sln:gmIdTeryt>3030043</sln:gmIdTeryt><sln:gmNazwa>Pyzdry</sln:gmNazwa><sln:miejscIIPId>d0a845b4-8292-4ca7-98e1-3606b66dd786</sln:miejscIIPId><sln:miejscIIPPn>PL.PZGIK.200</sln:miejscIIPPn><sln:miejscIIPWersja>2016-11-24T09:53:53+02:00</sln:miejscIIPWersja><sln:miejscIdTeryt>0292971</sln:miejscIdTeryt><sln:miejscNazwa>Tłoczyzna</sln:miejscNazwa><sln:miejscRodzaj>Wieś</sln:miejscRodzaj><sln:powIIPId>e6ff6666-2410-4a42-a3df-de1089b6f511</sln:powIIPId><sln:powIIPPn>PL.PZGIK.200</sln:powIIPPn><sln:powIIPWersja>2012-09-27T08:59:03+02:00</sln:powIIPWersja><sln:powIdTeryt>3030</sln:powIdTeryt><sln:powNazwa>wrzesiński</sln:powNazwa><sln:waznyOd>2011-12-22T00:00:00+01:00</sln:waznyOd><sln:wojIIPId>c606b01a-76c8-480d-9470-f24ca0d7a613</sln:wojIIPId><sln:wojIIPPn>PL.PZGIK.200</sln:wojIIPPn><sln:wojIIPWersja>2016-05-05T18:20:48+02:00</sln:wojIIPWersja><sln:wojIdTeryt>30</sln:wojIdTeryt><sln:wojNazwa>wielkopolskie</sln:wojNazwa></sln:miejscowosc><sln:miejscowosc><sln:cyklZyciaDo>2017-03-30T00:00:00+02:00</sln:cyklZyciaDo><sln:cyklZyciaOd>2016-01-29T00:00:00+01:00</sln:cyklZyciaOd><sln:gmIIPId>c6404167-dcd7-489e-8bbd-b17317357209</sln:gmIIPId><sln:gmIIPPn>PL.PZGIK.200</sln:gmIIPPn><sln:gmIIPWersja>2012-09-26T22:23:59+02:00</sln:gmIIPWersja><sln:gmIdTeryt>3030043</sln:gmIdTeryt><sln:gmNazwa>Pyzdry</sln:gmNazwa><sln:miejscIIPId>275b759f-a67f-430d-926d-ecf30faf716d</sln:miejscIIPId><sln:miejscIIPPn>PL.PZGIK.200</sln:miejscIIPPn><sln:miejscIIPWersja>2016-11-24T09:53:53+02:00</sln:miejscIIPWersja><sln:miejscIdTeryt>0293120</sln:miejscIdTeryt><sln:miejscNazwa>Trzcianki</sln:miejscNazwa><sln:miejscRodzaj>Wieś</sln:miejscRodzaj><sln:powIIPId>e6ff6666-2410-4a42-a3df-de1089b6f511</sln:powIIPId><sln:powIIPPn>PL.PZGIK.200</sln:powIIPPn><sln:powIIPWersja>2012-09-27T08:59:03+02:00</sln:powIIPWersja><sln:powIdTeryt>3030</sln:powIdTeryt><sln:powNazwa>wrzesiński</sln:powNazwa><sln:waznyOd>2011-12-14T00:00:00+01:00</sln:waznyOd><sln:wojIIPId>c606b01a-76c8-480d-9470-f24ca0d7a613</sln:wojIIPId><sln:wojIIPPn>PL.PZGIK.200</sln:wojIIPPn><sln:wojIIPWersja>2016-05-05T18:20:48+02:00</sln:wojIIPWersja><sln:wojIdTeryt>30</sln:wojIdTeryt><sln:wojNazwa>wielkopolskie</sln:wojNazwa></sln:miejscowosc><sln:miejscowosc><sln:cyklZyciaDo>2017-03-30T00:00:00+02:00</sln:cyklZyciaDo><sln:cyklZyciaOd>2016-01-29T00:00:00+01:00</sln:cyklZyciaOd><sln:gmIIPId>c6404167-dcd7-489e-8bbd-b17317357209</sln:gmIIPId><sln:gmIIPPn>PL.PZGIK.200</sln:gmIIPPn><sln:gmIIPWersja>2012-09-26T22:23:59+02:00</sln:gmIIPWersja><sln:gmIdTeryt>3030043</sln:gmIdTeryt><sln:gmNazwa>Pyzdry</sln:gmNazwa><sln:miejscIIPId>a89c4e26-65af-47b7-a513-9ae93a8ccadc</sln:miejscIIPId><sln:miejscIIPPn>PL.PZGIK.200</sln:miejscIIPPn><sln:miejscIIPWersja>2016-11-24T09:53:53+02:00</sln:miejscIIPWersja><sln:miejscIdTeryt>0293143</sln:miejscIdTeryt><sln:miejscNazwa>Walga</sln:miejscNazwa><sln:miejscRodzaj>Wieś</sln:miejscRodzaj><sln:powIIPId>e6ff6666-2410-4a42-a3df-de1089b6f511</sln:powIIPId><sln:powIIPPn>PL.PZGIK.200</sln:powIIPPn><sln:powIIPWersja>2012-09-27T08:59:03+02:00</sln:powIIPWersja><sln:powIdTeryt>3030</sln:powIdTeryt><sln:powNazwa>wrzesiński</sln:powNazwa><sln:waznyOd>2011-12-14T00:00:00+01:00</sln:waznyOd><sln:wojIIPId>c606b01a-76c8-480d-9470-f24ca0d7a613</sln:wojIIPId><sln:wojIIPPn>PL.PZGIK.200</sln:wojIIPPn><sln:wojIIPWersja>2016-05-05T18:20:48+02:00</sln:wojIIPWersja><sln:wojIdTeryt>30</sln:wojIdTeryt><sln:wojNazwa>wielkopolskie</sln:wojNazwa></sln:miejscowosc><sln:miejscowosc><sln:cyklZyciaDo>2017-03-30T00:00:00+02:00</sln:cyklZyciaDo><sln:cyklZyciaOd>2016-01-29T00:00:00+01:00</sln:cyklZyciaOd><sln:gmIIPId>c6404167-dcd7-489e-8bbd-b17317357209</sln:gmIIPId><sln:gmIIPPn>PL.PZGIK.200</sln:gmIIPPn><sln:gmIIPWersja>2012-09-26T22:23:59+02:00</sln:gmIIPWersja><sln:gmIdTeryt>3030043</sln:gmIdTeryt><sln:gmNazwa>Pyzdry</sln:gmNazwa><sln:miejscIIPId>5185a54d-1498-4030-883f-5580ae693479</sln:miejscIIPId><sln:miejscIIPPn>PL.PZGIK.200</sln:miejscIIPPn><sln:miejscIIPWersja>2016-11-24T09:53:53+02:00</sln:miejscIIPWersja><sln:miejscIdTeryt>0293150</sln:miejscIdTeryt><sln:miejscNazwa>Wrąbczynek</sln:miejscNazwa><sln:miejscRodzaj>Wieś</sln:miejscRodzaj><sln:powIIPId>e6ff6666-2410-4a42-a3df-de1089b6f511</sln:powIIPId><sln:powIIPPn>PL.PZGIK.200</sln:powIIPPn><sln:powIIPWersja>2012-09-27T08:59:03+02:00</sln:powIIPWersja><sln:powIdTeryt>3030</sln:powIdTeryt><sln:powNazwa>wrzesiński</sln:powNazwa><sln:waznyOd>2011-12-14T00:00:00+01:00</sln:waznyOd><sln:wojIIPId>c606b01a-76c8-480d-9470-f24ca0d7a613</sln:wojIIPId><sln:wojIIPPn>PL.PZGIK.200</sln:wojIIPPn><sln:wojIIPWersja>2016-05-05T18:20:48+02:00</sln:wojIIPWersja><sln:wojIdTeryt>30</sln:wojIdTeryt><sln:wojNazwa>wielkopolskie</sln:wojNazwa></sln:miejscowosc><sln:miejscowosc><sln:cyklZyciaDo>2017-03-30T00:00:00+02:00</sln:cyklZyciaDo><sln:cyklZyciaOd>2016-01-29T00:00:00+01:00</sln:cyklZyciaOd><sln:gmIIPId>c6404167-dcd7-489e-8bbd-b17317357209</sln:gmIIPId><sln:gmIIPPn>PL.PZGIK.200</sln:gmIIPPn><sln:gmIIPWersja>2012-09-26T22:23:59+02:00</sln:gmIIPWersja><sln:gmIdTeryt>3030043</sln:gmIdTeryt><sln:gmNazwa>Pyzdry</sln:gmNazwa><sln:miejscIIPId>be0741af-a62a-4119-8d44-3474e90b6707</sln:miejscIIPId><sln:miejscIIPPn>PL.PZGIK.200</sln:miejscIIPPn><sln:miejscIIPWersja>2016-11-24T09:53:53+02:00</sln:miejscIIPWersja><sln:miejscIdTeryt>0293166</sln:miejscIdTeryt><sln:miejscNazwa>Wrąbczynkowskie Holendry</sln:miejscNazwa><sln:miejscRodzaj>Wieś</sln:miejscRodzaj><sln:powIIPId>e6ff6666-2410-4a42-a3df-de1089b6f511</sln:powIIPId><sln:powIIPPn>PL.PZGIK.200</sln:powIIPPn><sln:powIIPWersja>2012-09-27T08:59:03+02:00</sln:powIIPWersja><sln:powIdTeryt>3030</sln:powIdTeryt><sln:powNazwa>wrzesiński</sln:powNazwa><sln:waznyOd>2011-12-14T00:00:00+01:00</sln:waznyOd><sln:wojIIPId>c606b01a-76c8-480d-9470-f24ca0d7a613</sln:wojIIPId><sln:wojIIPPn>PL.PZGIK.200</sln:wojIIPPn><sln:wojIIPWersja>2016-05-05T18:20:48+02:00</sln:wojIIPWersja><sln:wojIdTeryt>30</sln:wojIdTeryt><sln:wojNazwa>wielkopolskie</sln:wojNazwa></sln:miejscowosc><sln:miejscowosc><sln:cyklZyciaDo>2017-03-30T00:00:00+02:00</sln:cyklZyciaDo><sln:cyklZyciaOd>2016-01-29T00:00:00+01:00</sln:cyklZyciaOd><sln:gmIIPId>c6404167-dcd7-489e-8bbd-b17317357209</sln:gmIIPId><sln:gmIIPPn>PL.PZGIK.200</sln:gmIIPPn><sln:gmIIPWersja>2012-09-26T22:23:59+02:00</sln:gmIIPWersja><sln:gmIdTeryt>3030043</sln:gmIdTeryt><sln:gmNazwa>Pyzdry</sln:gmNazwa><sln:miejscIIPId>87166b00-bdf4-417a-bb8c-738bb684ae8d</sln:miejscIIPId><sln:miejscIIPPn>PL.PZGIK.200</sln:miejscIIPPn><sln:miejscIIPWersja>2016-11-24T09:53:53+02:00</sln:miejscIIPWersja><sln:miejscIdTeryt>0293108</sln:miejscIdTeryt><sln:miejscNazwa>Zamość</sln:miejscNazwa><sln:miejscRodzaj>Wieś</sln:miejscRodzaj><sln:powIIPId>e6ff6666-2410-4a42-a3df-de1089b6f511</sln:powIIPId><sln:powIIPPn>PL.PZGIK.200</sln:powIIPPn><sln:powIIPWersja>2012-09-27T08:59:03+02:00</sln:powIIPWersja><sln:powIdTeryt>3030</sln:powIdTeryt><sln:powNazwa>wrzesiński</sln:powNazwa><sln:waznyOd>2011-12-22T00:00:00+01:00</sln:waznyOd><sln:wojIIPId>c606b01a-76c8-480d-9470-f24ca0d7a613</sln:wojIIPId><sln:wojIIPPn>PL.PZGIK.200</sln:wojIIPPn><sln:wojIIPWersja>2016-05-05T18:20:48+02:00</sln:wojIIPWersja><sln:wojIdTeryt>30</sln:wojIdTeryt><sln:wojNazwa>wielkopolskie</sln:wojNazwa></sln:miejscowosc><sln:miejscowosc><sln:cyklZyciaDo>2017-03-30T00:00:00+02:00</sln:cyklZyciaDo><sln:cyklZyciaOd>2016-01-29T00:00:00+01:00</sln:cyklZyciaOd><sln:gmIIPId>c6404167-dcd7-489e-8bbd-b17317357209</sln:gmIIPId><sln:gmIIPPn>PL.PZGIK.200</sln:gmIIPPn><sln:gmIIPWersja>2012-09-26T22:23:59+02:00</sln:gmIIPWersja><sln:gmIdTeryt>3030043</sln:gmIdTeryt><sln:gmNazwa>Pyzdry</sln:gmNazwa><sln:miejscIIPId>34d69b91-5616-463d-8718-b5f7043c8054</sln:miejscIIPId><sln:miejscIIPPn>PL.PZGIK.200</sln:miejscIIPPn><sln:miejscIIPWersja>2016-11-24T09:53:53+02:00</sln:miejscIIPWersja><sln:miejscIdTeryt>0293189</sln:miejscIdTeryt><sln:miejscNazwa>Zapowiednia</sln:miejscNazwa><sln:miejscRodzaj>Wieś</sln:miejscRodzaj><sln:powIIPId>e6ff6666-2410-4a42-a3df-de1089b6f511</sln:powIIPId><sln:powIIPPn>PL.PZGIK.200</sln:powIIPPn><sln:powIIPWersja>2012-09-27T08:59:03+02:00</sln:powIIPWersja><sln:powIdTeryt>3030</sln:powIdTeryt><sln:powNazwa>wrzesiński</sln:powNazwa><sln:waznyOd>2011-12-14T00:00:00+01:00</sln:waznyOd><sln:wojIIPId>c606b01a-76c8-480d-9470-f24ca0d7a613</sln:wojIIPId><sln:wojIIPPn>PL.PZGIK.200</sln:wojIIPPn><sln:wojIIPWersja>2016-05-05T18:20:48+02:00</sln:wojIIPWersja><sln:wojIdTeryt>30</sln:wojIdTeryt><sln:wojNazwa>wielkopolskie</sln:wojNazwa></sln:miejscowosc><sln:miejscowosc><sln:cyklZyciaDo>2017-03-30T00:00:00+02:00</sln:cyklZyciaDo><sln:cyklZyciaOd>2016-01-29T00:00:00+01:00</sln:cyklZyciaOd><sln:gmIIPId>c6404167-dcd7-489e-8bbd-b17317357209</sln:gmIIPId><sln:gmIIPPn>PL.PZGIK.200</sln:gmIIPPn><sln:gmIIPWersja>2012-09-26T22:23:59+02:00</sln:gmIIPWersja><sln:gmIdTeryt>3030043</sln:gmIdTeryt><sln:gmNazwa>Pyzdry</sln:gmNazwa><sln:miejscIIPId>1384e3c4-0e23-44f6-86ab-43338461c462</sln:miejscIIPId><sln:miejscIIPPn>PL.PZGIK.200</sln:miejscIIPPn><sln:miejscIIPWersja>2016-11-24T09:53:53+02:00</sln:miejscIIPWersja><sln:miejscIdTeryt>0292920</sln:miejscIdTeryt><sln:miejscNazwa>Zimochowiec</sln:miejscNazwa><sln:miejscRodzaj>Osada</sln:miejscRodzaj><sln:powIIPId>e6ff6666-2410-4a42-a3df-de1089b6f511</sln:powIIPId><sln:powIIPPn>PL.PZGIK.200</sln:powIIPPn><sln:powIIPWersja>2012-09-27T08:59:03+02:00</sln:powIIPWersja><sln:powIdTeryt>3030</sln:powIdTeryt><sln:powNazwa>wrzesiński</sln:powNazwa><sln:waznyOd>2015-03-13T00:00:00+01:00</sln:waznyOd><sln:wojIIPId>c606b01a-76c8-480d-9470-f24ca0d7a613</sln:wojIIPId><sln:wojIIPPn>PL.PZGIK.200</sln:wojIIPPn><sln:wojIIPWersja>2016-05-05T18:20:48+02:00</sln:wojIIPWersja><sln:wojIdTeryt>30</sln:wojIdTeryt><sln:wojNazwa>wielkopolskie</sln:wojNazwa></sln:miejscowosc><sln:miejscowosc><sln:cyklZyciaDo>2017-03-30T00:00:00+02:00</sln:cyklZyciaDo><sln:cyklZyciaOd>2016-01-29T00:00:00+01:00</sln:cyklZyciaOd><sln:gmIIPId>c6404167-dcd7-489e-8bbd-b17317357209</sln:gmIIPId><sln:gmIIPPn>PL.PZGIK.200</sln:gmIIPPn><sln:gmIIPWersja>2012-09-26T22:23:59+02:00</sln:gmIIPWersja><sln:gmIdTeryt>3030043</sln:gmIdTeryt><sln:gmNazwa>Pyzdry</sln:gmNazwa><sln:miejscIIPId>45585c85-db7d-4e18-a208-6d1f68f40841</sln:miejscIIPId><sln:miejscIIPPn>PL.PZGIK.200</sln:miejscIIPPn><sln:miejscIIPWersja>2016-11-24T09:53:53+02:00</sln:miejscIIPWersja><sln:miejscIdTeryt>0293210</sln:miejscIdTeryt><sln:miejscNazwa>Żdżary</sln:miejscNazwa><sln:miejscRodzaj>Przysiółek</sln:miejscRodzaj><sln:powIIPId>e6ff6666-2410-4a42-a3df-de1089b6f511</sln:powIIPId><sln:powIIPPn>PL.PZGIK.200</sln:powIIPPn><sln:powIIPWersja>2012-09-27T08:59:03+02:00</sln:powIIPWersja><sln:powIdTeryt>3030</sln:powIdTeryt><sln:powNazwa>wrzesiński</sln:powNazwa><sln:waznyOd>2015-03-13T00:00:00+01:00</sln:waznyOd><sln:wojIIPId>c606b01a-76c8-480d-9470-f24ca0d7a613</sln:wojIIPId><sln:wojIIPPn>PL.PZGIK.200</sln:wojIIPPn><sln:wojIIPWersja>2016-05-05T18:20:48+02:00</sln:wojIIPWersja><sln:wojIdTeryt>30</sln:wojIdTeryt><sln:wojNazwa>wielkopolskie</sln:wojNazwa></sln:miejscowosc><sln:miejscowosc><sln:cyklZyciaDo>2017-03-30T00:00:00+02:00</sln:cyklZyciaDo><sln:cyklZyciaOd>2016-01-29T00:00:00+01:00</sln:cyklZyciaOd><sln:gmIIPId>c6404167-dcd7-489e-8bbd-b17317357209</sln:gmIIPId><sln:gmIIPPn>PL.PZGIK.200</sln:gmIIPPn><sln:gmIIPWersja>2012-09-26T22:23:59+02:00</sln:gmIIPWersja><sln:gmIdTeryt>3030043</sln:gmIdTeryt><sln:gmNazwa>Pyzdry</sln:gmNazwa><sln:miejscIIPId>dee30417-fd70-4553-8250-d933fac36aab</sln:miejscIIPId><sln:miejscIIPPn>PL.PZGIK.200</sln:miejscIIPPn><sln:miejscIIPWersja>2016-11-24T09:53:53+02:00</sln:miejscIIPWersja><sln:miejscIdTeryt>0292936</sln:miejscIdTeryt><sln:miejscNazwa>Baraniec</sln:miejscNazwa><sln:miejscRodzaj>Wieś</sln:miejscRodzaj><sln:powIIPId>e6ff6666-2410-4a42-a3df-de1089b6f511</sln:powIIPId><sln:powIIPPn>PL.PZGIK.200</sln:powIIPPn><sln:powIIPWersja>2012-09-27T08:59:03+02:00</sln:powIIPWersja><sln:powIdTeryt>3030</sln:powIdTeryt><sln:powNazwa>wrzesiński</sln:powNazwa><sln:waznyOd>2011-12-22T00:00:00+01:00</sln:waznyOd><sln:wojIIPId>c606b01a-76c8-480d-9470-f24ca0d7a613</sln:wojIIPId><sln:wojIIPPn>PL.PZGIK.200</sln:wojIIPPn><sln:wojIIPWersja>2016-05-05T18:20:48+02:00</sln:wojIIPWersja><sln:wojIdTeryt>30</sln:wojIdTeryt><sln:wojNazwa>wielkopolskie</sln:wojNazwa></sln:miejscowosc><sln:miejscowosc><sln:cyklZyciaDo>2017-03-30T00:00:00+02:00</sln:cyklZyciaDo><sln:cyklZyciaOd>2016-01-29T00:00:00+01:00</sln:cyklZyciaOd><sln:gmIIPId>c6404167-dcd7-489e-8bbd-b17317357209</sln:gmIIPId><sln:gmIIPPn>PL.PZGIK.200</sln:gmIIPPn><sln:gmIIPWersja>2012-09-26T22:23:59+02:00</sln:gmIIPWersja><sln:gmIdTeryt>3030043</sln:gmIdTeryt><sln:gmNazwa>Pyzdry</sln:gmNazwa><sln:miejscIIPId>cf68cb89-651c-48f6-a359-e3133f04a0c0</sln:miejscIIPId><sln:miejscIIPPn>PL.PZGIK.200</sln:miejscIIPPn><sln:miejscIIPWersja>2016-11-24T09:53:53+02:00</sln:miejscIIPWersja><sln:miejscIdTeryt>0292942</sln:miejscIdTeryt><sln:miejscNazwa>Benewicze (osada leśna)</sln:miejscNazwa><sln:miejscRodzaj>Osada leśna</sln:miejscRodzaj><sln:powIIPId>e6ff6666-2410-4a42-a3df-de1089b6f511</sln:powIIPId><sln:powIIPPn>PL.PZGIK.200</sln:powIIPPn><sln:powIIPWersja>2012-09-27T08:59:03+02:00</sln:powIIPWersja><sln:powIdTeryt>3030</sln:powIdTeryt><sln:powNazwa>wrzesiński</sln:powNazwa><sln:waznyOd>2016-01-29T00:00:00+01:00</sln:waznyOd><sln:wojIIPId>c606b01a-76c8-480d-9470-f24ca0d7a613</sln:wojIIPId><sln:wojIIPPn>PL.PZGIK.200</sln:wojIIPPn><sln:wojIIPWersja>2016-05-05T18:20:48+02:00</sln:wojIIPWersja><sln:wojIdTeryt>30</sln:wojIdTeryt><sln:wojNazwa>wielkopolskie</sln:wojNazwa></sln:miejscowosc><sln:miejscowosc><sln:cyklZyciaDo>2017-03-30T00:00:00+02:00</sln:cyklZyciaDo><sln:cyklZyciaOd>2016-01-29T00:00:00+01:00</sln:cyklZyciaOd><sln:gmIIPId>c6404167-dcd7-489e-8bbd-b17317357209</sln:gmIIPId><sln:gmIIPPn>PL.PZGIK.200</sln:gmIIPPn><sln:gmIIPWersja>2012-09-26T22:23:59+02:00</sln:gmIIPWersja><sln:gmIdTeryt>3030043</sln:gmIdTeryt><sln:gmNazwa>Pyzdry</sln:gmNazwa><sln:miejscIIPId>db082e62-48f3-4923-bb0c-808f53b5b251</sln:miejscIIPId><sln:miejscIIPPn>PL.PZGIK.200</sln:miejscIIPPn><sln:miejscIIPWersja>2016-11-24T09:53:53+02:00</sln:miejscIIPWersja><sln:miejscIdTeryt>0292853</sln:miejscIdTeryt><sln:miejscNazwa>Białobrzeg</sln:miejscNazwa><sln:miejscRodzaj>Wieś</sln:miejscRodzaj><sln:powIIPId>e6ff6666-2410-4a42-a3df-de1089b6f511</sln:powIIPId><sln:powIIPPn>PL.PZGIK.200</sln:powIIPPn><sln:powIIPWersja>2012-09-27T08:59:03+02:00</sln:powIIPWersja><sln:powIdTeryt>3030</sln:powIdTeryt><sln:powNazwa>wrzesiński</sln:powNazwa><sln:waznyOd>2011-12-14T00:00:00+01:00</sln:waznyOd><sln:wojIIPId>c606b01a-76c8-480d-9470-f24ca0d7a613</sln:wojIIPId><sln:wojIIPPn>PL.PZGIK.200</sln:wojIIPPn><sln:wojIIPWersja>2016-05-05T18:20:48+02:00</sln:wojIIPWersja><sln:wojIdTeryt>30</sln:wojIdTeryt><sln:wojNazwa>wielkopolskie</sln:wojNazwa></sln:miejscowosc><sln:miejscowosc><sln:cyklZyciaDo>2017-03-30T00:00:00+02:00</sln:cyklZyciaDo><sln:cyklZyciaOd>2016-01-29T00:00:00+01:00</sln:cyklZyciaOd><sln:gmIIPId>c6404167-dcd7-489e-8bbd-b17317357209</sln:gmIIPId><sln:gmIIPPn>PL.PZGIK.200</sln:gmIIPPn><sln:gmIIPWersja>2012-09-26T22:23:59+02:00</sln:gmIIPWersja><sln:gmIdTeryt>3030043</sln:gmIdTeryt><sln:gmNazwa>Pyzdry</sln:gmNazwa><sln:miejscIIPId>19c25cdb-9500-4048-8381-4797f4f291af</sln:miejscIIPId><sln:miejscIIPPn>PL.PZGIK.200</sln:miejscIIPPn><sln:miejscIIPWersja>2016-11-24T09:53:53+02:00</sln:miejscIIPWersja><sln:miejscIdTeryt>0293195</sln:miejscIdTeryt><sln:miejscNazwa>Białobrzeg Ratajski</sln:miejscNazwa><sln:miejscRodzaj>Osada</sln:miejscRodzaj><sln:powIIPId>e6ff6666-2410-4a42-a3df-de1089b6f511</sln:powIIPId><sln:powIIPPn>PL.PZGIK.200</sln:powIIPPn><sln:powIIPWersja>2012-09-27T08:59:03+02:00</sln:powIIPWersja><sln:powIdTeryt>3030</sln:powIdTeryt><sln:powNazwa>wrzesiński</sln:powNazwa><sln:waznyOd>2015-03-13T00:00:00+01:00</sln:waznyOd><sln:wojIIPId>c606b01a-76c8-480d-9470-f24ca0d7a613</sln:wojIIPId><sln:wojIIPPn>PL.PZGIK.200</sln:wojIIPPn><sln:wojIIPWersja>2016-05-05T18:20:48+02:00</sln:wojIIPWersja><sln:wojIdTeryt>30</sln:wojIdTeryt><sln:wojNazwa>wielkopolskie</sln:wojNazwa></sln:miejscowosc><sln:miejscowosc><sln:cyklZyciaDo>2017-03-30T00:00:00+02:00</sln:cyklZyciaDo><sln:cyklZyciaOd>2016-01-29T00:00:00+01:00</sln:cyklZyciaOd><sln:gmIIPId>c6404167-dcd7-489e-8bbd-b17317357209</sln:gmIIPId><sln:gmIIPPn>PL.PZGIK.200</sln:gmIIPPn><sln:gmIIPWersja>2012-09-26T22:23:59+02:00</sln:gmIIPWersja><sln:gmIdTeryt>3030043</sln:gmIdTeryt><sln:gmNazwa>Pyzdry</sln:gmNazwa><sln:miejscIIPId>cb15bcf6-eda7-4bee-85b5-5922364497b9</sln:miejscIIPId><sln:miejscIIPPn>PL.PZGIK.200</sln:miejscIIPPn><sln:miejscIIPWersja>2016-11-24T09:53:53+02:00</sln:miejscIIPWersja><sln:miejscIdTeryt>0292876</sln:miejscIdTeryt><sln:miejscNazwa>Ciemierów</sln:miejscNazwa><sln:miejscRodzaj>Wieś</sln:miejscRodzaj><sln:powIIPId>e6ff6666-2410-4a42-a3df-de1089b6f511</sln:powIIPId><sln:powIIPPn>PL.PZGIK.200</sln:powIIPPn><sln:powIIPWersja>2012-09-27T08:59:03+02:00</sln:powIIPWersja><sln:powIdTeryt>3030</sln:powIdTeryt><sln:powNazwa>wrzesiński</sln:powNazwa><sln:waznyOd>2011-12-14T00:00:00+01:00</sln:waznyOd><sln:wojIIPId>c606b01a-76c8-480d-9470-f24ca0d7a613</sln:wojIIPId><sln:wojIIPPn>PL.PZGIK.200</sln:wojIIPPn><sln:wojIIPWersja>2016-05-05T18:20:48+02:00</sln:wojIIPWersja><sln:wojIdTeryt>30</sln:wojIdTeryt><sln:wojNazwa>wielkopolskie</sln:wojNazwa></sln:miejscowosc><sln:miejscowosc><sln:cyklZyciaDo>2017-03-30T00:00:00+02:00</sln:cyklZyciaDo><sln:cyklZyciaOd>2016-01-29T00:00:00+01:00</sln:cyklZyciaOd><sln:gmIIPId>c6404167-dcd7-489e-8bbd-b17317357209</sln:gmIIPId><sln:gmIIPPn>PL.PZGIK.200</sln:gmIIPPn><sln:gmIIPWersja>2012-09-26T22:23:59+02:00</sln:gmIIPWersja><sln:gmIdTeryt>3030043</sln:gmIdTeryt><sln:gmNazwa>Pyzdry</sln:gmNazwa><sln:miejscIIPId>60564560-2c75-41f4-bdd5-8906d5799b8e</sln:miejscIIPId><sln:miejscIIPPn>PL.PZGIK.200</sln:miejscIIPPn><sln:miejscIIPWersja>2016-11-24T09:53:53+02:00</sln:miejscIIPWersja><sln:miejscIdTeryt>0292882</sln:miejscIdTeryt><sln:miejscNazwa>Ciemierów-Kolonia</sln:miejscNazwa><sln:miejscRodzaj>Wieś</sln:miejscRodzaj><sln:powIIPId>e6ff6666-2410-4a42-a3df-de1089b6f511</sln:powIIPId><sln:powIIPPn>PL.PZGIK.200</sln:powIIPPn><sln:powIIPWersja>2012-09-27T08:59:03+02:00</sln:powIIPWersja><sln:powIdTeryt>3030</sln:powIdTeryt><sln:powNazwa>wrzesiński</sln:powNazwa><sln:waznyOd>2012-10-02T00:00:00+02:00</sln:waznyOd><sln:wojIIPId>c606b01a-76c8-480d-9470-f24ca0d7a613</sln:wojIIPId><sln:wojIIPPn>PL.PZGIK.200</sln:wojIIPPn><sln:wojIIPWersja>2016-05-05T18:20:48+02:00</sln:wojIIPWersja><sln:wojIdTeryt>30</sln:wojIdTeryt><sln:wojNazwa>wielkopolskie</sln:wojNazwa></sln:miejscowosc><sln:miejscowosc><sln:cyklZyciaDo>2017-03-30T00:00:00+02:00</sln:cyklZyciaDo><sln:cyklZyciaOd>2016-01-29T00:00:00+01:00</sln:cyklZyciaOd><sln:gmIIPId>c6404167-dcd7-489e-8bbd-b17317357209</sln:gmIIPId><sln:gmIIPPn>PL.PZGIK.200</sln:gmIIPPn><sln:gmIIPWersja>2012-09-26T22:23:59+02:00</sln:gmIIPWersja><sln:gmIdTeryt>3030043</sln:gmIdTeryt><sln:gmNazwa>Pyzdry</sln:gmNazwa><sln:miejscIIPId>4d61261c-8ed6-43d4-8269-c0bdde480225</sln:miejscIIPId><sln:miejscIIPPn>PL.PZGIK.200</sln:miejscIIPPn><sln:miejscIIPWersja>2016-11-24T09:53:53+02:00</sln:miejscIIPWersja><sln:miejscIdTeryt>0292907</sln:miejscIdTeryt><sln:miejscNazwa>Dłusk</sln:miejscNazwa><sln:miejscRodzaj>Wieś</sln:miejscRodzaj><sln:powIIPId>e6ff6666-2410-4a42-a3df-de1089b6f511</sln:powIIPId><sln:powIIPPn>PL.PZGIK.200</sln:powIIPPn><sln:powIIPWersja>2012-09-27T08:59:03+02:00</sln:powIIPWersja><sln:powIdTeryt>3030</sln:powIdTeryt><sln:powNazwa>wrzesiński</sln:powNazwa><sln:waznyOd>2011-12-14T00:00:00+01:00</sln:waznyOd><sln:wojIIPId>c606b01a-76c8-480d-9470-f24ca0d7a613</sln:wojIIPId><sln:wojIIPPn>PL.PZGIK.200</sln:wojIIPPn><sln:wojIIPWersja>2016-05-05T18:20:48+02:00</sln:wojIIPWersja><sln:wojIdTeryt>30</sln:wojIdTeryt><sln:wojNazwa>wielkopolskie</sln:wojNazwa></sln:miejscowosc><sln:miejscowosc><sln:cyklZyciaDo>2017-03-30T00:00:00+02:00</sln:cyklZyciaDo><sln:cyklZyciaOd>2016-01-29T00:00:00+01:00</sln:cyklZyciaOd><sln:gmIIPId>c6404167-dcd7-489e-8bbd-b17317357209</sln:gmIIPId><sln:gmIIPPn>PL.PZGIK.200</sln:gmIIPPn><sln:gmIIPWersja>2012-09-26T22:23:59+02:00</sln:gmIIPWersja><sln:gmIdTeryt>3030043</sln:gmIdTeryt><sln:gmNazwa>Pyzdry</sln:gmNazwa><sln:miejscIIPId>55fcf569-0faf-4252-a9f8-9edf3ec28d7f</sln:miejscIIPId><sln:miejscIIPPn>PL.PZGIK.200</sln:miejscIIPPn><sln:miejscIIPWersja>2016-11-24T09:53:53+02:00</sln:miejscIIPWersja><sln:miejscIdTeryt>0292913</sln:miejscIdTeryt><sln:miejscNazwa>Dolne Grądy</sln:miejscNazwa><sln:miejscRodzaj>Wieś</sln:miejscRodzaj><sln:powIIPId>e6ff6666-2410-4a42-a3df-de1089b6f511</sln:powIIPId><sln:powIIPPn>PL.PZGIK.200</sln:powIIPPn><sln:powIIPWersja>2012-09-27T08:59:03+02:00</sln:powIIPWersja><sln:powIdTeryt>3030</sln:powIdTeryt><sln:powNazwa>wrzesiński</sln:powNazwa><sln:waznyOd>2015-03-13T00:00:00+01:00</sln:waznyOd><sln:wojIIPId>c606b01a-76c8-480d-9470-f24ca0d7a613</sln:wojIIPId><sln:wojIIPPn>PL.PZGIK.200</sln:wojIIPPn><sln:wojIIPWersja>2016-05-05T18:20:48+02:00</sln:wojIIPWersja><sln:wojIdTeryt>30</sln:wojIdTeryt><sln:wojNazwa>wielkopolskie</sln:wojNazwa></sln:miejscowosc><sln:miejscowosc><sln:cyklZyciaDo>2017-03-30T00:00:00+02:00</sln:cyklZyciaDo><sln:cyklZyciaOd>2016-01-29T00:00:00+01:00</sln:cyklZyciaOd><sln:gmIIPId>c6404167-dcd7-489e-8bbd-b17317357209</sln:gmIIPId><sln:gmIIPPn>PL.PZGIK.200</sln:gmIIPPn><sln:gmIIPWersja>2012-09-26T22:23:59+02:00</sln:gmIIPWersja><sln:gmIdTeryt>3030043</sln:gmIdTeryt><sln:gmNazwa>Pyzdry</sln:gmNazwa><sln:miejscIIPId>293271d2-0737-45ea-8592-0cd5629723c6</sln:miejscIIPId><sln:miejscIIPPn>PL.PZGIK.200</sln:miejscIIPPn><sln:miejscIIPWersja>2016-11-24T09:53:53+02:00</sln:miejscIIPWersja><sln:miejscIdTeryt>0293203</sln:miejscIdTeryt><sln:miejscNazwa>Glinianki</sln:miejscNazwa><sln:miejscRodzaj>Przysiółek</sln:miejscRodzaj><sln:powIIPId>e6ff6666-2410-4a42-a3df-de1089b6f511</sln:powIIPId><sln:powIIPPn>PL.PZGIK.200</sln:powIIPPn><sln:powIIPWersja>2012-09-27T08:59:03+02:00</sln:powIIPWersja><sln:powIdTeryt>3030</sln:powIdTeryt><sln:powNazwa>wrzesiński</sln:powNazwa><sln:waznyOd>2011-12-22T00:00:00+01:00</sln:waznyOd><sln:wojIIPId>c606b01a-76c8-480d-9470-f24ca0d7a613</sln:wojIIPId><sln:wojIIPPn>PL.PZGIK.200</sln:wojIIPPn><sln:wojIIPWersja>2016-05-05T18:20:48+02:00</sln:wojIIPWersja><sln:wojIdTeryt>30</sln:wojIdTeryt><sln:wojNazwa>wielkopolskie</sln:wojNazwa></sln:miejscowosc><sln:miejscowosc><sln:cyklZyciaDo>2017-03-30T00:00:00+02:00</sln:cyklZyciaDo><sln:cyklZyciaOd>2016-01-29T00:00:00+01:00</sln:cyklZyciaOd><sln:gmIIPId>c6404167-dcd7-489e-8bbd-b17317357209</sln:gmIIPId><sln:gmIIPPn>PL.PZGIK.200</sln:gmIIPPn><sln:gmIIPWersja>2012-09-26T22:23:59+02:00</sln:gmIIPWersja><sln:gmIdTeryt>3030043</sln:gmIdTeryt><sln:gmNazwa>Pyzdry</sln:gmNazwa><sln:miejscIIPId>41f529ba-035d-4bbb-a428-ad8a167a9a49</sln:miejscIIPId><sln:miejscIIPPn>PL.PZGIK.200</sln:miejscIIPPn><sln:miejscIIPWersja>2016-11-24T09:53:53+02:00</sln:miejscIIPWersja><sln:miejscIdTeryt>0292988</sln:miejscIdTeryt><sln:miejscNazwa>Górne Grądy</sln:miejscNazwa><sln:miejscRodzaj>Wieś</sln:miejscRodzaj><sln:powIIPId>e6ff6666-2410-4a42-a3df-de1089b6f511</sln:powIIPId><sln:powIIPPn>PL.PZGIK.200</sln:powIIPPn><sln:powIIPWersja>2012-09-27T08:59:03+02:00</sln:powIIPWersja><sln:powIdTeryt>3030</sln:powIdTeryt><sln:powNazwa>wrzesiński</sln:powNazwa><sln:waznyOd>2015-03-13T00:00:00+01:00</sln:waznyOd><sln:wojIIPId>c606b01a-76c8-480d-9470-f24ca0d7a613</sln:wojIIPId><sln:wojIIPPn>PL.PZGIK.200</sln:wojIIPPn><sln:wojIIPWersja>2016-05-05T18:20:48+02:00</sln:wojIIPWersja><sln:wojIdTeryt>30</sln:wojIdTeryt><sln:wojNazwa>wielkopolskie</sln:wojNazwa></sln:miejscowosc><sln:miejscowosc><sln:cyklZyciaDo>2017-03-30T00:00:00+02:00</sln:cyklZyciaDo><sln:cyklZyciaOd>2016-01-29T00:00:00+01:00</sln:cyklZyciaOd><sln:gmIIPId>c6404167-dcd7-489e-8bbd-b17317357209</sln:gmIIPId><sln:gmIIPPn>PL.PZGIK.200</sln:gmIIPPn><sln:gmIIPWersja>2012-09-26T22:23:59+02:00</sln:gmIIPWersja><sln:gmIdTeryt>3030043</sln:gmIdTeryt><sln:gmNazwa>Pyzdry</sln:gmNazwa><sln:miejscIIPId>4c2f6cfc-dccc-45bb-bed0-327121367bfe</sln:miejscIIPId><sln:miejscIIPPn>PL.PZGIK.200</sln:miejscIIPPn><sln:miejscIIPWersja>2016-11-24T09:53:53+02:00</sln:miejscIIPWersja><sln:miejscIdTeryt>0293002</sln:miejscIdTeryt><sln:miejscNazwa>Kamień</sln:miejscNazwa><sln:miejscRodzaj>Osada leśna</sln:miejscRodzaj><sln:powIIPId>e6ff6666-2410-4a42-a3df-de1089b6f511</sln:powIIPId><sln:powIIPPn>PL.PZGIK.200</sln:powIIPPn><sln:powIIPWersja>2012-09-27T08:59:03+02:00</sln:powIIPWersja><sln:powIdTeryt>3030</sln:powIdTeryt><sln:powNazwa>wrzesiński</sln:powNazwa><sln:waznyOd>2015-03-13T00:00:00+01:00</sln:waznyOd><sln:wojIIPId>c606b01a-76c8-480d-9470-f24ca0d7a613</sln:wojIIPId><sln:wojIIPPn>PL.PZGIK.200</sln:wojIIPPn><sln:wojIIPWersja>2016-05-05T18:20:48+02:00</sln:wojIIPWersja><sln:wojIdTeryt>30</sln:wojIdTeryt><sln:wojNazwa>wielkopolskie</sln:wojNazwa></sln:miejscowosc><sln:miejscowosc><sln:cyklZyciaDo>2017-03-30T00:00:00+02:00</sln:cyklZyciaDo><sln:cyklZyciaOd>2016-01-29T00:00:00+01:00</sln:cyklZyciaOd><sln:gmIIPId>c6404167-dcd7-489e-8bbd-b17317357209</sln:gmIIPId><sln:gmIIPPn>PL.PZGIK.200</sln:gmIIPPn><sln:gmIIPWersja>2012-09-26T22:23:59+02:00</sln:gmIIPWersja><sln:gmIdTeryt>3030043</sln:gmIdTeryt><sln:gmNazwa>Pyzdry</sln:gmNazwa><sln:miejscIIPId>eef3dc7e-2eee-4629-a615-1a7304e87402</sln:miejscIIPId><sln:miejscIIPPn>PL.PZGIK.200</sln:miejscIIPPn><sln:miejscIIPWersja>2016-11-24T09:53:53+02:00</sln:miejscIIPWersja><sln:miejscIdTeryt>0292994</sln:miejscIdTeryt><sln:miejscNazwa>Kolonia Janowska</sln:miejscNazwa><sln:miejscRodzaj>Wieś</sln:miejscRodzaj><sln:powIIPId>e6ff6666-2410-4a42-a3df-de1089b6f511</sln:powIIPId><sln:powIIPPn>PL.PZGIK.200</sln:powIIPPn><sln:powIIPWersja>2012-09-27T08:59:03+02:00</sln:powIIPWersja><sln:powIdTeryt>3030</sln:powIdTeryt><sln:powNazwa>wrzesiński</sln:powNazwa><sln:waznyOd>2011-12-22T00:00:00+01:00</sln:waznyOd><sln:wojIIPId>c606b01a-76c8-480d-9470-f24ca0d7a613</sln:wojIIPId><sln:wojIIPPn>PL.PZGIK.200</sln:wojIIPPn><sln:wojIIPWersja>2016-05-05T18:20:48+02:00</sln:wojIIPWersja><sln:wojIdTeryt>30</sln:wojIdTeryt><sln:wojNazwa>wielkopolskie</sln:wojNazwa></sln:miejscowosc><sln:miejscowosc><sln:cyklZyciaDo>2017-03-30T00:00:00+02:00</sln:cyklZyciaDo><sln:cyklZyciaOd>2016-01-29T00:00:00+01:00</sln:cyklZyciaOd><sln:gmIIPId>c6404167-dcd7-489e-8bbd-b17317357209</sln:gmIIPId><sln:gmIIPPn>PL.PZGIK.200</sln:gmIIPPn><sln:gmIIPWersja>2012-09-26T22:23:59+02:00</sln:gmIIPWersja><sln:gmIdTeryt>3030043</sln:gmIdTeryt><sln:gmNazwa>Pyzdry</sln:gmNazwa><sln:miejscIIPId>cf121053-dbfc-4ed0-8ecf-2a530d03e090</sln:miejscIIPId><sln:miejscIIPPn>PL.PZGIK.200</sln:miejscIIPPn><sln:miejscIIPWersja>2016-11-24T09:53:53+02:00</sln:miejscIIPWersja><sln:miejscIdTeryt>0292899</sln:miejscIdTeryt><sln:miejscNazwa>Kolonia Lisewo</sln:miejscNazwa><sln:miejscRodzaj>Wieś</sln:miejscRodzaj><sln:powIIPId>e6ff6666-2410-4a42-a3df-de1089b6f511</sln:powIIPId><sln:powIIPPn>PL.PZGIK.200</sln:powIIPPn><sln:powIIPWersja>2012-09-27T08:59:03+02:00</sln:powIIPWersja><sln:powIdTeryt>3030</sln:powIdTeryt><sln:powNazwa>wrzesiński</sln:powNazwa><sln:waznyOd>2011-12-22T00:00:00+01:00</sln:waznyOd><sln:wojIIPId>c606b01a-76c8-480d-9470-f24ca0d7a613</sln:wojIIPId><sln:wojIIPPn>PL.PZGIK.200</sln:wojIIPPn><sln:wojIIPWersja>2016-05-05T18:20:48+02:00</sln:wojIIPWersja><sln:wojIdTeryt>30</sln:wojIdTeryt><sln:wojNazwa>wielkopolskie</sln:wojNazwa></sln:miejscowosc><sln:miejscowosc><sln:cyklZyciaOd>2017-03-30T00:00:00+02:00</sln:cyklZyciaOd><sln:gmIIPId>c6404167-dcd7-489e-8bbd-b17317357209</sln:gmIIPId><sln:gmIIPPn>PL.PZGIK.200</sln:gmIIPPn><sln:gmIIPWersja>2012-09-26T22:23:59+02:00</sln:gmIIPWersja><sln:gmIdTeryt>3030043</sln:gmIdTeryt><sln:gmNazwa>Pyzdry</sln:gmNazwa><sln:miejscIIPId>db082e62-48f3-4923-bb0c-808f53b5b251</sln:miejscIIPId><sln:miejscIIPPn>PL.PZGIK.200</sln:miejscIIPPn><sln:miejscIIPWersja>2017-03-30T12:46:45+02:00</sln:miejscIIPWersja><sln:miejscIdTeryt>0292853</sln:miejscIdTeryt><sln:miejscNazwa>Białobrzeg</sln:miejscNazwa><sln:miejscRodzaj>Wieś</sln:miejscRodzaj><sln:powIIPId>e6ff6666-2410-4a42-a3df-de1089b6f511</sln:powIIPId><sln:powIIPPn>PL.PZGIK.200</sln:powIIPPn><sln:powIIPWersja>2012-09-27T08:59:03+02:00</sln:powIIPWersja><sln:powIdTeryt>3030</sln:powIdTeryt><sln:powNazwa>wrzesiński</sln:powNazwa><sln:waznyOd>2011-12-14T00:00:00+01:00</sln:waznyOd><sln:wojIIPId>c606b01a-76c8-480d-9470-f24ca0d7a613</sln:wojIIPId><sln:wojIIPPn>PL.PZGIK.200</sln:wojIIPPn><sln:wojIIPWersja>2016-05-05T18:20:48+02:00</sln:wojIIPWersja><sln:wojIdTeryt>30</sln:wojIdTeryt><sln:wojNazwa>wielkopolskie</sln:wojNazwa></sln:miejscowosc><sln:miejscowosc><sln:cyklZyciaOd>2017-03-30T00:00:00+02:00</sln:cyklZyciaOd><sln:gmIIPId>c6404167-dcd7-489e-8bbd-b17317357209</sln:gmIIPId><sln:gmIIPPn>PL.PZGIK.200</sln:gmIIPPn><sln:gmIIPWersja>2012-09-26T22:23:59+02:00</sln:gmIIPWersja><sln:gmIdTeryt>3030043</sln:gmIdTeryt><sln:gmNazwa>Pyzdry</sln:gmNazwa><sln:miejscIIPId>cb15bcf6-eda7-4bee-85b5-5922364497b9</sln:miejscIIPId><sln:miejscIIPPn>PL.PZGIK.200</sln:miejscIIPPn><sln:miejscIIPWersja>2017-03-30T12:46:51+02:00</sln:miejscIIPWersja><sln:miejscIdTeryt>0292876</sln:miejscIdTeryt><sln:miejscNazwa>Ciemierów</sln:miejscNazwa><sln:miejscRodzaj>Wieś</sln:miejscRodzaj><sln:powIIPId>e6ff6666-2410-4a42-a3df-de1089b6f511</sln:powIIPId><sln:powIIPPn>PL.PZGIK.200</sln:powIIPPn><sln:powIIPWersja>2012-09-27T08:59:03+02:00</sln:powIIPWersja><sln:powIdTeryt>3030</sln:powIdTeryt><sln:powNazwa>wrzesiński</sln:powNazwa><sln:waznyOd>2011-12-14T00:00:00+01:00</sln:waznyOd><sln:wojIIPId>c606b01a-76c8-480d-9470-f24ca0d7a613</sln:wojIIPId><sln:wojIIPPn>PL.PZGIK.200</sln:wojIIPPn><sln:wojIIPWersja>2016-05-05T18:20:48+02:00</sln:wojIIPWersja><sln:wojIdTeryt>30</sln:wojIdTeryt><sln:wojNazwa>wielkopolskie</sln:wojNazwa></sln:miejscowosc><sln:miejscowosc><sln:cyklZyciaOd>2017-03-30T00:00:00+02:00</sln:cyklZyciaOd><sln:gmIIPId>c6404167-dcd7-489e-8bbd-b17317357209</sln:gmIIPId><sln:gmIIPPn>PL.PZGIK.200</sln:gmIIPPn><sln:gmIIPWersja>2012-09-26T22:23:59+02:00</sln:gmIIPWersja><sln:gmIdTeryt>3030043</sln:gmIdTeryt><sln:gmNazwa>Pyzdry</sln:gmNazwa><sln:miejscIIPId>60564560-2c75-41f4-bdd5-8906d5799b8e</sln:miejscIIPId><sln:miejscIIPPn>PL.PZGIK.200</sln:miejscIIPPn><sln:miejscIIPWersja>2017-03-30T12:46:51+02:00</sln:miejscIIPWersja><sln:miejscIdTeryt>0292882</sln:miejscIdTeryt><sln:miejscNazwa>Ciemierów-Kolonia</sln:miejscNazwa><sln:miejscRodzaj>Wieś</sln:miejscRodzaj><sln:powIIPId>e6ff6666-2410-4a42-a3df-de1089b6f511</sln:powIIPId><sln:powIIPPn>PL.PZGIK.200</sln:powIIPPn><sln:powIIPWersja>2012-09-27T08:59:03+02:00</sln:powIIPWersja><sln:powIdTeryt>3030</sln:powIdTeryt><sln:powNazwa>wrzesiński</sln:powNazwa><sln:waznyOd>2012-10-02T00:00:00+02:00</sln:waznyOd><sln:wojIIPId>c606b01a-76c8-480d-9470-f24ca0d7a613</sln:wojIIPId><sln:wojIIPPn>PL.PZGIK.200</sln:wojIIPPn><sln:wojIIPWersja>2016-05-05T18:20:48+02:00</sln:wojIIPWersja><sln:wojIdTeryt>30</sln:wojIdTeryt><sln:wojNazwa>wielkopolskie</sln:wojNazwa></sln:miejscowosc><sln:miejscowosc><sln:cyklZyciaOd>2017-03-30T00:00:00+02:00</sln:cyklZyciaOd><sln:gmIIPId>c6404167-dcd7-489e-8bbd-b17317357209</sln:gmIIPId><sln:gmIIPPn>PL.PZGIK.200</sln:gmIIPPn><sln:gmIIPWersja>2012-09-26T22:23:59+02:00</sln:gmIIPWersja><sln:gmIdTeryt>3030043</sln:gmIdTeryt><sln:gmNazwa>Pyzdry</sln:gmNazwa><sln:miejscIIPId>cf121053-dbfc-4ed0-8ecf-2a530d03e090</sln:miejscIIPId><sln:miejscIIPPn>PL.PZGIK.200</sln:miejscIIPPn><sln:miejscIIPWersja>2017-03-30T12:46:51+02:00</sln:miejscIIPWersja><sln:miejscIdTeryt>0292899</sln:miejscIdTeryt><sln:miejscNazwa>Kolonia Lisewo</sln:miejscNazwa><sln:miejscRodzaj>Wieś</sln:miejscRodzaj><sln:powIIPId>e6ff6666-2410-4a42-a3df-de1089b6f511</sln:powIIPId><sln:powIIPPn>PL.PZGIK.200</sln:powIIPPn><sln:powIIPWersja>2012-09-27T08:59:03+02:00</sln:powIIPWersja><sln:powIdTeryt>3030</sln:powIdTeryt><sln:powNazwa>wrzesiński</sln:powNazwa><sln:waznyOd>2011-12-22T00:00:00+01:00</sln:waznyOd><sln:wojIIPId>c606b01a-76c8-480d-9470-f24ca0d7a613</sln:wojIIPId><sln:wojIIPPn>PL.PZGIK.200</sln:wojIIPPn><sln:wojIIPWersja>2016-05-05T18:20:48+02:00</sln:wojIIPWersja><sln:wojIdTeryt>30</sln:wojIdTeryt><sln:wojNazwa>wielkopolskie</sln:wojNazwa></sln:miejscowosc><sln:miejscowosc><sln:cyklZyciaOd>2017-03-30T00:00:00+02:00</sln:cyklZyciaOd><sln:gmIIPId>c6404167-dcd7-489e-8bbd-b17317357209</sln:gmIIPId><sln:gmIIPPn>PL.PZGIK.200</sln:gmIIPPn><sln:gmIIPWersja>2012-09-26T22:23:59+02:00</sln:gmIIPWersja><sln:gmIdTeryt>3030043</sln:gmIdTeryt><sln:gmNazwa>Pyzdry</sln:gmNazwa><sln:miejscIIPId>4d61261c-8ed6-43d4-8269-c0bdde480225</sln:miejscIIPId><sln:miejscIIPPn>PL.PZGIK.200</sln:miejscIIPPn><sln:miejscIIPWersja>2017-03-30T12:46:52+02:00</sln:miejscIIPWersja><sln:miejscIdTeryt>0292907</sln:miejscIdTeryt><sln:miejscNazwa>Dłusk</sln:miejscNazwa><sln:miejscRodzaj>Wieś</sln:miejscRodzaj><sln:powIIPId>e6ff6666-2410-4a42-a3df-de1089b6f511</sln:powIIPId><sln:powIIPPn>PL.PZGIK.200</sln:powIIPPn><sln:powIIPWersja>2012-09-27T08:59:03+02:00</sln:powIIPWersja><sln:powIdTeryt>3030</sln:powIdTeryt><sln:powNazwa>wrzesiński</sln:powNazwa><sln:waznyOd>2011-12-14T00:00:00+01:00</sln:waznyOd><sln:wojIIPId>c606b01a-76c8-480d-9470-f24ca0d7a613</sln:wojIIPId><sln:wojIIPPn>PL.PZGIK.200</sln:wojIIPPn><sln:wojIIPWersja>2016-05-05T18:20:48+02:00</sln:wojIIPWersja><sln:wojIdTeryt>30</sln:wojIdTeryt><sln:wojNazwa>wielkopolskie</sln:wojNazwa></sln:miejscowosc><sln:miejscowosc><sln:cyklZyciaOd>2017-03-30T00:00:00+02:00</sln:cyklZyciaOd><sln:gmIIPId>c6404167-dcd7-489e-8bbd-b17317357209</sln:gmIIPId><sln:gmIIPPn>PL.PZGIK.200</sln:gmIIPPn><sln:gmIIPWersja>2012-09-26T22:23:59+02:00</sln:gmIIPWersja><sln:gmIdTeryt>3030043</sln:gmIdTeryt><sln:gmNazwa>Pyzdry</sln:gmNazwa><sln:miejscIIPId>55fcf569-0faf-4252-a9f8-9edf3ec28d7f</sln:miejscIIPId><sln:miejscIIPPn>PL.PZGIK.200</sln:miejscIIPPn><sln:miejscIIPWersja>2017-03-30T12:46:52+02:00</sln:miejscIIPWersja><sln:miejscIdTeryt>0292913</sln:miejscIdTeryt><sln:miejscNazwa>Dolne Grądy</sln:miejscNazwa><sln:miejscRodzaj>Wieś</sln:miejscRodzaj><sln:powIIPId>e6ff6666-2410-4a42-a3df-de1089b6f511</sln:powIIPId><sln:powIIPPn>PL.PZGIK.200</sln:powIIPPn><sln:powIIPWersja>2012-09-27T08:59:03+02:00</sln:powIIPWersja><sln:powIdTeryt>3030</sln:powIdTeryt><sln:powNazwa>wrzesiński</sln:powNazwa><sln:waznyOd>2015-03-13T00:00:00+01:00</sln:waznyOd><sln:wojIIPId>c606b01a-76c8-480d-9470-f24ca0d7a613</sln:wojIIPId><sln:wojIIPPn>PL.PZGIK.200</sln:wojIIPPn><sln:wojIIPWersja>2016-05-05T18:20:48+02:00</sln:wojIIPWersja><sln:wojIdTeryt>30</sln:wojIdTeryt><sln:wojNazwa>wielkopolskie</sln:wojNazwa></sln:miejscowosc><sln:miejscowosc><sln:cyklZyciaOd>2017-03-30T00:00:00+02:00</sln:cyklZyciaOd><sln:gmIIPId>c6404167-dcd7-489e-8bbd-b17317357209</sln:gmIIPId><sln:gmIIPPn>PL.PZGIK.200</sln:gmIIPPn><sln:gmIIPWersja>2012-09-26T22:23:59+02:00</sln:gmIIPWersja><sln:gmIdTeryt>3030043</sln:gmIdTeryt><sln:gmNazwa>Pyzdry</sln:gmNazwa><sln:miejscIIPId>1384e3c4-0e23-44f6-86ab-43338461c462</sln:miejscIIPId><sln:miejscIIPPn>PL.PZGIK.200</sln:miejscIIPPn><sln:miejscIIPWersja>2017-03-30T12:46:52+02:00</sln:miejscIIPWersja><sln:miejscIdTeryt>0292920</sln:miejscIdTeryt><sln:miejscNazwa>Zimochowiec</sln:miejscNazwa><sln:miejscRodzaj>Osada</sln:miejscRodzaj><sln:powIIPId>e6ff6666-2410-4a42-a3df-de1089b6f511</sln:powIIPId><sln:powIIPPn>PL.PZGIK.200</sln:powIIPPn><sln:powIIPWersja>2012-09-27T08:59:03+02:00</sln:powIIPWersja><sln:powIdTeryt>3030</sln:powIdTeryt><sln:powNazwa>wrzesiński</sln:powNazwa><sln:waznyOd>2015-03-13T00:00:00+01:00</sln:waznyOd><sln:wojIIPId>c606b01a-76c8-480d-9470-f24ca0d7a613</sln:wojIIPId><sln:wojIIPPn>PL.PZGIK.200</sln:wojIIPPn><sln:wojIIPWersja>2016-05-05T18:20:48+02:00</sln:wojIIPWersja><sln:wojIdTeryt>30</sln:wojIdTeryt><sln:wojNazwa>wielkopolskie</sln:wojNazwa></sln:miejscowosc><sln:miejscowosc><sln:cyklZyciaOd>2017-03-30T00:00:00+02:00</sln:cyklZyciaOd><sln:gmIIPId>c6404167-dcd7-489e-8bbd-b17317357209</sln:gmIIPId><sln:gmIIPPn>PL.PZGIK.200</sln:gmIIPPn><sln:gmIIPWersja>2012-09-26T22:23:59+02:00</sln:gmIIPWersja><sln:gmIdTeryt>3030043</sln:gmIdTeryt><sln:gmNazwa>Pyzdry</sln:gmNazwa><sln:miejscIIPId>dee30417-fd70-4553-8250-d933fac36aab</sln:miejscIIPId><sln:miejscIIPPn>PL.PZGIK.200</sln:miejscIIPPn><sln:miejscIIPWersja>2017-03-30T12:46:52+02:00</sln:miejscIIPWersja><sln:miejscIdTeryt>0292936</sln:miejscIdTeryt><sln:miejscNazwa>Baraniec</sln:miejscNazwa><sln:miejscRodzaj>Wieś</sln:miejscRodzaj><sln:powIIPId>e6ff6666-2410-4a42-a3df-de1089b6f511</sln:powIIPId><sln:powIIPPn>PL.PZGIK.200</sln:powIIPPn><sln:powIIPWersja>2012-09-27T08:59:03+02:00</sln:powIIPWersja><sln:powIdTeryt>3030</sln:powIdTeryt><sln:powNazwa>wrzesiński</sln:powNazwa><sln:waznyOd>2011-12-22T00:00:00+01:00</sln:waznyOd><sln:wojIIPId>c606b01a-76c8-480d-9470-f24ca0d7a613</sln:wojIIPId><sln:wojIIPPn>PL.PZGIK.200</sln:wojIIPPn><sln:wojIIPWersja>2016-05-05T18:20:48+02:00</sln:wojIIPWersja><sln:wojIdTeryt>30</sln:wojIdTeryt><sln:wojNazwa>wielkopolskie</sln:wojNazwa></sln:miejscowosc><sln:miejscowosc><sln:cyklZyciaOd>2017-03-30T00:00:00+02:00</sln:cyklZyciaOd><sln:gmIIPId>c6404167-dcd7-489e-8bbd-b17317357209</sln:gmIIPId><sln:gmIIPPn>PL.PZGIK.200</sln:gmIIPPn><sln:gmIIPWersja>2012-09-26T22:23:59+02:00</sln:gmIIPWersja><sln:gmIdTeryt>3030043</sln:gmIdTeryt><sln:gmNazwa>Pyzdry</sln:gmNazwa><sln:miejscIIPId>cf68cb89-651c-48f6-a359-e3133f04a0c0</sln:miejscIIPId><sln:miejscIIPPn>PL.PZGIK.200</sln:miejscIIPPn><sln:miejscIIPWersja>2017-03-30T12:46:52+02:00</sln:miejscIIPWersja><sln:miejscIdTeryt>0292942</sln:miejscIdTeryt><sln:miejscNazwa>Benewicze (osada leśna)</sln:miejscNazwa><sln:miejscRodzaj>Osada leśna</sln:miejscRodzaj><sln:powIIPId>e6ff6666-2410-4a42-a3df-de1089b6f511</sln:powIIPId><sln:powIIPPn>PL.PZGIK.200</sln:powIIPPn><sln:powIIPWersja>2012-09-27T08:59:03+02:00</sln:powIIPWersja><sln:powIdTeryt>3030</sln:powIdTeryt><sln:powNazwa>wrzesiński</sln:powNazwa><sln:waznyOd>2016-01-29T00:00:00+01:00</sln:waznyOd><sln:wojIIPId>c606b01a-76c8-480d-9470-f24ca0d7a613</sln:wojIIPId><sln:wojIIPPn>PL.PZGIK.200</sln:wojIIPPn><sln:wojIIPWersja>2016-05-05T18:20:48+02:00</sln:wojIIPWersja><sln:wojIdTeryt>30</sln:wojIdTeryt><sln:wojNazwa>wielkopolskie</sln:wojNazwa></sln:miejscowosc><sln:miejscowosc><sln:cyklZyciaOd>2017-03-30T00:00:00+02:00</sln:cyklZyciaOd><sln:gmIIPId>c6404167-dcd7-489e-8bbd-b17317357209</sln:gmIIPId><sln:gmIIPPn>PL.PZGIK.200</sln:gmIIPPn><sln:gmIIPWersja>2012-09-26T22:23:59+02:00</sln:gmIIPWersja><sln:gmIdTeryt>3030043</sln:gmIdTeryt><sln:gmNazwa>Pyzdry</sln:gmNazwa><sln:miejscIIPId>db328649-6e16-4bb8-b60c-147fcf4f6e95</sln:miejscIIPId><sln:miejscIIPPn>PL.PZGIK.200</sln:miejscIIPPn><sln:miejscIIPWersja>2017-03-30T12:46:52+02:00</sln:miejscIIPWersja><sln:miejscIdTeryt>0292959</sln:miejscIdTeryt><sln:miejscNazwa>Kruszyny</sln:miejscNazwa><sln:miejscRodzaj>Wieś</sln:miejscRodzaj><sln:powIIPId>e6ff6666-2410-4a42-a3df-de1089b6f511</sln:powIIPId><sln:powIIPPn>PL.PZGIK.200</sln:powIIPPn><sln:powIIPWersja>2012-09-27T08:59:03+02:00</sln:powIIPWersja><sln:powIdTeryt>3030</sln:powIdTeryt><sln:powNazwa>wrzesiński</sln:powNazwa><sln:waznyOd>2011-12-22T00:00:00+01:00</sln:waznyOd><sln:wojIIPId>c606b01a-76c8-480d-9470-f24ca0d7a613</sln:wojIIPId><sln:wojIIPPn>PL.PZGIK.200</sln:wojIIPPn><sln:wojIIPWersja>2016-05-05T18:20:48+02:00</sln:wojIIPWersja><sln:wojIdTeryt>30</sln:wojIdTeryt><sln:wojNazwa>wielkopolskie</sln:wojNazwa></sln:miejscowosc><sln:miejscowosc><sln:cyklZyciaOd>2017-03-30T00:00:00+02:00</sln:cyklZyciaOd><sln:gmIIPId>c6404167-dcd7-489e-8bbd-b17317357209</sln:gmIIPId><sln:gmIIPPn>PL.PZGIK.200</sln:gmIIPPn><sln:gmIIPWersja>2012-09-26T22:23:59+02:00</sln:gmIIPWersja><sln:gmIdTeryt>3030043</sln:gmIdTeryt><sln:gmNazwa>Pyzdry</sln:gmNazwa><sln:miejscIIPId>18bf7164-d4ac-4fb8-9396-3aa1657edeba</sln:miejscIIPId><sln:miejscIIPPn>PL.PZGIK.200</sln:miejscIIPPn><sln:miejscIIPWersja>2017-03-30T12:46:52+02:00</sln:miejscIIPWersja><sln:miejscIdTeryt>0292965</sln:miejscIdTeryt><sln:miejscNazwa>Lisiaki</sln:miejscNazwa><sln:miejscRodzaj>Osada leśna</sln:miejscRodzaj><sln:powIIPId>e6ff6666-2410-4a42-a3df-de1089b6f511</sln:powIIPId><sln:powIIPPn>PL.PZGIK.200</sln:powIIPPn><sln:powIIPWersja>2012-09-27T08:59:03+02:00</sln:powIIPWersja><sln:powIdTeryt>3030</sln:powIdTeryt><sln:powNazwa>wrzesiński</sln:powNazwa><sln:waznyOd>2015-03-13T00:00:00+01:00</sln:waznyOd><sln:wojIIPId>c606b01a-76c8-480d-9470-f24ca0d7a613</sln:wojIIPId><sln:wojIIPPn>PL.PZGIK.200</sln:wojIIPPn><sln:wojIIPWersja>2016-05-05T18:20:48+02:00</sln:wojIIPWersja><sln:wojIdTeryt>30</sln:wojIdTeryt><sln:wojNazwa>wielkopolskie</sln:wojNazwa></sln:miejscowosc><sln:miejscowosc><sln:cyklZyciaOd>2017-03-30T00:00:00+02:00</sln:cyklZyciaOd><sln:gmIIPId>c6404167-dcd7-489e-8bbd-b17317357209</sln:gmIIPId><sln:gmIIPPn>PL.PZGIK.200</sln:gmIIPPn><sln:gmIIPWersja>2012-09-26T22:23:59+02:00</sln:gmIIPWersja><sln:gmIdTeryt>3030043</sln:gmIdTeryt><sln:gmNazwa>Pyzdry</sln:gmNazwa><sln:miejscIIPId>d0a845b4-8292-4ca7-98e1-3606b66dd786</sln:miejscIIPId><sln:miejscIIPPn>PL.PZGIK.200</sln:miejscIIPPn><sln:miejscIIPWersja>2017-03-30T12:46:52+02:00</sln:miejscIIPWersja><sln:miejscIdTeryt>0292971</sln:miejscIdTeryt><sln:miejscNazwa>Tłoczyzna</sln:miejscNazwa><sln:miejscRodzaj>Wieś</sln:miejscRodzaj><sln:powIIPId>e6ff6666-2410-4a42-a3df-de1089b6f511</sln:powIIPId><sln:powIIPPn>PL.PZGIK.200</sln:powIIPPn><sln:powIIPWersja>2012-09-27T08:59:03+02:00</sln:powIIPWersja><sln:powIdTeryt>3030</sln:powIdTeryt><sln:powNazwa>wrzesiński</sln:powNazwa><sln:waznyOd>2011-12-22T00:00:00+01:00</sln:waznyOd><sln:wojIIPId>c606b01a-76c8-480d-9470-f24ca0d7a613</sln:wojIIPId><sln:wojIIPPn>PL.PZGIK.200</sln:wojIIPPn><sln:wojIIPWersja>2016-05-05T18:20:48+02:00</sln:wojIIPWersja><sln:wojIdTeryt>30</sln:wojIdTeryt><sln:wojNazwa>wielkopolskie</sln:wojNazwa></sln:miejscowosc><sln:miejscowosc><sln:cyklZyciaOd>2017-03-30T00:00:00+02:00</sln:cyklZyciaOd><sln:gmIIPId>c6404167-dcd7-489e-8bbd-b17317357209</sln:gmIIPId><sln:gmIIPPn>PL.PZGIK.200</sln:gmIIPPn><sln:gmIIPWersja>2012-09-26T22:23:59+02:00</sln:gmIIPWersja><sln:gmIdTeryt>3030043</sln:gmIdTeryt><sln:gmNazwa>Pyzdry</sln:gmNazwa><sln:miejscIIPId>41f529ba-035d-4bbb-a428-ad8a167a9a49</sln:miejscIIPId><sln:miejscIIPPn>PL.PZGIK.200</sln:miejscIIPPn><sln:miejscIIPWersja>2017-03-30T12:46:52+02:00</sln:miejscIIPWersja><sln:miejscIdTeryt>0292988</sln:miejscIdTeryt><sln:miejscNazwa>Górne Grądy</sln:miejscNazwa><sln:miejscRodzaj>Wieś</sln:miejscRodzaj><sln:powIIPId>e6ff6666-2410-4a42-a3df-de1089b6f511</sln:powIIPId><sln:powIIPPn>PL.PZGIK.200</sln:powIIPPn><sln:powIIPWersja>2012-09-27T08:59:03+02:00</sln:powIIPWersja><sln:powIdTeryt>3030</sln:powIdTeryt><sln:powNazwa>wrzesiński</sln:powNazwa><sln:waznyOd>2015-03-13T00:00:00+01:00</sln:waznyOd><sln:wojIIPId>c606b01a-76c8-480d-9470-f24ca0d7a613</sln:wojIIPId><sln:wojIIPPn>PL.PZGIK.200</sln:wojIIPPn><sln:wojIIPWersja>2016-05-05T18:20:48+02:00</sln:wojIIPWersja><sln:wojIdTeryt>30</sln:wojIdTeryt><sln:wojNazwa>wielkopolskie</sln:wojNazwa></sln:miejscowosc><sln:miejscowosc><sln:cyklZyciaOd>2017-03-30T00:00:00+02:00</sln:cyklZyciaOd><sln:gmIIPId>c6404167-dcd7-489e-8bbd-b17317357209</sln:gmIIPId><sln:gmIIPPn>PL.PZGIK.200</sln:gmIIPPn><sln:gmIIPWersja>2012-09-26T22:23:59+02:00</sln:gmIIPWersja><sln:gmIdTeryt>3030043</sln:gmIdTeryt><sln:gmNazwa>Pyzdry</sln:gmNazwa><sln:miejscIIPId>eef3dc7e-2eee-4629-a615-1a7304e87402</sln:miejscIIPId><sln:miejscIIPPn>PL.PZGIK.200</sln:miejscIIPPn><sln:miejscIIPWersja>2017-03-30T12:46:52+02:00</sln:miejscIIPWersja><sln:miejscIdTeryt>0292994</sln:miejscIdTeryt><sln:miejscNazwa>Kolonia Janowska</sln:miejscNazwa><sln:miejscRodzaj>Wieś</sln:miejscRodzaj><sln:powIIPId>e6ff6666-2410-4a42-a3df-de1089b6f511</sln:powIIPId><sln:powIIPPn>PL.PZGIK.200</sln:powIIPPn><sln:powIIPWersja>2012-09-27T08:59:03+02:00</sln:powIIPWersja><sln:powIdTeryt>3030</sln:powIdTeryt><sln:powNazwa>wrzesiński</sln:powNazwa><sln:waznyOd>2011-12-22T00:00:00+01:00</sln:waznyOd><sln:wojIIPId>c606b01a-76c8-480d-9470-f24ca0d7a613</sln:wojIIPId><sln:wojIIPPn>PL.PZGIK.200</sln:wojIIPPn><sln:wojIIPWersja>2016-05-05T18:20:48+02:00</sln:wojIIPWersja><sln:wojIdTeryt>30</sln:wojIdTeryt><sln:wojNazwa>wielkopolskie</sln:wojNazwa></sln:miejscowosc><sln:miejscowosc><sln:cyklZyciaOd>2017-03-30T00:00:00+02:00</sln:cyklZyciaOd><sln:gmIIPId>c6404167-dcd7-489e-8bbd-b17317357209</sln:gmIIPId><sln:gmIIPPn>PL.PZGIK.200</sln:gmIIPPn><sln:gmIIPWersja>2012-09-26T22:23:59+02:00</sln:gmIIPWersja><sln:gmIdTeryt>3030043</sln:gmIdTeryt><sln:gmNazwa>Pyzdry</sln:gmNazwa><sln:miejscIIPId>4c2f6cfc-dccc-45bb-bed0-327121367bfe</sln:miejscIIPId><sln:miejscIIPPn>PL.PZGIK.200</sln:miejscIIPPn><sln:miejscIIPWersja>2017-03-30T12:46:52+02:00</sln:miejscIIPWersja><sln:miejscIdTeryt>0293002</sln:miejscIdTeryt><sln:miejscNazwa>Kamień</sln:miejscNazwa><sln:miejscRodzaj>Osada leśna</sln:miejscRodzaj><sln:powIIPId>e6ff6666-2410-4a42-a3df-de1089b6f511</sln:powIIPId><sln:powIIPPn>PL.PZGIK.200</sln:powIIPPn><sln:powIIPWersja>2012-09-27T08:59:03+02:00</sln:powIIPWersja><sln:powIdTeryt>3030</sln:powIdTeryt><sln:powNazwa>wrzesiński</sln:powNazwa><sln:waznyOd>2015-03-13T00:00:00+01:00</sln:waznyOd><sln:wojIIPId>c606b01a-76c8-480d-9470-f24ca0d7a613</sln:wojIIPId><sln:wojIIPPn>PL.PZGIK.200</sln:wojIIPPn><sln:wojIIPWersja>2016-05-05T18:20:48+02:00</sln:wojIIPWersja><sln:wojIdTeryt>30</sln:wojIdTeryt><sln:wojNazwa>wielkopolskie</sln:wojNazwa></sln:miejscowosc><sln:miejscowosc><sln:cyklZyciaOd>2017-03-30T00:00:00+02:00</sln:cyklZyciaOd><sln:gmIIPId>c6404167-dcd7-489e-8bbd-b17317357209</sln:gmIIPId><sln:gmIIPPn>PL.PZGIK.200</sln:gmIIPPn><sln:gmIIPWersja>2012-09-26T22:23:59+02:00</sln:gmIIPWersja><sln:gmIdTeryt>3030043</sln:gmIdTeryt><sln:gmNazwa>Pyzdry</sln:gmNazwa><sln:miejscIIPId>b65689fb-61d1-4b2d-ba60-59a0848c2256</sln:miejscIIPId><sln:miejscIIPPn>PL.PZGIK.200</sln:miejscIIPPn><sln:miejscIIPWersja>2017-03-30T12:46:52+02:00</sln:miejscIIPWersja><sln:miejscIdTeryt>0293019</sln:miejscIdTeryt><sln:miejscNazwa>Ksawerów</sln:miejscNazwa><sln:miejscRodzaj>Wieś</sln:miejscRodzaj><sln:powIIPId>e6ff6666-2410-4a42-a3df-de1089b6f511</sln:powIIPId><sln:powIIPPn>PL.PZGIK.200</sln:powIIPPn><sln:powIIPWersja>2012-09-27T08:59:03+02:00</sln:powIIPWersja><sln:powIdTeryt>3030</sln:powIdTeryt><sln:powNazwa>wrzesiński</sln:powNazwa><sln:waznyOd>2011-12-14T00:00:00+01:00</sln:waznyOd><sln:wojIIPId>c606b01a-76c8-480d-9470-f24ca0d7a613</sln:wojIIPId><sln:wojIIPPn>PL.PZGIK.200</sln:wojIIPPn><sln:wojIIPWersja>2016-05-05T18:20:48+02:00</sln:wojIIPWersja><sln:wojIdTeryt>30</sln:wojIdTeryt><sln:wojNazwa>wielkopolskie</sln:wojNazwa></sln:miejscowosc><sln:miejscowosc><sln:cyklZyciaOd>2017-03-30T00:00:00+02:00</sln:cyklZyciaOd><sln:gmIIPId>c6404167-dcd7-489e-8bbd-b17317357209</sln:gmIIPId><sln:gmIIPPn>PL.PZGIK.200</sln:gmIIPPn><sln:gmIIPWersja>2012-09-26T22:23:59+02:00</sln:gmIIPWersja><sln:gmIdTeryt>3030043</sln:gmIdTeryt><sln:gmNazwa>Pyzdry</sln:gmNazwa><sln:miejscIIPId>df31b363-415f-4926-b1d5-7ff83118a116</sln:miejscIIPId><sln:miejscIIPPn>PL.PZGIK.200</sln:miejscIIPPn><sln:miejscIIPWersja>2017-03-30T12:46:52+02:00</sln:miejscIIPWersja><sln:miejscIdTeryt>0293025</sln:miejscIdTeryt><sln:miejscNazwa>Lisewo</sln:miejscNazwa><sln:miejscRodzaj>Wieś</sln:miejscRodzaj><sln:powIIPId>e6ff6666-2410-4a42-a3df-de1089b6f511</sln:powIIPId><sln:powIIPPn>PL.PZGIK.200</sln:powIIPPn><sln:powIIPWersja>2012-09-27T08:59:03+02:00</sln:powIIPWersja><sln:powIdTeryt>3030</sln:powIdTeryt><sln:powNazwa>wrzesiński</sln:powNazwa><sln:waznyOd>2011-12-14T00:00:00+01:00</sln:waznyOd><sln:wojIIPId>c606b01a-76c8-480d-9470-f24ca0d7a613</sln:wojIIPId><sln:wojIIPPn>PL.PZGIK.200</sln:wojIIPPn><sln:wojIIPWersja>2016-05-05T18:20:48+02:00</sln:wojIIPWersja><sln:wojIdTeryt>30</sln:wojIdTeryt><sln:wojNazwa>wielkopolskie</sln:wojNazwa></sln:miejscowosc><sln:miejscowosc><sln:cyklZyciaOd>2017-03-30T00:00:00+02:00</sln:cyklZyciaOd><sln:gmIIPId>c6404167-dcd7-489e-8bbd-b17317357209</sln:gmIIPId><sln:gmIIPPn>PL.PZGIK.200</sln:gmIIPPn><sln:gmIIPWersja>2012-09-26T22:23:59+02:00</sln:gmIIPWersja><sln:gmIdTeryt>3030043</sln:gmIdTeryt><sln:gmNazwa>Pyzdry</sln:gmNazwa><sln:miejscIIPId>c7e0a5db-49b2-4ec4-b3d5-8a5da6cef018</sln:miejscIIPId><sln:miejscIIPPn>PL.PZGIK.200</sln:miejscIIPPn><sln:miejscIIPWersja>2017-03-30T12:46:52+02:00</sln:miejscIIPWersja><sln:miejscIdTeryt>0293031</sln:miejscIdTeryt><sln:miejscNazwa>Olsz</sln:miejscNazwa><sln:miejscRodzaj>Osada</sln:miejscRodzaj><sln:powIIPId>e6ff6666-2410-4a42-a3df-de1089b6f511</sln:powIIPId><sln:powIIPPn>PL.PZGIK.200</sln:powIIPPn><sln:powIIPWersja>2012-09-27T08:59:03+02:00</sln:powIIPWersja><sln:powIdTeryt>3030</sln:powIdTeryt><sln:powNazwa>wrzesiński</sln:powNazwa><sln:waznyOd>2015-03-13T00:00:00+01:00</sln:waznyOd><sln:wojIIPId>c606b01a-76c8-480d-9470-f24ca0d7a613</sln:wojIIPId><sln:wojIIPPn>PL.PZGIK.200</sln:wojIIPPn><sln:wojIIPWersja>2016-05-05T18:20:48+02:00</sln:wojIIPWersja><sln:wojIdTeryt>30</sln:wojIdTeryt><sln:wojNazwa>wielkopolskie</sln:wojNazwa></sln:miejscowosc><sln:miejscowosc><sln:cyklZyciaOd>2017-03-30T00:00:00+02:00</sln:cyklZyciaOd><sln:gmIIPId>c6404167-dcd7-489e-8bbd-b17317357209</sln:gmIIPId><sln:gmIIPPn>PL.PZGIK.200</sln:gmIIPPn><sln:gmIIPWersja>2012-09-26T22:23:59+02:00</sln:gmIIPWersja><sln:gmIdTeryt>3030043</sln:gmIdTeryt><sln:gmNazwa>Pyzdry</sln:gmNazwa><sln:miejscIIPId>15284036-0769-4fb9-b23a-25abf94b0f06</sln:miejscIIPId><sln:miejscIIPPn>PL.PZGIK.200</sln:miejscIIPPn><sln:miejscIIPWersja>2017-03-30T12:46:52+02:00</sln:miejscIIPWersja><sln:miejscIdTeryt>0293048</sln:miejscIdTeryt><sln:miejscNazwa>Pietrzyków</sln:miejscNazwa><sln:miejscRodzaj>Wieś</sln:miejscRodzaj><sln:powIIPId>e6ff6666-2410-4a42-a3df-de1089b6f511</sln:powIIPId><sln:powIIPPn>PL.PZGIK.200</sln:powIIPPn><sln:powIIPWersja>2012-09-27T08:59:03+02:00</sln:powIIPWersja><sln:powIdTeryt>3030</sln:powIdTeryt><sln:powNazwa>wrzesiński</sln:powNazwa><sln:waznyOd>2011-12-14T00:00:00+01:00</sln:waznyOd><sln:wojIIPId>c606b01a-76c8-480d-9470-f24ca0d7a613</sln:wojIIPId><sln:wojIIPPn>PL.PZGIK.200</sln:wojIIPPn><sln:wojIIPWersja>2016-05-05T18:20:48+02:00</sln:wojIIPWersja><sln:wojIdTeryt>30</sln:wojIdTeryt><sln:wojNazwa>wielkopolskie</sln:wojNazwa></sln:miejscowosc><sln:miejscowosc><sln:cyklZyciaOd>2017-03-30T00:00:00+02:00</sln:cyklZyciaOd><sln:gmIIPId>c6404167-dcd7-489e-8bbd-b17317357209</sln:gmIIPId><sln:gmIIPPn>PL.PZGIK.200</sln:gmIIPPn><sln:gmIIPWersja>2012-09-26T22:23:59+02:00</sln:gmIIPWersja><sln:gmIdTeryt>3030043</sln:gmIdTeryt><sln:gmNazwa>Pyzdry</sln:gmNazwa><sln:miejscIIPId>9c382fd4-96b5-414b-a947-6961b0eeb90e</sln:miejscIIPId><sln:miejscIIPPn>PL.PZGIK.200</sln:miejscIIPPn><sln:miejscIIPWersja>2017-03-30T12:46:53+02:00</sln:miejscIIPWersja><sln:miejscIdTeryt>0293054</sln:miejscIdTeryt><sln:miejscNazwa>Pietrzyków-Kolonia</sln:miejscNazwa><sln:miejscRodzaj>Wieś</sln:miejscRodzaj><sln:powIIPId>e6ff6666-2410-4a42-a3df-de1089b6f511</sln:powIIPId><sln:powIIPPn>PL.PZGIK.200</sln:powIIPPn><sln:powIIPWersja>2012-09-27T08:59:03+02:00</sln:powIIPWersja><sln:powIdTeryt>3030</sln:powIdTeryt><sln:powNazwa>wrzesiński</sln:powNazwa><sln:waznyOd>2012-10-02T00:00:00+02:00</sln:waznyOd><sln:wojIIPId>c606b01a-76c8-480d-9470-f24ca0d7a613</sln:wojIIPId><sln:wojIIPPn>PL.PZGIK.200</sln:wojIIPPn><sln:wojIIPWersja>2016-05-05T18:20:48+02:00</sln:wojIIPWersja><sln:wojIdTeryt>30</sln:wojIdTeryt><sln:wojNazwa>wielkopolskie</sln:wojNazwa></sln:miejscowosc><sln:miejscowosc><sln:cyklZyciaOd>2017-03-30T00:00:00+02:00</sln:cyklZyciaOd><sln:gmIIPId>c6404167-dcd7-489e-8bbd-b17317357209</sln:gmIIPId><sln:gmIIPPn>PL.PZGIK.200</sln:gmIIPPn><sln:gmIIPWersja>2012-09-26T22:23:59+02:00</sln:gmIIPWersja><sln:gmIdTeryt>3030043</sln:gmIdTeryt><sln:gmNazwa>Pyzdry</sln:gmNazwa><sln:miejscIIPId>22f4b527-0c5b-4b87-b4bb-3dc7b8206c35</sln:miejscIIPId><sln:miejscIIPPn>PL.PZGIK.200</sln:miejscIIPPn><sln:miejscIIPWersja>2017-03-30T12:46:53+02:00</sln:miejscIIPWersja><sln:miejscIdTeryt>0293060</sln:miejscIdTeryt><sln:miejscNazwa>Rataje</sln:miejscNazwa><sln:miejscRodzaj>Wieś</sln:miejscRodzaj><sln:powIIPId>e6ff6666-2410-4a42-a3df-de1089b6f511</sln:powIIPId><sln:powIIPPn>PL.PZGIK.200</sln:powIIPPn><sln:powIIPWersja>2012-09-27T08:59:03+02:00</sln:powIIPWersja><sln:powIdTeryt>3030</sln:powIdTeryt><sln:powNazwa>wrzesiński</sln:powNazwa><sln:waznyOd>2011-12-14T00:00:00+01:00</sln:waznyOd><sln:wojIIPId>c606b01a-76c8-480d-9470-f24ca0d7a613</sln:wojIIPId><sln:wojIIPPn>PL.PZGIK.200</sln:wojIIPPn><sln:wojIIPWersja>2016-05-05T18:20:48+02:00</sln:wojIIPWersja><sln:wojIdTeryt>30</sln:wojIdTeryt><sln:wojNazwa>wielkopolskie</sln:wojNazwa></sln:miejscowosc><sln:miejscowosc><sln:cyklZyciaOd>2017-03-30T00:00:00+02:00</sln:cyklZyciaOd><sln:gmIIPId>c6404167-dcd7-489e-8bbd-b17317357209</sln:gmIIPId><sln:gmIIPPn>PL.PZGIK.200</sln:gmIIPPn><sln:gmIIPWersja>2012-09-26T22:23:59+02:00</sln:gmIIPWersja><sln:gmIdTeryt>3030043</sln:gmIdTeryt><sln:gmNazwa>Pyzdry</sln:gmNazwa><sln:miejscIIPId>bf6d03a6-87a7-4079-8d83-ee9e75904e08</sln:miejscIIPId><sln:miejscIIPPn>PL.PZGIK.200</sln:miejscIIPPn><sln:miejscIIPWersja>2017-03-30T12:46:53+02:00</sln:miejscIIPWersja><sln:miejscIdTeryt>0293077</sln:miejscIdTeryt><sln:miejscNazwa>Ruda Komorska</sln:miejscNazwa><sln:miejscRodzaj>Wieś</sln:miejscRodzaj><sln:powIIPId>e6ff6666-2410-4a42-a3df-de1089b6f511</sln:powIIPId><sln:powIIPPn>PL.PZGIK.200</sln:powIIPPn><sln:powIIPWersja>2012-09-27T08:59:03+02:00</sln:powIIPWersja><sln:powIdTeryt>3030</sln:powIdTeryt><sln:powNazwa>wrzesiński</sln:powNazwa><sln:waznyOd>2011-12-14T00:00:00+01:00</sln:waznyOd><sln:wojIIPId>c606b01a-76c8-480d-9470-f24ca0d7a613</sln:wojIIPId><sln:wojIIPPn>PL.PZGIK.200</sln:wojIIPPn><sln:wojIIPWersja>2016-05-05T18:20:48+02:00</sln:wojIIPWersja><sln:wojIdTeryt>30</sln:wojIdTeryt><sln:wojNazwa>wielkopolskie</sln:wojNazwa></sln:miejscowosc><sln:miejscowosc><sln:cyklZyciaOd>2017-03-30T00:00:00+02:00</sln:cyklZyciaOd><sln:gmIIPId>c6404167-dcd7-489e-8bbd-b17317357209</sln:gmIIPId><sln:gmIIPPn>PL.PZGIK.200</sln:gmIIPPn><sln:gmIIPWersja>2012-09-26T22:23:59+02:00</sln:gmIIPWersja><sln:gmIdTeryt>3030043</sln:gmIdTeryt><sln:gmNazwa>Pyzdry</sln:gmNazwa><sln:miejscIIPId>7317a2b2-1527-4778-bf0d-0b75a8829836</sln:miejscIIPId><sln:miejscIIPPn>PL.PZGIK.200</sln:miejscIIPPn><sln:miejscIIPWersja>2017-03-30T12:46:53+02:00</sln:miejscIIPWersja><sln:miejscIdTeryt>0293083</sln:miejscIdTeryt><sln:miejscNazwa>Łupice</sln:miejscNazwa><sln:miejscRodzaj>Wieś</sln:miejscRodzaj><sln:powIIPId>e6ff6666-2410-4a42-a3df-de1089b6f511</sln:powIIPId><sln:powIIPPn>PL.PZGIK.200</sln:powIIPPn><sln:powIIPWersja>2012-09-27T08:59:03+02:00</sln:powIIPWersja><sln:powIdTeryt>3030</sln:powIdTeryt><sln:powNazwa>wrzesiński</sln:powNazwa><sln:waznyOd>2011-12-22T00:00:00+01:00</sln:waznyOd><sln:wojIIPId>c606b01a-76c8-480d-9470-f24ca0d7a613</sln:wojIIPId><sln:wojIIPPn>PL.PZGIK.200</sln:wojIIPPn><sln:wojIIPWersja>2016-05-05T18:20:48+02:00</sln:wojIIPWersja><sln:wojIdTeryt>30</sln:wojIdTeryt><sln:wojNazwa>wielkopolskie</sln:wojNazwa></sln:miejscowosc><sln:miejscowosc><sln:cyklZyciaOd>2017-03-30T00:00:00+02:00</sln:cyklZyciaOd><sln:gmIIPId>c6404167-dcd7-489e-8bbd-b17317357209</sln:gmIIPId><sln:gmIIPPn>PL.PZGIK.200</sln:gmIIPPn><sln:gmIIPWersja>2012-09-26T22:23:59+02:00</sln:gmIIPWersja><sln:gmIdTeryt>3030043</sln:gmIdTeryt><sln:gmNazwa>Pyzdry</sln:gmNazwa><sln:miejscIIPId>e30b884c-e384-4f91-9491-bcfb609414b1</sln:miejscIIPId><sln:miejscIIPPn>PL.PZGIK.200</sln:miejscIIPPn><sln:miejscIIPWersja>2017-03-30T12:46:53+02:00</sln:miejscIIPWersja><sln:miejscIdTeryt>0293090</sln:miejscIdTeryt><sln:miejscNazwa>Modlica</sln:miejscNazwa><sln:miejscRodzaj>Wieś</sln:miejscRodzaj><sln:powIIPId>e6ff6666-2410-4a42-a3df-de1089b6f511</sln:powIIPId><sln:powIIPPn>PL.PZGIK.200</sln:powIIPPn><sln:powIIPWersja>2012-09-27T08:59:03+02:00</sln:powIIPWersja><sln:powIdTeryt>3030</sln:powIdTeryt><sln:powNazwa>wrzesiński</sln:powNazwa><sln:waznyOd>2011-12-22T00:00:00+01:00</sln:waznyOd><sln:wojIIPId>c606b01a-76c8-480d-9470-f24ca0d7a613</sln:wojIIPId><sln:wojIIPPn>PL.PZGIK.200</sln:wojIIPPn><sln:wojIIPWersja>2016-05-05T18:20:48+02:00</sln:wojIIPWersja><sln:wojIdTeryt>30</sln:wojIdTeryt><sln:wojNazwa>wielkopolskie</sln:wojNazwa></sln:miejscowosc><sln:miejscowosc><sln:cyklZyciaOd>2017-03-30T00:00:00+02:00</sln:cyklZyciaOd><sln:gmIIPId>c6404167-dcd7-489e-8bbd-b17317357209</sln:gmIIPId><sln:gmIIPPn>PL.PZGIK.200</sln:gmIIPPn><sln:gmIIPWersja>2012-09-26T22:23:59+02:00</sln:gmIIPWersja><sln:gmIdTeryt>3030043</sln:gmIdTeryt><sln:gmNazwa>Pyzdry</sln:gmNazwa><sln:miejscIIPId>87166b00-bdf4-417a-bb8c-738bb684ae8d</sln:miejscIIPId><sln:miejscIIPPn>PL.PZGIK.200</sln:miejscIIPPn><sln:miejscIIPWersja>2017-03-30T12:46:53+02:00</sln:miejscIIPWersja><sln:miejscIdTeryt>0293108</sln:miejscIdTeryt><sln:miejscNazwa>Zamość</sln:miejscNazwa><sln:miejscRodzaj>Wieś</sln:miejscRodzaj><sln:powIIPId>e6ff6666-2410-4a42-a3df-de1089b6f511</sln:powIIPId><sln:powIIPPn>PL.PZGIK.200</sln:powIIPPn><sln:powIIPWersja>2012-09-27T08:59:03+02:00</sln:powIIPWersja><sln:powIdTeryt>3030</sln:powIdTeryt><sln:powNazwa>wrzesiński</sln:powNazwa><sln:waznyOd>2011-12-22T00:00:00+01:00</sln:waznyOd><sln:wojIIPId>c606b01a-76c8-480d-9470-f24ca0d7a613</sln:wojIIPId><sln:wojIIPPn>PL.PZGIK.200</sln:wojIIPPn><sln:wojIIPWersja>2016-05-05T18:20:48+02:00</sln:wojIIPWersja><sln:wojIdTeryt>30</sln:wojIdTeryt><sln:wojNazwa>wielkopolskie</sln:wojNazwa></sln:miejscowosc><sln:miejscowosc><sln:cyklZyciaOd>2017-03-30T00:00:00+02:00</sln:cyklZyciaOd><sln:gmIIPId>c6404167-dcd7-489e-8bbd-b17317357209</sln:gmIIPId><sln:gmIIPPn>PL.PZGIK.200</sln:gmIIPPn><sln:gmIIPWersja>2012-09-26T22:23:59+02:00</sln:gmIIPWersja><sln:gmIdTeryt>3030043</sln:gmIdTeryt><sln:gmNazwa>Pyzdry</sln:gmNazwa><sln:miejscIIPId>a071d495-e3ea-4596-9bd8-db61e57a1385</sln:miejscIIPId><sln:miejscIIPPn>PL.PZGIK.200</sln:miejscIIPPn><sln:miejscIIPWersja>2017-03-30T12:46:53+02:00</sln:miejscIIPWersja><sln:miejscIdTeryt>0293114</sln:miejscIdTeryt><sln:miejscNazwa>Tarnowa</sln:miejscNazwa><sln:miejscRodzaj>Wieś</sln:miejscRodzaj><sln:powIIPId>e6ff6666-2410-4a42-a3df-de1089b6f511</sln:powIIPId><sln:powIIPPn>PL.PZGIK.200</sln:powIIPPn><sln:powIIPWersja>2012-09-27T08:59:03+02:00</sln:powIIPWersja><sln:powIdTeryt>3030</sln:powIdTeryt><sln:powNazwa>wrzesiński</sln:powNazwa><sln:waznyOd>2011-12-14T00:00:00+01:00</sln:waznyOd><sln:wojIIPId>c606b01a-76c8-480d-9470-f24ca0d7a613</sln:wojIIPId><sln:wojIIPPn>PL.PZGIK.200</sln:wojIIPPn><sln:wojIIPWersja>2016-05-05T18:20:48+02:00</sln:wojIIPWersja><sln:wojIdTeryt>30</sln:wojIdTeryt><sln:wojNazwa>wielkopolskie</sln:wojNazwa></sln:miejscowosc><sln:miejscowosc><sln:cyklZyciaOd>2017-03-30T00:00:00+02:00</sln:cyklZyciaOd><sln:gmIIPId>c6404167-dcd7-489e-8bbd-b17317357209</sln:gmIIPId><sln:gmIIPPn>PL.PZGIK.200</sln:gmIIPPn><sln:gmIIPWersja>2012-09-26T22:23:59+02:00</sln:gmIIPWersja><sln:gmIdTeryt>3030043</sln:gmIdTeryt><sln:gmNazwa>Pyzdry</sln:gmNazwa><sln:miejscIIPId>275b759f-a67f-430d-926d-ecf30faf716d</sln:miejscIIPId><sln:miejscIIPPn>PL.PZGIK.200</sln:miejscIIPPn><sln:miejscIIPWersja>2017-03-30T12:46:53+02:00</sln:miejscIIPWersja><sln:miejscIdTeryt>0293120</sln:miejscIdTeryt><sln:miejscNazwa>Trzcianki</sln:miejscNazwa><sln:miejscRodzaj>Wieś</sln:miejscRodzaj><sln:powIIPId>e6ff6666-2410-4a42-a3df-de1089b6f511</sln:powIIPId><sln:powIIPPn>PL.PZGIK.200</sln:powIIPPn><sln:powIIPWersja>2012-09-27T08:59:03+02:00</sln:powIIPWersja><sln:powIdTeryt>3030</sln:powIdTeryt><sln:powNazwa>wrzesiński</sln:powNazwa><sln:waznyOd>2011-12-14T00:00:00+01:00</sln:waznyOd><sln:wojIIPId>c606b01a-76c8-480d-9470-f24ca0d7a613</sln:wojIIPId><sln:wojIIPPn>PL.PZGIK.200</sln:wojIIPPn><sln:wojIIPWersja>2016-05-05T18:20:48+02:00</sln:wojIIPWersja><sln:wojIdTeryt>30</sln:wojIdTeryt><sln:wojNazwa>wielkopolskie</sln:wojNazwa></sln:miejscowosc><sln:miejscowosc><sln:cyklZyciaOd>2017-03-30T00:00:00+02:00</sln:cyklZyciaOd><sln:gmIIPId>c6404167-dcd7-489e-8bbd-b17317357209</sln:gmIIPId><sln:gmIIPPn>PL.PZGIK.200</sln:gmIIPPn><sln:gmIIPWersja>2012-09-26T22:23:59+02:00</sln:gmIIPWersja><sln:gmIdTeryt>3030043</sln:gmIdTeryt><sln:gmNazwa>Pyzdry</sln:gmNazwa><sln:miejscIIPId>b7b5dfc7-0c7f-41d5-a7bd-4f979e4374f1</sln:miejscIIPId><sln:miejscIIPPn>PL.PZGIK.200</sln:miejscIIPPn><sln:miejscIIPWersja>2017-03-30T12:46:53+02:00</sln:miejscIIPWersja><sln:miejscIdTeryt>0293137</sln:miejscIdTeryt><sln:miejscNazwa>Królewiny</sln:miejscNazwa><sln:miejscRodzaj>Przysiółek</sln:miejscRodzaj><sln:powIIPId>e6ff6666-2410-4a42-a3df-de1089b6f511</sln:powIIPId><sln:powIIPPn>PL.PZGIK.200</sln:powIIPPn><sln:powIIPWersja>2012-09-27T08:59:03+02:00</sln:powIIPWersja><sln:powIdTeryt>3030</sln:powIdTeryt><sln:powNazwa>wrzesiński</sln:powNazwa><sln:waznyOd>2015-03-13T00:00:00+01:00</sln:waznyOd><sln:wojIIPId>c606b01a-76c8-480d-9470-f24ca0d7a613</sln:wojIIPId><sln:wojIIPPn>PL.PZGIK.200</sln:wojIIPPn><sln:wojIIPWersja>2016-05-05T18:20:48+02:00</sln:wojIIPWersja><sln:wojIdTeryt>30</sln:wojIdTeryt><sln:wojNazwa>wielkopolskie</sln:wojNazwa></sln:miejscowosc><sln:miejscowosc><sln:cyklZyciaOd>2017-03-30T00:00:00+02:00</sln:cyklZyciaOd><sln:gmIIPId>c6404167-dcd7-489e-8bbd-b17317357209</sln:gmIIPId><sln:gmIIPPn>PL.PZGIK.200</sln:gmIIPPn><sln:gmIIPWersja>2012-09-26T22:23:59+02:00</sln:gmIIPWersja><sln:gmIdTeryt>3030043</sln:gmIdTeryt><sln:gmNazwa>Pyzdry</sln:gmNazwa><sln:miejscIIPId>a89c4e26-65af-47b7-a513-9ae93a8ccadc</sln:miejscIIPId><sln:miejscIIPPn>PL.PZGIK.200</sln:miejscIIPPn><sln:miejscIIPWersja>2017-03-30T12:46:53+02:00</sln:miejscIIPWersja><sln:miejscIdTeryt>0293143</sln:miejscIdTeryt><sln:miejscNazwa>Walga</sln:miejscNazwa><sln:miejscRodzaj>Wieś</sln:miejscRodzaj><sln:powIIPId>e6ff6666-2410-4a42-a3df-de1089b6f511</sln:powIIPId><sln:powIIPPn>PL.PZGIK.200</sln:powIIPPn><sln:powIIPWersja>2012-09-27T08:59:03+02:00</sln:powIIPWersja><sln:powIdTeryt>3030</sln:powIdTeryt><sln:powNazwa>wrzesiński</sln:powNazwa><sln:waznyOd>2011-12-14T00:00:00+01:00</sln:waznyOd><sln:wojIIPId>c606b01a-76c8-480d-9470-f24ca0d7a613</sln:wojIIPId><sln:wojIIPPn>PL.PZGIK.200</sln:wojIIPPn><sln:wojIIPWersja>2016-05-05T18:20:48+02:00</sln:wojIIPWersja><sln:wojIdTeryt>30</sln:wojIdTeryt><sln:wojNazwa>wielkopolskie</sln:wojNazwa></sln:miejscowosc><sln:miejscowosc><sln:cyklZyciaOd>2017-03-30T00:00:00+02:00</sln:cyklZyciaOd><sln:gmIIPId>c6404167-dcd7-489e-8bbd-b17317357209</sln:gmIIPId><sln:gmIIPPn>PL.PZGIK.200</sln:gmIIPPn><sln:gmIIPWersja>2012-09-26T22:23:59+02:00</sln:gmIIPWersja><sln:gmIdTeryt>3030043</sln:gmIdTeryt><sln:gmNazwa>Pyzdry</sln:gmNazwa><sln:miejscIIPId>5185a54d-1498-4030-883f-5580ae693479</sln:miejscIIPId><sln:miejscIIPPn>PL.PZGIK.200</sln:miejscIIPPn><sln:miejscIIPWersja>2017-03-30T12:46:53+02:00</sln:miejscIIPWersja><sln:miejscIdTeryt>0293150</sln:miejscIdTeryt><sln:miejscNazwa>Wrąbczynek</sln:miejscNazwa><sln:miejscRodzaj>Wieś</sln:miejscRodzaj><sln:powIIPId>e6ff6666-2410-4a42-a3df-de1089b6f511</sln:powIIPId><sln:powIIPPn>PL.PZGIK.200</sln:powIIPPn><sln:powIIPWersja>2012-09-27T08:59:03+02:00</sln:powIIPWersja><sln:powIdTeryt>3030</sln:powIdTeryt><sln:powNazwa>wrzesiński</sln:powNazwa><sln:waznyOd>2011-12-14T00:00:00+01:00</sln:waznyOd><sln:wojIIPId>c606b01a-76c8-480d-9470-f24ca0d7a613</sln:wojIIPId><sln:wojIIPPn>PL.PZGIK.200</sln:wojIIPPn><sln:wojIIPWersja>2016-05-05T18:20:48+02:00</sln:wojIIPWersja><sln:wojIdTeryt>30</sln:wojIdTeryt><sln:wojNazwa>wielkopolskie</sln:wojNazwa></sln:miejscowosc><sln:miejscowosc><sln:cyklZyciaOd>2017-03-30T00:00:00+02:00</sln:cyklZyciaOd><sln:gmIIPId>c6404167-dcd7-489e-8bbd-b17317357209</sln:gmIIPId><sln:gmIIPPn>PL.PZGIK.200</sln:gmIIPPn><sln:gmIIPWersja>2012-09-26T22:23:59+02:00</sln:gmIIPWersja><sln:gmIdTeryt>3030043</sln:gmIdTeryt><sln:gmNazwa>Pyzdry</sln:gmNazwa><sln:miejscIIPId>be0741af-a62a-4119-8d44-3474e90b6707</sln:miejscIIPId><sln:miejscIIPPn>PL.PZGIK.200</sln:miejscIIPPn><sln:miejscIIPWersja>2017-03-30T12:46:53+02:00</sln:miejscIIPWersja><sln:miejscIdTeryt>0293166</sln:miejscIdTeryt><sln:miejscNazwa>Wrąbczynkowskie Holendry</sln:miejscNazwa><sln:miejscRodzaj>Wieś</sln:miejscRodzaj><sln:powIIPId>e6ff6666-2410-4a42-a3df-de1089b6f511</sln:powIIPId><sln:powIIPPn>PL.PZGIK.200</sln:powIIPPn><sln:powIIPWersja>2012-09-27T08:59:03+02:00</sln:powIIPWersja><sln:powIdTeryt>3030</sln:powIdTeryt><sln:powNazwa>wrzesiński</sln:powNazwa><sln:waznyOd>2011-12-14T00:00:00+01:00</sln:waznyOd><sln:wojIIPId>c606b01a-76c8-480d-9470-f24ca0d7a613</sln:wojIIPId><sln:wojIIPPn>PL.PZGIK.200</sln:wojIIPPn><sln:wojIIPWersja>2016-05-05T18:20:48+02:00</sln:wojIIPWersja><sln:wojIdTeryt>30</sln:wojIdTeryt><sln:wojNazwa>wielkopolskie</sln:wojNazwa></sln:miejscowosc><sln:miejscowosc><sln:cyklZyciaOd>2017-03-30T00:00:00+02:00</sln:cyklZyciaOd><sln:gmIIPId>c6404167-dcd7-489e-8bbd-b17317357209</sln:gmIIPId><sln:gmIIPPn>PL.PZGIK.200</sln:gmIIPPn><sln:gmIIPWersja>2012-09-26T22:23:59+02:00</sln:gmIIPWersja><sln:gmIdTeryt>3030043</sln:gmIdTeryt><sln:gmNazwa>Pyzdry</sln:gmNazwa><sln:miejscIIPId>34d69b91-5616-463d-8718-b5f7043c8054</sln:miejscIIPId><sln:miejscIIPPn>PL.PZGIK.200</sln:miejscIIPPn><sln:miejscIIPWersja>2017-03-30T12:46:53+02:00</sln:miejscIIPWersja><sln:miejscIdTeryt>0293189</sln:miejscIdTeryt><sln:miejscNazwa>Zapowiednia</sln:miejscNazwa><sln:miejscRodzaj>Wieś</sln:miejscRodzaj><sln:powIIPId>e6ff6666-2410-4a42-a3df-de1089b6f511</sln:powIIPId><sln:powIIPPn>PL.PZGIK.200</sln:powIIPPn><sln:powIIPWersja>2012-09-27T08:59:03+02:00</sln:powIIPWersja><sln:powIdTeryt>3030</sln:powIdTeryt><sln:powNazwa>wrzesiński</sln:powNazwa><sln:waznyOd>2011-12-14T00:00:00+01:00</sln:waznyOd><sln:wojIIPId>c606b01a-76c8-480d-9470-f24ca0d7a613</sln:wojIIPId><sln:wojIIPPn>PL.PZGIK.200</sln:wojIIPPn><sln:wojIIPWersja>2016-05-05T18:20:48+02:00</sln:wojIIPWersja><sln:wojIdTeryt>30</sln:wojIdTeryt><sln:wojNazwa>wielkopolskie</sln:wojNazwa></sln:miejscowosc><sln:miejscowosc><sln:cyklZyciaOd>2017-03-30T00:00:00+02:00</sln:cyklZyciaOd><sln:gmIIPId>c6404167-dcd7-489e-8bbd-b17317357209</sln:gmIIPId><sln:gmIIPPn>PL.PZGIK.200</sln:gmIIPPn><sln:gmIIPWersja>2012-09-26T22:23:59+02:00</sln:gmIIPWersja><sln:gmIdTeryt>3030043</sln:gmIdTeryt><sln:gmNazwa>Pyzdry</sln:gmNazwa><sln:miejscIIPId>19c25cdb-9500-4048-8381-4797f4f291af</sln:miejscIIPId><sln:miejscIIPPn>PL.PZGIK.200</sln:miejscIIPPn><sln:miejscIIPWersja>2017-03-30T12:46:53+02:00</sln:miejscIIPWersja><sln:miejscIdTeryt>0293195</sln:miejscIdTeryt><sln:miejscNazwa>Białobrzeg Ratajski</sln:miejscNazwa><sln:miejscRodzaj>Osada</sln:miejscRodzaj><sln:powIIPId>e6ff6666-2410-4a42-a3df-de1089b6f511</sln:powIIPId><sln:powIIPPn>PL.PZGIK.200</sln:powIIPPn><sln:powIIPWersja>2012-09-27T08:59:03+02:00</sln:powIIPWersja><sln:powIdTeryt>3030</sln:powIdTeryt><sln:powNazwa>wrzesiński</sln:powNazwa><sln:waznyOd>2015-03-13T00:00:00+01:00</sln:waznyOd><sln:wojIIPId>c606b01a-76c8-480d-9470-f24ca0d7a613</sln:wojIIPId><sln:wojIIPPn>PL.PZGIK.200</sln:wojIIPPn><sln:wojIIPWersja>2016-05-05T18:20:48+02:00</sln:wojIIPWersja><sln:wojIdTeryt>30</sln:wojIdTeryt><sln:wojNazwa>wielkopolskie</sln:wojNazwa></sln:miejscowosc><sln:miejscowosc><sln:cyklZyciaOd>2017-03-30T00:00:00+02:00</sln:cyklZyciaOd><sln:gmIIPId>c6404167-dcd7-489e-8bbd-b17317357209</sln:gmIIPId><sln:gmIIPPn>PL.PZGIK.200</sln:gmIIPPn><sln:gmIIPWersja>2012-09-26T22:23:59+02:00</sln:gmIIPWersja><sln:gmIdTeryt>3030043</sln:gmIdTeryt><sln:gmNazwa>Pyzdry</sln:gmNazwa><sln:miejscIIPId>293271d2-0737-45ea-8592-0cd5629723c6</sln:miejscIIPId><sln:miejscIIPPn>PL.PZGIK.200</sln:miejscIIPPn><sln:miejscIIPWersja>2017-03-30T12:46:53+02:00</sln:miejscIIPWersja><sln:miejscIdTeryt>0293203</sln:miejscIdTeryt><sln:miejscNazwa>Glinianki</sln:miejscNazwa><sln:miejscRodzaj>Przysiółek</sln:miejscRodzaj><sln:powIIPId>e6ff6666-2410-4a42-a3df-de1089b6f511</sln:powIIPId><sln:powIIPPn>PL.PZGIK.200</sln:powIIPPn><sln:powIIPWersja>2012-09-27T08:59:03+02:00</sln:powIIPWersja><sln:powIdTeryt>3030</sln:powIdTeryt><sln:powNazwa>wrzesiński</sln:powNazwa><sln:waznyOd>2011-12-22T00:00:00+01:00</sln:waznyOd><sln:wojIIPId>c606b01a-76c8-480d-9470-f24ca0d7a613</sln:wojIIPId><sln:wojIIPPn>PL.PZGIK.200</sln:wojIIPPn><sln:wojIIPWersja>2016-05-05T18:20:48+02:00</sln:wojIIPWersja><sln:wojIdTeryt>30</sln:wojIdTeryt><sln:wojNazwa>wielkopolskie</sln:wojNazwa></sln:miejscowosc><sln:miejscowosc><sln:cyklZyciaOd>2017-03-30T00:00:00+02:00</sln:cyklZyciaOd><sln:gmIIPId>c6404167-dcd7-489e-8bbd-b17317357209</sln:gmIIPId><sln:gmIIPPn>PL.PZGIK.200</sln:gmIIPPn><sln:gmIIPWersja>2012-09-26T22:23:59+02:00</sln:gmIIPWersja><sln:gmIdTeryt>3030043</sln:gmIdTeryt><sln:gmNazwa>Pyzdry</sln:gmNazwa><sln:miejscIIPId>45585c85-db7d-4e18-a208-6d1f68f40841</sln:miejscIIPId><sln:miejscIIPPn>PL.PZGIK.200</sln:miejscIIPPn><sln:miejscIIPWersja>2017-03-30T12:46:54+02:00</sln:miejscIIPWersja><sln:miejscIdTeryt>0293210</sln:miejscIdTeryt><sln:miejscNazwa>Żdżary</sln:miejscNazwa><sln:miejscRodzaj>Przysiółek</sln:miejscRodzaj><sln:powIIPId>e6ff6666-2410-4a42-a3df-de1089b6f511</sln:powIIPId><sln:powIIPPn>PL.PZGIK.200</sln:powIIPPn><sln:powIIPWersja>2012-09-27T08:59:03+02:00</sln:powIIPWersja><sln:powIdTeryt>3030</sln:powIdTeryt><sln:powNazwa>wrzesiński</sln:powNazwa><sln:waznyOd>2015-03-13T00:00:00+01:00</sln:waznyOd><sln:wojIIPId>c606b01a-76c8-480d-9470-f24ca0d7a613</sln:wojIIPId><sln:wojIIPPn>PL.PZGIK.200</sln:wojIIPPn><sln:wojIIPWersja>2016-05-05T18:20:48+02:00</sln:wojIIPWersja><sln:wojIdTeryt>30</sln:wojIdTeryt><sln:wojNazwa>wielkopolskie</sln:wojNazwa></sln:miejscowosc><sln:miejscowosc><sln:cyklZyciaOd>2017-03-30T00:00:00+02:00</sln:cyklZyciaOd><sln:gmIIPId>c6404167-dcd7-489e-8bbd-b17317357209</sln:gmIIPId><sln:gmIIPPn>PL.PZGIK.200</sln:gmIIPPn><sln:gmIIPWersja>2012-09-26T22:23:59+02:00</sln:gmIIPWersja><sln:gmIdTeryt>3030043</sln:gmIdTeryt><sln:gmNazwa>Pyzdry</sln:gmNazwa><sln:miejscIIPId>a1adc9ca-0f81-426e-a4cc-475425e78053</sln:miejscIIPId><sln:miejscIIPPn>PL.PZGIK.200</sln:miejscIIPPn><sln:miejscIIPWersja>2017-03-30T12:46:54+02:00</sln:miejscIIPWersja><sln:miejscIdTeryt>0949164</sln:miejscIdTeryt><sln:miejscNazwa>Pyzdry</sln:miejscNazwa><sln:miejscRodzaj>Miasto</sln:miejscRodzaj><sln:powIIPId>e6ff6666-2410-4a42-a3df-de1089b6f511</sln:powIIPId><sln:powIIPPn>PL.PZGIK.200</sln:powIIPPn><sln:powIIPWersja>2012-09-27T08:59:03+02:00</sln:powIIPWersja><sln:powIdTeryt>3030</sln:powIdTeryt><sln:powNazwa>wrzesiński</sln:powNazwa><sln:waznyOd>2011-12-14T00:00:00+01:00</sln:waznyOd><sln:wojIIPId>c606b01a-76c8-480d-9470-f24ca0d7a613</sln:wojIIPId><sln:wojIIPPn>PL.PZGIK.200</sln:wojIIPPn><sln:wojIIPWersja>2016-05-05T18:20:48+02:00</sln:wojIIPWersja><sln:wojIdTeryt>30</sln:wojIdTeryt><sln:wojNazwa>wielkopolskie</sln:wojNazwa></sln:miejscowosc></sln:lista-miejscowosci>