<?xml version="1.0" encoding="UTF-8" standalone="yes"?><sln:lista-miejscowosci xmlns:srv="http://gugik.gov.pl/schemas/slowniki-service/1.0" xmlns:sln="http://gugik.gov.pl/schemas/slowniki-schema/1.0"><sln:miejscowosc><sln:cyklZyciaDo>2017-03-29T00:00:00+02:00</sln:cyklZyciaDo><sln:cyklZyciaOd>2015-10-23T00:00:00+02:00</sln:cyklZyciaOd><sln:gmIIPId>63fa067c-c1a9-4e85-9645-a26065ab9359</sln:gmIIPId><sln:gmIIPPn>PL.PZGIK.200</sln:gmIIPPn><sln:gmIIPWersja>2012-09-26T22:23:02+02:00</sln:gmIIPWersja><sln:gmIdTeryt>3021072</sln:gmIdTeryt><sln:gmNazwa>Komorniki</sln:gmNazwa><sln:miejscIIPId>6f775076-64ec-43e5-8d6c-cd44ad98482e</sln:miejscIIPId><sln:miejscIIPPn>PL.PZGIK.200</sln:miejscIIPPn><sln:miejscIIPWersja>2016-11-24T11:25:37+02:00</sln:miejscIIPWersja><sln:miejscIdTeryt>0585839</sln:miejscIdTeryt><sln:miejscNazwa>Chomęcice</sln:miejscNazwa><sln:miejscRodzaj>Wieś</sln:miejscRodzaj><sln:powIIPId>f5c4ac99-7db7-4d8d-a453-e88e9942fbad</sln:powIIPId><sln:powIIPPn>PL.PZGIK.200</sln:powIIPPn><sln:powIIPWersja>2012-09-27T08:59:03+02:00</sln:powIIPWersja><sln:powIdTeryt>3021</sln:powIdTeryt><sln:powNazwa>poznański</sln:powNazwa><sln:waznyOd>2014-04-14T00:00:00+02:00</sln:waznyOd><sln:wojIIPId>c606b01a-76c8-480d-9470-f24ca0d7a613</sln:wojIIPId><sln:wojIIPPn>PL.PZGIK.200</sln:wojIIPPn><sln:wojIIPWersja>2016-05-05T18:20:48+02:00</sln:wojIIPWersja><sln:wojIdTeryt>30</sln:wojIdTeryt><sln:wojNazwa>wielkopolskie</sln:wojNazwa></sln:miejscowosc><sln:miejscowosc><sln:cyklZyciaDo>2017-03-29T00:00:00+02:00</sln:cyklZyciaDo><sln:cyklZyciaOd>2015-10-23T00:00:00+02:00</sln:cyklZyciaOd><sln:gmIIPId>63fa067c-c1a9-4e85-9645-a26065ab9359</sln:gmIIPId><sln:gmIIPPn>PL.PZGIK.200</sln:gmIIPPn><sln:gmIIPWersja>2012-09-26T22:23:02+02:00</sln:gmIIPWersja><sln:gmIdTeryt>3021072</sln:gmIdTeryt><sln:gmNazwa>Komorniki</sln:gmNazwa><sln:miejscIIPId>a048a4f6-a1dc-40e5-850d-f5d8db43573f</sln:miejscIIPId><sln:miejscIIPPn>PL.PZGIK.200</sln:miejscIIPPn><sln:miejscIIPWersja>2016-11-24T11:25:37+02:00</sln:miejscIIPWersja><sln:miejscIdTeryt>0585851</sln:miejscIdTeryt><sln:miejscNazwa>Głuchowo</sln:miejscNazwa><sln:miejscRodzaj>Wieś</sln:miejscRodzaj><sln:powIIPId>f5c4ac99-7db7-4d8d-a453-e88e9942fbad</sln:powIIPId><sln:powIIPPn>PL.PZGIK.200</sln:powIIPPn><sln:powIIPWersja>2012-09-27T08:59:03+02:00</sln:powIIPWersja><sln:powIdTeryt>3021</sln:powIdTeryt><sln:powNazwa>poznański</sln:powNazwa><sln:waznyOd>2014-04-14T00:00:00+02:00</sln:waznyOd><sln:wojIIPId>c606b01a-76c8-480d-9470-f24ca0d7a613</sln:wojIIPId><sln:wojIIPPn>PL.PZGIK.200</sln:wojIIPPn><sln:wojIIPWersja>2016-05-05T18:20:48+02:00</sln:wojIIPWersja><sln:wojIdTeryt>30</sln:wojIdTeryt><sln:wojNazwa>wielkopolskie</sln:wojNazwa></sln:miejscowosc><sln:miejscowosc><sln:cyklZyciaDo>2017-03-29T00:00:00+02:00</sln:cyklZyciaDo><sln:cyklZyciaOd>2015-10-23T00:00:00+02:00</sln:cyklZyciaOd><sln:gmIIPId>63fa067c-c1a9-4e85-9645-a26065ab9359</sln:gmIIPId><sln:gmIIPPn>PL.PZGIK.200</sln:gmIIPPn><sln:gmIIPWersja>2012-09-26T22:23:02+02:00</sln:gmIIPWersja><sln:gmIdTeryt>3021072</sln:gmIdTeryt><sln:gmNazwa>Komorniki</sln:gmNazwa><sln:miejscIIPId>29c7899b-cb39-4187-8e97-86012385999b</sln:miejscIIPId><sln:miejscIIPPn>PL.PZGIK.200</sln:miejscIIPPn><sln:miejscIIPWersja>2016-11-24T14:00:04+02:00</sln:miejscIIPWersja><sln:miejscIdTeryt>1008133</sln:miejscIdTeryt><sln:miejscNazwa>Hilarówko</sln:miejscNazwa><sln:miejscRodzaj>Inny obiekt</sln:miejscRodzaj><sln:powIIPId>f5c4ac99-7db7-4d8d-a453-e88e9942fbad</sln:powIIPId><sln:powIIPPn>PL.PZGIK.200</sln:powIIPPn><sln:powIIPWersja>2012-09-27T08:59:03+02:00</sln:powIIPWersja><sln:powIdTeryt>3021</sln:powIdTeryt><sln:powNazwa>poznański</sln:powNazwa><sln:waznyOd>2014-04-14T00:00:00+02:00</sln:waznyOd><sln:wojIIPId>c606b01a-76c8-480d-9470-f24ca0d7a613</sln:wojIIPId><sln:wojIIPPn>PL.PZGIK.200</sln:wojIIPPn><sln:wojIIPWersja>2016-05-05T18:20:48+02:00</sln:wojIIPWersja><sln:wojIdTeryt>30</sln:wojIdTeryt><sln:wojNazwa>wielkopolskie</sln:wojNazwa></sln:miejscowosc><sln:miejscowosc><sln:cyklZyciaDo>2017-03-29T00:00:00+02:00</sln:cyklZyciaDo><sln:cyklZyciaOd>2015-10-23T00:00:00+02:00</sln:cyklZyciaOd><sln:gmIIPId>63fa067c-c1a9-4e85-9645-a26065ab9359</sln:gmIIPId><sln:gmIIPPn>PL.PZGIK.200</sln:gmIIPPn><sln:gmIIPWersja>2012-09-26T22:23:02+02:00</sln:gmIIPWersja><sln:gmIdTeryt>3021072</sln:gmIdTeryt><sln:gmNazwa>Komorniki</sln:gmNazwa><sln:miejscIIPId>3de7bce1-0ec6-42f8-b699-a13cd82ce4fa</sln:miejscIIPId><sln:miejscIIPPn>PL.PZGIK.200</sln:miejscIIPPn><sln:miejscIIPWersja>2016-11-24T11:25:37+02:00</sln:miejscIIPWersja><sln:miejscIdTeryt>0585928</sln:miejscIdTeryt><sln:miejscNazwa>Jarosławiec</sln:miejscNazwa><sln:miejscRodzaj>Osada</sln:miejscRodzaj><sln:powIIPId>f5c4ac99-7db7-4d8d-a453-e88e9942fbad</sln:powIIPId><sln:powIIPPn>PL.PZGIK.200</sln:powIIPPn><sln:powIIPWersja>2012-09-27T08:59:03+02:00</sln:powIIPWersja><sln:powIdTeryt>3021</sln:powIdTeryt><sln:powNazwa>poznański</sln:powNazwa><sln:waznyOd>2014-04-14T00:00:00+02:00</sln:waznyOd><sln:wojIIPId>c606b01a-76c8-480d-9470-f24ca0d7a613</sln:wojIIPId><sln:wojIIPPn>PL.PZGIK.200</sln:wojIIPPn><sln:wojIIPWersja>2016-05-05T18:20:48+02:00</sln:wojIIPWersja><sln:wojIdTeryt>30</sln:wojIdTeryt><sln:wojNazwa>wielkopolskie</sln:wojNazwa></sln:miejscowosc><sln:miejscowosc><sln:cyklZyciaDo>2017-03-29T00:00:00+02:00</sln:cyklZyciaDo><sln:cyklZyciaOd>2015-10-23T00:00:00+02:00</sln:cyklZyciaOd><sln:gmIIPId>63fa067c-c1a9-4e85-9645-a26065ab9359</sln:gmIIPId><sln:gmIIPPn>PL.PZGIK.200</sln:gmIIPPn><sln:gmIIPWersja>2012-09-26T22:23:02+02:00</sln:gmIIPWersja><sln:gmIdTeryt>3021072</sln:gmIdTeryt><sln:gmNazwa>Komorniki</sln:gmNazwa><sln:miejscIIPId>c7d9054b-96f6-4ea8-8618-a3a469554040</sln:miejscIIPId><sln:miejscIIPPn>PL.PZGIK.200</sln:miejscIIPPn><sln:miejscIIPWersja>2016-11-24T11:25:37+02:00</sln:miejscIIPWersja><sln:miejscIdTeryt>0585880</sln:miejscIdTeryt><sln:miejscNazwa>Kątnik</sln:miejscNazwa><sln:miejscRodzaj>Osada leśna</sln:miejscRodzaj><sln:powIIPId>f5c4ac99-7db7-4d8d-a453-e88e9942fbad</sln:powIIPId><sln:powIIPPn>PL.PZGIK.200</sln:powIIPPn><sln:powIIPWersja>2012-09-27T08:59:03+02:00</sln:powIIPWersja><sln:powIdTeryt>3021</sln:powIdTeryt><sln:powNazwa>poznański</sln:powNazwa><sln:waznyOd>2014-04-14T00:00:00+02:00</sln:waznyOd><sln:wojIIPId>c606b01a-76c8-480d-9470-f24ca0d7a613</sln:wojIIPId><sln:wojIIPPn>PL.PZGIK.200</sln:wojIIPPn><sln:wojIIPWersja>2016-05-05T18:20:48+02:00</sln:wojIIPWersja><sln:wojIdTeryt>30</sln:wojIdTeryt><sln:wojNazwa>wielkopolskie</sln:wojNazwa></sln:miejscowosc><sln:miejscowosc><sln:cyklZyciaDo>2017-03-29T00:00:00+02:00</sln:cyklZyciaDo><sln:cyklZyciaOd>2015-10-23T00:00:00+02:00</sln:cyklZyciaOd><sln:gmIIPId>63fa067c-c1a9-4e85-9645-a26065ab9359</sln:gmIIPId><sln:gmIIPPn>PL.PZGIK.200</sln:gmIIPPn><sln:gmIIPWersja>2012-09-26T22:23:02+02:00</sln:gmIIPWersja><sln:gmIdTeryt>3021072</sln:gmIdTeryt><sln:gmNazwa>Komorniki</sln:gmNazwa><sln:miejscIIPId>878669dc-0fe4-4d79-a251-c615b58c1d9f</sln:miejscIIPId><sln:miejscIIPPn>PL.PZGIK.200</sln:miejscIIPPn><sln:miejscIIPWersja>2016-11-24T11:25:37+02:00</sln:miejscIIPWersja><sln:miejscIdTeryt>0585868</sln:miejscIdTeryt><sln:miejscNazwa>Komorniki</sln:miejscNazwa><sln:miejscRodzaj>Wieś</sln:miejscRodzaj><sln:powIIPId>f5c4ac99-7db7-4d8d-a453-e88e9942fbad</sln:powIIPId><sln:powIIPPn>PL.PZGIK.200</sln:powIIPPn><sln:powIIPWersja>2012-09-27T08:59:03+02:00</sln:powIIPWersja><sln:powIdTeryt>3021</sln:powIdTeryt><sln:powNazwa>poznański</sln:powNazwa><sln:waznyOd>2014-04-14T00:00:00+02:00</sln:waznyOd><sln:wojIIPId>c606b01a-76c8-480d-9470-f24ca0d7a613</sln:wojIIPId><sln:wojIIPPn>PL.PZGIK.200</sln:wojIIPPn><sln:wojIIPWersja>2016-05-05T18:20:48+02:00</sln:wojIIPWersja><sln:wojIdTeryt>30</sln:wojIdTeryt><sln:wojNazwa>wielkopolskie</sln:wojNazwa></sln:miejscowosc><sln:miejscowosc><sln:cyklZyciaDo>2017-03-29T00:00:00+02:00</sln:cyklZyciaDo><sln:cyklZyciaOd>2015-10-23T00:00:00+02:00</sln:cyklZyciaOd><sln:gmIIPId>63fa067c-c1a9-4e85-9645-a26065ab9359</sln:gmIIPId><sln:gmIIPPn>PL.PZGIK.200</sln:gmIIPPn><sln:gmIIPWersja>2012-09-26T22:23:02+02:00</sln:gmIIPWersja><sln:gmIdTeryt>3021072</sln:gmIdTeryt><sln:gmNazwa>Komorniki</sln:gmNazwa><sln:miejscIIPId>44ac4085-4bb9-4582-b14b-47a06f3eac11</sln:miejscIIPId><sln:miejscIIPPn>PL.PZGIK.200</sln:miejscIIPPn><sln:miejscIIPWersja>2016-11-24T11:25:37+02:00</sln:miejscIIPWersja><sln:miejscIdTeryt>0585874</sln:miejscIdTeryt><sln:miejscNazwa>Łęczyca</sln:miejscNazwa><sln:miejscRodzaj>Wieś</sln:miejscRodzaj><sln:powIIPId>f5c4ac99-7db7-4d8d-a453-e88e9942fbad</sln:powIIPId><sln:powIIPPn>PL.PZGIK.200</sln:powIIPPn><sln:powIIPWersja>2012-09-27T08:59:03+02:00</sln:powIIPWersja><sln:powIdTeryt>3021</sln:powIdTeryt><sln:powNazwa>poznański</sln:powNazwa><sln:waznyOd>2014-04-14T00:00:00+02:00</sln:waznyOd><sln:wojIIPId>c606b01a-76c8-480d-9470-f24ca0d7a613</sln:wojIIPId><sln:wojIIPPn>PL.PZGIK.200</sln:wojIIPPn><sln:wojIIPWersja>2016-05-05T18:20:48+02:00</sln:wojIIPWersja><sln:wojIdTeryt>30</sln:wojIdTeryt><sln:wojNazwa>wielkopolskie</sln:wojNazwa></sln:miejscowosc><sln:miejscowosc><sln:cyklZyciaDo>2017-03-29T00:00:00+02:00</sln:cyklZyciaDo><sln:cyklZyciaOd>2015-10-23T00:00:00+02:00</sln:cyklZyciaOd><sln:gmIIPId>63fa067c-c1a9-4e85-9645-a26065ab9359</sln:gmIIPId><sln:gmIIPPn>PL.PZGIK.200</sln:gmIIPPn><sln:gmIIPWersja>2012-09-26T22:23:02+02:00</sln:gmIIPWersja><sln:gmIdTeryt>3021072</sln:gmIdTeryt><sln:gmNazwa>Komorniki</sln:gmNazwa><sln:miejscIIPId>c6b5c322-619c-493c-a97f-545e20547ea3</sln:miejscIIPId><sln:miejscIIPPn>PL.PZGIK.200</sln:miejscIIPPn><sln:miejscIIPWersja>2016-11-24T11:25:37+02:00</sln:miejscIIPWersja><sln:miejscIdTeryt>0585897</sln:miejscIdTeryt><sln:miejscNazwa>Plewiska</sln:miejscNazwa><sln:miejscRodzaj>Wieś</sln:miejscRodzaj><sln:powIIPId>f5c4ac99-7db7-4d8d-a453-e88e9942fbad</sln:powIIPId><sln:powIIPPn>PL.PZGIK.200</sln:powIIPPn><sln:powIIPWersja>2012-09-27T08:59:03+02:00</sln:powIIPWersja><sln:powIdTeryt>3021</sln:powIdTeryt><sln:powNazwa>poznański</sln:powNazwa><sln:waznyOd>2014-04-14T00:00:00+02:00</sln:waznyOd><sln:wojIIPId>c606b01a-76c8-480d-9470-f24ca0d7a613</sln:wojIIPId><sln:wojIIPPn>PL.PZGIK.200</sln:wojIIPPn><sln:wojIIPWersja>2016-05-05T18:20:48+02:00</sln:wojIIPWersja><sln:wojIdTeryt>30</sln:wojIdTeryt><sln:wojNazwa>wielkopolskie</sln:wojNazwa></sln:miejscowosc><sln:miejscowosc><sln:cyklZyciaDo>2017-03-29T00:00:00+02:00</sln:cyklZyciaDo><sln:cyklZyciaOd>2015-10-23T00:00:00+02:00</sln:cyklZyciaOd><sln:gmIIPId>63fa067c-c1a9-4e85-9645-a26065ab9359</sln:gmIIPId><sln:gmIIPPn>PL.PZGIK.200</sln:gmIIPPn><sln:gmIIPWersja>2012-09-26T22:23:02+02:00</sln:gmIIPWersja><sln:gmIdTeryt>3021072</sln:gmIdTeryt><sln:gmNazwa>Komorniki</sln:gmNazwa><sln:miejscIIPId>78dfa122-0c67-4a3a-8541-b88a8ff6ea0a</sln:miejscIIPId><sln:miejscIIPPn>PL.PZGIK.200</sln:miejscIIPPn><sln:miejscIIPWersja>2016-11-24T11:25:37+02:00</sln:miejscIIPWersja><sln:miejscIdTeryt>0585905</sln:miejscIdTeryt><sln:miejscNazwa>Rosnowo</sln:miejscNazwa><sln:miejscRodzaj>Wieś</sln:miejscRodzaj><sln:powIIPId>f5c4ac99-7db7-4d8d-a453-e88e9942fbad</sln:powIIPId><sln:powIIPPn>PL.PZGIK.200</sln:powIIPPn><sln:powIIPWersja>2012-09-27T08:59:03+02:00</sln:powIIPWersja><sln:powIdTeryt>3021</sln:powIdTeryt><sln:powNazwa>poznański</sln:powNazwa><sln:waznyOd>2014-04-14T00:00:00+02:00</sln:waznyOd><sln:wojIIPId>c606b01a-76c8-480d-9470-f24ca0d7a613</sln:wojIIPId><sln:wojIIPPn>PL.PZGIK.200</sln:wojIIPPn><sln:wojIIPWersja>2016-05-05T18:20:48+02:00</sln:wojIIPWersja><sln:wojIdTeryt>30</sln:wojIdTeryt><sln:wojNazwa>wielkopolskie</sln:wojNazwa></sln:miejscowosc><sln:miejscowosc><sln:cyklZyciaDo>2017-03-29T00:00:00+02:00</sln:cyklZyciaDo><sln:cyklZyciaOd>2015-10-23T00:00:00+02:00</sln:cyklZyciaOd><sln:gmIIPId>63fa067c-c1a9-4e85-9645-a26065ab9359</sln:gmIIPId><sln:gmIIPPn>PL.PZGIK.200</sln:gmIIPPn><sln:gmIIPWersja>2012-09-26T22:23:02+02:00</sln:gmIIPWersja><sln:gmIdTeryt>3021072</sln:gmIdTeryt><sln:gmNazwa>Komorniki</sln:gmNazwa><sln:miejscIIPId>f69efcb0-3839-4dcc-ba08-bd56893a07b5</sln:miejscIIPId><sln:miejscIIPPn>PL.PZGIK.200</sln:miejscIIPPn><sln:miejscIIPWersja>2016-11-24T11:25:37+02:00</sln:miejscIIPWersja><sln:miejscIdTeryt>0585911</sln:miejscIdTeryt><sln:miejscNazwa>Rosnówko</sln:miejscNazwa><sln:miejscRodzaj>Wieś</sln:miejscRodzaj><sln:powIIPId>f5c4ac99-7db7-4d8d-a453-e88e9942fbad</sln:powIIPId><sln:powIIPPn>PL.PZGIK.200</sln:powIIPPn><sln:powIIPWersja>2012-09-27T08:59:03+02:00</sln:powIIPWersja><sln:powIdTeryt>3021</sln:powIdTeryt><sln:powNazwa>poznański</sln:powNazwa><sln:waznyOd>2014-04-14T00:00:00+02:00</sln:waznyOd><sln:wojIIPId>c606b01a-76c8-480d-9470-f24ca0d7a613</sln:wojIIPId><sln:wojIIPPn>PL.PZGIK.200</sln:wojIIPPn><sln:wojIIPWersja>2016-05-05T18:20:48+02:00</sln:wojIIPWersja><sln:wojIdTeryt>30</sln:wojIdTeryt><sln:wojNazwa>wielkopolskie</sln:wojNazwa></sln:miejscowosc><sln:miejscowosc><sln:cyklZyciaDo>2017-03-29T00:00:00+02:00</sln:cyklZyciaDo><sln:cyklZyciaOd>2015-10-23T00:00:00+02:00</sln:cyklZyciaOd><sln:gmIIPId>63fa067c-c1a9-4e85-9645-a26065ab9359</sln:gmIIPId><sln:gmIIPPn>PL.PZGIK.200</sln:gmIIPPn><sln:gmIIPWersja>2012-09-26T22:23:02+02:00</sln:gmIIPWersja><sln:gmIdTeryt>3021072</sln:gmIdTeryt><sln:gmNazwa>Komorniki</sln:gmNazwa><sln:miejscIIPId>bcf6d737-be54-44e9-8ac0-90d251d7e4ac</sln:miejscIIPId><sln:miejscIIPPn>PL.PZGIK.200</sln:miejscIIPPn><sln:miejscIIPWersja>2016-11-24T11:25:37+02:00</sln:miejscIIPWersja><sln:miejscIdTeryt>0585940</sln:miejscIdTeryt><sln:miejscNazwa>Szreniawa</sln:miejscNazwa><sln:miejscRodzaj>Wieś</sln:miejscRodzaj><sln:powIIPId>f5c4ac99-7db7-4d8d-a453-e88e9942fbad</sln:powIIPId><sln:powIIPPn>PL.PZGIK.200</sln:powIIPPn><sln:powIIPWersja>2012-09-27T08:59:03+02:00</sln:powIIPWersja><sln:powIdTeryt>3021</sln:powIdTeryt><sln:powNazwa>poznański</sln:powNazwa><sln:waznyOd>2014-04-14T00:00:00+02:00</sln:waznyOd><sln:wojIIPId>c606b01a-76c8-480d-9470-f24ca0d7a613</sln:wojIIPId><sln:wojIIPPn>PL.PZGIK.200</sln:wojIIPPn><sln:wojIIPWersja>2016-05-05T18:20:48+02:00</sln:wojIIPWersja><sln:wojIdTeryt>30</sln:wojIdTeryt><sln:wojNazwa>wielkopolskie</sln:wojNazwa></sln:miejscowosc><sln:miejscowosc><sln:cyklZyciaDo>2017-03-29T00:00:00+02:00</sln:cyklZyciaDo><sln:cyklZyciaOd>2015-10-23T00:00:00+02:00</sln:cyklZyciaOd><sln:gmIIPId>63fa067c-c1a9-4e85-9645-a26065ab9359</sln:gmIIPId><sln:gmIIPPn>PL.PZGIK.200</sln:gmIIPPn><sln:gmIIPWersja>2012-09-26T22:23:02+02:00</sln:gmIIPWersja><sln:gmIdTeryt>3021072</sln:gmIdTeryt><sln:gmNazwa>Komorniki</sln:gmNazwa><sln:miejscIIPId>eddc9783-ba9f-4b0a-981f-9fe9ef88c222</sln:miejscIIPId><sln:miejscIIPPn>PL.PZGIK.200</sln:miejscIIPPn><sln:miejscIIPWersja>2016-11-24T11:25:37+02:00</sln:miejscIIPWersja><sln:miejscIdTeryt>0585934</sln:miejscIdTeryt><sln:miejscNazwa>Walerianowo</sln:miejscNazwa><sln:miejscRodzaj>Wieś</sln:miejscRodzaj><sln:powIIPId>f5c4ac99-7db7-4d8d-a453-e88e9942fbad</sln:powIIPId><sln:powIIPPn>PL.PZGIK.200</sln:powIIPPn><sln:powIIPWersja>2012-09-27T08:59:03+02:00</sln:powIIPWersja><sln:powIdTeryt>3021</sln:powIdTeryt><sln:powNazwa>poznański</sln:powNazwa><sln:waznyOd>2014-04-14T00:00:00+02:00</sln:waznyOd><sln:wojIIPId>c606b01a-76c8-480d-9470-f24ca0d7a613</sln:wojIIPId><sln:wojIIPPn>PL.PZGIK.200</sln:wojIIPPn><sln:wojIIPWersja>2016-05-05T18:20:48+02:00</sln:wojIIPWersja><sln:wojIdTeryt>30</sln:wojIdTeryt><sln:wojNazwa>wielkopolskie</sln:wojNazwa></sln:miejscowosc><sln:miejscowosc><sln:cyklZyciaDo>2017-03-29T00:00:00+02:00</sln:cyklZyciaDo><sln:cyklZyciaOd>2015-10-23T00:00:00+02:00</sln:cyklZyciaOd><sln:gmIIPId>63fa067c-c1a9-4e85-9645-a26065ab9359</sln:gmIIPId><sln:gmIIPPn>PL.PZGIK.200</sln:gmIIPPn><sln:gmIIPWersja>2012-09-26T22:23:02+02:00</sln:gmIIPWersja><sln:gmIdTeryt>3021072</sln:gmIdTeryt><sln:gmNazwa>Komorniki</sln:gmNazwa><sln:miejscIIPId>6228a2ab-1615-4cf1-b41e-9a124f23e2da</sln:miejscIIPId><sln:miejscIIPPn>PL.PZGIK.200</sln:miejscIIPPn><sln:miejscIIPWersja>2016-11-24T11:25:37+02:00</sln:miejscIIPWersja><sln:miejscIdTeryt>0585957</sln:miejscIdTeryt><sln:miejscNazwa>Wiry</sln:miejscNazwa><sln:miejscRodzaj>Wieś</sln:miejscRodzaj><sln:powIIPId>f5c4ac99-7db7-4d8d-a453-e88e9942fbad</sln:powIIPId><sln:powIIPPn>PL.PZGIK.200</sln:powIIPPn><sln:powIIPWersja>2012-09-27T08:59:03+02:00</sln:powIIPWersja><sln:powIdTeryt>3021</sln:powIdTeryt><sln:powNazwa>poznański</sln:powNazwa><sln:waznyOd>2014-04-14T00:00:00+02:00</sln:waznyOd><sln:wojIIPId>c606b01a-76c8-480d-9470-f24ca0d7a613</sln:wojIIPId><sln:wojIIPPn>PL.PZGIK.200</sln:wojIIPPn><sln:wojIIPWersja>2016-05-05T18:20:48+02:00</sln:wojIIPWersja><sln:wojIdTeryt>30</sln:wojIdTeryt><sln:wojNazwa>wielkopolskie</sln:wojNazwa></sln:miejscowosc><sln:miejscowosc><sln:cyklZyciaDo>2017-03-29T00:00:00+02:00</sln:cyklZyciaDo><sln:cyklZyciaOd>2015-10-23T00:00:00+02:00</sln:cyklZyciaOd><sln:gmIIPId>63fa067c-c1a9-4e85-9645-a26065ab9359</sln:gmIIPId><sln:gmIIPPn>PL.PZGIK.200</sln:gmIIPPn><sln:gmIIPWersja>2012-09-26T22:23:02+02:00</sln:gmIIPWersja><sln:gmIdTeryt>3021072</sln:gmIdTeryt><sln:gmNazwa>Komorniki</sln:gmNazwa><sln:miejscIIPId>b436ad62-cbd0-418e-bd53-9c137e0f80e5</sln:miejscIIPId><sln:miejscIIPPn>PL.PZGIK.200</sln:miejscIIPPn><sln:miejscIIPWersja>2016-11-24T11:25:37+02:00</sln:miejscIIPWersja><sln:miejscIdTeryt>0585963</sln:miejscIdTeryt><sln:miejscNazwa>Wiry (osada leśna)</sln:miejscNazwa><sln:miejscRodzaj>Osada leśna</sln:miejscRodzaj><sln:powIIPId>f5c4ac99-7db7-4d8d-a453-e88e9942fbad</sln:powIIPId><sln:powIIPPn>PL.PZGIK.200</sln:powIIPPn><sln:powIIPWersja>2012-09-27T08:59:03+02:00</sln:powIIPWersja><sln:powIdTeryt>3021</sln:powIdTeryt><sln:powNazwa>poznański</sln:powNazwa><sln:waznyOd>2015-10-23T00:00:00+02:00</sln:waznyOd><sln:wojIIPId>c606b01a-76c8-480d-9470-f24ca0d7a613</sln:wojIIPId><sln:wojIIPPn>PL.PZGIK.200</sln:wojIIPPn><sln:wojIIPWersja>2016-05-05T18:20:48+02:00</sln:wojIIPWersja><sln:wojIdTeryt>30</sln:wojIdTeryt><sln:wojNazwa>wielkopolskie</sln:wojNazwa></sln:miejscowosc><sln:miejscowosc><sln:cyklZyciaDo>2017-03-29T00:00:00+02:00</sln:cyklZyciaDo><sln:cyklZyciaOd>2015-10-23T00:00:00+02:00</sln:cyklZyciaOd><sln:gmIIPId>63fa067c-c1a9-4e85-9645-a26065ab9359</sln:gmIIPId><sln:gmIIPPn>PL.PZGIK.200</sln:gmIIPPn><sln:gmIIPWersja>2012-09-26T22:23:02+02:00</sln:gmIIPWersja><sln:gmIdTeryt>3021072</sln:gmIdTeryt><sln:gmNazwa>Komorniki</sln:gmNazwa><sln:miejscIIPId>dd657546-f1c1-40e4-8fe8-ec4b31d9b083</sln:miejscIIPId><sln:miejscIIPPn>PL.PZGIK.200</sln:miejscIIPPn><sln:miejscIIPWersja>2016-11-24T11:25:37+02:00</sln:miejscIIPWersja><sln:miejscIdTeryt>0585845</sln:miejscIdTeryt><sln:miejscNazwa>Wypalanki</sln:miejscNazwa><sln:miejscRodzaj>Osada leśna</sln:miejscRodzaj><sln:powIIPId>f5c4ac99-7db7-4d8d-a453-e88e9942fbad</sln:powIIPId><sln:powIIPPn>PL.PZGIK.200</sln:powIIPPn><sln:powIIPWersja>2012-09-27T08:59:03+02:00</sln:powIIPWersja><sln:powIdTeryt>3021</sln:powIdTeryt><sln:powNazwa>poznański</sln:powNazwa><sln:waznyOd>2014-04-14T00:00:00+02:00</sln:waznyOd><sln:wojIIPId>c606b01a-76c8-480d-9470-f24ca0d7a613</sln:wojIIPId><sln:wojIIPPn>PL.PZGIK.200</sln:wojIIPPn><sln:wojIIPWersja>2016-05-05T18:20:48+02:00</sln:wojIIPWersja><sln:wojIdTeryt>30</sln:wojIdTeryt><sln:wojNazwa>wielkopolskie</sln:wojNazwa></sln:miejscowosc><sln:miejscowosc><sln:cyklZyciaOd>2017-03-29T00:00:00+02:00</sln:cyklZyciaOd><sln:gmIIPId>63fa067c-c1a9-4e85-9645-a26065ab9359</sln:gmIIPId><sln:gmIIPPn>PL.PZGIK.200</sln:gmIIPPn><sln:gmIIPWersja>2012-09-26T22:23:02+02:00</sln:gmIIPWersja><sln:gmIdTeryt>3021072</sln:gmIdTeryt><sln:gmNazwa>Komorniki</sln:gmNazwa><sln:miejscIIPId>6f775076-64ec-43e5-8d6c-cd44ad98482e</sln:miejscIIPId><sln:miejscIIPPn>PL.PZGIK.200</sln:miejscIIPPn><sln:miejscIIPWersja>2017-03-29T15:04:15+02:00</sln:miejscIIPWersja><sln:miejscIdTeryt>0585839</sln:miejscIdTeryt><sln:miejscNazwa>Chomęcice</sln:miejscNazwa><sln:miejscRodzaj>Wieś</sln:miejscRodzaj><sln:powIIPId>f5c4ac99-7db7-4d8d-a453-e88e9942fbad</sln:powIIPId><sln:powIIPPn>PL.PZGIK.200</sln:powIIPPn><sln:powIIPWersja>2012-09-27T08:59:03+02:00</sln:powIIPWersja><sln:powIdTeryt>3021</sln:powIdTeryt><sln:powNazwa>poznański</sln:powNazwa><sln:waznyOd>2014-04-14T00:00:00+02:00</sln:waznyOd><sln:wojIIPId>c606b01a-76c8-480d-9470-f24ca0d7a613</sln:wojIIPId><sln:wojIIPPn>PL.PZGIK.200</sln:wojIIPPn><sln:wojIIPWersja>2016-05-05T18:20:48+02:00</sln:wojIIPWersja><sln:wojIdTeryt>30</sln:wojIdTeryt><sln:wojNazwa>wielkopolskie</sln:wojNazwa></sln:miejscowosc><sln:miejscowosc><sln:cyklZyciaOd>2017-03-29T00:00:00+02:00</sln:cyklZyciaOd><sln:gmIIPId>63fa067c-c1a9-4e85-9645-a26065ab9359</sln:gmIIPId><sln:gmIIPPn>PL.PZGIK.200</sln:gmIIPPn><sln:gmIIPWersja>2012-09-26T22:23:02+02:00</sln:gmIIPWersja><sln:gmIdTeryt>3021072</sln:gmIdTeryt><sln:gmNazwa>Komorniki</sln:gmNazwa><sln:miejscIIPId>a048a4f6-a1dc-40e5-850d-f5d8db43573f</sln:miejscIIPId><sln:miejscIIPPn>PL.PZGIK.200</sln:miejscIIPPn><sln:miejscIIPWersja>2017-03-29T15:04:21+02:00</sln:miejscIIPWersja><sln:miejscIdTeryt>0585851</sln:miejscIdTeryt><sln:miejscNazwa>Głuchowo</sln:miejscNazwa><sln:miejscRodzaj>Wieś</sln:miejscRodzaj><sln:powIIPId>f5c4ac99-7db7-4d8d-a453-e88e9942fbad</sln:powIIPId><sln:powIIPPn>PL.PZGIK.200</sln:powIIPPn><sln:powIIPWersja>2012-09-27T08:59:03+02:00</sln:powIIPWersja><sln:powIdTeryt>3021</sln:powIdTeryt><sln:powNazwa>poznański</sln:powNazwa><sln:waznyOd>2014-04-14T00:00:00+02:00</sln:waznyOd><sln:wojIIPId>c606b01a-76c8-480d-9470-f24ca0d7a613</sln:wojIIPId><sln:wojIIPPn>PL.PZGIK.200</sln:wojIIPPn><sln:wojIIPWersja>2016-05-05T18:20:48+02:00</sln:wojIIPWersja><sln:wojIdTeryt>30</sln:wojIdTeryt><sln:wojNazwa>wielkopolskie</sln:wojNazwa></sln:miejscowosc><sln:miejscowosc><sln:cyklZyciaOd>2017-03-29T00:00:00+02:00</sln:cyklZyciaOd><sln:gmIIPId>63fa067c-c1a9-4e85-9645-a26065ab9359</sln:gmIIPId><sln:gmIIPPn>PL.PZGIK.200</sln:gmIIPPn><sln:gmIIPWersja>2012-09-26T22:23:02+02:00</sln:gmIIPWersja><sln:gmIdTeryt>3021072</sln:gmIdTeryt><sln:gmNazwa>Komorniki</sln:gmNazwa><sln:miejscIIPId>878669dc-0fe4-4d79-a251-c615b58c1d9f</sln:miejscIIPId><sln:miejscIIPPn>PL.PZGIK.200</sln:miejscIIPPn><sln:miejscIIPWersja>2017-03-29T15:04:22+02:00</sln:miejscIIPWersja><sln:miejscIdTeryt>0585868</sln:miejscIdTeryt><sln:miejscNazwa>Komorniki</sln:miejscNazwa><sln:miejscRodzaj>Wieś</sln:miejscRodzaj><sln:powIIPId>f5c4ac99-7db7-4d8d-a453-e88e9942fbad</sln:powIIPId><sln:powIIPPn>PL.PZGIK.200</sln:powIIPPn><sln:powIIPWersja>2012-09-27T08:59:03+02:00</sln:powIIPWersja><sln:powIdTeryt>3021</sln:powIdTeryt><sln:powNazwa>poznański</sln:powNazwa><sln:waznyOd>2014-04-14T00:00:00+02:00</sln:waznyOd><sln:wojIIPId>c606b01a-76c8-480d-9470-f24ca0d7a613</sln:wojIIPId><sln:wojIIPPn>PL.PZGIK.200</sln:wojIIPPn><sln:wojIIPWersja>2016-05-05T18:20:48+02:00</sln:wojIIPWersja><sln:wojIdTeryt>30</sln:wojIdTeryt><sln:wojNazwa>wielkopolskie</sln:wojNazwa></sln:miejscowosc><sln:miejscowosc><sln:cyklZyciaOd>2017-03-29T00:00:00+02:00</sln:cyklZyciaOd><sln:gmIIPId>63fa067c-c1a9-4e85-9645-a26065ab9359</sln:gmIIPId><sln:gmIIPPn>PL.PZGIK.200</sln:gmIIPPn><sln:gmIIPWersja>2012-09-26T22:23:02+02:00</sln:gmIIPWersja><sln:gmIdTeryt>3021072</sln:gmIdTeryt><sln:gmNazwa>Komorniki</sln:gmNazwa><sln:miejscIIPId>44ac4085-4bb9-4582-b14b-47a06f3eac11</sln:miejscIIPId><sln:miejscIIPPn>PL.PZGIK.200</sln:miejscIIPPn><sln:miejscIIPWersja>2017-03-29T15:04:22+02:00</sln:miejscIIPWersja><sln:miejscIdTeryt>0585874</sln:miejscIdTeryt><sln:miejscNazwa>Łęczyca</sln:miejscNazwa><sln:miejscRodzaj>Wieś</sln:miejscRodzaj><sln:powIIPId>f5c4ac99-7db7-4d8d-a453-e88e9942fbad</sln:powIIPId><sln:powIIPPn>PL.PZGIK.200</sln:powIIPPn><sln:powIIPWersja>2012-09-27T08:59:03+02:00</sln:powIIPWersja><sln:powIdTeryt>3021</sln:powIdTeryt><sln:powNazwa>poznański</sln:powNazwa><sln:waznyOd>2014-04-14T00:00:00+02:00</sln:waznyOd><sln:wojIIPId>c606b01a-76c8-480d-9470-f24ca0d7a613</sln:wojIIPId><sln:wojIIPPn>PL.PZGIK.200</sln:wojIIPPn><sln:wojIIPWersja>2016-05-05T18:20:48+02:00</sln:wojIIPWersja><sln:wojIdTeryt>30</sln:wojIdTeryt><sln:wojNazwa>wielkopolskie</sln:wojNazwa></sln:miejscowosc><sln:miejscowosc><sln:cyklZyciaOd>2017-03-29T00:00:00+02:00</sln:cyklZyciaOd><sln:gmIIPId>63fa067c-c1a9-4e85-9645-a26065ab9359</sln:gmIIPId><sln:gmIIPPn>PL.PZGIK.200</sln:gmIIPPn><sln:gmIIPWersja>2012-09-26T22:23:02+02:00</sln:gmIIPWersja><sln:gmIdTeryt>3021072</sln:gmIdTeryt><sln:gmNazwa>Komorniki</sln:gmNazwa><sln:miejscIIPId>c7d9054b-96f6-4ea8-8618-a3a469554040</sln:miejscIIPId><sln:miejscIIPPn>PL.PZGIK.200</sln:miejscIIPPn><sln:miejscIIPWersja>2017-03-29T15:04:22+02:00</sln:miejscIIPWersja><sln:miejscIdTeryt>0585880</sln:miejscIdTeryt><sln:miejscNazwa>Kątnik</sln:miejscNazwa><sln:miejscRodzaj>Osada leśna</sln:miejscRodzaj><sln:powIIPId>f5c4ac99-7db7-4d8d-a453-e88e9942fbad</sln:powIIPId><sln:powIIPPn>PL.PZGIK.200</sln:powIIPPn><sln:powIIPWersja>2012-09-27T08:59:03+02:00</sln:powIIPWersja><sln:powIdTeryt>3021</sln:powIdTeryt><sln:powNazwa>poznański</sln:powNazwa><sln:waznyOd>2014-04-14T00:00:00+02:00</sln:waznyOd><sln:wojIIPId>c606b01a-76c8-480d-9470-f24ca0d7a613</sln:wojIIPId><sln:wojIIPPn>PL.PZGIK.200</sln:wojIIPPn><sln:wojIIPWersja>2016-05-05T18:20:48+02:00</sln:wojIIPWersja><sln:wojIdTeryt>30</sln:wojIdTeryt><sln:wojNazwa>wielkopolskie</sln:wojNazwa></sln:miejscowosc><sln:miejscowosc><sln:cyklZyciaOd>2017-03-29T00:00:00+02:00</sln:cyklZyciaOd><sln:gmIIPId>63fa067c-c1a9-4e85-9645-a26065ab9359</sln:gmIIPId><sln:gmIIPPn>PL.PZGIK.200</sln:gmIIPPn><sln:gmIIPWersja>2012-09-26T22:23:02+02:00</sln:gmIIPWersja><sln:gmIdTeryt>3021072</sln:gmIdTeryt><sln:gmNazwa>Komorniki</sln:gmNazwa><sln:miejscIIPId>c6b5c322-619c-493c-a97f-545e20547ea3</sln:miejscIIPId><sln:miejscIIPPn>PL.PZGIK.200</sln:miejscIIPPn><sln:miejscIIPWersja>2017-03-29T15:04:22+02:00</sln:miejscIIPWersja><sln:miejscIdTeryt>0585897</sln:miejscIdTeryt><sln:miejscNazwa>Plewiska</sln:miejscNazwa><sln:miejscRodzaj>Wieś</sln:miejscRodzaj><sln:powIIPId>f5c4ac99-7db7-4d8d-a453-e88e9942fbad</sln:powIIPId><sln:powIIPPn>PL.PZGIK.200</sln:powIIPPn><sln:powIIPWersja>2012-09-27T08:59:03+02:00</sln:powIIPWersja><sln:powIdTeryt>3021</sln:powIdTeryt><sln:powNazwa>poznański</sln:powNazwa><sln:waznyOd>2014-04-14T00:00:00+02:00</sln:waznyOd><sln:wojIIPId>c606b01a-76c8-480d-9470-f24ca0d7a613</sln:wojIIPId><sln:wojIIPPn>PL.PZGIK.200</sln:wojIIPPn><sln:wojIIPWersja>2016-05-05T18:20:48+02:00</sln:wojIIPWersja><sln:wojIdTeryt>30</sln:wojIdTeryt><sln:wojNazwa>wielkopolskie</sln:wojNazwa></sln:miejscowosc><sln:miejscowosc><sln:cyklZyciaOd>2017-03-29T00:00:00+02:00</sln:cyklZyciaOd><sln:gmIIPId>63fa067c-c1a9-4e85-9645-a26065ab9359</sln:gmIIPId><sln:gmIIPPn>PL.PZGIK.200</sln:gmIIPPn><sln:gmIIPWersja>2012-09-26T22:23:02+02:00</sln:gmIIPWersja><sln:gmIdTeryt>3021072</sln:gmIdTeryt><sln:gmNazwa>Komorniki</sln:gmNazwa><sln:miejscIIPId>78dfa122-0c67-4a3a-8541-b88a8ff6ea0a</sln:miejscIIPId><sln:miejscIIPPn>PL.PZGIK.200</sln:miejscIIPPn><sln:miejscIIPWersja>2017-03-29T15:04:22+02:00</sln:miejscIIPWersja><sln:miejscIdTeryt>0585905</sln:miejscIdTeryt><sln:miejscNazwa>Rosnowo</sln:miejscNazwa><sln:miejscRodzaj>Wieś</sln:miejscRodzaj><sln:powIIPId>f5c4ac99-7db7-4d8d-a453-e88e9942fbad</sln:powIIPId><sln:powIIPPn>PL.PZGIK.200</sln:powIIPPn><sln:powIIPWersja>2012-09-27T08:59:03+02:00</sln:powIIPWersja><sln:powIdTeryt>3021</sln:powIdTeryt><sln:powNazwa>poznański</sln:powNazwa><sln:waznyOd>2014-04-14T00:00:00+02:00</sln:waznyOd><sln:wojIIPId>c606b01a-76c8-480d-9470-f24ca0d7a613</sln:wojIIPId><sln:wojIIPPn>PL.PZGIK.200</sln:wojIIPPn><sln:wojIIPWersja>2016-05-05T18:20:48+02:00</sln:wojIIPWersja><sln:wojIdTeryt>30</sln:wojIdTeryt><sln:wojNazwa>wielkopolskie</sln:wojNazwa></sln:miejscowosc><sln:miejscowosc><sln:cyklZyciaOd>2017-03-29T00:00:00+02:00</sln:cyklZyciaOd><sln:gmIIPId>63fa067c-c1a9-4e85-9645-a26065ab9359</sln:gmIIPId><sln:gmIIPPn>PL.PZGIK.200</sln:gmIIPPn><sln:gmIIPWersja>2012-09-26T22:23:02+02:00</sln:gmIIPWersja><sln:gmIdTeryt>3021072</sln:gmIdTeryt><sln:gmNazwa>Komorniki</sln:gmNazwa><sln:miejscIIPId>f69efcb0-3839-4dcc-ba08-bd56893a07b5</sln:miejscIIPId><sln:miejscIIPPn>PL.PZGIK.200</sln:miejscIIPPn><sln:miejscIIPWersja>2017-03-29T15:04:22+02:00</sln:miejscIIPWersja><sln:miejscIdTeryt>0585911</sln:miejscIdTeryt><sln:miejscNazwa>Rosnówko</sln:miejscNazwa><sln:miejscRodzaj>Wieś</sln:miejscRodzaj><sln:powIIPId>f5c4ac99-7db7-4d8d-a453-e88e9942fbad</sln:powIIPId><sln:powIIPPn>PL.PZGIK.200</sln:powIIPPn><sln:powIIPWersja>2012-09-27T08:59:03+02:00</sln:powIIPWersja><sln:powIdTeryt>3021</sln:powIdTeryt><sln:powNazwa>poznański</sln:powNazwa><sln:waznyOd>2014-04-14T00:00:00+02:00</sln:waznyOd><sln:wojIIPId>c606b01a-76c8-480d-9470-f24ca0d7a613</sln:wojIIPId><sln:wojIIPPn>PL.PZGIK.200</sln:wojIIPPn><sln:wojIIPWersja>2016-05-05T18:20:48+02:00</sln:wojIIPWersja><sln:wojIdTeryt>30</sln:wojIdTeryt><sln:wojNazwa>wielkopolskie</sln:wojNazwa></sln:miejscowosc><sln:miejscowosc><sln:cyklZyciaOd>2017-03-29T00:00:00+02:00</sln:cyklZyciaOd><sln:gmIIPId>63fa067c-c1a9-4e85-9645-a26065ab9359</sln:gmIIPId><sln:gmIIPPn>PL.PZGIK.200</sln:gmIIPPn><sln:gmIIPWersja>2012-09-26T22:23:02+02:00</sln:gmIIPWersja><sln:gmIdTeryt>3021072</sln:gmIdTeryt><sln:gmNazwa>Komorniki</sln:gmNazwa><sln:miejscIIPId>3de7bce1-0ec6-42f8-b699-a13cd82ce4fa</sln:miejscIIPId><sln:miejscIIPPn>PL.PZGIK.200</sln:miejscIIPPn><sln:miejscIIPWersja>2017-03-29T15:04:22+02:00</sln:miejscIIPWersja><sln:miejscIdTeryt>0585928</sln:miejscIdTeryt><sln:miejscNazwa>Jarosławiec</sln:miejscNazwa><sln:miejscRodzaj>Osada</sln:miejscRodzaj><sln:powIIPId>f5c4ac99-7db7-4d8d-a453-e88e9942fbad</sln:powIIPId><sln:powIIPPn>PL.PZGIK.200</sln:powIIPPn><sln:powIIPWersja>2012-09-27T08:59:03+02:00</sln:powIIPWersja><sln:powIdTeryt>3021</sln:powIdTeryt><sln:powNazwa>poznański</sln:powNazwa><sln:waznyOd>2014-04-14T00:00:00+02:00</sln:waznyOd><sln:wojIIPId>c606b01a-76c8-480d-9470-f24ca0d7a613</sln:wojIIPId><sln:wojIIPPn>PL.PZGIK.200</sln:wojIIPPn><sln:wojIIPWersja>2016-05-05T18:20:48+02:00</sln:wojIIPWersja><sln:wojIdTeryt>30</sln:wojIdTeryt><sln:wojNazwa>wielkopolskie</sln:wojNazwa></sln:miejscowosc><sln:miejscowosc><sln:cyklZyciaOd>2017-03-29T00:00:00+02:00</sln:cyklZyciaOd><sln:gmIIPId>63fa067c-c1a9-4e85-9645-a26065ab9359</sln:gmIIPId><sln:gmIIPPn>PL.PZGIK.200</sln:gmIIPPn><sln:gmIIPWersja>2012-09-26T22:23:02+02:00</sln:gmIIPWersja><sln:gmIdTeryt>3021072</sln:gmIdTeryt><sln:gmNazwa>Komorniki</sln:gmNazwa><sln:miejscIIPId>eddc9783-ba9f-4b0a-981f-9fe9ef88c222</sln:miejscIIPId><sln:miejscIIPPn>PL.PZGIK.200</sln:miejscIIPPn><sln:miejscIIPWersja>2017-03-29T15:04:22+02:00</sln:miejscIIPWersja><sln:miejscIdTeryt>0585934</sln:miejscIdTeryt><sln:miejscNazwa>Walerianowo</sln:miejscNazwa><sln:miejscRodzaj>Wieś</sln:miejscRodzaj><sln:powIIPId>f5c4ac99-7db7-4d8d-a453-e88e9942fbad</sln:powIIPId><sln:powIIPPn>PL.PZGIK.200</sln:powIIPPn><sln:powIIPWersja>2012-09-27T08:59:03+02:00</sln:powIIPWersja><sln:powIdTeryt>3021</sln:powIdTeryt><sln:powNazwa>poznański</sln:powNazwa><sln:waznyOd>2014-04-14T00:00:00+02:00</sln:waznyOd><sln:wojIIPId>c606b01a-76c8-480d-9470-f24ca0d7a613</sln:wojIIPId><sln:wojIIPPn>PL.PZGIK.200</sln:wojIIPPn><sln:wojIIPWersja>2016-05-05T18:20:48+02:00</sln:wojIIPWersja><sln:wojIdTeryt>30</sln:wojIdTeryt><sln:wojNazwa>wielkopolskie</sln:wojNazwa></sln:miejscowosc><sln:miejscowosc><sln:cyklZyciaOd>2017-03-29T00:00:00+02:00</sln:cyklZyciaOd><sln:gmIIPId>63fa067c-c1a9-4e85-9645-a26065ab9359</sln:gmIIPId><sln:gmIIPPn>PL.PZGIK.200</sln:gmIIPPn><sln:gmIIPWersja>2012-09-26T22:23:02+02:00</sln:gmIIPWersja><sln:gmIdTeryt>3021072</sln:gmIdTeryt><sln:gmNazwa>Komorniki</sln:gmNazwa><sln:miejscIIPId>bcf6d737-be54-44e9-8ac0-90d251d7e4ac</sln:miejscIIPId><sln:miejscIIPPn>PL.PZGIK.200</sln:miejscIIPPn><sln:miejscIIPWersja>2017-03-29T15:04:22+02:00</sln:miejscIIPWersja><sln:miejscIdTeryt>0585940</sln:miejscIdTeryt><sln:miejscNazwa>Szreniawa</sln:miejscNazwa><sln:miejscRodzaj>Wieś</sln:miejscRodzaj><sln:powIIPId>f5c4ac99-7db7-4d8d-a453-e88e9942fbad</sln:powIIPId><sln:powIIPPn>PL.PZGIK.200</sln:powIIPPn><sln:powIIPWersja>2012-09-27T08:59:03+02:00</sln:powIIPWersja><sln:powIdTeryt>3021</sln:powIdTeryt><sln:powNazwa>poznański</sln:powNazwa><sln:waznyOd>2014-04-14T00:00:00+02:00</sln:waznyOd><sln:wojIIPId>c606b01a-76c8-480d-9470-f24ca0d7a613</sln:wojIIPId><sln:wojIIPPn>PL.PZGIK.200</sln:wojIIPPn><sln:wojIIPWersja>2016-05-05T18:20:48+02:00</sln:wojIIPWersja><sln:wojIdTeryt>30</sln:wojIdTeryt><sln:wojNazwa>wielkopolskie</sln:wojNazwa></sln:miejscowosc><sln:miejscowosc><sln:cyklZyciaOd>2017-03-29T00:00:00+02:00</sln:cyklZyciaOd><sln:gmIIPId>63fa067c-c1a9-4e85-9645-a26065ab9359</sln:gmIIPId><sln:gmIIPPn>PL.PZGIK.200</sln:gmIIPPn><sln:gmIIPWersja>2012-09-26T22:23:02+02:00</sln:gmIIPWersja><sln:gmIdTeryt>3021072</sln:gmIdTeryt><sln:gmNazwa>Komorniki</sln:gmNazwa><sln:miejscIIPId>6228a2ab-1615-4cf1-b41e-9a124f23e2da</sln:miejscIIPId><sln:miejscIIPPn>PL.PZGIK.200</sln:miejscIIPPn><sln:miejscIIPWersja>2017-03-29T15:04:22+02:00</sln:miejscIIPWersja><sln:miejscIdTeryt>0585957</sln:miejscIdTeryt><sln:miejscNazwa>Wiry</sln:miejscNazwa><sln:miejscRodzaj>Wieś</sln:miejscRodzaj><sln:powIIPId>f5c4ac99-7db7-4d8d-a453-e88e9942fbad</sln:powIIPId><sln:powIIPPn>PL.PZGIK.200</sln:powIIPPn><sln:powIIPWersja>2012-09-27T08:59:03+02:00</sln:powIIPWersja><sln:powIdTeryt>3021</sln:powIdTeryt><sln:powNazwa>poznański</sln:powNazwa><sln:waznyOd>2014-04-14T00:00:00+02:00</sln:waznyOd><sln:wojIIPId>c606b01a-76c8-480d-9470-f24ca0d7a613</sln:wojIIPId><sln:wojIIPPn>PL.PZGIK.200</sln:wojIIPPn><sln:wojIIPWersja>2016-05-05T18:20:48+02:00</sln:wojIIPWersja><sln:wojIdTeryt>30</sln:wojIdTeryt><sln:wojNazwa>wielkopolskie</sln:wojNazwa></sln:miejscowosc><sln:miejscowosc><sln:cyklZyciaOd>2017-03-29T00:00:00+02:00</sln:cyklZyciaOd><sln:gmIIPId>63fa067c-c1a9-4e85-9645-a26065ab9359</sln:gmIIPId><sln:gmIIPPn>PL.PZGIK.200</sln:gmIIPPn><sln:gmIIPWersja>2012-09-26T22:23:02+02:00</sln:gmIIPWersja><sln:gmIdTeryt>3021072</sln:gmIdTeryt><sln:gmNazwa>Komorniki</sln:gmNazwa><sln:miejscIIPId>b436ad62-cbd0-418e-bd53-9c137e0f80e5</sln:miejscIIPId><sln:miejscIIPPn>PL.PZGIK.200</sln:miejscIIPPn><sln:miejscIIPWersja>2017-03-29T15:04:22+02:00</sln:miejscIIPWersja><sln:miejscIdTeryt>0585963</sln:miejscIdTeryt><sln:miejscNazwa>Wiry (osada leśna)</sln:miejscNazwa><sln:miejscRodzaj>Osada leśna</sln:miejscRodzaj><sln:powIIPId>f5c4ac99-7db7-4d8d-a453-e88e9942fbad</sln:powIIPId><sln:powIIPPn>PL.PZGIK.200</sln:powIIPPn><sln:powIIPWersja>2012-09-27T08:59:03+02:00</sln:powIIPWersja><sln:powIdTeryt>3021</sln:powIdTeryt><sln:powNazwa>poznański</sln:powNazwa><sln:waznyOd>2015-10-23T00:00:00+02:00</sln:waznyOd><sln:wojIIPId>c606b01a-76c8-480d-9470-f24ca0d7a613</sln:wojIIPId><sln:wojIIPPn>PL.PZGIK.200</sln:wojIIPPn><sln:wojIIPWersja>2016-05-05T18:20:48+02:00</sln:wojIIPWersja><sln:wojIdTeryt>30</sln:wojIdTeryt><sln:wojNazwa>wielkopolskie</sln:wojNazwa></sln:miejscowosc></sln:lista-miejscowosci>