<?xml version="1.0" encoding="UTF-8" standalone="yes"?><sln:lista-miejscowosci xmlns:srv="http://gugik.gov.pl/schemas/slowniki-service/1.0" xmlns:sln="http://gugik.gov.pl/schemas/slowniki-schema/1.0"><sln:miejscowosc><sln:cyklZyciaDo>2017-03-28T00:00:00+02:00</sln:cyklZyciaDo><sln:cyklZyciaOd>2016-02-01T00:00:00+01:00</sln:cyklZyciaOd><sln:gmIIPId>a684abfe-90d3-4e5e-9c41-b9362cf6076b</sln:gmIIPId><sln:gmIIPPn>PL.PZGIK.200</sln:gmIIPPn><sln:gmIIPWersja>2012-09-26T22:22:23+02:00</sln:gmIIPWersja><sln:gmIdTeryt>3001032</sln:gmIdTeryt><sln:gmNazwa>Chodzież</sln:gmNazwa><sln:miejscIIPId>20bb246e-2a3f-42ad-b76a-301cc83b7e66</sln:miejscIIPId><sln:miejscIIPPn>PL.PZGIK.200</sln:miejscIIPPn><sln:miejscIIPWersja>2016-11-24T11:02:38+02:00</sln:miejscIIPWersja><sln:miejscIdTeryt>0524648</sln:miejscIdTeryt><sln:miejscNazwa>Cisze</sln:miejscNazwa><sln:miejscRodzaj>Przysiółek</sln:miejscRodzaj><sln:powIIPId>9412ef04-6c6b-448a-9f10-c15e17808f12</sln:powIIPId><sln:powIIPPn>PL.PZGIK.200</sln:powIIPPn><sln:powIIPWersja>2012-09-27T08:59:03+02:00</sln:powIIPWersja><sln:powIdTeryt>3001</sln:powIdTeryt><sln:powNazwa>chodzieski</sln:powNazwa><sln:waznyOd>2012-10-24T00:00:00+02:00</sln:waznyOd><sln:wojIIPId>c606b01a-76c8-480d-9470-f24ca0d7a613</sln:wojIIPId><sln:wojIIPPn>PL.PZGIK.200</sln:wojIIPPn><sln:wojIIPWersja>2016-05-05T18:20:48+02:00</sln:wojIIPWersja><sln:wojIdTeryt>30</sln:wojIdTeryt><sln:wojNazwa>wielkopolskie</sln:wojNazwa></sln:miejscowosc><sln:miejscowosc><sln:cyklZyciaDo>2017-03-28T00:00:00+02:00</sln:cyklZyciaDo><sln:cyklZyciaOd>2016-02-01T00:00:00+01:00</sln:cyklZyciaOd><sln:gmIIPId>a684abfe-90d3-4e5e-9c41-b9362cf6076b</sln:gmIIPId><sln:gmIIPPn>PL.PZGIK.200</sln:gmIIPPn><sln:gmIIPWersja>2012-09-26T22:22:23+02:00</sln:gmIIPWersja><sln:gmIdTeryt>3001032</sln:gmIdTeryt><sln:gmNazwa>Chodzież</sln:gmNazwa><sln:miejscIIPId>3d4ec107-6c43-41e2-a83c-d09f1da68fee</sln:miejscIIPId><sln:miejscIIPPn>PL.PZGIK.200</sln:miejscIIPPn><sln:miejscIIPWersja>2016-11-24T11:02:38+02:00</sln:miejscIIPWersja><sln:miejscIdTeryt>0524602</sln:miejscIdTeryt><sln:miejscNazwa>Ciszewo</sln:miejscNazwa><sln:miejscRodzaj>Inny obiekt</sln:miejscRodzaj><sln:powIIPId>9412ef04-6c6b-448a-9f10-c15e17808f12</sln:powIIPId><sln:powIIPPn>PL.PZGIK.200</sln:powIIPPn><sln:powIIPWersja>2012-09-27T08:59:03+02:00</sln:powIIPWersja><sln:powIdTeryt>3001</sln:powIdTeryt><sln:powNazwa>chodzieski</sln:powNazwa><sln:waznyOd>2012-10-24T00:00:00+02:00</sln:waznyOd><sln:wojIIPId>c606b01a-76c8-480d-9470-f24ca0d7a613</sln:wojIIPId><sln:wojIIPPn>PL.PZGIK.200</sln:wojIIPPn><sln:wojIIPWersja>2016-05-05T18:20:48+02:00</sln:wojIIPWersja><sln:wojIdTeryt>30</sln:wojIdTeryt><sln:wojNazwa>wielkopolskie</sln:wojNazwa></sln:miejscowosc><sln:miejscowosc><sln:cyklZyciaDo>2017-03-28T00:00:00+02:00</sln:cyklZyciaDo><sln:cyklZyciaOd>2016-02-01T00:00:00+01:00</sln:cyklZyciaOd><sln:gmIIPId>a684abfe-90d3-4e5e-9c41-b9362cf6076b</sln:gmIIPId><sln:gmIIPPn>PL.PZGIK.200</sln:gmIIPPn><sln:gmIIPWersja>2012-09-26T22:22:23+02:00</sln:gmIIPWersja><sln:gmIdTeryt>3001032</sln:gmIdTeryt><sln:gmNazwa>Chodzież</sln:gmNazwa><sln:miejscIIPId>4b2b57dc-bee9-4019-9e06-bb94753b9be9</sln:miejscIIPId><sln:miejscIIPPn>PL.PZGIK.200</sln:miejscIIPPn><sln:miejscIIPWersja>2016-11-24T11:02:38+02:00</sln:miejscIIPWersja><sln:miejscIdTeryt>0524654</sln:miejscIdTeryt><sln:miejscNazwa>Drzązgowo</sln:miejscNazwa><sln:miejscRodzaj>Osada leśna</sln:miejscRodzaj><sln:powIIPId>9412ef04-6c6b-448a-9f10-c15e17808f12</sln:powIIPId><sln:powIIPPn>PL.PZGIK.200</sln:powIIPPn><sln:powIIPWersja>2012-09-27T08:59:03+02:00</sln:powIIPWersja><sln:powIdTeryt>3001</sln:powIdTeryt><sln:powNazwa>chodzieski</sln:powNazwa><sln:waznyOd>2012-10-24T00:00:00+02:00</sln:waznyOd><sln:wojIIPId>c606b01a-76c8-480d-9470-f24ca0d7a613</sln:wojIIPId><sln:wojIIPPn>PL.PZGIK.200</sln:wojIIPPn><sln:wojIIPWersja>2016-05-05T18:20:48+02:00</sln:wojIIPWersja><sln:wojIdTeryt>30</sln:wojIdTeryt><sln:wojNazwa>wielkopolskie</sln:wojNazwa></sln:miejscowosc><sln:miejscowosc><sln:cyklZyciaDo>2017-03-28T00:00:00+02:00</sln:cyklZyciaDo><sln:cyklZyciaOd>2016-02-01T00:00:00+01:00</sln:cyklZyciaOd><sln:gmIIPId>a684abfe-90d3-4e5e-9c41-b9362cf6076b</sln:gmIIPId><sln:gmIIPPn>PL.PZGIK.200</sln:gmIIPPn><sln:gmIIPWersja>2012-09-26T22:22:23+02:00</sln:gmIIPWersja><sln:gmIdTeryt>3001032</sln:gmIdTeryt><sln:gmNazwa>Chodzież</sln:gmNazwa><sln:miejscIIPId>ddc4bb2e-06d6-4bc9-b06c-02b8cfb8245d</sln:miejscIIPId><sln:miejscIIPPn>PL.PZGIK.200</sln:miejscIIPPn><sln:miejscIIPWersja>2016-11-24T11:02:38+02:00</sln:miejscIIPWersja><sln:miejscIdTeryt>0524660</sln:miejscIdTeryt><sln:miejscNazwa>Jacewko</sln:miejscNazwa><sln:miejscRodzaj>Osada leśna</sln:miejscRodzaj><sln:powIIPId>9412ef04-6c6b-448a-9f10-c15e17808f12</sln:powIIPId><sln:powIIPPn>PL.PZGIK.200</sln:powIIPPn><sln:powIIPWersja>2012-09-27T08:59:03+02:00</sln:powIIPWersja><sln:powIdTeryt>3001</sln:powIdTeryt><sln:powNazwa>chodzieski</sln:powNazwa><sln:waznyOd>2012-10-24T00:00:00+02:00</sln:waznyOd><sln:wojIIPId>c606b01a-76c8-480d-9470-f24ca0d7a613</sln:wojIIPId><sln:wojIIPPn>PL.PZGIK.200</sln:wojIIPPn><sln:wojIIPWersja>2016-05-05T18:20:48+02:00</sln:wojIIPWersja><sln:wojIdTeryt>30</sln:wojIdTeryt><sln:wojNazwa>wielkopolskie</sln:wojNazwa></sln:miejscowosc><sln:miejscowosc><sln:cyklZyciaDo>2017-03-28T00:00:00+02:00</sln:cyklZyciaDo><sln:cyklZyciaOd>2016-02-01T00:00:00+01:00</sln:cyklZyciaOd><sln:gmIIPId>a684abfe-90d3-4e5e-9c41-b9362cf6076b</sln:gmIIPId><sln:gmIIPPn>PL.PZGIK.200</sln:gmIIPPn><sln:gmIIPWersja>2012-09-26T22:22:23+02:00</sln:gmIIPWersja><sln:gmIdTeryt>3001032</sln:gmIdTeryt><sln:gmNazwa>Chodzież</sln:gmNazwa><sln:miejscIIPId>6604cb00-84a5-4e21-b600-df02efa00c1d</sln:miejscIIPId><sln:miejscIIPPn>PL.PZGIK.200</sln:miejscIIPPn><sln:miejscIIPWersja>2016-11-24T11:02:38+02:00</sln:miejscIIPWersja><sln:miejscIdTeryt>0524619</sln:miejscIdTeryt><sln:miejscNazwa>Kamionka</sln:miejscNazwa><sln:miejscRodzaj>Wieś</sln:miejscRodzaj><sln:powIIPId>9412ef04-6c6b-448a-9f10-c15e17808f12</sln:powIIPId><sln:powIIPPn>PL.PZGIK.200</sln:powIIPPn><sln:powIIPWersja>2012-09-27T08:59:03+02:00</sln:powIIPWersja><sln:powIdTeryt>3001</sln:powIdTeryt><sln:powNazwa>chodzieski</sln:powNazwa><sln:waznyOd>2012-10-24T00:00:00+02:00</sln:waznyOd><sln:wojIIPId>c606b01a-76c8-480d-9470-f24ca0d7a613</sln:wojIIPId><sln:wojIIPPn>PL.PZGIK.200</sln:wojIIPPn><sln:wojIIPWersja>2016-05-05T18:20:48+02:00</sln:wojIIPWersja><sln:wojIdTeryt>30</sln:wojIdTeryt><sln:wojNazwa>wielkopolskie</sln:wojNazwa></sln:miejscowosc><sln:miejscowosc><sln:cyklZyciaDo>2017-03-28T00:00:00+02:00</sln:cyklZyciaDo><sln:cyklZyciaOd>2016-02-01T00:00:00+01:00</sln:cyklZyciaOd><sln:gmIIPId>a684abfe-90d3-4e5e-9c41-b9362cf6076b</sln:gmIIPId><sln:gmIIPPn>PL.PZGIK.200</sln:gmIIPPn><sln:gmIIPWersja>2012-09-26T22:22:23+02:00</sln:gmIIPWersja><sln:gmIdTeryt>3001032</sln:gmIdTeryt><sln:gmNazwa>Chodzież</sln:gmNazwa><sln:miejscIIPId>061ddfff-5c81-479f-9b03-858baf0d6cc1</sln:miejscIIPId><sln:miejscIIPPn>PL.PZGIK.200</sln:miejscIIPPn><sln:miejscIIPWersja>2016-11-24T11:02:38+02:00</sln:miejscIIPWersja><sln:miejscIdTeryt>0524677</sln:miejscIdTeryt><sln:miejscNazwa>Kierzkowice</sln:miejscNazwa><sln:miejscRodzaj>Osada</sln:miejscRodzaj><sln:powIIPId>9412ef04-6c6b-448a-9f10-c15e17808f12</sln:powIIPId><sln:powIIPPn>PL.PZGIK.200</sln:powIIPPn><sln:powIIPWersja>2012-09-27T08:59:03+02:00</sln:powIIPWersja><sln:powIdTeryt>3001</sln:powIdTeryt><sln:powNazwa>chodzieski</sln:powNazwa><sln:waznyOd>2012-10-24T00:00:00+02:00</sln:waznyOd><sln:wojIIPId>c606b01a-76c8-480d-9470-f24ca0d7a613</sln:wojIIPId><sln:wojIIPPn>PL.PZGIK.200</sln:wojIIPPn><sln:wojIIPWersja>2016-05-05T18:20:48+02:00</sln:wojIIPWersja><sln:wojIdTeryt>30</sln:wojIdTeryt><sln:wojNazwa>wielkopolskie</sln:wojNazwa></sln:miejscowosc><sln:miejscowosc><sln:cyklZyciaDo>2017-03-28T00:00:00+02:00</sln:cyklZyciaDo><sln:cyklZyciaOd>2016-02-01T00:00:00+01:00</sln:cyklZyciaOd><sln:gmIIPId>a684abfe-90d3-4e5e-9c41-b9362cf6076b</sln:gmIIPId><sln:gmIIPPn>PL.PZGIK.200</sln:gmIIPPn><sln:gmIIPWersja>2012-09-26T22:22:23+02:00</sln:gmIIPWersja><sln:gmIdTeryt>3001032</sln:gmIdTeryt><sln:gmNazwa>Chodzież</sln:gmNazwa><sln:miejscIIPId>d8e4f349-0f65-4b29-9f3b-e6477685ac61</sln:miejscIIPId><sln:miejscIIPPn>PL.PZGIK.200</sln:miejscIIPPn><sln:miejscIIPWersja>2016-11-24T11:02:38+02:00</sln:miejscIIPWersja><sln:miejscIdTeryt>0524559</sln:miejscIdTeryt><sln:miejscNazwa>Konstantynowo</sln:miejscNazwa><sln:miejscRodzaj>Wieś</sln:miejscRodzaj><sln:powIIPId>9412ef04-6c6b-448a-9f10-c15e17808f12</sln:powIIPId><sln:powIIPPn>PL.PZGIK.200</sln:powIIPPn><sln:powIIPWersja>2012-09-27T08:59:03+02:00</sln:powIIPWersja><sln:powIdTeryt>3001</sln:powIdTeryt><sln:powNazwa>chodzieski</sln:powNazwa><sln:waznyOd>2012-10-24T00:00:00+02:00</sln:waznyOd><sln:wojIIPId>c606b01a-76c8-480d-9470-f24ca0d7a613</sln:wojIIPId><sln:wojIIPPn>PL.PZGIK.200</sln:wojIIPPn><sln:wojIIPWersja>2016-05-05T18:20:48+02:00</sln:wojIIPWersja><sln:wojIdTeryt>30</sln:wojIdTeryt><sln:wojNazwa>wielkopolskie</sln:wojNazwa></sln:miejscowosc><sln:miejscowosc><sln:cyklZyciaDo>2017-03-28T00:00:00+02:00</sln:cyklZyciaDo><sln:cyklZyciaOd>2016-02-01T00:00:00+01:00</sln:cyklZyciaOd><sln:gmIIPId>a684abfe-90d3-4e5e-9c41-b9362cf6076b</sln:gmIIPId><sln:gmIIPPn>PL.PZGIK.200</sln:gmIIPPn><sln:gmIIPWersja>2012-09-26T22:22:23+02:00</sln:gmIIPWersja><sln:gmIdTeryt>3001032</sln:gmIdTeryt><sln:gmNazwa>Chodzież</sln:gmNazwa><sln:miejscIIPId>53285332-2cfd-4c6f-bc4a-4066087fcbb4</sln:miejscIIPId><sln:miejscIIPPn>PL.PZGIK.200</sln:miejscIIPPn><sln:miejscIIPWersja>2016-11-24T11:02:38+02:00</sln:miejscIIPWersja><sln:miejscIdTeryt>0524766</sln:miejscIdTeryt><sln:miejscNazwa>Krystynka</sln:miejscNazwa><sln:miejscRodzaj>Przysiółek</sln:miejscRodzaj><sln:powIIPId>9412ef04-6c6b-448a-9f10-c15e17808f12</sln:powIIPId><sln:powIIPPn>PL.PZGIK.200</sln:powIIPPn><sln:powIIPWersja>2012-09-27T08:59:03+02:00</sln:powIIPWersja><sln:powIdTeryt>3001</sln:powIdTeryt><sln:powNazwa>chodzieski</sln:powNazwa><sln:waznyOd>2012-10-24T00:00:00+02:00</sln:waznyOd><sln:wojIIPId>c606b01a-76c8-480d-9470-f24ca0d7a613</sln:wojIIPId><sln:wojIIPPn>PL.PZGIK.200</sln:wojIIPPn><sln:wojIIPWersja>2016-05-05T18:20:48+02:00</sln:wojIIPWersja><sln:wojIdTeryt>30</sln:wojIdTeryt><sln:wojNazwa>wielkopolskie</sln:wojNazwa></sln:miejscowosc><sln:miejscowosc><sln:cyklZyciaDo>2017-03-28T00:00:00+02:00</sln:cyklZyciaDo><sln:cyklZyciaOd>2016-02-01T00:00:00+01:00</sln:cyklZyciaOd><sln:gmIIPId>a684abfe-90d3-4e5e-9c41-b9362cf6076b</sln:gmIIPId><sln:gmIIPPn>PL.PZGIK.200</sln:gmIIPPn><sln:gmIIPWersja>2012-09-26T22:22:23+02:00</sln:gmIIPWersja><sln:gmIdTeryt>3001032</sln:gmIdTeryt><sln:gmNazwa>Chodzież</sln:gmNazwa><sln:miejscIIPId>6c467651-8a6c-49a8-b1bc-6c3ca87c0151</sln:miejscIIPId><sln:miejscIIPPn>PL.PZGIK.200</sln:miejscIIPPn><sln:miejscIIPWersja>2016-11-24T11:02:38+02:00</sln:miejscIIPWersja><sln:miejscIdTeryt>0524594</sln:miejscIdTeryt><sln:miejscNazwa>Milcz</sln:miejscNazwa><sln:miejscRodzaj>Wieś</sln:miejscRodzaj><sln:powIIPId>9412ef04-6c6b-448a-9f10-c15e17808f12</sln:powIIPId><sln:powIIPPn>PL.PZGIK.200</sln:powIIPPn><sln:powIIPWersja>2012-09-27T08:59:03+02:00</sln:powIIPWersja><sln:powIdTeryt>3001</sln:powIdTeryt><sln:powNazwa>chodzieski</sln:powNazwa><sln:waznyOd>2012-10-24T00:00:00+02:00</sln:waznyOd><sln:wojIIPId>c606b01a-76c8-480d-9470-f24ca0d7a613</sln:wojIIPId><sln:wojIIPPn>PL.PZGIK.200</sln:wojIIPPn><sln:wojIIPWersja>2016-05-05T18:20:48+02:00</sln:wojIIPWersja><sln:wojIdTeryt>30</sln:wojIdTeryt><sln:wojNazwa>wielkopolskie</sln:wojNazwa></sln:miejscowosc><sln:miejscowosc><sln:cyklZyciaDo>2017-03-28T00:00:00+02:00</sln:cyklZyciaDo><sln:cyklZyciaOd>2016-02-01T00:00:00+01:00</sln:cyklZyciaOd><sln:gmIIPId>a684abfe-90d3-4e5e-9c41-b9362cf6076b</sln:gmIIPId><sln:gmIIPPn>PL.PZGIK.200</sln:gmIIPPn><sln:gmIIPWersja>2012-09-26T22:22:23+02:00</sln:gmIIPWersja><sln:gmIdTeryt>3001032</sln:gmIdTeryt><sln:gmNazwa>Chodzież</sln:gmNazwa><sln:miejscIIPId>d656d571-d914-4743-9581-8de4bc7884a9</sln:miejscIIPId><sln:miejscIIPPn>PL.PZGIK.200</sln:miejscIIPPn><sln:miejscIIPWersja>2016-11-24T11:02:38+02:00</sln:miejscIIPWersja><sln:miejscIdTeryt>0524565</sln:miejscIdTeryt><sln:miejscNazwa>Mirowo</sln:miejscNazwa><sln:miejscRodzaj>Inny obiekt</sln:miejscRodzaj><sln:powIIPId>9412ef04-6c6b-448a-9f10-c15e17808f12</sln:powIIPId><sln:powIIPPn>PL.PZGIK.200</sln:powIIPPn><sln:powIIPWersja>2012-09-27T08:59:03+02:00</sln:powIIPWersja><sln:powIdTeryt>3001</sln:powIdTeryt><sln:powNazwa>chodzieski</sln:powNazwa><sln:waznyOd>2012-10-24T00:00:00+02:00</sln:waznyOd><sln:wojIIPId>c606b01a-76c8-480d-9470-f24ca0d7a613</sln:wojIIPId><sln:wojIIPPn>PL.PZGIK.200</sln:wojIIPPn><sln:wojIIPWersja>2016-05-05T18:20:48+02:00</sln:wojIIPWersja><sln:wojIdTeryt>30</sln:wojIdTeryt><sln:wojNazwa>wielkopolskie</sln:wojNazwa></sln:miejscowosc><sln:miejscowosc><sln:cyklZyciaDo>2017-03-28T00:00:00+02:00</sln:cyklZyciaDo><sln:cyklZyciaOd>2016-02-01T00:00:00+01:00</sln:cyklZyciaOd><sln:gmIIPId>a684abfe-90d3-4e5e-9c41-b9362cf6076b</sln:gmIIPId><sln:gmIIPPn>PL.PZGIK.200</sln:gmIIPPn><sln:gmIIPWersja>2012-09-26T22:22:23+02:00</sln:gmIIPWersja><sln:gmIdTeryt>3001032</sln:gmIdTeryt><sln:gmNazwa>Chodzież</sln:gmNazwa><sln:miejscIIPId>18df8f15-c8c5-4d4e-bcdb-10b90ced0e60</sln:miejscIIPId><sln:miejscIIPPn>PL.PZGIK.200</sln:miejscIIPPn><sln:miejscIIPWersja>2016-11-24T11:02:38+02:00</sln:miejscIIPWersja><sln:miejscIdTeryt>0524625</sln:miejscIdTeryt><sln:miejscNazwa>Nietuszkowo</sln:miejscNazwa><sln:miejscRodzaj>Wieś</sln:miejscRodzaj><sln:powIIPId>9412ef04-6c6b-448a-9f10-c15e17808f12</sln:powIIPId><sln:powIIPPn>PL.PZGIK.200</sln:powIIPPn><sln:powIIPWersja>2012-09-27T08:59:03+02:00</sln:powIIPWersja><sln:powIdTeryt>3001</sln:powIdTeryt><sln:powNazwa>chodzieski</sln:powNazwa><sln:waznyOd>2012-10-24T00:00:00+02:00</sln:waznyOd><sln:wojIIPId>c606b01a-76c8-480d-9470-f24ca0d7a613</sln:wojIIPId><sln:wojIIPPn>PL.PZGIK.200</sln:wojIIPPn><sln:wojIIPWersja>2016-05-05T18:20:48+02:00</sln:wojIIPWersja><sln:wojIdTeryt>30</sln:wojIdTeryt><sln:wojNazwa>wielkopolskie</sln:wojNazwa></sln:miejscowosc><sln:miejscowosc><sln:cyklZyciaDo>2017-03-28T00:00:00+02:00</sln:cyklZyciaDo><sln:cyklZyciaOd>2016-02-01T00:00:00+01:00</sln:cyklZyciaOd><sln:gmIIPId>a684abfe-90d3-4e5e-9c41-b9362cf6076b</sln:gmIIPId><sln:gmIIPPn>PL.PZGIK.200</sln:gmIIPPn><sln:gmIIPWersja>2012-09-26T22:22:23+02:00</sln:gmIIPWersja><sln:gmIdTeryt>3001032</sln:gmIdTeryt><sln:gmNazwa>Chodzież</sln:gmNazwa><sln:miejscIIPId>6e968f6d-bd66-490f-9369-d2e6baba86a2</sln:miejscIIPId><sln:miejscIIPPn>PL.PZGIK.200</sln:miejscIIPPn><sln:miejscIIPWersja>2016-11-24T11:02:38+02:00</sln:miejscIIPWersja><sln:miejscIdTeryt>0524631</sln:miejscIdTeryt><sln:miejscNazwa>Oleśnica</sln:miejscNazwa><sln:miejscRodzaj>Wieś</sln:miejscRodzaj><sln:powIIPId>9412ef04-6c6b-448a-9f10-c15e17808f12</sln:powIIPId><sln:powIIPPn>PL.PZGIK.200</sln:powIIPPn><sln:powIIPWersja>2012-09-27T08:59:03+02:00</sln:powIIPWersja><sln:powIdTeryt>3001</sln:powIdTeryt><sln:powNazwa>chodzieski</sln:powNazwa><sln:waznyOd>2012-10-24T00:00:00+02:00</sln:waznyOd><sln:wojIIPId>c606b01a-76c8-480d-9470-f24ca0d7a613</sln:wojIIPId><sln:wojIIPPn>PL.PZGIK.200</sln:wojIIPPn><sln:wojIIPWersja>2016-05-05T18:20:48+02:00</sln:wojIIPWersja><sln:wojIdTeryt>30</sln:wojIdTeryt><sln:wojNazwa>wielkopolskie</sln:wojNazwa></sln:miejscowosc><sln:miejscowosc><sln:cyklZyciaDo>2017-03-28T00:00:00+02:00</sln:cyklZyciaDo><sln:cyklZyciaOd>2016-02-01T00:00:00+01:00</sln:cyklZyciaOd><sln:gmIIPId>a684abfe-90d3-4e5e-9c41-b9362cf6076b</sln:gmIIPId><sln:gmIIPPn>PL.PZGIK.200</sln:gmIIPPn><sln:gmIIPWersja>2012-09-26T22:22:23+02:00</sln:gmIIPWersja><sln:gmIdTeryt>3001032</sln:gmIdTeryt><sln:gmNazwa>Chodzież</sln:gmNazwa><sln:miejscIIPId>9bdf55a6-7e00-42ad-b797-d0c7e1b299c3</sln:miejscIIPId><sln:miejscIIPPn>PL.PZGIK.200</sln:miejscIIPPn><sln:miejscIIPWersja>2016-11-24T11:02:38+02:00</sln:miejscIIPWersja><sln:miejscIdTeryt>0524690</sln:miejscIdTeryt><sln:miejscNazwa>Pietronki</sln:miejscNazwa><sln:miejscRodzaj>Wieś</sln:miejscRodzaj><sln:powIIPId>9412ef04-6c6b-448a-9f10-c15e17808f12</sln:powIIPId><sln:powIIPPn>PL.PZGIK.200</sln:powIIPPn><sln:powIIPWersja>2012-09-27T08:59:03+02:00</sln:powIIPWersja><sln:powIdTeryt>3001</sln:powIdTeryt><sln:powNazwa>chodzieski</sln:powNazwa><sln:waznyOd>2012-10-24T00:00:00+02:00</sln:waznyOd><sln:wojIIPId>c606b01a-76c8-480d-9470-f24ca0d7a613</sln:wojIIPId><sln:wojIIPPn>PL.PZGIK.200</sln:wojIIPPn><sln:wojIIPWersja>2016-05-05T18:20:48+02:00</sln:wojIIPWersja><sln:wojIdTeryt>30</sln:wojIdTeryt><sln:wojNazwa>wielkopolskie</sln:wojNazwa></sln:miejscowosc><sln:miejscowosc><sln:cyklZyciaDo>2017-03-28T00:00:00+02:00</sln:cyklZyciaDo><sln:cyklZyciaOd>2016-02-01T00:00:00+01:00</sln:cyklZyciaOd><sln:gmIIPId>a684abfe-90d3-4e5e-9c41-b9362cf6076b</sln:gmIIPId><sln:gmIIPPn>PL.PZGIK.200</sln:gmIIPPn><sln:gmIIPWersja>2012-09-26T22:22:23+02:00</sln:gmIIPWersja><sln:gmIdTeryt>3001032</sln:gmIdTeryt><sln:gmNazwa>Chodzież</sln:gmNazwa><sln:miejscIIPId>7b820afe-af66-4d59-bf84-54043f521970</sln:miejscIIPId><sln:miejscIIPPn>PL.PZGIK.200</sln:miejscIIPPn><sln:miejscIIPWersja>2016-11-24T11:02:38+02:00</sln:miejscIIPWersja><sln:miejscIdTeryt>0524708</sln:miejscIdTeryt><sln:miejscNazwa>Podanin</sln:miejscNazwa><sln:miejscRodzaj>Wieś</sln:miejscRodzaj><sln:powIIPId>9412ef04-6c6b-448a-9f10-c15e17808f12</sln:powIIPId><sln:powIIPPn>PL.PZGIK.200</sln:powIIPPn><sln:powIIPWersja>2012-09-27T08:59:03+02:00</sln:powIIPWersja><sln:powIdTeryt>3001</sln:powIdTeryt><sln:powNazwa>chodzieski</sln:powNazwa><sln:waznyOd>2012-10-24T00:00:00+02:00</sln:waznyOd><sln:wojIIPId>c606b01a-76c8-480d-9470-f24ca0d7a613</sln:wojIIPId><sln:wojIIPPn>PL.PZGIK.200</sln:wojIIPPn><sln:wojIIPWersja>2016-05-05T18:20:48+02:00</sln:wojIIPWersja><sln:wojIdTeryt>30</sln:wojIdTeryt><sln:wojNazwa>wielkopolskie</sln:wojNazwa></sln:miejscowosc><sln:miejscowosc><sln:cyklZyciaDo>2017-03-28T00:00:00+02:00</sln:cyklZyciaDo><sln:cyklZyciaOd>2016-02-01T00:00:00+01:00</sln:cyklZyciaOd><sln:gmIIPId>a684abfe-90d3-4e5e-9c41-b9362cf6076b</sln:gmIIPId><sln:gmIIPPn>PL.PZGIK.200</sln:gmIIPPn><sln:gmIIPWersja>2012-09-26T22:22:23+02:00</sln:gmIIPWersja><sln:gmIdTeryt>3001032</sln:gmIdTeryt><sln:gmNazwa>Chodzież</sln:gmNazwa><sln:miejscIIPId>c4fb5bb8-a301-4ff6-94cc-6d612bc7586f</sln:miejscIIPId><sln:miejscIIPPn>PL.PZGIK.200</sln:miejscIIPPn><sln:miejscIIPWersja>2016-11-24T11:02:38+02:00</sln:miejscIIPWersja><sln:miejscIdTeryt>0524720</sln:miejscIdTeryt><sln:miejscNazwa>Rataje</sln:miejscNazwa><sln:miejscRodzaj>Wieś</sln:miejscRodzaj><sln:powIIPId>9412ef04-6c6b-448a-9f10-c15e17808f12</sln:powIIPId><sln:powIIPPn>PL.PZGIK.200</sln:powIIPPn><sln:powIIPWersja>2012-09-27T08:59:03+02:00</sln:powIIPWersja><sln:powIdTeryt>3001</sln:powIdTeryt><sln:powNazwa>chodzieski</sln:powNazwa><sln:waznyOd>2012-10-24T00:00:00+02:00</sln:waznyOd><sln:wojIIPId>c606b01a-76c8-480d-9470-f24ca0d7a613</sln:wojIIPId><sln:wojIIPPn>PL.PZGIK.200</sln:wojIIPPn><sln:wojIIPWersja>2016-05-05T18:20:48+02:00</sln:wojIIPWersja><sln:wojIdTeryt>30</sln:wojIdTeryt><sln:wojNazwa>wielkopolskie</sln:wojNazwa></sln:miejscowosc><sln:miejscowosc><sln:cyklZyciaDo>2017-03-28T00:00:00+02:00</sln:cyklZyciaDo><sln:cyklZyciaOd>2016-02-01T00:00:00+01:00</sln:cyklZyciaOd><sln:gmIIPId>a684abfe-90d3-4e5e-9c41-b9362cf6076b</sln:gmIIPId><sln:gmIIPPn>PL.PZGIK.200</sln:gmIIPPn><sln:gmIIPWersja>2012-09-26T22:22:23+02:00</sln:gmIIPWersja><sln:gmIdTeryt>3001032</sln:gmIdTeryt><sln:gmNazwa>Chodzież</sln:gmNazwa><sln:miejscIIPId>69a8d3c2-ba89-446b-86cf-5b36624606e1</sln:miejscIIPId><sln:miejscIIPPn>PL.PZGIK.200</sln:miejscIIPPn><sln:miejscIIPWersja>2016-11-24T11:02:38+02:00</sln:miejscIIPWersja><sln:miejscIdTeryt>0524571</sln:miejscIdTeryt><sln:miejscNazwa>Rudki</sln:miejscNazwa><sln:miejscRodzaj>Inny obiekt</sln:miejscRodzaj><sln:powIIPId>9412ef04-6c6b-448a-9f10-c15e17808f12</sln:powIIPId><sln:powIIPPn>PL.PZGIK.200</sln:powIIPPn><sln:powIIPWersja>2012-09-27T08:59:03+02:00</sln:powIIPWersja><sln:powIdTeryt>3001</sln:powIdTeryt><sln:powNazwa>chodzieski</sln:powNazwa><sln:waznyOd>2012-10-24T00:00:00+02:00</sln:waznyOd><sln:wojIIPId>c606b01a-76c8-480d-9470-f24ca0d7a613</sln:wojIIPId><sln:wojIIPPn>PL.PZGIK.200</sln:wojIIPPn><sln:wojIIPWersja>2016-05-05T18:20:48+02:00</sln:wojIIPWersja><sln:wojIdTeryt>30</sln:wojIdTeryt><sln:wojNazwa>wielkopolskie</sln:wojNazwa></sln:miejscowosc><sln:miejscowosc><sln:cyklZyciaDo>2017-03-28T00:00:00+02:00</sln:cyklZyciaDo><sln:cyklZyciaOd>2016-02-01T00:00:00+01:00</sln:cyklZyciaOd><sln:gmIIPId>a684abfe-90d3-4e5e-9c41-b9362cf6076b</sln:gmIIPId><sln:gmIIPPn>PL.PZGIK.200</sln:gmIIPPn><sln:gmIIPWersja>2012-09-26T22:22:23+02:00</sln:gmIIPWersja><sln:gmIdTeryt>3001032</sln:gmIdTeryt><sln:gmNazwa>Chodzież</sln:gmNazwa><sln:miejscIIPId>9d4554a7-f886-43dc-9e78-b0477eddda87</sln:miejscIIPId><sln:miejscIIPPn>PL.PZGIK.200</sln:miejscIIPPn><sln:miejscIIPWersja>2016-11-24T11:02:38+02:00</sln:miejscIIPWersja><sln:miejscIdTeryt>0524588</sln:miejscIdTeryt><sln:miejscNazwa>Słomki</sln:miejscNazwa><sln:miejscRodzaj>Inny obiekt</sln:miejscRodzaj><sln:powIIPId>9412ef04-6c6b-448a-9f10-c15e17808f12</sln:powIIPId><sln:powIIPPn>PL.PZGIK.200</sln:powIIPPn><sln:powIIPWersja>2012-09-27T08:59:03+02:00</sln:powIIPWersja><sln:powIdTeryt>3001</sln:powIdTeryt><sln:powNazwa>chodzieski</sln:powNazwa><sln:waznyOd>2012-10-24T00:00:00+02:00</sln:waznyOd><sln:wojIIPId>c606b01a-76c8-480d-9470-f24ca0d7a613</sln:wojIIPId><sln:wojIIPPn>PL.PZGIK.200</sln:wojIIPPn><sln:wojIIPWersja>2016-05-05T18:20:48+02:00</sln:wojIIPWersja><sln:wojIdTeryt>30</sln:wojIdTeryt><sln:wojNazwa>wielkopolskie</sln:wojNazwa></sln:miejscowosc><sln:miejscowosc><sln:cyklZyciaDo>2017-03-28T00:00:00+02:00</sln:cyklZyciaDo><sln:cyklZyciaOd>2016-02-01T00:00:00+01:00</sln:cyklZyciaOd><sln:gmIIPId>a684abfe-90d3-4e5e-9c41-b9362cf6076b</sln:gmIIPId><sln:gmIIPPn>PL.PZGIK.200</sln:gmIIPPn><sln:gmIIPWersja>2012-09-26T22:22:23+02:00</sln:gmIIPWersja><sln:gmIdTeryt>3001032</sln:gmIdTeryt><sln:gmNazwa>Chodzież</sln:gmNazwa><sln:miejscIIPId>63696815-24b1-4dc9-a5d1-03cb159c8fda</sln:miejscIIPId><sln:miejscIIPPn>PL.PZGIK.200</sln:miejscIIPPn><sln:miejscIIPWersja>2016-11-24T11:02:38+02:00</sln:miejscIIPWersja><sln:miejscIdTeryt>0524737</sln:miejscIdTeryt><sln:miejscNazwa>Stróżewice</sln:miejscNazwa><sln:miejscRodzaj>Wieś</sln:miejscRodzaj><sln:powIIPId>9412ef04-6c6b-448a-9f10-c15e17808f12</sln:powIIPId><sln:powIIPPn>PL.PZGIK.200</sln:powIIPPn><sln:powIIPWersja>2012-09-27T08:59:03+02:00</sln:powIIPWersja><sln:powIdTeryt>3001</sln:powIdTeryt><sln:powNazwa>chodzieski</sln:powNazwa><sln:waznyOd>2012-10-24T00:00:00+02:00</sln:waznyOd><sln:wojIIPId>c606b01a-76c8-480d-9470-f24ca0d7a613</sln:wojIIPId><sln:wojIIPPn>PL.PZGIK.200</sln:wojIIPPn><sln:wojIIPWersja>2016-05-05T18:20:48+02:00</sln:wojIIPWersja><sln:wojIdTeryt>30</sln:wojIdTeryt><sln:wojNazwa>wielkopolskie</sln:wojNazwa></sln:miejscowosc><sln:miejscowosc><sln:cyklZyciaDo>2017-03-28T00:00:00+02:00</sln:cyklZyciaDo><sln:cyklZyciaOd>2016-02-01T00:00:00+01:00</sln:cyklZyciaOd><sln:gmIIPId>a684abfe-90d3-4e5e-9c41-b9362cf6076b</sln:gmIIPId><sln:gmIIPPn>PL.PZGIK.200</sln:gmIIPPn><sln:gmIIPWersja>2012-09-26T22:22:23+02:00</sln:gmIIPWersja><sln:gmIdTeryt>3001032</sln:gmIdTeryt><sln:gmNazwa>Chodzież</sln:gmNazwa><sln:miejscIIPId>e397c4dd-f8e5-4219-96d7-74a49ba0ffd2</sln:miejscIIPId><sln:miejscIIPPn>PL.PZGIK.200</sln:miejscIIPPn><sln:miejscIIPWersja>2016-11-24T11:02:38+02:00</sln:miejscIIPWersja><sln:miejscIdTeryt>0524714</sln:miejscIdTeryt><sln:miejscNazwa>Stróżewko</sln:miejscNazwa><sln:miejscRodzaj>Osada</sln:miejscRodzaj><sln:powIIPId>9412ef04-6c6b-448a-9f10-c15e17808f12</sln:powIIPId><sln:powIIPPn>PL.PZGIK.200</sln:powIIPPn><sln:powIIPWersja>2012-09-27T08:59:03+02:00</sln:powIIPWersja><sln:powIdTeryt>3001</sln:powIdTeryt><sln:powNazwa>chodzieski</sln:powNazwa><sln:waznyOd>2012-10-24T00:00:00+02:00</sln:waznyOd><sln:wojIIPId>c606b01a-76c8-480d-9470-f24ca0d7a613</sln:wojIIPId><sln:wojIIPPn>PL.PZGIK.200</sln:wojIIPPn><sln:wojIIPWersja>2016-05-05T18:20:48+02:00</sln:wojIIPWersja><sln:wojIdTeryt>30</sln:wojIdTeryt><sln:wojNazwa>wielkopolskie</sln:wojNazwa></sln:miejscowosc><sln:miejscowosc><sln:cyklZyciaDo>2017-03-28T00:00:00+02:00</sln:cyklZyciaDo><sln:cyklZyciaOd>2016-02-01T00:00:00+01:00</sln:cyklZyciaOd><sln:gmIIPId>a684abfe-90d3-4e5e-9c41-b9362cf6076b</sln:gmIIPId><sln:gmIIPPn>PL.PZGIK.200</sln:gmIIPPn><sln:gmIIPWersja>2012-09-26T22:22:23+02:00</sln:gmIIPWersja><sln:gmIdTeryt>3001032</sln:gmIdTeryt><sln:gmNazwa>Chodzież</sln:gmNazwa><sln:miejscIIPId>4dd1016b-309a-4d40-99a4-0a4387ba067f</sln:miejscIIPId><sln:miejscIIPPn>PL.PZGIK.200</sln:miejscIIPPn><sln:miejscIIPWersja>2016-11-24T11:02:38+02:00</sln:miejscIIPWersja><sln:miejscIdTeryt>0524750</sln:miejscIdTeryt><sln:miejscNazwa>Stróżewo</sln:miejscNazwa><sln:miejscRodzaj>Wieś</sln:miejscRodzaj><sln:powIIPId>9412ef04-6c6b-448a-9f10-c15e17808f12</sln:powIIPId><sln:powIIPPn>PL.PZGIK.200</sln:powIIPPn><sln:powIIPWersja>2012-09-27T08:59:03+02:00</sln:powIIPWersja><sln:powIdTeryt>3001</sln:powIdTeryt><sln:powNazwa>chodzieski</sln:powNazwa><sln:waznyOd>2012-10-24T00:00:00+02:00</sln:waznyOd><sln:wojIIPId>c606b01a-76c8-480d-9470-f24ca0d7a613</sln:wojIIPId><sln:wojIIPPn>PL.PZGIK.200</sln:wojIIPPn><sln:wojIIPWersja>2016-05-05T18:20:48+02:00</sln:wojIIPWersja><sln:wojIdTeryt>30</sln:wojIdTeryt><sln:wojNazwa>wielkopolskie</sln:wojNazwa></sln:miejscowosc><sln:miejscowosc><sln:cyklZyciaDo>2017-03-28T00:00:00+02:00</sln:cyklZyciaDo><sln:cyklZyciaOd>2016-02-01T00:00:00+01:00</sln:cyklZyciaOd><sln:gmIIPId>a684abfe-90d3-4e5e-9c41-b9362cf6076b</sln:gmIIPId><sln:gmIIPPn>PL.PZGIK.200</sln:gmIIPPn><sln:gmIIPWersja>2012-09-26T22:22:23+02:00</sln:gmIIPWersja><sln:gmIdTeryt>3001032</sln:gmIdTeryt><sln:gmNazwa>Chodzież</sln:gmNazwa><sln:miejscIIPId>c60bf152-93d6-438f-ae9e-f639baa47286</sln:miejscIIPId><sln:miejscIIPPn>PL.PZGIK.200</sln:miejscIIPPn><sln:miejscIIPWersja>2016-11-24T11:02:38+02:00</sln:miejscIIPWersja><sln:miejscIdTeryt>0524789</sln:miejscIdTeryt><sln:miejscNazwa>Strzelce</sln:miejscNazwa><sln:miejscRodzaj>Wieś</sln:miejscRodzaj><sln:powIIPId>9412ef04-6c6b-448a-9f10-c15e17808f12</sln:powIIPId><sln:powIIPPn>PL.PZGIK.200</sln:powIIPPn><sln:powIIPWersja>2012-09-27T08:59:03+02:00</sln:powIIPWersja><sln:powIdTeryt>3001</sln:powIdTeryt><sln:powNazwa>chodzieski</sln:powNazwa><sln:waznyOd>2012-10-24T00:00:00+02:00</sln:waznyOd><sln:wojIIPId>c606b01a-76c8-480d-9470-f24ca0d7a613</sln:wojIIPId><sln:wojIIPPn>PL.PZGIK.200</sln:wojIIPPn><sln:wojIIPWersja>2016-05-05T18:20:48+02:00</sln:wojIIPWersja><sln:wojIdTeryt>30</sln:wojIdTeryt><sln:wojNazwa>wielkopolskie</sln:wojNazwa></sln:miejscowosc><sln:miejscowosc><sln:cyklZyciaDo>2017-03-28T00:00:00+02:00</sln:cyklZyciaDo><sln:cyklZyciaOd>2016-02-01T00:00:00+01:00</sln:cyklZyciaOd><sln:gmIIPId>a684abfe-90d3-4e5e-9c41-b9362cf6076b</sln:gmIIPId><sln:gmIIPPn>PL.PZGIK.200</sln:gmIIPPn><sln:gmIIPWersja>2012-09-26T22:22:23+02:00</sln:gmIIPWersja><sln:gmIdTeryt>3001032</sln:gmIdTeryt><sln:gmNazwa>Chodzież</sln:gmNazwa><sln:miejscIIPId>b105672c-3e2e-4350-b2fa-eb9f7b193195</sln:miejscIIPId><sln:miejscIIPPn>PL.PZGIK.200</sln:miejscIIPPn><sln:miejscIIPWersja>2016-11-24T11:02:38+02:00</sln:miejscIIPWersja><sln:miejscIdTeryt>0524772</sln:miejscIdTeryt><sln:miejscNazwa>Strzelęcin</sln:miejscNazwa><sln:miejscRodzaj>Wieś</sln:miejscRodzaj><sln:powIIPId>9412ef04-6c6b-448a-9f10-c15e17808f12</sln:powIIPId><sln:powIIPPn>PL.PZGIK.200</sln:powIIPPn><sln:powIIPWersja>2012-09-27T08:59:03+02:00</sln:powIIPWersja><sln:powIdTeryt>3001</sln:powIdTeryt><sln:powNazwa>chodzieski</sln:powNazwa><sln:waznyOd>2012-10-24T00:00:00+02:00</sln:waznyOd><sln:wojIIPId>c606b01a-76c8-480d-9470-f24ca0d7a613</sln:wojIIPId><sln:wojIIPPn>PL.PZGIK.200</sln:wojIIPPn><sln:wojIIPWersja>2016-05-05T18:20:48+02:00</sln:wojIIPWersja><sln:wojIdTeryt>30</sln:wojIdTeryt><sln:wojNazwa>wielkopolskie</sln:wojNazwa></sln:miejscowosc><sln:miejscowosc><sln:cyklZyciaDo>2017-03-28T00:00:00+02:00</sln:cyklZyciaDo><sln:cyklZyciaOd>2016-02-01T00:00:00+01:00</sln:cyklZyciaOd><sln:gmIIPId>a684abfe-90d3-4e5e-9c41-b9362cf6076b</sln:gmIIPId><sln:gmIIPPn>PL.PZGIK.200</sln:gmIIPPn><sln:gmIIPWersja>2012-09-26T22:22:23+02:00</sln:gmIIPWersja><sln:gmIdTeryt>3001032</sln:gmIdTeryt><sln:gmNazwa>Chodzież</sln:gmNazwa><sln:miejscIIPId>74ae4f28-5fc1-4aed-96c3-e5dd9ca60aad</sln:miejscIIPId><sln:miejscIIPPn>PL.PZGIK.200</sln:miejscIIPPn><sln:miejscIIPWersja>2016-11-24T11:02:38+02:00</sln:miejscIIPWersja><sln:miejscIdTeryt>0524795</sln:miejscIdTeryt><sln:miejscNazwa>Studzieniec</sln:miejscNazwa><sln:miejscRodzaj>Wieś</sln:miejscRodzaj><sln:powIIPId>9412ef04-6c6b-448a-9f10-c15e17808f12</sln:powIIPId><sln:powIIPPn>PL.PZGIK.200</sln:powIIPPn><sln:powIIPWersja>2012-09-27T08:59:03+02:00</sln:powIIPWersja><sln:powIdTeryt>3001</sln:powIdTeryt><sln:powNazwa>chodzieski</sln:powNazwa><sln:waznyOd>2012-10-24T00:00:00+02:00</sln:waznyOd><sln:wojIIPId>c606b01a-76c8-480d-9470-f24ca0d7a613</sln:wojIIPId><sln:wojIIPPn>PL.PZGIK.200</sln:wojIIPPn><sln:wojIIPWersja>2016-05-05T18:20:48+02:00</sln:wojIIPWersja><sln:wojIdTeryt>30</sln:wojIdTeryt><sln:wojNazwa>wielkopolskie</sln:wojNazwa></sln:miejscowosc><sln:miejscowosc><sln:cyklZyciaDo>2017-03-28T00:00:00+02:00</sln:cyklZyciaDo><sln:cyklZyciaOd>2016-02-01T00:00:00+01:00</sln:cyklZyciaOd><sln:gmIIPId>a684abfe-90d3-4e5e-9c41-b9362cf6076b</sln:gmIIPId><sln:gmIIPPn>PL.PZGIK.200</sln:gmIIPPn><sln:gmIIPWersja>2012-09-26T22:22:23+02:00</sln:gmIIPWersja><sln:gmIdTeryt>3001032</sln:gmIdTeryt><sln:gmNazwa>Chodzież</sln:gmNazwa><sln:miejscIIPId>11da87da-d33b-4795-9b48-c50a89f910c3</sln:miejscIIPId><sln:miejscIIPPn>PL.PZGIK.200</sln:miejscIIPPn><sln:miejscIIPWersja>2016-11-24T11:02:38+02:00</sln:miejscIIPWersja><sln:miejscIdTeryt>0524683</sln:miejscIdTeryt><sln:miejscNazwa>Trojanka</sln:miejscNazwa><sln:miejscRodzaj>Osada</sln:miejscRodzaj><sln:powIIPId>9412ef04-6c6b-448a-9f10-c15e17808f12</sln:powIIPId><sln:powIIPPn>PL.PZGIK.200</sln:powIIPPn><sln:powIIPWersja>2012-09-27T08:59:03+02:00</sln:powIIPWersja><sln:powIdTeryt>3001</sln:powIdTeryt><sln:powNazwa>chodzieski</sln:powNazwa><sln:waznyOd>2012-10-24T00:00:00+02:00</sln:waznyOd><sln:wojIIPId>c606b01a-76c8-480d-9470-f24ca0d7a613</sln:wojIIPId><sln:wojIIPPn>PL.PZGIK.200</sln:wojIIPPn><sln:wojIIPWersja>2016-05-05T18:20:48+02:00</sln:wojIIPWersja><sln:wojIdTeryt>30</sln:wojIdTeryt><sln:wojNazwa>wielkopolskie</sln:wojNazwa></sln:miejscowosc><sln:miejscowosc><sln:cyklZyciaDo>2017-03-28T00:00:00+02:00</sln:cyklZyciaDo><sln:cyklZyciaOd>2016-02-01T00:00:00+01:00</sln:cyklZyciaOd><sln:gmIIPId>a684abfe-90d3-4e5e-9c41-b9362cf6076b</sln:gmIIPId><sln:gmIIPPn>PL.PZGIK.200</sln:gmIIPPn><sln:gmIIPWersja>2012-09-26T22:22:23+02:00</sln:gmIIPWersja><sln:gmIdTeryt>3001032</sln:gmIdTeryt><sln:gmNazwa>Chodzież</sln:gmNazwa><sln:miejscIIPId>77d2147a-1c2c-4b5a-aa1b-b09bc6c2e574</sln:miejscIIPId><sln:miejscIIPPn>PL.PZGIK.200</sln:miejscIIPPn><sln:miejscIIPWersja>2016-11-24T11:02:38+02:00</sln:miejscIIPWersja><sln:miejscIdTeryt>0524743</sln:miejscIdTeryt><sln:miejscNazwa>Trzaskowice</sln:miejscNazwa><sln:miejscRodzaj>Wieś</sln:miejscRodzaj><sln:powIIPId>9412ef04-6c6b-448a-9f10-c15e17808f12</sln:powIIPId><sln:powIIPPn>PL.PZGIK.200</sln:powIIPPn><sln:powIIPWersja>2012-09-27T08:59:03+02:00</sln:powIIPWersja><sln:powIdTeryt>3001</sln:powIdTeryt><sln:powNazwa>chodzieski</sln:powNazwa><sln:waznyOd>2012-10-24T00:00:00+02:00</sln:waznyOd><sln:wojIIPId>c606b01a-76c8-480d-9470-f24ca0d7a613</sln:wojIIPId><sln:wojIIPPn>PL.PZGIK.200</sln:wojIIPPn><sln:wojIIPWersja>2016-05-05T18:20:48+02:00</sln:wojIIPWersja><sln:wojIdTeryt>30</sln:wojIdTeryt><sln:wojNazwa>wielkopolskie</sln:wojNazwa></sln:miejscowosc><sln:miejscowosc><sln:cyklZyciaDo>2017-03-28T00:00:00+02:00</sln:cyklZyciaDo><sln:cyklZyciaOd>2016-02-01T00:00:00+01:00</sln:cyklZyciaOd><sln:gmIIPId>a684abfe-90d3-4e5e-9c41-b9362cf6076b</sln:gmIIPId><sln:gmIIPPn>PL.PZGIK.200</sln:gmIIPPn><sln:gmIIPWersja>2012-09-26T22:22:23+02:00</sln:gmIIPWersja><sln:gmIdTeryt>3001032</sln:gmIdTeryt><sln:gmNazwa>Chodzież</sln:gmNazwa><sln:miejscIIPId>11d84fbb-04ef-4909-a48e-85b396657da0</sln:miejscIIPId><sln:miejscIIPPn>PL.PZGIK.200</sln:miejscIIPPn><sln:miejscIIPWersja>2016-11-24T11:02:39+02:00</sln:miejscIIPWersja><sln:miejscIdTeryt>0524810</sln:miejscIdTeryt><sln:miejscNazwa>Wymysław</sln:miejscNazwa><sln:miejscRodzaj>Inny obiekt</sln:miejscRodzaj><sln:powIIPId>9412ef04-6c6b-448a-9f10-c15e17808f12</sln:powIIPId><sln:powIIPPn>PL.PZGIK.200</sln:powIIPPn><sln:powIIPWersja>2012-09-27T08:59:03+02:00</sln:powIIPWersja><sln:powIdTeryt>3001</sln:powIdTeryt><sln:powNazwa>chodzieski</sln:powNazwa><sln:waznyOd>2012-10-24T00:00:00+02:00</sln:waznyOd><sln:wojIIPId>c606b01a-76c8-480d-9470-f24ca0d7a613</sln:wojIIPId><sln:wojIIPPn>PL.PZGIK.200</sln:wojIIPPn><sln:wojIIPWersja>2016-05-05T18:20:48+02:00</sln:wojIIPWersja><sln:wojIdTeryt>30</sln:wojIdTeryt><sln:wojNazwa>wielkopolskie</sln:wojNazwa></sln:miejscowosc><sln:miejscowosc><sln:cyklZyciaDo>2017-03-28T00:00:00+02:00</sln:cyklZyciaDo><sln:cyklZyciaOd>2016-02-01T00:00:00+01:00</sln:cyklZyciaOd><sln:gmIIPId>a684abfe-90d3-4e5e-9c41-b9362cf6076b</sln:gmIIPId><sln:gmIIPPn>PL.PZGIK.200</sln:gmIIPPn><sln:gmIIPWersja>2012-09-26T22:22:23+02:00</sln:gmIIPWersja><sln:gmIdTeryt>3001032</sln:gmIdTeryt><sln:gmNazwa>Chodzież</sln:gmNazwa><sln:miejscIIPId>c47cb3ba-a755-4404-8d27-480f32377009</sln:miejscIIPId><sln:miejscIIPPn>PL.PZGIK.200</sln:miejscIIPPn><sln:miejscIIPWersja>2016-11-24T11:02:39+02:00</sln:miejscIIPWersja><sln:miejscIdTeryt>0524803</sln:miejscIdTeryt><sln:miejscNazwa>Zacharzyn</sln:miejscNazwa><sln:miejscRodzaj>Wieś</sln:miejscRodzaj><sln:powIIPId>9412ef04-6c6b-448a-9f10-c15e17808f12</sln:powIIPId><sln:powIIPPn>PL.PZGIK.200</sln:powIIPPn><sln:powIIPWersja>2012-09-27T08:59:03+02:00</sln:powIIPWersja><sln:powIdTeryt>3001</sln:powIdTeryt><sln:powNazwa>chodzieski</sln:powNazwa><sln:waznyOd>2012-10-24T00:00:00+02:00</sln:waznyOd><sln:wojIIPId>c606b01a-76c8-480d-9470-f24ca0d7a613</sln:wojIIPId><sln:wojIIPPn>PL.PZGIK.200</sln:wojIIPPn><sln:wojIIPWersja>2016-05-05T18:20:48+02:00</sln:wojIIPWersja><sln:wojIdTeryt>30</sln:wojIdTeryt><sln:wojNazwa>wielkopolskie</sln:wojNazwa></sln:miejscowosc><sln:miejscowosc><sln:cyklZyciaOd>2017-03-28T00:00:00+02:00</sln:cyklZyciaOd><sln:gmIIPId>a684abfe-90d3-4e5e-9c41-b9362cf6076b</sln:gmIIPId><sln:gmIIPPn>PL.PZGIK.200</sln:gmIIPPn><sln:gmIIPWersja>2012-09-26T22:22:23+02:00</sln:gmIIPWersja><sln:gmIdTeryt>3001032</sln:gmIdTeryt><sln:gmNazwa>Chodzież</sln:gmNazwa><sln:miejscIIPId>d8e4f349-0f65-4b29-9f3b-e6477685ac61</sln:miejscIIPId><sln:miejscIIPPn>PL.PZGIK.200</sln:miejscIIPPn><sln:miejscIIPWersja>2017-03-28T16:14:15+02:00</sln:miejscIIPWersja><sln:miejscIdTeryt>0524559</sln:miejscIdTeryt><sln:miejscNazwa>Konstantynowo</sln:miejscNazwa><sln:miejscRodzaj>Wieś</sln:miejscRodzaj><sln:powIIPId>9412ef04-6c6b-448a-9f10-c15e17808f12</sln:powIIPId><sln:powIIPPn>PL.PZGIK.200</sln:powIIPPn><sln:powIIPWersja>2012-09-27T08:59:03+02:00</sln:powIIPWersja><sln:powIdTeryt>3001</sln:powIdTeryt><sln:powNazwa>chodzieski</sln:powNazwa><sln:waznyOd>2012-10-24T00:00:00+02:00</sln:waznyOd><sln:wojIIPId>c606b01a-76c8-480d-9470-f24ca0d7a613</sln:wojIIPId><sln:wojIIPPn>PL.PZGIK.200</sln:wojIIPPn><sln:wojIIPWersja>2016-05-05T18:20:48+02:00</sln:wojIIPWersja><sln:wojIdTeryt>30</sln:wojIdTeryt><sln:wojNazwa>wielkopolskie</sln:wojNazwa></sln:miejscowosc><sln:miejscowosc><sln:cyklZyciaOd>2017-03-28T00:00:00+02:00</sln:cyklZyciaOd><sln:gmIIPId>a684abfe-90d3-4e5e-9c41-b9362cf6076b</sln:gmIIPId><sln:gmIIPPn>PL.PZGIK.200</sln:gmIIPPn><sln:gmIIPWersja>2012-09-26T22:22:23+02:00</sln:gmIIPWersja><sln:gmIdTeryt>3001032</sln:gmIdTeryt><sln:gmNazwa>Chodzież</sln:gmNazwa><sln:miejscIIPId>d656d571-d914-4743-9581-8de4bc7884a9</sln:miejscIIPId><sln:miejscIIPPn>PL.PZGIK.200</sln:miejscIIPPn><sln:miejscIIPWersja>2017-03-28T16:14:23+02:00</sln:miejscIIPWersja><sln:miejscIdTeryt>0524565</sln:miejscIdTeryt><sln:miejscNazwa>Mirowo</sln:miejscNazwa><sln:miejscRodzaj>Inny obiekt</sln:miejscRodzaj><sln:powIIPId>9412ef04-6c6b-448a-9f10-c15e17808f12</sln:powIIPId><sln:powIIPPn>PL.PZGIK.200</sln:powIIPPn><sln:powIIPWersja>2012-09-27T08:59:03+02:00</sln:powIIPWersja><sln:powIdTeryt>3001</sln:powIdTeryt><sln:powNazwa>chodzieski</sln:powNazwa><sln:waznyOd>2012-10-24T00:00:00+02:00</sln:waznyOd><sln:wojIIPId>c606b01a-76c8-480d-9470-f24ca0d7a613</sln:wojIIPId><sln:wojIIPPn>PL.PZGIK.200</sln:wojIIPPn><sln:wojIIPWersja>2016-05-05T18:20:48+02:00</sln:wojIIPWersja><sln:wojIdTeryt>30</sln:wojIdTeryt><sln:wojNazwa>wielkopolskie</sln:wojNazwa></sln:miejscowosc><sln:miejscowosc><sln:cyklZyciaOd>2017-03-28T00:00:00+02:00</sln:cyklZyciaOd><sln:gmIIPId>a684abfe-90d3-4e5e-9c41-b9362cf6076b</sln:gmIIPId><sln:gmIIPPn>PL.PZGIK.200</sln:gmIIPPn><sln:gmIIPWersja>2012-09-26T22:22:23+02:00</sln:gmIIPWersja><sln:gmIdTeryt>3001032</sln:gmIdTeryt><sln:gmNazwa>Chodzież</sln:gmNazwa><sln:miejscIIPId>69a8d3c2-ba89-446b-86cf-5b36624606e1</sln:miejscIIPId><sln:miejscIIPPn>PL.PZGIK.200</sln:miejscIIPPn><sln:miejscIIPWersja>2017-03-28T16:14:23+02:00</sln:miejscIIPWersja><sln:miejscIdTeryt>0524571</sln:miejscIdTeryt><sln:miejscNazwa>Rudki</sln:miejscNazwa><sln:miejscRodzaj>Inny obiekt</sln:miejscRodzaj><sln:powIIPId>9412ef04-6c6b-448a-9f10-c15e17808f12</sln:powIIPId><sln:powIIPPn>PL.PZGIK.200</sln:powIIPPn><sln:powIIPWersja>2012-09-27T08:59:03+02:00</sln:powIIPWersja><sln:powIdTeryt>3001</sln:powIdTeryt><sln:powNazwa>chodzieski</sln:powNazwa><sln:waznyOd>2012-10-24T00:00:00+02:00</sln:waznyOd><sln:wojIIPId>c606b01a-76c8-480d-9470-f24ca0d7a613</sln:wojIIPId><sln:wojIIPPn>PL.PZGIK.200</sln:wojIIPPn><sln:wojIIPWersja>2016-05-05T18:20:48+02:00</sln:wojIIPWersja><sln:wojIdTeryt>30</sln:wojIdTeryt><sln:wojNazwa>wielkopolskie</sln:wojNazwa></sln:miejscowosc><sln:miejscowosc><sln:cyklZyciaOd>2017-03-28T00:00:00+02:00</sln:cyklZyciaOd><sln:gmIIPId>a684abfe-90d3-4e5e-9c41-b9362cf6076b</sln:gmIIPId><sln:gmIIPPn>PL.PZGIK.200</sln:gmIIPPn><sln:gmIIPWersja>2012-09-26T22:22:23+02:00</sln:gmIIPWersja><sln:gmIdTeryt>3001032</sln:gmIdTeryt><sln:gmNazwa>Chodzież</sln:gmNazwa><sln:miejscIIPId>9d4554a7-f886-43dc-9e78-b0477eddda87</sln:miejscIIPId><sln:miejscIIPPn>PL.PZGIK.200</sln:miejscIIPPn><sln:miejscIIPWersja>2017-03-28T16:14:23+02:00</sln:miejscIIPWersja><sln:miejscIdTeryt>0524588</sln:miejscIdTeryt><sln:miejscNazwa>Słomki</sln:miejscNazwa><sln:miejscRodzaj>Inny obiekt</sln:miejscRodzaj><sln:powIIPId>9412ef04-6c6b-448a-9f10-c15e17808f12</sln:powIIPId><sln:powIIPPn>PL.PZGIK.200</sln:powIIPPn><sln:powIIPWersja>2012-09-27T08:59:03+02:00</sln:powIIPWersja><sln:powIdTeryt>3001</sln:powIdTeryt><sln:powNazwa>chodzieski</sln:powNazwa><sln:waznyOd>2012-10-24T00:00:00+02:00</sln:waznyOd><sln:wojIIPId>c606b01a-76c8-480d-9470-f24ca0d7a613</sln:wojIIPId><sln:wojIIPPn>PL.PZGIK.200</sln:wojIIPPn><sln:wojIIPWersja>2016-05-05T18:20:48+02:00</sln:wojIIPWersja><sln:wojIdTeryt>30</sln:wojIdTeryt><sln:wojNazwa>wielkopolskie</sln:wojNazwa></sln:miejscowosc><sln:miejscowosc><sln:cyklZyciaOd>2017-03-28T00:00:00+02:00</sln:cyklZyciaOd><sln:gmIIPId>a684abfe-90d3-4e5e-9c41-b9362cf6076b</sln:gmIIPId><sln:gmIIPPn>PL.PZGIK.200</sln:gmIIPPn><sln:gmIIPWersja>2012-09-26T22:22:23+02:00</sln:gmIIPWersja><sln:gmIdTeryt>3001032</sln:gmIdTeryt><sln:gmNazwa>Chodzież</sln:gmNazwa><sln:miejscIIPId>6c467651-8a6c-49a8-b1bc-6c3ca87c0151</sln:miejscIIPId><sln:miejscIIPPn>PL.PZGIK.200</sln:miejscIIPPn><sln:miejscIIPWersja>2017-03-28T16:14:23+02:00</sln:miejscIIPWersja><sln:miejscIdTeryt>0524594</sln:miejscIdTeryt><sln:miejscNazwa>Milcz</sln:miejscNazwa><sln:miejscRodzaj>Wieś</sln:miejscRodzaj><sln:powIIPId>9412ef04-6c6b-448a-9f10-c15e17808f12</sln:powIIPId><sln:powIIPPn>PL.PZGIK.200</sln:powIIPPn><sln:powIIPWersja>2012-09-27T08:59:03+02:00</sln:powIIPWersja><sln:powIdTeryt>3001</sln:powIdTeryt><sln:powNazwa>chodzieski</sln:powNazwa><sln:waznyOd>2012-10-24T00:00:00+02:00</sln:waznyOd><sln:wojIIPId>c606b01a-76c8-480d-9470-f24ca0d7a613</sln:wojIIPId><sln:wojIIPPn>PL.PZGIK.200</sln:wojIIPPn><sln:wojIIPWersja>2016-05-05T18:20:48+02:00</sln:wojIIPWersja><sln:wojIdTeryt>30</sln:wojIdTeryt><sln:wojNazwa>wielkopolskie</sln:wojNazwa></sln:miejscowosc><sln:miejscowosc><sln:cyklZyciaOd>2017-03-28T00:00:00+02:00</sln:cyklZyciaOd><sln:gmIIPId>a684abfe-90d3-4e5e-9c41-b9362cf6076b</sln:gmIIPId><sln:gmIIPPn>PL.PZGIK.200</sln:gmIIPPn><sln:gmIIPWersja>2012-09-26T22:22:23+02:00</sln:gmIIPWersja><sln:gmIdTeryt>3001032</sln:gmIdTeryt><sln:gmNazwa>Chodzież</sln:gmNazwa><sln:miejscIIPId>3d4ec107-6c43-41e2-a83c-d09f1da68fee</sln:miejscIIPId><sln:miejscIIPPn>PL.PZGIK.200</sln:miejscIIPPn><sln:miejscIIPWersja>2017-03-28T16:14:23+02:00</sln:miejscIIPWersja><sln:miejscIdTeryt>0524602</sln:miejscIdTeryt><sln:miejscNazwa>Ciszewo</sln:miejscNazwa><sln:miejscRodzaj>Inny obiekt</sln:miejscRodzaj><sln:powIIPId>9412ef04-6c6b-448a-9f10-c15e17808f12</sln:powIIPId><sln:powIIPPn>PL.PZGIK.200</sln:powIIPPn><sln:powIIPWersja>2012-09-27T08:59:03+02:00</sln:powIIPWersja><sln:powIdTeryt>3001</sln:powIdTeryt><sln:powNazwa>chodzieski</sln:powNazwa><sln:waznyOd>2012-10-24T00:00:00+02:00</sln:waznyOd><sln:wojIIPId>c606b01a-76c8-480d-9470-f24ca0d7a613</sln:wojIIPId><sln:wojIIPPn>PL.PZGIK.200</sln:wojIIPPn><sln:wojIIPWersja>2016-05-05T18:20:48+02:00</sln:wojIIPWersja><sln:wojIdTeryt>30</sln:wojIdTeryt><sln:wojNazwa>wielkopolskie</sln:wojNazwa></sln:miejscowosc><sln:miejscowosc><sln:cyklZyciaOd>2017-03-28T00:00:00+02:00</sln:cyklZyciaOd><sln:gmIIPId>a684abfe-90d3-4e5e-9c41-b9362cf6076b</sln:gmIIPId><sln:gmIIPPn>PL.PZGIK.200</sln:gmIIPPn><sln:gmIIPWersja>2012-09-26T22:22:23+02:00</sln:gmIIPWersja><sln:gmIdTeryt>3001032</sln:gmIdTeryt><sln:gmNazwa>Chodzież</sln:gmNazwa><sln:miejscIIPId>6604cb00-84a5-4e21-b600-df02efa00c1d</sln:miejscIIPId><sln:miejscIIPPn>PL.PZGIK.200</sln:miejscIIPPn><sln:miejscIIPWersja>2017-03-28T16:14:23+02:00</sln:miejscIIPWersja><sln:miejscIdTeryt>0524619</sln:miejscIdTeryt><sln:miejscNazwa>Kamionka</sln:miejscNazwa><sln:miejscRodzaj>Wieś</sln:miejscRodzaj><sln:powIIPId>9412ef04-6c6b-448a-9f10-c15e17808f12</sln:powIIPId><sln:powIIPPn>PL.PZGIK.200</sln:powIIPPn><sln:powIIPWersja>2012-09-27T08:59:03+02:00</sln:powIIPWersja><sln:powIdTeryt>3001</sln:powIdTeryt><sln:powNazwa>chodzieski</sln:powNazwa><sln:waznyOd>2012-10-24T00:00:00+02:00</sln:waznyOd><sln:wojIIPId>c606b01a-76c8-480d-9470-f24ca0d7a613</sln:wojIIPId><sln:wojIIPPn>PL.PZGIK.200</sln:wojIIPPn><sln:wojIIPWersja>2016-05-05T18:20:48+02:00</sln:wojIIPWersja><sln:wojIdTeryt>30</sln:wojIdTeryt><sln:wojNazwa>wielkopolskie</sln:wojNazwa></sln:miejscowosc><sln:miejscowosc><sln:cyklZyciaOd>2017-03-28T00:00:00+02:00</sln:cyklZyciaOd><sln:gmIIPId>a684abfe-90d3-4e5e-9c41-b9362cf6076b</sln:gmIIPId><sln:gmIIPPn>PL.PZGIK.200</sln:gmIIPPn><sln:gmIIPWersja>2012-09-26T22:22:23+02:00</sln:gmIIPWersja><sln:gmIdTeryt>3001032</sln:gmIdTeryt><sln:gmNazwa>Chodzież</sln:gmNazwa><sln:miejscIIPId>18df8f15-c8c5-4d4e-bcdb-10b90ced0e60</sln:miejscIIPId><sln:miejscIIPPn>PL.PZGIK.200</sln:miejscIIPPn><sln:miejscIIPWersja>2017-03-28T16:14:23+02:00</sln:miejscIIPWersja><sln:miejscIdTeryt>0524625</sln:miejscIdTeryt><sln:miejscNazwa>Nietuszkowo</sln:miejscNazwa><sln:miejscRodzaj>Wieś</sln:miejscRodzaj><sln:powIIPId>9412ef04-6c6b-448a-9f10-c15e17808f12</sln:powIIPId><sln:powIIPPn>PL.PZGIK.200</sln:powIIPPn><sln:powIIPWersja>2012-09-27T08:59:03+02:00</sln:powIIPWersja><sln:powIdTeryt>3001</sln:powIdTeryt><sln:powNazwa>chodzieski</sln:powNazwa><sln:waznyOd>2012-10-24T00:00:00+02:00</sln:waznyOd><sln:wojIIPId>c606b01a-76c8-480d-9470-f24ca0d7a613</sln:wojIIPId><sln:wojIIPPn>PL.PZGIK.200</sln:wojIIPPn><sln:wojIIPWersja>2016-05-05T18:20:48+02:00</sln:wojIIPWersja><sln:wojIdTeryt>30</sln:wojIdTeryt><sln:wojNazwa>wielkopolskie</sln:wojNazwa></sln:miejscowosc><sln:miejscowosc><sln:cyklZyciaOd>2017-03-28T00:00:00+02:00</sln:cyklZyciaOd><sln:gmIIPId>a684abfe-90d3-4e5e-9c41-b9362cf6076b</sln:gmIIPId><sln:gmIIPPn>PL.PZGIK.200</sln:gmIIPPn><sln:gmIIPWersja>2012-09-26T22:22:23+02:00</sln:gmIIPWersja><sln:gmIdTeryt>3001032</sln:gmIdTeryt><sln:gmNazwa>Chodzież</sln:gmNazwa><sln:miejscIIPId>6e968f6d-bd66-490f-9369-d2e6baba86a2</sln:miejscIIPId><sln:miejscIIPPn>PL.PZGIK.200</sln:miejscIIPPn><sln:miejscIIPWersja>2017-03-28T16:14:23+02:00</sln:miejscIIPWersja><sln:miejscIdTeryt>0524631</sln:miejscIdTeryt><sln:miejscNazwa>Oleśnica</sln:miejscNazwa><sln:miejscRodzaj>Wieś</sln:miejscRodzaj><sln:powIIPId>9412ef04-6c6b-448a-9f10-c15e17808f12</sln:powIIPId><sln:powIIPPn>PL.PZGIK.200</sln:powIIPPn><sln:powIIPWersja>2012-09-27T08:59:03+02:00</sln:powIIPWersja><sln:powIdTeryt>3001</sln:powIdTeryt><sln:powNazwa>chodzieski</sln:powNazwa><sln:waznyOd>2012-10-24T00:00:00+02:00</sln:waznyOd><sln:wojIIPId>c606b01a-76c8-480d-9470-f24ca0d7a613</sln:wojIIPId><sln:wojIIPPn>PL.PZGIK.200</sln:wojIIPPn><sln:wojIIPWersja>2016-05-05T18:20:48+02:00</sln:wojIIPWersja><sln:wojIdTeryt>30</sln:wojIdTeryt><sln:wojNazwa>wielkopolskie</sln:wojNazwa></sln:miejscowosc><sln:miejscowosc><sln:cyklZyciaOd>2017-03-28T00:00:00+02:00</sln:cyklZyciaOd><sln:gmIIPId>a684abfe-90d3-4e5e-9c41-b9362cf6076b</sln:gmIIPId><sln:gmIIPPn>PL.PZGIK.200</sln:gmIIPPn><sln:gmIIPWersja>2012-09-26T22:22:23+02:00</sln:gmIIPWersja><sln:gmIdTeryt>3001032</sln:gmIdTeryt><sln:gmNazwa>Chodzież</sln:gmNazwa><sln:miejscIIPId>20bb246e-2a3f-42ad-b76a-301cc83b7e66</sln:miejscIIPId><sln:miejscIIPPn>PL.PZGIK.200</sln:miejscIIPPn><sln:miejscIIPWersja>2017-03-28T16:14:23+02:00</sln:miejscIIPWersja><sln:miejscIdTeryt>0524648</sln:miejscIdTeryt><sln:miejscNazwa>Cisze</sln:miejscNazwa><sln:miejscRodzaj>Przysiółek</sln:miejscRodzaj><sln:powIIPId>9412ef04-6c6b-448a-9f10-c15e17808f12</sln:powIIPId><sln:powIIPPn>PL.PZGIK.200</sln:powIIPPn><sln:powIIPWersja>2012-09-27T08:59:03+02:00</sln:powIIPWersja><sln:powIdTeryt>3001</sln:powIdTeryt><sln:powNazwa>chodzieski</sln:powNazwa><sln:waznyOd>2012-10-24T00:00:00+02:00</sln:waznyOd><sln:wojIIPId>c606b01a-76c8-480d-9470-f24ca0d7a613</sln:wojIIPId><sln:wojIIPPn>PL.PZGIK.200</sln:wojIIPPn><sln:wojIIPWersja>2016-05-05T18:20:48+02:00</sln:wojIIPWersja><sln:wojIdTeryt>30</sln:wojIdTeryt><sln:wojNazwa>wielkopolskie</sln:wojNazwa></sln:miejscowosc><sln:miejscowosc><sln:cyklZyciaOd>2017-03-28T00:00:00+02:00</sln:cyklZyciaOd><sln:gmIIPId>a684abfe-90d3-4e5e-9c41-b9362cf6076b</sln:gmIIPId><sln:gmIIPPn>PL.PZGIK.200</sln:gmIIPPn><sln:gmIIPWersja>2012-09-26T22:22:23+02:00</sln:gmIIPWersja><sln:gmIdTeryt>3001032</sln:gmIdTeryt><sln:gmNazwa>Chodzież</sln:gmNazwa><sln:miejscIIPId>4b2b57dc-bee9-4019-9e06-bb94753b9be9</sln:miejscIIPId><sln:miejscIIPPn>PL.PZGIK.200</sln:miejscIIPPn><sln:miejscIIPWersja>2017-03-28T16:14:23+02:00</sln:miejscIIPWersja><sln:miejscIdTeryt>0524654</sln:miejscIdTeryt><sln:miejscNazwa>Drzązgowo</sln:miejscNazwa><sln:miejscRodzaj>Osada leśna</sln:miejscRodzaj><sln:powIIPId>9412ef04-6c6b-448a-9f10-c15e17808f12</sln:powIIPId><sln:powIIPPn>PL.PZGIK.200</sln:powIIPPn><sln:powIIPWersja>2012-09-27T08:59:03+02:00</sln:powIIPWersja><sln:powIdTeryt>3001</sln:powIdTeryt><sln:powNazwa>chodzieski</sln:powNazwa><sln:waznyOd>2012-10-24T00:00:00+02:00</sln:waznyOd><sln:wojIIPId>c606b01a-76c8-480d-9470-f24ca0d7a613</sln:wojIIPId><sln:wojIIPPn>PL.PZGIK.200</sln:wojIIPPn><sln:wojIIPWersja>2016-05-05T18:20:48+02:00</sln:wojIIPWersja><sln:wojIdTeryt>30</sln:wojIdTeryt><sln:wojNazwa>wielkopolskie</sln:wojNazwa></sln:miejscowosc><sln:miejscowosc><sln:cyklZyciaOd>2017-03-28T00:00:00+02:00</sln:cyklZyciaOd><sln:gmIIPId>a684abfe-90d3-4e5e-9c41-b9362cf6076b</sln:gmIIPId><sln:gmIIPPn>PL.PZGIK.200</sln:gmIIPPn><sln:gmIIPWersja>2012-09-26T22:22:23+02:00</sln:gmIIPWersja><sln:gmIdTeryt>3001032</sln:gmIdTeryt><sln:gmNazwa>Chodzież</sln:gmNazwa><sln:miejscIIPId>ddc4bb2e-06d6-4bc9-b06c-02b8cfb8245d</sln:miejscIIPId><sln:miejscIIPPn>PL.PZGIK.200</sln:miejscIIPPn><sln:miejscIIPWersja>2017-03-28T16:14:24+02:00</sln:miejscIIPWersja><sln:miejscIdTeryt>0524660</sln:miejscIdTeryt><sln:miejscNazwa>Jacewko</sln:miejscNazwa><sln:miejscRodzaj>Osada leśna</sln:miejscRodzaj><sln:powIIPId>9412ef04-6c6b-448a-9f10-c15e17808f12</sln:powIIPId><sln:powIIPPn>PL.PZGIK.200</sln:powIIPPn><sln:powIIPWersja>2012-09-27T08:59:03+02:00</sln:powIIPWersja><sln:powIdTeryt>3001</sln:powIdTeryt><sln:powNazwa>chodzieski</sln:powNazwa><sln:waznyOd>2012-10-24T00:00:00+02:00</sln:waznyOd><sln:wojIIPId>c606b01a-76c8-480d-9470-f24ca0d7a613</sln:wojIIPId><sln:wojIIPPn>PL.PZGIK.200</sln:wojIIPPn><sln:wojIIPWersja>2016-05-05T18:20:48+02:00</sln:wojIIPWersja><sln:wojIdTeryt>30</sln:wojIdTeryt><sln:wojNazwa>wielkopolskie</sln:wojNazwa></sln:miejscowosc><sln:miejscowosc><sln:cyklZyciaOd>2017-03-28T00:00:00+02:00</sln:cyklZyciaOd><sln:gmIIPId>a684abfe-90d3-4e5e-9c41-b9362cf6076b</sln:gmIIPId><sln:gmIIPPn>PL.PZGIK.200</sln:gmIIPPn><sln:gmIIPWersja>2012-09-26T22:22:23+02:00</sln:gmIIPWersja><sln:gmIdTeryt>3001032</sln:gmIdTeryt><sln:gmNazwa>Chodzież</sln:gmNazwa><sln:miejscIIPId>061ddfff-5c81-479f-9b03-858baf0d6cc1</sln:miejscIIPId><sln:miejscIIPPn>PL.PZGIK.200</sln:miejscIIPPn><sln:miejscIIPWersja>2017-03-28T16:14:24+02:00</sln:miejscIIPWersja><sln:miejscIdTeryt>0524677</sln:miejscIdTeryt><sln:miejscNazwa>Kierzkowice</sln:miejscNazwa><sln:miejscRodzaj>Osada</sln:miejscRodzaj><sln:powIIPId>9412ef04-6c6b-448a-9f10-c15e17808f12</sln:powIIPId><sln:powIIPPn>PL.PZGIK.200</sln:powIIPPn><sln:powIIPWersja>2012-09-27T08:59:03+02:00</sln:powIIPWersja><sln:powIdTeryt>3001</sln:powIdTeryt><sln:powNazwa>chodzieski</sln:powNazwa><sln:waznyOd>2012-10-24T00:00:00+02:00</sln:waznyOd><sln:wojIIPId>c606b01a-76c8-480d-9470-f24ca0d7a613</sln:wojIIPId><sln:wojIIPPn>PL.PZGIK.200</sln:wojIIPPn><sln:wojIIPWersja>2016-05-05T18:20:48+02:00</sln:wojIIPWersja><sln:wojIdTeryt>30</sln:wojIdTeryt><sln:wojNazwa>wielkopolskie</sln:wojNazwa></sln:miejscowosc><sln:miejscowosc><sln:cyklZyciaOd>2017-03-28T00:00:00+02:00</sln:cyklZyciaOd><sln:gmIIPId>a684abfe-90d3-4e5e-9c41-b9362cf6076b</sln:gmIIPId><sln:gmIIPPn>PL.PZGIK.200</sln:gmIIPPn><sln:gmIIPWersja>2012-09-26T22:22:23+02:00</sln:gmIIPWersja><sln:gmIdTeryt>3001032</sln:gmIdTeryt><sln:gmNazwa>Chodzież</sln:gmNazwa><sln:miejscIIPId>11da87da-d33b-4795-9b48-c50a89f910c3</sln:miejscIIPId><sln:miejscIIPPn>PL.PZGIK.200</sln:miejscIIPPn><sln:miejscIIPWersja>2017-03-28T16:14:24+02:00</sln:miejscIIPWersja><sln:miejscIdTeryt>0524683</sln:miejscIdTeryt><sln:miejscNazwa>Trojanka</sln:miejscNazwa><sln:miejscRodzaj>Osada</sln:miejscRodzaj><sln:powIIPId>9412ef04-6c6b-448a-9f10-c15e17808f12</sln:powIIPId><sln:powIIPPn>PL.PZGIK.200</sln:powIIPPn><sln:powIIPWersja>2012-09-27T08:59:03+02:00</sln:powIIPWersja><sln:powIdTeryt>3001</sln:powIdTeryt><sln:powNazwa>chodzieski</sln:powNazwa><sln:waznyOd>2012-10-24T00:00:00+02:00</sln:waznyOd><sln:wojIIPId>c606b01a-76c8-480d-9470-f24ca0d7a613</sln:wojIIPId><sln:wojIIPPn>PL.PZGIK.200</sln:wojIIPPn><sln:wojIIPWersja>2016-05-05T18:20:48+02:00</sln:wojIIPWersja><sln:wojIdTeryt>30</sln:wojIdTeryt><sln:wojNazwa>wielkopolskie</sln:wojNazwa></sln:miejscowosc><sln:miejscowosc><sln:cyklZyciaOd>2017-03-28T00:00:00+02:00</sln:cyklZyciaOd><sln:gmIIPId>a684abfe-90d3-4e5e-9c41-b9362cf6076b</sln:gmIIPId><sln:gmIIPPn>PL.PZGIK.200</sln:gmIIPPn><sln:gmIIPWersja>2012-09-26T22:22:23+02:00</sln:gmIIPWersja><sln:gmIdTeryt>3001032</sln:gmIdTeryt><sln:gmNazwa>Chodzież</sln:gmNazwa><sln:miejscIIPId>9bdf55a6-7e00-42ad-b797-d0c7e1b299c3</sln:miejscIIPId><sln:miejscIIPPn>PL.PZGIK.200</sln:miejscIIPPn><sln:miejscIIPWersja>2017-03-28T16:14:24+02:00</sln:miejscIIPWersja><sln:miejscIdTeryt>0524690</sln:miejscIdTeryt><sln:miejscNazwa>Pietronki</sln:miejscNazwa><sln:miejscRodzaj>Wieś</sln:miejscRodzaj><sln:powIIPId>9412ef04-6c6b-448a-9f10-c15e17808f12</sln:powIIPId><sln:powIIPPn>PL.PZGIK.200</sln:powIIPPn><sln:powIIPWersja>2012-09-27T08:59:03+02:00</sln:powIIPWersja><sln:powIdTeryt>3001</sln:powIdTeryt><sln:powNazwa>chodzieski</sln:powNazwa><sln:waznyOd>2012-10-24T00:00:00+02:00</sln:waznyOd><sln:wojIIPId>c606b01a-76c8-480d-9470-f24ca0d7a613</sln:wojIIPId><sln:wojIIPPn>PL.PZGIK.200</sln:wojIIPPn><sln:wojIIPWersja>2016-05-05T18:20:48+02:00</sln:wojIIPWersja><sln:wojIdTeryt>30</sln:wojIdTeryt><sln:wojNazwa>wielkopolskie</sln:wojNazwa></sln:miejscowosc><sln:miejscowosc><sln:cyklZyciaOd>2017-03-28T00:00:00+02:00</sln:cyklZyciaOd><sln:gmIIPId>a684abfe-90d3-4e5e-9c41-b9362cf6076b</sln:gmIIPId><sln:gmIIPPn>PL.PZGIK.200</sln:gmIIPPn><sln:gmIIPWersja>2012-09-26T22:22:23+02:00</sln:gmIIPWersja><sln:gmIdTeryt>3001032</sln:gmIdTeryt><sln:gmNazwa>Chodzież</sln:gmNazwa><sln:miejscIIPId>7b820afe-af66-4d59-bf84-54043f521970</sln:miejscIIPId><sln:miejscIIPPn>PL.PZGIK.200</sln:miejscIIPPn><sln:miejscIIPWersja>2017-03-28T16:14:24+02:00</sln:miejscIIPWersja><sln:miejscIdTeryt>0524708</sln:miejscIdTeryt><sln:miejscNazwa>Podanin</sln:miejscNazwa><sln:miejscRodzaj>Wieś</sln:miejscRodzaj><sln:powIIPId>9412ef04-6c6b-448a-9f10-c15e17808f12</sln:powIIPId><sln:powIIPPn>PL.PZGIK.200</sln:powIIPPn><sln:powIIPWersja>2012-09-27T08:59:03+02:00</sln:powIIPWersja><sln:powIdTeryt>3001</sln:powIdTeryt><sln:powNazwa>chodzieski</sln:powNazwa><sln:waznyOd>2012-10-24T00:00:00+02:00</sln:waznyOd><sln:wojIIPId>c606b01a-76c8-480d-9470-f24ca0d7a613</sln:wojIIPId><sln:wojIIPPn>PL.PZGIK.200</sln:wojIIPPn><sln:wojIIPWersja>2016-05-05T18:20:48+02:00</sln:wojIIPWersja><sln:wojIdTeryt>30</sln:wojIdTeryt><sln:wojNazwa>wielkopolskie</sln:wojNazwa></sln:miejscowosc><sln:miejscowosc><sln:cyklZyciaOd>2017-03-28T00:00:00+02:00</sln:cyklZyciaOd><sln:gmIIPId>a684abfe-90d3-4e5e-9c41-b9362cf6076b</sln:gmIIPId><sln:gmIIPPn>PL.PZGIK.200</sln:gmIIPPn><sln:gmIIPWersja>2012-09-26T22:22:23+02:00</sln:gmIIPWersja><sln:gmIdTeryt>3001032</sln:gmIdTeryt><sln:gmNazwa>Chodzież</sln:gmNazwa><sln:miejscIIPId>e397c4dd-f8e5-4219-96d7-74a49ba0ffd2</sln:miejscIIPId><sln:miejscIIPPn>PL.PZGIK.200</sln:miejscIIPPn><sln:miejscIIPWersja>2017-03-28T16:14:24+02:00</sln:miejscIIPWersja><sln:miejscIdTeryt>0524714</sln:miejscIdTeryt><sln:miejscNazwa>Stróżewko</sln:miejscNazwa><sln:miejscRodzaj>Osada</sln:miejscRodzaj><sln:powIIPId>9412ef04-6c6b-448a-9f10-c15e17808f12</sln:powIIPId><sln:powIIPPn>PL.PZGIK.200</sln:powIIPPn><sln:powIIPWersja>2012-09-27T08:59:03+02:00</sln:powIIPWersja><sln:powIdTeryt>3001</sln:powIdTeryt><sln:powNazwa>chodzieski</sln:powNazwa><sln:waznyOd>2012-10-24T00:00:00+02:00</sln:waznyOd><sln:wojIIPId>c606b01a-76c8-480d-9470-f24ca0d7a613</sln:wojIIPId><sln:wojIIPPn>PL.PZGIK.200</sln:wojIIPPn><sln:wojIIPWersja>2016-05-05T18:20:48+02:00</sln:wojIIPWersja><sln:wojIdTeryt>30</sln:wojIdTeryt><sln:wojNazwa>wielkopolskie</sln:wojNazwa></sln:miejscowosc><sln:miejscowosc><sln:cyklZyciaOd>2017-03-28T00:00:00+02:00</sln:cyklZyciaOd><sln:gmIIPId>a684abfe-90d3-4e5e-9c41-b9362cf6076b</sln:gmIIPId><sln:gmIIPPn>PL.PZGIK.200</sln:gmIIPPn><sln:gmIIPWersja>2012-09-26T22:22:23+02:00</sln:gmIIPWersja><sln:gmIdTeryt>3001032</sln:gmIdTeryt><sln:gmNazwa>Chodzież</sln:gmNazwa><sln:miejscIIPId>c4fb5bb8-a301-4ff6-94cc-6d612bc7586f</sln:miejscIIPId><sln:miejscIIPPn>PL.PZGIK.200</sln:miejscIIPPn><sln:miejscIIPWersja>2017-03-28T16:14:24+02:00</sln:miejscIIPWersja><sln:miejscIdTeryt>0524720</sln:miejscIdTeryt><sln:miejscNazwa>Rataje</sln:miejscNazwa><sln:miejscRodzaj>Wieś</sln:miejscRodzaj><sln:powIIPId>9412ef04-6c6b-448a-9f10-c15e17808f12</sln:powIIPId><sln:powIIPPn>PL.PZGIK.200</sln:powIIPPn><sln:powIIPWersja>2012-09-27T08:59:03+02:00</sln:powIIPWersja><sln:powIdTeryt>3001</sln:powIdTeryt><sln:powNazwa>chodzieski</sln:powNazwa><sln:waznyOd>2012-10-24T00:00:00+02:00</sln:waznyOd><sln:wojIIPId>c606b01a-76c8-480d-9470-f24ca0d7a613</sln:wojIIPId><sln:wojIIPPn>PL.PZGIK.200</sln:wojIIPPn><sln:wojIIPWersja>2016-05-05T18:20:48+02:00</sln:wojIIPWersja><sln:wojIdTeryt>30</sln:wojIdTeryt><sln:wojNazwa>wielkopolskie</sln:wojNazwa></sln:miejscowosc><sln:miejscowosc><sln:cyklZyciaOd>2017-03-28T00:00:00+02:00</sln:cyklZyciaOd><sln:gmIIPId>a684abfe-90d3-4e5e-9c41-b9362cf6076b</sln:gmIIPId><sln:gmIIPPn>PL.PZGIK.200</sln:gmIIPPn><sln:gmIIPWersja>2012-09-26T22:22:23+02:00</sln:gmIIPWersja><sln:gmIdTeryt>3001032</sln:gmIdTeryt><sln:gmNazwa>Chodzież</sln:gmNazwa><sln:miejscIIPId>63696815-24b1-4dc9-a5d1-03cb159c8fda</sln:miejscIIPId><sln:miejscIIPPn>PL.PZGIK.200</sln:miejscIIPPn><sln:miejscIIPWersja>2017-03-28T16:14:24+02:00</sln:miejscIIPWersja><sln:miejscIdTeryt>0524737</sln:miejscIdTeryt><sln:miejscNazwa>Stróżewice</sln:miejscNazwa><sln:miejscRodzaj>Wieś</sln:miejscRodzaj><sln:powIIPId>9412ef04-6c6b-448a-9f10-c15e17808f12</sln:powIIPId><sln:powIIPPn>PL.PZGIK.200</sln:powIIPPn><sln:powIIPWersja>2012-09-27T08:59:03+02:00</sln:powIIPWersja><sln:powIdTeryt>3001</sln:powIdTeryt><sln:powNazwa>chodzieski</sln:powNazwa><sln:waznyOd>2012-10-24T00:00:00+02:00</sln:waznyOd><sln:wojIIPId>c606b01a-76c8-480d-9470-f24ca0d7a613</sln:wojIIPId><sln:wojIIPPn>PL.PZGIK.200</sln:wojIIPPn><sln:wojIIPWersja>2016-05-05T18:20:48+02:00</sln:wojIIPWersja><sln:wojIdTeryt>30</sln:wojIdTeryt><sln:wojNazwa>wielkopolskie</sln:wojNazwa></sln:miejscowosc><sln:miejscowosc><sln:cyklZyciaOd>2017-03-28T00:00:00+02:00</sln:cyklZyciaOd><sln:gmIIPId>a684abfe-90d3-4e5e-9c41-b9362cf6076b</sln:gmIIPId><sln:gmIIPPn>PL.PZGIK.200</sln:gmIIPPn><sln:gmIIPWersja>2012-09-26T22:22:23+02:00</sln:gmIIPWersja><sln:gmIdTeryt>3001032</sln:gmIdTeryt><sln:gmNazwa>Chodzież</sln:gmNazwa><sln:miejscIIPId>77d2147a-1c2c-4b5a-aa1b-b09bc6c2e574</sln:miejscIIPId><sln:miejscIIPPn>PL.PZGIK.200</sln:miejscIIPPn><sln:miejscIIPWersja>2017-03-28T16:14:24+02:00</sln:miejscIIPWersja><sln:miejscIdTeryt>0524743</sln:miejscIdTeryt><sln:miejscNazwa>Trzaskowice</sln:miejscNazwa><sln:miejscRodzaj>Wieś</sln:miejscRodzaj><sln:powIIPId>9412ef04-6c6b-448a-9f10-c15e17808f12</sln:powIIPId><sln:powIIPPn>PL.PZGIK.200</sln:powIIPPn><sln:powIIPWersja>2012-09-27T08:59:03+02:00</sln:powIIPWersja><sln:powIdTeryt>3001</sln:powIdTeryt><sln:powNazwa>chodzieski</sln:powNazwa><sln:waznyOd>2012-10-24T00:00:00+02:00</sln:waznyOd><sln:wojIIPId>c606b01a-76c8-480d-9470-f24ca0d7a613</sln:wojIIPId><sln:wojIIPPn>PL.PZGIK.200</sln:wojIIPPn><sln:wojIIPWersja>2016-05-05T18:20:48+02:00</sln:wojIIPWersja><sln:wojIdTeryt>30</sln:wojIdTeryt><sln:wojNazwa>wielkopolskie</sln:wojNazwa></sln:miejscowosc><sln:miejscowosc><sln:cyklZyciaOd>2017-03-28T00:00:00+02:00</sln:cyklZyciaOd><sln:gmIIPId>a684abfe-90d3-4e5e-9c41-b9362cf6076b</sln:gmIIPId><sln:gmIIPPn>PL.PZGIK.200</sln:gmIIPPn><sln:gmIIPWersja>2012-09-26T22:22:23+02:00</sln:gmIIPWersja><sln:gmIdTeryt>3001032</sln:gmIdTeryt><sln:gmNazwa>Chodzież</sln:gmNazwa><sln:miejscIIPId>4dd1016b-309a-4d40-99a4-0a4387ba067f</sln:miejscIIPId><sln:miejscIIPPn>PL.PZGIK.200</sln:miejscIIPPn><sln:miejscIIPWersja>2017-03-28T16:14:24+02:00</sln:miejscIIPWersja><sln:miejscIdTeryt>0524750</sln:miejscIdTeryt><sln:miejscNazwa>Stróżewo</sln:miejscNazwa><sln:miejscRodzaj>Wieś</sln:miejscRodzaj><sln:powIIPId>9412ef04-6c6b-448a-9f10-c15e17808f12</sln:powIIPId><sln:powIIPPn>PL.PZGIK.200</sln:powIIPPn><sln:powIIPWersja>2012-09-27T08:59:03+02:00</sln:powIIPWersja><sln:powIdTeryt>3001</sln:powIdTeryt><sln:powNazwa>chodzieski</sln:powNazwa><sln:waznyOd>2012-10-24T00:00:00+02:00</sln:waznyOd><sln:wojIIPId>c606b01a-76c8-480d-9470-f24ca0d7a613</sln:wojIIPId><sln:wojIIPPn>PL.PZGIK.200</sln:wojIIPPn><sln:wojIIPWersja>2016-05-05T18:20:48+02:00</sln:wojIIPWersja><sln:wojIdTeryt>30</sln:wojIdTeryt><sln:wojNazwa>wielkopolskie</sln:wojNazwa></sln:miejscowosc><sln:miejscowosc><sln:cyklZyciaOd>2017-03-28T00:00:00+02:00</sln:cyklZyciaOd><sln:gmIIPId>a684abfe-90d3-4e5e-9c41-b9362cf6076b</sln:gmIIPId><sln:gmIIPPn>PL.PZGIK.200</sln:gmIIPPn><sln:gmIIPWersja>2012-09-26T22:22:23+02:00</sln:gmIIPWersja><sln:gmIdTeryt>3001032</sln:gmIdTeryt><sln:gmNazwa>Chodzież</sln:gmNazwa><sln:miejscIIPId>53285332-2cfd-4c6f-bc4a-4066087fcbb4</sln:miejscIIPId><sln:miejscIIPPn>PL.PZGIK.200</sln:miejscIIPPn><sln:miejscIIPWersja>2017-03-28T16:14:24+02:00</sln:miejscIIPWersja><sln:miejscIdTeryt>0524766</sln:miejscIdTeryt><sln:miejscNazwa>Krystynka</sln:miejscNazwa><sln:miejscRodzaj>Przysiółek</sln:miejscRodzaj><sln:powIIPId>9412ef04-6c6b-448a-9f10-c15e17808f12</sln:powIIPId><sln:powIIPPn>PL.PZGIK.200</sln:powIIPPn><sln:powIIPWersja>2012-09-27T08:59:03+02:00</sln:powIIPWersja><sln:powIdTeryt>3001</sln:powIdTeryt><sln:powNazwa>chodzieski</sln:powNazwa><sln:waznyOd>2012-10-24T00:00:00+02:00</sln:waznyOd><sln:wojIIPId>c606b01a-76c8-480d-9470-f24ca0d7a613</sln:wojIIPId><sln:wojIIPPn>PL.PZGIK.200</sln:wojIIPPn><sln:wojIIPWersja>2016-05-05T18:20:48+02:00</sln:wojIIPWersja><sln:wojIdTeryt>30</sln:wojIdTeryt><sln:wojNazwa>wielkopolskie</sln:wojNazwa></sln:miejscowosc><sln:miejscowosc><sln:cyklZyciaOd>2017-03-28T00:00:00+02:00</sln:cyklZyciaOd><sln:gmIIPId>a684abfe-90d3-4e5e-9c41-b9362cf6076b</sln:gmIIPId><sln:gmIIPPn>PL.PZGIK.200</sln:gmIIPPn><sln:gmIIPWersja>2012-09-26T22:22:23+02:00</sln:gmIIPWersja><sln:gmIdTeryt>3001032</sln:gmIdTeryt><sln:gmNazwa>Chodzież</sln:gmNazwa><sln:miejscIIPId>b105672c-3e2e-4350-b2fa-eb9f7b193195</sln:miejscIIPId><sln:miejscIIPPn>PL.PZGIK.200</sln:miejscIIPPn><sln:miejscIIPWersja>2017-03-28T16:14:24+02:00</sln:miejscIIPWersja><sln:miejscIdTeryt>0524772</sln:miejscIdTeryt><sln:miejscNazwa>Strzelęcin</sln:miejscNazwa><sln:miejscRodzaj>Wieś</sln:miejscRodzaj><sln:powIIPId>9412ef04-6c6b-448a-9f10-c15e17808f12</sln:powIIPId><sln:powIIPPn>PL.PZGIK.200</sln:powIIPPn><sln:powIIPWersja>2012-09-27T08:59:03+02:00</sln:powIIPWersja><sln:powIdTeryt>3001</sln:powIdTeryt><sln:powNazwa>chodzieski</sln:powNazwa><sln:waznyOd>2012-10-24T00:00:00+02:00</sln:waznyOd><sln:wojIIPId>c606b01a-76c8-480d-9470-f24ca0d7a613</sln:wojIIPId><sln:wojIIPPn>PL.PZGIK.200</sln:wojIIPPn><sln:wojIIPWersja>2016-05-05T18:20:48+02:00</sln:wojIIPWersja><sln:wojIdTeryt>30</sln:wojIdTeryt><sln:wojNazwa>wielkopolskie</sln:wojNazwa></sln:miejscowosc><sln:miejscowosc><sln:cyklZyciaOd>2017-03-28T00:00:00+02:00</sln:cyklZyciaOd><sln:gmIIPId>a684abfe-90d3-4e5e-9c41-b9362cf6076b</sln:gmIIPId><sln:gmIIPPn>PL.PZGIK.200</sln:gmIIPPn><sln:gmIIPWersja>2012-09-26T22:22:23+02:00</sln:gmIIPWersja><sln:gmIdTeryt>3001032</sln:gmIdTeryt><sln:gmNazwa>Chodzież</sln:gmNazwa><sln:miejscIIPId>c60bf152-93d6-438f-ae9e-f639baa47286</sln:miejscIIPId><sln:miejscIIPPn>PL.PZGIK.200</sln:miejscIIPPn><sln:miejscIIPWersja>2017-03-28T16:14:24+02:00</sln:miejscIIPWersja><sln:miejscIdTeryt>0524789</sln:miejscIdTeryt><sln:miejscNazwa>Strzelce</sln:miejscNazwa><sln:miejscRodzaj>Wieś</sln:miejscRodzaj><sln:powIIPId>9412ef04-6c6b-448a-9f10-c15e17808f12</sln:powIIPId><sln:powIIPPn>PL.PZGIK.200</sln:powIIPPn><sln:powIIPWersja>2012-09-27T08:59:03+02:00</sln:powIIPWersja><sln:powIdTeryt>3001</sln:powIdTeryt><sln:powNazwa>chodzieski</sln:powNazwa><sln:waznyOd>2012-10-24T00:00:00+02:00</sln:waznyOd><sln:wojIIPId>c606b01a-76c8-480d-9470-f24ca0d7a613</sln:wojIIPId><sln:wojIIPPn>PL.PZGIK.200</sln:wojIIPPn><sln:wojIIPWersja>2016-05-05T18:20:48+02:00</sln:wojIIPWersja><sln:wojIdTeryt>30</sln:wojIdTeryt><sln:wojNazwa>wielkopolskie</sln:wojNazwa></sln:miejscowosc><sln:miejscowosc><sln:cyklZyciaOd>2017-03-28T00:00:00+02:00</sln:cyklZyciaOd><sln:gmIIPId>a684abfe-90d3-4e5e-9c41-b9362cf6076b</sln:gmIIPId><sln:gmIIPPn>PL.PZGIK.200</sln:gmIIPPn><sln:gmIIPWersja>2012-09-26T22:22:23+02:00</sln:gmIIPWersja><sln:gmIdTeryt>3001032</sln:gmIdTeryt><sln:gmNazwa>Chodzież</sln:gmNazwa><sln:miejscIIPId>74ae4f28-5fc1-4aed-96c3-e5dd9ca60aad</sln:miejscIIPId><sln:miejscIIPPn>PL.PZGIK.200</sln:miejscIIPPn><sln:miejscIIPWersja>2017-03-28T16:14:25+02:00</sln:miejscIIPWersja><sln:miejscIdTeryt>0524795</sln:miejscIdTeryt><sln:miejscNazwa>Studzieniec</sln:miejscNazwa><sln:miejscRodzaj>Wieś</sln:miejscRodzaj><sln:powIIPId>9412ef04-6c6b-448a-9f10-c15e17808f12</sln:powIIPId><sln:powIIPPn>PL.PZGIK.200</sln:powIIPPn><sln:powIIPWersja>2012-09-27T08:59:03+02:00</sln:powIIPWersja><sln:powIdTeryt>3001</sln:powIdTeryt><sln:powNazwa>chodzieski</sln:powNazwa><sln:waznyOd>2012-10-24T00:00:00+02:00</sln:waznyOd><sln:wojIIPId>c606b01a-76c8-480d-9470-f24ca0d7a613</sln:wojIIPId><sln:wojIIPPn>PL.PZGIK.200</sln:wojIIPPn><sln:wojIIPWersja>2016-05-05T18:20:48+02:00</sln:wojIIPWersja><sln:wojIdTeryt>30</sln:wojIdTeryt><sln:wojNazwa>wielkopolskie</sln:wojNazwa></sln:miejscowosc><sln:miejscowosc><sln:cyklZyciaOd>2017-03-28T00:00:00+02:00</sln:cyklZyciaOd><sln:gmIIPId>a684abfe-90d3-4e5e-9c41-b9362cf6076b</sln:gmIIPId><sln:gmIIPPn>PL.PZGIK.200</sln:gmIIPPn><sln:gmIIPWersja>2012-09-26T22:22:23+02:00</sln:gmIIPWersja><sln:gmIdTeryt>3001032</sln:gmIdTeryt><sln:gmNazwa>Chodzież</sln:gmNazwa><sln:miejscIIPId>c47cb3ba-a755-4404-8d27-480f32377009</sln:miejscIIPId><sln:miejscIIPPn>PL.PZGIK.200</sln:miejscIIPPn><sln:miejscIIPWersja>2017-03-28T16:14:25+02:00</sln:miejscIIPWersja><sln:miejscIdTeryt>0524803</sln:miejscIdTeryt><sln:miejscNazwa>Zacharzyn</sln:miejscNazwa><sln:miejscRodzaj>Wieś</sln:miejscRodzaj><sln:powIIPId>9412ef04-6c6b-448a-9f10-c15e17808f12</sln:powIIPId><sln:powIIPPn>PL.PZGIK.200</sln:powIIPPn><sln:powIIPWersja>2012-09-27T08:59:03+02:00</sln:powIIPWersja><sln:powIdTeryt>3001</sln:powIdTeryt><sln:powNazwa>chodzieski</sln:powNazwa><sln:waznyOd>2012-10-24T00:00:00+02:00</sln:waznyOd><sln:wojIIPId>c606b01a-76c8-480d-9470-f24ca0d7a613</sln:wojIIPId><sln:wojIIPPn>PL.PZGIK.200</sln:wojIIPPn><sln:wojIIPWersja>2016-05-05T18:20:48+02:00</sln:wojIIPWersja><sln:wojIdTeryt>30</sln:wojIdTeryt><sln:wojNazwa>wielkopolskie</sln:wojNazwa></sln:miejscowosc><sln:miejscowosc><sln:cyklZyciaOd>2017-03-28T00:00:00+02:00</sln:cyklZyciaOd><sln:gmIIPId>a684abfe-90d3-4e5e-9c41-b9362cf6076b</sln:gmIIPId><sln:gmIIPPn>PL.PZGIK.200</sln:gmIIPPn><sln:gmIIPWersja>2012-09-26T22:22:23+02:00</sln:gmIIPWersja><sln:gmIdTeryt>3001032</sln:gmIdTeryt><sln:gmNazwa>Chodzież</sln:gmNazwa><sln:miejscIIPId>11d84fbb-04ef-4909-a48e-85b396657da0</sln:miejscIIPId><sln:miejscIIPPn>PL.PZGIK.200</sln:miejscIIPPn><sln:miejscIIPWersja>2017-03-28T16:14:25+02:00</sln:miejscIIPWersja><sln:miejscIdTeryt>0524810</sln:miejscIdTeryt><sln:miejscNazwa>Wymysław</sln:miejscNazwa><sln:miejscRodzaj>Inny obiekt</sln:miejscRodzaj><sln:powIIPId>9412ef04-6c6b-448a-9f10-c15e17808f12</sln:powIIPId><sln:powIIPPn>PL.PZGIK.200</sln:powIIPPn><sln:powIIPWersja>2012-09-27T08:59:03+02:00</sln:powIIPWersja><sln:powIdTeryt>3001</sln:powIdTeryt><sln:powNazwa>chodzieski</sln:powNazwa><sln:waznyOd>2012-10-24T00:00:00+02:00</sln:waznyOd><sln:wojIIPId>c606b01a-76c8-480d-9470-f24ca0d7a613</sln:wojIIPId><sln:wojIIPPn>PL.PZGIK.200</sln:wojIIPPn><sln:wojIIPWersja>2016-05-05T18:20:48+02:00</sln:wojIIPWersja><sln:wojIdTeryt>30</sln:wojIdTeryt><sln:wojNazwa>wielkopolskie</sln:wojNazwa></sln:miejscowosc></sln:lista-miejscowosci>