<?xml version="1.0" encoding="UTF-8" standalone="yes"?><sln:lista-miejscowosci xmlns:srv="http://gugik.gov.pl/schemas/slowniki-service/1.0" xmlns:sln="http://gugik.gov.pl/schemas/slowniki-schema/1.0"><sln:miejscowosc><sln:cyklZyciaDo>2017-03-30T00:00:00+02:00</sln:cyklZyciaDo><sln:cyklZyciaOd>2016-01-22T00:00:00+01:00</sln:cyklZyciaOd><sln:gmIIPId>0aaca400-c051-473f-9380-8db0d33d9980</sln:gmIIPId><sln:gmIIPPn>PL.PZGIK.200</sln:gmIIPPn><sln:gmIIPWersja>2012-09-26T22:24:23+02:00</sln:gmIIPWersja><sln:gmIdTeryt>3004042</sln:gmIdTeryt><sln:gmNazwa>Pępowo</sln:gmNazwa><sln:miejscIIPId>f9334ae9-dfd0-4934-8311-0f5133e27321</sln:miejscIIPId><sln:miejscIIPPn>PL.PZGIK.200</sln:miejscIIPPn><sln:miejscIIPWersja>2016-11-24T10:11:35+02:00</sln:miejscIIPWersja><sln:miejscIdTeryt>0374226</sln:miejscIdTeryt><sln:miejscNazwa>Babkowice</sln:miejscNazwa><sln:miejscRodzaj>Wieś</sln:miejscRodzaj><sln:powIIPId>ffd85c8f-62a0-4e49-8d0f-f462fa7d1020</sln:powIIPId><sln:powIIPPn>PL.PZGIK.200</sln:powIIPPn><sln:powIIPWersja>2012-09-27T08:59:03+02:00</sln:powIIPWersja><sln:powIdTeryt>3004</sln:powIdTeryt><sln:powNazwa>gostyński</sln:powNazwa><sln:waznyOd>2014-11-07T00:00:00+01:00</sln:waznyOd><sln:wojIIPId>c606b01a-76c8-480d-9470-f24ca0d7a613</sln:wojIIPId><sln:wojIIPPn>PL.PZGIK.200</sln:wojIIPPn><sln:wojIIPWersja>2016-05-05T18:20:48+02:00</sln:wojIIPWersja><sln:wojIdTeryt>30</sln:wojIdTeryt><sln:wojNazwa>wielkopolskie</sln:wojNazwa></sln:miejscowosc><sln:miejscowosc><sln:cyklZyciaDo>2017-03-30T00:00:00+02:00</sln:cyklZyciaDo><sln:cyklZyciaOd>2016-01-22T00:00:00+01:00</sln:cyklZyciaOd><sln:gmIIPId>0aaca400-c051-473f-9380-8db0d33d9980</sln:gmIIPId><sln:gmIIPPn>PL.PZGIK.200</sln:gmIIPPn><sln:gmIIPWersja>2012-09-26T22:24:23+02:00</sln:gmIIPWersja><sln:gmIdTeryt>3004042</sln:gmIdTeryt><sln:gmNazwa>Pępowo</sln:gmNazwa><sln:miejscIIPId>48d53c3c-f08f-4892-8ea3-423c038af0ec</sln:miejscIIPId><sln:miejscIIPPn>PL.PZGIK.200</sln:miejscIIPPn><sln:miejscIIPWersja>2016-11-24T10:11:35+02:00</sln:miejscIIPWersja><sln:miejscIdTeryt>0374249</sln:miejscIdTeryt><sln:miejscNazwa>Czeluścin</sln:miejscNazwa><sln:miejscRodzaj>Wieś</sln:miejscRodzaj><sln:powIIPId>ffd85c8f-62a0-4e49-8d0f-f462fa7d1020</sln:powIIPId><sln:powIIPPn>PL.PZGIK.200</sln:powIIPPn><sln:powIIPWersja>2012-09-27T08:59:03+02:00</sln:powIIPWersja><sln:powIdTeryt>3004</sln:powIdTeryt><sln:powNazwa>gostyński</sln:powNazwa><sln:waznyOd>2014-11-07T00:00:00+01:00</sln:waznyOd><sln:wojIIPId>c606b01a-76c8-480d-9470-f24ca0d7a613</sln:wojIIPId><sln:wojIIPPn>PL.PZGIK.200</sln:wojIIPPn><sln:wojIIPWersja>2016-05-05T18:20:48+02:00</sln:wojIIPWersja><sln:wojIdTeryt>30</sln:wojIdTeryt><sln:wojNazwa>wielkopolskie</sln:wojNazwa></sln:miejscowosc><sln:miejscowosc><sln:cyklZyciaDo>2017-03-30T00:00:00+02:00</sln:cyklZyciaDo><sln:cyklZyciaOd>2016-01-22T00:00:00+01:00</sln:cyklZyciaOd><sln:gmIIPId>0aaca400-c051-473f-9380-8db0d33d9980</sln:gmIIPId><sln:gmIIPPn>PL.PZGIK.200</sln:gmIIPPn><sln:gmIIPWersja>2012-09-26T22:24:23+02:00</sln:gmIIPWersja><sln:gmIdTeryt>3004042</sln:gmIdTeryt><sln:gmNazwa>Pępowo</sln:gmNazwa><sln:miejscIIPId>cc3c4e70-8e42-4772-a370-5aee044ff3c1</sln:miejscIIPId><sln:miejscIIPPn>PL.PZGIK.200</sln:miejscIIPPn><sln:miejscIIPWersja>2016-11-24T10:11:35+02:00</sln:miejscIIPWersja><sln:miejscIdTeryt>0374255</sln:miejscIdTeryt><sln:miejscNazwa>Czeluścinek</sln:miejscNazwa><sln:miejscRodzaj>Przysiółek</sln:miejscRodzaj><sln:powIIPId>ffd85c8f-62a0-4e49-8d0f-f462fa7d1020</sln:powIIPId><sln:powIIPPn>PL.PZGIK.200</sln:powIIPPn><sln:powIIPWersja>2012-09-27T08:59:03+02:00</sln:powIIPWersja><sln:powIdTeryt>3004</sln:powIdTeryt><sln:powNazwa>gostyński</sln:powNazwa><sln:waznyOd>2014-11-07T00:00:00+01:00</sln:waznyOd><sln:wojIIPId>c606b01a-76c8-480d-9470-f24ca0d7a613</sln:wojIIPId><sln:wojIIPPn>PL.PZGIK.200</sln:wojIIPPn><sln:wojIIPWersja>2016-05-05T18:20:48+02:00</sln:wojIIPWersja><sln:wojIdTeryt>30</sln:wojIdTeryt><sln:wojNazwa>wielkopolskie</sln:wojNazwa></sln:miejscowosc><sln:miejscowosc><sln:cyklZyciaDo>2017-03-30T00:00:00+02:00</sln:cyklZyciaDo><sln:cyklZyciaOd>2016-01-22T00:00:00+01:00</sln:cyklZyciaOd><sln:gmIIPId>0aaca400-c051-473f-9380-8db0d33d9980</sln:gmIIPId><sln:gmIIPPn>PL.PZGIK.200</sln:gmIIPPn><sln:gmIIPWersja>2012-09-26T22:24:23+02:00</sln:gmIIPWersja><sln:gmIdTeryt>3004042</sln:gmIdTeryt><sln:gmNazwa>Pępowo</sln:gmNazwa><sln:miejscIIPId>1d34a214-7b52-48cf-a9b9-587f9db38a47</sln:miejscIIPId><sln:miejscIIPPn>PL.PZGIK.200</sln:miejscIIPPn><sln:miejscIIPWersja>2016-11-24T10:11:35+02:00</sln:miejscIIPWersja><sln:miejscIdTeryt>0374261</sln:miejscIdTeryt><sln:miejscNazwa>Gębice</sln:miejscNazwa><sln:miejscRodzaj>Wieś</sln:miejscRodzaj><sln:powIIPId>ffd85c8f-62a0-4e49-8d0f-f462fa7d1020</sln:powIIPId><sln:powIIPPn>PL.PZGIK.200</sln:powIIPPn><sln:powIIPWersja>2012-09-27T08:59:03+02:00</sln:powIIPWersja><sln:powIdTeryt>3004</sln:powIdTeryt><sln:powNazwa>gostyński</sln:powNazwa><sln:waznyOd>2014-11-07T00:00:00+01:00</sln:waznyOd><sln:wojIIPId>c606b01a-76c8-480d-9470-f24ca0d7a613</sln:wojIIPId><sln:wojIIPPn>PL.PZGIK.200</sln:wojIIPPn><sln:wojIIPWersja>2016-05-05T18:20:48+02:00</sln:wojIIPWersja><sln:wojIdTeryt>30</sln:wojIdTeryt><sln:wojNazwa>wielkopolskie</sln:wojNazwa></sln:miejscowosc><sln:miejscowosc><sln:cyklZyciaDo>2017-03-30T00:00:00+02:00</sln:cyklZyciaDo><sln:cyklZyciaOd>2016-01-22T00:00:00+01:00</sln:cyklZyciaOd><sln:gmIIPId>0aaca400-c051-473f-9380-8db0d33d9980</sln:gmIIPId><sln:gmIIPPn>PL.PZGIK.200</sln:gmIIPPn><sln:gmIIPWersja>2012-09-26T22:24:23+02:00</sln:gmIIPWersja><sln:gmIdTeryt>3004042</sln:gmIdTeryt><sln:gmNazwa>Pępowo</sln:gmNazwa><sln:miejscIIPId>0068f863-4a0b-4f24-a1c3-03f24d07e139</sln:miejscIIPId><sln:miejscIIPPn>PL.PZGIK.200</sln:miejscIIPPn><sln:miejscIIPWersja>2016-11-24T10:11:35+02:00</sln:miejscIIPWersja><sln:miejscIdTeryt>0374278</sln:miejscIdTeryt><sln:miejscNazwa>Kościuszkowo</sln:miejscNazwa><sln:miejscRodzaj>Wieś</sln:miejscRodzaj><sln:powIIPId>ffd85c8f-62a0-4e49-8d0f-f462fa7d1020</sln:powIIPId><sln:powIIPPn>PL.PZGIK.200</sln:powIIPPn><sln:powIIPWersja>2012-09-27T08:59:03+02:00</sln:powIIPWersja><sln:powIdTeryt>3004</sln:powIdTeryt><sln:powNazwa>gostyński</sln:powNazwa><sln:waznyOd>2014-11-07T00:00:00+01:00</sln:waznyOd><sln:wojIIPId>c606b01a-76c8-480d-9470-f24ca0d7a613</sln:wojIIPId><sln:wojIIPPn>PL.PZGIK.200</sln:wojIIPPn><sln:wojIIPWersja>2016-05-05T18:20:48+02:00</sln:wojIIPWersja><sln:wojIdTeryt>30</sln:wojIdTeryt><sln:wojNazwa>wielkopolskie</sln:wojNazwa></sln:miejscowosc><sln:miejscowosc><sln:cyklZyciaDo>2017-03-30T00:00:00+02:00</sln:cyklZyciaDo><sln:cyklZyciaOd>2016-01-22T00:00:00+01:00</sln:cyklZyciaOd><sln:gmIIPId>0aaca400-c051-473f-9380-8db0d33d9980</sln:gmIIPId><sln:gmIIPPn>PL.PZGIK.200</sln:gmIIPPn><sln:gmIIPWersja>2012-09-26T22:24:23+02:00</sln:gmIIPWersja><sln:gmIdTeryt>3004042</sln:gmIdTeryt><sln:gmNazwa>Pępowo</sln:gmNazwa><sln:miejscIIPId>2007aa21-dc5a-43fe-b3e2-94479254f8be</sln:miejscIIPId><sln:miejscIIPPn>PL.PZGIK.200</sln:miejscIIPPn><sln:miejscIIPWersja>2016-11-24T10:11:35+02:00</sln:miejscIIPWersja><sln:miejscIdTeryt>0374284</sln:miejscIdTeryt><sln:miejscNazwa>Krzekotowice</sln:miejscNazwa><sln:miejscRodzaj>Wieś</sln:miejscRodzaj><sln:powIIPId>ffd85c8f-62a0-4e49-8d0f-f462fa7d1020</sln:powIIPId><sln:powIIPPn>PL.PZGIK.200</sln:powIIPPn><sln:powIIPWersja>2012-09-27T08:59:03+02:00</sln:powIIPWersja><sln:powIdTeryt>3004</sln:powIdTeryt><sln:powNazwa>gostyński</sln:powNazwa><sln:waznyOd>2014-11-07T00:00:00+01:00</sln:waznyOd><sln:wojIIPId>c606b01a-76c8-480d-9470-f24ca0d7a613</sln:wojIIPId><sln:wojIIPPn>PL.PZGIK.200</sln:wojIIPPn><sln:wojIIPWersja>2016-05-05T18:20:48+02:00</sln:wojIIPWersja><sln:wojIdTeryt>30</sln:wojIdTeryt><sln:wojNazwa>wielkopolskie</sln:wojNazwa></sln:miejscowosc><sln:miejscowosc><sln:cyklZyciaDo>2017-03-30T00:00:00+02:00</sln:cyklZyciaDo><sln:cyklZyciaOd>2016-01-22T00:00:00+01:00</sln:cyklZyciaOd><sln:gmIIPId>0aaca400-c051-473f-9380-8db0d33d9980</sln:gmIIPId><sln:gmIIPPn>PL.PZGIK.200</sln:gmIIPPn><sln:gmIIPWersja>2012-09-26T22:24:23+02:00</sln:gmIIPWersja><sln:gmIdTeryt>3004042</sln:gmIdTeryt><sln:gmNazwa>Pępowo</sln:gmNazwa><sln:miejscIIPId>dadabd1e-8178-4ad1-8ee1-055fe1d8733d</sln:miejscIIPId><sln:miejscIIPPn>PL.PZGIK.200</sln:miejscIIPPn><sln:miejscIIPWersja>2016-11-24T10:11:35+02:00</sln:miejscIIPWersja><sln:miejscIdTeryt>0374290</sln:miejscIdTeryt><sln:miejscNazwa>Krzyżanki</sln:miejscNazwa><sln:miejscRodzaj>Wieś</sln:miejscRodzaj><sln:powIIPId>ffd85c8f-62a0-4e49-8d0f-f462fa7d1020</sln:powIIPId><sln:powIIPPn>PL.PZGIK.200</sln:powIIPPn><sln:powIIPWersja>2012-09-27T08:59:03+02:00</sln:powIIPWersja><sln:powIdTeryt>3004</sln:powIdTeryt><sln:powNazwa>gostyński</sln:powNazwa><sln:waznyOd>2014-11-07T00:00:00+01:00</sln:waznyOd><sln:wojIIPId>c606b01a-76c8-480d-9470-f24ca0d7a613</sln:wojIIPId><sln:wojIIPPn>PL.PZGIK.200</sln:wojIIPPn><sln:wojIIPWersja>2016-05-05T18:20:48+02:00</sln:wojIIPWersja><sln:wojIdTeryt>30</sln:wojIdTeryt><sln:wojNazwa>wielkopolskie</sln:wojNazwa></sln:miejscowosc><sln:miejscowosc><sln:cyklZyciaDo>2017-03-30T00:00:00+02:00</sln:cyklZyciaDo><sln:cyklZyciaOd>2016-01-22T00:00:00+01:00</sln:cyklZyciaOd><sln:gmIIPId>0aaca400-c051-473f-9380-8db0d33d9980</sln:gmIIPId><sln:gmIIPPn>PL.PZGIK.200</sln:gmIIPPn><sln:gmIIPWersja>2012-09-26T22:24:23+02:00</sln:gmIIPWersja><sln:gmIdTeryt>3004042</sln:gmIdTeryt><sln:gmNazwa>Pępowo</sln:gmNazwa><sln:miejscIIPId>ae2c8776-f1e4-4870-92cf-0c9cf1ae1db3</sln:miejscIIPId><sln:miejscIIPPn>PL.PZGIK.200</sln:miejscIIPPn><sln:miejscIIPWersja>2016-11-24T10:11:35+02:00</sln:miejscIIPWersja><sln:miejscIdTeryt>0374315</sln:miejscIdTeryt><sln:miejscNazwa>Ludwinowo</sln:miejscNazwa><sln:miejscRodzaj>Wieś</sln:miejscRodzaj><sln:powIIPId>ffd85c8f-62a0-4e49-8d0f-f462fa7d1020</sln:powIIPId><sln:powIIPPn>PL.PZGIK.200</sln:powIIPPn><sln:powIIPWersja>2012-09-27T08:59:03+02:00</sln:powIIPWersja><sln:powIdTeryt>3004</sln:powIdTeryt><sln:powNazwa>gostyński</sln:powNazwa><sln:waznyOd>2014-11-07T00:00:00+01:00</sln:waznyOd><sln:wojIIPId>c606b01a-76c8-480d-9470-f24ca0d7a613</sln:wojIIPId><sln:wojIIPPn>PL.PZGIK.200</sln:wojIIPPn><sln:wojIIPWersja>2016-05-05T18:20:48+02:00</sln:wojIIPWersja><sln:wojIdTeryt>30</sln:wojIdTeryt><sln:wojNazwa>wielkopolskie</sln:wojNazwa></sln:miejscowosc><sln:miejscowosc><sln:cyklZyciaDo>2017-03-30T00:00:00+02:00</sln:cyklZyciaDo><sln:cyklZyciaOd>2016-01-22T00:00:00+01:00</sln:cyklZyciaOd><sln:gmIIPId>0aaca400-c051-473f-9380-8db0d33d9980</sln:gmIIPId><sln:gmIIPPn>PL.PZGIK.200</sln:gmIIPPn><sln:gmIIPWersja>2012-09-26T22:24:23+02:00</sln:gmIIPWersja><sln:gmIdTeryt>3004042</sln:gmIdTeryt><sln:gmNazwa>Pępowo</sln:gmNazwa><sln:miejscIIPId>7a7ce57b-6ad6-4a5b-b955-005f0f52c3fe</sln:miejscIIPId><sln:miejscIIPPn>PL.PZGIK.200</sln:miejscIIPPn><sln:miejscIIPWersja>2016-11-24T10:11:35+02:00</sln:miejscIIPWersja><sln:miejscIdTeryt>0374321</sln:miejscIdTeryt><sln:miejscNazwa>Magdalenki</sln:miejscNazwa><sln:miejscRodzaj>Wieś</sln:miejscRodzaj><sln:powIIPId>ffd85c8f-62a0-4e49-8d0f-f462fa7d1020</sln:powIIPId><sln:powIIPPn>PL.PZGIK.200</sln:powIIPPn><sln:powIIPWersja>2012-09-27T08:59:03+02:00</sln:powIIPWersja><sln:powIdTeryt>3004</sln:powIdTeryt><sln:powNazwa>gostyński</sln:powNazwa><sln:waznyOd>2014-11-07T00:00:00+01:00</sln:waznyOd><sln:wojIIPId>c606b01a-76c8-480d-9470-f24ca0d7a613</sln:wojIIPId><sln:wojIIPPn>PL.PZGIK.200</sln:wojIIPPn><sln:wojIIPWersja>2016-05-05T18:20:48+02:00</sln:wojIIPWersja><sln:wojIdTeryt>30</sln:wojIdTeryt><sln:wojNazwa>wielkopolskie</sln:wojNazwa></sln:miejscowosc><sln:miejscowosc><sln:cyklZyciaDo>2017-03-30T00:00:00+02:00</sln:cyklZyciaDo><sln:cyklZyciaOd>2016-01-22T00:00:00+01:00</sln:cyklZyciaOd><sln:gmIIPId>0aaca400-c051-473f-9380-8db0d33d9980</sln:gmIIPId><sln:gmIIPPn>PL.PZGIK.200</sln:gmIIPPn><sln:gmIIPWersja>2012-09-26T22:24:23+02:00</sln:gmIIPWersja><sln:gmIdTeryt>3004042</sln:gmIdTeryt><sln:gmNazwa>Pępowo</sln:gmNazwa><sln:miejscIIPId>818158b1-34f8-4aa7-9731-8bd437dc3a40</sln:miejscIIPId><sln:miejscIIPPn>PL.PZGIK.200</sln:miejscIIPPn><sln:miejscIIPWersja>2016-11-24T10:11:35+02:00</sln:miejscIIPWersja><sln:miejscIdTeryt>0374338</sln:miejscIdTeryt><sln:miejscNazwa>Pasierby</sln:miejscNazwa><sln:miejscRodzaj>Wieś</sln:miejscRodzaj><sln:powIIPId>ffd85c8f-62a0-4e49-8d0f-f462fa7d1020</sln:powIIPId><sln:powIIPPn>PL.PZGIK.200</sln:powIIPPn><sln:powIIPWersja>2012-09-27T08:59:03+02:00</sln:powIIPWersja><sln:powIdTeryt>3004</sln:powIdTeryt><sln:powNazwa>gostyński</sln:powNazwa><sln:waznyOd>2014-11-07T00:00:00+01:00</sln:waznyOd><sln:wojIIPId>c606b01a-76c8-480d-9470-f24ca0d7a613</sln:wojIIPId><sln:wojIIPPn>PL.PZGIK.200</sln:wojIIPPn><sln:wojIIPWersja>2016-05-05T18:20:48+02:00</sln:wojIIPWersja><sln:wojIdTeryt>30</sln:wojIdTeryt><sln:wojNazwa>wielkopolskie</sln:wojNazwa></sln:miejscowosc><sln:miejscowosc><sln:cyklZyciaDo>2017-03-30T00:00:00+02:00</sln:cyklZyciaDo><sln:cyklZyciaOd>2016-01-22T00:00:00+01:00</sln:cyklZyciaOd><sln:gmIIPId>0aaca400-c051-473f-9380-8db0d33d9980</sln:gmIIPId><sln:gmIIPPn>PL.PZGIK.200</sln:gmIIPPn><sln:gmIIPWersja>2012-09-26T22:24:23+02:00</sln:gmIIPWersja><sln:gmIdTeryt>3004042</sln:gmIdTeryt><sln:gmNazwa>Pępowo</sln:gmNazwa><sln:miejscIIPId>550f3e30-fb92-4aee-bac0-2bc410255868</sln:miejscIIPId><sln:miejscIIPPn>PL.PZGIK.200</sln:miejscIIPPn><sln:miejscIIPWersja>2016-11-24T10:11:35+02:00</sln:miejscIIPWersja><sln:miejscIdTeryt>0374344</sln:miejscIdTeryt><sln:miejscNazwa>Pępowo</sln:miejscNazwa><sln:miejscRodzaj>Wieś</sln:miejscRodzaj><sln:powIIPId>ffd85c8f-62a0-4e49-8d0f-f462fa7d1020</sln:powIIPId><sln:powIIPPn>PL.PZGIK.200</sln:powIIPPn><sln:powIIPWersja>2012-09-27T08:59:03+02:00</sln:powIIPWersja><sln:powIdTeryt>3004</sln:powIdTeryt><sln:powNazwa>gostyński</sln:powNazwa><sln:waznyOd>2014-11-07T00:00:00+01:00</sln:waznyOd><sln:wojIIPId>c606b01a-76c8-480d-9470-f24ca0d7a613</sln:wojIIPId><sln:wojIIPPn>PL.PZGIK.200</sln:wojIIPPn><sln:wojIIPWersja>2016-05-05T18:20:48+02:00</sln:wojIIPWersja><sln:wojIdTeryt>30</sln:wojIdTeryt><sln:wojNazwa>wielkopolskie</sln:wojNazwa></sln:miejscowosc><sln:miejscowosc><sln:cyklZyciaDo>2017-03-30T00:00:00+02:00</sln:cyklZyciaDo><sln:cyklZyciaOd>2016-01-22T00:00:00+01:00</sln:cyklZyciaOd><sln:gmIIPId>0aaca400-c051-473f-9380-8db0d33d9980</sln:gmIIPId><sln:gmIIPPn>PL.PZGIK.200</sln:gmIIPPn><sln:gmIIPWersja>2012-09-26T22:24:23+02:00</sln:gmIIPWersja><sln:gmIdTeryt>3004042</sln:gmIdTeryt><sln:gmNazwa>Pępowo</sln:gmNazwa><sln:miejscIIPId>ead39cad-2ac4-424c-83a4-94920e60ef08</sln:miejscIIPId><sln:miejscIIPPn>PL.PZGIK.200</sln:miejscIIPPn><sln:miejscIIPWersja>2016-11-24T10:11:35+02:00</sln:miejscIIPWersja><sln:miejscIdTeryt>0374380</sln:miejscIdTeryt><sln:miejscNazwa>Siedlec</sln:miejscNazwa><sln:miejscRodzaj>Wieś</sln:miejscRodzaj><sln:powIIPId>ffd85c8f-62a0-4e49-8d0f-f462fa7d1020</sln:powIIPId><sln:powIIPPn>PL.PZGIK.200</sln:powIIPPn><sln:powIIPWersja>2012-09-27T08:59:03+02:00</sln:powIIPWersja><sln:powIdTeryt>3004</sln:powIdTeryt><sln:powNazwa>gostyński</sln:powNazwa><sln:waznyOd>2014-11-07T00:00:00+01:00</sln:waznyOd><sln:wojIIPId>c606b01a-76c8-480d-9470-f24ca0d7a613</sln:wojIIPId><sln:wojIIPPn>PL.PZGIK.200</sln:wojIIPPn><sln:wojIIPWersja>2016-05-05T18:20:48+02:00</sln:wojIIPWersja><sln:wojIdTeryt>30</sln:wojIdTeryt><sln:wojNazwa>wielkopolskie</sln:wojNazwa></sln:miejscowosc><sln:miejscowosc><sln:cyklZyciaDo>2017-03-30T00:00:00+02:00</sln:cyklZyciaDo><sln:cyklZyciaOd>2016-01-22T00:00:00+01:00</sln:cyklZyciaOd><sln:gmIIPId>0aaca400-c051-473f-9380-8db0d33d9980</sln:gmIIPId><sln:gmIIPPn>PL.PZGIK.200</sln:gmIIPPn><sln:gmIIPWersja>2012-09-26T22:24:23+02:00</sln:gmIIPWersja><sln:gmIdTeryt>3004042</sln:gmIdTeryt><sln:gmNazwa>Pępowo</sln:gmNazwa><sln:miejscIIPId>c6354545-80d4-4026-87d1-111b551cc9b2</sln:miejscIIPId><sln:miejscIIPPn>PL.PZGIK.200</sln:miejscIIPPn><sln:miejscIIPWersja>2016-11-24T10:11:35+02:00</sln:miejscIIPWersja><sln:miejscIdTeryt>0374440</sln:miejscIdTeryt><sln:miejscNazwa>Skoraszewice</sln:miejscNazwa><sln:miejscRodzaj>Wieś</sln:miejscRodzaj><sln:powIIPId>ffd85c8f-62a0-4e49-8d0f-f462fa7d1020</sln:powIIPId><sln:powIIPPn>PL.PZGIK.200</sln:powIIPPn><sln:powIIPWersja>2012-09-27T08:59:03+02:00</sln:powIIPWersja><sln:powIdTeryt>3004</sln:powIdTeryt><sln:powNazwa>gostyński</sln:powNazwa><sln:waznyOd>2014-11-07T00:00:00+01:00</sln:waznyOd><sln:wojIIPId>c606b01a-76c8-480d-9470-f24ca0d7a613</sln:wojIIPId><sln:wojIIPPn>PL.PZGIK.200</sln:wojIIPPn><sln:wojIIPWersja>2016-05-05T18:20:48+02:00</sln:wojIIPWersja><sln:wojIdTeryt>30</sln:wojIdTeryt><sln:wojNazwa>wielkopolskie</sln:wojNazwa></sln:miejscowosc><sln:miejscowosc><sln:cyklZyciaDo>2017-03-30T00:00:00+02:00</sln:cyklZyciaDo><sln:cyklZyciaOd>2016-01-22T00:00:00+01:00</sln:cyklZyciaOd><sln:gmIIPId>0aaca400-c051-473f-9380-8db0d33d9980</sln:gmIIPId><sln:gmIIPPn>PL.PZGIK.200</sln:gmIIPPn><sln:gmIIPWersja>2012-09-26T22:24:23+02:00</sln:gmIIPWersja><sln:gmIdTeryt>3004042</sln:gmIdTeryt><sln:gmNazwa>Pępowo</sln:gmNazwa><sln:miejscIIPId>74c2bced-8781-4c25-8ecf-c5e7c8e83e5f</sln:miejscIIPId><sln:miejscIIPPn>PL.PZGIK.200</sln:miejscIIPPn><sln:miejscIIPWersja>2016-11-24T10:11:35+02:00</sln:miejscIIPWersja><sln:miejscIdTeryt>0374456</sln:miejscIdTeryt><sln:miejscNazwa>Wilkonice</sln:miejscNazwa><sln:miejscRodzaj>Wieś</sln:miejscRodzaj><sln:powIIPId>ffd85c8f-62a0-4e49-8d0f-f462fa7d1020</sln:powIIPId><sln:powIIPPn>PL.PZGIK.200</sln:powIIPPn><sln:powIIPWersja>2012-09-27T08:59:03+02:00</sln:powIIPWersja><sln:powIdTeryt>3004</sln:powIdTeryt><sln:powNazwa>gostyński</sln:powNazwa><sln:waznyOd>2014-11-07T00:00:00+01:00</sln:waznyOd><sln:wojIIPId>c606b01a-76c8-480d-9470-f24ca0d7a613</sln:wojIIPId><sln:wojIIPPn>PL.PZGIK.200</sln:wojIIPPn><sln:wojIIPWersja>2016-05-05T18:20:48+02:00</sln:wojIIPWersja><sln:wojIdTeryt>30</sln:wojIdTeryt><sln:wojNazwa>wielkopolskie</sln:wojNazwa></sln:miejscowosc><sln:miejscowosc><sln:cyklZyciaOd>2017-03-30T00:00:00+02:00</sln:cyklZyciaOd><sln:gmIIPId>0aaca400-c051-473f-9380-8db0d33d9980</sln:gmIIPId><sln:gmIIPPn>PL.PZGIK.200</sln:gmIIPPn><sln:gmIIPWersja>2012-09-26T22:24:23+02:00</sln:gmIIPWersja><sln:gmIdTeryt>3004042</sln:gmIdTeryt><sln:gmNazwa>Pępowo</sln:gmNazwa><sln:miejscIIPId>f9334ae9-dfd0-4934-8311-0f5133e27321</sln:miejscIIPId><sln:miejscIIPPn>PL.PZGIK.200</sln:miejscIIPPn><sln:miejscIIPWersja>2017-03-30T15:36:32+02:00</sln:miejscIIPWersja><sln:miejscIdTeryt>0374226</sln:miejscIdTeryt><sln:miejscNazwa>Babkowice</sln:miejscNazwa><sln:miejscRodzaj>Wieś</sln:miejscRodzaj><sln:powIIPId>ffd85c8f-62a0-4e49-8d0f-f462fa7d1020</sln:powIIPId><sln:powIIPPn>PL.PZGIK.200</sln:powIIPPn><sln:powIIPWersja>2012-09-27T08:59:03+02:00</sln:powIIPWersja><sln:powIdTeryt>3004</sln:powIdTeryt><sln:powNazwa>gostyński</sln:powNazwa><sln:waznyOd>2014-11-07T00:00:00+01:00</sln:waznyOd><sln:wojIIPId>c606b01a-76c8-480d-9470-f24ca0d7a613</sln:wojIIPId><sln:wojIIPPn>PL.PZGIK.200</sln:wojIIPPn><sln:wojIIPWersja>2016-05-05T18:20:48+02:00</sln:wojIIPWersja><sln:wojIdTeryt>30</sln:wojIdTeryt><sln:wojNazwa>wielkopolskie</sln:wojNazwa></sln:miejscowosc><sln:miejscowosc><sln:cyklZyciaOd>2017-03-30T00:00:00+02:00</sln:cyklZyciaOd><sln:gmIIPId>0aaca400-c051-473f-9380-8db0d33d9980</sln:gmIIPId><sln:gmIIPPn>PL.PZGIK.200</sln:gmIIPPn><sln:gmIIPWersja>2012-09-26T22:24:23+02:00</sln:gmIIPWersja><sln:gmIdTeryt>3004042</sln:gmIdTeryt><sln:gmNazwa>Pępowo</sln:gmNazwa><sln:miejscIIPId>48d53c3c-f08f-4892-8ea3-423c038af0ec</sln:miejscIIPId><sln:miejscIIPPn>PL.PZGIK.200</sln:miejscIIPPn><sln:miejscIIPWersja>2017-03-30T15:36:38+02:00</sln:miejscIIPWersja><sln:miejscIdTeryt>0374249</sln:miejscIdTeryt><sln:miejscNazwa>Czeluścin</sln:miejscNazwa><sln:miejscRodzaj>Wieś</sln:miejscRodzaj><sln:powIIPId>ffd85c8f-62a0-4e49-8d0f-f462fa7d1020</sln:powIIPId><sln:powIIPPn>PL.PZGIK.200</sln:powIIPPn><sln:powIIPWersja>2012-09-27T08:59:03+02:00</sln:powIIPWersja><sln:powIdTeryt>3004</sln:powIdTeryt><sln:powNazwa>gostyński</sln:powNazwa><sln:waznyOd>2014-11-07T00:00:00+01:00</sln:waznyOd><sln:wojIIPId>c606b01a-76c8-480d-9470-f24ca0d7a613</sln:wojIIPId><sln:wojIIPPn>PL.PZGIK.200</sln:wojIIPPn><sln:wojIIPWersja>2016-05-05T18:20:48+02:00</sln:wojIIPWersja><sln:wojIdTeryt>30</sln:wojIdTeryt><sln:wojNazwa>wielkopolskie</sln:wojNazwa></sln:miejscowosc><sln:miejscowosc><sln:cyklZyciaOd>2017-03-30T00:00:00+02:00</sln:cyklZyciaOd><sln:gmIIPId>0aaca400-c051-473f-9380-8db0d33d9980</sln:gmIIPId><sln:gmIIPPn>PL.PZGIK.200</sln:gmIIPPn><sln:gmIIPWersja>2012-09-26T22:24:23+02:00</sln:gmIIPWersja><sln:gmIdTeryt>3004042</sln:gmIdTeryt><sln:gmNazwa>Pępowo</sln:gmNazwa><sln:miejscIIPId>cc3c4e70-8e42-4772-a370-5aee044ff3c1</sln:miejscIIPId><sln:miejscIIPPn>PL.PZGIK.200</sln:miejscIIPPn><sln:miejscIIPWersja>2017-03-30T15:36:38+02:00</sln:miejscIIPWersja><sln:miejscIdTeryt>0374255</sln:miejscIdTeryt><sln:miejscNazwa>Czeluścinek</sln:miejscNazwa><sln:miejscRodzaj>Przysiółek</sln:miejscRodzaj><sln:powIIPId>ffd85c8f-62a0-4e49-8d0f-f462fa7d1020</sln:powIIPId><sln:powIIPPn>PL.PZGIK.200</sln:powIIPPn><sln:powIIPWersja>2012-09-27T08:59:03+02:00</sln:powIIPWersja><sln:powIdTeryt>3004</sln:powIdTeryt><sln:powNazwa>gostyński</sln:powNazwa><sln:waznyOd>2014-11-07T00:00:00+01:00</sln:waznyOd><sln:wojIIPId>c606b01a-76c8-480d-9470-f24ca0d7a613</sln:wojIIPId><sln:wojIIPPn>PL.PZGIK.200</sln:wojIIPPn><sln:wojIIPWersja>2016-05-05T18:20:48+02:00</sln:wojIIPWersja><sln:wojIdTeryt>30</sln:wojIdTeryt><sln:wojNazwa>wielkopolskie</sln:wojNazwa></sln:miejscowosc><sln:miejscowosc><sln:cyklZyciaOd>2017-03-30T00:00:00+02:00</sln:cyklZyciaOd><sln:gmIIPId>0aaca400-c051-473f-9380-8db0d33d9980</sln:gmIIPId><sln:gmIIPPn>PL.PZGIK.200</sln:gmIIPPn><sln:gmIIPWersja>2012-09-26T22:24:23+02:00</sln:gmIIPWersja><sln:gmIdTeryt>3004042</sln:gmIdTeryt><sln:gmNazwa>Pępowo</sln:gmNazwa><sln:miejscIIPId>1d34a214-7b52-48cf-a9b9-587f9db38a47</sln:miejscIIPId><sln:miejscIIPPn>PL.PZGIK.200</sln:miejscIIPPn><sln:miejscIIPWersja>2017-03-30T15:36:38+02:00</sln:miejscIIPWersja><sln:miejscIdTeryt>0374261</sln:miejscIdTeryt><sln:miejscNazwa>Gębice</sln:miejscNazwa><sln:miejscRodzaj>Wieś</sln:miejscRodzaj><sln:powIIPId>ffd85c8f-62a0-4e49-8d0f-f462fa7d1020</sln:powIIPId><sln:powIIPPn>PL.PZGIK.200</sln:powIIPPn><sln:powIIPWersja>2012-09-27T08:59:03+02:00</sln:powIIPWersja><sln:powIdTeryt>3004</sln:powIdTeryt><sln:powNazwa>gostyński</sln:powNazwa><sln:waznyOd>2014-11-07T00:00:00+01:00</sln:waznyOd><sln:wojIIPId>c606b01a-76c8-480d-9470-f24ca0d7a613</sln:wojIIPId><sln:wojIIPPn>PL.PZGIK.200</sln:wojIIPPn><sln:wojIIPWersja>2016-05-05T18:20:48+02:00</sln:wojIIPWersja><sln:wojIdTeryt>30</sln:wojIdTeryt><sln:wojNazwa>wielkopolskie</sln:wojNazwa></sln:miejscowosc><sln:miejscowosc><sln:cyklZyciaOd>2017-03-30T00:00:00+02:00</sln:cyklZyciaOd><sln:gmIIPId>0aaca400-c051-473f-9380-8db0d33d9980</sln:gmIIPId><sln:gmIIPPn>PL.PZGIK.200</sln:gmIIPPn><sln:gmIIPWersja>2012-09-26T22:24:23+02:00</sln:gmIIPWersja><sln:gmIdTeryt>3004042</sln:gmIdTeryt><sln:gmNazwa>Pępowo</sln:gmNazwa><sln:miejscIIPId>0068f863-4a0b-4f24-a1c3-03f24d07e139</sln:miejscIIPId><sln:miejscIIPPn>PL.PZGIK.200</sln:miejscIIPPn><sln:miejscIIPWersja>2017-03-30T15:36:38+02:00</sln:miejscIIPWersja><sln:miejscIdTeryt>0374278</sln:miejscIdTeryt><sln:miejscNazwa>Kościuszkowo</sln:miejscNazwa><sln:miejscRodzaj>Wieś</sln:miejscRodzaj><sln:powIIPId>ffd85c8f-62a0-4e49-8d0f-f462fa7d1020</sln:powIIPId><sln:powIIPPn>PL.PZGIK.200</sln:powIIPPn><sln:powIIPWersja>2012-09-27T08:59:03+02:00</sln:powIIPWersja><sln:powIdTeryt>3004</sln:powIdTeryt><sln:powNazwa>gostyński</sln:powNazwa><sln:waznyOd>2014-11-07T00:00:00+01:00</sln:waznyOd><sln:wojIIPId>c606b01a-76c8-480d-9470-f24ca0d7a613</sln:wojIIPId><sln:wojIIPPn>PL.PZGIK.200</sln:wojIIPPn><sln:wojIIPWersja>2016-05-05T18:20:48+02:00</sln:wojIIPWersja><sln:wojIdTeryt>30</sln:wojIdTeryt><sln:wojNazwa>wielkopolskie</sln:wojNazwa></sln:miejscowosc><sln:miejscowosc><sln:cyklZyciaOd>2017-03-30T00:00:00+02:00</sln:cyklZyciaOd><sln:gmIIPId>0aaca400-c051-473f-9380-8db0d33d9980</sln:gmIIPId><sln:gmIIPPn>PL.PZGIK.200</sln:gmIIPPn><sln:gmIIPWersja>2012-09-26T22:24:23+02:00</sln:gmIIPWersja><sln:gmIdTeryt>3004042</sln:gmIdTeryt><sln:gmNazwa>Pępowo</sln:gmNazwa><sln:miejscIIPId>2007aa21-dc5a-43fe-b3e2-94479254f8be</sln:miejscIIPId><sln:miejscIIPPn>PL.PZGIK.200</sln:miejscIIPPn><sln:miejscIIPWersja>2017-03-30T15:36:38+02:00</sln:miejscIIPWersja><sln:miejscIdTeryt>0374284</sln:miejscIdTeryt><sln:miejscNazwa>Krzekotowice</sln:miejscNazwa><sln:miejscRodzaj>Wieś</sln:miejscRodzaj><sln:powIIPId>ffd85c8f-62a0-4e49-8d0f-f462fa7d1020</sln:powIIPId><sln:powIIPPn>PL.PZGIK.200</sln:powIIPPn><sln:powIIPWersja>2012-09-27T08:59:03+02:00</sln:powIIPWersja><sln:powIdTeryt>3004</sln:powIdTeryt><sln:powNazwa>gostyński</sln:powNazwa><sln:waznyOd>2014-11-07T00:00:00+01:00</sln:waznyOd><sln:wojIIPId>c606b01a-76c8-480d-9470-f24ca0d7a613</sln:wojIIPId><sln:wojIIPPn>PL.PZGIK.200</sln:wojIIPPn><sln:wojIIPWersja>2016-05-05T18:20:48+02:00</sln:wojIIPWersja><sln:wojIdTeryt>30</sln:wojIdTeryt><sln:wojNazwa>wielkopolskie</sln:wojNazwa></sln:miejscowosc><sln:miejscowosc><sln:cyklZyciaOd>2017-03-30T00:00:00+02:00</sln:cyklZyciaOd><sln:gmIIPId>0aaca400-c051-473f-9380-8db0d33d9980</sln:gmIIPId><sln:gmIIPPn>PL.PZGIK.200</sln:gmIIPPn><sln:gmIIPWersja>2012-09-26T22:24:23+02:00</sln:gmIIPWersja><sln:gmIdTeryt>3004042</sln:gmIdTeryt><sln:gmNazwa>Pępowo</sln:gmNazwa><sln:miejscIIPId>dadabd1e-8178-4ad1-8ee1-055fe1d8733d</sln:miejscIIPId><sln:miejscIIPPn>PL.PZGIK.200</sln:miejscIIPPn><sln:miejscIIPWersja>2017-03-30T15:36:38+02:00</sln:miejscIIPWersja><sln:miejscIdTeryt>0374290</sln:miejscIdTeryt><sln:miejscNazwa>Krzyżanki</sln:miejscNazwa><sln:miejscRodzaj>Wieś</sln:miejscRodzaj><sln:powIIPId>ffd85c8f-62a0-4e49-8d0f-f462fa7d1020</sln:powIIPId><sln:powIIPPn>PL.PZGIK.200</sln:powIIPPn><sln:powIIPWersja>2012-09-27T08:59:03+02:00</sln:powIIPWersja><sln:powIdTeryt>3004</sln:powIdTeryt><sln:powNazwa>gostyński</sln:powNazwa><sln:waznyOd>2014-11-07T00:00:00+01:00</sln:waznyOd><sln:wojIIPId>c606b01a-76c8-480d-9470-f24ca0d7a613</sln:wojIIPId><sln:wojIIPPn>PL.PZGIK.200</sln:wojIIPPn><sln:wojIIPWersja>2016-05-05T18:20:48+02:00</sln:wojIIPWersja><sln:wojIdTeryt>30</sln:wojIdTeryt><sln:wojNazwa>wielkopolskie</sln:wojNazwa></sln:miejscowosc><sln:miejscowosc><sln:cyklZyciaOd>2017-03-30T00:00:00+02:00</sln:cyklZyciaOd><sln:gmIIPId>0aaca400-c051-473f-9380-8db0d33d9980</sln:gmIIPId><sln:gmIIPPn>PL.PZGIK.200</sln:gmIIPPn><sln:gmIIPWersja>2012-09-26T22:24:23+02:00</sln:gmIIPWersja><sln:gmIdTeryt>3004042</sln:gmIdTeryt><sln:gmNazwa>Pępowo</sln:gmNazwa><sln:miejscIIPId>ae2c8776-f1e4-4870-92cf-0c9cf1ae1db3</sln:miejscIIPId><sln:miejscIIPPn>PL.PZGIK.200</sln:miejscIIPPn><sln:miejscIIPWersja>2017-03-30T15:36:38+02:00</sln:miejscIIPWersja><sln:miejscIdTeryt>0374315</sln:miejscIdTeryt><sln:miejscNazwa>Ludwinowo</sln:miejscNazwa><sln:miejscRodzaj>Wieś</sln:miejscRodzaj><sln:powIIPId>ffd85c8f-62a0-4e49-8d0f-f462fa7d1020</sln:powIIPId><sln:powIIPPn>PL.PZGIK.200</sln:powIIPPn><sln:powIIPWersja>2012-09-27T08:59:03+02:00</sln:powIIPWersja><sln:powIdTeryt>3004</sln:powIdTeryt><sln:powNazwa>gostyński</sln:powNazwa><sln:waznyOd>2014-11-07T00:00:00+01:00</sln:waznyOd><sln:wojIIPId>c606b01a-76c8-480d-9470-f24ca0d7a613</sln:wojIIPId><sln:wojIIPPn>PL.PZGIK.200</sln:wojIIPPn><sln:wojIIPWersja>2016-05-05T18:20:48+02:00</sln:wojIIPWersja><sln:wojIdTeryt>30</sln:wojIdTeryt><sln:wojNazwa>wielkopolskie</sln:wojNazwa></sln:miejscowosc><sln:miejscowosc><sln:cyklZyciaOd>2017-03-30T00:00:00+02:00</sln:cyklZyciaOd><sln:gmIIPId>0aaca400-c051-473f-9380-8db0d33d9980</sln:gmIIPId><sln:gmIIPPn>PL.PZGIK.200</sln:gmIIPPn><sln:gmIIPWersja>2012-09-26T22:24:23+02:00</sln:gmIIPWersja><sln:gmIdTeryt>3004042</sln:gmIdTeryt><sln:gmNazwa>Pępowo</sln:gmNazwa><sln:miejscIIPId>7a7ce57b-6ad6-4a5b-b955-005f0f52c3fe</sln:miejscIIPId><sln:miejscIIPPn>PL.PZGIK.200</sln:miejscIIPPn><sln:miejscIIPWersja>2017-03-30T15:36:38+02:00</sln:miejscIIPWersja><sln:miejscIdTeryt>0374321</sln:miejscIdTeryt><sln:miejscNazwa>Magdalenki</sln:miejscNazwa><sln:miejscRodzaj>Wieś</sln:miejscRodzaj><sln:powIIPId>ffd85c8f-62a0-4e49-8d0f-f462fa7d1020</sln:powIIPId><sln:powIIPPn>PL.PZGIK.200</sln:powIIPPn><sln:powIIPWersja>2012-09-27T08:59:03+02:00</sln:powIIPWersja><sln:powIdTeryt>3004</sln:powIdTeryt><sln:powNazwa>gostyński</sln:powNazwa><sln:waznyOd>2014-11-07T00:00:00+01:00</sln:waznyOd><sln:wojIIPId>c606b01a-76c8-480d-9470-f24ca0d7a613</sln:wojIIPId><sln:wojIIPPn>PL.PZGIK.200</sln:wojIIPPn><sln:wojIIPWersja>2016-05-05T18:20:48+02:00</sln:wojIIPWersja><sln:wojIdTeryt>30</sln:wojIdTeryt><sln:wojNazwa>wielkopolskie</sln:wojNazwa></sln:miejscowosc><sln:miejscowosc><sln:cyklZyciaOd>2017-03-30T00:00:00+02:00</sln:cyklZyciaOd><sln:gmIIPId>0aaca400-c051-473f-9380-8db0d33d9980</sln:gmIIPId><sln:gmIIPPn>PL.PZGIK.200</sln:gmIIPPn><sln:gmIIPWersja>2012-09-26T22:24:23+02:00</sln:gmIIPWersja><sln:gmIdTeryt>3004042</sln:gmIdTeryt><sln:gmNazwa>Pępowo</sln:gmNazwa><sln:miejscIIPId>818158b1-34f8-4aa7-9731-8bd437dc3a40</sln:miejscIIPId><sln:miejscIIPPn>PL.PZGIK.200</sln:miejscIIPPn><sln:miejscIIPWersja>2017-03-30T15:36:39+02:00</sln:miejscIIPWersja><sln:miejscIdTeryt>0374338</sln:miejscIdTeryt><sln:miejscNazwa>Pasierby</sln:miejscNazwa><sln:miejscRodzaj>Wieś</sln:miejscRodzaj><sln:powIIPId>ffd85c8f-62a0-4e49-8d0f-f462fa7d1020</sln:powIIPId><sln:powIIPPn>PL.PZGIK.200</sln:powIIPPn><sln:powIIPWersja>2012-09-27T08:59:03+02:00</sln:powIIPWersja><sln:powIdTeryt>3004</sln:powIdTeryt><sln:powNazwa>gostyński</sln:powNazwa><sln:waznyOd>2014-11-07T00:00:00+01:00</sln:waznyOd><sln:wojIIPId>c606b01a-76c8-480d-9470-f24ca0d7a613</sln:wojIIPId><sln:wojIIPPn>PL.PZGIK.200</sln:wojIIPPn><sln:wojIIPWersja>2016-05-05T18:20:48+02:00</sln:wojIIPWersja><sln:wojIdTeryt>30</sln:wojIdTeryt><sln:wojNazwa>wielkopolskie</sln:wojNazwa></sln:miejscowosc><sln:miejscowosc><sln:cyklZyciaOd>2017-03-30T00:00:00+02:00</sln:cyklZyciaOd><sln:gmIIPId>0aaca400-c051-473f-9380-8db0d33d9980</sln:gmIIPId><sln:gmIIPPn>PL.PZGIK.200</sln:gmIIPPn><sln:gmIIPWersja>2012-09-26T22:24:23+02:00</sln:gmIIPWersja><sln:gmIdTeryt>3004042</sln:gmIdTeryt><sln:gmNazwa>Pępowo</sln:gmNazwa><sln:miejscIIPId>550f3e30-fb92-4aee-bac0-2bc410255868</sln:miejscIIPId><sln:miejscIIPPn>PL.PZGIK.200</sln:miejscIIPPn><sln:miejscIIPWersja>2017-03-30T15:36:39+02:00</sln:miejscIIPWersja><sln:miejscIdTeryt>0374344</sln:miejscIdTeryt><sln:miejscNazwa>Pępowo</sln:miejscNazwa><sln:miejscRodzaj>Wieś</sln:miejscRodzaj><sln:powIIPId>ffd85c8f-62a0-4e49-8d0f-f462fa7d1020</sln:powIIPId><sln:powIIPPn>PL.PZGIK.200</sln:powIIPPn><sln:powIIPWersja>2012-09-27T08:59:03+02:00</sln:powIIPWersja><sln:powIdTeryt>3004</sln:powIdTeryt><sln:powNazwa>gostyński</sln:powNazwa><sln:waznyOd>2014-11-07T00:00:00+01:00</sln:waznyOd><sln:wojIIPId>c606b01a-76c8-480d-9470-f24ca0d7a613</sln:wojIIPId><sln:wojIIPPn>PL.PZGIK.200</sln:wojIIPPn><sln:wojIIPWersja>2016-05-05T18:20:48+02:00</sln:wojIIPWersja><sln:wojIdTeryt>30</sln:wojIdTeryt><sln:wojNazwa>wielkopolskie</sln:wojNazwa></sln:miejscowosc><sln:miejscowosc><sln:cyklZyciaOd>2017-03-30T00:00:00+02:00</sln:cyklZyciaOd><sln:gmIIPId>0aaca400-c051-473f-9380-8db0d33d9980</sln:gmIIPId><sln:gmIIPPn>PL.PZGIK.200</sln:gmIIPPn><sln:gmIIPWersja>2012-09-26T22:24:23+02:00</sln:gmIIPWersja><sln:gmIdTeryt>3004042</sln:gmIdTeryt><sln:gmNazwa>Pępowo</sln:gmNazwa><sln:miejscIIPId>ead39cad-2ac4-424c-83a4-94920e60ef08</sln:miejscIIPId><sln:miejscIIPPn>PL.PZGIK.200</sln:miejscIIPPn><sln:miejscIIPWersja>2017-03-30T15:36:39+02:00</sln:miejscIIPWersja><sln:miejscIdTeryt>0374380</sln:miejscIdTeryt><sln:miejscNazwa>Siedlec</sln:miejscNazwa><sln:miejscRodzaj>Wieś</sln:miejscRodzaj><sln:powIIPId>ffd85c8f-62a0-4e49-8d0f-f462fa7d1020</sln:powIIPId><sln:powIIPPn>PL.PZGIK.200</sln:powIIPPn><sln:powIIPWersja>2012-09-27T08:59:03+02:00</sln:powIIPWersja><sln:powIdTeryt>3004</sln:powIdTeryt><sln:powNazwa>gostyński</sln:powNazwa><sln:waznyOd>2014-11-07T00:00:00+01:00</sln:waznyOd><sln:wojIIPId>c606b01a-76c8-480d-9470-f24ca0d7a613</sln:wojIIPId><sln:wojIIPPn>PL.PZGIK.200</sln:wojIIPPn><sln:wojIIPWersja>2016-05-05T18:20:48+02:00</sln:wojIIPWersja><sln:wojIdTeryt>30</sln:wojIdTeryt><sln:wojNazwa>wielkopolskie</sln:wojNazwa></sln:miejscowosc><sln:miejscowosc><sln:cyklZyciaOd>2017-03-30T00:00:00+02:00</sln:cyklZyciaOd><sln:gmIIPId>0aaca400-c051-473f-9380-8db0d33d9980</sln:gmIIPId><sln:gmIIPPn>PL.PZGIK.200</sln:gmIIPPn><sln:gmIIPWersja>2012-09-26T22:24:23+02:00</sln:gmIIPWersja><sln:gmIdTeryt>3004042</sln:gmIdTeryt><sln:gmNazwa>Pępowo</sln:gmNazwa><sln:miejscIIPId>c6354545-80d4-4026-87d1-111b551cc9b2</sln:miejscIIPId><sln:miejscIIPPn>PL.PZGIK.200</sln:miejscIIPPn><sln:miejscIIPWersja>2017-03-30T15:36:39+02:00</sln:miejscIIPWersja><sln:miejscIdTeryt>0374440</sln:miejscIdTeryt><sln:miejscNazwa>Skoraszewice</sln:miejscNazwa><sln:miejscRodzaj>Wieś</sln:miejscRodzaj><sln:powIIPId>ffd85c8f-62a0-4e49-8d0f-f462fa7d1020</sln:powIIPId><sln:powIIPPn>PL.PZGIK.200</sln:powIIPPn><sln:powIIPWersja>2012-09-27T08:59:03+02:00</sln:powIIPWersja><sln:powIdTeryt>3004</sln:powIdTeryt><sln:powNazwa>gostyński</sln:powNazwa><sln:waznyOd>2014-11-07T00:00:00+01:00</sln:waznyOd><sln:wojIIPId>c606b01a-76c8-480d-9470-f24ca0d7a613</sln:wojIIPId><sln:wojIIPPn>PL.PZGIK.200</sln:wojIIPPn><sln:wojIIPWersja>2016-05-05T18:20:48+02:00</sln:wojIIPWersja><sln:wojIdTeryt>30</sln:wojIdTeryt><sln:wojNazwa>wielkopolskie</sln:wojNazwa></sln:miejscowosc><sln:miejscowosc><sln:cyklZyciaOd>2017-03-30T00:00:00+02:00</sln:cyklZyciaOd><sln:gmIIPId>0aaca400-c051-473f-9380-8db0d33d9980</sln:gmIIPId><sln:gmIIPPn>PL.PZGIK.200</sln:gmIIPPn><sln:gmIIPWersja>2012-09-26T22:24:23+02:00</sln:gmIIPWersja><sln:gmIdTeryt>3004042</sln:gmIdTeryt><sln:gmNazwa>Pępowo</sln:gmNazwa><sln:miejscIIPId>74c2bced-8781-4c25-8ecf-c5e7c8e83e5f</sln:miejscIIPId><sln:miejscIIPPn>PL.PZGIK.200</sln:miejscIIPPn><sln:miejscIIPWersja>2017-03-30T15:36:39+02:00</sln:miejscIIPWersja><sln:miejscIdTeryt>0374456</sln:miejscIdTeryt><sln:miejscNazwa>Wilkonice</sln:miejscNazwa><sln:miejscRodzaj>Wieś</sln:miejscRodzaj><sln:powIIPId>ffd85c8f-62a0-4e49-8d0f-f462fa7d1020</sln:powIIPId><sln:powIIPPn>PL.PZGIK.200</sln:powIIPPn><sln:powIIPWersja>2012-09-27T08:59:03+02:00</sln:powIIPWersja><sln:powIdTeryt>3004</sln:powIdTeryt><sln:powNazwa>gostyński</sln:powNazwa><sln:waznyOd>2014-11-07T00:00:00+01:00</sln:waznyOd><sln:wojIIPId>c606b01a-76c8-480d-9470-f24ca0d7a613</sln:wojIIPId><sln:wojIIPPn>PL.PZGIK.200</sln:wojIIPPn><sln:wojIIPWersja>2016-05-05T18:20:48+02:00</sln:wojIIPWersja><sln:wojIdTeryt>30</sln:wojIdTeryt><sln:wojNazwa>wielkopolskie</sln:wojNazwa></sln:miejscowosc></sln:lista-miejscowosci>