<?xml version="1.0" encoding="UTF-8" standalone="yes"?><sln:lista-miejscowosci xmlns:srv="http://gugik.gov.pl/schemas/slowniki-service/1.0" xmlns:sln="http://gugik.gov.pl/schemas/slowniki-schema/1.0"><sln:miejscowosc><sln:cyklZyciaOd>2017-04-27T00:00:00+02:00</sln:cyklZyciaOd><sln:gmIIPId>62f4dbd6-a8b2-4bc0-9aca-a6c0fbc67eba</sln:gmIIPId><sln:gmIIPPn>PL.PZGIK.200</sln:gmIIPPn><sln:gmIIPWersja>2017-07-20T12:39:05+02:00</sln:gmIIPWersja><sln:gmIdTeryt>3020013</sln:gmIdTeryt><sln:gmNazwa>Chocz</sln:gmNazwa><sln:miejscIIPId>3c286229-5fb9-4ca3-bc52-586b02c0ca1a</sln:miejscIIPId><sln:miejscIIPPn>PL.PZGIK.200</sln:miejscIIPPn><sln:miejscIIPWersja>2017-04-27T10:11:46+02:00</sln:miejscIIPWersja><sln:miejscIdTeryt>0195558</sln:miejscIdTeryt><sln:miejscNazwa>Brudzewek</sln:miejscNazwa><sln:miejscRodzaj>Wieś</sln:miejscRodzaj><sln:powIIPId>df99672f-a692-4465-8220-a70996ebb8e7</sln:powIIPId><sln:powIIPPn>PL.PZGIK.200</sln:powIIPPn><sln:powIIPWersja>2016-10-21T02:53:10+02:00</sln:powIIPWersja><sln:powIdTeryt>3020</sln:powIdTeryt><sln:powNazwa>pleszewski</sln:powNazwa><sln:waznyOd>2013-12-16T00:00:00+01:00</sln:waznyOd><sln:wojIIPId>c606b01a-76c8-480d-9470-f24ca0d7a613</sln:wojIIPId><sln:wojIIPPn>PL.PZGIK.200</sln:wojIIPPn><sln:wojIIPWersja>2016-05-05T18:20:48+02:00</sln:wojIIPWersja><sln:wojIdTeryt>30</sln:wojIdTeryt><sln:wojNazwa>wielkopolskie</sln:wojNazwa></sln:miejscowosc><sln:miejscowosc><sln:cyklZyciaOd>2017-04-27T00:00:00+02:00</sln:cyklZyciaOd><sln:gmIIPId>62f4dbd6-a8b2-4bc0-9aca-a6c0fbc67eba</sln:gmIIPId><sln:gmIIPPn>PL.PZGIK.200</sln:gmIIPPn><sln:gmIIPWersja>2017-07-20T12:39:05+02:00</sln:gmIIPWersja><sln:gmIdTeryt>3020013</sln:gmIdTeryt><sln:gmNazwa>Chocz</sln:gmNazwa><sln:miejscIIPId>758cfdb6-fa3a-41b4-9e13-5ea9b9ae3dd3</sln:miejscIIPId><sln:miejscIIPPn>PL.PZGIK.200</sln:miejscIIPPn><sln:miejscIIPWersja>2017-04-27T10:11:54+02:00</sln:miejscIIPWersja><sln:miejscIdTeryt>0195564</sln:miejscIdTeryt><sln:miejscNazwa>Chocz</sln:miejscNazwa><sln:miejscRodzaj>Miasto</sln:miejscRodzaj><sln:powIIPId>df99672f-a692-4465-8220-a70996ebb8e7</sln:powIIPId><sln:powIIPPn>PL.PZGIK.200</sln:powIIPPn><sln:powIIPWersja>2016-10-21T02:53:10+02:00</sln:powIIPWersja><sln:powIdTeryt>3020</sln:powIdTeryt><sln:powNazwa>pleszewski</sln:powNazwa><sln:waznyOd>2017-04-26T00:00:00+02:00</sln:waznyOd><sln:wojIIPId>c606b01a-76c8-480d-9470-f24ca0d7a613</sln:wojIIPId><sln:wojIIPPn>PL.PZGIK.200</sln:wojIIPPn><sln:wojIIPWersja>2016-05-05T18:20:48+02:00</sln:wojIIPWersja><sln:wojIdTeryt>30</sln:wojIdTeryt><sln:wojNazwa>wielkopolskie</sln:wojNazwa></sln:miejscowosc><sln:miejscowosc><sln:cyklZyciaOd>2017-04-27T00:00:00+02:00</sln:cyklZyciaOd><sln:gmIIPId>62f4dbd6-a8b2-4bc0-9aca-a6c0fbc67eba</sln:gmIIPId><sln:gmIIPPn>PL.PZGIK.200</sln:gmIIPPn><sln:gmIIPWersja>2017-07-20T12:39:05+02:00</sln:gmIIPWersja><sln:gmIdTeryt>3020013</sln:gmIdTeryt><sln:gmNazwa>Chocz</sln:gmNazwa><sln:miejscIIPId>aa35181f-c700-4c71-a698-175af18b9760</sln:miejscIIPId><sln:miejscIIPPn>PL.PZGIK.200</sln:miejscIIPPn><sln:miejscIIPWersja>2017-04-27T10:11:54+02:00</sln:miejscIIPWersja><sln:miejscIdTeryt>0195570</sln:miejscIdTeryt><sln:miejscNazwa>Józefów</sln:miejscNazwa><sln:miejscRodzaj>Wieś</sln:miejscRodzaj><sln:powIIPId>df99672f-a692-4465-8220-a70996ebb8e7</sln:powIIPId><sln:powIIPPn>PL.PZGIK.200</sln:powIIPPn><sln:powIIPWersja>2016-10-21T02:53:10+02:00</sln:powIIPWersja><sln:powIdTeryt>3020</sln:powIdTeryt><sln:powNazwa>pleszewski</sln:powNazwa><sln:waznyOd>2013-12-16T00:00:00+01:00</sln:waznyOd><sln:wojIIPId>c606b01a-76c8-480d-9470-f24ca0d7a613</sln:wojIIPId><sln:wojIIPPn>PL.PZGIK.200</sln:wojIIPPn><sln:wojIIPWersja>2016-05-05T18:20:48+02:00</sln:wojIIPWersja><sln:wojIdTeryt>30</sln:wojIdTeryt><sln:wojNazwa>wielkopolskie</sln:wojNazwa></sln:miejscowosc><sln:miejscowosc><sln:cyklZyciaOd>2017-04-27T00:00:00+02:00</sln:cyklZyciaOd><sln:gmIIPId>62f4dbd6-a8b2-4bc0-9aca-a6c0fbc67eba</sln:gmIIPId><sln:gmIIPPn>PL.PZGIK.200</sln:gmIIPPn><sln:gmIIPWersja>2017-07-20T12:39:05+02:00</sln:gmIIPWersja><sln:gmIdTeryt>3020013</sln:gmIdTeryt><sln:gmNazwa>Chocz</sln:gmNazwa><sln:miejscIIPId>96089850-255f-4284-bfdc-58c9ec67fa26</sln:miejscIIPId><sln:miejscIIPPn>PL.PZGIK.200</sln:miejscIIPPn><sln:miejscIIPWersja>2017-04-27T10:11:54+02:00</sln:miejscIIPWersja><sln:miejscIdTeryt>0195587</sln:miejscIdTeryt><sln:miejscNazwa>Kuźnia</sln:miejscNazwa><sln:miejscRodzaj>Wieś</sln:miejscRodzaj><sln:powIIPId>df99672f-a692-4465-8220-a70996ebb8e7</sln:powIIPId><sln:powIIPPn>PL.PZGIK.200</sln:powIIPPn><sln:powIIPWersja>2016-10-21T02:53:10+02:00</sln:powIIPWersja><sln:powIdTeryt>3020</sln:powIdTeryt><sln:powNazwa>pleszewski</sln:powNazwa><sln:waznyOd>2013-12-16T00:00:00+01:00</sln:waznyOd><sln:wojIIPId>c606b01a-76c8-480d-9470-f24ca0d7a613</sln:wojIIPId><sln:wojIIPPn>PL.PZGIK.200</sln:wojIIPPn><sln:wojIIPWersja>2016-05-05T18:20:48+02:00</sln:wojIIPWersja><sln:wojIdTeryt>30</sln:wojIdTeryt><sln:wojNazwa>wielkopolskie</sln:wojNazwa></sln:miejscowosc><sln:miejscowosc><sln:cyklZyciaOd>2017-04-27T00:00:00+02:00</sln:cyklZyciaOd><sln:gmIIPId>62f4dbd6-a8b2-4bc0-9aca-a6c0fbc67eba</sln:gmIIPId><sln:gmIIPPn>PL.PZGIK.200</sln:gmIIPPn><sln:gmIIPWersja>2017-07-20T12:39:05+02:00</sln:gmIIPWersja><sln:gmIdTeryt>3020013</sln:gmIdTeryt><sln:gmNazwa>Chocz</sln:gmNazwa><sln:miejscIIPId>f057cfaf-6c07-4583-9bd9-f23c6a56bd75</sln:miejscIIPId><sln:miejscIIPPn>PL.PZGIK.200</sln:miejscIIPPn><sln:miejscIIPWersja>2017-04-27T10:11:54+02:00</sln:miejscIIPWersja><sln:miejscIdTeryt>0195593</sln:miejscIdTeryt><sln:miejscNazwa>Kwileń</sln:miejscNazwa><sln:miejscRodzaj>Wieś</sln:miejscRodzaj><sln:powIIPId>df99672f-a692-4465-8220-a70996ebb8e7</sln:powIIPId><sln:powIIPPn>PL.PZGIK.200</sln:powIIPPn><sln:powIIPWersja>2016-10-21T02:53:10+02:00</sln:powIIPWersja><sln:powIdTeryt>3020</sln:powIdTeryt><sln:powNazwa>pleszewski</sln:powNazwa><sln:waznyOd>2013-12-16T00:00:00+01:00</sln:waznyOd><sln:wojIIPId>c606b01a-76c8-480d-9470-f24ca0d7a613</sln:wojIIPId><sln:wojIIPPn>PL.PZGIK.200</sln:wojIIPPn><sln:wojIIPWersja>2016-05-05T18:20:48+02:00</sln:wojIIPWersja><sln:wojIdTeryt>30</sln:wojIdTeryt><sln:wojNazwa>wielkopolskie</sln:wojNazwa></sln:miejscowosc><sln:miejscowosc><sln:cyklZyciaOd>2017-04-27T00:00:00+02:00</sln:cyklZyciaOd><sln:gmIIPId>62f4dbd6-a8b2-4bc0-9aca-a6c0fbc67eba</sln:gmIIPId><sln:gmIIPPn>PL.PZGIK.200</sln:gmIIPPn><sln:gmIIPWersja>2017-07-20T12:39:05+02:00</sln:gmIIPWersja><sln:gmIdTeryt>3020013</sln:gmIdTeryt><sln:gmNazwa>Chocz</sln:gmNazwa><sln:miejscIIPId>f0bbdd39-dc50-4cb1-ba1a-f983e066d77a</sln:miejscIIPId><sln:miejscIIPPn>PL.PZGIK.200</sln:miejscIIPPn><sln:miejscIIPWersja>2017-04-27T10:11:54+02:00</sln:miejscIIPWersja><sln:miejscIdTeryt>0195601</sln:miejscIdTeryt><sln:miejscNazwa>Niniew</sln:miejscNazwa><sln:miejscRodzaj>Wieś</sln:miejscRodzaj><sln:powIIPId>df99672f-a692-4465-8220-a70996ebb8e7</sln:powIIPId><sln:powIIPPn>PL.PZGIK.200</sln:powIIPPn><sln:powIIPWersja>2016-10-21T02:53:10+02:00</sln:powIIPWersja><sln:powIdTeryt>3020</sln:powIdTeryt><sln:powNazwa>pleszewski</sln:powNazwa><sln:waznyOd>2013-12-16T00:00:00+01:00</sln:waznyOd><sln:wojIIPId>c606b01a-76c8-480d-9470-f24ca0d7a613</sln:wojIIPId><sln:wojIIPPn>PL.PZGIK.200</sln:wojIIPPn><sln:wojIIPWersja>2016-05-05T18:20:48+02:00</sln:wojIIPWersja><sln:wojIdTeryt>30</sln:wojIdTeryt><sln:wojNazwa>wielkopolskie</sln:wojNazwa></sln:miejscowosc><sln:miejscowosc><sln:cyklZyciaOd>2017-04-27T00:00:00+02:00</sln:cyklZyciaOd><sln:gmIIPId>62f4dbd6-a8b2-4bc0-9aca-a6c0fbc67eba</sln:gmIIPId><sln:gmIIPPn>PL.PZGIK.200</sln:gmIIPPn><sln:gmIIPWersja>2017-07-20T12:39:05+02:00</sln:gmIIPWersja><sln:gmIdTeryt>3020013</sln:gmIdTeryt><sln:gmNazwa>Chocz</sln:gmNazwa><sln:miejscIIPId>ca93267d-048f-40d6-a992-1dccf610962c</sln:miejscIIPId><sln:miejscIIPPn>PL.PZGIK.200</sln:miejscIIPPn><sln:miejscIIPWersja>2017-04-27T10:11:54+02:00</sln:miejscIIPWersja><sln:miejscIdTeryt>0195618</sln:miejscIdTeryt><sln:miejscNazwa>Nowa Kaźmierka</sln:miejscNazwa><sln:miejscRodzaj>Wieś</sln:miejscRodzaj><sln:powIIPId>df99672f-a692-4465-8220-a70996ebb8e7</sln:powIIPId><sln:powIIPPn>PL.PZGIK.200</sln:powIIPPn><sln:powIIPWersja>2016-10-21T02:53:10+02:00</sln:powIIPWersja><sln:powIdTeryt>3020</sln:powIdTeryt><sln:powNazwa>pleszewski</sln:powNazwa><sln:waznyOd>2013-12-16T00:00:00+01:00</sln:waznyOd><sln:wojIIPId>c606b01a-76c8-480d-9470-f24ca0d7a613</sln:wojIIPId><sln:wojIIPPn>PL.PZGIK.200</sln:wojIIPPn><sln:wojIIPWersja>2016-05-05T18:20:48+02:00</sln:wojIIPWersja><sln:wojIdTeryt>30</sln:wojIdTeryt><sln:wojNazwa>wielkopolskie</sln:wojNazwa></sln:miejscowosc><sln:miejscowosc><sln:cyklZyciaOd>2017-04-27T00:00:00+02:00</sln:cyklZyciaOd><sln:gmIIPId>62f4dbd6-a8b2-4bc0-9aca-a6c0fbc67eba</sln:gmIIPId><sln:gmIIPPn>PL.PZGIK.200</sln:gmIIPPn><sln:gmIIPWersja>2017-07-20T12:39:05+02:00</sln:gmIIPWersja><sln:gmIdTeryt>3020013</sln:gmIdTeryt><sln:gmNazwa>Chocz</sln:gmNazwa><sln:miejscIIPId>566f9065-6b43-4c8c-a8fe-9f1fcf4b3f9e</sln:miejscIIPId><sln:miejscIIPPn>PL.PZGIK.200</sln:miejscIIPPn><sln:miejscIIPWersja>2017-04-27T10:11:54+02:00</sln:miejscIIPWersja><sln:miejscIdTeryt>0195624</sln:miejscIdTeryt><sln:miejscNazwa>Nowolipsk</sln:miejscNazwa><sln:miejscRodzaj>Wieś</sln:miejscRodzaj><sln:powIIPId>df99672f-a692-4465-8220-a70996ebb8e7</sln:powIIPId><sln:powIIPPn>PL.PZGIK.200</sln:powIIPPn><sln:powIIPWersja>2016-10-21T02:53:10+02:00</sln:powIIPWersja><sln:powIdTeryt>3020</sln:powIdTeryt><sln:powNazwa>pleszewski</sln:powNazwa><sln:waznyOd>2013-12-16T00:00:00+01:00</sln:waznyOd><sln:wojIIPId>c606b01a-76c8-480d-9470-f24ca0d7a613</sln:wojIIPId><sln:wojIIPPn>PL.PZGIK.200</sln:wojIIPPn><sln:wojIIPWersja>2016-05-05T18:20:48+02:00</sln:wojIIPWersja><sln:wojIdTeryt>30</sln:wojIdTeryt><sln:wojNazwa>wielkopolskie</sln:wojNazwa></sln:miejscowosc><sln:miejscowosc><sln:cyklZyciaOd>2017-04-27T00:00:00+02:00</sln:cyklZyciaOd><sln:gmIIPId>62f4dbd6-a8b2-4bc0-9aca-a6c0fbc67eba</sln:gmIIPId><sln:gmIIPPn>PL.PZGIK.200</sln:gmIIPPn><sln:gmIIPWersja>2017-07-20T12:39:05+02:00</sln:gmIIPWersja><sln:gmIdTeryt>3020013</sln:gmIdTeryt><sln:gmNazwa>Chocz</sln:gmNazwa><sln:miejscIIPId>35a0185d-435f-441f-af11-d0edf4761a66</sln:miejscIIPId><sln:miejscIIPPn>PL.PZGIK.200</sln:miejscIIPPn><sln:miejscIIPWersja>2017-04-27T10:11:54+02:00</sln:miejscIIPWersja><sln:miejscIdTeryt>0195630</sln:miejscIdTeryt><sln:miejscNazwa>Nowy Olesiec</sln:miejscNazwa><sln:miejscRodzaj>Wieś</sln:miejscRodzaj><sln:powIIPId>df99672f-a692-4465-8220-a70996ebb8e7</sln:powIIPId><sln:powIIPPn>PL.PZGIK.200</sln:powIIPPn><sln:powIIPWersja>2016-10-21T02:53:10+02:00</sln:powIIPWersja><sln:powIdTeryt>3020</sln:powIdTeryt><sln:powNazwa>pleszewski</sln:powNazwa><sln:waznyOd>2013-12-16T00:00:00+01:00</sln:waznyOd><sln:wojIIPId>c606b01a-76c8-480d-9470-f24ca0d7a613</sln:wojIIPId><sln:wojIIPPn>PL.PZGIK.200</sln:wojIIPPn><sln:wojIIPWersja>2016-05-05T18:20:48+02:00</sln:wojIIPWersja><sln:wojIdTeryt>30</sln:wojIdTeryt><sln:wojNazwa>wielkopolskie</sln:wojNazwa></sln:miejscowosc><sln:miejscowosc><sln:cyklZyciaOd>2017-04-27T00:00:00+02:00</sln:cyklZyciaOd><sln:gmIIPId>62f4dbd6-a8b2-4bc0-9aca-a6c0fbc67eba</sln:gmIIPId><sln:gmIIPPn>PL.PZGIK.200</sln:gmIIPPn><sln:gmIIPWersja>2017-07-20T12:39:05+02:00</sln:gmIIPWersja><sln:gmIdTeryt>3020013</sln:gmIdTeryt><sln:gmNazwa>Chocz</sln:gmNazwa><sln:miejscIIPId>0089e288-fc11-4837-a9ea-4113a2b8d984</sln:miejscIIPId><sln:miejscIIPPn>PL.PZGIK.200</sln:miejscIIPPn><sln:miejscIIPWersja>2017-04-27T10:11:54+02:00</sln:miejscIIPWersja><sln:miejscIdTeryt>0195647</sln:miejscIdTeryt><sln:miejscNazwa>Piła</sln:miejscNazwa><sln:miejscRodzaj>Wieś</sln:miejscRodzaj><sln:powIIPId>df99672f-a692-4465-8220-a70996ebb8e7</sln:powIIPId><sln:powIIPPn>PL.PZGIK.200</sln:powIIPPn><sln:powIIPWersja>2016-10-21T02:53:10+02:00</sln:powIIPWersja><sln:powIdTeryt>3020</sln:powIdTeryt><sln:powNazwa>pleszewski</sln:powNazwa><sln:waznyOd>2013-12-16T00:00:00+01:00</sln:waznyOd><sln:wojIIPId>c606b01a-76c8-480d-9470-f24ca0d7a613</sln:wojIIPId><sln:wojIIPPn>PL.PZGIK.200</sln:wojIIPPn><sln:wojIIPWersja>2016-05-05T18:20:48+02:00</sln:wojIIPWersja><sln:wojIdTeryt>30</sln:wojIdTeryt><sln:wojNazwa>wielkopolskie</sln:wojNazwa></sln:miejscowosc><sln:miejscowosc><sln:cyklZyciaOd>2017-04-27T00:00:00+02:00</sln:cyklZyciaOd><sln:gmIIPId>62f4dbd6-a8b2-4bc0-9aca-a6c0fbc67eba</sln:gmIIPId><sln:gmIIPPn>PL.PZGIK.200</sln:gmIIPPn><sln:gmIIPWersja>2017-07-20T12:39:05+02:00</sln:gmIIPWersja><sln:gmIdTeryt>3020013</sln:gmIdTeryt><sln:gmNazwa>Chocz</sln:gmNazwa><sln:miejscIIPId>a21ffb5d-83ea-4bff-ae73-05aff56d4ffc</sln:miejscIIPId><sln:miejscIIPPn>PL.PZGIK.200</sln:miejscIIPPn><sln:miejscIIPWersja>2017-04-27T10:11:54+02:00</sln:miejscIIPWersja><sln:miejscIdTeryt>0195653</sln:miejscIdTeryt><sln:miejscNazwa>Stara Kaźmierka</sln:miejscNazwa><sln:miejscRodzaj>Wieś</sln:miejscRodzaj><sln:powIIPId>df99672f-a692-4465-8220-a70996ebb8e7</sln:powIIPId><sln:powIIPPn>PL.PZGIK.200</sln:powIIPPn><sln:powIIPWersja>2016-10-21T02:53:10+02:00</sln:powIIPWersja><sln:powIdTeryt>3020</sln:powIdTeryt><sln:powNazwa>pleszewski</sln:powNazwa><sln:waznyOd>2013-12-16T00:00:00+01:00</sln:waznyOd><sln:wojIIPId>c606b01a-76c8-480d-9470-f24ca0d7a613</sln:wojIIPId><sln:wojIIPPn>PL.PZGIK.200</sln:wojIIPPn><sln:wojIIPWersja>2016-05-05T18:20:48+02:00</sln:wojIIPWersja><sln:wojIdTeryt>30</sln:wojIdTeryt><sln:wojNazwa>wielkopolskie</sln:wojNazwa></sln:miejscowosc><sln:miejscowosc><sln:cyklZyciaOd>2017-04-27T00:00:00+02:00</sln:cyklZyciaOd><sln:gmIIPId>62f4dbd6-a8b2-4bc0-9aca-a6c0fbc67eba</sln:gmIIPId><sln:gmIIPPn>PL.PZGIK.200</sln:gmIIPPn><sln:gmIIPWersja>2017-07-20T12:39:05+02:00</sln:gmIIPWersja><sln:gmIdTeryt>3020013</sln:gmIdTeryt><sln:gmNazwa>Chocz</sln:gmNazwa><sln:miejscIIPId>76ea3fc7-28af-476c-b306-eb2028023876</sln:miejscIIPId><sln:miejscIIPPn>PL.PZGIK.200</sln:miejscIIPPn><sln:miejscIIPWersja>2017-04-27T10:11:54+02:00</sln:miejscIIPWersja><sln:miejscIdTeryt>0195660</sln:miejscIdTeryt><sln:miejscNazwa>Stary Olesiec</sln:miejscNazwa><sln:miejscRodzaj>Wieś</sln:miejscRodzaj><sln:powIIPId>df99672f-a692-4465-8220-a70996ebb8e7</sln:powIIPId><sln:powIIPPn>PL.PZGIK.200</sln:powIIPPn><sln:powIIPWersja>2016-10-21T02:53:10+02:00</sln:powIIPWersja><sln:powIdTeryt>3020</sln:powIdTeryt><sln:powNazwa>pleszewski</sln:powNazwa><sln:waznyOd>2013-12-16T00:00:00+01:00</sln:waznyOd><sln:wojIIPId>c606b01a-76c8-480d-9470-f24ca0d7a613</sln:wojIIPId><sln:wojIIPPn>PL.PZGIK.200</sln:wojIIPPn><sln:wojIIPWersja>2016-05-05T18:20:48+02:00</sln:wojIIPWersja><sln:wojIdTeryt>30</sln:wojIdTeryt><sln:wojNazwa>wielkopolskie</sln:wojNazwa></sln:miejscowosc></sln:lista-miejscowosci>