<?xml version="1.0" encoding="UTF-8" standalone="yes"?><sln:lista-miejscowosci xmlns:srv="http://gugik.gov.pl/schemas/slowniki-service/1.0" xmlns:sln="http://gugik.gov.pl/schemas/slowniki-schema/1.0"><sln:miejscowosc><sln:cyklZyciaDo>2017-03-30T00:00:00+02:00</sln:cyklZyciaDo><sln:cyklZyciaOd>2015-12-29T00:00:00+01:00</sln:cyklZyciaOd><sln:gmIIPId>64ea3a76-f5a7-4006-b4c9-deeb593297a8</sln:gmIIPId><sln:gmIIPPn>PL.PZGIK.200</sln:gmIIPPn><sln:gmIIPWersja>2012-09-26T22:23:52+02:00</sln:gmIIPWersja><sln:gmIdTeryt>3028062</sln:gmIdTeryt><sln:gmNazwa>Wapno</sln:gmNazwa><sln:miejscIIPId>48eb6b68-b3b4-4c71-9a59-e5fd77f3f7ff</sln:miejscIIPId><sln:miejscIIPPn>PL.PZGIK.200</sln:miejscIIPPn><sln:miejscIIPWersja>2016-11-24T11:03:25+02:00</sln:miejscIIPWersja><sln:miejscIdTeryt>0531571</sln:miejscIdTeryt><sln:miejscNazwa>Aleksandrowo</sln:miejscNazwa><sln:miejscRodzaj>Wieś</sln:miejscRodzaj><sln:powIIPId>1f95f92e-8779-49c4-94d7-d9139d526841</sln:powIIPId><sln:powIIPPn>PL.PZGIK.200</sln:powIIPPn><sln:powIIPWersja>2012-09-27T08:59:03+02:00</sln:powIIPWersja><sln:powIdTeryt>3028</sln:powIdTeryt><sln:powNazwa>wągrowiecki</sln:powNazwa><sln:waznyOd>2013-03-18T00:00:00+01:00</sln:waznyOd><sln:wojIIPId>c606b01a-76c8-480d-9470-f24ca0d7a613</sln:wojIIPId><sln:wojIIPPn>PL.PZGIK.200</sln:wojIIPPn><sln:wojIIPWersja>2016-05-05T18:20:48+02:00</sln:wojIIPWersja><sln:wojIdTeryt>30</sln:wojIdTeryt><sln:wojNazwa>wielkopolskie</sln:wojNazwa></sln:miejscowosc><sln:miejscowosc><sln:cyklZyciaDo>2017-03-30T00:00:00+02:00</sln:cyklZyciaDo><sln:cyklZyciaOd>2015-12-29T00:00:00+01:00</sln:cyklZyciaOd><sln:gmIIPId>64ea3a76-f5a7-4006-b4c9-deeb593297a8</sln:gmIIPId><sln:gmIIPPn>PL.PZGIK.200</sln:gmIIPPn><sln:gmIIPWersja>2012-09-26T22:23:52+02:00</sln:gmIIPWersja><sln:gmIdTeryt>3028062</sln:gmIdTeryt><sln:gmNazwa>Wapno</sln:gmNazwa><sln:miejscIIPId>f451e707-3fb2-424e-9aa7-066ab4986c44</sln:miejscIIPId><sln:miejscIIPPn>PL.PZGIK.200</sln:miejscIIPPn><sln:miejscIIPWersja>2016-11-24T11:03:25+02:00</sln:miejscIIPWersja><sln:miejscIdTeryt>0531588</sln:miejscIdTeryt><sln:miejscNazwa>Graboszewo</sln:miejscNazwa><sln:miejscRodzaj>Wieś</sln:miejscRodzaj><sln:powIIPId>1f95f92e-8779-49c4-94d7-d9139d526841</sln:powIIPId><sln:powIIPPn>PL.PZGIK.200</sln:powIIPPn><sln:powIIPWersja>2012-09-27T08:59:03+02:00</sln:powIIPWersja><sln:powIdTeryt>3028</sln:powIdTeryt><sln:powNazwa>wągrowiecki</sln:powNazwa><sln:waznyOd>2013-03-18T00:00:00+01:00</sln:waznyOd><sln:wojIIPId>c606b01a-76c8-480d-9470-f24ca0d7a613</sln:wojIIPId><sln:wojIIPPn>PL.PZGIK.200</sln:wojIIPPn><sln:wojIIPWersja>2016-05-05T18:20:48+02:00</sln:wojIIPWersja><sln:wojIdTeryt>30</sln:wojIdTeryt><sln:wojNazwa>wielkopolskie</sln:wojNazwa></sln:miejscowosc><sln:miejscowosc><sln:cyklZyciaDo>2017-03-30T00:00:00+02:00</sln:cyklZyciaDo><sln:cyklZyciaOd>2015-12-29T00:00:00+01:00</sln:cyklZyciaOd><sln:gmIIPId>64ea3a76-f5a7-4006-b4c9-deeb593297a8</sln:gmIIPId><sln:gmIIPPn>PL.PZGIK.200</sln:gmIIPPn><sln:gmIIPWersja>2012-09-26T22:23:52+02:00</sln:gmIIPWersja><sln:gmIdTeryt>3028062</sln:gmIdTeryt><sln:gmNazwa>Wapno</sln:gmNazwa><sln:miejscIIPId>28fa8ece-294a-45e9-8971-18744114dab4</sln:miejscIIPId><sln:miejscIIPPn>PL.PZGIK.200</sln:miejscIIPPn><sln:miejscIIPWersja>2016-11-24T11:03:25+02:00</sln:miejscIIPWersja><sln:miejscIdTeryt>0531594</sln:miejscIdTeryt><sln:miejscNazwa>Komasin</sln:miejscNazwa><sln:miejscRodzaj>Wieś</sln:miejscRodzaj><sln:powIIPId>1f95f92e-8779-49c4-94d7-d9139d526841</sln:powIIPId><sln:powIIPPn>PL.PZGIK.200</sln:powIIPPn><sln:powIIPWersja>2012-09-27T08:59:03+02:00</sln:powIIPWersja><sln:powIdTeryt>3028</sln:powIdTeryt><sln:powNazwa>wągrowiecki</sln:powNazwa><sln:waznyOd>2013-03-18T00:00:00+01:00</sln:waznyOd><sln:wojIIPId>c606b01a-76c8-480d-9470-f24ca0d7a613</sln:wojIIPId><sln:wojIIPPn>PL.PZGIK.200</sln:wojIIPPn><sln:wojIIPWersja>2016-05-05T18:20:48+02:00</sln:wojIIPWersja><sln:wojIdTeryt>30</sln:wojIdTeryt><sln:wojNazwa>wielkopolskie</sln:wojNazwa></sln:miejscowosc><sln:miejscowosc><sln:cyklZyciaDo>2017-03-30T00:00:00+02:00</sln:cyklZyciaDo><sln:cyklZyciaOd>2015-12-29T00:00:00+01:00</sln:cyklZyciaOd><sln:gmIIPId>64ea3a76-f5a7-4006-b4c9-deeb593297a8</sln:gmIIPId><sln:gmIIPPn>PL.PZGIK.200</sln:gmIIPPn><sln:gmIIPWersja>2012-09-26T22:23:52+02:00</sln:gmIIPWersja><sln:gmIdTeryt>3028062</sln:gmIdTeryt><sln:gmNazwa>Wapno</sln:gmNazwa><sln:miejscIIPId>f985693b-dfc4-4920-be75-3536e938d6a3</sln:miejscIIPId><sln:miejscIIPPn>PL.PZGIK.200</sln:miejscIIPPn><sln:miejscIIPWersja>2016-11-24T11:03:25+02:00</sln:miejscIIPWersja><sln:miejscIdTeryt>0531602</sln:miejscIdTeryt><sln:miejscNazwa>Podolin</sln:miejscNazwa><sln:miejscRodzaj>Wieś</sln:miejscRodzaj><sln:powIIPId>1f95f92e-8779-49c4-94d7-d9139d526841</sln:powIIPId><sln:powIIPPn>PL.PZGIK.200</sln:powIIPPn><sln:powIIPWersja>2012-09-27T08:59:03+02:00</sln:powIIPWersja><sln:powIdTeryt>3028</sln:powIdTeryt><sln:powNazwa>wągrowiecki</sln:powNazwa><sln:waznyOd>2013-03-18T00:00:00+01:00</sln:waznyOd><sln:wojIIPId>c606b01a-76c8-480d-9470-f24ca0d7a613</sln:wojIIPId><sln:wojIIPPn>PL.PZGIK.200</sln:wojIIPPn><sln:wojIIPWersja>2016-05-05T18:20:48+02:00</sln:wojIIPWersja><sln:wojIdTeryt>30</sln:wojIdTeryt><sln:wojNazwa>wielkopolskie</sln:wojNazwa></sln:miejscowosc><sln:miejscowosc><sln:cyklZyciaDo>2017-03-30T00:00:00+02:00</sln:cyklZyciaDo><sln:cyklZyciaOd>2015-12-29T00:00:00+01:00</sln:cyklZyciaOd><sln:gmIIPId>64ea3a76-f5a7-4006-b4c9-deeb593297a8</sln:gmIIPId><sln:gmIIPPn>PL.PZGIK.200</sln:gmIIPPn><sln:gmIIPWersja>2012-09-26T22:23:52+02:00</sln:gmIIPWersja><sln:gmIdTeryt>3028062</sln:gmIdTeryt><sln:gmNazwa>Wapno</sln:gmNazwa><sln:miejscIIPId>80563bb9-1818-42d4-acab-680bfd8eb5e9</sln:miejscIIPId><sln:miejscIIPPn>PL.PZGIK.200</sln:miejscIIPPn><sln:miejscIIPWersja>2016-11-24T11:03:25+02:00</sln:miejscIIPWersja><sln:miejscIdTeryt>0531619</sln:miejscIdTeryt><sln:miejscNazwa>Rusiec</sln:miejscNazwa><sln:miejscRodzaj>Wieś</sln:miejscRodzaj><sln:powIIPId>1f95f92e-8779-49c4-94d7-d9139d526841</sln:powIIPId><sln:powIIPPn>PL.PZGIK.200</sln:powIIPPn><sln:powIIPWersja>2012-09-27T08:59:03+02:00</sln:powIIPWersja><sln:powIdTeryt>3028</sln:powIdTeryt><sln:powNazwa>wągrowiecki</sln:powNazwa><sln:waznyOd>2013-03-18T00:00:00+01:00</sln:waznyOd><sln:wojIIPId>c606b01a-76c8-480d-9470-f24ca0d7a613</sln:wojIIPId><sln:wojIIPPn>PL.PZGIK.200</sln:wojIIPPn><sln:wojIIPWersja>2016-05-05T18:20:48+02:00</sln:wojIIPWersja><sln:wojIdTeryt>30</sln:wojIdTeryt><sln:wojNazwa>wielkopolskie</sln:wojNazwa></sln:miejscowosc><sln:miejscowosc><sln:cyklZyciaDo>2017-03-30T00:00:00+02:00</sln:cyklZyciaDo><sln:cyklZyciaOd>2015-12-29T00:00:00+01:00</sln:cyklZyciaOd><sln:gmIIPId>64ea3a76-f5a7-4006-b4c9-deeb593297a8</sln:gmIIPId><sln:gmIIPPn>PL.PZGIK.200</sln:gmIIPPn><sln:gmIIPWersja>2012-09-26T22:23:52+02:00</sln:gmIIPWersja><sln:gmIdTeryt>3028062</sln:gmIdTeryt><sln:gmNazwa>Wapno</sln:gmNazwa><sln:miejscIIPId>94a02852-c065-4c3e-a5e7-33eed65974ef</sln:miejscIIPId><sln:miejscIIPPn>PL.PZGIK.200</sln:miejscIIPPn><sln:miejscIIPWersja>2016-11-24T11:03:25+02:00</sln:miejscIIPWersja><sln:miejscIdTeryt>0531625</sln:miejscIdTeryt><sln:miejscNazwa>Srebrna Góra</sln:miejscNazwa><sln:miejscRodzaj>Wieś</sln:miejscRodzaj><sln:powIIPId>1f95f92e-8779-49c4-94d7-d9139d526841</sln:powIIPId><sln:powIIPPn>PL.PZGIK.200</sln:powIIPPn><sln:powIIPWersja>2012-09-27T08:59:03+02:00</sln:powIIPWersja><sln:powIdTeryt>3028</sln:powIdTeryt><sln:powNazwa>wągrowiecki</sln:powNazwa><sln:waznyOd>2013-03-18T00:00:00+01:00</sln:waznyOd><sln:wojIIPId>c606b01a-76c8-480d-9470-f24ca0d7a613</sln:wojIIPId><sln:wojIIPPn>PL.PZGIK.200</sln:wojIIPPn><sln:wojIIPWersja>2016-05-05T18:20:48+02:00</sln:wojIIPWersja><sln:wojIdTeryt>30</sln:wojIdTeryt><sln:wojNazwa>wielkopolskie</sln:wojNazwa></sln:miejscowosc><sln:miejscowosc><sln:cyklZyciaDo>2017-03-30T00:00:00+02:00</sln:cyklZyciaDo><sln:cyklZyciaOd>2015-12-29T00:00:00+01:00</sln:cyklZyciaOd><sln:gmIIPId>64ea3a76-f5a7-4006-b4c9-deeb593297a8</sln:gmIIPId><sln:gmIIPPn>PL.PZGIK.200</sln:gmIIPPn><sln:gmIIPWersja>2012-09-26T22:23:52+02:00</sln:gmIIPWersja><sln:gmIdTeryt>3028062</sln:gmIdTeryt><sln:gmNazwa>Wapno</sln:gmNazwa><sln:miejscIIPId>8d260590-ca51-4d68-9c7e-7a3f3044882f</sln:miejscIIPId><sln:miejscIIPPn>PL.PZGIK.200</sln:miejscIIPPn><sln:miejscIIPWersja>2016-11-24T11:03:25+02:00</sln:miejscIIPWersja><sln:miejscIdTeryt>0531631</sln:miejscIdTeryt><sln:miejscNazwa>Stołężyn</sln:miejscNazwa><sln:miejscRodzaj>Wieś</sln:miejscRodzaj><sln:powIIPId>1f95f92e-8779-49c4-94d7-d9139d526841</sln:powIIPId><sln:powIIPPn>PL.PZGIK.200</sln:powIIPPn><sln:powIIPWersja>2012-09-27T08:59:03+02:00</sln:powIIPWersja><sln:powIdTeryt>3028</sln:powIdTeryt><sln:powNazwa>wągrowiecki</sln:powNazwa><sln:waznyOd>2013-03-18T00:00:00+01:00</sln:waznyOd><sln:wojIIPId>c606b01a-76c8-480d-9470-f24ca0d7a613</sln:wojIIPId><sln:wojIIPPn>PL.PZGIK.200</sln:wojIIPPn><sln:wojIIPWersja>2016-05-05T18:20:48+02:00</sln:wojIIPWersja><sln:wojIdTeryt>30</sln:wojIdTeryt><sln:wojNazwa>wielkopolskie</sln:wojNazwa></sln:miejscowosc><sln:miejscowosc><sln:cyklZyciaDo>2017-03-30T00:00:00+02:00</sln:cyklZyciaDo><sln:cyklZyciaOd>2015-12-29T00:00:00+01:00</sln:cyklZyciaOd><sln:gmIIPId>64ea3a76-f5a7-4006-b4c9-deeb593297a8</sln:gmIIPId><sln:gmIIPPn>PL.PZGIK.200</sln:gmIIPPn><sln:gmIIPWersja>2012-09-26T22:23:52+02:00</sln:gmIIPWersja><sln:gmIdTeryt>3028062</sln:gmIdTeryt><sln:gmNazwa>Wapno</sln:gmNazwa><sln:miejscIIPId>ba22102e-69be-4ee6-9762-562d3e0f50de</sln:miejscIIPId><sln:miejscIIPPn>PL.PZGIK.200</sln:miejscIIPPn><sln:miejscIIPWersja>2016-11-24T11:03:25+02:00</sln:miejscIIPWersja><sln:miejscIdTeryt>0531648</sln:miejscIdTeryt><sln:miejscNazwa>Wapno</sln:miejscNazwa><sln:miejscRodzaj>Wieś</sln:miejscRodzaj><sln:powIIPId>1f95f92e-8779-49c4-94d7-d9139d526841</sln:powIIPId><sln:powIIPPn>PL.PZGIK.200</sln:powIIPPn><sln:powIIPWersja>2012-09-27T08:59:03+02:00</sln:powIIPWersja><sln:powIdTeryt>3028</sln:powIdTeryt><sln:powNazwa>wągrowiecki</sln:powNazwa><sln:waznyOd>2013-03-18T00:00:00+01:00</sln:waznyOd><sln:wojIIPId>c606b01a-76c8-480d-9470-f24ca0d7a613</sln:wojIIPId><sln:wojIIPPn>PL.PZGIK.200</sln:wojIIPPn><sln:wojIIPWersja>2016-05-05T18:20:48+02:00</sln:wojIIPWersja><sln:wojIdTeryt>30</sln:wojIdTeryt><sln:wojNazwa>wielkopolskie</sln:wojNazwa></sln:miejscowosc><sln:miejscowosc><sln:cyklZyciaOd>2017-03-30T00:00:00+02:00</sln:cyklZyciaOd><sln:gmIIPId>64ea3a76-f5a7-4006-b4c9-deeb593297a8</sln:gmIIPId><sln:gmIIPPn>PL.PZGIK.200</sln:gmIIPPn><sln:gmIIPWersja>2012-09-26T22:23:52+02:00</sln:gmIIPWersja><sln:gmIdTeryt>3028062</sln:gmIdTeryt><sln:gmNazwa>Wapno</sln:gmNazwa><sln:miejscIIPId>48eb6b68-b3b4-4c71-9a59-e5fd77f3f7ff</sln:miejscIIPId><sln:miejscIIPPn>PL.PZGIK.200</sln:miejscIIPPn><sln:miejscIIPWersja>2017-03-30T14:00:55+02:00</sln:miejscIIPWersja><sln:miejscIdTeryt>0531571</sln:miejscIdTeryt><sln:miejscNazwa>Aleksandrowo</sln:miejscNazwa><sln:miejscRodzaj>Wieś</sln:miejscRodzaj><sln:powIIPId>1f95f92e-8779-49c4-94d7-d9139d526841</sln:powIIPId><sln:powIIPPn>PL.PZGIK.200</sln:powIIPPn><sln:powIIPWersja>2012-09-27T08:59:03+02:00</sln:powIIPWersja><sln:powIdTeryt>3028</sln:powIdTeryt><sln:powNazwa>wągrowiecki</sln:powNazwa><sln:waznyOd>2013-03-18T00:00:00+01:00</sln:waznyOd><sln:wojIIPId>c606b01a-76c8-480d-9470-f24ca0d7a613</sln:wojIIPId><sln:wojIIPPn>PL.PZGIK.200</sln:wojIIPPn><sln:wojIIPWersja>2016-05-05T18:20:48+02:00</sln:wojIIPWersja><sln:wojIdTeryt>30</sln:wojIdTeryt><sln:wojNazwa>wielkopolskie</sln:wojNazwa></sln:miejscowosc><sln:miejscowosc><sln:cyklZyciaOd>2017-03-30T00:00:00+02:00</sln:cyklZyciaOd><sln:gmIIPId>64ea3a76-f5a7-4006-b4c9-deeb593297a8</sln:gmIIPId><sln:gmIIPPn>PL.PZGIK.200</sln:gmIIPPn><sln:gmIIPWersja>2012-09-26T22:23:52+02:00</sln:gmIIPWersja><sln:gmIdTeryt>3028062</sln:gmIdTeryt><sln:gmNazwa>Wapno</sln:gmNazwa><sln:miejscIIPId>f451e707-3fb2-424e-9aa7-066ab4986c44</sln:miejscIIPId><sln:miejscIIPPn>PL.PZGIK.200</sln:miejscIIPPn><sln:miejscIIPWersja>2017-03-30T14:01:01+02:00</sln:miejscIIPWersja><sln:miejscIdTeryt>0531588</sln:miejscIdTeryt><sln:miejscNazwa>Graboszewo</sln:miejscNazwa><sln:miejscRodzaj>Wieś</sln:miejscRodzaj><sln:powIIPId>1f95f92e-8779-49c4-94d7-d9139d526841</sln:powIIPId><sln:powIIPPn>PL.PZGIK.200</sln:powIIPPn><sln:powIIPWersja>2012-09-27T08:59:03+02:00</sln:powIIPWersja><sln:powIdTeryt>3028</sln:powIdTeryt><sln:powNazwa>wągrowiecki</sln:powNazwa><sln:waznyOd>2013-03-18T00:00:00+01:00</sln:waznyOd><sln:wojIIPId>c606b01a-76c8-480d-9470-f24ca0d7a613</sln:wojIIPId><sln:wojIIPPn>PL.PZGIK.200</sln:wojIIPPn><sln:wojIIPWersja>2016-05-05T18:20:48+02:00</sln:wojIIPWersja><sln:wojIdTeryt>30</sln:wojIdTeryt><sln:wojNazwa>wielkopolskie</sln:wojNazwa></sln:miejscowosc><sln:miejscowosc><sln:cyklZyciaOd>2017-03-30T00:00:00+02:00</sln:cyklZyciaOd><sln:gmIIPId>64ea3a76-f5a7-4006-b4c9-deeb593297a8</sln:gmIIPId><sln:gmIIPPn>PL.PZGIK.200</sln:gmIIPPn><sln:gmIIPWersja>2012-09-26T22:23:52+02:00</sln:gmIIPWersja><sln:gmIdTeryt>3028062</sln:gmIdTeryt><sln:gmNazwa>Wapno</sln:gmNazwa><sln:miejscIIPId>28fa8ece-294a-45e9-8971-18744114dab4</sln:miejscIIPId><sln:miejscIIPPn>PL.PZGIK.200</sln:miejscIIPPn><sln:miejscIIPWersja>2017-03-30T14:01:01+02:00</sln:miejscIIPWersja><sln:miejscIdTeryt>0531594</sln:miejscIdTeryt><sln:miejscNazwa>Komasin</sln:miejscNazwa><sln:miejscRodzaj>Wieś</sln:miejscRodzaj><sln:powIIPId>1f95f92e-8779-49c4-94d7-d9139d526841</sln:powIIPId><sln:powIIPPn>PL.PZGIK.200</sln:powIIPPn><sln:powIIPWersja>2012-09-27T08:59:03+02:00</sln:powIIPWersja><sln:powIdTeryt>3028</sln:powIdTeryt><sln:powNazwa>wągrowiecki</sln:powNazwa><sln:waznyOd>2013-03-18T00:00:00+01:00</sln:waznyOd><sln:wojIIPId>c606b01a-76c8-480d-9470-f24ca0d7a613</sln:wojIIPId><sln:wojIIPPn>PL.PZGIK.200</sln:wojIIPPn><sln:wojIIPWersja>2016-05-05T18:20:48+02:00</sln:wojIIPWersja><sln:wojIdTeryt>30</sln:wojIdTeryt><sln:wojNazwa>wielkopolskie</sln:wojNazwa></sln:miejscowosc><sln:miejscowosc><sln:cyklZyciaOd>2017-03-30T00:00:00+02:00</sln:cyklZyciaOd><sln:gmIIPId>64ea3a76-f5a7-4006-b4c9-deeb593297a8</sln:gmIIPId><sln:gmIIPPn>PL.PZGIK.200</sln:gmIIPPn><sln:gmIIPWersja>2012-09-26T22:23:52+02:00</sln:gmIIPWersja><sln:gmIdTeryt>3028062</sln:gmIdTeryt><sln:gmNazwa>Wapno</sln:gmNazwa><sln:miejscIIPId>f985693b-dfc4-4920-be75-3536e938d6a3</sln:miejscIIPId><sln:miejscIIPPn>PL.PZGIK.200</sln:miejscIIPPn><sln:miejscIIPWersja>2017-03-30T14:01:01+02:00</sln:miejscIIPWersja><sln:miejscIdTeryt>0531602</sln:miejscIdTeryt><sln:miejscNazwa>Podolin</sln:miejscNazwa><sln:miejscRodzaj>Wieś</sln:miejscRodzaj><sln:powIIPId>1f95f92e-8779-49c4-94d7-d9139d526841</sln:powIIPId><sln:powIIPPn>PL.PZGIK.200</sln:powIIPPn><sln:powIIPWersja>2012-09-27T08:59:03+02:00</sln:powIIPWersja><sln:powIdTeryt>3028</sln:powIdTeryt><sln:powNazwa>wągrowiecki</sln:powNazwa><sln:waznyOd>2013-03-18T00:00:00+01:00</sln:waznyOd><sln:wojIIPId>c606b01a-76c8-480d-9470-f24ca0d7a613</sln:wojIIPId><sln:wojIIPPn>PL.PZGIK.200</sln:wojIIPPn><sln:wojIIPWersja>2016-05-05T18:20:48+02:00</sln:wojIIPWersja><sln:wojIdTeryt>30</sln:wojIdTeryt><sln:wojNazwa>wielkopolskie</sln:wojNazwa></sln:miejscowosc><sln:miejscowosc><sln:cyklZyciaOd>2017-03-30T00:00:00+02:00</sln:cyklZyciaOd><sln:gmIIPId>64ea3a76-f5a7-4006-b4c9-deeb593297a8</sln:gmIIPId><sln:gmIIPPn>PL.PZGIK.200</sln:gmIIPPn><sln:gmIIPWersja>2012-09-26T22:23:52+02:00</sln:gmIIPWersja><sln:gmIdTeryt>3028062</sln:gmIdTeryt><sln:gmNazwa>Wapno</sln:gmNazwa><sln:miejscIIPId>80563bb9-1818-42d4-acab-680bfd8eb5e9</sln:miejscIIPId><sln:miejscIIPPn>PL.PZGIK.200</sln:miejscIIPPn><sln:miejscIIPWersja>2017-03-30T14:01:02+02:00</sln:miejscIIPWersja><sln:miejscIdTeryt>0531619</sln:miejscIdTeryt><sln:miejscNazwa>Rusiec</sln:miejscNazwa><sln:miejscRodzaj>Wieś</sln:miejscRodzaj><sln:powIIPId>1f95f92e-8779-49c4-94d7-d9139d526841</sln:powIIPId><sln:powIIPPn>PL.PZGIK.200</sln:powIIPPn><sln:powIIPWersja>2012-09-27T08:59:03+02:00</sln:powIIPWersja><sln:powIdTeryt>3028</sln:powIdTeryt><sln:powNazwa>wągrowiecki</sln:powNazwa><sln:waznyOd>2013-03-18T00:00:00+01:00</sln:waznyOd><sln:wojIIPId>c606b01a-76c8-480d-9470-f24ca0d7a613</sln:wojIIPId><sln:wojIIPPn>PL.PZGIK.200</sln:wojIIPPn><sln:wojIIPWersja>2016-05-05T18:20:48+02:00</sln:wojIIPWersja><sln:wojIdTeryt>30</sln:wojIdTeryt><sln:wojNazwa>wielkopolskie</sln:wojNazwa></sln:miejscowosc><sln:miejscowosc><sln:cyklZyciaOd>2017-03-30T00:00:00+02:00</sln:cyklZyciaOd><sln:gmIIPId>64ea3a76-f5a7-4006-b4c9-deeb593297a8</sln:gmIIPId><sln:gmIIPPn>PL.PZGIK.200</sln:gmIIPPn><sln:gmIIPWersja>2012-09-26T22:23:52+02:00</sln:gmIIPWersja><sln:gmIdTeryt>3028062</sln:gmIdTeryt><sln:gmNazwa>Wapno</sln:gmNazwa><sln:miejscIIPId>94a02852-c065-4c3e-a5e7-33eed65974ef</sln:miejscIIPId><sln:miejscIIPPn>PL.PZGIK.200</sln:miejscIIPPn><sln:miejscIIPWersja>2017-03-30T14:01:02+02:00</sln:miejscIIPWersja><sln:miejscIdTeryt>0531625</sln:miejscIdTeryt><sln:miejscNazwa>Srebrna Góra</sln:miejscNazwa><sln:miejscRodzaj>Wieś</sln:miejscRodzaj><sln:powIIPId>1f95f92e-8779-49c4-94d7-d9139d526841</sln:powIIPId><sln:powIIPPn>PL.PZGIK.200</sln:powIIPPn><sln:powIIPWersja>2012-09-27T08:59:03+02:00</sln:powIIPWersja><sln:powIdTeryt>3028</sln:powIdTeryt><sln:powNazwa>wągrowiecki</sln:powNazwa><sln:waznyOd>2013-03-18T00:00:00+01:00</sln:waznyOd><sln:wojIIPId>c606b01a-76c8-480d-9470-f24ca0d7a613</sln:wojIIPId><sln:wojIIPPn>PL.PZGIK.200</sln:wojIIPPn><sln:wojIIPWersja>2016-05-05T18:20:48+02:00</sln:wojIIPWersja><sln:wojIdTeryt>30</sln:wojIdTeryt><sln:wojNazwa>wielkopolskie</sln:wojNazwa></sln:miejscowosc><sln:miejscowosc><sln:cyklZyciaOd>2017-03-30T00:00:00+02:00</sln:cyklZyciaOd><sln:gmIIPId>64ea3a76-f5a7-4006-b4c9-deeb593297a8</sln:gmIIPId><sln:gmIIPPn>PL.PZGIK.200</sln:gmIIPPn><sln:gmIIPWersja>2012-09-26T22:23:52+02:00</sln:gmIIPWersja><sln:gmIdTeryt>3028062</sln:gmIdTeryt><sln:gmNazwa>Wapno</sln:gmNazwa><sln:miejscIIPId>8d260590-ca51-4d68-9c7e-7a3f3044882f</sln:miejscIIPId><sln:miejscIIPPn>PL.PZGIK.200</sln:miejscIIPPn><sln:miejscIIPWersja>2017-03-30T14:01:02+02:00</sln:miejscIIPWersja><sln:miejscIdTeryt>0531631</sln:miejscIdTeryt><sln:miejscNazwa>Stołężyn</sln:miejscNazwa><sln:miejscRodzaj>Wieś</sln:miejscRodzaj><sln:powIIPId>1f95f92e-8779-49c4-94d7-d9139d526841</sln:powIIPId><sln:powIIPPn>PL.PZGIK.200</sln:powIIPPn><sln:powIIPWersja>2012-09-27T08:59:03+02:00</sln:powIIPWersja><sln:powIdTeryt>3028</sln:powIdTeryt><sln:powNazwa>wągrowiecki</sln:powNazwa><sln:waznyOd>2013-03-18T00:00:00+01:00</sln:waznyOd><sln:wojIIPId>c606b01a-76c8-480d-9470-f24ca0d7a613</sln:wojIIPId><sln:wojIIPPn>PL.PZGIK.200</sln:wojIIPPn><sln:wojIIPWersja>2016-05-05T18:20:48+02:00</sln:wojIIPWersja><sln:wojIdTeryt>30</sln:wojIdTeryt><sln:wojNazwa>wielkopolskie</sln:wojNazwa></sln:miejscowosc><sln:miejscowosc><sln:cyklZyciaOd>2017-03-30T00:00:00+02:00</sln:cyklZyciaOd><sln:gmIIPId>64ea3a76-f5a7-4006-b4c9-deeb593297a8</sln:gmIIPId><sln:gmIIPPn>PL.PZGIK.200</sln:gmIIPPn><sln:gmIIPWersja>2012-09-26T22:23:52+02:00</sln:gmIIPWersja><sln:gmIdTeryt>3028062</sln:gmIdTeryt><sln:gmNazwa>Wapno</sln:gmNazwa><sln:miejscIIPId>ba22102e-69be-4ee6-9762-562d3e0f50de</sln:miejscIIPId><sln:miejscIIPPn>PL.PZGIK.200</sln:miejscIIPPn><sln:miejscIIPWersja>2017-03-30T14:01:02+02:00</sln:miejscIIPWersja><sln:miejscIdTeryt>0531648</sln:miejscIdTeryt><sln:miejscNazwa>Wapno</sln:miejscNazwa><sln:miejscRodzaj>Wieś</sln:miejscRodzaj><sln:powIIPId>1f95f92e-8779-49c4-94d7-d9139d526841</sln:powIIPId><sln:powIIPPn>PL.PZGIK.200</sln:powIIPPn><sln:powIIPWersja>2012-09-27T08:59:03+02:00</sln:powIIPWersja><sln:powIdTeryt>3028</sln:powIdTeryt><sln:powNazwa>wągrowiecki</sln:powNazwa><sln:waznyOd>2013-03-18T00:00:00+01:00</sln:waznyOd><sln:wojIIPId>c606b01a-76c8-480d-9470-f24ca0d7a613</sln:wojIIPId><sln:wojIIPPn>PL.PZGIK.200</sln:wojIIPPn><sln:wojIIPWersja>2016-05-05T18:20:48+02:00</sln:wojIIPWersja><sln:wojIdTeryt>30</sln:wojIdTeryt><sln:wojNazwa>wielkopolskie</sln:wojNazwa></sln:miejscowosc></sln:lista-miejscowosci>