<?xml version="1.0" encoding="UTF-8" standalone="yes"?><sln:lista-miejscowosci xmlns:srv="http://gugik.gov.pl/schemas/slowniki-service/1.0" xmlns:sln="http://gugik.gov.pl/schemas/slowniki-schema/1.0"><sln:miejscowosc><sln:cyklZyciaDo>2017-03-30T00:00:00+02:00</sln:cyklZyciaDo><sln:cyklZyciaOd>2015-12-04T00:00:00+01:00</sln:cyklZyciaOd><sln:gmIIPId>a488f1de-bd92-40f4-91ce-9b8abd336ac0</sln:gmIIPId><sln:gmIIPPn>PL.PZGIK.200</sln:gmIIPPn><sln:gmIIPWersja>2012-09-26T22:24:15+02:00</sln:gmIIPWersja><sln:gmIdTeryt>3003103</sln:gmIdTeryt><sln:gmNazwa>Witkowo</sln:gmNazwa><sln:miejscIIPId>542f78ec-c8fa-4da9-99c6-43420b3f6736</sln:miejscIIPId><sln:miejscIIPPn>PL.PZGIK.200</sln:miejscIIPPn><sln:miejscIIPWersja>2016-11-24T09:53:56+02:00</sln:miejscIIPWersja><sln:miejscIdTeryt>0300446</sln:miejscIdTeryt><sln:miejscNazwa>Chłądowo</sln:miejscNazwa><sln:miejscRodzaj>Wieś</sln:miejscRodzaj><sln:powIIPId>9d8be336-ec60-484e-a218-bd6a57c56b5c</sln:powIIPId><sln:powIIPPn>PL.PZGIK.200</sln:powIIPPn><sln:powIIPWersja>2012-09-27T08:59:03+02:00</sln:powIIPWersja><sln:powIdTeryt>3003</sln:powIdTeryt><sln:powNazwa>gnieźnieński</sln:powNazwa><sln:waznyOd>2012-07-25T00:00:00+02:00</sln:waznyOd><sln:wojIIPId>c606b01a-76c8-480d-9470-f24ca0d7a613</sln:wojIIPId><sln:wojIIPPn>PL.PZGIK.200</sln:wojIIPPn><sln:wojIIPWersja>2016-05-05T18:20:48+02:00</sln:wojIIPWersja><sln:wojIdTeryt>30</sln:wojIdTeryt><sln:wojNazwa>wielkopolskie</sln:wojNazwa></sln:miejscowosc><sln:miejscowosc><sln:cyklZyciaDo>2017-03-30T00:00:00+02:00</sln:cyklZyciaDo><sln:cyklZyciaOd>2015-12-04T00:00:00+01:00</sln:cyklZyciaOd><sln:gmIIPId>a488f1de-bd92-40f4-91ce-9b8abd336ac0</sln:gmIIPId><sln:gmIIPPn>PL.PZGIK.200</sln:gmIIPPn><sln:gmIIPWersja>2012-09-26T22:24:15+02:00</sln:gmIIPWersja><sln:gmIdTeryt>3003103</sln:gmIdTeryt><sln:gmNazwa>Witkowo</sln:gmNazwa><sln:miejscIIPId>9ef2164a-905b-4621-9b56-8f6c9f014f58</sln:miejscIIPId><sln:miejscIIPPn>PL.PZGIK.200</sln:miejscIIPPn><sln:miejscIIPWersja>2016-11-24T09:53:56+02:00</sln:miejscIIPWersja><sln:miejscIdTeryt>0300452</sln:miejscIdTeryt><sln:miejscNazwa>Czajki</sln:miejscNazwa><sln:miejscRodzaj>Wieś</sln:miejscRodzaj><sln:powIIPId>9d8be336-ec60-484e-a218-bd6a57c56b5c</sln:powIIPId><sln:powIIPPn>PL.PZGIK.200</sln:powIIPPn><sln:powIIPWersja>2012-09-27T08:59:03+02:00</sln:powIIPWersja><sln:powIdTeryt>3003</sln:powIdTeryt><sln:powNazwa>gnieźnieński</sln:powNazwa><sln:waznyOd>2012-07-25T00:00:00+02:00</sln:waznyOd><sln:wojIIPId>c606b01a-76c8-480d-9470-f24ca0d7a613</sln:wojIIPId><sln:wojIIPPn>PL.PZGIK.200</sln:wojIIPPn><sln:wojIIPWersja>2016-05-05T18:20:48+02:00</sln:wojIIPWersja><sln:wojIdTeryt>30</sln:wojIdTeryt><sln:wojNazwa>wielkopolskie</sln:wojNazwa></sln:miejscowosc><sln:miejscowosc><sln:cyklZyciaDo>2017-03-30T00:00:00+02:00</sln:cyklZyciaDo><sln:cyklZyciaOd>2015-12-04T00:00:00+01:00</sln:cyklZyciaOd><sln:gmIIPId>a488f1de-bd92-40f4-91ce-9b8abd336ac0</sln:gmIIPId><sln:gmIIPPn>PL.PZGIK.200</sln:gmIIPPn><sln:gmIIPWersja>2012-09-26T22:24:15+02:00</sln:gmIIPWersja><sln:gmIdTeryt>3003103</sln:gmIdTeryt><sln:gmNazwa>Witkowo</sln:gmNazwa><sln:miejscIIPId>1efd399c-d90f-4789-a154-1bea78229b1f</sln:miejscIIPId><sln:miejscIIPPn>PL.PZGIK.200</sln:miejscIIPPn><sln:miejscIIPWersja>2016-11-24T09:53:56+02:00</sln:miejscIIPWersja><sln:miejscIdTeryt>0300469</sln:miejscIdTeryt><sln:miejscNazwa>Ćwierdzin</sln:miejscNazwa><sln:miejscRodzaj>Wieś</sln:miejscRodzaj><sln:powIIPId>9d8be336-ec60-484e-a218-bd6a57c56b5c</sln:powIIPId><sln:powIIPPn>PL.PZGIK.200</sln:powIIPPn><sln:powIIPWersja>2012-09-27T08:59:03+02:00</sln:powIIPWersja><sln:powIdTeryt>3003</sln:powIdTeryt><sln:powNazwa>gnieźnieński</sln:powNazwa><sln:waznyOd>2012-07-25T00:00:00+02:00</sln:waznyOd><sln:wojIIPId>c606b01a-76c8-480d-9470-f24ca0d7a613</sln:wojIIPId><sln:wojIIPPn>PL.PZGIK.200</sln:wojIIPPn><sln:wojIIPWersja>2016-05-05T18:20:48+02:00</sln:wojIIPWersja><sln:wojIdTeryt>30</sln:wojIdTeryt><sln:wojNazwa>wielkopolskie</sln:wojNazwa></sln:miejscowosc><sln:miejscowosc><sln:cyklZyciaDo>2017-03-30T00:00:00+02:00</sln:cyklZyciaDo><sln:cyklZyciaOd>2015-12-04T00:00:00+01:00</sln:cyklZyciaOd><sln:gmIIPId>a488f1de-bd92-40f4-91ce-9b8abd336ac0</sln:gmIIPId><sln:gmIIPPn>PL.PZGIK.200</sln:gmIIPPn><sln:gmIIPWersja>2012-09-26T22:24:15+02:00</sln:gmIIPWersja><sln:gmIdTeryt>3003103</sln:gmIdTeryt><sln:gmNazwa>Witkowo</sln:gmNazwa><sln:miejscIIPId>f024ba8e-1ea0-476f-982b-a310512962d6</sln:miejscIIPId><sln:miejscIIPPn>PL.PZGIK.200</sln:miejscIIPPn><sln:miejscIIPWersja>2016-11-24T09:53:56+02:00</sln:miejscIIPWersja><sln:miejscIdTeryt>0300481</sln:miejscIdTeryt><sln:miejscNazwa>Dębina</sln:miejscNazwa><sln:miejscRodzaj>Wieś</sln:miejscRodzaj><sln:powIIPId>9d8be336-ec60-484e-a218-bd6a57c56b5c</sln:powIIPId><sln:powIIPPn>PL.PZGIK.200</sln:powIIPPn><sln:powIIPWersja>2012-09-27T08:59:03+02:00</sln:powIIPWersja><sln:powIdTeryt>3003</sln:powIdTeryt><sln:powNazwa>gnieźnieński</sln:powNazwa><sln:waznyOd>2012-07-25T00:00:00+02:00</sln:waznyOd><sln:wojIIPId>c606b01a-76c8-480d-9470-f24ca0d7a613</sln:wojIIPId><sln:wojIIPPn>PL.PZGIK.200</sln:wojIIPPn><sln:wojIIPWersja>2016-05-05T18:20:48+02:00</sln:wojIIPWersja><sln:wojIdTeryt>30</sln:wojIdTeryt><sln:wojNazwa>wielkopolskie</sln:wojNazwa></sln:miejscowosc><sln:miejscowosc><sln:cyklZyciaDo>2017-03-30T00:00:00+02:00</sln:cyklZyciaDo><sln:cyklZyciaOd>2015-12-04T00:00:00+01:00</sln:cyklZyciaOd><sln:gmIIPId>a488f1de-bd92-40f4-91ce-9b8abd336ac0</sln:gmIIPId><sln:gmIIPPn>PL.PZGIK.200</sln:gmIIPPn><sln:gmIIPWersja>2012-09-26T22:24:15+02:00</sln:gmIIPWersja><sln:gmIdTeryt>3003103</sln:gmIdTeryt><sln:gmNazwa>Witkowo</sln:gmNazwa><sln:miejscIIPId>ee217638-9302-4924-9839-d00b12de2d6c</sln:miejscIIPId><sln:miejscIIPPn>PL.PZGIK.200</sln:miejscIIPPn><sln:miejscIIPWersja>2016-11-24T09:53:56+02:00</sln:miejscIIPWersja><sln:miejscIdTeryt>0300498</sln:miejscIdTeryt><sln:miejscNazwa>Folwark</sln:miejscNazwa><sln:miejscRodzaj>Wieś</sln:miejscRodzaj><sln:powIIPId>9d8be336-ec60-484e-a218-bd6a57c56b5c</sln:powIIPId><sln:powIIPPn>PL.PZGIK.200</sln:powIIPPn><sln:powIIPWersja>2012-09-27T08:59:03+02:00</sln:powIIPWersja><sln:powIdTeryt>3003</sln:powIdTeryt><sln:powNazwa>gnieźnieński</sln:powNazwa><sln:waznyOd>2012-07-25T00:00:00+02:00</sln:waznyOd><sln:wojIIPId>c606b01a-76c8-480d-9470-f24ca0d7a613</sln:wojIIPId><sln:wojIIPPn>PL.PZGIK.200</sln:wojIIPPn><sln:wojIIPWersja>2016-05-05T18:20:48+02:00</sln:wojIIPWersja><sln:wojIdTeryt>30</sln:wojIdTeryt><sln:wojNazwa>wielkopolskie</sln:wojNazwa></sln:miejscowosc><sln:miejscowosc><sln:cyklZyciaDo>2017-03-30T00:00:00+02:00</sln:cyklZyciaDo><sln:cyklZyciaOd>2015-12-04T00:00:00+01:00</sln:cyklZyciaOd><sln:gmIIPId>a488f1de-bd92-40f4-91ce-9b8abd336ac0</sln:gmIIPId><sln:gmIIPPn>PL.PZGIK.200</sln:gmIIPPn><sln:gmIIPWersja>2012-09-26T22:24:15+02:00</sln:gmIIPWersja><sln:gmIdTeryt>3003103</sln:gmIdTeryt><sln:gmNazwa>Witkowo</sln:gmNazwa><sln:miejscIIPId>9e721bb3-5cf7-40aa-a528-c80acc256cbf</sln:miejscIIPId><sln:miejscIIPPn>PL.PZGIK.200</sln:miejscIIPPn><sln:miejscIIPWersja>2016-11-24T09:53:56+02:00</sln:miejscIIPWersja><sln:miejscIdTeryt>0300506</sln:miejscIdTeryt><sln:miejscNazwa>Gaj</sln:miejscNazwa><sln:miejscRodzaj>Wieś</sln:miejscRodzaj><sln:powIIPId>9d8be336-ec60-484e-a218-bd6a57c56b5c</sln:powIIPId><sln:powIIPPn>PL.PZGIK.200</sln:powIIPPn><sln:powIIPWersja>2012-09-27T08:59:03+02:00</sln:powIIPWersja><sln:powIdTeryt>3003</sln:powIdTeryt><sln:powNazwa>gnieźnieński</sln:powNazwa><sln:waznyOd>2012-07-25T00:00:00+02:00</sln:waznyOd><sln:wojIIPId>c606b01a-76c8-480d-9470-f24ca0d7a613</sln:wojIIPId><sln:wojIIPPn>PL.PZGIK.200</sln:wojIIPPn><sln:wojIIPWersja>2016-05-05T18:20:48+02:00</sln:wojIIPWersja><sln:wojIdTeryt>30</sln:wojIdTeryt><sln:wojNazwa>wielkopolskie</sln:wojNazwa></sln:miejscowosc><sln:miejscowosc><sln:cyklZyciaDo>2017-03-30T00:00:00+02:00</sln:cyklZyciaDo><sln:cyklZyciaOd>2015-12-04T00:00:00+01:00</sln:cyklZyciaOd><sln:gmIIPId>a488f1de-bd92-40f4-91ce-9b8abd336ac0</sln:gmIIPId><sln:gmIIPPn>PL.PZGIK.200</sln:gmIIPPn><sln:gmIIPWersja>2012-09-26T22:24:15+02:00</sln:gmIIPWersja><sln:gmIdTeryt>3003103</sln:gmIdTeryt><sln:gmNazwa>Witkowo</sln:gmNazwa><sln:miejscIIPId>b709be80-3697-45fc-a50c-232827738310</sln:miejscIIPId><sln:miejscIIPPn>PL.PZGIK.200</sln:miejscIIPPn><sln:miejscIIPWersja>2016-11-24T09:53:56+02:00</sln:miejscIIPWersja><sln:miejscIdTeryt>0300512</sln:miejscIdTeryt><sln:miejscNazwa>Gorzykowo</sln:miejscNazwa><sln:miejscRodzaj>Wieś</sln:miejscRodzaj><sln:powIIPId>9d8be336-ec60-484e-a218-bd6a57c56b5c</sln:powIIPId><sln:powIIPPn>PL.PZGIK.200</sln:powIIPPn><sln:powIIPWersja>2012-09-27T08:59:03+02:00</sln:powIIPWersja><sln:powIdTeryt>3003</sln:powIdTeryt><sln:powNazwa>gnieźnieński</sln:powNazwa><sln:waznyOd>2012-07-25T00:00:00+02:00</sln:waznyOd><sln:wojIIPId>c606b01a-76c8-480d-9470-f24ca0d7a613</sln:wojIIPId><sln:wojIIPPn>PL.PZGIK.200</sln:wojIIPPn><sln:wojIIPWersja>2016-05-05T18:20:48+02:00</sln:wojIIPWersja><sln:wojIdTeryt>30</sln:wojIdTeryt><sln:wojNazwa>wielkopolskie</sln:wojNazwa></sln:miejscowosc><sln:miejscowosc><sln:cyklZyciaDo>2017-03-30T00:00:00+02:00</sln:cyklZyciaDo><sln:cyklZyciaOd>2015-12-04T00:00:00+01:00</sln:cyklZyciaOd><sln:gmIIPId>a488f1de-bd92-40f4-91ce-9b8abd336ac0</sln:gmIIPId><sln:gmIIPPn>PL.PZGIK.200</sln:gmIIPPn><sln:gmIIPWersja>2012-09-26T22:24:15+02:00</sln:gmIIPWersja><sln:gmIdTeryt>3003103</sln:gmIdTeryt><sln:gmNazwa>Witkowo</sln:gmNazwa><sln:miejscIIPId>4c664ec7-b7af-4991-a03c-81723bec1222</sln:miejscIIPId><sln:miejscIIPPn>PL.PZGIK.200</sln:miejscIIPPn><sln:miejscIIPWersja>2016-11-24T09:53:56+02:00</sln:miejscIIPWersja><sln:miejscIdTeryt>0300529</sln:miejscIdTeryt><sln:miejscNazwa>Jaworowo</sln:miejscNazwa><sln:miejscRodzaj>Wieś</sln:miejscRodzaj><sln:powIIPId>9d8be336-ec60-484e-a218-bd6a57c56b5c</sln:powIIPId><sln:powIIPPn>PL.PZGIK.200</sln:powIIPPn><sln:powIIPWersja>2012-09-27T08:59:03+02:00</sln:powIIPWersja><sln:powIdTeryt>3003</sln:powIdTeryt><sln:powNazwa>gnieźnieński</sln:powNazwa><sln:waznyOd>2012-07-25T00:00:00+02:00</sln:waznyOd><sln:wojIIPId>c606b01a-76c8-480d-9470-f24ca0d7a613</sln:wojIIPId><sln:wojIIPPn>PL.PZGIK.200</sln:wojIIPPn><sln:wojIIPWersja>2016-05-05T18:20:48+02:00</sln:wojIIPWersja><sln:wojIdTeryt>30</sln:wojIdTeryt><sln:wojNazwa>wielkopolskie</sln:wojNazwa></sln:miejscowosc><sln:miejscowosc><sln:cyklZyciaDo>2017-03-30T00:00:00+02:00</sln:cyklZyciaDo><sln:cyklZyciaOd>2015-12-04T00:00:00+01:00</sln:cyklZyciaOd><sln:gmIIPId>a488f1de-bd92-40f4-91ce-9b8abd336ac0</sln:gmIIPId><sln:gmIIPPn>PL.PZGIK.200</sln:gmIIPPn><sln:gmIIPWersja>2012-09-26T22:24:15+02:00</sln:gmIIPWersja><sln:gmIdTeryt>3003103</sln:gmIdTeryt><sln:gmNazwa>Witkowo</sln:gmNazwa><sln:miejscIIPId>616484be-3ab2-4758-b37a-3f804686b700</sln:miejscIIPId><sln:miejscIIPPn>PL.PZGIK.200</sln:miejscIIPPn><sln:miejscIIPWersja>2016-11-24T09:53:56+02:00</sln:miejscIIPWersja><sln:miejscIdTeryt>0300535</sln:miejscIdTeryt><sln:miejscNazwa>Kamionka</sln:miejscNazwa><sln:miejscRodzaj>Wieś</sln:miejscRodzaj><sln:powIIPId>9d8be336-ec60-484e-a218-bd6a57c56b5c</sln:powIIPId><sln:powIIPPn>PL.PZGIK.200</sln:powIIPPn><sln:powIIPWersja>2012-09-27T08:59:03+02:00</sln:powIIPWersja><sln:powIdTeryt>3003</sln:powIdTeryt><sln:powNazwa>gnieźnieński</sln:powNazwa><sln:waznyOd>2012-07-25T00:00:00+02:00</sln:waznyOd><sln:wojIIPId>c606b01a-76c8-480d-9470-f24ca0d7a613</sln:wojIIPId><sln:wojIIPPn>PL.PZGIK.200</sln:wojIIPPn><sln:wojIIPWersja>2016-05-05T18:20:48+02:00</sln:wojIIPWersja><sln:wojIdTeryt>30</sln:wojIdTeryt><sln:wojNazwa>wielkopolskie</sln:wojNazwa></sln:miejscowosc><sln:miejscowosc><sln:cyklZyciaDo>2017-03-30T00:00:00+02:00</sln:cyklZyciaDo><sln:cyklZyciaOd>2015-12-04T00:00:00+01:00</sln:cyklZyciaOd><sln:gmIIPId>a488f1de-bd92-40f4-91ce-9b8abd336ac0</sln:gmIIPId><sln:gmIIPPn>PL.PZGIK.200</sln:gmIIPPn><sln:gmIIPWersja>2012-09-26T22:24:15+02:00</sln:gmIIPWersja><sln:gmIdTeryt>3003103</sln:gmIdTeryt><sln:gmNazwa>Witkowo</sln:gmNazwa><sln:miejscIIPId>b686b52f-31ef-4fed-a633-9b23cab32b58</sln:miejscIIPId><sln:miejscIIPPn>PL.PZGIK.200</sln:miejscIIPPn><sln:miejscIIPWersja>2016-11-24T09:53:56+02:00</sln:miejscIIPWersja><sln:miejscIdTeryt>0300541</sln:miejscIdTeryt><sln:miejscNazwa>Kołaczkowo</sln:miejscNazwa><sln:miejscRodzaj>Wieś</sln:miejscRodzaj><sln:powIIPId>9d8be336-ec60-484e-a218-bd6a57c56b5c</sln:powIIPId><sln:powIIPPn>PL.PZGIK.200</sln:powIIPPn><sln:powIIPWersja>2012-09-27T08:59:03+02:00</sln:powIIPWersja><sln:powIdTeryt>3003</sln:powIdTeryt><sln:powNazwa>gnieźnieński</sln:powNazwa><sln:waznyOd>2012-07-25T00:00:00+02:00</sln:waznyOd><sln:wojIIPId>c606b01a-76c8-480d-9470-f24ca0d7a613</sln:wojIIPId><sln:wojIIPPn>PL.PZGIK.200</sln:wojIIPPn><sln:wojIIPWersja>2016-05-05T18:20:48+02:00</sln:wojIIPWersja><sln:wojIdTeryt>30</sln:wojIdTeryt><sln:wojNazwa>wielkopolskie</sln:wojNazwa></sln:miejscowosc><sln:miejscowosc><sln:cyklZyciaDo>2017-03-30T00:00:00+02:00</sln:cyklZyciaDo><sln:cyklZyciaOd>2015-12-04T00:00:00+01:00</sln:cyklZyciaOd><sln:gmIIPId>a488f1de-bd92-40f4-91ce-9b8abd336ac0</sln:gmIIPId><sln:gmIIPPn>PL.PZGIK.200</sln:gmIIPPn><sln:gmIIPWersja>2012-09-26T22:24:15+02:00</sln:gmIIPWersja><sln:gmIdTeryt>3003103</sln:gmIdTeryt><sln:gmNazwa>Witkowo</sln:gmNazwa><sln:miejscIIPId>e2175aff-c649-4b42-a676-7c212354e54b</sln:miejscIIPId><sln:miejscIIPPn>PL.PZGIK.200</sln:miejscIIPPn><sln:miejscIIPWersja>2016-11-24T09:53:56+02:00</sln:miejscIIPWersja><sln:miejscIdTeryt>0300558</sln:miejscIdTeryt><sln:miejscNazwa>Królewiec</sln:miejscNazwa><sln:miejscRodzaj>Wieś</sln:miejscRodzaj><sln:powIIPId>9d8be336-ec60-484e-a218-bd6a57c56b5c</sln:powIIPId><sln:powIIPPn>PL.PZGIK.200</sln:powIIPPn><sln:powIIPWersja>2012-09-27T08:59:03+02:00</sln:powIIPWersja><sln:powIdTeryt>3003</sln:powIdTeryt><sln:powNazwa>gnieźnieński</sln:powNazwa><sln:waznyOd>2012-07-25T00:00:00+02:00</sln:waznyOd><sln:wojIIPId>c606b01a-76c8-480d-9470-f24ca0d7a613</sln:wojIIPId><sln:wojIIPPn>PL.PZGIK.200</sln:wojIIPPn><sln:wojIIPWersja>2016-05-05T18:20:48+02:00</sln:wojIIPWersja><sln:wojIdTeryt>30</sln:wojIdTeryt><sln:wojNazwa>wielkopolskie</sln:wojNazwa></sln:miejscowosc><sln:miejscowosc><sln:cyklZyciaDo>2017-03-30T00:00:00+02:00</sln:cyklZyciaDo><sln:cyklZyciaOd>2015-12-04T00:00:00+01:00</sln:cyklZyciaOd><sln:gmIIPId>a488f1de-bd92-40f4-91ce-9b8abd336ac0</sln:gmIIPId><sln:gmIIPPn>PL.PZGIK.200</sln:gmIIPPn><sln:gmIIPWersja>2012-09-26T22:24:15+02:00</sln:gmIIPWersja><sln:gmIdTeryt>3003103</sln:gmIdTeryt><sln:gmNazwa>Witkowo</sln:gmNazwa><sln:miejscIIPId>15a7f062-8201-46bb-94a6-1cf7bd8f0550</sln:miejscIIPId><sln:miejscIIPPn>PL.PZGIK.200</sln:miejscIIPPn><sln:miejscIIPWersja>2016-11-24T09:53:56+02:00</sln:miejscIIPWersja><sln:miejscIdTeryt>0300564</sln:miejscIdTeryt><sln:miejscNazwa>Malenin</sln:miejscNazwa><sln:miejscRodzaj>Wieś</sln:miejscRodzaj><sln:powIIPId>9d8be336-ec60-484e-a218-bd6a57c56b5c</sln:powIIPId><sln:powIIPPn>PL.PZGIK.200</sln:powIIPPn><sln:powIIPWersja>2012-09-27T08:59:03+02:00</sln:powIIPWersja><sln:powIdTeryt>3003</sln:powIdTeryt><sln:powNazwa>gnieźnieński</sln:powNazwa><sln:waznyOd>2012-07-25T00:00:00+02:00</sln:waznyOd><sln:wojIIPId>c606b01a-76c8-480d-9470-f24ca0d7a613</sln:wojIIPId><sln:wojIIPPn>PL.PZGIK.200</sln:wojIIPPn><sln:wojIIPWersja>2016-05-05T18:20:48+02:00</sln:wojIIPWersja><sln:wojIdTeryt>30</sln:wojIdTeryt><sln:wojNazwa>wielkopolskie</sln:wojNazwa></sln:miejscowosc><sln:miejscowosc><sln:cyklZyciaDo>2017-03-30T00:00:00+02:00</sln:cyklZyciaDo><sln:cyklZyciaOd>2015-12-04T00:00:00+01:00</sln:cyklZyciaOd><sln:gmIIPId>a488f1de-bd92-40f4-91ce-9b8abd336ac0</sln:gmIIPId><sln:gmIIPPn>PL.PZGIK.200</sln:gmIIPPn><sln:gmIIPWersja>2012-09-26T22:24:15+02:00</sln:gmIIPWersja><sln:gmIdTeryt>3003103</sln:gmIdTeryt><sln:gmNazwa>Witkowo</sln:gmNazwa><sln:miejscIIPId>853248bf-bd29-45f9-9daf-a9c459c67ba9</sln:miejscIIPId><sln:miejscIIPPn>PL.PZGIK.200</sln:miejscIIPPn><sln:miejscIIPWersja>2016-11-24T09:53:56+02:00</sln:miejscIIPWersja><sln:miejscIdTeryt>0300570</sln:miejscIdTeryt><sln:miejscNazwa>Małachowo-Kępe</sln:miejscNazwa><sln:miejscRodzaj>Wieś</sln:miejscRodzaj><sln:powIIPId>9d8be336-ec60-484e-a218-bd6a57c56b5c</sln:powIIPId><sln:powIIPPn>PL.PZGIK.200</sln:powIIPPn><sln:powIIPWersja>2012-09-27T08:59:03+02:00</sln:powIIPWersja><sln:powIdTeryt>3003</sln:powIdTeryt><sln:powNazwa>gnieźnieński</sln:powNazwa><sln:waznyOd>2012-07-25T00:00:00+02:00</sln:waznyOd><sln:wojIIPId>c606b01a-76c8-480d-9470-f24ca0d7a613</sln:wojIIPId><sln:wojIIPPn>PL.PZGIK.200</sln:wojIIPPn><sln:wojIIPWersja>2016-05-05T18:20:48+02:00</sln:wojIIPWersja><sln:wojIdTeryt>30</sln:wojIdTeryt><sln:wojNazwa>wielkopolskie</sln:wojNazwa></sln:miejscowosc><sln:miejscowosc><sln:cyklZyciaDo>2017-03-30T00:00:00+02:00</sln:cyklZyciaDo><sln:cyklZyciaOd>2015-12-04T00:00:00+01:00</sln:cyklZyciaOd><sln:gmIIPId>a488f1de-bd92-40f4-91ce-9b8abd336ac0</sln:gmIIPId><sln:gmIIPPn>PL.PZGIK.200</sln:gmIIPPn><sln:gmIIPWersja>2012-09-26T22:24:15+02:00</sln:gmIIPWersja><sln:gmIdTeryt>3003103</sln:gmIdTeryt><sln:gmNazwa>Witkowo</sln:gmNazwa><sln:miejscIIPId>d73420ec-583b-4bf6-b02e-9d69dd9a52b3</sln:miejscIIPId><sln:miejscIIPPn>PL.PZGIK.200</sln:miejscIIPPn><sln:miejscIIPWersja>2016-11-24T09:53:56+02:00</sln:miejscIIPWersja><sln:miejscIdTeryt>0300587</sln:miejscIdTeryt><sln:miejscNazwa>Małachowo-Szemborowice</sln:miejscNazwa><sln:miejscRodzaj>Wieś</sln:miejscRodzaj><sln:powIIPId>9d8be336-ec60-484e-a218-bd6a57c56b5c</sln:powIIPId><sln:powIIPPn>PL.PZGIK.200</sln:powIIPPn><sln:powIIPWersja>2012-09-27T08:59:03+02:00</sln:powIIPWersja><sln:powIdTeryt>3003</sln:powIdTeryt><sln:powNazwa>gnieźnieński</sln:powNazwa><sln:waznyOd>2012-07-25T00:00:00+02:00</sln:waznyOd><sln:wojIIPId>c606b01a-76c8-480d-9470-f24ca0d7a613</sln:wojIIPId><sln:wojIIPPn>PL.PZGIK.200</sln:wojIIPPn><sln:wojIIPWersja>2016-05-05T18:20:48+02:00</sln:wojIIPWersja><sln:wojIdTeryt>30</sln:wojIdTeryt><sln:wojNazwa>wielkopolskie</sln:wojNazwa></sln:miejscowosc><sln:miejscowosc><sln:cyklZyciaDo>2017-03-30T00:00:00+02:00</sln:cyklZyciaDo><sln:cyklZyciaOd>2015-12-04T00:00:00+01:00</sln:cyklZyciaOd><sln:gmIIPId>a488f1de-bd92-40f4-91ce-9b8abd336ac0</sln:gmIIPId><sln:gmIIPPn>PL.PZGIK.200</sln:gmIIPPn><sln:gmIIPWersja>2012-09-26T22:24:15+02:00</sln:gmIIPWersja><sln:gmIdTeryt>3003103</sln:gmIdTeryt><sln:gmNazwa>Witkowo</sln:gmNazwa><sln:miejscIIPId>9a8d75ed-8284-4772-b824-dbfb0e21aede</sln:miejscIIPId><sln:miejscIIPPn>PL.PZGIK.200</sln:miejscIIPPn><sln:miejscIIPWersja>2016-11-24T09:53:56+02:00</sln:miejscIIPWersja><sln:miejscIdTeryt>0300593</sln:miejscIdTeryt><sln:miejscNazwa>Małachowo-Wierzbiczany</sln:miejscNazwa><sln:miejscRodzaj>Wieś</sln:miejscRodzaj><sln:powIIPId>9d8be336-ec60-484e-a218-bd6a57c56b5c</sln:powIIPId><sln:powIIPPn>PL.PZGIK.200</sln:powIIPPn><sln:powIIPWersja>2012-09-27T08:59:03+02:00</sln:powIIPWersja><sln:powIdTeryt>3003</sln:powIdTeryt><sln:powNazwa>gnieźnieński</sln:powNazwa><sln:waznyOd>2012-07-25T00:00:00+02:00</sln:waznyOd><sln:wojIIPId>c606b01a-76c8-480d-9470-f24ca0d7a613</sln:wojIIPId><sln:wojIIPPn>PL.PZGIK.200</sln:wojIIPPn><sln:wojIIPWersja>2016-05-05T18:20:48+02:00</sln:wojIIPWersja><sln:wojIdTeryt>30</sln:wojIdTeryt><sln:wojNazwa>wielkopolskie</sln:wojNazwa></sln:miejscowosc><sln:miejscowosc><sln:cyklZyciaDo>2017-03-30T00:00:00+02:00</sln:cyklZyciaDo><sln:cyklZyciaOd>2015-12-04T00:00:00+01:00</sln:cyklZyciaOd><sln:gmIIPId>a488f1de-bd92-40f4-91ce-9b8abd336ac0</sln:gmIIPId><sln:gmIIPPn>PL.PZGIK.200</sln:gmIIPPn><sln:gmIIPWersja>2012-09-26T22:24:15+02:00</sln:gmIIPWersja><sln:gmIdTeryt>3003103</sln:gmIdTeryt><sln:gmNazwa>Witkowo</sln:gmNazwa><sln:miejscIIPId>387e88d2-978a-4d5d-b79e-5e1fcb8e9da2</sln:miejscIIPId><sln:miejscIIPPn>PL.PZGIK.200</sln:miejscIIPPn><sln:miejscIIPWersja>2016-11-24T09:53:56+02:00</sln:miejscIIPWersja><sln:miejscIdTeryt>0300601</sln:miejscIdTeryt><sln:miejscNazwa>Małachowo-Złych Miejsc</sln:miejscNazwa><sln:miejscRodzaj>Wieś</sln:miejscRodzaj><sln:powIIPId>9d8be336-ec60-484e-a218-bd6a57c56b5c</sln:powIIPId><sln:powIIPPn>PL.PZGIK.200</sln:powIIPPn><sln:powIIPWersja>2012-09-27T08:59:03+02:00</sln:powIIPWersja><sln:powIdTeryt>3003</sln:powIdTeryt><sln:powNazwa>gnieźnieński</sln:powNazwa><sln:waznyOd>2012-07-25T00:00:00+02:00</sln:waznyOd><sln:wojIIPId>c606b01a-76c8-480d-9470-f24ca0d7a613</sln:wojIIPId><sln:wojIIPPn>PL.PZGIK.200</sln:wojIIPPn><sln:wojIIPWersja>2016-05-05T18:20:48+02:00</sln:wojIIPWersja><sln:wojIdTeryt>30</sln:wojIdTeryt><sln:wojNazwa>wielkopolskie</sln:wojNazwa></sln:miejscowosc><sln:miejscowosc><sln:cyklZyciaDo>2017-03-30T00:00:00+02:00</sln:cyklZyciaDo><sln:cyklZyciaOd>2015-12-04T00:00:00+01:00</sln:cyklZyciaOd><sln:gmIIPId>a488f1de-bd92-40f4-91ce-9b8abd336ac0</sln:gmIIPId><sln:gmIIPPn>PL.PZGIK.200</sln:gmIIPPn><sln:gmIIPWersja>2012-09-26T22:24:15+02:00</sln:gmIIPWersja><sln:gmIdTeryt>3003103</sln:gmIdTeryt><sln:gmNazwa>Witkowo</sln:gmNazwa><sln:miejscIIPId>1a129325-dd98-411a-9078-2ebd4b809855</sln:miejscIIPId><sln:miejscIIPPn>PL.PZGIK.200</sln:miejscIIPPn><sln:miejscIIPWersja>2016-11-24T09:53:56+02:00</sln:miejscIIPWersja><sln:miejscIdTeryt>0300618</sln:miejscIdTeryt><sln:miejscNazwa>Mąkownica</sln:miejscNazwa><sln:miejscRodzaj>Wieś</sln:miejscRodzaj><sln:powIIPId>9d8be336-ec60-484e-a218-bd6a57c56b5c</sln:powIIPId><sln:powIIPPn>PL.PZGIK.200</sln:powIIPPn><sln:powIIPWersja>2012-09-27T08:59:03+02:00</sln:powIIPWersja><sln:powIdTeryt>3003</sln:powIdTeryt><sln:powNazwa>gnieźnieński</sln:powNazwa><sln:waznyOd>2012-07-25T00:00:00+02:00</sln:waznyOd><sln:wojIIPId>c606b01a-76c8-480d-9470-f24ca0d7a613</sln:wojIIPId><sln:wojIIPPn>PL.PZGIK.200</sln:wojIIPPn><sln:wojIIPWersja>2016-05-05T18:20:48+02:00</sln:wojIIPWersja><sln:wojIdTeryt>30</sln:wojIdTeryt><sln:wojNazwa>wielkopolskie</sln:wojNazwa></sln:miejscowosc><sln:miejscowosc><sln:cyklZyciaDo>2017-03-30T00:00:00+02:00</sln:cyklZyciaDo><sln:cyklZyciaOd>2015-12-04T00:00:00+01:00</sln:cyklZyciaOd><sln:gmIIPId>a488f1de-bd92-40f4-91ce-9b8abd336ac0</sln:gmIIPId><sln:gmIIPPn>PL.PZGIK.200</sln:gmIIPPn><sln:gmIIPWersja>2012-09-26T22:24:15+02:00</sln:gmIIPWersja><sln:gmIdTeryt>3003103</sln:gmIdTeryt><sln:gmNazwa>Witkowo</sln:gmNazwa><sln:miejscIIPId>5be4298d-4aeb-4b8f-a90e-708e36a7c039</sln:miejscIIPId><sln:miejscIIPPn>PL.PZGIK.200</sln:miejscIIPPn><sln:miejscIIPWersja>2016-11-24T09:53:56+02:00</sln:miejscIIPWersja><sln:miejscIdTeryt>0300624</sln:miejscIdTeryt><sln:miejscNazwa>Mielżyn</sln:miejscNazwa><sln:miejscRodzaj>Wieś</sln:miejscRodzaj><sln:powIIPId>9d8be336-ec60-484e-a218-bd6a57c56b5c</sln:powIIPId><sln:powIIPPn>PL.PZGIK.200</sln:powIIPPn><sln:powIIPWersja>2012-09-27T08:59:03+02:00</sln:powIIPWersja><sln:powIdTeryt>3003</sln:powIdTeryt><sln:powNazwa>gnieźnieński</sln:powNazwa><sln:waznyOd>2014-03-07T00:00:00+01:00</sln:waznyOd><sln:wojIIPId>c606b01a-76c8-480d-9470-f24ca0d7a613</sln:wojIIPId><sln:wojIIPPn>PL.PZGIK.200</sln:wojIIPPn><sln:wojIIPWersja>2016-05-05T18:20:48+02:00</sln:wojIIPWersja><sln:wojIdTeryt>30</sln:wojIdTeryt><sln:wojNazwa>wielkopolskie</sln:wojNazwa></sln:miejscowosc><sln:miejscowosc><sln:cyklZyciaDo>2017-03-30T00:00:00+02:00</sln:cyklZyciaDo><sln:cyklZyciaOd>2015-12-04T00:00:00+01:00</sln:cyklZyciaOd><sln:gmIIPId>a488f1de-bd92-40f4-91ce-9b8abd336ac0</sln:gmIIPId><sln:gmIIPPn>PL.PZGIK.200</sln:gmIIPPn><sln:gmIIPWersja>2012-09-26T22:24:15+02:00</sln:gmIIPWersja><sln:gmIdTeryt>3003103</sln:gmIdTeryt><sln:gmNazwa>Witkowo</sln:gmNazwa><sln:miejscIIPId>b726b7d0-e4ba-46ea-bc17-a4b79d5dd217</sln:miejscIIPId><sln:miejscIIPPn>PL.PZGIK.200</sln:miejscIIPPn><sln:miejscIIPWersja>2016-11-24T09:53:56+02:00</sln:miejscIIPWersja><sln:miejscIdTeryt>0300630</sln:miejscIdTeryt><sln:miejscNazwa>Odrowąż</sln:miejscNazwa><sln:miejscRodzaj>Wieś</sln:miejscRodzaj><sln:powIIPId>9d8be336-ec60-484e-a218-bd6a57c56b5c</sln:powIIPId><sln:powIIPPn>PL.PZGIK.200</sln:powIIPPn><sln:powIIPWersja>2012-09-27T08:59:03+02:00</sln:powIIPWersja><sln:powIdTeryt>3003</sln:powIdTeryt><sln:powNazwa>gnieźnieński</sln:powNazwa><sln:waznyOd>2012-07-25T00:00:00+02:00</sln:waznyOd><sln:wojIIPId>c606b01a-76c8-480d-9470-f24ca0d7a613</sln:wojIIPId><sln:wojIIPPn>PL.PZGIK.200</sln:wojIIPPn><sln:wojIIPWersja>2016-05-05T18:20:48+02:00</sln:wojIIPWersja><sln:wojIdTeryt>30</sln:wojIdTeryt><sln:wojNazwa>wielkopolskie</sln:wojNazwa></sln:miejscowosc><sln:miejscowosc><sln:cyklZyciaDo>2017-03-30T00:00:00+02:00</sln:cyklZyciaDo><sln:cyklZyciaOd>2015-12-04T00:00:00+01:00</sln:cyklZyciaOd><sln:gmIIPId>a488f1de-bd92-40f4-91ce-9b8abd336ac0</sln:gmIIPId><sln:gmIIPPn>PL.PZGIK.200</sln:gmIIPPn><sln:gmIIPWersja>2012-09-26T22:24:15+02:00</sln:gmIIPWersja><sln:gmIdTeryt>3003103</sln:gmIdTeryt><sln:gmNazwa>Witkowo</sln:gmNazwa><sln:miejscIIPId>d40cd86c-afaf-4f47-9a39-38f9ad0d9bbf</sln:miejscIIPId><sln:miejscIIPPn>PL.PZGIK.200</sln:miejscIIPPn><sln:miejscIIPWersja>2016-11-24T09:53:56+02:00</sln:miejscIIPWersja><sln:miejscIdTeryt>0300647</sln:miejscIdTeryt><sln:miejscNazwa>Ostrowite Prymasowskie</sln:miejscNazwa><sln:miejscRodzaj>Wieś</sln:miejscRodzaj><sln:powIIPId>9d8be336-ec60-484e-a218-bd6a57c56b5c</sln:powIIPId><sln:powIIPPn>PL.PZGIK.200</sln:powIIPPn><sln:powIIPWersja>2012-09-27T08:59:03+02:00</sln:powIIPWersja><sln:powIdTeryt>3003</sln:powIdTeryt><sln:powNazwa>gnieźnieński</sln:powNazwa><sln:waznyOd>2012-07-25T00:00:00+02:00</sln:waznyOd><sln:wojIIPId>c606b01a-76c8-480d-9470-f24ca0d7a613</sln:wojIIPId><sln:wojIIPPn>PL.PZGIK.200</sln:wojIIPPn><sln:wojIIPWersja>2016-05-05T18:20:48+02:00</sln:wojIIPWersja><sln:wojIdTeryt>30</sln:wojIdTeryt><sln:wojNazwa>wielkopolskie</sln:wojNazwa></sln:miejscowosc><sln:miejscowosc><sln:cyklZyciaDo>2017-03-30T00:00:00+02:00</sln:cyklZyciaDo><sln:cyklZyciaOd>2015-12-04T00:00:00+01:00</sln:cyklZyciaOd><sln:gmIIPId>a488f1de-bd92-40f4-91ce-9b8abd336ac0</sln:gmIIPId><sln:gmIIPPn>PL.PZGIK.200</sln:gmIIPPn><sln:gmIIPWersja>2012-09-26T22:24:15+02:00</sln:gmIIPWersja><sln:gmIdTeryt>3003103</sln:gmIdTeryt><sln:gmNazwa>Witkowo</sln:gmNazwa><sln:miejscIIPId>33b3576e-9785-4b61-a68b-34b8058f72b4</sln:miejscIIPId><sln:miejscIIPPn>PL.PZGIK.200</sln:miejscIIPPn><sln:miejscIIPWersja>2016-11-24T09:53:56+02:00</sln:miejscIIPWersja><sln:miejscIdTeryt>0300699</sln:miejscIdTeryt><sln:miejscNazwa>Piaski</sln:miejscNazwa><sln:miejscRodzaj>Wieś</sln:miejscRodzaj><sln:powIIPId>9d8be336-ec60-484e-a218-bd6a57c56b5c</sln:powIIPId><sln:powIIPPn>PL.PZGIK.200</sln:powIIPPn><sln:powIIPWersja>2012-09-27T08:59:03+02:00</sln:powIIPWersja><sln:powIdTeryt>3003</sln:powIdTeryt><sln:powNazwa>gnieźnieński</sln:powNazwa><sln:waznyOd>2012-07-25T00:00:00+02:00</sln:waznyOd><sln:wojIIPId>c606b01a-76c8-480d-9470-f24ca0d7a613</sln:wojIIPId><sln:wojIIPPn>PL.PZGIK.200</sln:wojIIPPn><sln:wojIIPWersja>2016-05-05T18:20:48+02:00</sln:wojIIPWersja><sln:wojIdTeryt>30</sln:wojIdTeryt><sln:wojNazwa>wielkopolskie</sln:wojNazwa></sln:miejscowosc><sln:miejscowosc><sln:cyklZyciaDo>2017-03-30T00:00:00+02:00</sln:cyklZyciaDo><sln:cyklZyciaOd>2015-12-04T00:00:00+01:00</sln:cyklZyciaOd><sln:gmIIPId>a488f1de-bd92-40f4-91ce-9b8abd336ac0</sln:gmIIPId><sln:gmIIPPn>PL.PZGIK.200</sln:gmIIPPn><sln:gmIIPWersja>2012-09-26T22:24:15+02:00</sln:gmIIPWersja><sln:gmIdTeryt>3003103</sln:gmIdTeryt><sln:gmNazwa>Witkowo</sln:gmNazwa><sln:miejscIIPId>4eee462f-4d95-4bb6-9d1d-03334dbbff43</sln:miejscIIPId><sln:miejscIIPPn>PL.PZGIK.200</sln:miejscIIPPn><sln:miejscIIPWersja>2016-11-24T09:53:56+02:00</sln:miejscIIPWersja><sln:miejscIdTeryt>0300788</sln:miejscIdTeryt><sln:miejscNazwa>Ruchocin</sln:miejscNazwa><sln:miejscRodzaj>Wieś</sln:miejscRodzaj><sln:powIIPId>9d8be336-ec60-484e-a218-bd6a57c56b5c</sln:powIIPId><sln:powIIPPn>PL.PZGIK.200</sln:powIIPPn><sln:powIIPWersja>2012-09-27T08:59:03+02:00</sln:powIIPWersja><sln:powIdTeryt>3003</sln:powIdTeryt><sln:powNazwa>gnieźnieński</sln:powNazwa><sln:waznyOd>2012-07-25T00:00:00+02:00</sln:waznyOd><sln:wojIIPId>c606b01a-76c8-480d-9470-f24ca0d7a613</sln:wojIIPId><sln:wojIIPPn>PL.PZGIK.200</sln:wojIIPPn><sln:wojIIPWersja>2016-05-05T18:20:48+02:00</sln:wojIIPWersja><sln:wojIdTeryt>30</sln:wojIdTeryt><sln:wojNazwa>wielkopolskie</sln:wojNazwa></sln:miejscowosc><sln:miejscowosc><sln:cyklZyciaDo>2017-03-30T00:00:00+02:00</sln:cyklZyciaDo><sln:cyklZyciaOd>2015-12-04T00:00:00+01:00</sln:cyklZyciaOd><sln:gmIIPId>a488f1de-bd92-40f4-91ce-9b8abd336ac0</sln:gmIIPId><sln:gmIIPPn>PL.PZGIK.200</sln:gmIIPPn><sln:gmIIPWersja>2012-09-26T22:24:15+02:00</sln:gmIIPWersja><sln:gmIdTeryt>3003103</sln:gmIdTeryt><sln:gmNazwa>Witkowo</sln:gmNazwa><sln:miejscIIPId>a17b34b3-d210-4390-bbc6-8a7c696e45a6</sln:miejscIIPId><sln:miejscIIPPn>PL.PZGIK.200</sln:miejscIIPPn><sln:miejscIIPWersja>2016-11-24T09:53:56+02:00</sln:miejscIIPWersja><sln:miejscIdTeryt>0300794</sln:miejscIdTeryt><sln:miejscNazwa>Ruchocinek</sln:miejscNazwa><sln:miejscRodzaj>Wieś</sln:miejscRodzaj><sln:powIIPId>9d8be336-ec60-484e-a218-bd6a57c56b5c</sln:powIIPId><sln:powIIPPn>PL.PZGIK.200</sln:powIIPPn><sln:powIIPWersja>2012-09-27T08:59:03+02:00</sln:powIIPWersja><sln:powIdTeryt>3003</sln:powIdTeryt><sln:powNazwa>gnieźnieński</sln:powNazwa><sln:waznyOd>2012-07-25T00:00:00+02:00</sln:waznyOd><sln:wojIIPId>c606b01a-76c8-480d-9470-f24ca0d7a613</sln:wojIIPId><sln:wojIIPPn>PL.PZGIK.200</sln:wojIIPPn><sln:wojIIPWersja>2016-05-05T18:20:48+02:00</sln:wojIIPWersja><sln:wojIdTeryt>30</sln:wojIdTeryt><sln:wojNazwa>wielkopolskie</sln:wojNazwa></sln:miejscowosc><sln:miejscowosc><sln:cyklZyciaDo>2017-03-30T00:00:00+02:00</sln:cyklZyciaDo><sln:cyklZyciaOd>2015-12-04T00:00:00+01:00</sln:cyklZyciaOd><sln:gmIIPId>a488f1de-bd92-40f4-91ce-9b8abd336ac0</sln:gmIIPId><sln:gmIIPPn>PL.PZGIK.200</sln:gmIIPPn><sln:gmIIPWersja>2012-09-26T22:24:15+02:00</sln:gmIIPWersja><sln:gmIdTeryt>3003103</sln:gmIdTeryt><sln:gmNazwa>Witkowo</sln:gmNazwa><sln:miejscIIPId>98357c2b-7560-4e8d-bd30-9f2ad4938be6</sln:miejscIIPId><sln:miejscIIPPn>PL.PZGIK.200</sln:miejscIIPPn><sln:miejscIIPWersja>2016-11-24T09:53:56+02:00</sln:miejscIIPWersja><sln:miejscIdTeryt>0300819</sln:miejscIdTeryt><sln:miejscNazwa>Skorzęcin</sln:miejscNazwa><sln:miejscRodzaj>Wieś</sln:miejscRodzaj><sln:powIIPId>9d8be336-ec60-484e-a218-bd6a57c56b5c</sln:powIIPId><sln:powIIPPn>PL.PZGIK.200</sln:powIIPPn><sln:powIIPWersja>2012-09-27T08:59:03+02:00</sln:powIIPWersja><sln:powIdTeryt>3003</sln:powIdTeryt><sln:powNazwa>gnieźnieński</sln:powNazwa><sln:waznyOd>2012-07-25T00:00:00+02:00</sln:waznyOd><sln:wojIIPId>c606b01a-76c8-480d-9470-f24ca0d7a613</sln:wojIIPId><sln:wojIIPPn>PL.PZGIK.200</sln:wojIIPPn><sln:wojIIPWersja>2016-05-05T18:20:48+02:00</sln:wojIIPWersja><sln:wojIdTeryt>30</sln:wojIdTeryt><sln:wojNazwa>wielkopolskie</sln:wojNazwa></sln:miejscowosc><sln:miejscowosc><sln:cyklZyciaDo>2017-03-30T00:00:00+02:00</sln:cyklZyciaDo><sln:cyklZyciaOd>2015-12-04T00:00:00+01:00</sln:cyklZyciaOd><sln:gmIIPId>a488f1de-bd92-40f4-91ce-9b8abd336ac0</sln:gmIIPId><sln:gmIIPPn>PL.PZGIK.200</sln:gmIIPPn><sln:gmIIPWersja>2012-09-26T22:24:15+02:00</sln:gmIIPWersja><sln:gmIdTeryt>3003103</sln:gmIdTeryt><sln:gmNazwa>Witkowo</sln:gmNazwa><sln:miejscIIPId>41b9dd2d-7625-49a5-8f13-13d320321293</sln:miejscIIPId><sln:miejscIIPPn>PL.PZGIK.200</sln:miejscIIPPn><sln:miejscIIPWersja>2016-11-24T09:53:56+02:00</sln:miejscIIPWersja><sln:miejscIdTeryt>0300860</sln:miejscIdTeryt><sln:miejscNazwa>Sokołowo</sln:miejscNazwa><sln:miejscRodzaj>Wieś</sln:miejscRodzaj><sln:powIIPId>9d8be336-ec60-484e-a218-bd6a57c56b5c</sln:powIIPId><sln:powIIPPn>PL.PZGIK.200</sln:powIIPPn><sln:powIIPWersja>2012-09-27T08:59:03+02:00</sln:powIIPWersja><sln:powIdTeryt>3003</sln:powIdTeryt><sln:powNazwa>gnieźnieński</sln:powNazwa><sln:waznyOd>2012-07-25T00:00:00+02:00</sln:waznyOd><sln:wojIIPId>c606b01a-76c8-480d-9470-f24ca0d7a613</sln:wojIIPId><sln:wojIIPPn>PL.PZGIK.200</sln:wojIIPPn><sln:wojIIPWersja>2016-05-05T18:20:48+02:00</sln:wojIIPWersja><sln:wojIdTeryt>30</sln:wojIdTeryt><sln:wojNazwa>wielkopolskie</sln:wojNazwa></sln:miejscowosc><sln:miejscowosc><sln:cyklZyciaDo>2017-03-30T00:00:00+02:00</sln:cyklZyciaDo><sln:cyklZyciaOd>2015-12-04T00:00:00+01:00</sln:cyklZyciaOd><sln:gmIIPId>a488f1de-bd92-40f4-91ce-9b8abd336ac0</sln:gmIIPId><sln:gmIIPPn>PL.PZGIK.200</sln:gmIIPPn><sln:gmIIPWersja>2012-09-26T22:24:15+02:00</sln:gmIIPWersja><sln:gmIdTeryt>3003103</sln:gmIdTeryt><sln:gmNazwa>Witkowo</sln:gmNazwa><sln:miejscIIPId>1d61d900-68ce-4aaa-b4e7-a26ee1f4b5ec</sln:miejscIIPId><sln:miejscIIPPn>PL.PZGIK.200</sln:miejscIIPPn><sln:miejscIIPWersja>2016-11-24T09:53:56+02:00</sln:miejscIIPWersja><sln:miejscIdTeryt>0300877</sln:miejscIdTeryt><sln:miejscNazwa>Strzyżewo Witkowskie</sln:miejscNazwa><sln:miejscRodzaj>Wieś</sln:miejscRodzaj><sln:powIIPId>9d8be336-ec60-484e-a218-bd6a57c56b5c</sln:powIIPId><sln:powIIPPn>PL.PZGIK.200</sln:powIIPPn><sln:powIIPWersja>2012-09-27T08:59:03+02:00</sln:powIIPWersja><sln:powIdTeryt>3003</sln:powIdTeryt><sln:powNazwa>gnieźnieński</sln:powNazwa><sln:waznyOd>2012-07-25T00:00:00+02:00</sln:waznyOd><sln:wojIIPId>c606b01a-76c8-480d-9470-f24ca0d7a613</sln:wojIIPId><sln:wojIIPPn>PL.PZGIK.200</sln:wojIIPPn><sln:wojIIPWersja>2016-05-05T18:20:48+02:00</sln:wojIIPWersja><sln:wojIdTeryt>30</sln:wojIdTeryt><sln:wojNazwa>wielkopolskie</sln:wojNazwa></sln:miejscowosc><sln:miejscowosc><sln:cyklZyciaDo>2017-03-30T00:00:00+02:00</sln:cyklZyciaDo><sln:cyklZyciaOd>2015-12-04T00:00:00+01:00</sln:cyklZyciaOd><sln:gmIIPId>a488f1de-bd92-40f4-91ce-9b8abd336ac0</sln:gmIIPId><sln:gmIIPPn>PL.PZGIK.200</sln:gmIIPPn><sln:gmIIPWersja>2012-09-26T22:24:15+02:00</sln:gmIIPWersja><sln:gmIdTeryt>3003103</sln:gmIdTeryt><sln:gmNazwa>Witkowo</sln:gmNazwa><sln:miejscIIPId>f248860e-f90f-46f7-82d1-b2b7204d45c5</sln:miejscIIPId><sln:miejscIIPPn>PL.PZGIK.200</sln:miejscIIPPn><sln:miejscIIPWersja>2016-11-24T09:53:56+02:00</sln:miejscIIPWersja><sln:miejscIdTeryt>0300883</sln:miejscIdTeryt><sln:miejscNazwa>Wiekowo</sln:miejscNazwa><sln:miejscRodzaj>Wieś</sln:miejscRodzaj><sln:powIIPId>9d8be336-ec60-484e-a218-bd6a57c56b5c</sln:powIIPId><sln:powIIPPn>PL.PZGIK.200</sln:powIIPPn><sln:powIIPWersja>2012-09-27T08:59:03+02:00</sln:powIIPWersja><sln:powIdTeryt>3003</sln:powIdTeryt><sln:powNazwa>gnieźnieński</sln:powNazwa><sln:waznyOd>2012-07-25T00:00:00+02:00</sln:waznyOd><sln:wojIIPId>c606b01a-76c8-480d-9470-f24ca0d7a613</sln:wojIIPId><sln:wojIIPPn>PL.PZGIK.200</sln:wojIIPPn><sln:wojIIPWersja>2016-05-05T18:20:48+02:00</sln:wojIIPWersja><sln:wojIdTeryt>30</sln:wojIdTeryt><sln:wojNazwa>wielkopolskie</sln:wojNazwa></sln:miejscowosc><sln:miejscowosc><sln:cyklZyciaDo>2017-03-30T00:00:00+02:00</sln:cyklZyciaDo><sln:cyklZyciaOd>2015-12-04T00:00:00+01:00</sln:cyklZyciaOd><sln:gmIIPId>a488f1de-bd92-40f4-91ce-9b8abd336ac0</sln:gmIIPId><sln:gmIIPPn>PL.PZGIK.200</sln:gmIIPPn><sln:gmIIPWersja>2012-09-26T22:24:15+02:00</sln:gmIIPWersja><sln:gmIdTeryt>3003103</sln:gmIdTeryt><sln:gmNazwa>Witkowo</sln:gmNazwa><sln:miejscIIPId>ba26ee0f-5419-45e4-b86a-ac599f688a41</sln:miejscIIPId><sln:miejscIIPPn>PL.PZGIK.200</sln:miejscIIPPn><sln:miejscIIPWersja>2016-11-24T09:53:56+02:00</sln:miejscIIPWersja><sln:miejscIdTeryt>0300908</sln:miejscIdTeryt><sln:miejscNazwa>Wierzchowiska</sln:miejscNazwa><sln:miejscRodzaj>Osada</sln:miejscRodzaj><sln:powIIPId>9d8be336-ec60-484e-a218-bd6a57c56b5c</sln:powIIPId><sln:powIIPPn>PL.PZGIK.200</sln:powIIPPn><sln:powIIPWersja>2012-09-27T08:59:03+02:00</sln:powIIPWersja><sln:powIdTeryt>3003</sln:powIdTeryt><sln:powNazwa>gnieźnieński</sln:powNazwa><sln:waznyOd>2012-07-25T00:00:00+02:00</sln:waznyOd><sln:wojIIPId>c606b01a-76c8-480d-9470-f24ca0d7a613</sln:wojIIPId><sln:wojIIPPn>PL.PZGIK.200</sln:wojIIPPn><sln:wojIIPWersja>2016-05-05T18:20:48+02:00</sln:wojIIPWersja><sln:wojIdTeryt>30</sln:wojIdTeryt><sln:wojNazwa>wielkopolskie</sln:wojNazwa></sln:miejscowosc><sln:miejscowosc><sln:cyklZyciaDo>2017-03-30T00:00:00+02:00</sln:cyklZyciaDo><sln:cyklZyciaOd>2015-12-04T00:00:00+01:00</sln:cyklZyciaOd><sln:gmIIPId>a488f1de-bd92-40f4-91ce-9b8abd336ac0</sln:gmIIPId><sln:gmIIPPn>PL.PZGIK.200</sln:gmIIPPn><sln:gmIIPWersja>2012-09-26T22:24:15+02:00</sln:gmIIPWersja><sln:gmIdTeryt>3003103</sln:gmIdTeryt><sln:gmNazwa>Witkowo</sln:gmNazwa><sln:miejscIIPId>99baea4f-8447-450c-804c-f52bb5be6bab</sln:miejscIIPId><sln:miejscIIPPn>PL.PZGIK.200</sln:miejscIIPPn><sln:miejscIIPWersja>2016-11-24T13:16:42+02:00</sln:miejscIIPWersja><sln:miejscIdTeryt>0949388</sln:miejscIdTeryt><sln:miejscNazwa>Witkowo</sln:miejscNazwa><sln:miejscRodzaj>Miasto</sln:miejscRodzaj><sln:powIIPId>9d8be336-ec60-484e-a218-bd6a57c56b5c</sln:powIIPId><sln:powIIPPn>PL.PZGIK.200</sln:powIIPPn><sln:powIIPWersja>2012-09-27T08:59:03+02:00</sln:powIIPWersja><sln:powIdTeryt>3003</sln:powIdTeryt><sln:powNazwa>gnieźnieński</sln:powNazwa><sln:waznyOd>2012-07-25T00:00:00+02:00</sln:waznyOd><sln:wojIIPId>c606b01a-76c8-480d-9470-f24ca0d7a613</sln:wojIIPId><sln:wojIIPPn>PL.PZGIK.200</sln:wojIIPPn><sln:wojIIPWersja>2016-05-05T18:20:48+02:00</sln:wojIIPWersja><sln:wojIdTeryt>30</sln:wojIdTeryt><sln:wojNazwa>wielkopolskie</sln:wojNazwa></sln:miejscowosc><sln:miejscowosc><sln:cyklZyciaDo>2017-03-30T00:00:00+02:00</sln:cyklZyciaDo><sln:cyklZyciaOd>2015-12-04T00:00:00+01:00</sln:cyklZyciaOd><sln:gmIIPId>a488f1de-bd92-40f4-91ce-9b8abd336ac0</sln:gmIIPId><sln:gmIIPPn>PL.PZGIK.200</sln:gmIIPPn><sln:gmIIPWersja>2012-09-26T22:24:15+02:00</sln:gmIIPWersja><sln:gmIdTeryt>3003103</sln:gmIdTeryt><sln:gmNazwa>Witkowo</sln:gmNazwa><sln:miejscIIPId>96ddf8f4-7ec4-48e3-9e89-7bceba17363c</sln:miejscIIPId><sln:miejscIIPPn>PL.PZGIK.200</sln:miejscIIPPn><sln:miejscIIPWersja>2016-11-24T09:53:56+02:00</sln:miejscIIPWersja><sln:miejscIdTeryt>0300920</sln:miejscIdTeryt><sln:miejscNazwa>Witkówko</sln:miejscNazwa><sln:miejscRodzaj>Wieś</sln:miejscRodzaj><sln:powIIPId>9d8be336-ec60-484e-a218-bd6a57c56b5c</sln:powIIPId><sln:powIIPPn>PL.PZGIK.200</sln:powIIPPn><sln:powIIPWersja>2012-09-27T08:59:03+02:00</sln:powIIPWersja><sln:powIdTeryt>3003</sln:powIdTeryt><sln:powNazwa>gnieźnieński</sln:powNazwa><sln:waznyOd>2012-07-25T00:00:00+02:00</sln:waznyOd><sln:wojIIPId>c606b01a-76c8-480d-9470-f24ca0d7a613</sln:wojIIPId><sln:wojIIPPn>PL.PZGIK.200</sln:wojIIPPn><sln:wojIIPWersja>2016-05-05T18:20:48+02:00</sln:wojIIPWersja><sln:wojIdTeryt>30</sln:wojIdTeryt><sln:wojNazwa>wielkopolskie</sln:wojNazwa></sln:miejscowosc><sln:miejscowosc><sln:cyklZyciaOd>2017-03-30T00:00:00+02:00</sln:cyklZyciaOd><sln:gmIIPId>a488f1de-bd92-40f4-91ce-9b8abd336ac0</sln:gmIIPId><sln:gmIIPPn>PL.PZGIK.200</sln:gmIIPPn><sln:gmIIPWersja>2012-09-26T22:24:15+02:00</sln:gmIIPWersja><sln:gmIdTeryt>3003103</sln:gmIdTeryt><sln:gmNazwa>Witkowo</sln:gmNazwa><sln:miejscIIPId>542f78ec-c8fa-4da9-99c6-43420b3f6736</sln:miejscIIPId><sln:miejscIIPPn>PL.PZGIK.200</sln:miejscIIPPn><sln:miejscIIPWersja>2017-03-30T14:19:21+02:00</sln:miejscIIPWersja><sln:miejscIdTeryt>0300446</sln:miejscIdTeryt><sln:miejscNazwa>Chłądowo</sln:miejscNazwa><sln:miejscRodzaj>Wieś</sln:miejscRodzaj><sln:powIIPId>9d8be336-ec60-484e-a218-bd6a57c56b5c</sln:powIIPId><sln:powIIPPn>PL.PZGIK.200</sln:powIIPPn><sln:powIIPWersja>2012-09-27T08:59:03+02:00</sln:powIIPWersja><sln:powIdTeryt>3003</sln:powIdTeryt><sln:powNazwa>gnieźnieński</sln:powNazwa><sln:waznyOd>2012-07-25T00:00:00+02:00</sln:waznyOd><sln:wojIIPId>c606b01a-76c8-480d-9470-f24ca0d7a613</sln:wojIIPId><sln:wojIIPPn>PL.PZGIK.200</sln:wojIIPPn><sln:wojIIPWersja>2016-05-05T18:20:48+02:00</sln:wojIIPWersja><sln:wojIdTeryt>30</sln:wojIdTeryt><sln:wojNazwa>wielkopolskie</sln:wojNazwa></sln:miejscowosc><sln:miejscowosc><sln:cyklZyciaOd>2017-03-30T00:00:00+02:00</sln:cyklZyciaOd><sln:gmIIPId>a488f1de-bd92-40f4-91ce-9b8abd336ac0</sln:gmIIPId><sln:gmIIPPn>PL.PZGIK.200</sln:gmIIPPn><sln:gmIIPWersja>2012-09-26T22:24:15+02:00</sln:gmIIPWersja><sln:gmIdTeryt>3003103</sln:gmIdTeryt><sln:gmNazwa>Witkowo</sln:gmNazwa><sln:miejscIIPId>9ef2164a-905b-4621-9b56-8f6c9f014f58</sln:miejscIIPId><sln:miejscIIPPn>PL.PZGIK.200</sln:miejscIIPPn><sln:miejscIIPWersja>2017-03-30T14:19:28+02:00</sln:miejscIIPWersja><sln:miejscIdTeryt>0300452</sln:miejscIdTeryt><sln:miejscNazwa>Czajki</sln:miejscNazwa><sln:miejscRodzaj>Wieś</sln:miejscRodzaj><sln:powIIPId>9d8be336-ec60-484e-a218-bd6a57c56b5c</sln:powIIPId><sln:powIIPPn>PL.PZGIK.200</sln:powIIPPn><sln:powIIPWersja>2012-09-27T08:59:03+02:00</sln:powIIPWersja><sln:powIdTeryt>3003</sln:powIdTeryt><sln:powNazwa>gnieźnieński</sln:powNazwa><sln:waznyOd>2012-07-25T00:00:00+02:00</sln:waznyOd><sln:wojIIPId>c606b01a-76c8-480d-9470-f24ca0d7a613</sln:wojIIPId><sln:wojIIPPn>PL.PZGIK.200</sln:wojIIPPn><sln:wojIIPWersja>2016-05-05T18:20:48+02:00</sln:wojIIPWersja><sln:wojIdTeryt>30</sln:wojIdTeryt><sln:wojNazwa>wielkopolskie</sln:wojNazwa></sln:miejscowosc><sln:miejscowosc><sln:cyklZyciaOd>2017-03-30T00:00:00+02:00</sln:cyklZyciaOd><sln:gmIIPId>a488f1de-bd92-40f4-91ce-9b8abd336ac0</sln:gmIIPId><sln:gmIIPPn>PL.PZGIK.200</sln:gmIIPPn><sln:gmIIPWersja>2012-09-26T22:24:15+02:00</sln:gmIIPWersja><sln:gmIdTeryt>3003103</sln:gmIdTeryt><sln:gmNazwa>Witkowo</sln:gmNazwa><sln:miejscIIPId>1efd399c-d90f-4789-a154-1bea78229b1f</sln:miejscIIPId><sln:miejscIIPPn>PL.PZGIK.200</sln:miejscIIPPn><sln:miejscIIPWersja>2017-03-30T14:19:28+02:00</sln:miejscIIPWersja><sln:miejscIdTeryt>0300469</sln:miejscIdTeryt><sln:miejscNazwa>Ćwierdzin</sln:miejscNazwa><sln:miejscRodzaj>Wieś</sln:miejscRodzaj><sln:powIIPId>9d8be336-ec60-484e-a218-bd6a57c56b5c</sln:powIIPId><sln:powIIPPn>PL.PZGIK.200</sln:powIIPPn><sln:powIIPWersja>2012-09-27T08:59:03+02:00</sln:powIIPWersja><sln:powIdTeryt>3003</sln:powIdTeryt><sln:powNazwa>gnieźnieński</sln:powNazwa><sln:waznyOd>2012-07-25T00:00:00+02:00</sln:waznyOd><sln:wojIIPId>c606b01a-76c8-480d-9470-f24ca0d7a613</sln:wojIIPId><sln:wojIIPPn>PL.PZGIK.200</sln:wojIIPPn><sln:wojIIPWersja>2016-05-05T18:20:48+02:00</sln:wojIIPWersja><sln:wojIdTeryt>30</sln:wojIdTeryt><sln:wojNazwa>wielkopolskie</sln:wojNazwa></sln:miejscowosc><sln:miejscowosc><sln:cyklZyciaOd>2017-03-30T00:00:00+02:00</sln:cyklZyciaOd><sln:gmIIPId>a488f1de-bd92-40f4-91ce-9b8abd336ac0</sln:gmIIPId><sln:gmIIPPn>PL.PZGIK.200</sln:gmIIPPn><sln:gmIIPWersja>2012-09-26T22:24:15+02:00</sln:gmIIPWersja><sln:gmIdTeryt>3003103</sln:gmIdTeryt><sln:gmNazwa>Witkowo</sln:gmNazwa><sln:miejscIIPId>f024ba8e-1ea0-476f-982b-a310512962d6</sln:miejscIIPId><sln:miejscIIPPn>PL.PZGIK.200</sln:miejscIIPPn><sln:miejscIIPWersja>2017-03-30T14:19:28+02:00</sln:miejscIIPWersja><sln:miejscIdTeryt>0300481</sln:miejscIdTeryt><sln:miejscNazwa>Dębina</sln:miejscNazwa><sln:miejscRodzaj>Wieś</sln:miejscRodzaj><sln:powIIPId>9d8be336-ec60-484e-a218-bd6a57c56b5c</sln:powIIPId><sln:powIIPPn>PL.PZGIK.200</sln:powIIPPn><sln:powIIPWersja>2012-09-27T08:59:03+02:00</sln:powIIPWersja><sln:powIdTeryt>3003</sln:powIdTeryt><sln:powNazwa>gnieźnieński</sln:powNazwa><sln:waznyOd>2012-07-25T00:00:00+02:00</sln:waznyOd><sln:wojIIPId>c606b01a-76c8-480d-9470-f24ca0d7a613</sln:wojIIPId><sln:wojIIPPn>PL.PZGIK.200</sln:wojIIPPn><sln:wojIIPWersja>2016-05-05T18:20:48+02:00</sln:wojIIPWersja><sln:wojIdTeryt>30</sln:wojIdTeryt><sln:wojNazwa>wielkopolskie</sln:wojNazwa></sln:miejscowosc><sln:miejscowosc><sln:cyklZyciaOd>2017-03-30T00:00:00+02:00</sln:cyklZyciaOd><sln:gmIIPId>a488f1de-bd92-40f4-91ce-9b8abd336ac0</sln:gmIIPId><sln:gmIIPPn>PL.PZGIK.200</sln:gmIIPPn><sln:gmIIPWersja>2012-09-26T22:24:15+02:00</sln:gmIIPWersja><sln:gmIdTeryt>3003103</sln:gmIdTeryt><sln:gmNazwa>Witkowo</sln:gmNazwa><sln:miejscIIPId>ee217638-9302-4924-9839-d00b12de2d6c</sln:miejscIIPId><sln:miejscIIPPn>PL.PZGIK.200</sln:miejscIIPPn><sln:miejscIIPWersja>2017-03-30T14:19:28+02:00</sln:miejscIIPWersja><sln:miejscIdTeryt>0300498</sln:miejscIdTeryt><sln:miejscNazwa>Folwark</sln:miejscNazwa><sln:miejscRodzaj>Wieś</sln:miejscRodzaj><sln:powIIPId>9d8be336-ec60-484e-a218-bd6a57c56b5c</sln:powIIPId><sln:powIIPPn>PL.PZGIK.200</sln:powIIPPn><sln:powIIPWersja>2012-09-27T08:59:03+02:00</sln:powIIPWersja><sln:powIdTeryt>3003</sln:powIdTeryt><sln:powNazwa>gnieźnieński</sln:powNazwa><sln:waznyOd>2012-07-25T00:00:00+02:00</sln:waznyOd><sln:wojIIPId>c606b01a-76c8-480d-9470-f24ca0d7a613</sln:wojIIPId><sln:wojIIPPn>PL.PZGIK.200</sln:wojIIPPn><sln:wojIIPWersja>2016-05-05T18:20:48+02:00</sln:wojIIPWersja><sln:wojIdTeryt>30</sln:wojIdTeryt><sln:wojNazwa>wielkopolskie</sln:wojNazwa></sln:miejscowosc><sln:miejscowosc><sln:cyklZyciaOd>2017-03-30T00:00:00+02:00</sln:cyklZyciaOd><sln:gmIIPId>a488f1de-bd92-40f4-91ce-9b8abd336ac0</sln:gmIIPId><sln:gmIIPPn>PL.PZGIK.200</sln:gmIIPPn><sln:gmIIPWersja>2012-09-26T22:24:15+02:00</sln:gmIIPWersja><sln:gmIdTeryt>3003103</sln:gmIdTeryt><sln:gmNazwa>Witkowo</sln:gmNazwa><sln:miejscIIPId>9e721bb3-5cf7-40aa-a528-c80acc256cbf</sln:miejscIIPId><sln:miejscIIPPn>PL.PZGIK.200</sln:miejscIIPPn><sln:miejscIIPWersja>2017-03-30T14:19:28+02:00</sln:miejscIIPWersja><sln:miejscIdTeryt>0300506</sln:miejscIdTeryt><sln:miejscNazwa>Gaj</sln:miejscNazwa><sln:miejscRodzaj>Wieś</sln:miejscRodzaj><sln:powIIPId>9d8be336-ec60-484e-a218-bd6a57c56b5c</sln:powIIPId><sln:powIIPPn>PL.PZGIK.200</sln:powIIPPn><sln:powIIPWersja>2012-09-27T08:59:03+02:00</sln:powIIPWersja><sln:powIdTeryt>3003</sln:powIdTeryt><sln:powNazwa>gnieźnieński</sln:powNazwa><sln:waznyOd>2012-07-25T00:00:00+02:00</sln:waznyOd><sln:wojIIPId>c606b01a-76c8-480d-9470-f24ca0d7a613</sln:wojIIPId><sln:wojIIPPn>PL.PZGIK.200</sln:wojIIPPn><sln:wojIIPWersja>2016-05-05T18:20:48+02:00</sln:wojIIPWersja><sln:wojIdTeryt>30</sln:wojIdTeryt><sln:wojNazwa>wielkopolskie</sln:wojNazwa></sln:miejscowosc><sln:miejscowosc><sln:cyklZyciaOd>2017-03-30T00:00:00+02:00</sln:cyklZyciaOd><sln:gmIIPId>a488f1de-bd92-40f4-91ce-9b8abd336ac0</sln:gmIIPId><sln:gmIIPPn>PL.PZGIK.200</sln:gmIIPPn><sln:gmIIPWersja>2012-09-26T22:24:15+02:00</sln:gmIIPWersja><sln:gmIdTeryt>3003103</sln:gmIdTeryt><sln:gmNazwa>Witkowo</sln:gmNazwa><sln:miejscIIPId>b709be80-3697-45fc-a50c-232827738310</sln:miejscIIPId><sln:miejscIIPPn>PL.PZGIK.200</sln:miejscIIPPn><sln:miejscIIPWersja>2017-03-30T14:19:28+02:00</sln:miejscIIPWersja><sln:miejscIdTeryt>0300512</sln:miejscIdTeryt><sln:miejscNazwa>Gorzykowo</sln:miejscNazwa><sln:miejscRodzaj>Wieś</sln:miejscRodzaj><sln:powIIPId>9d8be336-ec60-484e-a218-bd6a57c56b5c</sln:powIIPId><sln:powIIPPn>PL.PZGIK.200</sln:powIIPPn><sln:powIIPWersja>2012-09-27T08:59:03+02:00</sln:powIIPWersja><sln:powIdTeryt>3003</sln:powIdTeryt><sln:powNazwa>gnieźnieński</sln:powNazwa><sln:waznyOd>2012-07-25T00:00:00+02:00</sln:waznyOd><sln:wojIIPId>c606b01a-76c8-480d-9470-f24ca0d7a613</sln:wojIIPId><sln:wojIIPPn>PL.PZGIK.200</sln:wojIIPPn><sln:wojIIPWersja>2016-05-05T18:20:48+02:00</sln:wojIIPWersja><sln:wojIdTeryt>30</sln:wojIdTeryt><sln:wojNazwa>wielkopolskie</sln:wojNazwa></sln:miejscowosc><sln:miejscowosc><sln:cyklZyciaOd>2017-03-30T00:00:00+02:00</sln:cyklZyciaOd><sln:gmIIPId>a488f1de-bd92-40f4-91ce-9b8abd336ac0</sln:gmIIPId><sln:gmIIPPn>PL.PZGIK.200</sln:gmIIPPn><sln:gmIIPWersja>2012-09-26T22:24:15+02:00</sln:gmIIPWersja><sln:gmIdTeryt>3003103</sln:gmIdTeryt><sln:gmNazwa>Witkowo</sln:gmNazwa><sln:miejscIIPId>4c664ec7-b7af-4991-a03c-81723bec1222</sln:miejscIIPId><sln:miejscIIPPn>PL.PZGIK.200</sln:miejscIIPPn><sln:miejscIIPWersja>2017-03-30T14:19:28+02:00</sln:miejscIIPWersja><sln:miejscIdTeryt>0300529</sln:miejscIdTeryt><sln:miejscNazwa>Jaworowo</sln:miejscNazwa><sln:miejscRodzaj>Wieś</sln:miejscRodzaj><sln:powIIPId>9d8be336-ec60-484e-a218-bd6a57c56b5c</sln:powIIPId><sln:powIIPPn>PL.PZGIK.200</sln:powIIPPn><sln:powIIPWersja>2012-09-27T08:59:03+02:00</sln:powIIPWersja><sln:powIdTeryt>3003</sln:powIdTeryt><sln:powNazwa>gnieźnieński</sln:powNazwa><sln:waznyOd>2012-07-25T00:00:00+02:00</sln:waznyOd><sln:wojIIPId>c606b01a-76c8-480d-9470-f24ca0d7a613</sln:wojIIPId><sln:wojIIPPn>PL.PZGIK.200</sln:wojIIPPn><sln:wojIIPWersja>2016-05-05T18:20:48+02:00</sln:wojIIPWersja><sln:wojIdTeryt>30</sln:wojIdTeryt><sln:wojNazwa>wielkopolskie</sln:wojNazwa></sln:miejscowosc><sln:miejscowosc><sln:cyklZyciaOd>2017-03-30T00:00:00+02:00</sln:cyklZyciaOd><sln:gmIIPId>a488f1de-bd92-40f4-91ce-9b8abd336ac0</sln:gmIIPId><sln:gmIIPPn>PL.PZGIK.200</sln:gmIIPPn><sln:gmIIPWersja>2012-09-26T22:24:15+02:00</sln:gmIIPWersja><sln:gmIdTeryt>3003103</sln:gmIdTeryt><sln:gmNazwa>Witkowo</sln:gmNazwa><sln:miejscIIPId>616484be-3ab2-4758-b37a-3f804686b700</sln:miejscIIPId><sln:miejscIIPPn>PL.PZGIK.200</sln:miejscIIPPn><sln:miejscIIPWersja>2017-03-30T14:19:29+02:00</sln:miejscIIPWersja><sln:miejscIdTeryt>0300535</sln:miejscIdTeryt><sln:miejscNazwa>Kamionka</sln:miejscNazwa><sln:miejscRodzaj>Wieś</sln:miejscRodzaj><sln:powIIPId>9d8be336-ec60-484e-a218-bd6a57c56b5c</sln:powIIPId><sln:powIIPPn>PL.PZGIK.200</sln:powIIPPn><sln:powIIPWersja>2012-09-27T08:59:03+02:00</sln:powIIPWersja><sln:powIdTeryt>3003</sln:powIdTeryt><sln:powNazwa>gnieźnieński</sln:powNazwa><sln:waznyOd>2012-07-25T00:00:00+02:00</sln:waznyOd><sln:wojIIPId>c606b01a-76c8-480d-9470-f24ca0d7a613</sln:wojIIPId><sln:wojIIPPn>PL.PZGIK.200</sln:wojIIPPn><sln:wojIIPWersja>2016-05-05T18:20:48+02:00</sln:wojIIPWersja><sln:wojIdTeryt>30</sln:wojIdTeryt><sln:wojNazwa>wielkopolskie</sln:wojNazwa></sln:miejscowosc><sln:miejscowosc><sln:cyklZyciaOd>2017-03-30T00:00:00+02:00</sln:cyklZyciaOd><sln:gmIIPId>a488f1de-bd92-40f4-91ce-9b8abd336ac0</sln:gmIIPId><sln:gmIIPPn>PL.PZGIK.200</sln:gmIIPPn><sln:gmIIPWersja>2012-09-26T22:24:15+02:00</sln:gmIIPWersja><sln:gmIdTeryt>3003103</sln:gmIdTeryt><sln:gmNazwa>Witkowo</sln:gmNazwa><sln:miejscIIPId>b686b52f-31ef-4fed-a633-9b23cab32b58</sln:miejscIIPId><sln:miejscIIPPn>PL.PZGIK.200</sln:miejscIIPPn><sln:miejscIIPWersja>2017-03-30T14:19:29+02:00</sln:miejscIIPWersja><sln:miejscIdTeryt>0300541</sln:miejscIdTeryt><sln:miejscNazwa>Kołaczkowo</sln:miejscNazwa><sln:miejscRodzaj>Wieś</sln:miejscRodzaj><sln:powIIPId>9d8be336-ec60-484e-a218-bd6a57c56b5c</sln:powIIPId><sln:powIIPPn>PL.PZGIK.200</sln:powIIPPn><sln:powIIPWersja>2012-09-27T08:59:03+02:00</sln:powIIPWersja><sln:powIdTeryt>3003</sln:powIdTeryt><sln:powNazwa>gnieźnieński</sln:powNazwa><sln:waznyOd>2012-07-25T00:00:00+02:00</sln:waznyOd><sln:wojIIPId>c606b01a-76c8-480d-9470-f24ca0d7a613</sln:wojIIPId><sln:wojIIPPn>PL.PZGIK.200</sln:wojIIPPn><sln:wojIIPWersja>2016-05-05T18:20:48+02:00</sln:wojIIPWersja><sln:wojIdTeryt>30</sln:wojIdTeryt><sln:wojNazwa>wielkopolskie</sln:wojNazwa></sln:miejscowosc><sln:miejscowosc><sln:cyklZyciaOd>2017-03-30T00:00:00+02:00</sln:cyklZyciaOd><sln:gmIIPId>a488f1de-bd92-40f4-91ce-9b8abd336ac0</sln:gmIIPId><sln:gmIIPPn>PL.PZGIK.200</sln:gmIIPPn><sln:gmIIPWersja>2012-09-26T22:24:15+02:00</sln:gmIIPWersja><sln:gmIdTeryt>3003103</sln:gmIdTeryt><sln:gmNazwa>Witkowo</sln:gmNazwa><sln:miejscIIPId>e2175aff-c649-4b42-a676-7c212354e54b</sln:miejscIIPId><sln:miejscIIPPn>PL.PZGIK.200</sln:miejscIIPPn><sln:miejscIIPWersja>2017-03-30T14:19:29+02:00</sln:miejscIIPWersja><sln:miejscIdTeryt>0300558</sln:miejscIdTeryt><sln:miejscNazwa>Królewiec</sln:miejscNazwa><sln:miejscRodzaj>Wieś</sln:miejscRodzaj><sln:powIIPId>9d8be336-ec60-484e-a218-bd6a57c56b5c</sln:powIIPId><sln:powIIPPn>PL.PZGIK.200</sln:powIIPPn><sln:powIIPWersja>2012-09-27T08:59:03+02:00</sln:powIIPWersja><sln:powIdTeryt>3003</sln:powIdTeryt><sln:powNazwa>gnieźnieński</sln:powNazwa><sln:waznyOd>2012-07-25T00:00:00+02:00</sln:waznyOd><sln:wojIIPId>c606b01a-76c8-480d-9470-f24ca0d7a613</sln:wojIIPId><sln:wojIIPPn>PL.PZGIK.200</sln:wojIIPPn><sln:wojIIPWersja>2016-05-05T18:20:48+02:00</sln:wojIIPWersja><sln:wojIdTeryt>30</sln:wojIdTeryt><sln:wojNazwa>wielkopolskie</sln:wojNazwa></sln:miejscowosc><sln:miejscowosc><sln:cyklZyciaOd>2017-03-30T00:00:00+02:00</sln:cyklZyciaOd><sln:gmIIPId>a488f1de-bd92-40f4-91ce-9b8abd336ac0</sln:gmIIPId><sln:gmIIPPn>PL.PZGIK.200</sln:gmIIPPn><sln:gmIIPWersja>2012-09-26T22:24:15+02:00</sln:gmIIPWersja><sln:gmIdTeryt>3003103</sln:gmIdTeryt><sln:gmNazwa>Witkowo</sln:gmNazwa><sln:miejscIIPId>15a7f062-8201-46bb-94a6-1cf7bd8f0550</sln:miejscIIPId><sln:miejscIIPPn>PL.PZGIK.200</sln:miejscIIPPn><sln:miejscIIPWersja>2017-03-30T14:19:29+02:00</sln:miejscIIPWersja><sln:miejscIdTeryt>0300564</sln:miejscIdTeryt><sln:miejscNazwa>Malenin</sln:miejscNazwa><sln:miejscRodzaj>Wieś</sln:miejscRodzaj><sln:powIIPId>9d8be336-ec60-484e-a218-bd6a57c56b5c</sln:powIIPId><sln:powIIPPn>PL.PZGIK.200</sln:powIIPPn><sln:powIIPWersja>2012-09-27T08:59:03+02:00</sln:powIIPWersja><sln:powIdTeryt>3003</sln:powIdTeryt><sln:powNazwa>gnieźnieński</sln:powNazwa><sln:waznyOd>2012-07-25T00:00:00+02:00</sln:waznyOd><sln:wojIIPId>c606b01a-76c8-480d-9470-f24ca0d7a613</sln:wojIIPId><sln:wojIIPPn>PL.PZGIK.200</sln:wojIIPPn><sln:wojIIPWersja>2016-05-05T18:20:48+02:00</sln:wojIIPWersja><sln:wojIdTeryt>30</sln:wojIdTeryt><sln:wojNazwa>wielkopolskie</sln:wojNazwa></sln:miejscowosc><sln:miejscowosc><sln:cyklZyciaOd>2017-03-30T00:00:00+02:00</sln:cyklZyciaOd><sln:gmIIPId>a488f1de-bd92-40f4-91ce-9b8abd336ac0</sln:gmIIPId><sln:gmIIPPn>PL.PZGIK.200</sln:gmIIPPn><sln:gmIIPWersja>2012-09-26T22:24:15+02:00</sln:gmIIPWersja><sln:gmIdTeryt>3003103</sln:gmIdTeryt><sln:gmNazwa>Witkowo</sln:gmNazwa><sln:miejscIIPId>853248bf-bd29-45f9-9daf-a9c459c67ba9</sln:miejscIIPId><sln:miejscIIPPn>PL.PZGIK.200</sln:miejscIIPPn><sln:miejscIIPWersja>2017-03-30T14:19:29+02:00</sln:miejscIIPWersja><sln:miejscIdTeryt>0300570</sln:miejscIdTeryt><sln:miejscNazwa>Małachowo-Kępe</sln:miejscNazwa><sln:miejscRodzaj>Wieś</sln:miejscRodzaj><sln:powIIPId>9d8be336-ec60-484e-a218-bd6a57c56b5c</sln:powIIPId><sln:powIIPPn>PL.PZGIK.200</sln:powIIPPn><sln:powIIPWersja>2012-09-27T08:59:03+02:00</sln:powIIPWersja><sln:powIdTeryt>3003</sln:powIdTeryt><sln:powNazwa>gnieźnieński</sln:powNazwa><sln:waznyOd>2012-07-25T00:00:00+02:00</sln:waznyOd><sln:wojIIPId>c606b01a-76c8-480d-9470-f24ca0d7a613</sln:wojIIPId><sln:wojIIPPn>PL.PZGIK.200</sln:wojIIPPn><sln:wojIIPWersja>2016-05-05T18:20:48+02:00</sln:wojIIPWersja><sln:wojIdTeryt>30</sln:wojIdTeryt><sln:wojNazwa>wielkopolskie</sln:wojNazwa></sln:miejscowosc><sln:miejscowosc><sln:cyklZyciaOd>2017-03-30T00:00:00+02:00</sln:cyklZyciaOd><sln:gmIIPId>a488f1de-bd92-40f4-91ce-9b8abd336ac0</sln:gmIIPId><sln:gmIIPPn>PL.PZGIK.200</sln:gmIIPPn><sln:gmIIPWersja>2012-09-26T22:24:15+02:00</sln:gmIIPWersja><sln:gmIdTeryt>3003103</sln:gmIdTeryt><sln:gmNazwa>Witkowo</sln:gmNazwa><sln:miejscIIPId>d73420ec-583b-4bf6-b02e-9d69dd9a52b3</sln:miejscIIPId><sln:miejscIIPPn>PL.PZGIK.200</sln:miejscIIPPn><sln:miejscIIPWersja>2017-03-30T14:19:29+02:00</sln:miejscIIPWersja><sln:miejscIdTeryt>0300587</sln:miejscIdTeryt><sln:miejscNazwa>Małachowo-Szemborowice</sln:miejscNazwa><sln:miejscRodzaj>Wieś</sln:miejscRodzaj><sln:powIIPId>9d8be336-ec60-484e-a218-bd6a57c56b5c</sln:powIIPId><sln:powIIPPn>PL.PZGIK.200</sln:powIIPPn><sln:powIIPWersja>2012-09-27T08:59:03+02:00</sln:powIIPWersja><sln:powIdTeryt>3003</sln:powIdTeryt><sln:powNazwa>gnieźnieński</sln:powNazwa><sln:waznyOd>2012-07-25T00:00:00+02:00</sln:waznyOd><sln:wojIIPId>c606b01a-76c8-480d-9470-f24ca0d7a613</sln:wojIIPId><sln:wojIIPPn>PL.PZGIK.200</sln:wojIIPPn><sln:wojIIPWersja>2016-05-05T18:20:48+02:00</sln:wojIIPWersja><sln:wojIdTeryt>30</sln:wojIdTeryt><sln:wojNazwa>wielkopolskie</sln:wojNazwa></sln:miejscowosc><sln:miejscowosc><sln:cyklZyciaOd>2017-03-30T00:00:00+02:00</sln:cyklZyciaOd><sln:gmIIPId>a488f1de-bd92-40f4-91ce-9b8abd336ac0</sln:gmIIPId><sln:gmIIPPn>PL.PZGIK.200</sln:gmIIPPn><sln:gmIIPWersja>2012-09-26T22:24:15+02:00</sln:gmIIPWersja><sln:gmIdTeryt>3003103</sln:gmIdTeryt><sln:gmNazwa>Witkowo</sln:gmNazwa><sln:miejscIIPId>9a8d75ed-8284-4772-b824-dbfb0e21aede</sln:miejscIIPId><sln:miejscIIPPn>PL.PZGIK.200</sln:miejscIIPPn><sln:miejscIIPWersja>2017-03-30T14:19:29+02:00</sln:miejscIIPWersja><sln:miejscIdTeryt>0300593</sln:miejscIdTeryt><sln:miejscNazwa>Małachowo-Wierzbiczany</sln:miejscNazwa><sln:miejscRodzaj>Wieś</sln:miejscRodzaj><sln:powIIPId>9d8be336-ec60-484e-a218-bd6a57c56b5c</sln:powIIPId><sln:powIIPPn>PL.PZGIK.200</sln:powIIPPn><sln:powIIPWersja>2012-09-27T08:59:03+02:00</sln:powIIPWersja><sln:powIdTeryt>3003</sln:powIdTeryt><sln:powNazwa>gnieźnieński</sln:powNazwa><sln:waznyOd>2012-07-25T00:00:00+02:00</sln:waznyOd><sln:wojIIPId>c606b01a-76c8-480d-9470-f24ca0d7a613</sln:wojIIPId><sln:wojIIPPn>PL.PZGIK.200</sln:wojIIPPn><sln:wojIIPWersja>2016-05-05T18:20:48+02:00</sln:wojIIPWersja><sln:wojIdTeryt>30</sln:wojIdTeryt><sln:wojNazwa>wielkopolskie</sln:wojNazwa></sln:miejscowosc><sln:miejscowosc><sln:cyklZyciaOd>2017-03-30T00:00:00+02:00</sln:cyklZyciaOd><sln:gmIIPId>a488f1de-bd92-40f4-91ce-9b8abd336ac0</sln:gmIIPId><sln:gmIIPPn>PL.PZGIK.200</sln:gmIIPPn><sln:gmIIPWersja>2012-09-26T22:24:15+02:00</sln:gmIIPWersja><sln:gmIdTeryt>3003103</sln:gmIdTeryt><sln:gmNazwa>Witkowo</sln:gmNazwa><sln:miejscIIPId>387e88d2-978a-4d5d-b79e-5e1fcb8e9da2</sln:miejscIIPId><sln:miejscIIPPn>PL.PZGIK.200</sln:miejscIIPPn><sln:miejscIIPWersja>2017-03-30T14:19:29+02:00</sln:miejscIIPWersja><sln:miejscIdTeryt>0300601</sln:miejscIdTeryt><sln:miejscNazwa>Małachowo-Złych Miejsc</sln:miejscNazwa><sln:miejscRodzaj>Wieś</sln:miejscRodzaj><sln:powIIPId>9d8be336-ec60-484e-a218-bd6a57c56b5c</sln:powIIPId><sln:powIIPPn>PL.PZGIK.200</sln:powIIPPn><sln:powIIPWersja>2012-09-27T08:59:03+02:00</sln:powIIPWersja><sln:powIdTeryt>3003</sln:powIdTeryt><sln:powNazwa>gnieźnieński</sln:powNazwa><sln:waznyOd>2012-07-25T00:00:00+02:00</sln:waznyOd><sln:wojIIPId>c606b01a-76c8-480d-9470-f24ca0d7a613</sln:wojIIPId><sln:wojIIPPn>PL.PZGIK.200</sln:wojIIPPn><sln:wojIIPWersja>2016-05-05T18:20:48+02:00</sln:wojIIPWersja><sln:wojIdTeryt>30</sln:wojIdTeryt><sln:wojNazwa>wielkopolskie</sln:wojNazwa></sln:miejscowosc><sln:miejscowosc><sln:cyklZyciaOd>2017-03-30T00:00:00+02:00</sln:cyklZyciaOd><sln:gmIIPId>a488f1de-bd92-40f4-91ce-9b8abd336ac0</sln:gmIIPId><sln:gmIIPPn>PL.PZGIK.200</sln:gmIIPPn><sln:gmIIPWersja>2012-09-26T22:24:15+02:00</sln:gmIIPWersja><sln:gmIdTeryt>3003103</sln:gmIdTeryt><sln:gmNazwa>Witkowo</sln:gmNazwa><sln:miejscIIPId>1a129325-dd98-411a-9078-2ebd4b809855</sln:miejscIIPId><sln:miejscIIPPn>PL.PZGIK.200</sln:miejscIIPPn><sln:miejscIIPWersja>2017-03-30T14:19:29+02:00</sln:miejscIIPWersja><sln:miejscIdTeryt>0300618</sln:miejscIdTeryt><sln:miejscNazwa>Mąkownica</sln:miejscNazwa><sln:miejscRodzaj>Wieś</sln:miejscRodzaj><sln:powIIPId>9d8be336-ec60-484e-a218-bd6a57c56b5c</sln:powIIPId><sln:powIIPPn>PL.PZGIK.200</sln:powIIPPn><sln:powIIPWersja>2012-09-27T08:59:03+02:00</sln:powIIPWersja><sln:powIdTeryt>3003</sln:powIdTeryt><sln:powNazwa>gnieźnieński</sln:powNazwa><sln:waznyOd>2012-07-25T00:00:00+02:00</sln:waznyOd><sln:wojIIPId>c606b01a-76c8-480d-9470-f24ca0d7a613</sln:wojIIPId><sln:wojIIPPn>PL.PZGIK.200</sln:wojIIPPn><sln:wojIIPWersja>2016-05-05T18:20:48+02:00</sln:wojIIPWersja><sln:wojIdTeryt>30</sln:wojIdTeryt><sln:wojNazwa>wielkopolskie</sln:wojNazwa></sln:miejscowosc><sln:miejscowosc><sln:cyklZyciaOd>2017-03-30T00:00:00+02:00</sln:cyklZyciaOd><sln:gmIIPId>a488f1de-bd92-40f4-91ce-9b8abd336ac0</sln:gmIIPId><sln:gmIIPPn>PL.PZGIK.200</sln:gmIIPPn><sln:gmIIPWersja>2012-09-26T22:24:15+02:00</sln:gmIIPWersja><sln:gmIdTeryt>3003103</sln:gmIdTeryt><sln:gmNazwa>Witkowo</sln:gmNazwa><sln:miejscIIPId>5be4298d-4aeb-4b8f-a90e-708e36a7c039</sln:miejscIIPId><sln:miejscIIPPn>PL.PZGIK.200</sln:miejscIIPPn><sln:miejscIIPWersja>2017-03-30T14:19:29+02:00</sln:miejscIIPWersja><sln:miejscIdTeryt>0300624</sln:miejscIdTeryt><sln:miejscNazwa>Mielżyn</sln:miejscNazwa><sln:miejscRodzaj>Wieś</sln:miejscRodzaj><sln:powIIPId>9d8be336-ec60-484e-a218-bd6a57c56b5c</sln:powIIPId><sln:powIIPPn>PL.PZGIK.200</sln:powIIPPn><sln:powIIPWersja>2012-09-27T08:59:03+02:00</sln:powIIPWersja><sln:powIdTeryt>3003</sln:powIdTeryt><sln:powNazwa>gnieźnieński</sln:powNazwa><sln:waznyOd>2014-03-07T00:00:00+01:00</sln:waznyOd><sln:wojIIPId>c606b01a-76c8-480d-9470-f24ca0d7a613</sln:wojIIPId><sln:wojIIPPn>PL.PZGIK.200</sln:wojIIPPn><sln:wojIIPWersja>2016-05-05T18:20:48+02:00</sln:wojIIPWersja><sln:wojIdTeryt>30</sln:wojIdTeryt><sln:wojNazwa>wielkopolskie</sln:wojNazwa></sln:miejscowosc><sln:miejscowosc><sln:cyklZyciaOd>2017-03-30T00:00:00+02:00</sln:cyklZyciaOd><sln:gmIIPId>a488f1de-bd92-40f4-91ce-9b8abd336ac0</sln:gmIIPId><sln:gmIIPPn>PL.PZGIK.200</sln:gmIIPPn><sln:gmIIPWersja>2012-09-26T22:24:15+02:00</sln:gmIIPWersja><sln:gmIdTeryt>3003103</sln:gmIdTeryt><sln:gmNazwa>Witkowo</sln:gmNazwa><sln:miejscIIPId>b726b7d0-e4ba-46ea-bc17-a4b79d5dd217</sln:miejscIIPId><sln:miejscIIPPn>PL.PZGIK.200</sln:miejscIIPPn><sln:miejscIIPWersja>2017-03-30T14:19:29+02:00</sln:miejscIIPWersja><sln:miejscIdTeryt>0300630</sln:miejscIdTeryt><sln:miejscNazwa>Odrowąż</sln:miejscNazwa><sln:miejscRodzaj>Wieś</sln:miejscRodzaj><sln:powIIPId>9d8be336-ec60-484e-a218-bd6a57c56b5c</sln:powIIPId><sln:powIIPPn>PL.PZGIK.200</sln:powIIPPn><sln:powIIPWersja>2012-09-27T08:59:03+02:00</sln:powIIPWersja><sln:powIdTeryt>3003</sln:powIdTeryt><sln:powNazwa>gnieźnieński</sln:powNazwa><sln:waznyOd>2012-07-25T00:00:00+02:00</sln:waznyOd><sln:wojIIPId>c606b01a-76c8-480d-9470-f24ca0d7a613</sln:wojIIPId><sln:wojIIPPn>PL.PZGIK.200</sln:wojIIPPn><sln:wojIIPWersja>2016-05-05T18:20:48+02:00</sln:wojIIPWersja><sln:wojIdTeryt>30</sln:wojIdTeryt><sln:wojNazwa>wielkopolskie</sln:wojNazwa></sln:miejscowosc><sln:miejscowosc><sln:cyklZyciaOd>2017-03-30T00:00:00+02:00</sln:cyklZyciaOd><sln:gmIIPId>a488f1de-bd92-40f4-91ce-9b8abd336ac0</sln:gmIIPId><sln:gmIIPPn>PL.PZGIK.200</sln:gmIIPPn><sln:gmIIPWersja>2012-09-26T22:24:15+02:00</sln:gmIIPWersja><sln:gmIdTeryt>3003103</sln:gmIdTeryt><sln:gmNazwa>Witkowo</sln:gmNazwa><sln:miejscIIPId>d40cd86c-afaf-4f47-9a39-38f9ad0d9bbf</sln:miejscIIPId><sln:miejscIIPPn>PL.PZGIK.200</sln:miejscIIPPn><sln:miejscIIPWersja>2017-03-30T14:19:29+02:00</sln:miejscIIPWersja><sln:miejscIdTeryt>0300647</sln:miejscIdTeryt><sln:miejscNazwa>Ostrowite Prymasowskie</sln:miejscNazwa><sln:miejscRodzaj>Wieś</sln:miejscRodzaj><sln:powIIPId>9d8be336-ec60-484e-a218-bd6a57c56b5c</sln:powIIPId><sln:powIIPPn>PL.PZGIK.200</sln:powIIPPn><sln:powIIPWersja>2012-09-27T08:59:03+02:00</sln:powIIPWersja><sln:powIdTeryt>3003</sln:powIdTeryt><sln:powNazwa>gnieźnieński</sln:powNazwa><sln:waznyOd>2012-07-25T00:00:00+02:00</sln:waznyOd><sln:wojIIPId>c606b01a-76c8-480d-9470-f24ca0d7a613</sln:wojIIPId><sln:wojIIPPn>PL.PZGIK.200</sln:wojIIPPn><sln:wojIIPWersja>2016-05-05T18:20:48+02:00</sln:wojIIPWersja><sln:wojIdTeryt>30</sln:wojIdTeryt><sln:wojNazwa>wielkopolskie</sln:wojNazwa></sln:miejscowosc><sln:miejscowosc><sln:cyklZyciaOd>2017-03-30T00:00:00+02:00</sln:cyklZyciaOd><sln:gmIIPId>a488f1de-bd92-40f4-91ce-9b8abd336ac0</sln:gmIIPId><sln:gmIIPPn>PL.PZGIK.200</sln:gmIIPPn><sln:gmIIPWersja>2012-09-26T22:24:15+02:00</sln:gmIIPWersja><sln:gmIdTeryt>3003103</sln:gmIdTeryt><sln:gmNazwa>Witkowo</sln:gmNazwa><sln:miejscIIPId>33b3576e-9785-4b61-a68b-34b8058f72b4</sln:miejscIIPId><sln:miejscIIPPn>PL.PZGIK.200</sln:miejscIIPPn><sln:miejscIIPWersja>2017-03-30T14:19:29+02:00</sln:miejscIIPWersja><sln:miejscIdTeryt>0300699</sln:miejscIdTeryt><sln:miejscNazwa>Piaski</sln:miejscNazwa><sln:miejscRodzaj>Wieś</sln:miejscRodzaj><sln:powIIPId>9d8be336-ec60-484e-a218-bd6a57c56b5c</sln:powIIPId><sln:powIIPPn>PL.PZGIK.200</sln:powIIPPn><sln:powIIPWersja>2012-09-27T08:59:03+02:00</sln:powIIPWersja><sln:powIdTeryt>3003</sln:powIdTeryt><sln:powNazwa>gnieźnieński</sln:powNazwa><sln:waznyOd>2012-07-25T00:00:00+02:00</sln:waznyOd><sln:wojIIPId>c606b01a-76c8-480d-9470-f24ca0d7a613</sln:wojIIPId><sln:wojIIPPn>PL.PZGIK.200</sln:wojIIPPn><sln:wojIIPWersja>2016-05-05T18:20:48+02:00</sln:wojIIPWersja><sln:wojIdTeryt>30</sln:wojIdTeryt><sln:wojNazwa>wielkopolskie</sln:wojNazwa></sln:miejscowosc><sln:miejscowosc><sln:cyklZyciaOd>2017-03-30T00:00:00+02:00</sln:cyklZyciaOd><sln:gmIIPId>a488f1de-bd92-40f4-91ce-9b8abd336ac0</sln:gmIIPId><sln:gmIIPPn>PL.PZGIK.200</sln:gmIIPPn><sln:gmIIPWersja>2012-09-26T22:24:15+02:00</sln:gmIIPWersja><sln:gmIdTeryt>3003103</sln:gmIdTeryt><sln:gmNazwa>Witkowo</sln:gmNazwa><sln:miejscIIPId>4eee462f-4d95-4bb6-9d1d-03334dbbff43</sln:miejscIIPId><sln:miejscIIPPn>PL.PZGIK.200</sln:miejscIIPPn><sln:miejscIIPWersja>2017-03-30T14:19:30+02:00</sln:miejscIIPWersja><sln:miejscIdTeryt>0300788</sln:miejscIdTeryt><sln:miejscNazwa>Ruchocin</sln:miejscNazwa><sln:miejscRodzaj>Wieś</sln:miejscRodzaj><sln:powIIPId>9d8be336-ec60-484e-a218-bd6a57c56b5c</sln:powIIPId><sln:powIIPPn>PL.PZGIK.200</sln:powIIPPn><sln:powIIPWersja>2012-09-27T08:59:03+02:00</sln:powIIPWersja><sln:powIdTeryt>3003</sln:powIdTeryt><sln:powNazwa>gnieźnieński</sln:powNazwa><sln:waznyOd>2012-07-25T00:00:00+02:00</sln:waznyOd><sln:wojIIPId>c606b01a-76c8-480d-9470-f24ca0d7a613</sln:wojIIPId><sln:wojIIPPn>PL.PZGIK.200</sln:wojIIPPn><sln:wojIIPWersja>2016-05-05T18:20:48+02:00</sln:wojIIPWersja><sln:wojIdTeryt>30</sln:wojIdTeryt><sln:wojNazwa>wielkopolskie</sln:wojNazwa></sln:miejscowosc><sln:miejscowosc><sln:cyklZyciaOd>2017-03-30T00:00:00+02:00</sln:cyklZyciaOd><sln:gmIIPId>a488f1de-bd92-40f4-91ce-9b8abd336ac0</sln:gmIIPId><sln:gmIIPPn>PL.PZGIK.200</sln:gmIIPPn><sln:gmIIPWersja>2012-09-26T22:24:15+02:00</sln:gmIIPWersja><sln:gmIdTeryt>3003103</sln:gmIdTeryt><sln:gmNazwa>Witkowo</sln:gmNazwa><sln:miejscIIPId>a17b34b3-d210-4390-bbc6-8a7c696e45a6</sln:miejscIIPId><sln:miejscIIPPn>PL.PZGIK.200</sln:miejscIIPPn><sln:miejscIIPWersja>2017-03-30T14:19:30+02:00</sln:miejscIIPWersja><sln:miejscIdTeryt>0300794</sln:miejscIdTeryt><sln:miejscNazwa>Ruchocinek</sln:miejscNazwa><sln:miejscRodzaj>Wieś</sln:miejscRodzaj><sln:powIIPId>9d8be336-ec60-484e-a218-bd6a57c56b5c</sln:powIIPId><sln:powIIPPn>PL.PZGIK.200</sln:powIIPPn><sln:powIIPWersja>2012-09-27T08:59:03+02:00</sln:powIIPWersja><sln:powIdTeryt>3003</sln:powIdTeryt><sln:powNazwa>gnieźnieński</sln:powNazwa><sln:waznyOd>2012-07-25T00:00:00+02:00</sln:waznyOd><sln:wojIIPId>c606b01a-76c8-480d-9470-f24ca0d7a613</sln:wojIIPId><sln:wojIIPPn>PL.PZGIK.200</sln:wojIIPPn><sln:wojIIPWersja>2016-05-05T18:20:48+02:00</sln:wojIIPWersja><sln:wojIdTeryt>30</sln:wojIdTeryt><sln:wojNazwa>wielkopolskie</sln:wojNazwa></sln:miejscowosc><sln:miejscowosc><sln:cyklZyciaOd>2017-03-30T00:00:00+02:00</sln:cyklZyciaOd><sln:gmIIPId>a488f1de-bd92-40f4-91ce-9b8abd336ac0</sln:gmIIPId><sln:gmIIPPn>PL.PZGIK.200</sln:gmIIPPn><sln:gmIIPWersja>2012-09-26T22:24:15+02:00</sln:gmIIPWersja><sln:gmIdTeryt>3003103</sln:gmIdTeryt><sln:gmNazwa>Witkowo</sln:gmNazwa><sln:miejscIIPId>98357c2b-7560-4e8d-bd30-9f2ad4938be6</sln:miejscIIPId><sln:miejscIIPPn>PL.PZGIK.200</sln:miejscIIPPn><sln:miejscIIPWersja>2017-03-30T14:19:30+02:00</sln:miejscIIPWersja><sln:miejscIdTeryt>0300819</sln:miejscIdTeryt><sln:miejscNazwa>Skorzęcin</sln:miejscNazwa><sln:miejscRodzaj>Wieś</sln:miejscRodzaj><sln:powIIPId>9d8be336-ec60-484e-a218-bd6a57c56b5c</sln:powIIPId><sln:powIIPPn>PL.PZGIK.200</sln:powIIPPn><sln:powIIPWersja>2012-09-27T08:59:03+02:00</sln:powIIPWersja><sln:powIdTeryt>3003</sln:powIdTeryt><sln:powNazwa>gnieźnieński</sln:powNazwa><sln:waznyOd>2012-07-25T00:00:00+02:00</sln:waznyOd><sln:wojIIPId>c606b01a-76c8-480d-9470-f24ca0d7a613</sln:wojIIPId><sln:wojIIPPn>PL.PZGIK.200</sln:wojIIPPn><sln:wojIIPWersja>2016-05-05T18:20:48+02:00</sln:wojIIPWersja><sln:wojIdTeryt>30</sln:wojIdTeryt><sln:wojNazwa>wielkopolskie</sln:wojNazwa></sln:miejscowosc><sln:miejscowosc><sln:cyklZyciaOd>2017-03-30T00:00:00+02:00</sln:cyklZyciaOd><sln:gmIIPId>a488f1de-bd92-40f4-91ce-9b8abd336ac0</sln:gmIIPId><sln:gmIIPPn>PL.PZGIK.200</sln:gmIIPPn><sln:gmIIPWersja>2012-09-26T22:24:15+02:00</sln:gmIIPWersja><sln:gmIdTeryt>3003103</sln:gmIdTeryt><sln:gmNazwa>Witkowo</sln:gmNazwa><sln:miejscIIPId>41b9dd2d-7625-49a5-8f13-13d320321293</sln:miejscIIPId><sln:miejscIIPPn>PL.PZGIK.200</sln:miejscIIPPn><sln:miejscIIPWersja>2017-03-30T14:19:30+02:00</sln:miejscIIPWersja><sln:miejscIdTeryt>0300860</sln:miejscIdTeryt><sln:miejscNazwa>Sokołowo</sln:miejscNazwa><sln:miejscRodzaj>Wieś</sln:miejscRodzaj><sln:powIIPId>9d8be336-ec60-484e-a218-bd6a57c56b5c</sln:powIIPId><sln:powIIPPn>PL.PZGIK.200</sln:powIIPPn><sln:powIIPWersja>2012-09-27T08:59:03+02:00</sln:powIIPWersja><sln:powIdTeryt>3003</sln:powIdTeryt><sln:powNazwa>gnieźnieński</sln:powNazwa><sln:waznyOd>2012-07-25T00:00:00+02:00</sln:waznyOd><sln:wojIIPId>c606b01a-76c8-480d-9470-f24ca0d7a613</sln:wojIIPId><sln:wojIIPPn>PL.PZGIK.200</sln:wojIIPPn><sln:wojIIPWersja>2016-05-05T18:20:48+02:00</sln:wojIIPWersja><sln:wojIdTeryt>30</sln:wojIdTeryt><sln:wojNazwa>wielkopolskie</sln:wojNazwa></sln:miejscowosc><sln:miejscowosc><sln:cyklZyciaOd>2017-03-30T00:00:00+02:00</sln:cyklZyciaOd><sln:gmIIPId>a488f1de-bd92-40f4-91ce-9b8abd336ac0</sln:gmIIPId><sln:gmIIPPn>PL.PZGIK.200</sln:gmIIPPn><sln:gmIIPWersja>2012-09-26T22:24:15+02:00</sln:gmIIPWersja><sln:gmIdTeryt>3003103</sln:gmIdTeryt><sln:gmNazwa>Witkowo</sln:gmNazwa><sln:miejscIIPId>1d61d900-68ce-4aaa-b4e7-a26ee1f4b5ec</sln:miejscIIPId><sln:miejscIIPPn>PL.PZGIK.200</sln:miejscIIPPn><sln:miejscIIPWersja>2017-03-30T14:19:30+02:00</sln:miejscIIPWersja><sln:miejscIdTeryt>0300877</sln:miejscIdTeryt><sln:miejscNazwa>Strzyżewo Witkowskie</sln:miejscNazwa><sln:miejscRodzaj>Wieś</sln:miejscRodzaj><sln:powIIPId>9d8be336-ec60-484e-a218-bd6a57c56b5c</sln:powIIPId><sln:powIIPPn>PL.PZGIK.200</sln:powIIPPn><sln:powIIPWersja>2012-09-27T08:59:03+02:00</sln:powIIPWersja><sln:powIdTeryt>3003</sln:powIdTeryt><sln:powNazwa>gnieźnieński</sln:powNazwa><sln:waznyOd>2012-07-25T00:00:00+02:00</sln:waznyOd><sln:wojIIPId>c606b01a-76c8-480d-9470-f24ca0d7a613</sln:wojIIPId><sln:wojIIPPn>PL.PZGIK.200</sln:wojIIPPn><sln:wojIIPWersja>2016-05-05T18:20:48+02:00</sln:wojIIPWersja><sln:wojIdTeryt>30</sln:wojIdTeryt><sln:wojNazwa>wielkopolskie</sln:wojNazwa></sln:miejscowosc><sln:miejscowosc><sln:cyklZyciaOd>2017-03-30T00:00:00+02:00</sln:cyklZyciaOd><sln:gmIIPId>a488f1de-bd92-40f4-91ce-9b8abd336ac0</sln:gmIIPId><sln:gmIIPPn>PL.PZGIK.200</sln:gmIIPPn><sln:gmIIPWersja>2012-09-26T22:24:15+02:00</sln:gmIIPWersja><sln:gmIdTeryt>3003103</sln:gmIdTeryt><sln:gmNazwa>Witkowo</sln:gmNazwa><sln:miejscIIPId>f248860e-f90f-46f7-82d1-b2b7204d45c5</sln:miejscIIPId><sln:miejscIIPPn>PL.PZGIK.200</sln:miejscIIPPn><sln:miejscIIPWersja>2017-03-30T14:19:30+02:00</sln:miejscIIPWersja><sln:miejscIdTeryt>0300883</sln:miejscIdTeryt><sln:miejscNazwa>Wiekowo</sln:miejscNazwa><sln:miejscRodzaj>Wieś</sln:miejscRodzaj><sln:powIIPId>9d8be336-ec60-484e-a218-bd6a57c56b5c</sln:powIIPId><sln:powIIPPn>PL.PZGIK.200</sln:powIIPPn><sln:powIIPWersja>2012-09-27T08:59:03+02:00</sln:powIIPWersja><sln:powIdTeryt>3003</sln:powIdTeryt><sln:powNazwa>gnieźnieński</sln:powNazwa><sln:waznyOd>2012-07-25T00:00:00+02:00</sln:waznyOd><sln:wojIIPId>c606b01a-76c8-480d-9470-f24ca0d7a613</sln:wojIIPId><sln:wojIIPPn>PL.PZGIK.200</sln:wojIIPPn><sln:wojIIPWersja>2016-05-05T18:20:48+02:00</sln:wojIIPWersja><sln:wojIdTeryt>30</sln:wojIdTeryt><sln:wojNazwa>wielkopolskie</sln:wojNazwa></sln:miejscowosc><sln:miejscowosc><sln:cyklZyciaOd>2017-03-30T00:00:00+02:00</sln:cyklZyciaOd><sln:gmIIPId>a488f1de-bd92-40f4-91ce-9b8abd336ac0</sln:gmIIPId><sln:gmIIPPn>PL.PZGIK.200</sln:gmIIPPn><sln:gmIIPWersja>2012-09-26T22:24:15+02:00</sln:gmIIPWersja><sln:gmIdTeryt>3003103</sln:gmIdTeryt><sln:gmNazwa>Witkowo</sln:gmNazwa><sln:miejscIIPId>ba26ee0f-5419-45e4-b86a-ac599f688a41</sln:miejscIIPId><sln:miejscIIPPn>PL.PZGIK.200</sln:miejscIIPPn><sln:miejscIIPWersja>2017-03-30T14:19:30+02:00</sln:miejscIIPWersja><sln:miejscIdTeryt>0300908</sln:miejscIdTeryt><sln:miejscNazwa>Wierzchowiska</sln:miejscNazwa><sln:miejscRodzaj>Osada</sln:miejscRodzaj><sln:powIIPId>9d8be336-ec60-484e-a218-bd6a57c56b5c</sln:powIIPId><sln:powIIPPn>PL.PZGIK.200</sln:powIIPPn><sln:powIIPWersja>2012-09-27T08:59:03+02:00</sln:powIIPWersja><sln:powIdTeryt>3003</sln:powIdTeryt><sln:powNazwa>gnieźnieński</sln:powNazwa><sln:waznyOd>2012-07-25T00:00:00+02:00</sln:waznyOd><sln:wojIIPId>c606b01a-76c8-480d-9470-f24ca0d7a613</sln:wojIIPId><sln:wojIIPPn>PL.PZGIK.200</sln:wojIIPPn><sln:wojIIPWersja>2016-05-05T18:20:48+02:00</sln:wojIIPWersja><sln:wojIdTeryt>30</sln:wojIdTeryt><sln:wojNazwa>wielkopolskie</sln:wojNazwa></sln:miejscowosc><sln:miejscowosc><sln:cyklZyciaOd>2017-03-30T00:00:00+02:00</sln:cyklZyciaOd><sln:gmIIPId>a488f1de-bd92-40f4-91ce-9b8abd336ac0</sln:gmIIPId><sln:gmIIPPn>PL.PZGIK.200</sln:gmIIPPn><sln:gmIIPWersja>2012-09-26T22:24:15+02:00</sln:gmIIPWersja><sln:gmIdTeryt>3003103</sln:gmIdTeryt><sln:gmNazwa>Witkowo</sln:gmNazwa><sln:miejscIIPId>96ddf8f4-7ec4-48e3-9e89-7bceba17363c</sln:miejscIIPId><sln:miejscIIPPn>PL.PZGIK.200</sln:miejscIIPPn><sln:miejscIIPWersja>2017-03-30T14:19:30+02:00</sln:miejscIIPWersja><sln:miejscIdTeryt>0300920</sln:miejscIdTeryt><sln:miejscNazwa>Witkówko</sln:miejscNazwa><sln:miejscRodzaj>Wieś</sln:miejscRodzaj><sln:powIIPId>9d8be336-ec60-484e-a218-bd6a57c56b5c</sln:powIIPId><sln:powIIPPn>PL.PZGIK.200</sln:powIIPPn><sln:powIIPWersja>2012-09-27T08:59:03+02:00</sln:powIIPWersja><sln:powIdTeryt>3003</sln:powIdTeryt><sln:powNazwa>gnieźnieński</sln:powNazwa><sln:waznyOd>2012-07-25T00:00:00+02:00</sln:waznyOd><sln:wojIIPId>c606b01a-76c8-480d-9470-f24ca0d7a613</sln:wojIIPId><sln:wojIIPPn>PL.PZGIK.200</sln:wojIIPPn><sln:wojIIPWersja>2016-05-05T18:20:48+02:00</sln:wojIIPWersja><sln:wojIdTeryt>30</sln:wojIdTeryt><sln:wojNazwa>wielkopolskie</sln:wojNazwa></sln:miejscowosc><sln:miejscowosc><sln:cyklZyciaOd>2017-03-30T00:00:00+02:00</sln:cyklZyciaOd><sln:gmIIPId>a488f1de-bd92-40f4-91ce-9b8abd336ac0</sln:gmIIPId><sln:gmIIPPn>PL.PZGIK.200</sln:gmIIPPn><sln:gmIIPWersja>2012-09-26T22:24:15+02:00</sln:gmIIPWersja><sln:gmIdTeryt>3003103</sln:gmIdTeryt><sln:gmNazwa>Witkowo</sln:gmNazwa><sln:miejscIIPId>99baea4f-8447-450c-804c-f52bb5be6bab</sln:miejscIIPId><sln:miejscIIPPn>PL.PZGIK.200</sln:miejscIIPPn><sln:miejscIIPWersja>2017-03-30T14:19:30+02:00</sln:miejscIIPWersja><sln:miejscIdTeryt>0949388</sln:miejscIdTeryt><sln:miejscNazwa>Witkowo</sln:miejscNazwa><sln:miejscRodzaj>Miasto</sln:miejscRodzaj><sln:powIIPId>9d8be336-ec60-484e-a218-bd6a57c56b5c</sln:powIIPId><sln:powIIPPn>PL.PZGIK.200</sln:powIIPPn><sln:powIIPWersja>2012-09-27T08:59:03+02:00</sln:powIIPWersja><sln:powIdTeryt>3003</sln:powIdTeryt><sln:powNazwa>gnieźnieński</sln:powNazwa><sln:waznyOd>2012-07-25T00:00:00+02:00</sln:waznyOd><sln:wojIIPId>c606b01a-76c8-480d-9470-f24ca0d7a613</sln:wojIIPId><sln:wojIIPPn>PL.PZGIK.200</sln:wojIIPPn><sln:wojIIPWersja>2016-05-05T18:20:48+02:00</sln:wojIIPWersja><sln:wojIdTeryt>30</sln:wojIdTeryt><sln:wojNazwa>wielkopolskie</sln:wojNazwa></sln:miejscowosc></sln:lista-miejscowosci>