<?xml version="1.0" encoding="UTF-8" standalone="yes"?><sln:lista-miejscowosci xmlns:srv="http://gugik.gov.pl/schemas/slowniki-service/1.0" xmlns:sln="http://gugik.gov.pl/schemas/slowniki-schema/1.0"><sln:miejscowosc><sln:cyklZyciaDo>2017-03-31T00:00:00+02:00</sln:cyklZyciaDo><sln:cyklZyciaOd>2016-01-28T00:00:00+01:00</sln:cyklZyciaOd><sln:gmIIPId>c82f0df6-fa79-4de9-97d1-d707ebeb4771</sln:gmIIPId><sln:gmIIPPn>PL.PZGIK.200</sln:gmIIPPn><sln:gmIIPWersja>2012-09-26T22:23:16+02:00</sln:gmIIPWersja><sln:gmIdTeryt>3024073</sln:gmIdTeryt><sln:gmNazwa>Szamotuły</sln:gmNazwa><sln:miejscIIPId>2cd22ca2-ac0a-4661-a853-352521c8ba2e</sln:miejscIIPId><sln:miejscIIPPn>PL.PZGIK.200</sln:miejscIIPPn><sln:miejscIIPWersja>2016-11-24T11:27:17+02:00</sln:miejscIIPWersja><sln:miejscIdTeryt>0595690</sln:miejscIdTeryt><sln:miejscNazwa>Baborowo</sln:miejscNazwa><sln:miejscRodzaj>Wieś</sln:miejscRodzaj><sln:powIIPId>c387b2d6-0b22-41cf-91ef-dd6a24f0bb07</sln:powIIPId><sln:powIIPPn>PL.PZGIK.200</sln:powIIPPn><sln:powIIPWersja>2012-09-27T08:59:03+02:00</sln:powIIPWersja><sln:powIdTeryt>3024</sln:powIdTeryt><sln:powNazwa>szamotulski</sln:powNazwa><sln:waznyOd>2014-05-16T00:00:00+02:00</sln:waznyOd><sln:wojIIPId>c606b01a-76c8-480d-9470-f24ca0d7a613</sln:wojIIPId><sln:wojIIPPn>PL.PZGIK.200</sln:wojIIPPn><sln:wojIIPWersja>2016-05-05T18:20:48+02:00</sln:wojIIPWersja><sln:wojIdTeryt>30</sln:wojIdTeryt><sln:wojNazwa>wielkopolskie</sln:wojNazwa></sln:miejscowosc><sln:miejscowosc><sln:cyklZyciaDo>2017-03-31T00:00:00+02:00</sln:cyklZyciaDo><sln:cyklZyciaOd>2016-01-28T00:00:00+01:00</sln:cyklZyciaOd><sln:gmIIPId>c82f0df6-fa79-4de9-97d1-d707ebeb4771</sln:gmIIPId><sln:gmIIPPn>PL.PZGIK.200</sln:gmIIPPn><sln:gmIIPWersja>2012-09-26T22:23:16+02:00</sln:gmIIPWersja><sln:gmIdTeryt>3024073</sln:gmIdTeryt><sln:gmNazwa>Szamotuły</sln:gmNazwa><sln:miejscIIPId>3e683fd2-cb86-4996-af54-7ab98e715622</sln:miejscIIPId><sln:miejscIIPPn>PL.PZGIK.200</sln:miejscIIPPn><sln:miejscIIPWersja>2016-11-24T11:27:17+02:00</sln:miejscIIPWersja><sln:miejscIdTeryt>0595708</sln:miejscIdTeryt><sln:miejscNazwa>Baborówko</sln:miejscNazwa><sln:miejscRodzaj>Wieś</sln:miejscRodzaj><sln:powIIPId>c387b2d6-0b22-41cf-91ef-dd6a24f0bb07</sln:powIIPId><sln:powIIPPn>PL.PZGIK.200</sln:powIIPPn><sln:powIIPWersja>2012-09-27T08:59:03+02:00</sln:powIIPWersja><sln:powIdTeryt>3024</sln:powIdTeryt><sln:powNazwa>szamotulski</sln:powNazwa><sln:waznyOd>2010-11-17T00:00:00+01:00</sln:waznyOd><sln:wojIIPId>c606b01a-76c8-480d-9470-f24ca0d7a613</sln:wojIIPId><sln:wojIIPPn>PL.PZGIK.200</sln:wojIIPPn><sln:wojIIPWersja>2016-05-05T18:20:48+02:00</sln:wojIIPWersja><sln:wojIdTeryt>30</sln:wojIdTeryt><sln:wojNazwa>wielkopolskie</sln:wojNazwa></sln:miejscowosc><sln:miejscowosc><sln:cyklZyciaDo>2017-03-31T00:00:00+02:00</sln:cyklZyciaDo><sln:cyklZyciaOd>2016-01-28T00:00:00+01:00</sln:cyklZyciaOd><sln:gmIIPId>c82f0df6-fa79-4de9-97d1-d707ebeb4771</sln:gmIIPId><sln:gmIIPPn>PL.PZGIK.200</sln:gmIIPPn><sln:gmIIPWersja>2012-09-26T22:23:16+02:00</sln:gmIIPWersja><sln:gmIdTeryt>3024073</sln:gmIdTeryt><sln:gmNazwa>Szamotuły</sln:gmNazwa><sln:miejscIIPId>829596b1-9f1a-4c30-a349-cc309c1002bd</sln:miejscIIPId><sln:miejscIIPPn>PL.PZGIK.200</sln:miejscIIPPn><sln:miejscIIPWersja>2016-11-24T11:27:17+02:00</sln:miejscIIPWersja><sln:miejscIdTeryt>0595714</sln:miejscIdTeryt><sln:miejscNazwa>Brodziszewo</sln:miejscNazwa><sln:miejscRodzaj>Wieś</sln:miejscRodzaj><sln:powIIPId>c387b2d6-0b22-41cf-91ef-dd6a24f0bb07</sln:powIIPId><sln:powIIPPn>PL.PZGIK.200</sln:powIIPPn><sln:powIIPWersja>2012-09-27T08:59:03+02:00</sln:powIIPWersja><sln:powIdTeryt>3024</sln:powIdTeryt><sln:powNazwa>szamotulski</sln:powNazwa><sln:waznyOd>2010-11-17T00:00:00+01:00</sln:waznyOd><sln:wojIIPId>c606b01a-76c8-480d-9470-f24ca0d7a613</sln:wojIIPId><sln:wojIIPPn>PL.PZGIK.200</sln:wojIIPPn><sln:wojIIPWersja>2016-05-05T18:20:48+02:00</sln:wojIIPWersja><sln:wojIdTeryt>30</sln:wojIdTeryt><sln:wojNazwa>wielkopolskie</sln:wojNazwa></sln:miejscowosc><sln:miejscowosc><sln:cyklZyciaDo>2017-03-31T00:00:00+02:00</sln:cyklZyciaDo><sln:cyklZyciaOd>2016-01-28T00:00:00+01:00</sln:cyklZyciaOd><sln:gmIIPId>c82f0df6-fa79-4de9-97d1-d707ebeb4771</sln:gmIIPId><sln:gmIIPPn>PL.PZGIK.200</sln:gmIIPPn><sln:gmIIPWersja>2012-09-26T22:23:16+02:00</sln:gmIIPWersja><sln:gmIdTeryt>3024073</sln:gmIdTeryt><sln:gmNazwa>Szamotuły</sln:gmNazwa><sln:miejscIIPId>623183c7-6da3-4acd-bf8f-1e0d3c4f558b</sln:miejscIIPId><sln:miejscIIPPn>PL.PZGIK.200</sln:miejscIIPPn><sln:miejscIIPWersja>2016-11-24T11:27:17+02:00</sln:miejscIIPWersja><sln:miejscIdTeryt>0595878</sln:miejscIdTeryt><sln:miejscNazwa>Czyściec</sln:miejscNazwa><sln:miejscRodzaj>Wieś</sln:miejscRodzaj><sln:powIIPId>c387b2d6-0b22-41cf-91ef-dd6a24f0bb07</sln:powIIPId><sln:powIIPPn>PL.PZGIK.200</sln:powIIPPn><sln:powIIPWersja>2012-09-27T08:59:03+02:00</sln:powIIPWersja><sln:powIdTeryt>3024</sln:powIdTeryt><sln:powNazwa>szamotulski</sln:powNazwa><sln:waznyOd>2014-05-16T00:00:00+02:00</sln:waznyOd><sln:wojIIPId>c606b01a-76c8-480d-9470-f24ca0d7a613</sln:wojIIPId><sln:wojIIPPn>PL.PZGIK.200</sln:wojIIPPn><sln:wojIIPWersja>2016-05-05T18:20:48+02:00</sln:wojIIPWersja><sln:wojIdTeryt>30</sln:wojIdTeryt><sln:wojNazwa>wielkopolskie</sln:wojNazwa></sln:miejscowosc><sln:miejscowosc><sln:cyklZyciaDo>2017-03-31T00:00:00+02:00</sln:cyklZyciaDo><sln:cyklZyciaOd>2016-01-28T00:00:00+01:00</sln:cyklZyciaOd><sln:gmIIPId>c82f0df6-fa79-4de9-97d1-d707ebeb4771</sln:gmIIPId><sln:gmIIPPn>PL.PZGIK.200</sln:gmIIPPn><sln:gmIIPWersja>2012-09-26T22:23:16+02:00</sln:gmIIPWersja><sln:gmIdTeryt>3024073</sln:gmIdTeryt><sln:gmNazwa>Szamotuły</sln:gmNazwa><sln:miejscIIPId>69715f3b-dd0a-4bf4-8b7e-78f36c27b171</sln:miejscIIPId><sln:miejscIIPPn>PL.PZGIK.200</sln:miejscIIPPn><sln:miejscIIPWersja>2016-11-24T11:27:17+02:00</sln:miejscIIPWersja><sln:miejscIdTeryt>0595720</sln:miejscIdTeryt><sln:miejscNazwa>Emilianowo</sln:miejscNazwa><sln:miejscRodzaj>Wieś</sln:miejscRodzaj><sln:powIIPId>c387b2d6-0b22-41cf-91ef-dd6a24f0bb07</sln:powIIPId><sln:powIIPPn>PL.PZGIK.200</sln:powIIPPn><sln:powIIPWersja>2012-09-27T08:59:03+02:00</sln:powIIPWersja><sln:powIdTeryt>3024</sln:powIdTeryt><sln:powNazwa>szamotulski</sln:powNazwa><sln:waznyOd>2010-12-02T00:00:00+01:00</sln:waznyOd><sln:wojIIPId>c606b01a-76c8-480d-9470-f24ca0d7a613</sln:wojIIPId><sln:wojIIPPn>PL.PZGIK.200</sln:wojIIPPn><sln:wojIIPWersja>2016-05-05T18:20:48+02:00</sln:wojIIPWersja><sln:wojIdTeryt>30</sln:wojIdTeryt><sln:wojNazwa>wielkopolskie</sln:wojNazwa></sln:miejscowosc><sln:miejscowosc><sln:cyklZyciaDo>2017-03-31T00:00:00+02:00</sln:cyklZyciaDo><sln:cyklZyciaOd>2016-01-28T00:00:00+01:00</sln:cyklZyciaOd><sln:gmIIPId>c82f0df6-fa79-4de9-97d1-d707ebeb4771</sln:gmIIPId><sln:gmIIPPn>PL.PZGIK.200</sln:gmIIPPn><sln:gmIIPWersja>2012-09-26T22:23:16+02:00</sln:gmIIPWersja><sln:gmIdTeryt>3024073</sln:gmIdTeryt><sln:gmNazwa>Szamotuły</sln:gmNazwa><sln:miejscIIPId>af2fd649-1081-4bea-84bf-3f1ff45f1509</sln:miejscIIPId><sln:miejscIIPPn>PL.PZGIK.200</sln:miejscIIPPn><sln:miejscIIPWersja>2016-11-24T11:27:17+02:00</sln:miejscIIPWersja><sln:miejscIdTeryt>0595737</sln:miejscIdTeryt><sln:miejscNazwa>Gałowo</sln:miejscNazwa><sln:miejscRodzaj>Wieś</sln:miejscRodzaj><sln:powIIPId>c387b2d6-0b22-41cf-91ef-dd6a24f0bb07</sln:powIIPId><sln:powIIPPn>PL.PZGIK.200</sln:powIIPPn><sln:powIIPWersja>2012-09-27T08:59:03+02:00</sln:powIIPWersja><sln:powIdTeryt>3024</sln:powIdTeryt><sln:powNazwa>szamotulski</sln:powNazwa><sln:waznyOd>2010-11-17T00:00:00+01:00</sln:waznyOd><sln:wojIIPId>c606b01a-76c8-480d-9470-f24ca0d7a613</sln:wojIIPId><sln:wojIIPPn>PL.PZGIK.200</sln:wojIIPPn><sln:wojIIPWersja>2016-05-05T18:20:48+02:00</sln:wojIIPWersja><sln:wojIdTeryt>30</sln:wojIdTeryt><sln:wojNazwa>wielkopolskie</sln:wojNazwa></sln:miejscowosc><sln:miejscowosc><sln:cyklZyciaDo>2017-03-31T00:00:00+02:00</sln:cyklZyciaDo><sln:cyklZyciaOd>2016-01-28T00:00:00+01:00</sln:cyklZyciaOd><sln:gmIIPId>c82f0df6-fa79-4de9-97d1-d707ebeb4771</sln:gmIIPId><sln:gmIIPPn>PL.PZGIK.200</sln:gmIIPPn><sln:gmIIPWersja>2012-09-26T22:23:16+02:00</sln:gmIIPWersja><sln:gmIdTeryt>3024073</sln:gmIdTeryt><sln:gmNazwa>Szamotuły</sln:gmNazwa><sln:miejscIIPId>fa4c7cbf-22cf-4945-aec3-5ef9a75b1454</sln:miejscIIPId><sln:miejscIIPPn>PL.PZGIK.200</sln:miejscIIPPn><sln:miejscIIPWersja>2016-11-24T11:27:17+02:00</sln:miejscIIPWersja><sln:miejscIdTeryt>0595750</sln:miejscIdTeryt><sln:miejscNazwa>Gąsawy</sln:miejscNazwa><sln:miejscRodzaj>Wieś</sln:miejscRodzaj><sln:powIIPId>c387b2d6-0b22-41cf-91ef-dd6a24f0bb07</sln:powIIPId><sln:powIIPPn>PL.PZGIK.200</sln:powIIPPn><sln:powIIPWersja>2012-09-27T08:59:03+02:00</sln:powIIPWersja><sln:powIdTeryt>3024</sln:powIdTeryt><sln:powNazwa>szamotulski</sln:powNazwa><sln:waznyOd>2010-11-17T00:00:00+01:00</sln:waznyOd><sln:wojIIPId>c606b01a-76c8-480d-9470-f24ca0d7a613</sln:wojIIPId><sln:wojIIPPn>PL.PZGIK.200</sln:wojIIPPn><sln:wojIIPWersja>2016-05-05T18:20:48+02:00</sln:wojIIPWersja><sln:wojIdTeryt>30</sln:wojIdTeryt><sln:wojNazwa>wielkopolskie</sln:wojNazwa></sln:miejscowosc><sln:miejscowosc><sln:cyklZyciaDo>2017-03-31T00:00:00+02:00</sln:cyklZyciaDo><sln:cyklZyciaOd>2016-01-28T00:00:00+01:00</sln:cyklZyciaOd><sln:gmIIPId>c82f0df6-fa79-4de9-97d1-d707ebeb4771</sln:gmIIPId><sln:gmIIPPn>PL.PZGIK.200</sln:gmIIPPn><sln:gmIIPWersja>2012-09-26T22:23:16+02:00</sln:gmIIPWersja><sln:gmIdTeryt>3024073</sln:gmIdTeryt><sln:gmNazwa>Szamotuły</sln:gmNazwa><sln:miejscIIPId>a0591da4-5fa0-49da-9174-89bab32baa25</sln:miejscIIPId><sln:miejscIIPPn>PL.PZGIK.200</sln:miejscIIPPn><sln:miejscIIPWersja>2016-11-24T11:27:17+02:00</sln:miejscIIPWersja><sln:miejscIdTeryt>0596079</sln:miejscIdTeryt><sln:miejscNazwa>Grabowiec</sln:miejscNazwa><sln:miejscRodzaj>Osada</sln:miejscRodzaj><sln:powIIPId>c387b2d6-0b22-41cf-91ef-dd6a24f0bb07</sln:powIIPId><sln:powIIPPn>PL.PZGIK.200</sln:powIIPPn><sln:powIIPWersja>2012-09-27T08:59:03+02:00</sln:powIIPWersja><sln:powIdTeryt>3024</sln:powIdTeryt><sln:powNazwa>szamotulski</sln:powNazwa><sln:waznyOd>2014-05-16T00:00:00+02:00</sln:waznyOd><sln:wojIIPId>c606b01a-76c8-480d-9470-f24ca0d7a613</sln:wojIIPId><sln:wojIIPPn>PL.PZGIK.200</sln:wojIIPPn><sln:wojIIPWersja>2016-05-05T18:20:48+02:00</sln:wojIIPWersja><sln:wojIdTeryt>30</sln:wojIdTeryt><sln:wojNazwa>wielkopolskie</sln:wojNazwa></sln:miejscowosc><sln:miejscowosc><sln:cyklZyciaDo>2017-03-31T00:00:00+02:00</sln:cyklZyciaDo><sln:cyklZyciaOd>2016-01-28T00:00:00+01:00</sln:cyklZyciaOd><sln:gmIIPId>c82f0df6-fa79-4de9-97d1-d707ebeb4771</sln:gmIIPId><sln:gmIIPPn>PL.PZGIK.200</sln:gmIIPPn><sln:gmIIPWersja>2012-09-26T22:23:16+02:00</sln:gmIIPWersja><sln:gmIdTeryt>3024073</sln:gmIdTeryt><sln:gmNazwa>Szamotuły</sln:gmNazwa><sln:miejscIIPId>454165b6-69d7-4fea-86a9-0fa68c58808d</sln:miejscIIPId><sln:miejscIIPPn>PL.PZGIK.200</sln:miejscIIPPn><sln:miejscIIPWersja>2016-11-24T11:27:17+02:00</sln:miejscIIPWersja><sln:miejscIdTeryt>0595772</sln:miejscIdTeryt><sln:miejscNazwa>Jastrowo</sln:miejscNazwa><sln:miejscRodzaj>Wieś</sln:miejscRodzaj><sln:powIIPId>c387b2d6-0b22-41cf-91ef-dd6a24f0bb07</sln:powIIPId><sln:powIIPPn>PL.PZGIK.200</sln:powIIPPn><sln:powIIPWersja>2012-09-27T08:59:03+02:00</sln:powIIPWersja><sln:powIdTeryt>3024</sln:powIdTeryt><sln:powNazwa>szamotulski</sln:powNazwa><sln:waznyOd>2012-10-31T00:00:00+01:00</sln:waznyOd><sln:wojIIPId>c606b01a-76c8-480d-9470-f24ca0d7a613</sln:wojIIPId><sln:wojIIPPn>PL.PZGIK.200</sln:wojIIPPn><sln:wojIIPWersja>2016-05-05T18:20:48+02:00</sln:wojIIPWersja><sln:wojIdTeryt>30</sln:wojIdTeryt><sln:wojNazwa>wielkopolskie</sln:wojNazwa></sln:miejscowosc><sln:miejscowosc><sln:cyklZyciaDo>2017-03-31T00:00:00+02:00</sln:cyklZyciaDo><sln:cyklZyciaOd>2016-01-28T00:00:00+01:00</sln:cyklZyciaOd><sln:gmIIPId>c82f0df6-fa79-4de9-97d1-d707ebeb4771</sln:gmIIPId><sln:gmIIPPn>PL.PZGIK.200</sln:gmIIPPn><sln:gmIIPWersja>2012-09-26T22:23:16+02:00</sln:gmIIPWersja><sln:gmIdTeryt>3024073</sln:gmIdTeryt><sln:gmNazwa>Szamotuły</sln:gmNazwa><sln:miejscIIPId>f4cb273d-bb12-4c29-8c6c-903246c5db5b</sln:miejscIIPId><sln:miejscIIPPn>PL.PZGIK.200</sln:miejscIIPPn><sln:miejscIIPWersja>2016-11-24T11:27:17+02:00</sln:miejscIIPWersja><sln:miejscIdTeryt>0595938</sln:miejscIdTeryt><sln:miejscNazwa>Kamionka</sln:miejscNazwa><sln:miejscRodzaj>Inny obiekt</sln:miejscRodzaj><sln:powIIPId>c387b2d6-0b22-41cf-91ef-dd6a24f0bb07</sln:powIIPId><sln:powIIPPn>PL.PZGIK.200</sln:powIIPPn><sln:powIIPWersja>2012-09-27T08:59:03+02:00</sln:powIIPWersja><sln:powIdTeryt>3024</sln:powIdTeryt><sln:powNazwa>szamotulski</sln:powNazwa><sln:waznyOd>2014-05-16T00:00:00+02:00</sln:waznyOd><sln:wojIIPId>c606b01a-76c8-480d-9470-f24ca0d7a613</sln:wojIIPId><sln:wojIIPPn>PL.PZGIK.200</sln:wojIIPPn><sln:wojIIPWersja>2016-05-05T18:20:48+02:00</sln:wojIIPWersja><sln:wojIdTeryt>30</sln:wojIdTeryt><sln:wojNazwa>wielkopolskie</sln:wojNazwa></sln:miejscowosc><sln:miejscowosc><sln:cyklZyciaDo>2017-03-31T00:00:00+02:00</sln:cyklZyciaDo><sln:cyklZyciaOd>2016-01-28T00:00:00+01:00</sln:cyklZyciaOd><sln:gmIIPId>c82f0df6-fa79-4de9-97d1-d707ebeb4771</sln:gmIIPId><sln:gmIIPPn>PL.PZGIK.200</sln:gmIIPPn><sln:gmIIPWersja>2012-09-26T22:23:16+02:00</sln:gmIIPWersja><sln:gmIdTeryt>3024073</sln:gmIdTeryt><sln:gmNazwa>Szamotuły</sln:gmNazwa><sln:miejscIIPId>89bf3fe2-6f96-4998-bfed-f981b39bd05d</sln:miejscIIPId><sln:miejscIIPPn>PL.PZGIK.200</sln:miejscIIPPn><sln:miejscIIPWersja>2016-11-24T11:27:17+02:00</sln:miejscIIPWersja><sln:miejscIdTeryt>0595803</sln:miejscIdTeryt><sln:miejscNazwa>Kąsinowo</sln:miejscNazwa><sln:miejscRodzaj>Wieś</sln:miejscRodzaj><sln:powIIPId>c387b2d6-0b22-41cf-91ef-dd6a24f0bb07</sln:powIIPId><sln:powIIPPn>PL.PZGIK.200</sln:powIIPPn><sln:powIIPWersja>2012-09-27T08:59:03+02:00</sln:powIIPWersja><sln:powIdTeryt>3024</sln:powIdTeryt><sln:powNazwa>szamotulski</sln:powNazwa><sln:waznyOd>2010-11-17T00:00:00+01:00</sln:waznyOd><sln:wojIIPId>c606b01a-76c8-480d-9470-f24ca0d7a613</sln:wojIIPId><sln:wojIIPPn>PL.PZGIK.200</sln:wojIIPPn><sln:wojIIPWersja>2016-05-05T18:20:48+02:00</sln:wojIIPWersja><sln:wojIdTeryt>30</sln:wojIdTeryt><sln:wojNazwa>wielkopolskie</sln:wojNazwa></sln:miejscowosc><sln:miejscowosc><sln:cyklZyciaDo>2017-03-31T00:00:00+02:00</sln:cyklZyciaDo><sln:cyklZyciaOd>2016-01-28T00:00:00+01:00</sln:cyklZyciaOd><sln:gmIIPId>c82f0df6-fa79-4de9-97d1-d707ebeb4771</sln:gmIIPId><sln:gmIIPPn>PL.PZGIK.200</sln:gmIIPPn><sln:gmIIPWersja>2012-09-26T22:23:16+02:00</sln:gmIIPWersja><sln:gmIdTeryt>3024073</sln:gmIdTeryt><sln:gmNazwa>Szamotuły</sln:gmNazwa><sln:miejscIIPId>cf8be19c-53ae-45fc-9772-f9bb4653aee4</sln:miejscIIPId><sln:miejscIIPPn>PL.PZGIK.200</sln:miejscIIPPn><sln:miejscIIPWersja>2016-11-24T11:27:17+02:00</sln:miejscIIPWersja><sln:miejscIdTeryt>0595810</sln:miejscIdTeryt><sln:miejscNazwa>Kępa</sln:miejscNazwa><sln:miejscRodzaj>Wieś</sln:miejscRodzaj><sln:powIIPId>c387b2d6-0b22-41cf-91ef-dd6a24f0bb07</sln:powIIPId><sln:powIIPPn>PL.PZGIK.200</sln:powIIPPn><sln:powIIPWersja>2012-09-27T08:59:03+02:00</sln:powIIPWersja><sln:powIdTeryt>3024</sln:powIdTeryt><sln:powNazwa>szamotulski</sln:powNazwa><sln:waznyOd>2010-11-17T00:00:00+01:00</sln:waznyOd><sln:wojIIPId>c606b01a-76c8-480d-9470-f24ca0d7a613</sln:wojIIPId><sln:wojIIPPn>PL.PZGIK.200</sln:wojIIPPn><sln:wojIIPWersja>2016-05-05T18:20:48+02:00</sln:wojIIPWersja><sln:wojIdTeryt>30</sln:wojIdTeryt><sln:wojNazwa>wielkopolskie</sln:wojNazwa></sln:miejscowosc><sln:miejscowosc><sln:cyklZyciaDo>2017-03-31T00:00:00+02:00</sln:cyklZyciaDo><sln:cyklZyciaOd>2016-01-28T00:00:00+01:00</sln:cyklZyciaOd><sln:gmIIPId>c82f0df6-fa79-4de9-97d1-d707ebeb4771</sln:gmIIPId><sln:gmIIPPn>PL.PZGIK.200</sln:gmIIPPn><sln:gmIIPWersja>2012-09-26T22:23:16+02:00</sln:gmIIPWersja><sln:gmIdTeryt>3024073</sln:gmIdTeryt><sln:gmNazwa>Szamotuły</sln:gmNazwa><sln:miejscIIPId>485fd32b-aec7-4fc4-95c1-fcac91fd9068</sln:miejscIIPId><sln:miejscIIPPn>PL.PZGIK.200</sln:miejscIIPPn><sln:miejscIIPWersja>2016-11-24T11:27:17+02:00</sln:miejscIIPWersja><sln:miejscIdTeryt>0595826</sln:miejscIdTeryt><sln:miejscNazwa>Koźle</sln:miejscNazwa><sln:miejscRodzaj>Wieś</sln:miejscRodzaj><sln:powIIPId>c387b2d6-0b22-41cf-91ef-dd6a24f0bb07</sln:powIIPId><sln:powIIPPn>PL.PZGIK.200</sln:powIIPPn><sln:powIIPWersja>2012-09-27T08:59:03+02:00</sln:powIIPWersja><sln:powIdTeryt>3024</sln:powIdTeryt><sln:powNazwa>szamotulski</sln:powNazwa><sln:waznyOd>2010-11-17T00:00:00+01:00</sln:waznyOd><sln:wojIIPId>c606b01a-76c8-480d-9470-f24ca0d7a613</sln:wojIIPId><sln:wojIIPPn>PL.PZGIK.200</sln:wojIIPPn><sln:wojIIPWersja>2016-05-05T18:20:48+02:00</sln:wojIIPWersja><sln:wojIdTeryt>30</sln:wojIdTeryt><sln:wojNazwa>wielkopolskie</sln:wojNazwa></sln:miejscowosc><sln:miejscowosc><sln:cyklZyciaDo>2017-03-31T00:00:00+02:00</sln:cyklZyciaDo><sln:cyklZyciaOd>2016-01-28T00:00:00+01:00</sln:cyklZyciaOd><sln:gmIIPId>c82f0df6-fa79-4de9-97d1-d707ebeb4771</sln:gmIIPId><sln:gmIIPPn>PL.PZGIK.200</sln:gmIIPPn><sln:gmIIPWersja>2012-09-26T22:23:16+02:00</sln:gmIIPWersja><sln:gmIdTeryt>3024073</sln:gmIdTeryt><sln:gmNazwa>Szamotuły</sln:gmNazwa><sln:miejscIIPId>dca7e918-5f91-49cc-b17c-5945ad979246</sln:miejscIIPId><sln:miejscIIPPn>PL.PZGIK.200</sln:miejscIIPPn><sln:miejscIIPWersja>2016-11-24T11:27:17+02:00</sln:miejscIIPWersja><sln:miejscIdTeryt>0595832</sln:miejscIdTeryt><sln:miejscNazwa>Krzeszkowice</sln:miejscNazwa><sln:miejscRodzaj>Wieś</sln:miejscRodzaj><sln:powIIPId>c387b2d6-0b22-41cf-91ef-dd6a24f0bb07</sln:powIIPId><sln:powIIPPn>PL.PZGIK.200</sln:powIIPPn><sln:powIIPWersja>2012-09-27T08:59:03+02:00</sln:powIIPWersja><sln:powIdTeryt>3024</sln:powIdTeryt><sln:powNazwa>szamotulski</sln:powNazwa><sln:waznyOd>2010-11-17T00:00:00+01:00</sln:waznyOd><sln:wojIIPId>c606b01a-76c8-480d-9470-f24ca0d7a613</sln:wojIIPId><sln:wojIIPPn>PL.PZGIK.200</sln:wojIIPPn><sln:wojIIPWersja>2016-05-05T18:20:48+02:00</sln:wojIIPWersja><sln:wojIdTeryt>30</sln:wojIdTeryt><sln:wojNazwa>wielkopolskie</sln:wojNazwa></sln:miejscowosc><sln:miejscowosc><sln:cyklZyciaDo>2017-03-31T00:00:00+02:00</sln:cyklZyciaDo><sln:cyklZyciaOd>2016-01-28T00:00:00+01:00</sln:cyklZyciaOd><sln:gmIIPId>c82f0df6-fa79-4de9-97d1-d707ebeb4771</sln:gmIIPId><sln:gmIIPPn>PL.PZGIK.200</sln:gmIIPPn><sln:gmIIPWersja>2012-09-26T22:23:16+02:00</sln:gmIIPWersja><sln:gmIdTeryt>3024073</sln:gmIdTeryt><sln:gmNazwa>Szamotuły</sln:gmNazwa><sln:miejscIIPId>a566263b-c495-49fb-9ede-ad58056e2245</sln:miejscIIPId><sln:miejscIIPPn>PL.PZGIK.200</sln:miejscIIPPn><sln:miejscIIPWersja>2016-11-24T11:27:17+02:00</sln:miejscIIPWersja><sln:miejscIdTeryt>0595849</sln:miejscIdTeryt><sln:miejscNazwa>Lipnica</sln:miejscNazwa><sln:miejscRodzaj>Wieś</sln:miejscRodzaj><sln:powIIPId>c387b2d6-0b22-41cf-91ef-dd6a24f0bb07</sln:powIIPId><sln:powIIPPn>PL.PZGIK.200</sln:powIIPPn><sln:powIIPWersja>2012-09-27T08:59:03+02:00</sln:powIIPWersja><sln:powIdTeryt>3024</sln:powIdTeryt><sln:powNazwa>szamotulski</sln:powNazwa><sln:waznyOd>2010-11-17T00:00:00+01:00</sln:waznyOd><sln:wojIIPId>c606b01a-76c8-480d-9470-f24ca0d7a613</sln:wojIIPId><sln:wojIIPPn>PL.PZGIK.200</sln:wojIIPPn><sln:wojIIPWersja>2016-05-05T18:20:48+02:00</sln:wojIIPWersja><sln:wojIdTeryt>30</sln:wojIdTeryt><sln:wojNazwa>wielkopolskie</sln:wojNazwa></sln:miejscowosc><sln:miejscowosc><sln:cyklZyciaDo>2017-03-31T00:00:00+02:00</sln:cyklZyciaDo><sln:cyklZyciaOd>2016-01-28T00:00:00+01:00</sln:cyklZyciaOd><sln:gmIIPId>c82f0df6-fa79-4de9-97d1-d707ebeb4771</sln:gmIIPId><sln:gmIIPPn>PL.PZGIK.200</sln:gmIIPPn><sln:gmIIPWersja>2012-09-26T22:23:16+02:00</sln:gmIIPWersja><sln:gmIdTeryt>3024073</sln:gmIdTeryt><sln:gmNazwa>Szamotuły</sln:gmNazwa><sln:miejscIIPId>bcaf4e18-89c1-454b-8a3a-93e114a90f5a</sln:miejscIIPId><sln:miejscIIPPn>PL.PZGIK.200</sln:miejscIIPPn><sln:miejscIIPWersja>2016-11-24T14:10:16+02:00</sln:miejscIIPWersja><sln:miejscNazwa>Lipnica PGR</sln:miejscNazwa><sln:miejscRodzaj>Inny obiekt</sln:miejscRodzaj><sln:powIIPId>c387b2d6-0b22-41cf-91ef-dd6a24f0bb07</sln:powIIPId><sln:powIIPPn>PL.PZGIK.200</sln:powIIPPn><sln:powIIPWersja>2012-09-27T08:59:03+02:00</sln:powIIPWersja><sln:powIdTeryt>3024</sln:powIdTeryt><sln:powNazwa>szamotulski</sln:powNazwa><sln:waznyOd>2014-05-16T00:00:00+02:00</sln:waznyOd><sln:wojIIPId>c606b01a-76c8-480d-9470-f24ca0d7a613</sln:wojIIPId><sln:wojIIPPn>PL.PZGIK.200</sln:wojIIPPn><sln:wojIIPWersja>2016-05-05T18:20:48+02:00</sln:wojIIPWersja><sln:wojIdTeryt>30</sln:wojIdTeryt><sln:wojNazwa>wielkopolskie</sln:wojNazwa></sln:miejscowosc><sln:miejscowosc><sln:cyklZyciaDo>2017-03-31T00:00:00+02:00</sln:cyklZyciaDo><sln:cyklZyciaOd>2016-01-28T00:00:00+01:00</sln:cyklZyciaOd><sln:gmIIPId>c82f0df6-fa79-4de9-97d1-d707ebeb4771</sln:gmIIPId><sln:gmIIPPn>PL.PZGIK.200</sln:gmIIPPn><sln:gmIIPWersja>2012-09-26T22:23:16+02:00</sln:gmIIPWersja><sln:gmIdTeryt>3024073</sln:gmIdTeryt><sln:gmNazwa>Szamotuły</sln:gmNazwa><sln:miejscIIPId>c302592f-95de-47b6-b5b7-52693e930c44</sln:miejscIIPId><sln:miejscIIPPn>PL.PZGIK.200</sln:miejscIIPPn><sln:miejscIIPWersja>2016-11-24T11:27:17+02:00</sln:miejscIIPWersja><sln:miejscIdTeryt>0595909</sln:miejscIdTeryt><sln:miejscNazwa>Ludwikowo</sln:miejscNazwa><sln:miejscRodzaj>Osada</sln:miejscRodzaj><sln:powIIPId>c387b2d6-0b22-41cf-91ef-dd6a24f0bb07</sln:powIIPId><sln:powIIPPn>PL.PZGIK.200</sln:powIIPPn><sln:powIIPWersja>2012-09-27T08:59:03+02:00</sln:powIIPWersja><sln:powIdTeryt>3024</sln:powIdTeryt><sln:powNazwa>szamotulski</sln:powNazwa><sln:waznyOd>2014-05-16T00:00:00+02:00</sln:waznyOd><sln:wojIIPId>c606b01a-76c8-480d-9470-f24ca0d7a613</sln:wojIIPId><sln:wojIIPPn>PL.PZGIK.200</sln:wojIIPPn><sln:wojIIPWersja>2016-05-05T18:20:48+02:00</sln:wojIIPWersja><sln:wojIdTeryt>30</sln:wojIdTeryt><sln:wojNazwa>wielkopolskie</sln:wojNazwa></sln:miejscowosc><sln:miejscowosc><sln:cyklZyciaDo>2017-03-31T00:00:00+02:00</sln:cyklZyciaDo><sln:cyklZyciaOd>2016-01-28T00:00:00+01:00</sln:cyklZyciaOd><sln:gmIIPId>c82f0df6-fa79-4de9-97d1-d707ebeb4771</sln:gmIIPId><sln:gmIIPPn>PL.PZGIK.200</sln:gmIIPPn><sln:gmIIPWersja>2012-09-26T22:23:16+02:00</sln:gmIIPWersja><sln:gmIdTeryt>3024073</sln:gmIdTeryt><sln:gmNazwa>Szamotuły</sln:gmNazwa><sln:miejscIIPId>e81b712e-896e-4e53-85ee-089934b5c307</sln:miejscIIPId><sln:miejscIIPPn>PL.PZGIK.200</sln:miejscIIPPn><sln:miejscIIPWersja>2016-11-24T11:27:17+02:00</sln:miejscIIPWersja><sln:miejscIdTeryt>0595884</sln:miejscIdTeryt><sln:miejscNazwa>Lulinek</sln:miejscNazwa><sln:miejscRodzaj>Wieś</sln:miejscRodzaj><sln:powIIPId>c387b2d6-0b22-41cf-91ef-dd6a24f0bb07</sln:powIIPId><sln:powIIPPn>PL.PZGIK.200</sln:powIIPPn><sln:powIIPWersja>2012-09-27T08:59:03+02:00</sln:powIIPWersja><sln:powIdTeryt>3024</sln:powIdTeryt><sln:powNazwa>szamotulski</sln:powNazwa><sln:waznyOd>2010-11-17T00:00:00+01:00</sln:waznyOd><sln:wojIIPId>c606b01a-76c8-480d-9470-f24ca0d7a613</sln:wojIIPId><sln:wojIIPPn>PL.PZGIK.200</sln:wojIIPPn><sln:wojIIPWersja>2016-05-05T18:20:48+02:00</sln:wojIIPWersja><sln:wojIdTeryt>30</sln:wojIdTeryt><sln:wojNazwa>wielkopolskie</sln:wojNazwa></sln:miejscowosc><sln:miejscowosc><sln:cyklZyciaDo>2017-03-31T00:00:00+02:00</sln:cyklZyciaDo><sln:cyklZyciaOd>2016-01-28T00:00:00+01:00</sln:cyklZyciaOd><sln:gmIIPId>c82f0df6-fa79-4de9-97d1-d707ebeb4771</sln:gmIIPId><sln:gmIIPPn>PL.PZGIK.200</sln:gmIIPPn><sln:gmIIPWersja>2012-09-26T22:23:16+02:00</sln:gmIIPWersja><sln:gmIdTeryt>3024073</sln:gmIdTeryt><sln:gmNazwa>Szamotuły</sln:gmNazwa><sln:miejscIIPId>e7c04404-834f-40f1-991a-29b440d6fc7c</sln:miejscIIPId><sln:miejscIIPPn>PL.PZGIK.200</sln:miejscIIPPn><sln:miejscIIPWersja>2016-11-24T11:27:17+02:00</sln:miejscIIPWersja><sln:miejscIdTeryt>0595967</sln:miejscIdTeryt><sln:miejscNazwa>Mielno</sln:miejscNazwa><sln:miejscRodzaj>Osada leśna</sln:miejscRodzaj><sln:powIIPId>c387b2d6-0b22-41cf-91ef-dd6a24f0bb07</sln:powIIPId><sln:powIIPPn>PL.PZGIK.200</sln:powIIPPn><sln:powIIPWersja>2012-09-27T08:59:03+02:00</sln:powIIPWersja><sln:powIdTeryt>3024</sln:powIdTeryt><sln:powNazwa>szamotulski</sln:powNazwa><sln:waznyOd>2014-05-16T00:00:00+02:00</sln:waznyOd><sln:wojIIPId>c606b01a-76c8-480d-9470-f24ca0d7a613</sln:wojIIPId><sln:wojIIPPn>PL.PZGIK.200</sln:wojIIPPn><sln:wojIIPWersja>2016-05-05T18:20:48+02:00</sln:wojIIPWersja><sln:wojIdTeryt>30</sln:wojIdTeryt><sln:wojNazwa>wielkopolskie</sln:wojNazwa></sln:miejscowosc><sln:miejscowosc><sln:cyklZyciaDo>2017-03-31T00:00:00+02:00</sln:cyklZyciaDo><sln:cyklZyciaOd>2016-01-28T00:00:00+01:00</sln:cyklZyciaOd><sln:gmIIPId>c82f0df6-fa79-4de9-97d1-d707ebeb4771</sln:gmIIPId><sln:gmIIPPn>PL.PZGIK.200</sln:gmIIPPn><sln:gmIIPWersja>2012-09-26T22:23:16+02:00</sln:gmIIPWersja><sln:gmIdTeryt>3024073</sln:gmIdTeryt><sln:gmNazwa>Szamotuły</sln:gmNazwa><sln:miejscIIPId>be438ffb-26f8-4a60-9db4-b11b67dcae33</sln:miejscIIPId><sln:miejscIIPPn>PL.PZGIK.200</sln:miejscIIPPn><sln:miejscIIPWersja>2016-11-24T11:27:17+02:00</sln:miejscIIPWersja><sln:miejscIdTeryt>0595890</sln:miejscIdTeryt><sln:miejscNazwa>Mutowo</sln:miejscNazwa><sln:miejscRodzaj>Wieś</sln:miejscRodzaj><sln:powIIPId>c387b2d6-0b22-41cf-91ef-dd6a24f0bb07</sln:powIIPId><sln:powIIPPn>PL.PZGIK.200</sln:powIIPPn><sln:powIIPWersja>2012-09-27T08:59:03+02:00</sln:powIIPWersja><sln:powIdTeryt>3024</sln:powIdTeryt><sln:powNazwa>szamotulski</sln:powNazwa><sln:waznyOd>2010-11-17T00:00:00+01:00</sln:waznyOd><sln:wojIIPId>c606b01a-76c8-480d-9470-f24ca0d7a613</sln:wojIIPId><sln:wojIIPPn>PL.PZGIK.200</sln:wojIIPPn><sln:wojIIPWersja>2016-05-05T18:20:48+02:00</sln:wojIIPWersja><sln:wojIdTeryt>30</sln:wojIdTeryt><sln:wojNazwa>wielkopolskie</sln:wojNazwa></sln:miejscowosc><sln:miejscowosc><sln:cyklZyciaDo>2017-03-31T00:00:00+02:00</sln:cyklZyciaDo><sln:cyklZyciaOd>2016-01-28T00:00:00+01:00</sln:cyklZyciaOd><sln:gmIIPId>c82f0df6-fa79-4de9-97d1-d707ebeb4771</sln:gmIIPId><sln:gmIIPPn>PL.PZGIK.200</sln:gmIIPPn><sln:gmIIPWersja>2012-09-26T22:23:16+02:00</sln:gmIIPWersja><sln:gmIdTeryt>3024073</sln:gmIdTeryt><sln:gmNazwa>Szamotuły</sln:gmNazwa><sln:miejscIIPId>898cab4c-5c9d-48a4-ac9c-8172f6e0516d</sln:miejscIIPId><sln:miejscIIPPn>PL.PZGIK.200</sln:miejscIIPPn><sln:miejscIIPWersja>2016-11-24T11:27:17+02:00</sln:miejscIIPWersja><sln:miejscIdTeryt>0595915</sln:miejscIdTeryt><sln:miejscNazwa>Myszkowo</sln:miejscNazwa><sln:miejscRodzaj>Wieś</sln:miejscRodzaj><sln:powIIPId>c387b2d6-0b22-41cf-91ef-dd6a24f0bb07</sln:powIIPId><sln:powIIPPn>PL.PZGIK.200</sln:powIIPPn><sln:powIIPWersja>2012-09-27T08:59:03+02:00</sln:powIIPWersja><sln:powIdTeryt>3024</sln:powIdTeryt><sln:powNazwa>szamotulski</sln:powNazwa><sln:waznyOd>2010-11-17T00:00:00+01:00</sln:waznyOd><sln:wojIIPId>c606b01a-76c8-480d-9470-f24ca0d7a613</sln:wojIIPId><sln:wojIIPPn>PL.PZGIK.200</sln:wojIIPPn><sln:wojIIPWersja>2016-05-05T18:20:48+02:00</sln:wojIIPWersja><sln:wojIdTeryt>30</sln:wojIdTeryt><sln:wojNazwa>wielkopolskie</sln:wojNazwa></sln:miejscowosc><sln:miejscowosc><sln:cyklZyciaDo>2017-03-31T00:00:00+02:00</sln:cyklZyciaDo><sln:cyklZyciaOd>2016-01-28T00:00:00+01:00</sln:cyklZyciaOd><sln:gmIIPId>c82f0df6-fa79-4de9-97d1-d707ebeb4771</sln:gmIIPId><sln:gmIIPPn>PL.PZGIK.200</sln:gmIIPPn><sln:gmIIPWersja>2012-09-26T22:23:16+02:00</sln:gmIIPWersja><sln:gmIdTeryt>3024073</sln:gmIdTeryt><sln:gmNazwa>Szamotuły</sln:gmNazwa><sln:miejscIIPId>efe84a69-be7f-44fb-ae8c-4419c0358cd6</sln:miejscIIPId><sln:miejscIIPPn>PL.PZGIK.200</sln:miejscIIPPn><sln:miejscIIPWersja>2016-11-24T11:27:17+02:00</sln:miejscIIPWersja><sln:miejscIdTeryt>0595766</sln:miejscIdTeryt><sln:miejscNazwa>Nowy Folwark</sln:miejscNazwa><sln:miejscRodzaj>Kolonia</sln:miejscRodzaj><sln:powIIPId>c387b2d6-0b22-41cf-91ef-dd6a24f0bb07</sln:powIIPId><sln:powIIPPn>PL.PZGIK.200</sln:powIIPPn><sln:powIIPWersja>2012-09-27T08:59:03+02:00</sln:powIIPWersja><sln:powIdTeryt>3024</sln:powIdTeryt><sln:powNazwa>szamotulski</sln:powNazwa><sln:waznyOd>2014-05-16T00:00:00+02:00</sln:waznyOd><sln:wojIIPId>c606b01a-76c8-480d-9470-f24ca0d7a613</sln:wojIIPId><sln:wojIIPPn>PL.PZGIK.200</sln:wojIIPPn><sln:wojIIPWersja>2016-05-05T18:20:48+02:00</sln:wojIIPWersja><sln:wojIdTeryt>30</sln:wojIdTeryt><sln:wojNazwa>wielkopolskie</sln:wojNazwa></sln:miejscowosc><sln:miejscowosc><sln:cyklZyciaDo>2017-03-31T00:00:00+02:00</sln:cyklZyciaDo><sln:cyklZyciaOd>2016-01-28T00:00:00+01:00</sln:cyklZyciaOd><sln:gmIIPId>c82f0df6-fa79-4de9-97d1-d707ebeb4771</sln:gmIIPId><sln:gmIIPPn>PL.PZGIK.200</sln:gmIIPPn><sln:gmIIPWersja>2012-09-26T22:23:16+02:00</sln:gmIIPWersja><sln:gmIdTeryt>3024073</sln:gmIdTeryt><sln:gmNazwa>Szamotuły</sln:gmNazwa><sln:miejscIIPId>96aba90c-71ab-4b8f-86e1-340a7155bb5e</sln:miejscIIPId><sln:miejscIIPPn>PL.PZGIK.200</sln:miejscIIPPn><sln:miejscIIPWersja>2016-11-24T11:27:17+02:00</sln:miejscIIPWersja><sln:miejscIdTeryt>0595795</sln:miejscIdTeryt><sln:miejscNazwa>Ostrolesie</sln:miejscNazwa><sln:miejscRodzaj>Wieś</sln:miejscRodzaj><sln:powIIPId>c387b2d6-0b22-41cf-91ef-dd6a24f0bb07</sln:powIIPId><sln:powIIPPn>PL.PZGIK.200</sln:powIIPPn><sln:powIIPWersja>2012-09-27T08:59:03+02:00</sln:powIIPWersja><sln:powIdTeryt>3024</sln:powIdTeryt><sln:powNazwa>szamotulski</sln:powNazwa><sln:waznyOd>2014-05-16T00:00:00+02:00</sln:waznyOd><sln:wojIIPId>c606b01a-76c8-480d-9470-f24ca0d7a613</sln:wojIIPId><sln:wojIIPPn>PL.PZGIK.200</sln:wojIIPPn><sln:wojIIPWersja>2016-05-05T18:20:48+02:00</sln:wojIIPWersja><sln:wojIdTeryt>30</sln:wojIdTeryt><sln:wojNazwa>wielkopolskie</sln:wojNazwa></sln:miejscowosc><sln:miejscowosc><sln:cyklZyciaDo>2017-03-31T00:00:00+02:00</sln:cyklZyciaDo><sln:cyklZyciaOd>2016-01-28T00:00:00+01:00</sln:cyklZyciaOd><sln:gmIIPId>c82f0df6-fa79-4de9-97d1-d707ebeb4771</sln:gmIIPId><sln:gmIIPPn>PL.PZGIK.200</sln:gmIIPPn><sln:gmIIPWersja>2012-09-26T22:23:16+02:00</sln:gmIIPWersja><sln:gmIdTeryt>3024073</sln:gmIdTeryt><sln:gmNazwa>Szamotuły</sln:gmNazwa><sln:miejscIIPId>023c2d5e-0efc-484e-990e-96a3e6e7589c</sln:miejscIIPId><sln:miejscIIPPn>PL.PZGIK.200</sln:miejscIIPPn><sln:miejscIIPWersja>2016-11-24T11:27:17+02:00</sln:miejscIIPWersja><sln:miejscIdTeryt>0595921</sln:miejscIdTeryt><sln:miejscNazwa>Otorowo</sln:miejscNazwa><sln:miejscRodzaj>Wieś</sln:miejscRodzaj><sln:powIIPId>c387b2d6-0b22-41cf-91ef-dd6a24f0bb07</sln:powIIPId><sln:powIIPPn>PL.PZGIK.200</sln:powIIPPn><sln:powIIPWersja>2012-09-27T08:59:03+02:00</sln:powIIPWersja><sln:powIdTeryt>3024</sln:powIdTeryt><sln:powNazwa>szamotulski</sln:powNazwa><sln:waznyOd>2010-11-17T00:00:00+01:00</sln:waznyOd><sln:wojIIPId>c606b01a-76c8-480d-9470-f24ca0d7a613</sln:wojIIPId><sln:wojIIPPn>PL.PZGIK.200</sln:wojIIPPn><sln:wojIIPWersja>2016-05-05T18:20:48+02:00</sln:wojIIPWersja><sln:wojIdTeryt>30</sln:wojIdTeryt><sln:wojNazwa>wielkopolskie</sln:wojNazwa></sln:miejscowosc><sln:miejscowosc><sln:cyklZyciaDo>2017-03-31T00:00:00+02:00</sln:cyklZyciaDo><sln:cyklZyciaOd>2016-01-28T00:00:00+01:00</sln:cyklZyciaOd><sln:gmIIPId>c82f0df6-fa79-4de9-97d1-d707ebeb4771</sln:gmIIPId><sln:gmIIPPn>PL.PZGIK.200</sln:gmIIPPn><sln:gmIIPWersja>2012-09-26T22:23:16+02:00</sln:gmIIPWersja><sln:gmIdTeryt>3024073</sln:gmIdTeryt><sln:gmNazwa>Szamotuły</sln:gmNazwa><sln:miejscIIPId>6b8c8dd7-ab19-41ba-bbc2-b9d537163983</sln:miejscIIPId><sln:miejscIIPPn>PL.PZGIK.200</sln:miejscIIPPn><sln:miejscIIPWersja>2016-11-24T11:27:17+02:00</sln:miejscIIPWersja><sln:miejscIdTeryt>0595973</sln:miejscIdTeryt><sln:miejscNazwa>Pamiątkowo</sln:miejscNazwa><sln:miejscRodzaj>Wieś</sln:miejscRodzaj><sln:powIIPId>c387b2d6-0b22-41cf-91ef-dd6a24f0bb07</sln:powIIPId><sln:powIIPPn>PL.PZGIK.200</sln:powIIPPn><sln:powIIPWersja>2012-09-27T08:59:03+02:00</sln:powIIPWersja><sln:powIdTeryt>3024</sln:powIdTeryt><sln:powNazwa>szamotulski</sln:powNazwa><sln:waznyOd>2010-11-17T00:00:00+01:00</sln:waznyOd><sln:wojIIPId>c606b01a-76c8-480d-9470-f24ca0d7a613</sln:wojIIPId><sln:wojIIPPn>PL.PZGIK.200</sln:wojIIPPn><sln:wojIIPWersja>2016-05-05T18:20:48+02:00</sln:wojIIPWersja><sln:wojIdTeryt>30</sln:wojIdTeryt><sln:wojNazwa>wielkopolskie</sln:wojNazwa></sln:miejscowosc><sln:miejscowosc><sln:cyklZyciaDo>2017-03-31T00:00:00+02:00</sln:cyklZyciaDo><sln:cyklZyciaOd>2016-01-28T00:00:00+01:00</sln:cyklZyciaOd><sln:gmIIPId>c82f0df6-fa79-4de9-97d1-d707ebeb4771</sln:gmIIPId><sln:gmIIPPn>PL.PZGIK.200</sln:gmIIPPn><sln:gmIIPWersja>2012-09-26T22:23:16+02:00</sln:gmIIPWersja><sln:gmIdTeryt>3024073</sln:gmIdTeryt><sln:gmNazwa>Szamotuły</sln:gmNazwa><sln:miejscIIPId>35f5377b-cfaf-4fb3-951a-ecd58f92de82</sln:miejscIIPId><sln:miejscIIPPn>PL.PZGIK.200</sln:miejscIIPPn><sln:miejscIIPWersja>2016-11-24T11:27:17+02:00</sln:miejscIIPWersja><sln:miejscIdTeryt>0596010</sln:miejscIdTeryt><sln:miejscNazwa>Piaskowo</sln:miejscNazwa><sln:miejscRodzaj>Wieś</sln:miejscRodzaj><sln:powIIPId>c387b2d6-0b22-41cf-91ef-dd6a24f0bb07</sln:powIIPId><sln:powIIPPn>PL.PZGIK.200</sln:powIIPPn><sln:powIIPWersja>2012-09-27T08:59:03+02:00</sln:powIIPWersja><sln:powIdTeryt>3024</sln:powIdTeryt><sln:powNazwa>szamotulski</sln:powNazwa><sln:waznyOd>2010-11-17T00:00:00+01:00</sln:waznyOd><sln:wojIIPId>c606b01a-76c8-480d-9470-f24ca0d7a613</sln:wojIIPId><sln:wojIIPPn>PL.PZGIK.200</sln:wojIIPPn><sln:wojIIPWersja>2016-05-05T18:20:48+02:00</sln:wojIIPWersja><sln:wojIdTeryt>30</sln:wojIdTeryt><sln:wojNazwa>wielkopolskie</sln:wojNazwa></sln:miejscowosc><sln:miejscowosc><sln:cyklZyciaDo>2017-03-31T00:00:00+02:00</sln:cyklZyciaDo><sln:cyklZyciaOd>2016-01-28T00:00:00+01:00</sln:cyklZyciaOd><sln:gmIIPId>c82f0df6-fa79-4de9-97d1-d707ebeb4771</sln:gmIIPId><sln:gmIIPPn>PL.PZGIK.200</sln:gmIIPPn><sln:gmIIPWersja>2012-09-26T22:23:16+02:00</sln:gmIIPWersja><sln:gmIdTeryt>3024073</sln:gmIdTeryt><sln:gmNazwa>Szamotuły</sln:gmNazwa><sln:miejscIIPId>49169c65-12c3-40c0-91be-032aa7a91eaf</sln:miejscIIPId><sln:miejscIIPPn>PL.PZGIK.200</sln:miejscIIPPn><sln:miejscIIPWersja>2016-11-24T11:27:17+02:00</sln:miejscIIPWersja><sln:miejscIdTeryt>0596027</sln:miejscIdTeryt><sln:miejscNazwa>Piotrkówko</sln:miejscNazwa><sln:miejscRodzaj>Wieś</sln:miejscRodzaj><sln:powIIPId>c387b2d6-0b22-41cf-91ef-dd6a24f0bb07</sln:powIIPId><sln:powIIPPn>PL.PZGIK.200</sln:powIIPPn><sln:powIIPWersja>2012-09-27T08:59:03+02:00</sln:powIIPWersja><sln:powIdTeryt>3024</sln:powIdTeryt><sln:powNazwa>szamotulski</sln:powNazwa><sln:waznyOd>2010-11-17T00:00:00+01:00</sln:waznyOd><sln:wojIIPId>c606b01a-76c8-480d-9470-f24ca0d7a613</sln:wojIIPId><sln:wojIIPPn>PL.PZGIK.200</sln:wojIIPPn><sln:wojIIPWersja>2016-05-05T18:20:48+02:00</sln:wojIIPWersja><sln:wojIdTeryt>30</sln:wojIdTeryt><sln:wojNazwa>wielkopolskie</sln:wojNazwa></sln:miejscowosc><sln:miejscowosc><sln:cyklZyciaDo>2017-03-31T00:00:00+02:00</sln:cyklZyciaDo><sln:cyklZyciaOd>2016-01-28T00:00:00+01:00</sln:cyklZyciaOd><sln:gmIIPId>c82f0df6-fa79-4de9-97d1-d707ebeb4771</sln:gmIIPId><sln:gmIIPPn>PL.PZGIK.200</sln:gmIIPPn><sln:gmIIPWersja>2012-09-26T22:23:16+02:00</sln:gmIIPWersja><sln:gmIdTeryt>3024073</sln:gmIdTeryt><sln:gmNazwa>Szamotuły</sln:gmNazwa><sln:miejscIIPId>a4e812dd-d557-43d8-8d48-69c05d167832</sln:miejscIIPId><sln:miejscIIPPn>PL.PZGIK.200</sln:miejscIIPPn><sln:miejscIIPWersja>2016-11-24T11:27:17+02:00</sln:miejscIIPWersja><sln:miejscIdTeryt>0595944</sln:miejscIdTeryt><sln:miejscNazwa>Poświętne</sln:miejscNazwa><sln:miejscRodzaj>Inny obiekt</sln:miejscRodzaj><sln:powIIPId>c387b2d6-0b22-41cf-91ef-dd6a24f0bb07</sln:powIIPId><sln:powIIPPn>PL.PZGIK.200</sln:powIIPPn><sln:powIIPWersja>2012-09-27T08:59:03+02:00</sln:powIIPWersja><sln:powIdTeryt>3024</sln:powIdTeryt><sln:powNazwa>szamotulski</sln:powNazwa><sln:waznyOd>2014-05-16T00:00:00+02:00</sln:waznyOd><sln:wojIIPId>c606b01a-76c8-480d-9470-f24ca0d7a613</sln:wojIIPId><sln:wojIIPPn>PL.PZGIK.200</sln:wojIIPPn><sln:wojIIPWersja>2016-05-05T18:20:48+02:00</sln:wojIIPWersja><sln:wojIdTeryt>30</sln:wojIdTeryt><sln:wojNazwa>wielkopolskie</sln:wojNazwa></sln:miejscowosc><sln:miejscowosc><sln:cyklZyciaDo>2017-03-31T00:00:00+02:00</sln:cyklZyciaDo><sln:cyklZyciaOd>2016-01-28T00:00:00+01:00</sln:cyklZyciaOd><sln:gmIIPId>c82f0df6-fa79-4de9-97d1-d707ebeb4771</sln:gmIIPId><sln:gmIIPPn>PL.PZGIK.200</sln:gmIIPPn><sln:gmIIPWersja>2012-09-26T22:23:16+02:00</sln:gmIIPWersja><sln:gmIdTeryt>3024073</sln:gmIdTeryt><sln:gmNazwa>Szamotuły</sln:gmNazwa><sln:miejscIIPId>6fc759f9-e8e9-4981-9710-8f3bf2591d74</sln:miejscIIPId><sln:miejscIIPPn>PL.PZGIK.200</sln:miejscIIPPn><sln:miejscIIPWersja>2016-11-24T11:27:17+02:00</sln:miejscIIPWersja><sln:miejscIdTeryt>0596033</sln:miejscIdTeryt><sln:miejscNazwa>Przecław</sln:miejscNazwa><sln:miejscRodzaj>Wieś</sln:miejscRodzaj><sln:powIIPId>c387b2d6-0b22-41cf-91ef-dd6a24f0bb07</sln:powIIPId><sln:powIIPPn>PL.PZGIK.200</sln:powIIPPn><sln:powIIPWersja>2012-09-27T08:59:03+02:00</sln:powIIPWersja><sln:powIdTeryt>3024</sln:powIdTeryt><sln:powNazwa>szamotulski</sln:powNazwa><sln:waznyOd>2010-11-17T00:00:00+01:00</sln:waznyOd><sln:wojIIPId>c606b01a-76c8-480d-9470-f24ca0d7a613</sln:wojIIPId><sln:wojIIPPn>PL.PZGIK.200</sln:wojIIPPn><sln:wojIIPWersja>2016-05-05T18:20:48+02:00</sln:wojIIPWersja><sln:wojIdTeryt>30</sln:wojIdTeryt><sln:wojNazwa>wielkopolskie</sln:wojNazwa></sln:miejscowosc><sln:miejscowosc><sln:cyklZyciaDo>2017-03-31T00:00:00+02:00</sln:cyklZyciaDo><sln:cyklZyciaOd>2016-01-28T00:00:00+01:00</sln:cyklZyciaOd><sln:gmIIPId>c82f0df6-fa79-4de9-97d1-d707ebeb4771</sln:gmIIPId><sln:gmIIPPn>PL.PZGIK.200</sln:gmIIPPn><sln:gmIIPWersja>2012-09-26T22:23:16+02:00</sln:gmIIPWersja><sln:gmIdTeryt>3024073</sln:gmIdTeryt><sln:gmNazwa>Szamotuły</sln:gmNazwa><sln:miejscIIPId>732b6a67-dd22-405c-b305-1a487e090816</sln:miejscIIPId><sln:miejscIIPPn>PL.PZGIK.200</sln:miejscIIPPn><sln:miejscIIPWersja>2016-11-24T11:27:17+02:00</sln:miejscIIPWersja><sln:miejscIdTeryt>0595980</sln:miejscIdTeryt><sln:miejscNazwa>Przecławek</sln:miejscNazwa><sln:miejscRodzaj>Osada</sln:miejscRodzaj><sln:powIIPId>c387b2d6-0b22-41cf-91ef-dd6a24f0bb07</sln:powIIPId><sln:powIIPPn>PL.PZGIK.200</sln:powIIPPn><sln:powIIPWersja>2012-09-27T08:59:03+02:00</sln:powIIPWersja><sln:powIdTeryt>3024</sln:powIdTeryt><sln:powNazwa>szamotulski</sln:powNazwa><sln:waznyOd>2014-05-16T00:00:00+02:00</sln:waznyOd><sln:wojIIPId>c606b01a-76c8-480d-9470-f24ca0d7a613</sln:wojIIPId><sln:wojIIPPn>PL.PZGIK.200</sln:wojIIPPn><sln:wojIIPWersja>2016-05-05T18:20:48+02:00</sln:wojIIPWersja><sln:wojIdTeryt>30</sln:wojIdTeryt><sln:wojNazwa>wielkopolskie</sln:wojNazwa></sln:miejscowosc><sln:miejscowosc><sln:cyklZyciaDo>2017-03-31T00:00:00+02:00</sln:cyklZyciaDo><sln:cyklZyciaOd>2016-01-28T00:00:00+01:00</sln:cyklZyciaOd><sln:gmIIPId>c82f0df6-fa79-4de9-97d1-d707ebeb4771</sln:gmIIPId><sln:gmIIPPn>PL.PZGIK.200</sln:gmIIPPn><sln:gmIIPWersja>2012-09-26T22:23:16+02:00</sln:gmIIPWersja><sln:gmIdTeryt>3024073</sln:gmIdTeryt><sln:gmNazwa>Szamotuły</sln:gmNazwa><sln:miejscIIPId>0bab34ea-9320-435f-99b3-7d24a3facdd8</sln:miejscIIPId><sln:miejscIIPPn>PL.PZGIK.200</sln:miejscIIPPn><sln:miejscIIPWersja>2016-11-24T11:27:17+02:00</sln:miejscIIPWersja><sln:miejscIdTeryt>0596040</sln:miejscIdTeryt><sln:miejscNazwa>Przyborowo</sln:miejscNazwa><sln:miejscRodzaj>Wieś</sln:miejscRodzaj><sln:powIIPId>c387b2d6-0b22-41cf-91ef-dd6a24f0bb07</sln:powIIPId><sln:powIIPPn>PL.PZGIK.200</sln:powIIPPn><sln:powIIPWersja>2012-09-27T08:59:03+02:00</sln:powIIPWersja><sln:powIdTeryt>3024</sln:powIdTeryt><sln:powNazwa>szamotulski</sln:powNazwa><sln:waznyOd>2010-11-17T00:00:00+01:00</sln:waznyOd><sln:wojIIPId>c606b01a-76c8-480d-9470-f24ca0d7a613</sln:wojIIPId><sln:wojIIPPn>PL.PZGIK.200</sln:wojIIPPn><sln:wojIIPWersja>2016-05-05T18:20:48+02:00</sln:wojIIPWersja><sln:wojIdTeryt>30</sln:wojIdTeryt><sln:wojNazwa>wielkopolskie</sln:wojNazwa></sln:miejscowosc><sln:miejscowosc><sln:cyklZyciaDo>2017-03-31T00:00:00+02:00</sln:cyklZyciaDo><sln:cyklZyciaOd>2016-01-28T00:00:00+01:00</sln:cyklZyciaOd><sln:gmIIPId>c82f0df6-fa79-4de9-97d1-d707ebeb4771</sln:gmIIPId><sln:gmIIPPn>PL.PZGIK.200</sln:gmIIPPn><sln:gmIIPWersja>2012-09-26T22:23:16+02:00</sln:gmIIPWersja><sln:gmIdTeryt>3024073</sln:gmIdTeryt><sln:gmNazwa>Szamotuły</sln:gmNazwa><sln:miejscIIPId>c8035a67-df09-4cc1-886b-1dfe0b0edc8a</sln:miejscIIPId><sln:miejscIIPPn>PL.PZGIK.200</sln:miejscIIPPn><sln:miejscIIPWersja>2016-11-24T11:27:17+02:00</sln:miejscIIPWersja><sln:miejscIdTeryt>0596056</sln:miejscIdTeryt><sln:miejscNazwa>Przyborówko</sln:miejscNazwa><sln:miejscRodzaj>Wieś</sln:miejscRodzaj><sln:powIIPId>c387b2d6-0b22-41cf-91ef-dd6a24f0bb07</sln:powIIPId><sln:powIIPPn>PL.PZGIK.200</sln:powIIPPn><sln:powIIPWersja>2012-09-27T08:59:03+02:00</sln:powIIPWersja><sln:powIdTeryt>3024</sln:powIdTeryt><sln:powNazwa>szamotulski</sln:powNazwa><sln:waznyOd>2010-11-17T00:00:00+01:00</sln:waznyOd><sln:wojIIPId>c606b01a-76c8-480d-9470-f24ca0d7a613</sln:wojIIPId><sln:wojIIPPn>PL.PZGIK.200</sln:wojIIPPn><sln:wojIIPWersja>2016-05-05T18:20:48+02:00</sln:wojIIPWersja><sln:wojIdTeryt>30</sln:wojIdTeryt><sln:wojNazwa>wielkopolskie</sln:wojNazwa></sln:miejscowosc><sln:miejscowosc><sln:cyklZyciaDo>2017-03-31T00:00:00+02:00</sln:cyklZyciaDo><sln:cyklZyciaOd>2016-01-28T00:00:00+01:00</sln:cyklZyciaOd><sln:gmIIPId>c82f0df6-fa79-4de9-97d1-d707ebeb4771</sln:gmIIPId><sln:gmIIPPn>PL.PZGIK.200</sln:gmIIPPn><sln:gmIIPWersja>2012-09-26T22:23:16+02:00</sln:gmIIPWersja><sln:gmIdTeryt>3024073</sln:gmIdTeryt><sln:gmNazwa>Szamotuły</sln:gmNazwa><sln:miejscIIPId>f6f408f7-c7f6-4e28-b9ab-56b49e32cc04</sln:miejscIIPId><sln:miejscIIPPn>PL.PZGIK.200</sln:miejscIIPPn><sln:miejscIIPWersja>2016-11-24T11:27:17+02:00</sln:miejscIIPWersja><sln:miejscIdTeryt>0595996</sln:miejscIdTeryt><sln:miejscNazwa>Rudnik</sln:miejscNazwa><sln:miejscRodzaj>Kolonia</sln:miejscRodzaj><sln:powIIPId>c387b2d6-0b22-41cf-91ef-dd6a24f0bb07</sln:powIIPId><sln:powIIPPn>PL.PZGIK.200</sln:powIIPPn><sln:powIIPWersja>2012-09-27T08:59:03+02:00</sln:powIIPWersja><sln:powIdTeryt>3024</sln:powIdTeryt><sln:powNazwa>szamotulski</sln:powNazwa><sln:waznyOd>2014-05-16T00:00:00+02:00</sln:waznyOd><sln:wojIIPId>c606b01a-76c8-480d-9470-f24ca0d7a613</sln:wojIIPId><sln:wojIIPPn>PL.PZGIK.200</sln:wojIIPPn><sln:wojIIPWersja>2016-05-05T18:20:48+02:00</sln:wojIIPWersja><sln:wojIdTeryt>30</sln:wojIdTeryt><sln:wojNazwa>wielkopolskie</sln:wojNazwa></sln:miejscowosc><sln:miejscowosc><sln:cyklZyciaDo>2017-03-31T00:00:00+02:00</sln:cyklZyciaDo><sln:cyklZyciaOd>2016-01-28T00:00:00+01:00</sln:cyklZyciaOd><sln:gmIIPId>c82f0df6-fa79-4de9-97d1-d707ebeb4771</sln:gmIIPId><sln:gmIIPPn>PL.PZGIK.200</sln:gmIIPPn><sln:gmIIPWersja>2012-09-26T22:23:16+02:00</sln:gmIIPWersja><sln:gmIdTeryt>3024073</sln:gmIdTeryt><sln:gmNazwa>Szamotuły</sln:gmNazwa><sln:miejscIIPId>8d26ae08-56b7-47ad-ac5e-a4e90c40635c</sln:miejscIIPId><sln:miejscIIPPn>PL.PZGIK.200</sln:miejscIIPPn><sln:miejscIIPWersja>2016-11-24T13:17:47+02:00</sln:miejscIIPWersja><sln:miejscIdTeryt>0971531</sln:miejscIdTeryt><sln:miejscNazwa>Szamotuły</sln:miejscNazwa><sln:miejscRodzaj>Miasto</sln:miejscRodzaj><sln:powIIPId>c387b2d6-0b22-41cf-91ef-dd6a24f0bb07</sln:powIIPId><sln:powIIPPn>PL.PZGIK.200</sln:powIIPPn><sln:powIIPWersja>2012-09-27T08:59:03+02:00</sln:powIIPWersja><sln:powIdTeryt>3024</sln:powIdTeryt><sln:powNazwa>szamotulski</sln:powNazwa><sln:waznyOd>2010-11-17T00:00:00+01:00</sln:waznyOd><sln:wojIIPId>c606b01a-76c8-480d-9470-f24ca0d7a613</sln:wojIIPId><sln:wojIIPPn>PL.PZGIK.200</sln:wojIIPPn><sln:wojIIPWersja>2016-05-05T18:20:48+02:00</sln:wojIIPWersja><sln:wojIdTeryt>30</sln:wojIdTeryt><sln:wojNazwa>wielkopolskie</sln:wojNazwa></sln:miejscowosc><sln:miejscowosc><sln:cyklZyciaDo>2017-03-31T00:00:00+02:00</sln:cyklZyciaDo><sln:cyklZyciaOd>2016-01-28T00:00:00+01:00</sln:cyklZyciaOd><sln:gmIIPId>c82f0df6-fa79-4de9-97d1-d707ebeb4771</sln:gmIIPId><sln:gmIIPPn>PL.PZGIK.200</sln:gmIIPPn><sln:gmIIPWersja>2012-09-26T22:23:16+02:00</sln:gmIIPWersja><sln:gmIdTeryt>3024073</sln:gmIdTeryt><sln:gmNazwa>Szamotuły</sln:gmNazwa><sln:miejscIIPId>32e454c1-7cd6-4763-8ee5-f826932e79cd</sln:miejscIIPId><sln:miejscIIPPn>PL.PZGIK.200</sln:miejscIIPPn><sln:miejscIIPWersja>2016-11-24T11:27:17+02:00</sln:miejscIIPWersja><sln:miejscIdTeryt>0596062</sln:miejscIdTeryt><sln:miejscNazwa>Szczuczyn</sln:miejscNazwa><sln:miejscRodzaj>Wieś</sln:miejscRodzaj><sln:powIIPId>c387b2d6-0b22-41cf-91ef-dd6a24f0bb07</sln:powIIPId><sln:powIIPPn>PL.PZGIK.200</sln:powIIPPn><sln:powIIPWersja>2012-09-27T08:59:03+02:00</sln:powIIPWersja><sln:powIdTeryt>3024</sln:powIdTeryt><sln:powNazwa>szamotulski</sln:powNazwa><sln:waznyOd>2010-11-17T00:00:00+01:00</sln:waznyOd><sln:wojIIPId>c606b01a-76c8-480d-9470-f24ca0d7a613</sln:wojIIPId><sln:wojIIPPn>PL.PZGIK.200</sln:wojIIPPn><sln:wojIIPWersja>2016-05-05T18:20:48+02:00</sln:wojIIPWersja><sln:wojIdTeryt>30</sln:wojIdTeryt><sln:wojNazwa>wielkopolskie</sln:wojNazwa></sln:miejscowosc><sln:miejscowosc><sln:cyklZyciaDo>2017-03-31T00:00:00+02:00</sln:cyklZyciaDo><sln:cyklZyciaOd>2016-01-28T00:00:00+01:00</sln:cyklZyciaOd><sln:gmIIPId>c82f0df6-fa79-4de9-97d1-d707ebeb4771</sln:gmIIPId><sln:gmIIPPn>PL.PZGIK.200</sln:gmIIPPn><sln:gmIIPWersja>2012-09-26T22:23:16+02:00</sln:gmIIPWersja><sln:gmIdTeryt>3024073</sln:gmIdTeryt><sln:gmNazwa>Szamotuły</sln:gmNazwa><sln:miejscIIPId>9d319010-f6d3-4e10-9e5f-08ccd3be19f8</sln:miejscIIPId><sln:miejscIIPPn>PL.PZGIK.200</sln:miejscIIPPn><sln:miejscIIPWersja>2016-11-24T11:27:17+02:00</sln:miejscIIPWersja><sln:miejscIdTeryt>0596091</sln:miejscIdTeryt><sln:miejscNazwa>Śmiłowo</sln:miejscNazwa><sln:miejscRodzaj>Wieś</sln:miejscRodzaj><sln:powIIPId>c387b2d6-0b22-41cf-91ef-dd6a24f0bb07</sln:powIIPId><sln:powIIPPn>PL.PZGIK.200</sln:powIIPPn><sln:powIIPWersja>2012-09-27T08:59:03+02:00</sln:powIIPWersja><sln:powIdTeryt>3024</sln:powIdTeryt><sln:powNazwa>szamotulski</sln:powNazwa><sln:waznyOd>2010-11-17T00:00:00+01:00</sln:waznyOd><sln:wojIIPId>c606b01a-76c8-480d-9470-f24ca0d7a613</sln:wojIIPId><sln:wojIIPPn>PL.PZGIK.200</sln:wojIIPPn><sln:wojIIPWersja>2016-05-05T18:20:48+02:00</sln:wojIIPWersja><sln:wojIdTeryt>30</sln:wojIdTeryt><sln:wojNazwa>wielkopolskie</sln:wojNazwa></sln:miejscowosc><sln:miejscowosc><sln:cyklZyciaDo>2017-03-31T00:00:00+02:00</sln:cyklZyciaDo><sln:cyklZyciaOd>2016-01-28T00:00:00+01:00</sln:cyklZyciaOd><sln:gmIIPId>c82f0df6-fa79-4de9-97d1-d707ebeb4771</sln:gmIIPId><sln:gmIIPPn>PL.PZGIK.200</sln:gmIIPPn><sln:gmIIPWersja>2012-09-26T22:23:16+02:00</sln:gmIIPWersja><sln:gmIdTeryt>3024073</sln:gmIdTeryt><sln:gmNazwa>Szamotuły</sln:gmNazwa><sln:miejscIIPId>63fbfdae-ef3a-43ab-b2de-b3b4ee487826</sln:miejscIIPId><sln:miejscIIPPn>PL.PZGIK.200</sln:miejscIIPPn><sln:miejscIIPWersja>2016-11-24T11:27:17+02:00</sln:miejscIIPWersja><sln:miejscIdTeryt>0596085</sln:miejscIdTeryt><sln:miejscNazwa>Twardowo</sln:miejscNazwa><sln:miejscRodzaj>Wieś</sln:miejscRodzaj><sln:powIIPId>c387b2d6-0b22-41cf-91ef-dd6a24f0bb07</sln:powIIPId><sln:powIIPPn>PL.PZGIK.200</sln:powIIPPn><sln:powIIPWersja>2012-09-27T08:59:03+02:00</sln:powIIPWersja><sln:powIdTeryt>3024</sln:powIdTeryt><sln:powNazwa>szamotulski</sln:powNazwa><sln:waznyOd>2014-05-16T00:00:00+02:00</sln:waznyOd><sln:wojIIPId>c606b01a-76c8-480d-9470-f24ca0d7a613</sln:wojIIPId><sln:wojIIPPn>PL.PZGIK.200</sln:wojIIPPn><sln:wojIIPWersja>2016-05-05T18:20:48+02:00</sln:wojIIPWersja><sln:wojIdTeryt>30</sln:wojIdTeryt><sln:wojNazwa>wielkopolskie</sln:wojNazwa></sln:miejscowosc><sln:miejscowosc><sln:cyklZyciaDo>2017-03-31T00:00:00+02:00</sln:cyklZyciaDo><sln:cyklZyciaOd>2016-01-28T00:00:00+01:00</sln:cyklZyciaOd><sln:gmIIPId>c82f0df6-fa79-4de9-97d1-d707ebeb4771</sln:gmIIPId><sln:gmIIPPn>PL.PZGIK.200</sln:gmIIPPn><sln:gmIIPWersja>2012-09-26T22:23:16+02:00</sln:gmIIPWersja><sln:gmIdTeryt>3024073</sln:gmIdTeryt><sln:gmNazwa>Szamotuły</sln:gmNazwa><sln:miejscIIPId>ce1a3235-fa74-4289-be8f-435af88fbdf4</sln:miejscIIPId><sln:miejscIIPPn>PL.PZGIK.200</sln:miejscIIPPn><sln:miejscIIPWersja>2016-11-24T11:27:17+02:00</sln:miejscIIPWersja><sln:miejscIdTeryt>0596100</sln:miejscIdTeryt><sln:miejscNazwa>Witoldzin</sln:miejscNazwa><sln:miejscRodzaj>Wieś</sln:miejscRodzaj><sln:powIIPId>c387b2d6-0b22-41cf-91ef-dd6a24f0bb07</sln:powIIPId><sln:powIIPPn>PL.PZGIK.200</sln:powIIPPn><sln:powIIPWersja>2012-09-27T08:59:03+02:00</sln:powIIPWersja><sln:powIdTeryt>3024</sln:powIdTeryt><sln:powNazwa>szamotulski</sln:powNazwa><sln:waznyOd>2014-05-16T00:00:00+02:00</sln:waznyOd><sln:wojIIPId>c606b01a-76c8-480d-9470-f24ca0d7a613</sln:wojIIPId><sln:wojIIPPn>PL.PZGIK.200</sln:wojIIPPn><sln:wojIIPWersja>2016-05-05T18:20:48+02:00</sln:wojIIPWersja><sln:wojIdTeryt>30</sln:wojIdTeryt><sln:wojNazwa>wielkopolskie</sln:wojNazwa></sln:miejscowosc><sln:miejscowosc><sln:cyklZyciaDo>2017-03-31T00:00:00+02:00</sln:cyklZyciaDo><sln:cyklZyciaOd>2016-01-28T00:00:00+01:00</sln:cyklZyciaOd><sln:gmIIPId>c82f0df6-fa79-4de9-97d1-d707ebeb4771</sln:gmIIPId><sln:gmIIPPn>PL.PZGIK.200</sln:gmIIPPn><sln:gmIIPWersja>2012-09-26T22:23:16+02:00</sln:gmIIPWersja><sln:gmIdTeryt>3024073</sln:gmIdTeryt><sln:gmNazwa>Szamotuły</sln:gmNazwa><sln:miejscIIPId>4ccbf7d0-cc70-4edd-bc9d-f0f8fe4eaf65</sln:miejscIIPId><sln:miejscIIPPn>PL.PZGIK.200</sln:miejscIIPPn><sln:miejscIIPWersja>2016-11-24T11:27:17+02:00</sln:miejscIIPWersja><sln:miejscIdTeryt>0596004</sln:miejscIdTeryt><sln:miejscNazwa>Żalewo</sln:miejscNazwa><sln:miejscRodzaj>Osada</sln:miejscRodzaj><sln:powIIPId>c387b2d6-0b22-41cf-91ef-dd6a24f0bb07</sln:powIIPId><sln:powIIPPn>PL.PZGIK.200</sln:powIIPPn><sln:powIIPWersja>2012-09-27T08:59:03+02:00</sln:powIIPWersja><sln:powIdTeryt>3024</sln:powIdTeryt><sln:powNazwa>szamotulski</sln:powNazwa><sln:waznyOd>2014-05-16T00:00:00+02:00</sln:waznyOd><sln:wojIIPId>c606b01a-76c8-480d-9470-f24ca0d7a613</sln:wojIIPId><sln:wojIIPPn>PL.PZGIK.200</sln:wojIIPPn><sln:wojIIPWersja>2016-05-05T18:20:48+02:00</sln:wojIIPWersja><sln:wojIdTeryt>30</sln:wojIdTeryt><sln:wojNazwa>wielkopolskie</sln:wojNazwa></sln:miejscowosc><sln:miejscowosc><sln:cyklZyciaOd>2017-03-31T00:00:00+02:00</sln:cyklZyciaOd><sln:gmIIPId>c82f0df6-fa79-4de9-97d1-d707ebeb4771</sln:gmIIPId><sln:gmIIPPn>PL.PZGIK.200</sln:gmIIPPn><sln:gmIIPWersja>2012-09-26T22:23:16+02:00</sln:gmIIPWersja><sln:gmIdTeryt>3024073</sln:gmIdTeryt><sln:gmNazwa>Szamotuły</sln:gmNazwa><sln:miejscIIPId>2cd22ca2-ac0a-4661-a853-352521c8ba2e</sln:miejscIIPId><sln:miejscIIPPn>PL.PZGIK.200</sln:miejscIIPPn><sln:miejscIIPWersja>2017-03-31T11:08:19+02:00</sln:miejscIIPWersja><sln:miejscIdTeryt>0595690</sln:miejscIdTeryt><sln:miejscNazwa>Baborowo</sln:miejscNazwa><sln:miejscRodzaj>Wieś</sln:miejscRodzaj><sln:powIIPId>c387b2d6-0b22-41cf-91ef-dd6a24f0bb07</sln:powIIPId><sln:powIIPPn>PL.PZGIK.200</sln:powIIPPn><sln:powIIPWersja>2012-09-27T08:59:03+02:00</sln:powIIPWersja><sln:powIdTeryt>3024</sln:powIdTeryt><sln:powNazwa>szamotulski</sln:powNazwa><sln:waznyOd>2014-05-16T00:00:00+02:00</sln:waznyOd><sln:wojIIPId>c606b01a-76c8-480d-9470-f24ca0d7a613</sln:wojIIPId><sln:wojIIPPn>PL.PZGIK.200</sln:wojIIPPn><sln:wojIIPWersja>2016-05-05T18:20:48+02:00</sln:wojIIPWersja><sln:wojIdTeryt>30</sln:wojIdTeryt><sln:wojNazwa>wielkopolskie</sln:wojNazwa></sln:miejscowosc><sln:miejscowosc><sln:cyklZyciaOd>2017-03-31T00:00:00+02:00</sln:cyklZyciaOd><sln:gmIIPId>c82f0df6-fa79-4de9-97d1-d707ebeb4771</sln:gmIIPId><sln:gmIIPPn>PL.PZGIK.200</sln:gmIIPPn><sln:gmIIPWersja>2012-09-26T22:23:16+02:00</sln:gmIIPWersja><sln:gmIdTeryt>3024073</sln:gmIdTeryt><sln:gmNazwa>Szamotuły</sln:gmNazwa><sln:miejscIIPId>3e683fd2-cb86-4996-af54-7ab98e715622</sln:miejscIIPId><sln:miejscIIPPn>PL.PZGIK.200</sln:miejscIIPPn><sln:miejscIIPWersja>2017-03-31T11:08:25+02:00</sln:miejscIIPWersja><sln:miejscIdTeryt>0595708</sln:miejscIdTeryt><sln:miejscNazwa>Baborówko</sln:miejscNazwa><sln:miejscRodzaj>Wieś</sln:miejscRodzaj><sln:powIIPId>c387b2d6-0b22-41cf-91ef-dd6a24f0bb07</sln:powIIPId><sln:powIIPPn>PL.PZGIK.200</sln:powIIPPn><sln:powIIPWersja>2012-09-27T08:59:03+02:00</sln:powIIPWersja><sln:powIdTeryt>3024</sln:powIdTeryt><sln:powNazwa>szamotulski</sln:powNazwa><sln:waznyOd>2010-11-17T00:00:00+01:00</sln:waznyOd><sln:wojIIPId>c606b01a-76c8-480d-9470-f24ca0d7a613</sln:wojIIPId><sln:wojIIPPn>PL.PZGIK.200</sln:wojIIPPn><sln:wojIIPWersja>2016-05-05T18:20:48+02:00</sln:wojIIPWersja><sln:wojIdTeryt>30</sln:wojIdTeryt><sln:wojNazwa>wielkopolskie</sln:wojNazwa></sln:miejscowosc><sln:miejscowosc><sln:cyklZyciaOd>2017-03-31T00:00:00+02:00</sln:cyklZyciaOd><sln:gmIIPId>c82f0df6-fa79-4de9-97d1-d707ebeb4771</sln:gmIIPId><sln:gmIIPPn>PL.PZGIK.200</sln:gmIIPPn><sln:gmIIPWersja>2012-09-26T22:23:16+02:00</sln:gmIIPWersja><sln:gmIdTeryt>3024073</sln:gmIdTeryt><sln:gmNazwa>Szamotuły</sln:gmNazwa><sln:miejscIIPId>829596b1-9f1a-4c30-a349-cc309c1002bd</sln:miejscIIPId><sln:miejscIIPPn>PL.PZGIK.200</sln:miejscIIPPn><sln:miejscIIPWersja>2017-03-31T11:08:25+02:00</sln:miejscIIPWersja><sln:miejscIdTeryt>0595714</sln:miejscIdTeryt><sln:miejscNazwa>Brodziszewo</sln:miejscNazwa><sln:miejscRodzaj>Wieś</sln:miejscRodzaj><sln:powIIPId>c387b2d6-0b22-41cf-91ef-dd6a24f0bb07</sln:powIIPId><sln:powIIPPn>PL.PZGIK.200</sln:powIIPPn><sln:powIIPWersja>2012-09-27T08:59:03+02:00</sln:powIIPWersja><sln:powIdTeryt>3024</sln:powIdTeryt><sln:powNazwa>szamotulski</sln:powNazwa><sln:waznyOd>2010-11-17T00:00:00+01:00</sln:waznyOd><sln:wojIIPId>c606b01a-76c8-480d-9470-f24ca0d7a613</sln:wojIIPId><sln:wojIIPPn>PL.PZGIK.200</sln:wojIIPPn><sln:wojIIPWersja>2016-05-05T18:20:48+02:00</sln:wojIIPWersja><sln:wojIdTeryt>30</sln:wojIdTeryt><sln:wojNazwa>wielkopolskie</sln:wojNazwa></sln:miejscowosc><sln:miejscowosc><sln:cyklZyciaOd>2017-03-31T00:00:00+02:00</sln:cyklZyciaOd><sln:gmIIPId>c82f0df6-fa79-4de9-97d1-d707ebeb4771</sln:gmIIPId><sln:gmIIPPn>PL.PZGIK.200</sln:gmIIPPn><sln:gmIIPWersja>2012-09-26T22:23:16+02:00</sln:gmIIPWersja><sln:gmIdTeryt>3024073</sln:gmIdTeryt><sln:gmNazwa>Szamotuły</sln:gmNazwa><sln:miejscIIPId>69715f3b-dd0a-4bf4-8b7e-78f36c27b171</sln:miejscIIPId><sln:miejscIIPPn>PL.PZGIK.200</sln:miejscIIPPn><sln:miejscIIPWersja>2017-03-31T11:08:25+02:00</sln:miejscIIPWersja><sln:miejscIdTeryt>0595720</sln:miejscIdTeryt><sln:miejscNazwa>Emilianowo</sln:miejscNazwa><sln:miejscRodzaj>Wieś</sln:miejscRodzaj><sln:powIIPId>c387b2d6-0b22-41cf-91ef-dd6a24f0bb07</sln:powIIPId><sln:powIIPPn>PL.PZGIK.200</sln:powIIPPn><sln:powIIPWersja>2012-09-27T08:59:03+02:00</sln:powIIPWersja><sln:powIdTeryt>3024</sln:powIdTeryt><sln:powNazwa>szamotulski</sln:powNazwa><sln:waznyOd>2010-12-02T00:00:00+01:00</sln:waznyOd><sln:wojIIPId>c606b01a-76c8-480d-9470-f24ca0d7a613</sln:wojIIPId><sln:wojIIPPn>PL.PZGIK.200</sln:wojIIPPn><sln:wojIIPWersja>2016-05-05T18:20:48+02:00</sln:wojIIPWersja><sln:wojIdTeryt>30</sln:wojIdTeryt><sln:wojNazwa>wielkopolskie</sln:wojNazwa></sln:miejscowosc><sln:miejscowosc><sln:cyklZyciaOd>2017-03-31T00:00:00+02:00</sln:cyklZyciaOd><sln:gmIIPId>c82f0df6-fa79-4de9-97d1-d707ebeb4771</sln:gmIIPId><sln:gmIIPPn>PL.PZGIK.200</sln:gmIIPPn><sln:gmIIPWersja>2012-09-26T22:23:16+02:00</sln:gmIIPWersja><sln:gmIdTeryt>3024073</sln:gmIdTeryt><sln:gmNazwa>Szamotuły</sln:gmNazwa><sln:miejscIIPId>af2fd649-1081-4bea-84bf-3f1ff45f1509</sln:miejscIIPId><sln:miejscIIPPn>PL.PZGIK.200</sln:miejscIIPPn><sln:miejscIIPWersja>2017-03-31T11:08:25+02:00</sln:miejscIIPWersja><sln:miejscIdTeryt>0595737</sln:miejscIdTeryt><sln:miejscNazwa>Gałowo</sln:miejscNazwa><sln:miejscRodzaj>Wieś</sln:miejscRodzaj><sln:powIIPId>c387b2d6-0b22-41cf-91ef-dd6a24f0bb07</sln:powIIPId><sln:powIIPPn>PL.PZGIK.200</sln:powIIPPn><sln:powIIPWersja>2012-09-27T08:59:03+02:00</sln:powIIPWersja><sln:powIdTeryt>3024</sln:powIdTeryt><sln:powNazwa>szamotulski</sln:powNazwa><sln:waznyOd>2010-11-17T00:00:00+01:00</sln:waznyOd><sln:wojIIPId>c606b01a-76c8-480d-9470-f24ca0d7a613</sln:wojIIPId><sln:wojIIPPn>PL.PZGIK.200</sln:wojIIPPn><sln:wojIIPWersja>2016-05-05T18:20:48+02:00</sln:wojIIPWersja><sln:wojIdTeryt>30</sln:wojIdTeryt><sln:wojNazwa>wielkopolskie</sln:wojNazwa></sln:miejscowosc><sln:miejscowosc><sln:cyklZyciaOd>2017-03-31T00:00:00+02:00</sln:cyklZyciaOd><sln:gmIIPId>c82f0df6-fa79-4de9-97d1-d707ebeb4771</sln:gmIIPId><sln:gmIIPPn>PL.PZGIK.200</sln:gmIIPPn><sln:gmIIPWersja>2012-09-26T22:23:16+02:00</sln:gmIIPWersja><sln:gmIdTeryt>3024073</sln:gmIdTeryt><sln:gmNazwa>Szamotuły</sln:gmNazwa><sln:miejscIIPId>fa4c7cbf-22cf-4945-aec3-5ef9a75b1454</sln:miejscIIPId><sln:miejscIIPPn>PL.PZGIK.200</sln:miejscIIPPn><sln:miejscIIPWersja>2017-03-31T11:08:26+02:00</sln:miejscIIPWersja><sln:miejscIdTeryt>0595750</sln:miejscIdTeryt><sln:miejscNazwa>Gąsawy</sln:miejscNazwa><sln:miejscRodzaj>Wieś</sln:miejscRodzaj><sln:powIIPId>c387b2d6-0b22-41cf-91ef-dd6a24f0bb07</sln:powIIPId><sln:powIIPPn>PL.PZGIK.200</sln:powIIPPn><sln:powIIPWersja>2012-09-27T08:59:03+02:00</sln:powIIPWersja><sln:powIdTeryt>3024</sln:powIdTeryt><sln:powNazwa>szamotulski</sln:powNazwa><sln:waznyOd>2010-11-17T00:00:00+01:00</sln:waznyOd><sln:wojIIPId>c606b01a-76c8-480d-9470-f24ca0d7a613</sln:wojIIPId><sln:wojIIPPn>PL.PZGIK.200</sln:wojIIPPn><sln:wojIIPWersja>2016-05-05T18:20:48+02:00</sln:wojIIPWersja><sln:wojIdTeryt>30</sln:wojIdTeryt><sln:wojNazwa>wielkopolskie</sln:wojNazwa></sln:miejscowosc><sln:miejscowosc><sln:cyklZyciaOd>2017-03-31T00:00:00+02:00</sln:cyklZyciaOd><sln:gmIIPId>c82f0df6-fa79-4de9-97d1-d707ebeb4771</sln:gmIIPId><sln:gmIIPPn>PL.PZGIK.200</sln:gmIIPPn><sln:gmIIPWersja>2012-09-26T22:23:16+02:00</sln:gmIIPWersja><sln:gmIdTeryt>3024073</sln:gmIdTeryt><sln:gmNazwa>Szamotuły</sln:gmNazwa><sln:miejscIIPId>efe84a69-be7f-44fb-ae8c-4419c0358cd6</sln:miejscIIPId><sln:miejscIIPPn>PL.PZGIK.200</sln:miejscIIPPn><sln:miejscIIPWersja>2017-03-31T11:08:26+02:00</sln:miejscIIPWersja><sln:miejscIdTeryt>0595766</sln:miejscIdTeryt><sln:miejscNazwa>Nowy Folwark</sln:miejscNazwa><sln:miejscRodzaj>Kolonia</sln:miejscRodzaj><sln:powIIPId>c387b2d6-0b22-41cf-91ef-dd6a24f0bb07</sln:powIIPId><sln:powIIPPn>PL.PZGIK.200</sln:powIIPPn><sln:powIIPWersja>2012-09-27T08:59:03+02:00</sln:powIIPWersja><sln:powIdTeryt>3024</sln:powIdTeryt><sln:powNazwa>szamotulski</sln:powNazwa><sln:waznyOd>2014-05-16T00:00:00+02:00</sln:waznyOd><sln:wojIIPId>c606b01a-76c8-480d-9470-f24ca0d7a613</sln:wojIIPId><sln:wojIIPPn>PL.PZGIK.200</sln:wojIIPPn><sln:wojIIPWersja>2016-05-05T18:20:48+02:00</sln:wojIIPWersja><sln:wojIdTeryt>30</sln:wojIdTeryt><sln:wojNazwa>wielkopolskie</sln:wojNazwa></sln:miejscowosc><sln:miejscowosc><sln:cyklZyciaOd>2017-03-31T00:00:00+02:00</sln:cyklZyciaOd><sln:gmIIPId>c82f0df6-fa79-4de9-97d1-d707ebeb4771</sln:gmIIPId><sln:gmIIPPn>PL.PZGIK.200</sln:gmIIPPn><sln:gmIIPWersja>2012-09-26T22:23:16+02:00</sln:gmIIPWersja><sln:gmIdTeryt>3024073</sln:gmIdTeryt><sln:gmNazwa>Szamotuły</sln:gmNazwa><sln:miejscIIPId>454165b6-69d7-4fea-86a9-0fa68c58808d</sln:miejscIIPId><sln:miejscIIPPn>PL.PZGIK.200</sln:miejscIIPPn><sln:miejscIIPWersja>2017-03-31T11:08:26+02:00</sln:miejscIIPWersja><sln:miejscIdTeryt>0595772</sln:miejscIdTeryt><sln:miejscNazwa>Jastrowo</sln:miejscNazwa><sln:miejscRodzaj>Wieś</sln:miejscRodzaj><sln:powIIPId>c387b2d6-0b22-41cf-91ef-dd6a24f0bb07</sln:powIIPId><sln:powIIPPn>PL.PZGIK.200</sln:powIIPPn><sln:powIIPWersja>2012-09-27T08:59:03+02:00</sln:powIIPWersja><sln:powIdTeryt>3024</sln:powIdTeryt><sln:powNazwa>szamotulski</sln:powNazwa><sln:waznyOd>2012-10-31T00:00:00+01:00</sln:waznyOd><sln:wojIIPId>c606b01a-76c8-480d-9470-f24ca0d7a613</sln:wojIIPId><sln:wojIIPPn>PL.PZGIK.200</sln:wojIIPPn><sln:wojIIPWersja>2016-05-05T18:20:48+02:00</sln:wojIIPWersja><sln:wojIdTeryt>30</sln:wojIdTeryt><sln:wojNazwa>wielkopolskie</sln:wojNazwa></sln:miejscowosc><sln:miejscowosc><sln:cyklZyciaOd>2017-03-31T00:00:00+02:00</sln:cyklZyciaOd><sln:gmIIPId>c82f0df6-fa79-4de9-97d1-d707ebeb4771</sln:gmIIPId><sln:gmIIPPn>PL.PZGIK.200</sln:gmIIPPn><sln:gmIIPWersja>2012-09-26T22:23:16+02:00</sln:gmIIPWersja><sln:gmIdTeryt>3024073</sln:gmIdTeryt><sln:gmNazwa>Szamotuły</sln:gmNazwa><sln:miejscIIPId>96aba90c-71ab-4b8f-86e1-340a7155bb5e</sln:miejscIIPId><sln:miejscIIPPn>PL.PZGIK.200</sln:miejscIIPPn><sln:miejscIIPWersja>2017-03-31T11:08:26+02:00</sln:miejscIIPWersja><sln:miejscIdTeryt>0595795</sln:miejscIdTeryt><sln:miejscNazwa>Ostrolesie</sln:miejscNazwa><sln:miejscRodzaj>Wieś</sln:miejscRodzaj><sln:powIIPId>c387b2d6-0b22-41cf-91ef-dd6a24f0bb07</sln:powIIPId><sln:powIIPPn>PL.PZGIK.200</sln:powIIPPn><sln:powIIPWersja>2012-09-27T08:59:03+02:00</sln:powIIPWersja><sln:powIdTeryt>3024</sln:powIdTeryt><sln:powNazwa>szamotulski</sln:powNazwa><sln:waznyOd>2014-05-16T00:00:00+02:00</sln:waznyOd><sln:wojIIPId>c606b01a-76c8-480d-9470-f24ca0d7a613</sln:wojIIPId><sln:wojIIPPn>PL.PZGIK.200</sln:wojIIPPn><sln:wojIIPWersja>2016-05-05T18:20:48+02:00</sln:wojIIPWersja><sln:wojIdTeryt>30</sln:wojIdTeryt><sln:wojNazwa>wielkopolskie</sln:wojNazwa></sln:miejscowosc><sln:miejscowosc><sln:cyklZyciaOd>2017-03-31T00:00:00+02:00</sln:cyklZyciaOd><sln:gmIIPId>c82f0df6-fa79-4de9-97d1-d707ebeb4771</sln:gmIIPId><sln:gmIIPPn>PL.PZGIK.200</sln:gmIIPPn><sln:gmIIPWersja>2012-09-26T22:23:16+02:00</sln:gmIIPWersja><sln:gmIdTeryt>3024073</sln:gmIdTeryt><sln:gmNazwa>Szamotuły</sln:gmNazwa><sln:miejscIIPId>89bf3fe2-6f96-4998-bfed-f981b39bd05d</sln:miejscIIPId><sln:miejscIIPPn>PL.PZGIK.200</sln:miejscIIPPn><sln:miejscIIPWersja>2017-03-31T11:08:26+02:00</sln:miejscIIPWersja><sln:miejscIdTeryt>0595803</sln:miejscIdTeryt><sln:miejscNazwa>Kąsinowo</sln:miejscNazwa><sln:miejscRodzaj>Wieś</sln:miejscRodzaj><sln:powIIPId>c387b2d6-0b22-41cf-91ef-dd6a24f0bb07</sln:powIIPId><sln:powIIPPn>PL.PZGIK.200</sln:powIIPPn><sln:powIIPWersja>2012-09-27T08:59:03+02:00</sln:powIIPWersja><sln:powIdTeryt>3024</sln:powIdTeryt><sln:powNazwa>szamotulski</sln:powNazwa><sln:waznyOd>2010-11-17T00:00:00+01:00</sln:waznyOd><sln:wojIIPId>c606b01a-76c8-480d-9470-f24ca0d7a613</sln:wojIIPId><sln:wojIIPPn>PL.PZGIK.200</sln:wojIIPPn><sln:wojIIPWersja>2016-05-05T18:20:48+02:00</sln:wojIIPWersja><sln:wojIdTeryt>30</sln:wojIdTeryt><sln:wojNazwa>wielkopolskie</sln:wojNazwa></sln:miejscowosc><sln:miejscowosc><sln:cyklZyciaOd>2017-03-31T00:00:00+02:00</sln:cyklZyciaOd><sln:gmIIPId>c82f0df6-fa79-4de9-97d1-d707ebeb4771</sln:gmIIPId><sln:gmIIPPn>PL.PZGIK.200</sln:gmIIPPn><sln:gmIIPWersja>2012-09-26T22:23:16+02:00</sln:gmIIPWersja><sln:gmIdTeryt>3024073</sln:gmIdTeryt><sln:gmNazwa>Szamotuły</sln:gmNazwa><sln:miejscIIPId>cf8be19c-53ae-45fc-9772-f9bb4653aee4</sln:miejscIIPId><sln:miejscIIPPn>PL.PZGIK.200</sln:miejscIIPPn><sln:miejscIIPWersja>2017-03-31T11:08:26+02:00</sln:miejscIIPWersja><sln:miejscIdTeryt>0595810</sln:miejscIdTeryt><sln:miejscNazwa>Kępa</sln:miejscNazwa><sln:miejscRodzaj>Wieś</sln:miejscRodzaj><sln:powIIPId>c387b2d6-0b22-41cf-91ef-dd6a24f0bb07</sln:powIIPId><sln:powIIPPn>PL.PZGIK.200</sln:powIIPPn><sln:powIIPWersja>2012-09-27T08:59:03+02:00</sln:powIIPWersja><sln:powIdTeryt>3024</sln:powIdTeryt><sln:powNazwa>szamotulski</sln:powNazwa><sln:waznyOd>2010-11-17T00:00:00+01:00</sln:waznyOd><sln:wojIIPId>c606b01a-76c8-480d-9470-f24ca0d7a613</sln:wojIIPId><sln:wojIIPPn>PL.PZGIK.200</sln:wojIIPPn><sln:wojIIPWersja>2016-05-05T18:20:48+02:00</sln:wojIIPWersja><sln:wojIdTeryt>30</sln:wojIdTeryt><sln:wojNazwa>wielkopolskie</sln:wojNazwa></sln:miejscowosc><sln:miejscowosc><sln:cyklZyciaOd>2017-03-31T00:00:00+02:00</sln:cyklZyciaOd><sln:gmIIPId>c82f0df6-fa79-4de9-97d1-d707ebeb4771</sln:gmIIPId><sln:gmIIPPn>PL.PZGIK.200</sln:gmIIPPn><sln:gmIIPWersja>2012-09-26T22:23:16+02:00</sln:gmIIPWersja><sln:gmIdTeryt>3024073</sln:gmIdTeryt><sln:gmNazwa>Szamotuły</sln:gmNazwa><sln:miejscIIPId>485fd32b-aec7-4fc4-95c1-fcac91fd9068</sln:miejscIIPId><sln:miejscIIPPn>PL.PZGIK.200</sln:miejscIIPPn><sln:miejscIIPWersja>2017-03-31T11:08:26+02:00</sln:miejscIIPWersja><sln:miejscIdTeryt>0595826</sln:miejscIdTeryt><sln:miejscNazwa>Koźle</sln:miejscNazwa><sln:miejscRodzaj>Wieś</sln:miejscRodzaj><sln:powIIPId>c387b2d6-0b22-41cf-91ef-dd6a24f0bb07</sln:powIIPId><sln:powIIPPn>PL.PZGIK.200</sln:powIIPPn><sln:powIIPWersja>2012-09-27T08:59:03+02:00</sln:powIIPWersja><sln:powIdTeryt>3024</sln:powIdTeryt><sln:powNazwa>szamotulski</sln:powNazwa><sln:waznyOd>2010-11-17T00:00:00+01:00</sln:waznyOd><sln:wojIIPId>c606b01a-76c8-480d-9470-f24ca0d7a613</sln:wojIIPId><sln:wojIIPPn>PL.PZGIK.200</sln:wojIIPPn><sln:wojIIPWersja>2016-05-05T18:20:48+02:00</sln:wojIIPWersja><sln:wojIdTeryt>30</sln:wojIdTeryt><sln:wojNazwa>wielkopolskie</sln:wojNazwa></sln:miejscowosc><sln:miejscowosc><sln:cyklZyciaOd>2017-03-31T00:00:00+02:00</sln:cyklZyciaOd><sln:gmIIPId>c82f0df6-fa79-4de9-97d1-d707ebeb4771</sln:gmIIPId><sln:gmIIPPn>PL.PZGIK.200</sln:gmIIPPn><sln:gmIIPWersja>2012-09-26T22:23:16+02:00</sln:gmIIPWersja><sln:gmIdTeryt>3024073</sln:gmIdTeryt><sln:gmNazwa>Szamotuły</sln:gmNazwa><sln:miejscIIPId>dca7e918-5f91-49cc-b17c-5945ad979246</sln:miejscIIPId><sln:miejscIIPPn>PL.PZGIK.200</sln:miejscIIPPn><sln:miejscIIPWersja>2017-03-31T11:08:26+02:00</sln:miejscIIPWersja><sln:miejscIdTeryt>0595832</sln:miejscIdTeryt><sln:miejscNazwa>Krzeszkowice</sln:miejscNazwa><sln:miejscRodzaj>Wieś</sln:miejscRodzaj><sln:powIIPId>c387b2d6-0b22-41cf-91ef-dd6a24f0bb07</sln:powIIPId><sln:powIIPPn>PL.PZGIK.200</sln:powIIPPn><sln:powIIPWersja>2012-09-27T08:59:03+02:00</sln:powIIPWersja><sln:powIdTeryt>3024</sln:powIdTeryt><sln:powNazwa>szamotulski</sln:powNazwa><sln:waznyOd>2010-11-17T00:00:00+01:00</sln:waznyOd><sln:wojIIPId>c606b01a-76c8-480d-9470-f24ca0d7a613</sln:wojIIPId><sln:wojIIPPn>PL.PZGIK.200</sln:wojIIPPn><sln:wojIIPWersja>2016-05-05T18:20:48+02:00</sln:wojIIPWersja><sln:wojIdTeryt>30</sln:wojIdTeryt><sln:wojNazwa>wielkopolskie</sln:wojNazwa></sln:miejscowosc><sln:miejscowosc><sln:cyklZyciaOd>2017-03-31T00:00:00+02:00</sln:cyklZyciaOd><sln:gmIIPId>c82f0df6-fa79-4de9-97d1-d707ebeb4771</sln:gmIIPId><sln:gmIIPPn>PL.PZGIK.200</sln:gmIIPPn><sln:gmIIPWersja>2012-09-26T22:23:16+02:00</sln:gmIIPWersja><sln:gmIdTeryt>3024073</sln:gmIdTeryt><sln:gmNazwa>Szamotuły</sln:gmNazwa><sln:miejscIIPId>a566263b-c495-49fb-9ede-ad58056e2245</sln:miejscIIPId><sln:miejscIIPPn>PL.PZGIK.200</sln:miejscIIPPn><sln:miejscIIPWersja>2017-03-31T11:08:26+02:00</sln:miejscIIPWersja><sln:miejscIdTeryt>0595849</sln:miejscIdTeryt><sln:miejscNazwa>Lipnica</sln:miejscNazwa><sln:miejscRodzaj>Wieś</sln:miejscRodzaj><sln:powIIPId>c387b2d6-0b22-41cf-91ef-dd6a24f0bb07</sln:powIIPId><sln:powIIPPn>PL.PZGIK.200</sln:powIIPPn><sln:powIIPWersja>2012-09-27T08:59:03+02:00</sln:powIIPWersja><sln:powIdTeryt>3024</sln:powIdTeryt><sln:powNazwa>szamotulski</sln:powNazwa><sln:waznyOd>2010-11-17T00:00:00+01:00</sln:waznyOd><sln:wojIIPId>c606b01a-76c8-480d-9470-f24ca0d7a613</sln:wojIIPId><sln:wojIIPPn>PL.PZGIK.200</sln:wojIIPPn><sln:wojIIPWersja>2016-05-05T18:20:48+02:00</sln:wojIIPWersja><sln:wojIdTeryt>30</sln:wojIdTeryt><sln:wojNazwa>wielkopolskie</sln:wojNazwa></sln:miejscowosc><sln:miejscowosc><sln:cyklZyciaOd>2017-03-31T00:00:00+02:00</sln:cyklZyciaOd><sln:gmIIPId>c82f0df6-fa79-4de9-97d1-d707ebeb4771</sln:gmIIPId><sln:gmIIPPn>PL.PZGIK.200</sln:gmIIPPn><sln:gmIIPWersja>2012-09-26T22:23:16+02:00</sln:gmIIPWersja><sln:gmIdTeryt>3024073</sln:gmIdTeryt><sln:gmNazwa>Szamotuły</sln:gmNazwa><sln:miejscIIPId>623183c7-6da3-4acd-bf8f-1e0d3c4f558b</sln:miejscIIPId><sln:miejscIIPPn>PL.PZGIK.200</sln:miejscIIPPn><sln:miejscIIPWersja>2017-03-31T11:08:26+02:00</sln:miejscIIPWersja><sln:miejscIdTeryt>0595878</sln:miejscIdTeryt><sln:miejscNazwa>Czyściec</sln:miejscNazwa><sln:miejscRodzaj>Wieś</sln:miejscRodzaj><sln:powIIPId>c387b2d6-0b22-41cf-91ef-dd6a24f0bb07</sln:powIIPId><sln:powIIPPn>PL.PZGIK.200</sln:powIIPPn><sln:powIIPWersja>2012-09-27T08:59:03+02:00</sln:powIIPWersja><sln:powIdTeryt>3024</sln:powIdTeryt><sln:powNazwa>szamotulski</sln:powNazwa><sln:waznyOd>2014-05-16T00:00:00+02:00</sln:waznyOd><sln:wojIIPId>c606b01a-76c8-480d-9470-f24ca0d7a613</sln:wojIIPId><sln:wojIIPPn>PL.PZGIK.200</sln:wojIIPPn><sln:wojIIPWersja>2016-05-05T18:20:48+02:00</sln:wojIIPWersja><sln:wojIdTeryt>30</sln:wojIdTeryt><sln:wojNazwa>wielkopolskie</sln:wojNazwa></sln:miejscowosc><sln:miejscowosc><sln:cyklZyciaOd>2017-03-31T00:00:00+02:00</sln:cyklZyciaOd><sln:gmIIPId>c82f0df6-fa79-4de9-97d1-d707ebeb4771</sln:gmIIPId><sln:gmIIPPn>PL.PZGIK.200</sln:gmIIPPn><sln:gmIIPWersja>2012-09-26T22:23:16+02:00</sln:gmIIPWersja><sln:gmIdTeryt>3024073</sln:gmIdTeryt><sln:gmNazwa>Szamotuły</sln:gmNazwa><sln:miejscIIPId>e81b712e-896e-4e53-85ee-089934b5c307</sln:miejscIIPId><sln:miejscIIPPn>PL.PZGIK.200</sln:miejscIIPPn><sln:miejscIIPWersja>2017-03-31T11:08:26+02:00</sln:miejscIIPWersja><sln:miejscIdTeryt>0595884</sln:miejscIdTeryt><sln:miejscNazwa>Lulinek</sln:miejscNazwa><sln:miejscRodzaj>Wieś</sln:miejscRodzaj><sln:powIIPId>c387b2d6-0b22-41cf-91ef-dd6a24f0bb07</sln:powIIPId><sln:powIIPPn>PL.PZGIK.200</sln:powIIPPn><sln:powIIPWersja>2012-09-27T08:59:03+02:00</sln:powIIPWersja><sln:powIdTeryt>3024</sln:powIdTeryt><sln:powNazwa>szamotulski</sln:powNazwa><sln:waznyOd>2010-11-17T00:00:00+01:00</sln:waznyOd><sln:wojIIPId>c606b01a-76c8-480d-9470-f24ca0d7a613</sln:wojIIPId><sln:wojIIPPn>PL.PZGIK.200</sln:wojIIPPn><sln:wojIIPWersja>2016-05-05T18:20:48+02:00</sln:wojIIPWersja><sln:wojIdTeryt>30</sln:wojIdTeryt><sln:wojNazwa>wielkopolskie</sln:wojNazwa></sln:miejscowosc><sln:miejscowosc><sln:cyklZyciaOd>2017-03-31T00:00:00+02:00</sln:cyklZyciaOd><sln:gmIIPId>c82f0df6-fa79-4de9-97d1-d707ebeb4771</sln:gmIIPId><sln:gmIIPPn>PL.PZGIK.200</sln:gmIIPPn><sln:gmIIPWersja>2012-09-26T22:23:16+02:00</sln:gmIIPWersja><sln:gmIdTeryt>3024073</sln:gmIdTeryt><sln:gmNazwa>Szamotuły</sln:gmNazwa><sln:miejscIIPId>be438ffb-26f8-4a60-9db4-b11b67dcae33</sln:miejscIIPId><sln:miejscIIPPn>PL.PZGIK.200</sln:miejscIIPPn><sln:miejscIIPWersja>2017-03-31T11:08:26+02:00</sln:miejscIIPWersja><sln:miejscIdTeryt>0595890</sln:miejscIdTeryt><sln:miejscNazwa>Mutowo</sln:miejscNazwa><sln:miejscRodzaj>Wieś</sln:miejscRodzaj><sln:powIIPId>c387b2d6-0b22-41cf-91ef-dd6a24f0bb07</sln:powIIPId><sln:powIIPPn>PL.PZGIK.200</sln:powIIPPn><sln:powIIPWersja>2012-09-27T08:59:03+02:00</sln:powIIPWersja><sln:powIdTeryt>3024</sln:powIdTeryt><sln:powNazwa>szamotulski</sln:powNazwa><sln:waznyOd>2010-11-17T00:00:00+01:00</sln:waznyOd><sln:wojIIPId>c606b01a-76c8-480d-9470-f24ca0d7a613</sln:wojIIPId><sln:wojIIPPn>PL.PZGIK.200</sln:wojIIPPn><sln:wojIIPWersja>2016-05-05T18:20:48+02:00</sln:wojIIPWersja><sln:wojIdTeryt>30</sln:wojIdTeryt><sln:wojNazwa>wielkopolskie</sln:wojNazwa></sln:miejscowosc><sln:miejscowosc><sln:cyklZyciaOd>2017-03-31T00:00:00+02:00</sln:cyklZyciaOd><sln:gmIIPId>c82f0df6-fa79-4de9-97d1-d707ebeb4771</sln:gmIIPId><sln:gmIIPPn>PL.PZGIK.200</sln:gmIIPPn><sln:gmIIPWersja>2012-09-26T22:23:16+02:00</sln:gmIIPWersja><sln:gmIdTeryt>3024073</sln:gmIdTeryt><sln:gmNazwa>Szamotuły</sln:gmNazwa><sln:miejscIIPId>c302592f-95de-47b6-b5b7-52693e930c44</sln:miejscIIPId><sln:miejscIIPPn>PL.PZGIK.200</sln:miejscIIPPn><sln:miejscIIPWersja>2017-03-31T11:08:26+02:00</sln:miejscIIPWersja><sln:miejscIdTeryt>0595909</sln:miejscIdTeryt><sln:miejscNazwa>Ludwikowo</sln:miejscNazwa><sln:miejscRodzaj>Osada</sln:miejscRodzaj><sln:powIIPId>c387b2d6-0b22-41cf-91ef-dd6a24f0bb07</sln:powIIPId><sln:powIIPPn>PL.PZGIK.200</sln:powIIPPn><sln:powIIPWersja>2012-09-27T08:59:03+02:00</sln:powIIPWersja><sln:powIdTeryt>3024</sln:powIdTeryt><sln:powNazwa>szamotulski</sln:powNazwa><sln:waznyOd>2014-05-16T00:00:00+02:00</sln:waznyOd><sln:wojIIPId>c606b01a-76c8-480d-9470-f24ca0d7a613</sln:wojIIPId><sln:wojIIPPn>PL.PZGIK.200</sln:wojIIPPn><sln:wojIIPWersja>2016-05-05T18:20:48+02:00</sln:wojIIPWersja><sln:wojIdTeryt>30</sln:wojIdTeryt><sln:wojNazwa>wielkopolskie</sln:wojNazwa></sln:miejscowosc><sln:miejscowosc><sln:cyklZyciaOd>2017-03-31T00:00:00+02:00</sln:cyklZyciaOd><sln:gmIIPId>c82f0df6-fa79-4de9-97d1-d707ebeb4771</sln:gmIIPId><sln:gmIIPPn>PL.PZGIK.200</sln:gmIIPPn><sln:gmIIPWersja>2012-09-26T22:23:16+02:00</sln:gmIIPWersja><sln:gmIdTeryt>3024073</sln:gmIdTeryt><sln:gmNazwa>Szamotuły</sln:gmNazwa><sln:miejscIIPId>898cab4c-5c9d-48a4-ac9c-8172f6e0516d</sln:miejscIIPId><sln:miejscIIPPn>PL.PZGIK.200</sln:miejscIIPPn><sln:miejscIIPWersja>2017-03-31T11:08:27+02:00</sln:miejscIIPWersja><sln:miejscIdTeryt>0595915</sln:miejscIdTeryt><sln:miejscNazwa>Myszkowo</sln:miejscNazwa><sln:miejscRodzaj>Wieś</sln:miejscRodzaj><sln:powIIPId>c387b2d6-0b22-41cf-91ef-dd6a24f0bb07</sln:powIIPId><sln:powIIPPn>PL.PZGIK.200</sln:powIIPPn><sln:powIIPWersja>2012-09-27T08:59:03+02:00</sln:powIIPWersja><sln:powIdTeryt>3024</sln:powIdTeryt><sln:powNazwa>szamotulski</sln:powNazwa><sln:waznyOd>2010-11-17T00:00:00+01:00</sln:waznyOd><sln:wojIIPId>c606b01a-76c8-480d-9470-f24ca0d7a613</sln:wojIIPId><sln:wojIIPPn>PL.PZGIK.200</sln:wojIIPPn><sln:wojIIPWersja>2016-05-05T18:20:48+02:00</sln:wojIIPWersja><sln:wojIdTeryt>30</sln:wojIdTeryt><sln:wojNazwa>wielkopolskie</sln:wojNazwa></sln:miejscowosc><sln:miejscowosc><sln:cyklZyciaOd>2017-03-31T00:00:00+02:00</sln:cyklZyciaOd><sln:gmIIPId>c82f0df6-fa79-4de9-97d1-d707ebeb4771</sln:gmIIPId><sln:gmIIPPn>PL.PZGIK.200</sln:gmIIPPn><sln:gmIIPWersja>2012-09-26T22:23:16+02:00</sln:gmIIPWersja><sln:gmIdTeryt>3024073</sln:gmIdTeryt><sln:gmNazwa>Szamotuły</sln:gmNazwa><sln:miejscIIPId>023c2d5e-0efc-484e-990e-96a3e6e7589c</sln:miejscIIPId><sln:miejscIIPPn>PL.PZGIK.200</sln:miejscIIPPn><sln:miejscIIPWersja>2017-03-31T11:08:27+02:00</sln:miejscIIPWersja><sln:miejscIdTeryt>0595921</sln:miejscIdTeryt><sln:miejscNazwa>Otorowo</sln:miejscNazwa><sln:miejscRodzaj>Wieś</sln:miejscRodzaj><sln:powIIPId>c387b2d6-0b22-41cf-91ef-dd6a24f0bb07</sln:powIIPId><sln:powIIPPn>PL.PZGIK.200</sln:powIIPPn><sln:powIIPWersja>2012-09-27T08:59:03+02:00</sln:powIIPWersja><sln:powIdTeryt>3024</sln:powIdTeryt><sln:powNazwa>szamotulski</sln:powNazwa><sln:waznyOd>2010-11-17T00:00:00+01:00</sln:waznyOd><sln:wojIIPId>c606b01a-76c8-480d-9470-f24ca0d7a613</sln:wojIIPId><sln:wojIIPPn>PL.PZGIK.200</sln:wojIIPPn><sln:wojIIPWersja>2016-05-05T18:20:48+02:00</sln:wojIIPWersja><sln:wojIdTeryt>30</sln:wojIdTeryt><sln:wojNazwa>wielkopolskie</sln:wojNazwa></sln:miejscowosc><sln:miejscowosc><sln:cyklZyciaOd>2017-03-31T00:00:00+02:00</sln:cyklZyciaOd><sln:gmIIPId>c82f0df6-fa79-4de9-97d1-d707ebeb4771</sln:gmIIPId><sln:gmIIPPn>PL.PZGIK.200</sln:gmIIPPn><sln:gmIIPWersja>2012-09-26T22:23:16+02:00</sln:gmIIPWersja><sln:gmIdTeryt>3024073</sln:gmIdTeryt><sln:gmNazwa>Szamotuły</sln:gmNazwa><sln:miejscIIPId>a4e812dd-d557-43d8-8d48-69c05d167832</sln:miejscIIPId><sln:miejscIIPPn>PL.PZGIK.200</sln:miejscIIPPn><sln:miejscIIPWersja>2017-03-31T11:08:27+02:00</sln:miejscIIPWersja><sln:miejscIdTeryt>0595944</sln:miejscIdTeryt><sln:miejscNazwa>Poświętne</sln:miejscNazwa><sln:miejscRodzaj>Inny obiekt</sln:miejscRodzaj><sln:powIIPId>c387b2d6-0b22-41cf-91ef-dd6a24f0bb07</sln:powIIPId><sln:powIIPPn>PL.PZGIK.200</sln:powIIPPn><sln:powIIPWersja>2012-09-27T08:59:03+02:00</sln:powIIPWersja><sln:powIdTeryt>3024</sln:powIdTeryt><sln:powNazwa>szamotulski</sln:powNazwa><sln:waznyOd>2014-05-16T00:00:00+02:00</sln:waznyOd><sln:wojIIPId>c606b01a-76c8-480d-9470-f24ca0d7a613</sln:wojIIPId><sln:wojIIPPn>PL.PZGIK.200</sln:wojIIPPn><sln:wojIIPWersja>2016-05-05T18:20:48+02:00</sln:wojIIPWersja><sln:wojIdTeryt>30</sln:wojIdTeryt><sln:wojNazwa>wielkopolskie</sln:wojNazwa></sln:miejscowosc><sln:miejscowosc><sln:cyklZyciaOd>2017-03-31T00:00:00+02:00</sln:cyklZyciaOd><sln:gmIIPId>c82f0df6-fa79-4de9-97d1-d707ebeb4771</sln:gmIIPId><sln:gmIIPPn>PL.PZGIK.200</sln:gmIIPPn><sln:gmIIPWersja>2012-09-26T22:23:16+02:00</sln:gmIIPWersja><sln:gmIdTeryt>3024073</sln:gmIdTeryt><sln:gmNazwa>Szamotuły</sln:gmNazwa><sln:miejscIIPId>e7c04404-834f-40f1-991a-29b440d6fc7c</sln:miejscIIPId><sln:miejscIIPPn>PL.PZGIK.200</sln:miejscIIPPn><sln:miejscIIPWersja>2017-03-31T11:08:27+02:00</sln:miejscIIPWersja><sln:miejscIdTeryt>0595967</sln:miejscIdTeryt><sln:miejscNazwa>Mielno</sln:miejscNazwa><sln:miejscRodzaj>Osada leśna</sln:miejscRodzaj><sln:powIIPId>c387b2d6-0b22-41cf-91ef-dd6a24f0bb07</sln:powIIPId><sln:powIIPPn>PL.PZGIK.200</sln:powIIPPn><sln:powIIPWersja>2012-09-27T08:59:03+02:00</sln:powIIPWersja><sln:powIdTeryt>3024</sln:powIdTeryt><sln:powNazwa>szamotulski</sln:powNazwa><sln:waznyOd>2014-05-16T00:00:00+02:00</sln:waznyOd><sln:wojIIPId>c606b01a-76c8-480d-9470-f24ca0d7a613</sln:wojIIPId><sln:wojIIPPn>PL.PZGIK.200</sln:wojIIPPn><sln:wojIIPWersja>2016-05-05T18:20:48+02:00</sln:wojIIPWersja><sln:wojIdTeryt>30</sln:wojIdTeryt><sln:wojNazwa>wielkopolskie</sln:wojNazwa></sln:miejscowosc><sln:miejscowosc><sln:cyklZyciaOd>2017-03-31T00:00:00+02:00</sln:cyklZyciaOd><sln:gmIIPId>c82f0df6-fa79-4de9-97d1-d707ebeb4771</sln:gmIIPId><sln:gmIIPPn>PL.PZGIK.200</sln:gmIIPPn><sln:gmIIPWersja>2012-09-26T22:23:16+02:00</sln:gmIIPWersja><sln:gmIdTeryt>3024073</sln:gmIdTeryt><sln:gmNazwa>Szamotuły</sln:gmNazwa><sln:miejscIIPId>6b8c8dd7-ab19-41ba-bbc2-b9d537163983</sln:miejscIIPId><sln:miejscIIPPn>PL.PZGIK.200</sln:miejscIIPPn><sln:miejscIIPWersja>2017-03-31T11:08:27+02:00</sln:miejscIIPWersja><sln:miejscIdTeryt>0595973</sln:miejscIdTeryt><sln:miejscNazwa>Pamiątkowo</sln:miejscNazwa><sln:miejscRodzaj>Wieś</sln:miejscRodzaj><sln:powIIPId>c387b2d6-0b22-41cf-91ef-dd6a24f0bb07</sln:powIIPId><sln:powIIPPn>PL.PZGIK.200</sln:powIIPPn><sln:powIIPWersja>2012-09-27T08:59:03+02:00</sln:powIIPWersja><sln:powIdTeryt>3024</sln:powIdTeryt><sln:powNazwa>szamotulski</sln:powNazwa><sln:waznyOd>2010-11-17T00:00:00+01:00</sln:waznyOd><sln:wojIIPId>c606b01a-76c8-480d-9470-f24ca0d7a613</sln:wojIIPId><sln:wojIIPPn>PL.PZGIK.200</sln:wojIIPPn><sln:wojIIPWersja>2016-05-05T18:20:48+02:00</sln:wojIIPWersja><sln:wojIdTeryt>30</sln:wojIdTeryt><sln:wojNazwa>wielkopolskie</sln:wojNazwa></sln:miejscowosc><sln:miejscowosc><sln:cyklZyciaOd>2017-03-31T00:00:00+02:00</sln:cyklZyciaOd><sln:gmIIPId>c82f0df6-fa79-4de9-97d1-d707ebeb4771</sln:gmIIPId><sln:gmIIPPn>PL.PZGIK.200</sln:gmIIPPn><sln:gmIIPWersja>2012-09-26T22:23:16+02:00</sln:gmIIPWersja><sln:gmIdTeryt>3024073</sln:gmIdTeryt><sln:gmNazwa>Szamotuły</sln:gmNazwa><sln:miejscIIPId>732b6a67-dd22-405c-b305-1a487e090816</sln:miejscIIPId><sln:miejscIIPPn>PL.PZGIK.200</sln:miejscIIPPn><sln:miejscIIPWersja>2017-03-31T11:08:27+02:00</sln:miejscIIPWersja><sln:miejscIdTeryt>0595980</sln:miejscIdTeryt><sln:miejscNazwa>Przecławek</sln:miejscNazwa><sln:miejscRodzaj>Osada</sln:miejscRodzaj><sln:powIIPId>c387b2d6-0b22-41cf-91ef-dd6a24f0bb07</sln:powIIPId><sln:powIIPPn>PL.PZGIK.200</sln:powIIPPn><sln:powIIPWersja>2012-09-27T08:59:03+02:00</sln:powIIPWersja><sln:powIdTeryt>3024</sln:powIdTeryt><sln:powNazwa>szamotulski</sln:powNazwa><sln:waznyOd>2014-05-16T00:00:00+02:00</sln:waznyOd><sln:wojIIPId>c606b01a-76c8-480d-9470-f24ca0d7a613</sln:wojIIPId><sln:wojIIPPn>PL.PZGIK.200</sln:wojIIPPn><sln:wojIIPWersja>2016-05-05T18:20:48+02:00</sln:wojIIPWersja><sln:wojIdTeryt>30</sln:wojIdTeryt><sln:wojNazwa>wielkopolskie</sln:wojNazwa></sln:miejscowosc><sln:miejscowosc><sln:cyklZyciaOd>2017-03-31T00:00:00+02:00</sln:cyklZyciaOd><sln:gmIIPId>c82f0df6-fa79-4de9-97d1-d707ebeb4771</sln:gmIIPId><sln:gmIIPPn>PL.PZGIK.200</sln:gmIIPPn><sln:gmIIPWersja>2012-09-26T22:23:16+02:00</sln:gmIIPWersja><sln:gmIdTeryt>3024073</sln:gmIdTeryt><sln:gmNazwa>Szamotuły</sln:gmNazwa><sln:miejscIIPId>f6f408f7-c7f6-4e28-b9ab-56b49e32cc04</sln:miejscIIPId><sln:miejscIIPPn>PL.PZGIK.200</sln:miejscIIPPn><sln:miejscIIPWersja>2017-03-31T11:08:27+02:00</sln:miejscIIPWersja><sln:miejscIdTeryt>0595996</sln:miejscIdTeryt><sln:miejscNazwa>Rudnik</sln:miejscNazwa><sln:miejscRodzaj>Kolonia</sln:miejscRodzaj><sln:powIIPId>c387b2d6-0b22-41cf-91ef-dd6a24f0bb07</sln:powIIPId><sln:powIIPPn>PL.PZGIK.200</sln:powIIPPn><sln:powIIPWersja>2012-09-27T08:59:03+02:00</sln:powIIPWersja><sln:powIdTeryt>3024</sln:powIdTeryt><sln:powNazwa>szamotulski</sln:powNazwa><sln:waznyOd>2014-05-16T00:00:00+02:00</sln:waznyOd><sln:wojIIPId>c606b01a-76c8-480d-9470-f24ca0d7a613</sln:wojIIPId><sln:wojIIPPn>PL.PZGIK.200</sln:wojIIPPn><sln:wojIIPWersja>2016-05-05T18:20:48+02:00</sln:wojIIPWersja><sln:wojIdTeryt>30</sln:wojIdTeryt><sln:wojNazwa>wielkopolskie</sln:wojNazwa></sln:miejscowosc><sln:miejscowosc><sln:cyklZyciaOd>2017-03-31T00:00:00+02:00</sln:cyklZyciaOd><sln:gmIIPId>c82f0df6-fa79-4de9-97d1-d707ebeb4771</sln:gmIIPId><sln:gmIIPPn>PL.PZGIK.200</sln:gmIIPPn><sln:gmIIPWersja>2012-09-26T22:23:16+02:00</sln:gmIIPWersja><sln:gmIdTeryt>3024073</sln:gmIdTeryt><sln:gmNazwa>Szamotuły</sln:gmNazwa><sln:miejscIIPId>4ccbf7d0-cc70-4edd-bc9d-f0f8fe4eaf65</sln:miejscIIPId><sln:miejscIIPPn>PL.PZGIK.200</sln:miejscIIPPn><sln:miejscIIPWersja>2017-03-31T11:08:27+02:00</sln:miejscIIPWersja><sln:miejscIdTeryt>0596004</sln:miejscIdTeryt><sln:miejscNazwa>Żalewo</sln:miejscNazwa><sln:miejscRodzaj>Osada</sln:miejscRodzaj><sln:powIIPId>c387b2d6-0b22-41cf-91ef-dd6a24f0bb07</sln:powIIPId><sln:powIIPPn>PL.PZGIK.200</sln:powIIPPn><sln:powIIPWersja>2012-09-27T08:59:03+02:00</sln:powIIPWersja><sln:powIdTeryt>3024</sln:powIdTeryt><sln:powNazwa>szamotulski</sln:powNazwa><sln:waznyOd>2014-05-16T00:00:00+02:00</sln:waznyOd><sln:wojIIPId>c606b01a-76c8-480d-9470-f24ca0d7a613</sln:wojIIPId><sln:wojIIPPn>PL.PZGIK.200</sln:wojIIPPn><sln:wojIIPWersja>2016-05-05T18:20:48+02:00</sln:wojIIPWersja><sln:wojIdTeryt>30</sln:wojIdTeryt><sln:wojNazwa>wielkopolskie</sln:wojNazwa></sln:miejscowosc><sln:miejscowosc><sln:cyklZyciaOd>2017-03-31T00:00:00+02:00</sln:cyklZyciaOd><sln:gmIIPId>c82f0df6-fa79-4de9-97d1-d707ebeb4771</sln:gmIIPId><sln:gmIIPPn>PL.PZGIK.200</sln:gmIIPPn><sln:gmIIPWersja>2012-09-26T22:23:16+02:00</sln:gmIIPWersja><sln:gmIdTeryt>3024073</sln:gmIdTeryt><sln:gmNazwa>Szamotuły</sln:gmNazwa><sln:miejscIIPId>35f5377b-cfaf-4fb3-951a-ecd58f92de82</sln:miejscIIPId><sln:miejscIIPPn>PL.PZGIK.200</sln:miejscIIPPn><sln:miejscIIPWersja>2017-03-31T11:08:27+02:00</sln:miejscIIPWersja><sln:miejscIdTeryt>0596010</sln:miejscIdTeryt><sln:miejscNazwa>Piaskowo</sln:miejscNazwa><sln:miejscRodzaj>Wieś</sln:miejscRodzaj><sln:powIIPId>c387b2d6-0b22-41cf-91ef-dd6a24f0bb07</sln:powIIPId><sln:powIIPPn>PL.PZGIK.200</sln:powIIPPn><sln:powIIPWersja>2012-09-27T08:59:03+02:00</sln:powIIPWersja><sln:powIdTeryt>3024</sln:powIdTeryt><sln:powNazwa>szamotulski</sln:powNazwa><sln:waznyOd>2010-11-17T00:00:00+01:00</sln:waznyOd><sln:wojIIPId>c606b01a-76c8-480d-9470-f24ca0d7a613</sln:wojIIPId><sln:wojIIPPn>PL.PZGIK.200</sln:wojIIPPn><sln:wojIIPWersja>2016-05-05T18:20:48+02:00</sln:wojIIPWersja><sln:wojIdTeryt>30</sln:wojIdTeryt><sln:wojNazwa>wielkopolskie</sln:wojNazwa></sln:miejscowosc><sln:miejscowosc><sln:cyklZyciaOd>2017-03-31T00:00:00+02:00</sln:cyklZyciaOd><sln:gmIIPId>c82f0df6-fa79-4de9-97d1-d707ebeb4771</sln:gmIIPId><sln:gmIIPPn>PL.PZGIK.200</sln:gmIIPPn><sln:gmIIPWersja>2012-09-26T22:23:16+02:00</sln:gmIIPWersja><sln:gmIdTeryt>3024073</sln:gmIdTeryt><sln:gmNazwa>Szamotuły</sln:gmNazwa><sln:miejscIIPId>49169c65-12c3-40c0-91be-032aa7a91eaf</sln:miejscIIPId><sln:miejscIIPPn>PL.PZGIK.200</sln:miejscIIPPn><sln:miejscIIPWersja>2017-03-31T11:08:27+02:00</sln:miejscIIPWersja><sln:miejscIdTeryt>0596027</sln:miejscIdTeryt><sln:miejscNazwa>Piotrkówko</sln:miejscNazwa><sln:miejscRodzaj>Wieś</sln:miejscRodzaj><sln:powIIPId>c387b2d6-0b22-41cf-91ef-dd6a24f0bb07</sln:powIIPId><sln:powIIPPn>PL.PZGIK.200</sln:powIIPPn><sln:powIIPWersja>2012-09-27T08:59:03+02:00</sln:powIIPWersja><sln:powIdTeryt>3024</sln:powIdTeryt><sln:powNazwa>szamotulski</sln:powNazwa><sln:waznyOd>2010-11-17T00:00:00+01:00</sln:waznyOd><sln:wojIIPId>c606b01a-76c8-480d-9470-f24ca0d7a613</sln:wojIIPId><sln:wojIIPPn>PL.PZGIK.200</sln:wojIIPPn><sln:wojIIPWersja>2016-05-05T18:20:48+02:00</sln:wojIIPWersja><sln:wojIdTeryt>30</sln:wojIdTeryt><sln:wojNazwa>wielkopolskie</sln:wojNazwa></sln:miejscowosc><sln:miejscowosc><sln:cyklZyciaOd>2017-03-31T00:00:00+02:00</sln:cyklZyciaOd><sln:gmIIPId>c82f0df6-fa79-4de9-97d1-d707ebeb4771</sln:gmIIPId><sln:gmIIPPn>PL.PZGIK.200</sln:gmIIPPn><sln:gmIIPWersja>2012-09-26T22:23:16+02:00</sln:gmIIPWersja><sln:gmIdTeryt>3024073</sln:gmIdTeryt><sln:gmNazwa>Szamotuły</sln:gmNazwa><sln:miejscIIPId>6fc759f9-e8e9-4981-9710-8f3bf2591d74</sln:miejscIIPId><sln:miejscIIPPn>PL.PZGIK.200</sln:miejscIIPPn><sln:miejscIIPWersja>2017-03-31T11:08:27+02:00</sln:miejscIIPWersja><sln:miejscIdTeryt>0596033</sln:miejscIdTeryt><sln:miejscNazwa>Przecław</sln:miejscNazwa><sln:miejscRodzaj>Wieś</sln:miejscRodzaj><sln:powIIPId>c387b2d6-0b22-41cf-91ef-dd6a24f0bb07</sln:powIIPId><sln:powIIPPn>PL.PZGIK.200</sln:powIIPPn><sln:powIIPWersja>2012-09-27T08:59:03+02:00</sln:powIIPWersja><sln:powIdTeryt>3024</sln:powIdTeryt><sln:powNazwa>szamotulski</sln:powNazwa><sln:waznyOd>2010-11-17T00:00:00+01:00</sln:waznyOd><sln:wojIIPId>c606b01a-76c8-480d-9470-f24ca0d7a613</sln:wojIIPId><sln:wojIIPPn>PL.PZGIK.200</sln:wojIIPPn><sln:wojIIPWersja>2016-05-05T18:20:48+02:00</sln:wojIIPWersja><sln:wojIdTeryt>30</sln:wojIdTeryt><sln:wojNazwa>wielkopolskie</sln:wojNazwa></sln:miejscowosc><sln:miejscowosc><sln:cyklZyciaOd>2017-03-31T00:00:00+02:00</sln:cyklZyciaOd><sln:gmIIPId>c82f0df6-fa79-4de9-97d1-d707ebeb4771</sln:gmIIPId><sln:gmIIPPn>PL.PZGIK.200</sln:gmIIPPn><sln:gmIIPWersja>2012-09-26T22:23:16+02:00</sln:gmIIPWersja><sln:gmIdTeryt>3024073</sln:gmIdTeryt><sln:gmNazwa>Szamotuły</sln:gmNazwa><sln:miejscIIPId>0bab34ea-9320-435f-99b3-7d24a3facdd8</sln:miejscIIPId><sln:miejscIIPPn>PL.PZGIK.200</sln:miejscIIPPn><sln:miejscIIPWersja>2017-03-31T11:08:27+02:00</sln:miejscIIPWersja><sln:miejscIdTeryt>0596040</sln:miejscIdTeryt><sln:miejscNazwa>Przyborowo</sln:miejscNazwa><sln:miejscRodzaj>Wieś</sln:miejscRodzaj><sln:powIIPId>c387b2d6-0b22-41cf-91ef-dd6a24f0bb07</sln:powIIPId><sln:powIIPPn>PL.PZGIK.200</sln:powIIPPn><sln:powIIPWersja>2012-09-27T08:59:03+02:00</sln:powIIPWersja><sln:powIdTeryt>3024</sln:powIdTeryt><sln:powNazwa>szamotulski</sln:powNazwa><sln:waznyOd>2010-11-17T00:00:00+01:00</sln:waznyOd><sln:wojIIPId>c606b01a-76c8-480d-9470-f24ca0d7a613</sln:wojIIPId><sln:wojIIPPn>PL.PZGIK.200</sln:wojIIPPn><sln:wojIIPWersja>2016-05-05T18:20:48+02:00</sln:wojIIPWersja><sln:wojIdTeryt>30</sln:wojIdTeryt><sln:wojNazwa>wielkopolskie</sln:wojNazwa></sln:miejscowosc><sln:miejscowosc><sln:cyklZyciaOd>2017-03-31T00:00:00+02:00</sln:cyklZyciaOd><sln:gmIIPId>c82f0df6-fa79-4de9-97d1-d707ebeb4771</sln:gmIIPId><sln:gmIIPPn>PL.PZGIK.200</sln:gmIIPPn><sln:gmIIPWersja>2012-09-26T22:23:16+02:00</sln:gmIIPWersja><sln:gmIdTeryt>3024073</sln:gmIdTeryt><sln:gmNazwa>Szamotuły</sln:gmNazwa><sln:miejscIIPId>c8035a67-df09-4cc1-886b-1dfe0b0edc8a</sln:miejscIIPId><sln:miejscIIPPn>PL.PZGIK.200</sln:miejscIIPPn><sln:miejscIIPWersja>2017-03-31T11:08:28+02:00</sln:miejscIIPWersja><sln:miejscIdTeryt>0596056</sln:miejscIdTeryt><sln:miejscNazwa>Przyborówko</sln:miejscNazwa><sln:miejscRodzaj>Wieś</sln:miejscRodzaj><sln:powIIPId>c387b2d6-0b22-41cf-91ef-dd6a24f0bb07</sln:powIIPId><sln:powIIPPn>PL.PZGIK.200</sln:powIIPPn><sln:powIIPWersja>2012-09-27T08:59:03+02:00</sln:powIIPWersja><sln:powIdTeryt>3024</sln:powIdTeryt><sln:powNazwa>szamotulski</sln:powNazwa><sln:waznyOd>2010-11-17T00:00:00+01:00</sln:waznyOd><sln:wojIIPId>c606b01a-76c8-480d-9470-f24ca0d7a613</sln:wojIIPId><sln:wojIIPPn>PL.PZGIK.200</sln:wojIIPPn><sln:wojIIPWersja>2016-05-05T18:20:48+02:00</sln:wojIIPWersja><sln:wojIdTeryt>30</sln:wojIdTeryt><sln:wojNazwa>wielkopolskie</sln:wojNazwa></sln:miejscowosc><sln:miejscowosc><sln:cyklZyciaOd>2017-03-31T00:00:00+02:00</sln:cyklZyciaOd><sln:gmIIPId>c82f0df6-fa79-4de9-97d1-d707ebeb4771</sln:gmIIPId><sln:gmIIPPn>PL.PZGIK.200</sln:gmIIPPn><sln:gmIIPWersja>2012-09-26T22:23:16+02:00</sln:gmIIPWersja><sln:gmIdTeryt>3024073</sln:gmIdTeryt><sln:gmNazwa>Szamotuły</sln:gmNazwa><sln:miejscIIPId>32e454c1-7cd6-4763-8ee5-f826932e79cd</sln:miejscIIPId><sln:miejscIIPPn>PL.PZGIK.200</sln:miejscIIPPn><sln:miejscIIPWersja>2017-03-31T11:08:28+02:00</sln:miejscIIPWersja><sln:miejscIdTeryt>0596062</sln:miejscIdTeryt><sln:miejscNazwa>Szczuczyn</sln:miejscNazwa><sln:miejscRodzaj>Wieś</sln:miejscRodzaj><sln:powIIPId>c387b2d6-0b22-41cf-91ef-dd6a24f0bb07</sln:powIIPId><sln:powIIPPn>PL.PZGIK.200</sln:powIIPPn><sln:powIIPWersja>2012-09-27T08:59:03+02:00</sln:powIIPWersja><sln:powIdTeryt>3024</sln:powIdTeryt><sln:powNazwa>szamotulski</sln:powNazwa><sln:waznyOd>2010-11-17T00:00:00+01:00</sln:waznyOd><sln:wojIIPId>c606b01a-76c8-480d-9470-f24ca0d7a613</sln:wojIIPId><sln:wojIIPPn>PL.PZGIK.200</sln:wojIIPPn><sln:wojIIPWersja>2016-05-05T18:20:48+02:00</sln:wojIIPWersja><sln:wojIdTeryt>30</sln:wojIdTeryt><sln:wojNazwa>wielkopolskie</sln:wojNazwa></sln:miejscowosc><sln:miejscowosc><sln:cyklZyciaOd>2017-03-31T00:00:00+02:00</sln:cyklZyciaOd><sln:gmIIPId>c82f0df6-fa79-4de9-97d1-d707ebeb4771</sln:gmIIPId><sln:gmIIPPn>PL.PZGIK.200</sln:gmIIPPn><sln:gmIIPWersja>2012-09-26T22:23:16+02:00</sln:gmIIPWersja><sln:gmIdTeryt>3024073</sln:gmIdTeryt><sln:gmNazwa>Szamotuły</sln:gmNazwa><sln:miejscIIPId>a0591da4-5fa0-49da-9174-89bab32baa25</sln:miejscIIPId><sln:miejscIIPPn>PL.PZGIK.200</sln:miejscIIPPn><sln:miejscIIPWersja>2017-03-31T11:08:28+02:00</sln:miejscIIPWersja><sln:miejscIdTeryt>0596079</sln:miejscIdTeryt><sln:miejscNazwa>Grabowiec</sln:miejscNazwa><sln:miejscRodzaj>Osada</sln:miejscRodzaj><sln:powIIPId>c387b2d6-0b22-41cf-91ef-dd6a24f0bb07</sln:powIIPId><sln:powIIPPn>PL.PZGIK.200</sln:powIIPPn><sln:powIIPWersja>2012-09-27T08:59:03+02:00</sln:powIIPWersja><sln:powIdTeryt>3024</sln:powIdTeryt><sln:powNazwa>szamotulski</sln:powNazwa><sln:waznyOd>2014-05-16T00:00:00+02:00</sln:waznyOd><sln:wojIIPId>c606b01a-76c8-480d-9470-f24ca0d7a613</sln:wojIIPId><sln:wojIIPPn>PL.PZGIK.200</sln:wojIIPPn><sln:wojIIPWersja>2016-05-05T18:20:48+02:00</sln:wojIIPWersja><sln:wojIdTeryt>30</sln:wojIdTeryt><sln:wojNazwa>wielkopolskie</sln:wojNazwa></sln:miejscowosc><sln:miejscowosc><sln:cyklZyciaOd>2017-03-31T00:00:00+02:00</sln:cyklZyciaOd><sln:gmIIPId>c82f0df6-fa79-4de9-97d1-d707ebeb4771</sln:gmIIPId><sln:gmIIPPn>PL.PZGIK.200</sln:gmIIPPn><sln:gmIIPWersja>2012-09-26T22:23:16+02:00</sln:gmIIPWersja><sln:gmIdTeryt>3024073</sln:gmIdTeryt><sln:gmNazwa>Szamotuły</sln:gmNazwa><sln:miejscIIPId>63fbfdae-ef3a-43ab-b2de-b3b4ee487826</sln:miejscIIPId><sln:miejscIIPPn>PL.PZGIK.200</sln:miejscIIPPn><sln:miejscIIPWersja>2017-03-31T11:08:28+02:00</sln:miejscIIPWersja><sln:miejscIdTeryt>0596085</sln:miejscIdTeryt><sln:miejscNazwa>Twardowo</sln:miejscNazwa><sln:miejscRodzaj>Wieś</sln:miejscRodzaj><sln:powIIPId>c387b2d6-0b22-41cf-91ef-dd6a24f0bb07</sln:powIIPId><sln:powIIPPn>PL.PZGIK.200</sln:powIIPPn><sln:powIIPWersja>2012-09-27T08:59:03+02:00</sln:powIIPWersja><sln:powIdTeryt>3024</sln:powIdTeryt><sln:powNazwa>szamotulski</sln:powNazwa><sln:waznyOd>2014-05-16T00:00:00+02:00</sln:waznyOd><sln:wojIIPId>c606b01a-76c8-480d-9470-f24ca0d7a613</sln:wojIIPId><sln:wojIIPPn>PL.PZGIK.200</sln:wojIIPPn><sln:wojIIPWersja>2016-05-05T18:20:48+02:00</sln:wojIIPWersja><sln:wojIdTeryt>30</sln:wojIdTeryt><sln:wojNazwa>wielkopolskie</sln:wojNazwa></sln:miejscowosc><sln:miejscowosc><sln:cyklZyciaOd>2017-03-31T00:00:00+02:00</sln:cyklZyciaOd><sln:gmIIPId>c82f0df6-fa79-4de9-97d1-d707ebeb4771</sln:gmIIPId><sln:gmIIPPn>PL.PZGIK.200</sln:gmIIPPn><sln:gmIIPWersja>2012-09-26T22:23:16+02:00</sln:gmIIPWersja><sln:gmIdTeryt>3024073</sln:gmIdTeryt><sln:gmNazwa>Szamotuły</sln:gmNazwa><sln:miejscIIPId>9d319010-f6d3-4e10-9e5f-08ccd3be19f8</sln:miejscIIPId><sln:miejscIIPPn>PL.PZGIK.200</sln:miejscIIPPn><sln:miejscIIPWersja>2017-03-31T11:08:28+02:00</sln:miejscIIPWersja><sln:miejscIdTeryt>0596091</sln:miejscIdTeryt><sln:miejscNazwa>Śmiłowo</sln:miejscNazwa><sln:miejscRodzaj>Wieś</sln:miejscRodzaj><sln:powIIPId>c387b2d6-0b22-41cf-91ef-dd6a24f0bb07</sln:powIIPId><sln:powIIPPn>PL.PZGIK.200</sln:powIIPPn><sln:powIIPWersja>2012-09-27T08:59:03+02:00</sln:powIIPWersja><sln:powIdTeryt>3024</sln:powIdTeryt><sln:powNazwa>szamotulski</sln:powNazwa><sln:waznyOd>2010-11-17T00:00:00+01:00</sln:waznyOd><sln:wojIIPId>c606b01a-76c8-480d-9470-f24ca0d7a613</sln:wojIIPId><sln:wojIIPPn>PL.PZGIK.200</sln:wojIIPPn><sln:wojIIPWersja>2016-05-05T18:20:48+02:00</sln:wojIIPWersja><sln:wojIdTeryt>30</sln:wojIdTeryt><sln:wojNazwa>wielkopolskie</sln:wojNazwa></sln:miejscowosc><sln:miejscowosc><sln:cyklZyciaOd>2017-03-31T00:00:00+02:00</sln:cyklZyciaOd><sln:gmIIPId>c82f0df6-fa79-4de9-97d1-d707ebeb4771</sln:gmIIPId><sln:gmIIPPn>PL.PZGIK.200</sln:gmIIPPn><sln:gmIIPWersja>2012-09-26T22:23:16+02:00</sln:gmIIPWersja><sln:gmIdTeryt>3024073</sln:gmIdTeryt><sln:gmNazwa>Szamotuły</sln:gmNazwa><sln:miejscIIPId>ce1a3235-fa74-4289-be8f-435af88fbdf4</sln:miejscIIPId><sln:miejscIIPPn>PL.PZGIK.200</sln:miejscIIPPn><sln:miejscIIPWersja>2017-03-31T11:08:28+02:00</sln:miejscIIPWersja><sln:miejscIdTeryt>0596100</sln:miejscIdTeryt><sln:miejscNazwa>Witoldzin</sln:miejscNazwa><sln:miejscRodzaj>Wieś</sln:miejscRodzaj><sln:powIIPId>c387b2d6-0b22-41cf-91ef-dd6a24f0bb07</sln:powIIPId><sln:powIIPPn>PL.PZGIK.200</sln:powIIPPn><sln:powIIPWersja>2012-09-27T08:59:03+02:00</sln:powIIPWersja><sln:powIdTeryt>3024</sln:powIdTeryt><sln:powNazwa>szamotulski</sln:powNazwa><sln:waznyOd>2014-05-16T00:00:00+02:00</sln:waznyOd><sln:wojIIPId>c606b01a-76c8-480d-9470-f24ca0d7a613</sln:wojIIPId><sln:wojIIPPn>PL.PZGIK.200</sln:wojIIPPn><sln:wojIIPWersja>2016-05-05T18:20:48+02:00</sln:wojIIPWersja><sln:wojIdTeryt>30</sln:wojIdTeryt><sln:wojNazwa>wielkopolskie</sln:wojNazwa></sln:miejscowosc><sln:miejscowosc><sln:cyklZyciaOd>2017-03-31T00:00:00+02:00</sln:cyklZyciaOd><sln:gmIIPId>c82f0df6-fa79-4de9-97d1-d707ebeb4771</sln:gmIIPId><sln:gmIIPPn>PL.PZGIK.200</sln:gmIIPPn><sln:gmIIPWersja>2012-09-26T22:23:16+02:00</sln:gmIIPWersja><sln:gmIdTeryt>3024073</sln:gmIdTeryt><sln:gmNazwa>Szamotuły</sln:gmNazwa><sln:miejscIIPId>8d26ae08-56b7-47ad-ac5e-a4e90c40635c</sln:miejscIIPId><sln:miejscIIPPn>PL.PZGIK.200</sln:miejscIIPPn><sln:miejscIIPWersja>2017-03-31T11:08:28+02:00</sln:miejscIIPWersja><sln:miejscIdTeryt>0971531</sln:miejscIdTeryt><sln:miejscNazwa>Szamotuły</sln:miejscNazwa><sln:miejscRodzaj>Miasto</sln:miejscRodzaj><sln:powIIPId>c387b2d6-0b22-41cf-91ef-dd6a24f0bb07</sln:powIIPId><sln:powIIPPn>PL.PZGIK.200</sln:powIIPPn><sln:powIIPWersja>2012-09-27T08:59:03+02:00</sln:powIIPWersja><sln:powIdTeryt>3024</sln:powIdTeryt><sln:powNazwa>szamotulski</sln:powNazwa><sln:waznyOd>2010-11-17T00:00:00+01:00</sln:waznyOd><sln:wojIIPId>c606b01a-76c8-480d-9470-f24ca0d7a613</sln:wojIIPId><sln:wojIIPPn>PL.PZGIK.200</sln:wojIIPPn><sln:wojIIPWersja>2016-05-05T18:20:48+02:00</sln:wojIIPWersja><sln:wojIdTeryt>30</sln:wojIdTeryt><sln:wojNazwa>wielkopolskie</sln:wojNazwa></sln:miejscowosc><sln:miejscowosc><sln:cyklZyciaDo>2017-09-01T00:00:00+02:00</sln:cyklZyciaDo><sln:cyklZyciaOd>2017-03-31T00:00:00+02:00</sln:cyklZyciaOd><sln:gmIIPId>c82f0df6-fa79-4de9-97d1-d707ebeb4771</sln:gmIIPId><sln:gmIIPPn>PL.PZGIK.200</sln:gmIIPPn><sln:gmIIPWersja>2012-09-26T22:23:16+02:00</sln:gmIIPWersja><sln:gmIdTeryt>3024073</sln:gmIdTeryt><sln:gmNazwa>Szamotuły</sln:gmNazwa><sln:miejscIIPId>c1e54dba-765d-4429-80bb-27278b9a9b5a</sln:miejscIIPId><sln:miejscIIPPn>PL.PZGIK.200</sln:miejscIIPPn><sln:miejscIIPWersja>2017-03-31T11:08:28+02:00</sln:miejscIIPWersja><sln:miejscNazwa>Lipnica PGR</sln:miejscNazwa><sln:miejscRodzaj>Inny obiekt</sln:miejscRodzaj><sln:powIIPId>c387b2d6-0b22-41cf-91ef-dd6a24f0bb07</sln:powIIPId><sln:powIIPPn>PL.PZGIK.200</sln:powIIPPn><sln:powIIPWersja>2012-09-27T08:59:03+02:00</sln:powIIPWersja><sln:powIdTeryt>3024</sln:powIdTeryt><sln:powNazwa>szamotulski</sln:powNazwa><sln:waznyOd>2017-02-16T00:00:00+01:00</sln:waznyOd><sln:wojIIPId>c606b01a-76c8-480d-9470-f24ca0d7a613</sln:wojIIPId><sln:wojIIPPn>PL.PZGIK.200</sln:wojIIPPn><sln:wojIIPWersja>2016-05-05T18:20:48+02:00</sln:wojIIPWersja><sln:wojIdTeryt>30</sln:wojIdTeryt><sln:wojNazwa>wielkopolskie</sln:wojNazwa></sln:miejscowosc><sln:miejscowosc><sln:cyklZyciaOd>2017-05-15T00:00:00+02:00</sln:cyklZyciaOd><sln:gmIIPId>c82f0df6-fa79-4de9-97d1-d707ebeb4771</sln:gmIIPId><sln:gmIIPPn>PL.PZGIK.200</sln:gmIIPPn><sln:gmIIPWersja>2012-09-26T22:23:16+02:00</sln:gmIIPWersja><sln:gmIdTeryt>3024073</sln:gmIdTeryt><sln:gmNazwa>Szamotuły</sln:gmNazwa><sln:miejscIIPId>a6f550ee-3965-41db-980a-6426b599386c</sln:miejscIIPId><sln:miejscIIPPn>PL.PZGIK.200</sln:miejscIIPPn><sln:miejscIIPWersja>2017-05-15T16:09:06+02:00</sln:miejscIIPWersja><sln:miejscNazwa>Lipnica PGR</sln:miejscNazwa><sln:miejscRodzaj>Inny obiekt</sln:miejscRodzaj><sln:powIIPId>c387b2d6-0b22-41cf-91ef-dd6a24f0bb07</sln:powIIPId><sln:powIIPPn>PL.PZGIK.200</sln:powIIPPn><sln:powIIPWersja>2012-09-27T08:59:03+02:00</sln:powIIPWersja><sln:powIdTeryt>3024</sln:powIdTeryt><sln:powNazwa>szamotulski</sln:powNazwa><sln:waznyOd>2017-02-16T00:00:00+01:00</sln:waznyOd><sln:wojIIPId>c606b01a-76c8-480d-9470-f24ca0d7a613</sln:wojIIPId><sln:wojIIPPn>PL.PZGIK.200</sln:wojIIPPn><sln:wojIIPWersja>2016-05-05T18:20:48+02:00</sln:wojIIPWersja><sln:wojIdTeryt>30</sln:wojIdTeryt><sln:wojNazwa>wielkopolskie</sln:wojNazwa></sln:miejscowosc></sln:lista-miejscowosci>