<?xml version="1.0" encoding="UTF-8" standalone="yes"?><sln:lista-miejscowosci xmlns:srv="http://gugik.gov.pl/schemas/slowniki-service/1.0" xmlns:sln="http://gugik.gov.pl/schemas/slowniki-schema/1.0"><sln:miejscowosc><sln:cyklZyciaDo>2017-03-31T00:00:00+02:00</sln:cyklZyciaDo><sln:cyklZyciaOd>2015-10-21T00:00:00+02:00</sln:cyklZyciaOd><sln:gmIIPId>f60bfbb3-490a-430b-8f0e-f226f91049ad</sln:gmIIPId><sln:gmIIPPn>PL.PZGIK.200</sln:gmIIPPn><sln:gmIIPWersja>2012-09-26T22:23:02+02:00</sln:gmIIPWersja><sln:gmIdTeryt>3021113</sln:gmIdTeryt><sln:gmNazwa>Murowana Goślina</sln:gmNazwa><sln:miejscIIPId>a2544180-668f-446a-8d19-b333163e06fb</sln:miejscIIPId><sln:miejscIIPPn>PL.PZGIK.200</sln:miejscIIPPn><sln:miejscIIPWersja>2016-11-24T11:26:03+02:00</sln:miejscIIPWersja><sln:miejscIdTeryt>0589777</sln:miejscIdTeryt><sln:miejscNazwa>Białęgi</sln:miejscNazwa><sln:miejscRodzaj>Wieś</sln:miejscRodzaj><sln:powIIPId>f5c4ac99-7db7-4d8d-a453-e88e9942fbad</sln:powIIPId><sln:powIIPPn>PL.PZGIK.200</sln:powIIPPn><sln:powIIPWersja>2012-09-27T08:59:03+02:00</sln:powIIPWersja><sln:powIdTeryt>3021</sln:powIdTeryt><sln:powNazwa>poznański</sln:powNazwa><sln:waznyOd>2010-08-03T00:00:00+02:00</sln:waznyOd><sln:wojIIPId>c606b01a-76c8-480d-9470-f24ca0d7a613</sln:wojIIPId><sln:wojIIPPn>PL.PZGIK.200</sln:wojIIPPn><sln:wojIIPWersja>2016-05-05T18:20:48+02:00</sln:wojIIPWersja><sln:wojIdTeryt>30</sln:wojIdTeryt><sln:wojNazwa>wielkopolskie</sln:wojNazwa></sln:miejscowosc><sln:miejscowosc><sln:cyklZyciaDo>2017-03-31T00:00:00+02:00</sln:cyklZyciaDo><sln:cyklZyciaOd>2015-10-21T00:00:00+02:00</sln:cyklZyciaOd><sln:gmIIPId>f60bfbb3-490a-430b-8f0e-f226f91049ad</sln:gmIIPId><sln:gmIIPPn>PL.PZGIK.200</sln:gmIIPPn><sln:gmIIPWersja>2012-09-26T22:23:02+02:00</sln:gmIIPWersja><sln:gmIdTeryt>3021113</sln:gmIdTeryt><sln:gmNazwa>Murowana Goślina</sln:gmNazwa><sln:miejscIIPId>ce8b199b-07ac-44e9-852f-579638e0b192</sln:miejscIIPId><sln:miejscIIPPn>PL.PZGIK.200</sln:miejscIIPPn><sln:miejscIIPWersja>2016-11-24T11:26:03+02:00</sln:miejscIIPWersja><sln:miejscIdTeryt>0589783</sln:miejscIdTeryt><sln:miejscNazwa>Białężyn</sln:miejscNazwa><sln:miejscRodzaj>Wieś</sln:miejscRodzaj><sln:powIIPId>f5c4ac99-7db7-4d8d-a453-e88e9942fbad</sln:powIIPId><sln:powIIPPn>PL.PZGIK.200</sln:powIIPPn><sln:powIIPWersja>2012-09-27T08:59:03+02:00</sln:powIIPWersja><sln:powIdTeryt>3021</sln:powIdTeryt><sln:powNazwa>poznański</sln:powNazwa><sln:waznyOd>2010-08-03T00:00:00+02:00</sln:waznyOd><sln:wojIIPId>c606b01a-76c8-480d-9470-f24ca0d7a613</sln:wojIIPId><sln:wojIIPPn>PL.PZGIK.200</sln:wojIIPPn><sln:wojIIPWersja>2016-05-05T18:20:48+02:00</sln:wojIIPWersja><sln:wojIdTeryt>30</sln:wojIdTeryt><sln:wojNazwa>wielkopolskie</sln:wojNazwa></sln:miejscowosc><sln:miejscowosc><sln:cyklZyciaDo>2017-03-31T00:00:00+02:00</sln:cyklZyciaDo><sln:cyklZyciaOd>2015-10-21T00:00:00+02:00</sln:cyklZyciaOd><sln:gmIIPId>f60bfbb3-490a-430b-8f0e-f226f91049ad</sln:gmIIPId><sln:gmIIPPn>PL.PZGIK.200</sln:gmIIPPn><sln:gmIIPWersja>2012-09-26T22:23:02+02:00</sln:gmIIPWersja><sln:gmIdTeryt>3021113</sln:gmIdTeryt><sln:gmNazwa>Murowana Goślina</sln:gmNazwa><sln:miejscIIPId>22bffad0-3907-4bc4-954c-93a8f289729d</sln:miejscIIPId><sln:miejscIIPPn>PL.PZGIK.200</sln:miejscIIPPn><sln:miejscIIPWersja>2016-11-24T11:26:03+02:00</sln:miejscIIPWersja><sln:miejscIdTeryt>0589790</sln:miejscIdTeryt><sln:miejscNazwa>Boduszewo</sln:miejscNazwa><sln:miejscRodzaj>Wieś</sln:miejscRodzaj><sln:powIIPId>f5c4ac99-7db7-4d8d-a453-e88e9942fbad</sln:powIIPId><sln:powIIPPn>PL.PZGIK.200</sln:powIIPPn><sln:powIIPWersja>2012-09-27T08:59:03+02:00</sln:powIIPWersja><sln:powIdTeryt>3021</sln:powIdTeryt><sln:powNazwa>poznański</sln:powNazwa><sln:waznyOd>2010-08-03T00:00:00+02:00</sln:waznyOd><sln:wojIIPId>c606b01a-76c8-480d-9470-f24ca0d7a613</sln:wojIIPId><sln:wojIIPPn>PL.PZGIK.200</sln:wojIIPPn><sln:wojIIPWersja>2016-05-05T18:20:48+02:00</sln:wojIIPWersja><sln:wojIdTeryt>30</sln:wojIdTeryt><sln:wojNazwa>wielkopolskie</sln:wojNazwa></sln:miejscowosc><sln:miejscowosc><sln:cyklZyciaDo>2017-03-31T00:00:00+02:00</sln:cyklZyciaDo><sln:cyklZyciaOd>2015-10-21T00:00:00+02:00</sln:cyklZyciaOd><sln:gmIIPId>f60bfbb3-490a-430b-8f0e-f226f91049ad</sln:gmIIPId><sln:gmIIPPn>PL.PZGIK.200</sln:gmIIPPn><sln:gmIIPWersja>2012-09-26T22:23:02+02:00</sln:gmIIPWersja><sln:gmIdTeryt>3021113</sln:gmIdTeryt><sln:gmNazwa>Murowana Goślina</sln:gmNazwa><sln:miejscIIPId>308fe5e2-2a07-445c-86e5-36ae98b5be54</sln:miejscIIPId><sln:miejscIIPPn>PL.PZGIK.200</sln:miejscIIPPn><sln:miejscIIPWersja>2016-11-24T11:26:03+02:00</sln:miejscIIPWersja><sln:miejscIdTeryt>0589808</sln:miejscIdTeryt><sln:miejscNazwa>Boduszewo Leśniczówka</sln:miejscNazwa><sln:miejscRodzaj>Osada leśna</sln:miejscRodzaj><sln:powIIPId>f5c4ac99-7db7-4d8d-a453-e88e9942fbad</sln:powIIPId><sln:powIIPPn>PL.PZGIK.200</sln:powIIPPn><sln:powIIPWersja>2012-09-27T08:59:03+02:00</sln:powIIPWersja><sln:powIdTeryt>3021</sln:powIdTeryt><sln:powNazwa>poznański</sln:powNazwa><sln:waznyOd>2012-11-08T00:00:00+01:00</sln:waznyOd><sln:wojIIPId>c606b01a-76c8-480d-9470-f24ca0d7a613</sln:wojIIPId><sln:wojIIPPn>PL.PZGIK.200</sln:wojIIPPn><sln:wojIIPWersja>2016-05-05T18:20:48+02:00</sln:wojIIPWersja><sln:wojIdTeryt>30</sln:wojIdTeryt><sln:wojNazwa>wielkopolskie</sln:wojNazwa></sln:miejscowosc><sln:miejscowosc><sln:cyklZyciaDo>2017-03-31T00:00:00+02:00</sln:cyklZyciaDo><sln:cyklZyciaOd>2015-10-21T00:00:00+02:00</sln:cyklZyciaOd><sln:gmIIPId>f60bfbb3-490a-430b-8f0e-f226f91049ad</sln:gmIIPId><sln:gmIIPPn>PL.PZGIK.200</sln:gmIIPPn><sln:gmIIPWersja>2012-09-26T22:23:02+02:00</sln:gmIIPWersja><sln:gmIdTeryt>3021113</sln:gmIdTeryt><sln:gmNazwa>Murowana Goślina</sln:gmNazwa><sln:miejscIIPId>404c4982-627d-45c6-9a5a-c5294e45afac</sln:miejscIIPId><sln:miejscIIPPn>PL.PZGIK.200</sln:miejscIIPPn><sln:miejscIIPWersja>2016-11-24T11:26:03+02:00</sln:miejscIIPWersja><sln:miejscIdTeryt>0590148</sln:miejscIdTeryt><sln:miejscNazwa>Celiniec</sln:miejscNazwa><sln:miejscRodzaj>Inny obiekt</sln:miejscRodzaj><sln:powIIPId>f5c4ac99-7db7-4d8d-a453-e88e9942fbad</sln:powIIPId><sln:powIIPPn>PL.PZGIK.200</sln:powIIPPn><sln:powIIPWersja>2012-09-27T08:59:03+02:00</sln:powIIPWersja><sln:powIdTeryt>3021</sln:powIdTeryt><sln:powNazwa>poznański</sln:powNazwa><sln:waznyOd>2011-11-15T00:00:00+01:00</sln:waznyOd><sln:wojIIPId>c606b01a-76c8-480d-9470-f24ca0d7a613</sln:wojIIPId><sln:wojIIPPn>PL.PZGIK.200</sln:wojIIPPn><sln:wojIIPWersja>2016-05-05T18:20:48+02:00</sln:wojIIPWersja><sln:wojIdTeryt>30</sln:wojIdTeryt><sln:wojNazwa>wielkopolskie</sln:wojNazwa></sln:miejscowosc><sln:miejscowosc><sln:cyklZyciaDo>2017-03-31T00:00:00+02:00</sln:cyklZyciaDo><sln:cyklZyciaOd>2015-10-21T00:00:00+02:00</sln:cyklZyciaOd><sln:gmIIPId>f60bfbb3-490a-430b-8f0e-f226f91049ad</sln:gmIIPId><sln:gmIIPPn>PL.PZGIK.200</sln:gmIIPPn><sln:gmIIPWersja>2012-09-26T22:23:02+02:00</sln:gmIIPWersja><sln:gmIdTeryt>3021113</sln:gmIdTeryt><sln:gmNazwa>Murowana Goślina</sln:gmNazwa><sln:miejscIIPId>a2b7ce87-44be-4ddf-bad8-879fd37ed427</sln:miejscIIPId><sln:miejscIIPPn>PL.PZGIK.200</sln:miejscIIPPn><sln:miejscIIPWersja>2016-11-24T11:26:03+02:00</sln:miejscIIPWersja><sln:miejscIdTeryt>0590160</sln:miejscIdTeryt><sln:miejscNazwa>Czernice</sln:miejscNazwa><sln:miejscRodzaj>Wieś</sln:miejscRodzaj><sln:powIIPId>f5c4ac99-7db7-4d8d-a453-e88e9942fbad</sln:powIIPId><sln:powIIPPn>PL.PZGIK.200</sln:powIIPPn><sln:powIIPWersja>2012-09-27T08:59:03+02:00</sln:powIIPWersja><sln:powIdTeryt>3021</sln:powIdTeryt><sln:powNazwa>poznański</sln:powNazwa><sln:waznyOd>2011-11-15T00:00:00+01:00</sln:waznyOd><sln:wojIIPId>c606b01a-76c8-480d-9470-f24ca0d7a613</sln:wojIIPId><sln:wojIIPPn>PL.PZGIK.200</sln:wojIIPPn><sln:wojIIPWersja>2016-05-05T18:20:48+02:00</sln:wojIIPWersja><sln:wojIdTeryt>30</sln:wojIdTeryt><sln:wojNazwa>wielkopolskie</sln:wojNazwa></sln:miejscowosc><sln:miejscowosc><sln:cyklZyciaDo>2017-03-31T00:00:00+02:00</sln:cyklZyciaDo><sln:cyklZyciaOd>2015-10-21T00:00:00+02:00</sln:cyklZyciaOd><sln:gmIIPId>f60bfbb3-490a-430b-8f0e-f226f91049ad</sln:gmIIPId><sln:gmIIPPn>PL.PZGIK.200</sln:gmIIPPn><sln:gmIIPWersja>2012-09-26T22:23:02+02:00</sln:gmIIPWersja><sln:gmIdTeryt>3021113</sln:gmIdTeryt><sln:gmNazwa>Murowana Goślina</sln:gmNazwa><sln:miejscIIPId>9ccbfbff-9063-43a1-ad6a-1b72f67bacae</sln:miejscIIPId><sln:miejscIIPPn>PL.PZGIK.200</sln:miejscIIPPn><sln:miejscIIPWersja>2016-11-24T11:26:03+02:00</sln:miejscIIPWersja><sln:miejscIdTeryt>0589949</sln:miejscIdTeryt><sln:miejscNazwa>Gać</sln:miejscNazwa><sln:miejscRodzaj>Inny obiekt</sln:miejscRodzaj><sln:powIIPId>f5c4ac99-7db7-4d8d-a453-e88e9942fbad</sln:powIIPId><sln:powIIPPn>PL.PZGIK.200</sln:powIIPPn><sln:powIIPWersja>2012-09-27T08:59:03+02:00</sln:powIIPWersja><sln:powIdTeryt>3021</sln:powIdTeryt><sln:powNazwa>poznański</sln:powNazwa><sln:waznyOd>2011-11-15T00:00:00+01:00</sln:waznyOd><sln:wojIIPId>c606b01a-76c8-480d-9470-f24ca0d7a613</sln:wojIIPId><sln:wojIIPPn>PL.PZGIK.200</sln:wojIIPPn><sln:wojIIPWersja>2016-05-05T18:20:48+02:00</sln:wojIIPWersja><sln:wojIdTeryt>30</sln:wojIdTeryt><sln:wojNazwa>wielkopolskie</sln:wojNazwa></sln:miejscowosc><sln:miejscowosc><sln:cyklZyciaDo>2017-03-31T00:00:00+02:00</sln:cyklZyciaDo><sln:cyklZyciaOd>2015-10-21T00:00:00+02:00</sln:cyklZyciaOd><sln:gmIIPId>f60bfbb3-490a-430b-8f0e-f226f91049ad</sln:gmIIPId><sln:gmIIPPn>PL.PZGIK.200</sln:gmIIPPn><sln:gmIIPWersja>2012-09-26T22:23:02+02:00</sln:gmIIPWersja><sln:gmIdTeryt>3021113</sln:gmIdTeryt><sln:gmNazwa>Murowana Goślina</sln:gmNazwa><sln:miejscIIPId>883621b0-1fd2-4454-b350-0825a58c49e8</sln:miejscIIPId><sln:miejscIIPPn>PL.PZGIK.200</sln:miejscIIPPn><sln:miejscIIPWersja>2016-11-24T11:26:03+02:00</sln:miejscIIPWersja><sln:miejscIdTeryt>0589850</sln:miejscIdTeryt><sln:miejscNazwa>Głębocko</sln:miejscNazwa><sln:miejscRodzaj>Wieś</sln:miejscRodzaj><sln:powIIPId>f5c4ac99-7db7-4d8d-a453-e88e9942fbad</sln:powIIPId><sln:powIIPPn>PL.PZGIK.200</sln:powIIPPn><sln:powIIPWersja>2012-09-27T08:59:03+02:00</sln:powIIPWersja><sln:powIdTeryt>3021</sln:powIdTeryt><sln:powNazwa>poznański</sln:powNazwa><sln:waznyOd>2010-08-03T00:00:00+02:00</sln:waznyOd><sln:wojIIPId>c606b01a-76c8-480d-9470-f24ca0d7a613</sln:wojIIPId><sln:wojIIPPn>PL.PZGIK.200</sln:wojIIPPn><sln:wojIIPWersja>2016-05-05T18:20:48+02:00</sln:wojIIPWersja><sln:wojIdTeryt>30</sln:wojIdTeryt><sln:wojNazwa>wielkopolskie</sln:wojNazwa></sln:miejscowosc><sln:miejscowosc><sln:cyklZyciaDo>2017-03-31T00:00:00+02:00</sln:cyklZyciaDo><sln:cyklZyciaOd>2015-10-21T00:00:00+02:00</sln:cyklZyciaOd><sln:gmIIPId>f60bfbb3-490a-430b-8f0e-f226f91049ad</sln:gmIIPId><sln:gmIIPPn>PL.PZGIK.200</sln:gmIIPPn><sln:gmIIPWersja>2012-09-26T22:23:02+02:00</sln:gmIIPWersja><sln:gmIdTeryt>3021113</sln:gmIdTeryt><sln:gmNazwa>Murowana Goślina</sln:gmNazwa><sln:miejscIIPId>4371d514-a8b0-4331-a461-0c1780b7965c</sln:miejscIIPId><sln:miejscIIPPn>PL.PZGIK.200</sln:miejscIIPPn><sln:miejscIIPWersja>2016-11-24T11:26:03+02:00</sln:miejscIIPWersja><sln:miejscIdTeryt>0589895</sln:miejscIdTeryt><sln:miejscNazwa>Głęboczek</sln:miejscNazwa><sln:miejscRodzaj>Wieś</sln:miejscRodzaj><sln:powIIPId>f5c4ac99-7db7-4d8d-a453-e88e9942fbad</sln:powIIPId><sln:powIIPPn>PL.PZGIK.200</sln:powIIPPn><sln:powIIPWersja>2012-09-27T08:59:03+02:00</sln:powIIPWersja><sln:powIdTeryt>3021</sln:powIdTeryt><sln:powNazwa>poznański</sln:powNazwa><sln:waznyOd>2010-08-03T00:00:00+02:00</sln:waznyOd><sln:wojIIPId>c606b01a-76c8-480d-9470-f24ca0d7a613</sln:wojIIPId><sln:wojIIPPn>PL.PZGIK.200</sln:wojIIPPn><sln:wojIIPWersja>2016-05-05T18:20:48+02:00</sln:wojIIPWersja><sln:wojIdTeryt>30</sln:wojIdTeryt><sln:wojNazwa>wielkopolskie</sln:wojNazwa></sln:miejscowosc><sln:miejscowosc><sln:cyklZyciaDo>2017-03-31T00:00:00+02:00</sln:cyklZyciaDo><sln:cyklZyciaOd>2015-10-21T00:00:00+02:00</sln:cyklZyciaOd><sln:gmIIPId>f60bfbb3-490a-430b-8f0e-f226f91049ad</sln:gmIIPId><sln:gmIIPPn>PL.PZGIK.200</sln:gmIIPPn><sln:gmIIPWersja>2012-09-26T22:23:02+02:00</sln:gmIIPWersja><sln:gmIdTeryt>3021113</sln:gmIdTeryt><sln:gmNazwa>Murowana Goślina</sln:gmNazwa><sln:miejscIIPId>f8325081-b43c-47c5-b076-57b1e5655ddc</sln:miejscIIPId><sln:miejscIIPPn>PL.PZGIK.200</sln:miejscIIPPn><sln:miejscIIPWersja>2016-11-24T11:26:03+02:00</sln:miejscIIPWersja><sln:miejscIdTeryt>0590177</sln:miejscIdTeryt><sln:miejscNazwa>Huciska</sln:miejscNazwa><sln:miejscRodzaj>Wieś</sln:miejscRodzaj><sln:powIIPId>f5c4ac99-7db7-4d8d-a453-e88e9942fbad</sln:powIIPId><sln:powIIPPn>PL.PZGIK.200</sln:powIIPPn><sln:powIIPWersja>2012-09-27T08:59:03+02:00</sln:powIIPWersja><sln:powIdTeryt>3021</sln:powIdTeryt><sln:powNazwa>poznański</sln:powNazwa><sln:waznyOd>2011-11-15T00:00:00+01:00</sln:waznyOd><sln:wojIIPId>c606b01a-76c8-480d-9470-f24ca0d7a613</sln:wojIIPId><sln:wojIIPPn>PL.PZGIK.200</sln:wojIIPPn><sln:wojIIPWersja>2016-05-05T18:20:48+02:00</sln:wojIIPWersja><sln:wojIdTeryt>30</sln:wojIdTeryt><sln:wojNazwa>wielkopolskie</sln:wojNazwa></sln:miejscowosc><sln:miejscowosc><sln:cyklZyciaDo>2017-03-31T00:00:00+02:00</sln:cyklZyciaDo><sln:cyklZyciaOd>2015-10-21T00:00:00+02:00</sln:cyklZyciaOd><sln:gmIIPId>f60bfbb3-490a-430b-8f0e-f226f91049ad</sln:gmIIPId><sln:gmIIPPn>PL.PZGIK.200</sln:gmIIPPn><sln:gmIIPWersja>2012-09-26T22:23:02+02:00</sln:gmIIPWersja><sln:gmIdTeryt>3021113</sln:gmIdTeryt><sln:gmNazwa>Murowana Goślina</sln:gmNazwa><sln:miejscIIPId>e73c4959-19ca-41fb-a905-4bf7f6aa4b51</sln:miejscIIPId><sln:miejscIIPPn>PL.PZGIK.200</sln:miejscIIPPn><sln:miejscIIPWersja>2016-11-24T11:26:03+02:00</sln:miejscIIPWersja><sln:miejscIdTeryt>0590154</sln:miejscIdTeryt><sln:miejscNazwa>Huta Pusta</sln:miejscNazwa><sln:miejscRodzaj>Inny obiekt</sln:miejscRodzaj><sln:powIIPId>f5c4ac99-7db7-4d8d-a453-e88e9942fbad</sln:powIIPId><sln:powIIPPn>PL.PZGIK.200</sln:powIIPPn><sln:powIIPWersja>2012-09-27T08:59:03+02:00</sln:powIIPWersja><sln:powIdTeryt>3021</sln:powIdTeryt><sln:powNazwa>poznański</sln:powNazwa><sln:waznyOd>2011-11-15T00:00:00+01:00</sln:waznyOd><sln:wojIIPId>c606b01a-76c8-480d-9470-f24ca0d7a613</sln:wojIIPId><sln:wojIIPPn>PL.PZGIK.200</sln:wojIIPPn><sln:wojIIPWersja>2016-05-05T18:20:48+02:00</sln:wojIIPWersja><sln:wojIdTeryt>30</sln:wojIdTeryt><sln:wojNazwa>wielkopolskie</sln:wojNazwa></sln:miejscowosc><sln:miejscowosc><sln:cyklZyciaDo>2017-03-31T00:00:00+02:00</sln:cyklZyciaDo><sln:cyklZyciaOd>2015-10-21T00:00:00+02:00</sln:cyklZyciaOd><sln:gmIIPId>f60bfbb3-490a-430b-8f0e-f226f91049ad</sln:gmIIPId><sln:gmIIPPn>PL.PZGIK.200</sln:gmIIPPn><sln:gmIIPWersja>2012-09-26T22:23:02+02:00</sln:gmIIPWersja><sln:gmIdTeryt>3021113</sln:gmIdTeryt><sln:gmNazwa>Murowana Goślina</sln:gmNazwa><sln:miejscIIPId>ad8760f3-ef3c-4d73-b7a4-c3fffc82a7b7</sln:miejscIIPId><sln:miejscIIPPn>PL.PZGIK.200</sln:miejscIIPPn><sln:miejscIIPWersja>2016-11-24T11:26:03+02:00</sln:miejscIIPWersja><sln:miejscIdTeryt>0589910</sln:miejscIdTeryt><sln:miejscNazwa>Kamińsko</sln:miejscNazwa><sln:miejscRodzaj>Wieś</sln:miejscRodzaj><sln:powIIPId>f5c4ac99-7db7-4d8d-a453-e88e9942fbad</sln:powIIPId><sln:powIIPPn>PL.PZGIK.200</sln:powIIPPn><sln:powIIPWersja>2012-09-27T08:59:03+02:00</sln:powIIPWersja><sln:powIdTeryt>3021</sln:powIdTeryt><sln:powNazwa>poznański</sln:powNazwa><sln:waznyOd>2010-08-03T00:00:00+02:00</sln:waznyOd><sln:wojIIPId>c606b01a-76c8-480d-9470-f24ca0d7a613</sln:wojIIPId><sln:wojIIPPn>PL.PZGIK.200</sln:wojIIPPn><sln:wojIIPWersja>2016-05-05T18:20:48+02:00</sln:wojIIPWersja><sln:wojIdTeryt>30</sln:wojIdTeryt><sln:wojNazwa>wielkopolskie</sln:wojNazwa></sln:miejscowosc><sln:miejscowosc><sln:cyklZyciaDo>2017-03-31T00:00:00+02:00</sln:cyklZyciaDo><sln:cyklZyciaOd>2015-10-21T00:00:00+02:00</sln:cyklZyciaOd><sln:gmIIPId>f60bfbb3-490a-430b-8f0e-f226f91049ad</sln:gmIIPId><sln:gmIIPPn>PL.PZGIK.200</sln:gmIIPPn><sln:gmIIPWersja>2012-09-26T22:23:02+02:00</sln:gmIIPWersja><sln:gmIdTeryt>3021113</sln:gmIdTeryt><sln:gmNazwa>Murowana Goślina</sln:gmNazwa><sln:miejscIIPId>5f252949-5352-4842-b35f-02868380ce5f</sln:miejscIIPId><sln:miejscIIPPn>PL.PZGIK.200</sln:miejscIIPPn><sln:miejscIIPWersja>2016-11-24T11:26:03+02:00</sln:miejscIIPWersja><sln:miejscIdTeryt>0589820</sln:miejscIdTeryt><sln:miejscNazwa>Kąty</sln:miejscNazwa><sln:miejscRodzaj>Osada leśna</sln:miejscRodzaj><sln:powIIPId>f5c4ac99-7db7-4d8d-a453-e88e9942fbad</sln:powIIPId><sln:powIIPPn>PL.PZGIK.200</sln:powIIPPn><sln:powIIPWersja>2012-09-27T08:59:03+02:00</sln:powIIPWersja><sln:powIdTeryt>3021</sln:powIdTeryt><sln:powNazwa>poznański</sln:powNazwa><sln:waznyOd>2011-11-15T00:00:00+01:00</sln:waznyOd><sln:wojIIPId>c606b01a-76c8-480d-9470-f24ca0d7a613</sln:wojIIPId><sln:wojIIPPn>PL.PZGIK.200</sln:wojIIPPn><sln:wojIIPWersja>2016-05-05T18:20:48+02:00</sln:wojIIPWersja><sln:wojIdTeryt>30</sln:wojIdTeryt><sln:wojNazwa>wielkopolskie</sln:wojNazwa></sln:miejscowosc><sln:miejscowosc><sln:cyklZyciaDo>2017-03-31T00:00:00+02:00</sln:cyklZyciaDo><sln:cyklZyciaOd>2015-10-21T00:00:00+02:00</sln:cyklZyciaOd><sln:gmIIPId>f60bfbb3-490a-430b-8f0e-f226f91049ad</sln:gmIIPId><sln:gmIIPPn>PL.PZGIK.200</sln:gmIIPPn><sln:gmIIPWersja>2012-09-26T22:23:02+02:00</sln:gmIIPWersja><sln:gmIdTeryt>3021113</sln:gmIdTeryt><sln:gmNazwa>Murowana Goślina</sln:gmNazwa><sln:miejscIIPId>b29d2f73-9bff-4c11-baae-0d5a0ea678c5</sln:miejscIIPId><sln:miejscIIPPn>PL.PZGIK.200</sln:miejscIIPPn><sln:miejscIIPWersja>2016-11-24T11:26:03+02:00</sln:miejscIIPWersja><sln:miejscIdTeryt>0589932</sln:miejscIdTeryt><sln:miejscNazwa>Łopuchowo</sln:miejscNazwa><sln:miejscRodzaj>Wieś</sln:miejscRodzaj><sln:powIIPId>f5c4ac99-7db7-4d8d-a453-e88e9942fbad</sln:powIIPId><sln:powIIPPn>PL.PZGIK.200</sln:powIIPPn><sln:powIIPWersja>2012-09-27T08:59:03+02:00</sln:powIIPWersja><sln:powIdTeryt>3021</sln:powIdTeryt><sln:powNazwa>poznański</sln:powNazwa><sln:waznyOd>2010-08-03T00:00:00+02:00</sln:waznyOd><sln:wojIIPId>c606b01a-76c8-480d-9470-f24ca0d7a613</sln:wojIIPId><sln:wojIIPPn>PL.PZGIK.200</sln:wojIIPPn><sln:wojIIPWersja>2016-05-05T18:20:48+02:00</sln:wojIIPWersja><sln:wojIdTeryt>30</sln:wojIdTeryt><sln:wojNazwa>wielkopolskie</sln:wojNazwa></sln:miejscowosc><sln:miejscowosc><sln:cyklZyciaDo>2017-03-31T00:00:00+02:00</sln:cyklZyciaDo><sln:cyklZyciaOd>2015-10-21T00:00:00+02:00</sln:cyklZyciaOd><sln:gmIIPId>f60bfbb3-490a-430b-8f0e-f226f91049ad</sln:gmIIPId><sln:gmIIPPn>PL.PZGIK.200</sln:gmIIPPn><sln:gmIIPWersja>2012-09-26T22:23:02+02:00</sln:gmIIPWersja><sln:gmIdTeryt>3021113</sln:gmIdTeryt><sln:gmNazwa>Murowana Goślina</sln:gmNazwa><sln:miejscIIPId>90ca3aff-2e66-495b-ab47-073ec6d74662</sln:miejscIIPId><sln:miejscIIPPn>PL.PZGIK.200</sln:miejscIIPPn><sln:miejscIIPWersja>2016-11-24T11:26:03+02:00</sln:miejscIIPWersja><sln:miejscIdTeryt>0589866</sln:miejscIdTeryt><sln:miejscNazwa>Łopuchówko</sln:miejscNazwa><sln:miejscRodzaj>Osada leśna</sln:miejscRodzaj><sln:powIIPId>f5c4ac99-7db7-4d8d-a453-e88e9942fbad</sln:powIIPId><sln:powIIPPn>PL.PZGIK.200</sln:powIIPPn><sln:powIIPWersja>2012-09-27T08:59:03+02:00</sln:powIIPWersja><sln:powIdTeryt>3021</sln:powIdTeryt><sln:powNazwa>poznański</sln:powNazwa><sln:waznyOd>2011-11-15T00:00:00+01:00</sln:waznyOd><sln:wojIIPId>c606b01a-76c8-480d-9470-f24ca0d7a613</sln:wojIIPId><sln:wojIIPPn>PL.PZGIK.200</sln:wojIIPPn><sln:wojIIPWersja>2016-05-05T18:20:48+02:00</sln:wojIIPWersja><sln:wojIdTeryt>30</sln:wojIdTeryt><sln:wojNazwa>wielkopolskie</sln:wojNazwa></sln:miejscowosc><sln:miejscowosc><sln:cyklZyciaDo>2017-03-31T00:00:00+02:00</sln:cyklZyciaDo><sln:cyklZyciaOd>2015-10-21T00:00:00+02:00</sln:cyklZyciaOd><sln:gmIIPId>f60bfbb3-490a-430b-8f0e-f226f91049ad</sln:gmIIPId><sln:gmIIPPn>PL.PZGIK.200</sln:gmIIPPn><sln:gmIIPWersja>2012-09-26T22:23:02+02:00</sln:gmIIPWersja><sln:gmIdTeryt>3021113</sln:gmIdTeryt><sln:gmNazwa>Murowana Goślina</sln:gmNazwa><sln:miejscIIPId>33666419-25e1-4f86-b0c1-87dbfe9ce500</sln:miejscIIPId><sln:miejscIIPPn>PL.PZGIK.200</sln:miejscIIPPn><sln:miejscIIPWersja>2016-11-24T11:26:03+02:00</sln:miejscIIPWersja><sln:miejscIdTeryt>0589843</sln:miejscIdTeryt><sln:miejscNazwa>Łoskoń Leśniczówka</sln:miejscNazwa><sln:miejscRodzaj>Osada leśna</sln:miejscRodzaj><sln:powIIPId>f5c4ac99-7db7-4d8d-a453-e88e9942fbad</sln:powIIPId><sln:powIIPPn>PL.PZGIK.200</sln:powIIPPn><sln:powIIPWersja>2012-09-27T08:59:03+02:00</sln:powIIPWersja><sln:powIdTeryt>3021</sln:powIdTeryt><sln:powNazwa>poznański</sln:powNazwa><sln:waznyOd>2012-11-08T00:00:00+01:00</sln:waznyOd><sln:wojIIPId>c606b01a-76c8-480d-9470-f24ca0d7a613</sln:wojIIPId><sln:wojIIPPn>PL.PZGIK.200</sln:wojIIPPn><sln:wojIIPWersja>2016-05-05T18:20:48+02:00</sln:wojIIPWersja><sln:wojIdTeryt>30</sln:wojIdTeryt><sln:wojNazwa>wielkopolskie</sln:wojNazwa></sln:miejscowosc><sln:miejscowosc><sln:cyklZyciaDo>2017-03-31T00:00:00+02:00</sln:cyklZyciaDo><sln:cyklZyciaOd>2015-10-21T00:00:00+02:00</sln:cyklZyciaOd><sln:gmIIPId>f60bfbb3-490a-430b-8f0e-f226f91049ad</sln:gmIIPId><sln:gmIIPPn>PL.PZGIK.200</sln:gmIIPPn><sln:gmIIPWersja>2012-09-26T22:23:02+02:00</sln:gmIIPWersja><sln:gmIdTeryt>3021113</sln:gmIdTeryt><sln:gmNazwa>Murowana Goślina</sln:gmNazwa><sln:miejscIIPId>4305ef8a-ce0d-42ae-b750-c2096db67170</sln:miejscIIPId><sln:miejscIIPPn>PL.PZGIK.200</sln:miejscIIPPn><sln:miejscIIPWersja>2016-11-24T11:26:03+02:00</sln:miejscIIPWersja><sln:miejscIdTeryt>0589814</sln:miejscIdTeryt><sln:miejscNazwa>Długa Goślina</sln:miejscNazwa><sln:miejscRodzaj>Wieś</sln:miejscRodzaj><sln:powIIPId>f5c4ac99-7db7-4d8d-a453-e88e9942fbad</sln:powIIPId><sln:powIIPPn>PL.PZGIK.200</sln:powIIPPn><sln:powIIPWersja>2012-09-27T08:59:03+02:00</sln:powIIPWersja><sln:powIdTeryt>3021</sln:powIdTeryt><sln:powNazwa>poznański</sln:powNazwa><sln:waznyOd>2010-08-03T00:00:00+02:00</sln:waznyOd><sln:wojIIPId>c606b01a-76c8-480d-9470-f24ca0d7a613</sln:wojIIPId><sln:wojIIPPn>PL.PZGIK.200</sln:wojIIPPn><sln:wojIIPWersja>2016-05-05T18:20:48+02:00</sln:wojIIPWersja><sln:wojIdTeryt>30</sln:wojIdTeryt><sln:wojNazwa>wielkopolskie</sln:wojNazwa></sln:miejscowosc><sln:miejscowosc><sln:cyklZyciaDo>2017-03-31T00:00:00+02:00</sln:cyklZyciaDo><sln:cyklZyciaOd>2015-10-21T00:00:00+02:00</sln:cyklZyciaOd><sln:gmIIPId>f60bfbb3-490a-430b-8f0e-f226f91049ad</sln:gmIIPId><sln:gmIIPPn>PL.PZGIK.200</sln:gmIIPPn><sln:gmIIPWersja>2012-09-26T22:23:02+02:00</sln:gmIIPWersja><sln:gmIdTeryt>3021113</sln:gmIdTeryt><sln:gmNazwa>Murowana Goślina</sln:gmNazwa><sln:miejscIIPId>b1a6e7f9-f85a-49a7-aff8-4c6efafad6b0</sln:miejscIIPId><sln:miejscIIPPn>PL.PZGIK.200</sln:miejscIIPPn><sln:miejscIIPWersja>2016-11-24T11:26:03+02:00</sln:miejscIIPWersja><sln:miejscIdTeryt>0590042</sln:miejscIdTeryt><sln:miejscNazwa>Łoskoń Stary</sln:miejscNazwa><sln:miejscRodzaj>Wieś</sln:miejscRodzaj><sln:powIIPId>f5c4ac99-7db7-4d8d-a453-e88e9942fbad</sln:powIIPId><sln:powIIPPn>PL.PZGIK.200</sln:powIIPPn><sln:powIIPWersja>2012-09-27T08:59:03+02:00</sln:powIIPWersja><sln:powIdTeryt>3021</sln:powIdTeryt><sln:powNazwa>poznański</sln:powNazwa><sln:waznyOd>2012-12-05T00:00:00+01:00</sln:waznyOd><sln:wojIIPId>c606b01a-76c8-480d-9470-f24ca0d7a613</sln:wojIIPId><sln:wojIIPPn>PL.PZGIK.200</sln:wojIIPPn><sln:wojIIPWersja>2016-05-05T18:20:48+02:00</sln:wojIIPWersja><sln:wojIdTeryt>30</sln:wojIdTeryt><sln:wojNazwa>wielkopolskie</sln:wojNazwa></sln:miejscowosc><sln:miejscowosc><sln:cyklZyciaDo>2017-03-31T00:00:00+02:00</sln:cyklZyciaDo><sln:cyklZyciaOd>2015-10-21T00:00:00+02:00</sln:cyklZyciaOd><sln:gmIIPId>f60bfbb3-490a-430b-8f0e-f226f91049ad</sln:gmIIPId><sln:gmIIPPn>PL.PZGIK.200</sln:gmIIPPn><sln:gmIIPWersja>2012-09-26T22:23:02+02:00</sln:gmIIPWersja><sln:gmIdTeryt>3021113</sln:gmIdTeryt><sln:gmNazwa>Murowana Goślina</sln:gmNazwa><sln:miejscIIPId>a3c7fa31-7249-47ab-a2da-f7968e31f550</sln:miejscIIPId><sln:miejscIIPPn>PL.PZGIK.200</sln:miejscIIPPn><sln:miejscIIPWersja>2016-11-24T11:26:03+02:00</sln:miejscIIPWersja><sln:miejscIdTeryt>0589955</sln:miejscIdTeryt><sln:miejscNazwa>Mściszewo</sln:miejscNazwa><sln:miejscRodzaj>Wieś</sln:miejscRodzaj><sln:powIIPId>f5c4ac99-7db7-4d8d-a453-e88e9942fbad</sln:powIIPId><sln:powIIPPn>PL.PZGIK.200</sln:powIIPPn><sln:powIIPWersja>2012-09-27T08:59:03+02:00</sln:powIIPWersja><sln:powIdTeryt>3021</sln:powIdTeryt><sln:powNazwa>poznański</sln:powNazwa><sln:waznyOd>2010-08-03T00:00:00+02:00</sln:waznyOd><sln:wojIIPId>c606b01a-76c8-480d-9470-f24ca0d7a613</sln:wojIIPId><sln:wojIIPPn>PL.PZGIK.200</sln:wojIIPPn><sln:wojIIPWersja>2016-05-05T18:20:48+02:00</sln:wojIIPWersja><sln:wojIdTeryt>30</sln:wojIdTeryt><sln:wojNazwa>wielkopolskie</sln:wojNazwa></sln:miejscowosc><sln:miejscowosc><sln:cyklZyciaDo>2017-03-31T00:00:00+02:00</sln:cyklZyciaDo><sln:cyklZyciaOd>2015-10-21T00:00:00+02:00</sln:cyklZyciaOd><sln:gmIIPId>f60bfbb3-490a-430b-8f0e-f226f91049ad</sln:gmIIPId><sln:gmIIPPn>PL.PZGIK.200</sln:gmIIPPn><sln:gmIIPWersja>2012-09-26T22:23:02+02:00</sln:gmIIPWersja><sln:gmIdTeryt>3021113</sln:gmIdTeryt><sln:gmNazwa>Murowana Goślina</sln:gmNazwa><sln:miejscIIPId>27dd7996-94dd-4013-b145-8372f72444a8</sln:miejscIIPId><sln:miejscIIPPn>PL.PZGIK.200</sln:miejscIIPPn><sln:miejscIIPWersja>2016-11-24T11:26:03+02:00</sln:miejscIIPWersja><sln:miejscIdTeryt>0589990</sln:miejscIdTeryt><sln:miejscNazwa>Nieszawka</sln:miejscNazwa><sln:miejscRodzaj>Wieś</sln:miejscRodzaj><sln:powIIPId>f5c4ac99-7db7-4d8d-a453-e88e9942fbad</sln:powIIPId><sln:powIIPPn>PL.PZGIK.200</sln:powIIPPn><sln:powIIPWersja>2012-09-27T08:59:03+02:00</sln:powIIPWersja><sln:powIdTeryt>3021</sln:powIdTeryt><sln:powNazwa>poznański</sln:powNazwa><sln:waznyOd>2010-08-03T00:00:00+02:00</sln:waznyOd><sln:wojIIPId>c606b01a-76c8-480d-9470-f24ca0d7a613</sln:wojIIPId><sln:wojIIPPn>PL.PZGIK.200</sln:wojIIPPn><sln:wojIIPWersja>2016-05-05T18:20:48+02:00</sln:wojIIPWersja><sln:wojIdTeryt>30</sln:wojIdTeryt><sln:wojNazwa>wielkopolskie</sln:wojNazwa></sln:miejscowosc><sln:miejscowosc><sln:cyklZyciaDo>2017-03-31T00:00:00+02:00</sln:cyklZyciaDo><sln:cyklZyciaOd>2015-10-21T00:00:00+02:00</sln:cyklZyciaOd><sln:gmIIPId>f60bfbb3-490a-430b-8f0e-f226f91049ad</sln:gmIIPId><sln:gmIIPPn>PL.PZGIK.200</sln:gmIIPPn><sln:gmIIPWersja>2012-09-26T22:23:02+02:00</sln:gmIIPWersja><sln:gmIdTeryt>3021113</sln:gmIdTeryt><sln:gmNazwa>Murowana Goślina</sln:gmNazwa><sln:miejscIIPId>2351d2bd-6cb8-4d6a-a01a-5a16a8398d9a</sln:miejscIIPId><sln:miejscIIPPn>PL.PZGIK.200</sln:miejscIIPPn><sln:miejscIIPWersja>2016-11-24T11:26:03+02:00</sln:miejscIIPWersja><sln:miejscIdTeryt>0590183</sln:miejscIdTeryt><sln:miejscNazwa>Odrzykożuch</sln:miejscNazwa><sln:miejscRodzaj>Osada</sln:miejscRodzaj><sln:powIIPId>f5c4ac99-7db7-4d8d-a453-e88e9942fbad</sln:powIIPId><sln:powIIPPn>PL.PZGIK.200</sln:powIIPPn><sln:powIIPWersja>2012-09-27T08:59:03+02:00</sln:powIIPWersja><sln:powIdTeryt>3021</sln:powIdTeryt><sln:powNazwa>poznański</sln:powNazwa><sln:waznyOd>2011-11-15T00:00:00+01:00</sln:waznyOd><sln:wojIIPId>c606b01a-76c8-480d-9470-f24ca0d7a613</sln:wojIIPId><sln:wojIIPPn>PL.PZGIK.200</sln:wojIIPPn><sln:wojIIPWersja>2016-05-05T18:20:48+02:00</sln:wojIIPWersja><sln:wojIdTeryt>30</sln:wojIdTeryt><sln:wojNazwa>wielkopolskie</sln:wojNazwa></sln:miejscowosc><sln:miejscowosc><sln:cyklZyciaDo>2017-03-31T00:00:00+02:00</sln:cyklZyciaDo><sln:cyklZyciaOd>2015-10-21T00:00:00+02:00</sln:cyklZyciaOd><sln:gmIIPId>f60bfbb3-490a-430b-8f0e-f226f91049ad</sln:gmIIPId><sln:gmIIPPn>PL.PZGIK.200</sln:gmIIPPn><sln:gmIIPWersja>2012-09-26T22:23:02+02:00</sln:gmIIPWersja><sln:gmIdTeryt>3021113</sln:gmIdTeryt><sln:gmNazwa>Murowana Goślina</sln:gmNazwa><sln:miejscIIPId>e54ce321-941d-45f3-90ee-2b7ca7caaab2</sln:miejscIIPId><sln:miejscIIPPn>PL.PZGIK.200</sln:miejscIIPPn><sln:miejscIIPWersja>2016-11-24T11:26:03+02:00</sln:miejscIIPWersja><sln:miejscIdTeryt>0590190</sln:miejscIdTeryt><sln:miejscNazwa>Okoniec</sln:miejscNazwa><sln:miejscRodzaj>Osada leśna</sln:miejscRodzaj><sln:powIIPId>f5c4ac99-7db7-4d8d-a453-e88e9942fbad</sln:powIIPId><sln:powIIPPn>PL.PZGIK.200</sln:powIIPPn><sln:powIIPWersja>2012-09-27T08:59:03+02:00</sln:powIIPWersja><sln:powIdTeryt>3021</sln:powIdTeryt><sln:powNazwa>poznański</sln:powNazwa><sln:waznyOd>2011-11-15T00:00:00+01:00</sln:waznyOd><sln:wojIIPId>c606b01a-76c8-480d-9470-f24ca0d7a613</sln:wojIIPId><sln:wojIIPPn>PL.PZGIK.200</sln:wojIIPPn><sln:wojIIPWersja>2016-05-05T18:20:48+02:00</sln:wojIIPWersja><sln:wojIdTeryt>30</sln:wojIdTeryt><sln:wojNazwa>wielkopolskie</sln:wojNazwa></sln:miejscowosc><sln:miejscowosc><sln:cyklZyciaDo>2017-03-31T00:00:00+02:00</sln:cyklZyciaDo><sln:cyklZyciaOd>2015-10-21T00:00:00+02:00</sln:cyklZyciaOd><sln:gmIIPId>f60bfbb3-490a-430b-8f0e-f226f91049ad</sln:gmIIPId><sln:gmIIPPn>PL.PZGIK.200</sln:gmIIPPn><sln:gmIIPWersja>2012-09-26T22:23:02+02:00</sln:gmIIPWersja><sln:gmIdTeryt>3021113</sln:gmIdTeryt><sln:gmNazwa>Murowana Goślina</sln:gmNazwa><sln:miejscIIPId>53fc782d-fe1f-4d56-9eb8-26473ca37d58</sln:miejscIIPId><sln:miejscIIPPn>PL.PZGIK.200</sln:miejscIIPPn><sln:miejscIIPWersja>2016-11-24T11:26:03+02:00</sln:miejscIIPWersja><sln:miejscIdTeryt>0589926</sln:miejscIdTeryt><sln:miejscNazwa>Pławno</sln:miejscNazwa><sln:miejscRodzaj>Wieś</sln:miejscRodzaj><sln:powIIPId>f5c4ac99-7db7-4d8d-a453-e88e9942fbad</sln:powIIPId><sln:powIIPPn>PL.PZGIK.200</sln:powIIPPn><sln:powIIPWersja>2012-09-27T08:59:03+02:00</sln:powIIPWersja><sln:powIdTeryt>3021</sln:powIdTeryt><sln:powNazwa>poznański</sln:powNazwa><sln:waznyOd>2011-11-15T00:00:00+01:00</sln:waznyOd><sln:wojIIPId>c606b01a-76c8-480d-9470-f24ca0d7a613</sln:wojIIPId><sln:wojIIPPn>PL.PZGIK.200</sln:wojIIPPn><sln:wojIIPWersja>2016-05-05T18:20:48+02:00</sln:wojIIPWersja><sln:wojIdTeryt>30</sln:wojIdTeryt><sln:wojNazwa>wielkopolskie</sln:wojNazwa></sln:miejscowosc><sln:miejscowosc><sln:cyklZyciaDo>2017-03-31T00:00:00+02:00</sln:cyklZyciaDo><sln:cyklZyciaOd>2015-10-21T00:00:00+02:00</sln:cyklZyciaOd><sln:gmIIPId>f60bfbb3-490a-430b-8f0e-f226f91049ad</sln:gmIIPId><sln:gmIIPPn>PL.PZGIK.200</sln:gmIIPPn><sln:gmIIPWersja>2012-09-26T22:23:02+02:00</sln:gmIIPWersja><sln:gmIdTeryt>3021113</sln:gmIdTeryt><sln:gmNazwa>Murowana Goślina</sln:gmNazwa><sln:miejscIIPId>4e689033-aa6b-4f54-bd08-9a26b047e3dd</sln:miejscIIPId><sln:miejscIIPPn>PL.PZGIK.200</sln:miejscIIPPn><sln:miejscIIPWersja>2016-11-24T13:17:45+02:00</sln:miejscIIPWersja><sln:miejscIdTeryt>0971152</sln:miejscIdTeryt><sln:miejscNazwa>Murowana Goślina</sln:miejscNazwa><sln:miejscRodzaj>Miasto</sln:miejscRodzaj><sln:powIIPId>f5c4ac99-7db7-4d8d-a453-e88e9942fbad</sln:powIIPId><sln:powIIPPn>PL.PZGIK.200</sln:powIIPPn><sln:powIIPWersja>2012-09-27T08:59:03+02:00</sln:powIIPWersja><sln:powIdTeryt>3021</sln:powIdTeryt><sln:powNazwa>poznański</sln:powNazwa><sln:waznyOd>2010-08-03T00:00:00+02:00</sln:waznyOd><sln:wojIIPId>c606b01a-76c8-480d-9470-f24ca0d7a613</sln:wojIIPId><sln:wojIIPPn>PL.PZGIK.200</sln:wojIIPPn><sln:wojIIPWersja>2016-05-05T18:20:48+02:00</sln:wojIIPWersja><sln:wojIdTeryt>30</sln:wojIdTeryt><sln:wojNazwa>wielkopolskie</sln:wojNazwa></sln:miejscowosc><sln:miejscowosc><sln:cyklZyciaDo>2017-03-31T00:00:00+02:00</sln:cyklZyciaDo><sln:cyklZyciaOd>2015-10-21T00:00:00+02:00</sln:cyklZyciaOd><sln:gmIIPId>f60bfbb3-490a-430b-8f0e-f226f91049ad</sln:gmIIPId><sln:gmIIPPn>PL.PZGIK.200</sln:gmIIPPn><sln:gmIIPWersja>2012-09-26T22:23:02+02:00</sln:gmIIPWersja><sln:gmIdTeryt>3021113</sln:gmIdTeryt><sln:gmNazwa>Murowana Goślina</sln:gmNazwa><sln:miejscIIPId>cc79f905-2a71-422d-8abf-46acb2851390</sln:miejscIIPId><sln:miejscIIPPn>PL.PZGIK.200</sln:miejscIIPPn><sln:miejscIIPWersja>2016-11-24T11:26:03+02:00</sln:miejscIIPWersja><sln:miejscIdTeryt>0589984</sln:miejscIdTeryt><sln:miejscNazwa>Nieszawa</sln:miejscNazwa><sln:miejscRodzaj>Wieś</sln:miejscRodzaj><sln:powIIPId>f5c4ac99-7db7-4d8d-a453-e88e9942fbad</sln:powIIPId><sln:powIIPPn>PL.PZGIK.200</sln:powIIPPn><sln:powIIPWersja>2012-09-27T08:59:03+02:00</sln:powIIPWersja><sln:powIdTeryt>3021</sln:powIdTeryt><sln:powNazwa>poznański</sln:powNazwa><sln:waznyOd>2010-08-03T00:00:00+02:00</sln:waznyOd><sln:wojIIPId>c606b01a-76c8-480d-9470-f24ca0d7a613</sln:wojIIPId><sln:wojIIPPn>PL.PZGIK.200</sln:wojIIPPn><sln:wojIIPWersja>2016-05-05T18:20:48+02:00</sln:wojIIPWersja><sln:wojIdTeryt>30</sln:wojIdTeryt><sln:wojNazwa>wielkopolskie</sln:wojNazwa></sln:miejscowosc><sln:miejscowosc><sln:cyklZyciaDo>2017-03-31T00:00:00+02:00</sln:cyklZyciaDo><sln:cyklZyciaOd>2015-10-21T00:00:00+02:00</sln:cyklZyciaOd><sln:gmIIPId>f60bfbb3-490a-430b-8f0e-f226f91049ad</sln:gmIIPId><sln:gmIIPPn>PL.PZGIK.200</sln:gmIIPPn><sln:gmIIPWersja>2012-09-26T22:23:02+02:00</sln:gmIIPWersja><sln:gmIdTeryt>3021113</sln:gmIdTeryt><sln:gmNazwa>Murowana Goślina</sln:gmNazwa><sln:miejscIIPId>af241241-7e89-4b1d-8ea2-51b66caf0529</sln:miejscIIPId><sln:miejscIIPPn>PL.PZGIK.200</sln:miejscIIPPn><sln:miejscIIPWersja>2016-11-24T11:26:03+02:00</sln:miejscIIPWersja><sln:miejscIdTeryt>0590007</sln:miejscIdTeryt><sln:miejscNazwa>Przebędowo</sln:miejscNazwa><sln:miejscRodzaj>Wieś</sln:miejscRodzaj><sln:powIIPId>f5c4ac99-7db7-4d8d-a453-e88e9942fbad</sln:powIIPId><sln:powIIPPn>PL.PZGIK.200</sln:powIIPPn><sln:powIIPWersja>2012-09-27T08:59:03+02:00</sln:powIIPWersja><sln:powIdTeryt>3021</sln:powIdTeryt><sln:powNazwa>poznański</sln:powNazwa><sln:waznyOd>2011-11-15T00:00:00+01:00</sln:waznyOd><sln:wojIIPId>c606b01a-76c8-480d-9470-f24ca0d7a613</sln:wojIIPId><sln:wojIIPPn>PL.PZGIK.200</sln:wojIIPPn><sln:wojIIPWersja>2016-05-05T18:20:48+02:00</sln:wojIIPWersja><sln:wojIdTeryt>30</sln:wojIdTeryt><sln:wojNazwa>wielkopolskie</sln:wojNazwa></sln:miejscowosc><sln:miejscowosc><sln:cyklZyciaDo>2017-03-31T00:00:00+02:00</sln:cyklZyciaDo><sln:cyklZyciaOd>2015-10-21T00:00:00+02:00</sln:cyklZyciaOd><sln:gmIIPId>f60bfbb3-490a-430b-8f0e-f226f91049ad</sln:gmIIPId><sln:gmIIPPn>PL.PZGIK.200</sln:gmIIPPn><sln:gmIIPWersja>2012-09-26T22:23:02+02:00</sln:gmIIPWersja><sln:gmIdTeryt>3021113</sln:gmIdTeryt><sln:gmNazwa>Murowana Goślina</sln:gmNazwa><sln:miejscIIPId>2cebc4f4-9699-4604-b80b-4fb8adf45321</sln:miejscIIPId><sln:miejscIIPPn>PL.PZGIK.200</sln:miejscIIPPn><sln:miejscIIPWersja>2016-11-24T11:26:03+02:00</sln:miejscIIPWersja><sln:miejscIdTeryt>0589961</sln:miejscIdTeryt><sln:miejscNazwa>Raduszyn</sln:miejscNazwa><sln:miejscRodzaj>Osada</sln:miejscRodzaj><sln:powIIPId>f5c4ac99-7db7-4d8d-a453-e88e9942fbad</sln:powIIPId><sln:powIIPPn>PL.PZGIK.200</sln:powIIPPn><sln:powIIPWersja>2012-09-27T08:59:03+02:00</sln:powIIPWersja><sln:powIdTeryt>3021</sln:powIdTeryt><sln:powNazwa>poznański</sln:powNazwa><sln:waznyOd>2011-11-15T00:00:00+01:00</sln:waznyOd><sln:wojIIPId>c606b01a-76c8-480d-9470-f24ca0d7a613</sln:wojIIPId><sln:wojIIPPn>PL.PZGIK.200</sln:wojIIPPn><sln:wojIIPWersja>2016-05-05T18:20:48+02:00</sln:wojIIPWersja><sln:wojIdTeryt>30</sln:wojIdTeryt><sln:wojNazwa>wielkopolskie</sln:wojNazwa></sln:miejscowosc><sln:miejscowosc><sln:cyklZyciaDo>2017-03-31T00:00:00+02:00</sln:cyklZyciaDo><sln:cyklZyciaOd>2015-10-21T00:00:00+02:00</sln:cyklZyciaOd><sln:gmIIPId>f60bfbb3-490a-430b-8f0e-f226f91049ad</sln:gmIIPId><sln:gmIIPPn>PL.PZGIK.200</sln:gmIIPPn><sln:gmIIPWersja>2012-09-26T22:23:02+02:00</sln:gmIIPWersja><sln:gmIdTeryt>3021113</sln:gmIdTeryt><sln:gmNazwa>Murowana Goślina</sln:gmNazwa><sln:miejscIIPId>4700efda-aee7-493e-ae2f-484715e16055</sln:miejscIIPId><sln:miejscIIPPn>PL.PZGIK.200</sln:miejscIIPPn><sln:miejscIIPWersja>2016-11-24T11:26:03+02:00</sln:miejscIIPWersja><sln:miejscIdTeryt>0590013</sln:miejscIdTeryt><sln:miejscNazwa>Rakownia</sln:miejscNazwa><sln:miejscRodzaj>Wieś</sln:miejscRodzaj><sln:powIIPId>f5c4ac99-7db7-4d8d-a453-e88e9942fbad</sln:powIIPId><sln:powIIPPn>PL.PZGIK.200</sln:powIIPPn><sln:powIIPWersja>2012-09-27T08:59:03+02:00</sln:powIIPWersja><sln:powIdTeryt>3021</sln:powIdTeryt><sln:powNazwa>poznański</sln:powNazwa><sln:waznyOd>2010-08-03T00:00:00+02:00</sln:waznyOd><sln:wojIIPId>c606b01a-76c8-480d-9470-f24ca0d7a613</sln:wojIIPId><sln:wojIIPPn>PL.PZGIK.200</sln:wojIIPPn><sln:wojIIPWersja>2016-05-05T18:20:48+02:00</sln:wojIIPWersja><sln:wojIdTeryt>30</sln:wojIdTeryt><sln:wojNazwa>wielkopolskie</sln:wojNazwa></sln:miejscowosc><sln:miejscowosc><sln:cyklZyciaDo>2017-03-31T00:00:00+02:00</sln:cyklZyciaDo><sln:cyklZyciaOd>2015-10-21T00:00:00+02:00</sln:cyklZyciaOd><sln:gmIIPId>f60bfbb3-490a-430b-8f0e-f226f91049ad</sln:gmIIPId><sln:gmIIPPn>PL.PZGIK.200</sln:gmIIPPn><sln:gmIIPWersja>2012-09-26T22:23:02+02:00</sln:gmIIPWersja><sln:gmIdTeryt>3021113</sln:gmIdTeryt><sln:gmNazwa>Murowana Goślina</sln:gmNazwa><sln:miejscIIPId>6fdd99fc-f2fe-4ba8-8d7c-5a9fb44a9e65</sln:miejscIIPId><sln:miejscIIPPn>PL.PZGIK.200</sln:miejscIIPPn><sln:miejscIIPWersja>2016-11-24T11:26:03+02:00</sln:miejscIIPWersja><sln:miejscIdTeryt>0590020</sln:miejscIdTeryt><sln:miejscNazwa>Starczanowo</sln:miejscNazwa><sln:miejscRodzaj>Wieś</sln:miejscRodzaj><sln:powIIPId>f5c4ac99-7db7-4d8d-a453-e88e9942fbad</sln:powIIPId><sln:powIIPPn>PL.PZGIK.200</sln:powIIPPn><sln:powIIPWersja>2012-09-27T08:59:03+02:00</sln:powIIPWersja><sln:powIdTeryt>3021</sln:powIdTeryt><sln:powNazwa>poznański</sln:powNazwa><sln:waznyOd>2015-10-21T00:00:00+02:00</sln:waznyOd><sln:wojIIPId>c606b01a-76c8-480d-9470-f24ca0d7a613</sln:wojIIPId><sln:wojIIPPn>PL.PZGIK.200</sln:wojIIPPn><sln:wojIIPWersja>2016-05-05T18:20:48+02:00</sln:wojIIPWersja><sln:wojIdTeryt>30</sln:wojIdTeryt><sln:wojNazwa>wielkopolskie</sln:wojNazwa></sln:miejscowosc><sln:miejscowosc><sln:cyklZyciaDo>2017-03-31T00:00:00+02:00</sln:cyklZyciaDo><sln:cyklZyciaOd>2015-10-21T00:00:00+02:00</sln:cyklZyciaOd><sln:gmIIPId>f60bfbb3-490a-430b-8f0e-f226f91049ad</sln:gmIIPId><sln:gmIIPPn>PL.PZGIK.200</sln:gmIIPPn><sln:gmIIPWersja>2012-09-26T22:23:02+02:00</sln:gmIIPWersja><sln:gmIdTeryt>3021113</sln:gmIdTeryt><sln:gmNazwa>Murowana Goślina</sln:gmNazwa><sln:miejscIIPId>626adec6-1be8-4121-bdfa-bb595cb2c890</sln:miejscIIPId><sln:miejscIIPPn>PL.PZGIK.200</sln:miejscIIPPn><sln:miejscIIPWersja>2016-11-24T11:26:03+02:00</sln:miejscIIPWersja><sln:miejscIdTeryt>0590036</sln:miejscIdTeryt><sln:miejscNazwa>Starczanowo Leśniczówka</sln:miejscNazwa><sln:miejscRodzaj>Osada leśna</sln:miejscRodzaj><sln:powIIPId>f5c4ac99-7db7-4d8d-a453-e88e9942fbad</sln:powIIPId><sln:powIIPPn>PL.PZGIK.200</sln:powIIPPn><sln:powIIPWersja>2012-09-27T08:59:03+02:00</sln:powIIPWersja><sln:powIdTeryt>3021</sln:powIdTeryt><sln:powNazwa>poznański</sln:powNazwa><sln:waznyOd>2015-10-21T00:00:00+02:00</sln:waznyOd><sln:wojIIPId>c606b01a-76c8-480d-9470-f24ca0d7a613</sln:wojIIPId><sln:wojIIPPn>PL.PZGIK.200</sln:wojIIPPn><sln:wojIIPWersja>2016-05-05T18:20:48+02:00</sln:wojIIPWersja><sln:wojIdTeryt>30</sln:wojIdTeryt><sln:wojNazwa>wielkopolskie</sln:wojNazwa></sln:miejscowosc><sln:miejscowosc><sln:cyklZyciaDo>2017-03-31T00:00:00+02:00</sln:cyklZyciaDo><sln:cyklZyciaOd>2015-10-21T00:00:00+02:00</sln:cyklZyciaOd><sln:gmIIPId>f60bfbb3-490a-430b-8f0e-f226f91049ad</sln:gmIIPId><sln:gmIIPPn>PL.PZGIK.200</sln:gmIIPPn><sln:gmIIPWersja>2012-09-26T22:23:02+02:00</sln:gmIIPWersja><sln:gmIdTeryt>3021113</sln:gmIdTeryt><sln:gmNazwa>Murowana Goślina</sln:gmNazwa><sln:miejscIIPId>6f20a6c9-39b7-487d-beed-7588fc57527c</sln:miejscIIPId><sln:miejscIIPPn>PL.PZGIK.200</sln:miejscIIPPn><sln:miejscIIPWersja>2016-11-24T11:26:03+02:00</sln:miejscIIPWersja><sln:miejscIdTeryt>0590094</sln:miejscIdTeryt><sln:miejscNazwa>Szymankowo</sln:miejscNazwa><sln:miejscRodzaj>Osada</sln:miejscRodzaj><sln:powIIPId>f5c4ac99-7db7-4d8d-a453-e88e9942fbad</sln:powIIPId><sln:powIIPPn>PL.PZGIK.200</sln:powIIPPn><sln:powIIPWersja>2012-09-27T08:59:03+02:00</sln:powIIPWersja><sln:powIdTeryt>3021</sln:powIdTeryt><sln:powNazwa>poznański</sln:powNazwa><sln:waznyOd>2011-11-15T00:00:00+01:00</sln:waznyOd><sln:wojIIPId>c606b01a-76c8-480d-9470-f24ca0d7a613</sln:wojIIPId><sln:wojIIPPn>PL.PZGIK.200</sln:wojIIPPn><sln:wojIIPWersja>2016-05-05T18:20:48+02:00</sln:wojIIPWersja><sln:wojIdTeryt>30</sln:wojIdTeryt><sln:wojNazwa>wielkopolskie</sln:wojNazwa></sln:miejscowosc><sln:miejscowosc><sln:cyklZyciaDo>2017-03-31T00:00:00+02:00</sln:cyklZyciaDo><sln:cyklZyciaOd>2015-10-21T00:00:00+02:00</sln:cyklZyciaOd><sln:gmIIPId>f60bfbb3-490a-430b-8f0e-f226f91049ad</sln:gmIIPId><sln:gmIIPPn>PL.PZGIK.200</sln:gmIIPPn><sln:gmIIPWersja>2012-09-26T22:23:02+02:00</sln:gmIIPWersja><sln:gmIdTeryt>3021113</sln:gmIdTeryt><sln:gmNazwa>Murowana Goślina</sln:gmNazwa><sln:miejscIIPId>b569d8ed-6e31-41a7-9221-f1529ed808b1</sln:miejscIIPId><sln:miejscIIPPn>PL.PZGIK.200</sln:miejscIIPPn><sln:miejscIIPWersja>2016-11-24T11:26:03+02:00</sln:miejscIIPWersja><sln:miejscIdTeryt>0590071</sln:miejscIdTeryt><sln:miejscNazwa>Trojanowo</sln:miejscNazwa><sln:miejscRodzaj>Wieś</sln:miejscRodzaj><sln:powIIPId>f5c4ac99-7db7-4d8d-a453-e88e9942fbad</sln:powIIPId><sln:powIIPPn>PL.PZGIK.200</sln:powIIPPn><sln:powIIPWersja>2012-09-27T08:59:03+02:00</sln:powIIPWersja><sln:powIdTeryt>3021</sln:powIdTeryt><sln:powNazwa>poznański</sln:powNazwa><sln:waznyOd>2010-08-03T00:00:00+02:00</sln:waznyOd><sln:wojIIPId>c606b01a-76c8-480d-9470-f24ca0d7a613</sln:wojIIPId><sln:wojIIPPn>PL.PZGIK.200</sln:wojIIPPn><sln:wojIIPWersja>2016-05-05T18:20:48+02:00</sln:wojIIPWersja><sln:wojIdTeryt>30</sln:wojIdTeryt><sln:wojNazwa>wielkopolskie</sln:wojNazwa></sln:miejscowosc><sln:miejscowosc><sln:cyklZyciaDo>2017-03-31T00:00:00+02:00</sln:cyklZyciaDo><sln:cyklZyciaOd>2015-10-21T00:00:00+02:00</sln:cyklZyciaOd><sln:gmIIPId>f60bfbb3-490a-430b-8f0e-f226f91049ad</sln:gmIIPId><sln:gmIIPPn>PL.PZGIK.200</sln:gmIIPPn><sln:gmIIPWersja>2012-09-26T22:23:02+02:00</sln:gmIIPWersja><sln:gmIdTeryt>3021113</sln:gmIdTeryt><sln:gmNazwa>Murowana Goślina</sln:gmNazwa><sln:miejscIIPId>779ba941-0d32-4db8-b0c9-e01badfb7ffc</sln:miejscIIPId><sln:miejscIIPPn>PL.PZGIK.200</sln:miejscIIPPn><sln:miejscIIPWersja>2016-11-24T11:26:03+02:00</sln:miejscIIPWersja><sln:miejscIdTeryt>0590088</sln:miejscIdTeryt><sln:miejscNazwa>Uchorowo</sln:miejscNazwa><sln:miejscRodzaj>Wieś</sln:miejscRodzaj><sln:powIIPId>f5c4ac99-7db7-4d8d-a453-e88e9942fbad</sln:powIIPId><sln:powIIPPn>PL.PZGIK.200</sln:powIIPPn><sln:powIIPWersja>2012-09-27T08:59:03+02:00</sln:powIIPWersja><sln:powIdTeryt>3021</sln:powIdTeryt><sln:powNazwa>poznański</sln:powNazwa><sln:waznyOd>2010-08-03T00:00:00+02:00</sln:waznyOd><sln:wojIIPId>c606b01a-76c8-480d-9470-f24ca0d7a613</sln:wojIIPId><sln:wojIIPPn>PL.PZGIK.200</sln:wojIIPPn><sln:wojIIPWersja>2016-05-05T18:20:48+02:00</sln:wojIIPWersja><sln:wojIdTeryt>30</sln:wojIdTeryt><sln:wojNazwa>wielkopolskie</sln:wojNazwa></sln:miejscowosc><sln:miejscowosc><sln:cyklZyciaDo>2017-03-31T00:00:00+02:00</sln:cyklZyciaDo><sln:cyklZyciaOd>2015-10-21T00:00:00+02:00</sln:cyklZyciaOd><sln:gmIIPId>f60bfbb3-490a-430b-8f0e-f226f91049ad</sln:gmIIPId><sln:gmIIPPn>PL.PZGIK.200</sln:gmIIPPn><sln:gmIIPWersja>2012-09-26T22:23:02+02:00</sln:gmIIPWersja><sln:gmIdTeryt>3021113</sln:gmIdTeryt><sln:gmNazwa>Murowana Goślina</sln:gmNazwa><sln:miejscIIPId>4c156d2e-bc55-4924-bb4f-b7f72d45d9f9</sln:miejscIIPId><sln:miejscIIPPn>PL.PZGIK.200</sln:miejscIIPPn><sln:miejscIIPWersja>2016-11-24T11:26:03+02:00</sln:miejscIIPWersja><sln:miejscIdTeryt>0590102</sln:miejscIdTeryt><sln:miejscNazwa>Wojnowo</sln:miejscNazwa><sln:miejscRodzaj>Wieś</sln:miejscRodzaj><sln:powIIPId>f5c4ac99-7db7-4d8d-a453-e88e9942fbad</sln:powIIPId><sln:powIIPPn>PL.PZGIK.200</sln:powIIPPn><sln:powIIPWersja>2012-09-27T08:59:03+02:00</sln:powIIPWersja><sln:powIdTeryt>3021</sln:powIdTeryt><sln:powNazwa>poznański</sln:powNazwa><sln:waznyOd>2010-08-03T00:00:00+02:00</sln:waznyOd><sln:wojIIPId>c606b01a-76c8-480d-9470-f24ca0d7a613</sln:wojIIPId><sln:wojIIPPn>PL.PZGIK.200</sln:wojIIPPn><sln:wojIIPWersja>2016-05-05T18:20:48+02:00</sln:wojIIPWersja><sln:wojIdTeryt>30</sln:wojIdTeryt><sln:wojNazwa>wielkopolskie</sln:wojNazwa></sln:miejscowosc><sln:miejscowosc><sln:cyklZyciaDo>2017-03-31T00:00:00+02:00</sln:cyklZyciaDo><sln:cyklZyciaOd>2015-10-21T00:00:00+02:00</sln:cyklZyciaOd><sln:gmIIPId>f60bfbb3-490a-430b-8f0e-f226f91049ad</sln:gmIIPId><sln:gmIIPPn>PL.PZGIK.200</sln:gmIIPPn><sln:gmIIPWersja>2012-09-26T22:23:02+02:00</sln:gmIIPWersja><sln:gmIdTeryt>3021113</sln:gmIdTeryt><sln:gmNazwa>Murowana Goślina</sln:gmNazwa><sln:miejscIIPId>39945a12-36ab-43e5-827b-526fb3e1f5bc</sln:miejscIIPId><sln:miejscIIPPn>PL.PZGIK.200</sln:miejscIIPPn><sln:miejscIIPWersja>2016-11-24T11:26:03+02:00</sln:miejscIIPWersja><sln:miejscIdTeryt>0590125</sln:miejscIdTeryt><sln:miejscNazwa>Wojnówko</sln:miejscNazwa><sln:miejscRodzaj>Wieś</sln:miejscRodzaj><sln:powIIPId>f5c4ac99-7db7-4d8d-a453-e88e9942fbad</sln:powIIPId><sln:powIIPPn>PL.PZGIK.200</sln:powIIPPn><sln:powIIPWersja>2012-09-27T08:59:03+02:00</sln:powIIPWersja><sln:powIdTeryt>3021</sln:powIdTeryt><sln:powNazwa>poznański</sln:powNazwa><sln:waznyOd>2011-11-15T00:00:00+01:00</sln:waznyOd><sln:wojIIPId>c606b01a-76c8-480d-9470-f24ca0d7a613</sln:wojIIPId><sln:wojIIPPn>PL.PZGIK.200</sln:wojIIPPn><sln:wojIIPWersja>2016-05-05T18:20:48+02:00</sln:wojIIPWersja><sln:wojIdTeryt>30</sln:wojIdTeryt><sln:wojNazwa>wielkopolskie</sln:wojNazwa></sln:miejscowosc><sln:miejscowosc><sln:cyklZyciaDo>2017-03-31T00:00:00+02:00</sln:cyklZyciaDo><sln:cyklZyciaOd>2015-10-21T00:00:00+02:00</sln:cyklZyciaOd><sln:gmIIPId>f60bfbb3-490a-430b-8f0e-f226f91049ad</sln:gmIIPId><sln:gmIIPPn>PL.PZGIK.200</sln:gmIIPPn><sln:gmIIPWersja>2012-09-26T22:23:02+02:00</sln:gmIIPWersja><sln:gmIdTeryt>3021113</sln:gmIdTeryt><sln:gmNazwa>Murowana Goślina</sln:gmNazwa><sln:miejscIIPId>fefde9a3-d630-40cf-98ce-c0df8c122b26</sln:miejscIIPId><sln:miejscIIPPn>PL.PZGIK.200</sln:miejscIIPPn><sln:miejscIIPWersja>2016-11-24T11:26:03+02:00</sln:miejscIIPWersja><sln:miejscIdTeryt>0589889</sln:miejscIdTeryt><sln:miejscNazwa>Worowo</sln:miejscNazwa><sln:miejscRodzaj>Osada</sln:miejscRodzaj><sln:powIIPId>f5c4ac99-7db7-4d8d-a453-e88e9942fbad</sln:powIIPId><sln:powIIPPn>PL.PZGIK.200</sln:powIIPPn><sln:powIIPWersja>2012-09-27T08:59:03+02:00</sln:powIIPWersja><sln:powIdTeryt>3021</sln:powIdTeryt><sln:powNazwa>poznański</sln:powNazwa><sln:waznyOd>2011-11-15T00:00:00+01:00</sln:waznyOd><sln:wojIIPId>c606b01a-76c8-480d-9470-f24ca0d7a613</sln:wojIIPId><sln:wojIIPPn>PL.PZGIK.200</sln:wojIIPPn><sln:wojIIPWersja>2016-05-05T18:20:48+02:00</sln:wojIIPWersja><sln:wojIdTeryt>30</sln:wojIdTeryt><sln:wojNazwa>wielkopolskie</sln:wojNazwa></sln:miejscowosc><sln:miejscowosc><sln:cyklZyciaDo>2017-03-31T00:00:00+02:00</sln:cyklZyciaDo><sln:cyklZyciaOd>2015-10-21T00:00:00+02:00</sln:cyklZyciaOd><sln:gmIIPId>f60bfbb3-490a-430b-8f0e-f226f91049ad</sln:gmIIPId><sln:gmIIPPn>PL.PZGIK.200</sln:gmIIPPn><sln:gmIIPWersja>2012-09-26T22:23:02+02:00</sln:gmIIPWersja><sln:gmIdTeryt>3021113</sln:gmIdTeryt><sln:gmNazwa>Murowana Goślina</sln:gmNazwa><sln:miejscIIPId>24a9a334-1261-4bda-8391-0c95f164d66f</sln:miejscIIPId><sln:miejscIIPPn>PL.PZGIK.200</sln:miejscIIPPn><sln:miejscIIPWersja>2016-11-24T11:26:03+02:00</sln:miejscIIPWersja><sln:miejscIdTeryt>0590131</sln:miejscIdTeryt><sln:miejscNazwa>Zielonka</sln:miejscNazwa><sln:miejscRodzaj>Wieś</sln:miejscRodzaj><sln:powIIPId>f5c4ac99-7db7-4d8d-a453-e88e9942fbad</sln:powIIPId><sln:powIIPPn>PL.PZGIK.200</sln:powIIPPn><sln:powIIPWersja>2012-09-27T08:59:03+02:00</sln:powIIPWersja><sln:powIdTeryt>3021</sln:powIdTeryt><sln:powNazwa>poznański</sln:powNazwa><sln:waznyOd>2010-08-03T00:00:00+02:00</sln:waznyOd><sln:wojIIPId>c606b01a-76c8-480d-9470-f24ca0d7a613</sln:wojIIPId><sln:wojIIPPn>PL.PZGIK.200</sln:wojIIPPn><sln:wojIIPWersja>2016-05-05T18:20:48+02:00</sln:wojIIPWersja><sln:wojIdTeryt>30</sln:wojIdTeryt><sln:wojNazwa>wielkopolskie</sln:wojNazwa></sln:miejscowosc><sln:miejscowosc><sln:cyklZyciaDo>2017-03-31T00:00:00+02:00</sln:cyklZyciaDo><sln:cyklZyciaOd>2015-10-21T00:00:00+02:00</sln:cyklZyciaOd><sln:gmIIPId>f60bfbb3-490a-430b-8f0e-f226f91049ad</sln:gmIIPId><sln:gmIIPPn>PL.PZGIK.200</sln:gmIIPPn><sln:gmIIPWersja>2012-09-26T22:23:02+02:00</sln:gmIIPWersja><sln:gmIdTeryt>3021113</sln:gmIdTeryt><sln:gmNazwa>Murowana Goślina</sln:gmNazwa><sln:miejscIIPId>395384fa-a7cf-4008-8fb0-5ba3c53a6c38</sln:miejscIIPId><sln:miejscIIPPn>PL.PZGIK.200</sln:miejscIIPPn><sln:miejscIIPWersja>2016-11-24T11:26:03+02:00</sln:miejscIIPWersja><sln:miejscIdTeryt>0589978</sln:miejscIdTeryt><sln:miejscNazwa>Złotoryjsko</sln:miejscNazwa><sln:miejscRodzaj>Osada</sln:miejscRodzaj><sln:powIIPId>f5c4ac99-7db7-4d8d-a453-e88e9942fbad</sln:powIIPId><sln:powIIPPn>PL.PZGIK.200</sln:powIIPPn><sln:powIIPWersja>2012-09-27T08:59:03+02:00</sln:powIIPWersja><sln:powIdTeryt>3021</sln:powIdTeryt><sln:powNazwa>poznański</sln:powNazwa><sln:waznyOd>2011-11-15T00:00:00+01:00</sln:waznyOd><sln:wojIIPId>c606b01a-76c8-480d-9470-f24ca0d7a613</sln:wojIIPId><sln:wojIIPPn>PL.PZGIK.200</sln:wojIIPPn><sln:wojIIPWersja>2016-05-05T18:20:48+02:00</sln:wojIIPWersja><sln:wojIdTeryt>30</sln:wojIdTeryt><sln:wojNazwa>wielkopolskie</sln:wojNazwa></sln:miejscowosc><sln:miejscowosc><sln:cyklZyciaOd>2017-03-31T00:00:00+02:00</sln:cyklZyciaOd><sln:gmIIPId>f60bfbb3-490a-430b-8f0e-f226f91049ad</sln:gmIIPId><sln:gmIIPPn>PL.PZGIK.200</sln:gmIIPPn><sln:gmIIPWersja>2012-09-26T22:23:02+02:00</sln:gmIIPWersja><sln:gmIdTeryt>3021113</sln:gmIdTeryt><sln:gmNazwa>Murowana Goślina</sln:gmNazwa><sln:miejscIIPId>a2544180-668f-446a-8d19-b333163e06fb</sln:miejscIIPId><sln:miejscIIPPn>PL.PZGIK.200</sln:miejscIIPPn><sln:miejscIIPWersja>2017-03-31T11:45:53+02:00</sln:miejscIIPWersja><sln:miejscIdTeryt>0589777</sln:miejscIdTeryt><sln:miejscNazwa>Białęgi</sln:miejscNazwa><sln:miejscRodzaj>Wieś</sln:miejscRodzaj><sln:powIIPId>f5c4ac99-7db7-4d8d-a453-e88e9942fbad</sln:powIIPId><sln:powIIPPn>PL.PZGIK.200</sln:powIIPPn><sln:powIIPWersja>2012-09-27T08:59:03+02:00</sln:powIIPWersja><sln:powIdTeryt>3021</sln:powIdTeryt><sln:powNazwa>poznański</sln:powNazwa><sln:waznyOd>2010-08-03T00:00:00+02:00</sln:waznyOd><sln:wojIIPId>c606b01a-76c8-480d-9470-f24ca0d7a613</sln:wojIIPId><sln:wojIIPPn>PL.PZGIK.200</sln:wojIIPPn><sln:wojIIPWersja>2016-05-05T18:20:48+02:00</sln:wojIIPWersja><sln:wojIdTeryt>30</sln:wojIdTeryt><sln:wojNazwa>wielkopolskie</sln:wojNazwa></sln:miejscowosc><sln:miejscowosc><sln:cyklZyciaOd>2017-03-31T00:00:00+02:00</sln:cyklZyciaOd><sln:gmIIPId>f60bfbb3-490a-430b-8f0e-f226f91049ad</sln:gmIIPId><sln:gmIIPPn>PL.PZGIK.200</sln:gmIIPPn><sln:gmIIPWersja>2012-09-26T22:23:02+02:00</sln:gmIIPWersja><sln:gmIdTeryt>3021113</sln:gmIdTeryt><sln:gmNazwa>Murowana Goślina</sln:gmNazwa><sln:miejscIIPId>ce8b199b-07ac-44e9-852f-579638e0b192</sln:miejscIIPId><sln:miejscIIPPn>PL.PZGIK.200</sln:miejscIIPPn><sln:miejscIIPWersja>2017-03-31T11:46:00+02:00</sln:miejscIIPWersja><sln:miejscIdTeryt>0589783</sln:miejscIdTeryt><sln:miejscNazwa>Białężyn</sln:miejscNazwa><sln:miejscRodzaj>Wieś</sln:miejscRodzaj><sln:powIIPId>f5c4ac99-7db7-4d8d-a453-e88e9942fbad</sln:powIIPId><sln:powIIPPn>PL.PZGIK.200</sln:powIIPPn><sln:powIIPWersja>2012-09-27T08:59:03+02:00</sln:powIIPWersja><sln:powIdTeryt>3021</sln:powIdTeryt><sln:powNazwa>poznański</sln:powNazwa><sln:waznyOd>2010-08-03T00:00:00+02:00</sln:waznyOd><sln:wojIIPId>c606b01a-76c8-480d-9470-f24ca0d7a613</sln:wojIIPId><sln:wojIIPPn>PL.PZGIK.200</sln:wojIIPPn><sln:wojIIPWersja>2016-05-05T18:20:48+02:00</sln:wojIIPWersja><sln:wojIdTeryt>30</sln:wojIdTeryt><sln:wojNazwa>wielkopolskie</sln:wojNazwa></sln:miejscowosc><sln:miejscowosc><sln:cyklZyciaOd>2017-03-31T00:00:00+02:00</sln:cyklZyciaOd><sln:gmIIPId>f60bfbb3-490a-430b-8f0e-f226f91049ad</sln:gmIIPId><sln:gmIIPPn>PL.PZGIK.200</sln:gmIIPPn><sln:gmIIPWersja>2012-09-26T22:23:02+02:00</sln:gmIIPWersja><sln:gmIdTeryt>3021113</sln:gmIdTeryt><sln:gmNazwa>Murowana Goślina</sln:gmNazwa><sln:miejscIIPId>22bffad0-3907-4bc4-954c-93a8f289729d</sln:miejscIIPId><sln:miejscIIPPn>PL.PZGIK.200</sln:miejscIIPPn><sln:miejscIIPWersja>2017-03-31T11:46:00+02:00</sln:miejscIIPWersja><sln:miejscIdTeryt>0589790</sln:miejscIdTeryt><sln:miejscNazwa>Boduszewo</sln:miejscNazwa><sln:miejscRodzaj>Wieś</sln:miejscRodzaj><sln:powIIPId>f5c4ac99-7db7-4d8d-a453-e88e9942fbad</sln:powIIPId><sln:powIIPPn>PL.PZGIK.200</sln:powIIPPn><sln:powIIPWersja>2012-09-27T08:59:03+02:00</sln:powIIPWersja><sln:powIdTeryt>3021</sln:powIdTeryt><sln:powNazwa>poznański</sln:powNazwa><sln:waznyOd>2010-08-03T00:00:00+02:00</sln:waznyOd><sln:wojIIPId>c606b01a-76c8-480d-9470-f24ca0d7a613</sln:wojIIPId><sln:wojIIPPn>PL.PZGIK.200</sln:wojIIPPn><sln:wojIIPWersja>2016-05-05T18:20:48+02:00</sln:wojIIPWersja><sln:wojIdTeryt>30</sln:wojIdTeryt><sln:wojNazwa>wielkopolskie</sln:wojNazwa></sln:miejscowosc><sln:miejscowosc><sln:cyklZyciaOd>2017-03-31T00:00:00+02:00</sln:cyklZyciaOd><sln:gmIIPId>f60bfbb3-490a-430b-8f0e-f226f91049ad</sln:gmIIPId><sln:gmIIPPn>PL.PZGIK.200</sln:gmIIPPn><sln:gmIIPWersja>2012-09-26T22:23:02+02:00</sln:gmIIPWersja><sln:gmIdTeryt>3021113</sln:gmIdTeryt><sln:gmNazwa>Murowana Goślina</sln:gmNazwa><sln:miejscIIPId>308fe5e2-2a07-445c-86e5-36ae98b5be54</sln:miejscIIPId><sln:miejscIIPPn>PL.PZGIK.200</sln:miejscIIPPn><sln:miejscIIPWersja>2017-03-31T11:46:00+02:00</sln:miejscIIPWersja><sln:miejscIdTeryt>0589808</sln:miejscIdTeryt><sln:miejscNazwa>Boduszewo Leśniczówka</sln:miejscNazwa><sln:miejscRodzaj>Osada leśna</sln:miejscRodzaj><sln:powIIPId>f5c4ac99-7db7-4d8d-a453-e88e9942fbad</sln:powIIPId><sln:powIIPPn>PL.PZGIK.200</sln:powIIPPn><sln:powIIPWersja>2012-09-27T08:59:03+02:00</sln:powIIPWersja><sln:powIdTeryt>3021</sln:powIdTeryt><sln:powNazwa>poznański</sln:powNazwa><sln:waznyOd>2012-11-08T00:00:00+01:00</sln:waznyOd><sln:wojIIPId>c606b01a-76c8-480d-9470-f24ca0d7a613</sln:wojIIPId><sln:wojIIPPn>PL.PZGIK.200</sln:wojIIPPn><sln:wojIIPWersja>2016-05-05T18:20:48+02:00</sln:wojIIPWersja><sln:wojIdTeryt>30</sln:wojIdTeryt><sln:wojNazwa>wielkopolskie</sln:wojNazwa></sln:miejscowosc><sln:miejscowosc><sln:cyklZyciaOd>2017-03-31T00:00:00+02:00</sln:cyklZyciaOd><sln:gmIIPId>f60bfbb3-490a-430b-8f0e-f226f91049ad</sln:gmIIPId><sln:gmIIPPn>PL.PZGIK.200</sln:gmIIPPn><sln:gmIIPWersja>2012-09-26T22:23:02+02:00</sln:gmIIPWersja><sln:gmIdTeryt>3021113</sln:gmIdTeryt><sln:gmNazwa>Murowana Goślina</sln:gmNazwa><sln:miejscIIPId>4305ef8a-ce0d-42ae-b750-c2096db67170</sln:miejscIIPId><sln:miejscIIPPn>PL.PZGIK.200</sln:miejscIIPPn><sln:miejscIIPWersja>2017-03-31T11:46:01+02:00</sln:miejscIIPWersja><sln:miejscIdTeryt>0589814</sln:miejscIdTeryt><sln:miejscNazwa>Długa Goślina</sln:miejscNazwa><sln:miejscRodzaj>Wieś</sln:miejscRodzaj><sln:powIIPId>f5c4ac99-7db7-4d8d-a453-e88e9942fbad</sln:powIIPId><sln:powIIPPn>PL.PZGIK.200</sln:powIIPPn><sln:powIIPWersja>2012-09-27T08:59:03+02:00</sln:powIIPWersja><sln:powIdTeryt>3021</sln:powIdTeryt><sln:powNazwa>poznański</sln:powNazwa><sln:waznyOd>2010-08-03T00:00:00+02:00</sln:waznyOd><sln:wojIIPId>c606b01a-76c8-480d-9470-f24ca0d7a613</sln:wojIIPId><sln:wojIIPPn>PL.PZGIK.200</sln:wojIIPPn><sln:wojIIPWersja>2016-05-05T18:20:48+02:00</sln:wojIIPWersja><sln:wojIdTeryt>30</sln:wojIdTeryt><sln:wojNazwa>wielkopolskie</sln:wojNazwa></sln:miejscowosc><sln:miejscowosc><sln:cyklZyciaOd>2017-03-31T00:00:00+02:00</sln:cyklZyciaOd><sln:gmIIPId>f60bfbb3-490a-430b-8f0e-f226f91049ad</sln:gmIIPId><sln:gmIIPPn>PL.PZGIK.200</sln:gmIIPPn><sln:gmIIPWersja>2012-09-26T22:23:02+02:00</sln:gmIIPWersja><sln:gmIdTeryt>3021113</sln:gmIdTeryt><sln:gmNazwa>Murowana Goślina</sln:gmNazwa><sln:miejscIIPId>5f252949-5352-4842-b35f-02868380ce5f</sln:miejscIIPId><sln:miejscIIPPn>PL.PZGIK.200</sln:miejscIIPPn><sln:miejscIIPWersja>2017-03-31T11:46:01+02:00</sln:miejscIIPWersja><sln:miejscIdTeryt>0589820</sln:miejscIdTeryt><sln:miejscNazwa>Kąty</sln:miejscNazwa><sln:miejscRodzaj>Osada leśna</sln:miejscRodzaj><sln:powIIPId>f5c4ac99-7db7-4d8d-a453-e88e9942fbad</sln:powIIPId><sln:powIIPPn>PL.PZGIK.200</sln:powIIPPn><sln:powIIPWersja>2012-09-27T08:59:03+02:00</sln:powIIPWersja><sln:powIdTeryt>3021</sln:powIdTeryt><sln:powNazwa>poznański</sln:powNazwa><sln:waznyOd>2011-11-15T00:00:00+01:00</sln:waznyOd><sln:wojIIPId>c606b01a-76c8-480d-9470-f24ca0d7a613</sln:wojIIPId><sln:wojIIPPn>PL.PZGIK.200</sln:wojIIPPn><sln:wojIIPWersja>2016-05-05T18:20:48+02:00</sln:wojIIPWersja><sln:wojIdTeryt>30</sln:wojIdTeryt><sln:wojNazwa>wielkopolskie</sln:wojNazwa></sln:miejscowosc><sln:miejscowosc><sln:cyklZyciaOd>2017-03-31T00:00:00+02:00</sln:cyklZyciaOd><sln:gmIIPId>f60bfbb3-490a-430b-8f0e-f226f91049ad</sln:gmIIPId><sln:gmIIPPn>PL.PZGIK.200</sln:gmIIPPn><sln:gmIIPWersja>2012-09-26T22:23:02+02:00</sln:gmIIPWersja><sln:gmIdTeryt>3021113</sln:gmIdTeryt><sln:gmNazwa>Murowana Goślina</sln:gmNazwa><sln:miejscIIPId>33666419-25e1-4f86-b0c1-87dbfe9ce500</sln:miejscIIPId><sln:miejscIIPPn>PL.PZGIK.200</sln:miejscIIPPn><sln:miejscIIPWersja>2017-03-31T11:46:01+02:00</sln:miejscIIPWersja><sln:miejscIdTeryt>0589843</sln:miejscIdTeryt><sln:miejscNazwa>Łoskoń Leśniczówka</sln:miejscNazwa><sln:miejscRodzaj>Osada leśna</sln:miejscRodzaj><sln:powIIPId>f5c4ac99-7db7-4d8d-a453-e88e9942fbad</sln:powIIPId><sln:powIIPPn>PL.PZGIK.200</sln:powIIPPn><sln:powIIPWersja>2012-09-27T08:59:03+02:00</sln:powIIPWersja><sln:powIdTeryt>3021</sln:powIdTeryt><sln:powNazwa>poznański</sln:powNazwa><sln:waznyOd>2012-11-08T00:00:00+01:00</sln:waznyOd><sln:wojIIPId>c606b01a-76c8-480d-9470-f24ca0d7a613</sln:wojIIPId><sln:wojIIPPn>PL.PZGIK.200</sln:wojIIPPn><sln:wojIIPWersja>2016-05-05T18:20:48+02:00</sln:wojIIPWersja><sln:wojIdTeryt>30</sln:wojIdTeryt><sln:wojNazwa>wielkopolskie</sln:wojNazwa></sln:miejscowosc><sln:miejscowosc><sln:cyklZyciaOd>2017-03-31T00:00:00+02:00</sln:cyklZyciaOd><sln:gmIIPId>f60bfbb3-490a-430b-8f0e-f226f91049ad</sln:gmIIPId><sln:gmIIPPn>PL.PZGIK.200</sln:gmIIPPn><sln:gmIIPWersja>2012-09-26T22:23:02+02:00</sln:gmIIPWersja><sln:gmIdTeryt>3021113</sln:gmIdTeryt><sln:gmNazwa>Murowana Goślina</sln:gmNazwa><sln:miejscIIPId>883621b0-1fd2-4454-b350-0825a58c49e8</sln:miejscIIPId><sln:miejscIIPPn>PL.PZGIK.200</sln:miejscIIPPn><sln:miejscIIPWersja>2017-03-31T11:46:01+02:00</sln:miejscIIPWersja><sln:miejscIdTeryt>0589850</sln:miejscIdTeryt><sln:miejscNazwa>Głębocko</sln:miejscNazwa><sln:miejscRodzaj>Wieś</sln:miejscRodzaj><sln:powIIPId>f5c4ac99-7db7-4d8d-a453-e88e9942fbad</sln:powIIPId><sln:powIIPPn>PL.PZGIK.200</sln:powIIPPn><sln:powIIPWersja>2012-09-27T08:59:03+02:00</sln:powIIPWersja><sln:powIdTeryt>3021</sln:powIdTeryt><sln:powNazwa>poznański</sln:powNazwa><sln:waznyOd>2010-08-03T00:00:00+02:00</sln:waznyOd><sln:wojIIPId>c606b01a-76c8-480d-9470-f24ca0d7a613</sln:wojIIPId><sln:wojIIPPn>PL.PZGIK.200</sln:wojIIPPn><sln:wojIIPWersja>2016-05-05T18:20:48+02:00</sln:wojIIPWersja><sln:wojIdTeryt>30</sln:wojIdTeryt><sln:wojNazwa>wielkopolskie</sln:wojNazwa></sln:miejscowosc><sln:miejscowosc><sln:cyklZyciaOd>2017-03-31T00:00:00+02:00</sln:cyklZyciaOd><sln:gmIIPId>f60bfbb3-490a-430b-8f0e-f226f91049ad</sln:gmIIPId><sln:gmIIPPn>PL.PZGIK.200</sln:gmIIPPn><sln:gmIIPWersja>2012-09-26T22:23:02+02:00</sln:gmIIPWersja><sln:gmIdTeryt>3021113</sln:gmIdTeryt><sln:gmNazwa>Murowana Goślina</sln:gmNazwa><sln:miejscIIPId>90ca3aff-2e66-495b-ab47-073ec6d74662</sln:miejscIIPId><sln:miejscIIPPn>PL.PZGIK.200</sln:miejscIIPPn><sln:miejscIIPWersja>2017-03-31T11:46:01+02:00</sln:miejscIIPWersja><sln:miejscIdTeryt>0589866</sln:miejscIdTeryt><sln:miejscNazwa>Łopuchówko</sln:miejscNazwa><sln:miejscRodzaj>Osada leśna</sln:miejscRodzaj><sln:powIIPId>f5c4ac99-7db7-4d8d-a453-e88e9942fbad</sln:powIIPId><sln:powIIPPn>PL.PZGIK.200</sln:powIIPPn><sln:powIIPWersja>2012-09-27T08:59:03+02:00</sln:powIIPWersja><sln:powIdTeryt>3021</sln:powIdTeryt><sln:powNazwa>poznański</sln:powNazwa><sln:waznyOd>2011-11-15T00:00:00+01:00</sln:waznyOd><sln:wojIIPId>c606b01a-76c8-480d-9470-f24ca0d7a613</sln:wojIIPId><sln:wojIIPPn>PL.PZGIK.200</sln:wojIIPPn><sln:wojIIPWersja>2016-05-05T18:20:48+02:00</sln:wojIIPWersja><sln:wojIdTeryt>30</sln:wojIdTeryt><sln:wojNazwa>wielkopolskie</sln:wojNazwa></sln:miejscowosc><sln:miejscowosc><sln:cyklZyciaOd>2017-03-31T00:00:00+02:00</sln:cyklZyciaOd><sln:gmIIPId>f60bfbb3-490a-430b-8f0e-f226f91049ad</sln:gmIIPId><sln:gmIIPPn>PL.PZGIK.200</sln:gmIIPPn><sln:gmIIPWersja>2012-09-26T22:23:02+02:00</sln:gmIIPWersja><sln:gmIdTeryt>3021113</sln:gmIdTeryt><sln:gmNazwa>Murowana Goślina</sln:gmNazwa><sln:miejscIIPId>fefde9a3-d630-40cf-98ce-c0df8c122b26</sln:miejscIIPId><sln:miejscIIPPn>PL.PZGIK.200</sln:miejscIIPPn><sln:miejscIIPWersja>2017-03-31T11:46:01+02:00</sln:miejscIIPWersja><sln:miejscIdTeryt>0589889</sln:miejscIdTeryt><sln:miejscNazwa>Worowo</sln:miejscNazwa><sln:miejscRodzaj>Osada</sln:miejscRodzaj><sln:powIIPId>f5c4ac99-7db7-4d8d-a453-e88e9942fbad</sln:powIIPId><sln:powIIPPn>PL.PZGIK.200</sln:powIIPPn><sln:powIIPWersja>2012-09-27T08:59:03+02:00</sln:powIIPWersja><sln:powIdTeryt>3021</sln:powIdTeryt><sln:powNazwa>poznański</sln:powNazwa><sln:waznyOd>2011-11-15T00:00:00+01:00</sln:waznyOd><sln:wojIIPId>c606b01a-76c8-480d-9470-f24ca0d7a613</sln:wojIIPId><sln:wojIIPPn>PL.PZGIK.200</sln:wojIIPPn><sln:wojIIPWersja>2016-05-05T18:20:48+02:00</sln:wojIIPWersja><sln:wojIdTeryt>30</sln:wojIdTeryt><sln:wojNazwa>wielkopolskie</sln:wojNazwa></sln:miejscowosc><sln:miejscowosc><sln:cyklZyciaOd>2017-03-31T00:00:00+02:00</sln:cyklZyciaOd><sln:gmIIPId>f60bfbb3-490a-430b-8f0e-f226f91049ad</sln:gmIIPId><sln:gmIIPPn>PL.PZGIK.200</sln:gmIIPPn><sln:gmIIPWersja>2012-09-26T22:23:02+02:00</sln:gmIIPWersja><sln:gmIdTeryt>3021113</sln:gmIdTeryt><sln:gmNazwa>Murowana Goślina</sln:gmNazwa><sln:miejscIIPId>4371d514-a8b0-4331-a461-0c1780b7965c</sln:miejscIIPId><sln:miejscIIPPn>PL.PZGIK.200</sln:miejscIIPPn><sln:miejscIIPWersja>2017-03-31T11:46:01+02:00</sln:miejscIIPWersja><sln:miejscIdTeryt>0589895</sln:miejscIdTeryt><sln:miejscNazwa>Głęboczek</sln:miejscNazwa><sln:miejscRodzaj>Wieś</sln:miejscRodzaj><sln:powIIPId>f5c4ac99-7db7-4d8d-a453-e88e9942fbad</sln:powIIPId><sln:powIIPPn>PL.PZGIK.200</sln:powIIPPn><sln:powIIPWersja>2012-09-27T08:59:03+02:00</sln:powIIPWersja><sln:powIdTeryt>3021</sln:powIdTeryt><sln:powNazwa>poznański</sln:powNazwa><sln:waznyOd>2010-08-03T00:00:00+02:00</sln:waznyOd><sln:wojIIPId>c606b01a-76c8-480d-9470-f24ca0d7a613</sln:wojIIPId><sln:wojIIPPn>PL.PZGIK.200</sln:wojIIPPn><sln:wojIIPWersja>2016-05-05T18:20:48+02:00</sln:wojIIPWersja><sln:wojIdTeryt>30</sln:wojIdTeryt><sln:wojNazwa>wielkopolskie</sln:wojNazwa></sln:miejscowosc><sln:miejscowosc><sln:cyklZyciaOd>2017-03-31T00:00:00+02:00</sln:cyklZyciaOd><sln:gmIIPId>f60bfbb3-490a-430b-8f0e-f226f91049ad</sln:gmIIPId><sln:gmIIPPn>PL.PZGIK.200</sln:gmIIPPn><sln:gmIIPWersja>2012-09-26T22:23:02+02:00</sln:gmIIPWersja><sln:gmIdTeryt>3021113</sln:gmIdTeryt><sln:gmNazwa>Murowana Goślina</sln:gmNazwa><sln:miejscIIPId>ad8760f3-ef3c-4d73-b7a4-c3fffc82a7b7</sln:miejscIIPId><sln:miejscIIPPn>PL.PZGIK.200</sln:miejscIIPPn><sln:miejscIIPWersja>2017-03-31T11:46:01+02:00</sln:miejscIIPWersja><sln:miejscIdTeryt>0589910</sln:miejscIdTeryt><sln:miejscNazwa>Kamińsko</sln:miejscNazwa><sln:miejscRodzaj>Wieś</sln:miejscRodzaj><sln:powIIPId>f5c4ac99-7db7-4d8d-a453-e88e9942fbad</sln:powIIPId><sln:powIIPPn>PL.PZGIK.200</sln:powIIPPn><sln:powIIPWersja>2012-09-27T08:59:03+02:00</sln:powIIPWersja><sln:powIdTeryt>3021</sln:powIdTeryt><sln:powNazwa>poznański</sln:powNazwa><sln:waznyOd>2010-08-03T00:00:00+02:00</sln:waznyOd><sln:wojIIPId>c606b01a-76c8-480d-9470-f24ca0d7a613</sln:wojIIPId><sln:wojIIPPn>PL.PZGIK.200</sln:wojIIPPn><sln:wojIIPWersja>2016-05-05T18:20:48+02:00</sln:wojIIPWersja><sln:wojIdTeryt>30</sln:wojIdTeryt><sln:wojNazwa>wielkopolskie</sln:wojNazwa></sln:miejscowosc><sln:miejscowosc><sln:cyklZyciaOd>2017-03-31T00:00:00+02:00</sln:cyklZyciaOd><sln:gmIIPId>f60bfbb3-490a-430b-8f0e-f226f91049ad</sln:gmIIPId><sln:gmIIPPn>PL.PZGIK.200</sln:gmIIPPn><sln:gmIIPWersja>2012-09-26T22:23:02+02:00</sln:gmIIPWersja><sln:gmIdTeryt>3021113</sln:gmIdTeryt><sln:gmNazwa>Murowana Goślina</sln:gmNazwa><sln:miejscIIPId>53fc782d-fe1f-4d56-9eb8-26473ca37d58</sln:miejscIIPId><sln:miejscIIPPn>PL.PZGIK.200</sln:miejscIIPPn><sln:miejscIIPWersja>2017-03-31T11:46:01+02:00</sln:miejscIIPWersja><sln:miejscIdTeryt>0589926</sln:miejscIdTeryt><sln:miejscNazwa>Pławno</sln:miejscNazwa><sln:miejscRodzaj>Wieś</sln:miejscRodzaj><sln:powIIPId>f5c4ac99-7db7-4d8d-a453-e88e9942fbad</sln:powIIPId><sln:powIIPPn>PL.PZGIK.200</sln:powIIPPn><sln:powIIPWersja>2012-09-27T08:59:03+02:00</sln:powIIPWersja><sln:powIdTeryt>3021</sln:powIdTeryt><sln:powNazwa>poznański</sln:powNazwa><sln:waznyOd>2011-11-15T00:00:00+01:00</sln:waznyOd><sln:wojIIPId>c606b01a-76c8-480d-9470-f24ca0d7a613</sln:wojIIPId><sln:wojIIPPn>PL.PZGIK.200</sln:wojIIPPn><sln:wojIIPWersja>2016-05-05T18:20:48+02:00</sln:wojIIPWersja><sln:wojIdTeryt>30</sln:wojIdTeryt><sln:wojNazwa>wielkopolskie</sln:wojNazwa></sln:miejscowosc><sln:miejscowosc><sln:cyklZyciaOd>2017-03-31T00:00:00+02:00</sln:cyklZyciaOd><sln:gmIIPId>f60bfbb3-490a-430b-8f0e-f226f91049ad</sln:gmIIPId><sln:gmIIPPn>PL.PZGIK.200</sln:gmIIPPn><sln:gmIIPWersja>2012-09-26T22:23:02+02:00</sln:gmIIPWersja><sln:gmIdTeryt>3021113</sln:gmIdTeryt><sln:gmNazwa>Murowana Goślina</sln:gmNazwa><sln:miejscIIPId>b29d2f73-9bff-4c11-baae-0d5a0ea678c5</sln:miejscIIPId><sln:miejscIIPPn>PL.PZGIK.200</sln:miejscIIPPn><sln:miejscIIPWersja>2017-03-31T11:46:01+02:00</sln:miejscIIPWersja><sln:miejscIdTeryt>0589932</sln:miejscIdTeryt><sln:miejscNazwa>Łopuchowo</sln:miejscNazwa><sln:miejscRodzaj>Wieś</sln:miejscRodzaj><sln:powIIPId>f5c4ac99-7db7-4d8d-a453-e88e9942fbad</sln:powIIPId><sln:powIIPPn>PL.PZGIK.200</sln:powIIPPn><sln:powIIPWersja>2012-09-27T08:59:03+02:00</sln:powIIPWersja><sln:powIdTeryt>3021</sln:powIdTeryt><sln:powNazwa>poznański</sln:powNazwa><sln:waznyOd>2010-08-03T00:00:00+02:00</sln:waznyOd><sln:wojIIPId>c606b01a-76c8-480d-9470-f24ca0d7a613</sln:wojIIPId><sln:wojIIPPn>PL.PZGIK.200</sln:wojIIPPn><sln:wojIIPWersja>2016-05-05T18:20:48+02:00</sln:wojIIPWersja><sln:wojIdTeryt>30</sln:wojIdTeryt><sln:wojNazwa>wielkopolskie</sln:wojNazwa></sln:miejscowosc><sln:miejscowosc><sln:cyklZyciaOd>2017-03-31T00:00:00+02:00</sln:cyklZyciaOd><sln:gmIIPId>f60bfbb3-490a-430b-8f0e-f226f91049ad</sln:gmIIPId><sln:gmIIPPn>PL.PZGIK.200</sln:gmIIPPn><sln:gmIIPWersja>2012-09-26T22:23:02+02:00</sln:gmIIPWersja><sln:gmIdTeryt>3021113</sln:gmIdTeryt><sln:gmNazwa>Murowana Goślina</sln:gmNazwa><sln:miejscIIPId>9ccbfbff-9063-43a1-ad6a-1b72f67bacae</sln:miejscIIPId><sln:miejscIIPPn>PL.PZGIK.200</sln:miejscIIPPn><sln:miejscIIPWersja>2017-03-31T11:46:01+02:00</sln:miejscIIPWersja><sln:miejscIdTeryt>0589949</sln:miejscIdTeryt><sln:miejscNazwa>Gać</sln:miejscNazwa><sln:miejscRodzaj>Inny obiekt</sln:miejscRodzaj><sln:powIIPId>f5c4ac99-7db7-4d8d-a453-e88e9942fbad</sln:powIIPId><sln:powIIPPn>PL.PZGIK.200</sln:powIIPPn><sln:powIIPWersja>2012-09-27T08:59:03+02:00</sln:powIIPWersja><sln:powIdTeryt>3021</sln:powIdTeryt><sln:powNazwa>poznański</sln:powNazwa><sln:waznyOd>2011-11-15T00:00:00+01:00</sln:waznyOd><sln:wojIIPId>c606b01a-76c8-480d-9470-f24ca0d7a613</sln:wojIIPId><sln:wojIIPPn>PL.PZGIK.200</sln:wojIIPPn><sln:wojIIPWersja>2016-05-05T18:20:48+02:00</sln:wojIIPWersja><sln:wojIdTeryt>30</sln:wojIdTeryt><sln:wojNazwa>wielkopolskie</sln:wojNazwa></sln:miejscowosc><sln:miejscowosc><sln:cyklZyciaOd>2017-03-31T00:00:00+02:00</sln:cyklZyciaOd><sln:gmIIPId>f60bfbb3-490a-430b-8f0e-f226f91049ad</sln:gmIIPId><sln:gmIIPPn>PL.PZGIK.200</sln:gmIIPPn><sln:gmIIPWersja>2012-09-26T22:23:02+02:00</sln:gmIIPWersja><sln:gmIdTeryt>3021113</sln:gmIdTeryt><sln:gmNazwa>Murowana Goślina</sln:gmNazwa><sln:miejscIIPId>a3c7fa31-7249-47ab-a2da-f7968e31f550</sln:miejscIIPId><sln:miejscIIPPn>PL.PZGIK.200</sln:miejscIIPPn><sln:miejscIIPWersja>2017-03-31T11:46:02+02:00</sln:miejscIIPWersja><sln:miejscIdTeryt>0589955</sln:miejscIdTeryt><sln:miejscNazwa>Mściszewo</sln:miejscNazwa><sln:miejscRodzaj>Wieś</sln:miejscRodzaj><sln:powIIPId>f5c4ac99-7db7-4d8d-a453-e88e9942fbad</sln:powIIPId><sln:powIIPPn>PL.PZGIK.200</sln:powIIPPn><sln:powIIPWersja>2012-09-27T08:59:03+02:00</sln:powIIPWersja><sln:powIdTeryt>3021</sln:powIdTeryt><sln:powNazwa>poznański</sln:powNazwa><sln:waznyOd>2010-08-03T00:00:00+02:00</sln:waznyOd><sln:wojIIPId>c606b01a-76c8-480d-9470-f24ca0d7a613</sln:wojIIPId><sln:wojIIPPn>PL.PZGIK.200</sln:wojIIPPn><sln:wojIIPWersja>2016-05-05T18:20:48+02:00</sln:wojIIPWersja><sln:wojIdTeryt>30</sln:wojIdTeryt><sln:wojNazwa>wielkopolskie</sln:wojNazwa></sln:miejscowosc><sln:miejscowosc><sln:cyklZyciaOd>2017-03-31T00:00:00+02:00</sln:cyklZyciaOd><sln:gmIIPId>f60bfbb3-490a-430b-8f0e-f226f91049ad</sln:gmIIPId><sln:gmIIPPn>PL.PZGIK.200</sln:gmIIPPn><sln:gmIIPWersja>2012-09-26T22:23:02+02:00</sln:gmIIPWersja><sln:gmIdTeryt>3021113</sln:gmIdTeryt><sln:gmNazwa>Murowana Goślina</sln:gmNazwa><sln:miejscIIPId>2cebc4f4-9699-4604-b80b-4fb8adf45321</sln:miejscIIPId><sln:miejscIIPPn>PL.PZGIK.200</sln:miejscIIPPn><sln:miejscIIPWersja>2017-03-31T11:46:02+02:00</sln:miejscIIPWersja><sln:miejscIdTeryt>0589961</sln:miejscIdTeryt><sln:miejscNazwa>Raduszyn</sln:miejscNazwa><sln:miejscRodzaj>Osada</sln:miejscRodzaj><sln:powIIPId>f5c4ac99-7db7-4d8d-a453-e88e9942fbad</sln:powIIPId><sln:powIIPPn>PL.PZGIK.200</sln:powIIPPn><sln:powIIPWersja>2012-09-27T08:59:03+02:00</sln:powIIPWersja><sln:powIdTeryt>3021</sln:powIdTeryt><sln:powNazwa>poznański</sln:powNazwa><sln:waznyOd>2011-11-15T00:00:00+01:00</sln:waznyOd><sln:wojIIPId>c606b01a-76c8-480d-9470-f24ca0d7a613</sln:wojIIPId><sln:wojIIPPn>PL.PZGIK.200</sln:wojIIPPn><sln:wojIIPWersja>2016-05-05T18:20:48+02:00</sln:wojIIPWersja><sln:wojIdTeryt>30</sln:wojIdTeryt><sln:wojNazwa>wielkopolskie</sln:wojNazwa></sln:miejscowosc><sln:miejscowosc><sln:cyklZyciaOd>2017-03-31T00:00:00+02:00</sln:cyklZyciaOd><sln:gmIIPId>f60bfbb3-490a-430b-8f0e-f226f91049ad</sln:gmIIPId><sln:gmIIPPn>PL.PZGIK.200</sln:gmIIPPn><sln:gmIIPWersja>2012-09-26T22:23:02+02:00</sln:gmIIPWersja><sln:gmIdTeryt>3021113</sln:gmIdTeryt><sln:gmNazwa>Murowana Goślina</sln:gmNazwa><sln:miejscIIPId>395384fa-a7cf-4008-8fb0-5ba3c53a6c38</sln:miejscIIPId><sln:miejscIIPPn>PL.PZGIK.200</sln:miejscIIPPn><sln:miejscIIPWersja>2017-03-31T11:46:02+02:00</sln:miejscIIPWersja><sln:miejscIdTeryt>0589978</sln:miejscIdTeryt><sln:miejscNazwa>Złotoryjsko</sln:miejscNazwa><sln:miejscRodzaj>Osada</sln:miejscRodzaj><sln:powIIPId>f5c4ac99-7db7-4d8d-a453-e88e9942fbad</sln:powIIPId><sln:powIIPPn>PL.PZGIK.200</sln:powIIPPn><sln:powIIPWersja>2012-09-27T08:59:03+02:00</sln:powIIPWersja><sln:powIdTeryt>3021</sln:powIdTeryt><sln:powNazwa>poznański</sln:powNazwa><sln:waznyOd>2011-11-15T00:00:00+01:00</sln:waznyOd><sln:wojIIPId>c606b01a-76c8-480d-9470-f24ca0d7a613</sln:wojIIPId><sln:wojIIPPn>PL.PZGIK.200</sln:wojIIPPn><sln:wojIIPWersja>2016-05-05T18:20:48+02:00</sln:wojIIPWersja><sln:wojIdTeryt>30</sln:wojIdTeryt><sln:wojNazwa>wielkopolskie</sln:wojNazwa></sln:miejscowosc><sln:miejscowosc><sln:cyklZyciaOd>2017-03-31T00:00:00+02:00</sln:cyklZyciaOd><sln:gmIIPId>f60bfbb3-490a-430b-8f0e-f226f91049ad</sln:gmIIPId><sln:gmIIPPn>PL.PZGIK.200</sln:gmIIPPn><sln:gmIIPWersja>2012-09-26T22:23:02+02:00</sln:gmIIPWersja><sln:gmIdTeryt>3021113</sln:gmIdTeryt><sln:gmNazwa>Murowana Goślina</sln:gmNazwa><sln:miejscIIPId>cc79f905-2a71-422d-8abf-46acb2851390</sln:miejscIIPId><sln:miejscIIPPn>PL.PZGIK.200</sln:miejscIIPPn><sln:miejscIIPWersja>2017-03-31T11:46:02+02:00</sln:miejscIIPWersja><sln:miejscIdTeryt>0589984</sln:miejscIdTeryt><sln:miejscNazwa>Nieszawa</sln:miejscNazwa><sln:miejscRodzaj>Wieś</sln:miejscRodzaj><sln:powIIPId>f5c4ac99-7db7-4d8d-a453-e88e9942fbad</sln:powIIPId><sln:powIIPPn>PL.PZGIK.200</sln:powIIPPn><sln:powIIPWersja>2012-09-27T08:59:03+02:00</sln:powIIPWersja><sln:powIdTeryt>3021</sln:powIdTeryt><sln:powNazwa>poznański</sln:powNazwa><sln:waznyOd>2010-08-03T00:00:00+02:00</sln:waznyOd><sln:wojIIPId>c606b01a-76c8-480d-9470-f24ca0d7a613</sln:wojIIPId><sln:wojIIPPn>PL.PZGIK.200</sln:wojIIPPn><sln:wojIIPWersja>2016-05-05T18:20:48+02:00</sln:wojIIPWersja><sln:wojIdTeryt>30</sln:wojIdTeryt><sln:wojNazwa>wielkopolskie</sln:wojNazwa></sln:miejscowosc><sln:miejscowosc><sln:cyklZyciaOd>2017-03-31T00:00:00+02:00</sln:cyklZyciaOd><sln:gmIIPId>f60bfbb3-490a-430b-8f0e-f226f91049ad</sln:gmIIPId><sln:gmIIPPn>PL.PZGIK.200</sln:gmIIPPn><sln:gmIIPWersja>2012-09-26T22:23:02+02:00</sln:gmIIPWersja><sln:gmIdTeryt>3021113</sln:gmIdTeryt><sln:gmNazwa>Murowana Goślina</sln:gmNazwa><sln:miejscIIPId>27dd7996-94dd-4013-b145-8372f72444a8</sln:miejscIIPId><sln:miejscIIPPn>PL.PZGIK.200</sln:miejscIIPPn><sln:miejscIIPWersja>2017-03-31T11:46:02+02:00</sln:miejscIIPWersja><sln:miejscIdTeryt>0589990</sln:miejscIdTeryt><sln:miejscNazwa>Nieszawka</sln:miejscNazwa><sln:miejscRodzaj>Wieś</sln:miejscRodzaj><sln:powIIPId>f5c4ac99-7db7-4d8d-a453-e88e9942fbad</sln:powIIPId><sln:powIIPPn>PL.PZGIK.200</sln:powIIPPn><sln:powIIPWersja>2012-09-27T08:59:03+02:00</sln:powIIPWersja><sln:powIdTeryt>3021</sln:powIdTeryt><sln:powNazwa>poznański</sln:powNazwa><sln:waznyOd>2010-08-03T00:00:00+02:00</sln:waznyOd><sln:wojIIPId>c606b01a-76c8-480d-9470-f24ca0d7a613</sln:wojIIPId><sln:wojIIPPn>PL.PZGIK.200</sln:wojIIPPn><sln:wojIIPWersja>2016-05-05T18:20:48+02:00</sln:wojIIPWersja><sln:wojIdTeryt>30</sln:wojIdTeryt><sln:wojNazwa>wielkopolskie</sln:wojNazwa></sln:miejscowosc><sln:miejscowosc><sln:cyklZyciaOd>2017-03-31T00:00:00+02:00</sln:cyklZyciaOd><sln:gmIIPId>f60bfbb3-490a-430b-8f0e-f226f91049ad</sln:gmIIPId><sln:gmIIPPn>PL.PZGIK.200</sln:gmIIPPn><sln:gmIIPWersja>2012-09-26T22:23:02+02:00</sln:gmIIPWersja><sln:gmIdTeryt>3021113</sln:gmIdTeryt><sln:gmNazwa>Murowana Goślina</sln:gmNazwa><sln:miejscIIPId>af241241-7e89-4b1d-8ea2-51b66caf0529</sln:miejscIIPId><sln:miejscIIPPn>PL.PZGIK.200</sln:miejscIIPPn><sln:miejscIIPWersja>2017-03-31T11:46:02+02:00</sln:miejscIIPWersja><sln:miejscIdTeryt>0590007</sln:miejscIdTeryt><sln:miejscNazwa>Przebędowo</sln:miejscNazwa><sln:miejscRodzaj>Wieś</sln:miejscRodzaj><sln:powIIPId>f5c4ac99-7db7-4d8d-a453-e88e9942fbad</sln:powIIPId><sln:powIIPPn>PL.PZGIK.200</sln:powIIPPn><sln:powIIPWersja>2012-09-27T08:59:03+02:00</sln:powIIPWersja><sln:powIdTeryt>3021</sln:powIdTeryt><sln:powNazwa>poznański</sln:powNazwa><sln:waznyOd>2011-11-15T00:00:00+01:00</sln:waznyOd><sln:wojIIPId>c606b01a-76c8-480d-9470-f24ca0d7a613</sln:wojIIPId><sln:wojIIPPn>PL.PZGIK.200</sln:wojIIPPn><sln:wojIIPWersja>2016-05-05T18:20:48+02:00</sln:wojIIPWersja><sln:wojIdTeryt>30</sln:wojIdTeryt><sln:wojNazwa>wielkopolskie</sln:wojNazwa></sln:miejscowosc><sln:miejscowosc><sln:cyklZyciaOd>2017-03-31T00:00:00+02:00</sln:cyklZyciaOd><sln:gmIIPId>f60bfbb3-490a-430b-8f0e-f226f91049ad</sln:gmIIPId><sln:gmIIPPn>PL.PZGIK.200</sln:gmIIPPn><sln:gmIIPWersja>2012-09-26T22:23:02+02:00</sln:gmIIPWersja><sln:gmIdTeryt>3021113</sln:gmIdTeryt><sln:gmNazwa>Murowana Goślina</sln:gmNazwa><sln:miejscIIPId>4700efda-aee7-493e-ae2f-484715e16055</sln:miejscIIPId><sln:miejscIIPPn>PL.PZGIK.200</sln:miejscIIPPn><sln:miejscIIPWersja>2017-03-31T11:46:02+02:00</sln:miejscIIPWersja><sln:miejscIdTeryt>0590013</sln:miejscIdTeryt><sln:miejscNazwa>Rakownia</sln:miejscNazwa><sln:miejscRodzaj>Wieś</sln:miejscRodzaj><sln:powIIPId>f5c4ac99-7db7-4d8d-a453-e88e9942fbad</sln:powIIPId><sln:powIIPPn>PL.PZGIK.200</sln:powIIPPn><sln:powIIPWersja>2012-09-27T08:59:03+02:00</sln:powIIPWersja><sln:powIdTeryt>3021</sln:powIdTeryt><sln:powNazwa>poznański</sln:powNazwa><sln:waznyOd>2010-08-03T00:00:00+02:00</sln:waznyOd><sln:wojIIPId>c606b01a-76c8-480d-9470-f24ca0d7a613</sln:wojIIPId><sln:wojIIPPn>PL.PZGIK.200</sln:wojIIPPn><sln:wojIIPWersja>2016-05-05T18:20:48+02:00</sln:wojIIPWersja><sln:wojIdTeryt>30</sln:wojIdTeryt><sln:wojNazwa>wielkopolskie</sln:wojNazwa></sln:miejscowosc><sln:miejscowosc><sln:cyklZyciaOd>2017-03-31T00:00:00+02:00</sln:cyklZyciaOd><sln:gmIIPId>f60bfbb3-490a-430b-8f0e-f226f91049ad</sln:gmIIPId><sln:gmIIPPn>PL.PZGIK.200</sln:gmIIPPn><sln:gmIIPWersja>2012-09-26T22:23:02+02:00</sln:gmIIPWersja><sln:gmIdTeryt>3021113</sln:gmIdTeryt><sln:gmNazwa>Murowana Goślina</sln:gmNazwa><sln:miejscIIPId>6fdd99fc-f2fe-4ba8-8d7c-5a9fb44a9e65</sln:miejscIIPId><sln:miejscIIPPn>PL.PZGIK.200</sln:miejscIIPPn><sln:miejscIIPWersja>2017-03-31T11:46:02+02:00</sln:miejscIIPWersja><sln:miejscIdTeryt>0590020</sln:miejscIdTeryt><sln:miejscNazwa>Starczanowo</sln:miejscNazwa><sln:miejscRodzaj>Wieś</sln:miejscRodzaj><sln:powIIPId>f5c4ac99-7db7-4d8d-a453-e88e9942fbad</sln:powIIPId><sln:powIIPPn>PL.PZGIK.200</sln:powIIPPn><sln:powIIPWersja>2012-09-27T08:59:03+02:00</sln:powIIPWersja><sln:powIdTeryt>3021</sln:powIdTeryt><sln:powNazwa>poznański</sln:powNazwa><sln:waznyOd>2015-10-21T00:00:00+02:00</sln:waznyOd><sln:wojIIPId>c606b01a-76c8-480d-9470-f24ca0d7a613</sln:wojIIPId><sln:wojIIPPn>PL.PZGIK.200</sln:wojIIPPn><sln:wojIIPWersja>2016-05-05T18:20:48+02:00</sln:wojIIPWersja><sln:wojIdTeryt>30</sln:wojIdTeryt><sln:wojNazwa>wielkopolskie</sln:wojNazwa></sln:miejscowosc><sln:miejscowosc><sln:cyklZyciaDo>2017-07-14T00:00:00+02:00</sln:cyklZyciaDo><sln:cyklZyciaOd>2017-03-31T00:00:00+02:00</sln:cyklZyciaOd><sln:gmIIPId>f60bfbb3-490a-430b-8f0e-f226f91049ad</sln:gmIIPId><sln:gmIIPPn>PL.PZGIK.200</sln:gmIIPPn><sln:gmIIPWersja>2012-09-26T22:23:02+02:00</sln:gmIIPWersja><sln:gmIdTeryt>3021113</sln:gmIdTeryt><sln:gmNazwa>Murowana Goślina</sln:gmNazwa><sln:miejscIIPId>626adec6-1be8-4121-bdfa-bb595cb2c890</sln:miejscIIPId><sln:miejscIIPPn>PL.PZGIK.200</sln:miejscIIPPn><sln:miejscIIPWersja>2017-03-31T11:46:02+02:00</sln:miejscIIPWersja><sln:miejscIdTeryt>0590036</sln:miejscIdTeryt><sln:miejscNazwa>Starczanowo Leśniczówka</sln:miejscNazwa><sln:miejscRodzaj>Osada leśna</sln:miejscRodzaj><sln:powIIPId>f5c4ac99-7db7-4d8d-a453-e88e9942fbad</sln:powIIPId><sln:powIIPPn>PL.PZGIK.200</sln:powIIPPn><sln:powIIPWersja>2012-09-27T08:59:03+02:00</sln:powIIPWersja><sln:powIdTeryt>3021</sln:powIdTeryt><sln:powNazwa>poznański</sln:powNazwa><sln:waznyOd>2015-10-21T00:00:00+02:00</sln:waznyOd><sln:wojIIPId>c606b01a-76c8-480d-9470-f24ca0d7a613</sln:wojIIPId><sln:wojIIPPn>PL.PZGIK.200</sln:wojIIPPn><sln:wojIIPWersja>2016-05-05T18:20:48+02:00</sln:wojIIPWersja><sln:wojIdTeryt>30</sln:wojIdTeryt><sln:wojNazwa>wielkopolskie</sln:wojNazwa></sln:miejscowosc><sln:miejscowosc><sln:cyklZyciaOd>2017-03-31T00:00:00+02:00</sln:cyklZyciaOd><sln:gmIIPId>f60bfbb3-490a-430b-8f0e-f226f91049ad</sln:gmIIPId><sln:gmIIPPn>PL.PZGIK.200</sln:gmIIPPn><sln:gmIIPWersja>2012-09-26T22:23:02+02:00</sln:gmIIPWersja><sln:gmIdTeryt>3021113</sln:gmIdTeryt><sln:gmNazwa>Murowana Goślina</sln:gmNazwa><sln:miejscIIPId>b1a6e7f9-f85a-49a7-aff8-4c6efafad6b0</sln:miejscIIPId><sln:miejscIIPPn>PL.PZGIK.200</sln:miejscIIPPn><sln:miejscIIPWersja>2017-03-31T11:46:02+02:00</sln:miejscIIPWersja><sln:miejscIdTeryt>0590042</sln:miejscIdTeryt><sln:miejscNazwa>Łoskoń Stary</sln:miejscNazwa><sln:miejscRodzaj>Wieś</sln:miejscRodzaj><sln:powIIPId>f5c4ac99-7db7-4d8d-a453-e88e9942fbad</sln:powIIPId><sln:powIIPPn>PL.PZGIK.200</sln:powIIPPn><sln:powIIPWersja>2012-09-27T08:59:03+02:00</sln:powIIPWersja><sln:powIdTeryt>3021</sln:powIdTeryt><sln:powNazwa>poznański</sln:powNazwa><sln:waznyOd>2012-12-05T00:00:00+01:00</sln:waznyOd><sln:wojIIPId>c606b01a-76c8-480d-9470-f24ca0d7a613</sln:wojIIPId><sln:wojIIPPn>PL.PZGIK.200</sln:wojIIPPn><sln:wojIIPWersja>2016-05-05T18:20:48+02:00</sln:wojIIPWersja><sln:wojIdTeryt>30</sln:wojIdTeryt><sln:wojNazwa>wielkopolskie</sln:wojNazwa></sln:miejscowosc><sln:miejscowosc><sln:cyklZyciaOd>2017-03-31T00:00:00+02:00</sln:cyklZyciaOd><sln:gmIIPId>f60bfbb3-490a-430b-8f0e-f226f91049ad</sln:gmIIPId><sln:gmIIPPn>PL.PZGIK.200</sln:gmIIPPn><sln:gmIIPWersja>2012-09-26T22:23:02+02:00</sln:gmIIPWersja><sln:gmIdTeryt>3021113</sln:gmIdTeryt><sln:gmNazwa>Murowana Goślina</sln:gmNazwa><sln:miejscIIPId>b569d8ed-6e31-41a7-9221-f1529ed808b1</sln:miejscIIPId><sln:miejscIIPPn>PL.PZGIK.200</sln:miejscIIPPn><sln:miejscIIPWersja>2017-03-31T11:46:03+02:00</sln:miejscIIPWersja><sln:miejscIdTeryt>0590071</sln:miejscIdTeryt><sln:miejscNazwa>Trojanowo</sln:miejscNazwa><sln:miejscRodzaj>Wieś</sln:miejscRodzaj><sln:powIIPId>f5c4ac99-7db7-4d8d-a453-e88e9942fbad</sln:powIIPId><sln:powIIPPn>PL.PZGIK.200</sln:powIIPPn><sln:powIIPWersja>2012-09-27T08:59:03+02:00</sln:powIIPWersja><sln:powIdTeryt>3021</sln:powIdTeryt><sln:powNazwa>poznański</sln:powNazwa><sln:waznyOd>2010-08-03T00:00:00+02:00</sln:waznyOd><sln:wojIIPId>c606b01a-76c8-480d-9470-f24ca0d7a613</sln:wojIIPId><sln:wojIIPPn>PL.PZGIK.200</sln:wojIIPPn><sln:wojIIPWersja>2016-05-05T18:20:48+02:00</sln:wojIIPWersja><sln:wojIdTeryt>30</sln:wojIdTeryt><sln:wojNazwa>wielkopolskie</sln:wojNazwa></sln:miejscowosc><sln:miejscowosc><sln:cyklZyciaOd>2017-03-31T00:00:00+02:00</sln:cyklZyciaOd><sln:gmIIPId>f60bfbb3-490a-430b-8f0e-f226f91049ad</sln:gmIIPId><sln:gmIIPPn>PL.PZGIK.200</sln:gmIIPPn><sln:gmIIPWersja>2012-09-26T22:23:02+02:00</sln:gmIIPWersja><sln:gmIdTeryt>3021113</sln:gmIdTeryt><sln:gmNazwa>Murowana Goślina</sln:gmNazwa><sln:miejscIIPId>779ba941-0d32-4db8-b0c9-e01badfb7ffc</sln:miejscIIPId><sln:miejscIIPPn>PL.PZGIK.200</sln:miejscIIPPn><sln:miejscIIPWersja>2017-03-31T11:46:03+02:00</sln:miejscIIPWersja><sln:miejscIdTeryt>0590088</sln:miejscIdTeryt><sln:miejscNazwa>Uchorowo</sln:miejscNazwa><sln:miejscRodzaj>Wieś</sln:miejscRodzaj><sln:powIIPId>f5c4ac99-7db7-4d8d-a453-e88e9942fbad</sln:powIIPId><sln:powIIPPn>PL.PZGIK.200</sln:powIIPPn><sln:powIIPWersja>2012-09-27T08:59:03+02:00</sln:powIIPWersja><sln:powIdTeryt>3021</sln:powIdTeryt><sln:powNazwa>poznański</sln:powNazwa><sln:waznyOd>2010-08-03T00:00:00+02:00</sln:waznyOd><sln:wojIIPId>c606b01a-76c8-480d-9470-f24ca0d7a613</sln:wojIIPId><sln:wojIIPPn>PL.PZGIK.200</sln:wojIIPPn><sln:wojIIPWersja>2016-05-05T18:20:48+02:00</sln:wojIIPWersja><sln:wojIdTeryt>30</sln:wojIdTeryt><sln:wojNazwa>wielkopolskie</sln:wojNazwa></sln:miejscowosc><sln:miejscowosc><sln:cyklZyciaOd>2017-03-31T00:00:00+02:00</sln:cyklZyciaOd><sln:gmIIPId>f60bfbb3-490a-430b-8f0e-f226f91049ad</sln:gmIIPId><sln:gmIIPPn>PL.PZGIK.200</sln:gmIIPPn><sln:gmIIPWersja>2012-09-26T22:23:02+02:00</sln:gmIIPWersja><sln:gmIdTeryt>3021113</sln:gmIdTeryt><sln:gmNazwa>Murowana Goślina</sln:gmNazwa><sln:miejscIIPId>6f20a6c9-39b7-487d-beed-7588fc57527c</sln:miejscIIPId><sln:miejscIIPPn>PL.PZGIK.200</sln:miejscIIPPn><sln:miejscIIPWersja>2017-03-31T11:46:03+02:00</sln:miejscIIPWersja><sln:miejscIdTeryt>0590094</sln:miejscIdTeryt><sln:miejscNazwa>Szymankowo</sln:miejscNazwa><sln:miejscRodzaj>Osada</sln:miejscRodzaj><sln:powIIPId>f5c4ac99-7db7-4d8d-a453-e88e9942fbad</sln:powIIPId><sln:powIIPPn>PL.PZGIK.200</sln:powIIPPn><sln:powIIPWersja>2012-09-27T08:59:03+02:00</sln:powIIPWersja><sln:powIdTeryt>3021</sln:powIdTeryt><sln:powNazwa>poznański</sln:powNazwa><sln:waznyOd>2011-11-15T00:00:00+01:00</sln:waznyOd><sln:wojIIPId>c606b01a-76c8-480d-9470-f24ca0d7a613</sln:wojIIPId><sln:wojIIPPn>PL.PZGIK.200</sln:wojIIPPn><sln:wojIIPWersja>2016-05-05T18:20:48+02:00</sln:wojIIPWersja><sln:wojIdTeryt>30</sln:wojIdTeryt><sln:wojNazwa>wielkopolskie</sln:wojNazwa></sln:miejscowosc><sln:miejscowosc><sln:cyklZyciaOd>2017-03-31T00:00:00+02:00</sln:cyklZyciaOd><sln:gmIIPId>f60bfbb3-490a-430b-8f0e-f226f91049ad</sln:gmIIPId><sln:gmIIPPn>PL.PZGIK.200</sln:gmIIPPn><sln:gmIIPWersja>2012-09-26T22:23:02+02:00</sln:gmIIPWersja><sln:gmIdTeryt>3021113</sln:gmIdTeryt><sln:gmNazwa>Murowana Goślina</sln:gmNazwa><sln:miejscIIPId>4c156d2e-bc55-4924-bb4f-b7f72d45d9f9</sln:miejscIIPId><sln:miejscIIPPn>PL.PZGIK.200</sln:miejscIIPPn><sln:miejscIIPWersja>2017-03-31T11:46:03+02:00</sln:miejscIIPWersja><sln:miejscIdTeryt>0590102</sln:miejscIdTeryt><sln:miejscNazwa>Wojnowo</sln:miejscNazwa><sln:miejscRodzaj>Wieś</sln:miejscRodzaj><sln:powIIPId>f5c4ac99-7db7-4d8d-a453-e88e9942fbad</sln:powIIPId><sln:powIIPPn>PL.PZGIK.200</sln:powIIPPn><sln:powIIPWersja>2012-09-27T08:59:03+02:00</sln:powIIPWersja><sln:powIdTeryt>3021</sln:powIdTeryt><sln:powNazwa>poznański</sln:powNazwa><sln:waznyOd>2010-08-03T00:00:00+02:00</sln:waznyOd><sln:wojIIPId>c606b01a-76c8-480d-9470-f24ca0d7a613</sln:wojIIPId><sln:wojIIPPn>PL.PZGIK.200</sln:wojIIPPn><sln:wojIIPWersja>2016-05-05T18:20:48+02:00</sln:wojIIPWersja><sln:wojIdTeryt>30</sln:wojIdTeryt><sln:wojNazwa>wielkopolskie</sln:wojNazwa></sln:miejscowosc><sln:miejscowosc><sln:cyklZyciaOd>2017-03-31T00:00:00+02:00</sln:cyklZyciaOd><sln:gmIIPId>f60bfbb3-490a-430b-8f0e-f226f91049ad</sln:gmIIPId><sln:gmIIPPn>PL.PZGIK.200</sln:gmIIPPn><sln:gmIIPWersja>2012-09-26T22:23:02+02:00</sln:gmIIPWersja><sln:gmIdTeryt>3021113</sln:gmIdTeryt><sln:gmNazwa>Murowana Goślina</sln:gmNazwa><sln:miejscIIPId>39945a12-36ab-43e5-827b-526fb3e1f5bc</sln:miejscIIPId><sln:miejscIIPPn>PL.PZGIK.200</sln:miejscIIPPn><sln:miejscIIPWersja>2017-03-31T11:46:03+02:00</sln:miejscIIPWersja><sln:miejscIdTeryt>0590125</sln:miejscIdTeryt><sln:miejscNazwa>Wojnówko</sln:miejscNazwa><sln:miejscRodzaj>Wieś</sln:miejscRodzaj><sln:powIIPId>f5c4ac99-7db7-4d8d-a453-e88e9942fbad</sln:powIIPId><sln:powIIPPn>PL.PZGIK.200</sln:powIIPPn><sln:powIIPWersja>2012-09-27T08:59:03+02:00</sln:powIIPWersja><sln:powIdTeryt>3021</sln:powIdTeryt><sln:powNazwa>poznański</sln:powNazwa><sln:waznyOd>2011-11-15T00:00:00+01:00</sln:waznyOd><sln:wojIIPId>c606b01a-76c8-480d-9470-f24ca0d7a613</sln:wojIIPId><sln:wojIIPPn>PL.PZGIK.200</sln:wojIIPPn><sln:wojIIPWersja>2016-05-05T18:20:48+02:00</sln:wojIIPWersja><sln:wojIdTeryt>30</sln:wojIdTeryt><sln:wojNazwa>wielkopolskie</sln:wojNazwa></sln:miejscowosc><sln:miejscowosc><sln:cyklZyciaOd>2017-03-31T00:00:00+02:00</sln:cyklZyciaOd><sln:gmIIPId>f60bfbb3-490a-430b-8f0e-f226f91049ad</sln:gmIIPId><sln:gmIIPPn>PL.PZGIK.200</sln:gmIIPPn><sln:gmIIPWersja>2012-09-26T22:23:02+02:00</sln:gmIIPWersja><sln:gmIdTeryt>3021113</sln:gmIdTeryt><sln:gmNazwa>Murowana Goślina</sln:gmNazwa><sln:miejscIIPId>24a9a334-1261-4bda-8391-0c95f164d66f</sln:miejscIIPId><sln:miejscIIPPn>PL.PZGIK.200</sln:miejscIIPPn><sln:miejscIIPWersja>2017-03-31T11:46:03+02:00</sln:miejscIIPWersja><sln:miejscIdTeryt>0590131</sln:miejscIdTeryt><sln:miejscNazwa>Zielonka</sln:miejscNazwa><sln:miejscRodzaj>Wieś</sln:miejscRodzaj><sln:powIIPId>f5c4ac99-7db7-4d8d-a453-e88e9942fbad</sln:powIIPId><sln:powIIPPn>PL.PZGIK.200</sln:powIIPPn><sln:powIIPWersja>2012-09-27T08:59:03+02:00</sln:powIIPWersja><sln:powIdTeryt>3021</sln:powIdTeryt><sln:powNazwa>poznański</sln:powNazwa><sln:waznyOd>2010-08-03T00:00:00+02:00</sln:waznyOd><sln:wojIIPId>c606b01a-76c8-480d-9470-f24ca0d7a613</sln:wojIIPId><sln:wojIIPPn>PL.PZGIK.200</sln:wojIIPPn><sln:wojIIPWersja>2016-05-05T18:20:48+02:00</sln:wojIIPWersja><sln:wojIdTeryt>30</sln:wojIdTeryt><sln:wojNazwa>wielkopolskie</sln:wojNazwa></sln:miejscowosc><sln:miejscowosc><sln:cyklZyciaOd>2017-03-31T00:00:00+02:00</sln:cyklZyciaOd><sln:gmIIPId>f60bfbb3-490a-430b-8f0e-f226f91049ad</sln:gmIIPId><sln:gmIIPPn>PL.PZGIK.200</sln:gmIIPPn><sln:gmIIPWersja>2012-09-26T22:23:02+02:00</sln:gmIIPWersja><sln:gmIdTeryt>3021113</sln:gmIdTeryt><sln:gmNazwa>Murowana Goślina</sln:gmNazwa><sln:miejscIIPId>404c4982-627d-45c6-9a5a-c5294e45afac</sln:miejscIIPId><sln:miejscIIPPn>PL.PZGIK.200</sln:miejscIIPPn><sln:miejscIIPWersja>2017-03-31T11:46:03+02:00</sln:miejscIIPWersja><sln:miejscIdTeryt>0590148</sln:miejscIdTeryt><sln:miejscNazwa>Celiniec</sln:miejscNazwa><sln:miejscRodzaj>Inny obiekt</sln:miejscRodzaj><sln:powIIPId>f5c4ac99-7db7-4d8d-a453-e88e9942fbad</sln:powIIPId><sln:powIIPPn>PL.PZGIK.200</sln:powIIPPn><sln:powIIPWersja>2012-09-27T08:59:03+02:00</sln:powIIPWersja><sln:powIdTeryt>3021</sln:powIdTeryt><sln:powNazwa>poznański</sln:powNazwa><sln:waznyOd>2011-11-15T00:00:00+01:00</sln:waznyOd><sln:wojIIPId>c606b01a-76c8-480d-9470-f24ca0d7a613</sln:wojIIPId><sln:wojIIPPn>PL.PZGIK.200</sln:wojIIPPn><sln:wojIIPWersja>2016-05-05T18:20:48+02:00</sln:wojIIPWersja><sln:wojIdTeryt>30</sln:wojIdTeryt><sln:wojNazwa>wielkopolskie</sln:wojNazwa></sln:miejscowosc><sln:miejscowosc><sln:cyklZyciaOd>2017-03-31T00:00:00+02:00</sln:cyklZyciaOd><sln:gmIIPId>f60bfbb3-490a-430b-8f0e-f226f91049ad</sln:gmIIPId><sln:gmIIPPn>PL.PZGIK.200</sln:gmIIPPn><sln:gmIIPWersja>2012-09-26T22:23:02+02:00</sln:gmIIPWersja><sln:gmIdTeryt>3021113</sln:gmIdTeryt><sln:gmNazwa>Murowana Goślina</sln:gmNazwa><sln:miejscIIPId>e73c4959-19ca-41fb-a905-4bf7f6aa4b51</sln:miejscIIPId><sln:miejscIIPPn>PL.PZGIK.200</sln:miejscIIPPn><sln:miejscIIPWersja>2017-03-31T11:46:03+02:00</sln:miejscIIPWersja><sln:miejscIdTeryt>0590154</sln:miejscIdTeryt><sln:miejscNazwa>Huta Pusta</sln:miejscNazwa><sln:miejscRodzaj>Inny obiekt</sln:miejscRodzaj><sln:powIIPId>f5c4ac99-7db7-4d8d-a453-e88e9942fbad</sln:powIIPId><sln:powIIPPn>PL.PZGIK.200</sln:powIIPPn><sln:powIIPWersja>2012-09-27T08:59:03+02:00</sln:powIIPWersja><sln:powIdTeryt>3021</sln:powIdTeryt><sln:powNazwa>poznański</sln:powNazwa><sln:waznyOd>2011-11-15T00:00:00+01:00</sln:waznyOd><sln:wojIIPId>c606b01a-76c8-480d-9470-f24ca0d7a613</sln:wojIIPId><sln:wojIIPPn>PL.PZGIK.200</sln:wojIIPPn><sln:wojIIPWersja>2016-05-05T18:20:48+02:00</sln:wojIIPWersja><sln:wojIdTeryt>30</sln:wojIdTeryt><sln:wojNazwa>wielkopolskie</sln:wojNazwa></sln:miejscowosc><sln:miejscowosc><sln:cyklZyciaOd>2017-03-31T00:00:00+02:00</sln:cyklZyciaOd><sln:gmIIPId>f60bfbb3-490a-430b-8f0e-f226f91049ad</sln:gmIIPId><sln:gmIIPPn>PL.PZGIK.200</sln:gmIIPPn><sln:gmIIPWersja>2012-09-26T22:23:02+02:00</sln:gmIIPWersja><sln:gmIdTeryt>3021113</sln:gmIdTeryt><sln:gmNazwa>Murowana Goślina</sln:gmNazwa><sln:miejscIIPId>a2b7ce87-44be-4ddf-bad8-879fd37ed427</sln:miejscIIPId><sln:miejscIIPPn>PL.PZGIK.200</sln:miejscIIPPn><sln:miejscIIPWersja>2017-03-31T11:46:03+02:00</sln:miejscIIPWersja><sln:miejscIdTeryt>0590160</sln:miejscIdTeryt><sln:miejscNazwa>Czernice</sln:miejscNazwa><sln:miejscRodzaj>Wieś</sln:miejscRodzaj><sln:powIIPId>f5c4ac99-7db7-4d8d-a453-e88e9942fbad</sln:powIIPId><sln:powIIPPn>PL.PZGIK.200</sln:powIIPPn><sln:powIIPWersja>2012-09-27T08:59:03+02:00</sln:powIIPWersja><sln:powIdTeryt>3021</sln:powIdTeryt><sln:powNazwa>poznański</sln:powNazwa><sln:waznyOd>2011-11-15T00:00:00+01:00</sln:waznyOd><sln:wojIIPId>c606b01a-76c8-480d-9470-f24ca0d7a613</sln:wojIIPId><sln:wojIIPPn>PL.PZGIK.200</sln:wojIIPPn><sln:wojIIPWersja>2016-05-05T18:20:48+02:00</sln:wojIIPWersja><sln:wojIdTeryt>30</sln:wojIdTeryt><sln:wojNazwa>wielkopolskie</sln:wojNazwa></sln:miejscowosc><sln:miejscowosc><sln:cyklZyciaOd>2017-03-31T00:00:00+02:00</sln:cyklZyciaOd><sln:gmIIPId>f60bfbb3-490a-430b-8f0e-f226f91049ad</sln:gmIIPId><sln:gmIIPPn>PL.PZGIK.200</sln:gmIIPPn><sln:gmIIPWersja>2012-09-26T22:23:02+02:00</sln:gmIIPWersja><sln:gmIdTeryt>3021113</sln:gmIdTeryt><sln:gmNazwa>Murowana Goślina</sln:gmNazwa><sln:miejscIIPId>f8325081-b43c-47c5-b076-57b1e5655ddc</sln:miejscIIPId><sln:miejscIIPPn>PL.PZGIK.200</sln:miejscIIPPn><sln:miejscIIPWersja>2017-03-31T11:46:03+02:00</sln:miejscIIPWersja><sln:miejscIdTeryt>0590177</sln:miejscIdTeryt><sln:miejscNazwa>Huciska</sln:miejscNazwa><sln:miejscRodzaj>Wieś</sln:miejscRodzaj><sln:powIIPId>f5c4ac99-7db7-4d8d-a453-e88e9942fbad</sln:powIIPId><sln:powIIPPn>PL.PZGIK.200</sln:powIIPPn><sln:powIIPWersja>2012-09-27T08:59:03+02:00</sln:powIIPWersja><sln:powIdTeryt>3021</sln:powIdTeryt><sln:powNazwa>poznański</sln:powNazwa><sln:waznyOd>2011-11-15T00:00:00+01:00</sln:waznyOd><sln:wojIIPId>c606b01a-76c8-480d-9470-f24ca0d7a613</sln:wojIIPId><sln:wojIIPPn>PL.PZGIK.200</sln:wojIIPPn><sln:wojIIPWersja>2016-05-05T18:20:48+02:00</sln:wojIIPWersja><sln:wojIdTeryt>30</sln:wojIdTeryt><sln:wojNazwa>wielkopolskie</sln:wojNazwa></sln:miejscowosc><sln:miejscowosc><sln:cyklZyciaOd>2017-03-31T00:00:00+02:00</sln:cyklZyciaOd><sln:gmIIPId>f60bfbb3-490a-430b-8f0e-f226f91049ad</sln:gmIIPId><sln:gmIIPPn>PL.PZGIK.200</sln:gmIIPPn><sln:gmIIPWersja>2012-09-26T22:23:02+02:00</sln:gmIIPWersja><sln:gmIdTeryt>3021113</sln:gmIdTeryt><sln:gmNazwa>Murowana Goślina</sln:gmNazwa><sln:miejscIIPId>2351d2bd-6cb8-4d6a-a01a-5a16a8398d9a</sln:miejscIIPId><sln:miejscIIPPn>PL.PZGIK.200</sln:miejscIIPPn><sln:miejscIIPWersja>2017-03-31T11:46:03+02:00</sln:miejscIIPWersja><sln:miejscIdTeryt>0590183</sln:miejscIdTeryt><sln:miejscNazwa>Odrzykożuch</sln:miejscNazwa><sln:miejscRodzaj>Osada</sln:miejscRodzaj><sln:powIIPId>f5c4ac99-7db7-4d8d-a453-e88e9942fbad</sln:powIIPId><sln:powIIPPn>PL.PZGIK.200</sln:powIIPPn><sln:powIIPWersja>2012-09-27T08:59:03+02:00</sln:powIIPWersja><sln:powIdTeryt>3021</sln:powIdTeryt><sln:powNazwa>poznański</sln:powNazwa><sln:waznyOd>2011-11-15T00:00:00+01:00</sln:waznyOd><sln:wojIIPId>c606b01a-76c8-480d-9470-f24ca0d7a613</sln:wojIIPId><sln:wojIIPPn>PL.PZGIK.200</sln:wojIIPPn><sln:wojIIPWersja>2016-05-05T18:20:48+02:00</sln:wojIIPWersja><sln:wojIdTeryt>30</sln:wojIdTeryt><sln:wojNazwa>wielkopolskie</sln:wojNazwa></sln:miejscowosc><sln:miejscowosc><sln:cyklZyciaOd>2017-03-31T00:00:00+02:00</sln:cyklZyciaOd><sln:gmIIPId>f60bfbb3-490a-430b-8f0e-f226f91049ad</sln:gmIIPId><sln:gmIIPPn>PL.PZGIK.200</sln:gmIIPPn><sln:gmIIPWersja>2012-09-26T22:23:02+02:00</sln:gmIIPWersja><sln:gmIdTeryt>3021113</sln:gmIdTeryt><sln:gmNazwa>Murowana Goślina</sln:gmNazwa><sln:miejscIIPId>e54ce321-941d-45f3-90ee-2b7ca7caaab2</sln:miejscIIPId><sln:miejscIIPPn>PL.PZGIK.200</sln:miejscIIPPn><sln:miejscIIPWersja>2017-03-31T11:46:03+02:00</sln:miejscIIPWersja><sln:miejscIdTeryt>0590190</sln:miejscIdTeryt><sln:miejscNazwa>Okoniec</sln:miejscNazwa><sln:miejscRodzaj>Osada leśna</sln:miejscRodzaj><sln:powIIPId>f5c4ac99-7db7-4d8d-a453-e88e9942fbad</sln:powIIPId><sln:powIIPPn>PL.PZGIK.200</sln:powIIPPn><sln:powIIPWersja>2012-09-27T08:59:03+02:00</sln:powIIPWersja><sln:powIdTeryt>3021</sln:powIdTeryt><sln:powNazwa>poznański</sln:powNazwa><sln:waznyOd>2011-11-15T00:00:00+01:00</sln:waznyOd><sln:wojIIPId>c606b01a-76c8-480d-9470-f24ca0d7a613</sln:wojIIPId><sln:wojIIPPn>PL.PZGIK.200</sln:wojIIPPn><sln:wojIIPWersja>2016-05-05T18:20:48+02:00</sln:wojIIPWersja><sln:wojIdTeryt>30</sln:wojIdTeryt><sln:wojNazwa>wielkopolskie</sln:wojNazwa></sln:miejscowosc><sln:miejscowosc><sln:cyklZyciaOd>2017-03-31T00:00:00+02:00</sln:cyklZyciaOd><sln:gmIIPId>f60bfbb3-490a-430b-8f0e-f226f91049ad</sln:gmIIPId><sln:gmIIPPn>PL.PZGIK.200</sln:gmIIPPn><sln:gmIIPWersja>2012-09-26T22:23:02+02:00</sln:gmIIPWersja><sln:gmIdTeryt>3021113</sln:gmIdTeryt><sln:gmNazwa>Murowana Goślina</sln:gmNazwa><sln:miejscIIPId>4e689033-aa6b-4f54-bd08-9a26b047e3dd</sln:miejscIIPId><sln:miejscIIPPn>PL.PZGIK.200</sln:miejscIIPPn><sln:miejscIIPWersja>2017-03-31T11:46:04+02:00</sln:miejscIIPWersja><sln:miejscIdTeryt>0971152</sln:miejscIdTeryt><sln:miejscNazwa>Murowana Goślina</sln:miejscNazwa><sln:miejscRodzaj>Miasto</sln:miejscRodzaj><sln:powIIPId>f5c4ac99-7db7-4d8d-a453-e88e9942fbad</sln:powIIPId><sln:powIIPPn>PL.PZGIK.200</sln:powIIPPn><sln:powIIPWersja>2012-09-27T08:59:03+02:00</sln:powIIPWersja><sln:powIdTeryt>3021</sln:powIdTeryt><sln:powNazwa>poznański</sln:powNazwa><sln:waznyOd>2010-08-03T00:00:00+02:00</sln:waznyOd><sln:wojIIPId>c606b01a-76c8-480d-9470-f24ca0d7a613</sln:wojIIPId><sln:wojIIPPn>PL.PZGIK.200</sln:wojIIPPn><sln:wojIIPWersja>2016-05-05T18:20:48+02:00</sln:wojIIPWersja><sln:wojIdTeryt>30</sln:wojIdTeryt><sln:wojNazwa>wielkopolskie</sln:wojNazwa></sln:miejscowosc><sln:miejscowosc><sln:cyklZyciaOd>2017-07-14T00:00:00+02:00</sln:cyklZyciaOd><sln:gmIIPId>f60bfbb3-490a-430b-8f0e-f226f91049ad</sln:gmIIPId><sln:gmIIPPn>PL.PZGIK.200</sln:gmIIPPn><sln:gmIIPWersja>2012-09-26T22:23:02+02:00</sln:gmIIPWersja><sln:gmIdTeryt>3021113</sln:gmIdTeryt><sln:gmNazwa>Murowana Goślina</sln:gmNazwa><sln:miejscIIPId>626adec6-1be8-4121-bdfa-bb595cb2c890</sln:miejscIIPId><sln:miejscIIPPn>PL.PZGIK.200</sln:miejscIIPPn><sln:miejscIIPWersja>2017-07-14T23:22:06+02:00</sln:miejscIIPWersja><sln:miejscIdTeryt>0590036</sln:miejscIdTeryt><sln:miejscNazwa>Starczanowo Leśniczówka</sln:miejscNazwa><sln:miejscRodzaj>Osada leśna</sln:miejscRodzaj><sln:powIIPId>f5c4ac99-7db7-4d8d-a453-e88e9942fbad</sln:powIIPId><sln:powIIPPn>PL.PZGIK.200</sln:powIIPPn><sln:powIIPWersja>2012-09-27T08:59:03+02:00</sln:powIIPWersja><sln:powIdTeryt>3021</sln:powIdTeryt><sln:powNazwa>poznański</sln:powNazwa><sln:waznyOd>2017-07-07T00:00:00+02:00</sln:waznyOd><sln:wojIIPId>c606b01a-76c8-480d-9470-f24ca0d7a613</sln:wojIIPId><sln:wojIIPPn>PL.PZGIK.200</sln:wojIIPPn><sln:wojIIPWersja>2016-05-05T18:20:48+02:00</sln:wojIIPWersja><sln:wojIdTeryt>30</sln:wojIdTeryt><sln:wojNazwa>wielkopolskie</sln:wojNazwa></sln:miejscowosc></sln:lista-miejscowosci>