<?xml version="1.0" encoding="UTF-8" standalone="yes"?><sln:lista-miejscowosci xmlns:srv="http://gugik.gov.pl/schemas/slowniki-service/1.0" xmlns:sln="http://gugik.gov.pl/schemas/slowniki-schema/1.0"><sln:miejscowosc><sln:cyklZyciaDo>2017-03-29T00:00:00+02:00</sln:cyklZyciaDo><sln:cyklZyciaOd>2015-03-05T00:00:00+01:00</sln:cyklZyciaOd><sln:gmIIPId>7b0b412c-cfb3-452f-8be8-989a555f6460</sln:gmIIPId><sln:gmIIPPn>PL.PZGIK.200</sln:gmIIPPn><sln:gmIIPWersja>2012-09-26T22:22:25+02:00</sln:gmIIPWersja><sln:gmIdTeryt>3002052</sln:gmIdTeryt><sln:gmNazwa>Lubasz</sln:gmNazwa><sln:miejscIIPId>f98e9232-33b3-4b18-a6b7-50179a56438b</sln:miejscIIPId><sln:miejscIIPPn>PL.PZGIK.200</sln:miejscIIPPn><sln:miejscIIPWersja>2016-11-24T11:03:22+02:00</sln:miejscIIPWersja><sln:miejscIdTeryt>0527196</sln:miejscIdTeryt><sln:miejscNazwa>Antoniewo</sln:miejscNazwa><sln:miejscRodzaj>Inny obiekt</sln:miejscRodzaj><sln:powIIPId>b2e00ebb-412b-4ae8-9afc-fe68f65bb1ac</sln:powIIPId><sln:powIIPPn>PL.PZGIK.200</sln:powIIPPn><sln:powIIPWersja>2012-09-27T08:59:03+02:00</sln:powIIPWersja><sln:powIdTeryt>3002</sln:powIdTeryt><sln:powNazwa>czarnkowsko-trzcianecki</sln:powNazwa><sln:waznyOd>2013-06-10T00:00:00+02:00</sln:waznyOd><sln:wojIIPId>c606b01a-76c8-480d-9470-f24ca0d7a613</sln:wojIIPId><sln:wojIIPPn>PL.PZGIK.200</sln:wojIIPPn><sln:wojIIPWersja>2016-05-05T18:20:48+02:00</sln:wojIIPWersja><sln:wojIdTeryt>30</sln:wojIdTeryt><sln:wojNazwa>wielkopolskie</sln:wojNazwa></sln:miejscowosc><sln:miejscowosc><sln:cyklZyciaDo>2017-03-29T00:00:00+02:00</sln:cyklZyciaDo><sln:cyklZyciaOd>2015-03-05T00:00:00+01:00</sln:cyklZyciaOd><sln:gmIIPId>7b0b412c-cfb3-452f-8be8-989a555f6460</sln:gmIIPId><sln:gmIIPPn>PL.PZGIK.200</sln:gmIIPPn><sln:gmIIPWersja>2012-09-26T22:22:25+02:00</sln:gmIIPWersja><sln:gmIdTeryt>3002052</sln:gmIdTeryt><sln:gmNazwa>Lubasz</sln:gmNazwa><sln:miejscIIPId>b7787e27-53a0-41ae-ae78-829e3e1e27a8</sln:miejscIIPId><sln:miejscIIPPn>PL.PZGIK.200</sln:miejscIIPPn><sln:miejscIIPWersja>2016-11-24T11:03:22+02:00</sln:miejscIIPWersja><sln:miejscIdTeryt>0527316</sln:miejscIdTeryt><sln:miejscNazwa>Bończa</sln:miejscNazwa><sln:miejscRodzaj>Inny obiekt</sln:miejscRodzaj><sln:powIIPId>b2e00ebb-412b-4ae8-9afc-fe68f65bb1ac</sln:powIIPId><sln:powIIPPn>PL.PZGIK.200</sln:powIIPPn><sln:powIIPWersja>2012-09-27T08:59:03+02:00</sln:powIIPWersja><sln:powIdTeryt>3002</sln:powIdTeryt><sln:powNazwa>czarnkowsko-trzcianecki</sln:powNazwa><sln:waznyOd>2013-06-10T00:00:00+02:00</sln:waznyOd><sln:wojIIPId>c606b01a-76c8-480d-9470-f24ca0d7a613</sln:wojIIPId><sln:wojIIPPn>PL.PZGIK.200</sln:wojIIPPn><sln:wojIIPWersja>2016-05-05T18:20:48+02:00</sln:wojIIPWersja><sln:wojIdTeryt>30</sln:wojIdTeryt><sln:wojNazwa>wielkopolskie</sln:wojNazwa></sln:miejscowosc><sln:miejscowosc><sln:cyklZyciaDo>2017-03-29T00:00:00+02:00</sln:cyklZyciaDo><sln:cyklZyciaOd>2015-03-05T00:00:00+01:00</sln:cyklZyciaOd><sln:gmIIPId>7b0b412c-cfb3-452f-8be8-989a555f6460</sln:gmIIPId><sln:gmIIPPn>PL.PZGIK.200</sln:gmIIPPn><sln:gmIIPWersja>2012-09-26T22:22:25+02:00</sln:gmIIPWersja><sln:gmIdTeryt>3002052</sln:gmIdTeryt><sln:gmNazwa>Lubasz</sln:gmNazwa><sln:miejscIIPId>19faafaa-9cf4-49b9-8b9f-668ff250b60a</sln:miejscIIPId><sln:miejscIIPPn>PL.PZGIK.200</sln:miejscIIPPn><sln:miejscIIPWersja>2016-11-24T11:03:22+02:00</sln:miejscIIPWersja><sln:miejscIdTeryt>0527227</sln:miejscIdTeryt><sln:miejscNazwa>Bzowo</sln:miejscNazwa><sln:miejscRodzaj>Inny obiekt</sln:miejscRodzaj><sln:powIIPId>b2e00ebb-412b-4ae8-9afc-fe68f65bb1ac</sln:powIIPId><sln:powIIPPn>PL.PZGIK.200</sln:powIIPPn><sln:powIIPWersja>2012-09-27T08:59:03+02:00</sln:powIIPWersja><sln:powIdTeryt>3002</sln:powIdTeryt><sln:powNazwa>czarnkowsko-trzcianecki</sln:powNazwa><sln:waznyOd>2013-06-10T00:00:00+02:00</sln:waznyOd><sln:wojIIPId>c606b01a-76c8-480d-9470-f24ca0d7a613</sln:wojIIPId><sln:wojIIPPn>PL.PZGIK.200</sln:wojIIPPn><sln:wojIIPWersja>2016-05-05T18:20:48+02:00</sln:wojIIPWersja><sln:wojIdTeryt>30</sln:wojIdTeryt><sln:wojNazwa>wielkopolskie</sln:wojNazwa></sln:miejscowosc><sln:miejscowosc><sln:cyklZyciaDo>2017-03-29T00:00:00+02:00</sln:cyklZyciaDo><sln:cyklZyciaOd>2015-03-05T00:00:00+01:00</sln:cyklZyciaOd><sln:gmIIPId>7b0b412c-cfb3-452f-8be8-989a555f6460</sln:gmIIPId><sln:gmIIPPn>PL.PZGIK.200</sln:gmIIPPn><sln:gmIIPWersja>2012-09-26T22:22:25+02:00</sln:gmIIPWersja><sln:gmIdTeryt>3002052</sln:gmIdTeryt><sln:gmNazwa>Lubasz</sln:gmNazwa><sln:miejscIIPId>9e321727-053c-4e85-a38c-a0d96072fe94</sln:miejscIIPId><sln:miejscIIPPn>PL.PZGIK.200</sln:miejscIIPPn><sln:miejscIIPWersja>2016-11-24T11:03:22+02:00</sln:miejscIIPWersja><sln:miejscIdTeryt>0527204</sln:miejscIdTeryt><sln:miejscNazwa>Dębe</sln:miejscNazwa><sln:miejscRodzaj>Inny obiekt</sln:miejscRodzaj><sln:powIIPId>b2e00ebb-412b-4ae8-9afc-fe68f65bb1ac</sln:powIIPId><sln:powIIPPn>PL.PZGIK.200</sln:powIIPPn><sln:powIIPWersja>2012-09-27T08:59:03+02:00</sln:powIIPWersja><sln:powIdTeryt>3002</sln:powIdTeryt><sln:powNazwa>czarnkowsko-trzcianecki</sln:powNazwa><sln:waznyOd>2013-06-10T00:00:00+02:00</sln:waznyOd><sln:wojIIPId>c606b01a-76c8-480d-9470-f24ca0d7a613</sln:wojIIPId><sln:wojIIPPn>PL.PZGIK.200</sln:wojIIPPn><sln:wojIIPWersja>2016-05-05T18:20:48+02:00</sln:wojIIPWersja><sln:wojIdTeryt>30</sln:wojIdTeryt><sln:wojNazwa>wielkopolskie</sln:wojNazwa></sln:miejscowosc><sln:miejscowosc><sln:cyklZyciaDo>2017-03-29T00:00:00+02:00</sln:cyklZyciaDo><sln:cyklZyciaOd>2015-03-05T00:00:00+01:00</sln:cyklZyciaOd><sln:gmIIPId>7b0b412c-cfb3-452f-8be8-989a555f6460</sln:gmIIPId><sln:gmIIPPn>PL.PZGIK.200</sln:gmIIPPn><sln:gmIIPWersja>2012-09-26T22:22:25+02:00</sln:gmIIPWersja><sln:gmIdTeryt>3002052</sln:gmIdTeryt><sln:gmNazwa>Lubasz</sln:gmNazwa><sln:miejscIIPId>4b25a859-8c66-41e1-af64-92ba8b261035</sln:miejscIIPId><sln:miejscIIPPn>PL.PZGIK.200</sln:miejscIIPPn><sln:miejscIIPWersja>2016-11-24T11:03:22+02:00</sln:miejscIIPWersja><sln:miejscIdTeryt>0527345</sln:miejscIdTeryt><sln:miejscNazwa>Elżbiecin</sln:miejscNazwa><sln:miejscRodzaj>Inny obiekt</sln:miejscRodzaj><sln:powIIPId>b2e00ebb-412b-4ae8-9afc-fe68f65bb1ac</sln:powIIPId><sln:powIIPPn>PL.PZGIK.200</sln:powIIPPn><sln:powIIPWersja>2012-09-27T08:59:03+02:00</sln:powIIPWersja><sln:powIdTeryt>3002</sln:powIdTeryt><sln:powNazwa>czarnkowsko-trzcianecki</sln:powNazwa><sln:waznyOd>2013-06-10T00:00:00+02:00</sln:waznyOd><sln:wojIIPId>c606b01a-76c8-480d-9470-f24ca0d7a613</sln:wojIIPId><sln:wojIIPPn>PL.PZGIK.200</sln:wojIIPPn><sln:wojIIPWersja>2016-05-05T18:20:48+02:00</sln:wojIIPWersja><sln:wojIdTeryt>30</sln:wojIdTeryt><sln:wojNazwa>wielkopolskie</sln:wojNazwa></sln:miejscowosc><sln:miejscowosc><sln:cyklZyciaDo>2017-03-29T00:00:00+02:00</sln:cyklZyciaDo><sln:cyklZyciaOd>2015-03-05T00:00:00+01:00</sln:cyklZyciaOd><sln:gmIIPId>7b0b412c-cfb3-452f-8be8-989a555f6460</sln:gmIIPId><sln:gmIIPPn>PL.PZGIK.200</sln:gmIIPPn><sln:gmIIPWersja>2012-09-26T22:22:25+02:00</sln:gmIIPWersja><sln:gmIdTeryt>3002052</sln:gmIdTeryt><sln:gmNazwa>Lubasz</sln:gmNazwa><sln:miejscIIPId>274e6fb2-097b-43f1-a3d2-c5636be72e2f</sln:miejscIIPId><sln:miejscIIPPn>PL.PZGIK.200</sln:miejscIIPPn><sln:miejscIIPWersja>2016-11-24T11:03:22+02:00</sln:miejscIIPWersja><sln:miejscIdTeryt>0527210</sln:miejscIdTeryt><sln:miejscNazwa>Goraj</sln:miejscNazwa><sln:miejscRodzaj>Inny obiekt</sln:miejscRodzaj><sln:powIIPId>b2e00ebb-412b-4ae8-9afc-fe68f65bb1ac</sln:powIIPId><sln:powIIPPn>PL.PZGIK.200</sln:powIIPPn><sln:powIIPWersja>2012-09-27T08:59:03+02:00</sln:powIIPWersja><sln:powIdTeryt>3002</sln:powIdTeryt><sln:powNazwa>czarnkowsko-trzcianecki</sln:powNazwa><sln:waznyOd>2013-06-10T00:00:00+02:00</sln:waznyOd><sln:wojIIPId>c606b01a-76c8-480d-9470-f24ca0d7a613</sln:wojIIPId><sln:wojIIPPn>PL.PZGIK.200</sln:wojIIPPn><sln:wojIIPWersja>2016-05-05T18:20:48+02:00</sln:wojIIPWersja><sln:wojIdTeryt>30</sln:wojIdTeryt><sln:wojNazwa>wielkopolskie</sln:wojNazwa></sln:miejscowosc><sln:miejscowosc><sln:cyklZyciaDo>2017-03-29T00:00:00+02:00</sln:cyklZyciaDo><sln:cyklZyciaOd>2015-03-05T00:00:00+01:00</sln:cyklZyciaOd><sln:gmIIPId>7b0b412c-cfb3-452f-8be8-989a555f6460</sln:gmIIPId><sln:gmIIPPn>PL.PZGIK.200</sln:gmIIPPn><sln:gmIIPWersja>2012-09-26T22:22:25+02:00</sln:gmIIPWersja><sln:gmIdTeryt>3002052</sln:gmIdTeryt><sln:gmNazwa>Lubasz</sln:gmNazwa><sln:miejscIIPId>0da2c46e-bb57-4267-bf4c-72fff758059b</sln:miejscIIPId><sln:miejscIIPPn>PL.PZGIK.200</sln:miejscIIPPn><sln:miejscIIPWersja>2016-11-24T11:03:22+02:00</sln:miejscIIPWersja><sln:miejscIdTeryt>0527240</sln:miejscIdTeryt><sln:miejscNazwa>Jędrzejewo</sln:miejscNazwa><sln:miejscRodzaj>Inny obiekt</sln:miejscRodzaj><sln:powIIPId>b2e00ebb-412b-4ae8-9afc-fe68f65bb1ac</sln:powIIPId><sln:powIIPPn>PL.PZGIK.200</sln:powIIPPn><sln:powIIPWersja>2012-09-27T08:59:03+02:00</sln:powIIPWersja><sln:powIdTeryt>3002</sln:powIdTeryt><sln:powNazwa>czarnkowsko-trzcianecki</sln:powNazwa><sln:waznyOd>2013-06-10T00:00:00+02:00</sln:waznyOd><sln:wojIIPId>c606b01a-76c8-480d-9470-f24ca0d7a613</sln:wojIIPId><sln:wojIIPPn>PL.PZGIK.200</sln:wojIIPPn><sln:wojIIPWersja>2016-05-05T18:20:48+02:00</sln:wojIIPWersja><sln:wojIdTeryt>30</sln:wojIdTeryt><sln:wojNazwa>wielkopolskie</sln:wojNazwa></sln:miejscowosc><sln:miejscowosc><sln:cyklZyciaDo>2017-03-29T00:00:00+02:00</sln:cyklZyciaDo><sln:cyklZyciaOd>2015-03-05T00:00:00+01:00</sln:cyklZyciaOd><sln:gmIIPId>7b0b412c-cfb3-452f-8be8-989a555f6460</sln:gmIIPId><sln:gmIIPPn>PL.PZGIK.200</sln:gmIIPPn><sln:gmIIPWersja>2012-09-26T22:22:25+02:00</sln:gmIIPWersja><sln:gmIdTeryt>3002052</sln:gmIdTeryt><sln:gmNazwa>Lubasz</sln:gmNazwa><sln:miejscIIPId>38ee827f-d553-4bdd-b656-969560a39321</sln:miejscIIPId><sln:miejscIIPPn>PL.PZGIK.200</sln:miejscIIPPn><sln:miejscIIPWersja>2016-11-24T11:03:22+02:00</sln:miejscIIPWersja><sln:miejscIdTeryt>0527256</sln:miejscIdTeryt><sln:miejscNazwa>Kamionka</sln:miejscNazwa><sln:miejscRodzaj>Inny obiekt</sln:miejscRodzaj><sln:powIIPId>b2e00ebb-412b-4ae8-9afc-fe68f65bb1ac</sln:powIIPId><sln:powIIPPn>PL.PZGIK.200</sln:powIIPPn><sln:powIIPWersja>2012-09-27T08:59:03+02:00</sln:powIIPWersja><sln:powIdTeryt>3002</sln:powIdTeryt><sln:powNazwa>czarnkowsko-trzcianecki</sln:powNazwa><sln:waznyOd>2013-06-10T00:00:00+02:00</sln:waznyOd><sln:wojIIPId>c606b01a-76c8-480d-9470-f24ca0d7a613</sln:wojIIPId><sln:wojIIPPn>PL.PZGIK.200</sln:wojIIPPn><sln:wojIIPWersja>2016-05-05T18:20:48+02:00</sln:wojIIPWersja><sln:wojIdTeryt>30</sln:wojIdTeryt><sln:wojNazwa>wielkopolskie</sln:wojNazwa></sln:miejscowosc><sln:miejscowosc><sln:cyklZyciaDo>2017-03-29T00:00:00+02:00</sln:cyklZyciaDo><sln:cyklZyciaOd>2015-03-05T00:00:00+01:00</sln:cyklZyciaOd><sln:gmIIPId>7b0b412c-cfb3-452f-8be8-989a555f6460</sln:gmIIPId><sln:gmIIPPn>PL.PZGIK.200</sln:gmIIPPn><sln:gmIIPWersja>2012-09-26T22:22:25+02:00</sln:gmIIPWersja><sln:gmIdTeryt>3002052</sln:gmIdTeryt><sln:gmNazwa>Lubasz</sln:gmNazwa><sln:miejscIIPId>171ab1a0-dc51-466f-ac9d-753d9fbcd999</sln:miejscIIPId><sln:miejscIIPPn>PL.PZGIK.200</sln:miejscIIPPn><sln:miejscIIPWersja>2016-11-24T11:03:22+02:00</sln:miejscIIPWersja><sln:miejscIdTeryt>0527262</sln:miejscIdTeryt><sln:miejscNazwa>Klempicz</sln:miejscNazwa><sln:miejscRodzaj>Inny obiekt</sln:miejscRodzaj><sln:powIIPId>b2e00ebb-412b-4ae8-9afc-fe68f65bb1ac</sln:powIIPId><sln:powIIPPn>PL.PZGIK.200</sln:powIIPPn><sln:powIIPWersja>2012-09-27T08:59:03+02:00</sln:powIIPWersja><sln:powIdTeryt>3002</sln:powIdTeryt><sln:powNazwa>czarnkowsko-trzcianecki</sln:powNazwa><sln:waznyOd>2013-06-10T00:00:00+02:00</sln:waznyOd><sln:wojIIPId>c606b01a-76c8-480d-9470-f24ca0d7a613</sln:wojIIPId><sln:wojIIPPn>PL.PZGIK.200</sln:wojIIPPn><sln:wojIIPWersja>2016-05-05T18:20:48+02:00</sln:wojIIPWersja><sln:wojIdTeryt>30</sln:wojIdTeryt><sln:wojNazwa>wielkopolskie</sln:wojNazwa></sln:miejscowosc><sln:miejscowosc><sln:cyklZyciaDo>2017-03-29T00:00:00+02:00</sln:cyklZyciaDo><sln:cyklZyciaOd>2015-03-05T00:00:00+01:00</sln:cyklZyciaOd><sln:gmIIPId>7b0b412c-cfb3-452f-8be8-989a555f6460</sln:gmIIPId><sln:gmIIPPn>PL.PZGIK.200</sln:gmIIPPn><sln:gmIIPWersja>2012-09-26T22:22:25+02:00</sln:gmIIPWersja><sln:gmIdTeryt>3002052</sln:gmIdTeryt><sln:gmNazwa>Lubasz</sln:gmNazwa><sln:miejscIIPId>667b478a-ae6c-457d-b158-360bac8d89e5</sln:miejscIIPId><sln:miejscIIPPn>PL.PZGIK.200</sln:miejscIIPPn><sln:miejscIIPWersja>2016-11-24T11:03:22+02:00</sln:miejscIIPWersja><sln:miejscIdTeryt>0527279</sln:miejscIdTeryt><sln:miejscNazwa>Krucz</sln:miejscNazwa><sln:miejscRodzaj>Inny obiekt</sln:miejscRodzaj><sln:powIIPId>b2e00ebb-412b-4ae8-9afc-fe68f65bb1ac</sln:powIIPId><sln:powIIPPn>PL.PZGIK.200</sln:powIIPPn><sln:powIIPWersja>2012-09-27T08:59:03+02:00</sln:powIIPWersja><sln:powIdTeryt>3002</sln:powIdTeryt><sln:powNazwa>czarnkowsko-trzcianecki</sln:powNazwa><sln:waznyOd>2013-06-10T00:00:00+02:00</sln:waznyOd><sln:wojIIPId>c606b01a-76c8-480d-9470-f24ca0d7a613</sln:wojIIPId><sln:wojIIPPn>PL.PZGIK.200</sln:wojIIPPn><sln:wojIIPWersja>2016-05-05T18:20:48+02:00</sln:wojIIPWersja><sln:wojIdTeryt>30</sln:wojIdTeryt><sln:wojNazwa>wielkopolskie</sln:wojNazwa></sln:miejscowosc><sln:miejscowosc><sln:cyklZyciaDo>2017-03-29T00:00:00+02:00</sln:cyklZyciaDo><sln:cyklZyciaOd>2015-03-05T00:00:00+01:00</sln:cyklZyciaOd><sln:gmIIPId>7b0b412c-cfb3-452f-8be8-989a555f6460</sln:gmIIPId><sln:gmIIPPn>PL.PZGIK.200</sln:gmIIPPn><sln:gmIIPWersja>2012-09-26T22:22:25+02:00</sln:gmIIPWersja><sln:gmIdTeryt>3002052</sln:gmIdTeryt><sln:gmNazwa>Lubasz</sln:gmNazwa><sln:miejscIIPId>896c9f85-a4ce-460c-813c-0784ab7d0f5b</sln:miejscIIPId><sln:miejscIIPPn>PL.PZGIK.200</sln:miejscIIPPn><sln:miejscIIPWersja>2016-11-24T11:03:22+02:00</sln:miejscIIPWersja><sln:miejscIdTeryt>0527291</sln:miejscIdTeryt><sln:miejscNazwa>Kruteczek</sln:miejscNazwa><sln:miejscRodzaj>Inny obiekt</sln:miejscRodzaj><sln:powIIPId>b2e00ebb-412b-4ae8-9afc-fe68f65bb1ac</sln:powIIPId><sln:powIIPPn>PL.PZGIK.200</sln:powIIPPn><sln:powIIPWersja>2012-09-27T08:59:03+02:00</sln:powIIPWersja><sln:powIdTeryt>3002</sln:powIdTeryt><sln:powNazwa>czarnkowsko-trzcianecki</sln:powNazwa><sln:waznyOd>2013-06-10T00:00:00+02:00</sln:waznyOd><sln:wojIIPId>c606b01a-76c8-480d-9470-f24ca0d7a613</sln:wojIIPId><sln:wojIIPPn>PL.PZGIK.200</sln:wojIIPPn><sln:wojIIPWersja>2016-05-05T18:20:48+02:00</sln:wojIIPWersja><sln:wojIdTeryt>30</sln:wojIdTeryt><sln:wojNazwa>wielkopolskie</sln:wojNazwa></sln:miejscowosc><sln:miejscowosc><sln:cyklZyciaDo>2017-03-29T00:00:00+02:00</sln:cyklZyciaDo><sln:cyklZyciaOd>2015-03-05T00:00:00+01:00</sln:cyklZyciaOd><sln:gmIIPId>7b0b412c-cfb3-452f-8be8-989a555f6460</sln:gmIIPId><sln:gmIIPPn>PL.PZGIK.200</sln:gmIIPPn><sln:gmIIPWersja>2012-09-26T22:22:25+02:00</sln:gmIIPWersja><sln:gmIdTeryt>3002052</sln:gmIdTeryt><sln:gmNazwa>Lubasz</sln:gmNazwa><sln:miejscIIPId>ba2bc29f-b176-4340-8293-432db1800dba</sln:miejscIIPId><sln:miejscIIPPn>PL.PZGIK.200</sln:miejscIIPPn><sln:miejscIIPWersja>2016-11-24T11:03:22+02:00</sln:miejscIIPWersja><sln:miejscIdTeryt>0527300</sln:miejscIdTeryt><sln:miejscNazwa>Lubasz</sln:miejscNazwa><sln:miejscRodzaj>Inny obiekt</sln:miejscRodzaj><sln:powIIPId>b2e00ebb-412b-4ae8-9afc-fe68f65bb1ac</sln:powIIPId><sln:powIIPPn>PL.PZGIK.200</sln:powIIPPn><sln:powIIPWersja>2012-09-27T08:59:03+02:00</sln:powIIPWersja><sln:powIdTeryt>3002</sln:powIdTeryt><sln:powNazwa>czarnkowsko-trzcianecki</sln:powNazwa><sln:waznyOd>2013-06-10T00:00:00+02:00</sln:waznyOd><sln:wojIIPId>c606b01a-76c8-480d-9470-f24ca0d7a613</sln:wojIIPId><sln:wojIIPPn>PL.PZGIK.200</sln:wojIIPPn><sln:wojIIPWersja>2016-05-05T18:20:48+02:00</sln:wojIIPWersja><sln:wojIdTeryt>30</sln:wojIdTeryt><sln:wojNazwa>wielkopolskie</sln:wojNazwa></sln:miejscowosc><sln:miejscowosc><sln:cyklZyciaDo>2017-03-29T00:00:00+02:00</sln:cyklZyciaDo><sln:cyklZyciaOd>2015-03-05T00:00:00+01:00</sln:cyklZyciaOd><sln:gmIIPId>7b0b412c-cfb3-452f-8be8-989a555f6460</sln:gmIIPId><sln:gmIIPPn>PL.PZGIK.200</sln:gmIIPPn><sln:gmIIPWersja>2012-09-26T22:22:25+02:00</sln:gmIIPWersja><sln:gmIdTeryt>3002052</sln:gmIdTeryt><sln:gmNazwa>Lubasz</sln:gmNazwa><sln:miejscIIPId>804eb5e2-ad5b-405b-8fc8-30ef1e87346b</sln:miejscIIPId><sln:miejscIIPPn>PL.PZGIK.200</sln:miejscIIPPn><sln:miejscIIPWersja>2016-11-24T11:03:22+02:00</sln:miejscIIPWersja><sln:miejscIdTeryt>0527339</sln:miejscIdTeryt><sln:miejscNazwa>Miłkowo</sln:miejscNazwa><sln:miejscRodzaj>Inny obiekt</sln:miejscRodzaj><sln:powIIPId>b2e00ebb-412b-4ae8-9afc-fe68f65bb1ac</sln:powIIPId><sln:powIIPPn>PL.PZGIK.200</sln:powIIPPn><sln:powIIPWersja>2012-09-27T08:59:03+02:00</sln:powIIPWersja><sln:powIdTeryt>3002</sln:powIdTeryt><sln:powNazwa>czarnkowsko-trzcianecki</sln:powNazwa><sln:waznyOd>2013-06-10T00:00:00+02:00</sln:waznyOd><sln:wojIIPId>c606b01a-76c8-480d-9470-f24ca0d7a613</sln:wojIIPId><sln:wojIIPPn>PL.PZGIK.200</sln:wojIIPPn><sln:wojIIPWersja>2016-05-05T18:20:48+02:00</sln:wojIIPWersja><sln:wojIdTeryt>30</sln:wojIdTeryt><sln:wojNazwa>wielkopolskie</sln:wojNazwa></sln:miejscowosc><sln:miejscowosc><sln:cyklZyciaDo>2017-03-29T00:00:00+02:00</sln:cyklZyciaDo><sln:cyklZyciaOd>2015-03-05T00:00:00+01:00</sln:cyklZyciaOd><sln:gmIIPId>7b0b412c-cfb3-452f-8be8-989a555f6460</sln:gmIIPId><sln:gmIIPPn>PL.PZGIK.200</sln:gmIIPPn><sln:gmIIPWersja>2012-09-26T22:22:25+02:00</sln:gmIIPWersja><sln:gmIdTeryt>3002052</sln:gmIdTeryt><sln:gmNazwa>Lubasz</sln:gmNazwa><sln:miejscIIPId>4fc97cbc-b583-4a7b-ae6d-71f1d105ccfe</sln:miejscIIPId><sln:miejscIIPPn>PL.PZGIK.200</sln:miejscIIPPn><sln:miejscIIPWersja>2016-11-24T11:03:22+02:00</sln:miejscIIPWersja><sln:miejscIdTeryt>0527351</sln:miejscIdTeryt><sln:miejscNazwa>Miłkówko</sln:miejscNazwa><sln:miejscRodzaj>Inny obiekt</sln:miejscRodzaj><sln:powIIPId>b2e00ebb-412b-4ae8-9afc-fe68f65bb1ac</sln:powIIPId><sln:powIIPPn>PL.PZGIK.200</sln:powIIPPn><sln:powIIPWersja>2012-09-27T08:59:03+02:00</sln:powIIPWersja><sln:powIdTeryt>3002</sln:powIdTeryt><sln:powNazwa>czarnkowsko-trzcianecki</sln:powNazwa><sln:waznyOd>2013-06-10T00:00:00+02:00</sln:waznyOd><sln:wojIIPId>c606b01a-76c8-480d-9470-f24ca0d7a613</sln:wojIIPId><sln:wojIIPPn>PL.PZGIK.200</sln:wojIIPPn><sln:wojIIPWersja>2016-05-05T18:20:48+02:00</sln:wojIIPWersja><sln:wojIdTeryt>30</sln:wojIdTeryt><sln:wojNazwa>wielkopolskie</sln:wojNazwa></sln:miejscowosc><sln:miejscowosc><sln:cyklZyciaDo>2017-03-29T00:00:00+02:00</sln:cyklZyciaDo><sln:cyklZyciaOd>2015-03-05T00:00:00+01:00</sln:cyklZyciaOd><sln:gmIIPId>7b0b412c-cfb3-452f-8be8-989a555f6460</sln:gmIIPId><sln:gmIIPPn>PL.PZGIK.200</sln:gmIIPPn><sln:gmIIPWersja>2012-09-26T22:22:25+02:00</sln:gmIIPWersja><sln:gmIdTeryt>3002052</sln:gmIdTeryt><sln:gmNazwa>Lubasz</sln:gmNazwa><sln:miejscIIPId>b1708522-c0c4-45aa-b7f4-d9d8a145d524</sln:miejscIIPId><sln:miejscIIPPn>PL.PZGIK.200</sln:miejscIIPPn><sln:miejscIIPWersja>2016-11-24T11:03:22+02:00</sln:miejscIIPWersja><sln:miejscIdTeryt>0527368</sln:miejscIdTeryt><sln:miejscNazwa>Nowina</sln:miejscNazwa><sln:miejscRodzaj>Inny obiekt</sln:miejscRodzaj><sln:powIIPId>b2e00ebb-412b-4ae8-9afc-fe68f65bb1ac</sln:powIIPId><sln:powIIPPn>PL.PZGIK.200</sln:powIIPPn><sln:powIIPWersja>2012-09-27T08:59:03+02:00</sln:powIIPWersja><sln:powIdTeryt>3002</sln:powIdTeryt><sln:powNazwa>czarnkowsko-trzcianecki</sln:powNazwa><sln:waznyOd>2013-06-10T00:00:00+02:00</sln:waznyOd><sln:wojIIPId>c606b01a-76c8-480d-9470-f24ca0d7a613</sln:wojIIPId><sln:wojIIPPn>PL.PZGIK.200</sln:wojIIPPn><sln:wojIIPWersja>2016-05-05T18:20:48+02:00</sln:wojIIPWersja><sln:wojIdTeryt>30</sln:wojIdTeryt><sln:wojNazwa>wielkopolskie</sln:wojNazwa></sln:miejscowosc><sln:miejscowosc><sln:cyklZyciaDo>2017-03-29T00:00:00+02:00</sln:cyklZyciaDo><sln:cyklZyciaOd>2015-03-05T00:00:00+01:00</sln:cyklZyciaOd><sln:gmIIPId>7b0b412c-cfb3-452f-8be8-989a555f6460</sln:gmIIPId><sln:gmIIPPn>PL.PZGIK.200</sln:gmIIPPn><sln:gmIIPWersja>2012-09-26T22:22:25+02:00</sln:gmIIPWersja><sln:gmIdTeryt>3002052</sln:gmIdTeryt><sln:gmNazwa>Lubasz</sln:gmNazwa><sln:miejscIIPId>94d55f0c-a595-4016-8a8a-de026de3be97</sln:miejscIIPId><sln:miejscIIPPn>PL.PZGIK.200</sln:miejscIIPPn><sln:miejscIIPWersja>2016-11-24T11:03:22+02:00</sln:miejscIIPWersja><sln:miejscIdTeryt>0527374</sln:miejscIdTeryt><sln:miejscNazwa>Prusinowo</sln:miejscNazwa><sln:miejscRodzaj>Inny obiekt</sln:miejscRodzaj><sln:powIIPId>b2e00ebb-412b-4ae8-9afc-fe68f65bb1ac</sln:powIIPId><sln:powIIPPn>PL.PZGIK.200</sln:powIIPPn><sln:powIIPWersja>2012-09-27T08:59:03+02:00</sln:powIIPWersja><sln:powIdTeryt>3002</sln:powIdTeryt><sln:powNazwa>czarnkowsko-trzcianecki</sln:powNazwa><sln:waznyOd>2013-06-10T00:00:00+02:00</sln:waznyOd><sln:wojIIPId>c606b01a-76c8-480d-9470-f24ca0d7a613</sln:wojIIPId><sln:wojIIPPn>PL.PZGIK.200</sln:wojIIPPn><sln:wojIIPWersja>2016-05-05T18:20:48+02:00</sln:wojIIPWersja><sln:wojIdTeryt>30</sln:wojIdTeryt><sln:wojNazwa>wielkopolskie</sln:wojNazwa></sln:miejscowosc><sln:miejscowosc><sln:cyklZyciaDo>2017-03-29T00:00:00+02:00</sln:cyklZyciaDo><sln:cyklZyciaOd>2015-03-05T00:00:00+01:00</sln:cyklZyciaOd><sln:gmIIPId>7b0b412c-cfb3-452f-8be8-989a555f6460</sln:gmIIPId><sln:gmIIPPn>PL.PZGIK.200</sln:gmIIPPn><sln:gmIIPWersja>2012-09-26T22:22:25+02:00</sln:gmIIPWersja><sln:gmIdTeryt>3002052</sln:gmIdTeryt><sln:gmNazwa>Lubasz</sln:gmNazwa><sln:miejscIIPId>13e78dd5-df0a-4543-bf61-2bf44dbe9579</sln:miejscIIPId><sln:miejscIIPPn>PL.PZGIK.200</sln:miejscIIPPn><sln:miejscIIPWersja>2016-11-24T11:03:22+02:00</sln:miejscIIPWersja><sln:miejscIdTeryt>0527322</sln:miejscIdTeryt><sln:miejscNazwa>Sławienko</sln:miejscNazwa><sln:miejscRodzaj>Inny obiekt</sln:miejscRodzaj><sln:powIIPId>b2e00ebb-412b-4ae8-9afc-fe68f65bb1ac</sln:powIIPId><sln:powIIPPn>PL.PZGIK.200</sln:powIIPPn><sln:powIIPWersja>2012-09-27T08:59:03+02:00</sln:powIIPWersja><sln:powIdTeryt>3002</sln:powIdTeryt><sln:powNazwa>czarnkowsko-trzcianecki</sln:powNazwa><sln:waznyOd>2013-06-10T00:00:00+02:00</sln:waznyOd><sln:wojIIPId>c606b01a-76c8-480d-9470-f24ca0d7a613</sln:wojIIPId><sln:wojIIPPn>PL.PZGIK.200</sln:wojIIPPn><sln:wojIIPWersja>2016-05-05T18:20:48+02:00</sln:wojIIPWersja><sln:wojIdTeryt>30</sln:wojIdTeryt><sln:wojNazwa>wielkopolskie</sln:wojNazwa></sln:miejscowosc><sln:miejscowosc><sln:cyklZyciaDo>2017-03-29T00:00:00+02:00</sln:cyklZyciaDo><sln:cyklZyciaOd>2015-03-05T00:00:00+01:00</sln:cyklZyciaOd><sln:gmIIPId>7b0b412c-cfb3-452f-8be8-989a555f6460</sln:gmIIPId><sln:gmIIPPn>PL.PZGIK.200</sln:gmIIPPn><sln:gmIIPWersja>2012-09-26T22:22:25+02:00</sln:gmIIPWersja><sln:gmIdTeryt>3002052</sln:gmIdTeryt><sln:gmNazwa>Lubasz</sln:gmNazwa><sln:miejscIIPId>ae3cac8e-5d7c-47ca-ad89-a90b3446a7be</sln:miejscIIPId><sln:miejscIIPPn>PL.PZGIK.200</sln:miejscIIPPn><sln:miejscIIPWersja>2016-11-24T11:03:22+02:00</sln:miejscIIPWersja><sln:miejscIdTeryt>0527380</sln:miejscIdTeryt><sln:miejscNazwa>Sławno</sln:miejscNazwa><sln:miejscRodzaj>Inny obiekt</sln:miejscRodzaj><sln:powIIPId>b2e00ebb-412b-4ae8-9afc-fe68f65bb1ac</sln:powIIPId><sln:powIIPPn>PL.PZGIK.200</sln:powIIPPn><sln:powIIPWersja>2012-09-27T08:59:03+02:00</sln:powIIPWersja><sln:powIdTeryt>3002</sln:powIdTeryt><sln:powNazwa>czarnkowsko-trzcianecki</sln:powNazwa><sln:waznyOd>2013-06-10T00:00:00+02:00</sln:waznyOd><sln:wojIIPId>c606b01a-76c8-480d-9470-f24ca0d7a613</sln:wojIIPId><sln:wojIIPPn>PL.PZGIK.200</sln:wojIIPPn><sln:wojIIPWersja>2016-05-05T18:20:48+02:00</sln:wojIIPWersja><sln:wojIdTeryt>30</sln:wojIdTeryt><sln:wojNazwa>wielkopolskie</sln:wojNazwa></sln:miejscowosc><sln:miejscowosc><sln:cyklZyciaDo>2017-03-29T00:00:00+02:00</sln:cyklZyciaDo><sln:cyklZyciaOd>2015-03-05T00:00:00+01:00</sln:cyklZyciaOd><sln:gmIIPId>7b0b412c-cfb3-452f-8be8-989a555f6460</sln:gmIIPId><sln:gmIIPPn>PL.PZGIK.200</sln:gmIIPPn><sln:gmIIPWersja>2012-09-26T22:22:25+02:00</sln:gmIIPWersja><sln:gmIdTeryt>3002052</sln:gmIdTeryt><sln:gmNazwa>Lubasz</sln:gmNazwa><sln:miejscIIPId>4fac932e-cb2c-4ac8-9c16-acb991f281bb</sln:miejscIIPId><sln:miejscIIPPn>PL.PZGIK.200</sln:miejscIIPPn><sln:miejscIIPWersja>2016-11-24T11:03:22+02:00</sln:miejscIIPWersja><sln:miejscIdTeryt>0527397</sln:miejscIdTeryt><sln:miejscNazwa>Sokołowo</sln:miejscNazwa><sln:miejscRodzaj>Inny obiekt</sln:miejscRodzaj><sln:powIIPId>b2e00ebb-412b-4ae8-9afc-fe68f65bb1ac</sln:powIIPId><sln:powIIPPn>PL.PZGIK.200</sln:powIIPPn><sln:powIIPWersja>2012-09-27T08:59:03+02:00</sln:powIIPWersja><sln:powIdTeryt>3002</sln:powIdTeryt><sln:powNazwa>czarnkowsko-trzcianecki</sln:powNazwa><sln:waznyOd>2013-06-10T00:00:00+02:00</sln:waznyOd><sln:wojIIPId>c606b01a-76c8-480d-9470-f24ca0d7a613</sln:wojIIPId><sln:wojIIPPn>PL.PZGIK.200</sln:wojIIPPn><sln:wojIIPWersja>2016-05-05T18:20:48+02:00</sln:wojIIPWersja><sln:wojIdTeryt>30</sln:wojIdTeryt><sln:wojNazwa>wielkopolskie</sln:wojNazwa></sln:miejscowosc><sln:miejscowosc><sln:cyklZyciaDo>2017-03-29T00:00:00+02:00</sln:cyklZyciaDo><sln:cyklZyciaOd>2015-03-05T00:00:00+01:00</sln:cyklZyciaOd><sln:gmIIPId>7b0b412c-cfb3-452f-8be8-989a555f6460</sln:gmIIPId><sln:gmIIPPn>PL.PZGIK.200</sln:gmIIPPn><sln:gmIIPWersja>2012-09-26T22:22:25+02:00</sln:gmIIPWersja><sln:gmIdTeryt>3002052</sln:gmIdTeryt><sln:gmNazwa>Lubasz</sln:gmNazwa><sln:miejscIIPId>fc0c5c13-416b-4b76-944e-41eecf19b84f</sln:miejscIIPId><sln:miejscIIPPn>PL.PZGIK.200</sln:miejscIIPPn><sln:miejscIIPWersja>2016-11-24T11:03:22+02:00</sln:miejscIIPWersja><sln:miejscIdTeryt>0527411</sln:miejscIdTeryt><sln:miejscNazwa>Stajkowo</sln:miejscNazwa><sln:miejscRodzaj>Inny obiekt</sln:miejscRodzaj><sln:powIIPId>b2e00ebb-412b-4ae8-9afc-fe68f65bb1ac</sln:powIIPId><sln:powIIPPn>PL.PZGIK.200</sln:powIIPPn><sln:powIIPWersja>2012-09-27T08:59:03+02:00</sln:powIIPWersja><sln:powIdTeryt>3002</sln:powIdTeryt><sln:powNazwa>czarnkowsko-trzcianecki</sln:powNazwa><sln:waznyOd>2013-06-10T00:00:00+02:00</sln:waznyOd><sln:wojIIPId>c606b01a-76c8-480d-9470-f24ca0d7a613</sln:wojIIPId><sln:wojIIPPn>PL.PZGIK.200</sln:wojIIPPn><sln:wojIIPWersja>2016-05-05T18:20:48+02:00</sln:wojIIPWersja><sln:wojIdTeryt>30</sln:wojIdTeryt><sln:wojNazwa>wielkopolskie</sln:wojNazwa></sln:miejscowosc><sln:miejscowosc><sln:cyklZyciaOd>2017-03-29T00:00:00+02:00</sln:cyklZyciaOd><sln:gmIIPId>7b0b412c-cfb3-452f-8be8-989a555f6460</sln:gmIIPId><sln:gmIIPPn>PL.PZGIK.200</sln:gmIIPPn><sln:gmIIPWersja>2012-09-26T22:22:25+02:00</sln:gmIIPWersja><sln:gmIdTeryt>3002052</sln:gmIdTeryt><sln:gmNazwa>Lubasz</sln:gmNazwa><sln:miejscIIPId>f98e9232-33b3-4b18-a6b7-50179a56438b</sln:miejscIIPId><sln:miejscIIPPn>PL.PZGIK.200</sln:miejscIIPPn><sln:miejscIIPWersja>2017-03-29T13:55:11+02:00</sln:miejscIIPWersja><sln:miejscIdTeryt>0527196</sln:miejscIdTeryt><sln:miejscNazwa>Antoniewo</sln:miejscNazwa><sln:miejscRodzaj>Wieś</sln:miejscRodzaj><sln:powIIPId>b2e00ebb-412b-4ae8-9afc-fe68f65bb1ac</sln:powIIPId><sln:powIIPPn>PL.PZGIK.200</sln:powIIPPn><sln:powIIPWersja>2012-09-27T08:59:03+02:00</sln:powIIPWersja><sln:powIdTeryt>3002</sln:powIdTeryt><sln:powNazwa>czarnkowsko-trzcianecki</sln:powNazwa><sln:waznyOd>2013-06-10T00:00:00+02:00</sln:waznyOd><sln:wojIIPId>c606b01a-76c8-480d-9470-f24ca0d7a613</sln:wojIIPId><sln:wojIIPPn>PL.PZGIK.200</sln:wojIIPPn><sln:wojIIPWersja>2016-05-05T18:20:48+02:00</sln:wojIIPWersja><sln:wojIdTeryt>30</sln:wojIdTeryt><sln:wojNazwa>wielkopolskie</sln:wojNazwa></sln:miejscowosc><sln:miejscowosc><sln:cyklZyciaOd>2017-03-29T00:00:00+02:00</sln:cyklZyciaOd><sln:gmIIPId>7b0b412c-cfb3-452f-8be8-989a555f6460</sln:gmIIPId><sln:gmIIPPn>PL.PZGIK.200</sln:gmIIPPn><sln:gmIIPWersja>2012-09-26T22:22:25+02:00</sln:gmIIPWersja><sln:gmIdTeryt>3002052</sln:gmIdTeryt><sln:gmNazwa>Lubasz</sln:gmNazwa><sln:miejscIIPId>9e321727-053c-4e85-a38c-a0d96072fe94</sln:miejscIIPId><sln:miejscIIPPn>PL.PZGIK.200</sln:miejscIIPPn><sln:miejscIIPWersja>2017-03-29T13:55:17+02:00</sln:miejscIIPWersja><sln:miejscIdTeryt>0527204</sln:miejscIdTeryt><sln:miejscNazwa>Dębe</sln:miejscNazwa><sln:miejscRodzaj>Wieś</sln:miejscRodzaj><sln:powIIPId>b2e00ebb-412b-4ae8-9afc-fe68f65bb1ac</sln:powIIPId><sln:powIIPPn>PL.PZGIK.200</sln:powIIPPn><sln:powIIPWersja>2012-09-27T08:59:03+02:00</sln:powIIPWersja><sln:powIdTeryt>3002</sln:powIdTeryt><sln:powNazwa>czarnkowsko-trzcianecki</sln:powNazwa><sln:waznyOd>2013-06-10T00:00:00+02:00</sln:waznyOd><sln:wojIIPId>c606b01a-76c8-480d-9470-f24ca0d7a613</sln:wojIIPId><sln:wojIIPPn>PL.PZGIK.200</sln:wojIIPPn><sln:wojIIPWersja>2016-05-05T18:20:48+02:00</sln:wojIIPWersja><sln:wojIdTeryt>30</sln:wojIdTeryt><sln:wojNazwa>wielkopolskie</sln:wojNazwa></sln:miejscowosc><sln:miejscowosc><sln:cyklZyciaOd>2017-03-29T00:00:00+02:00</sln:cyklZyciaOd><sln:gmIIPId>7b0b412c-cfb3-452f-8be8-989a555f6460</sln:gmIIPId><sln:gmIIPPn>PL.PZGIK.200</sln:gmIIPPn><sln:gmIIPWersja>2012-09-26T22:22:25+02:00</sln:gmIIPWersja><sln:gmIdTeryt>3002052</sln:gmIdTeryt><sln:gmNazwa>Lubasz</sln:gmNazwa><sln:miejscIIPId>274e6fb2-097b-43f1-a3d2-c5636be72e2f</sln:miejscIIPId><sln:miejscIIPPn>PL.PZGIK.200</sln:miejscIIPPn><sln:miejscIIPWersja>2017-03-29T13:55:17+02:00</sln:miejscIIPWersja><sln:miejscIdTeryt>0527210</sln:miejscIdTeryt><sln:miejscNazwa>Goraj</sln:miejscNazwa><sln:miejscRodzaj>Wieś</sln:miejscRodzaj><sln:powIIPId>b2e00ebb-412b-4ae8-9afc-fe68f65bb1ac</sln:powIIPId><sln:powIIPPn>PL.PZGIK.200</sln:powIIPPn><sln:powIIPWersja>2012-09-27T08:59:03+02:00</sln:powIIPWersja><sln:powIdTeryt>3002</sln:powIdTeryt><sln:powNazwa>czarnkowsko-trzcianecki</sln:powNazwa><sln:waznyOd>2013-06-10T00:00:00+02:00</sln:waznyOd><sln:wojIIPId>c606b01a-76c8-480d-9470-f24ca0d7a613</sln:wojIIPId><sln:wojIIPPn>PL.PZGIK.200</sln:wojIIPPn><sln:wojIIPWersja>2016-05-05T18:20:48+02:00</sln:wojIIPWersja><sln:wojIdTeryt>30</sln:wojIdTeryt><sln:wojNazwa>wielkopolskie</sln:wojNazwa></sln:miejscowosc><sln:miejscowosc><sln:cyklZyciaOd>2017-03-29T00:00:00+02:00</sln:cyklZyciaOd><sln:gmIIPId>7b0b412c-cfb3-452f-8be8-989a555f6460</sln:gmIIPId><sln:gmIIPPn>PL.PZGIK.200</sln:gmIIPPn><sln:gmIIPWersja>2012-09-26T22:22:25+02:00</sln:gmIIPWersja><sln:gmIdTeryt>3002052</sln:gmIdTeryt><sln:gmNazwa>Lubasz</sln:gmNazwa><sln:miejscIIPId>19faafaa-9cf4-49b9-8b9f-668ff250b60a</sln:miejscIIPId><sln:miejscIIPPn>PL.PZGIK.200</sln:miejscIIPPn><sln:miejscIIPWersja>2017-03-29T13:55:17+02:00</sln:miejscIIPWersja><sln:miejscIdTeryt>0527227</sln:miejscIdTeryt><sln:miejscNazwa>Bzowo</sln:miejscNazwa><sln:miejscRodzaj>Wieś</sln:miejscRodzaj><sln:powIIPId>b2e00ebb-412b-4ae8-9afc-fe68f65bb1ac</sln:powIIPId><sln:powIIPPn>PL.PZGIK.200</sln:powIIPPn><sln:powIIPWersja>2012-09-27T08:59:03+02:00</sln:powIIPWersja><sln:powIdTeryt>3002</sln:powIdTeryt><sln:powNazwa>czarnkowsko-trzcianecki</sln:powNazwa><sln:waznyOd>2013-06-10T00:00:00+02:00</sln:waznyOd><sln:wojIIPId>c606b01a-76c8-480d-9470-f24ca0d7a613</sln:wojIIPId><sln:wojIIPPn>PL.PZGIK.200</sln:wojIIPPn><sln:wojIIPWersja>2016-05-05T18:20:48+02:00</sln:wojIIPWersja><sln:wojIdTeryt>30</sln:wojIdTeryt><sln:wojNazwa>wielkopolskie</sln:wojNazwa></sln:miejscowosc><sln:miejscowosc><sln:cyklZyciaOd>2017-03-29T00:00:00+02:00</sln:cyklZyciaOd><sln:gmIIPId>7b0b412c-cfb3-452f-8be8-989a555f6460</sln:gmIIPId><sln:gmIIPPn>PL.PZGIK.200</sln:gmIIPPn><sln:gmIIPWersja>2012-09-26T22:22:25+02:00</sln:gmIIPWersja><sln:gmIdTeryt>3002052</sln:gmIdTeryt><sln:gmNazwa>Lubasz</sln:gmNazwa><sln:miejscIIPId>0da2c46e-bb57-4267-bf4c-72fff758059b</sln:miejscIIPId><sln:miejscIIPPn>PL.PZGIK.200</sln:miejscIIPPn><sln:miejscIIPWersja>2017-03-29T13:55:17+02:00</sln:miejscIIPWersja><sln:miejscIdTeryt>0527240</sln:miejscIdTeryt><sln:miejscNazwa>Jędrzejewo</sln:miejscNazwa><sln:miejscRodzaj>Wieś</sln:miejscRodzaj><sln:powIIPId>b2e00ebb-412b-4ae8-9afc-fe68f65bb1ac</sln:powIIPId><sln:powIIPPn>PL.PZGIK.200</sln:powIIPPn><sln:powIIPWersja>2012-09-27T08:59:03+02:00</sln:powIIPWersja><sln:powIdTeryt>3002</sln:powIdTeryt><sln:powNazwa>czarnkowsko-trzcianecki</sln:powNazwa><sln:waznyOd>2013-06-10T00:00:00+02:00</sln:waznyOd><sln:wojIIPId>c606b01a-76c8-480d-9470-f24ca0d7a613</sln:wojIIPId><sln:wojIIPPn>PL.PZGIK.200</sln:wojIIPPn><sln:wojIIPWersja>2016-05-05T18:20:48+02:00</sln:wojIIPWersja><sln:wojIdTeryt>30</sln:wojIdTeryt><sln:wojNazwa>wielkopolskie</sln:wojNazwa></sln:miejscowosc><sln:miejscowosc><sln:cyklZyciaOd>2017-03-29T00:00:00+02:00</sln:cyklZyciaOd><sln:gmIIPId>7b0b412c-cfb3-452f-8be8-989a555f6460</sln:gmIIPId><sln:gmIIPPn>PL.PZGIK.200</sln:gmIIPPn><sln:gmIIPWersja>2012-09-26T22:22:25+02:00</sln:gmIIPWersja><sln:gmIdTeryt>3002052</sln:gmIdTeryt><sln:gmNazwa>Lubasz</sln:gmNazwa><sln:miejscIIPId>38ee827f-d553-4bdd-b656-969560a39321</sln:miejscIIPId><sln:miejscIIPPn>PL.PZGIK.200</sln:miejscIIPPn><sln:miejscIIPWersja>2017-03-29T13:55:17+02:00</sln:miejscIIPWersja><sln:miejscIdTeryt>0527256</sln:miejscIdTeryt><sln:miejscNazwa>Kamionka</sln:miejscNazwa><sln:miejscRodzaj>Wieś</sln:miejscRodzaj><sln:powIIPId>b2e00ebb-412b-4ae8-9afc-fe68f65bb1ac</sln:powIIPId><sln:powIIPPn>PL.PZGIK.200</sln:powIIPPn><sln:powIIPWersja>2012-09-27T08:59:03+02:00</sln:powIIPWersja><sln:powIdTeryt>3002</sln:powIdTeryt><sln:powNazwa>czarnkowsko-trzcianecki</sln:powNazwa><sln:waznyOd>2013-06-10T00:00:00+02:00</sln:waznyOd><sln:wojIIPId>c606b01a-76c8-480d-9470-f24ca0d7a613</sln:wojIIPId><sln:wojIIPPn>PL.PZGIK.200</sln:wojIIPPn><sln:wojIIPWersja>2016-05-05T18:20:48+02:00</sln:wojIIPWersja><sln:wojIdTeryt>30</sln:wojIdTeryt><sln:wojNazwa>wielkopolskie</sln:wojNazwa></sln:miejscowosc><sln:miejscowosc><sln:cyklZyciaOd>2017-03-29T00:00:00+02:00</sln:cyklZyciaOd><sln:gmIIPId>7b0b412c-cfb3-452f-8be8-989a555f6460</sln:gmIIPId><sln:gmIIPPn>PL.PZGIK.200</sln:gmIIPPn><sln:gmIIPWersja>2012-09-26T22:22:25+02:00</sln:gmIIPWersja><sln:gmIdTeryt>3002052</sln:gmIdTeryt><sln:gmNazwa>Lubasz</sln:gmNazwa><sln:miejscIIPId>171ab1a0-dc51-466f-ac9d-753d9fbcd999</sln:miejscIIPId><sln:miejscIIPPn>PL.PZGIK.200</sln:miejscIIPPn><sln:miejscIIPWersja>2017-03-29T13:55:17+02:00</sln:miejscIIPWersja><sln:miejscIdTeryt>0527262</sln:miejscIdTeryt><sln:miejscNazwa>Klempicz</sln:miejscNazwa><sln:miejscRodzaj>Wieś</sln:miejscRodzaj><sln:powIIPId>b2e00ebb-412b-4ae8-9afc-fe68f65bb1ac</sln:powIIPId><sln:powIIPPn>PL.PZGIK.200</sln:powIIPPn><sln:powIIPWersja>2012-09-27T08:59:03+02:00</sln:powIIPWersja><sln:powIdTeryt>3002</sln:powIdTeryt><sln:powNazwa>czarnkowsko-trzcianecki</sln:powNazwa><sln:waznyOd>2013-06-10T00:00:00+02:00</sln:waznyOd><sln:wojIIPId>c606b01a-76c8-480d-9470-f24ca0d7a613</sln:wojIIPId><sln:wojIIPPn>PL.PZGIK.200</sln:wojIIPPn><sln:wojIIPWersja>2016-05-05T18:20:48+02:00</sln:wojIIPWersja><sln:wojIdTeryt>30</sln:wojIdTeryt><sln:wojNazwa>wielkopolskie</sln:wojNazwa></sln:miejscowosc><sln:miejscowosc><sln:cyklZyciaOd>2017-03-29T00:00:00+02:00</sln:cyklZyciaOd><sln:gmIIPId>7b0b412c-cfb3-452f-8be8-989a555f6460</sln:gmIIPId><sln:gmIIPPn>PL.PZGIK.200</sln:gmIIPPn><sln:gmIIPWersja>2012-09-26T22:22:25+02:00</sln:gmIIPWersja><sln:gmIdTeryt>3002052</sln:gmIdTeryt><sln:gmNazwa>Lubasz</sln:gmNazwa><sln:miejscIIPId>667b478a-ae6c-457d-b158-360bac8d89e5</sln:miejscIIPId><sln:miejscIIPPn>PL.PZGIK.200</sln:miejscIIPPn><sln:miejscIIPWersja>2017-03-29T13:55:17+02:00</sln:miejscIIPWersja><sln:miejscIdTeryt>0527279</sln:miejscIdTeryt><sln:miejscNazwa>Krucz</sln:miejscNazwa><sln:miejscRodzaj>Wieś</sln:miejscRodzaj><sln:powIIPId>b2e00ebb-412b-4ae8-9afc-fe68f65bb1ac</sln:powIIPId><sln:powIIPPn>PL.PZGIK.200</sln:powIIPPn><sln:powIIPWersja>2012-09-27T08:59:03+02:00</sln:powIIPWersja><sln:powIdTeryt>3002</sln:powIdTeryt><sln:powNazwa>czarnkowsko-trzcianecki</sln:powNazwa><sln:waznyOd>2013-06-10T00:00:00+02:00</sln:waznyOd><sln:wojIIPId>c606b01a-76c8-480d-9470-f24ca0d7a613</sln:wojIIPId><sln:wojIIPPn>PL.PZGIK.200</sln:wojIIPPn><sln:wojIIPWersja>2016-05-05T18:20:48+02:00</sln:wojIIPWersja><sln:wojIdTeryt>30</sln:wojIdTeryt><sln:wojNazwa>wielkopolskie</sln:wojNazwa></sln:miejscowosc><sln:miejscowosc><sln:cyklZyciaOd>2017-03-29T00:00:00+02:00</sln:cyklZyciaOd><sln:gmIIPId>7b0b412c-cfb3-452f-8be8-989a555f6460</sln:gmIIPId><sln:gmIIPPn>PL.PZGIK.200</sln:gmIIPPn><sln:gmIIPWersja>2012-09-26T22:22:25+02:00</sln:gmIIPWersja><sln:gmIdTeryt>3002052</sln:gmIdTeryt><sln:gmNazwa>Lubasz</sln:gmNazwa><sln:miejscIIPId>896c9f85-a4ce-460c-813c-0784ab7d0f5b</sln:miejscIIPId><sln:miejscIIPPn>PL.PZGIK.200</sln:miejscIIPPn><sln:miejscIIPWersja>2017-03-29T13:55:17+02:00</sln:miejscIIPWersja><sln:miejscIdTeryt>0527291</sln:miejscIdTeryt><sln:miejscNazwa>Kruteczek</sln:miejscNazwa><sln:miejscRodzaj>Wieś</sln:miejscRodzaj><sln:powIIPId>b2e00ebb-412b-4ae8-9afc-fe68f65bb1ac</sln:powIIPId><sln:powIIPPn>PL.PZGIK.200</sln:powIIPPn><sln:powIIPWersja>2012-09-27T08:59:03+02:00</sln:powIIPWersja><sln:powIdTeryt>3002</sln:powIdTeryt><sln:powNazwa>czarnkowsko-trzcianecki</sln:powNazwa><sln:waznyOd>2013-06-10T00:00:00+02:00</sln:waznyOd><sln:wojIIPId>c606b01a-76c8-480d-9470-f24ca0d7a613</sln:wojIIPId><sln:wojIIPPn>PL.PZGIK.200</sln:wojIIPPn><sln:wojIIPWersja>2016-05-05T18:20:48+02:00</sln:wojIIPWersja><sln:wojIdTeryt>30</sln:wojIdTeryt><sln:wojNazwa>wielkopolskie</sln:wojNazwa></sln:miejscowosc><sln:miejscowosc><sln:cyklZyciaOd>2017-03-29T00:00:00+02:00</sln:cyklZyciaOd><sln:gmIIPId>7b0b412c-cfb3-452f-8be8-989a555f6460</sln:gmIIPId><sln:gmIIPPn>PL.PZGIK.200</sln:gmIIPPn><sln:gmIIPWersja>2012-09-26T22:22:25+02:00</sln:gmIIPWersja><sln:gmIdTeryt>3002052</sln:gmIdTeryt><sln:gmNazwa>Lubasz</sln:gmNazwa><sln:miejscIIPId>ba2bc29f-b176-4340-8293-432db1800dba</sln:miejscIIPId><sln:miejscIIPPn>PL.PZGIK.200</sln:miejscIIPPn><sln:miejscIIPWersja>2017-03-29T13:55:17+02:00</sln:miejscIIPWersja><sln:miejscIdTeryt>0527300</sln:miejscIdTeryt><sln:miejscNazwa>Lubasz</sln:miejscNazwa><sln:miejscRodzaj>Wieś</sln:miejscRodzaj><sln:powIIPId>b2e00ebb-412b-4ae8-9afc-fe68f65bb1ac</sln:powIIPId><sln:powIIPPn>PL.PZGIK.200</sln:powIIPPn><sln:powIIPWersja>2012-09-27T08:59:03+02:00</sln:powIIPWersja><sln:powIdTeryt>3002</sln:powIdTeryt><sln:powNazwa>czarnkowsko-trzcianecki</sln:powNazwa><sln:waznyOd>2013-06-10T00:00:00+02:00</sln:waznyOd><sln:wojIIPId>c606b01a-76c8-480d-9470-f24ca0d7a613</sln:wojIIPId><sln:wojIIPPn>PL.PZGIK.200</sln:wojIIPPn><sln:wojIIPWersja>2016-05-05T18:20:48+02:00</sln:wojIIPWersja><sln:wojIdTeryt>30</sln:wojIdTeryt><sln:wojNazwa>wielkopolskie</sln:wojNazwa></sln:miejscowosc><sln:miejscowosc><sln:cyklZyciaOd>2017-03-29T00:00:00+02:00</sln:cyklZyciaOd><sln:gmIIPId>7b0b412c-cfb3-452f-8be8-989a555f6460</sln:gmIIPId><sln:gmIIPPn>PL.PZGIK.200</sln:gmIIPPn><sln:gmIIPWersja>2012-09-26T22:22:25+02:00</sln:gmIIPWersja><sln:gmIdTeryt>3002052</sln:gmIdTeryt><sln:gmNazwa>Lubasz</sln:gmNazwa><sln:miejscIIPId>b7787e27-53a0-41ae-ae78-829e3e1e27a8</sln:miejscIIPId><sln:miejscIIPPn>PL.PZGIK.200</sln:miejscIIPPn><sln:miejscIIPWersja>2017-03-29T13:55:18+02:00</sln:miejscIIPWersja><sln:miejscIdTeryt>0527316</sln:miejscIdTeryt><sln:miejscNazwa>Bończa</sln:miejscNazwa><sln:miejscRodzaj>Inny obiekt</sln:miejscRodzaj><sln:powIIPId>b2e00ebb-412b-4ae8-9afc-fe68f65bb1ac</sln:powIIPId><sln:powIIPPn>PL.PZGIK.200</sln:powIIPPn><sln:powIIPWersja>2012-09-27T08:59:03+02:00</sln:powIIPWersja><sln:powIdTeryt>3002</sln:powIdTeryt><sln:powNazwa>czarnkowsko-trzcianecki</sln:powNazwa><sln:waznyOd>2013-06-10T00:00:00+02:00</sln:waznyOd><sln:wojIIPId>c606b01a-76c8-480d-9470-f24ca0d7a613</sln:wojIIPId><sln:wojIIPPn>PL.PZGIK.200</sln:wojIIPPn><sln:wojIIPWersja>2016-05-05T18:20:48+02:00</sln:wojIIPWersja><sln:wojIdTeryt>30</sln:wojIdTeryt><sln:wojNazwa>wielkopolskie</sln:wojNazwa></sln:miejscowosc><sln:miejscowosc><sln:cyklZyciaOd>2017-03-29T00:00:00+02:00</sln:cyklZyciaOd><sln:gmIIPId>7b0b412c-cfb3-452f-8be8-989a555f6460</sln:gmIIPId><sln:gmIIPPn>PL.PZGIK.200</sln:gmIIPPn><sln:gmIIPWersja>2012-09-26T22:22:25+02:00</sln:gmIIPWersja><sln:gmIdTeryt>3002052</sln:gmIdTeryt><sln:gmNazwa>Lubasz</sln:gmNazwa><sln:miejscIIPId>13e78dd5-df0a-4543-bf61-2bf44dbe9579</sln:miejscIIPId><sln:miejscIIPPn>PL.PZGIK.200</sln:miejscIIPPn><sln:miejscIIPWersja>2017-03-29T13:55:18+02:00</sln:miejscIIPWersja><sln:miejscIdTeryt>0527322</sln:miejscIdTeryt><sln:miejscNazwa>Sławienko</sln:miejscNazwa><sln:miejscRodzaj>Inny obiekt</sln:miejscRodzaj><sln:powIIPId>b2e00ebb-412b-4ae8-9afc-fe68f65bb1ac</sln:powIIPId><sln:powIIPPn>PL.PZGIK.200</sln:powIIPPn><sln:powIIPWersja>2012-09-27T08:59:03+02:00</sln:powIIPWersja><sln:powIdTeryt>3002</sln:powIdTeryt><sln:powNazwa>czarnkowsko-trzcianecki</sln:powNazwa><sln:waznyOd>2013-06-10T00:00:00+02:00</sln:waznyOd><sln:wojIIPId>c606b01a-76c8-480d-9470-f24ca0d7a613</sln:wojIIPId><sln:wojIIPPn>PL.PZGIK.200</sln:wojIIPPn><sln:wojIIPWersja>2016-05-05T18:20:48+02:00</sln:wojIIPWersja><sln:wojIdTeryt>30</sln:wojIdTeryt><sln:wojNazwa>wielkopolskie</sln:wojNazwa></sln:miejscowosc><sln:miejscowosc><sln:cyklZyciaOd>2017-03-29T00:00:00+02:00</sln:cyklZyciaOd><sln:gmIIPId>7b0b412c-cfb3-452f-8be8-989a555f6460</sln:gmIIPId><sln:gmIIPPn>PL.PZGIK.200</sln:gmIIPPn><sln:gmIIPWersja>2012-09-26T22:22:25+02:00</sln:gmIIPWersja><sln:gmIdTeryt>3002052</sln:gmIdTeryt><sln:gmNazwa>Lubasz</sln:gmNazwa><sln:miejscIIPId>804eb5e2-ad5b-405b-8fc8-30ef1e87346b</sln:miejscIIPId><sln:miejscIIPPn>PL.PZGIK.200</sln:miejscIIPPn><sln:miejscIIPWersja>2017-03-29T13:55:18+02:00</sln:miejscIIPWersja><sln:miejscIdTeryt>0527339</sln:miejscIdTeryt><sln:miejscNazwa>Miłkowo</sln:miejscNazwa><sln:miejscRodzaj>Wieś</sln:miejscRodzaj><sln:powIIPId>b2e00ebb-412b-4ae8-9afc-fe68f65bb1ac</sln:powIIPId><sln:powIIPPn>PL.PZGIK.200</sln:powIIPPn><sln:powIIPWersja>2012-09-27T08:59:03+02:00</sln:powIIPWersja><sln:powIdTeryt>3002</sln:powIdTeryt><sln:powNazwa>czarnkowsko-trzcianecki</sln:powNazwa><sln:waznyOd>2013-06-10T00:00:00+02:00</sln:waznyOd><sln:wojIIPId>c606b01a-76c8-480d-9470-f24ca0d7a613</sln:wojIIPId><sln:wojIIPPn>PL.PZGIK.200</sln:wojIIPPn><sln:wojIIPWersja>2016-05-05T18:20:48+02:00</sln:wojIIPWersja><sln:wojIdTeryt>30</sln:wojIdTeryt><sln:wojNazwa>wielkopolskie</sln:wojNazwa></sln:miejscowosc><sln:miejscowosc><sln:cyklZyciaOd>2017-03-29T00:00:00+02:00</sln:cyklZyciaOd><sln:gmIIPId>7b0b412c-cfb3-452f-8be8-989a555f6460</sln:gmIIPId><sln:gmIIPPn>PL.PZGIK.200</sln:gmIIPPn><sln:gmIIPWersja>2012-09-26T22:22:25+02:00</sln:gmIIPWersja><sln:gmIdTeryt>3002052</sln:gmIdTeryt><sln:gmNazwa>Lubasz</sln:gmNazwa><sln:miejscIIPId>4b25a859-8c66-41e1-af64-92ba8b261035</sln:miejscIIPId><sln:miejscIIPPn>PL.PZGIK.200</sln:miejscIIPPn><sln:miejscIIPWersja>2017-03-29T13:55:18+02:00</sln:miejscIIPWersja><sln:miejscIdTeryt>0527345</sln:miejscIdTeryt><sln:miejscNazwa>Elżbiecin</sln:miejscNazwa><sln:miejscRodzaj>Inny obiekt</sln:miejscRodzaj><sln:powIIPId>b2e00ebb-412b-4ae8-9afc-fe68f65bb1ac</sln:powIIPId><sln:powIIPPn>PL.PZGIK.200</sln:powIIPPn><sln:powIIPWersja>2012-09-27T08:59:03+02:00</sln:powIIPWersja><sln:powIdTeryt>3002</sln:powIdTeryt><sln:powNazwa>czarnkowsko-trzcianecki</sln:powNazwa><sln:waznyOd>2013-06-10T00:00:00+02:00</sln:waznyOd><sln:wojIIPId>c606b01a-76c8-480d-9470-f24ca0d7a613</sln:wojIIPId><sln:wojIIPPn>PL.PZGIK.200</sln:wojIIPPn><sln:wojIIPWersja>2016-05-05T18:20:48+02:00</sln:wojIIPWersja><sln:wojIdTeryt>30</sln:wojIdTeryt><sln:wojNazwa>wielkopolskie</sln:wojNazwa></sln:miejscowosc><sln:miejscowosc><sln:cyklZyciaOd>2017-03-29T00:00:00+02:00</sln:cyklZyciaOd><sln:gmIIPId>7b0b412c-cfb3-452f-8be8-989a555f6460</sln:gmIIPId><sln:gmIIPPn>PL.PZGIK.200</sln:gmIIPPn><sln:gmIIPWersja>2012-09-26T22:22:25+02:00</sln:gmIIPWersja><sln:gmIdTeryt>3002052</sln:gmIdTeryt><sln:gmNazwa>Lubasz</sln:gmNazwa><sln:miejscIIPId>4fc97cbc-b583-4a7b-ae6d-71f1d105ccfe</sln:miejscIIPId><sln:miejscIIPPn>PL.PZGIK.200</sln:miejscIIPPn><sln:miejscIIPWersja>2017-03-29T13:55:18+02:00</sln:miejscIIPWersja><sln:miejscIdTeryt>0527351</sln:miejscIdTeryt><sln:miejscNazwa>Miłkówko</sln:miejscNazwa><sln:miejscRodzaj>Inny obiekt</sln:miejscRodzaj><sln:powIIPId>b2e00ebb-412b-4ae8-9afc-fe68f65bb1ac</sln:powIIPId><sln:powIIPPn>PL.PZGIK.200</sln:powIIPPn><sln:powIIPWersja>2012-09-27T08:59:03+02:00</sln:powIIPWersja><sln:powIdTeryt>3002</sln:powIdTeryt><sln:powNazwa>czarnkowsko-trzcianecki</sln:powNazwa><sln:waznyOd>2013-06-10T00:00:00+02:00</sln:waznyOd><sln:wojIIPId>c606b01a-76c8-480d-9470-f24ca0d7a613</sln:wojIIPId><sln:wojIIPPn>PL.PZGIK.200</sln:wojIIPPn><sln:wojIIPWersja>2016-05-05T18:20:48+02:00</sln:wojIIPWersja><sln:wojIdTeryt>30</sln:wojIdTeryt><sln:wojNazwa>wielkopolskie</sln:wojNazwa></sln:miejscowosc><sln:miejscowosc><sln:cyklZyciaOd>2017-03-29T00:00:00+02:00</sln:cyklZyciaOd><sln:gmIIPId>7b0b412c-cfb3-452f-8be8-989a555f6460</sln:gmIIPId><sln:gmIIPPn>PL.PZGIK.200</sln:gmIIPPn><sln:gmIIPWersja>2012-09-26T22:22:25+02:00</sln:gmIIPWersja><sln:gmIdTeryt>3002052</sln:gmIdTeryt><sln:gmNazwa>Lubasz</sln:gmNazwa><sln:miejscIIPId>b1708522-c0c4-45aa-b7f4-d9d8a145d524</sln:miejscIIPId><sln:miejscIIPPn>PL.PZGIK.200</sln:miejscIIPPn><sln:miejscIIPWersja>2017-03-29T13:55:18+02:00</sln:miejscIIPWersja><sln:miejscIdTeryt>0527368</sln:miejscIdTeryt><sln:miejscNazwa>Nowina</sln:miejscNazwa><sln:miejscRodzaj>Wieś</sln:miejscRodzaj><sln:powIIPId>b2e00ebb-412b-4ae8-9afc-fe68f65bb1ac</sln:powIIPId><sln:powIIPPn>PL.PZGIK.200</sln:powIIPPn><sln:powIIPWersja>2012-09-27T08:59:03+02:00</sln:powIIPWersja><sln:powIdTeryt>3002</sln:powIdTeryt><sln:powNazwa>czarnkowsko-trzcianecki</sln:powNazwa><sln:waznyOd>2013-06-10T00:00:00+02:00</sln:waznyOd><sln:wojIIPId>c606b01a-76c8-480d-9470-f24ca0d7a613</sln:wojIIPId><sln:wojIIPPn>PL.PZGIK.200</sln:wojIIPPn><sln:wojIIPWersja>2016-05-05T18:20:48+02:00</sln:wojIIPWersja><sln:wojIdTeryt>30</sln:wojIdTeryt><sln:wojNazwa>wielkopolskie</sln:wojNazwa></sln:miejscowosc><sln:miejscowosc><sln:cyklZyciaOd>2017-03-29T00:00:00+02:00</sln:cyklZyciaOd><sln:gmIIPId>7b0b412c-cfb3-452f-8be8-989a555f6460</sln:gmIIPId><sln:gmIIPPn>PL.PZGIK.200</sln:gmIIPPn><sln:gmIIPWersja>2012-09-26T22:22:25+02:00</sln:gmIIPWersja><sln:gmIdTeryt>3002052</sln:gmIdTeryt><sln:gmNazwa>Lubasz</sln:gmNazwa><sln:miejscIIPId>94d55f0c-a595-4016-8a8a-de026de3be97</sln:miejscIIPId><sln:miejscIIPPn>PL.PZGIK.200</sln:miejscIIPPn><sln:miejscIIPWersja>2017-03-29T13:55:18+02:00</sln:miejscIIPWersja><sln:miejscIdTeryt>0527374</sln:miejscIdTeryt><sln:miejscNazwa>Prusinowo</sln:miejscNazwa><sln:miejscRodzaj>Wieś</sln:miejscRodzaj><sln:powIIPId>b2e00ebb-412b-4ae8-9afc-fe68f65bb1ac</sln:powIIPId><sln:powIIPPn>PL.PZGIK.200</sln:powIIPPn><sln:powIIPWersja>2012-09-27T08:59:03+02:00</sln:powIIPWersja><sln:powIdTeryt>3002</sln:powIdTeryt><sln:powNazwa>czarnkowsko-trzcianecki</sln:powNazwa><sln:waznyOd>2013-06-10T00:00:00+02:00</sln:waznyOd><sln:wojIIPId>c606b01a-76c8-480d-9470-f24ca0d7a613</sln:wojIIPId><sln:wojIIPPn>PL.PZGIK.200</sln:wojIIPPn><sln:wojIIPWersja>2016-05-05T18:20:48+02:00</sln:wojIIPWersja><sln:wojIdTeryt>30</sln:wojIdTeryt><sln:wojNazwa>wielkopolskie</sln:wojNazwa></sln:miejscowosc><sln:miejscowosc><sln:cyklZyciaOd>2017-03-29T00:00:00+02:00</sln:cyklZyciaOd><sln:gmIIPId>7b0b412c-cfb3-452f-8be8-989a555f6460</sln:gmIIPId><sln:gmIIPPn>PL.PZGIK.200</sln:gmIIPPn><sln:gmIIPWersja>2012-09-26T22:22:25+02:00</sln:gmIIPWersja><sln:gmIdTeryt>3002052</sln:gmIdTeryt><sln:gmNazwa>Lubasz</sln:gmNazwa><sln:miejscIIPId>ae3cac8e-5d7c-47ca-ad89-a90b3446a7be</sln:miejscIIPId><sln:miejscIIPPn>PL.PZGIK.200</sln:miejscIIPPn><sln:miejscIIPWersja>2017-03-29T13:55:18+02:00</sln:miejscIIPWersja><sln:miejscIdTeryt>0527380</sln:miejscIdTeryt><sln:miejscNazwa>Sławno</sln:miejscNazwa><sln:miejscRodzaj>Wieś</sln:miejscRodzaj><sln:powIIPId>b2e00ebb-412b-4ae8-9afc-fe68f65bb1ac</sln:powIIPId><sln:powIIPPn>PL.PZGIK.200</sln:powIIPPn><sln:powIIPWersja>2012-09-27T08:59:03+02:00</sln:powIIPWersja><sln:powIdTeryt>3002</sln:powIdTeryt><sln:powNazwa>czarnkowsko-trzcianecki</sln:powNazwa><sln:waznyOd>2013-06-10T00:00:00+02:00</sln:waznyOd><sln:wojIIPId>c606b01a-76c8-480d-9470-f24ca0d7a613</sln:wojIIPId><sln:wojIIPPn>PL.PZGIK.200</sln:wojIIPPn><sln:wojIIPWersja>2016-05-05T18:20:48+02:00</sln:wojIIPWersja><sln:wojIdTeryt>30</sln:wojIdTeryt><sln:wojNazwa>wielkopolskie</sln:wojNazwa></sln:miejscowosc><sln:miejscowosc><sln:cyklZyciaOd>2017-03-29T00:00:00+02:00</sln:cyklZyciaOd><sln:gmIIPId>7b0b412c-cfb3-452f-8be8-989a555f6460</sln:gmIIPId><sln:gmIIPPn>PL.PZGIK.200</sln:gmIIPPn><sln:gmIIPWersja>2012-09-26T22:22:25+02:00</sln:gmIIPWersja><sln:gmIdTeryt>3002052</sln:gmIdTeryt><sln:gmNazwa>Lubasz</sln:gmNazwa><sln:miejscIIPId>4fac932e-cb2c-4ac8-9c16-acb991f281bb</sln:miejscIIPId><sln:miejscIIPPn>PL.PZGIK.200</sln:miejscIIPPn><sln:miejscIIPWersja>2017-03-29T13:55:18+02:00</sln:miejscIIPWersja><sln:miejscIdTeryt>0527397</sln:miejscIdTeryt><sln:miejscNazwa>Sokołowo</sln:miejscNazwa><sln:miejscRodzaj>Wieś</sln:miejscRodzaj><sln:powIIPId>b2e00ebb-412b-4ae8-9afc-fe68f65bb1ac</sln:powIIPId><sln:powIIPPn>PL.PZGIK.200</sln:powIIPPn><sln:powIIPWersja>2012-09-27T08:59:03+02:00</sln:powIIPWersja><sln:powIdTeryt>3002</sln:powIdTeryt><sln:powNazwa>czarnkowsko-trzcianecki</sln:powNazwa><sln:waznyOd>2013-06-10T00:00:00+02:00</sln:waznyOd><sln:wojIIPId>c606b01a-76c8-480d-9470-f24ca0d7a613</sln:wojIIPId><sln:wojIIPPn>PL.PZGIK.200</sln:wojIIPPn><sln:wojIIPWersja>2016-05-05T18:20:48+02:00</sln:wojIIPWersja><sln:wojIdTeryt>30</sln:wojIdTeryt><sln:wojNazwa>wielkopolskie</sln:wojNazwa></sln:miejscowosc><sln:miejscowosc><sln:cyklZyciaOd>2017-03-29T00:00:00+02:00</sln:cyklZyciaOd><sln:gmIIPId>7b0b412c-cfb3-452f-8be8-989a555f6460</sln:gmIIPId><sln:gmIIPPn>PL.PZGIK.200</sln:gmIIPPn><sln:gmIIPWersja>2012-09-26T22:22:25+02:00</sln:gmIIPWersja><sln:gmIdTeryt>3002052</sln:gmIdTeryt><sln:gmNazwa>Lubasz</sln:gmNazwa><sln:miejscIIPId>fc0c5c13-416b-4b76-944e-41eecf19b84f</sln:miejscIIPId><sln:miejscIIPPn>PL.PZGIK.200</sln:miejscIIPPn><sln:miejscIIPWersja>2017-03-29T13:55:18+02:00</sln:miejscIIPWersja><sln:miejscIdTeryt>0527411</sln:miejscIdTeryt><sln:miejscNazwa>Stajkowo</sln:miejscNazwa><sln:miejscRodzaj>Wieś</sln:miejscRodzaj><sln:powIIPId>b2e00ebb-412b-4ae8-9afc-fe68f65bb1ac</sln:powIIPId><sln:powIIPPn>PL.PZGIK.200</sln:powIIPPn><sln:powIIPWersja>2012-09-27T08:59:03+02:00</sln:powIIPWersja><sln:powIdTeryt>3002</sln:powIdTeryt><sln:powNazwa>czarnkowsko-trzcianecki</sln:powNazwa><sln:waznyOd>2013-06-10T00:00:00+02:00</sln:waznyOd><sln:wojIIPId>c606b01a-76c8-480d-9470-f24ca0d7a613</sln:wojIIPId><sln:wojIIPPn>PL.PZGIK.200</sln:wojIIPPn><sln:wojIIPWersja>2016-05-05T18:20:48+02:00</sln:wojIIPWersja><sln:wojIdTeryt>30</sln:wojIdTeryt><sln:wojNazwa>wielkopolskie</sln:wojNazwa></sln:miejscowosc></sln:lista-miejscowosci>