<?xml version="1.0" encoding="UTF-8" standalone="yes"?><sln:lista-miejscowosci xmlns:srv="http://gugik.gov.pl/schemas/slowniki-service/1.0" xmlns:sln="http://gugik.gov.pl/schemas/slowniki-schema/1.0"><sln:miejscowosc><sln:cyklZyciaDo>2017-03-30T00:00:00+02:00</sln:cyklZyciaDo><sln:cyklZyciaOd>2016-08-24T00:00:00+02:00</sln:cyklZyciaOd><sln:gmIIPId>df307af6-f613-4659-b71e-c4941f2cab95</sln:gmIIPId><sln:gmIIPPn>PL.PZGIK.200</sln:gmIIPPn><sln:gmIIPWersja>2012-09-26T22:25:26+02:00</sln:gmIIPWersja><sln:gmIdTeryt>3012052</sln:gmIdTeryt><sln:gmNazwa>Rozdrażew</sln:gmNazwa><sln:miejscIIPId>df296731-32ac-4f74-81e2-8cc9417bf174</sln:miejscIIPId><sln:miejscIIPPn>PL.PZGIK.200</sln:miejscIIPPn><sln:miejscIIPWersja>2016-11-24T09:45:37+02:00</sln:miejscIIPWersja><sln:miejscIdTeryt>0207793</sln:miejscIdTeryt><sln:miejscNazwa>Budy</sln:miejscNazwa><sln:miejscRodzaj>Wieś</sln:miejscRodzaj><sln:powIIPId>dc54ce6a-5272-45fc-a49c-824dbf170f2c</sln:powIIPId><sln:powIIPPn>PL.PZGIK.200</sln:powIIPPn><sln:powIIPWersja>2012-09-27T08:59:03+02:00</sln:powIIPWersja><sln:powIdTeryt>3012</sln:powIdTeryt><sln:powNazwa>krotoszyński</sln:powNazwa><sln:waznyOd>2016-04-25T00:00:00+02:00</sln:waznyOd><sln:wojIIPId>c606b01a-76c8-480d-9470-f24ca0d7a613</sln:wojIIPId><sln:wojIIPPn>PL.PZGIK.200</sln:wojIIPPn><sln:wojIIPWersja>2016-05-05T18:20:48+02:00</sln:wojIIPWersja><sln:wojIdTeryt>30</sln:wojIdTeryt><sln:wojNazwa>wielkopolskie</sln:wojNazwa></sln:miejscowosc><sln:miejscowosc><sln:cyklZyciaDo>2017-03-30T00:00:00+02:00</sln:cyklZyciaDo><sln:cyklZyciaOd>2016-08-24T00:00:00+02:00</sln:cyklZyciaOd><sln:gmIIPId>df307af6-f613-4659-b71e-c4941f2cab95</sln:gmIIPId><sln:gmIIPPn>PL.PZGIK.200</sln:gmIIPPn><sln:gmIIPWersja>2012-09-26T22:25:26+02:00</sln:gmIIPWersja><sln:gmIdTeryt>3012052</sln:gmIdTeryt><sln:gmNazwa>Rozdrażew</sln:gmNazwa><sln:miejscIIPId>6838c80d-7f44-4a63-a7bc-ad4b55bc7cfc</sln:miejscIIPId><sln:miejscIIPPn>PL.PZGIK.200</sln:miejscIIPPn><sln:miejscIIPWersja>2016-11-24T09:45:37+02:00</sln:miejscIIPWersja><sln:miejscIdTeryt>0207801</sln:miejscIdTeryt><sln:miejscNazwa>Chwałki</sln:miejscNazwa><sln:miejscRodzaj>Wieś</sln:miejscRodzaj><sln:powIIPId>dc54ce6a-5272-45fc-a49c-824dbf170f2c</sln:powIIPId><sln:powIIPPn>PL.PZGIK.200</sln:powIIPPn><sln:powIIPWersja>2012-09-27T08:59:03+02:00</sln:powIIPWersja><sln:powIdTeryt>3012</sln:powIdTeryt><sln:powNazwa>krotoszyński</sln:powNazwa><sln:waznyOd>2016-04-25T00:00:00+02:00</sln:waznyOd><sln:wojIIPId>c606b01a-76c8-480d-9470-f24ca0d7a613</sln:wojIIPId><sln:wojIIPPn>PL.PZGIK.200</sln:wojIIPPn><sln:wojIIPWersja>2016-05-05T18:20:48+02:00</sln:wojIIPWersja><sln:wojIdTeryt>30</sln:wojIdTeryt><sln:wojNazwa>wielkopolskie</sln:wojNazwa></sln:miejscowosc><sln:miejscowosc><sln:cyklZyciaDo>2017-03-30T00:00:00+02:00</sln:cyklZyciaDo><sln:cyklZyciaOd>2016-08-24T00:00:00+02:00</sln:cyklZyciaOd><sln:gmIIPId>df307af6-f613-4659-b71e-c4941f2cab95</sln:gmIIPId><sln:gmIIPPn>PL.PZGIK.200</sln:gmIIPPn><sln:gmIIPWersja>2012-09-26T22:25:26+02:00</sln:gmIIPWersja><sln:gmIdTeryt>3012052</sln:gmIdTeryt><sln:gmNazwa>Rozdrażew</sln:gmNazwa><sln:miejscIIPId>5f39f5dd-cf41-4b43-aec8-a7a1e1287126</sln:miejscIIPId><sln:miejscIIPPn>PL.PZGIK.200</sln:miejscIIPPn><sln:miejscIIPWersja>2016-11-24T09:45:37+02:00</sln:miejscIIPWersja><sln:miejscIdTeryt>0207818</sln:miejscIdTeryt><sln:miejscNazwa>Dąbrowa</sln:miejscNazwa><sln:miejscRodzaj>Wieś</sln:miejscRodzaj><sln:powIIPId>dc54ce6a-5272-45fc-a49c-824dbf170f2c</sln:powIIPId><sln:powIIPPn>PL.PZGIK.200</sln:powIIPPn><sln:powIIPWersja>2012-09-27T08:59:03+02:00</sln:powIIPWersja><sln:powIdTeryt>3012</sln:powIdTeryt><sln:powNazwa>krotoszyński</sln:powNazwa><sln:waznyOd>2016-04-25T00:00:00+02:00</sln:waznyOd><sln:wojIIPId>c606b01a-76c8-480d-9470-f24ca0d7a613</sln:wojIIPId><sln:wojIIPPn>PL.PZGIK.200</sln:wojIIPPn><sln:wojIIPWersja>2016-05-05T18:20:48+02:00</sln:wojIIPWersja><sln:wojIdTeryt>30</sln:wojIdTeryt><sln:wojNazwa>wielkopolskie</sln:wojNazwa></sln:miejscowosc><sln:miejscowosc><sln:cyklZyciaDo>2017-03-30T00:00:00+02:00</sln:cyklZyciaDo><sln:cyklZyciaOd>2016-08-24T00:00:00+02:00</sln:cyklZyciaOd><sln:gmIIPId>df307af6-f613-4659-b71e-c4941f2cab95</sln:gmIIPId><sln:gmIIPPn>PL.PZGIK.200</sln:gmIIPPn><sln:gmIIPWersja>2012-09-26T22:25:26+02:00</sln:gmIIPWersja><sln:gmIdTeryt>3012052</sln:gmIdTeryt><sln:gmNazwa>Rozdrażew</sln:gmNazwa><sln:miejscIIPId>03b6a251-5a7a-41ac-9399-3c92235a0190</sln:miejscIIPId><sln:miejscIIPPn>PL.PZGIK.200</sln:miejscIIPPn><sln:miejscIIPWersja>2016-11-24T09:45:37+02:00</sln:miejscIIPWersja><sln:miejscIdTeryt>0207942</sln:miejscIdTeryt><sln:miejscNazwa>Dębowiec</sln:miejscNazwa><sln:miejscRodzaj>Osada</sln:miejscRodzaj><sln:powIIPId>dc54ce6a-5272-45fc-a49c-824dbf170f2c</sln:powIIPId><sln:powIIPPn>PL.PZGIK.200</sln:powIIPPn><sln:powIIPWersja>2012-09-27T08:59:03+02:00</sln:powIIPWersja><sln:powIdTeryt>3012</sln:powIdTeryt><sln:powNazwa>krotoszyński</sln:powNazwa><sln:waznyOd>2016-04-25T00:00:00+02:00</sln:waznyOd><sln:wojIIPId>c606b01a-76c8-480d-9470-f24ca0d7a613</sln:wojIIPId><sln:wojIIPPn>PL.PZGIK.200</sln:wojIIPPn><sln:wojIIPWersja>2016-05-05T18:20:48+02:00</sln:wojIIPWersja><sln:wojIdTeryt>30</sln:wojIdTeryt><sln:wojNazwa>wielkopolskie</sln:wojNazwa></sln:miejscowosc><sln:miejscowosc><sln:cyklZyciaDo>2017-03-30T00:00:00+02:00</sln:cyklZyciaDo><sln:cyklZyciaOd>2016-08-24T00:00:00+02:00</sln:cyklZyciaOd><sln:gmIIPId>df307af6-f613-4659-b71e-c4941f2cab95</sln:gmIIPId><sln:gmIIPPn>PL.PZGIK.200</sln:gmIIPPn><sln:gmIIPWersja>2012-09-26T22:25:26+02:00</sln:gmIIPWersja><sln:gmIdTeryt>3012052</sln:gmIdTeryt><sln:gmNazwa>Rozdrażew</sln:gmNazwa><sln:miejscIIPId>2875b98e-b16a-435d-b5e2-0212c3cedc74</sln:miejscIIPId><sln:miejscIIPPn>PL.PZGIK.200</sln:miejscIIPPn><sln:miejscIIPWersja>2016-11-24T09:45:37+02:00</sln:miejscIIPWersja><sln:miejscIdTeryt>0207824</sln:miejscIdTeryt><sln:miejscNazwa>Dzielice</sln:miejscNazwa><sln:miejscRodzaj>Wieś</sln:miejscRodzaj><sln:powIIPId>dc54ce6a-5272-45fc-a49c-824dbf170f2c</sln:powIIPId><sln:powIIPPn>PL.PZGIK.200</sln:powIIPPn><sln:powIIPWersja>2012-09-27T08:59:03+02:00</sln:powIIPWersja><sln:powIdTeryt>3012</sln:powIdTeryt><sln:powNazwa>krotoszyński</sln:powNazwa><sln:waznyOd>2016-04-25T00:00:00+02:00</sln:waznyOd><sln:wojIIPId>c606b01a-76c8-480d-9470-f24ca0d7a613</sln:wojIIPId><sln:wojIIPPn>PL.PZGIK.200</sln:wojIIPPn><sln:wojIIPWersja>2016-05-05T18:20:48+02:00</sln:wojIIPWersja><sln:wojIdTeryt>30</sln:wojIdTeryt><sln:wojNazwa>wielkopolskie</sln:wojNazwa></sln:miejscowosc><sln:miejscowosc><sln:cyklZyciaDo>2017-03-30T00:00:00+02:00</sln:cyklZyciaDo><sln:cyklZyciaOd>2016-08-24T00:00:00+02:00</sln:cyklZyciaOd><sln:gmIIPId>df307af6-f613-4659-b71e-c4941f2cab95</sln:gmIIPId><sln:gmIIPPn>PL.PZGIK.200</sln:gmIIPPn><sln:gmIIPWersja>2012-09-26T22:25:26+02:00</sln:gmIIPWersja><sln:gmIdTeryt>3012052</sln:gmIdTeryt><sln:gmNazwa>Rozdrażew</sln:gmNazwa><sln:miejscIIPId>fa75f380-0bd2-41d7-a2b3-c6593f61008f</sln:miejscIIPId><sln:miejscIIPPn>PL.PZGIK.200</sln:miejscIIPPn><sln:miejscIIPWersja>2016-11-24T09:45:37+02:00</sln:miejscIIPWersja><sln:miejscIdTeryt>0207847</sln:miejscIdTeryt><sln:miejscNazwa>Grębów</sln:miejscNazwa><sln:miejscRodzaj>Wieś</sln:miejscRodzaj><sln:powIIPId>dc54ce6a-5272-45fc-a49c-824dbf170f2c</sln:powIIPId><sln:powIIPPn>PL.PZGIK.200</sln:powIIPPn><sln:powIIPWersja>2012-09-27T08:59:03+02:00</sln:powIIPWersja><sln:powIdTeryt>3012</sln:powIdTeryt><sln:powNazwa>krotoszyński</sln:powNazwa><sln:waznyOd>2016-04-25T00:00:00+02:00</sln:waznyOd><sln:wojIIPId>c606b01a-76c8-480d-9470-f24ca0d7a613</sln:wojIIPId><sln:wojIIPPn>PL.PZGIK.200</sln:wojIIPPn><sln:wojIIPWersja>2016-05-05T18:20:48+02:00</sln:wojIIPWersja><sln:wojIdTeryt>30</sln:wojIdTeryt><sln:wojNazwa>wielkopolskie</sln:wojNazwa></sln:miejscowosc><sln:miejscowosc><sln:cyklZyciaDo>2017-03-30T00:00:00+02:00</sln:cyklZyciaDo><sln:cyklZyciaOd>2016-08-24T00:00:00+02:00</sln:cyklZyciaOd><sln:gmIIPId>df307af6-f613-4659-b71e-c4941f2cab95</sln:gmIIPId><sln:gmIIPPn>PL.PZGIK.200</sln:gmIIPPn><sln:gmIIPWersja>2012-09-26T22:25:26+02:00</sln:gmIIPWersja><sln:gmIdTeryt>3012052</sln:gmIdTeryt><sln:gmNazwa>Rozdrażew</sln:gmNazwa><sln:miejscIIPId>8b0e8024-a58a-46a8-a96f-c314fcde3833</sln:miejscIIPId><sln:miejscIIPPn>PL.PZGIK.200</sln:miejscIIPPn><sln:miejscIIPWersja>2016-11-24T09:45:37+02:00</sln:miejscIIPWersja><sln:miejscIdTeryt>0207853</sln:miejscIdTeryt><sln:miejscNazwa>Henryków</sln:miejscNazwa><sln:miejscRodzaj>Wieś</sln:miejscRodzaj><sln:powIIPId>dc54ce6a-5272-45fc-a49c-824dbf170f2c</sln:powIIPId><sln:powIIPPn>PL.PZGIK.200</sln:powIIPPn><sln:powIIPWersja>2012-09-27T08:59:03+02:00</sln:powIIPWersja><sln:powIdTeryt>3012</sln:powIdTeryt><sln:powNazwa>krotoszyński</sln:powNazwa><sln:waznyOd>2016-04-25T00:00:00+02:00</sln:waznyOd><sln:wojIIPId>c606b01a-76c8-480d-9470-f24ca0d7a613</sln:wojIIPId><sln:wojIIPPn>PL.PZGIK.200</sln:wojIIPPn><sln:wojIIPWersja>2016-05-05T18:20:48+02:00</sln:wojIIPWersja><sln:wojIdTeryt>30</sln:wojIdTeryt><sln:wojNazwa>wielkopolskie</sln:wojNazwa></sln:miejscowosc><sln:miejscowosc><sln:cyklZyciaDo>2017-03-30T00:00:00+02:00</sln:cyklZyciaDo><sln:cyklZyciaOd>2016-08-24T00:00:00+02:00</sln:cyklZyciaOd><sln:gmIIPId>df307af6-f613-4659-b71e-c4941f2cab95</sln:gmIIPId><sln:gmIIPPn>PL.PZGIK.200</sln:gmIIPPn><sln:gmIIPWersja>2012-09-26T22:25:26+02:00</sln:gmIIPWersja><sln:gmIdTeryt>3012052</sln:gmIdTeryt><sln:gmNazwa>Rozdrażew</sln:gmNazwa><sln:miejscIIPId>a0fd359f-4075-4094-84d8-3404c87f67c6</sln:miejscIIPId><sln:miejscIIPPn>PL.PZGIK.200</sln:miejscIIPPn><sln:miejscIIPWersja>2016-11-24T09:45:37+02:00</sln:miejscIIPWersja><sln:miejscIdTeryt>0207860</sln:miejscIdTeryt><sln:miejscNazwa>Maciejew</sln:miejscNazwa><sln:miejscRodzaj>Wieś</sln:miejscRodzaj><sln:powIIPId>dc54ce6a-5272-45fc-a49c-824dbf170f2c</sln:powIIPId><sln:powIIPPn>PL.PZGIK.200</sln:powIIPPn><sln:powIIPWersja>2012-09-27T08:59:03+02:00</sln:powIIPWersja><sln:powIdTeryt>3012</sln:powIdTeryt><sln:powNazwa>krotoszyński</sln:powNazwa><sln:waznyOd>2016-04-25T00:00:00+02:00</sln:waznyOd><sln:wojIIPId>c606b01a-76c8-480d-9470-f24ca0d7a613</sln:wojIIPId><sln:wojIIPPn>PL.PZGIK.200</sln:wojIIPPn><sln:wojIIPWersja>2016-05-05T18:20:48+02:00</sln:wojIIPWersja><sln:wojIdTeryt>30</sln:wojIdTeryt><sln:wojNazwa>wielkopolskie</sln:wojNazwa></sln:miejscowosc><sln:miejscowosc><sln:cyklZyciaDo>2017-03-30T00:00:00+02:00</sln:cyklZyciaDo><sln:cyklZyciaOd>2016-08-24T00:00:00+02:00</sln:cyklZyciaOd><sln:gmIIPId>df307af6-f613-4659-b71e-c4941f2cab95</sln:gmIIPId><sln:gmIIPPn>PL.PZGIK.200</sln:gmIIPPn><sln:gmIIPWersja>2012-09-26T22:25:26+02:00</sln:gmIIPWersja><sln:gmIdTeryt>3012052</sln:gmIdTeryt><sln:gmNazwa>Rozdrażew</sln:gmNazwa><sln:miejscIIPId>aed5e8b3-5a37-4223-b4eb-9b95d5002a52</sln:miejscIIPId><sln:miejscIIPPn>PL.PZGIK.200</sln:miejscIIPPn><sln:miejscIIPWersja>2016-11-24T09:45:37+02:00</sln:miejscIIPWersja><sln:miejscIdTeryt>0207876</sln:miejscIdTeryt><sln:miejscNazwa>Nowa Wieś</sln:miejscNazwa><sln:miejscRodzaj>Wieś</sln:miejscRodzaj><sln:powIIPId>dc54ce6a-5272-45fc-a49c-824dbf170f2c</sln:powIIPId><sln:powIIPPn>PL.PZGIK.200</sln:powIIPPn><sln:powIIPWersja>2012-09-27T08:59:03+02:00</sln:powIIPWersja><sln:powIdTeryt>3012</sln:powIdTeryt><sln:powNazwa>krotoszyński</sln:powNazwa><sln:waznyOd>2016-04-25T00:00:00+02:00</sln:waznyOd><sln:wojIIPId>c606b01a-76c8-480d-9470-f24ca0d7a613</sln:wojIIPId><sln:wojIIPPn>PL.PZGIK.200</sln:wojIIPPn><sln:wojIIPWersja>2016-05-05T18:20:48+02:00</sln:wojIIPWersja><sln:wojIdTeryt>30</sln:wojIdTeryt><sln:wojNazwa>wielkopolskie</sln:wojNazwa></sln:miejscowosc><sln:miejscowosc><sln:cyklZyciaDo>2017-03-30T00:00:00+02:00</sln:cyklZyciaDo><sln:cyklZyciaOd>2016-08-24T00:00:00+02:00</sln:cyklZyciaOd><sln:gmIIPId>df307af6-f613-4659-b71e-c4941f2cab95</sln:gmIIPId><sln:gmIIPPn>PL.PZGIK.200</sln:gmIIPPn><sln:gmIIPWersja>2012-09-26T22:25:26+02:00</sln:gmIIPWersja><sln:gmIdTeryt>3012052</sln:gmIdTeryt><sln:gmNazwa>Rozdrażew</sln:gmNazwa><sln:miejscIIPId>1feb9ec3-0e15-491b-8ad2-b6b07fc2d4b1</sln:miejscIIPId><sln:miejscIIPPn>PL.PZGIK.200</sln:miejscIIPPn><sln:miejscIIPWersja>2016-11-24T09:45:37+02:00</sln:miejscIIPWersja><sln:miejscIdTeryt>0207899</sln:miejscIdTeryt><sln:miejscNazwa>Rozdrażew</sln:miejscNazwa><sln:miejscRodzaj>Wieś</sln:miejscRodzaj><sln:powIIPId>dc54ce6a-5272-45fc-a49c-824dbf170f2c</sln:powIIPId><sln:powIIPPn>PL.PZGIK.200</sln:powIIPPn><sln:powIIPWersja>2012-09-27T08:59:03+02:00</sln:powIIPWersja><sln:powIdTeryt>3012</sln:powIdTeryt><sln:powNazwa>krotoszyński</sln:powNazwa><sln:waznyOd>2016-04-25T00:00:00+02:00</sln:waznyOd><sln:wojIIPId>c606b01a-76c8-480d-9470-f24ca0d7a613</sln:wojIIPId><sln:wojIIPPn>PL.PZGIK.200</sln:wojIIPPn><sln:wojIIPWersja>2016-05-05T18:20:48+02:00</sln:wojIIPWersja><sln:wojIdTeryt>30</sln:wojIdTeryt><sln:wojNazwa>wielkopolskie</sln:wojNazwa></sln:miejscowosc><sln:miejscowosc><sln:cyklZyciaDo>2017-03-30T00:00:00+02:00</sln:cyklZyciaDo><sln:cyklZyciaOd>2016-08-24T00:00:00+02:00</sln:cyklZyciaOd><sln:gmIIPId>df307af6-f613-4659-b71e-c4941f2cab95</sln:gmIIPId><sln:gmIIPPn>PL.PZGIK.200</sln:gmIIPPn><sln:gmIIPWersja>2012-09-26T22:25:26+02:00</sln:gmIIPWersja><sln:gmIdTeryt>3012052</sln:gmIdTeryt><sln:gmNazwa>Rozdrażew</sln:gmNazwa><sln:miejscIIPId>39d63ab7-a9fd-41ba-91b3-4d4290969d96</sln:miejscIIPId><sln:miejscIIPPn>PL.PZGIK.200</sln:miejscIIPPn><sln:miejscIIPWersja>2016-11-24T09:45:37+02:00</sln:miejscIIPWersja><sln:miejscIdTeryt>0207907</sln:miejscIdTeryt><sln:miejscNazwa>Rozdrażewek</sln:miejscNazwa><sln:miejscRodzaj>Wieś</sln:miejscRodzaj><sln:powIIPId>dc54ce6a-5272-45fc-a49c-824dbf170f2c</sln:powIIPId><sln:powIIPPn>PL.PZGIK.200</sln:powIIPPn><sln:powIIPWersja>2012-09-27T08:59:03+02:00</sln:powIIPWersja><sln:powIdTeryt>3012</sln:powIdTeryt><sln:powNazwa>krotoszyński</sln:powNazwa><sln:waznyOd>2016-04-25T00:00:00+02:00</sln:waznyOd><sln:wojIIPId>c606b01a-76c8-480d-9470-f24ca0d7a613</sln:wojIIPId><sln:wojIIPPn>PL.PZGIK.200</sln:wojIIPPn><sln:wojIIPWersja>2016-05-05T18:20:48+02:00</sln:wojIIPWersja><sln:wojIdTeryt>30</sln:wojIdTeryt><sln:wojNazwa>wielkopolskie</sln:wojNazwa></sln:miejscowosc><sln:miejscowosc><sln:cyklZyciaDo>2017-03-30T00:00:00+02:00</sln:cyklZyciaDo><sln:cyklZyciaOd>2016-08-24T00:00:00+02:00</sln:cyklZyciaOd><sln:gmIIPId>df307af6-f613-4659-b71e-c4941f2cab95</sln:gmIIPId><sln:gmIIPPn>PL.PZGIK.200</sln:gmIIPPn><sln:gmIIPWersja>2012-09-26T22:25:26+02:00</sln:gmIIPWersja><sln:gmIdTeryt>3012052</sln:gmIdTeryt><sln:gmNazwa>Rozdrażew</sln:gmNazwa><sln:miejscIIPId>af92fec8-da2b-4ba6-b548-216854c729b7</sln:miejscIIPId><sln:miejscIIPPn>PL.PZGIK.200</sln:miejscIIPPn><sln:miejscIIPWersja>2016-11-24T09:45:37+02:00</sln:miejscIIPWersja><sln:miejscIdTeryt>0207913</sln:miejscIdTeryt><sln:miejscNazwa>Trzemeszno</sln:miejscNazwa><sln:miejscRodzaj>Wieś</sln:miejscRodzaj><sln:powIIPId>dc54ce6a-5272-45fc-a49c-824dbf170f2c</sln:powIIPId><sln:powIIPPn>PL.PZGIK.200</sln:powIIPPn><sln:powIIPWersja>2012-09-27T08:59:03+02:00</sln:powIIPWersja><sln:powIdTeryt>3012</sln:powIdTeryt><sln:powNazwa>krotoszyński</sln:powNazwa><sln:waznyOd>2016-04-25T00:00:00+02:00</sln:waznyOd><sln:wojIIPId>c606b01a-76c8-480d-9470-f24ca0d7a613</sln:wojIIPId><sln:wojIIPPn>PL.PZGIK.200</sln:wojIIPPn><sln:wojIIPWersja>2016-05-05T18:20:48+02:00</sln:wojIIPWersja><sln:wojIdTeryt>30</sln:wojIdTeryt><sln:wojNazwa>wielkopolskie</sln:wojNazwa></sln:miejscowosc><sln:miejscowosc><sln:cyklZyciaDo>2017-03-30T00:00:00+02:00</sln:cyklZyciaDo><sln:cyklZyciaOd>2016-08-24T00:00:00+02:00</sln:cyklZyciaOd><sln:gmIIPId>df307af6-f613-4659-b71e-c4941f2cab95</sln:gmIIPId><sln:gmIIPPn>PL.PZGIK.200</sln:gmIIPPn><sln:gmIIPWersja>2012-09-26T22:25:26+02:00</sln:gmIIPWersja><sln:gmIdTeryt>3012052</sln:gmIdTeryt><sln:gmNazwa>Rozdrażew</sln:gmNazwa><sln:miejscIIPId>a7844e61-d073-4f53-b57a-a64dcb278925</sln:miejscIIPId><sln:miejscIIPPn>PL.PZGIK.200</sln:miejscIIPPn><sln:miejscIIPWersja>2016-11-24T09:45:37+02:00</sln:miejscIIPWersja><sln:miejscIdTeryt>0207920</sln:miejscIdTeryt><sln:miejscNazwa>Wolenice</sln:miejscNazwa><sln:miejscRodzaj>Wieś</sln:miejscRodzaj><sln:powIIPId>dc54ce6a-5272-45fc-a49c-824dbf170f2c</sln:powIIPId><sln:powIIPPn>PL.PZGIK.200</sln:powIIPPn><sln:powIIPWersja>2012-09-27T08:59:03+02:00</sln:powIIPWersja><sln:powIdTeryt>3012</sln:powIdTeryt><sln:powNazwa>krotoszyński</sln:powNazwa><sln:waznyOd>2016-04-25T00:00:00+02:00</sln:waznyOd><sln:wojIIPId>c606b01a-76c8-480d-9470-f24ca0d7a613</sln:wojIIPId><sln:wojIIPPn>PL.PZGIK.200</sln:wojIIPPn><sln:wojIIPWersja>2016-05-05T18:20:48+02:00</sln:wojIIPWersja><sln:wojIdTeryt>30</sln:wojIdTeryt><sln:wojNazwa>wielkopolskie</sln:wojNazwa></sln:miejscowosc><sln:miejscowosc><sln:cyklZyciaDo>2017-03-30T00:00:00+02:00</sln:cyklZyciaDo><sln:cyklZyciaOd>2016-08-24T00:00:00+02:00</sln:cyklZyciaOd><sln:gmIIPId>df307af6-f613-4659-b71e-c4941f2cab95</sln:gmIIPId><sln:gmIIPPn>PL.PZGIK.200</sln:gmIIPPn><sln:gmIIPWersja>2012-09-26T22:25:26+02:00</sln:gmIIPWersja><sln:gmIdTeryt>3012052</sln:gmIdTeryt><sln:gmNazwa>Rozdrażew</sln:gmNazwa><sln:miejscIIPId>7c251131-7460-43a0-9b07-8f66d50a0822</sln:miejscIIPId><sln:miejscIIPPn>PL.PZGIK.200</sln:miejscIIPPn><sln:miejscIIPWersja>2016-11-24T09:45:37+02:00</sln:miejscIIPWersja><sln:miejscIdTeryt>0207936</sln:miejscIdTeryt><sln:miejscNazwa>Wygoda</sln:miejscNazwa><sln:miejscRodzaj>Inny obiekt</sln:miejscRodzaj><sln:powIIPId>dc54ce6a-5272-45fc-a49c-824dbf170f2c</sln:powIIPId><sln:powIIPPn>PL.PZGIK.200</sln:powIIPPn><sln:powIIPWersja>2012-09-27T08:59:03+02:00</sln:powIIPWersja><sln:powIdTeryt>3012</sln:powIdTeryt><sln:powNazwa>krotoszyński</sln:powNazwa><sln:waznyOd>2016-04-25T00:00:00+02:00</sln:waznyOd><sln:wojIIPId>c606b01a-76c8-480d-9470-f24ca0d7a613</sln:wojIIPId><sln:wojIIPPn>PL.PZGIK.200</sln:wojIIPPn><sln:wojIIPWersja>2016-05-05T18:20:48+02:00</sln:wojIIPWersja><sln:wojIdTeryt>30</sln:wojIdTeryt><sln:wojNazwa>wielkopolskie</sln:wojNazwa></sln:miejscowosc><sln:miejscowosc><sln:cyklZyciaDo>2017-03-30T00:00:00+02:00</sln:cyklZyciaDo><sln:cyklZyciaOd>2016-08-24T00:00:00+02:00</sln:cyklZyciaOd><sln:gmIIPId>df307af6-f613-4659-b71e-c4941f2cab95</sln:gmIIPId><sln:gmIIPPn>PL.PZGIK.200</sln:gmIIPPn><sln:gmIIPWersja>2012-09-26T22:25:26+02:00</sln:gmIIPWersja><sln:gmIdTeryt>3012052</sln:gmIdTeryt><sln:gmNazwa>Rozdrażew</sln:gmNazwa><sln:miejscIIPId>93afdb56-fbab-451f-a738-29d78dd2cf62</sln:miejscIIPId><sln:miejscIIPPn>PL.PZGIK.200</sln:miejscIIPPn><sln:miejscIIPWersja>2016-11-24T09:45:37+02:00</sln:miejscIIPWersja><sln:miejscIdTeryt>0207959</sln:miejscIdTeryt><sln:miejscNazwa>Wyki</sln:miejscNazwa><sln:miejscRodzaj>Wieś</sln:miejscRodzaj><sln:powIIPId>dc54ce6a-5272-45fc-a49c-824dbf170f2c</sln:powIIPId><sln:powIIPPn>PL.PZGIK.200</sln:powIIPPn><sln:powIIPWersja>2012-09-27T08:59:03+02:00</sln:powIIPWersja><sln:powIdTeryt>3012</sln:powIdTeryt><sln:powNazwa>krotoszyński</sln:powNazwa><sln:waznyOd>2016-04-25T00:00:00+02:00</sln:waznyOd><sln:wojIIPId>c606b01a-76c8-480d-9470-f24ca0d7a613</sln:wojIIPId><sln:wojIIPPn>PL.PZGIK.200</sln:wojIIPPn><sln:wojIIPWersja>2016-05-05T18:20:48+02:00</sln:wojIIPWersja><sln:wojIdTeryt>30</sln:wojIdTeryt><sln:wojNazwa>wielkopolskie</sln:wojNazwa></sln:miejscowosc><sln:miejscowosc><sln:cyklZyciaOd>2017-03-30T00:00:00+02:00</sln:cyklZyciaOd><sln:gmIIPId>df307af6-f613-4659-b71e-c4941f2cab95</sln:gmIIPId><sln:gmIIPPn>PL.PZGIK.200</sln:gmIIPPn><sln:gmIIPWersja>2012-09-26T22:25:26+02:00</sln:gmIIPWersja><sln:gmIdTeryt>3012052</sln:gmIdTeryt><sln:gmNazwa>Rozdrażew</sln:gmNazwa><sln:miejscIIPId>df296731-32ac-4f74-81e2-8cc9417bf174</sln:miejscIIPId><sln:miejscIIPPn>PL.PZGIK.200</sln:miejscIIPPn><sln:miejscIIPWersja>2017-03-30T08:50:39+02:00</sln:miejscIIPWersja><sln:miejscIdTeryt>0207793</sln:miejscIdTeryt><sln:miejscNazwa>Budy</sln:miejscNazwa><sln:miejscRodzaj>Wieś</sln:miejscRodzaj><sln:powIIPId>dc54ce6a-5272-45fc-a49c-824dbf170f2c</sln:powIIPId><sln:powIIPPn>PL.PZGIK.200</sln:powIIPPn><sln:powIIPWersja>2012-09-27T08:59:03+02:00</sln:powIIPWersja><sln:powIdTeryt>3012</sln:powIdTeryt><sln:powNazwa>krotoszyński</sln:powNazwa><sln:waznyOd>2016-04-25T00:00:00+02:00</sln:waznyOd><sln:wojIIPId>c606b01a-76c8-480d-9470-f24ca0d7a613</sln:wojIIPId><sln:wojIIPPn>PL.PZGIK.200</sln:wojIIPPn><sln:wojIIPWersja>2016-05-05T18:20:48+02:00</sln:wojIIPWersja><sln:wojIdTeryt>30</sln:wojIdTeryt><sln:wojNazwa>wielkopolskie</sln:wojNazwa></sln:miejscowosc><sln:miejscowosc><sln:cyklZyciaOd>2017-03-30T00:00:00+02:00</sln:cyklZyciaOd><sln:gmIIPId>df307af6-f613-4659-b71e-c4941f2cab95</sln:gmIIPId><sln:gmIIPPn>PL.PZGIK.200</sln:gmIIPPn><sln:gmIIPWersja>2012-09-26T22:25:26+02:00</sln:gmIIPWersja><sln:gmIdTeryt>3012052</sln:gmIdTeryt><sln:gmNazwa>Rozdrażew</sln:gmNazwa><sln:miejscIIPId>6838c80d-7f44-4a63-a7bc-ad4b55bc7cfc</sln:miejscIIPId><sln:miejscIIPPn>PL.PZGIK.200</sln:miejscIIPPn><sln:miejscIIPWersja>2017-03-30T08:50:46+02:00</sln:miejscIIPWersja><sln:miejscIdTeryt>0207801</sln:miejscIdTeryt><sln:miejscNazwa>Chwałki</sln:miejscNazwa><sln:miejscRodzaj>Wieś</sln:miejscRodzaj><sln:powIIPId>dc54ce6a-5272-45fc-a49c-824dbf170f2c</sln:powIIPId><sln:powIIPPn>PL.PZGIK.200</sln:powIIPPn><sln:powIIPWersja>2012-09-27T08:59:03+02:00</sln:powIIPWersja><sln:powIdTeryt>3012</sln:powIdTeryt><sln:powNazwa>krotoszyński</sln:powNazwa><sln:waznyOd>2016-04-25T00:00:00+02:00</sln:waznyOd><sln:wojIIPId>c606b01a-76c8-480d-9470-f24ca0d7a613</sln:wojIIPId><sln:wojIIPPn>PL.PZGIK.200</sln:wojIIPPn><sln:wojIIPWersja>2016-05-05T18:20:48+02:00</sln:wojIIPWersja><sln:wojIdTeryt>30</sln:wojIdTeryt><sln:wojNazwa>wielkopolskie</sln:wojNazwa></sln:miejscowosc><sln:miejscowosc><sln:cyklZyciaOd>2017-03-30T00:00:00+02:00</sln:cyklZyciaOd><sln:gmIIPId>df307af6-f613-4659-b71e-c4941f2cab95</sln:gmIIPId><sln:gmIIPPn>PL.PZGIK.200</sln:gmIIPPn><sln:gmIIPWersja>2012-09-26T22:25:26+02:00</sln:gmIIPWersja><sln:gmIdTeryt>3012052</sln:gmIdTeryt><sln:gmNazwa>Rozdrażew</sln:gmNazwa><sln:miejscIIPId>5f39f5dd-cf41-4b43-aec8-a7a1e1287126</sln:miejscIIPId><sln:miejscIIPPn>PL.PZGIK.200</sln:miejscIIPPn><sln:miejscIIPWersja>2017-03-30T08:50:46+02:00</sln:miejscIIPWersja><sln:miejscIdTeryt>0207818</sln:miejscIdTeryt><sln:miejscNazwa>Dąbrowa</sln:miejscNazwa><sln:miejscRodzaj>Wieś</sln:miejscRodzaj><sln:powIIPId>dc54ce6a-5272-45fc-a49c-824dbf170f2c</sln:powIIPId><sln:powIIPPn>PL.PZGIK.200</sln:powIIPPn><sln:powIIPWersja>2012-09-27T08:59:03+02:00</sln:powIIPWersja><sln:powIdTeryt>3012</sln:powIdTeryt><sln:powNazwa>krotoszyński</sln:powNazwa><sln:waznyOd>2016-04-25T00:00:00+02:00</sln:waznyOd><sln:wojIIPId>c606b01a-76c8-480d-9470-f24ca0d7a613</sln:wojIIPId><sln:wojIIPPn>PL.PZGIK.200</sln:wojIIPPn><sln:wojIIPWersja>2016-05-05T18:20:48+02:00</sln:wojIIPWersja><sln:wojIdTeryt>30</sln:wojIdTeryt><sln:wojNazwa>wielkopolskie</sln:wojNazwa></sln:miejscowosc><sln:miejscowosc><sln:cyklZyciaOd>2017-03-30T00:00:00+02:00</sln:cyklZyciaOd><sln:gmIIPId>df307af6-f613-4659-b71e-c4941f2cab95</sln:gmIIPId><sln:gmIIPPn>PL.PZGIK.200</sln:gmIIPPn><sln:gmIIPWersja>2012-09-26T22:25:26+02:00</sln:gmIIPWersja><sln:gmIdTeryt>3012052</sln:gmIdTeryt><sln:gmNazwa>Rozdrażew</sln:gmNazwa><sln:miejscIIPId>2875b98e-b16a-435d-b5e2-0212c3cedc74</sln:miejscIIPId><sln:miejscIIPPn>PL.PZGIK.200</sln:miejscIIPPn><sln:miejscIIPWersja>2017-03-30T08:50:46+02:00</sln:miejscIIPWersja><sln:miejscIdTeryt>0207824</sln:miejscIdTeryt><sln:miejscNazwa>Dzielice</sln:miejscNazwa><sln:miejscRodzaj>Wieś</sln:miejscRodzaj><sln:powIIPId>dc54ce6a-5272-45fc-a49c-824dbf170f2c</sln:powIIPId><sln:powIIPPn>PL.PZGIK.200</sln:powIIPPn><sln:powIIPWersja>2012-09-27T08:59:03+02:00</sln:powIIPWersja><sln:powIdTeryt>3012</sln:powIdTeryt><sln:powNazwa>krotoszyński</sln:powNazwa><sln:waznyOd>2016-04-25T00:00:00+02:00</sln:waznyOd><sln:wojIIPId>c606b01a-76c8-480d-9470-f24ca0d7a613</sln:wojIIPId><sln:wojIIPPn>PL.PZGIK.200</sln:wojIIPPn><sln:wojIIPWersja>2016-05-05T18:20:48+02:00</sln:wojIIPWersja><sln:wojIdTeryt>30</sln:wojIdTeryt><sln:wojNazwa>wielkopolskie</sln:wojNazwa></sln:miejscowosc><sln:miejscowosc><sln:cyklZyciaOd>2017-03-30T00:00:00+02:00</sln:cyklZyciaOd><sln:gmIIPId>df307af6-f613-4659-b71e-c4941f2cab95</sln:gmIIPId><sln:gmIIPPn>PL.PZGIK.200</sln:gmIIPPn><sln:gmIIPWersja>2012-09-26T22:25:26+02:00</sln:gmIIPWersja><sln:gmIdTeryt>3012052</sln:gmIdTeryt><sln:gmNazwa>Rozdrażew</sln:gmNazwa><sln:miejscIIPId>fa75f380-0bd2-41d7-a2b3-c6593f61008f</sln:miejscIIPId><sln:miejscIIPPn>PL.PZGIK.200</sln:miejscIIPPn><sln:miejscIIPWersja>2017-03-30T08:50:46+02:00</sln:miejscIIPWersja><sln:miejscIdTeryt>0207847</sln:miejscIdTeryt><sln:miejscNazwa>Grębów</sln:miejscNazwa><sln:miejscRodzaj>Wieś</sln:miejscRodzaj><sln:powIIPId>dc54ce6a-5272-45fc-a49c-824dbf170f2c</sln:powIIPId><sln:powIIPPn>PL.PZGIK.200</sln:powIIPPn><sln:powIIPWersja>2012-09-27T08:59:03+02:00</sln:powIIPWersja><sln:powIdTeryt>3012</sln:powIdTeryt><sln:powNazwa>krotoszyński</sln:powNazwa><sln:waznyOd>2016-04-25T00:00:00+02:00</sln:waznyOd><sln:wojIIPId>c606b01a-76c8-480d-9470-f24ca0d7a613</sln:wojIIPId><sln:wojIIPPn>PL.PZGIK.200</sln:wojIIPPn><sln:wojIIPWersja>2016-05-05T18:20:48+02:00</sln:wojIIPWersja><sln:wojIdTeryt>30</sln:wojIdTeryt><sln:wojNazwa>wielkopolskie</sln:wojNazwa></sln:miejscowosc><sln:miejscowosc><sln:cyklZyciaOd>2017-03-30T00:00:00+02:00</sln:cyklZyciaOd><sln:gmIIPId>df307af6-f613-4659-b71e-c4941f2cab95</sln:gmIIPId><sln:gmIIPPn>PL.PZGIK.200</sln:gmIIPPn><sln:gmIIPWersja>2012-09-26T22:25:26+02:00</sln:gmIIPWersja><sln:gmIdTeryt>3012052</sln:gmIdTeryt><sln:gmNazwa>Rozdrażew</sln:gmNazwa><sln:miejscIIPId>8b0e8024-a58a-46a8-a96f-c314fcde3833</sln:miejscIIPId><sln:miejscIIPPn>PL.PZGIK.200</sln:miejscIIPPn><sln:miejscIIPWersja>2017-03-30T08:50:46+02:00</sln:miejscIIPWersja><sln:miejscIdTeryt>0207853</sln:miejscIdTeryt><sln:miejscNazwa>Henryków</sln:miejscNazwa><sln:miejscRodzaj>Wieś</sln:miejscRodzaj><sln:powIIPId>dc54ce6a-5272-45fc-a49c-824dbf170f2c</sln:powIIPId><sln:powIIPPn>PL.PZGIK.200</sln:powIIPPn><sln:powIIPWersja>2012-09-27T08:59:03+02:00</sln:powIIPWersja><sln:powIdTeryt>3012</sln:powIdTeryt><sln:powNazwa>krotoszyński</sln:powNazwa><sln:waznyOd>2016-04-25T00:00:00+02:00</sln:waznyOd><sln:wojIIPId>c606b01a-76c8-480d-9470-f24ca0d7a613</sln:wojIIPId><sln:wojIIPPn>PL.PZGIK.200</sln:wojIIPPn><sln:wojIIPWersja>2016-05-05T18:20:48+02:00</sln:wojIIPWersja><sln:wojIdTeryt>30</sln:wojIdTeryt><sln:wojNazwa>wielkopolskie</sln:wojNazwa></sln:miejscowosc><sln:miejscowosc><sln:cyklZyciaOd>2017-03-30T00:00:00+02:00</sln:cyklZyciaOd><sln:gmIIPId>df307af6-f613-4659-b71e-c4941f2cab95</sln:gmIIPId><sln:gmIIPPn>PL.PZGIK.200</sln:gmIIPPn><sln:gmIIPWersja>2012-09-26T22:25:26+02:00</sln:gmIIPWersja><sln:gmIdTeryt>3012052</sln:gmIdTeryt><sln:gmNazwa>Rozdrażew</sln:gmNazwa><sln:miejscIIPId>a0fd359f-4075-4094-84d8-3404c87f67c6</sln:miejscIIPId><sln:miejscIIPPn>PL.PZGIK.200</sln:miejscIIPPn><sln:miejscIIPWersja>2017-03-30T08:50:46+02:00</sln:miejscIIPWersja><sln:miejscIdTeryt>0207860</sln:miejscIdTeryt><sln:miejscNazwa>Maciejew</sln:miejscNazwa><sln:miejscRodzaj>Wieś</sln:miejscRodzaj><sln:powIIPId>dc54ce6a-5272-45fc-a49c-824dbf170f2c</sln:powIIPId><sln:powIIPPn>PL.PZGIK.200</sln:powIIPPn><sln:powIIPWersja>2012-09-27T08:59:03+02:00</sln:powIIPWersja><sln:powIdTeryt>3012</sln:powIdTeryt><sln:powNazwa>krotoszyński</sln:powNazwa><sln:waznyOd>2016-04-25T00:00:00+02:00</sln:waznyOd><sln:wojIIPId>c606b01a-76c8-480d-9470-f24ca0d7a613</sln:wojIIPId><sln:wojIIPPn>PL.PZGIK.200</sln:wojIIPPn><sln:wojIIPWersja>2016-05-05T18:20:48+02:00</sln:wojIIPWersja><sln:wojIdTeryt>30</sln:wojIdTeryt><sln:wojNazwa>wielkopolskie</sln:wojNazwa></sln:miejscowosc><sln:miejscowosc><sln:cyklZyciaOd>2017-03-30T00:00:00+02:00</sln:cyklZyciaOd><sln:gmIIPId>df307af6-f613-4659-b71e-c4941f2cab95</sln:gmIIPId><sln:gmIIPPn>PL.PZGIK.200</sln:gmIIPPn><sln:gmIIPWersja>2012-09-26T22:25:26+02:00</sln:gmIIPWersja><sln:gmIdTeryt>3012052</sln:gmIdTeryt><sln:gmNazwa>Rozdrażew</sln:gmNazwa><sln:miejscIIPId>aed5e8b3-5a37-4223-b4eb-9b95d5002a52</sln:miejscIIPId><sln:miejscIIPPn>PL.PZGIK.200</sln:miejscIIPPn><sln:miejscIIPWersja>2017-03-30T08:50:46+02:00</sln:miejscIIPWersja><sln:miejscIdTeryt>0207876</sln:miejscIdTeryt><sln:miejscNazwa>Nowa Wieś</sln:miejscNazwa><sln:miejscRodzaj>Wieś</sln:miejscRodzaj><sln:powIIPId>dc54ce6a-5272-45fc-a49c-824dbf170f2c</sln:powIIPId><sln:powIIPPn>PL.PZGIK.200</sln:powIIPPn><sln:powIIPWersja>2012-09-27T08:59:03+02:00</sln:powIIPWersja><sln:powIdTeryt>3012</sln:powIdTeryt><sln:powNazwa>krotoszyński</sln:powNazwa><sln:waznyOd>2016-04-25T00:00:00+02:00</sln:waznyOd><sln:wojIIPId>c606b01a-76c8-480d-9470-f24ca0d7a613</sln:wojIIPId><sln:wojIIPPn>PL.PZGIK.200</sln:wojIIPPn><sln:wojIIPWersja>2016-05-05T18:20:48+02:00</sln:wojIIPWersja><sln:wojIdTeryt>30</sln:wojIdTeryt><sln:wojNazwa>wielkopolskie</sln:wojNazwa></sln:miejscowosc><sln:miejscowosc><sln:cyklZyciaOd>2017-03-30T00:00:00+02:00</sln:cyklZyciaOd><sln:gmIIPId>df307af6-f613-4659-b71e-c4941f2cab95</sln:gmIIPId><sln:gmIIPPn>PL.PZGIK.200</sln:gmIIPPn><sln:gmIIPWersja>2012-09-26T22:25:26+02:00</sln:gmIIPWersja><sln:gmIdTeryt>3012052</sln:gmIdTeryt><sln:gmNazwa>Rozdrażew</sln:gmNazwa><sln:miejscIIPId>1feb9ec3-0e15-491b-8ad2-b6b07fc2d4b1</sln:miejscIIPId><sln:miejscIIPPn>PL.PZGIK.200</sln:miejscIIPPn><sln:miejscIIPWersja>2017-03-30T08:50:46+02:00</sln:miejscIIPWersja><sln:miejscIdTeryt>0207899</sln:miejscIdTeryt><sln:miejscNazwa>Rozdrażew</sln:miejscNazwa><sln:miejscRodzaj>Wieś</sln:miejscRodzaj><sln:powIIPId>dc54ce6a-5272-45fc-a49c-824dbf170f2c</sln:powIIPId><sln:powIIPPn>PL.PZGIK.200</sln:powIIPPn><sln:powIIPWersja>2012-09-27T08:59:03+02:00</sln:powIIPWersja><sln:powIdTeryt>3012</sln:powIdTeryt><sln:powNazwa>krotoszyński</sln:powNazwa><sln:waznyOd>2016-04-25T00:00:00+02:00</sln:waznyOd><sln:wojIIPId>c606b01a-76c8-480d-9470-f24ca0d7a613</sln:wojIIPId><sln:wojIIPPn>PL.PZGIK.200</sln:wojIIPPn><sln:wojIIPWersja>2016-05-05T18:20:48+02:00</sln:wojIIPWersja><sln:wojIdTeryt>30</sln:wojIdTeryt><sln:wojNazwa>wielkopolskie</sln:wojNazwa></sln:miejscowosc><sln:miejscowosc><sln:cyklZyciaOd>2017-03-30T00:00:00+02:00</sln:cyklZyciaOd><sln:gmIIPId>df307af6-f613-4659-b71e-c4941f2cab95</sln:gmIIPId><sln:gmIIPPn>PL.PZGIK.200</sln:gmIIPPn><sln:gmIIPWersja>2012-09-26T22:25:26+02:00</sln:gmIIPWersja><sln:gmIdTeryt>3012052</sln:gmIdTeryt><sln:gmNazwa>Rozdrażew</sln:gmNazwa><sln:miejscIIPId>39d63ab7-a9fd-41ba-91b3-4d4290969d96</sln:miejscIIPId><sln:miejscIIPPn>PL.PZGIK.200</sln:miejscIIPPn><sln:miejscIIPWersja>2017-03-30T08:50:46+02:00</sln:miejscIIPWersja><sln:miejscIdTeryt>0207907</sln:miejscIdTeryt><sln:miejscNazwa>Rozdrażewek</sln:miejscNazwa><sln:miejscRodzaj>Wieś</sln:miejscRodzaj><sln:powIIPId>dc54ce6a-5272-45fc-a49c-824dbf170f2c</sln:powIIPId><sln:powIIPPn>PL.PZGIK.200</sln:powIIPPn><sln:powIIPWersja>2012-09-27T08:59:03+02:00</sln:powIIPWersja><sln:powIdTeryt>3012</sln:powIdTeryt><sln:powNazwa>krotoszyński</sln:powNazwa><sln:waznyOd>2016-04-25T00:00:00+02:00</sln:waznyOd><sln:wojIIPId>c606b01a-76c8-480d-9470-f24ca0d7a613</sln:wojIIPId><sln:wojIIPPn>PL.PZGIK.200</sln:wojIIPPn><sln:wojIIPWersja>2016-05-05T18:20:48+02:00</sln:wojIIPWersja><sln:wojIdTeryt>30</sln:wojIdTeryt><sln:wojNazwa>wielkopolskie</sln:wojNazwa></sln:miejscowosc><sln:miejscowosc><sln:cyklZyciaOd>2017-03-30T00:00:00+02:00</sln:cyklZyciaOd><sln:gmIIPId>df307af6-f613-4659-b71e-c4941f2cab95</sln:gmIIPId><sln:gmIIPPn>PL.PZGIK.200</sln:gmIIPPn><sln:gmIIPWersja>2012-09-26T22:25:26+02:00</sln:gmIIPWersja><sln:gmIdTeryt>3012052</sln:gmIdTeryt><sln:gmNazwa>Rozdrażew</sln:gmNazwa><sln:miejscIIPId>af92fec8-da2b-4ba6-b548-216854c729b7</sln:miejscIIPId><sln:miejscIIPPn>PL.PZGIK.200</sln:miejscIIPPn><sln:miejscIIPWersja>2017-03-30T08:50:47+02:00</sln:miejscIIPWersja><sln:miejscIdTeryt>0207913</sln:miejscIdTeryt><sln:miejscNazwa>Trzemeszno</sln:miejscNazwa><sln:miejscRodzaj>Wieś</sln:miejscRodzaj><sln:powIIPId>dc54ce6a-5272-45fc-a49c-824dbf170f2c</sln:powIIPId><sln:powIIPPn>PL.PZGIK.200</sln:powIIPPn><sln:powIIPWersja>2012-09-27T08:59:03+02:00</sln:powIIPWersja><sln:powIdTeryt>3012</sln:powIdTeryt><sln:powNazwa>krotoszyński</sln:powNazwa><sln:waznyOd>2016-04-25T00:00:00+02:00</sln:waznyOd><sln:wojIIPId>c606b01a-76c8-480d-9470-f24ca0d7a613</sln:wojIIPId><sln:wojIIPPn>PL.PZGIK.200</sln:wojIIPPn><sln:wojIIPWersja>2016-05-05T18:20:48+02:00</sln:wojIIPWersja><sln:wojIdTeryt>30</sln:wojIdTeryt><sln:wojNazwa>wielkopolskie</sln:wojNazwa></sln:miejscowosc><sln:miejscowosc><sln:cyklZyciaOd>2017-03-30T00:00:00+02:00</sln:cyklZyciaOd><sln:gmIIPId>df307af6-f613-4659-b71e-c4941f2cab95</sln:gmIIPId><sln:gmIIPPn>PL.PZGIK.200</sln:gmIIPPn><sln:gmIIPWersja>2012-09-26T22:25:26+02:00</sln:gmIIPWersja><sln:gmIdTeryt>3012052</sln:gmIdTeryt><sln:gmNazwa>Rozdrażew</sln:gmNazwa><sln:miejscIIPId>a7844e61-d073-4f53-b57a-a64dcb278925</sln:miejscIIPId><sln:miejscIIPPn>PL.PZGIK.200</sln:miejscIIPPn><sln:miejscIIPWersja>2017-03-30T08:50:47+02:00</sln:miejscIIPWersja><sln:miejscIdTeryt>0207920</sln:miejscIdTeryt><sln:miejscNazwa>Wolenice</sln:miejscNazwa><sln:miejscRodzaj>Wieś</sln:miejscRodzaj><sln:powIIPId>dc54ce6a-5272-45fc-a49c-824dbf170f2c</sln:powIIPId><sln:powIIPPn>PL.PZGIK.200</sln:powIIPPn><sln:powIIPWersja>2012-09-27T08:59:03+02:00</sln:powIIPWersja><sln:powIdTeryt>3012</sln:powIdTeryt><sln:powNazwa>krotoszyński</sln:powNazwa><sln:waznyOd>2016-04-25T00:00:00+02:00</sln:waznyOd><sln:wojIIPId>c606b01a-76c8-480d-9470-f24ca0d7a613</sln:wojIIPId><sln:wojIIPPn>PL.PZGIK.200</sln:wojIIPPn><sln:wojIIPWersja>2016-05-05T18:20:48+02:00</sln:wojIIPWersja><sln:wojIdTeryt>30</sln:wojIdTeryt><sln:wojNazwa>wielkopolskie</sln:wojNazwa></sln:miejscowosc><sln:miejscowosc><sln:cyklZyciaOd>2017-03-30T00:00:00+02:00</sln:cyklZyciaOd><sln:gmIIPId>df307af6-f613-4659-b71e-c4941f2cab95</sln:gmIIPId><sln:gmIIPPn>PL.PZGIK.200</sln:gmIIPPn><sln:gmIIPWersja>2012-09-26T22:25:26+02:00</sln:gmIIPWersja><sln:gmIdTeryt>3012052</sln:gmIdTeryt><sln:gmNazwa>Rozdrażew</sln:gmNazwa><sln:miejscIIPId>7c251131-7460-43a0-9b07-8f66d50a0822</sln:miejscIIPId><sln:miejscIIPPn>PL.PZGIK.200</sln:miejscIIPPn><sln:miejscIIPWersja>2017-03-30T08:50:47+02:00</sln:miejscIIPWersja><sln:miejscIdTeryt>0207936</sln:miejscIdTeryt><sln:miejscNazwa>Wygoda</sln:miejscNazwa><sln:miejscRodzaj>Inny obiekt</sln:miejscRodzaj><sln:powIIPId>dc54ce6a-5272-45fc-a49c-824dbf170f2c</sln:powIIPId><sln:powIIPPn>PL.PZGIK.200</sln:powIIPPn><sln:powIIPWersja>2012-09-27T08:59:03+02:00</sln:powIIPWersja><sln:powIdTeryt>3012</sln:powIdTeryt><sln:powNazwa>krotoszyński</sln:powNazwa><sln:waznyOd>2016-04-25T00:00:00+02:00</sln:waznyOd><sln:wojIIPId>c606b01a-76c8-480d-9470-f24ca0d7a613</sln:wojIIPId><sln:wojIIPPn>PL.PZGIK.200</sln:wojIIPPn><sln:wojIIPWersja>2016-05-05T18:20:48+02:00</sln:wojIIPWersja><sln:wojIdTeryt>30</sln:wojIdTeryt><sln:wojNazwa>wielkopolskie</sln:wojNazwa></sln:miejscowosc><sln:miejscowosc><sln:cyklZyciaOd>2017-03-30T00:00:00+02:00</sln:cyklZyciaOd><sln:gmIIPId>df307af6-f613-4659-b71e-c4941f2cab95</sln:gmIIPId><sln:gmIIPPn>PL.PZGIK.200</sln:gmIIPPn><sln:gmIIPWersja>2012-09-26T22:25:26+02:00</sln:gmIIPWersja><sln:gmIdTeryt>3012052</sln:gmIdTeryt><sln:gmNazwa>Rozdrażew</sln:gmNazwa><sln:miejscIIPId>03b6a251-5a7a-41ac-9399-3c92235a0190</sln:miejscIIPId><sln:miejscIIPPn>PL.PZGIK.200</sln:miejscIIPPn><sln:miejscIIPWersja>2017-03-30T08:50:47+02:00</sln:miejscIIPWersja><sln:miejscIdTeryt>0207942</sln:miejscIdTeryt><sln:miejscNazwa>Dębowiec</sln:miejscNazwa><sln:miejscRodzaj>Osada</sln:miejscRodzaj><sln:powIIPId>dc54ce6a-5272-45fc-a49c-824dbf170f2c</sln:powIIPId><sln:powIIPPn>PL.PZGIK.200</sln:powIIPPn><sln:powIIPWersja>2012-09-27T08:59:03+02:00</sln:powIIPWersja><sln:powIdTeryt>3012</sln:powIdTeryt><sln:powNazwa>krotoszyński</sln:powNazwa><sln:waznyOd>2016-04-25T00:00:00+02:00</sln:waznyOd><sln:wojIIPId>c606b01a-76c8-480d-9470-f24ca0d7a613</sln:wojIIPId><sln:wojIIPPn>PL.PZGIK.200</sln:wojIIPPn><sln:wojIIPWersja>2016-05-05T18:20:48+02:00</sln:wojIIPWersja><sln:wojIdTeryt>30</sln:wojIdTeryt><sln:wojNazwa>wielkopolskie</sln:wojNazwa></sln:miejscowosc><sln:miejscowosc><sln:cyklZyciaOd>2017-03-30T00:00:00+02:00</sln:cyklZyciaOd><sln:gmIIPId>df307af6-f613-4659-b71e-c4941f2cab95</sln:gmIIPId><sln:gmIIPPn>PL.PZGIK.200</sln:gmIIPPn><sln:gmIIPWersja>2012-09-26T22:25:26+02:00</sln:gmIIPWersja><sln:gmIdTeryt>3012052</sln:gmIdTeryt><sln:gmNazwa>Rozdrażew</sln:gmNazwa><sln:miejscIIPId>93afdb56-fbab-451f-a738-29d78dd2cf62</sln:miejscIIPId><sln:miejscIIPPn>PL.PZGIK.200</sln:miejscIIPPn><sln:miejscIIPWersja>2017-03-30T08:50:47+02:00</sln:miejscIIPWersja><sln:miejscIdTeryt>0207959</sln:miejscIdTeryt><sln:miejscNazwa>Wyki</sln:miejscNazwa><sln:miejscRodzaj>Wieś</sln:miejscRodzaj><sln:powIIPId>dc54ce6a-5272-45fc-a49c-824dbf170f2c</sln:powIIPId><sln:powIIPPn>PL.PZGIK.200</sln:powIIPPn><sln:powIIPWersja>2012-09-27T08:59:03+02:00</sln:powIIPWersja><sln:powIdTeryt>3012</sln:powIdTeryt><sln:powNazwa>krotoszyński</sln:powNazwa><sln:waznyOd>2016-04-25T00:00:00+02:00</sln:waznyOd><sln:wojIIPId>c606b01a-76c8-480d-9470-f24ca0d7a613</sln:wojIIPId><sln:wojIIPPn>PL.PZGIK.200</sln:wojIIPPn><sln:wojIIPWersja>2016-05-05T18:20:48+02:00</sln:wojIIPWersja><sln:wojIdTeryt>30</sln:wojIdTeryt><sln:wojNazwa>wielkopolskie</sln:wojNazwa></sln:miejscowosc></sln:lista-miejscowosci>