<?xml version="1.0" encoding="UTF-8" standalone="yes"?><sln:lista-miejscowosci xmlns:srv="http://gugik.gov.pl/schemas/slowniki-service/1.0" xmlns:sln="http://gugik.gov.pl/schemas/slowniki-schema/1.0"><sln:miejscowosc><sln:cyklZyciaDo>2017-03-29T00:00:00+02:00</sln:cyklZyciaDo><sln:cyklZyciaOd>2015-10-13T00:00:00+02:00</sln:cyklZyciaOd><sln:gmIIPId>535f05b6-39dd-4493-af37-dd2ff3ca3a8e</sln:gmIIPId><sln:gmIIPPn>PL.PZGIK.200</sln:gmIIPPn><sln:gmIIPWersja>2012-09-26T22:22:48+02:00</sln:gmIIPWersja><sln:gmIdTeryt>3018022</sln:gmIdTeryt><sln:gmNazwa>Doruchów</sln:gmNazwa><sln:miejscIIPId>22968ce6-7175-41b0-9a32-632622750241</sln:miejscIIPId><sln:miejscIIPPn>PL.PZGIK.200</sln:miejscIIPPn><sln:miejscIIPWersja>2016-11-24T09:40:54+02:00</sln:miejscIIPWersja><sln:miejscIdTeryt>0196635</sln:miejscIdTeryt><sln:miejscNazwa>Doruchów</sln:miejscNazwa><sln:miejscRodzaj>Wieś</sln:miejscRodzaj><sln:powIIPId>79a80ae4-6ccf-4435-bf14-8a92a75a3fe4</sln:powIIPId><sln:powIIPPn>PL.PZGIK.200</sln:powIIPPn><sln:powIIPWersja>2012-09-27T08:59:03+02:00</sln:powIIPWersja><sln:powIdTeryt>3018</sln:powIdTeryt><sln:powNazwa>ostrzeszowski</sln:powNazwa><sln:waznyOd>2014-11-06T00:00:00+01:00</sln:waznyOd><sln:wojIIPId>c606b01a-76c8-480d-9470-f24ca0d7a613</sln:wojIIPId><sln:wojIIPPn>PL.PZGIK.200</sln:wojIIPPn><sln:wojIIPWersja>2016-05-05T18:20:48+02:00</sln:wojIIPWersja><sln:wojIdTeryt>30</sln:wojIdTeryt><sln:wojNazwa>wielkopolskie</sln:wojNazwa></sln:miejscowosc><sln:miejscowosc><sln:cyklZyciaDo>2017-03-29T00:00:00+02:00</sln:cyklZyciaDo><sln:cyklZyciaOd>2015-10-13T00:00:00+02:00</sln:cyklZyciaOd><sln:gmIIPId>535f05b6-39dd-4493-af37-dd2ff3ca3a8e</sln:gmIIPId><sln:gmIIPPn>PL.PZGIK.200</sln:gmIIPPn><sln:gmIIPWersja>2012-09-26T22:22:48+02:00</sln:gmIIPWersja><sln:gmIdTeryt>3018022</sln:gmIdTeryt><sln:gmNazwa>Doruchów</sln:gmNazwa><sln:miejscIIPId>1971a6f7-fd8e-40ea-9af5-1a7a91c32bb2</sln:miejscIIPId><sln:miejscIIPPn>PL.PZGIK.200</sln:miejscIIPPn><sln:miejscIIPWersja>2016-11-24T09:40:54+02:00</sln:miejscIIPWersja><sln:miejscIdTeryt>0196687</sln:miejscIdTeryt><sln:miejscNazwa>Godziętowy</sln:miejscNazwa><sln:miejscRodzaj>Wieś</sln:miejscRodzaj><sln:powIIPId>79a80ae4-6ccf-4435-bf14-8a92a75a3fe4</sln:powIIPId><sln:powIIPPn>PL.PZGIK.200</sln:powIIPPn><sln:powIIPWersja>2012-09-27T08:59:03+02:00</sln:powIIPWersja><sln:powIdTeryt>3018</sln:powIdTeryt><sln:powNazwa>ostrzeszowski</sln:powNazwa><sln:waznyOd>2014-11-06T00:00:00+01:00</sln:waznyOd><sln:wojIIPId>c606b01a-76c8-480d-9470-f24ca0d7a613</sln:wojIIPId><sln:wojIIPPn>PL.PZGIK.200</sln:wojIIPPn><sln:wojIIPWersja>2016-05-05T18:20:48+02:00</sln:wojIIPWersja><sln:wojIdTeryt>30</sln:wojIdTeryt><sln:wojNazwa>wielkopolskie</sln:wojNazwa></sln:miejscowosc><sln:miejscowosc><sln:cyklZyciaDo>2017-03-29T00:00:00+02:00</sln:cyklZyciaDo><sln:cyklZyciaOd>2015-10-13T00:00:00+02:00</sln:cyklZyciaOd><sln:gmIIPId>535f05b6-39dd-4493-af37-dd2ff3ca3a8e</sln:gmIIPId><sln:gmIIPPn>PL.PZGIK.200</sln:gmIIPPn><sln:gmIIPWersja>2012-09-26T22:22:48+02:00</sln:gmIIPWersja><sln:gmIdTeryt>3018022</sln:gmIdTeryt><sln:gmNazwa>Doruchów</sln:gmNazwa><sln:miejscIIPId>b478f1de-0a4e-42ca-ad47-90a9b2c1890c</sln:miejscIIPId><sln:miejscIIPPn>PL.PZGIK.200</sln:miejscIIPPn><sln:miejscIIPWersja>2016-11-24T09:40:54+02:00</sln:miejscIIPWersja><sln:miejscIdTeryt>0196701</sln:miejscIdTeryt><sln:miejscNazwa>Gruszków</sln:miejscNazwa><sln:miejscRodzaj>Wieś</sln:miejscRodzaj><sln:powIIPId>79a80ae4-6ccf-4435-bf14-8a92a75a3fe4</sln:powIIPId><sln:powIIPPn>PL.PZGIK.200</sln:powIIPPn><sln:powIIPWersja>2012-09-27T08:59:03+02:00</sln:powIIPWersja><sln:powIdTeryt>3018</sln:powIdTeryt><sln:powNazwa>ostrzeszowski</sln:powNazwa><sln:waznyOd>2014-11-06T00:00:00+01:00</sln:waznyOd><sln:wojIIPId>c606b01a-76c8-480d-9470-f24ca0d7a613</sln:wojIIPId><sln:wojIIPPn>PL.PZGIK.200</sln:wojIIPPn><sln:wojIIPWersja>2016-05-05T18:20:48+02:00</sln:wojIIPWersja><sln:wojIdTeryt>30</sln:wojIdTeryt><sln:wojNazwa>wielkopolskie</sln:wojNazwa></sln:miejscowosc><sln:miejscowosc><sln:cyklZyciaDo>2017-03-29T00:00:00+02:00</sln:cyklZyciaDo><sln:cyklZyciaOd>2015-10-13T00:00:00+02:00</sln:cyklZyciaOd><sln:gmIIPId>535f05b6-39dd-4493-af37-dd2ff3ca3a8e</sln:gmIIPId><sln:gmIIPPn>PL.PZGIK.200</sln:gmIIPPn><sln:gmIIPWersja>2012-09-26T22:22:48+02:00</sln:gmIIPWersja><sln:gmIdTeryt>3018022</sln:gmIdTeryt><sln:gmNazwa>Doruchów</sln:gmNazwa><sln:miejscIIPId>e461fe7c-995a-4af5-aa55-9d8845f0af71</sln:miejscIIPId><sln:miejscIIPPn>PL.PZGIK.200</sln:miejscIIPPn><sln:miejscIIPWersja>2016-11-24T09:40:55+02:00</sln:miejscIIPWersja><sln:miejscIdTeryt>0196799</sln:miejscIdTeryt><sln:miejscNazwa>Mieleszówka</sln:miejscNazwa><sln:miejscRodzaj>Wieś</sln:miejscRodzaj><sln:powIIPId>79a80ae4-6ccf-4435-bf14-8a92a75a3fe4</sln:powIIPId><sln:powIIPPn>PL.PZGIK.200</sln:powIIPPn><sln:powIIPWersja>2012-09-27T08:59:03+02:00</sln:powIIPWersja><sln:powIdTeryt>3018</sln:powIdTeryt><sln:powNazwa>ostrzeszowski</sln:powNazwa><sln:waznyOd>2014-11-06T00:00:00+01:00</sln:waznyOd><sln:wojIIPId>c606b01a-76c8-480d-9470-f24ca0d7a613</sln:wojIIPId><sln:wojIIPPn>PL.PZGIK.200</sln:wojIIPPn><sln:wojIIPWersja>2016-05-05T18:20:48+02:00</sln:wojIIPWersja><sln:wojIdTeryt>30</sln:wojIdTeryt><sln:wojNazwa>wielkopolskie</sln:wojNazwa></sln:miejscowosc><sln:miejscowosc><sln:cyklZyciaDo>2017-03-29T00:00:00+02:00</sln:cyklZyciaDo><sln:cyklZyciaOd>2015-10-13T00:00:00+02:00</sln:cyklZyciaOd><sln:gmIIPId>535f05b6-39dd-4493-af37-dd2ff3ca3a8e</sln:gmIIPId><sln:gmIIPPn>PL.PZGIK.200</sln:gmIIPPn><sln:gmIIPWersja>2012-09-26T22:22:48+02:00</sln:gmIIPWersja><sln:gmIdTeryt>3018022</sln:gmIdTeryt><sln:gmNazwa>Doruchów</sln:gmNazwa><sln:miejscIIPId>8db6ce62-08e2-43ba-aba1-2c7f9418ff4b</sln:miejscIIPId><sln:miejscIIPPn>PL.PZGIK.200</sln:miejscIIPPn><sln:miejscIIPWersja>2016-11-24T09:40:55+02:00</sln:miejscIIPWersja><sln:miejscIdTeryt>0196807</sln:miejscIdTeryt><sln:miejscNazwa>Morawin</sln:miejscNazwa><sln:miejscRodzaj>Wieś</sln:miejscRodzaj><sln:powIIPId>79a80ae4-6ccf-4435-bf14-8a92a75a3fe4</sln:powIIPId><sln:powIIPPn>PL.PZGIK.200</sln:powIIPPn><sln:powIIPWersja>2012-09-27T08:59:03+02:00</sln:powIIPWersja><sln:powIdTeryt>3018</sln:powIdTeryt><sln:powNazwa>ostrzeszowski</sln:powNazwa><sln:waznyOd>2014-11-06T00:00:00+01:00</sln:waznyOd><sln:wojIIPId>c606b01a-76c8-480d-9470-f24ca0d7a613</sln:wojIIPId><sln:wojIIPPn>PL.PZGIK.200</sln:wojIIPPn><sln:wojIIPWersja>2016-05-05T18:20:48+02:00</sln:wojIIPWersja><sln:wojIdTeryt>30</sln:wojIdTeryt><sln:wojNazwa>wielkopolskie</sln:wojNazwa></sln:miejscowosc><sln:miejscowosc><sln:cyklZyciaDo>2017-03-29T00:00:00+02:00</sln:cyklZyciaDo><sln:cyklZyciaOd>2015-10-13T00:00:00+02:00</sln:cyklZyciaOd><sln:gmIIPId>535f05b6-39dd-4493-af37-dd2ff3ca3a8e</sln:gmIIPId><sln:gmIIPPn>PL.PZGIK.200</sln:gmIIPPn><sln:gmIIPWersja>2012-09-26T22:22:48+02:00</sln:gmIIPWersja><sln:gmIdTeryt>3018022</sln:gmIdTeryt><sln:gmNazwa>Doruchów</sln:gmNazwa><sln:miejscIIPId>d1e0ba7c-21c8-4c45-b805-fba190ff6e01</sln:miejscIIPId><sln:miejscIIPPn>PL.PZGIK.200</sln:miejscIIPPn><sln:miejscIIPWersja>2016-11-24T09:40:54+02:00</sln:miejscIIPWersja><sln:miejscIdTeryt>0196730</sln:miejscIdTeryt><sln:miejscNazwa>Oświęcim</sln:miejscNazwa><sln:miejscRodzaj>Wieś</sln:miejscRodzaj><sln:powIIPId>79a80ae4-6ccf-4435-bf14-8a92a75a3fe4</sln:powIIPId><sln:powIIPPn>PL.PZGIK.200</sln:powIIPPn><sln:powIIPWersja>2012-09-27T08:59:03+02:00</sln:powIIPWersja><sln:powIdTeryt>3018</sln:powIdTeryt><sln:powNazwa>ostrzeszowski</sln:powNazwa><sln:waznyOd>2014-11-06T00:00:00+01:00</sln:waznyOd><sln:wojIIPId>c606b01a-76c8-480d-9470-f24ca0d7a613</sln:wojIIPId><sln:wojIIPPn>PL.PZGIK.200</sln:wojIIPPn><sln:wojIIPWersja>2016-05-05T18:20:48+02:00</sln:wojIIPWersja><sln:wojIdTeryt>30</sln:wojIdTeryt><sln:wojNazwa>wielkopolskie</sln:wojNazwa></sln:miejscowosc><sln:miejscowosc><sln:cyklZyciaDo>2017-03-29T00:00:00+02:00</sln:cyklZyciaDo><sln:cyklZyciaOd>2015-10-13T00:00:00+02:00</sln:cyklZyciaOd><sln:gmIIPId>535f05b6-39dd-4493-af37-dd2ff3ca3a8e</sln:gmIIPId><sln:gmIIPPn>PL.PZGIK.200</sln:gmIIPPn><sln:gmIIPWersja>2012-09-26T22:22:48+02:00</sln:gmIIPWersja><sln:gmIdTeryt>3018022</sln:gmIdTeryt><sln:gmNazwa>Doruchów</sln:gmNazwa><sln:miejscIIPId>922ac4ac-f535-4f48-8664-f292e7d38fe2</sln:miejscIIPId><sln:miejscIIPPn>PL.PZGIK.200</sln:miejscIIPPn><sln:miejscIIPWersja>2016-11-24T09:40:54+02:00</sln:miejscIIPWersja><sln:miejscIdTeryt>0196693</sln:miejscIdTeryt><sln:miejscNazwa>Pieczyska</sln:miejscNazwa><sln:miejscRodzaj>Przysiółek</sln:miejscRodzaj><sln:powIIPId>79a80ae4-6ccf-4435-bf14-8a92a75a3fe4</sln:powIIPId><sln:powIIPPn>PL.PZGIK.200</sln:powIIPPn><sln:powIIPWersja>2012-09-27T08:59:03+02:00</sln:powIIPWersja><sln:powIdTeryt>3018</sln:powIdTeryt><sln:powNazwa>ostrzeszowski</sln:powNazwa><sln:waznyOd>2014-11-06T00:00:00+01:00</sln:waznyOd><sln:wojIIPId>c606b01a-76c8-480d-9470-f24ca0d7a613</sln:wojIIPId><sln:wojIIPPn>PL.PZGIK.200</sln:wojIIPPn><sln:wojIIPWersja>2016-05-05T18:20:48+02:00</sln:wojIIPWersja><sln:wojIdTeryt>30</sln:wojIdTeryt><sln:wojNazwa>wielkopolskie</sln:wojNazwa></sln:miejscowosc><sln:miejscowosc><sln:cyklZyciaDo>2017-03-29T00:00:00+02:00</sln:cyklZyciaDo><sln:cyklZyciaOd>2015-10-13T00:00:00+02:00</sln:cyklZyciaOd><sln:gmIIPId>535f05b6-39dd-4493-af37-dd2ff3ca3a8e</sln:gmIIPId><sln:gmIIPPn>PL.PZGIK.200</sln:gmIIPPn><sln:gmIIPWersja>2012-09-26T22:22:48+02:00</sln:gmIIPWersja><sln:gmIdTeryt>3018022</sln:gmIdTeryt><sln:gmNazwa>Doruchów</sln:gmNazwa><sln:miejscIIPId>a89fd97e-ad07-4e92-92dd-848b7a5e528c</sln:miejscIIPId><sln:miejscIIPPn>PL.PZGIK.200</sln:miejscIIPPn><sln:miejscIIPWersja>2016-11-24T09:40:54+02:00</sln:miejscIIPWersja><sln:miejscIdTeryt>0196724</sln:miejscIdTeryt><sln:miejscNazwa>Plugawice</sln:miejscNazwa><sln:miejscRodzaj>Wieś</sln:miejscRodzaj><sln:powIIPId>79a80ae4-6ccf-4435-bf14-8a92a75a3fe4</sln:powIIPId><sln:powIIPPn>PL.PZGIK.200</sln:powIIPPn><sln:powIIPWersja>2012-09-27T08:59:03+02:00</sln:powIIPWersja><sln:powIdTeryt>3018</sln:powIdTeryt><sln:powNazwa>ostrzeszowski</sln:powNazwa><sln:waznyOd>2014-11-06T00:00:00+01:00</sln:waznyOd><sln:wojIIPId>c606b01a-76c8-480d-9470-f24ca0d7a613</sln:wojIIPId><sln:wojIIPPn>PL.PZGIK.200</sln:wojIIPPn><sln:wojIIPWersja>2016-05-05T18:20:48+02:00</sln:wojIIPWersja><sln:wojIdTeryt>30</sln:wojIdTeryt><sln:wojNazwa>wielkopolskie</sln:wojNazwa></sln:miejscowosc><sln:miejscowosc><sln:cyklZyciaDo>2017-03-29T00:00:00+02:00</sln:cyklZyciaDo><sln:cyklZyciaOd>2015-10-13T00:00:00+02:00</sln:cyklZyciaOd><sln:gmIIPId>535f05b6-39dd-4493-af37-dd2ff3ca3a8e</sln:gmIIPId><sln:gmIIPPn>PL.PZGIK.200</sln:gmIIPPn><sln:gmIIPWersja>2012-09-26T22:22:48+02:00</sln:gmIIPWersja><sln:gmIdTeryt>3018022</sln:gmIdTeryt><sln:gmNazwa>Doruchów</sln:gmNazwa><sln:miejscIIPId>f2327b4a-1808-40eb-ad80-1d9fe2ef769c</sln:miejscIIPId><sln:miejscIIPPn>PL.PZGIK.200</sln:miejscIIPPn><sln:miejscIIPWersja>2016-11-24T09:40:55+02:00</sln:miejscIIPWersja><sln:miejscIdTeryt>0196753</sln:miejscIdTeryt><sln:miejscNazwa>Przytocznica</sln:miejscNazwa><sln:miejscRodzaj>Wieś</sln:miejscRodzaj><sln:powIIPId>79a80ae4-6ccf-4435-bf14-8a92a75a3fe4</sln:powIIPId><sln:powIIPPn>PL.PZGIK.200</sln:powIIPPn><sln:powIIPWersja>2012-09-27T08:59:03+02:00</sln:powIIPWersja><sln:powIdTeryt>3018</sln:powIdTeryt><sln:powNazwa>ostrzeszowski</sln:powNazwa><sln:waznyOd>2014-11-06T00:00:00+01:00</sln:waznyOd><sln:wojIIPId>c606b01a-76c8-480d-9470-f24ca0d7a613</sln:wojIIPId><sln:wojIIPPn>PL.PZGIK.200</sln:wojIIPPn><sln:wojIIPWersja>2016-05-05T18:20:48+02:00</sln:wojIIPWersja><sln:wojIdTeryt>30</sln:wojIdTeryt><sln:wojNazwa>wielkopolskie</sln:wojNazwa></sln:miejscowosc><sln:miejscowosc><sln:cyklZyciaDo>2017-03-29T00:00:00+02:00</sln:cyklZyciaDo><sln:cyklZyciaOd>2015-10-13T00:00:00+02:00</sln:cyklZyciaOd><sln:gmIIPId>535f05b6-39dd-4493-af37-dd2ff3ca3a8e</sln:gmIIPId><sln:gmIIPPn>PL.PZGIK.200</sln:gmIIPPn><sln:gmIIPWersja>2012-09-26T22:22:48+02:00</sln:gmIIPWersja><sln:gmIdTeryt>3018022</sln:gmIdTeryt><sln:gmNazwa>Doruchów</sln:gmNazwa><sln:miejscIIPId>bd1a1782-2f48-48ab-8c0f-3f0529225a1b</sln:miejscIIPId><sln:miejscIIPPn>PL.PZGIK.200</sln:miejscIIPPn><sln:miejscIIPWersja>2016-11-24T09:40:55+02:00</sln:miejscIIPWersja><sln:miejscIdTeryt>0196782</sln:miejscIdTeryt><sln:miejscNazwa>Skarydzew</sln:miejscNazwa><sln:miejscRodzaj>Wieś</sln:miejscRodzaj><sln:powIIPId>79a80ae4-6ccf-4435-bf14-8a92a75a3fe4</sln:powIIPId><sln:powIIPPn>PL.PZGIK.200</sln:powIIPPn><sln:powIIPWersja>2012-09-27T08:59:03+02:00</sln:powIIPWersja><sln:powIdTeryt>3018</sln:powIdTeryt><sln:powNazwa>ostrzeszowski</sln:powNazwa><sln:waznyOd>2014-11-06T00:00:00+01:00</sln:waznyOd><sln:wojIIPId>c606b01a-76c8-480d-9470-f24ca0d7a613</sln:wojIIPId><sln:wojIIPPn>PL.PZGIK.200</sln:wojIIPPn><sln:wojIIPWersja>2016-05-05T18:20:48+02:00</sln:wojIIPWersja><sln:wojIdTeryt>30</sln:wojIdTeryt><sln:wojNazwa>wielkopolskie</sln:wojNazwa></sln:miejscowosc><sln:miejscowosc><sln:cyklZyciaDo>2017-03-29T00:00:00+02:00</sln:cyklZyciaDo><sln:cyklZyciaOd>2015-10-13T00:00:00+02:00</sln:cyklZyciaOd><sln:gmIIPId>535f05b6-39dd-4493-af37-dd2ff3ca3a8e</sln:gmIIPId><sln:gmIIPPn>PL.PZGIK.200</sln:gmIIPPn><sln:gmIIPWersja>2012-09-26T22:22:48+02:00</sln:gmIIPWersja><sln:gmIdTeryt>3018022</sln:gmIdTeryt><sln:gmNazwa>Doruchów</sln:gmNazwa><sln:miejscIIPId>d677c555-1a21-479f-ab8f-9b9ba8468fd4</sln:miejscIIPId><sln:miejscIIPPn>PL.PZGIK.200</sln:miejscIIPPn><sln:miejscIIPWersja>2016-11-24T09:40:55+02:00</sln:miejscIIPWersja><sln:miejscIdTeryt>0196960</sln:miejscIdTeryt><sln:miejscNazwa>Stara Kuźnica</sln:miejscNazwa><sln:miejscRodzaj>Wieś</sln:miejscRodzaj><sln:powIIPId>79a80ae4-6ccf-4435-bf14-8a92a75a3fe4</sln:powIIPId><sln:powIIPPn>PL.PZGIK.200</sln:powIIPPn><sln:powIIPWersja>2012-09-27T08:59:03+02:00</sln:powIIPWersja><sln:powIdTeryt>3018</sln:powIdTeryt><sln:powNazwa>ostrzeszowski</sln:powNazwa><sln:waznyOd>2014-11-06T00:00:00+01:00</sln:waznyOd><sln:wojIIPId>c606b01a-76c8-480d-9470-f24ca0d7a613</sln:wojIIPId><sln:wojIIPPn>PL.PZGIK.200</sln:wojIIPPn><sln:wojIIPWersja>2016-05-05T18:20:48+02:00</sln:wojIIPWersja><sln:wojIdTeryt>30</sln:wojIdTeryt><sln:wojNazwa>wielkopolskie</sln:wojNazwa></sln:miejscowosc><sln:miejscowosc><sln:cyklZyciaDo>2017-03-29T00:00:00+02:00</sln:cyklZyciaDo><sln:cyklZyciaOd>2015-10-13T00:00:00+02:00</sln:cyklZyciaOd><sln:gmIIPId>535f05b6-39dd-4493-af37-dd2ff3ca3a8e</sln:gmIIPId><sln:gmIIPPn>PL.PZGIK.200</sln:gmIIPPn><sln:gmIIPWersja>2012-09-26T22:22:48+02:00</sln:gmIIPWersja><sln:gmIdTeryt>3018022</sln:gmIdTeryt><sln:gmNazwa>Doruchów</sln:gmNazwa><sln:miejscIIPId>0576d44d-9b96-4497-85d6-a152352fc7a6</sln:miejscIIPId><sln:miejscIIPPn>PL.PZGIK.200</sln:miejscIIPPn><sln:miejscIIPWersja>2016-11-24T09:40:55+02:00</sln:miejscIIPWersja><sln:miejscIdTeryt>0196820</sln:miejscIdTeryt><sln:miejscNazwa>Tokarzew</sln:miejscNazwa><sln:miejscRodzaj>Wieś</sln:miejscRodzaj><sln:powIIPId>79a80ae4-6ccf-4435-bf14-8a92a75a3fe4</sln:powIIPId><sln:powIIPPn>PL.PZGIK.200</sln:powIIPPn><sln:powIIPWersja>2012-09-27T08:59:03+02:00</sln:powIIPWersja><sln:powIdTeryt>3018</sln:powIdTeryt><sln:powNazwa>ostrzeszowski</sln:powNazwa><sln:waznyOd>2014-11-06T00:00:00+01:00</sln:waznyOd><sln:wojIIPId>c606b01a-76c8-480d-9470-f24ca0d7a613</sln:wojIIPId><sln:wojIIPPn>PL.PZGIK.200</sln:wojIIPPn><sln:wojIIPWersja>2016-05-05T18:20:48+02:00</sln:wojIIPWersja><sln:wojIdTeryt>30</sln:wojIdTeryt><sln:wojNazwa>wielkopolskie</sln:wojNazwa></sln:miejscowosc><sln:miejscowosc><sln:cyklZyciaDo>2017-03-29T00:00:00+02:00</sln:cyklZyciaDo><sln:cyklZyciaOd>2015-10-13T00:00:00+02:00</sln:cyklZyciaOd><sln:gmIIPId>535f05b6-39dd-4493-af37-dd2ff3ca3a8e</sln:gmIIPId><sln:gmIIPPn>PL.PZGIK.200</sln:gmIIPPn><sln:gmIIPWersja>2012-09-26T22:22:48+02:00</sln:gmIIPWersja><sln:gmIdTeryt>3018022</sln:gmIdTeryt><sln:gmNazwa>Doruchów</sln:gmNazwa><sln:miejscIIPId>8a36c75d-0c8a-45f2-b56c-ca125b25a3b3</sln:miejscIIPId><sln:miejscIIPPn>PL.PZGIK.200</sln:miejscIIPPn><sln:miejscIIPWersja>2016-11-24T09:40:55+02:00</sln:miejscIIPWersja><sln:miejscIdTeryt>0196747</sln:miejscIdTeryt><sln:miejscNazwa>Tonia</sln:miejscNazwa><sln:miejscRodzaj>Wieś</sln:miejscRodzaj><sln:powIIPId>79a80ae4-6ccf-4435-bf14-8a92a75a3fe4</sln:powIIPId><sln:powIIPPn>PL.PZGIK.200</sln:powIIPPn><sln:powIIPWersja>2012-09-27T08:59:03+02:00</sln:powIIPWersja><sln:powIdTeryt>3018</sln:powIdTeryt><sln:powNazwa>ostrzeszowski</sln:powNazwa><sln:waznyOd>2014-11-06T00:00:00+01:00</sln:waznyOd><sln:wojIIPId>c606b01a-76c8-480d-9470-f24ca0d7a613</sln:wojIIPId><sln:wojIIPPn>PL.PZGIK.200</sln:wojIIPPn><sln:wojIIPWersja>2016-05-05T18:20:48+02:00</sln:wojIIPWersja><sln:wojIdTeryt>30</sln:wojIdTeryt><sln:wojNazwa>wielkopolskie</sln:wojNazwa></sln:miejscowosc><sln:miejscowosc><sln:cyklZyciaDo>2017-03-29T00:00:00+02:00</sln:cyklZyciaDo><sln:cyklZyciaOd>2015-10-13T00:00:00+02:00</sln:cyklZyciaOd><sln:gmIIPId>535f05b6-39dd-4493-af37-dd2ff3ca3a8e</sln:gmIIPId><sln:gmIIPPn>PL.PZGIK.200</sln:gmIIPPn><sln:gmIIPWersja>2012-09-26T22:22:48+02:00</sln:gmIIPWersja><sln:gmIdTeryt>3018022</sln:gmIdTeryt><sln:gmNazwa>Doruchów</sln:gmNazwa><sln:miejscIIPId>cdb8bd33-299b-4024-b738-79d196446804</sln:miejscIIPId><sln:miejscIIPPn>PL.PZGIK.200</sln:miejscIIPPn><sln:miejscIIPWersja>2016-11-24T09:40:55+02:00</sln:miejscIIPWersja><sln:miejscIdTeryt>0196931</sln:miejscIdTeryt><sln:miejscNazwa>Rudniczysko</sln:miejscNazwa><sln:miejscRodzaj>Wieś</sln:miejscRodzaj><sln:powIIPId>79a80ae4-6ccf-4435-bf14-8a92a75a3fe4</sln:powIIPId><sln:powIIPPn>PL.PZGIK.200</sln:powIIPPn><sln:powIIPWersja>2012-09-27T08:59:03+02:00</sln:powIIPWersja><sln:powIdTeryt>3018</sln:powIdTeryt><sln:powNazwa>ostrzeszowski</sln:powNazwa><sln:waznyOd>2014-11-06T00:00:00+01:00</sln:waznyOd><sln:wojIIPId>c606b01a-76c8-480d-9470-f24ca0d7a613</sln:wojIIPId><sln:wojIIPPn>PL.PZGIK.200</sln:wojIIPPn><sln:wojIIPWersja>2016-05-05T18:20:48+02:00</sln:wojIIPWersja><sln:wojIdTeryt>30</sln:wojIdTeryt><sln:wojNazwa>wielkopolskie</sln:wojNazwa></sln:miejscowosc><sln:miejscowosc><sln:cyklZyciaDo>2017-03-29T00:00:00+02:00</sln:cyklZyciaDo><sln:cyklZyciaOd>2015-10-13T00:00:00+02:00</sln:cyklZyciaOd><sln:gmIIPId>535f05b6-39dd-4493-af37-dd2ff3ca3a8e</sln:gmIIPId><sln:gmIIPPn>PL.PZGIK.200</sln:gmIIPPn><sln:gmIIPWersja>2012-09-26T22:22:48+02:00</sln:gmIIPWersja><sln:gmIdTeryt>3018022</sln:gmIdTeryt><sln:gmNazwa>Doruchów</sln:gmNazwa><sln:miejscIIPId>84a1d65a-0617-46d1-818c-8b51fa633649</sln:miejscIIPId><sln:miejscIIPPn>PL.PZGIK.200</sln:miejscIIPPn><sln:miejscIIPWersja>2016-11-24T09:40:55+02:00</sln:miejscIIPWersja><sln:miejscIdTeryt>0196990</sln:miejscIdTeryt><sln:miejscNazwa>Wrzosy</sln:miejscNazwa><sln:miejscRodzaj>Osada</sln:miejscRodzaj><sln:powIIPId>79a80ae4-6ccf-4435-bf14-8a92a75a3fe4</sln:powIIPId><sln:powIIPPn>PL.PZGIK.200</sln:powIIPPn><sln:powIIPWersja>2012-09-27T08:59:03+02:00</sln:powIIPWersja><sln:powIdTeryt>3018</sln:powIdTeryt><sln:powNazwa>ostrzeszowski</sln:powNazwa><sln:waznyOd>2014-11-06T00:00:00+01:00</sln:waznyOd><sln:wojIIPId>c606b01a-76c8-480d-9470-f24ca0d7a613</sln:wojIIPId><sln:wojIIPPn>PL.PZGIK.200</sln:wojIIPPn><sln:wojIIPWersja>2016-05-05T18:20:48+02:00</sln:wojIIPWersja><sln:wojIdTeryt>30</sln:wojIdTeryt><sln:wojNazwa>wielkopolskie</sln:wojNazwa></sln:miejscowosc><sln:miejscowosc><sln:cyklZyciaDo>2017-03-29T00:00:00+02:00</sln:cyklZyciaDo><sln:cyklZyciaOd>2015-10-13T00:00:00+02:00</sln:cyklZyciaOd><sln:gmIIPId>535f05b6-39dd-4493-af37-dd2ff3ca3a8e</sln:gmIIPId><sln:gmIIPPn>PL.PZGIK.200</sln:gmIIPPn><sln:gmIIPWersja>2012-09-26T22:22:48+02:00</sln:gmIIPWersja><sln:gmIdTeryt>3018022</sln:gmIdTeryt><sln:gmNazwa>Doruchów</sln:gmNazwa><sln:miejscIIPId>44dd2476-9a36-4e27-b558-64e6b33becd8</sln:miejscIIPId><sln:miejscIIPPn>PL.PZGIK.200</sln:miejscIIPPn><sln:miejscIIPWersja>2016-11-24T09:40:55+02:00</sln:miejscIIPWersja><sln:miejscIdTeryt>0196813</sln:miejscIdTeryt><sln:miejscNazwa>Wygoda Plugawska</sln:miejscNazwa><sln:miejscRodzaj>Wieś</sln:miejscRodzaj><sln:powIIPId>79a80ae4-6ccf-4435-bf14-8a92a75a3fe4</sln:powIIPId><sln:powIIPPn>PL.PZGIK.200</sln:powIIPPn><sln:powIIPWersja>2012-09-27T08:59:03+02:00</sln:powIIPWersja><sln:powIdTeryt>3018</sln:powIdTeryt><sln:powNazwa>ostrzeszowski</sln:powNazwa><sln:waznyOd>2014-11-06T00:00:00+01:00</sln:waznyOd><sln:wojIIPId>c606b01a-76c8-480d-9470-f24ca0d7a613</sln:wojIIPId><sln:wojIIPPn>PL.PZGIK.200</sln:wojIIPPn><sln:wojIIPWersja>2016-05-05T18:20:48+02:00</sln:wojIIPWersja><sln:wojIdTeryt>30</sln:wojIdTeryt><sln:wojNazwa>wielkopolskie</sln:wojNazwa></sln:miejscowosc><sln:miejscowosc><sln:cyklZyciaDo>2017-03-29T00:00:00+02:00</sln:cyklZyciaDo><sln:cyklZyciaOd>2015-10-13T00:00:00+02:00</sln:cyklZyciaOd><sln:gmIIPId>535f05b6-39dd-4493-af37-dd2ff3ca3a8e</sln:gmIIPId><sln:gmIIPPn>PL.PZGIK.200</sln:gmIIPPn><sln:gmIIPWersja>2012-09-26T22:22:48+02:00</sln:gmIIPWersja><sln:gmIdTeryt>3018022</sln:gmIdTeryt><sln:gmNazwa>Doruchów</sln:gmNazwa><sln:miejscIIPId>28bc9432-673c-4853-a9a9-7afa8d8c9c60</sln:miejscIIPId><sln:miejscIIPPn>PL.PZGIK.200</sln:miejscIIPPn><sln:miejscIIPWersja>2016-11-24T09:40:55+02:00</sln:miejscIIPWersja><sln:miejscIdTeryt>0196871</sln:miejscIdTeryt><sln:miejscNazwa>Wygoda Tokarska</sln:miejscNazwa><sln:miejscRodzaj>Wieś</sln:miejscRodzaj><sln:powIIPId>79a80ae4-6ccf-4435-bf14-8a92a75a3fe4</sln:powIIPId><sln:powIIPPn>PL.PZGIK.200</sln:powIIPPn><sln:powIIPWersja>2012-09-27T08:59:03+02:00</sln:powIIPWersja><sln:powIdTeryt>3018</sln:powIdTeryt><sln:powNazwa>ostrzeszowski</sln:powNazwa><sln:waznyOd>2014-11-06T00:00:00+01:00</sln:waznyOd><sln:wojIIPId>c606b01a-76c8-480d-9470-f24ca0d7a613</sln:wojIIPId><sln:wojIIPPn>PL.PZGIK.200</sln:wojIIPPn><sln:wojIIPWersja>2016-05-05T18:20:48+02:00</sln:wojIIPWersja><sln:wojIdTeryt>30</sln:wojIdTeryt><sln:wojNazwa>wielkopolskie</sln:wojNazwa></sln:miejscowosc><sln:miejscowosc><sln:cyklZyciaDo>2017-03-29T00:00:00+02:00</sln:cyklZyciaDo><sln:cyklZyciaOd>2015-10-13T00:00:00+02:00</sln:cyklZyciaOd><sln:gmIIPId>535f05b6-39dd-4493-af37-dd2ff3ca3a8e</sln:gmIIPId><sln:gmIIPPn>PL.PZGIK.200</sln:gmIIPPn><sln:gmIIPWersja>2012-09-26T22:22:48+02:00</sln:gmIIPWersja><sln:gmIdTeryt>3018022</sln:gmIdTeryt><sln:gmNazwa>Doruchów</sln:gmNazwa><sln:miejscIIPId>a8160dfd-67f6-4d03-a9fa-058715cc97b3</sln:miejscIIPId><sln:miejscIIPPn>PL.PZGIK.200</sln:miejscIIPPn><sln:miejscIIPWersja>2016-11-24T09:40:55+02:00</sln:miejscIIPWersja><sln:miejscIdTeryt>0196888</sln:miejscIdTeryt><sln:miejscNazwa>Torzeniec</sln:miejscNazwa><sln:miejscRodzaj>Wieś</sln:miejscRodzaj><sln:powIIPId>79a80ae4-6ccf-4435-bf14-8a92a75a3fe4</sln:powIIPId><sln:powIIPPn>PL.PZGIK.200</sln:powIIPPn><sln:powIIPWersja>2012-09-27T08:59:03+02:00</sln:powIIPWersja><sln:powIdTeryt>3018</sln:powIdTeryt><sln:powNazwa>ostrzeszowski</sln:powNazwa><sln:waznyOd>2014-11-06T00:00:00+01:00</sln:waznyOd><sln:wojIIPId>c606b01a-76c8-480d-9470-f24ca0d7a613</sln:wojIIPId><sln:wojIIPPn>PL.PZGIK.200</sln:wojIIPPn><sln:wojIIPWersja>2016-05-05T18:20:48+02:00</sln:wojIIPWersja><sln:wojIdTeryt>30</sln:wojIdTeryt><sln:wojNazwa>wielkopolskie</sln:wojNazwa></sln:miejscowosc><sln:miejscowosc><sln:cyklZyciaDo>2017-03-29T00:00:00+02:00</sln:cyklZyciaDo><sln:cyklZyciaOd>2015-10-13T00:00:00+02:00</sln:cyklZyciaOd><sln:gmIIPId>535f05b6-39dd-4493-af37-dd2ff3ca3a8e</sln:gmIIPId><sln:gmIIPPn>PL.PZGIK.200</sln:gmIIPPn><sln:gmIIPWersja>2012-09-26T22:22:48+02:00</sln:gmIIPWersja><sln:gmIdTeryt>3018022</sln:gmIdTeryt><sln:gmNazwa>Doruchów</sln:gmNazwa><sln:miejscIIPId>c35bd09a-cfce-40a7-966d-a5e59270010e</sln:miejscIIPId><sln:miejscIIPPn>PL.PZGIK.200</sln:miejscIIPPn><sln:miejscIIPWersja>2016-11-24T09:40:55+02:00</sln:miejscIIPWersja><sln:miejscIdTeryt>0196954</sln:miejscIdTeryt><sln:miejscNazwa>Zalesie</sln:miejscNazwa><sln:miejscRodzaj>Osada</sln:miejscRodzaj><sln:powIIPId>79a80ae4-6ccf-4435-bf14-8a92a75a3fe4</sln:powIIPId><sln:powIIPPn>PL.PZGIK.200</sln:powIIPPn><sln:powIIPWersja>2012-09-27T08:59:03+02:00</sln:powIIPWersja><sln:powIdTeryt>3018</sln:powIdTeryt><sln:powNazwa>ostrzeszowski</sln:powNazwa><sln:waznyOd>2014-11-06T00:00:00+01:00</sln:waznyOd><sln:wojIIPId>c606b01a-76c8-480d-9470-f24ca0d7a613</sln:wojIIPId><sln:wojIIPPn>PL.PZGIK.200</sln:wojIIPPn><sln:wojIIPWersja>2016-05-05T18:20:48+02:00</sln:wojIIPWersja><sln:wojIdTeryt>30</sln:wojIdTeryt><sln:wojNazwa>wielkopolskie</sln:wojNazwa></sln:miejscowosc><sln:miejscowosc><sln:cyklZyciaOd>2017-03-29T00:00:00+02:00</sln:cyklZyciaOd><sln:gmIIPId>535f05b6-39dd-4493-af37-dd2ff3ca3a8e</sln:gmIIPId><sln:gmIIPPn>PL.PZGIK.200</sln:gmIIPPn><sln:gmIIPWersja>2012-09-26T22:22:48+02:00</sln:gmIIPWersja><sln:gmIdTeryt>3018022</sln:gmIdTeryt><sln:gmNazwa>Doruchów</sln:gmNazwa><sln:miejscIIPId>22968ce6-7175-41b0-9a32-632622750241</sln:miejscIIPId><sln:miejscIIPPn>PL.PZGIK.200</sln:miejscIIPPn><sln:miejscIIPWersja>2017-03-29T15:01:02+02:00</sln:miejscIIPWersja><sln:miejscIdTeryt>0196635</sln:miejscIdTeryt><sln:miejscNazwa>Doruchów</sln:miejscNazwa><sln:miejscRodzaj>Wieś</sln:miejscRodzaj><sln:powIIPId>79a80ae4-6ccf-4435-bf14-8a92a75a3fe4</sln:powIIPId><sln:powIIPPn>PL.PZGIK.200</sln:powIIPPn><sln:powIIPWersja>2012-09-27T08:59:03+02:00</sln:powIIPWersja><sln:powIdTeryt>3018</sln:powIdTeryt><sln:powNazwa>ostrzeszowski</sln:powNazwa><sln:waznyOd>2014-11-06T00:00:00+01:00</sln:waznyOd><sln:wojIIPId>c606b01a-76c8-480d-9470-f24ca0d7a613</sln:wojIIPId><sln:wojIIPPn>PL.PZGIK.200</sln:wojIIPPn><sln:wojIIPWersja>2016-05-05T18:20:48+02:00</sln:wojIIPWersja><sln:wojIdTeryt>30</sln:wojIdTeryt><sln:wojNazwa>wielkopolskie</sln:wojNazwa></sln:miejscowosc><sln:miejscowosc><sln:cyklZyciaOd>2017-03-29T00:00:00+02:00</sln:cyklZyciaOd><sln:gmIIPId>535f05b6-39dd-4493-af37-dd2ff3ca3a8e</sln:gmIIPId><sln:gmIIPPn>PL.PZGIK.200</sln:gmIIPPn><sln:gmIIPWersja>2012-09-26T22:22:48+02:00</sln:gmIIPWersja><sln:gmIdTeryt>3018022</sln:gmIdTeryt><sln:gmNazwa>Doruchów</sln:gmNazwa><sln:miejscIIPId>1971a6f7-fd8e-40ea-9af5-1a7a91c32bb2</sln:miejscIIPId><sln:miejscIIPPn>PL.PZGIK.200</sln:miejscIIPPn><sln:miejscIIPWersja>2017-03-29T15:01:10+02:00</sln:miejscIIPWersja><sln:miejscIdTeryt>0196687</sln:miejscIdTeryt><sln:miejscNazwa>Godziętowy</sln:miejscNazwa><sln:miejscRodzaj>Wieś</sln:miejscRodzaj><sln:powIIPId>79a80ae4-6ccf-4435-bf14-8a92a75a3fe4</sln:powIIPId><sln:powIIPPn>PL.PZGIK.200</sln:powIIPPn><sln:powIIPWersja>2012-09-27T08:59:03+02:00</sln:powIIPWersja><sln:powIdTeryt>3018</sln:powIdTeryt><sln:powNazwa>ostrzeszowski</sln:powNazwa><sln:waznyOd>2014-11-06T00:00:00+01:00</sln:waznyOd><sln:wojIIPId>c606b01a-76c8-480d-9470-f24ca0d7a613</sln:wojIIPId><sln:wojIIPPn>PL.PZGIK.200</sln:wojIIPPn><sln:wojIIPWersja>2016-05-05T18:20:48+02:00</sln:wojIIPWersja><sln:wojIdTeryt>30</sln:wojIdTeryt><sln:wojNazwa>wielkopolskie</sln:wojNazwa></sln:miejscowosc><sln:miejscowosc><sln:cyklZyciaOd>2017-03-29T00:00:00+02:00</sln:cyklZyciaOd><sln:gmIIPId>535f05b6-39dd-4493-af37-dd2ff3ca3a8e</sln:gmIIPId><sln:gmIIPPn>PL.PZGIK.200</sln:gmIIPPn><sln:gmIIPWersja>2012-09-26T22:22:48+02:00</sln:gmIIPWersja><sln:gmIdTeryt>3018022</sln:gmIdTeryt><sln:gmNazwa>Doruchów</sln:gmNazwa><sln:miejscIIPId>922ac4ac-f535-4f48-8664-f292e7d38fe2</sln:miejscIIPId><sln:miejscIIPPn>PL.PZGIK.200</sln:miejscIIPPn><sln:miejscIIPWersja>2017-03-29T15:01:10+02:00</sln:miejscIIPWersja><sln:miejscIdTeryt>0196693</sln:miejscIdTeryt><sln:miejscNazwa>Pieczyska</sln:miejscNazwa><sln:miejscRodzaj>Przysiółek</sln:miejscRodzaj><sln:powIIPId>79a80ae4-6ccf-4435-bf14-8a92a75a3fe4</sln:powIIPId><sln:powIIPPn>PL.PZGIK.200</sln:powIIPPn><sln:powIIPWersja>2012-09-27T08:59:03+02:00</sln:powIIPWersja><sln:powIdTeryt>3018</sln:powIdTeryt><sln:powNazwa>ostrzeszowski</sln:powNazwa><sln:waznyOd>2014-11-06T00:00:00+01:00</sln:waznyOd><sln:wojIIPId>c606b01a-76c8-480d-9470-f24ca0d7a613</sln:wojIIPId><sln:wojIIPPn>PL.PZGIK.200</sln:wojIIPPn><sln:wojIIPWersja>2016-05-05T18:20:48+02:00</sln:wojIIPWersja><sln:wojIdTeryt>30</sln:wojIdTeryt><sln:wojNazwa>wielkopolskie</sln:wojNazwa></sln:miejscowosc><sln:miejscowosc><sln:cyklZyciaOd>2017-03-29T00:00:00+02:00</sln:cyklZyciaOd><sln:gmIIPId>535f05b6-39dd-4493-af37-dd2ff3ca3a8e</sln:gmIIPId><sln:gmIIPPn>PL.PZGIK.200</sln:gmIIPPn><sln:gmIIPWersja>2012-09-26T22:22:48+02:00</sln:gmIIPWersja><sln:gmIdTeryt>3018022</sln:gmIdTeryt><sln:gmNazwa>Doruchów</sln:gmNazwa><sln:miejscIIPId>b478f1de-0a4e-42ca-ad47-90a9b2c1890c</sln:miejscIIPId><sln:miejscIIPPn>PL.PZGIK.200</sln:miejscIIPPn><sln:miejscIIPWersja>2017-03-29T15:01:10+02:00</sln:miejscIIPWersja><sln:miejscIdTeryt>0196701</sln:miejscIdTeryt><sln:miejscNazwa>Gruszków</sln:miejscNazwa><sln:miejscRodzaj>Wieś</sln:miejscRodzaj><sln:powIIPId>79a80ae4-6ccf-4435-bf14-8a92a75a3fe4</sln:powIIPId><sln:powIIPPn>PL.PZGIK.200</sln:powIIPPn><sln:powIIPWersja>2012-09-27T08:59:03+02:00</sln:powIIPWersja><sln:powIdTeryt>3018</sln:powIdTeryt><sln:powNazwa>ostrzeszowski</sln:powNazwa><sln:waznyOd>2014-11-06T00:00:00+01:00</sln:waznyOd><sln:wojIIPId>c606b01a-76c8-480d-9470-f24ca0d7a613</sln:wojIIPId><sln:wojIIPPn>PL.PZGIK.200</sln:wojIIPPn><sln:wojIIPWersja>2016-05-05T18:20:48+02:00</sln:wojIIPWersja><sln:wojIdTeryt>30</sln:wojIdTeryt><sln:wojNazwa>wielkopolskie</sln:wojNazwa></sln:miejscowosc><sln:miejscowosc><sln:cyklZyciaOd>2017-03-29T00:00:00+02:00</sln:cyklZyciaOd><sln:gmIIPId>535f05b6-39dd-4493-af37-dd2ff3ca3a8e</sln:gmIIPId><sln:gmIIPPn>PL.PZGIK.200</sln:gmIIPPn><sln:gmIIPWersja>2012-09-26T22:22:48+02:00</sln:gmIIPWersja><sln:gmIdTeryt>3018022</sln:gmIdTeryt><sln:gmNazwa>Doruchów</sln:gmNazwa><sln:miejscIIPId>a89fd97e-ad07-4e92-92dd-848b7a5e528c</sln:miejscIIPId><sln:miejscIIPPn>PL.PZGIK.200</sln:miejscIIPPn><sln:miejscIIPWersja>2017-03-29T15:01:10+02:00</sln:miejscIIPWersja><sln:miejscIdTeryt>0196724</sln:miejscIdTeryt><sln:miejscNazwa>Plugawice</sln:miejscNazwa><sln:miejscRodzaj>Wieś</sln:miejscRodzaj><sln:powIIPId>79a80ae4-6ccf-4435-bf14-8a92a75a3fe4</sln:powIIPId><sln:powIIPPn>PL.PZGIK.200</sln:powIIPPn><sln:powIIPWersja>2012-09-27T08:59:03+02:00</sln:powIIPWersja><sln:powIdTeryt>3018</sln:powIdTeryt><sln:powNazwa>ostrzeszowski</sln:powNazwa><sln:waznyOd>2014-11-06T00:00:00+01:00</sln:waznyOd><sln:wojIIPId>c606b01a-76c8-480d-9470-f24ca0d7a613</sln:wojIIPId><sln:wojIIPPn>PL.PZGIK.200</sln:wojIIPPn><sln:wojIIPWersja>2016-05-05T18:20:48+02:00</sln:wojIIPWersja><sln:wojIdTeryt>30</sln:wojIdTeryt><sln:wojNazwa>wielkopolskie</sln:wojNazwa></sln:miejscowosc><sln:miejscowosc><sln:cyklZyciaOd>2017-03-29T00:00:00+02:00</sln:cyklZyciaOd><sln:gmIIPId>535f05b6-39dd-4493-af37-dd2ff3ca3a8e</sln:gmIIPId><sln:gmIIPPn>PL.PZGIK.200</sln:gmIIPPn><sln:gmIIPWersja>2012-09-26T22:22:48+02:00</sln:gmIIPWersja><sln:gmIdTeryt>3018022</sln:gmIdTeryt><sln:gmNazwa>Doruchów</sln:gmNazwa><sln:miejscIIPId>d1e0ba7c-21c8-4c45-b805-fba190ff6e01</sln:miejscIIPId><sln:miejscIIPPn>PL.PZGIK.200</sln:miejscIIPPn><sln:miejscIIPWersja>2017-03-29T15:01:11+02:00</sln:miejscIIPWersja><sln:miejscIdTeryt>0196730</sln:miejscIdTeryt><sln:miejscNazwa>Oświęcim</sln:miejscNazwa><sln:miejscRodzaj>Wieś</sln:miejscRodzaj><sln:powIIPId>79a80ae4-6ccf-4435-bf14-8a92a75a3fe4</sln:powIIPId><sln:powIIPPn>PL.PZGIK.200</sln:powIIPPn><sln:powIIPWersja>2012-09-27T08:59:03+02:00</sln:powIIPWersja><sln:powIdTeryt>3018</sln:powIdTeryt><sln:powNazwa>ostrzeszowski</sln:powNazwa><sln:waznyOd>2014-11-06T00:00:00+01:00</sln:waznyOd><sln:wojIIPId>c606b01a-76c8-480d-9470-f24ca0d7a613</sln:wojIIPId><sln:wojIIPPn>PL.PZGIK.200</sln:wojIIPPn><sln:wojIIPWersja>2016-05-05T18:20:48+02:00</sln:wojIIPWersja><sln:wojIdTeryt>30</sln:wojIdTeryt><sln:wojNazwa>wielkopolskie</sln:wojNazwa></sln:miejscowosc><sln:miejscowosc><sln:cyklZyciaOd>2017-03-29T00:00:00+02:00</sln:cyklZyciaOd><sln:gmIIPId>535f05b6-39dd-4493-af37-dd2ff3ca3a8e</sln:gmIIPId><sln:gmIIPPn>PL.PZGIK.200</sln:gmIIPPn><sln:gmIIPWersja>2012-09-26T22:22:48+02:00</sln:gmIIPWersja><sln:gmIdTeryt>3018022</sln:gmIdTeryt><sln:gmNazwa>Doruchów</sln:gmNazwa><sln:miejscIIPId>8a36c75d-0c8a-45f2-b56c-ca125b25a3b3</sln:miejscIIPId><sln:miejscIIPPn>PL.PZGIK.200</sln:miejscIIPPn><sln:miejscIIPWersja>2017-03-29T15:01:11+02:00</sln:miejscIIPWersja><sln:miejscIdTeryt>0196747</sln:miejscIdTeryt><sln:miejscNazwa>Tonia</sln:miejscNazwa><sln:miejscRodzaj>Wieś</sln:miejscRodzaj><sln:powIIPId>79a80ae4-6ccf-4435-bf14-8a92a75a3fe4</sln:powIIPId><sln:powIIPPn>PL.PZGIK.200</sln:powIIPPn><sln:powIIPWersja>2012-09-27T08:59:03+02:00</sln:powIIPWersja><sln:powIdTeryt>3018</sln:powIdTeryt><sln:powNazwa>ostrzeszowski</sln:powNazwa><sln:waznyOd>2014-11-06T00:00:00+01:00</sln:waznyOd><sln:wojIIPId>c606b01a-76c8-480d-9470-f24ca0d7a613</sln:wojIIPId><sln:wojIIPPn>PL.PZGIK.200</sln:wojIIPPn><sln:wojIIPWersja>2016-05-05T18:20:48+02:00</sln:wojIIPWersja><sln:wojIdTeryt>30</sln:wojIdTeryt><sln:wojNazwa>wielkopolskie</sln:wojNazwa></sln:miejscowosc><sln:miejscowosc><sln:cyklZyciaOd>2017-03-29T00:00:00+02:00</sln:cyklZyciaOd><sln:gmIIPId>535f05b6-39dd-4493-af37-dd2ff3ca3a8e</sln:gmIIPId><sln:gmIIPPn>PL.PZGIK.200</sln:gmIIPPn><sln:gmIIPWersja>2012-09-26T22:22:48+02:00</sln:gmIIPWersja><sln:gmIdTeryt>3018022</sln:gmIdTeryt><sln:gmNazwa>Doruchów</sln:gmNazwa><sln:miejscIIPId>f2327b4a-1808-40eb-ad80-1d9fe2ef769c</sln:miejscIIPId><sln:miejscIIPPn>PL.PZGIK.200</sln:miejscIIPPn><sln:miejscIIPWersja>2017-03-29T15:01:11+02:00</sln:miejscIIPWersja><sln:miejscIdTeryt>0196753</sln:miejscIdTeryt><sln:miejscNazwa>Przytocznica</sln:miejscNazwa><sln:miejscRodzaj>Wieś</sln:miejscRodzaj><sln:powIIPId>79a80ae4-6ccf-4435-bf14-8a92a75a3fe4</sln:powIIPId><sln:powIIPPn>PL.PZGIK.200</sln:powIIPPn><sln:powIIPWersja>2012-09-27T08:59:03+02:00</sln:powIIPWersja><sln:powIdTeryt>3018</sln:powIdTeryt><sln:powNazwa>ostrzeszowski</sln:powNazwa><sln:waznyOd>2014-11-06T00:00:00+01:00</sln:waznyOd><sln:wojIIPId>c606b01a-76c8-480d-9470-f24ca0d7a613</sln:wojIIPId><sln:wojIIPPn>PL.PZGIK.200</sln:wojIIPPn><sln:wojIIPWersja>2016-05-05T18:20:48+02:00</sln:wojIIPWersja><sln:wojIdTeryt>30</sln:wojIdTeryt><sln:wojNazwa>wielkopolskie</sln:wojNazwa></sln:miejscowosc><sln:miejscowosc><sln:cyklZyciaOd>2017-03-29T00:00:00+02:00</sln:cyklZyciaOd><sln:gmIIPId>535f05b6-39dd-4493-af37-dd2ff3ca3a8e</sln:gmIIPId><sln:gmIIPPn>PL.PZGIK.200</sln:gmIIPPn><sln:gmIIPWersja>2012-09-26T22:22:48+02:00</sln:gmIIPWersja><sln:gmIdTeryt>3018022</sln:gmIdTeryt><sln:gmNazwa>Doruchów</sln:gmNazwa><sln:miejscIIPId>bd1a1782-2f48-48ab-8c0f-3f0529225a1b</sln:miejscIIPId><sln:miejscIIPPn>PL.PZGIK.200</sln:miejscIIPPn><sln:miejscIIPWersja>2017-03-29T15:01:11+02:00</sln:miejscIIPWersja><sln:miejscIdTeryt>0196782</sln:miejscIdTeryt><sln:miejscNazwa>Skarydzew</sln:miejscNazwa><sln:miejscRodzaj>Wieś</sln:miejscRodzaj><sln:powIIPId>79a80ae4-6ccf-4435-bf14-8a92a75a3fe4</sln:powIIPId><sln:powIIPPn>PL.PZGIK.200</sln:powIIPPn><sln:powIIPWersja>2012-09-27T08:59:03+02:00</sln:powIIPWersja><sln:powIdTeryt>3018</sln:powIdTeryt><sln:powNazwa>ostrzeszowski</sln:powNazwa><sln:waznyOd>2014-11-06T00:00:00+01:00</sln:waznyOd><sln:wojIIPId>c606b01a-76c8-480d-9470-f24ca0d7a613</sln:wojIIPId><sln:wojIIPPn>PL.PZGIK.200</sln:wojIIPPn><sln:wojIIPWersja>2016-05-05T18:20:48+02:00</sln:wojIIPWersja><sln:wojIdTeryt>30</sln:wojIdTeryt><sln:wojNazwa>wielkopolskie</sln:wojNazwa></sln:miejscowosc><sln:miejscowosc><sln:cyklZyciaOd>2017-03-29T00:00:00+02:00</sln:cyklZyciaOd><sln:gmIIPId>535f05b6-39dd-4493-af37-dd2ff3ca3a8e</sln:gmIIPId><sln:gmIIPPn>PL.PZGIK.200</sln:gmIIPPn><sln:gmIIPWersja>2012-09-26T22:22:48+02:00</sln:gmIIPWersja><sln:gmIdTeryt>3018022</sln:gmIdTeryt><sln:gmNazwa>Doruchów</sln:gmNazwa><sln:miejscIIPId>e461fe7c-995a-4af5-aa55-9d8845f0af71</sln:miejscIIPId><sln:miejscIIPPn>PL.PZGIK.200</sln:miejscIIPPn><sln:miejscIIPWersja>2017-03-29T15:01:11+02:00</sln:miejscIIPWersja><sln:miejscIdTeryt>0196799</sln:miejscIdTeryt><sln:miejscNazwa>Mieleszówka</sln:miejscNazwa><sln:miejscRodzaj>Wieś</sln:miejscRodzaj><sln:powIIPId>79a80ae4-6ccf-4435-bf14-8a92a75a3fe4</sln:powIIPId><sln:powIIPPn>PL.PZGIK.200</sln:powIIPPn><sln:powIIPWersja>2012-09-27T08:59:03+02:00</sln:powIIPWersja><sln:powIdTeryt>3018</sln:powIdTeryt><sln:powNazwa>ostrzeszowski</sln:powNazwa><sln:waznyOd>2014-11-06T00:00:00+01:00</sln:waznyOd><sln:wojIIPId>c606b01a-76c8-480d-9470-f24ca0d7a613</sln:wojIIPId><sln:wojIIPPn>PL.PZGIK.200</sln:wojIIPPn><sln:wojIIPWersja>2016-05-05T18:20:48+02:00</sln:wojIIPWersja><sln:wojIdTeryt>30</sln:wojIdTeryt><sln:wojNazwa>wielkopolskie</sln:wojNazwa></sln:miejscowosc><sln:miejscowosc><sln:cyklZyciaOd>2017-03-29T00:00:00+02:00</sln:cyklZyciaOd><sln:gmIIPId>535f05b6-39dd-4493-af37-dd2ff3ca3a8e</sln:gmIIPId><sln:gmIIPPn>PL.PZGIK.200</sln:gmIIPPn><sln:gmIIPWersja>2012-09-26T22:22:48+02:00</sln:gmIIPWersja><sln:gmIdTeryt>3018022</sln:gmIdTeryt><sln:gmNazwa>Doruchów</sln:gmNazwa><sln:miejscIIPId>8db6ce62-08e2-43ba-aba1-2c7f9418ff4b</sln:miejscIIPId><sln:miejscIIPPn>PL.PZGIK.200</sln:miejscIIPPn><sln:miejscIIPWersja>2017-03-29T15:01:11+02:00</sln:miejscIIPWersja><sln:miejscIdTeryt>0196807</sln:miejscIdTeryt><sln:miejscNazwa>Morawin</sln:miejscNazwa><sln:miejscRodzaj>Wieś</sln:miejscRodzaj><sln:powIIPId>79a80ae4-6ccf-4435-bf14-8a92a75a3fe4</sln:powIIPId><sln:powIIPPn>PL.PZGIK.200</sln:powIIPPn><sln:powIIPWersja>2012-09-27T08:59:03+02:00</sln:powIIPWersja><sln:powIdTeryt>3018</sln:powIdTeryt><sln:powNazwa>ostrzeszowski</sln:powNazwa><sln:waznyOd>2014-11-06T00:00:00+01:00</sln:waznyOd><sln:wojIIPId>c606b01a-76c8-480d-9470-f24ca0d7a613</sln:wojIIPId><sln:wojIIPPn>PL.PZGIK.200</sln:wojIIPPn><sln:wojIIPWersja>2016-05-05T18:20:48+02:00</sln:wojIIPWersja><sln:wojIdTeryt>30</sln:wojIdTeryt><sln:wojNazwa>wielkopolskie</sln:wojNazwa></sln:miejscowosc><sln:miejscowosc><sln:cyklZyciaOd>2017-03-29T00:00:00+02:00</sln:cyklZyciaOd><sln:gmIIPId>535f05b6-39dd-4493-af37-dd2ff3ca3a8e</sln:gmIIPId><sln:gmIIPPn>PL.PZGIK.200</sln:gmIIPPn><sln:gmIIPWersja>2012-09-26T22:22:48+02:00</sln:gmIIPWersja><sln:gmIdTeryt>3018022</sln:gmIdTeryt><sln:gmNazwa>Doruchów</sln:gmNazwa><sln:miejscIIPId>44dd2476-9a36-4e27-b558-64e6b33becd8</sln:miejscIIPId><sln:miejscIIPPn>PL.PZGIK.200</sln:miejscIIPPn><sln:miejscIIPWersja>2017-03-29T15:01:11+02:00</sln:miejscIIPWersja><sln:miejscIdTeryt>0196813</sln:miejscIdTeryt><sln:miejscNazwa>Wygoda Plugawska</sln:miejscNazwa><sln:miejscRodzaj>Wieś</sln:miejscRodzaj><sln:powIIPId>79a80ae4-6ccf-4435-bf14-8a92a75a3fe4</sln:powIIPId><sln:powIIPPn>PL.PZGIK.200</sln:powIIPPn><sln:powIIPWersja>2012-09-27T08:59:03+02:00</sln:powIIPWersja><sln:powIdTeryt>3018</sln:powIdTeryt><sln:powNazwa>ostrzeszowski</sln:powNazwa><sln:waznyOd>2014-11-06T00:00:00+01:00</sln:waznyOd><sln:wojIIPId>c606b01a-76c8-480d-9470-f24ca0d7a613</sln:wojIIPId><sln:wojIIPPn>PL.PZGIK.200</sln:wojIIPPn><sln:wojIIPWersja>2016-05-05T18:20:48+02:00</sln:wojIIPWersja><sln:wojIdTeryt>30</sln:wojIdTeryt><sln:wojNazwa>wielkopolskie</sln:wojNazwa></sln:miejscowosc><sln:miejscowosc><sln:cyklZyciaOd>2017-03-29T00:00:00+02:00</sln:cyklZyciaOd><sln:gmIIPId>535f05b6-39dd-4493-af37-dd2ff3ca3a8e</sln:gmIIPId><sln:gmIIPPn>PL.PZGIK.200</sln:gmIIPPn><sln:gmIIPWersja>2012-09-26T22:22:48+02:00</sln:gmIIPWersja><sln:gmIdTeryt>3018022</sln:gmIdTeryt><sln:gmNazwa>Doruchów</sln:gmNazwa><sln:miejscIIPId>0576d44d-9b96-4497-85d6-a152352fc7a6</sln:miejscIIPId><sln:miejscIIPPn>PL.PZGIK.200</sln:miejscIIPPn><sln:miejscIIPWersja>2017-03-29T15:01:11+02:00</sln:miejscIIPWersja><sln:miejscIdTeryt>0196820</sln:miejscIdTeryt><sln:miejscNazwa>Tokarzew</sln:miejscNazwa><sln:miejscRodzaj>Wieś</sln:miejscRodzaj><sln:powIIPId>79a80ae4-6ccf-4435-bf14-8a92a75a3fe4</sln:powIIPId><sln:powIIPPn>PL.PZGIK.200</sln:powIIPPn><sln:powIIPWersja>2012-09-27T08:59:03+02:00</sln:powIIPWersja><sln:powIdTeryt>3018</sln:powIdTeryt><sln:powNazwa>ostrzeszowski</sln:powNazwa><sln:waznyOd>2014-11-06T00:00:00+01:00</sln:waznyOd><sln:wojIIPId>c606b01a-76c8-480d-9470-f24ca0d7a613</sln:wojIIPId><sln:wojIIPPn>PL.PZGIK.200</sln:wojIIPPn><sln:wojIIPWersja>2016-05-05T18:20:48+02:00</sln:wojIIPWersja><sln:wojIdTeryt>30</sln:wojIdTeryt><sln:wojNazwa>wielkopolskie</sln:wojNazwa></sln:miejscowosc><sln:miejscowosc><sln:cyklZyciaOd>2017-03-29T00:00:00+02:00</sln:cyklZyciaOd><sln:gmIIPId>535f05b6-39dd-4493-af37-dd2ff3ca3a8e</sln:gmIIPId><sln:gmIIPPn>PL.PZGIK.200</sln:gmIIPPn><sln:gmIIPWersja>2012-09-26T22:22:48+02:00</sln:gmIIPWersja><sln:gmIdTeryt>3018022</sln:gmIdTeryt><sln:gmNazwa>Doruchów</sln:gmNazwa><sln:miejscIIPId>28bc9432-673c-4853-a9a9-7afa8d8c9c60</sln:miejscIIPId><sln:miejscIIPPn>PL.PZGIK.200</sln:miejscIIPPn><sln:miejscIIPWersja>2017-03-29T15:01:11+02:00</sln:miejscIIPWersja><sln:miejscIdTeryt>0196871</sln:miejscIdTeryt><sln:miejscNazwa>Wygoda Tokarska</sln:miejscNazwa><sln:miejscRodzaj>Wieś</sln:miejscRodzaj><sln:powIIPId>79a80ae4-6ccf-4435-bf14-8a92a75a3fe4</sln:powIIPId><sln:powIIPPn>PL.PZGIK.200</sln:powIIPPn><sln:powIIPWersja>2012-09-27T08:59:03+02:00</sln:powIIPWersja><sln:powIdTeryt>3018</sln:powIdTeryt><sln:powNazwa>ostrzeszowski</sln:powNazwa><sln:waznyOd>2014-11-06T00:00:00+01:00</sln:waznyOd><sln:wojIIPId>c606b01a-76c8-480d-9470-f24ca0d7a613</sln:wojIIPId><sln:wojIIPPn>PL.PZGIK.200</sln:wojIIPPn><sln:wojIIPWersja>2016-05-05T18:20:48+02:00</sln:wojIIPWersja><sln:wojIdTeryt>30</sln:wojIdTeryt><sln:wojNazwa>wielkopolskie</sln:wojNazwa></sln:miejscowosc><sln:miejscowosc><sln:cyklZyciaOd>2017-03-29T00:00:00+02:00</sln:cyklZyciaOd><sln:gmIIPId>535f05b6-39dd-4493-af37-dd2ff3ca3a8e</sln:gmIIPId><sln:gmIIPPn>PL.PZGIK.200</sln:gmIIPPn><sln:gmIIPWersja>2012-09-26T22:22:48+02:00</sln:gmIIPWersja><sln:gmIdTeryt>3018022</sln:gmIdTeryt><sln:gmNazwa>Doruchów</sln:gmNazwa><sln:miejscIIPId>a8160dfd-67f6-4d03-a9fa-058715cc97b3</sln:miejscIIPId><sln:miejscIIPPn>PL.PZGIK.200</sln:miejscIIPPn><sln:miejscIIPWersja>2017-03-29T15:01:11+02:00</sln:miejscIIPWersja><sln:miejscIdTeryt>0196888</sln:miejscIdTeryt><sln:miejscNazwa>Torzeniec</sln:miejscNazwa><sln:miejscRodzaj>Wieś</sln:miejscRodzaj><sln:powIIPId>79a80ae4-6ccf-4435-bf14-8a92a75a3fe4</sln:powIIPId><sln:powIIPPn>PL.PZGIK.200</sln:powIIPPn><sln:powIIPWersja>2012-09-27T08:59:03+02:00</sln:powIIPWersja><sln:powIdTeryt>3018</sln:powIdTeryt><sln:powNazwa>ostrzeszowski</sln:powNazwa><sln:waznyOd>2014-11-06T00:00:00+01:00</sln:waznyOd><sln:wojIIPId>c606b01a-76c8-480d-9470-f24ca0d7a613</sln:wojIIPId><sln:wojIIPPn>PL.PZGIK.200</sln:wojIIPPn><sln:wojIIPWersja>2016-05-05T18:20:48+02:00</sln:wojIIPWersja><sln:wojIdTeryt>30</sln:wojIdTeryt><sln:wojNazwa>wielkopolskie</sln:wojNazwa></sln:miejscowosc><sln:miejscowosc><sln:cyklZyciaOd>2017-03-29T00:00:00+02:00</sln:cyklZyciaOd><sln:gmIIPId>535f05b6-39dd-4493-af37-dd2ff3ca3a8e</sln:gmIIPId><sln:gmIIPPn>PL.PZGIK.200</sln:gmIIPPn><sln:gmIIPWersja>2012-09-26T22:22:48+02:00</sln:gmIIPWersja><sln:gmIdTeryt>3018022</sln:gmIdTeryt><sln:gmNazwa>Doruchów</sln:gmNazwa><sln:miejscIIPId>cdb8bd33-299b-4024-b738-79d196446804</sln:miejscIIPId><sln:miejscIIPPn>PL.PZGIK.200</sln:miejscIIPPn><sln:miejscIIPWersja>2017-03-29T15:01:12+02:00</sln:miejscIIPWersja><sln:miejscIdTeryt>0196931</sln:miejscIdTeryt><sln:miejscNazwa>Rudniczysko</sln:miejscNazwa><sln:miejscRodzaj>Wieś</sln:miejscRodzaj><sln:powIIPId>79a80ae4-6ccf-4435-bf14-8a92a75a3fe4</sln:powIIPId><sln:powIIPPn>PL.PZGIK.200</sln:powIIPPn><sln:powIIPWersja>2012-09-27T08:59:03+02:00</sln:powIIPWersja><sln:powIdTeryt>3018</sln:powIdTeryt><sln:powNazwa>ostrzeszowski</sln:powNazwa><sln:waznyOd>2014-11-06T00:00:00+01:00</sln:waznyOd><sln:wojIIPId>c606b01a-76c8-480d-9470-f24ca0d7a613</sln:wojIIPId><sln:wojIIPPn>PL.PZGIK.200</sln:wojIIPPn><sln:wojIIPWersja>2016-05-05T18:20:48+02:00</sln:wojIIPWersja><sln:wojIdTeryt>30</sln:wojIdTeryt><sln:wojNazwa>wielkopolskie</sln:wojNazwa></sln:miejscowosc><sln:miejscowosc><sln:cyklZyciaOd>2017-03-29T00:00:00+02:00</sln:cyklZyciaOd><sln:gmIIPId>535f05b6-39dd-4493-af37-dd2ff3ca3a8e</sln:gmIIPId><sln:gmIIPPn>PL.PZGIK.200</sln:gmIIPPn><sln:gmIIPWersja>2012-09-26T22:22:48+02:00</sln:gmIIPWersja><sln:gmIdTeryt>3018022</sln:gmIdTeryt><sln:gmNazwa>Doruchów</sln:gmNazwa><sln:miejscIIPId>c35bd09a-cfce-40a7-966d-a5e59270010e</sln:miejscIIPId><sln:miejscIIPPn>PL.PZGIK.200</sln:miejscIIPPn><sln:miejscIIPWersja>2017-03-29T15:01:12+02:00</sln:miejscIIPWersja><sln:miejscIdTeryt>0196954</sln:miejscIdTeryt><sln:miejscNazwa>Zalesie</sln:miejscNazwa><sln:miejscRodzaj>Osada</sln:miejscRodzaj><sln:powIIPId>79a80ae4-6ccf-4435-bf14-8a92a75a3fe4</sln:powIIPId><sln:powIIPPn>PL.PZGIK.200</sln:powIIPPn><sln:powIIPWersja>2012-09-27T08:59:03+02:00</sln:powIIPWersja><sln:powIdTeryt>3018</sln:powIdTeryt><sln:powNazwa>ostrzeszowski</sln:powNazwa><sln:waznyOd>2014-11-06T00:00:00+01:00</sln:waznyOd><sln:wojIIPId>c606b01a-76c8-480d-9470-f24ca0d7a613</sln:wojIIPId><sln:wojIIPPn>PL.PZGIK.200</sln:wojIIPPn><sln:wojIIPWersja>2016-05-05T18:20:48+02:00</sln:wojIIPWersja><sln:wojIdTeryt>30</sln:wojIdTeryt><sln:wojNazwa>wielkopolskie</sln:wojNazwa></sln:miejscowosc><sln:miejscowosc><sln:cyklZyciaOd>2017-03-29T00:00:00+02:00</sln:cyklZyciaOd><sln:gmIIPId>535f05b6-39dd-4493-af37-dd2ff3ca3a8e</sln:gmIIPId><sln:gmIIPPn>PL.PZGIK.200</sln:gmIIPPn><sln:gmIIPWersja>2012-09-26T22:22:48+02:00</sln:gmIIPWersja><sln:gmIdTeryt>3018022</sln:gmIdTeryt><sln:gmNazwa>Doruchów</sln:gmNazwa><sln:miejscIIPId>d677c555-1a21-479f-ab8f-9b9ba8468fd4</sln:miejscIIPId><sln:miejscIIPPn>PL.PZGIK.200</sln:miejscIIPPn><sln:miejscIIPWersja>2017-03-29T15:01:12+02:00</sln:miejscIIPWersja><sln:miejscIdTeryt>0196960</sln:miejscIdTeryt><sln:miejscNazwa>Stara Kuźnica</sln:miejscNazwa><sln:miejscRodzaj>Wieś</sln:miejscRodzaj><sln:powIIPId>79a80ae4-6ccf-4435-bf14-8a92a75a3fe4</sln:powIIPId><sln:powIIPPn>PL.PZGIK.200</sln:powIIPPn><sln:powIIPWersja>2012-09-27T08:59:03+02:00</sln:powIIPWersja><sln:powIdTeryt>3018</sln:powIdTeryt><sln:powNazwa>ostrzeszowski</sln:powNazwa><sln:waznyOd>2014-11-06T00:00:00+01:00</sln:waznyOd><sln:wojIIPId>c606b01a-76c8-480d-9470-f24ca0d7a613</sln:wojIIPId><sln:wojIIPPn>PL.PZGIK.200</sln:wojIIPPn><sln:wojIIPWersja>2016-05-05T18:20:48+02:00</sln:wojIIPWersja><sln:wojIdTeryt>30</sln:wojIdTeryt><sln:wojNazwa>wielkopolskie</sln:wojNazwa></sln:miejscowosc><sln:miejscowosc><sln:cyklZyciaOd>2017-03-29T00:00:00+02:00</sln:cyklZyciaOd><sln:gmIIPId>535f05b6-39dd-4493-af37-dd2ff3ca3a8e</sln:gmIIPId><sln:gmIIPPn>PL.PZGIK.200</sln:gmIIPPn><sln:gmIIPWersja>2012-09-26T22:22:48+02:00</sln:gmIIPWersja><sln:gmIdTeryt>3018022</sln:gmIdTeryt><sln:gmNazwa>Doruchów</sln:gmNazwa><sln:miejscIIPId>84a1d65a-0617-46d1-818c-8b51fa633649</sln:miejscIIPId><sln:miejscIIPPn>PL.PZGIK.200</sln:miejscIIPPn><sln:miejscIIPWersja>2017-03-29T15:01:12+02:00</sln:miejscIIPWersja><sln:miejscIdTeryt>0196990</sln:miejscIdTeryt><sln:miejscNazwa>Wrzosy</sln:miejscNazwa><sln:miejscRodzaj>Osada</sln:miejscRodzaj><sln:powIIPId>79a80ae4-6ccf-4435-bf14-8a92a75a3fe4</sln:powIIPId><sln:powIIPPn>PL.PZGIK.200</sln:powIIPPn><sln:powIIPWersja>2012-09-27T08:59:03+02:00</sln:powIIPWersja><sln:powIdTeryt>3018</sln:powIdTeryt><sln:powNazwa>ostrzeszowski</sln:powNazwa><sln:waznyOd>2014-11-06T00:00:00+01:00</sln:waznyOd><sln:wojIIPId>c606b01a-76c8-480d-9470-f24ca0d7a613</sln:wojIIPId><sln:wojIIPPn>PL.PZGIK.200</sln:wojIIPPn><sln:wojIIPWersja>2016-05-05T18:20:48+02:00</sln:wojIIPWersja><sln:wojIdTeryt>30</sln:wojIdTeryt><sln:wojNazwa>wielkopolskie</sln:wojNazwa></sln:miejscowosc></sln:lista-miejscowosci>