<?xml version="1.0" encoding="UTF-8" standalone="yes"?><sln:lista-miejscowosci xmlns:srv="http://gugik.gov.pl/schemas/slowniki-service/1.0" xmlns:sln="http://gugik.gov.pl/schemas/slowniki-schema/1.0"><sln:miejscowosc><sln:cyklZyciaOd>2014-10-13T00:00:00+02:00</sln:cyklZyciaOd><sln:gmIIPId>37ef82ef-fc94-4cb4-ab03-994299333a4a</sln:gmIIPId><sln:gmIIPPn>PL.PZGIK.200</sln:gmIIPPn><sln:gmIIPWersja>2012-09-26T22:24:38+02:00</sln:gmIIPWersja><sln:gmIdTeryt>3007052</sln:gmIdTeryt><sln:gmNazwa>Koźminek</sln:gmNazwa><sln:miejscIIPId>44caf2ec-7ccf-4a51-8cc3-69b6a913acaf</sln:miejscIIPId><sln:miejscIIPPn>PL.PZGIK.200</sln:miejscIIPPn><sln:miejscIIPWersja>2016-11-24T13:42:29+02:00</sln:miejscIIPWersja><sln:miejscIdTeryt>0201218</sln:miejscIdTeryt><sln:miejscNazwa>Młynisko</sln:miejscNazwa><sln:miejscRodzaj>Wieś</sln:miejscRodzaj><sln:powIIPId>a84ca93c-4ad8-494d-95a7-8b1a8c4d4517</sln:powIIPId><sln:powIIPPn>PL.PZGIK.200</sln:powIIPPn><sln:powIIPWersja>2012-09-27T08:59:03+02:00</sln:powIIPWersja><sln:powIdTeryt>3007</sln:powIdTeryt><sln:powNazwa>kaliski</sln:powNazwa><sln:wojIIPId>c606b01a-76c8-480d-9470-f24ca0d7a613</sln:wojIIPId><sln:wojIIPPn>PL.PZGIK.200</sln:wojIIPPn><sln:wojIIPWersja>2016-05-05T18:20:48+02:00</sln:wojIIPWersja><sln:wojIdTeryt>30</sln:wojIdTeryt><sln:wojNazwa>wielkopolskie</sln:wojNazwa></sln:miejscowosc><sln:miejscowosc><sln:cyklZyciaOd>2014-10-13T00:00:00+02:00</sln:cyklZyciaOd><sln:gmIIPId>37ef82ef-fc94-4cb4-ab03-994299333a4a</sln:gmIIPId><sln:gmIIPPn>PL.PZGIK.200</sln:gmIIPPn><sln:gmIIPWersja>2012-09-26T22:24:38+02:00</sln:gmIIPWersja><sln:gmIdTeryt>3007052</sln:gmIdTeryt><sln:gmNazwa>Koźminek</sln:gmNazwa><sln:miejscIIPId>5c3ef4a5-ca04-4be2-bd52-3eaff14db450</sln:miejscIIPId><sln:miejscIIPPn>PL.PZGIK.200</sln:miejscIIPPn><sln:miejscIIPWersja>2016-11-24T13:32:40+02:00</sln:miejscIIPWersja><sln:miejscIdTeryt>0201075</sln:miejscIdTeryt><sln:miejscNazwa>Tymianek</sln:miejscNazwa><sln:miejscRodzaj>Wieś</sln:miejscRodzaj><sln:powIIPId>a84ca93c-4ad8-494d-95a7-8b1a8c4d4517</sln:powIIPId><sln:powIIPPn>PL.PZGIK.200</sln:powIIPPn><sln:powIIPWersja>2012-09-27T08:59:03+02:00</sln:powIIPWersja><sln:powIdTeryt>3007</sln:powIdTeryt><sln:powNazwa>kaliski</sln:powNazwa><sln:wojIIPId>c606b01a-76c8-480d-9470-f24ca0d7a613</sln:wojIIPId><sln:wojIIPPn>PL.PZGIK.200</sln:wojIIPPn><sln:wojIIPWersja>2016-05-05T18:20:48+02:00</sln:wojIIPWersja><sln:wojIdTeryt>30</sln:wojIdTeryt><sln:wojNazwa>wielkopolskie</sln:wojNazwa></sln:miejscowosc><sln:miejscowosc><sln:cyklZyciaOd>2014-10-13T00:00:00+02:00</sln:cyklZyciaOd><sln:gmIIPId>37ef82ef-fc94-4cb4-ab03-994299333a4a</sln:gmIIPId><sln:gmIIPPn>PL.PZGIK.200</sln:gmIIPPn><sln:gmIIPWersja>2012-09-26T22:24:38+02:00</sln:gmIIPWersja><sln:gmIdTeryt>3007052</sln:gmIdTeryt><sln:gmNazwa>Koźminek</sln:gmNazwa><sln:miejscIIPId>4d270993-c035-4be5-aba7-81013611eabb</sln:miejscIIPId><sln:miejscIIPPn>PL.PZGIK.200</sln:miejscIIPPn><sln:miejscIIPWersja>2016-11-24T13:40:08+02:00</sln:miejscIIPWersja><sln:miejscIdTeryt>0201141</sln:miejscIdTeryt><sln:miejscNazwa>Koźminek</sln:miejscNazwa><sln:miejscRodzaj>Wieś</sln:miejscRodzaj><sln:powIIPId>a84ca93c-4ad8-494d-95a7-8b1a8c4d4517</sln:powIIPId><sln:powIIPPn>PL.PZGIK.200</sln:powIIPPn><sln:powIIPWersja>2012-09-27T08:59:03+02:00</sln:powIIPWersja><sln:powIdTeryt>3007</sln:powIdTeryt><sln:powNazwa>kaliski</sln:powNazwa><sln:wojIIPId>c606b01a-76c8-480d-9470-f24ca0d7a613</sln:wojIIPId><sln:wojIIPPn>PL.PZGIK.200</sln:wojIIPPn><sln:wojIIPWersja>2016-05-05T18:20:48+02:00</sln:wojIIPWersja><sln:wojIdTeryt>30</sln:wojIdTeryt><sln:wojNazwa>wielkopolskie</sln:wojNazwa></sln:miejscowosc><sln:miejscowosc><sln:cyklZyciaOd>2014-10-13T00:00:00+02:00</sln:cyklZyciaOd><sln:gmIIPId>37ef82ef-fc94-4cb4-ab03-994299333a4a</sln:gmIIPId><sln:gmIIPPn>PL.PZGIK.200</sln:gmIIPPn><sln:gmIIPWersja>2012-09-26T22:24:38+02:00</sln:gmIIPWersja><sln:gmIdTeryt>3007052</sln:gmIdTeryt><sln:gmNazwa>Koźminek</sln:gmNazwa><sln:miejscIIPId>118b6688-9a64-436d-b5ee-0865b85e597e</sln:miejscIIPId><sln:miejscIIPPn>PL.PZGIK.200</sln:miejscIIPPn><sln:miejscIIPWersja>2016-11-24T13:43:36+02:00</sln:miejscIIPWersja><sln:miejscIdTeryt>0201253</sln:miejscIdTeryt><sln:miejscNazwa>Nowy Nakwasin</sln:miejscNazwa><sln:miejscRodzaj>Wieś</sln:miejscRodzaj><sln:powIIPId>a84ca93c-4ad8-494d-95a7-8b1a8c4d4517</sln:powIIPId><sln:powIIPPn>PL.PZGIK.200</sln:powIIPPn><sln:powIIPWersja>2012-09-27T08:59:03+02:00</sln:powIIPWersja><sln:powIdTeryt>3007</sln:powIdTeryt><sln:powNazwa>kaliski</sln:powNazwa><sln:wojIIPId>c606b01a-76c8-480d-9470-f24ca0d7a613</sln:wojIIPId><sln:wojIIPPn>PL.PZGIK.200</sln:wojIIPPn><sln:wojIIPWersja>2016-05-05T18:20:48+02:00</sln:wojIIPWersja><sln:wojIdTeryt>30</sln:wojIdTeryt><sln:wojNazwa>wielkopolskie</sln:wojNazwa></sln:miejscowosc><sln:miejscowosc><sln:cyklZyciaOd>2014-10-13T00:00:00+02:00</sln:cyklZyciaOd><sln:gmIIPId>37ef82ef-fc94-4cb4-ab03-994299333a4a</sln:gmIIPId><sln:gmIIPPn>PL.PZGIK.200</sln:gmIIPPn><sln:gmIIPWersja>2012-09-26T22:24:38+02:00</sln:gmIIPWersja><sln:gmIdTeryt>3007052</sln:gmIdTeryt><sln:gmNazwa>Koźminek</sln:gmNazwa><sln:miejscIIPId>1c9722c8-4bf9-4f7d-98d8-23c2c3d455e4</sln:miejscIIPId><sln:miejscIIPPn>PL.PZGIK.200</sln:miejscIIPPn><sln:miejscIIPWersja>2016-11-24T13:40:31+02:00</sln:miejscIIPWersja><sln:miejscIdTeryt>0201187</sln:miejscIdTeryt><sln:miejscNazwa>Ksawerów</sln:miejscNazwa><sln:miejscRodzaj>Wieś</sln:miejscRodzaj><sln:powIIPId>a84ca93c-4ad8-494d-95a7-8b1a8c4d4517</sln:powIIPId><sln:powIIPPn>PL.PZGIK.200</sln:powIIPPn><sln:powIIPWersja>2012-09-27T08:59:03+02:00</sln:powIIPWersja><sln:powIdTeryt>3007</sln:powIdTeryt><sln:powNazwa>kaliski</sln:powNazwa><sln:wojIIPId>c606b01a-76c8-480d-9470-f24ca0d7a613</sln:wojIIPId><sln:wojIIPPn>PL.PZGIK.200</sln:wojIIPPn><sln:wojIIPWersja>2016-05-05T18:20:48+02:00</sln:wojIIPWersja><sln:wojIdTeryt>30</sln:wojIdTeryt><sln:wojNazwa>wielkopolskie</sln:wojNazwa></sln:miejscowosc><sln:miejscowosc><sln:cyklZyciaOd>2014-10-13T00:00:00+02:00</sln:cyklZyciaOd><sln:gmIIPId>37ef82ef-fc94-4cb4-ab03-994299333a4a</sln:gmIIPId><sln:gmIIPPn>PL.PZGIK.200</sln:gmIIPPn><sln:gmIIPWersja>2012-09-26T22:24:38+02:00</sln:gmIIPWersja><sln:gmIdTeryt>3007052</sln:gmIdTeryt><sln:gmNazwa>Koźminek</sln:gmNazwa><sln:miejscIIPId>afa6c782-ce89-4d1e-b870-2d679f6fd2fd</sln:miejscIIPId><sln:miejscIIPPn>PL.PZGIK.200</sln:miejscIIPPn><sln:miejscIIPWersja>2016-11-24T13:56:24+02:00</sln:miejscIIPWersja><sln:miejscIdTeryt>0201193</sln:miejscIdTeryt><sln:miejscNazwa>Agnieszków</sln:miejscNazwa><sln:miejscRodzaj>Inny obiekt</sln:miejscRodzaj><sln:powIIPId>a84ca93c-4ad8-494d-95a7-8b1a8c4d4517</sln:powIIPId><sln:powIIPPn>PL.PZGIK.200</sln:powIIPPn><sln:powIIPWersja>2012-09-27T08:59:03+02:00</sln:powIIPWersja><sln:powIdTeryt>3007</sln:powIdTeryt><sln:powNazwa>kaliski</sln:powNazwa><sln:wojIIPId>c606b01a-76c8-480d-9470-f24ca0d7a613</sln:wojIIPId><sln:wojIIPPn>PL.PZGIK.200</sln:wojIIPPn><sln:wojIIPWersja>2016-05-05T18:20:48+02:00</sln:wojIIPWersja><sln:wojIdTeryt>30</sln:wojIdTeryt><sln:wojNazwa>wielkopolskie</sln:wojNazwa></sln:miejscowosc><sln:miejscowosc><sln:cyklZyciaOd>2014-10-13T00:00:00+02:00</sln:cyklZyciaOd><sln:gmIIPId>37ef82ef-fc94-4cb4-ab03-994299333a4a</sln:gmIIPId><sln:gmIIPPn>PL.PZGIK.200</sln:gmIIPPn><sln:gmIIPWersja>2012-09-26T22:24:38+02:00</sln:gmIIPWersja><sln:gmIdTeryt>3007052</sln:gmIdTeryt><sln:gmNazwa>Koźminek</sln:gmNazwa><sln:miejscIIPId>b41666cb-9724-45c8-9e4e-6f9680c2e22b</sln:miejscIIPId><sln:miejscIIPPn>PL.PZGIK.200</sln:miejscIIPPn><sln:miejscIIPWersja>2016-11-24T13:52:32+02:00</sln:miejscIIPWersja><sln:miejscIdTeryt>0201017</sln:miejscIdTeryt><sln:miejscNazwa>Dębsko-Dosinek</sln:miejscNazwa><sln:miejscRodzaj>Inny obiekt</sln:miejscRodzaj><sln:powIIPId>a84ca93c-4ad8-494d-95a7-8b1a8c4d4517</sln:powIIPId><sln:powIIPPn>PL.PZGIK.200</sln:powIIPPn><sln:powIIPWersja>2012-09-27T08:59:03+02:00</sln:powIIPWersja><sln:powIdTeryt>3007</sln:powIdTeryt><sln:powNazwa>kaliski</sln:powNazwa><sln:wojIIPId>c606b01a-76c8-480d-9470-f24ca0d7a613</sln:wojIIPId><sln:wojIIPPn>PL.PZGIK.200</sln:wojIIPPn><sln:wojIIPWersja>2016-05-05T18:20:48+02:00</sln:wojIIPWersja><sln:wojIdTeryt>30</sln:wojIdTeryt><sln:wojNazwa>wielkopolskie</sln:wojNazwa></sln:miejscowosc><sln:miejscowosc><sln:cyklZyciaOd>2014-10-13T00:00:00+02:00</sln:cyklZyciaOd><sln:gmIIPId>37ef82ef-fc94-4cb4-ab03-994299333a4a</sln:gmIIPId><sln:gmIIPPn>PL.PZGIK.200</sln:gmIIPPn><sln:gmIIPWersja>2012-09-26T22:24:38+02:00</sln:gmIIPWersja><sln:gmIdTeryt>3007052</sln:gmIdTeryt><sln:gmNazwa>Koźminek</sln:gmNazwa><sln:miejscIIPId>ffe7fca4-5567-4e2c-bfb9-a03e266c6fc0</sln:miejscIIPId><sln:miejscIIPPn>PL.PZGIK.200</sln:miejscIIPPn><sln:miejscIIPWersja>2016-11-24T13:52:32+02:00</sln:miejscIIPWersja><sln:miejscIdTeryt>0201030</sln:miejscIdTeryt><sln:miejscNazwa>Dębsko-Ośrodek</sln:miejscNazwa><sln:miejscRodzaj>Inny obiekt</sln:miejscRodzaj><sln:powIIPId>a84ca93c-4ad8-494d-95a7-8b1a8c4d4517</sln:powIIPId><sln:powIIPPn>PL.PZGIK.200</sln:powIIPPn><sln:powIIPWersja>2012-09-27T08:59:03+02:00</sln:powIIPWersja><sln:powIdTeryt>3007</sln:powIdTeryt><sln:powNazwa>kaliski</sln:powNazwa><sln:wojIIPId>c606b01a-76c8-480d-9470-f24ca0d7a613</sln:wojIIPId><sln:wojIIPPn>PL.PZGIK.200</sln:wojIIPPn><sln:wojIIPWersja>2016-05-05T18:20:48+02:00</sln:wojIIPWersja><sln:wojIdTeryt>30</sln:wojIdTeryt><sln:wojNazwa>wielkopolskie</sln:wojNazwa></sln:miejscowosc><sln:miejscowosc><sln:cyklZyciaOd>2014-10-13T00:00:00+02:00</sln:cyklZyciaOd><sln:gmIIPId>37ef82ef-fc94-4cb4-ab03-994299333a4a</sln:gmIIPId><sln:gmIIPPn>PL.PZGIK.200</sln:gmIIPPn><sln:gmIIPWersja>2012-09-26T22:24:38+02:00</sln:gmIIPWersja><sln:gmIdTeryt>3007052</sln:gmIdTeryt><sln:gmNazwa>Koźminek</sln:gmNazwa><sln:miejscIIPId>0a016cdc-fb52-4e7f-8a49-b241cf42a8fb</sln:miejscIIPId><sln:miejscIIPPn>PL.PZGIK.200</sln:miejscIIPPn><sln:miejscIIPWersja>2016-11-24T13:30:51+02:00</sln:miejscIIPWersja><sln:miejscIdTeryt>0201336</sln:miejscIdTeryt><sln:miejscNazwa>Smółki</sln:miejscNazwa><sln:miejscRodzaj>Wieś</sln:miejscRodzaj><sln:powIIPId>a84ca93c-4ad8-494d-95a7-8b1a8c4d4517</sln:powIIPId><sln:powIIPPn>PL.PZGIK.200</sln:powIIPPn><sln:powIIPWersja>2012-09-27T08:59:03+02:00</sln:powIIPWersja><sln:powIdTeryt>3007</sln:powIdTeryt><sln:powNazwa>kaliski</sln:powNazwa><sln:wojIIPId>c606b01a-76c8-480d-9470-f24ca0d7a613</sln:wojIIPId><sln:wojIIPPn>PL.PZGIK.200</sln:wojIIPPn><sln:wojIIPWersja>2016-05-05T18:20:48+02:00</sln:wojIIPWersja><sln:wojIdTeryt>30</sln:wojIdTeryt><sln:wojNazwa>wielkopolskie</sln:wojNazwa></sln:miejscowosc><sln:miejscowosc><sln:cyklZyciaOd>2014-10-13T00:00:00+02:00</sln:cyklZyciaOd><sln:gmIIPId>37ef82ef-fc94-4cb4-ab03-994299333a4a</sln:gmIIPId><sln:gmIIPPn>PL.PZGIK.200</sln:gmIIPPn><sln:gmIIPWersja>2012-09-26T22:24:38+02:00</sln:gmIIPWersja><sln:gmIdTeryt>3007052</sln:gmIdTeryt><sln:gmNazwa>Koźminek</sln:gmNazwa><sln:miejscIIPId>08a6da01-b7f6-427f-a214-7b2e9d013522</sln:miejscIIPId><sln:miejscIIPPn>PL.PZGIK.200</sln:miejscIIPPn><sln:miejscIIPWersja>2016-11-24T13:52:32+02:00</sln:miejscIIPWersja><sln:miejscIdTeryt>0201023</sln:miejscIdTeryt><sln:miejscNazwa>Dębsko-Ostoja</sln:miejscNazwa><sln:miejscRodzaj>Inny obiekt</sln:miejscRodzaj><sln:powIIPId>a84ca93c-4ad8-494d-95a7-8b1a8c4d4517</sln:powIIPId><sln:powIIPPn>PL.PZGIK.200</sln:powIIPPn><sln:powIIPWersja>2012-09-27T08:59:03+02:00</sln:powIIPWersja><sln:powIdTeryt>3007</sln:powIdTeryt><sln:powNazwa>kaliski</sln:powNazwa><sln:wojIIPId>c606b01a-76c8-480d-9470-f24ca0d7a613</sln:wojIIPId><sln:wojIIPPn>PL.PZGIK.200</sln:wojIIPPn><sln:wojIIPWersja>2016-05-05T18:20:48+02:00</sln:wojIIPWersja><sln:wojIdTeryt>30</sln:wojIdTeryt><sln:wojNazwa>wielkopolskie</sln:wojNazwa></sln:miejscowosc><sln:miejscowosc><sln:cyklZyciaOd>2014-10-13T00:00:00+02:00</sln:cyklZyciaOd><sln:gmIIPId>37ef82ef-fc94-4cb4-ab03-994299333a4a</sln:gmIIPId><sln:gmIIPPn>PL.PZGIK.200</sln:gmIIPPn><sln:gmIIPWersja>2012-09-26T22:24:38+02:00</sln:gmIIPWersja><sln:gmIdTeryt>3007052</sln:gmIdTeryt><sln:gmNazwa>Koźminek</sln:gmNazwa><sln:miejscIIPId>832d6468-4f1f-4690-b2ea-7307a623efad</sln:miejscIIPId><sln:miejscIIPPn>PL.PZGIK.200</sln:miejscIIPPn><sln:miejscIIPWersja>2016-11-24T13:59:17+02:00</sln:miejscIIPWersja><sln:miejscIdTeryt>0201282</sln:miejscIdTeryt><sln:miejscNazwa>Osuchów-Parcela</sln:miejscNazwa><sln:miejscRodzaj>Inny obiekt</sln:miejscRodzaj><sln:powIIPId>a84ca93c-4ad8-494d-95a7-8b1a8c4d4517</sln:powIIPId><sln:powIIPPn>PL.PZGIK.200</sln:powIIPPn><sln:powIIPWersja>2012-09-27T08:59:03+02:00</sln:powIIPWersja><sln:powIdTeryt>3007</sln:powIdTeryt><sln:powNazwa>kaliski</sln:powNazwa><sln:wojIIPId>c606b01a-76c8-480d-9470-f24ca0d7a613</sln:wojIIPId><sln:wojIIPPn>PL.PZGIK.200</sln:wojIIPPn><sln:wojIIPWersja>2016-05-05T18:20:48+02:00</sln:wojIIPWersja><sln:wojIdTeryt>30</sln:wojIdTeryt><sln:wojNazwa>wielkopolskie</sln:wojNazwa></sln:miejscowosc><sln:miejscowosc><sln:cyklZyciaOd>2014-10-13T00:00:00+02:00</sln:cyklZyciaOd><sln:gmIIPId>37ef82ef-fc94-4cb4-ab03-994299333a4a</sln:gmIIPId><sln:gmIIPPn>PL.PZGIK.200</sln:gmIIPPn><sln:gmIIPWersja>2012-09-26T22:24:38+02:00</sln:gmIIPWersja><sln:gmIdTeryt>3007052</sln:gmIdTeryt><sln:gmNazwa>Koźminek</sln:gmNazwa><sln:miejscIIPId>f023ef96-a370-4e37-836b-4040b90f0d92</sln:miejscIIPId><sln:miejscIIPPn>PL.PZGIK.200</sln:miejscIIPPn><sln:miejscIIPWersja>2016-11-24T13:36:01+02:00</sln:miejscIIPWersja><sln:miejscIdTeryt>0201307</sln:miejscIdTeryt><sln:miejscNazwa>Dąbrowa</sln:miejscNazwa><sln:miejscRodzaj>Wieś</sln:miejscRodzaj><sln:powIIPId>a84ca93c-4ad8-494d-95a7-8b1a8c4d4517</sln:powIIPId><sln:powIIPPn>PL.PZGIK.200</sln:powIIPPn><sln:powIIPWersja>2012-09-27T08:59:03+02:00</sln:powIIPWersja><sln:powIdTeryt>3007</sln:powIdTeryt><sln:powNazwa>kaliski</sln:powNazwa><sln:wojIIPId>c606b01a-76c8-480d-9470-f24ca0d7a613</sln:wojIIPId><sln:wojIIPPn>PL.PZGIK.200</sln:wojIIPPn><sln:wojIIPWersja>2016-05-05T18:20:48+02:00</sln:wojIIPWersja><sln:wojIdTeryt>30</sln:wojIdTeryt><sln:wojNazwa>wielkopolskie</sln:wojNazwa></sln:miejscowosc><sln:miejscowosc><sln:cyklZyciaOd>2014-10-13T00:00:00+02:00</sln:cyklZyciaOd><sln:gmIIPId>37ef82ef-fc94-4cb4-ab03-994299333a4a</sln:gmIIPId><sln:gmIIPPn>PL.PZGIK.200</sln:gmIIPPn><sln:gmIIPWersja>2012-09-26T22:24:38+02:00</sln:gmIIPWersja><sln:gmIdTeryt>3007052</sln:gmIdTeryt><sln:gmNazwa>Koźminek</sln:gmNazwa><sln:miejscIIPId>6d2cd908-ae0d-4784-9a24-6f6f8f34d043</sln:miejscIIPId><sln:miejscIIPPn>PL.PZGIK.200</sln:miejscIIPPn><sln:miejscIIPWersja>2016-11-24T13:53:50+02:00</sln:miejscIIPWersja><sln:miejscIdTeryt>0201106</sln:miejscIdTeryt><sln:miejscNazwa>Gać Pawęzowa</sln:miejscNazwa><sln:miejscRodzaj>Inny obiekt</sln:miejscRodzaj><sln:powIIPId>a84ca93c-4ad8-494d-95a7-8b1a8c4d4517</sln:powIIPId><sln:powIIPPn>PL.PZGIK.200</sln:powIIPPn><sln:powIIPWersja>2012-09-27T08:59:03+02:00</sln:powIIPWersja><sln:powIdTeryt>3007</sln:powIdTeryt><sln:powNazwa>kaliski</sln:powNazwa><sln:wojIIPId>c606b01a-76c8-480d-9470-f24ca0d7a613</sln:wojIIPId><sln:wojIIPPn>PL.PZGIK.200</sln:wojIIPPn><sln:wojIIPWersja>2016-05-05T18:20:48+02:00</sln:wojIIPWersja><sln:wojIdTeryt>30</sln:wojIdTeryt><sln:wojNazwa>wielkopolskie</sln:wojNazwa></sln:miejscowosc><sln:miejscowosc><sln:cyklZyciaOd>2014-10-13T00:00:00+02:00</sln:cyklZyciaOd><sln:gmIIPId>37ef82ef-fc94-4cb4-ab03-994299333a4a</sln:gmIIPId><sln:gmIIPPn>PL.PZGIK.200</sln:gmIIPPn><sln:gmIIPWersja>2012-09-26T22:24:38+02:00</sln:gmIIPWersja><sln:gmIdTeryt>3007052</sln:gmIdTeryt><sln:gmNazwa>Koźminek</sln:gmNazwa><sln:miejscIIPId>ea51a72c-37d7-4a08-b843-e05b6b4a222f</sln:miejscIIPId><sln:miejscIIPPn>PL.PZGIK.200</sln:miejscIIPPn><sln:miejscIIPWersja>2016-11-24T13:40:31+02:00</sln:miejscIIPWersja><sln:miejscIdTeryt>0201164</sln:miejscIdTeryt><sln:miejscNazwa>Krzyżówki</sln:miejscNazwa><sln:miejscRodzaj>Wieś</sln:miejscRodzaj><sln:powIIPId>a84ca93c-4ad8-494d-95a7-8b1a8c4d4517</sln:powIIPId><sln:powIIPPn>PL.PZGIK.200</sln:powIIPPn><sln:powIIPWersja>2012-09-27T08:59:03+02:00</sln:powIIPWersja><sln:powIdTeryt>3007</sln:powIdTeryt><sln:powNazwa>kaliski</sln:powNazwa><sln:wojIIPId>c606b01a-76c8-480d-9470-f24ca0d7a613</sln:wojIIPId><sln:wojIIPPn>PL.PZGIK.200</sln:wojIIPPn><sln:wojIIPWersja>2016-05-05T18:20:48+02:00</sln:wojIIPWersja><sln:wojIdTeryt>30</sln:wojIdTeryt><sln:wojNazwa>wielkopolskie</sln:wojNazwa></sln:miejscowosc><sln:miejscowosc><sln:cyklZyciaOd>2014-10-13T00:00:00+02:00</sln:cyklZyciaOd><sln:gmIIPId>37ef82ef-fc94-4cb4-ab03-994299333a4a</sln:gmIIPId><sln:gmIIPPn>PL.PZGIK.200</sln:gmIIPPn><sln:gmIIPWersja>2012-09-26T22:24:38+02:00</sln:gmIIPWersja><sln:gmIdTeryt>3007052</sln:gmIdTeryt><sln:gmNazwa>Koźminek</sln:gmNazwa><sln:miejscIIPId>c2236303-00dd-4dea-9e4b-39746ef63f79</sln:miejscIIPId><sln:miejscIIPPn>PL.PZGIK.200</sln:miejscIIPPn><sln:miejscIIPWersja>2016-11-24T13:56:24+02:00</sln:miejscIIPWersja><sln:miejscIdTeryt>0201170</sln:miejscIdTeryt><sln:miejscNazwa>Sokołówka</sln:miejscNazwa><sln:miejscRodzaj>Inny obiekt</sln:miejscRodzaj><sln:powIIPId>a84ca93c-4ad8-494d-95a7-8b1a8c4d4517</sln:powIIPId><sln:powIIPPn>PL.PZGIK.200</sln:powIIPPn><sln:powIIPWersja>2012-09-27T08:59:03+02:00</sln:powIIPWersja><sln:powIdTeryt>3007</sln:powIdTeryt><sln:powNazwa>kaliski</sln:powNazwa><sln:wojIIPId>c606b01a-76c8-480d-9470-f24ca0d7a613</sln:wojIIPId><sln:wojIIPPn>PL.PZGIK.200</sln:wojIIPPn><sln:wojIIPWersja>2016-05-05T18:20:48+02:00</sln:wojIIPWersja><sln:wojIdTeryt>30</sln:wojIdTeryt><sln:wojNazwa>wielkopolskie</sln:wojNazwa></sln:miejscowosc><sln:miejscowosc><sln:cyklZyciaOd>2014-10-13T00:00:00+02:00</sln:cyklZyciaOd><sln:gmIIPId>37ef82ef-fc94-4cb4-ab03-994299333a4a</sln:gmIIPId><sln:gmIIPPn>PL.PZGIK.200</sln:gmIIPPn><sln:gmIIPWersja>2012-09-26T22:24:38+02:00</sln:gmIIPWersja><sln:gmIdTeryt>3007052</sln:gmIdTeryt><sln:gmNazwa>Koźminek</sln:gmNazwa><sln:miejscIIPId>f246864c-d900-46a9-92e2-601d3eb4a7d7</sln:miejscIIPId><sln:miejscIIPPn>PL.PZGIK.200</sln:miejscIIPPn><sln:miejscIIPWersja>2016-11-24T13:31:25+02:00</sln:miejscIIPWersja><sln:miejscIdTeryt>0201359</sln:miejscIdTeryt><sln:miejscNazwa>Stary Nakwasin</sln:miejscNazwa><sln:miejscRodzaj>Wieś</sln:miejscRodzaj><sln:powIIPId>a84ca93c-4ad8-494d-95a7-8b1a8c4d4517</sln:powIIPId><sln:powIIPPn>PL.PZGIK.200</sln:powIIPPn><sln:powIIPWersja>2012-09-27T08:59:03+02:00</sln:powIIPWersja><sln:powIdTeryt>3007</sln:powIdTeryt><sln:powNazwa>kaliski</sln:powNazwa><sln:wojIIPId>c606b01a-76c8-480d-9470-f24ca0d7a613</sln:wojIIPId><sln:wojIIPPn>PL.PZGIK.200</sln:wojIIPPn><sln:wojIIPWersja>2016-05-05T18:20:48+02:00</sln:wojIIPWersja><sln:wojIdTeryt>30</sln:wojIdTeryt><sln:wojNazwa>wielkopolskie</sln:wojNazwa></sln:miejscowosc><sln:miejscowosc><sln:cyklZyciaOd>2014-10-13T00:00:00+02:00</sln:cyklZyciaOd><sln:gmIIPId>37ef82ef-fc94-4cb4-ab03-994299333a4a</sln:gmIIPId><sln:gmIIPPn>PL.PZGIK.200</sln:gmIIPPn><sln:gmIIPWersja>2012-09-26T22:24:38+02:00</sln:gmIIPWersja><sln:gmIdTeryt>3007052</sln:gmIdTeryt><sln:gmNazwa>Koźminek</sln:gmNazwa><sln:miejscIIPId>a8b38a1c-3f4f-49c0-973c-f444aec8b0e3</sln:miejscIIPId><sln:miejscIIPPn>PL.PZGIK.200</sln:miejscIIPPn><sln:miejscIIPWersja>2016-11-24T13:44:18+02:00</sln:miejscIIPWersja><sln:miejscIdTeryt>0201299</sln:miejscIdTeryt><sln:miejscNazwa>Oszczeklin</sln:miejscNazwa><sln:miejscRodzaj>Wieś</sln:miejscRodzaj><sln:powIIPId>a84ca93c-4ad8-494d-95a7-8b1a8c4d4517</sln:powIIPId><sln:powIIPPn>PL.PZGIK.200</sln:powIIPPn><sln:powIIPWersja>2012-09-27T08:59:03+02:00</sln:powIIPWersja><sln:powIdTeryt>3007</sln:powIdTeryt><sln:powNazwa>kaliski</sln:powNazwa><sln:wojIIPId>c606b01a-76c8-480d-9470-f24ca0d7a613</sln:wojIIPId><sln:wojIIPPn>PL.PZGIK.200</sln:wojIIPPn><sln:wojIIPWersja>2016-05-05T18:20:48+02:00</sln:wojIIPWersja><sln:wojIdTeryt>30</sln:wojIdTeryt><sln:wojNazwa>wielkopolskie</sln:wojNazwa></sln:miejscowosc><sln:miejscowosc><sln:cyklZyciaOd>2014-10-13T00:00:00+02:00</sln:cyklZyciaOd><sln:gmIIPId>37ef82ef-fc94-4cb4-ab03-994299333a4a</sln:gmIIPId><sln:gmIIPPn>PL.PZGIK.200</sln:gmIIPPn><sln:gmIIPWersja>2012-09-26T22:24:38+02:00</sln:gmIIPWersja><sln:gmIdTeryt>3007052</sln:gmIdTeryt><sln:gmNazwa>Koźminek</sln:gmNazwa><sln:miejscIIPId>f55e5a09-adc2-435d-999a-4b0169c8d717</sln:miejscIIPId><sln:miejscIIPPn>PL.PZGIK.200</sln:miejscIIPPn><sln:miejscIIPWersja>2016-11-24T13:43:35+02:00</sln:miejscIIPWersja><sln:miejscIdTeryt>0201230</sln:miejscIdTeryt><sln:miejscNazwa>Nowy Karolew</sln:miejscNazwa><sln:miejscRodzaj>Wieś</sln:miejscRodzaj><sln:powIIPId>a84ca93c-4ad8-494d-95a7-8b1a8c4d4517</sln:powIIPId><sln:powIIPPn>PL.PZGIK.200</sln:powIIPPn><sln:powIIPWersja>2012-09-27T08:59:03+02:00</sln:powIIPWersja><sln:powIdTeryt>3007</sln:powIdTeryt><sln:powNazwa>kaliski</sln:powNazwa><sln:wojIIPId>c606b01a-76c8-480d-9470-f24ca0d7a613</sln:wojIIPId><sln:wojIIPPn>PL.PZGIK.200</sln:wojIIPPn><sln:wojIIPWersja>2016-05-05T18:20:48+02:00</sln:wojIIPWersja><sln:wojIdTeryt>30</sln:wojIdTeryt><sln:wojNazwa>wielkopolskie</sln:wojNazwa></sln:miejscowosc><sln:miejscowosc><sln:cyklZyciaOd>2014-10-13T00:00:00+02:00</sln:cyklZyciaOd><sln:gmIIPId>37ef82ef-fc94-4cb4-ab03-994299333a4a</sln:gmIIPId><sln:gmIIPPn>PL.PZGIK.200</sln:gmIIPPn><sln:gmIIPWersja>2012-09-26T22:24:38+02:00</sln:gmIIPWersja><sln:gmIdTeryt>3007052</sln:gmIdTeryt><sln:gmNazwa>Koźminek</sln:gmNazwa><sln:miejscIIPId>82162b80-9deb-4a29-a76c-0d78415ead3e</sln:miejscIIPId><sln:miejscIIPPn>PL.PZGIK.200</sln:miejscIIPPn><sln:miejscIIPWersja>2016-11-24T13:37:01+02:00</sln:miejscIIPWersja><sln:miejscIdTeryt>0201046</sln:miejscIdTeryt><sln:miejscNazwa>Emilianów</sln:miejscNazwa><sln:miejscRodzaj>Wieś</sln:miejscRodzaj><sln:powIIPId>a84ca93c-4ad8-494d-95a7-8b1a8c4d4517</sln:powIIPId><sln:powIIPPn>PL.PZGIK.200</sln:powIIPPn><sln:powIIPWersja>2012-09-27T08:59:03+02:00</sln:powIIPWersja><sln:powIdTeryt>3007</sln:powIdTeryt><sln:powNazwa>kaliski</sln:powNazwa><sln:wojIIPId>c606b01a-76c8-480d-9470-f24ca0d7a613</sln:wojIIPId><sln:wojIIPPn>PL.PZGIK.200</sln:wojIIPPn><sln:wojIIPWersja>2016-05-05T18:20:48+02:00</sln:wojIIPWersja><sln:wojIdTeryt>30</sln:wojIdTeryt><sln:wojNazwa>wielkopolskie</sln:wojNazwa></sln:miejscowosc><sln:miejscowosc><sln:cyklZyciaOd>2014-10-13T00:00:00+02:00</sln:cyklZyciaOd><sln:gmIIPId>37ef82ef-fc94-4cb4-ab03-994299333a4a</sln:gmIIPId><sln:gmIIPPn>PL.PZGIK.200</sln:gmIIPPn><sln:gmIIPWersja>2012-09-26T22:24:38+02:00</sln:gmIIPWersja><sln:gmIdTeryt>3007052</sln:gmIdTeryt><sln:gmNazwa>Koźminek</sln:gmNazwa><sln:miejscIIPId>1ed6d012-5085-416a-9fe0-534e874bda8b</sln:miejscIIPId><sln:miejscIIPPn>PL.PZGIK.200</sln:miejscIIPPn><sln:miejscIIPWersja>2016-11-24T13:34:51+02:00</sln:miejscIIPWersja><sln:miejscIdTeryt>0201371</sln:miejscIdTeryt><sln:miejscNazwa>Złotniki</sln:miejscNazwa><sln:miejscRodzaj>Wieś</sln:miejscRodzaj><sln:powIIPId>a84ca93c-4ad8-494d-95a7-8b1a8c4d4517</sln:powIIPId><sln:powIIPPn>PL.PZGIK.200</sln:powIIPPn><sln:powIIPWersja>2012-09-27T08:59:03+02:00</sln:powIIPWersja><sln:powIdTeryt>3007</sln:powIdTeryt><sln:powNazwa>kaliski</sln:powNazwa><sln:wojIIPId>c606b01a-76c8-480d-9470-f24ca0d7a613</sln:wojIIPId><sln:wojIIPPn>PL.PZGIK.200</sln:wojIIPPn><sln:wojIIPWersja>2016-05-05T18:20:48+02:00</sln:wojIIPWersja><sln:wojIdTeryt>30</sln:wojIdTeryt><sln:wojNazwa>wielkopolskie</sln:wojNazwa></sln:miejscowosc><sln:miejscowosc><sln:cyklZyciaOd>2014-10-13T00:00:00+02:00</sln:cyklZyciaOd><sln:gmIIPId>37ef82ef-fc94-4cb4-ab03-994299333a4a</sln:gmIIPId><sln:gmIIPPn>PL.PZGIK.200</sln:gmIIPPn><sln:gmIIPWersja>2012-09-26T22:24:38+02:00</sln:gmIIPWersja><sln:gmIdTeryt>3007052</sln:gmIdTeryt><sln:gmNazwa>Koźminek</sln:gmNazwa><sln:miejscIIPId>dca4073e-45bc-45af-b6d9-ab62ebb4bafc</sln:miejscIIPId><sln:miejscIIPPn>PL.PZGIK.200</sln:miejscIIPPn><sln:miejscIIPWersja>2016-11-24T13:30:48+02:00</sln:miejscIIPWersja><sln:miejscIdTeryt>0201158</sln:miejscIdTeryt><sln:miejscNazwa>Słowiki</sln:miejscNazwa><sln:miejscRodzaj>Wieś</sln:miejscRodzaj><sln:powIIPId>a84ca93c-4ad8-494d-95a7-8b1a8c4d4517</sln:powIIPId><sln:powIIPPn>PL.PZGIK.200</sln:powIIPPn><sln:powIIPWersja>2012-09-27T08:59:03+02:00</sln:powIIPWersja><sln:powIdTeryt>3007</sln:powIdTeryt><sln:powNazwa>kaliski</sln:powNazwa><sln:wojIIPId>c606b01a-76c8-480d-9470-f24ca0d7a613</sln:wojIIPId><sln:wojIIPPn>PL.PZGIK.200</sln:wojIIPPn><sln:wojIIPWersja>2016-05-05T18:20:48+02:00</sln:wojIIPWersja><sln:wojIdTeryt>30</sln:wojIdTeryt><sln:wojNazwa>wielkopolskie</sln:wojNazwa></sln:miejscowosc><sln:miejscowosc><sln:cyklZyciaOd>2014-10-13T00:00:00+02:00</sln:cyklZyciaOd><sln:gmIIPId>37ef82ef-fc94-4cb4-ab03-994299333a4a</sln:gmIIPId><sln:gmIIPPn>PL.PZGIK.200</sln:gmIIPPn><sln:gmIIPWersja>2012-09-26T22:24:38+02:00</sln:gmIIPWersja><sln:gmIdTeryt>3007052</sln:gmIdTeryt><sln:gmNazwa>Koźminek</sln:gmNazwa><sln:miejscIIPId>34e7ab25-199b-41b6-b147-f9e40e56e1f7</sln:miejscIIPId><sln:miejscIIPPn>PL.PZGIK.200</sln:miejscIIPPn><sln:miejscIIPWersja>2016-11-24T13:29:47+02:00</sln:miejscIIPWersja><sln:miejscIdTeryt>0201135</sln:miejscIdTeryt><sln:miejscNazwa>Rogal</sln:miejscNazwa><sln:miejscRodzaj>Wieś</sln:miejscRodzaj><sln:powIIPId>a84ca93c-4ad8-494d-95a7-8b1a8c4d4517</sln:powIIPId><sln:powIIPPn>PL.PZGIK.200</sln:powIIPPn><sln:powIIPWersja>2012-09-27T08:59:03+02:00</sln:powIIPWersja><sln:powIdTeryt>3007</sln:powIdTeryt><sln:powNazwa>kaliski</sln:powNazwa><sln:wojIIPId>c606b01a-76c8-480d-9470-f24ca0d7a613</sln:wojIIPId><sln:wojIIPPn>PL.PZGIK.200</sln:wojIIPPn><sln:wojIIPWersja>2016-05-05T18:20:48+02:00</sln:wojIIPWersja><sln:wojIdTeryt>30</sln:wojIdTeryt><sln:wojNazwa>wielkopolskie</sln:wojNazwa></sln:miejscowosc><sln:miejscowosc><sln:cyklZyciaOd>2014-10-13T00:00:00+02:00</sln:cyklZyciaOd><sln:gmIIPId>37ef82ef-fc94-4cb4-ab03-994299333a4a</sln:gmIIPId><sln:gmIIPPn>PL.PZGIK.200</sln:gmIIPPn><sln:gmIIPWersja>2012-09-26T22:24:38+02:00</sln:gmIIPWersja><sln:gmIdTeryt>3007052</sln:gmIdTeryt><sln:gmNazwa>Koźminek</sln:gmNazwa><sln:miejscIIPId>b7ab33a9-d9fb-4d6a-8133-02ed7dac8a50</sln:miejscIIPId><sln:miejscIIPPn>PL.PZGIK.200</sln:miejscIIPPn><sln:miejscIIPWersja>2016-11-24T13:37:06+02:00</sln:miejscIIPWersja><sln:miejscIdTeryt>0201081</sln:miejscIdTeryt><sln:miejscNazwa>Gać Kaliska</sln:miejscNazwa><sln:miejscRodzaj>Wieś</sln:miejscRodzaj><sln:powIIPId>a84ca93c-4ad8-494d-95a7-8b1a8c4d4517</sln:powIIPId><sln:powIIPPn>PL.PZGIK.200</sln:powIIPPn><sln:powIIPWersja>2012-09-27T08:59:03+02:00</sln:powIIPWersja><sln:powIdTeryt>3007</sln:powIdTeryt><sln:powNazwa>kaliski</sln:powNazwa><sln:wojIIPId>c606b01a-76c8-480d-9470-f24ca0d7a613</sln:wojIIPId><sln:wojIIPPn>PL.PZGIK.200</sln:wojIIPPn><sln:wojIIPWersja>2016-05-05T18:20:48+02:00</sln:wojIIPWersja><sln:wojIdTeryt>30</sln:wojIdTeryt><sln:wojNazwa>wielkopolskie</sln:wojNazwa></sln:miejscowosc><sln:miejscowosc><sln:cyklZyciaOd>2014-10-13T00:00:00+02:00</sln:cyklZyciaOd><sln:gmIIPId>37ef82ef-fc94-4cb4-ab03-994299333a4a</sln:gmIIPId><sln:gmIIPPn>PL.PZGIK.200</sln:gmIIPPn><sln:gmIIPWersja>2012-09-26T22:24:38+02:00</sln:gmIIPWersja><sln:gmIdTeryt>3007052</sln:gmIdTeryt><sln:gmNazwa>Koźminek</sln:gmNazwa><sln:miejscIIPId>35ea0b18-ca59-4986-ab39-a802047e6406</sln:miejscIIPId><sln:miejscIIPPn>PL.PZGIK.200</sln:miejscIIPPn><sln:miejscIIPWersja>2016-11-24T13:34:31+02:00</sln:miejscIIPWersja><sln:miejscIdTeryt>0200986</sln:miejscIdTeryt><sln:miejscNazwa>Chodybki</sln:miejscNazwa><sln:miejscRodzaj>Wieś</sln:miejscRodzaj><sln:powIIPId>a84ca93c-4ad8-494d-95a7-8b1a8c4d4517</sln:powIIPId><sln:powIIPPn>PL.PZGIK.200</sln:powIIPPn><sln:powIIPWersja>2012-09-27T08:59:03+02:00</sln:powIIPWersja><sln:powIdTeryt>3007</sln:powIdTeryt><sln:powNazwa>kaliski</sln:powNazwa><sln:wojIIPId>c606b01a-76c8-480d-9470-f24ca0d7a613</sln:wojIIPId><sln:wojIIPPn>PL.PZGIK.200</sln:wojIIPPn><sln:wojIIPWersja>2016-05-05T18:20:48+02:00</sln:wojIIPWersja><sln:wojIdTeryt>30</sln:wojIdTeryt><sln:wojNazwa>wielkopolskie</sln:wojNazwa></sln:miejscowosc><sln:miejscowosc><sln:cyklZyciaOd>2014-10-13T00:00:00+02:00</sln:cyklZyciaOd><sln:gmIIPId>37ef82ef-fc94-4cb4-ab03-994299333a4a</sln:gmIIPId><sln:gmIIPPn>PL.PZGIK.200</sln:gmIIPPn><sln:gmIIPWersja>2012-09-26T22:24:38+02:00</sln:gmIIPWersja><sln:gmIdTeryt>3007052</sln:gmIdTeryt><sln:gmNazwa>Koźminek</sln:gmNazwa><sln:miejscIIPId>194e9d80-2b02-4f8b-a699-9c5743dab485</sln:miejscIIPId><sln:miejscIIPPn>PL.PZGIK.200</sln:miejscIIPPn><sln:miejscIIPWersja>2016-11-24T13:31:24+02:00</sln:miejscIIPWersja><sln:miejscIdTeryt>0201342</sln:miejscIdTeryt><sln:miejscNazwa>Stary Karolew</sln:miejscNazwa><sln:miejscRodzaj>Wieś</sln:miejscRodzaj><sln:powIIPId>a84ca93c-4ad8-494d-95a7-8b1a8c4d4517</sln:powIIPId><sln:powIIPPn>PL.PZGIK.200</sln:powIIPPn><sln:powIIPWersja>2012-09-27T08:59:03+02:00</sln:powIIPWersja><sln:powIdTeryt>3007</sln:powIdTeryt><sln:powNazwa>kaliski</sln:powNazwa><sln:wojIIPId>c606b01a-76c8-480d-9470-f24ca0d7a613</sln:wojIIPId><sln:wojIIPPn>PL.PZGIK.200</sln:wojIIPPn><sln:wojIIPWersja>2016-05-05T18:20:48+02:00</sln:wojIIPWersja><sln:wojIdTeryt>30</sln:wojIdTeryt><sln:wojNazwa>wielkopolskie</sln:wojNazwa></sln:miejscowosc><sln:miejscowosc><sln:cyklZyciaOd>2014-10-13T00:00:00+02:00</sln:cyklZyciaOd><sln:gmIIPId>37ef82ef-fc94-4cb4-ab03-994299333a4a</sln:gmIIPId><sln:gmIIPPn>PL.PZGIK.200</sln:gmIIPPn><sln:gmIIPWersja>2012-09-26T22:24:38+02:00</sln:gmIIPWersja><sln:gmIdTeryt>3007052</sln:gmIdTeryt><sln:gmNazwa>Koźminek</sln:gmNazwa><sln:miejscIIPId>5a695dfe-4b4e-47f1-b02b-3f1cb31e6ff3</sln:miejscIIPId><sln:miejscIIPPn>PL.PZGIK.200</sln:miejscIIPPn><sln:miejscIIPWersja>2016-11-24T13:41:48+02:00</sln:miejscIIPWersja><sln:miejscIdTeryt>0200940</sln:miejscIdTeryt><sln:miejscNazwa>Bogdanów</sln:miejscNazwa><sln:miejscRodzaj>Wieś</sln:miejscRodzaj><sln:powIIPId>a84ca93c-4ad8-494d-95a7-8b1a8c4d4517</sln:powIIPId><sln:powIIPPn>PL.PZGIK.200</sln:powIIPPn><sln:powIIPWersja>2012-09-27T08:59:03+02:00</sln:powIIPWersja><sln:powIdTeryt>3007</sln:powIdTeryt><sln:powNazwa>kaliski</sln:powNazwa><sln:wojIIPId>c606b01a-76c8-480d-9470-f24ca0d7a613</sln:wojIIPId><sln:wojIIPPn>PL.PZGIK.200</sln:wojIIPPn><sln:wojIIPWersja>2016-05-05T18:20:48+02:00</sln:wojIIPWersja><sln:wojIdTeryt>30</sln:wojIdTeryt><sln:wojNazwa>wielkopolskie</sln:wojNazwa></sln:miejscowosc><sln:miejscowosc><sln:cyklZyciaOd>2014-10-13T00:00:00+02:00</sln:cyklZyciaOd><sln:gmIIPId>37ef82ef-fc94-4cb4-ab03-994299333a4a</sln:gmIIPId><sln:gmIIPPn>PL.PZGIK.200</sln:gmIIPPn><sln:gmIIPWersja>2012-09-26T22:24:38+02:00</sln:gmIIPWersja><sln:gmIdTeryt>3007052</sln:gmIdTeryt><sln:gmNazwa>Koźminek</sln:gmNazwa><sln:miejscIIPId>30f56f3e-ca7e-4d0d-85ae-0f157fb3701d</sln:miejscIIPId><sln:miejscIIPPn>PL.PZGIK.200</sln:miejscIIPPn><sln:miejscIIPWersja>2016-11-24T13:56:05+02:00</sln:miejscIIPWersja><sln:miejscIdTeryt>0999340</sln:miejscIdTeryt><sln:miejscNazwa>Przydziałki</sln:miejscNazwa><sln:miejscRodzaj>Inny obiekt</sln:miejscRodzaj><sln:powIIPId>a84ca93c-4ad8-494d-95a7-8b1a8c4d4517</sln:powIIPId><sln:powIIPPn>PL.PZGIK.200</sln:powIIPPn><sln:powIIPWersja>2012-09-27T08:59:03+02:00</sln:powIIPWersja><sln:powIdTeryt>3007</sln:powIdTeryt><sln:powNazwa>kaliski</sln:powNazwa><sln:wojIIPId>c606b01a-76c8-480d-9470-f24ca0d7a613</sln:wojIIPId><sln:wojIIPPn>PL.PZGIK.200</sln:wojIIPPn><sln:wojIIPWersja>2016-05-05T18:20:48+02:00</sln:wojIIPWersja><sln:wojIdTeryt>30</sln:wojIdTeryt><sln:wojNazwa>wielkopolskie</sln:wojNazwa></sln:miejscowosc><sln:miejscowosc><sln:cyklZyciaOd>2014-10-13T00:00:00+02:00</sln:cyklZyciaOd><sln:gmIIPId>37ef82ef-fc94-4cb4-ab03-994299333a4a</sln:gmIIPId><sln:gmIIPPn>PL.PZGIK.200</sln:gmIIPPn><sln:gmIIPWersja>2012-09-26T22:24:38+02:00</sln:gmIIPWersja><sln:gmIdTeryt>3007052</sln:gmIdTeryt><sln:gmNazwa>Koźminek</sln:gmNazwa><sln:miejscIIPId>24b87458-3be4-4100-9b91-6cbbd4c58552</sln:miejscIIPId><sln:miejscIIPPn>PL.PZGIK.200</sln:miejscIIPPn><sln:miejscIIPWersja>2016-11-24T13:44:18+02:00</sln:miejscIIPWersja><sln:miejscIdTeryt>0201276</sln:miejscIdTeryt><sln:miejscNazwa>Osuchów</sln:miejscNazwa><sln:miejscRodzaj>Wieś</sln:miejscRodzaj><sln:powIIPId>a84ca93c-4ad8-494d-95a7-8b1a8c4d4517</sln:powIIPId><sln:powIIPPn>PL.PZGIK.200</sln:powIIPPn><sln:powIIPWersja>2012-09-27T08:59:03+02:00</sln:powIIPWersja><sln:powIdTeryt>3007</sln:powIdTeryt><sln:powNazwa>kaliski</sln:powNazwa><sln:wojIIPId>c606b01a-76c8-480d-9470-f24ca0d7a613</sln:wojIIPId><sln:wojIIPPn>PL.PZGIK.200</sln:wojIIPPn><sln:wojIIPWersja>2016-05-05T18:20:48+02:00</sln:wojIIPWersja><sln:wojIdTeryt>30</sln:wojIdTeryt><sln:wojNazwa>wielkopolskie</sln:wojNazwa></sln:miejscowosc><sln:miejscowosc><sln:cyklZyciaOd>2014-10-13T00:00:00+02:00</sln:cyklZyciaOd><sln:gmIIPId>37ef82ef-fc94-4cb4-ab03-994299333a4a</sln:gmIIPId><sln:gmIIPPn>PL.PZGIK.200</sln:gmIIPPn><sln:gmIIPWersja>2012-09-26T22:24:38+02:00</sln:gmIIPWersja><sln:gmIdTeryt>3007052</sln:gmIdTeryt><sln:gmNazwa>Koźminek</sln:gmNazwa><sln:miejscIIPId>1c59e873-3158-44ab-ab5b-d42bfe656aef</sln:miejscIIPId><sln:miejscIIPPn>PL.PZGIK.200</sln:miejscIIPPn><sln:miejscIIPWersja>2016-11-24T13:36:19+02:00</sln:miejscIIPWersja><sln:miejscIdTeryt>0201000</sln:miejscIdTeryt><sln:miejscNazwa>Dębsko</sln:miejscNazwa><sln:miejscRodzaj>Wieś</sln:miejscRodzaj><sln:powIIPId>a84ca93c-4ad8-494d-95a7-8b1a8c4d4517</sln:powIIPId><sln:powIIPPn>PL.PZGIK.200</sln:powIIPPn><sln:powIIPWersja>2012-09-27T08:59:03+02:00</sln:powIIPWersja><sln:powIdTeryt>3007</sln:powIdTeryt><sln:powNazwa>kaliski</sln:powNazwa><sln:wojIIPId>c606b01a-76c8-480d-9470-f24ca0d7a613</sln:wojIIPId><sln:wojIIPPn>PL.PZGIK.200</sln:wojIIPPn><sln:wojIIPWersja>2016-05-05T18:20:48+02:00</sln:wojIIPWersja><sln:wojIdTeryt>30</sln:wojIdTeryt><sln:wojNazwa>wielkopolskie</sln:wojNazwa></sln:miejscowosc><sln:miejscowosc><sln:cyklZyciaOd>2014-10-13T00:00:00+02:00</sln:cyklZyciaOd><sln:gmIIPId>37ef82ef-fc94-4cb4-ab03-994299333a4a</sln:gmIIPId><sln:gmIIPPn>PL.PZGIK.200</sln:gmIIPPn><sln:gmIIPWersja>2012-09-26T22:24:38+02:00</sln:gmIIPWersja><sln:gmIdTeryt>3007052</sln:gmIdTeryt><sln:gmNazwa>Koźminek</sln:gmNazwa><sln:miejscIIPId>25d3c510-4b28-4b3d-a627-5ddc06b78a74</sln:miejscIIPId><sln:miejscIIPPn>PL.PZGIK.200</sln:miejscIIPPn><sln:miejscIIPWersja>2016-11-24T13:55:02+02:00</sln:miejscIIPWersja><sln:miejscIdTeryt>0201129</sln:miejscIdTeryt><sln:miejscNazwa>Murowaniec</sln:miejscNazwa><sln:miejscRodzaj>Inny obiekt</sln:miejscRodzaj><sln:powIIPId>a84ca93c-4ad8-494d-95a7-8b1a8c4d4517</sln:powIIPId><sln:powIIPPn>PL.PZGIK.200</sln:powIIPPn><sln:powIIPWersja>2012-09-27T08:59:03+02:00</sln:powIIPWersja><sln:powIdTeryt>3007</sln:powIdTeryt><sln:powNazwa>kaliski</sln:powNazwa><sln:wojIIPId>c606b01a-76c8-480d-9470-f24ca0d7a613</sln:wojIIPId><sln:wojIIPPn>PL.PZGIK.200</sln:wojIIPPn><sln:wojIIPWersja>2016-05-05T18:20:48+02:00</sln:wojIIPWersja><sln:wojIdTeryt>30</sln:wojIdTeryt><sln:wojNazwa>wielkopolskie</sln:wojNazwa></sln:miejscowosc><sln:miejscowosc><sln:cyklZyciaOd>2014-10-13T00:00:00+02:00</sln:cyklZyciaOd><sln:gmIIPId>37ef82ef-fc94-4cb4-ab03-994299333a4a</sln:gmIIPId><sln:gmIIPPn>PL.PZGIK.200</sln:gmIIPPn><sln:gmIIPWersja>2012-09-26T22:24:38+02:00</sln:gmIIPWersja><sln:gmIdTeryt>3007052</sln:gmIdTeryt><sln:gmNazwa>Koźminek</sln:gmNazwa><sln:miejscIIPId>f0f5c2bc-d951-42fd-b094-50420f6fd5f0</sln:miejscIIPId><sln:miejscIIPPn>PL.PZGIK.200</sln:miejscIIPPn><sln:miejscIIPWersja>2016-11-24T13:38:50+02:00</sln:miejscIIPWersja><sln:miejscIdTeryt>0201112</sln:miejscIdTeryt><sln:miejscNazwa>Józefina</sln:miejscNazwa><sln:miejscRodzaj>Wieś</sln:miejscRodzaj><sln:powIIPId>a84ca93c-4ad8-494d-95a7-8b1a8c4d4517</sln:powIIPId><sln:powIIPPn>PL.PZGIK.200</sln:powIIPPn><sln:powIIPWersja>2012-09-27T08:59:03+02:00</sln:powIIPWersja><sln:powIdTeryt>3007</sln:powIdTeryt><sln:powNazwa>kaliski</sln:powNazwa><sln:wojIIPId>c606b01a-76c8-480d-9470-f24ca0d7a613</sln:wojIIPId><sln:wojIIPPn>PL.PZGIK.200</sln:wojIIPPn><sln:wojIIPWersja>2016-05-05T18:20:48+02:00</sln:wojIIPWersja><sln:wojIdTeryt>30</sln:wojIdTeryt><sln:wojNazwa>wielkopolskie</sln:wojNazwa></sln:miejscowosc><sln:miejscowosc><sln:cyklZyciaOd>2014-10-13T00:00:00+02:00</sln:cyklZyciaOd><sln:gmIIPId>37ef82ef-fc94-4cb4-ab03-994299333a4a</sln:gmIIPId><sln:gmIIPPn>PL.PZGIK.200</sln:gmIIPPn><sln:gmIIPWersja>2012-09-26T22:24:38+02:00</sln:gmIIPWersja><sln:gmIdTeryt>3007052</sln:gmIdTeryt><sln:gmNazwa>Koźminek</sln:gmNazwa><sln:miejscIIPId>a9621097-6f02-411e-97f3-9ba48034a71b</sln:miejscIIPId><sln:miejscIIPPn>PL.PZGIK.200</sln:miejscIIPPn><sln:miejscIIPWersja>2016-11-24T13:53:47+02:00</sln:miejscIIPWersja><sln:miejscIdTeryt>0201052</sln:miejscIdTeryt><sln:miejscNazwa>Pośrednik</sln:miejscNazwa><sln:miejscRodzaj>Inny obiekt</sln:miejscRodzaj><sln:powIIPId>a84ca93c-4ad8-494d-95a7-8b1a8c4d4517</sln:powIIPId><sln:powIIPPn>PL.PZGIK.200</sln:powIIPPn><sln:powIIPWersja>2012-09-27T08:59:03+02:00</sln:powIIPWersja><sln:powIdTeryt>3007</sln:powIdTeryt><sln:powNazwa>kaliski</sln:powNazwa><sln:wojIIPId>c606b01a-76c8-480d-9470-f24ca0d7a613</sln:wojIIPId><sln:wojIIPPn>PL.PZGIK.200</sln:wojIIPPn><sln:wojIIPWersja>2016-05-05T18:20:48+02:00</sln:wojIIPWersja><sln:wojIdTeryt>30</sln:wojIdTeryt><sln:wojNazwa>wielkopolskie</sln:wojNazwa></sln:miejscowosc><sln:miejscowosc><sln:cyklZyciaOd>2014-10-13T00:00:00+02:00</sln:cyklZyciaOd><sln:gmIIPId>37ef82ef-fc94-4cb4-ab03-994299333a4a</sln:gmIIPId><sln:gmIIPPn>PL.PZGIK.200</sln:gmIIPPn><sln:gmIIPWersja>2012-09-26T22:24:38+02:00</sln:gmIIPWersja><sln:gmIdTeryt>3007052</sln:gmIdTeryt><sln:gmNazwa>Koźminek</sln:gmNazwa><sln:miejscIIPId>e49eb8a4-c857-4921-a87b-59919cd5dafa</sln:miejscIIPId><sln:miejscIIPPn>PL.PZGIK.200</sln:miejscIIPPn><sln:miejscIIPWersja>2016-11-24T13:42:42+02:00</sln:miejscIIPWersja><sln:miejscIdTeryt>0201224</sln:miejscIdTeryt><sln:miejscNazwa>Moskurnia</sln:miejscNazwa><sln:miejscRodzaj>Wieś</sln:miejscRodzaj><sln:powIIPId>a84ca93c-4ad8-494d-95a7-8b1a8c4d4517</sln:powIIPId><sln:powIIPPn>PL.PZGIK.200</sln:powIIPPn><sln:powIIPWersja>2012-09-27T08:59:03+02:00</sln:powIIPWersja><sln:powIdTeryt>3007</sln:powIdTeryt><sln:powNazwa>kaliski</sln:powNazwa><sln:wojIIPId>c606b01a-76c8-480d-9470-f24ca0d7a613</sln:wojIIPId><sln:wojIIPPn>PL.PZGIK.200</sln:wojIIPPn><sln:wojIIPWersja>2016-05-05T18:20:48+02:00</sln:wojIIPWersja><sln:wojIdTeryt>30</sln:wojIdTeryt><sln:wojNazwa>wielkopolskie</sln:wojNazwa></sln:miejscowosc><sln:miejscowosc><sln:cyklZyciaOd>2014-10-13T00:00:00+02:00</sln:cyklZyciaOd><sln:gmIIPId>37ef82ef-fc94-4cb4-ab03-994299333a4a</sln:gmIIPId><sln:gmIIPPn>PL.PZGIK.200</sln:gmIIPPn><sln:gmIIPWersja>2012-09-26T22:24:38+02:00</sln:gmIIPWersja><sln:gmIdTeryt>3007052</sln:gmIdTeryt><sln:gmNazwa>Koźminek</sln:gmNazwa><sln:miejscIIPId>2c3c64a8-d927-4354-bc1f-49ca9006b613</sln:miejscIIPId><sln:miejscIIPPn>PL.PZGIK.200</sln:miejscIIPPn><sln:miejscIIPWersja>2016-11-24T13:53:47+02:00</sln:miejscIIPWersja><sln:miejscIdTeryt>0201069</sln:miejscIdTeryt><sln:miejscNazwa>Zosina</sln:miejscNazwa><sln:miejscRodzaj>Inny obiekt</sln:miejscRodzaj><sln:powIIPId>a84ca93c-4ad8-494d-95a7-8b1a8c4d4517</sln:powIIPId><sln:powIIPPn>PL.PZGIK.200</sln:powIIPPn><sln:powIIPWersja>2012-09-27T08:59:03+02:00</sln:powIIPWersja><sln:powIdTeryt>3007</sln:powIdTeryt><sln:powNazwa>kaliski</sln:powNazwa><sln:wojIIPId>c606b01a-76c8-480d-9470-f24ca0d7a613</sln:wojIIPId><sln:wojIIPPn>PL.PZGIK.200</sln:wojIIPPn><sln:wojIIPWersja>2016-05-05T18:20:48+02:00</sln:wojIIPWersja><sln:wojIdTeryt>30</sln:wojIdTeryt><sln:wojNazwa>wielkopolskie</sln:wojNazwa></sln:miejscowosc><sln:miejscowosc><sln:cyklZyciaOd>2014-10-13T00:00:00+02:00</sln:cyklZyciaOd><sln:gmIIPId>37ef82ef-fc94-4cb4-ab03-994299333a4a</sln:gmIIPId><sln:gmIIPPn>PL.PZGIK.200</sln:gmIIPPn><sln:gmIIPWersja>2012-09-26T22:24:38+02:00</sln:gmIIPWersja><sln:gmIdTeryt>3007052</sln:gmIdTeryt><sln:gmNazwa>Koźminek</sln:gmNazwa><sln:miejscIIPId>f90c07bb-934d-4836-8a05-e2700d42f687</sln:miejscIIPId><sln:miejscIIPPn>PL.PZGIK.200</sln:miejscIIPPn><sln:miejscIIPWersja>2016-11-24T13:53:47+02:00</sln:miejscIIPWersja><sln:miejscIdTeryt>0999222</sln:miejscIdTeryt><sln:miejscNazwa>Warwarówka</sln:miejscNazwa><sln:miejscRodzaj>Inny obiekt</sln:miejscRodzaj><sln:powIIPId>a84ca93c-4ad8-494d-95a7-8b1a8c4d4517</sln:powIIPId><sln:powIIPPn>PL.PZGIK.200</sln:powIIPPn><sln:powIIPWersja>2012-09-27T08:59:03+02:00</sln:powIIPWersja><sln:powIdTeryt>3007</sln:powIdTeryt><sln:powNazwa>kaliski</sln:powNazwa><sln:wojIIPId>c606b01a-76c8-480d-9470-f24ca0d7a613</sln:wojIIPId><sln:wojIIPPn>PL.PZGIK.200</sln:wojIIPPn><sln:wojIIPWersja>2016-05-05T18:20:48+02:00</sln:wojIIPWersja><sln:wojIdTeryt>30</sln:wojIdTeryt><sln:wojNazwa>wielkopolskie</sln:wojNazwa></sln:miejscowosc><sln:miejscowosc><sln:cyklZyciaOd>2014-10-13T00:00:00+02:00</sln:cyklZyciaOd><sln:gmIIPId>37ef82ef-fc94-4cb4-ab03-994299333a4a</sln:gmIIPId><sln:gmIIPPn>PL.PZGIK.200</sln:gmIIPPn><sln:gmIIPWersja>2012-09-26T22:24:38+02:00</sln:gmIIPWersja><sln:gmIdTeryt>3007052</sln:gmIdTeryt><sln:gmNazwa>Koźminek</sln:gmNazwa><sln:miejscIIPId>61dc18b0-c1ae-45ba-bf1d-b96ccd9bc8cf</sln:miejscIIPId><sln:miejscIIPPn>PL.PZGIK.200</sln:miejscIIPPn><sln:miejscIIPWersja>2016-11-24T13:53:47+02:00</sln:miejscIIPWersja><sln:miejscIdTeryt>0999334</sln:miejscIdTeryt><sln:miejscNazwa>Emilianów-Kiwer</sln:miejscNazwa><sln:miejscRodzaj>Inny obiekt</sln:miejscRodzaj><sln:powIIPId>a84ca93c-4ad8-494d-95a7-8b1a8c4d4517</sln:powIIPId><sln:powIIPPn>PL.PZGIK.200</sln:powIIPPn><sln:powIIPWersja>2012-09-27T08:59:03+02:00</sln:powIIPWersja><sln:powIdTeryt>3007</sln:powIdTeryt><sln:powNazwa>kaliski</sln:powNazwa><sln:wojIIPId>c606b01a-76c8-480d-9470-f24ca0d7a613</sln:wojIIPId><sln:wojIIPPn>PL.PZGIK.200</sln:wojIIPPn><sln:wojIIPWersja>2016-05-05T18:20:48+02:00</sln:wojIIPWersja><sln:wojIdTeryt>30</sln:wojIdTeryt><sln:wojNazwa>wielkopolskie</sln:wojNazwa></sln:miejscowosc><sln:miejscowosc><sln:cyklZyciaOd>2014-10-13T00:00:00+02:00</sln:cyklZyciaOd><sln:gmIIPId>37ef82ef-fc94-4cb4-ab03-994299333a4a</sln:gmIIPId><sln:gmIIPPn>PL.PZGIK.200</sln:gmIIPPn><sln:gmIIPWersja>2012-09-26T22:24:38+02:00</sln:gmIIPWersja><sln:gmIdTeryt>3007052</sln:gmIdTeryt><sln:gmNazwa>Koźminek</sln:gmNazwa><sln:miejscIIPId>9d5cd963-99f3-4803-9b65-f5929278e75e</sln:miejscIIPId><sln:miejscIIPPn>PL.PZGIK.200</sln:miejscIIPPn><sln:miejscIIPWersja>2016-11-24T13:28:05+02:00</sln:miejscIIPWersja><sln:miejscIdTeryt>0201313</sln:miejscIdTeryt><sln:miejscNazwa>Pietrzyków</sln:miejscNazwa><sln:miejscRodzaj>Wieś</sln:miejscRodzaj><sln:powIIPId>a84ca93c-4ad8-494d-95a7-8b1a8c4d4517</sln:powIIPId><sln:powIIPPn>PL.PZGIK.200</sln:powIIPPn><sln:powIIPWersja>2012-09-27T08:59:03+02:00</sln:powIIPWersja><sln:powIdTeryt>3007</sln:powIdTeryt><sln:powNazwa>kaliski</sln:powNazwa><sln:wojIIPId>c606b01a-76c8-480d-9470-f24ca0d7a613</sln:wojIIPId><sln:wojIIPPn>PL.PZGIK.200</sln:wojIIPPn><sln:wojIIPWersja>2016-05-05T18:20:48+02:00</sln:wojIIPWersja><sln:wojIdTeryt>30</sln:wojIdTeryt><sln:wojNazwa>wielkopolskie</sln:wojNazwa></sln:miejscowosc><sln:miejscowosc><sln:cyklZyciaOd>2014-10-13T00:00:00+02:00</sln:cyklZyciaOd><sln:gmIIPId>37ef82ef-fc94-4cb4-ab03-994299333a4a</sln:gmIIPId><sln:gmIIPPn>PL.PZGIK.200</sln:gmIIPPn><sln:gmIIPWersja>2012-09-26T22:24:38+02:00</sln:gmIIPWersja><sln:gmIdTeryt>3007052</sln:gmIdTeryt><sln:gmNazwa>Koźminek</sln:gmNazwa><sln:miejscIIPId>9f74fac9-d039-46e9-9b26-3eae427679c7</sln:miejscIIPId><sln:miejscIIPPn>PL.PZGIK.200</sln:miejscIIPPn><sln:miejscIIPWersja>2016-11-24T13:42:00+02:00</sln:miejscIIPWersja><sln:miejscIdTeryt>0201201</sln:miejscIdTeryt><sln:miejscNazwa>Marianów</sln:miejscNazwa><sln:miejscRodzaj>Wieś</sln:miejscRodzaj><sln:powIIPId>a84ca93c-4ad8-494d-95a7-8b1a8c4d4517</sln:powIIPId><sln:powIIPPn>PL.PZGIK.200</sln:powIIPPn><sln:powIIPWersja>2012-09-27T08:59:03+02:00</sln:powIIPWersja><sln:powIdTeryt>3007</sln:powIdTeryt><sln:powNazwa>kaliski</sln:powNazwa><sln:wojIIPId>c606b01a-76c8-480d-9470-f24ca0d7a613</sln:wojIIPId><sln:wojIIPPn>PL.PZGIK.200</sln:wojIIPPn><sln:wojIIPWersja>2016-05-05T18:20:48+02:00</sln:wojIIPWersja><sln:wojIdTeryt>30</sln:wojIdTeryt><sln:wojNazwa>wielkopolskie</sln:wojNazwa></sln:miejscowosc><sln:miejscowosc><sln:cyklZyciaOd>2014-10-13T00:00:00+02:00</sln:cyklZyciaOd><sln:gmIIPId>37ef82ef-fc94-4cb4-ab03-994299333a4a</sln:gmIIPId><sln:gmIIPPn>PL.PZGIK.200</sln:gmIIPPn><sln:gmIIPWersja>2012-09-26T22:24:38+02:00</sln:gmIIPWersja><sln:gmIdTeryt>3007052</sln:gmIdTeryt><sln:gmNazwa>Koźminek</sln:gmNazwa><sln:miejscIIPId>852802cc-da57-44fd-9065-86dc768b2761</sln:miejscIIPId><sln:miejscIIPPn>PL.PZGIK.200</sln:miejscIIPPn><sln:miejscIIPWersja>2016-11-24T13:58:49+02:00</sln:miejscIIPWersja><sln:miejscIdTeryt>0201247</sln:miejscIdTeryt><sln:miejscNazwa>Raszawy</sln:miejscNazwa><sln:miejscRodzaj>Inny obiekt</sln:miejscRodzaj><sln:powIIPId>a84ca93c-4ad8-494d-95a7-8b1a8c4d4517</sln:powIIPId><sln:powIIPPn>PL.PZGIK.200</sln:powIIPPn><sln:powIIPWersja>2012-09-27T08:59:03+02:00</sln:powIIPWersja><sln:powIdTeryt>3007</sln:powIdTeryt><sln:powNazwa>kaliski</sln:powNazwa><sln:wojIIPId>c606b01a-76c8-480d-9470-f24ca0d7a613</sln:wojIIPId><sln:wojIIPPn>PL.PZGIK.200</sln:wojIIPPn><sln:wojIIPWersja>2016-05-05T18:20:48+02:00</sln:wojIIPWersja><sln:wojIdTeryt>30</sln:wojIdTeryt><sln:wojNazwa>wielkopolskie</sln:wojNazwa></sln:miejscowosc></sln:lista-miejscowosci>