<?xml version="1.0" encoding="UTF-8" standalone="yes"?><sln:lista-miejscowosci xmlns:srv="http://gugik.gov.pl/schemas/slowniki-service/1.0" xmlns:sln="http://gugik.gov.pl/schemas/slowniki-schema/1.0"><sln:miejscowosc><sln:cyklZyciaOd>2014-10-13T00:00:00+02:00</sln:cyklZyciaOd><sln:gmIIPId>25975c8f-192d-4df7-9e9a-b8f156d13aa0</sln:gmIIPId><sln:gmIIPPn>PL.PZGIK.200</sln:gmIIPPn><sln:gmIIPWersja>2012-09-26T22:24:38+02:00</sln:gmIIPWersja><sln:gmIdTeryt>3007062</sln:gmIdTeryt><sln:gmNazwa>Lisków</sln:gmNazwa><sln:miejscIIPId>de56b092-2f6c-4810-b789-716f113330f9</sln:miejscIIPId><sln:miejscIIPPn>PL.PZGIK.200</sln:miejscIIPPn><sln:miejscIIPWersja>2016-11-24T13:50:43+02:00</sln:miejscIIPWersja><sln:miejscIdTeryt>0202755</sln:miejscIdTeryt><sln:miejscNazwa>Tomaszew</sln:miejscNazwa><sln:miejscRodzaj>Kolonia</sln:miejscRodzaj><sln:powIIPId>a84ca93c-4ad8-494d-95a7-8b1a8c4d4517</sln:powIIPId><sln:powIIPPn>PL.PZGIK.200</sln:powIIPPn><sln:powIIPWersja>2012-09-27T08:59:03+02:00</sln:powIIPWersja><sln:powIdTeryt>3007</sln:powIdTeryt><sln:powNazwa>kaliski</sln:powNazwa><sln:wojIIPId>c606b01a-76c8-480d-9470-f24ca0d7a613</sln:wojIIPId><sln:wojIIPPn>PL.PZGIK.200</sln:wojIIPPn><sln:wojIIPWersja>2016-05-05T18:20:48+02:00</sln:wojIIPWersja><sln:wojIdTeryt>30</sln:wojIdTeryt><sln:wojNazwa>wielkopolskie</sln:wojNazwa></sln:miejscowosc><sln:miejscowosc><sln:cyklZyciaOd>2014-10-13T00:00:00+02:00</sln:cyklZyciaOd><sln:gmIIPId>25975c8f-192d-4df7-9e9a-b8f156d13aa0</sln:gmIIPId><sln:gmIIPPn>PL.PZGIK.200</sln:gmIIPPn><sln:gmIIPWersja>2012-09-26T22:24:38+02:00</sln:gmIIPWersja><sln:gmIdTeryt>3007062</sln:gmIdTeryt><sln:gmNazwa>Lisków</sln:gmNazwa><sln:miejscIIPId>c5ada749-a21a-496e-8417-f428d97f2bdb</sln:miejscIIPId><sln:miejscIIPPn>PL.PZGIK.200</sln:miejscIIPPn><sln:miejscIIPWersja>2016-11-24T13:50:55+02:00</sln:miejscIIPWersja><sln:miejscIdTeryt>0202778</sln:miejscIdTeryt><sln:miejscNazwa>Jeziorko</sln:miejscNazwa><sln:miejscRodzaj>Inny obiekt</sln:miejscRodzaj><sln:powIIPId>a84ca93c-4ad8-494d-95a7-8b1a8c4d4517</sln:powIIPId><sln:powIIPPn>PL.PZGIK.200</sln:powIIPPn><sln:powIIPWersja>2012-09-27T08:59:03+02:00</sln:powIIPWersja><sln:powIdTeryt>3007</sln:powIdTeryt><sln:powNazwa>kaliski</sln:powNazwa><sln:wojIIPId>c606b01a-76c8-480d-9470-f24ca0d7a613</sln:wojIIPId><sln:wojIIPPn>PL.PZGIK.200</sln:wojIIPPn><sln:wojIIPWersja>2016-05-05T18:20:48+02:00</sln:wojIIPWersja><sln:wojIdTeryt>30</sln:wojIdTeryt><sln:wojNazwa>wielkopolskie</sln:wojNazwa></sln:miejscowosc><sln:miejscowosc><sln:cyklZyciaOd>2014-10-13T00:00:00+02:00</sln:cyklZyciaOd><sln:gmIIPId>25975c8f-192d-4df7-9e9a-b8f156d13aa0</sln:gmIIPId><sln:gmIIPPn>PL.PZGIK.200</sln:gmIIPPn><sln:gmIIPWersja>2012-09-26T22:24:38+02:00</sln:gmIIPWersja><sln:gmIdTeryt>3007062</sln:gmIdTeryt><sln:gmNazwa>Lisków</sln:gmNazwa><sln:miejscIIPId>53985df8-ba94-4b51-9b68-25b14c223ffb</sln:miejscIIPId><sln:miejscIIPPn>PL.PZGIK.200</sln:miejscIIPPn><sln:miejscIIPWersja>2016-11-24T13:41:34+02:00</sln:miejscIIPWersja><sln:miejscIdTeryt>0202347</sln:miejscIdTeryt><sln:miejscNazwa>Annopol</sln:miejscNazwa><sln:miejscRodzaj>Wieś</sln:miejscRodzaj><sln:powIIPId>a84ca93c-4ad8-494d-95a7-8b1a8c4d4517</sln:powIIPId><sln:powIIPPn>PL.PZGIK.200</sln:powIIPPn><sln:powIIPWersja>2012-09-27T08:59:03+02:00</sln:powIIPWersja><sln:powIdTeryt>3007</sln:powIdTeryt><sln:powNazwa>kaliski</sln:powNazwa><sln:wojIIPId>c606b01a-76c8-480d-9470-f24ca0d7a613</sln:wojIIPId><sln:wojIIPPn>PL.PZGIK.200</sln:wojIIPPn><sln:wojIIPWersja>2016-05-05T18:20:48+02:00</sln:wojIIPWersja><sln:wojIdTeryt>30</sln:wojIdTeryt><sln:wojNazwa>wielkopolskie</sln:wojNazwa></sln:miejscowosc><sln:miejscowosc><sln:cyklZyciaOd>2014-10-13T00:00:00+02:00</sln:cyklZyciaOd><sln:gmIIPId>25975c8f-192d-4df7-9e9a-b8f156d13aa0</sln:gmIIPId><sln:gmIIPPn>PL.PZGIK.200</sln:gmIIPPn><sln:gmIIPWersja>2012-09-26T22:24:38+02:00</sln:gmIIPWersja><sln:gmIdTeryt>3007062</sln:gmIdTeryt><sln:gmNazwa>Lisków</sln:gmNazwa><sln:miejscIIPId>ebdba5e9-019c-40db-b4b4-5d002ba3183c</sln:miejscIIPId><sln:miejscIIPPn>PL.PZGIK.200</sln:miejscIIPPn><sln:miejscIIPWersja>2016-11-24T13:51:41+02:00</sln:miejscIIPWersja><sln:miejscIdTeryt>0202459</sln:miejscIdTeryt><sln:miejscNazwa>Polesie</sln:miejscNazwa><sln:miejscRodzaj>Inny obiekt</sln:miejscRodzaj><sln:powIIPId>a84ca93c-4ad8-494d-95a7-8b1a8c4d4517</sln:powIIPId><sln:powIIPPn>PL.PZGIK.200</sln:powIIPPn><sln:powIIPWersja>2012-09-27T08:59:03+02:00</sln:powIIPWersja><sln:powIdTeryt>3007</sln:powIdTeryt><sln:powNazwa>kaliski</sln:powNazwa><sln:wojIIPId>c606b01a-76c8-480d-9470-f24ca0d7a613</sln:wojIIPId><sln:wojIIPPn>PL.PZGIK.200</sln:wojIIPPn><sln:wojIIPWersja>2016-05-05T18:20:48+02:00</sln:wojIIPWersja><sln:wojIdTeryt>30</sln:wojIdTeryt><sln:wojNazwa>wielkopolskie</sln:wojNazwa></sln:miejscowosc><sln:miejscowosc><sln:cyklZyciaOd>2014-10-13T00:00:00+02:00</sln:cyklZyciaOd><sln:gmIIPId>25975c8f-192d-4df7-9e9a-b8f156d13aa0</sln:gmIIPId><sln:gmIIPPn>PL.PZGIK.200</sln:gmIIPPn><sln:gmIIPWersja>2012-09-26T22:24:38+02:00</sln:gmIIPWersja><sln:gmIdTeryt>3007062</sln:gmIdTeryt><sln:gmNazwa>Lisków</sln:gmNazwa><sln:miejscIIPId>376bc289-4ef1-4606-9410-48c61a4acf66</sln:miejscIIPId><sln:miejscIIPPn>PL.PZGIK.200</sln:miejscIIPPn><sln:miejscIIPWersja>2016-11-24T13:51:41+02:00</sln:miejscIIPWersja><sln:miejscIdTeryt>0202436</sln:miejscIdTeryt><sln:miejscNazwa>Ciepielew Pierwszy</sln:miejscNazwa><sln:miejscRodzaj>Inny obiekt</sln:miejscRodzaj><sln:powIIPId>a84ca93c-4ad8-494d-95a7-8b1a8c4d4517</sln:powIIPId><sln:powIIPPn>PL.PZGIK.200</sln:powIIPPn><sln:powIIPWersja>2012-09-27T08:59:03+02:00</sln:powIIPWersja><sln:powIdTeryt>3007</sln:powIdTeryt><sln:powNazwa>kaliski</sln:powNazwa><sln:wojIIPId>c606b01a-76c8-480d-9470-f24ca0d7a613</sln:wojIIPId><sln:wojIIPPn>PL.PZGIK.200</sln:wojIIPPn><sln:wojIIPWersja>2016-05-05T18:20:48+02:00</sln:wojIIPWersja><sln:wojIdTeryt>30</sln:wojIdTeryt><sln:wojNazwa>wielkopolskie</sln:wojNazwa></sln:miejscowosc><sln:miejscowosc><sln:cyklZyciaOd>2014-10-13T00:00:00+02:00</sln:cyklZyciaOd><sln:gmIIPId>25975c8f-192d-4df7-9e9a-b8f156d13aa0</sln:gmIIPId><sln:gmIIPPn>PL.PZGIK.200</sln:gmIIPPn><sln:gmIIPWersja>2012-09-26T22:24:38+02:00</sln:gmIIPWersja><sln:gmIdTeryt>3007062</sln:gmIdTeryt><sln:gmNazwa>Lisków</sln:gmNazwa><sln:miejscIIPId>f9f6200b-5aa1-4685-98d9-da9f02193134</sln:miejscIIPId><sln:miejscIIPPn>PL.PZGIK.200</sln:miejscIIPPn><sln:miejscIIPWersja>2016-11-24T13:50:55+02:00</sln:miejscIIPWersja><sln:miejscIdTeryt>0202815</sln:miejscIdTeryt><sln:miejscNazwa>Zakrzyn-Glapiniec</sln:miejscNazwa><sln:miejscRodzaj>Inny obiekt</sln:miejscRodzaj><sln:powIIPId>a84ca93c-4ad8-494d-95a7-8b1a8c4d4517</sln:powIIPId><sln:powIIPPn>PL.PZGIK.200</sln:powIIPPn><sln:powIIPWersja>2012-09-27T08:59:03+02:00</sln:powIIPWersja><sln:powIdTeryt>3007</sln:powIdTeryt><sln:powNazwa>kaliski</sln:powNazwa><sln:wojIIPId>c606b01a-76c8-480d-9470-f24ca0d7a613</sln:wojIIPId><sln:wojIIPPn>PL.PZGIK.200</sln:wojIIPPn><sln:wojIIPWersja>2016-05-05T18:20:48+02:00</sln:wojIIPWersja><sln:wojIdTeryt>30</sln:wojIdTeryt><sln:wojNazwa>wielkopolskie</sln:wojNazwa></sln:miejscowosc><sln:miejscowosc><sln:cyklZyciaOd>2014-10-13T00:00:00+02:00</sln:cyklZyciaOd><sln:gmIIPId>25975c8f-192d-4df7-9e9a-b8f156d13aa0</sln:gmIIPId><sln:gmIIPPn>PL.PZGIK.200</sln:gmIIPPn><sln:gmIIPWersja>2012-09-26T22:24:38+02:00</sln:gmIIPWersja><sln:gmIdTeryt>3007062</sln:gmIdTeryt><sln:gmNazwa>Lisków</sln:gmNazwa><sln:miejscIIPId>8ea3058b-75e8-4e57-929b-60990571b68c</sln:miejscIIPId><sln:miejscIIPPn>PL.PZGIK.200</sln:miejscIIPPn><sln:miejscIIPWersja>2016-11-24T13:51:41+02:00</sln:miejscIIPWersja><sln:miejscIdTeryt>0202420</sln:miejscIdTeryt><sln:miejscNazwa>Ciepielew Drugi</sln:miejscNazwa><sln:miejscRodzaj>Inny obiekt</sln:miejscRodzaj><sln:powIIPId>a84ca93c-4ad8-494d-95a7-8b1a8c4d4517</sln:powIIPId><sln:powIIPPn>PL.PZGIK.200</sln:powIIPPn><sln:powIIPWersja>2012-09-27T08:59:03+02:00</sln:powIIPWersja><sln:powIdTeryt>3007</sln:powIdTeryt><sln:powNazwa>kaliski</sln:powNazwa><sln:wojIIPId>c606b01a-76c8-480d-9470-f24ca0d7a613</sln:wojIIPId><sln:wojIIPPn>PL.PZGIK.200</sln:wojIIPPn><sln:wojIIPWersja>2016-05-05T18:20:48+02:00</sln:wojIIPWersja><sln:wojIdTeryt>30</sln:wojIdTeryt><sln:wojNazwa>wielkopolskie</sln:wojNazwa></sln:miejscowosc><sln:miejscowosc><sln:cyklZyciaOd>2014-10-13T00:00:00+02:00</sln:cyklZyciaOd><sln:gmIIPId>25975c8f-192d-4df7-9e9a-b8f156d13aa0</sln:gmIIPId><sln:gmIIPPn>PL.PZGIK.200</sln:gmIIPPn><sln:gmIIPWersja>2012-09-26T22:24:38+02:00</sln:gmIIPWersja><sln:gmIdTeryt>3007062</sln:gmIdTeryt><sln:gmNazwa>Lisków</sln:gmNazwa><sln:miejscIIPId>cc06e526-106d-4eb0-8e17-09f376e9f4a1</sln:miejscIIPId><sln:miejscIIPPn>PL.PZGIK.200</sln:miejscIIPPn><sln:miejscIIPWersja>2016-11-24T13:50:55+02:00</sln:miejscIIPWersja><sln:miejscIdTeryt>0202809</sln:miejscIdTeryt><sln:miejscNazwa>Zakrzyn-Dąbrowa</sln:miejscNazwa><sln:miejscRodzaj>Inny obiekt</sln:miejscRodzaj><sln:powIIPId>a84ca93c-4ad8-494d-95a7-8b1a8c4d4517</sln:powIIPId><sln:powIIPPn>PL.PZGIK.200</sln:powIIPPn><sln:powIIPWersja>2012-09-27T08:59:03+02:00</sln:powIIPWersja><sln:powIdTeryt>3007</sln:powIdTeryt><sln:powNazwa>kaliski</sln:powNazwa><sln:wojIIPId>c606b01a-76c8-480d-9470-f24ca0d7a613</sln:wojIIPId><sln:wojIIPPn>PL.PZGIK.200</sln:wojIIPPn><sln:wojIIPWersja>2016-05-05T18:20:48+02:00</sln:wojIIPWersja><sln:wojIdTeryt>30</sln:wojIdTeryt><sln:wojNazwa>wielkopolskie</sln:wojNazwa></sln:miejscowosc><sln:miejscowosc><sln:cyklZyciaOd>2014-10-13T00:00:00+02:00</sln:cyklZyciaOd><sln:gmIIPId>25975c8f-192d-4df7-9e9a-b8f156d13aa0</sln:gmIIPId><sln:gmIIPPn>PL.PZGIK.200</sln:gmIIPPn><sln:gmIIPWersja>2012-09-26T22:24:38+02:00</sln:gmIIPWersja><sln:gmIdTeryt>3007062</sln:gmIdTeryt><sln:gmNazwa>Lisków</sln:gmNazwa><sln:miejscIIPId>bf296034-2d8f-4105-b1b5-3668627c57eb</sln:miejscIIPId><sln:miejscIIPPn>PL.PZGIK.200</sln:miejscIIPPn><sln:miejscIIPWersja>2016-11-24T13:51:41+02:00</sln:miejscIIPWersja><sln:miejscIdTeryt>0202442</sln:miejscIdTeryt><sln:miejscNazwa>Izerów</sln:miejscNazwa><sln:miejscRodzaj>Inny obiekt</sln:miejscRodzaj><sln:powIIPId>a84ca93c-4ad8-494d-95a7-8b1a8c4d4517</sln:powIIPId><sln:powIIPPn>PL.PZGIK.200</sln:powIIPPn><sln:powIIPWersja>2012-09-27T08:59:03+02:00</sln:powIIPWersja><sln:powIdTeryt>3007</sln:powIdTeryt><sln:powNazwa>kaliski</sln:powNazwa><sln:wojIIPId>c606b01a-76c8-480d-9470-f24ca0d7a613</sln:wojIIPId><sln:wojIIPPn>PL.PZGIK.200</sln:wojIIPPn><sln:wojIIPWersja>2016-05-05T18:20:48+02:00</sln:wojIIPWersja><sln:wojIdTeryt>30</sln:wojIdTeryt><sln:wojNazwa>wielkopolskie</sln:wojNazwa></sln:miejscowosc><sln:miejscowosc><sln:cyklZyciaOd>2014-10-13T00:00:00+02:00</sln:cyklZyciaOd><sln:gmIIPId>25975c8f-192d-4df7-9e9a-b8f156d13aa0</sln:gmIIPId><sln:gmIIPPn>PL.PZGIK.200</sln:gmIIPPn><sln:gmIIPWersja>2012-09-26T22:24:38+02:00</sln:gmIIPWersja><sln:gmIdTeryt>3007062</sln:gmIdTeryt><sln:gmNazwa>Lisków</sln:gmNazwa><sln:miejscIIPId>384b4654-f3ef-4022-9a30-50f4e1841d63</sln:miejscIIPId><sln:miejscIIPPn>PL.PZGIK.200</sln:miejscIIPPn><sln:miejscIIPWersja>2016-11-24T13:50:55+02:00</sln:miejscIIPWersja><sln:miejscIdTeryt>0202790</sln:miejscIdTeryt><sln:miejscNazwa>Zakrzyn-Baranek</sln:miejscNazwa><sln:miejscRodzaj>Inny obiekt</sln:miejscRodzaj><sln:powIIPId>a84ca93c-4ad8-494d-95a7-8b1a8c4d4517</sln:powIIPId><sln:powIIPPn>PL.PZGIK.200</sln:powIIPPn><sln:powIIPWersja>2012-09-27T08:59:03+02:00</sln:powIIPWersja><sln:powIdTeryt>3007</sln:powIdTeryt><sln:powNazwa>kaliski</sln:powNazwa><sln:wojIIPId>c606b01a-76c8-480d-9470-f24ca0d7a613</sln:wojIIPId><sln:wojIIPPn>PL.PZGIK.200</sln:wojIIPPn><sln:wojIIPWersja>2016-05-05T18:20:48+02:00</sln:wojIIPWersja><sln:wojIdTeryt>30</sln:wojIdTeryt><sln:wojNazwa>wielkopolskie</sln:wojNazwa></sln:miejscowosc><sln:miejscowosc><sln:cyklZyciaOd>2014-10-13T00:00:00+02:00</sln:cyklZyciaOd><sln:gmIIPId>25975c8f-192d-4df7-9e9a-b8f156d13aa0</sln:gmIIPId><sln:gmIIPPn>PL.PZGIK.200</sln:gmIIPPn><sln:gmIIPWersja>2012-09-26T22:24:38+02:00</sln:gmIIPWersja><sln:gmIdTeryt>3007062</sln:gmIdTeryt><sln:gmNazwa>Lisków</sln:gmNazwa><sln:miejscIIPId>d1d530df-33c1-41f7-8d1a-cc671ee01881</sln:miejscIIPId><sln:miejscIIPPn>PL.PZGIK.200</sln:miejscIIPPn><sln:miejscIIPWersja>2016-11-24T13:47:36+02:00</sln:miejscIIPWersja><sln:miejscIdTeryt>0202689</sln:miejscIdTeryt><sln:miejscNazwa>Rutkowice</sln:miejscNazwa><sln:miejscRodzaj>Inny obiekt</sln:miejscRodzaj><sln:powIIPId>a84ca93c-4ad8-494d-95a7-8b1a8c4d4517</sln:powIIPId><sln:powIIPPn>PL.PZGIK.200</sln:powIIPPn><sln:powIIPWersja>2012-09-27T08:59:03+02:00</sln:powIIPWersja><sln:powIdTeryt>3007</sln:powIdTeryt><sln:powNazwa>kaliski</sln:powNazwa><sln:wojIIPId>c606b01a-76c8-480d-9470-f24ca0d7a613</sln:wojIIPId><sln:wojIIPPn>PL.PZGIK.200</sln:wojIIPPn><sln:wojIIPWersja>2016-05-05T18:20:48+02:00</sln:wojIIPWersja><sln:wojIdTeryt>30</sln:wojIdTeryt><sln:wojNazwa>wielkopolskie</sln:wojNazwa></sln:miejscowosc><sln:miejscowosc><sln:cyklZyciaOd>2014-10-13T00:00:00+02:00</sln:cyklZyciaOd><sln:gmIIPId>25975c8f-192d-4df7-9e9a-b8f156d13aa0</sln:gmIIPId><sln:gmIIPPn>PL.PZGIK.200</sln:gmIIPPn><sln:gmIIPWersja>2012-09-26T22:24:38+02:00</sln:gmIIPWersja><sln:gmIdTeryt>3007062</sln:gmIdTeryt><sln:gmNazwa>Lisków</sln:gmNazwa><sln:miejscIIPId>c169d5e5-8327-43e3-bcdd-f05ca43468e0</sln:miejscIIPId><sln:miejscIIPPn>PL.PZGIK.200</sln:miejscIIPPn><sln:miejscIIPWersja>2016-11-24T13:47:36+02:00</sln:miejscIIPWersja><sln:miejscIdTeryt>0202666</sln:miejscIdTeryt><sln:miejscNazwa>Grabowa</sln:miejscNazwa><sln:miejscRodzaj>Inny obiekt</sln:miejscRodzaj><sln:powIIPId>a84ca93c-4ad8-494d-95a7-8b1a8c4d4517</sln:powIIPId><sln:powIIPPn>PL.PZGIK.200</sln:powIIPPn><sln:powIIPWersja>2012-09-27T08:59:03+02:00</sln:powIIPWersja><sln:powIdTeryt>3007</sln:powIdTeryt><sln:powNazwa>kaliski</sln:powNazwa><sln:wojIIPId>c606b01a-76c8-480d-9470-f24ca0d7a613</sln:wojIIPId><sln:wojIIPPn>PL.PZGIK.200</sln:wojIIPPn><sln:wojIIPWersja>2016-05-05T18:20:48+02:00</sln:wojIIPWersja><sln:wojIdTeryt>30</sln:wojIdTeryt><sln:wojNazwa>wielkopolskie</sln:wojNazwa></sln:miejscowosc><sln:miejscowosc><sln:cyklZyciaOd>2014-10-13T00:00:00+02:00</sln:cyklZyciaOd><sln:gmIIPId>25975c8f-192d-4df7-9e9a-b8f156d13aa0</sln:gmIIPId><sln:gmIIPPn>PL.PZGIK.200</sln:gmIIPPn><sln:gmIIPWersja>2012-09-26T22:24:38+02:00</sln:gmIIPWersja><sln:gmIdTeryt>3007062</sln:gmIdTeryt><sln:gmNazwa>Lisków</sln:gmNazwa><sln:miejscIIPId>636b29a3-890c-469c-a516-2bae8713ccd5</sln:miejscIIPId><sln:miejscIIPPn>PL.PZGIK.200</sln:miejscIIPPn><sln:miejscIIPWersja>2016-11-24T13:47:36+02:00</sln:miejscIIPWersja><sln:miejscIdTeryt>0202650</sln:miejscIdTeryt><sln:miejscNazwa>Gorzelew</sln:miejscNazwa><sln:miejscRodzaj>Inny obiekt</sln:miejscRodzaj><sln:powIIPId>a84ca93c-4ad8-494d-95a7-8b1a8c4d4517</sln:powIIPId><sln:powIIPPn>PL.PZGIK.200</sln:powIIPPn><sln:powIIPWersja>2012-09-27T08:59:03+02:00</sln:powIIPWersja><sln:powIdTeryt>3007</sln:powIdTeryt><sln:powNazwa>kaliski</sln:powNazwa><sln:wojIIPId>c606b01a-76c8-480d-9470-f24ca0d7a613</sln:wojIIPId><sln:wojIIPPn>PL.PZGIK.200</sln:wojIIPPn><sln:wojIIPWersja>2016-05-05T18:20:48+02:00</sln:wojIIPWersja><sln:wojIdTeryt>30</sln:wojIdTeryt><sln:wojNazwa>wielkopolskie</sln:wojNazwa></sln:miejscowosc><sln:miejscowosc><sln:cyklZyciaOd>2014-10-13T00:00:00+02:00</sln:cyklZyciaOd><sln:gmIIPId>25975c8f-192d-4df7-9e9a-b8f156d13aa0</sln:gmIIPId><sln:gmIIPPn>PL.PZGIK.200</sln:gmIIPPn><sln:gmIIPWersja>2012-09-26T22:24:38+02:00</sln:gmIIPWersja><sln:gmIdTeryt>3007062</sln:gmIdTeryt><sln:gmNazwa>Lisków</sln:gmNazwa><sln:miejscIIPId>d91d878e-992f-4f74-98b0-4b396fb1d048</sln:miejscIIPId><sln:miejscIIPPn>PL.PZGIK.200</sln:miejscIIPPn><sln:miejscIIPWersja>2016-11-24T13:27:58+02:00</sln:miejscIIPWersja><sln:miejscIdTeryt>3002369</sln:miejscIdTeryt><sln:miejscNazwa>Świdle-Czerwieniec</sln:miejscNazwa><sln:miejscRodzaj>Inny obiekt</sln:miejscRodzaj><sln:powIIPId>a84ca93c-4ad8-494d-95a7-8b1a8c4d4517</sln:powIIPId><sln:powIIPPn>PL.PZGIK.200</sln:powIIPPn><sln:powIIPWersja>2012-09-27T08:59:03+02:00</sln:powIIPWersja><sln:powIdTeryt>3007</sln:powIdTeryt><sln:powNazwa>kaliski</sln:powNazwa><sln:wojIIPId>c606b01a-76c8-480d-9470-f24ca0d7a613</sln:wojIIPId><sln:wojIIPPn>PL.PZGIK.200</sln:wojIIPPn><sln:wojIIPWersja>2016-05-05T18:20:48+02:00</sln:wojIIPWersja><sln:wojIdTeryt>30</sln:wojIdTeryt><sln:wojNazwa>wielkopolskie</sln:wojNazwa></sln:miejscowosc><sln:miejscowosc><sln:cyklZyciaOd>2014-10-13T00:00:00+02:00</sln:cyklZyciaOd><sln:gmIIPId>25975c8f-192d-4df7-9e9a-b8f156d13aa0</sln:gmIIPId><sln:gmIIPPn>PL.PZGIK.200</sln:gmIIPPn><sln:gmIIPWersja>2012-09-26T22:24:38+02:00</sln:gmIIPWersja><sln:gmIdTeryt>3007062</sln:gmIdTeryt><sln:gmNazwa>Lisków</sln:gmNazwa><sln:miejscIIPId>e0f72ccb-cd85-436d-b41f-6a27bf8c81cf</sln:miejscIIPId><sln:miejscIIPPn>PL.PZGIK.200</sln:miejscIIPPn><sln:miejscIIPWersja>2016-11-24T13:35:33+02:00</sln:miejscIIPWersja><sln:miejscIdTeryt>0202413</sln:miejscIdTeryt><sln:miejscNazwa>Ciepielew</sln:miejscNazwa><sln:miejscRodzaj>Wieś</sln:miejscRodzaj><sln:powIIPId>a84ca93c-4ad8-494d-95a7-8b1a8c4d4517</sln:powIIPId><sln:powIIPPn>PL.PZGIK.200</sln:powIIPPn><sln:powIIPWersja>2012-09-27T08:59:03+02:00</sln:powIIPWersja><sln:powIdTeryt>3007</sln:powIdTeryt><sln:powNazwa>kaliski</sln:powNazwa><sln:wojIIPId>c606b01a-76c8-480d-9470-f24ca0d7a613</sln:wojIIPId><sln:wojIIPPn>PL.PZGIK.200</sln:wojIIPPn><sln:wojIIPWersja>2016-05-05T18:20:48+02:00</sln:wojIIPWersja><sln:wojIdTeryt>30</sln:wojIdTeryt><sln:wojNazwa>wielkopolskie</sln:wojNazwa></sln:miejscowosc><sln:miejscowosc><sln:cyklZyciaOd>2014-10-13T00:00:00+02:00</sln:cyklZyciaOd><sln:gmIIPId>25975c8f-192d-4df7-9e9a-b8f156d13aa0</sln:gmIIPId><sln:gmIIPPn>PL.PZGIK.200</sln:gmIIPPn><sln:gmIIPWersja>2012-09-26T22:24:38+02:00</sln:gmIIPWersja><sln:gmIdTeryt>3007062</sln:gmIdTeryt><sln:gmNazwa>Lisków</sln:gmNazwa><sln:miejscIIPId>6d3491dd-0b9a-4be3-a5b1-aedd251bbb9c</sln:miejscIIPId><sln:miejscIIPPn>PL.PZGIK.200</sln:miejscIIPPn><sln:miejscIIPWersja>2016-11-24T13:32:32+02:00</sln:miejscIIPWersja><sln:miejscIdTeryt>0202703</sln:miejscIdTeryt><sln:miejscNazwa>Trzebienie</sln:miejscNazwa><sln:miejscRodzaj>Wieś</sln:miejscRodzaj><sln:powIIPId>a84ca93c-4ad8-494d-95a7-8b1a8c4d4517</sln:powIIPId><sln:powIIPPn>PL.PZGIK.200</sln:powIIPPn><sln:powIIPWersja>2012-09-27T08:59:03+02:00</sln:powIIPWersja><sln:powIdTeryt>3007</sln:powIdTeryt><sln:powNazwa>kaliski</sln:powNazwa><sln:wojIIPId>c606b01a-76c8-480d-9470-f24ca0d7a613</sln:wojIIPId><sln:wojIIPPn>PL.PZGIK.200</sln:wojIIPPn><sln:wojIIPWersja>2016-05-05T18:20:48+02:00</sln:wojIIPWersja><sln:wojIdTeryt>30</sln:wojIdTeryt><sln:wojNazwa>wielkopolskie</sln:wojNazwa></sln:miejscowosc><sln:miejscowosc><sln:cyklZyciaOd>2014-10-13T00:00:00+02:00</sln:cyklZyciaOd><sln:gmIIPId>25975c8f-192d-4df7-9e9a-b8f156d13aa0</sln:gmIIPId><sln:gmIIPPn>PL.PZGIK.200</sln:gmIIPPn><sln:gmIIPWersja>2012-09-26T22:24:38+02:00</sln:gmIIPWersja><sln:gmIdTeryt>3007062</sln:gmIdTeryt><sln:gmNazwa>Lisków</sln:gmNazwa><sln:miejscIIPId>ce8009e3-b12e-453d-8b1a-84d0f174a27a</sln:miejscIIPId><sln:miejscIIPPn>PL.PZGIK.200</sln:miejscIIPPn><sln:miejscIIPWersja>2016-11-24T13:55:02+02:00</sln:miejscIIPWersja><sln:miejscIdTeryt>0202488</sln:miejscIdTeryt><sln:miejscNazwa>Strzałków</sln:miejscNazwa><sln:miejscRodzaj>Inny obiekt</sln:miejscRodzaj><sln:powIIPId>a84ca93c-4ad8-494d-95a7-8b1a8c4d4517</sln:powIIPId><sln:powIIPPn>PL.PZGIK.200</sln:powIIPPn><sln:powIIPWersja>2012-09-27T08:59:03+02:00</sln:powIIPWersja><sln:powIdTeryt>3007</sln:powIdTeryt><sln:powNazwa>kaliski</sln:powNazwa><sln:wojIIPId>c606b01a-76c8-480d-9470-f24ca0d7a613</sln:wojIIPId><sln:wojIIPPn>PL.PZGIK.200</sln:wojIIPPn><sln:wojIIPWersja>2016-05-05T18:20:48+02:00</sln:wojIIPWersja><sln:wojIdTeryt>30</sln:wojIdTeryt><sln:wojNazwa>wielkopolskie</sln:wojNazwa></sln:miejscowosc><sln:miejscowosc><sln:cyklZyciaOd>2014-10-13T00:00:00+02:00</sln:cyklZyciaOd><sln:gmIIPId>25975c8f-192d-4df7-9e9a-b8f156d13aa0</sln:gmIIPId><sln:gmIIPPn>PL.PZGIK.200</sln:gmIIPPn><sln:gmIIPWersja>2012-09-26T22:24:38+02:00</sln:gmIIPWersja><sln:gmIdTeryt>3007062</sln:gmIdTeryt><sln:gmNazwa>Lisków</sln:gmNazwa><sln:miejscIIPId>2e19e552-af49-437d-a49d-e58693dd6bff</sln:miejscIIPId><sln:miejscIIPPn>PL.PZGIK.200</sln:miejscIIPPn><sln:miejscIIPWersja>2016-11-24T13:42:51+02:00</sln:miejscIIPWersja><sln:miejscIdTeryt>0202590</sln:miejscIdTeryt><sln:miejscNazwa>Nadzież</sln:miejscNazwa><sln:miejscRodzaj>Wieś</sln:miejscRodzaj><sln:powIIPId>a84ca93c-4ad8-494d-95a7-8b1a8c4d4517</sln:powIIPId><sln:powIIPPn>PL.PZGIK.200</sln:powIIPPn><sln:powIIPWersja>2012-09-27T08:59:03+02:00</sln:powIIPWersja><sln:powIdTeryt>3007</sln:powIdTeryt><sln:powNazwa>kaliski</sln:powNazwa><sln:wojIIPId>c606b01a-76c8-480d-9470-f24ca0d7a613</sln:wojIIPId><sln:wojIIPPn>PL.PZGIK.200</sln:wojIIPPn><sln:wojIIPWersja>2016-05-05T18:20:48+02:00</sln:wojIIPWersja><sln:wojIdTeryt>30</sln:wojIdTeryt><sln:wojNazwa>wielkopolskie</sln:wojNazwa></sln:miejscowosc><sln:miejscowosc><sln:cyklZyciaOd>2014-10-13T00:00:00+02:00</sln:cyklZyciaOd><sln:gmIIPId>25975c8f-192d-4df7-9e9a-b8f156d13aa0</sln:gmIIPId><sln:gmIIPPn>PL.PZGIK.200</sln:gmIIPPn><sln:gmIIPWersja>2012-09-26T22:24:38+02:00</sln:gmIIPWersja><sln:gmIdTeryt>3007062</sln:gmIdTeryt><sln:gmNazwa>Lisków</sln:gmNazwa><sln:miejscIIPId>b5cc5dea-086b-4710-af42-2e60e34bd98d</sln:miejscIIPId><sln:miejscIIPPn>PL.PZGIK.200</sln:miejscIIPPn><sln:miejscIIPWersja>2016-11-24T13:55:02+02:00</sln:miejscIIPWersja><sln:miejscIdTeryt>0202471</sln:miejscIdTeryt><sln:miejscNazwa>Lubień</sln:miejscNazwa><sln:miejscRodzaj>Inny obiekt</sln:miejscRodzaj><sln:powIIPId>a84ca93c-4ad8-494d-95a7-8b1a8c4d4517</sln:powIIPId><sln:powIIPPn>PL.PZGIK.200</sln:powIIPPn><sln:powIIPWersja>2012-09-27T08:59:03+02:00</sln:powIIPWersja><sln:powIdTeryt>3007</sln:powIdTeryt><sln:powNazwa>kaliski</sln:powNazwa><sln:wojIIPId>c606b01a-76c8-480d-9470-f24ca0d7a613</sln:wojIIPId><sln:wojIIPPn>PL.PZGIK.200</sln:wojIIPPn><sln:wojIIPWersja>2016-05-05T18:20:48+02:00</sln:wojIIPWersja><sln:wojIdTeryt>30</sln:wojIdTeryt><sln:wojNazwa>wielkopolskie</sln:wojNazwa></sln:miejscowosc><sln:miejscowosc><sln:cyklZyciaOd>2014-10-13T00:00:00+02:00</sln:cyklZyciaOd><sln:gmIIPId>25975c8f-192d-4df7-9e9a-b8f156d13aa0</sln:gmIIPId><sln:gmIIPPn>PL.PZGIK.200</sln:gmIIPPn><sln:gmIIPWersja>2012-09-26T22:24:38+02:00</sln:gmIIPWersja><sln:gmIdTeryt>3007062</sln:gmIdTeryt><sln:gmNazwa>Lisków</sln:gmNazwa><sln:miejscIIPId>aa3767a3-4f4c-4f9e-8929-62a4274afff6</sln:miejscIIPId><sln:miejscIIPPn>PL.PZGIK.200</sln:miejscIIPPn><sln:miejscIIPWersja>2016-11-24T13:38:50+02:00</sln:miejscIIPWersja><sln:miejscIdTeryt>0202465</sln:miejscIdTeryt><sln:miejscNazwa>Józefów</sln:miejscNazwa><sln:miejscRodzaj>Wieś</sln:miejscRodzaj><sln:powIIPId>a84ca93c-4ad8-494d-95a7-8b1a8c4d4517</sln:powIIPId><sln:powIIPPn>PL.PZGIK.200</sln:powIIPPn><sln:powIIPWersja>2012-09-27T08:59:03+02:00</sln:powIIPWersja><sln:powIdTeryt>3007</sln:powIdTeryt><sln:powNazwa>kaliski</sln:powNazwa><sln:wojIIPId>c606b01a-76c8-480d-9470-f24ca0d7a613</sln:wojIIPId><sln:wojIIPPn>PL.PZGIK.200</sln:wojIIPPn><sln:wojIIPWersja>2016-05-05T18:20:48+02:00</sln:wojIIPWersja><sln:wojIdTeryt>30</sln:wojIdTeryt><sln:wojNazwa>wielkopolskie</sln:wojNazwa></sln:miejscowosc><sln:miejscowosc><sln:cyklZyciaOd>2014-10-13T00:00:00+02:00</sln:cyklZyciaOd><sln:gmIIPId>25975c8f-192d-4df7-9e9a-b8f156d13aa0</sln:gmIIPId><sln:gmIIPPn>PL.PZGIK.200</sln:gmIIPPn><sln:gmIIPWersja>2012-09-26T22:24:38+02:00</sln:gmIIPWersja><sln:gmIdTeryt>3007062</sln:gmIdTeryt><sln:gmNazwa>Lisków</sln:gmNazwa><sln:miejscIIPId>16b65896-e47a-421e-84e4-f1f3887be560</sln:miejscIIPId><sln:miejscIIPPn>PL.PZGIK.200</sln:miejscIIPPn><sln:miejscIIPWersja>2016-11-24T13:41:12+02:00</sln:miejscIIPWersja><sln:miejscIdTeryt>0202531</sln:miejscIdTeryt><sln:miejscNazwa>Lisków</sln:miejscNazwa><sln:miejscRodzaj>Wieś</sln:miejscRodzaj><sln:powIIPId>a84ca93c-4ad8-494d-95a7-8b1a8c4d4517</sln:powIIPId><sln:powIIPPn>PL.PZGIK.200</sln:powIIPPn><sln:powIIPWersja>2012-09-27T08:59:03+02:00</sln:powIIPWersja><sln:powIdTeryt>3007</sln:powIdTeryt><sln:powNazwa>kaliski</sln:powNazwa><sln:wojIIPId>c606b01a-76c8-480d-9470-f24ca0d7a613</sln:wojIIPId><sln:wojIIPPn>PL.PZGIK.200</sln:wojIIPPn><sln:wojIIPWersja>2016-05-05T18:20:48+02:00</sln:wojIIPWersja><sln:wojIdTeryt>30</sln:wojIdTeryt><sln:wojNazwa>wielkopolskie</sln:wojNazwa></sln:miejscowosc><sln:miejscowosc><sln:cyklZyciaOd>2014-10-13T00:00:00+02:00</sln:cyklZyciaOd><sln:gmIIPId>25975c8f-192d-4df7-9e9a-b8f156d13aa0</sln:gmIIPId><sln:gmIIPPn>PL.PZGIK.200</sln:gmIIPPn><sln:gmIIPWersja>2012-09-26T22:24:38+02:00</sln:gmIIPWersja><sln:gmIdTeryt>3007062</sln:gmIdTeryt><sln:gmNazwa>Lisków</sln:gmNazwa><sln:miejscIIPId>4041e7d3-ee48-4d3a-850e-e2355cddc485</sln:miejscIIPId><sln:miejscIIPPn>PL.PZGIK.200</sln:miejscIIPPn><sln:miejscIIPWersja>2016-11-24T13:35:25+02:00</sln:miejscIIPWersja><sln:miejscIdTeryt>0202376</sln:miejscIdTeryt><sln:miejscNazwa>Chrusty</sln:miejscNazwa><sln:miejscRodzaj>Wieś</sln:miejscRodzaj><sln:powIIPId>a84ca93c-4ad8-494d-95a7-8b1a8c4d4517</sln:powIIPId><sln:powIIPPn>PL.PZGIK.200</sln:powIIPPn><sln:powIIPWersja>2012-09-27T08:59:03+02:00</sln:powIIPWersja><sln:powIdTeryt>3007</sln:powIdTeryt><sln:powNazwa>kaliski</sln:powNazwa><sln:wojIIPId>c606b01a-76c8-480d-9470-f24ca0d7a613</sln:wojIIPId><sln:wojIIPPn>PL.PZGIK.200</sln:wojIIPPn><sln:wojIIPWersja>2016-05-05T18:20:48+02:00</sln:wojIIPWersja><sln:wojIdTeryt>30</sln:wojIdTeryt><sln:wojNazwa>wielkopolskie</sln:wojNazwa></sln:miejscowosc><sln:miejscowosc><sln:cyklZyciaOd>2014-10-13T00:00:00+02:00</sln:cyklZyciaOd><sln:gmIIPId>25975c8f-192d-4df7-9e9a-b8f156d13aa0</sln:gmIIPId><sln:gmIIPPn>PL.PZGIK.200</sln:gmIIPPn><sln:gmIIPWersja>2012-09-26T22:24:38+02:00</sln:gmIIPWersja><sln:gmIdTeryt>3007062</sln:gmIdTeryt><sln:gmNazwa>Lisków</sln:gmNazwa><sln:miejscIIPId>973a18dc-2747-4898-b1bd-5a2fc6e2b42c</sln:miejscIIPId><sln:miejscIIPPn>PL.PZGIK.200</sln:miejscIIPPn><sln:miejscIIPWersja>2016-11-24T13:31:49+02:00</sln:miejscIIPWersja><sln:miejscIdTeryt>0202695</sln:miejscIdTeryt><sln:miejscNazwa>Swoboda</sln:miejscNazwa><sln:miejscRodzaj>Wieś</sln:miejscRodzaj><sln:powIIPId>a84ca93c-4ad8-494d-95a7-8b1a8c4d4517</sln:powIIPId><sln:powIIPPn>PL.PZGIK.200</sln:powIIPPn><sln:powIIPWersja>2012-09-27T08:59:03+02:00</sln:powIIPWersja><sln:powIdTeryt>3007</sln:powIdTeryt><sln:powNazwa>kaliski</sln:powNazwa><sln:wojIIPId>c606b01a-76c8-480d-9470-f24ca0d7a613</sln:wojIIPId><sln:wojIIPPn>PL.PZGIK.200</sln:wojIIPPn><sln:wojIIPWersja>2016-05-05T18:20:48+02:00</sln:wojIIPWersja><sln:wojIdTeryt>30</sln:wojIdTeryt><sln:wojNazwa>wielkopolskie</sln:wojNazwa></sln:miejscowosc><sln:miejscowosc><sln:cyklZyciaOd>2014-10-13T00:00:00+02:00</sln:cyklZyciaOd><sln:gmIIPId>25975c8f-192d-4df7-9e9a-b8f156d13aa0</sln:gmIIPId><sln:gmIIPPn>PL.PZGIK.200</sln:gmIIPPn><sln:gmIIPWersja>2012-09-26T22:24:38+02:00</sln:gmIIPWersja><sln:gmIdTeryt>3007062</sln:gmIdTeryt><sln:gmNazwa>Lisków</sln:gmNazwa><sln:miejscIIPId>0949080c-9791-48b3-a80b-454b5626745d</sln:miejscIIPId><sln:miejscIIPPn>PL.PZGIK.200</sln:miejscIIPPn><sln:miejscIIPWersja>2016-11-24T13:34:17+02:00</sln:miejscIIPWersja><sln:miejscIdTeryt>0202844</sln:miejscIdTeryt><sln:miejscNazwa>Zakrzyn-Kolonia</sln:miejscNazwa><sln:miejscRodzaj>Wieś</sln:miejscRodzaj><sln:powIIPId>a84ca93c-4ad8-494d-95a7-8b1a8c4d4517</sln:powIIPId><sln:powIIPPn>PL.PZGIK.200</sln:powIIPPn><sln:powIIPWersja>2012-09-27T08:59:03+02:00</sln:powIIPWersja><sln:powIdTeryt>3007</sln:powIdTeryt><sln:powNazwa>kaliski</sln:powNazwa><sln:wojIIPId>c606b01a-76c8-480d-9470-f24ca0d7a613</sln:wojIIPId><sln:wojIIPPn>PL.PZGIK.200</sln:wojIIPPn><sln:wojIIPWersja>2016-05-05T18:20:48+02:00</sln:wojIIPWersja><sln:wojIdTeryt>30</sln:wojIdTeryt><sln:wojNazwa>wielkopolskie</sln:wojNazwa></sln:miejscowosc><sln:miejscowosc><sln:cyklZyciaOd>2014-10-13T00:00:00+02:00</sln:cyklZyciaOd><sln:gmIIPId>25975c8f-192d-4df7-9e9a-b8f156d13aa0</sln:gmIIPId><sln:gmIIPPn>PL.PZGIK.200</sln:gmIIPPn><sln:gmIIPWersja>2012-09-26T22:24:38+02:00</sln:gmIIPWersja><sln:gmIdTeryt>3007062</sln:gmIdTeryt><sln:gmNazwa>Lisków</sln:gmNazwa><sln:miejscIIPId>c59daaaa-ad85-4be3-b108-3e174ba04305</sln:miejscIIPId><sln:miejscIIPPn>PL.PZGIK.200</sln:miejscIIPPn><sln:miejscIIPWersja>2016-11-24T13:36:14+02:00</sln:miejscIIPWersja><sln:miejscIdTeryt>0202494</sln:miejscIdTeryt><sln:miejscNazwa>Dębniałki</sln:miejscNazwa><sln:miejscRodzaj>Wieś</sln:miejscRodzaj><sln:powIIPId>a84ca93c-4ad8-494d-95a7-8b1a8c4d4517</sln:powIIPId><sln:powIIPPn>PL.PZGIK.200</sln:powIIPPn><sln:powIIPWersja>2012-09-27T08:59:03+02:00</sln:powIIPWersja><sln:powIdTeryt>3007</sln:powIdTeryt><sln:powNazwa>kaliski</sln:powNazwa><sln:wojIIPId>c606b01a-76c8-480d-9470-f24ca0d7a613</sln:wojIIPId><sln:wojIIPPn>PL.PZGIK.200</sln:wojIIPPn><sln:wojIIPWersja>2016-05-05T18:20:48+02:00</sln:wojIIPWersja><sln:wojIdTeryt>30</sln:wojIdTeryt><sln:wojNazwa>wielkopolskie</sln:wojNazwa></sln:miejscowosc><sln:miejscowosc><sln:cyklZyciaOd>2014-10-13T00:00:00+02:00</sln:cyklZyciaOd><sln:gmIIPId>25975c8f-192d-4df7-9e9a-b8f156d13aa0</sln:gmIIPId><sln:gmIIPPn>PL.PZGIK.200</sln:gmIIPPn><sln:gmIIPWersja>2012-09-26T22:24:38+02:00</sln:gmIIPWersja><sln:gmIdTeryt>3007062</sln:gmIdTeryt><sln:gmNazwa>Lisków</sln:gmNazwa><sln:miejscIIPId>bde5ff27-359c-45cd-9146-650290508c0a</sln:miejscIIPId><sln:miejscIIPPn>PL.PZGIK.200</sln:miejscIIPPn><sln:miejscIIPWersja>2016-11-24T13:56:05+02:00</sln:miejscIIPWersja><sln:miejscIdTeryt>0202525</sln:miejscIdTeryt><sln:miejscNazwa>Koźlątków</sln:miejscNazwa><sln:miejscRodzaj>Kolonia</sln:miejscRodzaj><sln:powIIPId>a84ca93c-4ad8-494d-95a7-8b1a8c4d4517</sln:powIIPId><sln:powIIPPn>PL.PZGIK.200</sln:powIIPPn><sln:powIIPWersja>2012-09-27T08:59:03+02:00</sln:powIIPWersja><sln:powIdTeryt>3007</sln:powIdTeryt><sln:powNazwa>kaliski</sln:powNazwa><sln:wojIIPId>c606b01a-76c8-480d-9470-f24ca0d7a613</sln:wojIIPId><sln:wojIIPPn>PL.PZGIK.200</sln:wojIIPPn><sln:wojIIPWersja>2016-05-05T18:20:48+02:00</sln:wojIIPWersja><sln:wojIdTeryt>30</sln:wojIdTeryt><sln:wojNazwa>wielkopolskie</sln:wojNazwa></sln:miejscowosc><sln:miejscowosc><sln:cyklZyciaOd>2014-10-13T00:00:00+02:00</sln:cyklZyciaOd><sln:gmIIPId>25975c8f-192d-4df7-9e9a-b8f156d13aa0</sln:gmIIPId><sln:gmIIPPn>PL.PZGIK.200</sln:gmIIPPn><sln:gmIIPWersja>2012-09-26T22:24:38+02:00</sln:gmIIPWersja><sln:gmIdTeryt>3007062</sln:gmIdTeryt><sln:gmNazwa>Lisków</sln:gmNazwa><sln:miejscIIPId>301636ca-bea1-4451-b93f-8b1c9b06ddcf</sln:miejscIIPId><sln:miejscIIPPn>PL.PZGIK.200</sln:miejscIIPPn><sln:miejscIIPWersja>2016-11-24T13:51:31+02:00</sln:miejscIIPWersja><sln:miejscIdTeryt>0202399</sln:miejscIdTeryt><sln:miejscNazwa>Chrusty Drugie</sln:miejscNazwa><sln:miejscRodzaj>Inny obiekt</sln:miejscRodzaj><sln:powIIPId>a84ca93c-4ad8-494d-95a7-8b1a8c4d4517</sln:powIIPId><sln:powIIPPn>PL.PZGIK.200</sln:powIIPPn><sln:powIIPWersja>2012-09-27T08:59:03+02:00</sln:powIIPWersja><sln:powIdTeryt>3007</sln:powIdTeryt><sln:powNazwa>kaliski</sln:powNazwa><sln:wojIIPId>c606b01a-76c8-480d-9470-f24ca0d7a613</sln:wojIIPId><sln:wojIIPPn>PL.PZGIK.200</sln:wojIIPPn><sln:wojIIPWersja>2016-05-05T18:20:48+02:00</sln:wojIIPWersja><sln:wojIdTeryt>30</sln:wojIdTeryt><sln:wojNazwa>wielkopolskie</sln:wojNazwa></sln:miejscowosc><sln:miejscowosc><sln:cyklZyciaOd>2014-10-13T00:00:00+02:00</sln:cyklZyciaOd><sln:gmIIPId>25975c8f-192d-4df7-9e9a-b8f156d13aa0</sln:gmIIPId><sln:gmIIPPn>PL.PZGIK.200</sln:gmIIPPn><sln:gmIIPWersja>2012-09-26T22:24:38+02:00</sln:gmIIPWersja><sln:gmIdTeryt>3007062</sln:gmIdTeryt><sln:gmNazwa>Lisków</sln:gmNazwa><sln:miejscIIPId>08ec77a2-ad5f-4f9c-b60e-09611f64fdc4</sln:miejscIIPId><sln:miejscIIPPn>PL.PZGIK.200</sln:miejscIIPPn><sln:miejscIIPWersja>2016-11-24T13:51:31+02:00</sln:miejscIIPWersja><sln:miejscIdTeryt>0202407</sln:miejscIdTeryt><sln:miejscNazwa>Dwór</sln:miejscNazwa><sln:miejscRodzaj>Inny obiekt</sln:miejscRodzaj><sln:powIIPId>a84ca93c-4ad8-494d-95a7-8b1a8c4d4517</sln:powIIPId><sln:powIIPPn>PL.PZGIK.200</sln:powIIPPn><sln:powIIPWersja>2012-09-27T08:59:03+02:00</sln:powIIPWersja><sln:powIdTeryt>3007</sln:powIdTeryt><sln:powNazwa>kaliski</sln:powNazwa><sln:wojIIPId>c606b01a-76c8-480d-9470-f24ca0d7a613</sln:wojIIPId><sln:wojIIPPn>PL.PZGIK.200</sln:wojIIPPn><sln:wojIIPWersja>2016-05-05T18:20:48+02:00</sln:wojIIPWersja><sln:wojIdTeryt>30</sln:wojIdTeryt><sln:wojNazwa>wielkopolskie</sln:wojNazwa></sln:miejscowosc><sln:miejscowosc><sln:cyklZyciaOd>2014-10-13T00:00:00+02:00</sln:cyklZyciaOd><sln:gmIIPId>25975c8f-192d-4df7-9e9a-b8f156d13aa0</sln:gmIIPId><sln:gmIIPPn>PL.PZGIK.200</sln:gmIIPPn><sln:gmIIPWersja>2012-09-26T22:24:38+02:00</sln:gmIIPWersja><sln:gmIdTeryt>3007062</sln:gmIdTeryt><sln:gmNazwa>Lisków</sln:gmNazwa><sln:miejscIIPId>7779ed67-55de-45aa-84e3-3a011ee52883</sln:miejscIIPId><sln:miejscIIPPn>PL.PZGIK.200</sln:miejscIIPPn><sln:miejscIIPWersja>2016-11-24T13:50:43+02:00</sln:miejscIIPWersja><sln:miejscIdTeryt>0202749</sln:miejscIdTeryt><sln:miejscNazwa>Młyniska</sln:miejscNazwa><sln:miejscRodzaj>Inny obiekt</sln:miejscRodzaj><sln:powIIPId>a84ca93c-4ad8-494d-95a7-8b1a8c4d4517</sln:powIIPId><sln:powIIPPn>PL.PZGIK.200</sln:powIIPPn><sln:powIIPWersja>2012-09-27T08:59:03+02:00</sln:powIIPWersja><sln:powIdTeryt>3007</sln:powIdTeryt><sln:powNazwa>kaliski</sln:powNazwa><sln:wojIIPId>c606b01a-76c8-480d-9470-f24ca0d7a613</sln:wojIIPId><sln:wojIIPPn>PL.PZGIK.200</sln:wojIIPPn><sln:wojIIPWersja>2016-05-05T18:20:48+02:00</sln:wojIIPWersja><sln:wojIdTeryt>30</sln:wojIdTeryt><sln:wojNazwa>wielkopolskie</sln:wojNazwa></sln:miejscowosc><sln:miejscowosc><sln:cyklZyciaOd>2014-10-13T00:00:00+02:00</sln:cyklZyciaOd><sln:gmIIPId>25975c8f-192d-4df7-9e9a-b8f156d13aa0</sln:gmIIPId><sln:gmIIPPn>PL.PZGIK.200</sln:gmIIPPn><sln:gmIIPWersja>2012-09-26T22:24:38+02:00</sln:gmIIPWersja><sln:gmIdTeryt>3007062</sln:gmIdTeryt><sln:gmNazwa>Lisków</sln:gmNazwa><sln:miejscIIPId>1d1eeb0a-bc03-4d3a-8868-df6fc70fe068</sln:miejscIIPId><sln:miejscIIPPn>PL.PZGIK.200</sln:miejscIIPPn><sln:miejscIIPWersja>2016-11-24T13:51:31+02:00</sln:miejscIIPWersja><sln:miejscIdTeryt>0202382</sln:miejscIdTeryt><sln:miejscNazwa>Borki</sln:miejscNazwa><sln:miejscRodzaj>Inny obiekt</sln:miejscRodzaj><sln:powIIPId>a84ca93c-4ad8-494d-95a7-8b1a8c4d4517</sln:powIIPId><sln:powIIPPn>PL.PZGIK.200</sln:powIIPPn><sln:powIIPWersja>2012-09-27T08:59:03+02:00</sln:powIIPWersja><sln:powIdTeryt>3007</sln:powIdTeryt><sln:powNazwa>kaliski</sln:powNazwa><sln:wojIIPId>c606b01a-76c8-480d-9470-f24ca0d7a613</sln:wojIIPId><sln:wojIIPPn>PL.PZGIK.200</sln:wojIIPPn><sln:wojIIPWersja>2016-05-05T18:20:48+02:00</sln:wojIIPWersja><sln:wojIdTeryt>30</sln:wojIdTeryt><sln:wojNazwa>wielkopolskie</sln:wojNazwa></sln:miejscowosc><sln:miejscowosc><sln:cyklZyciaOd>2014-10-13T00:00:00+02:00</sln:cyklZyciaOd><sln:gmIIPId>25975c8f-192d-4df7-9e9a-b8f156d13aa0</sln:gmIIPId><sln:gmIIPPn>PL.PZGIK.200</sln:gmIIPPn><sln:gmIIPWersja>2012-09-26T22:24:38+02:00</sln:gmIIPWersja><sln:gmIdTeryt>3007062</sln:gmIdTeryt><sln:gmNazwa>Lisków</sln:gmNazwa><sln:miejscIIPId>f9c72c3e-c885-442c-a499-833ca7733736</sln:miejscIIPId><sln:miejscIIPPn>PL.PZGIK.200</sln:miejscIIPPn><sln:miejscIIPWersja>2016-11-24T13:50:55+02:00</sln:miejscIIPWersja><sln:miejscIdTeryt>0202784</sln:miejscIdTeryt><sln:miejscNazwa>Smolarnia</sln:miejscNazwa><sln:miejscRodzaj>Inny obiekt</sln:miejscRodzaj><sln:powIIPId>a84ca93c-4ad8-494d-95a7-8b1a8c4d4517</sln:powIIPId><sln:powIIPPn>PL.PZGIK.200</sln:powIIPPn><sln:powIIPWersja>2012-09-27T08:59:03+02:00</sln:powIIPWersja><sln:powIdTeryt>3007</sln:powIdTeryt><sln:powNazwa>kaliski</sln:powNazwa><sln:wojIIPId>c606b01a-76c8-480d-9470-f24ca0d7a613</sln:wojIIPId><sln:wojIIPPn>PL.PZGIK.200</sln:wojIIPPn><sln:wojIIPWersja>2016-05-05T18:20:48+02:00</sln:wojIIPWersja><sln:wojIdTeryt>30</sln:wojIdTeryt><sln:wojNazwa>wielkopolskie</sln:wojNazwa></sln:miejscowosc><sln:miejscowosc><sln:cyklZyciaOd>2014-10-13T00:00:00+02:00</sln:cyklZyciaOd><sln:gmIIPId>25975c8f-192d-4df7-9e9a-b8f156d13aa0</sln:gmIIPId><sln:gmIIPPn>PL.PZGIK.200</sln:gmIIPPn><sln:gmIIPWersja>2012-09-26T22:24:38+02:00</sln:gmIIPWersja><sln:gmIdTeryt>3007062</sln:gmIdTeryt><sln:gmNazwa>Lisków</sln:gmNazwa><sln:miejscIIPId>0a256276-bbf1-4a44-bed5-bdc222aaf236</sln:miejscIIPId><sln:miejscIIPPn>PL.PZGIK.200</sln:miejscIIPPn><sln:miejscIIPWersja>2016-11-24T13:34:17+02:00</sln:miejscIIPWersja><sln:miejscIdTeryt>0202761</sln:miejscIdTeryt><sln:miejscNazwa>Zakrzyn</sln:miejscNazwa><sln:miejscRodzaj>Wieś</sln:miejscRodzaj><sln:powIIPId>a84ca93c-4ad8-494d-95a7-8b1a8c4d4517</sln:powIIPId><sln:powIIPPn>PL.PZGIK.200</sln:powIIPPn><sln:powIIPWersja>2012-09-27T08:59:03+02:00</sln:powIIPWersja><sln:powIdTeryt>3007</sln:powIdTeryt><sln:powNazwa>kaliski</sln:powNazwa><sln:wojIIPId>c606b01a-76c8-480d-9470-f24ca0d7a613</sln:wojIIPId><sln:wojIIPPn>PL.PZGIK.200</sln:wojIIPPn><sln:wojIIPWersja>2016-05-05T18:20:48+02:00</sln:wojIIPWersja><sln:wojIdTeryt>30</sln:wojIdTeryt><sln:wojNazwa>wielkopolskie</sln:wojNazwa></sln:miejscowosc><sln:miejscowosc><sln:cyklZyciaOd>2014-10-13T00:00:00+02:00</sln:cyklZyciaOd><sln:gmIIPId>25975c8f-192d-4df7-9e9a-b8f156d13aa0</sln:gmIIPId><sln:gmIIPPn>PL.PZGIK.200</sln:gmIIPPn><sln:gmIIPWersja>2012-09-26T22:24:38+02:00</sln:gmIIPWersja><sln:gmIdTeryt>3007062</sln:gmIdTeryt><sln:gmNazwa>Lisków</sln:gmNazwa><sln:miejscIIPId>5b524668-b512-461c-9bcf-5a3594dec2f5</sln:miejscIIPId><sln:miejscIIPPn>PL.PZGIK.200</sln:miejscIIPPn><sln:miejscIIPWersja>2016-11-24T13:40:08+02:00</sln:miejscIIPWersja><sln:miejscIdTeryt>0202502</sln:miejscIdTeryt><sln:miejscNazwa>Koźlątków</sln:miejscNazwa><sln:miejscRodzaj>Wieś</sln:miejscRodzaj><sln:powIIPId>a84ca93c-4ad8-494d-95a7-8b1a8c4d4517</sln:powIIPId><sln:powIIPPn>PL.PZGIK.200</sln:powIIPPn><sln:powIIPWersja>2012-09-27T08:59:03+02:00</sln:powIIPWersja><sln:powIdTeryt>3007</sln:powIdTeryt><sln:powNazwa>kaliski</sln:powNazwa><sln:wojIIPId>c606b01a-76c8-480d-9470-f24ca0d7a613</sln:wojIIPId><sln:wojIIPPn>PL.PZGIK.200</sln:wojIIPPn><sln:wojIIPWersja>2016-05-05T18:20:48+02:00</sln:wojIIPWersja><sln:wojIdTeryt>30</sln:wojIdTeryt><sln:wojNazwa>wielkopolskie</sln:wojNazwa></sln:miejscowosc><sln:miejscowosc><sln:cyklZyciaOd>2014-10-13T00:00:00+02:00</sln:cyklZyciaOd><sln:gmIIPId>25975c8f-192d-4df7-9e9a-b8f156d13aa0</sln:gmIIPId><sln:gmIIPPn>PL.PZGIK.200</sln:gmIIPPn><sln:gmIIPWersja>2012-09-26T22:24:38+02:00</sln:gmIIPWersja><sln:gmIdTeryt>3007062</sln:gmIdTeryt><sln:gmNazwa>Lisków</sln:gmNazwa><sln:miejscIIPId>1d8c503e-ee2f-486f-8dfd-7fb6f4f0c85d</sln:miejscIIPId><sln:miejscIIPPn>PL.PZGIK.200</sln:miejscIIPPn><sln:miejscIIPWersja>2016-11-24T13:33:55+02:00</sln:miejscIIPWersja><sln:miejscIdTeryt>0202732</sln:miejscIdTeryt><sln:miejscNazwa>Wygoda</sln:miejscNazwa><sln:miejscRodzaj>Wieś</sln:miejscRodzaj><sln:powIIPId>a84ca93c-4ad8-494d-95a7-8b1a8c4d4517</sln:powIIPId><sln:powIIPPn>PL.PZGIK.200</sln:powIIPPn><sln:powIIPWersja>2012-09-27T08:59:03+02:00</sln:powIIPWersja><sln:powIdTeryt>3007</sln:powIdTeryt><sln:powNazwa>kaliski</sln:powNazwa><sln:wojIIPId>c606b01a-76c8-480d-9470-f24ca0d7a613</sln:wojIIPId><sln:wojIIPPn>PL.PZGIK.200</sln:wojIIPPn><sln:wojIIPWersja>2016-05-05T18:20:48+02:00</sln:wojIIPWersja><sln:wojIdTeryt>30</sln:wojIdTeryt><sln:wojNazwa>wielkopolskie</sln:wojNazwa></sln:miejscowosc><sln:miejscowosc><sln:cyklZyciaOd>2014-10-13T00:00:00+02:00</sln:cyklZyciaOd><sln:gmIIPId>25975c8f-192d-4df7-9e9a-b8f156d13aa0</sln:gmIIPId><sln:gmIIPPn>PL.PZGIK.200</sln:gmIIPPn><sln:gmIIPWersja>2012-09-26T22:24:38+02:00</sln:gmIIPWersja><sln:gmIdTeryt>3007062</sln:gmIdTeryt><sln:gmNazwa>Lisków</sln:gmNazwa><sln:miejscIIPId>8d733d50-8b75-4729-b13a-b5a65e151b57</sln:miejscIIPId><sln:miejscIIPPn>PL.PZGIK.200</sln:miejscIIPPn><sln:miejscIIPWersja>2016-11-24T13:50:55+02:00</sln:miejscIIPWersja><sln:miejscIdTeryt>0202821</sln:miejscIdTeryt><sln:miejscNazwa>Zakrzyn-Goździec</sln:miejscNazwa><sln:miejscRodzaj>Inny obiekt</sln:miejscRodzaj><sln:powIIPId>a84ca93c-4ad8-494d-95a7-8b1a8c4d4517</sln:powIIPId><sln:powIIPPn>PL.PZGIK.200</sln:powIIPPn><sln:powIIPWersja>2012-09-27T08:59:03+02:00</sln:powIIPWersja><sln:powIdTeryt>3007</sln:powIdTeryt><sln:powNazwa>kaliski</sln:powNazwa><sln:wojIIPId>c606b01a-76c8-480d-9470-f24ca0d7a613</sln:wojIIPId><sln:wojIIPPn>PL.PZGIK.200</sln:wojIIPPn><sln:wojIIPWersja>2016-05-05T18:20:48+02:00</sln:wojIIPWersja><sln:wojIdTeryt>30</sln:wojIdTeryt><sln:wojNazwa>wielkopolskie</sln:wojNazwa></sln:miejscowosc><sln:miejscowosc><sln:cyklZyciaOd>2014-10-13T00:00:00+02:00</sln:cyklZyciaOd><sln:gmIIPId>25975c8f-192d-4df7-9e9a-b8f156d13aa0</sln:gmIIPId><sln:gmIIPPn>PL.PZGIK.200</sln:gmIIPPn><sln:gmIIPWersja>2012-09-26T22:24:38+02:00</sln:gmIIPWersja><sln:gmIdTeryt>3007062</sln:gmIdTeryt><sln:gmNazwa>Lisków</sln:gmNazwa><sln:miejscIIPId>9ed9472d-8cc0-44de-b26b-e10568632cab</sln:miejscIIPId><sln:miejscIIPPn>PL.PZGIK.200</sln:miejscIIPPn><sln:miejscIIPWersja>2016-11-24T13:41:43+02:00</sln:miejscIIPWersja><sln:miejscIdTeryt>0202548</sln:miejscIdTeryt><sln:miejscNazwa>Madalin</sln:miejscNazwa><sln:miejscRodzaj>Wieś</sln:miejscRodzaj><sln:powIIPId>a84ca93c-4ad8-494d-95a7-8b1a8c4d4517</sln:powIIPId><sln:powIIPPn>PL.PZGIK.200</sln:powIIPPn><sln:powIIPWersja>2012-09-27T08:59:03+02:00</sln:powIIPWersja><sln:powIdTeryt>3007</sln:powIdTeryt><sln:powNazwa>kaliski</sln:powNazwa><sln:wojIIPId>c606b01a-76c8-480d-9470-f24ca0d7a613</sln:wojIIPId><sln:wojIIPPn>PL.PZGIK.200</sln:wojIIPPn><sln:wojIIPWersja>2016-05-05T18:20:48+02:00</sln:wojIIPWersja><sln:wojIdTeryt>30</sln:wojIdTeryt><sln:wojNazwa>wielkopolskie</sln:wojNazwa></sln:miejscowosc><sln:miejscowosc><sln:cyklZyciaOd>2014-10-13T00:00:00+02:00</sln:cyklZyciaOd><sln:gmIIPId>25975c8f-192d-4df7-9e9a-b8f156d13aa0</sln:gmIIPId><sln:gmIIPPn>PL.PZGIK.200</sln:gmIIPPn><sln:gmIIPWersja>2012-09-26T22:24:38+02:00</sln:gmIIPWersja><sln:gmIdTeryt>3007062</sln:gmIdTeryt><sln:gmNazwa>Lisków</sln:gmNazwa><sln:miejscIIPId>670b3d9d-6c14-468b-9a95-01c9ee8ed10c</sln:miejscIIPId><sln:miejscIIPPn>PL.PZGIK.200</sln:miejscIIPPn><sln:miejscIIPWersja>2016-11-24T13:46:00+02:00</sln:miejscIIPWersja><sln:miejscIdTeryt>0202620</sln:miejscIdTeryt><sln:miejscNazwa>Adelin</sln:miejscNazwa><sln:miejscRodzaj>Inny obiekt</sln:miejscRodzaj><sln:powIIPId>a84ca93c-4ad8-494d-95a7-8b1a8c4d4517</sln:powIIPId><sln:powIIPPn>PL.PZGIK.200</sln:powIIPPn><sln:powIIPWersja>2012-09-27T08:59:03+02:00</sln:powIIPWersja><sln:powIdTeryt>3007</sln:powIdTeryt><sln:powNazwa>kaliski</sln:powNazwa><sln:wojIIPId>c606b01a-76c8-480d-9470-f24ca0d7a613</sln:wojIIPId><sln:wojIIPPn>PL.PZGIK.200</sln:wojIIPPn><sln:wojIIPWersja>2016-05-05T18:20:48+02:00</sln:wojIIPWersja><sln:wojIdTeryt>30</sln:wojIdTeryt><sln:wojNazwa>wielkopolskie</sln:wojNazwa></sln:miejscowosc><sln:miejscowosc><sln:cyklZyciaOd>2014-10-13T00:00:00+02:00</sln:cyklZyciaOd><sln:gmIIPId>25975c8f-192d-4df7-9e9a-b8f156d13aa0</sln:gmIIPId><sln:gmIIPPn>PL.PZGIK.200</sln:gmIIPPn><sln:gmIIPWersja>2012-09-26T22:24:38+02:00</sln:gmIIPWersja><sln:gmIdTeryt>3007062</sln:gmIdTeryt><sln:gmNazwa>Lisków</sln:gmNazwa><sln:miejscIIPId>17b65d1d-41bc-4d6f-86a5-de0a1a8caade</sln:miejscIIPId><sln:miejscIIPPn>PL.PZGIK.200</sln:miejscIIPPn><sln:miejscIIPWersja>2016-11-24T13:56:05+02:00</sln:miejscIIPWersja><sln:miejscIdTeryt>0202519</sln:miejscIdTeryt><sln:miejscNazwa>Glapiniec</sln:miejscNazwa><sln:miejscRodzaj>Inny obiekt</sln:miejscRodzaj><sln:powIIPId>a84ca93c-4ad8-494d-95a7-8b1a8c4d4517</sln:powIIPId><sln:powIIPPn>PL.PZGIK.200</sln:powIIPPn><sln:powIIPWersja>2012-09-27T08:59:03+02:00</sln:powIIPWersja><sln:powIdTeryt>3007</sln:powIdTeryt><sln:powNazwa>kaliski</sln:powNazwa><sln:wojIIPId>c606b01a-76c8-480d-9470-f24ca0d7a613</sln:wojIIPId><sln:wojIIPPn>PL.PZGIK.200</sln:wojIIPPn><sln:wojIIPWersja>2016-05-05T18:20:48+02:00</sln:wojIIPWersja><sln:wojIdTeryt>30</sln:wojIdTeryt><sln:wojNazwa>wielkopolskie</sln:wojNazwa></sln:miejscowosc><sln:miejscowosc><sln:cyklZyciaOd>2014-10-13T00:00:00+02:00</sln:cyklZyciaOd><sln:gmIIPId>25975c8f-192d-4df7-9e9a-b8f156d13aa0</sln:gmIIPId><sln:gmIIPPn>PL.PZGIK.200</sln:gmIIPPn><sln:gmIIPWersja>2012-09-26T22:24:38+02:00</sln:gmIIPWersja><sln:gmIdTeryt>3007062</sln:gmIdTeryt><sln:gmNazwa>Lisków</sln:gmNazwa><sln:miejscIIPId>96dad8a1-4874-4d3f-b36e-6644502eade6</sln:miejscIIPId><sln:miejscIIPPn>PL.PZGIK.200</sln:miejscIIPPn><sln:miejscIIPWersja>2016-11-24T13:46:00+02:00</sln:miejscIIPWersja><sln:miejscIdTeryt>0202637</sln:miejscIdTeryt><sln:miejscNazwa>Groblica</sln:miejscNazwa><sln:miejscRodzaj>Inny obiekt</sln:miejscRodzaj><sln:powIIPId>a84ca93c-4ad8-494d-95a7-8b1a8c4d4517</sln:powIIPId><sln:powIIPPn>PL.PZGIK.200</sln:powIIPPn><sln:powIIPWersja>2012-09-27T08:59:03+02:00</sln:powIIPWersja><sln:powIdTeryt>3007</sln:powIdTeryt><sln:powNazwa>kaliski</sln:powNazwa><sln:wojIIPId>c606b01a-76c8-480d-9470-f24ca0d7a613</sln:wojIIPId><sln:wojIIPPn>PL.PZGIK.200</sln:wojIIPPn><sln:wojIIPWersja>2016-05-05T18:20:48+02:00</sln:wojIIPWersja><sln:wojIdTeryt>30</sln:wojIdTeryt><sln:wojNazwa>wielkopolskie</sln:wojNazwa></sln:miejscowosc><sln:miejscowosc><sln:cyklZyciaOd>2014-10-13T00:00:00+02:00</sln:cyklZyciaOd><sln:gmIIPId>25975c8f-192d-4df7-9e9a-b8f156d13aa0</sln:gmIIPId><sln:gmIIPPn>PL.PZGIK.200</sln:gmIIPPn><sln:gmIIPWersja>2012-09-26T22:24:38+02:00</sln:gmIIPWersja><sln:gmIdTeryt>3007062</sln:gmIdTeryt><sln:gmNazwa>Lisków</sln:gmNazwa><sln:miejscIIPId>ada47e01-5bf4-4802-bf77-aaee2de3ba47</sln:miejscIIPId><sln:miejscIIPPn>PL.PZGIK.200</sln:miejscIIPPn><sln:miejscIIPWersja>2016-11-24T13:56:45+02:00</sln:miejscIIPWersja><sln:miejscIdTeryt>1006447</sln:miejscIdTeryt><sln:miejscNazwa>Lisków-Rzgów</sln:miejscNazwa><sln:miejscRodzaj>Wieś</sln:miejscRodzaj><sln:powIIPId>a84ca93c-4ad8-494d-95a7-8b1a8c4d4517</sln:powIIPId><sln:powIIPPn>PL.PZGIK.200</sln:powIIPPn><sln:powIIPWersja>2012-09-27T08:59:03+02:00</sln:powIIPWersja><sln:powIdTeryt>3007</sln:powIdTeryt><sln:powNazwa>kaliski</sln:powNazwa><sln:wojIIPId>c606b01a-76c8-480d-9470-f24ca0d7a613</sln:wojIIPId><sln:wojIIPPn>PL.PZGIK.200</sln:wojIIPPn><sln:wojIIPWersja>2016-05-05T18:20:48+02:00</sln:wojIIPWersja><sln:wojIdTeryt>30</sln:wojIdTeryt><sln:wojNazwa>wielkopolskie</sln:wojNazwa></sln:miejscowosc><sln:miejscowosc><sln:cyklZyciaOd>2014-10-13T00:00:00+02:00</sln:cyklZyciaOd><sln:gmIIPId>25975c8f-192d-4df7-9e9a-b8f156d13aa0</sln:gmIIPId><sln:gmIIPPn>PL.PZGIK.200</sln:gmIIPPn><sln:gmIIPWersja>2012-09-26T22:24:38+02:00</sln:gmIIPWersja><sln:gmIdTeryt>3007062</sln:gmIdTeryt><sln:gmNazwa>Lisków</sln:gmNazwa><sln:miejscIIPId>67bb9e81-0dc5-4b9b-bfc5-d9ca877c52c8</sln:miejscIIPId><sln:miejscIIPPn>PL.PZGIK.200</sln:miejscIIPPn><sln:miejscIIPWersja>2016-11-24T13:58:18+02:00</sln:miejscIIPWersja><sln:miejscIdTeryt>0202608</sln:miejscIdTeryt><sln:miejscNazwa>Rakowiec</sln:miejscNazwa><sln:miejscRodzaj>Inny obiekt</sln:miejscRodzaj><sln:powIIPId>a84ca93c-4ad8-494d-95a7-8b1a8c4d4517</sln:powIIPId><sln:powIIPPn>PL.PZGIK.200</sln:powIIPPn><sln:powIIPWersja>2012-09-27T08:59:03+02:00</sln:powIIPWersja><sln:powIdTeryt>3007</sln:powIdTeryt><sln:powNazwa>kaliski</sln:powNazwa><sln:wojIIPId>c606b01a-76c8-480d-9470-f24ca0d7a613</sln:wojIIPId><sln:wojIIPPn>PL.PZGIK.200</sln:wojIIPPn><sln:wojIIPWersja>2016-05-05T18:20:48+02:00</sln:wojIIPWersja><sln:wojIdTeryt>30</sln:wojIdTeryt><sln:wojNazwa>wielkopolskie</sln:wojNazwa></sln:miejscowosc><sln:miejscowosc><sln:cyklZyciaOd>2014-10-13T00:00:00+02:00</sln:cyklZyciaOd><sln:gmIIPId>25975c8f-192d-4df7-9e9a-b8f156d13aa0</sln:gmIIPId><sln:gmIIPPn>PL.PZGIK.200</sln:gmIIPPn><sln:gmIIPWersja>2012-09-26T22:24:38+02:00</sln:gmIIPWersja><sln:gmIdTeryt>3007062</sln:gmIdTeryt><sln:gmNazwa>Lisków</sln:gmNazwa><sln:miejscIIPId>42300ffa-30e2-4f0d-ae6c-ea4bbe989aec</sln:miejscIIPId><sln:miejscIIPPn>PL.PZGIK.200</sln:miejscIIPPn><sln:miejscIIPWersja>2016-11-24T13:49:02+02:00</sln:miejscIIPWersja><sln:miejscIdTeryt>0202710</sln:miejscIdTeryt><sln:miejscNazwa>Trzebienie Drugie</sln:miejscNazwa><sln:miejscRodzaj>Inny obiekt</sln:miejscRodzaj><sln:powIIPId>a84ca93c-4ad8-494d-95a7-8b1a8c4d4517</sln:powIIPId><sln:powIIPPn>PL.PZGIK.200</sln:powIIPPn><sln:powIIPWersja>2012-09-27T08:59:03+02:00</sln:powIIPWersja><sln:powIdTeryt>3007</sln:powIdTeryt><sln:powNazwa>kaliski</sln:powNazwa><sln:wojIIPId>c606b01a-76c8-480d-9470-f24ca0d7a613</sln:wojIIPId><sln:wojIIPPn>PL.PZGIK.200</sln:wojIIPPn><sln:wojIIPWersja>2016-05-05T18:20:48+02:00</sln:wojIIPWersja><sln:wojIdTeryt>30</sln:wojIdTeryt><sln:wojNazwa>wielkopolskie</sln:wojNazwa></sln:miejscowosc><sln:miejscowosc><sln:cyklZyciaOd>2014-10-13T00:00:00+02:00</sln:cyklZyciaOd><sln:gmIIPId>25975c8f-192d-4df7-9e9a-b8f156d13aa0</sln:gmIIPId><sln:gmIIPPn>PL.PZGIK.200</sln:gmIIPPn><sln:gmIIPWersja>2012-09-26T22:24:38+02:00</sln:gmIIPWersja><sln:gmIdTeryt>3007062</sln:gmIdTeryt><sln:gmNazwa>Lisków</sln:gmNazwa><sln:miejscIIPId>dde215f6-5f59-453c-81fb-d64e3c28d23a</sln:miejscIIPId><sln:miejscIIPPn>PL.PZGIK.200</sln:miejscIIPPn><sln:miejscIIPWersja>2016-11-24T13:49:02+02:00</sln:miejscIIPWersja><sln:miejscIdTeryt>0202726</sln:miejscIdTeryt><sln:miejscNazwa>Trzebienie Pierwsze</sln:miejscNazwa><sln:miejscRodzaj>Inny obiekt</sln:miejscRodzaj><sln:powIIPId>a84ca93c-4ad8-494d-95a7-8b1a8c4d4517</sln:powIIPId><sln:powIIPPn>PL.PZGIK.200</sln:powIIPPn><sln:powIIPWersja>2012-09-27T08:59:03+02:00</sln:powIIPWersja><sln:powIdTeryt>3007</sln:powIdTeryt><sln:powNazwa>kaliski</sln:powNazwa><sln:wojIIPId>c606b01a-76c8-480d-9470-f24ca0d7a613</sln:wojIIPId><sln:wojIIPPn>PL.PZGIK.200</sln:wojIIPPn><sln:wojIIPWersja>2016-05-05T18:20:48+02:00</sln:wojIIPWersja><sln:wojIdTeryt>30</sln:wojIdTeryt><sln:wojNazwa>wielkopolskie</sln:wojNazwa></sln:miejscowosc><sln:miejscowosc><sln:cyklZyciaOd>2014-10-13T00:00:00+02:00</sln:cyklZyciaOd><sln:gmIIPId>25975c8f-192d-4df7-9e9a-b8f156d13aa0</sln:gmIIPId><sln:gmIIPPn>PL.PZGIK.200</sln:gmIIPPn><sln:gmIIPWersja>2012-09-26T22:24:38+02:00</sln:gmIIPWersja><sln:gmIdTeryt>3007062</sln:gmIdTeryt><sln:gmNazwa>Lisków</sln:gmNazwa><sln:miejscIIPId>459af217-a73c-49b1-908b-cbaa37a3a6a0</sln:miejscIIPId><sln:miejscIIPPn>PL.PZGIK.200</sln:miejscIIPPn><sln:miejscIIPWersja>2016-11-24T13:29:25+02:00</sln:miejscIIPWersja><sln:miejscIdTeryt>0202614</sln:miejscIdTeryt><sln:miejscNazwa>Pyczek</sln:miejscNazwa><sln:miejscRodzaj>Wieś</sln:miejscRodzaj><sln:powIIPId>a84ca93c-4ad8-494d-95a7-8b1a8c4d4517</sln:powIIPId><sln:powIIPPn>PL.PZGIK.200</sln:powIIPPn><sln:powIIPWersja>2012-09-27T08:59:03+02:00</sln:powIIPWersja><sln:powIdTeryt>3007</sln:powIdTeryt><sln:powNazwa>kaliski</sln:powNazwa><sln:wojIIPId>c606b01a-76c8-480d-9470-f24ca0d7a613</sln:wojIIPId><sln:wojIIPPn>PL.PZGIK.200</sln:wojIIPPn><sln:wojIIPWersja>2016-05-05T18:20:48+02:00</sln:wojIIPWersja><sln:wojIdTeryt>30</sln:wojIdTeryt><sln:wojNazwa>wielkopolskie</sln:wojNazwa></sln:miejscowosc><sln:miejscowosc><sln:cyklZyciaOd>2014-10-13T00:00:00+02:00</sln:cyklZyciaOd><sln:gmIIPId>25975c8f-192d-4df7-9e9a-b8f156d13aa0</sln:gmIIPId><sln:gmIIPPn>PL.PZGIK.200</sln:gmIIPPn><sln:gmIIPWersja>2012-09-26T22:24:38+02:00</sln:gmIIPWersja><sln:gmIdTeryt>3007062</sln:gmIdTeryt><sln:gmNazwa>Lisków</sln:gmNazwa><sln:miejscIIPId>3e987b37-97ec-49f2-bf23-e5ab20a3df4d</sln:miejscIIPId><sln:miejscIIPPn>PL.PZGIK.200</sln:miejscIIPPn><sln:miejscIIPWersja>2016-11-24T13:41:51+02:00</sln:miejscIIPWersja><sln:miejscIdTeryt>0202583</sln:miejscIdTeryt><sln:miejscNazwa>Małgów-Kolonia</sln:miejscNazwa><sln:miejscRodzaj>Wieś</sln:miejscRodzaj><sln:powIIPId>a84ca93c-4ad8-494d-95a7-8b1a8c4d4517</sln:powIIPId><sln:powIIPPn>PL.PZGIK.200</sln:powIIPPn><sln:powIIPWersja>2012-09-27T08:59:03+02:00</sln:powIIPWersja><sln:powIdTeryt>3007</sln:powIdTeryt><sln:powNazwa>kaliski</sln:powNazwa><sln:wojIIPId>c606b01a-76c8-480d-9470-f24ca0d7a613</sln:wojIIPId><sln:wojIIPPn>PL.PZGIK.200</sln:wojIIPPn><sln:wojIIPWersja>2016-05-05T18:20:48+02:00</sln:wojIIPWersja><sln:wojIdTeryt>30</sln:wojIdTeryt><sln:wojNazwa>wielkopolskie</sln:wojNazwa></sln:miejscowosc><sln:miejscowosc><sln:cyklZyciaOd>2014-10-13T00:00:00+02:00</sln:cyklZyciaOd><sln:gmIIPId>25975c8f-192d-4df7-9e9a-b8f156d13aa0</sln:gmIIPId><sln:gmIIPPn>PL.PZGIK.200</sln:gmIIPPn><sln:gmIIPWersja>2012-09-26T22:24:38+02:00</sln:gmIIPWersja><sln:gmIdTeryt>3007062</sln:gmIdTeryt><sln:gmNazwa>Lisków</sln:gmNazwa><sln:miejscIIPId>160a891e-75aa-4b42-8236-ead5483390ab</sln:miejscIIPId><sln:miejscIIPPn>PL.PZGIK.200</sln:miejscIIPPn><sln:miejscIIPWersja>2016-11-24T13:31:33+02:00</sln:miejscIIPWersja><sln:miejscIdTeryt>0202643</sln:miejscIdTeryt><sln:miejscNazwa>Strzałków</sln:miejscNazwa><sln:miejscRodzaj>Wieś</sln:miejscRodzaj><sln:powIIPId>a84ca93c-4ad8-494d-95a7-8b1a8c4d4517</sln:powIIPId><sln:powIIPPn>PL.PZGIK.200</sln:powIIPPn><sln:powIIPWersja>2012-09-27T08:59:03+02:00</sln:powIIPWersja><sln:powIdTeryt>3007</sln:powIdTeryt><sln:powNazwa>kaliski</sln:powNazwa><sln:wojIIPId>c606b01a-76c8-480d-9470-f24ca0d7a613</sln:wojIIPId><sln:wojIIPPn>PL.PZGIK.200</sln:wojIIPPn><sln:wojIIPWersja>2016-05-05T18:20:48+02:00</sln:wojIIPWersja><sln:wojIdTeryt>30</sln:wojIdTeryt><sln:wojNazwa>wielkopolskie</sln:wojNazwa></sln:miejscowosc><sln:miejscowosc><sln:cyklZyciaOd>2014-10-13T00:00:00+02:00</sln:cyklZyciaOd><sln:gmIIPId>25975c8f-192d-4df7-9e9a-b8f156d13aa0</sln:gmIIPId><sln:gmIIPPn>PL.PZGIK.200</sln:gmIIPPn><sln:gmIIPWersja>2012-09-26T22:24:38+02:00</sln:gmIIPWersja><sln:gmIdTeryt>3007062</sln:gmIdTeryt><sln:gmNazwa>Lisków</sln:gmNazwa><sln:miejscIIPId>954b35c7-99c1-4c82-a5a7-180331ec576e</sln:miejscIIPId><sln:miejscIIPPn>PL.PZGIK.200</sln:miejscIIPPn><sln:miejscIIPWersja>2016-11-24T13:35:16+02:00</sln:miejscIIPWersja><sln:miejscIdTeryt>0202850</sln:miejscIdTeryt><sln:miejscNazwa>Żychów</sln:miejscNazwa><sln:miejscRodzaj>Wieś</sln:miejscRodzaj><sln:powIIPId>a84ca93c-4ad8-494d-95a7-8b1a8c4d4517</sln:powIIPId><sln:powIIPPn>PL.PZGIK.200</sln:powIIPPn><sln:powIIPWersja>2012-09-27T08:59:03+02:00</sln:powIIPWersja><sln:powIdTeryt>3007</sln:powIdTeryt><sln:powNazwa>kaliski</sln:powNazwa><sln:wojIIPId>c606b01a-76c8-480d-9470-f24ca0d7a613</sln:wojIIPId><sln:wojIIPPn>PL.PZGIK.200</sln:wojIIPPn><sln:wojIIPWersja>2016-05-05T18:20:48+02:00</sln:wojIIPWersja><sln:wojIdTeryt>30</sln:wojIdTeryt><sln:wojNazwa>wielkopolskie</sln:wojNazwa></sln:miejscowosc><sln:miejscowosc><sln:cyklZyciaOd>2014-10-13T00:00:00+02:00</sln:cyklZyciaOd><sln:gmIIPId>25975c8f-192d-4df7-9e9a-b8f156d13aa0</sln:gmIIPId><sln:gmIIPPn>PL.PZGIK.200</sln:gmIIPPn><sln:gmIIPWersja>2012-09-26T22:24:38+02:00</sln:gmIIPWersja><sln:gmIdTeryt>3007062</sln:gmIdTeryt><sln:gmNazwa>Lisków</sln:gmNazwa><sln:miejscIIPId>99d4211e-e516-4c52-8d33-4651d56228b6</sln:miejscIIPId><sln:miejscIIPPn>PL.PZGIK.200</sln:miejscIIPPn><sln:miejscIIPWersja>2016-11-24T13:31:04+02:00</sln:miejscIIPWersja><sln:miejscIdTeryt>0202360</sln:miejscIdTeryt><sln:miejscNazwa>Budy Liskowskie</sln:miejscNazwa><sln:miejscRodzaj>Wieś</sln:miejscRodzaj><sln:powIIPId>a84ca93c-4ad8-494d-95a7-8b1a8c4d4517</sln:powIIPId><sln:powIIPPn>PL.PZGIK.200</sln:powIIPPn><sln:powIIPWersja>2012-09-27T08:59:03+02:00</sln:powIIPWersja><sln:powIdTeryt>3007</sln:powIdTeryt><sln:powNazwa>kaliski</sln:powNazwa><sln:wojIIPId>c606b01a-76c8-480d-9470-f24ca0d7a613</sln:wojIIPId><sln:wojIIPPn>PL.PZGIK.200</sln:wojIIPPn><sln:wojIIPWersja>2016-05-05T18:20:48+02:00</sln:wojIIPWersja><sln:wojIdTeryt>30</sln:wojIdTeryt><sln:wojNazwa>wielkopolskie</sln:wojNazwa></sln:miejscowosc><sln:miejscowosc><sln:cyklZyciaOd>2014-10-13T00:00:00+02:00</sln:cyklZyciaOd><sln:gmIIPId>25975c8f-192d-4df7-9e9a-b8f156d13aa0</sln:gmIIPId><sln:gmIIPPn>PL.PZGIK.200</sln:gmIIPPn><sln:gmIIPWersja>2012-09-26T22:24:38+02:00</sln:gmIIPWersja><sln:gmIdTeryt>3007062</sln:gmIdTeryt><sln:gmNazwa>Lisków</sln:gmNazwa><sln:miejscIIPId>cec2398e-4581-445b-baef-2648ef51ae2b</sln:miejscIIPId><sln:miejscIIPPn>PL.PZGIK.200</sln:miejscIIPPn><sln:miejscIIPWersja>2016-11-24T13:41:51+02:00</sln:miejscIIPWersja><sln:miejscIdTeryt>0202577</sln:miejscIdTeryt><sln:miejscNazwa>Małgów</sln:miejscNazwa><sln:miejscRodzaj>Wieś</sln:miejscRodzaj><sln:powIIPId>a84ca93c-4ad8-494d-95a7-8b1a8c4d4517</sln:powIIPId><sln:powIIPPn>PL.PZGIK.200</sln:powIIPPn><sln:powIIPWersja>2012-09-27T08:59:03+02:00</sln:powIIPWersja><sln:powIdTeryt>3007</sln:powIdTeryt><sln:powNazwa>kaliski</sln:powNazwa><sln:wojIIPId>c606b01a-76c8-480d-9470-f24ca0d7a613</sln:wojIIPId><sln:wojIIPPn>PL.PZGIK.200</sln:wojIIPPn><sln:wojIIPWersja>2016-05-05T18:20:48+02:00</sln:wojIIPWersja><sln:wojIdTeryt>30</sln:wojIdTeryt><sln:wojNazwa>wielkopolskie</sln:wojNazwa></sln:miejscowosc><sln:miejscowosc><sln:cyklZyciaOd>2014-10-13T00:00:00+02:00</sln:cyklZyciaOd><sln:gmIIPId>25975c8f-192d-4df7-9e9a-b8f156d13aa0</sln:gmIIPId><sln:gmIIPPn>PL.PZGIK.200</sln:gmIIPPn><sln:gmIIPWersja>2012-09-26T22:24:38+02:00</sln:gmIIPWersja><sln:gmIdTeryt>3007062</sln:gmIdTeryt><sln:gmNazwa>Lisków</sln:gmNazwa><sln:miejscIIPId>d2df7c88-21ad-4f6b-9918-7f187b8b8313</sln:miejscIIPId><sln:miejscIIPPn>PL.PZGIK.200</sln:miejscIIPPn><sln:miejscIIPWersja>2016-11-24T13:57:15+02:00</sln:miejscIIPWersja><sln:miejscIdTeryt>0202353</sln:miejscIdTeryt><sln:miejscNazwa>Annopol</sln:miejscNazwa><sln:miejscRodzaj>Kolonia</sln:miejscRodzaj><sln:powIIPId>a84ca93c-4ad8-494d-95a7-8b1a8c4d4517</sln:powIIPId><sln:powIIPPn>PL.PZGIK.200</sln:powIIPPn><sln:powIIPWersja>2012-09-27T08:59:03+02:00</sln:powIIPWersja><sln:powIdTeryt>3007</sln:powIdTeryt><sln:powNazwa>kaliski</sln:powNazwa><sln:wojIIPId>c606b01a-76c8-480d-9470-f24ca0d7a613</sln:wojIIPId><sln:wojIIPPn>PL.PZGIK.200</sln:wojIIPPn><sln:wojIIPWersja>2016-05-05T18:20:48+02:00</sln:wojIIPWersja><sln:wojIdTeryt>30</sln:wojIdTeryt><sln:wojNazwa>wielkopolskie</sln:wojNazwa></sln:miejscowosc></sln:lista-miejscowosci>