<?xml version="1.0" encoding="UTF-8" standalone="yes"?><sln:lista-miejscowosci xmlns:srv="http://gugik.gov.pl/schemas/slowniki-service/1.0" xmlns:sln="http://gugik.gov.pl/schemas/slowniki-schema/1.0"><sln:miejscowosc><sln:cyklZyciaDo>2017-03-29T00:00:00+02:00</sln:cyklZyciaDo><sln:cyklZyciaOd>2015-05-05T00:00:00+02:00</sln:cyklZyciaOd><sln:gmIIPId>cd60b1e5-066e-4158-9d15-a5a026fd6d9b</sln:gmIIPId><sln:gmIIPPn>PL.PZGIK.200</sln:gmIIPPn><sln:gmIIPWersja>2012-09-26T22:24:51+02:00</sln:gmIIPWersja><sln:gmIdTeryt>3009043</sln:gmIdTeryt><sln:gmNazwa>Dąbie</sln:gmNazwa><sln:miejscIIPId>148cbdf7-66e2-4fff-8a72-f64c60ebec17</sln:miejscIIPId><sln:miejscIIPPn>PL.PZGIK.200</sln:miejscIIPPn><sln:miejscIIPWersja>2016-11-24T09:53:31+02:00</sln:miejscIIPWersja><sln:miejscIdTeryt>0282257</sln:miejscIdTeryt><sln:miejscNazwa>Augustynów</sln:miejscNazwa><sln:miejscRodzaj>Wieś</sln:miejscRodzaj><sln:powIIPId>06a4a975-dc89-4ac3-9d51-cf188532908a</sln:powIIPId><sln:powIIPPn>PL.PZGIK.200</sln:powIIPPn><sln:powIIPWersja>2012-09-27T08:59:03+02:00</sln:powIIPWersja><sln:powIdTeryt>3009</sln:powIdTeryt><sln:powNazwa>kolski</sln:powNazwa><sln:waznyOd>2014-09-10T00:00:00+02:00</sln:waznyOd><sln:wojIIPId>c606b01a-76c8-480d-9470-f24ca0d7a613</sln:wojIIPId><sln:wojIIPPn>PL.PZGIK.200</sln:wojIIPPn><sln:wojIIPWersja>2016-05-05T18:20:48+02:00</sln:wojIIPWersja><sln:wojIdTeryt>30</sln:wojIdTeryt><sln:wojNazwa>wielkopolskie</sln:wojNazwa></sln:miejscowosc><sln:miejscowosc><sln:cyklZyciaDo>2017-03-29T00:00:00+02:00</sln:cyklZyciaDo><sln:cyklZyciaOd>2015-05-05T00:00:00+02:00</sln:cyklZyciaOd><sln:gmIIPId>cd60b1e5-066e-4158-9d15-a5a026fd6d9b</sln:gmIIPId><sln:gmIIPPn>PL.PZGIK.200</sln:gmIIPPn><sln:gmIIPWersja>2012-09-26T22:24:51+02:00</sln:gmIIPWersja><sln:gmIdTeryt>3009043</sln:gmIdTeryt><sln:gmNazwa>Dąbie</sln:gmNazwa><sln:miejscIIPId>fe0dcaf4-1247-47ec-b147-8af3e4bb0363</sln:miejscIIPId><sln:miejscIIPPn>PL.PZGIK.200</sln:miejscIIPPn><sln:miejscIIPWersja>2016-11-24T09:53:31+02:00</sln:miejscIIPWersja><sln:miejscIdTeryt>0282270</sln:miejscIdTeryt><sln:miejscNazwa>Baranowiec</sln:miejscNazwa><sln:miejscRodzaj>Wieś</sln:miejscRodzaj><sln:powIIPId>06a4a975-dc89-4ac3-9d51-cf188532908a</sln:powIIPId><sln:powIIPPn>PL.PZGIK.200</sln:powIIPPn><sln:powIIPWersja>2012-09-27T08:59:03+02:00</sln:powIIPWersja><sln:powIdTeryt>3009</sln:powIdTeryt><sln:powNazwa>kolski</sln:powNazwa><sln:waznyOd>2014-09-10T00:00:00+02:00</sln:waznyOd><sln:wojIIPId>c606b01a-76c8-480d-9470-f24ca0d7a613</sln:wojIIPId><sln:wojIIPPn>PL.PZGIK.200</sln:wojIIPPn><sln:wojIIPWersja>2016-05-05T18:20:48+02:00</sln:wojIIPWersja><sln:wojIdTeryt>30</sln:wojIdTeryt><sln:wojNazwa>wielkopolskie</sln:wojNazwa></sln:miejscowosc><sln:miejscowosc><sln:cyklZyciaDo>2017-03-29T00:00:00+02:00</sln:cyklZyciaDo><sln:cyklZyciaOd>2015-05-05T00:00:00+02:00</sln:cyklZyciaOd><sln:gmIIPId>cd60b1e5-066e-4158-9d15-a5a026fd6d9b</sln:gmIIPId><sln:gmIIPPn>PL.PZGIK.200</sln:gmIIPPn><sln:gmIIPWersja>2012-09-26T22:24:51+02:00</sln:gmIIPWersja><sln:gmIdTeryt>3009043</sln:gmIdTeryt><sln:gmNazwa>Dąbie</sln:gmNazwa><sln:miejscIIPId>0169ce7f-e664-4875-8149-9964f38edcc6</sln:miejscIIPId><sln:miejscIIPPn>PL.PZGIK.200</sln:miejscIIPPn><sln:miejscIIPWersja>2016-11-24T09:53:31+02:00</sln:miejscIIPWersja><sln:miejscIdTeryt>0282263</sln:miejscIdTeryt><sln:miejscNazwa>Bór</sln:miejscNazwa><sln:miejscRodzaj>Przysiółek</sln:miejscRodzaj><sln:powIIPId>06a4a975-dc89-4ac3-9d51-cf188532908a</sln:powIIPId><sln:powIIPPn>PL.PZGIK.200</sln:powIIPPn><sln:powIIPWersja>2012-09-27T08:59:03+02:00</sln:powIIPWersja><sln:powIdTeryt>3009</sln:powIdTeryt><sln:powNazwa>kolski</sln:powNazwa><sln:waznyOd>2014-09-17T00:00:00+02:00</sln:waznyOd><sln:wojIIPId>c606b01a-76c8-480d-9470-f24ca0d7a613</sln:wojIIPId><sln:wojIIPPn>PL.PZGIK.200</sln:wojIIPPn><sln:wojIIPWersja>2016-05-05T18:20:48+02:00</sln:wojIIPWersja><sln:wojIdTeryt>30</sln:wojIdTeryt><sln:wojNazwa>wielkopolskie</sln:wojNazwa></sln:miejscowosc><sln:miejscowosc><sln:cyklZyciaDo>2017-03-29T00:00:00+02:00</sln:cyklZyciaDo><sln:cyklZyciaOd>2015-05-05T00:00:00+02:00</sln:cyklZyciaOd><sln:gmIIPId>cd60b1e5-066e-4158-9d15-a5a026fd6d9b</sln:gmIIPId><sln:gmIIPPn>PL.PZGIK.200</sln:gmIIPPn><sln:gmIIPWersja>2012-09-26T22:24:51+02:00</sln:gmIIPWersja><sln:gmIdTeryt>3009043</sln:gmIdTeryt><sln:gmNazwa>Dąbie</sln:gmNazwa><sln:miejscIIPId>934eca03-77e7-4a6f-9629-ac59586e313f</sln:miejscIIPId><sln:miejscIIPPn>PL.PZGIK.200</sln:miejscIIPPn><sln:miejscIIPWersja>2016-11-24T09:53:31+02:00</sln:miejscIIPWersja><sln:miejscIdTeryt>0282518</sln:miejscIdTeryt><sln:miejscNazwa>Bród</sln:miejscNazwa><sln:miejscRodzaj>Przysiółek</sln:miejscRodzaj><sln:powIIPId>06a4a975-dc89-4ac3-9d51-cf188532908a</sln:powIIPId><sln:powIIPPn>PL.PZGIK.200</sln:powIIPPn><sln:powIIPWersja>2012-09-27T08:59:03+02:00</sln:powIIPWersja><sln:powIdTeryt>3009</sln:powIdTeryt><sln:powNazwa>kolski</sln:powNazwa><sln:waznyOd>2014-09-25T00:00:00+02:00</sln:waznyOd><sln:wojIIPId>c606b01a-76c8-480d-9470-f24ca0d7a613</sln:wojIIPId><sln:wojIIPPn>PL.PZGIK.200</sln:wojIIPPn><sln:wojIIPWersja>2016-05-05T18:20:48+02:00</sln:wojIIPWersja><sln:wojIdTeryt>30</sln:wojIdTeryt><sln:wojNazwa>wielkopolskie</sln:wojNazwa></sln:miejscowosc><sln:miejscowosc><sln:cyklZyciaDo>2017-03-29T00:00:00+02:00</sln:cyklZyciaDo><sln:cyklZyciaOd>2015-05-05T00:00:00+02:00</sln:cyklZyciaOd><sln:gmIIPId>cd60b1e5-066e-4158-9d15-a5a026fd6d9b</sln:gmIIPId><sln:gmIIPPn>PL.PZGIK.200</sln:gmIIPPn><sln:gmIIPWersja>2012-09-26T22:24:51+02:00</sln:gmIIPWersja><sln:gmIdTeryt>3009043</sln:gmIdTeryt><sln:gmNazwa>Dąbie</sln:gmNazwa><sln:miejscIIPId>7464b07c-0db4-4605-be97-1248516f9df1</sln:miejscIIPId><sln:miejscIIPPn>PL.PZGIK.200</sln:miejscIIPPn><sln:miejscIIPWersja>2016-11-24T09:53:31+02:00</sln:miejscIIPWersja><sln:miejscIdTeryt>0282292</sln:miejscIdTeryt><sln:miejscNazwa>Chełmno</sln:miejscNazwa><sln:miejscRodzaj>Wieś</sln:miejscRodzaj><sln:powIIPId>06a4a975-dc89-4ac3-9d51-cf188532908a</sln:powIIPId><sln:powIIPPn>PL.PZGIK.200</sln:powIIPPn><sln:powIIPWersja>2012-09-27T08:59:03+02:00</sln:powIIPWersja><sln:powIdTeryt>3009</sln:powIdTeryt><sln:powNazwa>kolski</sln:powNazwa><sln:waznyOd>2014-09-10T00:00:00+02:00</sln:waznyOd><sln:wojIIPId>c606b01a-76c8-480d-9470-f24ca0d7a613</sln:wojIIPId><sln:wojIIPPn>PL.PZGIK.200</sln:wojIIPPn><sln:wojIIPWersja>2016-05-05T18:20:48+02:00</sln:wojIIPWersja><sln:wojIdTeryt>30</sln:wojIdTeryt><sln:wojNazwa>wielkopolskie</sln:wojNazwa></sln:miejscowosc><sln:miejscowosc><sln:cyklZyciaDo>2017-03-29T00:00:00+02:00</sln:cyklZyciaDo><sln:cyklZyciaOd>2015-05-05T00:00:00+02:00</sln:cyklZyciaOd><sln:gmIIPId>cd60b1e5-066e-4158-9d15-a5a026fd6d9b</sln:gmIIPId><sln:gmIIPPn>PL.PZGIK.200</sln:gmIIPPn><sln:gmIIPWersja>2012-09-26T22:24:51+02:00</sln:gmIIPWersja><sln:gmIdTeryt>3009043</sln:gmIdTeryt><sln:gmNazwa>Dąbie</sln:gmNazwa><sln:miejscIIPId>8c903f32-6a32-41b5-a366-171e6667a3df</sln:miejscIIPId><sln:miejscIIPPn>PL.PZGIK.200</sln:miejscIIPPn><sln:miejscIIPWersja>2016-11-24T09:53:31+02:00</sln:miejscIIPWersja><sln:miejscIdTeryt>0282330</sln:miejscIdTeryt><sln:miejscNazwa>Chełmno-Parcele</sln:miejscNazwa><sln:miejscRodzaj>Wieś</sln:miejscRodzaj><sln:powIIPId>06a4a975-dc89-4ac3-9d51-cf188532908a</sln:powIIPId><sln:powIIPPn>PL.PZGIK.200</sln:powIIPPn><sln:powIIPWersja>2012-09-27T08:59:03+02:00</sln:powIIPWersja><sln:powIdTeryt>3009</sln:powIdTeryt><sln:powNazwa>kolski</sln:powNazwa><sln:waznyOd>2014-09-17T00:00:00+02:00</sln:waznyOd><sln:wojIIPId>c606b01a-76c8-480d-9470-f24ca0d7a613</sln:wojIIPId><sln:wojIIPPn>PL.PZGIK.200</sln:wojIIPPn><sln:wojIIPWersja>2016-05-05T18:20:48+02:00</sln:wojIIPWersja><sln:wojIdTeryt>30</sln:wojIdTeryt><sln:wojNazwa>wielkopolskie</sln:wojNazwa></sln:miejscowosc><sln:miejscowosc><sln:cyklZyciaDo>2017-03-29T00:00:00+02:00</sln:cyklZyciaDo><sln:cyklZyciaOd>2015-05-05T00:00:00+02:00</sln:cyklZyciaOd><sln:gmIIPId>cd60b1e5-066e-4158-9d15-a5a026fd6d9b</sln:gmIIPId><sln:gmIIPPn>PL.PZGIK.200</sln:gmIIPPn><sln:gmIIPWersja>2012-09-26T22:24:51+02:00</sln:gmIIPWersja><sln:gmIdTeryt>3009043</sln:gmIdTeryt><sln:gmNazwa>Dąbie</sln:gmNazwa><sln:miejscIIPId>d5d811a0-b542-4beb-b61b-5f9153e8bb5e</sln:miejscIIPId><sln:miejscIIPPn>PL.PZGIK.200</sln:miejscIIPPn><sln:miejscIIPWersja>2016-11-24T09:53:31+02:00</sln:miejscIIPWersja><sln:miejscIdTeryt>0282346</sln:miejscIdTeryt><sln:miejscNazwa>Chruścin</sln:miejscNazwa><sln:miejscRodzaj>Wieś</sln:miejscRodzaj><sln:powIIPId>06a4a975-dc89-4ac3-9d51-cf188532908a</sln:powIIPId><sln:powIIPPn>PL.PZGIK.200</sln:powIIPPn><sln:powIIPWersja>2012-09-27T08:59:03+02:00</sln:powIIPWersja><sln:powIdTeryt>3009</sln:powIdTeryt><sln:powNazwa>kolski</sln:powNazwa><sln:waznyOd>2014-09-10T00:00:00+02:00</sln:waznyOd><sln:wojIIPId>c606b01a-76c8-480d-9470-f24ca0d7a613</sln:wojIIPId><sln:wojIIPPn>PL.PZGIK.200</sln:wojIIPPn><sln:wojIIPWersja>2016-05-05T18:20:48+02:00</sln:wojIIPWersja><sln:wojIdTeryt>30</sln:wojIdTeryt><sln:wojNazwa>wielkopolskie</sln:wojNazwa></sln:miejscowosc><sln:miejscowosc><sln:cyklZyciaDo>2017-03-29T00:00:00+02:00</sln:cyklZyciaDo><sln:cyklZyciaOd>2015-05-05T00:00:00+02:00</sln:cyklZyciaOd><sln:gmIIPId>cd60b1e5-066e-4158-9d15-a5a026fd6d9b</sln:gmIIPId><sln:gmIIPPn>PL.PZGIK.200</sln:gmIIPPn><sln:gmIIPWersja>2012-09-26T22:24:51+02:00</sln:gmIIPWersja><sln:gmIdTeryt>3009043</sln:gmIdTeryt><sln:gmNazwa>Dąbie</sln:gmNazwa><sln:miejscIIPId>e14ca24f-5eaf-4379-b41a-1bc16e584300</sln:miejscIIPId><sln:miejscIIPPn>PL.PZGIK.200</sln:miejscIIPPn><sln:miejscIIPWersja>2016-11-24T09:53:31+02:00</sln:miejscIIPWersja><sln:miejscIdTeryt>0282352</sln:miejscIdTeryt><sln:miejscNazwa>Cichmiana</sln:miejscNazwa><sln:miejscRodzaj>Wieś</sln:miejscRodzaj><sln:powIIPId>06a4a975-dc89-4ac3-9d51-cf188532908a</sln:powIIPId><sln:powIIPPn>PL.PZGIK.200</sln:powIIPPn><sln:powIIPWersja>2012-09-27T08:59:03+02:00</sln:powIIPWersja><sln:powIdTeryt>3009</sln:powIdTeryt><sln:powNazwa>kolski</sln:powNazwa><sln:waznyOd>2014-09-10T00:00:00+02:00</sln:waznyOd><sln:wojIIPId>c606b01a-76c8-480d-9470-f24ca0d7a613</sln:wojIIPId><sln:wojIIPPn>PL.PZGIK.200</sln:wojIIPPn><sln:wojIIPWersja>2016-05-05T18:20:48+02:00</sln:wojIIPWersja><sln:wojIdTeryt>30</sln:wojIdTeryt><sln:wojNazwa>wielkopolskie</sln:wojNazwa></sln:miejscowosc><sln:miejscowosc><sln:cyklZyciaDo>2017-03-29T00:00:00+02:00</sln:cyklZyciaDo><sln:cyklZyciaOd>2015-05-05T00:00:00+02:00</sln:cyklZyciaOd><sln:gmIIPId>cd60b1e5-066e-4158-9d15-a5a026fd6d9b</sln:gmIIPId><sln:gmIIPPn>PL.PZGIK.200</sln:gmIIPPn><sln:gmIIPWersja>2012-09-26T22:24:51+02:00</sln:gmIIPWersja><sln:gmIdTeryt>3009043</sln:gmIdTeryt><sln:gmNazwa>Dąbie</sln:gmNazwa><sln:miejscIIPId>f352c5c7-06e3-44a4-ab5f-3e3401d022e5</sln:miejscIIPId><sln:miejscIIPPn>PL.PZGIK.200</sln:miejscIIPPn><sln:miejscIIPWersja>2016-11-24T13:16:42+02:00</sln:miejscIIPWersja><sln:miejscIdTeryt>0948992</sln:miejscIdTeryt><sln:miejscNazwa>Dąbie</sln:miejscNazwa><sln:miejscRodzaj>Miasto</sln:miejscRodzaj><sln:powIIPId>06a4a975-dc89-4ac3-9d51-cf188532908a</sln:powIIPId><sln:powIIPPn>PL.PZGIK.200</sln:powIIPPn><sln:powIIPWersja>2012-09-27T08:59:03+02:00</sln:powIIPWersja><sln:powIdTeryt>3009</sln:powIdTeryt><sln:powNazwa>kolski</sln:powNazwa><sln:waznyOd>2014-09-10T00:00:00+02:00</sln:waznyOd><sln:wojIIPId>c606b01a-76c8-480d-9470-f24ca0d7a613</sln:wojIIPId><sln:wojIIPPn>PL.PZGIK.200</sln:wojIIPPn><sln:wojIIPWersja>2016-05-05T18:20:48+02:00</sln:wojIIPWersja><sln:wojIdTeryt>30</sln:wojIdTeryt><sln:wojNazwa>wielkopolskie</sln:wojNazwa></sln:miejscowosc><sln:miejscowosc><sln:cyklZyciaDo>2017-08-22T00:00:00+02:00</sln:cyklZyciaDo><sln:cyklZyciaOd>2015-05-05T00:00:00+02:00</sln:cyklZyciaOd><sln:gmIIPId>cd60b1e5-066e-4158-9d15-a5a026fd6d9b</sln:gmIIPId><sln:gmIIPPn>PL.PZGIK.200</sln:gmIIPPn><sln:gmIIPWersja>2012-09-26T22:24:51+02:00</sln:gmIIPWersja><sln:gmIdTeryt>3009043</sln:gmIdTeryt><sln:gmNazwa>Dąbie</sln:gmNazwa><sln:miejscIIPId>1be9ba06-eca1-449c-9c6b-6d5a858799e2</sln:miejscIIPId><sln:miejscIIPPn>PL.PZGIK.200</sln:miejscIIPPn><sln:miejscIIPWersja>2016-11-24T09:53:31+02:00</sln:miejscIIPWersja><sln:miejscIdTeryt>0282441</sln:miejscIdTeryt><sln:miejscNazwa>Dąbskie Holendry</sln:miejscNazwa><sln:miejscRodzaj>Przysiółek</sln:miejscRodzaj><sln:powIIPId>06a4a975-dc89-4ac3-9d51-cf188532908a</sln:powIIPId><sln:powIIPPn>PL.PZGIK.200</sln:powIIPPn><sln:powIIPWersja>2012-09-27T08:59:03+02:00</sln:powIIPWersja><sln:powIdTeryt>3009</sln:powIdTeryt><sln:powNazwa>kolski</sln:powNazwa><sln:waznyOd>2014-09-25T00:00:00+02:00</sln:waznyOd><sln:wojIIPId>c606b01a-76c8-480d-9470-f24ca0d7a613</sln:wojIIPId><sln:wojIIPPn>PL.PZGIK.200</sln:wojIIPPn><sln:wojIIPWersja>2016-05-05T18:20:48+02:00</sln:wojIIPWersja><sln:wojIdTeryt>30</sln:wojIdTeryt><sln:wojNazwa>wielkopolskie</sln:wojNazwa></sln:miejscowosc><sln:miejscowosc><sln:cyklZyciaDo>2017-03-29T00:00:00+02:00</sln:cyklZyciaDo><sln:cyklZyciaOd>2015-05-05T00:00:00+02:00</sln:cyklZyciaOd><sln:gmIIPId>cd60b1e5-066e-4158-9d15-a5a026fd6d9b</sln:gmIIPId><sln:gmIIPPn>PL.PZGIK.200</sln:gmIIPPn><sln:gmIIPWersja>2012-09-26T22:24:51+02:00</sln:gmIIPWersja><sln:gmIdTeryt>3009043</sln:gmIdTeryt><sln:gmNazwa>Dąbie</sln:gmNazwa><sln:miejscIIPId>9455a67c-5572-4e00-bc74-b0aa5b2cfd4a</sln:miejscIIPId><sln:miejscIIPPn>PL.PZGIK.200</sln:miejscIIPPn><sln:miejscIIPWersja>2016-11-24T09:53:31+02:00</sln:miejscIIPWersja><sln:miejscIdTeryt>0282381</sln:miejscIdTeryt><sln:miejscNazwa>Domanin</sln:miejscNazwa><sln:miejscRodzaj>Wieś</sln:miejscRodzaj><sln:powIIPId>06a4a975-dc89-4ac3-9d51-cf188532908a</sln:powIIPId><sln:powIIPPn>PL.PZGIK.200</sln:powIIPPn><sln:powIIPWersja>2012-09-27T08:59:03+02:00</sln:powIIPWersja><sln:powIdTeryt>3009</sln:powIdTeryt><sln:powNazwa>kolski</sln:powNazwa><sln:waznyOd>2014-09-10T00:00:00+02:00</sln:waznyOd><sln:wojIIPId>c606b01a-76c8-480d-9470-f24ca0d7a613</sln:wojIIPId><sln:wojIIPPn>PL.PZGIK.200</sln:wojIIPPn><sln:wojIIPWersja>2016-05-05T18:20:48+02:00</sln:wojIIPWersja><sln:wojIdTeryt>30</sln:wojIdTeryt><sln:wojNazwa>wielkopolskie</sln:wojNazwa></sln:miejscowosc><sln:miejscowosc><sln:cyklZyciaDo>2017-03-29T00:00:00+02:00</sln:cyklZyciaDo><sln:cyklZyciaOd>2015-05-05T00:00:00+02:00</sln:cyklZyciaOd><sln:gmIIPId>cd60b1e5-066e-4158-9d15-a5a026fd6d9b</sln:gmIIPId><sln:gmIIPPn>PL.PZGIK.200</sln:gmIIPPn><sln:gmIIPWersja>2012-09-26T22:24:51+02:00</sln:gmIIPWersja><sln:gmIdTeryt>3009043</sln:gmIdTeryt><sln:gmNazwa>Dąbie</sln:gmNazwa><sln:miejscIIPId>73dea343-9e9d-4a5a-9dd4-cfb6a706fbe5</sln:miejscIIPId><sln:miejscIIPPn>PL.PZGIK.200</sln:miejscIIPPn><sln:miejscIIPWersja>2016-11-24T09:53:31+02:00</sln:miejscIIPWersja><sln:miejscIdTeryt>0282412</sln:miejscIdTeryt><sln:miejscNazwa>Gaj</sln:miejscNazwa><sln:miejscRodzaj>Wieś</sln:miejscRodzaj><sln:powIIPId>06a4a975-dc89-4ac3-9d51-cf188532908a</sln:powIIPId><sln:powIIPPn>PL.PZGIK.200</sln:powIIPPn><sln:powIIPWersja>2012-09-27T08:59:03+02:00</sln:powIIPWersja><sln:powIdTeryt>3009</sln:powIdTeryt><sln:powNazwa>kolski</sln:powNazwa><sln:waznyOd>2014-09-10T00:00:00+02:00</sln:waznyOd><sln:wojIIPId>c606b01a-76c8-480d-9470-f24ca0d7a613</sln:wojIIPId><sln:wojIIPPn>PL.PZGIK.200</sln:wojIIPPn><sln:wojIIPWersja>2016-05-05T18:20:48+02:00</sln:wojIIPWersja><sln:wojIdTeryt>30</sln:wojIdTeryt><sln:wojNazwa>wielkopolskie</sln:wojNazwa></sln:miejscowosc><sln:miejscowosc><sln:cyklZyciaDo>2017-03-29T00:00:00+02:00</sln:cyklZyciaDo><sln:cyklZyciaOd>2015-05-05T00:00:00+02:00</sln:cyklZyciaOd><sln:gmIIPId>cd60b1e5-066e-4158-9d15-a5a026fd6d9b</sln:gmIIPId><sln:gmIIPPn>PL.PZGIK.200</sln:gmIIPPn><sln:gmIIPWersja>2012-09-26T22:24:51+02:00</sln:gmIIPWersja><sln:gmIdTeryt>3009043</sln:gmIdTeryt><sln:gmNazwa>Dąbie</sln:gmNazwa><sln:miejscIIPId>ee56f7e5-bf66-4df5-8f32-e831b4f22e19</sln:miejscIIPId><sln:miejscIIPPn>PL.PZGIK.200</sln:miejscIIPPn><sln:miejscIIPWersja>2016-11-24T09:53:31+02:00</sln:miejscIIPWersja><sln:miejscIdTeryt>0282458</sln:miejscIdTeryt><sln:miejscNazwa>Grabina Mała</sln:miejscNazwa><sln:miejscRodzaj>Wieś</sln:miejscRodzaj><sln:powIIPId>06a4a975-dc89-4ac3-9d51-cf188532908a</sln:powIIPId><sln:powIIPPn>PL.PZGIK.200</sln:powIIPPn><sln:powIIPWersja>2012-09-27T08:59:03+02:00</sln:powIIPWersja><sln:powIdTeryt>3009</sln:powIdTeryt><sln:powNazwa>kolski</sln:powNazwa><sln:waznyOd>2014-09-10T00:00:00+02:00</sln:waznyOd><sln:wojIIPId>c606b01a-76c8-480d-9470-f24ca0d7a613</sln:wojIIPId><sln:wojIIPPn>PL.PZGIK.200</sln:wojIIPPn><sln:wojIIPWersja>2016-05-05T18:20:48+02:00</sln:wojIIPWersja><sln:wojIdTeryt>30</sln:wojIdTeryt><sln:wojNazwa>wielkopolskie</sln:wojNazwa></sln:miejscowosc><sln:miejscowosc><sln:cyklZyciaDo>2017-03-29T00:00:00+02:00</sln:cyklZyciaDo><sln:cyklZyciaOd>2015-05-05T00:00:00+02:00</sln:cyklZyciaOd><sln:gmIIPId>cd60b1e5-066e-4158-9d15-a5a026fd6d9b</sln:gmIIPId><sln:gmIIPPn>PL.PZGIK.200</sln:gmIIPPn><sln:gmIIPWersja>2012-09-26T22:24:51+02:00</sln:gmIIPWersja><sln:gmIdTeryt>3009043</sln:gmIdTeryt><sln:gmNazwa>Dąbie</sln:gmNazwa><sln:miejscIIPId>69e77064-e376-4061-9fac-27e25ac51a37</sln:miejscIIPId><sln:miejscIIPPn>PL.PZGIK.200</sln:miejscIIPPn><sln:miejscIIPWersja>2016-11-24T09:53:31+02:00</sln:miejscIIPWersja><sln:miejscIdTeryt>0282435</sln:miejscIdTeryt><sln:miejscNazwa>Grabina Wielka</sln:miejscNazwa><sln:miejscRodzaj>Wieś</sln:miejscRodzaj><sln:powIIPId>06a4a975-dc89-4ac3-9d51-cf188532908a</sln:powIIPId><sln:powIIPPn>PL.PZGIK.200</sln:powIIPPn><sln:powIIPWersja>2012-09-27T08:59:03+02:00</sln:powIIPWersja><sln:powIdTeryt>3009</sln:powIdTeryt><sln:powNazwa>kolski</sln:powNazwa><sln:waznyOd>2014-09-10T00:00:00+02:00</sln:waznyOd><sln:wojIIPId>c606b01a-76c8-480d-9470-f24ca0d7a613</sln:wojIIPId><sln:wojIIPPn>PL.PZGIK.200</sln:wojIIPPn><sln:wojIIPWersja>2016-05-05T18:20:48+02:00</sln:wojIIPWersja><sln:wojIdTeryt>30</sln:wojIdTeryt><sln:wojNazwa>wielkopolskie</sln:wojNazwa></sln:miejscowosc><sln:miejscowosc><sln:cyklZyciaDo>2017-03-29T00:00:00+02:00</sln:cyklZyciaDo><sln:cyklZyciaOd>2015-05-05T00:00:00+02:00</sln:cyklZyciaOd><sln:gmIIPId>cd60b1e5-066e-4158-9d15-a5a026fd6d9b</sln:gmIIPId><sln:gmIIPPn>PL.PZGIK.200</sln:gmIIPPn><sln:gmIIPWersja>2012-09-26T22:24:51+02:00</sln:gmIIPWersja><sln:gmIdTeryt>3009043</sln:gmIdTeryt><sln:gmNazwa>Dąbie</sln:gmNazwa><sln:miejscIIPId>19703c5d-8079-4b83-9cf3-f3e6c399c51a</sln:miejscIIPId><sln:miejscIIPPn>PL.PZGIK.200</sln:miejscIIPPn><sln:miejscIIPWersja>2016-11-24T09:53:31+02:00</sln:miejscIIPWersja><sln:miejscIdTeryt>0282464</sln:miejscIdTeryt><sln:miejscNazwa>Karszew</sln:miejscNazwa><sln:miejscRodzaj>Wieś</sln:miejscRodzaj><sln:powIIPId>06a4a975-dc89-4ac3-9d51-cf188532908a</sln:powIIPId><sln:powIIPPn>PL.PZGIK.200</sln:powIIPPn><sln:powIIPWersja>2012-09-27T08:59:03+02:00</sln:powIIPWersja><sln:powIdTeryt>3009</sln:powIdTeryt><sln:powNazwa>kolski</sln:powNazwa><sln:waznyOd>2014-09-10T00:00:00+02:00</sln:waznyOd><sln:wojIIPId>c606b01a-76c8-480d-9470-f24ca0d7a613</sln:wojIIPId><sln:wojIIPPn>PL.PZGIK.200</sln:wojIIPPn><sln:wojIIPWersja>2016-05-05T18:20:48+02:00</sln:wojIIPWersja><sln:wojIdTeryt>30</sln:wojIdTeryt><sln:wojNazwa>wielkopolskie</sln:wojNazwa></sln:miejscowosc><sln:miejscowosc><sln:cyklZyciaDo>2017-03-29T00:00:00+02:00</sln:cyklZyciaDo><sln:cyklZyciaOd>2015-05-05T00:00:00+02:00</sln:cyklZyciaOd><sln:gmIIPId>cd60b1e5-066e-4158-9d15-a5a026fd6d9b</sln:gmIIPId><sln:gmIIPPn>PL.PZGIK.200</sln:gmIIPPn><sln:gmIIPWersja>2012-09-26T22:24:51+02:00</sln:gmIIPWersja><sln:gmIdTeryt>3009043</sln:gmIdTeryt><sln:gmNazwa>Dąbie</sln:gmNazwa><sln:miejscIIPId>c70b4837-f2ae-4f2d-b3b1-d1f7d9353ac1</sln:miejscIIPId><sln:miejscIIPPn>PL.PZGIK.200</sln:miejscIIPPn><sln:miejscIIPWersja>2016-11-24T09:53:31+02:00</sln:miejscIIPWersja><sln:miejscIdTeryt>0282470</sln:miejscIdTeryt><sln:miejscNazwa>Krzewo</sln:miejscNazwa><sln:miejscRodzaj>Wieś</sln:miejscRodzaj><sln:powIIPId>06a4a975-dc89-4ac3-9d51-cf188532908a</sln:powIIPId><sln:powIIPPn>PL.PZGIK.200</sln:powIIPPn><sln:powIIPWersja>2012-09-27T08:59:03+02:00</sln:powIIPWersja><sln:powIdTeryt>3009</sln:powIdTeryt><sln:powNazwa>kolski</sln:powNazwa><sln:waznyOd>2014-09-10T00:00:00+02:00</sln:waznyOd><sln:wojIIPId>c606b01a-76c8-480d-9470-f24ca0d7a613</sln:wojIIPId><sln:wojIIPPn>PL.PZGIK.200</sln:wojIIPPn><sln:wojIIPWersja>2016-05-05T18:20:48+02:00</sln:wojIIPWersja><sln:wojIdTeryt>30</sln:wojIdTeryt><sln:wojNazwa>wielkopolskie</sln:wojNazwa></sln:miejscowosc><sln:miejscowosc><sln:cyklZyciaDo>2017-03-29T00:00:00+02:00</sln:cyklZyciaDo><sln:cyklZyciaOd>2015-05-05T00:00:00+02:00</sln:cyklZyciaOd><sln:gmIIPId>cd60b1e5-066e-4158-9d15-a5a026fd6d9b</sln:gmIIPId><sln:gmIIPPn>PL.PZGIK.200</sln:gmIIPPn><sln:gmIIPWersja>2012-09-26T22:24:51+02:00</sln:gmIIPWersja><sln:gmIdTeryt>3009043</sln:gmIdTeryt><sln:gmNazwa>Dąbie</sln:gmNazwa><sln:miejscIIPId>aafaf6f0-5ae8-4514-aaa6-68dfa9a75895</sln:miejscIIPId><sln:miejscIIPPn>PL.PZGIK.200</sln:miejscIIPPn><sln:miejscIIPWersja>2016-11-24T09:53:31+02:00</sln:miejscIIPWersja><sln:miejscIdTeryt>0282501</sln:miejscIdTeryt><sln:miejscNazwa>Krzykosy</sln:miejscNazwa><sln:miejscRodzaj>Wieś</sln:miejscRodzaj><sln:powIIPId>06a4a975-dc89-4ac3-9d51-cf188532908a</sln:powIIPId><sln:powIIPPn>PL.PZGIK.200</sln:powIIPPn><sln:powIIPWersja>2012-09-27T08:59:03+02:00</sln:powIIPWersja><sln:powIdTeryt>3009</sln:powIdTeryt><sln:powNazwa>kolski</sln:powNazwa><sln:waznyOd>2014-09-10T00:00:00+02:00</sln:waznyOd><sln:wojIIPId>c606b01a-76c8-480d-9470-f24ca0d7a613</sln:wojIIPId><sln:wojIIPPn>PL.PZGIK.200</sln:wojIIPPn><sln:wojIIPWersja>2016-05-05T18:20:48+02:00</sln:wojIIPWersja><sln:wojIdTeryt>30</sln:wojIdTeryt><sln:wojNazwa>wielkopolskie</sln:wojNazwa></sln:miejscowosc><sln:miejscowosc><sln:cyklZyciaDo>2017-03-29T00:00:00+02:00</sln:cyklZyciaDo><sln:cyklZyciaOd>2015-05-05T00:00:00+02:00</sln:cyklZyciaOd><sln:gmIIPId>cd60b1e5-066e-4158-9d15-a5a026fd6d9b</sln:gmIIPId><sln:gmIIPPn>PL.PZGIK.200</sln:gmIIPPn><sln:gmIIPWersja>2012-09-26T22:24:51+02:00</sln:gmIIPWersja><sln:gmIdTeryt>3009043</sln:gmIdTeryt><sln:gmNazwa>Dąbie</sln:gmNazwa><sln:miejscIIPId>a21cd725-bb30-4cfa-a0a4-e92e55dd8495</sln:miejscIIPId><sln:miejscIIPPn>PL.PZGIK.200</sln:miejscIIPPn><sln:miejscIIPWersja>2016-11-24T09:53:31+02:00</sln:miejscIIPWersja><sln:miejscIdTeryt>0282524</sln:miejscIdTeryt><sln:miejscNazwa>Kupinin</sln:miejscNazwa><sln:miejscRodzaj>Wieś</sln:miejscRodzaj><sln:powIIPId>06a4a975-dc89-4ac3-9d51-cf188532908a</sln:powIIPId><sln:powIIPPn>PL.PZGIK.200</sln:powIIPPn><sln:powIIPWersja>2012-09-27T08:59:03+02:00</sln:powIIPWersja><sln:powIdTeryt>3009</sln:powIdTeryt><sln:powNazwa>kolski</sln:powNazwa><sln:waznyOd>2014-09-10T00:00:00+02:00</sln:waznyOd><sln:wojIIPId>c606b01a-76c8-480d-9470-f24ca0d7a613</sln:wojIIPId><sln:wojIIPPn>PL.PZGIK.200</sln:wojIIPPn><sln:wojIIPWersja>2016-05-05T18:20:48+02:00</sln:wojIIPWersja><sln:wojIdTeryt>30</sln:wojIdTeryt><sln:wojNazwa>wielkopolskie</sln:wojNazwa></sln:miejscowosc><sln:miejscowosc><sln:cyklZyciaDo>2017-03-29T00:00:00+02:00</sln:cyklZyciaDo><sln:cyklZyciaOd>2015-05-05T00:00:00+02:00</sln:cyklZyciaOd><sln:gmIIPId>cd60b1e5-066e-4158-9d15-a5a026fd6d9b</sln:gmIIPId><sln:gmIIPPn>PL.PZGIK.200</sln:gmIIPPn><sln:gmIIPWersja>2012-09-26T22:24:51+02:00</sln:gmIIPWersja><sln:gmIdTeryt>3009043</sln:gmIdTeryt><sln:gmNazwa>Dąbie</sln:gmNazwa><sln:miejscIIPId>35f1b9b5-2d35-4dd1-aa2f-c9cf3b698a28</sln:miejscIIPId><sln:miejscIIPPn>PL.PZGIK.200</sln:miejscIIPPn><sln:miejscIIPWersja>2016-11-24T09:53:31+02:00</sln:miejscIIPWersja><sln:miejscIdTeryt>0282530</sln:miejscIdTeryt><sln:miejscNazwa>Ladorudz</sln:miejscNazwa><sln:miejscRodzaj>Wieś</sln:miejscRodzaj><sln:powIIPId>06a4a975-dc89-4ac3-9d51-cf188532908a</sln:powIIPId><sln:powIIPPn>PL.PZGIK.200</sln:powIIPPn><sln:powIIPWersja>2012-09-27T08:59:03+02:00</sln:powIIPWersja><sln:powIdTeryt>3009</sln:powIdTeryt><sln:powNazwa>kolski</sln:powNazwa><sln:waznyOd>2014-09-10T00:00:00+02:00</sln:waznyOd><sln:wojIIPId>c606b01a-76c8-480d-9470-f24ca0d7a613</sln:wojIIPId><sln:wojIIPPn>PL.PZGIK.200</sln:wojIIPPn><sln:wojIIPWersja>2016-05-05T18:20:48+02:00</sln:wojIIPWersja><sln:wojIdTeryt>30</sln:wojIdTeryt><sln:wojNazwa>wielkopolskie</sln:wojNazwa></sln:miejscowosc><sln:miejscowosc><sln:cyklZyciaDo>2017-03-29T00:00:00+02:00</sln:cyklZyciaDo><sln:cyklZyciaOd>2015-05-05T00:00:00+02:00</sln:cyklZyciaOd><sln:gmIIPId>cd60b1e5-066e-4158-9d15-a5a026fd6d9b</sln:gmIIPId><sln:gmIIPPn>PL.PZGIK.200</sln:gmIIPPn><sln:gmIIPWersja>2012-09-26T22:24:51+02:00</sln:gmIIPWersja><sln:gmIdTeryt>3009043</sln:gmIdTeryt><sln:gmNazwa>Dąbie</sln:gmNazwa><sln:miejscIIPId>5c7e8e93-149a-4588-931a-3487db93239f</sln:miejscIIPId><sln:miejscIIPPn>PL.PZGIK.200</sln:miejscIIPPn><sln:miejscIIPWersja>2016-11-24T09:53:31+02:00</sln:miejscIIPWersja><sln:miejscIdTeryt>0282576</sln:miejscIdTeryt><sln:miejscNazwa>Lisice</sln:miejscNazwa><sln:miejscRodzaj>Wieś</sln:miejscRodzaj><sln:powIIPId>06a4a975-dc89-4ac3-9d51-cf188532908a</sln:powIIPId><sln:powIIPPn>PL.PZGIK.200</sln:powIIPPn><sln:powIIPWersja>2012-09-27T08:59:03+02:00</sln:powIIPWersja><sln:powIdTeryt>3009</sln:powIdTeryt><sln:powNazwa>kolski</sln:powNazwa><sln:waznyOd>2014-09-10T00:00:00+02:00</sln:waznyOd><sln:wojIIPId>c606b01a-76c8-480d-9470-f24ca0d7a613</sln:wojIIPId><sln:wojIIPPn>PL.PZGIK.200</sln:wojIIPPn><sln:wojIIPWersja>2016-05-05T18:20:48+02:00</sln:wojIIPWersja><sln:wojIdTeryt>30</sln:wojIdTeryt><sln:wojNazwa>wielkopolskie</sln:wojNazwa></sln:miejscowosc><sln:miejscowosc><sln:cyklZyciaDo>2017-03-29T00:00:00+02:00</sln:cyklZyciaDo><sln:cyklZyciaOd>2015-05-05T00:00:00+02:00</sln:cyklZyciaOd><sln:gmIIPId>cd60b1e5-066e-4158-9d15-a5a026fd6d9b</sln:gmIIPId><sln:gmIIPPn>PL.PZGIK.200</sln:gmIIPPn><sln:gmIIPWersja>2012-09-26T22:24:51+02:00</sln:gmIIPWersja><sln:gmIdTeryt>3009043</sln:gmIdTeryt><sln:gmNazwa>Dąbie</sln:gmNazwa><sln:miejscIIPId>91d63ae0-596c-4a61-99ca-01a9d4224ba0</sln:miejscIIPId><sln:miejscIIPPn>PL.PZGIK.200</sln:miejscIIPPn><sln:miejscIIPWersja>2016-11-24T09:53:31+02:00</sln:miejscIIPWersja><sln:miejscIdTeryt>0282599</sln:miejscIdTeryt><sln:miejscNazwa>Lutomirów</sln:miejscNazwa><sln:miejscRodzaj>Wieś</sln:miejscRodzaj><sln:powIIPId>06a4a975-dc89-4ac3-9d51-cf188532908a</sln:powIIPId><sln:powIIPPn>PL.PZGIK.200</sln:powIIPPn><sln:powIIPWersja>2012-09-27T08:59:03+02:00</sln:powIIPWersja><sln:powIdTeryt>3009</sln:powIdTeryt><sln:powNazwa>kolski</sln:powNazwa><sln:waznyOd>2014-09-10T00:00:00+02:00</sln:waznyOd><sln:wojIIPId>c606b01a-76c8-480d-9470-f24ca0d7a613</sln:wojIIPId><sln:wojIIPPn>PL.PZGIK.200</sln:wojIIPPn><sln:wojIIPWersja>2016-05-05T18:20:48+02:00</sln:wojIIPWersja><sln:wojIdTeryt>30</sln:wojIdTeryt><sln:wojNazwa>wielkopolskie</sln:wojNazwa></sln:miejscowosc><sln:miejscowosc><sln:cyklZyciaDo>2017-03-29T00:00:00+02:00</sln:cyklZyciaDo><sln:cyklZyciaOd>2015-05-05T00:00:00+02:00</sln:cyklZyciaOd><sln:gmIIPId>cd60b1e5-066e-4158-9d15-a5a026fd6d9b</sln:gmIIPId><sln:gmIIPPn>PL.PZGIK.200</sln:gmIIPPn><sln:gmIIPWersja>2012-09-26T22:24:51+02:00</sln:gmIIPWersja><sln:gmIdTeryt>3009043</sln:gmIdTeryt><sln:gmNazwa>Dąbie</sln:gmNazwa><sln:miejscIIPId>73c68391-c3ca-472a-ad3d-1ca65fdb0dba</sln:miejscIIPId><sln:miejscIIPPn>PL.PZGIK.200</sln:miejscIIPPn><sln:miejscIIPWersja>2016-11-24T09:53:31+02:00</sln:miejscIIPWersja><sln:miejscIdTeryt>0282620</sln:miejscIdTeryt><sln:miejscNazwa>Majdany</sln:miejscNazwa><sln:miejscRodzaj>Wieś</sln:miejscRodzaj><sln:powIIPId>06a4a975-dc89-4ac3-9d51-cf188532908a</sln:powIIPId><sln:powIIPPn>PL.PZGIK.200</sln:powIIPPn><sln:powIIPWersja>2012-09-27T08:59:03+02:00</sln:powIIPWersja><sln:powIdTeryt>3009</sln:powIdTeryt><sln:powNazwa>kolski</sln:powNazwa><sln:waznyOd>2014-09-10T00:00:00+02:00</sln:waznyOd><sln:wojIIPId>c606b01a-76c8-480d-9470-f24ca0d7a613</sln:wojIIPId><sln:wojIIPPn>PL.PZGIK.200</sln:wojIIPPn><sln:wojIIPWersja>2016-05-05T18:20:48+02:00</sln:wojIIPWersja><sln:wojIdTeryt>30</sln:wojIdTeryt><sln:wojNazwa>wielkopolskie</sln:wojNazwa></sln:miejscowosc><sln:miejscowosc><sln:cyklZyciaDo>2017-03-29T00:00:00+02:00</sln:cyklZyciaDo><sln:cyklZyciaOd>2015-05-05T00:00:00+02:00</sln:cyklZyciaOd><sln:gmIIPId>cd60b1e5-066e-4158-9d15-a5a026fd6d9b</sln:gmIIPId><sln:gmIIPPn>PL.PZGIK.200</sln:gmIIPPn><sln:gmIIPWersja>2012-09-26T22:24:51+02:00</sln:gmIIPWersja><sln:gmIdTeryt>3009043</sln:gmIdTeryt><sln:gmNazwa>Dąbie</sln:gmNazwa><sln:miejscIIPId>b5129882-d823-4fa6-bfe4-0fcb70b42451</sln:miejscIIPId><sln:miejscIIPPn>PL.PZGIK.200</sln:miejscIIPPn><sln:miejscIIPWersja>2016-11-24T09:53:31+02:00</sln:miejscIIPWersja><sln:miejscIdTeryt>0282636</sln:miejscIdTeryt><sln:miejscNazwa>Rośle</sln:miejscNazwa><sln:miejscRodzaj>Wieś</sln:miejscRodzaj><sln:powIIPId>06a4a975-dc89-4ac3-9d51-cf188532908a</sln:powIIPId><sln:powIIPPn>PL.PZGIK.200</sln:powIIPPn><sln:powIIPWersja>2012-09-27T08:59:03+02:00</sln:powIIPWersja><sln:powIdTeryt>3009</sln:powIdTeryt><sln:powNazwa>kolski</sln:powNazwa><sln:waznyOd>2014-09-17T00:00:00+02:00</sln:waznyOd><sln:wojIIPId>c606b01a-76c8-480d-9470-f24ca0d7a613</sln:wojIIPId><sln:wojIIPPn>PL.PZGIK.200</sln:wojIIPPn><sln:wojIIPWersja>2016-05-05T18:20:48+02:00</sln:wojIIPWersja><sln:wojIdTeryt>30</sln:wojIdTeryt><sln:wojNazwa>wielkopolskie</sln:wojNazwa></sln:miejscowosc><sln:miejscowosc><sln:cyklZyciaDo>2017-03-29T00:00:00+02:00</sln:cyklZyciaDo><sln:cyklZyciaOd>2015-05-05T00:00:00+02:00</sln:cyklZyciaOd><sln:gmIIPId>cd60b1e5-066e-4158-9d15-a5a026fd6d9b</sln:gmIIPId><sln:gmIIPPn>PL.PZGIK.200</sln:gmIIPPn><sln:gmIIPWersja>2012-09-26T22:24:51+02:00</sln:gmIIPWersja><sln:gmIdTeryt>3009043</sln:gmIdTeryt><sln:gmNazwa>Dąbie</sln:gmNazwa><sln:miejscIIPId>fda87036-48f5-4b99-8dad-0cc34b465ae5</sln:miejscIIPId><sln:miejscIIPPn>PL.PZGIK.200</sln:miejscIIPPn><sln:miejscIIPWersja>2016-11-24T09:53:31+02:00</sln:miejscIIPWersja><sln:miejscIdTeryt>0282665</sln:miejscIdTeryt><sln:miejscNazwa>Rzuchów</sln:miejscNazwa><sln:miejscRodzaj>Wieś</sln:miejscRodzaj><sln:powIIPId>06a4a975-dc89-4ac3-9d51-cf188532908a</sln:powIIPId><sln:powIIPPn>PL.PZGIK.200</sln:powIIPPn><sln:powIIPWersja>2012-09-27T08:59:03+02:00</sln:powIIPWersja><sln:powIdTeryt>3009</sln:powIdTeryt><sln:powNazwa>kolski</sln:powNazwa><sln:waznyOd>2014-09-10T00:00:00+02:00</sln:waznyOd><sln:wojIIPId>c606b01a-76c8-480d-9470-f24ca0d7a613</sln:wojIIPId><sln:wojIIPPn>PL.PZGIK.200</sln:wojIIPPn><sln:wojIIPWersja>2016-05-05T18:20:48+02:00</sln:wojIIPWersja><sln:wojIdTeryt>30</sln:wojIdTeryt><sln:wojNazwa>wielkopolskie</sln:wojNazwa></sln:miejscowosc><sln:miejscowosc><sln:cyklZyciaDo>2017-03-29T00:00:00+02:00</sln:cyklZyciaDo><sln:cyklZyciaOd>2015-05-05T00:00:00+02:00</sln:cyklZyciaOd><sln:gmIIPId>cd60b1e5-066e-4158-9d15-a5a026fd6d9b</sln:gmIIPId><sln:gmIIPPn>PL.PZGIK.200</sln:gmIIPPn><sln:gmIIPWersja>2012-09-26T22:24:51+02:00</sln:gmIIPWersja><sln:gmIdTeryt>3009043</sln:gmIdTeryt><sln:gmNazwa>Dąbie</sln:gmNazwa><sln:miejscIIPId>22233667-449a-44a9-9a94-9de0c7ad88ad</sln:miejscIIPId><sln:miejscIIPPn>PL.PZGIK.200</sln:miejscIIPPn><sln:miejscIIPWersja>2016-11-24T09:53:31+02:00</sln:miejscIIPWersja><sln:miejscIdTeryt>0282688</sln:miejscIdTeryt><sln:miejscNazwa>Sobótka</sln:miejscNazwa><sln:miejscRodzaj>Wieś</sln:miejscRodzaj><sln:powIIPId>06a4a975-dc89-4ac3-9d51-cf188532908a</sln:powIIPId><sln:powIIPPn>PL.PZGIK.200</sln:powIIPPn><sln:powIIPWersja>2012-09-27T08:59:03+02:00</sln:powIIPWersja><sln:powIdTeryt>3009</sln:powIdTeryt><sln:powNazwa>kolski</sln:powNazwa><sln:waznyOd>2014-09-10T00:00:00+02:00</sln:waznyOd><sln:wojIIPId>c606b01a-76c8-480d-9470-f24ca0d7a613</sln:wojIIPId><sln:wojIIPPn>PL.PZGIK.200</sln:wojIIPPn><sln:wojIIPWersja>2016-05-05T18:20:48+02:00</sln:wojIIPWersja><sln:wojIdTeryt>30</sln:wojIdTeryt><sln:wojNazwa>wielkopolskie</sln:wojNazwa></sln:miejscowosc><sln:miejscowosc><sln:cyklZyciaDo>2017-03-29T00:00:00+02:00</sln:cyklZyciaDo><sln:cyklZyciaOd>2015-05-05T00:00:00+02:00</sln:cyklZyciaOd><sln:gmIIPId>cd60b1e5-066e-4158-9d15-a5a026fd6d9b</sln:gmIIPId><sln:gmIIPPn>PL.PZGIK.200</sln:gmIIPPn><sln:gmIIPWersja>2012-09-26T22:24:51+02:00</sln:gmIIPWersja><sln:gmIdTeryt>3009043</sln:gmIdTeryt><sln:gmNazwa>Dąbie</sln:gmNazwa><sln:miejscIIPId>493d7677-78ed-48f4-88d5-25d09a5cec8d</sln:miejscIIPId><sln:miejscIIPPn>PL.PZGIK.200</sln:miejscIIPPn><sln:miejscIIPWersja>2016-11-24T09:53:31+02:00</sln:miejscIIPWersja><sln:miejscIdTeryt>0282702</sln:miejscIdTeryt><sln:miejscNazwa>Tarnówka</sln:miejscNazwa><sln:miejscRodzaj>Wieś</sln:miejscRodzaj><sln:powIIPId>06a4a975-dc89-4ac3-9d51-cf188532908a</sln:powIIPId><sln:powIIPPn>PL.PZGIK.200</sln:powIIPPn><sln:powIIPWersja>2012-09-27T08:59:03+02:00</sln:powIIPWersja><sln:powIdTeryt>3009</sln:powIdTeryt><sln:powNazwa>kolski</sln:powNazwa><sln:waznyOd>2014-09-10T00:00:00+02:00</sln:waznyOd><sln:wojIIPId>c606b01a-76c8-480d-9470-f24ca0d7a613</sln:wojIIPId><sln:wojIIPPn>PL.PZGIK.200</sln:wojIIPPn><sln:wojIIPWersja>2016-05-05T18:20:48+02:00</sln:wojIIPWersja><sln:wojIdTeryt>30</sln:wojIdTeryt><sln:wojNazwa>wielkopolskie</sln:wojNazwa></sln:miejscowosc><sln:miejscowosc><sln:cyklZyciaDo>2017-03-29T00:00:00+02:00</sln:cyklZyciaDo><sln:cyklZyciaOd>2015-05-05T00:00:00+02:00</sln:cyklZyciaOd><sln:gmIIPId>cd60b1e5-066e-4158-9d15-a5a026fd6d9b</sln:gmIIPId><sln:gmIIPPn>PL.PZGIK.200</sln:gmIIPPn><sln:gmIIPWersja>2012-09-26T22:24:51+02:00</sln:gmIIPWersja><sln:gmIdTeryt>3009043</sln:gmIdTeryt><sln:gmNazwa>Dąbie</sln:gmNazwa><sln:miejscIIPId>979b8312-e75c-437a-ab62-42e955b18e88</sln:miejscIIPId><sln:miejscIIPPn>PL.PZGIK.200</sln:miejscIIPPn><sln:miejscIIPWersja>2016-11-24T09:53:31+02:00</sln:miejscIIPWersja><sln:miejscIdTeryt>0282748</sln:miejscIdTeryt><sln:miejscNazwa>Tarnówka Wiesiołowska</sln:miejscNazwa><sln:miejscRodzaj>Wieś</sln:miejscRodzaj><sln:powIIPId>06a4a975-dc89-4ac3-9d51-cf188532908a</sln:powIIPId><sln:powIIPPn>PL.PZGIK.200</sln:powIIPPn><sln:powIIPWersja>2012-09-27T08:59:03+02:00</sln:powIIPWersja><sln:powIdTeryt>3009</sln:powIdTeryt><sln:powNazwa>kolski</sln:powNazwa><sln:waznyOd>2014-09-10T00:00:00+02:00</sln:waznyOd><sln:wojIIPId>c606b01a-76c8-480d-9470-f24ca0d7a613</sln:wojIIPId><sln:wojIIPPn>PL.PZGIK.200</sln:wojIIPPn><sln:wojIIPWersja>2016-05-05T18:20:48+02:00</sln:wojIIPWersja><sln:wojIdTeryt>30</sln:wojIdTeryt><sln:wojNazwa>wielkopolskie</sln:wojNazwa></sln:miejscowosc><sln:miejscowosc><sln:cyklZyciaDo>2017-03-29T00:00:00+02:00</sln:cyklZyciaDo><sln:cyklZyciaOd>2015-05-05T00:00:00+02:00</sln:cyklZyciaOd><sln:gmIIPId>cd60b1e5-066e-4158-9d15-a5a026fd6d9b</sln:gmIIPId><sln:gmIIPPn>PL.PZGIK.200</sln:gmIIPPn><sln:gmIIPWersja>2012-09-26T22:24:51+02:00</sln:gmIIPWersja><sln:gmIdTeryt>3009043</sln:gmIdTeryt><sln:gmNazwa>Dąbie</sln:gmNazwa><sln:miejscIIPId>1c1b4344-ad74-47ed-a2ed-7683e8902a9d</sln:miejscIIPId><sln:miejscIIPPn>PL.PZGIK.200</sln:miejscIIPPn><sln:miejscIIPWersja>2016-11-24T09:53:31+02:00</sln:miejscIIPWersja><sln:miejscIdTeryt>0282760</sln:miejscIdTeryt><sln:miejscNazwa>Wiesiołów</sln:miejscNazwa><sln:miejscRodzaj>Wieś</sln:miejscRodzaj><sln:powIIPId>06a4a975-dc89-4ac3-9d51-cf188532908a</sln:powIIPId><sln:powIIPPn>PL.PZGIK.200</sln:powIIPPn><sln:powIIPWersja>2012-09-27T08:59:03+02:00</sln:powIIPWersja><sln:powIdTeryt>3009</sln:powIdTeryt><sln:powNazwa>kolski</sln:powNazwa><sln:waznyOd>2014-09-10T00:00:00+02:00</sln:waznyOd><sln:wojIIPId>c606b01a-76c8-480d-9470-f24ca0d7a613</sln:wojIIPId><sln:wojIIPPn>PL.PZGIK.200</sln:wojIIPPn><sln:wojIIPWersja>2016-05-05T18:20:48+02:00</sln:wojIIPWersja><sln:wojIdTeryt>30</sln:wojIdTeryt><sln:wojNazwa>wielkopolskie</sln:wojNazwa></sln:miejscowosc><sln:miejscowosc><sln:cyklZyciaDo>2017-03-29T00:00:00+02:00</sln:cyklZyciaDo><sln:cyklZyciaOd>2015-05-05T00:00:00+02:00</sln:cyklZyciaOd><sln:gmIIPId>cd60b1e5-066e-4158-9d15-a5a026fd6d9b</sln:gmIIPId><sln:gmIIPPn>PL.PZGIK.200</sln:gmIIPPn><sln:gmIIPWersja>2012-09-26T22:24:51+02:00</sln:gmIIPWersja><sln:gmIdTeryt>3009043</sln:gmIdTeryt><sln:gmNazwa>Dąbie</sln:gmNazwa><sln:miejscIIPId>31277ac8-30fd-4962-a833-7b90c6344b40</sln:miejscIIPId><sln:miejscIIPPn>PL.PZGIK.200</sln:miejscIIPPn><sln:miejscIIPWersja>2016-11-24T09:53:31+02:00</sln:miejscIIPWersja><sln:miejscIdTeryt>0282814</sln:miejscIdTeryt><sln:miejscNazwa>Zalesie</sln:miejscNazwa><sln:miejscRodzaj>Wieś</sln:miejscRodzaj><sln:powIIPId>06a4a975-dc89-4ac3-9d51-cf188532908a</sln:powIIPId><sln:powIIPPn>PL.PZGIK.200</sln:powIIPPn><sln:powIIPWersja>2012-09-27T08:59:03+02:00</sln:powIIPWersja><sln:powIdTeryt>3009</sln:powIdTeryt><sln:powNazwa>kolski</sln:powNazwa><sln:waznyOd>2014-09-25T00:00:00+02:00</sln:waznyOd><sln:wojIIPId>c606b01a-76c8-480d-9470-f24ca0d7a613</sln:wojIIPId><sln:wojIIPPn>PL.PZGIK.200</sln:wojIIPPn><sln:wojIIPWersja>2016-05-05T18:20:48+02:00</sln:wojIIPWersja><sln:wojIdTeryt>30</sln:wojIdTeryt><sln:wojNazwa>wielkopolskie</sln:wojNazwa></sln:miejscowosc><sln:miejscowosc><sln:cyklZyciaOd>2017-03-29T00:00:00+02:00</sln:cyklZyciaOd><sln:gmIIPId>cd60b1e5-066e-4158-9d15-a5a026fd6d9b</sln:gmIIPId><sln:gmIIPPn>PL.PZGIK.200</sln:gmIIPPn><sln:gmIIPWersja>2012-09-26T22:24:51+02:00</sln:gmIIPWersja><sln:gmIdTeryt>3009043</sln:gmIdTeryt><sln:gmNazwa>Dąbie</sln:gmNazwa><sln:miejscIIPId>148cbdf7-66e2-4fff-8a72-f64c60ebec17</sln:miejscIIPId><sln:miejscIIPPn>PL.PZGIK.200</sln:miejscIIPPn><sln:miejscIIPWersja>2017-03-29T10:01:31+02:00</sln:miejscIIPWersja><sln:miejscIdTeryt>0282257</sln:miejscIdTeryt><sln:miejscNazwa>Augustynów</sln:miejscNazwa><sln:miejscRodzaj>Wieś</sln:miejscRodzaj><sln:powIIPId>06a4a975-dc89-4ac3-9d51-cf188532908a</sln:powIIPId><sln:powIIPPn>PL.PZGIK.200</sln:powIIPPn><sln:powIIPWersja>2012-09-27T08:59:03+02:00</sln:powIIPWersja><sln:powIdTeryt>3009</sln:powIdTeryt><sln:powNazwa>kolski</sln:powNazwa><sln:waznyOd>2014-09-10T00:00:00+02:00</sln:waznyOd><sln:wojIIPId>c606b01a-76c8-480d-9470-f24ca0d7a613</sln:wojIIPId><sln:wojIIPPn>PL.PZGIK.200</sln:wojIIPPn><sln:wojIIPWersja>2016-05-05T18:20:48+02:00</sln:wojIIPWersja><sln:wojIdTeryt>30</sln:wojIdTeryt><sln:wojNazwa>wielkopolskie</sln:wojNazwa></sln:miejscowosc><sln:miejscowosc><sln:cyklZyciaOd>2017-03-29T00:00:00+02:00</sln:cyklZyciaOd><sln:gmIIPId>cd60b1e5-066e-4158-9d15-a5a026fd6d9b</sln:gmIIPId><sln:gmIIPPn>PL.PZGIK.200</sln:gmIIPPn><sln:gmIIPWersja>2012-09-26T22:24:51+02:00</sln:gmIIPWersja><sln:gmIdTeryt>3009043</sln:gmIdTeryt><sln:gmNazwa>Dąbie</sln:gmNazwa><sln:miejscIIPId>0169ce7f-e664-4875-8149-9964f38edcc6</sln:miejscIIPId><sln:miejscIIPPn>PL.PZGIK.200</sln:miejscIIPPn><sln:miejscIIPWersja>2017-03-29T10:01:37+02:00</sln:miejscIIPWersja><sln:miejscIdTeryt>0282263</sln:miejscIdTeryt><sln:miejscNazwa>Bór</sln:miejscNazwa><sln:miejscRodzaj>Przysiółek</sln:miejscRodzaj><sln:powIIPId>06a4a975-dc89-4ac3-9d51-cf188532908a</sln:powIIPId><sln:powIIPPn>PL.PZGIK.200</sln:powIIPPn><sln:powIIPWersja>2012-09-27T08:59:03+02:00</sln:powIIPWersja><sln:powIdTeryt>3009</sln:powIdTeryt><sln:powNazwa>kolski</sln:powNazwa><sln:waznyOd>2014-09-17T00:00:00+02:00</sln:waznyOd><sln:wojIIPId>c606b01a-76c8-480d-9470-f24ca0d7a613</sln:wojIIPId><sln:wojIIPPn>PL.PZGIK.200</sln:wojIIPPn><sln:wojIIPWersja>2016-05-05T18:20:48+02:00</sln:wojIIPWersja><sln:wojIdTeryt>30</sln:wojIdTeryt><sln:wojNazwa>wielkopolskie</sln:wojNazwa></sln:miejscowosc><sln:miejscowosc><sln:cyklZyciaOd>2017-03-29T00:00:00+02:00</sln:cyklZyciaOd><sln:gmIIPId>cd60b1e5-066e-4158-9d15-a5a026fd6d9b</sln:gmIIPId><sln:gmIIPPn>PL.PZGIK.200</sln:gmIIPPn><sln:gmIIPWersja>2012-09-26T22:24:51+02:00</sln:gmIIPWersja><sln:gmIdTeryt>3009043</sln:gmIdTeryt><sln:gmNazwa>Dąbie</sln:gmNazwa><sln:miejscIIPId>fe0dcaf4-1247-47ec-b147-8af3e4bb0363</sln:miejscIIPId><sln:miejscIIPPn>PL.PZGIK.200</sln:miejscIIPPn><sln:miejscIIPWersja>2017-03-29T10:01:37+02:00</sln:miejscIIPWersja><sln:miejscIdTeryt>0282270</sln:miejscIdTeryt><sln:miejscNazwa>Baranowiec</sln:miejscNazwa><sln:miejscRodzaj>Wieś</sln:miejscRodzaj><sln:powIIPId>06a4a975-dc89-4ac3-9d51-cf188532908a</sln:powIIPId><sln:powIIPPn>PL.PZGIK.200</sln:powIIPPn><sln:powIIPWersja>2012-09-27T08:59:03+02:00</sln:powIIPWersja><sln:powIdTeryt>3009</sln:powIdTeryt><sln:powNazwa>kolski</sln:powNazwa><sln:waznyOd>2014-09-10T00:00:00+02:00</sln:waznyOd><sln:wojIIPId>c606b01a-76c8-480d-9470-f24ca0d7a613</sln:wojIIPId><sln:wojIIPPn>PL.PZGIK.200</sln:wojIIPPn><sln:wojIIPWersja>2016-05-05T18:20:48+02:00</sln:wojIIPWersja><sln:wojIdTeryt>30</sln:wojIdTeryt><sln:wojNazwa>wielkopolskie</sln:wojNazwa></sln:miejscowosc><sln:miejscowosc><sln:cyklZyciaOd>2017-03-29T00:00:00+02:00</sln:cyklZyciaOd><sln:gmIIPId>cd60b1e5-066e-4158-9d15-a5a026fd6d9b</sln:gmIIPId><sln:gmIIPPn>PL.PZGIK.200</sln:gmIIPPn><sln:gmIIPWersja>2012-09-26T22:24:51+02:00</sln:gmIIPWersja><sln:gmIdTeryt>3009043</sln:gmIdTeryt><sln:gmNazwa>Dąbie</sln:gmNazwa><sln:miejscIIPId>7464b07c-0db4-4605-be97-1248516f9df1</sln:miejscIIPId><sln:miejscIIPPn>PL.PZGIK.200</sln:miejscIIPPn><sln:miejscIIPWersja>2017-03-29T10:01:37+02:00</sln:miejscIIPWersja><sln:miejscIdTeryt>0282292</sln:miejscIdTeryt><sln:miejscNazwa>Chełmno</sln:miejscNazwa><sln:miejscRodzaj>Wieś</sln:miejscRodzaj><sln:powIIPId>06a4a975-dc89-4ac3-9d51-cf188532908a</sln:powIIPId><sln:powIIPPn>PL.PZGIK.200</sln:powIIPPn><sln:powIIPWersja>2012-09-27T08:59:03+02:00</sln:powIIPWersja><sln:powIdTeryt>3009</sln:powIdTeryt><sln:powNazwa>kolski</sln:powNazwa><sln:waznyOd>2014-09-10T00:00:00+02:00</sln:waznyOd><sln:wojIIPId>c606b01a-76c8-480d-9470-f24ca0d7a613</sln:wojIIPId><sln:wojIIPPn>PL.PZGIK.200</sln:wojIIPPn><sln:wojIIPWersja>2016-05-05T18:20:48+02:00</sln:wojIIPWersja><sln:wojIdTeryt>30</sln:wojIdTeryt><sln:wojNazwa>wielkopolskie</sln:wojNazwa></sln:miejscowosc><sln:miejscowosc><sln:cyklZyciaDo>2017-08-22T00:00:00+02:00</sln:cyklZyciaDo><sln:cyklZyciaOd>2017-03-29T00:00:00+02:00</sln:cyklZyciaOd><sln:gmIIPId>cd60b1e5-066e-4158-9d15-a5a026fd6d9b</sln:gmIIPId><sln:gmIIPPn>PL.PZGIK.200</sln:gmIIPPn><sln:gmIIPWersja>2012-09-26T22:24:51+02:00</sln:gmIIPWersja><sln:gmIdTeryt>3009043</sln:gmIdTeryt><sln:gmNazwa>Dąbie</sln:gmNazwa><sln:miejscIIPId>8c903f32-6a32-41b5-a366-171e6667a3df</sln:miejscIIPId><sln:miejscIIPPn>PL.PZGIK.200</sln:miejscIIPPn><sln:miejscIIPWersja>2017-03-29T10:01:37+02:00</sln:miejscIIPWersja><sln:miejscIdTeryt>0282330</sln:miejscIdTeryt><sln:miejscNazwa>Chełmno-Parcele</sln:miejscNazwa><sln:miejscRodzaj>Wieś</sln:miejscRodzaj><sln:powIIPId>06a4a975-dc89-4ac3-9d51-cf188532908a</sln:powIIPId><sln:powIIPPn>PL.PZGIK.200</sln:powIIPPn><sln:powIIPWersja>2012-09-27T08:59:03+02:00</sln:powIIPWersja><sln:powIdTeryt>3009</sln:powIdTeryt><sln:powNazwa>kolski</sln:powNazwa><sln:waznyOd>2014-09-17T00:00:00+02:00</sln:waznyOd><sln:wojIIPId>c606b01a-76c8-480d-9470-f24ca0d7a613</sln:wojIIPId><sln:wojIIPPn>PL.PZGIK.200</sln:wojIIPPn><sln:wojIIPWersja>2016-05-05T18:20:48+02:00</sln:wojIIPWersja><sln:wojIdTeryt>30</sln:wojIdTeryt><sln:wojNazwa>wielkopolskie</sln:wojNazwa></sln:miejscowosc><sln:miejscowosc><sln:cyklZyciaOd>2017-03-29T00:00:00+02:00</sln:cyklZyciaOd><sln:gmIIPId>cd60b1e5-066e-4158-9d15-a5a026fd6d9b</sln:gmIIPId><sln:gmIIPPn>PL.PZGIK.200</sln:gmIIPPn><sln:gmIIPWersja>2012-09-26T22:24:51+02:00</sln:gmIIPWersja><sln:gmIdTeryt>3009043</sln:gmIdTeryt><sln:gmNazwa>Dąbie</sln:gmNazwa><sln:miejscIIPId>d5d811a0-b542-4beb-b61b-5f9153e8bb5e</sln:miejscIIPId><sln:miejscIIPPn>PL.PZGIK.200</sln:miejscIIPPn><sln:miejscIIPWersja>2017-03-29T10:01:37+02:00</sln:miejscIIPWersja><sln:miejscIdTeryt>0282346</sln:miejscIdTeryt><sln:miejscNazwa>Chruścin</sln:miejscNazwa><sln:miejscRodzaj>Wieś</sln:miejscRodzaj><sln:powIIPId>06a4a975-dc89-4ac3-9d51-cf188532908a</sln:powIIPId><sln:powIIPPn>PL.PZGIK.200</sln:powIIPPn><sln:powIIPWersja>2012-09-27T08:59:03+02:00</sln:powIIPWersja><sln:powIdTeryt>3009</sln:powIdTeryt><sln:powNazwa>kolski</sln:powNazwa><sln:waznyOd>2014-09-10T00:00:00+02:00</sln:waznyOd><sln:wojIIPId>c606b01a-76c8-480d-9470-f24ca0d7a613</sln:wojIIPId><sln:wojIIPPn>PL.PZGIK.200</sln:wojIIPPn><sln:wojIIPWersja>2016-05-05T18:20:48+02:00</sln:wojIIPWersja><sln:wojIdTeryt>30</sln:wojIdTeryt><sln:wojNazwa>wielkopolskie</sln:wojNazwa></sln:miejscowosc><sln:miejscowosc><sln:cyklZyciaOd>2017-03-29T00:00:00+02:00</sln:cyklZyciaOd><sln:gmIIPId>cd60b1e5-066e-4158-9d15-a5a026fd6d9b</sln:gmIIPId><sln:gmIIPPn>PL.PZGIK.200</sln:gmIIPPn><sln:gmIIPWersja>2012-09-26T22:24:51+02:00</sln:gmIIPWersja><sln:gmIdTeryt>3009043</sln:gmIdTeryt><sln:gmNazwa>Dąbie</sln:gmNazwa><sln:miejscIIPId>e14ca24f-5eaf-4379-b41a-1bc16e584300</sln:miejscIIPId><sln:miejscIIPPn>PL.PZGIK.200</sln:miejscIIPPn><sln:miejscIIPWersja>2017-03-29T10:01:37+02:00</sln:miejscIIPWersja><sln:miejscIdTeryt>0282352</sln:miejscIdTeryt><sln:miejscNazwa>Cichmiana</sln:miejscNazwa><sln:miejscRodzaj>Wieś</sln:miejscRodzaj><sln:powIIPId>06a4a975-dc89-4ac3-9d51-cf188532908a</sln:powIIPId><sln:powIIPPn>PL.PZGIK.200</sln:powIIPPn><sln:powIIPWersja>2012-09-27T08:59:03+02:00</sln:powIIPWersja><sln:powIdTeryt>3009</sln:powIdTeryt><sln:powNazwa>kolski</sln:powNazwa><sln:waznyOd>2014-09-10T00:00:00+02:00</sln:waznyOd><sln:wojIIPId>c606b01a-76c8-480d-9470-f24ca0d7a613</sln:wojIIPId><sln:wojIIPPn>PL.PZGIK.200</sln:wojIIPPn><sln:wojIIPWersja>2016-05-05T18:20:48+02:00</sln:wojIIPWersja><sln:wojIdTeryt>30</sln:wojIdTeryt><sln:wojNazwa>wielkopolskie</sln:wojNazwa></sln:miejscowosc><sln:miejscowosc><sln:cyklZyciaOd>2017-03-29T00:00:00+02:00</sln:cyklZyciaOd><sln:gmIIPId>cd60b1e5-066e-4158-9d15-a5a026fd6d9b</sln:gmIIPId><sln:gmIIPPn>PL.PZGIK.200</sln:gmIIPPn><sln:gmIIPWersja>2012-09-26T22:24:51+02:00</sln:gmIIPWersja><sln:gmIdTeryt>3009043</sln:gmIdTeryt><sln:gmNazwa>Dąbie</sln:gmNazwa><sln:miejscIIPId>9455a67c-5572-4e00-bc74-b0aa5b2cfd4a</sln:miejscIIPId><sln:miejscIIPPn>PL.PZGIK.200</sln:miejscIIPPn><sln:miejscIIPWersja>2017-03-29T10:01:37+02:00</sln:miejscIIPWersja><sln:miejscIdTeryt>0282381</sln:miejscIdTeryt><sln:miejscNazwa>Domanin</sln:miejscNazwa><sln:miejscRodzaj>Wieś</sln:miejscRodzaj><sln:powIIPId>06a4a975-dc89-4ac3-9d51-cf188532908a</sln:powIIPId><sln:powIIPPn>PL.PZGIK.200</sln:powIIPPn><sln:powIIPWersja>2012-09-27T08:59:03+02:00</sln:powIIPWersja><sln:powIdTeryt>3009</sln:powIdTeryt><sln:powNazwa>kolski</sln:powNazwa><sln:waznyOd>2014-09-10T00:00:00+02:00</sln:waznyOd><sln:wojIIPId>c606b01a-76c8-480d-9470-f24ca0d7a613</sln:wojIIPId><sln:wojIIPPn>PL.PZGIK.200</sln:wojIIPPn><sln:wojIIPWersja>2016-05-05T18:20:48+02:00</sln:wojIIPWersja><sln:wojIdTeryt>30</sln:wojIdTeryt><sln:wojNazwa>wielkopolskie</sln:wojNazwa></sln:miejscowosc><sln:miejscowosc><sln:cyklZyciaOd>2017-03-29T00:00:00+02:00</sln:cyklZyciaOd><sln:gmIIPId>cd60b1e5-066e-4158-9d15-a5a026fd6d9b</sln:gmIIPId><sln:gmIIPPn>PL.PZGIK.200</sln:gmIIPPn><sln:gmIIPWersja>2012-09-26T22:24:51+02:00</sln:gmIIPWersja><sln:gmIdTeryt>3009043</sln:gmIdTeryt><sln:gmNazwa>Dąbie</sln:gmNazwa><sln:miejscIIPId>73dea343-9e9d-4a5a-9dd4-cfb6a706fbe5</sln:miejscIIPId><sln:miejscIIPPn>PL.PZGIK.200</sln:miejscIIPPn><sln:miejscIIPWersja>2017-03-29T10:01:37+02:00</sln:miejscIIPWersja><sln:miejscIdTeryt>0282412</sln:miejscIdTeryt><sln:miejscNazwa>Gaj</sln:miejscNazwa><sln:miejscRodzaj>Wieś</sln:miejscRodzaj><sln:powIIPId>06a4a975-dc89-4ac3-9d51-cf188532908a</sln:powIIPId><sln:powIIPPn>PL.PZGIK.200</sln:powIIPPn><sln:powIIPWersja>2012-09-27T08:59:03+02:00</sln:powIIPWersja><sln:powIdTeryt>3009</sln:powIdTeryt><sln:powNazwa>kolski</sln:powNazwa><sln:waznyOd>2014-09-10T00:00:00+02:00</sln:waznyOd><sln:wojIIPId>c606b01a-76c8-480d-9470-f24ca0d7a613</sln:wojIIPId><sln:wojIIPPn>PL.PZGIK.200</sln:wojIIPPn><sln:wojIIPWersja>2016-05-05T18:20:48+02:00</sln:wojIIPWersja><sln:wojIdTeryt>30</sln:wojIdTeryt><sln:wojNazwa>wielkopolskie</sln:wojNazwa></sln:miejscowosc><sln:miejscowosc><sln:cyklZyciaDo>2017-08-22T00:00:00+02:00</sln:cyklZyciaDo><sln:cyklZyciaOd>2017-03-29T00:00:00+02:00</sln:cyklZyciaOd><sln:gmIIPId>cd60b1e5-066e-4158-9d15-a5a026fd6d9b</sln:gmIIPId><sln:gmIIPPn>PL.PZGIK.200</sln:gmIIPPn><sln:gmIIPWersja>2012-09-26T22:24:51+02:00</sln:gmIIPWersja><sln:gmIdTeryt>3009043</sln:gmIdTeryt><sln:gmNazwa>Dąbie</sln:gmNazwa><sln:miejscIIPId>69e77064-e376-4061-9fac-27e25ac51a37</sln:miejscIIPId><sln:miejscIIPPn>PL.PZGIK.200</sln:miejscIIPPn><sln:miejscIIPWersja>2017-03-29T10:01:37+02:00</sln:miejscIIPWersja><sln:miejscIdTeryt>0282435</sln:miejscIdTeryt><sln:miejscNazwa>Grabina Wielka</sln:miejscNazwa><sln:miejscRodzaj>Wieś</sln:miejscRodzaj><sln:powIIPId>06a4a975-dc89-4ac3-9d51-cf188532908a</sln:powIIPId><sln:powIIPPn>PL.PZGIK.200</sln:powIIPPn><sln:powIIPWersja>2012-09-27T08:59:03+02:00</sln:powIIPWersja><sln:powIdTeryt>3009</sln:powIdTeryt><sln:powNazwa>kolski</sln:powNazwa><sln:waznyOd>2014-09-10T00:00:00+02:00</sln:waznyOd><sln:wojIIPId>c606b01a-76c8-480d-9470-f24ca0d7a613</sln:wojIIPId><sln:wojIIPPn>PL.PZGIK.200</sln:wojIIPPn><sln:wojIIPWersja>2016-05-05T18:20:48+02:00</sln:wojIIPWersja><sln:wojIdTeryt>30</sln:wojIdTeryt><sln:wojNazwa>wielkopolskie</sln:wojNazwa></sln:miejscowosc><sln:miejscowosc><sln:cyklZyciaDo>2017-08-22T00:00:00+02:00</sln:cyklZyciaDo><sln:cyklZyciaOd>2017-03-29T00:00:00+02:00</sln:cyklZyciaOd><sln:gmIIPId>cd60b1e5-066e-4158-9d15-a5a026fd6d9b</sln:gmIIPId><sln:gmIIPPn>PL.PZGIK.200</sln:gmIIPPn><sln:gmIIPWersja>2012-09-26T22:24:51+02:00</sln:gmIIPWersja><sln:gmIdTeryt>3009043</sln:gmIdTeryt><sln:gmNazwa>Dąbie</sln:gmNazwa><sln:miejscIIPId>ee56f7e5-bf66-4df5-8f32-e831b4f22e19</sln:miejscIIPId><sln:miejscIIPPn>PL.PZGIK.200</sln:miejscIIPPn><sln:miejscIIPWersja>2017-03-29T10:01:38+02:00</sln:miejscIIPWersja><sln:miejscIdTeryt>0282458</sln:miejscIdTeryt><sln:miejscNazwa>Grabina Mała</sln:miejscNazwa><sln:miejscRodzaj>Wieś</sln:miejscRodzaj><sln:powIIPId>06a4a975-dc89-4ac3-9d51-cf188532908a</sln:powIIPId><sln:powIIPPn>PL.PZGIK.200</sln:powIIPPn><sln:powIIPWersja>2012-09-27T08:59:03+02:00</sln:powIIPWersja><sln:powIdTeryt>3009</sln:powIdTeryt><sln:powNazwa>kolski</sln:powNazwa><sln:waznyOd>2014-09-10T00:00:00+02:00</sln:waznyOd><sln:wojIIPId>c606b01a-76c8-480d-9470-f24ca0d7a613</sln:wojIIPId><sln:wojIIPPn>PL.PZGIK.200</sln:wojIIPPn><sln:wojIIPWersja>2016-05-05T18:20:48+02:00</sln:wojIIPWersja><sln:wojIdTeryt>30</sln:wojIdTeryt><sln:wojNazwa>wielkopolskie</sln:wojNazwa></sln:miejscowosc><sln:miejscowosc><sln:cyklZyciaOd>2017-03-29T00:00:00+02:00</sln:cyklZyciaOd><sln:gmIIPId>cd60b1e5-066e-4158-9d15-a5a026fd6d9b</sln:gmIIPId><sln:gmIIPPn>PL.PZGIK.200</sln:gmIIPPn><sln:gmIIPWersja>2012-09-26T22:24:51+02:00</sln:gmIIPWersja><sln:gmIdTeryt>3009043</sln:gmIdTeryt><sln:gmNazwa>Dąbie</sln:gmNazwa><sln:miejscIIPId>19703c5d-8079-4b83-9cf3-f3e6c399c51a</sln:miejscIIPId><sln:miejscIIPPn>PL.PZGIK.200</sln:miejscIIPPn><sln:miejscIIPWersja>2017-03-29T10:01:38+02:00</sln:miejscIIPWersja><sln:miejscIdTeryt>0282464</sln:miejscIdTeryt><sln:miejscNazwa>Karszew</sln:miejscNazwa><sln:miejscRodzaj>Wieś</sln:miejscRodzaj><sln:powIIPId>06a4a975-dc89-4ac3-9d51-cf188532908a</sln:powIIPId><sln:powIIPPn>PL.PZGIK.200</sln:powIIPPn><sln:powIIPWersja>2012-09-27T08:59:03+02:00</sln:powIIPWersja><sln:powIdTeryt>3009</sln:powIdTeryt><sln:powNazwa>kolski</sln:powNazwa><sln:waznyOd>2014-09-10T00:00:00+02:00</sln:waznyOd><sln:wojIIPId>c606b01a-76c8-480d-9470-f24ca0d7a613</sln:wojIIPId><sln:wojIIPPn>PL.PZGIK.200</sln:wojIIPPn><sln:wojIIPWersja>2016-05-05T18:20:48+02:00</sln:wojIIPWersja><sln:wojIdTeryt>30</sln:wojIdTeryt><sln:wojNazwa>wielkopolskie</sln:wojNazwa></sln:miejscowosc><sln:miejscowosc><sln:cyklZyciaOd>2017-03-29T00:00:00+02:00</sln:cyklZyciaOd><sln:gmIIPId>cd60b1e5-066e-4158-9d15-a5a026fd6d9b</sln:gmIIPId><sln:gmIIPPn>PL.PZGIK.200</sln:gmIIPPn><sln:gmIIPWersja>2012-09-26T22:24:51+02:00</sln:gmIIPWersja><sln:gmIdTeryt>3009043</sln:gmIdTeryt><sln:gmNazwa>Dąbie</sln:gmNazwa><sln:miejscIIPId>c70b4837-f2ae-4f2d-b3b1-d1f7d9353ac1</sln:miejscIIPId><sln:miejscIIPPn>PL.PZGIK.200</sln:miejscIIPPn><sln:miejscIIPWersja>2017-03-29T10:01:38+02:00</sln:miejscIIPWersja><sln:miejscIdTeryt>0282470</sln:miejscIdTeryt><sln:miejscNazwa>Krzewo</sln:miejscNazwa><sln:miejscRodzaj>Wieś</sln:miejscRodzaj><sln:powIIPId>06a4a975-dc89-4ac3-9d51-cf188532908a</sln:powIIPId><sln:powIIPPn>PL.PZGIK.200</sln:powIIPPn><sln:powIIPWersja>2012-09-27T08:59:03+02:00</sln:powIIPWersja><sln:powIdTeryt>3009</sln:powIdTeryt><sln:powNazwa>kolski</sln:powNazwa><sln:waznyOd>2014-09-10T00:00:00+02:00</sln:waznyOd><sln:wojIIPId>c606b01a-76c8-480d-9470-f24ca0d7a613</sln:wojIIPId><sln:wojIIPPn>PL.PZGIK.200</sln:wojIIPPn><sln:wojIIPWersja>2016-05-05T18:20:48+02:00</sln:wojIIPWersja><sln:wojIdTeryt>30</sln:wojIdTeryt><sln:wojNazwa>wielkopolskie</sln:wojNazwa></sln:miejscowosc><sln:miejscowosc><sln:cyklZyciaOd>2017-03-29T00:00:00+02:00</sln:cyklZyciaOd><sln:gmIIPId>cd60b1e5-066e-4158-9d15-a5a026fd6d9b</sln:gmIIPId><sln:gmIIPPn>PL.PZGIK.200</sln:gmIIPPn><sln:gmIIPWersja>2012-09-26T22:24:51+02:00</sln:gmIIPWersja><sln:gmIdTeryt>3009043</sln:gmIdTeryt><sln:gmNazwa>Dąbie</sln:gmNazwa><sln:miejscIIPId>aafaf6f0-5ae8-4514-aaa6-68dfa9a75895</sln:miejscIIPId><sln:miejscIIPPn>PL.PZGIK.200</sln:miejscIIPPn><sln:miejscIIPWersja>2017-03-29T10:01:38+02:00</sln:miejscIIPWersja><sln:miejscIdTeryt>0282501</sln:miejscIdTeryt><sln:miejscNazwa>Krzykosy</sln:miejscNazwa><sln:miejscRodzaj>Wieś</sln:miejscRodzaj><sln:powIIPId>06a4a975-dc89-4ac3-9d51-cf188532908a</sln:powIIPId><sln:powIIPPn>PL.PZGIK.200</sln:powIIPPn><sln:powIIPWersja>2012-09-27T08:59:03+02:00</sln:powIIPWersja><sln:powIdTeryt>3009</sln:powIdTeryt><sln:powNazwa>kolski</sln:powNazwa><sln:waznyOd>2014-09-10T00:00:00+02:00</sln:waznyOd><sln:wojIIPId>c606b01a-76c8-480d-9470-f24ca0d7a613</sln:wojIIPId><sln:wojIIPPn>PL.PZGIK.200</sln:wojIIPPn><sln:wojIIPWersja>2016-05-05T18:20:48+02:00</sln:wojIIPWersja><sln:wojIdTeryt>30</sln:wojIdTeryt><sln:wojNazwa>wielkopolskie</sln:wojNazwa></sln:miejscowosc><sln:miejscowosc><sln:cyklZyciaDo>2017-08-22T00:00:00+02:00</sln:cyklZyciaDo><sln:cyklZyciaOd>2017-03-29T00:00:00+02:00</sln:cyklZyciaOd><sln:gmIIPId>cd60b1e5-066e-4158-9d15-a5a026fd6d9b</sln:gmIIPId><sln:gmIIPPn>PL.PZGIK.200</sln:gmIIPPn><sln:gmIIPWersja>2012-09-26T22:24:51+02:00</sln:gmIIPWersja><sln:gmIdTeryt>3009043</sln:gmIdTeryt><sln:gmNazwa>Dąbie</sln:gmNazwa><sln:miejscIIPId>934eca03-77e7-4a6f-9629-ac59586e313f</sln:miejscIIPId><sln:miejscIIPPn>PL.PZGIK.200</sln:miejscIIPPn><sln:miejscIIPWersja>2017-03-29T10:01:38+02:00</sln:miejscIIPWersja><sln:miejscIdTeryt>0282518</sln:miejscIdTeryt><sln:miejscNazwa>Bród (Krzykosy Bród)</sln:miejscNazwa><sln:miejscRodzaj>Wieś</sln:miejscRodzaj><sln:powIIPId>06a4a975-dc89-4ac3-9d51-cf188532908a</sln:powIIPId><sln:powIIPPn>PL.PZGIK.200</sln:powIIPPn><sln:powIIPWersja>2012-09-27T08:59:03+02:00</sln:powIIPWersja><sln:powIdTeryt>3009</sln:powIdTeryt><sln:powNazwa>kolski</sln:powNazwa><sln:waznyOd>2014-09-25T00:00:00+02:00</sln:waznyOd><sln:wojIIPId>c606b01a-76c8-480d-9470-f24ca0d7a613</sln:wojIIPId><sln:wojIIPPn>PL.PZGIK.200</sln:wojIIPPn><sln:wojIIPWersja>2016-05-05T18:20:48+02:00</sln:wojIIPWersja><sln:wojIdTeryt>30</sln:wojIdTeryt><sln:wojNazwa>wielkopolskie</sln:wojNazwa></sln:miejscowosc><sln:miejscowosc><sln:cyklZyciaOd>2017-03-29T00:00:00+02:00</sln:cyklZyciaOd><sln:gmIIPId>cd60b1e5-066e-4158-9d15-a5a026fd6d9b</sln:gmIIPId><sln:gmIIPPn>PL.PZGIK.200</sln:gmIIPPn><sln:gmIIPWersja>2012-09-26T22:24:51+02:00</sln:gmIIPWersja><sln:gmIdTeryt>3009043</sln:gmIdTeryt><sln:gmNazwa>Dąbie</sln:gmNazwa><sln:miejscIIPId>a21cd725-bb30-4cfa-a0a4-e92e55dd8495</sln:miejscIIPId><sln:miejscIIPPn>PL.PZGIK.200</sln:miejscIIPPn><sln:miejscIIPWersja>2017-03-29T10:01:38+02:00</sln:miejscIIPWersja><sln:miejscIdTeryt>0282524</sln:miejscIdTeryt><sln:miejscNazwa>Kupinin</sln:miejscNazwa><sln:miejscRodzaj>Wieś</sln:miejscRodzaj><sln:powIIPId>06a4a975-dc89-4ac3-9d51-cf188532908a</sln:powIIPId><sln:powIIPPn>PL.PZGIK.200</sln:powIIPPn><sln:powIIPWersja>2012-09-27T08:59:03+02:00</sln:powIIPWersja><sln:powIdTeryt>3009</sln:powIdTeryt><sln:powNazwa>kolski</sln:powNazwa><sln:waznyOd>2014-09-10T00:00:00+02:00</sln:waznyOd><sln:wojIIPId>c606b01a-76c8-480d-9470-f24ca0d7a613</sln:wojIIPId><sln:wojIIPPn>PL.PZGIK.200</sln:wojIIPPn><sln:wojIIPWersja>2016-05-05T18:20:48+02:00</sln:wojIIPWersja><sln:wojIdTeryt>30</sln:wojIdTeryt><sln:wojNazwa>wielkopolskie</sln:wojNazwa></sln:miejscowosc><sln:miejscowosc><sln:cyklZyciaOd>2017-03-29T00:00:00+02:00</sln:cyklZyciaOd><sln:gmIIPId>cd60b1e5-066e-4158-9d15-a5a026fd6d9b</sln:gmIIPId><sln:gmIIPPn>PL.PZGIK.200</sln:gmIIPPn><sln:gmIIPWersja>2012-09-26T22:24:51+02:00</sln:gmIIPWersja><sln:gmIdTeryt>3009043</sln:gmIdTeryt><sln:gmNazwa>Dąbie</sln:gmNazwa><sln:miejscIIPId>35f1b9b5-2d35-4dd1-aa2f-c9cf3b698a28</sln:miejscIIPId><sln:miejscIIPPn>PL.PZGIK.200</sln:miejscIIPPn><sln:miejscIIPWersja>2017-03-29T10:01:38+02:00</sln:miejscIIPWersja><sln:miejscIdTeryt>0282530</sln:miejscIdTeryt><sln:miejscNazwa>Ladorudz</sln:miejscNazwa><sln:miejscRodzaj>Wieś</sln:miejscRodzaj><sln:powIIPId>06a4a975-dc89-4ac3-9d51-cf188532908a</sln:powIIPId><sln:powIIPPn>PL.PZGIK.200</sln:powIIPPn><sln:powIIPWersja>2012-09-27T08:59:03+02:00</sln:powIIPWersja><sln:powIdTeryt>3009</sln:powIdTeryt><sln:powNazwa>kolski</sln:powNazwa><sln:waznyOd>2014-09-10T00:00:00+02:00</sln:waznyOd><sln:wojIIPId>c606b01a-76c8-480d-9470-f24ca0d7a613</sln:wojIIPId><sln:wojIIPPn>PL.PZGIK.200</sln:wojIIPPn><sln:wojIIPWersja>2016-05-05T18:20:48+02:00</sln:wojIIPWersja><sln:wojIdTeryt>30</sln:wojIdTeryt><sln:wojNazwa>wielkopolskie</sln:wojNazwa></sln:miejscowosc><sln:miejscowosc><sln:cyklZyciaOd>2017-03-29T00:00:00+02:00</sln:cyklZyciaOd><sln:gmIIPId>cd60b1e5-066e-4158-9d15-a5a026fd6d9b</sln:gmIIPId><sln:gmIIPPn>PL.PZGIK.200</sln:gmIIPPn><sln:gmIIPWersja>2012-09-26T22:24:51+02:00</sln:gmIIPWersja><sln:gmIdTeryt>3009043</sln:gmIdTeryt><sln:gmNazwa>Dąbie</sln:gmNazwa><sln:miejscIIPId>5c7e8e93-149a-4588-931a-3487db93239f</sln:miejscIIPId><sln:miejscIIPPn>PL.PZGIK.200</sln:miejscIIPPn><sln:miejscIIPWersja>2017-03-29T10:01:38+02:00</sln:miejscIIPWersja><sln:miejscIdTeryt>0282576</sln:miejscIdTeryt><sln:miejscNazwa>Lisice</sln:miejscNazwa><sln:miejscRodzaj>Wieś</sln:miejscRodzaj><sln:powIIPId>06a4a975-dc89-4ac3-9d51-cf188532908a</sln:powIIPId><sln:powIIPPn>PL.PZGIK.200</sln:powIIPPn><sln:powIIPWersja>2012-09-27T08:59:03+02:00</sln:powIIPWersja><sln:powIdTeryt>3009</sln:powIdTeryt><sln:powNazwa>kolski</sln:powNazwa><sln:waznyOd>2014-09-10T00:00:00+02:00</sln:waznyOd><sln:wojIIPId>c606b01a-76c8-480d-9470-f24ca0d7a613</sln:wojIIPId><sln:wojIIPPn>PL.PZGIK.200</sln:wojIIPPn><sln:wojIIPWersja>2016-05-05T18:20:48+02:00</sln:wojIIPWersja><sln:wojIdTeryt>30</sln:wojIdTeryt><sln:wojNazwa>wielkopolskie</sln:wojNazwa></sln:miejscowosc><sln:miejscowosc><sln:cyklZyciaOd>2017-03-29T00:00:00+02:00</sln:cyklZyciaOd><sln:gmIIPId>cd60b1e5-066e-4158-9d15-a5a026fd6d9b</sln:gmIIPId><sln:gmIIPPn>PL.PZGIK.200</sln:gmIIPPn><sln:gmIIPWersja>2012-09-26T22:24:51+02:00</sln:gmIIPWersja><sln:gmIdTeryt>3009043</sln:gmIdTeryt><sln:gmNazwa>Dąbie</sln:gmNazwa><sln:miejscIIPId>91d63ae0-596c-4a61-99ca-01a9d4224ba0</sln:miejscIIPId><sln:miejscIIPPn>PL.PZGIK.200</sln:miejscIIPPn><sln:miejscIIPWersja>2017-03-29T10:01:38+02:00</sln:miejscIIPWersja><sln:miejscIdTeryt>0282599</sln:miejscIdTeryt><sln:miejscNazwa>Lutomirów</sln:miejscNazwa><sln:miejscRodzaj>Wieś</sln:miejscRodzaj><sln:powIIPId>06a4a975-dc89-4ac3-9d51-cf188532908a</sln:powIIPId><sln:powIIPPn>PL.PZGIK.200</sln:powIIPPn><sln:powIIPWersja>2012-09-27T08:59:03+02:00</sln:powIIPWersja><sln:powIdTeryt>3009</sln:powIdTeryt><sln:powNazwa>kolski</sln:powNazwa><sln:waznyOd>2014-09-10T00:00:00+02:00</sln:waznyOd><sln:wojIIPId>c606b01a-76c8-480d-9470-f24ca0d7a613</sln:wojIIPId><sln:wojIIPPn>PL.PZGIK.200</sln:wojIIPPn><sln:wojIIPWersja>2016-05-05T18:20:48+02:00</sln:wojIIPWersja><sln:wojIdTeryt>30</sln:wojIdTeryt><sln:wojNazwa>wielkopolskie</sln:wojNazwa></sln:miejscowosc><sln:miejscowosc><sln:cyklZyciaOd>2017-03-29T00:00:00+02:00</sln:cyklZyciaOd><sln:gmIIPId>cd60b1e5-066e-4158-9d15-a5a026fd6d9b</sln:gmIIPId><sln:gmIIPPn>PL.PZGIK.200</sln:gmIIPPn><sln:gmIIPWersja>2012-09-26T22:24:51+02:00</sln:gmIIPWersja><sln:gmIdTeryt>3009043</sln:gmIdTeryt><sln:gmNazwa>Dąbie</sln:gmNazwa><sln:miejscIIPId>73c68391-c3ca-472a-ad3d-1ca65fdb0dba</sln:miejscIIPId><sln:miejscIIPPn>PL.PZGIK.200</sln:miejscIIPPn><sln:miejscIIPWersja>2017-03-29T10:01:38+02:00</sln:miejscIIPWersja><sln:miejscIdTeryt>0282620</sln:miejscIdTeryt><sln:miejscNazwa>Majdany</sln:miejscNazwa><sln:miejscRodzaj>Wieś</sln:miejscRodzaj><sln:powIIPId>06a4a975-dc89-4ac3-9d51-cf188532908a</sln:powIIPId><sln:powIIPPn>PL.PZGIK.200</sln:powIIPPn><sln:powIIPWersja>2012-09-27T08:59:03+02:00</sln:powIIPWersja><sln:powIdTeryt>3009</sln:powIdTeryt><sln:powNazwa>kolski</sln:powNazwa><sln:waznyOd>2014-09-10T00:00:00+02:00</sln:waznyOd><sln:wojIIPId>c606b01a-76c8-480d-9470-f24ca0d7a613</sln:wojIIPId><sln:wojIIPPn>PL.PZGIK.200</sln:wojIIPPn><sln:wojIIPWersja>2016-05-05T18:20:48+02:00</sln:wojIIPWersja><sln:wojIdTeryt>30</sln:wojIdTeryt><sln:wojNazwa>wielkopolskie</sln:wojNazwa></sln:miejscowosc><sln:miejscowosc><sln:cyklZyciaOd>2017-03-29T00:00:00+02:00</sln:cyklZyciaOd><sln:gmIIPId>cd60b1e5-066e-4158-9d15-a5a026fd6d9b</sln:gmIIPId><sln:gmIIPPn>PL.PZGIK.200</sln:gmIIPPn><sln:gmIIPWersja>2012-09-26T22:24:51+02:00</sln:gmIIPWersja><sln:gmIdTeryt>3009043</sln:gmIdTeryt><sln:gmNazwa>Dąbie</sln:gmNazwa><sln:miejscIIPId>b5129882-d823-4fa6-bfe4-0fcb70b42451</sln:miejscIIPId><sln:miejscIIPPn>PL.PZGIK.200</sln:miejscIIPPn><sln:miejscIIPWersja>2017-03-29T10:01:38+02:00</sln:miejscIIPWersja><sln:miejscIdTeryt>0282636</sln:miejscIdTeryt><sln:miejscNazwa>Rośle</sln:miejscNazwa><sln:miejscRodzaj>Wieś</sln:miejscRodzaj><sln:powIIPId>06a4a975-dc89-4ac3-9d51-cf188532908a</sln:powIIPId><sln:powIIPPn>PL.PZGIK.200</sln:powIIPPn><sln:powIIPWersja>2012-09-27T08:59:03+02:00</sln:powIIPWersja><sln:powIdTeryt>3009</sln:powIdTeryt><sln:powNazwa>kolski</sln:powNazwa><sln:waznyOd>2014-09-17T00:00:00+02:00</sln:waznyOd><sln:wojIIPId>c606b01a-76c8-480d-9470-f24ca0d7a613</sln:wojIIPId><sln:wojIIPPn>PL.PZGIK.200</sln:wojIIPPn><sln:wojIIPWersja>2016-05-05T18:20:48+02:00</sln:wojIIPWersja><sln:wojIdTeryt>30</sln:wojIdTeryt><sln:wojNazwa>wielkopolskie</sln:wojNazwa></sln:miejscowosc><sln:miejscowosc><sln:cyklZyciaOd>2017-03-29T00:00:00+02:00</sln:cyklZyciaOd><sln:gmIIPId>cd60b1e5-066e-4158-9d15-a5a026fd6d9b</sln:gmIIPId><sln:gmIIPPn>PL.PZGIK.200</sln:gmIIPPn><sln:gmIIPWersja>2012-09-26T22:24:51+02:00</sln:gmIIPWersja><sln:gmIdTeryt>3009043</sln:gmIdTeryt><sln:gmNazwa>Dąbie</sln:gmNazwa><sln:miejscIIPId>fda87036-48f5-4b99-8dad-0cc34b465ae5</sln:miejscIIPId><sln:miejscIIPPn>PL.PZGIK.200</sln:miejscIIPPn><sln:miejscIIPWersja>2017-03-29T10:01:38+02:00</sln:miejscIIPWersja><sln:miejscIdTeryt>0282665</sln:miejscIdTeryt><sln:miejscNazwa>Rzuchów</sln:miejscNazwa><sln:miejscRodzaj>Wieś</sln:miejscRodzaj><sln:powIIPId>06a4a975-dc89-4ac3-9d51-cf188532908a</sln:powIIPId><sln:powIIPPn>PL.PZGIK.200</sln:powIIPPn><sln:powIIPWersja>2012-09-27T08:59:03+02:00</sln:powIIPWersja><sln:powIdTeryt>3009</sln:powIdTeryt><sln:powNazwa>kolski</sln:powNazwa><sln:waznyOd>2014-09-10T00:00:00+02:00</sln:waznyOd><sln:wojIIPId>c606b01a-76c8-480d-9470-f24ca0d7a613</sln:wojIIPId><sln:wojIIPPn>PL.PZGIK.200</sln:wojIIPPn><sln:wojIIPWersja>2016-05-05T18:20:48+02:00</sln:wojIIPWersja><sln:wojIdTeryt>30</sln:wojIdTeryt><sln:wojNazwa>wielkopolskie</sln:wojNazwa></sln:miejscowosc><sln:miejscowosc><sln:cyklZyciaOd>2017-03-29T00:00:00+02:00</sln:cyklZyciaOd><sln:gmIIPId>cd60b1e5-066e-4158-9d15-a5a026fd6d9b</sln:gmIIPId><sln:gmIIPPn>PL.PZGIK.200</sln:gmIIPPn><sln:gmIIPWersja>2012-09-26T22:24:51+02:00</sln:gmIIPWersja><sln:gmIdTeryt>3009043</sln:gmIdTeryt><sln:gmNazwa>Dąbie</sln:gmNazwa><sln:miejscIIPId>22233667-449a-44a9-9a94-9de0c7ad88ad</sln:miejscIIPId><sln:miejscIIPPn>PL.PZGIK.200</sln:miejscIIPPn><sln:miejscIIPWersja>2017-03-29T10:01:38+02:00</sln:miejscIIPWersja><sln:miejscIdTeryt>0282688</sln:miejscIdTeryt><sln:miejscNazwa>Sobótka</sln:miejscNazwa><sln:miejscRodzaj>Wieś</sln:miejscRodzaj><sln:powIIPId>06a4a975-dc89-4ac3-9d51-cf188532908a</sln:powIIPId><sln:powIIPPn>PL.PZGIK.200</sln:powIIPPn><sln:powIIPWersja>2012-09-27T08:59:03+02:00</sln:powIIPWersja><sln:powIdTeryt>3009</sln:powIdTeryt><sln:powNazwa>kolski</sln:powNazwa><sln:waznyOd>2014-09-10T00:00:00+02:00</sln:waznyOd><sln:wojIIPId>c606b01a-76c8-480d-9470-f24ca0d7a613</sln:wojIIPId><sln:wojIIPPn>PL.PZGIK.200</sln:wojIIPPn><sln:wojIIPWersja>2016-05-05T18:20:48+02:00</sln:wojIIPWersja><sln:wojIdTeryt>30</sln:wojIdTeryt><sln:wojNazwa>wielkopolskie</sln:wojNazwa></sln:miejscowosc><sln:miejscowosc><sln:cyklZyciaDo>2017-08-22T00:00:00+02:00</sln:cyklZyciaDo><sln:cyklZyciaOd>2017-03-29T00:00:00+02:00</sln:cyklZyciaOd><sln:gmIIPId>cd60b1e5-066e-4158-9d15-a5a026fd6d9b</sln:gmIIPId><sln:gmIIPPn>PL.PZGIK.200</sln:gmIIPPn><sln:gmIIPWersja>2012-09-26T22:24:51+02:00</sln:gmIIPWersja><sln:gmIdTeryt>3009043</sln:gmIdTeryt><sln:gmNazwa>Dąbie</sln:gmNazwa><sln:miejscIIPId>493d7677-78ed-48f4-88d5-25d09a5cec8d</sln:miejscIIPId><sln:miejscIIPPn>PL.PZGIK.200</sln:miejscIIPPn><sln:miejscIIPWersja>2017-03-29T10:01:38+02:00</sln:miejscIIPWersja><sln:miejscIdTeryt>0282702</sln:miejscIdTeryt><sln:miejscNazwa>Tarnówka</sln:miejscNazwa><sln:miejscRodzaj>Wieś</sln:miejscRodzaj><sln:powIIPId>06a4a975-dc89-4ac3-9d51-cf188532908a</sln:powIIPId><sln:powIIPPn>PL.PZGIK.200</sln:powIIPPn><sln:powIIPWersja>2012-09-27T08:59:03+02:00</sln:powIIPWersja><sln:powIdTeryt>3009</sln:powIdTeryt><sln:powNazwa>kolski</sln:powNazwa><sln:waznyOd>2014-09-10T00:00:00+02:00</sln:waznyOd><sln:wojIIPId>c606b01a-76c8-480d-9470-f24ca0d7a613</sln:wojIIPId><sln:wojIIPPn>PL.PZGIK.200</sln:wojIIPPn><sln:wojIIPWersja>2016-05-05T18:20:48+02:00</sln:wojIIPWersja><sln:wojIdTeryt>30</sln:wojIdTeryt><sln:wojNazwa>wielkopolskie</sln:wojNazwa></sln:miejscowosc><sln:miejscowosc><sln:cyklZyciaOd>2017-03-29T00:00:00+02:00</sln:cyklZyciaOd><sln:gmIIPId>cd60b1e5-066e-4158-9d15-a5a026fd6d9b</sln:gmIIPId><sln:gmIIPPn>PL.PZGIK.200</sln:gmIIPPn><sln:gmIIPWersja>2012-09-26T22:24:51+02:00</sln:gmIIPWersja><sln:gmIdTeryt>3009043</sln:gmIdTeryt><sln:gmNazwa>Dąbie</sln:gmNazwa><sln:miejscIIPId>979b8312-e75c-437a-ab62-42e955b18e88</sln:miejscIIPId><sln:miejscIIPPn>PL.PZGIK.200</sln:miejscIIPPn><sln:miejscIIPWersja>2017-03-29T10:01:39+02:00</sln:miejscIIPWersja><sln:miejscIdTeryt>0282748</sln:miejscIdTeryt><sln:miejscNazwa>Tarnówka Wiesiołowska</sln:miejscNazwa><sln:miejscRodzaj>Wieś</sln:miejscRodzaj><sln:powIIPId>06a4a975-dc89-4ac3-9d51-cf188532908a</sln:powIIPId><sln:powIIPPn>PL.PZGIK.200</sln:powIIPPn><sln:powIIPWersja>2012-09-27T08:59:03+02:00</sln:powIIPWersja><sln:powIdTeryt>3009</sln:powIdTeryt><sln:powNazwa>kolski</sln:powNazwa><sln:waznyOd>2014-09-10T00:00:00+02:00</sln:waznyOd><sln:wojIIPId>c606b01a-76c8-480d-9470-f24ca0d7a613</sln:wojIIPId><sln:wojIIPPn>PL.PZGIK.200</sln:wojIIPPn><sln:wojIIPWersja>2016-05-05T18:20:48+02:00</sln:wojIIPWersja><sln:wojIdTeryt>30</sln:wojIdTeryt><sln:wojNazwa>wielkopolskie</sln:wojNazwa></sln:miejscowosc><sln:miejscowosc><sln:cyklZyciaOd>2017-03-29T00:00:00+02:00</sln:cyklZyciaOd><sln:gmIIPId>cd60b1e5-066e-4158-9d15-a5a026fd6d9b</sln:gmIIPId><sln:gmIIPPn>PL.PZGIK.200</sln:gmIIPPn><sln:gmIIPWersja>2012-09-26T22:24:51+02:00</sln:gmIIPWersja><sln:gmIdTeryt>3009043</sln:gmIdTeryt><sln:gmNazwa>Dąbie</sln:gmNazwa><sln:miejscIIPId>1c1b4344-ad74-47ed-a2ed-7683e8902a9d</sln:miejscIIPId><sln:miejscIIPPn>PL.PZGIK.200</sln:miejscIIPPn><sln:miejscIIPWersja>2017-03-29T10:01:39+02:00</sln:miejscIIPWersja><sln:miejscIdTeryt>0282760</sln:miejscIdTeryt><sln:miejscNazwa>Wiesiołów</sln:miejscNazwa><sln:miejscRodzaj>Wieś</sln:miejscRodzaj><sln:powIIPId>06a4a975-dc89-4ac3-9d51-cf188532908a</sln:powIIPId><sln:powIIPPn>PL.PZGIK.200</sln:powIIPPn><sln:powIIPWersja>2012-09-27T08:59:03+02:00</sln:powIIPWersja><sln:powIdTeryt>3009</sln:powIdTeryt><sln:powNazwa>kolski</sln:powNazwa><sln:waznyOd>2014-09-10T00:00:00+02:00</sln:waznyOd><sln:wojIIPId>c606b01a-76c8-480d-9470-f24ca0d7a613</sln:wojIIPId><sln:wojIIPPn>PL.PZGIK.200</sln:wojIIPPn><sln:wojIIPWersja>2016-05-05T18:20:48+02:00</sln:wojIIPWersja><sln:wojIdTeryt>30</sln:wojIdTeryt><sln:wojNazwa>wielkopolskie</sln:wojNazwa></sln:miejscowosc><sln:miejscowosc><sln:cyklZyciaOd>2017-03-29T00:00:00+02:00</sln:cyklZyciaOd><sln:gmIIPId>cd60b1e5-066e-4158-9d15-a5a026fd6d9b</sln:gmIIPId><sln:gmIIPPn>PL.PZGIK.200</sln:gmIIPPn><sln:gmIIPWersja>2012-09-26T22:24:51+02:00</sln:gmIIPWersja><sln:gmIdTeryt>3009043</sln:gmIdTeryt><sln:gmNazwa>Dąbie</sln:gmNazwa><sln:miejscIIPId>31277ac8-30fd-4962-a833-7b90c6344b40</sln:miejscIIPId><sln:miejscIIPPn>PL.PZGIK.200</sln:miejscIIPPn><sln:miejscIIPWersja>2017-03-29T10:01:39+02:00</sln:miejscIIPWersja><sln:miejscIdTeryt>0282814</sln:miejscIdTeryt><sln:miejscNazwa>Zalesie</sln:miejscNazwa><sln:miejscRodzaj>Wieś</sln:miejscRodzaj><sln:powIIPId>06a4a975-dc89-4ac3-9d51-cf188532908a</sln:powIIPId><sln:powIIPPn>PL.PZGIK.200</sln:powIIPPn><sln:powIIPWersja>2012-09-27T08:59:03+02:00</sln:powIIPWersja><sln:powIdTeryt>3009</sln:powIdTeryt><sln:powNazwa>kolski</sln:powNazwa><sln:waznyOd>2014-09-25T00:00:00+02:00</sln:waznyOd><sln:wojIIPId>c606b01a-76c8-480d-9470-f24ca0d7a613</sln:wojIIPId><sln:wojIIPPn>PL.PZGIK.200</sln:wojIIPPn><sln:wojIIPWersja>2016-05-05T18:20:48+02:00</sln:wojIIPWersja><sln:wojIdTeryt>30</sln:wojIdTeryt><sln:wojNazwa>wielkopolskie</sln:wojNazwa></sln:miejscowosc><sln:miejscowosc><sln:cyklZyciaOd>2017-03-29T00:00:00+02:00</sln:cyklZyciaOd><sln:gmIIPId>cd60b1e5-066e-4158-9d15-a5a026fd6d9b</sln:gmIIPId><sln:gmIIPPn>PL.PZGIK.200</sln:gmIIPPn><sln:gmIIPWersja>2012-09-26T22:24:51+02:00</sln:gmIIPWersja><sln:gmIdTeryt>3009043</sln:gmIdTeryt><sln:gmNazwa>Dąbie</sln:gmNazwa><sln:miejscIIPId>f352c5c7-06e3-44a4-ab5f-3e3401d022e5</sln:miejscIIPId><sln:miejscIIPPn>PL.PZGIK.200</sln:miejscIIPPn><sln:miejscIIPWersja>2017-03-29T10:01:39+02:00</sln:miejscIIPWersja><sln:miejscIdTeryt>0948992</sln:miejscIdTeryt><sln:miejscNazwa>Dąbie</sln:miejscNazwa><sln:miejscRodzaj>Miasto</sln:miejscRodzaj><sln:powIIPId>06a4a975-dc89-4ac3-9d51-cf188532908a</sln:powIIPId><sln:powIIPPn>PL.PZGIK.200</sln:powIIPPn><sln:powIIPWersja>2012-09-27T08:59:03+02:00</sln:powIIPWersja><sln:powIdTeryt>3009</sln:powIdTeryt><sln:powNazwa>kolski</sln:powNazwa><sln:waznyOd>2014-09-10T00:00:00+02:00</sln:waznyOd><sln:wojIIPId>c606b01a-76c8-480d-9470-f24ca0d7a613</sln:wojIIPId><sln:wojIIPPn>PL.PZGIK.200</sln:wojIIPPn><sln:wojIIPWersja>2016-05-05T18:20:48+02:00</sln:wojIIPWersja><sln:wojIdTeryt>30</sln:wojIdTeryt><sln:wojNazwa>wielkopolskie</sln:wojNazwa></sln:miejscowosc><sln:miejscowosc><sln:cyklZyciaOd>2017-08-22T00:00:00+02:00</sln:cyklZyciaOd><sln:gmIIPId>cd60b1e5-066e-4158-9d15-a5a026fd6d9b</sln:gmIIPId><sln:gmIIPPn>PL.PZGIK.200</sln:gmIIPPn><sln:gmIIPWersja>2012-09-26T22:24:51+02:00</sln:gmIIPWersja><sln:gmIdTeryt>3009043</sln:gmIdTeryt><sln:gmNazwa>Dąbie</sln:gmNazwa><sln:miejscIIPId>8c903f32-6a32-41b5-a366-171e6667a3df</sln:miejscIIPId><sln:miejscIIPPn>PL.PZGIK.200</sln:miejscIIPPn><sln:miejscIIPWersja>2017-08-22T13:10:32+02:00</sln:miejscIIPWersja><sln:miejscIdTeryt>0282330</sln:miejscIdTeryt><sln:miejscNazwa>Chełmno-Parcele</sln:miejscNazwa><sln:miejscRodzaj>Wieś</sln:miejscRodzaj><sln:powIIPId>06a4a975-dc89-4ac3-9d51-cf188532908a</sln:powIIPId><sln:powIIPPn>PL.PZGIK.200</sln:powIIPPn><sln:powIIPWersja>2012-09-27T08:59:03+02:00</sln:powIIPWersja><sln:powIdTeryt>3009</sln:powIdTeryt><sln:powNazwa>kolski</sln:powNazwa><sln:waznyOd>2017-08-03T00:00:00+02:00</sln:waznyOd><sln:wojIIPId>c606b01a-76c8-480d-9470-f24ca0d7a613</sln:wojIIPId><sln:wojIIPPn>PL.PZGIK.200</sln:wojIIPPn><sln:wojIIPWersja>2016-05-05T18:20:48+02:00</sln:wojIIPWersja><sln:wojIdTeryt>30</sln:wojIdTeryt><sln:wojNazwa>wielkopolskie</sln:wojNazwa></sln:miejscowosc><sln:miejscowosc><sln:cyklZyciaOd>2017-08-22T00:00:00+02:00</sln:cyklZyciaOd><sln:gmIIPId>cd60b1e5-066e-4158-9d15-a5a026fd6d9b</sln:gmIIPId><sln:gmIIPPn>PL.PZGIK.200</sln:gmIIPPn><sln:gmIIPWersja>2012-09-26T22:24:51+02:00</sln:gmIIPWersja><sln:gmIdTeryt>3009043</sln:gmIdTeryt><sln:gmNazwa>Dąbie</sln:gmNazwa><sln:miejscIIPId>69e77064-e376-4061-9fac-27e25ac51a37</sln:miejscIIPId><sln:miejscIIPPn>PL.PZGIK.200</sln:miejscIIPPn><sln:miejscIIPWersja>2017-08-22T13:10:37+02:00</sln:miejscIIPWersja><sln:miejscIdTeryt>0282435</sln:miejscIdTeryt><sln:miejscNazwa>Grabina Wielka</sln:miejscNazwa><sln:miejscRodzaj>Wieś</sln:miejscRodzaj><sln:powIIPId>06a4a975-dc89-4ac3-9d51-cf188532908a</sln:powIIPId><sln:powIIPPn>PL.PZGIK.200</sln:powIIPPn><sln:powIIPWersja>2012-09-27T08:59:03+02:00</sln:powIIPWersja><sln:powIdTeryt>3009</sln:powIdTeryt><sln:powNazwa>kolski</sln:powNazwa><sln:waznyOd>2017-08-03T00:00:00+02:00</sln:waznyOd><sln:wojIIPId>c606b01a-76c8-480d-9470-f24ca0d7a613</sln:wojIIPId><sln:wojIIPPn>PL.PZGIK.200</sln:wojIIPPn><sln:wojIIPWersja>2016-05-05T18:20:48+02:00</sln:wojIIPWersja><sln:wojIdTeryt>30</sln:wojIdTeryt><sln:wojNazwa>wielkopolskie</sln:wojNazwa></sln:miejscowosc><sln:miejscowosc><sln:cyklZyciaOd>2017-08-22T00:00:00+02:00</sln:cyklZyciaOd><sln:gmIIPId>cd60b1e5-066e-4158-9d15-a5a026fd6d9b</sln:gmIIPId><sln:gmIIPPn>PL.PZGIK.200</sln:gmIIPPn><sln:gmIIPWersja>2012-09-26T22:24:51+02:00</sln:gmIIPWersja><sln:gmIdTeryt>3009043</sln:gmIdTeryt><sln:gmNazwa>Dąbie</sln:gmNazwa><sln:miejscIIPId>ee56f7e5-bf66-4df5-8f32-e831b4f22e19</sln:miejscIIPId><sln:miejscIIPPn>PL.PZGIK.200</sln:miejscIIPPn><sln:miejscIIPWersja>2017-08-22T13:10:37+02:00</sln:miejscIIPWersja><sln:miejscIdTeryt>0282458</sln:miejscIdTeryt><sln:miejscNazwa>Grabina Mała</sln:miejscNazwa><sln:miejscRodzaj>Wieś</sln:miejscRodzaj><sln:powIIPId>06a4a975-dc89-4ac3-9d51-cf188532908a</sln:powIIPId><sln:powIIPPn>PL.PZGIK.200</sln:powIIPPn><sln:powIIPWersja>2012-09-27T08:59:03+02:00</sln:powIIPWersja><sln:powIdTeryt>3009</sln:powIdTeryt><sln:powNazwa>kolski</sln:powNazwa><sln:waznyOd>2017-08-03T00:00:00+02:00</sln:waznyOd><sln:wojIIPId>c606b01a-76c8-480d-9470-f24ca0d7a613</sln:wojIIPId><sln:wojIIPPn>PL.PZGIK.200</sln:wojIIPPn><sln:wojIIPWersja>2016-05-05T18:20:48+02:00</sln:wojIIPWersja><sln:wojIdTeryt>30</sln:wojIdTeryt><sln:wojNazwa>wielkopolskie</sln:wojNazwa></sln:miejscowosc><sln:miejscowosc><sln:cyklZyciaOd>2017-08-22T00:00:00+02:00</sln:cyklZyciaOd><sln:gmIIPId>cd60b1e5-066e-4158-9d15-a5a026fd6d9b</sln:gmIIPId><sln:gmIIPPn>PL.PZGIK.200</sln:gmIIPPn><sln:gmIIPWersja>2012-09-26T22:24:51+02:00</sln:gmIIPWersja><sln:gmIdTeryt>3009043</sln:gmIdTeryt><sln:gmNazwa>Dąbie</sln:gmNazwa><sln:miejscIIPId>934eca03-77e7-4a6f-9629-ac59586e313f</sln:miejscIIPId><sln:miejscIIPPn>PL.PZGIK.200</sln:miejscIIPPn><sln:miejscIIPWersja>2017-08-22T13:10:37+02:00</sln:miejscIIPWersja><sln:miejscIdTeryt>0282518</sln:miejscIdTeryt><sln:miejscNazwa>Bród</sln:miejscNazwa><sln:miejscRodzaj>Wieś</sln:miejscRodzaj><sln:powIIPId>06a4a975-dc89-4ac3-9d51-cf188532908a</sln:powIIPId><sln:powIIPPn>PL.PZGIK.200</sln:powIIPPn><sln:powIIPWersja>2012-09-27T08:59:03+02:00</sln:powIIPWersja><sln:powIdTeryt>3009</sln:powIdTeryt><sln:powNazwa>kolski</sln:powNazwa><sln:waznyOd>2017-08-03T00:00:00+02:00</sln:waznyOd><sln:wojIIPId>c606b01a-76c8-480d-9470-f24ca0d7a613</sln:wojIIPId><sln:wojIIPPn>PL.PZGIK.200</sln:wojIIPPn><sln:wojIIPWersja>2016-05-05T18:20:48+02:00</sln:wojIIPWersja><sln:wojIdTeryt>30</sln:wojIdTeryt><sln:wojNazwa>wielkopolskie</sln:wojNazwa></sln:miejscowosc><sln:miejscowosc><sln:cyklZyciaOd>2017-08-22T00:00:00+02:00</sln:cyklZyciaOd><sln:gmIIPId>cd60b1e5-066e-4158-9d15-a5a026fd6d9b</sln:gmIIPId><sln:gmIIPPn>PL.PZGIK.200</sln:gmIIPPn><sln:gmIIPWersja>2012-09-26T22:24:51+02:00</sln:gmIIPWersja><sln:gmIdTeryt>3009043</sln:gmIdTeryt><sln:gmNazwa>Dąbie</sln:gmNazwa><sln:miejscIIPId>493d7677-78ed-48f4-88d5-25d09a5cec8d</sln:miejscIIPId><sln:miejscIIPPn>PL.PZGIK.200</sln:miejscIIPPn><sln:miejscIIPWersja>2017-08-22T13:10:37+02:00</sln:miejscIIPWersja><sln:miejscIdTeryt>0282702</sln:miejscIdTeryt><sln:miejscNazwa>Tarnówka</sln:miejscNazwa><sln:miejscRodzaj>Wieś</sln:miejscRodzaj><sln:powIIPId>06a4a975-dc89-4ac3-9d51-cf188532908a</sln:powIIPId><sln:powIIPPn>PL.PZGIK.200</sln:powIIPPn><sln:powIIPWersja>2012-09-27T08:59:03+02:00</sln:powIIPWersja><sln:powIdTeryt>3009</sln:powIdTeryt><sln:powNazwa>kolski</sln:powNazwa><sln:waznyOd>2017-08-03T00:00:00+02:00</sln:waznyOd><sln:wojIIPId>c606b01a-76c8-480d-9470-f24ca0d7a613</sln:wojIIPId><sln:wojIIPPn>PL.PZGIK.200</sln:wojIIPPn><sln:wojIIPWersja>2016-05-05T18:20:48+02:00</sln:wojIIPWersja><sln:wojIdTeryt>30</sln:wojIdTeryt><sln:wojNazwa>wielkopolskie</sln:wojNazwa></sln:miejscowosc></sln:lista-miejscowosci>