<?xml version="1.0" encoding="UTF-8" standalone="yes"?><sln:lista-miejscowosci xmlns:srv="http://gugik.gov.pl/schemas/slowniki-service/1.0" xmlns:sln="http://gugik.gov.pl/schemas/slowniki-schema/1.0"><sln:miejscowosc><sln:cyklZyciaDo>2017-03-28T00:00:00+02:00</sln:cyklZyciaDo><sln:cyklZyciaOd>2016-01-26T00:00:00+01:00</sln:cyklZyciaOd><sln:gmIIPId>b3ccc219-9de0-4873-9436-8eb8fb06490a</sln:gmIIPId><sln:gmIIPPn>PL.PZGIK.200</sln:gmIIPPn><sln:gmIIPWersja>2012-09-26T22:22:33+02:00</sln:gmIIPWersja><sln:gmIdTeryt>3014012</sln:gmIdTeryt><sln:gmNazwa>Chrzypsko Wielkie</sln:gmNazwa><sln:miejscIIPId>28bd1bf6-c695-466e-bde0-f6b565742b14</sln:miejscIIPId><sln:miejscIIPPn>PL.PZGIK.200</sln:miejscIIPPn><sln:miejscIIPWersja>2016-11-24T11:21:48+02:00</sln:miejscIIPWersja><sln:miejscIdTeryt>0581155</sln:miejscIdTeryt><sln:miejscNazwa>Białcz</sln:miejscNazwa><sln:miejscRodzaj>Wieś</sln:miejscRodzaj><sln:powIIPId>5a132da9-151c-40d5-8bf7-b2920bf19960</sln:powIIPId><sln:powIIPPn>PL.PZGIK.200</sln:powIIPPn><sln:powIIPWersja>2012-09-27T08:59:03+02:00</sln:powIIPWersja><sln:powIdTeryt>3014</sln:powIdTeryt><sln:powNazwa>międzychodzki</sln:powNazwa><sln:waznyOd>2013-07-10T00:00:00+02:00</sln:waznyOd><sln:wojIIPId>c606b01a-76c8-480d-9470-f24ca0d7a613</sln:wojIIPId><sln:wojIIPPn>PL.PZGIK.200</sln:wojIIPPn><sln:wojIIPWersja>2016-05-05T18:20:48+02:00</sln:wojIIPWersja><sln:wojIdTeryt>30</sln:wojIdTeryt><sln:wojNazwa>wielkopolskie</sln:wojNazwa></sln:miejscowosc><sln:miejscowosc><sln:cyklZyciaDo>2017-03-28T00:00:00+02:00</sln:cyklZyciaDo><sln:cyklZyciaOd>2016-01-26T00:00:00+01:00</sln:cyklZyciaOd><sln:gmIIPId>b3ccc219-9de0-4873-9436-8eb8fb06490a</sln:gmIIPId><sln:gmIIPPn>PL.PZGIK.200</sln:gmIIPPn><sln:gmIIPWersja>2012-09-26T22:22:33+02:00</sln:gmIIPWersja><sln:gmIdTeryt>3014012</sln:gmIdTeryt><sln:gmNazwa>Chrzypsko Wielkie</sln:gmNazwa><sln:miejscIIPId>f525a8bf-8a0d-48c0-96a2-049466a980c7</sln:miejscIIPId><sln:miejscIIPPn>PL.PZGIK.200</sln:miejscIIPPn><sln:miejscIIPWersja>2016-11-24T11:21:48+02:00</sln:miejscIIPWersja><sln:miejscIdTeryt>0581161</sln:miejscIdTeryt><sln:miejscNazwa>Białokosz</sln:miejscNazwa><sln:miejscRodzaj>Wieś</sln:miejscRodzaj><sln:powIIPId>5a132da9-151c-40d5-8bf7-b2920bf19960</sln:powIIPId><sln:powIIPPn>PL.PZGIK.200</sln:powIIPPn><sln:powIIPWersja>2012-09-27T08:59:03+02:00</sln:powIIPWersja><sln:powIdTeryt>3014</sln:powIdTeryt><sln:powNazwa>międzychodzki</sln:powNazwa><sln:waznyOd>2013-07-10T00:00:00+02:00</sln:waznyOd><sln:wojIIPId>c606b01a-76c8-480d-9470-f24ca0d7a613</sln:wojIIPId><sln:wojIIPPn>PL.PZGIK.200</sln:wojIIPPn><sln:wojIIPWersja>2016-05-05T18:20:48+02:00</sln:wojIIPWersja><sln:wojIdTeryt>30</sln:wojIdTeryt><sln:wojNazwa>wielkopolskie</sln:wojNazwa></sln:miejscowosc><sln:miejscowosc><sln:cyklZyciaDo>2017-03-28T00:00:00+02:00</sln:cyklZyciaDo><sln:cyklZyciaOd>2016-01-26T00:00:00+01:00</sln:cyklZyciaOd><sln:gmIIPId>b3ccc219-9de0-4873-9436-8eb8fb06490a</sln:gmIIPId><sln:gmIIPPn>PL.PZGIK.200</sln:gmIIPPn><sln:gmIIPWersja>2012-09-26T22:22:33+02:00</sln:gmIIPWersja><sln:gmIdTeryt>3014012</sln:gmIdTeryt><sln:gmNazwa>Chrzypsko Wielkie</sln:gmNazwa><sln:miejscIIPId>e5eb89ee-fa37-4290-befd-40e77bab3e57</sln:miejscIIPId><sln:miejscIIPPn>PL.PZGIK.200</sln:miejscIIPPn><sln:miejscIIPWersja>2016-11-24T11:21:48+02:00</sln:miejscIIPWersja><sln:miejscIdTeryt>0581190</sln:miejscIdTeryt><sln:miejscNazwa>Białokoszyce</sln:miejscNazwa><sln:miejscRodzaj>Wieś</sln:miejscRodzaj><sln:powIIPId>5a132da9-151c-40d5-8bf7-b2920bf19960</sln:powIIPId><sln:powIIPPn>PL.PZGIK.200</sln:powIIPPn><sln:powIIPWersja>2012-09-27T08:59:03+02:00</sln:powIIPWersja><sln:powIdTeryt>3014</sln:powIdTeryt><sln:powNazwa>międzychodzki</sln:powNazwa><sln:waznyOd>2013-07-10T00:00:00+02:00</sln:waznyOd><sln:wojIIPId>c606b01a-76c8-480d-9470-f24ca0d7a613</sln:wojIIPId><sln:wojIIPPn>PL.PZGIK.200</sln:wojIIPPn><sln:wojIIPWersja>2016-05-05T18:20:48+02:00</sln:wojIIPWersja><sln:wojIdTeryt>30</sln:wojIdTeryt><sln:wojNazwa>wielkopolskie</sln:wojNazwa></sln:miejscowosc><sln:miejscowosc><sln:cyklZyciaDo>2017-03-28T00:00:00+02:00</sln:cyklZyciaDo><sln:cyklZyciaOd>2016-01-26T00:00:00+01:00</sln:cyklZyciaOd><sln:gmIIPId>b3ccc219-9de0-4873-9436-8eb8fb06490a</sln:gmIIPId><sln:gmIIPPn>PL.PZGIK.200</sln:gmIIPPn><sln:gmIIPWersja>2012-09-26T22:22:33+02:00</sln:gmIIPWersja><sln:gmIdTeryt>3014012</sln:gmIdTeryt><sln:gmNazwa>Chrzypsko Wielkie</sln:gmNazwa><sln:miejscIIPId>2bee1c9f-5da2-4311-96a0-cbb9ca9eb275</sln:miejscIIPId><sln:miejscIIPPn>PL.PZGIK.200</sln:miejscIIPPn><sln:miejscIIPWersja>2016-11-24T11:21:48+02:00</sln:miejscIIPWersja><sln:miejscIdTeryt>0581209</sln:miejscIdTeryt><sln:miejscNazwa>Charcice</sln:miejscNazwa><sln:miejscRodzaj>Wieś</sln:miejscRodzaj><sln:powIIPId>5a132da9-151c-40d5-8bf7-b2920bf19960</sln:powIIPId><sln:powIIPPn>PL.PZGIK.200</sln:powIIPPn><sln:powIIPWersja>2012-09-27T08:59:03+02:00</sln:powIIPWersja><sln:powIdTeryt>3014</sln:powIdTeryt><sln:powNazwa>międzychodzki</sln:powNazwa><sln:waznyOd>2013-07-10T00:00:00+02:00</sln:waznyOd><sln:wojIIPId>c606b01a-76c8-480d-9470-f24ca0d7a613</sln:wojIIPId><sln:wojIIPPn>PL.PZGIK.200</sln:wojIIPPn><sln:wojIIPWersja>2016-05-05T18:20:48+02:00</sln:wojIIPWersja><sln:wojIdTeryt>30</sln:wojIdTeryt><sln:wojNazwa>wielkopolskie</sln:wojNazwa></sln:miejscowosc><sln:miejscowosc><sln:cyklZyciaDo>2017-03-28T00:00:00+02:00</sln:cyklZyciaDo><sln:cyklZyciaOd>2016-01-26T00:00:00+01:00</sln:cyklZyciaOd><sln:gmIIPId>b3ccc219-9de0-4873-9436-8eb8fb06490a</sln:gmIIPId><sln:gmIIPPn>PL.PZGIK.200</sln:gmIIPPn><sln:gmIIPWersja>2012-09-26T22:22:33+02:00</sln:gmIIPWersja><sln:gmIdTeryt>3014012</sln:gmIdTeryt><sln:gmNazwa>Chrzypsko Wielkie</sln:gmNazwa><sln:miejscIIPId>4d9928d0-acf9-49f2-8ecc-49827111d1f3</sln:miejscIIPId><sln:miejscIIPPn>PL.PZGIK.200</sln:miejscIIPPn><sln:miejscIIPWersja>2016-11-24T11:21:48+02:00</sln:miejscIIPWersja><sln:miejscIdTeryt>0581215</sln:miejscIdTeryt><sln:miejscNazwa>Chrzypsko Małe</sln:miejscNazwa><sln:miejscRodzaj>Wieś</sln:miejscRodzaj><sln:powIIPId>5a132da9-151c-40d5-8bf7-b2920bf19960</sln:powIIPId><sln:powIIPPn>PL.PZGIK.200</sln:powIIPPn><sln:powIIPWersja>2012-09-27T08:59:03+02:00</sln:powIIPWersja><sln:powIdTeryt>3014</sln:powIdTeryt><sln:powNazwa>międzychodzki</sln:powNazwa><sln:waznyOd>2013-07-10T00:00:00+02:00</sln:waznyOd><sln:wojIIPId>c606b01a-76c8-480d-9470-f24ca0d7a613</sln:wojIIPId><sln:wojIIPPn>PL.PZGIK.200</sln:wojIIPPn><sln:wojIIPWersja>2016-05-05T18:20:48+02:00</sln:wojIIPWersja><sln:wojIdTeryt>30</sln:wojIdTeryt><sln:wojNazwa>wielkopolskie</sln:wojNazwa></sln:miejscowosc><sln:miejscowosc><sln:cyklZyciaDo>2017-03-28T00:00:00+02:00</sln:cyklZyciaDo><sln:cyklZyciaOd>2016-01-26T00:00:00+01:00</sln:cyklZyciaOd><sln:gmIIPId>b3ccc219-9de0-4873-9436-8eb8fb06490a</sln:gmIIPId><sln:gmIIPPn>PL.PZGIK.200</sln:gmIIPPn><sln:gmIIPWersja>2012-09-26T22:22:33+02:00</sln:gmIIPWersja><sln:gmIdTeryt>3014012</sln:gmIdTeryt><sln:gmNazwa>Chrzypsko Wielkie</sln:gmNazwa><sln:miejscIIPId>5098d442-994d-4480-99a2-e7755db3225a</sln:miejscIIPId><sln:miejscIIPPn>PL.PZGIK.200</sln:miejscIIPPn><sln:miejscIIPWersja>2016-11-24T11:21:48+02:00</sln:miejscIIPWersja><sln:miejscIdTeryt>0581221</sln:miejscIdTeryt><sln:miejscNazwa>Chrzypsko Wielkie</sln:miejscNazwa><sln:miejscRodzaj>Wieś</sln:miejscRodzaj><sln:powIIPId>5a132da9-151c-40d5-8bf7-b2920bf19960</sln:powIIPId><sln:powIIPPn>PL.PZGIK.200</sln:powIIPPn><sln:powIIPWersja>2012-09-27T08:59:03+02:00</sln:powIIPWersja><sln:powIdTeryt>3014</sln:powIdTeryt><sln:powNazwa>międzychodzki</sln:powNazwa><sln:waznyOd>2013-07-10T00:00:00+02:00</sln:waznyOd><sln:wojIIPId>c606b01a-76c8-480d-9470-f24ca0d7a613</sln:wojIIPId><sln:wojIIPPn>PL.PZGIK.200</sln:wojIIPPn><sln:wojIIPWersja>2016-05-05T18:20:48+02:00</sln:wojIIPWersja><sln:wojIdTeryt>30</sln:wojIdTeryt><sln:wojNazwa>wielkopolskie</sln:wojNazwa></sln:miejscowosc><sln:miejscowosc><sln:cyklZyciaDo>2017-03-28T00:00:00+02:00</sln:cyklZyciaDo><sln:cyklZyciaOd>2016-01-26T00:00:00+01:00</sln:cyklZyciaOd><sln:gmIIPId>b3ccc219-9de0-4873-9436-8eb8fb06490a</sln:gmIIPId><sln:gmIIPPn>PL.PZGIK.200</sln:gmIIPPn><sln:gmIIPWersja>2012-09-26T22:22:33+02:00</sln:gmIIPWersja><sln:gmIdTeryt>3014012</sln:gmIdTeryt><sln:gmNazwa>Chrzypsko Wielkie</sln:gmNazwa><sln:miejscIIPId>3c6c54b8-ada1-40ff-bb17-65d475816656</sln:miejscIIPId><sln:miejscIIPPn>PL.PZGIK.200</sln:miejscIIPPn><sln:miejscIIPWersja>2016-11-24T11:21:48+02:00</sln:miejscIIPWersja><sln:miejscIdTeryt>0581238</sln:miejscIdTeryt><sln:miejscNazwa>Gnuszyn</sln:miejscNazwa><sln:miejscRodzaj>Wieś</sln:miejscRodzaj><sln:powIIPId>5a132da9-151c-40d5-8bf7-b2920bf19960</sln:powIIPId><sln:powIIPPn>PL.PZGIK.200</sln:powIIPPn><sln:powIIPWersja>2012-09-27T08:59:03+02:00</sln:powIIPWersja><sln:powIdTeryt>3014</sln:powIdTeryt><sln:powNazwa>międzychodzki</sln:powNazwa><sln:waznyOd>2013-07-10T00:00:00+02:00</sln:waznyOd><sln:wojIIPId>c606b01a-76c8-480d-9470-f24ca0d7a613</sln:wojIIPId><sln:wojIIPPn>PL.PZGIK.200</sln:wojIIPPn><sln:wojIIPWersja>2016-05-05T18:20:48+02:00</sln:wojIIPWersja><sln:wojIdTeryt>30</sln:wojIdTeryt><sln:wojNazwa>wielkopolskie</sln:wojNazwa></sln:miejscowosc><sln:miejscowosc><sln:cyklZyciaDo>2017-03-28T00:00:00+02:00</sln:cyklZyciaDo><sln:cyklZyciaOd>2016-01-26T00:00:00+01:00</sln:cyklZyciaOd><sln:gmIIPId>b3ccc219-9de0-4873-9436-8eb8fb06490a</sln:gmIIPId><sln:gmIIPPn>PL.PZGIK.200</sln:gmIIPPn><sln:gmIIPWersja>2012-09-26T22:22:33+02:00</sln:gmIIPWersja><sln:gmIdTeryt>3014012</sln:gmIdTeryt><sln:gmNazwa>Chrzypsko Wielkie</sln:gmNazwa><sln:miejscIIPId>5b8ed6f8-1dd2-4ca4-ad1e-9fd87f1990b8</sln:miejscIIPId><sln:miejscIIPPn>PL.PZGIK.200</sln:miejscIIPPn><sln:miejscIIPWersja>2016-11-24T11:21:48+02:00</sln:miejscIIPWersja><sln:miejscIdTeryt>0581244</sln:miejscIdTeryt><sln:miejscNazwa>Łężce</sln:miejscNazwa><sln:miejscRodzaj>Wieś</sln:miejscRodzaj><sln:powIIPId>5a132da9-151c-40d5-8bf7-b2920bf19960</sln:powIIPId><sln:powIIPPn>PL.PZGIK.200</sln:powIIPPn><sln:powIIPWersja>2012-09-27T08:59:03+02:00</sln:powIIPWersja><sln:powIdTeryt>3014</sln:powIdTeryt><sln:powNazwa>międzychodzki</sln:powNazwa><sln:waznyOd>2013-07-10T00:00:00+02:00</sln:waznyOd><sln:wojIIPId>c606b01a-76c8-480d-9470-f24ca0d7a613</sln:wojIIPId><sln:wojIIPPn>PL.PZGIK.200</sln:wojIIPPn><sln:wojIIPWersja>2016-05-05T18:20:48+02:00</sln:wojIIPWersja><sln:wojIdTeryt>30</sln:wojIdTeryt><sln:wojNazwa>wielkopolskie</sln:wojNazwa></sln:miejscowosc><sln:miejscowosc><sln:cyklZyciaDo>2017-03-28T00:00:00+02:00</sln:cyklZyciaDo><sln:cyklZyciaOd>2016-01-26T00:00:00+01:00</sln:cyklZyciaOd><sln:gmIIPId>b3ccc219-9de0-4873-9436-8eb8fb06490a</sln:gmIIPId><sln:gmIIPPn>PL.PZGIK.200</sln:gmIIPPn><sln:gmIIPWersja>2012-09-26T22:22:33+02:00</sln:gmIIPWersja><sln:gmIdTeryt>3014012</sln:gmIdTeryt><sln:gmNazwa>Chrzypsko Wielkie</sln:gmNazwa><sln:miejscIIPId>8354632f-22ef-4fd9-af04-86dc9ef90aa1</sln:miejscIIPId><sln:miejscIIPPn>PL.PZGIK.200</sln:miejscIIPPn><sln:miejscIIPWersja>2016-11-24T11:21:48+02:00</sln:miejscIIPWersja><sln:miejscIdTeryt>0581267</sln:miejscIdTeryt><sln:miejscNazwa>Łężeczki</sln:miejscNazwa><sln:miejscRodzaj>Wieś</sln:miejscRodzaj><sln:powIIPId>5a132da9-151c-40d5-8bf7-b2920bf19960</sln:powIIPId><sln:powIIPPn>PL.PZGIK.200</sln:powIIPPn><sln:powIIPWersja>2012-09-27T08:59:03+02:00</sln:powIIPWersja><sln:powIdTeryt>3014</sln:powIdTeryt><sln:powNazwa>międzychodzki</sln:powNazwa><sln:waznyOd>2013-07-10T00:00:00+02:00</sln:waznyOd><sln:wojIIPId>c606b01a-76c8-480d-9470-f24ca0d7a613</sln:wojIIPId><sln:wojIIPPn>PL.PZGIK.200</sln:wojIIPPn><sln:wojIIPWersja>2016-05-05T18:20:48+02:00</sln:wojIIPWersja><sln:wojIdTeryt>30</sln:wojIdTeryt><sln:wojNazwa>wielkopolskie</sln:wojNazwa></sln:miejscowosc><sln:miejscowosc><sln:cyklZyciaDo>2017-03-28T00:00:00+02:00</sln:cyklZyciaDo><sln:cyklZyciaOd>2016-01-26T00:00:00+01:00</sln:cyklZyciaOd><sln:gmIIPId>b3ccc219-9de0-4873-9436-8eb8fb06490a</sln:gmIIPId><sln:gmIIPPn>PL.PZGIK.200</sln:gmIIPPn><sln:gmIIPWersja>2012-09-26T22:22:33+02:00</sln:gmIIPWersja><sln:gmIdTeryt>3014012</sln:gmIdTeryt><sln:gmNazwa>Chrzypsko Wielkie</sln:gmNazwa><sln:miejscIIPId>5485ddd1-aa85-4cda-b533-d53ac2c6bffb</sln:miejscIIPId><sln:miejscIIPPn>PL.PZGIK.200</sln:miejscIIPPn><sln:miejscIIPWersja>2016-11-24T11:21:48+02:00</sln:miejscIIPWersja><sln:miejscIdTeryt>0581273</sln:miejscIdTeryt><sln:miejscNazwa>Mylin</sln:miejscNazwa><sln:miejscRodzaj>Wieś</sln:miejscRodzaj><sln:powIIPId>5a132da9-151c-40d5-8bf7-b2920bf19960</sln:powIIPId><sln:powIIPPn>PL.PZGIK.200</sln:powIIPPn><sln:powIIPWersja>2012-09-27T08:59:03+02:00</sln:powIIPWersja><sln:powIdTeryt>3014</sln:powIdTeryt><sln:powNazwa>międzychodzki</sln:powNazwa><sln:waznyOd>2013-07-10T00:00:00+02:00</sln:waznyOd><sln:wojIIPId>c606b01a-76c8-480d-9470-f24ca0d7a613</sln:wojIIPId><sln:wojIIPPn>PL.PZGIK.200</sln:wojIIPPn><sln:wojIIPWersja>2016-05-05T18:20:48+02:00</sln:wojIIPWersja><sln:wojIdTeryt>30</sln:wojIdTeryt><sln:wojNazwa>wielkopolskie</sln:wojNazwa></sln:miejscowosc><sln:miejscowosc><sln:cyklZyciaDo>2017-03-28T00:00:00+02:00</sln:cyklZyciaDo><sln:cyklZyciaOd>2016-01-26T00:00:00+01:00</sln:cyklZyciaOd><sln:gmIIPId>b3ccc219-9de0-4873-9436-8eb8fb06490a</sln:gmIIPId><sln:gmIIPPn>PL.PZGIK.200</sln:gmIIPPn><sln:gmIIPWersja>2012-09-26T22:22:33+02:00</sln:gmIIPWersja><sln:gmIdTeryt>3014012</sln:gmIdTeryt><sln:gmNazwa>Chrzypsko Wielkie</sln:gmNazwa><sln:miejscIIPId>3840b103-450a-4104-9ea7-54bb60d5c378</sln:miejscIIPId><sln:miejscIIPPn>PL.PZGIK.200</sln:miejscIIPPn><sln:miejscIIPWersja>2016-11-24T11:21:48+02:00</sln:miejscIIPWersja><sln:miejscIdTeryt>0581280</sln:miejscIdTeryt><sln:miejscNazwa>Orle Wielkie</sln:miejscNazwa><sln:miejscRodzaj>Wieś</sln:miejscRodzaj><sln:powIIPId>5a132da9-151c-40d5-8bf7-b2920bf19960</sln:powIIPId><sln:powIIPPn>PL.PZGIK.200</sln:powIIPPn><sln:powIIPWersja>2012-09-27T08:59:03+02:00</sln:powIIPWersja><sln:powIdTeryt>3014</sln:powIdTeryt><sln:powNazwa>międzychodzki</sln:powNazwa><sln:waznyOd>2013-07-10T00:00:00+02:00</sln:waznyOd><sln:wojIIPId>c606b01a-76c8-480d-9470-f24ca0d7a613</sln:wojIIPId><sln:wojIIPPn>PL.PZGIK.200</sln:wojIIPPn><sln:wojIIPWersja>2016-05-05T18:20:48+02:00</sln:wojIIPWersja><sln:wojIdTeryt>30</sln:wojIdTeryt><sln:wojNazwa>wielkopolskie</sln:wojNazwa></sln:miejscowosc><sln:miejscowosc><sln:cyklZyciaDo>2017-03-28T00:00:00+02:00</sln:cyklZyciaDo><sln:cyklZyciaOd>2016-01-26T00:00:00+01:00</sln:cyklZyciaOd><sln:gmIIPId>b3ccc219-9de0-4873-9436-8eb8fb06490a</sln:gmIIPId><sln:gmIIPPn>PL.PZGIK.200</sln:gmIIPPn><sln:gmIIPWersja>2012-09-26T22:22:33+02:00</sln:gmIIPWersja><sln:gmIdTeryt>3014012</sln:gmIdTeryt><sln:gmNazwa>Chrzypsko Wielkie</sln:gmNazwa><sln:miejscIIPId>44be29cf-47bc-45e2-a41f-5296afb35a0c</sln:miejscIIPId><sln:miejscIIPPn>PL.PZGIK.200</sln:miejscIIPPn><sln:miejscIIPWersja>2016-11-24T11:21:48+02:00</sln:miejscIIPWersja><sln:miejscIdTeryt>0581304</sln:miejscIdTeryt><sln:miejscNazwa>Ryżyn</sln:miejscNazwa><sln:miejscRodzaj>Wieś</sln:miejscRodzaj><sln:powIIPId>5a132da9-151c-40d5-8bf7-b2920bf19960</sln:powIIPId><sln:powIIPPn>PL.PZGIK.200</sln:powIIPPn><sln:powIIPWersja>2012-09-27T08:59:03+02:00</sln:powIIPWersja><sln:powIdTeryt>3014</sln:powIdTeryt><sln:powNazwa>międzychodzki</sln:powNazwa><sln:waznyOd>2013-07-10T00:00:00+02:00</sln:waznyOd><sln:wojIIPId>c606b01a-76c8-480d-9470-f24ca0d7a613</sln:wojIIPId><sln:wojIIPPn>PL.PZGIK.200</sln:wojIIPPn><sln:wojIIPWersja>2016-05-05T18:20:48+02:00</sln:wojIIPWersja><sln:wojIdTeryt>30</sln:wojIdTeryt><sln:wojNazwa>wielkopolskie</sln:wojNazwa></sln:miejscowosc><sln:miejscowosc><sln:cyklZyciaDo>2017-03-28T00:00:00+02:00</sln:cyklZyciaDo><sln:cyklZyciaOd>2016-01-26T00:00:00+01:00</sln:cyklZyciaOd><sln:gmIIPId>b3ccc219-9de0-4873-9436-8eb8fb06490a</sln:gmIIPId><sln:gmIIPPn>PL.PZGIK.200</sln:gmIIPPn><sln:gmIIPWersja>2012-09-26T22:22:33+02:00</sln:gmIIPWersja><sln:gmIdTeryt>3014012</sln:gmIdTeryt><sln:gmNazwa>Chrzypsko Wielkie</sln:gmNazwa><sln:miejscIIPId>5a82d934-cc5d-4fa5-9afc-e72bb4644203</sln:miejscIIPId><sln:miejscIIPPn>PL.PZGIK.200</sln:miejscIIPPn><sln:miejscIIPWersja>2016-11-24T11:21:48+02:00</sln:miejscIIPWersja><sln:miejscIdTeryt>0581310</sln:miejscIdTeryt><sln:miejscNazwa>Strzyżmin</sln:miejscNazwa><sln:miejscRodzaj>Wieś</sln:miejscRodzaj><sln:powIIPId>5a132da9-151c-40d5-8bf7-b2920bf19960</sln:powIIPId><sln:powIIPPn>PL.PZGIK.200</sln:powIIPPn><sln:powIIPWersja>2012-09-27T08:59:03+02:00</sln:powIIPWersja><sln:powIdTeryt>3014</sln:powIdTeryt><sln:powNazwa>międzychodzki</sln:powNazwa><sln:waznyOd>2013-07-10T00:00:00+02:00</sln:waznyOd><sln:wojIIPId>c606b01a-76c8-480d-9470-f24ca0d7a613</sln:wojIIPId><sln:wojIIPPn>PL.PZGIK.200</sln:wojIIPPn><sln:wojIIPWersja>2016-05-05T18:20:48+02:00</sln:wojIIPWersja><sln:wojIdTeryt>30</sln:wojIdTeryt><sln:wojNazwa>wielkopolskie</sln:wojNazwa></sln:miejscowosc><sln:miejscowosc><sln:cyklZyciaDo>2017-03-28T00:00:00+02:00</sln:cyklZyciaDo><sln:cyklZyciaOd>2016-01-26T00:00:00+01:00</sln:cyklZyciaOd><sln:gmIIPId>b3ccc219-9de0-4873-9436-8eb8fb06490a</sln:gmIIPId><sln:gmIIPPn>PL.PZGIK.200</sln:gmIIPPn><sln:gmIIPWersja>2012-09-26T22:22:33+02:00</sln:gmIIPWersja><sln:gmIdTeryt>3014012</sln:gmIdTeryt><sln:gmNazwa>Chrzypsko Wielkie</sln:gmNazwa><sln:miejscIIPId>08fcad6b-810a-4dbd-b902-e22d0b22cf41</sln:miejscIIPId><sln:miejscIIPPn>PL.PZGIK.200</sln:miejscIIPPn><sln:miejscIIPWersja>2016-11-24T11:21:48+02:00</sln:miejscIIPWersja><sln:miejscIdTeryt>0581327</sln:miejscIdTeryt><sln:miejscNazwa>Śródka</sln:miejscNazwa><sln:miejscRodzaj>Wieś</sln:miejscRodzaj><sln:powIIPId>5a132da9-151c-40d5-8bf7-b2920bf19960</sln:powIIPId><sln:powIIPPn>PL.PZGIK.200</sln:powIIPPn><sln:powIIPWersja>2012-09-27T08:59:03+02:00</sln:powIIPWersja><sln:powIdTeryt>3014</sln:powIdTeryt><sln:powNazwa>międzychodzki</sln:powNazwa><sln:waznyOd>2013-07-10T00:00:00+02:00</sln:waznyOd><sln:wojIIPId>c606b01a-76c8-480d-9470-f24ca0d7a613</sln:wojIIPId><sln:wojIIPPn>PL.PZGIK.200</sln:wojIIPPn><sln:wojIIPWersja>2016-05-05T18:20:48+02:00</sln:wojIIPWersja><sln:wojIdTeryt>30</sln:wojIdTeryt><sln:wojNazwa>wielkopolskie</sln:wojNazwa></sln:miejscowosc><sln:miejscowosc><sln:cyklZyciaOd>2017-03-28T00:00:00+02:00</sln:cyklZyciaOd><sln:gmIIPId>b3ccc219-9de0-4873-9436-8eb8fb06490a</sln:gmIIPId><sln:gmIIPPn>PL.PZGIK.200</sln:gmIIPPn><sln:gmIIPWersja>2012-09-26T22:22:33+02:00</sln:gmIIPWersja><sln:gmIdTeryt>3014012</sln:gmIdTeryt><sln:gmNazwa>Chrzypsko Wielkie</sln:gmNazwa><sln:miejscIIPId>28bd1bf6-c695-466e-bde0-f6b565742b14</sln:miejscIIPId><sln:miejscIIPPn>PL.PZGIK.200</sln:miejscIIPPn><sln:miejscIIPWersja>2017-03-28T16:16:50+02:00</sln:miejscIIPWersja><sln:miejscIdTeryt>0581155</sln:miejscIdTeryt><sln:miejscNazwa>Białcz</sln:miejscNazwa><sln:miejscRodzaj>Wieś</sln:miejscRodzaj><sln:powIIPId>5a132da9-151c-40d5-8bf7-b2920bf19960</sln:powIIPId><sln:powIIPPn>PL.PZGIK.200</sln:powIIPPn><sln:powIIPWersja>2012-09-27T08:59:03+02:00</sln:powIIPWersja><sln:powIdTeryt>3014</sln:powIdTeryt><sln:powNazwa>międzychodzki</sln:powNazwa><sln:waznyOd>2013-07-10T00:00:00+02:00</sln:waznyOd><sln:wojIIPId>c606b01a-76c8-480d-9470-f24ca0d7a613</sln:wojIIPId><sln:wojIIPPn>PL.PZGIK.200</sln:wojIIPPn><sln:wojIIPWersja>2016-05-05T18:20:48+02:00</sln:wojIIPWersja><sln:wojIdTeryt>30</sln:wojIdTeryt><sln:wojNazwa>wielkopolskie</sln:wojNazwa></sln:miejscowosc><sln:miejscowosc><sln:cyklZyciaOd>2017-03-28T00:00:00+02:00</sln:cyklZyciaOd><sln:gmIIPId>b3ccc219-9de0-4873-9436-8eb8fb06490a</sln:gmIIPId><sln:gmIIPPn>PL.PZGIK.200</sln:gmIIPPn><sln:gmIIPWersja>2012-09-26T22:22:33+02:00</sln:gmIIPWersja><sln:gmIdTeryt>3014012</sln:gmIdTeryt><sln:gmNazwa>Chrzypsko Wielkie</sln:gmNazwa><sln:miejscIIPId>f525a8bf-8a0d-48c0-96a2-049466a980c7</sln:miejscIIPId><sln:miejscIIPPn>PL.PZGIK.200</sln:miejscIIPPn><sln:miejscIIPWersja>2017-03-28T16:16:58+02:00</sln:miejscIIPWersja><sln:miejscIdTeryt>0581161</sln:miejscIdTeryt><sln:miejscNazwa>Białokosz</sln:miejscNazwa><sln:miejscRodzaj>Wieś</sln:miejscRodzaj><sln:powIIPId>5a132da9-151c-40d5-8bf7-b2920bf19960</sln:powIIPId><sln:powIIPPn>PL.PZGIK.200</sln:powIIPPn><sln:powIIPWersja>2012-09-27T08:59:03+02:00</sln:powIIPWersja><sln:powIdTeryt>3014</sln:powIdTeryt><sln:powNazwa>międzychodzki</sln:powNazwa><sln:waznyOd>2013-07-10T00:00:00+02:00</sln:waznyOd><sln:wojIIPId>c606b01a-76c8-480d-9470-f24ca0d7a613</sln:wojIIPId><sln:wojIIPPn>PL.PZGIK.200</sln:wojIIPPn><sln:wojIIPWersja>2016-05-05T18:20:48+02:00</sln:wojIIPWersja><sln:wojIdTeryt>30</sln:wojIdTeryt><sln:wojNazwa>wielkopolskie</sln:wojNazwa></sln:miejscowosc><sln:miejscowosc><sln:cyklZyciaOd>2017-03-28T00:00:00+02:00</sln:cyklZyciaOd><sln:gmIIPId>b3ccc219-9de0-4873-9436-8eb8fb06490a</sln:gmIIPId><sln:gmIIPPn>PL.PZGIK.200</sln:gmIIPPn><sln:gmIIPWersja>2012-09-26T22:22:33+02:00</sln:gmIIPWersja><sln:gmIdTeryt>3014012</sln:gmIdTeryt><sln:gmNazwa>Chrzypsko Wielkie</sln:gmNazwa><sln:miejscIIPId>e5eb89ee-fa37-4290-befd-40e77bab3e57</sln:miejscIIPId><sln:miejscIIPPn>PL.PZGIK.200</sln:miejscIIPPn><sln:miejscIIPWersja>2017-03-28T16:16:58+02:00</sln:miejscIIPWersja><sln:miejscIdTeryt>0581190</sln:miejscIdTeryt><sln:miejscNazwa>Białokoszyce</sln:miejscNazwa><sln:miejscRodzaj>Wieś</sln:miejscRodzaj><sln:powIIPId>5a132da9-151c-40d5-8bf7-b2920bf19960</sln:powIIPId><sln:powIIPPn>PL.PZGIK.200</sln:powIIPPn><sln:powIIPWersja>2012-09-27T08:59:03+02:00</sln:powIIPWersja><sln:powIdTeryt>3014</sln:powIdTeryt><sln:powNazwa>międzychodzki</sln:powNazwa><sln:waznyOd>2013-07-10T00:00:00+02:00</sln:waznyOd><sln:wojIIPId>c606b01a-76c8-480d-9470-f24ca0d7a613</sln:wojIIPId><sln:wojIIPPn>PL.PZGIK.200</sln:wojIIPPn><sln:wojIIPWersja>2016-05-05T18:20:48+02:00</sln:wojIIPWersja><sln:wojIdTeryt>30</sln:wojIdTeryt><sln:wojNazwa>wielkopolskie</sln:wojNazwa></sln:miejscowosc><sln:miejscowosc><sln:cyklZyciaOd>2017-03-28T00:00:00+02:00</sln:cyklZyciaOd><sln:gmIIPId>b3ccc219-9de0-4873-9436-8eb8fb06490a</sln:gmIIPId><sln:gmIIPPn>PL.PZGIK.200</sln:gmIIPPn><sln:gmIIPWersja>2012-09-26T22:22:33+02:00</sln:gmIIPWersja><sln:gmIdTeryt>3014012</sln:gmIdTeryt><sln:gmNazwa>Chrzypsko Wielkie</sln:gmNazwa><sln:miejscIIPId>2bee1c9f-5da2-4311-96a0-cbb9ca9eb275</sln:miejscIIPId><sln:miejscIIPPn>PL.PZGIK.200</sln:miejscIIPPn><sln:miejscIIPWersja>2017-03-28T16:16:59+02:00</sln:miejscIIPWersja><sln:miejscIdTeryt>0581209</sln:miejscIdTeryt><sln:miejscNazwa>Charcice</sln:miejscNazwa><sln:miejscRodzaj>Wieś</sln:miejscRodzaj><sln:powIIPId>5a132da9-151c-40d5-8bf7-b2920bf19960</sln:powIIPId><sln:powIIPPn>PL.PZGIK.200</sln:powIIPPn><sln:powIIPWersja>2012-09-27T08:59:03+02:00</sln:powIIPWersja><sln:powIdTeryt>3014</sln:powIdTeryt><sln:powNazwa>międzychodzki</sln:powNazwa><sln:waznyOd>2013-07-10T00:00:00+02:00</sln:waznyOd><sln:wojIIPId>c606b01a-76c8-480d-9470-f24ca0d7a613</sln:wojIIPId><sln:wojIIPPn>PL.PZGIK.200</sln:wojIIPPn><sln:wojIIPWersja>2016-05-05T18:20:48+02:00</sln:wojIIPWersja><sln:wojIdTeryt>30</sln:wojIdTeryt><sln:wojNazwa>wielkopolskie</sln:wojNazwa></sln:miejscowosc><sln:miejscowosc><sln:cyklZyciaOd>2017-03-28T00:00:00+02:00</sln:cyklZyciaOd><sln:gmIIPId>b3ccc219-9de0-4873-9436-8eb8fb06490a</sln:gmIIPId><sln:gmIIPPn>PL.PZGIK.200</sln:gmIIPPn><sln:gmIIPWersja>2012-09-26T22:22:33+02:00</sln:gmIIPWersja><sln:gmIdTeryt>3014012</sln:gmIdTeryt><sln:gmNazwa>Chrzypsko Wielkie</sln:gmNazwa><sln:miejscIIPId>4d9928d0-acf9-49f2-8ecc-49827111d1f3</sln:miejscIIPId><sln:miejscIIPPn>PL.PZGIK.200</sln:miejscIIPPn><sln:miejscIIPWersja>2017-03-28T16:16:59+02:00</sln:miejscIIPWersja><sln:miejscIdTeryt>0581215</sln:miejscIdTeryt><sln:miejscNazwa>Chrzypsko Małe</sln:miejscNazwa><sln:miejscRodzaj>Wieś</sln:miejscRodzaj><sln:powIIPId>5a132da9-151c-40d5-8bf7-b2920bf19960</sln:powIIPId><sln:powIIPPn>PL.PZGIK.200</sln:powIIPPn><sln:powIIPWersja>2012-09-27T08:59:03+02:00</sln:powIIPWersja><sln:powIdTeryt>3014</sln:powIdTeryt><sln:powNazwa>międzychodzki</sln:powNazwa><sln:waznyOd>2013-07-10T00:00:00+02:00</sln:waznyOd><sln:wojIIPId>c606b01a-76c8-480d-9470-f24ca0d7a613</sln:wojIIPId><sln:wojIIPPn>PL.PZGIK.200</sln:wojIIPPn><sln:wojIIPWersja>2016-05-05T18:20:48+02:00</sln:wojIIPWersja><sln:wojIdTeryt>30</sln:wojIdTeryt><sln:wojNazwa>wielkopolskie</sln:wojNazwa></sln:miejscowosc><sln:miejscowosc><sln:cyklZyciaOd>2017-03-28T00:00:00+02:00</sln:cyklZyciaOd><sln:gmIIPId>b3ccc219-9de0-4873-9436-8eb8fb06490a</sln:gmIIPId><sln:gmIIPPn>PL.PZGIK.200</sln:gmIIPPn><sln:gmIIPWersja>2012-09-26T22:22:33+02:00</sln:gmIIPWersja><sln:gmIdTeryt>3014012</sln:gmIdTeryt><sln:gmNazwa>Chrzypsko Wielkie</sln:gmNazwa><sln:miejscIIPId>5098d442-994d-4480-99a2-e7755db3225a</sln:miejscIIPId><sln:miejscIIPPn>PL.PZGIK.200</sln:miejscIIPPn><sln:miejscIIPWersja>2017-03-28T16:16:59+02:00</sln:miejscIIPWersja><sln:miejscIdTeryt>0581221</sln:miejscIdTeryt><sln:miejscNazwa>Chrzypsko Wielkie</sln:miejscNazwa><sln:miejscRodzaj>Wieś</sln:miejscRodzaj><sln:powIIPId>5a132da9-151c-40d5-8bf7-b2920bf19960</sln:powIIPId><sln:powIIPPn>PL.PZGIK.200</sln:powIIPPn><sln:powIIPWersja>2012-09-27T08:59:03+02:00</sln:powIIPWersja><sln:powIdTeryt>3014</sln:powIdTeryt><sln:powNazwa>międzychodzki</sln:powNazwa><sln:waznyOd>2013-07-10T00:00:00+02:00</sln:waznyOd><sln:wojIIPId>c606b01a-76c8-480d-9470-f24ca0d7a613</sln:wojIIPId><sln:wojIIPPn>PL.PZGIK.200</sln:wojIIPPn><sln:wojIIPWersja>2016-05-05T18:20:48+02:00</sln:wojIIPWersja><sln:wojIdTeryt>30</sln:wojIdTeryt><sln:wojNazwa>wielkopolskie</sln:wojNazwa></sln:miejscowosc><sln:miejscowosc><sln:cyklZyciaOd>2017-03-28T00:00:00+02:00</sln:cyklZyciaOd><sln:gmIIPId>b3ccc219-9de0-4873-9436-8eb8fb06490a</sln:gmIIPId><sln:gmIIPPn>PL.PZGIK.200</sln:gmIIPPn><sln:gmIIPWersja>2012-09-26T22:22:33+02:00</sln:gmIIPWersja><sln:gmIdTeryt>3014012</sln:gmIdTeryt><sln:gmNazwa>Chrzypsko Wielkie</sln:gmNazwa><sln:miejscIIPId>3c6c54b8-ada1-40ff-bb17-65d475816656</sln:miejscIIPId><sln:miejscIIPPn>PL.PZGIK.200</sln:miejscIIPPn><sln:miejscIIPWersja>2017-03-28T16:16:59+02:00</sln:miejscIIPWersja><sln:miejscIdTeryt>0581238</sln:miejscIdTeryt><sln:miejscNazwa>Gnuszyn</sln:miejscNazwa><sln:miejscRodzaj>Wieś</sln:miejscRodzaj><sln:powIIPId>5a132da9-151c-40d5-8bf7-b2920bf19960</sln:powIIPId><sln:powIIPPn>PL.PZGIK.200</sln:powIIPPn><sln:powIIPWersja>2012-09-27T08:59:03+02:00</sln:powIIPWersja><sln:powIdTeryt>3014</sln:powIdTeryt><sln:powNazwa>międzychodzki</sln:powNazwa><sln:waznyOd>2013-07-10T00:00:00+02:00</sln:waznyOd><sln:wojIIPId>c606b01a-76c8-480d-9470-f24ca0d7a613</sln:wojIIPId><sln:wojIIPPn>PL.PZGIK.200</sln:wojIIPPn><sln:wojIIPWersja>2016-05-05T18:20:48+02:00</sln:wojIIPWersja><sln:wojIdTeryt>30</sln:wojIdTeryt><sln:wojNazwa>wielkopolskie</sln:wojNazwa></sln:miejscowosc><sln:miejscowosc><sln:cyklZyciaOd>2017-03-28T00:00:00+02:00</sln:cyklZyciaOd><sln:gmIIPId>b3ccc219-9de0-4873-9436-8eb8fb06490a</sln:gmIIPId><sln:gmIIPPn>PL.PZGIK.200</sln:gmIIPPn><sln:gmIIPWersja>2012-09-26T22:22:33+02:00</sln:gmIIPWersja><sln:gmIdTeryt>3014012</sln:gmIdTeryt><sln:gmNazwa>Chrzypsko Wielkie</sln:gmNazwa><sln:miejscIIPId>5b8ed6f8-1dd2-4ca4-ad1e-9fd87f1990b8</sln:miejscIIPId><sln:miejscIIPPn>PL.PZGIK.200</sln:miejscIIPPn><sln:miejscIIPWersja>2017-03-28T16:16:59+02:00</sln:miejscIIPWersja><sln:miejscIdTeryt>0581244</sln:miejscIdTeryt><sln:miejscNazwa>Łężce</sln:miejscNazwa><sln:miejscRodzaj>Wieś</sln:miejscRodzaj><sln:powIIPId>5a132da9-151c-40d5-8bf7-b2920bf19960</sln:powIIPId><sln:powIIPPn>PL.PZGIK.200</sln:powIIPPn><sln:powIIPWersja>2012-09-27T08:59:03+02:00</sln:powIIPWersja><sln:powIdTeryt>3014</sln:powIdTeryt><sln:powNazwa>międzychodzki</sln:powNazwa><sln:waznyOd>2013-07-10T00:00:00+02:00</sln:waznyOd><sln:wojIIPId>c606b01a-76c8-480d-9470-f24ca0d7a613</sln:wojIIPId><sln:wojIIPPn>PL.PZGIK.200</sln:wojIIPPn><sln:wojIIPWersja>2016-05-05T18:20:48+02:00</sln:wojIIPWersja><sln:wojIdTeryt>30</sln:wojIdTeryt><sln:wojNazwa>wielkopolskie</sln:wojNazwa></sln:miejscowosc><sln:miejscowosc><sln:cyklZyciaOd>2017-03-28T00:00:00+02:00</sln:cyklZyciaOd><sln:gmIIPId>b3ccc219-9de0-4873-9436-8eb8fb06490a</sln:gmIIPId><sln:gmIIPPn>PL.PZGIK.200</sln:gmIIPPn><sln:gmIIPWersja>2012-09-26T22:22:33+02:00</sln:gmIIPWersja><sln:gmIdTeryt>3014012</sln:gmIdTeryt><sln:gmNazwa>Chrzypsko Wielkie</sln:gmNazwa><sln:miejscIIPId>8354632f-22ef-4fd9-af04-86dc9ef90aa1</sln:miejscIIPId><sln:miejscIIPPn>PL.PZGIK.200</sln:miejscIIPPn><sln:miejscIIPWersja>2017-03-28T16:16:59+02:00</sln:miejscIIPWersja><sln:miejscIdTeryt>0581267</sln:miejscIdTeryt><sln:miejscNazwa>Łężeczki</sln:miejscNazwa><sln:miejscRodzaj>Wieś</sln:miejscRodzaj><sln:powIIPId>5a132da9-151c-40d5-8bf7-b2920bf19960</sln:powIIPId><sln:powIIPPn>PL.PZGIK.200</sln:powIIPPn><sln:powIIPWersja>2012-09-27T08:59:03+02:00</sln:powIIPWersja><sln:powIdTeryt>3014</sln:powIdTeryt><sln:powNazwa>międzychodzki</sln:powNazwa><sln:waznyOd>2013-07-10T00:00:00+02:00</sln:waznyOd><sln:wojIIPId>c606b01a-76c8-480d-9470-f24ca0d7a613</sln:wojIIPId><sln:wojIIPPn>PL.PZGIK.200</sln:wojIIPPn><sln:wojIIPWersja>2016-05-05T18:20:48+02:00</sln:wojIIPWersja><sln:wojIdTeryt>30</sln:wojIdTeryt><sln:wojNazwa>wielkopolskie</sln:wojNazwa></sln:miejscowosc><sln:miejscowosc><sln:cyklZyciaOd>2017-03-28T00:00:00+02:00</sln:cyklZyciaOd><sln:gmIIPId>b3ccc219-9de0-4873-9436-8eb8fb06490a</sln:gmIIPId><sln:gmIIPPn>PL.PZGIK.200</sln:gmIIPPn><sln:gmIIPWersja>2012-09-26T22:22:33+02:00</sln:gmIIPWersja><sln:gmIdTeryt>3014012</sln:gmIdTeryt><sln:gmNazwa>Chrzypsko Wielkie</sln:gmNazwa><sln:miejscIIPId>5485ddd1-aa85-4cda-b533-d53ac2c6bffb</sln:miejscIIPId><sln:miejscIIPPn>PL.PZGIK.200</sln:miejscIIPPn><sln:miejscIIPWersja>2017-03-28T16:16:59+02:00</sln:miejscIIPWersja><sln:miejscIdTeryt>0581273</sln:miejscIdTeryt><sln:miejscNazwa>Mylin</sln:miejscNazwa><sln:miejscRodzaj>Wieś</sln:miejscRodzaj><sln:powIIPId>5a132da9-151c-40d5-8bf7-b2920bf19960</sln:powIIPId><sln:powIIPPn>PL.PZGIK.200</sln:powIIPPn><sln:powIIPWersja>2012-09-27T08:59:03+02:00</sln:powIIPWersja><sln:powIdTeryt>3014</sln:powIdTeryt><sln:powNazwa>międzychodzki</sln:powNazwa><sln:waznyOd>2013-07-10T00:00:00+02:00</sln:waznyOd><sln:wojIIPId>c606b01a-76c8-480d-9470-f24ca0d7a613</sln:wojIIPId><sln:wojIIPPn>PL.PZGIK.200</sln:wojIIPPn><sln:wojIIPWersja>2016-05-05T18:20:48+02:00</sln:wojIIPWersja><sln:wojIdTeryt>30</sln:wojIdTeryt><sln:wojNazwa>wielkopolskie</sln:wojNazwa></sln:miejscowosc><sln:miejscowosc><sln:cyklZyciaOd>2017-03-28T00:00:00+02:00</sln:cyklZyciaOd><sln:gmIIPId>b3ccc219-9de0-4873-9436-8eb8fb06490a</sln:gmIIPId><sln:gmIIPPn>PL.PZGIK.200</sln:gmIIPPn><sln:gmIIPWersja>2012-09-26T22:22:33+02:00</sln:gmIIPWersja><sln:gmIdTeryt>3014012</sln:gmIdTeryt><sln:gmNazwa>Chrzypsko Wielkie</sln:gmNazwa><sln:miejscIIPId>3840b103-450a-4104-9ea7-54bb60d5c378</sln:miejscIIPId><sln:miejscIIPPn>PL.PZGIK.200</sln:miejscIIPPn><sln:miejscIIPWersja>2017-03-28T16:16:59+02:00</sln:miejscIIPWersja><sln:miejscIdTeryt>0581280</sln:miejscIdTeryt><sln:miejscNazwa>Orle Wielkie</sln:miejscNazwa><sln:miejscRodzaj>Wieś</sln:miejscRodzaj><sln:powIIPId>5a132da9-151c-40d5-8bf7-b2920bf19960</sln:powIIPId><sln:powIIPPn>PL.PZGIK.200</sln:powIIPPn><sln:powIIPWersja>2012-09-27T08:59:03+02:00</sln:powIIPWersja><sln:powIdTeryt>3014</sln:powIdTeryt><sln:powNazwa>międzychodzki</sln:powNazwa><sln:waznyOd>2013-07-10T00:00:00+02:00</sln:waznyOd><sln:wojIIPId>c606b01a-76c8-480d-9470-f24ca0d7a613</sln:wojIIPId><sln:wojIIPPn>PL.PZGIK.200</sln:wojIIPPn><sln:wojIIPWersja>2016-05-05T18:20:48+02:00</sln:wojIIPWersja><sln:wojIdTeryt>30</sln:wojIdTeryt><sln:wojNazwa>wielkopolskie</sln:wojNazwa></sln:miejscowosc><sln:miejscowosc><sln:cyklZyciaOd>2017-03-28T00:00:00+02:00</sln:cyklZyciaOd><sln:gmIIPId>b3ccc219-9de0-4873-9436-8eb8fb06490a</sln:gmIIPId><sln:gmIIPPn>PL.PZGIK.200</sln:gmIIPPn><sln:gmIIPWersja>2012-09-26T22:22:33+02:00</sln:gmIIPWersja><sln:gmIdTeryt>3014012</sln:gmIdTeryt><sln:gmNazwa>Chrzypsko Wielkie</sln:gmNazwa><sln:miejscIIPId>44be29cf-47bc-45e2-a41f-5296afb35a0c</sln:miejscIIPId><sln:miejscIIPPn>PL.PZGIK.200</sln:miejscIIPPn><sln:miejscIIPWersja>2017-03-28T16:16:59+02:00</sln:miejscIIPWersja><sln:miejscIdTeryt>0581304</sln:miejscIdTeryt><sln:miejscNazwa>Ryżyn</sln:miejscNazwa><sln:miejscRodzaj>Wieś</sln:miejscRodzaj><sln:powIIPId>5a132da9-151c-40d5-8bf7-b2920bf19960</sln:powIIPId><sln:powIIPPn>PL.PZGIK.200</sln:powIIPPn><sln:powIIPWersja>2012-09-27T08:59:03+02:00</sln:powIIPWersja><sln:powIdTeryt>3014</sln:powIdTeryt><sln:powNazwa>międzychodzki</sln:powNazwa><sln:waznyOd>2013-07-10T00:00:00+02:00</sln:waznyOd><sln:wojIIPId>c606b01a-76c8-480d-9470-f24ca0d7a613</sln:wojIIPId><sln:wojIIPPn>PL.PZGIK.200</sln:wojIIPPn><sln:wojIIPWersja>2016-05-05T18:20:48+02:00</sln:wojIIPWersja><sln:wojIdTeryt>30</sln:wojIdTeryt><sln:wojNazwa>wielkopolskie</sln:wojNazwa></sln:miejscowosc><sln:miejscowosc><sln:cyklZyciaOd>2017-03-28T00:00:00+02:00</sln:cyklZyciaOd><sln:gmIIPId>b3ccc219-9de0-4873-9436-8eb8fb06490a</sln:gmIIPId><sln:gmIIPPn>PL.PZGIK.200</sln:gmIIPPn><sln:gmIIPWersja>2012-09-26T22:22:33+02:00</sln:gmIIPWersja><sln:gmIdTeryt>3014012</sln:gmIdTeryt><sln:gmNazwa>Chrzypsko Wielkie</sln:gmNazwa><sln:miejscIIPId>5a82d934-cc5d-4fa5-9afc-e72bb4644203</sln:miejscIIPId><sln:miejscIIPPn>PL.PZGIK.200</sln:miejscIIPPn><sln:miejscIIPWersja>2017-03-28T16:16:59+02:00</sln:miejscIIPWersja><sln:miejscIdTeryt>0581310</sln:miejscIdTeryt><sln:miejscNazwa>Strzyżmin</sln:miejscNazwa><sln:miejscRodzaj>Wieś</sln:miejscRodzaj><sln:powIIPId>5a132da9-151c-40d5-8bf7-b2920bf19960</sln:powIIPId><sln:powIIPPn>PL.PZGIK.200</sln:powIIPPn><sln:powIIPWersja>2012-09-27T08:59:03+02:00</sln:powIIPWersja><sln:powIdTeryt>3014</sln:powIdTeryt><sln:powNazwa>międzychodzki</sln:powNazwa><sln:waznyOd>2013-07-10T00:00:00+02:00</sln:waznyOd><sln:wojIIPId>c606b01a-76c8-480d-9470-f24ca0d7a613</sln:wojIIPId><sln:wojIIPPn>PL.PZGIK.200</sln:wojIIPPn><sln:wojIIPWersja>2016-05-05T18:20:48+02:00</sln:wojIIPWersja><sln:wojIdTeryt>30</sln:wojIdTeryt><sln:wojNazwa>wielkopolskie</sln:wojNazwa></sln:miejscowosc><sln:miejscowosc><sln:cyklZyciaOd>2017-03-28T00:00:00+02:00</sln:cyklZyciaOd><sln:gmIIPId>b3ccc219-9de0-4873-9436-8eb8fb06490a</sln:gmIIPId><sln:gmIIPPn>PL.PZGIK.200</sln:gmIIPPn><sln:gmIIPWersja>2012-09-26T22:22:33+02:00</sln:gmIIPWersja><sln:gmIdTeryt>3014012</sln:gmIdTeryt><sln:gmNazwa>Chrzypsko Wielkie</sln:gmNazwa><sln:miejscIIPId>08fcad6b-810a-4dbd-b902-e22d0b22cf41</sln:miejscIIPId><sln:miejscIIPPn>PL.PZGIK.200</sln:miejscIIPPn><sln:miejscIIPWersja>2017-03-28T16:16:59+02:00</sln:miejscIIPWersja><sln:miejscIdTeryt>0581327</sln:miejscIdTeryt><sln:miejscNazwa>Śródka</sln:miejscNazwa><sln:miejscRodzaj>Wieś</sln:miejscRodzaj><sln:powIIPId>5a132da9-151c-40d5-8bf7-b2920bf19960</sln:powIIPId><sln:powIIPPn>PL.PZGIK.200</sln:powIIPPn><sln:powIIPWersja>2012-09-27T08:59:03+02:00</sln:powIIPWersja><sln:powIdTeryt>3014</sln:powIdTeryt><sln:powNazwa>międzychodzki</sln:powNazwa><sln:waznyOd>2013-07-10T00:00:00+02:00</sln:waznyOd><sln:wojIIPId>c606b01a-76c8-480d-9470-f24ca0d7a613</sln:wojIIPId><sln:wojIIPPn>PL.PZGIK.200</sln:wojIIPPn><sln:wojIIPWersja>2016-05-05T18:20:48+02:00</sln:wojIIPWersja><sln:wojIdTeryt>30</sln:wojIdTeryt><sln:wojNazwa>wielkopolskie</sln:wojNazwa></sln:miejscowosc></sln:lista-miejscowosci>