<?xml version="1.0" encoding="UTF-8" standalone="yes"?><sln:lista-miejscowosci xmlns:srv="http://gugik.gov.pl/schemas/slowniki-service/1.0" xmlns:sln="http://gugik.gov.pl/schemas/slowniki-schema/1.0"><sln:miejscowosc><sln:cyklZyciaDo>2017-03-30T00:00:00+02:00</sln:cyklZyciaDo><sln:cyklZyciaOd>2016-04-11T00:00:00+02:00</sln:cyklZyciaOd><sln:gmIIPId>0c107260-8bff-4101-9864-b143c48b0035</sln:gmIIPId><sln:gmIIPPn>PL.PZGIK.200</sln:gmIIPPn><sln:gmIIPWersja>2012-09-26T22:22:35+02:00</sln:gmIIPWersja><sln:gmIdTeryt>3015012</sln:gmIdTeryt><sln:gmNazwa>Kuślin</sln:gmNazwa><sln:miejscIIPId>a56f64d1-afc6-4f09-b473-f0d51fa72afe</sln:miejscIIPId><sln:miejscIIPPn>PL.PZGIK.200</sln:miejscIIPPn><sln:miejscIIPWersja>2016-11-24T11:25:38+02:00</sln:miejscIIPWersja><sln:miejscIdTeryt>0587525</sln:miejscIdTeryt><sln:miejscNazwa>Chraplewo</sln:miejscNazwa><sln:miejscRodzaj>Osada leśna</sln:miejscRodzaj><sln:powIIPId>506e235c-2b59-4e2a-ab82-bf295e7449f5</sln:powIIPId><sln:powIIPPn>PL.PZGIK.200</sln:powIIPPn><sln:powIIPWersja>2012-09-27T08:59:03+02:00</sln:powIIPWersja><sln:powIdTeryt>3015</sln:powIdTeryt><sln:powNazwa>nowotomyski</sln:powNazwa><sln:waznyOd>2013-04-06T00:00:00+02:00</sln:waznyOd><sln:wojIIPId>c606b01a-76c8-480d-9470-f24ca0d7a613</sln:wojIIPId><sln:wojIIPPn>PL.PZGIK.200</sln:wojIIPPn><sln:wojIIPWersja>2016-05-05T18:20:48+02:00</sln:wojIIPWersja><sln:wojIdTeryt>30</sln:wojIdTeryt><sln:wojNazwa>wielkopolskie</sln:wojNazwa></sln:miejscowosc><sln:miejscowosc><sln:cyklZyciaDo>2017-03-30T00:00:00+02:00</sln:cyklZyciaDo><sln:cyklZyciaOd>2016-04-11T00:00:00+02:00</sln:cyklZyciaOd><sln:gmIIPId>0c107260-8bff-4101-9864-b143c48b0035</sln:gmIIPId><sln:gmIIPPn>PL.PZGIK.200</sln:gmIIPPn><sln:gmIIPWersja>2012-09-26T22:22:35+02:00</sln:gmIIPWersja><sln:gmIdTeryt>3015012</sln:gmIdTeryt><sln:gmNazwa>Kuślin</sln:gmNazwa><sln:miejscIIPId>4d7e4b51-b373-4ac2-8218-d6efddd13aa4</sln:miejscIIPId><sln:miejscIIPPn>PL.PZGIK.200</sln:miejscIIPPn><sln:miejscIIPWersja>2016-11-24T11:25:40+02:00</sln:miejscIIPWersja><sln:miejscIdTeryt>0587531</sln:miejscIdTeryt><sln:miejscNazwa>Dąbrowa</sln:miejscNazwa><sln:miejscRodzaj>Wieś</sln:miejscRodzaj><sln:powIIPId>506e235c-2b59-4e2a-ab82-bf295e7449f5</sln:powIIPId><sln:powIIPPn>PL.PZGIK.200</sln:powIIPPn><sln:powIIPWersja>2012-09-27T08:59:03+02:00</sln:powIIPWersja><sln:powIdTeryt>3015</sln:powIdTeryt><sln:powNazwa>nowotomyski</sln:powNazwa><sln:waznyOd>2013-04-06T00:00:00+02:00</sln:waznyOd><sln:wojIIPId>c606b01a-76c8-480d-9470-f24ca0d7a613</sln:wojIIPId><sln:wojIIPPn>PL.PZGIK.200</sln:wojIIPPn><sln:wojIIPWersja>2016-05-05T18:20:48+02:00</sln:wojIIPWersja><sln:wojIdTeryt>30</sln:wojIdTeryt><sln:wojNazwa>wielkopolskie</sln:wojNazwa></sln:miejscowosc><sln:miejscowosc><sln:cyklZyciaDo>2017-03-30T00:00:00+02:00</sln:cyklZyciaDo><sln:cyklZyciaOd>2016-04-11T00:00:00+02:00</sln:cyklZyciaOd><sln:gmIIPId>0c107260-8bff-4101-9864-b143c48b0035</sln:gmIIPId><sln:gmIIPPn>PL.PZGIK.200</sln:gmIIPPn><sln:gmIIPWersja>2012-09-26T22:22:35+02:00</sln:gmIIPWersja><sln:gmIdTeryt>3015012</sln:gmIdTeryt><sln:gmNazwa>Kuślin</sln:gmNazwa><sln:miejscIIPId>4aacced3-16de-47fa-adc1-aa8f0848f8dc</sln:miejscIIPId><sln:miejscIIPPn>PL.PZGIK.200</sln:miejscIIPPn><sln:miejscIIPWersja>2016-11-24T11:25:50+02:00</sln:miejscIIPWersja><sln:miejscIdTeryt>0587614</sln:miejscIdTeryt><sln:miejscNazwa>Dąbrowa Nowa</sln:miejscNazwa><sln:miejscRodzaj>Wieś</sln:miejscRodzaj><sln:powIIPId>506e235c-2b59-4e2a-ab82-bf295e7449f5</sln:powIIPId><sln:powIIPPn>PL.PZGIK.200</sln:powIIPPn><sln:powIIPWersja>2012-09-27T08:59:03+02:00</sln:powIIPWersja><sln:powIdTeryt>3015</sln:powIdTeryt><sln:powNazwa>nowotomyski</sln:powNazwa><sln:waznyOd>2013-04-06T00:00:00+02:00</sln:waznyOd><sln:wojIIPId>c606b01a-76c8-480d-9470-f24ca0d7a613</sln:wojIIPId><sln:wojIIPPn>PL.PZGIK.200</sln:wojIIPPn><sln:wojIIPWersja>2016-05-05T18:20:48+02:00</sln:wojIIPWersja><sln:wojIdTeryt>30</sln:wojIdTeryt><sln:wojNazwa>wielkopolskie</sln:wojNazwa></sln:miejscowosc><sln:miejscowosc><sln:cyklZyciaDo>2017-03-30T00:00:00+02:00</sln:cyklZyciaDo><sln:cyklZyciaOd>2016-04-11T00:00:00+02:00</sln:cyklZyciaOd><sln:gmIIPId>0c107260-8bff-4101-9864-b143c48b0035</sln:gmIIPId><sln:gmIIPPn>PL.PZGIK.200</sln:gmIIPPn><sln:gmIIPWersja>2012-09-26T22:22:35+02:00</sln:gmIIPWersja><sln:gmIdTeryt>3015012</sln:gmIdTeryt><sln:gmNazwa>Kuślin</sln:gmNazwa><sln:miejscIIPId>f0f029a2-df7b-41f4-a7eb-f04d69e7a74b</sln:miejscIIPId><sln:miejscIIPPn>PL.PZGIK.200</sln:miejscIIPPn><sln:miejscIIPWersja>2016-11-24T11:25:42+02:00</sln:miejscIIPWersja><sln:miejscIdTeryt>0587548</sln:miejscIdTeryt><sln:miejscNazwa>Głuponie</sln:miejscNazwa><sln:miejscRodzaj>Wieś</sln:miejscRodzaj><sln:powIIPId>506e235c-2b59-4e2a-ab82-bf295e7449f5</sln:powIIPId><sln:powIIPPn>PL.PZGIK.200</sln:powIIPPn><sln:powIIPWersja>2012-09-27T08:59:03+02:00</sln:powIIPWersja><sln:powIdTeryt>3015</sln:powIdTeryt><sln:powNazwa>nowotomyski</sln:powNazwa><sln:waznyOd>2013-04-06T00:00:00+02:00</sln:waznyOd><sln:wojIIPId>c606b01a-76c8-480d-9470-f24ca0d7a613</sln:wojIIPId><sln:wojIIPPn>PL.PZGIK.200</sln:wojIIPPn><sln:wojIIPWersja>2016-05-05T18:20:48+02:00</sln:wojIIPWersja><sln:wojIdTeryt>30</sln:wojIdTeryt><sln:wojNazwa>wielkopolskie</sln:wojNazwa></sln:miejscowosc><sln:miejscowosc><sln:cyklZyciaDo>2017-03-30T00:00:00+02:00</sln:cyklZyciaDo><sln:cyklZyciaOd>2016-04-11T00:00:00+02:00</sln:cyklZyciaOd><sln:gmIIPId>0c107260-8bff-4101-9864-b143c48b0035</sln:gmIIPId><sln:gmIIPPn>PL.PZGIK.200</sln:gmIIPPn><sln:gmIIPWersja>2012-09-26T22:22:35+02:00</sln:gmIIPWersja><sln:gmIdTeryt>3015012</sln:gmIdTeryt><sln:gmNazwa>Kuślin</sln:gmNazwa><sln:miejscIIPId>ff965279-9a49-4c3e-a606-9cc48774284d</sln:miejscIIPId><sln:miejscIIPPn>PL.PZGIK.200</sln:miejscIIPPn><sln:miejscIIPWersja>2016-11-24T11:25:44+02:00</sln:miejscIIPWersja><sln:miejscIdTeryt>0587560</sln:miejscIdTeryt><sln:miejscNazwa>Kuślin</sln:miejscNazwa><sln:miejscRodzaj>Wieś</sln:miejscRodzaj><sln:powIIPId>506e235c-2b59-4e2a-ab82-bf295e7449f5</sln:powIIPId><sln:powIIPPn>PL.PZGIK.200</sln:powIIPPn><sln:powIIPWersja>2012-09-27T08:59:03+02:00</sln:powIIPWersja><sln:powIdTeryt>3015</sln:powIdTeryt><sln:powNazwa>nowotomyski</sln:powNazwa><sln:waznyOd>2013-04-06T00:00:00+02:00</sln:waznyOd><sln:wojIIPId>c606b01a-76c8-480d-9470-f24ca0d7a613</sln:wojIIPId><sln:wojIIPPn>PL.PZGIK.200</sln:wojIIPPn><sln:wojIIPWersja>2016-05-05T18:20:48+02:00</sln:wojIIPWersja><sln:wojIdTeryt>30</sln:wojIdTeryt><sln:wojNazwa>wielkopolskie</sln:wojNazwa></sln:miejscowosc><sln:miejscowosc><sln:cyklZyciaDo>2017-03-30T00:00:00+02:00</sln:cyklZyciaDo><sln:cyklZyciaOd>2016-04-11T00:00:00+02:00</sln:cyklZyciaOd><sln:gmIIPId>0c107260-8bff-4101-9864-b143c48b0035</sln:gmIIPId><sln:gmIIPPn>PL.PZGIK.200</sln:gmIIPPn><sln:gmIIPWersja>2012-09-26T22:22:35+02:00</sln:gmIIPWersja><sln:gmIdTeryt>3015012</sln:gmIdTeryt><sln:gmNazwa>Kuślin</sln:gmNazwa><sln:miejscIIPId>816c0c8e-5883-45ac-9237-1c58ddb955dd</sln:miejscIIPId><sln:miejscIIPPn>PL.PZGIK.200</sln:miejscIIPPn><sln:miejscIIPWersja>2016-11-24T11:25:46+02:00</sln:miejscIIPWersja><sln:miejscIdTeryt>0587577</sln:miejscIdTeryt><sln:miejscNazwa>Michorzewko</sln:miejscNazwa><sln:miejscRodzaj>Wieś</sln:miejscRodzaj><sln:powIIPId>506e235c-2b59-4e2a-ab82-bf295e7449f5</sln:powIIPId><sln:powIIPPn>PL.PZGIK.200</sln:powIIPPn><sln:powIIPWersja>2012-09-27T08:59:03+02:00</sln:powIIPWersja><sln:powIdTeryt>3015</sln:powIdTeryt><sln:powNazwa>nowotomyski</sln:powNazwa><sln:waznyOd>2013-04-06T00:00:00+02:00</sln:waznyOd><sln:wojIIPId>c606b01a-76c8-480d-9470-f24ca0d7a613</sln:wojIIPId><sln:wojIIPPn>PL.PZGIK.200</sln:wojIIPPn><sln:wojIIPWersja>2016-05-05T18:20:48+02:00</sln:wojIIPWersja><sln:wojIdTeryt>30</sln:wojIdTeryt><sln:wojNazwa>wielkopolskie</sln:wojNazwa></sln:miejscowosc><sln:miejscowosc><sln:cyklZyciaDo>2017-03-30T00:00:00+02:00</sln:cyklZyciaDo><sln:cyklZyciaOd>2016-04-11T00:00:00+02:00</sln:cyklZyciaOd><sln:gmIIPId>0c107260-8bff-4101-9864-b143c48b0035</sln:gmIIPId><sln:gmIIPPn>PL.PZGIK.200</sln:gmIIPPn><sln:gmIIPWersja>2012-09-26T22:22:35+02:00</sln:gmIIPWersja><sln:gmIdTeryt>3015012</sln:gmIdTeryt><sln:gmNazwa>Kuślin</sln:gmNazwa><sln:miejscIIPId>4445f042-27fb-498a-a1ca-d5be1e93e5ef</sln:miejscIIPId><sln:miejscIIPPn>PL.PZGIK.200</sln:miejscIIPPn><sln:miejscIIPWersja>2016-11-24T11:25:48+02:00</sln:miejscIIPWersja><sln:miejscIdTeryt>0587583</sln:miejscIdTeryt><sln:miejscNazwa>Michorzewo</sln:miejscNazwa><sln:miejscRodzaj>Wieś</sln:miejscRodzaj><sln:powIIPId>506e235c-2b59-4e2a-ab82-bf295e7449f5</sln:powIIPId><sln:powIIPPn>PL.PZGIK.200</sln:powIIPPn><sln:powIIPWersja>2012-09-27T08:59:03+02:00</sln:powIIPWersja><sln:powIdTeryt>3015</sln:powIdTeryt><sln:powNazwa>nowotomyski</sln:powNazwa><sln:waznyOd>2013-04-06T00:00:00+02:00</sln:waznyOd><sln:wojIIPId>c606b01a-76c8-480d-9470-f24ca0d7a613</sln:wojIIPId><sln:wojIIPPn>PL.PZGIK.200</sln:wojIIPPn><sln:wojIIPWersja>2016-05-05T18:20:48+02:00</sln:wojIIPWersja><sln:wojIdTeryt>30</sln:wojIdTeryt><sln:wojNazwa>wielkopolskie</sln:wojNazwa></sln:miejscowosc><sln:miejscowosc><sln:cyklZyciaDo>2017-03-30T00:00:00+02:00</sln:cyklZyciaDo><sln:cyklZyciaOd>2016-04-11T00:00:00+02:00</sln:cyklZyciaOd><sln:gmIIPId>0c107260-8bff-4101-9864-b143c48b0035</sln:gmIIPId><sln:gmIIPPn>PL.PZGIK.200</sln:gmIIPPn><sln:gmIIPWersja>2012-09-26T22:22:35+02:00</sln:gmIIPWersja><sln:gmIdTeryt>3015012</sln:gmIdTeryt><sln:gmNazwa>Kuślin</sln:gmNazwa><sln:miejscIIPId>5a27967f-28ab-4d95-b2ad-19e54a995274</sln:miejscIIPId><sln:miejscIIPPn>PL.PZGIK.200</sln:miejscIIPPn><sln:miejscIIPWersja>2016-11-24T11:25:52+02:00</sln:miejscIIPWersja><sln:miejscIdTeryt>0587620</sln:miejscIdTeryt><sln:miejscNazwa>Śliwno</sln:miejscNazwa><sln:miejscRodzaj>Wieś</sln:miejscRodzaj><sln:powIIPId>506e235c-2b59-4e2a-ab82-bf295e7449f5</sln:powIIPId><sln:powIIPPn>PL.PZGIK.200</sln:powIIPPn><sln:powIIPWersja>2012-09-27T08:59:03+02:00</sln:powIIPWersja><sln:powIdTeryt>3015</sln:powIdTeryt><sln:powNazwa>nowotomyski</sln:powNazwa><sln:waznyOd>2013-04-06T00:00:00+02:00</sln:waznyOd><sln:wojIIPId>c606b01a-76c8-480d-9470-f24ca0d7a613</sln:wojIIPId><sln:wojIIPPn>PL.PZGIK.200</sln:wojIIPPn><sln:wojIIPWersja>2016-05-05T18:20:48+02:00</sln:wojIIPWersja><sln:wojIdTeryt>30</sln:wojIdTeryt><sln:wojNazwa>wielkopolskie</sln:wojNazwa></sln:miejscowosc><sln:miejscowosc><sln:cyklZyciaDo>2017-03-30T00:00:00+02:00</sln:cyklZyciaDo><sln:cyklZyciaOd>2016-04-11T00:00:00+02:00</sln:cyklZyciaOd><sln:gmIIPId>0c107260-8bff-4101-9864-b143c48b0035</sln:gmIIPId><sln:gmIIPPn>PL.PZGIK.200</sln:gmIIPPn><sln:gmIIPWersja>2012-09-26T22:22:35+02:00</sln:gmIIPWersja><sln:gmIdTeryt>3015012</sln:gmIdTeryt><sln:gmNazwa>Kuślin</sln:gmNazwa><sln:miejscIIPId>bcd6c93d-d357-4713-b89a-fd5849e5da7d</sln:miejscIIPId><sln:miejscIIPPn>PL.PZGIK.200</sln:miejscIIPPn><sln:miejscIIPWersja>2016-11-24T11:25:54+02:00</sln:miejscIIPWersja><sln:miejscIdTeryt>0587643</sln:miejscIdTeryt><sln:miejscNazwa>Trzcianka</sln:miejscNazwa><sln:miejscRodzaj>Wieś</sln:miejscRodzaj><sln:powIIPId>506e235c-2b59-4e2a-ab82-bf295e7449f5</sln:powIIPId><sln:powIIPPn>PL.PZGIK.200</sln:powIIPPn><sln:powIIPWersja>2012-09-27T08:59:03+02:00</sln:powIIPWersja><sln:powIdTeryt>3015</sln:powIdTeryt><sln:powNazwa>nowotomyski</sln:powNazwa><sln:waznyOd>2013-04-06T00:00:00+02:00</sln:waznyOd><sln:wojIIPId>c606b01a-76c8-480d-9470-f24ca0d7a613</sln:wojIIPId><sln:wojIIPPn>PL.PZGIK.200</sln:wojIIPPn><sln:wojIIPWersja>2016-05-05T18:20:48+02:00</sln:wojIIPWersja><sln:wojIdTeryt>30</sln:wojIdTeryt><sln:wojNazwa>wielkopolskie</sln:wojNazwa></sln:miejscowosc><sln:miejscowosc><sln:cyklZyciaDo>2017-03-30T00:00:00+02:00</sln:cyklZyciaDo><sln:cyklZyciaOd>2016-04-11T00:00:00+02:00</sln:cyklZyciaOd><sln:gmIIPId>0c107260-8bff-4101-9864-b143c48b0035</sln:gmIIPId><sln:gmIIPPn>PL.PZGIK.200</sln:gmIIPPn><sln:gmIIPWersja>2012-09-26T22:22:35+02:00</sln:gmIIPWersja><sln:gmIdTeryt>3015012</sln:gmIdTeryt><sln:gmNazwa>Kuślin</sln:gmNazwa><sln:miejscIIPId>c17bd1bd-2f41-493e-9daf-186357370b32</sln:miejscIIPId><sln:miejscIIPPn>PL.PZGIK.200</sln:miejscIIPPn><sln:miejscIIPWersja>2016-11-24T11:25:56+02:00</sln:miejscIIPWersja><sln:miejscIdTeryt>0587650</sln:miejscIdTeryt><sln:miejscNazwa>Turkowo</sln:miejscNazwa><sln:miejscRodzaj>Wieś</sln:miejscRodzaj><sln:powIIPId>506e235c-2b59-4e2a-ab82-bf295e7449f5</sln:powIIPId><sln:powIIPPn>PL.PZGIK.200</sln:powIIPPn><sln:powIIPWersja>2012-09-27T08:59:03+02:00</sln:powIIPWersja><sln:powIdTeryt>3015</sln:powIdTeryt><sln:powNazwa>nowotomyski</sln:powNazwa><sln:waznyOd>2013-04-06T00:00:00+02:00</sln:waznyOd><sln:wojIIPId>c606b01a-76c8-480d-9470-f24ca0d7a613</sln:wojIIPId><sln:wojIIPPn>PL.PZGIK.200</sln:wojIIPPn><sln:wojIIPWersja>2016-05-05T18:20:48+02:00</sln:wojIIPWersja><sln:wojIdTeryt>30</sln:wojIdTeryt><sln:wojNazwa>wielkopolskie</sln:wojNazwa></sln:miejscowosc><sln:miejscowosc><sln:cyklZyciaDo>2017-03-30T00:00:00+02:00</sln:cyklZyciaDo><sln:cyklZyciaOd>2016-04-11T00:00:00+02:00</sln:cyklZyciaOd><sln:gmIIPId>0c107260-8bff-4101-9864-b143c48b0035</sln:gmIIPId><sln:gmIIPPn>PL.PZGIK.200</sln:gmIIPPn><sln:gmIIPWersja>2012-09-26T22:22:35+02:00</sln:gmIIPWersja><sln:gmIdTeryt>3015012</sln:gmIdTeryt><sln:gmNazwa>Kuślin</sln:gmNazwa><sln:miejscIIPId>e36903e8-72b9-46df-94a5-ed95d2d60b6f</sln:miejscIIPId><sln:miejscIIPPn>PL.PZGIK.200</sln:miejscIIPPn><sln:miejscIIPWersja>2016-11-24T11:25:58+02:00</sln:miejscIIPWersja><sln:miejscIdTeryt>0587666</sln:miejscIdTeryt><sln:miejscNazwa>Wąsowo</sln:miejscNazwa><sln:miejscRodzaj>Wieś</sln:miejscRodzaj><sln:powIIPId>506e235c-2b59-4e2a-ab82-bf295e7449f5</sln:powIIPId><sln:powIIPPn>PL.PZGIK.200</sln:powIIPPn><sln:powIIPWersja>2012-09-27T08:59:03+02:00</sln:powIIPWersja><sln:powIdTeryt>3015</sln:powIdTeryt><sln:powNazwa>nowotomyski</sln:powNazwa><sln:waznyOd>2013-04-06T00:00:00+02:00</sln:waznyOd><sln:wojIIPId>c606b01a-76c8-480d-9470-f24ca0d7a613</sln:wojIIPId><sln:wojIIPPn>PL.PZGIK.200</sln:wojIIPPn><sln:wojIIPWersja>2016-05-05T18:20:48+02:00</sln:wojIIPWersja><sln:wojIdTeryt>30</sln:wojIdTeryt><sln:wojNazwa>wielkopolskie</sln:wojNazwa></sln:miejscowosc><sln:miejscowosc><sln:cyklZyciaDo>2017-03-30T00:00:00+02:00</sln:cyklZyciaDo><sln:cyklZyciaOd>2016-04-11T00:00:00+02:00</sln:cyklZyciaOd><sln:gmIIPId>0c107260-8bff-4101-9864-b143c48b0035</sln:gmIIPId><sln:gmIIPPn>PL.PZGIK.200</sln:gmIIPPn><sln:gmIIPWersja>2012-09-26T22:22:35+02:00</sln:gmIIPWersja><sln:gmIdTeryt>3015012</sln:gmIdTeryt><sln:gmNazwa>Kuślin</sln:gmNazwa><sln:miejscIIPId>ca38f7d8-4c1b-42e5-929b-9b1560d71e88</sln:miejscIIPId><sln:miejscIIPPn>PL.PZGIK.200</sln:miejscIIPPn><sln:miejscIIPWersja>2016-11-24T11:26:00+02:00</sln:miejscIIPWersja><sln:miejscIdTeryt>0587689</sln:miejscIdTeryt><sln:miejscNazwa>Wąsówko</sln:miejscNazwa><sln:miejscRodzaj>Osada</sln:miejscRodzaj><sln:powIIPId>506e235c-2b59-4e2a-ab82-bf295e7449f5</sln:powIIPId><sln:powIIPPn>PL.PZGIK.200</sln:powIIPPn><sln:powIIPWersja>2012-09-27T08:59:03+02:00</sln:powIIPWersja><sln:powIdTeryt>3015</sln:powIdTeryt><sln:powNazwa>nowotomyski</sln:powNazwa><sln:waznyOd>2013-05-24T00:00:00+02:00</sln:waznyOd><sln:wojIIPId>c606b01a-76c8-480d-9470-f24ca0d7a613</sln:wojIIPId><sln:wojIIPPn>PL.PZGIK.200</sln:wojIIPPn><sln:wojIIPWersja>2016-05-05T18:20:48+02:00</sln:wojIIPWersja><sln:wojIdTeryt>30</sln:wojIdTeryt><sln:wojNazwa>wielkopolskie</sln:wojNazwa></sln:miejscowosc><sln:miejscowosc><sln:cyklZyciaDo>2015-12-31T00:00:00+01:00</sln:cyklZyciaDo><sln:cyklZyciaOd>2015-03-06T00:00:00+01:00</sln:cyklZyciaOd><sln:gmIIPId>0c107260-8bff-4101-9864-b143c48b0035</sln:gmIIPId><sln:gmIIPPn>PL.PZGIK.200</sln:gmIIPPn><sln:gmIIPWersja>2012-09-26T22:22:35+02:00</sln:gmIIPWersja><sln:gmIdTeryt>3015012</sln:gmIdTeryt><sln:gmNazwa>Kuślin</sln:gmNazwa><sln:miejscIIPId>a56f64d1-afc6-4f09-b473-f0d51fa72afe</sln:miejscIIPId><sln:miejscIIPPn>PL.PZGIK.200</sln:miejscIIPPn><sln:miejscIIPWersja>2016-11-24T11:25:39+02:00</sln:miejscIIPWersja><sln:miejscIdTeryt>0587525</sln:miejscIdTeryt><sln:miejscNazwa>Chraplewo</sln:miejscNazwa><sln:miejscRodzaj>Inny obiekt</sln:miejscRodzaj><sln:powIIPId>506e235c-2b59-4e2a-ab82-bf295e7449f5</sln:powIIPId><sln:powIIPPn>PL.PZGIK.200</sln:powIIPPn><sln:powIIPWersja>2012-09-27T08:59:03+02:00</sln:powIIPWersja><sln:powIdTeryt>3015</sln:powIdTeryt><sln:powNazwa>nowotomyski</sln:powNazwa><sln:waznyOd>2013-04-06T00:00:00+02:00</sln:waznyOd><sln:wojIIPId>c606b01a-76c8-480d-9470-f24ca0d7a613</sln:wojIIPId><sln:wojIIPPn>PL.PZGIK.200</sln:wojIIPPn><sln:wojIIPWersja>2016-05-05T18:20:48+02:00</sln:wojIIPWersja><sln:wojIdTeryt>30</sln:wojIdTeryt><sln:wojNazwa>wielkopolskie</sln:wojNazwa></sln:miejscowosc><sln:miejscowosc><sln:cyklZyciaDo>2015-12-31T00:00:00+01:00</sln:cyklZyciaDo><sln:cyklZyciaOd>2015-03-06T00:00:00+01:00</sln:cyklZyciaOd><sln:gmIIPId>0c107260-8bff-4101-9864-b143c48b0035</sln:gmIIPId><sln:gmIIPPn>PL.PZGIK.200</sln:gmIIPPn><sln:gmIIPWersja>2012-09-26T22:22:35+02:00</sln:gmIIPWersja><sln:gmIdTeryt>3015012</sln:gmIdTeryt><sln:gmNazwa>Kuślin</sln:gmNazwa><sln:miejscIIPId>4d7e4b51-b373-4ac2-8218-d6efddd13aa4</sln:miejscIIPId><sln:miejscIIPPn>PL.PZGIK.200</sln:miejscIIPPn><sln:miejscIIPWersja>2016-11-24T11:25:41+02:00</sln:miejscIIPWersja><sln:miejscIdTeryt>0587531</sln:miejscIdTeryt><sln:miejscNazwa>Dąbrowa</sln:miejscNazwa><sln:miejscRodzaj>Inny obiekt</sln:miejscRodzaj><sln:powIIPId>506e235c-2b59-4e2a-ab82-bf295e7449f5</sln:powIIPId><sln:powIIPPn>PL.PZGIK.200</sln:powIIPPn><sln:powIIPWersja>2012-09-27T08:59:03+02:00</sln:powIIPWersja><sln:powIdTeryt>3015</sln:powIdTeryt><sln:powNazwa>nowotomyski</sln:powNazwa><sln:waznyOd>2013-04-06T00:00:00+02:00</sln:waznyOd><sln:wojIIPId>c606b01a-76c8-480d-9470-f24ca0d7a613</sln:wojIIPId><sln:wojIIPPn>PL.PZGIK.200</sln:wojIIPPn><sln:wojIIPWersja>2016-05-05T18:20:48+02:00</sln:wojIIPWersja><sln:wojIdTeryt>30</sln:wojIdTeryt><sln:wojNazwa>wielkopolskie</sln:wojNazwa></sln:miejscowosc><sln:miejscowosc><sln:cyklZyciaDo>2015-12-31T00:00:00+01:00</sln:cyklZyciaDo><sln:cyklZyciaOd>2015-03-06T00:00:00+01:00</sln:cyklZyciaOd><sln:gmIIPId>0c107260-8bff-4101-9864-b143c48b0035</sln:gmIIPId><sln:gmIIPPn>PL.PZGIK.200</sln:gmIIPPn><sln:gmIIPWersja>2012-09-26T22:22:35+02:00</sln:gmIIPWersja><sln:gmIdTeryt>3015012</sln:gmIdTeryt><sln:gmNazwa>Kuślin</sln:gmNazwa><sln:miejscIIPId>4aacced3-16de-47fa-adc1-aa8f0848f8dc</sln:miejscIIPId><sln:miejscIIPPn>PL.PZGIK.200</sln:miejscIIPPn><sln:miejscIIPWersja>2016-11-24T11:25:51+02:00</sln:miejscIIPWersja><sln:miejscIdTeryt>0587614</sln:miejscIdTeryt><sln:miejscNazwa>Dąbrowa Nowa</sln:miejscNazwa><sln:miejscRodzaj>Inny obiekt</sln:miejscRodzaj><sln:powIIPId>506e235c-2b59-4e2a-ab82-bf295e7449f5</sln:powIIPId><sln:powIIPPn>PL.PZGIK.200</sln:powIIPPn><sln:powIIPWersja>2012-09-27T08:59:03+02:00</sln:powIIPWersja><sln:powIdTeryt>3015</sln:powIdTeryt><sln:powNazwa>nowotomyski</sln:powNazwa><sln:waznyOd>2013-04-06T00:00:00+02:00</sln:waznyOd><sln:wojIIPId>c606b01a-76c8-480d-9470-f24ca0d7a613</sln:wojIIPId><sln:wojIIPPn>PL.PZGIK.200</sln:wojIIPPn><sln:wojIIPWersja>2016-05-05T18:20:48+02:00</sln:wojIIPWersja><sln:wojIdTeryt>30</sln:wojIdTeryt><sln:wojNazwa>wielkopolskie</sln:wojNazwa></sln:miejscowosc><sln:miejscowosc><sln:cyklZyciaDo>2015-12-31T00:00:00+01:00</sln:cyklZyciaDo><sln:cyklZyciaOd>2015-03-06T00:00:00+01:00</sln:cyklZyciaOd><sln:gmIIPId>0c107260-8bff-4101-9864-b143c48b0035</sln:gmIIPId><sln:gmIIPPn>PL.PZGIK.200</sln:gmIIPPn><sln:gmIIPWersja>2012-09-26T22:22:35+02:00</sln:gmIIPWersja><sln:gmIdTeryt>3015012</sln:gmIdTeryt><sln:gmNazwa>Kuślin</sln:gmNazwa><sln:miejscIIPId>f0f029a2-df7b-41f4-a7eb-f04d69e7a74b</sln:miejscIIPId><sln:miejscIIPPn>PL.PZGIK.200</sln:miejscIIPPn><sln:miejscIIPWersja>2016-11-24T11:25:43+02:00</sln:miejscIIPWersja><sln:miejscIdTeryt>0587548</sln:miejscIdTeryt><sln:miejscNazwa>Głuponie</sln:miejscNazwa><sln:miejscRodzaj>Inny obiekt</sln:miejscRodzaj><sln:powIIPId>506e235c-2b59-4e2a-ab82-bf295e7449f5</sln:powIIPId><sln:powIIPPn>PL.PZGIK.200</sln:powIIPPn><sln:powIIPWersja>2012-09-27T08:59:03+02:00</sln:powIIPWersja><sln:powIdTeryt>3015</sln:powIdTeryt><sln:powNazwa>nowotomyski</sln:powNazwa><sln:waznyOd>2013-04-06T00:00:00+02:00</sln:waznyOd><sln:wojIIPId>c606b01a-76c8-480d-9470-f24ca0d7a613</sln:wojIIPId><sln:wojIIPPn>PL.PZGIK.200</sln:wojIIPPn><sln:wojIIPWersja>2016-05-05T18:20:48+02:00</sln:wojIIPWersja><sln:wojIdTeryt>30</sln:wojIdTeryt><sln:wojNazwa>wielkopolskie</sln:wojNazwa></sln:miejscowosc><sln:miejscowosc><sln:cyklZyciaDo>2015-12-31T00:00:00+01:00</sln:cyklZyciaDo><sln:cyklZyciaOd>2015-03-06T00:00:00+01:00</sln:cyklZyciaOd><sln:gmIIPId>0c107260-8bff-4101-9864-b143c48b0035</sln:gmIIPId><sln:gmIIPPn>PL.PZGIK.200</sln:gmIIPPn><sln:gmIIPWersja>2012-09-26T22:22:35+02:00</sln:gmIIPWersja><sln:gmIdTeryt>3015012</sln:gmIdTeryt><sln:gmNazwa>Kuślin</sln:gmNazwa><sln:miejscIIPId>ff965279-9a49-4c3e-a606-9cc48774284d</sln:miejscIIPId><sln:miejscIIPPn>PL.PZGIK.200</sln:miejscIIPPn><sln:miejscIIPWersja>2016-11-24T11:25:45+02:00</sln:miejscIIPWersja><sln:miejscIdTeryt>0587560</sln:miejscIdTeryt><sln:miejscNazwa>Kuślin</sln:miejscNazwa><sln:miejscRodzaj>Inny obiekt</sln:miejscRodzaj><sln:powIIPId>506e235c-2b59-4e2a-ab82-bf295e7449f5</sln:powIIPId><sln:powIIPPn>PL.PZGIK.200</sln:powIIPPn><sln:powIIPWersja>2012-09-27T08:59:03+02:00</sln:powIIPWersja><sln:powIdTeryt>3015</sln:powIdTeryt><sln:powNazwa>nowotomyski</sln:powNazwa><sln:waznyOd>2013-04-06T00:00:00+02:00</sln:waznyOd><sln:wojIIPId>c606b01a-76c8-480d-9470-f24ca0d7a613</sln:wojIIPId><sln:wojIIPPn>PL.PZGIK.200</sln:wojIIPPn><sln:wojIIPWersja>2016-05-05T18:20:48+02:00</sln:wojIIPWersja><sln:wojIdTeryt>30</sln:wojIdTeryt><sln:wojNazwa>wielkopolskie</sln:wojNazwa></sln:miejscowosc><sln:miejscowosc><sln:cyklZyciaDo>2015-12-31T00:00:00+01:00</sln:cyklZyciaDo><sln:cyklZyciaOd>2015-03-06T00:00:00+01:00</sln:cyklZyciaOd><sln:gmIIPId>0c107260-8bff-4101-9864-b143c48b0035</sln:gmIIPId><sln:gmIIPPn>PL.PZGIK.200</sln:gmIIPPn><sln:gmIIPWersja>2012-09-26T22:22:35+02:00</sln:gmIIPWersja><sln:gmIdTeryt>3015012</sln:gmIdTeryt><sln:gmNazwa>Kuślin</sln:gmNazwa><sln:miejscIIPId>816c0c8e-5883-45ac-9237-1c58ddb955dd</sln:miejscIIPId><sln:miejscIIPPn>PL.PZGIK.200</sln:miejscIIPPn><sln:miejscIIPWersja>2016-11-24T11:25:47+02:00</sln:miejscIIPWersja><sln:miejscIdTeryt>0587577</sln:miejscIdTeryt><sln:miejscNazwa>Michorzewko</sln:miejscNazwa><sln:miejscRodzaj>Inny obiekt</sln:miejscRodzaj><sln:powIIPId>506e235c-2b59-4e2a-ab82-bf295e7449f5</sln:powIIPId><sln:powIIPPn>PL.PZGIK.200</sln:powIIPPn><sln:powIIPWersja>2012-09-27T08:59:03+02:00</sln:powIIPWersja><sln:powIdTeryt>3015</sln:powIdTeryt><sln:powNazwa>nowotomyski</sln:powNazwa><sln:waznyOd>2013-04-06T00:00:00+02:00</sln:waznyOd><sln:wojIIPId>c606b01a-76c8-480d-9470-f24ca0d7a613</sln:wojIIPId><sln:wojIIPPn>PL.PZGIK.200</sln:wojIIPPn><sln:wojIIPWersja>2016-05-05T18:20:48+02:00</sln:wojIIPWersja><sln:wojIdTeryt>30</sln:wojIdTeryt><sln:wojNazwa>wielkopolskie</sln:wojNazwa></sln:miejscowosc><sln:miejscowosc><sln:cyklZyciaDo>2015-12-31T00:00:00+01:00</sln:cyklZyciaDo><sln:cyklZyciaOd>2015-03-06T00:00:00+01:00</sln:cyklZyciaOd><sln:gmIIPId>0c107260-8bff-4101-9864-b143c48b0035</sln:gmIIPId><sln:gmIIPPn>PL.PZGIK.200</sln:gmIIPPn><sln:gmIIPWersja>2012-09-26T22:22:35+02:00</sln:gmIIPWersja><sln:gmIdTeryt>3015012</sln:gmIdTeryt><sln:gmNazwa>Kuślin</sln:gmNazwa><sln:miejscIIPId>4445f042-27fb-498a-a1ca-d5be1e93e5ef</sln:miejscIIPId><sln:miejscIIPPn>PL.PZGIK.200</sln:miejscIIPPn><sln:miejscIIPWersja>2016-11-24T11:25:49+02:00</sln:miejscIIPWersja><sln:miejscIdTeryt>0587583</sln:miejscIdTeryt><sln:miejscNazwa>Michorzewo</sln:miejscNazwa><sln:miejscRodzaj>Inny obiekt</sln:miejscRodzaj><sln:powIIPId>506e235c-2b59-4e2a-ab82-bf295e7449f5</sln:powIIPId><sln:powIIPPn>PL.PZGIK.200</sln:powIIPPn><sln:powIIPWersja>2012-09-27T08:59:03+02:00</sln:powIIPWersja><sln:powIdTeryt>3015</sln:powIdTeryt><sln:powNazwa>nowotomyski</sln:powNazwa><sln:waznyOd>2013-04-06T00:00:00+02:00</sln:waznyOd><sln:wojIIPId>c606b01a-76c8-480d-9470-f24ca0d7a613</sln:wojIIPId><sln:wojIIPPn>PL.PZGIK.200</sln:wojIIPPn><sln:wojIIPWersja>2016-05-05T18:20:48+02:00</sln:wojIIPWersja><sln:wojIdTeryt>30</sln:wojIdTeryt><sln:wojNazwa>wielkopolskie</sln:wojNazwa></sln:miejscowosc><sln:miejscowosc><sln:cyklZyciaDo>2015-12-31T00:00:00+01:00</sln:cyklZyciaDo><sln:cyklZyciaOd>2015-03-06T00:00:00+01:00</sln:cyklZyciaOd><sln:gmIIPId>0c107260-8bff-4101-9864-b143c48b0035</sln:gmIIPId><sln:gmIIPPn>PL.PZGIK.200</sln:gmIIPPn><sln:gmIIPWersja>2012-09-26T22:22:35+02:00</sln:gmIIPWersja><sln:gmIdTeryt>3015012</sln:gmIdTeryt><sln:gmNazwa>Kuślin</sln:gmNazwa><sln:miejscIIPId>5a27967f-28ab-4d95-b2ad-19e54a995274</sln:miejscIIPId><sln:miejscIIPPn>PL.PZGIK.200</sln:miejscIIPPn><sln:miejscIIPWersja>2016-11-24T11:25:53+02:00</sln:miejscIIPWersja><sln:miejscIdTeryt>0587620</sln:miejscIdTeryt><sln:miejscNazwa>Śliwno</sln:miejscNazwa><sln:miejscRodzaj>Inny obiekt</sln:miejscRodzaj><sln:powIIPId>506e235c-2b59-4e2a-ab82-bf295e7449f5</sln:powIIPId><sln:powIIPPn>PL.PZGIK.200</sln:powIIPPn><sln:powIIPWersja>2012-09-27T08:59:03+02:00</sln:powIIPWersja><sln:powIdTeryt>3015</sln:powIdTeryt><sln:powNazwa>nowotomyski</sln:powNazwa><sln:waznyOd>2013-04-06T00:00:00+02:00</sln:waznyOd><sln:wojIIPId>c606b01a-76c8-480d-9470-f24ca0d7a613</sln:wojIIPId><sln:wojIIPPn>PL.PZGIK.200</sln:wojIIPPn><sln:wojIIPWersja>2016-05-05T18:20:48+02:00</sln:wojIIPWersja><sln:wojIdTeryt>30</sln:wojIdTeryt><sln:wojNazwa>wielkopolskie</sln:wojNazwa></sln:miejscowosc><sln:miejscowosc><sln:cyklZyciaDo>2015-12-31T00:00:00+01:00</sln:cyklZyciaDo><sln:cyklZyciaOd>2015-03-06T00:00:00+01:00</sln:cyklZyciaOd><sln:gmIIPId>0c107260-8bff-4101-9864-b143c48b0035</sln:gmIIPId><sln:gmIIPPn>PL.PZGIK.200</sln:gmIIPPn><sln:gmIIPWersja>2012-09-26T22:22:35+02:00</sln:gmIIPWersja><sln:gmIdTeryt>3015012</sln:gmIdTeryt><sln:gmNazwa>Kuślin</sln:gmNazwa><sln:miejscIIPId>bcd6c93d-d357-4713-b89a-fd5849e5da7d</sln:miejscIIPId><sln:miejscIIPPn>PL.PZGIK.200</sln:miejscIIPPn><sln:miejscIIPWersja>2016-11-24T11:25:55+02:00</sln:miejscIIPWersja><sln:miejscIdTeryt>0587643</sln:miejscIdTeryt><sln:miejscNazwa>Trzcianka</sln:miejscNazwa><sln:miejscRodzaj>Inny obiekt</sln:miejscRodzaj><sln:powIIPId>506e235c-2b59-4e2a-ab82-bf295e7449f5</sln:powIIPId><sln:powIIPPn>PL.PZGIK.200</sln:powIIPPn><sln:powIIPWersja>2012-09-27T08:59:03+02:00</sln:powIIPWersja><sln:powIdTeryt>3015</sln:powIdTeryt><sln:powNazwa>nowotomyski</sln:powNazwa><sln:waznyOd>2013-04-06T00:00:00+02:00</sln:waznyOd><sln:wojIIPId>c606b01a-76c8-480d-9470-f24ca0d7a613</sln:wojIIPId><sln:wojIIPPn>PL.PZGIK.200</sln:wojIIPPn><sln:wojIIPWersja>2016-05-05T18:20:48+02:00</sln:wojIIPWersja><sln:wojIdTeryt>30</sln:wojIdTeryt><sln:wojNazwa>wielkopolskie</sln:wojNazwa></sln:miejscowosc><sln:miejscowosc><sln:cyklZyciaDo>2015-12-31T00:00:00+01:00</sln:cyklZyciaDo><sln:cyklZyciaOd>2015-03-06T00:00:00+01:00</sln:cyklZyciaOd><sln:gmIIPId>0c107260-8bff-4101-9864-b143c48b0035</sln:gmIIPId><sln:gmIIPPn>PL.PZGIK.200</sln:gmIIPPn><sln:gmIIPWersja>2012-09-26T22:22:35+02:00</sln:gmIIPWersja><sln:gmIdTeryt>3015012</sln:gmIdTeryt><sln:gmNazwa>Kuślin</sln:gmNazwa><sln:miejscIIPId>c17bd1bd-2f41-493e-9daf-186357370b32</sln:miejscIIPId><sln:miejscIIPPn>PL.PZGIK.200</sln:miejscIIPPn><sln:miejscIIPWersja>2016-11-24T11:25:57+02:00</sln:miejscIIPWersja><sln:miejscIdTeryt>0587650</sln:miejscIdTeryt><sln:miejscNazwa>Turkowo</sln:miejscNazwa><sln:miejscRodzaj>Inny obiekt</sln:miejscRodzaj><sln:powIIPId>506e235c-2b59-4e2a-ab82-bf295e7449f5</sln:powIIPId><sln:powIIPPn>PL.PZGIK.200</sln:powIIPPn><sln:powIIPWersja>2012-09-27T08:59:03+02:00</sln:powIIPWersja><sln:powIdTeryt>3015</sln:powIdTeryt><sln:powNazwa>nowotomyski</sln:powNazwa><sln:waznyOd>2013-04-06T00:00:00+02:00</sln:waznyOd><sln:wojIIPId>c606b01a-76c8-480d-9470-f24ca0d7a613</sln:wojIIPId><sln:wojIIPPn>PL.PZGIK.200</sln:wojIIPPn><sln:wojIIPWersja>2016-05-05T18:20:48+02:00</sln:wojIIPWersja><sln:wojIdTeryt>30</sln:wojIdTeryt><sln:wojNazwa>wielkopolskie</sln:wojNazwa></sln:miejscowosc><sln:miejscowosc><sln:cyklZyciaDo>2015-12-31T00:00:00+01:00</sln:cyklZyciaDo><sln:cyklZyciaOd>2015-03-06T00:00:00+01:00</sln:cyklZyciaOd><sln:gmIIPId>0c107260-8bff-4101-9864-b143c48b0035</sln:gmIIPId><sln:gmIIPPn>PL.PZGIK.200</sln:gmIIPPn><sln:gmIIPWersja>2012-09-26T22:22:35+02:00</sln:gmIIPWersja><sln:gmIdTeryt>3015012</sln:gmIdTeryt><sln:gmNazwa>Kuślin</sln:gmNazwa><sln:miejscIIPId>e36903e8-72b9-46df-94a5-ed95d2d60b6f</sln:miejscIIPId><sln:miejscIIPPn>PL.PZGIK.200</sln:miejscIIPPn><sln:miejscIIPWersja>2016-11-24T11:25:59+02:00</sln:miejscIIPWersja><sln:miejscIdTeryt>0587666</sln:miejscIdTeryt><sln:miejscNazwa>Wąsowo</sln:miejscNazwa><sln:miejscRodzaj>Inny obiekt</sln:miejscRodzaj><sln:powIIPId>506e235c-2b59-4e2a-ab82-bf295e7449f5</sln:powIIPId><sln:powIIPPn>PL.PZGIK.200</sln:powIIPPn><sln:powIIPWersja>2012-09-27T08:59:03+02:00</sln:powIIPWersja><sln:powIdTeryt>3015</sln:powIdTeryt><sln:powNazwa>nowotomyski</sln:powNazwa><sln:waznyOd>2013-04-06T00:00:00+02:00</sln:waznyOd><sln:wojIIPId>c606b01a-76c8-480d-9470-f24ca0d7a613</sln:wojIIPId><sln:wojIIPPn>PL.PZGIK.200</sln:wojIIPPn><sln:wojIIPWersja>2016-05-05T18:20:48+02:00</sln:wojIIPWersja><sln:wojIdTeryt>30</sln:wojIdTeryt><sln:wojNazwa>wielkopolskie</sln:wojNazwa></sln:miejscowosc><sln:miejscowosc><sln:cyklZyciaDo>2015-12-31T00:00:00+01:00</sln:cyklZyciaDo><sln:cyklZyciaOd>2015-03-06T00:00:00+01:00</sln:cyklZyciaOd><sln:gmIIPId>0c107260-8bff-4101-9864-b143c48b0035</sln:gmIIPId><sln:gmIIPPn>PL.PZGIK.200</sln:gmIIPPn><sln:gmIIPWersja>2012-09-26T22:22:35+02:00</sln:gmIIPWersja><sln:gmIdTeryt>3015012</sln:gmIdTeryt><sln:gmNazwa>Kuślin</sln:gmNazwa><sln:miejscIIPId>ca38f7d8-4c1b-42e5-929b-9b1560d71e88</sln:miejscIIPId><sln:miejscIIPPn>PL.PZGIK.200</sln:miejscIIPPn><sln:miejscIIPWersja>2016-11-24T11:26:01+02:00</sln:miejscIIPWersja><sln:miejscIdTeryt>0587689</sln:miejscIdTeryt><sln:miejscNazwa>Wąsówko</sln:miejscNazwa><sln:miejscRodzaj>Inny obiekt</sln:miejscRodzaj><sln:powIIPId>506e235c-2b59-4e2a-ab82-bf295e7449f5</sln:powIIPId><sln:powIIPPn>PL.PZGIK.200</sln:powIIPPn><sln:powIIPWersja>2012-09-27T08:59:03+02:00</sln:powIIPWersja><sln:powIdTeryt>3015</sln:powIdTeryt><sln:powNazwa>nowotomyski</sln:powNazwa><sln:waznyOd>2013-05-24T00:00:00+02:00</sln:waznyOd><sln:wojIIPId>c606b01a-76c8-480d-9470-f24ca0d7a613</sln:wojIIPId><sln:wojIIPPn>PL.PZGIK.200</sln:wojIIPPn><sln:wojIIPWersja>2016-05-05T18:20:48+02:00</sln:wojIIPWersja><sln:wojIdTeryt>30</sln:wojIdTeryt><sln:wojNazwa>wielkopolskie</sln:wojNazwa></sln:miejscowosc><sln:miejscowosc><sln:cyklZyciaDo>2016-04-11T00:00:00+02:00</sln:cyklZyciaDo><sln:cyklZyciaOd>2015-12-31T00:00:00+01:00</sln:cyklZyciaOd><sln:gmIIPId>0c107260-8bff-4101-9864-b143c48b0035</sln:gmIIPId><sln:gmIIPPn>PL.PZGIK.200</sln:gmIIPPn><sln:gmIIPWersja>2012-09-26T22:22:35+02:00</sln:gmIIPWersja><sln:gmIdTeryt>3015012</sln:gmIdTeryt><sln:gmNazwa>Kuślin</sln:gmNazwa><sln:miejscIIPId>a56f64d1-afc6-4f09-b473-f0d51fa72afe</sln:miejscIIPId><sln:miejscIIPPn>PL.PZGIK.200</sln:miejscIIPPn><sln:miejscIIPWersja>2016-11-24T11:25:40+02:00</sln:miejscIIPWersja><sln:miejscIdTeryt>0587525</sln:miejscIdTeryt><sln:miejscNazwa>Chraplewo</sln:miejscNazwa><sln:miejscRodzaj>Osada leśna</sln:miejscRodzaj><sln:powIIPId>506e235c-2b59-4e2a-ab82-bf295e7449f5</sln:powIIPId><sln:powIIPPn>PL.PZGIK.200</sln:powIIPPn><sln:powIIPWersja>2012-09-27T08:59:03+02:00</sln:powIIPWersja><sln:powIdTeryt>3015</sln:powIdTeryt><sln:powNazwa>nowotomyski</sln:powNazwa><sln:waznyOd>2013-04-06T00:00:00+02:00</sln:waznyOd><sln:wojIIPId>c606b01a-76c8-480d-9470-f24ca0d7a613</sln:wojIIPId><sln:wojIIPPn>PL.PZGIK.200</sln:wojIIPPn><sln:wojIIPWersja>2016-05-05T18:20:48+02:00</sln:wojIIPWersja><sln:wojIdTeryt>30</sln:wojIdTeryt><sln:wojNazwa>wielkopolskie</sln:wojNazwa></sln:miejscowosc><sln:miejscowosc><sln:cyklZyciaDo>2016-04-11T00:00:00+02:00</sln:cyklZyciaDo><sln:cyklZyciaOd>2015-12-31T00:00:00+01:00</sln:cyklZyciaOd><sln:gmIIPId>0c107260-8bff-4101-9864-b143c48b0035</sln:gmIIPId><sln:gmIIPPn>PL.PZGIK.200</sln:gmIIPPn><sln:gmIIPWersja>2012-09-26T22:22:35+02:00</sln:gmIIPWersja><sln:gmIdTeryt>3015012</sln:gmIdTeryt><sln:gmNazwa>Kuślin</sln:gmNazwa><sln:miejscIIPId>4d7e4b51-b373-4ac2-8218-d6efddd13aa4</sln:miejscIIPId><sln:miejscIIPPn>PL.PZGIK.200</sln:miejscIIPPn><sln:miejscIIPWersja>2016-11-24T11:25:42+02:00</sln:miejscIIPWersja><sln:miejscIdTeryt>0587531</sln:miejscIdTeryt><sln:miejscNazwa>Dąbrowa</sln:miejscNazwa><sln:miejscRodzaj>Wieś</sln:miejscRodzaj><sln:powIIPId>506e235c-2b59-4e2a-ab82-bf295e7449f5</sln:powIIPId><sln:powIIPPn>PL.PZGIK.200</sln:powIIPPn><sln:powIIPWersja>2012-09-27T08:59:03+02:00</sln:powIIPWersja><sln:powIdTeryt>3015</sln:powIdTeryt><sln:powNazwa>nowotomyski</sln:powNazwa><sln:waznyOd>2013-04-06T00:00:00+02:00</sln:waznyOd><sln:wojIIPId>c606b01a-76c8-480d-9470-f24ca0d7a613</sln:wojIIPId><sln:wojIIPPn>PL.PZGIK.200</sln:wojIIPPn><sln:wojIIPWersja>2016-05-05T18:20:48+02:00</sln:wojIIPWersja><sln:wojIdTeryt>30</sln:wojIdTeryt><sln:wojNazwa>wielkopolskie</sln:wojNazwa></sln:miejscowosc><sln:miejscowosc><sln:cyklZyciaDo>2016-04-11T00:00:00+02:00</sln:cyklZyciaDo><sln:cyklZyciaOd>2015-12-31T00:00:00+01:00</sln:cyklZyciaOd><sln:gmIIPId>0c107260-8bff-4101-9864-b143c48b0035</sln:gmIIPId><sln:gmIIPPn>PL.PZGIK.200</sln:gmIIPPn><sln:gmIIPWersja>2012-09-26T22:22:35+02:00</sln:gmIIPWersja><sln:gmIdTeryt>3015012</sln:gmIdTeryt><sln:gmNazwa>Kuślin</sln:gmNazwa><sln:miejscIIPId>4aacced3-16de-47fa-adc1-aa8f0848f8dc</sln:miejscIIPId><sln:miejscIIPPn>PL.PZGIK.200</sln:miejscIIPPn><sln:miejscIIPWersja>2016-11-24T11:25:52+02:00</sln:miejscIIPWersja><sln:miejscIdTeryt>0587614</sln:miejscIdTeryt><sln:miejscNazwa>Dąbrowa Nowa</sln:miejscNazwa><sln:miejscRodzaj>Wieś</sln:miejscRodzaj><sln:powIIPId>506e235c-2b59-4e2a-ab82-bf295e7449f5</sln:powIIPId><sln:powIIPPn>PL.PZGIK.200</sln:powIIPPn><sln:powIIPWersja>2012-09-27T08:59:03+02:00</sln:powIIPWersja><sln:powIdTeryt>3015</sln:powIdTeryt><sln:powNazwa>nowotomyski</sln:powNazwa><sln:waznyOd>2013-04-06T00:00:00+02:00</sln:waznyOd><sln:wojIIPId>c606b01a-76c8-480d-9470-f24ca0d7a613</sln:wojIIPId><sln:wojIIPPn>PL.PZGIK.200</sln:wojIIPPn><sln:wojIIPWersja>2016-05-05T18:20:48+02:00</sln:wojIIPWersja><sln:wojIdTeryt>30</sln:wojIdTeryt><sln:wojNazwa>wielkopolskie</sln:wojNazwa></sln:miejscowosc><sln:miejscowosc><sln:cyklZyciaDo>2016-04-11T00:00:00+02:00</sln:cyklZyciaDo><sln:cyklZyciaOd>2015-12-31T00:00:00+01:00</sln:cyklZyciaOd><sln:gmIIPId>0c107260-8bff-4101-9864-b143c48b0035</sln:gmIIPId><sln:gmIIPPn>PL.PZGIK.200</sln:gmIIPPn><sln:gmIIPWersja>2012-09-26T22:22:35+02:00</sln:gmIIPWersja><sln:gmIdTeryt>3015012</sln:gmIdTeryt><sln:gmNazwa>Kuślin</sln:gmNazwa><sln:miejscIIPId>f0f029a2-df7b-41f4-a7eb-f04d69e7a74b</sln:miejscIIPId><sln:miejscIIPPn>PL.PZGIK.200</sln:miejscIIPPn><sln:miejscIIPWersja>2016-11-24T11:25:44+02:00</sln:miejscIIPWersja><sln:miejscIdTeryt>0587548</sln:miejscIdTeryt><sln:miejscNazwa>Głuponie</sln:miejscNazwa><sln:miejscRodzaj>Wieś</sln:miejscRodzaj><sln:powIIPId>506e235c-2b59-4e2a-ab82-bf295e7449f5</sln:powIIPId><sln:powIIPPn>PL.PZGIK.200</sln:powIIPPn><sln:powIIPWersja>2012-09-27T08:59:03+02:00</sln:powIIPWersja><sln:powIdTeryt>3015</sln:powIdTeryt><sln:powNazwa>nowotomyski</sln:powNazwa><sln:waznyOd>2013-04-06T00:00:00+02:00</sln:waznyOd><sln:wojIIPId>c606b01a-76c8-480d-9470-f24ca0d7a613</sln:wojIIPId><sln:wojIIPPn>PL.PZGIK.200</sln:wojIIPPn><sln:wojIIPWersja>2016-05-05T18:20:48+02:00</sln:wojIIPWersja><sln:wojIdTeryt>30</sln:wojIdTeryt><sln:wojNazwa>wielkopolskie</sln:wojNazwa></sln:miejscowosc><sln:miejscowosc><sln:cyklZyciaDo>2016-04-11T00:00:00+02:00</sln:cyklZyciaDo><sln:cyklZyciaOd>2015-12-31T00:00:00+01:00</sln:cyklZyciaOd><sln:gmIIPId>0c107260-8bff-4101-9864-b143c48b0035</sln:gmIIPId><sln:gmIIPPn>PL.PZGIK.200</sln:gmIIPPn><sln:gmIIPWersja>2012-09-26T22:22:35+02:00</sln:gmIIPWersja><sln:gmIdTeryt>3015012</sln:gmIdTeryt><sln:gmNazwa>Kuślin</sln:gmNazwa><sln:miejscIIPId>ff965279-9a49-4c3e-a606-9cc48774284d</sln:miejscIIPId><sln:miejscIIPPn>PL.PZGIK.200</sln:miejscIIPPn><sln:miejscIIPWersja>2016-11-24T11:25:46+02:00</sln:miejscIIPWersja><sln:miejscIdTeryt>0587560</sln:miejscIdTeryt><sln:miejscNazwa>Kuślin</sln:miejscNazwa><sln:miejscRodzaj>Wieś</sln:miejscRodzaj><sln:powIIPId>506e235c-2b59-4e2a-ab82-bf295e7449f5</sln:powIIPId><sln:powIIPPn>PL.PZGIK.200</sln:powIIPPn><sln:powIIPWersja>2012-09-27T08:59:03+02:00</sln:powIIPWersja><sln:powIdTeryt>3015</sln:powIdTeryt><sln:powNazwa>nowotomyski</sln:powNazwa><sln:waznyOd>2013-04-06T00:00:00+02:00</sln:waznyOd><sln:wojIIPId>c606b01a-76c8-480d-9470-f24ca0d7a613</sln:wojIIPId><sln:wojIIPPn>PL.PZGIK.200</sln:wojIIPPn><sln:wojIIPWersja>2016-05-05T18:20:48+02:00</sln:wojIIPWersja><sln:wojIdTeryt>30</sln:wojIdTeryt><sln:wojNazwa>wielkopolskie</sln:wojNazwa></sln:miejscowosc><sln:miejscowosc><sln:cyklZyciaDo>2016-04-11T00:00:00+02:00</sln:cyklZyciaDo><sln:cyklZyciaOd>2015-12-31T00:00:00+01:00</sln:cyklZyciaOd><sln:gmIIPId>0c107260-8bff-4101-9864-b143c48b0035</sln:gmIIPId><sln:gmIIPPn>PL.PZGIK.200</sln:gmIIPPn><sln:gmIIPWersja>2012-09-26T22:22:35+02:00</sln:gmIIPWersja><sln:gmIdTeryt>3015012</sln:gmIdTeryt><sln:gmNazwa>Kuślin</sln:gmNazwa><sln:miejscIIPId>816c0c8e-5883-45ac-9237-1c58ddb955dd</sln:miejscIIPId><sln:miejscIIPPn>PL.PZGIK.200</sln:miejscIIPPn><sln:miejscIIPWersja>2016-11-24T11:25:48+02:00</sln:miejscIIPWersja><sln:miejscIdTeryt>0587577</sln:miejscIdTeryt><sln:miejscNazwa>Michorzewko</sln:miejscNazwa><sln:miejscRodzaj>Wieś</sln:miejscRodzaj><sln:powIIPId>506e235c-2b59-4e2a-ab82-bf295e7449f5</sln:powIIPId><sln:powIIPPn>PL.PZGIK.200</sln:powIIPPn><sln:powIIPWersja>2012-09-27T08:59:03+02:00</sln:powIIPWersja><sln:powIdTeryt>3015</sln:powIdTeryt><sln:powNazwa>nowotomyski</sln:powNazwa><sln:waznyOd>2013-04-06T00:00:00+02:00</sln:waznyOd><sln:wojIIPId>c606b01a-76c8-480d-9470-f24ca0d7a613</sln:wojIIPId><sln:wojIIPPn>PL.PZGIK.200</sln:wojIIPPn><sln:wojIIPWersja>2016-05-05T18:20:48+02:00</sln:wojIIPWersja><sln:wojIdTeryt>30</sln:wojIdTeryt><sln:wojNazwa>wielkopolskie</sln:wojNazwa></sln:miejscowosc><sln:miejscowosc><sln:cyklZyciaDo>2016-04-11T00:00:00+02:00</sln:cyklZyciaDo><sln:cyklZyciaOd>2015-12-31T00:00:00+01:00</sln:cyklZyciaOd><sln:gmIIPId>0c107260-8bff-4101-9864-b143c48b0035</sln:gmIIPId><sln:gmIIPPn>PL.PZGIK.200</sln:gmIIPPn><sln:gmIIPWersja>2012-09-26T22:22:35+02:00</sln:gmIIPWersja><sln:gmIdTeryt>3015012</sln:gmIdTeryt><sln:gmNazwa>Kuślin</sln:gmNazwa><sln:miejscIIPId>4445f042-27fb-498a-a1ca-d5be1e93e5ef</sln:miejscIIPId><sln:miejscIIPPn>PL.PZGIK.200</sln:miejscIIPPn><sln:miejscIIPWersja>2016-11-24T11:25:50+02:00</sln:miejscIIPWersja><sln:miejscIdTeryt>0587583</sln:miejscIdTeryt><sln:miejscNazwa>Michorzewo</sln:miejscNazwa><sln:miejscRodzaj>Wieś</sln:miejscRodzaj><sln:powIIPId>506e235c-2b59-4e2a-ab82-bf295e7449f5</sln:powIIPId><sln:powIIPPn>PL.PZGIK.200</sln:powIIPPn><sln:powIIPWersja>2012-09-27T08:59:03+02:00</sln:powIIPWersja><sln:powIdTeryt>3015</sln:powIdTeryt><sln:powNazwa>nowotomyski</sln:powNazwa><sln:waznyOd>2013-04-06T00:00:00+02:00</sln:waznyOd><sln:wojIIPId>c606b01a-76c8-480d-9470-f24ca0d7a613</sln:wojIIPId><sln:wojIIPPn>PL.PZGIK.200</sln:wojIIPPn><sln:wojIIPWersja>2016-05-05T18:20:48+02:00</sln:wojIIPWersja><sln:wojIdTeryt>30</sln:wojIdTeryt><sln:wojNazwa>wielkopolskie</sln:wojNazwa></sln:miejscowosc><sln:miejscowosc><sln:cyklZyciaDo>2016-04-11T00:00:00+02:00</sln:cyklZyciaDo><sln:cyklZyciaOd>2015-12-31T00:00:00+01:00</sln:cyklZyciaOd><sln:gmIIPId>0c107260-8bff-4101-9864-b143c48b0035</sln:gmIIPId><sln:gmIIPPn>PL.PZGIK.200</sln:gmIIPPn><sln:gmIIPWersja>2012-09-26T22:22:35+02:00</sln:gmIIPWersja><sln:gmIdTeryt>3015012</sln:gmIdTeryt><sln:gmNazwa>Kuślin</sln:gmNazwa><sln:miejscIIPId>5a27967f-28ab-4d95-b2ad-19e54a995274</sln:miejscIIPId><sln:miejscIIPPn>PL.PZGIK.200</sln:miejscIIPPn><sln:miejscIIPWersja>2016-11-24T11:25:54+02:00</sln:miejscIIPWersja><sln:miejscIdTeryt>0587620</sln:miejscIdTeryt><sln:miejscNazwa>Śliwno</sln:miejscNazwa><sln:miejscRodzaj>Wieś</sln:miejscRodzaj><sln:powIIPId>506e235c-2b59-4e2a-ab82-bf295e7449f5</sln:powIIPId><sln:powIIPPn>PL.PZGIK.200</sln:powIIPPn><sln:powIIPWersja>2012-09-27T08:59:03+02:00</sln:powIIPWersja><sln:powIdTeryt>3015</sln:powIdTeryt><sln:powNazwa>nowotomyski</sln:powNazwa><sln:waznyOd>2013-04-06T00:00:00+02:00</sln:waznyOd><sln:wojIIPId>c606b01a-76c8-480d-9470-f24ca0d7a613</sln:wojIIPId><sln:wojIIPPn>PL.PZGIK.200</sln:wojIIPPn><sln:wojIIPWersja>2016-05-05T18:20:48+02:00</sln:wojIIPWersja><sln:wojIdTeryt>30</sln:wojIdTeryt><sln:wojNazwa>wielkopolskie</sln:wojNazwa></sln:miejscowosc><sln:miejscowosc><sln:cyklZyciaDo>2016-04-11T00:00:00+02:00</sln:cyklZyciaDo><sln:cyklZyciaOd>2015-12-31T00:00:00+01:00</sln:cyklZyciaOd><sln:gmIIPId>0c107260-8bff-4101-9864-b143c48b0035</sln:gmIIPId><sln:gmIIPPn>PL.PZGIK.200</sln:gmIIPPn><sln:gmIIPWersja>2012-09-26T22:22:35+02:00</sln:gmIIPWersja><sln:gmIdTeryt>3015012</sln:gmIdTeryt><sln:gmNazwa>Kuślin</sln:gmNazwa><sln:miejscIIPId>bcd6c93d-d357-4713-b89a-fd5849e5da7d</sln:miejscIIPId><sln:miejscIIPPn>PL.PZGIK.200</sln:miejscIIPPn><sln:miejscIIPWersja>2016-11-24T11:25:56+02:00</sln:miejscIIPWersja><sln:miejscIdTeryt>0587643</sln:miejscIdTeryt><sln:miejscNazwa>Trzcianka</sln:miejscNazwa><sln:miejscRodzaj>Wieś</sln:miejscRodzaj><sln:powIIPId>506e235c-2b59-4e2a-ab82-bf295e7449f5</sln:powIIPId><sln:powIIPPn>PL.PZGIK.200</sln:powIIPPn><sln:powIIPWersja>2012-09-27T08:59:03+02:00</sln:powIIPWersja><sln:powIdTeryt>3015</sln:powIdTeryt><sln:powNazwa>nowotomyski</sln:powNazwa><sln:waznyOd>2013-04-06T00:00:00+02:00</sln:waznyOd><sln:wojIIPId>c606b01a-76c8-480d-9470-f24ca0d7a613</sln:wojIIPId><sln:wojIIPPn>PL.PZGIK.200</sln:wojIIPPn><sln:wojIIPWersja>2016-05-05T18:20:48+02:00</sln:wojIIPWersja><sln:wojIdTeryt>30</sln:wojIdTeryt><sln:wojNazwa>wielkopolskie</sln:wojNazwa></sln:miejscowosc><sln:miejscowosc><sln:cyklZyciaDo>2016-04-11T00:00:00+02:00</sln:cyklZyciaDo><sln:cyklZyciaOd>2015-12-31T00:00:00+01:00</sln:cyklZyciaOd><sln:gmIIPId>0c107260-8bff-4101-9864-b143c48b0035</sln:gmIIPId><sln:gmIIPPn>PL.PZGIK.200</sln:gmIIPPn><sln:gmIIPWersja>2012-09-26T22:22:35+02:00</sln:gmIIPWersja><sln:gmIdTeryt>3015012</sln:gmIdTeryt><sln:gmNazwa>Kuślin</sln:gmNazwa><sln:miejscIIPId>c17bd1bd-2f41-493e-9daf-186357370b32</sln:miejscIIPId><sln:miejscIIPPn>PL.PZGIK.200</sln:miejscIIPPn><sln:miejscIIPWersja>2016-11-24T11:25:58+02:00</sln:miejscIIPWersja><sln:miejscIdTeryt>0587650</sln:miejscIdTeryt><sln:miejscNazwa>Turkowo</sln:miejscNazwa><sln:miejscRodzaj>Wieś</sln:miejscRodzaj><sln:powIIPId>506e235c-2b59-4e2a-ab82-bf295e7449f5</sln:powIIPId><sln:powIIPPn>PL.PZGIK.200</sln:powIIPPn><sln:powIIPWersja>2012-09-27T08:59:03+02:00</sln:powIIPWersja><sln:powIdTeryt>3015</sln:powIdTeryt><sln:powNazwa>nowotomyski</sln:powNazwa><sln:waznyOd>2013-04-06T00:00:00+02:00</sln:waznyOd><sln:wojIIPId>c606b01a-76c8-480d-9470-f24ca0d7a613</sln:wojIIPId><sln:wojIIPPn>PL.PZGIK.200</sln:wojIIPPn><sln:wojIIPWersja>2016-05-05T18:20:48+02:00</sln:wojIIPWersja><sln:wojIdTeryt>30</sln:wojIdTeryt><sln:wojNazwa>wielkopolskie</sln:wojNazwa></sln:miejscowosc><sln:miejscowosc><sln:cyklZyciaDo>2016-04-11T00:00:00+02:00</sln:cyklZyciaDo><sln:cyklZyciaOd>2015-12-31T00:00:00+01:00</sln:cyklZyciaOd><sln:gmIIPId>0c107260-8bff-4101-9864-b143c48b0035</sln:gmIIPId><sln:gmIIPPn>PL.PZGIK.200</sln:gmIIPPn><sln:gmIIPWersja>2012-09-26T22:22:35+02:00</sln:gmIIPWersja><sln:gmIdTeryt>3015012</sln:gmIdTeryt><sln:gmNazwa>Kuślin</sln:gmNazwa><sln:miejscIIPId>e36903e8-72b9-46df-94a5-ed95d2d60b6f</sln:miejscIIPId><sln:miejscIIPPn>PL.PZGIK.200</sln:miejscIIPPn><sln:miejscIIPWersja>2016-11-24T11:26:00+02:00</sln:miejscIIPWersja><sln:miejscIdTeryt>0587666</sln:miejscIdTeryt><sln:miejscNazwa>Wąsowo</sln:miejscNazwa><sln:miejscRodzaj>Wieś</sln:miejscRodzaj><sln:powIIPId>506e235c-2b59-4e2a-ab82-bf295e7449f5</sln:powIIPId><sln:powIIPPn>PL.PZGIK.200</sln:powIIPPn><sln:powIIPWersja>2012-09-27T08:59:03+02:00</sln:powIIPWersja><sln:powIdTeryt>3015</sln:powIdTeryt><sln:powNazwa>nowotomyski</sln:powNazwa><sln:waznyOd>2013-04-06T00:00:00+02:00</sln:waznyOd><sln:wojIIPId>c606b01a-76c8-480d-9470-f24ca0d7a613</sln:wojIIPId><sln:wojIIPPn>PL.PZGIK.200</sln:wojIIPPn><sln:wojIIPWersja>2016-05-05T18:20:48+02:00</sln:wojIIPWersja><sln:wojIdTeryt>30</sln:wojIdTeryt><sln:wojNazwa>wielkopolskie</sln:wojNazwa></sln:miejscowosc><sln:miejscowosc><sln:cyklZyciaDo>2016-04-11T00:00:00+02:00</sln:cyklZyciaDo><sln:cyklZyciaOd>2015-12-31T00:00:00+01:00</sln:cyklZyciaOd><sln:gmIIPId>0c107260-8bff-4101-9864-b143c48b0035</sln:gmIIPId><sln:gmIIPPn>PL.PZGIK.200</sln:gmIIPPn><sln:gmIIPWersja>2012-09-26T22:22:35+02:00</sln:gmIIPWersja><sln:gmIdTeryt>3015012</sln:gmIdTeryt><sln:gmNazwa>Kuślin</sln:gmNazwa><sln:miejscIIPId>ca38f7d8-4c1b-42e5-929b-9b1560d71e88</sln:miejscIIPId><sln:miejscIIPPn>PL.PZGIK.200</sln:miejscIIPPn><sln:miejscIIPWersja>2016-11-24T11:26:02+02:00</sln:miejscIIPWersja><sln:miejscIdTeryt>0587689</sln:miejscIdTeryt><sln:miejscNazwa>Wąsówko</sln:miejscNazwa><sln:miejscRodzaj>Osada</sln:miejscRodzaj><sln:powIIPId>506e235c-2b59-4e2a-ab82-bf295e7449f5</sln:powIIPId><sln:powIIPPn>PL.PZGIK.200</sln:powIIPPn><sln:powIIPWersja>2012-09-27T08:59:03+02:00</sln:powIIPWersja><sln:powIdTeryt>3015</sln:powIdTeryt><sln:powNazwa>nowotomyski</sln:powNazwa><sln:waznyOd>2013-05-24T00:00:00+02:00</sln:waznyOd><sln:wojIIPId>c606b01a-76c8-480d-9470-f24ca0d7a613</sln:wojIIPId><sln:wojIIPPn>PL.PZGIK.200</sln:wojIIPPn><sln:wojIIPWersja>2016-05-05T18:20:48+02:00</sln:wojIIPWersja><sln:wojIdTeryt>30</sln:wojIdTeryt><sln:wojNazwa>wielkopolskie</sln:wojNazwa></sln:miejscowosc><sln:miejscowosc><sln:cyklZyciaOd>2017-03-30T00:00:00+02:00</sln:cyklZyciaOd><sln:gmIIPId>0c107260-8bff-4101-9864-b143c48b0035</sln:gmIIPId><sln:gmIIPPn>PL.PZGIK.200</sln:gmIIPPn><sln:gmIIPWersja>2012-09-26T22:22:35+02:00</sln:gmIIPWersja><sln:gmIdTeryt>3015012</sln:gmIdTeryt><sln:gmNazwa>Kuślin</sln:gmNazwa><sln:miejscIIPId>a56f64d1-afc6-4f09-b473-f0d51fa72afe</sln:miejscIIPId><sln:miejscIIPPn>PL.PZGIK.200</sln:miejscIIPPn><sln:miejscIIPWersja>2017-03-30T09:51:25+02:00</sln:miejscIIPWersja><sln:miejscIdTeryt>0587525</sln:miejscIdTeryt><sln:miejscNazwa>Chraplewo</sln:miejscNazwa><sln:miejscRodzaj>Osada leśna</sln:miejscRodzaj><sln:powIIPId>506e235c-2b59-4e2a-ab82-bf295e7449f5</sln:powIIPId><sln:powIIPPn>PL.PZGIK.200</sln:powIIPPn><sln:powIIPWersja>2012-09-27T08:59:03+02:00</sln:powIIPWersja><sln:powIdTeryt>3015</sln:powIdTeryt><sln:powNazwa>nowotomyski</sln:powNazwa><sln:waznyOd>2013-04-06T00:00:00+02:00</sln:waznyOd><sln:wojIIPId>c606b01a-76c8-480d-9470-f24ca0d7a613</sln:wojIIPId><sln:wojIIPPn>PL.PZGIK.200</sln:wojIIPPn><sln:wojIIPWersja>2016-05-05T18:20:48+02:00</sln:wojIIPWersja><sln:wojIdTeryt>30</sln:wojIdTeryt><sln:wojNazwa>wielkopolskie</sln:wojNazwa></sln:miejscowosc><sln:miejscowosc><sln:cyklZyciaOd>2017-03-30T00:00:00+02:00</sln:cyklZyciaOd><sln:gmIIPId>0c107260-8bff-4101-9864-b143c48b0035</sln:gmIIPId><sln:gmIIPPn>PL.PZGIK.200</sln:gmIIPPn><sln:gmIIPWersja>2012-09-26T22:22:35+02:00</sln:gmIIPWersja><sln:gmIdTeryt>3015012</sln:gmIdTeryt><sln:gmNazwa>Kuślin</sln:gmNazwa><sln:miejscIIPId>4d7e4b51-b373-4ac2-8218-d6efddd13aa4</sln:miejscIIPId><sln:miejscIIPPn>PL.PZGIK.200</sln:miejscIIPPn><sln:miejscIIPWersja>2017-03-30T09:51:32+02:00</sln:miejscIIPWersja><sln:miejscIdTeryt>0587531</sln:miejscIdTeryt><sln:miejscNazwa>Dąbrowa</sln:miejscNazwa><sln:miejscRodzaj>Wieś</sln:miejscRodzaj><sln:powIIPId>506e235c-2b59-4e2a-ab82-bf295e7449f5</sln:powIIPId><sln:powIIPPn>PL.PZGIK.200</sln:powIIPPn><sln:powIIPWersja>2012-09-27T08:59:03+02:00</sln:powIIPWersja><sln:powIdTeryt>3015</sln:powIdTeryt><sln:powNazwa>nowotomyski</sln:powNazwa><sln:waznyOd>2013-04-06T00:00:00+02:00</sln:waznyOd><sln:wojIIPId>c606b01a-76c8-480d-9470-f24ca0d7a613</sln:wojIIPId><sln:wojIIPPn>PL.PZGIK.200</sln:wojIIPPn><sln:wojIIPWersja>2016-05-05T18:20:48+02:00</sln:wojIIPWersja><sln:wojIdTeryt>30</sln:wojIdTeryt><sln:wojNazwa>wielkopolskie</sln:wojNazwa></sln:miejscowosc><sln:miejscowosc><sln:cyklZyciaOd>2017-03-30T00:00:00+02:00</sln:cyklZyciaOd><sln:gmIIPId>0c107260-8bff-4101-9864-b143c48b0035</sln:gmIIPId><sln:gmIIPPn>PL.PZGIK.200</sln:gmIIPPn><sln:gmIIPWersja>2012-09-26T22:22:35+02:00</sln:gmIIPWersja><sln:gmIdTeryt>3015012</sln:gmIdTeryt><sln:gmNazwa>Kuślin</sln:gmNazwa><sln:miejscIIPId>f0f029a2-df7b-41f4-a7eb-f04d69e7a74b</sln:miejscIIPId><sln:miejscIIPPn>PL.PZGIK.200</sln:miejscIIPPn><sln:miejscIIPWersja>2017-03-30T09:51:32+02:00</sln:miejscIIPWersja><sln:miejscIdTeryt>0587548</sln:miejscIdTeryt><sln:miejscNazwa>Głuponie</sln:miejscNazwa><sln:miejscRodzaj>Wieś</sln:miejscRodzaj><sln:powIIPId>506e235c-2b59-4e2a-ab82-bf295e7449f5</sln:powIIPId><sln:powIIPPn>PL.PZGIK.200</sln:powIIPPn><sln:powIIPWersja>2012-09-27T08:59:03+02:00</sln:powIIPWersja><sln:powIdTeryt>3015</sln:powIdTeryt><sln:powNazwa>nowotomyski</sln:powNazwa><sln:waznyOd>2013-04-06T00:00:00+02:00</sln:waznyOd><sln:wojIIPId>c606b01a-76c8-480d-9470-f24ca0d7a613</sln:wojIIPId><sln:wojIIPPn>PL.PZGIK.200</sln:wojIIPPn><sln:wojIIPWersja>2016-05-05T18:20:48+02:00</sln:wojIIPWersja><sln:wojIdTeryt>30</sln:wojIdTeryt><sln:wojNazwa>wielkopolskie</sln:wojNazwa></sln:miejscowosc><sln:miejscowosc><sln:cyklZyciaOd>2017-03-30T00:00:00+02:00</sln:cyklZyciaOd><sln:gmIIPId>0c107260-8bff-4101-9864-b143c48b0035</sln:gmIIPId><sln:gmIIPPn>PL.PZGIK.200</sln:gmIIPPn><sln:gmIIPWersja>2012-09-26T22:22:35+02:00</sln:gmIIPWersja><sln:gmIdTeryt>3015012</sln:gmIdTeryt><sln:gmNazwa>Kuślin</sln:gmNazwa><sln:miejscIIPId>ff965279-9a49-4c3e-a606-9cc48774284d</sln:miejscIIPId><sln:miejscIIPPn>PL.PZGIK.200</sln:miejscIIPPn><sln:miejscIIPWersja>2017-03-30T09:51:32+02:00</sln:miejscIIPWersja><sln:miejscIdTeryt>0587560</sln:miejscIdTeryt><sln:miejscNazwa>Kuślin</sln:miejscNazwa><sln:miejscRodzaj>Wieś</sln:miejscRodzaj><sln:powIIPId>506e235c-2b59-4e2a-ab82-bf295e7449f5</sln:powIIPId><sln:powIIPPn>PL.PZGIK.200</sln:powIIPPn><sln:powIIPWersja>2012-09-27T08:59:03+02:00</sln:powIIPWersja><sln:powIdTeryt>3015</sln:powIdTeryt><sln:powNazwa>nowotomyski</sln:powNazwa><sln:waznyOd>2013-04-06T00:00:00+02:00</sln:waznyOd><sln:wojIIPId>c606b01a-76c8-480d-9470-f24ca0d7a613</sln:wojIIPId><sln:wojIIPPn>PL.PZGIK.200</sln:wojIIPPn><sln:wojIIPWersja>2016-05-05T18:20:48+02:00</sln:wojIIPWersja><sln:wojIdTeryt>30</sln:wojIdTeryt><sln:wojNazwa>wielkopolskie</sln:wojNazwa></sln:miejscowosc><sln:miejscowosc><sln:cyklZyciaOd>2017-03-30T00:00:00+02:00</sln:cyklZyciaOd><sln:gmIIPId>0c107260-8bff-4101-9864-b143c48b0035</sln:gmIIPId><sln:gmIIPPn>PL.PZGIK.200</sln:gmIIPPn><sln:gmIIPWersja>2012-09-26T22:22:35+02:00</sln:gmIIPWersja><sln:gmIdTeryt>3015012</sln:gmIdTeryt><sln:gmNazwa>Kuślin</sln:gmNazwa><sln:miejscIIPId>816c0c8e-5883-45ac-9237-1c58ddb955dd</sln:miejscIIPId><sln:miejscIIPPn>PL.PZGIK.200</sln:miejscIIPPn><sln:miejscIIPWersja>2017-03-30T09:51:32+02:00</sln:miejscIIPWersja><sln:miejscIdTeryt>0587577</sln:miejscIdTeryt><sln:miejscNazwa>Michorzewko</sln:miejscNazwa><sln:miejscRodzaj>Wieś</sln:miejscRodzaj><sln:powIIPId>506e235c-2b59-4e2a-ab82-bf295e7449f5</sln:powIIPId><sln:powIIPPn>PL.PZGIK.200</sln:powIIPPn><sln:powIIPWersja>2012-09-27T08:59:03+02:00</sln:powIIPWersja><sln:powIdTeryt>3015</sln:powIdTeryt><sln:powNazwa>nowotomyski</sln:powNazwa><sln:waznyOd>2013-04-06T00:00:00+02:00</sln:waznyOd><sln:wojIIPId>c606b01a-76c8-480d-9470-f24ca0d7a613</sln:wojIIPId><sln:wojIIPPn>PL.PZGIK.200</sln:wojIIPPn><sln:wojIIPWersja>2016-05-05T18:20:48+02:00</sln:wojIIPWersja><sln:wojIdTeryt>30</sln:wojIdTeryt><sln:wojNazwa>wielkopolskie</sln:wojNazwa></sln:miejscowosc><sln:miejscowosc><sln:cyklZyciaOd>2017-03-30T00:00:00+02:00</sln:cyklZyciaOd><sln:gmIIPId>0c107260-8bff-4101-9864-b143c48b0035</sln:gmIIPId><sln:gmIIPPn>PL.PZGIK.200</sln:gmIIPPn><sln:gmIIPWersja>2012-09-26T22:22:35+02:00</sln:gmIIPWersja><sln:gmIdTeryt>3015012</sln:gmIdTeryt><sln:gmNazwa>Kuślin</sln:gmNazwa><sln:miejscIIPId>4445f042-27fb-498a-a1ca-d5be1e93e5ef</sln:miejscIIPId><sln:miejscIIPPn>PL.PZGIK.200</sln:miejscIIPPn><sln:miejscIIPWersja>2017-03-30T09:51:32+02:00</sln:miejscIIPWersja><sln:miejscIdTeryt>0587583</sln:miejscIdTeryt><sln:miejscNazwa>Michorzewo</sln:miejscNazwa><sln:miejscRodzaj>Wieś</sln:miejscRodzaj><sln:powIIPId>506e235c-2b59-4e2a-ab82-bf295e7449f5</sln:powIIPId><sln:powIIPPn>PL.PZGIK.200</sln:powIIPPn><sln:powIIPWersja>2012-09-27T08:59:03+02:00</sln:powIIPWersja><sln:powIdTeryt>3015</sln:powIdTeryt><sln:powNazwa>nowotomyski</sln:powNazwa><sln:waznyOd>2013-04-06T00:00:00+02:00</sln:waznyOd><sln:wojIIPId>c606b01a-76c8-480d-9470-f24ca0d7a613</sln:wojIIPId><sln:wojIIPPn>PL.PZGIK.200</sln:wojIIPPn><sln:wojIIPWersja>2016-05-05T18:20:48+02:00</sln:wojIIPWersja><sln:wojIdTeryt>30</sln:wojIdTeryt><sln:wojNazwa>wielkopolskie</sln:wojNazwa></sln:miejscowosc><sln:miejscowosc><sln:cyklZyciaOd>2017-03-30T00:00:00+02:00</sln:cyklZyciaOd><sln:gmIIPId>0c107260-8bff-4101-9864-b143c48b0035</sln:gmIIPId><sln:gmIIPPn>PL.PZGIK.200</sln:gmIIPPn><sln:gmIIPWersja>2012-09-26T22:22:35+02:00</sln:gmIIPWersja><sln:gmIdTeryt>3015012</sln:gmIdTeryt><sln:gmNazwa>Kuślin</sln:gmNazwa><sln:miejscIIPId>4aacced3-16de-47fa-adc1-aa8f0848f8dc</sln:miejscIIPId><sln:miejscIIPPn>PL.PZGIK.200</sln:miejscIIPPn><sln:miejscIIPWersja>2017-03-30T09:51:33+02:00</sln:miejscIIPWersja><sln:miejscIdTeryt>0587614</sln:miejscIdTeryt><sln:miejscNazwa>Dąbrowa Nowa</sln:miejscNazwa><sln:miejscRodzaj>Wieś</sln:miejscRodzaj><sln:powIIPId>506e235c-2b59-4e2a-ab82-bf295e7449f5</sln:powIIPId><sln:powIIPPn>PL.PZGIK.200</sln:powIIPPn><sln:powIIPWersja>2012-09-27T08:59:03+02:00</sln:powIIPWersja><sln:powIdTeryt>3015</sln:powIdTeryt><sln:powNazwa>nowotomyski</sln:powNazwa><sln:waznyOd>2013-04-06T00:00:00+02:00</sln:waznyOd><sln:wojIIPId>c606b01a-76c8-480d-9470-f24ca0d7a613</sln:wojIIPId><sln:wojIIPPn>PL.PZGIK.200</sln:wojIIPPn><sln:wojIIPWersja>2016-05-05T18:20:48+02:00</sln:wojIIPWersja><sln:wojIdTeryt>30</sln:wojIdTeryt><sln:wojNazwa>wielkopolskie</sln:wojNazwa></sln:miejscowosc><sln:miejscowosc><sln:cyklZyciaOd>2017-03-30T00:00:00+02:00</sln:cyklZyciaOd><sln:gmIIPId>0c107260-8bff-4101-9864-b143c48b0035</sln:gmIIPId><sln:gmIIPPn>PL.PZGIK.200</sln:gmIIPPn><sln:gmIIPWersja>2012-09-26T22:22:35+02:00</sln:gmIIPWersja><sln:gmIdTeryt>3015012</sln:gmIdTeryt><sln:gmNazwa>Kuślin</sln:gmNazwa><sln:miejscIIPId>5a27967f-28ab-4d95-b2ad-19e54a995274</sln:miejscIIPId><sln:miejscIIPPn>PL.PZGIK.200</sln:miejscIIPPn><sln:miejscIIPWersja>2017-03-30T09:51:33+02:00</sln:miejscIIPWersja><sln:miejscIdTeryt>0587620</sln:miejscIdTeryt><sln:miejscNazwa>Śliwno</sln:miejscNazwa><sln:miejscRodzaj>Wieś</sln:miejscRodzaj><sln:powIIPId>506e235c-2b59-4e2a-ab82-bf295e7449f5</sln:powIIPId><sln:powIIPPn>PL.PZGIK.200</sln:powIIPPn><sln:powIIPWersja>2012-09-27T08:59:03+02:00</sln:powIIPWersja><sln:powIdTeryt>3015</sln:powIdTeryt><sln:powNazwa>nowotomyski</sln:powNazwa><sln:waznyOd>2013-04-06T00:00:00+02:00</sln:waznyOd><sln:wojIIPId>c606b01a-76c8-480d-9470-f24ca0d7a613</sln:wojIIPId><sln:wojIIPPn>PL.PZGIK.200</sln:wojIIPPn><sln:wojIIPWersja>2016-05-05T18:20:48+02:00</sln:wojIIPWersja><sln:wojIdTeryt>30</sln:wojIdTeryt><sln:wojNazwa>wielkopolskie</sln:wojNazwa></sln:miejscowosc><sln:miejscowosc><sln:cyklZyciaOd>2017-03-30T00:00:00+02:00</sln:cyklZyciaOd><sln:gmIIPId>0c107260-8bff-4101-9864-b143c48b0035</sln:gmIIPId><sln:gmIIPPn>PL.PZGIK.200</sln:gmIIPPn><sln:gmIIPWersja>2012-09-26T22:22:35+02:00</sln:gmIIPWersja><sln:gmIdTeryt>3015012</sln:gmIdTeryt><sln:gmNazwa>Kuślin</sln:gmNazwa><sln:miejscIIPId>bcd6c93d-d357-4713-b89a-fd5849e5da7d</sln:miejscIIPId><sln:miejscIIPPn>PL.PZGIK.200</sln:miejscIIPPn><sln:miejscIIPWersja>2017-03-30T09:51:33+02:00</sln:miejscIIPWersja><sln:miejscIdTeryt>0587643</sln:miejscIdTeryt><sln:miejscNazwa>Trzcianka</sln:miejscNazwa><sln:miejscRodzaj>Wieś</sln:miejscRodzaj><sln:powIIPId>506e235c-2b59-4e2a-ab82-bf295e7449f5</sln:powIIPId><sln:powIIPPn>PL.PZGIK.200</sln:powIIPPn><sln:powIIPWersja>2012-09-27T08:59:03+02:00</sln:powIIPWersja><sln:powIdTeryt>3015</sln:powIdTeryt><sln:powNazwa>nowotomyski</sln:powNazwa><sln:waznyOd>2013-04-06T00:00:00+02:00</sln:waznyOd><sln:wojIIPId>c606b01a-76c8-480d-9470-f24ca0d7a613</sln:wojIIPId><sln:wojIIPPn>PL.PZGIK.200</sln:wojIIPPn><sln:wojIIPWersja>2016-05-05T18:20:48+02:00</sln:wojIIPWersja><sln:wojIdTeryt>30</sln:wojIdTeryt><sln:wojNazwa>wielkopolskie</sln:wojNazwa></sln:miejscowosc><sln:miejscowosc><sln:cyklZyciaOd>2017-03-30T00:00:00+02:00</sln:cyklZyciaOd><sln:gmIIPId>0c107260-8bff-4101-9864-b143c48b0035</sln:gmIIPId><sln:gmIIPPn>PL.PZGIK.200</sln:gmIIPPn><sln:gmIIPWersja>2012-09-26T22:22:35+02:00</sln:gmIIPWersja><sln:gmIdTeryt>3015012</sln:gmIdTeryt><sln:gmNazwa>Kuślin</sln:gmNazwa><sln:miejscIIPId>c17bd1bd-2f41-493e-9daf-186357370b32</sln:miejscIIPId><sln:miejscIIPPn>PL.PZGIK.200</sln:miejscIIPPn><sln:miejscIIPWersja>2017-03-30T09:51:33+02:00</sln:miejscIIPWersja><sln:miejscIdTeryt>0587650</sln:miejscIdTeryt><sln:miejscNazwa>Turkowo</sln:miejscNazwa><sln:miejscRodzaj>Wieś</sln:miejscRodzaj><sln:powIIPId>506e235c-2b59-4e2a-ab82-bf295e7449f5</sln:powIIPId><sln:powIIPPn>PL.PZGIK.200</sln:powIIPPn><sln:powIIPWersja>2012-09-27T08:59:03+02:00</sln:powIIPWersja><sln:powIdTeryt>3015</sln:powIdTeryt><sln:powNazwa>nowotomyski</sln:powNazwa><sln:waznyOd>2013-04-06T00:00:00+02:00</sln:waznyOd><sln:wojIIPId>c606b01a-76c8-480d-9470-f24ca0d7a613</sln:wojIIPId><sln:wojIIPPn>PL.PZGIK.200</sln:wojIIPPn><sln:wojIIPWersja>2016-05-05T18:20:48+02:00</sln:wojIIPWersja><sln:wojIdTeryt>30</sln:wojIdTeryt><sln:wojNazwa>wielkopolskie</sln:wojNazwa></sln:miejscowosc><sln:miejscowosc><sln:cyklZyciaOd>2017-03-30T00:00:00+02:00</sln:cyklZyciaOd><sln:gmIIPId>0c107260-8bff-4101-9864-b143c48b0035</sln:gmIIPId><sln:gmIIPPn>PL.PZGIK.200</sln:gmIIPPn><sln:gmIIPWersja>2012-09-26T22:22:35+02:00</sln:gmIIPWersja><sln:gmIdTeryt>3015012</sln:gmIdTeryt><sln:gmNazwa>Kuślin</sln:gmNazwa><sln:miejscIIPId>e36903e8-72b9-46df-94a5-ed95d2d60b6f</sln:miejscIIPId><sln:miejscIIPPn>PL.PZGIK.200</sln:miejscIIPPn><sln:miejscIIPWersja>2017-03-30T09:51:33+02:00</sln:miejscIIPWersja><sln:miejscIdTeryt>0587666</sln:miejscIdTeryt><sln:miejscNazwa>Wąsowo</sln:miejscNazwa><sln:miejscRodzaj>Wieś</sln:miejscRodzaj><sln:powIIPId>506e235c-2b59-4e2a-ab82-bf295e7449f5</sln:powIIPId><sln:powIIPPn>PL.PZGIK.200</sln:powIIPPn><sln:powIIPWersja>2012-09-27T08:59:03+02:00</sln:powIIPWersja><sln:powIdTeryt>3015</sln:powIdTeryt><sln:powNazwa>nowotomyski</sln:powNazwa><sln:waznyOd>2013-04-06T00:00:00+02:00</sln:waznyOd><sln:wojIIPId>c606b01a-76c8-480d-9470-f24ca0d7a613</sln:wojIIPId><sln:wojIIPPn>PL.PZGIK.200</sln:wojIIPPn><sln:wojIIPWersja>2016-05-05T18:20:48+02:00</sln:wojIIPWersja><sln:wojIdTeryt>30</sln:wojIdTeryt><sln:wojNazwa>wielkopolskie</sln:wojNazwa></sln:miejscowosc><sln:miejscowosc><sln:cyklZyciaOd>2017-03-30T00:00:00+02:00</sln:cyklZyciaOd><sln:gmIIPId>0c107260-8bff-4101-9864-b143c48b0035</sln:gmIIPId><sln:gmIIPPn>PL.PZGIK.200</sln:gmIIPPn><sln:gmIIPWersja>2012-09-26T22:22:35+02:00</sln:gmIIPWersja><sln:gmIdTeryt>3015012</sln:gmIdTeryt><sln:gmNazwa>Kuślin</sln:gmNazwa><sln:miejscIIPId>ca38f7d8-4c1b-42e5-929b-9b1560d71e88</sln:miejscIIPId><sln:miejscIIPPn>PL.PZGIK.200</sln:miejscIIPPn><sln:miejscIIPWersja>2017-03-30T09:51:33+02:00</sln:miejscIIPWersja><sln:miejscIdTeryt>0587689</sln:miejscIdTeryt><sln:miejscNazwa>Wąsówko</sln:miejscNazwa><sln:miejscRodzaj>Osada</sln:miejscRodzaj><sln:powIIPId>506e235c-2b59-4e2a-ab82-bf295e7449f5</sln:powIIPId><sln:powIIPPn>PL.PZGIK.200</sln:powIIPPn><sln:powIIPWersja>2012-09-27T08:59:03+02:00</sln:powIIPWersja><sln:powIdTeryt>3015</sln:powIdTeryt><sln:powNazwa>nowotomyski</sln:powNazwa><sln:waznyOd>2013-05-24T00:00:00+02:00</sln:waznyOd><sln:wojIIPId>c606b01a-76c8-480d-9470-f24ca0d7a613</sln:wojIIPId><sln:wojIIPPn>PL.PZGIK.200</sln:wojIIPPn><sln:wojIIPWersja>2016-05-05T18:20:48+02:00</sln:wojIIPWersja><sln:wojIdTeryt>30</sln:wojIdTeryt><sln:wojNazwa>wielkopolskie</sln:wojNazwa></sln:miejscowosc></sln:lista-miejscowosci>