<?xml version="1.0" encoding="UTF-8" standalone="yes"?><sln:lista-miejscowosci xmlns:srv="http://gugik.gov.pl/schemas/slowniki-service/1.0" xmlns:sln="http://gugik.gov.pl/schemas/slowniki-schema/1.0"><sln:miejscowosc><sln:cyklZyciaDo>2017-03-30T00:00:00+02:00</sln:cyklZyciaDo><sln:cyklZyciaOd>2016-02-01T00:00:00+01:00</sln:cyklZyciaOd><sln:gmIIPId>dd756e7a-61fe-4f89-8b82-9fa8f6ed3807</sln:gmIIPId><sln:gmIIPPn>PL.PZGIK.200</sln:gmIIPPn><sln:gmIIPWersja>2012-09-26T22:22:33+02:00</sln:gmIIPWersja><sln:gmIdTeryt>3014022</sln:gmIdTeryt><sln:gmNazwa>Kwilcz</sln:gmNazwa><sln:miejscIIPId>e630b2d7-f4a5-4943-8665-e2a348c51859</sln:miejscIIPId><sln:miejscIIPPn>PL.PZGIK.200</sln:miejscIIPPn><sln:miejscIIPWersja>2016-11-24T11:26:02+02:00</sln:miejscIIPWersja><sln:miejscIdTeryt>0587703</sln:miejscIdTeryt><sln:miejscNazwa>Augustowo</sln:miejscNazwa><sln:miejscRodzaj>Wieś</sln:miejscRodzaj><sln:powIIPId>5a132da9-151c-40d5-8bf7-b2920bf19960</sln:powIIPId><sln:powIIPPn>PL.PZGIK.200</sln:powIIPPn><sln:powIIPWersja>2012-09-27T08:59:03+02:00</sln:powIIPWersja><sln:powIdTeryt>3014</sln:powIdTeryt><sln:powNazwa>międzychodzki</sln:powNazwa><sln:waznyOd>2012-02-09T00:00:00+01:00</sln:waznyOd><sln:wojIIPId>c606b01a-76c8-480d-9470-f24ca0d7a613</sln:wojIIPId><sln:wojIIPPn>PL.PZGIK.200</sln:wojIIPPn><sln:wojIIPWersja>2016-05-05T18:20:48+02:00</sln:wojIIPWersja><sln:wojIdTeryt>30</sln:wojIdTeryt><sln:wojNazwa>wielkopolskie</sln:wojNazwa></sln:miejscowosc><sln:miejscowosc><sln:cyklZyciaDo>2017-03-30T00:00:00+02:00</sln:cyklZyciaDo><sln:cyklZyciaOd>2016-02-01T00:00:00+01:00</sln:cyklZyciaOd><sln:gmIIPId>dd756e7a-61fe-4f89-8b82-9fa8f6ed3807</sln:gmIIPId><sln:gmIIPPn>PL.PZGIK.200</sln:gmIIPPn><sln:gmIIPWersja>2012-09-26T22:22:33+02:00</sln:gmIIPWersja><sln:gmIdTeryt>3014022</sln:gmIdTeryt><sln:gmNazwa>Kwilcz</sln:gmNazwa><sln:miejscIIPId>b66c74f6-4095-452e-9a12-60645714f322</sln:miejscIIPId><sln:miejscIIPPn>PL.PZGIK.200</sln:miejscIIPPn><sln:miejscIIPWersja>2016-11-24T11:26:02+02:00</sln:miejscIIPWersja><sln:miejscIdTeryt>0587710</sln:miejscIdTeryt><sln:miejscNazwa>Chorzewo</sln:miejscNazwa><sln:miejscRodzaj>Wieś</sln:miejscRodzaj><sln:powIIPId>5a132da9-151c-40d5-8bf7-b2920bf19960</sln:powIIPId><sln:powIIPPn>PL.PZGIK.200</sln:powIIPPn><sln:powIIPWersja>2012-09-27T08:59:03+02:00</sln:powIIPWersja><sln:powIdTeryt>3014</sln:powIdTeryt><sln:powNazwa>międzychodzki</sln:powNazwa><sln:waznyOd>2012-02-09T00:00:00+01:00</sln:waznyOd><sln:wojIIPId>c606b01a-76c8-480d-9470-f24ca0d7a613</sln:wojIIPId><sln:wojIIPPn>PL.PZGIK.200</sln:wojIIPPn><sln:wojIIPWersja>2016-05-05T18:20:48+02:00</sln:wojIIPWersja><sln:wojIdTeryt>30</sln:wojIdTeryt><sln:wojNazwa>wielkopolskie</sln:wojNazwa></sln:miejscowosc><sln:miejscowosc><sln:cyklZyciaDo>2017-03-30T00:00:00+02:00</sln:cyklZyciaDo><sln:cyklZyciaOd>2016-02-01T00:00:00+01:00</sln:cyklZyciaOd><sln:gmIIPId>dd756e7a-61fe-4f89-8b82-9fa8f6ed3807</sln:gmIIPId><sln:gmIIPPn>PL.PZGIK.200</sln:gmIIPPn><sln:gmIIPWersja>2012-09-26T22:22:33+02:00</sln:gmIIPWersja><sln:gmIdTeryt>3014022</sln:gmIdTeryt><sln:gmNazwa>Kwilcz</sln:gmNazwa><sln:miejscIIPId>8d125f7e-9eef-4d57-8094-79782713d0d5</sln:miejscIIPId><sln:miejscIIPPn>PL.PZGIK.200</sln:miejscIIPPn><sln:miejscIIPWersja>2016-11-24T11:26:02+02:00</sln:miejscIIPWersja><sln:miejscIdTeryt>0587732</sln:miejscIdTeryt><sln:miejscNazwa>Chudobczyce</sln:miejscNazwa><sln:miejscRodzaj>Wieś</sln:miejscRodzaj><sln:powIIPId>5a132da9-151c-40d5-8bf7-b2920bf19960</sln:powIIPId><sln:powIIPPn>PL.PZGIK.200</sln:powIIPPn><sln:powIIPWersja>2012-09-27T08:59:03+02:00</sln:powIIPWersja><sln:powIdTeryt>3014</sln:powIdTeryt><sln:powNazwa>międzychodzki</sln:powNazwa><sln:waznyOd>2012-02-09T00:00:00+01:00</sln:waznyOd><sln:wojIIPId>c606b01a-76c8-480d-9470-f24ca0d7a613</sln:wojIIPId><sln:wojIIPPn>PL.PZGIK.200</sln:wojIIPPn><sln:wojIIPWersja>2016-05-05T18:20:48+02:00</sln:wojIIPWersja><sln:wojIdTeryt>30</sln:wojIdTeryt><sln:wojNazwa>wielkopolskie</sln:wojNazwa></sln:miejscowosc><sln:miejscowosc><sln:cyklZyciaDo>2017-03-30T00:00:00+02:00</sln:cyklZyciaDo><sln:cyklZyciaOd>2016-02-01T00:00:00+01:00</sln:cyklZyciaOd><sln:gmIIPId>dd756e7a-61fe-4f89-8b82-9fa8f6ed3807</sln:gmIIPId><sln:gmIIPPn>PL.PZGIK.200</sln:gmIIPPn><sln:gmIIPWersja>2012-09-26T22:22:33+02:00</sln:gmIIPWersja><sln:gmIdTeryt>3014022</sln:gmIdTeryt><sln:gmNazwa>Kwilcz</sln:gmNazwa><sln:miejscIIPId>2605c6d2-c56d-4d26-9328-805c07ae5110</sln:miejscIIPId><sln:miejscIIPPn>PL.PZGIK.200</sln:miejscIIPPn><sln:miejscIIPWersja>2016-11-24T11:26:02+02:00</sln:miejscIIPWersja><sln:miejscIdTeryt>0587749</sln:miejscIdTeryt><sln:miejscNazwa>Daleszynek</sln:miejscNazwa><sln:miejscRodzaj>Wieś</sln:miejscRodzaj><sln:powIIPId>5a132da9-151c-40d5-8bf7-b2920bf19960</sln:powIIPId><sln:powIIPPn>PL.PZGIK.200</sln:powIIPPn><sln:powIIPWersja>2012-09-27T08:59:03+02:00</sln:powIIPWersja><sln:powIdTeryt>3014</sln:powIdTeryt><sln:powNazwa>międzychodzki</sln:powNazwa><sln:waznyOd>2012-02-09T00:00:00+01:00</sln:waznyOd><sln:wojIIPId>c606b01a-76c8-480d-9470-f24ca0d7a613</sln:wojIIPId><sln:wojIIPPn>PL.PZGIK.200</sln:wojIIPPn><sln:wojIIPWersja>2016-05-05T18:20:48+02:00</sln:wojIIPWersja><sln:wojIdTeryt>30</sln:wojIdTeryt><sln:wojNazwa>wielkopolskie</sln:wojNazwa></sln:miejscowosc><sln:miejscowosc><sln:cyklZyciaDo>2017-03-30T00:00:00+02:00</sln:cyklZyciaDo><sln:cyklZyciaOd>2016-02-01T00:00:00+01:00</sln:cyklZyciaOd><sln:gmIIPId>dd756e7a-61fe-4f89-8b82-9fa8f6ed3807</sln:gmIIPId><sln:gmIIPPn>PL.PZGIK.200</sln:gmIIPPn><sln:gmIIPWersja>2012-09-26T22:22:33+02:00</sln:gmIIPWersja><sln:gmIdTeryt>3014022</sln:gmIdTeryt><sln:gmNazwa>Kwilcz</sln:gmNazwa><sln:miejscIIPId>11bb349c-ca38-4333-934d-7ef272a9ff0c</sln:miejscIIPId><sln:miejscIIPPn>PL.PZGIK.200</sln:miejscIIPPn><sln:miejscIIPWersja>2016-11-24T11:26:02+02:00</sln:miejscIIPWersja><sln:miejscIdTeryt>0587821</sln:miejscIdTeryt><sln:miejscNazwa>Dąbrowa</sln:miejscNazwa><sln:miejscRodzaj>Osada leśna</sln:miejscRodzaj><sln:powIIPId>5a132da9-151c-40d5-8bf7-b2920bf19960</sln:powIIPId><sln:powIIPPn>PL.PZGIK.200</sln:powIIPPn><sln:powIIPWersja>2012-09-27T08:59:03+02:00</sln:powIIPWersja><sln:powIdTeryt>3014</sln:powIdTeryt><sln:powNazwa>międzychodzki</sln:powNazwa><sln:waznyOd>2014-02-04T00:00:00+01:00</sln:waznyOd><sln:wojIIPId>c606b01a-76c8-480d-9470-f24ca0d7a613</sln:wojIIPId><sln:wojIIPPn>PL.PZGIK.200</sln:wojIIPPn><sln:wojIIPWersja>2016-05-05T18:20:48+02:00</sln:wojIIPWersja><sln:wojIdTeryt>30</sln:wojIdTeryt><sln:wojNazwa>wielkopolskie</sln:wojNazwa></sln:miejscowosc><sln:miejscowosc><sln:cyklZyciaDo>2017-03-30T00:00:00+02:00</sln:cyklZyciaDo><sln:cyklZyciaOd>2016-02-01T00:00:00+01:00</sln:cyklZyciaOd><sln:gmIIPId>dd756e7a-61fe-4f89-8b82-9fa8f6ed3807</sln:gmIIPId><sln:gmIIPPn>PL.PZGIK.200</sln:gmIIPPn><sln:gmIIPWersja>2012-09-26T22:22:33+02:00</sln:gmIIPWersja><sln:gmIdTeryt>3014022</sln:gmIdTeryt><sln:gmNazwa>Kwilcz</sln:gmNazwa><sln:miejscIIPId>461a5a59-4586-4304-881a-af0084efa068</sln:miejscIIPId><sln:miejscIIPPn>PL.PZGIK.200</sln:miejscIIPPn><sln:miejscIIPWersja>2016-11-24T11:26:02+02:00</sln:miejscIIPWersja><sln:miejscIdTeryt>0587755</sln:miejscIdTeryt><sln:miejscNazwa>Józefowo</sln:miejscNazwa><sln:miejscRodzaj>Przysiółek</sln:miejscRodzaj><sln:powIIPId>5a132da9-151c-40d5-8bf7-b2920bf19960</sln:powIIPId><sln:powIIPPn>PL.PZGIK.200</sln:powIIPPn><sln:powIIPWersja>2012-09-27T08:59:03+02:00</sln:powIIPWersja><sln:powIdTeryt>3014</sln:powIdTeryt><sln:powNazwa>międzychodzki</sln:powNazwa><sln:waznyOd>2012-02-09T00:00:00+01:00</sln:waznyOd><sln:wojIIPId>c606b01a-76c8-480d-9470-f24ca0d7a613</sln:wojIIPId><sln:wojIIPPn>PL.PZGIK.200</sln:wojIIPPn><sln:wojIIPWersja>2016-05-05T18:20:48+02:00</sln:wojIIPWersja><sln:wojIdTeryt>30</sln:wojIdTeryt><sln:wojNazwa>wielkopolskie</sln:wojNazwa></sln:miejscowosc><sln:miejscowosc><sln:cyklZyciaDo>2017-03-30T00:00:00+02:00</sln:cyklZyciaDo><sln:cyklZyciaOd>2016-02-01T00:00:00+01:00</sln:cyklZyciaOd><sln:gmIIPId>dd756e7a-61fe-4f89-8b82-9fa8f6ed3807</sln:gmIIPId><sln:gmIIPPn>PL.PZGIK.200</sln:gmIIPPn><sln:gmIIPWersja>2012-09-26T22:22:33+02:00</sln:gmIIPWersja><sln:gmIdTeryt>3014022</sln:gmIdTeryt><sln:gmNazwa>Kwilcz</sln:gmNazwa><sln:miejscIIPId>6a786407-ff18-46f6-a418-86204872421c</sln:miejscIIPId><sln:miejscIIPPn>PL.PZGIK.200</sln:miejscIIPPn><sln:miejscIIPWersja>2016-11-24T11:26:02+02:00</sln:miejscIIPWersja><sln:miejscIdTeryt>0587726</sln:miejscIdTeryt><sln:miejscNazwa>Karolewice</sln:miejscNazwa><sln:miejscRodzaj>Przysiółek</sln:miejscRodzaj><sln:powIIPId>5a132da9-151c-40d5-8bf7-b2920bf19960</sln:powIIPId><sln:powIIPPn>PL.PZGIK.200</sln:powIIPPn><sln:powIIPWersja>2012-09-27T08:59:03+02:00</sln:powIIPWersja><sln:powIdTeryt>3014</sln:powIdTeryt><sln:powNazwa>międzychodzki</sln:powNazwa><sln:waznyOd>2012-02-13T00:00:00+01:00</sln:waznyOd><sln:wojIIPId>c606b01a-76c8-480d-9470-f24ca0d7a613</sln:wojIIPId><sln:wojIIPPn>PL.PZGIK.200</sln:wojIIPPn><sln:wojIIPWersja>2016-05-05T18:20:48+02:00</sln:wojIIPWersja><sln:wojIdTeryt>30</sln:wojIdTeryt><sln:wojNazwa>wielkopolskie</sln:wojNazwa></sln:miejscowosc><sln:miejscowosc><sln:cyklZyciaDo>2017-03-30T00:00:00+02:00</sln:cyklZyciaDo><sln:cyklZyciaOd>2016-02-01T00:00:00+01:00</sln:cyklZyciaOd><sln:gmIIPId>dd756e7a-61fe-4f89-8b82-9fa8f6ed3807</sln:gmIIPId><sln:gmIIPPn>PL.PZGIK.200</sln:gmIIPPn><sln:gmIIPWersja>2012-09-26T22:22:33+02:00</sln:gmIIPWersja><sln:gmIdTeryt>3014022</sln:gmIdTeryt><sln:gmNazwa>Kwilcz</sln:gmNazwa><sln:miejscIIPId>f1f10cb0-7d55-4e6a-8bbd-e0bda08510de</sln:miejscIIPId><sln:miejscIIPPn>PL.PZGIK.200</sln:miejscIIPPn><sln:miejscIIPWersja>2016-11-24T11:26:02+02:00</sln:miejscIIPWersja><sln:miejscIdTeryt>0587962</sln:miejscIdTeryt><sln:miejscNazwa>Kozubówka</sln:miejscNazwa><sln:miejscRodzaj>Osada</sln:miejscRodzaj><sln:powIIPId>5a132da9-151c-40d5-8bf7-b2920bf19960</sln:powIIPId><sln:powIIPPn>PL.PZGIK.200</sln:powIIPPn><sln:powIIPWersja>2012-09-27T08:59:03+02:00</sln:powIIPWersja><sln:powIdTeryt>3014</sln:powIdTeryt><sln:powNazwa>międzychodzki</sln:powNazwa><sln:waznyOd>2012-02-10T00:00:00+01:00</sln:waznyOd><sln:wojIIPId>c606b01a-76c8-480d-9470-f24ca0d7a613</sln:wojIIPId><sln:wojIIPPn>PL.PZGIK.200</sln:wojIIPPn><sln:wojIIPWersja>2016-05-05T18:20:48+02:00</sln:wojIIPWersja><sln:wojIdTeryt>30</sln:wojIdTeryt><sln:wojNazwa>wielkopolskie</sln:wojNazwa></sln:miejscowosc><sln:miejscowosc><sln:cyklZyciaDo>2017-03-30T00:00:00+02:00</sln:cyklZyciaDo><sln:cyklZyciaOd>2016-02-01T00:00:00+01:00</sln:cyklZyciaOd><sln:gmIIPId>dd756e7a-61fe-4f89-8b82-9fa8f6ed3807</sln:gmIIPId><sln:gmIIPPn>PL.PZGIK.200</sln:gmIIPPn><sln:gmIIPWersja>2012-09-26T22:22:33+02:00</sln:gmIIPWersja><sln:gmIdTeryt>3014022</sln:gmIdTeryt><sln:gmNazwa>Kwilcz</sln:gmNazwa><sln:miejscIIPId>3995bd14-35aa-4d77-b993-96fbf00ca626</sln:miejscIIPId><sln:miejscIIPPn>PL.PZGIK.200</sln:miejscIIPPn><sln:miejscIIPWersja>2016-11-24T11:26:02+02:00</sln:miejscIIPWersja><sln:miejscIdTeryt>0587761</sln:miejscIdTeryt><sln:miejscNazwa>Kubowo</sln:miejscNazwa><sln:miejscRodzaj>Wieś</sln:miejscRodzaj><sln:powIIPId>5a132da9-151c-40d5-8bf7-b2920bf19960</sln:powIIPId><sln:powIIPPn>PL.PZGIK.200</sln:powIIPPn><sln:powIIPWersja>2012-09-27T08:59:03+02:00</sln:powIIPWersja><sln:powIdTeryt>3014</sln:powIdTeryt><sln:powNazwa>międzychodzki</sln:powNazwa><sln:waznyOd>2012-02-09T00:00:00+01:00</sln:waznyOd><sln:wojIIPId>c606b01a-76c8-480d-9470-f24ca0d7a613</sln:wojIIPId><sln:wojIIPPn>PL.PZGIK.200</sln:wojIIPPn><sln:wojIIPWersja>2016-05-05T18:20:48+02:00</sln:wojIIPWersja><sln:wojIdTeryt>30</sln:wojIdTeryt><sln:wojNazwa>wielkopolskie</sln:wojNazwa></sln:miejscowosc><sln:miejscowosc><sln:cyklZyciaDo>2017-03-30T00:00:00+02:00</sln:cyklZyciaDo><sln:cyklZyciaOd>2016-02-01T00:00:00+01:00</sln:cyklZyciaOd><sln:gmIIPId>dd756e7a-61fe-4f89-8b82-9fa8f6ed3807</sln:gmIIPId><sln:gmIIPPn>PL.PZGIK.200</sln:gmIIPPn><sln:gmIIPWersja>2012-09-26T22:22:33+02:00</sln:gmIIPWersja><sln:gmIdTeryt>3014022</sln:gmIdTeryt><sln:gmNazwa>Kwilcz</sln:gmNazwa><sln:miejscIIPId>40ca2ea5-d599-4391-a51b-8234b97a562f</sln:miejscIIPId><sln:miejscIIPPn>PL.PZGIK.200</sln:miejscIIPPn><sln:miejscIIPWersja>2016-11-24T11:26:02+02:00</sln:miejscIIPWersja><sln:miejscIdTeryt>0587784</sln:miejscIdTeryt><sln:miejscNazwa>Kurnatowice</sln:miejscNazwa><sln:miejscRodzaj>Wieś</sln:miejscRodzaj><sln:powIIPId>5a132da9-151c-40d5-8bf7-b2920bf19960</sln:powIIPId><sln:powIIPPn>PL.PZGIK.200</sln:powIIPPn><sln:powIIPWersja>2012-09-27T08:59:03+02:00</sln:powIIPWersja><sln:powIdTeryt>3014</sln:powIdTeryt><sln:powNazwa>międzychodzki</sln:powNazwa><sln:waznyOd>2012-02-09T00:00:00+01:00</sln:waznyOd><sln:wojIIPId>c606b01a-76c8-480d-9470-f24ca0d7a613</sln:wojIIPId><sln:wojIIPPn>PL.PZGIK.200</sln:wojIIPPn><sln:wojIIPWersja>2016-05-05T18:20:48+02:00</sln:wojIIPWersja><sln:wojIdTeryt>30</sln:wojIdTeryt><sln:wojNazwa>wielkopolskie</sln:wojNazwa></sln:miejscowosc><sln:miejscowosc><sln:cyklZyciaDo>2017-03-30T00:00:00+02:00</sln:cyklZyciaDo><sln:cyklZyciaOd>2016-02-01T00:00:00+01:00</sln:cyklZyciaOd><sln:gmIIPId>dd756e7a-61fe-4f89-8b82-9fa8f6ed3807</sln:gmIIPId><sln:gmIIPPn>PL.PZGIK.200</sln:gmIIPPn><sln:gmIIPWersja>2012-09-26T22:22:33+02:00</sln:gmIIPWersja><sln:gmIdTeryt>3014022</sln:gmIdTeryt><sln:gmNazwa>Kwilcz</sln:gmNazwa><sln:miejscIIPId>179eaefe-9a3a-4a38-890a-fc3cde7b08ab</sln:miejscIIPId><sln:miejscIIPPn>PL.PZGIK.200</sln:miejscIIPPn><sln:miejscIIPWersja>2016-11-24T11:26:02+02:00</sln:miejscIIPWersja><sln:miejscIdTeryt>0587809</sln:miejscIdTeryt><sln:miejscNazwa>Kwilcz</sln:miejscNazwa><sln:miejscRodzaj>Wieś</sln:miejscRodzaj><sln:powIIPId>5a132da9-151c-40d5-8bf7-b2920bf19960</sln:powIIPId><sln:powIIPPn>PL.PZGIK.200</sln:powIIPPn><sln:powIIPWersja>2012-09-27T08:59:03+02:00</sln:powIIPWersja><sln:powIdTeryt>3014</sln:powIdTeryt><sln:powNazwa>międzychodzki</sln:powNazwa><sln:waznyOd>2012-02-09T00:00:00+01:00</sln:waznyOd><sln:wojIIPId>c606b01a-76c8-480d-9470-f24ca0d7a613</sln:wojIIPId><sln:wojIIPPn>PL.PZGIK.200</sln:wojIIPPn><sln:wojIIPWersja>2016-05-05T18:20:48+02:00</sln:wojIIPWersja><sln:wojIdTeryt>30</sln:wojIdTeryt><sln:wojNazwa>wielkopolskie</sln:wojNazwa></sln:miejscowosc><sln:miejscowosc><sln:cyklZyciaDo>2017-03-30T00:00:00+02:00</sln:cyklZyciaDo><sln:cyklZyciaOd>2016-02-01T00:00:00+01:00</sln:cyklZyciaOd><sln:gmIIPId>dd756e7a-61fe-4f89-8b82-9fa8f6ed3807</sln:gmIIPId><sln:gmIIPPn>PL.PZGIK.200</sln:gmIIPPn><sln:gmIIPWersja>2012-09-26T22:22:33+02:00</sln:gmIIPWersja><sln:gmIdTeryt>3014022</sln:gmIdTeryt><sln:gmNazwa>Kwilcz</sln:gmNazwa><sln:miejscIIPId>50c2fd64-e18f-48aa-8344-33139f9d3b32</sln:miejscIIPId><sln:miejscIIPPn>PL.PZGIK.200</sln:miejscIIPPn><sln:miejscIIPWersja>2016-11-24T11:26:02+02:00</sln:miejscIIPWersja><sln:miejscIdTeryt>0587815</sln:miejscIdTeryt><sln:miejscNazwa>Leśnik</sln:miejscNazwa><sln:miejscRodzaj>Inny obiekt</sln:miejscRodzaj><sln:powIIPId>5a132da9-151c-40d5-8bf7-b2920bf19960</sln:powIIPId><sln:powIIPPn>PL.PZGIK.200</sln:powIIPPn><sln:powIIPWersja>2012-09-27T08:59:03+02:00</sln:powIIPWersja><sln:powIdTeryt>3014</sln:powIdTeryt><sln:powNazwa>międzychodzki</sln:powNazwa><sln:waznyOd>2014-02-04T00:00:00+01:00</sln:waznyOd><sln:wojIIPId>c606b01a-76c8-480d-9470-f24ca0d7a613</sln:wojIIPId><sln:wojIIPPn>PL.PZGIK.200</sln:wojIIPPn><sln:wojIIPWersja>2016-05-05T18:20:48+02:00</sln:wojIIPWersja><sln:wojIdTeryt>30</sln:wojIdTeryt><sln:wojNazwa>wielkopolskie</sln:wojNazwa></sln:miejscowosc><sln:miejscowosc><sln:cyklZyciaDo>2017-03-30T00:00:00+02:00</sln:cyklZyciaDo><sln:cyklZyciaOd>2016-02-01T00:00:00+01:00</sln:cyklZyciaOd><sln:gmIIPId>dd756e7a-61fe-4f89-8b82-9fa8f6ed3807</sln:gmIIPId><sln:gmIIPPn>PL.PZGIK.200</sln:gmIIPPn><sln:gmIIPWersja>2012-09-26T22:22:33+02:00</sln:gmIIPWersja><sln:gmIdTeryt>3014022</sln:gmIdTeryt><sln:gmNazwa>Kwilcz</sln:gmNazwa><sln:miejscIIPId>ba140dc9-9e39-4197-9daa-f28c2b97d7ec</sln:miejscIIPId><sln:miejscIIPPn>PL.PZGIK.200</sln:miejscIIPPn><sln:miejscIIPWersja>2016-11-24T11:26:02+02:00</sln:miejscIIPWersja><sln:miejscIdTeryt>0587867</sln:miejscIdTeryt><sln:miejscNazwa>Lubosz</sln:miejscNazwa><sln:miejscRodzaj>Wieś</sln:miejscRodzaj><sln:powIIPId>5a132da9-151c-40d5-8bf7-b2920bf19960</sln:powIIPId><sln:powIIPPn>PL.PZGIK.200</sln:powIIPPn><sln:powIIPWersja>2012-09-27T08:59:03+02:00</sln:powIIPWersja><sln:powIdTeryt>3014</sln:powIdTeryt><sln:powNazwa>międzychodzki</sln:powNazwa><sln:waznyOd>2012-02-09T00:00:00+01:00</sln:waznyOd><sln:wojIIPId>c606b01a-76c8-480d-9470-f24ca0d7a613</sln:wojIIPId><sln:wojIIPPn>PL.PZGIK.200</sln:wojIIPPn><sln:wojIIPWersja>2016-05-05T18:20:48+02:00</sln:wojIIPWersja><sln:wojIdTeryt>30</sln:wojIdTeryt><sln:wojNazwa>wielkopolskie</sln:wojNazwa></sln:miejscowosc><sln:miejscowosc><sln:cyklZyciaDo>2017-03-30T00:00:00+02:00</sln:cyklZyciaDo><sln:cyklZyciaOd>2016-02-01T00:00:00+01:00</sln:cyklZyciaOd><sln:gmIIPId>dd756e7a-61fe-4f89-8b82-9fa8f6ed3807</sln:gmIIPId><sln:gmIIPPn>PL.PZGIK.200</sln:gmIIPPn><sln:gmIIPWersja>2012-09-26T22:22:33+02:00</sln:gmIIPWersja><sln:gmIdTeryt>3014022</sln:gmIdTeryt><sln:gmNazwa>Kwilcz</sln:gmNazwa><sln:miejscIIPId>1760cf37-27fd-493c-a96a-9af5f523e3af</sln:miejscIIPId><sln:miejscIIPPn>PL.PZGIK.200</sln:miejscIIPPn><sln:miejscIIPWersja>2016-11-24T11:26:02+02:00</sln:miejscIIPWersja><sln:miejscIdTeryt>0587873</sln:miejscIdTeryt><sln:miejscNazwa>Mechnacz</sln:miejscNazwa><sln:miejscRodzaj>Wieś</sln:miejscRodzaj><sln:powIIPId>5a132da9-151c-40d5-8bf7-b2920bf19960</sln:powIIPId><sln:powIIPPn>PL.PZGIK.200</sln:powIIPPn><sln:powIIPWersja>2012-09-27T08:59:03+02:00</sln:powIIPWersja><sln:powIdTeryt>3014</sln:powIdTeryt><sln:powNazwa>międzychodzki</sln:powNazwa><sln:waznyOd>2012-02-10T00:00:00+01:00</sln:waznyOd><sln:wojIIPId>c606b01a-76c8-480d-9470-f24ca0d7a613</sln:wojIIPId><sln:wojIIPPn>PL.PZGIK.200</sln:wojIIPPn><sln:wojIIPWersja>2016-05-05T18:20:48+02:00</sln:wojIIPWersja><sln:wojIdTeryt>30</sln:wojIdTeryt><sln:wojNazwa>wielkopolskie</sln:wojNazwa></sln:miejscowosc><sln:miejscowosc><sln:cyklZyciaDo>2017-03-30T00:00:00+02:00</sln:cyklZyciaDo><sln:cyklZyciaOd>2016-02-01T00:00:00+01:00</sln:cyklZyciaOd><sln:gmIIPId>dd756e7a-61fe-4f89-8b82-9fa8f6ed3807</sln:gmIIPId><sln:gmIIPPn>PL.PZGIK.200</sln:gmIIPPn><sln:gmIIPWersja>2012-09-26T22:22:33+02:00</sln:gmIIPWersja><sln:gmIdTeryt>3014022</sln:gmIdTeryt><sln:gmNazwa>Kwilcz</sln:gmNazwa><sln:miejscIIPId>49596e7f-d86f-46dd-a6fe-2c9151071e7b</sln:miejscIIPId><sln:miejscIIPPn>PL.PZGIK.200</sln:miejscIIPPn><sln:miejscIIPWersja>2016-11-24T11:26:02+02:00</sln:miejscIIPWersja><sln:miejscIdTeryt>0587896</sln:miejscIdTeryt><sln:miejscNazwa>Miłostowo</sln:miejscNazwa><sln:miejscRodzaj>Wieś</sln:miejscRodzaj><sln:powIIPId>5a132da9-151c-40d5-8bf7-b2920bf19960</sln:powIIPId><sln:powIIPPn>PL.PZGIK.200</sln:powIIPPn><sln:powIIPWersja>2012-09-27T08:59:03+02:00</sln:powIIPWersja><sln:powIdTeryt>3014</sln:powIdTeryt><sln:powNazwa>międzychodzki</sln:powNazwa><sln:waznyOd>2012-02-09T00:00:00+01:00</sln:waznyOd><sln:wojIIPId>c606b01a-76c8-480d-9470-f24ca0d7a613</sln:wojIIPId><sln:wojIIPPn>PL.PZGIK.200</sln:wojIIPPn><sln:wojIIPWersja>2016-05-05T18:20:48+02:00</sln:wojIIPWersja><sln:wojIdTeryt>30</sln:wojIdTeryt><sln:wojNazwa>wielkopolskie</sln:wojNazwa></sln:miejscowosc><sln:miejscowosc><sln:cyklZyciaDo>2017-03-30T00:00:00+02:00</sln:cyklZyciaDo><sln:cyklZyciaOd>2016-02-01T00:00:00+01:00</sln:cyklZyciaOd><sln:gmIIPId>dd756e7a-61fe-4f89-8b82-9fa8f6ed3807</sln:gmIIPId><sln:gmIIPPn>PL.PZGIK.200</sln:gmIIPPn><sln:gmIIPWersja>2012-09-26T22:22:33+02:00</sln:gmIIPWersja><sln:gmIdTeryt>3014022</sln:gmIdTeryt><sln:gmNazwa>Kwilcz</sln:gmNazwa><sln:miejscIIPId>a8a9e2ea-681e-4109-ad9b-f97264133f8d</sln:miejscIIPId><sln:miejscIIPPn>PL.PZGIK.200</sln:miejscIIPPn><sln:miejscIIPWersja>2016-11-24T11:26:02+02:00</sln:miejscIIPWersja><sln:miejscIdTeryt>0587904</sln:miejscIdTeryt><sln:miejscNazwa>Mościejewo</sln:miejscNazwa><sln:miejscRodzaj>Wieś</sln:miejscRodzaj><sln:powIIPId>5a132da9-151c-40d5-8bf7-b2920bf19960</sln:powIIPId><sln:powIIPPn>PL.PZGIK.200</sln:powIIPPn><sln:powIIPWersja>2012-09-27T08:59:03+02:00</sln:powIIPWersja><sln:powIdTeryt>3014</sln:powIdTeryt><sln:powNazwa>międzychodzki</sln:powNazwa><sln:waznyOd>2012-02-09T00:00:00+01:00</sln:waznyOd><sln:wojIIPId>c606b01a-76c8-480d-9470-f24ca0d7a613</sln:wojIIPId><sln:wojIIPPn>PL.PZGIK.200</sln:wojIIPPn><sln:wojIIPWersja>2016-05-05T18:20:48+02:00</sln:wojIIPWersja><sln:wojIdTeryt>30</sln:wojIdTeryt><sln:wojNazwa>wielkopolskie</sln:wojNazwa></sln:miejscowosc><sln:miejscowosc><sln:cyklZyciaDo>2017-03-30T00:00:00+02:00</sln:cyklZyciaDo><sln:cyklZyciaOd>2016-02-01T00:00:00+01:00</sln:cyklZyciaOd><sln:gmIIPId>dd756e7a-61fe-4f89-8b82-9fa8f6ed3807</sln:gmIIPId><sln:gmIIPPn>PL.PZGIK.200</sln:gmIIPPn><sln:gmIIPWersja>2012-09-26T22:22:33+02:00</sln:gmIIPWersja><sln:gmIdTeryt>3014022</sln:gmIdTeryt><sln:gmNazwa>Kwilcz</sln:gmNazwa><sln:miejscIIPId>7a33a3c2-c572-4073-ac21-7b5ee0594f3f</sln:miejscIIPId><sln:miejscIIPPn>PL.PZGIK.200</sln:miejscIIPPn><sln:miejscIIPWersja>2016-11-24T11:26:02+02:00</sln:miejscIIPWersja><sln:miejscIdTeryt>0587940</sln:miejscIdTeryt><sln:miejscNazwa>Niemierzewo</sln:miejscNazwa><sln:miejscRodzaj>Wieś</sln:miejscRodzaj><sln:powIIPId>5a132da9-151c-40d5-8bf7-b2920bf19960</sln:powIIPId><sln:powIIPPn>PL.PZGIK.200</sln:powIIPPn><sln:powIIPWersja>2012-09-27T08:59:03+02:00</sln:powIIPWersja><sln:powIdTeryt>3014</sln:powIdTeryt><sln:powNazwa>międzychodzki</sln:powNazwa><sln:waznyOd>2012-02-09T00:00:00+01:00</sln:waznyOd><sln:wojIIPId>c606b01a-76c8-480d-9470-f24ca0d7a613</sln:wojIIPId><sln:wojIIPPn>PL.PZGIK.200</sln:wojIIPPn><sln:wojIIPWersja>2016-05-05T18:20:48+02:00</sln:wojIIPWersja><sln:wojIdTeryt>30</sln:wojIdTeryt><sln:wojNazwa>wielkopolskie</sln:wojNazwa></sln:miejscowosc><sln:miejscowosc><sln:cyklZyciaDo>2017-03-30T00:00:00+02:00</sln:cyklZyciaDo><sln:cyklZyciaOd>2016-02-01T00:00:00+01:00</sln:cyklZyciaOd><sln:gmIIPId>dd756e7a-61fe-4f89-8b82-9fa8f6ed3807</sln:gmIIPId><sln:gmIIPPn>PL.PZGIK.200</sln:gmIIPPn><sln:gmIIPWersja>2012-09-26T22:22:33+02:00</sln:gmIIPWersja><sln:gmIdTeryt>3014022</sln:gmIdTeryt><sln:gmNazwa>Kwilcz</sln:gmNazwa><sln:miejscIIPId>377db556-c201-4d03-8030-1dc74cef3d33</sln:miejscIIPId><sln:miejscIIPPn>PL.PZGIK.200</sln:miejscIIPPn><sln:miejscIIPWersja>2016-11-24T11:26:02+02:00</sln:miejscIIPWersja><sln:miejscIdTeryt>0587838</sln:miejscIdTeryt><sln:miejscNazwa>Nowa Dąbrowa</sln:miejscNazwa><sln:miejscRodzaj>Osada</sln:miejscRodzaj><sln:powIIPId>5a132da9-151c-40d5-8bf7-b2920bf19960</sln:powIIPId><sln:powIIPPn>PL.PZGIK.200</sln:powIIPPn><sln:powIIPWersja>2012-09-27T08:59:03+02:00</sln:powIIPWersja><sln:powIdTeryt>3014</sln:powIdTeryt><sln:powNazwa>międzychodzki</sln:powNazwa><sln:waznyOd>2012-02-09T00:00:00+01:00</sln:waznyOd><sln:wojIIPId>c606b01a-76c8-480d-9470-f24ca0d7a613</sln:wojIIPId><sln:wojIIPPn>PL.PZGIK.200</sln:wojIIPPn><sln:wojIIPWersja>2016-05-05T18:20:48+02:00</sln:wojIIPWersja><sln:wojIdTeryt>30</sln:wojIdTeryt><sln:wojNazwa>wielkopolskie</sln:wojNazwa></sln:miejscowosc><sln:miejscowosc><sln:cyklZyciaDo>2017-03-30T00:00:00+02:00</sln:cyklZyciaDo><sln:cyklZyciaOd>2016-02-01T00:00:00+01:00</sln:cyklZyciaOd><sln:gmIIPId>dd756e7a-61fe-4f89-8b82-9fa8f6ed3807</sln:gmIIPId><sln:gmIIPPn>PL.PZGIK.200</sln:gmIIPPn><sln:gmIIPWersja>2012-09-26T22:22:33+02:00</sln:gmIIPWersja><sln:gmIdTeryt>3014022</sln:gmIdTeryt><sln:gmNazwa>Kwilcz</sln:gmNazwa><sln:miejscIIPId>e55623a6-3ea9-459f-9eb5-a13af433ac26</sln:miejscIIPId><sln:miejscIIPPn>PL.PZGIK.200</sln:miejscIIPPn><sln:miejscIIPWersja>2016-11-24T11:26:02+02:00</sln:miejscIIPWersja><sln:miejscIdTeryt>0587844</sln:miejscIdTeryt><sln:miejscNazwa>Nowy Młyn</sln:miejscNazwa><sln:miejscRodzaj>Osada</sln:miejscRodzaj><sln:powIIPId>5a132da9-151c-40d5-8bf7-b2920bf19960</sln:powIIPId><sln:powIIPPn>PL.PZGIK.200</sln:powIIPPn><sln:powIIPWersja>2012-09-27T08:59:03+02:00</sln:powIIPWersja><sln:powIdTeryt>3014</sln:powIdTeryt><sln:powNazwa>międzychodzki</sln:powNazwa><sln:waznyOd>2012-02-09T00:00:00+01:00</sln:waznyOd><sln:wojIIPId>c606b01a-76c8-480d-9470-f24ca0d7a613</sln:wojIIPId><sln:wojIIPPn>PL.PZGIK.200</sln:wojIIPPn><sln:wojIIPWersja>2016-05-05T18:20:48+02:00</sln:wojIIPWersja><sln:wojIdTeryt>30</sln:wojIdTeryt><sln:wojNazwa>wielkopolskie</sln:wojNazwa></sln:miejscowosc><sln:miejscowosc><sln:cyklZyciaDo>2017-03-30T00:00:00+02:00</sln:cyklZyciaDo><sln:cyklZyciaOd>2016-02-01T00:00:00+01:00</sln:cyklZyciaOd><sln:gmIIPId>dd756e7a-61fe-4f89-8b82-9fa8f6ed3807</sln:gmIIPId><sln:gmIIPPn>PL.PZGIK.200</sln:gmIIPPn><sln:gmIIPWersja>2012-09-26T22:22:33+02:00</sln:gmIIPWersja><sln:gmIdTeryt>3014022</sln:gmIdTeryt><sln:gmNazwa>Kwilcz</sln:gmNazwa><sln:miejscIIPId>cf3d14cc-7e94-42fd-899c-9b755b61e72b</sln:miejscIIPId><sln:miejscIIPPn>PL.PZGIK.200</sln:miejscIIPPn><sln:miejscIIPWersja>2016-11-24T11:26:02+02:00</sln:miejscIIPWersja><sln:miejscIdTeryt>0587956</sln:miejscIdTeryt><sln:miejscNazwa>Orzeszkowo</sln:miejscNazwa><sln:miejscRodzaj>Wieś</sln:miejscRodzaj><sln:powIIPId>5a132da9-151c-40d5-8bf7-b2920bf19960</sln:powIIPId><sln:powIIPPn>PL.PZGIK.200</sln:powIIPPn><sln:powIIPWersja>2012-09-27T08:59:03+02:00</sln:powIIPWersja><sln:powIdTeryt>3014</sln:powIdTeryt><sln:powNazwa>międzychodzki</sln:powNazwa><sln:waznyOd>2012-02-09T00:00:00+01:00</sln:waznyOd><sln:wojIIPId>c606b01a-76c8-480d-9470-f24ca0d7a613</sln:wojIIPId><sln:wojIIPPn>PL.PZGIK.200</sln:wojIIPPn><sln:wojIIPWersja>2016-05-05T18:20:48+02:00</sln:wojIIPWersja><sln:wojIdTeryt>30</sln:wojIdTeryt><sln:wojNazwa>wielkopolskie</sln:wojNazwa></sln:miejscowosc><sln:miejscowosc><sln:cyklZyciaDo>2017-03-30T00:00:00+02:00</sln:cyklZyciaDo><sln:cyklZyciaOd>2016-02-01T00:00:00+01:00</sln:cyklZyciaOd><sln:gmIIPId>dd756e7a-61fe-4f89-8b82-9fa8f6ed3807</sln:gmIIPId><sln:gmIIPPn>PL.PZGIK.200</sln:gmIIPPn><sln:gmIIPWersja>2012-09-26T22:22:33+02:00</sln:gmIIPWersja><sln:gmIdTeryt>3014022</sln:gmIdTeryt><sln:gmNazwa>Kwilcz</sln:gmNazwa><sln:miejscIIPId>dc13433e-a694-4076-8ee1-e7324dc7539c</sln:miejscIIPId><sln:miejscIIPPn>PL.PZGIK.200</sln:miejscIIPPn><sln:miejscIIPWersja>2016-11-24T11:26:02+02:00</sln:miejscIIPWersja><sln:miejscIdTeryt>0587979</sln:miejscIdTeryt><sln:miejscNazwa>Pólko</sln:miejscNazwa><sln:miejscRodzaj>Przysiółek</sln:miejscRodzaj><sln:powIIPId>5a132da9-151c-40d5-8bf7-b2920bf19960</sln:powIIPId><sln:powIIPPn>PL.PZGIK.200</sln:powIIPPn><sln:powIIPWersja>2012-09-27T08:59:03+02:00</sln:powIIPWersja><sln:powIdTeryt>3014</sln:powIdTeryt><sln:powNazwa>międzychodzki</sln:powNazwa><sln:waznyOd>2012-02-09T00:00:00+01:00</sln:waznyOd><sln:wojIIPId>c606b01a-76c8-480d-9470-f24ca0d7a613</sln:wojIIPId><sln:wojIIPPn>PL.PZGIK.200</sln:wojIIPPn><sln:wojIIPWersja>2016-05-05T18:20:48+02:00</sln:wojIIPWersja><sln:wojIdTeryt>30</sln:wojIdTeryt><sln:wojNazwa>wielkopolskie</sln:wojNazwa></sln:miejscowosc><sln:miejscowosc><sln:cyklZyciaDo>2017-03-30T00:00:00+02:00</sln:cyklZyciaDo><sln:cyklZyciaOd>2016-02-01T00:00:00+01:00</sln:cyklZyciaOd><sln:gmIIPId>dd756e7a-61fe-4f89-8b82-9fa8f6ed3807</sln:gmIIPId><sln:gmIIPPn>PL.PZGIK.200</sln:gmIIPPn><sln:gmIIPWersja>2012-09-26T22:22:33+02:00</sln:gmIIPWersja><sln:gmIdTeryt>3014022</sln:gmIdTeryt><sln:gmNazwa>Kwilcz</sln:gmNazwa><sln:miejscIIPId>47d4b072-eb78-4837-8b2f-20e6ba5a2be7</sln:miejscIIPId><sln:miejscIIPPn>PL.PZGIK.200</sln:miejscIIPPn><sln:miejscIIPWersja>2016-11-24T11:26:02+02:00</sln:miejscIIPWersja><sln:miejscIdTeryt>0587985</sln:miejscIdTeryt><sln:miejscNazwa>Prusim</sln:miejscNazwa><sln:miejscRodzaj>Wieś</sln:miejscRodzaj><sln:powIIPId>5a132da9-151c-40d5-8bf7-b2920bf19960</sln:powIIPId><sln:powIIPPn>PL.PZGIK.200</sln:powIIPPn><sln:powIIPWersja>2012-09-27T08:59:03+02:00</sln:powIIPWersja><sln:powIdTeryt>3014</sln:powIdTeryt><sln:powNazwa>międzychodzki</sln:powNazwa><sln:waznyOd>2012-02-09T00:00:00+01:00</sln:waznyOd><sln:wojIIPId>c606b01a-76c8-480d-9470-f24ca0d7a613</sln:wojIIPId><sln:wojIIPPn>PL.PZGIK.200</sln:wojIIPPn><sln:wojIIPWersja>2016-05-05T18:20:48+02:00</sln:wojIIPWersja><sln:wojIdTeryt>30</sln:wojIdTeryt><sln:wojNazwa>wielkopolskie</sln:wojNazwa></sln:miejscowosc><sln:miejscowosc><sln:cyklZyciaDo>2017-03-30T00:00:00+02:00</sln:cyklZyciaDo><sln:cyklZyciaOd>2016-02-01T00:00:00+01:00</sln:cyklZyciaOd><sln:gmIIPId>dd756e7a-61fe-4f89-8b82-9fa8f6ed3807</sln:gmIIPId><sln:gmIIPPn>PL.PZGIK.200</sln:gmIIPPn><sln:gmIIPWersja>2012-09-26T22:22:33+02:00</sln:gmIIPWersja><sln:gmIdTeryt>3014022</sln:gmIdTeryt><sln:gmNazwa>Kwilcz</sln:gmNazwa><sln:miejscIIPId>926896c5-aaee-473d-b338-22254c86d244</sln:miejscIIPId><sln:miejscIIPPn>PL.PZGIK.200</sln:miejscIIPPn><sln:miejscIIPWersja>2016-11-24T11:26:02+02:00</sln:miejscIIPWersja><sln:miejscIdTeryt>0587991</sln:miejscIdTeryt><sln:miejscNazwa>Rozbitek</sln:miejscNazwa><sln:miejscRodzaj>Wieś</sln:miejscRodzaj><sln:powIIPId>5a132da9-151c-40d5-8bf7-b2920bf19960</sln:powIIPId><sln:powIIPPn>PL.PZGIK.200</sln:powIIPPn><sln:powIIPWersja>2012-09-27T08:59:03+02:00</sln:powIIPWersja><sln:powIdTeryt>3014</sln:powIdTeryt><sln:powNazwa>międzychodzki</sln:powNazwa><sln:waznyOd>2012-02-10T00:00:00+01:00</sln:waznyOd><sln:wojIIPId>c606b01a-76c8-480d-9470-f24ca0d7a613</sln:wojIIPId><sln:wojIIPPn>PL.PZGIK.200</sln:wojIIPPn><sln:wojIIPWersja>2016-05-05T18:20:48+02:00</sln:wojIIPWersja><sln:wojIdTeryt>30</sln:wojIdTeryt><sln:wojNazwa>wielkopolskie</sln:wojNazwa></sln:miejscowosc><sln:miejscowosc><sln:cyklZyciaDo>2017-03-30T00:00:00+02:00</sln:cyklZyciaDo><sln:cyklZyciaOd>2016-02-01T00:00:00+01:00</sln:cyklZyciaOd><sln:gmIIPId>dd756e7a-61fe-4f89-8b82-9fa8f6ed3807</sln:gmIIPId><sln:gmIIPPn>PL.PZGIK.200</sln:gmIIPPn><sln:gmIIPWersja>2012-09-26T22:22:33+02:00</sln:gmIIPWersja><sln:gmIdTeryt>3014022</sln:gmIdTeryt><sln:gmNazwa>Kwilcz</sln:gmNazwa><sln:miejscIIPId>832a7f50-909c-45a6-b010-915c5ee5c42d</sln:miejscIIPId><sln:miejscIIPPn>PL.PZGIK.200</sln:miejscIIPPn><sln:miejscIIPWersja>2016-11-24T11:26:02+02:00</sln:miejscIIPWersja><sln:miejscIdTeryt>0587778</sln:miejscIdTeryt><sln:miejscNazwa>Stara Dąbrowa</sln:miejscNazwa><sln:miejscRodzaj>Wieś</sln:miejscRodzaj><sln:powIIPId>5a132da9-151c-40d5-8bf7-b2920bf19960</sln:powIIPId><sln:powIIPPn>PL.PZGIK.200</sln:powIIPPn><sln:powIIPWersja>2012-09-27T08:59:03+02:00</sln:powIIPWersja><sln:powIdTeryt>3014</sln:powIdTeryt><sln:powNazwa>międzychodzki</sln:powNazwa><sln:waznyOd>2012-02-09T00:00:00+01:00</sln:waznyOd><sln:wojIIPId>c606b01a-76c8-480d-9470-f24ca0d7a613</sln:wojIIPId><sln:wojIIPPn>PL.PZGIK.200</sln:wojIIPPn><sln:wojIIPWersja>2016-05-05T18:20:48+02:00</sln:wojIIPWersja><sln:wojIdTeryt>30</sln:wojIdTeryt><sln:wojNazwa>wielkopolskie</sln:wojNazwa></sln:miejscowosc><sln:miejscowosc><sln:cyklZyciaDo>2017-03-30T00:00:00+02:00</sln:cyklZyciaDo><sln:cyklZyciaOd>2016-02-01T00:00:00+01:00</sln:cyklZyciaOd><sln:gmIIPId>dd756e7a-61fe-4f89-8b82-9fa8f6ed3807</sln:gmIIPId><sln:gmIIPPn>PL.PZGIK.200</sln:gmIIPPn><sln:gmIIPWersja>2012-09-26T22:22:33+02:00</sln:gmIIPWersja><sln:gmIdTeryt>3014022</sln:gmIdTeryt><sln:gmNazwa>Kwilcz</sln:gmNazwa><sln:miejscIIPId>3797a1d6-43b1-45f3-b203-628a4124b3b7</sln:miejscIIPId><sln:miejscIIPPn>PL.PZGIK.200</sln:miejscIIPPn><sln:miejscIIPWersja>2016-11-24T11:26:02+02:00</sln:miejscIIPWersja><sln:miejscIdTeryt>0588000</sln:miejscIdTeryt><sln:miejscNazwa>Upartowo</sln:miejscNazwa><sln:miejscRodzaj>Wieś</sln:miejscRodzaj><sln:powIIPId>5a132da9-151c-40d5-8bf7-b2920bf19960</sln:powIIPId><sln:powIIPPn>PL.PZGIK.200</sln:powIIPPn><sln:powIIPWersja>2012-09-27T08:59:03+02:00</sln:powIIPWersja><sln:powIdTeryt>3014</sln:powIdTeryt><sln:powNazwa>międzychodzki</sln:powNazwa><sln:waznyOd>2012-02-09T00:00:00+01:00</sln:waznyOd><sln:wojIIPId>c606b01a-76c8-480d-9470-f24ca0d7a613</sln:wojIIPId><sln:wojIIPPn>PL.PZGIK.200</sln:wojIIPPn><sln:wojIIPWersja>2016-05-05T18:20:48+02:00</sln:wojIIPWersja><sln:wojIdTeryt>30</sln:wojIdTeryt><sln:wojNazwa>wielkopolskie</sln:wojNazwa></sln:miejscowosc><sln:miejscowosc><sln:cyklZyciaDo>2017-03-30T00:00:00+02:00</sln:cyklZyciaDo><sln:cyklZyciaOd>2016-02-01T00:00:00+01:00</sln:cyklZyciaOd><sln:gmIIPId>dd756e7a-61fe-4f89-8b82-9fa8f6ed3807</sln:gmIIPId><sln:gmIIPPn>PL.PZGIK.200</sln:gmIIPPn><sln:gmIIPWersja>2012-09-26T22:22:33+02:00</sln:gmIIPWersja><sln:gmIdTeryt>3014022</sln:gmIdTeryt><sln:gmNazwa>Kwilcz</sln:gmNazwa><sln:miejscIIPId>ee80be10-bb6a-4d35-8ea4-6d577dde988c</sln:miejscIIPId><sln:miejscIIPPn>PL.PZGIK.200</sln:miejscIIPPn><sln:miejscIIPWersja>2016-11-24T11:26:02+02:00</sln:miejscIIPWersja><sln:miejscIdTeryt>0587880</sln:miejscIdTeryt><sln:miejscNazwa>Urbanówko</sln:miejscNazwa><sln:miejscRodzaj>Przysiółek</sln:miejscRodzaj><sln:powIIPId>5a132da9-151c-40d5-8bf7-b2920bf19960</sln:powIIPId><sln:powIIPPn>PL.PZGIK.200</sln:powIIPPn><sln:powIIPWersja>2012-09-27T08:59:03+02:00</sln:powIIPWersja><sln:powIdTeryt>3014</sln:powIdTeryt><sln:powNazwa>międzychodzki</sln:powNazwa><sln:waznyOd>2012-02-09T00:00:00+01:00</sln:waznyOd><sln:wojIIPId>c606b01a-76c8-480d-9470-f24ca0d7a613</sln:wojIIPId><sln:wojIIPPn>PL.PZGIK.200</sln:wojIIPPn><sln:wojIIPWersja>2016-05-05T18:20:48+02:00</sln:wojIIPWersja><sln:wojIdTeryt>30</sln:wojIdTeryt><sln:wojNazwa>wielkopolskie</sln:wojNazwa></sln:miejscowosc><sln:miejscowosc><sln:cyklZyciaDo>2017-03-30T00:00:00+02:00</sln:cyklZyciaDo><sln:cyklZyciaOd>2016-02-01T00:00:00+01:00</sln:cyklZyciaOd><sln:gmIIPId>dd756e7a-61fe-4f89-8b82-9fa8f6ed3807</sln:gmIIPId><sln:gmIIPPn>PL.PZGIK.200</sln:gmIIPPn><sln:gmIIPWersja>2012-09-26T22:22:33+02:00</sln:gmIIPWersja><sln:gmIdTeryt>3014022</sln:gmIdTeryt><sln:gmNazwa>Kwilcz</sln:gmNazwa><sln:miejscIIPId>777e27db-c479-48a5-bfdb-1d7197bb7386</sln:miejscIIPId><sln:miejscIIPPn>PL.PZGIK.200</sln:miejscIIPPn><sln:miejscIIPWersja>2016-11-24T11:26:02+02:00</sln:miejscIIPWersja><sln:miejscIdTeryt>0588016</sln:miejscIdTeryt><sln:miejscNazwa>Wituchowo</sln:miejscNazwa><sln:miejscRodzaj>Wieś</sln:miejscRodzaj><sln:powIIPId>5a132da9-151c-40d5-8bf7-b2920bf19960</sln:powIIPId><sln:powIIPPn>PL.PZGIK.200</sln:powIIPPn><sln:powIIPWersja>2012-09-27T08:59:03+02:00</sln:powIIPWersja><sln:powIdTeryt>3014</sln:powIdTeryt><sln:powNazwa>międzychodzki</sln:powNazwa><sln:waznyOd>2012-02-09T00:00:00+01:00</sln:waznyOd><sln:wojIIPId>c606b01a-76c8-480d-9470-f24ca0d7a613</sln:wojIIPId><sln:wojIIPPn>PL.PZGIK.200</sln:wojIIPPn><sln:wojIIPWersja>2016-05-05T18:20:48+02:00</sln:wojIIPWersja><sln:wojIdTeryt>30</sln:wojIdTeryt><sln:wojNazwa>wielkopolskie</sln:wojNazwa></sln:miejscowosc><sln:miejscowosc><sln:cyklZyciaOd>2017-03-30T00:00:00+02:00</sln:cyklZyciaOd><sln:gmIIPId>dd756e7a-61fe-4f89-8b82-9fa8f6ed3807</sln:gmIIPId><sln:gmIIPPn>PL.PZGIK.200</sln:gmIIPPn><sln:gmIIPWersja>2012-09-26T22:22:33+02:00</sln:gmIIPWersja><sln:gmIdTeryt>3014022</sln:gmIdTeryt><sln:gmNazwa>Kwilcz</sln:gmNazwa><sln:miejscIIPId>e630b2d7-f4a5-4943-8665-e2a348c51859</sln:miejscIIPId><sln:miejscIIPPn>PL.PZGIK.200</sln:miejscIIPPn><sln:miejscIIPWersja>2017-03-30T09:37:28+02:00</sln:miejscIIPWersja><sln:miejscIdTeryt>0587703</sln:miejscIdTeryt><sln:miejscNazwa>Augustowo</sln:miejscNazwa><sln:miejscRodzaj>Wieś</sln:miejscRodzaj><sln:powIIPId>5a132da9-151c-40d5-8bf7-b2920bf19960</sln:powIIPId><sln:powIIPPn>PL.PZGIK.200</sln:powIIPPn><sln:powIIPWersja>2012-09-27T08:59:03+02:00</sln:powIIPWersja><sln:powIdTeryt>3014</sln:powIdTeryt><sln:powNazwa>międzychodzki</sln:powNazwa><sln:waznyOd>2012-02-09T00:00:00+01:00</sln:waznyOd><sln:wojIIPId>c606b01a-76c8-480d-9470-f24ca0d7a613</sln:wojIIPId><sln:wojIIPPn>PL.PZGIK.200</sln:wojIIPPn><sln:wojIIPWersja>2016-05-05T18:20:48+02:00</sln:wojIIPWersja><sln:wojIdTeryt>30</sln:wojIdTeryt><sln:wojNazwa>wielkopolskie</sln:wojNazwa></sln:miejscowosc><sln:miejscowosc><sln:cyklZyciaOd>2017-03-30T00:00:00+02:00</sln:cyklZyciaOd><sln:gmIIPId>dd756e7a-61fe-4f89-8b82-9fa8f6ed3807</sln:gmIIPId><sln:gmIIPPn>PL.PZGIK.200</sln:gmIIPPn><sln:gmIIPWersja>2012-09-26T22:22:33+02:00</sln:gmIIPWersja><sln:gmIdTeryt>3014022</sln:gmIdTeryt><sln:gmNazwa>Kwilcz</sln:gmNazwa><sln:miejscIIPId>b66c74f6-4095-452e-9a12-60645714f322</sln:miejscIIPId><sln:miejscIIPPn>PL.PZGIK.200</sln:miejscIIPPn><sln:miejscIIPWersja>2017-03-30T09:37:35+02:00</sln:miejscIIPWersja><sln:miejscIdTeryt>0587710</sln:miejscIdTeryt><sln:miejscNazwa>Chorzewo</sln:miejscNazwa><sln:miejscRodzaj>Wieś</sln:miejscRodzaj><sln:powIIPId>5a132da9-151c-40d5-8bf7-b2920bf19960</sln:powIIPId><sln:powIIPPn>PL.PZGIK.200</sln:powIIPPn><sln:powIIPWersja>2012-09-27T08:59:03+02:00</sln:powIIPWersja><sln:powIdTeryt>3014</sln:powIdTeryt><sln:powNazwa>międzychodzki</sln:powNazwa><sln:waznyOd>2012-02-09T00:00:00+01:00</sln:waznyOd><sln:wojIIPId>c606b01a-76c8-480d-9470-f24ca0d7a613</sln:wojIIPId><sln:wojIIPPn>PL.PZGIK.200</sln:wojIIPPn><sln:wojIIPWersja>2016-05-05T18:20:48+02:00</sln:wojIIPWersja><sln:wojIdTeryt>30</sln:wojIdTeryt><sln:wojNazwa>wielkopolskie</sln:wojNazwa></sln:miejscowosc><sln:miejscowosc><sln:cyklZyciaOd>2017-03-30T00:00:00+02:00</sln:cyklZyciaOd><sln:gmIIPId>dd756e7a-61fe-4f89-8b82-9fa8f6ed3807</sln:gmIIPId><sln:gmIIPPn>PL.PZGIK.200</sln:gmIIPPn><sln:gmIIPWersja>2012-09-26T22:22:33+02:00</sln:gmIIPWersja><sln:gmIdTeryt>3014022</sln:gmIdTeryt><sln:gmNazwa>Kwilcz</sln:gmNazwa><sln:miejscIIPId>6a786407-ff18-46f6-a418-86204872421c</sln:miejscIIPId><sln:miejscIIPPn>PL.PZGIK.200</sln:miejscIIPPn><sln:miejscIIPWersja>2017-03-30T09:37:35+02:00</sln:miejscIIPWersja><sln:miejscIdTeryt>0587726</sln:miejscIdTeryt><sln:miejscNazwa>Karolewice</sln:miejscNazwa><sln:miejscRodzaj>Przysiółek</sln:miejscRodzaj><sln:powIIPId>5a132da9-151c-40d5-8bf7-b2920bf19960</sln:powIIPId><sln:powIIPPn>PL.PZGIK.200</sln:powIIPPn><sln:powIIPWersja>2012-09-27T08:59:03+02:00</sln:powIIPWersja><sln:powIdTeryt>3014</sln:powIdTeryt><sln:powNazwa>międzychodzki</sln:powNazwa><sln:waznyOd>2012-02-13T00:00:00+01:00</sln:waznyOd><sln:wojIIPId>c606b01a-76c8-480d-9470-f24ca0d7a613</sln:wojIIPId><sln:wojIIPPn>PL.PZGIK.200</sln:wojIIPPn><sln:wojIIPWersja>2016-05-05T18:20:48+02:00</sln:wojIIPWersja><sln:wojIdTeryt>30</sln:wojIdTeryt><sln:wojNazwa>wielkopolskie</sln:wojNazwa></sln:miejscowosc><sln:miejscowosc><sln:cyklZyciaOd>2017-03-30T00:00:00+02:00</sln:cyklZyciaOd><sln:gmIIPId>dd756e7a-61fe-4f89-8b82-9fa8f6ed3807</sln:gmIIPId><sln:gmIIPPn>PL.PZGIK.200</sln:gmIIPPn><sln:gmIIPWersja>2012-09-26T22:22:33+02:00</sln:gmIIPWersja><sln:gmIdTeryt>3014022</sln:gmIdTeryt><sln:gmNazwa>Kwilcz</sln:gmNazwa><sln:miejscIIPId>8d125f7e-9eef-4d57-8094-79782713d0d5</sln:miejscIIPId><sln:miejscIIPPn>PL.PZGIK.200</sln:miejscIIPPn><sln:miejscIIPWersja>2017-03-30T09:37:35+02:00</sln:miejscIIPWersja><sln:miejscIdTeryt>0587732</sln:miejscIdTeryt><sln:miejscNazwa>Chudobczyce</sln:miejscNazwa><sln:miejscRodzaj>Wieś</sln:miejscRodzaj><sln:powIIPId>5a132da9-151c-40d5-8bf7-b2920bf19960</sln:powIIPId><sln:powIIPPn>PL.PZGIK.200</sln:powIIPPn><sln:powIIPWersja>2012-09-27T08:59:03+02:00</sln:powIIPWersja><sln:powIdTeryt>3014</sln:powIdTeryt><sln:powNazwa>międzychodzki</sln:powNazwa><sln:waznyOd>2012-02-09T00:00:00+01:00</sln:waznyOd><sln:wojIIPId>c606b01a-76c8-480d-9470-f24ca0d7a613</sln:wojIIPId><sln:wojIIPPn>PL.PZGIK.200</sln:wojIIPPn><sln:wojIIPWersja>2016-05-05T18:20:48+02:00</sln:wojIIPWersja><sln:wojIdTeryt>30</sln:wojIdTeryt><sln:wojNazwa>wielkopolskie</sln:wojNazwa></sln:miejscowosc><sln:miejscowosc><sln:cyklZyciaOd>2017-03-30T00:00:00+02:00</sln:cyklZyciaOd><sln:gmIIPId>dd756e7a-61fe-4f89-8b82-9fa8f6ed3807</sln:gmIIPId><sln:gmIIPPn>PL.PZGIK.200</sln:gmIIPPn><sln:gmIIPWersja>2012-09-26T22:22:33+02:00</sln:gmIIPWersja><sln:gmIdTeryt>3014022</sln:gmIdTeryt><sln:gmNazwa>Kwilcz</sln:gmNazwa><sln:miejscIIPId>2605c6d2-c56d-4d26-9328-805c07ae5110</sln:miejscIIPId><sln:miejscIIPPn>PL.PZGIK.200</sln:miejscIIPPn><sln:miejscIIPWersja>2017-03-30T09:37:35+02:00</sln:miejscIIPWersja><sln:miejscIdTeryt>0587749</sln:miejscIdTeryt><sln:miejscNazwa>Daleszynek</sln:miejscNazwa><sln:miejscRodzaj>Wieś</sln:miejscRodzaj><sln:powIIPId>5a132da9-151c-40d5-8bf7-b2920bf19960</sln:powIIPId><sln:powIIPPn>PL.PZGIK.200</sln:powIIPPn><sln:powIIPWersja>2012-09-27T08:59:03+02:00</sln:powIIPWersja><sln:powIdTeryt>3014</sln:powIdTeryt><sln:powNazwa>międzychodzki</sln:powNazwa><sln:waznyOd>2012-02-09T00:00:00+01:00</sln:waznyOd><sln:wojIIPId>c606b01a-76c8-480d-9470-f24ca0d7a613</sln:wojIIPId><sln:wojIIPPn>PL.PZGIK.200</sln:wojIIPPn><sln:wojIIPWersja>2016-05-05T18:20:48+02:00</sln:wojIIPWersja><sln:wojIdTeryt>30</sln:wojIdTeryt><sln:wojNazwa>wielkopolskie</sln:wojNazwa></sln:miejscowosc><sln:miejscowosc><sln:cyklZyciaOd>2017-03-30T00:00:00+02:00</sln:cyklZyciaOd><sln:gmIIPId>dd756e7a-61fe-4f89-8b82-9fa8f6ed3807</sln:gmIIPId><sln:gmIIPPn>PL.PZGIK.200</sln:gmIIPPn><sln:gmIIPWersja>2012-09-26T22:22:33+02:00</sln:gmIIPWersja><sln:gmIdTeryt>3014022</sln:gmIdTeryt><sln:gmNazwa>Kwilcz</sln:gmNazwa><sln:miejscIIPId>461a5a59-4586-4304-881a-af0084efa068</sln:miejscIIPId><sln:miejscIIPPn>PL.PZGIK.200</sln:miejscIIPPn><sln:miejscIIPWersja>2017-03-30T09:37:35+02:00</sln:miejscIIPWersja><sln:miejscIdTeryt>0587755</sln:miejscIdTeryt><sln:miejscNazwa>Józefowo</sln:miejscNazwa><sln:miejscRodzaj>Przysiółek</sln:miejscRodzaj><sln:powIIPId>5a132da9-151c-40d5-8bf7-b2920bf19960</sln:powIIPId><sln:powIIPPn>PL.PZGIK.200</sln:powIIPPn><sln:powIIPWersja>2012-09-27T08:59:03+02:00</sln:powIIPWersja><sln:powIdTeryt>3014</sln:powIdTeryt><sln:powNazwa>międzychodzki</sln:powNazwa><sln:waznyOd>2012-02-09T00:00:00+01:00</sln:waznyOd><sln:wojIIPId>c606b01a-76c8-480d-9470-f24ca0d7a613</sln:wojIIPId><sln:wojIIPPn>PL.PZGIK.200</sln:wojIIPPn><sln:wojIIPWersja>2016-05-05T18:20:48+02:00</sln:wojIIPWersja><sln:wojIdTeryt>30</sln:wojIdTeryt><sln:wojNazwa>wielkopolskie</sln:wojNazwa></sln:miejscowosc><sln:miejscowosc><sln:cyklZyciaOd>2017-03-30T00:00:00+02:00</sln:cyklZyciaOd><sln:gmIIPId>dd756e7a-61fe-4f89-8b82-9fa8f6ed3807</sln:gmIIPId><sln:gmIIPPn>PL.PZGIK.200</sln:gmIIPPn><sln:gmIIPWersja>2012-09-26T22:22:33+02:00</sln:gmIIPWersja><sln:gmIdTeryt>3014022</sln:gmIdTeryt><sln:gmNazwa>Kwilcz</sln:gmNazwa><sln:miejscIIPId>3995bd14-35aa-4d77-b993-96fbf00ca626</sln:miejscIIPId><sln:miejscIIPPn>PL.PZGIK.200</sln:miejscIIPPn><sln:miejscIIPWersja>2017-03-30T09:37:35+02:00</sln:miejscIIPWersja><sln:miejscIdTeryt>0587761</sln:miejscIdTeryt><sln:miejscNazwa>Kubowo</sln:miejscNazwa><sln:miejscRodzaj>Wieś</sln:miejscRodzaj><sln:powIIPId>5a132da9-151c-40d5-8bf7-b2920bf19960</sln:powIIPId><sln:powIIPPn>PL.PZGIK.200</sln:powIIPPn><sln:powIIPWersja>2012-09-27T08:59:03+02:00</sln:powIIPWersja><sln:powIdTeryt>3014</sln:powIdTeryt><sln:powNazwa>międzychodzki</sln:powNazwa><sln:waznyOd>2012-02-09T00:00:00+01:00</sln:waznyOd><sln:wojIIPId>c606b01a-76c8-480d-9470-f24ca0d7a613</sln:wojIIPId><sln:wojIIPPn>PL.PZGIK.200</sln:wojIIPPn><sln:wojIIPWersja>2016-05-05T18:20:48+02:00</sln:wojIIPWersja><sln:wojIdTeryt>30</sln:wojIdTeryt><sln:wojNazwa>wielkopolskie</sln:wojNazwa></sln:miejscowosc><sln:miejscowosc><sln:cyklZyciaOd>2017-03-30T00:00:00+02:00</sln:cyklZyciaOd><sln:gmIIPId>dd756e7a-61fe-4f89-8b82-9fa8f6ed3807</sln:gmIIPId><sln:gmIIPPn>PL.PZGIK.200</sln:gmIIPPn><sln:gmIIPWersja>2012-09-26T22:22:33+02:00</sln:gmIIPWersja><sln:gmIdTeryt>3014022</sln:gmIdTeryt><sln:gmNazwa>Kwilcz</sln:gmNazwa><sln:miejscIIPId>832a7f50-909c-45a6-b010-915c5ee5c42d</sln:miejscIIPId><sln:miejscIIPPn>PL.PZGIK.200</sln:miejscIIPPn><sln:miejscIIPWersja>2017-03-30T09:37:35+02:00</sln:miejscIIPWersja><sln:miejscIdTeryt>0587778</sln:miejscIdTeryt><sln:miejscNazwa>Stara Dąbrowa</sln:miejscNazwa><sln:miejscRodzaj>Wieś</sln:miejscRodzaj><sln:powIIPId>5a132da9-151c-40d5-8bf7-b2920bf19960</sln:powIIPId><sln:powIIPPn>PL.PZGIK.200</sln:powIIPPn><sln:powIIPWersja>2012-09-27T08:59:03+02:00</sln:powIIPWersja><sln:powIdTeryt>3014</sln:powIdTeryt><sln:powNazwa>międzychodzki</sln:powNazwa><sln:waznyOd>2012-02-09T00:00:00+01:00</sln:waznyOd><sln:wojIIPId>c606b01a-76c8-480d-9470-f24ca0d7a613</sln:wojIIPId><sln:wojIIPPn>PL.PZGIK.200</sln:wojIIPPn><sln:wojIIPWersja>2016-05-05T18:20:48+02:00</sln:wojIIPWersja><sln:wojIdTeryt>30</sln:wojIdTeryt><sln:wojNazwa>wielkopolskie</sln:wojNazwa></sln:miejscowosc><sln:miejscowosc><sln:cyklZyciaOd>2017-03-30T00:00:00+02:00</sln:cyklZyciaOd><sln:gmIIPId>dd756e7a-61fe-4f89-8b82-9fa8f6ed3807</sln:gmIIPId><sln:gmIIPPn>PL.PZGIK.200</sln:gmIIPPn><sln:gmIIPWersja>2012-09-26T22:22:33+02:00</sln:gmIIPWersja><sln:gmIdTeryt>3014022</sln:gmIdTeryt><sln:gmNazwa>Kwilcz</sln:gmNazwa><sln:miejscIIPId>40ca2ea5-d599-4391-a51b-8234b97a562f</sln:miejscIIPId><sln:miejscIIPPn>PL.PZGIK.200</sln:miejscIIPPn><sln:miejscIIPWersja>2017-03-30T09:37:35+02:00</sln:miejscIIPWersja><sln:miejscIdTeryt>0587784</sln:miejscIdTeryt><sln:miejscNazwa>Kurnatowice</sln:miejscNazwa><sln:miejscRodzaj>Wieś</sln:miejscRodzaj><sln:powIIPId>5a132da9-151c-40d5-8bf7-b2920bf19960</sln:powIIPId><sln:powIIPPn>PL.PZGIK.200</sln:powIIPPn><sln:powIIPWersja>2012-09-27T08:59:03+02:00</sln:powIIPWersja><sln:powIdTeryt>3014</sln:powIdTeryt><sln:powNazwa>międzychodzki</sln:powNazwa><sln:waznyOd>2012-02-09T00:00:00+01:00</sln:waznyOd><sln:wojIIPId>c606b01a-76c8-480d-9470-f24ca0d7a613</sln:wojIIPId><sln:wojIIPPn>PL.PZGIK.200</sln:wojIIPPn><sln:wojIIPWersja>2016-05-05T18:20:48+02:00</sln:wojIIPWersja><sln:wojIdTeryt>30</sln:wojIdTeryt><sln:wojNazwa>wielkopolskie</sln:wojNazwa></sln:miejscowosc><sln:miejscowosc><sln:cyklZyciaOd>2017-03-30T00:00:00+02:00</sln:cyklZyciaOd><sln:gmIIPId>dd756e7a-61fe-4f89-8b82-9fa8f6ed3807</sln:gmIIPId><sln:gmIIPPn>PL.PZGIK.200</sln:gmIIPPn><sln:gmIIPWersja>2012-09-26T22:22:33+02:00</sln:gmIIPWersja><sln:gmIdTeryt>3014022</sln:gmIdTeryt><sln:gmNazwa>Kwilcz</sln:gmNazwa><sln:miejscIIPId>179eaefe-9a3a-4a38-890a-fc3cde7b08ab</sln:miejscIIPId><sln:miejscIIPPn>PL.PZGIK.200</sln:miejscIIPPn><sln:miejscIIPWersja>2017-03-30T09:37:35+02:00</sln:miejscIIPWersja><sln:miejscIdTeryt>0587809</sln:miejscIdTeryt><sln:miejscNazwa>Kwilcz</sln:miejscNazwa><sln:miejscRodzaj>Wieś</sln:miejscRodzaj><sln:powIIPId>5a132da9-151c-40d5-8bf7-b2920bf19960</sln:powIIPId><sln:powIIPPn>PL.PZGIK.200</sln:powIIPPn><sln:powIIPWersja>2012-09-27T08:59:03+02:00</sln:powIIPWersja><sln:powIdTeryt>3014</sln:powIdTeryt><sln:powNazwa>międzychodzki</sln:powNazwa><sln:waznyOd>2012-02-09T00:00:00+01:00</sln:waznyOd><sln:wojIIPId>c606b01a-76c8-480d-9470-f24ca0d7a613</sln:wojIIPId><sln:wojIIPPn>PL.PZGIK.200</sln:wojIIPPn><sln:wojIIPWersja>2016-05-05T18:20:48+02:00</sln:wojIIPWersja><sln:wojIdTeryt>30</sln:wojIdTeryt><sln:wojNazwa>wielkopolskie</sln:wojNazwa></sln:miejscowosc><sln:miejscowosc><sln:cyklZyciaOd>2017-03-30T00:00:00+02:00</sln:cyklZyciaOd><sln:gmIIPId>dd756e7a-61fe-4f89-8b82-9fa8f6ed3807</sln:gmIIPId><sln:gmIIPPn>PL.PZGIK.200</sln:gmIIPPn><sln:gmIIPWersja>2012-09-26T22:22:33+02:00</sln:gmIIPWersja><sln:gmIdTeryt>3014022</sln:gmIdTeryt><sln:gmNazwa>Kwilcz</sln:gmNazwa><sln:miejscIIPId>50c2fd64-e18f-48aa-8344-33139f9d3b32</sln:miejscIIPId><sln:miejscIIPPn>PL.PZGIK.200</sln:miejscIIPPn><sln:miejscIIPWersja>2017-03-30T09:37:36+02:00</sln:miejscIIPWersja><sln:miejscIdTeryt>0587815</sln:miejscIdTeryt><sln:miejscNazwa>Leśnik</sln:miejscNazwa><sln:miejscRodzaj>Inny obiekt</sln:miejscRodzaj><sln:powIIPId>5a132da9-151c-40d5-8bf7-b2920bf19960</sln:powIIPId><sln:powIIPPn>PL.PZGIK.200</sln:powIIPPn><sln:powIIPWersja>2012-09-27T08:59:03+02:00</sln:powIIPWersja><sln:powIdTeryt>3014</sln:powIdTeryt><sln:powNazwa>międzychodzki</sln:powNazwa><sln:waznyOd>2014-02-04T00:00:00+01:00</sln:waznyOd><sln:wojIIPId>c606b01a-76c8-480d-9470-f24ca0d7a613</sln:wojIIPId><sln:wojIIPPn>PL.PZGIK.200</sln:wojIIPPn><sln:wojIIPWersja>2016-05-05T18:20:48+02:00</sln:wojIIPWersja><sln:wojIdTeryt>30</sln:wojIdTeryt><sln:wojNazwa>wielkopolskie</sln:wojNazwa></sln:miejscowosc><sln:miejscowosc><sln:cyklZyciaOd>2017-03-30T00:00:00+02:00</sln:cyklZyciaOd><sln:gmIIPId>dd756e7a-61fe-4f89-8b82-9fa8f6ed3807</sln:gmIIPId><sln:gmIIPPn>PL.PZGIK.200</sln:gmIIPPn><sln:gmIIPWersja>2012-09-26T22:22:33+02:00</sln:gmIIPWersja><sln:gmIdTeryt>3014022</sln:gmIdTeryt><sln:gmNazwa>Kwilcz</sln:gmNazwa><sln:miejscIIPId>11bb349c-ca38-4333-934d-7ef272a9ff0c</sln:miejscIIPId><sln:miejscIIPPn>PL.PZGIK.200</sln:miejscIIPPn><sln:miejscIIPWersja>2017-03-30T09:37:36+02:00</sln:miejscIIPWersja><sln:miejscIdTeryt>0587821</sln:miejscIdTeryt><sln:miejscNazwa>Dąbrowa</sln:miejscNazwa><sln:miejscRodzaj>Osada leśna</sln:miejscRodzaj><sln:powIIPId>5a132da9-151c-40d5-8bf7-b2920bf19960</sln:powIIPId><sln:powIIPPn>PL.PZGIK.200</sln:powIIPPn><sln:powIIPWersja>2012-09-27T08:59:03+02:00</sln:powIIPWersja><sln:powIdTeryt>3014</sln:powIdTeryt><sln:powNazwa>międzychodzki</sln:powNazwa><sln:waznyOd>2014-02-04T00:00:00+01:00</sln:waznyOd><sln:wojIIPId>c606b01a-76c8-480d-9470-f24ca0d7a613</sln:wojIIPId><sln:wojIIPPn>PL.PZGIK.200</sln:wojIIPPn><sln:wojIIPWersja>2016-05-05T18:20:48+02:00</sln:wojIIPWersja><sln:wojIdTeryt>30</sln:wojIdTeryt><sln:wojNazwa>wielkopolskie</sln:wojNazwa></sln:miejscowosc><sln:miejscowosc><sln:cyklZyciaOd>2017-03-30T00:00:00+02:00</sln:cyklZyciaOd><sln:gmIIPId>dd756e7a-61fe-4f89-8b82-9fa8f6ed3807</sln:gmIIPId><sln:gmIIPPn>PL.PZGIK.200</sln:gmIIPPn><sln:gmIIPWersja>2012-09-26T22:22:33+02:00</sln:gmIIPWersja><sln:gmIdTeryt>3014022</sln:gmIdTeryt><sln:gmNazwa>Kwilcz</sln:gmNazwa><sln:miejscIIPId>377db556-c201-4d03-8030-1dc74cef3d33</sln:miejscIIPId><sln:miejscIIPPn>PL.PZGIK.200</sln:miejscIIPPn><sln:miejscIIPWersja>2017-03-30T09:37:36+02:00</sln:miejscIIPWersja><sln:miejscIdTeryt>0587838</sln:miejscIdTeryt><sln:miejscNazwa>Nowa Dąbrowa</sln:miejscNazwa><sln:miejscRodzaj>Osada</sln:miejscRodzaj><sln:powIIPId>5a132da9-151c-40d5-8bf7-b2920bf19960</sln:powIIPId><sln:powIIPPn>PL.PZGIK.200</sln:powIIPPn><sln:powIIPWersja>2012-09-27T08:59:03+02:00</sln:powIIPWersja><sln:powIdTeryt>3014</sln:powIdTeryt><sln:powNazwa>międzychodzki</sln:powNazwa><sln:waznyOd>2012-02-09T00:00:00+01:00</sln:waznyOd><sln:wojIIPId>c606b01a-76c8-480d-9470-f24ca0d7a613</sln:wojIIPId><sln:wojIIPPn>PL.PZGIK.200</sln:wojIIPPn><sln:wojIIPWersja>2016-05-05T18:20:48+02:00</sln:wojIIPWersja><sln:wojIdTeryt>30</sln:wojIdTeryt><sln:wojNazwa>wielkopolskie</sln:wojNazwa></sln:miejscowosc><sln:miejscowosc><sln:cyklZyciaOd>2017-03-30T00:00:00+02:00</sln:cyklZyciaOd><sln:gmIIPId>dd756e7a-61fe-4f89-8b82-9fa8f6ed3807</sln:gmIIPId><sln:gmIIPPn>PL.PZGIK.200</sln:gmIIPPn><sln:gmIIPWersja>2012-09-26T22:22:33+02:00</sln:gmIIPWersja><sln:gmIdTeryt>3014022</sln:gmIdTeryt><sln:gmNazwa>Kwilcz</sln:gmNazwa><sln:miejscIIPId>e55623a6-3ea9-459f-9eb5-a13af433ac26</sln:miejscIIPId><sln:miejscIIPPn>PL.PZGIK.200</sln:miejscIIPPn><sln:miejscIIPWersja>2017-03-30T09:37:36+02:00</sln:miejscIIPWersja><sln:miejscIdTeryt>0587844</sln:miejscIdTeryt><sln:miejscNazwa>Nowy Młyn</sln:miejscNazwa><sln:miejscRodzaj>Osada</sln:miejscRodzaj><sln:powIIPId>5a132da9-151c-40d5-8bf7-b2920bf19960</sln:powIIPId><sln:powIIPPn>PL.PZGIK.200</sln:powIIPPn><sln:powIIPWersja>2012-09-27T08:59:03+02:00</sln:powIIPWersja><sln:powIdTeryt>3014</sln:powIdTeryt><sln:powNazwa>międzychodzki</sln:powNazwa><sln:waznyOd>2012-02-09T00:00:00+01:00</sln:waznyOd><sln:wojIIPId>c606b01a-76c8-480d-9470-f24ca0d7a613</sln:wojIIPId><sln:wojIIPPn>PL.PZGIK.200</sln:wojIIPPn><sln:wojIIPWersja>2016-05-05T18:20:48+02:00</sln:wojIIPWersja><sln:wojIdTeryt>30</sln:wojIdTeryt><sln:wojNazwa>wielkopolskie</sln:wojNazwa></sln:miejscowosc><sln:miejscowosc><sln:cyklZyciaOd>2017-03-30T00:00:00+02:00</sln:cyklZyciaOd><sln:gmIIPId>dd756e7a-61fe-4f89-8b82-9fa8f6ed3807</sln:gmIIPId><sln:gmIIPPn>PL.PZGIK.200</sln:gmIIPPn><sln:gmIIPWersja>2012-09-26T22:22:33+02:00</sln:gmIIPWersja><sln:gmIdTeryt>3014022</sln:gmIdTeryt><sln:gmNazwa>Kwilcz</sln:gmNazwa><sln:miejscIIPId>ba140dc9-9e39-4197-9daa-f28c2b97d7ec</sln:miejscIIPId><sln:miejscIIPPn>PL.PZGIK.200</sln:miejscIIPPn><sln:miejscIIPWersja>2017-03-30T09:37:36+02:00</sln:miejscIIPWersja><sln:miejscIdTeryt>0587867</sln:miejscIdTeryt><sln:miejscNazwa>Lubosz</sln:miejscNazwa><sln:miejscRodzaj>Wieś</sln:miejscRodzaj><sln:powIIPId>5a132da9-151c-40d5-8bf7-b2920bf19960</sln:powIIPId><sln:powIIPPn>PL.PZGIK.200</sln:powIIPPn><sln:powIIPWersja>2012-09-27T08:59:03+02:00</sln:powIIPWersja><sln:powIdTeryt>3014</sln:powIdTeryt><sln:powNazwa>międzychodzki</sln:powNazwa><sln:waznyOd>2012-02-09T00:00:00+01:00</sln:waznyOd><sln:wojIIPId>c606b01a-76c8-480d-9470-f24ca0d7a613</sln:wojIIPId><sln:wojIIPPn>PL.PZGIK.200</sln:wojIIPPn><sln:wojIIPWersja>2016-05-05T18:20:48+02:00</sln:wojIIPWersja><sln:wojIdTeryt>30</sln:wojIdTeryt><sln:wojNazwa>wielkopolskie</sln:wojNazwa></sln:miejscowosc><sln:miejscowosc><sln:cyklZyciaOd>2017-03-30T00:00:00+02:00</sln:cyklZyciaOd><sln:gmIIPId>dd756e7a-61fe-4f89-8b82-9fa8f6ed3807</sln:gmIIPId><sln:gmIIPPn>PL.PZGIK.200</sln:gmIIPPn><sln:gmIIPWersja>2012-09-26T22:22:33+02:00</sln:gmIIPWersja><sln:gmIdTeryt>3014022</sln:gmIdTeryt><sln:gmNazwa>Kwilcz</sln:gmNazwa><sln:miejscIIPId>1760cf37-27fd-493c-a96a-9af5f523e3af</sln:miejscIIPId><sln:miejscIIPPn>PL.PZGIK.200</sln:miejscIIPPn><sln:miejscIIPWersja>2017-03-30T09:37:36+02:00</sln:miejscIIPWersja><sln:miejscIdTeryt>0587873</sln:miejscIdTeryt><sln:miejscNazwa>Mechnacz</sln:miejscNazwa><sln:miejscRodzaj>Wieś</sln:miejscRodzaj><sln:powIIPId>5a132da9-151c-40d5-8bf7-b2920bf19960</sln:powIIPId><sln:powIIPPn>PL.PZGIK.200</sln:powIIPPn><sln:powIIPWersja>2012-09-27T08:59:03+02:00</sln:powIIPWersja><sln:powIdTeryt>3014</sln:powIdTeryt><sln:powNazwa>międzychodzki</sln:powNazwa><sln:waznyOd>2012-02-10T00:00:00+01:00</sln:waznyOd><sln:wojIIPId>c606b01a-76c8-480d-9470-f24ca0d7a613</sln:wojIIPId><sln:wojIIPPn>PL.PZGIK.200</sln:wojIIPPn><sln:wojIIPWersja>2016-05-05T18:20:48+02:00</sln:wojIIPWersja><sln:wojIdTeryt>30</sln:wojIdTeryt><sln:wojNazwa>wielkopolskie</sln:wojNazwa></sln:miejscowosc><sln:miejscowosc><sln:cyklZyciaOd>2017-03-30T00:00:00+02:00</sln:cyklZyciaOd><sln:gmIIPId>dd756e7a-61fe-4f89-8b82-9fa8f6ed3807</sln:gmIIPId><sln:gmIIPPn>PL.PZGIK.200</sln:gmIIPPn><sln:gmIIPWersja>2012-09-26T22:22:33+02:00</sln:gmIIPWersja><sln:gmIdTeryt>3014022</sln:gmIdTeryt><sln:gmNazwa>Kwilcz</sln:gmNazwa><sln:miejscIIPId>ee80be10-bb6a-4d35-8ea4-6d577dde988c</sln:miejscIIPId><sln:miejscIIPPn>PL.PZGIK.200</sln:miejscIIPPn><sln:miejscIIPWersja>2017-03-30T09:37:36+02:00</sln:miejscIIPWersja><sln:miejscIdTeryt>0587880</sln:miejscIdTeryt><sln:miejscNazwa>Urbanówko</sln:miejscNazwa><sln:miejscRodzaj>Przysiółek</sln:miejscRodzaj><sln:powIIPId>5a132da9-151c-40d5-8bf7-b2920bf19960</sln:powIIPId><sln:powIIPPn>PL.PZGIK.200</sln:powIIPPn><sln:powIIPWersja>2012-09-27T08:59:03+02:00</sln:powIIPWersja><sln:powIdTeryt>3014</sln:powIdTeryt><sln:powNazwa>międzychodzki</sln:powNazwa><sln:waznyOd>2012-02-09T00:00:00+01:00</sln:waznyOd><sln:wojIIPId>c606b01a-76c8-480d-9470-f24ca0d7a613</sln:wojIIPId><sln:wojIIPPn>PL.PZGIK.200</sln:wojIIPPn><sln:wojIIPWersja>2016-05-05T18:20:48+02:00</sln:wojIIPWersja><sln:wojIdTeryt>30</sln:wojIdTeryt><sln:wojNazwa>wielkopolskie</sln:wojNazwa></sln:miejscowosc><sln:miejscowosc><sln:cyklZyciaOd>2017-03-30T00:00:00+02:00</sln:cyklZyciaOd><sln:gmIIPId>dd756e7a-61fe-4f89-8b82-9fa8f6ed3807</sln:gmIIPId><sln:gmIIPPn>PL.PZGIK.200</sln:gmIIPPn><sln:gmIIPWersja>2012-09-26T22:22:33+02:00</sln:gmIIPWersja><sln:gmIdTeryt>3014022</sln:gmIdTeryt><sln:gmNazwa>Kwilcz</sln:gmNazwa><sln:miejscIIPId>49596e7f-d86f-46dd-a6fe-2c9151071e7b</sln:miejscIIPId><sln:miejscIIPPn>PL.PZGIK.200</sln:miejscIIPPn><sln:miejscIIPWersja>2017-03-30T09:37:36+02:00</sln:miejscIIPWersja><sln:miejscIdTeryt>0587896</sln:miejscIdTeryt><sln:miejscNazwa>Miłostowo</sln:miejscNazwa><sln:miejscRodzaj>Wieś</sln:miejscRodzaj><sln:powIIPId>5a132da9-151c-40d5-8bf7-b2920bf19960</sln:powIIPId><sln:powIIPPn>PL.PZGIK.200</sln:powIIPPn><sln:powIIPWersja>2012-09-27T08:59:03+02:00</sln:powIIPWersja><sln:powIdTeryt>3014</sln:powIdTeryt><sln:powNazwa>międzychodzki</sln:powNazwa><sln:waznyOd>2012-02-09T00:00:00+01:00</sln:waznyOd><sln:wojIIPId>c606b01a-76c8-480d-9470-f24ca0d7a613</sln:wojIIPId><sln:wojIIPPn>PL.PZGIK.200</sln:wojIIPPn><sln:wojIIPWersja>2016-05-05T18:20:48+02:00</sln:wojIIPWersja><sln:wojIdTeryt>30</sln:wojIdTeryt><sln:wojNazwa>wielkopolskie</sln:wojNazwa></sln:miejscowosc><sln:miejscowosc><sln:cyklZyciaOd>2017-03-30T00:00:00+02:00</sln:cyklZyciaOd><sln:gmIIPId>dd756e7a-61fe-4f89-8b82-9fa8f6ed3807</sln:gmIIPId><sln:gmIIPPn>PL.PZGIK.200</sln:gmIIPPn><sln:gmIIPWersja>2012-09-26T22:22:33+02:00</sln:gmIIPWersja><sln:gmIdTeryt>3014022</sln:gmIdTeryt><sln:gmNazwa>Kwilcz</sln:gmNazwa><sln:miejscIIPId>a8a9e2ea-681e-4109-ad9b-f97264133f8d</sln:miejscIIPId><sln:miejscIIPPn>PL.PZGIK.200</sln:miejscIIPPn><sln:miejscIIPWersja>2017-03-30T09:37:36+02:00</sln:miejscIIPWersja><sln:miejscIdTeryt>0587904</sln:miejscIdTeryt><sln:miejscNazwa>Mościejewo</sln:miejscNazwa><sln:miejscRodzaj>Wieś</sln:miejscRodzaj><sln:powIIPId>5a132da9-151c-40d5-8bf7-b2920bf19960</sln:powIIPId><sln:powIIPPn>PL.PZGIK.200</sln:powIIPPn><sln:powIIPWersja>2012-09-27T08:59:03+02:00</sln:powIIPWersja><sln:powIdTeryt>3014</sln:powIdTeryt><sln:powNazwa>międzychodzki</sln:powNazwa><sln:waznyOd>2012-02-09T00:00:00+01:00</sln:waznyOd><sln:wojIIPId>c606b01a-76c8-480d-9470-f24ca0d7a613</sln:wojIIPId><sln:wojIIPPn>PL.PZGIK.200</sln:wojIIPPn><sln:wojIIPWersja>2016-05-05T18:20:48+02:00</sln:wojIIPWersja><sln:wojIdTeryt>30</sln:wojIdTeryt><sln:wojNazwa>wielkopolskie</sln:wojNazwa></sln:miejscowosc><sln:miejscowosc><sln:cyklZyciaOd>2017-03-30T00:00:00+02:00</sln:cyklZyciaOd><sln:gmIIPId>dd756e7a-61fe-4f89-8b82-9fa8f6ed3807</sln:gmIIPId><sln:gmIIPPn>PL.PZGIK.200</sln:gmIIPPn><sln:gmIIPWersja>2012-09-26T22:22:33+02:00</sln:gmIIPWersja><sln:gmIdTeryt>3014022</sln:gmIdTeryt><sln:gmNazwa>Kwilcz</sln:gmNazwa><sln:miejscIIPId>7a33a3c2-c572-4073-ac21-7b5ee0594f3f</sln:miejscIIPId><sln:miejscIIPPn>PL.PZGIK.200</sln:miejscIIPPn><sln:miejscIIPWersja>2017-03-30T09:37:37+02:00</sln:miejscIIPWersja><sln:miejscIdTeryt>0587940</sln:miejscIdTeryt><sln:miejscNazwa>Niemierzewo</sln:miejscNazwa><sln:miejscRodzaj>Wieś</sln:miejscRodzaj><sln:powIIPId>5a132da9-151c-40d5-8bf7-b2920bf19960</sln:powIIPId><sln:powIIPPn>PL.PZGIK.200</sln:powIIPPn><sln:powIIPWersja>2012-09-27T08:59:03+02:00</sln:powIIPWersja><sln:powIdTeryt>3014</sln:powIdTeryt><sln:powNazwa>międzychodzki</sln:powNazwa><sln:waznyOd>2012-02-09T00:00:00+01:00</sln:waznyOd><sln:wojIIPId>c606b01a-76c8-480d-9470-f24ca0d7a613</sln:wojIIPId><sln:wojIIPPn>PL.PZGIK.200</sln:wojIIPPn><sln:wojIIPWersja>2016-05-05T18:20:48+02:00</sln:wojIIPWersja><sln:wojIdTeryt>30</sln:wojIdTeryt><sln:wojNazwa>wielkopolskie</sln:wojNazwa></sln:miejscowosc><sln:miejscowosc><sln:cyklZyciaOd>2017-03-30T00:00:00+02:00</sln:cyklZyciaOd><sln:gmIIPId>dd756e7a-61fe-4f89-8b82-9fa8f6ed3807</sln:gmIIPId><sln:gmIIPPn>PL.PZGIK.200</sln:gmIIPPn><sln:gmIIPWersja>2012-09-26T22:22:33+02:00</sln:gmIIPWersja><sln:gmIdTeryt>3014022</sln:gmIdTeryt><sln:gmNazwa>Kwilcz</sln:gmNazwa><sln:miejscIIPId>cf3d14cc-7e94-42fd-899c-9b755b61e72b</sln:miejscIIPId><sln:miejscIIPPn>PL.PZGIK.200</sln:miejscIIPPn><sln:miejscIIPWersja>2017-03-30T09:37:37+02:00</sln:miejscIIPWersja><sln:miejscIdTeryt>0587956</sln:miejscIdTeryt><sln:miejscNazwa>Orzeszkowo</sln:miejscNazwa><sln:miejscRodzaj>Wieś</sln:miejscRodzaj><sln:powIIPId>5a132da9-151c-40d5-8bf7-b2920bf19960</sln:powIIPId><sln:powIIPPn>PL.PZGIK.200</sln:powIIPPn><sln:powIIPWersja>2012-09-27T08:59:03+02:00</sln:powIIPWersja><sln:powIdTeryt>3014</sln:powIdTeryt><sln:powNazwa>międzychodzki</sln:powNazwa><sln:waznyOd>2012-02-09T00:00:00+01:00</sln:waznyOd><sln:wojIIPId>c606b01a-76c8-480d-9470-f24ca0d7a613</sln:wojIIPId><sln:wojIIPPn>PL.PZGIK.200</sln:wojIIPPn><sln:wojIIPWersja>2016-05-05T18:20:48+02:00</sln:wojIIPWersja><sln:wojIdTeryt>30</sln:wojIdTeryt><sln:wojNazwa>wielkopolskie</sln:wojNazwa></sln:miejscowosc><sln:miejscowosc><sln:cyklZyciaOd>2017-03-30T00:00:00+02:00</sln:cyklZyciaOd><sln:gmIIPId>dd756e7a-61fe-4f89-8b82-9fa8f6ed3807</sln:gmIIPId><sln:gmIIPPn>PL.PZGIK.200</sln:gmIIPPn><sln:gmIIPWersja>2012-09-26T22:22:33+02:00</sln:gmIIPWersja><sln:gmIdTeryt>3014022</sln:gmIdTeryt><sln:gmNazwa>Kwilcz</sln:gmNazwa><sln:miejscIIPId>f1f10cb0-7d55-4e6a-8bbd-e0bda08510de</sln:miejscIIPId><sln:miejscIIPPn>PL.PZGIK.200</sln:miejscIIPPn><sln:miejscIIPWersja>2017-03-30T09:37:37+02:00</sln:miejscIIPWersja><sln:miejscIdTeryt>0587962</sln:miejscIdTeryt><sln:miejscNazwa>Kozubówka</sln:miejscNazwa><sln:miejscRodzaj>Osada</sln:miejscRodzaj><sln:powIIPId>5a132da9-151c-40d5-8bf7-b2920bf19960</sln:powIIPId><sln:powIIPPn>PL.PZGIK.200</sln:powIIPPn><sln:powIIPWersja>2012-09-27T08:59:03+02:00</sln:powIIPWersja><sln:powIdTeryt>3014</sln:powIdTeryt><sln:powNazwa>międzychodzki</sln:powNazwa><sln:waznyOd>2012-02-10T00:00:00+01:00</sln:waznyOd><sln:wojIIPId>c606b01a-76c8-480d-9470-f24ca0d7a613</sln:wojIIPId><sln:wojIIPPn>PL.PZGIK.200</sln:wojIIPPn><sln:wojIIPWersja>2016-05-05T18:20:48+02:00</sln:wojIIPWersja><sln:wojIdTeryt>30</sln:wojIdTeryt><sln:wojNazwa>wielkopolskie</sln:wojNazwa></sln:miejscowosc><sln:miejscowosc><sln:cyklZyciaOd>2017-03-30T00:00:00+02:00</sln:cyklZyciaOd><sln:gmIIPId>dd756e7a-61fe-4f89-8b82-9fa8f6ed3807</sln:gmIIPId><sln:gmIIPPn>PL.PZGIK.200</sln:gmIIPPn><sln:gmIIPWersja>2012-09-26T22:22:33+02:00</sln:gmIIPWersja><sln:gmIdTeryt>3014022</sln:gmIdTeryt><sln:gmNazwa>Kwilcz</sln:gmNazwa><sln:miejscIIPId>dc13433e-a694-4076-8ee1-e7324dc7539c</sln:miejscIIPId><sln:miejscIIPPn>PL.PZGIK.200</sln:miejscIIPPn><sln:miejscIIPWersja>2017-03-30T09:37:37+02:00</sln:miejscIIPWersja><sln:miejscIdTeryt>0587979</sln:miejscIdTeryt><sln:miejscNazwa>Pólko</sln:miejscNazwa><sln:miejscRodzaj>Przysiółek</sln:miejscRodzaj><sln:powIIPId>5a132da9-151c-40d5-8bf7-b2920bf19960</sln:powIIPId><sln:powIIPPn>PL.PZGIK.200</sln:powIIPPn><sln:powIIPWersja>2012-09-27T08:59:03+02:00</sln:powIIPWersja><sln:powIdTeryt>3014</sln:powIdTeryt><sln:powNazwa>międzychodzki</sln:powNazwa><sln:waznyOd>2012-02-09T00:00:00+01:00</sln:waznyOd><sln:wojIIPId>c606b01a-76c8-480d-9470-f24ca0d7a613</sln:wojIIPId><sln:wojIIPPn>PL.PZGIK.200</sln:wojIIPPn><sln:wojIIPWersja>2016-05-05T18:20:48+02:00</sln:wojIIPWersja><sln:wojIdTeryt>30</sln:wojIdTeryt><sln:wojNazwa>wielkopolskie</sln:wojNazwa></sln:miejscowosc><sln:miejscowosc><sln:cyklZyciaOd>2017-03-30T00:00:00+02:00</sln:cyklZyciaOd><sln:gmIIPId>dd756e7a-61fe-4f89-8b82-9fa8f6ed3807</sln:gmIIPId><sln:gmIIPPn>PL.PZGIK.200</sln:gmIIPPn><sln:gmIIPWersja>2012-09-26T22:22:33+02:00</sln:gmIIPWersja><sln:gmIdTeryt>3014022</sln:gmIdTeryt><sln:gmNazwa>Kwilcz</sln:gmNazwa><sln:miejscIIPId>47d4b072-eb78-4837-8b2f-20e6ba5a2be7</sln:miejscIIPId><sln:miejscIIPPn>PL.PZGIK.200</sln:miejscIIPPn><sln:miejscIIPWersja>2017-03-30T09:37:37+02:00</sln:miejscIIPWersja><sln:miejscIdTeryt>0587985</sln:miejscIdTeryt><sln:miejscNazwa>Prusim</sln:miejscNazwa><sln:miejscRodzaj>Wieś</sln:miejscRodzaj><sln:powIIPId>5a132da9-151c-40d5-8bf7-b2920bf19960</sln:powIIPId><sln:powIIPPn>PL.PZGIK.200</sln:powIIPPn><sln:powIIPWersja>2012-09-27T08:59:03+02:00</sln:powIIPWersja><sln:powIdTeryt>3014</sln:powIdTeryt><sln:powNazwa>międzychodzki</sln:powNazwa><sln:waznyOd>2012-02-09T00:00:00+01:00</sln:waznyOd><sln:wojIIPId>c606b01a-76c8-480d-9470-f24ca0d7a613</sln:wojIIPId><sln:wojIIPPn>PL.PZGIK.200</sln:wojIIPPn><sln:wojIIPWersja>2016-05-05T18:20:48+02:00</sln:wojIIPWersja><sln:wojIdTeryt>30</sln:wojIdTeryt><sln:wojNazwa>wielkopolskie</sln:wojNazwa></sln:miejscowosc><sln:miejscowosc><sln:cyklZyciaOd>2017-03-30T00:00:00+02:00</sln:cyklZyciaOd><sln:gmIIPId>dd756e7a-61fe-4f89-8b82-9fa8f6ed3807</sln:gmIIPId><sln:gmIIPPn>PL.PZGIK.200</sln:gmIIPPn><sln:gmIIPWersja>2012-09-26T22:22:33+02:00</sln:gmIIPWersja><sln:gmIdTeryt>3014022</sln:gmIdTeryt><sln:gmNazwa>Kwilcz</sln:gmNazwa><sln:miejscIIPId>926896c5-aaee-473d-b338-22254c86d244</sln:miejscIIPId><sln:miejscIIPPn>PL.PZGIK.200</sln:miejscIIPPn><sln:miejscIIPWersja>2017-03-30T09:37:37+02:00</sln:miejscIIPWersja><sln:miejscIdTeryt>0587991</sln:miejscIdTeryt><sln:miejscNazwa>Rozbitek</sln:miejscNazwa><sln:miejscRodzaj>Wieś</sln:miejscRodzaj><sln:powIIPId>5a132da9-151c-40d5-8bf7-b2920bf19960</sln:powIIPId><sln:powIIPPn>PL.PZGIK.200</sln:powIIPPn><sln:powIIPWersja>2012-09-27T08:59:03+02:00</sln:powIIPWersja><sln:powIdTeryt>3014</sln:powIdTeryt><sln:powNazwa>międzychodzki</sln:powNazwa><sln:waznyOd>2012-02-10T00:00:00+01:00</sln:waznyOd><sln:wojIIPId>c606b01a-76c8-480d-9470-f24ca0d7a613</sln:wojIIPId><sln:wojIIPPn>PL.PZGIK.200</sln:wojIIPPn><sln:wojIIPWersja>2016-05-05T18:20:48+02:00</sln:wojIIPWersja><sln:wojIdTeryt>30</sln:wojIdTeryt><sln:wojNazwa>wielkopolskie</sln:wojNazwa></sln:miejscowosc><sln:miejscowosc><sln:cyklZyciaOd>2017-03-30T00:00:00+02:00</sln:cyklZyciaOd><sln:gmIIPId>dd756e7a-61fe-4f89-8b82-9fa8f6ed3807</sln:gmIIPId><sln:gmIIPPn>PL.PZGIK.200</sln:gmIIPPn><sln:gmIIPWersja>2012-09-26T22:22:33+02:00</sln:gmIIPWersja><sln:gmIdTeryt>3014022</sln:gmIdTeryt><sln:gmNazwa>Kwilcz</sln:gmNazwa><sln:miejscIIPId>3797a1d6-43b1-45f3-b203-628a4124b3b7</sln:miejscIIPId><sln:miejscIIPPn>PL.PZGIK.200</sln:miejscIIPPn><sln:miejscIIPWersja>2017-03-30T09:37:37+02:00</sln:miejscIIPWersja><sln:miejscIdTeryt>0588000</sln:miejscIdTeryt><sln:miejscNazwa>Upartowo</sln:miejscNazwa><sln:miejscRodzaj>Wieś</sln:miejscRodzaj><sln:powIIPId>5a132da9-151c-40d5-8bf7-b2920bf19960</sln:powIIPId><sln:powIIPPn>PL.PZGIK.200</sln:powIIPPn><sln:powIIPWersja>2012-09-27T08:59:03+02:00</sln:powIIPWersja><sln:powIdTeryt>3014</sln:powIdTeryt><sln:powNazwa>międzychodzki</sln:powNazwa><sln:waznyOd>2012-02-09T00:00:00+01:00</sln:waznyOd><sln:wojIIPId>c606b01a-76c8-480d-9470-f24ca0d7a613</sln:wojIIPId><sln:wojIIPPn>PL.PZGIK.200</sln:wojIIPPn><sln:wojIIPWersja>2016-05-05T18:20:48+02:00</sln:wojIIPWersja><sln:wojIdTeryt>30</sln:wojIdTeryt><sln:wojNazwa>wielkopolskie</sln:wojNazwa></sln:miejscowosc><sln:miejscowosc><sln:cyklZyciaOd>2017-03-30T00:00:00+02:00</sln:cyklZyciaOd><sln:gmIIPId>dd756e7a-61fe-4f89-8b82-9fa8f6ed3807</sln:gmIIPId><sln:gmIIPPn>PL.PZGIK.200</sln:gmIIPPn><sln:gmIIPWersja>2012-09-26T22:22:33+02:00</sln:gmIIPWersja><sln:gmIdTeryt>3014022</sln:gmIdTeryt><sln:gmNazwa>Kwilcz</sln:gmNazwa><sln:miejscIIPId>777e27db-c479-48a5-bfdb-1d7197bb7386</sln:miejscIIPId><sln:miejscIIPPn>PL.PZGIK.200</sln:miejscIIPPn><sln:miejscIIPWersja>2017-03-30T09:37:37+02:00</sln:miejscIIPWersja><sln:miejscIdTeryt>0588016</sln:miejscIdTeryt><sln:miejscNazwa>Wituchowo</sln:miejscNazwa><sln:miejscRodzaj>Wieś</sln:miejscRodzaj><sln:powIIPId>5a132da9-151c-40d5-8bf7-b2920bf19960</sln:powIIPId><sln:powIIPPn>PL.PZGIK.200</sln:powIIPPn><sln:powIIPWersja>2012-09-27T08:59:03+02:00</sln:powIIPWersja><sln:powIdTeryt>3014</sln:powIdTeryt><sln:powNazwa>międzychodzki</sln:powNazwa><sln:waznyOd>2012-02-09T00:00:00+01:00</sln:waznyOd><sln:wojIIPId>c606b01a-76c8-480d-9470-f24ca0d7a613</sln:wojIIPId><sln:wojIIPPn>PL.PZGIK.200</sln:wojIIPPn><sln:wojIIPWersja>2016-05-05T18:20:48+02:00</sln:wojIIPWersja><sln:wojIdTeryt>30</sln:wojIdTeryt><sln:wojNazwa>wielkopolskie</sln:wojNazwa></sln:miejscowosc></sln:lista-miejscowosci>