<?xml version="1.0" encoding="UTF-8" standalone="yes"?><sln:lista-miejscowosci xmlns:srv="http://gugik.gov.pl/schemas/slowniki-service/1.0" xmlns:sln="http://gugik.gov.pl/schemas/slowniki-schema/1.0"><sln:miejscowosc><sln:cyklZyciaDo>2017-03-30T00:00:00+02:00</sln:cyklZyciaDo><sln:cyklZyciaOd>2016-01-28T00:00:00+01:00</sln:cyklZyciaOd><sln:gmIIPId>fd343efa-4a55-47cd-ba05-a4f9d78f5bb3</sln:gmIIPId><sln:gmIIPPn>PL.PZGIK.200</sln:gmIIPPn><sln:gmIIPWersja>2012-09-26T22:22:39+02:00</sln:gmIIPWersja><sln:gmIdTeryt>3016023</sln:gmIdTeryt><sln:gmNazwa>Rogoźno</sln:gmNazwa><sln:miejscIIPId>19073b89-c390-4f91-8f55-09e211c25339</sln:miejscIIPId><sln:miejscIIPPn>PL.PZGIK.200</sln:miejscIIPPn><sln:miejscIIPWersja>2016-11-24T11:03:23+02:00</sln:miejscIIPWersja><sln:miejscIdTeryt>0529108</sln:miejscIdTeryt><sln:miejscNazwa>Biniewo</sln:miejscNazwa><sln:miejscRodzaj>Osada</sln:miejscRodzaj><sln:powIIPId>fc6420ba-6333-4fef-af46-cbe613e81444</sln:powIIPId><sln:powIIPPn>PL.PZGIK.200</sln:powIIPPn><sln:powIIPWersja>2012-09-27T08:59:03+02:00</sln:powIIPWersja><sln:powIdTeryt>3016</sln:powIdTeryt><sln:powNazwa>obornicki</sln:powNazwa><sln:waznyOd>2013-07-09T00:00:00+02:00</sln:waznyOd><sln:wojIIPId>c606b01a-76c8-480d-9470-f24ca0d7a613</sln:wojIIPId><sln:wojIIPPn>PL.PZGIK.200</sln:wojIIPPn><sln:wojIIPWersja>2016-05-05T18:20:48+02:00</sln:wojIIPWersja><sln:wojIdTeryt>30</sln:wojIdTeryt><sln:wojNazwa>wielkopolskie</sln:wojNazwa></sln:miejscowosc><sln:miejscowosc><sln:cyklZyciaDo>2017-03-30T00:00:00+02:00</sln:cyklZyciaDo><sln:cyklZyciaOd>2016-01-28T00:00:00+01:00</sln:cyklZyciaOd><sln:gmIIPId>fd343efa-4a55-47cd-ba05-a4f9d78f5bb3</sln:gmIIPId><sln:gmIIPPn>PL.PZGIK.200</sln:gmIIPPn><sln:gmIIPWersja>2012-09-26T22:22:39+02:00</sln:gmIIPWersja><sln:gmIdTeryt>3016023</sln:gmIdTeryt><sln:gmNazwa>Rogoźno</sln:gmNazwa><sln:miejscIIPId>54f74a84-4998-4b19-8b74-3fa1f7badc27</sln:miejscIIPId><sln:miejscIIPPn>PL.PZGIK.200</sln:miejscIIPPn><sln:miejscIIPWersja>2016-11-24T11:03:23+02:00</sln:miejscIIPWersja><sln:miejscIdTeryt>0528882</sln:miejscIdTeryt><sln:miejscNazwa>Boguniewo</sln:miejscNazwa><sln:miejscRodzaj>Wieś</sln:miejscRodzaj><sln:powIIPId>fc6420ba-6333-4fef-af46-cbe613e81444</sln:powIIPId><sln:powIIPPn>PL.PZGIK.200</sln:powIIPPn><sln:powIIPWersja>2012-09-27T08:59:03+02:00</sln:powIIPWersja><sln:powIdTeryt>3016</sln:powIdTeryt><sln:powNazwa>obornicki</sln:powNazwa><sln:waznyOd>2013-07-09T00:00:00+02:00</sln:waznyOd><sln:wojIIPId>c606b01a-76c8-480d-9470-f24ca0d7a613</sln:wojIIPId><sln:wojIIPPn>PL.PZGIK.200</sln:wojIIPPn><sln:wojIIPWersja>2016-05-05T18:20:48+02:00</sln:wojIIPWersja><sln:wojIdTeryt>30</sln:wojIdTeryt><sln:wojNazwa>wielkopolskie</sln:wojNazwa></sln:miejscowosc><sln:miejscowosc><sln:cyklZyciaDo>2017-03-30T00:00:00+02:00</sln:cyklZyciaDo><sln:cyklZyciaOd>2016-01-28T00:00:00+01:00</sln:cyklZyciaOd><sln:gmIIPId>fd343efa-4a55-47cd-ba05-a4f9d78f5bb3</sln:gmIIPId><sln:gmIIPPn>PL.PZGIK.200</sln:gmIIPPn><sln:gmIIPWersja>2012-09-26T22:22:39+02:00</sln:gmIIPWersja><sln:gmIdTeryt>3016023</sln:gmIdTeryt><sln:gmNazwa>Rogoźno</sln:gmNazwa><sln:miejscIIPId>238b9e46-dd9c-45b1-9783-d6757407122a</sln:miejscIIPId><sln:miejscIIPPn>PL.PZGIK.200</sln:miejscIIPPn><sln:miejscIIPWersja>2016-11-24T11:03:23+02:00</sln:miejscIIPWersja><sln:miejscIdTeryt>0528899</sln:miejscIdTeryt><sln:miejscNazwa>Budziszewko</sln:miejscNazwa><sln:miejscRodzaj>Wieś</sln:miejscRodzaj><sln:powIIPId>fc6420ba-6333-4fef-af46-cbe613e81444</sln:powIIPId><sln:powIIPPn>PL.PZGIK.200</sln:powIIPPn><sln:powIIPWersja>2012-09-27T08:59:03+02:00</sln:powIIPWersja><sln:powIdTeryt>3016</sln:powIdTeryt><sln:powNazwa>obornicki</sln:powNazwa><sln:waznyOd>2013-07-09T00:00:00+02:00</sln:waznyOd><sln:wojIIPId>c606b01a-76c8-480d-9470-f24ca0d7a613</sln:wojIIPId><sln:wojIIPPn>PL.PZGIK.200</sln:wojIIPPn><sln:wojIIPWersja>2016-05-05T18:20:48+02:00</sln:wojIIPWersja><sln:wojIdTeryt>30</sln:wojIdTeryt><sln:wojNazwa>wielkopolskie</sln:wojNazwa></sln:miejscowosc><sln:miejscowosc><sln:cyklZyciaDo>2017-03-30T00:00:00+02:00</sln:cyklZyciaDo><sln:cyklZyciaOd>2016-01-28T00:00:00+01:00</sln:cyklZyciaOd><sln:gmIIPId>fd343efa-4a55-47cd-ba05-a4f9d78f5bb3</sln:gmIIPId><sln:gmIIPPn>PL.PZGIK.200</sln:gmIIPPn><sln:gmIIPWersja>2012-09-26T22:22:39+02:00</sln:gmIIPWersja><sln:gmIdTeryt>3016023</sln:gmIdTeryt><sln:gmNazwa>Rogoźno</sln:gmNazwa><sln:miejscIIPId>ba1370e9-9d68-49cf-b68e-1af7a38f4e3e</sln:miejscIIPId><sln:miejscIIPPn>PL.PZGIK.200</sln:miejscIIPPn><sln:miejscIIPWersja>2016-11-24T11:03:23+02:00</sln:miejscIIPWersja><sln:miejscIdTeryt>0528907</sln:miejscIdTeryt><sln:miejscNazwa>Cieśle</sln:miejscNazwa><sln:miejscRodzaj>Wieś</sln:miejscRodzaj><sln:powIIPId>fc6420ba-6333-4fef-af46-cbe613e81444</sln:powIIPId><sln:powIIPPn>PL.PZGIK.200</sln:powIIPPn><sln:powIIPWersja>2012-09-27T08:59:03+02:00</sln:powIIPWersja><sln:powIdTeryt>3016</sln:powIdTeryt><sln:powNazwa>obornicki</sln:powNazwa><sln:waznyOd>2013-07-09T00:00:00+02:00</sln:waznyOd><sln:wojIIPId>c606b01a-76c8-480d-9470-f24ca0d7a613</sln:wojIIPId><sln:wojIIPPn>PL.PZGIK.200</sln:wojIIPPn><sln:wojIIPWersja>2016-05-05T18:20:48+02:00</sln:wojIIPWersja><sln:wojIdTeryt>30</sln:wojIdTeryt><sln:wojNazwa>wielkopolskie</sln:wojNazwa></sln:miejscowosc><sln:miejscowosc><sln:cyklZyciaDo>2017-03-30T00:00:00+02:00</sln:cyklZyciaDo><sln:cyklZyciaOd>2016-01-28T00:00:00+01:00</sln:cyklZyciaOd><sln:gmIIPId>fd343efa-4a55-47cd-ba05-a4f9d78f5bb3</sln:gmIIPId><sln:gmIIPPn>PL.PZGIK.200</sln:gmIIPPn><sln:gmIIPWersja>2012-09-26T22:22:39+02:00</sln:gmIIPWersja><sln:gmIdTeryt>3016023</sln:gmIdTeryt><sln:gmNazwa>Rogoźno</sln:gmNazwa><sln:miejscIIPId>7b2edbfd-089a-4f33-851c-fe6272905fed</sln:miejscIIPId><sln:miejscIIPPn>PL.PZGIK.200</sln:miejscIIPPn><sln:miejscIIPWersja>2016-11-24T11:03:23+02:00</sln:miejscIIPWersja><sln:miejscIdTeryt>0528920</sln:miejscIdTeryt><sln:miejscNazwa>Dziewcza Struga</sln:miejscNazwa><sln:miejscRodzaj>Wieś</sln:miejscRodzaj><sln:powIIPId>fc6420ba-6333-4fef-af46-cbe613e81444</sln:powIIPId><sln:powIIPPn>PL.PZGIK.200</sln:powIIPPn><sln:powIIPWersja>2012-09-27T08:59:03+02:00</sln:powIIPWersja><sln:powIdTeryt>3016</sln:powIdTeryt><sln:powNazwa>obornicki</sln:powNazwa><sln:waznyOd>2013-07-09T00:00:00+02:00</sln:waznyOd><sln:wojIIPId>c606b01a-76c8-480d-9470-f24ca0d7a613</sln:wojIIPId><sln:wojIIPPn>PL.PZGIK.200</sln:wojIIPPn><sln:wojIIPWersja>2016-05-05T18:20:48+02:00</sln:wojIIPWersja><sln:wojIdTeryt>30</sln:wojIdTeryt><sln:wojNazwa>wielkopolskie</sln:wojNazwa></sln:miejscowosc><sln:miejscowosc><sln:cyklZyciaDo>2017-03-30T00:00:00+02:00</sln:cyklZyciaDo><sln:cyklZyciaOd>2016-01-28T00:00:00+01:00</sln:cyklZyciaOd><sln:gmIIPId>fd343efa-4a55-47cd-ba05-a4f9d78f5bb3</sln:gmIIPId><sln:gmIIPPn>PL.PZGIK.200</sln:gmIIPPn><sln:gmIIPWersja>2012-09-26T22:22:39+02:00</sln:gmIIPWersja><sln:gmIdTeryt>3016023</sln:gmIdTeryt><sln:gmNazwa>Rogoźno</sln:gmNazwa><sln:miejscIIPId>497fff9f-92f8-4792-ae01-fc62edef9150</sln:miejscIIPId><sln:miejscIIPPn>PL.PZGIK.200</sln:miejscIIPPn><sln:miejscIIPWersja>2016-11-24T11:03:23+02:00</sln:miejscIIPWersja><sln:miejscIdTeryt>0528913</sln:miejscIdTeryt><sln:miejscNazwa>Garbatka</sln:miejscNazwa><sln:miejscRodzaj>Wieś</sln:miejscRodzaj><sln:powIIPId>fc6420ba-6333-4fef-af46-cbe613e81444</sln:powIIPId><sln:powIIPPn>PL.PZGIK.200</sln:powIIPPn><sln:powIIPWersja>2012-09-27T08:59:03+02:00</sln:powIIPWersja><sln:powIdTeryt>3016</sln:powIdTeryt><sln:powNazwa>obornicki</sln:powNazwa><sln:waznyOd>2013-07-09T00:00:00+02:00</sln:waznyOd><sln:wojIIPId>c606b01a-76c8-480d-9470-f24ca0d7a613</sln:wojIIPId><sln:wojIIPPn>PL.PZGIK.200</sln:wojIIPPn><sln:wojIIPWersja>2016-05-05T18:20:48+02:00</sln:wojIIPWersja><sln:wojIdTeryt>30</sln:wojIdTeryt><sln:wojNazwa>wielkopolskie</sln:wojNazwa></sln:miejscowosc><sln:miejscowosc><sln:cyklZyciaDo>2017-03-30T00:00:00+02:00</sln:cyklZyciaDo><sln:cyklZyciaOd>2016-01-28T00:00:00+01:00</sln:cyklZyciaOd><sln:gmIIPId>fd343efa-4a55-47cd-ba05-a4f9d78f5bb3</sln:gmIIPId><sln:gmIIPPn>PL.PZGIK.200</sln:gmIIPPn><sln:gmIIPWersja>2012-09-26T22:22:39+02:00</sln:gmIIPWersja><sln:gmIdTeryt>3016023</sln:gmIdTeryt><sln:gmNazwa>Rogoźno</sln:gmNazwa><sln:miejscIIPId>0dd37adc-e1b5-4ad7-9d23-5db8e6194854</sln:miejscIIPId><sln:miejscIIPPn>PL.PZGIK.200</sln:miejscIIPPn><sln:miejscIIPWersja>2016-11-24T11:03:23+02:00</sln:miejscIIPWersja><sln:miejscIdTeryt>0528936</sln:miejscIdTeryt><sln:miejscNazwa>Gościejewo</sln:miejscNazwa><sln:miejscRodzaj>Wieś</sln:miejscRodzaj><sln:powIIPId>fc6420ba-6333-4fef-af46-cbe613e81444</sln:powIIPId><sln:powIIPPn>PL.PZGIK.200</sln:powIIPPn><sln:powIIPWersja>2012-09-27T08:59:03+02:00</sln:powIIPWersja><sln:powIdTeryt>3016</sln:powIdTeryt><sln:powNazwa>obornicki</sln:powNazwa><sln:waznyOd>2013-07-09T00:00:00+02:00</sln:waznyOd><sln:wojIIPId>c606b01a-76c8-480d-9470-f24ca0d7a613</sln:wojIIPId><sln:wojIIPPn>PL.PZGIK.200</sln:wojIIPPn><sln:wojIIPWersja>2016-05-05T18:20:48+02:00</sln:wojIIPWersja><sln:wojIdTeryt>30</sln:wojIdTeryt><sln:wojNazwa>wielkopolskie</sln:wojNazwa></sln:miejscowosc><sln:miejscowosc><sln:cyklZyciaDo>2017-03-30T00:00:00+02:00</sln:cyklZyciaDo><sln:cyklZyciaOd>2016-01-28T00:00:00+01:00</sln:cyklZyciaOd><sln:gmIIPId>fd343efa-4a55-47cd-ba05-a4f9d78f5bb3</sln:gmIIPId><sln:gmIIPPn>PL.PZGIK.200</sln:gmIIPPn><sln:gmIIPWersja>2012-09-26T22:22:39+02:00</sln:gmIIPWersja><sln:gmIdTeryt>3016023</sln:gmIdTeryt><sln:gmNazwa>Rogoźno</sln:gmNazwa><sln:miejscIIPId>6e4add13-e3d5-4c8e-baa3-8952ca235f1a</sln:miejscIIPId><sln:miejscIIPPn>PL.PZGIK.200</sln:miejscIIPPn><sln:miejscIIPWersja>2016-11-24T11:03:23+02:00</sln:miejscIIPWersja><sln:miejscIdTeryt>0528959</sln:miejscIdTeryt><sln:miejscNazwa>Grudna</sln:miejscNazwa><sln:miejscRodzaj>Wieś</sln:miejscRodzaj><sln:powIIPId>fc6420ba-6333-4fef-af46-cbe613e81444</sln:powIIPId><sln:powIIPPn>PL.PZGIK.200</sln:powIIPPn><sln:powIIPWersja>2012-09-27T08:59:03+02:00</sln:powIIPWersja><sln:powIdTeryt>3016</sln:powIdTeryt><sln:powNazwa>obornicki</sln:powNazwa><sln:waznyOd>2013-07-09T00:00:00+02:00</sln:waznyOd><sln:wojIIPId>c606b01a-76c8-480d-9470-f24ca0d7a613</sln:wojIIPId><sln:wojIIPPn>PL.PZGIK.200</sln:wojIIPPn><sln:wojIIPWersja>2016-05-05T18:20:48+02:00</sln:wojIIPWersja><sln:wojIdTeryt>30</sln:wojIdTeryt><sln:wojNazwa>wielkopolskie</sln:wojNazwa></sln:miejscowosc><sln:miejscowosc><sln:cyklZyciaDo>2017-03-30T00:00:00+02:00</sln:cyklZyciaDo><sln:cyklZyciaOd>2016-01-28T00:00:00+01:00</sln:cyklZyciaOd><sln:gmIIPId>fd343efa-4a55-47cd-ba05-a4f9d78f5bb3</sln:gmIIPId><sln:gmIIPPn>PL.PZGIK.200</sln:gmIIPPn><sln:gmIIPWersja>2012-09-26T22:22:39+02:00</sln:gmIIPWersja><sln:gmIdTeryt>3016023</sln:gmIdTeryt><sln:gmNazwa>Rogoźno</sln:gmNazwa><sln:miejscIIPId>6b6908df-f99a-443d-8853-4c6be00bee01</sln:miejscIIPId><sln:miejscIIPPn>PL.PZGIK.200</sln:miejscIIPPn><sln:miejscIIPWersja>2016-11-24T11:03:23+02:00</sln:miejscIIPWersja><sln:miejscIdTeryt>0528965</sln:miejscIdTeryt><sln:miejscNazwa>Jaracz</sln:miejscNazwa><sln:miejscRodzaj>Wieś</sln:miejscRodzaj><sln:powIIPId>fc6420ba-6333-4fef-af46-cbe613e81444</sln:powIIPId><sln:powIIPPn>PL.PZGIK.200</sln:powIIPPn><sln:powIIPWersja>2012-09-27T08:59:03+02:00</sln:powIIPWersja><sln:powIdTeryt>3016</sln:powIdTeryt><sln:powNazwa>obornicki</sln:powNazwa><sln:waznyOd>2013-07-09T00:00:00+02:00</sln:waznyOd><sln:wojIIPId>c606b01a-76c8-480d-9470-f24ca0d7a613</sln:wojIIPId><sln:wojIIPPn>PL.PZGIK.200</sln:wojIIPPn><sln:wojIIPWersja>2016-05-05T18:20:48+02:00</sln:wojIIPWersja><sln:wojIdTeryt>30</sln:wojIdTeryt><sln:wojNazwa>wielkopolskie</sln:wojNazwa></sln:miejscowosc><sln:miejscowosc><sln:cyklZyciaDo>2017-03-30T00:00:00+02:00</sln:cyklZyciaDo><sln:cyklZyciaOd>2016-01-28T00:00:00+01:00</sln:cyklZyciaOd><sln:gmIIPId>fd343efa-4a55-47cd-ba05-a4f9d78f5bb3</sln:gmIIPId><sln:gmIIPPn>PL.PZGIK.200</sln:gmIIPPn><sln:gmIIPWersja>2012-09-26T22:22:39+02:00</sln:gmIIPWersja><sln:gmIdTeryt>3016023</sln:gmIdTeryt><sln:gmNazwa>Rogoźno</sln:gmNazwa><sln:miejscIIPId>b6783960-12f3-4019-81ef-84098f278984</sln:miejscIIPId><sln:miejscIIPPn>PL.PZGIK.200</sln:miejscIIPPn><sln:miejscIIPWersja>2016-11-24T11:03:23+02:00</sln:miejscIIPWersja><sln:miejscIdTeryt>0529077</sln:miejscIdTeryt><sln:miejscNazwa>Józefinowo</sln:miejscNazwa><sln:miejscRodzaj>Wieś</sln:miejscRodzaj><sln:powIIPId>fc6420ba-6333-4fef-af46-cbe613e81444</sln:powIIPId><sln:powIIPPn>PL.PZGIK.200</sln:powIIPPn><sln:powIIPWersja>2012-09-27T08:59:03+02:00</sln:powIIPWersja><sln:powIdTeryt>3016</sln:powIdTeryt><sln:powNazwa>obornicki</sln:powNazwa><sln:waznyOd>2013-07-09T00:00:00+02:00</sln:waznyOd><sln:wojIIPId>c606b01a-76c8-480d-9470-f24ca0d7a613</sln:wojIIPId><sln:wojIIPPn>PL.PZGIK.200</sln:wojIIPPn><sln:wojIIPWersja>2016-05-05T18:20:48+02:00</sln:wojIIPWersja><sln:wojIdTeryt>30</sln:wojIdTeryt><sln:wojNazwa>wielkopolskie</sln:wojNazwa></sln:miejscowosc><sln:miejscowosc><sln:cyklZyciaDo>2017-03-30T00:00:00+02:00</sln:cyklZyciaDo><sln:cyklZyciaOd>2016-01-28T00:00:00+01:00</sln:cyklZyciaOd><sln:gmIIPId>fd343efa-4a55-47cd-ba05-a4f9d78f5bb3</sln:gmIIPId><sln:gmIIPPn>PL.PZGIK.200</sln:gmIIPPn><sln:gmIIPWersja>2012-09-26T22:22:39+02:00</sln:gmIIPWersja><sln:gmIdTeryt>3016023</sln:gmIdTeryt><sln:gmNazwa>Rogoźno</sln:gmNazwa><sln:miejscIIPId>07268dbe-d16d-472e-b710-ca1eee080846</sln:miejscIIPId><sln:miejscIIPPn>PL.PZGIK.200</sln:miejscIIPPn><sln:miejscIIPWersja>2016-11-24T11:03:23+02:00</sln:miejscIIPWersja><sln:miejscIdTeryt>0529203</sln:miejscIdTeryt><sln:miejscNazwa>Karolewo</sln:miejscNazwa><sln:miejscRodzaj>Wieś</sln:miejscRodzaj><sln:powIIPId>fc6420ba-6333-4fef-af46-cbe613e81444</sln:powIIPId><sln:powIIPPn>PL.PZGIK.200</sln:powIIPPn><sln:powIIPWersja>2012-09-27T08:59:03+02:00</sln:powIIPWersja><sln:powIdTeryt>3016</sln:powIdTeryt><sln:powNazwa>obornicki</sln:powNazwa><sln:waznyOd>2013-07-09T00:00:00+02:00</sln:waznyOd><sln:wojIIPId>c606b01a-76c8-480d-9470-f24ca0d7a613</sln:wojIIPId><sln:wojIIPPn>PL.PZGIK.200</sln:wojIIPPn><sln:wojIIPWersja>2016-05-05T18:20:48+02:00</sln:wojIIPWersja><sln:wojIdTeryt>30</sln:wojIdTeryt><sln:wojNazwa>wielkopolskie</sln:wojNazwa></sln:miejscowosc><sln:miejscowosc><sln:cyklZyciaDo>2017-03-30T00:00:00+02:00</sln:cyklZyciaDo><sln:cyklZyciaOd>2016-01-28T00:00:00+01:00</sln:cyklZyciaOd><sln:gmIIPId>fd343efa-4a55-47cd-ba05-a4f9d78f5bb3</sln:gmIIPId><sln:gmIIPPn>PL.PZGIK.200</sln:gmIIPPn><sln:gmIIPWersja>2012-09-26T22:22:39+02:00</sln:gmIIPWersja><sln:gmIdTeryt>3016023</sln:gmIdTeryt><sln:gmNazwa>Rogoźno</sln:gmNazwa><sln:miejscIIPId>240eb287-df73-41b5-a555-d6ee330f0919</sln:miejscIIPId><sln:miejscIIPPn>PL.PZGIK.200</sln:miejscIIPPn><sln:miejscIIPWersja>2016-11-24T11:03:23+02:00</sln:miejscIIPWersja><sln:miejscIdTeryt>0528988</sln:miejscIdTeryt><sln:miejscNazwa>Kaziopole</sln:miejscNazwa><sln:miejscRodzaj>Wieś</sln:miejscRodzaj><sln:powIIPId>fc6420ba-6333-4fef-af46-cbe613e81444</sln:powIIPId><sln:powIIPPn>PL.PZGIK.200</sln:powIIPPn><sln:powIIPWersja>2012-09-27T08:59:03+02:00</sln:powIIPWersja><sln:powIdTeryt>3016</sln:powIdTeryt><sln:powNazwa>obornicki</sln:powNazwa><sln:waznyOd>2013-07-09T00:00:00+02:00</sln:waznyOd><sln:wojIIPId>c606b01a-76c8-480d-9470-f24ca0d7a613</sln:wojIIPId><sln:wojIIPPn>PL.PZGIK.200</sln:wojIIPPn><sln:wojIIPWersja>2016-05-05T18:20:48+02:00</sln:wojIIPWersja><sln:wojIdTeryt>30</sln:wojIdTeryt><sln:wojNazwa>wielkopolskie</sln:wojNazwa></sln:miejscowosc><sln:miejscowosc><sln:cyklZyciaDo>2017-03-30T00:00:00+02:00</sln:cyklZyciaDo><sln:cyklZyciaOd>2016-01-28T00:00:00+01:00</sln:cyklZyciaOd><sln:gmIIPId>fd343efa-4a55-47cd-ba05-a4f9d78f5bb3</sln:gmIIPId><sln:gmIIPPn>PL.PZGIK.200</sln:gmIIPPn><sln:gmIIPWersja>2012-09-26T22:22:39+02:00</sln:gmIIPWersja><sln:gmIdTeryt>3016023</sln:gmIdTeryt><sln:gmNazwa>Rogoźno</sln:gmNazwa><sln:miejscIIPId>48893f83-b46f-457c-ad0b-50773144ff49</sln:miejscIIPId><sln:miejscIIPPn>PL.PZGIK.200</sln:miejscIIPPn><sln:miejscIIPWersja>2016-11-24T11:03:23+02:00</sln:miejscIIPWersja><sln:miejscIdTeryt>0529019</sln:miejscIdTeryt><sln:miejscNazwa>Laskowo</sln:miejscNazwa><sln:miejscRodzaj>Wieś</sln:miejscRodzaj><sln:powIIPId>fc6420ba-6333-4fef-af46-cbe613e81444</sln:powIIPId><sln:powIIPPn>PL.PZGIK.200</sln:powIIPPn><sln:powIIPWersja>2012-09-27T08:59:03+02:00</sln:powIIPWersja><sln:powIdTeryt>3016</sln:powIdTeryt><sln:powNazwa>obornicki</sln:powNazwa><sln:waznyOd>2013-07-09T00:00:00+02:00</sln:waznyOd><sln:wojIIPId>c606b01a-76c8-480d-9470-f24ca0d7a613</sln:wojIIPId><sln:wojIIPPn>PL.PZGIK.200</sln:wojIIPPn><sln:wojIIPWersja>2016-05-05T18:20:48+02:00</sln:wojIIPWersja><sln:wojIdTeryt>30</sln:wojIdTeryt><sln:wojNazwa>wielkopolskie</sln:wojNazwa></sln:miejscowosc><sln:miejscowosc><sln:cyklZyciaDo>2017-03-30T00:00:00+02:00</sln:cyklZyciaDo><sln:cyklZyciaOd>2016-01-28T00:00:00+01:00</sln:cyklZyciaOd><sln:gmIIPId>fd343efa-4a55-47cd-ba05-a4f9d78f5bb3</sln:gmIIPId><sln:gmIIPPn>PL.PZGIK.200</sln:gmIIPPn><sln:gmIIPWersja>2012-09-26T22:22:39+02:00</sln:gmIIPWersja><sln:gmIdTeryt>3016023</sln:gmIdTeryt><sln:gmNazwa>Rogoźno</sln:gmNazwa><sln:miejscIIPId>e2cc66c6-bdab-484f-8204-32685a2516e7</sln:miejscIIPId><sln:miejscIIPPn>PL.PZGIK.200</sln:miejscIIPPn><sln:miejscIIPWersja>2016-11-24T11:03:23+02:00</sln:miejscIIPWersja><sln:miejscIdTeryt>0529114</sln:miejscIdTeryt><sln:miejscNazwa>Marlewo</sln:miejscNazwa><sln:miejscRodzaj>Wieś</sln:miejscRodzaj><sln:powIIPId>fc6420ba-6333-4fef-af46-cbe613e81444</sln:powIIPId><sln:powIIPPn>PL.PZGIK.200</sln:powIIPPn><sln:powIIPWersja>2012-09-27T08:59:03+02:00</sln:powIIPWersja><sln:powIdTeryt>3016</sln:powIdTeryt><sln:powNazwa>obornicki</sln:powNazwa><sln:waznyOd>2013-07-09T00:00:00+02:00</sln:waznyOd><sln:wojIIPId>c606b01a-76c8-480d-9470-f24ca0d7a613</sln:wojIIPId><sln:wojIIPPn>PL.PZGIK.200</sln:wojIIPPn><sln:wojIIPWersja>2016-05-05T18:20:48+02:00</sln:wojIIPWersja><sln:wojIdTeryt>30</sln:wojIdTeryt><sln:wojNazwa>wielkopolskie</sln:wojNazwa></sln:miejscowosc><sln:miejscowosc><sln:cyklZyciaDo>2017-03-30T00:00:00+02:00</sln:cyklZyciaDo><sln:cyklZyciaOd>2016-01-28T00:00:00+01:00</sln:cyklZyciaOd><sln:gmIIPId>fd343efa-4a55-47cd-ba05-a4f9d78f5bb3</sln:gmIIPId><sln:gmIIPPn>PL.PZGIK.200</sln:gmIIPPn><sln:gmIIPWersja>2012-09-26T22:22:39+02:00</sln:gmIIPWersja><sln:gmIdTeryt>3016023</sln:gmIdTeryt><sln:gmNazwa>Rogoźno</sln:gmNazwa><sln:miejscIIPId>8daa36f3-a5fb-4a84-aa72-78d382ec2e99</sln:miejscIIPId><sln:miejscIIPPn>PL.PZGIK.200</sln:miejscIIPPn><sln:miejscIIPWersja>2016-11-24T11:03:23+02:00</sln:miejscIIPWersja><sln:miejscIdTeryt>0529189</sln:miejscIdTeryt><sln:miejscNazwa>Międzylesie</sln:miejscNazwa><sln:miejscRodzaj>Wieś</sln:miejscRodzaj><sln:powIIPId>fc6420ba-6333-4fef-af46-cbe613e81444</sln:powIIPId><sln:powIIPPn>PL.PZGIK.200</sln:powIIPPn><sln:powIIPWersja>2012-09-27T08:59:03+02:00</sln:powIIPWersja><sln:powIdTeryt>3016</sln:powIdTeryt><sln:powNazwa>obornicki</sln:powNazwa><sln:waznyOd>2013-07-09T00:00:00+02:00</sln:waznyOd><sln:wojIIPId>c606b01a-76c8-480d-9470-f24ca0d7a613</sln:wojIIPId><sln:wojIIPPn>PL.PZGIK.200</sln:wojIIPPn><sln:wojIIPWersja>2016-05-05T18:20:48+02:00</sln:wojIIPWersja><sln:wojIdTeryt>30</sln:wojIdTeryt><sln:wojNazwa>wielkopolskie</sln:wojNazwa></sln:miejscowosc><sln:miejscowosc><sln:cyklZyciaDo>2017-03-30T00:00:00+02:00</sln:cyklZyciaDo><sln:cyklZyciaOd>2016-01-28T00:00:00+01:00</sln:cyklZyciaOd><sln:gmIIPId>fd343efa-4a55-47cd-ba05-a4f9d78f5bb3</sln:gmIIPId><sln:gmIIPPn>PL.PZGIK.200</sln:gmIIPPn><sln:gmIIPWersja>2012-09-26T22:22:39+02:00</sln:gmIIPWersja><sln:gmIdTeryt>3016023</sln:gmIdTeryt><sln:gmNazwa>Rogoźno</sln:gmNazwa><sln:miejscIIPId>c5b18d8e-3fbb-4c69-80b6-d6089d55104d</sln:miejscIIPId><sln:miejscIIPPn>PL.PZGIK.200</sln:miejscIIPPn><sln:miejscIIPWersja>2016-11-24T11:03:23+02:00</sln:miejscIIPWersja><sln:miejscIdTeryt>0529031</sln:miejscIdTeryt><sln:miejscNazwa>Nienawiszcz</sln:miejscNazwa><sln:miejscRodzaj>Wieś</sln:miejscRodzaj><sln:powIIPId>fc6420ba-6333-4fef-af46-cbe613e81444</sln:powIIPId><sln:powIIPPn>PL.PZGIK.200</sln:powIIPPn><sln:powIIPWersja>2012-09-27T08:59:03+02:00</sln:powIIPWersja><sln:powIdTeryt>3016</sln:powIdTeryt><sln:powNazwa>obornicki</sln:powNazwa><sln:waznyOd>2013-07-09T00:00:00+02:00</sln:waznyOd><sln:wojIIPId>c606b01a-76c8-480d-9470-f24ca0d7a613</sln:wojIIPId><sln:wojIIPPn>PL.PZGIK.200</sln:wojIIPPn><sln:wojIIPWersja>2016-05-05T18:20:48+02:00</sln:wojIIPWersja><sln:wojIdTeryt>30</sln:wojIdTeryt><sln:wojNazwa>wielkopolskie</sln:wojNazwa></sln:miejscowosc><sln:miejscowosc><sln:cyklZyciaDo>2017-03-30T00:00:00+02:00</sln:cyklZyciaDo><sln:cyklZyciaOd>2016-01-28T00:00:00+01:00</sln:cyklZyciaOd><sln:gmIIPId>fd343efa-4a55-47cd-ba05-a4f9d78f5bb3</sln:gmIIPId><sln:gmIIPPn>PL.PZGIK.200</sln:gmIIPPn><sln:gmIIPWersja>2012-09-26T22:22:39+02:00</sln:gmIIPWersja><sln:gmIdTeryt>3016023</sln:gmIdTeryt><sln:gmNazwa>Rogoźno</sln:gmNazwa><sln:miejscIIPId>eaa3a7d7-e207-4e34-a11f-8f14f8b971da</sln:miejscIIPId><sln:miejscIIPPn>PL.PZGIK.200</sln:miejscIIPPn><sln:miejscIIPWersja>2016-11-24T11:03:23+02:00</sln:miejscIIPWersja><sln:miejscIdTeryt>0528994</sln:miejscIdTeryt><sln:miejscNazwa>Nowy Młyn</sln:miejscNazwa><sln:miejscRodzaj>Osada</sln:miejscRodzaj><sln:powIIPId>fc6420ba-6333-4fef-af46-cbe613e81444</sln:powIIPId><sln:powIIPPn>PL.PZGIK.200</sln:powIIPPn><sln:powIIPWersja>2012-09-27T08:59:03+02:00</sln:powIIPWersja><sln:powIdTeryt>3016</sln:powIdTeryt><sln:powNazwa>obornicki</sln:powNazwa><sln:waznyOd>2013-07-09T00:00:00+02:00</sln:waznyOd><sln:wojIIPId>c606b01a-76c8-480d-9470-f24ca0d7a613</sln:wojIIPId><sln:wojIIPPn>PL.PZGIK.200</sln:wojIIPPn><sln:wojIIPWersja>2016-05-05T18:20:48+02:00</sln:wojIIPWersja><sln:wojIdTeryt>30</sln:wojIdTeryt><sln:wojNazwa>wielkopolskie</sln:wojNazwa></sln:miejscowosc><sln:miejscowosc><sln:cyklZyciaDo>2017-03-30T00:00:00+02:00</sln:cyklZyciaDo><sln:cyklZyciaOd>2016-01-28T00:00:00+01:00</sln:cyklZyciaOd><sln:gmIIPId>fd343efa-4a55-47cd-ba05-a4f9d78f5bb3</sln:gmIIPId><sln:gmIIPPn>PL.PZGIK.200</sln:gmIIPPn><sln:gmIIPWersja>2012-09-26T22:22:39+02:00</sln:gmIIPWersja><sln:gmIdTeryt>3016023</sln:gmIdTeryt><sln:gmNazwa>Rogoźno</sln:gmNazwa><sln:miejscIIPId>91950067-beac-4961-a90f-62216d7fe03e</sln:miejscIIPId><sln:miejscIIPPn>PL.PZGIK.200</sln:miejscIIPPn><sln:miejscIIPWersja>2016-11-24T11:03:23+02:00</sln:miejscIIPWersja><sln:miejscIdTeryt>0529025</sln:miejscIdTeryt><sln:miejscNazwa>Olszyna</sln:miejscNazwa><sln:miejscRodzaj>Inny obiekt</sln:miejscRodzaj><sln:powIIPId>fc6420ba-6333-4fef-af46-cbe613e81444</sln:powIIPId><sln:powIIPPn>PL.PZGIK.200</sln:powIIPPn><sln:powIIPWersja>2012-09-27T08:59:03+02:00</sln:powIIPWersja><sln:powIdTeryt>3016</sln:powIdTeryt><sln:powNazwa>obornicki</sln:powNazwa><sln:waznyOd>2013-07-09T00:00:00+02:00</sln:waznyOd><sln:wojIIPId>c606b01a-76c8-480d-9470-f24ca0d7a613</sln:wojIIPId><sln:wojIIPPn>PL.PZGIK.200</sln:wojIIPPn><sln:wojIIPWersja>2016-05-05T18:20:48+02:00</sln:wojIIPWersja><sln:wojIdTeryt>30</sln:wojIdTeryt><sln:wojNazwa>wielkopolskie</sln:wojNazwa></sln:miejscowosc><sln:miejscowosc><sln:cyklZyciaDo>2017-03-30T00:00:00+02:00</sln:cyklZyciaDo><sln:cyklZyciaOd>2016-01-28T00:00:00+01:00</sln:cyklZyciaOd><sln:gmIIPId>fd343efa-4a55-47cd-ba05-a4f9d78f5bb3</sln:gmIIPId><sln:gmIIPPn>PL.PZGIK.200</sln:gmIIPPn><sln:gmIIPWersja>2012-09-26T22:22:39+02:00</sln:gmIIPWersja><sln:gmIdTeryt>3016023</sln:gmIdTeryt><sln:gmNazwa>Rogoźno</sln:gmNazwa><sln:miejscIIPId>4698ef01-7bd0-4eb6-a6e7-e9b11556fcc2</sln:miejscIIPId><sln:miejscIIPPn>PL.PZGIK.200</sln:miejscIIPPn><sln:miejscIIPWersja>2016-11-24T11:03:23+02:00</sln:miejscIIPWersja><sln:miejscIdTeryt>0529048</sln:miejscIdTeryt><sln:miejscNazwa>Owczegłowy</sln:miejscNazwa><sln:miejscRodzaj>Wieś</sln:miejscRodzaj><sln:powIIPId>fc6420ba-6333-4fef-af46-cbe613e81444</sln:powIIPId><sln:powIIPPn>PL.PZGIK.200</sln:powIIPPn><sln:powIIPWersja>2012-09-27T08:59:03+02:00</sln:powIIPWersja><sln:powIdTeryt>3016</sln:powIdTeryt><sln:powNazwa>obornicki</sln:powNazwa><sln:waznyOd>2013-07-09T00:00:00+02:00</sln:waznyOd><sln:wojIIPId>c606b01a-76c8-480d-9470-f24ca0d7a613</sln:wojIIPId><sln:wojIIPPn>PL.PZGIK.200</sln:wojIIPPn><sln:wojIIPWersja>2016-05-05T18:20:48+02:00</sln:wojIIPWersja><sln:wojIdTeryt>30</sln:wojIdTeryt><sln:wojNazwa>wielkopolskie</sln:wojNazwa></sln:miejscowosc><sln:miejscowosc><sln:cyklZyciaDo>2017-03-30T00:00:00+02:00</sln:cyklZyciaDo><sln:cyklZyciaOd>2016-01-28T00:00:00+01:00</sln:cyklZyciaOd><sln:gmIIPId>fd343efa-4a55-47cd-ba05-a4f9d78f5bb3</sln:gmIIPId><sln:gmIIPPn>PL.PZGIK.200</sln:gmIIPPn><sln:gmIIPWersja>2012-09-26T22:22:39+02:00</sln:gmIIPWersja><sln:gmIdTeryt>3016023</sln:gmIdTeryt><sln:gmNazwa>Rogoźno</sln:gmNazwa><sln:miejscIIPId>ef7b8f38-43d2-42cd-96eb-0ae941aa3b15</sln:miejscIIPId><sln:miejscIIPPn>PL.PZGIK.200</sln:miejscIIPPn><sln:miejscIIPWersja>2016-11-24T11:03:23+02:00</sln:miejscIIPWersja><sln:miejscIdTeryt>0529054</sln:miejscIdTeryt><sln:miejscNazwa>Owieczki</sln:miejscNazwa><sln:miejscRodzaj>Wieś</sln:miejscRodzaj><sln:powIIPId>fc6420ba-6333-4fef-af46-cbe613e81444</sln:powIIPId><sln:powIIPPn>PL.PZGIK.200</sln:powIIPPn><sln:powIIPWersja>2012-09-27T08:59:03+02:00</sln:powIIPWersja><sln:powIdTeryt>3016</sln:powIdTeryt><sln:powNazwa>obornicki</sln:powNazwa><sln:waznyOd>2013-07-09T00:00:00+02:00</sln:waznyOd><sln:wojIIPId>c606b01a-76c8-480d-9470-f24ca0d7a613</sln:wojIIPId><sln:wojIIPPn>PL.PZGIK.200</sln:wojIIPPn><sln:wojIIPWersja>2016-05-05T18:20:48+02:00</sln:wojIIPWersja><sln:wojIdTeryt>30</sln:wojIdTeryt><sln:wojNazwa>wielkopolskie</sln:wojNazwa></sln:miejscowosc><sln:miejscowosc><sln:cyklZyciaDo>2017-03-30T00:00:00+02:00</sln:cyklZyciaDo><sln:cyklZyciaOd>2016-01-28T00:00:00+01:00</sln:cyklZyciaOd><sln:gmIIPId>fd343efa-4a55-47cd-ba05-a4f9d78f5bb3</sln:gmIIPId><sln:gmIIPPn>PL.PZGIK.200</sln:gmIIPPn><sln:gmIIPWersja>2012-09-26T22:22:39+02:00</sln:gmIIPWersja><sln:gmIdTeryt>3016023</sln:gmIdTeryt><sln:gmNazwa>Rogoźno</sln:gmNazwa><sln:miejscIIPId>ec433a6c-7121-41c8-92aa-6d76bd03ef45</sln:miejscIIPId><sln:miejscIIPPn>PL.PZGIK.200</sln:miejscIIPPn><sln:miejscIIPWersja>2016-11-24T11:03:23+02:00</sln:miejscIIPWersja><sln:miejscIdTeryt>0529060</sln:miejscIdTeryt><sln:miejscNazwa>Parkowo</sln:miejscNazwa><sln:miejscRodzaj>Wieś</sln:miejscRodzaj><sln:powIIPId>fc6420ba-6333-4fef-af46-cbe613e81444</sln:powIIPId><sln:powIIPPn>PL.PZGIK.200</sln:powIIPPn><sln:powIIPWersja>2012-09-27T08:59:03+02:00</sln:powIIPWersja><sln:powIdTeryt>3016</sln:powIdTeryt><sln:powNazwa>obornicki</sln:powNazwa><sln:waznyOd>2013-07-09T00:00:00+02:00</sln:waznyOd><sln:wojIIPId>c606b01a-76c8-480d-9470-f24ca0d7a613</sln:wojIIPId><sln:wojIIPPn>PL.PZGIK.200</sln:wojIIPPn><sln:wojIIPWersja>2016-05-05T18:20:48+02:00</sln:wojIIPWersja><sln:wojIdTeryt>30</sln:wojIdTeryt><sln:wojNazwa>wielkopolskie</sln:wojNazwa></sln:miejscowosc><sln:miejscowosc><sln:cyklZyciaDo>2017-03-30T00:00:00+02:00</sln:cyklZyciaDo><sln:cyklZyciaOd>2016-01-28T00:00:00+01:00</sln:cyklZyciaOd><sln:gmIIPId>fd343efa-4a55-47cd-ba05-a4f9d78f5bb3</sln:gmIIPId><sln:gmIIPPn>PL.PZGIK.200</sln:gmIIPPn><sln:gmIIPWersja>2012-09-26T22:22:39+02:00</sln:gmIIPWersja><sln:gmIdTeryt>3016023</sln:gmIdTeryt><sln:gmNazwa>Rogoźno</sln:gmNazwa><sln:miejscIIPId>8dad1332-7bac-4c2a-bdb8-ba279089a60c</sln:miejscIIPId><sln:miejscIIPPn>PL.PZGIK.200</sln:miejscIIPPn><sln:miejscIIPWersja>2016-11-24T11:03:23+02:00</sln:miejscIIPWersja><sln:miejscIdTeryt>0529090</sln:miejscIdTeryt><sln:miejscNazwa>Pruśce</sln:miejscNazwa><sln:miejscRodzaj>Wieś</sln:miejscRodzaj><sln:powIIPId>fc6420ba-6333-4fef-af46-cbe613e81444</sln:powIIPId><sln:powIIPPn>PL.PZGIK.200</sln:powIIPPn><sln:powIIPWersja>2012-09-27T08:59:03+02:00</sln:powIIPWersja><sln:powIdTeryt>3016</sln:powIdTeryt><sln:powNazwa>obornicki</sln:powNazwa><sln:waznyOd>2013-07-09T00:00:00+02:00</sln:waznyOd><sln:wojIIPId>c606b01a-76c8-480d-9470-f24ca0d7a613</sln:wojIIPId><sln:wojIIPPn>PL.PZGIK.200</sln:wojIIPPn><sln:wojIIPWersja>2016-05-05T18:20:48+02:00</sln:wojIIPWersja><sln:wojIdTeryt>30</sln:wojIdTeryt><sln:wojNazwa>wielkopolskie</sln:wojNazwa></sln:miejscowosc><sln:miejscowosc><sln:cyklZyciaDo>2017-03-30T00:00:00+02:00</sln:cyklZyciaDo><sln:cyklZyciaOd>2016-01-28T00:00:00+01:00</sln:cyklZyciaOd><sln:gmIIPId>fd343efa-4a55-47cd-ba05-a4f9d78f5bb3</sln:gmIIPId><sln:gmIIPPn>PL.PZGIK.200</sln:gmIIPPn><sln:gmIIPWersja>2012-09-26T22:22:39+02:00</sln:gmIIPWersja><sln:gmIdTeryt>3016023</sln:gmIdTeryt><sln:gmNazwa>Rogoźno</sln:gmNazwa><sln:miejscIIPId>ab0662f6-54c7-4342-94dc-74c19c986e70</sln:miejscIIPId><sln:miejscIIPPn>PL.PZGIK.200</sln:miejscIIPPn><sln:miejscIIPWersja>2016-11-24T13:17:33+02:00</sln:miejscIIPWersja><sln:miejscIdTeryt>0967080</sln:miejscIdTeryt><sln:miejscNazwa>Rogoźno</sln:miejscNazwa><sln:miejscRodzaj>Miasto</sln:miejscRodzaj><sln:powIIPId>fc6420ba-6333-4fef-af46-cbe613e81444</sln:powIIPId><sln:powIIPPn>PL.PZGIK.200</sln:powIIPPn><sln:powIIPWersja>2012-09-27T08:59:03+02:00</sln:powIIPWersja><sln:powIdTeryt>3016</sln:powIdTeryt><sln:powNazwa>obornicki</sln:powNazwa><sln:waznyOd>2013-07-09T00:00:00+02:00</sln:waznyOd><sln:wojIIPId>c606b01a-76c8-480d-9470-f24ca0d7a613</sln:wojIIPId><sln:wojIIPPn>PL.PZGIK.200</sln:wojIIPPn><sln:wojIIPWersja>2016-05-05T18:20:48+02:00</sln:wojIIPWersja><sln:wojIdTeryt>30</sln:wojIdTeryt><sln:wojNazwa>wielkopolskie</sln:wojNazwa></sln:miejscowosc><sln:miejscowosc><sln:cyklZyciaDo>2017-03-30T00:00:00+02:00</sln:cyklZyciaDo><sln:cyklZyciaOd>2016-01-28T00:00:00+01:00</sln:cyklZyciaOd><sln:gmIIPId>fd343efa-4a55-47cd-ba05-a4f9d78f5bb3</sln:gmIIPId><sln:gmIIPPn>PL.PZGIK.200</sln:gmIIPPn><sln:gmIIPWersja>2012-09-26T22:22:39+02:00</sln:gmIIPWersja><sln:gmIdTeryt>3016023</sln:gmIdTeryt><sln:gmNazwa>Rogoźno</sln:gmNazwa><sln:miejscIIPId>97f2af14-923b-4ebe-b4f1-b6edd60ad270</sln:miejscIIPId><sln:miejscIIPPn>PL.PZGIK.200</sln:miejscIIPPn><sln:miejscIIPWersja>2016-11-24T11:03:23+02:00</sln:miejscIIPWersja><sln:miejscIdTeryt>0528971</sln:miejscIdTeryt><sln:miejscNazwa>Rożnowice</sln:miejscNazwa><sln:miejscRodzaj>Wieś</sln:miejscRodzaj><sln:powIIPId>fc6420ba-6333-4fef-af46-cbe613e81444</sln:powIIPId><sln:powIIPPn>PL.PZGIK.200</sln:powIIPPn><sln:powIIPWersja>2012-09-27T08:59:03+02:00</sln:powIIPWersja><sln:powIdTeryt>3016</sln:powIdTeryt><sln:powNazwa>obornicki</sln:powNazwa><sln:waznyOd>2013-07-09T00:00:00+02:00</sln:waznyOd><sln:wojIIPId>c606b01a-76c8-480d-9470-f24ca0d7a613</sln:wojIIPId><sln:wojIIPPn>PL.PZGIK.200</sln:wojIIPPn><sln:wojIIPWersja>2016-05-05T18:20:48+02:00</sln:wojIIPWersja><sln:wojIdTeryt>30</sln:wojIdTeryt><sln:wojNazwa>wielkopolskie</sln:wojNazwa></sln:miejscowosc><sln:miejscowosc><sln:cyklZyciaDo>2017-03-30T00:00:00+02:00</sln:cyklZyciaDo><sln:cyklZyciaOd>2016-01-28T00:00:00+01:00</sln:cyklZyciaOd><sln:gmIIPId>fd343efa-4a55-47cd-ba05-a4f9d78f5bb3</sln:gmIIPId><sln:gmIIPPn>PL.PZGIK.200</sln:gmIIPPn><sln:gmIIPWersja>2012-09-26T22:22:39+02:00</sln:gmIIPWersja><sln:gmIdTeryt>3016023</sln:gmIdTeryt><sln:gmNazwa>Rogoźno</sln:gmNazwa><sln:miejscIIPId>6feaf53e-5150-46fa-9b72-edfde31186ca</sln:miejscIIPId><sln:miejscIIPPn>PL.PZGIK.200</sln:miejscIIPPn><sln:miejscIIPWersja>2016-11-24T11:03:23+02:00</sln:miejscIIPWersja><sln:miejscIdTeryt>0528942</sln:miejscIdTeryt><sln:miejscNazwa>Ruda</sln:miejscNazwa><sln:miejscRodzaj>Wieś</sln:miejscRodzaj><sln:powIIPId>fc6420ba-6333-4fef-af46-cbe613e81444</sln:powIIPId><sln:powIIPPn>PL.PZGIK.200</sln:powIIPPn><sln:powIIPWersja>2012-09-27T08:59:03+02:00</sln:powIIPWersja><sln:powIdTeryt>3016</sln:powIdTeryt><sln:powNazwa>obornicki</sln:powNazwa><sln:waznyOd>2013-07-09T00:00:00+02:00</sln:waznyOd><sln:wojIIPId>c606b01a-76c8-480d-9470-f24ca0d7a613</sln:wojIIPId><sln:wojIIPPn>PL.PZGIK.200</sln:wojIIPPn><sln:wojIIPWersja>2016-05-05T18:20:48+02:00</sln:wojIIPWersja><sln:wojIdTeryt>30</sln:wojIdTeryt><sln:wojNazwa>wielkopolskie</sln:wojNazwa></sln:miejscowosc><sln:miejscowosc><sln:cyklZyciaDo>2017-03-30T00:00:00+02:00</sln:cyklZyciaDo><sln:cyklZyciaOd>2016-01-28T00:00:00+01:00</sln:cyklZyciaOd><sln:gmIIPId>fd343efa-4a55-47cd-ba05-a4f9d78f5bb3</sln:gmIIPId><sln:gmIIPPn>PL.PZGIK.200</sln:gmIIPPn><sln:gmIIPWersja>2012-09-26T22:22:39+02:00</sln:gmIIPWersja><sln:gmIdTeryt>3016023</sln:gmIdTeryt><sln:gmNazwa>Rogoźno</sln:gmNazwa><sln:miejscIIPId>ddfa3826-c8a7-4582-9a2e-0b8cf14d7ed1</sln:miejscIIPId><sln:miejscIIPPn>PL.PZGIK.200</sln:miejscIIPPn><sln:miejscIIPWersja>2016-11-24T11:03:23+02:00</sln:miejscIIPWersja><sln:miejscIdTeryt>0529120</sln:miejscIdTeryt><sln:miejscNazwa>Sierniki</sln:miejscNazwa><sln:miejscRodzaj>Wieś</sln:miejscRodzaj><sln:powIIPId>fc6420ba-6333-4fef-af46-cbe613e81444</sln:powIIPId><sln:powIIPPn>PL.PZGIK.200</sln:powIIPPn><sln:powIIPWersja>2012-09-27T08:59:03+02:00</sln:powIIPWersja><sln:powIdTeryt>3016</sln:powIdTeryt><sln:powNazwa>obornicki</sln:powNazwa><sln:waznyOd>2013-07-09T00:00:00+02:00</sln:waznyOd><sln:wojIIPId>c606b01a-76c8-480d-9470-f24ca0d7a613</sln:wojIIPId><sln:wojIIPPn>PL.PZGIK.200</sln:wojIIPPn><sln:wojIIPWersja>2016-05-05T18:20:48+02:00</sln:wojIIPWersja><sln:wojIdTeryt>30</sln:wojIdTeryt><sln:wojNazwa>wielkopolskie</sln:wojNazwa></sln:miejscowosc><sln:miejscowosc><sln:cyklZyciaDo>2017-03-30T00:00:00+02:00</sln:cyklZyciaDo><sln:cyklZyciaOd>2016-01-28T00:00:00+01:00</sln:cyklZyciaOd><sln:gmIIPId>fd343efa-4a55-47cd-ba05-a4f9d78f5bb3</sln:gmIIPId><sln:gmIIPPn>PL.PZGIK.200</sln:gmIIPPn><sln:gmIIPWersja>2012-09-26T22:22:39+02:00</sln:gmIIPWersja><sln:gmIdTeryt>3016023</sln:gmIdTeryt><sln:gmNazwa>Rogoźno</sln:gmNazwa><sln:miejscIIPId>6ee47447-f193-4e8f-a2c6-827243b66c6b</sln:miejscIIPId><sln:miejscIIPPn>PL.PZGIK.200</sln:miejscIIPPn><sln:miejscIIPWersja>2016-11-24T11:03:23+02:00</sln:miejscIIPWersja><sln:miejscIdTeryt>0529150</sln:miejscIdTeryt><sln:miejscNazwa>Słomowo</sln:miejscNazwa><sln:miejscRodzaj>Wieś</sln:miejscRodzaj><sln:powIIPId>fc6420ba-6333-4fef-af46-cbe613e81444</sln:powIIPId><sln:powIIPPn>PL.PZGIK.200</sln:powIIPPn><sln:powIIPWersja>2012-09-27T08:59:03+02:00</sln:powIIPWersja><sln:powIdTeryt>3016</sln:powIdTeryt><sln:powNazwa>obornicki</sln:powNazwa><sln:waznyOd>2013-07-09T00:00:00+02:00</sln:waznyOd><sln:wojIIPId>c606b01a-76c8-480d-9470-f24ca0d7a613</sln:wojIIPId><sln:wojIIPPn>PL.PZGIK.200</sln:wojIIPPn><sln:wojIIPWersja>2016-05-05T18:20:48+02:00</sln:wojIIPWersja><sln:wojIdTeryt>30</sln:wojIdTeryt><sln:wojNazwa>wielkopolskie</sln:wojNazwa></sln:miejscowosc><sln:miejscowosc><sln:cyklZyciaDo>2017-03-30T00:00:00+02:00</sln:cyklZyciaDo><sln:cyklZyciaOd>2016-01-28T00:00:00+01:00</sln:cyklZyciaOd><sln:gmIIPId>fd343efa-4a55-47cd-ba05-a4f9d78f5bb3</sln:gmIIPId><sln:gmIIPPn>PL.PZGIK.200</sln:gmIIPPn><sln:gmIIPWersja>2012-09-26T22:22:39+02:00</sln:gmIIPWersja><sln:gmIdTeryt>3016023</sln:gmIdTeryt><sln:gmNazwa>Rogoźno</sln:gmNazwa><sln:miejscIIPId>dd6b58fe-77eb-4258-a21a-8357b8b1c591</sln:miejscIIPId><sln:miejscIIPPn>PL.PZGIK.200</sln:miejscIIPPn><sln:miejscIIPWersja>2016-11-24T11:03:23+02:00</sln:miejscIIPWersja><sln:miejscIdTeryt>0529137</sln:miejscIdTeryt><sln:miejscNazwa>Stare</sln:miejscNazwa><sln:miejscRodzaj>Wieś</sln:miejscRodzaj><sln:powIIPId>fc6420ba-6333-4fef-af46-cbe613e81444</sln:powIIPId><sln:powIIPPn>PL.PZGIK.200</sln:powIIPPn><sln:powIIPWersja>2012-09-27T08:59:03+02:00</sln:powIIPWersja><sln:powIdTeryt>3016</sln:powIdTeryt><sln:powNazwa>obornicki</sln:powNazwa><sln:waznyOd>2013-07-09T00:00:00+02:00</sln:waznyOd><sln:wojIIPId>c606b01a-76c8-480d-9470-f24ca0d7a613</sln:wojIIPId><sln:wojIIPPn>PL.PZGIK.200</sln:wojIIPPn><sln:wojIIPWersja>2016-05-05T18:20:48+02:00</sln:wojIIPWersja><sln:wojIdTeryt>30</sln:wojIdTeryt><sln:wojNazwa>wielkopolskie</sln:wojNazwa></sln:miejscowosc><sln:miejscowosc><sln:cyklZyciaDo>2017-03-30T00:00:00+02:00</sln:cyklZyciaDo><sln:cyklZyciaOd>2016-01-28T00:00:00+01:00</sln:cyklZyciaOd><sln:gmIIPId>fd343efa-4a55-47cd-ba05-a4f9d78f5bb3</sln:gmIIPId><sln:gmIIPPn>PL.PZGIK.200</sln:gmIIPPn><sln:gmIIPWersja>2012-09-26T22:22:39+02:00</sln:gmIIPWersja><sln:gmIdTeryt>3016023</sln:gmIdTeryt><sln:gmNazwa>Rogoźno</sln:gmNazwa><sln:miejscIIPId>f3e188d3-7873-49b5-8a39-dfab336b46df</sln:miejscIIPId><sln:miejscIIPPn>PL.PZGIK.200</sln:miejscIIPPn><sln:miejscIIPWersja>2016-11-24T11:03:23+02:00</sln:miejscIIPWersja><sln:miejscIdTeryt>0529172</sln:miejscIdTeryt><sln:miejscNazwa>Studzieniec</sln:miejscNazwa><sln:miejscRodzaj>Wieś</sln:miejscRodzaj><sln:powIIPId>fc6420ba-6333-4fef-af46-cbe613e81444</sln:powIIPId><sln:powIIPPn>PL.PZGIK.200</sln:powIIPPn><sln:powIIPWersja>2012-09-27T08:59:03+02:00</sln:powIIPWersja><sln:powIdTeryt>3016</sln:powIdTeryt><sln:powNazwa>obornicki</sln:powNazwa><sln:waznyOd>2013-07-09T00:00:00+02:00</sln:waznyOd><sln:wojIIPId>c606b01a-76c8-480d-9470-f24ca0d7a613</sln:wojIIPId><sln:wojIIPPn>PL.PZGIK.200</sln:wojIIPPn><sln:wojIIPWersja>2016-05-05T18:20:48+02:00</sln:wojIIPWersja><sln:wojIdTeryt>30</sln:wojIdTeryt><sln:wojNazwa>wielkopolskie</sln:wojNazwa></sln:miejscowosc><sln:miejscowosc><sln:cyklZyciaDo>2017-03-30T00:00:00+02:00</sln:cyklZyciaDo><sln:cyklZyciaOd>2016-01-28T00:00:00+01:00</sln:cyklZyciaOd><sln:gmIIPId>fd343efa-4a55-47cd-ba05-a4f9d78f5bb3</sln:gmIIPId><sln:gmIIPPn>PL.PZGIK.200</sln:gmIIPPn><sln:gmIIPWersja>2012-09-26T22:22:39+02:00</sln:gmIIPWersja><sln:gmIdTeryt>3016023</sln:gmIdTeryt><sln:gmNazwa>Rogoźno</sln:gmNazwa><sln:miejscIIPId>0d839b00-01b6-4893-a667-df14c5292a3e</sln:miejscIIPId><sln:miejscIIPPn>PL.PZGIK.200</sln:miejscIIPPn><sln:miejscIIPWersja>2016-11-24T11:03:23+02:00</sln:miejscIIPWersja><sln:miejscIdTeryt>0529166</sln:miejscIdTeryt><sln:miejscNazwa>Szczytno</sln:miejscNazwa><sln:miejscRodzaj>Wieś</sln:miejscRodzaj><sln:powIIPId>fc6420ba-6333-4fef-af46-cbe613e81444</sln:powIIPId><sln:powIIPPn>PL.PZGIK.200</sln:powIIPPn><sln:powIIPWersja>2012-09-27T08:59:03+02:00</sln:powIIPWersja><sln:powIdTeryt>3016</sln:powIdTeryt><sln:powNazwa>obornicki</sln:powNazwa><sln:waznyOd>2013-07-09T00:00:00+02:00</sln:waznyOd><sln:wojIIPId>c606b01a-76c8-480d-9470-f24ca0d7a613</sln:wojIIPId><sln:wojIIPPn>PL.PZGIK.200</sln:wojIIPPn><sln:wojIIPWersja>2016-05-05T18:20:48+02:00</sln:wojIIPWersja><sln:wojIdTeryt>30</sln:wojIdTeryt><sln:wojNazwa>wielkopolskie</sln:wojNazwa></sln:miejscowosc><sln:miejscowosc><sln:cyklZyciaDo>2017-03-30T00:00:00+02:00</sln:cyklZyciaDo><sln:cyklZyciaOd>2016-01-28T00:00:00+01:00</sln:cyklZyciaOd><sln:gmIIPId>fd343efa-4a55-47cd-ba05-a4f9d78f5bb3</sln:gmIIPId><sln:gmIIPPn>PL.PZGIK.200</sln:gmIIPPn><sln:gmIIPWersja>2012-09-26T22:22:39+02:00</sln:gmIIPWersja><sln:gmIdTeryt>3016023</sln:gmIdTeryt><sln:gmNazwa>Rogoźno</sln:gmNazwa><sln:miejscIIPId>5ff32a22-077f-4122-a576-bba874e071dc</sln:miejscIIPId><sln:miejscIIPPn>PL.PZGIK.200</sln:miejscIIPPn><sln:miejscIIPWersja>2016-11-24T11:03:23+02:00</sln:miejscIIPWersja><sln:miejscIdTeryt>0529195</sln:miejscIdTeryt><sln:miejscNazwa>Tarnowo</sln:miejscNazwa><sln:miejscRodzaj>Wieś</sln:miejscRodzaj><sln:powIIPId>fc6420ba-6333-4fef-af46-cbe613e81444</sln:powIIPId><sln:powIIPPn>PL.PZGIK.200</sln:powIIPPn><sln:powIIPWersja>2012-09-27T08:59:03+02:00</sln:powIIPWersja><sln:powIdTeryt>3016</sln:powIdTeryt><sln:powNazwa>obornicki</sln:powNazwa><sln:waznyOd>2013-07-09T00:00:00+02:00</sln:waznyOd><sln:wojIIPId>c606b01a-76c8-480d-9470-f24ca0d7a613</sln:wojIIPId><sln:wojIIPPn>PL.PZGIK.200</sln:wojIIPPn><sln:wojIIPWersja>2016-05-05T18:20:48+02:00</sln:wojIIPWersja><sln:wojIdTeryt>30</sln:wojIdTeryt><sln:wojNazwa>wielkopolskie</sln:wojNazwa></sln:miejscowosc><sln:miejscowosc><sln:cyklZyciaDo>2017-03-30T00:00:00+02:00</sln:cyklZyciaDo><sln:cyklZyciaOd>2016-01-28T00:00:00+01:00</sln:cyklZyciaOd><sln:gmIIPId>fd343efa-4a55-47cd-ba05-a4f9d78f5bb3</sln:gmIIPId><sln:gmIIPPn>PL.PZGIK.200</sln:gmIIPPn><sln:gmIIPWersja>2012-09-26T22:22:39+02:00</sln:gmIIPWersja><sln:gmIdTeryt>3016023</sln:gmIdTeryt><sln:gmNazwa>Rogoźno</sln:gmNazwa><sln:miejscIIPId>ac27ce62-b92b-437a-b350-e2145362ebeb</sln:miejscIIPId><sln:miejscIIPPn>PL.PZGIK.200</sln:miejscIIPPn><sln:miejscIIPWersja>2016-11-24T11:03:23+02:00</sln:miejscIIPWersja><sln:miejscIdTeryt>0529083</sln:miejscIdTeryt><sln:miejscNazwa>Wełna</sln:miejscNazwa><sln:miejscRodzaj>Wieś</sln:miejscRodzaj><sln:powIIPId>fc6420ba-6333-4fef-af46-cbe613e81444</sln:powIIPId><sln:powIIPPn>PL.PZGIK.200</sln:powIIPPn><sln:powIIPWersja>2012-09-27T08:59:03+02:00</sln:powIIPWersja><sln:powIdTeryt>3016</sln:powIdTeryt><sln:powNazwa>obornicki</sln:powNazwa><sln:waznyOd>2013-07-09T00:00:00+02:00</sln:waznyOd><sln:wojIIPId>c606b01a-76c8-480d-9470-f24ca0d7a613</sln:wojIIPId><sln:wojIIPPn>PL.PZGIK.200</sln:wojIIPPn><sln:wojIIPWersja>2016-05-05T18:20:48+02:00</sln:wojIIPWersja><sln:wojIdTeryt>30</sln:wojIdTeryt><sln:wojNazwa>wielkopolskie</sln:wojNazwa></sln:miejscowosc><sln:miejscowosc><sln:cyklZyciaDo>2017-03-30T00:00:00+02:00</sln:cyklZyciaDo><sln:cyklZyciaOd>2016-01-28T00:00:00+01:00</sln:cyklZyciaOd><sln:gmIIPId>fd343efa-4a55-47cd-ba05-a4f9d78f5bb3</sln:gmIIPId><sln:gmIIPPn>PL.PZGIK.200</sln:gmIIPPn><sln:gmIIPWersja>2012-09-26T22:22:39+02:00</sln:gmIIPWersja><sln:gmIdTeryt>3016023</sln:gmIdTeryt><sln:gmNazwa>Rogoźno</sln:gmNazwa><sln:miejscIIPId>d72f9b88-9ca2-46f8-bef6-ce5e7c24f019</sln:miejscIIPId><sln:miejscIIPPn>PL.PZGIK.200</sln:miejscIIPPn><sln:miejscIIPWersja>2016-11-24T11:03:23+02:00</sln:miejscIIPWersja><sln:miejscIdTeryt>0529143</sln:miejscIdTeryt><sln:miejscNazwa>Wojciechowo</sln:miejscNazwa><sln:miejscRodzaj>Osada</sln:miejscRodzaj><sln:powIIPId>fc6420ba-6333-4fef-af46-cbe613e81444</sln:powIIPId><sln:powIIPPn>PL.PZGIK.200</sln:powIIPPn><sln:powIIPWersja>2012-09-27T08:59:03+02:00</sln:powIIPWersja><sln:powIdTeryt>3016</sln:powIdTeryt><sln:powNazwa>obornicki</sln:powNazwa><sln:waznyOd>2013-07-09T00:00:00+02:00</sln:waznyOd><sln:wojIIPId>c606b01a-76c8-480d-9470-f24ca0d7a613</sln:wojIIPId><sln:wojIIPPn>PL.PZGIK.200</sln:wojIIPPn><sln:wojIIPWersja>2016-05-05T18:20:48+02:00</sln:wojIIPWersja><sln:wojIdTeryt>30</sln:wojIdTeryt><sln:wojNazwa>wielkopolskie</sln:wojNazwa></sln:miejscowosc><sln:miejscowosc><sln:cyklZyciaDo>2017-03-30T00:00:00+02:00</sln:cyklZyciaDo><sln:cyklZyciaOd>2016-01-28T00:00:00+01:00</sln:cyklZyciaOd><sln:gmIIPId>fd343efa-4a55-47cd-ba05-a4f9d78f5bb3</sln:gmIIPId><sln:gmIIPPn>PL.PZGIK.200</sln:gmIIPPn><sln:gmIIPWersja>2012-09-26T22:22:39+02:00</sln:gmIIPWersja><sln:gmIdTeryt>3016023</sln:gmIdTeryt><sln:gmNazwa>Rogoźno</sln:gmNazwa><sln:miejscIIPId>9e80fb1b-8237-46cb-aeef-65c9eef8c136</sln:miejscIIPId><sln:miejscIIPPn>PL.PZGIK.200</sln:miejscIIPPn><sln:miejscIIPWersja>2016-11-24T11:03:23+02:00</sln:miejscIIPWersja><sln:miejscIdTeryt>0529002</sln:miejscIdTeryt><sln:miejscNazwa>Żołędzin</sln:miejscNazwa><sln:miejscRodzaj>Osada</sln:miejscRodzaj><sln:powIIPId>fc6420ba-6333-4fef-af46-cbe613e81444</sln:powIIPId><sln:powIIPPn>PL.PZGIK.200</sln:powIIPPn><sln:powIIPWersja>2012-09-27T08:59:03+02:00</sln:powIIPWersja><sln:powIdTeryt>3016</sln:powIdTeryt><sln:powNazwa>obornicki</sln:powNazwa><sln:waznyOd>2013-07-11T00:00:00+02:00</sln:waznyOd><sln:wojIIPId>c606b01a-76c8-480d-9470-f24ca0d7a613</sln:wojIIPId><sln:wojIIPPn>PL.PZGIK.200</sln:wojIIPPn><sln:wojIIPWersja>2016-05-05T18:20:48+02:00</sln:wojIIPWersja><sln:wojIdTeryt>30</sln:wojIdTeryt><sln:wojNazwa>wielkopolskie</sln:wojNazwa></sln:miejscowosc><sln:miejscowosc><sln:cyklZyciaOd>2017-03-30T00:00:00+02:00</sln:cyklZyciaOd><sln:gmIIPId>fd343efa-4a55-47cd-ba05-a4f9d78f5bb3</sln:gmIIPId><sln:gmIIPPn>PL.PZGIK.200</sln:gmIIPPn><sln:gmIIPWersja>2012-09-26T22:22:39+02:00</sln:gmIIPWersja><sln:gmIdTeryt>3016023</sln:gmIdTeryt><sln:gmNazwa>Rogoźno</sln:gmNazwa><sln:miejscIIPId>54f74a84-4998-4b19-8b74-3fa1f7badc27</sln:miejscIIPId><sln:miejscIIPPn>PL.PZGIK.200</sln:miejscIIPPn><sln:miejscIIPWersja>2017-03-30T12:49:32+02:00</sln:miejscIIPWersja><sln:miejscIdTeryt>0528882</sln:miejscIdTeryt><sln:miejscNazwa>Boguniewo</sln:miejscNazwa><sln:miejscRodzaj>Wieś</sln:miejscRodzaj><sln:powIIPId>fc6420ba-6333-4fef-af46-cbe613e81444</sln:powIIPId><sln:powIIPPn>PL.PZGIK.200</sln:powIIPPn><sln:powIIPWersja>2012-09-27T08:59:03+02:00</sln:powIIPWersja><sln:powIdTeryt>3016</sln:powIdTeryt><sln:powNazwa>obornicki</sln:powNazwa><sln:waznyOd>2013-07-09T00:00:00+02:00</sln:waznyOd><sln:wojIIPId>c606b01a-76c8-480d-9470-f24ca0d7a613</sln:wojIIPId><sln:wojIIPPn>PL.PZGIK.200</sln:wojIIPPn><sln:wojIIPWersja>2016-05-05T18:20:48+02:00</sln:wojIIPWersja><sln:wojIdTeryt>30</sln:wojIdTeryt><sln:wojNazwa>wielkopolskie</sln:wojNazwa></sln:miejscowosc><sln:miejscowosc><sln:cyklZyciaOd>2017-03-30T00:00:00+02:00</sln:cyklZyciaOd><sln:gmIIPId>fd343efa-4a55-47cd-ba05-a4f9d78f5bb3</sln:gmIIPId><sln:gmIIPPn>PL.PZGIK.200</sln:gmIIPPn><sln:gmIIPWersja>2012-09-26T22:22:39+02:00</sln:gmIIPWersja><sln:gmIdTeryt>3016023</sln:gmIdTeryt><sln:gmNazwa>Rogoźno</sln:gmNazwa><sln:miejscIIPId>238b9e46-dd9c-45b1-9783-d6757407122a</sln:miejscIIPId><sln:miejscIIPPn>PL.PZGIK.200</sln:miejscIIPPn><sln:miejscIIPWersja>2017-03-30T12:49:38+02:00</sln:miejscIIPWersja><sln:miejscIdTeryt>0528899</sln:miejscIdTeryt><sln:miejscNazwa>Budziszewko</sln:miejscNazwa><sln:miejscRodzaj>Wieś</sln:miejscRodzaj><sln:powIIPId>fc6420ba-6333-4fef-af46-cbe613e81444</sln:powIIPId><sln:powIIPPn>PL.PZGIK.200</sln:powIIPPn><sln:powIIPWersja>2012-09-27T08:59:03+02:00</sln:powIIPWersja><sln:powIdTeryt>3016</sln:powIdTeryt><sln:powNazwa>obornicki</sln:powNazwa><sln:waznyOd>2013-07-09T00:00:00+02:00</sln:waznyOd><sln:wojIIPId>c606b01a-76c8-480d-9470-f24ca0d7a613</sln:wojIIPId><sln:wojIIPPn>PL.PZGIK.200</sln:wojIIPPn><sln:wojIIPWersja>2016-05-05T18:20:48+02:00</sln:wojIIPWersja><sln:wojIdTeryt>30</sln:wojIdTeryt><sln:wojNazwa>wielkopolskie</sln:wojNazwa></sln:miejscowosc><sln:miejscowosc><sln:cyklZyciaOd>2017-03-30T00:00:00+02:00</sln:cyklZyciaOd><sln:gmIIPId>fd343efa-4a55-47cd-ba05-a4f9d78f5bb3</sln:gmIIPId><sln:gmIIPPn>PL.PZGIK.200</sln:gmIIPPn><sln:gmIIPWersja>2012-09-26T22:22:39+02:00</sln:gmIIPWersja><sln:gmIdTeryt>3016023</sln:gmIdTeryt><sln:gmNazwa>Rogoźno</sln:gmNazwa><sln:miejscIIPId>ba1370e9-9d68-49cf-b68e-1af7a38f4e3e</sln:miejscIIPId><sln:miejscIIPPn>PL.PZGIK.200</sln:miejscIIPPn><sln:miejscIIPWersja>2017-03-30T12:49:38+02:00</sln:miejscIIPWersja><sln:miejscIdTeryt>0528907</sln:miejscIdTeryt><sln:miejscNazwa>Cieśle</sln:miejscNazwa><sln:miejscRodzaj>Wieś</sln:miejscRodzaj><sln:powIIPId>fc6420ba-6333-4fef-af46-cbe613e81444</sln:powIIPId><sln:powIIPPn>PL.PZGIK.200</sln:powIIPPn><sln:powIIPWersja>2012-09-27T08:59:03+02:00</sln:powIIPWersja><sln:powIdTeryt>3016</sln:powIdTeryt><sln:powNazwa>obornicki</sln:powNazwa><sln:waznyOd>2013-07-09T00:00:00+02:00</sln:waznyOd><sln:wojIIPId>c606b01a-76c8-480d-9470-f24ca0d7a613</sln:wojIIPId><sln:wojIIPPn>PL.PZGIK.200</sln:wojIIPPn><sln:wojIIPWersja>2016-05-05T18:20:48+02:00</sln:wojIIPWersja><sln:wojIdTeryt>30</sln:wojIdTeryt><sln:wojNazwa>wielkopolskie</sln:wojNazwa></sln:miejscowosc><sln:miejscowosc><sln:cyklZyciaOd>2017-03-30T00:00:00+02:00</sln:cyklZyciaOd><sln:gmIIPId>fd343efa-4a55-47cd-ba05-a4f9d78f5bb3</sln:gmIIPId><sln:gmIIPPn>PL.PZGIK.200</sln:gmIIPPn><sln:gmIIPWersja>2012-09-26T22:22:39+02:00</sln:gmIIPWersja><sln:gmIdTeryt>3016023</sln:gmIdTeryt><sln:gmNazwa>Rogoźno</sln:gmNazwa><sln:miejscIIPId>497fff9f-92f8-4792-ae01-fc62edef9150</sln:miejscIIPId><sln:miejscIIPPn>PL.PZGIK.200</sln:miejscIIPPn><sln:miejscIIPWersja>2017-03-30T12:49:38+02:00</sln:miejscIIPWersja><sln:miejscIdTeryt>0528913</sln:miejscIdTeryt><sln:miejscNazwa>Garbatka</sln:miejscNazwa><sln:miejscRodzaj>Wieś</sln:miejscRodzaj><sln:powIIPId>fc6420ba-6333-4fef-af46-cbe613e81444</sln:powIIPId><sln:powIIPPn>PL.PZGIK.200</sln:powIIPPn><sln:powIIPWersja>2012-09-27T08:59:03+02:00</sln:powIIPWersja><sln:powIdTeryt>3016</sln:powIdTeryt><sln:powNazwa>obornicki</sln:powNazwa><sln:waznyOd>2013-07-09T00:00:00+02:00</sln:waznyOd><sln:wojIIPId>c606b01a-76c8-480d-9470-f24ca0d7a613</sln:wojIIPId><sln:wojIIPPn>PL.PZGIK.200</sln:wojIIPPn><sln:wojIIPWersja>2016-05-05T18:20:48+02:00</sln:wojIIPWersja><sln:wojIdTeryt>30</sln:wojIdTeryt><sln:wojNazwa>wielkopolskie</sln:wojNazwa></sln:miejscowosc><sln:miejscowosc><sln:cyklZyciaOd>2017-03-30T00:00:00+02:00</sln:cyklZyciaOd><sln:gmIIPId>fd343efa-4a55-47cd-ba05-a4f9d78f5bb3</sln:gmIIPId><sln:gmIIPPn>PL.PZGIK.200</sln:gmIIPPn><sln:gmIIPWersja>2012-09-26T22:22:39+02:00</sln:gmIIPWersja><sln:gmIdTeryt>3016023</sln:gmIdTeryt><sln:gmNazwa>Rogoźno</sln:gmNazwa><sln:miejscIIPId>7b2edbfd-089a-4f33-851c-fe6272905fed</sln:miejscIIPId><sln:miejscIIPPn>PL.PZGIK.200</sln:miejscIIPPn><sln:miejscIIPWersja>2017-03-30T12:49:38+02:00</sln:miejscIIPWersja><sln:miejscIdTeryt>0528920</sln:miejscIdTeryt><sln:miejscNazwa>Dziewcza Struga</sln:miejscNazwa><sln:miejscRodzaj>Wieś</sln:miejscRodzaj><sln:powIIPId>fc6420ba-6333-4fef-af46-cbe613e81444</sln:powIIPId><sln:powIIPPn>PL.PZGIK.200</sln:powIIPPn><sln:powIIPWersja>2012-09-27T08:59:03+02:00</sln:powIIPWersja><sln:powIdTeryt>3016</sln:powIdTeryt><sln:powNazwa>obornicki</sln:powNazwa><sln:waznyOd>2013-07-09T00:00:00+02:00</sln:waznyOd><sln:wojIIPId>c606b01a-76c8-480d-9470-f24ca0d7a613</sln:wojIIPId><sln:wojIIPPn>PL.PZGIK.200</sln:wojIIPPn><sln:wojIIPWersja>2016-05-05T18:20:48+02:00</sln:wojIIPWersja><sln:wojIdTeryt>30</sln:wojIdTeryt><sln:wojNazwa>wielkopolskie</sln:wojNazwa></sln:miejscowosc><sln:miejscowosc><sln:cyklZyciaOd>2017-03-30T00:00:00+02:00</sln:cyklZyciaOd><sln:gmIIPId>fd343efa-4a55-47cd-ba05-a4f9d78f5bb3</sln:gmIIPId><sln:gmIIPPn>PL.PZGIK.200</sln:gmIIPPn><sln:gmIIPWersja>2012-09-26T22:22:39+02:00</sln:gmIIPWersja><sln:gmIdTeryt>3016023</sln:gmIdTeryt><sln:gmNazwa>Rogoźno</sln:gmNazwa><sln:miejscIIPId>0dd37adc-e1b5-4ad7-9d23-5db8e6194854</sln:miejscIIPId><sln:miejscIIPPn>PL.PZGIK.200</sln:miejscIIPPn><sln:miejscIIPWersja>2017-03-30T12:49:38+02:00</sln:miejscIIPWersja><sln:miejscIdTeryt>0528936</sln:miejscIdTeryt><sln:miejscNazwa>Gościejewo</sln:miejscNazwa><sln:miejscRodzaj>Wieś</sln:miejscRodzaj><sln:powIIPId>fc6420ba-6333-4fef-af46-cbe613e81444</sln:powIIPId><sln:powIIPPn>PL.PZGIK.200</sln:powIIPPn><sln:powIIPWersja>2012-09-27T08:59:03+02:00</sln:powIIPWersja><sln:powIdTeryt>3016</sln:powIdTeryt><sln:powNazwa>obornicki</sln:powNazwa><sln:waznyOd>2013-07-09T00:00:00+02:00</sln:waznyOd><sln:wojIIPId>c606b01a-76c8-480d-9470-f24ca0d7a613</sln:wojIIPId><sln:wojIIPPn>PL.PZGIK.200</sln:wojIIPPn><sln:wojIIPWersja>2016-05-05T18:20:48+02:00</sln:wojIIPWersja><sln:wojIdTeryt>30</sln:wojIdTeryt><sln:wojNazwa>wielkopolskie</sln:wojNazwa></sln:miejscowosc><sln:miejscowosc><sln:cyklZyciaOd>2017-03-30T00:00:00+02:00</sln:cyklZyciaOd><sln:gmIIPId>fd343efa-4a55-47cd-ba05-a4f9d78f5bb3</sln:gmIIPId><sln:gmIIPPn>PL.PZGIK.200</sln:gmIIPPn><sln:gmIIPWersja>2012-09-26T22:22:39+02:00</sln:gmIIPWersja><sln:gmIdTeryt>3016023</sln:gmIdTeryt><sln:gmNazwa>Rogoźno</sln:gmNazwa><sln:miejscIIPId>6feaf53e-5150-46fa-9b72-edfde31186ca</sln:miejscIIPId><sln:miejscIIPPn>PL.PZGIK.200</sln:miejscIIPPn><sln:miejscIIPWersja>2017-03-30T12:49:38+02:00</sln:miejscIIPWersja><sln:miejscIdTeryt>0528942</sln:miejscIdTeryt><sln:miejscNazwa>Ruda</sln:miejscNazwa><sln:miejscRodzaj>Wieś</sln:miejscRodzaj><sln:powIIPId>fc6420ba-6333-4fef-af46-cbe613e81444</sln:powIIPId><sln:powIIPPn>PL.PZGIK.200</sln:powIIPPn><sln:powIIPWersja>2012-09-27T08:59:03+02:00</sln:powIIPWersja><sln:powIdTeryt>3016</sln:powIdTeryt><sln:powNazwa>obornicki</sln:powNazwa><sln:waznyOd>2013-07-09T00:00:00+02:00</sln:waznyOd><sln:wojIIPId>c606b01a-76c8-480d-9470-f24ca0d7a613</sln:wojIIPId><sln:wojIIPPn>PL.PZGIK.200</sln:wojIIPPn><sln:wojIIPWersja>2016-05-05T18:20:48+02:00</sln:wojIIPWersja><sln:wojIdTeryt>30</sln:wojIdTeryt><sln:wojNazwa>wielkopolskie</sln:wojNazwa></sln:miejscowosc><sln:miejscowosc><sln:cyklZyciaOd>2017-03-30T00:00:00+02:00</sln:cyklZyciaOd><sln:gmIIPId>fd343efa-4a55-47cd-ba05-a4f9d78f5bb3</sln:gmIIPId><sln:gmIIPPn>PL.PZGIK.200</sln:gmIIPPn><sln:gmIIPWersja>2012-09-26T22:22:39+02:00</sln:gmIIPWersja><sln:gmIdTeryt>3016023</sln:gmIdTeryt><sln:gmNazwa>Rogoźno</sln:gmNazwa><sln:miejscIIPId>6e4add13-e3d5-4c8e-baa3-8952ca235f1a</sln:miejscIIPId><sln:miejscIIPPn>PL.PZGIK.200</sln:miejscIIPPn><sln:miejscIIPWersja>2017-03-30T12:49:39+02:00</sln:miejscIIPWersja><sln:miejscIdTeryt>0528959</sln:miejscIdTeryt><sln:miejscNazwa>Grudna</sln:miejscNazwa><sln:miejscRodzaj>Wieś</sln:miejscRodzaj><sln:powIIPId>fc6420ba-6333-4fef-af46-cbe613e81444</sln:powIIPId><sln:powIIPPn>PL.PZGIK.200</sln:powIIPPn><sln:powIIPWersja>2012-09-27T08:59:03+02:00</sln:powIIPWersja><sln:powIdTeryt>3016</sln:powIdTeryt><sln:powNazwa>obornicki</sln:powNazwa><sln:waznyOd>2013-07-09T00:00:00+02:00</sln:waznyOd><sln:wojIIPId>c606b01a-76c8-480d-9470-f24ca0d7a613</sln:wojIIPId><sln:wojIIPPn>PL.PZGIK.200</sln:wojIIPPn><sln:wojIIPWersja>2016-05-05T18:20:48+02:00</sln:wojIIPWersja><sln:wojIdTeryt>30</sln:wojIdTeryt><sln:wojNazwa>wielkopolskie</sln:wojNazwa></sln:miejscowosc><sln:miejscowosc><sln:cyklZyciaOd>2017-03-30T00:00:00+02:00</sln:cyklZyciaOd><sln:gmIIPId>fd343efa-4a55-47cd-ba05-a4f9d78f5bb3</sln:gmIIPId><sln:gmIIPPn>PL.PZGIK.200</sln:gmIIPPn><sln:gmIIPWersja>2012-09-26T22:22:39+02:00</sln:gmIIPWersja><sln:gmIdTeryt>3016023</sln:gmIdTeryt><sln:gmNazwa>Rogoźno</sln:gmNazwa><sln:miejscIIPId>6b6908df-f99a-443d-8853-4c6be00bee01</sln:miejscIIPId><sln:miejscIIPPn>PL.PZGIK.200</sln:miejscIIPPn><sln:miejscIIPWersja>2017-03-30T12:49:39+02:00</sln:miejscIIPWersja><sln:miejscIdTeryt>0528965</sln:miejscIdTeryt><sln:miejscNazwa>Jaracz</sln:miejscNazwa><sln:miejscRodzaj>Wieś</sln:miejscRodzaj><sln:powIIPId>fc6420ba-6333-4fef-af46-cbe613e81444</sln:powIIPId><sln:powIIPPn>PL.PZGIK.200</sln:powIIPPn><sln:powIIPWersja>2012-09-27T08:59:03+02:00</sln:powIIPWersja><sln:powIdTeryt>3016</sln:powIdTeryt><sln:powNazwa>obornicki</sln:powNazwa><sln:waznyOd>2013-07-09T00:00:00+02:00</sln:waznyOd><sln:wojIIPId>c606b01a-76c8-480d-9470-f24ca0d7a613</sln:wojIIPId><sln:wojIIPPn>PL.PZGIK.200</sln:wojIIPPn><sln:wojIIPWersja>2016-05-05T18:20:48+02:00</sln:wojIIPWersja><sln:wojIdTeryt>30</sln:wojIdTeryt><sln:wojNazwa>wielkopolskie</sln:wojNazwa></sln:miejscowosc><sln:miejscowosc><sln:cyklZyciaOd>2017-03-30T00:00:00+02:00</sln:cyklZyciaOd><sln:gmIIPId>fd343efa-4a55-47cd-ba05-a4f9d78f5bb3</sln:gmIIPId><sln:gmIIPPn>PL.PZGIK.200</sln:gmIIPPn><sln:gmIIPWersja>2012-09-26T22:22:39+02:00</sln:gmIIPWersja><sln:gmIdTeryt>3016023</sln:gmIdTeryt><sln:gmNazwa>Rogoźno</sln:gmNazwa><sln:miejscIIPId>97f2af14-923b-4ebe-b4f1-b6edd60ad270</sln:miejscIIPId><sln:miejscIIPPn>PL.PZGIK.200</sln:miejscIIPPn><sln:miejscIIPWersja>2017-03-30T12:49:39+02:00</sln:miejscIIPWersja><sln:miejscIdTeryt>0528971</sln:miejscIdTeryt><sln:miejscNazwa>Rożnowice</sln:miejscNazwa><sln:miejscRodzaj>Wieś</sln:miejscRodzaj><sln:powIIPId>fc6420ba-6333-4fef-af46-cbe613e81444</sln:powIIPId><sln:powIIPPn>PL.PZGIK.200</sln:powIIPPn><sln:powIIPWersja>2012-09-27T08:59:03+02:00</sln:powIIPWersja><sln:powIdTeryt>3016</sln:powIdTeryt><sln:powNazwa>obornicki</sln:powNazwa><sln:waznyOd>2013-07-09T00:00:00+02:00</sln:waznyOd><sln:wojIIPId>c606b01a-76c8-480d-9470-f24ca0d7a613</sln:wojIIPId><sln:wojIIPPn>PL.PZGIK.200</sln:wojIIPPn><sln:wojIIPWersja>2016-05-05T18:20:48+02:00</sln:wojIIPWersja><sln:wojIdTeryt>30</sln:wojIdTeryt><sln:wojNazwa>wielkopolskie</sln:wojNazwa></sln:miejscowosc><sln:miejscowosc><sln:cyklZyciaOd>2017-03-30T00:00:00+02:00</sln:cyklZyciaOd><sln:gmIIPId>fd343efa-4a55-47cd-ba05-a4f9d78f5bb3</sln:gmIIPId><sln:gmIIPPn>PL.PZGIK.200</sln:gmIIPPn><sln:gmIIPWersja>2012-09-26T22:22:39+02:00</sln:gmIIPWersja><sln:gmIdTeryt>3016023</sln:gmIdTeryt><sln:gmNazwa>Rogoźno</sln:gmNazwa><sln:miejscIIPId>240eb287-df73-41b5-a555-d6ee330f0919</sln:miejscIIPId><sln:miejscIIPPn>PL.PZGIK.200</sln:miejscIIPPn><sln:miejscIIPWersja>2017-03-30T12:49:39+02:00</sln:miejscIIPWersja><sln:miejscIdTeryt>0528988</sln:miejscIdTeryt><sln:miejscNazwa>Kaziopole</sln:miejscNazwa><sln:miejscRodzaj>Wieś</sln:miejscRodzaj><sln:powIIPId>fc6420ba-6333-4fef-af46-cbe613e81444</sln:powIIPId><sln:powIIPPn>PL.PZGIK.200</sln:powIIPPn><sln:powIIPWersja>2012-09-27T08:59:03+02:00</sln:powIIPWersja><sln:powIdTeryt>3016</sln:powIdTeryt><sln:powNazwa>obornicki</sln:powNazwa><sln:waznyOd>2013-07-09T00:00:00+02:00</sln:waznyOd><sln:wojIIPId>c606b01a-76c8-480d-9470-f24ca0d7a613</sln:wojIIPId><sln:wojIIPPn>PL.PZGIK.200</sln:wojIIPPn><sln:wojIIPWersja>2016-05-05T18:20:48+02:00</sln:wojIIPWersja><sln:wojIdTeryt>30</sln:wojIdTeryt><sln:wojNazwa>wielkopolskie</sln:wojNazwa></sln:miejscowosc><sln:miejscowosc><sln:cyklZyciaOd>2017-03-30T00:00:00+02:00</sln:cyklZyciaOd><sln:gmIIPId>fd343efa-4a55-47cd-ba05-a4f9d78f5bb3</sln:gmIIPId><sln:gmIIPPn>PL.PZGIK.200</sln:gmIIPPn><sln:gmIIPWersja>2012-09-26T22:22:39+02:00</sln:gmIIPWersja><sln:gmIdTeryt>3016023</sln:gmIdTeryt><sln:gmNazwa>Rogoźno</sln:gmNazwa><sln:miejscIIPId>eaa3a7d7-e207-4e34-a11f-8f14f8b971da</sln:miejscIIPId><sln:miejscIIPPn>PL.PZGIK.200</sln:miejscIIPPn><sln:miejscIIPWersja>2017-03-30T12:49:39+02:00</sln:miejscIIPWersja><sln:miejscIdTeryt>0528994</sln:miejscIdTeryt><sln:miejscNazwa>Nowy Młyn</sln:miejscNazwa><sln:miejscRodzaj>Osada</sln:miejscRodzaj><sln:powIIPId>fc6420ba-6333-4fef-af46-cbe613e81444</sln:powIIPId><sln:powIIPPn>PL.PZGIK.200</sln:powIIPPn><sln:powIIPWersja>2012-09-27T08:59:03+02:00</sln:powIIPWersja><sln:powIdTeryt>3016</sln:powIdTeryt><sln:powNazwa>obornicki</sln:powNazwa><sln:waznyOd>2013-07-09T00:00:00+02:00</sln:waznyOd><sln:wojIIPId>c606b01a-76c8-480d-9470-f24ca0d7a613</sln:wojIIPId><sln:wojIIPPn>PL.PZGIK.200</sln:wojIIPPn><sln:wojIIPWersja>2016-05-05T18:20:48+02:00</sln:wojIIPWersja><sln:wojIdTeryt>30</sln:wojIdTeryt><sln:wojNazwa>wielkopolskie</sln:wojNazwa></sln:miejscowosc><sln:miejscowosc><sln:cyklZyciaOd>2017-03-30T00:00:00+02:00</sln:cyklZyciaOd><sln:gmIIPId>fd343efa-4a55-47cd-ba05-a4f9d78f5bb3</sln:gmIIPId><sln:gmIIPPn>PL.PZGIK.200</sln:gmIIPPn><sln:gmIIPWersja>2012-09-26T22:22:39+02:00</sln:gmIIPWersja><sln:gmIdTeryt>3016023</sln:gmIdTeryt><sln:gmNazwa>Rogoźno</sln:gmNazwa><sln:miejscIIPId>9e80fb1b-8237-46cb-aeef-65c9eef8c136</sln:miejscIIPId><sln:miejscIIPPn>PL.PZGIK.200</sln:miejscIIPPn><sln:miejscIIPWersja>2017-03-30T12:49:39+02:00</sln:miejscIIPWersja><sln:miejscIdTeryt>0529002</sln:miejscIdTeryt><sln:miejscNazwa>Żołędzin</sln:miejscNazwa><sln:miejscRodzaj>Osada</sln:miejscRodzaj><sln:powIIPId>fc6420ba-6333-4fef-af46-cbe613e81444</sln:powIIPId><sln:powIIPPn>PL.PZGIK.200</sln:powIIPPn><sln:powIIPWersja>2012-09-27T08:59:03+02:00</sln:powIIPWersja><sln:powIdTeryt>3016</sln:powIdTeryt><sln:powNazwa>obornicki</sln:powNazwa><sln:waznyOd>2013-07-11T00:00:00+02:00</sln:waznyOd><sln:wojIIPId>c606b01a-76c8-480d-9470-f24ca0d7a613</sln:wojIIPId><sln:wojIIPPn>PL.PZGIK.200</sln:wojIIPPn><sln:wojIIPWersja>2016-05-05T18:20:48+02:00</sln:wojIIPWersja><sln:wojIdTeryt>30</sln:wojIdTeryt><sln:wojNazwa>wielkopolskie</sln:wojNazwa></sln:miejscowosc><sln:miejscowosc><sln:cyklZyciaOd>2017-03-30T00:00:00+02:00</sln:cyklZyciaOd><sln:gmIIPId>fd343efa-4a55-47cd-ba05-a4f9d78f5bb3</sln:gmIIPId><sln:gmIIPPn>PL.PZGIK.200</sln:gmIIPPn><sln:gmIIPWersja>2012-09-26T22:22:39+02:00</sln:gmIIPWersja><sln:gmIdTeryt>3016023</sln:gmIdTeryt><sln:gmNazwa>Rogoźno</sln:gmNazwa><sln:miejscIIPId>48893f83-b46f-457c-ad0b-50773144ff49</sln:miejscIIPId><sln:miejscIIPPn>PL.PZGIK.200</sln:miejscIIPPn><sln:miejscIIPWersja>2017-03-30T12:49:39+02:00</sln:miejscIIPWersja><sln:miejscIdTeryt>0529019</sln:miejscIdTeryt><sln:miejscNazwa>Laskowo</sln:miejscNazwa><sln:miejscRodzaj>Wieś</sln:miejscRodzaj><sln:powIIPId>fc6420ba-6333-4fef-af46-cbe613e81444</sln:powIIPId><sln:powIIPPn>PL.PZGIK.200</sln:powIIPPn><sln:powIIPWersja>2012-09-27T08:59:03+02:00</sln:powIIPWersja><sln:powIdTeryt>3016</sln:powIdTeryt><sln:powNazwa>obornicki</sln:powNazwa><sln:waznyOd>2013-07-09T00:00:00+02:00</sln:waznyOd><sln:wojIIPId>c606b01a-76c8-480d-9470-f24ca0d7a613</sln:wojIIPId><sln:wojIIPPn>PL.PZGIK.200</sln:wojIIPPn><sln:wojIIPWersja>2016-05-05T18:20:48+02:00</sln:wojIIPWersja><sln:wojIdTeryt>30</sln:wojIdTeryt><sln:wojNazwa>wielkopolskie</sln:wojNazwa></sln:miejscowosc><sln:miejscowosc><sln:cyklZyciaOd>2017-03-30T00:00:00+02:00</sln:cyklZyciaOd><sln:gmIIPId>fd343efa-4a55-47cd-ba05-a4f9d78f5bb3</sln:gmIIPId><sln:gmIIPPn>PL.PZGIK.200</sln:gmIIPPn><sln:gmIIPWersja>2012-09-26T22:22:39+02:00</sln:gmIIPWersja><sln:gmIdTeryt>3016023</sln:gmIdTeryt><sln:gmNazwa>Rogoźno</sln:gmNazwa><sln:miejscIIPId>91950067-beac-4961-a90f-62216d7fe03e</sln:miejscIIPId><sln:miejscIIPPn>PL.PZGIK.200</sln:miejscIIPPn><sln:miejscIIPWersja>2017-03-30T12:49:39+02:00</sln:miejscIIPWersja><sln:miejscIdTeryt>0529025</sln:miejscIdTeryt><sln:miejscNazwa>Olszyna</sln:miejscNazwa><sln:miejscRodzaj>Inny obiekt</sln:miejscRodzaj><sln:powIIPId>fc6420ba-6333-4fef-af46-cbe613e81444</sln:powIIPId><sln:powIIPPn>PL.PZGIK.200</sln:powIIPPn><sln:powIIPWersja>2012-09-27T08:59:03+02:00</sln:powIIPWersja><sln:powIdTeryt>3016</sln:powIdTeryt><sln:powNazwa>obornicki</sln:powNazwa><sln:waznyOd>2013-07-09T00:00:00+02:00</sln:waznyOd><sln:wojIIPId>c606b01a-76c8-480d-9470-f24ca0d7a613</sln:wojIIPId><sln:wojIIPPn>PL.PZGIK.200</sln:wojIIPPn><sln:wojIIPWersja>2016-05-05T18:20:48+02:00</sln:wojIIPWersja><sln:wojIdTeryt>30</sln:wojIdTeryt><sln:wojNazwa>wielkopolskie</sln:wojNazwa></sln:miejscowosc><sln:miejscowosc><sln:cyklZyciaOd>2017-03-30T00:00:00+02:00</sln:cyklZyciaOd><sln:gmIIPId>fd343efa-4a55-47cd-ba05-a4f9d78f5bb3</sln:gmIIPId><sln:gmIIPPn>PL.PZGIK.200</sln:gmIIPPn><sln:gmIIPWersja>2012-09-26T22:22:39+02:00</sln:gmIIPWersja><sln:gmIdTeryt>3016023</sln:gmIdTeryt><sln:gmNazwa>Rogoźno</sln:gmNazwa><sln:miejscIIPId>c5b18d8e-3fbb-4c69-80b6-d6089d55104d</sln:miejscIIPId><sln:miejscIIPPn>PL.PZGIK.200</sln:miejscIIPPn><sln:miejscIIPWersja>2017-03-30T12:49:39+02:00</sln:miejscIIPWersja><sln:miejscIdTeryt>0529031</sln:miejscIdTeryt><sln:miejscNazwa>Nienawiszcz</sln:miejscNazwa><sln:miejscRodzaj>Wieś</sln:miejscRodzaj><sln:powIIPId>fc6420ba-6333-4fef-af46-cbe613e81444</sln:powIIPId><sln:powIIPPn>PL.PZGIK.200</sln:powIIPPn><sln:powIIPWersja>2012-09-27T08:59:03+02:00</sln:powIIPWersja><sln:powIdTeryt>3016</sln:powIdTeryt><sln:powNazwa>obornicki</sln:powNazwa><sln:waznyOd>2013-07-09T00:00:00+02:00</sln:waznyOd><sln:wojIIPId>c606b01a-76c8-480d-9470-f24ca0d7a613</sln:wojIIPId><sln:wojIIPPn>PL.PZGIK.200</sln:wojIIPPn><sln:wojIIPWersja>2016-05-05T18:20:48+02:00</sln:wojIIPWersja><sln:wojIdTeryt>30</sln:wojIdTeryt><sln:wojNazwa>wielkopolskie</sln:wojNazwa></sln:miejscowosc><sln:miejscowosc><sln:cyklZyciaOd>2017-03-30T00:00:00+02:00</sln:cyklZyciaOd><sln:gmIIPId>fd343efa-4a55-47cd-ba05-a4f9d78f5bb3</sln:gmIIPId><sln:gmIIPPn>PL.PZGIK.200</sln:gmIIPPn><sln:gmIIPWersja>2012-09-26T22:22:39+02:00</sln:gmIIPWersja><sln:gmIdTeryt>3016023</sln:gmIdTeryt><sln:gmNazwa>Rogoźno</sln:gmNazwa><sln:miejscIIPId>4698ef01-7bd0-4eb6-a6e7-e9b11556fcc2</sln:miejscIIPId><sln:miejscIIPPn>PL.PZGIK.200</sln:miejscIIPPn><sln:miejscIIPWersja>2017-03-30T12:49:39+02:00</sln:miejscIIPWersja><sln:miejscIdTeryt>0529048</sln:miejscIdTeryt><sln:miejscNazwa>Owczegłowy</sln:miejscNazwa><sln:miejscRodzaj>Wieś</sln:miejscRodzaj><sln:powIIPId>fc6420ba-6333-4fef-af46-cbe613e81444</sln:powIIPId><sln:powIIPPn>PL.PZGIK.200</sln:powIIPPn><sln:powIIPWersja>2012-09-27T08:59:03+02:00</sln:powIIPWersja><sln:powIdTeryt>3016</sln:powIdTeryt><sln:powNazwa>obornicki</sln:powNazwa><sln:waznyOd>2013-07-09T00:00:00+02:00</sln:waznyOd><sln:wojIIPId>c606b01a-76c8-480d-9470-f24ca0d7a613</sln:wojIIPId><sln:wojIIPPn>PL.PZGIK.200</sln:wojIIPPn><sln:wojIIPWersja>2016-05-05T18:20:48+02:00</sln:wojIIPWersja><sln:wojIdTeryt>30</sln:wojIdTeryt><sln:wojNazwa>wielkopolskie</sln:wojNazwa></sln:miejscowosc><sln:miejscowosc><sln:cyklZyciaOd>2017-03-30T00:00:00+02:00</sln:cyklZyciaOd><sln:gmIIPId>fd343efa-4a55-47cd-ba05-a4f9d78f5bb3</sln:gmIIPId><sln:gmIIPPn>PL.PZGIK.200</sln:gmIIPPn><sln:gmIIPWersja>2012-09-26T22:22:39+02:00</sln:gmIIPWersja><sln:gmIdTeryt>3016023</sln:gmIdTeryt><sln:gmNazwa>Rogoźno</sln:gmNazwa><sln:miejscIIPId>ef7b8f38-43d2-42cd-96eb-0ae941aa3b15</sln:miejscIIPId><sln:miejscIIPPn>PL.PZGIK.200</sln:miejscIIPPn><sln:miejscIIPWersja>2017-03-30T12:49:40+02:00</sln:miejscIIPWersja><sln:miejscIdTeryt>0529054</sln:miejscIdTeryt><sln:miejscNazwa>Owieczki</sln:miejscNazwa><sln:miejscRodzaj>Wieś</sln:miejscRodzaj><sln:powIIPId>fc6420ba-6333-4fef-af46-cbe613e81444</sln:powIIPId><sln:powIIPPn>PL.PZGIK.200</sln:powIIPPn><sln:powIIPWersja>2012-09-27T08:59:03+02:00</sln:powIIPWersja><sln:powIdTeryt>3016</sln:powIdTeryt><sln:powNazwa>obornicki</sln:powNazwa><sln:waznyOd>2013-07-09T00:00:00+02:00</sln:waznyOd><sln:wojIIPId>c606b01a-76c8-480d-9470-f24ca0d7a613</sln:wojIIPId><sln:wojIIPPn>PL.PZGIK.200</sln:wojIIPPn><sln:wojIIPWersja>2016-05-05T18:20:48+02:00</sln:wojIIPWersja><sln:wojIdTeryt>30</sln:wojIdTeryt><sln:wojNazwa>wielkopolskie</sln:wojNazwa></sln:miejscowosc><sln:miejscowosc><sln:cyklZyciaOd>2017-03-30T00:00:00+02:00</sln:cyklZyciaOd><sln:gmIIPId>fd343efa-4a55-47cd-ba05-a4f9d78f5bb3</sln:gmIIPId><sln:gmIIPPn>PL.PZGIK.200</sln:gmIIPPn><sln:gmIIPWersja>2012-09-26T22:22:39+02:00</sln:gmIIPWersja><sln:gmIdTeryt>3016023</sln:gmIdTeryt><sln:gmNazwa>Rogoźno</sln:gmNazwa><sln:miejscIIPId>ec433a6c-7121-41c8-92aa-6d76bd03ef45</sln:miejscIIPId><sln:miejscIIPPn>PL.PZGIK.200</sln:miejscIIPPn><sln:miejscIIPWersja>2017-03-30T12:49:40+02:00</sln:miejscIIPWersja><sln:miejscIdTeryt>0529060</sln:miejscIdTeryt><sln:miejscNazwa>Parkowo</sln:miejscNazwa><sln:miejscRodzaj>Wieś</sln:miejscRodzaj><sln:powIIPId>fc6420ba-6333-4fef-af46-cbe613e81444</sln:powIIPId><sln:powIIPPn>PL.PZGIK.200</sln:powIIPPn><sln:powIIPWersja>2012-09-27T08:59:03+02:00</sln:powIIPWersja><sln:powIdTeryt>3016</sln:powIdTeryt><sln:powNazwa>obornicki</sln:powNazwa><sln:waznyOd>2013-07-09T00:00:00+02:00</sln:waznyOd><sln:wojIIPId>c606b01a-76c8-480d-9470-f24ca0d7a613</sln:wojIIPId><sln:wojIIPPn>PL.PZGIK.200</sln:wojIIPPn><sln:wojIIPWersja>2016-05-05T18:20:48+02:00</sln:wojIIPWersja><sln:wojIdTeryt>30</sln:wojIdTeryt><sln:wojNazwa>wielkopolskie</sln:wojNazwa></sln:miejscowosc><sln:miejscowosc><sln:cyklZyciaOd>2017-03-30T00:00:00+02:00</sln:cyklZyciaOd><sln:gmIIPId>fd343efa-4a55-47cd-ba05-a4f9d78f5bb3</sln:gmIIPId><sln:gmIIPPn>PL.PZGIK.200</sln:gmIIPPn><sln:gmIIPWersja>2012-09-26T22:22:39+02:00</sln:gmIIPWersja><sln:gmIdTeryt>3016023</sln:gmIdTeryt><sln:gmNazwa>Rogoźno</sln:gmNazwa><sln:miejscIIPId>b6783960-12f3-4019-81ef-84098f278984</sln:miejscIIPId><sln:miejscIIPPn>PL.PZGIK.200</sln:miejscIIPPn><sln:miejscIIPWersja>2017-03-30T12:49:40+02:00</sln:miejscIIPWersja><sln:miejscIdTeryt>0529077</sln:miejscIdTeryt><sln:miejscNazwa>Józefinowo</sln:miejscNazwa><sln:miejscRodzaj>Wieś</sln:miejscRodzaj><sln:powIIPId>fc6420ba-6333-4fef-af46-cbe613e81444</sln:powIIPId><sln:powIIPPn>PL.PZGIK.200</sln:powIIPPn><sln:powIIPWersja>2012-09-27T08:59:03+02:00</sln:powIIPWersja><sln:powIdTeryt>3016</sln:powIdTeryt><sln:powNazwa>obornicki</sln:powNazwa><sln:waznyOd>2013-07-09T00:00:00+02:00</sln:waznyOd><sln:wojIIPId>c606b01a-76c8-480d-9470-f24ca0d7a613</sln:wojIIPId><sln:wojIIPPn>PL.PZGIK.200</sln:wojIIPPn><sln:wojIIPWersja>2016-05-05T18:20:48+02:00</sln:wojIIPWersja><sln:wojIdTeryt>30</sln:wojIdTeryt><sln:wojNazwa>wielkopolskie</sln:wojNazwa></sln:miejscowosc><sln:miejscowosc><sln:cyklZyciaOd>2017-03-30T00:00:00+02:00</sln:cyklZyciaOd><sln:gmIIPId>fd343efa-4a55-47cd-ba05-a4f9d78f5bb3</sln:gmIIPId><sln:gmIIPPn>PL.PZGIK.200</sln:gmIIPPn><sln:gmIIPWersja>2012-09-26T22:22:39+02:00</sln:gmIIPWersja><sln:gmIdTeryt>3016023</sln:gmIdTeryt><sln:gmNazwa>Rogoźno</sln:gmNazwa><sln:miejscIIPId>ac27ce62-b92b-437a-b350-e2145362ebeb</sln:miejscIIPId><sln:miejscIIPPn>PL.PZGIK.200</sln:miejscIIPPn><sln:miejscIIPWersja>2017-03-30T12:49:40+02:00</sln:miejscIIPWersja><sln:miejscIdTeryt>0529083</sln:miejscIdTeryt><sln:miejscNazwa>Wełna</sln:miejscNazwa><sln:miejscRodzaj>Wieś</sln:miejscRodzaj><sln:powIIPId>fc6420ba-6333-4fef-af46-cbe613e81444</sln:powIIPId><sln:powIIPPn>PL.PZGIK.200</sln:powIIPPn><sln:powIIPWersja>2012-09-27T08:59:03+02:00</sln:powIIPWersja><sln:powIdTeryt>3016</sln:powIdTeryt><sln:powNazwa>obornicki</sln:powNazwa><sln:waznyOd>2013-07-09T00:00:00+02:00</sln:waznyOd><sln:wojIIPId>c606b01a-76c8-480d-9470-f24ca0d7a613</sln:wojIIPId><sln:wojIIPPn>PL.PZGIK.200</sln:wojIIPPn><sln:wojIIPWersja>2016-05-05T18:20:48+02:00</sln:wojIIPWersja><sln:wojIdTeryt>30</sln:wojIdTeryt><sln:wojNazwa>wielkopolskie</sln:wojNazwa></sln:miejscowosc><sln:miejscowosc><sln:cyklZyciaOd>2017-03-30T00:00:00+02:00</sln:cyklZyciaOd><sln:gmIIPId>fd343efa-4a55-47cd-ba05-a4f9d78f5bb3</sln:gmIIPId><sln:gmIIPPn>PL.PZGIK.200</sln:gmIIPPn><sln:gmIIPWersja>2012-09-26T22:22:39+02:00</sln:gmIIPWersja><sln:gmIdTeryt>3016023</sln:gmIdTeryt><sln:gmNazwa>Rogoźno</sln:gmNazwa><sln:miejscIIPId>8dad1332-7bac-4c2a-bdb8-ba279089a60c</sln:miejscIIPId><sln:miejscIIPPn>PL.PZGIK.200</sln:miejscIIPPn><sln:miejscIIPWersja>2017-03-30T12:49:40+02:00</sln:miejscIIPWersja><sln:miejscIdTeryt>0529090</sln:miejscIdTeryt><sln:miejscNazwa>Pruśce</sln:miejscNazwa><sln:miejscRodzaj>Wieś</sln:miejscRodzaj><sln:powIIPId>fc6420ba-6333-4fef-af46-cbe613e81444</sln:powIIPId><sln:powIIPPn>PL.PZGIK.200</sln:powIIPPn><sln:powIIPWersja>2012-09-27T08:59:03+02:00</sln:powIIPWersja><sln:powIdTeryt>3016</sln:powIdTeryt><sln:powNazwa>obornicki</sln:powNazwa><sln:waznyOd>2013-07-09T00:00:00+02:00</sln:waznyOd><sln:wojIIPId>c606b01a-76c8-480d-9470-f24ca0d7a613</sln:wojIIPId><sln:wojIIPPn>PL.PZGIK.200</sln:wojIIPPn><sln:wojIIPWersja>2016-05-05T18:20:48+02:00</sln:wojIIPWersja><sln:wojIdTeryt>30</sln:wojIdTeryt><sln:wojNazwa>wielkopolskie</sln:wojNazwa></sln:miejscowosc><sln:miejscowosc><sln:cyklZyciaOd>2017-03-30T00:00:00+02:00</sln:cyklZyciaOd><sln:gmIIPId>fd343efa-4a55-47cd-ba05-a4f9d78f5bb3</sln:gmIIPId><sln:gmIIPPn>PL.PZGIK.200</sln:gmIIPPn><sln:gmIIPWersja>2012-09-26T22:22:39+02:00</sln:gmIIPWersja><sln:gmIdTeryt>3016023</sln:gmIdTeryt><sln:gmNazwa>Rogoźno</sln:gmNazwa><sln:miejscIIPId>19073b89-c390-4f91-8f55-09e211c25339</sln:miejscIIPId><sln:miejscIIPPn>PL.PZGIK.200</sln:miejscIIPPn><sln:miejscIIPWersja>2017-03-30T12:49:40+02:00</sln:miejscIIPWersja><sln:miejscIdTeryt>0529108</sln:miejscIdTeryt><sln:miejscNazwa>Biniewo</sln:miejscNazwa><sln:miejscRodzaj>Osada</sln:miejscRodzaj><sln:powIIPId>fc6420ba-6333-4fef-af46-cbe613e81444</sln:powIIPId><sln:powIIPPn>PL.PZGIK.200</sln:powIIPPn><sln:powIIPWersja>2012-09-27T08:59:03+02:00</sln:powIIPWersja><sln:powIdTeryt>3016</sln:powIdTeryt><sln:powNazwa>obornicki</sln:powNazwa><sln:waznyOd>2013-07-09T00:00:00+02:00</sln:waznyOd><sln:wojIIPId>c606b01a-76c8-480d-9470-f24ca0d7a613</sln:wojIIPId><sln:wojIIPPn>PL.PZGIK.200</sln:wojIIPPn><sln:wojIIPWersja>2016-05-05T18:20:48+02:00</sln:wojIIPWersja><sln:wojIdTeryt>30</sln:wojIdTeryt><sln:wojNazwa>wielkopolskie</sln:wojNazwa></sln:miejscowosc><sln:miejscowosc><sln:cyklZyciaOd>2017-03-30T00:00:00+02:00</sln:cyklZyciaOd><sln:gmIIPId>fd343efa-4a55-47cd-ba05-a4f9d78f5bb3</sln:gmIIPId><sln:gmIIPPn>PL.PZGIK.200</sln:gmIIPPn><sln:gmIIPWersja>2012-09-26T22:22:39+02:00</sln:gmIIPWersja><sln:gmIdTeryt>3016023</sln:gmIdTeryt><sln:gmNazwa>Rogoźno</sln:gmNazwa><sln:miejscIIPId>e2cc66c6-bdab-484f-8204-32685a2516e7</sln:miejscIIPId><sln:miejscIIPPn>PL.PZGIK.200</sln:miejscIIPPn><sln:miejscIIPWersja>2017-03-30T12:49:40+02:00</sln:miejscIIPWersja><sln:miejscIdTeryt>0529114</sln:miejscIdTeryt><sln:miejscNazwa>Marlewo</sln:miejscNazwa><sln:miejscRodzaj>Wieś</sln:miejscRodzaj><sln:powIIPId>fc6420ba-6333-4fef-af46-cbe613e81444</sln:powIIPId><sln:powIIPPn>PL.PZGIK.200</sln:powIIPPn><sln:powIIPWersja>2012-09-27T08:59:03+02:00</sln:powIIPWersja><sln:powIdTeryt>3016</sln:powIdTeryt><sln:powNazwa>obornicki</sln:powNazwa><sln:waznyOd>2013-07-09T00:00:00+02:00</sln:waznyOd><sln:wojIIPId>c606b01a-76c8-480d-9470-f24ca0d7a613</sln:wojIIPId><sln:wojIIPPn>PL.PZGIK.200</sln:wojIIPPn><sln:wojIIPWersja>2016-05-05T18:20:48+02:00</sln:wojIIPWersja><sln:wojIdTeryt>30</sln:wojIdTeryt><sln:wojNazwa>wielkopolskie</sln:wojNazwa></sln:miejscowosc><sln:miejscowosc><sln:cyklZyciaOd>2017-03-30T00:00:00+02:00</sln:cyklZyciaOd><sln:gmIIPId>fd343efa-4a55-47cd-ba05-a4f9d78f5bb3</sln:gmIIPId><sln:gmIIPPn>PL.PZGIK.200</sln:gmIIPPn><sln:gmIIPWersja>2012-09-26T22:22:39+02:00</sln:gmIIPWersja><sln:gmIdTeryt>3016023</sln:gmIdTeryt><sln:gmNazwa>Rogoźno</sln:gmNazwa><sln:miejscIIPId>ddfa3826-c8a7-4582-9a2e-0b8cf14d7ed1</sln:miejscIIPId><sln:miejscIIPPn>PL.PZGIK.200</sln:miejscIIPPn><sln:miejscIIPWersja>2017-03-30T12:49:40+02:00</sln:miejscIIPWersja><sln:miejscIdTeryt>0529120</sln:miejscIdTeryt><sln:miejscNazwa>Sierniki</sln:miejscNazwa><sln:miejscRodzaj>Wieś</sln:miejscRodzaj><sln:powIIPId>fc6420ba-6333-4fef-af46-cbe613e81444</sln:powIIPId><sln:powIIPPn>PL.PZGIK.200</sln:powIIPPn><sln:powIIPWersja>2012-09-27T08:59:03+02:00</sln:powIIPWersja><sln:powIdTeryt>3016</sln:powIdTeryt><sln:powNazwa>obornicki</sln:powNazwa><sln:waznyOd>2013-07-09T00:00:00+02:00</sln:waznyOd><sln:wojIIPId>c606b01a-76c8-480d-9470-f24ca0d7a613</sln:wojIIPId><sln:wojIIPPn>PL.PZGIK.200</sln:wojIIPPn><sln:wojIIPWersja>2016-05-05T18:20:48+02:00</sln:wojIIPWersja><sln:wojIdTeryt>30</sln:wojIdTeryt><sln:wojNazwa>wielkopolskie</sln:wojNazwa></sln:miejscowosc><sln:miejscowosc><sln:cyklZyciaOd>2017-03-30T00:00:00+02:00</sln:cyklZyciaOd><sln:gmIIPId>fd343efa-4a55-47cd-ba05-a4f9d78f5bb3</sln:gmIIPId><sln:gmIIPPn>PL.PZGIK.200</sln:gmIIPPn><sln:gmIIPWersja>2012-09-26T22:22:39+02:00</sln:gmIIPWersja><sln:gmIdTeryt>3016023</sln:gmIdTeryt><sln:gmNazwa>Rogoźno</sln:gmNazwa><sln:miejscIIPId>dd6b58fe-77eb-4258-a21a-8357b8b1c591</sln:miejscIIPId><sln:miejscIIPPn>PL.PZGIK.200</sln:miejscIIPPn><sln:miejscIIPWersja>2017-03-30T12:49:40+02:00</sln:miejscIIPWersja><sln:miejscIdTeryt>0529137</sln:miejscIdTeryt><sln:miejscNazwa>Stare</sln:miejscNazwa><sln:miejscRodzaj>Wieś</sln:miejscRodzaj><sln:powIIPId>fc6420ba-6333-4fef-af46-cbe613e81444</sln:powIIPId><sln:powIIPPn>PL.PZGIK.200</sln:powIIPPn><sln:powIIPWersja>2012-09-27T08:59:03+02:00</sln:powIIPWersja><sln:powIdTeryt>3016</sln:powIdTeryt><sln:powNazwa>obornicki</sln:powNazwa><sln:waznyOd>2013-07-09T00:00:00+02:00</sln:waznyOd><sln:wojIIPId>c606b01a-76c8-480d-9470-f24ca0d7a613</sln:wojIIPId><sln:wojIIPPn>PL.PZGIK.200</sln:wojIIPPn><sln:wojIIPWersja>2016-05-05T18:20:48+02:00</sln:wojIIPWersja><sln:wojIdTeryt>30</sln:wojIdTeryt><sln:wojNazwa>wielkopolskie</sln:wojNazwa></sln:miejscowosc><sln:miejscowosc><sln:cyklZyciaOd>2017-03-30T00:00:00+02:00</sln:cyklZyciaOd><sln:gmIIPId>fd343efa-4a55-47cd-ba05-a4f9d78f5bb3</sln:gmIIPId><sln:gmIIPPn>PL.PZGIK.200</sln:gmIIPPn><sln:gmIIPWersja>2012-09-26T22:22:39+02:00</sln:gmIIPWersja><sln:gmIdTeryt>3016023</sln:gmIdTeryt><sln:gmNazwa>Rogoźno</sln:gmNazwa><sln:miejscIIPId>d72f9b88-9ca2-46f8-bef6-ce5e7c24f019</sln:miejscIIPId><sln:miejscIIPPn>PL.PZGIK.200</sln:miejscIIPPn><sln:miejscIIPWersja>2017-03-30T12:49:40+02:00</sln:miejscIIPWersja><sln:miejscIdTeryt>0529143</sln:miejscIdTeryt><sln:miejscNazwa>Wojciechowo</sln:miejscNazwa><sln:miejscRodzaj>Osada</sln:miejscRodzaj><sln:powIIPId>fc6420ba-6333-4fef-af46-cbe613e81444</sln:powIIPId><sln:powIIPPn>PL.PZGIK.200</sln:powIIPPn><sln:powIIPWersja>2012-09-27T08:59:03+02:00</sln:powIIPWersja><sln:powIdTeryt>3016</sln:powIdTeryt><sln:powNazwa>obornicki</sln:powNazwa><sln:waznyOd>2013-07-09T00:00:00+02:00</sln:waznyOd><sln:wojIIPId>c606b01a-76c8-480d-9470-f24ca0d7a613</sln:wojIIPId><sln:wojIIPPn>PL.PZGIK.200</sln:wojIIPPn><sln:wojIIPWersja>2016-05-05T18:20:48+02:00</sln:wojIIPWersja><sln:wojIdTeryt>30</sln:wojIdTeryt><sln:wojNazwa>wielkopolskie</sln:wojNazwa></sln:miejscowosc><sln:miejscowosc><sln:cyklZyciaOd>2017-03-30T00:00:00+02:00</sln:cyklZyciaOd><sln:gmIIPId>fd343efa-4a55-47cd-ba05-a4f9d78f5bb3</sln:gmIIPId><sln:gmIIPPn>PL.PZGIK.200</sln:gmIIPPn><sln:gmIIPWersja>2012-09-26T22:22:39+02:00</sln:gmIIPWersja><sln:gmIdTeryt>3016023</sln:gmIdTeryt><sln:gmNazwa>Rogoźno</sln:gmNazwa><sln:miejscIIPId>6ee47447-f193-4e8f-a2c6-827243b66c6b</sln:miejscIIPId><sln:miejscIIPPn>PL.PZGIK.200</sln:miejscIIPPn><sln:miejscIIPWersja>2017-03-30T12:49:41+02:00</sln:miejscIIPWersja><sln:miejscIdTeryt>0529150</sln:miejscIdTeryt><sln:miejscNazwa>Słomowo</sln:miejscNazwa><sln:miejscRodzaj>Wieś</sln:miejscRodzaj><sln:powIIPId>fc6420ba-6333-4fef-af46-cbe613e81444</sln:powIIPId><sln:powIIPPn>PL.PZGIK.200</sln:powIIPPn><sln:powIIPWersja>2012-09-27T08:59:03+02:00</sln:powIIPWersja><sln:powIdTeryt>3016</sln:powIdTeryt><sln:powNazwa>obornicki</sln:powNazwa><sln:waznyOd>2013-07-09T00:00:00+02:00</sln:waznyOd><sln:wojIIPId>c606b01a-76c8-480d-9470-f24ca0d7a613</sln:wojIIPId><sln:wojIIPPn>PL.PZGIK.200</sln:wojIIPPn><sln:wojIIPWersja>2016-05-05T18:20:48+02:00</sln:wojIIPWersja><sln:wojIdTeryt>30</sln:wojIdTeryt><sln:wojNazwa>wielkopolskie</sln:wojNazwa></sln:miejscowosc><sln:miejscowosc><sln:cyklZyciaOd>2017-03-30T00:00:00+02:00</sln:cyklZyciaOd><sln:gmIIPId>fd343efa-4a55-47cd-ba05-a4f9d78f5bb3</sln:gmIIPId><sln:gmIIPPn>PL.PZGIK.200</sln:gmIIPPn><sln:gmIIPWersja>2012-09-26T22:22:39+02:00</sln:gmIIPWersja><sln:gmIdTeryt>3016023</sln:gmIdTeryt><sln:gmNazwa>Rogoźno</sln:gmNazwa><sln:miejscIIPId>0d839b00-01b6-4893-a667-df14c5292a3e</sln:miejscIIPId><sln:miejscIIPPn>PL.PZGIK.200</sln:miejscIIPPn><sln:miejscIIPWersja>2017-03-30T12:49:41+02:00</sln:miejscIIPWersja><sln:miejscIdTeryt>0529166</sln:miejscIdTeryt><sln:miejscNazwa>Szczytno</sln:miejscNazwa><sln:miejscRodzaj>Wieś</sln:miejscRodzaj><sln:powIIPId>fc6420ba-6333-4fef-af46-cbe613e81444</sln:powIIPId><sln:powIIPPn>PL.PZGIK.200</sln:powIIPPn><sln:powIIPWersja>2012-09-27T08:59:03+02:00</sln:powIIPWersja><sln:powIdTeryt>3016</sln:powIdTeryt><sln:powNazwa>obornicki</sln:powNazwa><sln:waznyOd>2013-07-09T00:00:00+02:00</sln:waznyOd><sln:wojIIPId>c606b01a-76c8-480d-9470-f24ca0d7a613</sln:wojIIPId><sln:wojIIPPn>PL.PZGIK.200</sln:wojIIPPn><sln:wojIIPWersja>2016-05-05T18:20:48+02:00</sln:wojIIPWersja><sln:wojIdTeryt>30</sln:wojIdTeryt><sln:wojNazwa>wielkopolskie</sln:wojNazwa></sln:miejscowosc><sln:miejscowosc><sln:cyklZyciaOd>2017-03-30T00:00:00+02:00</sln:cyklZyciaOd><sln:gmIIPId>fd343efa-4a55-47cd-ba05-a4f9d78f5bb3</sln:gmIIPId><sln:gmIIPPn>PL.PZGIK.200</sln:gmIIPPn><sln:gmIIPWersja>2012-09-26T22:22:39+02:00</sln:gmIIPWersja><sln:gmIdTeryt>3016023</sln:gmIdTeryt><sln:gmNazwa>Rogoźno</sln:gmNazwa><sln:miejscIIPId>f3e188d3-7873-49b5-8a39-dfab336b46df</sln:miejscIIPId><sln:miejscIIPPn>PL.PZGIK.200</sln:miejscIIPPn><sln:miejscIIPWersja>2017-03-30T12:49:41+02:00</sln:miejscIIPWersja><sln:miejscIdTeryt>0529172</sln:miejscIdTeryt><sln:miejscNazwa>Studzieniec</sln:miejscNazwa><sln:miejscRodzaj>Wieś</sln:miejscRodzaj><sln:powIIPId>fc6420ba-6333-4fef-af46-cbe613e81444</sln:powIIPId><sln:powIIPPn>PL.PZGIK.200</sln:powIIPPn><sln:powIIPWersja>2012-09-27T08:59:03+02:00</sln:powIIPWersja><sln:powIdTeryt>3016</sln:powIdTeryt><sln:powNazwa>obornicki</sln:powNazwa><sln:waznyOd>2013-07-09T00:00:00+02:00</sln:waznyOd><sln:wojIIPId>c606b01a-76c8-480d-9470-f24ca0d7a613</sln:wojIIPId><sln:wojIIPPn>PL.PZGIK.200</sln:wojIIPPn><sln:wojIIPWersja>2016-05-05T18:20:48+02:00</sln:wojIIPWersja><sln:wojIdTeryt>30</sln:wojIdTeryt><sln:wojNazwa>wielkopolskie</sln:wojNazwa></sln:miejscowosc><sln:miejscowosc><sln:cyklZyciaOd>2017-03-30T00:00:00+02:00</sln:cyklZyciaOd><sln:gmIIPId>fd343efa-4a55-47cd-ba05-a4f9d78f5bb3</sln:gmIIPId><sln:gmIIPPn>PL.PZGIK.200</sln:gmIIPPn><sln:gmIIPWersja>2012-09-26T22:22:39+02:00</sln:gmIIPWersja><sln:gmIdTeryt>3016023</sln:gmIdTeryt><sln:gmNazwa>Rogoźno</sln:gmNazwa><sln:miejscIIPId>8daa36f3-a5fb-4a84-aa72-78d382ec2e99</sln:miejscIIPId><sln:miejscIIPPn>PL.PZGIK.200</sln:miejscIIPPn><sln:miejscIIPWersja>2017-03-30T12:49:41+02:00</sln:miejscIIPWersja><sln:miejscIdTeryt>0529189</sln:miejscIdTeryt><sln:miejscNazwa>Międzylesie</sln:miejscNazwa><sln:miejscRodzaj>Wieś</sln:miejscRodzaj><sln:powIIPId>fc6420ba-6333-4fef-af46-cbe613e81444</sln:powIIPId><sln:powIIPPn>PL.PZGIK.200</sln:powIIPPn><sln:powIIPWersja>2012-09-27T08:59:03+02:00</sln:powIIPWersja><sln:powIdTeryt>3016</sln:powIdTeryt><sln:powNazwa>obornicki</sln:powNazwa><sln:waznyOd>2013-07-09T00:00:00+02:00</sln:waznyOd><sln:wojIIPId>c606b01a-76c8-480d-9470-f24ca0d7a613</sln:wojIIPId><sln:wojIIPPn>PL.PZGIK.200</sln:wojIIPPn><sln:wojIIPWersja>2016-05-05T18:20:48+02:00</sln:wojIIPWersja><sln:wojIdTeryt>30</sln:wojIdTeryt><sln:wojNazwa>wielkopolskie</sln:wojNazwa></sln:miejscowosc><sln:miejscowosc><sln:cyklZyciaOd>2017-03-30T00:00:00+02:00</sln:cyklZyciaOd><sln:gmIIPId>fd343efa-4a55-47cd-ba05-a4f9d78f5bb3</sln:gmIIPId><sln:gmIIPPn>PL.PZGIK.200</sln:gmIIPPn><sln:gmIIPWersja>2012-09-26T22:22:39+02:00</sln:gmIIPWersja><sln:gmIdTeryt>3016023</sln:gmIdTeryt><sln:gmNazwa>Rogoźno</sln:gmNazwa><sln:miejscIIPId>5ff32a22-077f-4122-a576-bba874e071dc</sln:miejscIIPId><sln:miejscIIPPn>PL.PZGIK.200</sln:miejscIIPPn><sln:miejscIIPWersja>2017-03-30T12:49:41+02:00</sln:miejscIIPWersja><sln:miejscIdTeryt>0529195</sln:miejscIdTeryt><sln:miejscNazwa>Tarnowo</sln:miejscNazwa><sln:miejscRodzaj>Wieś</sln:miejscRodzaj><sln:powIIPId>fc6420ba-6333-4fef-af46-cbe613e81444</sln:powIIPId><sln:powIIPPn>PL.PZGIK.200</sln:powIIPPn><sln:powIIPWersja>2012-09-27T08:59:03+02:00</sln:powIIPWersja><sln:powIdTeryt>3016</sln:powIdTeryt><sln:powNazwa>obornicki</sln:powNazwa><sln:waznyOd>2013-07-09T00:00:00+02:00</sln:waznyOd><sln:wojIIPId>c606b01a-76c8-480d-9470-f24ca0d7a613</sln:wojIIPId><sln:wojIIPPn>PL.PZGIK.200</sln:wojIIPPn><sln:wojIIPWersja>2016-05-05T18:20:48+02:00</sln:wojIIPWersja><sln:wojIdTeryt>30</sln:wojIdTeryt><sln:wojNazwa>wielkopolskie</sln:wojNazwa></sln:miejscowosc><sln:miejscowosc><sln:cyklZyciaOd>2017-03-30T00:00:00+02:00</sln:cyklZyciaOd><sln:gmIIPId>fd343efa-4a55-47cd-ba05-a4f9d78f5bb3</sln:gmIIPId><sln:gmIIPPn>PL.PZGIK.200</sln:gmIIPPn><sln:gmIIPWersja>2012-09-26T22:22:39+02:00</sln:gmIIPWersja><sln:gmIdTeryt>3016023</sln:gmIdTeryt><sln:gmNazwa>Rogoźno</sln:gmNazwa><sln:miejscIIPId>07268dbe-d16d-472e-b710-ca1eee080846</sln:miejscIIPId><sln:miejscIIPPn>PL.PZGIK.200</sln:miejscIIPPn><sln:miejscIIPWersja>2017-03-30T12:49:41+02:00</sln:miejscIIPWersja><sln:miejscIdTeryt>0529203</sln:miejscIdTeryt><sln:miejscNazwa>Karolewo</sln:miejscNazwa><sln:miejscRodzaj>Wieś</sln:miejscRodzaj><sln:powIIPId>fc6420ba-6333-4fef-af46-cbe613e81444</sln:powIIPId><sln:powIIPPn>PL.PZGIK.200</sln:powIIPPn><sln:powIIPWersja>2012-09-27T08:59:03+02:00</sln:powIIPWersja><sln:powIdTeryt>3016</sln:powIdTeryt><sln:powNazwa>obornicki</sln:powNazwa><sln:waznyOd>2013-07-09T00:00:00+02:00</sln:waznyOd><sln:wojIIPId>c606b01a-76c8-480d-9470-f24ca0d7a613</sln:wojIIPId><sln:wojIIPPn>PL.PZGIK.200</sln:wojIIPPn><sln:wojIIPWersja>2016-05-05T18:20:48+02:00</sln:wojIIPWersja><sln:wojIdTeryt>30</sln:wojIdTeryt><sln:wojNazwa>wielkopolskie</sln:wojNazwa></sln:miejscowosc><sln:miejscowosc><sln:cyklZyciaOd>2017-03-30T00:00:00+02:00</sln:cyklZyciaOd><sln:gmIIPId>fd343efa-4a55-47cd-ba05-a4f9d78f5bb3</sln:gmIIPId><sln:gmIIPPn>PL.PZGIK.200</sln:gmIIPPn><sln:gmIIPWersja>2012-09-26T22:22:39+02:00</sln:gmIIPWersja><sln:gmIdTeryt>3016023</sln:gmIdTeryt><sln:gmNazwa>Rogoźno</sln:gmNazwa><sln:miejscIIPId>ab0662f6-54c7-4342-94dc-74c19c986e70</sln:miejscIIPId><sln:miejscIIPPn>PL.PZGIK.200</sln:miejscIIPPn><sln:miejscIIPWersja>2017-03-30T12:49:41+02:00</sln:miejscIIPWersja><sln:miejscIdTeryt>0967080</sln:miejscIdTeryt><sln:miejscNazwa>Rogoźno</sln:miejscNazwa><sln:miejscRodzaj>Miasto</sln:miejscRodzaj><sln:powIIPId>fc6420ba-6333-4fef-af46-cbe613e81444</sln:powIIPId><sln:powIIPPn>PL.PZGIK.200</sln:powIIPPn><sln:powIIPWersja>2012-09-27T08:59:03+02:00</sln:powIIPWersja><sln:powIdTeryt>3016</sln:powIdTeryt><sln:powNazwa>obornicki</sln:powNazwa><sln:waznyOd>2013-07-09T00:00:00+02:00</sln:waznyOd><sln:wojIIPId>c606b01a-76c8-480d-9470-f24ca0d7a613</sln:wojIIPId><sln:wojIIPPn>PL.PZGIK.200</sln:wojIIPPn><sln:wojIIPWersja>2016-05-05T18:20:48+02:00</sln:wojIIPWersja><sln:wojIdTeryt>30</sln:wojIdTeryt><sln:wojNazwa>wielkopolskie</sln:wojNazwa></sln:miejscowosc></sln:lista-miejscowosci>