<?xml version="1.0" encoding="UTF-8" standalone="yes"?><sln:lista-miejscowosci xmlns:srv="http://gugik.gov.pl/schemas/slowniki-service/1.0" xmlns:sln="http://gugik.gov.pl/schemas/slowniki-schema/1.0"><sln:miejscowosc><sln:cyklZyciaDo>2017-03-28T00:00:00+02:00</sln:cyklZyciaDo><sln:cyklZyciaOd>2015-10-12T00:00:00+02:00</sln:cyklZyciaOd><sln:gmIIPId>4a2aa9d0-5f50-437b-be2a-cba61b681647</sln:gmIIPId><sln:gmIIPPn>PL.PZGIK.200</sln:gmIIPPn><sln:gmIIPWersja>2012-09-26T22:22:52+02:00</sln:gmIIPWersja><sln:gmIdTeryt>3019032</sln:gmIdTeryt><sln:gmNazwa>Kaczory</sln:gmNazwa><sln:miejscIIPId>65bc80d9-c523-4294-9370-771a748ac662</sln:miejscIIPId><sln:miejscIIPPn>PL.PZGIK.200</sln:miejscIIPPn><sln:miejscIIPWersja>2016-11-24T11:02:39+02:00</sln:miejscIIPWersja><sln:miejscIdTeryt>0526417</sln:miejscIdTeryt><sln:miejscNazwa>Brodna</sln:miejscNazwa><sln:miejscRodzaj>Wieś</sln:miejscRodzaj><sln:powIIPId>196c6cd5-4f8d-4e98-a653-e0a36ccac728</sln:powIIPId><sln:powIIPPn>PL.PZGIK.200</sln:powIIPPn><sln:powIIPWersja>2012-09-27T08:59:03+02:00</sln:powIIPWersja><sln:powIdTeryt>3019</sln:powIdTeryt><sln:powNazwa>pilski</sln:powNazwa><sln:waznyOd>2012-08-06T00:00:00+02:00</sln:waznyOd><sln:wojIIPId>c606b01a-76c8-480d-9470-f24ca0d7a613</sln:wojIIPId><sln:wojIIPPn>PL.PZGIK.200</sln:wojIIPPn><sln:wojIIPWersja>2016-05-05T18:20:48+02:00</sln:wojIIPWersja><sln:wojIdTeryt>30</sln:wojIdTeryt><sln:wojNazwa>wielkopolskie</sln:wojNazwa></sln:miejscowosc><sln:miejscowosc><sln:cyklZyciaDo>2017-03-28T00:00:00+02:00</sln:cyklZyciaDo><sln:cyklZyciaOd>2015-10-12T00:00:00+02:00</sln:cyklZyciaOd><sln:gmIIPId>4a2aa9d0-5f50-437b-be2a-cba61b681647</sln:gmIIPId><sln:gmIIPPn>PL.PZGIK.200</sln:gmIIPPn><sln:gmIIPWersja>2012-09-26T22:22:52+02:00</sln:gmIIPWersja><sln:gmIdTeryt>3019032</sln:gmIdTeryt><sln:gmNazwa>Kaczory</sln:gmNazwa><sln:miejscIIPId>4e6192fd-a7ae-40ab-9b0a-7edd1ef72240</sln:miejscIIPId><sln:miejscIIPPn>PL.PZGIK.200</sln:miejscIIPPn><sln:miejscIIPWersja>2016-11-24T11:02:39+02:00</sln:miejscIIPWersja><sln:miejscIdTeryt>0526529</sln:miejscIdTeryt><sln:miejscNazwa>Byszewice</sln:miejscNazwa><sln:miejscRodzaj>Wieś</sln:miejscRodzaj><sln:powIIPId>196c6cd5-4f8d-4e98-a653-e0a36ccac728</sln:powIIPId><sln:powIIPPn>PL.PZGIK.200</sln:powIIPPn><sln:powIIPWersja>2012-09-27T08:59:03+02:00</sln:powIIPWersja><sln:powIdTeryt>3019</sln:powIdTeryt><sln:powNazwa>pilski</sln:powNazwa><sln:waznyOd>2012-08-10T00:00:00+02:00</sln:waznyOd><sln:wojIIPId>c606b01a-76c8-480d-9470-f24ca0d7a613</sln:wojIIPId><sln:wojIIPPn>PL.PZGIK.200</sln:wojIIPPn><sln:wojIIPWersja>2016-05-05T18:20:48+02:00</sln:wojIIPWersja><sln:wojIdTeryt>30</sln:wojIdTeryt><sln:wojNazwa>wielkopolskie</sln:wojNazwa></sln:miejscowosc><sln:miejscowosc><sln:cyklZyciaDo>2017-03-28T00:00:00+02:00</sln:cyklZyciaDo><sln:cyklZyciaOd>2015-10-12T00:00:00+02:00</sln:cyklZyciaOd><sln:gmIIPId>4a2aa9d0-5f50-437b-be2a-cba61b681647</sln:gmIIPId><sln:gmIIPPn>PL.PZGIK.200</sln:gmIIPPn><sln:gmIIPWersja>2012-09-26T22:22:52+02:00</sln:gmIIPWersja><sln:gmIdTeryt>3019032</sln:gmIdTeryt><sln:gmNazwa>Kaczory</sln:gmNazwa><sln:miejscIIPId>ad278eda-acb4-48f4-9213-60fed73f1009</sln:miejscIIPId><sln:miejscIIPPn>PL.PZGIK.200</sln:miejscIIPPn><sln:miejscIIPWersja>2016-11-24T11:02:39+02:00</sln:miejscIIPWersja><sln:miejscIdTeryt>0526423</sln:miejscIdTeryt><sln:miejscNazwa>Dziembowo</sln:miejscNazwa><sln:miejscRodzaj>Wieś</sln:miejscRodzaj><sln:powIIPId>196c6cd5-4f8d-4e98-a653-e0a36ccac728</sln:powIIPId><sln:powIIPPn>PL.PZGIK.200</sln:powIIPPn><sln:powIIPWersja>2012-09-27T08:59:03+02:00</sln:powIIPWersja><sln:powIdTeryt>3019</sln:powIdTeryt><sln:powNazwa>pilski</sln:powNazwa><sln:waznyOd>2012-08-06T00:00:00+02:00</sln:waznyOd><sln:wojIIPId>c606b01a-76c8-480d-9470-f24ca0d7a613</sln:wojIIPId><sln:wojIIPPn>PL.PZGIK.200</sln:wojIIPPn><sln:wojIIPWersja>2016-05-05T18:20:48+02:00</sln:wojIIPWersja><sln:wojIdTeryt>30</sln:wojIdTeryt><sln:wojNazwa>wielkopolskie</sln:wojNazwa></sln:miejscowosc><sln:miejscowosc><sln:cyklZyciaDo>2017-03-28T00:00:00+02:00</sln:cyklZyciaDo><sln:cyklZyciaOd>2015-10-12T00:00:00+02:00</sln:cyklZyciaOd><sln:gmIIPId>4a2aa9d0-5f50-437b-be2a-cba61b681647</sln:gmIIPId><sln:gmIIPPn>PL.PZGIK.200</sln:gmIIPPn><sln:gmIIPWersja>2012-09-26T22:22:52+02:00</sln:gmIIPWersja><sln:gmIdTeryt>3019032</sln:gmIdTeryt><sln:gmNazwa>Kaczory</sln:gmNazwa><sln:miejscIIPId>48ff7b3b-ec6d-4abd-8c0d-c94a4e34f436</sln:miejscIIPId><sln:miejscIIPPn>PL.PZGIK.200</sln:miejscIIPPn><sln:miejscIIPWersja>2016-11-24T11:02:39+02:00</sln:miejscIIPWersja><sln:miejscIdTeryt>0526446</sln:miejscIdTeryt><sln:miejscNazwa>Dziembówko</sln:miejscNazwa><sln:miejscRodzaj>Wieś</sln:miejscRodzaj><sln:powIIPId>196c6cd5-4f8d-4e98-a653-e0a36ccac728</sln:powIIPId><sln:powIIPPn>PL.PZGIK.200</sln:powIIPPn><sln:powIIPWersja>2012-09-27T08:59:03+02:00</sln:powIIPWersja><sln:powIdTeryt>3019</sln:powIdTeryt><sln:powNazwa>pilski</sln:powNazwa><sln:waznyOd>2012-08-06T00:00:00+02:00</sln:waznyOd><sln:wojIIPId>c606b01a-76c8-480d-9470-f24ca0d7a613</sln:wojIIPId><sln:wojIIPPn>PL.PZGIK.200</sln:wojIIPPn><sln:wojIIPWersja>2016-05-05T18:20:48+02:00</sln:wojIIPWersja><sln:wojIdTeryt>30</sln:wojIdTeryt><sln:wojNazwa>wielkopolskie</sln:wojNazwa></sln:miejscowosc><sln:miejscowosc><sln:cyklZyciaDo>2017-03-28T00:00:00+02:00</sln:cyklZyciaDo><sln:cyklZyciaOd>2015-10-12T00:00:00+02:00</sln:cyklZyciaOd><sln:gmIIPId>4a2aa9d0-5f50-437b-be2a-cba61b681647</sln:gmIIPId><sln:gmIIPPn>PL.PZGIK.200</sln:gmIIPPn><sln:gmIIPWersja>2012-09-26T22:22:52+02:00</sln:gmIIPWersja><sln:gmIdTeryt>3019032</sln:gmIdTeryt><sln:gmNazwa>Kaczory</sln:gmNazwa><sln:miejscIIPId>bbdc8487-0a63-414d-91cc-e963ac7bbb34</sln:miejscIIPId><sln:miejscIIPPn>PL.PZGIK.200</sln:miejscIIPPn><sln:miejscIIPWersja>2016-11-24T11:02:39+02:00</sln:miejscIIPWersja><sln:miejscIdTeryt>0526475</sln:miejscIdTeryt><sln:miejscNazwa>Garncarsko</sln:miejscNazwa><sln:miejscRodzaj>Osada leśna</sln:miejscRodzaj><sln:powIIPId>196c6cd5-4f8d-4e98-a653-e0a36ccac728</sln:powIIPId><sln:powIIPPn>PL.PZGIK.200</sln:powIIPPn><sln:powIIPWersja>2012-09-27T08:59:03+02:00</sln:powIIPWersja><sln:powIdTeryt>3019</sln:powIdTeryt><sln:powNazwa>pilski</sln:powNazwa><sln:waznyOd>2015-04-14T00:00:00+02:00</sln:waznyOd><sln:wojIIPId>c606b01a-76c8-480d-9470-f24ca0d7a613</sln:wojIIPId><sln:wojIIPPn>PL.PZGIK.200</sln:wojIIPPn><sln:wojIIPWersja>2016-05-05T18:20:48+02:00</sln:wojIIPWersja><sln:wojIdTeryt>30</sln:wojIdTeryt><sln:wojNazwa>wielkopolskie</sln:wojNazwa></sln:miejscowosc><sln:miejscowosc><sln:cyklZyciaDo>2017-03-28T00:00:00+02:00</sln:cyklZyciaDo><sln:cyklZyciaOd>2015-10-12T00:00:00+02:00</sln:cyklZyciaOd><sln:gmIIPId>4a2aa9d0-5f50-437b-be2a-cba61b681647</sln:gmIIPId><sln:gmIIPPn>PL.PZGIK.200</sln:gmIIPPn><sln:gmIIPWersja>2012-09-26T22:22:52+02:00</sln:gmIIPWersja><sln:gmIdTeryt>3019032</sln:gmIdTeryt><sln:gmNazwa>Kaczory</sln:gmNazwa><sln:miejscIIPId>5fd6c6c3-1b60-4b0d-bb3e-803d521178ba</sln:miejscIIPId><sln:miejscIIPPn>PL.PZGIK.200</sln:miejscIIPPn><sln:miejscIIPWersja>2016-11-24T11:02:39+02:00</sln:miejscIIPWersja><sln:miejscIdTeryt>0526564</sln:miejscIdTeryt><sln:miejscNazwa>Jachna</sln:miejscNazwa><sln:miejscRodzaj>Inny obiekt</sln:miejscRodzaj><sln:powIIPId>196c6cd5-4f8d-4e98-a653-e0a36ccac728</sln:powIIPId><sln:powIIPPn>PL.PZGIK.200</sln:powIIPPn><sln:powIIPWersja>2012-09-27T08:59:03+02:00</sln:powIIPWersja><sln:powIdTeryt>3019</sln:powIdTeryt><sln:powNazwa>pilski</sln:powNazwa><sln:waznyOd>2015-04-14T00:00:00+02:00</sln:waznyOd><sln:wojIIPId>c606b01a-76c8-480d-9470-f24ca0d7a613</sln:wojIIPId><sln:wojIIPPn>PL.PZGIK.200</sln:wojIIPPn><sln:wojIIPWersja>2016-05-05T18:20:48+02:00</sln:wojIIPWersja><sln:wojIdTeryt>30</sln:wojIdTeryt><sln:wojNazwa>wielkopolskie</sln:wojNazwa></sln:miejscowosc><sln:miejscowosc><sln:cyklZyciaDo>2017-03-28T00:00:00+02:00</sln:cyklZyciaDo><sln:cyklZyciaOd>2015-10-12T00:00:00+02:00</sln:cyklZyciaOd><sln:gmIIPId>4a2aa9d0-5f50-437b-be2a-cba61b681647</sln:gmIIPId><sln:gmIIPPn>PL.PZGIK.200</sln:gmIIPPn><sln:gmIIPWersja>2012-09-26T22:22:52+02:00</sln:gmIIPWersja><sln:gmIdTeryt>3019032</sln:gmIdTeryt><sln:gmNazwa>Kaczory</sln:gmNazwa><sln:miejscIIPId>905b6a0b-057b-44f9-b51f-905ca4c475c0</sln:miejscIIPId><sln:miejscIIPPn>PL.PZGIK.200</sln:miejscIIPPn><sln:miejscIIPWersja>2016-11-24T11:02:39+02:00</sln:miejscIIPWersja><sln:miejscIdTeryt>0526452</sln:miejscIdTeryt><sln:miejscNazwa>Jeziorki</sln:miejscNazwa><sln:miejscRodzaj>Wieś</sln:miejscRodzaj><sln:powIIPId>196c6cd5-4f8d-4e98-a653-e0a36ccac728</sln:powIIPId><sln:powIIPPn>PL.PZGIK.200</sln:powIIPPn><sln:powIIPWersja>2012-09-27T08:59:03+02:00</sln:powIIPWersja><sln:powIdTeryt>3019</sln:powIdTeryt><sln:powNazwa>pilski</sln:powNazwa><sln:waznyOd>2012-08-06T00:00:00+02:00</sln:waznyOd><sln:wojIIPId>c606b01a-76c8-480d-9470-f24ca0d7a613</sln:wojIIPId><sln:wojIIPPn>PL.PZGIK.200</sln:wojIIPPn><sln:wojIIPWersja>2016-05-05T18:20:48+02:00</sln:wojIIPWersja><sln:wojIdTeryt>30</sln:wojIdTeryt><sln:wojNazwa>wielkopolskie</sln:wojNazwa></sln:miejscowosc><sln:miejscowosc><sln:cyklZyciaDo>2017-03-28T00:00:00+02:00</sln:cyklZyciaDo><sln:cyklZyciaOd>2015-10-12T00:00:00+02:00</sln:cyklZyciaOd><sln:gmIIPId>4a2aa9d0-5f50-437b-be2a-cba61b681647</sln:gmIIPId><sln:gmIIPPn>PL.PZGIK.200</sln:gmIIPPn><sln:gmIIPWersja>2012-09-26T22:22:52+02:00</sln:gmIIPWersja><sln:gmIdTeryt>3019032</sln:gmIdTeryt><sln:gmNazwa>Kaczory</sln:gmNazwa><sln:miejscIIPId>04240b57-1cca-49bd-8e4b-12e35c3bacb8</sln:miejscIIPId><sln:miejscIIPPn>PL.PZGIK.200</sln:miejscIIPPn><sln:miejscIIPWersja>2016-11-24T11:02:39+02:00</sln:miejscIIPWersja><sln:miejscIdTeryt>0526469</sln:miejscIdTeryt><sln:miejscNazwa>Kaczory</sln:miejscNazwa><sln:miejscRodzaj>Wieś</sln:miejscRodzaj><sln:powIIPId>196c6cd5-4f8d-4e98-a653-e0a36ccac728</sln:powIIPId><sln:powIIPPn>PL.PZGIK.200</sln:powIIPPn><sln:powIIPWersja>2012-09-27T08:59:03+02:00</sln:powIIPWersja><sln:powIdTeryt>3019</sln:powIdTeryt><sln:powNazwa>pilski</sln:powNazwa><sln:waznyOd>2012-08-06T00:00:00+02:00</sln:waznyOd><sln:wojIIPId>c606b01a-76c8-480d-9470-f24ca0d7a613</sln:wojIIPId><sln:wojIIPPn>PL.PZGIK.200</sln:wojIIPPn><sln:wojIIPWersja>2016-05-05T18:20:48+02:00</sln:wojIIPWersja><sln:wojIdTeryt>30</sln:wojIdTeryt><sln:wojNazwa>wielkopolskie</sln:wojNazwa></sln:miejscowosc><sln:miejscowosc><sln:cyklZyciaDo>2017-03-28T00:00:00+02:00</sln:cyklZyciaDo><sln:cyklZyciaOd>2015-10-12T00:00:00+02:00</sln:cyklZyciaOd><sln:gmIIPId>4a2aa9d0-5f50-437b-be2a-cba61b681647</sln:gmIIPId><sln:gmIIPPn>PL.PZGIK.200</sln:gmIIPPn><sln:gmIIPWersja>2012-09-26T22:22:52+02:00</sln:gmIIPWersja><sln:gmIdTeryt>3019032</sln:gmIdTeryt><sln:gmNazwa>Kaczory</sln:gmNazwa><sln:miejscIIPId>1d5ad178-9502-4063-a3ae-1bf1f6668356</sln:miejscIIPId><sln:miejscIIPPn>PL.PZGIK.200</sln:miejscIIPPn><sln:miejscIIPWersja>2016-11-24T11:02:39+02:00</sln:miejscIIPWersja><sln:miejscIdTeryt>0526498</sln:miejscIdTeryt><sln:miejscNazwa>Krzewina</sln:miejscNazwa><sln:miejscRodzaj>Wieś</sln:miejscRodzaj><sln:powIIPId>196c6cd5-4f8d-4e98-a653-e0a36ccac728</sln:powIIPId><sln:powIIPPn>PL.PZGIK.200</sln:powIIPPn><sln:powIIPWersja>2012-09-27T08:59:03+02:00</sln:powIIPWersja><sln:powIdTeryt>3019</sln:powIdTeryt><sln:powNazwa>pilski</sln:powNazwa><sln:waznyOd>2012-08-06T00:00:00+02:00</sln:waznyOd><sln:wojIIPId>c606b01a-76c8-480d-9470-f24ca0d7a613</sln:wojIIPId><sln:wojIIPPn>PL.PZGIK.200</sln:wojIIPPn><sln:wojIIPWersja>2016-05-05T18:20:48+02:00</sln:wojIIPWersja><sln:wojIdTeryt>30</sln:wojIdTeryt><sln:wojNazwa>wielkopolskie</sln:wojNazwa></sln:miejscowosc><sln:miejscowosc><sln:cyklZyciaDo>2017-03-28T00:00:00+02:00</sln:cyklZyciaDo><sln:cyklZyciaOd>2015-10-12T00:00:00+02:00</sln:cyklZyciaOd><sln:gmIIPId>4a2aa9d0-5f50-437b-be2a-cba61b681647</sln:gmIIPId><sln:gmIIPPn>PL.PZGIK.200</sln:gmIIPPn><sln:gmIIPWersja>2012-09-26T22:22:52+02:00</sln:gmIIPWersja><sln:gmIdTeryt>3019032</sln:gmIdTeryt><sln:gmNazwa>Kaczory</sln:gmNazwa><sln:miejscIIPId>ea23c977-0049-4b64-a742-a907dcdc0e8c</sln:miejscIIPId><sln:miejscIIPPn>PL.PZGIK.200</sln:miejscIIPPn><sln:miejscIIPWersja>2016-11-24T11:02:39+02:00</sln:miejscIIPWersja><sln:miejscIdTeryt>0526506</sln:miejscIdTeryt><sln:miejscNazwa>Morzewo</sln:miejscNazwa><sln:miejscRodzaj>Wieś</sln:miejscRodzaj><sln:powIIPId>196c6cd5-4f8d-4e98-a653-e0a36ccac728</sln:powIIPId><sln:powIIPPn>PL.PZGIK.200</sln:powIIPPn><sln:powIIPWersja>2012-09-27T08:59:03+02:00</sln:powIIPWersja><sln:powIdTeryt>3019</sln:powIdTeryt><sln:powNazwa>pilski</sln:powNazwa><sln:waznyOd>2012-08-06T00:00:00+02:00</sln:waznyOd><sln:wojIIPId>c606b01a-76c8-480d-9470-f24ca0d7a613</sln:wojIIPId><sln:wojIIPPn>PL.PZGIK.200</sln:wojIIPPn><sln:wojIIPWersja>2016-05-05T18:20:48+02:00</sln:wojIIPWersja><sln:wojIdTeryt>30</sln:wojIdTeryt><sln:wojNazwa>wielkopolskie</sln:wojNazwa></sln:miejscowosc><sln:miejscowosc><sln:cyklZyciaDo>2017-03-28T00:00:00+02:00</sln:cyklZyciaDo><sln:cyklZyciaOd>2015-10-12T00:00:00+02:00</sln:cyklZyciaOd><sln:gmIIPId>4a2aa9d0-5f50-437b-be2a-cba61b681647</sln:gmIIPId><sln:gmIIPPn>PL.PZGIK.200</sln:gmIIPPn><sln:gmIIPWersja>2012-09-26T22:22:52+02:00</sln:gmIIPWersja><sln:gmIdTeryt>3019032</sln:gmIdTeryt><sln:gmNazwa>Kaczory</sln:gmNazwa><sln:miejscIIPId>73e8cf5b-e067-4ad5-a8fe-7a15b778e67b</sln:miejscIIPId><sln:miejscIIPPn>PL.PZGIK.200</sln:miejscIIPPn><sln:miejscIIPWersja>2016-11-24T11:02:39+02:00</sln:miejscIIPWersja><sln:miejscIdTeryt>0526512</sln:miejscIdTeryt><sln:miejscNazwa>Prawomyśl</sln:miejscNazwa><sln:miejscRodzaj>Wieś</sln:miejscRodzaj><sln:powIIPId>196c6cd5-4f8d-4e98-a653-e0a36ccac728</sln:powIIPId><sln:powIIPPn>PL.PZGIK.200</sln:powIIPPn><sln:powIIPWersja>2012-09-27T08:59:03+02:00</sln:powIIPWersja><sln:powIdTeryt>3019</sln:powIdTeryt><sln:powNazwa>pilski</sln:powNazwa><sln:waznyOd>2012-08-06T00:00:00+02:00</sln:waznyOd><sln:wojIIPId>c606b01a-76c8-480d-9470-f24ca0d7a613</sln:wojIIPId><sln:wojIIPPn>PL.PZGIK.200</sln:wojIIPPn><sln:wojIIPWersja>2016-05-05T18:20:48+02:00</sln:wojIIPWersja><sln:wojIdTeryt>30</sln:wojIdTeryt><sln:wojNazwa>wielkopolskie</sln:wojNazwa></sln:miejscowosc><sln:miejscowosc><sln:cyklZyciaDo>2017-03-28T00:00:00+02:00</sln:cyklZyciaDo><sln:cyklZyciaOd>2015-10-12T00:00:00+02:00</sln:cyklZyciaOd><sln:gmIIPId>4a2aa9d0-5f50-437b-be2a-cba61b681647</sln:gmIIPId><sln:gmIIPPn>PL.PZGIK.200</sln:gmIIPPn><sln:gmIIPWersja>2012-09-26T22:22:52+02:00</sln:gmIIPWersja><sln:gmIdTeryt>3019032</sln:gmIdTeryt><sln:gmNazwa>Kaczory</sln:gmNazwa><sln:miejscIIPId>bc9372b2-3990-4c50-a643-4da5c5c4032e</sln:miejscIIPId><sln:miejscIIPPn>PL.PZGIK.200</sln:miejscIIPPn><sln:miejscIIPWersja>2016-11-24T11:02:39+02:00</sln:miejscIIPWersja><sln:miejscIdTeryt>0526535</sln:miejscIdTeryt><sln:miejscNazwa>Równopole</sln:miejscNazwa><sln:miejscRodzaj>Wieś</sln:miejscRodzaj><sln:powIIPId>196c6cd5-4f8d-4e98-a653-e0a36ccac728</sln:powIIPId><sln:powIIPPn>PL.PZGIK.200</sln:powIIPPn><sln:powIIPWersja>2012-09-27T08:59:03+02:00</sln:powIIPWersja><sln:powIdTeryt>3019</sln:powIdTeryt><sln:powNazwa>pilski</sln:powNazwa><sln:waznyOd>2012-08-06T00:00:00+02:00</sln:waznyOd><sln:wojIIPId>c606b01a-76c8-480d-9470-f24ca0d7a613</sln:wojIIPId><sln:wojIIPPn>PL.PZGIK.200</sln:wojIIPPn><sln:wojIIPWersja>2016-05-05T18:20:48+02:00</sln:wojIIPWersja><sln:wojIdTeryt>30</sln:wojIdTeryt><sln:wojNazwa>wielkopolskie</sln:wojNazwa></sln:miejscowosc><sln:miejscowosc><sln:cyklZyciaDo>2017-03-28T00:00:00+02:00</sln:cyklZyciaDo><sln:cyklZyciaOd>2015-10-12T00:00:00+02:00</sln:cyklZyciaOd><sln:gmIIPId>4a2aa9d0-5f50-437b-be2a-cba61b681647</sln:gmIIPId><sln:gmIIPPn>PL.PZGIK.200</sln:gmIIPPn><sln:gmIIPWersja>2012-09-26T22:22:52+02:00</sln:gmIIPWersja><sln:gmIdTeryt>3019032</sln:gmIdTeryt><sln:gmNazwa>Kaczory</sln:gmNazwa><sln:miejscIIPId>b36ecdbc-d42a-4605-a8d2-1865429f7a3c</sln:miejscIIPId><sln:miejscIIPPn>PL.PZGIK.200</sln:miejscIIPPn><sln:miejscIIPWersja>2016-11-24T11:02:39+02:00</sln:miejscIIPWersja><sln:miejscIdTeryt>0526541</sln:miejscIdTeryt><sln:miejscNazwa>Rzadkowo</sln:miejscNazwa><sln:miejscRodzaj>Wieś</sln:miejscRodzaj><sln:powIIPId>196c6cd5-4f8d-4e98-a653-e0a36ccac728</sln:powIIPId><sln:powIIPPn>PL.PZGIK.200</sln:powIIPPn><sln:powIIPWersja>2012-09-27T08:59:03+02:00</sln:powIIPWersja><sln:powIdTeryt>3019</sln:powIdTeryt><sln:powNazwa>pilski</sln:powNazwa><sln:waznyOd>2012-08-06T00:00:00+02:00</sln:waznyOd><sln:wojIIPId>c606b01a-76c8-480d-9470-f24ca0d7a613</sln:wojIIPId><sln:wojIIPPn>PL.PZGIK.200</sln:wojIIPPn><sln:wojIIPWersja>2016-05-05T18:20:48+02:00</sln:wojIIPWersja><sln:wojIdTeryt>30</sln:wojIdTeryt><sln:wojNazwa>wielkopolskie</sln:wojNazwa></sln:miejscowosc><sln:miejscowosc><sln:cyklZyciaDo>2017-03-28T00:00:00+02:00</sln:cyklZyciaDo><sln:cyklZyciaOd>2015-10-12T00:00:00+02:00</sln:cyklZyciaOd><sln:gmIIPId>4a2aa9d0-5f50-437b-be2a-cba61b681647</sln:gmIIPId><sln:gmIIPPn>PL.PZGIK.200</sln:gmIIPPn><sln:gmIIPWersja>2012-09-26T22:22:52+02:00</sln:gmIIPWersja><sln:gmIdTeryt>3019032</sln:gmIdTeryt><sln:gmNazwa>Kaczory</sln:gmNazwa><sln:miejscIIPId>540ee260-9a9b-4639-98d1-30792031bac0</sln:miejscIIPId><sln:miejscIIPPn>PL.PZGIK.200</sln:miejscIIPPn><sln:miejscIIPWersja>2016-11-24T11:02:39+02:00</sln:miejscIIPWersja><sln:miejscIdTeryt>0526558</sln:miejscIdTeryt><sln:miejscNazwa>Śmiłowo</sln:miejscNazwa><sln:miejscRodzaj>Wieś</sln:miejscRodzaj><sln:powIIPId>196c6cd5-4f8d-4e98-a653-e0a36ccac728</sln:powIIPId><sln:powIIPPn>PL.PZGIK.200</sln:powIIPPn><sln:powIIPWersja>2012-09-27T08:59:03+02:00</sln:powIIPWersja><sln:powIdTeryt>3019</sln:powIdTeryt><sln:powNazwa>pilski</sln:powNazwa><sln:waznyOd>2012-08-06T00:00:00+02:00</sln:waznyOd><sln:wojIIPId>c606b01a-76c8-480d-9470-f24ca0d7a613</sln:wojIIPId><sln:wojIIPPn>PL.PZGIK.200</sln:wojIIPPn><sln:wojIIPWersja>2016-05-05T18:20:48+02:00</sln:wojIIPWersja><sln:wojIdTeryt>30</sln:wojIdTeryt><sln:wojNazwa>wielkopolskie</sln:wojNazwa></sln:miejscowosc><sln:miejscowosc><sln:cyklZyciaDo>2017-03-28T00:00:00+02:00</sln:cyklZyciaDo><sln:cyklZyciaOd>2015-10-12T00:00:00+02:00</sln:cyklZyciaOd><sln:gmIIPId>4a2aa9d0-5f50-437b-be2a-cba61b681647</sln:gmIIPId><sln:gmIIPPn>PL.PZGIK.200</sln:gmIIPPn><sln:gmIIPWersja>2012-09-26T22:22:52+02:00</sln:gmIIPWersja><sln:gmIdTeryt>3019032</sln:gmIdTeryt><sln:gmNazwa>Kaczory</sln:gmNazwa><sln:miejscIIPId>42882210-d999-4313-837a-147be257572f</sln:miejscIIPId><sln:miejscIIPPn>PL.PZGIK.200</sln:miejscIIPPn><sln:miejscIIPWersja>2016-11-24T11:02:39+02:00</sln:miejscIIPWersja><sln:miejscIdTeryt>0526593</sln:miejscIdTeryt><sln:miejscNazwa>Zelgniewo</sln:miejscNazwa><sln:miejscRodzaj>Wieś</sln:miejscRodzaj><sln:powIIPId>196c6cd5-4f8d-4e98-a653-e0a36ccac728</sln:powIIPId><sln:powIIPPn>PL.PZGIK.200</sln:powIIPPn><sln:powIIPWersja>2012-09-27T08:59:03+02:00</sln:powIIPWersja><sln:powIdTeryt>3019</sln:powIdTeryt><sln:powNazwa>pilski</sln:powNazwa><sln:waznyOd>2012-08-06T00:00:00+02:00</sln:waznyOd><sln:wojIIPId>c606b01a-76c8-480d-9470-f24ca0d7a613</sln:wojIIPId><sln:wojIIPPn>PL.PZGIK.200</sln:wojIIPPn><sln:wojIIPWersja>2016-05-05T18:20:48+02:00</sln:wojIIPWersja><sln:wojIdTeryt>30</sln:wojIdTeryt><sln:wojNazwa>wielkopolskie</sln:wojNazwa></sln:miejscowosc><sln:miejscowosc><sln:cyklZyciaDo>2017-03-28T00:00:00+02:00</sln:cyklZyciaDo><sln:cyklZyciaOd>2015-10-12T00:00:00+02:00</sln:cyklZyciaOd><sln:gmIIPId>4a2aa9d0-5f50-437b-be2a-cba61b681647</sln:gmIIPId><sln:gmIIPPn>PL.PZGIK.200</sln:gmIIPPn><sln:gmIIPWersja>2012-09-26T22:22:52+02:00</sln:gmIIPWersja><sln:gmIdTeryt>3019032</sln:gmIdTeryt><sln:gmNazwa>Kaczory</sln:gmNazwa><sln:miejscIIPId>0b6b5e10-a610-416a-bbfe-4a0a07d778cd</sln:miejscIIPId><sln:miejscIIPPn>PL.PZGIK.200</sln:miejscIIPPn><sln:miejscIIPWersja>2016-11-24T11:02:39+02:00</sln:miejscIIPWersja><sln:miejscIdTeryt>0526481</sln:miejscIdTeryt><sln:miejscNazwa>Żabostowo</sln:miejscNazwa><sln:miejscRodzaj>Osada</sln:miejscRodzaj><sln:powIIPId>196c6cd5-4f8d-4e98-a653-e0a36ccac728</sln:powIIPId><sln:powIIPPn>PL.PZGIK.200</sln:powIIPPn><sln:powIIPWersja>2012-09-27T08:59:03+02:00</sln:powIIPWersja><sln:powIdTeryt>3019</sln:powIdTeryt><sln:powNazwa>pilski</sln:powNazwa><sln:waznyOd>2015-04-14T00:00:00+02:00</sln:waznyOd><sln:wojIIPId>c606b01a-76c8-480d-9470-f24ca0d7a613</sln:wojIIPId><sln:wojIIPPn>PL.PZGIK.200</sln:wojIIPPn><sln:wojIIPWersja>2016-05-05T18:20:48+02:00</sln:wojIIPWersja><sln:wojIdTeryt>30</sln:wojIdTeryt><sln:wojNazwa>wielkopolskie</sln:wojNazwa></sln:miejscowosc><sln:miejscowosc><sln:cyklZyciaOd>2017-03-28T00:00:00+02:00</sln:cyklZyciaOd><sln:gmIIPId>4a2aa9d0-5f50-437b-be2a-cba61b681647</sln:gmIIPId><sln:gmIIPPn>PL.PZGIK.200</sln:gmIIPPn><sln:gmIIPWersja>2012-09-26T22:22:52+02:00</sln:gmIIPWersja><sln:gmIdTeryt>3019032</sln:gmIdTeryt><sln:gmNazwa>Kaczory</sln:gmNazwa><sln:miejscIIPId>65bc80d9-c523-4294-9370-771a748ac662</sln:miejscIIPId><sln:miejscIIPPn>PL.PZGIK.200</sln:miejscIIPPn><sln:miejscIIPWersja>2017-03-28T16:47:28+02:00</sln:miejscIIPWersja><sln:miejscIdTeryt>0526417</sln:miejscIdTeryt><sln:miejscNazwa>Brodna</sln:miejscNazwa><sln:miejscRodzaj>Wieś</sln:miejscRodzaj><sln:powIIPId>196c6cd5-4f8d-4e98-a653-e0a36ccac728</sln:powIIPId><sln:powIIPPn>PL.PZGIK.200</sln:powIIPPn><sln:powIIPWersja>2012-09-27T08:59:03+02:00</sln:powIIPWersja><sln:powIdTeryt>3019</sln:powIdTeryt><sln:powNazwa>pilski</sln:powNazwa><sln:waznyOd>2012-08-06T00:00:00+02:00</sln:waznyOd><sln:wojIIPId>c606b01a-76c8-480d-9470-f24ca0d7a613</sln:wojIIPId><sln:wojIIPPn>PL.PZGIK.200</sln:wojIIPPn><sln:wojIIPWersja>2016-05-05T18:20:48+02:00</sln:wojIIPWersja><sln:wojIdTeryt>30</sln:wojIdTeryt><sln:wojNazwa>wielkopolskie</sln:wojNazwa></sln:miejscowosc><sln:miejscowosc><sln:cyklZyciaDo>2018-03-02T00:00:00+01:00</sln:cyklZyciaDo><sln:cyklZyciaOd>2017-03-28T00:00:00+02:00</sln:cyklZyciaOd><sln:gmIIPId>4a2aa9d0-5f50-437b-be2a-cba61b681647</sln:gmIIPId><sln:gmIIPPn>PL.PZGIK.200</sln:gmIIPPn><sln:gmIIPWersja>2012-09-26T22:22:52+02:00</sln:gmIIPWersja><sln:gmIdTeryt>3019032</sln:gmIdTeryt><sln:gmNazwa>Kaczory</sln:gmNazwa><sln:miejscIIPId>ad278eda-acb4-48f4-9213-60fed73f1009</sln:miejscIIPId><sln:miejscIIPPn>PL.PZGIK.200</sln:miejscIIPPn><sln:miejscIIPWersja>2017-03-28T16:47:36+02:00</sln:miejscIIPWersja><sln:miejscIdTeryt>0526423</sln:miejscIdTeryt><sln:miejscNazwa>Dziembowo</sln:miejscNazwa><sln:miejscRodzaj>Wieś</sln:miejscRodzaj><sln:powIIPId>196c6cd5-4f8d-4e98-a653-e0a36ccac728</sln:powIIPId><sln:powIIPPn>PL.PZGIK.200</sln:powIIPPn><sln:powIIPWersja>2012-09-27T08:59:03+02:00</sln:powIIPWersja><sln:powIdTeryt>3019</sln:powIdTeryt><sln:powNazwa>pilski</sln:powNazwa><sln:waznyOd>2012-08-06T00:00:00+02:00</sln:waznyOd><sln:wojIIPId>c606b01a-76c8-480d-9470-f24ca0d7a613</sln:wojIIPId><sln:wojIIPPn>PL.PZGIK.200</sln:wojIIPPn><sln:wojIIPWersja>2016-05-05T18:20:48+02:00</sln:wojIIPWersja><sln:wojIdTeryt>30</sln:wojIdTeryt><sln:wojNazwa>wielkopolskie</sln:wojNazwa></sln:miejscowosc><sln:miejscowosc><sln:cyklZyciaOd>2017-03-28T00:00:00+02:00</sln:cyklZyciaOd><sln:gmIIPId>4a2aa9d0-5f50-437b-be2a-cba61b681647</sln:gmIIPId><sln:gmIIPPn>PL.PZGIK.200</sln:gmIIPPn><sln:gmIIPWersja>2012-09-26T22:22:52+02:00</sln:gmIIPWersja><sln:gmIdTeryt>3019032</sln:gmIdTeryt><sln:gmNazwa>Kaczory</sln:gmNazwa><sln:miejscIIPId>48ff7b3b-ec6d-4abd-8c0d-c94a4e34f436</sln:miejscIIPId><sln:miejscIIPPn>PL.PZGIK.200</sln:miejscIIPPn><sln:miejscIIPWersja>2017-03-28T16:47:36+02:00</sln:miejscIIPWersja><sln:miejscIdTeryt>0526446</sln:miejscIdTeryt><sln:miejscNazwa>Dziembówko</sln:miejscNazwa><sln:miejscRodzaj>Wieś</sln:miejscRodzaj><sln:powIIPId>196c6cd5-4f8d-4e98-a653-e0a36ccac728</sln:powIIPId><sln:powIIPPn>PL.PZGIK.200</sln:powIIPPn><sln:powIIPWersja>2012-09-27T08:59:03+02:00</sln:powIIPWersja><sln:powIdTeryt>3019</sln:powIdTeryt><sln:powNazwa>pilski</sln:powNazwa><sln:waznyOd>2012-08-06T00:00:00+02:00</sln:waznyOd><sln:wojIIPId>c606b01a-76c8-480d-9470-f24ca0d7a613</sln:wojIIPId><sln:wojIIPPn>PL.PZGIK.200</sln:wojIIPPn><sln:wojIIPWersja>2016-05-05T18:20:48+02:00</sln:wojIIPWersja><sln:wojIdTeryt>30</sln:wojIdTeryt><sln:wojNazwa>wielkopolskie</sln:wojNazwa></sln:miejscowosc><sln:miejscowosc><sln:cyklZyciaOd>2017-03-28T00:00:00+02:00</sln:cyklZyciaOd><sln:gmIIPId>4a2aa9d0-5f50-437b-be2a-cba61b681647</sln:gmIIPId><sln:gmIIPPn>PL.PZGIK.200</sln:gmIIPPn><sln:gmIIPWersja>2012-09-26T22:22:52+02:00</sln:gmIIPWersja><sln:gmIdTeryt>3019032</sln:gmIdTeryt><sln:gmNazwa>Kaczory</sln:gmNazwa><sln:miejscIIPId>905b6a0b-057b-44f9-b51f-905ca4c475c0</sln:miejscIIPId><sln:miejscIIPPn>PL.PZGIK.200</sln:miejscIIPPn><sln:miejscIIPWersja>2017-03-28T16:47:36+02:00</sln:miejscIIPWersja><sln:miejscIdTeryt>0526452</sln:miejscIdTeryt><sln:miejscNazwa>Jeziorki</sln:miejscNazwa><sln:miejscRodzaj>Wieś</sln:miejscRodzaj><sln:powIIPId>196c6cd5-4f8d-4e98-a653-e0a36ccac728</sln:powIIPId><sln:powIIPPn>PL.PZGIK.200</sln:powIIPPn><sln:powIIPWersja>2012-09-27T08:59:03+02:00</sln:powIIPWersja><sln:powIdTeryt>3019</sln:powIdTeryt><sln:powNazwa>pilski</sln:powNazwa><sln:waznyOd>2012-08-06T00:00:00+02:00</sln:waznyOd><sln:wojIIPId>c606b01a-76c8-480d-9470-f24ca0d7a613</sln:wojIIPId><sln:wojIIPPn>PL.PZGIK.200</sln:wojIIPPn><sln:wojIIPWersja>2016-05-05T18:20:48+02:00</sln:wojIIPWersja><sln:wojIdTeryt>30</sln:wojIdTeryt><sln:wojNazwa>wielkopolskie</sln:wojNazwa></sln:miejscowosc><sln:miejscowosc><sln:cyklZyciaDo>2018-03-02T00:00:00+01:00</sln:cyklZyciaDo><sln:cyklZyciaOd>2017-03-28T00:00:00+02:00</sln:cyklZyciaOd><sln:gmIIPId>4a2aa9d0-5f50-437b-be2a-cba61b681647</sln:gmIIPId><sln:gmIIPPn>PL.PZGIK.200</sln:gmIIPPn><sln:gmIIPWersja>2012-09-26T22:22:52+02:00</sln:gmIIPWersja><sln:gmIdTeryt>3019032</sln:gmIdTeryt><sln:gmNazwa>Kaczory</sln:gmNazwa><sln:miejscIIPId>04240b57-1cca-49bd-8e4b-12e35c3bacb8</sln:miejscIIPId><sln:miejscIIPPn>PL.PZGIK.200</sln:miejscIIPPn><sln:miejscIIPWersja>2017-03-28T16:47:36+02:00</sln:miejscIIPWersja><sln:miejscIdTeryt>0526469</sln:miejscIdTeryt><sln:miejscNazwa>Kaczory</sln:miejscNazwa><sln:miejscRodzaj>Wieś</sln:miejscRodzaj><sln:powIIPId>196c6cd5-4f8d-4e98-a653-e0a36ccac728</sln:powIIPId><sln:powIIPPn>PL.PZGIK.200</sln:powIIPPn><sln:powIIPWersja>2012-09-27T08:59:03+02:00</sln:powIIPWersja><sln:powIdTeryt>3019</sln:powIdTeryt><sln:powNazwa>pilski</sln:powNazwa><sln:waznyOd>2012-08-06T00:00:00+02:00</sln:waznyOd><sln:wojIIPId>c606b01a-76c8-480d-9470-f24ca0d7a613</sln:wojIIPId><sln:wojIIPPn>PL.PZGIK.200</sln:wojIIPPn><sln:wojIIPWersja>2016-05-05T18:20:48+02:00</sln:wojIIPWersja><sln:wojIdTeryt>30</sln:wojIdTeryt><sln:wojNazwa>wielkopolskie</sln:wojNazwa></sln:miejscowosc><sln:miejscowosc><sln:cyklZyciaOd>2017-03-28T00:00:00+02:00</sln:cyklZyciaOd><sln:gmIIPId>4a2aa9d0-5f50-437b-be2a-cba61b681647</sln:gmIIPId><sln:gmIIPPn>PL.PZGIK.200</sln:gmIIPPn><sln:gmIIPWersja>2012-09-26T22:22:52+02:00</sln:gmIIPWersja><sln:gmIdTeryt>3019032</sln:gmIdTeryt><sln:gmNazwa>Kaczory</sln:gmNazwa><sln:miejscIIPId>bbdc8487-0a63-414d-91cc-e963ac7bbb34</sln:miejscIIPId><sln:miejscIIPPn>PL.PZGIK.200</sln:miejscIIPPn><sln:miejscIIPWersja>2017-03-28T16:47:36+02:00</sln:miejscIIPWersja><sln:miejscIdTeryt>0526475</sln:miejscIdTeryt><sln:miejscNazwa>Garncarsko</sln:miejscNazwa><sln:miejscRodzaj>Osada leśna</sln:miejscRodzaj><sln:powIIPId>196c6cd5-4f8d-4e98-a653-e0a36ccac728</sln:powIIPId><sln:powIIPPn>PL.PZGIK.200</sln:powIIPPn><sln:powIIPWersja>2012-09-27T08:59:03+02:00</sln:powIIPWersja><sln:powIdTeryt>3019</sln:powIdTeryt><sln:powNazwa>pilski</sln:powNazwa><sln:waznyOd>2015-04-14T00:00:00+02:00</sln:waznyOd><sln:wojIIPId>c606b01a-76c8-480d-9470-f24ca0d7a613</sln:wojIIPId><sln:wojIIPPn>PL.PZGIK.200</sln:wojIIPPn><sln:wojIIPWersja>2016-05-05T18:20:48+02:00</sln:wojIIPWersja><sln:wojIdTeryt>30</sln:wojIdTeryt><sln:wojNazwa>wielkopolskie</sln:wojNazwa></sln:miejscowosc><sln:miejscowosc><sln:cyklZyciaOd>2017-03-28T00:00:00+02:00</sln:cyklZyciaOd><sln:gmIIPId>4a2aa9d0-5f50-437b-be2a-cba61b681647</sln:gmIIPId><sln:gmIIPPn>PL.PZGIK.200</sln:gmIIPPn><sln:gmIIPWersja>2012-09-26T22:22:52+02:00</sln:gmIIPWersja><sln:gmIdTeryt>3019032</sln:gmIdTeryt><sln:gmNazwa>Kaczory</sln:gmNazwa><sln:miejscIIPId>0b6b5e10-a610-416a-bbfe-4a0a07d778cd</sln:miejscIIPId><sln:miejscIIPPn>PL.PZGIK.200</sln:miejscIIPPn><sln:miejscIIPWersja>2017-03-28T16:47:36+02:00</sln:miejscIIPWersja><sln:miejscIdTeryt>0526481</sln:miejscIdTeryt><sln:miejscNazwa>Żabostowo</sln:miejscNazwa><sln:miejscRodzaj>Osada</sln:miejscRodzaj><sln:powIIPId>196c6cd5-4f8d-4e98-a653-e0a36ccac728</sln:powIIPId><sln:powIIPPn>PL.PZGIK.200</sln:powIIPPn><sln:powIIPWersja>2012-09-27T08:59:03+02:00</sln:powIIPWersja><sln:powIdTeryt>3019</sln:powIdTeryt><sln:powNazwa>pilski</sln:powNazwa><sln:waznyOd>2015-04-14T00:00:00+02:00</sln:waznyOd><sln:wojIIPId>c606b01a-76c8-480d-9470-f24ca0d7a613</sln:wojIIPId><sln:wojIIPPn>PL.PZGIK.200</sln:wojIIPPn><sln:wojIIPWersja>2016-05-05T18:20:48+02:00</sln:wojIIPWersja><sln:wojIdTeryt>30</sln:wojIdTeryt><sln:wojNazwa>wielkopolskie</sln:wojNazwa></sln:miejscowosc><sln:miejscowosc><sln:cyklZyciaDo>2018-03-02T00:00:00+01:00</sln:cyklZyciaDo><sln:cyklZyciaOd>2017-03-28T00:00:00+02:00</sln:cyklZyciaOd><sln:gmIIPId>4a2aa9d0-5f50-437b-be2a-cba61b681647</sln:gmIIPId><sln:gmIIPPn>PL.PZGIK.200</sln:gmIIPPn><sln:gmIIPWersja>2012-09-26T22:22:52+02:00</sln:gmIIPWersja><sln:gmIdTeryt>3019032</sln:gmIdTeryt><sln:gmNazwa>Kaczory</sln:gmNazwa><sln:miejscIIPId>1d5ad178-9502-4063-a3ae-1bf1f6668356</sln:miejscIIPId><sln:miejscIIPPn>PL.PZGIK.200</sln:miejscIIPPn><sln:miejscIIPWersja>2017-03-28T16:47:36+02:00</sln:miejscIIPWersja><sln:miejscIdTeryt>0526498</sln:miejscIdTeryt><sln:miejscNazwa>Krzewina</sln:miejscNazwa><sln:miejscRodzaj>Wieś</sln:miejscRodzaj><sln:powIIPId>196c6cd5-4f8d-4e98-a653-e0a36ccac728</sln:powIIPId><sln:powIIPPn>PL.PZGIK.200</sln:powIIPPn><sln:powIIPWersja>2012-09-27T08:59:03+02:00</sln:powIIPWersja><sln:powIdTeryt>3019</sln:powIdTeryt><sln:powNazwa>pilski</sln:powNazwa><sln:waznyOd>2012-08-06T00:00:00+02:00</sln:waznyOd><sln:wojIIPId>c606b01a-76c8-480d-9470-f24ca0d7a613</sln:wojIIPId><sln:wojIIPPn>PL.PZGIK.200</sln:wojIIPPn><sln:wojIIPWersja>2016-05-05T18:20:48+02:00</sln:wojIIPWersja><sln:wojIdTeryt>30</sln:wojIdTeryt><sln:wojNazwa>wielkopolskie</sln:wojNazwa></sln:miejscowosc><sln:miejscowosc><sln:cyklZyciaDo>2018-03-02T00:00:00+01:00</sln:cyklZyciaDo><sln:cyklZyciaOd>2017-03-28T00:00:00+02:00</sln:cyklZyciaOd><sln:gmIIPId>4a2aa9d0-5f50-437b-be2a-cba61b681647</sln:gmIIPId><sln:gmIIPPn>PL.PZGIK.200</sln:gmIIPPn><sln:gmIIPWersja>2012-09-26T22:22:52+02:00</sln:gmIIPWersja><sln:gmIdTeryt>3019032</sln:gmIdTeryt><sln:gmNazwa>Kaczory</sln:gmNazwa><sln:miejscIIPId>ea23c977-0049-4b64-a742-a907dcdc0e8c</sln:miejscIIPId><sln:miejscIIPPn>PL.PZGIK.200</sln:miejscIIPPn><sln:miejscIIPWersja>2017-03-28T16:47:36+02:00</sln:miejscIIPWersja><sln:miejscIdTeryt>0526506</sln:miejscIdTeryt><sln:miejscNazwa>Morzewo</sln:miejscNazwa><sln:miejscRodzaj>Wieś</sln:miejscRodzaj><sln:powIIPId>196c6cd5-4f8d-4e98-a653-e0a36ccac728</sln:powIIPId><sln:powIIPPn>PL.PZGIK.200</sln:powIIPPn><sln:powIIPWersja>2012-09-27T08:59:03+02:00</sln:powIIPWersja><sln:powIdTeryt>3019</sln:powIdTeryt><sln:powNazwa>pilski</sln:powNazwa><sln:waznyOd>2012-08-06T00:00:00+02:00</sln:waznyOd><sln:wojIIPId>c606b01a-76c8-480d-9470-f24ca0d7a613</sln:wojIIPId><sln:wojIIPPn>PL.PZGIK.200</sln:wojIIPPn><sln:wojIIPWersja>2016-05-05T18:20:48+02:00</sln:wojIIPWersja><sln:wojIdTeryt>30</sln:wojIdTeryt><sln:wojNazwa>wielkopolskie</sln:wojNazwa></sln:miejscowosc><sln:miejscowosc><sln:cyklZyciaOd>2017-03-28T00:00:00+02:00</sln:cyklZyciaOd><sln:gmIIPId>4a2aa9d0-5f50-437b-be2a-cba61b681647</sln:gmIIPId><sln:gmIIPPn>PL.PZGIK.200</sln:gmIIPPn><sln:gmIIPWersja>2012-09-26T22:22:52+02:00</sln:gmIIPWersja><sln:gmIdTeryt>3019032</sln:gmIdTeryt><sln:gmNazwa>Kaczory</sln:gmNazwa><sln:miejscIIPId>73e8cf5b-e067-4ad5-a8fe-7a15b778e67b</sln:miejscIIPId><sln:miejscIIPPn>PL.PZGIK.200</sln:miejscIIPPn><sln:miejscIIPWersja>2017-03-28T16:47:36+02:00</sln:miejscIIPWersja><sln:miejscIdTeryt>0526512</sln:miejscIdTeryt><sln:miejscNazwa>Prawomyśl</sln:miejscNazwa><sln:miejscRodzaj>Wieś</sln:miejscRodzaj><sln:powIIPId>196c6cd5-4f8d-4e98-a653-e0a36ccac728</sln:powIIPId><sln:powIIPPn>PL.PZGIK.200</sln:powIIPPn><sln:powIIPWersja>2012-09-27T08:59:03+02:00</sln:powIIPWersja><sln:powIdTeryt>3019</sln:powIdTeryt><sln:powNazwa>pilski</sln:powNazwa><sln:waznyOd>2012-08-06T00:00:00+02:00</sln:waznyOd><sln:wojIIPId>c606b01a-76c8-480d-9470-f24ca0d7a613</sln:wojIIPId><sln:wojIIPPn>PL.PZGIK.200</sln:wojIIPPn><sln:wojIIPWersja>2016-05-05T18:20:48+02:00</sln:wojIIPWersja><sln:wojIdTeryt>30</sln:wojIdTeryt><sln:wojNazwa>wielkopolskie</sln:wojNazwa></sln:miejscowosc><sln:miejscowosc><sln:cyklZyciaOd>2017-03-28T00:00:00+02:00</sln:cyklZyciaOd><sln:gmIIPId>4a2aa9d0-5f50-437b-be2a-cba61b681647</sln:gmIIPId><sln:gmIIPPn>PL.PZGIK.200</sln:gmIIPPn><sln:gmIIPWersja>2012-09-26T22:22:52+02:00</sln:gmIIPWersja><sln:gmIdTeryt>3019032</sln:gmIdTeryt><sln:gmNazwa>Kaczory</sln:gmNazwa><sln:miejscIIPId>4e6192fd-a7ae-40ab-9b0a-7edd1ef72240</sln:miejscIIPId><sln:miejscIIPPn>PL.PZGIK.200</sln:miejscIIPPn><sln:miejscIIPWersja>2017-03-28T16:47:36+02:00</sln:miejscIIPWersja><sln:miejscIdTeryt>0526529</sln:miejscIdTeryt><sln:miejscNazwa>Byszewice</sln:miejscNazwa><sln:miejscRodzaj>Wieś</sln:miejscRodzaj><sln:powIIPId>196c6cd5-4f8d-4e98-a653-e0a36ccac728</sln:powIIPId><sln:powIIPPn>PL.PZGIK.200</sln:powIIPPn><sln:powIIPWersja>2012-09-27T08:59:03+02:00</sln:powIIPWersja><sln:powIdTeryt>3019</sln:powIdTeryt><sln:powNazwa>pilski</sln:powNazwa><sln:waznyOd>2012-08-10T00:00:00+02:00</sln:waznyOd><sln:wojIIPId>c606b01a-76c8-480d-9470-f24ca0d7a613</sln:wojIIPId><sln:wojIIPPn>PL.PZGIK.200</sln:wojIIPPn><sln:wojIIPWersja>2016-05-05T18:20:48+02:00</sln:wojIIPWersja><sln:wojIdTeryt>30</sln:wojIdTeryt><sln:wojNazwa>wielkopolskie</sln:wojNazwa></sln:miejscowosc><sln:miejscowosc><sln:cyklZyciaDo>2018-03-02T00:00:00+01:00</sln:cyklZyciaDo><sln:cyklZyciaOd>2017-03-28T00:00:00+02:00</sln:cyklZyciaOd><sln:gmIIPId>4a2aa9d0-5f50-437b-be2a-cba61b681647</sln:gmIIPId><sln:gmIIPPn>PL.PZGIK.200</sln:gmIIPPn><sln:gmIIPWersja>2012-09-26T22:22:52+02:00</sln:gmIIPWersja><sln:gmIdTeryt>3019032</sln:gmIdTeryt><sln:gmNazwa>Kaczory</sln:gmNazwa><sln:miejscIIPId>bc9372b2-3990-4c50-a643-4da5c5c4032e</sln:miejscIIPId><sln:miejscIIPPn>PL.PZGIK.200</sln:miejscIIPPn><sln:miejscIIPWersja>2017-03-28T16:47:36+02:00</sln:miejscIIPWersja><sln:miejscIdTeryt>0526535</sln:miejscIdTeryt><sln:miejscNazwa>Równopole</sln:miejscNazwa><sln:miejscRodzaj>Wieś</sln:miejscRodzaj><sln:powIIPId>196c6cd5-4f8d-4e98-a653-e0a36ccac728</sln:powIIPId><sln:powIIPPn>PL.PZGIK.200</sln:powIIPPn><sln:powIIPWersja>2012-09-27T08:59:03+02:00</sln:powIIPWersja><sln:powIdTeryt>3019</sln:powIdTeryt><sln:powNazwa>pilski</sln:powNazwa><sln:waznyOd>2012-08-06T00:00:00+02:00</sln:waznyOd><sln:wojIIPId>c606b01a-76c8-480d-9470-f24ca0d7a613</sln:wojIIPId><sln:wojIIPPn>PL.PZGIK.200</sln:wojIIPPn><sln:wojIIPWersja>2016-05-05T18:20:48+02:00</sln:wojIIPWersja><sln:wojIdTeryt>30</sln:wojIdTeryt><sln:wojNazwa>wielkopolskie</sln:wojNazwa></sln:miejscowosc><sln:miejscowosc><sln:cyklZyciaDo>2018-03-02T00:00:00+01:00</sln:cyklZyciaDo><sln:cyklZyciaOd>2017-03-28T00:00:00+02:00</sln:cyklZyciaOd><sln:gmIIPId>4a2aa9d0-5f50-437b-be2a-cba61b681647</sln:gmIIPId><sln:gmIIPPn>PL.PZGIK.200</sln:gmIIPPn><sln:gmIIPWersja>2012-09-26T22:22:52+02:00</sln:gmIIPWersja><sln:gmIdTeryt>3019032</sln:gmIdTeryt><sln:gmNazwa>Kaczory</sln:gmNazwa><sln:miejscIIPId>b36ecdbc-d42a-4605-a8d2-1865429f7a3c</sln:miejscIIPId><sln:miejscIIPPn>PL.PZGIK.200</sln:miejscIIPPn><sln:miejscIIPWersja>2017-03-28T16:47:36+02:00</sln:miejscIIPWersja><sln:miejscIdTeryt>0526541</sln:miejscIdTeryt><sln:miejscNazwa>Rzadkowo</sln:miejscNazwa><sln:miejscRodzaj>Wieś</sln:miejscRodzaj><sln:powIIPId>196c6cd5-4f8d-4e98-a653-e0a36ccac728</sln:powIIPId><sln:powIIPPn>PL.PZGIK.200</sln:powIIPPn><sln:powIIPWersja>2012-09-27T08:59:03+02:00</sln:powIIPWersja><sln:powIdTeryt>3019</sln:powIdTeryt><sln:powNazwa>pilski</sln:powNazwa><sln:waznyOd>2012-08-06T00:00:00+02:00</sln:waznyOd><sln:wojIIPId>c606b01a-76c8-480d-9470-f24ca0d7a613</sln:wojIIPId><sln:wojIIPPn>PL.PZGIK.200</sln:wojIIPPn><sln:wojIIPWersja>2016-05-05T18:20:48+02:00</sln:wojIIPWersja><sln:wojIdTeryt>30</sln:wojIdTeryt><sln:wojNazwa>wielkopolskie</sln:wojNazwa></sln:miejscowosc><sln:miejscowosc><sln:cyklZyciaOd>2017-03-28T00:00:00+02:00</sln:cyklZyciaOd><sln:gmIIPId>4a2aa9d0-5f50-437b-be2a-cba61b681647</sln:gmIIPId><sln:gmIIPPn>PL.PZGIK.200</sln:gmIIPPn><sln:gmIIPWersja>2012-09-26T22:22:52+02:00</sln:gmIIPWersja><sln:gmIdTeryt>3019032</sln:gmIdTeryt><sln:gmNazwa>Kaczory</sln:gmNazwa><sln:miejscIIPId>540ee260-9a9b-4639-98d1-30792031bac0</sln:miejscIIPId><sln:miejscIIPPn>PL.PZGIK.200</sln:miejscIIPPn><sln:miejscIIPWersja>2017-03-28T16:47:37+02:00</sln:miejscIIPWersja><sln:miejscIdTeryt>0526558</sln:miejscIdTeryt><sln:miejscNazwa>Śmiłowo</sln:miejscNazwa><sln:miejscRodzaj>Wieś</sln:miejscRodzaj><sln:powIIPId>196c6cd5-4f8d-4e98-a653-e0a36ccac728</sln:powIIPId><sln:powIIPPn>PL.PZGIK.200</sln:powIIPPn><sln:powIIPWersja>2012-09-27T08:59:03+02:00</sln:powIIPWersja><sln:powIdTeryt>3019</sln:powIdTeryt><sln:powNazwa>pilski</sln:powNazwa><sln:waznyOd>2012-08-06T00:00:00+02:00</sln:waznyOd><sln:wojIIPId>c606b01a-76c8-480d-9470-f24ca0d7a613</sln:wojIIPId><sln:wojIIPPn>PL.PZGIK.200</sln:wojIIPPn><sln:wojIIPWersja>2016-05-05T18:20:48+02:00</sln:wojIIPWersja><sln:wojIdTeryt>30</sln:wojIdTeryt><sln:wojNazwa>wielkopolskie</sln:wojNazwa></sln:miejscowosc><sln:miejscowosc><sln:cyklZyciaOd>2017-03-28T00:00:00+02:00</sln:cyklZyciaOd><sln:gmIIPId>4a2aa9d0-5f50-437b-be2a-cba61b681647</sln:gmIIPId><sln:gmIIPPn>PL.PZGIK.200</sln:gmIIPPn><sln:gmIIPWersja>2012-09-26T22:22:52+02:00</sln:gmIIPWersja><sln:gmIdTeryt>3019032</sln:gmIdTeryt><sln:gmNazwa>Kaczory</sln:gmNazwa><sln:miejscIIPId>5fd6c6c3-1b60-4b0d-bb3e-803d521178ba</sln:miejscIIPId><sln:miejscIIPPn>PL.PZGIK.200</sln:miejscIIPPn><sln:miejscIIPWersja>2017-03-28T16:47:37+02:00</sln:miejscIIPWersja><sln:miejscIdTeryt>0526564</sln:miejscIdTeryt><sln:miejscNazwa>Jachna</sln:miejscNazwa><sln:miejscRodzaj>Inny obiekt</sln:miejscRodzaj><sln:powIIPId>196c6cd5-4f8d-4e98-a653-e0a36ccac728</sln:powIIPId><sln:powIIPPn>PL.PZGIK.200</sln:powIIPPn><sln:powIIPWersja>2012-09-27T08:59:03+02:00</sln:powIIPWersja><sln:powIdTeryt>3019</sln:powIdTeryt><sln:powNazwa>pilski</sln:powNazwa><sln:waznyOd>2015-04-14T00:00:00+02:00</sln:waznyOd><sln:wojIIPId>c606b01a-76c8-480d-9470-f24ca0d7a613</sln:wojIIPId><sln:wojIIPPn>PL.PZGIK.200</sln:wojIIPPn><sln:wojIIPWersja>2016-05-05T18:20:48+02:00</sln:wojIIPWersja><sln:wojIdTeryt>30</sln:wojIdTeryt><sln:wojNazwa>wielkopolskie</sln:wojNazwa></sln:miejscowosc><sln:miejscowosc><sln:cyklZyciaOd>2017-03-28T00:00:00+02:00</sln:cyklZyciaOd><sln:gmIIPId>4a2aa9d0-5f50-437b-be2a-cba61b681647</sln:gmIIPId><sln:gmIIPPn>PL.PZGIK.200</sln:gmIIPPn><sln:gmIIPWersja>2012-09-26T22:22:52+02:00</sln:gmIIPWersja><sln:gmIdTeryt>3019032</sln:gmIdTeryt><sln:gmNazwa>Kaczory</sln:gmNazwa><sln:miejscIIPId>42882210-d999-4313-837a-147be257572f</sln:miejscIIPId><sln:miejscIIPPn>PL.PZGIK.200</sln:miejscIIPPn><sln:miejscIIPWersja>2017-03-28T16:47:37+02:00</sln:miejscIIPWersja><sln:miejscIdTeryt>0526593</sln:miejscIdTeryt><sln:miejscNazwa>Zelgniewo</sln:miejscNazwa><sln:miejscRodzaj>Wieś</sln:miejscRodzaj><sln:powIIPId>196c6cd5-4f8d-4e98-a653-e0a36ccac728</sln:powIIPId><sln:powIIPPn>PL.PZGIK.200</sln:powIIPPn><sln:powIIPWersja>2012-09-27T08:59:03+02:00</sln:powIIPWersja><sln:powIdTeryt>3019</sln:powIdTeryt><sln:powNazwa>pilski</sln:powNazwa><sln:waznyOd>2012-08-06T00:00:00+02:00</sln:waznyOd><sln:wojIIPId>c606b01a-76c8-480d-9470-f24ca0d7a613</sln:wojIIPId><sln:wojIIPPn>PL.PZGIK.200</sln:wojIIPPn><sln:wojIIPWersja>2016-05-05T18:20:48+02:00</sln:wojIIPWersja><sln:wojIdTeryt>30</sln:wojIdTeryt><sln:wojNazwa>wielkopolskie</sln:wojNazwa></sln:miejscowosc><sln:miejscowosc><sln:cyklZyciaOd>2018-03-02T00:00:00+01:00</sln:cyklZyciaOd><sln:gmIIPId>4a2aa9d0-5f50-437b-be2a-cba61b681647</sln:gmIIPId><sln:gmIIPPn>PL.PZGIK.200</sln:gmIIPPn><sln:gmIIPWersja>2012-09-26T22:22:52+02:00</sln:gmIIPWersja><sln:gmIdTeryt>3019032</sln:gmIdTeryt><sln:gmNazwa>Kaczory</sln:gmNazwa><sln:miejscIIPId>ad278eda-acb4-48f4-9213-60fed73f1009</sln:miejscIIPId><sln:miejscIIPPn>PL.PZGIK.200</sln:miejscIIPPn><sln:miejscIIPWersja>2018-03-02T14:43:27+02:00</sln:miejscIIPWersja><sln:miejscIdTeryt>0526423</sln:miejscIdTeryt><sln:miejscNazwa>Dziembowo</sln:miejscNazwa><sln:miejscRodzaj>Wieś</sln:miejscRodzaj><sln:powIIPId>196c6cd5-4f8d-4e98-a653-e0a36ccac728</sln:powIIPId><sln:powIIPPn>PL.PZGIK.200</sln:powIIPPn><sln:powIIPWersja>2012-09-27T08:59:03+02:00</sln:powIIPWersja><sln:powIdTeryt>3019</sln:powIdTeryt><sln:powNazwa>pilski</sln:powNazwa><sln:waznyOd>2017-12-08T00:00:00+01:00</sln:waznyOd><sln:wojIIPId>c606b01a-76c8-480d-9470-f24ca0d7a613</sln:wojIIPId><sln:wojIIPPn>PL.PZGIK.200</sln:wojIIPPn><sln:wojIIPWersja>2016-05-05T18:20:48+02:00</sln:wojIIPWersja><sln:wojIdTeryt>30</sln:wojIdTeryt><sln:wojNazwa>wielkopolskie</sln:wojNazwa></sln:miejscowosc><sln:miejscowosc><sln:cyklZyciaOd>2018-03-02T00:00:00+01:00</sln:cyklZyciaOd><sln:gmIIPId>4a2aa9d0-5f50-437b-be2a-cba61b681647</sln:gmIIPId><sln:gmIIPPn>PL.PZGIK.200</sln:gmIIPPn><sln:gmIIPWersja>2012-09-26T22:22:52+02:00</sln:gmIIPWersja><sln:gmIdTeryt>3019032</sln:gmIdTeryt><sln:gmNazwa>Kaczory</sln:gmNazwa><sln:miejscIIPId>04240b57-1cca-49bd-8e4b-12e35c3bacb8</sln:miejscIIPId><sln:miejscIIPPn>PL.PZGIK.200</sln:miejscIIPPn><sln:miejscIIPWersja>2018-03-02T14:43:27+02:00</sln:miejscIIPWersja><sln:miejscIdTeryt>0526469</sln:miejscIdTeryt><sln:miejscNazwa>Kaczory</sln:miejscNazwa><sln:miejscRodzaj>Wieś</sln:miejscRodzaj><sln:powIIPId>196c6cd5-4f8d-4e98-a653-e0a36ccac728</sln:powIIPId><sln:powIIPPn>PL.PZGIK.200</sln:powIIPPn><sln:powIIPWersja>2012-09-27T08:59:03+02:00</sln:powIIPWersja><sln:powIdTeryt>3019</sln:powIdTeryt><sln:powNazwa>pilski</sln:powNazwa><sln:waznyOd>2017-12-08T00:00:00+01:00</sln:waznyOd><sln:wojIIPId>c606b01a-76c8-480d-9470-f24ca0d7a613</sln:wojIIPId><sln:wojIIPPn>PL.PZGIK.200</sln:wojIIPPn><sln:wojIIPWersja>2016-05-05T18:20:48+02:00</sln:wojIIPWersja><sln:wojIdTeryt>30</sln:wojIdTeryt><sln:wojNazwa>wielkopolskie</sln:wojNazwa></sln:miejscowosc><sln:miejscowosc><sln:cyklZyciaOd>2018-03-02T00:00:00+01:00</sln:cyklZyciaOd><sln:gmIIPId>4a2aa9d0-5f50-437b-be2a-cba61b681647</sln:gmIIPId><sln:gmIIPPn>PL.PZGIK.200</sln:gmIIPPn><sln:gmIIPWersja>2012-09-26T22:22:52+02:00</sln:gmIIPWersja><sln:gmIdTeryt>3019032</sln:gmIdTeryt><sln:gmNazwa>Kaczory</sln:gmNazwa><sln:miejscIIPId>1d5ad178-9502-4063-a3ae-1bf1f6668356</sln:miejscIIPId><sln:miejscIIPPn>PL.PZGIK.200</sln:miejscIIPPn><sln:miejscIIPWersja>2018-03-02T14:43:27+02:00</sln:miejscIIPWersja><sln:miejscIdTeryt>0526498</sln:miejscIdTeryt><sln:miejscNazwa>Krzewina</sln:miejscNazwa><sln:miejscRodzaj>Wieś</sln:miejscRodzaj><sln:powIIPId>196c6cd5-4f8d-4e98-a653-e0a36ccac728</sln:powIIPId><sln:powIIPPn>PL.PZGIK.200</sln:powIIPPn><sln:powIIPWersja>2012-09-27T08:59:03+02:00</sln:powIIPWersja><sln:powIdTeryt>3019</sln:powIdTeryt><sln:powNazwa>pilski</sln:powNazwa><sln:waznyOd>2017-12-08T00:00:00+01:00</sln:waznyOd><sln:wojIIPId>c606b01a-76c8-480d-9470-f24ca0d7a613</sln:wojIIPId><sln:wojIIPPn>PL.PZGIK.200</sln:wojIIPPn><sln:wojIIPWersja>2016-05-05T18:20:48+02:00</sln:wojIIPWersja><sln:wojIdTeryt>30</sln:wojIdTeryt><sln:wojNazwa>wielkopolskie</sln:wojNazwa></sln:miejscowosc><sln:miejscowosc><sln:cyklZyciaOd>2018-03-02T00:00:00+01:00</sln:cyklZyciaOd><sln:gmIIPId>4a2aa9d0-5f50-437b-be2a-cba61b681647</sln:gmIIPId><sln:gmIIPPn>PL.PZGIK.200</sln:gmIIPPn><sln:gmIIPWersja>2012-09-26T22:22:52+02:00</sln:gmIIPWersja><sln:gmIdTeryt>3019032</sln:gmIdTeryt><sln:gmNazwa>Kaczory</sln:gmNazwa><sln:miejscIIPId>ea23c977-0049-4b64-a742-a907dcdc0e8c</sln:miejscIIPId><sln:miejscIIPPn>PL.PZGIK.200</sln:miejscIIPPn><sln:miejscIIPWersja>2018-03-02T14:43:27+02:00</sln:miejscIIPWersja><sln:miejscIdTeryt>0526506</sln:miejscIdTeryt><sln:miejscNazwa>Morzewo</sln:miejscNazwa><sln:miejscRodzaj>Wieś</sln:miejscRodzaj><sln:powIIPId>196c6cd5-4f8d-4e98-a653-e0a36ccac728</sln:powIIPId><sln:powIIPPn>PL.PZGIK.200</sln:powIIPPn><sln:powIIPWersja>2012-09-27T08:59:03+02:00</sln:powIIPWersja><sln:powIdTeryt>3019</sln:powIdTeryt><sln:powNazwa>pilski</sln:powNazwa><sln:waznyOd>2017-12-08T00:00:00+01:00</sln:waznyOd><sln:wojIIPId>c606b01a-76c8-480d-9470-f24ca0d7a613</sln:wojIIPId><sln:wojIIPPn>PL.PZGIK.200</sln:wojIIPPn><sln:wojIIPWersja>2016-05-05T18:20:48+02:00</sln:wojIIPWersja><sln:wojIdTeryt>30</sln:wojIdTeryt><sln:wojNazwa>wielkopolskie</sln:wojNazwa></sln:miejscowosc><sln:miejscowosc><sln:cyklZyciaOd>2018-03-02T00:00:00+01:00</sln:cyklZyciaOd><sln:gmIIPId>4a2aa9d0-5f50-437b-be2a-cba61b681647</sln:gmIIPId><sln:gmIIPPn>PL.PZGIK.200</sln:gmIIPPn><sln:gmIIPWersja>2012-09-26T22:22:52+02:00</sln:gmIIPWersja><sln:gmIdTeryt>3019032</sln:gmIdTeryt><sln:gmNazwa>Kaczory</sln:gmNazwa><sln:miejscIIPId>bc9372b2-3990-4c50-a643-4da5c5c4032e</sln:miejscIIPId><sln:miejscIIPPn>PL.PZGIK.200</sln:miejscIIPPn><sln:miejscIIPWersja>2018-03-02T14:43:27+02:00</sln:miejscIIPWersja><sln:miejscIdTeryt>0526535</sln:miejscIdTeryt><sln:miejscNazwa>Równopole</sln:miejscNazwa><sln:miejscRodzaj>Wieś</sln:miejscRodzaj><sln:powIIPId>196c6cd5-4f8d-4e98-a653-e0a36ccac728</sln:powIIPId><sln:powIIPPn>PL.PZGIK.200</sln:powIIPPn><sln:powIIPWersja>2012-09-27T08:59:03+02:00</sln:powIIPWersja><sln:powIdTeryt>3019</sln:powIdTeryt><sln:powNazwa>pilski</sln:powNazwa><sln:waznyOd>2017-12-08T00:00:00+01:00</sln:waznyOd><sln:wojIIPId>c606b01a-76c8-480d-9470-f24ca0d7a613</sln:wojIIPId><sln:wojIIPPn>PL.PZGIK.200</sln:wojIIPPn><sln:wojIIPWersja>2016-05-05T18:20:48+02:00</sln:wojIIPWersja><sln:wojIdTeryt>30</sln:wojIdTeryt><sln:wojNazwa>wielkopolskie</sln:wojNazwa></sln:miejscowosc><sln:miejscowosc><sln:cyklZyciaOd>2018-03-02T00:00:00+01:00</sln:cyklZyciaOd><sln:gmIIPId>4a2aa9d0-5f50-437b-be2a-cba61b681647</sln:gmIIPId><sln:gmIIPPn>PL.PZGIK.200</sln:gmIIPPn><sln:gmIIPWersja>2012-09-26T22:22:52+02:00</sln:gmIIPWersja><sln:gmIdTeryt>3019032</sln:gmIdTeryt><sln:gmNazwa>Kaczory</sln:gmNazwa><sln:miejscIIPId>b36ecdbc-d42a-4605-a8d2-1865429f7a3c</sln:miejscIIPId><sln:miejscIIPPn>PL.PZGIK.200</sln:miejscIIPPn><sln:miejscIIPWersja>2018-03-02T14:43:27+02:00</sln:miejscIIPWersja><sln:miejscIdTeryt>0526541</sln:miejscIdTeryt><sln:miejscNazwa>Rzadkowo</sln:miejscNazwa><sln:miejscRodzaj>Wieś</sln:miejscRodzaj><sln:powIIPId>196c6cd5-4f8d-4e98-a653-e0a36ccac728</sln:powIIPId><sln:powIIPPn>PL.PZGIK.200</sln:powIIPPn><sln:powIIPWersja>2012-09-27T08:59:03+02:00</sln:powIIPWersja><sln:powIdTeryt>3019</sln:powIdTeryt><sln:powNazwa>pilski</sln:powNazwa><sln:waznyOd>2017-12-08T00:00:00+01:00</sln:waznyOd><sln:wojIIPId>c606b01a-76c8-480d-9470-f24ca0d7a613</sln:wojIIPId><sln:wojIIPPn>PL.PZGIK.200</sln:wojIIPPn><sln:wojIIPWersja>2016-05-05T18:20:48+02:00</sln:wojIIPWersja><sln:wojIdTeryt>30</sln:wojIdTeryt><sln:wojNazwa>wielkopolskie</sln:wojNazwa></sln:miejscowosc></sln:lista-miejscowosci>