<?xml version="1.0" encoding="UTF-8" standalone="yes"?><sln:lista-miejscowosci xmlns:srv="http://gugik.gov.pl/schemas/slowniki-service/1.0" xmlns:sln="http://gugik.gov.pl/schemas/slowniki-schema/1.0"><sln:miejscowosc><sln:cyklZyciaDo>2017-04-12T00:00:00+02:00</sln:cyklZyciaDo><sln:cyklZyciaOd>2016-04-12T00:00:00+02:00</sln:cyklZyciaOd><sln:gmIIPId>f6277400-c5d8-4c00-8456-a7189a45d33e</sln:gmIIPId><sln:gmIIPPn>PL.PZGIK.200</sln:gmIIPPn><sln:gmIIPWersja>2012-09-26T22:22:30+02:00</sln:gmIIPWersja><sln:gmIdTeryt>3013062</sln:gmIdTeryt><sln:gmNazwa>Wijewo</sln:gmNazwa><sln:miejscIIPId>ce5c84db-0ba9-4335-aaae-b083534fecd5</sln:miejscIIPId><sln:miejscIIPPn>PL.PZGIK.200</sln:miejscIIPPn><sln:miejscIIPWersja>2016-11-24T10:12:06+02:00</sln:miejscIIPWersja><sln:miejscIdTeryt>0377503</sln:miejscIdTeryt><sln:miejscNazwa>Brenno</sln:miejscNazwa><sln:miejscRodzaj>Wieś</sln:miejscRodzaj><sln:powIIPId>742efa61-e70d-4f3c-8114-ac3bf33d6d19</sln:powIIPId><sln:powIIPPn>PL.PZGIK.200</sln:powIIPPn><sln:powIIPWersja>2012-09-27T08:59:03+02:00</sln:powIIPWersja><sln:powIdTeryt>3013</sln:powIdTeryt><sln:powNazwa>leszczyński</sln:powNazwa><sln:waznyOd>2016-02-16T00:00:00+01:00</sln:waznyOd><sln:wojIIPId>c606b01a-76c8-480d-9470-f24ca0d7a613</sln:wojIIPId><sln:wojIIPPn>PL.PZGIK.200</sln:wojIIPPn><sln:wojIIPWersja>2016-05-05T18:20:48+02:00</sln:wojIIPWersja><sln:wojIdTeryt>30</sln:wojIdTeryt><sln:wojNazwa>wielkopolskie</sln:wojNazwa></sln:miejscowosc><sln:miejscowosc><sln:cyklZyciaDo>2017-04-12T00:00:00+02:00</sln:cyklZyciaDo><sln:cyklZyciaOd>2016-04-12T00:00:00+02:00</sln:cyklZyciaOd><sln:gmIIPId>f6277400-c5d8-4c00-8456-a7189a45d33e</sln:gmIIPId><sln:gmIIPPn>PL.PZGIK.200</sln:gmIIPPn><sln:gmIIPWersja>2012-09-26T22:22:30+02:00</sln:gmIIPWersja><sln:gmIdTeryt>3013062</sln:gmIdTeryt><sln:gmNazwa>Wijewo</sln:gmNazwa><sln:miejscIIPId>26ab7149-7662-4277-aeb3-76cbf8dfc56b</sln:miejscIIPId><sln:miejscIIPPn>PL.PZGIK.200</sln:miejscIIPPn><sln:miejscIIPWersja>2016-11-24T10:12:06+02:00</sln:miejscIIPWersja><sln:miejscIdTeryt>0377510</sln:miejscIdTeryt><sln:miejscNazwa>Miastko</sln:miejscNazwa><sln:miejscRodzaj>Wieś</sln:miejscRodzaj><sln:powIIPId>742efa61-e70d-4f3c-8114-ac3bf33d6d19</sln:powIIPId><sln:powIIPPn>PL.PZGIK.200</sln:powIIPPn><sln:powIIPWersja>2012-09-27T08:59:03+02:00</sln:powIIPWersja><sln:powIdTeryt>3013</sln:powIdTeryt><sln:powNazwa>leszczyński</sln:powNazwa><sln:waznyOd>2016-02-16T00:00:00+01:00</sln:waznyOd><sln:wojIIPId>c606b01a-76c8-480d-9470-f24ca0d7a613</sln:wojIIPId><sln:wojIIPPn>PL.PZGIK.200</sln:wojIIPPn><sln:wojIIPWersja>2016-05-05T18:20:48+02:00</sln:wojIIPWersja><sln:wojIdTeryt>30</sln:wojIdTeryt><sln:wojNazwa>wielkopolskie</sln:wojNazwa></sln:miejscowosc><sln:miejscowosc><sln:cyklZyciaDo>2017-04-12T00:00:00+02:00</sln:cyklZyciaDo><sln:cyklZyciaOd>2016-04-12T00:00:00+02:00</sln:cyklZyciaOd><sln:gmIIPId>f6277400-c5d8-4c00-8456-a7189a45d33e</sln:gmIIPId><sln:gmIIPPn>PL.PZGIK.200</sln:gmIIPPn><sln:gmIIPWersja>2012-09-26T22:22:30+02:00</sln:gmIIPWersja><sln:gmIdTeryt>3013062</sln:gmIdTeryt><sln:gmNazwa>Wijewo</sln:gmNazwa><sln:miejscIIPId>7eda0490-c7fa-432a-b03d-c888302b1a7b</sln:miejscIIPId><sln:miejscIIPPn>PL.PZGIK.200</sln:miejscIIPPn><sln:miejscIIPWersja>2016-11-24T10:12:06+02:00</sln:miejscIIPWersja><sln:miejscIdTeryt>0377526</sln:miejscIdTeryt><sln:miejscNazwa>Potrzebowo</sln:miejscNazwa><sln:miejscRodzaj>Wieś</sln:miejscRodzaj><sln:powIIPId>742efa61-e70d-4f3c-8114-ac3bf33d6d19</sln:powIIPId><sln:powIIPPn>PL.PZGIK.200</sln:powIIPPn><sln:powIIPWersja>2012-09-27T08:59:03+02:00</sln:powIIPWersja><sln:powIdTeryt>3013</sln:powIdTeryt><sln:powNazwa>leszczyński</sln:powNazwa><sln:waznyOd>2016-02-16T00:00:00+01:00</sln:waznyOd><sln:wojIIPId>c606b01a-76c8-480d-9470-f24ca0d7a613</sln:wojIIPId><sln:wojIIPPn>PL.PZGIK.200</sln:wojIIPPn><sln:wojIIPWersja>2016-05-05T18:20:48+02:00</sln:wojIIPWersja><sln:wojIdTeryt>30</sln:wojIdTeryt><sln:wojNazwa>wielkopolskie</sln:wojNazwa></sln:miejscowosc><sln:miejscowosc><sln:cyklZyciaDo>2017-04-12T00:00:00+02:00</sln:cyklZyciaDo><sln:cyklZyciaOd>2016-04-12T00:00:00+02:00</sln:cyklZyciaOd><sln:gmIIPId>f6277400-c5d8-4c00-8456-a7189a45d33e</sln:gmIIPId><sln:gmIIPPn>PL.PZGIK.200</sln:gmIIPPn><sln:gmIIPWersja>2012-09-26T22:22:30+02:00</sln:gmIIPWersja><sln:gmIdTeryt>3013062</sln:gmIdTeryt><sln:gmNazwa>Wijewo</sln:gmNazwa><sln:miejscIIPId>92207bc3-b18b-4a63-ba4f-570441a9158d</sln:miejscIIPId><sln:miejscIIPPn>PL.PZGIK.200</sln:miejscIIPPn><sln:miejscIIPWersja>2016-11-24T10:12:06+02:00</sln:miejscIIPWersja><sln:miejscIdTeryt>0377532</sln:miejscIdTeryt><sln:miejscNazwa>Przylesie</sln:miejscNazwa><sln:miejscRodzaj>Wieś</sln:miejscRodzaj><sln:powIIPId>742efa61-e70d-4f3c-8114-ac3bf33d6d19</sln:powIIPId><sln:powIIPPn>PL.PZGIK.200</sln:powIIPPn><sln:powIIPWersja>2012-09-27T08:59:03+02:00</sln:powIIPWersja><sln:powIdTeryt>3013</sln:powIdTeryt><sln:powNazwa>leszczyński</sln:powNazwa><sln:waznyOd>2016-02-25T00:00:00+01:00</sln:waznyOd><sln:wojIIPId>c606b01a-76c8-480d-9470-f24ca0d7a613</sln:wojIIPId><sln:wojIIPPn>PL.PZGIK.200</sln:wojIIPPn><sln:wojIIPWersja>2016-05-05T18:20:48+02:00</sln:wojIIPWersja><sln:wojIdTeryt>30</sln:wojIdTeryt><sln:wojNazwa>wielkopolskie</sln:wojNazwa></sln:miejscowosc><sln:miejscowosc><sln:cyklZyciaDo>2017-04-12T00:00:00+02:00</sln:cyklZyciaDo><sln:cyklZyciaOd>2016-04-12T00:00:00+02:00</sln:cyklZyciaOd><sln:gmIIPId>f6277400-c5d8-4c00-8456-a7189a45d33e</sln:gmIIPId><sln:gmIIPPn>PL.PZGIK.200</sln:gmIIPPn><sln:gmIIPWersja>2012-09-26T22:22:30+02:00</sln:gmIIPWersja><sln:gmIdTeryt>3013062</sln:gmIdTeryt><sln:gmNazwa>Wijewo</sln:gmNazwa><sln:miejscIIPId>0804061c-060e-4b80-acec-87c3016f369e</sln:miejscIIPId><sln:miejscIIPPn>PL.PZGIK.200</sln:miejscIIPPn><sln:miejscIIPWersja>2016-11-24T10:12:06+02:00</sln:miejscIIPWersja><sln:miejscIdTeryt>0377555</sln:miejscIdTeryt><sln:miejscNazwa>Radomyśl</sln:miejscNazwa><sln:miejscRodzaj>Wieś</sln:miejscRodzaj><sln:powIIPId>742efa61-e70d-4f3c-8114-ac3bf33d6d19</sln:powIIPId><sln:powIIPPn>PL.PZGIK.200</sln:powIIPPn><sln:powIIPWersja>2012-09-27T08:59:03+02:00</sln:powIIPWersja><sln:powIdTeryt>3013</sln:powIdTeryt><sln:powNazwa>leszczyński</sln:powNazwa><sln:waznyOd>2016-02-16T00:00:00+01:00</sln:waznyOd><sln:wojIIPId>c606b01a-76c8-480d-9470-f24ca0d7a613</sln:wojIIPId><sln:wojIIPPn>PL.PZGIK.200</sln:wojIIPPn><sln:wojIIPWersja>2016-05-05T18:20:48+02:00</sln:wojIIPWersja><sln:wojIdTeryt>30</sln:wojIdTeryt><sln:wojNazwa>wielkopolskie</sln:wojNazwa></sln:miejscowosc><sln:miejscowosc><sln:cyklZyciaDo>2017-04-12T00:00:00+02:00</sln:cyklZyciaDo><sln:cyklZyciaOd>2016-04-12T00:00:00+02:00</sln:cyklZyciaOd><sln:gmIIPId>f6277400-c5d8-4c00-8456-a7189a45d33e</sln:gmIIPId><sln:gmIIPPn>PL.PZGIK.200</sln:gmIIPPn><sln:gmIIPWersja>2012-09-26T22:22:30+02:00</sln:gmIIPWersja><sln:gmIdTeryt>3013062</sln:gmIdTeryt><sln:gmNazwa>Wijewo</sln:gmNazwa><sln:miejscIIPId>7d4b214e-ead3-4816-8a41-b34db70658ca</sln:miejscIIPId><sln:miejscIIPPn>PL.PZGIK.200</sln:miejscIIPPn><sln:miejscIIPWersja>2016-11-24T10:12:06+02:00</sln:miejscIIPWersja><sln:miejscIdTeryt>0377578</sln:miejscIdTeryt><sln:miejscNazwa>Wijewo</sln:miejscNazwa><sln:miejscRodzaj>Wieś</sln:miejscRodzaj><sln:powIIPId>742efa61-e70d-4f3c-8114-ac3bf33d6d19</sln:powIIPId><sln:powIIPPn>PL.PZGIK.200</sln:powIIPPn><sln:powIIPWersja>2012-09-27T08:59:03+02:00</sln:powIIPWersja><sln:powIdTeryt>3013</sln:powIdTeryt><sln:powNazwa>leszczyński</sln:powNazwa><sln:waznyOd>2016-02-16T00:00:00+01:00</sln:waznyOd><sln:wojIIPId>c606b01a-76c8-480d-9470-f24ca0d7a613</sln:wojIIPId><sln:wojIIPPn>PL.PZGIK.200</sln:wojIIPPn><sln:wojIIPWersja>2016-05-05T18:20:48+02:00</sln:wojIIPWersja><sln:wojIdTeryt>30</sln:wojIdTeryt><sln:wojNazwa>wielkopolskie</sln:wojNazwa></sln:miejscowosc><sln:miejscowosc><sln:cyklZyciaDo>2017-04-12T00:00:00+02:00</sln:cyklZyciaDo><sln:cyklZyciaOd>2016-04-12T00:00:00+02:00</sln:cyklZyciaOd><sln:gmIIPId>f6277400-c5d8-4c00-8456-a7189a45d33e</sln:gmIIPId><sln:gmIIPPn>PL.PZGIK.200</sln:gmIIPPn><sln:gmIIPWersja>2012-09-26T22:22:30+02:00</sln:gmIIPWersja><sln:gmIdTeryt>3013062</sln:gmIdTeryt><sln:gmNazwa>Wijewo</sln:gmNazwa><sln:miejscIIPId>e75ac2e9-b818-4373-b0ab-e49d25d8033c</sln:miejscIIPId><sln:miejscIIPPn>PL.PZGIK.200</sln:miejscIIPPn><sln:miejscIIPWersja>2016-11-24T10:12:06+02:00</sln:miejscIIPWersja><sln:miejscIdTeryt>0377549</sln:miejscIdTeryt><sln:miejscNazwa>Wilanów</sln:miejscNazwa><sln:miejscRodzaj>Osada leśna</sln:miejscRodzaj><sln:powIIPId>742efa61-e70d-4f3c-8114-ac3bf33d6d19</sln:powIIPId><sln:powIIPPn>PL.PZGIK.200</sln:powIIPPn><sln:powIIPWersja>2012-09-27T08:59:03+02:00</sln:powIIPWersja><sln:powIdTeryt>3013</sln:powIdTeryt><sln:powNazwa>leszczyński</sln:powNazwa><sln:waznyOd>2016-02-25T00:00:00+01:00</sln:waznyOd><sln:wojIIPId>c606b01a-76c8-480d-9470-f24ca0d7a613</sln:wojIIPId><sln:wojIIPPn>PL.PZGIK.200</sln:wojIIPPn><sln:wojIIPWersja>2016-05-05T18:20:48+02:00</sln:wojIIPWersja><sln:wojIdTeryt>30</sln:wojIdTeryt><sln:wojNazwa>wielkopolskie</sln:wojNazwa></sln:miejscowosc><sln:miejscowosc><sln:cyklZyciaDo>2017-04-12T00:00:00+02:00</sln:cyklZyciaDo><sln:cyklZyciaOd>2016-04-12T00:00:00+02:00</sln:cyklZyciaOd><sln:gmIIPId>f6277400-c5d8-4c00-8456-a7189a45d33e</sln:gmIIPId><sln:gmIIPPn>PL.PZGIK.200</sln:gmIIPPn><sln:gmIIPWersja>2012-09-26T22:22:30+02:00</sln:gmIIPWersja><sln:gmIdTeryt>3013062</sln:gmIdTeryt><sln:gmNazwa>Wijewo</sln:gmNazwa><sln:miejscIIPId>f013cda0-0934-461e-abeb-10a59ce27d7d</sln:miejscIIPId><sln:miejscIIPPn>PL.PZGIK.200</sln:miejscIIPPn><sln:miejscIIPWersja>2016-11-24T10:12:06+02:00</sln:miejscIIPWersja><sln:miejscIdTeryt>0377609</sln:miejscIdTeryt><sln:miejscNazwa>Zaborówiec</sln:miejscNazwa><sln:miejscRodzaj>Wieś</sln:miejscRodzaj><sln:powIIPId>742efa61-e70d-4f3c-8114-ac3bf33d6d19</sln:powIIPId><sln:powIIPPn>PL.PZGIK.200</sln:powIIPPn><sln:powIIPWersja>2012-09-27T08:59:03+02:00</sln:powIIPWersja><sln:powIdTeryt>3013</sln:powIdTeryt><sln:powNazwa>leszczyński</sln:powNazwa><sln:waznyOd>2016-02-16T00:00:00+01:00</sln:waznyOd><sln:wojIIPId>c606b01a-76c8-480d-9470-f24ca0d7a613</sln:wojIIPId><sln:wojIIPPn>PL.PZGIK.200</sln:wojIIPPn><sln:wojIIPWersja>2016-05-05T18:20:48+02:00</sln:wojIIPWersja><sln:wojIdTeryt>30</sln:wojIdTeryt><sln:wojNazwa>wielkopolskie</sln:wojNazwa></sln:miejscowosc><sln:miejscowosc><sln:cyklZyciaOd>2017-04-12T00:00:00+02:00</sln:cyklZyciaOd><sln:gmIIPId>f6277400-c5d8-4c00-8456-a7189a45d33e</sln:gmIIPId><sln:gmIIPPn>PL.PZGIK.200</sln:gmIIPPn><sln:gmIIPWersja>2012-09-26T22:22:30+02:00</sln:gmIIPWersja><sln:gmIdTeryt>3013062</sln:gmIdTeryt><sln:gmNazwa>Wijewo</sln:gmNazwa><sln:miejscIIPId>ce5c84db-0ba9-4335-aaae-b083534fecd5</sln:miejscIIPId><sln:miejscIIPPn>PL.PZGIK.200</sln:miejscIIPPn><sln:miejscIIPWersja>2017-04-12T09:30:02+02:00</sln:miejscIIPWersja><sln:miejscIdTeryt>0377503</sln:miejscIdTeryt><sln:miejscNazwa>Brenno</sln:miejscNazwa><sln:miejscRodzaj>Wieś</sln:miejscRodzaj><sln:powIIPId>742efa61-e70d-4f3c-8114-ac3bf33d6d19</sln:powIIPId><sln:powIIPPn>PL.PZGIK.200</sln:powIIPPn><sln:powIIPWersja>2012-09-27T08:59:03+02:00</sln:powIIPWersja><sln:powIdTeryt>3013</sln:powIdTeryt><sln:powNazwa>leszczyński</sln:powNazwa><sln:waznyOd>2016-02-16T00:00:00+01:00</sln:waznyOd><sln:wojIIPId>c606b01a-76c8-480d-9470-f24ca0d7a613</sln:wojIIPId><sln:wojIIPPn>PL.PZGIK.200</sln:wojIIPPn><sln:wojIIPWersja>2016-05-05T18:20:48+02:00</sln:wojIIPWersja><sln:wojIdTeryt>30</sln:wojIdTeryt><sln:wojNazwa>wielkopolskie</sln:wojNazwa></sln:miejscowosc><sln:miejscowosc><sln:cyklZyciaOd>2017-04-12T00:00:00+02:00</sln:cyklZyciaOd><sln:gmIIPId>f6277400-c5d8-4c00-8456-a7189a45d33e</sln:gmIIPId><sln:gmIIPPn>PL.PZGIK.200</sln:gmIIPPn><sln:gmIIPWersja>2012-09-26T22:22:30+02:00</sln:gmIIPWersja><sln:gmIdTeryt>3013062</sln:gmIdTeryt><sln:gmNazwa>Wijewo</sln:gmNazwa><sln:miejscIIPId>26ab7149-7662-4277-aeb3-76cbf8dfc56b</sln:miejscIIPId><sln:miejscIIPPn>PL.PZGIK.200</sln:miejscIIPPn><sln:miejscIIPWersja>2017-04-12T09:30:11+02:00</sln:miejscIIPWersja><sln:miejscIdTeryt>0377510</sln:miejscIdTeryt><sln:miejscNazwa>Miastko</sln:miejscNazwa><sln:miejscRodzaj>Wieś</sln:miejscRodzaj><sln:powIIPId>742efa61-e70d-4f3c-8114-ac3bf33d6d19</sln:powIIPId><sln:powIIPPn>PL.PZGIK.200</sln:powIIPPn><sln:powIIPWersja>2012-09-27T08:59:03+02:00</sln:powIIPWersja><sln:powIdTeryt>3013</sln:powIdTeryt><sln:powNazwa>leszczyński</sln:powNazwa><sln:waznyOd>2016-02-16T00:00:00+01:00</sln:waznyOd><sln:wojIIPId>c606b01a-76c8-480d-9470-f24ca0d7a613</sln:wojIIPId><sln:wojIIPPn>PL.PZGIK.200</sln:wojIIPPn><sln:wojIIPWersja>2016-05-05T18:20:48+02:00</sln:wojIIPWersja><sln:wojIdTeryt>30</sln:wojIdTeryt><sln:wojNazwa>wielkopolskie</sln:wojNazwa></sln:miejscowosc><sln:miejscowosc><sln:cyklZyciaOd>2017-04-12T00:00:00+02:00</sln:cyklZyciaOd><sln:gmIIPId>f6277400-c5d8-4c00-8456-a7189a45d33e</sln:gmIIPId><sln:gmIIPPn>PL.PZGIK.200</sln:gmIIPPn><sln:gmIIPWersja>2012-09-26T22:22:30+02:00</sln:gmIIPWersja><sln:gmIdTeryt>3013062</sln:gmIdTeryt><sln:gmNazwa>Wijewo</sln:gmNazwa><sln:miejscIIPId>7eda0490-c7fa-432a-b03d-c888302b1a7b</sln:miejscIIPId><sln:miejscIIPPn>PL.PZGIK.200</sln:miejscIIPPn><sln:miejscIIPWersja>2017-04-12T09:30:11+02:00</sln:miejscIIPWersja><sln:miejscIdTeryt>0377526</sln:miejscIdTeryt><sln:miejscNazwa>Potrzebowo</sln:miejscNazwa><sln:miejscRodzaj>Wieś</sln:miejscRodzaj><sln:powIIPId>742efa61-e70d-4f3c-8114-ac3bf33d6d19</sln:powIIPId><sln:powIIPPn>PL.PZGIK.200</sln:powIIPPn><sln:powIIPWersja>2012-09-27T08:59:03+02:00</sln:powIIPWersja><sln:powIdTeryt>3013</sln:powIdTeryt><sln:powNazwa>leszczyński</sln:powNazwa><sln:waznyOd>2016-02-16T00:00:00+01:00</sln:waznyOd><sln:wojIIPId>c606b01a-76c8-480d-9470-f24ca0d7a613</sln:wojIIPId><sln:wojIIPPn>PL.PZGIK.200</sln:wojIIPPn><sln:wojIIPWersja>2016-05-05T18:20:48+02:00</sln:wojIIPWersja><sln:wojIdTeryt>30</sln:wojIdTeryt><sln:wojNazwa>wielkopolskie</sln:wojNazwa></sln:miejscowosc><sln:miejscowosc><sln:cyklZyciaOd>2017-04-12T00:00:00+02:00</sln:cyklZyciaOd><sln:gmIIPId>f6277400-c5d8-4c00-8456-a7189a45d33e</sln:gmIIPId><sln:gmIIPPn>PL.PZGIK.200</sln:gmIIPPn><sln:gmIIPWersja>2012-09-26T22:22:30+02:00</sln:gmIIPWersja><sln:gmIdTeryt>3013062</sln:gmIdTeryt><sln:gmNazwa>Wijewo</sln:gmNazwa><sln:miejscIIPId>92207bc3-b18b-4a63-ba4f-570441a9158d</sln:miejscIIPId><sln:miejscIIPPn>PL.PZGIK.200</sln:miejscIIPPn><sln:miejscIIPWersja>2017-04-12T09:30:11+02:00</sln:miejscIIPWersja><sln:miejscIdTeryt>0377532</sln:miejscIdTeryt><sln:miejscNazwa>Przylesie</sln:miejscNazwa><sln:miejscRodzaj>Wieś</sln:miejscRodzaj><sln:powIIPId>742efa61-e70d-4f3c-8114-ac3bf33d6d19</sln:powIIPId><sln:powIIPPn>PL.PZGIK.200</sln:powIIPPn><sln:powIIPWersja>2012-09-27T08:59:03+02:00</sln:powIIPWersja><sln:powIdTeryt>3013</sln:powIdTeryt><sln:powNazwa>leszczyński</sln:powNazwa><sln:waznyOd>2016-02-25T00:00:00+01:00</sln:waznyOd><sln:wojIIPId>c606b01a-76c8-480d-9470-f24ca0d7a613</sln:wojIIPId><sln:wojIIPPn>PL.PZGIK.200</sln:wojIIPPn><sln:wojIIPWersja>2016-05-05T18:20:48+02:00</sln:wojIIPWersja><sln:wojIdTeryt>30</sln:wojIdTeryt><sln:wojNazwa>wielkopolskie</sln:wojNazwa></sln:miejscowosc><sln:miejscowosc><sln:cyklZyciaOd>2017-04-12T00:00:00+02:00</sln:cyklZyciaOd><sln:gmIIPId>f6277400-c5d8-4c00-8456-a7189a45d33e</sln:gmIIPId><sln:gmIIPPn>PL.PZGIK.200</sln:gmIIPPn><sln:gmIIPWersja>2012-09-26T22:22:30+02:00</sln:gmIIPWersja><sln:gmIdTeryt>3013062</sln:gmIdTeryt><sln:gmNazwa>Wijewo</sln:gmNazwa><sln:miejscIIPId>e75ac2e9-b818-4373-b0ab-e49d25d8033c</sln:miejscIIPId><sln:miejscIIPPn>PL.PZGIK.200</sln:miejscIIPPn><sln:miejscIIPWersja>2017-04-12T09:30:11+02:00</sln:miejscIIPWersja><sln:miejscIdTeryt>0377549</sln:miejscIdTeryt><sln:miejscNazwa>Wilanów</sln:miejscNazwa><sln:miejscRodzaj>Osada leśna</sln:miejscRodzaj><sln:powIIPId>742efa61-e70d-4f3c-8114-ac3bf33d6d19</sln:powIIPId><sln:powIIPPn>PL.PZGIK.200</sln:powIIPPn><sln:powIIPWersja>2012-09-27T08:59:03+02:00</sln:powIIPWersja><sln:powIdTeryt>3013</sln:powIdTeryt><sln:powNazwa>leszczyński</sln:powNazwa><sln:waznyOd>2016-02-25T00:00:00+01:00</sln:waznyOd><sln:wojIIPId>c606b01a-76c8-480d-9470-f24ca0d7a613</sln:wojIIPId><sln:wojIIPPn>PL.PZGIK.200</sln:wojIIPPn><sln:wojIIPWersja>2016-05-05T18:20:48+02:00</sln:wojIIPWersja><sln:wojIdTeryt>30</sln:wojIdTeryt><sln:wojNazwa>wielkopolskie</sln:wojNazwa></sln:miejscowosc><sln:miejscowosc><sln:cyklZyciaOd>2017-04-12T00:00:00+02:00</sln:cyklZyciaOd><sln:gmIIPId>f6277400-c5d8-4c00-8456-a7189a45d33e</sln:gmIIPId><sln:gmIIPPn>PL.PZGIK.200</sln:gmIIPPn><sln:gmIIPWersja>2012-09-26T22:22:30+02:00</sln:gmIIPWersja><sln:gmIdTeryt>3013062</sln:gmIdTeryt><sln:gmNazwa>Wijewo</sln:gmNazwa><sln:miejscIIPId>0804061c-060e-4b80-acec-87c3016f369e</sln:miejscIIPId><sln:miejscIIPPn>PL.PZGIK.200</sln:miejscIIPPn><sln:miejscIIPWersja>2017-04-12T09:30:11+02:00</sln:miejscIIPWersja><sln:miejscIdTeryt>0377555</sln:miejscIdTeryt><sln:miejscNazwa>Radomyśl</sln:miejscNazwa><sln:miejscRodzaj>Wieś</sln:miejscRodzaj><sln:powIIPId>742efa61-e70d-4f3c-8114-ac3bf33d6d19</sln:powIIPId><sln:powIIPPn>PL.PZGIK.200</sln:powIIPPn><sln:powIIPWersja>2012-09-27T08:59:03+02:00</sln:powIIPWersja><sln:powIdTeryt>3013</sln:powIdTeryt><sln:powNazwa>leszczyński</sln:powNazwa><sln:waznyOd>2016-02-16T00:00:00+01:00</sln:waznyOd><sln:wojIIPId>c606b01a-76c8-480d-9470-f24ca0d7a613</sln:wojIIPId><sln:wojIIPPn>PL.PZGIK.200</sln:wojIIPPn><sln:wojIIPWersja>2016-05-05T18:20:48+02:00</sln:wojIIPWersja><sln:wojIdTeryt>30</sln:wojIdTeryt><sln:wojNazwa>wielkopolskie</sln:wojNazwa></sln:miejscowosc><sln:miejscowosc><sln:cyklZyciaOd>2017-04-12T00:00:00+02:00</sln:cyklZyciaOd><sln:gmIIPId>f6277400-c5d8-4c00-8456-a7189a45d33e</sln:gmIIPId><sln:gmIIPPn>PL.PZGIK.200</sln:gmIIPPn><sln:gmIIPWersja>2012-09-26T22:22:30+02:00</sln:gmIIPWersja><sln:gmIdTeryt>3013062</sln:gmIdTeryt><sln:gmNazwa>Wijewo</sln:gmNazwa><sln:miejscIIPId>7d4b214e-ead3-4816-8a41-b34db70658ca</sln:miejscIIPId><sln:miejscIIPPn>PL.PZGIK.200</sln:miejscIIPPn><sln:miejscIIPWersja>2017-04-12T09:30:11+02:00</sln:miejscIIPWersja><sln:miejscIdTeryt>0377578</sln:miejscIdTeryt><sln:miejscNazwa>Wijewo</sln:miejscNazwa><sln:miejscRodzaj>Wieś</sln:miejscRodzaj><sln:powIIPId>742efa61-e70d-4f3c-8114-ac3bf33d6d19</sln:powIIPId><sln:powIIPPn>PL.PZGIK.200</sln:powIIPPn><sln:powIIPWersja>2012-09-27T08:59:03+02:00</sln:powIIPWersja><sln:powIdTeryt>3013</sln:powIdTeryt><sln:powNazwa>leszczyński</sln:powNazwa><sln:waznyOd>2016-02-16T00:00:00+01:00</sln:waznyOd><sln:wojIIPId>c606b01a-76c8-480d-9470-f24ca0d7a613</sln:wojIIPId><sln:wojIIPPn>PL.PZGIK.200</sln:wojIIPPn><sln:wojIIPWersja>2016-05-05T18:20:48+02:00</sln:wojIIPWersja><sln:wojIdTeryt>30</sln:wojIdTeryt><sln:wojNazwa>wielkopolskie</sln:wojNazwa></sln:miejscowosc><sln:miejscowosc><sln:cyklZyciaOd>2017-04-12T00:00:00+02:00</sln:cyklZyciaOd><sln:gmIIPId>f6277400-c5d8-4c00-8456-a7189a45d33e</sln:gmIIPId><sln:gmIIPPn>PL.PZGIK.200</sln:gmIIPPn><sln:gmIIPWersja>2012-09-26T22:22:30+02:00</sln:gmIIPWersja><sln:gmIdTeryt>3013062</sln:gmIdTeryt><sln:gmNazwa>Wijewo</sln:gmNazwa><sln:miejscIIPId>f013cda0-0934-461e-abeb-10a59ce27d7d</sln:miejscIIPId><sln:miejscIIPPn>PL.PZGIK.200</sln:miejscIIPPn><sln:miejscIIPWersja>2017-04-12T09:30:11+02:00</sln:miejscIIPWersja><sln:miejscIdTeryt>0377609</sln:miejscIdTeryt><sln:miejscNazwa>Zaborówiec</sln:miejscNazwa><sln:miejscRodzaj>Wieś</sln:miejscRodzaj><sln:powIIPId>742efa61-e70d-4f3c-8114-ac3bf33d6d19</sln:powIIPId><sln:powIIPPn>PL.PZGIK.200</sln:powIIPPn><sln:powIIPWersja>2012-09-27T08:59:03+02:00</sln:powIIPWersja><sln:powIdTeryt>3013</sln:powIdTeryt><sln:powNazwa>leszczyński</sln:powNazwa><sln:waznyOd>2016-02-16T00:00:00+01:00</sln:waznyOd><sln:wojIIPId>c606b01a-76c8-480d-9470-f24ca0d7a613</sln:wojIIPId><sln:wojIIPPn>PL.PZGIK.200</sln:wojIIPPn><sln:wojIIPWersja>2016-05-05T18:20:48+02:00</sln:wojIIPWersja><sln:wojIdTeryt>30</sln:wojIdTeryt><sln:wojNazwa>wielkopolskie</sln:wojNazwa></sln:miejscowosc></sln:lista-miejscowosci>