<?xml version="1.0" encoding="UTF-8" standalone="yes"?><sln:lista-miejscowosci xmlns:srv="http://gugik.gov.pl/schemas/slowniki-service/1.0" xmlns:sln="http://gugik.gov.pl/schemas/slowniki-schema/1.0"><sln:miejscowosc><sln:cyklZyciaDo>2017-03-30T00:00:00+02:00</sln:cyklZyciaDo><sln:cyklZyciaOd>2015-10-13T00:00:00+02:00</sln:cyklZyciaOd><sln:gmIIPId>5fe92c81-c806-4ebe-b7f4-a2152a4616e6</sln:gmIIPId><sln:gmIIPPn>PL.PZGIK.200</sln:gmIIPPn><sln:gmIIPWersja>2012-09-26T22:23:16+02:00</sln:gmIIPWersja><sln:gmIdTeryt>3024063</sln:gmIdTeryt><sln:gmNazwa>Pniewy</sln:gmNazwa><sln:miejscIIPId>6019b0fc-0ee7-4c6a-bdf0-371ebf5ccf0f</sln:miejscIIPId><sln:miejscIIPPn>PL.PZGIK.200</sln:miejscIIPPn><sln:miejscIIPWersja>2016-11-24T14:01:27+02:00</sln:miejscIIPWersja><sln:miejscIdTeryt>1066685</sln:miejscIdTeryt><sln:miejscNazwa>Berdychowo</sln:miejscNazwa><sln:miejscRodzaj>Osada</sln:miejscRodzaj><sln:powIIPId>c387b2d6-0b22-41cf-91ef-dd6a24f0bb07</sln:powIIPId><sln:powIIPPn>PL.PZGIK.200</sln:powIIPPn><sln:powIIPWersja>2012-09-27T08:59:03+02:00</sln:powIIPWersja><sln:powIdTeryt>3024</sln:powIdTeryt><sln:powNazwa>szamotulski</sln:powNazwa><sln:waznyOd>2012-03-15T00:00:00+01:00</sln:waznyOd><sln:wojIIPId>c606b01a-76c8-480d-9470-f24ca0d7a613</sln:wojIIPId><sln:wojIIPPn>PL.PZGIK.200</sln:wojIIPPn><sln:wojIIPWersja>2016-05-05T18:20:48+02:00</sln:wojIIPWersja><sln:wojIdTeryt>30</sln:wojIdTeryt><sln:wojNazwa>wielkopolskie</sln:wojNazwa></sln:miejscowosc><sln:miejscowosc><sln:cyklZyciaDo>2017-03-30T00:00:00+02:00</sln:cyklZyciaDo><sln:cyklZyciaOd>2015-10-13T00:00:00+02:00</sln:cyklZyciaOd><sln:gmIIPId>5fe92c81-c806-4ebe-b7f4-a2152a4616e6</sln:gmIIPId><sln:gmIIPPn>PL.PZGIK.200</sln:gmIIPPn><sln:gmIIPWersja>2012-09-26T22:23:16+02:00</sln:gmIIPWersja><sln:gmIdTeryt>3024063</sln:gmIdTeryt><sln:gmNazwa>Pniewy</sln:gmNazwa><sln:miejscIIPId>bc16a035-9072-4b03-8aa8-552cef7c318e</sln:miejscIIPId><sln:miejscIIPPn>PL.PZGIK.200</sln:miejscIIPPn><sln:miejscIIPWersja>2016-11-24T11:26:43+02:00</sln:miejscIIPWersja><sln:miejscIdTeryt>0592584</sln:miejscIdTeryt><sln:miejscNazwa>Buszewko</sln:miejscNazwa><sln:miejscRodzaj>Wieś</sln:miejscRodzaj><sln:powIIPId>c387b2d6-0b22-41cf-91ef-dd6a24f0bb07</sln:powIIPId><sln:powIIPPn>PL.PZGIK.200</sln:powIIPPn><sln:powIIPWersja>2012-09-27T08:59:03+02:00</sln:powIIPWersja><sln:powIdTeryt>3024</sln:powIdTeryt><sln:powNazwa>szamotulski</sln:powNazwa><sln:waznyOd>2012-03-15T00:00:00+01:00</sln:waznyOd><sln:wojIIPId>c606b01a-76c8-480d-9470-f24ca0d7a613</sln:wojIIPId><sln:wojIIPPn>PL.PZGIK.200</sln:wojIIPPn><sln:wojIIPWersja>2016-05-05T18:20:48+02:00</sln:wojIIPWersja><sln:wojIdTeryt>30</sln:wojIdTeryt><sln:wojNazwa>wielkopolskie</sln:wojNazwa></sln:miejscowosc><sln:miejscowosc><sln:cyklZyciaDo>2017-03-30T00:00:00+02:00</sln:cyklZyciaDo><sln:cyklZyciaOd>2015-10-13T00:00:00+02:00</sln:cyklZyciaOd><sln:gmIIPId>5fe92c81-c806-4ebe-b7f4-a2152a4616e6</sln:gmIIPId><sln:gmIIPPn>PL.PZGIK.200</sln:gmIIPPn><sln:gmIIPWersja>2012-09-26T22:23:16+02:00</sln:gmIIPWersja><sln:gmIdTeryt>3024063</sln:gmIdTeryt><sln:gmNazwa>Pniewy</sln:gmNazwa><sln:miejscIIPId>68ec52a6-d8b1-4d50-ac7b-95af6389cd51</sln:miejscIIPId><sln:miejscIIPPn>PL.PZGIK.200</sln:miejscIIPPn><sln:miejscIIPWersja>2016-11-24T11:26:43+02:00</sln:miejscIIPWersja><sln:miejscIdTeryt>0592609</sln:miejscIdTeryt><sln:miejscNazwa>Buszewo</sln:miejscNazwa><sln:miejscRodzaj>Wieś</sln:miejscRodzaj><sln:powIIPId>c387b2d6-0b22-41cf-91ef-dd6a24f0bb07</sln:powIIPId><sln:powIIPPn>PL.PZGIK.200</sln:powIIPPn><sln:powIIPWersja>2012-09-27T08:59:03+02:00</sln:powIIPWersja><sln:powIdTeryt>3024</sln:powIdTeryt><sln:powNazwa>szamotulski</sln:powNazwa><sln:waznyOd>2012-03-15T00:00:00+01:00</sln:waznyOd><sln:wojIIPId>c606b01a-76c8-480d-9470-f24ca0d7a613</sln:wojIIPId><sln:wojIIPPn>PL.PZGIK.200</sln:wojIIPPn><sln:wojIIPWersja>2016-05-05T18:20:48+02:00</sln:wojIIPWersja><sln:wojIdTeryt>30</sln:wojIdTeryt><sln:wojNazwa>wielkopolskie</sln:wojNazwa></sln:miejscowosc><sln:miejscowosc><sln:cyklZyciaDo>2017-03-30T00:00:00+02:00</sln:cyklZyciaDo><sln:cyklZyciaOd>2015-10-13T00:00:00+02:00</sln:cyklZyciaOd><sln:gmIIPId>5fe92c81-c806-4ebe-b7f4-a2152a4616e6</sln:gmIIPId><sln:gmIIPPn>PL.PZGIK.200</sln:gmIIPPn><sln:gmIIPWersja>2012-09-26T22:23:16+02:00</sln:gmIIPWersja><sln:gmIdTeryt>3024063</sln:gmIdTeryt><sln:gmNazwa>Pniewy</sln:gmNazwa><sln:miejscIIPId>930e63f5-79e0-4a72-a192-e0e52ce52c54</sln:miejscIIPId><sln:miejscIIPPn>PL.PZGIK.200</sln:miejscIIPPn><sln:miejscIIPWersja>2016-11-24T11:26:43+02:00</sln:miejscIIPWersja><sln:miejscIdTeryt>0592615</sln:miejscIdTeryt><sln:miejscNazwa>Chełmno</sln:miejscNazwa><sln:miejscRodzaj>Wieś</sln:miejscRodzaj><sln:powIIPId>c387b2d6-0b22-41cf-91ef-dd6a24f0bb07</sln:powIIPId><sln:powIIPPn>PL.PZGIK.200</sln:powIIPPn><sln:powIIPWersja>2012-09-27T08:59:03+02:00</sln:powIIPWersja><sln:powIdTeryt>3024</sln:powIdTeryt><sln:powNazwa>szamotulski</sln:powNazwa><sln:waznyOd>2012-03-15T00:00:00+01:00</sln:waznyOd><sln:wojIIPId>c606b01a-76c8-480d-9470-f24ca0d7a613</sln:wojIIPId><sln:wojIIPPn>PL.PZGIK.200</sln:wojIIPPn><sln:wojIIPWersja>2016-05-05T18:20:48+02:00</sln:wojIIPWersja><sln:wojIdTeryt>30</sln:wojIdTeryt><sln:wojNazwa>wielkopolskie</sln:wojNazwa></sln:miejscowosc><sln:miejscowosc><sln:cyklZyciaDo>2017-03-30T00:00:00+02:00</sln:cyklZyciaDo><sln:cyklZyciaOd>2015-10-13T00:00:00+02:00</sln:cyklZyciaOd><sln:gmIIPId>5fe92c81-c806-4ebe-b7f4-a2152a4616e6</sln:gmIIPId><sln:gmIIPPn>PL.PZGIK.200</sln:gmIIPPn><sln:gmIIPWersja>2012-09-26T22:23:16+02:00</sln:gmIIPWersja><sln:gmIdTeryt>3024063</sln:gmIdTeryt><sln:gmNazwa>Pniewy</sln:gmNazwa><sln:miejscIIPId>b68868f6-4ed1-4edd-bc95-4ae231f8887f</sln:miejscIIPId><sln:miejscIIPPn>PL.PZGIK.200</sln:miejscIIPPn><sln:miejscIIPWersja>2016-11-24T11:26:43+02:00</sln:miejscIIPWersja><sln:miejscIdTeryt>0592621</sln:miejscIdTeryt><sln:miejscNazwa>Dębina</sln:miejscNazwa><sln:miejscRodzaj>Wieś</sln:miejscRodzaj><sln:powIIPId>c387b2d6-0b22-41cf-91ef-dd6a24f0bb07</sln:powIIPId><sln:powIIPPn>PL.PZGIK.200</sln:powIIPPn><sln:powIIPWersja>2012-09-27T08:59:03+02:00</sln:powIIPWersja><sln:powIdTeryt>3024</sln:powIdTeryt><sln:powNazwa>szamotulski</sln:powNazwa><sln:waznyOd>2012-03-15T00:00:00+01:00</sln:waznyOd><sln:wojIIPId>c606b01a-76c8-480d-9470-f24ca0d7a613</sln:wojIIPId><sln:wojIIPPn>PL.PZGIK.200</sln:wojIIPPn><sln:wojIIPWersja>2016-05-05T18:20:48+02:00</sln:wojIIPWersja><sln:wojIdTeryt>30</sln:wojIdTeryt><sln:wojNazwa>wielkopolskie</sln:wojNazwa></sln:miejscowosc><sln:miejscowosc><sln:cyklZyciaDo>2017-03-30T00:00:00+02:00</sln:cyklZyciaDo><sln:cyklZyciaOd>2015-10-13T00:00:00+02:00</sln:cyklZyciaOd><sln:gmIIPId>5fe92c81-c806-4ebe-b7f4-a2152a4616e6</sln:gmIIPId><sln:gmIIPPn>PL.PZGIK.200</sln:gmIIPPn><sln:gmIIPWersja>2012-09-26T22:23:16+02:00</sln:gmIIPWersja><sln:gmIdTeryt>3024063</sln:gmIdTeryt><sln:gmNazwa>Pniewy</sln:gmNazwa><sln:miejscIIPId>187947e3-03c4-40d1-b3f5-d8ffff1bdfef</sln:miejscIIPId><sln:miejscIIPPn>PL.PZGIK.200</sln:miejscIIPPn><sln:miejscIIPWersja>2016-11-24T11:26:43+02:00</sln:miejscIIPWersja><sln:miejscIdTeryt>0592638</sln:miejscIdTeryt><sln:miejscNazwa>Dęborzyce</sln:miejscNazwa><sln:miejscRodzaj>Wieś</sln:miejscRodzaj><sln:powIIPId>c387b2d6-0b22-41cf-91ef-dd6a24f0bb07</sln:powIIPId><sln:powIIPPn>PL.PZGIK.200</sln:powIIPPn><sln:powIIPWersja>2012-09-27T08:59:03+02:00</sln:powIIPWersja><sln:powIdTeryt>3024</sln:powIdTeryt><sln:powNazwa>szamotulski</sln:powNazwa><sln:waznyOd>2012-03-15T00:00:00+01:00</sln:waznyOd><sln:wojIIPId>c606b01a-76c8-480d-9470-f24ca0d7a613</sln:wojIIPId><sln:wojIIPPn>PL.PZGIK.200</sln:wojIIPPn><sln:wojIIPWersja>2016-05-05T18:20:48+02:00</sln:wojIIPWersja><sln:wojIdTeryt>30</sln:wojIdTeryt><sln:wojNazwa>wielkopolskie</sln:wojNazwa></sln:miejscowosc><sln:miejscowosc><sln:cyklZyciaDo>2017-03-30T00:00:00+02:00</sln:cyklZyciaDo><sln:cyklZyciaOd>2015-10-13T00:00:00+02:00</sln:cyklZyciaOd><sln:gmIIPId>5fe92c81-c806-4ebe-b7f4-a2152a4616e6</sln:gmIIPId><sln:gmIIPPn>PL.PZGIK.200</sln:gmIIPPn><sln:gmIIPWersja>2012-09-26T22:23:16+02:00</sln:gmIIPWersja><sln:gmIdTeryt>3024063</sln:gmIdTeryt><sln:gmNazwa>Pniewy</sln:gmNazwa><sln:miejscIIPId>19eba34c-7189-49cf-88ca-c2d276679ffd</sln:miejscIIPId><sln:miejscIIPPn>PL.PZGIK.200</sln:miejscIIPPn><sln:miejscIIPWersja>2016-11-24T11:26:43+02:00</sln:miejscIIPWersja><sln:miejscIdTeryt>0592644</sln:miejscIdTeryt><sln:miejscNazwa>Jakubowo</sln:miejscNazwa><sln:miejscRodzaj>Wieś</sln:miejscRodzaj><sln:powIIPId>c387b2d6-0b22-41cf-91ef-dd6a24f0bb07</sln:powIIPId><sln:powIIPPn>PL.PZGIK.200</sln:powIIPPn><sln:powIIPWersja>2012-09-27T08:59:03+02:00</sln:powIIPWersja><sln:powIdTeryt>3024</sln:powIdTeryt><sln:powNazwa>szamotulski</sln:powNazwa><sln:waznyOd>2012-03-15T00:00:00+01:00</sln:waznyOd><sln:wojIIPId>c606b01a-76c8-480d-9470-f24ca0d7a613</sln:wojIIPId><sln:wojIIPPn>PL.PZGIK.200</sln:wojIIPPn><sln:wojIIPWersja>2016-05-05T18:20:48+02:00</sln:wojIIPWersja><sln:wojIdTeryt>30</sln:wojIdTeryt><sln:wojNazwa>wielkopolskie</sln:wojNazwa></sln:miejscowosc><sln:miejscowosc><sln:cyklZyciaDo>2017-03-30T00:00:00+02:00</sln:cyklZyciaDo><sln:cyklZyciaOd>2015-10-13T00:00:00+02:00</sln:cyklZyciaOd><sln:gmIIPId>5fe92c81-c806-4ebe-b7f4-a2152a4616e6</sln:gmIIPId><sln:gmIIPPn>PL.PZGIK.200</sln:gmIIPPn><sln:gmIIPWersja>2012-09-26T22:23:16+02:00</sln:gmIIPWersja><sln:gmIdTeryt>3024063</sln:gmIdTeryt><sln:gmNazwa>Pniewy</sln:gmNazwa><sln:miejscIIPId>6afeaf98-c872-450d-99da-7fb809b7991e</sln:miejscIIPId><sln:miejscIIPPn>PL.PZGIK.200</sln:miejscIIPPn><sln:miejscIIPWersja>2016-11-24T11:26:43+02:00</sln:miejscIIPWersja><sln:miejscIdTeryt>0592650</sln:miejscIdTeryt><sln:miejscNazwa>Karmin</sln:miejscNazwa><sln:miejscRodzaj>Wieś</sln:miejscRodzaj><sln:powIIPId>c387b2d6-0b22-41cf-91ef-dd6a24f0bb07</sln:powIIPId><sln:powIIPPn>PL.PZGIK.200</sln:powIIPPn><sln:powIIPWersja>2012-09-27T08:59:03+02:00</sln:powIIPWersja><sln:powIdTeryt>3024</sln:powIdTeryt><sln:powNazwa>szamotulski</sln:powNazwa><sln:waznyOd>2012-03-15T00:00:00+01:00</sln:waznyOd><sln:wojIIPId>c606b01a-76c8-480d-9470-f24ca0d7a613</sln:wojIIPId><sln:wojIIPPn>PL.PZGIK.200</sln:wojIIPPn><sln:wojIIPWersja>2016-05-05T18:20:48+02:00</sln:wojIIPWersja><sln:wojIdTeryt>30</sln:wojIdTeryt><sln:wojNazwa>wielkopolskie</sln:wojNazwa></sln:miejscowosc><sln:miejscowosc><sln:cyklZyciaDo>2017-03-30T00:00:00+02:00</sln:cyklZyciaDo><sln:cyklZyciaOd>2015-10-13T00:00:00+02:00</sln:cyklZyciaOd><sln:gmIIPId>5fe92c81-c806-4ebe-b7f4-a2152a4616e6</sln:gmIIPId><sln:gmIIPPn>PL.PZGIK.200</sln:gmIIPPn><sln:gmIIPWersja>2012-09-26T22:23:16+02:00</sln:gmIIPWersja><sln:gmIdTeryt>3024063</sln:gmIdTeryt><sln:gmNazwa>Pniewy</sln:gmNazwa><sln:miejscIIPId>ec8350b2-e3d6-4eb7-a826-171df063b7db</sln:miejscIIPId><sln:miejscIIPPn>PL.PZGIK.200</sln:miejscIIPPn><sln:miejscIIPWersja>2016-11-24T11:26:43+02:00</sln:miejscIIPWersja><sln:miejscIdTeryt>0592762</sln:miejscIdTeryt><sln:miejscNazwa>Kikowo</sln:miejscNazwa><sln:miejscRodzaj>Wieś</sln:miejscRodzaj><sln:powIIPId>c387b2d6-0b22-41cf-91ef-dd6a24f0bb07</sln:powIIPId><sln:powIIPPn>PL.PZGIK.200</sln:powIIPPn><sln:powIIPWersja>2012-09-27T08:59:03+02:00</sln:powIIPWersja><sln:powIdTeryt>3024</sln:powIdTeryt><sln:powNazwa>szamotulski</sln:powNazwa><sln:waznyOd>2012-03-15T00:00:00+01:00</sln:waznyOd><sln:wojIIPId>c606b01a-76c8-480d-9470-f24ca0d7a613</sln:wojIIPId><sln:wojIIPPn>PL.PZGIK.200</sln:wojIIPPn><sln:wojIIPWersja>2016-05-05T18:20:48+02:00</sln:wojIIPWersja><sln:wojIdTeryt>30</sln:wojIdTeryt><sln:wojNazwa>wielkopolskie</sln:wojNazwa></sln:miejscowosc><sln:miejscowosc><sln:cyklZyciaDo>2017-03-30T00:00:00+02:00</sln:cyklZyciaDo><sln:cyklZyciaOd>2015-10-13T00:00:00+02:00</sln:cyklZyciaOd><sln:gmIIPId>5fe92c81-c806-4ebe-b7f4-a2152a4616e6</sln:gmIIPId><sln:gmIIPPn>PL.PZGIK.200</sln:gmIIPPn><sln:gmIIPWersja>2012-09-26T22:23:16+02:00</sln:gmIIPWersja><sln:gmIdTeryt>3024063</sln:gmIdTeryt><sln:gmNazwa>Pniewy</sln:gmNazwa><sln:miejscIIPId>89e625bc-eae5-433a-9d21-228605aac4ee</sln:miejscIIPId><sln:miejscIIPPn>PL.PZGIK.200</sln:miejscIIPPn><sln:miejscIIPWersja>2016-11-24T14:00:04+02:00</sln:miejscIIPWersja><sln:miejscIdTeryt>1008601</sln:miejscIdTeryt><sln:miejscNazwa>Kikowska Aleja</sln:miejscNazwa><sln:miejscRodzaj>Inny obiekt</sln:miejscRodzaj><sln:powIIPId>c387b2d6-0b22-41cf-91ef-dd6a24f0bb07</sln:powIIPId><sln:powIIPPn>PL.PZGIK.200</sln:powIIPPn><sln:powIIPWersja>2012-09-27T08:59:03+02:00</sln:powIIPWersja><sln:powIdTeryt>3024</sln:powIdTeryt><sln:powNazwa>szamotulski</sln:powNazwa><sln:waznyOd>2013-01-10T00:00:00+01:00</sln:waznyOd><sln:wojIIPId>c606b01a-76c8-480d-9470-f24ca0d7a613</sln:wojIIPId><sln:wojIIPPn>PL.PZGIK.200</sln:wojIIPPn><sln:wojIIPWersja>2016-05-05T18:20:48+02:00</sln:wojIIPWersja><sln:wojIdTeryt>30</sln:wojIdTeryt><sln:wojNazwa>wielkopolskie</sln:wojNazwa></sln:miejscowosc><sln:miejscowosc><sln:cyklZyciaDo>2017-03-30T00:00:00+02:00</sln:cyklZyciaDo><sln:cyklZyciaOd>2015-10-13T00:00:00+02:00</sln:cyklZyciaOd><sln:gmIIPId>5fe92c81-c806-4ebe-b7f4-a2152a4616e6</sln:gmIIPId><sln:gmIIPPn>PL.PZGIK.200</sln:gmIIPPn><sln:gmIIPWersja>2012-09-26T22:23:16+02:00</sln:gmIIPWersja><sln:gmIdTeryt>3024063</sln:gmIdTeryt><sln:gmNazwa>Pniewy</sln:gmNazwa><sln:miejscIIPId>4ea2e65e-25fb-4f6d-ac1a-5e6a04977b30</sln:miejscIIPId><sln:miejscIIPPn>PL.PZGIK.200</sln:miejscIIPPn><sln:miejscIIPWersja>2016-11-24T11:26:43+02:00</sln:miejscIIPWersja><sln:miejscIdTeryt>0592673</sln:miejscIdTeryt><sln:miejscNazwa>Konin</sln:miejscNazwa><sln:miejscRodzaj>Wieś</sln:miejscRodzaj><sln:powIIPId>c387b2d6-0b22-41cf-91ef-dd6a24f0bb07</sln:powIIPId><sln:powIIPPn>PL.PZGIK.200</sln:powIIPPn><sln:powIIPWersja>2012-09-27T08:59:03+02:00</sln:powIIPWersja><sln:powIdTeryt>3024</sln:powIdTeryt><sln:powNazwa>szamotulski</sln:powNazwa><sln:waznyOd>2012-03-15T00:00:00+01:00</sln:waznyOd><sln:wojIIPId>c606b01a-76c8-480d-9470-f24ca0d7a613</sln:wojIIPId><sln:wojIIPPn>PL.PZGIK.200</sln:wojIIPPn><sln:wojIIPWersja>2016-05-05T18:20:48+02:00</sln:wojIIPWersja><sln:wojIdTeryt>30</sln:wojIdTeryt><sln:wojNazwa>wielkopolskie</sln:wojNazwa></sln:miejscowosc><sln:miejscowosc><sln:cyklZyciaDo>2017-03-30T00:00:00+02:00</sln:cyklZyciaDo><sln:cyklZyciaOd>2015-10-13T00:00:00+02:00</sln:cyklZyciaOd><sln:gmIIPId>5fe92c81-c806-4ebe-b7f4-a2152a4616e6</sln:gmIIPId><sln:gmIIPPn>PL.PZGIK.200</sln:gmIIPPn><sln:gmIIPWersja>2012-09-26T22:23:16+02:00</sln:gmIIPWersja><sln:gmIdTeryt>3024063</sln:gmIdTeryt><sln:gmNazwa>Pniewy</sln:gmNazwa><sln:miejscIIPId>eaf540d2-ea3a-40da-bf9a-cc53d1a3df2a</sln:miejscIIPId><sln:miejscIIPPn>PL.PZGIK.200</sln:miejscIIPPn><sln:miejscIIPWersja>2016-11-24T11:26:43+02:00</sln:miejscIIPWersja><sln:miejscIdTeryt>0592680</sln:miejscIdTeryt><sln:miejscNazwa>Koninek</sln:miejscNazwa><sln:miejscRodzaj>Wieś</sln:miejscRodzaj><sln:powIIPId>c387b2d6-0b22-41cf-91ef-dd6a24f0bb07</sln:powIIPId><sln:powIIPPn>PL.PZGIK.200</sln:powIIPPn><sln:powIIPWersja>2012-09-27T08:59:03+02:00</sln:powIIPWersja><sln:powIdTeryt>3024</sln:powIdTeryt><sln:powNazwa>szamotulski</sln:powNazwa><sln:waznyOd>2012-03-15T00:00:00+01:00</sln:waznyOd><sln:wojIIPId>c606b01a-76c8-480d-9470-f24ca0d7a613</sln:wojIIPId><sln:wojIIPPn>PL.PZGIK.200</sln:wojIIPPn><sln:wojIIPWersja>2016-05-05T18:20:48+02:00</sln:wojIIPWersja><sln:wojIdTeryt>30</sln:wojIdTeryt><sln:wojNazwa>wielkopolskie</sln:wojNazwa></sln:miejscowosc><sln:miejscowosc><sln:cyklZyciaDo>2017-03-30T00:00:00+02:00</sln:cyklZyciaDo><sln:cyklZyciaOd>2015-10-13T00:00:00+02:00</sln:cyklZyciaOd><sln:gmIIPId>5fe92c81-c806-4ebe-b7f4-a2152a4616e6</sln:gmIIPId><sln:gmIIPPn>PL.PZGIK.200</sln:gmIIPPn><sln:gmIIPWersja>2012-09-26T22:23:16+02:00</sln:gmIIPWersja><sln:gmIdTeryt>3024063</sln:gmIdTeryt><sln:gmNazwa>Pniewy</sln:gmNazwa><sln:miejscIIPId>17515781-9f6a-40bb-bd03-c82ff75e27f3</sln:miejscIIPId><sln:miejscIIPPn>PL.PZGIK.200</sln:miejscIIPPn><sln:miejscIIPWersja>2016-11-24T14:01:27+02:00</sln:miejscIIPWersja><sln:miejscIdTeryt>1066691</sln:miejscIdTeryt><sln:miejscNazwa>Konin-Huby</sln:miejscNazwa><sln:miejscRodzaj>Przysiółek</sln:miejscRodzaj><sln:powIIPId>c387b2d6-0b22-41cf-91ef-dd6a24f0bb07</sln:powIIPId><sln:powIIPPn>PL.PZGIK.200</sln:powIIPPn><sln:powIIPWersja>2012-09-27T08:59:03+02:00</sln:powIIPWersja><sln:powIdTeryt>3024</sln:powIdTeryt><sln:powNazwa>szamotulski</sln:powNazwa><sln:waznyOd>2012-03-15T00:00:00+01:00</sln:waznyOd><sln:wojIIPId>c606b01a-76c8-480d-9470-f24ca0d7a613</sln:wojIIPId><sln:wojIIPPn>PL.PZGIK.200</sln:wojIIPPn><sln:wojIIPWersja>2016-05-05T18:20:48+02:00</sln:wojIIPWersja><sln:wojIdTeryt>30</sln:wojIdTeryt><sln:wojNazwa>wielkopolskie</sln:wojNazwa></sln:miejscowosc><sln:miejscowosc><sln:cyklZyciaDo>2017-03-30T00:00:00+02:00</sln:cyklZyciaDo><sln:cyklZyciaOd>2015-10-13T00:00:00+02:00</sln:cyklZyciaOd><sln:gmIIPId>5fe92c81-c806-4ebe-b7f4-a2152a4616e6</sln:gmIIPId><sln:gmIIPPn>PL.PZGIK.200</sln:gmIIPPn><sln:gmIIPWersja>2012-09-26T22:23:16+02:00</sln:gmIIPWersja><sln:gmIdTeryt>3024063</sln:gmIdTeryt><sln:gmNazwa>Pniewy</sln:gmNazwa><sln:miejscIIPId>8161eaaf-40d2-42fe-84ee-c0b3493952ed</sln:miejscIIPId><sln:miejscIIPPn>PL.PZGIK.200</sln:miejscIIPPn><sln:miejscIIPWersja>2016-11-24T11:26:43+02:00</sln:miejscIIPWersja><sln:miejscIdTeryt>0592710</sln:miejscIdTeryt><sln:miejscNazwa>Koszanowo</sln:miejscNazwa><sln:miejscRodzaj>Wieś</sln:miejscRodzaj><sln:powIIPId>c387b2d6-0b22-41cf-91ef-dd6a24f0bb07</sln:powIIPId><sln:powIIPPn>PL.PZGIK.200</sln:powIIPPn><sln:powIIPWersja>2012-09-27T08:59:03+02:00</sln:powIIPWersja><sln:powIdTeryt>3024</sln:powIdTeryt><sln:powNazwa>szamotulski</sln:powNazwa><sln:waznyOd>2012-03-15T00:00:00+01:00</sln:waznyOd><sln:wojIIPId>c606b01a-76c8-480d-9470-f24ca0d7a613</sln:wojIIPId><sln:wojIIPPn>PL.PZGIK.200</sln:wojIIPPn><sln:wojIIPWersja>2016-05-05T18:20:48+02:00</sln:wojIIPWersja><sln:wojIdTeryt>30</sln:wojIdTeryt><sln:wojNazwa>wielkopolskie</sln:wojNazwa></sln:miejscowosc><sln:miejscowosc><sln:cyklZyciaDo>2017-03-30T00:00:00+02:00</sln:cyklZyciaDo><sln:cyklZyciaOd>2015-10-13T00:00:00+02:00</sln:cyklZyciaOd><sln:gmIIPId>5fe92c81-c806-4ebe-b7f4-a2152a4616e6</sln:gmIIPId><sln:gmIIPPn>PL.PZGIK.200</sln:gmIIPPn><sln:gmIIPWersja>2012-09-26T22:23:16+02:00</sln:gmIIPWersja><sln:gmIdTeryt>3024063</sln:gmIdTeryt><sln:gmNazwa>Pniewy</sln:gmNazwa><sln:miejscIIPId>092b2a21-da26-463c-9d5f-43e4546759a5</sln:miejscIIPId><sln:miejscIIPPn>PL.PZGIK.200</sln:miejscIIPPn><sln:miejscIIPWersja>2016-11-24T11:26:43+02:00</sln:miejscIIPWersja><sln:miejscIdTeryt>0592727</sln:miejscIdTeryt><sln:miejscNazwa>Lubocześnica</sln:miejscNazwa><sln:miejscRodzaj>Wieś</sln:miejscRodzaj><sln:powIIPId>c387b2d6-0b22-41cf-91ef-dd6a24f0bb07</sln:powIIPId><sln:powIIPPn>PL.PZGIK.200</sln:powIIPPn><sln:powIIPWersja>2012-09-27T08:59:03+02:00</sln:powIIPWersja><sln:powIdTeryt>3024</sln:powIdTeryt><sln:powNazwa>szamotulski</sln:powNazwa><sln:waznyOd>2012-03-15T00:00:00+01:00</sln:waznyOd><sln:wojIIPId>c606b01a-76c8-480d-9470-f24ca0d7a613</sln:wojIIPId><sln:wojIIPPn>PL.PZGIK.200</sln:wojIIPPn><sln:wojIIPWersja>2016-05-05T18:20:48+02:00</sln:wojIIPWersja><sln:wojIdTeryt>30</sln:wojIdTeryt><sln:wojNazwa>wielkopolskie</sln:wojNazwa></sln:miejscowosc><sln:miejscowosc><sln:cyklZyciaDo>2017-03-30T00:00:00+02:00</sln:cyklZyciaDo><sln:cyklZyciaOd>2015-10-13T00:00:00+02:00</sln:cyklZyciaOd><sln:gmIIPId>5fe92c81-c806-4ebe-b7f4-a2152a4616e6</sln:gmIIPId><sln:gmIIPPn>PL.PZGIK.200</sln:gmIIPPn><sln:gmIIPWersja>2012-09-26T22:23:16+02:00</sln:gmIIPWersja><sln:gmIdTeryt>3024063</sln:gmIdTeryt><sln:gmNazwa>Pniewy</sln:gmNazwa><sln:miejscIIPId>f4cef3e3-9db2-4386-aa58-e13950de27ff</sln:miejscIIPId><sln:miejscIIPPn>PL.PZGIK.200</sln:miejscIIPPn><sln:miejscIIPWersja>2016-11-24T11:26:43+02:00</sln:miejscIIPWersja><sln:miejscIdTeryt>0592733</sln:miejscIdTeryt><sln:miejscNazwa>Lubosina</sln:miejscNazwa><sln:miejscRodzaj>Wieś</sln:miejscRodzaj><sln:powIIPId>c387b2d6-0b22-41cf-91ef-dd6a24f0bb07</sln:powIIPId><sln:powIIPPn>PL.PZGIK.200</sln:powIIPPn><sln:powIIPWersja>2012-09-27T08:59:03+02:00</sln:powIIPWersja><sln:powIdTeryt>3024</sln:powIdTeryt><sln:powNazwa>szamotulski</sln:powNazwa><sln:waznyOd>2012-03-15T00:00:00+01:00</sln:waznyOd><sln:wojIIPId>c606b01a-76c8-480d-9470-f24ca0d7a613</sln:wojIIPId><sln:wojIIPPn>PL.PZGIK.200</sln:wojIIPPn><sln:wojIIPWersja>2016-05-05T18:20:48+02:00</sln:wojIIPWersja><sln:wojIdTeryt>30</sln:wojIdTeryt><sln:wojNazwa>wielkopolskie</sln:wojNazwa></sln:miejscowosc><sln:miejscowosc><sln:cyklZyciaDo>2017-03-30T00:00:00+02:00</sln:cyklZyciaDo><sln:cyklZyciaOd>2015-10-13T00:00:00+02:00</sln:cyklZyciaOd><sln:gmIIPId>5fe92c81-c806-4ebe-b7f4-a2152a4616e6</sln:gmIIPId><sln:gmIIPPn>PL.PZGIK.200</sln:gmIIPPn><sln:gmIIPWersja>2012-09-26T22:23:16+02:00</sln:gmIIPWersja><sln:gmIdTeryt>3024063</sln:gmIdTeryt><sln:gmNazwa>Pniewy</sln:gmNazwa><sln:miejscIIPId>1ee56f23-f658-4d2f-87f0-cc6f020fb5eb</sln:miejscIIPId><sln:miejscIIPPn>PL.PZGIK.200</sln:miejscIIPPn><sln:miejscIIPWersja>2016-11-24T11:26:43+02:00</sln:miejscIIPWersja><sln:miejscIdTeryt>0592740</sln:miejscIdTeryt><sln:miejscNazwa>Lubosinek</sln:miejscNazwa><sln:miejscRodzaj>Wieś</sln:miejscRodzaj><sln:powIIPId>c387b2d6-0b22-41cf-91ef-dd6a24f0bb07</sln:powIIPId><sln:powIIPPn>PL.PZGIK.200</sln:powIIPPn><sln:powIIPWersja>2012-09-27T08:59:03+02:00</sln:powIIPWersja><sln:powIdTeryt>3024</sln:powIdTeryt><sln:powNazwa>szamotulski</sln:powNazwa><sln:waznyOd>2012-03-15T00:00:00+01:00</sln:waznyOd><sln:wojIIPId>c606b01a-76c8-480d-9470-f24ca0d7a613</sln:wojIIPId><sln:wojIIPPn>PL.PZGIK.200</sln:wojIIPPn><sln:wojIIPWersja>2016-05-05T18:20:48+02:00</sln:wojIIPWersja><sln:wojIdTeryt>30</sln:wojIdTeryt><sln:wojNazwa>wielkopolskie</sln:wojNazwa></sln:miejscowosc><sln:miejscowosc><sln:cyklZyciaDo>2017-03-30T00:00:00+02:00</sln:cyklZyciaDo><sln:cyklZyciaOd>2015-10-13T00:00:00+02:00</sln:cyklZyciaOd><sln:gmIIPId>5fe92c81-c806-4ebe-b7f4-a2152a4616e6</sln:gmIIPId><sln:gmIIPPn>PL.PZGIK.200</sln:gmIIPPn><sln:gmIIPWersja>2012-09-26T22:23:16+02:00</sln:gmIIPWersja><sln:gmIdTeryt>3024063</sln:gmIdTeryt><sln:gmNazwa>Pniewy</sln:gmNazwa><sln:miejscIIPId>c6a68ab6-be1d-479f-bbda-15efdf9f178d</sln:miejscIIPId><sln:miejscIIPPn>PL.PZGIK.200</sln:miejscIIPPn><sln:miejscIIPWersja>2016-11-24T11:26:43+02:00</sln:miejscIIPWersja><sln:miejscIdTeryt>0592756</sln:miejscIdTeryt><sln:miejscNazwa>Nojewo</sln:miejscNazwa><sln:miejscRodzaj>Wieś</sln:miejscRodzaj><sln:powIIPId>c387b2d6-0b22-41cf-91ef-dd6a24f0bb07</sln:powIIPId><sln:powIIPPn>PL.PZGIK.200</sln:powIIPPn><sln:powIIPWersja>2012-09-27T08:59:03+02:00</sln:powIIPWersja><sln:powIdTeryt>3024</sln:powIdTeryt><sln:powNazwa>szamotulski</sln:powNazwa><sln:waznyOd>2012-03-15T00:00:00+01:00</sln:waznyOd><sln:wojIIPId>c606b01a-76c8-480d-9470-f24ca0d7a613</sln:wojIIPId><sln:wojIIPPn>PL.PZGIK.200</sln:wojIIPPn><sln:wojIIPWersja>2016-05-05T18:20:48+02:00</sln:wojIIPWersja><sln:wojIdTeryt>30</sln:wojIdTeryt><sln:wojNazwa>wielkopolskie</sln:wojNazwa></sln:miejscowosc><sln:miejscowosc><sln:cyklZyciaDo>2017-03-30T00:00:00+02:00</sln:cyklZyciaDo><sln:cyklZyciaOd>2015-10-13T00:00:00+02:00</sln:cyklZyciaOd><sln:gmIIPId>5fe92c81-c806-4ebe-b7f4-a2152a4616e6</sln:gmIIPId><sln:gmIIPPn>PL.PZGIK.200</sln:gmIIPPn><sln:gmIIPWersja>2012-09-26T22:23:16+02:00</sln:gmIIPWersja><sln:gmIdTeryt>3024063</sln:gmIdTeryt><sln:gmNazwa>Pniewy</sln:gmNazwa><sln:miejscIIPId>95fdc4ac-0904-4bbb-acd3-bc2744e71238</sln:miejscIIPId><sln:miejscIIPPn>PL.PZGIK.200</sln:miejscIIPPn><sln:miejscIIPWersja>2016-11-24T11:26:43+02:00</sln:miejscIIPWersja><sln:miejscIdTeryt>0592779</sln:miejscIdTeryt><sln:miejscNazwa>Nosalewo</sln:miejscNazwa><sln:miejscRodzaj>Wieś</sln:miejscRodzaj><sln:powIIPId>c387b2d6-0b22-41cf-91ef-dd6a24f0bb07</sln:powIIPId><sln:powIIPPn>PL.PZGIK.200</sln:powIIPPn><sln:powIIPWersja>2012-09-27T08:59:03+02:00</sln:powIIPWersja><sln:powIdTeryt>3024</sln:powIdTeryt><sln:powNazwa>szamotulski</sln:powNazwa><sln:waznyOd>2012-03-15T00:00:00+01:00</sln:waznyOd><sln:wojIIPId>c606b01a-76c8-480d-9470-f24ca0d7a613</sln:wojIIPId><sln:wojIIPPn>PL.PZGIK.200</sln:wojIIPPn><sln:wojIIPWersja>2016-05-05T18:20:48+02:00</sln:wojIIPWersja><sln:wojIdTeryt>30</sln:wojIdTeryt><sln:wojNazwa>wielkopolskie</sln:wojNazwa></sln:miejscowosc><sln:miejscowosc><sln:cyklZyciaDo>2017-03-30T00:00:00+02:00</sln:cyklZyciaDo><sln:cyklZyciaOd>2015-10-13T00:00:00+02:00</sln:cyklZyciaOd><sln:gmIIPId>5fe92c81-c806-4ebe-b7f4-a2152a4616e6</sln:gmIIPId><sln:gmIIPPn>PL.PZGIK.200</sln:gmIIPPn><sln:gmIIPWersja>2012-09-26T22:23:16+02:00</sln:gmIIPWersja><sln:gmIdTeryt>3024063</sln:gmIdTeryt><sln:gmNazwa>Pniewy</sln:gmNazwa><sln:miejscIIPId>675cb0af-8150-46fa-9eba-57e2df1a2404</sln:miejscIIPId><sln:miejscIIPPn>PL.PZGIK.200</sln:miejscIIPPn><sln:miejscIIPWersja>2016-11-24T11:26:43+02:00</sln:miejscIIPWersja><sln:miejscIdTeryt>0592785</sln:miejscIdTeryt><sln:miejscNazwa>Orliczko</sln:miejscNazwa><sln:miejscRodzaj>Wieś</sln:miejscRodzaj><sln:powIIPId>c387b2d6-0b22-41cf-91ef-dd6a24f0bb07</sln:powIIPId><sln:powIIPPn>PL.PZGIK.200</sln:powIIPPn><sln:powIIPWersja>2012-09-27T08:59:03+02:00</sln:powIIPWersja><sln:powIdTeryt>3024</sln:powIdTeryt><sln:powNazwa>szamotulski</sln:powNazwa><sln:waznyOd>2012-03-15T00:00:00+01:00</sln:waznyOd><sln:wojIIPId>c606b01a-76c8-480d-9470-f24ca0d7a613</sln:wojIIPId><sln:wojIIPPn>PL.PZGIK.200</sln:wojIIPPn><sln:wojIIPWersja>2016-05-05T18:20:48+02:00</sln:wojIIPWersja><sln:wojIdTeryt>30</sln:wojIdTeryt><sln:wojNazwa>wielkopolskie</sln:wojNazwa></sln:miejscowosc><sln:miejscowosc><sln:cyklZyciaDo>2017-03-30T00:00:00+02:00</sln:cyklZyciaDo><sln:cyklZyciaOd>2015-10-13T00:00:00+02:00</sln:cyklZyciaOd><sln:gmIIPId>5fe92c81-c806-4ebe-b7f4-a2152a4616e6</sln:gmIIPId><sln:gmIIPPn>PL.PZGIK.200</sln:gmIIPPn><sln:gmIIPWersja>2012-09-26T22:23:16+02:00</sln:gmIIPWersja><sln:gmIdTeryt>3024063</sln:gmIdTeryt><sln:gmNazwa>Pniewy</sln:gmNazwa><sln:miejscIIPId>47a7aafb-2b1e-441e-9cd5-9abd1d2ec822</sln:miejscIIPId><sln:miejscIIPPn>PL.PZGIK.200</sln:miejscIIPPn><sln:miejscIIPWersja>2016-11-24T13:17:47+02:00</sln:miejscIIPWersja><sln:miejscIdTeryt>0971270</sln:miejscIdTeryt><sln:miejscNazwa>Pniewy</sln:miejscNazwa><sln:miejscRodzaj>Miasto</sln:miejscRodzaj><sln:powIIPId>c387b2d6-0b22-41cf-91ef-dd6a24f0bb07</sln:powIIPId><sln:powIIPPn>PL.PZGIK.200</sln:powIIPPn><sln:powIIPWersja>2012-09-27T08:59:03+02:00</sln:powIIPWersja><sln:powIdTeryt>3024</sln:powIdTeryt><sln:powNazwa>szamotulski</sln:powNazwa><sln:waznyOd>2012-03-15T00:00:00+01:00</sln:waznyOd><sln:wojIIPId>c606b01a-76c8-480d-9470-f24ca0d7a613</sln:wojIIPId><sln:wojIIPPn>PL.PZGIK.200</sln:wojIIPPn><sln:wojIIPWersja>2016-05-05T18:20:48+02:00</sln:wojIIPWersja><sln:wojIdTeryt>30</sln:wojIdTeryt><sln:wojNazwa>wielkopolskie</sln:wojNazwa></sln:miejscowosc><sln:miejscowosc><sln:cyklZyciaDo>2017-03-30T00:00:00+02:00</sln:cyklZyciaDo><sln:cyklZyciaOd>2015-10-13T00:00:00+02:00</sln:cyklZyciaOd><sln:gmIIPId>5fe92c81-c806-4ebe-b7f4-a2152a4616e6</sln:gmIIPId><sln:gmIIPPn>PL.PZGIK.200</sln:gmIIPPn><sln:gmIIPWersja>2012-09-26T22:23:16+02:00</sln:gmIIPWersja><sln:gmIdTeryt>3024063</sln:gmIdTeryt><sln:gmNazwa>Pniewy</sln:gmNazwa><sln:miejscIIPId>87442c51-571f-4348-a561-64e9382d559a</sln:miejscIIPId><sln:miejscIIPPn>PL.PZGIK.200</sln:miejscIIPPn><sln:miejscIIPWersja>2016-11-24T14:00:04+02:00</sln:miejscIIPWersja><sln:miejscIdTeryt>1008618</sln:miejscIdTeryt><sln:miejscNazwa>Podborowo</sln:miejscNazwa><sln:miejscRodzaj>Osada</sln:miejscRodzaj><sln:powIIPId>c387b2d6-0b22-41cf-91ef-dd6a24f0bb07</sln:powIIPId><sln:powIIPPn>PL.PZGIK.200</sln:powIIPPn><sln:powIIPWersja>2012-09-27T08:59:03+02:00</sln:powIIPWersja><sln:powIdTeryt>3024</sln:powIdTeryt><sln:powNazwa>szamotulski</sln:powNazwa><sln:waznyOd>2012-03-15T00:00:00+01:00</sln:waznyOd><sln:wojIIPId>c606b01a-76c8-480d-9470-f24ca0d7a613</sln:wojIIPId><sln:wojIIPPn>PL.PZGIK.200</sln:wojIIPPn><sln:wojIIPWersja>2016-05-05T18:20:48+02:00</sln:wojIIPWersja><sln:wojIdTeryt>30</sln:wojIdTeryt><sln:wojNazwa>wielkopolskie</sln:wojNazwa></sln:miejscowosc><sln:miejscowosc><sln:cyklZyciaDo>2017-03-30T00:00:00+02:00</sln:cyklZyciaDo><sln:cyklZyciaOd>2015-10-13T00:00:00+02:00</sln:cyklZyciaOd><sln:gmIIPId>5fe92c81-c806-4ebe-b7f4-a2152a4616e6</sln:gmIIPId><sln:gmIIPPn>PL.PZGIK.200</sln:gmIIPPn><sln:gmIIPWersja>2012-09-26T22:23:16+02:00</sln:gmIIPWersja><sln:gmIdTeryt>3024063</sln:gmIdTeryt><sln:gmNazwa>Pniewy</sln:gmNazwa><sln:miejscIIPId>e02ff649-a7d4-487a-9c7c-c9e29f52c0cf</sln:miejscIIPId><sln:miejscIIPPn>PL.PZGIK.200</sln:miejscIIPPn><sln:miejscIIPWersja>2016-11-24T11:26:43+02:00</sln:miejscIIPWersja><sln:miejscIdTeryt>0592791</sln:miejscIdTeryt><sln:miejscNazwa>Podpniewki</sln:miejscNazwa><sln:miejscRodzaj>Wieś</sln:miejscRodzaj><sln:powIIPId>c387b2d6-0b22-41cf-91ef-dd6a24f0bb07</sln:powIIPId><sln:powIIPPn>PL.PZGIK.200</sln:powIIPPn><sln:powIIPWersja>2012-09-27T08:59:03+02:00</sln:powIIPWersja><sln:powIdTeryt>3024</sln:powIdTeryt><sln:powNazwa>szamotulski</sln:powNazwa><sln:waznyOd>2012-03-15T00:00:00+01:00</sln:waznyOd><sln:wojIIPId>c606b01a-76c8-480d-9470-f24ca0d7a613</sln:wojIIPId><sln:wojIIPPn>PL.PZGIK.200</sln:wojIIPPn><sln:wojIIPWersja>2016-05-05T18:20:48+02:00</sln:wojIIPWersja><sln:wojIdTeryt>30</sln:wojIdTeryt><sln:wojNazwa>wielkopolskie</sln:wojNazwa></sln:miejscowosc><sln:miejscowosc><sln:cyklZyciaDo>2017-03-30T00:00:00+02:00</sln:cyklZyciaDo><sln:cyklZyciaOd>2015-10-13T00:00:00+02:00</sln:cyklZyciaOd><sln:gmIIPId>5fe92c81-c806-4ebe-b7f4-a2152a4616e6</sln:gmIIPId><sln:gmIIPPn>PL.PZGIK.200</sln:gmIIPPn><sln:gmIIPWersja>2012-09-26T22:23:16+02:00</sln:gmIIPWersja><sln:gmIdTeryt>3024063</sln:gmIdTeryt><sln:gmNazwa>Pniewy</sln:gmNazwa><sln:miejscIIPId>a102531d-2a08-43f5-9037-89fe27044846</sln:miejscIIPId><sln:miejscIIPPn>PL.PZGIK.200</sln:miejscIIPPn><sln:miejscIIPWersja>2016-11-24T11:26:43+02:00</sln:miejscIIPWersja><sln:miejscIdTeryt>0592800</sln:miejscIdTeryt><sln:miejscNazwa>Przystanki</sln:miejscNazwa><sln:miejscRodzaj>Wieś</sln:miejscRodzaj><sln:powIIPId>c387b2d6-0b22-41cf-91ef-dd6a24f0bb07</sln:powIIPId><sln:powIIPPn>PL.PZGIK.200</sln:powIIPPn><sln:powIIPWersja>2012-09-27T08:59:03+02:00</sln:powIIPWersja><sln:powIdTeryt>3024</sln:powIdTeryt><sln:powNazwa>szamotulski</sln:powNazwa><sln:waznyOd>2012-03-15T00:00:00+01:00</sln:waznyOd><sln:wojIIPId>c606b01a-76c8-480d-9470-f24ca0d7a613</sln:wojIIPId><sln:wojIIPPn>PL.PZGIK.200</sln:wojIIPPn><sln:wojIIPWersja>2016-05-05T18:20:48+02:00</sln:wojIIPWersja><sln:wojIdTeryt>30</sln:wojIdTeryt><sln:wojNazwa>wielkopolskie</sln:wojNazwa></sln:miejscowosc><sln:miejscowosc><sln:cyklZyciaDo>2017-03-30T00:00:00+02:00</sln:cyklZyciaDo><sln:cyklZyciaOd>2015-10-13T00:00:00+02:00</sln:cyklZyciaOd><sln:gmIIPId>5fe92c81-c806-4ebe-b7f4-a2152a4616e6</sln:gmIIPId><sln:gmIIPPn>PL.PZGIK.200</sln:gmIIPPn><sln:gmIIPWersja>2012-09-26T22:23:16+02:00</sln:gmIIPWersja><sln:gmIdTeryt>3024063</sln:gmIdTeryt><sln:gmNazwa>Pniewy</sln:gmNazwa><sln:miejscIIPId>c4946cd8-d3b8-4afe-85c0-aa6aba9bb143</sln:miejscIIPId><sln:miejscIIPPn>PL.PZGIK.200</sln:miejscIIPPn><sln:miejscIIPWersja>2016-11-24T11:26:43+02:00</sln:miejscIIPWersja><sln:miejscIdTeryt>0592667</sln:miejscIdTeryt><sln:miejscNazwa>Psarce</sln:miejscNazwa><sln:miejscRodzaj>Wieś</sln:miejscRodzaj><sln:powIIPId>c387b2d6-0b22-41cf-91ef-dd6a24f0bb07</sln:powIIPId><sln:powIIPPn>PL.PZGIK.200</sln:powIIPPn><sln:powIIPWersja>2012-09-27T08:59:03+02:00</sln:powIIPWersja><sln:powIdTeryt>3024</sln:powIdTeryt><sln:powNazwa>szamotulski</sln:powNazwa><sln:waznyOd>2012-03-15T00:00:00+01:00</sln:waznyOd><sln:wojIIPId>c606b01a-76c8-480d-9470-f24ca0d7a613</sln:wojIIPId><sln:wojIIPPn>PL.PZGIK.200</sln:wojIIPPn><sln:wojIIPWersja>2016-05-05T18:20:48+02:00</sln:wojIIPWersja><sln:wojIdTeryt>30</sln:wojIdTeryt><sln:wojNazwa>wielkopolskie</sln:wojNazwa></sln:miejscowosc><sln:miejscowosc><sln:cyklZyciaDo>2017-03-30T00:00:00+02:00</sln:cyklZyciaDo><sln:cyklZyciaOd>2015-10-13T00:00:00+02:00</sln:cyklZyciaOd><sln:gmIIPId>5fe92c81-c806-4ebe-b7f4-a2152a4616e6</sln:gmIIPId><sln:gmIIPPn>PL.PZGIK.200</sln:gmIIPPn><sln:gmIIPWersja>2012-09-26T22:23:16+02:00</sln:gmIIPWersja><sln:gmIdTeryt>3024063</sln:gmIdTeryt><sln:gmNazwa>Pniewy</sln:gmNazwa><sln:miejscIIPId>d98a20d6-6445-4c77-a3e5-fd34e367edf2</sln:miejscIIPId><sln:miejscIIPPn>PL.PZGIK.200</sln:miejscIIPPn><sln:miejscIIPWersja>2016-11-24T11:26:43+02:00</sln:miejscIIPWersja><sln:miejscIdTeryt>0592704</sln:miejscIdTeryt><sln:miejscNazwa>Psarki</sln:miejscNazwa><sln:miejscRodzaj>Wieś</sln:miejscRodzaj><sln:powIIPId>c387b2d6-0b22-41cf-91ef-dd6a24f0bb07</sln:powIIPId><sln:powIIPPn>PL.PZGIK.200</sln:powIIPPn><sln:powIIPWersja>2012-09-27T08:59:03+02:00</sln:powIIPWersja><sln:powIdTeryt>3024</sln:powIdTeryt><sln:powNazwa>szamotulski</sln:powNazwa><sln:waznyOd>2012-03-15T00:00:00+01:00</sln:waznyOd><sln:wojIIPId>c606b01a-76c8-480d-9470-f24ca0d7a613</sln:wojIIPId><sln:wojIIPPn>PL.PZGIK.200</sln:wojIIPPn><sln:wojIIPWersja>2016-05-05T18:20:48+02:00</sln:wojIIPWersja><sln:wojIdTeryt>30</sln:wojIdTeryt><sln:wojNazwa>wielkopolskie</sln:wojNazwa></sln:miejscowosc><sln:miejscowosc><sln:cyklZyciaDo>2017-03-30T00:00:00+02:00</sln:cyklZyciaDo><sln:cyklZyciaOd>2015-10-13T00:00:00+02:00</sln:cyklZyciaOd><sln:gmIIPId>5fe92c81-c806-4ebe-b7f4-a2152a4616e6</sln:gmIIPId><sln:gmIIPPn>PL.PZGIK.200</sln:gmIIPPn><sln:gmIIPWersja>2012-09-26T22:23:16+02:00</sln:gmIIPWersja><sln:gmIdTeryt>3024063</sln:gmIdTeryt><sln:gmNazwa>Pniewy</sln:gmNazwa><sln:miejscIIPId>24543bed-a95e-461d-bd87-3ba11c14eb70</sln:miejscIIPId><sln:miejscIIPPn>PL.PZGIK.200</sln:miejscIIPPn><sln:miejscIIPWersja>2016-11-24T11:26:43+02:00</sln:miejscIIPWersja><sln:miejscIdTeryt>0592816</sln:miejscIdTeryt><sln:miejscNazwa>Psarskie</sln:miejscNazwa><sln:miejscRodzaj>Wieś</sln:miejscRodzaj><sln:powIIPId>c387b2d6-0b22-41cf-91ef-dd6a24f0bb07</sln:powIIPId><sln:powIIPPn>PL.PZGIK.200</sln:powIIPPn><sln:powIIPWersja>2012-09-27T08:59:03+02:00</sln:powIIPWersja><sln:powIdTeryt>3024</sln:powIdTeryt><sln:powNazwa>szamotulski</sln:powNazwa><sln:waznyOd>2012-03-15T00:00:00+01:00</sln:waznyOd><sln:wojIIPId>c606b01a-76c8-480d-9470-f24ca0d7a613</sln:wojIIPId><sln:wojIIPPn>PL.PZGIK.200</sln:wojIIPPn><sln:wojIIPWersja>2016-05-05T18:20:48+02:00</sln:wojIIPWersja><sln:wojIdTeryt>30</sln:wojIdTeryt><sln:wojNazwa>wielkopolskie</sln:wojNazwa></sln:miejscowosc><sln:miejscowosc><sln:cyklZyciaDo>2017-03-30T00:00:00+02:00</sln:cyklZyciaDo><sln:cyklZyciaOd>2015-10-13T00:00:00+02:00</sln:cyklZyciaOd><sln:gmIIPId>5fe92c81-c806-4ebe-b7f4-a2152a4616e6</sln:gmIIPId><sln:gmIIPPn>PL.PZGIK.200</sln:gmIIPPn><sln:gmIIPWersja>2012-09-26T22:23:16+02:00</sln:gmIIPWersja><sln:gmIdTeryt>3024063</sln:gmIdTeryt><sln:gmNazwa>Pniewy</sln:gmNazwa><sln:miejscIIPId>7b5a712f-06e3-46e9-8bc0-c5d0f9616e25</sln:miejscIIPId><sln:miejscIIPPn>PL.PZGIK.200</sln:miejscIIPPn><sln:miejscIIPWersja>2016-11-24T11:26:43+02:00</sln:miejscIIPWersja><sln:miejscIdTeryt>0592839</sln:miejscIdTeryt><sln:miejscNazwa>Rudka</sln:miejscNazwa><sln:miejscRodzaj>Wieś</sln:miejscRodzaj><sln:powIIPId>c387b2d6-0b22-41cf-91ef-dd6a24f0bb07</sln:powIIPId><sln:powIIPPn>PL.PZGIK.200</sln:powIIPPn><sln:powIIPWersja>2012-09-27T08:59:03+02:00</sln:powIIPWersja><sln:powIdTeryt>3024</sln:powIdTeryt><sln:powNazwa>szamotulski</sln:powNazwa><sln:waznyOd>2012-03-15T00:00:00+01:00</sln:waznyOd><sln:wojIIPId>c606b01a-76c8-480d-9470-f24ca0d7a613</sln:wojIIPId><sln:wojIIPPn>PL.PZGIK.200</sln:wojIIPPn><sln:wojIIPWersja>2016-05-05T18:20:48+02:00</sln:wojIIPWersja><sln:wojIdTeryt>30</sln:wojIdTeryt><sln:wojNazwa>wielkopolskie</sln:wojNazwa></sln:miejscowosc><sln:miejscowosc><sln:cyklZyciaDo>2017-03-30T00:00:00+02:00</sln:cyklZyciaDo><sln:cyklZyciaOd>2015-10-13T00:00:00+02:00</sln:cyklZyciaOd><sln:gmIIPId>5fe92c81-c806-4ebe-b7f4-a2152a4616e6</sln:gmIIPId><sln:gmIIPPn>PL.PZGIK.200</sln:gmIIPPn><sln:gmIIPWersja>2012-09-26T22:23:16+02:00</sln:gmIIPWersja><sln:gmIdTeryt>3024063</sln:gmIdTeryt><sln:gmNazwa>Pniewy</sln:gmNazwa><sln:miejscIIPId>bcc359ec-df1c-4962-9e84-3eaa73f59e8e</sln:miejscIIPId><sln:miejscIIPPn>PL.PZGIK.200</sln:miejscIIPPn><sln:miejscIIPWersja>2016-11-24T11:26:43+02:00</sln:miejscIIPWersja><sln:miejscIdTeryt>0592590</sln:miejscIdTeryt><sln:miejscNazwa>Szymanowo</sln:miejscNazwa><sln:miejscRodzaj>Kolonia</sln:miejscRodzaj><sln:powIIPId>c387b2d6-0b22-41cf-91ef-dd6a24f0bb07</sln:powIIPId><sln:powIIPPn>PL.PZGIK.200</sln:powIIPPn><sln:powIIPWersja>2012-09-27T08:59:03+02:00</sln:powIIPWersja><sln:powIdTeryt>3024</sln:powIdTeryt><sln:powNazwa>szamotulski</sln:powNazwa><sln:waznyOd>2012-03-15T00:00:00+01:00</sln:waznyOd><sln:wojIIPId>c606b01a-76c8-480d-9470-f24ca0d7a613</sln:wojIIPId><sln:wojIIPPn>PL.PZGIK.200</sln:wojIIPPn><sln:wojIIPWersja>2016-05-05T18:20:48+02:00</sln:wojIIPWersja><sln:wojIdTeryt>30</sln:wojIdTeryt><sln:wojNazwa>wielkopolskie</sln:wojNazwa></sln:miejscowosc><sln:miejscowosc><sln:cyklZyciaDo>2017-03-30T00:00:00+02:00</sln:cyklZyciaDo><sln:cyklZyciaOd>2015-10-13T00:00:00+02:00</sln:cyklZyciaOd><sln:gmIIPId>5fe92c81-c806-4ebe-b7f4-a2152a4616e6</sln:gmIIPId><sln:gmIIPPn>PL.PZGIK.200</sln:gmIIPPn><sln:gmIIPWersja>2012-09-26T22:23:16+02:00</sln:gmIIPWersja><sln:gmIdTeryt>3024063</sln:gmIdTeryt><sln:gmNazwa>Pniewy</sln:gmNazwa><sln:miejscIIPId>06d8c7f9-3260-458d-b9a6-81c609b8a680</sln:miejscIIPId><sln:miejscIIPPn>PL.PZGIK.200</sln:miejscIIPPn><sln:miejscIIPWersja>2016-11-24T11:26:43+02:00</sln:miejscIIPWersja><sln:miejscIdTeryt>0592845</sln:miejscIdTeryt><sln:miejscNazwa>Turowo</sln:miejscNazwa><sln:miejscRodzaj>Wieś</sln:miejscRodzaj><sln:powIIPId>c387b2d6-0b22-41cf-91ef-dd6a24f0bb07</sln:powIIPId><sln:powIIPPn>PL.PZGIK.200</sln:powIIPPn><sln:powIIPWersja>2012-09-27T08:59:03+02:00</sln:powIIPWersja><sln:powIdTeryt>3024</sln:powIdTeryt><sln:powNazwa>szamotulski</sln:powNazwa><sln:waznyOd>2012-03-15T00:00:00+01:00</sln:waznyOd><sln:wojIIPId>c606b01a-76c8-480d-9470-f24ca0d7a613</sln:wojIIPId><sln:wojIIPPn>PL.PZGIK.200</sln:wojIIPPn><sln:wojIIPWersja>2016-05-05T18:20:48+02:00</sln:wojIIPWersja><sln:wojIdTeryt>30</sln:wojIdTeryt><sln:wojNazwa>wielkopolskie</sln:wojNazwa></sln:miejscowosc><sln:miejscowosc><sln:cyklZyciaDo>2017-03-30T00:00:00+02:00</sln:cyklZyciaDo><sln:cyklZyciaOd>2015-10-13T00:00:00+02:00</sln:cyklZyciaOd><sln:gmIIPId>5fe92c81-c806-4ebe-b7f4-a2152a4616e6</sln:gmIIPId><sln:gmIIPPn>PL.PZGIK.200</sln:gmIIPPn><sln:gmIIPWersja>2012-09-26T22:23:16+02:00</sln:gmIIPWersja><sln:gmIdTeryt>3024063</sln:gmIdTeryt><sln:gmNazwa>Pniewy</sln:gmNazwa><sln:miejscIIPId>a9c3acdc-7ea3-4b42-822d-1923b7ade05e</sln:miejscIIPId><sln:miejscIIPPn>PL.PZGIK.200</sln:miejscIIPPn><sln:miejscIIPWersja>2016-11-24T11:26:43+02:00</sln:miejscIIPWersja><sln:miejscIdTeryt>0592851</sln:miejscIdTeryt><sln:miejscNazwa>Zajączkowo</sln:miejscNazwa><sln:miejscRodzaj>Wieś</sln:miejscRodzaj><sln:powIIPId>c387b2d6-0b22-41cf-91ef-dd6a24f0bb07</sln:powIIPId><sln:powIIPPn>PL.PZGIK.200</sln:powIIPPn><sln:powIIPWersja>2012-09-27T08:59:03+02:00</sln:powIIPWersja><sln:powIdTeryt>3024</sln:powIdTeryt><sln:powNazwa>szamotulski</sln:powNazwa><sln:waznyOd>2012-03-15T00:00:00+01:00</sln:waznyOd><sln:wojIIPId>c606b01a-76c8-480d-9470-f24ca0d7a613</sln:wojIIPId><sln:wojIIPPn>PL.PZGIK.200</sln:wojIIPPn><sln:wojIIPWersja>2016-05-05T18:20:48+02:00</sln:wojIIPWersja><sln:wojIdTeryt>30</sln:wojIdTeryt><sln:wojNazwa>wielkopolskie</sln:wojNazwa></sln:miejscowosc><sln:miejscowosc><sln:cyklZyciaDo>2017-03-30T00:00:00+02:00</sln:cyklZyciaDo><sln:cyklZyciaOd>2015-10-13T00:00:00+02:00</sln:cyklZyciaOd><sln:gmIIPId>5fe92c81-c806-4ebe-b7f4-a2152a4616e6</sln:gmIIPId><sln:gmIIPPn>PL.PZGIK.200</sln:gmIIPPn><sln:gmIIPWersja>2012-09-26T22:23:16+02:00</sln:gmIIPWersja><sln:gmIdTeryt>3024063</sln:gmIdTeryt><sln:gmNazwa>Pniewy</sln:gmNazwa><sln:miejscIIPId>1d5504d3-a5eb-47b1-ba61-01b3c8f3bf2d</sln:miejscIIPId><sln:miejscIIPPn>PL.PZGIK.200</sln:miejscIIPPn><sln:miejscIIPWersja>2016-11-24T11:26:43+02:00</sln:miejscIIPWersja><sln:miejscIdTeryt>0592868</sln:miejscIdTeryt><sln:miejscNazwa>Zamorze</sln:miejscNazwa><sln:miejscRodzaj>Wieś</sln:miejscRodzaj><sln:powIIPId>c387b2d6-0b22-41cf-91ef-dd6a24f0bb07</sln:powIIPId><sln:powIIPPn>PL.PZGIK.200</sln:powIIPPn><sln:powIIPWersja>2012-09-27T08:59:03+02:00</sln:powIIPWersja><sln:powIdTeryt>3024</sln:powIdTeryt><sln:powNazwa>szamotulski</sln:powNazwa><sln:waznyOd>2012-03-15T00:00:00+01:00</sln:waznyOd><sln:wojIIPId>c606b01a-76c8-480d-9470-f24ca0d7a613</sln:wojIIPId><sln:wojIIPPn>PL.PZGIK.200</sln:wojIIPPn><sln:wojIIPWersja>2016-05-05T18:20:48+02:00</sln:wojIIPWersja><sln:wojIdTeryt>30</sln:wojIdTeryt><sln:wojNazwa>wielkopolskie</sln:wojNazwa></sln:miejscowosc><sln:miejscowosc><sln:cyklZyciaOd>2017-03-30T00:00:00+02:00</sln:cyklZyciaOd><sln:gmIIPId>5fe92c81-c806-4ebe-b7f4-a2152a4616e6</sln:gmIIPId><sln:gmIIPPn>PL.PZGIK.200</sln:gmIIPPn><sln:gmIIPWersja>2012-09-26T22:23:16+02:00</sln:gmIIPWersja><sln:gmIdTeryt>3024063</sln:gmIdTeryt><sln:gmNazwa>Pniewy</sln:gmNazwa><sln:miejscIIPId>bc16a035-9072-4b03-8aa8-552cef7c318e</sln:miejscIIPId><sln:miejscIIPPn>PL.PZGIK.200</sln:miejscIIPPn><sln:miejscIIPWersja>2017-03-30T12:42:31+02:00</sln:miejscIIPWersja><sln:miejscIdTeryt>0592584</sln:miejscIdTeryt><sln:miejscNazwa>Buszewko</sln:miejscNazwa><sln:miejscRodzaj>Wieś</sln:miejscRodzaj><sln:powIIPId>c387b2d6-0b22-41cf-91ef-dd6a24f0bb07</sln:powIIPId><sln:powIIPPn>PL.PZGIK.200</sln:powIIPPn><sln:powIIPWersja>2012-09-27T08:59:03+02:00</sln:powIIPWersja><sln:powIdTeryt>3024</sln:powIdTeryt><sln:powNazwa>szamotulski</sln:powNazwa><sln:waznyOd>2012-03-15T00:00:00+01:00</sln:waznyOd><sln:wojIIPId>c606b01a-76c8-480d-9470-f24ca0d7a613</sln:wojIIPId><sln:wojIIPPn>PL.PZGIK.200</sln:wojIIPPn><sln:wojIIPWersja>2016-05-05T18:20:48+02:00</sln:wojIIPWersja><sln:wojIdTeryt>30</sln:wojIdTeryt><sln:wojNazwa>wielkopolskie</sln:wojNazwa></sln:miejscowosc><sln:miejscowosc><sln:cyklZyciaOd>2017-03-30T00:00:00+02:00</sln:cyklZyciaOd><sln:gmIIPId>5fe92c81-c806-4ebe-b7f4-a2152a4616e6</sln:gmIIPId><sln:gmIIPPn>PL.PZGIK.200</sln:gmIIPPn><sln:gmIIPWersja>2012-09-26T22:23:16+02:00</sln:gmIIPWersja><sln:gmIdTeryt>3024063</sln:gmIdTeryt><sln:gmNazwa>Pniewy</sln:gmNazwa><sln:miejscIIPId>bcc359ec-df1c-4962-9e84-3eaa73f59e8e</sln:miejscIIPId><sln:miejscIIPPn>PL.PZGIK.200</sln:miejscIIPPn><sln:miejscIIPWersja>2017-03-30T12:42:38+02:00</sln:miejscIIPWersja><sln:miejscIdTeryt>0592590</sln:miejscIdTeryt><sln:miejscNazwa>Szymanowo</sln:miejscNazwa><sln:miejscRodzaj>Kolonia</sln:miejscRodzaj><sln:powIIPId>c387b2d6-0b22-41cf-91ef-dd6a24f0bb07</sln:powIIPId><sln:powIIPPn>PL.PZGIK.200</sln:powIIPPn><sln:powIIPWersja>2012-09-27T08:59:03+02:00</sln:powIIPWersja><sln:powIdTeryt>3024</sln:powIdTeryt><sln:powNazwa>szamotulski</sln:powNazwa><sln:waznyOd>2012-03-15T00:00:00+01:00</sln:waznyOd><sln:wojIIPId>c606b01a-76c8-480d-9470-f24ca0d7a613</sln:wojIIPId><sln:wojIIPPn>PL.PZGIK.200</sln:wojIIPPn><sln:wojIIPWersja>2016-05-05T18:20:48+02:00</sln:wojIIPWersja><sln:wojIdTeryt>30</sln:wojIdTeryt><sln:wojNazwa>wielkopolskie</sln:wojNazwa></sln:miejscowosc><sln:miejscowosc><sln:cyklZyciaOd>2017-03-30T00:00:00+02:00</sln:cyklZyciaOd><sln:gmIIPId>5fe92c81-c806-4ebe-b7f4-a2152a4616e6</sln:gmIIPId><sln:gmIIPPn>PL.PZGIK.200</sln:gmIIPPn><sln:gmIIPWersja>2012-09-26T22:23:16+02:00</sln:gmIIPWersja><sln:gmIdTeryt>3024063</sln:gmIdTeryt><sln:gmNazwa>Pniewy</sln:gmNazwa><sln:miejscIIPId>68ec52a6-d8b1-4d50-ac7b-95af6389cd51</sln:miejscIIPId><sln:miejscIIPPn>PL.PZGIK.200</sln:miejscIIPPn><sln:miejscIIPWersja>2017-03-30T12:42:38+02:00</sln:miejscIIPWersja><sln:miejscIdTeryt>0592609</sln:miejscIdTeryt><sln:miejscNazwa>Buszewo</sln:miejscNazwa><sln:miejscRodzaj>Wieś</sln:miejscRodzaj><sln:powIIPId>c387b2d6-0b22-41cf-91ef-dd6a24f0bb07</sln:powIIPId><sln:powIIPPn>PL.PZGIK.200</sln:powIIPPn><sln:powIIPWersja>2012-09-27T08:59:03+02:00</sln:powIIPWersja><sln:powIdTeryt>3024</sln:powIdTeryt><sln:powNazwa>szamotulski</sln:powNazwa><sln:waznyOd>2012-03-15T00:00:00+01:00</sln:waznyOd><sln:wojIIPId>c606b01a-76c8-480d-9470-f24ca0d7a613</sln:wojIIPId><sln:wojIIPPn>PL.PZGIK.200</sln:wojIIPPn><sln:wojIIPWersja>2016-05-05T18:20:48+02:00</sln:wojIIPWersja><sln:wojIdTeryt>30</sln:wojIdTeryt><sln:wojNazwa>wielkopolskie</sln:wojNazwa></sln:miejscowosc><sln:miejscowosc><sln:cyklZyciaOd>2017-03-30T00:00:00+02:00</sln:cyklZyciaOd><sln:gmIIPId>5fe92c81-c806-4ebe-b7f4-a2152a4616e6</sln:gmIIPId><sln:gmIIPPn>PL.PZGIK.200</sln:gmIIPPn><sln:gmIIPWersja>2012-09-26T22:23:16+02:00</sln:gmIIPWersja><sln:gmIdTeryt>3024063</sln:gmIdTeryt><sln:gmNazwa>Pniewy</sln:gmNazwa><sln:miejscIIPId>930e63f5-79e0-4a72-a192-e0e52ce52c54</sln:miejscIIPId><sln:miejscIIPPn>PL.PZGIK.200</sln:miejscIIPPn><sln:miejscIIPWersja>2017-03-30T12:42:38+02:00</sln:miejscIIPWersja><sln:miejscIdTeryt>0592615</sln:miejscIdTeryt><sln:miejscNazwa>Chełmno</sln:miejscNazwa><sln:miejscRodzaj>Wieś</sln:miejscRodzaj><sln:powIIPId>c387b2d6-0b22-41cf-91ef-dd6a24f0bb07</sln:powIIPId><sln:powIIPPn>PL.PZGIK.200</sln:powIIPPn><sln:powIIPWersja>2012-09-27T08:59:03+02:00</sln:powIIPWersja><sln:powIdTeryt>3024</sln:powIdTeryt><sln:powNazwa>szamotulski</sln:powNazwa><sln:waznyOd>2012-03-15T00:00:00+01:00</sln:waznyOd><sln:wojIIPId>c606b01a-76c8-480d-9470-f24ca0d7a613</sln:wojIIPId><sln:wojIIPPn>PL.PZGIK.200</sln:wojIIPPn><sln:wojIIPWersja>2016-05-05T18:20:48+02:00</sln:wojIIPWersja><sln:wojIdTeryt>30</sln:wojIdTeryt><sln:wojNazwa>wielkopolskie</sln:wojNazwa></sln:miejscowosc><sln:miejscowosc><sln:cyklZyciaOd>2017-03-30T00:00:00+02:00</sln:cyklZyciaOd><sln:gmIIPId>5fe92c81-c806-4ebe-b7f4-a2152a4616e6</sln:gmIIPId><sln:gmIIPPn>PL.PZGIK.200</sln:gmIIPPn><sln:gmIIPWersja>2012-09-26T22:23:16+02:00</sln:gmIIPWersja><sln:gmIdTeryt>3024063</sln:gmIdTeryt><sln:gmNazwa>Pniewy</sln:gmNazwa><sln:miejscIIPId>b68868f6-4ed1-4edd-bc95-4ae231f8887f</sln:miejscIIPId><sln:miejscIIPPn>PL.PZGIK.200</sln:miejscIIPPn><sln:miejscIIPWersja>2017-03-30T12:42:38+02:00</sln:miejscIIPWersja><sln:miejscIdTeryt>0592621</sln:miejscIdTeryt><sln:miejscNazwa>Dębina</sln:miejscNazwa><sln:miejscRodzaj>Wieś</sln:miejscRodzaj><sln:powIIPId>c387b2d6-0b22-41cf-91ef-dd6a24f0bb07</sln:powIIPId><sln:powIIPPn>PL.PZGIK.200</sln:powIIPPn><sln:powIIPWersja>2012-09-27T08:59:03+02:00</sln:powIIPWersja><sln:powIdTeryt>3024</sln:powIdTeryt><sln:powNazwa>szamotulski</sln:powNazwa><sln:waznyOd>2012-03-15T00:00:00+01:00</sln:waznyOd><sln:wojIIPId>c606b01a-76c8-480d-9470-f24ca0d7a613</sln:wojIIPId><sln:wojIIPPn>PL.PZGIK.200</sln:wojIIPPn><sln:wojIIPWersja>2016-05-05T18:20:48+02:00</sln:wojIIPWersja><sln:wojIdTeryt>30</sln:wojIdTeryt><sln:wojNazwa>wielkopolskie</sln:wojNazwa></sln:miejscowosc><sln:miejscowosc><sln:cyklZyciaOd>2017-03-30T00:00:00+02:00</sln:cyklZyciaOd><sln:gmIIPId>5fe92c81-c806-4ebe-b7f4-a2152a4616e6</sln:gmIIPId><sln:gmIIPPn>PL.PZGIK.200</sln:gmIIPPn><sln:gmIIPWersja>2012-09-26T22:23:16+02:00</sln:gmIIPWersja><sln:gmIdTeryt>3024063</sln:gmIdTeryt><sln:gmNazwa>Pniewy</sln:gmNazwa><sln:miejscIIPId>187947e3-03c4-40d1-b3f5-d8ffff1bdfef</sln:miejscIIPId><sln:miejscIIPPn>PL.PZGIK.200</sln:miejscIIPPn><sln:miejscIIPWersja>2017-03-30T12:42:38+02:00</sln:miejscIIPWersja><sln:miejscIdTeryt>0592638</sln:miejscIdTeryt><sln:miejscNazwa>Dęborzyce</sln:miejscNazwa><sln:miejscRodzaj>Wieś</sln:miejscRodzaj><sln:powIIPId>c387b2d6-0b22-41cf-91ef-dd6a24f0bb07</sln:powIIPId><sln:powIIPPn>PL.PZGIK.200</sln:powIIPPn><sln:powIIPWersja>2012-09-27T08:59:03+02:00</sln:powIIPWersja><sln:powIdTeryt>3024</sln:powIdTeryt><sln:powNazwa>szamotulski</sln:powNazwa><sln:waznyOd>2012-03-15T00:00:00+01:00</sln:waznyOd><sln:wojIIPId>c606b01a-76c8-480d-9470-f24ca0d7a613</sln:wojIIPId><sln:wojIIPPn>PL.PZGIK.200</sln:wojIIPPn><sln:wojIIPWersja>2016-05-05T18:20:48+02:00</sln:wojIIPWersja><sln:wojIdTeryt>30</sln:wojIdTeryt><sln:wojNazwa>wielkopolskie</sln:wojNazwa></sln:miejscowosc><sln:miejscowosc><sln:cyklZyciaOd>2017-03-30T00:00:00+02:00</sln:cyklZyciaOd><sln:gmIIPId>5fe92c81-c806-4ebe-b7f4-a2152a4616e6</sln:gmIIPId><sln:gmIIPPn>PL.PZGIK.200</sln:gmIIPPn><sln:gmIIPWersja>2012-09-26T22:23:16+02:00</sln:gmIIPWersja><sln:gmIdTeryt>3024063</sln:gmIdTeryt><sln:gmNazwa>Pniewy</sln:gmNazwa><sln:miejscIIPId>19eba34c-7189-49cf-88ca-c2d276679ffd</sln:miejscIIPId><sln:miejscIIPPn>PL.PZGIK.200</sln:miejscIIPPn><sln:miejscIIPWersja>2017-03-30T12:42:38+02:00</sln:miejscIIPWersja><sln:miejscIdTeryt>0592644</sln:miejscIdTeryt><sln:miejscNazwa>Jakubowo</sln:miejscNazwa><sln:miejscRodzaj>Wieś</sln:miejscRodzaj><sln:powIIPId>c387b2d6-0b22-41cf-91ef-dd6a24f0bb07</sln:powIIPId><sln:powIIPPn>PL.PZGIK.200</sln:powIIPPn><sln:powIIPWersja>2012-09-27T08:59:03+02:00</sln:powIIPWersja><sln:powIdTeryt>3024</sln:powIdTeryt><sln:powNazwa>szamotulski</sln:powNazwa><sln:waznyOd>2012-03-15T00:00:00+01:00</sln:waznyOd><sln:wojIIPId>c606b01a-76c8-480d-9470-f24ca0d7a613</sln:wojIIPId><sln:wojIIPPn>PL.PZGIK.200</sln:wojIIPPn><sln:wojIIPWersja>2016-05-05T18:20:48+02:00</sln:wojIIPWersja><sln:wojIdTeryt>30</sln:wojIdTeryt><sln:wojNazwa>wielkopolskie</sln:wojNazwa></sln:miejscowosc><sln:miejscowosc><sln:cyklZyciaOd>2017-03-30T00:00:00+02:00</sln:cyklZyciaOd><sln:gmIIPId>5fe92c81-c806-4ebe-b7f4-a2152a4616e6</sln:gmIIPId><sln:gmIIPPn>PL.PZGIK.200</sln:gmIIPPn><sln:gmIIPWersja>2012-09-26T22:23:16+02:00</sln:gmIIPWersja><sln:gmIdTeryt>3024063</sln:gmIdTeryt><sln:gmNazwa>Pniewy</sln:gmNazwa><sln:miejscIIPId>6afeaf98-c872-450d-99da-7fb809b7991e</sln:miejscIIPId><sln:miejscIIPPn>PL.PZGIK.200</sln:miejscIIPPn><sln:miejscIIPWersja>2017-03-30T12:42:38+02:00</sln:miejscIIPWersja><sln:miejscIdTeryt>0592650</sln:miejscIdTeryt><sln:miejscNazwa>Karmin</sln:miejscNazwa><sln:miejscRodzaj>Wieś</sln:miejscRodzaj><sln:powIIPId>c387b2d6-0b22-41cf-91ef-dd6a24f0bb07</sln:powIIPId><sln:powIIPPn>PL.PZGIK.200</sln:powIIPPn><sln:powIIPWersja>2012-09-27T08:59:03+02:00</sln:powIIPWersja><sln:powIdTeryt>3024</sln:powIdTeryt><sln:powNazwa>szamotulski</sln:powNazwa><sln:waznyOd>2012-03-15T00:00:00+01:00</sln:waznyOd><sln:wojIIPId>c606b01a-76c8-480d-9470-f24ca0d7a613</sln:wojIIPId><sln:wojIIPPn>PL.PZGIK.200</sln:wojIIPPn><sln:wojIIPWersja>2016-05-05T18:20:48+02:00</sln:wojIIPWersja><sln:wojIdTeryt>30</sln:wojIdTeryt><sln:wojNazwa>wielkopolskie</sln:wojNazwa></sln:miejscowosc><sln:miejscowosc><sln:cyklZyciaOd>2017-03-30T00:00:00+02:00</sln:cyklZyciaOd><sln:gmIIPId>5fe92c81-c806-4ebe-b7f4-a2152a4616e6</sln:gmIIPId><sln:gmIIPPn>PL.PZGIK.200</sln:gmIIPPn><sln:gmIIPWersja>2012-09-26T22:23:16+02:00</sln:gmIIPWersja><sln:gmIdTeryt>3024063</sln:gmIdTeryt><sln:gmNazwa>Pniewy</sln:gmNazwa><sln:miejscIIPId>c4946cd8-d3b8-4afe-85c0-aa6aba9bb143</sln:miejscIIPId><sln:miejscIIPPn>PL.PZGIK.200</sln:miejscIIPPn><sln:miejscIIPWersja>2017-03-30T12:42:38+02:00</sln:miejscIIPWersja><sln:miejscIdTeryt>0592667</sln:miejscIdTeryt><sln:miejscNazwa>Psarce</sln:miejscNazwa><sln:miejscRodzaj>Wieś</sln:miejscRodzaj><sln:powIIPId>c387b2d6-0b22-41cf-91ef-dd6a24f0bb07</sln:powIIPId><sln:powIIPPn>PL.PZGIK.200</sln:powIIPPn><sln:powIIPWersja>2012-09-27T08:59:03+02:00</sln:powIIPWersja><sln:powIdTeryt>3024</sln:powIdTeryt><sln:powNazwa>szamotulski</sln:powNazwa><sln:waznyOd>2012-03-15T00:00:00+01:00</sln:waznyOd><sln:wojIIPId>c606b01a-76c8-480d-9470-f24ca0d7a613</sln:wojIIPId><sln:wojIIPPn>PL.PZGIK.200</sln:wojIIPPn><sln:wojIIPWersja>2016-05-05T18:20:48+02:00</sln:wojIIPWersja><sln:wojIdTeryt>30</sln:wojIdTeryt><sln:wojNazwa>wielkopolskie</sln:wojNazwa></sln:miejscowosc><sln:miejscowosc><sln:cyklZyciaOd>2017-03-30T00:00:00+02:00</sln:cyklZyciaOd><sln:gmIIPId>5fe92c81-c806-4ebe-b7f4-a2152a4616e6</sln:gmIIPId><sln:gmIIPPn>PL.PZGIK.200</sln:gmIIPPn><sln:gmIIPWersja>2012-09-26T22:23:16+02:00</sln:gmIIPWersja><sln:gmIdTeryt>3024063</sln:gmIdTeryt><sln:gmNazwa>Pniewy</sln:gmNazwa><sln:miejscIIPId>4ea2e65e-25fb-4f6d-ac1a-5e6a04977b30</sln:miejscIIPId><sln:miejscIIPPn>PL.PZGIK.200</sln:miejscIIPPn><sln:miejscIIPWersja>2017-03-30T12:42:38+02:00</sln:miejscIIPWersja><sln:miejscIdTeryt>0592673</sln:miejscIdTeryt><sln:miejscNazwa>Konin</sln:miejscNazwa><sln:miejscRodzaj>Wieś</sln:miejscRodzaj><sln:powIIPId>c387b2d6-0b22-41cf-91ef-dd6a24f0bb07</sln:powIIPId><sln:powIIPPn>PL.PZGIK.200</sln:powIIPPn><sln:powIIPWersja>2012-09-27T08:59:03+02:00</sln:powIIPWersja><sln:powIdTeryt>3024</sln:powIdTeryt><sln:powNazwa>szamotulski</sln:powNazwa><sln:waznyOd>2012-03-15T00:00:00+01:00</sln:waznyOd><sln:wojIIPId>c606b01a-76c8-480d-9470-f24ca0d7a613</sln:wojIIPId><sln:wojIIPPn>PL.PZGIK.200</sln:wojIIPPn><sln:wojIIPWersja>2016-05-05T18:20:48+02:00</sln:wojIIPWersja><sln:wojIdTeryt>30</sln:wojIdTeryt><sln:wojNazwa>wielkopolskie</sln:wojNazwa></sln:miejscowosc><sln:miejscowosc><sln:cyklZyciaOd>2017-03-30T00:00:00+02:00</sln:cyklZyciaOd><sln:gmIIPId>5fe92c81-c806-4ebe-b7f4-a2152a4616e6</sln:gmIIPId><sln:gmIIPPn>PL.PZGIK.200</sln:gmIIPPn><sln:gmIIPWersja>2012-09-26T22:23:16+02:00</sln:gmIIPWersja><sln:gmIdTeryt>3024063</sln:gmIdTeryt><sln:gmNazwa>Pniewy</sln:gmNazwa><sln:miejscIIPId>eaf540d2-ea3a-40da-bf9a-cc53d1a3df2a</sln:miejscIIPId><sln:miejscIIPPn>PL.PZGIK.200</sln:miejscIIPPn><sln:miejscIIPWersja>2017-03-30T12:42:38+02:00</sln:miejscIIPWersja><sln:miejscIdTeryt>0592680</sln:miejscIdTeryt><sln:miejscNazwa>Koninek</sln:miejscNazwa><sln:miejscRodzaj>Wieś</sln:miejscRodzaj><sln:powIIPId>c387b2d6-0b22-41cf-91ef-dd6a24f0bb07</sln:powIIPId><sln:powIIPPn>PL.PZGIK.200</sln:powIIPPn><sln:powIIPWersja>2012-09-27T08:59:03+02:00</sln:powIIPWersja><sln:powIdTeryt>3024</sln:powIdTeryt><sln:powNazwa>szamotulski</sln:powNazwa><sln:waznyOd>2012-03-15T00:00:00+01:00</sln:waznyOd><sln:wojIIPId>c606b01a-76c8-480d-9470-f24ca0d7a613</sln:wojIIPId><sln:wojIIPPn>PL.PZGIK.200</sln:wojIIPPn><sln:wojIIPWersja>2016-05-05T18:20:48+02:00</sln:wojIIPWersja><sln:wojIdTeryt>30</sln:wojIdTeryt><sln:wojNazwa>wielkopolskie</sln:wojNazwa></sln:miejscowosc><sln:miejscowosc><sln:cyklZyciaOd>2017-03-30T00:00:00+02:00</sln:cyklZyciaOd><sln:gmIIPId>5fe92c81-c806-4ebe-b7f4-a2152a4616e6</sln:gmIIPId><sln:gmIIPPn>PL.PZGIK.200</sln:gmIIPPn><sln:gmIIPWersja>2012-09-26T22:23:16+02:00</sln:gmIIPWersja><sln:gmIdTeryt>3024063</sln:gmIdTeryt><sln:gmNazwa>Pniewy</sln:gmNazwa><sln:miejscIIPId>d98a20d6-6445-4c77-a3e5-fd34e367edf2</sln:miejscIIPId><sln:miejscIIPPn>PL.PZGIK.200</sln:miejscIIPPn><sln:miejscIIPWersja>2017-03-30T12:42:39+02:00</sln:miejscIIPWersja><sln:miejscIdTeryt>0592704</sln:miejscIdTeryt><sln:miejscNazwa>Psarki</sln:miejscNazwa><sln:miejscRodzaj>Wieś</sln:miejscRodzaj><sln:powIIPId>c387b2d6-0b22-41cf-91ef-dd6a24f0bb07</sln:powIIPId><sln:powIIPPn>PL.PZGIK.200</sln:powIIPPn><sln:powIIPWersja>2012-09-27T08:59:03+02:00</sln:powIIPWersja><sln:powIdTeryt>3024</sln:powIdTeryt><sln:powNazwa>szamotulski</sln:powNazwa><sln:waznyOd>2012-03-15T00:00:00+01:00</sln:waznyOd><sln:wojIIPId>c606b01a-76c8-480d-9470-f24ca0d7a613</sln:wojIIPId><sln:wojIIPPn>PL.PZGIK.200</sln:wojIIPPn><sln:wojIIPWersja>2016-05-05T18:20:48+02:00</sln:wojIIPWersja><sln:wojIdTeryt>30</sln:wojIdTeryt><sln:wojNazwa>wielkopolskie</sln:wojNazwa></sln:miejscowosc><sln:miejscowosc><sln:cyklZyciaOd>2017-03-30T00:00:00+02:00</sln:cyklZyciaOd><sln:gmIIPId>5fe92c81-c806-4ebe-b7f4-a2152a4616e6</sln:gmIIPId><sln:gmIIPPn>PL.PZGIK.200</sln:gmIIPPn><sln:gmIIPWersja>2012-09-26T22:23:16+02:00</sln:gmIIPWersja><sln:gmIdTeryt>3024063</sln:gmIdTeryt><sln:gmNazwa>Pniewy</sln:gmNazwa><sln:miejscIIPId>8161eaaf-40d2-42fe-84ee-c0b3493952ed</sln:miejscIIPId><sln:miejscIIPPn>PL.PZGIK.200</sln:miejscIIPPn><sln:miejscIIPWersja>2017-03-30T12:42:39+02:00</sln:miejscIIPWersja><sln:miejscIdTeryt>0592710</sln:miejscIdTeryt><sln:miejscNazwa>Koszanowo</sln:miejscNazwa><sln:miejscRodzaj>Wieś</sln:miejscRodzaj><sln:powIIPId>c387b2d6-0b22-41cf-91ef-dd6a24f0bb07</sln:powIIPId><sln:powIIPPn>PL.PZGIK.200</sln:powIIPPn><sln:powIIPWersja>2012-09-27T08:59:03+02:00</sln:powIIPWersja><sln:powIdTeryt>3024</sln:powIdTeryt><sln:powNazwa>szamotulski</sln:powNazwa><sln:waznyOd>2012-03-15T00:00:00+01:00</sln:waznyOd><sln:wojIIPId>c606b01a-76c8-480d-9470-f24ca0d7a613</sln:wojIIPId><sln:wojIIPPn>PL.PZGIK.200</sln:wojIIPPn><sln:wojIIPWersja>2016-05-05T18:20:48+02:00</sln:wojIIPWersja><sln:wojIdTeryt>30</sln:wojIdTeryt><sln:wojNazwa>wielkopolskie</sln:wojNazwa></sln:miejscowosc><sln:miejscowosc><sln:cyklZyciaOd>2017-03-30T00:00:00+02:00</sln:cyklZyciaOd><sln:gmIIPId>5fe92c81-c806-4ebe-b7f4-a2152a4616e6</sln:gmIIPId><sln:gmIIPPn>PL.PZGIK.200</sln:gmIIPPn><sln:gmIIPWersja>2012-09-26T22:23:16+02:00</sln:gmIIPWersja><sln:gmIdTeryt>3024063</sln:gmIdTeryt><sln:gmNazwa>Pniewy</sln:gmNazwa><sln:miejscIIPId>092b2a21-da26-463c-9d5f-43e4546759a5</sln:miejscIIPId><sln:miejscIIPPn>PL.PZGIK.200</sln:miejscIIPPn><sln:miejscIIPWersja>2017-03-30T12:42:39+02:00</sln:miejscIIPWersja><sln:miejscIdTeryt>0592727</sln:miejscIdTeryt><sln:miejscNazwa>Lubocześnica</sln:miejscNazwa><sln:miejscRodzaj>Wieś</sln:miejscRodzaj><sln:powIIPId>c387b2d6-0b22-41cf-91ef-dd6a24f0bb07</sln:powIIPId><sln:powIIPPn>PL.PZGIK.200</sln:powIIPPn><sln:powIIPWersja>2012-09-27T08:59:03+02:00</sln:powIIPWersja><sln:powIdTeryt>3024</sln:powIdTeryt><sln:powNazwa>szamotulski</sln:powNazwa><sln:waznyOd>2012-03-15T00:00:00+01:00</sln:waznyOd><sln:wojIIPId>c606b01a-76c8-480d-9470-f24ca0d7a613</sln:wojIIPId><sln:wojIIPPn>PL.PZGIK.200</sln:wojIIPPn><sln:wojIIPWersja>2016-05-05T18:20:48+02:00</sln:wojIIPWersja><sln:wojIdTeryt>30</sln:wojIdTeryt><sln:wojNazwa>wielkopolskie</sln:wojNazwa></sln:miejscowosc><sln:miejscowosc><sln:cyklZyciaOd>2017-03-30T00:00:00+02:00</sln:cyklZyciaOd><sln:gmIIPId>5fe92c81-c806-4ebe-b7f4-a2152a4616e6</sln:gmIIPId><sln:gmIIPPn>PL.PZGIK.200</sln:gmIIPPn><sln:gmIIPWersja>2012-09-26T22:23:16+02:00</sln:gmIIPWersja><sln:gmIdTeryt>3024063</sln:gmIdTeryt><sln:gmNazwa>Pniewy</sln:gmNazwa><sln:miejscIIPId>f4cef3e3-9db2-4386-aa58-e13950de27ff</sln:miejscIIPId><sln:miejscIIPPn>PL.PZGIK.200</sln:miejscIIPPn><sln:miejscIIPWersja>2017-03-30T12:42:39+02:00</sln:miejscIIPWersja><sln:miejscIdTeryt>0592733</sln:miejscIdTeryt><sln:miejscNazwa>Lubosina</sln:miejscNazwa><sln:miejscRodzaj>Wieś</sln:miejscRodzaj><sln:powIIPId>c387b2d6-0b22-41cf-91ef-dd6a24f0bb07</sln:powIIPId><sln:powIIPPn>PL.PZGIK.200</sln:powIIPPn><sln:powIIPWersja>2012-09-27T08:59:03+02:00</sln:powIIPWersja><sln:powIdTeryt>3024</sln:powIdTeryt><sln:powNazwa>szamotulski</sln:powNazwa><sln:waznyOd>2012-03-15T00:00:00+01:00</sln:waznyOd><sln:wojIIPId>c606b01a-76c8-480d-9470-f24ca0d7a613</sln:wojIIPId><sln:wojIIPPn>PL.PZGIK.200</sln:wojIIPPn><sln:wojIIPWersja>2016-05-05T18:20:48+02:00</sln:wojIIPWersja><sln:wojIdTeryt>30</sln:wojIdTeryt><sln:wojNazwa>wielkopolskie</sln:wojNazwa></sln:miejscowosc><sln:miejscowosc><sln:cyklZyciaOd>2017-03-30T00:00:00+02:00</sln:cyklZyciaOd><sln:gmIIPId>5fe92c81-c806-4ebe-b7f4-a2152a4616e6</sln:gmIIPId><sln:gmIIPPn>PL.PZGIK.200</sln:gmIIPPn><sln:gmIIPWersja>2012-09-26T22:23:16+02:00</sln:gmIIPWersja><sln:gmIdTeryt>3024063</sln:gmIdTeryt><sln:gmNazwa>Pniewy</sln:gmNazwa><sln:miejscIIPId>1ee56f23-f658-4d2f-87f0-cc6f020fb5eb</sln:miejscIIPId><sln:miejscIIPPn>PL.PZGIK.200</sln:miejscIIPPn><sln:miejscIIPWersja>2017-03-30T12:42:39+02:00</sln:miejscIIPWersja><sln:miejscIdTeryt>0592740</sln:miejscIdTeryt><sln:miejscNazwa>Lubosinek</sln:miejscNazwa><sln:miejscRodzaj>Wieś</sln:miejscRodzaj><sln:powIIPId>c387b2d6-0b22-41cf-91ef-dd6a24f0bb07</sln:powIIPId><sln:powIIPPn>PL.PZGIK.200</sln:powIIPPn><sln:powIIPWersja>2012-09-27T08:59:03+02:00</sln:powIIPWersja><sln:powIdTeryt>3024</sln:powIdTeryt><sln:powNazwa>szamotulski</sln:powNazwa><sln:waznyOd>2012-03-15T00:00:00+01:00</sln:waznyOd><sln:wojIIPId>c606b01a-76c8-480d-9470-f24ca0d7a613</sln:wojIIPId><sln:wojIIPPn>PL.PZGIK.200</sln:wojIIPPn><sln:wojIIPWersja>2016-05-05T18:20:48+02:00</sln:wojIIPWersja><sln:wojIdTeryt>30</sln:wojIdTeryt><sln:wojNazwa>wielkopolskie</sln:wojNazwa></sln:miejscowosc><sln:miejscowosc><sln:cyklZyciaDo>2017-09-19T00:00:00+02:00</sln:cyklZyciaDo><sln:cyklZyciaOd>2017-03-30T00:00:00+02:00</sln:cyklZyciaOd><sln:gmIIPId>5fe92c81-c806-4ebe-b7f4-a2152a4616e6</sln:gmIIPId><sln:gmIIPPn>PL.PZGIK.200</sln:gmIIPPn><sln:gmIIPWersja>2012-09-26T22:23:16+02:00</sln:gmIIPWersja><sln:gmIdTeryt>3024063</sln:gmIdTeryt><sln:gmNazwa>Pniewy</sln:gmNazwa><sln:miejscIIPId>c6a68ab6-be1d-479f-bbda-15efdf9f178d</sln:miejscIIPId><sln:miejscIIPPn>PL.PZGIK.200</sln:miejscIIPPn><sln:miejscIIPWersja>2017-03-30T12:42:39+02:00</sln:miejscIIPWersja><sln:miejscIdTeryt>0592756</sln:miejscIdTeryt><sln:miejscNazwa>Nojewo</sln:miejscNazwa><sln:miejscRodzaj>Wieś</sln:miejscRodzaj><sln:powIIPId>c387b2d6-0b22-41cf-91ef-dd6a24f0bb07</sln:powIIPId><sln:powIIPPn>PL.PZGIK.200</sln:powIIPPn><sln:powIIPWersja>2012-09-27T08:59:03+02:00</sln:powIIPWersja><sln:powIdTeryt>3024</sln:powIdTeryt><sln:powNazwa>szamotulski</sln:powNazwa><sln:waznyOd>2012-03-15T00:00:00+01:00</sln:waznyOd><sln:wojIIPId>c606b01a-76c8-480d-9470-f24ca0d7a613</sln:wojIIPId><sln:wojIIPPn>PL.PZGIK.200</sln:wojIIPPn><sln:wojIIPWersja>2016-05-05T18:20:48+02:00</sln:wojIIPWersja><sln:wojIdTeryt>30</sln:wojIdTeryt><sln:wojNazwa>wielkopolskie</sln:wojNazwa></sln:miejscowosc><sln:miejscowosc><sln:cyklZyciaDo>2017-09-19T00:00:00+02:00</sln:cyklZyciaDo><sln:cyklZyciaOd>2017-03-30T00:00:00+02:00</sln:cyklZyciaOd><sln:gmIIPId>5fe92c81-c806-4ebe-b7f4-a2152a4616e6</sln:gmIIPId><sln:gmIIPPn>PL.PZGIK.200</sln:gmIIPPn><sln:gmIIPWersja>2012-09-26T22:23:16+02:00</sln:gmIIPWersja><sln:gmIdTeryt>3024063</sln:gmIdTeryt><sln:gmNazwa>Pniewy</sln:gmNazwa><sln:miejscIIPId>ec8350b2-e3d6-4eb7-a826-171df063b7db</sln:miejscIIPId><sln:miejscIIPPn>PL.PZGIK.200</sln:miejscIIPPn><sln:miejscIIPWersja>2017-03-30T12:42:39+02:00</sln:miejscIIPWersja><sln:miejscIdTeryt>0592762</sln:miejscIdTeryt><sln:miejscNazwa>Kikowo</sln:miejscNazwa><sln:miejscRodzaj>Wieś</sln:miejscRodzaj><sln:powIIPId>c387b2d6-0b22-41cf-91ef-dd6a24f0bb07</sln:powIIPId><sln:powIIPPn>PL.PZGIK.200</sln:powIIPPn><sln:powIIPWersja>2012-09-27T08:59:03+02:00</sln:powIIPWersja><sln:powIdTeryt>3024</sln:powIdTeryt><sln:powNazwa>szamotulski</sln:powNazwa><sln:waznyOd>2012-03-15T00:00:00+01:00</sln:waznyOd><sln:wojIIPId>c606b01a-76c8-480d-9470-f24ca0d7a613</sln:wojIIPId><sln:wojIIPPn>PL.PZGIK.200</sln:wojIIPPn><sln:wojIIPWersja>2016-05-05T18:20:48+02:00</sln:wojIIPWersja><sln:wojIdTeryt>30</sln:wojIdTeryt><sln:wojNazwa>wielkopolskie</sln:wojNazwa></sln:miejscowosc><sln:miejscowosc><sln:cyklZyciaOd>2017-03-30T00:00:00+02:00</sln:cyklZyciaOd><sln:gmIIPId>5fe92c81-c806-4ebe-b7f4-a2152a4616e6</sln:gmIIPId><sln:gmIIPPn>PL.PZGIK.200</sln:gmIIPPn><sln:gmIIPWersja>2012-09-26T22:23:16+02:00</sln:gmIIPWersja><sln:gmIdTeryt>3024063</sln:gmIdTeryt><sln:gmNazwa>Pniewy</sln:gmNazwa><sln:miejscIIPId>95fdc4ac-0904-4bbb-acd3-bc2744e71238</sln:miejscIIPId><sln:miejscIIPPn>PL.PZGIK.200</sln:miejscIIPPn><sln:miejscIIPWersja>2017-03-30T12:42:39+02:00</sln:miejscIIPWersja><sln:miejscIdTeryt>0592779</sln:miejscIdTeryt><sln:miejscNazwa>Nosalewo</sln:miejscNazwa><sln:miejscRodzaj>Wieś</sln:miejscRodzaj><sln:powIIPId>c387b2d6-0b22-41cf-91ef-dd6a24f0bb07</sln:powIIPId><sln:powIIPPn>PL.PZGIK.200</sln:powIIPPn><sln:powIIPWersja>2012-09-27T08:59:03+02:00</sln:powIIPWersja><sln:powIdTeryt>3024</sln:powIdTeryt><sln:powNazwa>szamotulski</sln:powNazwa><sln:waznyOd>2012-03-15T00:00:00+01:00</sln:waznyOd><sln:wojIIPId>c606b01a-76c8-480d-9470-f24ca0d7a613</sln:wojIIPId><sln:wojIIPPn>PL.PZGIK.200</sln:wojIIPPn><sln:wojIIPWersja>2016-05-05T18:20:48+02:00</sln:wojIIPWersja><sln:wojIdTeryt>30</sln:wojIdTeryt><sln:wojNazwa>wielkopolskie</sln:wojNazwa></sln:miejscowosc><sln:miejscowosc><sln:cyklZyciaDo>2017-09-19T00:00:00+02:00</sln:cyklZyciaDo><sln:cyklZyciaOd>2017-03-30T00:00:00+02:00</sln:cyklZyciaOd><sln:gmIIPId>5fe92c81-c806-4ebe-b7f4-a2152a4616e6</sln:gmIIPId><sln:gmIIPPn>PL.PZGIK.200</sln:gmIIPPn><sln:gmIIPWersja>2012-09-26T22:23:16+02:00</sln:gmIIPWersja><sln:gmIdTeryt>3024063</sln:gmIdTeryt><sln:gmNazwa>Pniewy</sln:gmNazwa><sln:miejscIIPId>675cb0af-8150-46fa-9eba-57e2df1a2404</sln:miejscIIPId><sln:miejscIIPPn>PL.PZGIK.200</sln:miejscIIPPn><sln:miejscIIPWersja>2017-03-30T12:42:39+02:00</sln:miejscIIPWersja><sln:miejscIdTeryt>0592785</sln:miejscIdTeryt><sln:miejscNazwa>Orliczko</sln:miejscNazwa><sln:miejscRodzaj>Wieś</sln:miejscRodzaj><sln:powIIPId>c387b2d6-0b22-41cf-91ef-dd6a24f0bb07</sln:powIIPId><sln:powIIPPn>PL.PZGIK.200</sln:powIIPPn><sln:powIIPWersja>2012-09-27T08:59:03+02:00</sln:powIIPWersja><sln:powIdTeryt>3024</sln:powIdTeryt><sln:powNazwa>szamotulski</sln:powNazwa><sln:waznyOd>2012-03-15T00:00:00+01:00</sln:waznyOd><sln:wojIIPId>c606b01a-76c8-480d-9470-f24ca0d7a613</sln:wojIIPId><sln:wojIIPPn>PL.PZGIK.200</sln:wojIIPPn><sln:wojIIPWersja>2016-05-05T18:20:48+02:00</sln:wojIIPWersja><sln:wojIdTeryt>30</sln:wojIdTeryt><sln:wojNazwa>wielkopolskie</sln:wojNazwa></sln:miejscowosc><sln:miejscowosc><sln:cyklZyciaOd>2017-03-30T00:00:00+02:00</sln:cyklZyciaOd><sln:gmIIPId>5fe92c81-c806-4ebe-b7f4-a2152a4616e6</sln:gmIIPId><sln:gmIIPPn>PL.PZGIK.200</sln:gmIIPPn><sln:gmIIPWersja>2012-09-26T22:23:16+02:00</sln:gmIIPWersja><sln:gmIdTeryt>3024063</sln:gmIdTeryt><sln:gmNazwa>Pniewy</sln:gmNazwa><sln:miejscIIPId>e02ff649-a7d4-487a-9c7c-c9e29f52c0cf</sln:miejscIIPId><sln:miejscIIPPn>PL.PZGIK.200</sln:miejscIIPPn><sln:miejscIIPWersja>2017-03-30T12:42:39+02:00</sln:miejscIIPWersja><sln:miejscIdTeryt>0592791</sln:miejscIdTeryt><sln:miejscNazwa>Podpniewki</sln:miejscNazwa><sln:miejscRodzaj>Wieś</sln:miejscRodzaj><sln:powIIPId>c387b2d6-0b22-41cf-91ef-dd6a24f0bb07</sln:powIIPId><sln:powIIPPn>PL.PZGIK.200</sln:powIIPPn><sln:powIIPWersja>2012-09-27T08:59:03+02:00</sln:powIIPWersja><sln:powIdTeryt>3024</sln:powIdTeryt><sln:powNazwa>szamotulski</sln:powNazwa><sln:waznyOd>2012-03-15T00:00:00+01:00</sln:waznyOd><sln:wojIIPId>c606b01a-76c8-480d-9470-f24ca0d7a613</sln:wojIIPId><sln:wojIIPPn>PL.PZGIK.200</sln:wojIIPPn><sln:wojIIPWersja>2016-05-05T18:20:48+02:00</sln:wojIIPWersja><sln:wojIdTeryt>30</sln:wojIdTeryt><sln:wojNazwa>wielkopolskie</sln:wojNazwa></sln:miejscowosc><sln:miejscowosc><sln:cyklZyciaOd>2017-03-30T00:00:00+02:00</sln:cyklZyciaOd><sln:gmIIPId>5fe92c81-c806-4ebe-b7f4-a2152a4616e6</sln:gmIIPId><sln:gmIIPPn>PL.PZGIK.200</sln:gmIIPPn><sln:gmIIPWersja>2012-09-26T22:23:16+02:00</sln:gmIIPWersja><sln:gmIdTeryt>3024063</sln:gmIdTeryt><sln:gmNazwa>Pniewy</sln:gmNazwa><sln:miejscIIPId>a102531d-2a08-43f5-9037-89fe27044846</sln:miejscIIPId><sln:miejscIIPPn>PL.PZGIK.200</sln:miejscIIPPn><sln:miejscIIPWersja>2017-03-30T12:42:39+02:00</sln:miejscIIPWersja><sln:miejscIdTeryt>0592800</sln:miejscIdTeryt><sln:miejscNazwa>Przystanki</sln:miejscNazwa><sln:miejscRodzaj>Wieś</sln:miejscRodzaj><sln:powIIPId>c387b2d6-0b22-41cf-91ef-dd6a24f0bb07</sln:powIIPId><sln:powIIPPn>PL.PZGIK.200</sln:powIIPPn><sln:powIIPWersja>2012-09-27T08:59:03+02:00</sln:powIIPWersja><sln:powIdTeryt>3024</sln:powIdTeryt><sln:powNazwa>szamotulski</sln:powNazwa><sln:waznyOd>2012-03-15T00:00:00+01:00</sln:waznyOd><sln:wojIIPId>c606b01a-76c8-480d-9470-f24ca0d7a613</sln:wojIIPId><sln:wojIIPPn>PL.PZGIK.200</sln:wojIIPPn><sln:wojIIPWersja>2016-05-05T18:20:48+02:00</sln:wojIIPWersja><sln:wojIdTeryt>30</sln:wojIdTeryt><sln:wojNazwa>wielkopolskie</sln:wojNazwa></sln:miejscowosc><sln:miejscowosc><sln:cyklZyciaDo>2017-09-19T00:00:00+02:00</sln:cyklZyciaDo><sln:cyklZyciaOd>2017-03-30T00:00:00+02:00</sln:cyklZyciaOd><sln:gmIIPId>5fe92c81-c806-4ebe-b7f4-a2152a4616e6</sln:gmIIPId><sln:gmIIPPn>PL.PZGIK.200</sln:gmIIPPn><sln:gmIIPWersja>2012-09-26T22:23:16+02:00</sln:gmIIPWersja><sln:gmIdTeryt>3024063</sln:gmIdTeryt><sln:gmNazwa>Pniewy</sln:gmNazwa><sln:miejscIIPId>24543bed-a95e-461d-bd87-3ba11c14eb70</sln:miejscIIPId><sln:miejscIIPPn>PL.PZGIK.200</sln:miejscIIPPn><sln:miejscIIPWersja>2017-03-30T12:42:39+02:00</sln:miejscIIPWersja><sln:miejscIdTeryt>0592816</sln:miejscIdTeryt><sln:miejscNazwa>Psarskie</sln:miejscNazwa><sln:miejscRodzaj>Wieś</sln:miejscRodzaj><sln:powIIPId>c387b2d6-0b22-41cf-91ef-dd6a24f0bb07</sln:powIIPId><sln:powIIPPn>PL.PZGIK.200</sln:powIIPPn><sln:powIIPWersja>2012-09-27T08:59:03+02:00</sln:powIIPWersja><sln:powIdTeryt>3024</sln:powIdTeryt><sln:powNazwa>szamotulski</sln:powNazwa><sln:waznyOd>2012-03-15T00:00:00+01:00</sln:waznyOd><sln:wojIIPId>c606b01a-76c8-480d-9470-f24ca0d7a613</sln:wojIIPId><sln:wojIIPPn>PL.PZGIK.200</sln:wojIIPPn><sln:wojIIPWersja>2016-05-05T18:20:48+02:00</sln:wojIIPWersja><sln:wojIdTeryt>30</sln:wojIdTeryt><sln:wojNazwa>wielkopolskie</sln:wojNazwa></sln:miejscowosc><sln:miejscowosc><sln:cyklZyciaOd>2017-03-30T00:00:00+02:00</sln:cyklZyciaOd><sln:gmIIPId>5fe92c81-c806-4ebe-b7f4-a2152a4616e6</sln:gmIIPId><sln:gmIIPPn>PL.PZGIK.200</sln:gmIIPPn><sln:gmIIPWersja>2012-09-26T22:23:16+02:00</sln:gmIIPWersja><sln:gmIdTeryt>3024063</sln:gmIdTeryt><sln:gmNazwa>Pniewy</sln:gmNazwa><sln:miejscIIPId>7b5a712f-06e3-46e9-8bc0-c5d0f9616e25</sln:miejscIIPId><sln:miejscIIPPn>PL.PZGIK.200</sln:miejscIIPPn><sln:miejscIIPWersja>2017-03-30T12:42:39+02:00</sln:miejscIIPWersja><sln:miejscIdTeryt>0592839</sln:miejscIdTeryt><sln:miejscNazwa>Rudka</sln:miejscNazwa><sln:miejscRodzaj>Wieś</sln:miejscRodzaj><sln:powIIPId>c387b2d6-0b22-41cf-91ef-dd6a24f0bb07</sln:powIIPId><sln:powIIPPn>PL.PZGIK.200</sln:powIIPPn><sln:powIIPWersja>2012-09-27T08:59:03+02:00</sln:powIIPWersja><sln:powIdTeryt>3024</sln:powIdTeryt><sln:powNazwa>szamotulski</sln:powNazwa><sln:waznyOd>2012-03-15T00:00:00+01:00</sln:waznyOd><sln:wojIIPId>c606b01a-76c8-480d-9470-f24ca0d7a613</sln:wojIIPId><sln:wojIIPPn>PL.PZGIK.200</sln:wojIIPPn><sln:wojIIPWersja>2016-05-05T18:20:48+02:00</sln:wojIIPWersja><sln:wojIdTeryt>30</sln:wojIdTeryt><sln:wojNazwa>wielkopolskie</sln:wojNazwa></sln:miejscowosc><sln:miejscowosc><sln:cyklZyciaOd>2017-03-30T00:00:00+02:00</sln:cyklZyciaOd><sln:gmIIPId>5fe92c81-c806-4ebe-b7f4-a2152a4616e6</sln:gmIIPId><sln:gmIIPPn>PL.PZGIK.200</sln:gmIIPPn><sln:gmIIPWersja>2012-09-26T22:23:16+02:00</sln:gmIIPWersja><sln:gmIdTeryt>3024063</sln:gmIdTeryt><sln:gmNazwa>Pniewy</sln:gmNazwa><sln:miejscIIPId>06d8c7f9-3260-458d-b9a6-81c609b8a680</sln:miejscIIPId><sln:miejscIIPPn>PL.PZGIK.200</sln:miejscIIPPn><sln:miejscIIPWersja>2017-03-30T12:42:40+02:00</sln:miejscIIPWersja><sln:miejscIdTeryt>0592845</sln:miejscIdTeryt><sln:miejscNazwa>Turowo</sln:miejscNazwa><sln:miejscRodzaj>Wieś</sln:miejscRodzaj><sln:powIIPId>c387b2d6-0b22-41cf-91ef-dd6a24f0bb07</sln:powIIPId><sln:powIIPPn>PL.PZGIK.200</sln:powIIPPn><sln:powIIPWersja>2012-09-27T08:59:03+02:00</sln:powIIPWersja><sln:powIdTeryt>3024</sln:powIdTeryt><sln:powNazwa>szamotulski</sln:powNazwa><sln:waznyOd>2012-03-15T00:00:00+01:00</sln:waznyOd><sln:wojIIPId>c606b01a-76c8-480d-9470-f24ca0d7a613</sln:wojIIPId><sln:wojIIPPn>PL.PZGIK.200</sln:wojIIPPn><sln:wojIIPWersja>2016-05-05T18:20:48+02:00</sln:wojIIPWersja><sln:wojIdTeryt>30</sln:wojIdTeryt><sln:wojNazwa>wielkopolskie</sln:wojNazwa></sln:miejscowosc><sln:miejscowosc><sln:cyklZyciaDo>2017-09-19T00:00:00+02:00</sln:cyklZyciaDo><sln:cyklZyciaOd>2017-03-30T00:00:00+02:00</sln:cyklZyciaOd><sln:gmIIPId>5fe92c81-c806-4ebe-b7f4-a2152a4616e6</sln:gmIIPId><sln:gmIIPPn>PL.PZGIK.200</sln:gmIIPPn><sln:gmIIPWersja>2012-09-26T22:23:16+02:00</sln:gmIIPWersja><sln:gmIdTeryt>3024063</sln:gmIdTeryt><sln:gmNazwa>Pniewy</sln:gmNazwa><sln:miejscIIPId>a9c3acdc-7ea3-4b42-822d-1923b7ade05e</sln:miejscIIPId><sln:miejscIIPPn>PL.PZGIK.200</sln:miejscIIPPn><sln:miejscIIPWersja>2017-03-30T12:42:40+02:00</sln:miejscIIPWersja><sln:miejscIdTeryt>0592851</sln:miejscIdTeryt><sln:miejscNazwa>Zajączkowo</sln:miejscNazwa><sln:miejscRodzaj>Wieś</sln:miejscRodzaj><sln:powIIPId>c387b2d6-0b22-41cf-91ef-dd6a24f0bb07</sln:powIIPId><sln:powIIPPn>PL.PZGIK.200</sln:powIIPPn><sln:powIIPWersja>2012-09-27T08:59:03+02:00</sln:powIIPWersja><sln:powIdTeryt>3024</sln:powIdTeryt><sln:powNazwa>szamotulski</sln:powNazwa><sln:waznyOd>2012-03-15T00:00:00+01:00</sln:waznyOd><sln:wojIIPId>c606b01a-76c8-480d-9470-f24ca0d7a613</sln:wojIIPId><sln:wojIIPPn>PL.PZGIK.200</sln:wojIIPPn><sln:wojIIPWersja>2016-05-05T18:20:48+02:00</sln:wojIIPWersja><sln:wojIdTeryt>30</sln:wojIdTeryt><sln:wojNazwa>wielkopolskie</sln:wojNazwa></sln:miejscowosc><sln:miejscowosc><sln:cyklZyciaOd>2017-03-30T00:00:00+02:00</sln:cyklZyciaOd><sln:gmIIPId>5fe92c81-c806-4ebe-b7f4-a2152a4616e6</sln:gmIIPId><sln:gmIIPPn>PL.PZGIK.200</sln:gmIIPPn><sln:gmIIPWersja>2012-09-26T22:23:16+02:00</sln:gmIIPWersja><sln:gmIdTeryt>3024063</sln:gmIdTeryt><sln:gmNazwa>Pniewy</sln:gmNazwa><sln:miejscIIPId>1d5504d3-a5eb-47b1-ba61-01b3c8f3bf2d</sln:miejscIIPId><sln:miejscIIPPn>PL.PZGIK.200</sln:miejscIIPPn><sln:miejscIIPWersja>2017-03-30T12:42:40+02:00</sln:miejscIIPWersja><sln:miejscIdTeryt>0592868</sln:miejscIdTeryt><sln:miejscNazwa>Zamorze</sln:miejscNazwa><sln:miejscRodzaj>Wieś</sln:miejscRodzaj><sln:powIIPId>c387b2d6-0b22-41cf-91ef-dd6a24f0bb07</sln:powIIPId><sln:powIIPPn>PL.PZGIK.200</sln:powIIPPn><sln:powIIPWersja>2012-09-27T08:59:03+02:00</sln:powIIPWersja><sln:powIdTeryt>3024</sln:powIdTeryt><sln:powNazwa>szamotulski</sln:powNazwa><sln:waznyOd>2012-03-15T00:00:00+01:00</sln:waznyOd><sln:wojIIPId>c606b01a-76c8-480d-9470-f24ca0d7a613</sln:wojIIPId><sln:wojIIPPn>PL.PZGIK.200</sln:wojIIPPn><sln:wojIIPWersja>2016-05-05T18:20:48+02:00</sln:wojIIPWersja><sln:wojIdTeryt>30</sln:wojIdTeryt><sln:wojNazwa>wielkopolskie</sln:wojNazwa></sln:miejscowosc><sln:miejscowosc><sln:cyklZyciaOd>2017-03-30T00:00:00+02:00</sln:cyklZyciaOd><sln:gmIIPId>5fe92c81-c806-4ebe-b7f4-a2152a4616e6</sln:gmIIPId><sln:gmIIPPn>PL.PZGIK.200</sln:gmIIPPn><sln:gmIIPWersja>2012-09-26T22:23:16+02:00</sln:gmIIPWersja><sln:gmIdTeryt>3024063</sln:gmIdTeryt><sln:gmNazwa>Pniewy</sln:gmNazwa><sln:miejscIIPId>47a7aafb-2b1e-441e-9cd5-9abd1d2ec822</sln:miejscIIPId><sln:miejscIIPPn>PL.PZGIK.200</sln:miejscIIPPn><sln:miejscIIPWersja>2017-03-30T12:42:40+02:00</sln:miejscIIPWersja><sln:miejscIdTeryt>0971270</sln:miejscIdTeryt><sln:miejscNazwa>Pniewy</sln:miejscNazwa><sln:miejscRodzaj>Miasto</sln:miejscRodzaj><sln:powIIPId>c387b2d6-0b22-41cf-91ef-dd6a24f0bb07</sln:powIIPId><sln:powIIPPn>PL.PZGIK.200</sln:powIIPPn><sln:powIIPWersja>2012-09-27T08:59:03+02:00</sln:powIIPWersja><sln:powIdTeryt>3024</sln:powIdTeryt><sln:powNazwa>szamotulski</sln:powNazwa><sln:waznyOd>2012-03-15T00:00:00+01:00</sln:waznyOd><sln:wojIIPId>c606b01a-76c8-480d-9470-f24ca0d7a613</sln:wojIIPId><sln:wojIIPPn>PL.PZGIK.200</sln:wojIIPPn><sln:wojIIPWersja>2016-05-05T18:20:48+02:00</sln:wojIIPWersja><sln:wojIdTeryt>30</sln:wojIdTeryt><sln:wojNazwa>wielkopolskie</sln:wojNazwa></sln:miejscowosc><sln:miejscowosc><sln:cyklZyciaDo>2017-09-19T00:00:00+02:00</sln:cyklZyciaDo><sln:cyklZyciaOd>2017-03-30T00:00:00+02:00</sln:cyklZyciaOd><sln:gmIIPId>5fe92c81-c806-4ebe-b7f4-a2152a4616e6</sln:gmIIPId><sln:gmIIPPn>PL.PZGIK.200</sln:gmIIPPn><sln:gmIIPWersja>2012-09-26T22:23:16+02:00</sln:gmIIPWersja><sln:gmIdTeryt>3024063</sln:gmIdTeryt><sln:gmNazwa>Pniewy</sln:gmNazwa><sln:miejscIIPId>89e625bc-eae5-433a-9d21-228605aac4ee</sln:miejscIIPId><sln:miejscIIPPn>PL.PZGIK.200</sln:miejscIIPPn><sln:miejscIIPWersja>2017-03-30T12:42:40+02:00</sln:miejscIIPWersja><sln:miejscIdTeryt>1008601</sln:miejscIdTeryt><sln:miejscNazwa>Kikowska Aleja</sln:miejscNazwa><sln:miejscRodzaj>Inny obiekt</sln:miejscRodzaj><sln:powIIPId>c387b2d6-0b22-41cf-91ef-dd6a24f0bb07</sln:powIIPId><sln:powIIPPn>PL.PZGIK.200</sln:powIIPPn><sln:powIIPWersja>2012-09-27T08:59:03+02:00</sln:powIIPWersja><sln:powIdTeryt>3024</sln:powIdTeryt><sln:powNazwa>szamotulski</sln:powNazwa><sln:waznyOd>2013-01-10T00:00:00+01:00</sln:waznyOd><sln:wojIIPId>c606b01a-76c8-480d-9470-f24ca0d7a613</sln:wojIIPId><sln:wojIIPPn>PL.PZGIK.200</sln:wojIIPPn><sln:wojIIPWersja>2016-05-05T18:20:48+02:00</sln:wojIIPWersja><sln:wojIdTeryt>30</sln:wojIdTeryt><sln:wojNazwa>wielkopolskie</sln:wojNazwa></sln:miejscowosc><sln:miejscowosc><sln:cyklZyciaOd>2017-03-30T00:00:00+02:00</sln:cyklZyciaOd><sln:gmIIPId>5fe92c81-c806-4ebe-b7f4-a2152a4616e6</sln:gmIIPId><sln:gmIIPPn>PL.PZGIK.200</sln:gmIIPPn><sln:gmIIPWersja>2012-09-26T22:23:16+02:00</sln:gmIIPWersja><sln:gmIdTeryt>3024063</sln:gmIdTeryt><sln:gmNazwa>Pniewy</sln:gmNazwa><sln:miejscIIPId>87442c51-571f-4348-a561-64e9382d559a</sln:miejscIIPId><sln:miejscIIPPn>PL.PZGIK.200</sln:miejscIIPPn><sln:miejscIIPWersja>2017-03-30T12:42:40+02:00</sln:miejscIIPWersja><sln:miejscIdTeryt>1008618</sln:miejscIdTeryt><sln:miejscNazwa>Podborowo</sln:miejscNazwa><sln:miejscRodzaj>Osada</sln:miejscRodzaj><sln:powIIPId>c387b2d6-0b22-41cf-91ef-dd6a24f0bb07</sln:powIIPId><sln:powIIPPn>PL.PZGIK.200</sln:powIIPPn><sln:powIIPWersja>2012-09-27T08:59:03+02:00</sln:powIIPWersja><sln:powIdTeryt>3024</sln:powIdTeryt><sln:powNazwa>szamotulski</sln:powNazwa><sln:waznyOd>2012-03-15T00:00:00+01:00</sln:waznyOd><sln:wojIIPId>c606b01a-76c8-480d-9470-f24ca0d7a613</sln:wojIIPId><sln:wojIIPPn>PL.PZGIK.200</sln:wojIIPPn><sln:wojIIPWersja>2016-05-05T18:20:48+02:00</sln:wojIIPWersja><sln:wojIdTeryt>30</sln:wojIdTeryt><sln:wojNazwa>wielkopolskie</sln:wojNazwa></sln:miejscowosc><sln:miejscowosc><sln:cyklZyciaOd>2017-03-30T00:00:00+02:00</sln:cyklZyciaOd><sln:gmIIPId>5fe92c81-c806-4ebe-b7f4-a2152a4616e6</sln:gmIIPId><sln:gmIIPPn>PL.PZGIK.200</sln:gmIIPPn><sln:gmIIPWersja>2012-09-26T22:23:16+02:00</sln:gmIIPWersja><sln:gmIdTeryt>3024063</sln:gmIdTeryt><sln:gmNazwa>Pniewy</sln:gmNazwa><sln:miejscIIPId>6019b0fc-0ee7-4c6a-bdf0-371ebf5ccf0f</sln:miejscIIPId><sln:miejscIIPPn>PL.PZGIK.200</sln:miejscIIPPn><sln:miejscIIPWersja>2017-03-30T12:42:40+02:00</sln:miejscIIPWersja><sln:miejscIdTeryt>1066685</sln:miejscIdTeryt><sln:miejscNazwa>Berdychowo</sln:miejscNazwa><sln:miejscRodzaj>Osada</sln:miejscRodzaj><sln:powIIPId>c387b2d6-0b22-41cf-91ef-dd6a24f0bb07</sln:powIIPId><sln:powIIPPn>PL.PZGIK.200</sln:powIIPPn><sln:powIIPWersja>2012-09-27T08:59:03+02:00</sln:powIIPWersja><sln:powIdTeryt>3024</sln:powIdTeryt><sln:powNazwa>szamotulski</sln:powNazwa><sln:waznyOd>2012-03-15T00:00:00+01:00</sln:waznyOd><sln:wojIIPId>c606b01a-76c8-480d-9470-f24ca0d7a613</sln:wojIIPId><sln:wojIIPPn>PL.PZGIK.200</sln:wojIIPPn><sln:wojIIPWersja>2016-05-05T18:20:48+02:00</sln:wojIIPWersja><sln:wojIdTeryt>30</sln:wojIdTeryt><sln:wojNazwa>wielkopolskie</sln:wojNazwa></sln:miejscowosc><sln:miejscowosc><sln:cyklZyciaOd>2017-03-30T00:00:00+02:00</sln:cyklZyciaOd><sln:gmIIPId>5fe92c81-c806-4ebe-b7f4-a2152a4616e6</sln:gmIIPId><sln:gmIIPPn>PL.PZGIK.200</sln:gmIIPPn><sln:gmIIPWersja>2012-09-26T22:23:16+02:00</sln:gmIIPWersja><sln:gmIdTeryt>3024063</sln:gmIdTeryt><sln:gmNazwa>Pniewy</sln:gmNazwa><sln:miejscIIPId>17515781-9f6a-40bb-bd03-c82ff75e27f3</sln:miejscIIPId><sln:miejscIIPPn>PL.PZGIK.200</sln:miejscIIPPn><sln:miejscIIPWersja>2017-03-30T12:42:40+02:00</sln:miejscIIPWersja><sln:miejscIdTeryt>1066691</sln:miejscIdTeryt><sln:miejscNazwa>Konin-Huby</sln:miejscNazwa><sln:miejscRodzaj>Przysiółek</sln:miejscRodzaj><sln:powIIPId>c387b2d6-0b22-41cf-91ef-dd6a24f0bb07</sln:powIIPId><sln:powIIPPn>PL.PZGIK.200</sln:powIIPPn><sln:powIIPWersja>2012-09-27T08:59:03+02:00</sln:powIIPWersja><sln:powIdTeryt>3024</sln:powIdTeryt><sln:powNazwa>szamotulski</sln:powNazwa><sln:waznyOd>2012-03-15T00:00:00+01:00</sln:waznyOd><sln:wojIIPId>c606b01a-76c8-480d-9470-f24ca0d7a613</sln:wojIIPId><sln:wojIIPPn>PL.PZGIK.200</sln:wojIIPPn><sln:wojIIPWersja>2016-05-05T18:20:48+02:00</sln:wojIIPWersja><sln:wojIdTeryt>30</sln:wojIdTeryt><sln:wojNazwa>wielkopolskie</sln:wojNazwa></sln:miejscowosc><sln:miejscowosc><sln:cyklZyciaOd>2017-09-19T00:00:00+02:00</sln:cyklZyciaOd><sln:gmIIPId>5fe92c81-c806-4ebe-b7f4-a2152a4616e6</sln:gmIIPId><sln:gmIIPPn>PL.PZGIK.200</sln:gmIIPPn><sln:gmIIPWersja>2012-09-26T22:23:16+02:00</sln:gmIIPWersja><sln:gmIdTeryt>3024063</sln:gmIdTeryt><sln:gmNazwa>Pniewy</sln:gmNazwa><sln:miejscIIPId>c6a68ab6-be1d-479f-bbda-15efdf9f178d</sln:miejscIIPId><sln:miejscIIPPn>PL.PZGIK.200</sln:miejscIIPPn><sln:miejscIIPWersja>2017-09-19T10:08:05+02:00</sln:miejscIIPWersja><sln:miejscIdTeryt>0592756</sln:miejscIdTeryt><sln:miejscNazwa>Nojewo</sln:miejscNazwa><sln:miejscRodzaj>Wieś</sln:miejscRodzaj><sln:powIIPId>c387b2d6-0b22-41cf-91ef-dd6a24f0bb07</sln:powIIPId><sln:powIIPPn>PL.PZGIK.200</sln:powIIPPn><sln:powIIPWersja>2012-09-27T08:59:03+02:00</sln:powIIPWersja><sln:powIdTeryt>3024</sln:powIdTeryt><sln:powNazwa>szamotulski</sln:powNazwa><sln:waznyOd>2017-09-15T00:00:00+02:00</sln:waznyOd><sln:wojIIPId>c606b01a-76c8-480d-9470-f24ca0d7a613</sln:wojIIPId><sln:wojIIPPn>PL.PZGIK.200</sln:wojIIPPn><sln:wojIIPWersja>2016-05-05T18:20:48+02:00</sln:wojIIPWersja><sln:wojIdTeryt>30</sln:wojIdTeryt><sln:wojNazwa>wielkopolskie</sln:wojNazwa></sln:miejscowosc><sln:miejscowosc><sln:cyklZyciaOd>2017-09-19T00:00:00+02:00</sln:cyklZyciaOd><sln:gmIIPId>5fe92c81-c806-4ebe-b7f4-a2152a4616e6</sln:gmIIPId><sln:gmIIPPn>PL.PZGIK.200</sln:gmIIPPn><sln:gmIIPWersja>2012-09-26T22:23:16+02:00</sln:gmIIPWersja><sln:gmIdTeryt>3024063</sln:gmIdTeryt><sln:gmNazwa>Pniewy</sln:gmNazwa><sln:miejscIIPId>ec8350b2-e3d6-4eb7-a826-171df063b7db</sln:miejscIIPId><sln:miejscIIPPn>PL.PZGIK.200</sln:miejscIIPPn><sln:miejscIIPWersja>2017-09-19T10:08:10+02:00</sln:miejscIIPWersja><sln:miejscIdTeryt>0592762</sln:miejscIdTeryt><sln:miejscNazwa>Kikowo</sln:miejscNazwa><sln:miejscRodzaj>Wieś</sln:miejscRodzaj><sln:powIIPId>c387b2d6-0b22-41cf-91ef-dd6a24f0bb07</sln:powIIPId><sln:powIIPPn>PL.PZGIK.200</sln:powIIPPn><sln:powIIPWersja>2012-09-27T08:59:03+02:00</sln:powIIPWersja><sln:powIdTeryt>3024</sln:powIdTeryt><sln:powNazwa>szamotulski</sln:powNazwa><sln:waznyOd>2017-09-15T00:00:00+02:00</sln:waznyOd><sln:wojIIPId>c606b01a-76c8-480d-9470-f24ca0d7a613</sln:wojIIPId><sln:wojIIPPn>PL.PZGIK.200</sln:wojIIPPn><sln:wojIIPWersja>2016-05-05T18:20:48+02:00</sln:wojIIPWersja><sln:wojIdTeryt>30</sln:wojIdTeryt><sln:wojNazwa>wielkopolskie</sln:wojNazwa></sln:miejscowosc><sln:miejscowosc><sln:cyklZyciaOd>2017-09-19T00:00:00+02:00</sln:cyklZyciaOd><sln:gmIIPId>5fe92c81-c806-4ebe-b7f4-a2152a4616e6</sln:gmIIPId><sln:gmIIPPn>PL.PZGIK.200</sln:gmIIPPn><sln:gmIIPWersja>2012-09-26T22:23:16+02:00</sln:gmIIPWersja><sln:gmIdTeryt>3024063</sln:gmIdTeryt><sln:gmNazwa>Pniewy</sln:gmNazwa><sln:miejscIIPId>675cb0af-8150-46fa-9eba-57e2df1a2404</sln:miejscIIPId><sln:miejscIIPPn>PL.PZGIK.200</sln:miejscIIPPn><sln:miejscIIPWersja>2017-09-19T10:08:10+02:00</sln:miejscIIPWersja><sln:miejscIdTeryt>0592785</sln:miejscIdTeryt><sln:miejscNazwa>Orliczko</sln:miejscNazwa><sln:miejscRodzaj>Wieś</sln:miejscRodzaj><sln:powIIPId>c387b2d6-0b22-41cf-91ef-dd6a24f0bb07</sln:powIIPId><sln:powIIPPn>PL.PZGIK.200</sln:powIIPPn><sln:powIIPWersja>2012-09-27T08:59:03+02:00</sln:powIIPWersja><sln:powIdTeryt>3024</sln:powIdTeryt><sln:powNazwa>szamotulski</sln:powNazwa><sln:waznyOd>2017-09-15T00:00:00+02:00</sln:waznyOd><sln:wojIIPId>c606b01a-76c8-480d-9470-f24ca0d7a613</sln:wojIIPId><sln:wojIIPPn>PL.PZGIK.200</sln:wojIIPPn><sln:wojIIPWersja>2016-05-05T18:20:48+02:00</sln:wojIIPWersja><sln:wojIdTeryt>30</sln:wojIdTeryt><sln:wojNazwa>wielkopolskie</sln:wojNazwa></sln:miejscowosc><sln:miejscowosc><sln:cyklZyciaOd>2017-09-19T00:00:00+02:00</sln:cyklZyciaOd><sln:gmIIPId>5fe92c81-c806-4ebe-b7f4-a2152a4616e6</sln:gmIIPId><sln:gmIIPPn>PL.PZGIK.200</sln:gmIIPPn><sln:gmIIPWersja>2012-09-26T22:23:16+02:00</sln:gmIIPWersja><sln:gmIdTeryt>3024063</sln:gmIdTeryt><sln:gmNazwa>Pniewy</sln:gmNazwa><sln:miejscIIPId>24543bed-a95e-461d-bd87-3ba11c14eb70</sln:miejscIIPId><sln:miejscIIPPn>PL.PZGIK.200</sln:miejscIIPPn><sln:miejscIIPWersja>2017-09-19T10:08:10+02:00</sln:miejscIIPWersja><sln:miejscIdTeryt>0592816</sln:miejscIdTeryt><sln:miejscNazwa>Psarskie</sln:miejscNazwa><sln:miejscRodzaj>Wieś</sln:miejscRodzaj><sln:powIIPId>c387b2d6-0b22-41cf-91ef-dd6a24f0bb07</sln:powIIPId><sln:powIIPPn>PL.PZGIK.200</sln:powIIPPn><sln:powIIPWersja>2012-09-27T08:59:03+02:00</sln:powIIPWersja><sln:powIdTeryt>3024</sln:powIdTeryt><sln:powNazwa>szamotulski</sln:powNazwa><sln:waznyOd>2017-09-15T00:00:00+02:00</sln:waznyOd><sln:wojIIPId>c606b01a-76c8-480d-9470-f24ca0d7a613</sln:wojIIPId><sln:wojIIPPn>PL.PZGIK.200</sln:wojIIPPn><sln:wojIIPWersja>2016-05-05T18:20:48+02:00</sln:wojIIPWersja><sln:wojIdTeryt>30</sln:wojIdTeryt><sln:wojNazwa>wielkopolskie</sln:wojNazwa></sln:miejscowosc><sln:miejscowosc><sln:cyklZyciaOd>2017-09-19T00:00:00+02:00</sln:cyklZyciaOd><sln:gmIIPId>5fe92c81-c806-4ebe-b7f4-a2152a4616e6</sln:gmIIPId><sln:gmIIPPn>PL.PZGIK.200</sln:gmIIPPn><sln:gmIIPWersja>2012-09-26T22:23:16+02:00</sln:gmIIPWersja><sln:gmIdTeryt>3024063</sln:gmIdTeryt><sln:gmNazwa>Pniewy</sln:gmNazwa><sln:miejscIIPId>a9c3acdc-7ea3-4b42-822d-1923b7ade05e</sln:miejscIIPId><sln:miejscIIPPn>PL.PZGIK.200</sln:miejscIIPPn><sln:miejscIIPWersja>2017-09-19T10:08:10+02:00</sln:miejscIIPWersja><sln:miejscIdTeryt>0592851</sln:miejscIdTeryt><sln:miejscNazwa>Zajączkowo</sln:miejscNazwa><sln:miejscRodzaj>Wieś</sln:miejscRodzaj><sln:powIIPId>c387b2d6-0b22-41cf-91ef-dd6a24f0bb07</sln:powIIPId><sln:powIIPPn>PL.PZGIK.200</sln:powIIPPn><sln:powIIPWersja>2012-09-27T08:59:03+02:00</sln:powIIPWersja><sln:powIdTeryt>3024</sln:powIdTeryt><sln:powNazwa>szamotulski</sln:powNazwa><sln:waznyOd>2017-09-15T00:00:00+02:00</sln:waznyOd><sln:wojIIPId>c606b01a-76c8-480d-9470-f24ca0d7a613</sln:wojIIPId><sln:wojIIPPn>PL.PZGIK.200</sln:wojIIPPn><sln:wojIIPWersja>2016-05-05T18:20:48+02:00</sln:wojIIPWersja><sln:wojIdTeryt>30</sln:wojIdTeryt><sln:wojNazwa>wielkopolskie</sln:wojNazwa></sln:miejscowosc></sln:lista-miejscowosci>