<?xml version="1.0" encoding="UTF-8" standalone="yes"?><sln:lista-miejscowosci xmlns:srv="http://gugik.gov.pl/schemas/slowniki-service/1.0" xmlns:sln="http://gugik.gov.pl/schemas/slowniki-schema/1.0"><sln:miejscowosc><sln:cyklZyciaDo>2018-03-27T00:00:00+02:00</sln:cyklZyciaDo><sln:cyklZyciaOd>2015-04-27T00:00:00+02:00</sln:cyklZyciaOd><sln:gmIIPId>32a018ca-1fcc-4f38-ba15-f3fe211a09e1</sln:gmIIPId><sln:gmIIPPn>PL.PZGIK.200</sln:gmIIPPn><sln:gmIIPWersja>2012-09-26T22:24:34+02:00</sln:gmIIPWersja><sln:gmIdTeryt>3006012</sln:gmIdTeryt><sln:gmNazwa>Jaraczewo</sln:gmNazwa><sln:miejscIIPId>f74a9568-e357-494f-a6c2-47135da62e1b</sln:miejscIIPId><sln:miejscIIPPn>PL.PZGIK.200</sln:miejscIIPPn><sln:miejscIIPWersja>2016-11-24T13:58:40+02:00</sln:miejscIIPWersja><sln:miejscIdTeryt>0199160</sln:miejscIdTeryt><sln:miejscNazwa>Kapalica</sln:miejscNazwa><sln:miejscRodzaj>Inny obiekt</sln:miejscRodzaj><sln:powIIPId>384127c3-0f18-4323-8a7c-a824f4bfb32d</sln:powIIPId><sln:powIIPPn>PL.PZGIK.200</sln:powIIPPn><sln:powIIPWersja>2013-07-10T11:27:19+02:00</sln:powIIPWersja><sln:powIdTeryt>3006</sln:powIdTeryt><sln:powNazwa>jarociński</sln:powNazwa><sln:wojIIPId>c606b01a-76c8-480d-9470-f24ca0d7a613</sln:wojIIPId><sln:wojIIPPn>PL.PZGIK.200</sln:wojIIPPn><sln:wojIIPWersja>2016-05-05T18:20:48+02:00</sln:wojIIPWersja><sln:wojIdTeryt>30</sln:wojIdTeryt><sln:wojNazwa>wielkopolskie</sln:wojNazwa></sln:miejscowosc><sln:miejscowosc><sln:cyklZyciaDo>2018-03-27T00:00:00+02:00</sln:cyklZyciaDo><sln:cyklZyciaOd>2015-04-27T00:00:00+02:00</sln:cyklZyciaOd><sln:gmIIPId>32a018ca-1fcc-4f38-ba15-f3fe211a09e1</sln:gmIIPId><sln:gmIIPPn>PL.PZGIK.200</sln:gmIIPPn><sln:gmIIPWersja>2012-09-26T22:24:34+02:00</sln:gmIIPWersja><sln:gmIdTeryt>3006012</sln:gmIdTeryt><sln:gmNazwa>Jaraczewo</sln:gmNazwa><sln:miejscIIPId>1ce637c6-97d8-4c54-b8e8-36596bf433c4</sln:miejscIIPId><sln:miejscIIPPn>PL.PZGIK.200</sln:miejscIIPPn><sln:miejscIIPWersja>2016-11-24T13:28:49+02:00</sln:miejscIIPWersja><sln:miejscIdTeryt>0199237</sln:miejscIdTeryt><sln:miejscNazwa>Poręba</sln:miejscNazwa><sln:miejscRodzaj>Wieś</sln:miejscRodzaj><sln:powIIPId>384127c3-0f18-4323-8a7c-a824f4bfb32d</sln:powIIPId><sln:powIIPPn>PL.PZGIK.200</sln:powIIPPn><sln:powIIPWersja>2013-07-10T11:27:19+02:00</sln:powIIPWersja><sln:powIdTeryt>3006</sln:powIdTeryt><sln:powNazwa>jarociński</sln:powNazwa><sln:wojIIPId>c606b01a-76c8-480d-9470-f24ca0d7a613</sln:wojIIPId><sln:wojIIPPn>PL.PZGIK.200</sln:wojIIPPn><sln:wojIIPWersja>2016-05-05T18:20:48+02:00</sln:wojIIPWersja><sln:wojIdTeryt>30</sln:wojIdTeryt><sln:wojNazwa>wielkopolskie</sln:wojNazwa></sln:miejscowosc><sln:miejscowosc><sln:cyklZyciaDo>2018-03-27T00:00:00+02:00</sln:cyklZyciaDo><sln:cyklZyciaOd>2015-04-27T00:00:00+02:00</sln:cyklZyciaOd><sln:gmIIPId>32a018ca-1fcc-4f38-ba15-f3fe211a09e1</sln:gmIIPId><sln:gmIIPPn>PL.PZGIK.200</sln:gmIIPPn><sln:gmIIPWersja>2012-09-26T22:24:34+02:00</sln:gmIIPWersja><sln:gmIdTeryt>3006012</sln:gmIdTeryt><sln:gmNazwa>Jaraczewo</sln:gmNazwa><sln:miejscIIPId>4a169e40-d9f5-4260-bb24-0fa594ef4782</sln:miejscIIPId><sln:miejscIIPPn>PL.PZGIK.200</sln:miejscIIPPn><sln:miejscIIPWersja>2016-11-24T13:41:35+02:00</sln:miejscIIPWersja><sln:miejscIdTeryt>0199119</sln:miejscIdTeryt><sln:miejscNazwa>Łobzowiec</sln:miejscNazwa><sln:miejscRodzaj>Wieś</sln:miejscRodzaj><sln:powIIPId>384127c3-0f18-4323-8a7c-a824f4bfb32d</sln:powIIPId><sln:powIIPPn>PL.PZGIK.200</sln:powIIPPn><sln:powIIPWersja>2013-07-10T11:27:19+02:00</sln:powIIPWersja><sln:powIdTeryt>3006</sln:powIdTeryt><sln:powNazwa>jarociński</sln:powNazwa><sln:wojIIPId>c606b01a-76c8-480d-9470-f24ca0d7a613</sln:wojIIPId><sln:wojIIPPn>PL.PZGIK.200</sln:wojIIPPn><sln:wojIIPWersja>2016-05-05T18:20:48+02:00</sln:wojIIPWersja><sln:wojIdTeryt>30</sln:wojIdTeryt><sln:wojNazwa>wielkopolskie</sln:wojNazwa></sln:miejscowosc><sln:miejscowosc><sln:cyklZyciaDo>2018-03-27T00:00:00+02:00</sln:cyklZyciaDo><sln:cyklZyciaOd>2015-04-27T00:00:00+02:00</sln:cyklZyciaOd><sln:gmIIPId>32a018ca-1fcc-4f38-ba15-f3fe211a09e1</sln:gmIIPId><sln:gmIIPPn>PL.PZGIK.200</sln:gmIIPPn><sln:gmIIPWersja>2012-09-26T22:24:34+02:00</sln:gmIIPWersja><sln:gmIdTeryt>3006012</sln:gmIdTeryt><sln:gmNazwa>Jaraczewo</sln:gmNazwa><sln:miejscIIPId>21be4499-652b-4cbf-a603-d35372cc8acd</sln:miejscIIPId><sln:miejscIIPPn>PL.PZGIK.200</sln:miejscIIPPn><sln:miejscIIPWersja>2016-11-24T13:37:37+02:00</sln:miejscIIPWersja><sln:miejscIdTeryt>0199071</sln:miejscIdTeryt><sln:miejscNazwa>Góra</sln:miejscNazwa><sln:miejscRodzaj>Wieś</sln:miejscRodzaj><sln:powIIPId>384127c3-0f18-4323-8a7c-a824f4bfb32d</sln:powIIPId><sln:powIIPPn>PL.PZGIK.200</sln:powIIPPn><sln:powIIPWersja>2013-07-10T11:27:19+02:00</sln:powIIPWersja><sln:powIdTeryt>3006</sln:powIdTeryt><sln:powNazwa>jarociński</sln:powNazwa><sln:wojIIPId>c606b01a-76c8-480d-9470-f24ca0d7a613</sln:wojIIPId><sln:wojIIPPn>PL.PZGIK.200</sln:wojIIPPn><sln:wojIIPWersja>2016-05-05T18:20:48+02:00</sln:wojIIPWersja><sln:wojIdTeryt>30</sln:wojIdTeryt><sln:wojNazwa>wielkopolskie</sln:wojNazwa></sln:miejscowosc><sln:miejscowosc><sln:cyklZyciaDo>2018-03-27T00:00:00+02:00</sln:cyklZyciaDo><sln:cyklZyciaOd>2015-04-27T00:00:00+02:00</sln:cyklZyciaOd><sln:gmIIPId>32a018ca-1fcc-4f38-ba15-f3fe211a09e1</sln:gmIIPId><sln:gmIIPPn>PL.PZGIK.200</sln:gmIIPPn><sln:gmIIPWersja>2012-09-26T22:24:34+02:00</sln:gmIIPWersja><sln:gmIdTeryt>3006012</sln:gmIdTeryt><sln:gmNazwa>Jaraczewo</sln:gmNazwa><sln:miejscIIPId>dee76b01-27bb-4952-9242-f45b18b05fdb</sln:miejscIIPId><sln:miejscIIPPn>PL.PZGIK.200</sln:miejscIIPPn><sln:miejscIIPWersja>2016-11-24T13:29:47+02:00</sln:miejscIIPWersja><sln:miejscIdTeryt>0199042</sln:miejscIdTeryt><sln:miejscNazwa>Brzostów</sln:miejscNazwa><sln:miejscRodzaj>Wieś</sln:miejscRodzaj><sln:powIIPId>384127c3-0f18-4323-8a7c-a824f4bfb32d</sln:powIIPId><sln:powIIPPn>PL.PZGIK.200</sln:powIIPPn><sln:powIIPWersja>2013-07-10T11:27:19+02:00</sln:powIIPWersja><sln:powIdTeryt>3006</sln:powIdTeryt><sln:powNazwa>jarociński</sln:powNazwa><sln:wojIIPId>c606b01a-76c8-480d-9470-f24ca0d7a613</sln:wojIIPId><sln:wojIIPPn>PL.PZGIK.200</sln:wojIIPPn><sln:wojIIPWersja>2016-05-05T18:20:48+02:00</sln:wojIIPWersja><sln:wojIdTeryt>30</sln:wojIdTeryt><sln:wojNazwa>wielkopolskie</sln:wojNazwa></sln:miejscowosc><sln:miejscowosc><sln:cyklZyciaDo>2018-03-27T00:00:00+02:00</sln:cyklZyciaDo><sln:cyklZyciaOd>2015-04-27T00:00:00+02:00</sln:cyklZyciaOd><sln:gmIIPId>32a018ca-1fcc-4f38-ba15-f3fe211a09e1</sln:gmIIPId><sln:gmIIPPn>PL.PZGIK.200</sln:gmIIPPn><sln:gmIIPWersja>2012-09-26T22:24:34+02:00</sln:gmIIPWersja><sln:gmIdTeryt>3006012</sln:gmIdTeryt><sln:gmNazwa>Jaraczewo</sln:gmNazwa><sln:miejscIIPId>82b257d3-8c7d-43ea-9c92-b41f31fe486d</sln:miejscIIPId><sln:miejscIIPPn>PL.PZGIK.200</sln:miejscIIPPn><sln:miejscIIPWersja>2016-11-24T13:34:18+02:00</sln:miejscIIPWersja><sln:miejscIdTeryt>0199295</sln:miejscIdTeryt><sln:miejscNazwa>Zalesie</sln:miejscNazwa><sln:miejscRodzaj>Wieś</sln:miejscRodzaj><sln:powIIPId>384127c3-0f18-4323-8a7c-a824f4bfb32d</sln:powIIPId><sln:powIIPPn>PL.PZGIK.200</sln:powIIPPn><sln:powIIPWersja>2013-07-10T11:27:19+02:00</sln:powIIPWersja><sln:powIdTeryt>3006</sln:powIdTeryt><sln:powNazwa>jarociński</sln:powNazwa><sln:wojIIPId>c606b01a-76c8-480d-9470-f24ca0d7a613</sln:wojIIPId><sln:wojIIPPn>PL.PZGIK.200</sln:wojIIPPn><sln:wojIIPWersja>2016-05-05T18:20:48+02:00</sln:wojIIPWersja><sln:wojIdTeryt>30</sln:wojIdTeryt><sln:wojNazwa>wielkopolskie</sln:wojNazwa></sln:miejscowosc><sln:miejscowosc><sln:cyklZyciaDo>2018-03-27T00:00:00+02:00</sln:cyklZyciaDo><sln:cyklZyciaOd>2015-04-27T00:00:00+02:00</sln:cyklZyciaOd><sln:gmIIPId>32a018ca-1fcc-4f38-ba15-f3fe211a09e1</sln:gmIIPId><sln:gmIIPPn>PL.PZGIK.200</sln:gmIIPPn><sln:gmIIPWersja>2012-09-26T22:24:34+02:00</sln:gmIIPWersja><sln:gmIdTeryt>3006012</sln:gmIdTeryt><sln:gmNazwa>Jaraczewo</sln:gmNazwa><sln:miejscIIPId>c6dda67f-5da1-4ddf-b1cf-e7d82068aed3</sln:miejscIIPId><sln:miejscIIPPn>PL.PZGIK.200</sln:miejscIIPPn><sln:miejscIIPWersja>2016-11-24T13:39:37+02:00</sln:miejscIIPWersja><sln:miejscIdTeryt>0199020</sln:miejscIdTeryt><sln:miejscNazwa>Bielejewo</sln:miejscNazwa><sln:miejscRodzaj>Wieś</sln:miejscRodzaj><sln:powIIPId>384127c3-0f18-4323-8a7c-a824f4bfb32d</sln:powIIPId><sln:powIIPPn>PL.PZGIK.200</sln:powIIPPn><sln:powIIPWersja>2013-07-10T11:27:19+02:00</sln:powIIPWersja><sln:powIdTeryt>3006</sln:powIdTeryt><sln:powNazwa>jarociński</sln:powNazwa><sln:wojIIPId>c606b01a-76c8-480d-9470-f24ca0d7a613</sln:wojIIPId><sln:wojIIPPn>PL.PZGIK.200</sln:wojIIPPn><sln:wojIIPWersja>2016-05-05T18:20:48+02:00</sln:wojIIPWersja><sln:wojIdTeryt>30</sln:wojIdTeryt><sln:wojNazwa>wielkopolskie</sln:wojNazwa></sln:miejscowosc><sln:miejscowosc><sln:cyklZyciaDo>2018-03-27T00:00:00+02:00</sln:cyklZyciaDo><sln:cyklZyciaOd>2015-04-27T00:00:00+02:00</sln:cyklZyciaOd><sln:gmIIPId>32a018ca-1fcc-4f38-ba15-f3fe211a09e1</sln:gmIIPId><sln:gmIIPPn>PL.PZGIK.200</sln:gmIIPPn><sln:gmIIPWersja>2012-09-26T22:24:34+02:00</sln:gmIIPWersja><sln:gmIdTeryt>3006012</sln:gmIdTeryt><sln:gmNazwa>Jaraczewo</sln:gmNazwa><sln:miejscIIPId>0c8e04b8-5f9f-4e11-b6ff-32a9249994d3</sln:miejscIIPId><sln:miejscIIPPn>PL.PZGIK.200</sln:miejscIIPPn><sln:miejscIIPWersja>2016-11-24T13:43:05+02:00</sln:miejscIIPWersja><sln:miejscIdTeryt>0199177</sln:miejscIdTeryt><sln:miejscNazwa>Cerekwica Nowa</sln:miejscNazwa><sln:miejscRodzaj>Wieś</sln:miejscRodzaj><sln:powIIPId>384127c3-0f18-4323-8a7c-a824f4bfb32d</sln:powIIPId><sln:powIIPPn>PL.PZGIK.200</sln:powIIPPn><sln:powIIPWersja>2013-07-10T11:27:19+02:00</sln:powIIPWersja><sln:powIdTeryt>3006</sln:powIdTeryt><sln:powNazwa>jarociński</sln:powNazwa><sln:wojIIPId>c606b01a-76c8-480d-9470-f24ca0d7a613</sln:wojIIPId><sln:wojIIPPn>PL.PZGIK.200</sln:wojIIPPn><sln:wojIIPWersja>2016-05-05T18:20:48+02:00</sln:wojIIPWersja><sln:wojIdTeryt>30</sln:wojIdTeryt><sln:wojNazwa>wielkopolskie</sln:wojNazwa></sln:miejscowosc><sln:miejscowosc><sln:cyklZyciaDo>2018-03-27T00:00:00+02:00</sln:cyklZyciaDo><sln:cyklZyciaOd>2015-04-27T00:00:00+02:00</sln:cyklZyciaOd><sln:gmIIPId>32a018ca-1fcc-4f38-ba15-f3fe211a09e1</sln:gmIIPId><sln:gmIIPPn>PL.PZGIK.200</sln:gmIIPPn><sln:gmIIPWersja>2012-09-26T22:24:34+02:00</sln:gmIIPWersja><sln:gmIdTeryt>3006012</sln:gmIdTeryt><sln:gmNazwa>Jaraczewo</sln:gmNazwa><sln:miejscIIPId>f4126a7d-2da8-4fe2-9484-e195a110410b</sln:miejscIIPId><sln:miejscIIPPn>PL.PZGIK.200</sln:miejscIIPPn><sln:miejscIIPWersja>2016-11-24T13:51:38+02:00</sln:miejscIIPWersja><sln:miejscIdTeryt>0199220</sln:miejscIdTeryt><sln:miejscNazwa>Smolarnia</sln:miejscNazwa><sln:miejscRodzaj>Osada leśna</sln:miejscRodzaj><sln:powIIPId>384127c3-0f18-4323-8a7c-a824f4bfb32d</sln:powIIPId><sln:powIIPPn>PL.PZGIK.200</sln:powIIPPn><sln:powIIPWersja>2013-07-10T11:27:19+02:00</sln:powIIPWersja><sln:powIdTeryt>3006</sln:powIdTeryt><sln:powNazwa>jarociński</sln:powNazwa><sln:wojIIPId>c606b01a-76c8-480d-9470-f24ca0d7a613</sln:wojIIPId><sln:wojIIPPn>PL.PZGIK.200</sln:wojIIPPn><sln:wojIIPWersja>2016-05-05T18:20:48+02:00</sln:wojIIPWersja><sln:wojIdTeryt>30</sln:wojIdTeryt><sln:wojNazwa>wielkopolskie</sln:wojNazwa></sln:miejscowosc><sln:miejscowosc><sln:cyklZyciaDo>2018-03-27T00:00:00+02:00</sln:cyklZyciaDo><sln:cyklZyciaOd>2015-04-27T00:00:00+02:00</sln:cyklZyciaOd><sln:gmIIPId>32a018ca-1fcc-4f38-ba15-f3fe211a09e1</sln:gmIIPId><sln:gmIIPPn>PL.PZGIK.200</sln:gmIIPPn><sln:gmIIPWersja>2012-09-26T22:24:34+02:00</sln:gmIIPWersja><sln:gmIdTeryt>3006012</sln:gmIdTeryt><sln:gmNazwa>Jaraczewo</sln:gmNazwa><sln:miejscIIPId>3f8baa62-91bf-4e5e-8430-416810e59768</sln:miejscIIPId><sln:miejscIIPPn>PL.PZGIK.200</sln:miejscIIPPn><sln:miejscIIPWersja>2016-11-24T13:41:39+02:00</sln:miejscIIPWersja><sln:miejscIdTeryt>0199131</sln:miejscIdTeryt><sln:miejscNazwa>Łukaszewo</sln:miejscNazwa><sln:miejscRodzaj>Wieś</sln:miejscRodzaj><sln:powIIPId>384127c3-0f18-4323-8a7c-a824f4bfb32d</sln:powIIPId><sln:powIIPPn>PL.PZGIK.200</sln:powIIPPn><sln:powIIPWersja>2013-07-10T11:27:19+02:00</sln:powIIPWersja><sln:powIdTeryt>3006</sln:powIdTeryt><sln:powNazwa>jarociński</sln:powNazwa><sln:wojIIPId>c606b01a-76c8-480d-9470-f24ca0d7a613</sln:wojIIPId><sln:wojIIPPn>PL.PZGIK.200</sln:wojIIPPn><sln:wojIIPWersja>2016-05-05T18:20:48+02:00</sln:wojIIPWersja><sln:wojIdTeryt>30</sln:wojIdTeryt><sln:wojNazwa>wielkopolskie</sln:wojNazwa></sln:miejscowosc><sln:miejscowosc><sln:cyklZyciaDo>2018-03-27T00:00:00+02:00</sln:cyklZyciaDo><sln:cyklZyciaOd>2015-04-27T00:00:00+02:00</sln:cyklZyciaOd><sln:gmIIPId>32a018ca-1fcc-4f38-ba15-f3fe211a09e1</sln:gmIIPId><sln:gmIIPPn>PL.PZGIK.200</sln:gmIIPPn><sln:gmIIPWersja>2012-09-26T22:24:34+02:00</sln:gmIIPWersja><sln:gmIdTeryt>3006012</sln:gmIdTeryt><sln:gmNazwa>Jaraczewo</sln:gmNazwa><sln:miejscIIPId>812292f6-542d-4b9a-ba4d-4423d6b8c165</sln:miejscIIPId><sln:miejscIIPPn>PL.PZGIK.200</sln:miejscIIPPn><sln:miejscIIPWersja>2016-11-24T13:43:04+02:00</sln:miejscIIPWersja><sln:miejscIdTeryt>0199154</sln:miejscIdTeryt><sln:miejscNazwa>Nosków</sln:miejscNazwa><sln:miejscRodzaj>Wieś</sln:miejscRodzaj><sln:powIIPId>384127c3-0f18-4323-8a7c-a824f4bfb32d</sln:powIIPId><sln:powIIPPn>PL.PZGIK.200</sln:powIIPPn><sln:powIIPWersja>2013-07-10T11:27:19+02:00</sln:powIIPWersja><sln:powIdTeryt>3006</sln:powIdTeryt><sln:powNazwa>jarociński</sln:powNazwa><sln:wojIIPId>c606b01a-76c8-480d-9470-f24ca0d7a613</sln:wojIIPId><sln:wojIIPPn>PL.PZGIK.200</sln:wojIIPPn><sln:wojIIPWersja>2016-05-05T18:20:48+02:00</sln:wojIIPWersja><sln:wojIdTeryt>30</sln:wojIdTeryt><sln:wojNazwa>wielkopolskie</sln:wojNazwa></sln:miejscowosc><sln:miejscowosc><sln:cyklZyciaDo>2018-03-27T00:00:00+02:00</sln:cyklZyciaDo><sln:cyklZyciaOd>2015-04-27T00:00:00+02:00</sln:cyklZyciaOd><sln:gmIIPId>32a018ca-1fcc-4f38-ba15-f3fe211a09e1</sln:gmIIPId><sln:gmIIPPn>PL.PZGIK.200</sln:gmIIPPn><sln:gmIIPWersja>2012-09-26T22:24:34+02:00</sln:gmIIPWersja><sln:gmIdTeryt>3006012</sln:gmIdTeryt><sln:gmNazwa>Jaraczewo</sln:gmNazwa><sln:miejscIIPId>4cd71490-4993-4c4f-a2d9-9e435b8b53c7</sln:miejscIIPId><sln:miejscIIPPn>PL.PZGIK.200</sln:miejscIIPPn><sln:miejscIIPWersja>2016-11-24T13:30:05+02:00</sln:miejscIIPWersja><sln:miejscIdTeryt>0199243</sln:miejscIdTeryt><sln:miejscNazwa>Rusko</sln:miejscNazwa><sln:miejscRodzaj>Wieś</sln:miejscRodzaj><sln:powIIPId>384127c3-0f18-4323-8a7c-a824f4bfb32d</sln:powIIPId><sln:powIIPPn>PL.PZGIK.200</sln:powIIPPn><sln:powIIPWersja>2013-07-10T11:27:19+02:00</sln:powIIPWersja><sln:powIdTeryt>3006</sln:powIdTeryt><sln:powNazwa>jarociński</sln:powNazwa><sln:wojIIPId>c606b01a-76c8-480d-9470-f24ca0d7a613</sln:wojIIPId><sln:wojIIPPn>PL.PZGIK.200</sln:wojIIPPn><sln:wojIIPWersja>2016-05-05T18:20:48+02:00</sln:wojIIPWersja><sln:wojIdTeryt>30</sln:wojIdTeryt><sln:wojNazwa>wielkopolskie</sln:wojNazwa></sln:miejscowosc><sln:miejscowosc><sln:cyklZyciaDo>2018-03-27T00:00:00+02:00</sln:cyklZyciaDo><sln:cyklZyciaOd>2015-04-27T00:00:00+02:00</sln:cyklZyciaOd><sln:gmIIPId>32a018ca-1fcc-4f38-ba15-f3fe211a09e1</sln:gmIIPId><sln:gmIIPPn>PL.PZGIK.200</sln:gmIIPPn><sln:gmIIPWersja>2012-09-26T22:24:34+02:00</sln:gmIIPWersja><sln:gmIdTeryt>3006012</sln:gmIdTeryt><sln:gmNazwa>Jaraczewo</sln:gmNazwa><sln:miejscIIPId>77cbd0f8-6542-461c-b72d-25fc9b81888e</sln:miejscIIPId><sln:miejscIIPPn>PL.PZGIK.200</sln:miejscIIPPn><sln:miejscIIPWersja>2016-11-24T13:37:26+02:00</sln:miejscIIPWersja><sln:miejscIdTeryt>0199065</sln:miejscIdTeryt><sln:miejscNazwa>Gola</sln:miejscNazwa><sln:miejscRodzaj>Wieś</sln:miejscRodzaj><sln:powIIPId>384127c3-0f18-4323-8a7c-a824f4bfb32d</sln:powIIPId><sln:powIIPPn>PL.PZGIK.200</sln:powIIPPn><sln:powIIPWersja>2013-07-10T11:27:19+02:00</sln:powIIPWersja><sln:powIdTeryt>3006</sln:powIdTeryt><sln:powNazwa>jarociński</sln:powNazwa><sln:wojIIPId>c606b01a-76c8-480d-9470-f24ca0d7a613</sln:wojIIPId><sln:wojIIPPn>PL.PZGIK.200</sln:wojIIPPn><sln:wojIIPWersja>2016-05-05T18:20:48+02:00</sln:wojIIPWersja><sln:wojIdTeryt>30</sln:wojIdTeryt><sln:wojNazwa>wielkopolskie</sln:wojNazwa></sln:miejscowosc><sln:miejscowosc><sln:cyklZyciaDo>2018-03-27T00:00:00+02:00</sln:cyklZyciaDo><sln:cyklZyciaOd>2015-04-27T00:00:00+02:00</sln:cyklZyciaOd><sln:gmIIPId>32a018ca-1fcc-4f38-ba15-f3fe211a09e1</sln:gmIIPId><sln:gmIIPPn>PL.PZGIK.200</sln:gmIIPPn><sln:gmIIPWersja>2012-09-26T22:24:34+02:00</sln:gmIIPWersja><sln:gmIdTeryt>3006012</sln:gmIdTeryt><sln:gmNazwa>Jaraczewo</sln:gmNazwa><sln:miejscIIPId>57660487-d4f7-4a37-be54-0cfab82b99fe</sln:miejscIIPId><sln:miejscIIPPn>PL.PZGIK.200</sln:miejscIIPPn><sln:miejscIIPWersja>2016-11-24T13:47:38+02:00</sln:miejscIIPWersja><sln:miejscIdTeryt>0199272</sln:miejscIdTeryt><sln:miejscNazwa>Janów</sln:miejscNazwa><sln:miejscRodzaj>Osada</sln:miejscRodzaj><sln:powIIPId>384127c3-0f18-4323-8a7c-a824f4bfb32d</sln:powIIPId><sln:powIIPPn>PL.PZGIK.200</sln:powIIPPn><sln:powIIPWersja>2013-07-10T11:27:19+02:00</sln:powIIPWersja><sln:powIdTeryt>3006</sln:powIdTeryt><sln:powNazwa>jarociński</sln:powNazwa><sln:wojIIPId>c606b01a-76c8-480d-9470-f24ca0d7a613</sln:wojIIPId><sln:wojIIPPn>PL.PZGIK.200</sln:wojIIPPn><sln:wojIIPWersja>2016-05-05T18:20:48+02:00</sln:wojIIPWersja><sln:wojIdTeryt>30</sln:wojIdTeryt><sln:wojNazwa>wielkopolskie</sln:wojNazwa></sln:miejscowosc><sln:miejscowosc><sln:cyklZyciaDo>2018-03-27T00:00:00+02:00</sln:cyklZyciaDo><sln:cyklZyciaOd>2015-04-27T00:00:00+02:00</sln:cyklZyciaOd><sln:gmIIPId>32a018ca-1fcc-4f38-ba15-f3fe211a09e1</sln:gmIIPId><sln:gmIIPPn>PL.PZGIK.200</sln:gmIIPPn><sln:gmIIPWersja>2012-09-26T22:24:34+02:00</sln:gmIIPWersja><sln:gmIdTeryt>3006012</sln:gmIdTeryt><sln:gmNazwa>Jaraczewo</sln:gmNazwa><sln:miejscIIPId>370d866c-0819-49e2-989e-09430f510315</sln:miejscIIPId><sln:miejscIIPPn>PL.PZGIK.200</sln:miejscIIPPn><sln:miejscIIPWersja>2016-11-24T13:44:27+02:00</sln:miejscIIPWersja><sln:miejscIdTeryt>0199190</sln:miejscIdTeryt><sln:miejscNazwa>Parzęczew</sln:miejscNazwa><sln:miejscRodzaj>Wieś</sln:miejscRodzaj><sln:powIIPId>384127c3-0f18-4323-8a7c-a824f4bfb32d</sln:powIIPId><sln:powIIPPn>PL.PZGIK.200</sln:powIIPPn><sln:powIIPWersja>2013-07-10T11:27:19+02:00</sln:powIIPWersja><sln:powIdTeryt>3006</sln:powIdTeryt><sln:powNazwa>jarociński</sln:powNazwa><sln:wojIIPId>c606b01a-76c8-480d-9470-f24ca0d7a613</sln:wojIIPId><sln:wojIIPPn>PL.PZGIK.200</sln:wojIIPPn><sln:wojIIPWersja>2016-05-05T18:20:48+02:00</sln:wojIIPWersja><sln:wojIdTeryt>30</sln:wojIdTeryt><sln:wojNazwa>wielkopolskie</sln:wojNazwa></sln:miejscowosc><sln:miejscowosc><sln:cyklZyciaDo>2018-03-27T00:00:00+02:00</sln:cyklZyciaDo><sln:cyklZyciaOd>2015-04-27T00:00:00+02:00</sln:cyklZyciaOd><sln:gmIIPId>32a018ca-1fcc-4f38-ba15-f3fe211a09e1</sln:gmIIPId><sln:gmIIPPn>PL.PZGIK.200</sln:gmIIPPn><sln:gmIIPWersja>2012-09-26T22:24:34+02:00</sln:gmIIPWersja><sln:gmIdTeryt>3006012</sln:gmIdTeryt><sln:gmNazwa>Jaraczewo</sln:gmNazwa><sln:miejscIIPId>31848b34-81a6-40b4-b5d0-92dc359ad62d</sln:miejscIIPId><sln:miejscIIPPn>PL.PZGIK.200</sln:miejscIIPPn><sln:miejscIIPWersja>2016-11-24T13:44:21+02:00</sln:miejscIIPWersja><sln:miejscIdTeryt>0199183</sln:miejscIdTeryt><sln:miejscNazwa>Panienka</sln:miejscNazwa><sln:miejscRodzaj>Wieś</sln:miejscRodzaj><sln:powIIPId>384127c3-0f18-4323-8a7c-a824f4bfb32d</sln:powIIPId><sln:powIIPPn>PL.PZGIK.200</sln:powIIPPn><sln:powIIPWersja>2013-07-10T11:27:19+02:00</sln:powIIPWersja><sln:powIdTeryt>3006</sln:powIdTeryt><sln:powNazwa>jarociński</sln:powNazwa><sln:wojIIPId>c606b01a-76c8-480d-9470-f24ca0d7a613</sln:wojIIPId><sln:wojIIPPn>PL.PZGIK.200</sln:wojIIPPn><sln:wojIIPWersja>2016-05-05T18:20:48+02:00</sln:wojIIPWersja><sln:wojIdTeryt>30</sln:wojIdTeryt><sln:wojNazwa>wielkopolskie</sln:wojNazwa></sln:miejscowosc><sln:miejscowosc><sln:cyklZyciaDo>2018-03-27T00:00:00+02:00</sln:cyklZyciaDo><sln:cyklZyciaOd>2015-04-27T00:00:00+02:00</sln:cyklZyciaOd><sln:gmIIPId>32a018ca-1fcc-4f38-ba15-f3fe211a09e1</sln:gmIIPId><sln:gmIIPPn>PL.PZGIK.200</sln:gmIIPPn><sln:gmIIPWersja>2012-09-26T22:24:34+02:00</sln:gmIIPWersja><sln:gmIdTeryt>3006012</sln:gmIdTeryt><sln:gmNazwa>Jaraczewo</sln:gmNazwa><sln:miejscIIPId>5523240b-b2dd-407a-bb3c-c976f00d2854</sln:miejscIIPId><sln:miejscIIPPn>PL.PZGIK.200</sln:miejscIIPPn><sln:miejscIIPWersja>2016-11-24T13:31:36+02:00</sln:miejscIIPWersja><sln:miejscIdTeryt>0199250</sln:miejscIdTeryt><sln:miejscNazwa>Strzyżewko</sln:miejscNazwa><sln:miejscRodzaj>Wieś</sln:miejscRodzaj><sln:powIIPId>384127c3-0f18-4323-8a7c-a824f4bfb32d</sln:powIIPId><sln:powIIPPn>PL.PZGIK.200</sln:powIIPPn><sln:powIIPWersja>2013-07-10T11:27:19+02:00</sln:powIIPWersja><sln:powIdTeryt>3006</sln:powIdTeryt><sln:powNazwa>jarociński</sln:powNazwa><sln:wojIIPId>c606b01a-76c8-480d-9470-f24ca0d7a613</sln:wojIIPId><sln:wojIIPPn>PL.PZGIK.200</sln:wojIIPPn><sln:wojIIPWersja>2016-05-05T18:20:48+02:00</sln:wojIIPWersja><sln:wojIdTeryt>30</sln:wojIdTeryt><sln:wojNazwa>wielkopolskie</sln:wojNazwa></sln:miejscowosc><sln:miejscowosc><sln:cyklZyciaDo>2018-03-27T00:00:00+02:00</sln:cyklZyciaDo><sln:cyklZyciaOd>2015-04-27T00:00:00+02:00</sln:cyklZyciaOd><sln:gmIIPId>32a018ca-1fcc-4f38-ba15-f3fe211a09e1</sln:gmIIPId><sln:gmIIPPn>PL.PZGIK.200</sln:gmIIPPn><sln:gmIIPWersja>2012-09-26T22:24:34+02:00</sln:gmIIPWersja><sln:gmIdTeryt>3006012</sln:gmIdTeryt><sln:gmNazwa>Jaraczewo</sln:gmNazwa><sln:miejscIIPId>ca7ee7df-de38-47af-9ac4-15739b677898</sln:miejscIIPId><sln:miejscIIPPn>PL.PZGIK.200</sln:miejscIIPPn><sln:miejscIIPWersja>2016-11-24T13:31:10+02:00</sln:miejscIIPWersja><sln:miejscIdTeryt>0199059</sln:miejscIdTeryt><sln:miejscNazwa>Cerekwica Stara</sln:miejscNazwa><sln:miejscRodzaj>Wieś</sln:miejscRodzaj><sln:powIIPId>384127c3-0f18-4323-8a7c-a824f4bfb32d</sln:powIIPId><sln:powIIPPn>PL.PZGIK.200</sln:powIIPPn><sln:powIIPWersja>2013-07-10T11:27:19+02:00</sln:powIIPWersja><sln:powIdTeryt>3006</sln:powIdTeryt><sln:powNazwa>jarociński</sln:powNazwa><sln:wojIIPId>c606b01a-76c8-480d-9470-f24ca0d7a613</sln:wojIIPId><sln:wojIIPPn>PL.PZGIK.200</sln:wojIIPPn><sln:wojIIPWersja>2016-05-05T18:20:48+02:00</sln:wojIIPWersja><sln:wojIdTeryt>30</sln:wojIdTeryt><sln:wojNazwa>wielkopolskie</sln:wojNazwa></sln:miejscowosc><sln:miejscowosc><sln:cyklZyciaDo>2018-03-27T00:00:00+02:00</sln:cyklZyciaDo><sln:cyklZyciaOd>2015-04-27T00:00:00+02:00</sln:cyklZyciaOd><sln:gmIIPId>32a018ca-1fcc-4f38-ba15-f3fe211a09e1</sln:gmIIPId><sln:gmIIPPn>PL.PZGIK.200</sln:gmIIPPn><sln:gmIIPWersja>2012-09-26T22:24:34+02:00</sln:gmIIPWersja><sln:gmIdTeryt>3006012</sln:gmIdTeryt><sln:gmNazwa>Jaraczewo</sln:gmNazwa><sln:miejscIIPId>0913a0f6-0f40-4c34-83b5-33b7a830c566</sln:miejscIIPId><sln:miejscIIPPn>PL.PZGIK.200</sln:miejscIIPPn><sln:miejscIIPWersja>2016-11-24T13:55:42+02:00</sln:miejscIIPWersja><sln:miejscIdTeryt>0199036</sln:miejscIdTeryt><sln:miejscNazwa>Osiek</sln:miejscNazwa><sln:miejscRodzaj>Osada leśna</sln:miejscRodzaj><sln:powIIPId>384127c3-0f18-4323-8a7c-a824f4bfb32d</sln:powIIPId><sln:powIIPPn>PL.PZGIK.200</sln:powIIPPn><sln:powIIPWersja>2013-07-10T11:27:19+02:00</sln:powIIPWersja><sln:powIdTeryt>3006</sln:powIdTeryt><sln:powNazwa>jarociński</sln:powNazwa><sln:wojIIPId>c606b01a-76c8-480d-9470-f24ca0d7a613</sln:wojIIPId><sln:wojIIPPn>PL.PZGIK.200</sln:wojIIPPn><sln:wojIIPWersja>2016-05-05T18:20:48+02:00</sln:wojIIPWersja><sln:wojIdTeryt>30</sln:wojIdTeryt><sln:wojNazwa>wielkopolskie</sln:wojNazwa></sln:miejscowosc><sln:miejscowosc><sln:cyklZyciaDo>2018-03-27T00:00:00+02:00</sln:cyklZyciaDo><sln:cyklZyciaOd>2015-04-27T00:00:00+02:00</sln:cyklZyciaOd><sln:gmIIPId>32a018ca-1fcc-4f38-ba15-f3fe211a09e1</sln:gmIIPId><sln:gmIIPPn>PL.PZGIK.200</sln:gmIIPPn><sln:gmIIPWersja>2012-09-26T22:24:34+02:00</sln:gmIIPWersja><sln:gmIdTeryt>3006012</sln:gmIdTeryt><sln:gmNazwa>Jaraczewo</sln:gmNazwa><sln:miejscIIPId>f1123bad-fcb0-4730-8bbb-df1d5fef8984</sln:miejscIIPId><sln:miejscIIPPn>PL.PZGIK.200</sln:miejscIIPPn><sln:miejscIIPWersja>2016-11-24T13:42:56+02:00</sln:miejscIIPWersja><sln:miejscIdTeryt>0199148</sln:miejscIdTeryt><sln:miejscNazwa>Niedźwiady</sln:miejscNazwa><sln:miejscRodzaj>Wieś</sln:miejscRodzaj><sln:powIIPId>384127c3-0f18-4323-8a7c-a824f4bfb32d</sln:powIIPId><sln:powIIPPn>PL.PZGIK.200</sln:powIIPPn><sln:powIIPWersja>2013-07-10T11:27:19+02:00</sln:powIIPWersja><sln:powIdTeryt>3006</sln:powIdTeryt><sln:powNazwa>jarociński</sln:powNazwa><sln:wojIIPId>c606b01a-76c8-480d-9470-f24ca0d7a613</sln:wojIIPId><sln:wojIIPPn>PL.PZGIK.200</sln:wojIIPPn><sln:wojIIPWersja>2016-05-05T18:20:48+02:00</sln:wojIIPWersja><sln:wojIdTeryt>30</sln:wojIdTeryt><sln:wojNazwa>wielkopolskie</sln:wojNazwa></sln:miejscowosc><sln:miejscowosc><sln:cyklZyciaDo>2018-03-27T00:00:00+02:00</sln:cyklZyciaDo><sln:cyklZyciaOd>2015-04-27T00:00:00+02:00</sln:cyklZyciaOd><sln:gmIIPId>32a018ca-1fcc-4f38-ba15-f3fe211a09e1</sln:gmIIPId><sln:gmIIPPn>PL.PZGIK.200</sln:gmIIPPn><sln:gmIIPWersja>2012-09-26T22:24:34+02:00</sln:gmIIPWersja><sln:gmIdTeryt>3006012</sln:gmIdTeryt><sln:gmNazwa>Jaraczewo</sln:gmNazwa><sln:miejscIIPId>a3a6151b-6357-4137-9a03-e74c472b91e5</sln:miejscIIPId><sln:miejscIIPPn>PL.PZGIK.200</sln:miejscIIPPn><sln:miejscIIPWersja>2016-11-24T13:41:35+02:00</sln:miejscIIPWersja><sln:miejscIdTeryt>0199102</sln:miejscIdTeryt><sln:miejscNazwa>Łobez</sln:miejscNazwa><sln:miejscRodzaj>Wieś</sln:miejscRodzaj><sln:powIIPId>384127c3-0f18-4323-8a7c-a824f4bfb32d</sln:powIIPId><sln:powIIPPn>PL.PZGIK.200</sln:powIIPPn><sln:powIIPWersja>2013-07-10T11:27:19+02:00</sln:powIIPWersja><sln:powIdTeryt>3006</sln:powIdTeryt><sln:powNazwa>jarociński</sln:powNazwa><sln:wojIIPId>c606b01a-76c8-480d-9470-f24ca0d7a613</sln:wojIIPId><sln:wojIIPPn>PL.PZGIK.200</sln:wojIIPPn><sln:wojIIPWersja>2016-05-05T18:20:48+02:00</sln:wojIIPWersja><sln:wojIdTeryt>30</sln:wojIdTeryt><sln:wojNazwa>wielkopolskie</sln:wojNazwa></sln:miejscowosc><sln:miejscowosc><sln:cyklZyciaDo>2018-03-27T00:00:00+02:00</sln:cyklZyciaDo><sln:cyklZyciaOd>2015-04-27T00:00:00+02:00</sln:cyklZyciaOd><sln:gmIIPId>32a018ca-1fcc-4f38-ba15-f3fe211a09e1</sln:gmIIPId><sln:gmIIPPn>PL.PZGIK.200</sln:gmIIPPn><sln:gmIIPWersja>2012-09-26T22:24:34+02:00</sln:gmIIPWersja><sln:gmIdTeryt>3006012</sln:gmIdTeryt><sln:gmNazwa>Jaraczewo</sln:gmNazwa><sln:miejscIIPId>7da4504c-fb54-409a-aba1-2f5776736ef6</sln:miejscIIPId><sln:miejscIIPPn>PL.PZGIK.200</sln:miejscIIPPn><sln:miejscIIPWersja>2016-11-24T13:54:57+02:00</sln:miejscIIPWersja><sln:miejscIdTeryt>0199094</sln:miejscIdTeryt><sln:miejscNazwa>Chytrów</sln:miejscNazwa><sln:miejscRodzaj>Inny obiekt</sln:miejscRodzaj><sln:powIIPId>384127c3-0f18-4323-8a7c-a824f4bfb32d</sln:powIIPId><sln:powIIPPn>PL.PZGIK.200</sln:powIIPPn><sln:powIIPWersja>2013-07-10T11:27:19+02:00</sln:powIIPWersja><sln:powIdTeryt>3006</sln:powIdTeryt><sln:powNazwa>jarociński</sln:powNazwa><sln:wojIIPId>c606b01a-76c8-480d-9470-f24ca0d7a613</sln:wojIIPId><sln:wojIIPPn>PL.PZGIK.200</sln:wojIIPPn><sln:wojIIPWersja>2016-05-05T18:20:48+02:00</sln:wojIIPWersja><sln:wojIdTeryt>30</sln:wojIdTeryt><sln:wojNazwa>wielkopolskie</sln:wojNazwa></sln:miejscowosc><sln:miejscowosc><sln:cyklZyciaDo>2018-03-27T00:00:00+02:00</sln:cyklZyciaDo><sln:cyklZyciaOd>2015-04-27T00:00:00+02:00</sln:cyklZyciaOd><sln:gmIIPId>32a018ca-1fcc-4f38-ba15-f3fe211a09e1</sln:gmIIPId><sln:gmIIPPn>PL.PZGIK.200</sln:gmIIPPn><sln:gmIIPWersja>2012-09-26T22:24:34+02:00</sln:gmIIPWersja><sln:gmIdTeryt>3006012</sln:gmIdTeryt><sln:gmNazwa>Jaraczewo</sln:gmNazwa><sln:miejscIIPId>a2e869ee-90db-4b61-9f9d-9f5a37938533</sln:miejscIIPId><sln:miejscIIPPn>PL.PZGIK.200</sln:miejscIIPPn><sln:miejscIIPWersja>2016-11-24T13:38:33+02:00</sln:miejscIIPWersja><sln:miejscIdTeryt>0199088</sln:miejscIdTeryt><sln:miejscNazwa>Jaraczewo</sln:miejscNazwa><sln:miejscRodzaj>Wieś</sln:miejscRodzaj><sln:powIIPId>384127c3-0f18-4323-8a7c-a824f4bfb32d</sln:powIIPId><sln:powIIPPn>PL.PZGIK.200</sln:powIIPPn><sln:powIIPWersja>2013-07-10T11:27:19+02:00</sln:powIIPWersja><sln:powIdTeryt>3006</sln:powIdTeryt><sln:powNazwa>jarociński</sln:powNazwa><sln:wojIIPId>c606b01a-76c8-480d-9470-f24ca0d7a613</sln:wojIIPId><sln:wojIIPPn>PL.PZGIK.200</sln:wojIIPPn><sln:wojIIPWersja>2016-05-05T18:20:48+02:00</sln:wojIIPWersja><sln:wojIdTeryt>30</sln:wojIdTeryt><sln:wojNazwa>wielkopolskie</sln:wojNazwa></sln:miejscowosc><sln:miejscowosc><sln:cyklZyciaDo>2018-03-27T00:00:00+02:00</sln:cyklZyciaDo><sln:cyklZyciaOd>2015-04-27T00:00:00+02:00</sln:cyklZyciaOd><sln:gmIIPId>32a018ca-1fcc-4f38-ba15-f3fe211a09e1</sln:gmIIPId><sln:gmIIPPn>PL.PZGIK.200</sln:gmIIPPn><sln:gmIIPWersja>2012-09-26T22:24:34+02:00</sln:gmIIPWersja><sln:gmIdTeryt>3006012</sln:gmIdTeryt><sln:gmNazwa>Jaraczewo</sln:gmNazwa><sln:miejscIIPId>fc2f2579-52f2-4af5-a4ea-968b7f32f44d</sln:miejscIIPId><sln:miejscIIPPn>PL.PZGIK.200</sln:miejscIIPPn><sln:miejscIIPWersja>2016-11-24T13:31:41+02:00</sln:miejscIIPWersja><sln:miejscIdTeryt>0199266</sln:miejscIdTeryt><sln:miejscNazwa>Suchorzewko</sln:miejscNazwa><sln:miejscRodzaj>Wieś</sln:miejscRodzaj><sln:powIIPId>384127c3-0f18-4323-8a7c-a824f4bfb32d</sln:powIIPId><sln:powIIPPn>PL.PZGIK.200</sln:powIIPPn><sln:powIIPWersja>2013-07-10T11:27:19+02:00</sln:powIIPWersja><sln:powIdTeryt>3006</sln:powIdTeryt><sln:powNazwa>jarociński</sln:powNazwa><sln:wojIIPId>c606b01a-76c8-480d-9470-f24ca0d7a613</sln:wojIIPId><sln:wojIIPPn>PL.PZGIK.200</sln:wojIIPPn><sln:wojIIPWersja>2016-05-05T18:20:48+02:00</sln:wojIIPWersja><sln:wojIdTeryt>30</sln:wojIdTeryt><sln:wojNazwa>wielkopolskie</sln:wojNazwa></sln:miejscowosc><sln:miejscowosc><sln:cyklZyciaDo>2018-03-27T00:00:00+02:00</sln:cyklZyciaDo><sln:cyklZyciaOd>2015-04-27T00:00:00+02:00</sln:cyklZyciaOd><sln:gmIIPId>32a018ca-1fcc-4f38-ba15-f3fe211a09e1</sln:gmIIPId><sln:gmIIPPn>PL.PZGIK.200</sln:gmIIPPn><sln:gmIIPWersja>2012-09-26T22:24:34+02:00</sln:gmIIPWersja><sln:gmIdTeryt>3006012</sln:gmIdTeryt><sln:gmNazwa>Jaraczewo</sln:gmNazwa><sln:miejscIIPId>20924885-72fc-4385-b590-cdc04eea41fe</sln:miejscIIPId><sln:miejscIIPPn>PL.PZGIK.200</sln:miejscIIPPn><sln:miejscIIPWersja>2016-11-24T13:51:38+02:00</sln:miejscIIPWersja><sln:miejscIdTeryt>0199208</sln:miejscIdTeryt><sln:miejscNazwa>Budy</sln:miejscNazwa><sln:miejscRodzaj>Osada leśna</sln:miejscRodzaj><sln:powIIPId>384127c3-0f18-4323-8a7c-a824f4bfb32d</sln:powIIPId><sln:powIIPPn>PL.PZGIK.200</sln:powIIPPn><sln:powIIPWersja>2013-07-10T11:27:19+02:00</sln:powIIPWersja><sln:powIdTeryt>3006</sln:powIdTeryt><sln:powNazwa>jarociński</sln:powNazwa><sln:wojIIPId>c606b01a-76c8-480d-9470-f24ca0d7a613</sln:wojIIPId><sln:wojIIPPn>PL.PZGIK.200</sln:wojIIPPn><sln:wojIIPWersja>2016-05-05T18:20:48+02:00</sln:wojIIPWersja><sln:wojIdTeryt>30</sln:wojIdTeryt><sln:wojNazwa>wielkopolskie</sln:wojNazwa></sln:miejscowosc><sln:miejscowosc><sln:cyklZyciaDo>2018-03-27T00:00:00+02:00</sln:cyklZyciaDo><sln:cyklZyciaOd>2015-04-27T00:00:00+02:00</sln:cyklZyciaOd><sln:gmIIPId>32a018ca-1fcc-4f38-ba15-f3fe211a09e1</sln:gmIIPId><sln:gmIIPPn>PL.PZGIK.200</sln:gmIIPPn><sln:gmIIPWersja>2012-09-26T22:24:34+02:00</sln:gmIIPWersja><sln:gmIdTeryt>3006012</sln:gmIdTeryt><sln:gmNazwa>Jaraczewo</sln:gmNazwa><sln:miejscIIPId>eea84889-89f1-42d3-991c-41f9f3a66883</sln:miejscIIPId><sln:miejscIIPPn>PL.PZGIK.200</sln:miejscIIPPn><sln:miejscIIPWersja>2016-11-24T13:51:38+02:00</sln:miejscIIPWersja><sln:miejscIdTeryt>0199214</sln:miejscIdTeryt><sln:miejscNazwa>Parzęczew</sln:miejscNazwa><sln:miejscRodzaj>Osada</sln:miejscRodzaj><sln:powIIPId>384127c3-0f18-4323-8a7c-a824f4bfb32d</sln:powIIPId><sln:powIIPPn>PL.PZGIK.200</sln:powIIPPn><sln:powIIPWersja>2013-07-10T11:27:19+02:00</sln:powIIPWersja><sln:powIdTeryt>3006</sln:powIdTeryt><sln:powNazwa>jarociński</sln:powNazwa><sln:wojIIPId>c606b01a-76c8-480d-9470-f24ca0d7a613</sln:wojIIPId><sln:wojIIPPn>PL.PZGIK.200</sln:wojIIPPn><sln:wojIIPWersja>2016-05-05T18:20:48+02:00</sln:wojIIPWersja><sln:wojIdTeryt>30</sln:wojIdTeryt><sln:wojNazwa>wielkopolskie</sln:wojNazwa></sln:miejscowosc><sln:miejscowosc><sln:cyklZyciaDo>2018-03-27T00:00:00+02:00</sln:cyklZyciaDo><sln:cyklZyciaOd>2015-04-27T00:00:00+02:00</sln:cyklZyciaOd><sln:gmIIPId>32a018ca-1fcc-4f38-ba15-f3fe211a09e1</sln:gmIIPId><sln:gmIIPPn>PL.PZGIK.200</sln:gmIIPPn><sln:gmIIPWersja>2012-09-26T22:24:34+02:00</sln:gmIIPWersja><sln:gmIdTeryt>3006012</sln:gmIdTeryt><sln:gmNazwa>Jaraczewo</sln:gmNazwa><sln:miejscIIPId>3d16d3ce-e0ed-4556-9889-25a25351dbeb</sln:miejscIIPId><sln:miejscIIPPn>PL.PZGIK.200</sln:miejscIIPPn><sln:miejscIIPWersja>2016-11-24T13:41:39+02:00</sln:miejscIIPWersja><sln:miejscIdTeryt>0199125</sln:miejscIdTeryt><sln:miejscNazwa>Łowęcice</sln:miejscNazwa><sln:miejscRodzaj>Wieś</sln:miejscRodzaj><sln:powIIPId>384127c3-0f18-4323-8a7c-a824f4bfb32d</sln:powIIPId><sln:powIIPPn>PL.PZGIK.200</sln:powIIPPn><sln:powIIPWersja>2013-07-10T11:27:19+02:00</sln:powIIPWersja><sln:powIdTeryt>3006</sln:powIdTeryt><sln:powNazwa>jarociński</sln:powNazwa><sln:wojIIPId>c606b01a-76c8-480d-9470-f24ca0d7a613</sln:wojIIPId><sln:wojIIPPn>PL.PZGIK.200</sln:wojIIPPn><sln:wojIIPWersja>2016-05-05T18:20:48+02:00</sln:wojIIPWersja><sln:wojIdTeryt>30</sln:wojIdTeryt><sln:wojNazwa>wielkopolskie</sln:wojNazwa></sln:miejscowosc><sln:miejscowosc><sln:cyklZyciaDo>2018-03-27T00:00:00+02:00</sln:cyklZyciaDo><sln:cyklZyciaOd>2015-04-27T00:00:00+02:00</sln:cyklZyciaOd><sln:gmIIPId>32a018ca-1fcc-4f38-ba15-f3fe211a09e1</sln:gmIIPId><sln:gmIIPPn>PL.PZGIK.200</sln:gmIIPPn><sln:gmIIPWersja>2012-09-26T22:24:34+02:00</sln:gmIIPWersja><sln:gmIdTeryt>3006012</sln:gmIdTeryt><sln:gmNazwa>Jaraczewo</sln:gmNazwa><sln:miejscIIPId>4bcc1f54-7976-458a-9f36-b8afd1f7b652</sln:miejscIIPId><sln:miejscIIPPn>PL.PZGIK.200</sln:miejscIIPPn><sln:miejscIIPWersja>2016-11-24T13:33:28+02:00</sln:miejscIIPWersja><sln:miejscIdTeryt>0199289</sln:miejscIdTeryt><sln:miejscNazwa>Wojciechowo</sln:miejscNazwa><sln:miejscRodzaj>Wieś</sln:miejscRodzaj><sln:powIIPId>384127c3-0f18-4323-8a7c-a824f4bfb32d</sln:powIIPId><sln:powIIPPn>PL.PZGIK.200</sln:powIIPPn><sln:powIIPWersja>2013-07-10T11:27:19+02:00</sln:powIIPWersja><sln:powIdTeryt>3006</sln:powIdTeryt><sln:powNazwa>jarociński</sln:powNazwa><sln:wojIIPId>c606b01a-76c8-480d-9470-f24ca0d7a613</sln:wojIIPId><sln:wojIIPPn>PL.PZGIK.200</sln:wojIIPPn><sln:wojIIPWersja>2016-05-05T18:20:48+02:00</sln:wojIIPWersja><sln:wojIdTeryt>30</sln:wojIdTeryt><sln:wojNazwa>wielkopolskie</sln:wojNazwa></sln:miejscowosc></sln:lista-miejscowosci>