<?xml version="1.0" encoding="UTF-8" standalone="yes"?><sln:lista-miejscowosci xmlns:srv="http://gugik.gov.pl/schemas/slowniki-service/1.0" xmlns:sln="http://gugik.gov.pl/schemas/slowniki-schema/1.0"><sln:miejscowosc><sln:cyklZyciaDo>2016-11-27T00:00:00+01:00</sln:cyklZyciaDo><sln:cyklZyciaOd>2012-04-26T00:00:00+02:00</sln:cyklZyciaOd><sln:gmIIPId>92d99072-27d6-4c4c-81c7-94716ec18d9f</sln:gmIIPId><sln:gmIIPPn>PL.PZGIK.200</sln:gmIIPPn><sln:gmIIPWersja>2012-09-26T22:24:38+02:00</sln:gmIIPWersja><sln:gmIdTeryt>3007042</sln:gmIdTeryt><sln:gmNazwa>Godziesze Wielkie</sln:gmNazwa><sln:miejscIIPId>de032cee-b4e8-4a4b-8086-71e47196cae7</sln:miejscIIPId><sln:miejscIIPPn>PL.PZGIK.200</sln:miejscIIPPn><sln:miejscIIPWersja>2016-11-24T13:30:11+02:00</sln:miejscIIPWersja><sln:miejscIdTeryt>0198226</sln:miejscIdTeryt><sln:miejscNazwa>Saczyn</sln:miejscNazwa><sln:miejscRodzaj>Wieś</sln:miejscRodzaj><sln:powIIPId>a84ca93c-4ad8-494d-95a7-8b1a8c4d4517</sln:powIIPId><sln:powIIPPn>PL.PZGIK.200</sln:powIIPPn><sln:powIIPWersja>2012-09-27T08:59:03+02:00</sln:powIIPWersja><sln:powIdTeryt>3007</sln:powIdTeryt><sln:powNazwa>kaliski</sln:powNazwa><sln:wojIIPId>c606b01a-76c8-480d-9470-f24ca0d7a613</sln:wojIIPId><sln:wojIIPPn>PL.PZGIK.200</sln:wojIIPPn><sln:wojIIPWersja>2016-05-05T18:20:48+02:00</sln:wojIIPWersja><sln:wojIdTeryt>30</sln:wojIdTeryt><sln:wojNazwa>wielkopolskie</sln:wojNazwa></sln:miejscowosc><sln:miejscowosc><sln:cyklZyciaDo>2016-11-27T00:00:00+01:00</sln:cyklZyciaDo><sln:cyklZyciaOd>2012-04-26T00:00:00+02:00</sln:cyklZyciaOd><sln:gmIIPId>92d99072-27d6-4c4c-81c7-94716ec18d9f</sln:gmIIPId><sln:gmIIPPn>PL.PZGIK.200</sln:gmIIPPn><sln:gmIIPWersja>2012-09-26T22:24:38+02:00</sln:gmIIPWersja><sln:gmIdTeryt>3007042</sln:gmIdTeryt><sln:gmNazwa>Godziesze Wielkie</sln:gmNazwa><sln:miejscIIPId>6aa4d0e0-3599-4dab-ac94-6ccf668c96e2</sln:miejscIIPId><sln:miejscIIPPn>PL.PZGIK.200</sln:miejscIIPPn><sln:miejscIIPWersja>2016-11-24T13:30:46+02:00</sln:miejscIIPWersja><sln:miejscIdTeryt>0198232</sln:miejscIdTeryt><sln:miejscNazwa>Skrzatki</sln:miejscNazwa><sln:miejscRodzaj>Wieś</sln:miejscRodzaj><sln:powIIPId>a84ca93c-4ad8-494d-95a7-8b1a8c4d4517</sln:powIIPId><sln:powIIPPn>PL.PZGIK.200</sln:powIIPPn><sln:powIIPWersja>2012-09-27T08:59:03+02:00</sln:powIIPWersja><sln:powIdTeryt>3007</sln:powIdTeryt><sln:powNazwa>kaliski</sln:powNazwa><sln:wojIIPId>c606b01a-76c8-480d-9470-f24ca0d7a613</sln:wojIIPId><sln:wojIIPPn>PL.PZGIK.200</sln:wojIIPPn><sln:wojIIPWersja>2016-05-05T18:20:48+02:00</sln:wojIIPWersja><sln:wojIdTeryt>30</sln:wojIdTeryt><sln:wojNazwa>wielkopolskie</sln:wojNazwa></sln:miejscowosc><sln:miejscowosc><sln:cyklZyciaDo>2016-11-27T00:00:00+01:00</sln:cyklZyciaDo><sln:cyklZyciaOd>2012-04-26T00:00:00+02:00</sln:cyklZyciaOd><sln:gmIIPId>92d99072-27d6-4c4c-81c7-94716ec18d9f</sln:gmIIPId><sln:gmIIPPn>PL.PZGIK.200</sln:gmIIPPn><sln:gmIIPWersja>2012-09-26T22:24:38+02:00</sln:gmIIPWersja><sln:gmIdTeryt>3007042</sln:gmIdTeryt><sln:gmNazwa>Godziesze Wielkie</sln:gmNazwa><sln:miejscIIPId>708d1993-b3c1-4f44-a940-f43b5cb4b523</sln:miejscIIPId><sln:miejscIIPPn>PL.PZGIK.200</sln:miejscIIPPn><sln:miejscIIPWersja>2016-11-24T13:31:10+02:00</sln:miejscIIPWersja><sln:miejscIdTeryt>0198249</sln:miejscIdTeryt><sln:miejscNazwa>Stara Kakawa</sln:miejscNazwa><sln:miejscRodzaj>Wieś</sln:miejscRodzaj><sln:powIIPId>a84ca93c-4ad8-494d-95a7-8b1a8c4d4517</sln:powIIPId><sln:powIIPPn>PL.PZGIK.200</sln:powIIPPn><sln:powIIPWersja>2012-09-27T08:59:03+02:00</sln:powIIPWersja><sln:powIdTeryt>3007</sln:powIdTeryt><sln:powNazwa>kaliski</sln:powNazwa><sln:wojIIPId>c606b01a-76c8-480d-9470-f24ca0d7a613</sln:wojIIPId><sln:wojIIPPn>PL.PZGIK.200</sln:wojIIPPn><sln:wojIIPWersja>2016-05-05T18:20:48+02:00</sln:wojIIPWersja><sln:wojIdTeryt>30</sln:wojIdTeryt><sln:wojNazwa>wielkopolskie</sln:wojNazwa></sln:miejscowosc><sln:miejscowosc><sln:cyklZyciaDo>2016-11-27T00:00:00+01:00</sln:cyklZyciaDo><sln:cyklZyciaOd>2012-04-26T00:00:00+02:00</sln:cyklZyciaOd><sln:gmIIPId>92d99072-27d6-4c4c-81c7-94716ec18d9f</sln:gmIIPId><sln:gmIIPPn>PL.PZGIK.200</sln:gmIIPPn><sln:gmIIPWersja>2012-09-26T22:24:38+02:00</sln:gmIIPWersja><sln:gmIdTeryt>3007042</sln:gmIdTeryt><sln:gmNazwa>Godziesze Wielkie</sln:gmNazwa><sln:miejscIIPId>f3858b39-d62a-4513-9496-1cde61417fd9</sln:miejscIIPId><sln:miejscIIPPn>PL.PZGIK.200</sln:miejscIIPPn><sln:miejscIIPWersja>2016-11-24T13:30:55+02:00</sln:miejscIIPWersja><sln:miejscIdTeryt>0198143</sln:miejscIdTeryt><sln:miejscNazwa>Sobocin</sln:miejscNazwa><sln:miejscRodzaj>Wieś</sln:miejscRodzaj><sln:powIIPId>a84ca93c-4ad8-494d-95a7-8b1a8c4d4517</sln:powIIPId><sln:powIIPPn>PL.PZGIK.200</sln:powIIPPn><sln:powIIPWersja>2012-09-27T08:59:03+02:00</sln:powIIPWersja><sln:powIdTeryt>3007</sln:powIdTeryt><sln:powNazwa>kaliski</sln:powNazwa><sln:wojIIPId>c606b01a-76c8-480d-9470-f24ca0d7a613</sln:wojIIPId><sln:wojIIPPn>PL.PZGIK.200</sln:wojIIPPn><sln:wojIIPWersja>2016-05-05T18:20:48+02:00</sln:wojIIPWersja><sln:wojIdTeryt>30</sln:wojIdTeryt><sln:wojNazwa>wielkopolskie</sln:wojNazwa></sln:miejscowosc><sln:miejscowosc><sln:cyklZyciaDo>2016-11-27T00:00:00+01:00</sln:cyklZyciaDo><sln:cyklZyciaOd>2012-04-26T00:00:00+02:00</sln:cyklZyciaOd><sln:gmIIPId>92d99072-27d6-4c4c-81c7-94716ec18d9f</sln:gmIIPId><sln:gmIIPPn>PL.PZGIK.200</sln:gmIIPPn><sln:gmIIPWersja>2012-09-26T22:24:38+02:00</sln:gmIIPWersja><sln:gmIdTeryt>3007042</sln:gmIdTeryt><sln:gmNazwa>Godziesze Wielkie</sln:gmNazwa><sln:miejscIIPId>c13a3197-352a-4263-80a4-c254ddd8c040</sln:miejscIIPId><sln:miejscIIPPn>PL.PZGIK.200</sln:miejscIIPPn><sln:miejscIIPWersja>2016-11-24T13:31:29+02:00</sln:miejscIIPWersja><sln:miejscIdTeryt>0198255</sln:miejscIdTeryt><sln:miejscNazwa>Stobno</sln:miejscNazwa><sln:miejscRodzaj>Wieś</sln:miejscRodzaj><sln:powIIPId>a84ca93c-4ad8-494d-95a7-8b1a8c4d4517</sln:powIIPId><sln:powIIPPn>PL.PZGIK.200</sln:powIIPPn><sln:powIIPWersja>2012-09-27T08:59:03+02:00</sln:powIIPWersja><sln:powIdTeryt>3007</sln:powIdTeryt><sln:powNazwa>kaliski</sln:powNazwa><sln:wojIIPId>c606b01a-76c8-480d-9470-f24ca0d7a613</sln:wojIIPId><sln:wojIIPPn>PL.PZGIK.200</sln:wojIIPPn><sln:wojIIPWersja>2016-05-05T18:20:48+02:00</sln:wojIIPWersja><sln:wojIdTeryt>30</sln:wojIdTeryt><sln:wojNazwa>wielkopolskie</sln:wojNazwa></sln:miejscowosc><sln:miejscowosc><sln:cyklZyciaDo>2016-11-27T00:00:00+01:00</sln:cyklZyciaDo><sln:cyklZyciaOd>2012-04-26T00:00:00+02:00</sln:cyklZyciaOd><sln:gmIIPId>92d99072-27d6-4c4c-81c7-94716ec18d9f</sln:gmIIPId><sln:gmIIPPn>PL.PZGIK.200</sln:gmIIPPn><sln:gmIIPWersja>2012-09-26T22:24:38+02:00</sln:gmIIPWersja><sln:gmIdTeryt>3007042</sln:gmIdTeryt><sln:gmNazwa>Godziesze Wielkie</sln:gmNazwa><sln:miejscIIPId>1f7cf1d6-fe9b-4cfc-b237-3ab1807f85dd</sln:miejscIIPId><sln:miejscIIPPn>PL.PZGIK.200</sln:miejscIIPPn><sln:miejscIIPWersja>2016-11-24T13:32:11+02:00</sln:miejscIIPWersja><sln:miejscIdTeryt>0198284</sln:miejscIdTeryt><sln:miejscNazwa>Takomyśle</sln:miejscNazwa><sln:miejscRodzaj>Wieś</sln:miejscRodzaj><sln:powIIPId>a84ca93c-4ad8-494d-95a7-8b1a8c4d4517</sln:powIIPId><sln:powIIPPn>PL.PZGIK.200</sln:powIIPPn><sln:powIIPWersja>2012-09-27T08:59:03+02:00</sln:powIIPWersja><sln:powIdTeryt>3007</sln:powIdTeryt><sln:powNazwa>kaliski</sln:powNazwa><sln:wojIIPId>c606b01a-76c8-480d-9470-f24ca0d7a613</sln:wojIIPId><sln:wojIIPPn>PL.PZGIK.200</sln:wojIIPPn><sln:wojIIPWersja>2016-05-05T18:20:48+02:00</sln:wojIIPWersja><sln:wojIdTeryt>30</sln:wojIdTeryt><sln:wojNazwa>wielkopolskie</sln:wojNazwa></sln:miejscowosc><sln:miejscowosc><sln:cyklZyciaDo>2016-11-27T00:00:00+01:00</sln:cyklZyciaDo><sln:cyklZyciaOd>2012-04-26T00:00:00+02:00</sln:cyklZyciaOd><sln:gmIIPId>92d99072-27d6-4c4c-81c7-94716ec18d9f</sln:gmIIPId><sln:gmIIPPn>PL.PZGIK.200</sln:gmIIPPn><sln:gmIIPWersja>2012-09-26T22:24:38+02:00</sln:gmIIPWersja><sln:gmIdTeryt>3007042</sln:gmIdTeryt><sln:gmNazwa>Godziesze Wielkie</sln:gmNazwa><sln:miejscIIPId>b52a4aa5-d1a0-4eff-8b13-f43b4d806f32</sln:miejscIIPId><sln:miejscIIPPn>PL.PZGIK.200</sln:miejscIIPPn><sln:miejscIIPWersja>2016-11-24T13:33:31+02:00</sln:miejscIIPWersja><sln:miejscIdTeryt>0198290</sln:miejscIdTeryt><sln:miejscNazwa>Wola Droszewska</sln:miejscNazwa><sln:miejscRodzaj>Wieś</sln:miejscRodzaj><sln:powIIPId>a84ca93c-4ad8-494d-95a7-8b1a8c4d4517</sln:powIIPId><sln:powIIPPn>PL.PZGIK.200</sln:powIIPPn><sln:powIIPWersja>2012-09-27T08:59:03+02:00</sln:powIIPWersja><sln:powIdTeryt>3007</sln:powIdTeryt><sln:powNazwa>kaliski</sln:powNazwa><sln:wojIIPId>c606b01a-76c8-480d-9470-f24ca0d7a613</sln:wojIIPId><sln:wojIIPPn>PL.PZGIK.200</sln:wojIIPPn><sln:wojIIPWersja>2016-05-05T18:20:48+02:00</sln:wojIIPWersja><sln:wojIdTeryt>30</sln:wojIdTeryt><sln:wojNazwa>wielkopolskie</sln:wojNazwa></sln:miejscowosc><sln:miejscowosc><sln:cyklZyciaDo>2016-11-27T00:00:00+01:00</sln:cyklZyciaDo><sln:cyklZyciaOd>2012-04-26T00:00:00+02:00</sln:cyklZyciaOd><sln:gmIIPId>92d99072-27d6-4c4c-81c7-94716ec18d9f</sln:gmIIPId><sln:gmIIPPn>PL.PZGIK.200</sln:gmIIPPn><sln:gmIIPWersja>2012-09-26T22:24:38+02:00</sln:gmIIPWersja><sln:gmIdTeryt>3007042</sln:gmIdTeryt><sln:gmNazwa>Godziesze Wielkie</sln:gmNazwa><sln:miejscIIPId>b5f580dc-4dc9-4f7b-b4b1-0bc4612a73cd</sln:miejscIIPId><sln:miejscIIPPn>PL.PZGIK.200</sln:miejscIIPPn><sln:miejscIIPWersja>2016-11-24T13:33:41+02:00</sln:miejscIIPWersja><sln:miejscIdTeryt>0198309</sln:miejscIdTeryt><sln:miejscNazwa>Wolica</sln:miejscNazwa><sln:miejscRodzaj>Wieś</sln:miejscRodzaj><sln:powIIPId>a84ca93c-4ad8-494d-95a7-8b1a8c4d4517</sln:powIIPId><sln:powIIPPn>PL.PZGIK.200</sln:powIIPPn><sln:powIIPWersja>2012-09-27T08:59:03+02:00</sln:powIIPWersja><sln:powIdTeryt>3007</sln:powIdTeryt><sln:powNazwa>kaliski</sln:powNazwa><sln:wojIIPId>c606b01a-76c8-480d-9470-f24ca0d7a613</sln:wojIIPId><sln:wojIIPPn>PL.PZGIK.200</sln:wojIIPPn><sln:wojIIPWersja>2016-05-05T18:20:48+02:00</sln:wojIIPWersja><sln:wojIdTeryt>30</sln:wojIdTeryt><sln:wojNazwa>wielkopolskie</sln:wojNazwa></sln:miejscowosc><sln:miejscowosc><sln:cyklZyciaDo>2016-11-27T00:00:00+01:00</sln:cyklZyciaDo><sln:cyklZyciaOd>2012-04-26T00:00:00+02:00</sln:cyklZyciaOd><sln:gmIIPId>92d99072-27d6-4c4c-81c7-94716ec18d9f</sln:gmIIPId><sln:gmIIPPn>PL.PZGIK.200</sln:gmIIPPn><sln:gmIIPWersja>2012-09-26T22:24:38+02:00</sln:gmIIPWersja><sln:gmIdTeryt>3007042</sln:gmIdTeryt><sln:gmNazwa>Godziesze Wielkie</sln:gmNazwa><sln:miejscIIPId>3600c7ab-b8dc-430a-aa0d-06087750c1be</sln:miejscIIPId><sln:miejscIIPPn>PL.PZGIK.200</sln:miejscIIPPn><sln:miejscIIPWersja>2016-11-24T13:34:04+02:00</sln:miejscIIPWersja><sln:miejscIdTeryt>0198315</sln:miejscIdTeryt><sln:miejscNazwa>Zadowice</sln:miejscNazwa><sln:miejscRodzaj>Wieś</sln:miejscRodzaj><sln:powIIPId>a84ca93c-4ad8-494d-95a7-8b1a8c4d4517</sln:powIIPId><sln:powIIPPn>PL.PZGIK.200</sln:powIIPPn><sln:powIIPWersja>2012-09-27T08:59:03+02:00</sln:powIIPWersja><sln:powIdTeryt>3007</sln:powIdTeryt><sln:powNazwa>kaliski</sln:powNazwa><sln:wojIIPId>c606b01a-76c8-480d-9470-f24ca0d7a613</sln:wojIIPId><sln:wojIIPPn>PL.PZGIK.200</sln:wojIIPPn><sln:wojIIPWersja>2016-05-05T18:20:48+02:00</sln:wojIIPWersja><sln:wojIdTeryt>30</sln:wojIdTeryt><sln:wojNazwa>wielkopolskie</sln:wojNazwa></sln:miejscowosc><sln:miejscowosc><sln:cyklZyciaDo>2016-11-27T00:00:00+01:00</sln:cyklZyciaDo><sln:cyklZyciaOd>2012-04-26T00:00:00+02:00</sln:cyklZyciaOd><sln:gmIIPId>92d99072-27d6-4c4c-81c7-94716ec18d9f</sln:gmIIPId><sln:gmIIPPn>PL.PZGIK.200</sln:gmIIPPn><sln:gmIIPWersja>2012-09-26T22:24:38+02:00</sln:gmIIPWersja><sln:gmIdTeryt>3007042</sln:gmIdTeryt><sln:gmNazwa>Godziesze Wielkie</sln:gmNazwa><sln:miejscIIPId>7173c5ae-dcf0-44bb-8d03-ba9640326546</sln:miejscIIPId><sln:miejscIIPPn>PL.PZGIK.200</sln:miejscIIPPn><sln:miejscIIPWersja>2016-11-24T13:34:11+02:00</sln:miejscIIPWersja><sln:miejscIdTeryt>0198338</sln:miejscIdTeryt><sln:miejscNazwa>Zajączki Bankowe</sln:miejscNazwa><sln:miejscRodzaj>Wieś</sln:miejscRodzaj><sln:powIIPId>a84ca93c-4ad8-494d-95a7-8b1a8c4d4517</sln:powIIPId><sln:powIIPPn>PL.PZGIK.200</sln:powIIPPn><sln:powIIPWersja>2012-09-27T08:59:03+02:00</sln:powIIPWersja><sln:powIdTeryt>3007</sln:powIdTeryt><sln:powNazwa>kaliski</sln:powNazwa><sln:wojIIPId>c606b01a-76c8-480d-9470-f24ca0d7a613</sln:wojIIPId><sln:wojIIPPn>PL.PZGIK.200</sln:wojIIPPn><sln:wojIIPWersja>2016-05-05T18:20:48+02:00</sln:wojIIPWersja><sln:wojIdTeryt>30</sln:wojIdTeryt><sln:wojNazwa>wielkopolskie</sln:wojNazwa></sln:miejscowosc><sln:miejscowosc><sln:cyklZyciaDo>2016-11-27T00:00:00+01:00</sln:cyklZyciaDo><sln:cyklZyciaOd>2012-04-26T00:00:00+02:00</sln:cyklZyciaOd><sln:gmIIPId>92d99072-27d6-4c4c-81c7-94716ec18d9f</sln:gmIIPId><sln:gmIIPPn>PL.PZGIK.200</sln:gmIIPPn><sln:gmIIPWersja>2012-09-26T22:24:38+02:00</sln:gmIIPWersja><sln:gmIdTeryt>3007042</sln:gmIdTeryt><sln:gmNazwa>Godziesze Wielkie</sln:gmNazwa><sln:miejscIIPId>0a985754-d27a-431a-a19d-74d87dea4859</sln:miejscIIPId><sln:miejscIIPPn>PL.PZGIK.200</sln:miejscIIPPn><sln:miejscIIPWersja>2016-11-24T13:35:36+02:00</sln:miejscIIPWersja><sln:miejscIdTeryt>0198210</sln:miejscIdTeryt><sln:miejscNazwa>Rafałów</sln:miejscNazwa><sln:miejscRodzaj>Wieś</sln:miejscRodzaj><sln:powIIPId>a84ca93c-4ad8-494d-95a7-8b1a8c4d4517</sln:powIIPId><sln:powIIPPn>PL.PZGIK.200</sln:powIIPPn><sln:powIIPWersja>2012-09-27T08:59:03+02:00</sln:powIIPWersja><sln:powIdTeryt>3007</sln:powIdTeryt><sln:powNazwa>kaliski</sln:powNazwa><sln:wojIIPId>c606b01a-76c8-480d-9470-f24ca0d7a613</sln:wojIIPId><sln:wojIIPPn>PL.PZGIK.200</sln:wojIIPPn><sln:wojIIPWersja>2016-05-05T18:20:48+02:00</sln:wojIIPWersja><sln:wojIdTeryt>30</sln:wojIdTeryt><sln:wojNazwa>wielkopolskie</sln:wojNazwa></sln:miejscowosc><sln:miejscowosc><sln:cyklZyciaDo>2016-11-27T00:00:00+01:00</sln:cyklZyciaDo><sln:cyklZyciaOd>2012-04-26T00:00:00+02:00</sln:cyklZyciaOd><sln:gmIIPId>92d99072-27d6-4c4c-81c7-94716ec18d9f</sln:gmIIPId><sln:gmIIPPn>PL.PZGIK.200</sln:gmIIPPn><sln:gmIIPWersja>2012-09-26T22:24:38+02:00</sln:gmIIPWersja><sln:gmIdTeryt>3007042</sln:gmIdTeryt><sln:gmNazwa>Godziesze Wielkie</sln:gmNazwa><sln:miejscIIPId>0696ad90-2317-4e9d-a9bf-dd4ebf4dd7f7</sln:miejscIIPId><sln:miejscIIPPn>PL.PZGIK.200</sln:miejscIIPPn><sln:miejscIIPWersja>2016-11-24T13:35:17+02:00</sln:miejscIIPWersja><sln:miejscIdTeryt>0198344</sln:miejscIdTeryt><sln:miejscNazwa>Żydów</sln:miejscNazwa><sln:miejscRodzaj>Wieś</sln:miejscRodzaj><sln:powIIPId>a84ca93c-4ad8-494d-95a7-8b1a8c4d4517</sln:powIIPId><sln:powIIPPn>PL.PZGIK.200</sln:powIIPPn><sln:powIIPWersja>2012-09-27T08:59:03+02:00</sln:powIIPWersja><sln:powIdTeryt>3007</sln:powIdTeryt><sln:powNazwa>kaliski</sln:powNazwa><sln:wojIIPId>c606b01a-76c8-480d-9470-f24ca0d7a613</sln:wojIIPId><sln:wojIIPPn>PL.PZGIK.200</sln:wojIIPPn><sln:wojIIPWersja>2016-05-05T18:20:48+02:00</sln:wojIIPWersja><sln:wojIdTeryt>30</sln:wojIdTeryt><sln:wojNazwa>wielkopolskie</sln:wojNazwa></sln:miejscowosc><sln:miejscowosc><sln:cyklZyciaDo>2016-11-27T00:00:00+01:00</sln:cyklZyciaDo><sln:cyklZyciaOd>2012-04-26T00:00:00+02:00</sln:cyklZyciaOd><sln:gmIIPId>92d99072-27d6-4c4c-81c7-94716ec18d9f</sln:gmIIPId><sln:gmIIPPn>PL.PZGIK.200</sln:gmIIPPn><sln:gmIIPWersja>2012-09-26T22:24:38+02:00</sln:gmIIPWersja><sln:gmIdTeryt>3007042</sln:gmIdTeryt><sln:gmNazwa>Godziesze Wielkie</sln:gmNazwa><sln:miejscIIPId>eb079f64-e9e9-4e16-aab4-d84d5a23f5ac</sln:miejscIIPId><sln:miejscIIPPn>PL.PZGIK.200</sln:miejscIIPPn><sln:miejscIIPWersja>2016-11-24T13:35:39+02:00</sln:miejscIIPWersja><sln:miejscIdTeryt>0198261</sln:miejscIdTeryt><sln:miejscNazwa>Stobno Siódme</sln:miejscNazwa><sln:miejscRodzaj>Wieś</sln:miejscRodzaj><sln:powIIPId>a84ca93c-4ad8-494d-95a7-8b1a8c4d4517</sln:powIIPId><sln:powIIPPn>PL.PZGIK.200</sln:powIIPPn><sln:powIIPWersja>2012-09-27T08:59:03+02:00</sln:powIIPWersja><sln:powIdTeryt>3007</sln:powIdTeryt><sln:powNazwa>kaliski</sln:powNazwa><sln:wojIIPId>c606b01a-76c8-480d-9470-f24ca0d7a613</sln:wojIIPId><sln:wojIIPPn>PL.PZGIK.200</sln:wojIIPPn><sln:wojIIPWersja>2016-05-05T18:20:48+02:00</sln:wojIIPWersja><sln:wojIdTeryt>30</sln:wojIdTeryt><sln:wojNazwa>wielkopolskie</sln:wojNazwa></sln:miejscowosc><sln:miejscowosc><sln:cyklZyciaDo>2016-11-27T00:00:00+01:00</sln:cyklZyciaDo><sln:cyklZyciaOd>2012-04-26T00:00:00+02:00</sln:cyklZyciaOd><sln:gmIIPId>92d99072-27d6-4c4c-81c7-94716ec18d9f</sln:gmIIPId><sln:gmIIPPn>PL.PZGIK.200</sln:gmIIPPn><sln:gmIIPWersja>2012-09-26T22:24:38+02:00</sln:gmIIPWersja><sln:gmIdTeryt>3007042</sln:gmIdTeryt><sln:gmNazwa>Godziesze Wielkie</sln:gmNazwa><sln:miejscIIPId>c11dcaca-79b3-42c8-94c2-6e86e9b71b95</sln:miejscIIPId><sln:miejscIIPPn>PL.PZGIK.200</sln:miejscIIPPn><sln:miejscIIPWersja>2016-11-24T13:37:25+02:00</sln:miejscIIPWersja><sln:miejscIdTeryt>0198108</sln:miejscIdTeryt><sln:miejscNazwa>Godziesze Małe</sln:miejscNazwa><sln:miejscRodzaj>Wieś</sln:miejscRodzaj><sln:powIIPId>a84ca93c-4ad8-494d-95a7-8b1a8c4d4517</sln:powIIPId><sln:powIIPPn>PL.PZGIK.200</sln:powIIPPn><sln:powIIPWersja>2012-09-27T08:59:03+02:00</sln:powIIPWersja><sln:powIdTeryt>3007</sln:powIdTeryt><sln:powNazwa>kaliski</sln:powNazwa><sln:wojIIPId>c606b01a-76c8-480d-9470-f24ca0d7a613</sln:wojIIPId><sln:wojIIPPn>PL.PZGIK.200</sln:wojIIPPn><sln:wojIIPWersja>2016-05-05T18:20:48+02:00</sln:wojIIPWersja><sln:wojIdTeryt>30</sln:wojIdTeryt><sln:wojNazwa>wielkopolskie</sln:wojNazwa></sln:miejscowosc><sln:miejscowosc><sln:cyklZyciaDo>2016-11-27T00:00:00+01:00</sln:cyklZyciaDo><sln:cyklZyciaOd>2012-04-26T00:00:00+02:00</sln:cyklZyciaOd><sln:gmIIPId>92d99072-27d6-4c4c-81c7-94716ec18d9f</sln:gmIIPId><sln:gmIIPPn>PL.PZGIK.200</sln:gmIIPPn><sln:gmIIPWersja>2012-09-26T22:24:38+02:00</sln:gmIIPWersja><sln:gmIdTeryt>3007042</sln:gmIdTeryt><sln:gmNazwa>Godziesze Wielkie</sln:gmNazwa><sln:miejscIIPId>7598d1e0-3d27-4676-9c01-a84f0c005ddc</sln:miejscIIPId><sln:miejscIIPPn>PL.PZGIK.200</sln:miejscIIPPn><sln:miejscIIPWersja>2016-11-24T13:38:20+02:00</sln:miejscIIPWersja><sln:miejscIdTeryt>0198083</sln:miejscIdTeryt><sln:miejscNazwa>Biała</sln:miejscNazwa><sln:miejscRodzaj>Wieś</sln:miejscRodzaj><sln:powIIPId>a84ca93c-4ad8-494d-95a7-8b1a8c4d4517</sln:powIIPId><sln:powIIPPn>PL.PZGIK.200</sln:powIIPPn><sln:powIIPWersja>2012-09-27T08:59:03+02:00</sln:powIIPWersja><sln:powIdTeryt>3007</sln:powIdTeryt><sln:powNazwa>kaliski</sln:powNazwa><sln:wojIIPId>c606b01a-76c8-480d-9470-f24ca0d7a613</sln:wojIIPId><sln:wojIIPPn>PL.PZGIK.200</sln:wojIIPPn><sln:wojIIPWersja>2016-05-05T18:20:48+02:00</sln:wojIIPWersja><sln:wojIdTeryt>30</sln:wojIdTeryt><sln:wojNazwa>wielkopolskie</sln:wojNazwa></sln:miejscowosc><sln:miejscowosc><sln:cyklZyciaDo>2016-11-27T00:00:00+01:00</sln:cyklZyciaDo><sln:cyklZyciaOd>2012-04-26T00:00:00+02:00</sln:cyklZyciaOd><sln:gmIIPId>92d99072-27d6-4c4c-81c7-94716ec18d9f</sln:gmIIPId><sln:gmIIPPn>PL.PZGIK.200</sln:gmIIPPn><sln:gmIIPWersja>2012-09-26T22:24:38+02:00</sln:gmIIPWersja><sln:gmIdTeryt>3007042</sln:gmIdTeryt><sln:gmNazwa>Godziesze Wielkie</sln:gmNazwa><sln:miejscIIPId>a8514ec4-ea5f-497d-a2e7-290bcea57cb7</sln:miejscIIPId><sln:miejscIIPPn>PL.PZGIK.200</sln:miejscIIPPn><sln:miejscIIPWersja>2016-11-24T13:36:05+02:00</sln:miejscIIPWersja><sln:miejscIdTeryt>0198077</sln:miejscIdTeryt><sln:miejscNazwa>Bałdoń</sln:miejscNazwa><sln:miejscRodzaj>Wieś</sln:miejscRodzaj><sln:powIIPId>a84ca93c-4ad8-494d-95a7-8b1a8c4d4517</sln:powIIPId><sln:powIIPPn>PL.PZGIK.200</sln:powIIPPn><sln:powIIPWersja>2012-09-27T08:59:03+02:00</sln:powIIPWersja><sln:powIdTeryt>3007</sln:powIdTeryt><sln:powNazwa>kaliski</sln:powNazwa><sln:wojIIPId>c606b01a-76c8-480d-9470-f24ca0d7a613</sln:wojIIPId><sln:wojIIPPn>PL.PZGIK.200</sln:wojIIPPn><sln:wojIIPWersja>2016-05-05T18:20:48+02:00</sln:wojIIPWersja><sln:wojIdTeryt>30</sln:wojIdTeryt><sln:wojNazwa>wielkopolskie</sln:wojNazwa></sln:miejscowosc><sln:miejscowosc><sln:cyklZyciaDo>2016-11-27T00:00:00+01:00</sln:cyklZyciaDo><sln:cyklZyciaOd>2012-04-26T00:00:00+02:00</sln:cyklZyciaOd><sln:gmIIPId>92d99072-27d6-4c4c-81c7-94716ec18d9f</sln:gmIIPId><sln:gmIIPPn>PL.PZGIK.200</sln:gmIIPPn><sln:gmIIPWersja>2012-09-26T22:24:38+02:00</sln:gmIIPWersja><sln:gmIdTeryt>3007042</sln:gmIdTeryt><sln:gmNazwa>Godziesze Wielkie</sln:gmNazwa><sln:miejscIIPId>f75992c0-cf10-4a83-92ef-bc9bea606a09</sln:miejscIIPId><sln:miejscIIPPn>PL.PZGIK.200</sln:miejscIIPPn><sln:miejscIIPWersja>2016-11-24T13:37:25+02:00</sln:miejscIIPWersja><sln:miejscIdTeryt>0198120</sln:miejscIdTeryt><sln:miejscNazwa>Godzieszki</sln:miejscNazwa><sln:miejscRodzaj>Wieś</sln:miejscRodzaj><sln:powIIPId>a84ca93c-4ad8-494d-95a7-8b1a8c4d4517</sln:powIIPId><sln:powIIPPn>PL.PZGIK.200</sln:powIIPPn><sln:powIIPWersja>2012-09-27T08:59:03+02:00</sln:powIIPWersja><sln:powIdTeryt>3007</sln:powIdTeryt><sln:powNazwa>kaliski</sln:powNazwa><sln:wojIIPId>c606b01a-76c8-480d-9470-f24ca0d7a613</sln:wojIIPId><sln:wojIIPPn>PL.PZGIK.200</sln:wojIIPPn><sln:wojIIPWersja>2016-05-05T18:20:48+02:00</sln:wojIIPWersja><sln:wojIdTeryt>30</sln:wojIdTeryt><sln:wojNazwa>wielkopolskie</sln:wojNazwa></sln:miejscowosc><sln:miejscowosc><sln:cyklZyciaDo>2016-11-27T00:00:00+01:00</sln:cyklZyciaDo><sln:cyklZyciaOd>2012-04-26T00:00:00+02:00</sln:cyklZyciaOd><sln:gmIIPId>92d99072-27d6-4c4c-81c7-94716ec18d9f</sln:gmIIPId><sln:gmIIPPn>PL.PZGIK.200</sln:gmIIPPn><sln:gmIIPWersja>2012-09-26T22:24:38+02:00</sln:gmIIPWersja><sln:gmIdTeryt>3007042</sln:gmIdTeryt><sln:gmNazwa>Godziesze Wielkie</sln:gmNazwa><sln:miejscIIPId>13625ffc-c622-48ed-b8ac-e51591cdc381</sln:miejscIIPId><sln:miejscIIPPn>PL.PZGIK.200</sln:miejscIIPPn><sln:miejscIIPWersja>2016-11-24T13:37:25+02:00</sln:miejscIIPWersja><sln:miejscIdTeryt>0198114</sln:miejscIdTeryt><sln:miejscNazwa>Godziesze Wielkie</sln:miejscNazwa><sln:miejscRodzaj>Wieś</sln:miejscRodzaj><sln:powIIPId>a84ca93c-4ad8-494d-95a7-8b1a8c4d4517</sln:powIIPId><sln:powIIPPn>PL.PZGIK.200</sln:powIIPPn><sln:powIIPWersja>2012-09-27T08:59:03+02:00</sln:powIIPWersja><sln:powIdTeryt>3007</sln:powIdTeryt><sln:powNazwa>kaliski</sln:powNazwa><sln:wojIIPId>c606b01a-76c8-480d-9470-f24ca0d7a613</sln:wojIIPId><sln:wojIIPPn>PL.PZGIK.200</sln:wojIIPPn><sln:wojIIPWersja>2016-05-05T18:20:48+02:00</sln:wojIIPWersja><sln:wojIdTeryt>30</sln:wojIdTeryt><sln:wojNazwa>wielkopolskie</sln:wojNazwa></sln:miejscowosc><sln:miejscowosc><sln:cyklZyciaDo>2016-11-27T00:00:00+01:00</sln:cyklZyciaDo><sln:cyklZyciaOd>2012-04-26T00:00:00+02:00</sln:cyklZyciaOd><sln:gmIIPId>92d99072-27d6-4c4c-81c7-94716ec18d9f</sln:gmIIPId><sln:gmIIPPn>PL.PZGIK.200</sln:gmIIPPn><sln:gmIIPWersja>2012-09-26T22:24:38+02:00</sln:gmIIPWersja><sln:gmIdTeryt>3007042</sln:gmIdTeryt><sln:gmNazwa>Godziesze Wielkie</sln:gmNazwa><sln:miejscIIPId>36f02e0e-7a0b-47e2-a8e3-80d807f03d9f</sln:miejscIIPId><sln:miejscIIPPn>PL.PZGIK.200</sln:miejscIIPPn><sln:miejscIIPWersja>2016-11-24T13:38:50+02:00</sln:miejscIIPWersja><sln:miejscIdTeryt>0198137</sln:miejscIdTeryt><sln:miejscNazwa>Józefów</sln:miejscNazwa><sln:miejscRodzaj>Wieś</sln:miejscRodzaj><sln:powIIPId>a84ca93c-4ad8-494d-95a7-8b1a8c4d4517</sln:powIIPId><sln:powIIPPn>PL.PZGIK.200</sln:powIIPPn><sln:powIIPWersja>2012-09-27T08:59:03+02:00</sln:powIIPWersja><sln:powIdTeryt>3007</sln:powIdTeryt><sln:powNazwa>kaliski</sln:powNazwa><sln:wojIIPId>c606b01a-76c8-480d-9470-f24ca0d7a613</sln:wojIIPId><sln:wojIIPPn>PL.PZGIK.200</sln:wojIIPPn><sln:wojIIPWersja>2016-05-05T18:20:48+02:00</sln:wojIIPWersja><sln:wojIdTeryt>30</sln:wojIdTeryt><sln:wojNazwa>wielkopolskie</sln:wojNazwa></sln:miejscowosc><sln:miejscowosc><sln:cyklZyciaDo>2016-11-27T00:00:00+01:00</sln:cyklZyciaDo><sln:cyklZyciaOd>2012-04-26T00:00:00+02:00</sln:cyklZyciaOd><sln:gmIIPId>92d99072-27d6-4c4c-81c7-94716ec18d9f</sln:gmIIPId><sln:gmIIPPn>PL.PZGIK.200</sln:gmIIPPn><sln:gmIIPWersja>2012-09-26T22:24:38+02:00</sln:gmIIPWersja><sln:gmIdTeryt>3007042</sln:gmIdTeryt><sln:gmNazwa>Godziesze Wielkie</sln:gmNazwa><sln:miejscIIPId>6564e3ca-e4f2-473c-9106-5a09249fa1cc</sln:miejscIIPId><sln:miejscIIPPn>PL.PZGIK.200</sln:miejscIIPPn><sln:miejscIIPWersja>2016-11-24T13:38:59+02:00</sln:miejscIIPWersja><sln:miejscIdTeryt>0198150</sln:miejscIdTeryt><sln:miejscNazwa>Kakawa-Kolonia</sln:miejscNazwa><sln:miejscRodzaj>Wieś</sln:miejscRodzaj><sln:powIIPId>a84ca93c-4ad8-494d-95a7-8b1a8c4d4517</sln:powIIPId><sln:powIIPPn>PL.PZGIK.200</sln:powIIPPn><sln:powIIPWersja>2012-09-27T08:59:03+02:00</sln:powIIPWersja><sln:powIdTeryt>3007</sln:powIdTeryt><sln:powNazwa>kaliski</sln:powNazwa><sln:wojIIPId>c606b01a-76c8-480d-9470-f24ca0d7a613</sln:wojIIPId><sln:wojIIPPn>PL.PZGIK.200</sln:wojIIPPn><sln:wojIIPWersja>2016-05-05T18:20:48+02:00</sln:wojIIPWersja><sln:wojIdTeryt>30</sln:wojIdTeryt><sln:wojNazwa>wielkopolskie</sln:wojNazwa></sln:miejscowosc><sln:miejscowosc><sln:cyklZyciaDo>2016-11-27T00:00:00+01:00</sln:cyklZyciaDo><sln:cyklZyciaOd>2012-04-26T00:00:00+02:00</sln:cyklZyciaOd><sln:gmIIPId>92d99072-27d6-4c4c-81c7-94716ec18d9f</sln:gmIIPId><sln:gmIIPPn>PL.PZGIK.200</sln:gmIIPPn><sln:gmIIPWersja>2012-09-26T22:24:38+02:00</sln:gmIIPWersja><sln:gmIdTeryt>3007042</sln:gmIdTeryt><sln:gmNazwa>Godziesze Wielkie</sln:gmNazwa><sln:miejscIIPId>f00ab142-3c4c-40c9-bdf7-914226449648</sln:miejscIIPId><sln:miejscIIPPn>PL.PZGIK.200</sln:miejscIIPPn><sln:miejscIIPWersja>2016-11-24T13:39:46+02:00</sln:miejscIIPWersja><sln:miejscIdTeryt>0198172</sln:miejscIdTeryt><sln:miejscNazwa>Końska Wieś</sln:miejscNazwa><sln:miejscRodzaj>Wieś</sln:miejscRodzaj><sln:powIIPId>a84ca93c-4ad8-494d-95a7-8b1a8c4d4517</sln:powIIPId><sln:powIIPPn>PL.PZGIK.200</sln:powIIPPn><sln:powIIPWersja>2012-09-27T08:59:03+02:00</sln:powIIPWersja><sln:powIdTeryt>3007</sln:powIdTeryt><sln:powNazwa>kaliski</sln:powNazwa><sln:wojIIPId>c606b01a-76c8-480d-9470-f24ca0d7a613</sln:wojIIPId><sln:wojIIPPn>PL.PZGIK.200</sln:wojIIPPn><sln:wojIIPWersja>2016-05-05T18:20:48+02:00</sln:wojIIPWersja><sln:wojIdTeryt>30</sln:wojIdTeryt><sln:wojNazwa>wielkopolskie</sln:wojNazwa></sln:miejscowosc><sln:miejscowosc><sln:cyklZyciaDo>2016-11-27T00:00:00+01:00</sln:cyklZyciaDo><sln:cyklZyciaOd>2012-04-26T00:00:00+02:00</sln:cyklZyciaOd><sln:gmIIPId>92d99072-27d6-4c4c-81c7-94716ec18d9f</sln:gmIIPId><sln:gmIIPPn>PL.PZGIK.200</sln:gmIIPPn><sln:gmIIPWersja>2012-09-26T22:24:38+02:00</sln:gmIIPWersja><sln:gmIdTeryt>3007042</sln:gmIdTeryt><sln:gmNazwa>Godziesze Wielkie</sln:gmNazwa><sln:miejscIIPId>02605e23-ef68-4905-8426-f48b2fed58e1</sln:miejscIIPId><sln:miejscIIPPn>PL.PZGIK.200</sln:miejscIIPPn><sln:miejscIIPWersja>2016-11-24T13:39:47+02:00</sln:miejscIIPWersja><sln:miejscIdTeryt>0198189</sln:miejscIdTeryt><sln:miejscNazwa>Kopie</sln:miejscNazwa><sln:miejscRodzaj>Wieś</sln:miejscRodzaj><sln:powIIPId>a84ca93c-4ad8-494d-95a7-8b1a8c4d4517</sln:powIIPId><sln:powIIPPn>PL.PZGIK.200</sln:powIIPPn><sln:powIIPWersja>2012-09-27T08:59:03+02:00</sln:powIIPWersja><sln:powIdTeryt>3007</sln:powIdTeryt><sln:powNazwa>kaliski</sln:powNazwa><sln:wojIIPId>c606b01a-76c8-480d-9470-f24ca0d7a613</sln:wojIIPId><sln:wojIIPPn>PL.PZGIK.200</sln:wojIIPPn><sln:wojIIPWersja>2016-05-05T18:20:48+02:00</sln:wojIIPWersja><sln:wojIdTeryt>30</sln:wojIdTeryt><sln:wojNazwa>wielkopolskie</sln:wojNazwa></sln:miejscowosc><sln:miejscowosc><sln:cyklZyciaDo>2016-11-27T00:00:00+01:00</sln:cyklZyciaDo><sln:cyklZyciaOd>2012-04-26T00:00:00+02:00</sln:cyklZyciaOd><sln:gmIIPId>92d99072-27d6-4c4c-81c7-94716ec18d9f</sln:gmIIPId><sln:gmIIPPn>PL.PZGIK.200</sln:gmIIPPn><sln:gmIIPWersja>2012-09-26T22:24:38+02:00</sln:gmIIPWersja><sln:gmIdTeryt>3007042</sln:gmIdTeryt><sln:gmNazwa>Godziesze Wielkie</sln:gmNazwa><sln:miejscIIPId>3b6acfad-343a-4e51-8046-ee28dd98db4c</sln:miejscIIPId><sln:miejscIIPPn>PL.PZGIK.200</sln:miejscIIPPn><sln:miejscIIPWersja>2016-11-24T13:40:26+02:00</sln:miejscIIPWersja><sln:miejscIdTeryt>0198195</sln:miejscIdTeryt><sln:miejscNazwa>Krzemionka</sln:miejscNazwa><sln:miejscRodzaj>Wieś</sln:miejscRodzaj><sln:powIIPId>a84ca93c-4ad8-494d-95a7-8b1a8c4d4517</sln:powIIPId><sln:powIIPPn>PL.PZGIK.200</sln:powIIPPn><sln:powIIPWersja>2012-09-27T08:59:03+02:00</sln:powIIPWersja><sln:powIdTeryt>3007</sln:powIdTeryt><sln:powNazwa>kaliski</sln:powNazwa><sln:wojIIPId>c606b01a-76c8-480d-9470-f24ca0d7a613</sln:wojIIPId><sln:wojIIPPn>PL.PZGIK.200</sln:wojIIPPn><sln:wojIIPWersja>2016-05-05T18:20:48+02:00</sln:wojIIPWersja><sln:wojIdTeryt>30</sln:wojIdTeryt><sln:wojNazwa>wielkopolskie</sln:wojNazwa></sln:miejscowosc><sln:miejscowosc><sln:cyklZyciaDo>2016-11-27T00:00:00+01:00</sln:cyklZyciaDo><sln:cyklZyciaOd>2012-04-26T00:00:00+02:00</sln:cyklZyciaOd><sln:gmIIPId>92d99072-27d6-4c4c-81c7-94716ec18d9f</sln:gmIIPId><sln:gmIIPPn>PL.PZGIK.200</sln:gmIIPPn><sln:gmIIPWersja>2012-09-26T22:24:38+02:00</sln:gmIIPWersja><sln:gmIdTeryt>3007042</sln:gmIdTeryt><sln:gmNazwa>Godziesze Wielkie</sln:gmNazwa><sln:miejscIIPId>02468fa2-ccab-4176-99a5-1216dd88b885</sln:miejscIIPId><sln:miejscIIPPn>PL.PZGIK.200</sln:miejscIIPPn><sln:miejscIIPWersja>2016-11-24T13:42:32+02:00</sln:miejscIIPWersja><sln:miejscIdTeryt>0198090</sln:miejscIdTeryt><sln:miejscNazwa>Borek</sln:miejscNazwa><sln:miejscRodzaj>Wieś</sln:miejscRodzaj><sln:powIIPId>a84ca93c-4ad8-494d-95a7-8b1a8c4d4517</sln:powIIPId><sln:powIIPPn>PL.PZGIK.200</sln:powIIPPn><sln:powIIPWersja>2012-09-27T08:59:03+02:00</sln:powIIPWersja><sln:powIdTeryt>3007</sln:powIdTeryt><sln:powNazwa>kaliski</sln:powNazwa><sln:wojIIPId>c606b01a-76c8-480d-9470-f24ca0d7a613</sln:wojIIPId><sln:wojIIPPn>PL.PZGIK.200</sln:wojIIPPn><sln:wojIIPWersja>2016-05-05T18:20:48+02:00</sln:wojIIPWersja><sln:wojIdTeryt>30</sln:wojIdTeryt><sln:wojNazwa>wielkopolskie</sln:wojNazwa></sln:miejscowosc><sln:miejscowosc><sln:cyklZyciaDo>2016-11-27T00:00:00+01:00</sln:cyklZyciaDo><sln:cyklZyciaOd>2012-04-26T00:00:00+02:00</sln:cyklZyciaOd><sln:gmIIPId>92d99072-27d6-4c4c-81c7-94716ec18d9f</sln:gmIIPId><sln:gmIIPPn>PL.PZGIK.200</sln:gmIIPPn><sln:gmIIPWersja>2012-09-26T22:24:38+02:00</sln:gmIIPWersja><sln:gmIdTeryt>3007042</sln:gmIdTeryt><sln:gmNazwa>Godziesze Wielkie</sln:gmNazwa><sln:miejscIIPId>995a911a-8fb0-4018-900a-f3792165df91</sln:miejscIIPId><sln:miejscIIPPn>PL.PZGIK.200</sln:miejscIIPPn><sln:miejscIIPWersja>2016-11-24T13:43:07+02:00</sln:miejscIIPWersja><sln:miejscIdTeryt>0198203</sln:miejscIdTeryt><sln:miejscNazwa>Nowa Kakawa</sln:miejscNazwa><sln:miejscRodzaj>Wieś</sln:miejscRodzaj><sln:powIIPId>a84ca93c-4ad8-494d-95a7-8b1a8c4d4517</sln:powIIPId><sln:powIIPPn>PL.PZGIK.200</sln:powIIPPn><sln:powIIPWersja>2012-09-27T08:59:03+02:00</sln:powIIPWersja><sln:powIdTeryt>3007</sln:powIdTeryt><sln:powNazwa>kaliski</sln:powNazwa><sln:wojIIPId>c606b01a-76c8-480d-9470-f24ca0d7a613</sln:wojIIPId><sln:wojIIPPn>PL.PZGIK.200</sln:wojIIPPn><sln:wojIIPWersja>2016-05-05T18:20:48+02:00</sln:wojIIPWersja><sln:wojIdTeryt>30</sln:wojIdTeryt><sln:wojNazwa>wielkopolskie</sln:wojNazwa></sln:miejscowosc><sln:miejscowosc><sln:cyklZyciaDo>2016-11-27T00:00:00+01:00</sln:cyklZyciaDo><sln:cyklZyciaOd>2012-04-26T00:00:00+02:00</sln:cyklZyciaOd><sln:gmIIPId>92d99072-27d6-4c4c-81c7-94716ec18d9f</sln:gmIIPId><sln:gmIIPPn>PL.PZGIK.200</sln:gmIIPPn><sln:gmIIPWersja>2012-09-26T22:24:38+02:00</sln:gmIIPWersja><sln:gmIdTeryt>3007042</sln:gmIdTeryt><sln:gmNazwa>Godziesze Wielkie</sln:gmNazwa><sln:miejscIIPId>e398325a-206e-4080-a093-655c9b4541c0</sln:miejscIIPId><sln:miejscIIPPn>PL.PZGIK.200</sln:miejscIIPPn><sln:miejscIIPWersja>2016-11-24T13:50:45+02:00</sln:miejscIIPWersja><sln:miejscIdTeryt>0198321</sln:miejscIdTeryt><sln:miejscNIIPId>3600c7ab-b8dc-430a-aa0d-06087750c1be</sln:miejscNIIPId><sln:miejscNIIPPn>PL.PZGIK.200</sln:miejscNIIPPn><sln:miejscNIIPWersja>2016-11-24T13:34:04+02:00</sln:miejscNIIPWersja><sln:miejscNIdTeryt>0198315</sln:miejscNIdTeryt><sln:miejscNNazwa>Zadowice</sln:miejscNNazwa><sln:miejscNRodzaj>Wieś</sln:miejscNRodzaj><sln:miejscNazwa>Jeziorko-Leśniczówka</sln:miejscNazwa><sln:miejscRodzaj>Inny obiekt</sln:miejscRodzaj><sln:powIIPId>a84ca93c-4ad8-494d-95a7-8b1a8c4d4517</sln:powIIPId><sln:powIIPPn>PL.PZGIK.200</sln:powIIPPn><sln:powIIPWersja>2012-09-27T08:59:03+02:00</sln:powIIPWersja><sln:powIdTeryt>3007</sln:powIdTeryt><sln:powNazwa>kaliski</sln:powNazwa><sln:wojIIPId>c606b01a-76c8-480d-9470-f24ca0d7a613</sln:wojIIPId><sln:wojIIPPn>PL.PZGIK.200</sln:wojIIPPn><sln:wojIIPWersja>2016-05-05T18:20:48+02:00</sln:wojIIPWersja><sln:wojIdTeryt>30</sln:wojIdTeryt><sln:wojNazwa>wielkopolskie</sln:wojNazwa></sln:miejscowosc><sln:miejscowosc><sln:cyklZyciaDo>2016-11-27T00:00:00+01:00</sln:cyklZyciaDo><sln:cyklZyciaOd>2012-04-26T00:00:00+02:00</sln:cyklZyciaOd><sln:gmIIPId>92d99072-27d6-4c4c-81c7-94716ec18d9f</sln:gmIIPId><sln:gmIIPPn>PL.PZGIK.200</sln:gmIIPPn><sln:gmIIPWersja>2012-09-26T22:24:38+02:00</sln:gmIIPWersja><sln:gmIdTeryt>3007042</sln:gmIdTeryt><sln:gmNazwa>Godziesze Wielkie</sln:gmNazwa><sln:miejscIIPId>382f19fe-5c89-4f2d-816f-7725aa85234a</sln:miejscIIPId><sln:miejscIIPPn>PL.PZGIK.200</sln:miejscIIPPn><sln:miejscIIPWersja>2016-11-24T13:51:49+02:00</sln:miejscIIPWersja><sln:miejscIdTeryt>0198278</sln:miejscIdTeryt><sln:miejscNIIPId>eb079f64-e9e9-4e16-aab4-d84d5a23f5ac</sln:miejscNIIPId><sln:miejscNIIPPn>PL.PZGIK.200</sln:miejscNIIPPn><sln:miejscNIIPWersja>2016-11-24T13:35:39+02:00</sln:miejscNIIPWersja><sln:miejscNIdTeryt>0198261</sln:miejscNIdTeryt><sln:miejscNNazwa>Stobno Siódme</sln:miejscNNazwa><sln:miejscNRodzaj>Wieś</sln:miejscNRodzaj><sln:miejscNazwa>Stobno Szóste</sln:miejscNazwa><sln:miejscRodzaj>Inny obiekt</sln:miejscRodzaj><sln:powIIPId>a84ca93c-4ad8-494d-95a7-8b1a8c4d4517</sln:powIIPId><sln:powIIPPn>PL.PZGIK.200</sln:powIIPPn><sln:powIIPWersja>2012-09-27T08:59:03+02:00</sln:powIIPWersja><sln:powIdTeryt>3007</sln:powIdTeryt><sln:powNazwa>kaliski</sln:powNazwa><sln:wojIIPId>c606b01a-76c8-480d-9470-f24ca0d7a613</sln:wojIIPId><sln:wojIIPPn>PL.PZGIK.200</sln:wojIIPPn><sln:wojIIPWersja>2016-05-05T18:20:48+02:00</sln:wojIIPWersja><sln:wojIdTeryt>30</sln:wojIdTeryt><sln:wojNazwa>wielkopolskie</sln:wojNazwa></sln:miejscowosc><sln:miejscowosc><sln:cyklZyciaDo>2016-11-27T00:00:00+01:00</sln:cyklZyciaDo><sln:cyklZyciaOd>2012-04-26T00:00:00+02:00</sln:cyklZyciaOd><sln:gmIIPId>92d99072-27d6-4c4c-81c7-94716ec18d9f</sln:gmIIPId><sln:gmIIPPn>PL.PZGIK.200</sln:gmIIPPn><sln:gmIIPWersja>2012-09-26T22:24:38+02:00</sln:gmIIPWersja><sln:gmIdTeryt>3007042</sln:gmIdTeryt><sln:gmNazwa>Godziesze Wielkie</sln:gmNazwa><sln:miejscIIPId>a889dad7-7313-41bf-907e-0f258a5f5c63</sln:miejscIIPId><sln:miejscIIPPn>PL.PZGIK.200</sln:miejscIIPPn><sln:miejscIIPWersja>2016-11-24T13:55:04+02:00</sln:miejscIIPWersja><sln:miejscIdTeryt>0198166</sln:miejscIdTeryt><sln:miejscNazwa>Kolano-Świerczyna</sln:miejscNazwa><sln:miejscRodzaj>Inny obiekt</sln:miejscRodzaj><sln:powIIPId>a84ca93c-4ad8-494d-95a7-8b1a8c4d4517</sln:powIIPId><sln:powIIPPn>PL.PZGIK.200</sln:powIIPPn><sln:powIIPWersja>2012-09-27T08:59:03+02:00</sln:powIIPWersja><sln:powIdTeryt>3007</sln:powIdTeryt><sln:powNazwa>kaliski</sln:powNazwa><sln:wojIIPId>c606b01a-76c8-480d-9470-f24ca0d7a613</sln:wojIIPId><sln:wojIIPPn>PL.PZGIK.200</sln:wojIIPPn><sln:wojIIPWersja>2016-05-05T18:20:48+02:00</sln:wojIIPWersja><sln:wojIdTeryt>30</sln:wojIdTeryt><sln:wojNazwa>wielkopolskie</sln:wojNazwa></sln:miejscowosc><sln:miejscowosc><sln:cyklZyciaOd>2016-11-27T00:00:00+01:00</sln:cyklZyciaOd><sln:gmIIPId>92d99072-27d6-4c4c-81c7-94716ec18d9f</sln:gmIIPId><sln:gmIIPPn>PL.PZGIK.200</sln:gmIIPPn><sln:gmIIPWersja>2012-09-26T22:24:38+02:00</sln:gmIIPWersja><sln:gmIdTeryt>3007042</sln:gmIdTeryt><sln:gmNazwa>Godziesze Wielkie</sln:gmNazwa><sln:miejscIIPId>c427a5a7-1487-4eaa-98b4-c55d2a69d47e</sln:miejscIIPId><sln:miejscIIPPn>PL.PZGIK.200</sln:miejscIIPPn><sln:miejscIIPWersja>2016-11-27T17:40:25+02:00</sln:miejscIIPWersja><sln:miejscIdTeryt>0198249</sln:miejscIdTeryt><sln:miejscNazwa>Stara Kakawa</sln:miejscNazwa><sln:miejscRodzaj>Wieś</sln:miejscRodzaj><sln:powIIPId>a84ca93c-4ad8-494d-95a7-8b1a8c4d4517</sln:powIIPId><sln:powIIPPn>PL.PZGIK.200</sln:powIIPPn><sln:powIIPWersja>2012-09-27T08:59:03+02:00</sln:powIIPWersja><sln:powIdTeryt>3007</sln:powIdTeryt><sln:powNazwa>kaliski</sln:powNazwa><sln:wojIIPId>c606b01a-76c8-480d-9470-f24ca0d7a613</sln:wojIIPId><sln:wojIIPPn>PL.PZGIK.200</sln:wojIIPPn><sln:wojIIPWersja>2016-05-05T18:20:48+02:00</sln:wojIIPWersja><sln:wojIdTeryt>30</sln:wojIdTeryt><sln:wojNazwa>wielkopolskie</sln:wojNazwa></sln:miejscowosc><sln:miejscowosc><sln:cyklZyciaOd>2016-11-27T00:00:00+01:00</sln:cyklZyciaOd><sln:gmIIPId>92d99072-27d6-4c4c-81c7-94716ec18d9f</sln:gmIIPId><sln:gmIIPPn>PL.PZGIK.200</sln:gmIIPPn><sln:gmIIPWersja>2012-09-26T22:24:38+02:00</sln:gmIIPWersja><sln:gmIdTeryt>3007042</sln:gmIdTeryt><sln:gmNazwa>Godziesze Wielkie</sln:gmNazwa><sln:miejscIIPId>5e9310b7-15f3-4042-81de-5131864eeea2</sln:miejscIIPId><sln:miejscIIPPn>PL.PZGIK.200</sln:miejscIIPPn><sln:miejscIIPWersja>2016-11-27T17:40:31+02:00</sln:miejscIIPWersja><sln:miejscIdTeryt>0198255</sln:miejscIdTeryt><sln:miejscNazwa>Stobno</sln:miejscNazwa><sln:miejscRodzaj>Wieś</sln:miejscRodzaj><sln:powIIPId>a84ca93c-4ad8-494d-95a7-8b1a8c4d4517</sln:powIIPId><sln:powIIPPn>PL.PZGIK.200</sln:powIIPPn><sln:powIIPWersja>2012-09-27T08:59:03+02:00</sln:powIIPWersja><sln:powIdTeryt>3007</sln:powIdTeryt><sln:powNazwa>kaliski</sln:powNazwa><sln:wojIIPId>c606b01a-76c8-480d-9470-f24ca0d7a613</sln:wojIIPId><sln:wojIIPPn>PL.PZGIK.200</sln:wojIIPPn><sln:wojIIPWersja>2016-05-05T18:20:48+02:00</sln:wojIIPWersja><sln:wojIdTeryt>30</sln:wojIdTeryt><sln:wojNazwa>wielkopolskie</sln:wojNazwa></sln:miejscowosc><sln:miejscowosc><sln:cyklZyciaOd>2016-11-27T00:00:00+01:00</sln:cyklZyciaOd><sln:gmIIPId>92d99072-27d6-4c4c-81c7-94716ec18d9f</sln:gmIIPId><sln:gmIIPPn>PL.PZGIK.200</sln:gmIIPPn><sln:gmIIPWersja>2012-09-26T22:24:38+02:00</sln:gmIIPWersja><sln:gmIdTeryt>3007042</sln:gmIdTeryt><sln:gmNazwa>Godziesze Wielkie</sln:gmNazwa><sln:miejscIIPId>efdb1b24-e5db-42a0-bbad-f03afe961b9b</sln:miejscIIPId><sln:miejscIIPPn>PL.PZGIK.200</sln:miejscIIPPn><sln:miejscIIPWersja>2016-11-27T17:40:31+02:00</sln:miejscIIPWersja><sln:miejscIdTeryt>0198284</sln:miejscIdTeryt><sln:miejscNazwa>Takomyśle</sln:miejscNazwa><sln:miejscRodzaj>Wieś</sln:miejscRodzaj><sln:powIIPId>a84ca93c-4ad8-494d-95a7-8b1a8c4d4517</sln:powIIPId><sln:powIIPPn>PL.PZGIK.200</sln:powIIPPn><sln:powIIPWersja>2012-09-27T08:59:03+02:00</sln:powIIPWersja><sln:powIdTeryt>3007</sln:powIdTeryt><sln:powNazwa>kaliski</sln:powNazwa><sln:wojIIPId>c606b01a-76c8-480d-9470-f24ca0d7a613</sln:wojIIPId><sln:wojIIPPn>PL.PZGIK.200</sln:wojIIPPn><sln:wojIIPWersja>2016-05-05T18:20:48+02:00</sln:wojIIPWersja><sln:wojIdTeryt>30</sln:wojIdTeryt><sln:wojNazwa>wielkopolskie</sln:wojNazwa></sln:miejscowosc><sln:miejscowosc><sln:cyklZyciaOd>2016-11-27T00:00:00+01:00</sln:cyklZyciaOd><sln:gmIIPId>92d99072-27d6-4c4c-81c7-94716ec18d9f</sln:gmIIPId><sln:gmIIPPn>PL.PZGIK.200</sln:gmIIPPn><sln:gmIIPWersja>2012-09-26T22:24:38+02:00</sln:gmIIPWersja><sln:gmIdTeryt>3007042</sln:gmIdTeryt><sln:gmNazwa>Godziesze Wielkie</sln:gmNazwa><sln:miejscIIPId>70e6f7b7-644c-44c9-ab25-6c26539e0c1a</sln:miejscIIPId><sln:miejscIIPPn>PL.PZGIK.200</sln:miejscIIPPn><sln:miejscIIPWersja>2016-11-27T17:40:31+02:00</sln:miejscIIPWersja><sln:miejscIdTeryt>0198309</sln:miejscIdTeryt><sln:miejscNazwa>Wolica</sln:miejscNazwa><sln:miejscRodzaj>Wieś</sln:miejscRodzaj><sln:powIIPId>a84ca93c-4ad8-494d-95a7-8b1a8c4d4517</sln:powIIPId><sln:powIIPPn>PL.PZGIK.200</sln:powIIPPn><sln:powIIPWersja>2012-09-27T08:59:03+02:00</sln:powIIPWersja><sln:powIdTeryt>3007</sln:powIdTeryt><sln:powNazwa>kaliski</sln:powNazwa><sln:wojIIPId>c606b01a-76c8-480d-9470-f24ca0d7a613</sln:wojIIPId><sln:wojIIPPn>PL.PZGIK.200</sln:wojIIPPn><sln:wojIIPWersja>2016-05-05T18:20:48+02:00</sln:wojIIPWersja><sln:wojIdTeryt>30</sln:wojIdTeryt><sln:wojNazwa>wielkopolskie</sln:wojNazwa></sln:miejscowosc><sln:miejscowosc><sln:cyklZyciaOd>2016-11-27T00:00:00+01:00</sln:cyklZyciaOd><sln:gmIIPId>92d99072-27d6-4c4c-81c7-94716ec18d9f</sln:gmIIPId><sln:gmIIPPn>PL.PZGIK.200</sln:gmIIPPn><sln:gmIIPWersja>2012-09-26T22:24:38+02:00</sln:gmIIPWersja><sln:gmIdTeryt>3007042</sln:gmIdTeryt><sln:gmNazwa>Godziesze Wielkie</sln:gmNazwa><sln:miejscIIPId>0b08e40e-b5f3-4a5e-b686-cb71e216fc31</sln:miejscIIPId><sln:miejscIIPPn>PL.PZGIK.200</sln:miejscIIPPn><sln:miejscIIPWersja>2016-11-27T17:40:31+02:00</sln:miejscIIPWersja><sln:miejscIdTeryt>0198290</sln:miejscIdTeryt><sln:miejscNazwa>Wola Droszewska</sln:miejscNazwa><sln:miejscRodzaj>Wieś</sln:miejscRodzaj><sln:powIIPId>a84ca93c-4ad8-494d-95a7-8b1a8c4d4517</sln:powIIPId><sln:powIIPPn>PL.PZGIK.200</sln:powIIPPn><sln:powIIPWersja>2012-09-27T08:59:03+02:00</sln:powIIPWersja><sln:powIdTeryt>3007</sln:powIdTeryt><sln:powNazwa>kaliski</sln:powNazwa><sln:wojIIPId>c606b01a-76c8-480d-9470-f24ca0d7a613</sln:wojIIPId><sln:wojIIPPn>PL.PZGIK.200</sln:wojIIPPn><sln:wojIIPWersja>2016-05-05T18:20:48+02:00</sln:wojIIPWersja><sln:wojIdTeryt>30</sln:wojIdTeryt><sln:wojNazwa>wielkopolskie</sln:wojNazwa></sln:miejscowosc><sln:miejscowosc><sln:cyklZyciaOd>2016-11-27T00:00:00+01:00</sln:cyklZyciaOd><sln:gmIIPId>92d99072-27d6-4c4c-81c7-94716ec18d9f</sln:gmIIPId><sln:gmIIPPn>PL.PZGIK.200</sln:gmIIPPn><sln:gmIIPWersja>2012-09-26T22:24:38+02:00</sln:gmIIPWersja><sln:gmIdTeryt>3007042</sln:gmIdTeryt><sln:gmNazwa>Godziesze Wielkie</sln:gmNazwa><sln:miejscIIPId>5a4e4672-bdf5-4fa5-b7a6-b94e58870402</sln:miejscIIPId><sln:miejscIIPPn>PL.PZGIK.200</sln:miejscIIPPn><sln:miejscIIPWersja>2016-11-27T17:40:31+02:00</sln:miejscIIPWersja><sln:miejscIdTeryt>0198315</sln:miejscIdTeryt><sln:miejscNazwa>Zadowice</sln:miejscNazwa><sln:miejscRodzaj>Wieś</sln:miejscRodzaj><sln:powIIPId>a84ca93c-4ad8-494d-95a7-8b1a8c4d4517</sln:powIIPId><sln:powIIPPn>PL.PZGIK.200</sln:powIIPPn><sln:powIIPWersja>2012-09-27T08:59:03+02:00</sln:powIIPWersja><sln:powIdTeryt>3007</sln:powIdTeryt><sln:powNazwa>kaliski</sln:powNazwa><sln:wojIIPId>c606b01a-76c8-480d-9470-f24ca0d7a613</sln:wojIIPId><sln:wojIIPPn>PL.PZGIK.200</sln:wojIIPPn><sln:wojIIPWersja>2016-05-05T18:20:48+02:00</sln:wojIIPWersja><sln:wojIdTeryt>30</sln:wojIdTeryt><sln:wojNazwa>wielkopolskie</sln:wojNazwa></sln:miejscowosc><sln:miejscowosc><sln:cyklZyciaOd>2016-11-27T00:00:00+01:00</sln:cyklZyciaOd><sln:gmIIPId>92d99072-27d6-4c4c-81c7-94716ec18d9f</sln:gmIIPId><sln:gmIIPPn>PL.PZGIK.200</sln:gmIIPPn><sln:gmIIPWersja>2012-09-26T22:24:38+02:00</sln:gmIIPWersja><sln:gmIdTeryt>3007042</sln:gmIdTeryt><sln:gmNazwa>Godziesze Wielkie</sln:gmNazwa><sln:miejscIIPId>c2e5a97b-8f0e-4090-a00f-35766f404014</sln:miejscIIPId><sln:miejscIIPPn>PL.PZGIK.200</sln:miejscIIPPn><sln:miejscIIPWersja>2016-11-27T17:40:31+02:00</sln:miejscIIPWersja><sln:miejscIdTeryt>0198338</sln:miejscIdTeryt><sln:miejscNazwa>Zajączki Bankowe</sln:miejscNazwa><sln:miejscRodzaj>Wieś</sln:miejscRodzaj><sln:powIIPId>a84ca93c-4ad8-494d-95a7-8b1a8c4d4517</sln:powIIPId><sln:powIIPPn>PL.PZGIK.200</sln:powIIPPn><sln:powIIPWersja>2012-09-27T08:59:03+02:00</sln:powIIPWersja><sln:powIdTeryt>3007</sln:powIdTeryt><sln:powNazwa>kaliski</sln:powNazwa><sln:wojIIPId>c606b01a-76c8-480d-9470-f24ca0d7a613</sln:wojIIPId><sln:wojIIPPn>PL.PZGIK.200</sln:wojIIPPn><sln:wojIIPWersja>2016-05-05T18:20:48+02:00</sln:wojIIPWersja><sln:wojIdTeryt>30</sln:wojIdTeryt><sln:wojNazwa>wielkopolskie</sln:wojNazwa></sln:miejscowosc><sln:miejscowosc><sln:cyklZyciaOd>2016-11-27T00:00:00+01:00</sln:cyklZyciaOd><sln:gmIIPId>92d99072-27d6-4c4c-81c7-94716ec18d9f</sln:gmIIPId><sln:gmIIPPn>PL.PZGIK.200</sln:gmIIPPn><sln:gmIIPWersja>2012-09-26T22:24:38+02:00</sln:gmIIPWersja><sln:gmIdTeryt>3007042</sln:gmIdTeryt><sln:gmNazwa>Godziesze Wielkie</sln:gmNazwa><sln:miejscIIPId>b6eebc96-9828-4029-91d9-24ca5e981fb0</sln:miejscIIPId><sln:miejscIIPPn>PL.PZGIK.200</sln:miejscIIPPn><sln:miejscIIPWersja>2016-11-27T17:40:31+02:00</sln:miejscIIPWersja><sln:miejscIdTeryt>0198344</sln:miejscIdTeryt><sln:miejscNazwa>Żydów</sln:miejscNazwa><sln:miejscRodzaj>Wieś</sln:miejscRodzaj><sln:powIIPId>a84ca93c-4ad8-494d-95a7-8b1a8c4d4517</sln:powIIPId><sln:powIIPPn>PL.PZGIK.200</sln:powIIPPn><sln:powIIPWersja>2012-09-27T08:59:03+02:00</sln:powIIPWersja><sln:powIdTeryt>3007</sln:powIdTeryt><sln:powNazwa>kaliski</sln:powNazwa><sln:wojIIPId>c606b01a-76c8-480d-9470-f24ca0d7a613</sln:wojIIPId><sln:wojIIPPn>PL.PZGIK.200</sln:wojIIPPn><sln:wojIIPWersja>2016-05-05T18:20:48+02:00</sln:wojIIPWersja><sln:wojIdTeryt>30</sln:wojIdTeryt><sln:wojNazwa>wielkopolskie</sln:wojNazwa></sln:miejscowosc><sln:miejscowosc><sln:cyklZyciaOd>2016-11-27T00:00:00+01:00</sln:cyklZyciaOd><sln:gmIIPId>92d99072-27d6-4c4c-81c7-94716ec18d9f</sln:gmIIPId><sln:gmIIPPn>PL.PZGIK.200</sln:gmIIPPn><sln:gmIIPWersja>2012-09-26T22:24:38+02:00</sln:gmIIPWersja><sln:gmIdTeryt>3007042</sln:gmIdTeryt><sln:gmNazwa>Godziesze Wielkie</sln:gmNazwa><sln:miejscIIPId>7a31f698-e97b-441a-a680-57b35599ac45</sln:miejscIIPId><sln:miejscIIPPn>PL.PZGIK.200</sln:miejscIIPPn><sln:miejscIIPWersja>2016-11-27T17:40:31+02:00</sln:miejscIIPWersja><sln:miejscIdTeryt>0198210</sln:miejscIdTeryt><sln:miejscNazwa>Rafałów</sln:miejscNazwa><sln:miejscRodzaj>Wieś</sln:miejscRodzaj><sln:powIIPId>a84ca93c-4ad8-494d-95a7-8b1a8c4d4517</sln:powIIPId><sln:powIIPPn>PL.PZGIK.200</sln:powIIPPn><sln:powIIPWersja>2012-09-27T08:59:03+02:00</sln:powIIPWersja><sln:powIdTeryt>3007</sln:powIdTeryt><sln:powNazwa>kaliski</sln:powNazwa><sln:wojIIPId>c606b01a-76c8-480d-9470-f24ca0d7a613</sln:wojIIPId><sln:wojIIPPn>PL.PZGIK.200</sln:wojIIPPn><sln:wojIIPWersja>2016-05-05T18:20:48+02:00</sln:wojIIPWersja><sln:wojIdTeryt>30</sln:wojIdTeryt><sln:wojNazwa>wielkopolskie</sln:wojNazwa></sln:miejscowosc><sln:miejscowosc><sln:cyklZyciaOd>2016-11-27T00:00:00+01:00</sln:cyklZyciaOd><sln:gmIIPId>92d99072-27d6-4c4c-81c7-94716ec18d9f</sln:gmIIPId><sln:gmIIPPn>PL.PZGIK.200</sln:gmIIPPn><sln:gmIIPWersja>2012-09-26T22:24:38+02:00</sln:gmIIPWersja><sln:gmIdTeryt>3007042</sln:gmIdTeryt><sln:gmNazwa>Godziesze Wielkie</sln:gmNazwa><sln:miejscIIPId>a0e6f9a2-3492-460c-a611-665dfb08f845</sln:miejscIIPId><sln:miejscIIPPn>PL.PZGIK.200</sln:miejscIIPPn><sln:miejscIIPWersja>2016-11-27T17:40:31+02:00</sln:miejscIIPWersja><sln:miejscIdTeryt>0198261</sln:miejscIdTeryt><sln:miejscNazwa>Stobno Siódme</sln:miejscNazwa><sln:miejscRodzaj>Wieś</sln:miejscRodzaj><sln:powIIPId>a84ca93c-4ad8-494d-95a7-8b1a8c4d4517</sln:powIIPId><sln:powIIPPn>PL.PZGIK.200</sln:powIIPPn><sln:powIIPWersja>2012-09-27T08:59:03+02:00</sln:powIIPWersja><sln:powIdTeryt>3007</sln:powIdTeryt><sln:powNazwa>kaliski</sln:powNazwa><sln:wojIIPId>c606b01a-76c8-480d-9470-f24ca0d7a613</sln:wojIIPId><sln:wojIIPPn>PL.PZGIK.200</sln:wojIIPPn><sln:wojIIPWersja>2016-05-05T18:20:48+02:00</sln:wojIIPWersja><sln:wojIdTeryt>30</sln:wojIdTeryt><sln:wojNazwa>wielkopolskie</sln:wojNazwa></sln:miejscowosc><sln:miejscowosc><sln:cyklZyciaOd>2016-11-27T00:00:00+01:00</sln:cyklZyciaOd><sln:gmIIPId>92d99072-27d6-4c4c-81c7-94716ec18d9f</sln:gmIIPId><sln:gmIIPPn>PL.PZGIK.200</sln:gmIIPPn><sln:gmIIPWersja>2012-09-26T22:24:38+02:00</sln:gmIIPWersja><sln:gmIdTeryt>3007042</sln:gmIdTeryt><sln:gmNazwa>Godziesze Wielkie</sln:gmNazwa><sln:miejscIIPId>6d4dd546-ca59-46bb-8b19-dd654497dcf7</sln:miejscIIPId><sln:miejscIIPPn>PL.PZGIK.200</sln:miejscIIPPn><sln:miejscIIPWersja>2016-11-27T17:40:31+02:00</sln:miejscIIPWersja><sln:miejscIdTeryt>0198077</sln:miejscIdTeryt><sln:miejscNazwa>Bałdoń</sln:miejscNazwa><sln:miejscRodzaj>Wieś</sln:miejscRodzaj><sln:powIIPId>a84ca93c-4ad8-494d-95a7-8b1a8c4d4517</sln:powIIPId><sln:powIIPPn>PL.PZGIK.200</sln:powIIPPn><sln:powIIPWersja>2012-09-27T08:59:03+02:00</sln:powIIPWersja><sln:powIdTeryt>3007</sln:powIdTeryt><sln:powNazwa>kaliski</sln:powNazwa><sln:wojIIPId>c606b01a-76c8-480d-9470-f24ca0d7a613</sln:wojIIPId><sln:wojIIPPn>PL.PZGIK.200</sln:wojIIPPn><sln:wojIIPWersja>2016-05-05T18:20:48+02:00</sln:wojIIPWersja><sln:wojIdTeryt>30</sln:wojIdTeryt><sln:wojNazwa>wielkopolskie</sln:wojNazwa></sln:miejscowosc><sln:miejscowosc><sln:cyklZyciaOd>2016-11-27T00:00:00+01:00</sln:cyklZyciaOd><sln:gmIIPId>92d99072-27d6-4c4c-81c7-94716ec18d9f</sln:gmIIPId><sln:gmIIPPn>PL.PZGIK.200</sln:gmIIPPn><sln:gmIIPWersja>2012-09-26T22:24:38+02:00</sln:gmIIPWersja><sln:gmIdTeryt>3007042</sln:gmIdTeryt><sln:gmNazwa>Godziesze Wielkie</sln:gmNazwa><sln:miejscIIPId>cb61e7dd-7b20-43b6-8323-66959aaea978</sln:miejscIIPId><sln:miejscIIPPn>PL.PZGIK.200</sln:miejscIIPPn><sln:miejscIIPWersja>2016-11-27T17:40:31+02:00</sln:miejscIIPWersja><sln:miejscIdTeryt>0198114</sln:miejscIdTeryt><sln:miejscNazwa>Godziesze Wielkie</sln:miejscNazwa><sln:miejscRodzaj>Wieś</sln:miejscRodzaj><sln:powIIPId>a84ca93c-4ad8-494d-95a7-8b1a8c4d4517</sln:powIIPId><sln:powIIPPn>PL.PZGIK.200</sln:powIIPPn><sln:powIIPWersja>2012-09-27T08:59:03+02:00</sln:powIIPWersja><sln:powIdTeryt>3007</sln:powIdTeryt><sln:powNazwa>kaliski</sln:powNazwa><sln:wojIIPId>c606b01a-76c8-480d-9470-f24ca0d7a613</sln:wojIIPId><sln:wojIIPPn>PL.PZGIK.200</sln:wojIIPPn><sln:wojIIPWersja>2016-05-05T18:20:48+02:00</sln:wojIIPWersja><sln:wojIdTeryt>30</sln:wojIdTeryt><sln:wojNazwa>wielkopolskie</sln:wojNazwa></sln:miejscowosc><sln:miejscowosc><sln:cyklZyciaOd>2016-11-27T00:00:00+01:00</sln:cyklZyciaOd><sln:gmIIPId>92d99072-27d6-4c4c-81c7-94716ec18d9f</sln:gmIIPId><sln:gmIIPPn>PL.PZGIK.200</sln:gmIIPPn><sln:gmIIPWersja>2012-09-26T22:24:38+02:00</sln:gmIIPWersja><sln:gmIdTeryt>3007042</sln:gmIdTeryt><sln:gmNazwa>Godziesze Wielkie</sln:gmNazwa><sln:miejscIIPId>79febe42-5a0e-42b5-8dbd-8cc0037fecaa</sln:miejscIIPId><sln:miejscIIPPn>PL.PZGIK.200</sln:miejscIIPPn><sln:miejscIIPWersja>2016-11-27T17:40:31+02:00</sln:miejscIIPWersja><sln:miejscIdTeryt>0198120</sln:miejscIdTeryt><sln:miejscNazwa>Godzieszki</sln:miejscNazwa><sln:miejscRodzaj>Wieś</sln:miejscRodzaj><sln:powIIPId>a84ca93c-4ad8-494d-95a7-8b1a8c4d4517</sln:powIIPId><sln:powIIPPn>PL.PZGIK.200</sln:powIIPPn><sln:powIIPWersja>2012-09-27T08:59:03+02:00</sln:powIIPWersja><sln:powIdTeryt>3007</sln:powIdTeryt><sln:powNazwa>kaliski</sln:powNazwa><sln:wojIIPId>c606b01a-76c8-480d-9470-f24ca0d7a613</sln:wojIIPId><sln:wojIIPPn>PL.PZGIK.200</sln:wojIIPPn><sln:wojIIPWersja>2016-05-05T18:20:48+02:00</sln:wojIIPWersja><sln:wojIdTeryt>30</sln:wojIdTeryt><sln:wojNazwa>wielkopolskie</sln:wojNazwa></sln:miejscowosc><sln:miejscowosc><sln:cyklZyciaOd>2016-11-27T00:00:00+01:00</sln:cyklZyciaOd><sln:gmIIPId>92d99072-27d6-4c4c-81c7-94716ec18d9f</sln:gmIIPId><sln:gmIIPPn>PL.PZGIK.200</sln:gmIIPPn><sln:gmIIPWersja>2012-09-26T22:24:38+02:00</sln:gmIIPWersja><sln:gmIdTeryt>3007042</sln:gmIdTeryt><sln:gmNazwa>Godziesze Wielkie</sln:gmNazwa><sln:miejscIIPId>998278bc-e07e-43fa-8b19-e77ab6ccf5c2</sln:miejscIIPId><sln:miejscIIPPn>PL.PZGIK.200</sln:miejscIIPPn><sln:miejscIIPWersja>2016-11-27T17:40:31+02:00</sln:miejscIIPWersja><sln:miejscIdTeryt>0198108</sln:miejscIdTeryt><sln:miejscNazwa>Godziesze Małe</sln:miejscNazwa><sln:miejscRodzaj>Wieś</sln:miejscRodzaj><sln:powIIPId>a84ca93c-4ad8-494d-95a7-8b1a8c4d4517</sln:powIIPId><sln:powIIPPn>PL.PZGIK.200</sln:powIIPPn><sln:powIIPWersja>2012-09-27T08:59:03+02:00</sln:powIIPWersja><sln:powIdTeryt>3007</sln:powIdTeryt><sln:powNazwa>kaliski</sln:powNazwa><sln:wojIIPId>c606b01a-76c8-480d-9470-f24ca0d7a613</sln:wojIIPId><sln:wojIIPPn>PL.PZGIK.200</sln:wojIIPPn><sln:wojIIPWersja>2016-05-05T18:20:48+02:00</sln:wojIIPWersja><sln:wojIdTeryt>30</sln:wojIdTeryt><sln:wojNazwa>wielkopolskie</sln:wojNazwa></sln:miejscowosc><sln:miejscowosc><sln:cyklZyciaOd>2016-11-27T00:00:00+01:00</sln:cyklZyciaOd><sln:gmIIPId>92d99072-27d6-4c4c-81c7-94716ec18d9f</sln:gmIIPId><sln:gmIIPPn>PL.PZGIK.200</sln:gmIIPPn><sln:gmIIPWersja>2012-09-26T22:24:38+02:00</sln:gmIIPWersja><sln:gmIdTeryt>3007042</sln:gmIdTeryt><sln:gmNazwa>Godziesze Wielkie</sln:gmNazwa><sln:miejscIIPId>752c97ed-a255-4f3d-900e-4ed72d01d9c1</sln:miejscIIPId><sln:miejscIIPPn>PL.PZGIK.200</sln:miejscIIPPn><sln:miejscIIPWersja>2016-11-27T17:40:31+02:00</sln:miejscIIPWersja><sln:miejscIdTeryt>0198083</sln:miejscIdTeryt><sln:miejscNazwa>Biała</sln:miejscNazwa><sln:miejscRodzaj>Wieś</sln:miejscRodzaj><sln:powIIPId>a84ca93c-4ad8-494d-95a7-8b1a8c4d4517</sln:powIIPId><sln:powIIPPn>PL.PZGIK.200</sln:powIIPPn><sln:powIIPWersja>2012-09-27T08:59:03+02:00</sln:powIIPWersja><sln:powIdTeryt>3007</sln:powIdTeryt><sln:powNazwa>kaliski</sln:powNazwa><sln:wojIIPId>c606b01a-76c8-480d-9470-f24ca0d7a613</sln:wojIIPId><sln:wojIIPPn>PL.PZGIK.200</sln:wojIIPPn><sln:wojIIPWersja>2016-05-05T18:20:48+02:00</sln:wojIIPWersja><sln:wojIdTeryt>30</sln:wojIdTeryt><sln:wojNazwa>wielkopolskie</sln:wojNazwa></sln:miejscowosc><sln:miejscowosc><sln:cyklZyciaOd>2016-11-27T00:00:00+01:00</sln:cyklZyciaOd><sln:gmIIPId>92d99072-27d6-4c4c-81c7-94716ec18d9f</sln:gmIIPId><sln:gmIIPPn>PL.PZGIK.200</sln:gmIIPPn><sln:gmIIPWersja>2012-09-26T22:24:38+02:00</sln:gmIIPWersja><sln:gmIdTeryt>3007042</sln:gmIdTeryt><sln:gmNazwa>Godziesze Wielkie</sln:gmNazwa><sln:miejscIIPId>dde5d290-c102-4067-b69c-0b333a12e549</sln:miejscIIPId><sln:miejscIIPPn>PL.PZGIK.200</sln:miejscIIPPn><sln:miejscIIPWersja>2016-11-27T17:40:31+02:00</sln:miejscIIPWersja><sln:miejscIdTeryt>0198137</sln:miejscIdTeryt><sln:miejscNazwa>Józefów</sln:miejscNazwa><sln:miejscRodzaj>Wieś</sln:miejscRodzaj><sln:powIIPId>a84ca93c-4ad8-494d-95a7-8b1a8c4d4517</sln:powIIPId><sln:powIIPPn>PL.PZGIK.200</sln:powIIPPn><sln:powIIPWersja>2012-09-27T08:59:03+02:00</sln:powIIPWersja><sln:powIdTeryt>3007</sln:powIdTeryt><sln:powNazwa>kaliski</sln:powNazwa><sln:wojIIPId>c606b01a-76c8-480d-9470-f24ca0d7a613</sln:wojIIPId><sln:wojIIPPn>PL.PZGIK.200</sln:wojIIPPn><sln:wojIIPWersja>2016-05-05T18:20:48+02:00</sln:wojIIPWersja><sln:wojIdTeryt>30</sln:wojIdTeryt><sln:wojNazwa>wielkopolskie</sln:wojNazwa></sln:miejscowosc><sln:miejscowosc><sln:cyklZyciaOd>2016-11-27T00:00:00+01:00</sln:cyklZyciaOd><sln:gmIIPId>92d99072-27d6-4c4c-81c7-94716ec18d9f</sln:gmIIPId><sln:gmIIPPn>PL.PZGIK.200</sln:gmIIPPn><sln:gmIIPWersja>2012-09-26T22:24:38+02:00</sln:gmIIPWersja><sln:gmIdTeryt>3007042</sln:gmIdTeryt><sln:gmNazwa>Godziesze Wielkie</sln:gmNazwa><sln:miejscIIPId>27f3ea8a-4ca5-4b24-a1dc-0c947583046c</sln:miejscIIPId><sln:miejscIIPPn>PL.PZGIK.200</sln:miejscIIPPn><sln:miejscIIPWersja>2016-11-27T17:40:32+02:00</sln:miejscIIPWersja><sln:miejscIdTeryt>0198150</sln:miejscIdTeryt><sln:miejscNazwa>Kakawa-Kolonia</sln:miejscNazwa><sln:miejscRodzaj>Wieś</sln:miejscRodzaj><sln:powIIPId>a84ca93c-4ad8-494d-95a7-8b1a8c4d4517</sln:powIIPId><sln:powIIPPn>PL.PZGIK.200</sln:powIIPPn><sln:powIIPWersja>2012-09-27T08:59:03+02:00</sln:powIIPWersja><sln:powIdTeryt>3007</sln:powIdTeryt><sln:powNazwa>kaliski</sln:powNazwa><sln:wojIIPId>c606b01a-76c8-480d-9470-f24ca0d7a613</sln:wojIIPId><sln:wojIIPPn>PL.PZGIK.200</sln:wojIIPPn><sln:wojIIPWersja>2016-05-05T18:20:48+02:00</sln:wojIIPWersja><sln:wojIdTeryt>30</sln:wojIdTeryt><sln:wojNazwa>wielkopolskie</sln:wojNazwa></sln:miejscowosc><sln:miejscowosc><sln:cyklZyciaOd>2016-11-27T00:00:00+01:00</sln:cyklZyciaOd><sln:gmIIPId>92d99072-27d6-4c4c-81c7-94716ec18d9f</sln:gmIIPId><sln:gmIIPPn>PL.PZGIK.200</sln:gmIIPPn><sln:gmIIPWersja>2012-09-26T22:24:38+02:00</sln:gmIIPWersja><sln:gmIdTeryt>3007042</sln:gmIdTeryt><sln:gmNazwa>Godziesze Wielkie</sln:gmNazwa><sln:miejscIIPId>f4b1410d-d626-402f-9dad-b4c9cca4629d</sln:miejscIIPId><sln:miejscIIPPn>PL.PZGIK.200</sln:miejscIIPPn><sln:miejscIIPWersja>2016-11-27T17:40:32+02:00</sln:miejscIIPWersja><sln:miejscIdTeryt>0198189</sln:miejscIdTeryt><sln:miejscNazwa>Kopie</sln:miejscNazwa><sln:miejscRodzaj>Wieś</sln:miejscRodzaj><sln:powIIPId>a84ca93c-4ad8-494d-95a7-8b1a8c4d4517</sln:powIIPId><sln:powIIPPn>PL.PZGIK.200</sln:powIIPPn><sln:powIIPWersja>2012-09-27T08:59:03+02:00</sln:powIIPWersja><sln:powIdTeryt>3007</sln:powIdTeryt><sln:powNazwa>kaliski</sln:powNazwa><sln:wojIIPId>c606b01a-76c8-480d-9470-f24ca0d7a613</sln:wojIIPId><sln:wojIIPPn>PL.PZGIK.200</sln:wojIIPPn><sln:wojIIPWersja>2016-05-05T18:20:48+02:00</sln:wojIIPWersja><sln:wojIdTeryt>30</sln:wojIdTeryt><sln:wojNazwa>wielkopolskie</sln:wojNazwa></sln:miejscowosc><sln:miejscowosc><sln:cyklZyciaOd>2016-11-27T00:00:00+01:00</sln:cyklZyciaOd><sln:gmIIPId>92d99072-27d6-4c4c-81c7-94716ec18d9f</sln:gmIIPId><sln:gmIIPPn>PL.PZGIK.200</sln:gmIIPPn><sln:gmIIPWersja>2012-09-26T22:24:38+02:00</sln:gmIIPWersja><sln:gmIdTeryt>3007042</sln:gmIdTeryt><sln:gmNazwa>Godziesze Wielkie</sln:gmNazwa><sln:miejscIIPId>f8681f3a-c6d5-4b59-8032-8a473b780836</sln:miejscIIPId><sln:miejscIIPPn>PL.PZGIK.200</sln:miejscIIPPn><sln:miejscIIPWersja>2016-11-27T17:40:32+02:00</sln:miejscIIPWersja><sln:miejscIdTeryt>0198195</sln:miejscIdTeryt><sln:miejscNazwa>Krzemionka</sln:miejscNazwa><sln:miejscRodzaj>Wieś</sln:miejscRodzaj><sln:powIIPId>a84ca93c-4ad8-494d-95a7-8b1a8c4d4517</sln:powIIPId><sln:powIIPPn>PL.PZGIK.200</sln:powIIPPn><sln:powIIPWersja>2012-09-27T08:59:03+02:00</sln:powIIPWersja><sln:powIdTeryt>3007</sln:powIdTeryt><sln:powNazwa>kaliski</sln:powNazwa><sln:wojIIPId>c606b01a-76c8-480d-9470-f24ca0d7a613</sln:wojIIPId><sln:wojIIPPn>PL.PZGIK.200</sln:wojIIPPn><sln:wojIIPWersja>2016-05-05T18:20:48+02:00</sln:wojIIPWersja><sln:wojIdTeryt>30</sln:wojIdTeryt><sln:wojNazwa>wielkopolskie</sln:wojNazwa></sln:miejscowosc><sln:miejscowosc><sln:cyklZyciaOd>2016-11-27T00:00:00+01:00</sln:cyklZyciaOd><sln:gmIIPId>92d99072-27d6-4c4c-81c7-94716ec18d9f</sln:gmIIPId><sln:gmIIPPn>PL.PZGIK.200</sln:gmIIPPn><sln:gmIIPWersja>2012-09-26T22:24:38+02:00</sln:gmIIPWersja><sln:gmIdTeryt>3007042</sln:gmIdTeryt><sln:gmNazwa>Godziesze Wielkie</sln:gmNazwa><sln:miejscIIPId>7be82d0b-d285-4da8-9e3c-0a2301258806</sln:miejscIIPId><sln:miejscIIPPn>PL.PZGIK.200</sln:miejscIIPPn><sln:miejscIIPWersja>2016-11-27T17:40:32+02:00</sln:miejscIIPWersja><sln:miejscIdTeryt>0198172</sln:miejscIdTeryt><sln:miejscNazwa>Końska Wieś</sln:miejscNazwa><sln:miejscRodzaj>Wieś</sln:miejscRodzaj><sln:powIIPId>a84ca93c-4ad8-494d-95a7-8b1a8c4d4517</sln:powIIPId><sln:powIIPPn>PL.PZGIK.200</sln:powIIPPn><sln:powIIPWersja>2012-09-27T08:59:03+02:00</sln:powIIPWersja><sln:powIdTeryt>3007</sln:powIdTeryt><sln:powNazwa>kaliski</sln:powNazwa><sln:wojIIPId>c606b01a-76c8-480d-9470-f24ca0d7a613</sln:wojIIPId><sln:wojIIPPn>PL.PZGIK.200</sln:wojIIPPn><sln:wojIIPWersja>2016-05-05T18:20:48+02:00</sln:wojIIPWersja><sln:wojIdTeryt>30</sln:wojIdTeryt><sln:wojNazwa>wielkopolskie</sln:wojNazwa></sln:miejscowosc><sln:miejscowosc><sln:cyklZyciaOd>2016-11-27T00:00:00+01:00</sln:cyklZyciaOd><sln:gmIIPId>92d99072-27d6-4c4c-81c7-94716ec18d9f</sln:gmIIPId><sln:gmIIPPn>PL.PZGIK.200</sln:gmIIPPn><sln:gmIIPWersja>2012-09-26T22:24:38+02:00</sln:gmIIPWersja><sln:gmIdTeryt>3007042</sln:gmIdTeryt><sln:gmNazwa>Godziesze Wielkie</sln:gmNazwa><sln:miejscIIPId>91148b75-58ed-42c5-933a-a056f1ce0aad</sln:miejscIIPId><sln:miejscIIPPn>PL.PZGIK.200</sln:miejscIIPPn><sln:miejscIIPWersja>2016-11-27T17:40:32+02:00</sln:miejscIIPWersja><sln:miejscIdTeryt>0198090</sln:miejscIdTeryt><sln:miejscNazwa>Borek</sln:miejscNazwa><sln:miejscRodzaj>Wieś</sln:miejscRodzaj><sln:powIIPId>a84ca93c-4ad8-494d-95a7-8b1a8c4d4517</sln:powIIPId><sln:powIIPPn>PL.PZGIK.200</sln:powIIPPn><sln:powIIPWersja>2012-09-27T08:59:03+02:00</sln:powIIPWersja><sln:powIdTeryt>3007</sln:powIdTeryt><sln:powNazwa>kaliski</sln:powNazwa><sln:wojIIPId>c606b01a-76c8-480d-9470-f24ca0d7a613</sln:wojIIPId><sln:wojIIPPn>PL.PZGIK.200</sln:wojIIPPn><sln:wojIIPWersja>2016-05-05T18:20:48+02:00</sln:wojIIPWersja><sln:wojIdTeryt>30</sln:wojIdTeryt><sln:wojNazwa>wielkopolskie</sln:wojNazwa></sln:miejscowosc><sln:miejscowosc><sln:cyklZyciaDo>2018-02-20T00:00:00+01:00</sln:cyklZyciaDo><sln:cyklZyciaOd>2016-11-27T00:00:00+01:00</sln:cyklZyciaOd><sln:gmIIPId>92d99072-27d6-4c4c-81c7-94716ec18d9f</sln:gmIIPId><sln:gmIIPPn>PL.PZGIK.200</sln:gmIIPPn><sln:gmIIPWersja>2012-09-26T22:24:38+02:00</sln:gmIIPWersja><sln:gmIdTeryt>3007042</sln:gmIdTeryt><sln:gmNazwa>Godziesze Wielkie</sln:gmNazwa><sln:miejscIIPId>ea76197d-486c-4f39-898f-3740340e8f9d</sln:miejscIIPId><sln:miejscIIPPn>PL.PZGIK.200</sln:miejscIIPPn><sln:miejscIIPWersja>2016-11-27T17:40:32+02:00</sln:miejscIIPWersja><sln:miejscIdTeryt>5002697</sln:miejscIdTeryt><sln:miejscNazwa>Nowa Wolica</sln:miejscNazwa><sln:miejscRodzaj>Część wsi</sln:miejscRodzaj><sln:powIIPId>a84ca93c-4ad8-494d-95a7-8b1a8c4d4517</sln:powIIPId><sln:powIIPPn>PL.PZGIK.200</sln:powIIPPn><sln:powIIPWersja>2012-09-27T08:59:03+02:00</sln:powIIPWersja><sln:powIdTeryt>3007</sln:powIdTeryt><sln:powNazwa>kaliski</sln:powNazwa><sln:wojIIPId>c606b01a-76c8-480d-9470-f24ca0d7a613</sln:wojIIPId><sln:wojIIPPn>PL.PZGIK.200</sln:wojIIPPn><sln:wojIIPWersja>2016-05-05T18:20:48+02:00</sln:wojIIPWersja><sln:wojIdTeryt>30</sln:wojIdTeryt><sln:wojNazwa>wielkopolskie</sln:wojNazwa></sln:miejscowosc><sln:miejscowosc><sln:cyklZyciaOd>2016-11-27T00:00:00+01:00</sln:cyklZyciaOd><sln:gmIIPId>92d99072-27d6-4c4c-81c7-94716ec18d9f</sln:gmIIPId><sln:gmIIPPn>PL.PZGIK.200</sln:gmIIPPn><sln:gmIIPWersja>2012-09-26T22:24:38+02:00</sln:gmIIPWersja><sln:gmIdTeryt>3007042</sln:gmIdTeryt><sln:gmNazwa>Godziesze Wielkie</sln:gmNazwa><sln:miejscIIPId>f389b488-966d-4aad-9897-2f78762b89b5</sln:miejscIIPId><sln:miejscIIPPn>PL.PZGIK.200</sln:miejscIIPPn><sln:miejscIIPWersja>2016-11-27T17:40:32+02:00</sln:miejscIIPWersja><sln:miejscIdTeryt>0198203</sln:miejscIdTeryt><sln:miejscNazwa>Nowa Kakawa</sln:miejscNazwa><sln:miejscRodzaj>Wieś</sln:miejscRodzaj><sln:powIIPId>a84ca93c-4ad8-494d-95a7-8b1a8c4d4517</sln:powIIPId><sln:powIIPPn>PL.PZGIK.200</sln:powIIPPn><sln:powIIPWersja>2012-09-27T08:59:03+02:00</sln:powIIPWersja><sln:powIdTeryt>3007</sln:powIdTeryt><sln:powNazwa>kaliski</sln:powNazwa><sln:wojIIPId>c606b01a-76c8-480d-9470-f24ca0d7a613</sln:wojIIPId><sln:wojIIPPn>PL.PZGIK.200</sln:wojIIPPn><sln:wojIIPWersja>2016-05-05T18:20:48+02:00</sln:wojIIPWersja><sln:wojIdTeryt>30</sln:wojIdTeryt><sln:wojNazwa>wielkopolskie</sln:wojNazwa></sln:miejscowosc><sln:miejscowosc><sln:cyklZyciaOd>2016-11-27T00:00:00+01:00</sln:cyklZyciaOd><sln:gmIIPId>92d99072-27d6-4c4c-81c7-94716ec18d9f</sln:gmIIPId><sln:gmIIPPn>PL.PZGIK.200</sln:gmIIPPn><sln:gmIIPWersja>2012-09-26T22:24:38+02:00</sln:gmIIPWersja><sln:gmIdTeryt>3007042</sln:gmIdTeryt><sln:gmNazwa>Godziesze Wielkie</sln:gmNazwa><sln:miejscIIPId>50837b38-917d-404f-8d78-f23fca7c86af</sln:miejscIIPId><sln:miejscIIPPn>PL.PZGIK.200</sln:miejscIIPPn><sln:miejscIIPWersja>2016-11-27T17:40:32+02:00</sln:miejscIIPWersja><sln:miejscIdTeryt>0198226</sln:miejscIdTeryt><sln:miejscNazwa>Saczyn</sln:miejscNazwa><sln:miejscRodzaj>Wieś</sln:miejscRodzaj><sln:powIIPId>a84ca93c-4ad8-494d-95a7-8b1a8c4d4517</sln:powIIPId><sln:powIIPPn>PL.PZGIK.200</sln:powIIPPn><sln:powIIPWersja>2012-09-27T08:59:03+02:00</sln:powIIPWersja><sln:powIdTeryt>3007</sln:powIdTeryt><sln:powNazwa>kaliski</sln:powNazwa><sln:wojIIPId>c606b01a-76c8-480d-9470-f24ca0d7a613</sln:wojIIPId><sln:wojIIPPn>PL.PZGIK.200</sln:wojIIPPn><sln:wojIIPWersja>2016-05-05T18:20:48+02:00</sln:wojIIPWersja><sln:wojIdTeryt>30</sln:wojIdTeryt><sln:wojNazwa>wielkopolskie</sln:wojNazwa></sln:miejscowosc><sln:miejscowosc><sln:cyklZyciaOd>2016-11-27T00:00:00+01:00</sln:cyklZyciaOd><sln:gmIIPId>92d99072-27d6-4c4c-81c7-94716ec18d9f</sln:gmIIPId><sln:gmIIPPn>PL.PZGIK.200</sln:gmIIPPn><sln:gmIIPWersja>2012-09-26T22:24:38+02:00</sln:gmIIPWersja><sln:gmIdTeryt>3007042</sln:gmIdTeryt><sln:gmNazwa>Godziesze Wielkie</sln:gmNazwa><sln:miejscIIPId>2f882cac-ba36-4c8b-8add-f8787cb2081d</sln:miejscIIPId><sln:miejscIIPPn>PL.PZGIK.200</sln:miejscIIPPn><sln:miejscIIPWersja>2016-11-27T17:40:32+02:00</sln:miejscIIPWersja><sln:miejscIdTeryt>0198232</sln:miejscIdTeryt><sln:miejscNazwa>Skrzatki</sln:miejscNazwa><sln:miejscRodzaj>Wieś</sln:miejscRodzaj><sln:powIIPId>a84ca93c-4ad8-494d-95a7-8b1a8c4d4517</sln:powIIPId><sln:powIIPPn>PL.PZGIK.200</sln:powIIPPn><sln:powIIPWersja>2012-09-27T08:59:03+02:00</sln:powIIPWersja><sln:powIdTeryt>3007</sln:powIdTeryt><sln:powNazwa>kaliski</sln:powNazwa><sln:wojIIPId>c606b01a-76c8-480d-9470-f24ca0d7a613</sln:wojIIPId><sln:wojIIPPn>PL.PZGIK.200</sln:wojIIPPn><sln:wojIIPWersja>2016-05-05T18:20:48+02:00</sln:wojIIPWersja><sln:wojIdTeryt>30</sln:wojIdTeryt><sln:wojNazwa>wielkopolskie</sln:wojNazwa></sln:miejscowosc><sln:miejscowosc><sln:cyklZyciaDo>2018-02-22T00:00:00+01:00</sln:cyklZyciaDo><sln:cyklZyciaOd>2016-11-27T00:00:00+01:00</sln:cyklZyciaOd><sln:gmIIPId>92d99072-27d6-4c4c-81c7-94716ec18d9f</sln:gmIIPId><sln:gmIIPPn>PL.PZGIK.200</sln:gmIIPPn><sln:gmIIPWersja>2012-09-26T22:24:38+02:00</sln:gmIIPWersja><sln:gmIdTeryt>3007042</sln:gmIdTeryt><sln:gmNazwa>Godziesze Wielkie</sln:gmNazwa><sln:miejscIIPId>e62a9cbd-4f35-4b1f-806c-808d1987b1ce</sln:miejscIIPId><sln:miejscIIPPn>PL.PZGIK.200</sln:miejscIIPPn><sln:miejscIIPWersja>2016-11-27T17:40:32+02:00</sln:miejscIIPWersja><sln:miejscIdTeryt>0198143</sln:miejscIdTeryt><sln:miejscNazwa>Sobocin</sln:miejscNazwa><sln:miejscRodzaj>Wieś</sln:miejscRodzaj><sln:powIIPId>a84ca93c-4ad8-494d-95a7-8b1a8c4d4517</sln:powIIPId><sln:powIIPPn>PL.PZGIK.200</sln:powIIPPn><sln:powIIPWersja>2012-09-27T08:59:03+02:00</sln:powIIPWersja><sln:powIdTeryt>3007</sln:powIdTeryt><sln:powNazwa>kaliski</sln:powNazwa><sln:wojIIPId>c606b01a-76c8-480d-9470-f24ca0d7a613</sln:wojIIPId><sln:wojIIPPn>PL.PZGIK.200</sln:wojIIPPn><sln:wojIIPWersja>2016-05-05T18:20:48+02:00</sln:wojIIPWersja><sln:wojIdTeryt>30</sln:wojIdTeryt><sln:wojNazwa>wielkopolskie</sln:wojNazwa></sln:miejscowosc><sln:miejscowosc><sln:cyklZyciaDo>2018-02-20T00:00:00+01:00</sln:cyklZyciaDo><sln:cyklZyciaOd>2016-11-27T00:00:00+01:00</sln:cyklZyciaOd><sln:gmIIPId>92d99072-27d6-4c4c-81c7-94716ec18d9f</sln:gmIIPId><sln:gmIIPPn>PL.PZGIK.200</sln:gmIIPPn><sln:gmIIPWersja>2012-09-26T22:24:38+02:00</sln:gmIIPWersja><sln:gmIdTeryt>3007042</sln:gmIdTeryt><sln:gmNazwa>Godziesze Wielkie</sln:gmNazwa><sln:miejscIIPId>3e7f55fe-ac24-4ebe-9cda-87f94c1290db</sln:miejscIIPId><sln:miejscIIPPn>PL.PZGIK.200</sln:miejscIIPPn><sln:miejscIIPWersja>2016-11-27T17:40:32+02:00</sln:miejscIIPWersja><sln:miejscIdTeryt>5000499</sln:miejscIdTeryt><sln:miejscNazwa>Stara Wolica</sln:miejscNazwa><sln:miejscRodzaj>Część wsi</sln:miejscRodzaj><sln:powIIPId>a84ca93c-4ad8-494d-95a7-8b1a8c4d4517</sln:powIIPId><sln:powIIPPn>PL.PZGIK.200</sln:powIIPPn><sln:powIIPWersja>2012-09-27T08:59:03+02:00</sln:powIIPWersja><sln:powIdTeryt>3007</sln:powIdTeryt><sln:powNazwa>kaliski</sln:powNazwa><sln:wojIIPId>c606b01a-76c8-480d-9470-f24ca0d7a613</sln:wojIIPId><sln:wojIIPPn>PL.PZGIK.200</sln:wojIIPPn><sln:wojIIPWersja>2016-05-05T18:20:48+02:00</sln:wojIIPWersja><sln:wojIdTeryt>30</sln:wojIdTeryt><sln:wojNazwa>wielkopolskie</sln:wojNazwa></sln:miejscowosc><sln:miejscowosc><sln:cyklZyciaDo>2018-02-20T00:00:00+01:00</sln:cyklZyciaDo><sln:cyklZyciaOd>2016-11-27T00:00:00+01:00</sln:cyklZyciaOd><sln:gmIIPId>92d99072-27d6-4c4c-81c7-94716ec18d9f</sln:gmIIPId><sln:gmIIPPn>PL.PZGIK.200</sln:gmIIPPn><sln:gmIIPWersja>2012-09-26T22:24:38+02:00</sln:gmIIPWersja><sln:gmIdTeryt>3007042</sln:gmIdTeryt><sln:gmNazwa>Godziesze Wielkie</sln:gmNazwa><sln:miejscIIPId>584e9916-6647-4a02-875c-d047d4d9c695</sln:miejscIIPId><sln:miejscIIPPn>PL.PZGIK.200</sln:miejscIIPPn><sln:miejscIIPWersja>2016-11-27T17:40:32+02:00</sln:miejscIIPWersja><sln:miejscIdTeryt>5000879</sln:miejscIdTeryt><sln:miejscNIIPId>70e6f7b7-644c-44c9-ab25-6c26539e0c1a</sln:miejscNIIPId><sln:miejscNIIPPn>PL.PZGIK.200</sln:miejscNIIPPn><sln:miejscNIIPWersja>2016-11-27T17:40:31+02:00</sln:miejscNIIPWersja><sln:miejscNIdTeryt>0198309</sln:miejscNIdTeryt><sln:miejscNNazwa>Wolica</sln:miejscNNazwa><sln:miejscNRodzaj>Wieś</sln:miejscNRodzaj><sln:miejscNazwa>Wolickie Góry</sln:miejscNazwa><sln:miejscRodzaj>Przysiółek</sln:miejscRodzaj><sln:powIIPId>a84ca93c-4ad8-494d-95a7-8b1a8c4d4517</sln:powIIPId><sln:powIIPPn>PL.PZGIK.200</sln:powIIPPn><sln:powIIPWersja>2012-09-27T08:59:03+02:00</sln:powIIPWersja><sln:powIdTeryt>3007</sln:powIdTeryt><sln:powNazwa>kaliski</sln:powNazwa><sln:wojIIPId>c606b01a-76c8-480d-9470-f24ca0d7a613</sln:wojIIPId><sln:wojIIPPn>PL.PZGIK.200</sln:wojIIPPn><sln:wojIIPWersja>2016-05-05T18:20:48+02:00</sln:wojIIPWersja><sln:wojIdTeryt>30</sln:wojIdTeryt><sln:wojNazwa>wielkopolskie</sln:wojNazwa></sln:miejscowosc><sln:miejscowosc><sln:cyklZyciaDo>2018-02-20T00:00:00+01:00</sln:cyklZyciaDo><sln:cyklZyciaOd>2016-11-27T00:00:00+01:00</sln:cyklZyciaOd><sln:gmIIPId>92d99072-27d6-4c4c-81c7-94716ec18d9f</sln:gmIIPId><sln:gmIIPPn>PL.PZGIK.200</sln:gmIIPPn><sln:gmIIPWersja>2012-09-26T22:24:38+02:00</sln:gmIIPWersja><sln:gmIdTeryt>3007042</sln:gmIdTeryt><sln:gmNazwa>Godziesze Wielkie</sln:gmNazwa><sln:miejscIIPId>31675eb3-9210-42d4-9bd3-7d0d7494c5c8</sln:miejscIIPId><sln:miejscIIPPn>PL.PZGIK.200</sln:miejscIIPPn><sln:miejscIIPWersja>2016-11-27T17:40:32+02:00</sln:miejscIIPWersja><sln:miejscIdTeryt>5000741</sln:miejscIdTeryt><sln:miejscNIIPId>2f882cac-ba36-4c8b-8add-f8787cb2081d</sln:miejscNIIPId><sln:miejscNIIPPn>PL.PZGIK.200</sln:miejscNIIPPn><sln:miejscNIIPWersja>2016-11-27T17:40:32+02:00</sln:miejscNIIPWersja><sln:miejscNIdTeryt>0198232</sln:miejscNIdTeryt><sln:miejscNNazwa>Skrzatki</sln:miejscNNazwa><sln:miejscNRodzaj>Wieś</sln:miejscNRodzaj><sln:miejscNazwa>Urbanka</sln:miejscNazwa><sln:miejscRodzaj>Przysiółek</sln:miejscRodzaj><sln:powIIPId>a84ca93c-4ad8-494d-95a7-8b1a8c4d4517</sln:powIIPId><sln:powIIPPn>PL.PZGIK.200</sln:powIIPPn><sln:powIIPWersja>2012-09-27T08:59:03+02:00</sln:powIIPWersja><sln:powIdTeryt>3007</sln:powIdTeryt><sln:powNazwa>kaliski</sln:powNazwa><sln:wojIIPId>c606b01a-76c8-480d-9470-f24ca0d7a613</sln:wojIIPId><sln:wojIIPPn>PL.PZGIK.200</sln:wojIIPPn><sln:wojIIPWersja>2016-05-05T18:20:48+02:00</sln:wojIIPWersja><sln:wojIdTeryt>30</sln:wojIdTeryt><sln:wojNazwa>wielkopolskie</sln:wojNazwa></sln:miejscowosc><sln:miejscowosc><sln:cyklZyciaDo>2018-02-20T00:00:00+01:00</sln:cyklZyciaDo><sln:cyklZyciaOd>2016-11-27T00:00:00+01:00</sln:cyklZyciaOd><sln:gmIIPId>92d99072-27d6-4c4c-81c7-94716ec18d9f</sln:gmIIPId><sln:gmIIPPn>PL.PZGIK.200</sln:gmIIPPn><sln:gmIIPWersja>2012-09-26T22:24:38+02:00</sln:gmIIPWersja><sln:gmIdTeryt>3007042</sln:gmIdTeryt><sln:gmNazwa>Godziesze Wielkie</sln:gmNazwa><sln:miejscIIPId>4eb607ff-5ed6-4dad-be19-38b06b0a66ce</sln:miejscIIPId><sln:miejscIIPPn>PL.PZGIK.200</sln:miejscIIPPn><sln:miejscIIPWersja>2016-11-27T17:40:32+02:00</sln:miejscIIPWersja><sln:miejscIdTeryt>5000972</sln:miejscIdTeryt><sln:miejscNIIPId>c2e5a97b-8f0e-4090-a00f-35766f404014</sln:miejscNIIPId><sln:miejscNIIPPn>PL.PZGIK.200</sln:miejscNIIPPn><sln:miejscNIIPWersja>2016-11-27T17:40:31+02:00</sln:miejscNIIPWersja><sln:miejscNIdTeryt>0198338</sln:miejscNIdTeryt><sln:miejscNNazwa>Zajączki Bankowe</sln:miejscNNazwa><sln:miejscNRodzaj>Wieś</sln:miejscNRodzaj><sln:miejscNazwa>Zajączki</sln:miejscNazwa><sln:miejscRodzaj>Leśniczówka</sln:miejscRodzaj><sln:powIIPId>a84ca93c-4ad8-494d-95a7-8b1a8c4d4517</sln:powIIPId><sln:powIIPPn>PL.PZGIK.200</sln:powIIPPn><sln:powIIPWersja>2012-09-27T08:59:03+02:00</sln:powIIPWersja><sln:powIdTeryt>3007</sln:powIdTeryt><sln:powNazwa>kaliski</sln:powNazwa><sln:wojIIPId>c606b01a-76c8-480d-9470-f24ca0d7a613</sln:wojIIPId><sln:wojIIPPn>PL.PZGIK.200</sln:wojIIPPn><sln:wojIIPWersja>2016-05-05T18:20:48+02:00</sln:wojIIPWersja><sln:wojIdTeryt>30</sln:wojIdTeryt><sln:wojNazwa>wielkopolskie</sln:wojNazwa></sln:miejscowosc><sln:miejscowosc><sln:cyklZyciaDo>2018-02-20T00:00:00+01:00</sln:cyklZyciaDo><sln:cyklZyciaOd>2016-11-27T00:00:00+01:00</sln:cyklZyciaOd><sln:gmIIPId>92d99072-27d6-4c4c-81c7-94716ec18d9f</sln:gmIIPId><sln:gmIIPPn>PL.PZGIK.200</sln:gmIIPPn><sln:gmIIPWersja>2012-09-26T22:24:38+02:00</sln:gmIIPWersja><sln:gmIdTeryt>3007042</sln:gmIdTeryt><sln:gmNazwa>Godziesze Wielkie</sln:gmNazwa><sln:miejscIIPId>a7ef31fd-cf42-4e92-b8b2-53b8318e0ed6</sln:miejscIIPId><sln:miejscIIPPn>PL.PZGIK.200</sln:miejscIIPPn><sln:miejscIIPWersja>2016-11-27T17:40:32+02:00</sln:miejscIIPWersja><sln:miejscIdTeryt>5001613</sln:miejscIdTeryt><sln:miejscNIIPId>5e9310b7-15f3-4042-81de-5131864eeea2</sln:miejscNIIPId><sln:miejscNIIPPn>PL.PZGIK.200</sln:miejscNIIPPn><sln:miejscNIIPWersja>2016-11-27T17:40:31+02:00</sln:miejscNIIPWersja><sln:miejscNIdTeryt>0198255</sln:miejscNIdTeryt><sln:miejscNNazwa>Stobno</sln:miejscNNazwa><sln:miejscNRodzaj>Wieś</sln:miejscNRodzaj><sln:miejscNazwa>Aleja</sln:miejscNazwa><sln:miejscRodzaj>Przysiółek</sln:miejscRodzaj><sln:powIIPId>a84ca93c-4ad8-494d-95a7-8b1a8c4d4517</sln:powIIPId><sln:powIIPPn>PL.PZGIK.200</sln:powIIPPn><sln:powIIPWersja>2012-09-27T08:59:03+02:00</sln:powIIPWersja><sln:powIdTeryt>3007</sln:powIdTeryt><sln:powNazwa>kaliski</sln:powNazwa><sln:wojIIPId>c606b01a-76c8-480d-9470-f24ca0d7a613</sln:wojIIPId><sln:wojIIPPn>PL.PZGIK.200</sln:wojIIPPn><sln:wojIIPWersja>2016-05-05T18:20:48+02:00</sln:wojIIPWersja><sln:wojIdTeryt>30</sln:wojIdTeryt><sln:wojNazwa>wielkopolskie</sln:wojNazwa></sln:miejscowosc><sln:miejscowosc><sln:cyklZyciaDo>2018-02-20T00:00:00+01:00</sln:cyklZyciaDo><sln:cyklZyciaOd>2016-11-27T00:00:00+01:00</sln:cyklZyciaOd><sln:gmIIPId>92d99072-27d6-4c4c-81c7-94716ec18d9f</sln:gmIIPId><sln:gmIIPPn>PL.PZGIK.200</sln:gmIIPPn><sln:gmIIPWersja>2012-09-26T22:24:38+02:00</sln:gmIIPWersja><sln:gmIdTeryt>3007042</sln:gmIdTeryt><sln:gmNazwa>Godziesze Wielkie</sln:gmNazwa><sln:miejscIIPId>93d01c70-b9d7-4797-ad57-ce52f947ce09</sln:miejscIIPId><sln:miejscIIPPn>PL.PZGIK.200</sln:miejscIIPPn><sln:miejscIIPWersja>2016-11-27T17:40:32+02:00</sln:miejscIIPWersja><sln:miejscIdTeryt>5001611</sln:miejscIdTeryt><sln:miejscNIIPId>c427a5a7-1487-4eaa-98b4-c55d2a69d47e</sln:miejscNIIPId><sln:miejscNIIPPn>PL.PZGIK.200</sln:miejscNIIPPn><sln:miejscNIIPWersja>2016-11-27T17:40:25+02:00</sln:miejscNIIPWersja><sln:miejscNIdTeryt>0198249</sln:miejscNIdTeryt><sln:miejscNNazwa>Stara Kakawa</sln:miejscNNazwa><sln:miejscNRodzaj>Wieś</sln:miejscNRodzaj><sln:miejscNazwa>Feliksów</sln:miejscNazwa><sln:miejscRodzaj>Przysiółek</sln:miejscRodzaj><sln:powIIPId>a84ca93c-4ad8-494d-95a7-8b1a8c4d4517</sln:powIIPId><sln:powIIPPn>PL.PZGIK.200</sln:powIIPPn><sln:powIIPWersja>2012-09-27T08:59:03+02:00</sln:powIIPWersja><sln:powIdTeryt>3007</sln:powIdTeryt><sln:powNazwa>kaliski</sln:powNazwa><sln:wojIIPId>c606b01a-76c8-480d-9470-f24ca0d7a613</sln:wojIIPId><sln:wojIIPPn>PL.PZGIK.200</sln:wojIIPPn><sln:wojIIPWersja>2016-05-05T18:20:48+02:00</sln:wojIIPWersja><sln:wojIdTeryt>30</sln:wojIdTeryt><sln:wojNazwa>wielkopolskie</sln:wojNazwa></sln:miejscowosc><sln:miejscowosc><sln:cyklZyciaDo>2018-02-20T00:00:00+01:00</sln:cyklZyciaDo><sln:cyklZyciaOd>2016-11-27T00:00:00+01:00</sln:cyklZyciaOd><sln:gmIIPId>92d99072-27d6-4c4c-81c7-94716ec18d9f</sln:gmIIPId><sln:gmIIPPn>PL.PZGIK.200</sln:gmIIPPn><sln:gmIIPWersja>2012-09-26T22:24:38+02:00</sln:gmIIPWersja><sln:gmIdTeryt>3007042</sln:gmIdTeryt><sln:gmNazwa>Godziesze Wielkie</sln:gmNazwa><sln:miejscIIPId>3f711061-cdfd-495f-b739-19895e730381</sln:miejscIIPId><sln:miejscIIPPn>PL.PZGIK.200</sln:miejscIIPPn><sln:miejscIIPWersja>2016-11-27T17:40:32+02:00</sln:miejscIIPWersja><sln:miejscIdTeryt>5001723</sln:miejscIdTeryt><sln:miejscNIIPId>752c97ed-a255-4f3d-900e-4ed72d01d9c1</sln:miejscNIIPId><sln:miejscNIIPPn>PL.PZGIK.200</sln:miejscNIIPPn><sln:miejscNIIPWersja>2016-11-27T17:40:31+02:00</sln:miejscNIIPWersja><sln:miejscNIdTeryt>0198083</sln:miejscNIdTeryt><sln:miejscNNazwa>Biała</sln:miejscNNazwa><sln:miejscNRodzaj>Wieś</sln:miejscNRodzaj><sln:miejscNazwa>Goszczury</sln:miejscNazwa><sln:miejscRodzaj>Przysiółek</sln:miejscRodzaj><sln:powIIPId>a84ca93c-4ad8-494d-95a7-8b1a8c4d4517</sln:powIIPId><sln:powIIPPn>PL.PZGIK.200</sln:powIIPPn><sln:powIIPWersja>2012-09-27T08:59:03+02:00</sln:powIIPWersja><sln:powIdTeryt>3007</sln:powIdTeryt><sln:powNazwa>kaliski</sln:powNazwa><sln:wojIIPId>c606b01a-76c8-480d-9470-f24ca0d7a613</sln:wojIIPId><sln:wojIIPPn>PL.PZGIK.200</sln:wojIIPPn><sln:wojIIPWersja>2016-05-05T18:20:48+02:00</sln:wojIIPWersja><sln:wojIdTeryt>30</sln:wojIdTeryt><sln:wojNazwa>wielkopolskie</sln:wojNazwa></sln:miejscowosc><sln:miejscowosc><sln:cyklZyciaDo>2018-02-20T00:00:00+01:00</sln:cyklZyciaDo><sln:cyklZyciaOd>2016-11-27T00:00:00+01:00</sln:cyklZyciaOd><sln:gmIIPId>92d99072-27d6-4c4c-81c7-94716ec18d9f</sln:gmIIPId><sln:gmIIPPn>PL.PZGIK.200</sln:gmIIPPn><sln:gmIIPWersja>2012-09-26T22:24:38+02:00</sln:gmIIPWersja><sln:gmIdTeryt>3007042</sln:gmIdTeryt><sln:gmNazwa>Godziesze Wielkie</sln:gmNazwa><sln:miejscIIPId>51f50244-5f4a-4e4e-95f2-0274d13dfad0</sln:miejscIIPId><sln:miejscIIPPn>PL.PZGIK.200</sln:miejscIIPPn><sln:miejscIIPWersja>2016-11-27T17:40:33+02:00</sln:miejscIIPWersja><sln:miejscIdTeryt>5001869</sln:miejscIdTeryt><sln:miejscNIIPId>50837b38-917d-404f-8d78-f23fca7c86af</sln:miejscNIIPId><sln:miejscNIIPPn>PL.PZGIK.200</sln:miejscNIIPPn><sln:miejscNIIPWersja>2016-11-27T17:40:32+02:00</sln:miejscNIIPWersja><sln:miejscNIdTeryt>0198226</sln:miejscNIdTeryt><sln:miejscNNazwa>Saczyn</sln:miejscNNazwa><sln:miejscNRodzaj>Wieś</sln:miejscNRodzaj><sln:miejscNazwa>Hodyły</sln:miejscNazwa><sln:miejscRodzaj>Przysiółek</sln:miejscRodzaj><sln:powIIPId>a84ca93c-4ad8-494d-95a7-8b1a8c4d4517</sln:powIIPId><sln:powIIPPn>PL.PZGIK.200</sln:powIIPPn><sln:powIIPWersja>2012-09-27T08:59:03+02:00</sln:powIIPWersja><sln:powIdTeryt>3007</sln:powIdTeryt><sln:powNazwa>kaliski</sln:powNazwa><sln:wojIIPId>c606b01a-76c8-480d-9470-f24ca0d7a613</sln:wojIIPId><sln:wojIIPPn>PL.PZGIK.200</sln:wojIIPPn><sln:wojIIPWersja>2016-05-05T18:20:48+02:00</sln:wojIIPWersja><sln:wojIdTeryt>30</sln:wojIdTeryt><sln:wojNazwa>wielkopolskie</sln:wojNazwa></sln:miejscowosc><sln:miejscowosc><sln:cyklZyciaDo>2018-02-20T00:00:00+01:00</sln:cyklZyciaDo><sln:cyklZyciaOd>2016-11-27T00:00:00+01:00</sln:cyklZyciaOd><sln:gmIIPId>92d99072-27d6-4c4c-81c7-94716ec18d9f</sln:gmIIPId><sln:gmIIPPn>PL.PZGIK.200</sln:gmIIPPn><sln:gmIIPWersja>2012-09-26T22:24:38+02:00</sln:gmIIPWersja><sln:gmIdTeryt>3007042</sln:gmIdTeryt><sln:gmNazwa>Godziesze Wielkie</sln:gmNazwa><sln:miejscIIPId>8c009634-0f49-4b96-9ea0-3901a69e88c9</sln:miejscIIPId><sln:miejscIIPPn>PL.PZGIK.200</sln:miejscIIPPn><sln:miejscIIPWersja>2016-11-27T17:40:33+02:00</sln:miejscIIPWersja><sln:miejscIdTeryt>5001951</sln:miejscIdTeryt><sln:miejscNIIPId>c2e5a97b-8f0e-4090-a00f-35766f404014</sln:miejscNIIPId><sln:miejscNIIPPn>PL.PZGIK.200</sln:miejscNIIPPn><sln:miejscNIIPWersja>2016-11-27T17:40:31+02:00</sln:miejscNIIPWersja><sln:miejscNIdTeryt>0198338</sln:miejscNIdTeryt><sln:miejscNNazwa>Zajączki Bankowe</sln:miejscNNazwa><sln:miejscNRodzaj>Wieś</sln:miejscNRodzaj><sln:miejscNazwa>Kolonia Jarychy</sln:miejscNazwa><sln:miejscRodzaj>Przysiółek</sln:miejscRodzaj><sln:powIIPId>a84ca93c-4ad8-494d-95a7-8b1a8c4d4517</sln:powIIPId><sln:powIIPPn>PL.PZGIK.200</sln:powIIPPn><sln:powIIPWersja>2012-09-27T08:59:03+02:00</sln:powIIPWersja><sln:powIdTeryt>3007</sln:powIdTeryt><sln:powNazwa>kaliski</sln:powNazwa><sln:wojIIPId>c606b01a-76c8-480d-9470-f24ca0d7a613</sln:wojIIPId><sln:wojIIPPn>PL.PZGIK.200</sln:wojIIPPn><sln:wojIIPWersja>2016-05-05T18:20:48+02:00</sln:wojIIPWersja><sln:wojIdTeryt>30</sln:wojIdTeryt><sln:wojNazwa>wielkopolskie</sln:wojNazwa></sln:miejscowosc><sln:miejscowosc><sln:cyklZyciaDo>2018-02-20T00:00:00+01:00</sln:cyklZyciaDo><sln:cyklZyciaOd>2016-11-27T00:00:00+01:00</sln:cyklZyciaOd><sln:gmIIPId>92d99072-27d6-4c4c-81c7-94716ec18d9f</sln:gmIIPId><sln:gmIIPPn>PL.PZGIK.200</sln:gmIIPPn><sln:gmIIPWersja>2012-09-26T22:24:38+02:00</sln:gmIIPWersja><sln:gmIdTeryt>3007042</sln:gmIdTeryt><sln:gmNazwa>Godziesze Wielkie</sln:gmNazwa><sln:miejscIIPId>5fa4bfb3-c164-41fe-b47f-a14be7389919</sln:miejscIIPId><sln:miejscIIPPn>PL.PZGIK.200</sln:miejscIIPPn><sln:miejscIIPWersja>2016-11-27T17:40:33+02:00</sln:miejscIIPWersja><sln:miejscIdTeryt>5002021</sln:miejscIdTeryt><sln:miejscNIIPId>998278bc-e07e-43fa-8b19-e77ab6ccf5c2</sln:miejscNIIPId><sln:miejscNIIPPn>PL.PZGIK.200</sln:miejscNIIPPn><sln:miejscNIIPWersja>2016-11-27T17:40:31+02:00</sln:miejscNIIPWersja><sln:miejscNIdTeryt>0198108</sln:miejscNIdTeryt><sln:miejscNNazwa>Godziesze Małe</sln:miejscNNazwa><sln:miejscNRodzaj>Wieś</sln:miejscNRodzaj><sln:miejscNazwa>Białoszka</sln:miejscNazwa><sln:miejscRodzaj>Przysiółek</sln:miejscRodzaj><sln:powIIPId>a84ca93c-4ad8-494d-95a7-8b1a8c4d4517</sln:powIIPId><sln:powIIPPn>PL.PZGIK.200</sln:powIIPPn><sln:powIIPWersja>2012-09-27T08:59:03+02:00</sln:powIIPWersja><sln:powIdTeryt>3007</sln:powIdTeryt><sln:powNazwa>kaliski</sln:powNazwa><sln:wojIIPId>c606b01a-76c8-480d-9470-f24ca0d7a613</sln:wojIIPId><sln:wojIIPPn>PL.PZGIK.200</sln:wojIIPPn><sln:wojIIPWersja>2016-05-05T18:20:48+02:00</sln:wojIIPWersja><sln:wojIdTeryt>30</sln:wojIdTeryt><sln:wojNazwa>wielkopolskie</sln:wojNazwa></sln:miejscowosc><sln:miejscowosc><sln:cyklZyciaDo>2018-02-20T00:00:00+01:00</sln:cyklZyciaDo><sln:cyklZyciaOd>2016-11-27T00:00:00+01:00</sln:cyklZyciaOd><sln:gmIIPId>92d99072-27d6-4c4c-81c7-94716ec18d9f</sln:gmIIPId><sln:gmIIPPn>PL.PZGIK.200</sln:gmIIPPn><sln:gmIIPWersja>2012-09-26T22:24:38+02:00</sln:gmIIPWersja><sln:gmIdTeryt>3007042</sln:gmIdTeryt><sln:gmNazwa>Godziesze Wielkie</sln:gmNazwa><sln:miejscIIPId>4ada3dc4-597e-4318-afe6-69a5a9a2b0bf</sln:miejscIIPId><sln:miejscIIPPn>PL.PZGIK.200</sln:miejscIIPPn><sln:miejscIIPWersja>2016-11-27T17:40:33+02:00</sln:miejscIIPWersja><sln:miejscIdTeryt>5002395</sln:miejscIdTeryt><sln:miejscNIIPId>50837b38-917d-404f-8d78-f23fca7c86af</sln:miejscNIIPId><sln:miejscNIIPPn>PL.PZGIK.200</sln:miejscNIIPPn><sln:miejscNIIPWersja>2016-11-27T17:40:32+02:00</sln:miejscNIIPWersja><sln:miejscNIdTeryt>0198226</sln:miejscNIdTeryt><sln:miejscNNazwa>Saczyn</sln:miejscNNazwa><sln:miejscNRodzaj>Wieś</sln:miejscNRodzaj><sln:miejscNazwa>Lisie Jamki</sln:miejscNazwa><sln:miejscRodzaj>Przysiółek</sln:miejscRodzaj><sln:powIIPId>a84ca93c-4ad8-494d-95a7-8b1a8c4d4517</sln:powIIPId><sln:powIIPPn>PL.PZGIK.200</sln:powIIPPn><sln:powIIPWersja>2012-09-27T08:59:03+02:00</sln:powIIPWersja><sln:powIdTeryt>3007</sln:powIdTeryt><sln:powNazwa>kaliski</sln:powNazwa><sln:wojIIPId>c606b01a-76c8-480d-9470-f24ca0d7a613</sln:wojIIPId><sln:wojIIPPn>PL.PZGIK.200</sln:wojIIPPn><sln:wojIIPWersja>2016-05-05T18:20:48+02:00</sln:wojIIPWersja><sln:wojIdTeryt>30</sln:wojIdTeryt><sln:wojNazwa>wielkopolskie</sln:wojNazwa></sln:miejscowosc><sln:miejscowosc><sln:cyklZyciaDo>2018-02-20T00:00:00+01:00</sln:cyklZyciaDo><sln:cyklZyciaOd>2016-11-27T00:00:00+01:00</sln:cyklZyciaOd><sln:gmIIPId>92d99072-27d6-4c4c-81c7-94716ec18d9f</sln:gmIIPId><sln:gmIIPPn>PL.PZGIK.200</sln:gmIIPPn><sln:gmIIPWersja>2012-09-26T22:24:38+02:00</sln:gmIIPWersja><sln:gmIdTeryt>3007042</sln:gmIdTeryt><sln:gmNazwa>Godziesze Wielkie</sln:gmNazwa><sln:miejscIIPId>f541ea9b-5eaa-4e48-9226-d65429d5b26b</sln:miejscIIPId><sln:miejscIIPPn>PL.PZGIK.200</sln:miejscIIPPn><sln:miejscIIPWersja>2016-11-27T17:40:33+02:00</sln:miejscIIPWersja><sln:miejscIdTeryt>5002154</sln:miejscIdTeryt><sln:miejscNIIPId>50837b38-917d-404f-8d78-f23fca7c86af</sln:miejscNIIPId><sln:miejscNIIPPn>PL.PZGIK.200</sln:miejscNIIPPn><sln:miejscNIIPWersja>2016-11-27T17:40:32+02:00</sln:miejscNIIPWersja><sln:miejscNIdTeryt>0198226</sln:miejscNIdTeryt><sln:miejscNNazwa>Saczyn</sln:miejscNNazwa><sln:miejscNRodzaj>Wieś</sln:miejscNRodzaj><sln:miejscNazwa>Komorniki</sln:miejscNazwa><sln:miejscRodzaj>Przysiółek</sln:miejscRodzaj><sln:powIIPId>a84ca93c-4ad8-494d-95a7-8b1a8c4d4517</sln:powIIPId><sln:powIIPPn>PL.PZGIK.200</sln:powIIPPn><sln:powIIPWersja>2012-09-27T08:59:03+02:00</sln:powIIPWersja><sln:powIdTeryt>3007</sln:powIdTeryt><sln:powNazwa>kaliski</sln:powNazwa><sln:wojIIPId>c606b01a-76c8-480d-9470-f24ca0d7a613</sln:wojIIPId><sln:wojIIPPn>PL.PZGIK.200</sln:wojIIPPn><sln:wojIIPWersja>2016-05-05T18:20:48+02:00</sln:wojIIPWersja><sln:wojIdTeryt>30</sln:wojIdTeryt><sln:wojNazwa>wielkopolskie</sln:wojNazwa></sln:miejscowosc><sln:miejscowosc><sln:cyklZyciaDo>2018-02-20T00:00:00+01:00</sln:cyklZyciaDo><sln:cyklZyciaOd>2016-11-27T00:00:00+01:00</sln:cyklZyciaOd><sln:gmIIPId>92d99072-27d6-4c4c-81c7-94716ec18d9f</sln:gmIIPId><sln:gmIIPPn>PL.PZGIK.200</sln:gmIIPPn><sln:gmIIPWersja>2012-09-26T22:24:38+02:00</sln:gmIIPWersja><sln:gmIdTeryt>3007042</sln:gmIdTeryt><sln:gmNazwa>Godziesze Wielkie</sln:gmNazwa><sln:miejscIIPId>26b6afd9-bb9e-46b8-941d-61e35a4c6eb8</sln:miejscIIPId><sln:miejscIIPPn>PL.PZGIK.200</sln:miejscIIPPn><sln:miejscIIPWersja>2016-11-27T17:40:33+02:00</sln:miejscIIPWersja><sln:miejscIdTeryt>0198321</sln:miejscIdTeryt><sln:miejscNIIPId>5a4e4672-bdf5-4fa5-b7a6-b94e58870402</sln:miejscNIIPId><sln:miejscNIIPPn>PL.PZGIK.200</sln:miejscNIIPPn><sln:miejscNIIPWersja>2016-11-27T17:40:31+02:00</sln:miejscNIIPWersja><sln:miejscNIdTeryt>0198315</sln:miejscNIdTeryt><sln:miejscNNazwa>Zadowice</sln:miejscNNazwa><sln:miejscNRodzaj>Wieś</sln:miejscNRodzaj><sln:miejscNazwa>Jeziorko-Leśniczówka</sln:miejscNazwa><sln:miejscRodzaj>Inny obiekt</sln:miejscRodzaj><sln:powIIPId>a84ca93c-4ad8-494d-95a7-8b1a8c4d4517</sln:powIIPId><sln:powIIPPn>PL.PZGIK.200</sln:powIIPPn><sln:powIIPWersja>2012-09-27T08:59:03+02:00</sln:powIIPWersja><sln:powIdTeryt>3007</sln:powIdTeryt><sln:powNazwa>kaliski</sln:powNazwa><sln:wojIIPId>c606b01a-76c8-480d-9470-f24ca0d7a613</sln:wojIIPId><sln:wojIIPPn>PL.PZGIK.200</sln:wojIIPPn><sln:wojIIPWersja>2016-05-05T18:20:48+02:00</sln:wojIIPWersja><sln:wojIdTeryt>30</sln:wojIdTeryt><sln:wojNazwa>wielkopolskie</sln:wojNazwa></sln:miejscowosc><sln:miejscowosc><sln:cyklZyciaDo>2018-02-20T00:00:00+01:00</sln:cyklZyciaDo><sln:cyklZyciaOd>2016-11-27T00:00:00+01:00</sln:cyklZyciaOd><sln:gmIIPId>92d99072-27d6-4c4c-81c7-94716ec18d9f</sln:gmIIPId><sln:gmIIPPn>PL.PZGIK.200</sln:gmIIPPn><sln:gmIIPWersja>2012-09-26T22:24:38+02:00</sln:gmIIPWersja><sln:gmIdTeryt>3007042</sln:gmIdTeryt><sln:gmNazwa>Godziesze Wielkie</sln:gmNazwa><sln:miejscIIPId>cbae1d38-96a3-47c7-b628-d6506d24251e</sln:miejscIIPId><sln:miejscIIPPn>PL.PZGIK.200</sln:miejscIIPPn><sln:miejscIIPWersja>2016-11-27T17:40:33+02:00</sln:miejscIIPWersja><sln:miejscIdTeryt>0198278</sln:miejscIdTeryt><sln:miejscNIIPId>a0e6f9a2-3492-460c-a611-665dfb08f845</sln:miejscNIIPId><sln:miejscNIIPPn>PL.PZGIK.200</sln:miejscNIIPPn><sln:miejscNIIPWersja>2016-11-27T17:40:31+02:00</sln:miejscNIIPWersja><sln:miejscNIdTeryt>0198261</sln:miejscNIdTeryt><sln:miejscNNazwa>Stobno Siódme</sln:miejscNNazwa><sln:miejscNRodzaj>Wieś</sln:miejscNRodzaj><sln:miejscNazwa>Stobno Szóste</sln:miejscNazwa><sln:miejscRodzaj>Część wsi</sln:miejscRodzaj><sln:powIIPId>a84ca93c-4ad8-494d-95a7-8b1a8c4d4517</sln:powIIPId><sln:powIIPPn>PL.PZGIK.200</sln:powIIPPn><sln:powIIPWersja>2012-09-27T08:59:03+02:00</sln:powIIPWersja><sln:powIdTeryt>3007</sln:powIdTeryt><sln:powNazwa>kaliski</sln:powNazwa><sln:wojIIPId>c606b01a-76c8-480d-9470-f24ca0d7a613</sln:wojIIPId><sln:wojIIPPn>PL.PZGIK.200</sln:wojIIPPn><sln:wojIIPWersja>2016-05-05T18:20:48+02:00</sln:wojIIPWersja><sln:wojIdTeryt>30</sln:wojIdTeryt><sln:wojNazwa>wielkopolskie</sln:wojNazwa></sln:miejscowosc><sln:miejscowosc><sln:cyklZyciaDo>2018-02-20T00:00:00+01:00</sln:cyklZyciaDo><sln:cyklZyciaOd>2016-11-27T00:00:00+01:00</sln:cyklZyciaOd><sln:gmIIPId>92d99072-27d6-4c4c-81c7-94716ec18d9f</sln:gmIIPId><sln:gmIIPPn>PL.PZGIK.200</sln:gmIIPPn><sln:gmIIPWersja>2012-09-26T22:24:38+02:00</sln:gmIIPWersja><sln:gmIdTeryt>3007042</sln:gmIdTeryt><sln:gmNazwa>Godziesze Wielkie</sln:gmNazwa><sln:miejscIIPId>2c65fe7d-ae5f-48e2-b4f4-ffc383e23bfc</sln:miejscIIPId><sln:miejscIIPPn>PL.PZGIK.200</sln:miejscIIPPn><sln:miejscIIPWersja>2016-11-27T17:40:33+02:00</sln:miejscIIPWersja><sln:miejscIdTeryt>0198166</sln:miejscIdTeryt><sln:miejscNIIPId>27f3ea8a-4ca5-4b24-a1dc-0c947583046c</sln:miejscNIIPId><sln:miejscNIIPPn>PL.PZGIK.200</sln:miejscNIIPPn><sln:miejscNIIPWersja>2016-11-27T17:40:32+02:00</sln:miejscNIIPWersja><sln:miejscNIdTeryt>0198150</sln:miejscNIdTeryt><sln:miejscNNazwa>Kakawa-Kolonia</sln:miejscNNazwa><sln:miejscNRodzaj>Wieś</sln:miejscNRodzaj><sln:miejscNazwa>Kolano-Świerczyna</sln:miejscNazwa><sln:miejscRodzaj>Część wsi</sln:miejscRodzaj><sln:powIIPId>a84ca93c-4ad8-494d-95a7-8b1a8c4d4517</sln:powIIPId><sln:powIIPPn>PL.PZGIK.200</sln:powIIPPn><sln:powIIPWersja>2012-09-27T08:59:03+02:00</sln:powIIPWersja><sln:powIdTeryt>3007</sln:powIdTeryt><sln:powNazwa>kaliski</sln:powNazwa><sln:wojIIPId>c606b01a-76c8-480d-9470-f24ca0d7a613</sln:wojIIPId><sln:wojIIPPn>PL.PZGIK.200</sln:wojIIPPn><sln:wojIIPWersja>2016-05-05T18:20:48+02:00</sln:wojIIPWersja><sln:wojIdTeryt>30</sln:wojIdTeryt><sln:wojNazwa>wielkopolskie</sln:wojNazwa></sln:miejscowosc><sln:miejscowosc><sln:cyklZyciaDo>2018-02-20T00:00:00+01:00</sln:cyklZyciaDo><sln:cyklZyciaOd>2016-11-27T00:00:00+01:00</sln:cyklZyciaOd><sln:gmIIPId>92d99072-27d6-4c4c-81c7-94716ec18d9f</sln:gmIIPId><sln:gmIIPPn>PL.PZGIK.200</sln:gmIIPPn><sln:gmIIPWersja>2012-09-26T22:24:38+02:00</sln:gmIIPWersja><sln:gmIdTeryt>3007042</sln:gmIdTeryt><sln:gmNazwa>Godziesze Wielkie</sln:gmNazwa><sln:miejscIIPId>a7ff23b4-6804-4447-b1df-62835c2130e4</sln:miejscIIPId><sln:miejscIIPPn>PL.PZGIK.200</sln:miejscIIPPn><sln:miejscIIPWersja>2016-11-27T17:40:33+02:00</sln:miejscIIPWersja><sln:miejscIdTeryt>5000022</sln:miejscIdTeryt><sln:miejscNIIPId>5e9310b7-15f3-4042-81de-5131864eeea2</sln:miejscNIIPId><sln:miejscNIIPPn>PL.PZGIK.200</sln:miejscNIIPPn><sln:miejscNIIPWersja>2016-11-27T17:40:31+02:00</sln:miejscNIIPWersja><sln:miejscNIdTeryt>0198255</sln:miejscNIdTeryt><sln:miejscNNazwa>Stobno</sln:miejscNNazwa><sln:miejscNRodzaj>Wieś</sln:miejscNRodzaj><sln:miejscNazwa>Piniowo</sln:miejscNazwa><sln:miejscRodzaj>Przysiółek</sln:miejscRodzaj><sln:powIIPId>a84ca93c-4ad8-494d-95a7-8b1a8c4d4517</sln:powIIPId><sln:powIIPPn>PL.PZGIK.200</sln:powIIPPn><sln:powIIPWersja>2012-09-27T08:59:03+02:00</sln:powIIPWersja><sln:powIdTeryt>3007</sln:powIdTeryt><sln:powNazwa>kaliski</sln:powNazwa><sln:wojIIPId>c606b01a-76c8-480d-9470-f24ca0d7a613</sln:wojIIPId><sln:wojIIPPn>PL.PZGIK.200</sln:wojIIPPn><sln:wojIIPWersja>2016-05-05T18:20:48+02:00</sln:wojIIPWersja><sln:wojIdTeryt>30</sln:wojIdTeryt><sln:wojNazwa>wielkopolskie</sln:wojNazwa></sln:miejscowosc><sln:miejscowosc><sln:cyklZyciaDo>2018-02-20T00:00:00+01:00</sln:cyklZyciaDo><sln:cyklZyciaOd>2016-11-27T00:00:00+01:00</sln:cyklZyciaOd><sln:gmIIPId>92d99072-27d6-4c4c-81c7-94716ec18d9f</sln:gmIIPId><sln:gmIIPPn>PL.PZGIK.200</sln:gmIIPPn><sln:gmIIPWersja>2012-09-26T22:24:38+02:00</sln:gmIIPWersja><sln:gmIdTeryt>3007042</sln:gmIdTeryt><sln:gmNazwa>Godziesze Wielkie</sln:gmNazwa><sln:miejscIIPId>a4af7161-1bef-45b0-a229-ef690c0f4029</sln:miejscIIPId><sln:miejscIIPPn>PL.PZGIK.200</sln:miejscIIPPn><sln:miejscIIPWersja>2016-11-27T17:40:33+02:00</sln:miejscIIPWersja><sln:miejscIdTeryt>5000083</sln:miejscIdTeryt><sln:miejscNIIPId>70e6f7b7-644c-44c9-ab25-6c26539e0c1a</sln:miejscNIIPId><sln:miejscNIIPPn>PL.PZGIK.200</sln:miejscNIIPPn><sln:miejscNIIPWersja>2016-11-27T17:40:31+02:00</sln:miejscNIIPWersja><sln:miejscNIdTeryt>0198309</sln:miejscNIdTeryt><sln:miejscNNazwa>Wolica</sln:miejscNNazwa><sln:miejscNRodzaj>Wieś</sln:miejscNRodzaj><sln:miejscNazwa>Podlas</sln:miejscNazwa><sln:miejscRodzaj>Przysiółek</sln:miejscRodzaj><sln:powIIPId>a84ca93c-4ad8-494d-95a7-8b1a8c4d4517</sln:powIIPId><sln:powIIPPn>PL.PZGIK.200</sln:powIIPPn><sln:powIIPWersja>2012-09-27T08:59:03+02:00</sln:powIIPWersja><sln:powIdTeryt>3007</sln:powIdTeryt><sln:powNazwa>kaliski</sln:powNazwa><sln:wojIIPId>c606b01a-76c8-480d-9470-f24ca0d7a613</sln:wojIIPId><sln:wojIIPPn>PL.PZGIK.200</sln:wojIIPPn><sln:wojIIPWersja>2016-05-05T18:20:48+02:00</sln:wojIIPWersja><sln:wojIdTeryt>30</sln:wojIdTeryt><sln:wojNazwa>wielkopolskie</sln:wojNazwa></sln:miejscowosc><sln:miejscowosc><sln:cyklZyciaDo>2018-02-20T00:00:00+01:00</sln:cyklZyciaDo><sln:cyklZyciaOd>2016-11-27T00:00:00+01:00</sln:cyklZyciaOd><sln:gmIIPId>92d99072-27d6-4c4c-81c7-94716ec18d9f</sln:gmIIPId><sln:gmIIPPn>PL.PZGIK.200</sln:gmIIPPn><sln:gmIIPWersja>2012-09-26T22:24:38+02:00</sln:gmIIPWersja><sln:gmIdTeryt>3007042</sln:gmIdTeryt><sln:gmNazwa>Godziesze Wielkie</sln:gmNazwa><sln:miejscIIPId>227c4769-a017-406c-b067-3da09a8fc0f0</sln:miejscIIPId><sln:miejscIIPPn>PL.PZGIK.200</sln:miejscIIPPn><sln:miejscIIPWersja>2016-11-27T17:40:33+02:00</sln:miejscIIPWersja><sln:miejscIdTeryt>5000221</sln:miejscIdTeryt><sln:miejscNIIPId>50837b38-917d-404f-8d78-f23fca7c86af</sln:miejscNIIPId><sln:miejscNIIPPn>PL.PZGIK.200</sln:miejscNIIPPn><sln:miejscNIIPWersja>2016-11-27T17:40:32+02:00</sln:miejscNIIPWersja><sln:miejscNIdTeryt>0198226</sln:miejscNIdTeryt><sln:miejscNNazwa>Saczyn</sln:miejscNNazwa><sln:miejscNRodzaj>Wieś</sln:miejscNRodzaj><sln:miejscNazwa>Pustkowie</sln:miejscNazwa><sln:miejscRodzaj>Przysiółek</sln:miejscRodzaj><sln:powIIPId>a84ca93c-4ad8-494d-95a7-8b1a8c4d4517</sln:powIIPId><sln:powIIPPn>PL.PZGIK.200</sln:powIIPPn><sln:powIIPWersja>2012-09-27T08:59:03+02:00</sln:powIIPWersja><sln:powIdTeryt>3007</sln:powIdTeryt><sln:powNazwa>kaliski</sln:powNazwa><sln:wojIIPId>c606b01a-76c8-480d-9470-f24ca0d7a613</sln:wojIIPId><sln:wojIIPPn>PL.PZGIK.200</sln:wojIIPPn><sln:wojIIPWersja>2016-05-05T18:20:48+02:00</sln:wojIIPWersja><sln:wojIdTeryt>30</sln:wojIdTeryt><sln:wojNazwa>wielkopolskie</sln:wojNazwa></sln:miejscowosc><sln:miejscowosc><sln:cyklZyciaDo>2018-02-20T00:00:00+01:00</sln:cyklZyciaDo><sln:cyklZyciaOd>2016-11-27T00:00:00+01:00</sln:cyklZyciaOd><sln:gmIIPId>92d99072-27d6-4c4c-81c7-94716ec18d9f</sln:gmIIPId><sln:gmIIPPn>PL.PZGIK.200</sln:gmIIPPn><sln:gmIIPWersja>2012-09-26T22:24:38+02:00</sln:gmIIPWersja><sln:gmIdTeryt>3007042</sln:gmIdTeryt><sln:gmNazwa>Godziesze Wielkie</sln:gmNazwa><sln:miejscIIPId>ffba1f60-5c54-4455-badc-d67f6cfc3f69</sln:miejscIIPId><sln:miejscIIPPn>PL.PZGIK.200</sln:miejscIIPPn><sln:miejscIIPWersja>2016-11-27T17:40:33+02:00</sln:miejscIIPWersja><sln:miejscIdTeryt>5000320</sln:miejscIdTeryt><sln:miejscNIIPId>5e9310b7-15f3-4042-81de-5131864eeea2</sln:miejscNIIPId><sln:miejscNIIPPn>PL.PZGIK.200</sln:miejscNIIPPn><sln:miejscNIIPWersja>2016-11-27T17:40:31+02:00</sln:miejscNIIPWersja><sln:miejscNIdTeryt>0198255</sln:miejscNIdTeryt><sln:miejscNNazwa>Stobno</sln:miejscNNazwa><sln:miejscNRodzaj>Wieś</sln:miejscNRodzaj><sln:miejscNazwa>Rudno</sln:miejscNazwa><sln:miejscRodzaj>Przysiółek</sln:miejscRodzaj><sln:powIIPId>a84ca93c-4ad8-494d-95a7-8b1a8c4d4517</sln:powIIPId><sln:powIIPPn>PL.PZGIK.200</sln:powIIPPn><sln:powIIPWersja>2012-09-27T08:59:03+02:00</sln:powIIPWersja><sln:powIdTeryt>3007</sln:powIdTeryt><sln:powNazwa>kaliski</sln:powNazwa><sln:wojIIPId>c606b01a-76c8-480d-9470-f24ca0d7a613</sln:wojIIPId><sln:wojIIPPn>PL.PZGIK.200</sln:wojIIPPn><sln:wojIIPWersja>2016-05-05T18:20:48+02:00</sln:wojIIPWersja><sln:wojIdTeryt>30</sln:wojIdTeryt><sln:wojNazwa>wielkopolskie</sln:wojNazwa></sln:miejscowosc></sln:lista-miejscowosci>