<?xml version="1.0" encoding="UTF-8" standalone="yes"?><sln:lista-miejscowosci xmlns:srv="http://gugik.gov.pl/schemas/slowniki-service/1.0" xmlns:sln="http://gugik.gov.pl/schemas/slowniki-schema/1.0"><sln:miejscowosc><sln:cyklZyciaDo>2017-03-30T00:00:00+02:00</sln:cyklZyciaDo><sln:cyklZyciaOd>2015-06-09T00:00:00+02:00</sln:cyklZyciaOd><sln:gmIIPId>56b3b502-34e0-49ea-b4d6-9b64e1373d22</sln:gmIIPId><sln:gmIIPPn>PL.PZGIK.200</sln:gmIIPPn><sln:gmIIPWersja>2012-09-26T22:23:02+02:00</sln:gmIIPWersja><sln:gmIdTeryt>3021021</sln:gmIdTeryt><sln:gmNazwa>Puszczykowo</sln:gmNazwa><sln:miejscIIPId>24325822-2668-43a0-8c67-8895e161987c</sln:miejscIIPId><sln:miejscIIPPn>PL.PZGIK.200</sln:miejscIIPPn><sln:miejscIIPWersja>2016-11-24T13:17:47+02:00</sln:miejscIIPWersja><sln:miejscIdTeryt>0971376</sln:miejscIdTeryt><sln:miejscNazwa>Puszczykowo</sln:miejscNazwa><sln:miejscRodzaj>Miasto</sln:miejscRodzaj><sln:powIIPId>f5c4ac99-7db7-4d8d-a453-e88e9942fbad</sln:powIIPId><sln:powIIPPn>PL.PZGIK.200</sln:powIIPPn><sln:powIIPWersja>2012-09-27T08:59:03+02:00</sln:powIIPWersja><sln:powIdTeryt>3021</sln:powIdTeryt><sln:powNazwa>poznański</sln:powNazwa><sln:waznyOd>2009-11-05T00:00:00+01:00</sln:waznyOd><sln:wojIIPId>c606b01a-76c8-480d-9470-f24ca0d7a613</sln:wojIIPId><sln:wojIIPPn>PL.PZGIK.200</sln:wojIIPPn><sln:wojIIPWersja>2016-05-05T18:20:48+02:00</sln:wojIIPWersja><sln:wojIdTeryt>30</sln:wojIdTeryt><sln:wojNazwa>wielkopolskie</sln:wojNazwa></sln:miejscowosc><sln:miejscowosc><sln:cyklZyciaOd>2017-03-30T00:00:00+02:00</sln:cyklZyciaOd><sln:gmIIPId>56b3b502-34e0-49ea-b4d6-9b64e1373d22</sln:gmIIPId><sln:gmIIPPn>PL.PZGIK.200</sln:gmIIPPn><sln:gmIIPWersja>2012-09-26T22:23:02+02:00</sln:gmIIPWersja><sln:gmIdTeryt>3021021</sln:gmIdTeryt><sln:gmNazwa>Puszczykowo</sln:gmNazwa><sln:miejscIIPId>24325822-2668-43a0-8c67-8895e161987c</sln:miejscIIPId><sln:miejscIIPPn>PL.PZGIK.200</sln:miejscIIPPn><sln:miejscIIPWersja>2017-03-30T08:38:39+02:00</sln:miejscIIPWersja><sln:miejscIdTeryt>0971376</sln:miejscIdTeryt><sln:miejscNazwa>Puszczykowo</sln:miejscNazwa><sln:miejscRodzaj>Miasto</sln:miejscRodzaj><sln:powIIPId>f5c4ac99-7db7-4d8d-a453-e88e9942fbad</sln:powIIPId><sln:powIIPPn>PL.PZGIK.200</sln:powIIPPn><sln:powIIPWersja>2012-09-27T08:59:03+02:00</sln:powIIPWersja><sln:powIdTeryt>3021</sln:powIdTeryt><sln:powNazwa>poznański</sln:powNazwa><sln:waznyOd>2009-11-05T00:00:00+01:00</sln:waznyOd><sln:wojIIPId>c606b01a-76c8-480d-9470-f24ca0d7a613</sln:wojIIPId><sln:wojIIPPn>PL.PZGIK.200</sln:wojIIPPn><sln:wojIIPWersja>2016-05-05T18:20:48+02:00</sln:wojIIPWersja><sln:wojIdTeryt>30</sln:wojIdTeryt><sln:wojNazwa>wielkopolskie</sln:wojNazwa></sln:miejscowosc></sln:lista-miejscowosci>