<?xml version="1.0" encoding="UTF-8" standalone="yes"?><sln:lista-miejscowosci xmlns:srv="http://gugik.gov.pl/schemas/slowniki-service/1.0" xmlns:sln="http://gugik.gov.pl/schemas/slowniki-schema/1.0"><sln:miejscowosc><sln:cyklZyciaDo>2017-03-31T00:00:00+02:00</sln:cyklZyciaDo><sln:cyklZyciaOd>2016-01-12T00:00:00+01:00</sln:cyklZyciaOd><sln:gmIIPId>87943350-7ba3-4616-9f6e-e3391141321c</sln:gmIIPId><sln:gmIIPPn>PL.PZGIK.200</sln:gmIIPPn><sln:gmIIPWersja>2012-09-26T22:22:23+02:00</sln:gmIIPWersja><sln:gmIdTeryt>3001053</sln:gmIdTeryt><sln:gmNazwa>Szamocin</sln:gmNazwa><sln:miejscIIPId>8ef2c846-47e9-4537-85f0-2229c79db31b</sln:miejscIIPId><sln:miejscIIPPn>PL.PZGIK.200</sln:miejscIIPPn><sln:miejscIIPWersja>2016-11-24T11:03:24+02:00</sln:miejscIIPWersja><sln:miejscIdTeryt>0529657</sln:miejscIdTeryt><sln:miejscNazwa>Antoniny</sln:miejscNazwa><sln:miejscRodzaj>Wieś</sln:miejscRodzaj><sln:powIIPId>9412ef04-6c6b-448a-9f10-c15e17808f12</sln:powIIPId><sln:powIIPPn>PL.PZGIK.200</sln:powIIPPn><sln:powIIPWersja>2012-09-27T08:59:03+02:00</sln:powIIPWersja><sln:powIdTeryt>3001</sln:powIdTeryt><sln:powNazwa>chodzieski</sln:powNazwa><sln:waznyOd>2013-07-02T00:00:00+02:00</sln:waznyOd><sln:wojIIPId>c606b01a-76c8-480d-9470-f24ca0d7a613</sln:wojIIPId><sln:wojIIPPn>PL.PZGIK.200</sln:wojIIPPn><sln:wojIIPWersja>2016-05-05T18:20:48+02:00</sln:wojIIPWersja><sln:wojIdTeryt>30</sln:wojIdTeryt><sln:wojNazwa>wielkopolskie</sln:wojNazwa></sln:miejscowosc><sln:miejscowosc><sln:cyklZyciaDo>2017-03-31T00:00:00+02:00</sln:cyklZyciaDo><sln:cyklZyciaOd>2016-01-12T00:00:00+01:00</sln:cyklZyciaOd><sln:gmIIPId>87943350-7ba3-4616-9f6e-e3391141321c</sln:gmIIPId><sln:gmIIPPn>PL.PZGIK.200</sln:gmIIPPn><sln:gmIIPWersja>2012-09-26T22:22:23+02:00</sln:gmIIPWersja><sln:gmIdTeryt>3001053</sln:gmIdTeryt><sln:gmNazwa>Szamocin</sln:gmNazwa><sln:miejscIIPId>9a10c0ff-fd68-4ada-9c86-a7861000c40c</sln:miejscIIPId><sln:miejscIIPPn>PL.PZGIK.200</sln:miejscIIPPn><sln:miejscIIPWersja>2016-11-24T11:03:24+02:00</sln:miejscIIPWersja><sln:miejscIdTeryt>0529522</sln:miejscIdTeryt><sln:miejscNazwa>Atanazyn</sln:miejscNazwa><sln:miejscRodzaj>Wieś</sln:miejscRodzaj><sln:powIIPId>9412ef04-6c6b-448a-9f10-c15e17808f12</sln:powIIPId><sln:powIIPPn>PL.PZGIK.200</sln:powIIPPn><sln:powIIPWersja>2012-09-27T08:59:03+02:00</sln:powIIPWersja><sln:powIdTeryt>3001</sln:powIdTeryt><sln:powNazwa>chodzieski</sln:powNazwa><sln:waznyOd>2013-06-28T00:00:00+02:00</sln:waznyOd><sln:wojIIPId>c606b01a-76c8-480d-9470-f24ca0d7a613</sln:wojIIPId><sln:wojIIPPn>PL.PZGIK.200</sln:wojIIPPn><sln:wojIIPWersja>2016-05-05T18:20:48+02:00</sln:wojIIPWersja><sln:wojIdTeryt>30</sln:wojIdTeryt><sln:wojNazwa>wielkopolskie</sln:wojNazwa></sln:miejscowosc><sln:miejscowosc><sln:cyklZyciaDo>2017-03-31T00:00:00+02:00</sln:cyklZyciaDo><sln:cyklZyciaOd>2016-01-12T00:00:00+01:00</sln:cyklZyciaOd><sln:gmIIPId>87943350-7ba3-4616-9f6e-e3391141321c</sln:gmIIPId><sln:gmIIPPn>PL.PZGIK.200</sln:gmIIPPn><sln:gmIIPWersja>2012-09-26T22:22:23+02:00</sln:gmIIPWersja><sln:gmIdTeryt>3001053</sln:gmIdTeryt><sln:gmNazwa>Szamocin</sln:gmNazwa><sln:miejscIIPId>075acb27-51ed-4722-ab80-bcbc7f555a6c</sln:miejscIIPId><sln:miejscIIPPn>PL.PZGIK.200</sln:miejscIIPPn><sln:miejscIIPWersja>2016-11-24T11:03:24+02:00</sln:miejscIIPWersja><sln:miejscIdTeryt>0529539</sln:miejscIdTeryt><sln:miejscNazwa>Borowo</sln:miejscNazwa><sln:miejscRodzaj>Wieś</sln:miejscRodzaj><sln:powIIPId>9412ef04-6c6b-448a-9f10-c15e17808f12</sln:powIIPId><sln:powIIPPn>PL.PZGIK.200</sln:powIIPPn><sln:powIIPWersja>2012-09-27T08:59:03+02:00</sln:powIIPWersja><sln:powIdTeryt>3001</sln:powIdTeryt><sln:powNazwa>chodzieski</sln:powNazwa><sln:waznyOd>2013-06-28T00:00:00+02:00</sln:waznyOd><sln:wojIIPId>c606b01a-76c8-480d-9470-f24ca0d7a613</sln:wojIIPId><sln:wojIIPPn>PL.PZGIK.200</sln:wojIIPPn><sln:wojIIPWersja>2016-05-05T18:20:48+02:00</sln:wojIIPWersja><sln:wojIdTeryt>30</sln:wojIdTeryt><sln:wojNazwa>wielkopolskie</sln:wojNazwa></sln:miejscowosc><sln:miejscowosc><sln:cyklZyciaDo>2017-03-31T00:00:00+02:00</sln:cyklZyciaDo><sln:cyklZyciaOd>2016-01-12T00:00:00+01:00</sln:cyklZyciaOd><sln:gmIIPId>87943350-7ba3-4616-9f6e-e3391141321c</sln:gmIIPId><sln:gmIIPPn>PL.PZGIK.200</sln:gmIIPPn><sln:gmIIPWersja>2012-09-26T22:22:23+02:00</sln:gmIIPWersja><sln:gmIdTeryt>3001053</sln:gmIdTeryt><sln:gmNazwa>Szamocin</sln:gmNazwa><sln:miejscIIPId>ca30a3c4-1761-4fa6-89aa-5a343a727a80</sln:miejscIIPId><sln:miejscIIPPn>PL.PZGIK.200</sln:miejscIIPPn><sln:miejscIIPWersja>2016-11-24T11:03:24+02:00</sln:miejscIIPWersja><sln:miejscIdTeryt>0529806</sln:miejscIdTeryt><sln:miejscNazwa>Borówki</sln:miejscNazwa><sln:miejscRodzaj>Wieś</sln:miejscRodzaj><sln:powIIPId>9412ef04-6c6b-448a-9f10-c15e17808f12</sln:powIIPId><sln:powIIPPn>PL.PZGIK.200</sln:powIIPPn><sln:powIIPWersja>2012-09-27T08:59:03+02:00</sln:powIIPWersja><sln:powIdTeryt>3001</sln:powIdTeryt><sln:powNazwa>chodzieski</sln:powNazwa><sln:waznyOd>2013-06-28T00:00:00+02:00</sln:waznyOd><sln:wojIIPId>c606b01a-76c8-480d-9470-f24ca0d7a613</sln:wojIIPId><sln:wojIIPPn>PL.PZGIK.200</sln:wojIIPPn><sln:wojIIPWersja>2016-05-05T18:20:48+02:00</sln:wojIIPWersja><sln:wojIdTeryt>30</sln:wojIdTeryt><sln:wojNazwa>wielkopolskie</sln:wojNazwa></sln:miejscowosc><sln:miejscowosc><sln:cyklZyciaDo>2017-03-31T00:00:00+02:00</sln:cyklZyciaDo><sln:cyklZyciaOd>2016-01-12T00:00:00+01:00</sln:cyklZyciaOd><sln:gmIIPId>87943350-7ba3-4616-9f6e-e3391141321c</sln:gmIIPId><sln:gmIIPPn>PL.PZGIK.200</sln:gmIIPPn><sln:gmIIPWersja>2012-09-26T22:22:23+02:00</sln:gmIIPWersja><sln:gmIdTeryt>3001053</sln:gmIdTeryt><sln:gmNazwa>Szamocin</sln:gmNazwa><sln:miejscIIPId>79922a6a-d9b8-411f-803e-27e1c4da4869</sln:miejscIIPId><sln:miejscIIPPn>PL.PZGIK.200</sln:miejscIIPPn><sln:miejscIIPWersja>2016-11-24T11:03:24+02:00</sln:miejscIIPWersja><sln:miejscIdTeryt>0529545</sln:miejscIdTeryt><sln:miejscNazwa>Heliodorowo</sln:miejscNazwa><sln:miejscRodzaj>Wieś</sln:miejscRodzaj><sln:powIIPId>9412ef04-6c6b-448a-9f10-c15e17808f12</sln:powIIPId><sln:powIIPPn>PL.PZGIK.200</sln:powIIPPn><sln:powIIPWersja>2012-09-27T08:59:03+02:00</sln:powIIPWersja><sln:powIdTeryt>3001</sln:powIdTeryt><sln:powNazwa>chodzieski</sln:powNazwa><sln:waznyOd>2013-06-28T00:00:00+02:00</sln:waznyOd><sln:wojIIPId>c606b01a-76c8-480d-9470-f24ca0d7a613</sln:wojIIPId><sln:wojIIPPn>PL.PZGIK.200</sln:wojIIPPn><sln:wojIIPWersja>2016-05-05T18:20:48+02:00</sln:wojIIPWersja><sln:wojIdTeryt>30</sln:wojIdTeryt><sln:wojNazwa>wielkopolskie</sln:wojNazwa></sln:miejscowosc><sln:miejscowosc><sln:cyklZyciaDo>2017-03-31T00:00:00+02:00</sln:cyklZyciaDo><sln:cyklZyciaOd>2016-01-12T00:00:00+01:00</sln:cyklZyciaOd><sln:gmIIPId>87943350-7ba3-4616-9f6e-e3391141321c</sln:gmIIPId><sln:gmIIPPn>PL.PZGIK.200</sln:gmIIPPn><sln:gmIIPWersja>2012-09-26T22:22:23+02:00</sln:gmIIPWersja><sln:gmIdTeryt>3001053</sln:gmIdTeryt><sln:gmNazwa>Szamocin</sln:gmNazwa><sln:miejscIIPId>2d7728c0-9824-4386-beaf-20690aa20ca2</sln:miejscIIPId><sln:miejscIIPPn>PL.PZGIK.200</sln:miejscIIPPn><sln:miejscIIPWersja>2016-11-24T11:03:24+02:00</sln:miejscIIPWersja><sln:miejscIdTeryt>0529769</sln:miejscIdTeryt><sln:miejscNazwa>Jaktorowo</sln:miejscNazwa><sln:miejscRodzaj>Wieś</sln:miejscRodzaj><sln:powIIPId>9412ef04-6c6b-448a-9f10-c15e17808f12</sln:powIIPId><sln:powIIPPn>PL.PZGIK.200</sln:powIIPPn><sln:powIIPWersja>2012-09-27T08:59:03+02:00</sln:powIIPWersja><sln:powIdTeryt>3001</sln:powIdTeryt><sln:powNazwa>chodzieski</sln:powNazwa><sln:waznyOd>2013-06-28T00:00:00+02:00</sln:waznyOd><sln:wojIIPId>c606b01a-76c8-480d-9470-f24ca0d7a613</sln:wojIIPId><sln:wojIIPPn>PL.PZGIK.200</sln:wojIIPPn><sln:wojIIPWersja>2016-05-05T18:20:48+02:00</sln:wojIIPWersja><sln:wojIdTeryt>30</sln:wojIdTeryt><sln:wojNazwa>wielkopolskie</sln:wojNazwa></sln:miejscowosc><sln:miejscowosc><sln:cyklZyciaDo>2017-03-31T00:00:00+02:00</sln:cyklZyciaDo><sln:cyklZyciaOd>2016-01-12T00:00:00+01:00</sln:cyklZyciaOd><sln:gmIIPId>87943350-7ba3-4616-9f6e-e3391141321c</sln:gmIIPId><sln:gmIIPPn>PL.PZGIK.200</sln:gmIIPPn><sln:gmIIPWersja>2012-09-26T22:22:23+02:00</sln:gmIIPWersja><sln:gmIdTeryt>3001053</sln:gmIdTeryt><sln:gmNazwa>Szamocin</sln:gmNazwa><sln:miejscIIPId>09f49ac2-9740-4c9f-a26b-067a07843ebe</sln:miejscIIPId><sln:miejscIIPPn>PL.PZGIK.200</sln:miejscIIPPn><sln:miejscIIPWersja>2016-11-24T11:03:24+02:00</sln:miejscIIPWersja><sln:miejscIdTeryt>0529781</sln:miejscIdTeryt><sln:miejscNazwa>Jaktorówko</sln:miejscNazwa><sln:miejscRodzaj>Inny obiekt</sln:miejscRodzaj><sln:powIIPId>9412ef04-6c6b-448a-9f10-c15e17808f12</sln:powIIPId><sln:powIIPPn>PL.PZGIK.200</sln:powIIPPn><sln:powIIPWersja>2012-09-27T08:59:03+02:00</sln:powIIPWersja><sln:powIdTeryt>3001</sln:powIdTeryt><sln:powNazwa>chodzieski</sln:powNazwa><sln:waznyOd>2013-06-28T00:00:00+02:00</sln:waznyOd><sln:wojIIPId>c606b01a-76c8-480d-9470-f24ca0d7a613</sln:wojIIPId><sln:wojIIPPn>PL.PZGIK.200</sln:wojIIPPn><sln:wojIIPWersja>2016-05-05T18:20:48+02:00</sln:wojIIPWersja><sln:wojIdTeryt>30</sln:wojIdTeryt><sln:wojNazwa>wielkopolskie</sln:wojNazwa></sln:miejscowosc><sln:miejscowosc><sln:cyklZyciaDo>2017-03-31T00:00:00+02:00</sln:cyklZyciaDo><sln:cyklZyciaOd>2016-01-12T00:00:00+01:00</sln:cyklZyciaOd><sln:gmIIPId>87943350-7ba3-4616-9f6e-e3391141321c</sln:gmIIPId><sln:gmIIPPn>PL.PZGIK.200</sln:gmIIPPn><sln:gmIIPWersja>2012-09-26T22:22:23+02:00</sln:gmIIPWersja><sln:gmIdTeryt>3001053</sln:gmIdTeryt><sln:gmNazwa>Szamocin</sln:gmNazwa><sln:miejscIIPId>974e7a71-8b64-4aa7-981e-e13c5798bd30</sln:miejscIIPId><sln:miejscIIPPn>PL.PZGIK.200</sln:miejscIIPPn><sln:miejscIIPWersja>2016-11-24T11:03:24+02:00</sln:miejscIIPWersja><sln:miejscIdTeryt>0529663</sln:miejscIdTeryt><sln:miejscNazwa>Józefowice</sln:miejscNazwa><sln:miejscRodzaj>Wieś</sln:miejscRodzaj><sln:powIIPId>9412ef04-6c6b-448a-9f10-c15e17808f12</sln:powIIPId><sln:powIIPPn>PL.PZGIK.200</sln:powIIPPn><sln:powIIPWersja>2012-09-27T08:59:03+02:00</sln:powIIPWersja><sln:powIdTeryt>3001</sln:powIdTeryt><sln:powNazwa>chodzieski</sln:powNazwa><sln:waznyOd>2013-06-28T00:00:00+02:00</sln:waznyOd><sln:wojIIPId>c606b01a-76c8-480d-9470-f24ca0d7a613</sln:wojIIPId><sln:wojIIPPn>PL.PZGIK.200</sln:wojIIPPn><sln:wojIIPWersja>2016-05-05T18:20:48+02:00</sln:wojIIPWersja><sln:wojIdTeryt>30</sln:wojIdTeryt><sln:wojNazwa>wielkopolskie</sln:wojNazwa></sln:miejscowosc><sln:miejscowosc><sln:cyklZyciaDo>2017-03-31T00:00:00+02:00</sln:cyklZyciaDo><sln:cyklZyciaOd>2016-01-12T00:00:00+01:00</sln:cyklZyciaOd><sln:gmIIPId>87943350-7ba3-4616-9f6e-e3391141321c</sln:gmIIPId><sln:gmIIPPn>PL.PZGIK.200</sln:gmIIPPn><sln:gmIIPWersja>2012-09-26T22:22:23+02:00</sln:gmIIPWersja><sln:gmIdTeryt>3001053</sln:gmIdTeryt><sln:gmNazwa>Szamocin</sln:gmNazwa><sln:miejscIIPId>399ad8ef-40f9-4d38-9ed2-ddec9d35da06</sln:miejscIIPId><sln:miejscIIPPn>PL.PZGIK.200</sln:miejscIIPPn><sln:miejscIIPWersja>2016-11-24T11:03:24+02:00</sln:miejscIIPWersja><sln:miejscIdTeryt>0529692</sln:miejscIdTeryt><sln:miejscNazwa>Józefowo</sln:miejscNazwa><sln:miejscRodzaj>Inny obiekt</sln:miejscRodzaj><sln:powIIPId>9412ef04-6c6b-448a-9f10-c15e17808f12</sln:powIIPId><sln:powIIPPn>PL.PZGIK.200</sln:powIIPPn><sln:powIIPWersja>2012-09-27T08:59:03+02:00</sln:powIIPWersja><sln:powIdTeryt>3001</sln:powIdTeryt><sln:powNazwa>chodzieski</sln:powNazwa><sln:waznyOd>2013-07-02T00:00:00+02:00</sln:waznyOd><sln:wojIIPId>c606b01a-76c8-480d-9470-f24ca0d7a613</sln:wojIIPId><sln:wojIIPPn>PL.PZGIK.200</sln:wojIIPPn><sln:wojIIPWersja>2016-05-05T18:20:48+02:00</sln:wojIIPWersja><sln:wojIdTeryt>30</sln:wojIdTeryt><sln:wojNazwa>wielkopolskie</sln:wojNazwa></sln:miejscowosc><sln:miejscowosc><sln:cyklZyciaDo>2017-03-31T00:00:00+02:00</sln:cyklZyciaDo><sln:cyklZyciaOd>2016-01-12T00:00:00+01:00</sln:cyklZyciaOd><sln:gmIIPId>87943350-7ba3-4616-9f6e-e3391141321c</sln:gmIIPId><sln:gmIIPPn>PL.PZGIK.200</sln:gmIIPPn><sln:gmIIPWersja>2012-09-26T22:22:23+02:00</sln:gmIIPWersja><sln:gmIdTeryt>3001053</sln:gmIdTeryt><sln:gmNazwa>Szamocin</sln:gmNazwa><sln:miejscIIPId>5b227075-1144-461e-9aa8-c3a8ce37d7df</sln:miejscIIPId><sln:miejscIIPPn>PL.PZGIK.200</sln:miejscIIPPn><sln:miejscIIPWersja>2016-11-24T11:03:24+02:00</sln:miejscIIPWersja><sln:miejscIdTeryt>0529670</sln:miejscIdTeryt><sln:miejscNazwa>Kozarzyn</sln:miejscNazwa><sln:miejscRodzaj>Inny obiekt</sln:miejscRodzaj><sln:powIIPId>9412ef04-6c6b-448a-9f10-c15e17808f12</sln:powIIPId><sln:powIIPPn>PL.PZGIK.200</sln:powIIPPn><sln:powIIPWersja>2012-09-27T08:59:03+02:00</sln:powIIPWersja><sln:powIdTeryt>3001</sln:powIdTeryt><sln:powNazwa>chodzieski</sln:powNazwa><sln:waznyOd>2013-07-02T00:00:00+02:00</sln:waznyOd><sln:wojIIPId>c606b01a-76c8-480d-9470-f24ca0d7a613</sln:wojIIPId><sln:wojIIPPn>PL.PZGIK.200</sln:wojIIPPn><sln:wojIIPWersja>2016-05-05T18:20:48+02:00</sln:wojIIPWersja><sln:wojIdTeryt>30</sln:wojIdTeryt><sln:wojNazwa>wielkopolskie</sln:wojNazwa></sln:miejscowosc><sln:miejscowosc><sln:cyklZyciaDo>2017-03-31T00:00:00+02:00</sln:cyklZyciaDo><sln:cyklZyciaOd>2016-01-12T00:00:00+01:00</sln:cyklZyciaOd><sln:gmIIPId>87943350-7ba3-4616-9f6e-e3391141321c</sln:gmIIPId><sln:gmIIPPn>PL.PZGIK.200</sln:gmIIPPn><sln:gmIIPWersja>2012-09-26T22:22:23+02:00</sln:gmIIPWersja><sln:gmIdTeryt>3001053</sln:gmIdTeryt><sln:gmNazwa>Szamocin</sln:gmNazwa><sln:miejscIIPId>864c397a-8272-44f1-b85e-ddf0f6bd74cc</sln:miejscIIPId><sln:miejscIIPPn>PL.PZGIK.200</sln:miejscIIPPn><sln:miejscIIPWersja>2016-11-24T11:03:24+02:00</sln:miejscIIPWersja><sln:miejscIdTeryt>0529551</sln:miejscIdTeryt><sln:miejscNazwa>Laskowo</sln:miejscNazwa><sln:miejscRodzaj>Wieś</sln:miejscRodzaj><sln:powIIPId>9412ef04-6c6b-448a-9f10-c15e17808f12</sln:powIIPId><sln:powIIPPn>PL.PZGIK.200</sln:powIIPPn><sln:powIIPWersja>2012-09-27T08:59:03+02:00</sln:powIIPWersja><sln:powIdTeryt>3001</sln:powIdTeryt><sln:powNazwa>chodzieski</sln:powNazwa><sln:waznyOd>2013-06-28T00:00:00+02:00</sln:waznyOd><sln:wojIIPId>c606b01a-76c8-480d-9470-f24ca0d7a613</sln:wojIIPId><sln:wojIIPPn>PL.PZGIK.200</sln:wojIIPPn><sln:wojIIPWersja>2016-05-05T18:20:48+02:00</sln:wojIIPWersja><sln:wojIdTeryt>30</sln:wojIdTeryt><sln:wojNazwa>wielkopolskie</sln:wojNazwa></sln:miejscowosc><sln:miejscowosc><sln:cyklZyciaDo>2017-03-31T00:00:00+02:00</sln:cyklZyciaDo><sln:cyklZyciaOd>2016-01-12T00:00:00+01:00</sln:cyklZyciaOd><sln:gmIIPId>87943350-7ba3-4616-9f6e-e3391141321c</sln:gmIIPId><sln:gmIIPPn>PL.PZGIK.200</sln:gmIIPPn><sln:gmIIPWersja>2012-09-26T22:22:23+02:00</sln:gmIIPWersja><sln:gmIdTeryt>3001053</sln:gmIdTeryt><sln:gmNazwa>Szamocin</sln:gmNazwa><sln:miejscIIPId>8dcee01a-bddb-410b-ac4f-6a7ded7171c9</sln:miejscIIPId><sln:miejscIIPPn>PL.PZGIK.200</sln:miejscIIPPn><sln:miejscIIPWersja>2016-11-24T13:17:33+02:00</sln:miejscIIPWersja><sln:miejscIdTeryt>0967110</sln:miejscIdTeryt><sln:miejscNazwa>Leśniczówka</sln:miejscNazwa><sln:miejscRodzaj>Inny obiekt</sln:miejscRodzaj><sln:powIIPId>9412ef04-6c6b-448a-9f10-c15e17808f12</sln:powIIPId><sln:powIIPPn>PL.PZGIK.200</sln:powIIPPn><sln:powIIPWersja>2012-09-27T08:59:03+02:00</sln:powIIPWersja><sln:powIdTeryt>3001</sln:powIdTeryt><sln:powNazwa>chodzieski</sln:powNazwa><sln:waznyOd>2013-07-02T00:00:00+02:00</sln:waznyOd><sln:wojIIPId>c606b01a-76c8-480d-9470-f24ca0d7a613</sln:wojIIPId><sln:wojIIPPn>PL.PZGIK.200</sln:wojIIPPn><sln:wojIIPWersja>2016-05-05T18:20:48+02:00</sln:wojIIPWersja><sln:wojIdTeryt>30</sln:wojIdTeryt><sln:wojNazwa>wielkopolskie</sln:wojNazwa></sln:miejscowosc><sln:miejscowosc><sln:cyklZyciaDo>2017-03-31T00:00:00+02:00</sln:cyklZyciaDo><sln:cyklZyciaOd>2016-01-12T00:00:00+01:00</sln:cyklZyciaOd><sln:gmIIPId>87943350-7ba3-4616-9f6e-e3391141321c</sln:gmIIPId><sln:gmIIPPn>PL.PZGIK.200</sln:gmIIPPn><sln:gmIIPWersja>2012-09-26T22:22:23+02:00</sln:gmIIPWersja><sln:gmIdTeryt>3001053</sln:gmIdTeryt><sln:gmNazwa>Szamocin</sln:gmNazwa><sln:miejscIIPId>fe7af8dc-ea07-4184-bbd6-0dea1eb81554</sln:miejscIIPId><sln:miejscIIPPn>PL.PZGIK.200</sln:miejscIIPPn><sln:miejscIIPWersja>2016-11-24T11:03:24+02:00</sln:miejscIIPWersja><sln:miejscIdTeryt>0529611</sln:miejscIdTeryt><sln:miejscNazwa>Lipa</sln:miejscNazwa><sln:miejscRodzaj>Wieś</sln:miejscRodzaj><sln:powIIPId>9412ef04-6c6b-448a-9f10-c15e17808f12</sln:powIIPId><sln:powIIPPn>PL.PZGIK.200</sln:powIIPPn><sln:powIIPWersja>2012-09-27T08:59:03+02:00</sln:powIIPWersja><sln:powIdTeryt>3001</sln:powIdTeryt><sln:powNazwa>chodzieski</sln:powNazwa><sln:waznyOd>2013-06-28T00:00:00+02:00</sln:waznyOd><sln:wojIIPId>c606b01a-76c8-480d-9470-f24ca0d7a613</sln:wojIIPId><sln:wojIIPPn>PL.PZGIK.200</sln:wojIIPPn><sln:wojIIPWersja>2016-05-05T18:20:48+02:00</sln:wojIIPWersja><sln:wojIdTeryt>30</sln:wojIdTeryt><sln:wojNazwa>wielkopolskie</sln:wojNazwa></sln:miejscowosc><sln:miejscowosc><sln:cyklZyciaDo>2017-03-31T00:00:00+02:00</sln:cyklZyciaDo><sln:cyklZyciaOd>2016-01-12T00:00:00+01:00</sln:cyklZyciaOd><sln:gmIIPId>87943350-7ba3-4616-9f6e-e3391141321c</sln:gmIIPId><sln:gmIIPPn>PL.PZGIK.200</sln:gmIIPPn><sln:gmIIPWersja>2012-09-26T22:22:23+02:00</sln:gmIIPWersja><sln:gmIdTeryt>3001053</sln:gmIdTeryt><sln:gmNazwa>Szamocin</sln:gmNazwa><sln:miejscIIPId>3ba152a9-abbb-44a3-89e2-bd22a56a5a56</sln:miejscIIPId><sln:miejscIIPPn>PL.PZGIK.200</sln:miejscIIPPn><sln:miejscIIPWersja>2016-11-24T11:03:24+02:00</sln:miejscIIPWersja><sln:miejscIdTeryt>0529628</sln:miejscIdTeryt><sln:miejscNazwa>Lipia Góra</sln:miejscNazwa><sln:miejscRodzaj>Wieś</sln:miejscRodzaj><sln:powIIPId>9412ef04-6c6b-448a-9f10-c15e17808f12</sln:powIIPId><sln:powIIPPn>PL.PZGIK.200</sln:powIIPPn><sln:powIIPWersja>2012-09-27T08:59:03+02:00</sln:powIIPWersja><sln:powIdTeryt>3001</sln:powIdTeryt><sln:powNazwa>chodzieski</sln:powNazwa><sln:waznyOd>2013-06-28T00:00:00+02:00</sln:waznyOd><sln:wojIIPId>c606b01a-76c8-480d-9470-f24ca0d7a613</sln:wojIIPId><sln:wojIIPPn>PL.PZGIK.200</sln:wojIIPPn><sln:wojIIPWersja>2016-05-05T18:20:48+02:00</sln:wojIIPWersja><sln:wojIdTeryt>30</sln:wojIdTeryt><sln:wojNazwa>wielkopolskie</sln:wojNazwa></sln:miejscowosc><sln:miejscowosc><sln:cyklZyciaDo>2017-03-31T00:00:00+02:00</sln:cyklZyciaDo><sln:cyklZyciaOd>2016-01-12T00:00:00+01:00</sln:cyklZyciaOd><sln:gmIIPId>87943350-7ba3-4616-9f6e-e3391141321c</sln:gmIIPId><sln:gmIIPPn>PL.PZGIK.200</sln:gmIIPPn><sln:gmIIPWersja>2012-09-26T22:22:23+02:00</sln:gmIIPWersja><sln:gmIdTeryt>3001053</sln:gmIdTeryt><sln:gmNazwa>Szamocin</sln:gmNazwa><sln:miejscIIPId>c73c0f62-6737-45c5-91bc-f386cb439121</sln:miejscIIPId><sln:miejscIIPPn>PL.PZGIK.200</sln:miejscIIPPn><sln:miejscIIPWersja>2016-11-24T11:03:24+02:00</sln:miejscIIPWersja><sln:miejscIdTeryt>0529568</sln:miejscIdTeryt><sln:miejscNazwa>Mielimąka</sln:miejscNazwa><sln:miejscRodzaj>Inny obiekt</sln:miejscRodzaj><sln:powIIPId>9412ef04-6c6b-448a-9f10-c15e17808f12</sln:powIIPId><sln:powIIPPn>PL.PZGIK.200</sln:powIIPPn><sln:powIIPWersja>2012-09-27T08:59:03+02:00</sln:powIIPWersja><sln:powIdTeryt>3001</sln:powIdTeryt><sln:powNazwa>chodzieski</sln:powNazwa><sln:waznyOd>2013-06-28T00:00:00+02:00</sln:waznyOd><sln:wojIIPId>c606b01a-76c8-480d-9470-f24ca0d7a613</sln:wojIIPId><sln:wojIIPPn>PL.PZGIK.200</sln:wojIIPPn><sln:wojIIPWersja>2016-05-05T18:20:48+02:00</sln:wojIIPWersja><sln:wojIdTeryt>30</sln:wojIdTeryt><sln:wojNazwa>wielkopolskie</sln:wojNazwa></sln:miejscowosc><sln:miejscowosc><sln:cyklZyciaDo>2017-03-31T00:00:00+02:00</sln:cyklZyciaDo><sln:cyklZyciaOd>2016-01-12T00:00:00+01:00</sln:cyklZyciaOd><sln:gmIIPId>87943350-7ba3-4616-9f6e-e3391141321c</sln:gmIIPId><sln:gmIIPPn>PL.PZGIK.200</sln:gmIIPPn><sln:gmIIPWersja>2012-09-26T22:22:23+02:00</sln:gmIIPWersja><sln:gmIdTeryt>3001053</sln:gmIdTeryt><sln:gmNazwa>Szamocin</sln:gmNazwa><sln:miejscIIPId>5e42f9ab-fe55-4354-9045-1be14734aa7c</sln:miejscIIPId><sln:miejscIIPPn>PL.PZGIK.200</sln:miejscIIPPn><sln:miejscIIPWersja>2016-11-24T11:03:24+02:00</sln:miejscIIPWersja><sln:miejscIdTeryt>0529730</sln:miejscIdTeryt><sln:miejscNazwa>Nadolniki</sln:miejscNazwa><sln:miejscRodzaj>Przysiółek</sln:miejscRodzaj><sln:powIIPId>9412ef04-6c6b-448a-9f10-c15e17808f12</sln:powIIPId><sln:powIIPPn>PL.PZGIK.200</sln:powIIPPn><sln:powIIPWersja>2012-09-27T08:59:03+02:00</sln:powIIPWersja><sln:powIdTeryt>3001</sln:powIdTeryt><sln:powNazwa>chodzieski</sln:powNazwa><sln:waznyOd>2013-07-02T00:00:00+02:00</sln:waznyOd><sln:wojIIPId>c606b01a-76c8-480d-9470-f24ca0d7a613</sln:wojIIPId><sln:wojIIPPn>PL.PZGIK.200</sln:wojIIPPn><sln:wojIIPWersja>2016-05-05T18:20:48+02:00</sln:wojIIPWersja><sln:wojIdTeryt>30</sln:wojIdTeryt><sln:wojNazwa>wielkopolskie</sln:wojNazwa></sln:miejscowosc><sln:miejscowosc><sln:cyklZyciaDo>2017-03-31T00:00:00+02:00</sln:cyklZyciaDo><sln:cyklZyciaOd>2016-01-12T00:00:00+01:00</sln:cyklZyciaOd><sln:gmIIPId>87943350-7ba3-4616-9f6e-e3391141321c</sln:gmIIPId><sln:gmIIPPn>PL.PZGIK.200</sln:gmIIPPn><sln:gmIIPWersja>2012-09-26T22:22:23+02:00</sln:gmIIPWersja><sln:gmIdTeryt>3001053</sln:gmIdTeryt><sln:gmNazwa>Szamocin</sln:gmNazwa><sln:miejscIIPId>2dccb37b-7264-4cc3-9921-8e304a6f48aa</sln:miejscIIPId><sln:miejscIIPPn>PL.PZGIK.200</sln:miejscIIPPn><sln:miejscIIPWersja>2016-11-24T11:03:24+02:00</sln:miejscIIPWersja><sln:miejscIdTeryt>0529640</sln:miejscIdTeryt><sln:miejscNazwa>Nałęcza</sln:miejscNazwa><sln:miejscRodzaj>Wieś</sln:miejscRodzaj><sln:powIIPId>9412ef04-6c6b-448a-9f10-c15e17808f12</sln:powIIPId><sln:powIIPPn>PL.PZGIK.200</sln:powIIPPn><sln:powIIPWersja>2012-09-27T08:59:03+02:00</sln:powIIPWersja><sln:powIdTeryt>3001</sln:powIdTeryt><sln:powNazwa>chodzieski</sln:powNazwa><sln:waznyOd>2013-06-28T00:00:00+02:00</sln:waznyOd><sln:wojIIPId>c606b01a-76c8-480d-9470-f24ca0d7a613</sln:wojIIPId><sln:wojIIPPn>PL.PZGIK.200</sln:wojIIPPn><sln:wojIIPWersja>2016-05-05T18:20:48+02:00</sln:wojIIPWersja><sln:wojIdTeryt>30</sln:wojIdTeryt><sln:wojNazwa>wielkopolskie</sln:wojNazwa></sln:miejscowosc><sln:miejscowosc><sln:cyklZyciaDo>2017-03-31T00:00:00+02:00</sln:cyklZyciaDo><sln:cyklZyciaOd>2016-01-12T00:00:00+01:00</sln:cyklZyciaOd><sln:gmIIPId>87943350-7ba3-4616-9f6e-e3391141321c</sln:gmIIPId><sln:gmIIPPn>PL.PZGIK.200</sln:gmIIPPn><sln:gmIIPWersja>2012-09-26T22:22:23+02:00</sln:gmIIPWersja><sln:gmIdTeryt>3001053</sln:gmIdTeryt><sln:gmNazwa>Szamocin</sln:gmNazwa><sln:miejscIIPId>332e4bc5-e5b8-4a1d-a974-6ed38b009ff6</sln:miejscIIPId><sln:miejscIIPPn>PL.PZGIK.200</sln:miejscIIPPn><sln:miejscIIPWersja>2016-11-24T11:03:24+02:00</sln:miejscIIPWersja><sln:miejscIdTeryt>0529686</sln:miejscIdTeryt><sln:miejscNazwa>Nowy Dwór</sln:miejscNazwa><sln:miejscRodzaj>Wieś</sln:miejscRodzaj><sln:powIIPId>9412ef04-6c6b-448a-9f10-c15e17808f12</sln:powIIPId><sln:powIIPPn>PL.PZGIK.200</sln:powIIPPn><sln:powIIPWersja>2012-09-27T08:59:03+02:00</sln:powIIPWersja><sln:powIdTeryt>3001</sln:powIdTeryt><sln:powNazwa>chodzieski</sln:powNazwa><sln:waznyOd>2013-06-28T00:00:00+02:00</sln:waznyOd><sln:wojIIPId>c606b01a-76c8-480d-9470-f24ca0d7a613</sln:wojIIPId><sln:wojIIPPn>PL.PZGIK.200</sln:wojIIPPn><sln:wojIIPWersja>2016-05-05T18:20:48+02:00</sln:wojIIPWersja><sln:wojIdTeryt>30</sln:wojIdTeryt><sln:wojNazwa>wielkopolskie</sln:wojNazwa></sln:miejscowosc><sln:miejscowosc><sln:cyklZyciaDo>2017-03-31T00:00:00+02:00</sln:cyklZyciaDo><sln:cyklZyciaOd>2016-01-12T00:00:00+01:00</sln:cyklZyciaOd><sln:gmIIPId>87943350-7ba3-4616-9f6e-e3391141321c</sln:gmIIPId><sln:gmIIPPn>PL.PZGIK.200</sln:gmIIPPn><sln:gmIIPWersja>2012-09-26T22:22:23+02:00</sln:gmIIPWersja><sln:gmIdTeryt>3001053</sln:gmIdTeryt><sln:gmNazwa>Szamocin</sln:gmNazwa><sln:miejscIIPId>9f419e72-54aa-43ea-9070-9b2c6c26e5db</sln:miejscIIPId><sln:miejscIIPPn>PL.PZGIK.200</sln:miejscIIPPn><sln:miejscIIPWersja>2016-11-24T11:03:24+02:00</sln:miejscIIPWersja><sln:miejscIdTeryt>0529574</sln:miejscIdTeryt><sln:miejscNazwa>Nowy Młyn Drugi</sln:miejscNazwa><sln:miejscRodzaj>Inny obiekt</sln:miejscRodzaj><sln:powIIPId>9412ef04-6c6b-448a-9f10-c15e17808f12</sln:powIIPId><sln:powIIPPn>PL.PZGIK.200</sln:powIIPPn><sln:powIIPWersja>2012-09-27T08:59:03+02:00</sln:powIIPWersja><sln:powIdTeryt>3001</sln:powIdTeryt><sln:powNazwa>chodzieski</sln:powNazwa><sln:waznyOd>2013-07-03T00:00:00+02:00</sln:waznyOd><sln:wojIIPId>c606b01a-76c8-480d-9470-f24ca0d7a613</sln:wojIIPId><sln:wojIIPPn>PL.PZGIK.200</sln:wojIIPPn><sln:wojIIPWersja>2016-05-05T18:20:48+02:00</sln:wojIIPWersja><sln:wojIdTeryt>30</sln:wojIdTeryt><sln:wojNazwa>wielkopolskie</sln:wojNazwa></sln:miejscowosc><sln:miejscowosc><sln:cyklZyciaDo>2017-03-31T00:00:00+02:00</sln:cyklZyciaDo><sln:cyklZyciaOd>2016-01-12T00:00:00+01:00</sln:cyklZyciaOd><sln:gmIIPId>87943350-7ba3-4616-9f6e-e3391141321c</sln:gmIIPId><sln:gmIIPPn>PL.PZGIK.200</sln:gmIIPPn><sln:gmIIPWersja>2012-09-26T22:22:23+02:00</sln:gmIIPWersja><sln:gmIdTeryt>3001053</sln:gmIdTeryt><sln:gmNazwa>Szamocin</sln:gmNazwa><sln:miejscIIPId>14109c44-61c3-4bbe-ae34-199d39d928cb</sln:miejscIIPId><sln:miejscIIPPn>PL.PZGIK.200</sln:miejscIIPPn><sln:miejscIIPWersja>2016-11-24T14:00:00+02:00</sln:miejscIIPWersja><sln:miejscIdTeryt>1005241</sln:miejscIdTeryt><sln:miejscNazwa>Nowy Młyn Pierwszy</sln:miejscNazwa><sln:miejscRodzaj>Inny obiekt</sln:miejscRodzaj><sln:powIIPId>9412ef04-6c6b-448a-9f10-c15e17808f12</sln:powIIPId><sln:powIIPPn>PL.PZGIK.200</sln:powIIPPn><sln:powIIPWersja>2012-09-27T08:59:03+02:00</sln:powIIPWersja><sln:powIdTeryt>3001</sln:powIdTeryt><sln:powNazwa>chodzieski</sln:powNazwa><sln:waznyOd>2013-07-03T00:00:00+02:00</sln:waznyOd><sln:wojIIPId>c606b01a-76c8-480d-9470-f24ca0d7a613</sln:wojIIPId><sln:wojIIPPn>PL.PZGIK.200</sln:wojIIPPn><sln:wojIIPWersja>2016-05-05T18:20:48+02:00</sln:wojIIPWersja><sln:wojIdTeryt>30</sln:wojIdTeryt><sln:wojNazwa>wielkopolskie</sln:wojNazwa></sln:miejscowosc><sln:miejscowosc><sln:cyklZyciaDo>2017-03-31T00:00:00+02:00</sln:cyklZyciaDo><sln:cyklZyciaOd>2016-01-12T00:00:00+01:00</sln:cyklZyciaOd><sln:gmIIPId>87943350-7ba3-4616-9f6e-e3391141321c</sln:gmIIPId><sln:gmIIPPn>PL.PZGIK.200</sln:gmIIPPn><sln:gmIIPWersja>2012-09-26T22:22:23+02:00</sln:gmIIPWersja><sln:gmIdTeryt>3001053</sln:gmIdTeryt><sln:gmNazwa>Szamocin</sln:gmNazwa><sln:miejscIIPId>bac30279-cd4c-4d61-a7a1-8ff6030d00aa</sln:miejscIIPId><sln:miejscIIPPn>PL.PZGIK.200</sln:miejscIIPPn><sln:miejscIIPWersja>2016-11-24T11:03:24+02:00</sln:miejscIIPWersja><sln:miejscIdTeryt>0529580</sln:miejscIdTeryt><sln:miejscNazwa>Piłka</sln:miejscNazwa><sln:miejscRodzaj>Inny obiekt</sln:miejscRodzaj><sln:powIIPId>9412ef04-6c6b-448a-9f10-c15e17808f12</sln:powIIPId><sln:powIIPPn>PL.PZGIK.200</sln:powIIPPn><sln:powIIPWersja>2012-09-27T08:59:03+02:00</sln:powIIPWersja><sln:powIdTeryt>3001</sln:powIdTeryt><sln:powNazwa>chodzieski</sln:powNazwa><sln:waznyOd>2013-06-28T00:00:00+02:00</sln:waznyOd><sln:wojIIPId>c606b01a-76c8-480d-9470-f24ca0d7a613</sln:wojIIPId><sln:wojIIPPn>PL.PZGIK.200</sln:wojIIPPn><sln:wojIIPWersja>2016-05-05T18:20:48+02:00</sln:wojIIPWersja><sln:wojIdTeryt>30</sln:wojIdTeryt><sln:wojNazwa>wielkopolskie</sln:wojNazwa></sln:miejscowosc><sln:miejscowosc><sln:cyklZyciaDo>2017-03-31T00:00:00+02:00</sln:cyklZyciaDo><sln:cyklZyciaOd>2016-01-12T00:00:00+01:00</sln:cyklZyciaOd><sln:gmIIPId>87943350-7ba3-4616-9f6e-e3391141321c</sln:gmIIPId><sln:gmIIPPn>PL.PZGIK.200</sln:gmIIPPn><sln:gmIIPWersja>2012-09-26T22:22:23+02:00</sln:gmIIPWersja><sln:gmIdTeryt>3001053</sln:gmIdTeryt><sln:gmNazwa>Szamocin</sln:gmNazwa><sln:miejscIIPId>c1982b04-ca1e-4c6e-839f-406ba27076d9</sln:miejscIIPId><sln:miejscIIPPn>PL.PZGIK.200</sln:miejscIIPPn><sln:miejscIIPWersja>2016-11-24T11:03:24+02:00</sln:miejscIIPWersja><sln:miejscIdTeryt>0529746</sln:miejscIdTeryt><sln:miejscNazwa>Raczyn</sln:miejscNazwa><sln:miejscRodzaj>Wieś</sln:miejscRodzaj><sln:powIIPId>9412ef04-6c6b-448a-9f10-c15e17808f12</sln:powIIPId><sln:powIIPPn>PL.PZGIK.200</sln:powIIPPn><sln:powIIPWersja>2012-09-27T08:59:03+02:00</sln:powIIPWersja><sln:powIdTeryt>3001</sln:powIdTeryt><sln:powNazwa>chodzieski</sln:powNazwa><sln:waznyOd>2013-06-28T00:00:00+02:00</sln:waznyOd><sln:wojIIPId>c606b01a-76c8-480d-9470-f24ca0d7a613</sln:wojIIPId><sln:wojIIPPn>PL.PZGIK.200</sln:wojIIPPn><sln:wojIIPWersja>2016-05-05T18:20:48+02:00</sln:wojIIPWersja><sln:wojIdTeryt>30</sln:wojIdTeryt><sln:wojNazwa>wielkopolskie</sln:wojNazwa></sln:miejscowosc><sln:miejscowosc><sln:cyklZyciaDo>2017-03-31T00:00:00+02:00</sln:cyklZyciaDo><sln:cyklZyciaOd>2016-01-12T00:00:00+01:00</sln:cyklZyciaOd><sln:gmIIPId>87943350-7ba3-4616-9f6e-e3391141321c</sln:gmIIPId><sln:gmIIPPn>PL.PZGIK.200</sln:gmIIPPn><sln:gmIIPWersja>2012-09-26T22:22:23+02:00</sln:gmIIPWersja><sln:gmIdTeryt>3001053</sln:gmIdTeryt><sln:gmNazwa>Szamocin</sln:gmNazwa><sln:miejscIIPId>414ea409-5fbb-452f-ad59-54145c4b368f</sln:miejscIIPId><sln:miejscIIPPn>PL.PZGIK.200</sln:miejscIIPPn><sln:miejscIIPWersja>2016-11-24T11:03:24+02:00</sln:miejscIIPWersja><sln:miejscIdTeryt>0529700</sln:miejscIdTeryt><sln:miejscNazwa>Sokolec</sln:miejscNazwa><sln:miejscRodzaj>Wieś</sln:miejscRodzaj><sln:powIIPId>9412ef04-6c6b-448a-9f10-c15e17808f12</sln:powIIPId><sln:powIIPPn>PL.PZGIK.200</sln:powIIPPn><sln:powIIPWersja>2012-09-27T08:59:03+02:00</sln:powIIPWersja><sln:powIdTeryt>3001</sln:powIdTeryt><sln:powNazwa>chodzieski</sln:powNazwa><sln:waznyOd>2013-06-28T00:00:00+02:00</sln:waznyOd><sln:wojIIPId>c606b01a-76c8-480d-9470-f24ca0d7a613</sln:wojIIPId><sln:wojIIPPn>PL.PZGIK.200</sln:wojIIPPn><sln:wojIIPWersja>2016-05-05T18:20:48+02:00</sln:wojIIPWersja><sln:wojIdTeryt>30</sln:wojIdTeryt><sln:wojNazwa>wielkopolskie</sln:wojNazwa></sln:miejscowosc><sln:miejscowosc><sln:cyklZyciaDo>2017-03-31T00:00:00+02:00</sln:cyklZyciaDo><sln:cyklZyciaOd>2016-01-12T00:00:00+01:00</sln:cyklZyciaOd><sln:gmIIPId>87943350-7ba3-4616-9f6e-e3391141321c</sln:gmIIPId><sln:gmIIPPn>PL.PZGIK.200</sln:gmIIPPn><sln:gmIIPWersja>2012-09-26T22:22:23+02:00</sln:gmIIPWersja><sln:gmIdTeryt>3001053</sln:gmIdTeryt><sln:gmNazwa>Szamocin</sln:gmNazwa><sln:miejscIIPId>0213803d-a512-4ef5-9c3a-58de4f187ba1</sln:miejscIIPId><sln:miejscIIPPn>PL.PZGIK.200</sln:miejscIIPPn><sln:miejscIIPWersja>2016-11-24T11:03:24+02:00</sln:miejscIIPWersja><sln:miejscIdTeryt>0529723</sln:miejscIdTeryt><sln:miejscNazwa>Strzelczyki</sln:miejscNazwa><sln:miejscRodzaj>Wieś</sln:miejscRodzaj><sln:powIIPId>9412ef04-6c6b-448a-9f10-c15e17808f12</sln:powIIPId><sln:powIIPPn>PL.PZGIK.200</sln:powIIPPn><sln:powIIPWersja>2012-09-27T08:59:03+02:00</sln:powIIPWersja><sln:powIdTeryt>3001</sln:powIdTeryt><sln:powNazwa>chodzieski</sln:powNazwa><sln:waznyOd>2013-06-28T00:00:00+02:00</sln:waznyOd><sln:wojIIPId>c606b01a-76c8-480d-9470-f24ca0d7a613</sln:wojIIPId><sln:wojIIPPn>PL.PZGIK.200</sln:wojIIPPn><sln:wojIIPWersja>2016-05-05T18:20:48+02:00</sln:wojIIPWersja><sln:wojIdTeryt>30</sln:wojIdTeryt><sln:wojNazwa>wielkopolskie</sln:wojNazwa></sln:miejscowosc><sln:miejscowosc><sln:cyklZyciaDo>2017-03-31T00:00:00+02:00</sln:cyklZyciaDo><sln:cyklZyciaOd>2016-01-12T00:00:00+01:00</sln:cyklZyciaOd><sln:gmIIPId>87943350-7ba3-4616-9f6e-e3391141321c</sln:gmIIPId><sln:gmIIPPn>PL.PZGIK.200</sln:gmIIPPn><sln:gmIIPWersja>2012-09-26T22:22:23+02:00</sln:gmIIPWersja><sln:gmIdTeryt>3001053</sln:gmIdTeryt><sln:gmNazwa>Szamocin</sln:gmNazwa><sln:miejscIIPId>2bd7ca69-f509-4d5e-88b0-173f3b179242</sln:miejscIIPId><sln:miejscIIPPn>PL.PZGIK.200</sln:miejscIIPPn><sln:miejscIIPWersja>2016-11-24T11:03:24+02:00</sln:miejscIIPWersja><sln:miejscIdTeryt>0529752</sln:miejscIdTeryt><sln:miejscNazwa>Swoboda</sln:miejscNazwa><sln:miejscRodzaj>Wieś</sln:miejscRodzaj><sln:powIIPId>9412ef04-6c6b-448a-9f10-c15e17808f12</sln:powIIPId><sln:powIIPPn>PL.PZGIK.200</sln:powIIPPn><sln:powIIPWersja>2012-09-27T08:59:03+02:00</sln:powIIPWersja><sln:powIdTeryt>3001</sln:powIdTeryt><sln:powNazwa>chodzieski</sln:powNazwa><sln:waznyOd>2013-06-28T00:00:00+02:00</sln:waznyOd><sln:wojIIPId>c606b01a-76c8-480d-9470-f24ca0d7a613</sln:wojIIPId><sln:wojIIPPn>PL.PZGIK.200</sln:wojIIPPn><sln:wojIIPWersja>2016-05-05T18:20:48+02:00</sln:wojIIPWersja><sln:wojIdTeryt>30</sln:wojIdTeryt><sln:wojNazwa>wielkopolskie</sln:wojNazwa></sln:miejscowosc><sln:miejscowosc><sln:cyklZyciaDo>2017-03-31T00:00:00+02:00</sln:cyklZyciaDo><sln:cyklZyciaOd>2016-01-12T00:00:00+01:00</sln:cyklZyciaOd><sln:gmIIPId>87943350-7ba3-4616-9f6e-e3391141321c</sln:gmIIPId><sln:gmIIPPn>PL.PZGIK.200</sln:gmIIPPn><sln:gmIIPWersja>2012-09-26T22:22:23+02:00</sln:gmIIPWersja><sln:gmIdTeryt>3001053</sln:gmIdTeryt><sln:gmNazwa>Szamocin</sln:gmNazwa><sln:miejscIIPId>7f84aba4-19dd-4fb5-9251-6f81d06fd0f4</sln:miejscIIPId><sln:miejscIIPPn>PL.PZGIK.200</sln:miejscIIPPn><sln:miejscIIPWersja>2016-11-24T13:17:33+02:00</sln:miejscIIPWersja><sln:miejscIdTeryt>0967096</sln:miejscIdTeryt><sln:miejscNazwa>Szamocin</sln:miejscNazwa><sln:miejscRodzaj>Miasto</sln:miejscRodzaj><sln:powIIPId>9412ef04-6c6b-448a-9f10-c15e17808f12</sln:powIIPId><sln:powIIPPn>PL.PZGIK.200</sln:powIIPPn><sln:powIIPWersja>2012-09-27T08:59:03+02:00</sln:powIIPWersja><sln:powIdTeryt>3001</sln:powIdTeryt><sln:powNazwa>chodzieski</sln:powNazwa><sln:waznyOd>2013-06-28T00:00:00+02:00</sln:waznyOd><sln:wojIIPId>c606b01a-76c8-480d-9470-f24ca0d7a613</sln:wojIIPId><sln:wojIIPPn>PL.PZGIK.200</sln:wojIIPPn><sln:wojIIPWersja>2016-05-05T18:20:48+02:00</sln:wojIIPWersja><sln:wojIdTeryt>30</sln:wojIdTeryt><sln:wojNazwa>wielkopolskie</sln:wojNazwa></sln:miejscowosc><sln:miejscowosc><sln:cyklZyciaDo>2017-03-31T00:00:00+02:00</sln:cyklZyciaDo><sln:cyklZyciaOd>2016-01-12T00:00:00+01:00</sln:cyklZyciaOd><sln:gmIIPId>87943350-7ba3-4616-9f6e-e3391141321c</sln:gmIIPId><sln:gmIIPPn>PL.PZGIK.200</sln:gmIIPPn><sln:gmIIPWersja>2012-09-26T22:22:23+02:00</sln:gmIIPWersja><sln:gmIdTeryt>3001053</sln:gmIdTeryt><sln:gmNazwa>Szamocin</sln:gmNazwa><sln:miejscIIPId>adaccd9f-2734-44aa-9e46-7b6538cf1645</sln:miejscIIPId><sln:miejscIIPPn>PL.PZGIK.200</sln:miejscIIPPn><sln:miejscIIPWersja>2016-11-24T11:03:24+02:00</sln:miejscIIPWersja><sln:miejscIdTeryt>0529798</sln:miejscIdTeryt><sln:miejscNazwa>Szamoty</sln:miejscNazwa><sln:miejscRodzaj>Wieś</sln:miejscRodzaj><sln:powIIPId>9412ef04-6c6b-448a-9f10-c15e17808f12</sln:powIIPId><sln:powIIPPn>PL.PZGIK.200</sln:powIIPPn><sln:powIIPWersja>2012-09-27T08:59:03+02:00</sln:powIIPWersja><sln:powIdTeryt>3001</sln:powIdTeryt><sln:powNazwa>chodzieski</sln:powNazwa><sln:waznyOd>2013-06-28T00:00:00+02:00</sln:waznyOd><sln:wojIIPId>c606b01a-76c8-480d-9470-f24ca0d7a613</sln:wojIIPId><sln:wojIIPPn>PL.PZGIK.200</sln:wojIIPPn><sln:wojIIPWersja>2016-05-05T18:20:48+02:00</sln:wojIIPWersja><sln:wojIdTeryt>30</sln:wojIdTeryt><sln:wojNazwa>wielkopolskie</sln:wojNazwa></sln:miejscowosc><sln:miejscowosc><sln:cyklZyciaDo>2017-03-31T00:00:00+02:00</sln:cyklZyciaDo><sln:cyklZyciaOd>2016-01-12T00:00:00+01:00</sln:cyklZyciaOd><sln:gmIIPId>87943350-7ba3-4616-9f6e-e3391141321c</sln:gmIIPId><sln:gmIIPPn>PL.PZGIK.200</sln:gmIIPPn><sln:gmIIPWersja>2012-09-26T22:22:23+02:00</sln:gmIIPWersja><sln:gmIdTeryt>3001053</sln:gmIdTeryt><sln:gmNazwa>Szamocin</sln:gmNazwa><sln:miejscIIPId>e591828d-66a5-4190-8c23-24065008e268</sln:miejscIIPId><sln:miejscIIPPn>PL.PZGIK.200</sln:miejscIIPPn><sln:miejscIIPWersja>2016-11-24T11:03:24+02:00</sln:miejscIIPWersja><sln:miejscIdTeryt>0529634</sln:miejscIdTeryt><sln:miejscNazwa>Śluza Krostkowo</sln:miejscNazwa><sln:miejscRodzaj>Osada</sln:miejscRodzaj><sln:powIIPId>9412ef04-6c6b-448a-9f10-c15e17808f12</sln:powIIPId><sln:powIIPPn>PL.PZGIK.200</sln:powIIPPn><sln:powIIPWersja>2012-09-27T08:59:03+02:00</sln:powIIPWersja><sln:powIdTeryt>3001</sln:powIdTeryt><sln:powNazwa>chodzieski</sln:powNazwa><sln:waznyOd>2013-07-02T00:00:00+02:00</sln:waznyOd><sln:wojIIPId>c606b01a-76c8-480d-9470-f24ca0d7a613</sln:wojIIPId><sln:wojIIPPn>PL.PZGIK.200</sln:wojIIPPn><sln:wojIIPWersja>2016-05-05T18:20:48+02:00</sln:wojIIPWersja><sln:wojIdTeryt>30</sln:wojIdTeryt><sln:wojNazwa>wielkopolskie</sln:wojNazwa></sln:miejscowosc><sln:miejscowosc><sln:cyklZyciaOd>2017-03-31T00:00:00+02:00</sln:cyklZyciaOd><sln:gmIIPId>87943350-7ba3-4616-9f6e-e3391141321c</sln:gmIIPId><sln:gmIIPPn>PL.PZGIK.200</sln:gmIIPPn><sln:gmIIPWersja>2012-09-26T22:22:23+02:00</sln:gmIIPWersja><sln:gmIdTeryt>3001053</sln:gmIdTeryt><sln:gmNazwa>Szamocin</sln:gmNazwa><sln:miejscIIPId>9a10c0ff-fd68-4ada-9c86-a7861000c40c</sln:miejscIIPId><sln:miejscIIPPn>PL.PZGIK.200</sln:miejscIIPPn><sln:miejscIIPWersja>2017-03-31T10:09:11+02:00</sln:miejscIIPWersja><sln:miejscIdTeryt>0529522</sln:miejscIdTeryt><sln:miejscNazwa>Atanazyn</sln:miejscNazwa><sln:miejscRodzaj>Wieś</sln:miejscRodzaj><sln:powIIPId>9412ef04-6c6b-448a-9f10-c15e17808f12</sln:powIIPId><sln:powIIPPn>PL.PZGIK.200</sln:powIIPPn><sln:powIIPWersja>2012-09-27T08:59:03+02:00</sln:powIIPWersja><sln:powIdTeryt>3001</sln:powIdTeryt><sln:powNazwa>chodzieski</sln:powNazwa><sln:waznyOd>2013-06-28T00:00:00+02:00</sln:waznyOd><sln:wojIIPId>c606b01a-76c8-480d-9470-f24ca0d7a613</sln:wojIIPId><sln:wojIIPPn>PL.PZGIK.200</sln:wojIIPPn><sln:wojIIPWersja>2016-05-05T18:20:48+02:00</sln:wojIIPWersja><sln:wojIdTeryt>30</sln:wojIdTeryt><sln:wojNazwa>wielkopolskie</sln:wojNazwa></sln:miejscowosc><sln:miejscowosc><sln:cyklZyciaOd>2017-03-31T00:00:00+02:00</sln:cyklZyciaOd><sln:gmIIPId>87943350-7ba3-4616-9f6e-e3391141321c</sln:gmIIPId><sln:gmIIPPn>PL.PZGIK.200</sln:gmIIPPn><sln:gmIIPWersja>2012-09-26T22:22:23+02:00</sln:gmIIPWersja><sln:gmIdTeryt>3001053</sln:gmIdTeryt><sln:gmNazwa>Szamocin</sln:gmNazwa><sln:miejscIIPId>075acb27-51ed-4722-ab80-bcbc7f555a6c</sln:miejscIIPId><sln:miejscIIPPn>PL.PZGIK.200</sln:miejscIIPPn><sln:miejscIIPWersja>2017-03-31T10:09:20+02:00</sln:miejscIIPWersja><sln:miejscIdTeryt>0529539</sln:miejscIdTeryt><sln:miejscNazwa>Borowo</sln:miejscNazwa><sln:miejscRodzaj>Wieś</sln:miejscRodzaj><sln:powIIPId>9412ef04-6c6b-448a-9f10-c15e17808f12</sln:powIIPId><sln:powIIPPn>PL.PZGIK.200</sln:powIIPPn><sln:powIIPWersja>2012-09-27T08:59:03+02:00</sln:powIIPWersja><sln:powIdTeryt>3001</sln:powIdTeryt><sln:powNazwa>chodzieski</sln:powNazwa><sln:waznyOd>2013-06-28T00:00:00+02:00</sln:waznyOd><sln:wojIIPId>c606b01a-76c8-480d-9470-f24ca0d7a613</sln:wojIIPId><sln:wojIIPPn>PL.PZGIK.200</sln:wojIIPPn><sln:wojIIPWersja>2016-05-05T18:20:48+02:00</sln:wojIIPWersja><sln:wojIdTeryt>30</sln:wojIdTeryt><sln:wojNazwa>wielkopolskie</sln:wojNazwa></sln:miejscowosc><sln:miejscowosc><sln:cyklZyciaOd>2017-03-31T00:00:00+02:00</sln:cyklZyciaOd><sln:gmIIPId>87943350-7ba3-4616-9f6e-e3391141321c</sln:gmIIPId><sln:gmIIPPn>PL.PZGIK.200</sln:gmIIPPn><sln:gmIIPWersja>2012-09-26T22:22:23+02:00</sln:gmIIPWersja><sln:gmIdTeryt>3001053</sln:gmIdTeryt><sln:gmNazwa>Szamocin</sln:gmNazwa><sln:miejscIIPId>79922a6a-d9b8-411f-803e-27e1c4da4869</sln:miejscIIPId><sln:miejscIIPPn>PL.PZGIK.200</sln:miejscIIPPn><sln:miejscIIPWersja>2017-03-31T10:09:20+02:00</sln:miejscIIPWersja><sln:miejscIdTeryt>0529545</sln:miejscIdTeryt><sln:miejscNazwa>Heliodorowo</sln:miejscNazwa><sln:miejscRodzaj>Wieś</sln:miejscRodzaj><sln:powIIPId>9412ef04-6c6b-448a-9f10-c15e17808f12</sln:powIIPId><sln:powIIPPn>PL.PZGIK.200</sln:powIIPPn><sln:powIIPWersja>2012-09-27T08:59:03+02:00</sln:powIIPWersja><sln:powIdTeryt>3001</sln:powIdTeryt><sln:powNazwa>chodzieski</sln:powNazwa><sln:waznyOd>2013-06-28T00:00:00+02:00</sln:waznyOd><sln:wojIIPId>c606b01a-76c8-480d-9470-f24ca0d7a613</sln:wojIIPId><sln:wojIIPPn>PL.PZGIK.200</sln:wojIIPPn><sln:wojIIPWersja>2016-05-05T18:20:48+02:00</sln:wojIIPWersja><sln:wojIdTeryt>30</sln:wojIdTeryt><sln:wojNazwa>wielkopolskie</sln:wojNazwa></sln:miejscowosc><sln:miejscowosc><sln:cyklZyciaOd>2017-03-31T00:00:00+02:00</sln:cyklZyciaOd><sln:gmIIPId>87943350-7ba3-4616-9f6e-e3391141321c</sln:gmIIPId><sln:gmIIPPn>PL.PZGIK.200</sln:gmIIPPn><sln:gmIIPWersja>2012-09-26T22:22:23+02:00</sln:gmIIPWersja><sln:gmIdTeryt>3001053</sln:gmIdTeryt><sln:gmNazwa>Szamocin</sln:gmNazwa><sln:miejscIIPId>864c397a-8272-44f1-b85e-ddf0f6bd74cc</sln:miejscIIPId><sln:miejscIIPPn>PL.PZGIK.200</sln:miejscIIPPn><sln:miejscIIPWersja>2017-03-31T10:09:20+02:00</sln:miejscIIPWersja><sln:miejscIdTeryt>0529551</sln:miejscIdTeryt><sln:miejscNazwa>Laskowo</sln:miejscNazwa><sln:miejscRodzaj>Wieś</sln:miejscRodzaj><sln:powIIPId>9412ef04-6c6b-448a-9f10-c15e17808f12</sln:powIIPId><sln:powIIPPn>PL.PZGIK.200</sln:powIIPPn><sln:powIIPWersja>2012-09-27T08:59:03+02:00</sln:powIIPWersja><sln:powIdTeryt>3001</sln:powIdTeryt><sln:powNazwa>chodzieski</sln:powNazwa><sln:waznyOd>2013-06-28T00:00:00+02:00</sln:waznyOd><sln:wojIIPId>c606b01a-76c8-480d-9470-f24ca0d7a613</sln:wojIIPId><sln:wojIIPPn>PL.PZGIK.200</sln:wojIIPPn><sln:wojIIPWersja>2016-05-05T18:20:48+02:00</sln:wojIIPWersja><sln:wojIdTeryt>30</sln:wojIdTeryt><sln:wojNazwa>wielkopolskie</sln:wojNazwa></sln:miejscowosc><sln:miejscowosc><sln:cyklZyciaOd>2017-03-31T00:00:00+02:00</sln:cyklZyciaOd><sln:gmIIPId>87943350-7ba3-4616-9f6e-e3391141321c</sln:gmIIPId><sln:gmIIPPn>PL.PZGIK.200</sln:gmIIPPn><sln:gmIIPWersja>2012-09-26T22:22:23+02:00</sln:gmIIPWersja><sln:gmIdTeryt>3001053</sln:gmIdTeryt><sln:gmNazwa>Szamocin</sln:gmNazwa><sln:miejscIIPId>c73c0f62-6737-45c5-91bc-f386cb439121</sln:miejscIIPId><sln:miejscIIPPn>PL.PZGIK.200</sln:miejscIIPPn><sln:miejscIIPWersja>2017-03-31T10:09:20+02:00</sln:miejscIIPWersja><sln:miejscIdTeryt>0529568</sln:miejscIdTeryt><sln:miejscNazwa>Mielimąka</sln:miejscNazwa><sln:miejscRodzaj>Inny obiekt</sln:miejscRodzaj><sln:powIIPId>9412ef04-6c6b-448a-9f10-c15e17808f12</sln:powIIPId><sln:powIIPPn>PL.PZGIK.200</sln:powIIPPn><sln:powIIPWersja>2012-09-27T08:59:03+02:00</sln:powIIPWersja><sln:powIdTeryt>3001</sln:powIdTeryt><sln:powNazwa>chodzieski</sln:powNazwa><sln:waznyOd>2013-06-28T00:00:00+02:00</sln:waznyOd><sln:wojIIPId>c606b01a-76c8-480d-9470-f24ca0d7a613</sln:wojIIPId><sln:wojIIPPn>PL.PZGIK.200</sln:wojIIPPn><sln:wojIIPWersja>2016-05-05T18:20:48+02:00</sln:wojIIPWersja><sln:wojIdTeryt>30</sln:wojIdTeryt><sln:wojNazwa>wielkopolskie</sln:wojNazwa></sln:miejscowosc><sln:miejscowosc><sln:cyklZyciaOd>2017-03-31T00:00:00+02:00</sln:cyklZyciaOd><sln:gmIIPId>87943350-7ba3-4616-9f6e-e3391141321c</sln:gmIIPId><sln:gmIIPPn>PL.PZGIK.200</sln:gmIIPPn><sln:gmIIPWersja>2012-09-26T22:22:23+02:00</sln:gmIIPWersja><sln:gmIdTeryt>3001053</sln:gmIdTeryt><sln:gmNazwa>Szamocin</sln:gmNazwa><sln:miejscIIPId>9f419e72-54aa-43ea-9070-9b2c6c26e5db</sln:miejscIIPId><sln:miejscIIPPn>PL.PZGIK.200</sln:miejscIIPPn><sln:miejscIIPWersja>2017-03-31T10:09:20+02:00</sln:miejscIIPWersja><sln:miejscIdTeryt>0529574</sln:miejscIdTeryt><sln:miejscNazwa>Nowy Młyn Drugi</sln:miejscNazwa><sln:miejscRodzaj>Inny obiekt</sln:miejscRodzaj><sln:powIIPId>9412ef04-6c6b-448a-9f10-c15e17808f12</sln:powIIPId><sln:powIIPPn>PL.PZGIK.200</sln:powIIPPn><sln:powIIPWersja>2012-09-27T08:59:03+02:00</sln:powIIPWersja><sln:powIdTeryt>3001</sln:powIdTeryt><sln:powNazwa>chodzieski</sln:powNazwa><sln:waznyOd>2013-07-03T00:00:00+02:00</sln:waznyOd><sln:wojIIPId>c606b01a-76c8-480d-9470-f24ca0d7a613</sln:wojIIPId><sln:wojIIPPn>PL.PZGIK.200</sln:wojIIPPn><sln:wojIIPWersja>2016-05-05T18:20:48+02:00</sln:wojIIPWersja><sln:wojIdTeryt>30</sln:wojIdTeryt><sln:wojNazwa>wielkopolskie</sln:wojNazwa></sln:miejscowosc><sln:miejscowosc><sln:cyklZyciaOd>2017-03-31T00:00:00+02:00</sln:cyklZyciaOd><sln:gmIIPId>87943350-7ba3-4616-9f6e-e3391141321c</sln:gmIIPId><sln:gmIIPPn>PL.PZGIK.200</sln:gmIIPPn><sln:gmIIPWersja>2012-09-26T22:22:23+02:00</sln:gmIIPWersja><sln:gmIdTeryt>3001053</sln:gmIdTeryt><sln:gmNazwa>Szamocin</sln:gmNazwa><sln:miejscIIPId>bac30279-cd4c-4d61-a7a1-8ff6030d00aa</sln:miejscIIPId><sln:miejscIIPPn>PL.PZGIK.200</sln:miejscIIPPn><sln:miejscIIPWersja>2017-03-31T10:09:20+02:00</sln:miejscIIPWersja><sln:miejscIdTeryt>0529580</sln:miejscIdTeryt><sln:miejscNazwa>Piłka</sln:miejscNazwa><sln:miejscRodzaj>Inny obiekt</sln:miejscRodzaj><sln:powIIPId>9412ef04-6c6b-448a-9f10-c15e17808f12</sln:powIIPId><sln:powIIPPn>PL.PZGIK.200</sln:powIIPPn><sln:powIIPWersja>2012-09-27T08:59:03+02:00</sln:powIIPWersja><sln:powIdTeryt>3001</sln:powIdTeryt><sln:powNazwa>chodzieski</sln:powNazwa><sln:waznyOd>2013-06-28T00:00:00+02:00</sln:waznyOd><sln:wojIIPId>c606b01a-76c8-480d-9470-f24ca0d7a613</sln:wojIIPId><sln:wojIIPPn>PL.PZGIK.200</sln:wojIIPPn><sln:wojIIPWersja>2016-05-05T18:20:48+02:00</sln:wojIIPWersja><sln:wojIdTeryt>30</sln:wojIdTeryt><sln:wojNazwa>wielkopolskie</sln:wojNazwa></sln:miejscowosc><sln:miejscowosc><sln:cyklZyciaOd>2017-03-31T00:00:00+02:00</sln:cyklZyciaOd><sln:gmIIPId>87943350-7ba3-4616-9f6e-e3391141321c</sln:gmIIPId><sln:gmIIPPn>PL.PZGIK.200</sln:gmIIPPn><sln:gmIIPWersja>2012-09-26T22:22:23+02:00</sln:gmIIPWersja><sln:gmIdTeryt>3001053</sln:gmIdTeryt><sln:gmNazwa>Szamocin</sln:gmNazwa><sln:miejscIIPId>fe7af8dc-ea07-4184-bbd6-0dea1eb81554</sln:miejscIIPId><sln:miejscIIPPn>PL.PZGIK.200</sln:miejscIIPPn><sln:miejscIIPWersja>2017-03-31T10:09:20+02:00</sln:miejscIIPWersja><sln:miejscIdTeryt>0529611</sln:miejscIdTeryt><sln:miejscNazwa>Lipa</sln:miejscNazwa><sln:miejscRodzaj>Wieś</sln:miejscRodzaj><sln:powIIPId>9412ef04-6c6b-448a-9f10-c15e17808f12</sln:powIIPId><sln:powIIPPn>PL.PZGIK.200</sln:powIIPPn><sln:powIIPWersja>2012-09-27T08:59:03+02:00</sln:powIIPWersja><sln:powIdTeryt>3001</sln:powIdTeryt><sln:powNazwa>chodzieski</sln:powNazwa><sln:waznyOd>2013-06-28T00:00:00+02:00</sln:waznyOd><sln:wojIIPId>c606b01a-76c8-480d-9470-f24ca0d7a613</sln:wojIIPId><sln:wojIIPPn>PL.PZGIK.200</sln:wojIIPPn><sln:wojIIPWersja>2016-05-05T18:20:48+02:00</sln:wojIIPWersja><sln:wojIdTeryt>30</sln:wojIdTeryt><sln:wojNazwa>wielkopolskie</sln:wojNazwa></sln:miejscowosc><sln:miejscowosc><sln:cyklZyciaOd>2017-03-31T00:00:00+02:00</sln:cyklZyciaOd><sln:gmIIPId>87943350-7ba3-4616-9f6e-e3391141321c</sln:gmIIPId><sln:gmIIPPn>PL.PZGIK.200</sln:gmIIPPn><sln:gmIIPWersja>2012-09-26T22:22:23+02:00</sln:gmIIPWersja><sln:gmIdTeryt>3001053</sln:gmIdTeryt><sln:gmNazwa>Szamocin</sln:gmNazwa><sln:miejscIIPId>3ba152a9-abbb-44a3-89e2-bd22a56a5a56</sln:miejscIIPId><sln:miejscIIPPn>PL.PZGIK.200</sln:miejscIIPPn><sln:miejscIIPWersja>2017-03-31T10:09:20+02:00</sln:miejscIIPWersja><sln:miejscIdTeryt>0529628</sln:miejscIdTeryt><sln:miejscNazwa>Lipia Góra</sln:miejscNazwa><sln:miejscRodzaj>Wieś</sln:miejscRodzaj><sln:powIIPId>9412ef04-6c6b-448a-9f10-c15e17808f12</sln:powIIPId><sln:powIIPPn>PL.PZGIK.200</sln:powIIPPn><sln:powIIPWersja>2012-09-27T08:59:03+02:00</sln:powIIPWersja><sln:powIdTeryt>3001</sln:powIdTeryt><sln:powNazwa>chodzieski</sln:powNazwa><sln:waznyOd>2013-06-28T00:00:00+02:00</sln:waznyOd><sln:wojIIPId>c606b01a-76c8-480d-9470-f24ca0d7a613</sln:wojIIPId><sln:wojIIPPn>PL.PZGIK.200</sln:wojIIPPn><sln:wojIIPWersja>2016-05-05T18:20:48+02:00</sln:wojIIPWersja><sln:wojIdTeryt>30</sln:wojIdTeryt><sln:wojNazwa>wielkopolskie</sln:wojNazwa></sln:miejscowosc><sln:miejscowosc><sln:cyklZyciaOd>2017-03-31T00:00:00+02:00</sln:cyklZyciaOd><sln:gmIIPId>87943350-7ba3-4616-9f6e-e3391141321c</sln:gmIIPId><sln:gmIIPPn>PL.PZGIK.200</sln:gmIIPPn><sln:gmIIPWersja>2012-09-26T22:22:23+02:00</sln:gmIIPWersja><sln:gmIdTeryt>3001053</sln:gmIdTeryt><sln:gmNazwa>Szamocin</sln:gmNazwa><sln:miejscIIPId>2dccb37b-7264-4cc3-9921-8e304a6f48aa</sln:miejscIIPId><sln:miejscIIPPn>PL.PZGIK.200</sln:miejscIIPPn><sln:miejscIIPWersja>2017-03-31T10:09:20+02:00</sln:miejscIIPWersja><sln:miejscIdTeryt>0529640</sln:miejscIdTeryt><sln:miejscNazwa>Nałęcza</sln:miejscNazwa><sln:miejscRodzaj>Wieś</sln:miejscRodzaj><sln:powIIPId>9412ef04-6c6b-448a-9f10-c15e17808f12</sln:powIIPId><sln:powIIPPn>PL.PZGIK.200</sln:powIIPPn><sln:powIIPWersja>2012-09-27T08:59:03+02:00</sln:powIIPWersja><sln:powIdTeryt>3001</sln:powIdTeryt><sln:powNazwa>chodzieski</sln:powNazwa><sln:waznyOd>2013-06-28T00:00:00+02:00</sln:waznyOd><sln:wojIIPId>c606b01a-76c8-480d-9470-f24ca0d7a613</sln:wojIIPId><sln:wojIIPPn>PL.PZGIK.200</sln:wojIIPPn><sln:wojIIPWersja>2016-05-05T18:20:48+02:00</sln:wojIIPWersja><sln:wojIdTeryt>30</sln:wojIdTeryt><sln:wojNazwa>wielkopolskie</sln:wojNazwa></sln:miejscowosc><sln:miejscowosc><sln:cyklZyciaOd>2017-03-31T00:00:00+02:00</sln:cyklZyciaOd><sln:gmIIPId>87943350-7ba3-4616-9f6e-e3391141321c</sln:gmIIPId><sln:gmIIPPn>PL.PZGIK.200</sln:gmIIPPn><sln:gmIIPWersja>2012-09-26T22:22:23+02:00</sln:gmIIPWersja><sln:gmIdTeryt>3001053</sln:gmIdTeryt><sln:gmNazwa>Szamocin</sln:gmNazwa><sln:miejscIIPId>974e7a71-8b64-4aa7-981e-e13c5798bd30</sln:miejscIIPId><sln:miejscIIPPn>PL.PZGIK.200</sln:miejscIIPPn><sln:miejscIIPWersja>2017-03-31T10:09:20+02:00</sln:miejscIIPWersja><sln:miejscIdTeryt>0529663</sln:miejscIdTeryt><sln:miejscNazwa>Józefowice</sln:miejscNazwa><sln:miejscRodzaj>Wieś</sln:miejscRodzaj><sln:powIIPId>9412ef04-6c6b-448a-9f10-c15e17808f12</sln:powIIPId><sln:powIIPPn>PL.PZGIK.200</sln:powIIPPn><sln:powIIPWersja>2012-09-27T08:59:03+02:00</sln:powIIPWersja><sln:powIdTeryt>3001</sln:powIdTeryt><sln:powNazwa>chodzieski</sln:powNazwa><sln:waznyOd>2013-06-28T00:00:00+02:00</sln:waznyOd><sln:wojIIPId>c606b01a-76c8-480d-9470-f24ca0d7a613</sln:wojIIPId><sln:wojIIPPn>PL.PZGIK.200</sln:wojIIPPn><sln:wojIIPWersja>2016-05-05T18:20:48+02:00</sln:wojIIPWersja><sln:wojIdTeryt>30</sln:wojIdTeryt><sln:wojNazwa>wielkopolskie</sln:wojNazwa></sln:miejscowosc><sln:miejscowosc><sln:cyklZyciaOd>2017-03-31T00:00:00+02:00</sln:cyklZyciaOd><sln:gmIIPId>87943350-7ba3-4616-9f6e-e3391141321c</sln:gmIIPId><sln:gmIIPPn>PL.PZGIK.200</sln:gmIIPPn><sln:gmIIPWersja>2012-09-26T22:22:23+02:00</sln:gmIIPWersja><sln:gmIdTeryt>3001053</sln:gmIdTeryt><sln:gmNazwa>Szamocin</sln:gmNazwa><sln:miejscIIPId>5b227075-1144-461e-9aa8-c3a8ce37d7df</sln:miejscIIPId><sln:miejscIIPPn>PL.PZGIK.200</sln:miejscIIPPn><sln:miejscIIPWersja>2017-03-31T10:09:20+02:00</sln:miejscIIPWersja><sln:miejscIdTeryt>0529670</sln:miejscIdTeryt><sln:miejscNazwa>Kozarzyn</sln:miejscNazwa><sln:miejscRodzaj>Inny obiekt</sln:miejscRodzaj><sln:powIIPId>9412ef04-6c6b-448a-9f10-c15e17808f12</sln:powIIPId><sln:powIIPPn>PL.PZGIK.200</sln:powIIPPn><sln:powIIPWersja>2012-09-27T08:59:03+02:00</sln:powIIPWersja><sln:powIdTeryt>3001</sln:powIdTeryt><sln:powNazwa>chodzieski</sln:powNazwa><sln:waznyOd>2013-07-02T00:00:00+02:00</sln:waznyOd><sln:wojIIPId>c606b01a-76c8-480d-9470-f24ca0d7a613</sln:wojIIPId><sln:wojIIPPn>PL.PZGIK.200</sln:wojIIPPn><sln:wojIIPWersja>2016-05-05T18:20:48+02:00</sln:wojIIPWersja><sln:wojIdTeryt>30</sln:wojIdTeryt><sln:wojNazwa>wielkopolskie</sln:wojNazwa></sln:miejscowosc><sln:miejscowosc><sln:cyklZyciaOd>2017-03-31T00:00:00+02:00</sln:cyklZyciaOd><sln:gmIIPId>87943350-7ba3-4616-9f6e-e3391141321c</sln:gmIIPId><sln:gmIIPPn>PL.PZGIK.200</sln:gmIIPPn><sln:gmIIPWersja>2012-09-26T22:22:23+02:00</sln:gmIIPWersja><sln:gmIdTeryt>3001053</sln:gmIdTeryt><sln:gmNazwa>Szamocin</sln:gmNazwa><sln:miejscIIPId>332e4bc5-e5b8-4a1d-a974-6ed38b009ff6</sln:miejscIIPId><sln:miejscIIPPn>PL.PZGIK.200</sln:miejscIIPPn><sln:miejscIIPWersja>2017-03-31T10:09:20+02:00</sln:miejscIIPWersja><sln:miejscIdTeryt>0529686</sln:miejscIdTeryt><sln:miejscNazwa>Nowy Dwór</sln:miejscNazwa><sln:miejscRodzaj>Wieś</sln:miejscRodzaj><sln:powIIPId>9412ef04-6c6b-448a-9f10-c15e17808f12</sln:powIIPId><sln:powIIPPn>PL.PZGIK.200</sln:powIIPPn><sln:powIIPWersja>2012-09-27T08:59:03+02:00</sln:powIIPWersja><sln:powIdTeryt>3001</sln:powIdTeryt><sln:powNazwa>chodzieski</sln:powNazwa><sln:waznyOd>2013-06-28T00:00:00+02:00</sln:waznyOd><sln:wojIIPId>c606b01a-76c8-480d-9470-f24ca0d7a613</sln:wojIIPId><sln:wojIIPPn>PL.PZGIK.200</sln:wojIIPPn><sln:wojIIPWersja>2016-05-05T18:20:48+02:00</sln:wojIIPWersja><sln:wojIdTeryt>30</sln:wojIdTeryt><sln:wojNazwa>wielkopolskie</sln:wojNazwa></sln:miejscowosc><sln:miejscowosc><sln:cyklZyciaOd>2017-03-31T00:00:00+02:00</sln:cyklZyciaOd><sln:gmIIPId>87943350-7ba3-4616-9f6e-e3391141321c</sln:gmIIPId><sln:gmIIPPn>PL.PZGIK.200</sln:gmIIPPn><sln:gmIIPWersja>2012-09-26T22:22:23+02:00</sln:gmIIPWersja><sln:gmIdTeryt>3001053</sln:gmIdTeryt><sln:gmNazwa>Szamocin</sln:gmNazwa><sln:miejscIIPId>399ad8ef-40f9-4d38-9ed2-ddec9d35da06</sln:miejscIIPId><sln:miejscIIPPn>PL.PZGIK.200</sln:miejscIIPPn><sln:miejscIIPWersja>2017-03-31T10:09:20+02:00</sln:miejscIIPWersja><sln:miejscIdTeryt>0529692</sln:miejscIdTeryt><sln:miejscNazwa>Józefowo</sln:miejscNazwa><sln:miejscRodzaj>Inny obiekt</sln:miejscRodzaj><sln:powIIPId>9412ef04-6c6b-448a-9f10-c15e17808f12</sln:powIIPId><sln:powIIPPn>PL.PZGIK.200</sln:powIIPPn><sln:powIIPWersja>2012-09-27T08:59:03+02:00</sln:powIIPWersja><sln:powIdTeryt>3001</sln:powIdTeryt><sln:powNazwa>chodzieski</sln:powNazwa><sln:waznyOd>2013-07-02T00:00:00+02:00</sln:waznyOd><sln:wojIIPId>c606b01a-76c8-480d-9470-f24ca0d7a613</sln:wojIIPId><sln:wojIIPPn>PL.PZGIK.200</sln:wojIIPPn><sln:wojIIPWersja>2016-05-05T18:20:48+02:00</sln:wojIIPWersja><sln:wojIdTeryt>30</sln:wojIdTeryt><sln:wojNazwa>wielkopolskie</sln:wojNazwa></sln:miejscowosc><sln:miejscowosc><sln:cyklZyciaOd>2017-03-31T00:00:00+02:00</sln:cyklZyciaOd><sln:gmIIPId>87943350-7ba3-4616-9f6e-e3391141321c</sln:gmIIPId><sln:gmIIPPn>PL.PZGIK.200</sln:gmIIPPn><sln:gmIIPWersja>2012-09-26T22:22:23+02:00</sln:gmIIPWersja><sln:gmIdTeryt>3001053</sln:gmIdTeryt><sln:gmNazwa>Szamocin</sln:gmNazwa><sln:miejscIIPId>414ea409-5fbb-452f-ad59-54145c4b368f</sln:miejscIIPId><sln:miejscIIPPn>PL.PZGIK.200</sln:miejscIIPPn><sln:miejscIIPWersja>2017-03-31T10:09:21+02:00</sln:miejscIIPWersja><sln:miejscIdTeryt>0529700</sln:miejscIdTeryt><sln:miejscNazwa>Sokolec</sln:miejscNazwa><sln:miejscRodzaj>Wieś</sln:miejscRodzaj><sln:powIIPId>9412ef04-6c6b-448a-9f10-c15e17808f12</sln:powIIPId><sln:powIIPPn>PL.PZGIK.200</sln:powIIPPn><sln:powIIPWersja>2012-09-27T08:59:03+02:00</sln:powIIPWersja><sln:powIdTeryt>3001</sln:powIdTeryt><sln:powNazwa>chodzieski</sln:powNazwa><sln:waznyOd>2013-06-28T00:00:00+02:00</sln:waznyOd><sln:wojIIPId>c606b01a-76c8-480d-9470-f24ca0d7a613</sln:wojIIPId><sln:wojIIPPn>PL.PZGIK.200</sln:wojIIPPn><sln:wojIIPWersja>2016-05-05T18:20:48+02:00</sln:wojIIPWersja><sln:wojIdTeryt>30</sln:wojIdTeryt><sln:wojNazwa>wielkopolskie</sln:wojNazwa></sln:miejscowosc><sln:miejscowosc><sln:cyklZyciaOd>2017-03-31T00:00:00+02:00</sln:cyklZyciaOd><sln:gmIIPId>87943350-7ba3-4616-9f6e-e3391141321c</sln:gmIIPId><sln:gmIIPPn>PL.PZGIK.200</sln:gmIIPPn><sln:gmIIPWersja>2012-09-26T22:22:23+02:00</sln:gmIIPWersja><sln:gmIdTeryt>3001053</sln:gmIdTeryt><sln:gmNazwa>Szamocin</sln:gmNazwa><sln:miejscIIPId>0213803d-a512-4ef5-9c3a-58de4f187ba1</sln:miejscIIPId><sln:miejscIIPPn>PL.PZGIK.200</sln:miejscIIPPn><sln:miejscIIPWersja>2017-03-31T10:09:21+02:00</sln:miejscIIPWersja><sln:miejscIdTeryt>0529723</sln:miejscIdTeryt><sln:miejscNazwa>Strzelczyki</sln:miejscNazwa><sln:miejscRodzaj>Wieś</sln:miejscRodzaj><sln:powIIPId>9412ef04-6c6b-448a-9f10-c15e17808f12</sln:powIIPId><sln:powIIPPn>PL.PZGIK.200</sln:powIIPPn><sln:powIIPWersja>2012-09-27T08:59:03+02:00</sln:powIIPWersja><sln:powIdTeryt>3001</sln:powIdTeryt><sln:powNazwa>chodzieski</sln:powNazwa><sln:waznyOd>2013-06-28T00:00:00+02:00</sln:waznyOd><sln:wojIIPId>c606b01a-76c8-480d-9470-f24ca0d7a613</sln:wojIIPId><sln:wojIIPPn>PL.PZGIK.200</sln:wojIIPPn><sln:wojIIPWersja>2016-05-05T18:20:48+02:00</sln:wojIIPWersja><sln:wojIdTeryt>30</sln:wojIdTeryt><sln:wojNazwa>wielkopolskie</sln:wojNazwa></sln:miejscowosc><sln:miejscowosc><sln:cyklZyciaOd>2017-03-31T00:00:00+02:00</sln:cyklZyciaOd><sln:gmIIPId>87943350-7ba3-4616-9f6e-e3391141321c</sln:gmIIPId><sln:gmIIPPn>PL.PZGIK.200</sln:gmIIPPn><sln:gmIIPWersja>2012-09-26T22:22:23+02:00</sln:gmIIPWersja><sln:gmIdTeryt>3001053</sln:gmIdTeryt><sln:gmNazwa>Szamocin</sln:gmNazwa><sln:miejscIIPId>5e42f9ab-fe55-4354-9045-1be14734aa7c</sln:miejscIIPId><sln:miejscIIPPn>PL.PZGIK.200</sln:miejscIIPPn><sln:miejscIIPWersja>2017-03-31T10:09:21+02:00</sln:miejscIIPWersja><sln:miejscIdTeryt>0529730</sln:miejscIdTeryt><sln:miejscNazwa>Nadolniki</sln:miejscNazwa><sln:miejscRodzaj>Przysiółek</sln:miejscRodzaj><sln:powIIPId>9412ef04-6c6b-448a-9f10-c15e17808f12</sln:powIIPId><sln:powIIPPn>PL.PZGIK.200</sln:powIIPPn><sln:powIIPWersja>2012-09-27T08:59:03+02:00</sln:powIIPWersja><sln:powIdTeryt>3001</sln:powIdTeryt><sln:powNazwa>chodzieski</sln:powNazwa><sln:waznyOd>2013-07-02T00:00:00+02:00</sln:waznyOd><sln:wojIIPId>c606b01a-76c8-480d-9470-f24ca0d7a613</sln:wojIIPId><sln:wojIIPPn>PL.PZGIK.200</sln:wojIIPPn><sln:wojIIPWersja>2016-05-05T18:20:48+02:00</sln:wojIIPWersja><sln:wojIdTeryt>30</sln:wojIdTeryt><sln:wojNazwa>wielkopolskie</sln:wojNazwa></sln:miejscowosc><sln:miejscowosc><sln:cyklZyciaOd>2017-03-31T00:00:00+02:00</sln:cyklZyciaOd><sln:gmIIPId>87943350-7ba3-4616-9f6e-e3391141321c</sln:gmIIPId><sln:gmIIPPn>PL.PZGIK.200</sln:gmIIPPn><sln:gmIIPWersja>2012-09-26T22:22:23+02:00</sln:gmIIPWersja><sln:gmIdTeryt>3001053</sln:gmIdTeryt><sln:gmNazwa>Szamocin</sln:gmNazwa><sln:miejscIIPId>c1982b04-ca1e-4c6e-839f-406ba27076d9</sln:miejscIIPId><sln:miejscIIPPn>PL.PZGIK.200</sln:miejscIIPPn><sln:miejscIIPWersja>2017-03-31T10:09:21+02:00</sln:miejscIIPWersja><sln:miejscIdTeryt>0529746</sln:miejscIdTeryt><sln:miejscNazwa>Raczyn</sln:miejscNazwa><sln:miejscRodzaj>Wieś</sln:miejscRodzaj><sln:powIIPId>9412ef04-6c6b-448a-9f10-c15e17808f12</sln:powIIPId><sln:powIIPPn>PL.PZGIK.200</sln:powIIPPn><sln:powIIPWersja>2012-09-27T08:59:03+02:00</sln:powIIPWersja><sln:powIdTeryt>3001</sln:powIdTeryt><sln:powNazwa>chodzieski</sln:powNazwa><sln:waznyOd>2013-06-28T00:00:00+02:00</sln:waznyOd><sln:wojIIPId>c606b01a-76c8-480d-9470-f24ca0d7a613</sln:wojIIPId><sln:wojIIPPn>PL.PZGIK.200</sln:wojIIPPn><sln:wojIIPWersja>2016-05-05T18:20:48+02:00</sln:wojIIPWersja><sln:wojIdTeryt>30</sln:wojIdTeryt><sln:wojNazwa>wielkopolskie</sln:wojNazwa></sln:miejscowosc><sln:miejscowosc><sln:cyklZyciaOd>2017-03-31T00:00:00+02:00</sln:cyklZyciaOd><sln:gmIIPId>87943350-7ba3-4616-9f6e-e3391141321c</sln:gmIIPId><sln:gmIIPPn>PL.PZGIK.200</sln:gmIIPPn><sln:gmIIPWersja>2012-09-26T22:22:23+02:00</sln:gmIIPWersja><sln:gmIdTeryt>3001053</sln:gmIdTeryt><sln:gmNazwa>Szamocin</sln:gmNazwa><sln:miejscIIPId>2bd7ca69-f509-4d5e-88b0-173f3b179242</sln:miejscIIPId><sln:miejscIIPPn>PL.PZGIK.200</sln:miejscIIPPn><sln:miejscIIPWersja>2017-03-31T10:09:21+02:00</sln:miejscIIPWersja><sln:miejscIdTeryt>0529752</sln:miejscIdTeryt><sln:miejscNazwa>Swoboda</sln:miejscNazwa><sln:miejscRodzaj>Wieś</sln:miejscRodzaj><sln:powIIPId>9412ef04-6c6b-448a-9f10-c15e17808f12</sln:powIIPId><sln:powIIPPn>PL.PZGIK.200</sln:powIIPPn><sln:powIIPWersja>2012-09-27T08:59:03+02:00</sln:powIIPWersja><sln:powIdTeryt>3001</sln:powIdTeryt><sln:powNazwa>chodzieski</sln:powNazwa><sln:waznyOd>2013-06-28T00:00:00+02:00</sln:waznyOd><sln:wojIIPId>c606b01a-76c8-480d-9470-f24ca0d7a613</sln:wojIIPId><sln:wojIIPPn>PL.PZGIK.200</sln:wojIIPPn><sln:wojIIPWersja>2016-05-05T18:20:48+02:00</sln:wojIIPWersja><sln:wojIdTeryt>30</sln:wojIdTeryt><sln:wojNazwa>wielkopolskie</sln:wojNazwa></sln:miejscowosc><sln:miejscowosc><sln:cyklZyciaOd>2017-03-31T00:00:00+02:00</sln:cyklZyciaOd><sln:gmIIPId>87943350-7ba3-4616-9f6e-e3391141321c</sln:gmIIPId><sln:gmIIPPn>PL.PZGIK.200</sln:gmIIPPn><sln:gmIIPWersja>2012-09-26T22:22:23+02:00</sln:gmIIPWersja><sln:gmIdTeryt>3001053</sln:gmIdTeryt><sln:gmNazwa>Szamocin</sln:gmNazwa><sln:miejscIIPId>2d7728c0-9824-4386-beaf-20690aa20ca2</sln:miejscIIPId><sln:miejscIIPPn>PL.PZGIK.200</sln:miejscIIPPn><sln:miejscIIPWersja>2017-03-31T10:09:21+02:00</sln:miejscIIPWersja><sln:miejscIdTeryt>0529769</sln:miejscIdTeryt><sln:miejscNazwa>Jaktorowo</sln:miejscNazwa><sln:miejscRodzaj>Wieś</sln:miejscRodzaj><sln:powIIPId>9412ef04-6c6b-448a-9f10-c15e17808f12</sln:powIIPId><sln:powIIPPn>PL.PZGIK.200</sln:powIIPPn><sln:powIIPWersja>2012-09-27T08:59:03+02:00</sln:powIIPWersja><sln:powIdTeryt>3001</sln:powIdTeryt><sln:powNazwa>chodzieski</sln:powNazwa><sln:waznyOd>2013-06-28T00:00:00+02:00</sln:waznyOd><sln:wojIIPId>c606b01a-76c8-480d-9470-f24ca0d7a613</sln:wojIIPId><sln:wojIIPPn>PL.PZGIK.200</sln:wojIIPPn><sln:wojIIPWersja>2016-05-05T18:20:48+02:00</sln:wojIIPWersja><sln:wojIdTeryt>30</sln:wojIdTeryt><sln:wojNazwa>wielkopolskie</sln:wojNazwa></sln:miejscowosc><sln:miejscowosc><sln:cyklZyciaOd>2017-03-31T00:00:00+02:00</sln:cyklZyciaOd><sln:gmIIPId>87943350-7ba3-4616-9f6e-e3391141321c</sln:gmIIPId><sln:gmIIPPn>PL.PZGIK.200</sln:gmIIPPn><sln:gmIIPWersja>2012-09-26T22:22:23+02:00</sln:gmIIPWersja><sln:gmIdTeryt>3001053</sln:gmIdTeryt><sln:gmNazwa>Szamocin</sln:gmNazwa><sln:miejscIIPId>09f49ac2-9740-4c9f-a26b-067a07843ebe</sln:miejscIIPId><sln:miejscIIPPn>PL.PZGIK.200</sln:miejscIIPPn><sln:miejscIIPWersja>2017-03-31T10:09:21+02:00</sln:miejscIIPWersja><sln:miejscIdTeryt>0529781</sln:miejscIdTeryt><sln:miejscNazwa>Jaktorówko</sln:miejscNazwa><sln:miejscRodzaj>Inny obiekt</sln:miejscRodzaj><sln:powIIPId>9412ef04-6c6b-448a-9f10-c15e17808f12</sln:powIIPId><sln:powIIPPn>PL.PZGIK.200</sln:powIIPPn><sln:powIIPWersja>2012-09-27T08:59:03+02:00</sln:powIIPWersja><sln:powIdTeryt>3001</sln:powIdTeryt><sln:powNazwa>chodzieski</sln:powNazwa><sln:waznyOd>2013-06-28T00:00:00+02:00</sln:waznyOd><sln:wojIIPId>c606b01a-76c8-480d-9470-f24ca0d7a613</sln:wojIIPId><sln:wojIIPPn>PL.PZGIK.200</sln:wojIIPPn><sln:wojIIPWersja>2016-05-05T18:20:48+02:00</sln:wojIIPWersja><sln:wojIdTeryt>30</sln:wojIdTeryt><sln:wojNazwa>wielkopolskie</sln:wojNazwa></sln:miejscowosc><sln:miejscowosc><sln:cyklZyciaOd>2017-03-31T00:00:00+02:00</sln:cyklZyciaOd><sln:gmIIPId>87943350-7ba3-4616-9f6e-e3391141321c</sln:gmIIPId><sln:gmIIPPn>PL.PZGIK.200</sln:gmIIPPn><sln:gmIIPWersja>2012-09-26T22:22:23+02:00</sln:gmIIPWersja><sln:gmIdTeryt>3001053</sln:gmIdTeryt><sln:gmNazwa>Szamocin</sln:gmNazwa><sln:miejscIIPId>adaccd9f-2734-44aa-9e46-7b6538cf1645</sln:miejscIIPId><sln:miejscIIPPn>PL.PZGIK.200</sln:miejscIIPPn><sln:miejscIIPWersja>2017-03-31T10:09:21+02:00</sln:miejscIIPWersja><sln:miejscIdTeryt>0529798</sln:miejscIdTeryt><sln:miejscNazwa>Szamoty</sln:miejscNazwa><sln:miejscRodzaj>Wieś</sln:miejscRodzaj><sln:powIIPId>9412ef04-6c6b-448a-9f10-c15e17808f12</sln:powIIPId><sln:powIIPPn>PL.PZGIK.200</sln:powIIPPn><sln:powIIPWersja>2012-09-27T08:59:03+02:00</sln:powIIPWersja><sln:powIdTeryt>3001</sln:powIdTeryt><sln:powNazwa>chodzieski</sln:powNazwa><sln:waznyOd>2013-06-28T00:00:00+02:00</sln:waznyOd><sln:wojIIPId>c606b01a-76c8-480d-9470-f24ca0d7a613</sln:wojIIPId><sln:wojIIPPn>PL.PZGIK.200</sln:wojIIPPn><sln:wojIIPWersja>2016-05-05T18:20:48+02:00</sln:wojIIPWersja><sln:wojIdTeryt>30</sln:wojIdTeryt><sln:wojNazwa>wielkopolskie</sln:wojNazwa></sln:miejscowosc><sln:miejscowosc><sln:cyklZyciaOd>2017-03-31T00:00:00+02:00</sln:cyklZyciaOd><sln:gmIIPId>87943350-7ba3-4616-9f6e-e3391141321c</sln:gmIIPId><sln:gmIIPPn>PL.PZGIK.200</sln:gmIIPPn><sln:gmIIPWersja>2012-09-26T22:22:23+02:00</sln:gmIIPWersja><sln:gmIdTeryt>3001053</sln:gmIdTeryt><sln:gmNazwa>Szamocin</sln:gmNazwa><sln:miejscIIPId>ca30a3c4-1761-4fa6-89aa-5a343a727a80</sln:miejscIIPId><sln:miejscIIPPn>PL.PZGIK.200</sln:miejscIIPPn><sln:miejscIIPWersja>2017-03-31T10:09:21+02:00</sln:miejscIIPWersja><sln:miejscIdTeryt>0529806</sln:miejscIdTeryt><sln:miejscNazwa>Borówki</sln:miejscNazwa><sln:miejscRodzaj>Wieś</sln:miejscRodzaj><sln:powIIPId>9412ef04-6c6b-448a-9f10-c15e17808f12</sln:powIIPId><sln:powIIPPn>PL.PZGIK.200</sln:powIIPPn><sln:powIIPWersja>2012-09-27T08:59:03+02:00</sln:powIIPWersja><sln:powIdTeryt>3001</sln:powIdTeryt><sln:powNazwa>chodzieski</sln:powNazwa><sln:waznyOd>2013-06-28T00:00:00+02:00</sln:waznyOd><sln:wojIIPId>c606b01a-76c8-480d-9470-f24ca0d7a613</sln:wojIIPId><sln:wojIIPPn>PL.PZGIK.200</sln:wojIIPPn><sln:wojIIPWersja>2016-05-05T18:20:48+02:00</sln:wojIIPWersja><sln:wojIdTeryt>30</sln:wojIdTeryt><sln:wojNazwa>wielkopolskie</sln:wojNazwa></sln:miejscowosc><sln:miejscowosc><sln:cyklZyciaOd>2017-03-31T00:00:00+02:00</sln:cyklZyciaOd><sln:gmIIPId>87943350-7ba3-4616-9f6e-e3391141321c</sln:gmIIPId><sln:gmIIPPn>PL.PZGIK.200</sln:gmIIPPn><sln:gmIIPWersja>2012-09-26T22:22:23+02:00</sln:gmIIPWersja><sln:gmIdTeryt>3001053</sln:gmIdTeryt><sln:gmNazwa>Szamocin</sln:gmNazwa><sln:miejscIIPId>7f84aba4-19dd-4fb5-9251-6f81d06fd0f4</sln:miejscIIPId><sln:miejscIIPPn>PL.PZGIK.200</sln:miejscIIPPn><sln:miejscIIPWersja>2017-03-31T10:09:21+02:00</sln:miejscIIPWersja><sln:miejscIdTeryt>0967096</sln:miejscIdTeryt><sln:miejscNazwa>Szamocin</sln:miejscNazwa><sln:miejscRodzaj>Miasto</sln:miejscRodzaj><sln:powIIPId>9412ef04-6c6b-448a-9f10-c15e17808f12</sln:powIIPId><sln:powIIPPn>PL.PZGIK.200</sln:powIIPPn><sln:powIIPWersja>2012-09-27T08:59:03+02:00</sln:powIIPWersja><sln:powIdTeryt>3001</sln:powIdTeryt><sln:powNazwa>chodzieski</sln:powNazwa><sln:waznyOd>2013-06-28T00:00:00+02:00</sln:waznyOd><sln:wojIIPId>c606b01a-76c8-480d-9470-f24ca0d7a613</sln:wojIIPId><sln:wojIIPPn>PL.PZGIK.200</sln:wojIIPPn><sln:wojIIPWersja>2016-05-05T18:20:48+02:00</sln:wojIIPWersja><sln:wojIdTeryt>30</sln:wojIdTeryt><sln:wojNazwa>wielkopolskie</sln:wojNazwa></sln:miejscowosc></sln:lista-miejscowosci>