<?xml version="1.0" encoding="UTF-8" standalone="yes"?><sln:lista-miejscowosci xmlns:srv="http://gugik.gov.pl/schemas/slowniki-service/1.0" xmlns:sln="http://gugik.gov.pl/schemas/slowniki-schema/1.0"><sln:miejscowosc><sln:cyklZyciaDo>2017-03-31T00:00:00+02:00</sln:cyklZyciaDo><sln:cyklZyciaOd>2015-03-03T00:00:00+01:00</sln:cyklZyciaOd><sln:gmIIPId>02f9296d-8dc4-4f14-93ee-c457f0781608</sln:gmIIPId><sln:gmIIPPn>PL.PZGIK.200</sln:gmIIPPn><sln:gmIIPWersja>2012-09-26T22:23:44+02:00</sln:gmIIPWersja><sln:gmIdTeryt>3026043</sln:gmIdTeryt><sln:gmNazwa>Śrem</sln:gmNazwa><sln:miejscIIPId>fc8ba01e-9aaa-4aaf-a3d5-f6e69fcdf77a</sln:miejscIIPId><sln:miejscIIPPn>PL.PZGIK.200</sln:miejscIIPPn><sln:miejscIIPWersja>2016-11-24T11:27:17+02:00</sln:miejscIIPWersja><sln:miejscIdTeryt>0596116</sln:miejscIdTeryt><sln:miejscNazwa>Binkowo</sln:miejscNazwa><sln:miejscRodzaj>Inny obiekt</sln:miejscRodzaj><sln:powIIPId>2fc58bb6-d095-4f37-8f10-874797cb97fb</sln:powIIPId><sln:powIIPPn>PL.PZGIK.200</sln:powIIPPn><sln:powIIPWersja>2012-09-27T08:59:03+02:00</sln:powIIPWersja><sln:powIdTeryt>3026</sln:powIdTeryt><sln:powNazwa>śremski</sln:powNazwa><sln:waznyOd>2011-03-23T00:00:00+01:00</sln:waznyOd><sln:wojIIPId>c606b01a-76c8-480d-9470-f24ca0d7a613</sln:wojIIPId><sln:wojIIPPn>PL.PZGIK.200</sln:wojIIPPn><sln:wojIIPWersja>2016-05-05T18:20:48+02:00</sln:wojIIPWersja><sln:wojIdTeryt>30</sln:wojIdTeryt><sln:wojNazwa>wielkopolskie</sln:wojNazwa></sln:miejscowosc><sln:miejscowosc><sln:cyklZyciaDo>2017-03-31T00:00:00+02:00</sln:cyklZyciaDo><sln:cyklZyciaOd>2015-03-03T00:00:00+01:00</sln:cyklZyciaOd><sln:gmIIPId>02f9296d-8dc4-4f14-93ee-c457f0781608</sln:gmIIPId><sln:gmIIPPn>PL.PZGIK.200</sln:gmIIPPn><sln:gmIIPWersja>2012-09-26T22:23:44+02:00</sln:gmIIPWersja><sln:gmIdTeryt>3026043</sln:gmIdTeryt><sln:gmNazwa>Śrem</sln:gmNazwa><sln:miejscIIPId>3704ad53-970f-4dea-ab78-bfe8dd404550</sln:miejscIIPId><sln:miejscIIPPn>PL.PZGIK.200</sln:miejscIIPPn><sln:miejscIIPWersja>2016-11-24T11:27:17+02:00</sln:miejscIIPWersja><sln:miejscIdTeryt>0596139</sln:miejscIdTeryt><sln:miejscNazwa>Błociszewo</sln:miejscNazwa><sln:miejscRodzaj>Inny obiekt</sln:miejscRodzaj><sln:powIIPId>2fc58bb6-d095-4f37-8f10-874797cb97fb</sln:powIIPId><sln:powIIPPn>PL.PZGIK.200</sln:powIIPPn><sln:powIIPWersja>2012-09-27T08:59:03+02:00</sln:powIIPWersja><sln:powIdTeryt>3026</sln:powIdTeryt><sln:powNazwa>śremski</sln:powNazwa><sln:waznyOd>2011-03-23T00:00:00+01:00</sln:waznyOd><sln:wojIIPId>c606b01a-76c8-480d-9470-f24ca0d7a613</sln:wojIIPId><sln:wojIIPPn>PL.PZGIK.200</sln:wojIIPPn><sln:wojIIPWersja>2016-05-05T18:20:48+02:00</sln:wojIIPWersja><sln:wojIdTeryt>30</sln:wojIdTeryt><sln:wojNazwa>wielkopolskie</sln:wojNazwa></sln:miejscowosc><sln:miejscowosc><sln:cyklZyciaDo>2017-03-31T00:00:00+02:00</sln:cyklZyciaDo><sln:cyklZyciaOd>2015-03-03T00:00:00+01:00</sln:cyklZyciaOd><sln:gmIIPId>02f9296d-8dc4-4f14-93ee-c457f0781608</sln:gmIIPId><sln:gmIIPPn>PL.PZGIK.200</sln:gmIIPPn><sln:gmIIPWersja>2012-09-26T22:23:44+02:00</sln:gmIIPWersja><sln:gmIdTeryt>3026043</sln:gmIdTeryt><sln:gmNazwa>Śrem</sln:gmNazwa><sln:miejscIIPId>4edd8680-4d11-4f32-9c41-633c96af120b</sln:miejscIIPId><sln:miejscIIPPn>PL.PZGIK.200</sln:miejscIIPPn><sln:miejscIIPWersja>2016-11-24T11:27:17+02:00</sln:miejscIIPWersja><sln:miejscIdTeryt>0596151</sln:miejscIdTeryt><sln:miejscNazwa>Bodzyniewo</sln:miejscNazwa><sln:miejscRodzaj>Inny obiekt</sln:miejscRodzaj><sln:powIIPId>2fc58bb6-d095-4f37-8f10-874797cb97fb</sln:powIIPId><sln:powIIPPn>PL.PZGIK.200</sln:powIIPPn><sln:powIIPWersja>2012-09-27T08:59:03+02:00</sln:powIIPWersja><sln:powIdTeryt>3026</sln:powIdTeryt><sln:powNazwa>śremski</sln:powNazwa><sln:waznyOd>2011-03-23T00:00:00+01:00</sln:waznyOd><sln:wojIIPId>c606b01a-76c8-480d-9470-f24ca0d7a613</sln:wojIIPId><sln:wojIIPPn>PL.PZGIK.200</sln:wojIIPPn><sln:wojIIPWersja>2016-05-05T18:20:48+02:00</sln:wojIIPWersja><sln:wojIdTeryt>30</sln:wojIdTeryt><sln:wojNazwa>wielkopolskie</sln:wojNazwa></sln:miejscowosc><sln:miejscowosc><sln:cyklZyciaDo>2017-03-31T00:00:00+02:00</sln:cyklZyciaDo><sln:cyklZyciaOd>2015-03-03T00:00:00+01:00</sln:cyklZyciaOd><sln:gmIIPId>02f9296d-8dc4-4f14-93ee-c457f0781608</sln:gmIIPId><sln:gmIIPPn>PL.PZGIK.200</sln:gmIIPPn><sln:gmIIPWersja>2012-09-26T22:23:44+02:00</sln:gmIIPWersja><sln:gmIdTeryt>3026043</sln:gmIdTeryt><sln:gmNazwa>Śrem</sln:gmNazwa><sln:miejscIIPId>457663f1-dd0e-48fc-89b2-415c64e6bdb9</sln:miejscIIPId><sln:miejscIIPPn>PL.PZGIK.200</sln:miejscIIPPn><sln:miejscIIPWersja>2016-11-24T11:27:17+02:00</sln:miejscIIPWersja><sln:miejscIdTeryt>0596168</sln:miejscIdTeryt><sln:miejscNazwa>Borgowo</sln:miejscNazwa><sln:miejscRodzaj>Inny obiekt</sln:miejscRodzaj><sln:powIIPId>2fc58bb6-d095-4f37-8f10-874797cb97fb</sln:powIIPId><sln:powIIPPn>PL.PZGIK.200</sln:powIIPPn><sln:powIIPWersja>2012-09-27T08:59:03+02:00</sln:powIIPWersja><sln:powIdTeryt>3026</sln:powIdTeryt><sln:powNazwa>śremski</sln:powNazwa><sln:waznyOd>2011-03-23T00:00:00+01:00</sln:waznyOd><sln:wojIIPId>c606b01a-76c8-480d-9470-f24ca0d7a613</sln:wojIIPId><sln:wojIIPPn>PL.PZGIK.200</sln:wojIIPPn><sln:wojIIPWersja>2016-05-05T18:20:48+02:00</sln:wojIIPWersja><sln:wojIdTeryt>30</sln:wojIdTeryt><sln:wojNazwa>wielkopolskie</sln:wojNazwa></sln:miejscowosc><sln:miejscowosc><sln:cyklZyciaDo>2017-03-31T00:00:00+02:00</sln:cyklZyciaDo><sln:cyklZyciaOd>2015-03-03T00:00:00+01:00</sln:cyklZyciaOd><sln:gmIIPId>02f9296d-8dc4-4f14-93ee-c457f0781608</sln:gmIIPId><sln:gmIIPPn>PL.PZGIK.200</sln:gmIIPPn><sln:gmIIPWersja>2012-09-26T22:23:44+02:00</sln:gmIIPWersja><sln:gmIdTeryt>3026043</sln:gmIdTeryt><sln:gmNazwa>Śrem</sln:gmNazwa><sln:miejscIIPId>66ba829d-e4b8-411a-afcd-665d2583b930</sln:miejscIIPId><sln:miejscIIPPn>PL.PZGIK.200</sln:miejscIIPPn><sln:miejscIIPWersja>2016-11-24T11:27:17+02:00</sln:miejscIIPWersja><sln:miejscIdTeryt>0596180</sln:miejscIdTeryt><sln:miejscNazwa>Bystrzek</sln:miejscNazwa><sln:miejscRodzaj>Inny obiekt</sln:miejscRodzaj><sln:powIIPId>2fc58bb6-d095-4f37-8f10-874797cb97fb</sln:powIIPId><sln:powIIPPn>PL.PZGIK.200</sln:powIIPPn><sln:powIIPWersja>2012-09-27T08:59:03+02:00</sln:powIIPWersja><sln:powIdTeryt>3026</sln:powIdTeryt><sln:powNazwa>śremski</sln:powNazwa><sln:waznyOd>2011-03-23T00:00:00+01:00</sln:waznyOd><sln:wojIIPId>c606b01a-76c8-480d-9470-f24ca0d7a613</sln:wojIIPId><sln:wojIIPPn>PL.PZGIK.200</sln:wojIIPPn><sln:wojIIPWersja>2016-05-05T18:20:48+02:00</sln:wojIIPWersja><sln:wojIdTeryt>30</sln:wojIdTeryt><sln:wojNazwa>wielkopolskie</sln:wojNazwa></sln:miejscowosc><sln:miejscowosc><sln:cyklZyciaDo>2017-03-31T00:00:00+02:00</sln:cyklZyciaDo><sln:cyklZyciaOd>2015-03-03T00:00:00+01:00</sln:cyklZyciaOd><sln:gmIIPId>02f9296d-8dc4-4f14-93ee-c457f0781608</sln:gmIIPId><sln:gmIIPPn>PL.PZGIK.200</sln:gmIIPPn><sln:gmIIPWersja>2012-09-26T22:23:44+02:00</sln:gmIIPWersja><sln:gmIdTeryt>3026043</sln:gmIdTeryt><sln:gmNazwa>Śrem</sln:gmNazwa><sln:miejscIIPId>f02280a2-53db-4bd0-8b87-8c1e7e7982e6</sln:miejscIIPId><sln:miejscIIPPn>PL.PZGIK.200</sln:miejscIIPPn><sln:miejscIIPWersja>2016-11-24T11:27:17+02:00</sln:miejscIIPWersja><sln:miejscIdTeryt>0596197</sln:miejscIdTeryt><sln:miejscNazwa>Dalewo</sln:miejscNazwa><sln:miejscRodzaj>Inny obiekt</sln:miejscRodzaj><sln:powIIPId>2fc58bb6-d095-4f37-8f10-874797cb97fb</sln:powIIPId><sln:powIIPPn>PL.PZGIK.200</sln:powIIPPn><sln:powIIPWersja>2012-09-27T08:59:03+02:00</sln:powIIPWersja><sln:powIdTeryt>3026</sln:powIdTeryt><sln:powNazwa>śremski</sln:powNazwa><sln:waznyOd>2011-03-23T00:00:00+01:00</sln:waznyOd><sln:wojIIPId>c606b01a-76c8-480d-9470-f24ca0d7a613</sln:wojIIPId><sln:wojIIPPn>PL.PZGIK.200</sln:wojIIPPn><sln:wojIIPWersja>2016-05-05T18:20:48+02:00</sln:wojIIPWersja><sln:wojIdTeryt>30</sln:wojIdTeryt><sln:wojNazwa>wielkopolskie</sln:wojNazwa></sln:miejscowosc><sln:miejscowosc><sln:cyklZyciaDo>2017-03-31T00:00:00+02:00</sln:cyklZyciaDo><sln:cyklZyciaOd>2015-03-03T00:00:00+01:00</sln:cyklZyciaOd><sln:gmIIPId>02f9296d-8dc4-4f14-93ee-c457f0781608</sln:gmIIPId><sln:gmIIPPn>PL.PZGIK.200</sln:gmIIPPn><sln:gmIIPWersja>2012-09-26T22:23:44+02:00</sln:gmIIPWersja><sln:gmIdTeryt>3026043</sln:gmIdTeryt><sln:gmNazwa>Śrem</sln:gmNazwa><sln:miejscIIPId>f41abee8-e87b-4990-9dec-bcb476f544b9</sln:miejscIIPId><sln:miejscIIPPn>PL.PZGIK.200</sln:miejscIIPPn><sln:miejscIIPWersja>2016-11-24T11:27:17+02:00</sln:miejscIIPWersja><sln:miejscIdTeryt>0596205</sln:miejscIdTeryt><sln:miejscNazwa>Dąbrowa</sln:miejscNazwa><sln:miejscRodzaj>Inny obiekt</sln:miejscRodzaj><sln:powIIPId>2fc58bb6-d095-4f37-8f10-874797cb97fb</sln:powIIPId><sln:powIIPPn>PL.PZGIK.200</sln:powIIPPn><sln:powIIPWersja>2012-09-27T08:59:03+02:00</sln:powIIPWersja><sln:powIdTeryt>3026</sln:powIdTeryt><sln:powNazwa>śremski</sln:powNazwa><sln:waznyOd>2011-03-23T00:00:00+01:00</sln:waznyOd><sln:wojIIPId>c606b01a-76c8-480d-9470-f24ca0d7a613</sln:wojIIPId><sln:wojIIPPn>PL.PZGIK.200</sln:wojIIPPn><sln:wojIIPWersja>2016-05-05T18:20:48+02:00</sln:wojIIPWersja><sln:wojIdTeryt>30</sln:wojIdTeryt><sln:wojNazwa>wielkopolskie</sln:wojNazwa></sln:miejscowosc><sln:miejscowosc><sln:cyklZyciaDo>2017-03-31T00:00:00+02:00</sln:cyklZyciaDo><sln:cyklZyciaOd>2015-03-03T00:00:00+01:00</sln:cyklZyciaOd><sln:gmIIPId>02f9296d-8dc4-4f14-93ee-c457f0781608</sln:gmIIPId><sln:gmIIPPn>PL.PZGIK.200</sln:gmIIPPn><sln:gmIIPWersja>2012-09-26T22:23:44+02:00</sln:gmIIPWersja><sln:gmIdTeryt>3026043</sln:gmIdTeryt><sln:gmNazwa>Śrem</sln:gmNazwa><sln:miejscIIPId>505ec4aa-3798-44c3-88ca-bf7c8cb066b5</sln:miejscIIPId><sln:miejscIIPPn>PL.PZGIK.200</sln:miejscIIPPn><sln:miejscIIPWersja>2016-11-24T11:27:17+02:00</sln:miejscIIPWersja><sln:miejscIdTeryt>0596228</sln:miejscIdTeryt><sln:miejscNazwa>Dobczyn</sln:miejscNazwa><sln:miejscRodzaj>Inny obiekt</sln:miejscRodzaj><sln:powIIPId>2fc58bb6-d095-4f37-8f10-874797cb97fb</sln:powIIPId><sln:powIIPPn>PL.PZGIK.200</sln:powIIPPn><sln:powIIPWersja>2012-09-27T08:59:03+02:00</sln:powIIPWersja><sln:powIdTeryt>3026</sln:powIdTeryt><sln:powNazwa>śremski</sln:powNazwa><sln:waznyOd>2011-03-23T00:00:00+01:00</sln:waznyOd><sln:wojIIPId>c606b01a-76c8-480d-9470-f24ca0d7a613</sln:wojIIPId><sln:wojIIPPn>PL.PZGIK.200</sln:wojIIPPn><sln:wojIIPWersja>2016-05-05T18:20:48+02:00</sln:wojIIPWersja><sln:wojIdTeryt>30</sln:wojIdTeryt><sln:wojNazwa>wielkopolskie</sln:wojNazwa></sln:miejscowosc><sln:miejscowosc><sln:cyklZyciaDo>2017-03-31T00:00:00+02:00</sln:cyklZyciaDo><sln:cyklZyciaOd>2015-03-03T00:00:00+01:00</sln:cyklZyciaOd><sln:gmIIPId>02f9296d-8dc4-4f14-93ee-c457f0781608</sln:gmIIPId><sln:gmIIPPn>PL.PZGIK.200</sln:gmIIPPn><sln:gmIIPWersja>2012-09-26T22:23:44+02:00</sln:gmIIPWersja><sln:gmIdTeryt>3026043</sln:gmIdTeryt><sln:gmNazwa>Śrem</sln:gmNazwa><sln:miejscIIPId>922beca0-4a50-4411-8b03-38a181058c18</sln:miejscIIPId><sln:miejscIIPPn>PL.PZGIK.200</sln:miejscIIPPn><sln:miejscIIPWersja>2016-11-24T11:27:17+02:00</sln:miejscIIPWersja><sln:miejscIdTeryt>0596234</sln:miejscIdTeryt><sln:miejscNazwa>Gaj</sln:miejscNazwa><sln:miejscRodzaj>Inny obiekt</sln:miejscRodzaj><sln:powIIPId>2fc58bb6-d095-4f37-8f10-874797cb97fb</sln:powIIPId><sln:powIIPPn>PL.PZGIK.200</sln:powIIPPn><sln:powIIPWersja>2012-09-27T08:59:03+02:00</sln:powIIPWersja><sln:powIdTeryt>3026</sln:powIdTeryt><sln:powNazwa>śremski</sln:powNazwa><sln:waznyOd>2011-03-23T00:00:00+01:00</sln:waznyOd><sln:wojIIPId>c606b01a-76c8-480d-9470-f24ca0d7a613</sln:wojIIPId><sln:wojIIPPn>PL.PZGIK.200</sln:wojIIPPn><sln:wojIIPWersja>2016-05-05T18:20:48+02:00</sln:wojIIPWersja><sln:wojIdTeryt>30</sln:wojIdTeryt><sln:wojNazwa>wielkopolskie</sln:wojNazwa></sln:miejscowosc><sln:miejscowosc><sln:cyklZyciaDo>2017-03-31T00:00:00+02:00</sln:cyklZyciaDo><sln:cyklZyciaOd>2015-03-03T00:00:00+01:00</sln:cyklZyciaOd><sln:gmIIPId>02f9296d-8dc4-4f14-93ee-c457f0781608</sln:gmIIPId><sln:gmIIPPn>PL.PZGIK.200</sln:gmIIPPn><sln:gmIIPWersja>2012-09-26T22:23:44+02:00</sln:gmIIPWersja><sln:gmIdTeryt>3026043</sln:gmIdTeryt><sln:gmNazwa>Śrem</sln:gmNazwa><sln:miejscIIPId>e956cfc0-d63b-4ba7-9b55-efc4898374df</sln:miejscIIPId><sln:miejscIIPPn>PL.PZGIK.200</sln:miejscIIPPn><sln:miejscIIPWersja>2016-11-24T11:27:17+02:00</sln:miejscIIPWersja><sln:miejscIdTeryt>0596240</sln:miejscIdTeryt><sln:miejscNazwa>Góra</sln:miejscNazwa><sln:miejscRodzaj>Inny obiekt</sln:miejscRodzaj><sln:powIIPId>2fc58bb6-d095-4f37-8f10-874797cb97fb</sln:powIIPId><sln:powIIPPn>PL.PZGIK.200</sln:powIIPPn><sln:powIIPWersja>2012-09-27T08:59:03+02:00</sln:powIIPWersja><sln:powIdTeryt>3026</sln:powIdTeryt><sln:powNazwa>śremski</sln:powNazwa><sln:waznyOd>2011-03-23T00:00:00+01:00</sln:waznyOd><sln:wojIIPId>c606b01a-76c8-480d-9470-f24ca0d7a613</sln:wojIIPId><sln:wojIIPPn>PL.PZGIK.200</sln:wojIIPPn><sln:wojIIPWersja>2016-05-05T18:20:48+02:00</sln:wojIIPWersja><sln:wojIdTeryt>30</sln:wojIdTeryt><sln:wojNazwa>wielkopolskie</sln:wojNazwa></sln:miejscowosc><sln:miejscowosc><sln:cyklZyciaDo>2017-03-31T00:00:00+02:00</sln:cyklZyciaDo><sln:cyklZyciaOd>2015-03-03T00:00:00+01:00</sln:cyklZyciaOd><sln:gmIIPId>02f9296d-8dc4-4f14-93ee-c457f0781608</sln:gmIIPId><sln:gmIIPPn>PL.PZGIK.200</sln:gmIIPPn><sln:gmIIPWersja>2012-09-26T22:23:44+02:00</sln:gmIIPWersja><sln:gmIdTeryt>3026043</sln:gmIdTeryt><sln:gmNazwa>Śrem</sln:gmNazwa><sln:miejscIIPId>02727b35-9eea-4d9f-84b4-a12c14a98bf8</sln:miejscIIPId><sln:miejscIIPPn>PL.PZGIK.200</sln:miejscIIPPn><sln:miejscIIPWersja>2016-11-24T11:27:17+02:00</sln:miejscIIPWersja><sln:miejscIdTeryt>0596263</sln:miejscIdTeryt><sln:miejscNazwa>Grodzewo</sln:miejscNazwa><sln:miejscRodzaj>Inny obiekt</sln:miejscRodzaj><sln:powIIPId>2fc58bb6-d095-4f37-8f10-874797cb97fb</sln:powIIPId><sln:powIIPPn>PL.PZGIK.200</sln:powIIPPn><sln:powIIPWersja>2012-09-27T08:59:03+02:00</sln:powIIPWersja><sln:powIdTeryt>3026</sln:powIdTeryt><sln:powNazwa>śremski</sln:powNazwa><sln:waznyOd>2011-03-23T00:00:00+01:00</sln:waznyOd><sln:wojIIPId>c606b01a-76c8-480d-9470-f24ca0d7a613</sln:wojIIPId><sln:wojIIPPn>PL.PZGIK.200</sln:wojIIPPn><sln:wojIIPWersja>2016-05-05T18:20:48+02:00</sln:wojIIPWersja><sln:wojIdTeryt>30</sln:wojIdTeryt><sln:wojNazwa>wielkopolskie</sln:wojNazwa></sln:miejscowosc><sln:miejscowosc><sln:cyklZyciaDo>2017-03-31T00:00:00+02:00</sln:cyklZyciaDo><sln:cyklZyciaOd>2015-03-03T00:00:00+01:00</sln:cyklZyciaOd><sln:gmIIPId>02f9296d-8dc4-4f14-93ee-c457f0781608</sln:gmIIPId><sln:gmIIPPn>PL.PZGIK.200</sln:gmIIPPn><sln:gmIIPWersja>2012-09-26T22:23:44+02:00</sln:gmIIPWersja><sln:gmIdTeryt>3026043</sln:gmIdTeryt><sln:gmNazwa>Śrem</sln:gmNazwa><sln:miejscIIPId>045de3fe-463f-4858-8bc9-6de71b2870a4</sln:miejscIIPId><sln:miejscIIPPn>PL.PZGIK.200</sln:miejscIIPPn><sln:miejscIIPWersja>2016-11-24T11:27:17+02:00</sln:miejscIIPWersja><sln:miejscIdTeryt>0596286</sln:miejscIdTeryt><sln:miejscNazwa>Grzymysław</sln:miejscNazwa><sln:miejscRodzaj>Inny obiekt</sln:miejscRodzaj><sln:powIIPId>2fc58bb6-d095-4f37-8f10-874797cb97fb</sln:powIIPId><sln:powIIPPn>PL.PZGIK.200</sln:powIIPPn><sln:powIIPWersja>2012-09-27T08:59:03+02:00</sln:powIIPWersja><sln:powIdTeryt>3026</sln:powIdTeryt><sln:powNazwa>śremski</sln:powNazwa><sln:waznyOd>2011-03-23T00:00:00+01:00</sln:waznyOd><sln:wojIIPId>c606b01a-76c8-480d-9470-f24ca0d7a613</sln:wojIIPId><sln:wojIIPPn>PL.PZGIK.200</sln:wojIIPPn><sln:wojIIPWersja>2016-05-05T18:20:48+02:00</sln:wojIIPWersja><sln:wojIdTeryt>30</sln:wojIdTeryt><sln:wojNazwa>wielkopolskie</sln:wojNazwa></sln:miejscowosc><sln:miejscowosc><sln:cyklZyciaDo>2017-03-31T00:00:00+02:00</sln:cyklZyciaDo><sln:cyklZyciaOd>2015-03-03T00:00:00+01:00</sln:cyklZyciaOd><sln:gmIIPId>02f9296d-8dc4-4f14-93ee-c457f0781608</sln:gmIIPId><sln:gmIIPPn>PL.PZGIK.200</sln:gmIIPPn><sln:gmIIPWersja>2012-09-26T22:23:44+02:00</sln:gmIIPWersja><sln:gmIdTeryt>3026043</sln:gmIdTeryt><sln:gmNazwa>Śrem</sln:gmNazwa><sln:miejscIIPId>145155aa-6aae-446b-97e1-12c54ebf9258</sln:miejscIIPId><sln:miejscIIPPn>PL.PZGIK.200</sln:miejscIIPPn><sln:miejscIIPWersja>2016-11-24T14:00:04+02:00</sln:miejscIIPWersja><sln:miejscIdTeryt>1008765</sln:miejscIdTeryt><sln:miejscNazwa>Jeleńczewo</sln:miejscNazwa><sln:miejscRodzaj>Inny obiekt</sln:miejscRodzaj><sln:powIIPId>2fc58bb6-d095-4f37-8f10-874797cb97fb</sln:powIIPId><sln:powIIPPn>PL.PZGIK.200</sln:powIIPPn><sln:powIIPWersja>2012-09-27T08:59:03+02:00</sln:powIIPWersja><sln:powIdTeryt>3026</sln:powIdTeryt><sln:powNazwa>śremski</sln:powNazwa><sln:waznyOd>2011-03-23T00:00:00+01:00</sln:waznyOd><sln:wojIIPId>c606b01a-76c8-480d-9470-f24ca0d7a613</sln:wojIIPId><sln:wojIIPPn>PL.PZGIK.200</sln:wojIIPPn><sln:wojIIPWersja>2016-05-05T18:20:48+02:00</sln:wojIIPWersja><sln:wojIdTeryt>30</sln:wojIdTeryt><sln:wojNazwa>wielkopolskie</sln:wojNazwa></sln:miejscowosc><sln:miejscowosc><sln:cyklZyciaDo>2017-03-31T00:00:00+02:00</sln:cyklZyciaDo><sln:cyklZyciaOd>2015-03-03T00:00:00+01:00</sln:cyklZyciaOd><sln:gmIIPId>02f9296d-8dc4-4f14-93ee-c457f0781608</sln:gmIIPId><sln:gmIIPPn>PL.PZGIK.200</sln:gmIIPPn><sln:gmIIPWersja>2012-09-26T22:23:44+02:00</sln:gmIIPWersja><sln:gmIdTeryt>3026043</sln:gmIdTeryt><sln:gmNazwa>Śrem</sln:gmNazwa><sln:miejscIIPId>41882d3a-2cfa-4248-83da-985942d16438</sln:miejscIIPId><sln:miejscIIPPn>PL.PZGIK.200</sln:miejscIIPPn><sln:miejscIIPWersja>2016-11-24T11:27:17+02:00</sln:miejscIIPWersja><sln:miejscIdTeryt>0596300</sln:miejscIdTeryt><sln:miejscNazwa>Kadzewo</sln:miejscNazwa><sln:miejscRodzaj>Inny obiekt</sln:miejscRodzaj><sln:powIIPId>2fc58bb6-d095-4f37-8f10-874797cb97fb</sln:powIIPId><sln:powIIPPn>PL.PZGIK.200</sln:powIIPPn><sln:powIIPWersja>2012-09-27T08:59:03+02:00</sln:powIIPWersja><sln:powIdTeryt>3026</sln:powIdTeryt><sln:powNazwa>śremski</sln:powNazwa><sln:waznyOd>2011-03-23T00:00:00+01:00</sln:waznyOd><sln:wojIIPId>c606b01a-76c8-480d-9470-f24ca0d7a613</sln:wojIIPId><sln:wojIIPPn>PL.PZGIK.200</sln:wojIIPPn><sln:wojIIPWersja>2016-05-05T18:20:48+02:00</sln:wojIIPWersja><sln:wojIdTeryt>30</sln:wojIdTeryt><sln:wojNazwa>wielkopolskie</sln:wojNazwa></sln:miejscowosc><sln:miejscowosc><sln:cyklZyciaDo>2017-03-31T00:00:00+02:00</sln:cyklZyciaDo><sln:cyklZyciaOd>2015-03-03T00:00:00+01:00</sln:cyklZyciaOd><sln:gmIIPId>02f9296d-8dc4-4f14-93ee-c457f0781608</sln:gmIIPId><sln:gmIIPPn>PL.PZGIK.200</sln:gmIIPPn><sln:gmIIPWersja>2012-09-26T22:23:44+02:00</sln:gmIIPWersja><sln:gmIdTeryt>3026043</sln:gmIdTeryt><sln:gmNazwa>Śrem</sln:gmNazwa><sln:miejscIIPId>d6b455b2-ce68-4a3a-9945-a5968532ab29</sln:miejscIIPId><sln:miejscIIPPn>PL.PZGIK.200</sln:miejscIIPPn><sln:miejscIIPWersja>2016-11-24T11:27:17+02:00</sln:miejscIIPWersja><sln:miejscIdTeryt>0596323</sln:miejscIdTeryt><sln:miejscNazwa>Kaleje</sln:miejscNazwa><sln:miejscRodzaj>Inny obiekt</sln:miejscRodzaj><sln:powIIPId>2fc58bb6-d095-4f37-8f10-874797cb97fb</sln:powIIPId><sln:powIIPPn>PL.PZGIK.200</sln:powIIPPn><sln:powIIPWersja>2012-09-27T08:59:03+02:00</sln:powIIPWersja><sln:powIdTeryt>3026</sln:powIdTeryt><sln:powNazwa>śremski</sln:powNazwa><sln:waznyOd>2011-03-23T00:00:00+01:00</sln:waznyOd><sln:wojIIPId>c606b01a-76c8-480d-9470-f24ca0d7a613</sln:wojIIPId><sln:wojIIPPn>PL.PZGIK.200</sln:wojIIPPn><sln:wojIIPWersja>2016-05-05T18:20:48+02:00</sln:wojIIPWersja><sln:wojIdTeryt>30</sln:wojIdTeryt><sln:wojNazwa>wielkopolskie</sln:wojNazwa></sln:miejscowosc><sln:miejscowosc><sln:cyklZyciaDo>2017-03-31T00:00:00+02:00</sln:cyklZyciaDo><sln:cyklZyciaOd>2015-03-03T00:00:00+01:00</sln:cyklZyciaOd><sln:gmIIPId>02f9296d-8dc4-4f14-93ee-c457f0781608</sln:gmIIPId><sln:gmIIPPn>PL.PZGIK.200</sln:gmIIPPn><sln:gmIIPWersja>2012-09-26T22:23:44+02:00</sln:gmIIPWersja><sln:gmIdTeryt>3026043</sln:gmIdTeryt><sln:gmNazwa>Śrem</sln:gmNazwa><sln:miejscIIPId>927d0102-8af0-40c4-afc3-8ede966c19f7</sln:miejscIIPId><sln:miejscIIPPn>PL.PZGIK.200</sln:miejscIIPPn><sln:miejscIIPWersja>2016-11-24T11:27:17+02:00</sln:miejscIIPWersja><sln:miejscIdTeryt>0596429</sln:miejscIdTeryt><sln:miejscNazwa>Kawcze</sln:miejscNazwa><sln:miejscRodzaj>Inny obiekt</sln:miejscRodzaj><sln:powIIPId>2fc58bb6-d095-4f37-8f10-874797cb97fb</sln:powIIPId><sln:powIIPPn>PL.PZGIK.200</sln:powIIPPn><sln:powIIPWersja>2012-09-27T08:59:03+02:00</sln:powIIPWersja><sln:powIdTeryt>3026</sln:powIdTeryt><sln:powNazwa>śremski</sln:powNazwa><sln:waznyOd>2011-03-23T00:00:00+01:00</sln:waznyOd><sln:wojIIPId>c606b01a-76c8-480d-9470-f24ca0d7a613</sln:wojIIPId><sln:wojIIPPn>PL.PZGIK.200</sln:wojIIPPn><sln:wojIIPWersja>2016-05-05T18:20:48+02:00</sln:wojIIPWersja><sln:wojIdTeryt>30</sln:wojIdTeryt><sln:wojNazwa>wielkopolskie</sln:wojNazwa></sln:miejscowosc><sln:miejscowosc><sln:cyklZyciaDo>2017-03-31T00:00:00+02:00</sln:cyklZyciaDo><sln:cyklZyciaOd>2015-03-03T00:00:00+01:00</sln:cyklZyciaOd><sln:gmIIPId>02f9296d-8dc4-4f14-93ee-c457f0781608</sln:gmIIPId><sln:gmIIPPn>PL.PZGIK.200</sln:gmIIPPn><sln:gmIIPWersja>2012-09-26T22:23:44+02:00</sln:gmIIPWersja><sln:gmIdTeryt>3026043</sln:gmIdTeryt><sln:gmNazwa>Śrem</sln:gmNazwa><sln:miejscIIPId>830211e2-aba4-4da0-8b79-bcdd783b14dd</sln:miejscIIPId><sln:miejscIIPPn>PL.PZGIK.200</sln:miejscIIPPn><sln:miejscIIPWersja>2016-11-24T11:27:17+02:00</sln:miejscIIPWersja><sln:miejscIdTeryt>0596330</sln:miejscIdTeryt><sln:miejscNazwa>Krzyżanowo</sln:miejscNazwa><sln:miejscRodzaj>Inny obiekt</sln:miejscRodzaj><sln:powIIPId>2fc58bb6-d095-4f37-8f10-874797cb97fb</sln:powIIPId><sln:powIIPPn>PL.PZGIK.200</sln:powIIPPn><sln:powIIPWersja>2012-09-27T08:59:03+02:00</sln:powIIPWersja><sln:powIdTeryt>3026</sln:powIdTeryt><sln:powNazwa>śremski</sln:powNazwa><sln:waznyOd>2011-03-23T00:00:00+01:00</sln:waznyOd><sln:wojIIPId>c606b01a-76c8-480d-9470-f24ca0d7a613</sln:wojIIPId><sln:wojIIPPn>PL.PZGIK.200</sln:wojIIPPn><sln:wojIIPWersja>2016-05-05T18:20:48+02:00</sln:wojIIPWersja><sln:wojIdTeryt>30</sln:wojIdTeryt><sln:wojNazwa>wielkopolskie</sln:wojNazwa></sln:miejscowosc><sln:miejscowosc><sln:cyklZyciaDo>2017-03-31T00:00:00+02:00</sln:cyklZyciaDo><sln:cyklZyciaOd>2015-03-03T00:00:00+01:00</sln:cyklZyciaOd><sln:gmIIPId>02f9296d-8dc4-4f14-93ee-c457f0781608</sln:gmIIPId><sln:gmIIPPn>PL.PZGIK.200</sln:gmIIPPn><sln:gmIIPWersja>2012-09-26T22:23:44+02:00</sln:gmIIPWersja><sln:gmIdTeryt>3026043</sln:gmIdTeryt><sln:gmNazwa>Śrem</sln:gmNazwa><sln:miejscIIPId>70a45012-b6fb-45bc-9080-0f1cbcaf3936</sln:miejscIIPId><sln:miejscIIPPn>PL.PZGIK.200</sln:miejscIIPPn><sln:miejscIIPWersja>2016-11-24T11:27:17+02:00</sln:miejscIIPWersja><sln:miejscIdTeryt>0596369</sln:miejscIdTeryt><sln:miejscNazwa>Luciny</sln:miejscNazwa><sln:miejscRodzaj>Inny obiekt</sln:miejscRodzaj><sln:powIIPId>2fc58bb6-d095-4f37-8f10-874797cb97fb</sln:powIIPId><sln:powIIPPn>PL.PZGIK.200</sln:powIIPPn><sln:powIIPWersja>2012-09-27T08:59:03+02:00</sln:powIIPWersja><sln:powIdTeryt>3026</sln:powIdTeryt><sln:powNazwa>śremski</sln:powNazwa><sln:waznyOd>2011-03-23T00:00:00+01:00</sln:waznyOd><sln:wojIIPId>c606b01a-76c8-480d-9470-f24ca0d7a613</sln:wojIIPId><sln:wojIIPPn>PL.PZGIK.200</sln:wojIIPPn><sln:wojIIPWersja>2016-05-05T18:20:48+02:00</sln:wojIIPWersja><sln:wojIdTeryt>30</sln:wojIdTeryt><sln:wojNazwa>wielkopolskie</sln:wojNazwa></sln:miejscowosc><sln:miejscowosc><sln:cyklZyciaDo>2017-03-31T00:00:00+02:00</sln:cyklZyciaDo><sln:cyklZyciaOd>2015-03-03T00:00:00+01:00</sln:cyklZyciaOd><sln:gmIIPId>02f9296d-8dc4-4f14-93ee-c457f0781608</sln:gmIIPId><sln:gmIIPPn>PL.PZGIK.200</sln:gmIIPPn><sln:gmIIPWersja>2012-09-26T22:23:44+02:00</sln:gmIIPWersja><sln:gmIdTeryt>3026043</sln:gmIdTeryt><sln:gmNazwa>Śrem</sln:gmNazwa><sln:miejscIIPId>0a968a27-155f-42b6-bca9-eede177e7f55</sln:miejscIIPId><sln:miejscIIPPn>PL.PZGIK.200</sln:miejscIIPPn><sln:miejscIIPWersja>2016-11-24T11:27:17+02:00</sln:miejscIIPWersja><sln:miejscIdTeryt>0596398</sln:miejscIdTeryt><sln:miejscNazwa>Łęg</sln:miejscNazwa><sln:miejscRodzaj>Inny obiekt</sln:miejscRodzaj><sln:powIIPId>2fc58bb6-d095-4f37-8f10-874797cb97fb</sln:powIIPId><sln:powIIPPn>PL.PZGIK.200</sln:powIIPPn><sln:powIIPWersja>2012-09-27T08:59:03+02:00</sln:powIIPWersja><sln:powIdTeryt>3026</sln:powIdTeryt><sln:powNazwa>śremski</sln:powNazwa><sln:waznyOd>2011-03-23T00:00:00+01:00</sln:waznyOd><sln:wojIIPId>c606b01a-76c8-480d-9470-f24ca0d7a613</sln:wojIIPId><sln:wojIIPPn>PL.PZGIK.200</sln:wojIIPPn><sln:wojIIPWersja>2016-05-05T18:20:48+02:00</sln:wojIIPWersja><sln:wojIdTeryt>30</sln:wojIdTeryt><sln:wojNazwa>wielkopolskie</sln:wojNazwa></sln:miejscowosc><sln:miejscowosc><sln:cyklZyciaDo>2017-03-31T00:00:00+02:00</sln:cyklZyciaDo><sln:cyklZyciaOd>2015-03-03T00:00:00+01:00</sln:cyklZyciaOd><sln:gmIIPId>02f9296d-8dc4-4f14-93ee-c457f0781608</sln:gmIIPId><sln:gmIIPPn>PL.PZGIK.200</sln:gmIIPPn><sln:gmIIPWersja>2012-09-26T22:23:44+02:00</sln:gmIIPWersja><sln:gmIdTeryt>3026043</sln:gmIdTeryt><sln:gmNazwa>Śrem</sln:gmNazwa><sln:miejscIIPId>e1df909a-90c9-4fb1-9a86-85c025026b15</sln:miejscIIPId><sln:miejscIIPPn>PL.PZGIK.200</sln:miejscIIPPn><sln:miejscIIPWersja>2016-11-24T11:27:17+02:00</sln:miejscIIPWersja><sln:miejscIdTeryt>0596406</sln:miejscIdTeryt><sln:miejscNazwa>Marianowo</sln:miejscNazwa><sln:miejscRodzaj>Inny obiekt</sln:miejscRodzaj><sln:powIIPId>2fc58bb6-d095-4f37-8f10-874797cb97fb</sln:powIIPId><sln:powIIPPn>PL.PZGIK.200</sln:powIIPPn><sln:powIIPWersja>2012-09-27T08:59:03+02:00</sln:powIIPWersja><sln:powIdTeryt>3026</sln:powIdTeryt><sln:powNazwa>śremski</sln:powNazwa><sln:waznyOd>2011-03-23T00:00:00+01:00</sln:waznyOd><sln:wojIIPId>c606b01a-76c8-480d-9470-f24ca0d7a613</sln:wojIIPId><sln:wojIIPPn>PL.PZGIK.200</sln:wojIIPPn><sln:wojIIPWersja>2016-05-05T18:20:48+02:00</sln:wojIIPWersja><sln:wojIdTeryt>30</sln:wojIdTeryt><sln:wojNazwa>wielkopolskie</sln:wojNazwa></sln:miejscowosc><sln:miejscowosc><sln:cyklZyciaDo>2017-03-31T00:00:00+02:00</sln:cyklZyciaDo><sln:cyklZyciaOd>2015-03-03T00:00:00+01:00</sln:cyklZyciaOd><sln:gmIIPId>02f9296d-8dc4-4f14-93ee-c457f0781608</sln:gmIIPId><sln:gmIIPPn>PL.PZGIK.200</sln:gmIIPPn><sln:gmIIPWersja>2012-09-26T22:23:44+02:00</sln:gmIIPWersja><sln:gmIdTeryt>3026043</sln:gmIdTeryt><sln:gmNazwa>Śrem</sln:gmNazwa><sln:miejscIIPId>d1a4d806-fc0b-409d-8f08-15bbc1f3719e</sln:miejscIIPId><sln:miejscIIPPn>PL.PZGIK.200</sln:miejscIIPPn><sln:miejscIIPWersja>2016-11-24T11:27:17+02:00</sln:miejscIIPWersja><sln:miejscIdTeryt>0596317</sln:miejscIdTeryt><sln:miejscNazwa>Marszewo</sln:miejscNazwa><sln:miejscRodzaj>Inny obiekt</sln:miejscRodzaj><sln:powIIPId>2fc58bb6-d095-4f37-8f10-874797cb97fb</sln:powIIPId><sln:powIIPPn>PL.PZGIK.200</sln:powIIPPn><sln:powIIPWersja>2012-09-27T08:59:03+02:00</sln:powIIPWersja><sln:powIdTeryt>3026</sln:powIdTeryt><sln:powNazwa>śremski</sln:powNazwa><sln:waznyOd>2011-03-23T00:00:00+01:00</sln:waznyOd><sln:wojIIPId>c606b01a-76c8-480d-9470-f24ca0d7a613</sln:wojIIPId><sln:wojIIPPn>PL.PZGIK.200</sln:wojIIPPn><sln:wojIIPWersja>2016-05-05T18:20:48+02:00</sln:wojIIPWersja><sln:wojIdTeryt>30</sln:wojIdTeryt><sln:wojNazwa>wielkopolskie</sln:wojNazwa></sln:miejscowosc><sln:miejscowosc><sln:cyklZyciaDo>2017-03-31T00:00:00+02:00</sln:cyklZyciaDo><sln:cyklZyciaOd>2015-03-03T00:00:00+01:00</sln:cyklZyciaOd><sln:gmIIPId>02f9296d-8dc4-4f14-93ee-c457f0781608</sln:gmIIPId><sln:gmIIPPn>PL.PZGIK.200</sln:gmIIPPn><sln:gmIIPWersja>2012-09-26T22:23:44+02:00</sln:gmIIPWersja><sln:gmIdTeryt>3026043</sln:gmIdTeryt><sln:gmNazwa>Śrem</sln:gmNazwa><sln:miejscIIPId>fbaa4575-fcc1-403a-907f-b031ebe598f0</sln:miejscIIPId><sln:miejscIIPPn>PL.PZGIK.200</sln:miejscIIPPn><sln:miejscIIPWersja>2016-11-24T11:27:17+02:00</sln:miejscIIPWersja><sln:miejscIdTeryt>0596211</sln:miejscIdTeryt><sln:miejscNazwa>Mateuszewo</sln:miejscNazwa><sln:miejscRodzaj>Inny obiekt</sln:miejscRodzaj><sln:powIIPId>2fc58bb6-d095-4f37-8f10-874797cb97fb</sln:powIIPId><sln:powIIPPn>PL.PZGIK.200</sln:powIIPPn><sln:powIIPWersja>2012-09-27T08:59:03+02:00</sln:powIIPWersja><sln:powIdTeryt>3026</sln:powIdTeryt><sln:powNazwa>śremski</sln:powNazwa><sln:waznyOd>2011-03-23T00:00:00+01:00</sln:waznyOd><sln:wojIIPId>c606b01a-76c8-480d-9470-f24ca0d7a613</sln:wojIIPId><sln:wojIIPPn>PL.PZGIK.200</sln:wojIIPPn><sln:wojIIPWersja>2016-05-05T18:20:48+02:00</sln:wojIIPWersja><sln:wojIdTeryt>30</sln:wojIdTeryt><sln:wojNazwa>wielkopolskie</sln:wojNazwa></sln:miejscowosc><sln:miejscowosc><sln:cyklZyciaDo>2017-03-31T00:00:00+02:00</sln:cyklZyciaDo><sln:cyklZyciaOd>2015-03-03T00:00:00+01:00</sln:cyklZyciaOd><sln:gmIIPId>02f9296d-8dc4-4f14-93ee-c457f0781608</sln:gmIIPId><sln:gmIIPPn>PL.PZGIK.200</sln:gmIIPPn><sln:gmIIPWersja>2012-09-26T22:23:44+02:00</sln:gmIIPWersja><sln:gmIdTeryt>3026043</sln:gmIdTeryt><sln:gmNazwa>Śrem</sln:gmNazwa><sln:miejscIIPId>15e85175-18ca-4725-bcbc-0a8e4ad5c6ac</sln:miejscIIPId><sln:miejscIIPPn>PL.PZGIK.200</sln:miejscIIPPn><sln:miejscIIPWersja>2016-11-24T11:27:17+02:00</sln:miejscIIPWersja><sln:miejscIdTeryt>0596412</sln:miejscIdTeryt><sln:miejscNazwa>Mechlin</sln:miejscNazwa><sln:miejscRodzaj>Inny obiekt</sln:miejscRodzaj><sln:powIIPId>2fc58bb6-d095-4f37-8f10-874797cb97fb</sln:powIIPId><sln:powIIPPn>PL.PZGIK.200</sln:powIIPPn><sln:powIIPWersja>2012-09-27T08:59:03+02:00</sln:powIIPWersja><sln:powIdTeryt>3026</sln:powIdTeryt><sln:powNazwa>śremski</sln:powNazwa><sln:waznyOd>2011-03-23T00:00:00+01:00</sln:waznyOd><sln:wojIIPId>c606b01a-76c8-480d-9470-f24ca0d7a613</sln:wojIIPId><sln:wojIIPPn>PL.PZGIK.200</sln:wojIIPPn><sln:wojIIPWersja>2016-05-05T18:20:48+02:00</sln:wojIIPWersja><sln:wojIdTeryt>30</sln:wojIdTeryt><sln:wojNazwa>wielkopolskie</sln:wojNazwa></sln:miejscowosc><sln:miejscowosc><sln:cyklZyciaDo>2017-03-31T00:00:00+02:00</sln:cyklZyciaDo><sln:cyklZyciaOd>2015-03-03T00:00:00+01:00</sln:cyklZyciaOd><sln:gmIIPId>02f9296d-8dc4-4f14-93ee-c457f0781608</sln:gmIIPId><sln:gmIIPPn>PL.PZGIK.200</sln:gmIIPPn><sln:gmIIPWersja>2012-09-26T22:23:44+02:00</sln:gmIIPWersja><sln:gmIdTeryt>3026043</sln:gmIdTeryt><sln:gmNazwa>Śrem</sln:gmNazwa><sln:miejscIIPId>dd41ab75-9457-4528-b119-fe1c5821f7d1</sln:miejscIIPId><sln:miejscIIPPn>PL.PZGIK.200</sln:miejscIIPPn><sln:miejscIIPWersja>2016-11-24T11:27:17+02:00</sln:miejscIIPWersja><sln:miejscIdTeryt>0596435</sln:miejscIdTeryt><sln:miejscNazwa>Mórka</sln:miejscNazwa><sln:miejscRodzaj>Inny obiekt</sln:miejscRodzaj><sln:powIIPId>2fc58bb6-d095-4f37-8f10-874797cb97fb</sln:powIIPId><sln:powIIPPn>PL.PZGIK.200</sln:powIIPPn><sln:powIIPWersja>2012-09-27T08:59:03+02:00</sln:powIIPWersja><sln:powIdTeryt>3026</sln:powIdTeryt><sln:powNazwa>śremski</sln:powNazwa><sln:waznyOd>2011-03-23T00:00:00+01:00</sln:waznyOd><sln:wojIIPId>c606b01a-76c8-480d-9470-f24ca0d7a613</sln:wojIIPId><sln:wojIIPPn>PL.PZGIK.200</sln:wojIIPPn><sln:wojIIPWersja>2016-05-05T18:20:48+02:00</sln:wojIIPWersja><sln:wojIdTeryt>30</sln:wojIdTeryt><sln:wojNazwa>wielkopolskie</sln:wojNazwa></sln:miejscowosc><sln:miejscowosc><sln:cyklZyciaDo>2017-03-31T00:00:00+02:00</sln:cyklZyciaDo><sln:cyklZyciaOd>2015-03-03T00:00:00+01:00</sln:cyklZyciaOd><sln:gmIIPId>02f9296d-8dc4-4f14-93ee-c457f0781608</sln:gmIIPId><sln:gmIIPPn>PL.PZGIK.200</sln:gmIIPPn><sln:gmIIPWersja>2012-09-26T22:23:44+02:00</sln:gmIIPWersja><sln:gmIdTeryt>3026043</sln:gmIdTeryt><sln:gmNazwa>Śrem</sln:gmNazwa><sln:miejscIIPId>2e0b1145-accb-4c3f-bd54-5d2028c4062b</sln:miejscIIPId><sln:miejscIIPPn>PL.PZGIK.200</sln:miejscIIPPn><sln:miejscIIPWersja>2016-11-24T11:27:17+02:00</sln:miejscIIPWersja><sln:miejscIdTeryt>0596441</sln:miejscIdTeryt><sln:miejscNazwa>Niesłabin</sln:miejscNazwa><sln:miejscRodzaj>Inny obiekt</sln:miejscRodzaj><sln:powIIPId>2fc58bb6-d095-4f37-8f10-874797cb97fb</sln:powIIPId><sln:powIIPPn>PL.PZGIK.200</sln:powIIPPn><sln:powIIPWersja>2012-09-27T08:59:03+02:00</sln:powIIPWersja><sln:powIdTeryt>3026</sln:powIdTeryt><sln:powNazwa>śremski</sln:powNazwa><sln:waznyOd>2011-03-23T00:00:00+01:00</sln:waznyOd><sln:wojIIPId>c606b01a-76c8-480d-9470-f24ca0d7a613</sln:wojIIPId><sln:wojIIPPn>PL.PZGIK.200</sln:wojIIPPn><sln:wojIIPWersja>2016-05-05T18:20:48+02:00</sln:wojIIPWersja><sln:wojIdTeryt>30</sln:wojIdTeryt><sln:wojNazwa>wielkopolskie</sln:wojNazwa></sln:miejscowosc><sln:miejscowosc><sln:cyklZyciaDo>2017-03-31T00:00:00+02:00</sln:cyklZyciaDo><sln:cyklZyciaOd>2015-03-03T00:00:00+01:00</sln:cyklZyciaOd><sln:gmIIPId>02f9296d-8dc4-4f14-93ee-c457f0781608</sln:gmIIPId><sln:gmIIPPn>PL.PZGIK.200</sln:gmIIPPn><sln:gmIIPWersja>2012-09-26T22:23:44+02:00</sln:gmIIPWersja><sln:gmIdTeryt>3026043</sln:gmIdTeryt><sln:gmNazwa>Śrem</sln:gmNazwa><sln:miejscIIPId>ef2c52f1-c1c2-4031-9b4a-9ecd328f2d04</sln:miejscIIPId><sln:miejscIIPPn>PL.PZGIK.200</sln:miejscIIPPn><sln:miejscIIPWersja>2016-11-24T11:27:17+02:00</sln:miejscIIPWersja><sln:miejscIdTeryt>0596464</sln:miejscIdTeryt><sln:miejscNazwa>Nochowo</sln:miejscNazwa><sln:miejscRodzaj>Inny obiekt</sln:miejscRodzaj><sln:powIIPId>2fc58bb6-d095-4f37-8f10-874797cb97fb</sln:powIIPId><sln:powIIPPn>PL.PZGIK.200</sln:powIIPPn><sln:powIIPWersja>2012-09-27T08:59:03+02:00</sln:powIIPWersja><sln:powIdTeryt>3026</sln:powIdTeryt><sln:powNazwa>śremski</sln:powNazwa><sln:waznyOd>2011-03-23T00:00:00+01:00</sln:waznyOd><sln:wojIIPId>c606b01a-76c8-480d-9470-f24ca0d7a613</sln:wojIIPId><sln:wojIIPPn>PL.PZGIK.200</sln:wojIIPPn><sln:wojIIPWersja>2016-05-05T18:20:48+02:00</sln:wojIIPWersja><sln:wojIdTeryt>30</sln:wojIdTeryt><sln:wojNazwa>wielkopolskie</sln:wojNazwa></sln:miejscowosc><sln:miejscowosc><sln:cyklZyciaDo>2017-03-31T00:00:00+02:00</sln:cyklZyciaDo><sln:cyklZyciaOd>2015-03-03T00:00:00+01:00</sln:cyklZyciaOd><sln:gmIIPId>02f9296d-8dc4-4f14-93ee-c457f0781608</sln:gmIIPId><sln:gmIIPPn>PL.PZGIK.200</sln:gmIIPPn><sln:gmIIPWersja>2012-09-26T22:23:44+02:00</sln:gmIIPWersja><sln:gmIdTeryt>3026043</sln:gmIdTeryt><sln:gmNazwa>Śrem</sln:gmNazwa><sln:miejscIIPId>a8ab8838-daa3-4c04-bbf4-84c6191bd04a</sln:miejscIIPId><sln:miejscIIPPn>PL.PZGIK.200</sln:miejscIIPPn><sln:miejscIIPWersja>2016-11-24T11:27:17+02:00</sln:miejscIIPWersja><sln:miejscIdTeryt>0596547</sln:miejscIdTeryt><sln:miejscNazwa>Nochówko</sln:miejscNazwa><sln:miejscRodzaj>Inny obiekt</sln:miejscRodzaj><sln:powIIPId>2fc58bb6-d095-4f37-8f10-874797cb97fb</sln:powIIPId><sln:powIIPPn>PL.PZGIK.200</sln:powIIPPn><sln:powIIPWersja>2012-09-27T08:59:03+02:00</sln:powIIPWersja><sln:powIdTeryt>3026</sln:powIdTeryt><sln:powNazwa>śremski</sln:powNazwa><sln:waznyOd>2011-03-23T00:00:00+01:00</sln:waznyOd><sln:wojIIPId>c606b01a-76c8-480d-9470-f24ca0d7a613</sln:wojIIPId><sln:wojIIPPn>PL.PZGIK.200</sln:wojIIPPn><sln:wojIIPWersja>2016-05-05T18:20:48+02:00</sln:wojIIPWersja><sln:wojIdTeryt>30</sln:wojIdTeryt><sln:wojNazwa>wielkopolskie</sln:wojNazwa></sln:miejscowosc><sln:miejscowosc><sln:cyklZyciaDo>2017-03-31T00:00:00+02:00</sln:cyklZyciaDo><sln:cyklZyciaOd>2015-03-03T00:00:00+01:00</sln:cyklZyciaOd><sln:gmIIPId>02f9296d-8dc4-4f14-93ee-c457f0781608</sln:gmIIPId><sln:gmIIPPn>PL.PZGIK.200</sln:gmIIPPn><sln:gmIIPWersja>2012-09-26T22:23:44+02:00</sln:gmIIPWersja><sln:gmIdTeryt>3026043</sln:gmIdTeryt><sln:gmNazwa>Śrem</sln:gmNazwa><sln:miejscIIPId>a840c76c-3d19-4de6-9ee6-105191975868</sln:miejscIIPId><sln:miejscIIPPn>PL.PZGIK.200</sln:miejscIIPPn><sln:miejscIIPWersja>2016-11-24T11:27:17+02:00</sln:miejscIIPWersja><sln:miejscIdTeryt>0596493</sln:miejscIdTeryt><sln:miejscNazwa>Olsza</sln:miejscNazwa><sln:miejscRodzaj>Inny obiekt</sln:miejscRodzaj><sln:powIIPId>2fc58bb6-d095-4f37-8f10-874797cb97fb</sln:powIIPId><sln:powIIPPn>PL.PZGIK.200</sln:powIIPPn><sln:powIIPWersja>2012-09-27T08:59:03+02:00</sln:powIIPWersja><sln:powIdTeryt>3026</sln:powIdTeryt><sln:powNazwa>śremski</sln:powNazwa><sln:waznyOd>2011-03-23T00:00:00+01:00</sln:waznyOd><sln:wojIIPId>c606b01a-76c8-480d-9470-f24ca0d7a613</sln:wojIIPId><sln:wojIIPPn>PL.PZGIK.200</sln:wojIIPPn><sln:wojIIPWersja>2016-05-05T18:20:48+02:00</sln:wojIIPWersja><sln:wojIdTeryt>30</sln:wojIdTeryt><sln:wojNazwa>wielkopolskie</sln:wojNazwa></sln:miejscowosc><sln:miejscowosc><sln:cyklZyciaDo>2017-03-31T00:00:00+02:00</sln:cyklZyciaDo><sln:cyklZyciaOd>2015-03-03T00:00:00+01:00</sln:cyklZyciaOd><sln:gmIIPId>02f9296d-8dc4-4f14-93ee-c457f0781608</sln:gmIIPId><sln:gmIIPPn>PL.PZGIK.200</sln:gmIIPPn><sln:gmIIPWersja>2012-09-26T22:23:44+02:00</sln:gmIIPWersja><sln:gmIdTeryt>3026043</sln:gmIdTeryt><sln:gmNazwa>Śrem</sln:gmNazwa><sln:miejscIIPId>fbc5d50b-a027-49fd-a244-aeb329e42895</sln:miejscIIPId><sln:miejscIIPPn>PL.PZGIK.200</sln:miejscIIPPn><sln:miejscIIPWersja>2016-11-24T11:27:17+02:00</sln:miejscIIPWersja><sln:miejscIdTeryt>0596501</sln:miejscIdTeryt><sln:miejscNazwa>Orkowo</sln:miejscNazwa><sln:miejscRodzaj>Inny obiekt</sln:miejscRodzaj><sln:powIIPId>2fc58bb6-d095-4f37-8f10-874797cb97fb</sln:powIIPId><sln:powIIPPn>PL.PZGIK.200</sln:powIIPPn><sln:powIIPWersja>2012-09-27T08:59:03+02:00</sln:powIIPWersja><sln:powIdTeryt>3026</sln:powIdTeryt><sln:powNazwa>śremski</sln:powNazwa><sln:waznyOd>2011-03-23T00:00:00+01:00</sln:waznyOd><sln:wojIIPId>c606b01a-76c8-480d-9470-f24ca0d7a613</sln:wojIIPId><sln:wojIIPPn>PL.PZGIK.200</sln:wojIIPPn><sln:wojIIPWersja>2016-05-05T18:20:48+02:00</sln:wojIIPWersja><sln:wojIdTeryt>30</sln:wojIdTeryt><sln:wojNazwa>wielkopolskie</sln:wojNazwa></sln:miejscowosc><sln:miejscowosc><sln:cyklZyciaDo>2017-03-31T00:00:00+02:00</sln:cyklZyciaDo><sln:cyklZyciaOd>2015-03-03T00:00:00+01:00</sln:cyklZyciaOd><sln:gmIIPId>02f9296d-8dc4-4f14-93ee-c457f0781608</sln:gmIIPId><sln:gmIIPPn>PL.PZGIK.200</sln:gmIIPPn><sln:gmIIPWersja>2012-09-26T22:23:44+02:00</sln:gmIIPWersja><sln:gmIdTeryt>3026043</sln:gmIdTeryt><sln:gmNazwa>Śrem</sln:gmNazwa><sln:miejscIIPId>83055a7c-cc8c-4ba1-b3f4-eaa5de6851aa</sln:miejscIIPId><sln:miejscIIPPn>PL.PZGIK.200</sln:miejscIIPPn><sln:miejscIIPWersja>2016-11-24T11:27:17+02:00</sln:miejscIIPWersja><sln:miejscIdTeryt>0596518</sln:miejscIdTeryt><sln:miejscNazwa>Ostrowo</sln:miejscNazwa><sln:miejscRodzaj>Inny obiekt</sln:miejscRodzaj><sln:powIIPId>2fc58bb6-d095-4f37-8f10-874797cb97fb</sln:powIIPId><sln:powIIPPn>PL.PZGIK.200</sln:powIIPPn><sln:powIIPWersja>2012-09-27T08:59:03+02:00</sln:powIIPWersja><sln:powIdTeryt>3026</sln:powIdTeryt><sln:powNazwa>śremski</sln:powNazwa><sln:waznyOd>2011-03-23T00:00:00+01:00</sln:waznyOd><sln:wojIIPId>c606b01a-76c8-480d-9470-f24ca0d7a613</sln:wojIIPId><sln:wojIIPPn>PL.PZGIK.200</sln:wojIIPPn><sln:wojIIPWersja>2016-05-05T18:20:48+02:00</sln:wojIIPWersja><sln:wojIdTeryt>30</sln:wojIdTeryt><sln:wojNazwa>wielkopolskie</sln:wojNazwa></sln:miejscowosc><sln:miejscowosc><sln:cyklZyciaDo>2017-03-31T00:00:00+02:00</sln:cyklZyciaDo><sln:cyklZyciaOd>2015-03-03T00:00:00+01:00</sln:cyklZyciaOd><sln:gmIIPId>02f9296d-8dc4-4f14-93ee-c457f0781608</sln:gmIIPId><sln:gmIIPPn>PL.PZGIK.200</sln:gmIIPPn><sln:gmIIPWersja>2012-09-26T22:23:44+02:00</sln:gmIIPWersja><sln:gmIdTeryt>3026043</sln:gmIdTeryt><sln:gmNazwa>Śrem</sln:gmNazwa><sln:miejscIIPId>5fe47bda-a059-4dc8-a049-af76fdde7735</sln:miejscIIPId><sln:miejscIIPPn>PL.PZGIK.200</sln:miejscIIPPn><sln:miejscIIPWersja>2016-11-24T11:27:17+02:00</sln:miejscIIPWersja><sln:miejscIdTeryt>0596530</sln:miejscIdTeryt><sln:miejscNazwa>Pełczyn</sln:miejscNazwa><sln:miejscRodzaj>Inny obiekt</sln:miejscRodzaj><sln:powIIPId>2fc58bb6-d095-4f37-8f10-874797cb97fb</sln:powIIPId><sln:powIIPPn>PL.PZGIK.200</sln:powIIPPn><sln:powIIPWersja>2012-09-27T08:59:03+02:00</sln:powIIPWersja><sln:powIdTeryt>3026</sln:powIdTeryt><sln:powNazwa>śremski</sln:powNazwa><sln:waznyOd>2011-03-23T00:00:00+01:00</sln:waznyOd><sln:wojIIPId>c606b01a-76c8-480d-9470-f24ca0d7a613</sln:wojIIPId><sln:wojIIPPn>PL.PZGIK.200</sln:wojIIPPn><sln:wojIIPWersja>2016-05-05T18:20:48+02:00</sln:wojIIPWersja><sln:wojIdTeryt>30</sln:wojIdTeryt><sln:wojNazwa>wielkopolskie</sln:wojNazwa></sln:miejscowosc><sln:miejscowosc><sln:cyklZyciaDo>2017-03-31T00:00:00+02:00</sln:cyklZyciaDo><sln:cyklZyciaOd>2015-03-03T00:00:00+01:00</sln:cyklZyciaOd><sln:gmIIPId>02f9296d-8dc4-4f14-93ee-c457f0781608</sln:gmIIPId><sln:gmIIPPn>PL.PZGIK.200</sln:gmIIPPn><sln:gmIIPWersja>2012-09-26T22:23:44+02:00</sln:gmIIPWersja><sln:gmIdTeryt>3026043</sln:gmIdTeryt><sln:gmNazwa>Śrem</sln:gmNazwa><sln:miejscIIPId>de47715d-e7d7-4594-836c-3e7e33ff7a0b</sln:miejscIIPId><sln:miejscIIPPn>PL.PZGIK.200</sln:miejscIIPPn><sln:miejscIIPWersja>2016-11-24T11:27:17+02:00</sln:miejscIIPWersja><sln:miejscIdTeryt>0596576</sln:miejscIdTeryt><sln:miejscNazwa>Psarskie</sln:miejscNazwa><sln:miejscRodzaj>Inny obiekt</sln:miejscRodzaj><sln:powIIPId>2fc58bb6-d095-4f37-8f10-874797cb97fb</sln:powIIPId><sln:powIIPPn>PL.PZGIK.200</sln:powIIPPn><sln:powIIPWersja>2012-09-27T08:59:03+02:00</sln:powIIPWersja><sln:powIdTeryt>3026</sln:powIdTeryt><sln:powNazwa>śremski</sln:powNazwa><sln:waznyOd>2011-03-23T00:00:00+01:00</sln:waznyOd><sln:wojIIPId>c606b01a-76c8-480d-9470-f24ca0d7a613</sln:wojIIPId><sln:wojIIPPn>PL.PZGIK.200</sln:wojIIPPn><sln:wojIIPWersja>2016-05-05T18:20:48+02:00</sln:wojIIPWersja><sln:wojIdTeryt>30</sln:wojIdTeryt><sln:wojNazwa>wielkopolskie</sln:wojNazwa></sln:miejscowosc><sln:miejscowosc><sln:cyklZyciaDo>2017-03-31T00:00:00+02:00</sln:cyklZyciaDo><sln:cyklZyciaOd>2015-03-03T00:00:00+01:00</sln:cyklZyciaOd><sln:gmIIPId>02f9296d-8dc4-4f14-93ee-c457f0781608</sln:gmIIPId><sln:gmIIPPn>PL.PZGIK.200</sln:gmIIPPn><sln:gmIIPWersja>2012-09-26T22:23:44+02:00</sln:gmIIPWersja><sln:gmIdTeryt>3026043</sln:gmIdTeryt><sln:gmNazwa>Śrem</sln:gmNazwa><sln:miejscIIPId>5143b507-cfa3-43a0-b840-4f4bfc229bfc</sln:miejscIIPId><sln:miejscIIPPn>PL.PZGIK.200</sln:miejscIIPPn><sln:miejscIIPWersja>2016-11-24T11:27:17+02:00</sln:miejscIIPWersja><sln:miejscIdTeryt>0596352</sln:miejscIdTeryt><sln:miejscNazwa>Pucołowo</sln:miejscNazwa><sln:miejscRodzaj>Inny obiekt</sln:miejscRodzaj><sln:powIIPId>2fc58bb6-d095-4f37-8f10-874797cb97fb</sln:powIIPId><sln:powIIPPn>PL.PZGIK.200</sln:powIIPPn><sln:powIIPWersja>2012-09-27T08:59:03+02:00</sln:powIIPWersja><sln:powIdTeryt>3026</sln:powIdTeryt><sln:powNazwa>śremski</sln:powNazwa><sln:waznyOd>2011-03-23T00:00:00+01:00</sln:waznyOd><sln:wojIIPId>c606b01a-76c8-480d-9470-f24ca0d7a613</sln:wojIIPId><sln:wojIIPPn>PL.PZGIK.200</sln:wojIIPPn><sln:wojIIPWersja>2016-05-05T18:20:48+02:00</sln:wojIIPWersja><sln:wojIdTeryt>30</sln:wojIdTeryt><sln:wojNazwa>wielkopolskie</sln:wojNazwa></sln:miejscowosc><sln:miejscowosc><sln:cyklZyciaDo>2017-03-31T00:00:00+02:00</sln:cyklZyciaDo><sln:cyklZyciaOd>2015-03-03T00:00:00+01:00</sln:cyklZyciaOd><sln:gmIIPId>02f9296d-8dc4-4f14-93ee-c457f0781608</sln:gmIIPId><sln:gmIIPPn>PL.PZGIK.200</sln:gmIIPPn><sln:gmIIPWersja>2012-09-26T22:23:44+02:00</sln:gmIIPWersja><sln:gmIdTeryt>3026043</sln:gmIdTeryt><sln:gmNazwa>Śrem</sln:gmNazwa><sln:miejscIIPId>38796bd7-0f38-4e01-90df-8aa2fa4b4057</sln:miejscIIPId><sln:miejscIIPPn>PL.PZGIK.200</sln:miejscIIPPn><sln:miejscIIPWersja>2016-11-24T11:27:17+02:00</sln:miejscIIPWersja><sln:miejscIdTeryt>0596599</sln:miejscIdTeryt><sln:miejscNazwa>Pysząca</sln:miejscNazwa><sln:miejscRodzaj>Inny obiekt</sln:miejscRodzaj><sln:powIIPId>2fc58bb6-d095-4f37-8f10-874797cb97fb</sln:powIIPId><sln:powIIPPn>PL.PZGIK.200</sln:powIIPPn><sln:powIIPWersja>2012-09-27T08:59:03+02:00</sln:powIIPWersja><sln:powIdTeryt>3026</sln:powIdTeryt><sln:powNazwa>śremski</sln:powNazwa><sln:waznyOd>2011-03-23T00:00:00+01:00</sln:waznyOd><sln:wojIIPId>c606b01a-76c8-480d-9470-f24ca0d7a613</sln:wojIIPId><sln:wojIIPPn>PL.PZGIK.200</sln:wojIIPPn><sln:wojIIPWersja>2016-05-05T18:20:48+02:00</sln:wojIIPWersja><sln:wojIdTeryt>30</sln:wojIdTeryt><sln:wojNazwa>wielkopolskie</sln:wojNazwa></sln:miejscowosc><sln:miejscowosc><sln:cyklZyciaDo>2017-03-31T00:00:00+02:00</sln:cyklZyciaDo><sln:cyklZyciaOd>2015-03-03T00:00:00+01:00</sln:cyklZyciaOd><sln:gmIIPId>02f9296d-8dc4-4f14-93ee-c457f0781608</sln:gmIIPId><sln:gmIIPPn>PL.PZGIK.200</sln:gmIIPPn><sln:gmIIPWersja>2012-09-26T22:23:44+02:00</sln:gmIIPWersja><sln:gmIdTeryt>3026043</sln:gmIdTeryt><sln:gmNazwa>Śrem</sln:gmNazwa><sln:miejscIIPId>61bb2c74-519c-4ca2-adde-a67d0a5c9c94</sln:miejscIIPId><sln:miejscIIPPn>PL.PZGIK.200</sln:miejscIIPPn><sln:miejscIIPWersja>2016-11-24T11:27:17+02:00</sln:miejscIIPWersja><sln:miejscIdTeryt>0596607</sln:miejscIdTeryt><sln:miejscNazwa>Sosnowiec</sln:miejscNazwa><sln:miejscRodzaj>Inny obiekt</sln:miejscRodzaj><sln:powIIPId>2fc58bb6-d095-4f37-8f10-874797cb97fb</sln:powIIPId><sln:powIIPPn>PL.PZGIK.200</sln:powIIPPn><sln:powIIPWersja>2012-09-27T08:59:03+02:00</sln:powIIPWersja><sln:powIdTeryt>3026</sln:powIdTeryt><sln:powNazwa>śremski</sln:powNazwa><sln:waznyOd>2011-03-23T00:00:00+01:00</sln:waznyOd><sln:wojIIPId>c606b01a-76c8-480d-9470-f24ca0d7a613</sln:wojIIPId><sln:wojIIPPn>PL.PZGIK.200</sln:wojIIPPn><sln:wojIIPWersja>2016-05-05T18:20:48+02:00</sln:wojIIPWersja><sln:wojIdTeryt>30</sln:wojIdTeryt><sln:wojNazwa>wielkopolskie</sln:wojNazwa></sln:miejscowosc><sln:miejscowosc><sln:cyklZyciaDo>2017-03-31T00:00:00+02:00</sln:cyklZyciaDo><sln:cyklZyciaOd>2015-03-03T00:00:00+01:00</sln:cyklZyciaOd><sln:gmIIPId>02f9296d-8dc4-4f14-93ee-c457f0781608</sln:gmIIPId><sln:gmIIPPn>PL.PZGIK.200</sln:gmIIPPn><sln:gmIIPWersja>2012-09-26T22:23:44+02:00</sln:gmIIPWersja><sln:gmIdTeryt>3026043</sln:gmIdTeryt><sln:gmNazwa>Śrem</sln:gmNazwa><sln:miejscIIPId>eef2f026-10b1-43af-a27d-58a9b0835e89</sln:miejscIIPId><sln:miejscIIPPn>PL.PZGIK.200</sln:miejscIIPPn><sln:miejscIIPWersja>2016-11-24T11:27:17+02:00</sln:miejscIIPWersja><sln:miejscIdTeryt>0596613</sln:miejscIdTeryt><sln:miejscNazwa>Szymanowo</sln:miejscNazwa><sln:miejscRodzaj>Inny obiekt</sln:miejscRodzaj><sln:powIIPId>2fc58bb6-d095-4f37-8f10-874797cb97fb</sln:powIIPId><sln:powIIPPn>PL.PZGIK.200</sln:powIIPPn><sln:powIIPWersja>2012-09-27T08:59:03+02:00</sln:powIIPWersja><sln:powIdTeryt>3026</sln:powIdTeryt><sln:powNazwa>śremski</sln:powNazwa><sln:waznyOd>2011-03-23T00:00:00+01:00</sln:waznyOd><sln:wojIIPId>c606b01a-76c8-480d-9470-f24ca0d7a613</sln:wojIIPId><sln:wojIIPPn>PL.PZGIK.200</sln:wojIIPPn><sln:wojIIPWersja>2016-05-05T18:20:48+02:00</sln:wojIIPWersja><sln:wojIdTeryt>30</sln:wojIdTeryt><sln:wojNazwa>wielkopolskie</sln:wojNazwa></sln:miejscowosc><sln:miejscowosc><sln:cyklZyciaDo>2017-03-31T00:00:00+02:00</sln:cyklZyciaDo><sln:cyklZyciaOd>2015-03-03T00:00:00+01:00</sln:cyklZyciaOd><sln:gmIIPId>02f9296d-8dc4-4f14-93ee-c457f0781608</sln:gmIIPId><sln:gmIIPPn>PL.PZGIK.200</sln:gmIIPPn><sln:gmIIPWersja>2012-09-26T22:23:44+02:00</sln:gmIIPWersja><sln:gmIdTeryt>3026043</sln:gmIdTeryt><sln:gmNazwa>Śrem</sln:gmNazwa><sln:miejscIIPId>7f9ad592-838d-4189-aecf-18a2711502d3</sln:miejscIIPId><sln:miejscIIPPn>PL.PZGIK.200</sln:miejscIIPPn><sln:miejscIIPWersja>2016-11-24T13:17:47+02:00</sln:miejscIIPWersja><sln:miejscIdTeryt>0971560</sln:miejscIdTeryt><sln:miejscNazwa>Śrem</sln:miejscNazwa><sln:miejscRodzaj>Inny obiekt</sln:miejscRodzaj><sln:powIIPId>2fc58bb6-d095-4f37-8f10-874797cb97fb</sln:powIIPId><sln:powIIPPn>PL.PZGIK.200</sln:powIIPPn><sln:powIIPWersja>2012-09-27T08:59:03+02:00</sln:powIIPWersja><sln:powIdTeryt>3026</sln:powIdTeryt><sln:powNazwa>śremski</sln:powNazwa><sln:waznyOd>2011-03-23T00:00:00+01:00</sln:waznyOd><sln:wojIIPId>c606b01a-76c8-480d-9470-f24ca0d7a613</sln:wojIIPId><sln:wojIIPPn>PL.PZGIK.200</sln:wojIIPPn><sln:wojIIPWersja>2016-05-05T18:20:48+02:00</sln:wojIIPWersja><sln:wojIdTeryt>30</sln:wojIdTeryt><sln:wojNazwa>wielkopolskie</sln:wojNazwa></sln:miejscowosc><sln:miejscowosc><sln:cyklZyciaDo>2017-03-31T00:00:00+02:00</sln:cyklZyciaDo><sln:cyklZyciaOd>2015-03-03T00:00:00+01:00</sln:cyklZyciaOd><sln:gmIIPId>02f9296d-8dc4-4f14-93ee-c457f0781608</sln:gmIIPId><sln:gmIIPPn>PL.PZGIK.200</sln:gmIIPPn><sln:gmIIPWersja>2012-09-26T22:23:44+02:00</sln:gmIIPWersja><sln:gmIdTeryt>3026043</sln:gmIdTeryt><sln:gmNazwa>Śrem</sln:gmNazwa><sln:miejscIIPId>cf39ac9f-b453-4320-90b6-454d5847f1ef</sln:miejscIIPId><sln:miejscIIPPn>PL.PZGIK.200</sln:miejscIIPPn><sln:miejscIIPWersja>2016-11-24T11:27:17+02:00</sln:miejscIIPWersja><sln:miejscIdTeryt>0596381</sln:miejscIdTeryt><sln:miejscNazwa>Tesiny</sln:miejscNazwa><sln:miejscRodzaj>Inny obiekt</sln:miejscRodzaj><sln:powIIPId>2fc58bb6-d095-4f37-8f10-874797cb97fb</sln:powIIPId><sln:powIIPPn>PL.PZGIK.200</sln:powIIPPn><sln:powIIPWersja>2012-09-27T08:59:03+02:00</sln:powIIPWersja><sln:powIdTeryt>3026</sln:powIdTeryt><sln:powNazwa>śremski</sln:powNazwa><sln:waznyOd>2011-03-23T00:00:00+01:00</sln:waznyOd><sln:wojIIPId>c606b01a-76c8-480d-9470-f24ca0d7a613</sln:wojIIPId><sln:wojIIPPn>PL.PZGIK.200</sln:wojIIPPn><sln:wojIIPWersja>2016-05-05T18:20:48+02:00</sln:wojIIPWersja><sln:wojIdTeryt>30</sln:wojIdTeryt><sln:wojNazwa>wielkopolskie</sln:wojNazwa></sln:miejscowosc><sln:miejscowosc><sln:cyklZyciaDo>2017-03-31T00:00:00+02:00</sln:cyklZyciaDo><sln:cyklZyciaOd>2015-03-03T00:00:00+01:00</sln:cyklZyciaOd><sln:gmIIPId>02f9296d-8dc4-4f14-93ee-c457f0781608</sln:gmIIPId><sln:gmIIPPn>PL.PZGIK.200</sln:gmIIPPn><sln:gmIIPWersja>2012-09-26T22:23:44+02:00</sln:gmIIPWersja><sln:gmIdTeryt>3026043</sln:gmIdTeryt><sln:gmNazwa>Śrem</sln:gmNazwa><sln:miejscIIPId>73d45a72-3045-43f1-aeb8-6ada9024bf41</sln:miejscIIPId><sln:miejscIIPPn>PL.PZGIK.200</sln:miejscIIPPn><sln:miejscIIPWersja>2016-11-24T11:27:17+02:00</sln:miejscIIPWersja><sln:miejscIdTeryt>0596620</sln:miejscIdTeryt><sln:miejscNazwa>Wirginowo</sln:miejscNazwa><sln:miejscRodzaj>Inny obiekt</sln:miejscRodzaj><sln:powIIPId>2fc58bb6-d095-4f37-8f10-874797cb97fb</sln:powIIPId><sln:powIIPPn>PL.PZGIK.200</sln:powIIPPn><sln:powIIPWersja>2012-09-27T08:59:03+02:00</sln:powIIPWersja><sln:powIdTeryt>3026</sln:powIdTeryt><sln:powNazwa>śremski</sln:powNazwa><sln:waznyOd>2011-03-23T00:00:00+01:00</sln:waznyOd><sln:wojIIPId>c606b01a-76c8-480d-9470-f24ca0d7a613</sln:wojIIPId><sln:wojIIPPn>PL.PZGIK.200</sln:wojIIPPn><sln:wojIIPWersja>2016-05-05T18:20:48+02:00</sln:wojIIPWersja><sln:wojIdTeryt>30</sln:wojIdTeryt><sln:wojNazwa>wielkopolskie</sln:wojNazwa></sln:miejscowosc><sln:miejscowosc><sln:cyklZyciaDo>2017-03-31T00:00:00+02:00</sln:cyklZyciaDo><sln:cyklZyciaOd>2015-03-03T00:00:00+01:00</sln:cyklZyciaOd><sln:gmIIPId>02f9296d-8dc4-4f14-93ee-c457f0781608</sln:gmIIPId><sln:gmIIPPn>PL.PZGIK.200</sln:gmIIPPn><sln:gmIIPWersja>2012-09-26T22:23:44+02:00</sln:gmIIPWersja><sln:gmIdTeryt>3026043</sln:gmIdTeryt><sln:gmNazwa>Śrem</sln:gmNazwa><sln:miejscIIPId>da950634-fda8-424e-871f-366348a02f0d</sln:miejscIIPId><sln:miejscIIPPn>PL.PZGIK.200</sln:miejscIIPPn><sln:miejscIIPWersja>2016-11-24T11:27:17+02:00</sln:miejscIIPWersja><sln:miejscIdTeryt>0596636</sln:miejscIdTeryt><sln:miejscNazwa>Wyrzeka</sln:miejscNazwa><sln:miejscRodzaj>Inny obiekt</sln:miejscRodzaj><sln:powIIPId>2fc58bb6-d095-4f37-8f10-874797cb97fb</sln:powIIPId><sln:powIIPPn>PL.PZGIK.200</sln:powIIPPn><sln:powIIPWersja>2012-09-27T08:59:03+02:00</sln:powIIPWersja><sln:powIdTeryt>3026</sln:powIdTeryt><sln:powNazwa>śremski</sln:powNazwa><sln:waznyOd>2011-03-23T00:00:00+01:00</sln:waznyOd><sln:wojIIPId>c606b01a-76c8-480d-9470-f24ca0d7a613</sln:wojIIPId><sln:wojIIPPn>PL.PZGIK.200</sln:wojIIPPn><sln:wojIIPWersja>2016-05-05T18:20:48+02:00</sln:wojIIPWersja><sln:wojIdTeryt>30</sln:wojIdTeryt><sln:wojNazwa>wielkopolskie</sln:wojNazwa></sln:miejscowosc><sln:miejscowosc><sln:cyklZyciaDo>2017-03-31T00:00:00+02:00</sln:cyklZyciaDo><sln:cyklZyciaOd>2015-03-03T00:00:00+01:00</sln:cyklZyciaOd><sln:gmIIPId>02f9296d-8dc4-4f14-93ee-c457f0781608</sln:gmIIPId><sln:gmIIPPn>PL.PZGIK.200</sln:gmIIPPn><sln:gmIIPWersja>2012-09-26T22:23:44+02:00</sln:gmIIPWersja><sln:gmIdTeryt>3026043</sln:gmIdTeryt><sln:gmNazwa>Śrem</sln:gmNazwa><sln:miejscIIPId>f2dc7de4-def0-4eea-87ef-e9535144f388</sln:miejscIIPId><sln:miejscIIPPn>PL.PZGIK.200</sln:miejscIIPPn><sln:miejscIIPWersja>2016-11-24T11:27:17+02:00</sln:miejscIIPWersja><sln:miejscIdTeryt>0596642</sln:miejscIdTeryt><sln:miejscNazwa>Zbrudzewo</sln:miejscNazwa><sln:miejscRodzaj>Inny obiekt</sln:miejscRodzaj><sln:powIIPId>2fc58bb6-d095-4f37-8f10-874797cb97fb</sln:powIIPId><sln:powIIPPn>PL.PZGIK.200</sln:powIIPPn><sln:powIIPWersja>2012-09-27T08:59:03+02:00</sln:powIIPWersja><sln:powIdTeryt>3026</sln:powIdTeryt><sln:powNazwa>śremski</sln:powNazwa><sln:waznyOd>2011-03-23T00:00:00+01:00</sln:waznyOd><sln:wojIIPId>c606b01a-76c8-480d-9470-f24ca0d7a613</sln:wojIIPId><sln:wojIIPPn>PL.PZGIK.200</sln:wojIIPPn><sln:wojIIPWersja>2016-05-05T18:20:48+02:00</sln:wojIIPWersja><sln:wojIdTeryt>30</sln:wojIdTeryt><sln:wojNazwa>wielkopolskie</sln:wojNazwa></sln:miejscowosc><sln:miejscowosc><sln:cyklZyciaOd>2017-03-31T00:00:00+02:00</sln:cyklZyciaOd><sln:gmIIPId>02f9296d-8dc4-4f14-93ee-c457f0781608</sln:gmIIPId><sln:gmIIPPn>PL.PZGIK.200</sln:gmIIPPn><sln:gmIIPWersja>2012-09-26T22:23:44+02:00</sln:gmIIPWersja><sln:gmIdTeryt>3026043</sln:gmIdTeryt><sln:gmNazwa>Śrem</sln:gmNazwa><sln:miejscIIPId>fc8ba01e-9aaa-4aaf-a3d5-f6e69fcdf77a</sln:miejscIIPId><sln:miejscIIPPn>PL.PZGIK.200</sln:miejscIIPPn><sln:miejscIIPWersja>2017-03-31T10:14:45+02:00</sln:miejscIIPWersja><sln:miejscIdTeryt>0596116</sln:miejscIdTeryt><sln:miejscNazwa>Binkowo</sln:miejscNazwa><sln:miejscRodzaj>Wieś</sln:miejscRodzaj><sln:powIIPId>2fc58bb6-d095-4f37-8f10-874797cb97fb</sln:powIIPId><sln:powIIPPn>PL.PZGIK.200</sln:powIIPPn><sln:powIIPWersja>2012-09-27T08:59:03+02:00</sln:powIIPWersja><sln:powIdTeryt>3026</sln:powIdTeryt><sln:powNazwa>śremski</sln:powNazwa><sln:waznyOd>2011-03-23T00:00:00+01:00</sln:waznyOd><sln:wojIIPId>c606b01a-76c8-480d-9470-f24ca0d7a613</sln:wojIIPId><sln:wojIIPPn>PL.PZGIK.200</sln:wojIIPPn><sln:wojIIPWersja>2016-05-05T18:20:48+02:00</sln:wojIIPWersja><sln:wojIdTeryt>30</sln:wojIdTeryt><sln:wojNazwa>wielkopolskie</sln:wojNazwa></sln:miejscowosc><sln:miejscowosc><sln:cyklZyciaOd>2017-03-31T00:00:00+02:00</sln:cyklZyciaOd><sln:gmIIPId>02f9296d-8dc4-4f14-93ee-c457f0781608</sln:gmIIPId><sln:gmIIPPn>PL.PZGIK.200</sln:gmIIPPn><sln:gmIIPWersja>2012-09-26T22:23:44+02:00</sln:gmIIPWersja><sln:gmIdTeryt>3026043</sln:gmIdTeryt><sln:gmNazwa>Śrem</sln:gmNazwa><sln:miejscIIPId>3704ad53-970f-4dea-ab78-bfe8dd404550</sln:miejscIIPId><sln:miejscIIPPn>PL.PZGIK.200</sln:miejscIIPPn><sln:miejscIIPWersja>2017-03-31T10:14:51+02:00</sln:miejscIIPWersja><sln:miejscIdTeryt>0596139</sln:miejscIdTeryt><sln:miejscNazwa>Błociszewo</sln:miejscNazwa><sln:miejscRodzaj>Wieś</sln:miejscRodzaj><sln:powIIPId>2fc58bb6-d095-4f37-8f10-874797cb97fb</sln:powIIPId><sln:powIIPPn>PL.PZGIK.200</sln:powIIPPn><sln:powIIPWersja>2012-09-27T08:59:03+02:00</sln:powIIPWersja><sln:powIdTeryt>3026</sln:powIdTeryt><sln:powNazwa>śremski</sln:powNazwa><sln:waznyOd>2011-03-23T00:00:00+01:00</sln:waznyOd><sln:wojIIPId>c606b01a-76c8-480d-9470-f24ca0d7a613</sln:wojIIPId><sln:wojIIPPn>PL.PZGIK.200</sln:wojIIPPn><sln:wojIIPWersja>2016-05-05T18:20:48+02:00</sln:wojIIPWersja><sln:wojIdTeryt>30</sln:wojIdTeryt><sln:wojNazwa>wielkopolskie</sln:wojNazwa></sln:miejscowosc><sln:miejscowosc><sln:cyklZyciaOd>2017-03-31T00:00:00+02:00</sln:cyklZyciaOd><sln:gmIIPId>02f9296d-8dc4-4f14-93ee-c457f0781608</sln:gmIIPId><sln:gmIIPPn>PL.PZGIK.200</sln:gmIIPPn><sln:gmIIPWersja>2012-09-26T22:23:44+02:00</sln:gmIIPWersja><sln:gmIdTeryt>3026043</sln:gmIdTeryt><sln:gmNazwa>Śrem</sln:gmNazwa><sln:miejscIIPId>4edd8680-4d11-4f32-9c41-633c96af120b</sln:miejscIIPId><sln:miejscIIPPn>PL.PZGIK.200</sln:miejscIIPPn><sln:miejscIIPWersja>2017-03-31T10:14:51+02:00</sln:miejscIIPWersja><sln:miejscIdTeryt>0596151</sln:miejscIdTeryt><sln:miejscNazwa>Bodzyniewo</sln:miejscNazwa><sln:miejscRodzaj>Wieś</sln:miejscRodzaj><sln:powIIPId>2fc58bb6-d095-4f37-8f10-874797cb97fb</sln:powIIPId><sln:powIIPPn>PL.PZGIK.200</sln:powIIPPn><sln:powIIPWersja>2012-09-27T08:59:03+02:00</sln:powIIPWersja><sln:powIdTeryt>3026</sln:powIdTeryt><sln:powNazwa>śremski</sln:powNazwa><sln:waznyOd>2011-03-23T00:00:00+01:00</sln:waznyOd><sln:wojIIPId>c606b01a-76c8-480d-9470-f24ca0d7a613</sln:wojIIPId><sln:wojIIPPn>PL.PZGIK.200</sln:wojIIPPn><sln:wojIIPWersja>2016-05-05T18:20:48+02:00</sln:wojIIPWersja><sln:wojIdTeryt>30</sln:wojIdTeryt><sln:wojNazwa>wielkopolskie</sln:wojNazwa></sln:miejscowosc><sln:miejscowosc><sln:cyklZyciaOd>2017-03-31T00:00:00+02:00</sln:cyklZyciaOd><sln:gmIIPId>02f9296d-8dc4-4f14-93ee-c457f0781608</sln:gmIIPId><sln:gmIIPPn>PL.PZGIK.200</sln:gmIIPPn><sln:gmIIPWersja>2012-09-26T22:23:44+02:00</sln:gmIIPWersja><sln:gmIdTeryt>3026043</sln:gmIdTeryt><sln:gmNazwa>Śrem</sln:gmNazwa><sln:miejscIIPId>457663f1-dd0e-48fc-89b2-415c64e6bdb9</sln:miejscIIPId><sln:miejscIIPPn>PL.PZGIK.200</sln:miejscIIPPn><sln:miejscIIPWersja>2017-03-31T10:14:51+02:00</sln:miejscIIPWersja><sln:miejscIdTeryt>0596168</sln:miejscIdTeryt><sln:miejscNazwa>Borgowo</sln:miejscNazwa><sln:miejscRodzaj>Wieś</sln:miejscRodzaj><sln:powIIPId>2fc58bb6-d095-4f37-8f10-874797cb97fb</sln:powIIPId><sln:powIIPPn>PL.PZGIK.200</sln:powIIPPn><sln:powIIPWersja>2012-09-27T08:59:03+02:00</sln:powIIPWersja><sln:powIdTeryt>3026</sln:powIdTeryt><sln:powNazwa>śremski</sln:powNazwa><sln:waznyOd>2011-03-23T00:00:00+01:00</sln:waznyOd><sln:wojIIPId>c606b01a-76c8-480d-9470-f24ca0d7a613</sln:wojIIPId><sln:wojIIPPn>PL.PZGIK.200</sln:wojIIPPn><sln:wojIIPWersja>2016-05-05T18:20:48+02:00</sln:wojIIPWersja><sln:wojIdTeryt>30</sln:wojIdTeryt><sln:wojNazwa>wielkopolskie</sln:wojNazwa></sln:miejscowosc><sln:miejscowosc><sln:cyklZyciaOd>2017-03-31T00:00:00+02:00</sln:cyklZyciaOd><sln:gmIIPId>02f9296d-8dc4-4f14-93ee-c457f0781608</sln:gmIIPId><sln:gmIIPPn>PL.PZGIK.200</sln:gmIIPPn><sln:gmIIPWersja>2012-09-26T22:23:44+02:00</sln:gmIIPWersja><sln:gmIdTeryt>3026043</sln:gmIdTeryt><sln:gmNazwa>Śrem</sln:gmNazwa><sln:miejscIIPId>66ba829d-e4b8-411a-afcd-665d2583b930</sln:miejscIIPId><sln:miejscIIPPn>PL.PZGIK.200</sln:miejscIIPPn><sln:miejscIIPWersja>2017-03-31T10:14:51+02:00</sln:miejscIIPWersja><sln:miejscIdTeryt>0596180</sln:miejscIdTeryt><sln:miejscNazwa>Bystrzek</sln:miejscNazwa><sln:miejscRodzaj>Wieś</sln:miejscRodzaj><sln:powIIPId>2fc58bb6-d095-4f37-8f10-874797cb97fb</sln:powIIPId><sln:powIIPPn>PL.PZGIK.200</sln:powIIPPn><sln:powIIPWersja>2012-09-27T08:59:03+02:00</sln:powIIPWersja><sln:powIdTeryt>3026</sln:powIdTeryt><sln:powNazwa>śremski</sln:powNazwa><sln:waznyOd>2011-03-23T00:00:00+01:00</sln:waznyOd><sln:wojIIPId>c606b01a-76c8-480d-9470-f24ca0d7a613</sln:wojIIPId><sln:wojIIPPn>PL.PZGIK.200</sln:wojIIPPn><sln:wojIIPWersja>2016-05-05T18:20:48+02:00</sln:wojIIPWersja><sln:wojIdTeryt>30</sln:wojIdTeryt><sln:wojNazwa>wielkopolskie</sln:wojNazwa></sln:miejscowosc><sln:miejscowosc><sln:cyklZyciaOd>2017-03-31T00:00:00+02:00</sln:cyklZyciaOd><sln:gmIIPId>02f9296d-8dc4-4f14-93ee-c457f0781608</sln:gmIIPId><sln:gmIIPPn>PL.PZGIK.200</sln:gmIIPPn><sln:gmIIPWersja>2012-09-26T22:23:44+02:00</sln:gmIIPWersja><sln:gmIdTeryt>3026043</sln:gmIdTeryt><sln:gmNazwa>Śrem</sln:gmNazwa><sln:miejscIIPId>f02280a2-53db-4bd0-8b87-8c1e7e7982e6</sln:miejscIIPId><sln:miejscIIPPn>PL.PZGIK.200</sln:miejscIIPPn><sln:miejscIIPWersja>2017-03-31T10:14:51+02:00</sln:miejscIIPWersja><sln:miejscIdTeryt>0596197</sln:miejscIdTeryt><sln:miejscNazwa>Dalewo</sln:miejscNazwa><sln:miejscRodzaj>Wieś</sln:miejscRodzaj><sln:powIIPId>2fc58bb6-d095-4f37-8f10-874797cb97fb</sln:powIIPId><sln:powIIPPn>PL.PZGIK.200</sln:powIIPPn><sln:powIIPWersja>2012-09-27T08:59:03+02:00</sln:powIIPWersja><sln:powIdTeryt>3026</sln:powIdTeryt><sln:powNazwa>śremski</sln:powNazwa><sln:waznyOd>2011-03-23T00:00:00+01:00</sln:waznyOd><sln:wojIIPId>c606b01a-76c8-480d-9470-f24ca0d7a613</sln:wojIIPId><sln:wojIIPPn>PL.PZGIK.200</sln:wojIIPPn><sln:wojIIPWersja>2016-05-05T18:20:48+02:00</sln:wojIIPWersja><sln:wojIdTeryt>30</sln:wojIdTeryt><sln:wojNazwa>wielkopolskie</sln:wojNazwa></sln:miejscowosc><sln:miejscowosc><sln:cyklZyciaOd>2017-03-31T00:00:00+02:00</sln:cyklZyciaOd><sln:gmIIPId>02f9296d-8dc4-4f14-93ee-c457f0781608</sln:gmIIPId><sln:gmIIPPn>PL.PZGIK.200</sln:gmIIPPn><sln:gmIIPWersja>2012-09-26T22:23:44+02:00</sln:gmIIPWersja><sln:gmIdTeryt>3026043</sln:gmIdTeryt><sln:gmNazwa>Śrem</sln:gmNazwa><sln:miejscIIPId>f41abee8-e87b-4990-9dec-bcb476f544b9</sln:miejscIIPId><sln:miejscIIPPn>PL.PZGIK.200</sln:miejscIIPPn><sln:miejscIIPWersja>2017-03-31T10:14:51+02:00</sln:miejscIIPWersja><sln:miejscIdTeryt>0596205</sln:miejscIdTeryt><sln:miejscNazwa>Dąbrowa</sln:miejscNazwa><sln:miejscRodzaj>Wieś</sln:miejscRodzaj><sln:powIIPId>2fc58bb6-d095-4f37-8f10-874797cb97fb</sln:powIIPId><sln:powIIPPn>PL.PZGIK.200</sln:powIIPPn><sln:powIIPWersja>2012-09-27T08:59:03+02:00</sln:powIIPWersja><sln:powIdTeryt>3026</sln:powIdTeryt><sln:powNazwa>śremski</sln:powNazwa><sln:waznyOd>2011-03-23T00:00:00+01:00</sln:waznyOd><sln:wojIIPId>c606b01a-76c8-480d-9470-f24ca0d7a613</sln:wojIIPId><sln:wojIIPPn>PL.PZGIK.200</sln:wojIIPPn><sln:wojIIPWersja>2016-05-05T18:20:48+02:00</sln:wojIIPWersja><sln:wojIdTeryt>30</sln:wojIdTeryt><sln:wojNazwa>wielkopolskie</sln:wojNazwa></sln:miejscowosc><sln:miejscowosc><sln:cyklZyciaOd>2017-03-31T00:00:00+02:00</sln:cyklZyciaOd><sln:gmIIPId>02f9296d-8dc4-4f14-93ee-c457f0781608</sln:gmIIPId><sln:gmIIPPn>PL.PZGIK.200</sln:gmIIPPn><sln:gmIIPWersja>2012-09-26T22:23:44+02:00</sln:gmIIPWersja><sln:gmIdTeryt>3026043</sln:gmIdTeryt><sln:gmNazwa>Śrem</sln:gmNazwa><sln:miejscIIPId>fbaa4575-fcc1-403a-907f-b031ebe598f0</sln:miejscIIPId><sln:miejscIIPPn>PL.PZGIK.200</sln:miejscIIPPn><sln:miejscIIPWersja>2017-03-31T10:14:52+02:00</sln:miejscIIPWersja><sln:miejscIdTeryt>0596211</sln:miejscIdTeryt><sln:miejscNazwa>Mateuszewo</sln:miejscNazwa><sln:miejscRodzaj>Wieś</sln:miejscRodzaj><sln:powIIPId>2fc58bb6-d095-4f37-8f10-874797cb97fb</sln:powIIPId><sln:powIIPPn>PL.PZGIK.200</sln:powIIPPn><sln:powIIPWersja>2012-09-27T08:59:03+02:00</sln:powIIPWersja><sln:powIdTeryt>3026</sln:powIdTeryt><sln:powNazwa>śremski</sln:powNazwa><sln:waznyOd>2011-03-23T00:00:00+01:00</sln:waznyOd><sln:wojIIPId>c606b01a-76c8-480d-9470-f24ca0d7a613</sln:wojIIPId><sln:wojIIPPn>PL.PZGIK.200</sln:wojIIPPn><sln:wojIIPWersja>2016-05-05T18:20:48+02:00</sln:wojIIPWersja><sln:wojIdTeryt>30</sln:wojIdTeryt><sln:wojNazwa>wielkopolskie</sln:wojNazwa></sln:miejscowosc><sln:miejscowosc><sln:cyklZyciaOd>2017-03-31T00:00:00+02:00</sln:cyklZyciaOd><sln:gmIIPId>02f9296d-8dc4-4f14-93ee-c457f0781608</sln:gmIIPId><sln:gmIIPPn>PL.PZGIK.200</sln:gmIIPPn><sln:gmIIPWersja>2012-09-26T22:23:44+02:00</sln:gmIIPWersja><sln:gmIdTeryt>3026043</sln:gmIdTeryt><sln:gmNazwa>Śrem</sln:gmNazwa><sln:miejscIIPId>505ec4aa-3798-44c3-88ca-bf7c8cb066b5</sln:miejscIIPId><sln:miejscIIPPn>PL.PZGIK.200</sln:miejscIIPPn><sln:miejscIIPWersja>2017-03-31T10:14:52+02:00</sln:miejscIIPWersja><sln:miejscIdTeryt>0596228</sln:miejscIdTeryt><sln:miejscNazwa>Dobczyn</sln:miejscNazwa><sln:miejscRodzaj>Osada</sln:miejscRodzaj><sln:powIIPId>2fc58bb6-d095-4f37-8f10-874797cb97fb</sln:powIIPId><sln:powIIPPn>PL.PZGIK.200</sln:powIIPPn><sln:powIIPWersja>2012-09-27T08:59:03+02:00</sln:powIIPWersja><sln:powIdTeryt>3026</sln:powIdTeryt><sln:powNazwa>śremski</sln:powNazwa><sln:waznyOd>2011-03-23T00:00:00+01:00</sln:waznyOd><sln:wojIIPId>c606b01a-76c8-480d-9470-f24ca0d7a613</sln:wojIIPId><sln:wojIIPPn>PL.PZGIK.200</sln:wojIIPPn><sln:wojIIPWersja>2016-05-05T18:20:48+02:00</sln:wojIIPWersja><sln:wojIdTeryt>30</sln:wojIdTeryt><sln:wojNazwa>wielkopolskie</sln:wojNazwa></sln:miejscowosc><sln:miejscowosc><sln:cyklZyciaOd>2017-03-31T00:00:00+02:00</sln:cyklZyciaOd><sln:gmIIPId>02f9296d-8dc4-4f14-93ee-c457f0781608</sln:gmIIPId><sln:gmIIPPn>PL.PZGIK.200</sln:gmIIPPn><sln:gmIIPWersja>2012-09-26T22:23:44+02:00</sln:gmIIPWersja><sln:gmIdTeryt>3026043</sln:gmIdTeryt><sln:gmNazwa>Śrem</sln:gmNazwa><sln:miejscIIPId>922beca0-4a50-4411-8b03-38a181058c18</sln:miejscIIPId><sln:miejscIIPPn>PL.PZGIK.200</sln:miejscIIPPn><sln:miejscIIPWersja>2017-03-31T10:14:52+02:00</sln:miejscIIPWersja><sln:miejscIdTeryt>0596234</sln:miejscIdTeryt><sln:miejscNazwa>Gaj</sln:miejscNazwa><sln:miejscRodzaj>Wieś</sln:miejscRodzaj><sln:powIIPId>2fc58bb6-d095-4f37-8f10-874797cb97fb</sln:powIIPId><sln:powIIPPn>PL.PZGIK.200</sln:powIIPPn><sln:powIIPWersja>2012-09-27T08:59:03+02:00</sln:powIIPWersja><sln:powIdTeryt>3026</sln:powIdTeryt><sln:powNazwa>śremski</sln:powNazwa><sln:waznyOd>2011-03-23T00:00:00+01:00</sln:waznyOd><sln:wojIIPId>c606b01a-76c8-480d-9470-f24ca0d7a613</sln:wojIIPId><sln:wojIIPPn>PL.PZGIK.200</sln:wojIIPPn><sln:wojIIPWersja>2016-05-05T18:20:48+02:00</sln:wojIIPWersja><sln:wojIdTeryt>30</sln:wojIdTeryt><sln:wojNazwa>wielkopolskie</sln:wojNazwa></sln:miejscowosc><sln:miejscowosc><sln:cyklZyciaOd>2017-03-31T00:00:00+02:00</sln:cyklZyciaOd><sln:gmIIPId>02f9296d-8dc4-4f14-93ee-c457f0781608</sln:gmIIPId><sln:gmIIPPn>PL.PZGIK.200</sln:gmIIPPn><sln:gmIIPWersja>2012-09-26T22:23:44+02:00</sln:gmIIPWersja><sln:gmIdTeryt>3026043</sln:gmIdTeryt><sln:gmNazwa>Śrem</sln:gmNazwa><sln:miejscIIPId>e956cfc0-d63b-4ba7-9b55-efc4898374df</sln:miejscIIPId><sln:miejscIIPPn>PL.PZGIK.200</sln:miejscIIPPn><sln:miejscIIPWersja>2017-03-31T10:14:52+02:00</sln:miejscIIPWersja><sln:miejscIdTeryt>0596240</sln:miejscIdTeryt><sln:miejscNazwa>Góra</sln:miejscNazwa><sln:miejscRodzaj>Wieś</sln:miejscRodzaj><sln:powIIPId>2fc58bb6-d095-4f37-8f10-874797cb97fb</sln:powIIPId><sln:powIIPPn>PL.PZGIK.200</sln:powIIPPn><sln:powIIPWersja>2012-09-27T08:59:03+02:00</sln:powIIPWersja><sln:powIdTeryt>3026</sln:powIdTeryt><sln:powNazwa>śremski</sln:powNazwa><sln:waznyOd>2011-03-23T00:00:00+01:00</sln:waznyOd><sln:wojIIPId>c606b01a-76c8-480d-9470-f24ca0d7a613</sln:wojIIPId><sln:wojIIPPn>PL.PZGIK.200</sln:wojIIPPn><sln:wojIIPWersja>2016-05-05T18:20:48+02:00</sln:wojIIPWersja><sln:wojIdTeryt>30</sln:wojIdTeryt><sln:wojNazwa>wielkopolskie</sln:wojNazwa></sln:miejscowosc><sln:miejscowosc><sln:cyklZyciaOd>2017-03-31T00:00:00+02:00</sln:cyklZyciaOd><sln:gmIIPId>02f9296d-8dc4-4f14-93ee-c457f0781608</sln:gmIIPId><sln:gmIIPPn>PL.PZGIK.200</sln:gmIIPPn><sln:gmIIPWersja>2012-09-26T22:23:44+02:00</sln:gmIIPWersja><sln:gmIdTeryt>3026043</sln:gmIdTeryt><sln:gmNazwa>Śrem</sln:gmNazwa><sln:miejscIIPId>02727b35-9eea-4d9f-84b4-a12c14a98bf8</sln:miejscIIPId><sln:miejscIIPPn>PL.PZGIK.200</sln:miejscIIPPn><sln:miejscIIPWersja>2017-03-31T10:14:52+02:00</sln:miejscIIPWersja><sln:miejscIdTeryt>0596263</sln:miejscIdTeryt><sln:miejscNazwa>Grodzewo</sln:miejscNazwa><sln:miejscRodzaj>Wieś</sln:miejscRodzaj><sln:powIIPId>2fc58bb6-d095-4f37-8f10-874797cb97fb</sln:powIIPId><sln:powIIPPn>PL.PZGIK.200</sln:powIIPPn><sln:powIIPWersja>2012-09-27T08:59:03+02:00</sln:powIIPWersja><sln:powIdTeryt>3026</sln:powIdTeryt><sln:powNazwa>śremski</sln:powNazwa><sln:waznyOd>2011-03-23T00:00:00+01:00</sln:waznyOd><sln:wojIIPId>c606b01a-76c8-480d-9470-f24ca0d7a613</sln:wojIIPId><sln:wojIIPPn>PL.PZGIK.200</sln:wojIIPPn><sln:wojIIPWersja>2016-05-05T18:20:48+02:00</sln:wojIIPWersja><sln:wojIdTeryt>30</sln:wojIdTeryt><sln:wojNazwa>wielkopolskie</sln:wojNazwa></sln:miejscowosc><sln:miejscowosc><sln:cyklZyciaOd>2017-03-31T00:00:00+02:00</sln:cyklZyciaOd><sln:gmIIPId>02f9296d-8dc4-4f14-93ee-c457f0781608</sln:gmIIPId><sln:gmIIPPn>PL.PZGIK.200</sln:gmIIPPn><sln:gmIIPWersja>2012-09-26T22:23:44+02:00</sln:gmIIPWersja><sln:gmIdTeryt>3026043</sln:gmIdTeryt><sln:gmNazwa>Śrem</sln:gmNazwa><sln:miejscIIPId>045de3fe-463f-4858-8bc9-6de71b2870a4</sln:miejscIIPId><sln:miejscIIPPn>PL.PZGIK.200</sln:miejscIIPPn><sln:miejscIIPWersja>2017-03-31T10:14:52+02:00</sln:miejscIIPWersja><sln:miejscIdTeryt>0596286</sln:miejscIdTeryt><sln:miejscNazwa>Grzymysław</sln:miejscNazwa><sln:miejscRodzaj>Wieś</sln:miejscRodzaj><sln:powIIPId>2fc58bb6-d095-4f37-8f10-874797cb97fb</sln:powIIPId><sln:powIIPPn>PL.PZGIK.200</sln:powIIPPn><sln:powIIPWersja>2012-09-27T08:59:03+02:00</sln:powIIPWersja><sln:powIdTeryt>3026</sln:powIdTeryt><sln:powNazwa>śremski</sln:powNazwa><sln:waznyOd>2011-03-23T00:00:00+01:00</sln:waznyOd><sln:wojIIPId>c606b01a-76c8-480d-9470-f24ca0d7a613</sln:wojIIPId><sln:wojIIPPn>PL.PZGIK.200</sln:wojIIPPn><sln:wojIIPWersja>2016-05-05T18:20:48+02:00</sln:wojIIPWersja><sln:wojIdTeryt>30</sln:wojIdTeryt><sln:wojNazwa>wielkopolskie</sln:wojNazwa></sln:miejscowosc><sln:miejscowosc><sln:cyklZyciaOd>2017-03-31T00:00:00+02:00</sln:cyklZyciaOd><sln:gmIIPId>02f9296d-8dc4-4f14-93ee-c457f0781608</sln:gmIIPId><sln:gmIIPPn>PL.PZGIK.200</sln:gmIIPPn><sln:gmIIPWersja>2012-09-26T22:23:44+02:00</sln:gmIIPWersja><sln:gmIdTeryt>3026043</sln:gmIdTeryt><sln:gmNazwa>Śrem</sln:gmNazwa><sln:miejscIIPId>41882d3a-2cfa-4248-83da-985942d16438</sln:miejscIIPId><sln:miejscIIPPn>PL.PZGIK.200</sln:miejscIIPPn><sln:miejscIIPWersja>2017-03-31T10:14:52+02:00</sln:miejscIIPWersja><sln:miejscIdTeryt>0596300</sln:miejscIdTeryt><sln:miejscNazwa>Kadzewo</sln:miejscNazwa><sln:miejscRodzaj>Osada</sln:miejscRodzaj><sln:powIIPId>2fc58bb6-d095-4f37-8f10-874797cb97fb</sln:powIIPId><sln:powIIPPn>PL.PZGIK.200</sln:powIIPPn><sln:powIIPWersja>2012-09-27T08:59:03+02:00</sln:powIIPWersja><sln:powIdTeryt>3026</sln:powIdTeryt><sln:powNazwa>śremski</sln:powNazwa><sln:waznyOd>2011-03-23T00:00:00+01:00</sln:waznyOd><sln:wojIIPId>c606b01a-76c8-480d-9470-f24ca0d7a613</sln:wojIIPId><sln:wojIIPPn>PL.PZGIK.200</sln:wojIIPPn><sln:wojIIPWersja>2016-05-05T18:20:48+02:00</sln:wojIIPWersja><sln:wojIdTeryt>30</sln:wojIdTeryt><sln:wojNazwa>wielkopolskie</sln:wojNazwa></sln:miejscowosc><sln:miejscowosc><sln:cyklZyciaOd>2017-03-31T00:00:00+02:00</sln:cyklZyciaOd><sln:gmIIPId>02f9296d-8dc4-4f14-93ee-c457f0781608</sln:gmIIPId><sln:gmIIPPn>PL.PZGIK.200</sln:gmIIPPn><sln:gmIIPWersja>2012-09-26T22:23:44+02:00</sln:gmIIPWersja><sln:gmIdTeryt>3026043</sln:gmIdTeryt><sln:gmNazwa>Śrem</sln:gmNazwa><sln:miejscIIPId>d1a4d806-fc0b-409d-8f08-15bbc1f3719e</sln:miejscIIPId><sln:miejscIIPPn>PL.PZGIK.200</sln:miejscIIPPn><sln:miejscIIPWersja>2017-03-31T10:14:52+02:00</sln:miejscIIPWersja><sln:miejscIdTeryt>0596317</sln:miejscIdTeryt><sln:miejscNazwa>Marszewo</sln:miejscNazwa><sln:miejscRodzaj>Osada</sln:miejscRodzaj><sln:powIIPId>2fc58bb6-d095-4f37-8f10-874797cb97fb</sln:powIIPId><sln:powIIPPn>PL.PZGIK.200</sln:powIIPPn><sln:powIIPWersja>2012-09-27T08:59:03+02:00</sln:powIIPWersja><sln:powIdTeryt>3026</sln:powIdTeryt><sln:powNazwa>śremski</sln:powNazwa><sln:waznyOd>2011-03-23T00:00:00+01:00</sln:waznyOd><sln:wojIIPId>c606b01a-76c8-480d-9470-f24ca0d7a613</sln:wojIIPId><sln:wojIIPPn>PL.PZGIK.200</sln:wojIIPPn><sln:wojIIPWersja>2016-05-05T18:20:48+02:00</sln:wojIIPWersja><sln:wojIdTeryt>30</sln:wojIdTeryt><sln:wojNazwa>wielkopolskie</sln:wojNazwa></sln:miejscowosc><sln:miejscowosc><sln:cyklZyciaOd>2017-03-31T00:00:00+02:00</sln:cyklZyciaOd><sln:gmIIPId>02f9296d-8dc4-4f14-93ee-c457f0781608</sln:gmIIPId><sln:gmIIPPn>PL.PZGIK.200</sln:gmIIPPn><sln:gmIIPWersja>2012-09-26T22:23:44+02:00</sln:gmIIPWersja><sln:gmIdTeryt>3026043</sln:gmIdTeryt><sln:gmNazwa>Śrem</sln:gmNazwa><sln:miejscIIPId>d6b455b2-ce68-4a3a-9945-a5968532ab29</sln:miejscIIPId><sln:miejscIIPPn>PL.PZGIK.200</sln:miejscIIPPn><sln:miejscIIPWersja>2017-03-31T10:14:52+02:00</sln:miejscIIPWersja><sln:miejscIdTeryt>0596323</sln:miejscIdTeryt><sln:miejscNazwa>Kaleje</sln:miejscNazwa><sln:miejscRodzaj>Wieś</sln:miejscRodzaj><sln:powIIPId>2fc58bb6-d095-4f37-8f10-874797cb97fb</sln:powIIPId><sln:powIIPPn>PL.PZGIK.200</sln:powIIPPn><sln:powIIPWersja>2012-09-27T08:59:03+02:00</sln:powIIPWersja><sln:powIdTeryt>3026</sln:powIdTeryt><sln:powNazwa>śremski</sln:powNazwa><sln:waznyOd>2011-03-23T00:00:00+01:00</sln:waznyOd><sln:wojIIPId>c606b01a-76c8-480d-9470-f24ca0d7a613</sln:wojIIPId><sln:wojIIPPn>PL.PZGIK.200</sln:wojIIPPn><sln:wojIIPWersja>2016-05-05T18:20:48+02:00</sln:wojIIPWersja><sln:wojIdTeryt>30</sln:wojIdTeryt><sln:wojNazwa>wielkopolskie</sln:wojNazwa></sln:miejscowosc><sln:miejscowosc><sln:cyklZyciaOd>2017-03-31T00:00:00+02:00</sln:cyklZyciaOd><sln:gmIIPId>02f9296d-8dc4-4f14-93ee-c457f0781608</sln:gmIIPId><sln:gmIIPPn>PL.PZGIK.200</sln:gmIIPPn><sln:gmIIPWersja>2012-09-26T22:23:44+02:00</sln:gmIIPWersja><sln:gmIdTeryt>3026043</sln:gmIdTeryt><sln:gmNazwa>Śrem</sln:gmNazwa><sln:miejscIIPId>830211e2-aba4-4da0-8b79-bcdd783b14dd</sln:miejscIIPId><sln:miejscIIPPn>PL.PZGIK.200</sln:miejscIIPPn><sln:miejscIIPWersja>2017-03-31T10:14:52+02:00</sln:miejscIIPWersja><sln:miejscIdTeryt>0596330</sln:miejscIdTeryt><sln:miejscNazwa>Krzyżanowo</sln:miejscNazwa><sln:miejscRodzaj>Wieś</sln:miejscRodzaj><sln:powIIPId>2fc58bb6-d095-4f37-8f10-874797cb97fb</sln:powIIPId><sln:powIIPPn>PL.PZGIK.200</sln:powIIPPn><sln:powIIPWersja>2012-09-27T08:59:03+02:00</sln:powIIPWersja><sln:powIdTeryt>3026</sln:powIdTeryt><sln:powNazwa>śremski</sln:powNazwa><sln:waznyOd>2011-03-23T00:00:00+01:00</sln:waznyOd><sln:wojIIPId>c606b01a-76c8-480d-9470-f24ca0d7a613</sln:wojIIPId><sln:wojIIPPn>PL.PZGIK.200</sln:wojIIPPn><sln:wojIIPWersja>2016-05-05T18:20:48+02:00</sln:wojIIPWersja><sln:wojIdTeryt>30</sln:wojIdTeryt><sln:wojNazwa>wielkopolskie</sln:wojNazwa></sln:miejscowosc><sln:miejscowosc><sln:cyklZyciaOd>2017-03-31T00:00:00+02:00</sln:cyklZyciaOd><sln:gmIIPId>02f9296d-8dc4-4f14-93ee-c457f0781608</sln:gmIIPId><sln:gmIIPPn>PL.PZGIK.200</sln:gmIIPPn><sln:gmIIPWersja>2012-09-26T22:23:44+02:00</sln:gmIIPWersja><sln:gmIdTeryt>3026043</sln:gmIdTeryt><sln:gmNazwa>Śrem</sln:gmNazwa><sln:miejscIIPId>5143b507-cfa3-43a0-b840-4f4bfc229bfc</sln:miejscIIPId><sln:miejscIIPPn>PL.PZGIK.200</sln:miejscIIPPn><sln:miejscIIPWersja>2017-03-31T10:14:52+02:00</sln:miejscIIPWersja><sln:miejscIdTeryt>0596352</sln:miejscIdTeryt><sln:miejscNazwa>Pucołowo</sln:miejscNazwa><sln:miejscRodzaj>Wieś</sln:miejscRodzaj><sln:powIIPId>2fc58bb6-d095-4f37-8f10-874797cb97fb</sln:powIIPId><sln:powIIPPn>PL.PZGIK.200</sln:powIIPPn><sln:powIIPWersja>2012-09-27T08:59:03+02:00</sln:powIIPWersja><sln:powIdTeryt>3026</sln:powIdTeryt><sln:powNazwa>śremski</sln:powNazwa><sln:waznyOd>2011-03-23T00:00:00+01:00</sln:waznyOd><sln:wojIIPId>c606b01a-76c8-480d-9470-f24ca0d7a613</sln:wojIIPId><sln:wojIIPPn>PL.PZGIK.200</sln:wojIIPPn><sln:wojIIPWersja>2016-05-05T18:20:48+02:00</sln:wojIIPWersja><sln:wojIdTeryt>30</sln:wojIdTeryt><sln:wojNazwa>wielkopolskie</sln:wojNazwa></sln:miejscowosc><sln:miejscowosc><sln:cyklZyciaOd>2017-03-31T00:00:00+02:00</sln:cyklZyciaOd><sln:gmIIPId>02f9296d-8dc4-4f14-93ee-c457f0781608</sln:gmIIPId><sln:gmIIPPn>PL.PZGIK.200</sln:gmIIPPn><sln:gmIIPWersja>2012-09-26T22:23:44+02:00</sln:gmIIPWersja><sln:gmIdTeryt>3026043</sln:gmIdTeryt><sln:gmNazwa>Śrem</sln:gmNazwa><sln:miejscIIPId>70a45012-b6fb-45bc-9080-0f1cbcaf3936</sln:miejscIIPId><sln:miejscIIPPn>PL.PZGIK.200</sln:miejscIIPPn><sln:miejscIIPWersja>2017-03-31T10:14:52+02:00</sln:miejscIIPWersja><sln:miejscIdTeryt>0596369</sln:miejscIdTeryt><sln:miejscNazwa>Luciny</sln:miejscNazwa><sln:miejscRodzaj>Wieś</sln:miejscRodzaj><sln:powIIPId>2fc58bb6-d095-4f37-8f10-874797cb97fb</sln:powIIPId><sln:powIIPPn>PL.PZGIK.200</sln:powIIPPn><sln:powIIPWersja>2012-09-27T08:59:03+02:00</sln:powIIPWersja><sln:powIdTeryt>3026</sln:powIdTeryt><sln:powNazwa>śremski</sln:powNazwa><sln:waznyOd>2011-03-23T00:00:00+01:00</sln:waznyOd><sln:wojIIPId>c606b01a-76c8-480d-9470-f24ca0d7a613</sln:wojIIPId><sln:wojIIPPn>PL.PZGIK.200</sln:wojIIPPn><sln:wojIIPWersja>2016-05-05T18:20:48+02:00</sln:wojIIPWersja><sln:wojIdTeryt>30</sln:wojIdTeryt><sln:wojNazwa>wielkopolskie</sln:wojNazwa></sln:miejscowosc><sln:miejscowosc><sln:cyklZyciaOd>2017-03-31T00:00:00+02:00</sln:cyklZyciaOd><sln:gmIIPId>02f9296d-8dc4-4f14-93ee-c457f0781608</sln:gmIIPId><sln:gmIIPPn>PL.PZGIK.200</sln:gmIIPPn><sln:gmIIPWersja>2012-09-26T22:23:44+02:00</sln:gmIIPWersja><sln:gmIdTeryt>3026043</sln:gmIdTeryt><sln:gmNazwa>Śrem</sln:gmNazwa><sln:miejscIIPId>cf39ac9f-b453-4320-90b6-454d5847f1ef</sln:miejscIIPId><sln:miejscIIPPn>PL.PZGIK.200</sln:miejscIIPPn><sln:miejscIIPWersja>2017-03-31T10:14:52+02:00</sln:miejscIIPWersja><sln:miejscIdTeryt>0596381</sln:miejscIdTeryt><sln:miejscNazwa>Tesiny</sln:miejscNazwa><sln:miejscRodzaj>Osada</sln:miejscRodzaj><sln:powIIPId>2fc58bb6-d095-4f37-8f10-874797cb97fb</sln:powIIPId><sln:powIIPPn>PL.PZGIK.200</sln:powIIPPn><sln:powIIPWersja>2012-09-27T08:59:03+02:00</sln:powIIPWersja><sln:powIdTeryt>3026</sln:powIdTeryt><sln:powNazwa>śremski</sln:powNazwa><sln:waznyOd>2011-03-23T00:00:00+01:00</sln:waznyOd><sln:wojIIPId>c606b01a-76c8-480d-9470-f24ca0d7a613</sln:wojIIPId><sln:wojIIPPn>PL.PZGIK.200</sln:wojIIPPn><sln:wojIIPWersja>2016-05-05T18:20:48+02:00</sln:wojIIPWersja><sln:wojIdTeryt>30</sln:wojIdTeryt><sln:wojNazwa>wielkopolskie</sln:wojNazwa></sln:miejscowosc><sln:miejscowosc><sln:cyklZyciaOd>2017-03-31T00:00:00+02:00</sln:cyklZyciaOd><sln:gmIIPId>02f9296d-8dc4-4f14-93ee-c457f0781608</sln:gmIIPId><sln:gmIIPPn>PL.PZGIK.200</sln:gmIIPPn><sln:gmIIPWersja>2012-09-26T22:23:44+02:00</sln:gmIIPWersja><sln:gmIdTeryt>3026043</sln:gmIdTeryt><sln:gmNazwa>Śrem</sln:gmNazwa><sln:miejscIIPId>0a968a27-155f-42b6-bca9-eede177e7f55</sln:miejscIIPId><sln:miejscIIPPn>PL.PZGIK.200</sln:miejscIIPPn><sln:miejscIIPWersja>2017-03-31T10:14:52+02:00</sln:miejscIIPWersja><sln:miejscIdTeryt>0596398</sln:miejscIdTeryt><sln:miejscNazwa>Łęg</sln:miejscNazwa><sln:miejscRodzaj>Osada</sln:miejscRodzaj><sln:powIIPId>2fc58bb6-d095-4f37-8f10-874797cb97fb</sln:powIIPId><sln:powIIPPn>PL.PZGIK.200</sln:powIIPPn><sln:powIIPWersja>2012-09-27T08:59:03+02:00</sln:powIIPWersja><sln:powIdTeryt>3026</sln:powIdTeryt><sln:powNazwa>śremski</sln:powNazwa><sln:waznyOd>2011-03-23T00:00:00+01:00</sln:waznyOd><sln:wojIIPId>c606b01a-76c8-480d-9470-f24ca0d7a613</sln:wojIIPId><sln:wojIIPPn>PL.PZGIK.200</sln:wojIIPPn><sln:wojIIPWersja>2016-05-05T18:20:48+02:00</sln:wojIIPWersja><sln:wojIdTeryt>30</sln:wojIdTeryt><sln:wojNazwa>wielkopolskie</sln:wojNazwa></sln:miejscowosc><sln:miejscowosc><sln:cyklZyciaOd>2017-03-31T00:00:00+02:00</sln:cyklZyciaOd><sln:gmIIPId>02f9296d-8dc4-4f14-93ee-c457f0781608</sln:gmIIPId><sln:gmIIPPn>PL.PZGIK.200</sln:gmIIPPn><sln:gmIIPWersja>2012-09-26T22:23:44+02:00</sln:gmIIPWersja><sln:gmIdTeryt>3026043</sln:gmIdTeryt><sln:gmNazwa>Śrem</sln:gmNazwa><sln:miejscIIPId>e1df909a-90c9-4fb1-9a86-85c025026b15</sln:miejscIIPId><sln:miejscIIPPn>PL.PZGIK.200</sln:miejscIIPPn><sln:miejscIIPWersja>2017-03-31T10:14:52+02:00</sln:miejscIIPWersja><sln:miejscIdTeryt>0596406</sln:miejscIdTeryt><sln:miejscNazwa>Marianowo</sln:miejscNazwa><sln:miejscRodzaj>Wieś</sln:miejscRodzaj><sln:powIIPId>2fc58bb6-d095-4f37-8f10-874797cb97fb</sln:powIIPId><sln:powIIPPn>PL.PZGIK.200</sln:powIIPPn><sln:powIIPWersja>2012-09-27T08:59:03+02:00</sln:powIIPWersja><sln:powIdTeryt>3026</sln:powIdTeryt><sln:powNazwa>śremski</sln:powNazwa><sln:waznyOd>2011-03-23T00:00:00+01:00</sln:waznyOd><sln:wojIIPId>c606b01a-76c8-480d-9470-f24ca0d7a613</sln:wojIIPId><sln:wojIIPPn>PL.PZGIK.200</sln:wojIIPPn><sln:wojIIPWersja>2016-05-05T18:20:48+02:00</sln:wojIIPWersja><sln:wojIdTeryt>30</sln:wojIdTeryt><sln:wojNazwa>wielkopolskie</sln:wojNazwa></sln:miejscowosc><sln:miejscowosc><sln:cyklZyciaOd>2017-03-31T00:00:00+02:00</sln:cyklZyciaOd><sln:gmIIPId>02f9296d-8dc4-4f14-93ee-c457f0781608</sln:gmIIPId><sln:gmIIPPn>PL.PZGIK.200</sln:gmIIPPn><sln:gmIIPWersja>2012-09-26T22:23:44+02:00</sln:gmIIPWersja><sln:gmIdTeryt>3026043</sln:gmIdTeryt><sln:gmNazwa>Śrem</sln:gmNazwa><sln:miejscIIPId>15e85175-18ca-4725-bcbc-0a8e4ad5c6ac</sln:miejscIIPId><sln:miejscIIPPn>PL.PZGIK.200</sln:miejscIIPPn><sln:miejscIIPWersja>2017-03-31T10:14:53+02:00</sln:miejscIIPWersja><sln:miejscIdTeryt>0596412</sln:miejscIdTeryt><sln:miejscNazwa>Mechlin</sln:miejscNazwa><sln:miejscRodzaj>Wieś</sln:miejscRodzaj><sln:powIIPId>2fc58bb6-d095-4f37-8f10-874797cb97fb</sln:powIIPId><sln:powIIPPn>PL.PZGIK.200</sln:powIIPPn><sln:powIIPWersja>2012-09-27T08:59:03+02:00</sln:powIIPWersja><sln:powIdTeryt>3026</sln:powIdTeryt><sln:powNazwa>śremski</sln:powNazwa><sln:waznyOd>2011-03-23T00:00:00+01:00</sln:waznyOd><sln:wojIIPId>c606b01a-76c8-480d-9470-f24ca0d7a613</sln:wojIIPId><sln:wojIIPPn>PL.PZGIK.200</sln:wojIIPPn><sln:wojIIPWersja>2016-05-05T18:20:48+02:00</sln:wojIIPWersja><sln:wojIdTeryt>30</sln:wojIdTeryt><sln:wojNazwa>wielkopolskie</sln:wojNazwa></sln:miejscowosc><sln:miejscowosc><sln:cyklZyciaOd>2017-03-31T00:00:00+02:00</sln:cyklZyciaOd><sln:gmIIPId>02f9296d-8dc4-4f14-93ee-c457f0781608</sln:gmIIPId><sln:gmIIPPn>PL.PZGIK.200</sln:gmIIPPn><sln:gmIIPWersja>2012-09-26T22:23:44+02:00</sln:gmIIPWersja><sln:gmIdTeryt>3026043</sln:gmIdTeryt><sln:gmNazwa>Śrem</sln:gmNazwa><sln:miejscIIPId>927d0102-8af0-40c4-afc3-8ede966c19f7</sln:miejscIIPId><sln:miejscIIPPn>PL.PZGIK.200</sln:miejscIIPPn><sln:miejscIIPWersja>2017-03-31T10:14:53+02:00</sln:miejscIIPWersja><sln:miejscIdTeryt>0596429</sln:miejscIdTeryt><sln:miejscNazwa>Kawcze</sln:miejscNazwa><sln:miejscRodzaj>Wieś</sln:miejscRodzaj><sln:powIIPId>2fc58bb6-d095-4f37-8f10-874797cb97fb</sln:powIIPId><sln:powIIPPn>PL.PZGIK.200</sln:powIIPPn><sln:powIIPWersja>2012-09-27T08:59:03+02:00</sln:powIIPWersja><sln:powIdTeryt>3026</sln:powIdTeryt><sln:powNazwa>śremski</sln:powNazwa><sln:waznyOd>2011-03-23T00:00:00+01:00</sln:waznyOd><sln:wojIIPId>c606b01a-76c8-480d-9470-f24ca0d7a613</sln:wojIIPId><sln:wojIIPPn>PL.PZGIK.200</sln:wojIIPPn><sln:wojIIPWersja>2016-05-05T18:20:48+02:00</sln:wojIIPWersja><sln:wojIdTeryt>30</sln:wojIdTeryt><sln:wojNazwa>wielkopolskie</sln:wojNazwa></sln:miejscowosc><sln:miejscowosc><sln:cyklZyciaOd>2017-03-31T00:00:00+02:00</sln:cyklZyciaOd><sln:gmIIPId>02f9296d-8dc4-4f14-93ee-c457f0781608</sln:gmIIPId><sln:gmIIPPn>PL.PZGIK.200</sln:gmIIPPn><sln:gmIIPWersja>2012-09-26T22:23:44+02:00</sln:gmIIPWersja><sln:gmIdTeryt>3026043</sln:gmIdTeryt><sln:gmNazwa>Śrem</sln:gmNazwa><sln:miejscIIPId>dd41ab75-9457-4528-b119-fe1c5821f7d1</sln:miejscIIPId><sln:miejscIIPPn>PL.PZGIK.200</sln:miejscIIPPn><sln:miejscIIPWersja>2017-03-31T10:14:53+02:00</sln:miejscIIPWersja><sln:miejscIdTeryt>0596435</sln:miejscIdTeryt><sln:miejscNazwa>Mórka</sln:miejscNazwa><sln:miejscRodzaj>Wieś</sln:miejscRodzaj><sln:powIIPId>2fc58bb6-d095-4f37-8f10-874797cb97fb</sln:powIIPId><sln:powIIPPn>PL.PZGIK.200</sln:powIIPPn><sln:powIIPWersja>2012-09-27T08:59:03+02:00</sln:powIIPWersja><sln:powIdTeryt>3026</sln:powIdTeryt><sln:powNazwa>śremski</sln:powNazwa><sln:waznyOd>2011-03-23T00:00:00+01:00</sln:waznyOd><sln:wojIIPId>c606b01a-76c8-480d-9470-f24ca0d7a613</sln:wojIIPId><sln:wojIIPPn>PL.PZGIK.200</sln:wojIIPPn><sln:wojIIPWersja>2016-05-05T18:20:48+02:00</sln:wojIIPWersja><sln:wojIdTeryt>30</sln:wojIdTeryt><sln:wojNazwa>wielkopolskie</sln:wojNazwa></sln:miejscowosc><sln:miejscowosc><sln:cyklZyciaOd>2017-03-31T00:00:00+02:00</sln:cyklZyciaOd><sln:gmIIPId>02f9296d-8dc4-4f14-93ee-c457f0781608</sln:gmIIPId><sln:gmIIPPn>PL.PZGIK.200</sln:gmIIPPn><sln:gmIIPWersja>2012-09-26T22:23:44+02:00</sln:gmIIPWersja><sln:gmIdTeryt>3026043</sln:gmIdTeryt><sln:gmNazwa>Śrem</sln:gmNazwa><sln:miejscIIPId>2e0b1145-accb-4c3f-bd54-5d2028c4062b</sln:miejscIIPId><sln:miejscIIPPn>PL.PZGIK.200</sln:miejscIIPPn><sln:miejscIIPWersja>2017-03-31T10:14:53+02:00</sln:miejscIIPWersja><sln:miejscIdTeryt>0596441</sln:miejscIdTeryt><sln:miejscNazwa>Niesłabin</sln:miejscNazwa><sln:miejscRodzaj>Wieś</sln:miejscRodzaj><sln:powIIPId>2fc58bb6-d095-4f37-8f10-874797cb97fb</sln:powIIPId><sln:powIIPPn>PL.PZGIK.200</sln:powIIPPn><sln:powIIPWersja>2012-09-27T08:59:03+02:00</sln:powIIPWersja><sln:powIdTeryt>3026</sln:powIdTeryt><sln:powNazwa>śremski</sln:powNazwa><sln:waznyOd>2011-03-23T00:00:00+01:00</sln:waznyOd><sln:wojIIPId>c606b01a-76c8-480d-9470-f24ca0d7a613</sln:wojIIPId><sln:wojIIPPn>PL.PZGIK.200</sln:wojIIPPn><sln:wojIIPWersja>2016-05-05T18:20:48+02:00</sln:wojIIPWersja><sln:wojIdTeryt>30</sln:wojIdTeryt><sln:wojNazwa>wielkopolskie</sln:wojNazwa></sln:miejscowosc><sln:miejscowosc><sln:cyklZyciaOd>2017-03-31T00:00:00+02:00</sln:cyklZyciaOd><sln:gmIIPId>02f9296d-8dc4-4f14-93ee-c457f0781608</sln:gmIIPId><sln:gmIIPPn>PL.PZGIK.200</sln:gmIIPPn><sln:gmIIPWersja>2012-09-26T22:23:44+02:00</sln:gmIIPWersja><sln:gmIdTeryt>3026043</sln:gmIdTeryt><sln:gmNazwa>Śrem</sln:gmNazwa><sln:miejscIIPId>ef2c52f1-c1c2-4031-9b4a-9ecd328f2d04</sln:miejscIIPId><sln:miejscIIPPn>PL.PZGIK.200</sln:miejscIIPPn><sln:miejscIIPWersja>2017-03-31T10:14:53+02:00</sln:miejscIIPWersja><sln:miejscIdTeryt>0596464</sln:miejscIdTeryt><sln:miejscNazwa>Nochowo</sln:miejscNazwa><sln:miejscRodzaj>Wieś</sln:miejscRodzaj><sln:powIIPId>2fc58bb6-d095-4f37-8f10-874797cb97fb</sln:powIIPId><sln:powIIPPn>PL.PZGIK.200</sln:powIIPPn><sln:powIIPWersja>2012-09-27T08:59:03+02:00</sln:powIIPWersja><sln:powIdTeryt>3026</sln:powIdTeryt><sln:powNazwa>śremski</sln:powNazwa><sln:waznyOd>2011-03-23T00:00:00+01:00</sln:waznyOd><sln:wojIIPId>c606b01a-76c8-480d-9470-f24ca0d7a613</sln:wojIIPId><sln:wojIIPPn>PL.PZGIK.200</sln:wojIIPPn><sln:wojIIPWersja>2016-05-05T18:20:48+02:00</sln:wojIIPWersja><sln:wojIdTeryt>30</sln:wojIdTeryt><sln:wojNazwa>wielkopolskie</sln:wojNazwa></sln:miejscowosc><sln:miejscowosc><sln:cyklZyciaOd>2017-03-31T00:00:00+02:00</sln:cyklZyciaOd><sln:gmIIPId>02f9296d-8dc4-4f14-93ee-c457f0781608</sln:gmIIPId><sln:gmIIPPn>PL.PZGIK.200</sln:gmIIPPn><sln:gmIIPWersja>2012-09-26T22:23:44+02:00</sln:gmIIPWersja><sln:gmIdTeryt>3026043</sln:gmIdTeryt><sln:gmNazwa>Śrem</sln:gmNazwa><sln:miejscIIPId>a840c76c-3d19-4de6-9ee6-105191975868</sln:miejscIIPId><sln:miejscIIPPn>PL.PZGIK.200</sln:miejscIIPPn><sln:miejscIIPWersja>2017-03-31T10:14:53+02:00</sln:miejscIIPWersja><sln:miejscIdTeryt>0596493</sln:miejscIdTeryt><sln:miejscNazwa>Olsza</sln:miejscNazwa><sln:miejscRodzaj>Wieś</sln:miejscRodzaj><sln:powIIPId>2fc58bb6-d095-4f37-8f10-874797cb97fb</sln:powIIPId><sln:powIIPPn>PL.PZGIK.200</sln:powIIPPn><sln:powIIPWersja>2012-09-27T08:59:03+02:00</sln:powIIPWersja><sln:powIdTeryt>3026</sln:powIdTeryt><sln:powNazwa>śremski</sln:powNazwa><sln:waznyOd>2011-03-23T00:00:00+01:00</sln:waznyOd><sln:wojIIPId>c606b01a-76c8-480d-9470-f24ca0d7a613</sln:wojIIPId><sln:wojIIPPn>PL.PZGIK.200</sln:wojIIPPn><sln:wojIIPWersja>2016-05-05T18:20:48+02:00</sln:wojIIPWersja><sln:wojIdTeryt>30</sln:wojIdTeryt><sln:wojNazwa>wielkopolskie</sln:wojNazwa></sln:miejscowosc><sln:miejscowosc><sln:cyklZyciaOd>2017-03-31T00:00:00+02:00</sln:cyklZyciaOd><sln:gmIIPId>02f9296d-8dc4-4f14-93ee-c457f0781608</sln:gmIIPId><sln:gmIIPPn>PL.PZGIK.200</sln:gmIIPPn><sln:gmIIPWersja>2012-09-26T22:23:44+02:00</sln:gmIIPWersja><sln:gmIdTeryt>3026043</sln:gmIdTeryt><sln:gmNazwa>Śrem</sln:gmNazwa><sln:miejscIIPId>fbc5d50b-a027-49fd-a244-aeb329e42895</sln:miejscIIPId><sln:miejscIIPPn>PL.PZGIK.200</sln:miejscIIPPn><sln:miejscIIPWersja>2017-03-31T10:14:53+02:00</sln:miejscIIPWersja><sln:miejscIdTeryt>0596501</sln:miejscIdTeryt><sln:miejscNazwa>Orkowo</sln:miejscNazwa><sln:miejscRodzaj>Wieś</sln:miejscRodzaj><sln:powIIPId>2fc58bb6-d095-4f37-8f10-874797cb97fb</sln:powIIPId><sln:powIIPPn>PL.PZGIK.200</sln:powIIPPn><sln:powIIPWersja>2012-09-27T08:59:03+02:00</sln:powIIPWersja><sln:powIdTeryt>3026</sln:powIdTeryt><sln:powNazwa>śremski</sln:powNazwa><sln:waznyOd>2011-03-23T00:00:00+01:00</sln:waznyOd><sln:wojIIPId>c606b01a-76c8-480d-9470-f24ca0d7a613</sln:wojIIPId><sln:wojIIPPn>PL.PZGIK.200</sln:wojIIPPn><sln:wojIIPWersja>2016-05-05T18:20:48+02:00</sln:wojIIPWersja><sln:wojIdTeryt>30</sln:wojIdTeryt><sln:wojNazwa>wielkopolskie</sln:wojNazwa></sln:miejscowosc><sln:miejscowosc><sln:cyklZyciaOd>2017-03-31T00:00:00+02:00</sln:cyklZyciaOd><sln:gmIIPId>02f9296d-8dc4-4f14-93ee-c457f0781608</sln:gmIIPId><sln:gmIIPPn>PL.PZGIK.200</sln:gmIIPPn><sln:gmIIPWersja>2012-09-26T22:23:44+02:00</sln:gmIIPWersja><sln:gmIdTeryt>3026043</sln:gmIdTeryt><sln:gmNazwa>Śrem</sln:gmNazwa><sln:miejscIIPId>83055a7c-cc8c-4ba1-b3f4-eaa5de6851aa</sln:miejscIIPId><sln:miejscIIPPn>PL.PZGIK.200</sln:miejscIIPPn><sln:miejscIIPWersja>2017-03-31T10:14:53+02:00</sln:miejscIIPWersja><sln:miejscIdTeryt>0596518</sln:miejscIdTeryt><sln:miejscNazwa>Ostrowo</sln:miejscNazwa><sln:miejscRodzaj>Wieś</sln:miejscRodzaj><sln:powIIPId>2fc58bb6-d095-4f37-8f10-874797cb97fb</sln:powIIPId><sln:powIIPPn>PL.PZGIK.200</sln:powIIPPn><sln:powIIPWersja>2012-09-27T08:59:03+02:00</sln:powIIPWersja><sln:powIdTeryt>3026</sln:powIdTeryt><sln:powNazwa>śremski</sln:powNazwa><sln:waznyOd>2011-03-23T00:00:00+01:00</sln:waznyOd><sln:wojIIPId>c606b01a-76c8-480d-9470-f24ca0d7a613</sln:wojIIPId><sln:wojIIPPn>PL.PZGIK.200</sln:wojIIPPn><sln:wojIIPWersja>2016-05-05T18:20:48+02:00</sln:wojIIPWersja><sln:wojIdTeryt>30</sln:wojIdTeryt><sln:wojNazwa>wielkopolskie</sln:wojNazwa></sln:miejscowosc><sln:miejscowosc><sln:cyklZyciaOd>2017-03-31T00:00:00+02:00</sln:cyklZyciaOd><sln:gmIIPId>02f9296d-8dc4-4f14-93ee-c457f0781608</sln:gmIIPId><sln:gmIIPPn>PL.PZGIK.200</sln:gmIIPPn><sln:gmIIPWersja>2012-09-26T22:23:44+02:00</sln:gmIIPWersja><sln:gmIdTeryt>3026043</sln:gmIdTeryt><sln:gmNazwa>Śrem</sln:gmNazwa><sln:miejscIIPId>5fe47bda-a059-4dc8-a049-af76fdde7735</sln:miejscIIPId><sln:miejscIIPPn>PL.PZGIK.200</sln:miejscIIPPn><sln:miejscIIPWersja>2017-03-31T10:14:53+02:00</sln:miejscIIPWersja><sln:miejscIdTeryt>0596530</sln:miejscIdTeryt><sln:miejscNazwa>Pełczyn</sln:miejscNazwa><sln:miejscRodzaj>Wieś</sln:miejscRodzaj><sln:powIIPId>2fc58bb6-d095-4f37-8f10-874797cb97fb</sln:powIIPId><sln:powIIPPn>PL.PZGIK.200</sln:powIIPPn><sln:powIIPWersja>2012-09-27T08:59:03+02:00</sln:powIIPWersja><sln:powIdTeryt>3026</sln:powIdTeryt><sln:powNazwa>śremski</sln:powNazwa><sln:waznyOd>2011-03-23T00:00:00+01:00</sln:waznyOd><sln:wojIIPId>c606b01a-76c8-480d-9470-f24ca0d7a613</sln:wojIIPId><sln:wojIIPPn>PL.PZGIK.200</sln:wojIIPPn><sln:wojIIPWersja>2016-05-05T18:20:48+02:00</sln:wojIIPWersja><sln:wojIdTeryt>30</sln:wojIdTeryt><sln:wojNazwa>wielkopolskie</sln:wojNazwa></sln:miejscowosc><sln:miejscowosc><sln:cyklZyciaOd>2017-03-31T00:00:00+02:00</sln:cyklZyciaOd><sln:gmIIPId>02f9296d-8dc4-4f14-93ee-c457f0781608</sln:gmIIPId><sln:gmIIPPn>PL.PZGIK.200</sln:gmIIPPn><sln:gmIIPWersja>2012-09-26T22:23:44+02:00</sln:gmIIPWersja><sln:gmIdTeryt>3026043</sln:gmIdTeryt><sln:gmNazwa>Śrem</sln:gmNazwa><sln:miejscIIPId>a8ab8838-daa3-4c04-bbf4-84c6191bd04a</sln:miejscIIPId><sln:miejscIIPPn>PL.PZGIK.200</sln:miejscIIPPn><sln:miejscIIPWersja>2017-03-31T10:14:53+02:00</sln:miejscIIPWersja><sln:miejscIdTeryt>0596547</sln:miejscIdTeryt><sln:miejscNazwa>Nochówko</sln:miejscNazwa><sln:miejscRodzaj>Wieś</sln:miejscRodzaj><sln:powIIPId>2fc58bb6-d095-4f37-8f10-874797cb97fb</sln:powIIPId><sln:powIIPPn>PL.PZGIK.200</sln:powIIPPn><sln:powIIPWersja>2012-09-27T08:59:03+02:00</sln:powIIPWersja><sln:powIdTeryt>3026</sln:powIdTeryt><sln:powNazwa>śremski</sln:powNazwa><sln:waznyOd>2011-03-23T00:00:00+01:00</sln:waznyOd><sln:wojIIPId>c606b01a-76c8-480d-9470-f24ca0d7a613</sln:wojIIPId><sln:wojIIPPn>PL.PZGIK.200</sln:wojIIPPn><sln:wojIIPWersja>2016-05-05T18:20:48+02:00</sln:wojIIPWersja><sln:wojIdTeryt>30</sln:wojIdTeryt><sln:wojNazwa>wielkopolskie</sln:wojNazwa></sln:miejscowosc><sln:miejscowosc><sln:cyklZyciaOd>2017-03-31T00:00:00+02:00</sln:cyklZyciaOd><sln:gmIIPId>02f9296d-8dc4-4f14-93ee-c457f0781608</sln:gmIIPId><sln:gmIIPPn>PL.PZGIK.200</sln:gmIIPPn><sln:gmIIPWersja>2012-09-26T22:23:44+02:00</sln:gmIIPWersja><sln:gmIdTeryt>3026043</sln:gmIdTeryt><sln:gmNazwa>Śrem</sln:gmNazwa><sln:miejscIIPId>de47715d-e7d7-4594-836c-3e7e33ff7a0b</sln:miejscIIPId><sln:miejscIIPPn>PL.PZGIK.200</sln:miejscIIPPn><sln:miejscIIPWersja>2017-03-31T10:14:53+02:00</sln:miejscIIPWersja><sln:miejscIdTeryt>0596576</sln:miejscIdTeryt><sln:miejscNazwa>Psarskie</sln:miejscNazwa><sln:miejscRodzaj>Wieś</sln:miejscRodzaj><sln:powIIPId>2fc58bb6-d095-4f37-8f10-874797cb97fb</sln:powIIPId><sln:powIIPPn>PL.PZGIK.200</sln:powIIPPn><sln:powIIPWersja>2012-09-27T08:59:03+02:00</sln:powIIPWersja><sln:powIdTeryt>3026</sln:powIdTeryt><sln:powNazwa>śremski</sln:powNazwa><sln:waznyOd>2011-03-23T00:00:00+01:00</sln:waznyOd><sln:wojIIPId>c606b01a-76c8-480d-9470-f24ca0d7a613</sln:wojIIPId><sln:wojIIPPn>PL.PZGIK.200</sln:wojIIPPn><sln:wojIIPWersja>2016-05-05T18:20:48+02:00</sln:wojIIPWersja><sln:wojIdTeryt>30</sln:wojIdTeryt><sln:wojNazwa>wielkopolskie</sln:wojNazwa></sln:miejscowosc><sln:miejscowosc><sln:cyklZyciaOd>2017-03-31T00:00:00+02:00</sln:cyklZyciaOd><sln:gmIIPId>02f9296d-8dc4-4f14-93ee-c457f0781608</sln:gmIIPId><sln:gmIIPPn>PL.PZGIK.200</sln:gmIIPPn><sln:gmIIPWersja>2012-09-26T22:23:44+02:00</sln:gmIIPWersja><sln:gmIdTeryt>3026043</sln:gmIdTeryt><sln:gmNazwa>Śrem</sln:gmNazwa><sln:miejscIIPId>38796bd7-0f38-4e01-90df-8aa2fa4b4057</sln:miejscIIPId><sln:miejscIIPPn>PL.PZGIK.200</sln:miejscIIPPn><sln:miejscIIPWersja>2017-03-31T10:14:53+02:00</sln:miejscIIPWersja><sln:miejscIdTeryt>0596599</sln:miejscIdTeryt><sln:miejscNazwa>Pysząca</sln:miejscNazwa><sln:miejscRodzaj>Wieś</sln:miejscRodzaj><sln:powIIPId>2fc58bb6-d095-4f37-8f10-874797cb97fb</sln:powIIPId><sln:powIIPPn>PL.PZGIK.200</sln:powIIPPn><sln:powIIPWersja>2012-09-27T08:59:03+02:00</sln:powIIPWersja><sln:powIdTeryt>3026</sln:powIdTeryt><sln:powNazwa>śremski</sln:powNazwa><sln:waznyOd>2011-03-23T00:00:00+01:00</sln:waznyOd><sln:wojIIPId>c606b01a-76c8-480d-9470-f24ca0d7a613</sln:wojIIPId><sln:wojIIPPn>PL.PZGIK.200</sln:wojIIPPn><sln:wojIIPWersja>2016-05-05T18:20:48+02:00</sln:wojIIPWersja><sln:wojIdTeryt>30</sln:wojIdTeryt><sln:wojNazwa>wielkopolskie</sln:wojNazwa></sln:miejscowosc><sln:miejscowosc><sln:cyklZyciaOd>2017-03-31T00:00:00+02:00</sln:cyklZyciaOd><sln:gmIIPId>02f9296d-8dc4-4f14-93ee-c457f0781608</sln:gmIIPId><sln:gmIIPPn>PL.PZGIK.200</sln:gmIIPPn><sln:gmIIPWersja>2012-09-26T22:23:44+02:00</sln:gmIIPWersja><sln:gmIdTeryt>3026043</sln:gmIdTeryt><sln:gmNazwa>Śrem</sln:gmNazwa><sln:miejscIIPId>61bb2c74-519c-4ca2-adde-a67d0a5c9c94</sln:miejscIIPId><sln:miejscIIPPn>PL.PZGIK.200</sln:miejscIIPPn><sln:miejscIIPWersja>2017-03-31T10:14:53+02:00</sln:miejscIIPWersja><sln:miejscIdTeryt>0596607</sln:miejscIdTeryt><sln:miejscNazwa>Sosnowiec</sln:miejscNazwa><sln:miejscRodzaj>Wieś</sln:miejscRodzaj><sln:powIIPId>2fc58bb6-d095-4f37-8f10-874797cb97fb</sln:powIIPId><sln:powIIPPn>PL.PZGIK.200</sln:powIIPPn><sln:powIIPWersja>2012-09-27T08:59:03+02:00</sln:powIIPWersja><sln:powIdTeryt>3026</sln:powIdTeryt><sln:powNazwa>śremski</sln:powNazwa><sln:waznyOd>2011-03-23T00:00:00+01:00</sln:waznyOd><sln:wojIIPId>c606b01a-76c8-480d-9470-f24ca0d7a613</sln:wojIIPId><sln:wojIIPPn>PL.PZGIK.200</sln:wojIIPPn><sln:wojIIPWersja>2016-05-05T18:20:48+02:00</sln:wojIIPWersja><sln:wojIdTeryt>30</sln:wojIdTeryt><sln:wojNazwa>wielkopolskie</sln:wojNazwa></sln:miejscowosc><sln:miejscowosc><sln:cyklZyciaOd>2017-03-31T00:00:00+02:00</sln:cyklZyciaOd><sln:gmIIPId>02f9296d-8dc4-4f14-93ee-c457f0781608</sln:gmIIPId><sln:gmIIPPn>PL.PZGIK.200</sln:gmIIPPn><sln:gmIIPWersja>2012-09-26T22:23:44+02:00</sln:gmIIPWersja><sln:gmIdTeryt>3026043</sln:gmIdTeryt><sln:gmNazwa>Śrem</sln:gmNazwa><sln:miejscIIPId>eef2f026-10b1-43af-a27d-58a9b0835e89</sln:miejscIIPId><sln:miejscIIPPn>PL.PZGIK.200</sln:miejscIIPPn><sln:miejscIIPWersja>2017-03-31T10:14:53+02:00</sln:miejscIIPWersja><sln:miejscIdTeryt>0596613</sln:miejscIdTeryt><sln:miejscNazwa>Szymanowo</sln:miejscNazwa><sln:miejscRodzaj>Wieś</sln:miejscRodzaj><sln:powIIPId>2fc58bb6-d095-4f37-8f10-874797cb97fb</sln:powIIPId><sln:powIIPPn>PL.PZGIK.200</sln:powIIPPn><sln:powIIPWersja>2012-09-27T08:59:03+02:00</sln:powIIPWersja><sln:powIdTeryt>3026</sln:powIdTeryt><sln:powNazwa>śremski</sln:powNazwa><sln:waznyOd>2011-03-23T00:00:00+01:00</sln:waznyOd><sln:wojIIPId>c606b01a-76c8-480d-9470-f24ca0d7a613</sln:wojIIPId><sln:wojIIPPn>PL.PZGIK.200</sln:wojIIPPn><sln:wojIIPWersja>2016-05-05T18:20:48+02:00</sln:wojIIPWersja><sln:wojIdTeryt>30</sln:wojIdTeryt><sln:wojNazwa>wielkopolskie</sln:wojNazwa></sln:miejscowosc><sln:miejscowosc><sln:cyklZyciaOd>2017-03-31T00:00:00+02:00</sln:cyklZyciaOd><sln:gmIIPId>02f9296d-8dc4-4f14-93ee-c457f0781608</sln:gmIIPId><sln:gmIIPPn>PL.PZGIK.200</sln:gmIIPPn><sln:gmIIPWersja>2012-09-26T22:23:44+02:00</sln:gmIIPWersja><sln:gmIdTeryt>3026043</sln:gmIdTeryt><sln:gmNazwa>Śrem</sln:gmNazwa><sln:miejscIIPId>73d45a72-3045-43f1-aeb8-6ada9024bf41</sln:miejscIIPId><sln:miejscIIPPn>PL.PZGIK.200</sln:miejscIIPPn><sln:miejscIIPWersja>2017-03-31T10:14:54+02:00</sln:miejscIIPWersja><sln:miejscIdTeryt>0596620</sln:miejscIdTeryt><sln:miejscNazwa>Wirginowo</sln:miejscNazwa><sln:miejscRodzaj>Wieś</sln:miejscRodzaj><sln:powIIPId>2fc58bb6-d095-4f37-8f10-874797cb97fb</sln:powIIPId><sln:powIIPPn>PL.PZGIK.200</sln:powIIPPn><sln:powIIPWersja>2012-09-27T08:59:03+02:00</sln:powIIPWersja><sln:powIdTeryt>3026</sln:powIdTeryt><sln:powNazwa>śremski</sln:powNazwa><sln:waznyOd>2011-03-23T00:00:00+01:00</sln:waznyOd><sln:wojIIPId>c606b01a-76c8-480d-9470-f24ca0d7a613</sln:wojIIPId><sln:wojIIPPn>PL.PZGIK.200</sln:wojIIPPn><sln:wojIIPWersja>2016-05-05T18:20:48+02:00</sln:wojIIPWersja><sln:wojIdTeryt>30</sln:wojIdTeryt><sln:wojNazwa>wielkopolskie</sln:wojNazwa></sln:miejscowosc><sln:miejscowosc><sln:cyklZyciaOd>2017-03-31T00:00:00+02:00</sln:cyklZyciaOd><sln:gmIIPId>02f9296d-8dc4-4f14-93ee-c457f0781608</sln:gmIIPId><sln:gmIIPPn>PL.PZGIK.200</sln:gmIIPPn><sln:gmIIPWersja>2012-09-26T22:23:44+02:00</sln:gmIIPWersja><sln:gmIdTeryt>3026043</sln:gmIdTeryt><sln:gmNazwa>Śrem</sln:gmNazwa><sln:miejscIIPId>da950634-fda8-424e-871f-366348a02f0d</sln:miejscIIPId><sln:miejscIIPPn>PL.PZGIK.200</sln:miejscIIPPn><sln:miejscIIPWersja>2017-03-31T10:14:54+02:00</sln:miejscIIPWersja><sln:miejscIdTeryt>0596636</sln:miejscIdTeryt><sln:miejscNazwa>Wyrzeka</sln:miejscNazwa><sln:miejscRodzaj>Wieś</sln:miejscRodzaj><sln:powIIPId>2fc58bb6-d095-4f37-8f10-874797cb97fb</sln:powIIPId><sln:powIIPPn>PL.PZGIK.200</sln:powIIPPn><sln:powIIPWersja>2012-09-27T08:59:03+02:00</sln:powIIPWersja><sln:powIdTeryt>3026</sln:powIdTeryt><sln:powNazwa>śremski</sln:powNazwa><sln:waznyOd>2011-03-23T00:00:00+01:00</sln:waznyOd><sln:wojIIPId>c606b01a-76c8-480d-9470-f24ca0d7a613</sln:wojIIPId><sln:wojIIPPn>PL.PZGIK.200</sln:wojIIPPn><sln:wojIIPWersja>2016-05-05T18:20:48+02:00</sln:wojIIPWersja><sln:wojIdTeryt>30</sln:wojIdTeryt><sln:wojNazwa>wielkopolskie</sln:wojNazwa></sln:miejscowosc><sln:miejscowosc><sln:cyklZyciaOd>2017-03-31T00:00:00+02:00</sln:cyklZyciaOd><sln:gmIIPId>02f9296d-8dc4-4f14-93ee-c457f0781608</sln:gmIIPId><sln:gmIIPPn>PL.PZGIK.200</sln:gmIIPPn><sln:gmIIPWersja>2012-09-26T22:23:44+02:00</sln:gmIIPWersja><sln:gmIdTeryt>3026043</sln:gmIdTeryt><sln:gmNazwa>Śrem</sln:gmNazwa><sln:miejscIIPId>f2dc7de4-def0-4eea-87ef-e9535144f388</sln:miejscIIPId><sln:miejscIIPPn>PL.PZGIK.200</sln:miejscIIPPn><sln:miejscIIPWersja>2017-03-31T10:14:54+02:00</sln:miejscIIPWersja><sln:miejscIdTeryt>0596642</sln:miejscIdTeryt><sln:miejscNazwa>Zbrudzewo</sln:miejscNazwa><sln:miejscRodzaj>Wieś</sln:miejscRodzaj><sln:powIIPId>2fc58bb6-d095-4f37-8f10-874797cb97fb</sln:powIIPId><sln:powIIPPn>PL.PZGIK.200</sln:powIIPPn><sln:powIIPWersja>2012-09-27T08:59:03+02:00</sln:powIIPWersja><sln:powIdTeryt>3026</sln:powIdTeryt><sln:powNazwa>śremski</sln:powNazwa><sln:waznyOd>2011-03-23T00:00:00+01:00</sln:waznyOd><sln:wojIIPId>c606b01a-76c8-480d-9470-f24ca0d7a613</sln:wojIIPId><sln:wojIIPPn>PL.PZGIK.200</sln:wojIIPPn><sln:wojIIPWersja>2016-05-05T18:20:48+02:00</sln:wojIIPWersja><sln:wojIdTeryt>30</sln:wojIdTeryt><sln:wojNazwa>wielkopolskie</sln:wojNazwa></sln:miejscowosc><sln:miejscowosc><sln:cyklZyciaOd>2017-03-31T00:00:00+02:00</sln:cyklZyciaOd><sln:gmIIPId>02f9296d-8dc4-4f14-93ee-c457f0781608</sln:gmIIPId><sln:gmIIPPn>PL.PZGIK.200</sln:gmIIPPn><sln:gmIIPWersja>2012-09-26T22:23:44+02:00</sln:gmIIPWersja><sln:gmIdTeryt>3026043</sln:gmIdTeryt><sln:gmNazwa>Śrem</sln:gmNazwa><sln:miejscIIPId>7f9ad592-838d-4189-aecf-18a2711502d3</sln:miejscIIPId><sln:miejscIIPPn>PL.PZGIK.200</sln:miejscIIPPn><sln:miejscIIPWersja>2017-03-31T10:14:54+02:00</sln:miejscIIPWersja><sln:miejscIdTeryt>0971560</sln:miejscIdTeryt><sln:miejscNazwa>Śrem</sln:miejscNazwa><sln:miejscRodzaj>Miasto</sln:miejscRodzaj><sln:powIIPId>2fc58bb6-d095-4f37-8f10-874797cb97fb</sln:powIIPId><sln:powIIPPn>PL.PZGIK.200</sln:powIIPPn><sln:powIIPWersja>2012-09-27T08:59:03+02:00</sln:powIIPWersja><sln:powIdTeryt>3026</sln:powIdTeryt><sln:powNazwa>śremski</sln:powNazwa><sln:waznyOd>2011-03-23T00:00:00+01:00</sln:waznyOd><sln:wojIIPId>c606b01a-76c8-480d-9470-f24ca0d7a613</sln:wojIIPId><sln:wojIIPPn>PL.PZGIK.200</sln:wojIIPPn><sln:wojIIPWersja>2016-05-05T18:20:48+02:00</sln:wojIIPWersja><sln:wojIdTeryt>30</sln:wojIdTeryt><sln:wojNazwa>wielkopolskie</sln:wojNazwa></sln:miejscowosc><sln:miejscowosc><sln:cyklZyciaOd>2017-03-31T00:00:00+02:00</sln:cyklZyciaOd><sln:gmIIPId>02f9296d-8dc4-4f14-93ee-c457f0781608</sln:gmIIPId><sln:gmIIPPn>PL.PZGIK.200</sln:gmIIPPn><sln:gmIIPWersja>2012-09-26T22:23:44+02:00</sln:gmIIPWersja><sln:gmIdTeryt>3026043</sln:gmIdTeryt><sln:gmNazwa>Śrem</sln:gmNazwa><sln:miejscIIPId>145155aa-6aae-446b-97e1-12c54ebf9258</sln:miejscIIPId><sln:miejscIIPPn>PL.PZGIK.200</sln:miejscIIPPn><sln:miejscIIPWersja>2017-03-31T10:14:54+02:00</sln:miejscIIPWersja><sln:miejscIdTeryt>1008765</sln:miejscIdTeryt><sln:miejscNazwa>Jeleńczewo</sln:miejscNazwa><sln:miejscRodzaj>Wieś</sln:miejscRodzaj><sln:powIIPId>2fc58bb6-d095-4f37-8f10-874797cb97fb</sln:powIIPId><sln:powIIPPn>PL.PZGIK.200</sln:powIIPPn><sln:powIIPWersja>2012-09-27T08:59:03+02:00</sln:powIIPWersja><sln:powIdTeryt>3026</sln:powIdTeryt><sln:powNazwa>śremski</sln:powNazwa><sln:waznyOd>2011-03-23T00:00:00+01:00</sln:waznyOd><sln:wojIIPId>c606b01a-76c8-480d-9470-f24ca0d7a613</sln:wojIIPId><sln:wojIIPPn>PL.PZGIK.200</sln:wojIIPPn><sln:wojIIPWersja>2016-05-05T18:20:48+02:00</sln:wojIIPWersja><sln:wojIdTeryt>30</sln:wojIdTeryt><sln:wojNazwa>wielkopolskie</sln:wojNazwa></sln:miejscowosc></sln:lista-miejscowosci>