<?xml version="1.0" encoding="UTF-8" standalone="yes"?><sln:lista-miejscowosci xmlns:srv="http://gugik.gov.pl/schemas/slowniki-service/1.0" xmlns:sln="http://gugik.gov.pl/schemas/slowniki-schema/1.0"><sln:miejscowosc><sln:cyklZyciaDo>2017-03-28T00:00:00+02:00</sln:cyklZyciaDo><sln:cyklZyciaOd>2015-06-15T00:00:00+02:00</sln:cyklZyciaOd><sln:gmIIPId>fef752a2-3952-4193-8766-f6a22f7e50cc</sln:gmIIPId><sln:gmIIPPn>PL.PZGIK.200</sln:gmIIPPn><sln:gmIIPWersja>2012-09-26T22:24:38+02:00</sln:gmIIPWersja><sln:gmIdTeryt>3007032</sln:gmIdTeryt><sln:gmNazwa>Ceków-Kolonia</sln:gmNazwa><sln:miejscIIPId>079f5517-7d2e-4aa2-8442-02d122319719</sln:miejscIIPId><sln:miejscIIPPn>PL.PZGIK.200</sln:miejscIIPPn><sln:miejscIIPWersja>2016-11-24T09:40:54+02:00</sln:miejscIIPWersja><sln:miejscIdTeryt>0195191</sln:miejscIdTeryt><sln:miejscNazwa>Beznatka</sln:miejscNazwa><sln:miejscRodzaj>Wieś</sln:miejscRodzaj><sln:powIIPId>a84ca93c-4ad8-494d-95a7-8b1a8c4d4517</sln:powIIPId><sln:powIIPPn>PL.PZGIK.200</sln:powIIPPn><sln:powIIPWersja>2012-09-27T08:59:03+02:00</sln:powIIPWersja><sln:powIdTeryt>3007</sln:powIdTeryt><sln:powNazwa>kaliski</sln:powNazwa><sln:waznyOd>2014-07-14T00:00:00+02:00</sln:waznyOd><sln:wojIIPId>c606b01a-76c8-480d-9470-f24ca0d7a613</sln:wojIIPId><sln:wojIIPPn>PL.PZGIK.200</sln:wojIIPPn><sln:wojIIPWersja>2016-05-05T18:20:48+02:00</sln:wojIIPWersja><sln:wojIdTeryt>30</sln:wojIdTeryt><sln:wojNazwa>wielkopolskie</sln:wojNazwa></sln:miejscowosc><sln:miejscowosc><sln:cyklZyciaDo>2017-03-28T00:00:00+02:00</sln:cyklZyciaDo><sln:cyklZyciaOd>2015-06-15T00:00:00+02:00</sln:cyklZyciaOd><sln:gmIIPId>fef752a2-3952-4193-8766-f6a22f7e50cc</sln:gmIIPId><sln:gmIIPPn>PL.PZGIK.200</sln:gmIIPPn><sln:gmIIPWersja>2012-09-26T22:24:38+02:00</sln:gmIIPWersja><sln:gmIdTeryt>3007032</sln:gmIdTeryt><sln:gmNazwa>Ceków-Kolonia</sln:gmNazwa><sln:miejscIIPId>0bd40c48-d381-46ed-a573-63161e5a9198</sln:miejscIIPId><sln:miejscIIPPn>PL.PZGIK.200</sln:miejscIIPPn><sln:miejscIIPWersja>2016-11-24T09:40:54+02:00</sln:miejscIIPWersja><sln:miejscIdTeryt>0195417</sln:miejscIdTeryt><sln:miejscNazwa>Bielawy</sln:miejscNazwa><sln:miejscRodzaj>Inny obiekt</sln:miejscRodzaj><sln:powIIPId>a84ca93c-4ad8-494d-95a7-8b1a8c4d4517</sln:powIIPId><sln:powIIPPn>PL.PZGIK.200</sln:powIIPPn><sln:powIIPWersja>2012-09-27T08:59:03+02:00</sln:powIIPWersja><sln:powIdTeryt>3007</sln:powIdTeryt><sln:powNazwa>kaliski</sln:powNazwa><sln:waznyOd>2014-07-14T00:00:00+02:00</sln:waznyOd><sln:wojIIPId>c606b01a-76c8-480d-9470-f24ca0d7a613</sln:wojIIPId><sln:wojIIPPn>PL.PZGIK.200</sln:wojIIPPn><sln:wojIIPWersja>2016-05-05T18:20:48+02:00</sln:wojIIPWersja><sln:wojIdTeryt>30</sln:wojIdTeryt><sln:wojNazwa>wielkopolskie</sln:wojNazwa></sln:miejscowosc><sln:miejscowosc><sln:cyklZyciaDo>2017-03-28T00:00:00+02:00</sln:cyklZyciaDo><sln:cyklZyciaOd>2015-06-15T00:00:00+02:00</sln:cyklZyciaOd><sln:gmIIPId>fef752a2-3952-4193-8766-f6a22f7e50cc</sln:gmIIPId><sln:gmIIPPn>PL.PZGIK.200</sln:gmIIPPn><sln:gmIIPWersja>2012-09-26T22:24:38+02:00</sln:gmIIPWersja><sln:gmIdTeryt>3007032</sln:gmIdTeryt><sln:gmNazwa>Ceków-Kolonia</sln:gmNazwa><sln:miejscIIPId>f02797f6-2dfb-4da8-8c42-b60dc82f7604</sln:miejscIIPId><sln:miejscIIPPn>PL.PZGIK.200</sln:miejscIIPPn><sln:miejscIIPWersja>2016-11-24T09:40:54+02:00</sln:miejscIIPWersja><sln:miejscIdTeryt>0195280</sln:miejscIdTeryt><sln:miejscNazwa>Bystrek</sln:miejscNazwa><sln:miejscRodzaj>Inny obiekt</sln:miejscRodzaj><sln:powIIPId>a84ca93c-4ad8-494d-95a7-8b1a8c4d4517</sln:powIIPId><sln:powIIPPn>PL.PZGIK.200</sln:powIIPPn><sln:powIIPWersja>2012-09-27T08:59:03+02:00</sln:powIIPWersja><sln:powIdTeryt>3007</sln:powIdTeryt><sln:powNazwa>kaliski</sln:powNazwa><sln:waznyOd>2014-07-14T00:00:00+02:00</sln:waznyOd><sln:wojIIPId>c606b01a-76c8-480d-9470-f24ca0d7a613</sln:wojIIPId><sln:wojIIPPn>PL.PZGIK.200</sln:wojIIPPn><sln:wojIIPWersja>2016-05-05T18:20:48+02:00</sln:wojIIPWersja><sln:wojIdTeryt>30</sln:wojIdTeryt><sln:wojNazwa>wielkopolskie</sln:wojNazwa></sln:miejscowosc><sln:miejscowosc><sln:cyklZyciaDo>2017-03-28T00:00:00+02:00</sln:cyklZyciaDo><sln:cyklZyciaOd>2015-06-15T00:00:00+02:00</sln:cyklZyciaOd><sln:gmIIPId>fef752a2-3952-4193-8766-f6a22f7e50cc</sln:gmIIPId><sln:gmIIPPn>PL.PZGIK.200</sln:gmIIPPn><sln:gmIIPWersja>2012-09-26T22:24:38+02:00</sln:gmIIPWersja><sln:gmIdTeryt>3007032</sln:gmIdTeryt><sln:gmNazwa>Ceków-Kolonia</sln:gmNazwa><sln:miejscIIPId>7bac18ba-c38b-4ba4-9cba-e3c69499ef2a</sln:miejscIIPId><sln:miejscIIPPn>PL.PZGIK.200</sln:miejscIIPPn><sln:miejscIIPWersja>2016-11-24T09:40:54+02:00</sln:miejscIIPWersja><sln:miejscIdTeryt>0195216</sln:miejscIdTeryt><sln:miejscNazwa>Ceków</sln:miejscNazwa><sln:miejscRodzaj>Wieś</sln:miejscRodzaj><sln:powIIPId>a84ca93c-4ad8-494d-95a7-8b1a8c4d4517</sln:powIIPId><sln:powIIPPn>PL.PZGIK.200</sln:powIIPPn><sln:powIIPWersja>2012-09-27T08:59:03+02:00</sln:powIIPWersja><sln:powIdTeryt>3007</sln:powIdTeryt><sln:powNazwa>kaliski</sln:powNazwa><sln:waznyOd>2014-07-14T00:00:00+02:00</sln:waznyOd><sln:wojIIPId>c606b01a-76c8-480d-9470-f24ca0d7a613</sln:wojIIPId><sln:wojIIPPn>PL.PZGIK.200</sln:wojIIPPn><sln:wojIIPWersja>2016-05-05T18:20:48+02:00</sln:wojIIPWersja><sln:wojIdTeryt>30</sln:wojIdTeryt><sln:wojNazwa>wielkopolskie</sln:wojNazwa></sln:miejscowosc><sln:miejscowosc><sln:cyklZyciaDo>2017-03-28T00:00:00+02:00</sln:cyklZyciaDo><sln:cyklZyciaOd>2015-06-15T00:00:00+02:00</sln:cyklZyciaOd><sln:gmIIPId>fef752a2-3952-4193-8766-f6a22f7e50cc</sln:gmIIPId><sln:gmIIPPn>PL.PZGIK.200</sln:gmIIPPn><sln:gmIIPWersja>2012-09-26T22:24:38+02:00</sln:gmIIPWersja><sln:gmIdTeryt>3007032</sln:gmIdTeryt><sln:gmNazwa>Ceków-Kolonia</sln:gmNazwa><sln:miejscIIPId>edf3bd32-51bd-459a-8255-7778f497dca5</sln:miejscIIPId><sln:miejscIIPPn>PL.PZGIK.200</sln:miejscIIPPn><sln:miejscIIPWersja>2016-11-24T09:40:54+02:00</sln:miejscIIPWersja><sln:miejscIdTeryt>0195239</sln:miejscIdTeryt><sln:miejscNazwa>Ceków-Kolonia</sln:miejscNazwa><sln:miejscRodzaj>Wieś</sln:miejscRodzaj><sln:powIIPId>a84ca93c-4ad8-494d-95a7-8b1a8c4d4517</sln:powIIPId><sln:powIIPPn>PL.PZGIK.200</sln:powIIPPn><sln:powIIPWersja>2012-09-27T08:59:03+02:00</sln:powIIPWersja><sln:powIdTeryt>3007</sln:powIdTeryt><sln:powNazwa>kaliski</sln:powNazwa><sln:waznyOd>2014-07-14T00:00:00+02:00</sln:waznyOd><sln:wojIIPId>c606b01a-76c8-480d-9470-f24ca0d7a613</sln:wojIIPId><sln:wojIIPPn>PL.PZGIK.200</sln:wojIIPPn><sln:wojIIPWersja>2016-05-05T18:20:48+02:00</sln:wojIIPWersja><sln:wojIdTeryt>30</sln:wojIdTeryt><sln:wojNazwa>wielkopolskie</sln:wojNazwa></sln:miejscowosc><sln:miejscowosc><sln:cyklZyciaDo>2017-03-28T00:00:00+02:00</sln:cyklZyciaDo><sln:cyklZyciaOd>2015-06-15T00:00:00+02:00</sln:cyklZyciaOd><sln:gmIIPId>fef752a2-3952-4193-8766-f6a22f7e50cc</sln:gmIIPId><sln:gmIIPPn>PL.PZGIK.200</sln:gmIIPPn><sln:gmIIPWersja>2012-09-26T22:24:38+02:00</sln:gmIIPWersja><sln:gmIdTeryt>3007032</sln:gmIdTeryt><sln:gmNazwa>Ceków-Kolonia</sln:gmNazwa><sln:miejscIIPId>2bbde2cd-75a8-470e-8980-bfb7a3b09d81</sln:miejscIIPId><sln:miejscIIPPn>PL.PZGIK.200</sln:miejscIIPPn><sln:miejscIIPWersja>2016-11-24T09:40:54+02:00</sln:miejscIIPWersja><sln:miejscIdTeryt>0195297</sln:miejscIdTeryt><sln:miejscNazwa>Cierpiatka</sln:miejscNazwa><sln:miejscRodzaj>Inny obiekt</sln:miejscRodzaj><sln:powIIPId>a84ca93c-4ad8-494d-95a7-8b1a8c4d4517</sln:powIIPId><sln:powIIPPn>PL.PZGIK.200</sln:powIIPPn><sln:powIIPWersja>2012-09-27T08:59:03+02:00</sln:powIIPWersja><sln:powIdTeryt>3007</sln:powIdTeryt><sln:powNazwa>kaliski</sln:powNazwa><sln:waznyOd>2014-07-14T00:00:00+02:00</sln:waznyOd><sln:wojIIPId>c606b01a-76c8-480d-9470-f24ca0d7a613</sln:wojIIPId><sln:wojIIPPn>PL.PZGIK.200</sln:wojIIPPn><sln:wojIIPWersja>2016-05-05T18:20:48+02:00</sln:wojIIPWersja><sln:wojIdTeryt>30</sln:wojIdTeryt><sln:wojNazwa>wielkopolskie</sln:wojNazwa></sln:miejscowosc><sln:miejscowosc><sln:cyklZyciaDo>2017-03-28T00:00:00+02:00</sln:cyklZyciaDo><sln:cyklZyciaOd>2015-06-15T00:00:00+02:00</sln:cyklZyciaOd><sln:gmIIPId>fef752a2-3952-4193-8766-f6a22f7e50cc</sln:gmIIPId><sln:gmIIPPn>PL.PZGIK.200</sln:gmIIPPn><sln:gmIIPWersja>2012-09-26T22:24:38+02:00</sln:gmIIPWersja><sln:gmIdTeryt>3007032</sln:gmIdTeryt><sln:gmNazwa>Ceków-Kolonia</sln:gmNazwa><sln:miejscIIPId>da0b228a-f5f6-4f8f-8440-ecbd8ab45045</sln:miejscIIPId><sln:miejscIIPPn>PL.PZGIK.200</sln:miejscIIPPn><sln:miejscIIPWersja>2016-11-24T09:40:54+02:00</sln:miejscIIPWersja><sln:miejscIdTeryt>0195245</sln:miejscIdTeryt><sln:miejscNazwa>Gostynie</sln:miejscNazwa><sln:miejscRodzaj>Wieś</sln:miejscRodzaj><sln:powIIPId>a84ca93c-4ad8-494d-95a7-8b1a8c4d4517</sln:powIIPId><sln:powIIPPn>PL.PZGIK.200</sln:powIIPPn><sln:powIIPWersja>2012-09-27T08:59:03+02:00</sln:powIIPWersja><sln:powIdTeryt>3007</sln:powIdTeryt><sln:powNazwa>kaliski</sln:powNazwa><sln:waznyOd>2014-07-14T00:00:00+02:00</sln:waznyOd><sln:wojIIPId>c606b01a-76c8-480d-9470-f24ca0d7a613</sln:wojIIPId><sln:wojIIPPn>PL.PZGIK.200</sln:wojIIPPn><sln:wojIIPWersja>2016-05-05T18:20:48+02:00</sln:wojIIPWersja><sln:wojIdTeryt>30</sln:wojIdTeryt><sln:wojNazwa>wielkopolskie</sln:wojNazwa></sln:miejscowosc><sln:miejscowosc><sln:cyklZyciaDo>2017-03-28T00:00:00+02:00</sln:cyklZyciaDo><sln:cyklZyciaOd>2015-06-15T00:00:00+02:00</sln:cyklZyciaOd><sln:gmIIPId>fef752a2-3952-4193-8766-f6a22f7e50cc</sln:gmIIPId><sln:gmIIPPn>PL.PZGIK.200</sln:gmIIPPn><sln:gmIIPWersja>2012-09-26T22:24:38+02:00</sln:gmIIPWersja><sln:gmIdTeryt>3007032</sln:gmIdTeryt><sln:gmNazwa>Ceków-Kolonia</sln:gmNazwa><sln:miejscIIPId>80a06451-3ce8-4ee4-93ea-fa63f02f76fd</sln:miejscIIPId><sln:miejscIIPPn>PL.PZGIK.200</sln:miejscIIPPn><sln:miejscIIPWersja>2016-11-24T09:40:54+02:00</sln:miejscIIPWersja><sln:miejscIdTeryt>0195481</sln:miejscIdTeryt><sln:miejscNazwa>Huta</sln:miejscNazwa><sln:miejscRodzaj>Inny obiekt</sln:miejscRodzaj><sln:powIIPId>a84ca93c-4ad8-494d-95a7-8b1a8c4d4517</sln:powIIPId><sln:powIIPPn>PL.PZGIK.200</sln:powIIPPn><sln:powIIPWersja>2012-09-27T08:59:03+02:00</sln:powIIPWersja><sln:powIdTeryt>3007</sln:powIdTeryt><sln:powNazwa>kaliski</sln:powNazwa><sln:waznyOd>2014-07-14T00:00:00+02:00</sln:waznyOd><sln:wojIIPId>c606b01a-76c8-480d-9470-f24ca0d7a613</sln:wojIIPId><sln:wojIIPPn>PL.PZGIK.200</sln:wojIIPPn><sln:wojIIPWersja>2016-05-05T18:20:48+02:00</sln:wojIIPWersja><sln:wojIdTeryt>30</sln:wojIdTeryt><sln:wojNazwa>wielkopolskie</sln:wojNazwa></sln:miejscowosc><sln:miejscowosc><sln:cyklZyciaDo>2017-03-28T00:00:00+02:00</sln:cyklZyciaDo><sln:cyklZyciaOd>2015-06-15T00:00:00+02:00</sln:cyklZyciaOd><sln:gmIIPId>fef752a2-3952-4193-8766-f6a22f7e50cc</sln:gmIIPId><sln:gmIIPPn>PL.PZGIK.200</sln:gmIIPPn><sln:gmIIPWersja>2012-09-26T22:24:38+02:00</sln:gmIIPWersja><sln:gmIdTeryt>3007032</sln:gmIdTeryt><sln:gmNazwa>Ceków-Kolonia</sln:gmNazwa><sln:miejscIIPId>53e7242b-8692-45f0-bed3-13572534cf2e</sln:miejscIIPId><sln:miejscIIPPn>PL.PZGIK.200</sln:miejscIIPPn><sln:miejscIIPWersja>2016-11-24T09:40:54+02:00</sln:miejscIIPWersja><sln:miejscIdTeryt>0195535</sln:miejscIdTeryt><sln:miejscNazwa>Jezioro</sln:miejscNazwa><sln:miejscRodzaj>Inny obiekt</sln:miejscRodzaj><sln:powIIPId>a84ca93c-4ad8-494d-95a7-8b1a8c4d4517</sln:powIIPId><sln:powIIPPn>PL.PZGIK.200</sln:powIIPPn><sln:powIIPWersja>2012-09-27T08:59:03+02:00</sln:powIIPWersja><sln:powIdTeryt>3007</sln:powIdTeryt><sln:powNazwa>kaliski</sln:powNazwa><sln:waznyOd>2014-07-14T00:00:00+02:00</sln:waznyOd><sln:wojIIPId>c606b01a-76c8-480d-9470-f24ca0d7a613</sln:wojIIPId><sln:wojIIPPn>PL.PZGIK.200</sln:wojIIPPn><sln:wojIIPWersja>2016-05-05T18:20:48+02:00</sln:wojIIPWersja><sln:wojIdTeryt>30</sln:wojIdTeryt><sln:wojNazwa>wielkopolskie</sln:wojNazwa></sln:miejscowosc><sln:miejscowosc><sln:cyklZyciaDo>2017-03-28T00:00:00+02:00</sln:cyklZyciaDo><sln:cyklZyciaOd>2015-06-15T00:00:00+02:00</sln:cyklZyciaOd><sln:gmIIPId>fef752a2-3952-4193-8766-f6a22f7e50cc</sln:gmIIPId><sln:gmIIPPn>PL.PZGIK.200</sln:gmIIPPn><sln:gmIIPWersja>2012-09-26T22:24:38+02:00</sln:gmIIPWersja><sln:gmIdTeryt>3007032</sln:gmIdTeryt><sln:gmNazwa>Ceków-Kolonia</sln:gmNazwa><sln:miejscIIPId>cc50739f-60d4-4739-ad5f-a56053cff247</sln:miejscIIPId><sln:miejscIIPPn>PL.PZGIK.200</sln:miejscIIPPn><sln:miejscIIPWersja>2016-11-24T09:40:54+02:00</sln:miejscIIPWersja><sln:miejscIdTeryt>0195274</sln:miejscIdTeryt><sln:miejscNazwa>Kamień</sln:miejscNazwa><sln:miejscRodzaj>Wieś</sln:miejscRodzaj><sln:powIIPId>a84ca93c-4ad8-494d-95a7-8b1a8c4d4517</sln:powIIPId><sln:powIIPPn>PL.PZGIK.200</sln:powIIPPn><sln:powIIPWersja>2012-09-27T08:59:03+02:00</sln:powIIPWersja><sln:powIdTeryt>3007</sln:powIdTeryt><sln:powNazwa>kaliski</sln:powNazwa><sln:waznyOd>2014-07-14T00:00:00+02:00</sln:waznyOd><sln:wojIIPId>c606b01a-76c8-480d-9470-f24ca0d7a613</sln:wojIIPId><sln:wojIIPPn>PL.PZGIK.200</sln:wojIIPPn><sln:wojIIPWersja>2016-05-05T18:20:48+02:00</sln:wojIIPWersja><sln:wojIdTeryt>30</sln:wojIdTeryt><sln:wojNazwa>wielkopolskie</sln:wojNazwa></sln:miejscowosc><sln:miejscowosc><sln:cyklZyciaDo>2017-03-28T00:00:00+02:00</sln:cyklZyciaDo><sln:cyklZyciaOd>2015-06-15T00:00:00+02:00</sln:cyklZyciaOd><sln:gmIIPId>fef752a2-3952-4193-8766-f6a22f7e50cc</sln:gmIIPId><sln:gmIIPPn>PL.PZGIK.200</sln:gmIIPPn><sln:gmIIPWersja>2012-09-26T22:24:38+02:00</sln:gmIIPWersja><sln:gmIdTeryt>3007032</sln:gmIdTeryt><sln:gmNazwa>Ceków-Kolonia</sln:gmNazwa><sln:miejscIIPId>33eebd74-5da3-4803-a915-3912ff27ce3b</sln:miejscIIPId><sln:miejscIIPPn>PL.PZGIK.200</sln:miejscIIPPn><sln:miejscIIPWersja>2016-11-24T09:40:54+02:00</sln:miejscIIPWersja><sln:miejscIdTeryt>0195305</sln:miejscIdTeryt><sln:miejscNazwa>Kamień-Kolonia</sln:miejscNazwa><sln:miejscRodzaj>Inny obiekt</sln:miejscRodzaj><sln:powIIPId>a84ca93c-4ad8-494d-95a7-8b1a8c4d4517</sln:powIIPId><sln:powIIPPn>PL.PZGIK.200</sln:powIIPPn><sln:powIIPWersja>2012-09-27T08:59:03+02:00</sln:powIIPWersja><sln:powIdTeryt>3007</sln:powIdTeryt><sln:powNazwa>kaliski</sln:powNazwa><sln:waznyOd>2014-07-14T00:00:00+02:00</sln:waznyOd><sln:wojIIPId>c606b01a-76c8-480d-9470-f24ca0d7a613</sln:wojIIPId><sln:wojIIPPn>PL.PZGIK.200</sln:wojIIPPn><sln:wojIIPWersja>2016-05-05T18:20:48+02:00</sln:wojIIPWersja><sln:wojIdTeryt>30</sln:wojIdTeryt><sln:wojNazwa>wielkopolskie</sln:wojNazwa></sln:miejscowosc><sln:miejscowosc><sln:cyklZyciaDo>2017-03-28T00:00:00+02:00</sln:cyklZyciaDo><sln:cyklZyciaOd>2015-06-15T00:00:00+02:00</sln:cyklZyciaOd><sln:gmIIPId>fef752a2-3952-4193-8766-f6a22f7e50cc</sln:gmIIPId><sln:gmIIPPn>PL.PZGIK.200</sln:gmIIPPn><sln:gmIIPWersja>2012-09-26T22:24:38+02:00</sln:gmIIPWersja><sln:gmIdTeryt>3007032</sln:gmIdTeryt><sln:gmNazwa>Ceków-Kolonia</sln:gmNazwa><sln:miejscIIPId>46c3d6ba-0e4c-40cf-ada5-aab4387ddfde</sln:miejscIIPId><sln:miejscIIPPn>PL.PZGIK.200</sln:miejscIIPPn><sln:miejscIIPWersja>2016-11-24T09:40:54+02:00</sln:miejscIIPWersja><sln:miejscIdTeryt>0195200</sln:miejscIdTeryt><sln:miejscNazwa>Korek</sln:miejscNazwa><sln:miejscRodzaj>Inny obiekt</sln:miejscRodzaj><sln:powIIPId>a84ca93c-4ad8-494d-95a7-8b1a8c4d4517</sln:powIIPId><sln:powIIPPn>PL.PZGIK.200</sln:powIIPPn><sln:powIIPWersja>2012-09-27T08:59:03+02:00</sln:powIIPWersja><sln:powIdTeryt>3007</sln:powIdTeryt><sln:powNazwa>kaliski</sln:powNazwa><sln:waznyOd>2014-07-14T00:00:00+02:00</sln:waznyOd><sln:wojIIPId>c606b01a-76c8-480d-9470-f24ca0d7a613</sln:wojIIPId><sln:wojIIPPn>PL.PZGIK.200</sln:wojIIPPn><sln:wojIIPWersja>2016-05-05T18:20:48+02:00</sln:wojIIPWersja><sln:wojIdTeryt>30</sln:wojIdTeryt><sln:wojNazwa>wielkopolskie</sln:wojNazwa></sln:miejscowosc><sln:miejscowosc><sln:cyklZyciaDo>2017-03-28T00:00:00+02:00</sln:cyklZyciaDo><sln:cyklZyciaOd>2015-06-15T00:00:00+02:00</sln:cyklZyciaOd><sln:gmIIPId>fef752a2-3952-4193-8766-f6a22f7e50cc</sln:gmIIPId><sln:gmIIPPn>PL.PZGIK.200</sln:gmIIPPn><sln:gmIIPWersja>2012-09-26T22:24:38+02:00</sln:gmIIPWersja><sln:gmIdTeryt>3007032</sln:gmIdTeryt><sln:gmNazwa>Ceków-Kolonia</sln:gmNazwa><sln:miejscIIPId>90a91c95-0344-4f25-8622-a84f768724bd</sln:miejscIIPId><sln:miejscIIPPn>PL.PZGIK.200</sln:miejscIIPPn><sln:miejscIIPWersja>2016-11-24T09:40:54+02:00</sln:miejscIIPWersja><sln:miejscIdTeryt>0195334</sln:miejscIdTeryt><sln:miejscNazwa>Kosmów</sln:miejscNazwa><sln:miejscRodzaj>Wieś</sln:miejscRodzaj><sln:powIIPId>a84ca93c-4ad8-494d-95a7-8b1a8c4d4517</sln:powIIPId><sln:powIIPPn>PL.PZGIK.200</sln:powIIPPn><sln:powIIPWersja>2012-09-27T08:59:03+02:00</sln:powIIPWersja><sln:powIdTeryt>3007</sln:powIdTeryt><sln:powNazwa>kaliski</sln:powNazwa><sln:waznyOd>2014-07-14T00:00:00+02:00</sln:waznyOd><sln:wojIIPId>c606b01a-76c8-480d-9470-f24ca0d7a613</sln:wojIIPId><sln:wojIIPPn>PL.PZGIK.200</sln:wojIIPPn><sln:wojIIPWersja>2016-05-05T18:20:48+02:00</sln:wojIIPWersja><sln:wojIdTeryt>30</sln:wojIdTeryt><sln:wojNazwa>wielkopolskie</sln:wojNazwa></sln:miejscowosc><sln:miejscowosc><sln:cyklZyciaDo>2017-03-28T00:00:00+02:00</sln:cyklZyciaDo><sln:cyklZyciaOd>2015-06-15T00:00:00+02:00</sln:cyklZyciaOd><sln:gmIIPId>fef752a2-3952-4193-8766-f6a22f7e50cc</sln:gmIIPId><sln:gmIIPPn>PL.PZGIK.200</sln:gmIIPPn><sln:gmIIPWersja>2012-09-26T22:24:38+02:00</sln:gmIIPWersja><sln:gmIdTeryt>3007032</sln:gmIdTeryt><sln:gmNazwa>Ceków-Kolonia</sln:gmNazwa><sln:miejscIIPId>a4c0960d-9086-4e33-973e-f5997273a3ac</sln:miejscIIPId><sln:miejscIIPPn>PL.PZGIK.200</sln:miejscIIPPn><sln:miejscIIPWersja>2016-11-24T09:40:54+02:00</sln:miejscIIPWersja><sln:miejscIdTeryt>0195357</sln:miejscIdTeryt><sln:miejscNazwa>Kosmów-Kolonia</sln:miejscNazwa><sln:miejscRodzaj>Wieś</sln:miejscRodzaj><sln:powIIPId>a84ca93c-4ad8-494d-95a7-8b1a8c4d4517</sln:powIIPId><sln:powIIPPn>PL.PZGIK.200</sln:powIIPPn><sln:powIIPWersja>2012-09-27T08:59:03+02:00</sln:powIIPWersja><sln:powIdTeryt>3007</sln:powIdTeryt><sln:powNazwa>kaliski</sln:powNazwa><sln:waznyOd>2014-07-14T00:00:00+02:00</sln:waznyOd><sln:wojIIPId>c606b01a-76c8-480d-9470-f24ca0d7a613</sln:wojIIPId><sln:wojIIPPn>PL.PZGIK.200</sln:wojIIPPn><sln:wojIIPWersja>2016-05-05T18:20:48+02:00</sln:wojIIPWersja><sln:wojIdTeryt>30</sln:wojIdTeryt><sln:wojNazwa>wielkopolskie</sln:wojNazwa></sln:miejscowosc><sln:miejscowosc><sln:cyklZyciaDo>2017-03-28T00:00:00+02:00</sln:cyklZyciaDo><sln:cyklZyciaOd>2015-06-15T00:00:00+02:00</sln:cyklZyciaOd><sln:gmIIPId>fef752a2-3952-4193-8766-f6a22f7e50cc</sln:gmIIPId><sln:gmIIPPn>PL.PZGIK.200</sln:gmIIPPn><sln:gmIIPWersja>2012-09-26T22:24:38+02:00</sln:gmIIPWersja><sln:gmIdTeryt>3007032</sln:gmIdTeryt><sln:gmNazwa>Ceków-Kolonia</sln:gmNazwa><sln:miejscIIPId>9a496106-607c-4321-bcf5-f1de169712ba</sln:miejscIIPId><sln:miejscIIPPn>PL.PZGIK.200</sln:miejscIIPPn><sln:miejscIIPWersja>2016-11-24T09:40:54+02:00</sln:miejscIIPWersja><sln:miejscIdTeryt>0195370</sln:miejscIdTeryt><sln:miejscNazwa>Kuźnica</sln:miejscNazwa><sln:miejscRodzaj>Wieś</sln:miejscRodzaj><sln:powIIPId>a84ca93c-4ad8-494d-95a7-8b1a8c4d4517</sln:powIIPId><sln:powIIPPn>PL.PZGIK.200</sln:powIIPPn><sln:powIIPWersja>2012-09-27T08:59:03+02:00</sln:powIIPWersja><sln:powIdTeryt>3007</sln:powIdTeryt><sln:powNazwa>kaliski</sln:powNazwa><sln:waznyOd>2014-07-14T00:00:00+02:00</sln:waznyOd><sln:wojIIPId>c606b01a-76c8-480d-9470-f24ca0d7a613</sln:wojIIPId><sln:wojIIPPn>PL.PZGIK.200</sln:wojIIPPn><sln:wojIIPWersja>2016-05-05T18:20:48+02:00</sln:wojIIPWersja><sln:wojIdTeryt>30</sln:wojIdTeryt><sln:wojNazwa>wielkopolskie</sln:wojNazwa></sln:miejscowosc><sln:miejscowosc><sln:cyklZyciaDo>2017-03-28T00:00:00+02:00</sln:cyklZyciaDo><sln:cyklZyciaOd>2015-06-15T00:00:00+02:00</sln:cyklZyciaOd><sln:gmIIPId>fef752a2-3952-4193-8766-f6a22f7e50cc</sln:gmIIPId><sln:gmIIPPn>PL.PZGIK.200</sln:gmIIPPn><sln:gmIIPWersja>2012-09-26T22:24:38+02:00</sln:gmIIPWersja><sln:gmIdTeryt>3007032</sln:gmIdTeryt><sln:gmNazwa>Ceków-Kolonia</sln:gmNazwa><sln:miejscIIPId>43763403-e91e-4f8b-b993-6ab84db73d90</sln:miejscIIPId><sln:miejscIIPPn>PL.PZGIK.200</sln:miejscIIPPn><sln:miejscIIPWersja>2016-11-24T09:40:54+02:00</sln:miejscIIPWersja><sln:miejscIdTeryt>0195311</sln:miejscIdTeryt><sln:miejscNazwa>Magdalenów</sln:miejscNazwa><sln:miejscRodzaj>Inny obiekt</sln:miejscRodzaj><sln:powIIPId>a84ca93c-4ad8-494d-95a7-8b1a8c4d4517</sln:powIIPId><sln:powIIPPn>PL.PZGIK.200</sln:powIIPPn><sln:powIIPWersja>2012-09-27T08:59:03+02:00</sln:powIIPWersja><sln:powIdTeryt>3007</sln:powIdTeryt><sln:powNazwa>kaliski</sln:powNazwa><sln:waznyOd>2014-07-14T00:00:00+02:00</sln:waznyOd><sln:wojIIPId>c606b01a-76c8-480d-9470-f24ca0d7a613</sln:wojIIPId><sln:wojIIPPn>PL.PZGIK.200</sln:wojIIPPn><sln:wojIIPWersja>2016-05-05T18:20:48+02:00</sln:wojIIPWersja><sln:wojIdTeryt>30</sln:wojIdTeryt><sln:wojNazwa>wielkopolskie</sln:wojNazwa></sln:miejscowosc><sln:miejscowosc><sln:cyklZyciaDo>2017-03-28T00:00:00+02:00</sln:cyklZyciaDo><sln:cyklZyciaOd>2015-06-15T00:00:00+02:00</sln:cyklZyciaOd><sln:gmIIPId>fef752a2-3952-4193-8766-f6a22f7e50cc</sln:gmIIPId><sln:gmIIPPn>PL.PZGIK.200</sln:gmIIPPn><sln:gmIIPWersja>2012-09-26T22:24:38+02:00</sln:gmIIPWersja><sln:gmIdTeryt>3007032</sln:gmIdTeryt><sln:gmNazwa>Ceków-Kolonia</sln:gmNazwa><sln:miejscIIPId>794692c0-91e4-4025-955a-8b23c6f1e625</sln:miejscIIPId><sln:miejscIIPPn>PL.PZGIK.200</sln:miejscIIPPn><sln:miejscIIPWersja>2016-11-24T09:40:54+02:00</sln:miejscIIPWersja><sln:miejscIdTeryt>0195340</sln:miejscIdTeryt><sln:miejscNazwa>Malcówka</sln:miejscNazwa><sln:miejscRodzaj>Inny obiekt</sln:miejscRodzaj><sln:powIIPId>a84ca93c-4ad8-494d-95a7-8b1a8c4d4517</sln:powIIPId><sln:powIIPPn>PL.PZGIK.200</sln:powIIPPn><sln:powIIPWersja>2012-09-27T08:59:03+02:00</sln:powIIPWersja><sln:powIdTeryt>3007</sln:powIdTeryt><sln:powNazwa>kaliski</sln:powNazwa><sln:waznyOd>2014-07-14T00:00:00+02:00</sln:waznyOd><sln:wojIIPId>c606b01a-76c8-480d-9470-f24ca0d7a613</sln:wojIIPId><sln:wojIIPPn>PL.PZGIK.200</sln:wojIIPPn><sln:wojIIPWersja>2016-05-05T18:20:48+02:00</sln:wojIIPWersja><sln:wojIdTeryt>30</sln:wojIdTeryt><sln:wojNazwa>wielkopolskie</sln:wojNazwa></sln:miejscowosc><sln:miejscowosc><sln:cyklZyciaDo>2017-03-28T00:00:00+02:00</sln:cyklZyciaDo><sln:cyklZyciaOd>2015-06-15T00:00:00+02:00</sln:cyklZyciaOd><sln:gmIIPId>fef752a2-3952-4193-8766-f6a22f7e50cc</sln:gmIIPId><sln:gmIIPPn>PL.PZGIK.200</sln:gmIIPPn><sln:gmIIPWersja>2012-09-26T22:24:38+02:00</sln:gmIIPWersja><sln:gmIdTeryt>3007032</sln:gmIdTeryt><sln:gmNazwa>Ceków-Kolonia</sln:gmNazwa><sln:miejscIIPId>31c4ec8a-52a6-4faf-9866-2a6a502a60a5</sln:miejscIIPId><sln:miejscIIPPn>PL.PZGIK.200</sln:miejscIIPPn><sln:miejscIIPWersja>2016-11-24T09:40:54+02:00</sln:miejscIIPWersja><sln:miejscIdTeryt>0195386</sln:miejscIdTeryt><sln:miejscNazwa>Morawin</sln:miejscNazwa><sln:miejscRodzaj>Wieś</sln:miejscRodzaj><sln:powIIPId>a84ca93c-4ad8-494d-95a7-8b1a8c4d4517</sln:powIIPId><sln:powIIPPn>PL.PZGIK.200</sln:powIIPPn><sln:powIIPWersja>2012-09-27T08:59:03+02:00</sln:powIIPWersja><sln:powIdTeryt>3007</sln:powIdTeryt><sln:powNazwa>kaliski</sln:powNazwa><sln:waznyOd>2014-07-14T00:00:00+02:00</sln:waznyOd><sln:wojIIPId>c606b01a-76c8-480d-9470-f24ca0d7a613</sln:wojIIPId><sln:wojIIPPn>PL.PZGIK.200</sln:wojIIPPn><sln:wojIIPWersja>2016-05-05T18:20:48+02:00</sln:wojIIPWersja><sln:wojIdTeryt>30</sln:wojIdTeryt><sln:wojNazwa>wielkopolskie</sln:wojNazwa></sln:miejscowosc><sln:miejscowosc><sln:cyklZyciaDo>2017-03-28T00:00:00+02:00</sln:cyklZyciaDo><sln:cyklZyciaOd>2015-06-15T00:00:00+02:00</sln:cyklZyciaOd><sln:gmIIPId>fef752a2-3952-4193-8766-f6a22f7e50cc</sln:gmIIPId><sln:gmIIPPn>PL.PZGIK.200</sln:gmIIPPn><sln:gmIIPWersja>2012-09-26T22:24:38+02:00</sln:gmIIPWersja><sln:gmIdTeryt>3007032</sln:gmIdTeryt><sln:gmNazwa>Ceków-Kolonia</sln:gmNazwa><sln:miejscIIPId>e5573c6e-942b-495c-882e-43917375e4a3</sln:miejscIIPId><sln:miejscIIPPn>PL.PZGIK.200</sln:miejscIIPPn><sln:miejscIIPWersja>2016-11-24T09:40:54+02:00</sln:miejscIIPWersja><sln:miejscIdTeryt>0195392</sln:miejscIdTeryt><sln:miejscNazwa>Nowa Plewnia</sln:miejscNazwa><sln:miejscRodzaj>Wieś</sln:miejscRodzaj><sln:powIIPId>a84ca93c-4ad8-494d-95a7-8b1a8c4d4517</sln:powIIPId><sln:powIIPPn>PL.PZGIK.200</sln:powIIPPn><sln:powIIPWersja>2012-09-27T08:59:03+02:00</sln:powIIPWersja><sln:powIdTeryt>3007</sln:powIdTeryt><sln:powNazwa>kaliski</sln:powNazwa><sln:waznyOd>2014-07-14T00:00:00+02:00</sln:waznyOd><sln:wojIIPId>c606b01a-76c8-480d-9470-f24ca0d7a613</sln:wojIIPId><sln:wojIIPPn>PL.PZGIK.200</sln:wojIIPPn><sln:wojIIPWersja>2016-05-05T18:20:48+02:00</sln:wojIIPWersja><sln:wojIdTeryt>30</sln:wojIdTeryt><sln:wojNazwa>wielkopolskie</sln:wojNazwa></sln:miejscowosc><sln:miejscowosc><sln:cyklZyciaDo>2017-03-28T00:00:00+02:00</sln:cyklZyciaDo><sln:cyklZyciaOd>2015-06-15T00:00:00+02:00</sln:cyklZyciaOd><sln:gmIIPId>fef752a2-3952-4193-8766-f6a22f7e50cc</sln:gmIIPId><sln:gmIIPPn>PL.PZGIK.200</sln:gmIIPPn><sln:gmIIPWersja>2012-09-26T22:24:38+02:00</sln:gmIIPWersja><sln:gmIdTeryt>3007032</sln:gmIdTeryt><sln:gmNazwa>Ceków-Kolonia</sln:gmNazwa><sln:miejscIIPId>a133327c-d46e-44b7-9cf7-4c249b6a9f6f</sln:miejscIIPId><sln:miejscIIPPn>PL.PZGIK.200</sln:miejscIIPPn><sln:miejscIIPWersja>2016-11-24T09:40:54+02:00</sln:miejscIIPWersja><sln:miejscIdTeryt>0195400</sln:miejscIdTeryt><sln:miejscNazwa>Nowe Prażuchy</sln:miejscNazwa><sln:miejscRodzaj>Wieś</sln:miejscRodzaj><sln:powIIPId>a84ca93c-4ad8-494d-95a7-8b1a8c4d4517</sln:powIIPId><sln:powIIPPn>PL.PZGIK.200</sln:powIIPPn><sln:powIIPWersja>2012-09-27T08:59:03+02:00</sln:powIIPWersja><sln:powIdTeryt>3007</sln:powIdTeryt><sln:powNazwa>kaliski</sln:powNazwa><sln:waznyOd>2014-07-14T00:00:00+02:00</sln:waznyOd><sln:wojIIPId>c606b01a-76c8-480d-9470-f24ca0d7a613</sln:wojIIPId><sln:wojIIPPn>PL.PZGIK.200</sln:wojIIPPn><sln:wojIIPWersja>2016-05-05T18:20:48+02:00</sln:wojIIPWersja><sln:wojIdTeryt>30</sln:wojIdTeryt><sln:wojNazwa>wielkopolskie</sln:wojNazwa></sln:miejscowosc><sln:miejscowosc><sln:cyklZyciaDo>2017-03-28T00:00:00+02:00</sln:cyklZyciaDo><sln:cyklZyciaOd>2015-06-15T00:00:00+02:00</sln:cyklZyciaOd><sln:gmIIPId>fef752a2-3952-4193-8766-f6a22f7e50cc</sln:gmIIPId><sln:gmIIPPn>PL.PZGIK.200</sln:gmIIPPn><sln:gmIIPWersja>2012-09-26T22:24:38+02:00</sln:gmIIPWersja><sln:gmIdTeryt>3007032</sln:gmIdTeryt><sln:gmNazwa>Ceków-Kolonia</sln:gmNazwa><sln:miejscIIPId>afa22972-aed0-43a6-bbfb-d88adbb7f422</sln:miejscIIPId><sln:miejscIIPPn>PL.PZGIK.200</sln:miejscIIPPn><sln:miejscIIPWersja>2016-11-24T09:40:54+02:00</sln:miejscIIPWersja><sln:miejscIdTeryt>0195512</sln:miejscIdTeryt><sln:miejscNazwa>Odpadki</sln:miejscNazwa><sln:miejscRodzaj>Inny obiekt</sln:miejscRodzaj><sln:powIIPId>a84ca93c-4ad8-494d-95a7-8b1a8c4d4517</sln:powIIPId><sln:powIIPPn>PL.PZGIK.200</sln:powIIPPn><sln:powIIPWersja>2012-09-27T08:59:03+02:00</sln:powIIPWersja><sln:powIdTeryt>3007</sln:powIdTeryt><sln:powNazwa>kaliski</sln:powNazwa><sln:waznyOd>2014-07-14T00:00:00+02:00</sln:waznyOd><sln:wojIIPId>c606b01a-76c8-480d-9470-f24ca0d7a613</sln:wojIIPId><sln:wojIIPPn>PL.PZGIK.200</sln:wojIIPPn><sln:wojIIPWersja>2016-05-05T18:20:48+02:00</sln:wojIIPWersja><sln:wojIdTeryt>30</sln:wojIdTeryt><sln:wojNazwa>wielkopolskie</sln:wojNazwa></sln:miejscowosc><sln:miejscowosc><sln:cyklZyciaDo>2017-03-28T00:00:00+02:00</sln:cyklZyciaDo><sln:cyklZyciaOd>2015-06-15T00:00:00+02:00</sln:cyklZyciaOd><sln:gmIIPId>fef752a2-3952-4193-8766-f6a22f7e50cc</sln:gmIIPId><sln:gmIIPPn>PL.PZGIK.200</sln:gmIIPPn><sln:gmIIPWersja>2012-09-26T22:24:38+02:00</sln:gmIIPWersja><sln:gmIdTeryt>3007032</sln:gmIdTeryt><sln:gmNazwa>Ceków-Kolonia</sln:gmNazwa><sln:miejscIIPId>4cba85fd-f3bc-4e3c-b3d6-69fa787730a2</sln:miejscIIPId><sln:miejscIIPPn>PL.PZGIK.200</sln:miejscIIPPn><sln:miejscIIPWersja>2016-11-24T09:40:54+02:00</sln:miejscIIPWersja><sln:miejscIdTeryt>0195222</sln:miejscIdTeryt><sln:miejscNazwa>Olendry</sln:miejscNazwa><sln:miejscRodzaj>Inny obiekt</sln:miejscRodzaj><sln:powIIPId>a84ca93c-4ad8-494d-95a7-8b1a8c4d4517</sln:powIIPId><sln:powIIPPn>PL.PZGIK.200</sln:powIIPPn><sln:powIIPWersja>2012-09-27T08:59:03+02:00</sln:powIIPWersja><sln:powIdTeryt>3007</sln:powIdTeryt><sln:powNazwa>kaliski</sln:powNazwa><sln:waznyOd>2014-07-14T00:00:00+02:00</sln:waznyOd><sln:wojIIPId>c606b01a-76c8-480d-9470-f24ca0d7a613</sln:wojIIPId><sln:wojIIPPn>PL.PZGIK.200</sln:wojIIPPn><sln:wojIIPWersja>2016-05-05T18:20:48+02:00</sln:wojIIPWersja><sln:wojIdTeryt>30</sln:wojIdTeryt><sln:wojNazwa>wielkopolskie</sln:wojNazwa></sln:miejscowosc><sln:miejscowosc><sln:cyklZyciaDo>2017-03-28T00:00:00+02:00</sln:cyklZyciaDo><sln:cyklZyciaOd>2015-06-15T00:00:00+02:00</sln:cyklZyciaOd><sln:gmIIPId>fef752a2-3952-4193-8766-f6a22f7e50cc</sln:gmIIPId><sln:gmIIPPn>PL.PZGIK.200</sln:gmIIPPn><sln:gmIIPWersja>2012-09-26T22:24:38+02:00</sln:gmIIPWersja><sln:gmIdTeryt>3007032</sln:gmIdTeryt><sln:gmNazwa>Ceków-Kolonia</sln:gmNazwa><sln:miejscIIPId>150467e2-c096-436c-8237-dd234d6170fe</sln:miejscIIPId><sln:miejscIIPPn>PL.PZGIK.200</sln:miejscIIPPn><sln:miejscIIPWersja>2016-11-24T09:40:54+02:00</sln:miejscIIPWersja><sln:miejscIdTeryt>0195430</sln:miejscIdTeryt><sln:miejscNazwa>Orli Staw</sln:miejscNazwa><sln:miejscRodzaj>Inny obiekt</sln:miejscRodzaj><sln:powIIPId>a84ca93c-4ad8-494d-95a7-8b1a8c4d4517</sln:powIIPId><sln:powIIPPn>PL.PZGIK.200</sln:powIIPPn><sln:powIIPWersja>2012-09-27T08:59:03+02:00</sln:powIIPWersja><sln:powIdTeryt>3007</sln:powIdTeryt><sln:powNazwa>kaliski</sln:powNazwa><sln:waznyOd>2014-07-14T00:00:00+02:00</sln:waznyOd><sln:wojIIPId>c606b01a-76c8-480d-9470-f24ca0d7a613</sln:wojIIPId><sln:wojIIPPn>PL.PZGIK.200</sln:wojIIPPn><sln:wojIIPWersja>2016-05-05T18:20:48+02:00</sln:wojIIPWersja><sln:wojIdTeryt>30</sln:wojIdTeryt><sln:wojNazwa>wielkopolskie</sln:wojNazwa></sln:miejscowosc><sln:miejscowosc><sln:cyklZyciaDo>2017-03-28T00:00:00+02:00</sln:cyklZyciaDo><sln:cyklZyciaOd>2015-06-15T00:00:00+02:00</sln:cyklZyciaOd><sln:gmIIPId>fef752a2-3952-4193-8766-f6a22f7e50cc</sln:gmIIPId><sln:gmIIPPn>PL.PZGIK.200</sln:gmIIPPn><sln:gmIIPWersja>2012-09-26T22:24:38+02:00</sln:gmIIPWersja><sln:gmIdTeryt>3007032</sln:gmIdTeryt><sln:gmNazwa>Ceków-Kolonia</sln:gmNazwa><sln:miejscIIPId>8098c95c-cedb-449e-a396-8c44635115d1</sln:miejscIIPId><sln:miejscIIPPn>PL.PZGIK.200</sln:miejscIIPPn><sln:miejscIIPWersja>2016-11-24T09:40:54+02:00</sln:miejscIIPWersja><sln:miejscIdTeryt>0195328</sln:miejscIdTeryt><sln:miejscNazwa>Orzeł</sln:miejscNazwa><sln:miejscRodzaj>Inny obiekt</sln:miejscRodzaj><sln:powIIPId>a84ca93c-4ad8-494d-95a7-8b1a8c4d4517</sln:powIIPId><sln:powIIPPn>PL.PZGIK.200</sln:powIIPPn><sln:powIIPWersja>2012-09-27T08:59:03+02:00</sln:powIIPWersja><sln:powIdTeryt>3007</sln:powIdTeryt><sln:powNazwa>kaliski</sln:powNazwa><sln:waznyOd>2014-07-14T00:00:00+02:00</sln:waznyOd><sln:wojIIPId>c606b01a-76c8-480d-9470-f24ca0d7a613</sln:wojIIPId><sln:wojIIPPn>PL.PZGIK.200</sln:wojIIPPn><sln:wojIIPWersja>2016-05-05T18:20:48+02:00</sln:wojIIPWersja><sln:wojIdTeryt>30</sln:wojIdTeryt><sln:wojNazwa>wielkopolskie</sln:wojNazwa></sln:miejscowosc><sln:miejscowosc><sln:cyklZyciaDo>2017-03-28T00:00:00+02:00</sln:cyklZyciaDo><sln:cyklZyciaOd>2015-06-15T00:00:00+02:00</sln:cyklZyciaOd><sln:gmIIPId>fef752a2-3952-4193-8766-f6a22f7e50cc</sln:gmIIPId><sln:gmIIPPn>PL.PZGIK.200</sln:gmIIPPn><sln:gmIIPWersja>2012-09-26T22:24:38+02:00</sln:gmIIPWersja><sln:gmIdTeryt>3007032</sln:gmIdTeryt><sln:gmNazwa>Ceków-Kolonia</sln:gmNazwa><sln:miejscIIPId>f03e9d33-7390-4331-8867-fb7c4425c1cc</sln:miejscIIPId><sln:miejscIIPPn>PL.PZGIK.200</sln:miejscIIPPn><sln:miejscIIPWersja>2016-11-24T09:40:54+02:00</sln:miejscIIPWersja><sln:miejscIdTeryt>0195446</sln:miejscIdTeryt><sln:miejscNazwa>Plewnia</sln:miejscNazwa><sln:miejscRodzaj>Wieś</sln:miejscRodzaj><sln:powIIPId>a84ca93c-4ad8-494d-95a7-8b1a8c4d4517</sln:powIIPId><sln:powIIPPn>PL.PZGIK.200</sln:powIIPPn><sln:powIIPWersja>2012-09-27T08:59:03+02:00</sln:powIIPWersja><sln:powIdTeryt>3007</sln:powIdTeryt><sln:powNazwa>kaliski</sln:powNazwa><sln:waznyOd>2014-07-14T00:00:00+02:00</sln:waznyOd><sln:wojIIPId>c606b01a-76c8-480d-9470-f24ca0d7a613</sln:wojIIPId><sln:wojIIPPn>PL.PZGIK.200</sln:wojIIPPn><sln:wojIIPWersja>2016-05-05T18:20:48+02:00</sln:wojIIPWersja><sln:wojIdTeryt>30</sln:wojIdTeryt><sln:wojNazwa>wielkopolskie</sln:wojNazwa></sln:miejscowosc><sln:miejscowosc><sln:cyklZyciaDo>2017-03-28T00:00:00+02:00</sln:cyklZyciaDo><sln:cyklZyciaOd>2015-06-15T00:00:00+02:00</sln:cyklZyciaOd><sln:gmIIPId>fef752a2-3952-4193-8766-f6a22f7e50cc</sln:gmIIPId><sln:gmIIPPn>PL.PZGIK.200</sln:gmIIPPn><sln:gmIIPWersja>2012-09-26T22:24:38+02:00</sln:gmIIPWersja><sln:gmIdTeryt>3007032</sln:gmIdTeryt><sln:gmNazwa>Ceków-Kolonia</sln:gmNazwa><sln:miejscIIPId>69041ca9-897b-48e0-9721-dc7503dabad6</sln:miejscIIPId><sln:miejscIIPPn>PL.PZGIK.200</sln:miejscIIPPn><sln:miejscIIPWersja>2016-11-24T09:40:54+02:00</sln:miejscIIPWersja><sln:miejscIdTeryt>0195452</sln:miejscIdTeryt><sln:miejscNazwa>Podzborów</sln:miejscNazwa><sln:miejscRodzaj>Wieś</sln:miejscRodzaj><sln:powIIPId>a84ca93c-4ad8-494d-95a7-8b1a8c4d4517</sln:powIIPId><sln:powIIPPn>PL.PZGIK.200</sln:powIIPPn><sln:powIIPWersja>2012-09-27T08:59:03+02:00</sln:powIIPWersja><sln:powIdTeryt>3007</sln:powIdTeryt><sln:powNazwa>kaliski</sln:powNazwa><sln:waznyOd>2014-07-14T00:00:00+02:00</sln:waznyOd><sln:wojIIPId>c606b01a-76c8-480d-9470-f24ca0d7a613</sln:wojIIPId><sln:wojIIPPn>PL.PZGIK.200</sln:wojIIPPn><sln:wojIIPWersja>2016-05-05T18:20:48+02:00</sln:wojIIPWersja><sln:wojIdTeryt>30</sln:wojIdTeryt><sln:wojNazwa>wielkopolskie</sln:wojNazwa></sln:miejscowosc><sln:miejscowosc><sln:cyklZyciaDo>2017-03-28T00:00:00+02:00</sln:cyklZyciaDo><sln:cyklZyciaOd>2015-06-15T00:00:00+02:00</sln:cyklZyciaOd><sln:gmIIPId>fef752a2-3952-4193-8766-f6a22f7e50cc</sln:gmIIPId><sln:gmIIPPn>PL.PZGIK.200</sln:gmIIPPn><sln:gmIIPWersja>2012-09-26T22:24:38+02:00</sln:gmIIPWersja><sln:gmIdTeryt>3007032</sln:gmIdTeryt><sln:gmNazwa>Ceków-Kolonia</sln:gmNazwa><sln:miejscIIPId>fb29b085-2f6f-42b4-a2bf-8099a3192d37</sln:miejscIIPId><sln:miejscIIPPn>PL.PZGIK.200</sln:miejscIIPPn><sln:miejscIIPWersja>2016-11-24T09:40:54+02:00</sln:miejscIIPWersja><sln:miejscIdTeryt>0195469</sln:miejscIdTeryt><sln:miejscNazwa>Przedzeń</sln:miejscNazwa><sln:miejscRodzaj>Wieś</sln:miejscRodzaj><sln:powIIPId>a84ca93c-4ad8-494d-95a7-8b1a8c4d4517</sln:powIIPId><sln:powIIPPn>PL.PZGIK.200</sln:powIIPPn><sln:powIIPWersja>2012-09-27T08:59:03+02:00</sln:powIIPWersja><sln:powIdTeryt>3007</sln:powIdTeryt><sln:powNazwa>kaliski</sln:powNazwa><sln:waznyOd>2014-07-14T00:00:00+02:00</sln:waznyOd><sln:wojIIPId>c606b01a-76c8-480d-9470-f24ca0d7a613</sln:wojIIPId><sln:wojIIPPn>PL.PZGIK.200</sln:wojIIPPn><sln:wojIIPWersja>2016-05-05T18:20:48+02:00</sln:wojIIPWersja><sln:wojIdTeryt>30</sln:wojIdTeryt><sln:wojNazwa>wielkopolskie</sln:wojNazwa></sln:miejscowosc><sln:miejscowosc><sln:cyklZyciaDo>2017-03-28T00:00:00+02:00</sln:cyklZyciaDo><sln:cyklZyciaOd>2015-06-15T00:00:00+02:00</sln:cyklZyciaOd><sln:gmIIPId>fef752a2-3952-4193-8766-f6a22f7e50cc</sln:gmIIPId><sln:gmIIPPn>PL.PZGIK.200</sln:gmIIPPn><sln:gmIIPWersja>2012-09-26T22:24:38+02:00</sln:gmIIPWersja><sln:gmIdTeryt>3007032</sln:gmIdTeryt><sln:gmNazwa>Ceków-Kolonia</sln:gmNazwa><sln:miejscIIPId>bb7d420c-e1c1-40a4-8280-e46341c61869</sln:miejscIIPId><sln:miejscIIPPn>PL.PZGIK.200</sln:miejscIIPPn><sln:miejscIIPWersja>2016-11-24T09:40:54+02:00</sln:miejscIIPWersja><sln:miejscIdTeryt>0195475</sln:miejscIdTeryt><sln:miejscNazwa>Przespolew Kościelny</sln:miejscNazwa><sln:miejscRodzaj>Wieś</sln:miejscRodzaj><sln:powIIPId>a84ca93c-4ad8-494d-95a7-8b1a8c4d4517</sln:powIIPId><sln:powIIPPn>PL.PZGIK.200</sln:powIIPPn><sln:powIIPWersja>2012-09-27T08:59:03+02:00</sln:powIIPWersja><sln:powIdTeryt>3007</sln:powIdTeryt><sln:powNazwa>kaliski</sln:powNazwa><sln:waznyOd>2014-07-14T00:00:00+02:00</sln:waznyOd><sln:wojIIPId>c606b01a-76c8-480d-9470-f24ca0d7a613</sln:wojIIPId><sln:wojIIPPn>PL.PZGIK.200</sln:wojIIPPn><sln:wojIIPWersja>2016-05-05T18:20:48+02:00</sln:wojIIPWersja><sln:wojIdTeryt>30</sln:wojIdTeryt><sln:wojNazwa>wielkopolskie</sln:wojNazwa></sln:miejscowosc><sln:miejscowosc><sln:cyklZyciaDo>2017-03-28T00:00:00+02:00</sln:cyklZyciaDo><sln:cyklZyciaOd>2015-06-15T00:00:00+02:00</sln:cyklZyciaOd><sln:gmIIPId>fef752a2-3952-4193-8766-f6a22f7e50cc</sln:gmIIPId><sln:gmIIPPn>PL.PZGIK.200</sln:gmIIPPn><sln:gmIIPWersja>2012-09-26T22:24:38+02:00</sln:gmIIPWersja><sln:gmIdTeryt>3007032</sln:gmIdTeryt><sln:gmNazwa>Ceków-Kolonia</sln:gmNazwa><sln:miejscIIPId>9f9b690b-b250-4971-a5dd-332b06421985</sln:miejscIIPId><sln:miejscIIPPn>PL.PZGIK.200</sln:miejscIIPPn><sln:miejscIIPWersja>2016-11-24T09:40:54+02:00</sln:miejscIIPWersja><sln:miejscIdTeryt>0195506</sln:miejscIdTeryt><sln:miejscNazwa>Przespolew Pański</sln:miejscNazwa><sln:miejscRodzaj>Wieś</sln:miejscRodzaj><sln:powIIPId>a84ca93c-4ad8-494d-95a7-8b1a8c4d4517</sln:powIIPId><sln:powIIPPn>PL.PZGIK.200</sln:powIIPPn><sln:powIIPWersja>2012-09-27T08:59:03+02:00</sln:powIIPWersja><sln:powIdTeryt>3007</sln:powIdTeryt><sln:powNazwa>kaliski</sln:powNazwa><sln:waznyOd>2014-07-14T00:00:00+02:00</sln:waznyOd><sln:wojIIPId>c606b01a-76c8-480d-9470-f24ca0d7a613</sln:wojIIPId><sln:wojIIPPn>PL.PZGIK.200</sln:wojIIPPn><sln:wojIIPWersja>2016-05-05T18:20:48+02:00</sln:wojIIPWersja><sln:wojIdTeryt>30</sln:wojIdTeryt><sln:wojNazwa>wielkopolskie</sln:wojNazwa></sln:miejscowosc><sln:miejscowosc><sln:cyklZyciaDo>2017-03-28T00:00:00+02:00</sln:cyklZyciaDo><sln:cyklZyciaOd>2015-06-15T00:00:00+02:00</sln:cyklZyciaOd><sln:gmIIPId>fef752a2-3952-4193-8766-f6a22f7e50cc</sln:gmIIPId><sln:gmIIPPn>PL.PZGIK.200</sln:gmIIPPn><sln:gmIIPWersja>2012-09-26T22:24:38+02:00</sln:gmIIPWersja><sln:gmIdTeryt>3007032</sln:gmIdTeryt><sln:gmNazwa>Ceków-Kolonia</sln:gmNazwa><sln:miejscIIPId>ea4c56d9-5fe2-4b1d-87fd-1e3359c8d03a</sln:miejscIIPId><sln:miejscIIPPn>PL.PZGIK.200</sln:miejscIIPPn><sln:miejscIIPWersja>2016-11-24T09:40:54+02:00</sln:miejscIIPWersja><sln:miejscIdTeryt>0195251</sln:miejscIdTeryt><sln:miejscNazwa>Radzany</sln:miejscNazwa><sln:miejscRodzaj>Inny obiekt</sln:miejscRodzaj><sln:powIIPId>a84ca93c-4ad8-494d-95a7-8b1a8c4d4517</sln:powIIPId><sln:powIIPPn>PL.PZGIK.200</sln:powIIPPn><sln:powIIPWersja>2012-09-27T08:59:03+02:00</sln:powIIPWersja><sln:powIdTeryt>3007</sln:powIdTeryt><sln:powNazwa>kaliski</sln:powNazwa><sln:waznyOd>2014-07-14T00:00:00+02:00</sln:waznyOd><sln:wojIIPId>c606b01a-76c8-480d-9470-f24ca0d7a613</sln:wojIIPId><sln:wojIIPPn>PL.PZGIK.200</sln:wojIIPPn><sln:wojIIPWersja>2016-05-05T18:20:48+02:00</sln:wojIIPWersja><sln:wojIdTeryt>30</sln:wojIdTeryt><sln:wojNazwa>wielkopolskie</sln:wojNazwa></sln:miejscowosc><sln:miejscowosc><sln:cyklZyciaDo>2017-03-28T00:00:00+02:00</sln:cyklZyciaDo><sln:cyklZyciaOd>2015-06-15T00:00:00+02:00</sln:cyklZyciaOd><sln:gmIIPId>fef752a2-3952-4193-8766-f6a22f7e50cc</sln:gmIIPId><sln:gmIIPPn>PL.PZGIK.200</sln:gmIIPPn><sln:gmIIPWersja>2012-09-26T22:24:38+02:00</sln:gmIIPWersja><sln:gmIdTeryt>3007032</sln:gmIdTeryt><sln:gmNazwa>Ceków-Kolonia</sln:gmNazwa><sln:miejscIIPId>c5461c6f-48ba-4ddf-8167-52e6ffde1efb</sln:miejscIIPId><sln:miejscIIPPn>PL.PZGIK.200</sln:miejscIIPPn><sln:miejscIIPWersja>2016-11-24T09:40:54+02:00</sln:miejscIIPWersja><sln:miejscIdTeryt>0195529</sln:miejscIdTeryt><sln:miejscNazwa>Stare Prażuchy</sln:miejscNazwa><sln:miejscRodzaj>Wieś</sln:miejscRodzaj><sln:powIIPId>a84ca93c-4ad8-494d-95a7-8b1a8c4d4517</sln:powIIPId><sln:powIIPPn>PL.PZGIK.200</sln:powIIPPn><sln:powIIPWersja>2012-09-27T08:59:03+02:00</sln:powIIPWersja><sln:powIdTeryt>3007</sln:powIdTeryt><sln:powNazwa>kaliski</sln:powNazwa><sln:waznyOd>2014-07-14T00:00:00+02:00</sln:waznyOd><sln:wojIIPId>c606b01a-76c8-480d-9470-f24ca0d7a613</sln:wojIIPId><sln:wojIIPPn>PL.PZGIK.200</sln:wojIIPPn><sln:wojIIPWersja>2016-05-05T18:20:48+02:00</sln:wojIIPWersja><sln:wojIdTeryt>30</sln:wojIdTeryt><sln:wojNazwa>wielkopolskie</sln:wojNazwa></sln:miejscowosc><sln:miejscowosc><sln:cyklZyciaDo>2017-03-28T00:00:00+02:00</sln:cyklZyciaDo><sln:cyklZyciaOd>2015-06-15T00:00:00+02:00</sln:cyklZyciaOd><sln:gmIIPId>fef752a2-3952-4193-8766-f6a22f7e50cc</sln:gmIIPId><sln:gmIIPPn>PL.PZGIK.200</sln:gmIIPPn><sln:gmIIPWersja>2012-09-26T22:24:38+02:00</sln:gmIIPWersja><sln:gmIdTeryt>3007032</sln:gmIdTeryt><sln:gmNazwa>Ceków-Kolonia</sln:gmNazwa><sln:miejscIIPId>0da237eb-81dc-4e8b-9bcf-2be150648ae1</sln:miejscIIPId><sln:miejscIIPPn>PL.PZGIK.200</sln:miejscIIPPn><sln:miejscIIPWersja>2016-11-24T09:40:54+02:00</sln:miejscIIPWersja><sln:miejscIdTeryt>0195541</sln:miejscIdTeryt><sln:miejscNazwa>Szadek</sln:miejscNazwa><sln:miejscRodzaj>Wieś</sln:miejscRodzaj><sln:powIIPId>a84ca93c-4ad8-494d-95a7-8b1a8c4d4517</sln:powIIPId><sln:powIIPPn>PL.PZGIK.200</sln:powIIPPn><sln:powIIPWersja>2012-09-27T08:59:03+02:00</sln:powIIPWersja><sln:powIdTeryt>3007</sln:powIdTeryt><sln:powNazwa>kaliski</sln:powNazwa><sln:waznyOd>2014-07-14T00:00:00+02:00</sln:waznyOd><sln:wojIIPId>c606b01a-76c8-480d-9470-f24ca0d7a613</sln:wojIIPId><sln:wojIIPPn>PL.PZGIK.200</sln:wojIIPPn><sln:wojIIPWersja>2016-05-05T18:20:48+02:00</sln:wojIIPWersja><sln:wojIdTeryt>30</sln:wojIdTeryt><sln:wojNazwa>wielkopolskie</sln:wojNazwa></sln:miejscowosc><sln:miejscowosc><sln:cyklZyciaDo>2017-03-28T00:00:00+02:00</sln:cyklZyciaDo><sln:cyklZyciaOd>2015-06-15T00:00:00+02:00</sln:cyklZyciaOd><sln:gmIIPId>fef752a2-3952-4193-8766-f6a22f7e50cc</sln:gmIIPId><sln:gmIIPPn>PL.PZGIK.200</sln:gmIIPPn><sln:gmIIPWersja>2012-09-26T22:24:38+02:00</sln:gmIIPWersja><sln:gmIdTeryt>3007032</sln:gmIdTeryt><sln:gmNazwa>Ceków-Kolonia</sln:gmNazwa><sln:miejscIIPId>75c1e25b-c016-495c-9599-d47f4b8dcfdd</sln:miejscIIPId><sln:miejscIIPPn>PL.PZGIK.200</sln:miejscIIPPn><sln:miejscIIPWersja>2016-11-24T09:40:54+02:00</sln:miejscIIPWersja><sln:miejscIdTeryt>0195268</sln:miejscIdTeryt><sln:miejscNazwa>Szadykierz</sln:miejscNazwa><sln:miejscRodzaj>Inny obiekt</sln:miejscRodzaj><sln:powIIPId>a84ca93c-4ad8-494d-95a7-8b1a8c4d4517</sln:powIIPId><sln:powIIPPn>PL.PZGIK.200</sln:powIIPPn><sln:powIIPWersja>2012-09-27T08:59:03+02:00</sln:powIIPWersja><sln:powIdTeryt>3007</sln:powIdTeryt><sln:powNazwa>kaliski</sln:powNazwa><sln:waznyOd>2014-07-14T00:00:00+02:00</sln:waznyOd><sln:wojIIPId>c606b01a-76c8-480d-9470-f24ca0d7a613</sln:wojIIPId><sln:wojIIPPn>PL.PZGIK.200</sln:wojIIPPn><sln:wojIIPWersja>2016-05-05T18:20:48+02:00</sln:wojIIPWersja><sln:wojIdTeryt>30</sln:wojIdTeryt><sln:wojNazwa>wielkopolskie</sln:wojNazwa></sln:miejscowosc><sln:miejscowosc><sln:cyklZyciaDo>2017-03-28T00:00:00+02:00</sln:cyklZyciaDo><sln:cyklZyciaOd>2015-06-15T00:00:00+02:00</sln:cyklZyciaOd><sln:gmIIPId>fef752a2-3952-4193-8766-f6a22f7e50cc</sln:gmIIPId><sln:gmIIPPn>PL.PZGIK.200</sln:gmIIPPn><sln:gmIIPWersja>2012-09-26T22:24:38+02:00</sln:gmIIPWersja><sln:gmIdTeryt>3007032</sln:gmIdTeryt><sln:gmNazwa>Ceków-Kolonia</sln:gmNazwa><sln:miejscIIPId>a1561f12-99fe-43d6-b79e-7d85ac8a59ce</sln:miejscIIPId><sln:miejscIIPPn>PL.PZGIK.200</sln:miejscIIPPn><sln:miejscIIPWersja>2016-11-24T09:40:54+02:00</sln:miejscIIPWersja><sln:miejscIdTeryt>0195498</sln:miejscIdTeryt><sln:miejscNazwa>Świdle</sln:miejscNazwa><sln:miejscRodzaj>Inny obiekt</sln:miejscRodzaj><sln:powIIPId>a84ca93c-4ad8-494d-95a7-8b1a8c4d4517</sln:powIIPId><sln:powIIPPn>PL.PZGIK.200</sln:powIIPPn><sln:powIIPWersja>2012-09-27T08:59:03+02:00</sln:powIIPWersja><sln:powIdTeryt>3007</sln:powIdTeryt><sln:powNazwa>kaliski</sln:powNazwa><sln:waznyOd>2014-07-14T00:00:00+02:00</sln:waznyOd><sln:wojIIPId>c606b01a-76c8-480d-9470-f24ca0d7a613</sln:wojIIPId><sln:wojIIPPn>PL.PZGIK.200</sln:wojIIPPn><sln:wojIIPWersja>2016-05-05T18:20:48+02:00</sln:wojIIPWersja><sln:wojIdTeryt>30</sln:wojIdTeryt><sln:wojNazwa>wielkopolskie</sln:wojNazwa></sln:miejscowosc><sln:miejscowosc><sln:cyklZyciaOd>2017-03-28T00:00:00+02:00</sln:cyklZyciaOd><sln:gmIIPId>fef752a2-3952-4193-8766-f6a22f7e50cc</sln:gmIIPId><sln:gmIIPPn>PL.PZGIK.200</sln:gmIIPPn><sln:gmIIPWersja>2012-09-26T22:24:38+02:00</sln:gmIIPWersja><sln:gmIdTeryt>3007032</sln:gmIdTeryt><sln:gmNazwa>Ceków-Kolonia</sln:gmNazwa><sln:miejscIIPId>079f5517-7d2e-4aa2-8442-02d122319719</sln:miejscIIPId><sln:miejscIIPPn>PL.PZGIK.200</sln:miejscIIPPn><sln:miejscIIPWersja>2017-03-28T16:07:34+02:00</sln:miejscIIPWersja><sln:miejscIdTeryt>0195191</sln:miejscIdTeryt><sln:miejscNazwa>Beznatka</sln:miejscNazwa><sln:miejscRodzaj>Wieś</sln:miejscRodzaj><sln:powIIPId>a84ca93c-4ad8-494d-95a7-8b1a8c4d4517</sln:powIIPId><sln:powIIPPn>PL.PZGIK.200</sln:powIIPPn><sln:powIIPWersja>2012-09-27T08:59:03+02:00</sln:powIIPWersja><sln:powIdTeryt>3007</sln:powIdTeryt><sln:powNazwa>kaliski</sln:powNazwa><sln:waznyOd>2014-07-14T00:00:00+02:00</sln:waznyOd><sln:wojIIPId>c606b01a-76c8-480d-9470-f24ca0d7a613</sln:wojIIPId><sln:wojIIPPn>PL.PZGIK.200</sln:wojIIPPn><sln:wojIIPWersja>2016-05-05T18:20:48+02:00</sln:wojIIPWersja><sln:wojIdTeryt>30</sln:wojIdTeryt><sln:wojNazwa>wielkopolskie</sln:wojNazwa></sln:miejscowosc><sln:miejscowosc><sln:cyklZyciaOd>2017-03-28T00:00:00+02:00</sln:cyklZyciaOd><sln:gmIIPId>fef752a2-3952-4193-8766-f6a22f7e50cc</sln:gmIIPId><sln:gmIIPPn>PL.PZGIK.200</sln:gmIIPPn><sln:gmIIPWersja>2012-09-26T22:24:38+02:00</sln:gmIIPWersja><sln:gmIdTeryt>3007032</sln:gmIdTeryt><sln:gmNazwa>Ceków-Kolonia</sln:gmNazwa><sln:miejscIIPId>46c3d6ba-0e4c-40cf-ada5-aab4387ddfde</sln:miejscIIPId><sln:miejscIIPPn>PL.PZGIK.200</sln:miejscIIPPn><sln:miejscIIPWersja>2017-03-28T16:07:42+02:00</sln:miejscIIPWersja><sln:miejscIdTeryt>0195200</sln:miejscIdTeryt><sln:miejscNazwa>Korek</sln:miejscNazwa><sln:miejscRodzaj>Inny obiekt</sln:miejscRodzaj><sln:powIIPId>a84ca93c-4ad8-494d-95a7-8b1a8c4d4517</sln:powIIPId><sln:powIIPPn>PL.PZGIK.200</sln:powIIPPn><sln:powIIPWersja>2012-09-27T08:59:03+02:00</sln:powIIPWersja><sln:powIdTeryt>3007</sln:powIdTeryt><sln:powNazwa>kaliski</sln:powNazwa><sln:waznyOd>2014-07-14T00:00:00+02:00</sln:waznyOd><sln:wojIIPId>c606b01a-76c8-480d-9470-f24ca0d7a613</sln:wojIIPId><sln:wojIIPPn>PL.PZGIK.200</sln:wojIIPPn><sln:wojIIPWersja>2016-05-05T18:20:48+02:00</sln:wojIIPWersja><sln:wojIdTeryt>30</sln:wojIdTeryt><sln:wojNazwa>wielkopolskie</sln:wojNazwa></sln:miejscowosc><sln:miejscowosc><sln:cyklZyciaOd>2017-03-28T00:00:00+02:00</sln:cyklZyciaOd><sln:gmIIPId>fef752a2-3952-4193-8766-f6a22f7e50cc</sln:gmIIPId><sln:gmIIPPn>PL.PZGIK.200</sln:gmIIPPn><sln:gmIIPWersja>2012-09-26T22:24:38+02:00</sln:gmIIPWersja><sln:gmIdTeryt>3007032</sln:gmIdTeryt><sln:gmNazwa>Ceków-Kolonia</sln:gmNazwa><sln:miejscIIPId>7bac18ba-c38b-4ba4-9cba-e3c69499ef2a</sln:miejscIIPId><sln:miejscIIPPn>PL.PZGIK.200</sln:miejscIIPPn><sln:miejscIIPWersja>2017-03-28T16:07:42+02:00</sln:miejscIIPWersja><sln:miejscIdTeryt>0195216</sln:miejscIdTeryt><sln:miejscNazwa>Ceków</sln:miejscNazwa><sln:miejscRodzaj>Wieś</sln:miejscRodzaj><sln:powIIPId>a84ca93c-4ad8-494d-95a7-8b1a8c4d4517</sln:powIIPId><sln:powIIPPn>PL.PZGIK.200</sln:powIIPPn><sln:powIIPWersja>2012-09-27T08:59:03+02:00</sln:powIIPWersja><sln:powIdTeryt>3007</sln:powIdTeryt><sln:powNazwa>kaliski</sln:powNazwa><sln:waznyOd>2014-07-14T00:00:00+02:00</sln:waznyOd><sln:wojIIPId>c606b01a-76c8-480d-9470-f24ca0d7a613</sln:wojIIPId><sln:wojIIPPn>PL.PZGIK.200</sln:wojIIPPn><sln:wojIIPWersja>2016-05-05T18:20:48+02:00</sln:wojIIPWersja><sln:wojIdTeryt>30</sln:wojIdTeryt><sln:wojNazwa>wielkopolskie</sln:wojNazwa></sln:miejscowosc><sln:miejscowosc><sln:cyklZyciaOd>2017-03-28T00:00:00+02:00</sln:cyklZyciaOd><sln:gmIIPId>fef752a2-3952-4193-8766-f6a22f7e50cc</sln:gmIIPId><sln:gmIIPPn>PL.PZGIK.200</sln:gmIIPPn><sln:gmIIPWersja>2012-09-26T22:24:38+02:00</sln:gmIIPWersja><sln:gmIdTeryt>3007032</sln:gmIdTeryt><sln:gmNazwa>Ceków-Kolonia</sln:gmNazwa><sln:miejscIIPId>4cba85fd-f3bc-4e3c-b3d6-69fa787730a2</sln:miejscIIPId><sln:miejscIIPPn>PL.PZGIK.200</sln:miejscIIPPn><sln:miejscIIPWersja>2017-03-28T16:07:42+02:00</sln:miejscIIPWersja><sln:miejscIdTeryt>0195222</sln:miejscIdTeryt><sln:miejscNazwa>Olendry</sln:miejscNazwa><sln:miejscRodzaj>Inny obiekt</sln:miejscRodzaj><sln:powIIPId>a84ca93c-4ad8-494d-95a7-8b1a8c4d4517</sln:powIIPId><sln:powIIPPn>PL.PZGIK.200</sln:powIIPPn><sln:powIIPWersja>2012-09-27T08:59:03+02:00</sln:powIIPWersja><sln:powIdTeryt>3007</sln:powIdTeryt><sln:powNazwa>kaliski</sln:powNazwa><sln:waznyOd>2014-07-14T00:00:00+02:00</sln:waznyOd><sln:wojIIPId>c606b01a-76c8-480d-9470-f24ca0d7a613</sln:wojIIPId><sln:wojIIPPn>PL.PZGIK.200</sln:wojIIPPn><sln:wojIIPWersja>2016-05-05T18:20:48+02:00</sln:wojIIPWersja><sln:wojIdTeryt>30</sln:wojIdTeryt><sln:wojNazwa>wielkopolskie</sln:wojNazwa></sln:miejscowosc><sln:miejscowosc><sln:cyklZyciaOd>2017-03-28T00:00:00+02:00</sln:cyklZyciaOd><sln:gmIIPId>fef752a2-3952-4193-8766-f6a22f7e50cc</sln:gmIIPId><sln:gmIIPPn>PL.PZGIK.200</sln:gmIIPPn><sln:gmIIPWersja>2012-09-26T22:24:38+02:00</sln:gmIIPWersja><sln:gmIdTeryt>3007032</sln:gmIdTeryt><sln:gmNazwa>Ceków-Kolonia</sln:gmNazwa><sln:miejscIIPId>edf3bd32-51bd-459a-8255-7778f497dca5</sln:miejscIIPId><sln:miejscIIPPn>PL.PZGIK.200</sln:miejscIIPPn><sln:miejscIIPWersja>2017-03-28T16:07:42+02:00</sln:miejscIIPWersja><sln:miejscIdTeryt>0195239</sln:miejscIdTeryt><sln:miejscNazwa>Ceków-Kolonia</sln:miejscNazwa><sln:miejscRodzaj>Wieś</sln:miejscRodzaj><sln:powIIPId>a84ca93c-4ad8-494d-95a7-8b1a8c4d4517</sln:powIIPId><sln:powIIPPn>PL.PZGIK.200</sln:powIIPPn><sln:powIIPWersja>2012-09-27T08:59:03+02:00</sln:powIIPWersja><sln:powIdTeryt>3007</sln:powIdTeryt><sln:powNazwa>kaliski</sln:powNazwa><sln:waznyOd>2014-07-14T00:00:00+02:00</sln:waznyOd><sln:wojIIPId>c606b01a-76c8-480d-9470-f24ca0d7a613</sln:wojIIPId><sln:wojIIPPn>PL.PZGIK.200</sln:wojIIPPn><sln:wojIIPWersja>2016-05-05T18:20:48+02:00</sln:wojIIPWersja><sln:wojIdTeryt>30</sln:wojIdTeryt><sln:wojNazwa>wielkopolskie</sln:wojNazwa></sln:miejscowosc><sln:miejscowosc><sln:cyklZyciaOd>2017-03-28T00:00:00+02:00</sln:cyklZyciaOd><sln:gmIIPId>fef752a2-3952-4193-8766-f6a22f7e50cc</sln:gmIIPId><sln:gmIIPPn>PL.PZGIK.200</sln:gmIIPPn><sln:gmIIPWersja>2012-09-26T22:24:38+02:00</sln:gmIIPWersja><sln:gmIdTeryt>3007032</sln:gmIdTeryt><sln:gmNazwa>Ceków-Kolonia</sln:gmNazwa><sln:miejscIIPId>da0b228a-f5f6-4f8f-8440-ecbd8ab45045</sln:miejscIIPId><sln:miejscIIPPn>PL.PZGIK.200</sln:miejscIIPPn><sln:miejscIIPWersja>2017-03-28T16:07:42+02:00</sln:miejscIIPWersja><sln:miejscIdTeryt>0195245</sln:miejscIdTeryt><sln:miejscNazwa>Gostynie</sln:miejscNazwa><sln:miejscRodzaj>Wieś</sln:miejscRodzaj><sln:powIIPId>a84ca93c-4ad8-494d-95a7-8b1a8c4d4517</sln:powIIPId><sln:powIIPPn>PL.PZGIK.200</sln:powIIPPn><sln:powIIPWersja>2012-09-27T08:59:03+02:00</sln:powIIPWersja><sln:powIdTeryt>3007</sln:powIdTeryt><sln:powNazwa>kaliski</sln:powNazwa><sln:waznyOd>2014-07-14T00:00:00+02:00</sln:waznyOd><sln:wojIIPId>c606b01a-76c8-480d-9470-f24ca0d7a613</sln:wojIIPId><sln:wojIIPPn>PL.PZGIK.200</sln:wojIIPPn><sln:wojIIPWersja>2016-05-05T18:20:48+02:00</sln:wojIIPWersja><sln:wojIdTeryt>30</sln:wojIdTeryt><sln:wojNazwa>wielkopolskie</sln:wojNazwa></sln:miejscowosc><sln:miejscowosc><sln:cyklZyciaOd>2017-03-28T00:00:00+02:00</sln:cyklZyciaOd><sln:gmIIPId>fef752a2-3952-4193-8766-f6a22f7e50cc</sln:gmIIPId><sln:gmIIPPn>PL.PZGIK.200</sln:gmIIPPn><sln:gmIIPWersja>2012-09-26T22:24:38+02:00</sln:gmIIPWersja><sln:gmIdTeryt>3007032</sln:gmIdTeryt><sln:gmNazwa>Ceków-Kolonia</sln:gmNazwa><sln:miejscIIPId>ea4c56d9-5fe2-4b1d-87fd-1e3359c8d03a</sln:miejscIIPId><sln:miejscIIPPn>PL.PZGIK.200</sln:miejscIIPPn><sln:miejscIIPWersja>2017-03-28T16:07:42+02:00</sln:miejscIIPWersja><sln:miejscIdTeryt>0195251</sln:miejscIdTeryt><sln:miejscNazwa>Radzany</sln:miejscNazwa><sln:miejscRodzaj>Inny obiekt</sln:miejscRodzaj><sln:powIIPId>a84ca93c-4ad8-494d-95a7-8b1a8c4d4517</sln:powIIPId><sln:powIIPPn>PL.PZGIK.200</sln:powIIPPn><sln:powIIPWersja>2012-09-27T08:59:03+02:00</sln:powIIPWersja><sln:powIdTeryt>3007</sln:powIdTeryt><sln:powNazwa>kaliski</sln:powNazwa><sln:waznyOd>2014-07-14T00:00:00+02:00</sln:waznyOd><sln:wojIIPId>c606b01a-76c8-480d-9470-f24ca0d7a613</sln:wojIIPId><sln:wojIIPPn>PL.PZGIK.200</sln:wojIIPPn><sln:wojIIPWersja>2016-05-05T18:20:48+02:00</sln:wojIIPWersja><sln:wojIdTeryt>30</sln:wojIdTeryt><sln:wojNazwa>wielkopolskie</sln:wojNazwa></sln:miejscowosc><sln:miejscowosc><sln:cyklZyciaOd>2017-03-28T00:00:00+02:00</sln:cyklZyciaOd><sln:gmIIPId>fef752a2-3952-4193-8766-f6a22f7e50cc</sln:gmIIPId><sln:gmIIPPn>PL.PZGIK.200</sln:gmIIPPn><sln:gmIIPWersja>2012-09-26T22:24:38+02:00</sln:gmIIPWersja><sln:gmIdTeryt>3007032</sln:gmIdTeryt><sln:gmNazwa>Ceków-Kolonia</sln:gmNazwa><sln:miejscIIPId>75c1e25b-c016-495c-9599-d47f4b8dcfdd</sln:miejscIIPId><sln:miejscIIPPn>PL.PZGIK.200</sln:miejscIIPPn><sln:miejscIIPWersja>2017-03-28T16:07:42+02:00</sln:miejscIIPWersja><sln:miejscIdTeryt>0195268</sln:miejscIdTeryt><sln:miejscNazwa>Szadykierz</sln:miejscNazwa><sln:miejscRodzaj>Inny obiekt</sln:miejscRodzaj><sln:powIIPId>a84ca93c-4ad8-494d-95a7-8b1a8c4d4517</sln:powIIPId><sln:powIIPPn>PL.PZGIK.200</sln:powIIPPn><sln:powIIPWersja>2012-09-27T08:59:03+02:00</sln:powIIPWersja><sln:powIdTeryt>3007</sln:powIdTeryt><sln:powNazwa>kaliski</sln:powNazwa><sln:waznyOd>2014-07-14T00:00:00+02:00</sln:waznyOd><sln:wojIIPId>c606b01a-76c8-480d-9470-f24ca0d7a613</sln:wojIIPId><sln:wojIIPPn>PL.PZGIK.200</sln:wojIIPPn><sln:wojIIPWersja>2016-05-05T18:20:48+02:00</sln:wojIIPWersja><sln:wojIdTeryt>30</sln:wojIdTeryt><sln:wojNazwa>wielkopolskie</sln:wojNazwa></sln:miejscowosc><sln:miejscowosc><sln:cyklZyciaOd>2017-03-28T00:00:00+02:00</sln:cyklZyciaOd><sln:gmIIPId>fef752a2-3952-4193-8766-f6a22f7e50cc</sln:gmIIPId><sln:gmIIPPn>PL.PZGIK.200</sln:gmIIPPn><sln:gmIIPWersja>2012-09-26T22:24:38+02:00</sln:gmIIPWersja><sln:gmIdTeryt>3007032</sln:gmIdTeryt><sln:gmNazwa>Ceków-Kolonia</sln:gmNazwa><sln:miejscIIPId>cc50739f-60d4-4739-ad5f-a56053cff247</sln:miejscIIPId><sln:miejscIIPPn>PL.PZGIK.200</sln:miejscIIPPn><sln:miejscIIPWersja>2017-03-28T16:07:42+02:00</sln:miejscIIPWersja><sln:miejscIdTeryt>0195274</sln:miejscIdTeryt><sln:miejscNazwa>Kamień</sln:miejscNazwa><sln:miejscRodzaj>Wieś</sln:miejscRodzaj><sln:powIIPId>a84ca93c-4ad8-494d-95a7-8b1a8c4d4517</sln:powIIPId><sln:powIIPPn>PL.PZGIK.200</sln:powIIPPn><sln:powIIPWersja>2012-09-27T08:59:03+02:00</sln:powIIPWersja><sln:powIdTeryt>3007</sln:powIdTeryt><sln:powNazwa>kaliski</sln:powNazwa><sln:waznyOd>2014-07-14T00:00:00+02:00</sln:waznyOd><sln:wojIIPId>c606b01a-76c8-480d-9470-f24ca0d7a613</sln:wojIIPId><sln:wojIIPPn>PL.PZGIK.200</sln:wojIIPPn><sln:wojIIPWersja>2016-05-05T18:20:48+02:00</sln:wojIIPWersja><sln:wojIdTeryt>30</sln:wojIdTeryt><sln:wojNazwa>wielkopolskie</sln:wojNazwa></sln:miejscowosc><sln:miejscowosc><sln:cyklZyciaOd>2017-03-28T00:00:00+02:00</sln:cyklZyciaOd><sln:gmIIPId>fef752a2-3952-4193-8766-f6a22f7e50cc</sln:gmIIPId><sln:gmIIPPn>PL.PZGIK.200</sln:gmIIPPn><sln:gmIIPWersja>2012-09-26T22:24:38+02:00</sln:gmIIPWersja><sln:gmIdTeryt>3007032</sln:gmIdTeryt><sln:gmNazwa>Ceków-Kolonia</sln:gmNazwa><sln:miejscIIPId>f02797f6-2dfb-4da8-8c42-b60dc82f7604</sln:miejscIIPId><sln:miejscIIPPn>PL.PZGIK.200</sln:miejscIIPPn><sln:miejscIIPWersja>2017-03-28T16:07:43+02:00</sln:miejscIIPWersja><sln:miejscIdTeryt>0195280</sln:miejscIdTeryt><sln:miejscNazwa>Bystrek</sln:miejscNazwa><sln:miejscRodzaj>Inny obiekt</sln:miejscRodzaj><sln:powIIPId>a84ca93c-4ad8-494d-95a7-8b1a8c4d4517</sln:powIIPId><sln:powIIPPn>PL.PZGIK.200</sln:powIIPPn><sln:powIIPWersja>2012-09-27T08:59:03+02:00</sln:powIIPWersja><sln:powIdTeryt>3007</sln:powIdTeryt><sln:powNazwa>kaliski</sln:powNazwa><sln:waznyOd>2014-07-14T00:00:00+02:00</sln:waznyOd><sln:wojIIPId>c606b01a-76c8-480d-9470-f24ca0d7a613</sln:wojIIPId><sln:wojIIPPn>PL.PZGIK.200</sln:wojIIPPn><sln:wojIIPWersja>2016-05-05T18:20:48+02:00</sln:wojIIPWersja><sln:wojIdTeryt>30</sln:wojIdTeryt><sln:wojNazwa>wielkopolskie</sln:wojNazwa></sln:miejscowosc><sln:miejscowosc><sln:cyklZyciaOd>2017-03-28T00:00:00+02:00</sln:cyklZyciaOd><sln:gmIIPId>fef752a2-3952-4193-8766-f6a22f7e50cc</sln:gmIIPId><sln:gmIIPPn>PL.PZGIK.200</sln:gmIIPPn><sln:gmIIPWersja>2012-09-26T22:24:38+02:00</sln:gmIIPWersja><sln:gmIdTeryt>3007032</sln:gmIdTeryt><sln:gmNazwa>Ceków-Kolonia</sln:gmNazwa><sln:miejscIIPId>2bbde2cd-75a8-470e-8980-bfb7a3b09d81</sln:miejscIIPId><sln:miejscIIPPn>PL.PZGIK.200</sln:miejscIIPPn><sln:miejscIIPWersja>2017-03-28T16:07:43+02:00</sln:miejscIIPWersja><sln:miejscIdTeryt>0195297</sln:miejscIdTeryt><sln:miejscNazwa>Cierpiatka</sln:miejscNazwa><sln:miejscRodzaj>Inny obiekt</sln:miejscRodzaj><sln:powIIPId>a84ca93c-4ad8-494d-95a7-8b1a8c4d4517</sln:powIIPId><sln:powIIPPn>PL.PZGIK.200</sln:powIIPPn><sln:powIIPWersja>2012-09-27T08:59:03+02:00</sln:powIIPWersja><sln:powIdTeryt>3007</sln:powIdTeryt><sln:powNazwa>kaliski</sln:powNazwa><sln:waznyOd>2014-07-14T00:00:00+02:00</sln:waznyOd><sln:wojIIPId>c606b01a-76c8-480d-9470-f24ca0d7a613</sln:wojIIPId><sln:wojIIPPn>PL.PZGIK.200</sln:wojIIPPn><sln:wojIIPWersja>2016-05-05T18:20:48+02:00</sln:wojIIPWersja><sln:wojIdTeryt>30</sln:wojIdTeryt><sln:wojNazwa>wielkopolskie</sln:wojNazwa></sln:miejscowosc><sln:miejscowosc><sln:cyklZyciaOd>2017-03-28T00:00:00+02:00</sln:cyklZyciaOd><sln:gmIIPId>fef752a2-3952-4193-8766-f6a22f7e50cc</sln:gmIIPId><sln:gmIIPPn>PL.PZGIK.200</sln:gmIIPPn><sln:gmIIPWersja>2012-09-26T22:24:38+02:00</sln:gmIIPWersja><sln:gmIdTeryt>3007032</sln:gmIdTeryt><sln:gmNazwa>Ceków-Kolonia</sln:gmNazwa><sln:miejscIIPId>33eebd74-5da3-4803-a915-3912ff27ce3b</sln:miejscIIPId><sln:miejscIIPPn>PL.PZGIK.200</sln:miejscIIPPn><sln:miejscIIPWersja>2017-03-28T16:07:43+02:00</sln:miejscIIPWersja><sln:miejscIdTeryt>0195305</sln:miejscIdTeryt><sln:miejscNazwa>Kamień-Kolonia</sln:miejscNazwa><sln:miejscRodzaj>Inny obiekt</sln:miejscRodzaj><sln:powIIPId>a84ca93c-4ad8-494d-95a7-8b1a8c4d4517</sln:powIIPId><sln:powIIPPn>PL.PZGIK.200</sln:powIIPPn><sln:powIIPWersja>2012-09-27T08:59:03+02:00</sln:powIIPWersja><sln:powIdTeryt>3007</sln:powIdTeryt><sln:powNazwa>kaliski</sln:powNazwa><sln:waznyOd>2014-07-14T00:00:00+02:00</sln:waznyOd><sln:wojIIPId>c606b01a-76c8-480d-9470-f24ca0d7a613</sln:wojIIPId><sln:wojIIPPn>PL.PZGIK.200</sln:wojIIPPn><sln:wojIIPWersja>2016-05-05T18:20:48+02:00</sln:wojIIPWersja><sln:wojIdTeryt>30</sln:wojIdTeryt><sln:wojNazwa>wielkopolskie</sln:wojNazwa></sln:miejscowosc><sln:miejscowosc><sln:cyklZyciaOd>2017-03-28T00:00:00+02:00</sln:cyklZyciaOd><sln:gmIIPId>fef752a2-3952-4193-8766-f6a22f7e50cc</sln:gmIIPId><sln:gmIIPPn>PL.PZGIK.200</sln:gmIIPPn><sln:gmIIPWersja>2012-09-26T22:24:38+02:00</sln:gmIIPWersja><sln:gmIdTeryt>3007032</sln:gmIdTeryt><sln:gmNazwa>Ceków-Kolonia</sln:gmNazwa><sln:miejscIIPId>43763403-e91e-4f8b-b993-6ab84db73d90</sln:miejscIIPId><sln:miejscIIPPn>PL.PZGIK.200</sln:miejscIIPPn><sln:miejscIIPWersja>2017-03-28T16:07:43+02:00</sln:miejscIIPWersja><sln:miejscIdTeryt>0195311</sln:miejscIdTeryt><sln:miejscNazwa>Magdalenów</sln:miejscNazwa><sln:miejscRodzaj>Inny obiekt</sln:miejscRodzaj><sln:powIIPId>a84ca93c-4ad8-494d-95a7-8b1a8c4d4517</sln:powIIPId><sln:powIIPPn>PL.PZGIK.200</sln:powIIPPn><sln:powIIPWersja>2012-09-27T08:59:03+02:00</sln:powIIPWersja><sln:powIdTeryt>3007</sln:powIdTeryt><sln:powNazwa>kaliski</sln:powNazwa><sln:waznyOd>2014-07-14T00:00:00+02:00</sln:waznyOd><sln:wojIIPId>c606b01a-76c8-480d-9470-f24ca0d7a613</sln:wojIIPId><sln:wojIIPPn>PL.PZGIK.200</sln:wojIIPPn><sln:wojIIPWersja>2016-05-05T18:20:48+02:00</sln:wojIIPWersja><sln:wojIdTeryt>30</sln:wojIdTeryt><sln:wojNazwa>wielkopolskie</sln:wojNazwa></sln:miejscowosc><sln:miejscowosc><sln:cyklZyciaOd>2017-03-28T00:00:00+02:00</sln:cyklZyciaOd><sln:gmIIPId>fef752a2-3952-4193-8766-f6a22f7e50cc</sln:gmIIPId><sln:gmIIPPn>PL.PZGIK.200</sln:gmIIPPn><sln:gmIIPWersja>2012-09-26T22:24:38+02:00</sln:gmIIPWersja><sln:gmIdTeryt>3007032</sln:gmIdTeryt><sln:gmNazwa>Ceków-Kolonia</sln:gmNazwa><sln:miejscIIPId>8098c95c-cedb-449e-a396-8c44635115d1</sln:miejscIIPId><sln:miejscIIPPn>PL.PZGIK.200</sln:miejscIIPPn><sln:miejscIIPWersja>2017-03-28T16:07:43+02:00</sln:miejscIIPWersja><sln:miejscIdTeryt>0195328</sln:miejscIdTeryt><sln:miejscNazwa>Orzeł</sln:miejscNazwa><sln:miejscRodzaj>Inny obiekt</sln:miejscRodzaj><sln:powIIPId>a84ca93c-4ad8-494d-95a7-8b1a8c4d4517</sln:powIIPId><sln:powIIPPn>PL.PZGIK.200</sln:powIIPPn><sln:powIIPWersja>2012-09-27T08:59:03+02:00</sln:powIIPWersja><sln:powIdTeryt>3007</sln:powIdTeryt><sln:powNazwa>kaliski</sln:powNazwa><sln:waznyOd>2014-07-14T00:00:00+02:00</sln:waznyOd><sln:wojIIPId>c606b01a-76c8-480d-9470-f24ca0d7a613</sln:wojIIPId><sln:wojIIPPn>PL.PZGIK.200</sln:wojIIPPn><sln:wojIIPWersja>2016-05-05T18:20:48+02:00</sln:wojIIPWersja><sln:wojIdTeryt>30</sln:wojIdTeryt><sln:wojNazwa>wielkopolskie</sln:wojNazwa></sln:miejscowosc><sln:miejscowosc><sln:cyklZyciaOd>2017-03-28T00:00:00+02:00</sln:cyklZyciaOd><sln:gmIIPId>fef752a2-3952-4193-8766-f6a22f7e50cc</sln:gmIIPId><sln:gmIIPPn>PL.PZGIK.200</sln:gmIIPPn><sln:gmIIPWersja>2012-09-26T22:24:38+02:00</sln:gmIIPWersja><sln:gmIdTeryt>3007032</sln:gmIdTeryt><sln:gmNazwa>Ceków-Kolonia</sln:gmNazwa><sln:miejscIIPId>90a91c95-0344-4f25-8622-a84f768724bd</sln:miejscIIPId><sln:miejscIIPPn>PL.PZGIK.200</sln:miejscIIPPn><sln:miejscIIPWersja>2017-03-28T16:07:43+02:00</sln:miejscIIPWersja><sln:miejscIdTeryt>0195334</sln:miejscIdTeryt><sln:miejscNazwa>Kosmów</sln:miejscNazwa><sln:miejscRodzaj>Wieś</sln:miejscRodzaj><sln:powIIPId>a84ca93c-4ad8-494d-95a7-8b1a8c4d4517</sln:powIIPId><sln:powIIPPn>PL.PZGIK.200</sln:powIIPPn><sln:powIIPWersja>2012-09-27T08:59:03+02:00</sln:powIIPWersja><sln:powIdTeryt>3007</sln:powIdTeryt><sln:powNazwa>kaliski</sln:powNazwa><sln:waznyOd>2014-07-14T00:00:00+02:00</sln:waznyOd><sln:wojIIPId>c606b01a-76c8-480d-9470-f24ca0d7a613</sln:wojIIPId><sln:wojIIPPn>PL.PZGIK.200</sln:wojIIPPn><sln:wojIIPWersja>2016-05-05T18:20:48+02:00</sln:wojIIPWersja><sln:wojIdTeryt>30</sln:wojIdTeryt><sln:wojNazwa>wielkopolskie</sln:wojNazwa></sln:miejscowosc><sln:miejscowosc><sln:cyklZyciaOd>2017-03-28T00:00:00+02:00</sln:cyklZyciaOd><sln:gmIIPId>fef752a2-3952-4193-8766-f6a22f7e50cc</sln:gmIIPId><sln:gmIIPPn>PL.PZGIK.200</sln:gmIIPPn><sln:gmIIPWersja>2012-09-26T22:24:38+02:00</sln:gmIIPWersja><sln:gmIdTeryt>3007032</sln:gmIdTeryt><sln:gmNazwa>Ceków-Kolonia</sln:gmNazwa><sln:miejscIIPId>794692c0-91e4-4025-955a-8b23c6f1e625</sln:miejscIIPId><sln:miejscIIPPn>PL.PZGIK.200</sln:miejscIIPPn><sln:miejscIIPWersja>2017-03-28T16:07:43+02:00</sln:miejscIIPWersja><sln:miejscIdTeryt>0195340</sln:miejscIdTeryt><sln:miejscNazwa>Malcówka</sln:miejscNazwa><sln:miejscRodzaj>Inny obiekt</sln:miejscRodzaj><sln:powIIPId>a84ca93c-4ad8-494d-95a7-8b1a8c4d4517</sln:powIIPId><sln:powIIPPn>PL.PZGIK.200</sln:powIIPPn><sln:powIIPWersja>2012-09-27T08:59:03+02:00</sln:powIIPWersja><sln:powIdTeryt>3007</sln:powIdTeryt><sln:powNazwa>kaliski</sln:powNazwa><sln:waznyOd>2014-07-14T00:00:00+02:00</sln:waznyOd><sln:wojIIPId>c606b01a-76c8-480d-9470-f24ca0d7a613</sln:wojIIPId><sln:wojIIPPn>PL.PZGIK.200</sln:wojIIPPn><sln:wojIIPWersja>2016-05-05T18:20:48+02:00</sln:wojIIPWersja><sln:wojIdTeryt>30</sln:wojIdTeryt><sln:wojNazwa>wielkopolskie</sln:wojNazwa></sln:miejscowosc><sln:miejscowosc><sln:cyklZyciaOd>2017-03-28T00:00:00+02:00</sln:cyklZyciaOd><sln:gmIIPId>fef752a2-3952-4193-8766-f6a22f7e50cc</sln:gmIIPId><sln:gmIIPPn>PL.PZGIK.200</sln:gmIIPPn><sln:gmIIPWersja>2012-09-26T22:24:38+02:00</sln:gmIIPWersja><sln:gmIdTeryt>3007032</sln:gmIdTeryt><sln:gmNazwa>Ceków-Kolonia</sln:gmNazwa><sln:miejscIIPId>a4c0960d-9086-4e33-973e-f5997273a3ac</sln:miejscIIPId><sln:miejscIIPPn>PL.PZGIK.200</sln:miejscIIPPn><sln:miejscIIPWersja>2017-03-28T16:07:43+02:00</sln:miejscIIPWersja><sln:miejscIdTeryt>0195357</sln:miejscIdTeryt><sln:miejscNazwa>Kosmów-Kolonia</sln:miejscNazwa><sln:miejscRodzaj>Wieś</sln:miejscRodzaj><sln:powIIPId>a84ca93c-4ad8-494d-95a7-8b1a8c4d4517</sln:powIIPId><sln:powIIPPn>PL.PZGIK.200</sln:powIIPPn><sln:powIIPWersja>2012-09-27T08:59:03+02:00</sln:powIIPWersja><sln:powIdTeryt>3007</sln:powIdTeryt><sln:powNazwa>kaliski</sln:powNazwa><sln:waznyOd>2014-07-14T00:00:00+02:00</sln:waznyOd><sln:wojIIPId>c606b01a-76c8-480d-9470-f24ca0d7a613</sln:wojIIPId><sln:wojIIPPn>PL.PZGIK.200</sln:wojIIPPn><sln:wojIIPWersja>2016-05-05T18:20:48+02:00</sln:wojIIPWersja><sln:wojIdTeryt>30</sln:wojIdTeryt><sln:wojNazwa>wielkopolskie</sln:wojNazwa></sln:miejscowosc><sln:miejscowosc><sln:cyklZyciaOd>2017-03-28T00:00:00+02:00</sln:cyklZyciaOd><sln:gmIIPId>fef752a2-3952-4193-8766-f6a22f7e50cc</sln:gmIIPId><sln:gmIIPPn>PL.PZGIK.200</sln:gmIIPPn><sln:gmIIPWersja>2012-09-26T22:24:38+02:00</sln:gmIIPWersja><sln:gmIdTeryt>3007032</sln:gmIdTeryt><sln:gmNazwa>Ceków-Kolonia</sln:gmNazwa><sln:miejscIIPId>9a496106-607c-4321-bcf5-f1de169712ba</sln:miejscIIPId><sln:miejscIIPPn>PL.PZGIK.200</sln:miejscIIPPn><sln:miejscIIPWersja>2017-03-28T16:07:43+02:00</sln:miejscIIPWersja><sln:miejscIdTeryt>0195370</sln:miejscIdTeryt><sln:miejscNazwa>Kuźnica</sln:miejscNazwa><sln:miejscRodzaj>Wieś</sln:miejscRodzaj><sln:powIIPId>a84ca93c-4ad8-494d-95a7-8b1a8c4d4517</sln:powIIPId><sln:powIIPPn>PL.PZGIK.200</sln:powIIPPn><sln:powIIPWersja>2012-09-27T08:59:03+02:00</sln:powIIPWersja><sln:powIdTeryt>3007</sln:powIdTeryt><sln:powNazwa>kaliski</sln:powNazwa><sln:waznyOd>2014-07-14T00:00:00+02:00</sln:waznyOd><sln:wojIIPId>c606b01a-76c8-480d-9470-f24ca0d7a613</sln:wojIIPId><sln:wojIIPPn>PL.PZGIK.200</sln:wojIIPPn><sln:wojIIPWersja>2016-05-05T18:20:48+02:00</sln:wojIIPWersja><sln:wojIdTeryt>30</sln:wojIdTeryt><sln:wojNazwa>wielkopolskie</sln:wojNazwa></sln:miejscowosc><sln:miejscowosc><sln:cyklZyciaOd>2017-03-28T00:00:00+02:00</sln:cyklZyciaOd><sln:gmIIPId>fef752a2-3952-4193-8766-f6a22f7e50cc</sln:gmIIPId><sln:gmIIPPn>PL.PZGIK.200</sln:gmIIPPn><sln:gmIIPWersja>2012-09-26T22:24:38+02:00</sln:gmIIPWersja><sln:gmIdTeryt>3007032</sln:gmIdTeryt><sln:gmNazwa>Ceków-Kolonia</sln:gmNazwa><sln:miejscIIPId>31c4ec8a-52a6-4faf-9866-2a6a502a60a5</sln:miejscIIPId><sln:miejscIIPPn>PL.PZGIK.200</sln:miejscIIPPn><sln:miejscIIPWersja>2017-03-28T16:07:43+02:00</sln:miejscIIPWersja><sln:miejscIdTeryt>0195386</sln:miejscIdTeryt><sln:miejscNazwa>Morawin</sln:miejscNazwa><sln:miejscRodzaj>Wieś</sln:miejscRodzaj><sln:powIIPId>a84ca93c-4ad8-494d-95a7-8b1a8c4d4517</sln:powIIPId><sln:powIIPPn>PL.PZGIK.200</sln:powIIPPn><sln:powIIPWersja>2012-09-27T08:59:03+02:00</sln:powIIPWersja><sln:powIdTeryt>3007</sln:powIdTeryt><sln:powNazwa>kaliski</sln:powNazwa><sln:waznyOd>2014-07-14T00:00:00+02:00</sln:waznyOd><sln:wojIIPId>c606b01a-76c8-480d-9470-f24ca0d7a613</sln:wojIIPId><sln:wojIIPPn>PL.PZGIK.200</sln:wojIIPPn><sln:wojIIPWersja>2016-05-05T18:20:48+02:00</sln:wojIIPWersja><sln:wojIdTeryt>30</sln:wojIdTeryt><sln:wojNazwa>wielkopolskie</sln:wojNazwa></sln:miejscowosc><sln:miejscowosc><sln:cyklZyciaOd>2017-03-28T00:00:00+02:00</sln:cyklZyciaOd><sln:gmIIPId>fef752a2-3952-4193-8766-f6a22f7e50cc</sln:gmIIPId><sln:gmIIPPn>PL.PZGIK.200</sln:gmIIPPn><sln:gmIIPWersja>2012-09-26T22:24:38+02:00</sln:gmIIPWersja><sln:gmIdTeryt>3007032</sln:gmIdTeryt><sln:gmNazwa>Ceków-Kolonia</sln:gmNazwa><sln:miejscIIPId>e5573c6e-942b-495c-882e-43917375e4a3</sln:miejscIIPId><sln:miejscIIPPn>PL.PZGIK.200</sln:miejscIIPPn><sln:miejscIIPWersja>2017-03-28T16:07:43+02:00</sln:miejscIIPWersja><sln:miejscIdTeryt>0195392</sln:miejscIdTeryt><sln:miejscNazwa>Nowa Plewnia</sln:miejscNazwa><sln:miejscRodzaj>Wieś</sln:miejscRodzaj><sln:powIIPId>a84ca93c-4ad8-494d-95a7-8b1a8c4d4517</sln:powIIPId><sln:powIIPPn>PL.PZGIK.200</sln:powIIPPn><sln:powIIPWersja>2012-09-27T08:59:03+02:00</sln:powIIPWersja><sln:powIdTeryt>3007</sln:powIdTeryt><sln:powNazwa>kaliski</sln:powNazwa><sln:waznyOd>2014-07-14T00:00:00+02:00</sln:waznyOd><sln:wojIIPId>c606b01a-76c8-480d-9470-f24ca0d7a613</sln:wojIIPId><sln:wojIIPPn>PL.PZGIK.200</sln:wojIIPPn><sln:wojIIPWersja>2016-05-05T18:20:48+02:00</sln:wojIIPWersja><sln:wojIdTeryt>30</sln:wojIdTeryt><sln:wojNazwa>wielkopolskie</sln:wojNazwa></sln:miejscowosc><sln:miejscowosc><sln:cyklZyciaOd>2017-03-28T00:00:00+02:00</sln:cyklZyciaOd><sln:gmIIPId>fef752a2-3952-4193-8766-f6a22f7e50cc</sln:gmIIPId><sln:gmIIPPn>PL.PZGIK.200</sln:gmIIPPn><sln:gmIIPWersja>2012-09-26T22:24:38+02:00</sln:gmIIPWersja><sln:gmIdTeryt>3007032</sln:gmIdTeryt><sln:gmNazwa>Ceków-Kolonia</sln:gmNazwa><sln:miejscIIPId>a133327c-d46e-44b7-9cf7-4c249b6a9f6f</sln:miejscIIPId><sln:miejscIIPPn>PL.PZGIK.200</sln:miejscIIPPn><sln:miejscIIPWersja>2017-03-28T16:07:43+02:00</sln:miejscIIPWersja><sln:miejscIdTeryt>0195400</sln:miejscIdTeryt><sln:miejscNazwa>Nowe Prażuchy</sln:miejscNazwa><sln:miejscRodzaj>Wieś</sln:miejscRodzaj><sln:powIIPId>a84ca93c-4ad8-494d-95a7-8b1a8c4d4517</sln:powIIPId><sln:powIIPPn>PL.PZGIK.200</sln:powIIPPn><sln:powIIPWersja>2012-09-27T08:59:03+02:00</sln:powIIPWersja><sln:powIdTeryt>3007</sln:powIdTeryt><sln:powNazwa>kaliski</sln:powNazwa><sln:waznyOd>2014-07-14T00:00:00+02:00</sln:waznyOd><sln:wojIIPId>c606b01a-76c8-480d-9470-f24ca0d7a613</sln:wojIIPId><sln:wojIIPPn>PL.PZGIK.200</sln:wojIIPPn><sln:wojIIPWersja>2016-05-05T18:20:48+02:00</sln:wojIIPWersja><sln:wojIdTeryt>30</sln:wojIdTeryt><sln:wojNazwa>wielkopolskie</sln:wojNazwa></sln:miejscowosc><sln:miejscowosc><sln:cyklZyciaOd>2017-03-28T00:00:00+02:00</sln:cyklZyciaOd><sln:gmIIPId>fef752a2-3952-4193-8766-f6a22f7e50cc</sln:gmIIPId><sln:gmIIPPn>PL.PZGIK.200</sln:gmIIPPn><sln:gmIIPWersja>2012-09-26T22:24:38+02:00</sln:gmIIPWersja><sln:gmIdTeryt>3007032</sln:gmIdTeryt><sln:gmNazwa>Ceków-Kolonia</sln:gmNazwa><sln:miejscIIPId>0bd40c48-d381-46ed-a573-63161e5a9198</sln:miejscIIPId><sln:miejscIIPPn>PL.PZGIK.200</sln:miejscIIPPn><sln:miejscIIPWersja>2017-03-28T16:07:43+02:00</sln:miejscIIPWersja><sln:miejscIdTeryt>0195417</sln:miejscIdTeryt><sln:miejscNazwa>Bielawy</sln:miejscNazwa><sln:miejscRodzaj>Inny obiekt</sln:miejscRodzaj><sln:powIIPId>a84ca93c-4ad8-494d-95a7-8b1a8c4d4517</sln:powIIPId><sln:powIIPPn>PL.PZGIK.200</sln:powIIPPn><sln:powIIPWersja>2012-09-27T08:59:03+02:00</sln:powIIPWersja><sln:powIdTeryt>3007</sln:powIdTeryt><sln:powNazwa>kaliski</sln:powNazwa><sln:waznyOd>2014-07-14T00:00:00+02:00</sln:waznyOd><sln:wojIIPId>c606b01a-76c8-480d-9470-f24ca0d7a613</sln:wojIIPId><sln:wojIIPPn>PL.PZGIK.200</sln:wojIIPPn><sln:wojIIPWersja>2016-05-05T18:20:48+02:00</sln:wojIIPWersja><sln:wojIdTeryt>30</sln:wojIdTeryt><sln:wojNazwa>wielkopolskie</sln:wojNazwa></sln:miejscowosc><sln:miejscowosc><sln:cyklZyciaOd>2017-03-28T00:00:00+02:00</sln:cyklZyciaOd><sln:gmIIPId>fef752a2-3952-4193-8766-f6a22f7e50cc</sln:gmIIPId><sln:gmIIPPn>PL.PZGIK.200</sln:gmIIPPn><sln:gmIIPWersja>2012-09-26T22:24:38+02:00</sln:gmIIPWersja><sln:gmIdTeryt>3007032</sln:gmIdTeryt><sln:gmNazwa>Ceków-Kolonia</sln:gmNazwa><sln:miejscIIPId>150467e2-c096-436c-8237-dd234d6170fe</sln:miejscIIPId><sln:miejscIIPPn>PL.PZGIK.200</sln:miejscIIPPn><sln:miejscIIPWersja>2017-03-28T16:07:44+02:00</sln:miejscIIPWersja><sln:miejscIdTeryt>0195430</sln:miejscIdTeryt><sln:miejscNazwa>Orli Staw</sln:miejscNazwa><sln:miejscRodzaj>Inny obiekt</sln:miejscRodzaj><sln:powIIPId>a84ca93c-4ad8-494d-95a7-8b1a8c4d4517</sln:powIIPId><sln:powIIPPn>PL.PZGIK.200</sln:powIIPPn><sln:powIIPWersja>2012-09-27T08:59:03+02:00</sln:powIIPWersja><sln:powIdTeryt>3007</sln:powIdTeryt><sln:powNazwa>kaliski</sln:powNazwa><sln:waznyOd>2014-07-14T00:00:00+02:00</sln:waznyOd><sln:wojIIPId>c606b01a-76c8-480d-9470-f24ca0d7a613</sln:wojIIPId><sln:wojIIPPn>PL.PZGIK.200</sln:wojIIPPn><sln:wojIIPWersja>2016-05-05T18:20:48+02:00</sln:wojIIPWersja><sln:wojIdTeryt>30</sln:wojIdTeryt><sln:wojNazwa>wielkopolskie</sln:wojNazwa></sln:miejscowosc><sln:miejscowosc><sln:cyklZyciaOd>2017-03-28T00:00:00+02:00</sln:cyklZyciaOd><sln:gmIIPId>fef752a2-3952-4193-8766-f6a22f7e50cc</sln:gmIIPId><sln:gmIIPPn>PL.PZGIK.200</sln:gmIIPPn><sln:gmIIPWersja>2012-09-26T22:24:38+02:00</sln:gmIIPWersja><sln:gmIdTeryt>3007032</sln:gmIdTeryt><sln:gmNazwa>Ceków-Kolonia</sln:gmNazwa><sln:miejscIIPId>f03e9d33-7390-4331-8867-fb7c4425c1cc</sln:miejscIIPId><sln:miejscIIPPn>PL.PZGIK.200</sln:miejscIIPPn><sln:miejscIIPWersja>2017-03-28T16:07:44+02:00</sln:miejscIIPWersja><sln:miejscIdTeryt>0195446</sln:miejscIdTeryt><sln:miejscNazwa>Plewnia</sln:miejscNazwa><sln:miejscRodzaj>Wieś</sln:miejscRodzaj><sln:powIIPId>a84ca93c-4ad8-494d-95a7-8b1a8c4d4517</sln:powIIPId><sln:powIIPPn>PL.PZGIK.200</sln:powIIPPn><sln:powIIPWersja>2012-09-27T08:59:03+02:00</sln:powIIPWersja><sln:powIdTeryt>3007</sln:powIdTeryt><sln:powNazwa>kaliski</sln:powNazwa><sln:waznyOd>2014-07-14T00:00:00+02:00</sln:waznyOd><sln:wojIIPId>c606b01a-76c8-480d-9470-f24ca0d7a613</sln:wojIIPId><sln:wojIIPPn>PL.PZGIK.200</sln:wojIIPPn><sln:wojIIPWersja>2016-05-05T18:20:48+02:00</sln:wojIIPWersja><sln:wojIdTeryt>30</sln:wojIdTeryt><sln:wojNazwa>wielkopolskie</sln:wojNazwa></sln:miejscowosc><sln:miejscowosc><sln:cyklZyciaOd>2017-03-28T00:00:00+02:00</sln:cyklZyciaOd><sln:gmIIPId>fef752a2-3952-4193-8766-f6a22f7e50cc</sln:gmIIPId><sln:gmIIPPn>PL.PZGIK.200</sln:gmIIPPn><sln:gmIIPWersja>2012-09-26T22:24:38+02:00</sln:gmIIPWersja><sln:gmIdTeryt>3007032</sln:gmIdTeryt><sln:gmNazwa>Ceków-Kolonia</sln:gmNazwa><sln:miejscIIPId>69041ca9-897b-48e0-9721-dc7503dabad6</sln:miejscIIPId><sln:miejscIIPPn>PL.PZGIK.200</sln:miejscIIPPn><sln:miejscIIPWersja>2017-03-28T16:07:44+02:00</sln:miejscIIPWersja><sln:miejscIdTeryt>0195452</sln:miejscIdTeryt><sln:miejscNazwa>Podzborów</sln:miejscNazwa><sln:miejscRodzaj>Wieś</sln:miejscRodzaj><sln:powIIPId>a84ca93c-4ad8-494d-95a7-8b1a8c4d4517</sln:powIIPId><sln:powIIPPn>PL.PZGIK.200</sln:powIIPPn><sln:powIIPWersja>2012-09-27T08:59:03+02:00</sln:powIIPWersja><sln:powIdTeryt>3007</sln:powIdTeryt><sln:powNazwa>kaliski</sln:powNazwa><sln:waznyOd>2014-07-14T00:00:00+02:00</sln:waznyOd><sln:wojIIPId>c606b01a-76c8-480d-9470-f24ca0d7a613</sln:wojIIPId><sln:wojIIPPn>PL.PZGIK.200</sln:wojIIPPn><sln:wojIIPWersja>2016-05-05T18:20:48+02:00</sln:wojIIPWersja><sln:wojIdTeryt>30</sln:wojIdTeryt><sln:wojNazwa>wielkopolskie</sln:wojNazwa></sln:miejscowosc><sln:miejscowosc><sln:cyklZyciaOd>2017-03-28T00:00:00+02:00</sln:cyklZyciaOd><sln:gmIIPId>fef752a2-3952-4193-8766-f6a22f7e50cc</sln:gmIIPId><sln:gmIIPPn>PL.PZGIK.200</sln:gmIIPPn><sln:gmIIPWersja>2012-09-26T22:24:38+02:00</sln:gmIIPWersja><sln:gmIdTeryt>3007032</sln:gmIdTeryt><sln:gmNazwa>Ceków-Kolonia</sln:gmNazwa><sln:miejscIIPId>fb29b085-2f6f-42b4-a2bf-8099a3192d37</sln:miejscIIPId><sln:miejscIIPPn>PL.PZGIK.200</sln:miejscIIPPn><sln:miejscIIPWersja>2017-03-28T16:07:44+02:00</sln:miejscIIPWersja><sln:miejscIdTeryt>0195469</sln:miejscIdTeryt><sln:miejscNazwa>Przedzeń</sln:miejscNazwa><sln:miejscRodzaj>Wieś</sln:miejscRodzaj><sln:powIIPId>a84ca93c-4ad8-494d-95a7-8b1a8c4d4517</sln:powIIPId><sln:powIIPPn>PL.PZGIK.200</sln:powIIPPn><sln:powIIPWersja>2012-09-27T08:59:03+02:00</sln:powIIPWersja><sln:powIdTeryt>3007</sln:powIdTeryt><sln:powNazwa>kaliski</sln:powNazwa><sln:waznyOd>2014-07-14T00:00:00+02:00</sln:waznyOd><sln:wojIIPId>c606b01a-76c8-480d-9470-f24ca0d7a613</sln:wojIIPId><sln:wojIIPPn>PL.PZGIK.200</sln:wojIIPPn><sln:wojIIPWersja>2016-05-05T18:20:48+02:00</sln:wojIIPWersja><sln:wojIdTeryt>30</sln:wojIdTeryt><sln:wojNazwa>wielkopolskie</sln:wojNazwa></sln:miejscowosc><sln:miejscowosc><sln:cyklZyciaOd>2017-03-28T00:00:00+02:00</sln:cyklZyciaOd><sln:gmIIPId>fef752a2-3952-4193-8766-f6a22f7e50cc</sln:gmIIPId><sln:gmIIPPn>PL.PZGIK.200</sln:gmIIPPn><sln:gmIIPWersja>2012-09-26T22:24:38+02:00</sln:gmIIPWersja><sln:gmIdTeryt>3007032</sln:gmIdTeryt><sln:gmNazwa>Ceków-Kolonia</sln:gmNazwa><sln:miejscIIPId>bb7d420c-e1c1-40a4-8280-e46341c61869</sln:miejscIIPId><sln:miejscIIPPn>PL.PZGIK.200</sln:miejscIIPPn><sln:miejscIIPWersja>2017-03-28T16:07:44+02:00</sln:miejscIIPWersja><sln:miejscIdTeryt>0195475</sln:miejscIdTeryt><sln:miejscNazwa>Przespolew Kościelny</sln:miejscNazwa><sln:miejscRodzaj>Wieś</sln:miejscRodzaj><sln:powIIPId>a84ca93c-4ad8-494d-95a7-8b1a8c4d4517</sln:powIIPId><sln:powIIPPn>PL.PZGIK.200</sln:powIIPPn><sln:powIIPWersja>2012-09-27T08:59:03+02:00</sln:powIIPWersja><sln:powIdTeryt>3007</sln:powIdTeryt><sln:powNazwa>kaliski</sln:powNazwa><sln:waznyOd>2014-07-14T00:00:00+02:00</sln:waznyOd><sln:wojIIPId>c606b01a-76c8-480d-9470-f24ca0d7a613</sln:wojIIPId><sln:wojIIPPn>PL.PZGIK.200</sln:wojIIPPn><sln:wojIIPWersja>2016-05-05T18:20:48+02:00</sln:wojIIPWersja><sln:wojIdTeryt>30</sln:wojIdTeryt><sln:wojNazwa>wielkopolskie</sln:wojNazwa></sln:miejscowosc><sln:miejscowosc><sln:cyklZyciaOd>2017-03-28T00:00:00+02:00</sln:cyklZyciaOd><sln:gmIIPId>fef752a2-3952-4193-8766-f6a22f7e50cc</sln:gmIIPId><sln:gmIIPPn>PL.PZGIK.200</sln:gmIIPPn><sln:gmIIPWersja>2012-09-26T22:24:38+02:00</sln:gmIIPWersja><sln:gmIdTeryt>3007032</sln:gmIdTeryt><sln:gmNazwa>Ceków-Kolonia</sln:gmNazwa><sln:miejscIIPId>80a06451-3ce8-4ee4-93ea-fa63f02f76fd</sln:miejscIIPId><sln:miejscIIPPn>PL.PZGIK.200</sln:miejscIIPPn><sln:miejscIIPWersja>2017-03-28T16:07:44+02:00</sln:miejscIIPWersja><sln:miejscIdTeryt>0195481</sln:miejscIdTeryt><sln:miejscNazwa>Huta</sln:miejscNazwa><sln:miejscRodzaj>Inny obiekt</sln:miejscRodzaj><sln:powIIPId>a84ca93c-4ad8-494d-95a7-8b1a8c4d4517</sln:powIIPId><sln:powIIPPn>PL.PZGIK.200</sln:powIIPPn><sln:powIIPWersja>2012-09-27T08:59:03+02:00</sln:powIIPWersja><sln:powIdTeryt>3007</sln:powIdTeryt><sln:powNazwa>kaliski</sln:powNazwa><sln:waznyOd>2014-07-14T00:00:00+02:00</sln:waznyOd><sln:wojIIPId>c606b01a-76c8-480d-9470-f24ca0d7a613</sln:wojIIPId><sln:wojIIPPn>PL.PZGIK.200</sln:wojIIPPn><sln:wojIIPWersja>2016-05-05T18:20:48+02:00</sln:wojIIPWersja><sln:wojIdTeryt>30</sln:wojIdTeryt><sln:wojNazwa>wielkopolskie</sln:wojNazwa></sln:miejscowosc><sln:miejscowosc><sln:cyklZyciaOd>2017-03-28T00:00:00+02:00</sln:cyklZyciaOd><sln:gmIIPId>fef752a2-3952-4193-8766-f6a22f7e50cc</sln:gmIIPId><sln:gmIIPPn>PL.PZGIK.200</sln:gmIIPPn><sln:gmIIPWersja>2012-09-26T22:24:38+02:00</sln:gmIIPWersja><sln:gmIdTeryt>3007032</sln:gmIdTeryt><sln:gmNazwa>Ceków-Kolonia</sln:gmNazwa><sln:miejscIIPId>a1561f12-99fe-43d6-b79e-7d85ac8a59ce</sln:miejscIIPId><sln:miejscIIPPn>PL.PZGIK.200</sln:miejscIIPPn><sln:miejscIIPWersja>2017-03-28T16:07:44+02:00</sln:miejscIIPWersja><sln:miejscIdTeryt>0195498</sln:miejscIdTeryt><sln:miejscNazwa>Świdle</sln:miejscNazwa><sln:miejscRodzaj>Inny obiekt</sln:miejscRodzaj><sln:powIIPId>a84ca93c-4ad8-494d-95a7-8b1a8c4d4517</sln:powIIPId><sln:powIIPPn>PL.PZGIK.200</sln:powIIPPn><sln:powIIPWersja>2012-09-27T08:59:03+02:00</sln:powIIPWersja><sln:powIdTeryt>3007</sln:powIdTeryt><sln:powNazwa>kaliski</sln:powNazwa><sln:waznyOd>2014-07-14T00:00:00+02:00</sln:waznyOd><sln:wojIIPId>c606b01a-76c8-480d-9470-f24ca0d7a613</sln:wojIIPId><sln:wojIIPPn>PL.PZGIK.200</sln:wojIIPPn><sln:wojIIPWersja>2016-05-05T18:20:48+02:00</sln:wojIIPWersja><sln:wojIdTeryt>30</sln:wojIdTeryt><sln:wojNazwa>wielkopolskie</sln:wojNazwa></sln:miejscowosc><sln:miejscowosc><sln:cyklZyciaOd>2017-03-28T00:00:00+02:00</sln:cyklZyciaOd><sln:gmIIPId>fef752a2-3952-4193-8766-f6a22f7e50cc</sln:gmIIPId><sln:gmIIPPn>PL.PZGIK.200</sln:gmIIPPn><sln:gmIIPWersja>2012-09-26T22:24:38+02:00</sln:gmIIPWersja><sln:gmIdTeryt>3007032</sln:gmIdTeryt><sln:gmNazwa>Ceków-Kolonia</sln:gmNazwa><sln:miejscIIPId>9f9b690b-b250-4971-a5dd-332b06421985</sln:miejscIIPId><sln:miejscIIPPn>PL.PZGIK.200</sln:miejscIIPPn><sln:miejscIIPWersja>2017-03-28T16:07:44+02:00</sln:miejscIIPWersja><sln:miejscIdTeryt>0195506</sln:miejscIdTeryt><sln:miejscNazwa>Przespolew Pański</sln:miejscNazwa><sln:miejscRodzaj>Wieś</sln:miejscRodzaj><sln:powIIPId>a84ca93c-4ad8-494d-95a7-8b1a8c4d4517</sln:powIIPId><sln:powIIPPn>PL.PZGIK.200</sln:powIIPPn><sln:powIIPWersja>2012-09-27T08:59:03+02:00</sln:powIIPWersja><sln:powIdTeryt>3007</sln:powIdTeryt><sln:powNazwa>kaliski</sln:powNazwa><sln:waznyOd>2014-07-14T00:00:00+02:00</sln:waznyOd><sln:wojIIPId>c606b01a-76c8-480d-9470-f24ca0d7a613</sln:wojIIPId><sln:wojIIPPn>PL.PZGIK.200</sln:wojIIPPn><sln:wojIIPWersja>2016-05-05T18:20:48+02:00</sln:wojIIPWersja><sln:wojIdTeryt>30</sln:wojIdTeryt><sln:wojNazwa>wielkopolskie</sln:wojNazwa></sln:miejscowosc><sln:miejscowosc><sln:cyklZyciaOd>2017-03-28T00:00:00+02:00</sln:cyklZyciaOd><sln:gmIIPId>fef752a2-3952-4193-8766-f6a22f7e50cc</sln:gmIIPId><sln:gmIIPPn>PL.PZGIK.200</sln:gmIIPPn><sln:gmIIPWersja>2012-09-26T22:24:38+02:00</sln:gmIIPWersja><sln:gmIdTeryt>3007032</sln:gmIdTeryt><sln:gmNazwa>Ceków-Kolonia</sln:gmNazwa><sln:miejscIIPId>afa22972-aed0-43a6-bbfb-d88adbb7f422</sln:miejscIIPId><sln:miejscIIPPn>PL.PZGIK.200</sln:miejscIIPPn><sln:miejscIIPWersja>2017-03-28T16:07:44+02:00</sln:miejscIIPWersja><sln:miejscIdTeryt>0195512</sln:miejscIdTeryt><sln:miejscNazwa>Odpadki</sln:miejscNazwa><sln:miejscRodzaj>Inny obiekt</sln:miejscRodzaj><sln:powIIPId>a84ca93c-4ad8-494d-95a7-8b1a8c4d4517</sln:powIIPId><sln:powIIPPn>PL.PZGIK.200</sln:powIIPPn><sln:powIIPWersja>2012-09-27T08:59:03+02:00</sln:powIIPWersja><sln:powIdTeryt>3007</sln:powIdTeryt><sln:powNazwa>kaliski</sln:powNazwa><sln:waznyOd>2014-07-14T00:00:00+02:00</sln:waznyOd><sln:wojIIPId>c606b01a-76c8-480d-9470-f24ca0d7a613</sln:wojIIPId><sln:wojIIPPn>PL.PZGIK.200</sln:wojIIPPn><sln:wojIIPWersja>2016-05-05T18:20:48+02:00</sln:wojIIPWersja><sln:wojIdTeryt>30</sln:wojIdTeryt><sln:wojNazwa>wielkopolskie</sln:wojNazwa></sln:miejscowosc><sln:miejscowosc><sln:cyklZyciaOd>2017-03-28T00:00:00+02:00</sln:cyklZyciaOd><sln:gmIIPId>fef752a2-3952-4193-8766-f6a22f7e50cc</sln:gmIIPId><sln:gmIIPPn>PL.PZGIK.200</sln:gmIIPPn><sln:gmIIPWersja>2012-09-26T22:24:38+02:00</sln:gmIIPWersja><sln:gmIdTeryt>3007032</sln:gmIdTeryt><sln:gmNazwa>Ceków-Kolonia</sln:gmNazwa><sln:miejscIIPId>c5461c6f-48ba-4ddf-8167-52e6ffde1efb</sln:miejscIIPId><sln:miejscIIPPn>PL.PZGIK.200</sln:miejscIIPPn><sln:miejscIIPWersja>2017-03-28T16:07:44+02:00</sln:miejscIIPWersja><sln:miejscIdTeryt>0195529</sln:miejscIdTeryt><sln:miejscNazwa>Stare Prażuchy</sln:miejscNazwa><sln:miejscRodzaj>Wieś</sln:miejscRodzaj><sln:powIIPId>a84ca93c-4ad8-494d-95a7-8b1a8c4d4517</sln:powIIPId><sln:powIIPPn>PL.PZGIK.200</sln:powIIPPn><sln:powIIPWersja>2012-09-27T08:59:03+02:00</sln:powIIPWersja><sln:powIdTeryt>3007</sln:powIdTeryt><sln:powNazwa>kaliski</sln:powNazwa><sln:waznyOd>2014-07-14T00:00:00+02:00</sln:waznyOd><sln:wojIIPId>c606b01a-76c8-480d-9470-f24ca0d7a613</sln:wojIIPId><sln:wojIIPPn>PL.PZGIK.200</sln:wojIIPPn><sln:wojIIPWersja>2016-05-05T18:20:48+02:00</sln:wojIIPWersja><sln:wojIdTeryt>30</sln:wojIdTeryt><sln:wojNazwa>wielkopolskie</sln:wojNazwa></sln:miejscowosc><sln:miejscowosc><sln:cyklZyciaOd>2017-03-28T00:00:00+02:00</sln:cyklZyciaOd><sln:gmIIPId>fef752a2-3952-4193-8766-f6a22f7e50cc</sln:gmIIPId><sln:gmIIPPn>PL.PZGIK.200</sln:gmIIPPn><sln:gmIIPWersja>2012-09-26T22:24:38+02:00</sln:gmIIPWersja><sln:gmIdTeryt>3007032</sln:gmIdTeryt><sln:gmNazwa>Ceków-Kolonia</sln:gmNazwa><sln:miejscIIPId>53e7242b-8692-45f0-bed3-13572534cf2e</sln:miejscIIPId><sln:miejscIIPPn>PL.PZGIK.200</sln:miejscIIPPn><sln:miejscIIPWersja>2017-03-28T16:07:44+02:00</sln:miejscIIPWersja><sln:miejscIdTeryt>0195535</sln:miejscIdTeryt><sln:miejscNazwa>Jezioro</sln:miejscNazwa><sln:miejscRodzaj>Inny obiekt</sln:miejscRodzaj><sln:powIIPId>a84ca93c-4ad8-494d-95a7-8b1a8c4d4517</sln:powIIPId><sln:powIIPPn>PL.PZGIK.200</sln:powIIPPn><sln:powIIPWersja>2012-09-27T08:59:03+02:00</sln:powIIPWersja><sln:powIdTeryt>3007</sln:powIdTeryt><sln:powNazwa>kaliski</sln:powNazwa><sln:waznyOd>2014-07-14T00:00:00+02:00</sln:waznyOd><sln:wojIIPId>c606b01a-76c8-480d-9470-f24ca0d7a613</sln:wojIIPId><sln:wojIIPPn>PL.PZGIK.200</sln:wojIIPPn><sln:wojIIPWersja>2016-05-05T18:20:48+02:00</sln:wojIIPWersja><sln:wojIdTeryt>30</sln:wojIdTeryt><sln:wojNazwa>wielkopolskie</sln:wojNazwa></sln:miejscowosc><sln:miejscowosc><sln:cyklZyciaOd>2017-03-28T00:00:00+02:00</sln:cyklZyciaOd><sln:gmIIPId>fef752a2-3952-4193-8766-f6a22f7e50cc</sln:gmIIPId><sln:gmIIPPn>PL.PZGIK.200</sln:gmIIPPn><sln:gmIIPWersja>2012-09-26T22:24:38+02:00</sln:gmIIPWersja><sln:gmIdTeryt>3007032</sln:gmIdTeryt><sln:gmNazwa>Ceków-Kolonia</sln:gmNazwa><sln:miejscIIPId>0da237eb-81dc-4e8b-9bcf-2be150648ae1</sln:miejscIIPId><sln:miejscIIPPn>PL.PZGIK.200</sln:miejscIIPPn><sln:miejscIIPWersja>2017-03-28T16:07:44+02:00</sln:miejscIIPWersja><sln:miejscIdTeryt>0195541</sln:miejscIdTeryt><sln:miejscNazwa>Szadek</sln:miejscNazwa><sln:miejscRodzaj>Wieś</sln:miejscRodzaj><sln:powIIPId>a84ca93c-4ad8-494d-95a7-8b1a8c4d4517</sln:powIIPId><sln:powIIPPn>PL.PZGIK.200</sln:powIIPPn><sln:powIIPWersja>2012-09-27T08:59:03+02:00</sln:powIIPWersja><sln:powIdTeryt>3007</sln:powIdTeryt><sln:powNazwa>kaliski</sln:powNazwa><sln:waznyOd>2014-07-14T00:00:00+02:00</sln:waznyOd><sln:wojIIPId>c606b01a-76c8-480d-9470-f24ca0d7a613</sln:wojIIPId><sln:wojIIPPn>PL.PZGIK.200</sln:wojIIPPn><sln:wojIIPWersja>2016-05-05T18:20:48+02:00</sln:wojIIPWersja><sln:wojIdTeryt>30</sln:wojIdTeryt><sln:wojNazwa>wielkopolskie</sln:wojNazwa></sln:miejscowosc></sln:lista-miejscowosci>