<?xml version="1.0" encoding="UTF-8" standalone="yes"?><sln:lista-miejscowosci xmlns:srv="http://gugik.gov.pl/schemas/slowniki-service/1.0" xmlns:sln="http://gugik.gov.pl/schemas/slowniki-schema/1.0"><sln:miejscowosc><sln:cyklZyciaDo>2017-03-30T00:00:00+02:00</sln:cyklZyciaDo><sln:cyklZyciaOd>2015-02-16T00:00:00+01:00</sln:cyklZyciaOd><sln:gmIIPId>d7f5d7f4-e7c6-4011-99c8-f9880f62040a</sln:gmIIPId><sln:gmIIPPn>PL.PZGIK.200</sln:gmIIPPn><sln:gmIIPWersja>2012-09-26T22:24:47+02:00</sln:gmIIPWersja><sln:gmIdTeryt>3008042</sln:gmIdTeryt><sln:gmNazwa>Łęka Opatowska</sln:gmNazwa><sln:miejscIIPId>d7a5fe41-11e0-434f-a563-ea169b2ec718</sln:miejscIIPId><sln:miejscIIPPn>PL.PZGIK.200</sln:miejscIIPPn><sln:miejscIIPWersja>2016-11-24T09:41:44+02:00</sln:miejscIIPWersja><sln:miejscIdTeryt>0202867</sln:miejscIdTeryt><sln:miejscNazwa>Biadaszki</sln:miejscNazwa><sln:miejscRodzaj>Inny obiekt</sln:miejscRodzaj><sln:powIIPId>bc0136fd-720b-4f2b-8880-f08dbe76b7d2</sln:powIIPId><sln:powIIPPn>PL.PZGIK.200</sln:powIIPPn><sln:powIIPWersja>2012-09-27T08:59:03+02:00</sln:powIIPWersja><sln:powIdTeryt>3008</sln:powIdTeryt><sln:powNazwa>kępiński</sln:powNazwa><sln:waznyOd>2014-08-08T00:00:00+02:00</sln:waznyOd><sln:wojIIPId>c606b01a-76c8-480d-9470-f24ca0d7a613</sln:wojIIPId><sln:wojIIPPn>PL.PZGIK.200</sln:wojIIPPn><sln:wojIIPWersja>2016-05-05T18:20:48+02:00</sln:wojIIPWersja><sln:wojIdTeryt>30</sln:wojIdTeryt><sln:wojNazwa>wielkopolskie</sln:wojNazwa></sln:miejscowosc><sln:miejscowosc><sln:cyklZyciaDo>2017-03-30T00:00:00+02:00</sln:cyklZyciaDo><sln:cyklZyciaOd>2015-02-16T00:00:00+01:00</sln:cyklZyciaOd><sln:gmIIPId>d7f5d7f4-e7c6-4011-99c8-f9880f62040a</sln:gmIIPId><sln:gmIIPPn>PL.PZGIK.200</sln:gmIIPPn><sln:gmIIPWersja>2012-09-26T22:24:47+02:00</sln:gmIIPWersja><sln:gmIdTeryt>3008042</sln:gmIdTeryt><sln:gmNazwa>Łęka Opatowska</sln:gmNazwa><sln:miejscIIPId>9160677d-f616-4b52-bd0c-2b50d9d822b5</sln:miejscIIPId><sln:miejscIIPPn>PL.PZGIK.200</sln:miejscIIPPn><sln:miejscIIPWersja>2016-11-24T09:41:44+02:00</sln:miejscIIPWersja><sln:miejscIdTeryt>0203140</sln:miejscIdTeryt><sln:miejscNazwa>Granice</sln:miejscNazwa><sln:miejscRodzaj>Inny obiekt</sln:miejscRodzaj><sln:powIIPId>bc0136fd-720b-4f2b-8880-f08dbe76b7d2</sln:powIIPId><sln:powIIPPn>PL.PZGIK.200</sln:powIIPPn><sln:powIIPWersja>2012-09-27T08:59:03+02:00</sln:powIIPWersja><sln:powIdTeryt>3008</sln:powIdTeryt><sln:powNazwa>kępiński</sln:powNazwa><sln:waznyOd>2014-08-08T00:00:00+02:00</sln:waznyOd><sln:wojIIPId>c606b01a-76c8-480d-9470-f24ca0d7a613</sln:wojIIPId><sln:wojIIPPn>PL.PZGIK.200</sln:wojIIPPn><sln:wojIIPWersja>2016-05-05T18:20:48+02:00</sln:wojIIPWersja><sln:wojIdTeryt>30</sln:wojIdTeryt><sln:wojNazwa>wielkopolskie</sln:wojNazwa></sln:miejscowosc><sln:miejscowosc><sln:cyklZyciaDo>2017-03-30T00:00:00+02:00</sln:cyklZyciaDo><sln:cyklZyciaOd>2015-02-16T00:00:00+01:00</sln:cyklZyciaOd><sln:gmIIPId>d7f5d7f4-e7c6-4011-99c8-f9880f62040a</sln:gmIIPId><sln:gmIIPPn>PL.PZGIK.200</sln:gmIIPPn><sln:gmIIPWersja>2012-09-26T22:24:47+02:00</sln:gmIIPWersja><sln:gmIdTeryt>3008042</sln:gmIdTeryt><sln:gmNazwa>Łęka Opatowska</sln:gmNazwa><sln:miejscIIPId>3af055ce-eb00-494a-b8f6-33bfa3d559b4</sln:miejscIIPId><sln:miejscIIPPn>PL.PZGIK.200</sln:miejscIIPPn><sln:miejscIIPWersja>2016-11-24T09:41:44+02:00</sln:miejscIIPWersja><sln:miejscIdTeryt>0203157</sln:miejscIdTeryt><sln:miejscNazwa>Klasak</sln:miejscNazwa><sln:miejscRodzaj>Inny obiekt</sln:miejscRodzaj><sln:powIIPId>bc0136fd-720b-4f2b-8880-f08dbe76b7d2</sln:powIIPId><sln:powIIPPn>PL.PZGIK.200</sln:powIIPPn><sln:powIIPWersja>2012-09-27T08:59:03+02:00</sln:powIIPWersja><sln:powIdTeryt>3008</sln:powIdTeryt><sln:powNazwa>kępiński</sln:powNazwa><sln:waznyOd>2014-08-08T00:00:00+02:00</sln:waznyOd><sln:wojIIPId>c606b01a-76c8-480d-9470-f24ca0d7a613</sln:wojIIPId><sln:wojIIPPn>PL.PZGIK.200</sln:wojIIPPn><sln:wojIIPWersja>2016-05-05T18:20:48+02:00</sln:wojIIPWersja><sln:wojIdTeryt>30</sln:wojIdTeryt><sln:wojNazwa>wielkopolskie</sln:wojNazwa></sln:miejscowosc><sln:miejscowosc><sln:cyklZyciaDo>2017-03-30T00:00:00+02:00</sln:cyklZyciaDo><sln:cyklZyciaOd>2015-02-16T00:00:00+01:00</sln:cyklZyciaOd><sln:gmIIPId>d7f5d7f4-e7c6-4011-99c8-f9880f62040a</sln:gmIIPId><sln:gmIIPPn>PL.PZGIK.200</sln:gmIIPPn><sln:gmIIPWersja>2012-09-26T22:24:47+02:00</sln:gmIIPWersja><sln:gmIdTeryt>3008042</sln:gmIdTeryt><sln:gmNazwa>Łęka Opatowska</sln:gmNazwa><sln:miejscIIPId>dc470612-d6ad-4e77-b4e7-63556e86278d</sln:miejscIIPId><sln:miejscIIPPn>PL.PZGIK.200</sln:miejscIIPPn><sln:miejscIIPWersja>2016-11-24T09:41:44+02:00</sln:miejscIIPWersja><sln:miejscIdTeryt>0202927</sln:miejscIdTeryt><sln:miejscNazwa>Kuźnica Słupska</sln:miejscNazwa><sln:miejscRodzaj>Inny obiekt</sln:miejscRodzaj><sln:powIIPId>bc0136fd-720b-4f2b-8880-f08dbe76b7d2</sln:powIIPId><sln:powIIPPn>PL.PZGIK.200</sln:powIIPPn><sln:powIIPWersja>2012-09-27T08:59:03+02:00</sln:powIIPWersja><sln:powIdTeryt>3008</sln:powIdTeryt><sln:powNazwa>kępiński</sln:powNazwa><sln:waznyOd>2014-08-08T00:00:00+02:00</sln:waznyOd><sln:wojIIPId>c606b01a-76c8-480d-9470-f24ca0d7a613</sln:wojIIPId><sln:wojIIPPn>PL.PZGIK.200</sln:wojIIPPn><sln:wojIIPWersja>2016-05-05T18:20:48+02:00</sln:wojIIPWersja><sln:wojIdTeryt>30</sln:wojIdTeryt><sln:wojNazwa>wielkopolskie</sln:wojNazwa></sln:miejscowosc><sln:miejscowosc><sln:cyklZyciaDo>2017-03-30T00:00:00+02:00</sln:cyklZyciaDo><sln:cyklZyciaOd>2015-02-16T00:00:00+01:00</sln:cyklZyciaOd><sln:gmIIPId>d7f5d7f4-e7c6-4011-99c8-f9880f62040a</sln:gmIIPId><sln:gmIIPPn>PL.PZGIK.200</sln:gmIIPPn><sln:gmIIPWersja>2012-09-26T22:24:47+02:00</sln:gmIIPWersja><sln:gmIdTeryt>3008042</sln:gmIdTeryt><sln:gmNazwa>Łęka Opatowska</sln:gmNazwa><sln:miejscIIPId>9e9c8668-24cc-44cb-a716-72fe9a776323</sln:miejscIIPId><sln:miejscIIPPn>PL.PZGIK.200</sln:miejscIIPPn><sln:miejscIIPWersja>2016-11-24T09:41:44+02:00</sln:miejscIIPWersja><sln:miejscIdTeryt>0202940</sln:miejscIdTeryt><sln:miejscNazwa>Lipie</sln:miejscNazwa><sln:miejscRodzaj>Inny obiekt</sln:miejscRodzaj><sln:powIIPId>bc0136fd-720b-4f2b-8880-f08dbe76b7d2</sln:powIIPId><sln:powIIPPn>PL.PZGIK.200</sln:powIIPPn><sln:powIIPWersja>2012-09-27T08:59:03+02:00</sln:powIIPWersja><sln:powIdTeryt>3008</sln:powIdTeryt><sln:powNazwa>kępiński</sln:powNazwa><sln:waznyOd>2014-08-08T00:00:00+02:00</sln:waznyOd><sln:wojIIPId>c606b01a-76c8-480d-9470-f24ca0d7a613</sln:wojIIPId><sln:wojIIPPn>PL.PZGIK.200</sln:wojIIPPn><sln:wojIIPWersja>2016-05-05T18:20:48+02:00</sln:wojIIPWersja><sln:wojIdTeryt>30</sln:wojIdTeryt><sln:wojNazwa>wielkopolskie</sln:wojNazwa></sln:miejscowosc><sln:miejscowosc><sln:cyklZyciaDo>2017-03-30T00:00:00+02:00</sln:cyklZyciaDo><sln:cyklZyciaOd>2015-02-16T00:00:00+01:00</sln:cyklZyciaOd><sln:gmIIPId>d7f5d7f4-e7c6-4011-99c8-f9880f62040a</sln:gmIIPId><sln:gmIIPPn>PL.PZGIK.200</sln:gmIIPPn><sln:gmIIPWersja>2012-09-26T22:24:47+02:00</sln:gmIIPWersja><sln:gmIdTeryt>3008042</sln:gmIdTeryt><sln:gmNazwa>Łęka Opatowska</sln:gmNazwa><sln:miejscIIPId>9d167aa7-1394-437a-b0fb-5df6c6b1bb27</sln:miejscIIPId><sln:miejscIIPPn>PL.PZGIK.200</sln:miejscIIPPn><sln:miejscIIPWersja>2016-11-24T09:41:44+02:00</sln:miejscIIPWersja><sln:miejscIdTeryt>0202962</sln:miejscIdTeryt><sln:miejscNazwa>Łęka Opatowska</sln:miejscNazwa><sln:miejscRodzaj>Inny obiekt</sln:miejscRodzaj><sln:powIIPId>bc0136fd-720b-4f2b-8880-f08dbe76b7d2</sln:powIIPId><sln:powIIPPn>PL.PZGIK.200</sln:powIIPPn><sln:powIIPWersja>2012-09-27T08:59:03+02:00</sln:powIIPWersja><sln:powIdTeryt>3008</sln:powIdTeryt><sln:powNazwa>kępiński</sln:powNazwa><sln:waznyOd>2014-08-08T00:00:00+02:00</sln:waznyOd><sln:wojIIPId>c606b01a-76c8-480d-9470-f24ca0d7a613</sln:wojIIPId><sln:wojIIPPn>PL.PZGIK.200</sln:wojIIPPn><sln:wojIIPWersja>2016-05-05T18:20:48+02:00</sln:wojIIPWersja><sln:wojIdTeryt>30</sln:wojIdTeryt><sln:wojNazwa>wielkopolskie</sln:wojNazwa></sln:miejscowosc><sln:miejscowosc><sln:cyklZyciaDo>2017-03-30T00:00:00+02:00</sln:cyklZyciaDo><sln:cyklZyciaOd>2015-02-16T00:00:00+01:00</sln:cyklZyciaOd><sln:gmIIPId>d7f5d7f4-e7c6-4011-99c8-f9880f62040a</sln:gmIIPId><sln:gmIIPPn>PL.PZGIK.200</sln:gmIIPPn><sln:gmIIPWersja>2012-09-26T22:24:47+02:00</sln:gmIIPWersja><sln:gmIdTeryt>3008042</sln:gmIdTeryt><sln:gmNazwa>Łęka Opatowska</sln:gmNazwa><sln:miejscIIPId>1fa5a54d-a45e-4580-aac9-19ed551609d5</sln:miejscIIPId><sln:miejscIIPPn>PL.PZGIK.200</sln:miejscIIPPn><sln:miejscIIPWersja>2016-11-24T09:41:44+02:00</sln:miejscIIPWersja><sln:miejscIdTeryt>0202985</sln:miejscIdTeryt><sln:miejscNazwa>Marianka Siemieńska</sln:miejscNazwa><sln:miejscRodzaj>Inny obiekt</sln:miejscRodzaj><sln:powIIPId>bc0136fd-720b-4f2b-8880-f08dbe76b7d2</sln:powIIPId><sln:powIIPPn>PL.PZGIK.200</sln:powIIPPn><sln:powIIPWersja>2012-09-27T08:59:03+02:00</sln:powIIPWersja><sln:powIdTeryt>3008</sln:powIdTeryt><sln:powNazwa>kępiński</sln:powNazwa><sln:waznyOd>2014-08-08T00:00:00+02:00</sln:waznyOd><sln:wojIIPId>c606b01a-76c8-480d-9470-f24ca0d7a613</sln:wojIIPId><sln:wojIIPPn>PL.PZGIK.200</sln:wojIIPPn><sln:wojIIPWersja>2016-05-05T18:20:48+02:00</sln:wojIIPWersja><sln:wojIdTeryt>30</sln:wojIdTeryt><sln:wojNazwa>wielkopolskie</sln:wojNazwa></sln:miejscowosc><sln:miejscowosc><sln:cyklZyciaDo>2017-03-30T00:00:00+02:00</sln:cyklZyciaDo><sln:cyklZyciaOd>2015-02-16T00:00:00+01:00</sln:cyklZyciaOd><sln:gmIIPId>d7f5d7f4-e7c6-4011-99c8-f9880f62040a</sln:gmIIPId><sln:gmIIPPn>PL.PZGIK.200</sln:gmIIPPn><sln:gmIIPWersja>2012-09-26T22:24:47+02:00</sln:gmIIPWersja><sln:gmIdTeryt>3008042</sln:gmIdTeryt><sln:gmNazwa>Łęka Opatowska</sln:gmNazwa><sln:miejscIIPId>bd92220a-a873-49b3-9603-af2c75ea4d5d</sln:miejscIIPId><sln:miejscIIPPn>PL.PZGIK.200</sln:miejscIIPPn><sln:miejscIIPWersja>2016-11-24T09:41:44+02:00</sln:miejscIIPWersja><sln:miejscIdTeryt>0203080</sln:miejscIdTeryt><sln:miejscNazwa>Opatowiec</sln:miejscNazwa><sln:miejscRodzaj>Inny obiekt</sln:miejscRodzaj><sln:powIIPId>bc0136fd-720b-4f2b-8880-f08dbe76b7d2</sln:powIIPId><sln:powIIPPn>PL.PZGIK.200</sln:powIIPPn><sln:powIIPWersja>2012-09-27T08:59:03+02:00</sln:powIIPWersja><sln:powIdTeryt>3008</sln:powIdTeryt><sln:powNazwa>kępiński</sln:powNazwa><sln:waznyOd>2014-08-08T00:00:00+02:00</sln:waznyOd><sln:wojIIPId>c606b01a-76c8-480d-9470-f24ca0d7a613</sln:wojIIPId><sln:wojIIPPn>PL.PZGIK.200</sln:wojIIPPn><sln:wojIIPWersja>2016-05-05T18:20:48+02:00</sln:wojIIPWersja><sln:wojIdTeryt>30</sln:wojIdTeryt><sln:wojNazwa>wielkopolskie</sln:wojNazwa></sln:miejscowosc><sln:miejscowosc><sln:cyklZyciaDo>2017-03-30T00:00:00+02:00</sln:cyklZyciaDo><sln:cyklZyciaOd>2015-02-16T00:00:00+01:00</sln:cyklZyciaOd><sln:gmIIPId>d7f5d7f4-e7c6-4011-99c8-f9880f62040a</sln:gmIIPId><sln:gmIIPPn>PL.PZGIK.200</sln:gmIIPPn><sln:gmIIPWersja>2012-09-26T22:24:47+02:00</sln:gmIIPWersja><sln:gmIdTeryt>3008042</sln:gmIdTeryt><sln:gmNazwa>Łęka Opatowska</sln:gmNazwa><sln:miejscIIPId>0a10bcad-3a0a-49e6-be1e-94e577d02888</sln:miejscIIPId><sln:miejscIIPPn>PL.PZGIK.200</sln:miejscIIPPn><sln:miejscIIPWersja>2016-11-24T09:41:44+02:00</sln:miejscIIPWersja><sln:miejscIdTeryt>0203000</sln:miejscIdTeryt><sln:miejscNazwa>Opatów</sln:miejscNazwa><sln:miejscRodzaj>Inny obiekt</sln:miejscRodzaj><sln:powIIPId>bc0136fd-720b-4f2b-8880-f08dbe76b7d2</sln:powIIPId><sln:powIIPPn>PL.PZGIK.200</sln:powIIPPn><sln:powIIPWersja>2012-09-27T08:59:03+02:00</sln:powIIPWersja><sln:powIdTeryt>3008</sln:powIdTeryt><sln:powNazwa>kępiński</sln:powNazwa><sln:waznyOd>2014-08-08T00:00:00+02:00</sln:waznyOd><sln:wojIIPId>c606b01a-76c8-480d-9470-f24ca0d7a613</sln:wojIIPId><sln:wojIIPPn>PL.PZGIK.200</sln:wojIIPPn><sln:wojIIPWersja>2016-05-05T18:20:48+02:00</sln:wojIIPWersja><sln:wojIdTeryt>30</sln:wojIdTeryt><sln:wojNazwa>wielkopolskie</sln:wojNazwa></sln:miejscowosc><sln:miejscowosc><sln:cyklZyciaDo>2017-03-30T00:00:00+02:00</sln:cyklZyciaDo><sln:cyklZyciaOd>2015-02-16T00:00:00+01:00</sln:cyklZyciaOd><sln:gmIIPId>d7f5d7f4-e7c6-4011-99c8-f9880f62040a</sln:gmIIPId><sln:gmIIPPn>PL.PZGIK.200</sln:gmIIPPn><sln:gmIIPWersja>2012-09-26T22:24:47+02:00</sln:gmIIPWersja><sln:gmIdTeryt>3008042</sln:gmIdTeryt><sln:gmNazwa>Łęka Opatowska</sln:gmNazwa><sln:miejscIIPId>5c502c96-56ca-4b00-b820-e440e2f6eae2</sln:miejscIIPId><sln:miejscIIPPn>PL.PZGIK.200</sln:miejscIIPPn><sln:miejscIIPWersja>2016-11-24T09:41:44+02:00</sln:miejscIIPWersja><sln:miejscIdTeryt>0203074</sln:miejscIdTeryt><sln:miejscNazwa>Piaski</sln:miejscNazwa><sln:miejscRodzaj>Inny obiekt</sln:miejscRodzaj><sln:powIIPId>bc0136fd-720b-4f2b-8880-f08dbe76b7d2</sln:powIIPId><sln:powIIPPn>PL.PZGIK.200</sln:powIIPPn><sln:powIIPWersja>2012-09-27T08:59:03+02:00</sln:powIIPWersja><sln:powIdTeryt>3008</sln:powIdTeryt><sln:powNazwa>kępiński</sln:powNazwa><sln:waznyOd>2014-08-08T00:00:00+02:00</sln:waznyOd><sln:wojIIPId>c606b01a-76c8-480d-9470-f24ca0d7a613</sln:wojIIPId><sln:wojIIPPn>PL.PZGIK.200</sln:wojIIPPn><sln:wojIIPWersja>2016-05-05T18:20:48+02:00</sln:wojIIPWersja><sln:wojIdTeryt>30</sln:wojIdTeryt><sln:wojNazwa>wielkopolskie</sln:wojNazwa></sln:miejscowosc><sln:miejscowosc><sln:cyklZyciaDo>2017-03-30T00:00:00+02:00</sln:cyklZyciaDo><sln:cyklZyciaOd>2015-02-16T00:00:00+01:00</sln:cyklZyciaOd><sln:gmIIPId>d7f5d7f4-e7c6-4011-99c8-f9880f62040a</sln:gmIIPId><sln:gmIIPPn>PL.PZGIK.200</sln:gmIIPPn><sln:gmIIPWersja>2012-09-26T22:24:47+02:00</sln:gmIIPWersja><sln:gmIdTeryt>3008042</sln:gmIdTeryt><sln:gmNazwa>Łęka Opatowska</sln:gmNazwa><sln:miejscIIPId>f3ffb3ea-726b-45d3-bb5f-817b0bb1fc3b</sln:miejscIIPId><sln:miejscIIPPn>PL.PZGIK.200</sln:miejscIIPPn><sln:miejscIIPWersja>2016-11-24T09:41:44+02:00</sln:miejscIIPWersja><sln:miejscIdTeryt>0203097</sln:miejscIdTeryt><sln:miejscNazwa>Raków</sln:miejscNazwa><sln:miejscRodzaj>Inny obiekt</sln:miejscRodzaj><sln:powIIPId>bc0136fd-720b-4f2b-8880-f08dbe76b7d2</sln:powIIPId><sln:powIIPPn>PL.PZGIK.200</sln:powIIPPn><sln:powIIPWersja>2012-09-27T08:59:03+02:00</sln:powIIPWersja><sln:powIdTeryt>3008</sln:powIdTeryt><sln:powNazwa>kępiński</sln:powNazwa><sln:waznyOd>2014-08-08T00:00:00+02:00</sln:waznyOd><sln:wojIIPId>c606b01a-76c8-480d-9470-f24ca0d7a613</sln:wojIIPId><sln:wojIIPPn>PL.PZGIK.200</sln:wojIIPPn><sln:wojIIPWersja>2016-05-05T18:20:48+02:00</sln:wojIIPWersja><sln:wojIdTeryt>30</sln:wojIdTeryt><sln:wojNazwa>wielkopolskie</sln:wojNazwa></sln:miejscowosc><sln:miejscowosc><sln:cyklZyciaDo>2017-03-30T00:00:00+02:00</sln:cyklZyciaDo><sln:cyklZyciaOd>2015-02-16T00:00:00+01:00</sln:cyklZyciaOd><sln:gmIIPId>d7f5d7f4-e7c6-4011-99c8-f9880f62040a</sln:gmIIPId><sln:gmIIPPn>PL.PZGIK.200</sln:gmIIPPn><sln:gmIIPWersja>2012-09-26T22:24:47+02:00</sln:gmIIPWersja><sln:gmIdTeryt>3008042</sln:gmIdTeryt><sln:gmNazwa>Łęka Opatowska</sln:gmNazwa><sln:miejscIIPId>b0abfc18-0737-4b1d-9494-d06ab2a987cf</sln:miejscIIPId><sln:miejscIIPPn>PL.PZGIK.200</sln:miejscIIPPn><sln:miejscIIPWersja>2016-11-24T09:41:44+02:00</sln:miejscIIPWersja><sln:miejscIdTeryt>0203128</sln:miejscIdTeryt><sln:miejscNazwa>Siemianice</sln:miejscNazwa><sln:miejscRodzaj>Inny obiekt</sln:miejscRodzaj><sln:powIIPId>bc0136fd-720b-4f2b-8880-f08dbe76b7d2</sln:powIIPId><sln:powIIPPn>PL.PZGIK.200</sln:powIIPPn><sln:powIIPWersja>2012-09-27T08:59:03+02:00</sln:powIIPWersja><sln:powIdTeryt>3008</sln:powIdTeryt><sln:powNazwa>kępiński</sln:powNazwa><sln:waznyOd>2014-08-08T00:00:00+02:00</sln:waznyOd><sln:wojIIPId>c606b01a-76c8-480d-9470-f24ca0d7a613</sln:wojIIPId><sln:wojIIPPn>PL.PZGIK.200</sln:wojIIPPn><sln:wojIIPWersja>2016-05-05T18:20:48+02:00</sln:wojIIPWersja><sln:wojIdTeryt>30</sln:wojIdTeryt><sln:wojNazwa>wielkopolskie</sln:wojNazwa></sln:miejscowosc><sln:miejscowosc><sln:cyklZyciaDo>2017-03-30T00:00:00+02:00</sln:cyklZyciaDo><sln:cyklZyciaOd>2015-02-16T00:00:00+01:00</sln:cyklZyciaOd><sln:gmIIPId>d7f5d7f4-e7c6-4011-99c8-f9880f62040a</sln:gmIIPId><sln:gmIIPPn>PL.PZGIK.200</sln:gmIIPPn><sln:gmIIPWersja>2012-09-26T22:24:47+02:00</sln:gmIIPWersja><sln:gmIdTeryt>3008042</sln:gmIdTeryt><sln:gmNazwa>Łęka Opatowska</sln:gmNazwa><sln:miejscIIPId>b6dd0f0a-775d-4d0a-9883-0fdbd7efb714</sln:miejscIIPId><sln:miejscIIPPn>PL.PZGIK.200</sln:miejscIIPPn><sln:miejscIIPWersja>2016-11-24T09:41:44+02:00</sln:miejscIIPWersja><sln:miejscIdTeryt>0202933</sln:miejscIdTeryt><sln:miejscNazwa>Stogniew</sln:miejscNazwa><sln:miejscRodzaj>Inny obiekt</sln:miejscRodzaj><sln:powIIPId>bc0136fd-720b-4f2b-8880-f08dbe76b7d2</sln:powIIPId><sln:powIIPPn>PL.PZGIK.200</sln:powIIPPn><sln:powIIPWersja>2012-09-27T08:59:03+02:00</sln:powIIPWersja><sln:powIdTeryt>3008</sln:powIdTeryt><sln:powNazwa>kępiński</sln:powNazwa><sln:waznyOd>2014-08-08T00:00:00+02:00</sln:waznyOd><sln:wojIIPId>c606b01a-76c8-480d-9470-f24ca0d7a613</sln:wojIIPId><sln:wojIIPPn>PL.PZGIK.200</sln:wojIIPPn><sln:wojIIPWersja>2016-05-05T18:20:48+02:00</sln:wojIIPWersja><sln:wojIdTeryt>30</sln:wojIdTeryt><sln:wojNazwa>wielkopolskie</sln:wojNazwa></sln:miejscowosc><sln:miejscowosc><sln:cyklZyciaDo>2017-03-30T00:00:00+02:00</sln:cyklZyciaDo><sln:cyklZyciaOd>2015-02-16T00:00:00+01:00</sln:cyklZyciaOd><sln:gmIIPId>d7f5d7f4-e7c6-4011-99c8-f9880f62040a</sln:gmIIPId><sln:gmIIPPn>PL.PZGIK.200</sln:gmIIPPn><sln:gmIIPWersja>2012-09-26T22:24:47+02:00</sln:gmIIPWersja><sln:gmIdTeryt>3008042</sln:gmIdTeryt><sln:gmNazwa>Łęka Opatowska</sln:gmNazwa><sln:miejscIIPId>5352aea5-c1fa-4e8c-8a57-6a44aa1ffcb5</sln:miejscIIPId><sln:miejscIIPPn>PL.PZGIK.200</sln:miejscIIPPn><sln:miejscIIPWersja>2016-11-24T09:41:44+02:00</sln:miejscIIPWersja><sln:miejscIdTeryt>0203170</sln:miejscIdTeryt><sln:miejscNazwa>Szalonka</sln:miejscNazwa><sln:miejscRodzaj>Inny obiekt</sln:miejscRodzaj><sln:powIIPId>bc0136fd-720b-4f2b-8880-f08dbe76b7d2</sln:powIIPId><sln:powIIPPn>PL.PZGIK.200</sln:powIIPPn><sln:powIIPWersja>2012-09-27T08:59:03+02:00</sln:powIIPWersja><sln:powIdTeryt>3008</sln:powIdTeryt><sln:powNazwa>kępiński</sln:powNazwa><sln:waznyOd>2014-08-08T00:00:00+02:00</sln:waznyOd><sln:wojIIPId>c606b01a-76c8-480d-9470-f24ca0d7a613</sln:wojIIPId><sln:wojIIPPn>PL.PZGIK.200</sln:wojIIPPn><sln:wojIIPWersja>2016-05-05T18:20:48+02:00</sln:wojIIPWersja><sln:wojIdTeryt>30</sln:wojIdTeryt><sln:wojNazwa>wielkopolskie</sln:wojNazwa></sln:miejscowosc><sln:miejscowosc><sln:cyklZyciaDo>2017-03-30T00:00:00+02:00</sln:cyklZyciaDo><sln:cyklZyciaOd>2015-02-16T00:00:00+01:00</sln:cyklZyciaOd><sln:gmIIPId>d7f5d7f4-e7c6-4011-99c8-f9880f62040a</sln:gmIIPId><sln:gmIIPPn>PL.PZGIK.200</sln:gmIIPPn><sln:gmIIPWersja>2012-09-26T22:24:47+02:00</sln:gmIIPWersja><sln:gmIdTeryt>3008042</sln:gmIdTeryt><sln:gmNazwa>Łęka Opatowska</sln:gmNazwa><sln:miejscIIPId>122737bb-6c7a-4fdd-b191-726ea4b03bb9</sln:miejscIIPId><sln:miejscIIPPn>PL.PZGIK.200</sln:miejscIIPPn><sln:miejscIIPWersja>2016-11-24T09:41:44+02:00</sln:miejscIIPWersja><sln:miejscIdTeryt>0203192</sln:miejscIdTeryt><sln:miejscNazwa>Trzebień</sln:miejscNazwa><sln:miejscRodzaj>Inny obiekt</sln:miejscRodzaj><sln:powIIPId>bc0136fd-720b-4f2b-8880-f08dbe76b7d2</sln:powIIPId><sln:powIIPPn>PL.PZGIK.200</sln:powIIPPn><sln:powIIPWersja>2012-09-27T08:59:03+02:00</sln:powIIPWersja><sln:powIdTeryt>3008</sln:powIdTeryt><sln:powNazwa>kępiński</sln:powNazwa><sln:waznyOd>2014-08-08T00:00:00+02:00</sln:waznyOd><sln:wojIIPId>c606b01a-76c8-480d-9470-f24ca0d7a613</sln:wojIIPId><sln:wojIIPPn>PL.PZGIK.200</sln:wojIIPPn><sln:wojIIPWersja>2016-05-05T18:20:48+02:00</sln:wojIIPWersja><sln:wojIdTeryt>30</sln:wojIdTeryt><sln:wojNazwa>wielkopolskie</sln:wojNazwa></sln:miejscowosc><sln:miejscowosc><sln:cyklZyciaDo>2017-03-30T00:00:00+02:00</sln:cyklZyciaDo><sln:cyklZyciaOd>2015-02-16T00:00:00+01:00</sln:cyklZyciaOd><sln:gmIIPId>d7f5d7f4-e7c6-4011-99c8-f9880f62040a</sln:gmIIPId><sln:gmIIPPn>PL.PZGIK.200</sln:gmIIPPn><sln:gmIIPWersja>2012-09-26T22:24:47+02:00</sln:gmIIPWersja><sln:gmIdTeryt>3008042</sln:gmIdTeryt><sln:gmNazwa>Łęka Opatowska</sln:gmNazwa><sln:miejscIIPId>8be4d7a7-24de-46ec-9e63-e63c72c6d6bf</sln:miejscIIPId><sln:miejscIIPPn>PL.PZGIK.200</sln:miejscIIPPn><sln:miejscIIPWersja>2016-11-24T09:41:44+02:00</sln:miejscIIPWersja><sln:miejscIdTeryt>0203163</sln:miejscIdTeryt><sln:miejscNazwa>Wesoła</sln:miejscNazwa><sln:miejscRodzaj>Inny obiekt</sln:miejscRodzaj><sln:powIIPId>bc0136fd-720b-4f2b-8880-f08dbe76b7d2</sln:powIIPId><sln:powIIPPn>PL.PZGIK.200</sln:powIIPPn><sln:powIIPWersja>2012-09-27T08:59:03+02:00</sln:powIIPWersja><sln:powIdTeryt>3008</sln:powIdTeryt><sln:powNazwa>kępiński</sln:powNazwa><sln:waznyOd>2014-08-08T00:00:00+02:00</sln:waznyOd><sln:wojIIPId>c606b01a-76c8-480d-9470-f24ca0d7a613</sln:wojIIPId><sln:wojIIPPn>PL.PZGIK.200</sln:wojIIPPn><sln:wojIIPWersja>2016-05-05T18:20:48+02:00</sln:wojIIPWersja><sln:wojIdTeryt>30</sln:wojIdTeryt><sln:wojNazwa>wielkopolskie</sln:wojNazwa></sln:miejscowosc><sln:miejscowosc><sln:cyklZyciaDo>2017-03-30T00:00:00+02:00</sln:cyklZyciaDo><sln:cyklZyciaOd>2015-02-16T00:00:00+01:00</sln:cyklZyciaOd><sln:gmIIPId>d7f5d7f4-e7c6-4011-99c8-f9880f62040a</sln:gmIIPId><sln:gmIIPPn>PL.PZGIK.200</sln:gmIIPPn><sln:gmIIPWersja>2012-09-26T22:24:47+02:00</sln:gmIIPWersja><sln:gmIdTeryt>3008042</sln:gmIdTeryt><sln:gmNazwa>Łęka Opatowska</sln:gmNazwa><sln:miejscIIPId>914adae8-7400-4b0b-8f2e-c03258c39df8</sln:miejscIIPId><sln:miejscIIPPn>PL.PZGIK.200</sln:miejscIIPPn><sln:miejscIIPWersja>2016-11-24T09:41:44+02:00</sln:miejscIIPWersja><sln:miejscIdTeryt>0203230</sln:miejscIdTeryt><sln:miejscNazwa>Zmyślona Słupska</sln:miejscNazwa><sln:miejscRodzaj>Inny obiekt</sln:miejscRodzaj><sln:powIIPId>bc0136fd-720b-4f2b-8880-f08dbe76b7d2</sln:powIIPId><sln:powIIPPn>PL.PZGIK.200</sln:powIIPPn><sln:powIIPWersja>2012-09-27T08:59:03+02:00</sln:powIIPWersja><sln:powIdTeryt>3008</sln:powIdTeryt><sln:powNazwa>kępiński</sln:powNazwa><sln:waznyOd>2014-08-08T00:00:00+02:00</sln:waznyOd><sln:wojIIPId>c606b01a-76c8-480d-9470-f24ca0d7a613</sln:wojIIPId><sln:wojIIPPn>PL.PZGIK.200</sln:wojIIPPn><sln:wojIIPWersja>2016-05-05T18:20:48+02:00</sln:wojIIPWersja><sln:wojIdTeryt>30</sln:wojIdTeryt><sln:wojNazwa>wielkopolskie</sln:wojNazwa></sln:miejscowosc><sln:miejscowosc><sln:cyklZyciaOd>2017-03-30T00:00:00+02:00</sln:cyklZyciaOd><sln:gmIIPId>d7f5d7f4-e7c6-4011-99c8-f9880f62040a</sln:gmIIPId><sln:gmIIPPn>PL.PZGIK.200</sln:gmIIPPn><sln:gmIIPWersja>2012-09-26T22:24:47+02:00</sln:gmIIPWersja><sln:gmIdTeryt>3008042</sln:gmIdTeryt><sln:gmNazwa>Łęka Opatowska</sln:gmNazwa><sln:miejscIIPId>d7a5fe41-11e0-434f-a563-ea169b2ec718</sln:miejscIIPId><sln:miejscIIPPn>PL.PZGIK.200</sln:miejscIIPPn><sln:miejscIIPWersja>2017-03-30T09:43:38+02:00</sln:miejscIIPWersja><sln:miejscIdTeryt>0202867</sln:miejscIdTeryt><sln:miejscNazwa>Biadaszki</sln:miejscNazwa><sln:miejscRodzaj>Wieś</sln:miejscRodzaj><sln:powIIPId>bc0136fd-720b-4f2b-8880-f08dbe76b7d2</sln:powIIPId><sln:powIIPPn>PL.PZGIK.200</sln:powIIPPn><sln:powIIPWersja>2012-09-27T08:59:03+02:00</sln:powIIPWersja><sln:powIdTeryt>3008</sln:powIdTeryt><sln:powNazwa>kępiński</sln:powNazwa><sln:waznyOd>2014-08-08T00:00:00+02:00</sln:waznyOd><sln:wojIIPId>c606b01a-76c8-480d-9470-f24ca0d7a613</sln:wojIIPId><sln:wojIIPPn>PL.PZGIK.200</sln:wojIIPPn><sln:wojIIPWersja>2016-05-05T18:20:48+02:00</sln:wojIIPWersja><sln:wojIdTeryt>30</sln:wojIdTeryt><sln:wojNazwa>wielkopolskie</sln:wojNazwa></sln:miejscowosc><sln:miejscowosc><sln:cyklZyciaOd>2017-03-30T00:00:00+02:00</sln:cyklZyciaOd><sln:gmIIPId>d7f5d7f4-e7c6-4011-99c8-f9880f62040a</sln:gmIIPId><sln:gmIIPPn>PL.PZGIK.200</sln:gmIIPPn><sln:gmIIPWersja>2012-09-26T22:24:47+02:00</sln:gmIIPWersja><sln:gmIdTeryt>3008042</sln:gmIdTeryt><sln:gmNazwa>Łęka Opatowska</sln:gmNazwa><sln:miejscIIPId>dc470612-d6ad-4e77-b4e7-63556e86278d</sln:miejscIIPId><sln:miejscIIPPn>PL.PZGIK.200</sln:miejscIIPPn><sln:miejscIIPWersja>2017-03-30T09:43:43+02:00</sln:miejscIIPWersja><sln:miejscIdTeryt>0202927</sln:miejscIdTeryt><sln:miejscNazwa>Kuźnica Słupska</sln:miejscNazwa><sln:miejscRodzaj>Wieś</sln:miejscRodzaj><sln:powIIPId>bc0136fd-720b-4f2b-8880-f08dbe76b7d2</sln:powIIPId><sln:powIIPPn>PL.PZGIK.200</sln:powIIPPn><sln:powIIPWersja>2012-09-27T08:59:03+02:00</sln:powIIPWersja><sln:powIdTeryt>3008</sln:powIdTeryt><sln:powNazwa>kępiński</sln:powNazwa><sln:waznyOd>2014-08-08T00:00:00+02:00</sln:waznyOd><sln:wojIIPId>c606b01a-76c8-480d-9470-f24ca0d7a613</sln:wojIIPId><sln:wojIIPPn>PL.PZGIK.200</sln:wojIIPPn><sln:wojIIPWersja>2016-05-05T18:20:48+02:00</sln:wojIIPWersja><sln:wojIdTeryt>30</sln:wojIdTeryt><sln:wojNazwa>wielkopolskie</sln:wojNazwa></sln:miejscowosc><sln:miejscowosc><sln:cyklZyciaOd>2017-03-30T00:00:00+02:00</sln:cyklZyciaOd><sln:gmIIPId>d7f5d7f4-e7c6-4011-99c8-f9880f62040a</sln:gmIIPId><sln:gmIIPPn>PL.PZGIK.200</sln:gmIIPPn><sln:gmIIPWersja>2012-09-26T22:24:47+02:00</sln:gmIIPWersja><sln:gmIdTeryt>3008042</sln:gmIdTeryt><sln:gmNazwa>Łęka Opatowska</sln:gmNazwa><sln:miejscIIPId>b6dd0f0a-775d-4d0a-9883-0fdbd7efb714</sln:miejscIIPId><sln:miejscIIPPn>PL.PZGIK.200</sln:miejscIIPPn><sln:miejscIIPWersja>2017-03-30T09:43:44+02:00</sln:miejscIIPWersja><sln:miejscIdTeryt>0202933</sln:miejscIdTeryt><sln:miejscNazwa>Stogniew</sln:miejscNazwa><sln:miejscRodzaj>Osada</sln:miejscRodzaj><sln:powIIPId>bc0136fd-720b-4f2b-8880-f08dbe76b7d2</sln:powIIPId><sln:powIIPPn>PL.PZGIK.200</sln:powIIPPn><sln:powIIPWersja>2012-09-27T08:59:03+02:00</sln:powIIPWersja><sln:powIdTeryt>3008</sln:powIdTeryt><sln:powNazwa>kępiński</sln:powNazwa><sln:waznyOd>2014-08-08T00:00:00+02:00</sln:waznyOd><sln:wojIIPId>c606b01a-76c8-480d-9470-f24ca0d7a613</sln:wojIIPId><sln:wojIIPPn>PL.PZGIK.200</sln:wojIIPPn><sln:wojIIPWersja>2016-05-05T18:20:48+02:00</sln:wojIIPWersja><sln:wojIdTeryt>30</sln:wojIdTeryt><sln:wojNazwa>wielkopolskie</sln:wojNazwa></sln:miejscowosc><sln:miejscowosc><sln:cyklZyciaOd>2017-03-30T00:00:00+02:00</sln:cyklZyciaOd><sln:gmIIPId>d7f5d7f4-e7c6-4011-99c8-f9880f62040a</sln:gmIIPId><sln:gmIIPPn>PL.PZGIK.200</sln:gmIIPPn><sln:gmIIPWersja>2012-09-26T22:24:47+02:00</sln:gmIIPWersja><sln:gmIdTeryt>3008042</sln:gmIdTeryt><sln:gmNazwa>Łęka Opatowska</sln:gmNazwa><sln:miejscIIPId>9e9c8668-24cc-44cb-a716-72fe9a776323</sln:miejscIIPId><sln:miejscIIPPn>PL.PZGIK.200</sln:miejscIIPPn><sln:miejscIIPWersja>2017-03-30T09:43:44+02:00</sln:miejscIIPWersja><sln:miejscIdTeryt>0202940</sln:miejscIdTeryt><sln:miejscNazwa>Lipie</sln:miejscNazwa><sln:miejscRodzaj>Wieś</sln:miejscRodzaj><sln:powIIPId>bc0136fd-720b-4f2b-8880-f08dbe76b7d2</sln:powIIPId><sln:powIIPPn>PL.PZGIK.200</sln:powIIPPn><sln:powIIPWersja>2012-09-27T08:59:03+02:00</sln:powIIPWersja><sln:powIdTeryt>3008</sln:powIdTeryt><sln:powNazwa>kępiński</sln:powNazwa><sln:waznyOd>2014-08-08T00:00:00+02:00</sln:waznyOd><sln:wojIIPId>c606b01a-76c8-480d-9470-f24ca0d7a613</sln:wojIIPId><sln:wojIIPPn>PL.PZGIK.200</sln:wojIIPPn><sln:wojIIPWersja>2016-05-05T18:20:48+02:00</sln:wojIIPWersja><sln:wojIdTeryt>30</sln:wojIdTeryt><sln:wojNazwa>wielkopolskie</sln:wojNazwa></sln:miejscowosc><sln:miejscowosc><sln:cyklZyciaOd>2017-03-30T00:00:00+02:00</sln:cyklZyciaOd><sln:gmIIPId>d7f5d7f4-e7c6-4011-99c8-f9880f62040a</sln:gmIIPId><sln:gmIIPPn>PL.PZGIK.200</sln:gmIIPPn><sln:gmIIPWersja>2012-09-26T22:24:47+02:00</sln:gmIIPWersja><sln:gmIdTeryt>3008042</sln:gmIdTeryt><sln:gmNazwa>Łęka Opatowska</sln:gmNazwa><sln:miejscIIPId>9d167aa7-1394-437a-b0fb-5df6c6b1bb27</sln:miejscIIPId><sln:miejscIIPPn>PL.PZGIK.200</sln:miejscIIPPn><sln:miejscIIPWersja>2017-03-30T09:43:44+02:00</sln:miejscIIPWersja><sln:miejscIdTeryt>0202962</sln:miejscIdTeryt><sln:miejscNazwa>Łęka Opatowska</sln:miejscNazwa><sln:miejscRodzaj>Wieś</sln:miejscRodzaj><sln:powIIPId>bc0136fd-720b-4f2b-8880-f08dbe76b7d2</sln:powIIPId><sln:powIIPPn>PL.PZGIK.200</sln:powIIPPn><sln:powIIPWersja>2012-09-27T08:59:03+02:00</sln:powIIPWersja><sln:powIdTeryt>3008</sln:powIdTeryt><sln:powNazwa>kępiński</sln:powNazwa><sln:waznyOd>2014-08-08T00:00:00+02:00</sln:waznyOd><sln:wojIIPId>c606b01a-76c8-480d-9470-f24ca0d7a613</sln:wojIIPId><sln:wojIIPPn>PL.PZGIK.200</sln:wojIIPPn><sln:wojIIPWersja>2016-05-05T18:20:48+02:00</sln:wojIIPWersja><sln:wojIdTeryt>30</sln:wojIdTeryt><sln:wojNazwa>wielkopolskie</sln:wojNazwa></sln:miejscowosc><sln:miejscowosc><sln:cyklZyciaOd>2017-03-30T00:00:00+02:00</sln:cyklZyciaOd><sln:gmIIPId>d7f5d7f4-e7c6-4011-99c8-f9880f62040a</sln:gmIIPId><sln:gmIIPPn>PL.PZGIK.200</sln:gmIIPPn><sln:gmIIPWersja>2012-09-26T22:24:47+02:00</sln:gmIIPWersja><sln:gmIdTeryt>3008042</sln:gmIdTeryt><sln:gmNazwa>Łęka Opatowska</sln:gmNazwa><sln:miejscIIPId>1fa5a54d-a45e-4580-aac9-19ed551609d5</sln:miejscIIPId><sln:miejscIIPPn>PL.PZGIK.200</sln:miejscIIPPn><sln:miejscIIPWersja>2017-03-30T09:43:44+02:00</sln:miejscIIPWersja><sln:miejscIdTeryt>0202985</sln:miejscIdTeryt><sln:miejscNazwa>Marianka Siemieńska</sln:miejscNazwa><sln:miejscRodzaj>Wieś</sln:miejscRodzaj><sln:powIIPId>bc0136fd-720b-4f2b-8880-f08dbe76b7d2</sln:powIIPId><sln:powIIPPn>PL.PZGIK.200</sln:powIIPPn><sln:powIIPWersja>2012-09-27T08:59:03+02:00</sln:powIIPWersja><sln:powIdTeryt>3008</sln:powIdTeryt><sln:powNazwa>kępiński</sln:powNazwa><sln:waznyOd>2014-08-08T00:00:00+02:00</sln:waznyOd><sln:wojIIPId>c606b01a-76c8-480d-9470-f24ca0d7a613</sln:wojIIPId><sln:wojIIPPn>PL.PZGIK.200</sln:wojIIPPn><sln:wojIIPWersja>2016-05-05T18:20:48+02:00</sln:wojIIPWersja><sln:wojIdTeryt>30</sln:wojIdTeryt><sln:wojNazwa>wielkopolskie</sln:wojNazwa></sln:miejscowosc><sln:miejscowosc><sln:cyklZyciaOd>2017-03-30T00:00:00+02:00</sln:cyklZyciaOd><sln:gmIIPId>d7f5d7f4-e7c6-4011-99c8-f9880f62040a</sln:gmIIPId><sln:gmIIPPn>PL.PZGIK.200</sln:gmIIPPn><sln:gmIIPWersja>2012-09-26T22:24:47+02:00</sln:gmIIPWersja><sln:gmIdTeryt>3008042</sln:gmIdTeryt><sln:gmNazwa>Łęka Opatowska</sln:gmNazwa><sln:miejscIIPId>0a10bcad-3a0a-49e6-be1e-94e577d02888</sln:miejscIIPId><sln:miejscIIPPn>PL.PZGIK.200</sln:miejscIIPPn><sln:miejscIIPWersja>2017-03-30T09:43:44+02:00</sln:miejscIIPWersja><sln:miejscIdTeryt>0203000</sln:miejscIdTeryt><sln:miejscNazwa>Opatów</sln:miejscNazwa><sln:miejscRodzaj>Wieś</sln:miejscRodzaj><sln:powIIPId>bc0136fd-720b-4f2b-8880-f08dbe76b7d2</sln:powIIPId><sln:powIIPPn>PL.PZGIK.200</sln:powIIPPn><sln:powIIPWersja>2012-09-27T08:59:03+02:00</sln:powIIPWersja><sln:powIdTeryt>3008</sln:powIdTeryt><sln:powNazwa>kępiński</sln:powNazwa><sln:waznyOd>2014-08-08T00:00:00+02:00</sln:waznyOd><sln:wojIIPId>c606b01a-76c8-480d-9470-f24ca0d7a613</sln:wojIIPId><sln:wojIIPPn>PL.PZGIK.200</sln:wojIIPPn><sln:wojIIPWersja>2016-05-05T18:20:48+02:00</sln:wojIIPWersja><sln:wojIdTeryt>30</sln:wojIdTeryt><sln:wojNazwa>wielkopolskie</sln:wojNazwa></sln:miejscowosc><sln:miejscowosc><sln:cyklZyciaOd>2017-03-30T00:00:00+02:00</sln:cyklZyciaOd><sln:gmIIPId>d7f5d7f4-e7c6-4011-99c8-f9880f62040a</sln:gmIIPId><sln:gmIIPPn>PL.PZGIK.200</sln:gmIIPPn><sln:gmIIPWersja>2012-09-26T22:24:47+02:00</sln:gmIIPWersja><sln:gmIdTeryt>3008042</sln:gmIdTeryt><sln:gmNazwa>Łęka Opatowska</sln:gmNazwa><sln:miejscIIPId>5c502c96-56ca-4b00-b820-e440e2f6eae2</sln:miejscIIPId><sln:miejscIIPPn>PL.PZGIK.200</sln:miejscIIPPn><sln:miejscIIPWersja>2017-03-30T09:43:44+02:00</sln:miejscIIPWersja><sln:miejscIdTeryt>0203074</sln:miejscIdTeryt><sln:miejscNazwa>Piaski</sln:miejscNazwa><sln:miejscRodzaj>Wieś</sln:miejscRodzaj><sln:powIIPId>bc0136fd-720b-4f2b-8880-f08dbe76b7d2</sln:powIIPId><sln:powIIPPn>PL.PZGIK.200</sln:powIIPPn><sln:powIIPWersja>2012-09-27T08:59:03+02:00</sln:powIIPWersja><sln:powIdTeryt>3008</sln:powIdTeryt><sln:powNazwa>kępiński</sln:powNazwa><sln:waznyOd>2014-08-08T00:00:00+02:00</sln:waznyOd><sln:wojIIPId>c606b01a-76c8-480d-9470-f24ca0d7a613</sln:wojIIPId><sln:wojIIPPn>PL.PZGIK.200</sln:wojIIPPn><sln:wojIIPWersja>2016-05-05T18:20:48+02:00</sln:wojIIPWersja><sln:wojIdTeryt>30</sln:wojIdTeryt><sln:wojNazwa>wielkopolskie</sln:wojNazwa></sln:miejscowosc><sln:miejscowosc><sln:cyklZyciaOd>2017-03-30T00:00:00+02:00</sln:cyklZyciaOd><sln:gmIIPId>d7f5d7f4-e7c6-4011-99c8-f9880f62040a</sln:gmIIPId><sln:gmIIPPn>PL.PZGIK.200</sln:gmIIPPn><sln:gmIIPWersja>2012-09-26T22:24:47+02:00</sln:gmIIPWersja><sln:gmIdTeryt>3008042</sln:gmIdTeryt><sln:gmNazwa>Łęka Opatowska</sln:gmNazwa><sln:miejscIIPId>bd92220a-a873-49b3-9603-af2c75ea4d5d</sln:miejscIIPId><sln:miejscIIPPn>PL.PZGIK.200</sln:miejscIIPPn><sln:miejscIIPWersja>2017-03-30T09:43:44+02:00</sln:miejscIIPWersja><sln:miejscIdTeryt>0203080</sln:miejscIdTeryt><sln:miejscNazwa>Opatowiec</sln:miejscNazwa><sln:miejscRodzaj>Kolonia</sln:miejscRodzaj><sln:powIIPId>bc0136fd-720b-4f2b-8880-f08dbe76b7d2</sln:powIIPId><sln:powIIPPn>PL.PZGIK.200</sln:powIIPPn><sln:powIIPWersja>2012-09-27T08:59:03+02:00</sln:powIIPWersja><sln:powIdTeryt>3008</sln:powIdTeryt><sln:powNazwa>kępiński</sln:powNazwa><sln:waznyOd>2014-08-08T00:00:00+02:00</sln:waznyOd><sln:wojIIPId>c606b01a-76c8-480d-9470-f24ca0d7a613</sln:wojIIPId><sln:wojIIPPn>PL.PZGIK.200</sln:wojIIPPn><sln:wojIIPWersja>2016-05-05T18:20:48+02:00</sln:wojIIPWersja><sln:wojIdTeryt>30</sln:wojIdTeryt><sln:wojNazwa>wielkopolskie</sln:wojNazwa></sln:miejscowosc><sln:miejscowosc><sln:cyklZyciaOd>2017-03-30T00:00:00+02:00</sln:cyklZyciaOd><sln:gmIIPId>d7f5d7f4-e7c6-4011-99c8-f9880f62040a</sln:gmIIPId><sln:gmIIPPn>PL.PZGIK.200</sln:gmIIPPn><sln:gmIIPWersja>2012-09-26T22:24:47+02:00</sln:gmIIPWersja><sln:gmIdTeryt>3008042</sln:gmIdTeryt><sln:gmNazwa>Łęka Opatowska</sln:gmNazwa><sln:miejscIIPId>f3ffb3ea-726b-45d3-bb5f-817b0bb1fc3b</sln:miejscIIPId><sln:miejscIIPPn>PL.PZGIK.200</sln:miejscIIPPn><sln:miejscIIPWersja>2017-03-30T09:43:44+02:00</sln:miejscIIPWersja><sln:miejscIdTeryt>0203097</sln:miejscIdTeryt><sln:miejscNazwa>Raków</sln:miejscNazwa><sln:miejscRodzaj>Wieś</sln:miejscRodzaj><sln:powIIPId>bc0136fd-720b-4f2b-8880-f08dbe76b7d2</sln:powIIPId><sln:powIIPPn>PL.PZGIK.200</sln:powIIPPn><sln:powIIPWersja>2012-09-27T08:59:03+02:00</sln:powIIPWersja><sln:powIdTeryt>3008</sln:powIdTeryt><sln:powNazwa>kępiński</sln:powNazwa><sln:waznyOd>2014-08-08T00:00:00+02:00</sln:waznyOd><sln:wojIIPId>c606b01a-76c8-480d-9470-f24ca0d7a613</sln:wojIIPId><sln:wojIIPPn>PL.PZGIK.200</sln:wojIIPPn><sln:wojIIPWersja>2016-05-05T18:20:48+02:00</sln:wojIIPWersja><sln:wojIdTeryt>30</sln:wojIdTeryt><sln:wojNazwa>wielkopolskie</sln:wojNazwa></sln:miejscowosc><sln:miejscowosc><sln:cyklZyciaOd>2017-03-30T00:00:00+02:00</sln:cyklZyciaOd><sln:gmIIPId>d7f5d7f4-e7c6-4011-99c8-f9880f62040a</sln:gmIIPId><sln:gmIIPPn>PL.PZGIK.200</sln:gmIIPPn><sln:gmIIPWersja>2012-09-26T22:24:47+02:00</sln:gmIIPWersja><sln:gmIdTeryt>3008042</sln:gmIdTeryt><sln:gmNazwa>Łęka Opatowska</sln:gmNazwa><sln:miejscIIPId>b0abfc18-0737-4b1d-9494-d06ab2a987cf</sln:miejscIIPId><sln:miejscIIPPn>PL.PZGIK.200</sln:miejscIIPPn><sln:miejscIIPWersja>2017-03-30T09:43:44+02:00</sln:miejscIIPWersja><sln:miejscIdTeryt>0203128</sln:miejscIdTeryt><sln:miejscNazwa>Siemianice</sln:miejscNazwa><sln:miejscRodzaj>Wieś</sln:miejscRodzaj><sln:powIIPId>bc0136fd-720b-4f2b-8880-f08dbe76b7d2</sln:powIIPId><sln:powIIPPn>PL.PZGIK.200</sln:powIIPPn><sln:powIIPWersja>2012-09-27T08:59:03+02:00</sln:powIIPWersja><sln:powIdTeryt>3008</sln:powIdTeryt><sln:powNazwa>kępiński</sln:powNazwa><sln:waznyOd>2014-08-08T00:00:00+02:00</sln:waznyOd><sln:wojIIPId>c606b01a-76c8-480d-9470-f24ca0d7a613</sln:wojIIPId><sln:wojIIPPn>PL.PZGIK.200</sln:wojIIPPn><sln:wojIIPWersja>2016-05-05T18:20:48+02:00</sln:wojIIPWersja><sln:wojIdTeryt>30</sln:wojIdTeryt><sln:wojNazwa>wielkopolskie</sln:wojNazwa></sln:miejscowosc><sln:miejscowosc><sln:cyklZyciaOd>2017-03-30T00:00:00+02:00</sln:cyklZyciaOd><sln:gmIIPId>d7f5d7f4-e7c6-4011-99c8-f9880f62040a</sln:gmIIPId><sln:gmIIPPn>PL.PZGIK.200</sln:gmIIPPn><sln:gmIIPWersja>2012-09-26T22:24:47+02:00</sln:gmIIPWersja><sln:gmIdTeryt>3008042</sln:gmIdTeryt><sln:gmNazwa>Łęka Opatowska</sln:gmNazwa><sln:miejscIIPId>9160677d-f616-4b52-bd0c-2b50d9d822b5</sln:miejscIIPId><sln:miejscIIPPn>PL.PZGIK.200</sln:miejscIIPPn><sln:miejscIIPWersja>2017-03-30T09:43:44+02:00</sln:miejscIIPWersja><sln:miejscIdTeryt>0203140</sln:miejscIdTeryt><sln:miejscNazwa>Granice</sln:miejscNazwa><sln:miejscRodzaj>Osada</sln:miejscRodzaj><sln:powIIPId>bc0136fd-720b-4f2b-8880-f08dbe76b7d2</sln:powIIPId><sln:powIIPPn>PL.PZGIK.200</sln:powIIPPn><sln:powIIPWersja>2012-09-27T08:59:03+02:00</sln:powIIPWersja><sln:powIdTeryt>3008</sln:powIdTeryt><sln:powNazwa>kępiński</sln:powNazwa><sln:waznyOd>2014-08-08T00:00:00+02:00</sln:waznyOd><sln:wojIIPId>c606b01a-76c8-480d-9470-f24ca0d7a613</sln:wojIIPId><sln:wojIIPPn>PL.PZGIK.200</sln:wojIIPPn><sln:wojIIPWersja>2016-05-05T18:20:48+02:00</sln:wojIIPWersja><sln:wojIdTeryt>30</sln:wojIdTeryt><sln:wojNazwa>wielkopolskie</sln:wojNazwa></sln:miejscowosc><sln:miejscowosc><sln:cyklZyciaOd>2017-03-30T00:00:00+02:00</sln:cyklZyciaOd><sln:gmIIPId>d7f5d7f4-e7c6-4011-99c8-f9880f62040a</sln:gmIIPId><sln:gmIIPPn>PL.PZGIK.200</sln:gmIIPPn><sln:gmIIPWersja>2012-09-26T22:24:47+02:00</sln:gmIIPWersja><sln:gmIdTeryt>3008042</sln:gmIdTeryt><sln:gmNazwa>Łęka Opatowska</sln:gmNazwa><sln:miejscIIPId>3af055ce-eb00-494a-b8f6-33bfa3d559b4</sln:miejscIIPId><sln:miejscIIPPn>PL.PZGIK.200</sln:miejscIIPPn><sln:miejscIIPWersja>2017-03-30T09:43:44+02:00</sln:miejscIIPWersja><sln:miejscIdTeryt>0203157</sln:miejscIdTeryt><sln:miejscNazwa>Klasak</sln:miejscNazwa><sln:miejscRodzaj>Osada</sln:miejscRodzaj><sln:powIIPId>bc0136fd-720b-4f2b-8880-f08dbe76b7d2</sln:powIIPId><sln:powIIPPn>PL.PZGIK.200</sln:powIIPPn><sln:powIIPWersja>2012-09-27T08:59:03+02:00</sln:powIIPWersja><sln:powIdTeryt>3008</sln:powIdTeryt><sln:powNazwa>kępiński</sln:powNazwa><sln:waznyOd>2014-08-08T00:00:00+02:00</sln:waznyOd><sln:wojIIPId>c606b01a-76c8-480d-9470-f24ca0d7a613</sln:wojIIPId><sln:wojIIPPn>PL.PZGIK.200</sln:wojIIPPn><sln:wojIIPWersja>2016-05-05T18:20:48+02:00</sln:wojIIPWersja><sln:wojIdTeryt>30</sln:wojIdTeryt><sln:wojNazwa>wielkopolskie</sln:wojNazwa></sln:miejscowosc><sln:miejscowosc><sln:cyklZyciaOd>2017-03-30T00:00:00+02:00</sln:cyklZyciaOd><sln:gmIIPId>d7f5d7f4-e7c6-4011-99c8-f9880f62040a</sln:gmIIPId><sln:gmIIPPn>PL.PZGIK.200</sln:gmIIPPn><sln:gmIIPWersja>2012-09-26T22:24:47+02:00</sln:gmIIPWersja><sln:gmIdTeryt>3008042</sln:gmIdTeryt><sln:gmNazwa>Łęka Opatowska</sln:gmNazwa><sln:miejscIIPId>8be4d7a7-24de-46ec-9e63-e63c72c6d6bf</sln:miejscIIPId><sln:miejscIIPPn>PL.PZGIK.200</sln:miejscIIPPn><sln:miejscIIPWersja>2017-03-30T09:43:45+02:00</sln:miejscIIPWersja><sln:miejscIdTeryt>0203163</sln:miejscIdTeryt><sln:miejscNazwa>Wesoła</sln:miejscNazwa><sln:miejscRodzaj>Osada leśna</sln:miejscRodzaj><sln:powIIPId>bc0136fd-720b-4f2b-8880-f08dbe76b7d2</sln:powIIPId><sln:powIIPPn>PL.PZGIK.200</sln:powIIPPn><sln:powIIPWersja>2012-09-27T08:59:03+02:00</sln:powIIPWersja><sln:powIdTeryt>3008</sln:powIdTeryt><sln:powNazwa>kępiński</sln:powNazwa><sln:waznyOd>2014-08-08T00:00:00+02:00</sln:waznyOd><sln:wojIIPId>c606b01a-76c8-480d-9470-f24ca0d7a613</sln:wojIIPId><sln:wojIIPPn>PL.PZGIK.200</sln:wojIIPPn><sln:wojIIPWersja>2016-05-05T18:20:48+02:00</sln:wojIIPWersja><sln:wojIdTeryt>30</sln:wojIdTeryt><sln:wojNazwa>wielkopolskie</sln:wojNazwa></sln:miejscowosc><sln:miejscowosc><sln:cyklZyciaOd>2017-03-30T00:00:00+02:00</sln:cyklZyciaOd><sln:gmIIPId>d7f5d7f4-e7c6-4011-99c8-f9880f62040a</sln:gmIIPId><sln:gmIIPPn>PL.PZGIK.200</sln:gmIIPPn><sln:gmIIPWersja>2012-09-26T22:24:47+02:00</sln:gmIIPWersja><sln:gmIdTeryt>3008042</sln:gmIdTeryt><sln:gmNazwa>Łęka Opatowska</sln:gmNazwa><sln:miejscIIPId>5352aea5-c1fa-4e8c-8a57-6a44aa1ffcb5</sln:miejscIIPId><sln:miejscIIPPn>PL.PZGIK.200</sln:miejscIIPPn><sln:miejscIIPWersja>2017-03-30T09:43:45+02:00</sln:miejscIIPWersja><sln:miejscIdTeryt>0203170</sln:miejscIdTeryt><sln:miejscNazwa>Szalonka</sln:miejscNazwa><sln:miejscRodzaj>Wieś</sln:miejscRodzaj><sln:powIIPId>bc0136fd-720b-4f2b-8880-f08dbe76b7d2</sln:powIIPId><sln:powIIPPn>PL.PZGIK.200</sln:powIIPPn><sln:powIIPWersja>2012-09-27T08:59:03+02:00</sln:powIIPWersja><sln:powIdTeryt>3008</sln:powIdTeryt><sln:powNazwa>kępiński</sln:powNazwa><sln:waznyOd>2014-08-08T00:00:00+02:00</sln:waznyOd><sln:wojIIPId>c606b01a-76c8-480d-9470-f24ca0d7a613</sln:wojIIPId><sln:wojIIPPn>PL.PZGIK.200</sln:wojIIPPn><sln:wojIIPWersja>2016-05-05T18:20:48+02:00</sln:wojIIPWersja><sln:wojIdTeryt>30</sln:wojIdTeryt><sln:wojNazwa>wielkopolskie</sln:wojNazwa></sln:miejscowosc><sln:miejscowosc><sln:cyklZyciaOd>2017-03-30T00:00:00+02:00</sln:cyklZyciaOd><sln:gmIIPId>d7f5d7f4-e7c6-4011-99c8-f9880f62040a</sln:gmIIPId><sln:gmIIPPn>PL.PZGIK.200</sln:gmIIPPn><sln:gmIIPWersja>2012-09-26T22:24:47+02:00</sln:gmIIPWersja><sln:gmIdTeryt>3008042</sln:gmIdTeryt><sln:gmNazwa>Łęka Opatowska</sln:gmNazwa><sln:miejscIIPId>122737bb-6c7a-4fdd-b191-726ea4b03bb9</sln:miejscIIPId><sln:miejscIIPPn>PL.PZGIK.200</sln:miejscIIPPn><sln:miejscIIPWersja>2017-03-30T09:43:45+02:00</sln:miejscIIPWersja><sln:miejscIdTeryt>0203192</sln:miejscIdTeryt><sln:miejscNazwa>Trzebień</sln:miejscNazwa><sln:miejscRodzaj>Wieś</sln:miejscRodzaj><sln:powIIPId>bc0136fd-720b-4f2b-8880-f08dbe76b7d2</sln:powIIPId><sln:powIIPPn>PL.PZGIK.200</sln:powIIPPn><sln:powIIPWersja>2012-09-27T08:59:03+02:00</sln:powIIPWersja><sln:powIdTeryt>3008</sln:powIdTeryt><sln:powNazwa>kępiński</sln:powNazwa><sln:waznyOd>2014-08-08T00:00:00+02:00</sln:waznyOd><sln:wojIIPId>c606b01a-76c8-480d-9470-f24ca0d7a613</sln:wojIIPId><sln:wojIIPPn>PL.PZGIK.200</sln:wojIIPPn><sln:wojIIPWersja>2016-05-05T18:20:48+02:00</sln:wojIIPWersja><sln:wojIdTeryt>30</sln:wojIdTeryt><sln:wojNazwa>wielkopolskie</sln:wojNazwa></sln:miejscowosc><sln:miejscowosc><sln:cyklZyciaOd>2017-03-30T00:00:00+02:00</sln:cyklZyciaOd><sln:gmIIPId>d7f5d7f4-e7c6-4011-99c8-f9880f62040a</sln:gmIIPId><sln:gmIIPPn>PL.PZGIK.200</sln:gmIIPPn><sln:gmIIPWersja>2012-09-26T22:24:47+02:00</sln:gmIIPWersja><sln:gmIdTeryt>3008042</sln:gmIdTeryt><sln:gmNazwa>Łęka Opatowska</sln:gmNazwa><sln:miejscIIPId>914adae8-7400-4b0b-8f2e-c03258c39df8</sln:miejscIIPId><sln:miejscIIPPn>PL.PZGIK.200</sln:miejscIIPPn><sln:miejscIIPWersja>2017-03-30T09:43:45+02:00</sln:miejscIIPWersja><sln:miejscIdTeryt>0203230</sln:miejscIdTeryt><sln:miejscNazwa>Zmyślona Słupska</sln:miejscNazwa><sln:miejscRodzaj>Wieś</sln:miejscRodzaj><sln:powIIPId>bc0136fd-720b-4f2b-8880-f08dbe76b7d2</sln:powIIPId><sln:powIIPPn>PL.PZGIK.200</sln:powIIPPn><sln:powIIPWersja>2012-09-27T08:59:03+02:00</sln:powIIPWersja><sln:powIdTeryt>3008</sln:powIdTeryt><sln:powNazwa>kępiński</sln:powNazwa><sln:waznyOd>2014-08-08T00:00:00+02:00</sln:waznyOd><sln:wojIIPId>c606b01a-76c8-480d-9470-f24ca0d7a613</sln:wojIIPId><sln:wojIIPPn>PL.PZGIK.200</sln:wojIIPPn><sln:wojIIPWersja>2016-05-05T18:20:48+02:00</sln:wojIIPWersja><sln:wojIdTeryt>30</sln:wojIdTeryt><sln:wojNazwa>wielkopolskie</sln:wojNazwa></sln:miejscowosc></sln:lista-miejscowosci>