<?xml version="1.0" encoding="UTF-8" standalone="yes"?><sln:lista-miejscowosci xmlns:srv="http://gugik.gov.pl/schemas/slowniki-service/1.0" xmlns:sln="http://gugik.gov.pl/schemas/slowniki-schema/1.0"><sln:miejscowosc><sln:cyklZyciaOd>2014-12-10T00:00:00+01:00</sln:cyklZyciaOd><sln:gmIIPId>83ed2548-dcf3-4942-a381-abd791eca119</sln:gmIIPId><sln:gmIIPPn>PL.PZGIK.200</sln:gmIIPPn><sln:gmIIPWersja>2012-09-26T22:24:15+02:00</sln:gmIIPWersja><sln:gmIdTeryt>3003011</sln:gmIdTeryt><sln:gmNazwa>Gniezno</sln:gmNazwa><sln:miejscIIPId>f2e2f937-83b6-4143-8230-e9daac17fcab</sln:miejscIIPId><sln:miejscIIPPn>PL.PZGIK.200</sln:miejscIIPPn><sln:miejscIIPWersja>2016-11-24T13:54:02+02:00</sln:miejscIIPWersja><sln:miejscIdTeryt>0970721</sln:miejscIdTeryt><sln:miejscNazwa>Kustodia</sln:miejscNazwa><sln:miejscRodzaj>Inny obiekt</sln:miejscRodzaj><sln:powIIPId>9d8be336-ec60-484e-a218-bd6a57c56b5c</sln:powIIPId><sln:powIIPPn>PL.PZGIK.200</sln:powIIPPn><sln:powIIPWersja>2012-09-27T08:59:03+02:00</sln:powIIPWersja><sln:powIdTeryt>3003</sln:powIdTeryt><sln:powNazwa>gnieźnieński</sln:powNazwa><sln:wojIIPId>c606b01a-76c8-480d-9470-f24ca0d7a613</sln:wojIIPId><sln:wojIIPPn>PL.PZGIK.200</sln:wojIIPPn><sln:wojIIPWersja>2016-05-05T18:20:48+02:00</sln:wojIIPWersja><sln:wojIdTeryt>30</sln:wojIdTeryt><sln:wojNazwa>wielkopolskie</sln:wojNazwa></sln:miejscowosc><sln:miejscowosc><sln:cyklZyciaOd>2014-12-10T00:00:00+01:00</sln:cyklZyciaOd><sln:gmIIPId>83ed2548-dcf3-4942-a381-abd791eca119</sln:gmIIPId><sln:gmIIPPn>PL.PZGIK.200</sln:gmIIPPn><sln:gmIIPWersja>2012-09-26T22:24:15+02:00</sln:gmIIPWersja><sln:gmIdTeryt>3003011</sln:gmIdTeryt><sln:gmNazwa>Gniezno</sln:gmNazwa><sln:miejscIIPId>5b27917d-bffe-448d-ae3b-57320ab17237</sln:miejscIIPId><sln:miejscIIPPn>PL.PZGIK.200</sln:miejscIIPPn><sln:miejscIIPWersja>2016-11-24T13:44:34+02:00</sln:miejscIIPWersja><sln:miejscIdTeryt>3018373</sln:miejscIdTeryt><sln:miejscNazwa>Osiedle Ustronie</sln:miejscNazwa><sln:miejscRodzaj>Inny obiekt</sln:miejscRodzaj><sln:powIIPId>9d8be336-ec60-484e-a218-bd6a57c56b5c</sln:powIIPId><sln:powIIPPn>PL.PZGIK.200</sln:powIIPPn><sln:powIIPWersja>2012-09-27T08:59:03+02:00</sln:powIIPWersja><sln:powIdTeryt>3003</sln:powIdTeryt><sln:powNazwa>gnieźnieński</sln:powNazwa><sln:wojIIPId>c606b01a-76c8-480d-9470-f24ca0d7a613</sln:wojIIPId><sln:wojIIPPn>PL.PZGIK.200</sln:wojIIPPn><sln:wojIIPWersja>2016-05-05T18:20:48+02:00</sln:wojIIPWersja><sln:wojIdTeryt>30</sln:wojIdTeryt><sln:wojNazwa>wielkopolskie</sln:wojNazwa></sln:miejscowosc><sln:miejscowosc><sln:cyklZyciaOd>2014-12-10T00:00:00+01:00</sln:cyklZyciaOd><sln:gmIIPId>83ed2548-dcf3-4942-a381-abd791eca119</sln:gmIIPId><sln:gmIIPPn>PL.PZGIK.200</sln:gmIIPPn><sln:gmIIPWersja>2012-09-26T22:24:15+02:00</sln:gmIIPWersja><sln:gmIdTeryt>3003011</sln:gmIdTeryt><sln:gmNazwa>Gniezno</sln:gmNazwa><sln:miejscIIPId>72f41553-85e6-4610-a6f7-a61b42e7e2ab</sln:miejscIIPId><sln:miejscIIPPn>PL.PZGIK.200</sln:miejscIIPPn><sln:miejscIIPWersja>2016-11-24T13:54:02+02:00</sln:miejscIIPWersja><sln:miejscIdTeryt>0970661</sln:miejscIdTeryt><sln:miejscNazwa>Dziekanka</sln:miejscNazwa><sln:miejscRodzaj>Inny obiekt</sln:miejscRodzaj><sln:powIIPId>9d8be336-ec60-484e-a218-bd6a57c56b5c</sln:powIIPId><sln:powIIPPn>PL.PZGIK.200</sln:powIIPPn><sln:powIIPWersja>2012-09-27T08:59:03+02:00</sln:powIIPWersja><sln:powIdTeryt>3003</sln:powIdTeryt><sln:powNazwa>gnieźnieński</sln:powNazwa><sln:wojIIPId>c606b01a-76c8-480d-9470-f24ca0d7a613</sln:wojIIPId><sln:wojIIPPn>PL.PZGIK.200</sln:wojIIPPn><sln:wojIIPWersja>2016-05-05T18:20:48+02:00</sln:wojIIPWersja><sln:wojIdTeryt>30</sln:wojIdTeryt><sln:wojNazwa>wielkopolskie</sln:wojNazwa></sln:miejscowosc><sln:miejscowosc><sln:cyklZyciaOd>2014-12-10T00:00:00+01:00</sln:cyklZyciaOd><sln:gmIIPId>83ed2548-dcf3-4942-a381-abd791eca119</sln:gmIIPId><sln:gmIIPPn>PL.PZGIK.200</sln:gmIIPPn><sln:gmIIPWersja>2012-09-26T22:24:15+02:00</sln:gmIIPWersja><sln:gmIdTeryt>3003011</sln:gmIdTeryt><sln:gmNazwa>Gniezno</sln:gmNazwa><sln:miejscIIPId>bd45d580-f6cf-4c79-83f0-ab00c0e01cb9</sln:miejscIIPId><sln:miejscIIPPn>PL.PZGIK.200</sln:miejscIIPPn><sln:miejscIIPWersja>2016-11-24T13:54:02+02:00</sln:miejscIIPWersja><sln:miejscIdTeryt>0970678</sln:miejscIdTeryt><sln:miejscNazwa>Gniezno-Pola</sln:miejscNazwa><sln:miejscRodzaj>Inny obiekt</sln:miejscRodzaj><sln:powIIPId>9d8be336-ec60-484e-a218-bd6a57c56b5c</sln:powIIPId><sln:powIIPPn>PL.PZGIK.200</sln:powIIPPn><sln:powIIPWersja>2012-09-27T08:59:03+02:00</sln:powIIPWersja><sln:powIdTeryt>3003</sln:powIdTeryt><sln:powNazwa>gnieźnieński</sln:powNazwa><sln:wojIIPId>c606b01a-76c8-480d-9470-f24ca0d7a613</sln:wojIIPId><sln:wojIIPPn>PL.PZGIK.200</sln:wojIIPPn><sln:wojIIPWersja>2016-05-05T18:20:48+02:00</sln:wojIIPWersja><sln:wojIdTeryt>30</sln:wojIdTeryt><sln:wojNazwa>wielkopolskie</sln:wojNazwa></sln:miejscowosc><sln:miejscowosc><sln:cyklZyciaOd>2014-12-10T00:00:00+01:00</sln:cyklZyciaOd><sln:gmIIPId>83ed2548-dcf3-4942-a381-abd791eca119</sln:gmIIPId><sln:gmIIPPn>PL.PZGIK.200</sln:gmIIPPn><sln:gmIIPWersja>2012-09-26T22:24:15+02:00</sln:gmIIPWersja><sln:gmIdTeryt>3003011</sln:gmIdTeryt><sln:gmNazwa>Gniezno</sln:gmNazwa><sln:miejscIIPId>89f62ad8-250f-4915-89df-f5fe41cfd4c4</sln:miejscIIPId><sln:miejscIIPPn>PL.PZGIK.200</sln:miejscIIPPn><sln:miejscIIPWersja>2016-11-24T13:54:02+02:00</sln:miejscIIPWersja><sln:miejscIdTeryt>0970709</sln:miejscIdTeryt><sln:miejscNazwa>Kokoszki</sln:miejscNazwa><sln:miejscRodzaj>Inny obiekt</sln:miejscRodzaj><sln:powIIPId>9d8be336-ec60-484e-a218-bd6a57c56b5c</sln:powIIPId><sln:powIIPPn>PL.PZGIK.200</sln:powIIPPn><sln:powIIPWersja>2012-09-27T08:59:03+02:00</sln:powIIPWersja><sln:powIdTeryt>3003</sln:powIdTeryt><sln:powNazwa>gnieźnieński</sln:powNazwa><sln:wojIIPId>c606b01a-76c8-480d-9470-f24ca0d7a613</sln:wojIIPId><sln:wojIIPPn>PL.PZGIK.200</sln:wojIIPPn><sln:wojIIPWersja>2016-05-05T18:20:48+02:00</sln:wojIIPWersja><sln:wojIdTeryt>30</sln:wojIdTeryt><sln:wojNazwa>wielkopolskie</sln:wojNazwa></sln:miejscowosc><sln:miejscowosc><sln:cyklZyciaOd>2014-12-10T00:00:00+01:00</sln:cyklZyciaOd><sln:gmIIPId>83ed2548-dcf3-4942-a381-abd791eca119</sln:gmIIPId><sln:gmIIPPn>PL.PZGIK.200</sln:gmIIPPn><sln:gmIIPWersja>2012-09-26T22:24:15+02:00</sln:gmIIPWersja><sln:gmIdTeryt>3003011</sln:gmIdTeryt><sln:gmNazwa>Gniezno</sln:gmNazwa><sln:miejscIIPId>6d433abf-218a-49d9-b131-e0680f6b2131</sln:miejscIIPId><sln:miejscIIPPn>PL.PZGIK.200</sln:miejscIIPPn><sln:miejscIIPWersja>2016-11-24T13:54:02+02:00</sln:miejscIIPWersja><sln:miejscIdTeryt>0970750</sln:miejscIdTeryt><sln:miejscNazwa>Piekary</sln:miejscNazwa><sln:miejscRodzaj>Inny obiekt</sln:miejscRodzaj><sln:powIIPId>9d8be336-ec60-484e-a218-bd6a57c56b5c</sln:powIIPId><sln:powIIPPn>PL.PZGIK.200</sln:powIIPPn><sln:powIIPWersja>2012-09-27T08:59:03+02:00</sln:powIIPWersja><sln:powIdTeryt>3003</sln:powIdTeryt><sln:powNazwa>gnieźnieński</sln:powNazwa><sln:wojIIPId>c606b01a-76c8-480d-9470-f24ca0d7a613</sln:wojIIPId><sln:wojIIPPn>PL.PZGIK.200</sln:wojIIPPn><sln:wojIIPWersja>2016-05-05T18:20:48+02:00</sln:wojIIPWersja><sln:wojIdTeryt>30</sln:wojIdTeryt><sln:wojNazwa>wielkopolskie</sln:wojNazwa></sln:miejscowosc><sln:miejscowosc><sln:cyklZyciaOd>2014-12-10T00:00:00+01:00</sln:cyklZyciaOd><sln:gmIIPId>83ed2548-dcf3-4942-a381-abd791eca119</sln:gmIIPId><sln:gmIIPPn>PL.PZGIK.200</sln:gmIIPPn><sln:gmIIPWersja>2012-09-26T22:24:15+02:00</sln:gmIIPWersja><sln:gmIdTeryt>3003011</sln:gmIdTeryt><sln:gmNazwa>Gniezno</sln:gmNazwa><sln:miejscIIPId>7e3ec3d1-5dc2-4671-a81f-4fae2e9e123a</sln:miejscIIPId><sln:miejscIIPPn>PL.PZGIK.200</sln:miejscIIPPn><sln:miejscIIPWersja>2016-11-24T13:54:02+02:00</sln:miejscIIPWersja><sln:miejscIdTeryt>0970780</sln:miejscIdTeryt><sln:miejscNazwa>Róża</sln:miejscNazwa><sln:miejscRodzaj>Inny obiekt</sln:miejscRodzaj><sln:powIIPId>9d8be336-ec60-484e-a218-bd6a57c56b5c</sln:powIIPId><sln:powIIPPn>PL.PZGIK.200</sln:powIIPPn><sln:powIIPWersja>2012-09-27T08:59:03+02:00</sln:powIIPWersja><sln:powIdTeryt>3003</sln:powIdTeryt><sln:powNazwa>gnieźnieński</sln:powNazwa><sln:wojIIPId>c606b01a-76c8-480d-9470-f24ca0d7a613</sln:wojIIPId><sln:wojIIPPn>PL.PZGIK.200</sln:wojIIPPn><sln:wojIIPWersja>2016-05-05T18:20:48+02:00</sln:wojIIPWersja><sln:wojIdTeryt>30</sln:wojIdTeryt><sln:wojNazwa>wielkopolskie</sln:wojNazwa></sln:miejscowosc><sln:miejscowosc><sln:cyklZyciaOd>2014-12-10T00:00:00+01:00</sln:cyklZyciaOd><sln:gmIIPId>83ed2548-dcf3-4942-a381-abd791eca119</sln:gmIIPId><sln:gmIIPPn>PL.PZGIK.200</sln:gmIIPPn><sln:gmIIPWersja>2012-09-26T22:24:15+02:00</sln:gmIIPWersja><sln:gmIdTeryt>3003011</sln:gmIdTeryt><sln:gmNazwa>Gniezno</sln:gmNazwa><sln:miejscIIPId>a71b761e-4033-4fb3-a60e-c403a1af0ea6</sln:miejscIIPId><sln:miejscIIPPn>PL.PZGIK.200</sln:miejscIIPPn><sln:miejscIIPWersja>2016-11-24T13:54:02+02:00</sln:miejscIIPWersja><sln:miejscIdTeryt>0970804</sln:miejscIdTeryt><sln:miejscNazwa>Winiary</sln:miejscNazwa><sln:miejscRodzaj>Inny obiekt</sln:miejscRodzaj><sln:powIIPId>9d8be336-ec60-484e-a218-bd6a57c56b5c</sln:powIIPId><sln:powIIPPn>PL.PZGIK.200</sln:powIIPPn><sln:powIIPWersja>2012-09-27T08:59:03+02:00</sln:powIIPWersja><sln:powIdTeryt>3003</sln:powIdTeryt><sln:powNazwa>gnieźnieński</sln:powNazwa><sln:wojIIPId>c606b01a-76c8-480d-9470-f24ca0d7a613</sln:wojIIPId><sln:wojIIPPn>PL.PZGIK.200</sln:wojIIPPn><sln:wojIIPWersja>2016-05-05T18:20:48+02:00</sln:wojIIPWersja><sln:wojIdTeryt>30</sln:wojIdTeryt><sln:wojNazwa>wielkopolskie</sln:wojNazwa></sln:miejscowosc><sln:miejscowosc><sln:cyklZyciaOd>2014-12-10T00:00:00+01:00</sln:cyklZyciaOd><sln:gmIIPId>83ed2548-dcf3-4942-a381-abd791eca119</sln:gmIIPId><sln:gmIIPPn>PL.PZGIK.200</sln:gmIIPPn><sln:gmIIPWersja>2012-09-26T22:24:15+02:00</sln:gmIIPWersja><sln:gmIdTeryt>3003011</sln:gmIdTeryt><sln:gmNazwa>Gniezno</sln:gmNazwa><sln:miejscIIPId>c0398d6d-96ae-4dc2-966b-143b88d2fc48</sln:miejscIIPId><sln:miejscIIPPn>PL.PZGIK.200</sln:miejscIIPPn><sln:miejscIIPWersja>2016-11-24T13:54:02+02:00</sln:miejscIIPWersja><sln:miejscIdTeryt>0970796</sln:miejscIdTeryt><sln:miejscNazwa>Skiereszewo</sln:miejscNazwa><sln:miejscRodzaj>Inny obiekt</sln:miejscRodzaj><sln:powIIPId>9d8be336-ec60-484e-a218-bd6a57c56b5c</sln:powIIPId><sln:powIIPPn>PL.PZGIK.200</sln:powIIPPn><sln:powIIPWersja>2012-09-27T08:59:03+02:00</sln:powIIPWersja><sln:powIdTeryt>3003</sln:powIdTeryt><sln:powNazwa>gnieźnieński</sln:powNazwa><sln:wojIIPId>c606b01a-76c8-480d-9470-f24ca0d7a613</sln:wojIIPId><sln:wojIIPPn>PL.PZGIK.200</sln:wojIIPPn><sln:wojIIPWersja>2016-05-05T18:20:48+02:00</sln:wojIIPWersja><sln:wojIdTeryt>30</sln:wojIdTeryt><sln:wojNazwa>wielkopolskie</sln:wojNazwa></sln:miejscowosc><sln:miejscowosc><sln:cyklZyciaOd>2014-12-10T00:00:00+01:00</sln:cyklZyciaOd><sln:gmIIPId>83ed2548-dcf3-4942-a381-abd791eca119</sln:gmIIPId><sln:gmIIPPn>PL.PZGIK.200</sln:gmIIPPn><sln:gmIIPWersja>2012-09-26T22:24:15+02:00</sln:gmIIPWersja><sln:gmIdTeryt>3003011</sln:gmIdTeryt><sln:gmNazwa>Gniezno</sln:gmNazwa><sln:miejscIIPId>d70184cc-6de8-489d-904a-e96ce0d9c8e9</sln:miejscIIPId><sln:miejscIIPPn>PL.PZGIK.200</sln:miejscIIPPn><sln:miejscIIPWersja>2016-11-24T13:44:34+02:00</sln:miejscIIPWersja><sln:miejscIdTeryt>3018377</sln:miejscIdTeryt><sln:miejscNazwa>Osiedle 1000-lecia</sln:miejscNazwa><sln:miejscRodzaj>Inny obiekt</sln:miejscRodzaj><sln:powIIPId>9d8be336-ec60-484e-a218-bd6a57c56b5c</sln:powIIPId><sln:powIIPPn>PL.PZGIK.200</sln:powIIPPn><sln:powIIPWersja>2012-09-27T08:59:03+02:00</sln:powIIPWersja><sln:powIdTeryt>3003</sln:powIdTeryt><sln:powNazwa>gnieźnieński</sln:powNazwa><sln:wojIIPId>c606b01a-76c8-480d-9470-f24ca0d7a613</sln:wojIIPId><sln:wojIIPPn>PL.PZGIK.200</sln:wojIIPPn><sln:wojIIPWersja>2016-05-05T18:20:48+02:00</sln:wojIIPWersja><sln:wojIdTeryt>30</sln:wojIdTeryt><sln:wojNazwa>wielkopolskie</sln:wojNazwa></sln:miejscowosc><sln:miejscowosc><sln:cyklZyciaOd>2014-12-10T00:00:00+01:00</sln:cyklZyciaOd><sln:gmIIPId>83ed2548-dcf3-4942-a381-abd791eca119</sln:gmIIPId><sln:gmIIPPn>PL.PZGIK.200</sln:gmIIPPn><sln:gmIIPWersja>2012-09-26T22:24:15+02:00</sln:gmIIPWersja><sln:gmIdTeryt>3003011</sln:gmIdTeryt><sln:gmNazwa>Gniezno</sln:gmNazwa><sln:miejscIIPId>e41a0fef-8a9f-4edf-acd3-9f9fcf877d22</sln:miejscIIPId><sln:miejscIIPPn>PL.PZGIK.200</sln:miejscIIPPn><sln:miejscIIPWersja>2016-11-24T13:54:02+02:00</sln:miejscIIPWersja><sln:miejscIdTeryt>0970655</sln:miejscIdTeryt><sln:miejscNazwa>Dalki</sln:miejscNazwa><sln:miejscRodzaj>Inny obiekt</sln:miejscRodzaj><sln:powIIPId>9d8be336-ec60-484e-a218-bd6a57c56b5c</sln:powIIPId><sln:powIIPPn>PL.PZGIK.200</sln:powIIPPn><sln:powIIPWersja>2012-09-27T08:59:03+02:00</sln:powIIPWersja><sln:powIdTeryt>3003</sln:powIdTeryt><sln:powNazwa>gnieźnieński</sln:powNazwa><sln:wojIIPId>c606b01a-76c8-480d-9470-f24ca0d7a613</sln:wojIIPId><sln:wojIIPPn>PL.PZGIK.200</sln:wojIIPPn><sln:wojIIPWersja>2016-05-05T18:20:48+02:00</sln:wojIIPWersja><sln:wojIdTeryt>30</sln:wojIdTeryt><sln:wojNazwa>wielkopolskie</sln:wojNazwa></sln:miejscowosc><sln:miejscowosc><sln:cyklZyciaOd>2014-12-10T00:00:00+01:00</sln:cyklZyciaOd><sln:gmIIPId>83ed2548-dcf3-4942-a381-abd791eca119</sln:gmIIPId><sln:gmIIPPn>PL.PZGIK.200</sln:gmIIPPn><sln:gmIIPWersja>2012-09-26T22:24:15+02:00</sln:gmIIPWersja><sln:gmIdTeryt>3003011</sln:gmIdTeryt><sln:gmNazwa>Gniezno</sln:gmNazwa><sln:miejscIIPId>77273746-6d57-4759-a909-34f86021004f</sln:miejscIIPId><sln:miejscIIPPn>PL.PZGIK.200</sln:miejscIIPPn><sln:miejscIIPWersja>2016-11-24T13:44:34+02:00</sln:miejscIIPWersja><sln:miejscIdTeryt>3018369</sln:miejscIdTeryt><sln:miejscNazwa>Stare Miasto</sln:miejscNazwa><sln:miejscRodzaj>Inny obiekt</sln:miejscRodzaj><sln:powIIPId>9d8be336-ec60-484e-a218-bd6a57c56b5c</sln:powIIPId><sln:powIIPPn>PL.PZGIK.200</sln:powIIPPn><sln:powIIPWersja>2012-09-27T08:59:03+02:00</sln:powIIPWersja><sln:powIdTeryt>3003</sln:powIdTeryt><sln:powNazwa>gnieźnieński</sln:powNazwa><sln:wojIIPId>c606b01a-76c8-480d-9470-f24ca0d7a613</sln:wojIIPId><sln:wojIIPPn>PL.PZGIK.200</sln:wojIIPPn><sln:wojIIPWersja>2016-05-05T18:20:48+02:00</sln:wojIIPWersja><sln:wojIdTeryt>30</sln:wojIdTeryt><sln:wojNazwa>wielkopolskie</sln:wojNazwa></sln:miejscowosc><sln:miejscowosc><sln:cyklZyciaOd>2014-12-10T00:00:00+01:00</sln:cyklZyciaOd><sln:gmIIPId>83ed2548-dcf3-4942-a381-abd791eca119</sln:gmIIPId><sln:gmIIPPn>PL.PZGIK.200</sln:gmIIPPn><sln:gmIIPWersja>2012-09-26T22:24:15+02:00</sln:gmIIPWersja><sln:gmIdTeryt>3003011</sln:gmIdTeryt><sln:gmNazwa>Gniezno</sln:gmNazwa><sln:miejscIIPId>4345725a-0a58-440b-a816-64e8e837fab5</sln:miejscIIPId><sln:miejscIIPPn>PL.PZGIK.200</sln:miejscIIPPn><sln:miejscIIPWersja>2016-11-24T13:37:24+02:00</sln:miejscIIPWersja><sln:miejscIdTeryt>0970632</sln:miejscIdTeryt><sln:miejscNazwa>Gniezno</sln:miejscNazwa><sln:miejscRodzaj>Miasto</sln:miejscRodzaj><sln:powIIPId>9d8be336-ec60-484e-a218-bd6a57c56b5c</sln:powIIPId><sln:powIIPPn>PL.PZGIK.200</sln:powIIPPn><sln:powIIPWersja>2012-09-27T08:59:03+02:00</sln:powIIPWersja><sln:powIdTeryt>3003</sln:powIdTeryt><sln:powNazwa>gnieźnieński</sln:powNazwa><sln:wojIIPId>c606b01a-76c8-480d-9470-f24ca0d7a613</sln:wojIIPId><sln:wojIIPPn>PL.PZGIK.200</sln:wojIIPPn><sln:wojIIPWersja>2016-05-05T18:20:48+02:00</sln:wojIIPWersja><sln:wojIdTeryt>30</sln:wojIdTeryt><sln:wojNazwa>wielkopolskie</sln:wojNazwa></sln:miejscowosc><sln:miejscowosc><sln:cyklZyciaOd>2014-12-10T00:00:00+01:00</sln:cyklZyciaOd><sln:gmIIPId>83ed2548-dcf3-4942-a381-abd791eca119</sln:gmIIPId><sln:gmIIPPn>PL.PZGIK.200</sln:gmIIPPn><sln:gmIIPWersja>2012-09-26T22:24:15+02:00</sln:gmIIPWersja><sln:gmIdTeryt>3003011</sln:gmIdTeryt><sln:gmNazwa>Gniezno</sln:gmNazwa><sln:miejscIIPId>e8409524-b691-40a3-b7ae-5cb1cd229052</sln:miejscIIPId><sln:miejscIIPPn>PL.PZGIK.200</sln:miejscIIPPn><sln:miejscIIPWersja>2016-11-24T13:33:26+02:00</sln:miejscIIPWersja><sln:miejscIdTeryt>4000517</sln:miejscIdTeryt><sln:miejscNazwa>Osiedle Władysława Łokietka</sln:miejscNazwa><sln:miejscRodzaj>Inny obiekt</sln:miejscRodzaj><sln:powIIPId>9d8be336-ec60-484e-a218-bd6a57c56b5c</sln:powIIPId><sln:powIIPPn>PL.PZGIK.200</sln:powIIPPn><sln:powIIPWersja>2012-09-27T08:59:03+02:00</sln:powIIPWersja><sln:powIdTeryt>3003</sln:powIdTeryt><sln:powNazwa>gnieźnieński</sln:powNazwa><sln:wojIIPId>c606b01a-76c8-480d-9470-f24ca0d7a613</sln:wojIIPId><sln:wojIIPPn>PL.PZGIK.200</sln:wojIIPPn><sln:wojIIPWersja>2016-05-05T18:20:48+02:00</sln:wojIIPWersja><sln:wojIdTeryt>30</sln:wojIdTeryt><sln:wojNazwa>wielkopolskie</sln:wojNazwa></sln:miejscowosc><sln:miejscowosc><sln:cyklZyciaOd>2014-12-10T00:00:00+01:00</sln:cyklZyciaOd><sln:gmIIPId>83ed2548-dcf3-4942-a381-abd791eca119</sln:gmIIPId><sln:gmIIPPn>PL.PZGIK.200</sln:gmIIPPn><sln:gmIIPWersja>2012-09-26T22:24:15+02:00</sln:gmIIPWersja><sln:gmIdTeryt>3003011</sln:gmIdTeryt><sln:gmNazwa>Gniezno</sln:gmNazwa><sln:miejscIIPId>0bc0dc5a-0617-4505-af91-8b03d6b20424</sln:miejscIIPId><sln:miejscIIPPn>PL.PZGIK.200</sln:miejscIIPPn><sln:miejscIIPWersja>2016-11-24T13:54:02+02:00</sln:miejscIIPWersja><sln:miejscIdTeryt>0970773</sln:miejscIdTeryt><sln:miejscNazwa>Pustachowa</sln:miejscNazwa><sln:miejscRodzaj>Inny obiekt</sln:miejscRodzaj><sln:powIIPId>9d8be336-ec60-484e-a218-bd6a57c56b5c</sln:powIIPId><sln:powIIPPn>PL.PZGIK.200</sln:powIIPPn><sln:powIIPWersja>2012-09-27T08:59:03+02:00</sln:powIIPWersja><sln:powIdTeryt>3003</sln:powIdTeryt><sln:powNazwa>gnieźnieński</sln:powNazwa><sln:wojIIPId>c606b01a-76c8-480d-9470-f24ca0d7a613</sln:wojIIPId><sln:wojIIPPn>PL.PZGIK.200</sln:wojIIPPn><sln:wojIIPWersja>2016-05-05T18:20:48+02:00</sln:wojIIPWersja><sln:wojIdTeryt>30</sln:wojIdTeryt><sln:wojNazwa>wielkopolskie</sln:wojNazwa></sln:miejscowosc><sln:miejscowosc><sln:cyklZyciaOd>2014-12-10T00:00:00+01:00</sln:cyklZyciaOd><sln:gmIIPId>83ed2548-dcf3-4942-a381-abd791eca119</sln:gmIIPId><sln:gmIIPPn>PL.PZGIK.200</sln:gmIIPPn><sln:gmIIPWersja>2012-09-26T22:24:15+02:00</sln:gmIIPWersja><sln:gmIdTeryt>3003011</sln:gmIdTeryt><sln:gmNazwa>Gniezno</sln:gmNazwa><sln:miejscIIPId>d0a863bd-487c-4eb8-be7f-2808a8729b3b</sln:miejscIIPId><sln:miejscIIPPn>PL.PZGIK.200</sln:miejscIIPPn><sln:miejscIIPWersja>2016-11-24T13:54:02+02:00</sln:miejscIIPWersja><sln:miejscIdTeryt>0970767</sln:miejscIdTeryt><sln:miejscNazwa>Pławnik</sln:miejscNazwa><sln:miejscRodzaj>Inny obiekt</sln:miejscRodzaj><sln:powIIPId>9d8be336-ec60-484e-a218-bd6a57c56b5c</sln:powIIPId><sln:powIIPPn>PL.PZGIK.200</sln:powIIPPn><sln:powIIPWersja>2012-09-27T08:59:03+02:00</sln:powIIPWersja><sln:powIdTeryt>3003</sln:powIdTeryt><sln:powNazwa>gnieźnieński</sln:powNazwa><sln:wojIIPId>c606b01a-76c8-480d-9470-f24ca0d7a613</sln:wojIIPId><sln:wojIIPPn>PL.PZGIK.200</sln:wojIIPPn><sln:wojIIPWersja>2016-05-05T18:20:48+02:00</sln:wojIIPWersja><sln:wojIdTeryt>30</sln:wojIdTeryt><sln:wojNazwa>wielkopolskie</sln:wojNazwa></sln:miejscowosc><sln:miejscowosc><sln:cyklZyciaOd>2014-12-10T00:00:00+01:00</sln:cyklZyciaOd><sln:gmIIPId>83ed2548-dcf3-4942-a381-abd791eca119</sln:gmIIPId><sln:gmIIPPn>PL.PZGIK.200</sln:gmIIPPn><sln:gmIIPWersja>2012-09-26T22:24:15+02:00</sln:gmIIPWersja><sln:gmIdTeryt>3003011</sln:gmIdTeryt><sln:gmNazwa>Gniezno</sln:gmNazwa><sln:miejscIIPId>c00b2d7a-02ec-4dc9-90ec-71fa7753256e</sln:miejscIIPId><sln:miejscIIPPn>PL.PZGIK.200</sln:miejscIIPPn><sln:miejscIIPWersja>2016-11-24T13:43:58+02:00</sln:miejscIIPWersja><sln:miejscIdTeryt>4001387</sln:miejscIdTeryt><sln:miejscNazwa>Osiedle Orła Białego</sln:miejscNazwa><sln:miejscRodzaj>Inny obiekt</sln:miejscRodzaj><sln:powIIPId>9d8be336-ec60-484e-a218-bd6a57c56b5c</sln:powIIPId><sln:powIIPPn>PL.PZGIK.200</sln:powIIPPn><sln:powIIPWersja>2012-09-27T08:59:03+02:00</sln:powIIPWersja><sln:powIdTeryt>3003</sln:powIdTeryt><sln:powNazwa>gnieźnieński</sln:powNazwa><sln:wojIIPId>c606b01a-76c8-480d-9470-f24ca0d7a613</sln:wojIIPId><sln:wojIIPPn>PL.PZGIK.200</sln:wojIIPPn><sln:wojIIPWersja>2016-05-05T18:20:48+02:00</sln:wojIIPWersja><sln:wojIdTeryt>30</sln:wojIdTeryt><sln:wojNazwa>wielkopolskie</sln:wojNazwa></sln:miejscowosc><sln:miejscowosc><sln:cyklZyciaOd>2014-12-10T00:00:00+01:00</sln:cyklZyciaOd><sln:gmIIPId>83ed2548-dcf3-4942-a381-abd791eca119</sln:gmIIPId><sln:gmIIPPn>PL.PZGIK.200</sln:gmIIPPn><sln:gmIIPWersja>2012-09-26T22:24:15+02:00</sln:gmIIPWersja><sln:gmIdTeryt>3003011</sln:gmIdTeryt><sln:gmNazwa>Gniezno</sln:gmNazwa><sln:miejscIIPId>76ce1d32-052f-4e17-9af8-54a93b22ffd0</sln:miejscIIPId><sln:miejscIIPPn>PL.PZGIK.200</sln:miejscIIPPn><sln:miejscIIPWersja>2016-11-24T13:54:02+02:00</sln:miejscIIPWersja><sln:miejscIdTeryt>0970649</sln:miejscIdTeryt><sln:miejscNazwa>Arkuszewo</sln:miejscNazwa><sln:miejscRodzaj>Inny obiekt</sln:miejscRodzaj><sln:powIIPId>9d8be336-ec60-484e-a218-bd6a57c56b5c</sln:powIIPId><sln:powIIPPn>PL.PZGIK.200</sln:powIIPPn><sln:powIIPWersja>2012-09-27T08:59:03+02:00</sln:powIIPWersja><sln:powIdTeryt>3003</sln:powIdTeryt><sln:powNazwa>gnieźnieński</sln:powNazwa><sln:wojIIPId>c606b01a-76c8-480d-9470-f24ca0d7a613</sln:wojIIPId><sln:wojIIPPn>PL.PZGIK.200</sln:wojIIPPn><sln:wojIIPWersja>2016-05-05T18:20:48+02:00</sln:wojIIPWersja><sln:wojIdTeryt>30</sln:wojIdTeryt><sln:wojNazwa>wielkopolskie</sln:wojNazwa></sln:miejscowosc><sln:miejscowosc><sln:cyklZyciaOd>2014-12-10T00:00:00+01:00</sln:cyklZyciaOd><sln:gmIIPId>83ed2548-dcf3-4942-a381-abd791eca119</sln:gmIIPId><sln:gmIIPPn>PL.PZGIK.200</sln:gmIIPPn><sln:gmIIPWersja>2012-09-26T22:24:15+02:00</sln:gmIIPWersja><sln:gmIdTeryt>3003011</sln:gmIdTeryt><sln:gmNazwa>Gniezno</sln:gmNazwa><sln:miejscIIPId>7c243f03-b7f5-4ac2-8b7b-bd4c067aed32</sln:miejscIIPId><sln:miejscIIPPn>PL.PZGIK.200</sln:miejscIIPPn><sln:miejscIIPWersja>2016-11-24T13:38:27+02:00</sln:miejscIIPWersja><sln:miejscIdTeryt>4000907</sln:miejscIdTeryt><sln:miejscNazwa>Osiedle Jagiellońskie</sln:miejscNazwa><sln:miejscRodzaj>Inny obiekt</sln:miejscRodzaj><sln:powIIPId>9d8be336-ec60-484e-a218-bd6a57c56b5c</sln:powIIPId><sln:powIIPPn>PL.PZGIK.200</sln:powIIPPn><sln:powIIPWersja>2012-09-27T08:59:03+02:00</sln:powIIPWersja><sln:powIdTeryt>3003</sln:powIdTeryt><sln:powNazwa>gnieźnieński</sln:powNazwa><sln:wojIIPId>c606b01a-76c8-480d-9470-f24ca0d7a613</sln:wojIIPId><sln:wojIIPPn>PL.PZGIK.200</sln:wojIIPPn><sln:wojIIPWersja>2016-05-05T18:20:48+02:00</sln:wojIIPWersja><sln:wojIdTeryt>30</sln:wojIdTeryt><sln:wojNazwa>wielkopolskie</sln:wojNazwa></sln:miejscowosc><sln:miejscowosc><sln:cyklZyciaOd>2014-12-10T00:00:00+01:00</sln:cyklZyciaOd><sln:gmIIPId>83ed2548-dcf3-4942-a381-abd791eca119</sln:gmIIPId><sln:gmIIPPn>PL.PZGIK.200</sln:gmIIPPn><sln:gmIIPWersja>2012-09-26T22:24:15+02:00</sln:gmIIPWersja><sln:gmIdTeryt>3003011</sln:gmIdTeryt><sln:gmNazwa>Gniezno</sln:gmNazwa><sln:miejscIIPId>30f01c49-e53d-4360-b34b-e8353d5862de</sln:miejscIIPId><sln:miejscIIPPn>PL.PZGIK.200</sln:miejscIIPPn><sln:miejscIIPWersja>2016-11-24T13:54:02+02:00</sln:miejscIIPWersja><sln:miejscIdTeryt>0970738</sln:miejscIdTeryt><sln:miejscNazwa>Nowaszki</sln:miejscNazwa><sln:miejscRodzaj>Inny obiekt</sln:miejscRodzaj><sln:powIIPId>9d8be336-ec60-484e-a218-bd6a57c56b5c</sln:powIIPId><sln:powIIPPn>PL.PZGIK.200</sln:powIIPPn><sln:powIIPWersja>2012-09-27T08:59:03+02:00</sln:powIIPWersja><sln:powIdTeryt>3003</sln:powIdTeryt><sln:powNazwa>gnieźnieński</sln:powNazwa><sln:wojIIPId>c606b01a-76c8-480d-9470-f24ca0d7a613</sln:wojIIPId><sln:wojIIPPn>PL.PZGIK.200</sln:wojIIPPn><sln:wojIIPWersja>2016-05-05T18:20:48+02:00</sln:wojIIPWersja><sln:wojIdTeryt>30</sln:wojIdTeryt><sln:wojNazwa>wielkopolskie</sln:wojNazwa></sln:miejscowosc><sln:miejscowosc><sln:cyklZyciaOd>2014-12-10T00:00:00+01:00</sln:cyklZyciaOd><sln:gmIIPId>83ed2548-dcf3-4942-a381-abd791eca119</sln:gmIIPId><sln:gmIIPPn>PL.PZGIK.200</sln:gmIIPPn><sln:gmIIPWersja>2012-09-26T22:24:15+02:00</sln:gmIIPWersja><sln:gmIdTeryt>3003011</sln:gmIdTeryt><sln:gmNazwa>Gniezno</sln:gmNazwa><sln:miejscIIPId>02674d2e-e3a4-4d12-b658-e4262bf407ce</sln:miejscIIPId><sln:miejscIIPPn>PL.PZGIK.200</sln:miejscIIPPn><sln:miejscIIPWersja>2016-11-24T13:54:02+02:00</sln:miejscIIPWersja><sln:miejscIdTeryt>1006111</sln:miejscIdTeryt><sln:miejscNazwa>Osiniec</sln:miejscNazwa><sln:miejscRodzaj>Inny obiekt</sln:miejscRodzaj><sln:powIIPId>9d8be336-ec60-484e-a218-bd6a57c56b5c</sln:powIIPId><sln:powIIPPn>PL.PZGIK.200</sln:powIIPPn><sln:powIIPWersja>2012-09-27T08:59:03+02:00</sln:powIIPWersja><sln:powIdTeryt>3003</sln:powIdTeryt><sln:powNazwa>gnieźnieński</sln:powNazwa><sln:wojIIPId>c606b01a-76c8-480d-9470-f24ca0d7a613</sln:wojIIPId><sln:wojIIPPn>PL.PZGIK.200</sln:wojIIPPn><sln:wojIIPWersja>2016-05-05T18:20:48+02:00</sln:wojIIPWersja><sln:wojIdTeryt>30</sln:wojIdTeryt><sln:wojNazwa>wielkopolskie</sln:wojNazwa></sln:miejscowosc><sln:miejscowosc><sln:cyklZyciaOd>2014-12-10T00:00:00+01:00</sln:cyklZyciaOd><sln:gmIIPId>83ed2548-dcf3-4942-a381-abd791eca119</sln:gmIIPId><sln:gmIIPPn>PL.PZGIK.200</sln:gmIIPPn><sln:gmIIPWersja>2012-09-26T22:24:15+02:00</sln:gmIIPWersja><sln:gmIdTeryt>3003011</sln:gmIdTeryt><sln:gmNazwa>Gniezno</sln:gmNazwa><sln:miejscIIPId>8d8a0ee1-f1e8-4862-8b1c-69d6874179d8</sln:miejscIIPId><sln:miejscIIPPn>PL.PZGIK.200</sln:miejscIIPPn><sln:miejscIIPWersja>2016-11-24T13:54:02+02:00</sln:miejscIIPWersja><sln:miejscIdTeryt>0970744</sln:miejscIdTeryt><sln:miejscNazwa>Piaski</sln:miejscNazwa><sln:miejscRodzaj>Inny obiekt</sln:miejscRodzaj><sln:powIIPId>9d8be336-ec60-484e-a218-bd6a57c56b5c</sln:powIIPId><sln:powIIPPn>PL.PZGIK.200</sln:powIIPPn><sln:powIIPWersja>2012-09-27T08:59:03+02:00</sln:powIIPWersja><sln:powIdTeryt>3003</sln:powIdTeryt><sln:powNazwa>gnieźnieński</sln:powNazwa><sln:wojIIPId>c606b01a-76c8-480d-9470-f24ca0d7a613</sln:wojIIPId><sln:wojIIPPn>PL.PZGIK.200</sln:wojIIPPn><sln:wojIIPWersja>2016-05-05T18:20:48+02:00</sln:wojIIPWersja><sln:wojIdTeryt>30</sln:wojIdTeryt><sln:wojNazwa>wielkopolskie</sln:wojNazwa></sln:miejscowosc><sln:miejscowosc><sln:cyklZyciaOd>2014-12-10T00:00:00+01:00</sln:cyklZyciaOd><sln:gmIIPId>83ed2548-dcf3-4942-a381-abd791eca119</sln:gmIIPId><sln:gmIIPPn>PL.PZGIK.200</sln:gmIIPPn><sln:gmIIPWersja>2012-09-26T22:24:15+02:00</sln:gmIIPWersja><sln:gmIdTeryt>3003011</sln:gmIdTeryt><sln:gmNazwa>Gniezno</sln:gmNazwa><sln:miejscIIPId>32fb6dac-b8a8-4ae7-b560-a6451900b798</sln:miejscIIPId><sln:miejscIIPPn>PL.PZGIK.200</sln:miejscIIPPn><sln:miejscIIPWersja>2016-11-24T13:44:37+02:00</sln:miejscIIPWersja><sln:miejscIdTeryt>4001484</sln:miejscIdTeryt><sln:miejscNazwa>Osiedle Piastowskie</sln:miejscNazwa><sln:miejscRodzaj>Inny obiekt</sln:miejscRodzaj><sln:powIIPId>9d8be336-ec60-484e-a218-bd6a57c56b5c</sln:powIIPId><sln:powIIPPn>PL.PZGIK.200</sln:powIIPPn><sln:powIIPWersja>2012-09-27T08:59:03+02:00</sln:powIIPWersja><sln:powIdTeryt>3003</sln:powIdTeryt><sln:powNazwa>gnieźnieński</sln:powNazwa><sln:wojIIPId>c606b01a-76c8-480d-9470-f24ca0d7a613</sln:wojIIPId><sln:wojIIPPn>PL.PZGIK.200</sln:wojIIPPn><sln:wojIIPWersja>2016-05-05T18:20:48+02:00</sln:wojIIPWersja><sln:wojIdTeryt>30</sln:wojIdTeryt><sln:wojNazwa>wielkopolskie</sln:wojNazwa></sln:miejscowosc><sln:miejscowosc><sln:cyklZyciaOd>2014-12-10T00:00:00+01:00</sln:cyklZyciaOd><sln:gmIIPId>83ed2548-dcf3-4942-a381-abd791eca119</sln:gmIIPId><sln:gmIIPPn>PL.PZGIK.200</sln:gmIIPPn><sln:gmIIPWersja>2012-09-26T22:24:15+02:00</sln:gmIIPWersja><sln:gmIdTeryt>3003011</sln:gmIdTeryt><sln:gmNazwa>Gniezno</sln:gmNazwa><sln:miejscIIPId>5c373226-347d-4c13-a840-ebed68765b89</sln:miejscIIPId><sln:miejscIIPPn>PL.PZGIK.200</sln:miejscIIPPn><sln:miejscIIPWersja>2016-11-24T13:44:34+02:00</sln:miejscIIPWersja><sln:miejscIdTeryt>3018389</sln:miejscIdTeryt><sln:miejscNazwa>Osiedle Grunwaldzkie</sln:miejscNazwa><sln:miejscRodzaj>Inny obiekt</sln:miejscRodzaj><sln:powIIPId>9d8be336-ec60-484e-a218-bd6a57c56b5c</sln:powIIPId><sln:powIIPPn>PL.PZGIK.200</sln:powIIPPn><sln:powIIPWersja>2012-09-27T08:59:03+02:00</sln:powIIPWersja><sln:powIdTeryt>3003</sln:powIdTeryt><sln:powNazwa>gnieźnieński</sln:powNazwa><sln:wojIIPId>c606b01a-76c8-480d-9470-f24ca0d7a613</sln:wojIIPId><sln:wojIIPPn>PL.PZGIK.200</sln:wojIIPPn><sln:wojIIPWersja>2016-05-05T18:20:48+02:00</sln:wojIIPWersja><sln:wojIdTeryt>30</sln:wojIdTeryt><sln:wojNazwa>wielkopolskie</sln:wojNazwa></sln:miejscowosc><sln:miejscowosc><sln:cyklZyciaOd>2014-12-10T00:00:00+01:00</sln:cyklZyciaOd><sln:gmIIPId>83ed2548-dcf3-4942-a381-abd791eca119</sln:gmIIPId><sln:gmIIPPn>PL.PZGIK.200</sln:gmIIPPn><sln:gmIIPWersja>2012-09-26T22:24:15+02:00</sln:gmIIPWersja><sln:gmIdTeryt>3003011</sln:gmIdTeryt><sln:gmNazwa>Gniezno</sln:gmNazwa><sln:miejscIIPId>38371634-d47d-4146-894f-09c25230009e</sln:miejscIIPId><sln:miejscIIPPn>PL.PZGIK.200</sln:miejscIIPPn><sln:miejscIIPWersja>2016-11-24T13:39:17+02:00</sln:miejscIIPWersja><sln:miejscIdTeryt>4000976</sln:miejscIdTeryt><sln:miejscNazwa>Osiedle Kazimierza Wielkiego</sln:miejscNazwa><sln:miejscRodzaj>Inny obiekt</sln:miejscRodzaj><sln:powIIPId>9d8be336-ec60-484e-a218-bd6a57c56b5c</sln:powIIPId><sln:powIIPPn>PL.PZGIK.200</sln:powIIPPn><sln:powIIPWersja>2012-09-27T08:59:03+02:00</sln:powIIPWersja><sln:powIdTeryt>3003</sln:powIdTeryt><sln:powNazwa>gnieźnieński</sln:powNazwa><sln:wojIIPId>c606b01a-76c8-480d-9470-f24ca0d7a613</sln:wojIIPId><sln:wojIIPPn>PL.PZGIK.200</sln:wojIIPPn><sln:wojIIPWersja>2016-05-05T18:20:48+02:00</sln:wojIIPWersja><sln:wojIdTeryt>30</sln:wojIdTeryt><sln:wojNazwa>wielkopolskie</sln:wojNazwa></sln:miejscowosc><sln:miejscowosc><sln:cyklZyciaOd>2014-12-10T00:00:00+01:00</sln:cyklZyciaOd><sln:gmIIPId>83ed2548-dcf3-4942-a381-abd791eca119</sln:gmIIPId><sln:gmIIPPn>PL.PZGIK.200</sln:gmIIPPn><sln:gmIIPWersja>2012-09-26T22:24:15+02:00</sln:gmIIPWersja><sln:gmIdTeryt>3003011</sln:gmIdTeryt><sln:gmNazwa>Gniezno</sln:gmNazwa><sln:miejscIIPId>352ea6cf-5ca6-4d5e-9908-ebe85711a048</sln:miejscIIPId><sln:miejscIIPPn>PL.PZGIK.200</sln:miejscIIPPn><sln:miejscIIPWersja>2016-11-24T13:54:02+02:00</sln:miejscIIPWersja><sln:miejscIdTeryt>0970684</sln:miejscIdTeryt><sln:miejscNazwa>Kawiary</sln:miejscNazwa><sln:miejscRodzaj>Inny obiekt</sln:miejscRodzaj><sln:powIIPId>9d8be336-ec60-484e-a218-bd6a57c56b5c</sln:powIIPId><sln:powIIPPn>PL.PZGIK.200</sln:powIIPPn><sln:powIIPWersja>2012-09-27T08:59:03+02:00</sln:powIIPWersja><sln:powIdTeryt>3003</sln:powIdTeryt><sln:powNazwa>gnieźnieński</sln:powNazwa><sln:wojIIPId>c606b01a-76c8-480d-9470-f24ca0d7a613</sln:wojIIPId><sln:wojIIPPn>PL.PZGIK.200</sln:wojIIPPn><sln:wojIIPWersja>2016-05-05T18:20:48+02:00</sln:wojIIPWersja><sln:wojIdTeryt>30</sln:wojIdTeryt><sln:wojNazwa>wielkopolskie</sln:wojNazwa></sln:miejscowosc><sln:miejscowosc><sln:cyklZyciaOd>2014-12-10T00:00:00+01:00</sln:cyklZyciaOd><sln:gmIIPId>83ed2548-dcf3-4942-a381-abd791eca119</sln:gmIIPId><sln:gmIIPPn>PL.PZGIK.200</sln:gmIIPPn><sln:gmIIPWersja>2012-09-26T22:24:15+02:00</sln:gmIIPWersja><sln:gmIdTeryt>3003011</sln:gmIdTeryt><sln:gmNazwa>Gniezno</sln:gmNazwa><sln:miejscIIPId>b4178c98-f6a7-42e0-8f23-672fc71e05b3</sln:miejscIIPId><sln:miejscIIPPn>PL.PZGIK.200</sln:miejscIIPPn><sln:miejscIIPWersja>2016-11-24T13:54:02+02:00</sln:miejscIIPWersja><sln:miejscIdTeryt>0970715</sln:miejscIdTeryt><sln:miejscNazwa>Konikowo</sln:miejscNazwa><sln:miejscRodzaj>Inny obiekt</sln:miejscRodzaj><sln:powIIPId>9d8be336-ec60-484e-a218-bd6a57c56b5c</sln:powIIPId><sln:powIIPPn>PL.PZGIK.200</sln:powIIPPn><sln:powIIPWersja>2012-09-27T08:59:03+02:00</sln:powIIPWersja><sln:powIdTeryt>3003</sln:powIdTeryt><sln:powNazwa>gnieźnieński</sln:powNazwa><sln:wojIIPId>c606b01a-76c8-480d-9470-f24ca0d7a613</sln:wojIIPId><sln:wojIIPPn>PL.PZGIK.200</sln:wojIIPPn><sln:wojIIPWersja>2016-05-05T18:20:48+02:00</sln:wojIIPWersja><sln:wojIdTeryt>30</sln:wojIdTeryt><sln:wojNazwa>wielkopolskie</sln:wojNazwa></sln:miejscowosc><sln:miejscowosc><sln:cyklZyciaOd>2014-12-10T00:00:00+01:00</sln:cyklZyciaOd><sln:gmIIPId>83ed2548-dcf3-4942-a381-abd791eca119</sln:gmIIPId><sln:gmIIPPn>PL.PZGIK.200</sln:gmIIPPn><sln:gmIIPWersja>2012-09-26T22:24:15+02:00</sln:gmIIPWersja><sln:gmIdTeryt>3003011</sln:gmIdTeryt><sln:gmNazwa>Gniezno</sln:gmNazwa><sln:miejscIIPId>6ca3097a-627f-4bd7-a5d9-c11f4c86d85a</sln:miejscIIPId><sln:miejscIIPPn>PL.PZGIK.200</sln:miejscIIPPn><sln:miejscIIPWersja>2016-11-24T13:54:02+02:00</sln:miejscIIPWersja><sln:miejscIdTeryt>0970690</sln:miejscIdTeryt><sln:miejscNazwa>Kleryka</sln:miejscNazwa><sln:miejscRodzaj>Inny obiekt</sln:miejscRodzaj><sln:powIIPId>9d8be336-ec60-484e-a218-bd6a57c56b5c</sln:powIIPId><sln:powIIPPn>PL.PZGIK.200</sln:powIIPPn><sln:powIIPWersja>2012-09-27T08:59:03+02:00</sln:powIIPWersja><sln:powIdTeryt>3003</sln:powIdTeryt><sln:powNazwa>gnieźnieński</sln:powNazwa><sln:wojIIPId>c606b01a-76c8-480d-9470-f24ca0d7a613</sln:wojIIPId><sln:wojIIPPn>PL.PZGIK.200</sln:wojIIPPn><sln:wojIIPWersja>2016-05-05T18:20:48+02:00</sln:wojIIPWersja><sln:wojIdTeryt>30</sln:wojIdTeryt><sln:wojNazwa>wielkopolskie</sln:wojNazwa></sln:miejscowosc></sln:lista-miejscowosci>