<?xml version="1.0" encoding="UTF-8" standalone="yes"?><sln:lista-miejscowosci xmlns:srv="http://gugik.gov.pl/schemas/slowniki-service/1.0" xmlns:sln="http://gugik.gov.pl/schemas/slowniki-schema/1.0"><sln:miejscowosc><sln:cyklZyciaOd>2014-12-08T00:00:00+01:00</sln:cyklZyciaOd><sln:gmIIPId>1cb1dc7f-15a9-46b5-b416-e3fd533cf783</sln:gmIIPId><sln:gmIIPPn>PL.PZGIK.200</sln:gmIIPPn><sln:gmIIPWersja>2012-09-26T22:24:57+02:00</sln:gmIIPWersja><sln:gmIdTeryt>3010043</sln:gmIdTeryt><sln:gmNazwa>Kleczew</sln:gmNazwa><sln:miejscIIPId>221eb75a-1dea-404c-a6fc-c0a6c6996a38</sln:miejscIIPId><sln:miejscIIPPn>PL.PZGIK.200</sln:miejscIIPPn><sln:miejscIIPWersja>2016-11-24T13:27:54+02:00</sln:miejscIIPWersja><sln:miejscIdTeryt>0949030</sln:miejscIdTeryt><sln:miejscNazwa>Białobród-Kolonia</sln:miejscNazwa><sln:miejscRodzaj>Inny obiekt</sln:miejscRodzaj><sln:powIIPId>8cde1c44-4964-43be-8faf-e2eb0c33c371</sln:powIIPId><sln:powIIPPn>PL.PZGIK.200</sln:powIIPPn><sln:powIIPWersja>2012-09-27T08:59:03+02:00</sln:powIIPWersja><sln:powIdTeryt>3010</sln:powIdTeryt><sln:powNazwa>koniński</sln:powNazwa><sln:wojIIPId>c606b01a-76c8-480d-9470-f24ca0d7a613</sln:wojIIPId><sln:wojIIPPn>PL.PZGIK.200</sln:wojIIPPn><sln:wojIIPWersja>2016-05-05T18:20:48+02:00</sln:wojIIPWersja><sln:wojIdTeryt>30</sln:wojIdTeryt><sln:wojNazwa>wielkopolskie</sln:wojNazwa></sln:miejscowosc><sln:miejscowosc><sln:cyklZyciaOd>2014-12-08T00:00:00+01:00</sln:cyklZyciaOd><sln:gmIIPId>1cb1dc7f-15a9-46b5-b416-e3fd533cf783</sln:gmIIPId><sln:gmIIPPn>PL.PZGIK.200</sln:gmIIPPn><sln:gmIIPWersja>2012-09-26T22:24:57+02:00</sln:gmIIPWersja><sln:gmIdTeryt>3010043</sln:gmIdTeryt><sln:gmNazwa>Kleczew</sln:gmNazwa><sln:miejscIIPId>af91b712-448f-4f84-92cc-8eb912be6bf7</sln:miejscIIPId><sln:miejscIIPPn>PL.PZGIK.200</sln:miejscIIPPn><sln:miejscIIPWersja>2016-11-24T13:27:54+02:00</sln:miejscIIPWersja><sln:miejscIdTeryt>0286210</sln:miejscIdTeryt><sln:miejscNazwa>Spławce</sln:miejscNazwa><sln:miejscRodzaj>Wieś</sln:miejscRodzaj><sln:powIIPId>8cde1c44-4964-43be-8faf-e2eb0c33c371</sln:powIIPId><sln:powIIPPn>PL.PZGIK.200</sln:powIIPPn><sln:powIIPWersja>2012-09-27T08:59:03+02:00</sln:powIIPWersja><sln:powIdTeryt>3010</sln:powIdTeryt><sln:powNazwa>koniński</sln:powNazwa><sln:wojIIPId>c606b01a-76c8-480d-9470-f24ca0d7a613</sln:wojIIPId><sln:wojIIPPn>PL.PZGIK.200</sln:wojIIPPn><sln:wojIIPWersja>2016-05-05T18:20:48+02:00</sln:wojIIPWersja><sln:wojIdTeryt>30</sln:wojIdTeryt><sln:wojNazwa>wielkopolskie</sln:wojNazwa></sln:miejscowosc><sln:miejscowosc><sln:cyklZyciaOd>2014-12-08T00:00:00+01:00</sln:cyklZyciaOd><sln:gmIIPId>1cb1dc7f-15a9-46b5-b416-e3fd533cf783</sln:gmIIPId><sln:gmIIPPn>PL.PZGIK.200</sln:gmIIPPn><sln:gmIIPWersja>2012-09-26T22:24:57+02:00</sln:gmIIPWersja><sln:gmIdTeryt>3010043</sln:gmIdTeryt><sln:gmNazwa>Kleczew</sln:gmNazwa><sln:miejscIIPId>05c9b513-fdcc-4cd1-978c-136e308371d6</sln:miejscIIPId><sln:miejscIIPPn>PL.PZGIK.200</sln:miejscIIPPn><sln:miejscIIPWersja>2016-11-24T13:58:24+02:00</sln:miejscIIPWersja><sln:miejscIdTeryt>0286440</sln:miejscIdTeryt><sln:miejscNazwa>Nieborzyn-Kolonia</sln:miejscNazwa><sln:miejscRodzaj>Inny obiekt</sln:miejscRodzaj><sln:powIIPId>8cde1c44-4964-43be-8faf-e2eb0c33c371</sln:powIIPId><sln:powIIPPn>PL.PZGIK.200</sln:powIIPPn><sln:powIIPWersja>2012-09-27T08:59:03+02:00</sln:powIIPWersja><sln:powIdTeryt>3010</sln:powIdTeryt><sln:powNazwa>koniński</sln:powNazwa><sln:wojIIPId>c606b01a-76c8-480d-9470-f24ca0d7a613</sln:wojIIPId><sln:wojIIPPn>PL.PZGIK.200</sln:wojIIPPn><sln:wojIIPWersja>2016-05-05T18:20:48+02:00</sln:wojIIPWersja><sln:wojIdTeryt>30</sln:wojIdTeryt><sln:wojNazwa>wielkopolskie</sln:wojNazwa></sln:miejscowosc><sln:miejscowosc><sln:cyklZyciaOd>2014-12-08T00:00:00+01:00</sln:cyklZyciaOd><sln:gmIIPId>1cb1dc7f-15a9-46b5-b416-e3fd533cf783</sln:gmIIPId><sln:gmIIPPn>PL.PZGIK.200</sln:gmIIPPn><sln:gmIIPWersja>2012-09-26T22:24:57+02:00</sln:gmIIPWersja><sln:gmIdTeryt>3010043</sln:gmIdTeryt><sln:gmNazwa>Kleczew</sln:gmNazwa><sln:miejscIIPId>5c9270cc-756f-46b9-af4c-55a5763fae23</sln:miejscIIPId><sln:miejscIIPPn>PL.PZGIK.200</sln:miejscIIPPn><sln:miejscIIPWersja>2016-11-24T13:38:31+02:00</sln:miejscIIPWersja><sln:miejscIdTeryt>0286309</sln:miejscIdTeryt><sln:miejscNazwa>Janowo</sln:miejscNazwa><sln:miejscRodzaj>Wieś</sln:miejscRodzaj><sln:powIIPId>8cde1c44-4964-43be-8faf-e2eb0c33c371</sln:powIIPId><sln:powIIPPn>PL.PZGIK.200</sln:powIIPPn><sln:powIIPWersja>2012-09-27T08:59:03+02:00</sln:powIIPWersja><sln:powIdTeryt>3010</sln:powIdTeryt><sln:powNazwa>koniński</sln:powNazwa><sln:wojIIPId>c606b01a-76c8-480d-9470-f24ca0d7a613</sln:wojIIPId><sln:wojIIPPn>PL.PZGIK.200</sln:wojIIPPn><sln:wojIIPWersja>2016-05-05T18:20:48+02:00</sln:wojIIPWersja><sln:wojIdTeryt>30</sln:wojIdTeryt><sln:wojNazwa>wielkopolskie</sln:wojNazwa></sln:miejscowosc><sln:miejscowosc><sln:cyklZyciaOd>2014-12-08T00:00:00+01:00</sln:cyklZyciaOd><sln:gmIIPId>1cb1dc7f-15a9-46b5-b416-e3fd533cf783</sln:gmIIPId><sln:gmIIPPn>PL.PZGIK.200</sln:gmIIPPn><sln:gmIIPWersja>2012-09-26T22:24:57+02:00</sln:gmIIPWersja><sln:gmIdTeryt>3010043</sln:gmIdTeryt><sln:gmNazwa>Kleczew</sln:gmNazwa><sln:miejscIIPId>bdb30aa0-016c-4b72-8dcb-848446722d67</sln:miejscIIPId><sln:miejscIIPPn>PL.PZGIK.200</sln:miejscIIPPn><sln:miejscIIPWersja>2016-11-24T13:27:54+02:00</sln:miejscIIPWersja><sln:miejscIdTeryt>0286491</sln:miejscIdTeryt><sln:miejscNazwa>Modrzerzewo</sln:miejscNazwa><sln:miejscRodzaj>Przysiółek</sln:miejscRodzaj><sln:powIIPId>8cde1c44-4964-43be-8faf-e2eb0c33c371</sln:powIIPId><sln:powIIPPn>PL.PZGIK.200</sln:powIIPPn><sln:powIIPWersja>2012-09-27T08:59:03+02:00</sln:powIIPWersja><sln:powIdTeryt>3010</sln:powIdTeryt><sln:powNazwa>koniński</sln:powNazwa><sln:wojIIPId>c606b01a-76c8-480d-9470-f24ca0d7a613</sln:wojIIPId><sln:wojIIPPn>PL.PZGIK.200</sln:wojIIPPn><sln:wojIIPWersja>2016-05-05T18:20:48+02:00</sln:wojIIPWersja><sln:wojIdTeryt>30</sln:wojIdTeryt><sln:wojNazwa>wielkopolskie</sln:wojNazwa></sln:miejscowosc><sln:miejscowosc><sln:cyklZyciaOd>2014-12-08T00:00:00+01:00</sln:cyklZyciaOd><sln:gmIIPId>1cb1dc7f-15a9-46b5-b416-e3fd533cf783</sln:gmIIPId><sln:gmIIPPn>PL.PZGIK.200</sln:gmIIPPn><sln:gmIIPWersja>2012-09-26T22:24:57+02:00</sln:gmIIPWersja><sln:gmIdTeryt>3010043</sln:gmIdTeryt><sln:gmNazwa>Kleczew</sln:gmNazwa><sln:miejscIIPId>3ba74c86-7a9d-45fd-a068-603621319233</sln:miejscIIPId><sln:miejscIIPPn>PL.PZGIK.200</sln:miejscIIPPn><sln:miejscIIPWersja>2016-11-24T13:27:54+02:00</sln:miejscIIPWersja><sln:miejscIdTeryt>0286485</sln:miejscIdTeryt><sln:miejscNazwa>Bolesławowo</sln:miejscNazwa><sln:miejscRodzaj>Wieś</sln:miejscRodzaj><sln:powIIPId>8cde1c44-4964-43be-8faf-e2eb0c33c371</sln:powIIPId><sln:powIIPPn>PL.PZGIK.200</sln:powIIPPn><sln:powIIPWersja>2012-09-27T08:59:03+02:00</sln:powIIPWersja><sln:powIdTeryt>3010</sln:powIdTeryt><sln:powNazwa>koniński</sln:powNazwa><sln:wojIIPId>c606b01a-76c8-480d-9470-f24ca0d7a613</sln:wojIIPId><sln:wojIIPPn>PL.PZGIK.200</sln:wojIIPPn><sln:wojIIPWersja>2016-05-05T18:20:48+02:00</sln:wojIIPWersja><sln:wojIdTeryt>30</sln:wojIdTeryt><sln:wojNazwa>wielkopolskie</sln:wojNazwa></sln:miejscowosc><sln:miejscowosc><sln:cyklZyciaOd>2014-12-08T00:00:00+01:00</sln:cyklZyciaOd><sln:gmIIPId>1cb1dc7f-15a9-46b5-b416-e3fd533cf783</sln:gmIIPId><sln:gmIIPPn>PL.PZGIK.200</sln:gmIIPPn><sln:gmIIPWersja>2012-09-26T22:24:57+02:00</sln:gmIIPWersja><sln:gmIdTeryt>3010043</sln:gmIdTeryt><sln:gmNazwa>Kleczew</sln:gmNazwa><sln:miejscIIPId>8d7f8f85-243a-4bb6-a4ca-badaf74368f4</sln:miejscIIPId><sln:miejscIIPPn>PL.PZGIK.200</sln:miejscIIPPn><sln:miejscIIPWersja>2016-11-24T13:27:54+02:00</sln:miejscIIPWersja><sln:miejscIdTeryt>1007033</sln:miejscIdTeryt><sln:miejscNazwa>Helenowo</sln:miejscNazwa><sln:miejscRodzaj>Kolonia</sln:miejscRodzaj><sln:powIIPId>8cde1c44-4964-43be-8faf-e2eb0c33c371</sln:powIIPId><sln:powIIPPn>PL.PZGIK.200</sln:powIIPPn><sln:powIIPWersja>2012-09-27T08:59:03+02:00</sln:powIIPWersja><sln:powIdTeryt>3010</sln:powIdTeryt><sln:powNazwa>koniński</sln:powNazwa><sln:wojIIPId>c606b01a-76c8-480d-9470-f24ca0d7a613</sln:wojIIPId><sln:wojIIPPn>PL.PZGIK.200</sln:wojIIPPn><sln:wojIIPWersja>2016-05-05T18:20:48+02:00</sln:wojIIPWersja><sln:wojIdTeryt>30</sln:wojIdTeryt><sln:wojNazwa>wielkopolskie</sln:wojNazwa></sln:miejscowosc><sln:miejscowosc><sln:cyklZyciaOd>2014-12-08T00:00:00+01:00</sln:cyklZyciaOd><sln:gmIIPId>1cb1dc7f-15a9-46b5-b416-e3fd533cf783</sln:gmIIPId><sln:gmIIPPn>PL.PZGIK.200</sln:gmIIPPn><sln:gmIIPWersja>2012-09-26T22:24:57+02:00</sln:gmIIPWersja><sln:gmIdTeryt>3010043</sln:gmIdTeryt><sln:gmNazwa>Kleczew</sln:gmNazwa><sln:miejscIIPId>506a7c17-bc4b-4090-b8a1-9efdc830338a</sln:miejscIIPId><sln:miejscIIPPn>PL.PZGIK.200</sln:miejscIIPPn><sln:miejscIIPWersja>2016-11-24T13:27:54+02:00</sln:miejscIIPWersja><sln:miejscIdTeryt>1007056</sln:miejscIdTeryt><sln:miejscNazwa>Stanisławowo</sln:miejscNazwa><sln:miejscRodzaj>Inny obiekt</sln:miejscRodzaj><sln:powIIPId>8cde1c44-4964-43be-8faf-e2eb0c33c371</sln:powIIPId><sln:powIIPPn>PL.PZGIK.200</sln:powIIPPn><sln:powIIPWersja>2012-09-27T08:59:03+02:00</sln:powIIPWersja><sln:powIdTeryt>3010</sln:powIdTeryt><sln:powNazwa>koniński</sln:powNazwa><sln:wojIIPId>c606b01a-76c8-480d-9470-f24ca0d7a613</sln:wojIIPId><sln:wojIIPPn>PL.PZGIK.200</sln:wojIIPPn><sln:wojIIPWersja>2016-05-05T18:20:48+02:00</sln:wojIIPWersja><sln:wojIdTeryt>30</sln:wojIdTeryt><sln:wojNazwa>wielkopolskie</sln:wojNazwa></sln:miejscowosc><sln:miejscowosc><sln:cyklZyciaOd>2014-12-08T00:00:00+01:00</sln:cyklZyciaOd><sln:gmIIPId>1cb1dc7f-15a9-46b5-b416-e3fd533cf783</sln:gmIIPId><sln:gmIIPPn>PL.PZGIK.200</sln:gmIIPPn><sln:gmIIPWersja>2012-09-26T22:24:57+02:00</sln:gmIIPWersja><sln:gmIdTeryt>3010043</sln:gmIdTeryt><sln:gmNazwa>Kleczew</sln:gmNazwa><sln:miejscIIPId>dd748511-5f13-4017-8810-f51d7b82f8d3</sln:miejscIIPId><sln:miejscIIPPn>PL.PZGIK.200</sln:miejscIIPPn><sln:miejscIIPWersja>2016-11-24T13:27:54+02:00</sln:miejscIIPWersja><sln:miejscIdTeryt>1007062</sln:miejscIdTeryt><sln:miejscNazwa>Władysławowo</sln:miejscNazwa><sln:miejscRodzaj>Wieś</sln:miejscRodzaj><sln:powIIPId>8cde1c44-4964-43be-8faf-e2eb0c33c371</sln:powIIPId><sln:powIIPPn>PL.PZGIK.200</sln:powIIPPn><sln:powIIPWersja>2012-09-27T08:59:03+02:00</sln:powIIPWersja><sln:powIdTeryt>3010</sln:powIdTeryt><sln:powNazwa>koniński</sln:powNazwa><sln:wojIIPId>c606b01a-76c8-480d-9470-f24ca0d7a613</sln:wojIIPId><sln:wojIIPPn>PL.PZGIK.200</sln:wojIIPPn><sln:wojIIPWersja>2016-05-05T18:20:48+02:00</sln:wojIIPWersja><sln:wojIdTeryt>30</sln:wojIdTeryt><sln:wojNazwa>wielkopolskie</sln:wojNazwa></sln:miejscowosc><sln:miejscowosc><sln:cyklZyciaOd>2014-12-08T00:00:00+01:00</sln:cyklZyciaOd><sln:gmIIPId>1cb1dc7f-15a9-46b5-b416-e3fd533cf783</sln:gmIIPId><sln:gmIIPPn>PL.PZGIK.200</sln:gmIIPPn><sln:gmIIPWersja>2012-09-26T22:24:57+02:00</sln:gmIIPWersja><sln:gmIdTeryt>3010043</sln:gmIdTeryt><sln:gmNazwa>Kleczew</sln:gmNazwa><sln:miejscIIPId>b8edb181-69c1-4f53-a092-d66f0803a3cb</sln:miejscIIPId><sln:miejscIIPPn>PL.PZGIK.200</sln:miejscIIPPn><sln:miejscIIPWersja>2016-11-24T13:27:54+02:00</sln:miejscIIPWersja><sln:miejscIdTeryt>0286516</sln:miejscIdTeryt><sln:miejscNazwa>Słaboludz-Kolonia</sln:miejscNazwa><sln:miejscRodzaj>Kolonia</sln:miejscRodzaj><sln:powIIPId>8cde1c44-4964-43be-8faf-e2eb0c33c371</sln:powIIPId><sln:powIIPPn>PL.PZGIK.200</sln:powIIPPn><sln:powIIPWersja>2012-09-27T08:59:03+02:00</sln:powIIPWersja><sln:powIdTeryt>3010</sln:powIdTeryt><sln:powNazwa>koniński</sln:powNazwa><sln:wojIIPId>c606b01a-76c8-480d-9470-f24ca0d7a613</sln:wojIIPId><sln:wojIIPPn>PL.PZGIK.200</sln:wojIIPPn><sln:wojIIPWersja>2016-05-05T18:20:48+02:00</sln:wojIIPWersja><sln:wojIdTeryt>30</sln:wojIdTeryt><sln:wojNazwa>wielkopolskie</sln:wojNazwa></sln:miejscowosc><sln:miejscowosc><sln:cyklZyciaOd>2014-12-08T00:00:00+01:00</sln:cyklZyciaOd><sln:gmIIPId>1cb1dc7f-15a9-46b5-b416-e3fd533cf783</sln:gmIIPId><sln:gmIIPPn>PL.PZGIK.200</sln:gmIIPPn><sln:gmIIPWersja>2012-09-26T22:24:57+02:00</sln:gmIIPWersja><sln:gmIdTeryt>3010043</sln:gmIdTeryt><sln:gmNazwa>Kleczew</sln:gmNazwa><sln:miejscIIPId>8ff413f6-8cfb-4541-ba18-1a13fc6fb8dd</sln:miejscIIPId><sln:miejscIIPPn>PL.PZGIK.200</sln:miejscIIPPn><sln:miejscIIPWersja>2016-11-24T13:27:54+02:00</sln:miejscIIPWersja><sln:miejscIdTeryt>1019740</sln:miejscIdTeryt><sln:miejscNazwa>Jóźwin</sln:miejscNazwa><sln:miejscRodzaj>Osada</sln:miejscRodzaj><sln:powIIPId>8cde1c44-4964-43be-8faf-e2eb0c33c371</sln:powIIPId><sln:powIIPPn>PL.PZGIK.200</sln:powIIPPn><sln:powIIPWersja>2012-09-27T08:59:03+02:00</sln:powIIPWersja><sln:powIdTeryt>3010</sln:powIdTeryt><sln:powNazwa>koniński</sln:powNazwa><sln:wojIIPId>c606b01a-76c8-480d-9470-f24ca0d7a613</sln:wojIIPId><sln:wojIIPPn>PL.PZGIK.200</sln:wojIIPPn><sln:wojIIPWersja>2016-05-05T18:20:48+02:00</sln:wojIIPWersja><sln:wojIdTeryt>30</sln:wojIdTeryt><sln:wojNazwa>wielkopolskie</sln:wojNazwa></sln:miejscowosc><sln:miejscowosc><sln:cyklZyciaOd>2014-12-08T00:00:00+01:00</sln:cyklZyciaOd><sln:gmIIPId>1cb1dc7f-15a9-46b5-b416-e3fd533cf783</sln:gmIIPId><sln:gmIIPPn>PL.PZGIK.200</sln:gmIIPPn><sln:gmIIPWersja>2012-09-26T22:24:57+02:00</sln:gmIIPWersja><sln:gmIdTeryt>3010043</sln:gmIdTeryt><sln:gmNazwa>Kleczew</sln:gmNazwa><sln:miejscIIPId>ec2f9fea-03cd-4e13-9ff9-bb8873a5c030</sln:miejscIIPId><sln:miejscIIPPn>PL.PZGIK.200</sln:miejscIIPPn><sln:miejscIIPWersja>2016-11-24T13:27:54+02:00</sln:miejscIIPWersja><sln:miejscIdTeryt>0286539</sln:miejscIdTeryt><sln:miejscNazwa>Sławoszewek-Folwark</sln:miejscNazwa><sln:miejscRodzaj>Inny obiekt</sln:miejscRodzaj><sln:powIIPId>8cde1c44-4964-43be-8faf-e2eb0c33c371</sln:powIIPId><sln:powIIPPn>PL.PZGIK.200</sln:powIIPPn><sln:powIIPWersja>2012-09-27T08:59:03+02:00</sln:powIIPWersja><sln:powIdTeryt>3010</sln:powIdTeryt><sln:powNazwa>koniński</sln:powNazwa><sln:wojIIPId>c606b01a-76c8-480d-9470-f24ca0d7a613</sln:wojIIPId><sln:wojIIPPn>PL.PZGIK.200</sln:wojIIPPn><sln:wojIIPWersja>2016-05-05T18:20:48+02:00</sln:wojIIPWersja><sln:wojIdTeryt>30</sln:wojIdTeryt><sln:wojNazwa>wielkopolskie</sln:wojNazwa></sln:miejscowosc><sln:miejscowosc><sln:cyklZyciaOd>2014-12-08T00:00:00+01:00</sln:cyklZyciaOd><sln:gmIIPId>1cb1dc7f-15a9-46b5-b416-e3fd533cf783</sln:gmIIPId><sln:gmIIPPn>PL.PZGIK.200</sln:gmIIPPn><sln:gmIIPWersja>2012-09-26T22:24:57+02:00</sln:gmIIPWersja><sln:gmIdTeryt>3010043</sln:gmIdTeryt><sln:gmNazwa>Kleczew</sln:gmNazwa><sln:miejscIIPId>c52f4884-4cd7-4149-8c8a-bfc81077a03e</sln:miejscIIPId><sln:miejscIIPPn>PL.PZGIK.200</sln:miejscIIPPn><sln:miejscIIPWersja>2016-11-24T13:27:54+02:00</sln:miejscIIPWersja><sln:miejscIdTeryt>1007040</sln:miejscIdTeryt><sln:miejscNazwa>Obrona</sln:miejscNazwa><sln:miejscRodzaj>Wieś</sln:miejscRodzaj><sln:powIIPId>8cde1c44-4964-43be-8faf-e2eb0c33c371</sln:powIIPId><sln:powIIPPn>PL.PZGIK.200</sln:powIIPPn><sln:powIIPWersja>2012-09-27T08:59:03+02:00</sln:powIIPWersja><sln:powIdTeryt>3010</sln:powIdTeryt><sln:powNazwa>koniński</sln:powNazwa><sln:wojIIPId>c606b01a-76c8-480d-9470-f24ca0d7a613</sln:wojIIPId><sln:wojIIPPn>PL.PZGIK.200</sln:wojIIPPn><sln:wojIIPWersja>2016-05-05T18:20:48+02:00</sln:wojIIPWersja><sln:wojIdTeryt>30</sln:wojIdTeryt><sln:wojNazwa>wielkopolskie</sln:wojNazwa></sln:miejscowosc><sln:miejscowosc><sln:cyklZyciaOd>2014-12-08T00:00:00+01:00</sln:cyklZyciaOd><sln:gmIIPId>1cb1dc7f-15a9-46b5-b416-e3fd533cf783</sln:gmIIPId><sln:gmIIPPn>PL.PZGIK.200</sln:gmIIPPn><sln:gmIIPWersja>2012-09-26T22:24:57+02:00</sln:gmIIPWersja><sln:gmIdTeryt>3010043</sln:gmIdTeryt><sln:gmNazwa>Kleczew</sln:gmNazwa><sln:miejscIIPId>0b020f46-4c8c-4b68-adcd-dcf1b85c6c65</sln:miejscIIPId><sln:miejscIIPPn>PL.PZGIK.200</sln:miejscIIPPn><sln:miejscIIPWersja>2016-11-24T13:27:54+02:00</sln:miejscIIPWersja><sln:miejscIdTeryt>0286634</sln:miejscIdTeryt><sln:miejscNazwa>Wielkopole-Parcele</sln:miejscNazwa><sln:miejscRodzaj>Inny obiekt</sln:miejscRodzaj><sln:powIIPId>8cde1c44-4964-43be-8faf-e2eb0c33c371</sln:powIIPId><sln:powIIPPn>PL.PZGIK.200</sln:powIIPPn><sln:powIIPWersja>2012-09-27T08:59:03+02:00</sln:powIIPWersja><sln:powIdTeryt>3010</sln:powIdTeryt><sln:powNazwa>koniński</sln:powNazwa><sln:wojIIPId>c606b01a-76c8-480d-9470-f24ca0d7a613</sln:wojIIPId><sln:wojIIPPn>PL.PZGIK.200</sln:wojIIPPn><sln:wojIIPWersja>2016-05-05T18:20:48+02:00</sln:wojIIPWersja><sln:wojIdTeryt>30</sln:wojIdTeryt><sln:wojNazwa>wielkopolskie</sln:wojNazwa></sln:miejscowosc><sln:miejscowosc><sln:cyklZyciaOd>2014-12-08T00:00:00+01:00</sln:cyklZyciaOd><sln:gmIIPId>1cb1dc7f-15a9-46b5-b416-e3fd533cf783</sln:gmIIPId><sln:gmIIPPn>PL.PZGIK.200</sln:gmIIPPn><sln:gmIIPWersja>2012-09-26T22:24:57+02:00</sln:gmIIPWersja><sln:gmIdTeryt>3010043</sln:gmIdTeryt><sln:gmNazwa>Kleczew</sln:gmNazwa><sln:miejscIIPId>dc6321ba-6fd3-478f-ac55-2d9fb07a827b</sln:miejscIIPId><sln:miejscIIPPn>PL.PZGIK.200</sln:miejscIIPPn><sln:miejscIIPWersja>2016-11-24T13:55:04+02:00</sln:miejscIIPWersja><sln:miejscIdTeryt>0286344</sln:miejscIdTeryt><sln:miejscNazwa>Danków A</sln:miejscNazwa><sln:miejscRodzaj>Kolonia</sln:miejscRodzaj><sln:powIIPId>8cde1c44-4964-43be-8faf-e2eb0c33c371</sln:powIIPId><sln:powIIPPn>PL.PZGIK.200</sln:powIIPPn><sln:powIIPWersja>2012-09-27T08:59:03+02:00</sln:powIIPWersja><sln:powIdTeryt>3010</sln:powIdTeryt><sln:powNazwa>koniński</sln:powNazwa><sln:wojIIPId>c606b01a-76c8-480d-9470-f24ca0d7a613</sln:wojIIPId><sln:wojIIPPn>PL.PZGIK.200</sln:wojIIPPn><sln:wojIIPWersja>2016-05-05T18:20:48+02:00</sln:wojIIPWersja><sln:wojIdTeryt>30</sln:wojIdTeryt><sln:wojNazwa>wielkopolskie</sln:wojNazwa></sln:miejscowosc><sln:miejscowosc><sln:cyklZyciaOd>2014-12-08T00:00:00+01:00</sln:cyklZyciaOd><sln:gmIIPId>1cb1dc7f-15a9-46b5-b416-e3fd533cf783</sln:gmIIPId><sln:gmIIPPn>PL.PZGIK.200</sln:gmIIPPn><sln:gmIIPWersja>2012-09-26T22:24:57+02:00</sln:gmIIPWersja><sln:gmIdTeryt>3010043</sln:gmIdTeryt><sln:gmNazwa>Kleczew</sln:gmNazwa><sln:miejscIIPId>c3b696f7-10cd-4b99-a724-bf63f4be2d1f</sln:miejscIIPId><sln:miejscIIPPn>PL.PZGIK.200</sln:miejscIIPPn><sln:miejscIIPWersja>2016-11-24T13:47:06+02:00</sln:miejscIIPWersja><sln:miejscIdTeryt>0286574</sln:miejscIdTeryt><sln:miejscNazwa>Stogi</sln:miejscNazwa><sln:miejscRodzaj>Kolonia</sln:miejscRodzaj><sln:powIIPId>8cde1c44-4964-43be-8faf-e2eb0c33c371</sln:powIIPId><sln:powIIPPn>PL.PZGIK.200</sln:powIIPPn><sln:powIIPWersja>2012-09-27T08:59:03+02:00</sln:powIIPWersja><sln:powIdTeryt>3010</sln:powIdTeryt><sln:powNazwa>koniński</sln:powNazwa><sln:wojIIPId>c606b01a-76c8-480d-9470-f24ca0d7a613</sln:wojIIPId><sln:wojIIPPn>PL.PZGIK.200</sln:wojIIPPn><sln:wojIIPWersja>2016-05-05T18:20:48+02:00</sln:wojIIPWersja><sln:wojIdTeryt>30</sln:wojIdTeryt><sln:wojNazwa>wielkopolskie</sln:wojNazwa></sln:miejscowosc><sln:miejscowosc><sln:cyklZyciaOd>2014-12-08T00:00:00+01:00</sln:cyklZyciaOd><sln:gmIIPId>1cb1dc7f-15a9-46b5-b416-e3fd533cf783</sln:gmIIPId><sln:gmIIPPn>PL.PZGIK.200</sln:gmIIPPn><sln:gmIIPWersja>2012-09-26T22:24:57+02:00</sln:gmIIPWersja><sln:gmIdTeryt>3010043</sln:gmIdTeryt><sln:gmNazwa>Kleczew</sln:gmNazwa><sln:miejscIIPId>8f915857-e28b-4e0e-9005-edff56ef7d64</sln:miejscIIPId><sln:miejscIIPPn>PL.PZGIK.200</sln:miejscIIPPn><sln:miejscIIPWersja>2016-11-24T13:47:06+02:00</sln:miejscIIPWersja><sln:miejscIdTeryt>0286568</sln:miejscIdTeryt><sln:miejscNazwa>Mieczysławowo</sln:miejscNazwa><sln:miejscRodzaj>Inny obiekt</sln:miejscRodzaj><sln:powIIPId>8cde1c44-4964-43be-8faf-e2eb0c33c371</sln:powIIPId><sln:powIIPPn>PL.PZGIK.200</sln:powIIPPn><sln:powIIPWersja>2012-09-27T08:59:03+02:00</sln:powIIPWersja><sln:powIdTeryt>3010</sln:powIdTeryt><sln:powNazwa>koniński</sln:powNazwa><sln:wojIIPId>c606b01a-76c8-480d-9470-f24ca0d7a613</sln:wojIIPId><sln:wojIIPPn>PL.PZGIK.200</sln:wojIIPPn><sln:wojIIPWersja>2016-05-05T18:20:48+02:00</sln:wojIIPWersja><sln:wojIdTeryt>30</sln:wojIdTeryt><sln:wojNazwa>wielkopolskie</sln:wojNazwa></sln:miejscowosc><sln:miejscowosc><sln:cyklZyciaOd>2014-12-08T00:00:00+01:00</sln:cyklZyciaOd><sln:gmIIPId>1cb1dc7f-15a9-46b5-b416-e3fd533cf783</sln:gmIIPId><sln:gmIIPPn>PL.PZGIK.200</sln:gmIIPPn><sln:gmIIPWersja>2012-09-26T22:24:57+02:00</sln:gmIIPWersja><sln:gmIdTeryt>3010043</sln:gmIdTeryt><sln:gmNazwa>Kleczew</sln:gmNazwa><sln:miejscIIPId>1b44770c-8a25-4328-9a2b-1563ed98dd9a</sln:miejscIIPId><sln:miejscIIPPn>PL.PZGIK.200</sln:miejscIIPPn><sln:miejscIIPWersja>2016-11-24T13:33:08+02:00</sln:miejscIIPWersja><sln:miejscIdTeryt>0286628</sln:miejscIdTeryt><sln:miejscNazwa>Wielkopole</sln:miejscNazwa><sln:miejscRodzaj>Wieś</sln:miejscRodzaj><sln:powIIPId>8cde1c44-4964-43be-8faf-e2eb0c33c371</sln:powIIPId><sln:powIIPPn>PL.PZGIK.200</sln:powIIPPn><sln:powIIPWersja>2012-09-27T08:59:03+02:00</sln:powIIPWersja><sln:powIdTeryt>3010</sln:powIdTeryt><sln:powNazwa>koniński</sln:powNazwa><sln:wojIIPId>c606b01a-76c8-480d-9470-f24ca0d7a613</sln:wojIIPId><sln:wojIIPPn>PL.PZGIK.200</sln:wojIIPPn><sln:wojIIPWersja>2016-05-05T18:20:48+02:00</sln:wojIIPWersja><sln:wojIdTeryt>30</sln:wojIdTeryt><sln:wojNazwa>wielkopolskie</sln:wojNazwa></sln:miejscowosc><sln:miejscowosc><sln:cyklZyciaOd>2014-12-08T00:00:00+01:00</sln:cyklZyciaOd><sln:gmIIPId>1cb1dc7f-15a9-46b5-b416-e3fd533cf783</sln:gmIIPId><sln:gmIIPPn>PL.PZGIK.200</sln:gmIIPPn><sln:gmIIPWersja>2012-09-26T22:24:57+02:00</sln:gmIIPWersja><sln:gmIdTeryt>3010043</sln:gmIdTeryt><sln:gmNazwa>Kleczew</sln:gmNazwa><sln:miejscIIPId>b3940027-f2ae-42a6-a304-ecbee5c68f9a</sln:miejscIIPId><sln:miejscIIPPn>PL.PZGIK.200</sln:miejscIIPPn><sln:miejscIIPWersja>2016-11-24T13:30:47+02:00</sln:miejscIIPWersja><sln:miejscIdTeryt>0286551</sln:miejscIdTeryt><sln:miejscNazwa>Sławoszewo</sln:miejscNazwa><sln:miejscRodzaj>Wieś</sln:miejscRodzaj><sln:powIIPId>8cde1c44-4964-43be-8faf-e2eb0c33c371</sln:powIIPId><sln:powIIPPn>PL.PZGIK.200</sln:powIIPPn><sln:powIIPWersja>2012-09-27T08:59:03+02:00</sln:powIIPWersja><sln:powIdTeryt>3010</sln:powIdTeryt><sln:powNazwa>koniński</sln:powNazwa><sln:wojIIPId>c606b01a-76c8-480d-9470-f24ca0d7a613</sln:wojIIPId><sln:wojIIPPn>PL.PZGIK.200</sln:wojIIPPn><sln:wojIIPWersja>2016-05-05T18:20:48+02:00</sln:wojIIPWersja><sln:wojIdTeryt>30</sln:wojIdTeryt><sln:wojNazwa>wielkopolskie</sln:wojNazwa></sln:miejscowosc><sln:miejscowosc><sln:cyklZyciaOd>2014-12-08T00:00:00+01:00</sln:cyklZyciaOd><sln:gmIIPId>1cb1dc7f-15a9-46b5-b416-e3fd533cf783</sln:gmIIPId><sln:gmIIPPn>PL.PZGIK.200</sln:gmIIPPn><sln:gmIIPWersja>2012-09-26T22:24:57+02:00</sln:gmIIPWersja><sln:gmIdTeryt>3010043</sln:gmIdTeryt><sln:gmNazwa>Kleczew</sln:gmNazwa><sln:miejscIIPId>d8b01bc5-927e-44d2-a213-c745eadaeaf5</sln:miejscIIPId><sln:miejscIIPPn>PL.PZGIK.200</sln:miejscIIPPn><sln:miejscIIPWersja>2016-11-24T13:36:00+02:00</sln:miejscIIPWersja><sln:miejscIdTeryt>0286315</sln:miejscIdTeryt><sln:miejscNazwa>Danków</sln:miejscNazwa><sln:miejscRodzaj>Wieś</sln:miejscRodzaj><sln:powIIPId>8cde1c44-4964-43be-8faf-e2eb0c33c371</sln:powIIPId><sln:powIIPPn>PL.PZGIK.200</sln:powIIPPn><sln:powIIPWersja>2012-09-27T08:59:03+02:00</sln:powIIPWersja><sln:powIdTeryt>3010</sln:powIdTeryt><sln:powNazwa>koniński</sln:powNazwa><sln:wojIIPId>c606b01a-76c8-480d-9470-f24ca0d7a613</sln:wojIIPId><sln:wojIIPPn>PL.PZGIK.200</sln:wojIIPPn><sln:wojIIPWersja>2016-05-05T18:20:48+02:00</sln:wojIIPWersja><sln:wojIdTeryt>30</sln:wojIdTeryt><sln:wojNazwa>wielkopolskie</sln:wojNazwa></sln:miejscowosc><sln:miejscowosc><sln:cyklZyciaOd>2014-12-08T00:00:00+01:00</sln:cyklZyciaOd><sln:gmIIPId>1cb1dc7f-15a9-46b5-b416-e3fd533cf783</sln:gmIIPId><sln:gmIIPPn>PL.PZGIK.200</sln:gmIIPPn><sln:gmIIPWersja>2012-09-26T22:24:57+02:00</sln:gmIIPWersja><sln:gmIdTeryt>3010043</sln:gmIdTeryt><sln:gmNazwa>Kleczew</sln:gmNazwa><sln:miejscIIPId>3c0cbe2c-bedd-4b2a-99eb-8e71d659d2b8</sln:miejscIIPId><sln:miejscIIPPn>PL.PZGIK.200</sln:miejscIIPPn><sln:miejscIIPWersja>2016-11-24T13:31:19+02:00</sln:miejscIIPWersja><sln:miejscIdTeryt>0286580</sln:miejscIdTeryt><sln:miejscNazwa>Tręby Stare</sln:miejscNazwa><sln:miejscRodzaj>Wieś</sln:miejscRodzaj><sln:powIIPId>8cde1c44-4964-43be-8faf-e2eb0c33c371</sln:powIIPId><sln:powIIPPn>PL.PZGIK.200</sln:powIIPPn><sln:powIIPWersja>2012-09-27T08:59:03+02:00</sln:powIIPWersja><sln:powIdTeryt>3010</sln:powIdTeryt><sln:powNazwa>koniński</sln:powNazwa><sln:wojIIPId>c606b01a-76c8-480d-9470-f24ca0d7a613</sln:wojIIPId><sln:wojIIPPn>PL.PZGIK.200</sln:wojIIPPn><sln:wojIIPWersja>2016-05-05T18:20:48+02:00</sln:wojIIPWersja><sln:wojIdTeryt>30</sln:wojIdTeryt><sln:wojNazwa>wielkopolskie</sln:wojNazwa></sln:miejscowosc><sln:miejscowosc><sln:cyklZyciaOd>2014-12-08T00:00:00+01:00</sln:cyklZyciaOd><sln:gmIIPId>1cb1dc7f-15a9-46b5-b416-e3fd533cf783</sln:gmIIPId><sln:gmIIPPn>PL.PZGIK.200</sln:gmIIPPn><sln:gmIIPWersja>2012-09-26T22:24:57+02:00</sln:gmIIPWersja><sln:gmIdTeryt>3010043</sln:gmIdTeryt><sln:gmNazwa>Kleczew</sln:gmNazwa><sln:miejscIIPId>e10faf78-71da-4e85-aa85-f3e394990b8f</sln:miejscIIPId><sln:miejscIIPPn>PL.PZGIK.200</sln:miejscIIPPn><sln:miejscIIPWersja>2016-11-24T13:29:58+02:00</sln:miejscIIPWersja><sln:miejscIdTeryt>0286462</sln:miejscIdTeryt><sln:miejscNazwa>Roztoka</sln:miejscNazwa><sln:miejscRodzaj>Wieś</sln:miejscRodzaj><sln:powIIPId>8cde1c44-4964-43be-8faf-e2eb0c33c371</sln:powIIPId><sln:powIIPPn>PL.PZGIK.200</sln:powIIPPn><sln:powIIPWersja>2012-09-27T08:59:03+02:00</sln:powIIPWersja><sln:powIdTeryt>3010</sln:powIdTeryt><sln:powNazwa>koniński</sln:powNazwa><sln:wojIIPId>c606b01a-76c8-480d-9470-f24ca0d7a613</sln:wojIIPId><sln:wojIIPPn>PL.PZGIK.200</sln:wojIIPPn><sln:wojIIPWersja>2016-05-05T18:20:48+02:00</sln:wojIIPWersja><sln:wojIdTeryt>30</sln:wojIdTeryt><sln:wojNazwa>wielkopolskie</sln:wojNazwa></sln:miejscowosc><sln:miejscowosc><sln:cyklZyciaOd>2014-12-08T00:00:00+01:00</sln:cyklZyciaOd><sln:gmIIPId>1cb1dc7f-15a9-46b5-b416-e3fd533cf783</sln:gmIIPId><sln:gmIIPPn>PL.PZGIK.200</sln:gmIIPPn><sln:gmIIPWersja>2012-09-26T22:24:57+02:00</sln:gmIIPWersja><sln:gmIdTeryt>3010043</sln:gmIdTeryt><sln:gmNazwa>Kleczew</sln:gmNazwa><sln:miejscIIPId>84d13c24-557f-4935-9e49-ca269a19ef4e</sln:miejscIIPId><sln:miejscIIPPn>PL.PZGIK.200</sln:miejscIIPPn><sln:miejscIIPWersja>2016-11-24T13:38:40+02:00</sln:miejscIIPWersja><sln:miejscIdTeryt>0286195</sln:miejscIdTeryt><sln:miejscNazwa>Alinowo</sln:miejscNazwa><sln:miejscRodzaj>Wieś</sln:miejscRodzaj><sln:powIIPId>8cde1c44-4964-43be-8faf-e2eb0c33c371</sln:powIIPId><sln:powIIPPn>PL.PZGIK.200</sln:powIIPPn><sln:powIIPWersja>2012-09-27T08:59:03+02:00</sln:powIIPWersja><sln:powIdTeryt>3010</sln:powIdTeryt><sln:powNazwa>koniński</sln:powNazwa><sln:wojIIPId>c606b01a-76c8-480d-9470-f24ca0d7a613</sln:wojIIPId><sln:wojIIPPn>PL.PZGIK.200</sln:wojIIPPn><sln:wojIIPWersja>2016-05-05T18:20:48+02:00</sln:wojIIPWersja><sln:wojIdTeryt>30</sln:wojIdTeryt><sln:wojNazwa>wielkopolskie</sln:wojNazwa></sln:miejscowosc><sln:miejscowosc><sln:cyklZyciaOd>2014-12-08T00:00:00+01:00</sln:cyklZyciaOd><sln:gmIIPId>1cb1dc7f-15a9-46b5-b416-e3fd533cf783</sln:gmIIPId><sln:gmIIPPn>PL.PZGIK.200</sln:gmIIPPn><sln:gmIIPWersja>2012-09-26T22:24:57+02:00</sln:gmIIPWersja><sln:gmIdTeryt>3010043</sln:gmIdTeryt><sln:gmNazwa>Kleczew</sln:gmNazwa><sln:miejscIIPId>64714800-36c3-4f5b-9454-7d10e4f2d586</sln:miejscIIPId><sln:miejscIIPPn>PL.PZGIK.200</sln:miejscIIPPn><sln:miejscIIPWersja>2016-11-24T13:47:03+02:00</sln:miejscIIPWersja><sln:miejscIdTeryt>0286611</sln:miejscIdTeryt><sln:miejscNazwa>Tręby Nowe</sln:miejscNazwa><sln:miejscRodzaj>Inny obiekt</sln:miejscRodzaj><sln:powIIPId>8cde1c44-4964-43be-8faf-e2eb0c33c371</sln:powIIPId><sln:powIIPPn>PL.PZGIK.200</sln:powIIPPn><sln:powIIPWersja>2012-09-27T08:59:03+02:00</sln:powIIPWersja><sln:powIdTeryt>3010</sln:powIdTeryt><sln:powNazwa>koniński</sln:powNazwa><sln:wojIIPId>c606b01a-76c8-480d-9470-f24ca0d7a613</sln:wojIIPId><sln:wojIIPPn>PL.PZGIK.200</sln:wojIIPPn><sln:wojIIPWersja>2016-05-05T18:20:48+02:00</sln:wojIIPWersja><sln:wojIdTeryt>30</sln:wojIdTeryt><sln:wojNazwa>wielkopolskie</sln:wojNazwa></sln:miejscowosc><sln:miejscowosc><sln:cyklZyciaOd>2014-12-08T00:00:00+01:00</sln:cyklZyciaOd><sln:gmIIPId>1cb1dc7f-15a9-46b5-b416-e3fd533cf783</sln:gmIIPId><sln:gmIIPPn>PL.PZGIK.200</sln:gmIIPPn><sln:gmIIPWersja>2012-09-26T22:24:57+02:00</sln:gmIIPWersja><sln:gmIdTeryt>3010043</sln:gmIdTeryt><sln:gmNazwa>Kleczew</sln:gmNazwa><sln:miejscIIPId>2697f940-51d6-4ad3-b06a-1811a436fa7b</sln:miejscIIPId><sln:miejscIIPPn>PL.PZGIK.200</sln:miejscIIPPn><sln:miejscIIPWersja>2016-11-24T13:34:43+02:00</sln:miejscIIPWersja><sln:miejscIdTeryt>0286657</sln:miejscIdTeryt><sln:miejscNazwa>Zberzynek</sln:miejscNazwa><sln:miejscRodzaj>Wieś</sln:miejscRodzaj><sln:powIIPId>8cde1c44-4964-43be-8faf-e2eb0c33c371</sln:powIIPId><sln:powIIPPn>PL.PZGIK.200</sln:powIIPPn><sln:powIIPWersja>2012-09-27T08:59:03+02:00</sln:powIIPWersja><sln:powIdTeryt>3010</sln:powIdTeryt><sln:powNazwa>koniński</sln:powNazwa><sln:wojIIPId>c606b01a-76c8-480d-9470-f24ca0d7a613</sln:wojIIPId><sln:wojIIPPn>PL.PZGIK.200</sln:wojIIPPn><sln:wojIIPWersja>2016-05-05T18:20:48+02:00</sln:wojIIPWersja><sln:wojIdTeryt>30</sln:wojIdTeryt><sln:wojNazwa>wielkopolskie</sln:wojNazwa></sln:miejscowosc><sln:miejscowosc><sln:cyklZyciaOd>2014-12-08T00:00:00+01:00</sln:cyklZyciaOd><sln:gmIIPId>1cb1dc7f-15a9-46b5-b416-e3fd533cf783</sln:gmIIPId><sln:gmIIPPn>PL.PZGIK.200</sln:gmIIPPn><sln:gmIIPWersja>2012-09-26T22:24:57+02:00</sln:gmIIPWersja><sln:gmIdTeryt>3010043</sln:gmIdTeryt><sln:gmNazwa>Kleczew</sln:gmNazwa><sln:miejscIIPId>256e4654-25a3-4993-84c2-5a8849fbf81b</sln:miejscIIPId><sln:miejscIIPPn>PL.PZGIK.200</sln:miejscIIPPn><sln:miejscIIPWersja>2016-11-24T13:42:54+02:00</sln:miejscIIPWersja><sln:miejscIdTeryt>0286410</sln:miejscIdTeryt><sln:miejscNazwa>Nieborzyn</sln:miejscNazwa><sln:miejscRodzaj>Wieś</sln:miejscRodzaj><sln:powIIPId>8cde1c44-4964-43be-8faf-e2eb0c33c371</sln:powIIPId><sln:powIIPPn>PL.PZGIK.200</sln:powIIPPn><sln:powIIPWersja>2012-09-27T08:59:03+02:00</sln:powIIPWersja><sln:powIdTeryt>3010</sln:powIdTeryt><sln:powNazwa>koniński</sln:powNazwa><sln:wojIIPId>c606b01a-76c8-480d-9470-f24ca0d7a613</sln:wojIIPId><sln:wojIIPPn>PL.PZGIK.200</sln:wojIIPPn><sln:wojIIPWersja>2016-05-05T18:20:48+02:00</sln:wojIIPWersja><sln:wojIdTeryt>30</sln:wojIdTeryt><sln:wojNazwa>wielkopolskie</sln:wojNazwa></sln:miejscowosc><sln:miejscowosc><sln:cyklZyciaOd>2014-12-08T00:00:00+01:00</sln:cyklZyciaOd><sln:gmIIPId>1cb1dc7f-15a9-46b5-b416-e3fd533cf783</sln:gmIIPId><sln:gmIIPPn>PL.PZGIK.200</sln:gmIIPPn><sln:gmIIPWersja>2012-09-26T22:24:57+02:00</sln:gmIIPWersja><sln:gmIdTeryt>3010043</sln:gmIdTeryt><sln:gmNazwa>Kleczew</sln:gmNazwa><sln:miejscIIPId>8cf7576c-80a4-416e-ba21-f61dffa6c9bc</sln:miejscIIPId><sln:miejscIIPPn>PL.PZGIK.200</sln:miejscIIPPn><sln:miejscIIPWersja>2016-11-24T13:30:46+02:00</sln:miejscIIPWersja><sln:miejscIdTeryt>0286605</sln:miejscIdTeryt><sln:miejscNazwa>Budy</sln:miejscNazwa><sln:miejscRodzaj>Wieś</sln:miejscRodzaj><sln:powIIPId>8cde1c44-4964-43be-8faf-e2eb0c33c371</sln:powIIPId><sln:powIIPPn>PL.PZGIK.200</sln:powIIPPn><sln:powIIPWersja>2012-09-27T08:59:03+02:00</sln:powIIPWersja><sln:powIdTeryt>3010</sln:powIdTeryt><sln:powNazwa>koniński</sln:powNazwa><sln:wojIIPId>c606b01a-76c8-480d-9470-f24ca0d7a613</sln:wojIIPId><sln:wojIIPPn>PL.PZGIK.200</sln:wojIIPPn><sln:wojIIPWersja>2016-05-05T18:20:48+02:00</sln:wojIIPWersja><sln:wojIdTeryt>30</sln:wojIdTeryt><sln:wojNazwa>wielkopolskie</sln:wojNazwa></sln:miejscowosc><sln:miejscowosc><sln:cyklZyciaOd>2014-12-08T00:00:00+01:00</sln:cyklZyciaOd><sln:gmIIPId>1cb1dc7f-15a9-46b5-b416-e3fd533cf783</sln:gmIIPId><sln:gmIIPPn>PL.PZGIK.200</sln:gmIIPPn><sln:gmIIPWersja>2012-09-26T22:24:57+02:00</sln:gmIIPWersja><sln:gmIdTeryt>3010043</sln:gmIdTeryt><sln:gmNazwa>Kleczew</sln:gmNazwa><sln:miejscIIPId>db2a8c79-14dd-41db-9607-db6c1ef22eaa</sln:miejscIIPId><sln:miejscIIPPn>PL.PZGIK.200</sln:miejscIIPPn><sln:miejscIIPWersja>2016-11-24T13:46:16+02:00</sln:miejscIIPWersja><sln:miejscIdTeryt>0286479</sln:miejscIdTeryt><sln:miejscNazwa>Mikołajewo</sln:miejscNazwa><sln:miejscRodzaj>Inny obiekt</sln:miejscRodzaj><sln:powIIPId>8cde1c44-4964-43be-8faf-e2eb0c33c371</sln:powIIPId><sln:powIIPPn>PL.PZGIK.200</sln:powIIPPn><sln:powIIPWersja>2012-09-27T08:59:03+02:00</sln:powIIPWersja><sln:powIdTeryt>3010</sln:powIdTeryt><sln:powNazwa>koniński</sln:powNazwa><sln:wojIIPId>c606b01a-76c8-480d-9470-f24ca0d7a613</sln:wojIIPId><sln:wojIIPPn>PL.PZGIK.200</sln:wojIIPPn><sln:wojIIPWersja>2016-05-05T18:20:48+02:00</sln:wojIIPWersja><sln:wojIdTeryt>30</sln:wojIdTeryt><sln:wojNazwa>wielkopolskie</sln:wojNazwa></sln:miejscowosc><sln:miejscowosc><sln:cyklZyciaOd>2014-12-08T00:00:00+01:00</sln:cyklZyciaOd><sln:gmIIPId>1cb1dc7f-15a9-46b5-b416-e3fd533cf783</sln:gmIIPId><sln:gmIIPPn>PL.PZGIK.200</sln:gmIIPPn><sln:gmIIPWersja>2012-09-26T22:24:57+02:00</sln:gmIIPWersja><sln:gmIdTeryt>3010043</sln:gmIdTeryt><sln:gmNazwa>Kleczew</sln:gmNazwa><sln:miejscIIPId>3dea59d3-5ae7-4d34-922a-829a8539269b</sln:miejscIIPId><sln:miejscIIPPn>PL.PZGIK.200</sln:miejscIIPPn><sln:miejscIIPWersja>2016-11-24T13:47:31+02:00</sln:miejscIIPWersja><sln:miejscIdTeryt>0286597</sln:miejscIdTeryt><sln:miejscNazwa>Grabce</sln:miejscNazwa><sln:miejscRodzaj>Inny obiekt</sln:miejscRodzaj><sln:powIIPId>8cde1c44-4964-43be-8faf-e2eb0c33c371</sln:powIIPId><sln:powIIPPn>PL.PZGIK.200</sln:powIIPPn><sln:powIIPWersja>2012-09-27T08:59:03+02:00</sln:powIIPWersja><sln:powIdTeryt>3010</sln:powIdTeryt><sln:powNazwa>koniński</sln:powNazwa><sln:wojIIPId>c606b01a-76c8-480d-9470-f24ca0d7a613</sln:wojIIPId><sln:wojIIPPn>PL.PZGIK.200</sln:wojIIPPn><sln:wojIIPWersja>2016-05-05T18:20:48+02:00</sln:wojIIPWersja><sln:wojIdTeryt>30</sln:wojIdTeryt><sln:wojNazwa>wielkopolskie</sln:wojNazwa></sln:miejscowosc><sln:miejscowosc><sln:cyklZyciaOd>2014-12-08T00:00:00+01:00</sln:cyklZyciaOd><sln:gmIIPId>1cb1dc7f-15a9-46b5-b416-e3fd533cf783</sln:gmIIPId><sln:gmIIPPn>PL.PZGIK.200</sln:gmIIPPn><sln:gmIIPWersja>2012-09-26T22:24:57+02:00</sln:gmIIPWersja><sln:gmIdTeryt>3010043</sln:gmIdTeryt><sln:gmNazwa>Kleczew</sln:gmNazwa><sln:miejscIIPId>48a0669c-8f6d-46ef-8ae9-c31a189c08ca</sln:miejscIIPId><sln:miejscIIPPn>PL.PZGIK.200</sln:miejscIIPPn><sln:miejscIIPWersja>2016-11-24T13:30:48+02:00</sln:miejscIIPWersja><sln:miejscIdTeryt>0286373</sln:miejscIdTeryt><sln:miejscNazwa>Słowiki</sln:miejscNazwa><sln:miejscRodzaj>Wieś</sln:miejscRodzaj><sln:powIIPId>8cde1c44-4964-43be-8faf-e2eb0c33c371</sln:powIIPId><sln:powIIPPn>PL.PZGIK.200</sln:powIIPPn><sln:powIIPWersja>2012-09-27T08:59:03+02:00</sln:powIIPWersja><sln:powIdTeryt>3010</sln:powIdTeryt><sln:powNazwa>koniński</sln:powNazwa><sln:wojIIPId>c606b01a-76c8-480d-9470-f24ca0d7a613</sln:wojIIPId><sln:wojIIPPn>PL.PZGIK.200</sln:wojIIPPn><sln:wojIIPWersja>2016-05-05T18:20:48+02:00</sln:wojIIPWersja><sln:wojIdTeryt>30</sln:wojIdTeryt><sln:wojNazwa>wielkopolskie</sln:wojNazwa></sln:miejscowosc><sln:miejscowosc><sln:cyklZyciaOd>2014-12-08T00:00:00+01:00</sln:cyklZyciaOd><sln:gmIIPId>1cb1dc7f-15a9-46b5-b416-e3fd533cf783</sln:gmIIPId><sln:gmIIPPn>PL.PZGIK.200</sln:gmIIPPn><sln:gmIIPWersja>2012-09-26T22:24:57+02:00</sln:gmIIPWersja><sln:gmIdTeryt>3010043</sln:gmIdTeryt><sln:gmNazwa>Kleczew</sln:gmNazwa><sln:miejscIIPId>bba39c87-382f-4adf-9bb4-76cbaa3eee96</sln:miejscIIPId><sln:miejscIIPPn>PL.PZGIK.200</sln:miejscIIPPn><sln:miejscIIPWersja>2016-11-24T13:40:04+02:00</sln:miejscIIPWersja><sln:miejscIdTeryt>0286321</sln:miejscIdTeryt><sln:miejscNazwa>Koziegłowy</sln:miejscNazwa><sln:miejscRodzaj>Wieś</sln:miejscRodzaj><sln:powIIPId>8cde1c44-4964-43be-8faf-e2eb0c33c371</sln:powIIPId><sln:powIIPPn>PL.PZGIK.200</sln:powIIPPn><sln:powIIPWersja>2012-09-27T08:59:03+02:00</sln:powIIPWersja><sln:powIdTeryt>3010</sln:powIdTeryt><sln:powNazwa>koniński</sln:powNazwa><sln:wojIIPId>c606b01a-76c8-480d-9470-f24ca0d7a613</sln:wojIIPId><sln:wojIIPPn>PL.PZGIK.200</sln:wojIIPPn><sln:wojIIPWersja>2016-05-05T18:20:48+02:00</sln:wojIIPWersja><sln:wojIdTeryt>30</sln:wojIdTeryt><sln:wojNazwa>wielkopolskie</sln:wojNazwa></sln:miejscowosc><sln:miejscowosc><sln:cyklZyciaOd>2014-12-08T00:00:00+01:00</sln:cyklZyciaOd><sln:gmIIPId>1cb1dc7f-15a9-46b5-b416-e3fd533cf783</sln:gmIIPId><sln:gmIIPPn>PL.PZGIK.200</sln:gmIIPPn><sln:gmIIPWersja>2012-09-26T22:24:57+02:00</sln:gmIIPWersja><sln:gmIdTeryt>3010043</sln:gmIdTeryt><sln:gmNazwa>Kleczew</sln:gmNazwa><sln:miejscIIPId>400c6eff-13a8-497a-ad29-b1d80cf22bbf</sln:miejscIIPId><sln:miejscIIPPn>PL.PZGIK.200</sln:miejscIIPPn><sln:miejscIIPWersja>2016-11-24T13:58:24+02:00</sln:miejscIIPWersja><sln:miejscIdTeryt>0286427</sln:miejscIdTeryt><sln:miejscNazwa>Kamionka-Kolonia</sln:miejscNazwa><sln:miejscRodzaj>Inny obiekt</sln:miejscRodzaj><sln:powIIPId>8cde1c44-4964-43be-8faf-e2eb0c33c371</sln:powIIPId><sln:powIIPPn>PL.PZGIK.200</sln:powIIPPn><sln:powIIPWersja>2012-09-27T08:59:03+02:00</sln:powIIPWersja><sln:powIdTeryt>3010</sln:powIdTeryt><sln:powNazwa>koniński</sln:powNazwa><sln:wojIIPId>c606b01a-76c8-480d-9470-f24ca0d7a613</sln:wojIIPId><sln:wojIIPPn>PL.PZGIK.200</sln:wojIIPPn><sln:wojIIPWersja>2016-05-05T18:20:48+02:00</sln:wojIIPWersja><sln:wojIdTeryt>30</sln:wojIdTeryt><sln:wojNazwa>wielkopolskie</sln:wojNazwa></sln:miejscowosc><sln:miejscowosc><sln:cyklZyciaOd>2014-12-08T00:00:00+01:00</sln:cyklZyciaOd><sln:gmIIPId>1cb1dc7f-15a9-46b5-b416-e3fd533cf783</sln:gmIIPId><sln:gmIIPPn>PL.PZGIK.200</sln:gmIIPPn><sln:gmIIPWersja>2012-09-26T22:24:57+02:00</sln:gmIIPWersja><sln:gmIdTeryt>3010043</sln:gmIdTeryt><sln:gmNazwa>Kleczew</sln:gmNazwa><sln:miejscIIPId>121d996f-a32b-4744-8cd4-8170e4306e78</sln:miejscIIPId><sln:miejscIIPPn>PL.PZGIK.200</sln:miejscIIPPn><sln:miejscIIPWersja>2016-11-24T13:31:10+02:00</sln:miejscIIPWersja><sln:miejscIdTeryt>0286249</sln:miejscIdTeryt><sln:miejscNazwa>Budzisław Kościelny</sln:miejscNazwa><sln:miejscRodzaj>Wieś</sln:miejscRodzaj><sln:powIIPId>8cde1c44-4964-43be-8faf-e2eb0c33c371</sln:powIIPId><sln:powIIPPn>PL.PZGIK.200</sln:powIIPPn><sln:powIIPWersja>2012-09-27T08:59:03+02:00</sln:powIIPWersja><sln:powIdTeryt>3010</sln:powIdTeryt><sln:powNazwa>koniński</sln:powNazwa><sln:wojIIPId>c606b01a-76c8-480d-9470-f24ca0d7a613</sln:wojIIPId><sln:wojIIPPn>PL.PZGIK.200</sln:wojIIPPn><sln:wojIIPWersja>2016-05-05T18:20:48+02:00</sln:wojIIPWersja><sln:wojIdTeryt>30</sln:wojIdTeryt><sln:wojNazwa>wielkopolskie</sln:wojNazwa></sln:miejscowosc><sln:miejscowosc><sln:cyklZyciaOd>2014-12-08T00:00:00+01:00</sln:cyklZyciaOd><sln:gmIIPId>1cb1dc7f-15a9-46b5-b416-e3fd533cf783</sln:gmIIPId><sln:gmIIPPn>PL.PZGIK.200</sln:gmIIPPn><sln:gmIIPWersja>2012-09-26T22:24:57+02:00</sln:gmIIPWersja><sln:gmIdTeryt>3010043</sln:gmIdTeryt><sln:gmNazwa>Kleczew</sln:gmNazwa><sln:miejscIIPId>0432a83d-878d-469d-afd8-e6494685093b</sln:miejscIIPId><sln:miejscIIPPn>PL.PZGIK.200</sln:miejscIIPPn><sln:miejscIIPWersja>2016-11-24T13:38:50+02:00</sln:miejscIIPWersja><sln:miejscIdTeryt>0286350</sln:miejscIdTeryt><sln:miejscNazwa>Józefowo</sln:miejscNazwa><sln:miejscRodzaj>Wieś</sln:miejscRodzaj><sln:powIIPId>8cde1c44-4964-43be-8faf-e2eb0c33c371</sln:powIIPId><sln:powIIPPn>PL.PZGIK.200</sln:powIIPPn><sln:powIIPWersja>2012-09-27T08:59:03+02:00</sln:powIIPWersja><sln:powIdTeryt>3010</sln:powIdTeryt><sln:powNazwa>koniński</sln:powNazwa><sln:wojIIPId>c606b01a-76c8-480d-9470-f24ca0d7a613</sln:wojIIPId><sln:wojIIPPn>PL.PZGIK.200</sln:wojIIPPn><sln:wojIIPWersja>2016-05-05T18:20:48+02:00</sln:wojIIPWersja><sln:wojIdTeryt>30</sln:wojIdTeryt><sln:wojNazwa>wielkopolskie</sln:wojNazwa></sln:miejscowosc><sln:miejscowosc><sln:cyklZyciaOd>2014-12-08T00:00:00+01:00</sln:cyklZyciaOd><sln:gmIIPId>1cb1dc7f-15a9-46b5-b416-e3fd533cf783</sln:gmIIPId><sln:gmIIPPn>PL.PZGIK.200</sln:gmIIPPn><sln:gmIIPWersja>2012-09-26T22:24:57+02:00</sln:gmIIPWersja><sln:gmIdTeryt>3010043</sln:gmIdTeryt><sln:gmNazwa>Kleczew</sln:gmNazwa><sln:miejscIIPId>9db13826-0474-40a2-88b6-c108954dfb58</sln:miejscIIPId><sln:miejscIIPPn>PL.PZGIK.200</sln:miejscIIPPn><sln:miejscIIPWersja>2016-11-24T13:29:17+02:00</sln:miejscIIPWersja><sln:miejscIdTeryt>0286456</sln:miejscIdTeryt><sln:miejscNazwa>Przytuki</sln:miejscNazwa><sln:miejscRodzaj>Wieś</sln:miejscRodzaj><sln:powIIPId>8cde1c44-4964-43be-8faf-e2eb0c33c371</sln:powIIPId><sln:powIIPPn>PL.PZGIK.200</sln:powIIPPn><sln:powIIPWersja>2012-09-27T08:59:03+02:00</sln:powIIPWersja><sln:powIdTeryt>3010</sln:powIdTeryt><sln:powNazwa>koniński</sln:powNazwa><sln:wojIIPId>c606b01a-76c8-480d-9470-f24ca0d7a613</sln:wojIIPId><sln:wojIIPPn>PL.PZGIK.200</sln:wojIIPPn><sln:wojIIPWersja>2016-05-05T18:20:48+02:00</sln:wojIIPWersja><sln:wojIdTeryt>30</sln:wojIdTeryt><sln:wojNazwa>wielkopolskie</sln:wojNazwa></sln:miejscowosc><sln:miejscowosc><sln:cyklZyciaOd>2014-12-08T00:00:00+01:00</sln:cyklZyciaOd><sln:gmIIPId>1cb1dc7f-15a9-46b5-b416-e3fd533cf783</sln:gmIIPId><sln:gmIIPPn>PL.PZGIK.200</sln:gmIIPPn><sln:gmIIPWersja>2012-09-26T22:24:57+02:00</sln:gmIIPWersja><sln:gmIdTeryt>3010043</sln:gmIdTeryt><sln:gmNazwa>Kleczew</sln:gmNazwa><sln:miejscIIPId>f24cb36a-2811-47c9-83be-b9b5e89a8c95</sln:miejscIIPId><sln:miejscIIPPn>PL.PZGIK.200</sln:miejscIIPPn><sln:miejscIIPWersja>2016-11-24T13:39:11+02:00</sln:miejscIIPWersja><sln:miejscIdTeryt>0286367</sln:miejscIdTeryt><sln:miejscNazwa>Kamionka</sln:miejscNazwa><sln:miejscRodzaj>Wieś</sln:miejscRodzaj><sln:powIIPId>8cde1c44-4964-43be-8faf-e2eb0c33c371</sln:powIIPId><sln:powIIPPn>PL.PZGIK.200</sln:powIIPPn><sln:powIIPWersja>2012-09-27T08:59:03+02:00</sln:powIIPWersja><sln:powIdTeryt>3010</sln:powIdTeryt><sln:powNazwa>koniński</sln:powNazwa><sln:wojIIPId>c606b01a-76c8-480d-9470-f24ca0d7a613</sln:wojIIPId><sln:wojIIPPn>PL.PZGIK.200</sln:wojIIPPn><sln:wojIIPWersja>2016-05-05T18:20:48+02:00</sln:wojIIPWersja><sln:wojIdTeryt>30</sln:wojIdTeryt><sln:wojNazwa>wielkopolskie</sln:wojNazwa></sln:miejscowosc><sln:miejscowosc><sln:cyklZyciaOd>2014-12-08T00:00:00+01:00</sln:cyklZyciaOd><sln:gmIIPId>1cb1dc7f-15a9-46b5-b416-e3fd533cf783</sln:gmIIPId><sln:gmIIPPn>PL.PZGIK.200</sln:gmIIPPn><sln:gmIIPWersja>2012-09-26T22:24:57+02:00</sln:gmIIPWersja><sln:gmIdTeryt>3010043</sln:gmIdTeryt><sln:gmNazwa>Kleczew</sln:gmNazwa><sln:miejscIIPId>f7ae79a4-637a-450a-8703-8e17df1e2256</sln:miejscIIPId><sln:miejscIIPPn>PL.PZGIK.200</sln:miejscIIPPn><sln:miejscIIPWersja>2016-11-24T13:38:24+02:00</sln:miejscIIPWersja><sln:miejscIdTeryt>0286290</sln:miejscIdTeryt><sln:miejscNazwa>Jabłonka</sln:miejscNazwa><sln:miejscRodzaj>Wieś</sln:miejscRodzaj><sln:powIIPId>8cde1c44-4964-43be-8faf-e2eb0c33c371</sln:powIIPId><sln:powIIPPn>PL.PZGIK.200</sln:powIIPPn><sln:powIIPWersja>2012-09-27T08:59:03+02:00</sln:powIIPWersja><sln:powIdTeryt>3010</sln:powIdTeryt><sln:powNazwa>koniński</sln:powNazwa><sln:wojIIPId>c606b01a-76c8-480d-9470-f24ca0d7a613</sln:wojIIPId><sln:wojIIPPn>PL.PZGIK.200</sln:wojIIPPn><sln:wojIIPWersja>2016-05-05T18:20:48+02:00</sln:wojIIPWersja><sln:wojIdTeryt>30</sln:wojIdTeryt><sln:wojNazwa>wielkopolskie</sln:wojNazwa></sln:miejscowosc><sln:miejscowosc><sln:cyklZyciaOd>2014-12-08T00:00:00+01:00</sln:cyklZyciaOd><sln:gmIIPId>1cb1dc7f-15a9-46b5-b416-e3fd533cf783</sln:gmIIPId><sln:gmIIPPn>PL.PZGIK.200</sln:gmIIPPn><sln:gmIIPWersja>2012-09-26T22:24:57+02:00</sln:gmIIPWersja><sln:gmIdTeryt>3010043</sln:gmIdTeryt><sln:gmNazwa>Kleczew</sln:gmNazwa><sln:miejscIIPId>503a5420-2c66-47b9-bbb9-542e78931f29</sln:miejscIIPId><sln:miejscIIPPn>PL.PZGIK.200</sln:miejscIIPPn><sln:miejscIIPWersja>2016-11-24T13:51:08+02:00</sln:miejscIIPWersja><sln:miejscIdTeryt>0286670</sln:miejscIdTeryt><sln:miejscNazwa>Skupne</sln:miejscNazwa><sln:miejscRodzaj>Inny obiekt</sln:miejscRodzaj><sln:powIIPId>8cde1c44-4964-43be-8faf-e2eb0c33c371</sln:powIIPId><sln:powIIPPn>PL.PZGIK.200</sln:powIIPPn><sln:powIIPWersja>2012-09-27T08:59:03+02:00</sln:powIIPWersja><sln:powIdTeryt>3010</sln:powIdTeryt><sln:powNazwa>koniński</sln:powNazwa><sln:wojIIPId>c606b01a-76c8-480d-9470-f24ca0d7a613</sln:wojIIPId><sln:wojIIPPn>PL.PZGIK.200</sln:wojIIPPn><sln:wojIIPWersja>2016-05-05T18:20:48+02:00</sln:wojIIPWersja><sln:wojIdTeryt>30</sln:wojIdTeryt><sln:wojNazwa>wielkopolskie</sln:wojNazwa></sln:miejscowosc><sln:miejscowosc><sln:cyklZyciaOd>2014-12-08T00:00:00+01:00</sln:cyklZyciaOd><sln:gmIIPId>1cb1dc7f-15a9-46b5-b416-e3fd533cf783</sln:gmIIPId><sln:gmIIPPn>PL.PZGIK.200</sln:gmIIPPn><sln:gmIIPWersja>2012-09-26T22:24:57+02:00</sln:gmIIPWersja><sln:gmIdTeryt>3010043</sln:gmIdTeryt><sln:gmNazwa>Kleczew</sln:gmNazwa><sln:miejscIIPId>e351a01b-3ba0-4107-980e-a5be206138be</sln:miejscIIPId><sln:miejscIIPPn>PL.PZGIK.200</sln:miejscIIPPn><sln:miejscIIPWersja>2016-11-24T13:36:37+02:00</sln:miejscIIPWersja><sln:miejscIdTeryt>0286203</sln:miejscIdTeryt><sln:miejscNazwa>Dobromyśl</sln:miejscNazwa><sln:miejscRodzaj>Wieś</sln:miejscRodzaj><sln:powIIPId>8cde1c44-4964-43be-8faf-e2eb0c33c371</sln:powIIPId><sln:powIIPPn>PL.PZGIK.200</sln:powIIPPn><sln:powIIPWersja>2012-09-27T08:59:03+02:00</sln:powIIPWersja><sln:powIdTeryt>3010</sln:powIdTeryt><sln:powNazwa>koniński</sln:powNazwa><sln:wojIIPId>c606b01a-76c8-480d-9470-f24ca0d7a613</sln:wojIIPId><sln:wojIIPPn>PL.PZGIK.200</sln:wojIIPPn><sln:wojIIPWersja>2016-05-05T18:20:48+02:00</sln:wojIIPWersja><sln:wojIdTeryt>30</sln:wojIdTeryt><sln:wojNazwa>wielkopolskie</sln:wojNazwa></sln:miejscowosc><sln:miejscowosc><sln:cyklZyciaOd>2014-12-08T00:00:00+01:00</sln:cyklZyciaOd><sln:gmIIPId>1cb1dc7f-15a9-46b5-b416-e3fd533cf783</sln:gmIIPId><sln:gmIIPPn>PL.PZGIK.200</sln:gmIIPPn><sln:gmIIPWersja>2012-09-26T22:24:57+02:00</sln:gmIIPWersja><sln:gmIdTeryt>3010043</sln:gmIdTeryt><sln:gmNazwa>Kleczew</sln:gmNazwa><sln:miejscIIPId>682171c8-e417-4b52-b97c-ef1f27c13ebf</sln:miejscIIPId><sln:miejscIIPPn>PL.PZGIK.200</sln:miejscIIPPn><sln:miejscIIPWersja>2016-11-24T13:42:20+02:00</sln:miejscIIPWersja><sln:miejscIdTeryt>0286404</sln:miejscIdTeryt><sln:miejscNazwa>Miłaczew</sln:miejscNazwa><sln:miejscRodzaj>Wieś</sln:miejscRodzaj><sln:powIIPId>8cde1c44-4964-43be-8faf-e2eb0c33c371</sln:powIIPId><sln:powIIPPn>PL.PZGIK.200</sln:powIIPPn><sln:powIIPWersja>2012-09-27T08:59:03+02:00</sln:powIIPWersja><sln:powIdTeryt>3010</sln:powIdTeryt><sln:powNazwa>koniński</sln:powNazwa><sln:wojIIPId>c606b01a-76c8-480d-9470-f24ca0d7a613</sln:wojIIPId><sln:wojIIPPn>PL.PZGIK.200</sln:wojIIPPn><sln:wojIIPWersja>2016-05-05T18:20:48+02:00</sln:wojIIPWersja><sln:wojIdTeryt>30</sln:wojIdTeryt><sln:wojNazwa>wielkopolskie</sln:wojNazwa></sln:miejscowosc><sln:miejscowosc><sln:cyklZyciaOd>2014-12-08T00:00:00+01:00</sln:cyklZyciaOd><sln:gmIIPId>1cb1dc7f-15a9-46b5-b416-e3fd533cf783</sln:gmIIPId><sln:gmIIPPn>PL.PZGIK.200</sln:gmIIPPn><sln:gmIIPWersja>2012-09-26T22:24:57+02:00</sln:gmIIPWersja><sln:gmIdTeryt>3010043</sln:gmIdTeryt><sln:gmNazwa>Kleczew</sln:gmNazwa><sln:miejscIIPId>a4ae5e7f-f4d4-4bae-afc3-69ce65597d7a</sln:miejscIIPId><sln:miejscIIPPn>PL.PZGIK.200</sln:miejscIIPPn><sln:miejscIIPWersja>2016-11-24T13:47:06+02:00</sln:miejscIIPWersja><sln:miejscIdTeryt>0286545</sln:miejscIdTeryt><sln:miejscNazwa>Sławoszewek-Kolonia</sln:miejscNazwa><sln:miejscRodzaj>Inny obiekt</sln:miejscRodzaj><sln:powIIPId>8cde1c44-4964-43be-8faf-e2eb0c33c371</sln:powIIPId><sln:powIIPPn>PL.PZGIK.200</sln:powIIPPn><sln:powIIPWersja>2012-09-27T08:59:03+02:00</sln:powIIPWersja><sln:powIdTeryt>3010</sln:powIdTeryt><sln:powNazwa>koniński</sln:powNazwa><sln:wojIIPId>c606b01a-76c8-480d-9470-f24ca0d7a613</sln:wojIIPId><sln:wojIIPPn>PL.PZGIK.200</sln:wojIIPPn><sln:wojIIPWersja>2016-05-05T18:20:48+02:00</sln:wojIIPWersja><sln:wojIdTeryt>30</sln:wojIdTeryt><sln:wojNazwa>wielkopolskie</sln:wojNazwa></sln:miejscowosc><sln:miejscowosc><sln:cyklZyciaOd>2014-12-08T00:00:00+01:00</sln:cyklZyciaOd><sln:gmIIPId>1cb1dc7f-15a9-46b5-b416-e3fd533cf783</sln:gmIIPId><sln:gmIIPPn>PL.PZGIK.200</sln:gmIIPPn><sln:gmIIPWersja>2012-09-26T22:24:57+02:00</sln:gmIIPWersja><sln:gmIdTeryt>3010043</sln:gmIdTeryt><sln:gmNazwa>Kleczew</sln:gmNazwa><sln:miejscIIPId>8eef6428-72e5-430b-b569-49e8f5394aca</sln:miejscIIPId><sln:miejscIIPPn>PL.PZGIK.200</sln:miejscIIPPn><sln:miejscIIPWersja>2016-11-24T13:28:50+02:00</sln:miejscIIPWersja><sln:miejscIdTeryt>0286189</sln:miejscIdTeryt><sln:miejscNazwa>Adamowo</sln:miejscNazwa><sln:miejscRodzaj>Wieś</sln:miejscRodzaj><sln:powIIPId>8cde1c44-4964-43be-8faf-e2eb0c33c371</sln:powIIPId><sln:powIIPPn>PL.PZGIK.200</sln:powIIPPn><sln:powIIPWersja>2012-09-27T08:59:03+02:00</sln:powIIPWersja><sln:powIdTeryt>3010</sln:powIdTeryt><sln:powNazwa>koniński</sln:powNazwa><sln:wojIIPId>c606b01a-76c8-480d-9470-f24ca0d7a613</sln:wojIIPId><sln:wojIIPPn>PL.PZGIK.200</sln:wojIIPPn><sln:wojIIPWersja>2016-05-05T18:20:48+02:00</sln:wojIIPWersja><sln:wojIdTeryt>30</sln:wojIdTeryt><sln:wojNazwa>wielkopolskie</sln:wojNazwa></sln:miejscowosc><sln:miejscowosc><sln:cyklZyciaOd>2014-12-08T00:00:00+01:00</sln:cyklZyciaOd><sln:gmIIPId>1cb1dc7f-15a9-46b5-b416-e3fd533cf783</sln:gmIIPId><sln:gmIIPPn>PL.PZGIK.200</sln:gmIIPPn><sln:gmIIPWersja>2012-09-26T22:24:57+02:00</sln:gmIIPWersja><sln:gmIdTeryt>3010043</sln:gmIdTeryt><sln:gmNazwa>Kleczew</sln:gmNazwa><sln:miejscIIPId>847a2fb3-82c0-4a7b-a79f-8d2aaceb6f4d</sln:miejscIIPId><sln:miejscIIPPn>PL.PZGIK.200</sln:miejscIIPPn><sln:miejscIIPWersja>2016-11-24T13:31:10+02:00</sln:miejscIIPWersja><sln:miejscIdTeryt>0286226</sln:miejscIdTeryt><sln:miejscNazwa>Budzisław Górny</sln:miejscNazwa><sln:miejscRodzaj>Wieś</sln:miejscRodzaj><sln:powIIPId>8cde1c44-4964-43be-8faf-e2eb0c33c371</sln:powIIPId><sln:powIIPPn>PL.PZGIK.200</sln:powIIPPn><sln:powIIPWersja>2012-09-27T08:59:03+02:00</sln:powIIPWersja><sln:powIdTeryt>3010</sln:powIdTeryt><sln:powNazwa>koniński</sln:powNazwa><sln:wojIIPId>c606b01a-76c8-480d-9470-f24ca0d7a613</sln:wojIIPId><sln:wojIIPPn>PL.PZGIK.200</sln:wojIIPPn><sln:wojIIPWersja>2016-05-05T18:20:48+02:00</sln:wojIIPWersja><sln:wojIdTeryt>30</sln:wojIdTeryt><sln:wojNazwa>wielkopolskie</sln:wojNazwa></sln:miejscowosc><sln:miejscowosc><sln:cyklZyciaOd>2014-12-08T00:00:00+01:00</sln:cyklZyciaOd><sln:gmIIPId>1cb1dc7f-15a9-46b5-b416-e3fd533cf783</sln:gmIIPId><sln:gmIIPPn>PL.PZGIK.200</sln:gmIIPPn><sln:gmIIPWersja>2012-09-26T22:24:57+02:00</sln:gmIIPWersja><sln:gmIdTeryt>3010043</sln:gmIdTeryt><sln:gmNazwa>Kleczew</sln:gmNazwa><sln:miejscIIPId>3df7fd5c-a8aa-47c1-b899-c83572f147eb</sln:miejscIIPId><sln:miejscIIPPn>PL.PZGIK.200</sln:miejscIIPPn><sln:miejscIIPWersja>2016-11-24T13:38:22+02:00</sln:miejscIIPWersja><sln:miejscIdTeryt>0286278</sln:miejscIdTeryt><sln:miejscNazwa>Izabelin</sln:miejscNazwa><sln:miejscRodzaj>Wieś</sln:miejscRodzaj><sln:powIIPId>8cde1c44-4964-43be-8faf-e2eb0c33c371</sln:powIIPId><sln:powIIPPn>PL.PZGIK.200</sln:powIIPPn><sln:powIIPWersja>2012-09-27T08:59:03+02:00</sln:powIIPWersja><sln:powIdTeryt>3010</sln:powIdTeryt><sln:powNazwa>koniński</sln:powNazwa><sln:wojIIPId>c606b01a-76c8-480d-9470-f24ca0d7a613</sln:wojIIPId><sln:wojIIPPn>PL.PZGIK.200</sln:wojIIPPn><sln:wojIIPWersja>2016-05-05T18:20:48+02:00</sln:wojIIPWersja><sln:wojIdTeryt>30</sln:wojIdTeryt><sln:wojNazwa>wielkopolskie</sln:wojNazwa></sln:miejscowosc><sln:miejscowosc><sln:cyklZyciaOd>2014-12-08T00:00:00+01:00</sln:cyklZyciaOd><sln:gmIIPId>1cb1dc7f-15a9-46b5-b416-e3fd533cf783</sln:gmIIPId><sln:gmIIPPn>PL.PZGIK.200</sln:gmIIPPn><sln:gmIIPWersja>2012-09-26T22:24:57+02:00</sln:gmIIPWersja><sln:gmIdTeryt>3010043</sln:gmIdTeryt><sln:gmNazwa>Kleczew</sln:gmNazwa><sln:miejscIIPId>5ef3d55d-2604-40f6-b6fc-c29ea0e41396</sln:miejscIIPId><sln:miejscIIPPn>PL.PZGIK.200</sln:miejscIIPPn><sln:miejscIIPWersja>2016-11-24T13:30:46+02:00</sln:miejscIIPWersja><sln:miejscIdTeryt>0286500</sln:miejscIdTeryt><sln:miejscNazwa>Słaboludz</sln:miejscNazwa><sln:miejscRodzaj>Wieś</sln:miejscRodzaj><sln:powIIPId>8cde1c44-4964-43be-8faf-e2eb0c33c371</sln:powIIPId><sln:powIIPPn>PL.PZGIK.200</sln:powIIPPn><sln:powIIPWersja>2012-09-27T08:59:03+02:00</sln:powIIPWersja><sln:powIdTeryt>3010</sln:powIdTeryt><sln:powNazwa>koniński</sln:powNazwa><sln:wojIIPId>c606b01a-76c8-480d-9470-f24ca0d7a613</sln:wojIIPId><sln:wojIIPPn>PL.PZGIK.200</sln:wojIIPPn><sln:wojIIPWersja>2016-05-05T18:20:48+02:00</sln:wojIIPWersja><sln:wojIdTeryt>30</sln:wojIdTeryt><sln:wojNazwa>wielkopolskie</sln:wojNazwa></sln:miejscowosc><sln:miejscowosc><sln:cyklZyciaOd>2014-12-08T00:00:00+01:00</sln:cyklZyciaOd><sln:gmIIPId>1cb1dc7f-15a9-46b5-b416-e3fd533cf783</sln:gmIIPId><sln:gmIIPPn>PL.PZGIK.200</sln:gmIIPPn><sln:gmIIPWersja>2012-09-26T22:24:57+02:00</sln:gmIIPWersja><sln:gmIdTeryt>3010043</sln:gmIdTeryt><sln:gmNazwa>Kleczew</sln:gmNazwa><sln:miejscIIPId>c3620826-dee5-4baa-9832-249bb8a1efe1</sln:miejscIIPId><sln:miejscIIPPn>PL.PZGIK.200</sln:miejscIIPPn><sln:miejscIIPWersja>2016-11-24T13:39:00+02:00</sln:miejscIIPWersja><sln:miejscIdTeryt>0286338</sln:miejscIdTeryt><sln:miejscNazwa>Kalinowiec</sln:miejscNazwa><sln:miejscRodzaj>Wieś</sln:miejscRodzaj><sln:powIIPId>8cde1c44-4964-43be-8faf-e2eb0c33c371</sln:powIIPId><sln:powIIPPn>PL.PZGIK.200</sln:powIIPPn><sln:powIIPWersja>2012-09-27T08:59:03+02:00</sln:powIIPWersja><sln:powIdTeryt>3010</sln:powIdTeryt><sln:powNazwa>koniński</sln:powNazwa><sln:wojIIPId>c606b01a-76c8-480d-9470-f24ca0d7a613</sln:wojIIPId><sln:wojIIPPn>PL.PZGIK.200</sln:wojIIPPn><sln:wojIIPWersja>2016-05-05T18:20:48+02:00</sln:wojIIPWersja><sln:wojIdTeryt>30</sln:wojIdTeryt><sln:wojNazwa>wielkopolskie</sln:wojNazwa></sln:miejscowosc><sln:miejscowosc><sln:cyklZyciaOd>2014-12-08T00:00:00+01:00</sln:cyklZyciaOd><sln:gmIIPId>1cb1dc7f-15a9-46b5-b416-e3fd533cf783</sln:gmIIPId><sln:gmIIPPn>PL.PZGIK.200</sln:gmIIPPn><sln:gmIIPWersja>2012-09-26T22:24:57+02:00</sln:gmIIPWersja><sln:gmIdTeryt>3010043</sln:gmIdTeryt><sln:gmNazwa>Kleczew</sln:gmNazwa><sln:miejscIIPId>0219e52d-6416-46c7-83e1-98a4c8613d25</sln:miejscIIPId><sln:miejscIIPPn>PL.PZGIK.200</sln:miejscIIPPn><sln:miejscIIPWersja>2016-11-24T13:34:44+02:00</sln:miejscIIPWersja><sln:miejscIdTeryt>0286663</sln:miejscIdTeryt><sln:miejscNazwa>Zberzyn</sln:miejscNazwa><sln:miejscRodzaj>Wieś</sln:miejscRodzaj><sln:powIIPId>8cde1c44-4964-43be-8faf-e2eb0c33c371</sln:powIIPId><sln:powIIPPn>PL.PZGIK.200</sln:powIIPPn><sln:powIIPWersja>2012-09-27T08:59:03+02:00</sln:powIIPWersja><sln:powIdTeryt>3010</sln:powIdTeryt><sln:powNazwa>koniński</sln:powNazwa><sln:wojIIPId>c606b01a-76c8-480d-9470-f24ca0d7a613</sln:wojIIPId><sln:wojIIPPn>PL.PZGIK.200</sln:wojIIPPn><sln:wojIIPWersja>2016-05-05T18:20:48+02:00</sln:wojIIPWersja><sln:wojIdTeryt>30</sln:wojIdTeryt><sln:wojNazwa>wielkopolskie</sln:wojNazwa></sln:miejscowosc><sln:miejscowosc><sln:cyklZyciaOd>2014-12-08T00:00:00+01:00</sln:cyklZyciaOd><sln:gmIIPId>1cb1dc7f-15a9-46b5-b416-e3fd533cf783</sln:gmIIPId><sln:gmIIPPn>PL.PZGIK.200</sln:gmIIPPn><sln:gmIIPWersja>2012-09-26T22:24:57+02:00</sln:gmIIPWersja><sln:gmIdTeryt>3010043</sln:gmIdTeryt><sln:gmNazwa>Kleczew</sln:gmNazwa><sln:miejscIIPId>f256d7b5-db6e-48eb-965e-42fcf05f95e4</sln:miejscIIPId><sln:miejscIIPPn>PL.PZGIK.200</sln:miejscIIPPn><sln:miejscIIPWersja>2016-11-24T13:42:02+02:00</sln:miejscIIPWersja><sln:miejscIdTeryt>0286380</sln:miejscIdTeryt><sln:miejscNazwa>Marszewo</sln:miejscNazwa><sln:miejscRodzaj>Wieś</sln:miejscRodzaj><sln:powIIPId>8cde1c44-4964-43be-8faf-e2eb0c33c371</sln:powIIPId><sln:powIIPPn>PL.PZGIK.200</sln:powIIPPn><sln:powIIPWersja>2012-09-27T08:59:03+02:00</sln:powIIPWersja><sln:powIdTeryt>3010</sln:powIdTeryt><sln:powNazwa>koniński</sln:powNazwa><sln:wojIIPId>c606b01a-76c8-480d-9470-f24ca0d7a613</sln:wojIIPId><sln:wojIIPPn>PL.PZGIK.200</sln:wojIIPPn><sln:wojIIPWersja>2016-05-05T18:20:48+02:00</sln:wojIIPWersja><sln:wojIdTeryt>30</sln:wojIdTeryt><sln:wojNazwa>wielkopolskie</sln:wojNazwa></sln:miejscowosc><sln:miejscowosc><sln:cyklZyciaOd>2014-12-08T00:00:00+01:00</sln:cyklZyciaOd><sln:gmIIPId>1cb1dc7f-15a9-46b5-b416-e3fd533cf783</sln:gmIIPId><sln:gmIIPPn>PL.PZGIK.200</sln:gmIIPPn><sln:gmIIPWersja>2012-09-26T22:24:57+02:00</sln:gmIIPWersja><sln:gmIdTeryt>3010043</sln:gmIdTeryt><sln:gmNazwa>Kleczew</sln:gmNazwa><sln:miejscIIPId>6ae5fb24-1fd1-4490-8224-28bddc534cb1</sln:miejscIIPId><sln:miejscIIPPn>PL.PZGIK.200</sln:miejscIIPPn><sln:miejscIIPWersja>2016-11-24T13:57:40+02:00</sln:miejscIIPWersja><sln:miejscIdTeryt>0286396</sln:miejscIdTeryt><sln:miejscNazwa>Szubianka</sln:miejscNazwa><sln:miejscRodzaj>Inny obiekt</sln:miejscRodzaj><sln:powIIPId>8cde1c44-4964-43be-8faf-e2eb0c33c371</sln:powIIPId><sln:powIIPPn>PL.PZGIK.200</sln:powIIPPn><sln:powIIPWersja>2012-09-27T08:59:03+02:00</sln:powIIPWersja><sln:powIdTeryt>3010</sln:powIdTeryt><sln:powNazwa>koniński</sln:powNazwa><sln:wojIIPId>c606b01a-76c8-480d-9470-f24ca0d7a613</sln:wojIIPId><sln:wojIIPPn>PL.PZGIK.200</sln:wojIIPPn><sln:wojIIPWersja>2016-05-05T18:20:48+02:00</sln:wojIIPWersja><sln:wojIdTeryt>30</sln:wojIdTeryt><sln:wojNazwa>wielkopolskie</sln:wojNazwa></sln:miejscowosc><sln:miejscowosc><sln:cyklZyciaOd>2014-12-08T00:00:00+01:00</sln:cyklZyciaOd><sln:gmIIPId>1cb1dc7f-15a9-46b5-b416-e3fd533cf783</sln:gmIIPId><sln:gmIIPPn>PL.PZGIK.200</sln:gmIIPPn><sln:gmIIPWersja>2012-09-26T22:24:57+02:00</sln:gmIIPWersja><sln:gmIdTeryt>3010043</sln:gmIdTeryt><sln:gmNazwa>Kleczew</sln:gmNazwa><sln:miejscIIPId>31f1384f-c6af-4fa5-be47-9d313ef5e552</sln:miejscIIPId><sln:miejscIIPPn>PL.PZGIK.200</sln:miejscIIPPn><sln:miejscIIPWersja>2016-11-24T13:32:57+02:00</sln:miejscIIPWersja><sln:miejscIdTeryt>0286255</sln:miejscIdTeryt><sln:miejscNazwa>Cegielnia</sln:miejscNazwa><sln:miejscRodzaj>Wieś</sln:miejscRodzaj><sln:powIIPId>8cde1c44-4964-43be-8faf-e2eb0c33c371</sln:powIIPId><sln:powIIPPn>PL.PZGIK.200</sln:powIIPPn><sln:powIIPWersja>2012-09-27T08:59:03+02:00</sln:powIIPWersja><sln:powIdTeryt>3010</sln:powIdTeryt><sln:powNazwa>koniński</sln:powNazwa><sln:wojIIPId>c606b01a-76c8-480d-9470-f24ca0d7a613</sln:wojIIPId><sln:wojIIPPn>PL.PZGIK.200</sln:wojIIPPn><sln:wojIIPWersja>2016-05-05T18:20:48+02:00</sln:wojIIPWersja><sln:wojIdTeryt>30</sln:wojIdTeryt><sln:wojNazwa>wielkopolskie</sln:wojNazwa></sln:miejscowosc><sln:miejscowosc><sln:cyklZyciaOd>2014-12-08T00:00:00+01:00</sln:cyklZyciaOd><sln:gmIIPId>1cb1dc7f-15a9-46b5-b416-e3fd533cf783</sln:gmIIPId><sln:gmIIPPn>PL.PZGIK.200</sln:gmIIPPn><sln:gmIIPWersja>2012-09-26T22:24:57+02:00</sln:gmIIPWersja><sln:gmIdTeryt>3010043</sln:gmIdTeryt><sln:gmNazwa>Kleczew</sln:gmNazwa><sln:miejscIIPId>e6c97133-90cb-49d5-9c58-cd8f3eb38393</sln:miejscIIPId><sln:miejscIIPPn>PL.PZGIK.200</sln:miejscIIPPn><sln:miejscIIPWersja>2016-11-24T13:30:47+02:00</sln:miejscIIPWersja><sln:miejscIdTeryt>0286522</sln:miejscIdTeryt><sln:miejscNazwa>Sławoszewek</sln:miejscNazwa><sln:miejscRodzaj>Wieś</sln:miejscRodzaj><sln:powIIPId>8cde1c44-4964-43be-8faf-e2eb0c33c371</sln:powIIPId><sln:powIIPPn>PL.PZGIK.200</sln:powIIPPn><sln:powIIPWersja>2012-09-27T08:59:03+02:00</sln:powIIPWersja><sln:powIdTeryt>3010</sln:powIdTeryt><sln:powNazwa>koniński</sln:powNazwa><sln:wojIIPId>c606b01a-76c8-480d-9470-f24ca0d7a613</sln:wojIIPId><sln:wojIIPPn>PL.PZGIK.200</sln:wojIIPPn><sln:wojIIPWersja>2016-05-05T18:20:48+02:00</sln:wojIIPWersja><sln:wojIdTeryt>30</sln:wojIdTeryt><sln:wojNazwa>wielkopolskie</sln:wojNazwa></sln:miejscowosc><sln:miejscowosc><sln:cyklZyciaOd>2014-12-08T00:00:00+01:00</sln:cyklZyciaOd><sln:gmIIPId>1cb1dc7f-15a9-46b5-b416-e3fd533cf783</sln:gmIIPId><sln:gmIIPPn>PL.PZGIK.200</sln:gmIIPPn><sln:gmIIPWersja>2012-09-26T22:24:57+02:00</sln:gmIIPWersja><sln:gmIdTeryt>3010043</sln:gmIdTeryt><sln:gmNazwa>Kleczew</sln:gmNazwa><sln:miejscIIPId>292b7844-4bff-475e-a6d4-4433262b2747</sln:miejscIIPId><sln:miejscIIPPn>PL.PZGIK.200</sln:miejscIIPPn><sln:miejscIIPWersja>2016-11-24T13:37:13+02:00</sln:miejscIIPWersja><sln:miejscIdTeryt>0286261</sln:miejscIdTeryt><sln:miejscNazwa>Genowefa</sln:miejscNazwa><sln:miejscRodzaj>Wieś</sln:miejscRodzaj><sln:powIIPId>8cde1c44-4964-43be-8faf-e2eb0c33c371</sln:powIIPId><sln:powIIPPn>PL.PZGIK.200</sln:powIIPPn><sln:powIIPWersja>2012-09-27T08:59:03+02:00</sln:powIIPWersja><sln:powIdTeryt>3010</sln:powIdTeryt><sln:powNazwa>koniński</sln:powNazwa><sln:wojIIPId>c606b01a-76c8-480d-9470-f24ca0d7a613</sln:wojIIPId><sln:wojIIPPn>PL.PZGIK.200</sln:wojIIPPn><sln:wojIIPWersja>2016-05-05T18:20:48+02:00</sln:wojIIPWersja><sln:wojIdTeryt>30</sln:wojIdTeryt><sln:wojNazwa>wielkopolskie</sln:wojNazwa></sln:miejscowosc><sln:miejscowosc><sln:cyklZyciaOd>2014-12-08T00:00:00+01:00</sln:cyklZyciaOd><sln:gmIIPId>1cb1dc7f-15a9-46b5-b416-e3fd533cf783</sln:gmIIPId><sln:gmIIPPn>PL.PZGIK.200</sln:gmIIPPn><sln:gmIIPWersja>2012-09-26T22:24:57+02:00</sln:gmIIPWersja><sln:gmIdTeryt>3010043</sln:gmIdTeryt><sln:gmNazwa>Kleczew</sln:gmNazwa><sln:miejscIIPId>7a72e17a-af55-43ec-94ba-e24189743a75</sln:miejscIIPId><sln:miejscIIPPn>PL.PZGIK.200</sln:miejscIIPPn><sln:miejscIIPWersja>2016-11-24T13:47:30+02:00</sln:miejscIIPWersja><sln:miejscIdTeryt>0286232</sln:miejscIdTeryt><sln:miejscNazwa>Łazy</sln:miejscNazwa><sln:miejscRodzaj>Inny obiekt</sln:miejscRodzaj><sln:powIIPId>8cde1c44-4964-43be-8faf-e2eb0c33c371</sln:powIIPId><sln:powIIPPn>PL.PZGIK.200</sln:powIIPPn><sln:powIIPWersja>2012-09-27T08:59:03+02:00</sln:powIIPWersja><sln:powIdTeryt>3010</sln:powIdTeryt><sln:powNazwa>koniński</sln:powNazwa><sln:wojIIPId>c606b01a-76c8-480d-9470-f24ca0d7a613</sln:wojIIPId><sln:wojIIPPn>PL.PZGIK.200</sln:wojIIPPn><sln:wojIIPWersja>2016-05-05T18:20:48+02:00</sln:wojIIPWersja><sln:wojIdTeryt>30</sln:wojIdTeryt><sln:wojNazwa>wielkopolskie</sln:wojNazwa></sln:miejscowosc><sln:miejscowosc><sln:cyklZyciaOd>2014-12-08T00:00:00+01:00</sln:cyklZyciaOd><sln:gmIIPId>1cb1dc7f-15a9-46b5-b416-e3fd533cf783</sln:gmIIPId><sln:gmIIPPn>PL.PZGIK.200</sln:gmIIPPn><sln:gmIIPWersja>2012-09-26T22:24:57+02:00</sln:gmIIPWersja><sln:gmIdTeryt>3010043</sln:gmIdTeryt><sln:gmNazwa>Kleczew</sln:gmNazwa><sln:miejscIIPId>2fa358cf-8be8-48f7-954b-2b3cc77394f5</sln:miejscIIPId><sln:miejscIIPPn>PL.PZGIK.200</sln:miejscIIPPn><sln:miejscIIPWersja>2016-11-24T13:33:39+02:00</sln:miejscIIPWersja><sln:miejscIdTeryt>0286640</sln:miejscIdTeryt><sln:miejscNazwa>Wola Spławiecka</sln:miejscNazwa><sln:miejscRodzaj>Wieś</sln:miejscRodzaj><sln:powIIPId>8cde1c44-4964-43be-8faf-e2eb0c33c371</sln:powIIPId><sln:powIIPPn>PL.PZGIK.200</sln:powIIPPn><sln:powIIPWersja>2012-09-27T08:59:03+02:00</sln:powIIPWersja><sln:powIdTeryt>3010</sln:powIdTeryt><sln:powNazwa>koniński</sln:powNazwa><sln:wojIIPId>c606b01a-76c8-480d-9470-f24ca0d7a613</sln:wojIIPId><sln:wojIIPPn>PL.PZGIK.200</sln:wojIIPPn><sln:wojIIPWersja>2016-05-05T18:20:48+02:00</sln:wojIIPWersja><sln:wojIdTeryt>30</sln:wojIdTeryt><sln:wojNazwa>wielkopolskie</sln:wojNazwa></sln:miejscowosc><sln:miejscowosc><sln:cyklZyciaOd>2014-12-08T00:00:00+01:00</sln:cyklZyciaOd><sln:gmIIPId>1cb1dc7f-15a9-46b5-b416-e3fd533cf783</sln:gmIIPId><sln:gmIIPPn>PL.PZGIK.200</sln:gmIIPPn><sln:gmIIPWersja>2012-09-26T22:24:57+02:00</sln:gmIIPWersja><sln:gmIdTeryt>3010043</sln:gmIdTeryt><sln:gmNazwa>Kleczew</sln:gmNazwa><sln:miejscIIPId>04fdb53e-5d38-4942-8865-726bc0344868</sln:miejscIIPId><sln:miejscIIPPn>PL.PZGIK.200</sln:miejscIIPPn><sln:miejscIIPWersja>2016-11-24T13:34:51+02:00</sln:miejscIIPWersja><sln:miejscIdTeryt>0286686</sln:miejscIdTeryt><sln:miejscNazwa>Złotków</sln:miejscNazwa><sln:miejscRodzaj>Wieś</sln:miejscRodzaj><sln:powIIPId>8cde1c44-4964-43be-8faf-e2eb0c33c371</sln:powIIPId><sln:powIIPPn>PL.PZGIK.200</sln:powIIPPn><sln:powIIPWersja>2012-09-27T08:59:03+02:00</sln:powIIPWersja><sln:powIdTeryt>3010</sln:powIdTeryt><sln:powNazwa>koniński</sln:powNazwa><sln:wojIIPId>c606b01a-76c8-480d-9470-f24ca0d7a613</sln:wojIIPId><sln:wojIIPPn>PL.PZGIK.200</sln:wojIIPPn><sln:wojIIPWersja>2016-05-05T18:20:48+02:00</sln:wojIIPWersja><sln:wojIdTeryt>30</sln:wojIdTeryt><sln:wojNazwa>wielkopolskie</sln:wojNazwa></sln:miejscowosc><sln:miejscowosc><sln:cyklZyciaOd>2014-12-08T00:00:00+01:00</sln:cyklZyciaOd><sln:gmIIPId>1cb1dc7f-15a9-46b5-b416-e3fd533cf783</sln:gmIIPId><sln:gmIIPPn>PL.PZGIK.200</sln:gmIIPPn><sln:gmIIPWersja>2012-09-26T22:24:57+02:00</sln:gmIIPWersja><sln:gmIdTeryt>3010043</sln:gmIdTeryt><sln:gmNazwa>Kleczew</sln:gmNazwa><sln:miejscIIPId>75ea8da7-82b9-42cc-a7dd-6750158403c4</sln:miejscIIPId><sln:miejscIIPPn>PL.PZGIK.200</sln:miejscIIPPn><sln:miejscIIPWersja>2016-11-24T13:39:26+02:00</sln:miejscIIPWersja><sln:miejscIdTeryt>0949023</sln:miejscIdTeryt><sln:miejscNazwa>Kleczew</sln:miejscNazwa><sln:miejscRodzaj>Miasto</sln:miejscRodzaj><sln:powIIPId>8cde1c44-4964-43be-8faf-e2eb0c33c371</sln:powIIPId><sln:powIIPPn>PL.PZGIK.200</sln:powIIPPn><sln:powIIPWersja>2012-09-27T08:59:03+02:00</sln:powIIPWersja><sln:powIdTeryt>3010</sln:powIdTeryt><sln:powNazwa>koniński</sln:powNazwa><sln:wojIIPId>c606b01a-76c8-480d-9470-f24ca0d7a613</sln:wojIIPId><sln:wojIIPPn>PL.PZGIK.200</sln:wojIIPPn><sln:wojIIPWersja>2016-05-05T18:20:48+02:00</sln:wojIIPWersja><sln:wojIdTeryt>30</sln:wojIdTeryt><sln:wojNazwa>wielkopolskie</sln:wojNazwa></sln:miejscowosc><sln:miejscowosc><sln:cyklZyciaOd>2014-12-08T00:00:00+01:00</sln:cyklZyciaOd><sln:gmIIPId>1cb1dc7f-15a9-46b5-b416-e3fd533cf783</sln:gmIIPId><sln:gmIIPPn>PL.PZGIK.200</sln:gmIIPPn><sln:gmIIPWersja>2012-09-26T22:24:57+02:00</sln:gmIIPWersja><sln:gmIdTeryt>3010043</sln:gmIdTeryt><sln:gmNazwa>Kleczew</sln:gmNazwa><sln:miejscIIPId>dd5e94b6-ef5f-41f4-bc7b-8a3f406672ea</sln:miejscIIPId><sln:miejscIIPPn>PL.PZGIK.200</sln:miejscIIPPn><sln:miejscIIPWersja>2016-11-24T13:54:53+02:00</sln:miejscIIPWersja><sln:miejscIdTeryt>0286284</sln:miejscIdTeryt><sln:miejscNazwa>Izabelin-Kolonia</sln:miejscNazwa><sln:miejscRodzaj>Inny obiekt</sln:miejscRodzaj><sln:powIIPId>8cde1c44-4964-43be-8faf-e2eb0c33c371</sln:powIIPId><sln:powIIPPn>PL.PZGIK.200</sln:powIIPPn><sln:powIIPWersja>2012-09-27T08:59:03+02:00</sln:powIIPWersja><sln:powIdTeryt>3010</sln:powIdTeryt><sln:powNazwa>koniński</sln:powNazwa><sln:wojIIPId>c606b01a-76c8-480d-9470-f24ca0d7a613</sln:wojIIPId><sln:wojIIPPn>PL.PZGIK.200</sln:wojIIPPn><sln:wojIIPWersja>2016-05-05T18:20:48+02:00</sln:wojIIPWersja><sln:wojIdTeryt>30</sln:wojIdTeryt><sln:wojNazwa>wielkopolskie</sln:wojNazwa></sln:miejscowosc></sln:lista-miejscowosci>