<?xml version="1.0" encoding="UTF-8" standalone="yes"?><sln:lista-miejscowosci xmlns:srv="http://gugik.gov.pl/schemas/slowniki-service/1.0" xmlns:sln="http://gugik.gov.pl/schemas/slowniki-schema/1.0"><sln:miejscowosc><sln:cyklZyciaDo>2017-03-29T00:00:00+02:00</sln:cyklZyciaDo><sln:cyklZyciaOd>2015-12-04T00:00:00+01:00</sln:cyklZyciaOd><sln:gmIIPId>550595d7-96ee-416f-98d0-a1ab9e93045f</sln:gmIIPId><sln:gmIIPPn>PL.PZGIK.200</sln:gmIIPPn><sln:gmIIPWersja>2012-09-26T22:24:15+02:00</sln:gmIIPWersja><sln:gmIdTeryt>3003062</sln:gmIdTeryt><sln:gmNazwa>Łubowo</sln:gmNazwa><sln:miejscIIPId>af738698-fbdf-47f5-8f79-d84a2929cdbe</sln:miejscIIPId><sln:miejscIIPPn>PL.PZGIK.200</sln:miejscIIPPn><sln:miejscIIPWersja>2016-11-24T11:26:02+02:00</sln:miejscIIPWersja><sln:miejscIdTeryt>0588335</sln:miejscIdTeryt><sln:miejscNazwa>Baranowo</sln:miejscNazwa><sln:miejscRodzaj>Wieś</sln:miejscRodzaj><sln:powIIPId>9d8be336-ec60-484e-a218-bd6a57c56b5c</sln:powIIPId><sln:powIIPPn>PL.PZGIK.200</sln:powIIPPn><sln:powIIPWersja>2012-09-27T08:59:03+02:00</sln:powIIPWersja><sln:powIdTeryt>3003</sln:powIdTeryt><sln:powNazwa>gnieźnieński</sln:powNazwa><sln:waznyOd>2012-03-14T00:00:00+01:00</sln:waznyOd><sln:wojIIPId>c606b01a-76c8-480d-9470-f24ca0d7a613</sln:wojIIPId><sln:wojIIPPn>PL.PZGIK.200</sln:wojIIPPn><sln:wojIIPWersja>2016-05-05T18:20:48+02:00</sln:wojIIPWersja><sln:wojIdTeryt>30</sln:wojIdTeryt><sln:wojNazwa>wielkopolskie</sln:wojNazwa></sln:miejscowosc><sln:miejscowosc><sln:cyklZyciaDo>2017-03-29T00:00:00+02:00</sln:cyklZyciaDo><sln:cyklZyciaOd>2015-12-04T00:00:00+01:00</sln:cyklZyciaOd><sln:gmIIPId>550595d7-96ee-416f-98d0-a1ab9e93045f</sln:gmIIPId><sln:gmIIPPn>PL.PZGIK.200</sln:gmIIPPn><sln:gmIIPWersja>2012-09-26T22:24:15+02:00</sln:gmIIPWersja><sln:gmIdTeryt>3003062</sln:gmIdTeryt><sln:gmNazwa>Łubowo</sln:gmNazwa><sln:miejscIIPId>39815548-8197-42d3-9b74-0fd92e3e7715</sln:miejscIIPId><sln:miejscIIPPn>PL.PZGIK.200</sln:miejscIIPPn><sln:miejscIIPWersja>2016-11-24T11:26:02+02:00</sln:miejscIIPWersja><sln:miejscIdTeryt>0588341</sln:miejscIdTeryt><sln:miejscNazwa>Chwałkówko</sln:miejscNazwa><sln:miejscRodzaj>Osada</sln:miejscRodzaj><sln:powIIPId>9d8be336-ec60-484e-a218-bd6a57c56b5c</sln:powIIPId><sln:powIIPPn>PL.PZGIK.200</sln:powIIPPn><sln:powIIPWersja>2012-09-27T08:59:03+02:00</sln:powIIPWersja><sln:powIdTeryt>3003</sln:powIdTeryt><sln:powNazwa>gnieźnieński</sln:powNazwa><sln:waznyOd>2012-03-14T00:00:00+01:00</sln:waznyOd><sln:wojIIPId>c606b01a-76c8-480d-9470-f24ca0d7a613</sln:wojIIPId><sln:wojIIPPn>PL.PZGIK.200</sln:wojIIPPn><sln:wojIIPWersja>2016-05-05T18:20:48+02:00</sln:wojIIPWersja><sln:wojIdTeryt>30</sln:wojIdTeryt><sln:wojNazwa>wielkopolskie</sln:wojNazwa></sln:miejscowosc><sln:miejscowosc><sln:cyklZyciaDo>2017-03-29T00:00:00+02:00</sln:cyklZyciaDo><sln:cyklZyciaOd>2015-12-04T00:00:00+01:00</sln:cyklZyciaOd><sln:gmIIPId>550595d7-96ee-416f-98d0-a1ab9e93045f</sln:gmIIPId><sln:gmIIPPn>PL.PZGIK.200</sln:gmIIPPn><sln:gmIIPWersja>2012-09-26T22:24:15+02:00</sln:gmIIPWersja><sln:gmIdTeryt>3003062</sln:gmIdTeryt><sln:gmNazwa>Łubowo</sln:gmNazwa><sln:miejscIIPId>5fd70023-36dc-4879-a1d1-a0112259c745</sln:miejscIIPId><sln:miejscIIPPn>PL.PZGIK.200</sln:miejscIIPPn><sln:miejscIIPWersja>2016-11-24T11:26:02+02:00</sln:miejscIIPWersja><sln:miejscIdTeryt>0588358</sln:miejscIdTeryt><sln:miejscNazwa>Dziekanowice</sln:miejscNazwa><sln:miejscRodzaj>Wieś</sln:miejscRodzaj><sln:powIIPId>9d8be336-ec60-484e-a218-bd6a57c56b5c</sln:powIIPId><sln:powIIPPn>PL.PZGIK.200</sln:powIIPPn><sln:powIIPWersja>2012-09-27T08:59:03+02:00</sln:powIIPWersja><sln:powIdTeryt>3003</sln:powIdTeryt><sln:powNazwa>gnieźnieński</sln:powNazwa><sln:waznyOd>2012-03-14T00:00:00+01:00</sln:waznyOd><sln:wojIIPId>c606b01a-76c8-480d-9470-f24ca0d7a613</sln:wojIIPId><sln:wojIIPPn>PL.PZGIK.200</sln:wojIIPPn><sln:wojIIPWersja>2016-05-05T18:20:48+02:00</sln:wojIIPWersja><sln:wojIdTeryt>30</sln:wojIdTeryt><sln:wojNazwa>wielkopolskie</sln:wojNazwa></sln:miejscowosc><sln:miejscowosc><sln:cyklZyciaDo>2017-03-29T00:00:00+02:00</sln:cyklZyciaDo><sln:cyklZyciaOd>2015-12-04T00:00:00+01:00</sln:cyklZyciaOd><sln:gmIIPId>550595d7-96ee-416f-98d0-a1ab9e93045f</sln:gmIIPId><sln:gmIIPPn>PL.PZGIK.200</sln:gmIIPPn><sln:gmIIPWersja>2012-09-26T22:24:15+02:00</sln:gmIIPWersja><sln:gmIdTeryt>3003062</sln:gmIdTeryt><sln:gmNazwa>Łubowo</sln:gmNazwa><sln:miejscIIPId>41da0b50-3012-46fd-a766-5724b0908483</sln:miejscIIPId><sln:miejscIIPPn>PL.PZGIK.200</sln:miejscIIPPn><sln:miejscIIPWersja>2016-11-24T11:26:03+02:00</sln:miejscIIPWersja><sln:miejscIdTeryt>0588370</sln:miejscIdTeryt><sln:miejscNazwa>Imielenko</sln:miejscNazwa><sln:miejscRodzaj>Wieś</sln:miejscRodzaj><sln:powIIPId>9d8be336-ec60-484e-a218-bd6a57c56b5c</sln:powIIPId><sln:powIIPPn>PL.PZGIK.200</sln:powIIPPn><sln:powIIPWersja>2012-09-27T08:59:03+02:00</sln:powIIPWersja><sln:powIdTeryt>3003</sln:powIdTeryt><sln:powNazwa>gnieźnieński</sln:powNazwa><sln:waznyOd>2012-03-14T00:00:00+01:00</sln:waznyOd><sln:wojIIPId>c606b01a-76c8-480d-9470-f24ca0d7a613</sln:wojIIPId><sln:wojIIPPn>PL.PZGIK.200</sln:wojIIPPn><sln:wojIIPWersja>2016-05-05T18:20:48+02:00</sln:wojIIPWersja><sln:wojIdTeryt>30</sln:wojIdTeryt><sln:wojNazwa>wielkopolskie</sln:wojNazwa></sln:miejscowosc><sln:miejscowosc><sln:cyklZyciaDo>2017-03-29T00:00:00+02:00</sln:cyklZyciaDo><sln:cyklZyciaOd>2015-12-04T00:00:00+01:00</sln:cyklZyciaOd><sln:gmIIPId>550595d7-96ee-416f-98d0-a1ab9e93045f</sln:gmIIPId><sln:gmIIPPn>PL.PZGIK.200</sln:gmIIPPn><sln:gmIIPWersja>2012-09-26T22:24:15+02:00</sln:gmIIPWersja><sln:gmIdTeryt>3003062</sln:gmIdTeryt><sln:gmNazwa>Łubowo</sln:gmNazwa><sln:miejscIIPId>42f35c82-4bda-4158-bff9-8e3f49f2ddc8</sln:miejscIIPId><sln:miejscIIPPn>PL.PZGIK.200</sln:miejscIIPPn><sln:miejscIIPWersja>2016-11-24T11:26:03+02:00</sln:miejscIIPWersja><sln:miejscIdTeryt>0588387</sln:miejscIdTeryt><sln:miejscNazwa>Imielno</sln:miejscNazwa><sln:miejscRodzaj>Wieś</sln:miejscRodzaj><sln:powIIPId>9d8be336-ec60-484e-a218-bd6a57c56b5c</sln:powIIPId><sln:powIIPPn>PL.PZGIK.200</sln:powIIPPn><sln:powIIPWersja>2012-09-27T08:59:03+02:00</sln:powIIPWersja><sln:powIdTeryt>3003</sln:powIdTeryt><sln:powNazwa>gnieźnieński</sln:powNazwa><sln:waznyOd>2012-03-14T00:00:00+01:00</sln:waznyOd><sln:wojIIPId>c606b01a-76c8-480d-9470-f24ca0d7a613</sln:wojIIPId><sln:wojIIPPn>PL.PZGIK.200</sln:wojIIPPn><sln:wojIIPWersja>2016-05-05T18:20:48+02:00</sln:wojIIPWersja><sln:wojIdTeryt>30</sln:wojIdTeryt><sln:wojNazwa>wielkopolskie</sln:wojNazwa></sln:miejscowosc><sln:miejscowosc><sln:cyklZyciaDo>2017-03-29T00:00:00+02:00</sln:cyklZyciaDo><sln:cyklZyciaOd>2015-12-04T00:00:00+01:00</sln:cyklZyciaOd><sln:gmIIPId>550595d7-96ee-416f-98d0-a1ab9e93045f</sln:gmIIPId><sln:gmIIPPn>PL.PZGIK.200</sln:gmIIPPn><sln:gmIIPWersja>2012-09-26T22:24:15+02:00</sln:gmIIPWersja><sln:gmIdTeryt>3003062</sln:gmIdTeryt><sln:gmNazwa>Łubowo</sln:gmNazwa><sln:miejscIIPId>97e21164-d9bf-403f-836d-c6e3594eb39e</sln:miejscIIPId><sln:miejscIIPPn>PL.PZGIK.200</sln:miejscIIPPn><sln:miejscIIPWersja>2016-11-24T11:26:03+02:00</sln:miejscIIPWersja><sln:miejscIdTeryt>0588401</sln:miejscIdTeryt><sln:miejscNazwa>Lednogóra</sln:miejscNazwa><sln:miejscRodzaj>Wieś</sln:miejscRodzaj><sln:powIIPId>9d8be336-ec60-484e-a218-bd6a57c56b5c</sln:powIIPId><sln:powIIPPn>PL.PZGIK.200</sln:powIIPPn><sln:powIIPWersja>2012-09-27T08:59:03+02:00</sln:powIIPWersja><sln:powIdTeryt>3003</sln:powIdTeryt><sln:powNazwa>gnieźnieński</sln:powNazwa><sln:waznyOd>2012-03-14T00:00:00+01:00</sln:waznyOd><sln:wojIIPId>c606b01a-76c8-480d-9470-f24ca0d7a613</sln:wojIIPId><sln:wojIIPPn>PL.PZGIK.200</sln:wojIIPPn><sln:wojIIPWersja>2016-05-05T18:20:48+02:00</sln:wojIIPWersja><sln:wojIdTeryt>30</sln:wojIdTeryt><sln:wojNazwa>wielkopolskie</sln:wojNazwa></sln:miejscowosc><sln:miejscowosc><sln:cyklZyciaDo>2017-03-29T00:00:00+02:00</sln:cyklZyciaDo><sln:cyklZyciaOd>2015-12-04T00:00:00+01:00</sln:cyklZyciaOd><sln:gmIIPId>550595d7-96ee-416f-98d0-a1ab9e93045f</sln:gmIIPId><sln:gmIIPPn>PL.PZGIK.200</sln:gmIIPPn><sln:gmIIPWersja>2012-09-26T22:24:15+02:00</sln:gmIIPWersja><sln:gmIdTeryt>3003062</sln:gmIdTeryt><sln:gmNazwa>Łubowo</sln:gmNazwa><sln:miejscIIPId>62629a39-ceb5-4c26-98e2-562cf945cb59</sln:miejscIIPId><sln:miejscIIPPn>PL.PZGIK.200</sln:miejscIIPPn><sln:miejscIIPWersja>2016-11-24T11:26:03+02:00</sln:miejscIIPWersja><sln:miejscIdTeryt>0588418</sln:miejscIdTeryt><sln:miejscNazwa>Leśniewo</sln:miejscNazwa><sln:miejscRodzaj>Wieś</sln:miejscRodzaj><sln:powIIPId>9d8be336-ec60-484e-a218-bd6a57c56b5c</sln:powIIPId><sln:powIIPPn>PL.PZGIK.200</sln:powIIPPn><sln:powIIPWersja>2012-09-27T08:59:03+02:00</sln:powIIPWersja><sln:powIdTeryt>3003</sln:powIdTeryt><sln:powNazwa>gnieźnieński</sln:powNazwa><sln:waznyOd>2012-03-14T00:00:00+01:00</sln:waznyOd><sln:wojIIPId>c606b01a-76c8-480d-9470-f24ca0d7a613</sln:wojIIPId><sln:wojIIPPn>PL.PZGIK.200</sln:wojIIPPn><sln:wojIIPWersja>2016-05-05T18:20:48+02:00</sln:wojIIPWersja><sln:wojIdTeryt>30</sln:wojIdTeryt><sln:wojNazwa>wielkopolskie</sln:wojNazwa></sln:miejscowosc><sln:miejscowosc><sln:cyklZyciaDo>2017-03-29T00:00:00+02:00</sln:cyklZyciaDo><sln:cyklZyciaOd>2015-12-04T00:00:00+01:00</sln:cyklZyciaOd><sln:gmIIPId>550595d7-96ee-416f-98d0-a1ab9e93045f</sln:gmIIPId><sln:gmIIPPn>PL.PZGIK.200</sln:gmIIPPn><sln:gmIIPWersja>2012-09-26T22:24:15+02:00</sln:gmIIPWersja><sln:gmIdTeryt>3003062</sln:gmIdTeryt><sln:gmNazwa>Łubowo</sln:gmNazwa><sln:miejscIIPId>b536ca30-0cb2-436e-bc7a-7cd6317f7930</sln:miejscIIPId><sln:miejscIIPPn>PL.PZGIK.200</sln:miejscIIPPn><sln:miejscIIPWersja>2016-11-24T11:26:03+02:00</sln:miejscIIPWersja><sln:miejscIdTeryt>0588430</sln:miejscIdTeryt><sln:miejscNazwa>Łubowo</sln:miejscNazwa><sln:miejscRodzaj>Wieś</sln:miejscRodzaj><sln:powIIPId>9d8be336-ec60-484e-a218-bd6a57c56b5c</sln:powIIPId><sln:powIIPPn>PL.PZGIK.200</sln:powIIPPn><sln:powIIPWersja>2012-09-27T08:59:03+02:00</sln:powIIPWersja><sln:powIdTeryt>3003</sln:powIdTeryt><sln:powNazwa>gnieźnieński</sln:powNazwa><sln:waznyOd>2012-03-14T00:00:00+01:00</sln:waznyOd><sln:wojIIPId>c606b01a-76c8-480d-9470-f24ca0d7a613</sln:wojIIPId><sln:wojIIPPn>PL.PZGIK.200</sln:wojIIPPn><sln:wojIIPWersja>2016-05-05T18:20:48+02:00</sln:wojIIPWersja><sln:wojIdTeryt>30</sln:wojIdTeryt><sln:wojNazwa>wielkopolskie</sln:wojNazwa></sln:miejscowosc><sln:miejscowosc><sln:cyklZyciaDo>2017-03-29T00:00:00+02:00</sln:cyklZyciaDo><sln:cyklZyciaOd>2015-12-04T00:00:00+01:00</sln:cyklZyciaOd><sln:gmIIPId>550595d7-96ee-416f-98d0-a1ab9e93045f</sln:gmIIPId><sln:gmIIPPn>PL.PZGIK.200</sln:gmIIPPn><sln:gmIIPWersja>2012-09-26T22:24:15+02:00</sln:gmIIPWersja><sln:gmIdTeryt>3003062</sln:gmIdTeryt><sln:gmNazwa>Łubowo</sln:gmNazwa><sln:miejscIIPId>8fa1a3cc-f37a-4489-8371-e2006897609f</sln:miejscIIPId><sln:miejscIIPPn>PL.PZGIK.200</sln:miejscIIPPn><sln:miejscIIPWersja>2016-11-24T11:26:03+02:00</sln:miejscIIPWersja><sln:miejscIdTeryt>0588447</sln:miejscIdTeryt><sln:miejscNazwa>Moraczewo</sln:miejscNazwa><sln:miejscRodzaj>Wieś</sln:miejscRodzaj><sln:powIIPId>9d8be336-ec60-484e-a218-bd6a57c56b5c</sln:powIIPId><sln:powIIPPn>PL.PZGIK.200</sln:powIIPPn><sln:powIIPWersja>2012-09-27T08:59:03+02:00</sln:powIIPWersja><sln:powIdTeryt>3003</sln:powIdTeryt><sln:powNazwa>gnieźnieński</sln:powNazwa><sln:waznyOd>2012-03-14T00:00:00+01:00</sln:waznyOd><sln:wojIIPId>c606b01a-76c8-480d-9470-f24ca0d7a613</sln:wojIIPId><sln:wojIIPPn>PL.PZGIK.200</sln:wojIIPPn><sln:wojIIPWersja>2016-05-05T18:20:48+02:00</sln:wojIIPWersja><sln:wojIdTeryt>30</sln:wojIdTeryt><sln:wojNazwa>wielkopolskie</sln:wojNazwa></sln:miejscowosc><sln:miejscowosc><sln:cyklZyciaDo>2017-03-29T00:00:00+02:00</sln:cyklZyciaDo><sln:cyklZyciaOd>2015-12-04T00:00:00+01:00</sln:cyklZyciaOd><sln:gmIIPId>550595d7-96ee-416f-98d0-a1ab9e93045f</sln:gmIIPId><sln:gmIIPPn>PL.PZGIK.200</sln:gmIIPPn><sln:gmIIPWersja>2012-09-26T22:24:15+02:00</sln:gmIIPWersja><sln:gmIdTeryt>3003062</sln:gmIdTeryt><sln:gmNazwa>Łubowo</sln:gmNazwa><sln:miejscIIPId>77ff20e4-d979-488d-8c0b-5f05a2d41e16</sln:miejscIIPId><sln:miejscIIPPn>PL.PZGIK.200</sln:miejscIIPPn><sln:miejscIIPWersja>2016-11-24T11:26:03+02:00</sln:miejscIIPWersja><sln:miejscIdTeryt>0588453</sln:miejscIdTeryt><sln:miejscNazwa>Myślęcin</sln:miejscNazwa><sln:miejscRodzaj>Wieś</sln:miejscRodzaj><sln:powIIPId>9d8be336-ec60-484e-a218-bd6a57c56b5c</sln:powIIPId><sln:powIIPPn>PL.PZGIK.200</sln:powIIPPn><sln:powIIPWersja>2012-09-27T08:59:03+02:00</sln:powIIPWersja><sln:powIdTeryt>3003</sln:powIdTeryt><sln:powNazwa>gnieźnieński</sln:powNazwa><sln:waznyOd>2012-03-14T00:00:00+01:00</sln:waznyOd><sln:wojIIPId>c606b01a-76c8-480d-9470-f24ca0d7a613</sln:wojIIPId><sln:wojIIPPn>PL.PZGIK.200</sln:wojIIPPn><sln:wojIIPWersja>2016-05-05T18:20:48+02:00</sln:wojIIPWersja><sln:wojIdTeryt>30</sln:wojIdTeryt><sln:wojNazwa>wielkopolskie</sln:wojNazwa></sln:miejscowosc><sln:miejscowosc><sln:cyklZyciaDo>2017-03-29T00:00:00+02:00</sln:cyklZyciaDo><sln:cyklZyciaOd>2015-12-04T00:00:00+01:00</sln:cyklZyciaOd><sln:gmIIPId>550595d7-96ee-416f-98d0-a1ab9e93045f</sln:gmIIPId><sln:gmIIPPn>PL.PZGIK.200</sln:gmIIPPn><sln:gmIIPWersja>2012-09-26T22:24:15+02:00</sln:gmIIPWersja><sln:gmIdTeryt>3003062</sln:gmIdTeryt><sln:gmNazwa>Łubowo</sln:gmNazwa><sln:miejscIIPId>a8099cb7-3b8a-4a6d-ae30-7cdea87b63e4</sln:miejscIIPId><sln:miejscIIPPn>PL.PZGIK.200</sln:miejscIIPPn><sln:miejscIIPWersja>2016-11-24T11:26:03+02:00</sln:miejscIIPWersja><sln:miejscIdTeryt>0588460</sln:miejscIdTeryt><sln:miejscNazwa>Owieczki</sln:miejscNazwa><sln:miejscRodzaj>Wieś</sln:miejscRodzaj><sln:powIIPId>9d8be336-ec60-484e-a218-bd6a57c56b5c</sln:powIIPId><sln:powIIPPn>PL.PZGIK.200</sln:powIIPPn><sln:powIIPWersja>2012-09-27T08:59:03+02:00</sln:powIIPWersja><sln:powIdTeryt>3003</sln:powIdTeryt><sln:powNazwa>gnieźnieński</sln:powNazwa><sln:waznyOd>2012-03-14T00:00:00+01:00</sln:waznyOd><sln:wojIIPId>c606b01a-76c8-480d-9470-f24ca0d7a613</sln:wojIIPId><sln:wojIIPPn>PL.PZGIK.200</sln:wojIIPPn><sln:wojIIPWersja>2016-05-05T18:20:48+02:00</sln:wojIIPWersja><sln:wojIdTeryt>30</sln:wojIdTeryt><sln:wojNazwa>wielkopolskie</sln:wojNazwa></sln:miejscowosc><sln:miejscowosc><sln:cyklZyciaDo>2017-03-29T00:00:00+02:00</sln:cyklZyciaDo><sln:cyklZyciaOd>2015-12-04T00:00:00+01:00</sln:cyklZyciaOd><sln:gmIIPId>550595d7-96ee-416f-98d0-a1ab9e93045f</sln:gmIIPId><sln:gmIIPPn>PL.PZGIK.200</sln:gmIIPPn><sln:gmIIPWersja>2012-09-26T22:24:15+02:00</sln:gmIIPWersja><sln:gmIdTeryt>3003062</sln:gmIdTeryt><sln:gmNazwa>Łubowo</sln:gmNazwa><sln:miejscIIPId>405d20e6-038b-4140-a028-30ea7b243df3</sln:miejscIIPId><sln:miejscIIPPn>PL.PZGIK.200</sln:miejscIIPPn><sln:miejscIIPWersja>2016-11-24T11:26:03+02:00</sln:miejscIIPWersja><sln:miejscIdTeryt>0588476</sln:miejscIdTeryt><sln:miejscNazwa>Pierzyska</sln:miejscNazwa><sln:miejscRodzaj>Wieś</sln:miejscRodzaj><sln:powIIPId>9d8be336-ec60-484e-a218-bd6a57c56b5c</sln:powIIPId><sln:powIIPPn>PL.PZGIK.200</sln:powIIPPn><sln:powIIPWersja>2012-09-27T08:59:03+02:00</sln:powIIPWersja><sln:powIdTeryt>3003</sln:powIdTeryt><sln:powNazwa>gnieźnieński</sln:powNazwa><sln:waznyOd>2012-03-14T00:00:00+01:00</sln:waznyOd><sln:wojIIPId>c606b01a-76c8-480d-9470-f24ca0d7a613</sln:wojIIPId><sln:wojIIPPn>PL.PZGIK.200</sln:wojIIPPn><sln:wojIIPWersja>2016-05-05T18:20:48+02:00</sln:wojIIPWersja><sln:wojIdTeryt>30</sln:wojIdTeryt><sln:wojNazwa>wielkopolskie</sln:wojNazwa></sln:miejscowosc><sln:miejscowosc><sln:cyklZyciaDo>2017-03-29T00:00:00+02:00</sln:cyklZyciaDo><sln:cyklZyciaOd>2015-12-04T00:00:00+01:00</sln:cyklZyciaOd><sln:gmIIPId>550595d7-96ee-416f-98d0-a1ab9e93045f</sln:gmIIPId><sln:gmIIPPn>PL.PZGIK.200</sln:gmIIPPn><sln:gmIIPWersja>2012-09-26T22:24:15+02:00</sln:gmIIPWersja><sln:gmIdTeryt>3003062</sln:gmIdTeryt><sln:gmNazwa>Łubowo</sln:gmNazwa><sln:miejscIIPId>736903dc-b242-4558-a19f-8ec7a4e312f9</sln:miejscIIPId><sln:miejscIIPPn>PL.PZGIK.200</sln:miejscIIPPn><sln:miejscIIPWersja>2016-11-24T11:26:03+02:00</sln:miejscIIPWersja><sln:miejscIdTeryt>0588482</sln:miejscIdTeryt><sln:miejscNazwa>Przyborowo</sln:miejscNazwa><sln:miejscRodzaj>Wieś</sln:miejscRodzaj><sln:powIIPId>9d8be336-ec60-484e-a218-bd6a57c56b5c</sln:powIIPId><sln:powIIPPn>PL.PZGIK.200</sln:powIIPPn><sln:powIIPWersja>2012-09-27T08:59:03+02:00</sln:powIIPWersja><sln:powIdTeryt>3003</sln:powIdTeryt><sln:powNazwa>gnieźnieński</sln:powNazwa><sln:waznyOd>2012-03-14T00:00:00+01:00</sln:waznyOd><sln:wojIIPId>c606b01a-76c8-480d-9470-f24ca0d7a613</sln:wojIIPId><sln:wojIIPPn>PL.PZGIK.200</sln:wojIIPPn><sln:wojIIPWersja>2016-05-05T18:20:48+02:00</sln:wojIIPWersja><sln:wojIdTeryt>30</sln:wojIdTeryt><sln:wojNazwa>wielkopolskie</sln:wojNazwa></sln:miejscowosc><sln:miejscowosc><sln:cyklZyciaDo>2017-03-29T00:00:00+02:00</sln:cyklZyciaDo><sln:cyklZyciaOd>2015-12-04T00:00:00+01:00</sln:cyklZyciaOd><sln:gmIIPId>550595d7-96ee-416f-98d0-a1ab9e93045f</sln:gmIIPId><sln:gmIIPPn>PL.PZGIK.200</sln:gmIIPPn><sln:gmIIPWersja>2012-09-26T22:24:15+02:00</sln:gmIIPWersja><sln:gmIdTeryt>3003062</sln:gmIdTeryt><sln:gmNazwa>Łubowo</sln:gmNazwa><sln:miejscIIPId>a689e0ab-811e-4a75-8d24-ab94769066d8</sln:miejscIIPId><sln:miejscIIPPn>PL.PZGIK.200</sln:miejscIIPPn><sln:miejscIIPWersja>2016-11-24T11:26:03+02:00</sln:miejscIIPWersja><sln:miejscIdTeryt>0588513</sln:miejscIdTeryt><sln:miejscNazwa>Rybitwy</sln:miejscNazwa><sln:miejscRodzaj>Wieś</sln:miejscRodzaj><sln:powIIPId>9d8be336-ec60-484e-a218-bd6a57c56b5c</sln:powIIPId><sln:powIIPPn>PL.PZGIK.200</sln:powIIPPn><sln:powIIPWersja>2012-09-27T08:59:03+02:00</sln:powIIPWersja><sln:powIdTeryt>3003</sln:powIdTeryt><sln:powNazwa>gnieźnieński</sln:powNazwa><sln:waznyOd>2012-03-14T00:00:00+01:00</sln:waznyOd><sln:wojIIPId>c606b01a-76c8-480d-9470-f24ca0d7a613</sln:wojIIPId><sln:wojIIPPn>PL.PZGIK.200</sln:wojIIPPn><sln:wojIIPWersja>2016-05-05T18:20:48+02:00</sln:wojIIPWersja><sln:wojIdTeryt>30</sln:wojIdTeryt><sln:wojNazwa>wielkopolskie</sln:wojNazwa></sln:miejscowosc><sln:miejscowosc><sln:cyklZyciaDo>2017-03-29T00:00:00+02:00</sln:cyklZyciaDo><sln:cyklZyciaOd>2015-12-04T00:00:00+01:00</sln:cyklZyciaOd><sln:gmIIPId>550595d7-96ee-416f-98d0-a1ab9e93045f</sln:gmIIPId><sln:gmIIPPn>PL.PZGIK.200</sln:gmIIPPn><sln:gmIIPWersja>2012-09-26T22:24:15+02:00</sln:gmIIPWersja><sln:gmIdTeryt>3003062</sln:gmIdTeryt><sln:gmNazwa>Łubowo</sln:gmNazwa><sln:miejscIIPId>652301d8-c087-4691-a3ca-b3a817d573dc</sln:miejscIIPId><sln:miejscIIPPn>PL.PZGIK.200</sln:miejscIIPPn><sln:miejscIIPWersja>2016-11-24T11:26:03+02:00</sln:miejscIIPWersja><sln:miejscIdTeryt>0588364</sln:miejscIdTeryt><sln:miejscNazwa>Fałkowo</sln:miejscNazwa><sln:miejscRodzaj>Wieś</sln:miejscRodzaj><sln:powIIPId>9d8be336-ec60-484e-a218-bd6a57c56b5c</sln:powIIPId><sln:powIIPPn>PL.PZGIK.200</sln:powIIPPn><sln:powIIPWersja>2012-09-27T08:59:03+02:00</sln:powIIPWersja><sln:powIdTeryt>3003</sln:powIdTeryt><sln:powNazwa>gnieźnieński</sln:powNazwa><sln:waznyOd>2012-03-14T00:00:00+01:00</sln:waznyOd><sln:wojIIPId>c606b01a-76c8-480d-9470-f24ca0d7a613</sln:wojIIPId><sln:wojIIPPn>PL.PZGIK.200</sln:wojIIPPn><sln:wojIIPWersja>2016-05-05T18:20:48+02:00</sln:wojIIPWersja><sln:wojIdTeryt>30</sln:wojIdTeryt><sln:wojNazwa>wielkopolskie</sln:wojNazwa></sln:miejscowosc><sln:miejscowosc><sln:cyklZyciaDo>2017-03-29T00:00:00+02:00</sln:cyklZyciaDo><sln:cyklZyciaOd>2015-12-04T00:00:00+01:00</sln:cyklZyciaOd><sln:gmIIPId>550595d7-96ee-416f-98d0-a1ab9e93045f</sln:gmIIPId><sln:gmIIPPn>PL.PZGIK.200</sln:gmIIPPn><sln:gmIIPWersja>2012-09-26T22:24:15+02:00</sln:gmIIPWersja><sln:gmIdTeryt>3003062</sln:gmIdTeryt><sln:gmNazwa>Łubowo</sln:gmNazwa><sln:miejscIIPId>7de3804c-70c4-4100-8298-3366ad3254ef</sln:miejscIIPId><sln:miejscIIPPn>PL.PZGIK.200</sln:miejscIIPPn><sln:miejscIIPWersja>2016-11-24T11:26:03+02:00</sln:miejscIIPWersja><sln:miejscIdTeryt>0588520</sln:miejscIdTeryt><sln:miejscNazwa>Rzegnowo</sln:miejscNazwa><sln:miejscRodzaj>Wieś</sln:miejscRodzaj><sln:powIIPId>9d8be336-ec60-484e-a218-bd6a57c56b5c</sln:powIIPId><sln:powIIPPn>PL.PZGIK.200</sln:powIIPPn><sln:powIIPWersja>2012-09-27T08:59:03+02:00</sln:powIIPWersja><sln:powIdTeryt>3003</sln:powIdTeryt><sln:powNazwa>gnieźnieński</sln:powNazwa><sln:waznyOd>2012-03-14T00:00:00+01:00</sln:waznyOd><sln:wojIIPId>c606b01a-76c8-480d-9470-f24ca0d7a613</sln:wojIIPId><sln:wojIIPPn>PL.PZGIK.200</sln:wojIIPPn><sln:wojIIPWersja>2016-05-05T18:20:48+02:00</sln:wojIIPWersja><sln:wojIdTeryt>30</sln:wojIdTeryt><sln:wojNazwa>wielkopolskie</sln:wojNazwa></sln:miejscowosc><sln:miejscowosc><sln:cyklZyciaDo>2017-03-29T00:00:00+02:00</sln:cyklZyciaDo><sln:cyklZyciaOd>2015-12-04T00:00:00+01:00</sln:cyklZyciaOd><sln:gmIIPId>550595d7-96ee-416f-98d0-a1ab9e93045f</sln:gmIIPId><sln:gmIIPPn>PL.PZGIK.200</sln:gmIIPPn><sln:gmIIPWersja>2012-09-26T22:24:15+02:00</sln:gmIIPWersja><sln:gmIdTeryt>3003062</sln:gmIdTeryt><sln:gmNazwa>Łubowo</sln:gmNazwa><sln:miejscIIPId>b266c80f-2071-4f9e-bcf6-53e6479043ca</sln:miejscIIPId><sln:miejscIIPPn>PL.PZGIK.200</sln:miejscIIPPn><sln:miejscIIPWersja>2016-11-24T11:26:03+02:00</sln:miejscIIPWersja><sln:miejscIdTeryt>0588536</sln:miejscIdTeryt><sln:miejscNazwa>Siemianowo</sln:miejscNazwa><sln:miejscRodzaj>Wieś</sln:miejscRodzaj><sln:powIIPId>9d8be336-ec60-484e-a218-bd6a57c56b5c</sln:powIIPId><sln:powIIPPn>PL.PZGIK.200</sln:powIIPPn><sln:powIIPWersja>2012-09-27T08:59:03+02:00</sln:powIIPWersja><sln:powIdTeryt>3003</sln:powIdTeryt><sln:powNazwa>gnieźnieński</sln:powNazwa><sln:waznyOd>2012-03-14T00:00:00+01:00</sln:waznyOd><sln:wojIIPId>c606b01a-76c8-480d-9470-f24ca0d7a613</sln:wojIIPId><sln:wojIIPPn>PL.PZGIK.200</sln:wojIIPPn><sln:wojIIPWersja>2016-05-05T18:20:48+02:00</sln:wojIIPWersja><sln:wojIdTeryt>30</sln:wojIdTeryt><sln:wojNazwa>wielkopolskie</sln:wojNazwa></sln:miejscowosc><sln:miejscowosc><sln:cyklZyciaDo>2017-03-29T00:00:00+02:00</sln:cyklZyciaDo><sln:cyklZyciaOd>2015-12-04T00:00:00+01:00</sln:cyklZyciaOd><sln:gmIIPId>550595d7-96ee-416f-98d0-a1ab9e93045f</sln:gmIIPId><sln:gmIIPPn>PL.PZGIK.200</sln:gmIIPPn><sln:gmIIPWersja>2012-09-26T22:24:15+02:00</sln:gmIIPWersja><sln:gmIdTeryt>3003062</sln:gmIdTeryt><sln:gmNazwa>Łubowo</sln:gmNazwa><sln:miejscIIPId>97b3bf47-9631-418c-850d-413a96d4597a</sln:miejscIIPId><sln:miejscIIPPn>PL.PZGIK.200</sln:miejscIIPPn><sln:miejscIIPWersja>2016-11-24T11:26:03+02:00</sln:miejscIIPWersja><sln:miejscIdTeryt>0588542</sln:miejscIdTeryt><sln:miejscNazwa>Strychowo</sln:miejscNazwa><sln:miejscRodzaj>Wieś</sln:miejscRodzaj><sln:powIIPId>9d8be336-ec60-484e-a218-bd6a57c56b5c</sln:powIIPId><sln:powIIPPn>PL.PZGIK.200</sln:powIIPPn><sln:powIIPWersja>2012-09-27T08:59:03+02:00</sln:powIIPWersja><sln:powIdTeryt>3003</sln:powIdTeryt><sln:powNazwa>gnieźnieński</sln:powNazwa><sln:waznyOd>2012-03-14T00:00:00+01:00</sln:waznyOd><sln:wojIIPId>c606b01a-76c8-480d-9470-f24ca0d7a613</sln:wojIIPId><sln:wojIIPPn>PL.PZGIK.200</sln:wojIIPPn><sln:wojIIPWersja>2016-05-05T18:20:48+02:00</sln:wojIIPWersja><sln:wojIdTeryt>30</sln:wojIdTeryt><sln:wojNazwa>wielkopolskie</sln:wojNazwa></sln:miejscowosc><sln:miejscowosc><sln:cyklZyciaDo>2017-03-29T00:00:00+02:00</sln:cyklZyciaDo><sln:cyklZyciaOd>2015-12-04T00:00:00+01:00</sln:cyklZyciaOd><sln:gmIIPId>550595d7-96ee-416f-98d0-a1ab9e93045f</sln:gmIIPId><sln:gmIIPPn>PL.PZGIK.200</sln:gmIIPPn><sln:gmIIPWersja>2012-09-26T22:24:15+02:00</sln:gmIIPWersja><sln:gmIdTeryt>3003062</sln:gmIdTeryt><sln:gmNazwa>Łubowo</sln:gmNazwa><sln:miejscIIPId>16be38b0-375e-4ed0-b734-1851a0f89ed6</sln:miejscIIPId><sln:miejscIIPPn>PL.PZGIK.200</sln:miejscIIPPn><sln:miejscIIPWersja>2016-11-24T11:26:03+02:00</sln:miejscIIPWersja><sln:miejscIdTeryt>0588559</sln:miejscIdTeryt><sln:miejscNazwa>Wierzyce</sln:miejscNazwa><sln:miejscRodzaj>Wieś</sln:miejscRodzaj><sln:powIIPId>9d8be336-ec60-484e-a218-bd6a57c56b5c</sln:powIIPId><sln:powIIPPn>PL.PZGIK.200</sln:powIIPPn><sln:powIIPWersja>2012-09-27T08:59:03+02:00</sln:powIIPWersja><sln:powIdTeryt>3003</sln:powIdTeryt><sln:powNazwa>gnieźnieński</sln:powNazwa><sln:waznyOd>2012-03-14T00:00:00+01:00</sln:waznyOd><sln:wojIIPId>c606b01a-76c8-480d-9470-f24ca0d7a613</sln:wojIIPId><sln:wojIIPPn>PL.PZGIK.200</sln:wojIIPPn><sln:wojIIPWersja>2016-05-05T18:20:48+02:00</sln:wojIIPWersja><sln:wojIdTeryt>30</sln:wojIdTeryt><sln:wojNazwa>wielkopolskie</sln:wojNazwa></sln:miejscowosc><sln:miejscowosc><sln:cyklZyciaDo>2017-03-29T00:00:00+02:00</sln:cyklZyciaDo><sln:cyklZyciaOd>2015-12-04T00:00:00+01:00</sln:cyklZyciaOd><sln:gmIIPId>550595d7-96ee-416f-98d0-a1ab9e93045f</sln:gmIIPId><sln:gmIIPPn>PL.PZGIK.200</sln:gmIIPPn><sln:gmIIPWersja>2012-09-26T22:24:15+02:00</sln:gmIIPWersja><sln:gmIdTeryt>3003062</sln:gmIdTeryt><sln:gmNazwa>Łubowo</sln:gmNazwa><sln:miejscIIPId>1a301e17-7d1a-4cb5-9b24-b857c9760e7a</sln:miejscIIPId><sln:miejscIIPPn>PL.PZGIK.200</sln:miejscIIPPn><sln:miejscIIPWersja>2016-11-24T11:26:03+02:00</sln:miejscIIPWersja><sln:miejscIdTeryt>0588565</sln:miejscIdTeryt><sln:miejscNazwa>Woźniki</sln:miejscNazwa><sln:miejscRodzaj>Wieś</sln:miejscRodzaj><sln:powIIPId>9d8be336-ec60-484e-a218-bd6a57c56b5c</sln:powIIPId><sln:powIIPPn>PL.PZGIK.200</sln:powIIPPn><sln:powIIPWersja>2012-09-27T08:59:03+02:00</sln:powIIPWersja><sln:powIdTeryt>3003</sln:powIdTeryt><sln:powNazwa>gnieźnieński</sln:powNazwa><sln:waznyOd>2012-03-14T00:00:00+01:00</sln:waznyOd><sln:wojIIPId>c606b01a-76c8-480d-9470-f24ca0d7a613</sln:wojIIPId><sln:wojIIPPn>PL.PZGIK.200</sln:wojIIPPn><sln:wojIIPWersja>2016-05-05T18:20:48+02:00</sln:wojIIPWersja><sln:wojIdTeryt>30</sln:wojIdTeryt><sln:wojNazwa>wielkopolskie</sln:wojNazwa></sln:miejscowosc><sln:miejscowosc><sln:cyklZyciaDo>2017-03-29T00:00:00+02:00</sln:cyklZyciaDo><sln:cyklZyciaOd>2015-12-04T00:00:00+01:00</sln:cyklZyciaOd><sln:gmIIPId>550595d7-96ee-416f-98d0-a1ab9e93045f</sln:gmIIPId><sln:gmIIPPn>PL.PZGIK.200</sln:gmIIPPn><sln:gmIIPWersja>2012-09-26T22:24:15+02:00</sln:gmIIPWersja><sln:gmIdTeryt>3003062</sln:gmIdTeryt><sln:gmNazwa>Łubowo</sln:gmNazwa><sln:miejscIIPId>1525d60c-c420-47ee-9265-59bb401f1bff</sln:miejscIIPId><sln:miejscIIPPn>PL.PZGIK.200</sln:miejscIIPPn><sln:miejscIIPWersja>2016-11-24T11:26:03+02:00</sln:miejscIIPWersja><sln:miejscIdTeryt>0588571</sln:miejscIdTeryt><sln:miejscNazwa>Żydówko</sln:miejscNazwa><sln:miejscRodzaj>Wieś</sln:miejscRodzaj><sln:powIIPId>9d8be336-ec60-484e-a218-bd6a57c56b5c</sln:powIIPId><sln:powIIPPn>PL.PZGIK.200</sln:powIIPPn><sln:powIIPWersja>2012-09-27T08:59:03+02:00</sln:powIIPWersja><sln:powIdTeryt>3003</sln:powIdTeryt><sln:powNazwa>gnieźnieński</sln:powNazwa><sln:waznyOd>2012-03-14T00:00:00+01:00</sln:waznyOd><sln:wojIIPId>c606b01a-76c8-480d-9470-f24ca0d7a613</sln:wojIIPId><sln:wojIIPPn>PL.PZGIK.200</sln:wojIIPPn><sln:wojIIPWersja>2016-05-05T18:20:48+02:00</sln:wojIIPWersja><sln:wojIdTeryt>30</sln:wojIdTeryt><sln:wojNazwa>wielkopolskie</sln:wojNazwa></sln:miejscowosc><sln:miejscowosc><sln:cyklZyciaOd>2017-03-29T00:00:00+02:00</sln:cyklZyciaOd><sln:gmIIPId>550595d7-96ee-416f-98d0-a1ab9e93045f</sln:gmIIPId><sln:gmIIPPn>PL.PZGIK.200</sln:gmIIPPn><sln:gmIIPWersja>2012-09-26T22:24:15+02:00</sln:gmIIPWersja><sln:gmIdTeryt>3003062</sln:gmIdTeryt><sln:gmNazwa>Łubowo</sln:gmNazwa><sln:miejscIIPId>af738698-fbdf-47f5-8f79-d84a2929cdbe</sln:miejscIIPId><sln:miejscIIPPn>PL.PZGIK.200</sln:miejscIIPPn><sln:miejscIIPWersja>2017-03-29T14:05:24+02:00</sln:miejscIIPWersja><sln:miejscIdTeryt>0588335</sln:miejscIdTeryt><sln:miejscNazwa>Baranowo</sln:miejscNazwa><sln:miejscRodzaj>Wieś</sln:miejscRodzaj><sln:powIIPId>9d8be336-ec60-484e-a218-bd6a57c56b5c</sln:powIIPId><sln:powIIPPn>PL.PZGIK.200</sln:powIIPPn><sln:powIIPWersja>2012-09-27T08:59:03+02:00</sln:powIIPWersja><sln:powIdTeryt>3003</sln:powIdTeryt><sln:powNazwa>gnieźnieński</sln:powNazwa><sln:waznyOd>2012-03-14T00:00:00+01:00</sln:waznyOd><sln:wojIIPId>c606b01a-76c8-480d-9470-f24ca0d7a613</sln:wojIIPId><sln:wojIIPPn>PL.PZGIK.200</sln:wojIIPPn><sln:wojIIPWersja>2016-05-05T18:20:48+02:00</sln:wojIIPWersja><sln:wojIdTeryt>30</sln:wojIdTeryt><sln:wojNazwa>wielkopolskie</sln:wojNazwa></sln:miejscowosc><sln:miejscowosc><sln:cyklZyciaOd>2017-03-29T00:00:00+02:00</sln:cyklZyciaOd><sln:gmIIPId>550595d7-96ee-416f-98d0-a1ab9e93045f</sln:gmIIPId><sln:gmIIPPn>PL.PZGIK.200</sln:gmIIPPn><sln:gmIIPWersja>2012-09-26T22:24:15+02:00</sln:gmIIPWersja><sln:gmIdTeryt>3003062</sln:gmIdTeryt><sln:gmNazwa>Łubowo</sln:gmNazwa><sln:miejscIIPId>39815548-8197-42d3-9b74-0fd92e3e7715</sln:miejscIIPId><sln:miejscIIPPn>PL.PZGIK.200</sln:miejscIIPPn><sln:miejscIIPWersja>2017-03-29T14:05:31+02:00</sln:miejscIIPWersja><sln:miejscIdTeryt>0588341</sln:miejscIdTeryt><sln:miejscNazwa>Chwałkówko</sln:miejscNazwa><sln:miejscRodzaj>Osada</sln:miejscRodzaj><sln:powIIPId>9d8be336-ec60-484e-a218-bd6a57c56b5c</sln:powIIPId><sln:powIIPPn>PL.PZGIK.200</sln:powIIPPn><sln:powIIPWersja>2012-09-27T08:59:03+02:00</sln:powIIPWersja><sln:powIdTeryt>3003</sln:powIdTeryt><sln:powNazwa>gnieźnieński</sln:powNazwa><sln:waznyOd>2012-03-14T00:00:00+01:00</sln:waznyOd><sln:wojIIPId>c606b01a-76c8-480d-9470-f24ca0d7a613</sln:wojIIPId><sln:wojIIPPn>PL.PZGIK.200</sln:wojIIPPn><sln:wojIIPWersja>2016-05-05T18:20:48+02:00</sln:wojIIPWersja><sln:wojIdTeryt>30</sln:wojIdTeryt><sln:wojNazwa>wielkopolskie</sln:wojNazwa></sln:miejscowosc><sln:miejscowosc><sln:cyklZyciaOd>2017-03-29T00:00:00+02:00</sln:cyklZyciaOd><sln:gmIIPId>550595d7-96ee-416f-98d0-a1ab9e93045f</sln:gmIIPId><sln:gmIIPPn>PL.PZGIK.200</sln:gmIIPPn><sln:gmIIPWersja>2012-09-26T22:24:15+02:00</sln:gmIIPWersja><sln:gmIdTeryt>3003062</sln:gmIdTeryt><sln:gmNazwa>Łubowo</sln:gmNazwa><sln:miejscIIPId>5fd70023-36dc-4879-a1d1-a0112259c745</sln:miejscIIPId><sln:miejscIIPPn>PL.PZGIK.200</sln:miejscIIPPn><sln:miejscIIPWersja>2017-03-29T14:05:31+02:00</sln:miejscIIPWersja><sln:miejscIdTeryt>0588358</sln:miejscIdTeryt><sln:miejscNazwa>Dziekanowice</sln:miejscNazwa><sln:miejscRodzaj>Wieś</sln:miejscRodzaj><sln:powIIPId>9d8be336-ec60-484e-a218-bd6a57c56b5c</sln:powIIPId><sln:powIIPPn>PL.PZGIK.200</sln:powIIPPn><sln:powIIPWersja>2012-09-27T08:59:03+02:00</sln:powIIPWersja><sln:powIdTeryt>3003</sln:powIdTeryt><sln:powNazwa>gnieźnieński</sln:powNazwa><sln:waznyOd>2012-03-14T00:00:00+01:00</sln:waznyOd><sln:wojIIPId>c606b01a-76c8-480d-9470-f24ca0d7a613</sln:wojIIPId><sln:wojIIPPn>PL.PZGIK.200</sln:wojIIPPn><sln:wojIIPWersja>2016-05-05T18:20:48+02:00</sln:wojIIPWersja><sln:wojIdTeryt>30</sln:wojIdTeryt><sln:wojNazwa>wielkopolskie</sln:wojNazwa></sln:miejscowosc><sln:miejscowosc><sln:cyklZyciaOd>2017-03-29T00:00:00+02:00</sln:cyklZyciaOd><sln:gmIIPId>550595d7-96ee-416f-98d0-a1ab9e93045f</sln:gmIIPId><sln:gmIIPPn>PL.PZGIK.200</sln:gmIIPPn><sln:gmIIPWersja>2012-09-26T22:24:15+02:00</sln:gmIIPWersja><sln:gmIdTeryt>3003062</sln:gmIdTeryt><sln:gmNazwa>Łubowo</sln:gmNazwa><sln:miejscIIPId>652301d8-c087-4691-a3ca-b3a817d573dc</sln:miejscIIPId><sln:miejscIIPPn>PL.PZGIK.200</sln:miejscIIPPn><sln:miejscIIPWersja>2017-03-29T14:05:31+02:00</sln:miejscIIPWersja><sln:miejscIdTeryt>0588364</sln:miejscIdTeryt><sln:miejscNazwa>Fałkowo</sln:miejscNazwa><sln:miejscRodzaj>Wieś</sln:miejscRodzaj><sln:powIIPId>9d8be336-ec60-484e-a218-bd6a57c56b5c</sln:powIIPId><sln:powIIPPn>PL.PZGIK.200</sln:powIIPPn><sln:powIIPWersja>2012-09-27T08:59:03+02:00</sln:powIIPWersja><sln:powIdTeryt>3003</sln:powIdTeryt><sln:powNazwa>gnieźnieński</sln:powNazwa><sln:waznyOd>2012-03-14T00:00:00+01:00</sln:waznyOd><sln:wojIIPId>c606b01a-76c8-480d-9470-f24ca0d7a613</sln:wojIIPId><sln:wojIIPPn>PL.PZGIK.200</sln:wojIIPPn><sln:wojIIPWersja>2016-05-05T18:20:48+02:00</sln:wojIIPWersja><sln:wojIdTeryt>30</sln:wojIdTeryt><sln:wojNazwa>wielkopolskie</sln:wojNazwa></sln:miejscowosc><sln:miejscowosc><sln:cyklZyciaOd>2017-03-29T00:00:00+02:00</sln:cyklZyciaOd><sln:gmIIPId>550595d7-96ee-416f-98d0-a1ab9e93045f</sln:gmIIPId><sln:gmIIPPn>PL.PZGIK.200</sln:gmIIPPn><sln:gmIIPWersja>2012-09-26T22:24:15+02:00</sln:gmIIPWersja><sln:gmIdTeryt>3003062</sln:gmIdTeryt><sln:gmNazwa>Łubowo</sln:gmNazwa><sln:miejscIIPId>41da0b50-3012-46fd-a766-5724b0908483</sln:miejscIIPId><sln:miejscIIPPn>PL.PZGIK.200</sln:miejscIIPPn><sln:miejscIIPWersja>2017-03-29T14:05:31+02:00</sln:miejscIIPWersja><sln:miejscIdTeryt>0588370</sln:miejscIdTeryt><sln:miejscNazwa>Imielenko</sln:miejscNazwa><sln:miejscRodzaj>Wieś</sln:miejscRodzaj><sln:powIIPId>9d8be336-ec60-484e-a218-bd6a57c56b5c</sln:powIIPId><sln:powIIPPn>PL.PZGIK.200</sln:powIIPPn><sln:powIIPWersja>2012-09-27T08:59:03+02:00</sln:powIIPWersja><sln:powIdTeryt>3003</sln:powIdTeryt><sln:powNazwa>gnieźnieński</sln:powNazwa><sln:waznyOd>2012-03-14T00:00:00+01:00</sln:waznyOd><sln:wojIIPId>c606b01a-76c8-480d-9470-f24ca0d7a613</sln:wojIIPId><sln:wojIIPPn>PL.PZGIK.200</sln:wojIIPPn><sln:wojIIPWersja>2016-05-05T18:20:48+02:00</sln:wojIIPWersja><sln:wojIdTeryt>30</sln:wojIdTeryt><sln:wojNazwa>wielkopolskie</sln:wojNazwa></sln:miejscowosc><sln:miejscowosc><sln:cyklZyciaOd>2017-03-29T00:00:00+02:00</sln:cyklZyciaOd><sln:gmIIPId>550595d7-96ee-416f-98d0-a1ab9e93045f</sln:gmIIPId><sln:gmIIPPn>PL.PZGIK.200</sln:gmIIPPn><sln:gmIIPWersja>2012-09-26T22:24:15+02:00</sln:gmIIPWersja><sln:gmIdTeryt>3003062</sln:gmIdTeryt><sln:gmNazwa>Łubowo</sln:gmNazwa><sln:miejscIIPId>42f35c82-4bda-4158-bff9-8e3f49f2ddc8</sln:miejscIIPId><sln:miejscIIPPn>PL.PZGIK.200</sln:miejscIIPPn><sln:miejscIIPWersja>2017-03-29T14:05:31+02:00</sln:miejscIIPWersja><sln:miejscIdTeryt>0588387</sln:miejscIdTeryt><sln:miejscNazwa>Imielno</sln:miejscNazwa><sln:miejscRodzaj>Wieś</sln:miejscRodzaj><sln:powIIPId>9d8be336-ec60-484e-a218-bd6a57c56b5c</sln:powIIPId><sln:powIIPPn>PL.PZGIK.200</sln:powIIPPn><sln:powIIPWersja>2012-09-27T08:59:03+02:00</sln:powIIPWersja><sln:powIdTeryt>3003</sln:powIdTeryt><sln:powNazwa>gnieźnieński</sln:powNazwa><sln:waznyOd>2012-03-14T00:00:00+01:00</sln:waznyOd><sln:wojIIPId>c606b01a-76c8-480d-9470-f24ca0d7a613</sln:wojIIPId><sln:wojIIPPn>PL.PZGIK.200</sln:wojIIPPn><sln:wojIIPWersja>2016-05-05T18:20:48+02:00</sln:wojIIPWersja><sln:wojIdTeryt>30</sln:wojIdTeryt><sln:wojNazwa>wielkopolskie</sln:wojNazwa></sln:miejscowosc><sln:miejscowosc><sln:cyklZyciaOd>2017-03-29T00:00:00+02:00</sln:cyklZyciaOd><sln:gmIIPId>550595d7-96ee-416f-98d0-a1ab9e93045f</sln:gmIIPId><sln:gmIIPPn>PL.PZGIK.200</sln:gmIIPPn><sln:gmIIPWersja>2012-09-26T22:24:15+02:00</sln:gmIIPWersja><sln:gmIdTeryt>3003062</sln:gmIdTeryt><sln:gmNazwa>Łubowo</sln:gmNazwa><sln:miejscIIPId>97e21164-d9bf-403f-836d-c6e3594eb39e</sln:miejscIIPId><sln:miejscIIPPn>PL.PZGIK.200</sln:miejscIIPPn><sln:miejscIIPWersja>2017-03-29T14:05:31+02:00</sln:miejscIIPWersja><sln:miejscIdTeryt>0588401</sln:miejscIdTeryt><sln:miejscNazwa>Lednogóra</sln:miejscNazwa><sln:miejscRodzaj>Wieś</sln:miejscRodzaj><sln:powIIPId>9d8be336-ec60-484e-a218-bd6a57c56b5c</sln:powIIPId><sln:powIIPPn>PL.PZGIK.200</sln:powIIPPn><sln:powIIPWersja>2012-09-27T08:59:03+02:00</sln:powIIPWersja><sln:powIdTeryt>3003</sln:powIdTeryt><sln:powNazwa>gnieźnieński</sln:powNazwa><sln:waznyOd>2012-03-14T00:00:00+01:00</sln:waznyOd><sln:wojIIPId>c606b01a-76c8-480d-9470-f24ca0d7a613</sln:wojIIPId><sln:wojIIPPn>PL.PZGIK.200</sln:wojIIPPn><sln:wojIIPWersja>2016-05-05T18:20:48+02:00</sln:wojIIPWersja><sln:wojIdTeryt>30</sln:wojIdTeryt><sln:wojNazwa>wielkopolskie</sln:wojNazwa></sln:miejscowosc><sln:miejscowosc><sln:cyklZyciaOd>2017-03-29T00:00:00+02:00</sln:cyklZyciaOd><sln:gmIIPId>550595d7-96ee-416f-98d0-a1ab9e93045f</sln:gmIIPId><sln:gmIIPPn>PL.PZGIK.200</sln:gmIIPPn><sln:gmIIPWersja>2012-09-26T22:24:15+02:00</sln:gmIIPWersja><sln:gmIdTeryt>3003062</sln:gmIdTeryt><sln:gmNazwa>Łubowo</sln:gmNazwa><sln:miejscIIPId>62629a39-ceb5-4c26-98e2-562cf945cb59</sln:miejscIIPId><sln:miejscIIPPn>PL.PZGIK.200</sln:miejscIIPPn><sln:miejscIIPWersja>2017-03-29T14:05:31+02:00</sln:miejscIIPWersja><sln:miejscIdTeryt>0588418</sln:miejscIdTeryt><sln:miejscNazwa>Leśniewo</sln:miejscNazwa><sln:miejscRodzaj>Wieś</sln:miejscRodzaj><sln:powIIPId>9d8be336-ec60-484e-a218-bd6a57c56b5c</sln:powIIPId><sln:powIIPPn>PL.PZGIK.200</sln:powIIPPn><sln:powIIPWersja>2012-09-27T08:59:03+02:00</sln:powIIPWersja><sln:powIdTeryt>3003</sln:powIdTeryt><sln:powNazwa>gnieźnieński</sln:powNazwa><sln:waznyOd>2012-03-14T00:00:00+01:00</sln:waznyOd><sln:wojIIPId>c606b01a-76c8-480d-9470-f24ca0d7a613</sln:wojIIPId><sln:wojIIPPn>PL.PZGIK.200</sln:wojIIPPn><sln:wojIIPWersja>2016-05-05T18:20:48+02:00</sln:wojIIPWersja><sln:wojIdTeryt>30</sln:wojIdTeryt><sln:wojNazwa>wielkopolskie</sln:wojNazwa></sln:miejscowosc><sln:miejscowosc><sln:cyklZyciaOd>2017-03-29T00:00:00+02:00</sln:cyklZyciaOd><sln:gmIIPId>550595d7-96ee-416f-98d0-a1ab9e93045f</sln:gmIIPId><sln:gmIIPPn>PL.PZGIK.200</sln:gmIIPPn><sln:gmIIPWersja>2012-09-26T22:24:15+02:00</sln:gmIIPWersja><sln:gmIdTeryt>3003062</sln:gmIdTeryt><sln:gmNazwa>Łubowo</sln:gmNazwa><sln:miejscIIPId>b536ca30-0cb2-436e-bc7a-7cd6317f7930</sln:miejscIIPId><sln:miejscIIPPn>PL.PZGIK.200</sln:miejscIIPPn><sln:miejscIIPWersja>2017-03-29T14:05:32+02:00</sln:miejscIIPWersja><sln:miejscIdTeryt>0588430</sln:miejscIdTeryt><sln:miejscNazwa>Łubowo</sln:miejscNazwa><sln:miejscRodzaj>Wieś</sln:miejscRodzaj><sln:powIIPId>9d8be336-ec60-484e-a218-bd6a57c56b5c</sln:powIIPId><sln:powIIPPn>PL.PZGIK.200</sln:powIIPPn><sln:powIIPWersja>2012-09-27T08:59:03+02:00</sln:powIIPWersja><sln:powIdTeryt>3003</sln:powIdTeryt><sln:powNazwa>gnieźnieński</sln:powNazwa><sln:waznyOd>2012-03-14T00:00:00+01:00</sln:waznyOd><sln:wojIIPId>c606b01a-76c8-480d-9470-f24ca0d7a613</sln:wojIIPId><sln:wojIIPPn>PL.PZGIK.200</sln:wojIIPPn><sln:wojIIPWersja>2016-05-05T18:20:48+02:00</sln:wojIIPWersja><sln:wojIdTeryt>30</sln:wojIdTeryt><sln:wojNazwa>wielkopolskie</sln:wojNazwa></sln:miejscowosc><sln:miejscowosc><sln:cyklZyciaOd>2017-03-29T00:00:00+02:00</sln:cyklZyciaOd><sln:gmIIPId>550595d7-96ee-416f-98d0-a1ab9e93045f</sln:gmIIPId><sln:gmIIPPn>PL.PZGIK.200</sln:gmIIPPn><sln:gmIIPWersja>2012-09-26T22:24:15+02:00</sln:gmIIPWersja><sln:gmIdTeryt>3003062</sln:gmIdTeryt><sln:gmNazwa>Łubowo</sln:gmNazwa><sln:miejscIIPId>8fa1a3cc-f37a-4489-8371-e2006897609f</sln:miejscIIPId><sln:miejscIIPPn>PL.PZGIK.200</sln:miejscIIPPn><sln:miejscIIPWersja>2017-03-29T14:05:32+02:00</sln:miejscIIPWersja><sln:miejscIdTeryt>0588447</sln:miejscIdTeryt><sln:miejscNazwa>Moraczewo</sln:miejscNazwa><sln:miejscRodzaj>Wieś</sln:miejscRodzaj><sln:powIIPId>9d8be336-ec60-484e-a218-bd6a57c56b5c</sln:powIIPId><sln:powIIPPn>PL.PZGIK.200</sln:powIIPPn><sln:powIIPWersja>2012-09-27T08:59:03+02:00</sln:powIIPWersja><sln:powIdTeryt>3003</sln:powIdTeryt><sln:powNazwa>gnieźnieński</sln:powNazwa><sln:waznyOd>2012-03-14T00:00:00+01:00</sln:waznyOd><sln:wojIIPId>c606b01a-76c8-480d-9470-f24ca0d7a613</sln:wojIIPId><sln:wojIIPPn>PL.PZGIK.200</sln:wojIIPPn><sln:wojIIPWersja>2016-05-05T18:20:48+02:00</sln:wojIIPWersja><sln:wojIdTeryt>30</sln:wojIdTeryt><sln:wojNazwa>wielkopolskie</sln:wojNazwa></sln:miejscowosc><sln:miejscowosc><sln:cyklZyciaOd>2017-03-29T00:00:00+02:00</sln:cyklZyciaOd><sln:gmIIPId>550595d7-96ee-416f-98d0-a1ab9e93045f</sln:gmIIPId><sln:gmIIPPn>PL.PZGIK.200</sln:gmIIPPn><sln:gmIIPWersja>2012-09-26T22:24:15+02:00</sln:gmIIPWersja><sln:gmIdTeryt>3003062</sln:gmIdTeryt><sln:gmNazwa>Łubowo</sln:gmNazwa><sln:miejscIIPId>77ff20e4-d979-488d-8c0b-5f05a2d41e16</sln:miejscIIPId><sln:miejscIIPPn>PL.PZGIK.200</sln:miejscIIPPn><sln:miejscIIPWersja>2017-03-29T14:05:32+02:00</sln:miejscIIPWersja><sln:miejscIdTeryt>0588453</sln:miejscIdTeryt><sln:miejscNazwa>Myślęcin</sln:miejscNazwa><sln:miejscRodzaj>Wieś</sln:miejscRodzaj><sln:powIIPId>9d8be336-ec60-484e-a218-bd6a57c56b5c</sln:powIIPId><sln:powIIPPn>PL.PZGIK.200</sln:powIIPPn><sln:powIIPWersja>2012-09-27T08:59:03+02:00</sln:powIIPWersja><sln:powIdTeryt>3003</sln:powIdTeryt><sln:powNazwa>gnieźnieński</sln:powNazwa><sln:waznyOd>2012-03-14T00:00:00+01:00</sln:waznyOd><sln:wojIIPId>c606b01a-76c8-480d-9470-f24ca0d7a613</sln:wojIIPId><sln:wojIIPPn>PL.PZGIK.200</sln:wojIIPPn><sln:wojIIPWersja>2016-05-05T18:20:48+02:00</sln:wojIIPWersja><sln:wojIdTeryt>30</sln:wojIdTeryt><sln:wojNazwa>wielkopolskie</sln:wojNazwa></sln:miejscowosc><sln:miejscowosc><sln:cyklZyciaOd>2017-03-29T00:00:00+02:00</sln:cyklZyciaOd><sln:gmIIPId>550595d7-96ee-416f-98d0-a1ab9e93045f</sln:gmIIPId><sln:gmIIPPn>PL.PZGIK.200</sln:gmIIPPn><sln:gmIIPWersja>2012-09-26T22:24:15+02:00</sln:gmIIPWersja><sln:gmIdTeryt>3003062</sln:gmIdTeryt><sln:gmNazwa>Łubowo</sln:gmNazwa><sln:miejscIIPId>a8099cb7-3b8a-4a6d-ae30-7cdea87b63e4</sln:miejscIIPId><sln:miejscIIPPn>PL.PZGIK.200</sln:miejscIIPPn><sln:miejscIIPWersja>2017-03-29T14:05:32+02:00</sln:miejscIIPWersja><sln:miejscIdTeryt>0588460</sln:miejscIdTeryt><sln:miejscNazwa>Owieczki</sln:miejscNazwa><sln:miejscRodzaj>Wieś</sln:miejscRodzaj><sln:powIIPId>9d8be336-ec60-484e-a218-bd6a57c56b5c</sln:powIIPId><sln:powIIPPn>PL.PZGIK.200</sln:powIIPPn><sln:powIIPWersja>2012-09-27T08:59:03+02:00</sln:powIIPWersja><sln:powIdTeryt>3003</sln:powIdTeryt><sln:powNazwa>gnieźnieński</sln:powNazwa><sln:waznyOd>2012-03-14T00:00:00+01:00</sln:waznyOd><sln:wojIIPId>c606b01a-76c8-480d-9470-f24ca0d7a613</sln:wojIIPId><sln:wojIIPPn>PL.PZGIK.200</sln:wojIIPPn><sln:wojIIPWersja>2016-05-05T18:20:48+02:00</sln:wojIIPWersja><sln:wojIdTeryt>30</sln:wojIdTeryt><sln:wojNazwa>wielkopolskie</sln:wojNazwa></sln:miejscowosc><sln:miejscowosc><sln:cyklZyciaOd>2017-03-29T00:00:00+02:00</sln:cyklZyciaOd><sln:gmIIPId>550595d7-96ee-416f-98d0-a1ab9e93045f</sln:gmIIPId><sln:gmIIPPn>PL.PZGIK.200</sln:gmIIPPn><sln:gmIIPWersja>2012-09-26T22:24:15+02:00</sln:gmIIPWersja><sln:gmIdTeryt>3003062</sln:gmIdTeryt><sln:gmNazwa>Łubowo</sln:gmNazwa><sln:miejscIIPId>405d20e6-038b-4140-a028-30ea7b243df3</sln:miejscIIPId><sln:miejscIIPPn>PL.PZGIK.200</sln:miejscIIPPn><sln:miejscIIPWersja>2017-03-29T14:05:32+02:00</sln:miejscIIPWersja><sln:miejscIdTeryt>0588476</sln:miejscIdTeryt><sln:miejscNazwa>Pierzyska</sln:miejscNazwa><sln:miejscRodzaj>Wieś</sln:miejscRodzaj><sln:powIIPId>9d8be336-ec60-484e-a218-bd6a57c56b5c</sln:powIIPId><sln:powIIPPn>PL.PZGIK.200</sln:powIIPPn><sln:powIIPWersja>2012-09-27T08:59:03+02:00</sln:powIIPWersja><sln:powIdTeryt>3003</sln:powIdTeryt><sln:powNazwa>gnieźnieński</sln:powNazwa><sln:waznyOd>2012-03-14T00:00:00+01:00</sln:waznyOd><sln:wojIIPId>c606b01a-76c8-480d-9470-f24ca0d7a613</sln:wojIIPId><sln:wojIIPPn>PL.PZGIK.200</sln:wojIIPPn><sln:wojIIPWersja>2016-05-05T18:20:48+02:00</sln:wojIIPWersja><sln:wojIdTeryt>30</sln:wojIdTeryt><sln:wojNazwa>wielkopolskie</sln:wojNazwa></sln:miejscowosc><sln:miejscowosc><sln:cyklZyciaOd>2017-03-29T00:00:00+02:00</sln:cyklZyciaOd><sln:gmIIPId>550595d7-96ee-416f-98d0-a1ab9e93045f</sln:gmIIPId><sln:gmIIPPn>PL.PZGIK.200</sln:gmIIPPn><sln:gmIIPWersja>2012-09-26T22:24:15+02:00</sln:gmIIPWersja><sln:gmIdTeryt>3003062</sln:gmIdTeryt><sln:gmNazwa>Łubowo</sln:gmNazwa><sln:miejscIIPId>736903dc-b242-4558-a19f-8ec7a4e312f9</sln:miejscIIPId><sln:miejscIIPPn>PL.PZGIK.200</sln:miejscIIPPn><sln:miejscIIPWersja>2017-03-29T14:05:32+02:00</sln:miejscIIPWersja><sln:miejscIdTeryt>0588482</sln:miejscIdTeryt><sln:miejscNazwa>Przyborowo</sln:miejscNazwa><sln:miejscRodzaj>Wieś</sln:miejscRodzaj><sln:powIIPId>9d8be336-ec60-484e-a218-bd6a57c56b5c</sln:powIIPId><sln:powIIPPn>PL.PZGIK.200</sln:powIIPPn><sln:powIIPWersja>2012-09-27T08:59:03+02:00</sln:powIIPWersja><sln:powIdTeryt>3003</sln:powIdTeryt><sln:powNazwa>gnieźnieński</sln:powNazwa><sln:waznyOd>2012-03-14T00:00:00+01:00</sln:waznyOd><sln:wojIIPId>c606b01a-76c8-480d-9470-f24ca0d7a613</sln:wojIIPId><sln:wojIIPPn>PL.PZGIK.200</sln:wojIIPPn><sln:wojIIPWersja>2016-05-05T18:20:48+02:00</sln:wojIIPWersja><sln:wojIdTeryt>30</sln:wojIdTeryt><sln:wojNazwa>wielkopolskie</sln:wojNazwa></sln:miejscowosc><sln:miejscowosc><sln:cyklZyciaOd>2017-03-29T00:00:00+02:00</sln:cyklZyciaOd><sln:gmIIPId>550595d7-96ee-416f-98d0-a1ab9e93045f</sln:gmIIPId><sln:gmIIPPn>PL.PZGIK.200</sln:gmIIPPn><sln:gmIIPWersja>2012-09-26T22:24:15+02:00</sln:gmIIPWersja><sln:gmIdTeryt>3003062</sln:gmIdTeryt><sln:gmNazwa>Łubowo</sln:gmNazwa><sln:miejscIIPId>a689e0ab-811e-4a75-8d24-ab94769066d8</sln:miejscIIPId><sln:miejscIIPPn>PL.PZGIK.200</sln:miejscIIPPn><sln:miejscIIPWersja>2017-03-29T14:05:32+02:00</sln:miejscIIPWersja><sln:miejscIdTeryt>0588513</sln:miejscIdTeryt><sln:miejscNazwa>Rybitwy</sln:miejscNazwa><sln:miejscRodzaj>Wieś</sln:miejscRodzaj><sln:powIIPId>9d8be336-ec60-484e-a218-bd6a57c56b5c</sln:powIIPId><sln:powIIPPn>PL.PZGIK.200</sln:powIIPPn><sln:powIIPWersja>2012-09-27T08:59:03+02:00</sln:powIIPWersja><sln:powIdTeryt>3003</sln:powIdTeryt><sln:powNazwa>gnieźnieński</sln:powNazwa><sln:waznyOd>2012-03-14T00:00:00+01:00</sln:waznyOd><sln:wojIIPId>c606b01a-76c8-480d-9470-f24ca0d7a613</sln:wojIIPId><sln:wojIIPPn>PL.PZGIK.200</sln:wojIIPPn><sln:wojIIPWersja>2016-05-05T18:20:48+02:00</sln:wojIIPWersja><sln:wojIdTeryt>30</sln:wojIdTeryt><sln:wojNazwa>wielkopolskie</sln:wojNazwa></sln:miejscowosc><sln:miejscowosc><sln:cyklZyciaOd>2017-03-29T00:00:00+02:00</sln:cyklZyciaOd><sln:gmIIPId>550595d7-96ee-416f-98d0-a1ab9e93045f</sln:gmIIPId><sln:gmIIPPn>PL.PZGIK.200</sln:gmIIPPn><sln:gmIIPWersja>2012-09-26T22:24:15+02:00</sln:gmIIPWersja><sln:gmIdTeryt>3003062</sln:gmIdTeryt><sln:gmNazwa>Łubowo</sln:gmNazwa><sln:miejscIIPId>7de3804c-70c4-4100-8298-3366ad3254ef</sln:miejscIIPId><sln:miejscIIPPn>PL.PZGIK.200</sln:miejscIIPPn><sln:miejscIIPWersja>2017-03-29T14:05:32+02:00</sln:miejscIIPWersja><sln:miejscIdTeryt>0588520</sln:miejscIdTeryt><sln:miejscNazwa>Rzegnowo</sln:miejscNazwa><sln:miejscRodzaj>Wieś</sln:miejscRodzaj><sln:powIIPId>9d8be336-ec60-484e-a218-bd6a57c56b5c</sln:powIIPId><sln:powIIPPn>PL.PZGIK.200</sln:powIIPPn><sln:powIIPWersja>2012-09-27T08:59:03+02:00</sln:powIIPWersja><sln:powIdTeryt>3003</sln:powIdTeryt><sln:powNazwa>gnieźnieński</sln:powNazwa><sln:waznyOd>2012-03-14T00:00:00+01:00</sln:waznyOd><sln:wojIIPId>c606b01a-76c8-480d-9470-f24ca0d7a613</sln:wojIIPId><sln:wojIIPPn>PL.PZGIK.200</sln:wojIIPPn><sln:wojIIPWersja>2016-05-05T18:20:48+02:00</sln:wojIIPWersja><sln:wojIdTeryt>30</sln:wojIdTeryt><sln:wojNazwa>wielkopolskie</sln:wojNazwa></sln:miejscowosc><sln:miejscowosc><sln:cyklZyciaOd>2017-03-29T00:00:00+02:00</sln:cyklZyciaOd><sln:gmIIPId>550595d7-96ee-416f-98d0-a1ab9e93045f</sln:gmIIPId><sln:gmIIPPn>PL.PZGIK.200</sln:gmIIPPn><sln:gmIIPWersja>2012-09-26T22:24:15+02:00</sln:gmIIPWersja><sln:gmIdTeryt>3003062</sln:gmIdTeryt><sln:gmNazwa>Łubowo</sln:gmNazwa><sln:miejscIIPId>b266c80f-2071-4f9e-bcf6-53e6479043ca</sln:miejscIIPId><sln:miejscIIPPn>PL.PZGIK.200</sln:miejscIIPPn><sln:miejscIIPWersja>2017-03-29T14:05:32+02:00</sln:miejscIIPWersja><sln:miejscIdTeryt>0588536</sln:miejscIdTeryt><sln:miejscNazwa>Siemianowo</sln:miejscNazwa><sln:miejscRodzaj>Wieś</sln:miejscRodzaj><sln:powIIPId>9d8be336-ec60-484e-a218-bd6a57c56b5c</sln:powIIPId><sln:powIIPPn>PL.PZGIK.200</sln:powIIPPn><sln:powIIPWersja>2012-09-27T08:59:03+02:00</sln:powIIPWersja><sln:powIdTeryt>3003</sln:powIdTeryt><sln:powNazwa>gnieźnieński</sln:powNazwa><sln:waznyOd>2012-03-14T00:00:00+01:00</sln:waznyOd><sln:wojIIPId>c606b01a-76c8-480d-9470-f24ca0d7a613</sln:wojIIPId><sln:wojIIPPn>PL.PZGIK.200</sln:wojIIPPn><sln:wojIIPWersja>2016-05-05T18:20:48+02:00</sln:wojIIPWersja><sln:wojIdTeryt>30</sln:wojIdTeryt><sln:wojNazwa>wielkopolskie</sln:wojNazwa></sln:miejscowosc><sln:miejscowosc><sln:cyklZyciaOd>2017-03-29T00:00:00+02:00</sln:cyklZyciaOd><sln:gmIIPId>550595d7-96ee-416f-98d0-a1ab9e93045f</sln:gmIIPId><sln:gmIIPPn>PL.PZGIK.200</sln:gmIIPPn><sln:gmIIPWersja>2012-09-26T22:24:15+02:00</sln:gmIIPWersja><sln:gmIdTeryt>3003062</sln:gmIdTeryt><sln:gmNazwa>Łubowo</sln:gmNazwa><sln:miejscIIPId>97b3bf47-9631-418c-850d-413a96d4597a</sln:miejscIIPId><sln:miejscIIPPn>PL.PZGIK.200</sln:miejscIIPPn><sln:miejscIIPWersja>2017-03-29T14:05:32+02:00</sln:miejscIIPWersja><sln:miejscIdTeryt>0588542</sln:miejscIdTeryt><sln:miejscNazwa>Strychowo</sln:miejscNazwa><sln:miejscRodzaj>Wieś</sln:miejscRodzaj><sln:powIIPId>9d8be336-ec60-484e-a218-bd6a57c56b5c</sln:powIIPId><sln:powIIPPn>PL.PZGIK.200</sln:powIIPPn><sln:powIIPWersja>2012-09-27T08:59:03+02:00</sln:powIIPWersja><sln:powIdTeryt>3003</sln:powIdTeryt><sln:powNazwa>gnieźnieński</sln:powNazwa><sln:waznyOd>2012-03-14T00:00:00+01:00</sln:waznyOd><sln:wojIIPId>c606b01a-76c8-480d-9470-f24ca0d7a613</sln:wojIIPId><sln:wojIIPPn>PL.PZGIK.200</sln:wojIIPPn><sln:wojIIPWersja>2016-05-05T18:20:48+02:00</sln:wojIIPWersja><sln:wojIdTeryt>30</sln:wojIdTeryt><sln:wojNazwa>wielkopolskie</sln:wojNazwa></sln:miejscowosc><sln:miejscowosc><sln:cyklZyciaOd>2017-03-29T00:00:00+02:00</sln:cyklZyciaOd><sln:gmIIPId>550595d7-96ee-416f-98d0-a1ab9e93045f</sln:gmIIPId><sln:gmIIPPn>PL.PZGIK.200</sln:gmIIPPn><sln:gmIIPWersja>2012-09-26T22:24:15+02:00</sln:gmIIPWersja><sln:gmIdTeryt>3003062</sln:gmIdTeryt><sln:gmNazwa>Łubowo</sln:gmNazwa><sln:miejscIIPId>16be38b0-375e-4ed0-b734-1851a0f89ed6</sln:miejscIIPId><sln:miejscIIPPn>PL.PZGIK.200</sln:miejscIIPPn><sln:miejscIIPWersja>2017-03-29T14:05:32+02:00</sln:miejscIIPWersja><sln:miejscIdTeryt>0588559</sln:miejscIdTeryt><sln:miejscNazwa>Wierzyce</sln:miejscNazwa><sln:miejscRodzaj>Wieś</sln:miejscRodzaj><sln:powIIPId>9d8be336-ec60-484e-a218-bd6a57c56b5c</sln:powIIPId><sln:powIIPPn>PL.PZGIK.200</sln:powIIPPn><sln:powIIPWersja>2012-09-27T08:59:03+02:00</sln:powIIPWersja><sln:powIdTeryt>3003</sln:powIdTeryt><sln:powNazwa>gnieźnieński</sln:powNazwa><sln:waznyOd>2012-03-14T00:00:00+01:00</sln:waznyOd><sln:wojIIPId>c606b01a-76c8-480d-9470-f24ca0d7a613</sln:wojIIPId><sln:wojIIPPn>PL.PZGIK.200</sln:wojIIPPn><sln:wojIIPWersja>2016-05-05T18:20:48+02:00</sln:wojIIPWersja><sln:wojIdTeryt>30</sln:wojIdTeryt><sln:wojNazwa>wielkopolskie</sln:wojNazwa></sln:miejscowosc><sln:miejscowosc><sln:cyklZyciaOd>2017-03-29T00:00:00+02:00</sln:cyklZyciaOd><sln:gmIIPId>550595d7-96ee-416f-98d0-a1ab9e93045f</sln:gmIIPId><sln:gmIIPPn>PL.PZGIK.200</sln:gmIIPPn><sln:gmIIPWersja>2012-09-26T22:24:15+02:00</sln:gmIIPWersja><sln:gmIdTeryt>3003062</sln:gmIdTeryt><sln:gmNazwa>Łubowo</sln:gmNazwa><sln:miejscIIPId>1a301e17-7d1a-4cb5-9b24-b857c9760e7a</sln:miejscIIPId><sln:miejscIIPPn>PL.PZGIK.200</sln:miejscIIPPn><sln:miejscIIPWersja>2017-03-29T14:05:32+02:00</sln:miejscIIPWersja><sln:miejscIdTeryt>0588565</sln:miejscIdTeryt><sln:miejscNazwa>Woźniki</sln:miejscNazwa><sln:miejscRodzaj>Wieś</sln:miejscRodzaj><sln:powIIPId>9d8be336-ec60-484e-a218-bd6a57c56b5c</sln:powIIPId><sln:powIIPPn>PL.PZGIK.200</sln:powIIPPn><sln:powIIPWersja>2012-09-27T08:59:03+02:00</sln:powIIPWersja><sln:powIdTeryt>3003</sln:powIdTeryt><sln:powNazwa>gnieźnieński</sln:powNazwa><sln:waznyOd>2012-03-14T00:00:00+01:00</sln:waznyOd><sln:wojIIPId>c606b01a-76c8-480d-9470-f24ca0d7a613</sln:wojIIPId><sln:wojIIPPn>PL.PZGIK.200</sln:wojIIPPn><sln:wojIIPWersja>2016-05-05T18:20:48+02:00</sln:wojIIPWersja><sln:wojIdTeryt>30</sln:wojIdTeryt><sln:wojNazwa>wielkopolskie</sln:wojNazwa></sln:miejscowosc><sln:miejscowosc><sln:cyklZyciaOd>2017-03-29T00:00:00+02:00</sln:cyklZyciaOd><sln:gmIIPId>550595d7-96ee-416f-98d0-a1ab9e93045f</sln:gmIIPId><sln:gmIIPPn>PL.PZGIK.200</sln:gmIIPPn><sln:gmIIPWersja>2012-09-26T22:24:15+02:00</sln:gmIIPWersja><sln:gmIdTeryt>3003062</sln:gmIdTeryt><sln:gmNazwa>Łubowo</sln:gmNazwa><sln:miejscIIPId>1525d60c-c420-47ee-9265-59bb401f1bff</sln:miejscIIPId><sln:miejscIIPPn>PL.PZGIK.200</sln:miejscIIPPn><sln:miejscIIPWersja>2017-03-29T14:05:33+02:00</sln:miejscIIPWersja><sln:miejscIdTeryt>0588571</sln:miejscIdTeryt><sln:miejscNazwa>Żydówko</sln:miejscNazwa><sln:miejscRodzaj>Wieś</sln:miejscRodzaj><sln:powIIPId>9d8be336-ec60-484e-a218-bd6a57c56b5c</sln:powIIPId><sln:powIIPPn>PL.PZGIK.200</sln:powIIPPn><sln:powIIPWersja>2012-09-27T08:59:03+02:00</sln:powIIPWersja><sln:powIdTeryt>3003</sln:powIdTeryt><sln:powNazwa>gnieźnieński</sln:powNazwa><sln:waznyOd>2012-03-14T00:00:00+01:00</sln:waznyOd><sln:wojIIPId>c606b01a-76c8-480d-9470-f24ca0d7a613</sln:wojIIPId><sln:wojIIPPn>PL.PZGIK.200</sln:wojIIPPn><sln:wojIIPWersja>2016-05-05T18:20:48+02:00</sln:wojIIPWersja><sln:wojIdTeryt>30</sln:wojIdTeryt><sln:wojNazwa>wielkopolskie</sln:wojNazwa></sln:miejscowosc></sln:lista-miejscowosci>