<?xml version="1.0" encoding="UTF-8" standalone="yes"?><sln:lista-miejscowosci xmlns:srv="http://gugik.gov.pl/schemas/slowniki-service/1.0" xmlns:sln="http://gugik.gov.pl/schemas/slowniki-schema/1.0"><sln:miejscowosc><sln:cyklZyciaDo>2017-03-31T00:00:00+02:00</sln:cyklZyciaDo><sln:cyklZyciaOd>2016-01-29T00:00:00+01:00</sln:cyklZyciaOd><sln:gmIIPId>e8d0ba3f-053b-42da-972a-9b134ce56c79</sln:gmIIPId><sln:gmIIPPn>PL.PZGIK.200</sln:gmIIPPn><sln:gmIIPWersja>2012-09-26T22:24:47+02:00</sln:gmIIPWersja><sln:gmIdTeryt>3008072</sln:gmIdTeryt><sln:gmNazwa>Trzcinica</sln:gmNazwa><sln:miejscIIPId>a68f4c39-1e48-4d03-9107-6e0e8f8bd4c2</sln:miejscIIPId><sln:miejscIIPPn>PL.PZGIK.200</sln:miejscIIPPn><sln:miejscIIPWersja>2016-11-24T09:46:26+02:00</sln:miejscIIPWersja><sln:miejscIdTeryt>0210200</sln:miejscIdTeryt><sln:miejscNazwa>Aniołka Pierwsza</sln:miejscNazwa><sln:miejscRodzaj>Wieś</sln:miejscRodzaj><sln:powIIPId>bc0136fd-720b-4f2b-8880-f08dbe76b7d2</sln:powIIPId><sln:powIIPPn>PL.PZGIK.200</sln:powIIPPn><sln:powIIPWersja>2012-09-27T08:59:03+02:00</sln:powIIPWersja><sln:powIdTeryt>3008</sln:powIdTeryt><sln:powNazwa>kępiński</sln:powNazwa><sln:waznyOd>2014-08-29T00:00:00+02:00</sln:waznyOd><sln:wojIIPId>c606b01a-76c8-480d-9470-f24ca0d7a613</sln:wojIIPId><sln:wojIIPPn>PL.PZGIK.200</sln:wojIIPPn><sln:wojIIPWersja>2016-05-05T18:20:48+02:00</sln:wojIIPWersja><sln:wojIdTeryt>30</sln:wojIdTeryt><sln:wojNazwa>wielkopolskie</sln:wojNazwa></sln:miejscowosc><sln:miejscowosc><sln:cyklZyciaDo>2017-03-31T00:00:00+02:00</sln:cyklZyciaDo><sln:cyklZyciaOd>2016-01-29T00:00:00+01:00</sln:cyklZyciaOd><sln:gmIIPId>e8d0ba3f-053b-42da-972a-9b134ce56c79</sln:gmIIPId><sln:gmIIPPn>PL.PZGIK.200</sln:gmIIPPn><sln:gmIIPWersja>2012-09-26T22:24:47+02:00</sln:gmIIPWersja><sln:gmIdTeryt>3008072</sln:gmIdTeryt><sln:gmNazwa>Trzcinica</sln:gmNazwa><sln:miejscIIPId>ab0396a8-55ea-4fae-a4d6-6b61f71f0c3f</sln:miejscIIPId><sln:miejscIIPPn>PL.PZGIK.200</sln:miejscIIPPn><sln:miejscIIPWersja>2016-11-24T09:46:26+02:00</sln:miejscIIPWersja><sln:miejscIdTeryt>0210269</sln:miejscIdTeryt><sln:miejscNazwa>Borek</sln:miejscNazwa><sln:miejscRodzaj>Kolonia</sln:miejscRodzaj><sln:powIIPId>bc0136fd-720b-4f2b-8880-f08dbe76b7d2</sln:powIIPId><sln:powIIPPn>PL.PZGIK.200</sln:powIIPPn><sln:powIIPWersja>2012-09-27T08:59:03+02:00</sln:powIIPWersja><sln:powIdTeryt>3008</sln:powIdTeryt><sln:powNazwa>kępiński</sln:powNazwa><sln:waznyOd>2014-08-29T00:00:00+02:00</sln:waznyOd><sln:wojIIPId>c606b01a-76c8-480d-9470-f24ca0d7a613</sln:wojIIPId><sln:wojIIPPn>PL.PZGIK.200</sln:wojIIPPn><sln:wojIIPWersja>2016-05-05T18:20:48+02:00</sln:wojIIPWersja><sln:wojIdTeryt>30</sln:wojIdTeryt><sln:wojNazwa>wielkopolskie</sln:wojNazwa></sln:miejscowosc><sln:miejscowosc><sln:cyklZyciaDo>2017-03-31T00:00:00+02:00</sln:cyklZyciaDo><sln:cyklZyciaOd>2016-01-29T00:00:00+01:00</sln:cyklZyciaOd><sln:gmIIPId>e8d0ba3f-053b-42da-972a-9b134ce56c79</sln:gmIIPId><sln:gmIIPPn>PL.PZGIK.200</sln:gmIIPPn><sln:gmIIPWersja>2012-09-26T22:24:47+02:00</sln:gmIIPWersja><sln:gmIdTeryt>3008072</sln:gmIdTeryt><sln:gmNazwa>Trzcinica</sln:gmNazwa><sln:miejscIIPId>72c05647-76bb-4b58-a922-e316be417f61</sln:miejscIIPId><sln:miejscIIPPn>PL.PZGIK.200</sln:miejscIIPPn><sln:miejscIIPWersja>2016-11-24T09:46:27+02:00</sln:miejscIIPWersja><sln:miejscIdTeryt>0210453</sln:miejscIdTeryt><sln:miejscNazwa>Dzierżążnik</sln:miejscNazwa><sln:miejscRodzaj>Przysiółek</sln:miejscRodzaj><sln:powIIPId>bc0136fd-720b-4f2b-8880-f08dbe76b7d2</sln:powIIPId><sln:powIIPPn>PL.PZGIK.200</sln:powIIPPn><sln:powIIPWersja>2012-09-27T08:59:03+02:00</sln:powIIPWersja><sln:powIdTeryt>3008</sln:powIdTeryt><sln:powNazwa>kępiński</sln:powNazwa><sln:waznyOd>2014-08-29T00:00:00+02:00</sln:waznyOd><sln:wojIIPId>c606b01a-76c8-480d-9470-f24ca0d7a613</sln:wojIIPId><sln:wojIIPPn>PL.PZGIK.200</sln:wojIIPPn><sln:wojIIPWersja>2016-05-05T18:20:48+02:00</sln:wojIIPWersja><sln:wojIdTeryt>30</sln:wojIdTeryt><sln:wojNazwa>wielkopolskie</sln:wojNazwa></sln:miejscowosc><sln:miejscowosc><sln:cyklZyciaDo>2017-03-31T00:00:00+02:00</sln:cyklZyciaDo><sln:cyklZyciaOd>2016-01-29T00:00:00+01:00</sln:cyklZyciaOd><sln:gmIIPId>e8d0ba3f-053b-42da-972a-9b134ce56c79</sln:gmIIPId><sln:gmIIPPn>PL.PZGIK.200</sln:gmIIPPn><sln:gmIIPWersja>2012-09-26T22:24:47+02:00</sln:gmIIPWersja><sln:gmIdTeryt>3008072</sln:gmIdTeryt><sln:gmNazwa>Trzcinica</sln:gmNazwa><sln:miejscIIPId>853c9dbe-8adb-4fcf-b539-ae6ac9287afe</sln:miejscIIPId><sln:miejscIIPPn>PL.PZGIK.200</sln:miejscIIPPn><sln:miejscIIPWersja>2016-11-24T09:46:26+02:00</sln:miejscIIPWersja><sln:miejscIdTeryt>0210217</sln:miejscIdTeryt><sln:miejscNazwa>Aniołka-Parcele</sln:miejscNazwa><sln:miejscRodzaj>Osada</sln:miejscRodzaj><sln:powIIPId>bc0136fd-720b-4f2b-8880-f08dbe76b7d2</sln:powIIPId><sln:powIIPPn>PL.PZGIK.200</sln:powIIPPn><sln:powIIPWersja>2012-09-27T08:59:03+02:00</sln:powIIPWersja><sln:powIdTeryt>3008</sln:powIdTeryt><sln:powNazwa>kępiński</sln:powNazwa><sln:waznyOd>2014-08-29T00:00:00+02:00</sln:waznyOd><sln:wojIIPId>c606b01a-76c8-480d-9470-f24ca0d7a613</sln:wojIIPId><sln:wojIIPPn>PL.PZGIK.200</sln:wojIIPPn><sln:wojIIPWersja>2016-05-05T18:20:48+02:00</sln:wojIIPWersja><sln:wojIdTeryt>30</sln:wojIdTeryt><sln:wojNazwa>wielkopolskie</sln:wojNazwa></sln:miejscowosc><sln:miejscowosc><sln:cyklZyciaDo>2017-03-31T00:00:00+02:00</sln:cyklZyciaDo><sln:cyklZyciaOd>2016-01-29T00:00:00+01:00</sln:cyklZyciaOd><sln:gmIIPId>e8d0ba3f-053b-42da-972a-9b134ce56c79</sln:gmIIPId><sln:gmIIPPn>PL.PZGIK.200</sln:gmIIPPn><sln:gmIIPWersja>2012-09-26T22:24:47+02:00</sln:gmIIPWersja><sln:gmIdTeryt>3008072</sln:gmIdTeryt><sln:gmNazwa>Trzcinica</sln:gmNazwa><sln:miejscIIPId>4d94fab1-bbe3-48d3-b264-673f911aa5cd</sln:miejscIIPId><sln:miejscIIPPn>PL.PZGIK.200</sln:miejscIIPPn><sln:miejscIIPWersja>2016-11-24T09:46:26+02:00</sln:miejscIIPWersja><sln:miejscIdTeryt>0210418</sln:miejscIdTeryt><sln:miejscNazwa>Aniołka Druga</sln:miejscNazwa><sln:miejscRodzaj>Osada</sln:miejscRodzaj><sln:powIIPId>bc0136fd-720b-4f2b-8880-f08dbe76b7d2</sln:powIIPId><sln:powIIPPn>PL.PZGIK.200</sln:powIIPPn><sln:powIIPWersja>2012-09-27T08:59:03+02:00</sln:powIIPWersja><sln:powIdTeryt>3008</sln:powIdTeryt><sln:powNazwa>kępiński</sln:powNazwa><sln:waznyOd>2014-08-29T00:00:00+02:00</sln:waznyOd><sln:wojIIPId>c606b01a-76c8-480d-9470-f24ca0d7a613</sln:wojIIPId><sln:wojIIPPn>PL.PZGIK.200</sln:wojIIPPn><sln:wojIIPWersja>2016-05-05T18:20:48+02:00</sln:wojIIPWersja><sln:wojIdTeryt>30</sln:wojIdTeryt><sln:wojNazwa>wielkopolskie</sln:wojNazwa></sln:miejscowosc><sln:miejscowosc><sln:cyklZyciaDo>2017-03-31T00:00:00+02:00</sln:cyklZyciaDo><sln:cyklZyciaOd>2016-01-29T00:00:00+01:00</sln:cyklZyciaOd><sln:gmIIPId>e8d0ba3f-053b-42da-972a-9b134ce56c79</sln:gmIIPId><sln:gmIIPPn>PL.PZGIK.200</sln:gmIIPPn><sln:gmIIPWersja>2012-09-26T22:24:47+02:00</sln:gmIIPWersja><sln:gmIdTeryt>3008072</sln:gmIdTeryt><sln:gmNazwa>Trzcinica</sln:gmNazwa><sln:miejscIIPId>69182c81-70bc-498f-8d92-dbf7279746be</sln:miejscIIPId><sln:miejscIIPPn>PL.PZGIK.200</sln:miejscIIPPn><sln:miejscIIPWersja>2016-11-24T09:46:26+02:00</sln:miejscIIPWersja><sln:miejscIdTeryt>0210275</sln:miejscIdTeryt><sln:miejscNazwa>Granice</sln:miejscNazwa><sln:miejscRodzaj>Kolonia</sln:miejscRodzaj><sln:powIIPId>bc0136fd-720b-4f2b-8880-f08dbe76b7d2</sln:powIIPId><sln:powIIPPn>PL.PZGIK.200</sln:powIIPPn><sln:powIIPWersja>2012-09-27T08:59:03+02:00</sln:powIIPWersja><sln:powIdTeryt>3008</sln:powIdTeryt><sln:powNazwa>kępiński</sln:powNazwa><sln:waznyOd>2014-08-29T00:00:00+02:00</sln:waznyOd><sln:wojIIPId>c606b01a-76c8-480d-9470-f24ca0d7a613</sln:wojIIPId><sln:wojIIPPn>PL.PZGIK.200</sln:wojIIPPn><sln:wojIIPWersja>2016-05-05T18:20:48+02:00</sln:wojIIPWersja><sln:wojIdTeryt>30</sln:wojIdTeryt><sln:wojNazwa>wielkopolskie</sln:wojNazwa></sln:miejscowosc><sln:miejscowosc><sln:cyklZyciaDo>2017-03-31T00:00:00+02:00</sln:cyklZyciaDo><sln:cyklZyciaOd>2016-01-29T00:00:00+01:00</sln:cyklZyciaOd><sln:gmIIPId>e8d0ba3f-053b-42da-972a-9b134ce56c79</sln:gmIIPId><sln:gmIIPPn>PL.PZGIK.200</sln:gmIIPPn><sln:gmIIPWersja>2012-09-26T22:24:47+02:00</sln:gmIIPWersja><sln:gmIdTeryt>3008072</sln:gmIdTeryt><sln:gmNazwa>Trzcinica</sln:gmNazwa><sln:miejscIIPId>12e73833-3cc0-459f-90c9-0357bca67e84</sln:miejscIIPId><sln:miejscIIPPn>PL.PZGIK.200</sln:miejscIIPPn><sln:miejscIIPWersja>2016-11-24T09:46:27+02:00</sln:miejscIIPWersja><sln:miejscIdTeryt>0210460</sln:miejscIdTeryt><sln:miejscNazwa>Ignacówka Druga</sln:miejscNazwa><sln:miejscRodzaj>Kolonia</sln:miejscRodzaj><sln:powIIPId>bc0136fd-720b-4f2b-8880-f08dbe76b7d2</sln:powIIPId><sln:powIIPPn>PL.PZGIK.200</sln:powIIPPn><sln:powIIPWersja>2012-09-27T08:59:03+02:00</sln:powIIPWersja><sln:powIdTeryt>3008</sln:powIdTeryt><sln:powNazwa>kępiński</sln:powNazwa><sln:waznyOd>2014-08-29T00:00:00+02:00</sln:waznyOd><sln:wojIIPId>c606b01a-76c8-480d-9470-f24ca0d7a613</sln:wojIIPId><sln:wojIIPPn>PL.PZGIK.200</sln:wojIIPPn><sln:wojIIPWersja>2016-05-05T18:20:48+02:00</sln:wojIIPWersja><sln:wojIdTeryt>30</sln:wojIdTeryt><sln:wojNazwa>wielkopolskie</sln:wojNazwa></sln:miejscowosc><sln:miejscowosc><sln:cyklZyciaDo>2017-03-31T00:00:00+02:00</sln:cyklZyciaDo><sln:cyklZyciaOd>2016-01-29T00:00:00+01:00</sln:cyklZyciaOd><sln:gmIIPId>e8d0ba3f-053b-42da-972a-9b134ce56c79</sln:gmIIPId><sln:gmIIPPn>PL.PZGIK.200</sln:gmIIPPn><sln:gmIIPWersja>2012-09-26T22:24:47+02:00</sln:gmIIPWersja><sln:gmIdTeryt>3008072</sln:gmIdTeryt><sln:gmNazwa>Trzcinica</sln:gmNazwa><sln:miejscIIPId>e6558f16-5670-4e4c-8ed8-c1cf6efec75e</sln:miejscIIPId><sln:miejscIIPPn>PL.PZGIK.200</sln:miejscIIPPn><sln:miejscIIPWersja>2016-11-24T09:46:26+02:00</sln:miejscIIPWersja><sln:miejscIdTeryt>0210223</sln:miejscIdTeryt><sln:miejscNazwa>Ignacówka Pierwsza</sln:miejscNazwa><sln:miejscRodzaj>Kolonia</sln:miejscRodzaj><sln:powIIPId>bc0136fd-720b-4f2b-8880-f08dbe76b7d2</sln:powIIPId><sln:powIIPPn>PL.PZGIK.200</sln:powIIPPn><sln:powIIPWersja>2012-09-27T08:59:03+02:00</sln:powIIPWersja><sln:powIdTeryt>3008</sln:powIdTeryt><sln:powNazwa>kępiński</sln:powNazwa><sln:waznyOd>2014-08-29T00:00:00+02:00</sln:waznyOd><sln:wojIIPId>c606b01a-76c8-480d-9470-f24ca0d7a613</sln:wojIIPId><sln:wojIIPPn>PL.PZGIK.200</sln:wojIIPPn><sln:wojIIPWersja>2016-05-05T18:20:48+02:00</sln:wojIIPWersja><sln:wojIdTeryt>30</sln:wojIdTeryt><sln:wojNazwa>wielkopolskie</sln:wojNazwa></sln:miejscowosc><sln:miejscowosc><sln:cyklZyciaDo>2017-03-31T00:00:00+02:00</sln:cyklZyciaDo><sln:cyklZyciaOd>2016-01-29T00:00:00+01:00</sln:cyklZyciaOd><sln:gmIIPId>e8d0ba3f-053b-42da-972a-9b134ce56c79</sln:gmIIPId><sln:gmIIPPn>PL.PZGIK.200</sln:gmIIPPn><sln:gmIIPWersja>2012-09-26T22:24:47+02:00</sln:gmIIPWersja><sln:gmIdTeryt>3008072</sln:gmIdTeryt><sln:gmNazwa>Trzcinica</sln:gmNazwa><sln:miejscIIPId>984a3688-1d0d-4d2c-a4cc-607f0f0d56c1</sln:miejscIIPId><sln:miejscIIPPn>PL.PZGIK.200</sln:miejscIIPPn><sln:miejscIIPWersja>2016-11-24T09:46:27+02:00</sln:miejscIIPWersja><sln:miejscIdTeryt>0210476</sln:miejscIdTeryt><sln:miejscNazwa>Ignacówka Trzecia</sln:miejscNazwa><sln:miejscRodzaj>Kolonia</sln:miejscRodzaj><sln:powIIPId>bc0136fd-720b-4f2b-8880-f08dbe76b7d2</sln:powIIPId><sln:powIIPPn>PL.PZGIK.200</sln:powIIPPn><sln:powIIPWersja>2012-09-27T08:59:03+02:00</sln:powIIPWersja><sln:powIdTeryt>3008</sln:powIdTeryt><sln:powNazwa>kępiński</sln:powNazwa><sln:waznyOd>2014-08-29T00:00:00+02:00</sln:waznyOd><sln:wojIIPId>c606b01a-76c8-480d-9470-f24ca0d7a613</sln:wojIIPId><sln:wojIIPPn>PL.PZGIK.200</sln:wojIIPPn><sln:wojIIPWersja>2016-05-05T18:20:48+02:00</sln:wojIIPWersja><sln:wojIdTeryt>30</sln:wojIdTeryt><sln:wojNazwa>wielkopolskie</sln:wojNazwa></sln:miejscowosc><sln:miejscowosc><sln:cyklZyciaDo>2017-03-31T00:00:00+02:00</sln:cyklZyciaDo><sln:cyklZyciaOd>2016-01-29T00:00:00+01:00</sln:cyklZyciaOd><sln:gmIIPId>e8d0ba3f-053b-42da-972a-9b134ce56c79</sln:gmIIPId><sln:gmIIPPn>PL.PZGIK.200</sln:gmIIPPn><sln:gmIIPWersja>2012-09-26T22:24:47+02:00</sln:gmIIPWersja><sln:gmIdTeryt>3008072</sln:gmIdTeryt><sln:gmNazwa>Trzcinica</sln:gmNazwa><sln:miejscIIPId>155e0ff6-35e9-4761-8c06-bc9b0ec1da6d</sln:miejscIIPId><sln:miejscIIPPn>PL.PZGIK.200</sln:miejscIIPPn><sln:miejscIIPWersja>2016-11-24T09:46:26+02:00</sln:miejscIIPWersja><sln:miejscIdTeryt>0210424</sln:miejscIdTeryt><sln:miejscNazwa>Jelenia Głowa</sln:miejscNazwa><sln:miejscRodzaj>Osada</sln:miejscRodzaj><sln:powIIPId>bc0136fd-720b-4f2b-8880-f08dbe76b7d2</sln:powIIPId><sln:powIIPPn>PL.PZGIK.200</sln:powIIPPn><sln:powIIPWersja>2012-09-27T08:59:03+02:00</sln:powIIPWersja><sln:powIdTeryt>3008</sln:powIdTeryt><sln:powNazwa>kępiński</sln:powNazwa><sln:waznyOd>2014-08-29T00:00:00+02:00</sln:waznyOd><sln:wojIIPId>c606b01a-76c8-480d-9470-f24ca0d7a613</sln:wojIIPId><sln:wojIIPPn>PL.PZGIK.200</sln:wojIIPPn><sln:wojIIPWersja>2016-05-05T18:20:48+02:00</sln:wojIIPWersja><sln:wojIdTeryt>30</sln:wojIdTeryt><sln:wojNazwa>wielkopolskie</sln:wojNazwa></sln:miejscowosc><sln:miejscowosc><sln:cyklZyciaDo>2017-03-31T00:00:00+02:00</sln:cyklZyciaDo><sln:cyklZyciaOd>2016-01-29T00:00:00+01:00</sln:cyklZyciaOd><sln:gmIIPId>e8d0ba3f-053b-42da-972a-9b134ce56c79</sln:gmIIPId><sln:gmIIPPn>PL.PZGIK.200</sln:gmIIPPn><sln:gmIIPWersja>2012-09-26T22:24:47+02:00</sln:gmIIPWersja><sln:gmIdTeryt>3008072</sln:gmIdTeryt><sln:gmNazwa>Trzcinica</sln:gmNazwa><sln:miejscIIPId>4f8272ad-4020-4b2b-8942-2781adaa9379</sln:miejscIIPId><sln:miejscIIPPn>PL.PZGIK.200</sln:miejscIIPPn><sln:miejscIIPWersja>2016-11-24T09:46:26+02:00</sln:miejscIIPWersja><sln:miejscIdTeryt>0210230</sln:miejscIdTeryt><sln:miejscNazwa>Kuźnica Trzcińska</sln:miejscNazwa><sln:miejscRodzaj>Wieś</sln:miejscRodzaj><sln:powIIPId>bc0136fd-720b-4f2b-8880-f08dbe76b7d2</sln:powIIPId><sln:powIIPPn>PL.PZGIK.200</sln:powIIPPn><sln:powIIPWersja>2012-09-27T08:59:03+02:00</sln:powIIPWersja><sln:powIdTeryt>3008</sln:powIdTeryt><sln:powNazwa>kępiński</sln:powNazwa><sln:waznyOd>2014-08-29T00:00:00+02:00</sln:waznyOd><sln:wojIIPId>c606b01a-76c8-480d-9470-f24ca0d7a613</sln:wojIIPId><sln:wojIIPPn>PL.PZGIK.200</sln:wojIIPPn><sln:wojIIPWersja>2016-05-05T18:20:48+02:00</sln:wojIIPWersja><sln:wojIdTeryt>30</sln:wojIdTeryt><sln:wojNazwa>wielkopolskie</sln:wojNazwa></sln:miejscowosc><sln:miejscowosc><sln:cyklZyciaDo>2017-03-31T00:00:00+02:00</sln:cyklZyciaDo><sln:cyklZyciaOd>2016-01-29T00:00:00+01:00</sln:cyklZyciaOd><sln:gmIIPId>e8d0ba3f-053b-42da-972a-9b134ce56c79</sln:gmIIPId><sln:gmIIPPn>PL.PZGIK.200</sln:gmIIPPn><sln:gmIIPWersja>2012-09-26T22:24:47+02:00</sln:gmIIPWersja><sln:gmIdTeryt>3008072</sln:gmIdTeryt><sln:gmNazwa>Trzcinica</sln:gmNazwa><sln:miejscIIPId>00bd3430-b79f-40f4-8b94-2e057babd264</sln:miejscIIPId><sln:miejscIIPPn>PL.PZGIK.200</sln:miejscIIPPn><sln:miejscIIPWersja>2016-11-24T09:46:26+02:00</sln:miejscIIPWersja><sln:miejscIdTeryt>0210370</sln:miejscIdTeryt><sln:miejscNazwa>Kwasielina</sln:miejscNazwa><sln:miejscRodzaj>Inny obiekt</sln:miejscRodzaj><sln:powIIPId>bc0136fd-720b-4f2b-8880-f08dbe76b7d2</sln:powIIPId><sln:powIIPPn>PL.PZGIK.200</sln:powIIPPn><sln:powIIPWersja>2012-09-27T08:59:03+02:00</sln:powIIPWersja><sln:powIdTeryt>3008</sln:powIdTeryt><sln:powNazwa>kępiński</sln:powNazwa><sln:waznyOd>2014-08-29T00:00:00+02:00</sln:waznyOd><sln:wojIIPId>c606b01a-76c8-480d-9470-f24ca0d7a613</sln:wojIIPId><sln:wojIIPPn>PL.PZGIK.200</sln:wojIIPPn><sln:wojIIPWersja>2016-05-05T18:20:48+02:00</sln:wojIIPWersja><sln:wojIdTeryt>30</sln:wojIdTeryt><sln:wojNazwa>wielkopolskie</sln:wojNazwa></sln:miejscowosc><sln:miejscowosc><sln:cyklZyciaDo>2017-03-31T00:00:00+02:00</sln:cyklZyciaDo><sln:cyklZyciaOd>2016-01-29T00:00:00+01:00</sln:cyklZyciaOd><sln:gmIIPId>e8d0ba3f-053b-42da-972a-9b134ce56c79</sln:gmIIPId><sln:gmIIPPn>PL.PZGIK.200</sln:gmIIPPn><sln:gmIIPWersja>2012-09-26T22:24:47+02:00</sln:gmIIPWersja><sln:gmIdTeryt>3008072</sln:gmIdTeryt><sln:gmNazwa>Trzcinica</sln:gmNazwa><sln:miejscIIPId>2a846152-ec09-4871-bd1f-e39aab0e202d</sln:miejscIIPId><sln:miejscIIPPn>PL.PZGIK.200</sln:miejscIIPPn><sln:miejscIIPWersja>2016-11-24T09:46:26+02:00</sln:miejscIIPWersja><sln:miejscIdTeryt>0210252</sln:miejscIdTeryt><sln:miejscNazwa>Laski</sln:miejscNazwa><sln:miejscRodzaj>Wieś</sln:miejscRodzaj><sln:powIIPId>bc0136fd-720b-4f2b-8880-f08dbe76b7d2</sln:powIIPId><sln:powIIPPn>PL.PZGIK.200</sln:powIIPPn><sln:powIIPWersja>2012-09-27T08:59:03+02:00</sln:powIIPWersja><sln:powIdTeryt>3008</sln:powIdTeryt><sln:powNazwa>kępiński</sln:powNazwa><sln:waznyOd>2014-08-29T00:00:00+02:00</sln:waznyOd><sln:wojIIPId>c606b01a-76c8-480d-9470-f24ca0d7a613</sln:wojIIPId><sln:wojIIPPn>PL.PZGIK.200</sln:wojIIPPn><sln:wojIIPWersja>2016-05-05T18:20:48+02:00</sln:wojIIPWersja><sln:wojIdTeryt>30</sln:wojIdTeryt><sln:wojNazwa>wielkopolskie</sln:wojNazwa></sln:miejscowosc><sln:miejscowosc><sln:cyklZyciaDo>2017-03-31T00:00:00+02:00</sln:cyklZyciaDo><sln:cyklZyciaOd>2016-01-29T00:00:00+01:00</sln:cyklZyciaOd><sln:gmIIPId>e8d0ba3f-053b-42da-972a-9b134ce56c79</sln:gmIIPId><sln:gmIIPPn>PL.PZGIK.200</sln:gmIIPPn><sln:gmIIPWersja>2012-09-26T22:24:47+02:00</sln:gmIIPWersja><sln:gmIdTeryt>3008072</sln:gmIdTeryt><sln:gmNazwa>Trzcinica</sln:gmNazwa><sln:miejscIIPId>669063a5-4eb8-4d6f-96ec-519b4f2fba98</sln:miejscIIPId><sln:miejscIIPPn>PL.PZGIK.200</sln:miejscIIPPn><sln:miejscIIPWersja>2016-11-24T09:46:26+02:00</sln:miejscIIPWersja><sln:miejscIdTeryt>0210430</sln:miejscIdTeryt><sln:miejscNazwa>Siemionka</sln:miejscNazwa><sln:miejscRodzaj>Osada</sln:miejscRodzaj><sln:powIIPId>bc0136fd-720b-4f2b-8880-f08dbe76b7d2</sln:powIIPId><sln:powIIPPn>PL.PZGIK.200</sln:powIIPPn><sln:powIIPWersja>2012-09-27T08:59:03+02:00</sln:powIIPWersja><sln:powIdTeryt>3008</sln:powIdTeryt><sln:powNazwa>kępiński</sln:powNazwa><sln:waznyOd>2014-08-29T00:00:00+02:00</sln:waznyOd><sln:wojIIPId>c606b01a-76c8-480d-9470-f24ca0d7a613</sln:wojIIPId><sln:wojIIPPn>PL.PZGIK.200</sln:wojIIPPn><sln:wojIIPWersja>2016-05-05T18:20:48+02:00</sln:wojIIPWersja><sln:wojIdTeryt>30</sln:wojIdTeryt><sln:wojNazwa>wielkopolskie</sln:wojNazwa></sln:miejscowosc><sln:miejscowosc><sln:cyklZyciaDo>2017-03-31T00:00:00+02:00</sln:cyklZyciaDo><sln:cyklZyciaOd>2016-01-29T00:00:00+01:00</sln:cyklZyciaOd><sln:gmIIPId>e8d0ba3f-053b-42da-972a-9b134ce56c79</sln:gmIIPId><sln:gmIIPPn>PL.PZGIK.200</sln:gmIIPPn><sln:gmIIPWersja>2012-09-26T22:24:47+02:00</sln:gmIIPWersja><sln:gmIdTeryt>3008072</sln:gmIdTeryt><sln:gmNazwa>Trzcinica</sln:gmNazwa><sln:miejscIIPId>56c958ef-aa30-410a-beb9-a03bb7146fbe</sln:miejscIIPId><sln:miejscIIPPn>PL.PZGIK.200</sln:miejscIIPPn><sln:miejscIIPWersja>2016-11-24T09:46:26+02:00</sln:miejscIIPWersja><sln:miejscIdTeryt>0210387</sln:miejscIdTeryt><sln:miejscNazwa>Smardze</sln:miejscNazwa><sln:miejscRodzaj>Wieś</sln:miejscRodzaj><sln:powIIPId>bc0136fd-720b-4f2b-8880-f08dbe76b7d2</sln:powIIPId><sln:powIIPPn>PL.PZGIK.200</sln:powIIPPn><sln:powIIPWersja>2012-09-27T08:59:03+02:00</sln:powIIPWersja><sln:powIdTeryt>3008</sln:powIdTeryt><sln:powNazwa>kępiński</sln:powNazwa><sln:waznyOd>2014-08-29T00:00:00+02:00</sln:waznyOd><sln:wojIIPId>c606b01a-76c8-480d-9470-f24ca0d7a613</sln:wojIIPId><sln:wojIIPPn>PL.PZGIK.200</sln:wojIIPPn><sln:wojIIPWersja>2016-05-05T18:20:48+02:00</sln:wojIIPWersja><sln:wojIdTeryt>30</sln:wojIdTeryt><sln:wojNazwa>wielkopolskie</sln:wojNazwa></sln:miejscowosc><sln:miejscowosc><sln:cyklZyciaDo>2017-03-31T00:00:00+02:00</sln:cyklZyciaDo><sln:cyklZyciaOd>2016-01-29T00:00:00+01:00</sln:cyklZyciaOd><sln:gmIIPId>e8d0ba3f-053b-42da-972a-9b134ce56c79</sln:gmIIPId><sln:gmIIPPn>PL.PZGIK.200</sln:gmIIPPn><sln:gmIIPWersja>2012-09-26T22:24:47+02:00</sln:gmIIPWersja><sln:gmIdTeryt>3008072</sln:gmIdTeryt><sln:gmNazwa>Trzcinica</sln:gmNazwa><sln:miejscIIPId>9aff9684-fc50-48f0-8ce9-34a041d6682b</sln:miejscIIPId><sln:miejscIIPPn>PL.PZGIK.200</sln:miejscIIPPn><sln:miejscIIPWersja>2016-11-24T09:46:27+02:00</sln:miejscIIPWersja><sln:miejscIdTeryt>0210482</sln:miejscIdTeryt><sln:miejscNazwa>Teklin</sln:miejscNazwa><sln:miejscRodzaj>Osada</sln:miejscRodzaj><sln:powIIPId>bc0136fd-720b-4f2b-8880-f08dbe76b7d2</sln:powIIPId><sln:powIIPPn>PL.PZGIK.200</sln:powIIPPn><sln:powIIPWersja>2012-09-27T08:59:03+02:00</sln:powIIPWersja><sln:powIdTeryt>3008</sln:powIdTeryt><sln:powNazwa>kępiński</sln:powNazwa><sln:waznyOd>2014-08-29T00:00:00+02:00</sln:waznyOd><sln:wojIIPId>c606b01a-76c8-480d-9470-f24ca0d7a613</sln:wojIIPId><sln:wojIIPPn>PL.PZGIK.200</sln:wojIIPPn><sln:wojIIPWersja>2016-05-05T18:20:48+02:00</sln:wojIIPWersja><sln:wojIdTeryt>30</sln:wojIdTeryt><sln:wojNazwa>wielkopolskie</sln:wojNazwa></sln:miejscowosc><sln:miejscowosc><sln:cyklZyciaDo>2017-03-31T00:00:00+02:00</sln:cyklZyciaDo><sln:cyklZyciaOd>2016-01-29T00:00:00+01:00</sln:cyklZyciaOd><sln:gmIIPId>e8d0ba3f-053b-42da-972a-9b134ce56c79</sln:gmIIPId><sln:gmIIPPn>PL.PZGIK.200</sln:gmIIPPn><sln:gmIIPWersja>2012-09-26T22:24:47+02:00</sln:gmIIPWersja><sln:gmIdTeryt>3008072</sln:gmIdTeryt><sln:gmNazwa>Trzcinica</sln:gmNazwa><sln:miejscIIPId>76093c68-3fba-4c2f-b08f-2cedb139922a</sln:miejscIIPId><sln:miejscIIPPn>PL.PZGIK.200</sln:miejscIIPPn><sln:miejscIIPWersja>2016-11-24T09:46:26+02:00</sln:miejscIIPWersja><sln:miejscIdTeryt>0210401</sln:miejscIdTeryt><sln:miejscNazwa>Trzcinica</sln:miejscNazwa><sln:miejscRodzaj>Wieś</sln:miejscRodzaj><sln:powIIPId>bc0136fd-720b-4f2b-8880-f08dbe76b7d2</sln:powIIPId><sln:powIIPPn>PL.PZGIK.200</sln:powIIPPn><sln:powIIPWersja>2012-09-27T08:59:03+02:00</sln:powIIPWersja><sln:powIdTeryt>3008</sln:powIdTeryt><sln:powNazwa>kępiński</sln:powNazwa><sln:waznyOd>2014-08-29T00:00:00+02:00</sln:waznyOd><sln:wojIIPId>c606b01a-76c8-480d-9470-f24ca0d7a613</sln:wojIIPId><sln:wojIIPPn>PL.PZGIK.200</sln:wojIIPPn><sln:wojIIPWersja>2016-05-05T18:20:48+02:00</sln:wojIIPWersja><sln:wojIdTeryt>30</sln:wojIdTeryt><sln:wojNazwa>wielkopolskie</sln:wojNazwa></sln:miejscowosc><sln:miejscowosc><sln:cyklZyciaDo>2017-03-31T00:00:00+02:00</sln:cyklZyciaDo><sln:cyklZyciaOd>2016-01-29T00:00:00+01:00</sln:cyklZyciaOd><sln:gmIIPId>e8d0ba3f-053b-42da-972a-9b134ce56c79</sln:gmIIPId><sln:gmIIPPn>PL.PZGIK.200</sln:gmIIPPn><sln:gmIIPWersja>2012-09-26T22:24:47+02:00</sln:gmIIPWersja><sln:gmIdTeryt>3008072</sln:gmIdTeryt><sln:gmNazwa>Trzcinica</sln:gmNazwa><sln:miejscIIPId>197fabb0-94c7-45af-aa6a-57535fa7fa45</sln:miejscIIPId><sln:miejscIIPPn>PL.PZGIK.200</sln:miejscIIPPn><sln:miejscIIPWersja>2016-11-24T13:19:52+02:00</sln:miejscIIPWersja><sln:miejscIdTeryt>0990652</sln:miejscIdTeryt><sln:miejscNazwa>Laski-Tartak</sln:miejscNazwa><sln:miejscRodzaj>Osada</sln:miejscRodzaj><sln:powIIPId>bc0136fd-720b-4f2b-8880-f08dbe76b7d2</sln:powIIPId><sln:powIIPPn>PL.PZGIK.200</sln:powIIPPn><sln:powIIPWersja>2012-09-27T08:59:03+02:00</sln:powIIPWersja><sln:powIdTeryt>3008</sln:powIdTeryt><sln:powNazwa>kępiński</sln:powNazwa><sln:waznyOd>2014-08-29T00:00:00+02:00</sln:waznyOd><sln:wojIIPId>c606b01a-76c8-480d-9470-f24ca0d7a613</sln:wojIIPId><sln:wojIIPPn>PL.PZGIK.200</sln:wojIIPPn><sln:wojIIPWersja>2016-05-05T18:20:48+02:00</sln:wojIIPWersja><sln:wojIdTeryt>30</sln:wojIdTeryt><sln:wojNazwa>wielkopolskie</sln:wojNazwa></sln:miejscowosc><sln:miejscowosc><sln:cyklZyciaDo>2017-03-31T00:00:00+02:00</sln:cyklZyciaDo><sln:cyklZyciaOd>2016-01-29T00:00:00+01:00</sln:cyklZyciaOd><sln:gmIIPId>e8d0ba3f-053b-42da-972a-9b134ce56c79</sln:gmIIPId><sln:gmIIPPn>PL.PZGIK.200</sln:gmIIPPn><sln:gmIIPWersja>2012-09-26T22:24:47+02:00</sln:gmIIPWersja><sln:gmIdTeryt>3008072</sln:gmIdTeryt><sln:gmNazwa>Trzcinica</sln:gmNazwa><sln:miejscIIPId>5204887b-47d5-4629-929e-1e8de76a0de4</sln:miejscIIPId><sln:miejscIIPPn>PL.PZGIK.200</sln:miejscIIPPn><sln:miejscIIPWersja>2016-11-24T09:46:26+02:00</sln:miejscIIPWersja><sln:miejscIdTeryt>0210312</sln:miejscIdTeryt><sln:miejscNazwa>Nowa Wieś</sln:miejscNazwa><sln:miejscRodzaj>Osada</sln:miejscRodzaj><sln:powIIPId>bc0136fd-720b-4f2b-8880-f08dbe76b7d2</sln:powIIPId><sln:powIIPPn>PL.PZGIK.200</sln:powIIPPn><sln:powIIPWersja>2012-09-27T08:59:03+02:00</sln:powIIPWersja><sln:powIdTeryt>3008</sln:powIdTeryt><sln:powNazwa>kępiński</sln:powNazwa><sln:waznyOd>2014-08-29T00:00:00+02:00</sln:waznyOd><sln:wojIIPId>c606b01a-76c8-480d-9470-f24ca0d7a613</sln:wojIIPId><sln:wojIIPPn>PL.PZGIK.200</sln:wojIIPPn><sln:wojIIPWersja>2016-05-05T18:20:48+02:00</sln:wojIIPWersja><sln:wojIdTeryt>30</sln:wojIdTeryt><sln:wojNazwa>wielkopolskie</sln:wojNazwa></sln:miejscowosc><sln:miejscowosc><sln:cyklZyciaDo>2017-03-31T00:00:00+02:00</sln:cyklZyciaDo><sln:cyklZyciaOd>2016-01-29T00:00:00+01:00</sln:cyklZyciaOd><sln:gmIIPId>e8d0ba3f-053b-42da-972a-9b134ce56c79</sln:gmIIPId><sln:gmIIPPn>PL.PZGIK.200</sln:gmIIPPn><sln:gmIIPWersja>2012-09-26T22:24:47+02:00</sln:gmIIPWersja><sln:gmIdTeryt>3008072</sln:gmIdTeryt><sln:gmNazwa>Trzcinica</sln:gmNazwa><sln:miejscIIPId>e4123cdd-9b48-455a-aa05-9b5cfa0aae81</sln:miejscIIPId><sln:miejscIIPPn>PL.PZGIK.200</sln:miejscIIPPn><sln:miejscIIPWersja>2016-11-24T09:46:26+02:00</sln:miejscIIPWersja><sln:miejscIdTeryt>0210329</sln:miejscIdTeryt><sln:miejscNazwa>Piotrówka</sln:miejscNazwa><sln:miejscRodzaj>Wieś</sln:miejscRodzaj><sln:powIIPId>bc0136fd-720b-4f2b-8880-f08dbe76b7d2</sln:powIIPId><sln:powIIPPn>PL.PZGIK.200</sln:powIIPPn><sln:powIIPWersja>2012-09-27T08:59:03+02:00</sln:powIIPWersja><sln:powIdTeryt>3008</sln:powIdTeryt><sln:powNazwa>kępiński</sln:powNazwa><sln:waznyOd>2014-08-29T00:00:00+02:00</sln:waznyOd><sln:wojIIPId>c606b01a-76c8-480d-9470-f24ca0d7a613</sln:wojIIPId><sln:wojIIPPn>PL.PZGIK.200</sln:wojIIPPn><sln:wojIIPWersja>2016-05-05T18:20:48+02:00</sln:wojIIPWersja><sln:wojIdTeryt>30</sln:wojIdTeryt><sln:wojNazwa>wielkopolskie</sln:wojNazwa></sln:miejscowosc><sln:miejscowosc><sln:cyklZyciaDo>2017-03-31T00:00:00+02:00</sln:cyklZyciaDo><sln:cyklZyciaOd>2016-01-29T00:00:00+01:00</sln:cyklZyciaOd><sln:gmIIPId>e8d0ba3f-053b-42da-972a-9b134ce56c79</sln:gmIIPId><sln:gmIIPPn>PL.PZGIK.200</sln:gmIIPPn><sln:gmIIPWersja>2012-09-26T22:24:47+02:00</sln:gmIIPWersja><sln:gmIdTeryt>3008072</sln:gmIdTeryt><sln:gmNazwa>Trzcinica</sln:gmNazwa><sln:miejscIIPId>e60cb998-6d71-4262-9a54-bf50562bb473</sln:miejscIIPId><sln:miejscIIPPn>PL.PZGIK.200</sln:miejscIIPPn><sln:miejscIIPWersja>2016-11-24T09:46:26+02:00</sln:miejscIIPWersja><sln:miejscIdTeryt>0210358</sln:miejscIdTeryt><sln:miejscNazwa>Pomiany</sln:miejscNazwa><sln:miejscRodzaj>Wieś</sln:miejscRodzaj><sln:powIIPId>bc0136fd-720b-4f2b-8880-f08dbe76b7d2</sln:powIIPId><sln:powIIPPn>PL.PZGIK.200</sln:powIIPPn><sln:powIIPWersja>2012-09-27T08:59:03+02:00</sln:powIIPWersja><sln:powIdTeryt>3008</sln:powIdTeryt><sln:powNazwa>kępiński</sln:powNazwa><sln:waznyOd>2014-08-29T00:00:00+02:00</sln:waznyOd><sln:wojIIPId>c606b01a-76c8-480d-9470-f24ca0d7a613</sln:wojIIPId><sln:wojIIPPn>PL.PZGIK.200</sln:wojIIPPn><sln:wojIIPWersja>2016-05-05T18:20:48+02:00</sln:wojIIPWersja><sln:wojIdTeryt>30</sln:wojIdTeryt><sln:wojNazwa>wielkopolskie</sln:wojNazwa></sln:miejscowosc><sln:miejscowosc><sln:cyklZyciaDo>2017-03-31T00:00:00+02:00</sln:cyklZyciaDo><sln:cyklZyciaOd>2016-01-29T00:00:00+01:00</sln:cyklZyciaOd><sln:gmIIPId>e8d0ba3f-053b-42da-972a-9b134ce56c79</sln:gmIIPId><sln:gmIIPPn>PL.PZGIK.200</sln:gmIIPPn><sln:gmIIPWersja>2012-09-26T22:24:47+02:00</sln:gmIIPWersja><sln:gmIdTeryt>3008072</sln:gmIdTeryt><sln:gmNazwa>Trzcinica</sln:gmNazwa><sln:miejscIIPId>0d998c4e-2788-44db-924c-0099a3c34994</sln:miejscIIPId><sln:miejscIIPPn>PL.PZGIK.200</sln:miejscIIPPn><sln:miejscIIPWersja>2016-11-24T09:46:26+02:00</sln:miejscIIPWersja><sln:miejscIdTeryt>0210341</sln:miejscIdTeryt><sln:miejscNazwa>Różyczka</sln:miejscNazwa><sln:miejscRodzaj>Przysiółek</sln:miejscRodzaj><sln:powIIPId>bc0136fd-720b-4f2b-8880-f08dbe76b7d2</sln:powIIPId><sln:powIIPPn>PL.PZGIK.200</sln:powIIPPn><sln:powIIPWersja>2012-09-27T08:59:03+02:00</sln:powIIPWersja><sln:powIdTeryt>3008</sln:powIdTeryt><sln:powNazwa>kępiński</sln:powNazwa><sln:waznyOd>2014-08-29T00:00:00+02:00</sln:waznyOd><sln:wojIIPId>c606b01a-76c8-480d-9470-f24ca0d7a613</sln:wojIIPId><sln:wojIIPPn>PL.PZGIK.200</sln:wojIIPPn><sln:wojIIPWersja>2016-05-05T18:20:48+02:00</sln:wojIIPWersja><sln:wojIdTeryt>30</sln:wojIdTeryt><sln:wojNazwa>wielkopolskie</sln:wojNazwa></sln:miejscowosc><sln:miejscowosc><sln:cyklZyciaDo>2017-03-31T00:00:00+02:00</sln:cyklZyciaDo><sln:cyklZyciaOd>2016-01-29T00:00:00+01:00</sln:cyklZyciaOd><sln:gmIIPId>e8d0ba3f-053b-42da-972a-9b134ce56c79</sln:gmIIPId><sln:gmIIPPn>PL.PZGIK.200</sln:gmIIPPn><sln:gmIIPWersja>2012-09-26T22:24:47+02:00</sln:gmIIPWersja><sln:gmIdTeryt>3008072</sln:gmIdTeryt><sln:gmNazwa>Trzcinica</sln:gmNazwa><sln:miejscIIPId>41ae2a2c-7de9-446e-ab98-fd35baaa1d59</sln:miejscIIPId><sln:miejscIIPPn>PL.PZGIK.200</sln:miejscIIPPn><sln:miejscIIPWersja>2016-11-24T09:46:27+02:00</sln:miejscIIPWersja><sln:miejscIdTeryt>0210447</sln:miejscIdTeryt><sln:miejscNazwa>Wodziczna</sln:miejscNazwa><sln:miejscRodzaj>Wieś</sln:miejscRodzaj><sln:powIIPId>bc0136fd-720b-4f2b-8880-f08dbe76b7d2</sln:powIIPId><sln:powIIPPn>PL.PZGIK.200</sln:powIIPPn><sln:powIIPWersja>2012-09-27T08:59:03+02:00</sln:powIIPWersja><sln:powIdTeryt>3008</sln:powIdTeryt><sln:powNazwa>kępiński</sln:powNazwa><sln:waznyOd>2014-08-29T00:00:00+02:00</sln:waznyOd><sln:wojIIPId>c606b01a-76c8-480d-9470-f24ca0d7a613</sln:wojIIPId><sln:wojIIPPn>PL.PZGIK.200</sln:wojIIPPn><sln:wojIIPWersja>2016-05-05T18:20:48+02:00</sln:wojIIPWersja><sln:wojIdTeryt>30</sln:wojIdTeryt><sln:wojNazwa>wielkopolskie</sln:wojNazwa></sln:miejscowosc><sln:miejscowosc><sln:cyklZyciaOd>2017-03-31T00:00:00+02:00</sln:cyklZyciaOd><sln:gmIIPId>e8d0ba3f-053b-42da-972a-9b134ce56c79</sln:gmIIPId><sln:gmIIPPn>PL.PZGIK.200</sln:gmIIPPn><sln:gmIIPWersja>2012-09-26T22:24:47+02:00</sln:gmIIPWersja><sln:gmIdTeryt>3008072</sln:gmIdTeryt><sln:gmNazwa>Trzcinica</sln:gmNazwa><sln:miejscIIPId>a68f4c39-1e48-4d03-9107-6e0e8f8bd4c2</sln:miejscIIPId><sln:miejscIIPPn>PL.PZGIK.200</sln:miejscIIPPn><sln:miejscIIPWersja>2017-03-31T11:31:44+02:00</sln:miejscIIPWersja><sln:miejscIdTeryt>0210200</sln:miejscIdTeryt><sln:miejscNazwa>Aniołka Pierwsza</sln:miejscNazwa><sln:miejscRodzaj>Wieś</sln:miejscRodzaj><sln:powIIPId>bc0136fd-720b-4f2b-8880-f08dbe76b7d2</sln:powIIPId><sln:powIIPPn>PL.PZGIK.200</sln:powIIPPn><sln:powIIPWersja>2012-09-27T08:59:03+02:00</sln:powIIPWersja><sln:powIdTeryt>3008</sln:powIdTeryt><sln:powNazwa>kępiński</sln:powNazwa><sln:waznyOd>2014-08-29T00:00:00+02:00</sln:waznyOd><sln:wojIIPId>c606b01a-76c8-480d-9470-f24ca0d7a613</sln:wojIIPId><sln:wojIIPPn>PL.PZGIK.200</sln:wojIIPPn><sln:wojIIPWersja>2016-05-05T18:20:48+02:00</sln:wojIIPWersja><sln:wojIdTeryt>30</sln:wojIdTeryt><sln:wojNazwa>wielkopolskie</sln:wojNazwa></sln:miejscowosc><sln:miejscowosc><sln:cyklZyciaOd>2017-03-31T00:00:00+02:00</sln:cyklZyciaOd><sln:gmIIPId>e8d0ba3f-053b-42da-972a-9b134ce56c79</sln:gmIIPId><sln:gmIIPPn>PL.PZGIK.200</sln:gmIIPPn><sln:gmIIPWersja>2012-09-26T22:24:47+02:00</sln:gmIIPWersja><sln:gmIdTeryt>3008072</sln:gmIdTeryt><sln:gmNazwa>Trzcinica</sln:gmNazwa><sln:miejscIIPId>853c9dbe-8adb-4fcf-b539-ae6ac9287afe</sln:miejscIIPId><sln:miejscIIPPn>PL.PZGIK.200</sln:miejscIIPPn><sln:miejscIIPWersja>2017-03-31T11:31:51+02:00</sln:miejscIIPWersja><sln:miejscIdTeryt>0210217</sln:miejscIdTeryt><sln:miejscNazwa>Aniołka-Parcele</sln:miejscNazwa><sln:miejscRodzaj>Osada</sln:miejscRodzaj><sln:powIIPId>bc0136fd-720b-4f2b-8880-f08dbe76b7d2</sln:powIIPId><sln:powIIPPn>PL.PZGIK.200</sln:powIIPPn><sln:powIIPWersja>2012-09-27T08:59:03+02:00</sln:powIIPWersja><sln:powIdTeryt>3008</sln:powIdTeryt><sln:powNazwa>kępiński</sln:powNazwa><sln:waznyOd>2014-08-29T00:00:00+02:00</sln:waznyOd><sln:wojIIPId>c606b01a-76c8-480d-9470-f24ca0d7a613</sln:wojIIPId><sln:wojIIPPn>PL.PZGIK.200</sln:wojIIPPn><sln:wojIIPWersja>2016-05-05T18:20:48+02:00</sln:wojIIPWersja><sln:wojIdTeryt>30</sln:wojIdTeryt><sln:wojNazwa>wielkopolskie</sln:wojNazwa></sln:miejscowosc><sln:miejscowosc><sln:cyklZyciaOd>2017-03-31T00:00:00+02:00</sln:cyklZyciaOd><sln:gmIIPId>e8d0ba3f-053b-42da-972a-9b134ce56c79</sln:gmIIPId><sln:gmIIPPn>PL.PZGIK.200</sln:gmIIPPn><sln:gmIIPWersja>2012-09-26T22:24:47+02:00</sln:gmIIPWersja><sln:gmIdTeryt>3008072</sln:gmIdTeryt><sln:gmNazwa>Trzcinica</sln:gmNazwa><sln:miejscIIPId>e6558f16-5670-4e4c-8ed8-c1cf6efec75e</sln:miejscIIPId><sln:miejscIIPPn>PL.PZGIK.200</sln:miejscIIPPn><sln:miejscIIPWersja>2017-03-31T11:31:51+02:00</sln:miejscIIPWersja><sln:miejscIdTeryt>0210223</sln:miejscIdTeryt><sln:miejscNazwa>Ignacówka Pierwsza</sln:miejscNazwa><sln:miejscRodzaj>Kolonia</sln:miejscRodzaj><sln:powIIPId>bc0136fd-720b-4f2b-8880-f08dbe76b7d2</sln:powIIPId><sln:powIIPPn>PL.PZGIK.200</sln:powIIPPn><sln:powIIPWersja>2012-09-27T08:59:03+02:00</sln:powIIPWersja><sln:powIdTeryt>3008</sln:powIdTeryt><sln:powNazwa>kępiński</sln:powNazwa><sln:waznyOd>2014-08-29T00:00:00+02:00</sln:waznyOd><sln:wojIIPId>c606b01a-76c8-480d-9470-f24ca0d7a613</sln:wojIIPId><sln:wojIIPPn>PL.PZGIK.200</sln:wojIIPPn><sln:wojIIPWersja>2016-05-05T18:20:48+02:00</sln:wojIIPWersja><sln:wojIdTeryt>30</sln:wojIdTeryt><sln:wojNazwa>wielkopolskie</sln:wojNazwa></sln:miejscowosc><sln:miejscowosc><sln:cyklZyciaOd>2017-03-31T00:00:00+02:00</sln:cyklZyciaOd><sln:gmIIPId>e8d0ba3f-053b-42da-972a-9b134ce56c79</sln:gmIIPId><sln:gmIIPPn>PL.PZGIK.200</sln:gmIIPPn><sln:gmIIPWersja>2012-09-26T22:24:47+02:00</sln:gmIIPWersja><sln:gmIdTeryt>3008072</sln:gmIdTeryt><sln:gmNazwa>Trzcinica</sln:gmNazwa><sln:miejscIIPId>4f8272ad-4020-4b2b-8942-2781adaa9379</sln:miejscIIPId><sln:miejscIIPPn>PL.PZGIK.200</sln:miejscIIPPn><sln:miejscIIPWersja>2017-03-31T11:31:51+02:00</sln:miejscIIPWersja><sln:miejscIdTeryt>0210230</sln:miejscIdTeryt><sln:miejscNazwa>Kuźnica Trzcińska</sln:miejscNazwa><sln:miejscRodzaj>Wieś</sln:miejscRodzaj><sln:powIIPId>bc0136fd-720b-4f2b-8880-f08dbe76b7d2</sln:powIIPId><sln:powIIPPn>PL.PZGIK.200</sln:powIIPPn><sln:powIIPWersja>2012-09-27T08:59:03+02:00</sln:powIIPWersja><sln:powIdTeryt>3008</sln:powIdTeryt><sln:powNazwa>kępiński</sln:powNazwa><sln:waznyOd>2014-08-29T00:00:00+02:00</sln:waznyOd><sln:wojIIPId>c606b01a-76c8-480d-9470-f24ca0d7a613</sln:wojIIPId><sln:wojIIPPn>PL.PZGIK.200</sln:wojIIPPn><sln:wojIIPWersja>2016-05-05T18:20:48+02:00</sln:wojIIPWersja><sln:wojIdTeryt>30</sln:wojIdTeryt><sln:wojNazwa>wielkopolskie</sln:wojNazwa></sln:miejscowosc><sln:miejscowosc><sln:cyklZyciaDo>2018-02-28T00:00:00+01:00</sln:cyklZyciaDo><sln:cyklZyciaOd>2017-03-31T00:00:00+02:00</sln:cyklZyciaOd><sln:gmIIPId>e8d0ba3f-053b-42da-972a-9b134ce56c79</sln:gmIIPId><sln:gmIIPPn>PL.PZGIK.200</sln:gmIIPPn><sln:gmIIPWersja>2012-09-26T22:24:47+02:00</sln:gmIIPWersja><sln:gmIdTeryt>3008072</sln:gmIdTeryt><sln:gmNazwa>Trzcinica</sln:gmNazwa><sln:miejscIIPId>2a846152-ec09-4871-bd1f-e39aab0e202d</sln:miejscIIPId><sln:miejscIIPPn>PL.PZGIK.200</sln:miejscIIPPn><sln:miejscIIPWersja>2017-03-31T11:31:51+02:00</sln:miejscIIPWersja><sln:miejscIdTeryt>0210252</sln:miejscIdTeryt><sln:miejscNazwa>Laski</sln:miejscNazwa><sln:miejscRodzaj>Wieś</sln:miejscRodzaj><sln:powIIPId>bc0136fd-720b-4f2b-8880-f08dbe76b7d2</sln:powIIPId><sln:powIIPPn>PL.PZGIK.200</sln:powIIPPn><sln:powIIPWersja>2012-09-27T08:59:03+02:00</sln:powIIPWersja><sln:powIdTeryt>3008</sln:powIdTeryt><sln:powNazwa>kępiński</sln:powNazwa><sln:waznyOd>2014-08-29T00:00:00+02:00</sln:waznyOd><sln:wojIIPId>c606b01a-76c8-480d-9470-f24ca0d7a613</sln:wojIIPId><sln:wojIIPPn>PL.PZGIK.200</sln:wojIIPPn><sln:wojIIPWersja>2016-05-05T18:20:48+02:00</sln:wojIIPWersja><sln:wojIdTeryt>30</sln:wojIdTeryt><sln:wojNazwa>wielkopolskie</sln:wojNazwa></sln:miejscowosc><sln:miejscowosc><sln:cyklZyciaOd>2017-03-31T00:00:00+02:00</sln:cyklZyciaOd><sln:gmIIPId>e8d0ba3f-053b-42da-972a-9b134ce56c79</sln:gmIIPId><sln:gmIIPPn>PL.PZGIK.200</sln:gmIIPPn><sln:gmIIPWersja>2012-09-26T22:24:47+02:00</sln:gmIIPWersja><sln:gmIdTeryt>3008072</sln:gmIdTeryt><sln:gmNazwa>Trzcinica</sln:gmNazwa><sln:miejscIIPId>ab0396a8-55ea-4fae-a4d6-6b61f71f0c3f</sln:miejscIIPId><sln:miejscIIPPn>PL.PZGIK.200</sln:miejscIIPPn><sln:miejscIIPWersja>2017-03-31T11:31:51+02:00</sln:miejscIIPWersja><sln:miejscIdTeryt>0210269</sln:miejscIdTeryt><sln:miejscNazwa>Borek</sln:miejscNazwa><sln:miejscRodzaj>Kolonia</sln:miejscRodzaj><sln:powIIPId>bc0136fd-720b-4f2b-8880-f08dbe76b7d2</sln:powIIPId><sln:powIIPPn>PL.PZGIK.200</sln:powIIPPn><sln:powIIPWersja>2012-09-27T08:59:03+02:00</sln:powIIPWersja><sln:powIdTeryt>3008</sln:powIdTeryt><sln:powNazwa>kępiński</sln:powNazwa><sln:waznyOd>2014-08-29T00:00:00+02:00</sln:waznyOd><sln:wojIIPId>c606b01a-76c8-480d-9470-f24ca0d7a613</sln:wojIIPId><sln:wojIIPPn>PL.PZGIK.200</sln:wojIIPPn><sln:wojIIPWersja>2016-05-05T18:20:48+02:00</sln:wojIIPWersja><sln:wojIdTeryt>30</sln:wojIdTeryt><sln:wojNazwa>wielkopolskie</sln:wojNazwa></sln:miejscowosc><sln:miejscowosc><sln:cyklZyciaDo>2018-02-28T00:00:00+01:00</sln:cyklZyciaDo><sln:cyklZyciaOd>2017-03-31T00:00:00+02:00</sln:cyklZyciaOd><sln:gmIIPId>e8d0ba3f-053b-42da-972a-9b134ce56c79</sln:gmIIPId><sln:gmIIPPn>PL.PZGIK.200</sln:gmIIPPn><sln:gmIIPWersja>2012-09-26T22:24:47+02:00</sln:gmIIPWersja><sln:gmIdTeryt>3008072</sln:gmIdTeryt><sln:gmNazwa>Trzcinica</sln:gmNazwa><sln:miejscIIPId>69182c81-70bc-498f-8d92-dbf7279746be</sln:miejscIIPId><sln:miejscIIPPn>PL.PZGIK.200</sln:miejscIIPPn><sln:miejscIIPWersja>2017-03-31T11:31:51+02:00</sln:miejscIIPWersja><sln:miejscIdTeryt>0210275</sln:miejscIdTeryt><sln:miejscNazwa>Granice</sln:miejscNazwa><sln:miejscRodzaj>Kolonia</sln:miejscRodzaj><sln:powIIPId>bc0136fd-720b-4f2b-8880-f08dbe76b7d2</sln:powIIPId><sln:powIIPPn>PL.PZGIK.200</sln:powIIPPn><sln:powIIPWersja>2012-09-27T08:59:03+02:00</sln:powIIPWersja><sln:powIdTeryt>3008</sln:powIdTeryt><sln:powNazwa>kępiński</sln:powNazwa><sln:waznyOd>2014-08-29T00:00:00+02:00</sln:waznyOd><sln:wojIIPId>c606b01a-76c8-480d-9470-f24ca0d7a613</sln:wojIIPId><sln:wojIIPPn>PL.PZGIK.200</sln:wojIIPPn><sln:wojIIPWersja>2016-05-05T18:20:48+02:00</sln:wojIIPWersja><sln:wojIdTeryt>30</sln:wojIdTeryt><sln:wojNazwa>wielkopolskie</sln:wojNazwa></sln:miejscowosc><sln:miejscowosc><sln:cyklZyciaDo>2018-02-28T00:00:00+01:00</sln:cyklZyciaDo><sln:cyklZyciaOd>2017-03-31T00:00:00+02:00</sln:cyklZyciaOd><sln:gmIIPId>e8d0ba3f-053b-42da-972a-9b134ce56c79</sln:gmIIPId><sln:gmIIPPn>PL.PZGIK.200</sln:gmIIPPn><sln:gmIIPWersja>2012-09-26T22:24:47+02:00</sln:gmIIPWersja><sln:gmIdTeryt>3008072</sln:gmIdTeryt><sln:gmNazwa>Trzcinica</sln:gmNazwa><sln:miejscIIPId>5204887b-47d5-4629-929e-1e8de76a0de4</sln:miejscIIPId><sln:miejscIIPPn>PL.PZGIK.200</sln:miejscIIPPn><sln:miejscIIPWersja>2017-03-31T11:31:52+02:00</sln:miejscIIPWersja><sln:miejscIdTeryt>0210312</sln:miejscIdTeryt><sln:miejscNazwa>Nowa Wieś</sln:miejscNazwa><sln:miejscRodzaj>Osada</sln:miejscRodzaj><sln:powIIPId>bc0136fd-720b-4f2b-8880-f08dbe76b7d2</sln:powIIPId><sln:powIIPPn>PL.PZGIK.200</sln:powIIPPn><sln:powIIPWersja>2012-09-27T08:59:03+02:00</sln:powIIPWersja><sln:powIdTeryt>3008</sln:powIdTeryt><sln:powNazwa>kępiński</sln:powNazwa><sln:waznyOd>2014-08-29T00:00:00+02:00</sln:waznyOd><sln:wojIIPId>c606b01a-76c8-480d-9470-f24ca0d7a613</sln:wojIIPId><sln:wojIIPPn>PL.PZGIK.200</sln:wojIIPPn><sln:wojIIPWersja>2016-05-05T18:20:48+02:00</sln:wojIIPWersja><sln:wojIdTeryt>30</sln:wojIdTeryt><sln:wojNazwa>wielkopolskie</sln:wojNazwa></sln:miejscowosc><sln:miejscowosc><sln:cyklZyciaOd>2017-03-31T00:00:00+02:00</sln:cyklZyciaOd><sln:gmIIPId>e8d0ba3f-053b-42da-972a-9b134ce56c79</sln:gmIIPId><sln:gmIIPPn>PL.PZGIK.200</sln:gmIIPPn><sln:gmIIPWersja>2012-09-26T22:24:47+02:00</sln:gmIIPWersja><sln:gmIdTeryt>3008072</sln:gmIdTeryt><sln:gmNazwa>Trzcinica</sln:gmNazwa><sln:miejscIIPId>e4123cdd-9b48-455a-aa05-9b5cfa0aae81</sln:miejscIIPId><sln:miejscIIPPn>PL.PZGIK.200</sln:miejscIIPPn><sln:miejscIIPWersja>2017-03-31T11:31:52+02:00</sln:miejscIIPWersja><sln:miejscIdTeryt>0210329</sln:miejscIdTeryt><sln:miejscNazwa>Piotrówka</sln:miejscNazwa><sln:miejscRodzaj>Wieś</sln:miejscRodzaj><sln:powIIPId>bc0136fd-720b-4f2b-8880-f08dbe76b7d2</sln:powIIPId><sln:powIIPPn>PL.PZGIK.200</sln:powIIPPn><sln:powIIPWersja>2012-09-27T08:59:03+02:00</sln:powIIPWersja><sln:powIdTeryt>3008</sln:powIdTeryt><sln:powNazwa>kępiński</sln:powNazwa><sln:waznyOd>2014-08-29T00:00:00+02:00</sln:waznyOd><sln:wojIIPId>c606b01a-76c8-480d-9470-f24ca0d7a613</sln:wojIIPId><sln:wojIIPPn>PL.PZGIK.200</sln:wojIIPPn><sln:wojIIPWersja>2016-05-05T18:20:48+02:00</sln:wojIIPWersja><sln:wojIdTeryt>30</sln:wojIdTeryt><sln:wojNazwa>wielkopolskie</sln:wojNazwa></sln:miejscowosc><sln:miejscowosc><sln:cyklZyciaOd>2017-03-31T00:00:00+02:00</sln:cyklZyciaOd><sln:gmIIPId>e8d0ba3f-053b-42da-972a-9b134ce56c79</sln:gmIIPId><sln:gmIIPPn>PL.PZGIK.200</sln:gmIIPPn><sln:gmIIPWersja>2012-09-26T22:24:47+02:00</sln:gmIIPWersja><sln:gmIdTeryt>3008072</sln:gmIdTeryt><sln:gmNazwa>Trzcinica</sln:gmNazwa><sln:miejscIIPId>0d998c4e-2788-44db-924c-0099a3c34994</sln:miejscIIPId><sln:miejscIIPPn>PL.PZGIK.200</sln:miejscIIPPn><sln:miejscIIPWersja>2017-03-31T11:31:52+02:00</sln:miejscIIPWersja><sln:miejscIdTeryt>0210341</sln:miejscIdTeryt><sln:miejscNazwa>Różyczka</sln:miejscNazwa><sln:miejscRodzaj>Przysiółek</sln:miejscRodzaj><sln:powIIPId>bc0136fd-720b-4f2b-8880-f08dbe76b7d2</sln:powIIPId><sln:powIIPPn>PL.PZGIK.200</sln:powIIPPn><sln:powIIPWersja>2012-09-27T08:59:03+02:00</sln:powIIPWersja><sln:powIdTeryt>3008</sln:powIdTeryt><sln:powNazwa>kępiński</sln:powNazwa><sln:waznyOd>2014-08-29T00:00:00+02:00</sln:waznyOd><sln:wojIIPId>c606b01a-76c8-480d-9470-f24ca0d7a613</sln:wojIIPId><sln:wojIIPPn>PL.PZGIK.200</sln:wojIIPPn><sln:wojIIPWersja>2016-05-05T18:20:48+02:00</sln:wojIIPWersja><sln:wojIdTeryt>30</sln:wojIdTeryt><sln:wojNazwa>wielkopolskie</sln:wojNazwa></sln:miejscowosc><sln:miejscowosc><sln:cyklZyciaOd>2017-03-31T00:00:00+02:00</sln:cyklZyciaOd><sln:gmIIPId>e8d0ba3f-053b-42da-972a-9b134ce56c79</sln:gmIIPId><sln:gmIIPPn>PL.PZGIK.200</sln:gmIIPPn><sln:gmIIPWersja>2012-09-26T22:24:47+02:00</sln:gmIIPWersja><sln:gmIdTeryt>3008072</sln:gmIdTeryt><sln:gmNazwa>Trzcinica</sln:gmNazwa><sln:miejscIIPId>e60cb998-6d71-4262-9a54-bf50562bb473</sln:miejscIIPId><sln:miejscIIPPn>PL.PZGIK.200</sln:miejscIIPPn><sln:miejscIIPWersja>2017-03-31T11:31:52+02:00</sln:miejscIIPWersja><sln:miejscIdTeryt>0210358</sln:miejscIdTeryt><sln:miejscNazwa>Pomiany</sln:miejscNazwa><sln:miejscRodzaj>Wieś</sln:miejscRodzaj><sln:powIIPId>bc0136fd-720b-4f2b-8880-f08dbe76b7d2</sln:powIIPId><sln:powIIPPn>PL.PZGIK.200</sln:powIIPPn><sln:powIIPWersja>2012-09-27T08:59:03+02:00</sln:powIIPWersja><sln:powIdTeryt>3008</sln:powIdTeryt><sln:powNazwa>kępiński</sln:powNazwa><sln:waznyOd>2014-08-29T00:00:00+02:00</sln:waznyOd><sln:wojIIPId>c606b01a-76c8-480d-9470-f24ca0d7a613</sln:wojIIPId><sln:wojIIPPn>PL.PZGIK.200</sln:wojIIPPn><sln:wojIIPWersja>2016-05-05T18:20:48+02:00</sln:wojIIPWersja><sln:wojIdTeryt>30</sln:wojIdTeryt><sln:wojNazwa>wielkopolskie</sln:wojNazwa></sln:miejscowosc><sln:miejscowosc><sln:cyklZyciaOd>2017-03-31T00:00:00+02:00</sln:cyklZyciaOd><sln:gmIIPId>e8d0ba3f-053b-42da-972a-9b134ce56c79</sln:gmIIPId><sln:gmIIPPn>PL.PZGIK.200</sln:gmIIPPn><sln:gmIIPWersja>2012-09-26T22:24:47+02:00</sln:gmIIPWersja><sln:gmIdTeryt>3008072</sln:gmIdTeryt><sln:gmNazwa>Trzcinica</sln:gmNazwa><sln:miejscIIPId>00bd3430-b79f-40f4-8b94-2e057babd264</sln:miejscIIPId><sln:miejscIIPPn>PL.PZGIK.200</sln:miejscIIPPn><sln:miejscIIPWersja>2017-03-31T11:31:52+02:00</sln:miejscIIPWersja><sln:miejscIdTeryt>0210370</sln:miejscIdTeryt><sln:miejscNazwa>Kwasielina</sln:miejscNazwa><sln:miejscRodzaj>Inny obiekt</sln:miejscRodzaj><sln:powIIPId>bc0136fd-720b-4f2b-8880-f08dbe76b7d2</sln:powIIPId><sln:powIIPPn>PL.PZGIK.200</sln:powIIPPn><sln:powIIPWersja>2012-09-27T08:59:03+02:00</sln:powIIPWersja><sln:powIdTeryt>3008</sln:powIdTeryt><sln:powNazwa>kępiński</sln:powNazwa><sln:waznyOd>2014-08-29T00:00:00+02:00</sln:waznyOd><sln:wojIIPId>c606b01a-76c8-480d-9470-f24ca0d7a613</sln:wojIIPId><sln:wojIIPPn>PL.PZGIK.200</sln:wojIIPPn><sln:wojIIPWersja>2016-05-05T18:20:48+02:00</sln:wojIIPWersja><sln:wojIdTeryt>30</sln:wojIdTeryt><sln:wojNazwa>wielkopolskie</sln:wojNazwa></sln:miejscowosc><sln:miejscowosc><sln:cyklZyciaOd>2017-03-31T00:00:00+02:00</sln:cyklZyciaOd><sln:gmIIPId>e8d0ba3f-053b-42da-972a-9b134ce56c79</sln:gmIIPId><sln:gmIIPPn>PL.PZGIK.200</sln:gmIIPPn><sln:gmIIPWersja>2012-09-26T22:24:47+02:00</sln:gmIIPWersja><sln:gmIdTeryt>3008072</sln:gmIdTeryt><sln:gmNazwa>Trzcinica</sln:gmNazwa><sln:miejscIIPId>56c958ef-aa30-410a-beb9-a03bb7146fbe</sln:miejscIIPId><sln:miejscIIPPn>PL.PZGIK.200</sln:miejscIIPPn><sln:miejscIIPWersja>2017-03-31T11:31:52+02:00</sln:miejscIIPWersja><sln:miejscIdTeryt>0210387</sln:miejscIdTeryt><sln:miejscNazwa>Smardze</sln:miejscNazwa><sln:miejscRodzaj>Wieś</sln:miejscRodzaj><sln:powIIPId>bc0136fd-720b-4f2b-8880-f08dbe76b7d2</sln:powIIPId><sln:powIIPPn>PL.PZGIK.200</sln:powIIPPn><sln:powIIPWersja>2012-09-27T08:59:03+02:00</sln:powIIPWersja><sln:powIdTeryt>3008</sln:powIdTeryt><sln:powNazwa>kępiński</sln:powNazwa><sln:waznyOd>2014-08-29T00:00:00+02:00</sln:waznyOd><sln:wojIIPId>c606b01a-76c8-480d-9470-f24ca0d7a613</sln:wojIIPId><sln:wojIIPPn>PL.PZGIK.200</sln:wojIIPPn><sln:wojIIPWersja>2016-05-05T18:20:48+02:00</sln:wojIIPWersja><sln:wojIdTeryt>30</sln:wojIdTeryt><sln:wojNazwa>wielkopolskie</sln:wojNazwa></sln:miejscowosc><sln:miejscowosc><sln:cyklZyciaOd>2017-03-31T00:00:00+02:00</sln:cyklZyciaOd><sln:gmIIPId>e8d0ba3f-053b-42da-972a-9b134ce56c79</sln:gmIIPId><sln:gmIIPPn>PL.PZGIK.200</sln:gmIIPPn><sln:gmIIPWersja>2012-09-26T22:24:47+02:00</sln:gmIIPWersja><sln:gmIdTeryt>3008072</sln:gmIdTeryt><sln:gmNazwa>Trzcinica</sln:gmNazwa><sln:miejscIIPId>76093c68-3fba-4c2f-b08f-2cedb139922a</sln:miejscIIPId><sln:miejscIIPPn>PL.PZGIK.200</sln:miejscIIPPn><sln:miejscIIPWersja>2017-03-31T11:31:52+02:00</sln:miejscIIPWersja><sln:miejscIdTeryt>0210401</sln:miejscIdTeryt><sln:miejscNazwa>Trzcinica</sln:miejscNazwa><sln:miejscRodzaj>Wieś</sln:miejscRodzaj><sln:powIIPId>bc0136fd-720b-4f2b-8880-f08dbe76b7d2</sln:powIIPId><sln:powIIPPn>PL.PZGIK.200</sln:powIIPPn><sln:powIIPWersja>2012-09-27T08:59:03+02:00</sln:powIIPWersja><sln:powIdTeryt>3008</sln:powIdTeryt><sln:powNazwa>kępiński</sln:powNazwa><sln:waznyOd>2014-08-29T00:00:00+02:00</sln:waznyOd><sln:wojIIPId>c606b01a-76c8-480d-9470-f24ca0d7a613</sln:wojIIPId><sln:wojIIPPn>PL.PZGIK.200</sln:wojIIPPn><sln:wojIIPWersja>2016-05-05T18:20:48+02:00</sln:wojIIPWersja><sln:wojIdTeryt>30</sln:wojIdTeryt><sln:wojNazwa>wielkopolskie</sln:wojNazwa></sln:miejscowosc><sln:miejscowosc><sln:cyklZyciaOd>2017-03-31T00:00:00+02:00</sln:cyklZyciaOd><sln:gmIIPId>e8d0ba3f-053b-42da-972a-9b134ce56c79</sln:gmIIPId><sln:gmIIPPn>PL.PZGIK.200</sln:gmIIPPn><sln:gmIIPWersja>2012-09-26T22:24:47+02:00</sln:gmIIPWersja><sln:gmIdTeryt>3008072</sln:gmIdTeryt><sln:gmNazwa>Trzcinica</sln:gmNazwa><sln:miejscIIPId>4d94fab1-bbe3-48d3-b264-673f911aa5cd</sln:miejscIIPId><sln:miejscIIPPn>PL.PZGIK.200</sln:miejscIIPPn><sln:miejscIIPWersja>2017-03-31T11:31:52+02:00</sln:miejscIIPWersja><sln:miejscIdTeryt>0210418</sln:miejscIdTeryt><sln:miejscNazwa>Aniołka Druga</sln:miejscNazwa><sln:miejscRodzaj>Osada</sln:miejscRodzaj><sln:powIIPId>bc0136fd-720b-4f2b-8880-f08dbe76b7d2</sln:powIIPId><sln:powIIPPn>PL.PZGIK.200</sln:powIIPPn><sln:powIIPWersja>2012-09-27T08:59:03+02:00</sln:powIIPWersja><sln:powIdTeryt>3008</sln:powIdTeryt><sln:powNazwa>kępiński</sln:powNazwa><sln:waznyOd>2014-08-29T00:00:00+02:00</sln:waznyOd><sln:wojIIPId>c606b01a-76c8-480d-9470-f24ca0d7a613</sln:wojIIPId><sln:wojIIPPn>PL.PZGIK.200</sln:wojIIPPn><sln:wojIIPWersja>2016-05-05T18:20:48+02:00</sln:wojIIPWersja><sln:wojIdTeryt>30</sln:wojIdTeryt><sln:wojNazwa>wielkopolskie</sln:wojNazwa></sln:miejscowosc><sln:miejscowosc><sln:cyklZyciaOd>2017-03-31T00:00:00+02:00</sln:cyklZyciaOd><sln:gmIIPId>e8d0ba3f-053b-42da-972a-9b134ce56c79</sln:gmIIPId><sln:gmIIPPn>PL.PZGIK.200</sln:gmIIPPn><sln:gmIIPWersja>2012-09-26T22:24:47+02:00</sln:gmIIPWersja><sln:gmIdTeryt>3008072</sln:gmIdTeryt><sln:gmNazwa>Trzcinica</sln:gmNazwa><sln:miejscIIPId>155e0ff6-35e9-4761-8c06-bc9b0ec1da6d</sln:miejscIIPId><sln:miejscIIPPn>PL.PZGIK.200</sln:miejscIIPPn><sln:miejscIIPWersja>2017-03-31T11:31:52+02:00</sln:miejscIIPWersja><sln:miejscIdTeryt>0210424</sln:miejscIdTeryt><sln:miejscNazwa>Jelenia Głowa</sln:miejscNazwa><sln:miejscRodzaj>Osada</sln:miejscRodzaj><sln:powIIPId>bc0136fd-720b-4f2b-8880-f08dbe76b7d2</sln:powIIPId><sln:powIIPPn>PL.PZGIK.200</sln:powIIPPn><sln:powIIPWersja>2012-09-27T08:59:03+02:00</sln:powIIPWersja><sln:powIdTeryt>3008</sln:powIdTeryt><sln:powNazwa>kępiński</sln:powNazwa><sln:waznyOd>2014-08-29T00:00:00+02:00</sln:waznyOd><sln:wojIIPId>c606b01a-76c8-480d-9470-f24ca0d7a613</sln:wojIIPId><sln:wojIIPPn>PL.PZGIK.200</sln:wojIIPPn><sln:wojIIPWersja>2016-05-05T18:20:48+02:00</sln:wojIIPWersja><sln:wojIdTeryt>30</sln:wojIdTeryt><sln:wojNazwa>wielkopolskie</sln:wojNazwa></sln:miejscowosc><sln:miejscowosc><sln:cyklZyciaOd>2017-03-31T00:00:00+02:00</sln:cyklZyciaOd><sln:gmIIPId>e8d0ba3f-053b-42da-972a-9b134ce56c79</sln:gmIIPId><sln:gmIIPPn>PL.PZGIK.200</sln:gmIIPPn><sln:gmIIPWersja>2012-09-26T22:24:47+02:00</sln:gmIIPWersja><sln:gmIdTeryt>3008072</sln:gmIdTeryt><sln:gmNazwa>Trzcinica</sln:gmNazwa><sln:miejscIIPId>669063a5-4eb8-4d6f-96ec-519b4f2fba98</sln:miejscIIPId><sln:miejscIIPPn>PL.PZGIK.200</sln:miejscIIPPn><sln:miejscIIPWersja>2017-03-31T11:31:52+02:00</sln:miejscIIPWersja><sln:miejscIdTeryt>0210430</sln:miejscIdTeryt><sln:miejscNazwa>Siemionka</sln:miejscNazwa><sln:miejscRodzaj>Osada</sln:miejscRodzaj><sln:powIIPId>bc0136fd-720b-4f2b-8880-f08dbe76b7d2</sln:powIIPId><sln:powIIPPn>PL.PZGIK.200</sln:powIIPPn><sln:powIIPWersja>2012-09-27T08:59:03+02:00</sln:powIIPWersja><sln:powIdTeryt>3008</sln:powIdTeryt><sln:powNazwa>kępiński</sln:powNazwa><sln:waznyOd>2014-08-29T00:00:00+02:00</sln:waznyOd><sln:wojIIPId>c606b01a-76c8-480d-9470-f24ca0d7a613</sln:wojIIPId><sln:wojIIPPn>PL.PZGIK.200</sln:wojIIPPn><sln:wojIIPWersja>2016-05-05T18:20:48+02:00</sln:wojIIPWersja><sln:wojIdTeryt>30</sln:wojIdTeryt><sln:wojNazwa>wielkopolskie</sln:wojNazwa></sln:miejscowosc><sln:miejscowosc><sln:cyklZyciaDo>2018-02-28T00:00:00+01:00</sln:cyklZyciaDo><sln:cyklZyciaOd>2017-03-31T00:00:00+02:00</sln:cyklZyciaOd><sln:gmIIPId>e8d0ba3f-053b-42da-972a-9b134ce56c79</sln:gmIIPId><sln:gmIIPPn>PL.PZGIK.200</sln:gmIIPPn><sln:gmIIPWersja>2012-09-26T22:24:47+02:00</sln:gmIIPWersja><sln:gmIdTeryt>3008072</sln:gmIdTeryt><sln:gmNazwa>Trzcinica</sln:gmNazwa><sln:miejscIIPId>41ae2a2c-7de9-446e-ab98-fd35baaa1d59</sln:miejscIIPId><sln:miejscIIPPn>PL.PZGIK.200</sln:miejscIIPPn><sln:miejscIIPWersja>2017-03-31T11:31:52+02:00</sln:miejscIIPWersja><sln:miejscIdTeryt>0210447</sln:miejscIdTeryt><sln:miejscNazwa>Wodziczna</sln:miejscNazwa><sln:miejscRodzaj>Wieś</sln:miejscRodzaj><sln:powIIPId>bc0136fd-720b-4f2b-8880-f08dbe76b7d2</sln:powIIPId><sln:powIIPPn>PL.PZGIK.200</sln:powIIPPn><sln:powIIPWersja>2012-09-27T08:59:03+02:00</sln:powIIPWersja><sln:powIdTeryt>3008</sln:powIdTeryt><sln:powNazwa>kępiński</sln:powNazwa><sln:waznyOd>2014-08-29T00:00:00+02:00</sln:waznyOd><sln:wojIIPId>c606b01a-76c8-480d-9470-f24ca0d7a613</sln:wojIIPId><sln:wojIIPPn>PL.PZGIK.200</sln:wojIIPPn><sln:wojIIPWersja>2016-05-05T18:20:48+02:00</sln:wojIIPWersja><sln:wojIdTeryt>30</sln:wojIdTeryt><sln:wojNazwa>wielkopolskie</sln:wojNazwa></sln:miejscowosc><sln:miejscowosc><sln:cyklZyciaDo>2018-02-28T00:00:00+01:00</sln:cyklZyciaDo><sln:cyklZyciaOd>2017-03-31T00:00:00+02:00</sln:cyklZyciaOd><sln:gmIIPId>e8d0ba3f-053b-42da-972a-9b134ce56c79</sln:gmIIPId><sln:gmIIPPn>PL.PZGIK.200</sln:gmIIPPn><sln:gmIIPWersja>2012-09-26T22:24:47+02:00</sln:gmIIPWersja><sln:gmIdTeryt>3008072</sln:gmIdTeryt><sln:gmNazwa>Trzcinica</sln:gmNazwa><sln:miejscIIPId>72c05647-76bb-4b58-a922-e316be417f61</sln:miejscIIPId><sln:miejscIIPPn>PL.PZGIK.200</sln:miejscIIPPn><sln:miejscIIPWersja>2017-03-31T11:31:52+02:00</sln:miejscIIPWersja><sln:miejscIdTeryt>0210453</sln:miejscIdTeryt><sln:miejscNazwa>Dzierżążnik</sln:miejscNazwa><sln:miejscRodzaj>Przysiółek</sln:miejscRodzaj><sln:powIIPId>bc0136fd-720b-4f2b-8880-f08dbe76b7d2</sln:powIIPId><sln:powIIPPn>PL.PZGIK.200</sln:powIIPPn><sln:powIIPWersja>2012-09-27T08:59:03+02:00</sln:powIIPWersja><sln:powIdTeryt>3008</sln:powIdTeryt><sln:powNazwa>kępiński</sln:powNazwa><sln:waznyOd>2014-08-29T00:00:00+02:00</sln:waznyOd><sln:wojIIPId>c606b01a-76c8-480d-9470-f24ca0d7a613</sln:wojIIPId><sln:wojIIPPn>PL.PZGIK.200</sln:wojIIPPn><sln:wojIIPWersja>2016-05-05T18:20:48+02:00</sln:wojIIPWersja><sln:wojIdTeryt>30</sln:wojIdTeryt><sln:wojNazwa>wielkopolskie</sln:wojNazwa></sln:miejscowosc><sln:miejscowosc><sln:cyklZyciaOd>2017-03-31T00:00:00+02:00</sln:cyklZyciaOd><sln:gmIIPId>e8d0ba3f-053b-42da-972a-9b134ce56c79</sln:gmIIPId><sln:gmIIPPn>PL.PZGIK.200</sln:gmIIPPn><sln:gmIIPWersja>2012-09-26T22:24:47+02:00</sln:gmIIPWersja><sln:gmIdTeryt>3008072</sln:gmIdTeryt><sln:gmNazwa>Trzcinica</sln:gmNazwa><sln:miejscIIPId>12e73833-3cc0-459f-90c9-0357bca67e84</sln:miejscIIPId><sln:miejscIIPPn>PL.PZGIK.200</sln:miejscIIPPn><sln:miejscIIPWersja>2017-03-31T11:31:52+02:00</sln:miejscIIPWersja><sln:miejscIdTeryt>0210460</sln:miejscIdTeryt><sln:miejscNazwa>Ignacówka Druga</sln:miejscNazwa><sln:miejscRodzaj>Kolonia</sln:miejscRodzaj><sln:powIIPId>bc0136fd-720b-4f2b-8880-f08dbe76b7d2</sln:powIIPId><sln:powIIPPn>PL.PZGIK.200</sln:powIIPPn><sln:powIIPWersja>2012-09-27T08:59:03+02:00</sln:powIIPWersja><sln:powIdTeryt>3008</sln:powIdTeryt><sln:powNazwa>kępiński</sln:powNazwa><sln:waznyOd>2014-08-29T00:00:00+02:00</sln:waznyOd><sln:wojIIPId>c606b01a-76c8-480d-9470-f24ca0d7a613</sln:wojIIPId><sln:wojIIPPn>PL.PZGIK.200</sln:wojIIPPn><sln:wojIIPWersja>2016-05-05T18:20:48+02:00</sln:wojIIPWersja><sln:wojIdTeryt>30</sln:wojIdTeryt><sln:wojNazwa>wielkopolskie</sln:wojNazwa></sln:miejscowosc><sln:miejscowosc><sln:cyklZyciaOd>2017-03-31T00:00:00+02:00</sln:cyklZyciaOd><sln:gmIIPId>e8d0ba3f-053b-42da-972a-9b134ce56c79</sln:gmIIPId><sln:gmIIPPn>PL.PZGIK.200</sln:gmIIPPn><sln:gmIIPWersja>2012-09-26T22:24:47+02:00</sln:gmIIPWersja><sln:gmIdTeryt>3008072</sln:gmIdTeryt><sln:gmNazwa>Trzcinica</sln:gmNazwa><sln:miejscIIPId>984a3688-1d0d-4d2c-a4cc-607f0f0d56c1</sln:miejscIIPId><sln:miejscIIPPn>PL.PZGIK.200</sln:miejscIIPPn><sln:miejscIIPWersja>2017-03-31T11:31:52+02:00</sln:miejscIIPWersja><sln:miejscIdTeryt>0210476</sln:miejscIdTeryt><sln:miejscNazwa>Ignacówka Trzecia</sln:miejscNazwa><sln:miejscRodzaj>Kolonia</sln:miejscRodzaj><sln:powIIPId>bc0136fd-720b-4f2b-8880-f08dbe76b7d2</sln:powIIPId><sln:powIIPPn>PL.PZGIK.200</sln:powIIPPn><sln:powIIPWersja>2012-09-27T08:59:03+02:00</sln:powIIPWersja><sln:powIdTeryt>3008</sln:powIdTeryt><sln:powNazwa>kępiński</sln:powNazwa><sln:waznyOd>2014-08-29T00:00:00+02:00</sln:waznyOd><sln:wojIIPId>c606b01a-76c8-480d-9470-f24ca0d7a613</sln:wojIIPId><sln:wojIIPPn>PL.PZGIK.200</sln:wojIIPPn><sln:wojIIPWersja>2016-05-05T18:20:48+02:00</sln:wojIIPWersja><sln:wojIdTeryt>30</sln:wojIdTeryt><sln:wojNazwa>wielkopolskie</sln:wojNazwa></sln:miejscowosc><sln:miejscowosc><sln:cyklZyciaOd>2017-03-31T00:00:00+02:00</sln:cyklZyciaOd><sln:gmIIPId>e8d0ba3f-053b-42da-972a-9b134ce56c79</sln:gmIIPId><sln:gmIIPPn>PL.PZGIK.200</sln:gmIIPPn><sln:gmIIPWersja>2012-09-26T22:24:47+02:00</sln:gmIIPWersja><sln:gmIdTeryt>3008072</sln:gmIdTeryt><sln:gmNazwa>Trzcinica</sln:gmNazwa><sln:miejscIIPId>9aff9684-fc50-48f0-8ce9-34a041d6682b</sln:miejscIIPId><sln:miejscIIPPn>PL.PZGIK.200</sln:miejscIIPPn><sln:miejscIIPWersja>2017-03-31T11:31:52+02:00</sln:miejscIIPWersja><sln:miejscIdTeryt>0210482</sln:miejscIdTeryt><sln:miejscNazwa>Teklin</sln:miejscNazwa><sln:miejscRodzaj>Osada</sln:miejscRodzaj><sln:powIIPId>bc0136fd-720b-4f2b-8880-f08dbe76b7d2</sln:powIIPId><sln:powIIPPn>PL.PZGIK.200</sln:powIIPPn><sln:powIIPWersja>2012-09-27T08:59:03+02:00</sln:powIIPWersja><sln:powIdTeryt>3008</sln:powIdTeryt><sln:powNazwa>kępiński</sln:powNazwa><sln:waznyOd>2014-08-29T00:00:00+02:00</sln:waznyOd><sln:wojIIPId>c606b01a-76c8-480d-9470-f24ca0d7a613</sln:wojIIPId><sln:wojIIPPn>PL.PZGIK.200</sln:wojIIPPn><sln:wojIIPWersja>2016-05-05T18:20:48+02:00</sln:wojIIPWersja><sln:wojIdTeryt>30</sln:wojIdTeryt><sln:wojNazwa>wielkopolskie</sln:wojNazwa></sln:miejscowosc><sln:miejscowosc><sln:cyklZyciaOd>2017-03-31T00:00:00+02:00</sln:cyklZyciaOd><sln:gmIIPId>e8d0ba3f-053b-42da-972a-9b134ce56c79</sln:gmIIPId><sln:gmIIPPn>PL.PZGIK.200</sln:gmIIPPn><sln:gmIIPWersja>2012-09-26T22:24:47+02:00</sln:gmIIPWersja><sln:gmIdTeryt>3008072</sln:gmIdTeryt><sln:gmNazwa>Trzcinica</sln:gmNazwa><sln:miejscIIPId>197fabb0-94c7-45af-aa6a-57535fa7fa45</sln:miejscIIPId><sln:miejscIIPPn>PL.PZGIK.200</sln:miejscIIPPn><sln:miejscIIPWersja>2017-03-31T11:31:52+02:00</sln:miejscIIPWersja><sln:miejscIdTeryt>0990652</sln:miejscIdTeryt><sln:miejscNazwa>Laski-Tartak</sln:miejscNazwa><sln:miejscRodzaj>Osada</sln:miejscRodzaj><sln:powIIPId>bc0136fd-720b-4f2b-8880-f08dbe76b7d2</sln:powIIPId><sln:powIIPPn>PL.PZGIK.200</sln:powIIPPn><sln:powIIPWersja>2012-09-27T08:59:03+02:00</sln:powIIPWersja><sln:powIdTeryt>3008</sln:powIdTeryt><sln:powNazwa>kępiński</sln:powNazwa><sln:waznyOd>2014-08-29T00:00:00+02:00</sln:waznyOd><sln:wojIIPId>c606b01a-76c8-480d-9470-f24ca0d7a613</sln:wojIIPId><sln:wojIIPPn>PL.PZGIK.200</sln:wojIIPPn><sln:wojIIPWersja>2016-05-05T18:20:48+02:00</sln:wojIIPWersja><sln:wojIdTeryt>30</sln:wojIdTeryt><sln:wojNazwa>wielkopolskie</sln:wojNazwa></sln:miejscowosc><sln:miejscowosc><sln:cyklZyciaOd>2018-02-28T00:00:00+01:00</sln:cyklZyciaOd><sln:gmIIPId>e8d0ba3f-053b-42da-972a-9b134ce56c79</sln:gmIIPId><sln:gmIIPPn>PL.PZGIK.200</sln:gmIIPPn><sln:gmIIPWersja>2012-09-26T22:24:47+02:00</sln:gmIIPWersja><sln:gmIdTeryt>3008072</sln:gmIdTeryt><sln:gmNazwa>Trzcinica</sln:gmNazwa><sln:miejscIIPId>2a846152-ec09-4871-bd1f-e39aab0e202d</sln:miejscIIPId><sln:miejscIIPPn>PL.PZGIK.200</sln:miejscIIPPn><sln:miejscIIPWersja>2018-02-28T01:13:31+02:00</sln:miejscIIPWersja><sln:miejscIdTeryt>0210252</sln:miejscIdTeryt><sln:miejscNazwa>Laski</sln:miejscNazwa><sln:miejscRodzaj>Wieś</sln:miejscRodzaj><sln:powIIPId>bc0136fd-720b-4f2b-8880-f08dbe76b7d2</sln:powIIPId><sln:powIIPPn>PL.PZGIK.200</sln:powIIPPn><sln:powIIPWersja>2012-09-27T08:59:03+02:00</sln:powIIPWersja><sln:powIdTeryt>3008</sln:powIdTeryt><sln:powNazwa>kępiński</sln:powNazwa><sln:waznyOd>2018-01-26T00:00:00+01:00</sln:waznyOd><sln:wojIIPId>c606b01a-76c8-480d-9470-f24ca0d7a613</sln:wojIIPId><sln:wojIIPPn>PL.PZGIK.200</sln:wojIIPPn><sln:wojIIPWersja>2016-05-05T18:20:48+02:00</sln:wojIIPWersja><sln:wojIdTeryt>30</sln:wojIdTeryt><sln:wojNazwa>wielkopolskie</sln:wojNazwa></sln:miejscowosc><sln:miejscowosc><sln:cyklZyciaOd>2018-02-28T00:00:00+01:00</sln:cyklZyciaOd><sln:gmIIPId>e8d0ba3f-053b-42da-972a-9b134ce56c79</sln:gmIIPId><sln:gmIIPPn>PL.PZGIK.200</sln:gmIIPPn><sln:gmIIPWersja>2012-09-26T22:24:47+02:00</sln:gmIIPWersja><sln:gmIdTeryt>3008072</sln:gmIdTeryt><sln:gmNazwa>Trzcinica</sln:gmNazwa><sln:miejscIIPId>69182c81-70bc-498f-8d92-dbf7279746be</sln:miejscIIPId><sln:miejscIIPPn>PL.PZGIK.200</sln:miejscIIPPn><sln:miejscIIPWersja>2018-02-28T01:13:31+02:00</sln:miejscIIPWersja><sln:miejscIdTeryt>0210275</sln:miejscIdTeryt><sln:miejscNazwa>Granice</sln:miejscNazwa><sln:miejscRodzaj>Kolonia</sln:miejscRodzaj><sln:powIIPId>bc0136fd-720b-4f2b-8880-f08dbe76b7d2</sln:powIIPId><sln:powIIPPn>PL.PZGIK.200</sln:powIIPPn><sln:powIIPWersja>2012-09-27T08:59:03+02:00</sln:powIIPWersja><sln:powIdTeryt>3008</sln:powIdTeryt><sln:powNazwa>kępiński</sln:powNazwa><sln:waznyOd>2018-01-26T00:00:00+01:00</sln:waznyOd><sln:wojIIPId>c606b01a-76c8-480d-9470-f24ca0d7a613</sln:wojIIPId><sln:wojIIPPn>PL.PZGIK.200</sln:wojIIPPn><sln:wojIIPWersja>2016-05-05T18:20:48+02:00</sln:wojIIPWersja><sln:wojIdTeryt>30</sln:wojIdTeryt><sln:wojNazwa>wielkopolskie</sln:wojNazwa></sln:miejscowosc><sln:miejscowosc><sln:cyklZyciaOd>2018-02-28T00:00:00+01:00</sln:cyklZyciaOd><sln:gmIIPId>e8d0ba3f-053b-42da-972a-9b134ce56c79</sln:gmIIPId><sln:gmIIPPn>PL.PZGIK.200</sln:gmIIPPn><sln:gmIIPWersja>2012-09-26T22:24:47+02:00</sln:gmIIPWersja><sln:gmIdTeryt>3008072</sln:gmIdTeryt><sln:gmNazwa>Trzcinica</sln:gmNazwa><sln:miejscIIPId>5204887b-47d5-4629-929e-1e8de76a0de4</sln:miejscIIPId><sln:miejscIIPPn>PL.PZGIK.200</sln:miejscIIPPn><sln:miejscIIPWersja>2018-02-28T01:13:31+02:00</sln:miejscIIPWersja><sln:miejscIdTeryt>0210312</sln:miejscIdTeryt><sln:miejscNazwa>Nowa Wieś</sln:miejscNazwa><sln:miejscRodzaj>Osada</sln:miejscRodzaj><sln:powIIPId>bc0136fd-720b-4f2b-8880-f08dbe76b7d2</sln:powIIPId><sln:powIIPPn>PL.PZGIK.200</sln:powIIPPn><sln:powIIPWersja>2012-09-27T08:59:03+02:00</sln:powIIPWersja><sln:powIdTeryt>3008</sln:powIdTeryt><sln:powNazwa>kępiński</sln:powNazwa><sln:waznyOd>2018-01-26T00:00:00+01:00</sln:waznyOd><sln:wojIIPId>c606b01a-76c8-480d-9470-f24ca0d7a613</sln:wojIIPId><sln:wojIIPPn>PL.PZGIK.200</sln:wojIIPPn><sln:wojIIPWersja>2016-05-05T18:20:48+02:00</sln:wojIIPWersja><sln:wojIdTeryt>30</sln:wojIdTeryt><sln:wojNazwa>wielkopolskie</sln:wojNazwa></sln:miejscowosc><sln:miejscowosc><sln:cyklZyciaOd>2018-02-28T00:00:00+01:00</sln:cyklZyciaOd><sln:gmIIPId>e8d0ba3f-053b-42da-972a-9b134ce56c79</sln:gmIIPId><sln:gmIIPPn>PL.PZGIK.200</sln:gmIIPPn><sln:gmIIPWersja>2012-09-26T22:24:47+02:00</sln:gmIIPWersja><sln:gmIdTeryt>3008072</sln:gmIdTeryt><sln:gmNazwa>Trzcinica</sln:gmNazwa><sln:miejscIIPId>41ae2a2c-7de9-446e-ab98-fd35baaa1d59</sln:miejscIIPId><sln:miejscIIPPn>PL.PZGIK.200</sln:miejscIIPPn><sln:miejscIIPWersja>2018-02-28T01:13:31+02:00</sln:miejscIIPWersja><sln:miejscIdTeryt>0210447</sln:miejscIdTeryt><sln:miejscNazwa>Wodziczna</sln:miejscNazwa><sln:miejscRodzaj>Wieś</sln:miejscRodzaj><sln:powIIPId>bc0136fd-720b-4f2b-8880-f08dbe76b7d2</sln:powIIPId><sln:powIIPPn>PL.PZGIK.200</sln:powIIPPn><sln:powIIPWersja>2012-09-27T08:59:03+02:00</sln:powIIPWersja><sln:powIdTeryt>3008</sln:powIdTeryt><sln:powNazwa>kępiński</sln:powNazwa><sln:waznyOd>2018-01-26T00:00:00+01:00</sln:waznyOd><sln:wojIIPId>c606b01a-76c8-480d-9470-f24ca0d7a613</sln:wojIIPId><sln:wojIIPPn>PL.PZGIK.200</sln:wojIIPPn><sln:wojIIPWersja>2016-05-05T18:20:48+02:00</sln:wojIIPWersja><sln:wojIdTeryt>30</sln:wojIdTeryt><sln:wojNazwa>wielkopolskie</sln:wojNazwa></sln:miejscowosc><sln:miejscowosc><sln:cyklZyciaOd>2018-02-28T00:00:00+01:00</sln:cyklZyciaOd><sln:gmIIPId>e8d0ba3f-053b-42da-972a-9b134ce56c79</sln:gmIIPId><sln:gmIIPPn>PL.PZGIK.200</sln:gmIIPPn><sln:gmIIPWersja>2012-09-26T22:24:47+02:00</sln:gmIIPWersja><sln:gmIdTeryt>3008072</sln:gmIdTeryt><sln:gmNazwa>Trzcinica</sln:gmNazwa><sln:miejscIIPId>72c05647-76bb-4b58-a922-e316be417f61</sln:miejscIIPId><sln:miejscIIPPn>PL.PZGIK.200</sln:miejscIIPPn><sln:miejscIIPWersja>2018-02-28T01:13:31+02:00</sln:miejscIIPWersja><sln:miejscIdTeryt>0210453</sln:miejscIdTeryt><sln:miejscNazwa>Dzierżążnik</sln:miejscNazwa><sln:miejscRodzaj>Przysiółek</sln:miejscRodzaj><sln:powIIPId>bc0136fd-720b-4f2b-8880-f08dbe76b7d2</sln:powIIPId><sln:powIIPPn>PL.PZGIK.200</sln:powIIPPn><sln:powIIPWersja>2012-09-27T08:59:03+02:00</sln:powIIPWersja><sln:powIdTeryt>3008</sln:powIdTeryt><sln:powNazwa>kępiński</sln:powNazwa><sln:waznyOd>2018-01-26T00:00:00+01:00</sln:waznyOd><sln:wojIIPId>c606b01a-76c8-480d-9470-f24ca0d7a613</sln:wojIIPId><sln:wojIIPPn>PL.PZGIK.200</sln:wojIIPPn><sln:wojIIPWersja>2016-05-05T18:20:48+02:00</sln:wojIIPWersja><sln:wojIdTeryt>30</sln:wojIdTeryt><sln:wojNazwa>wielkopolskie</sln:wojNazwa></sln:miejscowosc></sln:lista-miejscowosci>