<?xml version="1.0" encoding="UTF-8" standalone="yes"?><sln:lista-miejscowosci xmlns:srv="http://gugik.gov.pl/schemas/slowniki-service/1.0" xmlns:sln="http://gugik.gov.pl/schemas/slowniki-schema/1.0"><sln:miejscowosc><sln:cyklZyciaDo>2017-04-19T00:00:00+02:00</sln:cyklZyciaDo><sln:cyklZyciaOd>2016-01-27T00:00:00+01:00</sln:cyklZyciaOd><sln:gmIIPId>684d77c1-a527-4260-a060-9f21da840858</sln:gmIIPId><sln:gmIIPPn>PL.PZGIK.200</sln:gmIIPPn><sln:gmIIPWersja>2012-09-26T22:45:23+02:00</sln:gmIIPWersja><sln:gmIdTeryt>2203062</sln:gmIdTeryt><sln:gmNazwa>Przechlewo</sln:gmNazwa><sln:miejscIIPId>9c1ba168-c6b9-43cf-8da2-5dd5b2be1bdd</sln:miejscIIPId><sln:miejscIIPPn>PL.PZGIK.200</sln:miejscIIPPn><sln:miejscIIPWersja>2016-11-24T12:23:18+02:00</sln:miejscIIPWersja><sln:miejscIdTeryt>0749873</sln:miejscIdTeryt><sln:miejscNazwa>Czosnowo</sln:miejscNazwa><sln:miejscRodzaj>Przysiółek</sln:miejscRodzaj><sln:powIIPId>a103670f-14b0-49b4-9984-e499dd7fb32e</sln:powIIPId><sln:powIIPPn>PL.PZGIK.200</sln:powIIPPn><sln:powIIPWersja>2012-09-27T09:33:51+02:00</sln:powIIPWersja><sln:powIdTeryt>2203</sln:powIdTeryt><sln:powNazwa>człuchowski</sln:powNazwa><sln:waznyOd>2014-03-13T00:00:00+01:00</sln:waznyOd><sln:wojIIPId>ece93e09-0215-42f3-8067-be0649f58d46</sln:wojIIPId><sln:wojIIPPn>PL.PZGIK.200</sln:wojIIPPn><sln:wojIIPWersja>2012-09-27T13:45:13+02:00</sln:wojIIPWersja><sln:wojIdTeryt>22</sln:wojIdTeryt><sln:wojNazwa>pomorskie</sln:wojNazwa></sln:miejscowosc><sln:miejscowosc><sln:cyklZyciaDo>2017-04-19T00:00:00+02:00</sln:cyklZyciaDo><sln:cyklZyciaOd>2016-01-27T00:00:00+01:00</sln:cyklZyciaOd><sln:gmIIPId>684d77c1-a527-4260-a060-9f21da840858</sln:gmIIPId><sln:gmIIPPn>PL.PZGIK.200</sln:gmIIPPn><sln:gmIIPWersja>2012-09-26T22:45:23+02:00</sln:gmIIPWersja><sln:gmIdTeryt>2203062</sln:gmIdTeryt><sln:gmNazwa>Przechlewo</sln:gmNazwa><sln:miejscIIPId>394d6fe9-8b1f-4f5a-b0bb-f3e4f17358ff</sln:miejscIIPId><sln:miejscIIPPn>PL.PZGIK.200</sln:miejscIIPPn><sln:miejscIIPWersja>2016-11-24T12:23:17+02:00</sln:miejscIIPWersja><sln:miejscIdTeryt>0749650</sln:miejscIdTeryt><sln:miejscNazwa>Dąbrowa Człuchowska</sln:miejscNazwa><sln:miejscRodzaj>Wieś</sln:miejscRodzaj><sln:powIIPId>a103670f-14b0-49b4-9984-e499dd7fb32e</sln:powIIPId><sln:powIIPPn>PL.PZGIK.200</sln:powIIPPn><sln:powIIPWersja>2012-09-27T09:33:51+02:00</sln:powIIPWersja><sln:powIdTeryt>2203</sln:powIdTeryt><sln:powNazwa>człuchowski</sln:powNazwa><sln:waznyOd>2013-09-19T00:00:00+02:00</sln:waznyOd><sln:wojIIPId>ece93e09-0215-42f3-8067-be0649f58d46</sln:wojIIPId><sln:wojIIPPn>PL.PZGIK.200</sln:wojIIPPn><sln:wojIIPWersja>2012-09-27T13:45:13+02:00</sln:wojIIPWersja><sln:wojIdTeryt>22</sln:wojIdTeryt><sln:wojNazwa>pomorskie</sln:wojNazwa></sln:miejscowosc><sln:miejscowosc><sln:cyklZyciaDo>2017-04-19T00:00:00+02:00</sln:cyklZyciaDo><sln:cyklZyciaOd>2016-01-27T00:00:00+01:00</sln:cyklZyciaOd><sln:gmIIPId>684d77c1-a527-4260-a060-9f21da840858</sln:gmIIPId><sln:gmIIPPn>PL.PZGIK.200</sln:gmIIPPn><sln:gmIIPWersja>2012-09-26T22:45:23+02:00</sln:gmIIPWersja><sln:gmIdTeryt>2203062</sln:gmIdTeryt><sln:gmNazwa>Przechlewo</sln:gmNazwa><sln:miejscIIPId>8a4e8d7e-5401-45f3-8e46-472fe082b06c</sln:miejscIIPId><sln:miejscIIPPn>PL.PZGIK.200</sln:miejscIIPPn><sln:miejscIIPWersja>2016-11-24T12:23:17+02:00</sln:miejscIIPWersja><sln:miejscIdTeryt>0749689</sln:miejscIdTeryt><sln:miejscNazwa>Dobrzyń</sln:miejscNazwa><sln:miejscRodzaj>Osada</sln:miejscRodzaj><sln:powIIPId>a103670f-14b0-49b4-9984-e499dd7fb32e</sln:powIIPId><sln:powIIPPn>PL.PZGIK.200</sln:powIIPPn><sln:powIIPWersja>2012-09-27T09:33:51+02:00</sln:powIIPWersja><sln:powIdTeryt>2203</sln:powIdTeryt><sln:powNazwa>człuchowski</sln:powNazwa><sln:waznyOd>2014-03-13T00:00:00+01:00</sln:waznyOd><sln:wojIIPId>ece93e09-0215-42f3-8067-be0649f58d46</sln:wojIIPId><sln:wojIIPPn>PL.PZGIK.200</sln:wojIIPPn><sln:wojIIPWersja>2012-09-27T13:45:13+02:00</sln:wojIIPWersja><sln:wojIdTeryt>22</sln:wojIdTeryt><sln:wojNazwa>pomorskie</sln:wojNazwa></sln:miejscowosc><sln:miejscowosc><sln:cyklZyciaDo>2017-04-19T00:00:00+02:00</sln:cyklZyciaDo><sln:cyklZyciaOd>2016-01-27T00:00:00+01:00</sln:cyklZyciaOd><sln:gmIIPId>684d77c1-a527-4260-a060-9f21da840858</sln:gmIIPId><sln:gmIIPPn>PL.PZGIK.200</sln:gmIIPPn><sln:gmIIPWersja>2012-09-26T22:45:23+02:00</sln:gmIIPWersja><sln:gmIdTeryt>2203062</sln:gmIdTeryt><sln:gmNazwa>Przechlewo</sln:gmNazwa><sln:miejscIIPId>d57d02f9-ae72-474e-a8c0-d35a091cc8cc</sln:miejscIIPId><sln:miejscIIPPn>PL.PZGIK.200</sln:miejscIIPPn><sln:miejscIIPWersja>2016-11-24T12:23:18+02:00</sln:miejscIIPWersja><sln:miejscIdTeryt>0749933</sln:miejscIdTeryt><sln:miejscNazwa>Dolinka</sln:miejscNazwa><sln:miejscRodzaj>Osada</sln:miejscRodzaj><sln:powIIPId>a103670f-14b0-49b4-9984-e499dd7fb32e</sln:powIIPId><sln:powIIPPn>PL.PZGIK.200</sln:powIIPPn><sln:powIIPWersja>2012-09-27T09:33:51+02:00</sln:powIIPWersja><sln:powIdTeryt>2203</sln:powIdTeryt><sln:powNazwa>człuchowski</sln:powNazwa><sln:waznyOd>2014-03-13T00:00:00+01:00</sln:waznyOd><sln:wojIIPId>ece93e09-0215-42f3-8067-be0649f58d46</sln:wojIIPId><sln:wojIIPPn>PL.PZGIK.200</sln:wojIIPPn><sln:wojIIPWersja>2012-09-27T13:45:13+02:00</sln:wojIIPWersja><sln:wojIdTeryt>22</sln:wojIdTeryt><sln:wojNazwa>pomorskie</sln:wojNazwa></sln:miejscowosc><sln:miejscowosc><sln:cyklZyciaDo>2017-04-19T00:00:00+02:00</sln:cyklZyciaDo><sln:cyklZyciaOd>2016-01-27T00:00:00+01:00</sln:cyklZyciaOd><sln:gmIIPId>684d77c1-a527-4260-a060-9f21da840858</sln:gmIIPId><sln:gmIIPPn>PL.PZGIK.200</sln:gmIIPPn><sln:gmIIPWersja>2012-09-26T22:45:23+02:00</sln:gmIIPWersja><sln:gmIdTeryt>2203062</sln:gmIdTeryt><sln:gmNazwa>Przechlewo</sln:gmNazwa><sln:miejscIIPId>d9a4872d-0204-4071-b295-cf330e74a56d</sln:miejscIIPId><sln:miejscIIPPn>PL.PZGIK.200</sln:miejscIIPPn><sln:miejscIIPWersja>2016-11-24T12:23:17+02:00</sln:miejscIIPWersja><sln:miejscIdTeryt>0749666</sln:miejscIdTeryt><sln:miejscNazwa>Garbek</sln:miejscNazwa><sln:miejscRodzaj>Wieś</sln:miejscRodzaj><sln:powIIPId>a103670f-14b0-49b4-9984-e499dd7fb32e</sln:powIIPId><sln:powIIPPn>PL.PZGIK.200</sln:powIIPPn><sln:powIIPWersja>2012-09-27T09:33:51+02:00</sln:powIIPWersja><sln:powIdTeryt>2203</sln:powIdTeryt><sln:powNazwa>człuchowski</sln:powNazwa><sln:waznyOd>2013-09-19T00:00:00+02:00</sln:waznyOd><sln:wojIIPId>ece93e09-0215-42f3-8067-be0649f58d46</sln:wojIIPId><sln:wojIIPPn>PL.PZGIK.200</sln:wojIIPPn><sln:wojIIPWersja>2012-09-27T13:45:13+02:00</sln:wojIIPWersja><sln:wojIdTeryt>22</sln:wojIdTeryt><sln:wojNazwa>pomorskie</sln:wojNazwa></sln:miejscowosc><sln:miejscowosc><sln:cyklZyciaDo>2017-04-19T00:00:00+02:00</sln:cyklZyciaDo><sln:cyklZyciaOd>2016-01-27T00:00:00+01:00</sln:cyklZyciaOd><sln:gmIIPId>684d77c1-a527-4260-a060-9f21da840858</sln:gmIIPId><sln:gmIIPPn>PL.PZGIK.200</sln:gmIIPPn><sln:gmIIPWersja>2012-09-26T22:45:23+02:00</sln:gmIIPWersja><sln:gmIdTeryt>2203062</sln:gmIdTeryt><sln:gmNazwa>Przechlewo</sln:gmNazwa><sln:miejscIIPId>551f09ca-c30f-4280-b0a8-14aac3b7c757</sln:miejscIIPId><sln:miejscIIPPn>PL.PZGIK.200</sln:miejscIIPPn><sln:miejscIIPWersja>2016-11-24T12:23:17+02:00</sln:miejscIIPWersja><sln:miejscIdTeryt>0749710</sln:miejscIdTeryt><sln:miejscNazwa>Jarzębnik</sln:miejscNazwa><sln:miejscRodzaj>Kolonia</sln:miejscRodzaj><sln:powIIPId>a103670f-14b0-49b4-9984-e499dd7fb32e</sln:powIIPId><sln:powIIPPn>PL.PZGIK.200</sln:powIIPPn><sln:powIIPWersja>2012-09-27T09:33:51+02:00</sln:powIIPWersja><sln:powIdTeryt>2203</sln:powIdTeryt><sln:powNazwa>człuchowski</sln:powNazwa><sln:waznyOd>2013-09-19T00:00:00+02:00</sln:waznyOd><sln:wojIIPId>ece93e09-0215-42f3-8067-be0649f58d46</sln:wojIIPId><sln:wojIIPPn>PL.PZGIK.200</sln:wojIIPPn><sln:wojIIPWersja>2012-09-27T13:45:13+02:00</sln:wojIIPWersja><sln:wojIdTeryt>22</sln:wojIdTeryt><sln:wojNazwa>pomorskie</sln:wojNazwa></sln:miejscowosc><sln:miejscowosc><sln:cyklZyciaDo>2017-04-19T00:00:00+02:00</sln:cyklZyciaDo><sln:cyklZyciaOd>2016-01-27T00:00:00+01:00</sln:cyklZyciaOd><sln:gmIIPId>684d77c1-a527-4260-a060-9f21da840858</sln:gmIIPId><sln:gmIIPPn>PL.PZGIK.200</sln:gmIIPPn><sln:gmIIPWersja>2012-09-26T22:45:23+02:00</sln:gmIIPWersja><sln:gmIdTeryt>2203062</sln:gmIdTeryt><sln:gmNazwa>Przechlewo</sln:gmNazwa><sln:miejscIIPId>08dc05a5-c73c-4534-b26b-690795a49727</sln:miejscIIPId><sln:miejscIIPPn>PL.PZGIK.200</sln:miejscIIPPn><sln:miejscIIPWersja>2016-11-24T12:23:17+02:00</sln:miejscIIPWersja><sln:miejscIdTeryt>0749778</sln:miejscIdTeryt><sln:miejscNazwa>Kleśnik</sln:miejscNazwa><sln:miejscRodzaj>Kolonia</sln:miejscRodzaj><sln:powIIPId>a103670f-14b0-49b4-9984-e499dd7fb32e</sln:powIIPId><sln:powIIPPn>PL.PZGIK.200</sln:powIIPPn><sln:powIIPWersja>2012-09-27T09:33:51+02:00</sln:powIIPWersja><sln:powIdTeryt>2203</sln:powIdTeryt><sln:powNazwa>człuchowski</sln:powNazwa><sln:waznyOd>2014-03-13T00:00:00+01:00</sln:waznyOd><sln:wojIIPId>ece93e09-0215-42f3-8067-be0649f58d46</sln:wojIIPId><sln:wojIIPPn>PL.PZGIK.200</sln:wojIIPPn><sln:wojIIPWersja>2012-09-27T13:45:13+02:00</sln:wojIIPWersja><sln:wojIdTeryt>22</sln:wojIdTeryt><sln:wojNazwa>pomorskie</sln:wojNazwa></sln:miejscowosc><sln:miejscowosc><sln:cyklZyciaDo>2017-04-19T00:00:00+02:00</sln:cyklZyciaDo><sln:cyklZyciaOd>2016-01-27T00:00:00+01:00</sln:cyklZyciaOd><sln:gmIIPId>684d77c1-a527-4260-a060-9f21da840858</sln:gmIIPId><sln:gmIIPPn>PL.PZGIK.200</sln:gmIIPPn><sln:gmIIPWersja>2012-09-26T22:45:23+02:00</sln:gmIIPWersja><sln:gmIdTeryt>2203062</sln:gmIdTeryt><sln:gmNazwa>Przechlewo</sln:gmNazwa><sln:miejscIIPId>5acf96f4-1c3b-4c81-965d-b716ae640f74</sln:miejscIIPId><sln:miejscIIPPn>PL.PZGIK.200</sln:miejscIIPPn><sln:miejscIIPWersja>2016-11-24T12:23:17+02:00</sln:miejscIIPWersja><sln:miejscIdTeryt>0749755</sln:miejscIdTeryt><sln:miejscNazwa>Koprzywnica</sln:miejscNazwa><sln:miejscRodzaj>Osada</sln:miejscRodzaj><sln:powIIPId>a103670f-14b0-49b4-9984-e499dd7fb32e</sln:powIIPId><sln:powIIPPn>PL.PZGIK.200</sln:powIIPPn><sln:powIIPWersja>2012-09-27T09:33:51+02:00</sln:powIIPWersja><sln:powIdTeryt>2203</sln:powIdTeryt><sln:powNazwa>człuchowski</sln:powNazwa><sln:waznyOd>2014-03-13T00:00:00+01:00</sln:waznyOd><sln:wojIIPId>ece93e09-0215-42f3-8067-be0649f58d46</sln:wojIIPId><sln:wojIIPPn>PL.PZGIK.200</sln:wojIIPPn><sln:wojIIPWersja>2012-09-27T13:45:13+02:00</sln:wojIIPWersja><sln:wojIdTeryt>22</sln:wojIdTeryt><sln:wojNazwa>pomorskie</sln:wojNazwa></sln:miejscowosc><sln:miejscowosc><sln:cyklZyciaDo>2017-04-19T00:00:00+02:00</sln:cyklZyciaDo><sln:cyklZyciaOd>2016-01-27T00:00:00+01:00</sln:cyklZyciaOd><sln:gmIIPId>684d77c1-a527-4260-a060-9f21da840858</sln:gmIIPId><sln:gmIIPPn>PL.PZGIK.200</sln:gmIIPPn><sln:gmIIPWersja>2012-09-26T22:45:23+02:00</sln:gmIIPWersja><sln:gmIdTeryt>2203062</sln:gmIdTeryt><sln:gmNazwa>Przechlewo</sln:gmNazwa><sln:miejscIIPId>67cb82d4-0d77-41bc-ab08-0c722fe676cf</sln:miejscIIPId><sln:miejscIIPPn>PL.PZGIK.200</sln:miejscIIPPn><sln:miejscIIPWersja>2016-11-24T12:23:17+02:00</sln:miejscIIPWersja><sln:miejscIdTeryt>0749726</sln:miejscIdTeryt><sln:miejscNazwa>Krasne</sln:miejscNazwa><sln:miejscRodzaj>Kolonia</sln:miejscRodzaj><sln:powIIPId>a103670f-14b0-49b4-9984-e499dd7fb32e</sln:powIIPId><sln:powIIPPn>PL.PZGIK.200</sln:powIIPPn><sln:powIIPWersja>2012-09-27T09:33:51+02:00</sln:powIIPWersja><sln:powIdTeryt>2203</sln:powIdTeryt><sln:powNazwa>człuchowski</sln:powNazwa><sln:waznyOd>2013-09-19T00:00:00+02:00</sln:waznyOd><sln:wojIIPId>ece93e09-0215-42f3-8067-be0649f58d46</sln:wojIIPId><sln:wojIIPPn>PL.PZGIK.200</sln:wojIIPPn><sln:wojIIPWersja>2012-09-27T13:45:13+02:00</sln:wojIIPWersja><sln:wojIdTeryt>22</sln:wojIdTeryt><sln:wojNazwa>pomorskie</sln:wojNazwa></sln:miejscowosc><sln:miejscowosc><sln:cyklZyciaDo>2017-04-19T00:00:00+02:00</sln:cyklZyciaDo><sln:cyklZyciaOd>2016-01-27T00:00:00+01:00</sln:cyklZyciaOd><sln:gmIIPId>684d77c1-a527-4260-a060-9f21da840858</sln:gmIIPId><sln:gmIIPPn>PL.PZGIK.200</sln:gmIIPPn><sln:gmIIPWersja>2012-09-26T22:45:23+02:00</sln:gmIIPWersja><sln:gmIdTeryt>2203062</sln:gmIdTeryt><sln:gmNazwa>Przechlewo</sln:gmNazwa><sln:miejscIIPId>4e69d83f-18fa-422e-9fcb-67e0c289e12f</sln:miejscIIPId><sln:miejscIIPPn>PL.PZGIK.200</sln:miejscIIPPn><sln:miejscIIPWersja>2016-11-24T12:23:18+02:00</sln:miejscIIPWersja><sln:miejscIdTeryt>0749962</sln:miejscIdTeryt><sln:miejscNazwa>Lipczynek</sln:miejscNazwa><sln:miejscRodzaj>Osada leśna</sln:miejscRodzaj><sln:powIIPId>a103670f-14b0-49b4-9984-e499dd7fb32e</sln:powIIPId><sln:powIIPPn>PL.PZGIK.200</sln:powIIPPn><sln:powIIPWersja>2012-09-27T09:33:51+02:00</sln:powIIPWersja><sln:powIdTeryt>2203</sln:powIdTeryt><sln:powNazwa>człuchowski</sln:powNazwa><sln:waznyOd>2014-03-13T00:00:00+01:00</sln:waznyOd><sln:wojIIPId>ece93e09-0215-42f3-8067-be0649f58d46</sln:wojIIPId><sln:wojIIPPn>PL.PZGIK.200</sln:wojIIPPn><sln:wojIIPWersja>2012-09-27T13:45:13+02:00</sln:wojIIPWersja><sln:wojIdTeryt>22</sln:wojIdTeryt><sln:wojNazwa>pomorskie</sln:wojNazwa></sln:miejscowosc><sln:miejscowosc><sln:cyklZyciaDo>2017-04-19T00:00:00+02:00</sln:cyklZyciaDo><sln:cyklZyciaOd>2016-01-27T00:00:00+01:00</sln:cyklZyciaOd><sln:gmIIPId>684d77c1-a527-4260-a060-9f21da840858</sln:gmIIPId><sln:gmIIPPn>PL.PZGIK.200</sln:gmIIPPn><sln:gmIIPWersja>2012-09-26T22:45:23+02:00</sln:gmIIPWersja><sln:gmIdTeryt>2203062</sln:gmIdTeryt><sln:gmNazwa>Przechlewo</sln:gmNazwa><sln:miejscIIPId>e5ab05a8-0475-42f4-ac00-d474a892a708</sln:miejscIIPId><sln:miejscIIPPn>PL.PZGIK.200</sln:miejscIIPPn><sln:miejscIIPWersja>2016-11-24T12:23:17+02:00</sln:miejscIIPWersja><sln:miejscIdTeryt>0749672</sln:miejscIdTeryt><sln:miejscNazwa>Lisewo</sln:miejscNazwa><sln:miejscRodzaj>Wieś</sln:miejscRodzaj><sln:powIIPId>a103670f-14b0-49b4-9984-e499dd7fb32e</sln:powIIPId><sln:powIIPPn>PL.PZGIK.200</sln:powIIPPn><sln:powIIPWersja>2012-09-27T09:33:51+02:00</sln:powIIPWersja><sln:powIdTeryt>2203</sln:powIdTeryt><sln:powNazwa>człuchowski</sln:powNazwa><sln:waznyOd>2013-09-19T00:00:00+02:00</sln:waznyOd><sln:wojIIPId>ece93e09-0215-42f3-8067-be0649f58d46</sln:wojIIPId><sln:wojIIPPn>PL.PZGIK.200</sln:wojIIPPn><sln:wojIIPWersja>2012-09-27T13:45:13+02:00</sln:wojIIPWersja><sln:wojIdTeryt>22</sln:wojIdTeryt><sln:wojNazwa>pomorskie</sln:wojNazwa></sln:miejscowosc><sln:miejscowosc><sln:cyklZyciaDo>2017-04-19T00:00:00+02:00</sln:cyklZyciaDo><sln:cyklZyciaOd>2016-01-27T00:00:00+01:00</sln:cyklZyciaOd><sln:gmIIPId>684d77c1-a527-4260-a060-9f21da840858</sln:gmIIPId><sln:gmIIPPn>PL.PZGIK.200</sln:gmIIPPn><sln:gmIIPWersja>2012-09-26T22:45:23+02:00</sln:gmIIPWersja><sln:gmIdTeryt>2203062</sln:gmIdTeryt><sln:gmNazwa>Przechlewo</sln:gmNazwa><sln:miejscIIPId>7fd4ff1d-19b0-4986-a12a-7fb20215e70d</sln:miejscIIPId><sln:miejscIIPPn>PL.PZGIK.200</sln:miejscIIPPn><sln:miejscIIPWersja>2016-11-24T12:23:17+02:00</sln:miejscIIPWersja><sln:miejscIdTeryt>0749695</sln:miejscIdTeryt><sln:miejscNazwa>Łubianka</sln:miejscNazwa><sln:miejscRodzaj>Wieś</sln:miejscRodzaj><sln:powIIPId>a103670f-14b0-49b4-9984-e499dd7fb32e</sln:powIIPId><sln:powIIPPn>PL.PZGIK.200</sln:powIIPPn><sln:powIIPWersja>2012-09-27T09:33:51+02:00</sln:powIIPWersja><sln:powIdTeryt>2203</sln:powIdTeryt><sln:powNazwa>człuchowski</sln:powNazwa><sln:waznyOd>2013-09-19T00:00:00+02:00</sln:waznyOd><sln:wojIIPId>ece93e09-0215-42f3-8067-be0649f58d46</sln:wojIIPId><sln:wojIIPPn>PL.PZGIK.200</sln:wojIIPPn><sln:wojIIPWersja>2012-09-27T13:45:13+02:00</sln:wojIIPWersja><sln:wojIdTeryt>22</sln:wojIdTeryt><sln:wojNazwa>pomorskie</sln:wojNazwa></sln:miejscowosc><sln:miejscowosc><sln:cyklZyciaDo>2017-04-19T00:00:00+02:00</sln:cyklZyciaDo><sln:cyklZyciaOd>2016-01-27T00:00:00+01:00</sln:cyklZyciaOd><sln:gmIIPId>684d77c1-a527-4260-a060-9f21da840858</sln:gmIIPId><sln:gmIIPPn>PL.PZGIK.200</sln:gmIIPPn><sln:gmIIPWersja>2012-09-26T22:45:23+02:00</sln:gmIIPWersja><sln:gmIdTeryt>2203062</sln:gmIdTeryt><sln:gmNazwa>Przechlewo</sln:gmNazwa><sln:miejscIIPId>cf20a87e-77cf-4d1f-9953-71379ee39801</sln:miejscIIPId><sln:miejscIIPPn>PL.PZGIK.200</sln:miejscIIPPn><sln:miejscIIPWersja>2016-11-24T12:23:17+02:00</sln:miejscIIPWersja><sln:miejscIdTeryt>0749732</sln:miejscIdTeryt><sln:miejscNazwa>Miroszewo</sln:miejscNazwa><sln:miejscRodzaj>Osada</sln:miejscRodzaj><sln:powIIPId>a103670f-14b0-49b4-9984-e499dd7fb32e</sln:powIIPId><sln:powIIPPn>PL.PZGIK.200</sln:powIIPPn><sln:powIIPWersja>2012-09-27T09:33:51+02:00</sln:powIIPWersja><sln:powIdTeryt>2203</sln:powIdTeryt><sln:powNazwa>człuchowski</sln:powNazwa><sln:waznyOd>2014-03-13T00:00:00+01:00</sln:waznyOd><sln:wojIIPId>ece93e09-0215-42f3-8067-be0649f58d46</sln:wojIIPId><sln:wojIIPPn>PL.PZGIK.200</sln:wojIIPPn><sln:wojIIPWersja>2012-09-27T13:45:13+02:00</sln:wojIIPWersja><sln:wojIdTeryt>22</sln:wojIdTeryt><sln:wojNazwa>pomorskie</sln:wojNazwa></sln:miejscowosc><sln:miejscowosc><sln:cyklZyciaDo>2017-04-19T00:00:00+02:00</sln:cyklZyciaDo><sln:cyklZyciaOd>2016-01-27T00:00:00+01:00</sln:cyklZyciaOd><sln:gmIIPId>684d77c1-a527-4260-a060-9f21da840858</sln:gmIIPId><sln:gmIIPPn>PL.PZGIK.200</sln:gmIIPPn><sln:gmIIPWersja>2012-09-26T22:45:23+02:00</sln:gmIIPWersja><sln:gmIdTeryt>2203062</sln:gmIdTeryt><sln:gmNazwa>Przechlewo</sln:gmNazwa><sln:miejscIIPId>ffa9bc77-2af9-4d32-9400-3cd96e5c4666</sln:miejscIIPId><sln:miejscIIPPn>PL.PZGIK.200</sln:miejscIIPPn><sln:miejscIIPWersja>2016-11-24T12:23:17+02:00</sln:miejscIIPWersja><sln:miejscIdTeryt>0749821</sln:miejscIdTeryt><sln:miejscNazwa>Nowa Brda</sln:miejscNazwa><sln:miejscRodzaj>Osada</sln:miejscRodzaj><sln:powIIPId>a103670f-14b0-49b4-9984-e499dd7fb32e</sln:powIIPId><sln:powIIPPn>PL.PZGIK.200</sln:powIIPPn><sln:powIIPWersja>2012-09-27T09:33:51+02:00</sln:powIIPWersja><sln:powIdTeryt>2203</sln:powIdTeryt><sln:powNazwa>człuchowski</sln:powNazwa><sln:waznyOd>2014-03-13T00:00:00+01:00</sln:waznyOd><sln:wojIIPId>ece93e09-0215-42f3-8067-be0649f58d46</sln:wojIIPId><sln:wojIIPPn>PL.PZGIK.200</sln:wojIIPPn><sln:wojIIPWersja>2012-09-27T13:45:13+02:00</sln:wojIIPWersja><sln:wojIdTeryt>22</sln:wojIdTeryt><sln:wojNazwa>pomorskie</sln:wojNazwa></sln:miejscowosc><sln:miejscowosc><sln:cyklZyciaDo>2017-04-19T00:00:00+02:00</sln:cyklZyciaDo><sln:cyklZyciaOd>2016-01-27T00:00:00+01:00</sln:cyklZyciaOd><sln:gmIIPId>684d77c1-a527-4260-a060-9f21da840858</sln:gmIIPId><sln:gmIIPPn>PL.PZGIK.200</sln:gmIIPPn><sln:gmIIPWersja>2012-09-26T22:45:23+02:00</sln:gmIIPWersja><sln:gmIdTeryt>2203062</sln:gmIdTeryt><sln:gmNazwa>Przechlewo</sln:gmNazwa><sln:miejscIIPId>056676c8-b5eb-4d74-894e-ad95092efc3d</sln:miejscIIPId><sln:miejscIIPPn>PL.PZGIK.200</sln:miejscIIPPn><sln:miejscIIPWersja>2016-11-24T12:23:17+02:00</sln:miejscIIPWersja><sln:miejscIdTeryt>0749703</sln:miejscIdTeryt><sln:miejscNazwa>Nowa Wieś</sln:miejscNazwa><sln:miejscRodzaj>Wieś</sln:miejscRodzaj><sln:powIIPId>a103670f-14b0-49b4-9984-e499dd7fb32e</sln:powIIPId><sln:powIIPPn>PL.PZGIK.200</sln:powIIPPn><sln:powIIPWersja>2012-09-27T09:33:51+02:00</sln:powIIPWersja><sln:powIdTeryt>2203</sln:powIdTeryt><sln:powNazwa>człuchowski</sln:powNazwa><sln:waznyOd>2013-09-19T00:00:00+02:00</sln:waznyOd><sln:wojIIPId>ece93e09-0215-42f3-8067-be0649f58d46</sln:wojIIPId><sln:wojIIPPn>PL.PZGIK.200</sln:wojIIPPn><sln:wojIIPWersja>2012-09-27T13:45:13+02:00</sln:wojIIPWersja><sln:wojIdTeryt>22</sln:wojIdTeryt><sln:wojNazwa>pomorskie</sln:wojNazwa></sln:miejscowosc><sln:miejscowosc><sln:cyklZyciaDo>2017-04-19T00:00:00+02:00</sln:cyklZyciaDo><sln:cyklZyciaOd>2016-01-27T00:00:00+01:00</sln:cyklZyciaOd><sln:gmIIPId>684d77c1-a527-4260-a060-9f21da840858</sln:gmIIPId><sln:gmIIPPn>PL.PZGIK.200</sln:gmIIPPn><sln:gmIIPWersja>2012-09-26T22:45:23+02:00</sln:gmIIPWersja><sln:gmIdTeryt>2203062</sln:gmIdTeryt><sln:gmNazwa>Przechlewo</sln:gmNazwa><sln:miejscIIPId>22fd97d7-be36-4c33-8120-a275b15e7f0a</sln:miejscIIPId><sln:miejscIIPPn>PL.PZGIK.200</sln:miejscIIPPn><sln:miejscIIPWersja>2016-11-24T12:23:17+02:00</sln:miejscIIPWersja><sln:miejscIdTeryt>0749784</sln:miejscIdTeryt><sln:miejscNazwa>Nowiny</sln:miejscNazwa><sln:miejscRodzaj>Kolonia</sln:miejscRodzaj><sln:powIIPId>a103670f-14b0-49b4-9984-e499dd7fb32e</sln:powIIPId><sln:powIIPPn>PL.PZGIK.200</sln:powIIPPn><sln:powIIPWersja>2012-09-27T09:33:51+02:00</sln:powIIPWersja><sln:powIdTeryt>2203</sln:powIdTeryt><sln:powNazwa>człuchowski</sln:powNazwa><sln:waznyOd>2013-09-19T00:00:00+02:00</sln:waznyOd><sln:wojIIPId>ece93e09-0215-42f3-8067-be0649f58d46</sln:wojIIPId><sln:wojIIPPn>PL.PZGIK.200</sln:wojIIPPn><sln:wojIIPWersja>2012-09-27T13:45:13+02:00</sln:wojIIPWersja><sln:wojIdTeryt>22</sln:wojIdTeryt><sln:wojNazwa>pomorskie</sln:wojNazwa></sln:miejscowosc><sln:miejscowosc><sln:cyklZyciaDo>2017-04-19T00:00:00+02:00</sln:cyklZyciaDo><sln:cyklZyciaOd>2016-01-27T00:00:00+01:00</sln:cyklZyciaOd><sln:gmIIPId>684d77c1-a527-4260-a060-9f21da840858</sln:gmIIPId><sln:gmIIPPn>PL.PZGIK.200</sln:gmIIPPn><sln:gmIIPWersja>2012-09-26T22:45:23+02:00</sln:gmIIPWersja><sln:gmIdTeryt>2203062</sln:gmIdTeryt><sln:gmNazwa>Przechlewo</sln:gmNazwa><sln:miejscIIPId>74d8d263-e2fd-44ef-8156-a0f1db774097</sln:miejscIIPId><sln:miejscIIPPn>PL.PZGIK.200</sln:miejscIIPPn><sln:miejscIIPWersja>2016-11-24T12:23:17+02:00</sln:miejscIIPWersja><sln:miejscIdTeryt>0749749</sln:miejscIdTeryt><sln:miejscNazwa>Pakotulsko</sln:miejscNazwa><sln:miejscRodzaj>Osada</sln:miejscRodzaj><sln:powIIPId>a103670f-14b0-49b4-9984-e499dd7fb32e</sln:powIIPId><sln:powIIPPn>PL.PZGIK.200</sln:powIIPPn><sln:powIIPWersja>2012-09-27T09:33:51+02:00</sln:powIIPWersja><sln:powIdTeryt>2203</sln:powIdTeryt><sln:powNazwa>człuchowski</sln:powNazwa><sln:waznyOd>2013-09-19T00:00:00+02:00</sln:waznyOd><sln:wojIIPId>ece93e09-0215-42f3-8067-be0649f58d46</sln:wojIIPId><sln:wojIIPPn>PL.PZGIK.200</sln:wojIIPPn><sln:wojIIPWersja>2012-09-27T13:45:13+02:00</sln:wojIIPWersja><sln:wojIdTeryt>22</sln:wojIdTeryt><sln:wojNazwa>pomorskie</sln:wojNazwa></sln:miejscowosc><sln:miejscowosc><sln:cyklZyciaDo>2017-04-19T00:00:00+02:00</sln:cyklZyciaDo><sln:cyklZyciaOd>2016-01-27T00:00:00+01:00</sln:cyklZyciaOd><sln:gmIIPId>684d77c1-a527-4260-a060-9f21da840858</sln:gmIIPId><sln:gmIIPPn>PL.PZGIK.200</sln:gmIIPPn><sln:gmIIPWersja>2012-09-26T22:45:23+02:00</sln:gmIIPWersja><sln:gmIdTeryt>2203062</sln:gmIdTeryt><sln:gmNazwa>Przechlewo</sln:gmNazwa><sln:miejscIIPId>84e976f4-7896-4d49-8277-bb5a1d3daadb</sln:miejscIIPId><sln:miejscIIPPn>PL.PZGIK.200</sln:miejscIIPPn><sln:miejscIIPWersja>2016-11-24T12:23:17+02:00</sln:miejscIIPWersja><sln:miejscIdTeryt>0749761</sln:miejscIdTeryt><sln:miejscNazwa>Pawłówko</sln:miejscNazwa><sln:miejscRodzaj>Wieś</sln:miejscRodzaj><sln:powIIPId>a103670f-14b0-49b4-9984-e499dd7fb32e</sln:powIIPId><sln:powIIPPn>PL.PZGIK.200</sln:powIIPPn><sln:powIIPWersja>2012-09-27T09:33:51+02:00</sln:powIIPWersja><sln:powIdTeryt>2203</sln:powIdTeryt><sln:powNazwa>człuchowski</sln:powNazwa><sln:waznyOd>2013-09-19T00:00:00+02:00</sln:waznyOd><sln:wojIIPId>ece93e09-0215-42f3-8067-be0649f58d46</sln:wojIIPId><sln:wojIIPPn>PL.PZGIK.200</sln:wojIIPPn><sln:wojIIPWersja>2012-09-27T13:45:13+02:00</sln:wojIIPWersja><sln:wojIdTeryt>22</sln:wojIdTeryt><sln:wojNazwa>pomorskie</sln:wojNazwa></sln:miejscowosc><sln:miejscowosc><sln:cyklZyciaDo>2017-04-19T00:00:00+02:00</sln:cyklZyciaDo><sln:cyklZyciaOd>2016-01-27T00:00:00+01:00</sln:cyklZyciaOd><sln:gmIIPId>684d77c1-a527-4260-a060-9f21da840858</sln:gmIIPId><sln:gmIIPPn>PL.PZGIK.200</sln:gmIIPPn><sln:gmIIPWersja>2012-09-26T22:45:23+02:00</sln:gmIIPWersja><sln:gmIdTeryt>2203062</sln:gmIdTeryt><sln:gmNazwa>Przechlewo</sln:gmNazwa><sln:miejscIIPId>4379dc3f-3bc5-4e4b-b8c9-02062aa72bc1</sln:miejscIIPId><sln:miejscIIPPn>PL.PZGIK.200</sln:miejscIIPPn><sln:miejscIIPWersja>2016-11-24T12:23:17+02:00</sln:miejscIIPWersja><sln:miejscIdTeryt>0749809</sln:miejscIdTeryt><sln:miejscNazwa>Płaszczyca</sln:miejscNazwa><sln:miejscRodzaj>Osada</sln:miejscRodzaj><sln:powIIPId>a103670f-14b0-49b4-9984-e499dd7fb32e</sln:powIIPId><sln:powIIPPn>PL.PZGIK.200</sln:powIIPPn><sln:powIIPWersja>2012-09-27T09:33:51+02:00</sln:powIIPWersja><sln:powIdTeryt>2203</sln:powIdTeryt><sln:powNazwa>człuchowski</sln:powNazwa><sln:waznyOd>2013-09-19T00:00:00+02:00</sln:waznyOd><sln:wojIIPId>ece93e09-0215-42f3-8067-be0649f58d46</sln:wojIIPId><sln:wojIIPPn>PL.PZGIK.200</sln:wojIIPPn><sln:wojIIPWersja>2012-09-27T13:45:13+02:00</sln:wojIIPWersja><sln:wojIdTeryt>22</sln:wojIdTeryt><sln:wojNazwa>pomorskie</sln:wojNazwa></sln:miejscowosc><sln:miejscowosc><sln:cyklZyciaDo>2017-04-19T00:00:00+02:00</sln:cyklZyciaDo><sln:cyklZyciaOd>2016-01-27T00:00:00+01:00</sln:cyklZyciaOd><sln:gmIIPId>684d77c1-a527-4260-a060-9f21da840858</sln:gmIIPId><sln:gmIIPPn>PL.PZGIK.200</sln:gmIIPPn><sln:gmIIPWersja>2012-09-26T22:45:23+02:00</sln:gmIIPWersja><sln:gmIdTeryt>2203062</sln:gmIdTeryt><sln:gmNazwa>Przechlewo</sln:gmNazwa><sln:miejscIIPId>12250a3c-febc-4b15-bd9f-4d88bb630e87</sln:miejscIIPId><sln:miejscIIPPn>PL.PZGIK.200</sln:miejscIIPPn><sln:miejscIIPWersja>2016-11-24T12:23:17+02:00</sln:miejscIIPWersja><sln:miejscIdTeryt>0749815</sln:miejscIdTeryt><sln:miejscNazwa>Przechlewko</sln:miejscNazwa><sln:miejscRodzaj>Wieś</sln:miejscRodzaj><sln:powIIPId>a103670f-14b0-49b4-9984-e499dd7fb32e</sln:powIIPId><sln:powIIPPn>PL.PZGIK.200</sln:powIIPPn><sln:powIIPWersja>2012-09-27T09:33:51+02:00</sln:powIIPWersja><sln:powIdTeryt>2203</sln:powIdTeryt><sln:powNazwa>człuchowski</sln:powNazwa><sln:waznyOd>2013-09-19T00:00:00+02:00</sln:waznyOd><sln:wojIIPId>ece93e09-0215-42f3-8067-be0649f58d46</sln:wojIIPId><sln:wojIIPPn>PL.PZGIK.200</sln:wojIIPPn><sln:wojIIPWersja>2012-09-27T13:45:13+02:00</sln:wojIIPWersja><sln:wojIdTeryt>22</sln:wojIdTeryt><sln:wojNazwa>pomorskie</sln:wojNazwa></sln:miejscowosc><sln:miejscowosc><sln:cyklZyciaDo>2017-04-19T00:00:00+02:00</sln:cyklZyciaDo><sln:cyklZyciaOd>2016-01-27T00:00:00+01:00</sln:cyklZyciaOd><sln:gmIIPId>684d77c1-a527-4260-a060-9f21da840858</sln:gmIIPId><sln:gmIIPPn>PL.PZGIK.200</sln:gmIIPPn><sln:gmIIPWersja>2012-09-26T22:45:23+02:00</sln:gmIIPWersja><sln:gmIdTeryt>2203062</sln:gmIdTeryt><sln:gmNazwa>Przechlewo</sln:gmNazwa><sln:miejscIIPId>47b9a516-1ec5-4f98-ab2d-ec22aa606e6f</sln:miejscIIPId><sln:miejscIIPPn>PL.PZGIK.200</sln:miejscIIPPn><sln:miejscIIPWersja>2016-11-24T12:23:17+02:00</sln:miejscIIPWersja><sln:miejscIdTeryt>0749838</sln:miejscIdTeryt><sln:miejscNazwa>Przechlewko (leśniczówka)</sln:miejscNazwa><sln:miejscRodzaj>Osada leśna</sln:miejscRodzaj><sln:powIIPId>a103670f-14b0-49b4-9984-e499dd7fb32e</sln:powIIPId><sln:powIIPPn>PL.PZGIK.200</sln:powIIPPn><sln:powIIPWersja>2012-09-27T09:33:51+02:00</sln:powIIPWersja><sln:powIdTeryt>2203</sln:powIdTeryt><sln:powNazwa>człuchowski</sln:powNazwa><sln:waznyOd>2014-03-13T00:00:00+01:00</sln:waznyOd><sln:wojIIPId>ece93e09-0215-42f3-8067-be0649f58d46</sln:wojIIPId><sln:wojIIPPn>PL.PZGIK.200</sln:wojIIPPn><sln:wojIIPWersja>2012-09-27T13:45:13+02:00</sln:wojIIPWersja><sln:wojIdTeryt>22</sln:wojIdTeryt><sln:wojNazwa>pomorskie</sln:wojNazwa></sln:miejscowosc><sln:miejscowosc><sln:cyklZyciaDo>2017-04-19T00:00:00+02:00</sln:cyklZyciaDo><sln:cyklZyciaOd>2016-01-27T00:00:00+01:00</sln:cyklZyciaOd><sln:gmIIPId>684d77c1-a527-4260-a060-9f21da840858</sln:gmIIPId><sln:gmIIPPn>PL.PZGIK.200</sln:gmIIPPn><sln:gmIIPWersja>2012-09-26T22:45:23+02:00</sln:gmIIPWersja><sln:gmIdTeryt>2203062</sln:gmIdTeryt><sln:gmNazwa>Przechlewo</sln:gmNazwa><sln:miejscIIPId>76aea1aa-4ab8-4a0d-b151-8661813cc3c4</sln:miejscIIPId><sln:miejscIIPPn>PL.PZGIK.200</sln:miejscIIPPn><sln:miejscIIPWersja>2016-11-24T12:23:17+02:00</sln:miejscIIPWersja><sln:miejscIdTeryt>0749844</sln:miejscIdTeryt><sln:miejscNazwa>Przechlewo</sln:miejscNazwa><sln:miejscRodzaj>Wieś</sln:miejscRodzaj><sln:powIIPId>a103670f-14b0-49b4-9984-e499dd7fb32e</sln:powIIPId><sln:powIIPPn>PL.PZGIK.200</sln:powIIPPn><sln:powIIPWersja>2012-09-27T09:33:51+02:00</sln:powIIPWersja><sln:powIdTeryt>2203</sln:powIdTeryt><sln:powNazwa>człuchowski</sln:powNazwa><sln:waznyOd>2013-09-19T00:00:00+02:00</sln:waznyOd><sln:wojIIPId>ece93e09-0215-42f3-8067-be0649f58d46</sln:wojIIPId><sln:wojIIPPn>PL.PZGIK.200</sln:wojIIPPn><sln:wojIIPWersja>2012-09-27T13:45:13+02:00</sln:wojIIPWersja><sln:wojIdTeryt>22</sln:wojIdTeryt><sln:wojNazwa>pomorskie</sln:wojNazwa></sln:miejscowosc><sln:miejscowosc><sln:cyklZyciaDo>2017-04-19T00:00:00+02:00</sln:cyklZyciaDo><sln:cyklZyciaOd>2016-01-27T00:00:00+01:00</sln:cyklZyciaOd><sln:gmIIPId>684d77c1-a527-4260-a060-9f21da840858</sln:gmIIPId><sln:gmIIPPn>PL.PZGIK.200</sln:gmIIPPn><sln:gmIIPWersja>2012-09-26T22:45:23+02:00</sln:gmIIPWersja><sln:gmIdTeryt>2203062</sln:gmIdTeryt><sln:gmNazwa>Przechlewo</sln:gmNazwa><sln:miejscIIPId>6fad6296-219a-4d85-9184-854c34ccd727</sln:miejscIIPId><sln:miejscIIPPn>PL.PZGIK.200</sln:miejscIIPPn><sln:miejscIIPWersja>2016-11-24T12:23:17+02:00</sln:miejscIIPWersja><sln:miejscIdTeryt>0749850</sln:miejscIdTeryt><sln:miejscNazwa>Rudniki</sln:miejscNazwa><sln:miejscRodzaj>Wieś</sln:miejscRodzaj><sln:powIIPId>a103670f-14b0-49b4-9984-e499dd7fb32e</sln:powIIPId><sln:powIIPPn>PL.PZGIK.200</sln:powIIPPn><sln:powIIPWersja>2012-09-27T09:33:51+02:00</sln:powIIPWersja><sln:powIdTeryt>2203</sln:powIdTeryt><sln:powNazwa>człuchowski</sln:powNazwa><sln:waznyOd>2013-09-19T00:00:00+02:00</sln:waznyOd><sln:wojIIPId>ece93e09-0215-42f3-8067-be0649f58d46</sln:wojIIPId><sln:wojIIPPn>PL.PZGIK.200</sln:wojIIPPn><sln:wojIIPWersja>2012-09-27T13:45:13+02:00</sln:wojIIPWersja><sln:wojIdTeryt>22</sln:wojIdTeryt><sln:wojNazwa>pomorskie</sln:wojNazwa></sln:miejscowosc><sln:miejscowosc><sln:cyklZyciaDo>2017-04-19T00:00:00+02:00</sln:cyklZyciaDo><sln:cyklZyciaOd>2016-01-27T00:00:00+01:00</sln:cyklZyciaOd><sln:gmIIPId>684d77c1-a527-4260-a060-9f21da840858</sln:gmIIPId><sln:gmIIPPn>PL.PZGIK.200</sln:gmIIPPn><sln:gmIIPWersja>2012-09-26T22:45:23+02:00</sln:gmIIPWersja><sln:gmIdTeryt>2203062</sln:gmIdTeryt><sln:gmNazwa>Przechlewo</sln:gmNazwa><sln:miejscIIPId>fb610a8e-1e2c-4965-95bd-75af9aaa048d</sln:miejscIIPId><sln:miejscIIPPn>PL.PZGIK.200</sln:miejscIIPPn><sln:miejscIIPWersja>2016-11-24T12:23:17+02:00</sln:miejscIIPWersja><sln:miejscIdTeryt>0749867</sln:miejscIdTeryt><sln:miejscNazwa>Sąpolno</sln:miejscNazwa><sln:miejscRodzaj>Wieś</sln:miejscRodzaj><sln:powIIPId>a103670f-14b0-49b4-9984-e499dd7fb32e</sln:powIIPId><sln:powIIPPn>PL.PZGIK.200</sln:powIIPPn><sln:powIIPWersja>2012-09-27T09:33:51+02:00</sln:powIIPWersja><sln:powIdTeryt>2203</sln:powIdTeryt><sln:powNazwa>człuchowski</sln:powNazwa><sln:waznyOd>2013-09-19T00:00:00+02:00</sln:waznyOd><sln:wojIIPId>ece93e09-0215-42f3-8067-be0649f58d46</sln:wojIIPId><sln:wojIIPPn>PL.PZGIK.200</sln:wojIIPPn><sln:wojIIPWersja>2012-09-27T13:45:13+02:00</sln:wojIIPWersja><sln:wojIdTeryt>22</sln:wojIdTeryt><sln:wojNazwa>pomorskie</sln:wojNazwa></sln:miejscowosc><sln:miejscowosc><sln:cyklZyciaDo>2017-04-19T00:00:00+02:00</sln:cyklZyciaDo><sln:cyklZyciaOd>2016-01-27T00:00:00+01:00</sln:cyklZyciaOd><sln:gmIIPId>684d77c1-a527-4260-a060-9f21da840858</sln:gmIIPId><sln:gmIIPPn>PL.PZGIK.200</sln:gmIIPPn><sln:gmIIPWersja>2012-09-26T22:45:23+02:00</sln:gmIIPWersja><sln:gmIdTeryt>2203062</sln:gmIdTeryt><sln:gmNazwa>Przechlewo</sln:gmNazwa><sln:miejscIIPId>e657a0b8-8891-4eea-b50c-1654e570d6f2</sln:miejscIIPId><sln:miejscIIPPn>PL.PZGIK.200</sln:miejscIIPPn><sln:miejscIIPWersja>2016-11-24T12:23:18+02:00</sln:miejscIIPWersja><sln:miejscIdTeryt>0749896</sln:miejscIdTeryt><sln:miejscNazwa>Suszka</sln:miejscNazwa><sln:miejscRodzaj>Osada</sln:miejscRodzaj><sln:powIIPId>a103670f-14b0-49b4-9984-e499dd7fb32e</sln:powIIPId><sln:powIIPPn>PL.PZGIK.200</sln:powIIPPn><sln:powIIPWersja>2012-09-27T09:33:51+02:00</sln:powIIPWersja><sln:powIdTeryt>2203</sln:powIdTeryt><sln:powNazwa>człuchowski</sln:powNazwa><sln:waznyOd>2014-03-13T00:00:00+01:00</sln:waznyOd><sln:wojIIPId>ece93e09-0215-42f3-8067-be0649f58d46</sln:wojIIPId><sln:wojIIPPn>PL.PZGIK.200</sln:wojIIPPn><sln:wojIIPWersja>2012-09-27T13:45:13+02:00</sln:wojIIPWersja><sln:wojIdTeryt>22</sln:wojIdTeryt><sln:wojNazwa>pomorskie</sln:wojNazwa></sln:miejscowosc><sln:miejscowosc><sln:cyklZyciaDo>2017-04-19T00:00:00+02:00</sln:cyklZyciaDo><sln:cyklZyciaOd>2016-01-27T00:00:00+01:00</sln:cyklZyciaOd><sln:gmIIPId>684d77c1-a527-4260-a060-9f21da840858</sln:gmIIPId><sln:gmIIPPn>PL.PZGIK.200</sln:gmIIPPn><sln:gmIIPWersja>2012-09-26T22:45:23+02:00</sln:gmIIPWersja><sln:gmIdTeryt>2203062</sln:gmIdTeryt><sln:gmNazwa>Przechlewo</sln:gmNazwa><sln:miejscIIPId>484e4174-bd67-4494-a9f3-f76039586bb1</sln:miejscIIPId><sln:miejscIIPPn>PL.PZGIK.200</sln:miejscIIPPn><sln:miejscIIPWersja>2016-11-24T12:23:18+02:00</sln:miejscIIPWersja><sln:miejscIdTeryt>0749927</sln:miejscIdTeryt><sln:miejscNazwa>Szczytno</sln:miejscNazwa><sln:miejscRodzaj>Osada</sln:miejscRodzaj><sln:powIIPId>a103670f-14b0-49b4-9984-e499dd7fb32e</sln:powIIPId><sln:powIIPPn>PL.PZGIK.200</sln:powIIPPn><sln:powIIPWersja>2012-09-27T09:33:51+02:00</sln:powIIPWersja><sln:powIdTeryt>2203</sln:powIdTeryt><sln:powNazwa>człuchowski</sln:powNazwa><sln:waznyOd>2014-03-13T00:00:00+01:00</sln:waznyOd><sln:wojIIPId>ece93e09-0215-42f3-8067-be0649f58d46</sln:wojIIPId><sln:wojIIPPn>PL.PZGIK.200</sln:wojIIPPn><sln:wojIIPWersja>2012-09-27T13:45:13+02:00</sln:wojIIPWersja><sln:wojIdTeryt>22</sln:wojIdTeryt><sln:wojNazwa>pomorskie</sln:wojNazwa></sln:miejscowosc><sln:miejscowosc><sln:cyklZyciaDo>2017-04-19T00:00:00+02:00</sln:cyklZyciaDo><sln:cyklZyciaOd>2016-01-27T00:00:00+01:00</sln:cyklZyciaOd><sln:gmIIPId>684d77c1-a527-4260-a060-9f21da840858</sln:gmIIPId><sln:gmIIPPn>PL.PZGIK.200</sln:gmIIPPn><sln:gmIIPWersja>2012-09-26T22:45:23+02:00</sln:gmIIPWersja><sln:gmIdTeryt>2203062</sln:gmIdTeryt><sln:gmNazwa>Przechlewo</sln:gmNazwa><sln:miejscIIPId>b6e14289-1daa-4e5c-873e-7b914af08d05</sln:miejscIIPId><sln:miejscIIPPn>PL.PZGIK.200</sln:miejscIIPPn><sln:miejscIIPWersja>2016-11-24T12:23:18+02:00</sln:miejscIIPWersja><sln:miejscIdTeryt>0749979</sln:miejscIdTeryt><sln:miejscNazwa>Szyszka</sln:miejscNazwa><sln:miejscRodzaj>Osada leśna</sln:miejscRodzaj><sln:powIIPId>a103670f-14b0-49b4-9984-e499dd7fb32e</sln:powIIPId><sln:powIIPPn>PL.PZGIK.200</sln:powIIPPn><sln:powIIPWersja>2012-09-27T09:33:51+02:00</sln:powIIPWersja><sln:powIdTeryt>2203</sln:powIdTeryt><sln:powNazwa>człuchowski</sln:powNazwa><sln:waznyOd>2014-03-13T00:00:00+01:00</sln:waznyOd><sln:wojIIPId>ece93e09-0215-42f3-8067-be0649f58d46</sln:wojIIPId><sln:wojIIPPn>PL.PZGIK.200</sln:wojIIPPn><sln:wojIIPWersja>2012-09-27T13:45:13+02:00</sln:wojIIPWersja><sln:wojIdTeryt>22</sln:wojIdTeryt><sln:wojNazwa>pomorskie</sln:wojNazwa></sln:miejscowosc><sln:miejscowosc><sln:cyklZyciaDo>2017-04-19T00:00:00+02:00</sln:cyklZyciaDo><sln:cyklZyciaOd>2016-01-27T00:00:00+01:00</sln:cyklZyciaOd><sln:gmIIPId>684d77c1-a527-4260-a060-9f21da840858</sln:gmIIPId><sln:gmIIPPn>PL.PZGIK.200</sln:gmIIPPn><sln:gmIIPWersja>2012-09-26T22:45:23+02:00</sln:gmIIPWersja><sln:gmIdTeryt>2203062</sln:gmIdTeryt><sln:gmNazwa>Przechlewo</sln:gmNazwa><sln:miejscIIPId>efc84990-97d1-41fc-8263-fb08da1a6d54</sln:miejscIIPId><sln:miejscIIPPn>PL.PZGIK.200</sln:miejscIIPPn><sln:miejscIIPWersja>2016-11-24T12:23:18+02:00</sln:miejscIIPWersja><sln:miejscIdTeryt>0749904</sln:miejscIdTeryt><sln:miejscNazwa>Trzęsacz</sln:miejscNazwa><sln:miejscRodzaj>Osada leśna</sln:miejscRodzaj><sln:powIIPId>a103670f-14b0-49b4-9984-e499dd7fb32e</sln:powIIPId><sln:powIIPPn>PL.PZGIK.200</sln:powIIPPn><sln:powIIPWersja>2012-09-27T09:33:51+02:00</sln:powIIPWersja><sln:powIdTeryt>2203</sln:powIdTeryt><sln:powNazwa>człuchowski</sln:powNazwa><sln:waznyOd>2014-03-13T00:00:00+01:00</sln:waznyOd><sln:wojIIPId>ece93e09-0215-42f3-8067-be0649f58d46</sln:wojIIPId><sln:wojIIPPn>PL.PZGIK.200</sln:wojIIPPn><sln:wojIIPWersja>2012-09-27T13:45:13+02:00</sln:wojIIPWersja><sln:wojIdTeryt>22</sln:wojIdTeryt><sln:wojNazwa>pomorskie</sln:wojNazwa></sln:miejscowosc><sln:miejscowosc><sln:cyklZyciaDo>2017-04-19T00:00:00+02:00</sln:cyklZyciaDo><sln:cyklZyciaOd>2016-01-27T00:00:00+01:00</sln:cyklZyciaOd><sln:gmIIPId>684d77c1-a527-4260-a060-9f21da840858</sln:gmIIPId><sln:gmIIPPn>PL.PZGIK.200</sln:gmIIPPn><sln:gmIIPWersja>2012-09-26T22:45:23+02:00</sln:gmIIPWersja><sln:gmIdTeryt>2203062</sln:gmIdTeryt><sln:gmNazwa>Przechlewo</sln:gmNazwa><sln:miejscIIPId>932f080b-6b08-4347-901a-7e9ebde061ed</sln:miejscIIPId><sln:miejscIIPPn>PL.PZGIK.200</sln:miejscIIPPn><sln:miejscIIPWersja>2016-11-24T12:23:17+02:00</sln:miejscIIPWersja><sln:miejscIdTeryt>0749790</sln:miejscIdTeryt><sln:miejscNazwa>Wandzin</sln:miejscNazwa><sln:miejscRodzaj>Osada</sln:miejscRodzaj><sln:powIIPId>a103670f-14b0-49b4-9984-e499dd7fb32e</sln:powIIPId><sln:powIIPPn>PL.PZGIK.200</sln:powIIPPn><sln:powIIPWersja>2012-09-27T09:33:51+02:00</sln:powIIPWersja><sln:powIdTeryt>2203</sln:powIdTeryt><sln:powNazwa>człuchowski</sln:powNazwa><sln:waznyOd>2014-03-13T00:00:00+01:00</sln:waznyOd><sln:wojIIPId>ece93e09-0215-42f3-8067-be0649f58d46</sln:wojIIPId><sln:wojIIPPn>PL.PZGIK.200</sln:wojIIPPn><sln:wojIIPWersja>2012-09-27T13:45:13+02:00</sln:wojIIPWersja><sln:wojIdTeryt>22</sln:wojIdTeryt><sln:wojNazwa>pomorskie</sln:wojNazwa></sln:miejscowosc><sln:miejscowosc><sln:cyklZyciaDo>2017-04-19T00:00:00+02:00</sln:cyklZyciaDo><sln:cyklZyciaOd>2016-01-27T00:00:00+01:00</sln:cyklZyciaOd><sln:gmIIPId>684d77c1-a527-4260-a060-9f21da840858</sln:gmIIPId><sln:gmIIPPn>PL.PZGIK.200</sln:gmIIPPn><sln:gmIIPWersja>2012-09-26T22:45:23+02:00</sln:gmIIPWersja><sln:gmIdTeryt>2203062</sln:gmIdTeryt><sln:gmNazwa>Przechlewo</sln:gmNazwa><sln:miejscIIPId>e9dffc29-b56a-4067-afec-e7a0f9e3210c</sln:miejscIIPId><sln:miejscIIPPn>PL.PZGIK.200</sln:miejscIIPPn><sln:miejscIIPWersja>2016-11-24T12:23:18+02:00</sln:miejscIIPWersja><sln:miejscIdTeryt>0749910</sln:miejscIdTeryt><sln:miejscNazwa>Wiśnica</sln:miejscNazwa><sln:miejscRodzaj>Osada leśna</sln:miejscRodzaj><sln:powIIPId>a103670f-14b0-49b4-9984-e499dd7fb32e</sln:powIIPId><sln:powIIPPn>PL.PZGIK.200</sln:powIIPPn><sln:powIIPWersja>2012-09-27T09:33:51+02:00</sln:powIIPWersja><sln:powIdTeryt>2203</sln:powIdTeryt><sln:powNazwa>człuchowski</sln:powNazwa><sln:waznyOd>2014-03-13T00:00:00+01:00</sln:waznyOd><sln:wojIIPId>ece93e09-0215-42f3-8067-be0649f58d46</sln:wojIIPId><sln:wojIIPPn>PL.PZGIK.200</sln:wojIIPPn><sln:wojIIPWersja>2012-09-27T13:45:13+02:00</sln:wojIIPWersja><sln:wojIdTeryt>22</sln:wojIdTeryt><sln:wojNazwa>pomorskie</sln:wojNazwa></sln:miejscowosc><sln:miejscowosc><sln:cyklZyciaDo>2017-04-19T00:00:00+02:00</sln:cyklZyciaDo><sln:cyklZyciaOd>2016-01-27T00:00:00+01:00</sln:cyklZyciaOd><sln:gmIIPId>684d77c1-a527-4260-a060-9f21da840858</sln:gmIIPId><sln:gmIIPPn>PL.PZGIK.200</sln:gmIIPPn><sln:gmIIPWersja>2012-09-26T22:45:23+02:00</sln:gmIIPWersja><sln:gmIdTeryt>2203062</sln:gmIdTeryt><sln:gmNazwa>Przechlewo</sln:gmNazwa><sln:miejscIIPId>23528171-edbb-4fca-aec6-ff454889fa62</sln:miejscIIPId><sln:miejscIIPPn>PL.PZGIK.200</sln:miejscIIPPn><sln:miejscIIPWersja>2016-11-24T12:23:18+02:00</sln:miejscIIPWersja><sln:miejscIdTeryt>0749940</sln:miejscIdTeryt><sln:miejscNazwa>Zawada</sln:miejscNazwa><sln:miejscRodzaj>Osada</sln:miejscRodzaj><sln:powIIPId>a103670f-14b0-49b4-9984-e499dd7fb32e</sln:powIIPId><sln:powIIPPn>PL.PZGIK.200</sln:powIIPPn><sln:powIIPWersja>2012-09-27T09:33:51+02:00</sln:powIIPWersja><sln:powIdTeryt>2203</sln:powIdTeryt><sln:powNazwa>człuchowski</sln:powNazwa><sln:waznyOd>2014-03-13T00:00:00+01:00</sln:waznyOd><sln:wojIIPId>ece93e09-0215-42f3-8067-be0649f58d46</sln:wojIIPId><sln:wojIIPPn>PL.PZGIK.200</sln:wojIIPPn><sln:wojIIPWersja>2012-09-27T13:45:13+02:00</sln:wojIIPWersja><sln:wojIdTeryt>22</sln:wojIdTeryt><sln:wojNazwa>pomorskie</sln:wojNazwa></sln:miejscowosc><sln:miejscowosc><sln:cyklZyciaDo>2017-04-19T00:00:00+02:00</sln:cyklZyciaDo><sln:cyklZyciaOd>2016-01-27T00:00:00+01:00</sln:cyklZyciaOd><sln:gmIIPId>684d77c1-a527-4260-a060-9f21da840858</sln:gmIIPId><sln:gmIIPPn>PL.PZGIK.200</sln:gmIIPPn><sln:gmIIPWersja>2012-09-26T22:45:23+02:00</sln:gmIIPWersja><sln:gmIdTeryt>2203062</sln:gmIdTeryt><sln:gmNazwa>Przechlewo</sln:gmNazwa><sln:miejscIIPId>e1107430-0111-4415-8559-7d01f6e0269e</sln:miejscIIPId><sln:miejscIIPPn>PL.PZGIK.200</sln:miejscIIPPn><sln:miejscIIPWersja>2016-11-24T12:23:18+02:00</sln:miejscIIPWersja><sln:miejscIdTeryt>0749880</sln:miejscIdTeryt><sln:miejscNazwa>Zdrójki</sln:miejscNazwa><sln:miejscRodzaj>Kolonia</sln:miejscRodzaj><sln:powIIPId>a103670f-14b0-49b4-9984-e499dd7fb32e</sln:powIIPId><sln:powIIPPn>PL.PZGIK.200</sln:powIIPPn><sln:powIIPWersja>2012-09-27T09:33:51+02:00</sln:powIIPWersja><sln:powIdTeryt>2203</sln:powIdTeryt><sln:powNazwa>człuchowski</sln:powNazwa><sln:waznyOd>2013-09-19T00:00:00+02:00</sln:waznyOd><sln:wojIIPId>ece93e09-0215-42f3-8067-be0649f58d46</sln:wojIIPId><sln:wojIIPPn>PL.PZGIK.200</sln:wojIIPPn><sln:wojIIPWersja>2012-09-27T13:45:13+02:00</sln:wojIIPWersja><sln:wojIdTeryt>22</sln:wojIdTeryt><sln:wojNazwa>pomorskie</sln:wojNazwa></sln:miejscowosc><sln:miejscowosc><sln:cyklZyciaDo>2017-04-19T00:00:00+02:00</sln:cyklZyciaDo><sln:cyklZyciaOd>2016-01-27T00:00:00+01:00</sln:cyklZyciaOd><sln:gmIIPId>684d77c1-a527-4260-a060-9f21da840858</sln:gmIIPId><sln:gmIIPPn>PL.PZGIK.200</sln:gmIIPPn><sln:gmIIPWersja>2012-09-26T22:45:23+02:00</sln:gmIIPWersja><sln:gmIdTeryt>2203062</sln:gmIdTeryt><sln:gmNazwa>Przechlewo</sln:gmNazwa><sln:miejscIIPId>bd47d68f-a7a7-436d-b0e6-c85db188b846</sln:miejscIIPId><sln:miejscIIPPn>PL.PZGIK.200</sln:miejscIIPPn><sln:miejscIIPWersja>2016-11-24T12:23:18+02:00</sln:miejscIIPWersja><sln:miejscIdTeryt>0749956</sln:miejscIdTeryt><sln:miejscNazwa>Żołna</sln:miejscNazwa><sln:miejscRodzaj>Osada</sln:miejscRodzaj><sln:powIIPId>a103670f-14b0-49b4-9984-e499dd7fb32e</sln:powIIPId><sln:powIIPPn>PL.PZGIK.200</sln:powIIPPn><sln:powIIPWersja>2012-09-27T09:33:51+02:00</sln:powIIPWersja><sln:powIdTeryt>2203</sln:powIdTeryt><sln:powNazwa>człuchowski</sln:powNazwa><sln:waznyOd>2014-03-13T00:00:00+01:00</sln:waznyOd><sln:wojIIPId>ece93e09-0215-42f3-8067-be0649f58d46</sln:wojIIPId><sln:wojIIPPn>PL.PZGIK.200</sln:wojIIPPn><sln:wojIIPWersja>2012-09-27T13:45:13+02:00</sln:wojIIPWersja><sln:wojIdTeryt>22</sln:wojIdTeryt><sln:wojNazwa>pomorskie</sln:wojNazwa></sln:miejscowosc><sln:miejscowosc><sln:cyklZyciaOd>2017-04-19T00:00:00+02:00</sln:cyklZyciaOd><sln:gmIIPId>684d77c1-a527-4260-a060-9f21da840858</sln:gmIIPId><sln:gmIIPPn>PL.PZGIK.200</sln:gmIIPPn><sln:gmIIPWersja>2012-09-26T22:45:23+02:00</sln:gmIIPWersja><sln:gmIdTeryt>2203062</sln:gmIdTeryt><sln:gmNazwa>Przechlewo</sln:gmNazwa><sln:miejscIIPId>394d6fe9-8b1f-4f5a-b0bb-f3e4f17358ff</sln:miejscIIPId><sln:miejscIIPPn>PL.PZGIK.200</sln:miejscIIPPn><sln:miejscIIPWersja>2017-04-19T12:15:30+02:00</sln:miejscIIPWersja><sln:miejscIdTeryt>0749650</sln:miejscIdTeryt><sln:miejscNazwa>Dąbrowa Człuchowska</sln:miejscNazwa><sln:miejscRodzaj>Wieś</sln:miejscRodzaj><sln:powIIPId>a103670f-14b0-49b4-9984-e499dd7fb32e</sln:powIIPId><sln:powIIPPn>PL.PZGIK.200</sln:powIIPPn><sln:powIIPWersja>2012-09-27T09:33:51+02:00</sln:powIIPWersja><sln:powIdTeryt>2203</sln:powIdTeryt><sln:powNazwa>człuchowski</sln:powNazwa><sln:waznyOd>2013-09-19T00:00:00+02:00</sln:waznyOd><sln:wojIIPId>ece93e09-0215-42f3-8067-be0649f58d46</sln:wojIIPId><sln:wojIIPPn>PL.PZGIK.200</sln:wojIIPPn><sln:wojIIPWersja>2012-09-27T13:45:13+02:00</sln:wojIIPWersja><sln:wojIdTeryt>22</sln:wojIdTeryt><sln:wojNazwa>pomorskie</sln:wojNazwa></sln:miejscowosc><sln:miejscowosc><sln:cyklZyciaOd>2017-04-19T00:00:00+02:00</sln:cyklZyciaOd><sln:gmIIPId>684d77c1-a527-4260-a060-9f21da840858</sln:gmIIPId><sln:gmIIPPn>PL.PZGIK.200</sln:gmIIPPn><sln:gmIIPWersja>2012-09-26T22:45:23+02:00</sln:gmIIPWersja><sln:gmIdTeryt>2203062</sln:gmIdTeryt><sln:gmNazwa>Przechlewo</sln:gmNazwa><sln:miejscIIPId>d9a4872d-0204-4071-b295-cf330e74a56d</sln:miejscIIPId><sln:miejscIIPPn>PL.PZGIK.200</sln:miejscIIPPn><sln:miejscIIPWersja>2017-04-19T12:15:36+02:00</sln:miejscIIPWersja><sln:miejscIdTeryt>0749666</sln:miejscIdTeryt><sln:miejscNazwa>Garbek</sln:miejscNazwa><sln:miejscRodzaj>Wieś</sln:miejscRodzaj><sln:powIIPId>a103670f-14b0-49b4-9984-e499dd7fb32e</sln:powIIPId><sln:powIIPPn>PL.PZGIK.200</sln:powIIPPn><sln:powIIPWersja>2012-09-27T09:33:51+02:00</sln:powIIPWersja><sln:powIdTeryt>2203</sln:powIdTeryt><sln:powNazwa>człuchowski</sln:powNazwa><sln:waznyOd>2013-09-19T00:00:00+02:00</sln:waznyOd><sln:wojIIPId>ece93e09-0215-42f3-8067-be0649f58d46</sln:wojIIPId><sln:wojIIPPn>PL.PZGIK.200</sln:wojIIPPn><sln:wojIIPWersja>2012-09-27T13:45:13+02:00</sln:wojIIPWersja><sln:wojIdTeryt>22</sln:wojIdTeryt><sln:wojNazwa>pomorskie</sln:wojNazwa></sln:miejscowosc><sln:miejscowosc><sln:cyklZyciaOd>2017-04-19T00:00:00+02:00</sln:cyklZyciaOd><sln:gmIIPId>684d77c1-a527-4260-a060-9f21da840858</sln:gmIIPId><sln:gmIIPPn>PL.PZGIK.200</sln:gmIIPPn><sln:gmIIPWersja>2012-09-26T22:45:23+02:00</sln:gmIIPWersja><sln:gmIdTeryt>2203062</sln:gmIdTeryt><sln:gmNazwa>Przechlewo</sln:gmNazwa><sln:miejscIIPId>e5ab05a8-0475-42f4-ac00-d474a892a708</sln:miejscIIPId><sln:miejscIIPPn>PL.PZGIK.200</sln:miejscIIPPn><sln:miejscIIPWersja>2017-04-19T12:15:36+02:00</sln:miejscIIPWersja><sln:miejscIdTeryt>0749672</sln:miejscIdTeryt><sln:miejscNazwa>Lisewo</sln:miejscNazwa><sln:miejscRodzaj>Wieś</sln:miejscRodzaj><sln:powIIPId>a103670f-14b0-49b4-9984-e499dd7fb32e</sln:powIIPId><sln:powIIPPn>PL.PZGIK.200</sln:powIIPPn><sln:powIIPWersja>2012-09-27T09:33:51+02:00</sln:powIIPWersja><sln:powIdTeryt>2203</sln:powIdTeryt><sln:powNazwa>człuchowski</sln:powNazwa><sln:waznyOd>2013-09-19T00:00:00+02:00</sln:waznyOd><sln:wojIIPId>ece93e09-0215-42f3-8067-be0649f58d46</sln:wojIIPId><sln:wojIIPPn>PL.PZGIK.200</sln:wojIIPPn><sln:wojIIPWersja>2012-09-27T13:45:13+02:00</sln:wojIIPWersja><sln:wojIdTeryt>22</sln:wojIdTeryt><sln:wojNazwa>pomorskie</sln:wojNazwa></sln:miejscowosc><sln:miejscowosc><sln:cyklZyciaOd>2017-04-19T00:00:00+02:00</sln:cyklZyciaOd><sln:gmIIPId>684d77c1-a527-4260-a060-9f21da840858</sln:gmIIPId><sln:gmIIPPn>PL.PZGIK.200</sln:gmIIPPn><sln:gmIIPWersja>2012-09-26T22:45:23+02:00</sln:gmIIPWersja><sln:gmIdTeryt>2203062</sln:gmIdTeryt><sln:gmNazwa>Przechlewo</sln:gmNazwa><sln:miejscIIPId>8a4e8d7e-5401-45f3-8e46-472fe082b06c</sln:miejscIIPId><sln:miejscIIPPn>PL.PZGIK.200</sln:miejscIIPPn><sln:miejscIIPWersja>2017-04-19T12:15:36+02:00</sln:miejscIIPWersja><sln:miejscIdTeryt>0749689</sln:miejscIdTeryt><sln:miejscNazwa>Dobrzyń</sln:miejscNazwa><sln:miejscRodzaj>Osada</sln:miejscRodzaj><sln:powIIPId>a103670f-14b0-49b4-9984-e499dd7fb32e</sln:powIIPId><sln:powIIPPn>PL.PZGIK.200</sln:powIIPPn><sln:powIIPWersja>2012-09-27T09:33:51+02:00</sln:powIIPWersja><sln:powIdTeryt>2203</sln:powIdTeryt><sln:powNazwa>człuchowski</sln:powNazwa><sln:waznyOd>2014-03-13T00:00:00+01:00</sln:waznyOd><sln:wojIIPId>ece93e09-0215-42f3-8067-be0649f58d46</sln:wojIIPId><sln:wojIIPPn>PL.PZGIK.200</sln:wojIIPPn><sln:wojIIPWersja>2012-09-27T13:45:13+02:00</sln:wojIIPWersja><sln:wojIdTeryt>22</sln:wojIdTeryt><sln:wojNazwa>pomorskie</sln:wojNazwa></sln:miejscowosc><sln:miejscowosc><sln:cyklZyciaOd>2017-04-19T00:00:00+02:00</sln:cyklZyciaOd><sln:gmIIPId>684d77c1-a527-4260-a060-9f21da840858</sln:gmIIPId><sln:gmIIPPn>PL.PZGIK.200</sln:gmIIPPn><sln:gmIIPWersja>2012-09-26T22:45:23+02:00</sln:gmIIPWersja><sln:gmIdTeryt>2203062</sln:gmIdTeryt><sln:gmNazwa>Przechlewo</sln:gmNazwa><sln:miejscIIPId>7fd4ff1d-19b0-4986-a12a-7fb20215e70d</sln:miejscIIPId><sln:miejscIIPPn>PL.PZGIK.200</sln:miejscIIPPn><sln:miejscIIPWersja>2017-04-19T12:15:37+02:00</sln:miejscIIPWersja><sln:miejscIdTeryt>0749695</sln:miejscIdTeryt><sln:miejscNazwa>Łubianka</sln:miejscNazwa><sln:miejscRodzaj>Wieś</sln:miejscRodzaj><sln:powIIPId>a103670f-14b0-49b4-9984-e499dd7fb32e</sln:powIIPId><sln:powIIPPn>PL.PZGIK.200</sln:powIIPPn><sln:powIIPWersja>2012-09-27T09:33:51+02:00</sln:powIIPWersja><sln:powIdTeryt>2203</sln:powIdTeryt><sln:powNazwa>człuchowski</sln:powNazwa><sln:waznyOd>2013-09-19T00:00:00+02:00</sln:waznyOd><sln:wojIIPId>ece93e09-0215-42f3-8067-be0649f58d46</sln:wojIIPId><sln:wojIIPPn>PL.PZGIK.200</sln:wojIIPPn><sln:wojIIPWersja>2012-09-27T13:45:13+02:00</sln:wojIIPWersja><sln:wojIdTeryt>22</sln:wojIdTeryt><sln:wojNazwa>pomorskie</sln:wojNazwa></sln:miejscowosc><sln:miejscowosc><sln:cyklZyciaOd>2017-04-19T00:00:00+02:00</sln:cyklZyciaOd><sln:gmIIPId>684d77c1-a527-4260-a060-9f21da840858</sln:gmIIPId><sln:gmIIPPn>PL.PZGIK.200</sln:gmIIPPn><sln:gmIIPWersja>2012-09-26T22:45:23+02:00</sln:gmIIPWersja><sln:gmIdTeryt>2203062</sln:gmIdTeryt><sln:gmNazwa>Przechlewo</sln:gmNazwa><sln:miejscIIPId>056676c8-b5eb-4d74-894e-ad95092efc3d</sln:miejscIIPId><sln:miejscIIPPn>PL.PZGIK.200</sln:miejscIIPPn><sln:miejscIIPWersja>2017-04-19T12:15:37+02:00</sln:miejscIIPWersja><sln:miejscIdTeryt>0749703</sln:miejscIdTeryt><sln:miejscNazwa>Nowa Wieś</sln:miejscNazwa><sln:miejscRodzaj>Wieś</sln:miejscRodzaj><sln:powIIPId>a103670f-14b0-49b4-9984-e499dd7fb32e</sln:powIIPId><sln:powIIPPn>PL.PZGIK.200</sln:powIIPPn><sln:powIIPWersja>2012-09-27T09:33:51+02:00</sln:powIIPWersja><sln:powIdTeryt>2203</sln:powIdTeryt><sln:powNazwa>człuchowski</sln:powNazwa><sln:waznyOd>2013-09-19T00:00:00+02:00</sln:waznyOd><sln:wojIIPId>ece93e09-0215-42f3-8067-be0649f58d46</sln:wojIIPId><sln:wojIIPPn>PL.PZGIK.200</sln:wojIIPPn><sln:wojIIPWersja>2012-09-27T13:45:13+02:00</sln:wojIIPWersja><sln:wojIdTeryt>22</sln:wojIdTeryt><sln:wojNazwa>pomorskie</sln:wojNazwa></sln:miejscowosc><sln:miejscowosc><sln:cyklZyciaOd>2017-04-19T00:00:00+02:00</sln:cyklZyciaOd><sln:gmIIPId>684d77c1-a527-4260-a060-9f21da840858</sln:gmIIPId><sln:gmIIPPn>PL.PZGIK.200</sln:gmIIPPn><sln:gmIIPWersja>2012-09-26T22:45:23+02:00</sln:gmIIPWersja><sln:gmIdTeryt>2203062</sln:gmIdTeryt><sln:gmNazwa>Przechlewo</sln:gmNazwa><sln:miejscIIPId>551f09ca-c30f-4280-b0a8-14aac3b7c757</sln:miejscIIPId><sln:miejscIIPPn>PL.PZGIK.200</sln:miejscIIPPn><sln:miejscIIPWersja>2017-04-19T12:15:37+02:00</sln:miejscIIPWersja><sln:miejscIdTeryt>0749710</sln:miejscIdTeryt><sln:miejscNazwa>Jarzębnik</sln:miejscNazwa><sln:miejscRodzaj>Kolonia</sln:miejscRodzaj><sln:powIIPId>a103670f-14b0-49b4-9984-e499dd7fb32e</sln:powIIPId><sln:powIIPPn>PL.PZGIK.200</sln:powIIPPn><sln:powIIPWersja>2012-09-27T09:33:51+02:00</sln:powIIPWersja><sln:powIdTeryt>2203</sln:powIdTeryt><sln:powNazwa>człuchowski</sln:powNazwa><sln:waznyOd>2013-09-19T00:00:00+02:00</sln:waznyOd><sln:wojIIPId>ece93e09-0215-42f3-8067-be0649f58d46</sln:wojIIPId><sln:wojIIPPn>PL.PZGIK.200</sln:wojIIPPn><sln:wojIIPWersja>2012-09-27T13:45:13+02:00</sln:wojIIPWersja><sln:wojIdTeryt>22</sln:wojIdTeryt><sln:wojNazwa>pomorskie</sln:wojNazwa></sln:miejscowosc><sln:miejscowosc><sln:cyklZyciaOd>2017-04-19T00:00:00+02:00</sln:cyklZyciaOd><sln:gmIIPId>684d77c1-a527-4260-a060-9f21da840858</sln:gmIIPId><sln:gmIIPPn>PL.PZGIK.200</sln:gmIIPPn><sln:gmIIPWersja>2012-09-26T22:45:23+02:00</sln:gmIIPWersja><sln:gmIdTeryt>2203062</sln:gmIdTeryt><sln:gmNazwa>Przechlewo</sln:gmNazwa><sln:miejscIIPId>67cb82d4-0d77-41bc-ab08-0c722fe676cf</sln:miejscIIPId><sln:miejscIIPPn>PL.PZGIK.200</sln:miejscIIPPn><sln:miejscIIPWersja>2017-04-19T12:15:37+02:00</sln:miejscIIPWersja><sln:miejscIdTeryt>0749726</sln:miejscIdTeryt><sln:miejscNazwa>Krasne</sln:miejscNazwa><sln:miejscRodzaj>Kolonia</sln:miejscRodzaj><sln:powIIPId>a103670f-14b0-49b4-9984-e499dd7fb32e</sln:powIIPId><sln:powIIPPn>PL.PZGIK.200</sln:powIIPPn><sln:powIIPWersja>2012-09-27T09:33:51+02:00</sln:powIIPWersja><sln:powIdTeryt>2203</sln:powIdTeryt><sln:powNazwa>człuchowski</sln:powNazwa><sln:waznyOd>2013-09-19T00:00:00+02:00</sln:waznyOd><sln:wojIIPId>ece93e09-0215-42f3-8067-be0649f58d46</sln:wojIIPId><sln:wojIIPPn>PL.PZGIK.200</sln:wojIIPPn><sln:wojIIPWersja>2012-09-27T13:45:13+02:00</sln:wojIIPWersja><sln:wojIdTeryt>22</sln:wojIdTeryt><sln:wojNazwa>pomorskie</sln:wojNazwa></sln:miejscowosc><sln:miejscowosc><sln:cyklZyciaOd>2017-04-19T00:00:00+02:00</sln:cyklZyciaOd><sln:gmIIPId>684d77c1-a527-4260-a060-9f21da840858</sln:gmIIPId><sln:gmIIPPn>PL.PZGIK.200</sln:gmIIPPn><sln:gmIIPWersja>2012-09-26T22:45:23+02:00</sln:gmIIPWersja><sln:gmIdTeryt>2203062</sln:gmIdTeryt><sln:gmNazwa>Przechlewo</sln:gmNazwa><sln:miejscIIPId>cf20a87e-77cf-4d1f-9953-71379ee39801</sln:miejscIIPId><sln:miejscIIPPn>PL.PZGIK.200</sln:miejscIIPPn><sln:miejscIIPWersja>2017-04-19T12:15:37+02:00</sln:miejscIIPWersja><sln:miejscIdTeryt>0749732</sln:miejscIdTeryt><sln:miejscNazwa>Miroszewo</sln:miejscNazwa><sln:miejscRodzaj>Osada</sln:miejscRodzaj><sln:powIIPId>a103670f-14b0-49b4-9984-e499dd7fb32e</sln:powIIPId><sln:powIIPPn>PL.PZGIK.200</sln:powIIPPn><sln:powIIPWersja>2012-09-27T09:33:51+02:00</sln:powIIPWersja><sln:powIdTeryt>2203</sln:powIdTeryt><sln:powNazwa>człuchowski</sln:powNazwa><sln:waznyOd>2014-03-13T00:00:00+01:00</sln:waznyOd><sln:wojIIPId>ece93e09-0215-42f3-8067-be0649f58d46</sln:wojIIPId><sln:wojIIPPn>PL.PZGIK.200</sln:wojIIPPn><sln:wojIIPWersja>2012-09-27T13:45:13+02:00</sln:wojIIPWersja><sln:wojIdTeryt>22</sln:wojIdTeryt><sln:wojNazwa>pomorskie</sln:wojNazwa></sln:miejscowosc><sln:miejscowosc><sln:cyklZyciaOd>2017-04-19T00:00:00+02:00</sln:cyklZyciaOd><sln:gmIIPId>684d77c1-a527-4260-a060-9f21da840858</sln:gmIIPId><sln:gmIIPPn>PL.PZGIK.200</sln:gmIIPPn><sln:gmIIPWersja>2012-09-26T22:45:23+02:00</sln:gmIIPWersja><sln:gmIdTeryt>2203062</sln:gmIdTeryt><sln:gmNazwa>Przechlewo</sln:gmNazwa><sln:miejscIIPId>74d8d263-e2fd-44ef-8156-a0f1db774097</sln:miejscIIPId><sln:miejscIIPPn>PL.PZGIK.200</sln:miejscIIPPn><sln:miejscIIPWersja>2017-04-19T12:15:37+02:00</sln:miejscIIPWersja><sln:miejscIdTeryt>0749749</sln:miejscIdTeryt><sln:miejscNazwa>Pakotulsko</sln:miejscNazwa><sln:miejscRodzaj>Osada</sln:miejscRodzaj><sln:powIIPId>a103670f-14b0-49b4-9984-e499dd7fb32e</sln:powIIPId><sln:powIIPPn>PL.PZGIK.200</sln:powIIPPn><sln:powIIPWersja>2012-09-27T09:33:51+02:00</sln:powIIPWersja><sln:powIdTeryt>2203</sln:powIdTeryt><sln:powNazwa>człuchowski</sln:powNazwa><sln:waznyOd>2013-09-19T00:00:00+02:00</sln:waznyOd><sln:wojIIPId>ece93e09-0215-42f3-8067-be0649f58d46</sln:wojIIPId><sln:wojIIPPn>PL.PZGIK.200</sln:wojIIPPn><sln:wojIIPWersja>2012-09-27T13:45:13+02:00</sln:wojIIPWersja><sln:wojIdTeryt>22</sln:wojIdTeryt><sln:wojNazwa>pomorskie</sln:wojNazwa></sln:miejscowosc><sln:miejscowosc><sln:cyklZyciaOd>2017-04-19T00:00:00+02:00</sln:cyklZyciaOd><sln:gmIIPId>684d77c1-a527-4260-a060-9f21da840858</sln:gmIIPId><sln:gmIIPPn>PL.PZGIK.200</sln:gmIIPPn><sln:gmIIPWersja>2012-09-26T22:45:23+02:00</sln:gmIIPWersja><sln:gmIdTeryt>2203062</sln:gmIdTeryt><sln:gmNazwa>Przechlewo</sln:gmNazwa><sln:miejscIIPId>5acf96f4-1c3b-4c81-965d-b716ae640f74</sln:miejscIIPId><sln:miejscIIPPn>PL.PZGIK.200</sln:miejscIIPPn><sln:miejscIIPWersja>2017-04-19T12:15:37+02:00</sln:miejscIIPWersja><sln:miejscIdTeryt>0749755</sln:miejscIdTeryt><sln:miejscNazwa>Koprzywnica</sln:miejscNazwa><sln:miejscRodzaj>Osada</sln:miejscRodzaj><sln:powIIPId>a103670f-14b0-49b4-9984-e499dd7fb32e</sln:powIIPId><sln:powIIPPn>PL.PZGIK.200</sln:powIIPPn><sln:powIIPWersja>2012-09-27T09:33:51+02:00</sln:powIIPWersja><sln:powIdTeryt>2203</sln:powIdTeryt><sln:powNazwa>człuchowski</sln:powNazwa><sln:waznyOd>2014-03-13T00:00:00+01:00</sln:waznyOd><sln:wojIIPId>ece93e09-0215-42f3-8067-be0649f58d46</sln:wojIIPId><sln:wojIIPPn>PL.PZGIK.200</sln:wojIIPPn><sln:wojIIPWersja>2012-09-27T13:45:13+02:00</sln:wojIIPWersja><sln:wojIdTeryt>22</sln:wojIdTeryt><sln:wojNazwa>pomorskie</sln:wojNazwa></sln:miejscowosc><sln:miejscowosc><sln:cyklZyciaOd>2017-04-19T00:00:00+02:00</sln:cyklZyciaOd><sln:gmIIPId>684d77c1-a527-4260-a060-9f21da840858</sln:gmIIPId><sln:gmIIPPn>PL.PZGIK.200</sln:gmIIPPn><sln:gmIIPWersja>2012-09-26T22:45:23+02:00</sln:gmIIPWersja><sln:gmIdTeryt>2203062</sln:gmIdTeryt><sln:gmNazwa>Przechlewo</sln:gmNazwa><sln:miejscIIPId>84e976f4-7896-4d49-8277-bb5a1d3daadb</sln:miejscIIPId><sln:miejscIIPPn>PL.PZGIK.200</sln:miejscIIPPn><sln:miejscIIPWersja>2017-04-19T12:15:37+02:00</sln:miejscIIPWersja><sln:miejscIdTeryt>0749761</sln:miejscIdTeryt><sln:miejscNazwa>Pawłówko</sln:miejscNazwa><sln:miejscRodzaj>Wieś</sln:miejscRodzaj><sln:powIIPId>a103670f-14b0-49b4-9984-e499dd7fb32e</sln:powIIPId><sln:powIIPPn>PL.PZGIK.200</sln:powIIPPn><sln:powIIPWersja>2012-09-27T09:33:51+02:00</sln:powIIPWersja><sln:powIdTeryt>2203</sln:powIdTeryt><sln:powNazwa>człuchowski</sln:powNazwa><sln:waznyOd>2013-09-19T00:00:00+02:00</sln:waznyOd><sln:wojIIPId>ece93e09-0215-42f3-8067-be0649f58d46</sln:wojIIPId><sln:wojIIPPn>PL.PZGIK.200</sln:wojIIPPn><sln:wojIIPWersja>2012-09-27T13:45:13+02:00</sln:wojIIPWersja><sln:wojIdTeryt>22</sln:wojIdTeryt><sln:wojNazwa>pomorskie</sln:wojNazwa></sln:miejscowosc><sln:miejscowosc><sln:cyklZyciaOd>2017-04-19T00:00:00+02:00</sln:cyklZyciaOd><sln:gmIIPId>684d77c1-a527-4260-a060-9f21da840858</sln:gmIIPId><sln:gmIIPPn>PL.PZGIK.200</sln:gmIIPPn><sln:gmIIPWersja>2012-09-26T22:45:23+02:00</sln:gmIIPWersja><sln:gmIdTeryt>2203062</sln:gmIdTeryt><sln:gmNazwa>Przechlewo</sln:gmNazwa><sln:miejscIIPId>08dc05a5-c73c-4534-b26b-690795a49727</sln:miejscIIPId><sln:miejscIIPPn>PL.PZGIK.200</sln:miejscIIPPn><sln:miejscIIPWersja>2017-04-19T12:15:37+02:00</sln:miejscIIPWersja><sln:miejscIdTeryt>0749778</sln:miejscIdTeryt><sln:miejscNazwa>Kleśnik</sln:miejscNazwa><sln:miejscRodzaj>Kolonia</sln:miejscRodzaj><sln:powIIPId>a103670f-14b0-49b4-9984-e499dd7fb32e</sln:powIIPId><sln:powIIPPn>PL.PZGIK.200</sln:powIIPPn><sln:powIIPWersja>2012-09-27T09:33:51+02:00</sln:powIIPWersja><sln:powIdTeryt>2203</sln:powIdTeryt><sln:powNazwa>człuchowski</sln:powNazwa><sln:waznyOd>2014-03-13T00:00:00+01:00</sln:waznyOd><sln:wojIIPId>ece93e09-0215-42f3-8067-be0649f58d46</sln:wojIIPId><sln:wojIIPPn>PL.PZGIK.200</sln:wojIIPPn><sln:wojIIPWersja>2012-09-27T13:45:13+02:00</sln:wojIIPWersja><sln:wojIdTeryt>22</sln:wojIdTeryt><sln:wojNazwa>pomorskie</sln:wojNazwa></sln:miejscowosc><sln:miejscowosc><sln:cyklZyciaOd>2017-04-19T00:00:00+02:00</sln:cyklZyciaOd><sln:gmIIPId>684d77c1-a527-4260-a060-9f21da840858</sln:gmIIPId><sln:gmIIPPn>PL.PZGIK.200</sln:gmIIPPn><sln:gmIIPWersja>2012-09-26T22:45:23+02:00</sln:gmIIPWersja><sln:gmIdTeryt>2203062</sln:gmIdTeryt><sln:gmNazwa>Przechlewo</sln:gmNazwa><sln:miejscIIPId>22fd97d7-be36-4c33-8120-a275b15e7f0a</sln:miejscIIPId><sln:miejscIIPPn>PL.PZGIK.200</sln:miejscIIPPn><sln:miejscIIPWersja>2017-04-19T12:15:37+02:00</sln:miejscIIPWersja><sln:miejscIdTeryt>0749784</sln:miejscIdTeryt><sln:miejscNazwa>Nowiny</sln:miejscNazwa><sln:miejscRodzaj>Kolonia</sln:miejscRodzaj><sln:powIIPId>a103670f-14b0-49b4-9984-e499dd7fb32e</sln:powIIPId><sln:powIIPPn>PL.PZGIK.200</sln:powIIPPn><sln:powIIPWersja>2012-09-27T09:33:51+02:00</sln:powIIPWersja><sln:powIdTeryt>2203</sln:powIdTeryt><sln:powNazwa>człuchowski</sln:powNazwa><sln:waznyOd>2013-09-19T00:00:00+02:00</sln:waznyOd><sln:wojIIPId>ece93e09-0215-42f3-8067-be0649f58d46</sln:wojIIPId><sln:wojIIPPn>PL.PZGIK.200</sln:wojIIPPn><sln:wojIIPWersja>2012-09-27T13:45:13+02:00</sln:wojIIPWersja><sln:wojIdTeryt>22</sln:wojIdTeryt><sln:wojNazwa>pomorskie</sln:wojNazwa></sln:miejscowosc><sln:miejscowosc><sln:cyklZyciaOd>2017-04-19T00:00:00+02:00</sln:cyklZyciaOd><sln:gmIIPId>684d77c1-a527-4260-a060-9f21da840858</sln:gmIIPId><sln:gmIIPPn>PL.PZGIK.200</sln:gmIIPPn><sln:gmIIPWersja>2012-09-26T22:45:23+02:00</sln:gmIIPWersja><sln:gmIdTeryt>2203062</sln:gmIdTeryt><sln:gmNazwa>Przechlewo</sln:gmNazwa><sln:miejscIIPId>932f080b-6b08-4347-901a-7e9ebde061ed</sln:miejscIIPId><sln:miejscIIPPn>PL.PZGIK.200</sln:miejscIIPPn><sln:miejscIIPWersja>2017-04-19T12:15:37+02:00</sln:miejscIIPWersja><sln:miejscIdTeryt>0749790</sln:miejscIdTeryt><sln:miejscNazwa>Wandzin</sln:miejscNazwa><sln:miejscRodzaj>Inny obiekt</sln:miejscRodzaj><sln:powIIPId>a103670f-14b0-49b4-9984-e499dd7fb32e</sln:powIIPId><sln:powIIPPn>PL.PZGIK.200</sln:powIIPPn><sln:powIIPWersja>2012-09-27T09:33:51+02:00</sln:powIIPWersja><sln:powIdTeryt>2203</sln:powIdTeryt><sln:powNazwa>człuchowski</sln:powNazwa><sln:waznyOd>2014-03-13T00:00:00+01:00</sln:waznyOd><sln:wojIIPId>ece93e09-0215-42f3-8067-be0649f58d46</sln:wojIIPId><sln:wojIIPPn>PL.PZGIK.200</sln:wojIIPPn><sln:wojIIPWersja>2012-09-27T13:45:13+02:00</sln:wojIIPWersja><sln:wojIdTeryt>22</sln:wojIdTeryt><sln:wojNazwa>pomorskie</sln:wojNazwa></sln:miejscowosc><sln:miejscowosc><sln:cyklZyciaOd>2017-04-19T00:00:00+02:00</sln:cyklZyciaOd><sln:gmIIPId>684d77c1-a527-4260-a060-9f21da840858</sln:gmIIPId><sln:gmIIPPn>PL.PZGIK.200</sln:gmIIPPn><sln:gmIIPWersja>2012-09-26T22:45:23+02:00</sln:gmIIPWersja><sln:gmIdTeryt>2203062</sln:gmIdTeryt><sln:gmNazwa>Przechlewo</sln:gmNazwa><sln:miejscIIPId>4379dc3f-3bc5-4e4b-b8c9-02062aa72bc1</sln:miejscIIPId><sln:miejscIIPPn>PL.PZGIK.200</sln:miejscIIPPn><sln:miejscIIPWersja>2017-04-19T12:15:37+02:00</sln:miejscIIPWersja><sln:miejscIdTeryt>0749809</sln:miejscIdTeryt><sln:miejscNazwa>Płaszczyca</sln:miejscNazwa><sln:miejscRodzaj>Osada</sln:miejscRodzaj><sln:powIIPId>a103670f-14b0-49b4-9984-e499dd7fb32e</sln:powIIPId><sln:powIIPPn>PL.PZGIK.200</sln:powIIPPn><sln:powIIPWersja>2012-09-27T09:33:51+02:00</sln:powIIPWersja><sln:powIdTeryt>2203</sln:powIdTeryt><sln:powNazwa>człuchowski</sln:powNazwa><sln:waznyOd>2013-09-19T00:00:00+02:00</sln:waznyOd><sln:wojIIPId>ece93e09-0215-42f3-8067-be0649f58d46</sln:wojIIPId><sln:wojIIPPn>PL.PZGIK.200</sln:wojIIPPn><sln:wojIIPWersja>2012-09-27T13:45:13+02:00</sln:wojIIPWersja><sln:wojIdTeryt>22</sln:wojIdTeryt><sln:wojNazwa>pomorskie</sln:wojNazwa></sln:miejscowosc><sln:miejscowosc><sln:cyklZyciaOd>2017-04-19T00:00:00+02:00</sln:cyklZyciaOd><sln:gmIIPId>684d77c1-a527-4260-a060-9f21da840858</sln:gmIIPId><sln:gmIIPPn>PL.PZGIK.200</sln:gmIIPPn><sln:gmIIPWersja>2012-09-26T22:45:23+02:00</sln:gmIIPWersja><sln:gmIdTeryt>2203062</sln:gmIdTeryt><sln:gmNazwa>Przechlewo</sln:gmNazwa><sln:miejscIIPId>12250a3c-febc-4b15-bd9f-4d88bb630e87</sln:miejscIIPId><sln:miejscIIPPn>PL.PZGIK.200</sln:miejscIIPPn><sln:miejscIIPWersja>2017-04-19T12:15:37+02:00</sln:miejscIIPWersja><sln:miejscIdTeryt>0749815</sln:miejscIdTeryt><sln:miejscNazwa>Przechlewko</sln:miejscNazwa><sln:miejscRodzaj>Wieś</sln:miejscRodzaj><sln:powIIPId>a103670f-14b0-49b4-9984-e499dd7fb32e</sln:powIIPId><sln:powIIPPn>PL.PZGIK.200</sln:powIIPPn><sln:powIIPWersja>2012-09-27T09:33:51+02:00</sln:powIIPWersja><sln:powIdTeryt>2203</sln:powIdTeryt><sln:powNazwa>człuchowski</sln:powNazwa><sln:waznyOd>2013-09-19T00:00:00+02:00</sln:waznyOd><sln:wojIIPId>ece93e09-0215-42f3-8067-be0649f58d46</sln:wojIIPId><sln:wojIIPPn>PL.PZGIK.200</sln:wojIIPPn><sln:wojIIPWersja>2012-09-27T13:45:13+02:00</sln:wojIIPWersja><sln:wojIdTeryt>22</sln:wojIdTeryt><sln:wojNazwa>pomorskie</sln:wojNazwa></sln:miejscowosc><sln:miejscowosc><sln:cyklZyciaOd>2017-04-19T00:00:00+02:00</sln:cyklZyciaOd><sln:gmIIPId>684d77c1-a527-4260-a060-9f21da840858</sln:gmIIPId><sln:gmIIPPn>PL.PZGIK.200</sln:gmIIPPn><sln:gmIIPWersja>2012-09-26T22:45:23+02:00</sln:gmIIPWersja><sln:gmIdTeryt>2203062</sln:gmIdTeryt><sln:gmNazwa>Przechlewo</sln:gmNazwa><sln:miejscIIPId>ffa9bc77-2af9-4d32-9400-3cd96e5c4666</sln:miejscIIPId><sln:miejscIIPPn>PL.PZGIK.200</sln:miejscIIPPn><sln:miejscIIPWersja>2017-04-19T12:15:38+02:00</sln:miejscIIPWersja><sln:miejscIdTeryt>0749821</sln:miejscIdTeryt><sln:miejscNazwa>Nowa Brda</sln:miejscNazwa><sln:miejscRodzaj>Osada</sln:miejscRodzaj><sln:powIIPId>a103670f-14b0-49b4-9984-e499dd7fb32e</sln:powIIPId><sln:powIIPPn>PL.PZGIK.200</sln:powIIPPn><sln:powIIPWersja>2012-09-27T09:33:51+02:00</sln:powIIPWersja><sln:powIdTeryt>2203</sln:powIdTeryt><sln:powNazwa>człuchowski</sln:powNazwa><sln:waznyOd>2014-03-13T00:00:00+01:00</sln:waznyOd><sln:wojIIPId>ece93e09-0215-42f3-8067-be0649f58d46</sln:wojIIPId><sln:wojIIPPn>PL.PZGIK.200</sln:wojIIPPn><sln:wojIIPWersja>2012-09-27T13:45:13+02:00</sln:wojIIPWersja><sln:wojIdTeryt>22</sln:wojIdTeryt><sln:wojNazwa>pomorskie</sln:wojNazwa></sln:miejscowosc><sln:miejscowosc><sln:cyklZyciaOd>2017-04-19T00:00:00+02:00</sln:cyklZyciaOd><sln:gmIIPId>684d77c1-a527-4260-a060-9f21da840858</sln:gmIIPId><sln:gmIIPPn>PL.PZGIK.200</sln:gmIIPPn><sln:gmIIPWersja>2012-09-26T22:45:23+02:00</sln:gmIIPWersja><sln:gmIdTeryt>2203062</sln:gmIdTeryt><sln:gmNazwa>Przechlewo</sln:gmNazwa><sln:miejscIIPId>47b9a516-1ec5-4f98-ab2d-ec22aa606e6f</sln:miejscIIPId><sln:miejscIIPPn>PL.PZGIK.200</sln:miejscIIPPn><sln:miejscIIPWersja>2017-04-19T12:15:38+02:00</sln:miejscIIPWersja><sln:miejscIdTeryt>0749838</sln:miejscIdTeryt><sln:miejscNazwa>Przechlewko (leśniczówka)</sln:miejscNazwa><sln:miejscRodzaj>Osada leśna</sln:miejscRodzaj><sln:powIIPId>a103670f-14b0-49b4-9984-e499dd7fb32e</sln:powIIPId><sln:powIIPPn>PL.PZGIK.200</sln:powIIPPn><sln:powIIPWersja>2012-09-27T09:33:51+02:00</sln:powIIPWersja><sln:powIdTeryt>2203</sln:powIdTeryt><sln:powNazwa>człuchowski</sln:powNazwa><sln:waznyOd>2014-03-13T00:00:00+01:00</sln:waznyOd><sln:wojIIPId>ece93e09-0215-42f3-8067-be0649f58d46</sln:wojIIPId><sln:wojIIPPn>PL.PZGIK.200</sln:wojIIPPn><sln:wojIIPWersja>2012-09-27T13:45:13+02:00</sln:wojIIPWersja><sln:wojIdTeryt>22</sln:wojIdTeryt><sln:wojNazwa>pomorskie</sln:wojNazwa></sln:miejscowosc><sln:miejscowosc><sln:cyklZyciaOd>2017-04-19T00:00:00+02:00</sln:cyklZyciaOd><sln:gmIIPId>684d77c1-a527-4260-a060-9f21da840858</sln:gmIIPId><sln:gmIIPPn>PL.PZGIK.200</sln:gmIIPPn><sln:gmIIPWersja>2012-09-26T22:45:23+02:00</sln:gmIIPWersja><sln:gmIdTeryt>2203062</sln:gmIdTeryt><sln:gmNazwa>Przechlewo</sln:gmNazwa><sln:miejscIIPId>76aea1aa-4ab8-4a0d-b151-8661813cc3c4</sln:miejscIIPId><sln:miejscIIPPn>PL.PZGIK.200</sln:miejscIIPPn><sln:miejscIIPWersja>2017-04-19T12:15:38+02:00</sln:miejscIIPWersja><sln:miejscIdTeryt>0749844</sln:miejscIdTeryt><sln:miejscNazwa>Przechlewo</sln:miejscNazwa><sln:miejscRodzaj>Wieś</sln:miejscRodzaj><sln:powIIPId>a103670f-14b0-49b4-9984-e499dd7fb32e</sln:powIIPId><sln:powIIPPn>PL.PZGIK.200</sln:powIIPPn><sln:powIIPWersja>2012-09-27T09:33:51+02:00</sln:powIIPWersja><sln:powIdTeryt>2203</sln:powIdTeryt><sln:powNazwa>człuchowski</sln:powNazwa><sln:waznyOd>2013-09-19T00:00:00+02:00</sln:waznyOd><sln:wojIIPId>ece93e09-0215-42f3-8067-be0649f58d46</sln:wojIIPId><sln:wojIIPPn>PL.PZGIK.200</sln:wojIIPPn><sln:wojIIPWersja>2012-09-27T13:45:13+02:00</sln:wojIIPWersja><sln:wojIdTeryt>22</sln:wojIdTeryt><sln:wojNazwa>pomorskie</sln:wojNazwa></sln:miejscowosc><sln:miejscowosc><sln:cyklZyciaOd>2017-04-19T00:00:00+02:00</sln:cyklZyciaOd><sln:gmIIPId>684d77c1-a527-4260-a060-9f21da840858</sln:gmIIPId><sln:gmIIPPn>PL.PZGIK.200</sln:gmIIPPn><sln:gmIIPWersja>2012-09-26T22:45:23+02:00</sln:gmIIPWersja><sln:gmIdTeryt>2203062</sln:gmIdTeryt><sln:gmNazwa>Przechlewo</sln:gmNazwa><sln:miejscIIPId>6fad6296-219a-4d85-9184-854c34ccd727</sln:miejscIIPId><sln:miejscIIPPn>PL.PZGIK.200</sln:miejscIIPPn><sln:miejscIIPWersja>2017-04-19T12:15:38+02:00</sln:miejscIIPWersja><sln:miejscIdTeryt>0749850</sln:miejscIdTeryt><sln:miejscNazwa>Rudniki</sln:miejscNazwa><sln:miejscRodzaj>Wieś</sln:miejscRodzaj><sln:powIIPId>a103670f-14b0-49b4-9984-e499dd7fb32e</sln:powIIPId><sln:powIIPPn>PL.PZGIK.200</sln:powIIPPn><sln:powIIPWersja>2012-09-27T09:33:51+02:00</sln:powIIPWersja><sln:powIdTeryt>2203</sln:powIdTeryt><sln:powNazwa>człuchowski</sln:powNazwa><sln:waznyOd>2013-09-19T00:00:00+02:00</sln:waznyOd><sln:wojIIPId>ece93e09-0215-42f3-8067-be0649f58d46</sln:wojIIPId><sln:wojIIPPn>PL.PZGIK.200</sln:wojIIPPn><sln:wojIIPWersja>2012-09-27T13:45:13+02:00</sln:wojIIPWersja><sln:wojIdTeryt>22</sln:wojIdTeryt><sln:wojNazwa>pomorskie</sln:wojNazwa></sln:miejscowosc><sln:miejscowosc><sln:cyklZyciaOd>2017-04-19T00:00:00+02:00</sln:cyklZyciaOd><sln:gmIIPId>684d77c1-a527-4260-a060-9f21da840858</sln:gmIIPId><sln:gmIIPPn>PL.PZGIK.200</sln:gmIIPPn><sln:gmIIPWersja>2012-09-26T22:45:23+02:00</sln:gmIIPWersja><sln:gmIdTeryt>2203062</sln:gmIdTeryt><sln:gmNazwa>Przechlewo</sln:gmNazwa><sln:miejscIIPId>fb610a8e-1e2c-4965-95bd-75af9aaa048d</sln:miejscIIPId><sln:miejscIIPPn>PL.PZGIK.200</sln:miejscIIPPn><sln:miejscIIPWersja>2017-04-19T12:15:38+02:00</sln:miejscIIPWersja><sln:miejscIdTeryt>0749867</sln:miejscIdTeryt><sln:miejscNazwa>Sąpolno</sln:miejscNazwa><sln:miejscRodzaj>Wieś</sln:miejscRodzaj><sln:powIIPId>a103670f-14b0-49b4-9984-e499dd7fb32e</sln:powIIPId><sln:powIIPPn>PL.PZGIK.200</sln:powIIPPn><sln:powIIPWersja>2012-09-27T09:33:51+02:00</sln:powIIPWersja><sln:powIdTeryt>2203</sln:powIdTeryt><sln:powNazwa>człuchowski</sln:powNazwa><sln:waznyOd>2013-09-19T00:00:00+02:00</sln:waznyOd><sln:wojIIPId>ece93e09-0215-42f3-8067-be0649f58d46</sln:wojIIPId><sln:wojIIPPn>PL.PZGIK.200</sln:wojIIPPn><sln:wojIIPWersja>2012-09-27T13:45:13+02:00</sln:wojIIPWersja><sln:wojIdTeryt>22</sln:wojIdTeryt><sln:wojNazwa>pomorskie</sln:wojNazwa></sln:miejscowosc><sln:miejscowosc><sln:cyklZyciaOd>2017-04-19T00:00:00+02:00</sln:cyklZyciaOd><sln:gmIIPId>684d77c1-a527-4260-a060-9f21da840858</sln:gmIIPId><sln:gmIIPPn>PL.PZGIK.200</sln:gmIIPPn><sln:gmIIPWersja>2012-09-26T22:45:23+02:00</sln:gmIIPWersja><sln:gmIdTeryt>2203062</sln:gmIdTeryt><sln:gmNazwa>Przechlewo</sln:gmNazwa><sln:miejscIIPId>9c1ba168-c6b9-43cf-8da2-5dd5b2be1bdd</sln:miejscIIPId><sln:miejscIIPPn>PL.PZGIK.200</sln:miejscIIPPn><sln:miejscIIPWersja>2017-04-19T12:15:38+02:00</sln:miejscIIPWersja><sln:miejscIdTeryt>0749873</sln:miejscIdTeryt><sln:miejscNazwa>Czosnowo</sln:miejscNazwa><sln:miejscRodzaj>Inny obiekt</sln:miejscRodzaj><sln:powIIPId>a103670f-14b0-49b4-9984-e499dd7fb32e</sln:powIIPId><sln:powIIPPn>PL.PZGIK.200</sln:powIIPPn><sln:powIIPWersja>2012-09-27T09:33:51+02:00</sln:powIIPWersja><sln:powIdTeryt>2203</sln:powIdTeryt><sln:powNazwa>człuchowski</sln:powNazwa><sln:waznyOd>2014-03-13T00:00:00+01:00</sln:waznyOd><sln:wojIIPId>ece93e09-0215-42f3-8067-be0649f58d46</sln:wojIIPId><sln:wojIIPPn>PL.PZGIK.200</sln:wojIIPPn><sln:wojIIPWersja>2012-09-27T13:45:13+02:00</sln:wojIIPWersja><sln:wojIdTeryt>22</sln:wojIdTeryt><sln:wojNazwa>pomorskie</sln:wojNazwa></sln:miejscowosc><sln:miejscowosc><sln:cyklZyciaOd>2017-04-19T00:00:00+02:00</sln:cyklZyciaOd><sln:gmIIPId>684d77c1-a527-4260-a060-9f21da840858</sln:gmIIPId><sln:gmIIPPn>PL.PZGIK.200</sln:gmIIPPn><sln:gmIIPWersja>2012-09-26T22:45:23+02:00</sln:gmIIPWersja><sln:gmIdTeryt>2203062</sln:gmIdTeryt><sln:gmNazwa>Przechlewo</sln:gmNazwa><sln:miejscIIPId>e1107430-0111-4415-8559-7d01f6e0269e</sln:miejscIIPId><sln:miejscIIPPn>PL.PZGIK.200</sln:miejscIIPPn><sln:miejscIIPWersja>2017-04-19T12:15:38+02:00</sln:miejscIIPWersja><sln:miejscIdTeryt>0749880</sln:miejscIdTeryt><sln:miejscNazwa>Zdrójki</sln:miejscNazwa><sln:miejscRodzaj>Inny obiekt</sln:miejscRodzaj><sln:powIIPId>a103670f-14b0-49b4-9984-e499dd7fb32e</sln:powIIPId><sln:powIIPPn>PL.PZGIK.200</sln:powIIPPn><sln:powIIPWersja>2012-09-27T09:33:51+02:00</sln:powIIPWersja><sln:powIdTeryt>2203</sln:powIdTeryt><sln:powNazwa>człuchowski</sln:powNazwa><sln:waznyOd>2013-09-19T00:00:00+02:00</sln:waznyOd><sln:wojIIPId>ece93e09-0215-42f3-8067-be0649f58d46</sln:wojIIPId><sln:wojIIPPn>PL.PZGIK.200</sln:wojIIPPn><sln:wojIIPWersja>2012-09-27T13:45:13+02:00</sln:wojIIPWersja><sln:wojIdTeryt>22</sln:wojIdTeryt><sln:wojNazwa>pomorskie</sln:wojNazwa></sln:miejscowosc><sln:miejscowosc><sln:cyklZyciaOd>2017-04-19T00:00:00+02:00</sln:cyklZyciaOd><sln:gmIIPId>684d77c1-a527-4260-a060-9f21da840858</sln:gmIIPId><sln:gmIIPPn>PL.PZGIK.200</sln:gmIIPPn><sln:gmIIPWersja>2012-09-26T22:45:23+02:00</sln:gmIIPWersja><sln:gmIdTeryt>2203062</sln:gmIdTeryt><sln:gmNazwa>Przechlewo</sln:gmNazwa><sln:miejscIIPId>e657a0b8-8891-4eea-b50c-1654e570d6f2</sln:miejscIIPId><sln:miejscIIPPn>PL.PZGIK.200</sln:miejscIIPPn><sln:miejscIIPWersja>2017-04-19T12:15:38+02:00</sln:miejscIIPWersja><sln:miejscIdTeryt>0749896</sln:miejscIdTeryt><sln:miejscNazwa>Suszka</sln:miejscNazwa><sln:miejscRodzaj>Osada</sln:miejscRodzaj><sln:powIIPId>a103670f-14b0-49b4-9984-e499dd7fb32e</sln:powIIPId><sln:powIIPPn>PL.PZGIK.200</sln:powIIPPn><sln:powIIPWersja>2012-09-27T09:33:51+02:00</sln:powIIPWersja><sln:powIdTeryt>2203</sln:powIdTeryt><sln:powNazwa>człuchowski</sln:powNazwa><sln:waznyOd>2014-03-13T00:00:00+01:00</sln:waznyOd><sln:wojIIPId>ece93e09-0215-42f3-8067-be0649f58d46</sln:wojIIPId><sln:wojIIPPn>PL.PZGIK.200</sln:wojIIPPn><sln:wojIIPWersja>2012-09-27T13:45:13+02:00</sln:wojIIPWersja><sln:wojIdTeryt>22</sln:wojIdTeryt><sln:wojNazwa>pomorskie</sln:wojNazwa></sln:miejscowosc><sln:miejscowosc><sln:cyklZyciaOd>2017-04-19T00:00:00+02:00</sln:cyklZyciaOd><sln:gmIIPId>684d77c1-a527-4260-a060-9f21da840858</sln:gmIIPId><sln:gmIIPPn>PL.PZGIK.200</sln:gmIIPPn><sln:gmIIPWersja>2012-09-26T22:45:23+02:00</sln:gmIIPWersja><sln:gmIdTeryt>2203062</sln:gmIdTeryt><sln:gmNazwa>Przechlewo</sln:gmNazwa><sln:miejscIIPId>efc84990-97d1-41fc-8263-fb08da1a6d54</sln:miejscIIPId><sln:miejscIIPPn>PL.PZGIK.200</sln:miejscIIPPn><sln:miejscIIPWersja>2017-04-19T12:15:38+02:00</sln:miejscIIPWersja><sln:miejscIdTeryt>0749904</sln:miejscIdTeryt><sln:miejscNazwa>Trzęsacz</sln:miejscNazwa><sln:miejscRodzaj>Osada leśna</sln:miejscRodzaj><sln:powIIPId>a103670f-14b0-49b4-9984-e499dd7fb32e</sln:powIIPId><sln:powIIPPn>PL.PZGIK.200</sln:powIIPPn><sln:powIIPWersja>2012-09-27T09:33:51+02:00</sln:powIIPWersja><sln:powIdTeryt>2203</sln:powIdTeryt><sln:powNazwa>człuchowski</sln:powNazwa><sln:waznyOd>2014-03-13T00:00:00+01:00</sln:waznyOd><sln:wojIIPId>ece93e09-0215-42f3-8067-be0649f58d46</sln:wojIIPId><sln:wojIIPPn>PL.PZGIK.200</sln:wojIIPPn><sln:wojIIPWersja>2012-09-27T13:45:13+02:00</sln:wojIIPWersja><sln:wojIdTeryt>22</sln:wojIdTeryt><sln:wojNazwa>pomorskie</sln:wojNazwa></sln:miejscowosc><sln:miejscowosc><sln:cyklZyciaOd>2017-04-19T00:00:00+02:00</sln:cyklZyciaOd><sln:gmIIPId>684d77c1-a527-4260-a060-9f21da840858</sln:gmIIPId><sln:gmIIPPn>PL.PZGIK.200</sln:gmIIPPn><sln:gmIIPWersja>2012-09-26T22:45:23+02:00</sln:gmIIPWersja><sln:gmIdTeryt>2203062</sln:gmIdTeryt><sln:gmNazwa>Przechlewo</sln:gmNazwa><sln:miejscIIPId>e9dffc29-b56a-4067-afec-e7a0f9e3210c</sln:miejscIIPId><sln:miejscIIPPn>PL.PZGIK.200</sln:miejscIIPPn><sln:miejscIIPWersja>2017-04-19T12:15:38+02:00</sln:miejscIIPWersja><sln:miejscIdTeryt>0749910</sln:miejscIdTeryt><sln:miejscNazwa>Wiśnica</sln:miejscNazwa><sln:miejscRodzaj>Osada leśna</sln:miejscRodzaj><sln:powIIPId>a103670f-14b0-49b4-9984-e499dd7fb32e</sln:powIIPId><sln:powIIPPn>PL.PZGIK.200</sln:powIIPPn><sln:powIIPWersja>2012-09-27T09:33:51+02:00</sln:powIIPWersja><sln:powIdTeryt>2203</sln:powIdTeryt><sln:powNazwa>człuchowski</sln:powNazwa><sln:waznyOd>2014-03-13T00:00:00+01:00</sln:waznyOd><sln:wojIIPId>ece93e09-0215-42f3-8067-be0649f58d46</sln:wojIIPId><sln:wojIIPPn>PL.PZGIK.200</sln:wojIIPPn><sln:wojIIPWersja>2012-09-27T13:45:13+02:00</sln:wojIIPWersja><sln:wojIdTeryt>22</sln:wojIdTeryt><sln:wojNazwa>pomorskie</sln:wojNazwa></sln:miejscowosc><sln:miejscowosc><sln:cyklZyciaOd>2017-04-19T00:00:00+02:00</sln:cyklZyciaOd><sln:gmIIPId>684d77c1-a527-4260-a060-9f21da840858</sln:gmIIPId><sln:gmIIPPn>PL.PZGIK.200</sln:gmIIPPn><sln:gmIIPWersja>2012-09-26T22:45:23+02:00</sln:gmIIPWersja><sln:gmIdTeryt>2203062</sln:gmIdTeryt><sln:gmNazwa>Przechlewo</sln:gmNazwa><sln:miejscIIPId>484e4174-bd67-4494-a9f3-f76039586bb1</sln:miejscIIPId><sln:miejscIIPPn>PL.PZGIK.200</sln:miejscIIPPn><sln:miejscIIPWersja>2017-04-19T12:15:38+02:00</sln:miejscIIPWersja><sln:miejscIdTeryt>0749927</sln:miejscIdTeryt><sln:miejscNazwa>Szczytno</sln:miejscNazwa><sln:miejscRodzaj>Osada</sln:miejscRodzaj><sln:powIIPId>a103670f-14b0-49b4-9984-e499dd7fb32e</sln:powIIPId><sln:powIIPPn>PL.PZGIK.200</sln:powIIPPn><sln:powIIPWersja>2012-09-27T09:33:51+02:00</sln:powIIPWersja><sln:powIdTeryt>2203</sln:powIdTeryt><sln:powNazwa>człuchowski</sln:powNazwa><sln:waznyOd>2014-03-13T00:00:00+01:00</sln:waznyOd><sln:wojIIPId>ece93e09-0215-42f3-8067-be0649f58d46</sln:wojIIPId><sln:wojIIPPn>PL.PZGIK.200</sln:wojIIPPn><sln:wojIIPWersja>2012-09-27T13:45:13+02:00</sln:wojIIPWersja><sln:wojIdTeryt>22</sln:wojIdTeryt><sln:wojNazwa>pomorskie</sln:wojNazwa></sln:miejscowosc><sln:miejscowosc><sln:cyklZyciaOd>2017-04-19T00:00:00+02:00</sln:cyklZyciaOd><sln:gmIIPId>684d77c1-a527-4260-a060-9f21da840858</sln:gmIIPId><sln:gmIIPPn>PL.PZGIK.200</sln:gmIIPPn><sln:gmIIPWersja>2012-09-26T22:45:23+02:00</sln:gmIIPWersja><sln:gmIdTeryt>2203062</sln:gmIdTeryt><sln:gmNazwa>Przechlewo</sln:gmNazwa><sln:miejscIIPId>d57d02f9-ae72-474e-a8c0-d35a091cc8cc</sln:miejscIIPId><sln:miejscIIPPn>PL.PZGIK.200</sln:miejscIIPPn><sln:miejscIIPWersja>2017-04-19T12:15:38+02:00</sln:miejscIIPWersja><sln:miejscIdTeryt>0749933</sln:miejscIdTeryt><sln:miejscNazwa>Dolinka</sln:miejscNazwa><sln:miejscRodzaj>Osada</sln:miejscRodzaj><sln:powIIPId>a103670f-14b0-49b4-9984-e499dd7fb32e</sln:powIIPId><sln:powIIPPn>PL.PZGIK.200</sln:powIIPPn><sln:powIIPWersja>2012-09-27T09:33:51+02:00</sln:powIIPWersja><sln:powIdTeryt>2203</sln:powIdTeryt><sln:powNazwa>człuchowski</sln:powNazwa><sln:waznyOd>2014-03-13T00:00:00+01:00</sln:waznyOd><sln:wojIIPId>ece93e09-0215-42f3-8067-be0649f58d46</sln:wojIIPId><sln:wojIIPPn>PL.PZGIK.200</sln:wojIIPPn><sln:wojIIPWersja>2012-09-27T13:45:13+02:00</sln:wojIIPWersja><sln:wojIdTeryt>22</sln:wojIdTeryt><sln:wojNazwa>pomorskie</sln:wojNazwa></sln:miejscowosc><sln:miejscowosc><sln:cyklZyciaOd>2017-04-19T00:00:00+02:00</sln:cyklZyciaOd><sln:gmIIPId>684d77c1-a527-4260-a060-9f21da840858</sln:gmIIPId><sln:gmIIPPn>PL.PZGIK.200</sln:gmIIPPn><sln:gmIIPWersja>2012-09-26T22:45:23+02:00</sln:gmIIPWersja><sln:gmIdTeryt>2203062</sln:gmIdTeryt><sln:gmNazwa>Przechlewo</sln:gmNazwa><sln:miejscIIPId>23528171-edbb-4fca-aec6-ff454889fa62</sln:miejscIIPId><sln:miejscIIPPn>PL.PZGIK.200</sln:miejscIIPPn><sln:miejscIIPWersja>2017-04-19T12:15:38+02:00</sln:miejscIIPWersja><sln:miejscIdTeryt>0749940</sln:miejscIdTeryt><sln:miejscNazwa>Zawada</sln:miejscNazwa><sln:miejscRodzaj>Osada</sln:miejscRodzaj><sln:powIIPId>a103670f-14b0-49b4-9984-e499dd7fb32e</sln:powIIPId><sln:powIIPPn>PL.PZGIK.200</sln:powIIPPn><sln:powIIPWersja>2012-09-27T09:33:51+02:00</sln:powIIPWersja><sln:powIdTeryt>2203</sln:powIdTeryt><sln:powNazwa>człuchowski</sln:powNazwa><sln:waznyOd>2014-03-13T00:00:00+01:00</sln:waznyOd><sln:wojIIPId>ece93e09-0215-42f3-8067-be0649f58d46</sln:wojIIPId><sln:wojIIPPn>PL.PZGIK.200</sln:wojIIPPn><sln:wojIIPWersja>2012-09-27T13:45:13+02:00</sln:wojIIPWersja><sln:wojIdTeryt>22</sln:wojIdTeryt><sln:wojNazwa>pomorskie</sln:wojNazwa></sln:miejscowosc><sln:miejscowosc><sln:cyklZyciaOd>2017-04-19T00:00:00+02:00</sln:cyklZyciaOd><sln:gmIIPId>684d77c1-a527-4260-a060-9f21da840858</sln:gmIIPId><sln:gmIIPPn>PL.PZGIK.200</sln:gmIIPPn><sln:gmIIPWersja>2012-09-26T22:45:23+02:00</sln:gmIIPWersja><sln:gmIdTeryt>2203062</sln:gmIdTeryt><sln:gmNazwa>Przechlewo</sln:gmNazwa><sln:miejscIIPId>bd47d68f-a7a7-436d-b0e6-c85db188b846</sln:miejscIIPId><sln:miejscIIPPn>PL.PZGIK.200</sln:miejscIIPPn><sln:miejscIIPWersja>2017-04-19T12:15:38+02:00</sln:miejscIIPWersja><sln:miejscIdTeryt>0749956</sln:miejscIdTeryt><sln:miejscNazwa>Żołna</sln:miejscNazwa><sln:miejscRodzaj>Osada</sln:miejscRodzaj><sln:powIIPId>a103670f-14b0-49b4-9984-e499dd7fb32e</sln:powIIPId><sln:powIIPPn>PL.PZGIK.200</sln:powIIPPn><sln:powIIPWersja>2012-09-27T09:33:51+02:00</sln:powIIPWersja><sln:powIdTeryt>2203</sln:powIdTeryt><sln:powNazwa>człuchowski</sln:powNazwa><sln:waznyOd>2014-03-13T00:00:00+01:00</sln:waznyOd><sln:wojIIPId>ece93e09-0215-42f3-8067-be0649f58d46</sln:wojIIPId><sln:wojIIPPn>PL.PZGIK.200</sln:wojIIPPn><sln:wojIIPWersja>2012-09-27T13:45:13+02:00</sln:wojIIPWersja><sln:wojIdTeryt>22</sln:wojIdTeryt><sln:wojNazwa>pomorskie</sln:wojNazwa></sln:miejscowosc><sln:miejscowosc><sln:cyklZyciaOd>2017-04-19T00:00:00+02:00</sln:cyklZyciaOd><sln:gmIIPId>684d77c1-a527-4260-a060-9f21da840858</sln:gmIIPId><sln:gmIIPPn>PL.PZGIK.200</sln:gmIIPPn><sln:gmIIPWersja>2012-09-26T22:45:23+02:00</sln:gmIIPWersja><sln:gmIdTeryt>2203062</sln:gmIdTeryt><sln:gmNazwa>Przechlewo</sln:gmNazwa><sln:miejscIIPId>4e69d83f-18fa-422e-9fcb-67e0c289e12f</sln:miejscIIPId><sln:miejscIIPPn>PL.PZGIK.200</sln:miejscIIPPn><sln:miejscIIPWersja>2017-04-19T12:15:39+02:00</sln:miejscIIPWersja><sln:miejscIdTeryt>0749962</sln:miejscIdTeryt><sln:miejscNazwa>Lipczynek</sln:miejscNazwa><sln:miejscRodzaj>Osada leśna</sln:miejscRodzaj><sln:powIIPId>a103670f-14b0-49b4-9984-e499dd7fb32e</sln:powIIPId><sln:powIIPPn>PL.PZGIK.200</sln:powIIPPn><sln:powIIPWersja>2012-09-27T09:33:51+02:00</sln:powIIPWersja><sln:powIdTeryt>2203</sln:powIdTeryt><sln:powNazwa>człuchowski</sln:powNazwa><sln:waznyOd>2014-03-13T00:00:00+01:00</sln:waznyOd><sln:wojIIPId>ece93e09-0215-42f3-8067-be0649f58d46</sln:wojIIPId><sln:wojIIPPn>PL.PZGIK.200</sln:wojIIPPn><sln:wojIIPWersja>2012-09-27T13:45:13+02:00</sln:wojIIPWersja><sln:wojIdTeryt>22</sln:wojIdTeryt><sln:wojNazwa>pomorskie</sln:wojNazwa></sln:miejscowosc><sln:miejscowosc><sln:cyklZyciaOd>2017-04-19T00:00:00+02:00</sln:cyklZyciaOd><sln:gmIIPId>684d77c1-a527-4260-a060-9f21da840858</sln:gmIIPId><sln:gmIIPPn>PL.PZGIK.200</sln:gmIIPPn><sln:gmIIPWersja>2012-09-26T22:45:23+02:00</sln:gmIIPWersja><sln:gmIdTeryt>2203062</sln:gmIdTeryt><sln:gmNazwa>Przechlewo</sln:gmNazwa><sln:miejscIIPId>b6e14289-1daa-4e5c-873e-7b914af08d05</sln:miejscIIPId><sln:miejscIIPPn>PL.PZGIK.200</sln:miejscIIPPn><sln:miejscIIPWersja>2017-04-19T12:15:39+02:00</sln:miejscIIPWersja><sln:miejscIdTeryt>0749979</sln:miejscIdTeryt><sln:miejscNazwa>Szyszka</sln:miejscNazwa><sln:miejscRodzaj>Osada leśna</sln:miejscRodzaj><sln:powIIPId>a103670f-14b0-49b4-9984-e499dd7fb32e</sln:powIIPId><sln:powIIPPn>PL.PZGIK.200</sln:powIIPPn><sln:powIIPWersja>2012-09-27T09:33:51+02:00</sln:powIIPWersja><sln:powIdTeryt>2203</sln:powIdTeryt><sln:powNazwa>człuchowski</sln:powNazwa><sln:waznyOd>2014-03-13T00:00:00+01:00</sln:waznyOd><sln:wojIIPId>ece93e09-0215-42f3-8067-be0649f58d46</sln:wojIIPId><sln:wojIIPPn>PL.PZGIK.200</sln:wojIIPPn><sln:wojIIPWersja>2012-09-27T13:45:13+02:00</sln:wojIIPWersja><sln:wojIdTeryt>22</sln:wojIdTeryt><sln:wojNazwa>pomorskie</sln:wojNazwa></sln:miejscowosc></sln:lista-miejscowosci>