<?xml version="1.0" encoding="UTF-8" standalone="yes"?><sln:lista-miejscowosci xmlns:srv="http://gugik.gov.pl/schemas/slowniki-service/1.0" xmlns:sln="http://gugik.gov.pl/schemas/slowniki-schema/1.0"><sln:miejscowosc><sln:cyklZyciaOd>2014-12-07T00:00:00+01:00</sln:cyklZyciaOd><sln:gmIIPId>101ca46f-0542-42ea-b9cf-c36f82962ee6</sln:gmIIPId><sln:gmIIPPn>PL.PZGIK.200</sln:gmIIPPn><sln:gmIIPWersja>2012-09-26T22:46:17+02:00</sln:gmIIPWersja><sln:gmIdTeryt>2213042</sln:gmIdTeryt><sln:gmNazwa>Bobowo</sln:gmNazwa><sln:miejscIIPId>f47b60af-3a9c-4089-a97b-b330be0ad43b</sln:miejscIIPId><sln:miejscIIPPn>PL.PZGIK.200</sln:miejscIIPPn><sln:miejscIIPWersja>2016-11-24T13:37:48+02:00</sln:miejscIIPWersja><sln:miejscIdTeryt>0159539</sln:miejscIdTeryt><sln:miejscNazwa>Grabowiec</sln:miejscNazwa><sln:miejscRodzaj>Wieś</sln:miejscRodzaj><sln:powIIPId>caee2f73-5e2b-42b5-8bd9-9f3741b460d5</sln:powIIPId><sln:powIIPPn>PL.PZGIK.200</sln:powIIPPn><sln:powIIPWersja>2012-09-27T09:33:51+02:00</sln:powIIPWersja><sln:powIdTeryt>2213</sln:powIdTeryt><sln:powNazwa>starogardzki</sln:powNazwa><sln:wojIIPId>ece93e09-0215-42f3-8067-be0649f58d46</sln:wojIIPId><sln:wojIIPPn>PL.PZGIK.200</sln:wojIIPPn><sln:wojIIPWersja>2012-09-27T13:45:13+02:00</sln:wojIIPWersja><sln:wojIdTeryt>22</sln:wojIdTeryt><sln:wojNazwa>pomorskie</sln:wojNazwa></sln:miejscowosc><sln:miejscowosc><sln:cyklZyciaOd>2014-12-07T00:00:00+01:00</sln:cyklZyciaOd><sln:gmIIPId>101ca46f-0542-42ea-b9cf-c36f82962ee6</sln:gmIIPId><sln:gmIIPPn>PL.PZGIK.200</sln:gmIIPPn><sln:gmIIPWersja>2012-09-26T22:46:17+02:00</sln:gmIIPWersja><sln:gmIdTeryt>2213042</sln:gmIdTeryt><sln:gmNazwa>Bobowo</sln:gmNazwa><sln:miejscIIPId>f277b7e8-598d-40af-927c-47b07c5d1f4e</sln:miejscIIPId><sln:miejscIIPPn>PL.PZGIK.200</sln:miejscIIPPn><sln:miejscIIPWersja>2016-11-24T13:54:21+02:00</sln:miejscIIPWersja><sln:miejscIdTeryt>0159568</sln:miejscIdTeryt><sln:miejscNazwa>Maksymilianowo</sln:miejscNazwa><sln:miejscRodzaj>Kolonia</sln:miejscRodzaj><sln:powIIPId>caee2f73-5e2b-42b5-8bd9-9f3741b460d5</sln:powIIPId><sln:powIIPPn>PL.PZGIK.200</sln:powIIPPn><sln:powIIPWersja>2012-09-27T09:33:51+02:00</sln:powIIPWersja><sln:powIdTeryt>2213</sln:powIdTeryt><sln:powNazwa>starogardzki</sln:powNazwa><sln:wojIIPId>ece93e09-0215-42f3-8067-be0649f58d46</sln:wojIIPId><sln:wojIIPPn>PL.PZGIK.200</sln:wojIIPPn><sln:wojIIPWersja>2012-09-27T13:45:13+02:00</sln:wojIIPWersja><sln:wojIdTeryt>22</sln:wojIdTeryt><sln:wojNazwa>pomorskie</sln:wojNazwa></sln:miejscowosc><sln:miejscowosc><sln:cyklZyciaOd>2014-12-07T00:00:00+01:00</sln:cyklZyciaOd><sln:gmIIPId>101ca46f-0542-42ea-b9cf-c36f82962ee6</sln:gmIIPId><sln:gmIIPPn>PL.PZGIK.200</sln:gmIIPPn><sln:gmIIPWersja>2012-09-26T22:46:17+02:00</sln:gmIIPWersja><sln:gmIdTeryt>2213042</sln:gmIdTeryt><sln:gmNazwa>Bobowo</sln:gmNazwa><sln:miejscIIPId>b5a61b84-5175-44e2-8c28-219a0e3d1375</sln:miejscIIPId><sln:miejscIIPPn>PL.PZGIK.200</sln:miejscIIPPn><sln:miejscIIPWersja>2016-11-24T13:57:02+02:00</sln:miejscIIPWersja><sln:miejscIdTeryt>0159500</sln:miejscIdTeryt><sln:miejscNazwa>Kamanowo</sln:miejscNazwa><sln:miejscRodzaj>Inny obiekt</sln:miejscRodzaj><sln:powIIPId>caee2f73-5e2b-42b5-8bd9-9f3741b460d5</sln:powIIPId><sln:powIIPPn>PL.PZGIK.200</sln:powIIPPn><sln:powIIPWersja>2012-09-27T09:33:51+02:00</sln:powIIPWersja><sln:powIdTeryt>2213</sln:powIdTeryt><sln:powNazwa>starogardzki</sln:powNazwa><sln:wojIIPId>ece93e09-0215-42f3-8067-be0649f58d46</sln:wojIIPId><sln:wojIIPPn>PL.PZGIK.200</sln:wojIIPPn><sln:wojIIPWersja>2012-09-27T13:45:13+02:00</sln:wojIIPWersja><sln:wojIdTeryt>22</sln:wojIdTeryt><sln:wojNazwa>pomorskie</sln:wojNazwa></sln:miejscowosc><sln:miejscowosc><sln:cyklZyciaOd>2014-12-07T00:00:00+01:00</sln:cyklZyciaOd><sln:gmIIPId>101ca46f-0542-42ea-b9cf-c36f82962ee6</sln:gmIIPId><sln:gmIIPPn>PL.PZGIK.200</sln:gmIIPPn><sln:gmIIPWersja>2012-09-26T22:46:17+02:00</sln:gmIIPWersja><sln:gmIdTeryt>2213042</sln:gmIdTeryt><sln:gmNazwa>Bobowo</sln:gmNazwa><sln:miejscIIPId>e6d79a9e-6ed4-4f0d-9c35-75041306d81e</sln:miejscIIPId><sln:miejscIIPPn>PL.PZGIK.200</sln:miejscIIPPn><sln:miejscIIPWersja>2016-11-24T13:38:26+02:00</sln:miejscIIPWersja><sln:miejscIdTeryt>0159574</sln:miejscIdTeryt><sln:miejscNazwa>Jabłówko</sln:miejscNazwa><sln:miejscRodzaj>Wieś</sln:miejscRodzaj><sln:powIIPId>caee2f73-5e2b-42b5-8bd9-9f3741b460d5</sln:powIIPId><sln:powIIPPn>PL.PZGIK.200</sln:powIIPPn><sln:powIIPWersja>2012-09-27T09:33:51+02:00</sln:powIIPWersja><sln:powIdTeryt>2213</sln:powIdTeryt><sln:powNazwa>starogardzki</sln:powNazwa><sln:wojIIPId>ece93e09-0215-42f3-8067-be0649f58d46</sln:wojIIPId><sln:wojIIPPn>PL.PZGIK.200</sln:wojIIPPn><sln:wojIIPWersja>2012-09-27T13:45:13+02:00</sln:wojIIPWersja><sln:wojIdTeryt>22</sln:wojIdTeryt><sln:wojNazwa>pomorskie</sln:wojNazwa></sln:miejscowosc><sln:miejscowosc><sln:cyklZyciaOd>2014-12-07T00:00:00+01:00</sln:cyklZyciaOd><sln:gmIIPId>101ca46f-0542-42ea-b9cf-c36f82962ee6</sln:gmIIPId><sln:gmIIPPn>PL.PZGIK.200</sln:gmIIPPn><sln:gmIIPWersja>2012-09-26T22:46:17+02:00</sln:gmIIPWersja><sln:gmIdTeryt>2213042</sln:gmIdTeryt><sln:gmNazwa>Bobowo</sln:gmNazwa><sln:miejscIIPId>3d0fd6c9-46ae-4809-a860-20be1ae58d73</sln:miejscIIPId><sln:miejscIIPPn>PL.PZGIK.200</sln:miejscIIPPn><sln:miejscIIPWersja>2016-11-24T13:37:48+02:00</sln:miejscIIPWersja><sln:miejscIdTeryt>0159551</sln:miejscIdTeryt><sln:miejscNazwa>Grabowo</sln:miejscNazwa><sln:miejscRodzaj>Wieś</sln:miejscRodzaj><sln:powIIPId>caee2f73-5e2b-42b5-8bd9-9f3741b460d5</sln:powIIPId><sln:powIIPPn>PL.PZGIK.200</sln:powIIPPn><sln:powIIPWersja>2012-09-27T09:33:51+02:00</sln:powIIPWersja><sln:powIdTeryt>2213</sln:powIdTeryt><sln:powNazwa>starogardzki</sln:powNazwa><sln:wojIIPId>ece93e09-0215-42f3-8067-be0649f58d46</sln:wojIIPId><sln:wojIIPPn>PL.PZGIK.200</sln:wojIIPPn><sln:wojIIPWersja>2012-09-27T13:45:13+02:00</sln:wojIIPWersja><sln:wojIdTeryt>22</sln:wojIdTeryt><sln:wojNazwa>pomorskie</sln:wojNazwa></sln:miejscowosc><sln:miejscowosc><sln:cyklZyciaOd>2014-12-07T00:00:00+01:00</sln:cyklZyciaOd><sln:gmIIPId>101ca46f-0542-42ea-b9cf-c36f82962ee6</sln:gmIIPId><sln:gmIIPPn>PL.PZGIK.200</sln:gmIIPPn><sln:gmIIPWersja>2012-09-26T22:46:17+02:00</sln:gmIIPWersja><sln:gmIdTeryt>2213042</sln:gmIdTeryt><sln:gmNazwa>Bobowo</sln:gmNazwa><sln:miejscIIPId>18063778-d33f-4854-9f5b-faaaf5567bd0</sln:miejscIIPId><sln:miejscIIPPn>PL.PZGIK.200</sln:miejscIIPPn><sln:miejscIIPWersja>2016-11-24T13:34:00+02:00</sln:miejscIIPWersja><sln:miejscIdTeryt>0173634</sln:miejscIdTeryt><sln:miejscNazwa>Wysoka</sln:miejscNazwa><sln:miejscRodzaj>Wieś</sln:miejscRodzaj><sln:powIIPId>caee2f73-5e2b-42b5-8bd9-9f3741b460d5</sln:powIIPId><sln:powIIPPn>PL.PZGIK.200</sln:powIIPPn><sln:powIIPWersja>2012-09-27T09:33:51+02:00</sln:powIIPWersja><sln:powIdTeryt>2213</sln:powIdTeryt><sln:powNazwa>starogardzki</sln:powNazwa><sln:wojIIPId>ece93e09-0215-42f3-8067-be0649f58d46</sln:wojIIPId><sln:wojIIPPn>PL.PZGIK.200</sln:wojIIPPn><sln:wojIIPWersja>2012-09-27T13:45:13+02:00</sln:wojIIPWersja><sln:wojIdTeryt>22</sln:wojIdTeryt><sln:wojNazwa>pomorskie</sln:wojNazwa></sln:miejscowosc><sln:miejscowosc><sln:cyklZyciaOd>2014-12-07T00:00:00+01:00</sln:cyklZyciaOd><sln:gmIIPId>101ca46f-0542-42ea-b9cf-c36f82962ee6</sln:gmIIPId><sln:gmIIPPn>PL.PZGIK.200</sln:gmIIPPn><sln:gmIIPWersja>2012-09-26T22:46:17+02:00</sln:gmIIPWersja><sln:gmIdTeryt>2213042</sln:gmIdTeryt><sln:gmNazwa>Bobowo</sln:gmNazwa><sln:miejscIIPId>07eff1db-bc7d-4d71-9cd1-63613edc1a97</sln:miejscIIPId><sln:miejscIIPPn>PL.PZGIK.200</sln:miejscIIPPn><sln:miejscIIPWersja>2016-11-24T13:57:02+02:00</sln:miejscIIPWersja><sln:miejscIdTeryt>0159522</sln:miejscIdTeryt><sln:miejscNazwa>Urbanowo</sln:miejscNazwa><sln:miejscRodzaj>Osada</sln:miejscRodzaj><sln:powIIPId>caee2f73-5e2b-42b5-8bd9-9f3741b460d5</sln:powIIPId><sln:powIIPPn>PL.PZGIK.200</sln:powIIPPn><sln:powIIPWersja>2012-09-27T09:33:51+02:00</sln:powIIPWersja><sln:powIdTeryt>2213</sln:powIdTeryt><sln:powNazwa>starogardzki</sln:powNazwa><sln:wojIIPId>ece93e09-0215-42f3-8067-be0649f58d46</sln:wojIIPId><sln:wojIIPPn>PL.PZGIK.200</sln:wojIIPPn><sln:wojIIPWersja>2012-09-27T13:45:13+02:00</sln:wojIIPWersja><sln:wojIdTeryt>22</sln:wojIdTeryt><sln:wojNazwa>pomorskie</sln:wojNazwa></sln:miejscowosc><sln:miejscowosc><sln:cyklZyciaOd>2014-12-07T00:00:00+01:00</sln:cyklZyciaOd><sln:gmIIPId>101ca46f-0542-42ea-b9cf-c36f82962ee6</sln:gmIIPId><sln:gmIIPPn>PL.PZGIK.200</sln:gmIIPPn><sln:gmIIPWersja>2012-09-26T22:46:17+02:00</sln:gmIIPWersja><sln:gmIdTeryt>2213042</sln:gmIdTeryt><sln:gmNazwa>Bobowo</sln:gmNazwa><sln:miejscIIPId>5d6e8dd7-7201-409a-9465-715d9c5eb1ef</sln:miejscIIPId><sln:miejscIIPPn>PL.PZGIK.200</sln:miejscIIPPn><sln:miejscIIPWersja>2016-11-24T13:54:21+02:00</sln:miejscIIPWersja><sln:miejscIdTeryt>0159545</sln:miejscIdTeryt><sln:miejscNazwa>Mysinek</sln:miejscNazwa><sln:miejscRodzaj>Osada</sln:miejscRodzaj><sln:powIIPId>caee2f73-5e2b-42b5-8bd9-9f3741b460d5</sln:powIIPId><sln:powIIPPn>PL.PZGIK.200</sln:powIIPPn><sln:powIIPWersja>2012-09-27T09:33:51+02:00</sln:powIIPWersja><sln:powIdTeryt>2213</sln:powIdTeryt><sln:powNazwa>starogardzki</sln:powNazwa><sln:wojIIPId>ece93e09-0215-42f3-8067-be0649f58d46</sln:wojIIPId><sln:wojIIPPn>PL.PZGIK.200</sln:wojIIPPn><sln:wojIIPWersja>2012-09-27T13:45:13+02:00</sln:wojIIPWersja><sln:wojIdTeryt>22</sln:wojIdTeryt><sln:wojNazwa>pomorskie</sln:wojNazwa></sln:miejscowosc><sln:miejscowosc><sln:cyklZyciaOd>2014-12-07T00:00:00+01:00</sln:cyklZyciaOd><sln:gmIIPId>101ca46f-0542-42ea-b9cf-c36f82962ee6</sln:gmIIPId><sln:gmIIPPn>PL.PZGIK.200</sln:gmIIPPn><sln:gmIIPWersja>2012-09-26T22:46:17+02:00</sln:gmIIPWersja><sln:gmIdTeryt>2213042</sln:gmIdTeryt><sln:gmNazwa>Bobowo</sln:gmNazwa><sln:miejscIIPId>cc1e18de-63ac-47d5-b3c6-cd11b700f17c</sln:miejscIIPId><sln:miejscIIPPn>PL.PZGIK.200</sln:miejscIIPPn><sln:miejscIIPWersja>2016-11-24T13:41:27+02:00</sln:miejscIIPWersja><sln:miejscIdTeryt>0159491</sln:miejscIdTeryt><sln:miejscNazwa>Bobowo</sln:miejscNazwa><sln:miejscRodzaj>Wieś</sln:miejscRodzaj><sln:powIIPId>caee2f73-5e2b-42b5-8bd9-9f3741b460d5</sln:powIIPId><sln:powIIPPn>PL.PZGIK.200</sln:powIIPPn><sln:powIIPWersja>2012-09-27T09:33:51+02:00</sln:powIIPWersja><sln:powIdTeryt>2213</sln:powIdTeryt><sln:powNazwa>starogardzki</sln:powNazwa><sln:wojIIPId>ece93e09-0215-42f3-8067-be0649f58d46</sln:wojIIPId><sln:wojIIPPn>PL.PZGIK.200</sln:wojIIPPn><sln:wojIIPWersja>2012-09-27T13:45:13+02:00</sln:wojIIPWersja><sln:wojIdTeryt>22</sln:wojIdTeryt><sln:wojNazwa>pomorskie</sln:wojNazwa></sln:miejscowosc><sln:miejscowosc><sln:cyklZyciaOd>2014-12-07T00:00:00+01:00</sln:cyklZyciaOd><sln:gmIIPId>101ca46f-0542-42ea-b9cf-c36f82962ee6</sln:gmIIPId><sln:gmIIPPn>PL.PZGIK.200</sln:gmIIPPn><sln:gmIIPWersja>2012-09-26T22:46:17+02:00</sln:gmIIPWersja><sln:gmIdTeryt>2213042</sln:gmIdTeryt><sln:gmNazwa>Bobowo</sln:gmNazwa><sln:miejscIIPId>9029ca09-cd05-41b4-b914-0438ad3f7cc0</sln:miejscIIPId><sln:miejscIIPPn>PL.PZGIK.200</sln:miejscIIPPn><sln:miejscIIPWersja>2016-11-24T13:30:50+02:00</sln:miejscIIPWersja><sln:miejscIdTeryt>0159580</sln:miejscIdTeryt><sln:miejscNazwa>Smoląg</sln:miejscNazwa><sln:miejscRodzaj>Wieś</sln:miejscRodzaj><sln:powIIPId>caee2f73-5e2b-42b5-8bd9-9f3741b460d5</sln:powIIPId><sln:powIIPPn>PL.PZGIK.200</sln:powIIPPn><sln:powIIPWersja>2012-09-27T09:33:51+02:00</sln:powIIPWersja><sln:powIdTeryt>2213</sln:powIdTeryt><sln:powNazwa>starogardzki</sln:powNazwa><sln:wojIIPId>ece93e09-0215-42f3-8067-be0649f58d46</sln:wojIIPId><sln:wojIIPPn>PL.PZGIK.200</sln:wojIIPPn><sln:wojIIPWersja>2012-09-27T13:45:13+02:00</sln:wojIIPWersja><sln:wojIdTeryt>22</sln:wojIdTeryt><sln:wojNazwa>pomorskie</sln:wojNazwa></sln:miejscowosc><sln:miejscowosc><sln:cyklZyciaOd>2014-12-07T00:00:00+01:00</sln:cyklZyciaOd><sln:gmIIPId>101ca46f-0542-42ea-b9cf-c36f82962ee6</sln:gmIIPId><sln:gmIIPPn>PL.PZGIK.200</sln:gmIIPPn><sln:gmIIPWersja>2012-09-26T22:46:17+02:00</sln:gmIIPWersja><sln:gmIdTeryt>2213042</sln:gmIdTeryt><sln:gmNazwa>Bobowo</sln:gmNazwa><sln:miejscIIPId>8d9f80fa-43b9-4ace-9e88-2d73f8026c76</sln:miejscIIPId><sln:miejscIIPPn>PL.PZGIK.200</sln:miejscIIPPn><sln:miejscIIPWersja>2016-11-24T13:57:02+02:00</sln:miejscIIPWersja><sln:miejscIdTeryt>0159516</sln:miejscIdTeryt><sln:miejscNazwa>Rusek</sln:miejscNazwa><sln:miejscRodzaj>Osada</sln:miejscRodzaj><sln:powIIPId>caee2f73-5e2b-42b5-8bd9-9f3741b460d5</sln:powIIPId><sln:powIIPPn>PL.PZGIK.200</sln:powIIPPn><sln:powIIPWersja>2012-09-27T09:33:51+02:00</sln:powIIPWersja><sln:powIdTeryt>2213</sln:powIdTeryt><sln:powNazwa>starogardzki</sln:powNazwa><sln:wojIIPId>ece93e09-0215-42f3-8067-be0649f58d46</sln:wojIIPId><sln:wojIIPPn>PL.PZGIK.200</sln:wojIIPPn><sln:wojIIPWersja>2012-09-27T13:45:13+02:00</sln:wojIIPWersja><sln:wojIdTeryt>22</sln:wojIdTeryt><sln:wojNazwa>pomorskie</sln:wojNazwa></sln:miejscowosc></sln:lista-miejscowosci>