<?xml version="1.0" encoding="UTF-8" standalone="yes"?><sln:lista-miejscowosci xmlns:srv="http://gugik.gov.pl/schemas/slowniki-service/1.0" xmlns:sln="http://gugik.gov.pl/schemas/slowniki-schema/1.0"><sln:miejscowosc><sln:cyklZyciaDo>2017-04-04T00:00:00+02:00</sln:cyklZyciaDo><sln:cyklZyciaOd>2016-01-08T00:00:00+01:00</sln:cyklZyciaOd><sln:gmIIPId>2e8c34af-46f4-4aef-b241-c361ecafdeab</sln:gmIIPId><sln:gmIIPPn>PL.PZGIK.200</sln:gmIIPPn><sln:gmIIPWersja>2012-09-26T22:45:54+02:00</sln:gmIIPWersja><sln:gmIdTeryt>2211052</sln:gmIdTeryt><sln:gmNazwa>Kosakowo</sln:gmNazwa><sln:miejscIIPId>a44baa97-c2e1-4e40-b812-ddda52e039d2</sln:miejscIIPId><sln:miejscIIPPn>PL.PZGIK.200</sln:miejscIIPPn><sln:miejscIIPWersja>2016-11-24T09:28:44+02:00</sln:miejscIIPWersja><sln:miejscIdTeryt>0164115</sln:miejscIdTeryt><sln:miejscNazwa>Dębogórze</sln:miejscNazwa><sln:miejscRodzaj>Wieś</sln:miejscRodzaj><sln:powIIPId>9d05c08b-4dda-4103-8a71-b6d57a91275b</sln:powIIPId><sln:powIIPPn>PL.PZGIK.200</sln:powIIPPn><sln:powIIPWersja>2012-09-27T09:33:51+02:00</sln:powIIPWersja><sln:powIdTeryt>2211</sln:powIdTeryt><sln:powNazwa>pucki</sln:powNazwa><sln:waznyOd>2011-08-29T00:00:00+02:00</sln:waznyOd><sln:wojIIPId>ece93e09-0215-42f3-8067-be0649f58d46</sln:wojIIPId><sln:wojIIPPn>PL.PZGIK.200</sln:wojIIPPn><sln:wojIIPWersja>2012-09-27T13:45:13+02:00</sln:wojIIPWersja><sln:wojIdTeryt>22</sln:wojIdTeryt><sln:wojNazwa>pomorskie</sln:wojNazwa></sln:miejscowosc><sln:miejscowosc><sln:cyklZyciaDo>2017-04-04T00:00:00+02:00</sln:cyklZyciaDo><sln:cyklZyciaOd>2016-01-08T00:00:00+01:00</sln:cyklZyciaOd><sln:gmIIPId>2e8c34af-46f4-4aef-b241-c361ecafdeab</sln:gmIIPId><sln:gmIIPPn>PL.PZGIK.200</sln:gmIIPPn><sln:gmIIPWersja>2012-09-26T22:45:54+02:00</sln:gmIIPWersja><sln:gmIdTeryt>2211052</sln:gmIdTeryt><sln:gmNazwa>Kosakowo</sln:gmNazwa><sln:miejscIIPId>4ab3374a-b748-40b7-a2f9-12c7626f2c04</sln:miejscIIPId><sln:miejscIIPPn>PL.PZGIK.200</sln:miejscIIPPn><sln:miejscIIPWersja>2016-11-24T09:28:46+02:00</sln:miejscIIPWersja><sln:miejscIdTeryt>0164121</sln:miejscIdTeryt><sln:miejscNazwa>Dębogórze-Wybudowanie</sln:miejscNazwa><sln:miejscRodzaj>Inny obiekt</sln:miejscRodzaj><sln:powIIPId>9d05c08b-4dda-4103-8a71-b6d57a91275b</sln:powIIPId><sln:powIIPPn>PL.PZGIK.200</sln:powIIPPn><sln:powIIPWersja>2012-09-27T09:33:51+02:00</sln:powIIPWersja><sln:powIdTeryt>2211</sln:powIdTeryt><sln:powNazwa>pucki</sln:powNazwa><sln:waznyOd>2015-04-23T00:00:00+02:00</sln:waznyOd><sln:wojIIPId>ece93e09-0215-42f3-8067-be0649f58d46</sln:wojIIPId><sln:wojIIPPn>PL.PZGIK.200</sln:wojIIPPn><sln:wojIIPWersja>2012-09-27T13:45:13+02:00</sln:wojIIPWersja><sln:wojIdTeryt>22</sln:wojIdTeryt><sln:wojNazwa>pomorskie</sln:wojNazwa></sln:miejscowosc><sln:miejscowosc><sln:cyklZyciaDo>2017-04-04T00:00:00+02:00</sln:cyklZyciaDo><sln:cyklZyciaOd>2016-01-08T00:00:00+01:00</sln:cyklZyciaOd><sln:gmIIPId>2e8c34af-46f4-4aef-b241-c361ecafdeab</sln:gmIIPId><sln:gmIIPPn>PL.PZGIK.200</sln:gmIIPPn><sln:gmIIPWersja>2012-09-26T22:45:54+02:00</sln:gmIIPWersja><sln:gmIdTeryt>2211052</sln:gmIdTeryt><sln:gmNazwa>Kosakowo</sln:gmNazwa><sln:miejscIIPId>6316264a-fb5a-4411-822d-2460a30ba904</sln:miejscIIPId><sln:miejscIIPPn>PL.PZGIK.200</sln:miejscIIPPn><sln:miejscIIPWersja>2016-11-24T09:28:48+02:00</sln:miejscIIPWersja><sln:miejscIdTeryt>0164138</sln:miejscIdTeryt><sln:miejscNazwa>Kazimierz</sln:miejscNazwa><sln:miejscRodzaj>Wieś</sln:miejscRodzaj><sln:powIIPId>9d05c08b-4dda-4103-8a71-b6d57a91275b</sln:powIIPId><sln:powIIPPn>PL.PZGIK.200</sln:powIIPPn><sln:powIIPWersja>2012-09-27T09:33:51+02:00</sln:powIIPWersja><sln:powIdTeryt>2211</sln:powIdTeryt><sln:powNazwa>pucki</sln:powNazwa><sln:waznyOd>2011-08-29T00:00:00+02:00</sln:waznyOd><sln:wojIIPId>ece93e09-0215-42f3-8067-be0649f58d46</sln:wojIIPId><sln:wojIIPPn>PL.PZGIK.200</sln:wojIIPPn><sln:wojIIPWersja>2012-09-27T13:45:13+02:00</sln:wojIIPWersja><sln:wojIdTeryt>22</sln:wojIdTeryt><sln:wojNazwa>pomorskie</sln:wojNazwa></sln:miejscowosc><sln:miejscowosc><sln:cyklZyciaDo>2017-04-04T00:00:00+02:00</sln:cyklZyciaDo><sln:cyklZyciaOd>2016-01-08T00:00:00+01:00</sln:cyklZyciaOd><sln:gmIIPId>2e8c34af-46f4-4aef-b241-c361ecafdeab</sln:gmIIPId><sln:gmIIPPn>PL.PZGIK.200</sln:gmIIPPn><sln:gmIIPWersja>2012-09-26T22:45:54+02:00</sln:gmIIPWersja><sln:gmIdTeryt>2211052</sln:gmIdTeryt><sln:gmNazwa>Kosakowo</sln:gmNazwa><sln:miejscIIPId>ef05fea2-8726-40d0-8027-1ee519eeef80</sln:miejscIIPId><sln:miejscIIPPn>PL.PZGIK.200</sln:miejscIIPPn><sln:miejscIIPWersja>2016-11-24T09:28:50+02:00</sln:miejscIIPWersja><sln:miejscIdTeryt>0164144</sln:miejscIdTeryt><sln:miejscNazwa>Kosakowo</sln:miejscNazwa><sln:miejscRodzaj>Wieś</sln:miejscRodzaj><sln:powIIPId>9d05c08b-4dda-4103-8a71-b6d57a91275b</sln:powIIPId><sln:powIIPPn>PL.PZGIK.200</sln:powIIPPn><sln:powIIPWersja>2012-09-27T09:33:51+02:00</sln:powIIPWersja><sln:powIdTeryt>2211</sln:powIdTeryt><sln:powNazwa>pucki</sln:powNazwa><sln:waznyOd>2011-08-29T00:00:00+02:00</sln:waznyOd><sln:wojIIPId>ece93e09-0215-42f3-8067-be0649f58d46</sln:wojIIPId><sln:wojIIPPn>PL.PZGIK.200</sln:wojIIPPn><sln:wojIIPWersja>2012-09-27T13:45:13+02:00</sln:wojIIPWersja><sln:wojIdTeryt>22</sln:wojIdTeryt><sln:wojNazwa>pomorskie</sln:wojNazwa></sln:miejscowosc><sln:miejscowosc><sln:cyklZyciaDo>2017-04-04T00:00:00+02:00</sln:cyklZyciaDo><sln:cyklZyciaOd>2016-01-08T00:00:00+01:00</sln:cyklZyciaOd><sln:gmIIPId>2e8c34af-46f4-4aef-b241-c361ecafdeab</sln:gmIIPId><sln:gmIIPPn>PL.PZGIK.200</sln:gmIIPPn><sln:gmIIPWersja>2012-09-26T22:45:54+02:00</sln:gmIIPWersja><sln:gmIdTeryt>2211052</sln:gmIdTeryt><sln:gmNazwa>Kosakowo</sln:gmNazwa><sln:miejscIIPId>cac78f39-3bc9-4b50-8bd9-03a231ac7e12</sln:miejscIIPId><sln:miejscIIPPn>PL.PZGIK.200</sln:miejscIIPPn><sln:miejscIIPWersja>2016-11-24T09:28:52+02:00</sln:miejscIIPWersja><sln:miejscIdTeryt>0164150</sln:miejscIdTeryt><sln:miejscNazwa>Mechelinki</sln:miejscNazwa><sln:miejscRodzaj>Wieś</sln:miejscRodzaj><sln:powIIPId>9d05c08b-4dda-4103-8a71-b6d57a91275b</sln:powIIPId><sln:powIIPPn>PL.PZGIK.200</sln:powIIPPn><sln:powIIPWersja>2012-09-27T09:33:51+02:00</sln:powIIPWersja><sln:powIdTeryt>2211</sln:powIdTeryt><sln:powNazwa>pucki</sln:powNazwa><sln:waznyOd>2011-08-29T00:00:00+02:00</sln:waznyOd><sln:wojIIPId>ece93e09-0215-42f3-8067-be0649f58d46</sln:wojIIPId><sln:wojIIPPn>PL.PZGIK.200</sln:wojIIPPn><sln:wojIIPWersja>2012-09-27T13:45:13+02:00</sln:wojIIPWersja><sln:wojIdTeryt>22</sln:wojIdTeryt><sln:wojNazwa>pomorskie</sln:wojNazwa></sln:miejscowosc><sln:miejscowosc><sln:cyklZyciaDo>2017-04-04T00:00:00+02:00</sln:cyklZyciaDo><sln:cyklZyciaOd>2016-01-08T00:00:00+01:00</sln:cyklZyciaOd><sln:gmIIPId>2e8c34af-46f4-4aef-b241-c361ecafdeab</sln:gmIIPId><sln:gmIIPPn>PL.PZGIK.200</sln:gmIIPPn><sln:gmIIPWersja>2012-09-26T22:45:54+02:00</sln:gmIIPWersja><sln:gmIdTeryt>2211052</sln:gmIdTeryt><sln:gmNazwa>Kosakowo</sln:gmNazwa><sln:miejscIIPId>cce0fe80-c442-4104-9d70-a7956fd21ff2</sln:miejscIIPId><sln:miejscIIPPn>PL.PZGIK.200</sln:miejscIIPPn><sln:miejscIIPWersja>2016-11-24T09:28:54+02:00</sln:miejscIIPWersja><sln:miejscIdTeryt>0164167</sln:miejscIdTeryt><sln:miejscNazwa>Mosty</sln:miejscNazwa><sln:miejscRodzaj>Wieś</sln:miejscRodzaj><sln:powIIPId>9d05c08b-4dda-4103-8a71-b6d57a91275b</sln:powIIPId><sln:powIIPPn>PL.PZGIK.200</sln:powIIPPn><sln:powIIPWersja>2012-09-27T09:33:51+02:00</sln:powIIPWersja><sln:powIdTeryt>2211</sln:powIdTeryt><sln:powNazwa>pucki</sln:powNazwa><sln:waznyOd>2011-08-29T00:00:00+02:00</sln:waznyOd><sln:wojIIPId>ece93e09-0215-42f3-8067-be0649f58d46</sln:wojIIPId><sln:wojIIPPn>PL.PZGIK.200</sln:wojIIPPn><sln:wojIIPWersja>2012-09-27T13:45:13+02:00</sln:wojIIPWersja><sln:wojIdTeryt>22</sln:wojIdTeryt><sln:wojNazwa>pomorskie</sln:wojNazwa></sln:miejscowosc><sln:miejscowosc><sln:cyklZyciaDo>2017-04-04T00:00:00+02:00</sln:cyklZyciaDo><sln:cyklZyciaOd>2016-01-08T00:00:00+01:00</sln:cyklZyciaOd><sln:gmIIPId>2e8c34af-46f4-4aef-b241-c361ecafdeab</sln:gmIIPId><sln:gmIIPPn>PL.PZGIK.200</sln:gmIIPPn><sln:gmIIPWersja>2012-09-26T22:45:54+02:00</sln:gmIIPWersja><sln:gmIdTeryt>2211052</sln:gmIdTeryt><sln:gmNazwa>Kosakowo</sln:gmNazwa><sln:miejscIIPId>7d4e08c0-a92d-42c5-bab5-7e96e459e874</sln:miejscIIPId><sln:miejscIIPPn>PL.PZGIK.200</sln:miejscIIPPn><sln:miejscIIPWersja>2016-11-24T09:28:56+02:00</sln:miejscIIPWersja><sln:miejscIdTeryt>0164173</sln:miejscIdTeryt><sln:miejscNazwa>Pierwoszyno</sln:miejscNazwa><sln:miejscRodzaj>Wieś</sln:miejscRodzaj><sln:powIIPId>9d05c08b-4dda-4103-8a71-b6d57a91275b</sln:powIIPId><sln:powIIPPn>PL.PZGIK.200</sln:powIIPPn><sln:powIIPWersja>2012-09-27T09:33:51+02:00</sln:powIIPWersja><sln:powIdTeryt>2211</sln:powIdTeryt><sln:powNazwa>pucki</sln:powNazwa><sln:waznyOd>2011-08-29T00:00:00+02:00</sln:waznyOd><sln:wojIIPId>ece93e09-0215-42f3-8067-be0649f58d46</sln:wojIIPId><sln:wojIIPPn>PL.PZGIK.200</sln:wojIIPPn><sln:wojIIPWersja>2012-09-27T13:45:13+02:00</sln:wojIIPWersja><sln:wojIdTeryt>22</sln:wojIdTeryt><sln:wojNazwa>pomorskie</sln:wojNazwa></sln:miejscowosc><sln:miejscowosc><sln:cyklZyciaDo>2017-04-04T00:00:00+02:00</sln:cyklZyciaDo><sln:cyklZyciaOd>2016-01-08T00:00:00+01:00</sln:cyklZyciaOd><sln:gmIIPId>2e8c34af-46f4-4aef-b241-c361ecafdeab</sln:gmIIPId><sln:gmIIPPn>PL.PZGIK.200</sln:gmIIPPn><sln:gmIIPWersja>2012-09-26T22:45:54+02:00</sln:gmIIPWersja><sln:gmIdTeryt>2211052</sln:gmIdTeryt><sln:gmNazwa>Kosakowo</sln:gmNazwa><sln:miejscIIPId>5996dacf-f528-4081-aace-8ef3d4d183ca</sln:miejscIIPId><sln:miejscIIPPn>PL.PZGIK.200</sln:miejscIIPPn><sln:miejscIIPWersja>2016-11-24T09:28:58+02:00</sln:miejscIIPWersja><sln:miejscIdTeryt>0164180</sln:miejscIdTeryt><sln:miejscNazwa>Pogórze</sln:miejscNazwa><sln:miejscRodzaj>Wieś</sln:miejscRodzaj><sln:powIIPId>9d05c08b-4dda-4103-8a71-b6d57a91275b</sln:powIIPId><sln:powIIPPn>PL.PZGIK.200</sln:powIIPPn><sln:powIIPWersja>2012-09-27T09:33:51+02:00</sln:powIIPWersja><sln:powIdTeryt>2211</sln:powIdTeryt><sln:powNazwa>pucki</sln:powNazwa><sln:waznyOd>2011-08-29T00:00:00+02:00</sln:waznyOd><sln:wojIIPId>ece93e09-0215-42f3-8067-be0649f58d46</sln:wojIIPId><sln:wojIIPPn>PL.PZGIK.200</sln:wojIIPPn><sln:wojIIPWersja>2012-09-27T13:45:13+02:00</sln:wojIIPWersja><sln:wojIdTeryt>22</sln:wojIdTeryt><sln:wojNazwa>pomorskie</sln:wojNazwa></sln:miejscowosc><sln:miejscowosc><sln:cyklZyciaDo>2017-04-04T00:00:00+02:00</sln:cyklZyciaDo><sln:cyklZyciaOd>2016-01-08T00:00:00+01:00</sln:cyklZyciaOd><sln:gmIIPId>2e8c34af-46f4-4aef-b241-c361ecafdeab</sln:gmIIPId><sln:gmIIPPn>PL.PZGIK.200</sln:gmIIPPn><sln:gmIIPWersja>2012-09-26T22:45:54+02:00</sln:gmIIPWersja><sln:gmIdTeryt>2211052</sln:gmIdTeryt><sln:gmNazwa>Kosakowo</sln:gmNazwa><sln:miejscIIPId>57451048-90be-4e07-b750-565f6d48d00b</sln:miejscIIPId><sln:miejscIIPPn>PL.PZGIK.200</sln:miejscIIPPn><sln:miejscIIPWersja>2016-11-24T09:29:02+02:00</sln:miejscIIPWersja><sln:miejscIdTeryt>0164210</sln:miejscIdTeryt><sln:miejscNazwa>Rewa</sln:miejscNazwa><sln:miejscRodzaj>Wieś</sln:miejscRodzaj><sln:powIIPId>9d05c08b-4dda-4103-8a71-b6d57a91275b</sln:powIIPId><sln:powIIPPn>PL.PZGIK.200</sln:powIIPPn><sln:powIIPWersja>2012-09-27T09:33:51+02:00</sln:powIIPWersja><sln:powIdTeryt>2211</sln:powIdTeryt><sln:powNazwa>pucki</sln:powNazwa><sln:waznyOd>2011-08-29T00:00:00+02:00</sln:waznyOd><sln:wojIIPId>ece93e09-0215-42f3-8067-be0649f58d46</sln:wojIIPId><sln:wojIIPPn>PL.PZGIK.200</sln:wojIIPPn><sln:wojIIPWersja>2012-09-27T13:45:13+02:00</sln:wojIIPWersja><sln:wojIdTeryt>22</sln:wojIdTeryt><sln:wojNazwa>pomorskie</sln:wojNazwa></sln:miejscowosc><sln:miejscowosc><sln:cyklZyciaDo>2017-04-04T00:00:00+02:00</sln:cyklZyciaDo><sln:cyklZyciaOd>2016-01-08T00:00:00+01:00</sln:cyklZyciaOd><sln:gmIIPId>2e8c34af-46f4-4aef-b241-c361ecafdeab</sln:gmIIPId><sln:gmIIPPn>PL.PZGIK.200</sln:gmIIPPn><sln:gmIIPWersja>2012-09-26T22:45:54+02:00</sln:gmIIPWersja><sln:gmIdTeryt>2211052</sln:gmIdTeryt><sln:gmNazwa>Kosakowo</sln:gmNazwa><sln:miejscIIPId>ed64e4be-a9c6-4100-b1b3-9415dc731e0f</sln:miejscIIPId><sln:miejscIIPPn>PL.PZGIK.200</sln:miejscIIPPn><sln:miejscIIPWersja>2016-11-24T09:29:00+02:00</sln:miejscIIPWersja><sln:miejscIdTeryt>0164204</sln:miejscIdTeryt><sln:miejscNazwa>Suchy Dwór</sln:miejscNazwa><sln:miejscRodzaj>Wieś</sln:miejscRodzaj><sln:powIIPId>9d05c08b-4dda-4103-8a71-b6d57a91275b</sln:powIIPId><sln:powIIPPn>PL.PZGIK.200</sln:powIIPPn><sln:powIIPWersja>2012-09-27T09:33:51+02:00</sln:powIIPWersja><sln:powIdTeryt>2211</sln:powIdTeryt><sln:powNazwa>pucki</sln:powNazwa><sln:waznyOd>2011-08-29T00:00:00+02:00</sln:waznyOd><sln:wojIIPId>ece93e09-0215-42f3-8067-be0649f58d46</sln:wojIIPId><sln:wojIIPPn>PL.PZGIK.200</sln:wojIIPPn><sln:wojIIPWersja>2012-09-27T13:45:13+02:00</sln:wojIIPWersja><sln:wojIdTeryt>22</sln:wojIdTeryt><sln:wojNazwa>pomorskie</sln:wojNazwa></sln:miejscowosc><sln:miejscowosc><sln:cyklZyciaDo>2015-12-28T00:00:00+01:00</sln:cyklZyciaDo><sln:cyklZyciaOd>2015-05-06T00:00:00+02:00</sln:cyklZyciaOd><sln:gmIIPId>2e8c34af-46f4-4aef-b241-c361ecafdeab</sln:gmIIPId><sln:gmIIPPn>PL.PZGIK.200</sln:gmIIPPn><sln:gmIIPWersja>2012-09-26T22:45:54+02:00</sln:gmIIPWersja><sln:gmIdTeryt>2211052</sln:gmIdTeryt><sln:gmNazwa>Kosakowo</sln:gmNazwa><sln:miejscIIPId>a44baa97-c2e1-4e40-b812-ddda52e039d2</sln:miejscIIPId><sln:miejscIIPPn>PL.PZGIK.200</sln:miejscIIPPn><sln:miejscIIPWersja>2016-11-24T09:28:45+02:00</sln:miejscIIPWersja><sln:miejscIdTeryt>0164115</sln:miejscIdTeryt><sln:miejscNazwa>Dębogórze</sln:miejscNazwa><sln:miejscRodzaj>Wieś</sln:miejscRodzaj><sln:powIIPId>9d05c08b-4dda-4103-8a71-b6d57a91275b</sln:powIIPId><sln:powIIPPn>PL.PZGIK.200</sln:powIIPPn><sln:powIIPWersja>2012-09-27T09:33:51+02:00</sln:powIIPWersja><sln:powIdTeryt>2211</sln:powIdTeryt><sln:powNazwa>pucki</sln:powNazwa><sln:waznyOd>2011-08-29T00:00:00+02:00</sln:waznyOd><sln:wojIIPId>ece93e09-0215-42f3-8067-be0649f58d46</sln:wojIIPId><sln:wojIIPPn>PL.PZGIK.200</sln:wojIIPPn><sln:wojIIPWersja>2012-09-27T13:45:13+02:00</sln:wojIIPWersja><sln:wojIdTeryt>22</sln:wojIdTeryt><sln:wojNazwa>pomorskie</sln:wojNazwa></sln:miejscowosc><sln:miejscowosc><sln:cyklZyciaDo>2015-12-28T00:00:00+01:00</sln:cyklZyciaDo><sln:cyklZyciaOd>2015-05-06T00:00:00+02:00</sln:cyklZyciaOd><sln:gmIIPId>2e8c34af-46f4-4aef-b241-c361ecafdeab</sln:gmIIPId><sln:gmIIPPn>PL.PZGIK.200</sln:gmIIPPn><sln:gmIIPWersja>2012-09-26T22:45:54+02:00</sln:gmIIPWersja><sln:gmIdTeryt>2211052</sln:gmIdTeryt><sln:gmNazwa>Kosakowo</sln:gmNazwa><sln:miejscIIPId>4ab3374a-b748-40b7-a2f9-12c7626f2c04</sln:miejscIIPId><sln:miejscIIPPn>PL.PZGIK.200</sln:miejscIIPPn><sln:miejscIIPWersja>2016-11-24T09:28:47+02:00</sln:miejscIIPWersja><sln:miejscIdTeryt>0164121</sln:miejscIdTeryt><sln:miejscNazwa>Dębogórze-Wybudowanie</sln:miejscNazwa><sln:miejscRodzaj>Inny obiekt</sln:miejscRodzaj><sln:powIIPId>9d05c08b-4dda-4103-8a71-b6d57a91275b</sln:powIIPId><sln:powIIPPn>PL.PZGIK.200</sln:powIIPPn><sln:powIIPWersja>2012-09-27T09:33:51+02:00</sln:powIIPWersja><sln:powIdTeryt>2211</sln:powIdTeryt><sln:powNazwa>pucki</sln:powNazwa><sln:waznyOd>2015-04-23T00:00:00+02:00</sln:waznyOd><sln:wojIIPId>ece93e09-0215-42f3-8067-be0649f58d46</sln:wojIIPId><sln:wojIIPPn>PL.PZGIK.200</sln:wojIIPPn><sln:wojIIPWersja>2012-09-27T13:45:13+02:00</sln:wojIIPWersja><sln:wojIdTeryt>22</sln:wojIdTeryt><sln:wojNazwa>pomorskie</sln:wojNazwa></sln:miejscowosc><sln:miejscowosc><sln:cyklZyciaDo>2015-12-28T00:00:00+01:00</sln:cyklZyciaDo><sln:cyklZyciaOd>2015-05-06T00:00:00+02:00</sln:cyklZyciaOd><sln:gmIIPId>2e8c34af-46f4-4aef-b241-c361ecafdeab</sln:gmIIPId><sln:gmIIPPn>PL.PZGIK.200</sln:gmIIPPn><sln:gmIIPWersja>2012-09-26T22:45:54+02:00</sln:gmIIPWersja><sln:gmIdTeryt>2211052</sln:gmIdTeryt><sln:gmNazwa>Kosakowo</sln:gmNazwa><sln:miejscIIPId>6316264a-fb5a-4411-822d-2460a30ba904</sln:miejscIIPId><sln:miejscIIPPn>PL.PZGIK.200</sln:miejscIIPPn><sln:miejscIIPWersja>2016-11-24T09:28:49+02:00</sln:miejscIIPWersja><sln:miejscIdTeryt>0164138</sln:miejscIdTeryt><sln:miejscNazwa>Kazimierz</sln:miejscNazwa><sln:miejscRodzaj>Wieś</sln:miejscRodzaj><sln:powIIPId>9d05c08b-4dda-4103-8a71-b6d57a91275b</sln:powIIPId><sln:powIIPPn>PL.PZGIK.200</sln:powIIPPn><sln:powIIPWersja>2012-09-27T09:33:51+02:00</sln:powIIPWersja><sln:powIdTeryt>2211</sln:powIdTeryt><sln:powNazwa>pucki</sln:powNazwa><sln:waznyOd>2011-08-29T00:00:00+02:00</sln:waznyOd><sln:wojIIPId>ece93e09-0215-42f3-8067-be0649f58d46</sln:wojIIPId><sln:wojIIPPn>PL.PZGIK.200</sln:wojIIPPn><sln:wojIIPWersja>2012-09-27T13:45:13+02:00</sln:wojIIPWersja><sln:wojIdTeryt>22</sln:wojIdTeryt><sln:wojNazwa>pomorskie</sln:wojNazwa></sln:miejscowosc><sln:miejscowosc><sln:cyklZyciaDo>2015-12-28T00:00:00+01:00</sln:cyklZyciaDo><sln:cyklZyciaOd>2015-05-06T00:00:00+02:00</sln:cyklZyciaOd><sln:gmIIPId>2e8c34af-46f4-4aef-b241-c361ecafdeab</sln:gmIIPId><sln:gmIIPPn>PL.PZGIK.200</sln:gmIIPPn><sln:gmIIPWersja>2012-09-26T22:45:54+02:00</sln:gmIIPWersja><sln:gmIdTeryt>2211052</sln:gmIdTeryt><sln:gmNazwa>Kosakowo</sln:gmNazwa><sln:miejscIIPId>ef05fea2-8726-40d0-8027-1ee519eeef80</sln:miejscIIPId><sln:miejscIIPPn>PL.PZGIK.200</sln:miejscIIPPn><sln:miejscIIPWersja>2016-11-24T09:28:51+02:00</sln:miejscIIPWersja><sln:miejscIdTeryt>0164144</sln:miejscIdTeryt><sln:miejscNazwa>Kosakowo</sln:miejscNazwa><sln:miejscRodzaj>Wieś</sln:miejscRodzaj><sln:powIIPId>9d05c08b-4dda-4103-8a71-b6d57a91275b</sln:powIIPId><sln:powIIPPn>PL.PZGIK.200</sln:powIIPPn><sln:powIIPWersja>2012-09-27T09:33:51+02:00</sln:powIIPWersja><sln:powIdTeryt>2211</sln:powIdTeryt><sln:powNazwa>pucki</sln:powNazwa><sln:waznyOd>2011-08-29T00:00:00+02:00</sln:waznyOd><sln:wojIIPId>ece93e09-0215-42f3-8067-be0649f58d46</sln:wojIIPId><sln:wojIIPPn>PL.PZGIK.200</sln:wojIIPPn><sln:wojIIPWersja>2012-09-27T13:45:13+02:00</sln:wojIIPWersja><sln:wojIdTeryt>22</sln:wojIdTeryt><sln:wojNazwa>pomorskie</sln:wojNazwa></sln:miejscowosc><sln:miejscowosc><sln:cyklZyciaDo>2015-12-28T00:00:00+01:00</sln:cyklZyciaDo><sln:cyklZyciaOd>2015-05-06T00:00:00+02:00</sln:cyklZyciaOd><sln:gmIIPId>2e8c34af-46f4-4aef-b241-c361ecafdeab</sln:gmIIPId><sln:gmIIPPn>PL.PZGIK.200</sln:gmIIPPn><sln:gmIIPWersja>2012-09-26T22:45:54+02:00</sln:gmIIPWersja><sln:gmIdTeryt>2211052</sln:gmIdTeryt><sln:gmNazwa>Kosakowo</sln:gmNazwa><sln:miejscIIPId>cac78f39-3bc9-4b50-8bd9-03a231ac7e12</sln:miejscIIPId><sln:miejscIIPPn>PL.PZGIK.200</sln:miejscIIPPn><sln:miejscIIPWersja>2016-11-24T09:28:53+02:00</sln:miejscIIPWersja><sln:miejscIdTeryt>0164150</sln:miejscIdTeryt><sln:miejscNazwa>Mechelinki</sln:miejscNazwa><sln:miejscRodzaj>Wieś</sln:miejscRodzaj><sln:powIIPId>9d05c08b-4dda-4103-8a71-b6d57a91275b</sln:powIIPId><sln:powIIPPn>PL.PZGIK.200</sln:powIIPPn><sln:powIIPWersja>2012-09-27T09:33:51+02:00</sln:powIIPWersja><sln:powIdTeryt>2211</sln:powIdTeryt><sln:powNazwa>pucki</sln:powNazwa><sln:waznyOd>2011-08-29T00:00:00+02:00</sln:waznyOd><sln:wojIIPId>ece93e09-0215-42f3-8067-be0649f58d46</sln:wojIIPId><sln:wojIIPPn>PL.PZGIK.200</sln:wojIIPPn><sln:wojIIPWersja>2012-09-27T13:45:13+02:00</sln:wojIIPWersja><sln:wojIdTeryt>22</sln:wojIdTeryt><sln:wojNazwa>pomorskie</sln:wojNazwa></sln:miejscowosc><sln:miejscowosc><sln:cyklZyciaDo>2015-12-28T00:00:00+01:00</sln:cyklZyciaDo><sln:cyklZyciaOd>2015-05-06T00:00:00+02:00</sln:cyklZyciaOd><sln:gmIIPId>2e8c34af-46f4-4aef-b241-c361ecafdeab</sln:gmIIPId><sln:gmIIPPn>PL.PZGIK.200</sln:gmIIPPn><sln:gmIIPWersja>2012-09-26T22:45:54+02:00</sln:gmIIPWersja><sln:gmIdTeryt>2211052</sln:gmIdTeryt><sln:gmNazwa>Kosakowo</sln:gmNazwa><sln:miejscIIPId>cce0fe80-c442-4104-9d70-a7956fd21ff2</sln:miejscIIPId><sln:miejscIIPPn>PL.PZGIK.200</sln:miejscIIPPn><sln:miejscIIPWersja>2016-11-24T09:28:55+02:00</sln:miejscIIPWersja><sln:miejscIdTeryt>0164167</sln:miejscIdTeryt><sln:miejscNazwa>Mosty</sln:miejscNazwa><sln:miejscRodzaj>Wieś</sln:miejscRodzaj><sln:powIIPId>9d05c08b-4dda-4103-8a71-b6d57a91275b</sln:powIIPId><sln:powIIPPn>PL.PZGIK.200</sln:powIIPPn><sln:powIIPWersja>2012-09-27T09:33:51+02:00</sln:powIIPWersja><sln:powIdTeryt>2211</sln:powIdTeryt><sln:powNazwa>pucki</sln:powNazwa><sln:waznyOd>2011-08-29T00:00:00+02:00</sln:waznyOd><sln:wojIIPId>ece93e09-0215-42f3-8067-be0649f58d46</sln:wojIIPId><sln:wojIIPPn>PL.PZGIK.200</sln:wojIIPPn><sln:wojIIPWersja>2012-09-27T13:45:13+02:00</sln:wojIIPWersja><sln:wojIdTeryt>22</sln:wojIdTeryt><sln:wojNazwa>pomorskie</sln:wojNazwa></sln:miejscowosc><sln:miejscowosc><sln:cyklZyciaDo>2015-12-28T00:00:00+01:00</sln:cyklZyciaDo><sln:cyklZyciaOd>2015-05-06T00:00:00+02:00</sln:cyklZyciaOd><sln:gmIIPId>2e8c34af-46f4-4aef-b241-c361ecafdeab</sln:gmIIPId><sln:gmIIPPn>PL.PZGIK.200</sln:gmIIPPn><sln:gmIIPWersja>2012-09-26T22:45:54+02:00</sln:gmIIPWersja><sln:gmIdTeryt>2211052</sln:gmIdTeryt><sln:gmNazwa>Kosakowo</sln:gmNazwa><sln:miejscIIPId>7d4e08c0-a92d-42c5-bab5-7e96e459e874</sln:miejscIIPId><sln:miejscIIPPn>PL.PZGIK.200</sln:miejscIIPPn><sln:miejscIIPWersja>2016-11-24T09:28:57+02:00</sln:miejscIIPWersja><sln:miejscIdTeryt>0164173</sln:miejscIdTeryt><sln:miejscNazwa>Pierwoszyno</sln:miejscNazwa><sln:miejscRodzaj>Wieś</sln:miejscRodzaj><sln:powIIPId>9d05c08b-4dda-4103-8a71-b6d57a91275b</sln:powIIPId><sln:powIIPPn>PL.PZGIK.200</sln:powIIPPn><sln:powIIPWersja>2012-09-27T09:33:51+02:00</sln:powIIPWersja><sln:powIdTeryt>2211</sln:powIdTeryt><sln:powNazwa>pucki</sln:powNazwa><sln:waznyOd>2011-08-29T00:00:00+02:00</sln:waznyOd><sln:wojIIPId>ece93e09-0215-42f3-8067-be0649f58d46</sln:wojIIPId><sln:wojIIPPn>PL.PZGIK.200</sln:wojIIPPn><sln:wojIIPWersja>2012-09-27T13:45:13+02:00</sln:wojIIPWersja><sln:wojIdTeryt>22</sln:wojIdTeryt><sln:wojNazwa>pomorskie</sln:wojNazwa></sln:miejscowosc><sln:miejscowosc><sln:cyklZyciaDo>2015-12-28T00:00:00+01:00</sln:cyklZyciaDo><sln:cyklZyciaOd>2015-05-06T00:00:00+02:00</sln:cyklZyciaOd><sln:gmIIPId>2e8c34af-46f4-4aef-b241-c361ecafdeab</sln:gmIIPId><sln:gmIIPPn>PL.PZGIK.200</sln:gmIIPPn><sln:gmIIPWersja>2012-09-26T22:45:54+02:00</sln:gmIIPWersja><sln:gmIdTeryt>2211052</sln:gmIdTeryt><sln:gmNazwa>Kosakowo</sln:gmNazwa><sln:miejscIIPId>5996dacf-f528-4081-aace-8ef3d4d183ca</sln:miejscIIPId><sln:miejscIIPPn>PL.PZGIK.200</sln:miejscIIPPn><sln:miejscIIPWersja>2016-11-24T09:28:59+02:00</sln:miejscIIPWersja><sln:miejscIdTeryt>0164180</sln:miejscIdTeryt><sln:miejscNazwa>Pogórze</sln:miejscNazwa><sln:miejscRodzaj>Wieś</sln:miejscRodzaj><sln:powIIPId>9d05c08b-4dda-4103-8a71-b6d57a91275b</sln:powIIPId><sln:powIIPPn>PL.PZGIK.200</sln:powIIPPn><sln:powIIPWersja>2012-09-27T09:33:51+02:00</sln:powIIPWersja><sln:powIdTeryt>2211</sln:powIdTeryt><sln:powNazwa>pucki</sln:powNazwa><sln:waznyOd>2011-08-29T00:00:00+02:00</sln:waznyOd><sln:wojIIPId>ece93e09-0215-42f3-8067-be0649f58d46</sln:wojIIPId><sln:wojIIPPn>PL.PZGIK.200</sln:wojIIPPn><sln:wojIIPWersja>2012-09-27T13:45:13+02:00</sln:wojIIPWersja><sln:wojIdTeryt>22</sln:wojIdTeryt><sln:wojNazwa>pomorskie</sln:wojNazwa></sln:miejscowosc><sln:miejscowosc><sln:cyklZyciaDo>2015-12-28T00:00:00+01:00</sln:cyklZyciaDo><sln:cyklZyciaOd>2015-05-06T00:00:00+02:00</sln:cyklZyciaOd><sln:gmIIPId>2e8c34af-46f4-4aef-b241-c361ecafdeab</sln:gmIIPId><sln:gmIIPPn>PL.PZGIK.200</sln:gmIIPPn><sln:gmIIPWersja>2012-09-26T22:45:54+02:00</sln:gmIIPWersja><sln:gmIdTeryt>2211052</sln:gmIdTeryt><sln:gmNazwa>Kosakowo</sln:gmNazwa><sln:miejscIIPId>57451048-90be-4e07-b750-565f6d48d00b</sln:miejscIIPId><sln:miejscIIPPn>PL.PZGIK.200</sln:miejscIIPPn><sln:miejscIIPWersja>2016-11-24T09:29:03+02:00</sln:miejscIIPWersja><sln:miejscIdTeryt>0164210</sln:miejscIdTeryt><sln:miejscNazwa>Rewa</sln:miejscNazwa><sln:miejscRodzaj>Wieś</sln:miejscRodzaj><sln:powIIPId>9d05c08b-4dda-4103-8a71-b6d57a91275b</sln:powIIPId><sln:powIIPPn>PL.PZGIK.200</sln:powIIPPn><sln:powIIPWersja>2012-09-27T09:33:51+02:00</sln:powIIPWersja><sln:powIdTeryt>2211</sln:powIdTeryt><sln:powNazwa>pucki</sln:powNazwa><sln:waznyOd>2011-08-29T00:00:00+02:00</sln:waznyOd><sln:wojIIPId>ece93e09-0215-42f3-8067-be0649f58d46</sln:wojIIPId><sln:wojIIPPn>PL.PZGIK.200</sln:wojIIPPn><sln:wojIIPWersja>2012-09-27T13:45:13+02:00</sln:wojIIPWersja><sln:wojIdTeryt>22</sln:wojIdTeryt><sln:wojNazwa>pomorskie</sln:wojNazwa></sln:miejscowosc><sln:miejscowosc><sln:cyklZyciaDo>2015-12-28T00:00:00+01:00</sln:cyklZyciaDo><sln:cyklZyciaOd>2015-05-06T00:00:00+02:00</sln:cyklZyciaOd><sln:gmIIPId>2e8c34af-46f4-4aef-b241-c361ecafdeab</sln:gmIIPId><sln:gmIIPPn>PL.PZGIK.200</sln:gmIIPPn><sln:gmIIPWersja>2012-09-26T22:45:54+02:00</sln:gmIIPWersja><sln:gmIdTeryt>2211052</sln:gmIdTeryt><sln:gmNazwa>Kosakowo</sln:gmNazwa><sln:miejscIIPId>ed64e4be-a9c6-4100-b1b3-9415dc731e0f</sln:miejscIIPId><sln:miejscIIPPn>PL.PZGIK.200</sln:miejscIIPPn><sln:miejscIIPWersja>2016-11-24T09:29:01+02:00</sln:miejscIIPWersja><sln:miejscIdTeryt>0164204</sln:miejscIdTeryt><sln:miejscNazwa>Suchy Dwór</sln:miejscNazwa><sln:miejscRodzaj>Wieś</sln:miejscRodzaj><sln:powIIPId>9d05c08b-4dda-4103-8a71-b6d57a91275b</sln:powIIPId><sln:powIIPPn>PL.PZGIK.200</sln:powIIPPn><sln:powIIPWersja>2012-09-27T09:33:51+02:00</sln:powIIPWersja><sln:powIdTeryt>2211</sln:powIdTeryt><sln:powNazwa>pucki</sln:powNazwa><sln:waznyOd>2011-08-29T00:00:00+02:00</sln:waznyOd><sln:wojIIPId>ece93e09-0215-42f3-8067-be0649f58d46</sln:wojIIPId><sln:wojIIPPn>PL.PZGIK.200</sln:wojIIPPn><sln:wojIIPWersja>2012-09-27T13:45:13+02:00</sln:wojIIPWersja><sln:wojIdTeryt>22</sln:wojIdTeryt><sln:wojNazwa>pomorskie</sln:wojNazwa></sln:miejscowosc><sln:miejscowosc><sln:cyklZyciaDo>2016-01-08T00:00:00+01:00</sln:cyklZyciaDo><sln:cyklZyciaOd>2015-12-28T00:00:00+01:00</sln:cyklZyciaOd><sln:gmIIPId>2e8c34af-46f4-4aef-b241-c361ecafdeab</sln:gmIIPId><sln:gmIIPPn>PL.PZGIK.200</sln:gmIIPPn><sln:gmIIPWersja>2012-09-26T22:45:54+02:00</sln:gmIIPWersja><sln:gmIdTeryt>2211052</sln:gmIdTeryt><sln:gmNazwa>Kosakowo</sln:gmNazwa><sln:miejscIIPId>a44baa97-c2e1-4e40-b812-ddda52e039d2</sln:miejscIIPId><sln:miejscIIPPn>PL.PZGIK.200</sln:miejscIIPPn><sln:miejscIIPWersja>2016-11-24T09:28:46+02:00</sln:miejscIIPWersja><sln:miejscIdTeryt>0164115</sln:miejscIdTeryt><sln:miejscNazwa>Dębogórze</sln:miejscNazwa><sln:miejscRodzaj>Wieś</sln:miejscRodzaj><sln:powIIPId>9d05c08b-4dda-4103-8a71-b6d57a91275b</sln:powIIPId><sln:powIIPPn>PL.PZGIK.200</sln:powIIPPn><sln:powIIPWersja>2012-09-27T09:33:51+02:00</sln:powIIPWersja><sln:powIdTeryt>2211</sln:powIdTeryt><sln:powNazwa>pucki</sln:powNazwa><sln:waznyOd>2011-08-29T00:00:00+02:00</sln:waznyOd><sln:wojIIPId>ece93e09-0215-42f3-8067-be0649f58d46</sln:wojIIPId><sln:wojIIPPn>PL.PZGIK.200</sln:wojIIPPn><sln:wojIIPWersja>2012-09-27T13:45:13+02:00</sln:wojIIPWersja><sln:wojIdTeryt>22</sln:wojIdTeryt><sln:wojNazwa>pomorskie</sln:wojNazwa></sln:miejscowosc><sln:miejscowosc><sln:cyklZyciaDo>2016-01-08T00:00:00+01:00</sln:cyklZyciaDo><sln:cyklZyciaOd>2015-12-28T00:00:00+01:00</sln:cyklZyciaOd><sln:gmIIPId>2e8c34af-46f4-4aef-b241-c361ecafdeab</sln:gmIIPId><sln:gmIIPPn>PL.PZGIK.200</sln:gmIIPPn><sln:gmIIPWersja>2012-09-26T22:45:54+02:00</sln:gmIIPWersja><sln:gmIdTeryt>2211052</sln:gmIdTeryt><sln:gmNazwa>Kosakowo</sln:gmNazwa><sln:miejscIIPId>4ab3374a-b748-40b7-a2f9-12c7626f2c04</sln:miejscIIPId><sln:miejscIIPPn>PL.PZGIK.200</sln:miejscIIPPn><sln:miejscIIPWersja>2016-11-24T09:28:48+02:00</sln:miejscIIPWersja><sln:miejscIdTeryt>0164121</sln:miejscIdTeryt><sln:miejscNazwa>Dębogórze-Wybudowanie</sln:miejscNazwa><sln:miejscRodzaj>Inny obiekt</sln:miejscRodzaj><sln:powIIPId>9d05c08b-4dda-4103-8a71-b6d57a91275b</sln:powIIPId><sln:powIIPPn>PL.PZGIK.200</sln:powIIPPn><sln:powIIPWersja>2012-09-27T09:33:51+02:00</sln:powIIPWersja><sln:powIdTeryt>2211</sln:powIdTeryt><sln:powNazwa>pucki</sln:powNazwa><sln:waznyOd>2015-04-23T00:00:00+02:00</sln:waznyOd><sln:wojIIPId>ece93e09-0215-42f3-8067-be0649f58d46</sln:wojIIPId><sln:wojIIPPn>PL.PZGIK.200</sln:wojIIPPn><sln:wojIIPWersja>2012-09-27T13:45:13+02:00</sln:wojIIPWersja><sln:wojIdTeryt>22</sln:wojIdTeryt><sln:wojNazwa>pomorskie</sln:wojNazwa></sln:miejscowosc><sln:miejscowosc><sln:cyklZyciaDo>2016-01-08T00:00:00+01:00</sln:cyklZyciaDo><sln:cyklZyciaOd>2015-12-28T00:00:00+01:00</sln:cyklZyciaOd><sln:gmIIPId>2e8c34af-46f4-4aef-b241-c361ecafdeab</sln:gmIIPId><sln:gmIIPPn>PL.PZGIK.200</sln:gmIIPPn><sln:gmIIPWersja>2012-09-26T22:45:54+02:00</sln:gmIIPWersja><sln:gmIdTeryt>2211052</sln:gmIdTeryt><sln:gmNazwa>Kosakowo</sln:gmNazwa><sln:miejscIIPId>6316264a-fb5a-4411-822d-2460a30ba904</sln:miejscIIPId><sln:miejscIIPPn>PL.PZGIK.200</sln:miejscIIPPn><sln:miejscIIPWersja>2016-11-24T09:28:50+02:00</sln:miejscIIPWersja><sln:miejscIdTeryt>0164138</sln:miejscIdTeryt><sln:miejscNazwa>Kazimierz</sln:miejscNazwa><sln:miejscRodzaj>Wieś</sln:miejscRodzaj><sln:powIIPId>9d05c08b-4dda-4103-8a71-b6d57a91275b</sln:powIIPId><sln:powIIPPn>PL.PZGIK.200</sln:powIIPPn><sln:powIIPWersja>2012-09-27T09:33:51+02:00</sln:powIIPWersja><sln:powIdTeryt>2211</sln:powIdTeryt><sln:powNazwa>pucki</sln:powNazwa><sln:waznyOd>2011-08-29T00:00:00+02:00</sln:waznyOd><sln:wojIIPId>ece93e09-0215-42f3-8067-be0649f58d46</sln:wojIIPId><sln:wojIIPPn>PL.PZGIK.200</sln:wojIIPPn><sln:wojIIPWersja>2012-09-27T13:45:13+02:00</sln:wojIIPWersja><sln:wojIdTeryt>22</sln:wojIdTeryt><sln:wojNazwa>pomorskie</sln:wojNazwa></sln:miejscowosc><sln:miejscowosc><sln:cyklZyciaDo>2016-01-08T00:00:00+01:00</sln:cyklZyciaDo><sln:cyklZyciaOd>2015-12-28T00:00:00+01:00</sln:cyklZyciaOd><sln:gmIIPId>2e8c34af-46f4-4aef-b241-c361ecafdeab</sln:gmIIPId><sln:gmIIPPn>PL.PZGIK.200</sln:gmIIPPn><sln:gmIIPWersja>2012-09-26T22:45:54+02:00</sln:gmIIPWersja><sln:gmIdTeryt>2211052</sln:gmIdTeryt><sln:gmNazwa>Kosakowo</sln:gmNazwa><sln:miejscIIPId>ef05fea2-8726-40d0-8027-1ee519eeef80</sln:miejscIIPId><sln:miejscIIPPn>PL.PZGIK.200</sln:miejscIIPPn><sln:miejscIIPWersja>2016-11-24T09:28:52+02:00</sln:miejscIIPWersja><sln:miejscIdTeryt>0164144</sln:miejscIdTeryt><sln:miejscNazwa>Kosakowo</sln:miejscNazwa><sln:miejscRodzaj>Wieś</sln:miejscRodzaj><sln:powIIPId>9d05c08b-4dda-4103-8a71-b6d57a91275b</sln:powIIPId><sln:powIIPPn>PL.PZGIK.200</sln:powIIPPn><sln:powIIPWersja>2012-09-27T09:33:51+02:00</sln:powIIPWersja><sln:powIdTeryt>2211</sln:powIdTeryt><sln:powNazwa>pucki</sln:powNazwa><sln:waznyOd>2011-08-29T00:00:00+02:00</sln:waznyOd><sln:wojIIPId>ece93e09-0215-42f3-8067-be0649f58d46</sln:wojIIPId><sln:wojIIPPn>PL.PZGIK.200</sln:wojIIPPn><sln:wojIIPWersja>2012-09-27T13:45:13+02:00</sln:wojIIPWersja><sln:wojIdTeryt>22</sln:wojIdTeryt><sln:wojNazwa>pomorskie</sln:wojNazwa></sln:miejscowosc><sln:miejscowosc><sln:cyklZyciaDo>2016-01-08T00:00:00+01:00</sln:cyklZyciaDo><sln:cyklZyciaOd>2015-12-28T00:00:00+01:00</sln:cyklZyciaOd><sln:gmIIPId>2e8c34af-46f4-4aef-b241-c361ecafdeab</sln:gmIIPId><sln:gmIIPPn>PL.PZGIK.200</sln:gmIIPPn><sln:gmIIPWersja>2012-09-26T22:45:54+02:00</sln:gmIIPWersja><sln:gmIdTeryt>2211052</sln:gmIdTeryt><sln:gmNazwa>Kosakowo</sln:gmNazwa><sln:miejscIIPId>cac78f39-3bc9-4b50-8bd9-03a231ac7e12</sln:miejscIIPId><sln:miejscIIPPn>PL.PZGIK.200</sln:miejscIIPPn><sln:miejscIIPWersja>2016-11-24T09:28:54+02:00</sln:miejscIIPWersja><sln:miejscIdTeryt>0164150</sln:miejscIdTeryt><sln:miejscNazwa>Mechelinki</sln:miejscNazwa><sln:miejscRodzaj>Wieś</sln:miejscRodzaj><sln:powIIPId>9d05c08b-4dda-4103-8a71-b6d57a91275b</sln:powIIPId><sln:powIIPPn>PL.PZGIK.200</sln:powIIPPn><sln:powIIPWersja>2012-09-27T09:33:51+02:00</sln:powIIPWersja><sln:powIdTeryt>2211</sln:powIdTeryt><sln:powNazwa>pucki</sln:powNazwa><sln:waznyOd>2011-08-29T00:00:00+02:00</sln:waznyOd><sln:wojIIPId>ece93e09-0215-42f3-8067-be0649f58d46</sln:wojIIPId><sln:wojIIPPn>PL.PZGIK.200</sln:wojIIPPn><sln:wojIIPWersja>2012-09-27T13:45:13+02:00</sln:wojIIPWersja><sln:wojIdTeryt>22</sln:wojIdTeryt><sln:wojNazwa>pomorskie</sln:wojNazwa></sln:miejscowosc><sln:miejscowosc><sln:cyklZyciaDo>2016-01-08T00:00:00+01:00</sln:cyklZyciaDo><sln:cyklZyciaOd>2015-12-28T00:00:00+01:00</sln:cyklZyciaOd><sln:gmIIPId>2e8c34af-46f4-4aef-b241-c361ecafdeab</sln:gmIIPId><sln:gmIIPPn>PL.PZGIK.200</sln:gmIIPPn><sln:gmIIPWersja>2012-09-26T22:45:54+02:00</sln:gmIIPWersja><sln:gmIdTeryt>2211052</sln:gmIdTeryt><sln:gmNazwa>Kosakowo</sln:gmNazwa><sln:miejscIIPId>cce0fe80-c442-4104-9d70-a7956fd21ff2</sln:miejscIIPId><sln:miejscIIPPn>PL.PZGIK.200</sln:miejscIIPPn><sln:miejscIIPWersja>2016-11-24T09:28:56+02:00</sln:miejscIIPWersja><sln:miejscIdTeryt>0164167</sln:miejscIdTeryt><sln:miejscNazwa>Mosty</sln:miejscNazwa><sln:miejscRodzaj>Wieś</sln:miejscRodzaj><sln:powIIPId>9d05c08b-4dda-4103-8a71-b6d57a91275b</sln:powIIPId><sln:powIIPPn>PL.PZGIK.200</sln:powIIPPn><sln:powIIPWersja>2012-09-27T09:33:51+02:00</sln:powIIPWersja><sln:powIdTeryt>2211</sln:powIdTeryt><sln:powNazwa>pucki</sln:powNazwa><sln:waznyOd>2011-08-29T00:00:00+02:00</sln:waznyOd><sln:wojIIPId>ece93e09-0215-42f3-8067-be0649f58d46</sln:wojIIPId><sln:wojIIPPn>PL.PZGIK.200</sln:wojIIPPn><sln:wojIIPWersja>2012-09-27T13:45:13+02:00</sln:wojIIPWersja><sln:wojIdTeryt>22</sln:wojIdTeryt><sln:wojNazwa>pomorskie</sln:wojNazwa></sln:miejscowosc><sln:miejscowosc><sln:cyklZyciaDo>2016-01-08T00:00:00+01:00</sln:cyklZyciaDo><sln:cyklZyciaOd>2015-12-28T00:00:00+01:00</sln:cyklZyciaOd><sln:gmIIPId>2e8c34af-46f4-4aef-b241-c361ecafdeab</sln:gmIIPId><sln:gmIIPPn>PL.PZGIK.200</sln:gmIIPPn><sln:gmIIPWersja>2012-09-26T22:45:54+02:00</sln:gmIIPWersja><sln:gmIdTeryt>2211052</sln:gmIdTeryt><sln:gmNazwa>Kosakowo</sln:gmNazwa><sln:miejscIIPId>7d4e08c0-a92d-42c5-bab5-7e96e459e874</sln:miejscIIPId><sln:miejscIIPPn>PL.PZGIK.200</sln:miejscIIPPn><sln:miejscIIPWersja>2016-11-24T09:28:58+02:00</sln:miejscIIPWersja><sln:miejscIdTeryt>0164173</sln:miejscIdTeryt><sln:miejscNazwa>Pierwoszyno</sln:miejscNazwa><sln:miejscRodzaj>Wieś</sln:miejscRodzaj><sln:powIIPId>9d05c08b-4dda-4103-8a71-b6d57a91275b</sln:powIIPId><sln:powIIPPn>PL.PZGIK.200</sln:powIIPPn><sln:powIIPWersja>2012-09-27T09:33:51+02:00</sln:powIIPWersja><sln:powIdTeryt>2211</sln:powIdTeryt><sln:powNazwa>pucki</sln:powNazwa><sln:waznyOd>2011-08-29T00:00:00+02:00</sln:waznyOd><sln:wojIIPId>ece93e09-0215-42f3-8067-be0649f58d46</sln:wojIIPId><sln:wojIIPPn>PL.PZGIK.200</sln:wojIIPPn><sln:wojIIPWersja>2012-09-27T13:45:13+02:00</sln:wojIIPWersja><sln:wojIdTeryt>22</sln:wojIdTeryt><sln:wojNazwa>pomorskie</sln:wojNazwa></sln:miejscowosc><sln:miejscowosc><sln:cyklZyciaDo>2016-01-08T00:00:00+01:00</sln:cyklZyciaDo><sln:cyklZyciaOd>2015-12-28T00:00:00+01:00</sln:cyklZyciaOd><sln:gmIIPId>2e8c34af-46f4-4aef-b241-c361ecafdeab</sln:gmIIPId><sln:gmIIPPn>PL.PZGIK.200</sln:gmIIPPn><sln:gmIIPWersja>2012-09-26T22:45:54+02:00</sln:gmIIPWersja><sln:gmIdTeryt>2211052</sln:gmIdTeryt><sln:gmNazwa>Kosakowo</sln:gmNazwa><sln:miejscIIPId>5996dacf-f528-4081-aace-8ef3d4d183ca</sln:miejscIIPId><sln:miejscIIPPn>PL.PZGIK.200</sln:miejscIIPPn><sln:miejscIIPWersja>2016-11-24T09:29:00+02:00</sln:miejscIIPWersja><sln:miejscIdTeryt>0164180</sln:miejscIdTeryt><sln:miejscNazwa>Pogórze</sln:miejscNazwa><sln:miejscRodzaj>Wieś</sln:miejscRodzaj><sln:powIIPId>9d05c08b-4dda-4103-8a71-b6d57a91275b</sln:powIIPId><sln:powIIPPn>PL.PZGIK.200</sln:powIIPPn><sln:powIIPWersja>2012-09-27T09:33:51+02:00</sln:powIIPWersja><sln:powIdTeryt>2211</sln:powIdTeryt><sln:powNazwa>pucki</sln:powNazwa><sln:waznyOd>2011-08-29T00:00:00+02:00</sln:waznyOd><sln:wojIIPId>ece93e09-0215-42f3-8067-be0649f58d46</sln:wojIIPId><sln:wojIIPPn>PL.PZGIK.200</sln:wojIIPPn><sln:wojIIPWersja>2012-09-27T13:45:13+02:00</sln:wojIIPWersja><sln:wojIdTeryt>22</sln:wojIdTeryt><sln:wojNazwa>pomorskie</sln:wojNazwa></sln:miejscowosc><sln:miejscowosc><sln:cyklZyciaDo>2016-01-08T00:00:00+01:00</sln:cyklZyciaDo><sln:cyklZyciaOd>2015-12-28T00:00:00+01:00</sln:cyklZyciaOd><sln:gmIIPId>2e8c34af-46f4-4aef-b241-c361ecafdeab</sln:gmIIPId><sln:gmIIPPn>PL.PZGIK.200</sln:gmIIPPn><sln:gmIIPWersja>2012-09-26T22:45:54+02:00</sln:gmIIPWersja><sln:gmIdTeryt>2211052</sln:gmIdTeryt><sln:gmNazwa>Kosakowo</sln:gmNazwa><sln:miejscIIPId>57451048-90be-4e07-b750-565f6d48d00b</sln:miejscIIPId><sln:miejscIIPPn>PL.PZGIK.200</sln:miejscIIPPn><sln:miejscIIPWersja>2016-11-24T09:29:04+02:00</sln:miejscIIPWersja><sln:miejscIdTeryt>0164210</sln:miejscIdTeryt><sln:miejscNazwa>Rewa</sln:miejscNazwa><sln:miejscRodzaj>Wieś</sln:miejscRodzaj><sln:powIIPId>9d05c08b-4dda-4103-8a71-b6d57a91275b</sln:powIIPId><sln:powIIPPn>PL.PZGIK.200</sln:powIIPPn><sln:powIIPWersja>2012-09-27T09:33:51+02:00</sln:powIIPWersja><sln:powIdTeryt>2211</sln:powIdTeryt><sln:powNazwa>pucki</sln:powNazwa><sln:waznyOd>2011-08-29T00:00:00+02:00</sln:waznyOd><sln:wojIIPId>ece93e09-0215-42f3-8067-be0649f58d46</sln:wojIIPId><sln:wojIIPPn>PL.PZGIK.200</sln:wojIIPPn><sln:wojIIPWersja>2012-09-27T13:45:13+02:00</sln:wojIIPWersja><sln:wojIdTeryt>22</sln:wojIdTeryt><sln:wojNazwa>pomorskie</sln:wojNazwa></sln:miejscowosc><sln:miejscowosc><sln:cyklZyciaDo>2016-01-08T00:00:00+01:00</sln:cyklZyciaDo><sln:cyklZyciaOd>2015-12-28T00:00:00+01:00</sln:cyklZyciaOd><sln:gmIIPId>2e8c34af-46f4-4aef-b241-c361ecafdeab</sln:gmIIPId><sln:gmIIPPn>PL.PZGIK.200</sln:gmIIPPn><sln:gmIIPWersja>2012-09-26T22:45:54+02:00</sln:gmIIPWersja><sln:gmIdTeryt>2211052</sln:gmIdTeryt><sln:gmNazwa>Kosakowo</sln:gmNazwa><sln:miejscIIPId>ed64e4be-a9c6-4100-b1b3-9415dc731e0f</sln:miejscIIPId><sln:miejscIIPPn>PL.PZGIK.200</sln:miejscIIPPn><sln:miejscIIPWersja>2016-11-24T09:29:02+02:00</sln:miejscIIPWersja><sln:miejscIdTeryt>0164204</sln:miejscIdTeryt><sln:miejscNazwa>Suchy Dwór</sln:miejscNazwa><sln:miejscRodzaj>Wieś</sln:miejscRodzaj><sln:powIIPId>9d05c08b-4dda-4103-8a71-b6d57a91275b</sln:powIIPId><sln:powIIPPn>PL.PZGIK.200</sln:powIIPPn><sln:powIIPWersja>2012-09-27T09:33:51+02:00</sln:powIIPWersja><sln:powIdTeryt>2211</sln:powIdTeryt><sln:powNazwa>pucki</sln:powNazwa><sln:waznyOd>2011-08-29T00:00:00+02:00</sln:waznyOd><sln:wojIIPId>ece93e09-0215-42f3-8067-be0649f58d46</sln:wojIIPId><sln:wojIIPPn>PL.PZGIK.200</sln:wojIIPPn><sln:wojIIPWersja>2012-09-27T13:45:13+02:00</sln:wojIIPWersja><sln:wojIdTeryt>22</sln:wojIdTeryt><sln:wojNazwa>pomorskie</sln:wojNazwa></sln:miejscowosc><sln:miejscowosc><sln:cyklZyciaOd>2017-04-04T00:00:00+02:00</sln:cyklZyciaOd><sln:gmIIPId>2e8c34af-46f4-4aef-b241-c361ecafdeab</sln:gmIIPId><sln:gmIIPPn>PL.PZGIK.200</sln:gmIIPPn><sln:gmIIPWersja>2012-09-26T22:45:54+02:00</sln:gmIIPWersja><sln:gmIdTeryt>2211052</sln:gmIdTeryt><sln:gmNazwa>Kosakowo</sln:gmNazwa><sln:miejscIIPId>a44baa97-c2e1-4e40-b812-ddda52e039d2</sln:miejscIIPId><sln:miejscIIPPn>PL.PZGIK.200</sln:miejscIIPPn><sln:miejscIIPWersja>2017-04-04T14:06:53+02:00</sln:miejscIIPWersja><sln:miejscIdTeryt>0164115</sln:miejscIdTeryt><sln:miejscNazwa>Dębogórze</sln:miejscNazwa><sln:miejscRodzaj>Wieś</sln:miejscRodzaj><sln:powIIPId>9d05c08b-4dda-4103-8a71-b6d57a91275b</sln:powIIPId><sln:powIIPPn>PL.PZGIK.200</sln:powIIPPn><sln:powIIPWersja>2012-09-27T09:33:51+02:00</sln:powIIPWersja><sln:powIdTeryt>2211</sln:powIdTeryt><sln:powNazwa>pucki</sln:powNazwa><sln:waznyOd>2011-08-29T00:00:00+02:00</sln:waznyOd><sln:wojIIPId>ece93e09-0215-42f3-8067-be0649f58d46</sln:wojIIPId><sln:wojIIPPn>PL.PZGIK.200</sln:wojIIPPn><sln:wojIIPWersja>2012-09-27T13:45:13+02:00</sln:wojIIPWersja><sln:wojIdTeryt>22</sln:wojIdTeryt><sln:wojNazwa>pomorskie</sln:wojNazwa></sln:miejscowosc><sln:miejscowosc><sln:cyklZyciaOd>2017-04-04T00:00:00+02:00</sln:cyklZyciaOd><sln:gmIIPId>2e8c34af-46f4-4aef-b241-c361ecafdeab</sln:gmIIPId><sln:gmIIPPn>PL.PZGIK.200</sln:gmIIPPn><sln:gmIIPWersja>2012-09-26T22:45:54+02:00</sln:gmIIPWersja><sln:gmIdTeryt>2211052</sln:gmIdTeryt><sln:gmNazwa>Kosakowo</sln:gmNazwa><sln:miejscIIPId>4ab3374a-b748-40b7-a2f9-12c7626f2c04</sln:miejscIIPId><sln:miejscIIPPn>PL.PZGIK.200</sln:miejscIIPPn><sln:miejscIIPWersja>2017-04-04T14:07:01+02:00</sln:miejscIIPWersja><sln:miejscIdTeryt>0164121</sln:miejscIdTeryt><sln:miejscNazwa>Dębogórze-Wybudowanie</sln:miejscNazwa><sln:miejscRodzaj>Inny obiekt</sln:miejscRodzaj><sln:powIIPId>9d05c08b-4dda-4103-8a71-b6d57a91275b</sln:powIIPId><sln:powIIPPn>PL.PZGIK.200</sln:powIIPPn><sln:powIIPWersja>2012-09-27T09:33:51+02:00</sln:powIIPWersja><sln:powIdTeryt>2211</sln:powIdTeryt><sln:powNazwa>pucki</sln:powNazwa><sln:waznyOd>2015-04-23T00:00:00+02:00</sln:waznyOd><sln:wojIIPId>ece93e09-0215-42f3-8067-be0649f58d46</sln:wojIIPId><sln:wojIIPPn>PL.PZGIK.200</sln:wojIIPPn><sln:wojIIPWersja>2012-09-27T13:45:13+02:00</sln:wojIIPWersja><sln:wojIdTeryt>22</sln:wojIdTeryt><sln:wojNazwa>pomorskie</sln:wojNazwa></sln:miejscowosc><sln:miejscowosc><sln:cyklZyciaOd>2017-04-04T00:00:00+02:00</sln:cyklZyciaOd><sln:gmIIPId>2e8c34af-46f4-4aef-b241-c361ecafdeab</sln:gmIIPId><sln:gmIIPPn>PL.PZGIK.200</sln:gmIIPPn><sln:gmIIPWersja>2012-09-26T22:45:54+02:00</sln:gmIIPWersja><sln:gmIdTeryt>2211052</sln:gmIdTeryt><sln:gmNazwa>Kosakowo</sln:gmNazwa><sln:miejscIIPId>6316264a-fb5a-4411-822d-2460a30ba904</sln:miejscIIPId><sln:miejscIIPPn>PL.PZGIK.200</sln:miejscIIPPn><sln:miejscIIPWersja>2017-04-04T14:07:01+02:00</sln:miejscIIPWersja><sln:miejscIdTeryt>0164138</sln:miejscIdTeryt><sln:miejscNazwa>Kazimierz</sln:miejscNazwa><sln:miejscRodzaj>Wieś</sln:miejscRodzaj><sln:powIIPId>9d05c08b-4dda-4103-8a71-b6d57a91275b</sln:powIIPId><sln:powIIPPn>PL.PZGIK.200</sln:powIIPPn><sln:powIIPWersja>2012-09-27T09:33:51+02:00</sln:powIIPWersja><sln:powIdTeryt>2211</sln:powIdTeryt><sln:powNazwa>pucki</sln:powNazwa><sln:waznyOd>2011-08-29T00:00:00+02:00</sln:waznyOd><sln:wojIIPId>ece93e09-0215-42f3-8067-be0649f58d46</sln:wojIIPId><sln:wojIIPPn>PL.PZGIK.200</sln:wojIIPPn><sln:wojIIPWersja>2012-09-27T13:45:13+02:00</sln:wojIIPWersja><sln:wojIdTeryt>22</sln:wojIdTeryt><sln:wojNazwa>pomorskie</sln:wojNazwa></sln:miejscowosc><sln:miejscowosc><sln:cyklZyciaOd>2017-04-04T00:00:00+02:00</sln:cyklZyciaOd><sln:gmIIPId>2e8c34af-46f4-4aef-b241-c361ecafdeab</sln:gmIIPId><sln:gmIIPPn>PL.PZGIK.200</sln:gmIIPPn><sln:gmIIPWersja>2012-09-26T22:45:54+02:00</sln:gmIIPWersja><sln:gmIdTeryt>2211052</sln:gmIdTeryt><sln:gmNazwa>Kosakowo</sln:gmNazwa><sln:miejscIIPId>ef05fea2-8726-40d0-8027-1ee519eeef80</sln:miejscIIPId><sln:miejscIIPPn>PL.PZGIK.200</sln:miejscIIPPn><sln:miejscIIPWersja>2017-04-04T14:07:01+02:00</sln:miejscIIPWersja><sln:miejscIdTeryt>0164144</sln:miejscIdTeryt><sln:miejscNazwa>Kosakowo</sln:miejscNazwa><sln:miejscRodzaj>Wieś</sln:miejscRodzaj><sln:powIIPId>9d05c08b-4dda-4103-8a71-b6d57a91275b</sln:powIIPId><sln:powIIPPn>PL.PZGIK.200</sln:powIIPPn><sln:powIIPWersja>2012-09-27T09:33:51+02:00</sln:powIIPWersja><sln:powIdTeryt>2211</sln:powIdTeryt><sln:powNazwa>pucki</sln:powNazwa><sln:waznyOd>2011-08-29T00:00:00+02:00</sln:waznyOd><sln:wojIIPId>ece93e09-0215-42f3-8067-be0649f58d46</sln:wojIIPId><sln:wojIIPPn>PL.PZGIK.200</sln:wojIIPPn><sln:wojIIPWersja>2012-09-27T13:45:13+02:00</sln:wojIIPWersja><sln:wojIdTeryt>22</sln:wojIdTeryt><sln:wojNazwa>pomorskie</sln:wojNazwa></sln:miejscowosc><sln:miejscowosc><sln:cyklZyciaOd>2017-04-04T00:00:00+02:00</sln:cyklZyciaOd><sln:gmIIPId>2e8c34af-46f4-4aef-b241-c361ecafdeab</sln:gmIIPId><sln:gmIIPPn>PL.PZGIK.200</sln:gmIIPPn><sln:gmIIPWersja>2012-09-26T22:45:54+02:00</sln:gmIIPWersja><sln:gmIdTeryt>2211052</sln:gmIdTeryt><sln:gmNazwa>Kosakowo</sln:gmNazwa><sln:miejscIIPId>cac78f39-3bc9-4b50-8bd9-03a231ac7e12</sln:miejscIIPId><sln:miejscIIPPn>PL.PZGIK.200</sln:miejscIIPPn><sln:miejscIIPWersja>2017-04-04T14:07:01+02:00</sln:miejscIIPWersja><sln:miejscIdTeryt>0164150</sln:miejscIdTeryt><sln:miejscNazwa>Mechelinki</sln:miejscNazwa><sln:miejscRodzaj>Wieś</sln:miejscRodzaj><sln:powIIPId>9d05c08b-4dda-4103-8a71-b6d57a91275b</sln:powIIPId><sln:powIIPPn>PL.PZGIK.200</sln:powIIPPn><sln:powIIPWersja>2012-09-27T09:33:51+02:00</sln:powIIPWersja><sln:powIdTeryt>2211</sln:powIdTeryt><sln:powNazwa>pucki</sln:powNazwa><sln:waznyOd>2011-08-29T00:00:00+02:00</sln:waznyOd><sln:wojIIPId>ece93e09-0215-42f3-8067-be0649f58d46</sln:wojIIPId><sln:wojIIPPn>PL.PZGIK.200</sln:wojIIPPn><sln:wojIIPWersja>2012-09-27T13:45:13+02:00</sln:wojIIPWersja><sln:wojIdTeryt>22</sln:wojIdTeryt><sln:wojNazwa>pomorskie</sln:wojNazwa></sln:miejscowosc><sln:miejscowosc><sln:cyklZyciaOd>2017-04-04T00:00:00+02:00</sln:cyklZyciaOd><sln:gmIIPId>2e8c34af-46f4-4aef-b241-c361ecafdeab</sln:gmIIPId><sln:gmIIPPn>PL.PZGIK.200</sln:gmIIPPn><sln:gmIIPWersja>2012-09-26T22:45:54+02:00</sln:gmIIPWersja><sln:gmIdTeryt>2211052</sln:gmIdTeryt><sln:gmNazwa>Kosakowo</sln:gmNazwa><sln:miejscIIPId>cce0fe80-c442-4104-9d70-a7956fd21ff2</sln:miejscIIPId><sln:miejscIIPPn>PL.PZGIK.200</sln:miejscIIPPn><sln:miejscIIPWersja>2017-04-04T14:07:01+02:00</sln:miejscIIPWersja><sln:miejscIdTeryt>0164167</sln:miejscIdTeryt><sln:miejscNazwa>Mosty</sln:miejscNazwa><sln:miejscRodzaj>Wieś</sln:miejscRodzaj><sln:powIIPId>9d05c08b-4dda-4103-8a71-b6d57a91275b</sln:powIIPId><sln:powIIPPn>PL.PZGIK.200</sln:powIIPPn><sln:powIIPWersja>2012-09-27T09:33:51+02:00</sln:powIIPWersja><sln:powIdTeryt>2211</sln:powIdTeryt><sln:powNazwa>pucki</sln:powNazwa><sln:waznyOd>2011-08-29T00:00:00+02:00</sln:waznyOd><sln:wojIIPId>ece93e09-0215-42f3-8067-be0649f58d46</sln:wojIIPId><sln:wojIIPPn>PL.PZGIK.200</sln:wojIIPPn><sln:wojIIPWersja>2012-09-27T13:45:13+02:00</sln:wojIIPWersja><sln:wojIdTeryt>22</sln:wojIdTeryt><sln:wojNazwa>pomorskie</sln:wojNazwa></sln:miejscowosc><sln:miejscowosc><sln:cyklZyciaOd>2017-04-04T00:00:00+02:00</sln:cyklZyciaOd><sln:gmIIPId>2e8c34af-46f4-4aef-b241-c361ecafdeab</sln:gmIIPId><sln:gmIIPPn>PL.PZGIK.200</sln:gmIIPPn><sln:gmIIPWersja>2012-09-26T22:45:54+02:00</sln:gmIIPWersja><sln:gmIdTeryt>2211052</sln:gmIdTeryt><sln:gmNazwa>Kosakowo</sln:gmNazwa><sln:miejscIIPId>7d4e08c0-a92d-42c5-bab5-7e96e459e874</sln:miejscIIPId><sln:miejscIIPPn>PL.PZGIK.200</sln:miejscIIPPn><sln:miejscIIPWersja>2017-04-04T14:07:01+02:00</sln:miejscIIPWersja><sln:miejscIdTeryt>0164173</sln:miejscIdTeryt><sln:miejscNazwa>Pierwoszyno</sln:miejscNazwa><sln:miejscRodzaj>Wieś</sln:miejscRodzaj><sln:powIIPId>9d05c08b-4dda-4103-8a71-b6d57a91275b</sln:powIIPId><sln:powIIPPn>PL.PZGIK.200</sln:powIIPPn><sln:powIIPWersja>2012-09-27T09:33:51+02:00</sln:powIIPWersja><sln:powIdTeryt>2211</sln:powIdTeryt><sln:powNazwa>pucki</sln:powNazwa><sln:waznyOd>2011-08-29T00:00:00+02:00</sln:waznyOd><sln:wojIIPId>ece93e09-0215-42f3-8067-be0649f58d46</sln:wojIIPId><sln:wojIIPPn>PL.PZGIK.200</sln:wojIIPPn><sln:wojIIPWersja>2012-09-27T13:45:13+02:00</sln:wojIIPWersja><sln:wojIdTeryt>22</sln:wojIdTeryt><sln:wojNazwa>pomorskie</sln:wojNazwa></sln:miejscowosc><sln:miejscowosc><sln:cyklZyciaOd>2017-04-04T00:00:00+02:00</sln:cyklZyciaOd><sln:gmIIPId>2e8c34af-46f4-4aef-b241-c361ecafdeab</sln:gmIIPId><sln:gmIIPPn>PL.PZGIK.200</sln:gmIIPPn><sln:gmIIPWersja>2012-09-26T22:45:54+02:00</sln:gmIIPWersja><sln:gmIdTeryt>2211052</sln:gmIdTeryt><sln:gmNazwa>Kosakowo</sln:gmNazwa><sln:miejscIIPId>5996dacf-f528-4081-aace-8ef3d4d183ca</sln:miejscIIPId><sln:miejscIIPPn>PL.PZGIK.200</sln:miejscIIPPn><sln:miejscIIPWersja>2017-04-04T14:07:01+02:00</sln:miejscIIPWersja><sln:miejscIdTeryt>0164180</sln:miejscIdTeryt><sln:miejscNazwa>Pogórze</sln:miejscNazwa><sln:miejscRodzaj>Wieś</sln:miejscRodzaj><sln:powIIPId>9d05c08b-4dda-4103-8a71-b6d57a91275b</sln:powIIPId><sln:powIIPPn>PL.PZGIK.200</sln:powIIPPn><sln:powIIPWersja>2012-09-27T09:33:51+02:00</sln:powIIPWersja><sln:powIdTeryt>2211</sln:powIdTeryt><sln:powNazwa>pucki</sln:powNazwa><sln:waznyOd>2011-08-29T00:00:00+02:00</sln:waznyOd><sln:wojIIPId>ece93e09-0215-42f3-8067-be0649f58d46</sln:wojIIPId><sln:wojIIPPn>PL.PZGIK.200</sln:wojIIPPn><sln:wojIIPWersja>2012-09-27T13:45:13+02:00</sln:wojIIPWersja><sln:wojIdTeryt>22</sln:wojIdTeryt><sln:wojNazwa>pomorskie</sln:wojNazwa></sln:miejscowosc><sln:miejscowosc><sln:cyklZyciaOd>2017-04-04T00:00:00+02:00</sln:cyklZyciaOd><sln:gmIIPId>2e8c34af-46f4-4aef-b241-c361ecafdeab</sln:gmIIPId><sln:gmIIPPn>PL.PZGIK.200</sln:gmIIPPn><sln:gmIIPWersja>2012-09-26T22:45:54+02:00</sln:gmIIPWersja><sln:gmIdTeryt>2211052</sln:gmIdTeryt><sln:gmNazwa>Kosakowo</sln:gmNazwa><sln:miejscIIPId>ed64e4be-a9c6-4100-b1b3-9415dc731e0f</sln:miejscIIPId><sln:miejscIIPPn>PL.PZGIK.200</sln:miejscIIPPn><sln:miejscIIPWersja>2017-04-04T14:07:01+02:00</sln:miejscIIPWersja><sln:miejscIdTeryt>0164204</sln:miejscIdTeryt><sln:miejscNazwa>Suchy Dwór</sln:miejscNazwa><sln:miejscRodzaj>Wieś</sln:miejscRodzaj><sln:powIIPId>9d05c08b-4dda-4103-8a71-b6d57a91275b</sln:powIIPId><sln:powIIPPn>PL.PZGIK.200</sln:powIIPPn><sln:powIIPWersja>2012-09-27T09:33:51+02:00</sln:powIIPWersja><sln:powIdTeryt>2211</sln:powIdTeryt><sln:powNazwa>pucki</sln:powNazwa><sln:waznyOd>2011-08-29T00:00:00+02:00</sln:waznyOd><sln:wojIIPId>ece93e09-0215-42f3-8067-be0649f58d46</sln:wojIIPId><sln:wojIIPPn>PL.PZGIK.200</sln:wojIIPPn><sln:wojIIPWersja>2012-09-27T13:45:13+02:00</sln:wojIIPWersja><sln:wojIdTeryt>22</sln:wojIdTeryt><sln:wojNazwa>pomorskie</sln:wojNazwa></sln:miejscowosc><sln:miejscowosc><sln:cyklZyciaOd>2017-04-04T00:00:00+02:00</sln:cyklZyciaOd><sln:gmIIPId>2e8c34af-46f4-4aef-b241-c361ecafdeab</sln:gmIIPId><sln:gmIIPPn>PL.PZGIK.200</sln:gmIIPPn><sln:gmIIPWersja>2012-09-26T22:45:54+02:00</sln:gmIIPWersja><sln:gmIdTeryt>2211052</sln:gmIdTeryt><sln:gmNazwa>Kosakowo</sln:gmNazwa><sln:miejscIIPId>57451048-90be-4e07-b750-565f6d48d00b</sln:miejscIIPId><sln:miejscIIPPn>PL.PZGIK.200</sln:miejscIIPPn><sln:miejscIIPWersja>2017-04-04T14:07:01+02:00</sln:miejscIIPWersja><sln:miejscIdTeryt>0164210</sln:miejscIdTeryt><sln:miejscNazwa>Rewa</sln:miejscNazwa><sln:miejscRodzaj>Wieś</sln:miejscRodzaj><sln:powIIPId>9d05c08b-4dda-4103-8a71-b6d57a91275b</sln:powIIPId><sln:powIIPPn>PL.PZGIK.200</sln:powIIPPn><sln:powIIPWersja>2012-09-27T09:33:51+02:00</sln:powIIPWersja><sln:powIdTeryt>2211</sln:powIdTeryt><sln:powNazwa>pucki</sln:powNazwa><sln:waznyOd>2011-08-29T00:00:00+02:00</sln:waznyOd><sln:wojIIPId>ece93e09-0215-42f3-8067-be0649f58d46</sln:wojIIPId><sln:wojIIPPn>PL.PZGIK.200</sln:wojIIPPn><sln:wojIIPWersja>2012-09-27T13:45:13+02:00</sln:wojIIPWersja><sln:wojIdTeryt>22</sln:wojIdTeryt><sln:wojNazwa>pomorskie</sln:wojNazwa></sln:miejscowosc></sln:lista-miejscowosci>