<?xml version="1.0" encoding="UTF-8" standalone="yes"?><sln:lista-miejscowosci xmlns:srv="http://gugik.gov.pl/schemas/slowniki-service/1.0" xmlns:sln="http://gugik.gov.pl/schemas/slowniki-schema/1.0"><sln:miejscowosc><sln:cyklZyciaDo>2016-12-08T00:00:00+01:00</sln:cyklZyciaDo><sln:cyklZyciaOd>2016-07-14T00:00:00+02:00</sln:cyklZyciaOd><sln:gmIIPId>33c967d2-461f-43d1-b5f4-f34da28b933f</sln:gmIIPId><sln:gmIIPPn>PL.PZGIK.200</sln:gmIIPPn><sln:gmIIPWersja>2012-09-26T22:46:17+02:00</sln:gmIIPWersja><sln:gmIdTeryt>2213031</sln:gmIdTeryt><sln:gmNazwa>Starogard Gdański</sln:gmNazwa><sln:miejscIIPId>0971e60b-9e49-4cfe-92d2-dede51762ec0</sln:miejscIIPId><sln:miejscIIPPn>PL.PZGIK.200</sln:miejscIIPPn><sln:miejscIIPWersja>2016-11-24T13:24:04+02:00</sln:miejscIIPWersja><sln:miejscIdTeryt>0934837</sln:miejscIdTeryt><sln:miejscNazwa>Starogard Gdański</sln:miejscNazwa><sln:miejscRodzaj>Miasto</sln:miejscRodzaj><sln:powIIPId>caee2f73-5e2b-42b5-8bd9-9f3741b460d5</sln:powIIPId><sln:powIIPPn>PL.PZGIK.200</sln:powIIPPn><sln:powIIPWersja>2012-09-27T09:33:51+02:00</sln:powIIPWersja><sln:powIdTeryt>2213</sln:powIdTeryt><sln:powNazwa>starogardzki</sln:powNazwa><sln:wojIIPId>ece93e09-0215-42f3-8067-be0649f58d46</sln:wojIIPId><sln:wojIIPPn>PL.PZGIK.200</sln:wojIIPPn><sln:wojIIPWersja>2012-09-27T13:45:13+02:00</sln:wojIIPWersja><sln:wojIdTeryt>22</sln:wojIdTeryt><sln:wojNazwa>pomorskie</sln:wojNazwa></sln:miejscowosc><sln:miejscowosc><sln:cyklZyciaDo>2016-12-08T00:00:00+01:00</sln:cyklZyciaDo><sln:cyklZyciaOd>2016-07-14T00:00:00+02:00</sln:cyklZyciaOd><sln:gmIIPId>33c967d2-461f-43d1-b5f4-f34da28b933f</sln:gmIIPId><sln:gmIIPPn>PL.PZGIK.200</sln:gmIIPPn><sln:gmIIPWersja>2012-09-26T22:46:17+02:00</sln:gmIIPWersja><sln:gmIdTeryt>2213031</sln:gmIdTeryt><sln:gmNazwa>Starogard Gdański</sln:gmNazwa><sln:miejscIIPId>929de93b-d901-4b31-8383-5c2544c8eed8</sln:miejscIIPId><sln:miejscIIPPn>PL.PZGIK.200</sln:miejscIIPPn><sln:miejscIIPWersja>2016-11-24T13:24:04+02:00</sln:miejscIIPWersja><sln:miejscIdTeryt>0934866</sln:miejscIdTeryt><sln:miejscNazwa>Kocborowo</sln:miejscNazwa><sln:miejscRodzaj>Inny obiekt</sln:miejscRodzaj><sln:powIIPId>caee2f73-5e2b-42b5-8bd9-9f3741b460d5</sln:powIIPId><sln:powIIPPn>PL.PZGIK.200</sln:powIIPPn><sln:powIIPWersja>2012-09-27T09:33:51+02:00</sln:powIIPWersja><sln:powIdTeryt>2213</sln:powIdTeryt><sln:powNazwa>starogardzki</sln:powNazwa><sln:wojIIPId>ece93e09-0215-42f3-8067-be0649f58d46</sln:wojIIPId><sln:wojIIPPn>PL.PZGIK.200</sln:wojIIPPn><sln:wojIIPWersja>2012-09-27T13:45:13+02:00</sln:wojIIPWersja><sln:wojIdTeryt>22</sln:wojIdTeryt><sln:wojNazwa>pomorskie</sln:wojNazwa></sln:miejscowosc><sln:miejscowosc><sln:cyklZyciaDo>2016-12-08T00:00:00+01:00</sln:cyklZyciaDo><sln:cyklZyciaOd>2016-07-14T00:00:00+02:00</sln:cyklZyciaOd><sln:gmIIPId>33c967d2-461f-43d1-b5f4-f34da28b933f</sln:gmIIPId><sln:gmIIPPn>PL.PZGIK.200</sln:gmIIPPn><sln:gmIIPWersja>2012-09-26T22:46:17+02:00</sln:gmIIPWersja><sln:gmIdTeryt>2213031</sln:gmIdTeryt><sln:gmNazwa>Starogard Gdański</sln:gmNazwa><sln:miejscIIPId>3327e79d-623e-41fb-822e-143cf3475ec9</sln:miejscIIPId><sln:miejscIIPPn>PL.PZGIK.200</sln:miejscIIPPn><sln:miejscIIPWersja>2016-11-24T13:24:04+02:00</sln:miejscIIPWersja><sln:miejscIdTeryt>0934850</sln:miejscIdTeryt><sln:miejscNazwa>Hermanowo</sln:miejscNazwa><sln:miejscRodzaj>Inny obiekt</sln:miejscRodzaj><sln:powIIPId>caee2f73-5e2b-42b5-8bd9-9f3741b460d5</sln:powIIPId><sln:powIIPPn>PL.PZGIK.200</sln:powIIPPn><sln:powIIPWersja>2012-09-27T09:33:51+02:00</sln:powIIPWersja><sln:powIdTeryt>2213</sln:powIdTeryt><sln:powNazwa>starogardzki</sln:powNazwa><sln:wojIIPId>ece93e09-0215-42f3-8067-be0649f58d46</sln:wojIIPId><sln:wojIIPPn>PL.PZGIK.200</sln:wojIIPPn><sln:wojIIPWersja>2012-09-27T13:45:13+02:00</sln:wojIIPWersja><sln:wojIdTeryt>22</sln:wojIdTeryt><sln:wojNazwa>pomorskie</sln:wojNazwa></sln:miejscowosc><sln:miejscowosc><sln:cyklZyciaDo>2016-12-08T00:00:00+01:00</sln:cyklZyciaDo><sln:cyklZyciaOd>2016-07-14T00:00:00+02:00</sln:cyklZyciaOd><sln:gmIIPId>33c967d2-461f-43d1-b5f4-f34da28b933f</sln:gmIIPId><sln:gmIIPPn>PL.PZGIK.200</sln:gmIIPPn><sln:gmIIPWersja>2012-09-26T22:46:17+02:00</sln:gmIIPWersja><sln:gmIdTeryt>2213031</sln:gmIdTeryt><sln:gmNazwa>Starogard Gdański</sln:gmNazwa><sln:miejscIIPId>ce07bff0-510e-4ec7-b280-676a4537a910</sln:miejscIIPId><sln:miejscIIPPn>PL.PZGIK.200</sln:miejscIIPPn><sln:miejscIIPWersja>2016-11-24T13:24:04+02:00</sln:miejscIIPWersja><sln:miejscIdTeryt>0934843</sln:miejscIdTeryt><sln:miejscNazwa>Freda</sln:miejscNazwa><sln:miejscRodzaj>Inny obiekt</sln:miejscRodzaj><sln:powIIPId>caee2f73-5e2b-42b5-8bd9-9f3741b460d5</sln:powIIPId><sln:powIIPPn>PL.PZGIK.200</sln:powIIPPn><sln:powIIPWersja>2012-09-27T09:33:51+02:00</sln:powIIPWersja><sln:powIdTeryt>2213</sln:powIdTeryt><sln:powNazwa>starogardzki</sln:powNazwa><sln:wojIIPId>ece93e09-0215-42f3-8067-be0649f58d46</sln:wojIIPId><sln:wojIIPPn>PL.PZGIK.200</sln:wojIIPPn><sln:wojIIPWersja>2012-09-27T13:45:13+02:00</sln:wojIIPWersja><sln:wojIdTeryt>22</sln:wojIdTeryt><sln:wojNazwa>pomorskie</sln:wojNazwa></sln:miejscowosc><sln:miejscowosc><sln:cyklZyciaDo>2016-12-08T00:00:00+01:00</sln:cyklZyciaDo><sln:cyklZyciaOd>2016-07-14T00:00:00+02:00</sln:cyklZyciaOd><sln:gmIIPId>33c967d2-461f-43d1-b5f4-f34da28b933f</sln:gmIIPId><sln:gmIIPPn>PL.PZGIK.200</sln:gmIIPPn><sln:gmIIPWersja>2012-09-26T22:46:17+02:00</sln:gmIIPWersja><sln:gmIdTeryt>2213031</sln:gmIdTeryt><sln:gmNazwa>Starogard Gdański</sln:gmNazwa><sln:miejscIIPId>57b040fc-59b7-4ba3-84d9-7aab9fd9b681</sln:miejscIIPId><sln:miejscIIPPn>PL.PZGIK.200</sln:miejscIIPPn><sln:miejscIIPWersja>2016-11-24T13:24:04+02:00</sln:miejscIIPWersja><sln:miejscIdTeryt>0934872</sln:miejscIdTeryt><sln:miejscNazwa>Kochanki</sln:miejscNazwa><sln:miejscRodzaj>Inny obiekt</sln:miejscRodzaj><sln:powIIPId>caee2f73-5e2b-42b5-8bd9-9f3741b460d5</sln:powIIPId><sln:powIIPPn>PL.PZGIK.200</sln:powIIPPn><sln:powIIPWersja>2012-09-27T09:33:51+02:00</sln:powIIPWersja><sln:powIdTeryt>2213</sln:powIdTeryt><sln:powNazwa>starogardzki</sln:powNazwa><sln:wojIIPId>ece93e09-0215-42f3-8067-be0649f58d46</sln:wojIIPId><sln:wojIIPPn>PL.PZGIK.200</sln:wojIIPPn><sln:wojIIPWersja>2012-09-27T13:45:13+02:00</sln:wojIIPWersja><sln:wojIdTeryt>22</sln:wojIdTeryt><sln:wojNazwa>pomorskie</sln:wojNazwa></sln:miejscowosc><sln:miejscowosc><sln:cyklZyciaDo>2016-12-08T00:00:00+01:00</sln:cyklZyciaDo><sln:cyklZyciaOd>2016-07-14T00:00:00+02:00</sln:cyklZyciaOd><sln:gmIIPId>33c967d2-461f-43d1-b5f4-f34da28b933f</sln:gmIIPId><sln:gmIIPPn>PL.PZGIK.200</sln:gmIIPPn><sln:gmIIPWersja>2012-09-26T22:46:17+02:00</sln:gmIIPWersja><sln:gmIdTeryt>2213031</sln:gmIdTeryt><sln:gmNazwa>Starogard Gdański</sln:gmNazwa><sln:miejscIIPId>f80adffa-3153-46da-b53e-66b56e88d779</sln:miejscIIPId><sln:miejscIIPPn>PL.PZGIK.200</sln:miejscIIPPn><sln:miejscIIPWersja>2016-11-24T13:24:04+02:00</sln:miejscIIPWersja><sln:miejscIdTeryt>0934889</sln:miejscIdTeryt><sln:miejscNazwa>Korytyba</sln:miejscNazwa><sln:miejscRodzaj>Inny obiekt</sln:miejscRodzaj><sln:powIIPId>caee2f73-5e2b-42b5-8bd9-9f3741b460d5</sln:powIIPId><sln:powIIPPn>PL.PZGIK.200</sln:powIIPPn><sln:powIIPWersja>2012-09-27T09:33:51+02:00</sln:powIIPWersja><sln:powIdTeryt>2213</sln:powIdTeryt><sln:powNazwa>starogardzki</sln:powNazwa><sln:wojIIPId>ece93e09-0215-42f3-8067-be0649f58d46</sln:wojIIPId><sln:wojIIPPn>PL.PZGIK.200</sln:wojIIPPn><sln:wojIIPWersja>2012-09-27T13:45:13+02:00</sln:wojIIPWersja><sln:wojIdTeryt>22</sln:wojIdTeryt><sln:wojNazwa>pomorskie</sln:wojNazwa></sln:miejscowosc><sln:miejscowosc><sln:cyklZyciaDo>2017-02-07T00:00:00+01:00</sln:cyklZyciaDo><sln:cyklZyciaOd>2016-12-08T00:00:00+01:00</sln:cyklZyciaOd><sln:gmIIPId>33c967d2-461f-43d1-b5f4-f34da28b933f</sln:gmIIPId><sln:gmIIPPn>PL.PZGIK.200</sln:gmIIPPn><sln:gmIIPWersja>2012-09-26T22:46:17+02:00</sln:gmIIPWersja><sln:gmIdTeryt>2213031</sln:gmIdTeryt><sln:gmNazwa>Starogard Gdański</sln:gmNazwa><sln:miejscIIPId>560b5566-3860-4d16-8758-9c9c7ad03deb</sln:miejscIIPId><sln:miejscIIPPn>PL.PZGIK.200</sln:miejscIIPPn><sln:miejscIIPWersja>2016-12-08T13:48:49+02:00</sln:miejscIIPWersja><sln:miejscIdTeryt>0934837</sln:miejscIdTeryt><sln:miejscNazwa>Starogard Gdański</sln:miejscNazwa><sln:miejscRodzaj>Miasto</sln:miejscRodzaj><sln:powIIPId>caee2f73-5e2b-42b5-8bd9-9f3741b460d5</sln:powIIPId><sln:powIIPPn>PL.PZGIK.200</sln:powIIPPn><sln:powIIPWersja>2012-09-27T09:33:51+02:00</sln:powIIPWersja><sln:powIdTeryt>2213</sln:powIdTeryt><sln:powNazwa>starogardzki</sln:powNazwa><sln:wojIIPId>ece93e09-0215-42f3-8067-be0649f58d46</sln:wojIIPId><sln:wojIIPPn>PL.PZGIK.200</sln:wojIIPPn><sln:wojIIPWersja>2012-09-27T13:45:13+02:00</sln:wojIIPWersja><sln:wojIdTeryt>22</sln:wojIdTeryt><sln:wojNazwa>pomorskie</sln:wojNazwa></sln:miejscowosc><sln:miejscowosc><sln:cyklZyciaDo>2017-02-07T00:00:00+01:00</sln:cyklZyciaDo><sln:cyklZyciaOd>2016-12-08T00:00:00+01:00</sln:cyklZyciaOd><sln:gmIIPId>33c967d2-461f-43d1-b5f4-f34da28b933f</sln:gmIIPId><sln:gmIIPPn>PL.PZGIK.200</sln:gmIIPPn><sln:gmIIPWersja>2012-09-26T22:46:17+02:00</sln:gmIIPWersja><sln:gmIdTeryt>2213031</sln:gmIdTeryt><sln:gmNazwa>Starogard Gdański</sln:gmNazwa><sln:miejscIIPId>d10bdc2c-92e4-44d8-a865-47a02a0f9840</sln:miejscIIPId><sln:miejscIIPPn>PL.PZGIK.200</sln:miejscIIPPn><sln:miejscIIPWersja>2016-12-08T13:48:55+02:00</sln:miejscIIPWersja><sln:miejscIdTeryt>0934843</sln:miejscIdTeryt><sln:miejscNazwa>Freda</sln:miejscNazwa><sln:miejscRodzaj>Inny obiekt</sln:miejscRodzaj><sln:powIIPId>caee2f73-5e2b-42b5-8bd9-9f3741b460d5</sln:powIIPId><sln:powIIPPn>PL.PZGIK.200</sln:powIIPPn><sln:powIIPWersja>2012-09-27T09:33:51+02:00</sln:powIIPWersja><sln:powIdTeryt>2213</sln:powIdTeryt><sln:powNazwa>starogardzki</sln:powNazwa><sln:wojIIPId>ece93e09-0215-42f3-8067-be0649f58d46</sln:wojIIPId><sln:wojIIPPn>PL.PZGIK.200</sln:wojIIPPn><sln:wojIIPWersja>2012-09-27T13:45:13+02:00</sln:wojIIPWersja><sln:wojIdTeryt>22</sln:wojIdTeryt><sln:wojNazwa>pomorskie</sln:wojNazwa></sln:miejscowosc><sln:miejscowosc><sln:cyklZyciaDo>2017-02-07T00:00:00+01:00</sln:cyklZyciaDo><sln:cyklZyciaOd>2016-12-08T00:00:00+01:00</sln:cyklZyciaOd><sln:gmIIPId>33c967d2-461f-43d1-b5f4-f34da28b933f</sln:gmIIPId><sln:gmIIPPn>PL.PZGIK.200</sln:gmIIPPn><sln:gmIIPWersja>2012-09-26T22:46:17+02:00</sln:gmIIPWersja><sln:gmIdTeryt>2213031</sln:gmIdTeryt><sln:gmNazwa>Starogard Gdański</sln:gmNazwa><sln:miejscIIPId>f37977ed-c4d3-4a19-b8d9-dccc34d32b1f</sln:miejscIIPId><sln:miejscIIPPn>PL.PZGIK.200</sln:miejscIIPPn><sln:miejscIIPWersja>2016-12-08T13:48:55+02:00</sln:miejscIIPWersja><sln:miejscIdTeryt>0934850</sln:miejscIdTeryt><sln:miejscNazwa>Hermanowo</sln:miejscNazwa><sln:miejscRodzaj>Inny obiekt</sln:miejscRodzaj><sln:powIIPId>caee2f73-5e2b-42b5-8bd9-9f3741b460d5</sln:powIIPId><sln:powIIPPn>PL.PZGIK.200</sln:powIIPPn><sln:powIIPWersja>2012-09-27T09:33:51+02:00</sln:powIIPWersja><sln:powIdTeryt>2213</sln:powIdTeryt><sln:powNazwa>starogardzki</sln:powNazwa><sln:wojIIPId>ece93e09-0215-42f3-8067-be0649f58d46</sln:wojIIPId><sln:wojIIPPn>PL.PZGIK.200</sln:wojIIPPn><sln:wojIIPWersja>2012-09-27T13:45:13+02:00</sln:wojIIPWersja><sln:wojIdTeryt>22</sln:wojIdTeryt><sln:wojNazwa>pomorskie</sln:wojNazwa></sln:miejscowosc><sln:miejscowosc><sln:cyklZyciaDo>2017-02-07T00:00:00+01:00</sln:cyklZyciaDo><sln:cyklZyciaOd>2016-12-08T00:00:00+01:00</sln:cyklZyciaOd><sln:gmIIPId>33c967d2-461f-43d1-b5f4-f34da28b933f</sln:gmIIPId><sln:gmIIPPn>PL.PZGIK.200</sln:gmIIPPn><sln:gmIIPWersja>2012-09-26T22:46:17+02:00</sln:gmIIPWersja><sln:gmIdTeryt>2213031</sln:gmIdTeryt><sln:gmNazwa>Starogard Gdański</sln:gmNazwa><sln:miejscIIPId>396a8af7-7e04-493d-bca5-d367ce3c3399</sln:miejscIIPId><sln:miejscIIPPn>PL.PZGIK.200</sln:miejscIIPPn><sln:miejscIIPWersja>2016-12-08T13:48:55+02:00</sln:miejscIIPWersja><sln:miejscIdTeryt>0934866</sln:miejscIdTeryt><sln:miejscNazwa>Kocborowo</sln:miejscNazwa><sln:miejscRodzaj>Inny obiekt</sln:miejscRodzaj><sln:powIIPId>caee2f73-5e2b-42b5-8bd9-9f3741b460d5</sln:powIIPId><sln:powIIPPn>PL.PZGIK.200</sln:powIIPPn><sln:powIIPWersja>2012-09-27T09:33:51+02:00</sln:powIIPWersja><sln:powIdTeryt>2213</sln:powIdTeryt><sln:powNazwa>starogardzki</sln:powNazwa><sln:wojIIPId>ece93e09-0215-42f3-8067-be0649f58d46</sln:wojIIPId><sln:wojIIPPn>PL.PZGIK.200</sln:wojIIPPn><sln:wojIIPWersja>2012-09-27T13:45:13+02:00</sln:wojIIPWersja><sln:wojIdTeryt>22</sln:wojIdTeryt><sln:wojNazwa>pomorskie</sln:wojNazwa></sln:miejscowosc><sln:miejscowosc><sln:cyklZyciaDo>2017-02-07T00:00:00+01:00</sln:cyklZyciaDo><sln:cyklZyciaOd>2016-12-08T00:00:00+01:00</sln:cyklZyciaOd><sln:gmIIPId>33c967d2-461f-43d1-b5f4-f34da28b933f</sln:gmIIPId><sln:gmIIPPn>PL.PZGIK.200</sln:gmIIPPn><sln:gmIIPWersja>2012-09-26T22:46:17+02:00</sln:gmIIPWersja><sln:gmIdTeryt>2213031</sln:gmIdTeryt><sln:gmNazwa>Starogard Gdański</sln:gmNazwa><sln:miejscIIPId>26a256b9-5aaf-42a1-84e5-77acb9f0810d</sln:miejscIIPId><sln:miejscIIPPn>PL.PZGIK.200</sln:miejscIIPPn><sln:miejscIIPWersja>2016-12-08T13:48:55+02:00</sln:miejscIIPWersja><sln:miejscIdTeryt>0934872</sln:miejscIdTeryt><sln:miejscNazwa>Kochanki</sln:miejscNazwa><sln:miejscRodzaj>Inny obiekt</sln:miejscRodzaj><sln:powIIPId>caee2f73-5e2b-42b5-8bd9-9f3741b460d5</sln:powIIPId><sln:powIIPPn>PL.PZGIK.200</sln:powIIPPn><sln:powIIPWersja>2012-09-27T09:33:51+02:00</sln:powIIPWersja><sln:powIdTeryt>2213</sln:powIdTeryt><sln:powNazwa>starogardzki</sln:powNazwa><sln:wojIIPId>ece93e09-0215-42f3-8067-be0649f58d46</sln:wojIIPId><sln:wojIIPPn>PL.PZGIK.200</sln:wojIIPPn><sln:wojIIPWersja>2012-09-27T13:45:13+02:00</sln:wojIIPWersja><sln:wojIdTeryt>22</sln:wojIdTeryt><sln:wojNazwa>pomorskie</sln:wojNazwa></sln:miejscowosc><sln:miejscowosc><sln:cyklZyciaDo>2017-02-07T00:00:00+01:00</sln:cyklZyciaDo><sln:cyklZyciaOd>2016-12-08T00:00:00+01:00</sln:cyklZyciaOd><sln:gmIIPId>33c967d2-461f-43d1-b5f4-f34da28b933f</sln:gmIIPId><sln:gmIIPPn>PL.PZGIK.200</sln:gmIIPPn><sln:gmIIPWersja>2012-09-26T22:46:17+02:00</sln:gmIIPWersja><sln:gmIdTeryt>2213031</sln:gmIdTeryt><sln:gmNazwa>Starogard Gdański</sln:gmNazwa><sln:miejscIIPId>524f6615-b8e1-4eac-93f4-a69223234159</sln:miejscIIPId><sln:miejscIIPPn>PL.PZGIK.200</sln:miejscIIPPn><sln:miejscIIPWersja>2016-12-08T13:48:55+02:00</sln:miejscIIPWersja><sln:miejscIdTeryt>0934889</sln:miejscIdTeryt><sln:miejscNazwa>Korytyba</sln:miejscNazwa><sln:miejscRodzaj>Inny obiekt</sln:miejscRodzaj><sln:powIIPId>caee2f73-5e2b-42b5-8bd9-9f3741b460d5</sln:powIIPId><sln:powIIPPn>PL.PZGIK.200</sln:powIIPPn><sln:powIIPWersja>2012-09-27T09:33:51+02:00</sln:powIIPWersja><sln:powIdTeryt>2213</sln:powIdTeryt><sln:powNazwa>starogardzki</sln:powNazwa><sln:wojIIPId>ece93e09-0215-42f3-8067-be0649f58d46</sln:wojIIPId><sln:wojIIPPn>PL.PZGIK.200</sln:wojIIPPn><sln:wojIIPWersja>2012-09-27T13:45:13+02:00</sln:wojIIPWersja><sln:wojIdTeryt>22</sln:wojIdTeryt><sln:wojNazwa>pomorskie</sln:wojNazwa></sln:miejscowosc><sln:miejscowosc><sln:cyklZyciaDo>2017-07-24T00:00:00+02:00</sln:cyklZyciaDo><sln:cyklZyciaOd>2017-02-07T00:00:00+01:00</sln:cyklZyciaOd><sln:gmIIPId>33c967d2-461f-43d1-b5f4-f34da28b933f</sln:gmIIPId><sln:gmIIPPn>PL.PZGIK.200</sln:gmIIPPn><sln:gmIIPWersja>2012-09-26T22:46:17+02:00</sln:gmIIPWersja><sln:gmIdTeryt>2213031</sln:gmIdTeryt><sln:gmNazwa>Starogard Gdański</sln:gmNazwa><sln:miejscIIPId>560b5566-3860-4d16-8758-9c9c7ad03deb</sln:miejscIIPId><sln:miejscIIPPn>PL.PZGIK.200</sln:miejscIIPPn><sln:miejscIIPWersja>2017-02-07T10:07:28+02:00</sln:miejscIIPWersja><sln:miejscIdTeryt>0934837</sln:miejscIdTeryt><sln:miejscNazwa>Starogard Gdański</sln:miejscNazwa><sln:miejscRodzaj>Miasto</sln:miejscRodzaj><sln:powIIPId>caee2f73-5e2b-42b5-8bd9-9f3741b460d5</sln:powIIPId><sln:powIIPPn>PL.PZGIK.200</sln:powIIPPn><sln:powIIPWersja>2012-09-27T09:33:51+02:00</sln:powIIPWersja><sln:powIdTeryt>2213</sln:powIdTeryt><sln:powNazwa>starogardzki</sln:powNazwa><sln:wojIIPId>ece93e09-0215-42f3-8067-be0649f58d46</sln:wojIIPId><sln:wojIIPPn>PL.PZGIK.200</sln:wojIIPPn><sln:wojIIPWersja>2012-09-27T13:45:13+02:00</sln:wojIIPWersja><sln:wojIdTeryt>22</sln:wojIdTeryt><sln:wojNazwa>pomorskie</sln:wojNazwa></sln:miejscowosc><sln:miejscowosc><sln:cyklZyciaDo>2017-07-24T00:00:00+02:00</sln:cyklZyciaDo><sln:cyklZyciaOd>2017-02-07T00:00:00+01:00</sln:cyklZyciaOd><sln:gmIIPId>33c967d2-461f-43d1-b5f4-f34da28b933f</sln:gmIIPId><sln:gmIIPPn>PL.PZGIK.200</sln:gmIIPPn><sln:gmIIPWersja>2012-09-26T22:46:17+02:00</sln:gmIIPWersja><sln:gmIdTeryt>2213031</sln:gmIdTeryt><sln:gmNazwa>Starogard Gdański</sln:gmNazwa><sln:miejscIIPId>d10bdc2c-92e4-44d8-a865-47a02a0f9840</sln:miejscIIPId><sln:miejscIIPPn>PL.PZGIK.200</sln:miejscIIPPn><sln:miejscIIPWersja>2017-02-07T10:07:32+02:00</sln:miejscIIPWersja><sln:miejscIdTeryt>0934843</sln:miejscIdTeryt><sln:miejscNazwa>Freda</sln:miejscNazwa><sln:miejscRodzaj>Inny obiekt</sln:miejscRodzaj><sln:powIIPId>caee2f73-5e2b-42b5-8bd9-9f3741b460d5</sln:powIIPId><sln:powIIPPn>PL.PZGIK.200</sln:powIIPPn><sln:powIIPWersja>2012-09-27T09:33:51+02:00</sln:powIIPWersja><sln:powIdTeryt>2213</sln:powIdTeryt><sln:powNazwa>starogardzki</sln:powNazwa><sln:wojIIPId>ece93e09-0215-42f3-8067-be0649f58d46</sln:wojIIPId><sln:wojIIPPn>PL.PZGIK.200</sln:wojIIPPn><sln:wojIIPWersja>2012-09-27T13:45:13+02:00</sln:wojIIPWersja><sln:wojIdTeryt>22</sln:wojIdTeryt><sln:wojNazwa>pomorskie</sln:wojNazwa></sln:miejscowosc><sln:miejscowosc><sln:cyklZyciaDo>2017-07-24T00:00:00+02:00</sln:cyklZyciaDo><sln:cyklZyciaOd>2017-02-07T00:00:00+01:00</sln:cyklZyciaOd><sln:gmIIPId>33c967d2-461f-43d1-b5f4-f34da28b933f</sln:gmIIPId><sln:gmIIPPn>PL.PZGIK.200</sln:gmIIPPn><sln:gmIIPWersja>2012-09-26T22:46:17+02:00</sln:gmIIPWersja><sln:gmIdTeryt>2213031</sln:gmIdTeryt><sln:gmNazwa>Starogard Gdański</sln:gmNazwa><sln:miejscIIPId>f37977ed-c4d3-4a19-b8d9-dccc34d32b1f</sln:miejscIIPId><sln:miejscIIPPn>PL.PZGIK.200</sln:miejscIIPPn><sln:miejscIIPWersja>2017-02-07T10:07:32+02:00</sln:miejscIIPWersja><sln:miejscIdTeryt>0934850</sln:miejscIdTeryt><sln:miejscNazwa>Hermanowo</sln:miejscNazwa><sln:miejscRodzaj>Inny obiekt</sln:miejscRodzaj><sln:powIIPId>caee2f73-5e2b-42b5-8bd9-9f3741b460d5</sln:powIIPId><sln:powIIPPn>PL.PZGIK.200</sln:powIIPPn><sln:powIIPWersja>2012-09-27T09:33:51+02:00</sln:powIIPWersja><sln:powIdTeryt>2213</sln:powIdTeryt><sln:powNazwa>starogardzki</sln:powNazwa><sln:wojIIPId>ece93e09-0215-42f3-8067-be0649f58d46</sln:wojIIPId><sln:wojIIPPn>PL.PZGIK.200</sln:wojIIPPn><sln:wojIIPWersja>2012-09-27T13:45:13+02:00</sln:wojIIPWersja><sln:wojIdTeryt>22</sln:wojIdTeryt><sln:wojNazwa>pomorskie</sln:wojNazwa></sln:miejscowosc><sln:miejscowosc><sln:cyklZyciaDo>2017-07-24T00:00:00+02:00</sln:cyklZyciaDo><sln:cyklZyciaOd>2017-02-07T00:00:00+01:00</sln:cyklZyciaOd><sln:gmIIPId>33c967d2-461f-43d1-b5f4-f34da28b933f</sln:gmIIPId><sln:gmIIPPn>PL.PZGIK.200</sln:gmIIPPn><sln:gmIIPWersja>2012-09-26T22:46:17+02:00</sln:gmIIPWersja><sln:gmIdTeryt>2213031</sln:gmIdTeryt><sln:gmNazwa>Starogard Gdański</sln:gmNazwa><sln:miejscIIPId>396a8af7-7e04-493d-bca5-d367ce3c3399</sln:miejscIIPId><sln:miejscIIPPn>PL.PZGIK.200</sln:miejscIIPPn><sln:miejscIIPWersja>2017-02-07T10:07:32+02:00</sln:miejscIIPWersja><sln:miejscIdTeryt>0934866</sln:miejscIdTeryt><sln:miejscNazwa>Kocborowo</sln:miejscNazwa><sln:miejscRodzaj>Inny obiekt</sln:miejscRodzaj><sln:powIIPId>caee2f73-5e2b-42b5-8bd9-9f3741b460d5</sln:powIIPId><sln:powIIPPn>PL.PZGIK.200</sln:powIIPPn><sln:powIIPWersja>2012-09-27T09:33:51+02:00</sln:powIIPWersja><sln:powIdTeryt>2213</sln:powIdTeryt><sln:powNazwa>starogardzki</sln:powNazwa><sln:wojIIPId>ece93e09-0215-42f3-8067-be0649f58d46</sln:wojIIPId><sln:wojIIPPn>PL.PZGIK.200</sln:wojIIPPn><sln:wojIIPWersja>2012-09-27T13:45:13+02:00</sln:wojIIPWersja><sln:wojIdTeryt>22</sln:wojIdTeryt><sln:wojNazwa>pomorskie</sln:wojNazwa></sln:miejscowosc><sln:miejscowosc><sln:cyklZyciaDo>2017-07-24T00:00:00+02:00</sln:cyklZyciaDo><sln:cyklZyciaOd>2017-02-07T00:00:00+01:00</sln:cyklZyciaOd><sln:gmIIPId>33c967d2-461f-43d1-b5f4-f34da28b933f</sln:gmIIPId><sln:gmIIPPn>PL.PZGIK.200</sln:gmIIPPn><sln:gmIIPWersja>2012-09-26T22:46:17+02:00</sln:gmIIPWersja><sln:gmIdTeryt>2213031</sln:gmIdTeryt><sln:gmNazwa>Starogard Gdański</sln:gmNazwa><sln:miejscIIPId>26a256b9-5aaf-42a1-84e5-77acb9f0810d</sln:miejscIIPId><sln:miejscIIPPn>PL.PZGIK.200</sln:miejscIIPPn><sln:miejscIIPWersja>2017-02-07T10:07:32+02:00</sln:miejscIIPWersja><sln:miejscIdTeryt>0934872</sln:miejscIdTeryt><sln:miejscNazwa>Kochanki</sln:miejscNazwa><sln:miejscRodzaj>Inny obiekt</sln:miejscRodzaj><sln:powIIPId>caee2f73-5e2b-42b5-8bd9-9f3741b460d5</sln:powIIPId><sln:powIIPPn>PL.PZGIK.200</sln:powIIPPn><sln:powIIPWersja>2012-09-27T09:33:51+02:00</sln:powIIPWersja><sln:powIdTeryt>2213</sln:powIdTeryt><sln:powNazwa>starogardzki</sln:powNazwa><sln:wojIIPId>ece93e09-0215-42f3-8067-be0649f58d46</sln:wojIIPId><sln:wojIIPPn>PL.PZGIK.200</sln:wojIIPPn><sln:wojIIPWersja>2012-09-27T13:45:13+02:00</sln:wojIIPWersja><sln:wojIdTeryt>22</sln:wojIdTeryt><sln:wojNazwa>pomorskie</sln:wojNazwa></sln:miejscowosc><sln:miejscowosc><sln:cyklZyciaDo>2017-07-24T00:00:00+02:00</sln:cyklZyciaDo><sln:cyklZyciaOd>2017-02-07T00:00:00+01:00</sln:cyklZyciaOd><sln:gmIIPId>33c967d2-461f-43d1-b5f4-f34da28b933f</sln:gmIIPId><sln:gmIIPPn>PL.PZGIK.200</sln:gmIIPPn><sln:gmIIPWersja>2012-09-26T22:46:17+02:00</sln:gmIIPWersja><sln:gmIdTeryt>2213031</sln:gmIdTeryt><sln:gmNazwa>Starogard Gdański</sln:gmNazwa><sln:miejscIIPId>524f6615-b8e1-4eac-93f4-a69223234159</sln:miejscIIPId><sln:miejscIIPPn>PL.PZGIK.200</sln:miejscIIPPn><sln:miejscIIPWersja>2017-02-07T10:07:32+02:00</sln:miejscIIPWersja><sln:miejscIdTeryt>0934889</sln:miejscIdTeryt><sln:miejscNazwa>Korytyba</sln:miejscNazwa><sln:miejscRodzaj>Inny obiekt</sln:miejscRodzaj><sln:powIIPId>caee2f73-5e2b-42b5-8bd9-9f3741b460d5</sln:powIIPId><sln:powIIPPn>PL.PZGIK.200</sln:powIIPPn><sln:powIIPWersja>2012-09-27T09:33:51+02:00</sln:powIIPWersja><sln:powIdTeryt>2213</sln:powIdTeryt><sln:powNazwa>starogardzki</sln:powNazwa><sln:wojIIPId>ece93e09-0215-42f3-8067-be0649f58d46</sln:wojIIPId><sln:wojIIPPn>PL.PZGIK.200</sln:wojIIPPn><sln:wojIIPWersja>2012-09-27T13:45:13+02:00</sln:wojIIPWersja><sln:wojIdTeryt>22</sln:wojIdTeryt><sln:wojNazwa>pomorskie</sln:wojNazwa></sln:miejscowosc><sln:miejscowosc><sln:cyklZyciaOd>2017-07-24T00:00:00+02:00</sln:cyklZyciaOd><sln:gmIIPId>33c967d2-461f-43d1-b5f4-f34da28b933f</sln:gmIIPId><sln:gmIIPPn>PL.PZGIK.200</sln:gmIIPPn><sln:gmIIPWersja>2012-09-26T22:46:17+02:00</sln:gmIIPWersja><sln:gmIdTeryt>2213031</sln:gmIdTeryt><sln:gmNazwa>Starogard Gdański</sln:gmNazwa><sln:miejscIIPId>560b5566-3860-4d16-8758-9c9c7ad03deb</sln:miejscIIPId><sln:miejscIIPPn>PL.PZGIK.200</sln:miejscIIPPn><sln:miejscIIPWersja>2017-07-24T12:44:04+02:00</sln:miejscIIPWersja><sln:miejscIdTeryt>0934837</sln:miejscIdTeryt><sln:miejscNazwa>Starogard Gdański</sln:miejscNazwa><sln:miejscRodzaj>Miasto</sln:miejscRodzaj><sln:powIIPId>caee2f73-5e2b-42b5-8bd9-9f3741b460d5</sln:powIIPId><sln:powIIPPn>PL.PZGIK.200</sln:powIIPPn><sln:powIIPWersja>2012-09-27T09:33:51+02:00</sln:powIIPWersja><sln:powIdTeryt>2213</sln:powIdTeryt><sln:powNazwa>starogardzki</sln:powNazwa><sln:wojIIPId>ece93e09-0215-42f3-8067-be0649f58d46</sln:wojIIPId><sln:wojIIPPn>PL.PZGIK.200</sln:wojIIPPn><sln:wojIIPWersja>2012-09-27T13:45:13+02:00</sln:wojIIPWersja><sln:wojIdTeryt>22</sln:wojIdTeryt><sln:wojNazwa>pomorskie</sln:wojNazwa></sln:miejscowosc><sln:miejscowosc><sln:cyklZyciaOd>2017-07-24T00:00:00+02:00</sln:cyklZyciaOd><sln:gmIIPId>33c967d2-461f-43d1-b5f4-f34da28b933f</sln:gmIIPId><sln:gmIIPPn>PL.PZGIK.200</sln:gmIIPPn><sln:gmIIPWersja>2012-09-26T22:46:17+02:00</sln:gmIIPWersja><sln:gmIdTeryt>2213031</sln:gmIdTeryt><sln:gmNazwa>Starogard Gdański</sln:gmNazwa><sln:miejscIIPId>d10bdc2c-92e4-44d8-a865-47a02a0f9840</sln:miejscIIPId><sln:miejscIIPPn>PL.PZGIK.200</sln:miejscIIPPn><sln:miejscIIPWersja>2017-07-24T12:44:09+02:00</sln:miejscIIPWersja><sln:miejscIdTeryt>0934843</sln:miejscIdTeryt><sln:miejscNazwa>Freda</sln:miejscNazwa><sln:miejscRodzaj>Inny obiekt</sln:miejscRodzaj><sln:powIIPId>caee2f73-5e2b-42b5-8bd9-9f3741b460d5</sln:powIIPId><sln:powIIPPn>PL.PZGIK.200</sln:powIIPPn><sln:powIIPWersja>2012-09-27T09:33:51+02:00</sln:powIIPWersja><sln:powIdTeryt>2213</sln:powIdTeryt><sln:powNazwa>starogardzki</sln:powNazwa><sln:wojIIPId>ece93e09-0215-42f3-8067-be0649f58d46</sln:wojIIPId><sln:wojIIPPn>PL.PZGIK.200</sln:wojIIPPn><sln:wojIIPWersja>2012-09-27T13:45:13+02:00</sln:wojIIPWersja><sln:wojIdTeryt>22</sln:wojIdTeryt><sln:wojNazwa>pomorskie</sln:wojNazwa></sln:miejscowosc><sln:miejscowosc><sln:cyklZyciaOd>2017-07-24T00:00:00+02:00</sln:cyklZyciaOd><sln:gmIIPId>33c967d2-461f-43d1-b5f4-f34da28b933f</sln:gmIIPId><sln:gmIIPPn>PL.PZGIK.200</sln:gmIIPPn><sln:gmIIPWersja>2012-09-26T22:46:17+02:00</sln:gmIIPWersja><sln:gmIdTeryt>2213031</sln:gmIdTeryt><sln:gmNazwa>Starogard Gdański</sln:gmNazwa><sln:miejscIIPId>f37977ed-c4d3-4a19-b8d9-dccc34d32b1f</sln:miejscIIPId><sln:miejscIIPPn>PL.PZGIK.200</sln:miejscIIPPn><sln:miejscIIPWersja>2017-07-24T12:44:09+02:00</sln:miejscIIPWersja><sln:miejscIdTeryt>0934850</sln:miejscIdTeryt><sln:miejscNazwa>Hermanowo</sln:miejscNazwa><sln:miejscRodzaj>Inny obiekt</sln:miejscRodzaj><sln:powIIPId>caee2f73-5e2b-42b5-8bd9-9f3741b460d5</sln:powIIPId><sln:powIIPPn>PL.PZGIK.200</sln:powIIPPn><sln:powIIPWersja>2012-09-27T09:33:51+02:00</sln:powIIPWersja><sln:powIdTeryt>2213</sln:powIdTeryt><sln:powNazwa>starogardzki</sln:powNazwa><sln:wojIIPId>ece93e09-0215-42f3-8067-be0649f58d46</sln:wojIIPId><sln:wojIIPPn>PL.PZGIK.200</sln:wojIIPPn><sln:wojIIPWersja>2012-09-27T13:45:13+02:00</sln:wojIIPWersja><sln:wojIdTeryt>22</sln:wojIdTeryt><sln:wojNazwa>pomorskie</sln:wojNazwa></sln:miejscowosc><sln:miejscowosc><sln:cyklZyciaOd>2017-07-24T00:00:00+02:00</sln:cyklZyciaOd><sln:gmIIPId>33c967d2-461f-43d1-b5f4-f34da28b933f</sln:gmIIPId><sln:gmIIPPn>PL.PZGIK.200</sln:gmIIPPn><sln:gmIIPWersja>2012-09-26T22:46:17+02:00</sln:gmIIPWersja><sln:gmIdTeryt>2213031</sln:gmIdTeryt><sln:gmNazwa>Starogard Gdański</sln:gmNazwa><sln:miejscIIPId>396a8af7-7e04-493d-bca5-d367ce3c3399</sln:miejscIIPId><sln:miejscIIPPn>PL.PZGIK.200</sln:miejscIIPPn><sln:miejscIIPWersja>2017-07-24T12:44:09+02:00</sln:miejscIIPWersja><sln:miejscIdTeryt>0934866</sln:miejscIdTeryt><sln:miejscNazwa>Kocborowo</sln:miejscNazwa><sln:miejscRodzaj>Inny obiekt</sln:miejscRodzaj><sln:powIIPId>caee2f73-5e2b-42b5-8bd9-9f3741b460d5</sln:powIIPId><sln:powIIPPn>PL.PZGIK.200</sln:powIIPPn><sln:powIIPWersja>2012-09-27T09:33:51+02:00</sln:powIIPWersja><sln:powIdTeryt>2213</sln:powIdTeryt><sln:powNazwa>starogardzki</sln:powNazwa><sln:wojIIPId>ece93e09-0215-42f3-8067-be0649f58d46</sln:wojIIPId><sln:wojIIPPn>PL.PZGIK.200</sln:wojIIPPn><sln:wojIIPWersja>2012-09-27T13:45:13+02:00</sln:wojIIPWersja><sln:wojIdTeryt>22</sln:wojIdTeryt><sln:wojNazwa>pomorskie</sln:wojNazwa></sln:miejscowosc><sln:miejscowosc><sln:cyklZyciaOd>2017-07-24T00:00:00+02:00</sln:cyklZyciaOd><sln:gmIIPId>33c967d2-461f-43d1-b5f4-f34da28b933f</sln:gmIIPId><sln:gmIIPPn>PL.PZGIK.200</sln:gmIIPPn><sln:gmIIPWersja>2012-09-26T22:46:17+02:00</sln:gmIIPWersja><sln:gmIdTeryt>2213031</sln:gmIdTeryt><sln:gmNazwa>Starogard Gdański</sln:gmNazwa><sln:miejscIIPId>26a256b9-5aaf-42a1-84e5-77acb9f0810d</sln:miejscIIPId><sln:miejscIIPPn>PL.PZGIK.200</sln:miejscIIPPn><sln:miejscIIPWersja>2017-07-24T12:44:09+02:00</sln:miejscIIPWersja><sln:miejscIdTeryt>0934872</sln:miejscIdTeryt><sln:miejscNazwa>Kochanki</sln:miejscNazwa><sln:miejscRodzaj>Inny obiekt</sln:miejscRodzaj><sln:powIIPId>caee2f73-5e2b-42b5-8bd9-9f3741b460d5</sln:powIIPId><sln:powIIPPn>PL.PZGIK.200</sln:powIIPPn><sln:powIIPWersja>2012-09-27T09:33:51+02:00</sln:powIIPWersja><sln:powIdTeryt>2213</sln:powIdTeryt><sln:powNazwa>starogardzki</sln:powNazwa><sln:wojIIPId>ece93e09-0215-42f3-8067-be0649f58d46</sln:wojIIPId><sln:wojIIPPn>PL.PZGIK.200</sln:wojIIPPn><sln:wojIIPWersja>2012-09-27T13:45:13+02:00</sln:wojIIPWersja><sln:wojIdTeryt>22</sln:wojIdTeryt><sln:wojNazwa>pomorskie</sln:wojNazwa></sln:miejscowosc><sln:miejscowosc><sln:cyklZyciaOd>2017-07-24T00:00:00+02:00</sln:cyklZyciaOd><sln:gmIIPId>33c967d2-461f-43d1-b5f4-f34da28b933f</sln:gmIIPId><sln:gmIIPPn>PL.PZGIK.200</sln:gmIIPPn><sln:gmIIPWersja>2012-09-26T22:46:17+02:00</sln:gmIIPWersja><sln:gmIdTeryt>2213031</sln:gmIdTeryt><sln:gmNazwa>Starogard Gdański</sln:gmNazwa><sln:miejscIIPId>524f6615-b8e1-4eac-93f4-a69223234159</sln:miejscIIPId><sln:miejscIIPPn>PL.PZGIK.200</sln:miejscIIPPn><sln:miejscIIPWersja>2017-07-24T12:44:09+02:00</sln:miejscIIPWersja><sln:miejscIdTeryt>0934889</sln:miejscIdTeryt><sln:miejscNazwa>Korytyba</sln:miejscNazwa><sln:miejscRodzaj>Inny obiekt</sln:miejscRodzaj><sln:powIIPId>caee2f73-5e2b-42b5-8bd9-9f3741b460d5</sln:powIIPId><sln:powIIPPn>PL.PZGIK.200</sln:powIIPPn><sln:powIIPWersja>2012-09-27T09:33:51+02:00</sln:powIIPWersja><sln:powIdTeryt>2213</sln:powIdTeryt><sln:powNazwa>starogardzki</sln:powNazwa><sln:wojIIPId>ece93e09-0215-42f3-8067-be0649f58d46</sln:wojIIPId><sln:wojIIPPn>PL.PZGIK.200</sln:wojIIPPn><sln:wojIIPWersja>2012-09-27T13:45:13+02:00</sln:wojIIPWersja><sln:wojIdTeryt>22</sln:wojIdTeryt><sln:wojNazwa>pomorskie</sln:wojNazwa></sln:miejscowosc></sln:lista-miejscowosci>