<?xml version="1.0" encoding="UTF-8" standalone="yes"?><sln:lista-miejscowosci xmlns:srv="http://gugik.gov.pl/schemas/slowniki-service/1.0" xmlns:sln="http://gugik.gov.pl/schemas/slowniki-schema/1.0"><sln:miejscowosc><sln:cyklZyciaDo>2017-05-11T00:00:00+02:00</sln:cyklZyciaDo><sln:cyklZyciaOd>2016-01-13T00:00:00+01:00</sln:cyklZyciaOd><sln:gmIIPId>48a47ec1-7443-471b-83d6-8cc0f26ff18b</sln:gmIIPId><sln:gmIIPPn>PL.PZGIK.200</sln:gmIIPPn><sln:gmIIPWersja>2012-09-26T22:45:31+02:00</sln:gmIIPWersja><sln:gmIdTeryt>2204032</sln:gmIdTeryt><sln:gmNazwa>Kolbudy</sln:gmNazwa><sln:miejscIIPId>5a38c09e-9c8c-4e44-bbfd-d3958abc750e</sln:miejscIIPId><sln:miejscIIPPn>PL.PZGIK.200</sln:miejscIIPPn><sln:miejscIIPWersja>2016-11-24T09:28:44+02:00</sln:miejscIIPWersja><sln:miejscIdTeryt>0163819</sln:miejscIdTeryt><sln:miejscNazwa>Babidół</sln:miejscNazwa><sln:miejscRodzaj>Wieś</sln:miejscRodzaj><sln:powIIPId>8cea8b47-9b83-4eed-8a64-ce29d22ea7e8</sln:powIIPId><sln:powIIPPn>PL.PZGIK.200</sln:powIIPPn><sln:powIIPWersja>2012-09-27T09:33:51+02:00</sln:powIIPWersja><sln:powIdTeryt>2204</sln:powIdTeryt><sln:powNazwa>gdański</sln:powNazwa><sln:waznyOd>2014-12-02T00:00:00+01:00</sln:waznyOd><sln:wojIIPId>ece93e09-0215-42f3-8067-be0649f58d46</sln:wojIIPId><sln:wojIIPPn>PL.PZGIK.200</sln:wojIIPPn><sln:wojIIPWersja>2012-09-27T13:45:13+02:00</sln:wojIIPWersja><sln:wojIdTeryt>22</sln:wojIdTeryt><sln:wojNazwa>pomorskie</sln:wojNazwa></sln:miejscowosc><sln:miejscowosc><sln:cyklZyciaDo>2017-05-11T00:00:00+02:00</sln:cyklZyciaDo><sln:cyklZyciaOd>2016-01-13T00:00:00+01:00</sln:cyklZyciaOd><sln:gmIIPId>48a47ec1-7443-471b-83d6-8cc0f26ff18b</sln:gmIIPId><sln:gmIIPPn>PL.PZGIK.200</sln:gmIIPPn><sln:gmIIPWersja>2012-09-26T22:45:31+02:00</sln:gmIIPWersja><sln:gmIdTeryt>2204032</sln:gmIdTeryt><sln:gmNazwa>Kolbudy</sln:gmNazwa><sln:miejscIIPId>810216ad-dd2d-4da2-9d8e-abf1911a9c47</sln:miejscIIPId><sln:miejscIIPPn>PL.PZGIK.200</sln:miejscIIPPn><sln:miejscIIPWersja>2016-11-24T09:28:44+02:00</sln:miejscIIPWersja><sln:miejscIdTeryt>0164010</sln:miejscIdTeryt><sln:miejscNazwa>Bąkowo</sln:miejscNazwa><sln:miejscRodzaj>Osada</sln:miejscRodzaj><sln:powIIPId>8cea8b47-9b83-4eed-8a64-ce29d22ea7e8</sln:powIIPId><sln:powIIPPn>PL.PZGIK.200</sln:powIIPPn><sln:powIIPWersja>2012-09-27T09:33:51+02:00</sln:powIIPWersja><sln:powIdTeryt>2204</sln:powIdTeryt><sln:powNazwa>gdański</sln:powNazwa><sln:waznyOd>2014-12-02T00:00:00+01:00</sln:waznyOd><sln:wojIIPId>ece93e09-0215-42f3-8067-be0649f58d46</sln:wojIIPId><sln:wojIIPPn>PL.PZGIK.200</sln:wojIIPPn><sln:wojIIPWersja>2012-09-27T13:45:13+02:00</sln:wojIIPWersja><sln:wojIdTeryt>22</sln:wojIdTeryt><sln:wojNazwa>pomorskie</sln:wojNazwa></sln:miejscowosc><sln:miejscowosc><sln:cyklZyciaDo>2017-05-11T00:00:00+02:00</sln:cyklZyciaDo><sln:cyklZyciaOd>2016-01-13T00:00:00+01:00</sln:cyklZyciaOd><sln:gmIIPId>48a47ec1-7443-471b-83d6-8cc0f26ff18b</sln:gmIIPId><sln:gmIIPPn>PL.PZGIK.200</sln:gmIIPPn><sln:gmIIPWersja>2012-09-26T22:45:31+02:00</sln:gmIIPWersja><sln:gmIdTeryt>2204032</sln:gmIdTeryt><sln:gmNazwa>Kolbudy</sln:gmNazwa><sln:miejscIIPId>00871ba2-ab4d-4b97-b299-104d88b3d77f</sln:miejscIIPId><sln:miejscIIPPn>PL.PZGIK.200</sln:miejscIIPPn><sln:miejscIIPWersja>2016-11-24T09:28:44+02:00</sln:miejscIIPWersja><sln:miejscIdTeryt>0164032</sln:miejscIdTeryt><sln:miejscNazwa>Bielkowo</sln:miejscNazwa><sln:miejscRodzaj>Osada</sln:miejscRodzaj><sln:powIIPId>8cea8b47-9b83-4eed-8a64-ce29d22ea7e8</sln:powIIPId><sln:powIIPPn>PL.PZGIK.200</sln:powIIPPn><sln:powIIPWersja>2012-09-27T09:33:51+02:00</sln:powIIPWersja><sln:powIdTeryt>2204</sln:powIdTeryt><sln:powNazwa>gdański</sln:powNazwa><sln:waznyOd>2015-11-10T00:00:00+01:00</sln:waznyOd><sln:wojIIPId>ece93e09-0215-42f3-8067-be0649f58d46</sln:wojIIPId><sln:wojIIPPn>PL.PZGIK.200</sln:wojIIPPn><sln:wojIIPWersja>2012-09-27T13:45:13+02:00</sln:wojIIPWersja><sln:wojIdTeryt>22</sln:wojIdTeryt><sln:wojNazwa>pomorskie</sln:wojNazwa></sln:miejscowosc><sln:miejscowosc><sln:cyklZyciaDo>2017-05-11T00:00:00+02:00</sln:cyklZyciaDo><sln:cyklZyciaOd>2016-01-13T00:00:00+01:00</sln:cyklZyciaOd><sln:gmIIPId>48a47ec1-7443-471b-83d6-8cc0f26ff18b</sln:gmIIPId><sln:gmIIPPn>PL.PZGIK.200</sln:gmIIPPn><sln:gmIIPWersja>2012-09-26T22:45:31+02:00</sln:gmIIPWersja><sln:gmIdTeryt>2204032</sln:gmIdTeryt><sln:gmNazwa>Kolbudy</sln:gmNazwa><sln:miejscIIPId>21d545c1-7284-4eaf-9f95-9498d7c3e8dc</sln:miejscIIPId><sln:miejscIIPPn>PL.PZGIK.200</sln:miejscIIPPn><sln:miejscIIPWersja>2016-11-24T09:28:44+02:00</sln:miejscIIPWersja><sln:miejscIdTeryt>0163831</sln:miejscIdTeryt><sln:miejscNazwa>Bielkówko</sln:miejscNazwa><sln:miejscRodzaj>Wieś</sln:miejscRodzaj><sln:powIIPId>8cea8b47-9b83-4eed-8a64-ce29d22ea7e8</sln:powIIPId><sln:powIIPPn>PL.PZGIK.200</sln:powIIPPn><sln:powIIPWersja>2012-09-27T09:33:51+02:00</sln:powIIPWersja><sln:powIdTeryt>2204</sln:powIdTeryt><sln:powNazwa>gdański</sln:powNazwa><sln:waznyOd>2014-12-02T00:00:00+01:00</sln:waznyOd><sln:wojIIPId>ece93e09-0215-42f3-8067-be0649f58d46</sln:wojIIPId><sln:wojIIPPn>PL.PZGIK.200</sln:wojIIPPn><sln:wojIIPWersja>2012-09-27T13:45:13+02:00</sln:wojIIPWersja><sln:wojIdTeryt>22</sln:wojIdTeryt><sln:wojNazwa>pomorskie</sln:wojNazwa></sln:miejscowosc><sln:miejscowosc><sln:cyklZyciaDo>2017-05-11T00:00:00+02:00</sln:cyklZyciaDo><sln:cyklZyciaOd>2016-01-13T00:00:00+01:00</sln:cyklZyciaOd><sln:gmIIPId>48a47ec1-7443-471b-83d6-8cc0f26ff18b</sln:gmIIPId><sln:gmIIPPn>PL.PZGIK.200</sln:gmIIPPn><sln:gmIIPWersja>2012-09-26T22:45:31+02:00</sln:gmIIPWersja><sln:gmIdTeryt>2204032</sln:gmIdTeryt><sln:gmNazwa>Kolbudy</sln:gmNazwa><sln:miejscIIPId>ab6aeb36-aa13-4a69-9fb9-9d9dcfd37a0a</sln:miejscIIPId><sln:miejscIIPPn>PL.PZGIK.200</sln:miejscIIPPn><sln:miejscIIPWersja>2016-11-24T09:28:44+02:00</sln:miejscIIPWersja><sln:miejscIdTeryt>0163860</sln:miejscIdTeryt><sln:miejscNazwa>Buszkowy</sln:miejscNazwa><sln:miejscRodzaj>Wieś</sln:miejscRodzaj><sln:powIIPId>8cea8b47-9b83-4eed-8a64-ce29d22ea7e8</sln:powIIPId><sln:powIIPPn>PL.PZGIK.200</sln:powIIPPn><sln:powIIPWersja>2012-09-27T09:33:51+02:00</sln:powIIPWersja><sln:powIdTeryt>2204</sln:powIdTeryt><sln:powNazwa>gdański</sln:powNazwa><sln:waznyOd>2015-11-06T00:00:00+01:00</sln:waznyOd><sln:wojIIPId>ece93e09-0215-42f3-8067-be0649f58d46</sln:wojIIPId><sln:wojIIPPn>PL.PZGIK.200</sln:wojIIPPn><sln:wojIIPWersja>2012-09-27T13:45:13+02:00</sln:wojIIPWersja><sln:wojIdTeryt>22</sln:wojIdTeryt><sln:wojNazwa>pomorskie</sln:wojNazwa></sln:miejscowosc><sln:miejscowosc><sln:cyklZyciaDo>2017-05-11T00:00:00+02:00</sln:cyklZyciaDo><sln:cyklZyciaOd>2016-01-13T00:00:00+01:00</sln:cyklZyciaOd><sln:gmIIPId>48a47ec1-7443-471b-83d6-8cc0f26ff18b</sln:gmIIPId><sln:gmIIPPn>PL.PZGIK.200</sln:gmIIPPn><sln:gmIIPWersja>2012-09-26T22:45:31+02:00</sln:gmIIPWersja><sln:gmIdTeryt>2204032</sln:gmIdTeryt><sln:gmNazwa>Kolbudy</sln:gmNazwa><sln:miejscIIPId>885bba2b-7705-4c39-a537-9a4e9a27c084</sln:miejscIIPId><sln:miejscIIPPn>PL.PZGIK.200</sln:miejscIIPPn><sln:miejscIIPWersja>2016-11-24T09:28:44+02:00</sln:miejscIIPWersja><sln:miejscIdTeryt>0163920</sln:miejscIdTeryt><sln:miejscNazwa>Czapielsk</sln:miejscNazwa><sln:miejscRodzaj>Wieś</sln:miejscRodzaj><sln:powIIPId>8cea8b47-9b83-4eed-8a64-ce29d22ea7e8</sln:powIIPId><sln:powIIPPn>PL.PZGIK.200</sln:powIIPPn><sln:powIIPWersja>2012-09-27T09:33:51+02:00</sln:powIIPWersja><sln:powIdTeryt>2204</sln:powIdTeryt><sln:powNazwa>gdański</sln:powNazwa><sln:waznyOd>2014-12-02T00:00:00+01:00</sln:waznyOd><sln:wojIIPId>ece93e09-0215-42f3-8067-be0649f58d46</sln:wojIIPId><sln:wojIIPPn>PL.PZGIK.200</sln:wojIIPPn><sln:wojIIPWersja>2012-09-27T13:45:13+02:00</sln:wojIIPWersja><sln:wojIdTeryt>22</sln:wojIdTeryt><sln:wojNazwa>pomorskie</sln:wojNazwa></sln:miejscowosc><sln:miejscowosc><sln:cyklZyciaDo>2017-05-11T00:00:00+02:00</sln:cyklZyciaDo><sln:cyklZyciaOd>2016-01-13T00:00:00+01:00</sln:cyklZyciaOd><sln:gmIIPId>48a47ec1-7443-471b-83d6-8cc0f26ff18b</sln:gmIIPId><sln:gmIIPPn>PL.PZGIK.200</sln:gmIIPPn><sln:gmIIPWersja>2012-09-26T22:45:31+02:00</sln:gmIIPWersja><sln:gmIdTeryt>2204032</sln:gmIdTeryt><sln:gmNazwa>Kolbudy</sln:gmNazwa><sln:miejscIIPId>5380acaa-1ef3-4b25-b3f0-7cae385a81b3</sln:miejscIIPId><sln:miejscIIPPn>PL.PZGIK.200</sln:miejscIIPPn><sln:miejscIIPWersja>2016-11-24T09:28:44+02:00</sln:miejscIIPWersja><sln:miejscIdTeryt>0163943</sln:miejscIdTeryt><sln:miejscNazwa>Jankowo Gdańskie</sln:miejscNazwa><sln:miejscRodzaj>Wieś</sln:miejscRodzaj><sln:powIIPId>8cea8b47-9b83-4eed-8a64-ce29d22ea7e8</sln:powIIPId><sln:powIIPPn>PL.PZGIK.200</sln:powIIPPn><sln:powIIPWersja>2012-09-27T09:33:51+02:00</sln:powIIPWersja><sln:powIdTeryt>2204</sln:powIdTeryt><sln:powNazwa>gdański</sln:powNazwa><sln:waznyOd>2014-12-02T00:00:00+01:00</sln:waznyOd><sln:wojIIPId>ece93e09-0215-42f3-8067-be0649f58d46</sln:wojIIPId><sln:wojIIPPn>PL.PZGIK.200</sln:wojIIPPn><sln:wojIIPWersja>2012-09-27T13:45:13+02:00</sln:wojIIPWersja><sln:wojIdTeryt>22</sln:wojIdTeryt><sln:wojNazwa>pomorskie</sln:wojNazwa></sln:miejscowosc><sln:miejscowosc><sln:cyklZyciaDo>2017-05-11T00:00:00+02:00</sln:cyklZyciaDo><sln:cyklZyciaOd>2016-01-13T00:00:00+01:00</sln:cyklZyciaOd><sln:gmIIPId>48a47ec1-7443-471b-83d6-8cc0f26ff18b</sln:gmIIPId><sln:gmIIPPn>PL.PZGIK.200</sln:gmIIPPn><sln:gmIIPWersja>2012-09-26T22:45:31+02:00</sln:gmIIPWersja><sln:gmIdTeryt>2204032</sln:gmIdTeryt><sln:gmNazwa>Kolbudy</sln:gmNazwa><sln:miejscIIPId>ca507dcf-6a09-457c-975d-9edb2f4930d2</sln:miejscIIPId><sln:miejscIIPPn>PL.PZGIK.200</sln:miejscIIPPn><sln:miejscIIPWersja>2016-11-24T09:28:44+02:00</sln:miejscIIPWersja><sln:miejscIdTeryt>0163950</sln:miejscIdTeryt><sln:miejscNazwa>Kolbudy</sln:miejscNazwa><sln:miejscRodzaj>Wieś</sln:miejscRodzaj><sln:powIIPId>8cea8b47-9b83-4eed-8a64-ce29d22ea7e8</sln:powIIPId><sln:powIIPPn>PL.PZGIK.200</sln:powIIPPn><sln:powIIPWersja>2012-09-27T09:33:51+02:00</sln:powIIPWersja><sln:powIdTeryt>2204</sln:powIdTeryt><sln:powNazwa>gdański</sln:powNazwa><sln:waznyOd>2014-12-02T00:00:00+01:00</sln:waznyOd><sln:wojIIPId>ece93e09-0215-42f3-8067-be0649f58d46</sln:wojIIPId><sln:wojIIPPn>PL.PZGIK.200</sln:wojIIPPn><sln:wojIIPWersja>2012-09-27T13:45:13+02:00</sln:wojIIPWersja><sln:wojIdTeryt>22</sln:wojIdTeryt><sln:wojNazwa>pomorskie</sln:wojNazwa></sln:miejscowosc><sln:miejscowosc><sln:cyklZyciaDo>2017-05-11T00:00:00+02:00</sln:cyklZyciaDo><sln:cyklZyciaOd>2016-01-13T00:00:00+01:00</sln:cyklZyciaOd><sln:gmIIPId>48a47ec1-7443-471b-83d6-8cc0f26ff18b</sln:gmIIPId><sln:gmIIPPn>PL.PZGIK.200</sln:gmIIPPn><sln:gmIIPWersja>2012-09-26T22:45:31+02:00</sln:gmIIPWersja><sln:gmIdTeryt>2204032</sln:gmIdTeryt><sln:gmNazwa>Kolbudy</sln:gmNazwa><sln:miejscIIPId>ee59314e-85ad-4f51-8b04-edc144ce700f</sln:miejscIIPId><sln:miejscIIPPn>PL.PZGIK.200</sln:miejscIIPPn><sln:miejscIIPWersja>2016-11-24T09:28:44+02:00</sln:miejscIIPWersja><sln:miejscIdTeryt>0163989</sln:miejscIdTeryt><sln:miejscNazwa>Kowale</sln:miejscNazwa><sln:miejscRodzaj>Wieś</sln:miejscRodzaj><sln:powIIPId>8cea8b47-9b83-4eed-8a64-ce29d22ea7e8</sln:powIIPId><sln:powIIPPn>PL.PZGIK.200</sln:powIIPPn><sln:powIIPWersja>2012-09-27T09:33:51+02:00</sln:powIIPWersja><sln:powIdTeryt>2204</sln:powIdTeryt><sln:powNazwa>gdański</sln:powNazwa><sln:waznyOd>2014-12-02T00:00:00+01:00</sln:waznyOd><sln:wojIIPId>ece93e09-0215-42f3-8067-be0649f58d46</sln:wojIIPId><sln:wojIIPPn>PL.PZGIK.200</sln:wojIIPPn><sln:wojIIPWersja>2012-09-27T13:45:13+02:00</sln:wojIIPWersja><sln:wojIdTeryt>22</sln:wojIdTeryt><sln:wojNazwa>pomorskie</sln:wojNazwa></sln:miejscowosc><sln:miejscowosc><sln:cyklZyciaDo>2017-05-11T00:00:00+02:00</sln:cyklZyciaDo><sln:cyklZyciaOd>2016-01-13T00:00:00+01:00</sln:cyklZyciaOd><sln:gmIIPId>48a47ec1-7443-471b-83d6-8cc0f26ff18b</sln:gmIIPId><sln:gmIIPPn>PL.PZGIK.200</sln:gmIIPPn><sln:gmIIPWersja>2012-09-26T22:45:31+02:00</sln:gmIIPWersja><sln:gmIdTeryt>2204032</sln:gmIdTeryt><sln:gmNazwa>Kolbudy</sln:gmNazwa><sln:miejscIIPId>ed440b47-f868-4c88-8957-e234e566c44b</sln:miejscIIPId><sln:miejscIIPPn>PL.PZGIK.200</sln:miejscIIPPn><sln:miejscIIPWersja>2016-11-24T09:28:44+02:00</sln:miejscIIPWersja><sln:miejscIdTeryt>0163995</sln:miejscIdTeryt><sln:miejscNazwa>Lisewiec</sln:miejscNazwa><sln:miejscRodzaj>Wieś</sln:miejscRodzaj><sln:powIIPId>8cea8b47-9b83-4eed-8a64-ce29d22ea7e8</sln:powIIPId><sln:powIIPPn>PL.PZGIK.200</sln:powIIPPn><sln:powIIPWersja>2012-09-27T09:33:51+02:00</sln:powIIPWersja><sln:powIdTeryt>2204</sln:powIdTeryt><sln:powNazwa>gdański</sln:powNazwa><sln:waznyOd>2014-12-02T00:00:00+01:00</sln:waznyOd><sln:wojIIPId>ece93e09-0215-42f3-8067-be0649f58d46</sln:wojIIPId><sln:wojIIPPn>PL.PZGIK.200</sln:wojIIPPn><sln:wojIIPWersja>2012-09-27T13:45:13+02:00</sln:wojIIPWersja><sln:wojIdTeryt>22</sln:wojIdTeryt><sln:wojNazwa>pomorskie</sln:wojNazwa></sln:miejscowosc><sln:miejscowosc><sln:cyklZyciaDo>2017-05-11T00:00:00+02:00</sln:cyklZyciaDo><sln:cyklZyciaOd>2016-01-13T00:00:00+01:00</sln:cyklZyciaOd><sln:gmIIPId>48a47ec1-7443-471b-83d6-8cc0f26ff18b</sln:gmIIPId><sln:gmIIPPn>PL.PZGIK.200</sln:gmIIPPn><sln:gmIIPWersja>2012-09-26T22:45:31+02:00</sln:gmIIPWersja><sln:gmIdTeryt>2204032</sln:gmIdTeryt><sln:gmNazwa>Kolbudy</sln:gmNazwa><sln:miejscIIPId>820ad8cf-e871-4216-bb0c-4f97efecc330</sln:miejscIIPId><sln:miejscIIPPn>PL.PZGIK.200</sln:miejscIIPPn><sln:miejscIIPWersja>2016-11-24T09:28:44+02:00</sln:miejscIIPWersja><sln:miejscIdTeryt>0164003</sln:miejscIdTeryt><sln:miejscNazwa>Lublewo Gdańskie</sln:miejscNazwa><sln:miejscRodzaj>Wieś</sln:miejscRodzaj><sln:powIIPId>8cea8b47-9b83-4eed-8a64-ce29d22ea7e8</sln:powIIPId><sln:powIIPPn>PL.PZGIK.200</sln:powIIPPn><sln:powIIPWersja>2012-09-27T09:33:51+02:00</sln:powIIPWersja><sln:powIdTeryt>2204</sln:powIdTeryt><sln:powNazwa>gdański</sln:powNazwa><sln:waznyOd>2014-12-02T00:00:00+01:00</sln:waznyOd><sln:wojIIPId>ece93e09-0215-42f3-8067-be0649f58d46</sln:wojIIPId><sln:wojIIPPn>PL.PZGIK.200</sln:wojIIPPn><sln:wojIIPWersja>2012-09-27T13:45:13+02:00</sln:wojIIPWersja><sln:wojIdTeryt>22</sln:wojIdTeryt><sln:wojNazwa>pomorskie</sln:wojNazwa></sln:miejscowosc><sln:miejscowosc><sln:cyklZyciaDo>2017-05-11T00:00:00+02:00</sln:cyklZyciaDo><sln:cyklZyciaOd>2016-01-13T00:00:00+01:00</sln:cyklZyciaOd><sln:gmIIPId>48a47ec1-7443-471b-83d6-8cc0f26ff18b</sln:gmIIPId><sln:gmIIPPn>PL.PZGIK.200</sln:gmIIPPn><sln:gmIIPWersja>2012-09-26T22:45:31+02:00</sln:gmIIPWersja><sln:gmIdTeryt>2204032</sln:gmIdTeryt><sln:gmNazwa>Kolbudy</sln:gmNazwa><sln:miejscIIPId>2eca5db9-3349-495f-ba3d-ae239f16de04</sln:miejscIIPId><sln:miejscIIPPn>PL.PZGIK.200</sln:miejscIIPPn><sln:miejscIIPWersja>2016-11-24T09:28:44+02:00</sln:miejscIIPWersja><sln:miejscIdTeryt>0164049</sln:miejscIdTeryt><sln:miejscNazwa>Łapino</sln:miejscNazwa><sln:miejscRodzaj>Wieś</sln:miejscRodzaj><sln:powIIPId>8cea8b47-9b83-4eed-8a64-ce29d22ea7e8</sln:powIIPId><sln:powIIPPn>PL.PZGIK.200</sln:powIIPPn><sln:powIIPWersja>2012-09-27T09:33:51+02:00</sln:powIIPWersja><sln:powIdTeryt>2204</sln:powIdTeryt><sln:powNazwa>gdański</sln:powNazwa><sln:waznyOd>2014-12-02T00:00:00+01:00</sln:waznyOd><sln:wojIIPId>ece93e09-0215-42f3-8067-be0649f58d46</sln:wojIIPId><sln:wojIIPPn>PL.PZGIK.200</sln:wojIIPPn><sln:wojIIPWersja>2012-09-27T13:45:13+02:00</sln:wojIIPWersja><sln:wojIdTeryt>22</sln:wojIdTeryt><sln:wojNazwa>pomorskie</sln:wojNazwa></sln:miejscowosc><sln:miejscowosc><sln:cyklZyciaDo>2017-05-11T00:00:00+02:00</sln:cyklZyciaDo><sln:cyklZyciaOd>2016-01-13T00:00:00+01:00</sln:cyklZyciaOd><sln:gmIIPId>48a47ec1-7443-471b-83d6-8cc0f26ff18b</sln:gmIIPId><sln:gmIIPPn>PL.PZGIK.200</sln:gmIIPPn><sln:gmIIPWersja>2012-09-26T22:45:31+02:00</sln:gmIIPWersja><sln:gmIdTeryt>2204032</sln:gmIdTeryt><sln:gmNazwa>Kolbudy</sln:gmNazwa><sln:miejscIIPId>fc3740e8-b031-4f5e-b6e5-49adf42040dd</sln:miejscIIPId><sln:miejscIIPPn>PL.PZGIK.200</sln:miejscIIPPn><sln:miejscIIPWersja>2016-11-24T09:28:44+02:00</sln:miejscIIPWersja><sln:miejscIdTeryt>0163825</sln:miejscIdTeryt><sln:miejscNazwa>Nowiny</sln:miejscNazwa><sln:miejscRodzaj>Przysiółek</sln:miejscRodzaj><sln:powIIPId>8cea8b47-9b83-4eed-8a64-ce29d22ea7e8</sln:powIIPId><sln:powIIPPn>PL.PZGIK.200</sln:powIIPPn><sln:powIIPWersja>2012-09-27T09:33:51+02:00</sln:powIIPWersja><sln:powIdTeryt>2204</sln:powIdTeryt><sln:powNazwa>gdański</sln:powNazwa><sln:waznyOd>2015-11-10T00:00:00+01:00</sln:waznyOd><sln:wojIIPId>ece93e09-0215-42f3-8067-be0649f58d46</sln:wojIIPId><sln:wojIIPPn>PL.PZGIK.200</sln:wojIIPPn><sln:wojIIPWersja>2012-09-27T13:45:13+02:00</sln:wojIIPWersja><sln:wojIdTeryt>22</sln:wojIdTeryt><sln:wojNazwa>pomorskie</sln:wojNazwa></sln:miejscowosc><sln:miejscowosc><sln:cyklZyciaDo>2017-05-11T00:00:00+02:00</sln:cyklZyciaDo><sln:cyklZyciaOd>2016-01-13T00:00:00+01:00</sln:cyklZyciaOd><sln:gmIIPId>48a47ec1-7443-471b-83d6-8cc0f26ff18b</sln:gmIIPId><sln:gmIIPPn>PL.PZGIK.200</sln:gmIIPPn><sln:gmIIPWersja>2012-09-26T22:45:31+02:00</sln:gmIIPWersja><sln:gmIdTeryt>2204032</sln:gmIdTeryt><sln:gmNazwa>Kolbudy</sln:gmNazwa><sln:miejscIIPId>a67249ef-4904-4837-aa41-e91ed30566db</sln:miejscIIPId><sln:miejscIIPPn>PL.PZGIK.200</sln:miejscIIPPn><sln:miejscIIPWersja>2016-11-24T09:28:44+02:00</sln:miejscIIPWersja><sln:miejscIdTeryt>0164084</sln:miejscIdTeryt><sln:miejscNazwa>Ostróżki</sln:miejscNazwa><sln:miejscRodzaj>Kolonia</sln:miejscRodzaj><sln:powIIPId>8cea8b47-9b83-4eed-8a64-ce29d22ea7e8</sln:powIIPId><sln:powIIPPn>PL.PZGIK.200</sln:powIIPPn><sln:powIIPWersja>2012-09-27T09:33:51+02:00</sln:powIIPWersja><sln:powIdTeryt>2204</sln:powIdTeryt><sln:powNazwa>gdański</sln:powNazwa><sln:waznyOd>2014-12-02T00:00:00+01:00</sln:waznyOd><sln:wojIIPId>ece93e09-0215-42f3-8067-be0649f58d46</sln:wojIIPId><sln:wojIIPPn>PL.PZGIK.200</sln:wojIIPPn><sln:wojIIPWersja>2012-09-27T13:45:13+02:00</sln:wojIIPWersja><sln:wojIdTeryt>22</sln:wojIdTeryt><sln:wojNazwa>pomorskie</sln:wojNazwa></sln:miejscowosc><sln:miejscowosc><sln:cyklZyciaDo>2017-05-11T00:00:00+02:00</sln:cyklZyciaDo><sln:cyklZyciaOd>2016-01-13T00:00:00+01:00</sln:cyklZyciaOd><sln:gmIIPId>48a47ec1-7443-471b-83d6-8cc0f26ff18b</sln:gmIIPId><sln:gmIIPPn>PL.PZGIK.200</sln:gmIIPPn><sln:gmIIPWersja>2012-09-26T22:45:31+02:00</sln:gmIIPWersja><sln:gmIdTeryt>2204032</sln:gmIdTeryt><sln:gmNazwa>Kolbudy</sln:gmNazwa><sln:miejscIIPId>e972d011-0ed5-4fc4-8edc-b8aa12765b9b</sln:miejscIIPId><sln:miejscIIPPn>PL.PZGIK.200</sln:miejscIIPPn><sln:miejscIIPWersja>2016-11-24T09:28:44+02:00</sln:miejscIIPWersja><sln:miejscIdTeryt>0164055</sln:miejscIdTeryt><sln:miejscNazwa>Otomin</sln:miejscNazwa><sln:miejscRodzaj>Wieś</sln:miejscRodzaj><sln:powIIPId>8cea8b47-9b83-4eed-8a64-ce29d22ea7e8</sln:powIIPId><sln:powIIPPn>PL.PZGIK.200</sln:powIIPPn><sln:powIIPWersja>2012-09-27T09:33:51+02:00</sln:powIIPWersja><sln:powIdTeryt>2204</sln:powIdTeryt><sln:powNazwa>gdański</sln:powNazwa><sln:waznyOd>2014-12-02T00:00:00+01:00</sln:waznyOd><sln:wojIIPId>ece93e09-0215-42f3-8067-be0649f58d46</sln:wojIIPId><sln:wojIIPPn>PL.PZGIK.200</sln:wojIIPPn><sln:wojIIPWersja>2012-09-27T13:45:13+02:00</sln:wojIIPWersja><sln:wojIdTeryt>22</sln:wojIdTeryt><sln:wojNazwa>pomorskie</sln:wojNazwa></sln:miejscowosc><sln:miejscowosc><sln:cyklZyciaDo>2017-05-11T00:00:00+02:00</sln:cyklZyciaDo><sln:cyklZyciaOd>2016-01-13T00:00:00+01:00</sln:cyklZyciaOd><sln:gmIIPId>48a47ec1-7443-471b-83d6-8cc0f26ff18b</sln:gmIIPId><sln:gmIIPPn>PL.PZGIK.200</sln:gmIIPPn><sln:gmIIPWersja>2012-09-26T22:45:31+02:00</sln:gmIIPWersja><sln:gmIdTeryt>2204032</sln:gmIdTeryt><sln:gmNazwa>Kolbudy</sln:gmNazwa><sln:miejscIIPId>7c353779-bd8c-4b48-874e-40097021029c</sln:miejscIIPId><sln:miejscIIPPn>PL.PZGIK.200</sln:miejscIIPPn><sln:miejscIIPWersja>2016-11-24T14:01:43+02:00</sln:miejscIIPWersja><sln:miejscIdTeryt>1066946</sln:miejscIdTeryt><sln:miejscNazwa>Pręgowo</sln:miejscNazwa><sln:miejscRodzaj>Wieś</sln:miejscRodzaj><sln:powIIPId>8cea8b47-9b83-4eed-8a64-ce29d22ea7e8</sln:powIIPId><sln:powIIPPn>PL.PZGIK.200</sln:powIIPPn><sln:powIIPWersja>2012-09-27T09:33:51+02:00</sln:powIIPWersja><sln:powIdTeryt>2204</sln:powIdTeryt><sln:powNazwa>gdański</sln:powNazwa><sln:waznyOd>2015-11-06T00:00:00+01:00</sln:waznyOd><sln:wojIIPId>ece93e09-0215-42f3-8067-be0649f58d46</sln:wojIIPId><sln:wojIIPPn>PL.PZGIK.200</sln:wojIIPPn><sln:wojIIPWersja>2012-09-27T13:45:13+02:00</sln:wojIIPWersja><sln:wojIdTeryt>22</sln:wojIdTeryt><sln:wojNazwa>pomorskie</sln:wojNazwa></sln:miejscowosc><sln:miejscowosc><sln:cyklZyciaOd>2017-05-11T00:00:00+02:00</sln:cyklZyciaOd><sln:gmIIPId>48a47ec1-7443-471b-83d6-8cc0f26ff18b</sln:gmIIPId><sln:gmIIPPn>PL.PZGIK.200</sln:gmIIPPn><sln:gmIIPWersja>2012-09-26T22:45:31+02:00</sln:gmIIPWersja><sln:gmIdTeryt>2204032</sln:gmIdTeryt><sln:gmNazwa>Kolbudy</sln:gmNazwa><sln:miejscIIPId>5a38c09e-9c8c-4e44-bbfd-d3958abc750e</sln:miejscIIPId><sln:miejscIIPPn>PL.PZGIK.200</sln:miejscIIPPn><sln:miejscIIPWersja>2017-05-11T10:53:16+02:00</sln:miejscIIPWersja><sln:miejscIdTeryt>0163819</sln:miejscIdTeryt><sln:miejscNazwa>Babidół</sln:miejscNazwa><sln:miejscRodzaj>Wieś</sln:miejscRodzaj><sln:powIIPId>8cea8b47-9b83-4eed-8a64-ce29d22ea7e8</sln:powIIPId><sln:powIIPPn>PL.PZGIK.200</sln:powIIPPn><sln:powIIPWersja>2012-09-27T09:33:51+02:00</sln:powIIPWersja><sln:powIdTeryt>2204</sln:powIdTeryt><sln:powNazwa>gdański</sln:powNazwa><sln:waznyOd>2014-12-02T00:00:00+01:00</sln:waznyOd><sln:wojIIPId>ece93e09-0215-42f3-8067-be0649f58d46</sln:wojIIPId><sln:wojIIPPn>PL.PZGIK.200</sln:wojIIPPn><sln:wojIIPWersja>2012-09-27T13:45:13+02:00</sln:wojIIPWersja><sln:wojIdTeryt>22</sln:wojIdTeryt><sln:wojNazwa>pomorskie</sln:wojNazwa></sln:miejscowosc><sln:miejscowosc><sln:cyklZyciaOd>2017-05-11T00:00:00+02:00</sln:cyklZyciaOd><sln:gmIIPId>48a47ec1-7443-471b-83d6-8cc0f26ff18b</sln:gmIIPId><sln:gmIIPPn>PL.PZGIK.200</sln:gmIIPPn><sln:gmIIPWersja>2012-09-26T22:45:31+02:00</sln:gmIIPWersja><sln:gmIdTeryt>2204032</sln:gmIdTeryt><sln:gmNazwa>Kolbudy</sln:gmNazwa><sln:miejscIIPId>fc3740e8-b031-4f5e-b6e5-49adf42040dd</sln:miejscIIPId><sln:miejscIIPPn>PL.PZGIK.200</sln:miejscIIPPn><sln:miejscIIPWersja>2017-05-11T10:53:24+02:00</sln:miejscIIPWersja><sln:miejscIdTeryt>0163825</sln:miejscIdTeryt><sln:miejscNazwa>Nowiny</sln:miejscNazwa><sln:miejscRodzaj>Przysiółek</sln:miejscRodzaj><sln:powIIPId>8cea8b47-9b83-4eed-8a64-ce29d22ea7e8</sln:powIIPId><sln:powIIPPn>PL.PZGIK.200</sln:powIIPPn><sln:powIIPWersja>2012-09-27T09:33:51+02:00</sln:powIIPWersja><sln:powIdTeryt>2204</sln:powIdTeryt><sln:powNazwa>gdański</sln:powNazwa><sln:waznyOd>2015-11-10T00:00:00+01:00</sln:waznyOd><sln:wojIIPId>ece93e09-0215-42f3-8067-be0649f58d46</sln:wojIIPId><sln:wojIIPPn>PL.PZGIK.200</sln:wojIIPPn><sln:wojIIPWersja>2012-09-27T13:45:13+02:00</sln:wojIIPWersja><sln:wojIdTeryt>22</sln:wojIdTeryt><sln:wojNazwa>pomorskie</sln:wojNazwa></sln:miejscowosc><sln:miejscowosc><sln:cyklZyciaOd>2017-05-11T00:00:00+02:00</sln:cyklZyciaOd><sln:gmIIPId>48a47ec1-7443-471b-83d6-8cc0f26ff18b</sln:gmIIPId><sln:gmIIPPn>PL.PZGIK.200</sln:gmIIPPn><sln:gmIIPWersja>2012-09-26T22:45:31+02:00</sln:gmIIPWersja><sln:gmIdTeryt>2204032</sln:gmIdTeryt><sln:gmNazwa>Kolbudy</sln:gmNazwa><sln:miejscIIPId>21d545c1-7284-4eaf-9f95-9498d7c3e8dc</sln:miejscIIPId><sln:miejscIIPPn>PL.PZGIK.200</sln:miejscIIPPn><sln:miejscIIPWersja>2017-05-11T10:53:24+02:00</sln:miejscIIPWersja><sln:miejscIdTeryt>0163831</sln:miejscIdTeryt><sln:miejscNazwa>Bielkówko</sln:miejscNazwa><sln:miejscRodzaj>Wieś</sln:miejscRodzaj><sln:powIIPId>8cea8b47-9b83-4eed-8a64-ce29d22ea7e8</sln:powIIPId><sln:powIIPPn>PL.PZGIK.200</sln:powIIPPn><sln:powIIPWersja>2012-09-27T09:33:51+02:00</sln:powIIPWersja><sln:powIdTeryt>2204</sln:powIdTeryt><sln:powNazwa>gdański</sln:powNazwa><sln:waznyOd>2014-12-02T00:00:00+01:00</sln:waznyOd><sln:wojIIPId>ece93e09-0215-42f3-8067-be0649f58d46</sln:wojIIPId><sln:wojIIPPn>PL.PZGIK.200</sln:wojIIPPn><sln:wojIIPWersja>2012-09-27T13:45:13+02:00</sln:wojIIPWersja><sln:wojIdTeryt>22</sln:wojIdTeryt><sln:wojNazwa>pomorskie</sln:wojNazwa></sln:miejscowosc><sln:miejscowosc><sln:cyklZyciaOd>2017-05-11T00:00:00+02:00</sln:cyklZyciaOd><sln:gmIIPId>48a47ec1-7443-471b-83d6-8cc0f26ff18b</sln:gmIIPId><sln:gmIIPPn>PL.PZGIK.200</sln:gmIIPPn><sln:gmIIPWersja>2012-09-26T22:45:31+02:00</sln:gmIIPWersja><sln:gmIdTeryt>2204032</sln:gmIdTeryt><sln:gmNazwa>Kolbudy</sln:gmNazwa><sln:miejscIIPId>ab6aeb36-aa13-4a69-9fb9-9d9dcfd37a0a</sln:miejscIIPId><sln:miejscIIPPn>PL.PZGIK.200</sln:miejscIIPPn><sln:miejscIIPWersja>2017-05-11T10:53:24+02:00</sln:miejscIIPWersja><sln:miejscIdTeryt>0163860</sln:miejscIdTeryt><sln:miejscNazwa>Buszkowy</sln:miejscNazwa><sln:miejscRodzaj>Wieś</sln:miejscRodzaj><sln:powIIPId>8cea8b47-9b83-4eed-8a64-ce29d22ea7e8</sln:powIIPId><sln:powIIPPn>PL.PZGIK.200</sln:powIIPPn><sln:powIIPWersja>2012-09-27T09:33:51+02:00</sln:powIIPWersja><sln:powIdTeryt>2204</sln:powIdTeryt><sln:powNazwa>gdański</sln:powNazwa><sln:waznyOd>2015-11-06T00:00:00+01:00</sln:waznyOd><sln:wojIIPId>ece93e09-0215-42f3-8067-be0649f58d46</sln:wojIIPId><sln:wojIIPPn>PL.PZGIK.200</sln:wojIIPPn><sln:wojIIPWersja>2012-09-27T13:45:13+02:00</sln:wojIIPWersja><sln:wojIdTeryt>22</sln:wojIdTeryt><sln:wojNazwa>pomorskie</sln:wojNazwa></sln:miejscowosc><sln:miejscowosc><sln:cyklZyciaOd>2017-05-11T00:00:00+02:00</sln:cyklZyciaOd><sln:gmIIPId>48a47ec1-7443-471b-83d6-8cc0f26ff18b</sln:gmIIPId><sln:gmIIPPn>PL.PZGIK.200</sln:gmIIPPn><sln:gmIIPWersja>2012-09-26T22:45:31+02:00</sln:gmIIPWersja><sln:gmIdTeryt>2204032</sln:gmIdTeryt><sln:gmNazwa>Kolbudy</sln:gmNazwa><sln:miejscIIPId>885bba2b-7705-4c39-a537-9a4e9a27c084</sln:miejscIIPId><sln:miejscIIPPn>PL.PZGIK.200</sln:miejscIIPPn><sln:miejscIIPWersja>2017-05-11T10:53:25+02:00</sln:miejscIIPWersja><sln:miejscIdTeryt>0163920</sln:miejscIdTeryt><sln:miejscNazwa>Czapielsk</sln:miejscNazwa><sln:miejscRodzaj>Wieś</sln:miejscRodzaj><sln:powIIPId>8cea8b47-9b83-4eed-8a64-ce29d22ea7e8</sln:powIIPId><sln:powIIPPn>PL.PZGIK.200</sln:powIIPPn><sln:powIIPWersja>2012-09-27T09:33:51+02:00</sln:powIIPWersja><sln:powIdTeryt>2204</sln:powIdTeryt><sln:powNazwa>gdański</sln:powNazwa><sln:waznyOd>2014-12-02T00:00:00+01:00</sln:waznyOd><sln:wojIIPId>ece93e09-0215-42f3-8067-be0649f58d46</sln:wojIIPId><sln:wojIIPPn>PL.PZGIK.200</sln:wojIIPPn><sln:wojIIPWersja>2012-09-27T13:45:13+02:00</sln:wojIIPWersja><sln:wojIdTeryt>22</sln:wojIdTeryt><sln:wojNazwa>pomorskie</sln:wojNazwa></sln:miejscowosc><sln:miejscowosc><sln:cyklZyciaOd>2017-05-11T00:00:00+02:00</sln:cyklZyciaOd><sln:gmIIPId>48a47ec1-7443-471b-83d6-8cc0f26ff18b</sln:gmIIPId><sln:gmIIPPn>PL.PZGIK.200</sln:gmIIPPn><sln:gmIIPWersja>2012-09-26T22:45:31+02:00</sln:gmIIPWersja><sln:gmIdTeryt>2204032</sln:gmIdTeryt><sln:gmNazwa>Kolbudy</sln:gmNazwa><sln:miejscIIPId>5380acaa-1ef3-4b25-b3f0-7cae385a81b3</sln:miejscIIPId><sln:miejscIIPPn>PL.PZGIK.200</sln:miejscIIPPn><sln:miejscIIPWersja>2017-05-11T10:53:25+02:00</sln:miejscIIPWersja><sln:miejscIdTeryt>0163943</sln:miejscIdTeryt><sln:miejscNazwa>Jankowo Gdańskie</sln:miejscNazwa><sln:miejscRodzaj>Wieś</sln:miejscRodzaj><sln:powIIPId>8cea8b47-9b83-4eed-8a64-ce29d22ea7e8</sln:powIIPId><sln:powIIPPn>PL.PZGIK.200</sln:powIIPPn><sln:powIIPWersja>2012-09-27T09:33:51+02:00</sln:powIIPWersja><sln:powIdTeryt>2204</sln:powIdTeryt><sln:powNazwa>gdański</sln:powNazwa><sln:waznyOd>2014-12-02T00:00:00+01:00</sln:waznyOd><sln:wojIIPId>ece93e09-0215-42f3-8067-be0649f58d46</sln:wojIIPId><sln:wojIIPPn>PL.PZGIK.200</sln:wojIIPPn><sln:wojIIPWersja>2012-09-27T13:45:13+02:00</sln:wojIIPWersja><sln:wojIdTeryt>22</sln:wojIdTeryt><sln:wojNazwa>pomorskie</sln:wojNazwa></sln:miejscowosc><sln:miejscowosc><sln:cyklZyciaOd>2017-05-11T00:00:00+02:00</sln:cyklZyciaOd><sln:gmIIPId>48a47ec1-7443-471b-83d6-8cc0f26ff18b</sln:gmIIPId><sln:gmIIPPn>PL.PZGIK.200</sln:gmIIPPn><sln:gmIIPWersja>2012-09-26T22:45:31+02:00</sln:gmIIPWersja><sln:gmIdTeryt>2204032</sln:gmIdTeryt><sln:gmNazwa>Kolbudy</sln:gmNazwa><sln:miejscIIPId>ca507dcf-6a09-457c-975d-9edb2f4930d2</sln:miejscIIPId><sln:miejscIIPPn>PL.PZGIK.200</sln:miejscIIPPn><sln:miejscIIPWersja>2017-05-11T10:53:25+02:00</sln:miejscIIPWersja><sln:miejscIdTeryt>0163950</sln:miejscIdTeryt><sln:miejscNazwa>Kolbudy</sln:miejscNazwa><sln:miejscRodzaj>Wieś</sln:miejscRodzaj><sln:powIIPId>8cea8b47-9b83-4eed-8a64-ce29d22ea7e8</sln:powIIPId><sln:powIIPPn>PL.PZGIK.200</sln:powIIPPn><sln:powIIPWersja>2012-09-27T09:33:51+02:00</sln:powIIPWersja><sln:powIdTeryt>2204</sln:powIdTeryt><sln:powNazwa>gdański</sln:powNazwa><sln:waznyOd>2014-12-02T00:00:00+01:00</sln:waznyOd><sln:wojIIPId>ece93e09-0215-42f3-8067-be0649f58d46</sln:wojIIPId><sln:wojIIPPn>PL.PZGIK.200</sln:wojIIPPn><sln:wojIIPWersja>2012-09-27T13:45:13+02:00</sln:wojIIPWersja><sln:wojIdTeryt>22</sln:wojIdTeryt><sln:wojNazwa>pomorskie</sln:wojNazwa></sln:miejscowosc><sln:miejscowosc><sln:cyklZyciaOd>2017-05-11T00:00:00+02:00</sln:cyklZyciaOd><sln:gmIIPId>48a47ec1-7443-471b-83d6-8cc0f26ff18b</sln:gmIIPId><sln:gmIIPPn>PL.PZGIK.200</sln:gmIIPPn><sln:gmIIPWersja>2012-09-26T22:45:31+02:00</sln:gmIIPWersja><sln:gmIdTeryt>2204032</sln:gmIdTeryt><sln:gmNazwa>Kolbudy</sln:gmNazwa><sln:miejscIIPId>ee59314e-85ad-4f51-8b04-edc144ce700f</sln:miejscIIPId><sln:miejscIIPPn>PL.PZGIK.200</sln:miejscIIPPn><sln:miejscIIPWersja>2017-05-11T10:53:25+02:00</sln:miejscIIPWersja><sln:miejscIdTeryt>0163989</sln:miejscIdTeryt><sln:miejscNazwa>Kowale</sln:miejscNazwa><sln:miejscRodzaj>Wieś</sln:miejscRodzaj><sln:powIIPId>8cea8b47-9b83-4eed-8a64-ce29d22ea7e8</sln:powIIPId><sln:powIIPPn>PL.PZGIK.200</sln:powIIPPn><sln:powIIPWersja>2012-09-27T09:33:51+02:00</sln:powIIPWersja><sln:powIdTeryt>2204</sln:powIdTeryt><sln:powNazwa>gdański</sln:powNazwa><sln:waznyOd>2014-12-02T00:00:00+01:00</sln:waznyOd><sln:wojIIPId>ece93e09-0215-42f3-8067-be0649f58d46</sln:wojIIPId><sln:wojIIPPn>PL.PZGIK.200</sln:wojIIPPn><sln:wojIIPWersja>2012-09-27T13:45:13+02:00</sln:wojIIPWersja><sln:wojIdTeryt>22</sln:wojIdTeryt><sln:wojNazwa>pomorskie</sln:wojNazwa></sln:miejscowosc><sln:miejscowosc><sln:cyklZyciaOd>2017-05-11T00:00:00+02:00</sln:cyklZyciaOd><sln:gmIIPId>48a47ec1-7443-471b-83d6-8cc0f26ff18b</sln:gmIIPId><sln:gmIIPPn>PL.PZGIK.200</sln:gmIIPPn><sln:gmIIPWersja>2012-09-26T22:45:31+02:00</sln:gmIIPWersja><sln:gmIdTeryt>2204032</sln:gmIdTeryt><sln:gmNazwa>Kolbudy</sln:gmNazwa><sln:miejscIIPId>ed440b47-f868-4c88-8957-e234e566c44b</sln:miejscIIPId><sln:miejscIIPPn>PL.PZGIK.200</sln:miejscIIPPn><sln:miejscIIPWersja>2017-05-11T10:53:25+02:00</sln:miejscIIPWersja><sln:miejscIdTeryt>0163995</sln:miejscIdTeryt><sln:miejscNazwa>Lisewiec</sln:miejscNazwa><sln:miejscRodzaj>Wieś</sln:miejscRodzaj><sln:powIIPId>8cea8b47-9b83-4eed-8a64-ce29d22ea7e8</sln:powIIPId><sln:powIIPPn>PL.PZGIK.200</sln:powIIPPn><sln:powIIPWersja>2012-09-27T09:33:51+02:00</sln:powIIPWersja><sln:powIdTeryt>2204</sln:powIdTeryt><sln:powNazwa>gdański</sln:powNazwa><sln:waznyOd>2014-12-02T00:00:00+01:00</sln:waznyOd><sln:wojIIPId>ece93e09-0215-42f3-8067-be0649f58d46</sln:wojIIPId><sln:wojIIPPn>PL.PZGIK.200</sln:wojIIPPn><sln:wojIIPWersja>2012-09-27T13:45:13+02:00</sln:wojIIPWersja><sln:wojIdTeryt>22</sln:wojIdTeryt><sln:wojNazwa>pomorskie</sln:wojNazwa></sln:miejscowosc><sln:miejscowosc><sln:cyklZyciaOd>2017-05-11T00:00:00+02:00</sln:cyklZyciaOd><sln:gmIIPId>48a47ec1-7443-471b-83d6-8cc0f26ff18b</sln:gmIIPId><sln:gmIIPPn>PL.PZGIK.200</sln:gmIIPPn><sln:gmIIPWersja>2012-09-26T22:45:31+02:00</sln:gmIIPWersja><sln:gmIdTeryt>2204032</sln:gmIdTeryt><sln:gmNazwa>Kolbudy</sln:gmNazwa><sln:miejscIIPId>820ad8cf-e871-4216-bb0c-4f97efecc330</sln:miejscIIPId><sln:miejscIIPPn>PL.PZGIK.200</sln:miejscIIPPn><sln:miejscIIPWersja>2017-05-11T10:53:25+02:00</sln:miejscIIPWersja><sln:miejscIdTeryt>0164003</sln:miejscIdTeryt><sln:miejscNazwa>Lublewo Gdańskie</sln:miejscNazwa><sln:miejscRodzaj>Wieś</sln:miejscRodzaj><sln:powIIPId>8cea8b47-9b83-4eed-8a64-ce29d22ea7e8</sln:powIIPId><sln:powIIPPn>PL.PZGIK.200</sln:powIIPPn><sln:powIIPWersja>2012-09-27T09:33:51+02:00</sln:powIIPWersja><sln:powIdTeryt>2204</sln:powIdTeryt><sln:powNazwa>gdański</sln:powNazwa><sln:waznyOd>2014-12-02T00:00:00+01:00</sln:waznyOd><sln:wojIIPId>ece93e09-0215-42f3-8067-be0649f58d46</sln:wojIIPId><sln:wojIIPPn>PL.PZGIK.200</sln:wojIIPPn><sln:wojIIPWersja>2012-09-27T13:45:13+02:00</sln:wojIIPWersja><sln:wojIdTeryt>22</sln:wojIdTeryt><sln:wojNazwa>pomorskie</sln:wojNazwa></sln:miejscowosc><sln:miejscowosc><sln:cyklZyciaOd>2017-05-11T00:00:00+02:00</sln:cyklZyciaOd><sln:gmIIPId>48a47ec1-7443-471b-83d6-8cc0f26ff18b</sln:gmIIPId><sln:gmIIPPn>PL.PZGIK.200</sln:gmIIPPn><sln:gmIIPWersja>2012-09-26T22:45:31+02:00</sln:gmIIPWersja><sln:gmIdTeryt>2204032</sln:gmIdTeryt><sln:gmNazwa>Kolbudy</sln:gmNazwa><sln:miejscIIPId>810216ad-dd2d-4da2-9d8e-abf1911a9c47</sln:miejscIIPId><sln:miejscIIPPn>PL.PZGIK.200</sln:miejscIIPPn><sln:miejscIIPWersja>2017-05-11T10:53:25+02:00</sln:miejscIIPWersja><sln:miejscIdTeryt>0164010</sln:miejscIdTeryt><sln:miejscNazwa>Bąkowo</sln:miejscNazwa><sln:miejscRodzaj>Osada</sln:miejscRodzaj><sln:powIIPId>8cea8b47-9b83-4eed-8a64-ce29d22ea7e8</sln:powIIPId><sln:powIIPPn>PL.PZGIK.200</sln:powIIPPn><sln:powIIPWersja>2012-09-27T09:33:51+02:00</sln:powIIPWersja><sln:powIdTeryt>2204</sln:powIdTeryt><sln:powNazwa>gdański</sln:powNazwa><sln:waznyOd>2014-12-02T00:00:00+01:00</sln:waznyOd><sln:wojIIPId>ece93e09-0215-42f3-8067-be0649f58d46</sln:wojIIPId><sln:wojIIPPn>PL.PZGIK.200</sln:wojIIPPn><sln:wojIIPWersja>2012-09-27T13:45:13+02:00</sln:wojIIPWersja><sln:wojIdTeryt>22</sln:wojIdTeryt><sln:wojNazwa>pomorskie</sln:wojNazwa></sln:miejscowosc><sln:miejscowosc><sln:cyklZyciaOd>2017-05-11T00:00:00+02:00</sln:cyklZyciaOd><sln:gmIIPId>48a47ec1-7443-471b-83d6-8cc0f26ff18b</sln:gmIIPId><sln:gmIIPPn>PL.PZGIK.200</sln:gmIIPPn><sln:gmIIPWersja>2012-09-26T22:45:31+02:00</sln:gmIIPWersja><sln:gmIdTeryt>2204032</sln:gmIdTeryt><sln:gmNazwa>Kolbudy</sln:gmNazwa><sln:miejscIIPId>00871ba2-ab4d-4b97-b299-104d88b3d77f</sln:miejscIIPId><sln:miejscIIPPn>PL.PZGIK.200</sln:miejscIIPPn><sln:miejscIIPWersja>2017-05-11T10:53:25+02:00</sln:miejscIIPWersja><sln:miejscIdTeryt>0164032</sln:miejscIdTeryt><sln:miejscNazwa>Bielkowo</sln:miejscNazwa><sln:miejscRodzaj>Osada</sln:miejscRodzaj><sln:powIIPId>8cea8b47-9b83-4eed-8a64-ce29d22ea7e8</sln:powIIPId><sln:powIIPPn>PL.PZGIK.200</sln:powIIPPn><sln:powIIPWersja>2012-09-27T09:33:51+02:00</sln:powIIPWersja><sln:powIdTeryt>2204</sln:powIdTeryt><sln:powNazwa>gdański</sln:powNazwa><sln:waznyOd>2015-11-10T00:00:00+01:00</sln:waznyOd><sln:wojIIPId>ece93e09-0215-42f3-8067-be0649f58d46</sln:wojIIPId><sln:wojIIPPn>PL.PZGIK.200</sln:wojIIPPn><sln:wojIIPWersja>2012-09-27T13:45:13+02:00</sln:wojIIPWersja><sln:wojIdTeryt>22</sln:wojIdTeryt><sln:wojNazwa>pomorskie</sln:wojNazwa></sln:miejscowosc><sln:miejscowosc><sln:cyklZyciaOd>2017-05-11T00:00:00+02:00</sln:cyklZyciaOd><sln:gmIIPId>48a47ec1-7443-471b-83d6-8cc0f26ff18b</sln:gmIIPId><sln:gmIIPPn>PL.PZGIK.200</sln:gmIIPPn><sln:gmIIPWersja>2012-09-26T22:45:31+02:00</sln:gmIIPWersja><sln:gmIdTeryt>2204032</sln:gmIdTeryt><sln:gmNazwa>Kolbudy</sln:gmNazwa><sln:miejscIIPId>2eca5db9-3349-495f-ba3d-ae239f16de04</sln:miejscIIPId><sln:miejscIIPPn>PL.PZGIK.200</sln:miejscIIPPn><sln:miejscIIPWersja>2017-05-11T10:53:25+02:00</sln:miejscIIPWersja><sln:miejscIdTeryt>0164049</sln:miejscIdTeryt><sln:miejscNazwa>Łapino</sln:miejscNazwa><sln:miejscRodzaj>Wieś</sln:miejscRodzaj><sln:powIIPId>8cea8b47-9b83-4eed-8a64-ce29d22ea7e8</sln:powIIPId><sln:powIIPPn>PL.PZGIK.200</sln:powIIPPn><sln:powIIPWersja>2012-09-27T09:33:51+02:00</sln:powIIPWersja><sln:powIdTeryt>2204</sln:powIdTeryt><sln:powNazwa>gdański</sln:powNazwa><sln:waznyOd>2014-12-02T00:00:00+01:00</sln:waznyOd><sln:wojIIPId>ece93e09-0215-42f3-8067-be0649f58d46</sln:wojIIPId><sln:wojIIPPn>PL.PZGIK.200</sln:wojIIPPn><sln:wojIIPWersja>2012-09-27T13:45:13+02:00</sln:wojIIPWersja><sln:wojIdTeryt>22</sln:wojIdTeryt><sln:wojNazwa>pomorskie</sln:wojNazwa></sln:miejscowosc><sln:miejscowosc><sln:cyklZyciaOd>2017-05-11T00:00:00+02:00</sln:cyklZyciaOd><sln:gmIIPId>48a47ec1-7443-471b-83d6-8cc0f26ff18b</sln:gmIIPId><sln:gmIIPPn>PL.PZGIK.200</sln:gmIIPPn><sln:gmIIPWersja>2012-09-26T22:45:31+02:00</sln:gmIIPWersja><sln:gmIdTeryt>2204032</sln:gmIdTeryt><sln:gmNazwa>Kolbudy</sln:gmNazwa><sln:miejscIIPId>e972d011-0ed5-4fc4-8edc-b8aa12765b9b</sln:miejscIIPId><sln:miejscIIPPn>PL.PZGIK.200</sln:miejscIIPPn><sln:miejscIIPWersja>2017-05-11T10:53:25+02:00</sln:miejscIIPWersja><sln:miejscIdTeryt>0164055</sln:miejscIdTeryt><sln:miejscNazwa>Otomin</sln:miejscNazwa><sln:miejscRodzaj>Wieś</sln:miejscRodzaj><sln:powIIPId>8cea8b47-9b83-4eed-8a64-ce29d22ea7e8</sln:powIIPId><sln:powIIPPn>PL.PZGIK.200</sln:powIIPPn><sln:powIIPWersja>2012-09-27T09:33:51+02:00</sln:powIIPWersja><sln:powIdTeryt>2204</sln:powIdTeryt><sln:powNazwa>gdański</sln:powNazwa><sln:waznyOd>2014-12-02T00:00:00+01:00</sln:waznyOd><sln:wojIIPId>ece93e09-0215-42f3-8067-be0649f58d46</sln:wojIIPId><sln:wojIIPPn>PL.PZGIK.200</sln:wojIIPPn><sln:wojIIPWersja>2012-09-27T13:45:13+02:00</sln:wojIIPWersja><sln:wojIdTeryt>22</sln:wojIdTeryt><sln:wojNazwa>pomorskie</sln:wojNazwa></sln:miejscowosc><sln:miejscowosc><sln:cyklZyciaOd>2017-05-11T00:00:00+02:00</sln:cyklZyciaOd><sln:gmIIPId>48a47ec1-7443-471b-83d6-8cc0f26ff18b</sln:gmIIPId><sln:gmIIPPn>PL.PZGIK.200</sln:gmIIPPn><sln:gmIIPWersja>2012-09-26T22:45:31+02:00</sln:gmIIPWersja><sln:gmIdTeryt>2204032</sln:gmIdTeryt><sln:gmNazwa>Kolbudy</sln:gmNazwa><sln:miejscIIPId>a67249ef-4904-4837-aa41-e91ed30566db</sln:miejscIIPId><sln:miejscIIPPn>PL.PZGIK.200</sln:miejscIIPPn><sln:miejscIIPWersja>2017-05-11T10:53:26+02:00</sln:miejscIIPWersja><sln:miejscIdTeryt>0164084</sln:miejscIdTeryt><sln:miejscNazwa>Ostróżki</sln:miejscNazwa><sln:miejscRodzaj>Kolonia</sln:miejscRodzaj><sln:powIIPId>8cea8b47-9b83-4eed-8a64-ce29d22ea7e8</sln:powIIPId><sln:powIIPPn>PL.PZGIK.200</sln:powIIPPn><sln:powIIPWersja>2012-09-27T09:33:51+02:00</sln:powIIPWersja><sln:powIdTeryt>2204</sln:powIdTeryt><sln:powNazwa>gdański</sln:powNazwa><sln:waznyOd>2014-12-02T00:00:00+01:00</sln:waznyOd><sln:wojIIPId>ece93e09-0215-42f3-8067-be0649f58d46</sln:wojIIPId><sln:wojIIPPn>PL.PZGIK.200</sln:wojIIPPn><sln:wojIIPWersja>2012-09-27T13:45:13+02:00</sln:wojIIPWersja><sln:wojIdTeryt>22</sln:wojIdTeryt><sln:wojNazwa>pomorskie</sln:wojNazwa></sln:miejscowosc><sln:miejscowosc><sln:cyklZyciaOd>2017-05-11T00:00:00+02:00</sln:cyklZyciaOd><sln:gmIIPId>48a47ec1-7443-471b-83d6-8cc0f26ff18b</sln:gmIIPId><sln:gmIIPPn>PL.PZGIK.200</sln:gmIIPPn><sln:gmIIPWersja>2012-09-26T22:45:31+02:00</sln:gmIIPWersja><sln:gmIdTeryt>2204032</sln:gmIdTeryt><sln:gmNazwa>Kolbudy</sln:gmNazwa><sln:miejscIIPId>7c353779-bd8c-4b48-874e-40097021029c</sln:miejscIIPId><sln:miejscIIPPn>PL.PZGIK.200</sln:miejscIIPPn><sln:miejscIIPWersja>2017-05-11T10:53:26+02:00</sln:miejscIIPWersja><sln:miejscIdTeryt>1066946</sln:miejscIdTeryt><sln:miejscNazwa>Pręgowo</sln:miejscNazwa><sln:miejscRodzaj>Wieś</sln:miejscRodzaj><sln:powIIPId>8cea8b47-9b83-4eed-8a64-ce29d22ea7e8</sln:powIIPId><sln:powIIPPn>PL.PZGIK.200</sln:powIIPPn><sln:powIIPWersja>2012-09-27T09:33:51+02:00</sln:powIIPWersja><sln:powIdTeryt>2204</sln:powIdTeryt><sln:powNazwa>gdański</sln:powNazwa><sln:waznyOd>2015-11-06T00:00:00+01:00</sln:waznyOd><sln:wojIIPId>ece93e09-0215-42f3-8067-be0649f58d46</sln:wojIIPId><sln:wojIIPPn>PL.PZGIK.200</sln:wojIIPPn><sln:wojIIPWersja>2012-09-27T13:45:13+02:00</sln:wojIIPWersja><sln:wojIdTeryt>22</sln:wojIdTeryt><sln:wojNazwa>pomorskie</sln:wojNazwa></sln:miejscowosc></sln:lista-miejscowosci>