<?xml version="1.0" encoding="UTF-8" standalone="yes"?><sln:lista-miejscowosci xmlns:srv="http://gugik.gov.pl/schemas/slowniki-service/1.0" xmlns:sln="http://gugik.gov.pl/schemas/slowniki-schema/1.0"><sln:miejscowosc><sln:cyklZyciaDo>2017-04-04T00:00:00+02:00</sln:cyklZyciaDo><sln:cyklZyciaOd>2016-01-22T00:00:00+01:00</sln:cyklZyciaOd><sln:gmIIPId>1471bc3e-18b0-4f5e-bee3-8bc024d4e600</sln:gmIIPId><sln:gmIIPPn>PL.PZGIK.200</sln:gmIIPPn><sln:gmIIPWersja>2012-09-26T22:45:23+02:00</sln:gmIIPWersja><sln:gmIdTeryt>2203052</sln:gmIdTeryt><sln:gmNazwa>Koczała</sln:gmNazwa><sln:miejscIIPId>50ed5637-b1fb-4943-9484-78fd4f9c988e</sln:miejscIIPId><sln:miejscIIPPn>PL.PZGIK.200</sln:miejscIIPPn><sln:miejscIIPWersja>2016-11-24T12:20:51+02:00</sln:miejscIIPWersja><sln:miejscIdTeryt>0745757</sln:miejscIdTeryt><sln:miejscNazwa>Adamki</sln:miejscNazwa><sln:miejscRodzaj>Osada</sln:miejscRodzaj><sln:powIIPId>a103670f-14b0-49b4-9984-e499dd7fb32e</sln:powIIPId><sln:powIIPPn>PL.PZGIK.200</sln:powIIPPn><sln:powIIPWersja>2012-09-27T09:33:51+02:00</sln:powIIPWersja><sln:powIdTeryt>2203</sln:powIdTeryt><sln:powNazwa>człuchowski</sln:powNazwa><sln:waznyOd>2013-04-13T00:00:00+02:00</sln:waznyOd><sln:wojIIPId>ece93e09-0215-42f3-8067-be0649f58d46</sln:wojIIPId><sln:wojIIPPn>PL.PZGIK.200</sln:wojIIPPn><sln:wojIIPWersja>2012-09-27T13:45:13+02:00</sln:wojIIPWersja><sln:wojIdTeryt>22</sln:wojIdTeryt><sln:wojNazwa>pomorskie</sln:wojNazwa></sln:miejscowosc><sln:miejscowosc><sln:cyklZyciaDo>2017-04-04T00:00:00+02:00</sln:cyklZyciaDo><sln:cyklZyciaOd>2016-01-22T00:00:00+01:00</sln:cyklZyciaOd><sln:gmIIPId>1471bc3e-18b0-4f5e-bee3-8bc024d4e600</sln:gmIIPId><sln:gmIIPPn>PL.PZGIK.200</sln:gmIIPPn><sln:gmIIPWersja>2012-09-26T22:45:23+02:00</sln:gmIIPWersja><sln:gmIdTeryt>2203052</sln:gmIdTeryt><sln:gmNazwa>Koczała</sln:gmNazwa><sln:miejscIIPId>e9decf65-422f-4394-bc01-5d947520b372</sln:miejscIIPId><sln:miejscIIPPn>PL.PZGIK.200</sln:miejscIIPPn><sln:miejscIIPWersja>2016-11-24T12:20:51+02:00</sln:miejscIIPWersja><sln:miejscIdTeryt>0745616</sln:miejscIdTeryt><sln:miejscNazwa>Bielsko</sln:miejscNazwa><sln:miejscRodzaj>Wieś</sln:miejscRodzaj><sln:powIIPId>a103670f-14b0-49b4-9984-e499dd7fb32e</sln:powIIPId><sln:powIIPPn>PL.PZGIK.200</sln:powIIPPn><sln:powIIPWersja>2012-09-27T09:33:51+02:00</sln:powIIPWersja><sln:powIdTeryt>2203</sln:powIdTeryt><sln:powNazwa>człuchowski</sln:powNazwa><sln:waznyOd>2013-04-13T00:00:00+02:00</sln:waznyOd><sln:wojIIPId>ece93e09-0215-42f3-8067-be0649f58d46</sln:wojIIPId><sln:wojIIPPn>PL.PZGIK.200</sln:wojIIPPn><sln:wojIIPWersja>2012-09-27T13:45:13+02:00</sln:wojIIPWersja><sln:wojIdTeryt>22</sln:wojIdTeryt><sln:wojNazwa>pomorskie</sln:wojNazwa></sln:miejscowosc><sln:miejscowosc><sln:cyklZyciaDo>2017-04-04T00:00:00+02:00</sln:cyklZyciaDo><sln:cyklZyciaOd>2016-01-22T00:00:00+01:00</sln:cyklZyciaOd><sln:gmIIPId>1471bc3e-18b0-4f5e-bee3-8bc024d4e600</sln:gmIIPId><sln:gmIIPPn>PL.PZGIK.200</sln:gmIIPPn><sln:gmIIPWersja>2012-09-26T22:45:23+02:00</sln:gmIIPWersja><sln:gmIdTeryt>2203052</sln:gmIdTeryt><sln:gmNazwa>Koczała</sln:gmNazwa><sln:miejscIIPId>527af095-c75d-4b8b-a340-d29121a15f0b</sln:miejscIIPId><sln:miejscIIPPn>PL.PZGIK.200</sln:miejscIIPPn><sln:miejscIIPWersja>2016-11-24T12:20:51+02:00</sln:miejscIIPWersja><sln:miejscIdTeryt>0745622</sln:miejscIdTeryt><sln:miejscNazwa>Bryle</sln:miejscNazwa><sln:miejscRodzaj>Osada</sln:miejscRodzaj><sln:powIIPId>a103670f-14b0-49b4-9984-e499dd7fb32e</sln:powIIPId><sln:powIIPPn>PL.PZGIK.200</sln:powIIPPn><sln:powIIPWersja>2012-09-27T09:33:51+02:00</sln:powIIPWersja><sln:powIdTeryt>2203</sln:powIdTeryt><sln:powNazwa>człuchowski</sln:powNazwa><sln:waznyOd>2013-04-13T00:00:00+02:00</sln:waznyOd><sln:wojIIPId>ece93e09-0215-42f3-8067-be0649f58d46</sln:wojIIPId><sln:wojIIPPn>PL.PZGIK.200</sln:wojIIPPn><sln:wojIIPWersja>2012-09-27T13:45:13+02:00</sln:wojIIPWersja><sln:wojIdTeryt>22</sln:wojIdTeryt><sln:wojNazwa>pomorskie</sln:wojNazwa></sln:miejscowosc><sln:miejscowosc><sln:cyklZyciaDo>2017-04-04T00:00:00+02:00</sln:cyklZyciaDo><sln:cyklZyciaOd>2016-01-22T00:00:00+01:00</sln:cyklZyciaOd><sln:gmIIPId>1471bc3e-18b0-4f5e-bee3-8bc024d4e600</sln:gmIIPId><sln:gmIIPPn>PL.PZGIK.200</sln:gmIIPPn><sln:gmIIPWersja>2012-09-26T22:45:23+02:00</sln:gmIIPWersja><sln:gmIdTeryt>2203052</sln:gmIdTeryt><sln:gmNazwa>Koczała</sln:gmNazwa><sln:miejscIIPId>6df30499-75e5-4e02-9ded-f50bd0982aac</sln:miejscIIPId><sln:miejscIIPPn>PL.PZGIK.200</sln:miejscIIPPn><sln:miejscIIPWersja>2016-11-24T12:20:51+02:00</sln:miejscIIPWersja><sln:miejscIdTeryt>0745763</sln:miejscIdTeryt><sln:miejscNazwa>Ciemino</sln:miejscNazwa><sln:miejscRodzaj>Osada</sln:miejscRodzaj><sln:powIIPId>a103670f-14b0-49b4-9984-e499dd7fb32e</sln:powIIPId><sln:powIIPPn>PL.PZGIK.200</sln:powIIPPn><sln:powIIPWersja>2012-09-27T09:33:51+02:00</sln:powIIPWersja><sln:powIdTeryt>2203</sln:powIdTeryt><sln:powNazwa>człuchowski</sln:powNazwa><sln:waznyOd>2013-04-13T00:00:00+02:00</sln:waznyOd><sln:wojIIPId>ece93e09-0215-42f3-8067-be0649f58d46</sln:wojIIPId><sln:wojIIPPn>PL.PZGIK.200</sln:wojIIPPn><sln:wojIIPWersja>2012-09-27T13:45:13+02:00</sln:wojIIPWersja><sln:wojIdTeryt>22</sln:wojIdTeryt><sln:wojNazwa>pomorskie</sln:wojNazwa></sln:miejscowosc><sln:miejscowosc><sln:cyklZyciaDo>2017-04-04T00:00:00+02:00</sln:cyklZyciaDo><sln:cyklZyciaOd>2016-01-22T00:00:00+01:00</sln:cyklZyciaOd><sln:gmIIPId>1471bc3e-18b0-4f5e-bee3-8bc024d4e600</sln:gmIIPId><sln:gmIIPPn>PL.PZGIK.200</sln:gmIIPPn><sln:gmIIPWersja>2012-09-26T22:45:23+02:00</sln:gmIIPWersja><sln:gmIdTeryt>2203052</sln:gmIdTeryt><sln:gmNazwa>Koczała</sln:gmNazwa><sln:miejscIIPId>16c3b2bd-c3f1-46bc-af17-34862ecbbdc1</sln:miejscIIPId><sln:miejscIIPPn>PL.PZGIK.200</sln:miejscIIPPn><sln:miejscIIPWersja>2016-11-24T12:20:51+02:00</sln:miejscIIPWersja><sln:miejscIdTeryt>0745680</sln:miejscIdTeryt><sln:miejscNazwa>Dymin</sln:miejscNazwa><sln:miejscRodzaj>Osada</sln:miejscRodzaj><sln:powIIPId>a103670f-14b0-49b4-9984-e499dd7fb32e</sln:powIIPId><sln:powIIPPn>PL.PZGIK.200</sln:powIIPPn><sln:powIIPWersja>2012-09-27T09:33:51+02:00</sln:powIIPWersja><sln:powIdTeryt>2203</sln:powIdTeryt><sln:powNazwa>człuchowski</sln:powNazwa><sln:waznyOd>2013-04-13T00:00:00+02:00</sln:waznyOd><sln:wojIIPId>ece93e09-0215-42f3-8067-be0649f58d46</sln:wojIIPId><sln:wojIIPPn>PL.PZGIK.200</sln:wojIIPPn><sln:wojIIPWersja>2012-09-27T13:45:13+02:00</sln:wojIIPWersja><sln:wojIdTeryt>22</sln:wojIdTeryt><sln:wojNazwa>pomorskie</sln:wojNazwa></sln:miejscowosc><sln:miejscowosc><sln:cyklZyciaDo>2017-04-04T00:00:00+02:00</sln:cyklZyciaDo><sln:cyklZyciaOd>2016-01-22T00:00:00+01:00</sln:cyklZyciaOd><sln:gmIIPId>1471bc3e-18b0-4f5e-bee3-8bc024d4e600</sln:gmIIPId><sln:gmIIPPn>PL.PZGIK.200</sln:gmIIPPn><sln:gmIIPWersja>2012-09-26T22:45:23+02:00</sln:gmIIPWersja><sln:gmIdTeryt>2203052</sln:gmIdTeryt><sln:gmNazwa>Koczała</sln:gmNazwa><sln:miejscIIPId>5b8c9c30-0aee-4ce3-8831-a48aa6d4acdc</sln:miejscIIPId><sln:miejscIIPPn>PL.PZGIK.200</sln:miejscIIPPn><sln:miejscIIPWersja>2016-11-24T12:20:51+02:00</sln:miejscIIPWersja><sln:miejscIdTeryt>0745881</sln:miejscIdTeryt><sln:miejscNazwa>Działek</sln:miejscNazwa><sln:miejscRodzaj>Osada</sln:miejscRodzaj><sln:powIIPId>a103670f-14b0-49b4-9984-e499dd7fb32e</sln:powIIPId><sln:powIIPPn>PL.PZGIK.200</sln:powIIPPn><sln:powIIPWersja>2012-09-27T09:33:51+02:00</sln:powIIPWersja><sln:powIdTeryt>2203</sln:powIdTeryt><sln:powNazwa>człuchowski</sln:powNazwa><sln:waznyOd>2013-04-13T00:00:00+02:00</sln:waznyOd><sln:wojIIPId>ece93e09-0215-42f3-8067-be0649f58d46</sln:wojIIPId><sln:wojIIPPn>PL.PZGIK.200</sln:wojIIPPn><sln:wojIIPWersja>2012-09-27T13:45:13+02:00</sln:wojIIPWersja><sln:wojIdTeryt>22</sln:wojIdTeryt><sln:wojNazwa>pomorskie</sln:wojNazwa></sln:miejscowosc><sln:miejscowosc><sln:cyklZyciaDo>2017-04-04T00:00:00+02:00</sln:cyklZyciaDo><sln:cyklZyciaOd>2016-01-22T00:00:00+01:00</sln:cyklZyciaOd><sln:gmIIPId>1471bc3e-18b0-4f5e-bee3-8bc024d4e600</sln:gmIIPId><sln:gmIIPPn>PL.PZGIK.200</sln:gmIIPPn><sln:gmIIPWersja>2012-09-26T22:45:23+02:00</sln:gmIIPWersja><sln:gmIdTeryt>2203052</sln:gmIdTeryt><sln:gmNazwa>Koczała</sln:gmNazwa><sln:miejscIIPId>586e8109-ff80-406d-b6f5-484bc849ae49</sln:miejscIIPId><sln:miejscIIPPn>PL.PZGIK.200</sln:miejscIIPPn><sln:miejscIIPWersja>2016-11-24T12:20:51+02:00</sln:miejscIIPWersja><sln:miejscIdTeryt>0745734</sln:miejscIdTeryt><sln:miejscNazwa>Dźwierzno</sln:miejscNazwa><sln:miejscRodzaj>Osada</sln:miejscRodzaj><sln:powIIPId>a103670f-14b0-49b4-9984-e499dd7fb32e</sln:powIIPId><sln:powIIPPn>PL.PZGIK.200</sln:powIIPPn><sln:powIIPWersja>2012-09-27T09:33:51+02:00</sln:powIIPWersja><sln:powIdTeryt>2203</sln:powIdTeryt><sln:powNazwa>człuchowski</sln:powNazwa><sln:waznyOd>2013-04-13T00:00:00+02:00</sln:waznyOd><sln:wojIIPId>ece93e09-0215-42f3-8067-be0649f58d46</sln:wojIIPId><sln:wojIIPPn>PL.PZGIK.200</sln:wojIIPPn><sln:wojIIPWersja>2012-09-27T13:45:13+02:00</sln:wojIIPWersja><sln:wojIdTeryt>22</sln:wojIdTeryt><sln:wojNazwa>pomorskie</sln:wojNazwa></sln:miejscowosc><sln:miejscowosc><sln:cyklZyciaDo>2017-04-04T00:00:00+02:00</sln:cyklZyciaDo><sln:cyklZyciaOd>2016-01-22T00:00:00+01:00</sln:cyklZyciaOd><sln:gmIIPId>1471bc3e-18b0-4f5e-bee3-8bc024d4e600</sln:gmIIPId><sln:gmIIPPn>PL.PZGIK.200</sln:gmIIPPn><sln:gmIIPWersja>2012-09-26T22:45:23+02:00</sln:gmIIPWersja><sln:gmIdTeryt>2203052</sln:gmIdTeryt><sln:gmNazwa>Koczała</sln:gmNazwa><sln:miejscIIPId>95ce778f-1aae-450a-8e10-884b478f0de1</sln:miejscIIPId><sln:miejscIIPPn>PL.PZGIK.200</sln:miejscIIPPn><sln:miejscIIPWersja>2016-11-24T12:20:51+02:00</sln:miejscIIPWersja><sln:miejscIdTeryt>0745898</sln:miejscIdTeryt><sln:miejscNazwa>Kałka</sln:miejscNazwa><sln:miejscRodzaj>Osada leśna</sln:miejscRodzaj><sln:powIIPId>a103670f-14b0-49b4-9984-e499dd7fb32e</sln:powIIPId><sln:powIIPPn>PL.PZGIK.200</sln:powIIPPn><sln:powIIPWersja>2012-09-27T09:33:51+02:00</sln:powIIPWersja><sln:powIdTeryt>2203</sln:powIdTeryt><sln:powNazwa>człuchowski</sln:powNazwa><sln:waznyOd>2013-04-13T00:00:00+02:00</sln:waznyOd><sln:wojIIPId>ece93e09-0215-42f3-8067-be0649f58d46</sln:wojIIPId><sln:wojIIPPn>PL.PZGIK.200</sln:wojIIPPn><sln:wojIIPWersja>2012-09-27T13:45:13+02:00</sln:wojIIPWersja><sln:wojIdTeryt>22</sln:wojIdTeryt><sln:wojNazwa>pomorskie</sln:wojNazwa></sln:miejscowosc><sln:miejscowosc><sln:cyklZyciaDo>2017-04-04T00:00:00+02:00</sln:cyklZyciaDo><sln:cyklZyciaOd>2016-01-22T00:00:00+01:00</sln:cyklZyciaOd><sln:gmIIPId>1471bc3e-18b0-4f5e-bee3-8bc024d4e600</sln:gmIIPId><sln:gmIIPPn>PL.PZGIK.200</sln:gmIIPPn><sln:gmIIPWersja>2012-09-26T22:45:23+02:00</sln:gmIIPWersja><sln:gmIdTeryt>2203052</sln:gmIdTeryt><sln:gmNazwa>Koczała</sln:gmNazwa><sln:miejscIIPId>3d572038-973e-4111-b547-1b530131bdc5</sln:miejscIIPId><sln:miejscIIPPn>PL.PZGIK.200</sln:miejscIIPPn><sln:miejscIIPWersja>2016-11-24T12:20:51+02:00</sln:miejscIIPWersja><sln:miejscIdTeryt>0745674</sln:miejscIdTeryt><sln:miejscNazwa>Koczała</sln:miejscNazwa><sln:miejscRodzaj>Wieś</sln:miejscRodzaj><sln:powIIPId>a103670f-14b0-49b4-9984-e499dd7fb32e</sln:powIIPId><sln:powIIPPn>PL.PZGIK.200</sln:powIIPPn><sln:powIIPWersja>2012-09-27T09:33:51+02:00</sln:powIIPWersja><sln:powIdTeryt>2203</sln:powIdTeryt><sln:powNazwa>człuchowski</sln:powNazwa><sln:waznyOd>2013-04-13T00:00:00+02:00</sln:waznyOd><sln:wojIIPId>ece93e09-0215-42f3-8067-be0649f58d46</sln:wojIIPId><sln:wojIIPPn>PL.PZGIK.200</sln:wojIIPPn><sln:wojIIPWersja>2012-09-27T13:45:13+02:00</sln:wojIIPWersja><sln:wojIdTeryt>22</sln:wojIdTeryt><sln:wojNazwa>pomorskie</sln:wojNazwa></sln:miejscowosc><sln:miejscowosc><sln:cyklZyciaDo>2017-04-04T00:00:00+02:00</sln:cyklZyciaDo><sln:cyklZyciaOd>2016-01-22T00:00:00+01:00</sln:cyklZyciaOd><sln:gmIIPId>1471bc3e-18b0-4f5e-bee3-8bc024d4e600</sln:gmIIPId><sln:gmIIPPn>PL.PZGIK.200</sln:gmIIPPn><sln:gmIIPWersja>2012-09-26T22:45:23+02:00</sln:gmIIPWersja><sln:gmIdTeryt>2203052</sln:gmIdTeryt><sln:gmNazwa>Koczała</sln:gmNazwa><sln:miejscIIPId>e509fb60-96f6-45e4-8e3e-8f6e92dbea36</sln:miejscIIPId><sln:miejscIIPPn>PL.PZGIK.200</sln:miejscIIPPn><sln:miejscIIPWersja>2016-11-24T12:20:51+02:00</sln:miejscIIPWersja><sln:miejscIdTeryt>0745728</sln:miejscIdTeryt><sln:miejscNazwa>Łękinia</sln:miejscNazwa><sln:miejscRodzaj>Wieś</sln:miejscRodzaj><sln:powIIPId>a103670f-14b0-49b4-9984-e499dd7fb32e</sln:powIIPId><sln:powIIPPn>PL.PZGIK.200</sln:powIIPPn><sln:powIIPWersja>2012-09-27T09:33:51+02:00</sln:powIIPWersja><sln:powIdTeryt>2203</sln:powIdTeryt><sln:powNazwa>człuchowski</sln:powNazwa><sln:waznyOd>2013-04-13T00:00:00+02:00</sln:waznyOd><sln:wojIIPId>ece93e09-0215-42f3-8067-be0649f58d46</sln:wojIIPId><sln:wojIIPPn>PL.PZGIK.200</sln:wojIIPPn><sln:wojIIPWersja>2012-09-27T13:45:13+02:00</sln:wojIIPWersja><sln:wojIdTeryt>22</sln:wojIdTeryt><sln:wojNazwa>pomorskie</sln:wojNazwa></sln:miejscowosc><sln:miejscowosc><sln:cyklZyciaDo>2017-04-04T00:00:00+02:00</sln:cyklZyciaDo><sln:cyklZyciaOd>2016-01-22T00:00:00+01:00</sln:cyklZyciaOd><sln:gmIIPId>1471bc3e-18b0-4f5e-bee3-8bc024d4e600</sln:gmIIPId><sln:gmIIPPn>PL.PZGIK.200</sln:gmIIPPn><sln:gmIIPWersja>2012-09-26T22:45:23+02:00</sln:gmIIPWersja><sln:gmIdTeryt>2203052</sln:gmIdTeryt><sln:gmNazwa>Koczała</sln:gmNazwa><sln:miejscIIPId>bed9e2fd-7e7e-4d61-b80d-397db6d288c3</sln:miejscIIPId><sln:miejscIIPPn>PL.PZGIK.200</sln:miejscIIPPn><sln:miejscIIPWersja>2016-11-24T12:20:51+02:00</sln:miejscIIPWersja><sln:miejscIdTeryt>0745639</sln:miejscIdTeryt><sln:miejscNazwa>Niedźwiady</sln:miejscNazwa><sln:miejscRodzaj>Osada leśna</sln:miejscRodzaj><sln:powIIPId>a103670f-14b0-49b4-9984-e499dd7fb32e</sln:powIIPId><sln:powIIPPn>PL.PZGIK.200</sln:powIIPPn><sln:powIIPWersja>2012-09-27T09:33:51+02:00</sln:powIIPWersja><sln:powIdTeryt>2203</sln:powIdTeryt><sln:powNazwa>człuchowski</sln:powNazwa><sln:waznyOd>2013-04-13T00:00:00+02:00</sln:waznyOd><sln:wojIIPId>ece93e09-0215-42f3-8067-be0649f58d46</sln:wojIIPId><sln:wojIIPPn>PL.PZGIK.200</sln:wojIIPPn><sln:wojIIPWersja>2012-09-27T13:45:13+02:00</sln:wojIIPWersja><sln:wojIdTeryt>22</sln:wojIdTeryt><sln:wojNazwa>pomorskie</sln:wojNazwa></sln:miejscowosc><sln:miejscowosc><sln:cyklZyciaDo>2017-04-04T00:00:00+02:00</sln:cyklZyciaDo><sln:cyklZyciaOd>2016-01-22T00:00:00+01:00</sln:cyklZyciaOd><sln:gmIIPId>1471bc3e-18b0-4f5e-bee3-8bc024d4e600</sln:gmIIPId><sln:gmIIPPn>PL.PZGIK.200</sln:gmIIPPn><sln:gmIIPWersja>2012-09-26T22:45:23+02:00</sln:gmIIPWersja><sln:gmIdTeryt>2203052</sln:gmIdTeryt><sln:gmNazwa>Koczała</sln:gmNazwa><sln:miejscIIPId>ae600611-7f0f-460e-905a-53c61d275faf</sln:miejscIIPId><sln:miejscIIPPn>PL.PZGIK.200</sln:miejscIIPPn><sln:miejscIIPWersja>2016-11-24T12:20:51+02:00</sln:miejscIIPWersja><sln:miejscIdTeryt>0745823</sln:miejscIdTeryt><sln:miejscNazwa>Niesiłowo</sln:miejscNazwa><sln:miejscRodzaj>Osada leśna</sln:miejscRodzaj><sln:powIIPId>a103670f-14b0-49b4-9984-e499dd7fb32e</sln:powIIPId><sln:powIIPPn>PL.PZGIK.200</sln:powIIPPn><sln:powIIPWersja>2012-09-27T09:33:51+02:00</sln:powIIPWersja><sln:powIdTeryt>2203</sln:powIdTeryt><sln:powNazwa>człuchowski</sln:powNazwa><sln:waznyOd>2013-04-13T00:00:00+02:00</sln:waznyOd><sln:wojIIPId>ece93e09-0215-42f3-8067-be0649f58d46</sln:wojIIPId><sln:wojIIPPn>PL.PZGIK.200</sln:wojIIPPn><sln:wojIIPWersja>2012-09-27T13:45:13+02:00</sln:wojIIPWersja><sln:wojIdTeryt>22</sln:wojIdTeryt><sln:wojNazwa>pomorskie</sln:wojNazwa></sln:miejscowosc><sln:miejscowosc><sln:cyklZyciaDo>2017-04-04T00:00:00+02:00</sln:cyklZyciaDo><sln:cyklZyciaOd>2016-01-22T00:00:00+01:00</sln:cyklZyciaOd><sln:gmIIPId>1471bc3e-18b0-4f5e-bee3-8bc024d4e600</sln:gmIIPId><sln:gmIIPPn>PL.PZGIK.200</sln:gmIIPPn><sln:gmIIPWersja>2012-09-26T22:45:23+02:00</sln:gmIIPWersja><sln:gmIdTeryt>2203052</sln:gmIdTeryt><sln:gmNazwa>Koczała</sln:gmNazwa><sln:miejscIIPId>da1bb5d7-60a9-49ae-af2c-8003b4ac9576</sln:miejscIIPId><sln:miejscIIPPn>PL.PZGIK.200</sln:miejscIIPPn><sln:miejscIIPWersja>2016-11-24T12:20:51+02:00</sln:miejscIIPWersja><sln:miejscIdTeryt>0745800</sln:miejscIdTeryt><sln:miejscNazwa>Ostrówek</sln:miejscNazwa><sln:miejscRodzaj>Osada</sln:miejscRodzaj><sln:powIIPId>a103670f-14b0-49b4-9984-e499dd7fb32e</sln:powIIPId><sln:powIIPPn>PL.PZGIK.200</sln:powIIPPn><sln:powIIPWersja>2012-09-27T09:33:51+02:00</sln:powIIPWersja><sln:powIdTeryt>2203</sln:powIdTeryt><sln:powNazwa>człuchowski</sln:powNazwa><sln:waznyOd>2013-04-13T00:00:00+02:00</sln:waznyOd><sln:wojIIPId>ece93e09-0215-42f3-8067-be0649f58d46</sln:wojIIPId><sln:wojIIPPn>PL.PZGIK.200</sln:wojIIPPn><sln:wojIIPWersja>2012-09-27T13:45:13+02:00</sln:wojIIPWersja><sln:wojIdTeryt>22</sln:wojIdTeryt><sln:wojNazwa>pomorskie</sln:wojNazwa></sln:miejscowosc><sln:miejscowosc><sln:cyklZyciaDo>2017-04-04T00:00:00+02:00</sln:cyklZyciaDo><sln:cyklZyciaOd>2016-01-22T00:00:00+01:00</sln:cyklZyciaOd><sln:gmIIPId>1471bc3e-18b0-4f5e-bee3-8bc024d4e600</sln:gmIIPId><sln:gmIIPPn>PL.PZGIK.200</sln:gmIIPPn><sln:gmIIPWersja>2012-09-26T22:45:23+02:00</sln:gmIIPWersja><sln:gmIdTeryt>2203052</sln:gmIdTeryt><sln:gmNazwa>Koczała</sln:gmNazwa><sln:miejscIIPId>9c7bee1e-1bdb-4f22-82e2-258e6d24873a</sln:miejscIIPId><sln:miejscIIPPn>PL.PZGIK.200</sln:miejscIIPPn><sln:miejscIIPWersja>2016-11-24T12:20:51+02:00</sln:miejscIIPWersja><sln:miejscIdTeryt>0745740</sln:miejscIdTeryt><sln:miejscNazwa>Pietrzykowo</sln:miejscNazwa><sln:miejscRodzaj>Wieś</sln:miejscRodzaj><sln:powIIPId>a103670f-14b0-49b4-9984-e499dd7fb32e</sln:powIIPId><sln:powIIPPn>PL.PZGIK.200</sln:powIIPPn><sln:powIIPWersja>2012-09-27T09:33:51+02:00</sln:powIIPWersja><sln:powIdTeryt>2203</sln:powIdTeryt><sln:powNazwa>człuchowski</sln:powNazwa><sln:waznyOd>2013-04-13T00:00:00+02:00</sln:waznyOd><sln:wojIIPId>ece93e09-0215-42f3-8067-be0649f58d46</sln:wojIIPId><sln:wojIIPPn>PL.PZGIK.200</sln:wojIIPPn><sln:wojIIPWersja>2012-09-27T13:45:13+02:00</sln:wojIIPWersja><sln:wojIdTeryt>22</sln:wojIdTeryt><sln:wojNazwa>pomorskie</sln:wojNazwa></sln:miejscowosc><sln:miejscowosc><sln:cyklZyciaDo>2017-04-04T00:00:00+02:00</sln:cyklZyciaDo><sln:cyklZyciaOd>2016-01-22T00:00:00+01:00</sln:cyklZyciaOd><sln:gmIIPId>1471bc3e-18b0-4f5e-bee3-8bc024d4e600</sln:gmIIPId><sln:gmIIPPn>PL.PZGIK.200</sln:gmIIPPn><sln:gmIIPWersja>2012-09-26T22:45:23+02:00</sln:gmIIPWersja><sln:gmIdTeryt>2203052</sln:gmIdTeryt><sln:gmNazwa>Koczała</sln:gmNazwa><sln:miejscIIPId>59c09fee-00b8-4b38-ba34-a94ba26298b1</sln:miejscIIPId><sln:miejscIIPPn>PL.PZGIK.200</sln:miejscIIPPn><sln:miejscIIPWersja>2016-11-24T12:20:51+02:00</sln:miejscIIPWersja><sln:miejscIdTeryt>0745770</sln:miejscIdTeryt><sln:miejscNazwa>Pietrzykówko</sln:miejscNazwa><sln:miejscRodzaj>Osada</sln:miejscRodzaj><sln:powIIPId>a103670f-14b0-49b4-9984-e499dd7fb32e</sln:powIIPId><sln:powIIPPn>PL.PZGIK.200</sln:powIIPPn><sln:powIIPWersja>2012-09-27T09:33:51+02:00</sln:powIIPWersja><sln:powIdTeryt>2203</sln:powIdTeryt><sln:powNazwa>człuchowski</sln:powNazwa><sln:waznyOd>2013-04-13T00:00:00+02:00</sln:waznyOd><sln:wojIIPId>ece93e09-0215-42f3-8067-be0649f58d46</sln:wojIIPId><sln:wojIIPPn>PL.PZGIK.200</sln:wojIIPPn><sln:wojIIPWersja>2012-09-27T13:45:13+02:00</sln:wojIIPWersja><sln:wojIdTeryt>22</sln:wojIdTeryt><sln:wojNazwa>pomorskie</sln:wojNazwa></sln:miejscowosc><sln:miejscowosc><sln:cyklZyciaDo>2017-04-04T00:00:00+02:00</sln:cyklZyciaDo><sln:cyklZyciaOd>2016-01-22T00:00:00+01:00</sln:cyklZyciaOd><sln:gmIIPId>1471bc3e-18b0-4f5e-bee3-8bc024d4e600</sln:gmIIPId><sln:gmIIPPn>PL.PZGIK.200</sln:gmIIPPn><sln:gmIIPWersja>2012-09-26T22:45:23+02:00</sln:gmIIPWersja><sln:gmIdTeryt>2203052</sln:gmIdTeryt><sln:gmNazwa>Koczała</sln:gmNazwa><sln:miejscIIPId>8e7478fb-ccb5-4cb4-87ec-4e8de533258b</sln:miejscIIPId><sln:miejscIIPPn>PL.PZGIK.200</sln:miejscIIPPn><sln:miejscIIPWersja>2016-11-24T12:20:51+02:00</sln:miejscIIPWersja><sln:miejscIdTeryt>0745697</sln:miejscIdTeryt><sln:miejscNazwa>Płocicz</sln:miejscNazwa><sln:miejscRodzaj>Osada</sln:miejscRodzaj><sln:powIIPId>a103670f-14b0-49b4-9984-e499dd7fb32e</sln:powIIPId><sln:powIIPPn>PL.PZGIK.200</sln:powIIPPn><sln:powIIPWersja>2012-09-27T09:33:51+02:00</sln:powIIPWersja><sln:powIdTeryt>2203</sln:powIdTeryt><sln:powNazwa>człuchowski</sln:powNazwa><sln:waznyOd>2013-04-13T00:00:00+02:00</sln:waznyOd><sln:wojIIPId>ece93e09-0215-42f3-8067-be0649f58d46</sln:wojIIPId><sln:wojIIPPn>PL.PZGIK.200</sln:wojIIPPn><sln:wojIIPWersja>2012-09-27T13:45:13+02:00</sln:wojIIPWersja><sln:wojIdTeryt>22</sln:wojIdTeryt><sln:wojNazwa>pomorskie</sln:wojNazwa></sln:miejscowosc><sln:miejscowosc><sln:cyklZyciaDo>2017-04-04T00:00:00+02:00</sln:cyklZyciaDo><sln:cyklZyciaOd>2016-01-22T00:00:00+01:00</sln:cyklZyciaOd><sln:gmIIPId>1471bc3e-18b0-4f5e-bee3-8bc024d4e600</sln:gmIIPId><sln:gmIIPPn>PL.PZGIK.200</sln:gmIIPPn><sln:gmIIPWersja>2012-09-26T22:45:23+02:00</sln:gmIIPWersja><sln:gmIdTeryt>2203052</sln:gmIdTeryt><sln:gmNazwa>Koczała</sln:gmNazwa><sln:miejscIIPId>da072fed-f881-4fe9-887b-1cf81619f05d</sln:miejscIIPId><sln:miejscIIPPn>PL.PZGIK.200</sln:miejscIIPPn><sln:miejscIIPWersja>2016-11-24T12:20:51+02:00</sln:miejscIIPWersja><sln:miejscIdTeryt>0745705</sln:miejscIdTeryt><sln:miejscNazwa>Podlesie</sln:miejscNazwa><sln:miejscRodzaj>Osada</sln:miejscRodzaj><sln:powIIPId>a103670f-14b0-49b4-9984-e499dd7fb32e</sln:powIIPId><sln:powIIPPn>PL.PZGIK.200</sln:powIIPPn><sln:powIIPWersja>2012-09-27T09:33:51+02:00</sln:powIIPWersja><sln:powIdTeryt>2203</sln:powIdTeryt><sln:powNazwa>człuchowski</sln:powNazwa><sln:waznyOd>2013-04-13T00:00:00+02:00</sln:waznyOd><sln:wojIIPId>ece93e09-0215-42f3-8067-be0649f58d46</sln:wojIIPId><sln:wojIIPPn>PL.PZGIK.200</sln:wojIIPPn><sln:wojIIPWersja>2012-09-27T13:45:13+02:00</sln:wojIIPWersja><sln:wojIdTeryt>22</sln:wojIdTeryt><sln:wojNazwa>pomorskie</sln:wojNazwa></sln:miejscowosc><sln:miejscowosc><sln:cyklZyciaDo>2017-04-04T00:00:00+02:00</sln:cyklZyciaDo><sln:cyklZyciaOd>2016-01-22T00:00:00+01:00</sln:cyklZyciaOd><sln:gmIIPId>1471bc3e-18b0-4f5e-bee3-8bc024d4e600</sln:gmIIPId><sln:gmIIPPn>PL.PZGIK.200</sln:gmIIPPn><sln:gmIIPWersja>2012-09-26T22:45:23+02:00</sln:gmIIPWersja><sln:gmIdTeryt>2203052</sln:gmIdTeryt><sln:gmNazwa>Koczała</sln:gmNazwa><sln:miejscIIPId>645412cf-630b-4f5b-9173-ffde1b393be1</sln:miejscIIPId><sln:miejscIIPPn>PL.PZGIK.200</sln:miejscIIPPn><sln:miejscIIPWersja>2016-11-24T12:20:51+02:00</sln:miejscIIPWersja><sln:miejscIdTeryt>0745645</sln:miejscIdTeryt><sln:miejscNazwa>Potoki</sln:miejscNazwa><sln:miejscRodzaj>Osada</sln:miejscRodzaj><sln:powIIPId>a103670f-14b0-49b4-9984-e499dd7fb32e</sln:powIIPId><sln:powIIPPn>PL.PZGIK.200</sln:powIIPPn><sln:powIIPWersja>2012-09-27T09:33:51+02:00</sln:powIIPWersja><sln:powIdTeryt>2203</sln:powIdTeryt><sln:powNazwa>człuchowski</sln:powNazwa><sln:waznyOd>2013-04-13T00:00:00+02:00</sln:waznyOd><sln:wojIIPId>ece93e09-0215-42f3-8067-be0649f58d46</sln:wojIIPId><sln:wojIIPPn>PL.PZGIK.200</sln:wojIIPPn><sln:wojIIPWersja>2012-09-27T13:45:13+02:00</sln:wojIIPWersja><sln:wojIdTeryt>22</sln:wojIdTeryt><sln:wojNazwa>pomorskie</sln:wojNazwa></sln:miejscowosc><sln:miejscowosc><sln:cyklZyciaDo>2017-04-04T00:00:00+02:00</sln:cyklZyciaDo><sln:cyklZyciaOd>2016-01-22T00:00:00+01:00</sln:cyklZyciaOd><sln:gmIIPId>1471bc3e-18b0-4f5e-bee3-8bc024d4e600</sln:gmIIPId><sln:gmIIPPn>PL.PZGIK.200</sln:gmIIPPn><sln:gmIIPWersja>2012-09-26T22:45:23+02:00</sln:gmIIPWersja><sln:gmIdTeryt>2203052</sln:gmIdTeryt><sln:gmNazwa>Koczała</sln:gmNazwa><sln:miejscIIPId>dcabc506-6347-4276-8fb2-5b10f2c6d0c6</sln:miejscIIPId><sln:miejscIIPPn>PL.PZGIK.200</sln:miejscIIPPn><sln:miejscIIPWersja>2016-11-24T12:20:51+02:00</sln:miejscIIPWersja><sln:miejscIdTeryt>0745830</sln:miejscIdTeryt><sln:miejscNazwa>Stara Brda</sln:miejscNazwa><sln:miejscRodzaj>Osada leśna</sln:miejscRodzaj><sln:powIIPId>a103670f-14b0-49b4-9984-e499dd7fb32e</sln:powIIPId><sln:powIIPPn>PL.PZGIK.200</sln:powIIPPn><sln:powIIPWersja>2012-09-27T09:33:51+02:00</sln:powIIPWersja><sln:powIdTeryt>2203</sln:powIdTeryt><sln:powNazwa>człuchowski</sln:powNazwa><sln:waznyOd>2013-04-13T00:00:00+02:00</sln:waznyOd><sln:wojIIPId>ece93e09-0215-42f3-8067-be0649f58d46</sln:wojIIPId><sln:wojIIPPn>PL.PZGIK.200</sln:wojIIPPn><sln:wojIIPWersja>2012-09-27T13:45:13+02:00</sln:wojIIPWersja><sln:wojIdTeryt>22</sln:wojIdTeryt><sln:wojNazwa>pomorskie</sln:wojNazwa></sln:miejscowosc><sln:miejscowosc><sln:cyklZyciaDo>2017-04-04T00:00:00+02:00</sln:cyklZyciaDo><sln:cyklZyciaOd>2016-01-22T00:00:00+01:00</sln:cyklZyciaOd><sln:gmIIPId>1471bc3e-18b0-4f5e-bee3-8bc024d4e600</sln:gmIIPId><sln:gmIIPPn>PL.PZGIK.200</sln:gmIIPPn><sln:gmIIPWersja>2012-09-26T22:45:23+02:00</sln:gmIIPWersja><sln:gmIdTeryt>2203052</sln:gmIdTeryt><sln:gmNazwa>Koczała</sln:gmNazwa><sln:miejscIIPId>bd78917b-1466-4aeb-862d-318f44ba08ee</sln:miejscIIPId><sln:miejscIIPPn>PL.PZGIK.200</sln:miejscIIPPn><sln:miejscIIPWersja>2016-11-24T12:20:51+02:00</sln:miejscIIPWersja><sln:miejscIdTeryt>0745846</sln:miejscIdTeryt><sln:miejscNazwa>Stara Brda Pilska</sln:miejscNazwa><sln:miejscRodzaj>Osada</sln:miejscRodzaj><sln:powIIPId>a103670f-14b0-49b4-9984-e499dd7fb32e</sln:powIIPId><sln:powIIPPn>PL.PZGIK.200</sln:powIIPPn><sln:powIIPWersja>2012-09-27T09:33:51+02:00</sln:powIIPWersja><sln:powIdTeryt>2203</sln:powIdTeryt><sln:powNazwa>człuchowski</sln:powNazwa><sln:waznyOd>2013-04-13T00:00:00+02:00</sln:waznyOd><sln:wojIIPId>ece93e09-0215-42f3-8067-be0649f58d46</sln:wojIIPId><sln:wojIIPPn>PL.PZGIK.200</sln:wojIIPPn><sln:wojIIPWersja>2012-09-27T13:45:13+02:00</sln:wojIIPWersja><sln:wojIdTeryt>22</sln:wojIdTeryt><sln:wojNazwa>pomorskie</sln:wojNazwa></sln:miejscowosc><sln:miejscowosc><sln:cyklZyciaDo>2017-04-04T00:00:00+02:00</sln:cyklZyciaDo><sln:cyklZyciaOd>2016-01-22T00:00:00+01:00</sln:cyklZyciaOd><sln:gmIIPId>1471bc3e-18b0-4f5e-bee3-8bc024d4e600</sln:gmIIPId><sln:gmIIPPn>PL.PZGIK.200</sln:gmIIPPn><sln:gmIIPWersja>2012-09-26T22:45:23+02:00</sln:gmIIPWersja><sln:gmIdTeryt>2203052</sln:gmIdTeryt><sln:gmNazwa>Koczała</sln:gmNazwa><sln:miejscIIPId>e6f11733-27c5-4d59-91a6-fc62485f653e</sln:miejscIIPId><sln:miejscIIPPn>PL.PZGIK.200</sln:miejscIIPPn><sln:miejscIIPWersja>2016-11-24T12:20:51+02:00</sln:miejscIIPWersja><sln:miejscIdTeryt>0745792</sln:miejscIdTeryt><sln:miejscNazwa>Starzno</sln:miejscNazwa><sln:miejscRodzaj>Wieś</sln:miejscRodzaj><sln:powIIPId>a103670f-14b0-49b4-9984-e499dd7fb32e</sln:powIIPId><sln:powIIPPn>PL.PZGIK.200</sln:powIIPPn><sln:powIIPWersja>2012-09-27T09:33:51+02:00</sln:powIIPWersja><sln:powIdTeryt>2203</sln:powIdTeryt><sln:powNazwa>człuchowski</sln:powNazwa><sln:waznyOd>2013-04-13T00:00:00+02:00</sln:waznyOd><sln:wojIIPId>ece93e09-0215-42f3-8067-be0649f58d46</sln:wojIIPId><sln:wojIIPPn>PL.PZGIK.200</sln:wojIIPPn><sln:wojIIPWersja>2012-09-27T13:45:13+02:00</sln:wojIIPWersja><sln:wojIdTeryt>22</sln:wojIdTeryt><sln:wojNazwa>pomorskie</sln:wojNazwa></sln:miejscowosc><sln:miejscowosc><sln:cyklZyciaDo>2017-04-04T00:00:00+02:00</sln:cyklZyciaDo><sln:cyklZyciaOd>2016-01-22T00:00:00+01:00</sln:cyklZyciaOd><sln:gmIIPId>1471bc3e-18b0-4f5e-bee3-8bc024d4e600</sln:gmIIPId><sln:gmIIPPn>PL.PZGIK.200</sln:gmIIPPn><sln:gmIIPWersja>2012-09-26T22:45:23+02:00</sln:gmIIPWersja><sln:gmIdTeryt>2203052</sln:gmIdTeryt><sln:gmNazwa>Koczała</sln:gmNazwa><sln:miejscIIPId>075d7a70-b706-4451-9279-c2737084d058</sln:miejscIIPId><sln:miejscIIPPn>PL.PZGIK.200</sln:miejscIIPPn><sln:miejscIIPWersja>2016-11-24T12:20:51+02:00</sln:miejscIIPWersja><sln:miejscIdTeryt>0745711</sln:miejscIdTeryt><sln:miejscNazwa>Strużka</sln:miejscNazwa><sln:miejscRodzaj>Osada leśna</sln:miejscRodzaj><sln:powIIPId>a103670f-14b0-49b4-9984-e499dd7fb32e</sln:powIIPId><sln:powIIPPn>PL.PZGIK.200</sln:powIIPPn><sln:powIIPWersja>2012-09-27T09:33:51+02:00</sln:powIIPWersja><sln:powIdTeryt>2203</sln:powIdTeryt><sln:powNazwa>człuchowski</sln:powNazwa><sln:waznyOd>2013-04-13T00:00:00+02:00</sln:waznyOd><sln:wojIIPId>ece93e09-0215-42f3-8067-be0649f58d46</sln:wojIIPId><sln:wojIIPPn>PL.PZGIK.200</sln:wojIIPPn><sln:wojIIPWersja>2012-09-27T13:45:13+02:00</sln:wojIIPWersja><sln:wojIdTeryt>22</sln:wojIdTeryt><sln:wojNazwa>pomorskie</sln:wojNazwa></sln:miejscowosc><sln:miejscowosc><sln:cyklZyciaDo>2017-04-04T00:00:00+02:00</sln:cyklZyciaDo><sln:cyklZyciaOd>2016-01-22T00:00:00+01:00</sln:cyklZyciaOd><sln:gmIIPId>1471bc3e-18b0-4f5e-bee3-8bc024d4e600</sln:gmIIPId><sln:gmIIPPn>PL.PZGIK.200</sln:gmIIPPn><sln:gmIIPWersja>2012-09-26T22:45:23+02:00</sln:gmIIPWersja><sln:gmIdTeryt>2203052</sln:gmIdTeryt><sln:gmNazwa>Koczała</sln:gmNazwa><sln:miejscIIPId>bfaa400c-8ca9-4a37-84f9-4991919970d5</sln:miejscIIPId><sln:miejscIIPPn>PL.PZGIK.200</sln:miejscIIPPn><sln:miejscIIPWersja>2016-11-24T12:20:51+02:00</sln:miejscIIPWersja><sln:miejscIdTeryt>0745651</sln:miejscIdTeryt><sln:miejscNazwa>Świerkówko</sln:miejscNazwa><sln:miejscRodzaj>Osada</sln:miejscRodzaj><sln:powIIPId>a103670f-14b0-49b4-9984-e499dd7fb32e</sln:powIIPId><sln:powIIPPn>PL.PZGIK.200</sln:powIIPPn><sln:powIIPWersja>2012-09-27T09:33:51+02:00</sln:powIIPWersja><sln:powIdTeryt>2203</sln:powIdTeryt><sln:powNazwa>człuchowski</sln:powNazwa><sln:waznyOd>2013-04-13T00:00:00+02:00</sln:waznyOd><sln:wojIIPId>ece93e09-0215-42f3-8067-be0649f58d46</sln:wojIIPId><sln:wojIIPPn>PL.PZGIK.200</sln:wojIIPPn><sln:wojIIPWersja>2012-09-27T13:45:13+02:00</sln:wojIIPWersja><sln:wojIdTeryt>22</sln:wojIdTeryt><sln:wojNazwa>pomorskie</sln:wojNazwa></sln:miejscowosc><sln:miejscowosc><sln:cyklZyciaDo>2017-04-04T00:00:00+02:00</sln:cyklZyciaDo><sln:cyklZyciaOd>2016-01-22T00:00:00+01:00</sln:cyklZyciaOd><sln:gmIIPId>1471bc3e-18b0-4f5e-bee3-8bc024d4e600</sln:gmIIPId><sln:gmIIPPn>PL.PZGIK.200</sln:gmIIPPn><sln:gmIIPWersja>2012-09-26T22:45:23+02:00</sln:gmIIPWersja><sln:gmIdTeryt>2203052</sln:gmIdTeryt><sln:gmNazwa>Koczała</sln:gmNazwa><sln:miejscIIPId>c49e1f87-1c45-4869-af0e-ac27d588c8c3</sln:miejscIIPId><sln:miejscIIPPn>PL.PZGIK.200</sln:miejscIIPPn><sln:miejscIIPWersja>2016-11-24T12:20:51+02:00</sln:miejscIIPWersja><sln:miejscIdTeryt>0745817</sln:miejscIdTeryt><sln:miejscNazwa>Trzyniec</sln:miejscNazwa><sln:miejscRodzaj>Wieś</sln:miejscRodzaj><sln:powIIPId>a103670f-14b0-49b4-9984-e499dd7fb32e</sln:powIIPId><sln:powIIPPn>PL.PZGIK.200</sln:powIIPPn><sln:powIIPWersja>2012-09-27T09:33:51+02:00</sln:powIIPWersja><sln:powIdTeryt>2203</sln:powIdTeryt><sln:powNazwa>człuchowski</sln:powNazwa><sln:waznyOd>2013-04-13T00:00:00+02:00</sln:waznyOd><sln:wojIIPId>ece93e09-0215-42f3-8067-be0649f58d46</sln:wojIIPId><sln:wojIIPPn>PL.PZGIK.200</sln:wojIIPPn><sln:wojIIPWersja>2012-09-27T13:45:13+02:00</sln:wojIIPWersja><sln:wojIdTeryt>22</sln:wojIdTeryt><sln:wojNazwa>pomorskie</sln:wojNazwa></sln:miejscowosc><sln:miejscowosc><sln:cyklZyciaDo>2017-04-04T00:00:00+02:00</sln:cyklZyciaDo><sln:cyklZyciaOd>2016-01-22T00:00:00+01:00</sln:cyklZyciaOd><sln:gmIIPId>1471bc3e-18b0-4f5e-bee3-8bc024d4e600</sln:gmIIPId><sln:gmIIPPn>PL.PZGIK.200</sln:gmIIPPn><sln:gmIIPWersja>2012-09-26T22:45:23+02:00</sln:gmIIPWersja><sln:gmIdTeryt>2203052</sln:gmIdTeryt><sln:gmNazwa>Koczała</sln:gmNazwa><sln:miejscIIPId>796ba514-3c96-4dd7-9ae1-33de611ccc6f</sln:miejscIIPId><sln:miejscIIPPn>PL.PZGIK.200</sln:miejscIIPPn><sln:miejscIIPWersja>2016-11-24T12:20:51+02:00</sln:miejscIIPWersja><sln:miejscIdTeryt>0745852</sln:miejscIdTeryt><sln:miejscNazwa>Wilkowo</sln:miejscNazwa><sln:miejscRodzaj>Osada</sln:miejscRodzaj><sln:powIIPId>a103670f-14b0-49b4-9984-e499dd7fb32e</sln:powIIPId><sln:powIIPPn>PL.PZGIK.200</sln:powIIPPn><sln:powIIPWersja>2012-09-27T09:33:51+02:00</sln:powIIPWersja><sln:powIdTeryt>2203</sln:powIdTeryt><sln:powNazwa>człuchowski</sln:powNazwa><sln:waznyOd>2013-04-13T00:00:00+02:00</sln:waznyOd><sln:wojIIPId>ece93e09-0215-42f3-8067-be0649f58d46</sln:wojIIPId><sln:wojIIPPn>PL.PZGIK.200</sln:wojIIPPn><sln:wojIIPWersja>2012-09-27T13:45:13+02:00</sln:wojIIPWersja><sln:wojIdTeryt>22</sln:wojIdTeryt><sln:wojNazwa>pomorskie</sln:wojNazwa></sln:miejscowosc><sln:miejscowosc><sln:cyklZyciaDo>2017-04-04T00:00:00+02:00</sln:cyklZyciaDo><sln:cyklZyciaOd>2016-01-22T00:00:00+01:00</sln:cyklZyciaOd><sln:gmIIPId>1471bc3e-18b0-4f5e-bee3-8bc024d4e600</sln:gmIIPId><sln:gmIIPPn>PL.PZGIK.200</sln:gmIIPPn><sln:gmIIPWersja>2012-09-26T22:45:23+02:00</sln:gmIIPWersja><sln:gmIdTeryt>2203052</sln:gmIdTeryt><sln:gmNazwa>Koczała</sln:gmNazwa><sln:miejscIIPId>c64e141d-3bdb-48a2-8ab5-a609b85abc8b</sln:miejscIIPId><sln:miejscIIPPn>PL.PZGIK.200</sln:miejscIIPPn><sln:miejscIIPWersja>2016-11-24T12:20:51+02:00</sln:miejscIIPWersja><sln:miejscIdTeryt>0745786</sln:miejscIdTeryt><sln:miejscNazwa>Zagaje</sln:miejscNazwa><sln:miejscRodzaj>Osada</sln:miejscRodzaj><sln:powIIPId>a103670f-14b0-49b4-9984-e499dd7fb32e</sln:powIIPId><sln:powIIPPn>PL.PZGIK.200</sln:powIIPPn><sln:powIIPWersja>2012-09-27T09:33:51+02:00</sln:powIIPWersja><sln:powIdTeryt>2203</sln:powIdTeryt><sln:powNazwa>człuchowski</sln:powNazwa><sln:waznyOd>2013-04-13T00:00:00+02:00</sln:waznyOd><sln:wojIIPId>ece93e09-0215-42f3-8067-be0649f58d46</sln:wojIIPId><sln:wojIIPPn>PL.PZGIK.200</sln:wojIIPPn><sln:wojIIPWersja>2012-09-27T13:45:13+02:00</sln:wojIIPWersja><sln:wojIdTeryt>22</sln:wojIdTeryt><sln:wojNazwa>pomorskie</sln:wojNazwa></sln:miejscowosc><sln:miejscowosc><sln:cyklZyciaDo>2017-04-04T00:00:00+02:00</sln:cyklZyciaDo><sln:cyklZyciaOd>2016-01-22T00:00:00+01:00</sln:cyklZyciaOd><sln:gmIIPId>1471bc3e-18b0-4f5e-bee3-8bc024d4e600</sln:gmIIPId><sln:gmIIPPn>PL.PZGIK.200</sln:gmIIPPn><sln:gmIIPWersja>2012-09-26T22:45:23+02:00</sln:gmIIPWersja><sln:gmIdTeryt>2203052</sln:gmIdTeryt><sln:gmNazwa>Koczała</sln:gmNazwa><sln:miejscIIPId>86e94f18-5175-4d7e-8aa2-abcdf3fac663</sln:miejscIIPId><sln:miejscIIPPn>PL.PZGIK.200</sln:miejscIIPPn><sln:miejscIIPWersja>2016-11-24T12:20:51+02:00</sln:miejscIIPWersja><sln:miejscIdTeryt>0745875</sln:miejscIdTeryt><sln:miejscNazwa>Załęże</sln:miejscNazwa><sln:miejscRodzaj>Wieś</sln:miejscRodzaj><sln:powIIPId>a103670f-14b0-49b4-9984-e499dd7fb32e</sln:powIIPId><sln:powIIPPn>PL.PZGIK.200</sln:powIIPPn><sln:powIIPWersja>2012-09-27T09:33:51+02:00</sln:powIIPWersja><sln:powIdTeryt>2203</sln:powIdTeryt><sln:powNazwa>człuchowski</sln:powNazwa><sln:waznyOd>2013-04-13T00:00:00+02:00</sln:waznyOd><sln:wojIIPId>ece93e09-0215-42f3-8067-be0649f58d46</sln:wojIIPId><sln:wojIIPPn>PL.PZGIK.200</sln:wojIIPPn><sln:wojIIPWersja>2012-09-27T13:45:13+02:00</sln:wojIIPWersja><sln:wojIdTeryt>22</sln:wojIdTeryt><sln:wojNazwa>pomorskie</sln:wojNazwa></sln:miejscowosc><sln:miejscowosc><sln:cyklZyciaDo>2017-04-04T00:00:00+02:00</sln:cyklZyciaDo><sln:cyklZyciaOd>2016-01-22T00:00:00+01:00</sln:cyklZyciaOd><sln:gmIIPId>1471bc3e-18b0-4f5e-bee3-8bc024d4e600</sln:gmIIPId><sln:gmIIPPn>PL.PZGIK.200</sln:gmIIPPn><sln:gmIIPWersja>2012-09-26T22:45:23+02:00</sln:gmIIPWersja><sln:gmIdTeryt>2203052</sln:gmIdTeryt><sln:gmNazwa>Koczała</sln:gmNazwa><sln:miejscIIPId>cb1cd5a2-fa36-441e-a0d0-38b3b68c34b8</sln:miejscIIPId><sln:miejscIIPPn>PL.PZGIK.200</sln:miejscIIPPn><sln:miejscIIPWersja>2016-11-24T12:20:51+02:00</sln:miejscIIPWersja><sln:miejscIdTeryt>0745869</sln:miejscIdTeryt><sln:miejscNazwa>Zapadłe</sln:miejscNazwa><sln:miejscRodzaj>Wieś</sln:miejscRodzaj><sln:powIIPId>a103670f-14b0-49b4-9984-e499dd7fb32e</sln:powIIPId><sln:powIIPPn>PL.PZGIK.200</sln:powIIPPn><sln:powIIPWersja>2012-09-27T09:33:51+02:00</sln:powIIPWersja><sln:powIdTeryt>2203</sln:powIdTeryt><sln:powNazwa>człuchowski</sln:powNazwa><sln:waznyOd>2013-04-13T00:00:00+02:00</sln:waznyOd><sln:wojIIPId>ece93e09-0215-42f3-8067-be0649f58d46</sln:wojIIPId><sln:wojIIPPn>PL.PZGIK.200</sln:wojIIPPn><sln:wojIIPWersja>2012-09-27T13:45:13+02:00</sln:wojIIPWersja><sln:wojIdTeryt>22</sln:wojIdTeryt><sln:wojNazwa>pomorskie</sln:wojNazwa></sln:miejscowosc><sln:miejscowosc><sln:cyklZyciaDo>2017-04-04T00:00:00+02:00</sln:cyklZyciaDo><sln:cyklZyciaOd>2016-01-22T00:00:00+01:00</sln:cyklZyciaOd><sln:gmIIPId>1471bc3e-18b0-4f5e-bee3-8bc024d4e600</sln:gmIIPId><sln:gmIIPPn>PL.PZGIK.200</sln:gmIIPPn><sln:gmIIPWersja>2012-09-26T22:45:23+02:00</sln:gmIIPWersja><sln:gmIdTeryt>2203052</sln:gmIdTeryt><sln:gmNazwa>Koczała</sln:gmNazwa><sln:miejscIIPId>718f6f38-b025-4e03-a95d-f97f18c7d4fa</sln:miejscIIPId><sln:miejscIIPPn>PL.PZGIK.200</sln:miejscIIPPn><sln:miejscIIPWersja>2016-11-24T12:20:51+02:00</sln:miejscIIPWersja><sln:miejscIdTeryt>0745668</sln:miejscIdTeryt><sln:miejscNazwa>Żukowo</sln:miejscNazwa><sln:miejscRodzaj>Osada leśna</sln:miejscRodzaj><sln:powIIPId>a103670f-14b0-49b4-9984-e499dd7fb32e</sln:powIIPId><sln:powIIPPn>PL.PZGIK.200</sln:powIIPPn><sln:powIIPWersja>2012-09-27T09:33:51+02:00</sln:powIIPWersja><sln:powIdTeryt>2203</sln:powIdTeryt><sln:powNazwa>człuchowski</sln:powNazwa><sln:waznyOd>2013-04-13T00:00:00+02:00</sln:waznyOd><sln:wojIIPId>ece93e09-0215-42f3-8067-be0649f58d46</sln:wojIIPId><sln:wojIIPPn>PL.PZGIK.200</sln:wojIIPPn><sln:wojIIPWersja>2012-09-27T13:45:13+02:00</sln:wojIIPWersja><sln:wojIdTeryt>22</sln:wojIdTeryt><sln:wojNazwa>pomorskie</sln:wojNazwa></sln:miejscowosc><sln:miejscowosc><sln:cyklZyciaOd>2017-04-04T00:00:00+02:00</sln:cyklZyciaOd><sln:gmIIPId>1471bc3e-18b0-4f5e-bee3-8bc024d4e600</sln:gmIIPId><sln:gmIIPPn>PL.PZGIK.200</sln:gmIIPPn><sln:gmIIPWersja>2012-09-26T22:45:23+02:00</sln:gmIIPWersja><sln:gmIdTeryt>2203052</sln:gmIdTeryt><sln:gmNazwa>Koczała</sln:gmNazwa><sln:miejscIIPId>e9decf65-422f-4394-bc01-5d947520b372</sln:miejscIIPId><sln:miejscIIPPn>PL.PZGIK.200</sln:miejscIIPPn><sln:miejscIIPWersja>2017-04-04T08:38:57+02:00</sln:miejscIIPWersja><sln:miejscIdTeryt>0745616</sln:miejscIdTeryt><sln:miejscNazwa>Bielsko</sln:miejscNazwa><sln:miejscRodzaj>Wieś</sln:miejscRodzaj><sln:powIIPId>a103670f-14b0-49b4-9984-e499dd7fb32e</sln:powIIPId><sln:powIIPPn>PL.PZGIK.200</sln:powIIPPn><sln:powIIPWersja>2012-09-27T09:33:51+02:00</sln:powIIPWersja><sln:powIdTeryt>2203</sln:powIdTeryt><sln:powNazwa>człuchowski</sln:powNazwa><sln:waznyOd>2013-04-13T00:00:00+02:00</sln:waznyOd><sln:wojIIPId>ece93e09-0215-42f3-8067-be0649f58d46</sln:wojIIPId><sln:wojIIPPn>PL.PZGIK.200</sln:wojIIPPn><sln:wojIIPWersja>2012-09-27T13:45:13+02:00</sln:wojIIPWersja><sln:wojIdTeryt>22</sln:wojIdTeryt><sln:wojNazwa>pomorskie</sln:wojNazwa></sln:miejscowosc><sln:miejscowosc><sln:cyklZyciaOd>2017-04-04T00:00:00+02:00</sln:cyklZyciaOd><sln:gmIIPId>1471bc3e-18b0-4f5e-bee3-8bc024d4e600</sln:gmIIPId><sln:gmIIPPn>PL.PZGIK.200</sln:gmIIPPn><sln:gmIIPWersja>2012-09-26T22:45:23+02:00</sln:gmIIPWersja><sln:gmIdTeryt>2203052</sln:gmIdTeryt><sln:gmNazwa>Koczała</sln:gmNazwa><sln:miejscIIPId>527af095-c75d-4b8b-a340-d29121a15f0b</sln:miejscIIPId><sln:miejscIIPPn>PL.PZGIK.200</sln:miejscIIPPn><sln:miejscIIPWersja>2017-04-04T08:39:03+02:00</sln:miejscIIPWersja><sln:miejscIdTeryt>0745622</sln:miejscIdTeryt><sln:miejscNazwa>Bryle</sln:miejscNazwa><sln:miejscRodzaj>Osada</sln:miejscRodzaj><sln:powIIPId>a103670f-14b0-49b4-9984-e499dd7fb32e</sln:powIIPId><sln:powIIPPn>PL.PZGIK.200</sln:powIIPPn><sln:powIIPWersja>2012-09-27T09:33:51+02:00</sln:powIIPWersja><sln:powIdTeryt>2203</sln:powIdTeryt><sln:powNazwa>człuchowski</sln:powNazwa><sln:waznyOd>2013-04-13T00:00:00+02:00</sln:waznyOd><sln:wojIIPId>ece93e09-0215-42f3-8067-be0649f58d46</sln:wojIIPId><sln:wojIIPPn>PL.PZGIK.200</sln:wojIIPPn><sln:wojIIPWersja>2012-09-27T13:45:13+02:00</sln:wojIIPWersja><sln:wojIdTeryt>22</sln:wojIdTeryt><sln:wojNazwa>pomorskie</sln:wojNazwa></sln:miejscowosc><sln:miejscowosc><sln:cyklZyciaOd>2017-04-04T00:00:00+02:00</sln:cyklZyciaOd><sln:gmIIPId>1471bc3e-18b0-4f5e-bee3-8bc024d4e600</sln:gmIIPId><sln:gmIIPPn>PL.PZGIK.200</sln:gmIIPPn><sln:gmIIPWersja>2012-09-26T22:45:23+02:00</sln:gmIIPWersja><sln:gmIdTeryt>2203052</sln:gmIdTeryt><sln:gmNazwa>Koczała</sln:gmNazwa><sln:miejscIIPId>bed9e2fd-7e7e-4d61-b80d-397db6d288c3</sln:miejscIIPId><sln:miejscIIPPn>PL.PZGIK.200</sln:miejscIIPPn><sln:miejscIIPWersja>2017-04-04T08:39:03+02:00</sln:miejscIIPWersja><sln:miejscIdTeryt>0745639</sln:miejscIdTeryt><sln:miejscNazwa>Niedźwiady</sln:miejscNazwa><sln:miejscRodzaj>Osada leśna</sln:miejscRodzaj><sln:powIIPId>a103670f-14b0-49b4-9984-e499dd7fb32e</sln:powIIPId><sln:powIIPPn>PL.PZGIK.200</sln:powIIPPn><sln:powIIPWersja>2012-09-27T09:33:51+02:00</sln:powIIPWersja><sln:powIdTeryt>2203</sln:powIdTeryt><sln:powNazwa>człuchowski</sln:powNazwa><sln:waznyOd>2013-04-13T00:00:00+02:00</sln:waznyOd><sln:wojIIPId>ece93e09-0215-42f3-8067-be0649f58d46</sln:wojIIPId><sln:wojIIPPn>PL.PZGIK.200</sln:wojIIPPn><sln:wojIIPWersja>2012-09-27T13:45:13+02:00</sln:wojIIPWersja><sln:wojIdTeryt>22</sln:wojIdTeryt><sln:wojNazwa>pomorskie</sln:wojNazwa></sln:miejscowosc><sln:miejscowosc><sln:cyklZyciaOd>2017-04-04T00:00:00+02:00</sln:cyklZyciaOd><sln:gmIIPId>1471bc3e-18b0-4f5e-bee3-8bc024d4e600</sln:gmIIPId><sln:gmIIPPn>PL.PZGIK.200</sln:gmIIPPn><sln:gmIIPWersja>2012-09-26T22:45:23+02:00</sln:gmIIPWersja><sln:gmIdTeryt>2203052</sln:gmIdTeryt><sln:gmNazwa>Koczała</sln:gmNazwa><sln:miejscIIPId>645412cf-630b-4f5b-9173-ffde1b393be1</sln:miejscIIPId><sln:miejscIIPPn>PL.PZGIK.200</sln:miejscIIPPn><sln:miejscIIPWersja>2017-04-04T08:39:03+02:00</sln:miejscIIPWersja><sln:miejscIdTeryt>0745645</sln:miejscIdTeryt><sln:miejscNazwa>Potoki</sln:miejscNazwa><sln:miejscRodzaj>Osada</sln:miejscRodzaj><sln:powIIPId>a103670f-14b0-49b4-9984-e499dd7fb32e</sln:powIIPId><sln:powIIPPn>PL.PZGIK.200</sln:powIIPPn><sln:powIIPWersja>2012-09-27T09:33:51+02:00</sln:powIIPWersja><sln:powIdTeryt>2203</sln:powIdTeryt><sln:powNazwa>człuchowski</sln:powNazwa><sln:waznyOd>2013-04-13T00:00:00+02:00</sln:waznyOd><sln:wojIIPId>ece93e09-0215-42f3-8067-be0649f58d46</sln:wojIIPId><sln:wojIIPPn>PL.PZGIK.200</sln:wojIIPPn><sln:wojIIPWersja>2012-09-27T13:45:13+02:00</sln:wojIIPWersja><sln:wojIdTeryt>22</sln:wojIdTeryt><sln:wojNazwa>pomorskie</sln:wojNazwa></sln:miejscowosc><sln:miejscowosc><sln:cyklZyciaOd>2017-04-04T00:00:00+02:00</sln:cyklZyciaOd><sln:gmIIPId>1471bc3e-18b0-4f5e-bee3-8bc024d4e600</sln:gmIIPId><sln:gmIIPPn>PL.PZGIK.200</sln:gmIIPPn><sln:gmIIPWersja>2012-09-26T22:45:23+02:00</sln:gmIIPWersja><sln:gmIdTeryt>2203052</sln:gmIdTeryt><sln:gmNazwa>Koczała</sln:gmNazwa><sln:miejscIIPId>bfaa400c-8ca9-4a37-84f9-4991919970d5</sln:miejscIIPId><sln:miejscIIPPn>PL.PZGIK.200</sln:miejscIIPPn><sln:miejscIIPWersja>2017-04-04T08:39:03+02:00</sln:miejscIIPWersja><sln:miejscIdTeryt>0745651</sln:miejscIdTeryt><sln:miejscNazwa>Świerkówko</sln:miejscNazwa><sln:miejscRodzaj>Osada</sln:miejscRodzaj><sln:powIIPId>a103670f-14b0-49b4-9984-e499dd7fb32e</sln:powIIPId><sln:powIIPPn>PL.PZGIK.200</sln:powIIPPn><sln:powIIPWersja>2012-09-27T09:33:51+02:00</sln:powIIPWersja><sln:powIdTeryt>2203</sln:powIdTeryt><sln:powNazwa>człuchowski</sln:powNazwa><sln:waznyOd>2013-04-13T00:00:00+02:00</sln:waznyOd><sln:wojIIPId>ece93e09-0215-42f3-8067-be0649f58d46</sln:wojIIPId><sln:wojIIPPn>PL.PZGIK.200</sln:wojIIPPn><sln:wojIIPWersja>2012-09-27T13:45:13+02:00</sln:wojIIPWersja><sln:wojIdTeryt>22</sln:wojIdTeryt><sln:wojNazwa>pomorskie</sln:wojNazwa></sln:miejscowosc><sln:miejscowosc><sln:cyklZyciaOd>2017-04-04T00:00:00+02:00</sln:cyklZyciaOd><sln:gmIIPId>1471bc3e-18b0-4f5e-bee3-8bc024d4e600</sln:gmIIPId><sln:gmIIPPn>PL.PZGIK.200</sln:gmIIPPn><sln:gmIIPWersja>2012-09-26T22:45:23+02:00</sln:gmIIPWersja><sln:gmIdTeryt>2203052</sln:gmIdTeryt><sln:gmNazwa>Koczała</sln:gmNazwa><sln:miejscIIPId>718f6f38-b025-4e03-a95d-f97f18c7d4fa</sln:miejscIIPId><sln:miejscIIPPn>PL.PZGIK.200</sln:miejscIIPPn><sln:miejscIIPWersja>2017-04-04T08:39:03+02:00</sln:miejscIIPWersja><sln:miejscIdTeryt>0745668</sln:miejscIdTeryt><sln:miejscNazwa>Żukowo</sln:miejscNazwa><sln:miejscRodzaj>Osada leśna</sln:miejscRodzaj><sln:powIIPId>a103670f-14b0-49b4-9984-e499dd7fb32e</sln:powIIPId><sln:powIIPPn>PL.PZGIK.200</sln:powIIPPn><sln:powIIPWersja>2012-09-27T09:33:51+02:00</sln:powIIPWersja><sln:powIdTeryt>2203</sln:powIdTeryt><sln:powNazwa>człuchowski</sln:powNazwa><sln:waznyOd>2013-04-13T00:00:00+02:00</sln:waznyOd><sln:wojIIPId>ece93e09-0215-42f3-8067-be0649f58d46</sln:wojIIPId><sln:wojIIPPn>PL.PZGIK.200</sln:wojIIPPn><sln:wojIIPWersja>2012-09-27T13:45:13+02:00</sln:wojIIPWersja><sln:wojIdTeryt>22</sln:wojIdTeryt><sln:wojNazwa>pomorskie</sln:wojNazwa></sln:miejscowosc><sln:miejscowosc><sln:cyklZyciaOd>2017-04-04T00:00:00+02:00</sln:cyklZyciaOd><sln:gmIIPId>1471bc3e-18b0-4f5e-bee3-8bc024d4e600</sln:gmIIPId><sln:gmIIPPn>PL.PZGIK.200</sln:gmIIPPn><sln:gmIIPWersja>2012-09-26T22:45:23+02:00</sln:gmIIPWersja><sln:gmIdTeryt>2203052</sln:gmIdTeryt><sln:gmNazwa>Koczała</sln:gmNazwa><sln:miejscIIPId>3d572038-973e-4111-b547-1b530131bdc5</sln:miejscIIPId><sln:miejscIIPPn>PL.PZGIK.200</sln:miejscIIPPn><sln:miejscIIPWersja>2017-04-04T08:39:03+02:00</sln:miejscIIPWersja><sln:miejscIdTeryt>0745674</sln:miejscIdTeryt><sln:miejscNazwa>Koczała</sln:miejscNazwa><sln:miejscRodzaj>Wieś</sln:miejscRodzaj><sln:powIIPId>a103670f-14b0-49b4-9984-e499dd7fb32e</sln:powIIPId><sln:powIIPPn>PL.PZGIK.200</sln:powIIPPn><sln:powIIPWersja>2012-09-27T09:33:51+02:00</sln:powIIPWersja><sln:powIdTeryt>2203</sln:powIdTeryt><sln:powNazwa>człuchowski</sln:powNazwa><sln:waznyOd>2013-04-13T00:00:00+02:00</sln:waznyOd><sln:wojIIPId>ece93e09-0215-42f3-8067-be0649f58d46</sln:wojIIPId><sln:wojIIPPn>PL.PZGIK.200</sln:wojIIPPn><sln:wojIIPWersja>2012-09-27T13:45:13+02:00</sln:wojIIPWersja><sln:wojIdTeryt>22</sln:wojIdTeryt><sln:wojNazwa>pomorskie</sln:wojNazwa></sln:miejscowosc><sln:miejscowosc><sln:cyklZyciaOd>2017-04-04T00:00:00+02:00</sln:cyklZyciaOd><sln:gmIIPId>1471bc3e-18b0-4f5e-bee3-8bc024d4e600</sln:gmIIPId><sln:gmIIPPn>PL.PZGIK.200</sln:gmIIPPn><sln:gmIIPWersja>2012-09-26T22:45:23+02:00</sln:gmIIPWersja><sln:gmIdTeryt>2203052</sln:gmIdTeryt><sln:gmNazwa>Koczała</sln:gmNazwa><sln:miejscIIPId>16c3b2bd-c3f1-46bc-af17-34862ecbbdc1</sln:miejscIIPId><sln:miejscIIPPn>PL.PZGIK.200</sln:miejscIIPPn><sln:miejscIIPWersja>2017-04-04T08:39:03+02:00</sln:miejscIIPWersja><sln:miejscIdTeryt>0745680</sln:miejscIdTeryt><sln:miejscNazwa>Dymin</sln:miejscNazwa><sln:miejscRodzaj>Osada</sln:miejscRodzaj><sln:powIIPId>a103670f-14b0-49b4-9984-e499dd7fb32e</sln:powIIPId><sln:powIIPPn>PL.PZGIK.200</sln:powIIPPn><sln:powIIPWersja>2012-09-27T09:33:51+02:00</sln:powIIPWersja><sln:powIdTeryt>2203</sln:powIdTeryt><sln:powNazwa>człuchowski</sln:powNazwa><sln:waznyOd>2013-04-13T00:00:00+02:00</sln:waznyOd><sln:wojIIPId>ece93e09-0215-42f3-8067-be0649f58d46</sln:wojIIPId><sln:wojIIPPn>PL.PZGIK.200</sln:wojIIPPn><sln:wojIIPWersja>2012-09-27T13:45:13+02:00</sln:wojIIPWersja><sln:wojIdTeryt>22</sln:wojIdTeryt><sln:wojNazwa>pomorskie</sln:wojNazwa></sln:miejscowosc><sln:miejscowosc><sln:cyklZyciaOd>2017-04-04T00:00:00+02:00</sln:cyklZyciaOd><sln:gmIIPId>1471bc3e-18b0-4f5e-bee3-8bc024d4e600</sln:gmIIPId><sln:gmIIPPn>PL.PZGIK.200</sln:gmIIPPn><sln:gmIIPWersja>2012-09-26T22:45:23+02:00</sln:gmIIPWersja><sln:gmIdTeryt>2203052</sln:gmIdTeryt><sln:gmNazwa>Koczała</sln:gmNazwa><sln:miejscIIPId>8e7478fb-ccb5-4cb4-87ec-4e8de533258b</sln:miejscIIPId><sln:miejscIIPPn>PL.PZGIK.200</sln:miejscIIPPn><sln:miejscIIPWersja>2017-04-04T08:39:03+02:00</sln:miejscIIPWersja><sln:miejscIdTeryt>0745697</sln:miejscIdTeryt><sln:miejscNazwa>Płocicz</sln:miejscNazwa><sln:miejscRodzaj>Osada</sln:miejscRodzaj><sln:powIIPId>a103670f-14b0-49b4-9984-e499dd7fb32e</sln:powIIPId><sln:powIIPPn>PL.PZGIK.200</sln:powIIPPn><sln:powIIPWersja>2012-09-27T09:33:51+02:00</sln:powIIPWersja><sln:powIdTeryt>2203</sln:powIdTeryt><sln:powNazwa>człuchowski</sln:powNazwa><sln:waznyOd>2013-04-13T00:00:00+02:00</sln:waznyOd><sln:wojIIPId>ece93e09-0215-42f3-8067-be0649f58d46</sln:wojIIPId><sln:wojIIPPn>PL.PZGIK.200</sln:wojIIPPn><sln:wojIIPWersja>2012-09-27T13:45:13+02:00</sln:wojIIPWersja><sln:wojIdTeryt>22</sln:wojIdTeryt><sln:wojNazwa>pomorskie</sln:wojNazwa></sln:miejscowosc><sln:miejscowosc><sln:cyklZyciaOd>2017-04-04T00:00:00+02:00</sln:cyklZyciaOd><sln:gmIIPId>1471bc3e-18b0-4f5e-bee3-8bc024d4e600</sln:gmIIPId><sln:gmIIPPn>PL.PZGIK.200</sln:gmIIPPn><sln:gmIIPWersja>2012-09-26T22:45:23+02:00</sln:gmIIPWersja><sln:gmIdTeryt>2203052</sln:gmIdTeryt><sln:gmNazwa>Koczała</sln:gmNazwa><sln:miejscIIPId>da072fed-f881-4fe9-887b-1cf81619f05d</sln:miejscIIPId><sln:miejscIIPPn>PL.PZGIK.200</sln:miejscIIPPn><sln:miejscIIPWersja>2017-04-04T08:39:03+02:00</sln:miejscIIPWersja><sln:miejscIdTeryt>0745705</sln:miejscIdTeryt><sln:miejscNazwa>Podlesie</sln:miejscNazwa><sln:miejscRodzaj>Osada</sln:miejscRodzaj><sln:powIIPId>a103670f-14b0-49b4-9984-e499dd7fb32e</sln:powIIPId><sln:powIIPPn>PL.PZGIK.200</sln:powIIPPn><sln:powIIPWersja>2012-09-27T09:33:51+02:00</sln:powIIPWersja><sln:powIdTeryt>2203</sln:powIdTeryt><sln:powNazwa>człuchowski</sln:powNazwa><sln:waznyOd>2013-04-13T00:00:00+02:00</sln:waznyOd><sln:wojIIPId>ece93e09-0215-42f3-8067-be0649f58d46</sln:wojIIPId><sln:wojIIPPn>PL.PZGIK.200</sln:wojIIPPn><sln:wojIIPWersja>2012-09-27T13:45:13+02:00</sln:wojIIPWersja><sln:wojIdTeryt>22</sln:wojIdTeryt><sln:wojNazwa>pomorskie</sln:wojNazwa></sln:miejscowosc><sln:miejscowosc><sln:cyklZyciaOd>2017-04-04T00:00:00+02:00</sln:cyklZyciaOd><sln:gmIIPId>1471bc3e-18b0-4f5e-bee3-8bc024d4e600</sln:gmIIPId><sln:gmIIPPn>PL.PZGIK.200</sln:gmIIPPn><sln:gmIIPWersja>2012-09-26T22:45:23+02:00</sln:gmIIPWersja><sln:gmIdTeryt>2203052</sln:gmIdTeryt><sln:gmNazwa>Koczała</sln:gmNazwa><sln:miejscIIPId>075d7a70-b706-4451-9279-c2737084d058</sln:miejscIIPId><sln:miejscIIPPn>PL.PZGIK.200</sln:miejscIIPPn><sln:miejscIIPWersja>2017-04-04T08:39:03+02:00</sln:miejscIIPWersja><sln:miejscIdTeryt>0745711</sln:miejscIdTeryt><sln:miejscNazwa>Strużka</sln:miejscNazwa><sln:miejscRodzaj>Osada leśna</sln:miejscRodzaj><sln:powIIPId>a103670f-14b0-49b4-9984-e499dd7fb32e</sln:powIIPId><sln:powIIPPn>PL.PZGIK.200</sln:powIIPPn><sln:powIIPWersja>2012-09-27T09:33:51+02:00</sln:powIIPWersja><sln:powIdTeryt>2203</sln:powIdTeryt><sln:powNazwa>człuchowski</sln:powNazwa><sln:waznyOd>2013-04-13T00:00:00+02:00</sln:waznyOd><sln:wojIIPId>ece93e09-0215-42f3-8067-be0649f58d46</sln:wojIIPId><sln:wojIIPPn>PL.PZGIK.200</sln:wojIIPPn><sln:wojIIPWersja>2012-09-27T13:45:13+02:00</sln:wojIIPWersja><sln:wojIdTeryt>22</sln:wojIdTeryt><sln:wojNazwa>pomorskie</sln:wojNazwa></sln:miejscowosc><sln:miejscowosc><sln:cyklZyciaOd>2017-04-04T00:00:00+02:00</sln:cyklZyciaOd><sln:gmIIPId>1471bc3e-18b0-4f5e-bee3-8bc024d4e600</sln:gmIIPId><sln:gmIIPPn>PL.PZGIK.200</sln:gmIIPPn><sln:gmIIPWersja>2012-09-26T22:45:23+02:00</sln:gmIIPWersja><sln:gmIdTeryt>2203052</sln:gmIdTeryt><sln:gmNazwa>Koczała</sln:gmNazwa><sln:miejscIIPId>e509fb60-96f6-45e4-8e3e-8f6e92dbea36</sln:miejscIIPId><sln:miejscIIPPn>PL.PZGIK.200</sln:miejscIIPPn><sln:miejscIIPWersja>2017-04-04T08:39:03+02:00</sln:miejscIIPWersja><sln:miejscIdTeryt>0745728</sln:miejscIdTeryt><sln:miejscNazwa>Łękinia</sln:miejscNazwa><sln:miejscRodzaj>Wieś</sln:miejscRodzaj><sln:powIIPId>a103670f-14b0-49b4-9984-e499dd7fb32e</sln:powIIPId><sln:powIIPPn>PL.PZGIK.200</sln:powIIPPn><sln:powIIPWersja>2012-09-27T09:33:51+02:00</sln:powIIPWersja><sln:powIdTeryt>2203</sln:powIdTeryt><sln:powNazwa>człuchowski</sln:powNazwa><sln:waznyOd>2013-04-13T00:00:00+02:00</sln:waznyOd><sln:wojIIPId>ece93e09-0215-42f3-8067-be0649f58d46</sln:wojIIPId><sln:wojIIPPn>PL.PZGIK.200</sln:wojIIPPn><sln:wojIIPWersja>2012-09-27T13:45:13+02:00</sln:wojIIPWersja><sln:wojIdTeryt>22</sln:wojIdTeryt><sln:wojNazwa>pomorskie</sln:wojNazwa></sln:miejscowosc><sln:miejscowosc><sln:cyklZyciaOd>2017-04-04T00:00:00+02:00</sln:cyklZyciaOd><sln:gmIIPId>1471bc3e-18b0-4f5e-bee3-8bc024d4e600</sln:gmIIPId><sln:gmIIPPn>PL.PZGIK.200</sln:gmIIPPn><sln:gmIIPWersja>2012-09-26T22:45:23+02:00</sln:gmIIPWersja><sln:gmIdTeryt>2203052</sln:gmIdTeryt><sln:gmNazwa>Koczała</sln:gmNazwa><sln:miejscIIPId>586e8109-ff80-406d-b6f5-484bc849ae49</sln:miejscIIPId><sln:miejscIIPPn>PL.PZGIK.200</sln:miejscIIPPn><sln:miejscIIPWersja>2017-04-04T08:39:03+02:00</sln:miejscIIPWersja><sln:miejscIdTeryt>0745734</sln:miejscIdTeryt><sln:miejscNazwa>Dźwierzno</sln:miejscNazwa><sln:miejscRodzaj>Osada</sln:miejscRodzaj><sln:powIIPId>a103670f-14b0-49b4-9984-e499dd7fb32e</sln:powIIPId><sln:powIIPPn>PL.PZGIK.200</sln:powIIPPn><sln:powIIPWersja>2012-09-27T09:33:51+02:00</sln:powIIPWersja><sln:powIdTeryt>2203</sln:powIdTeryt><sln:powNazwa>człuchowski</sln:powNazwa><sln:waznyOd>2013-04-13T00:00:00+02:00</sln:waznyOd><sln:wojIIPId>ece93e09-0215-42f3-8067-be0649f58d46</sln:wojIIPId><sln:wojIIPPn>PL.PZGIK.200</sln:wojIIPPn><sln:wojIIPWersja>2012-09-27T13:45:13+02:00</sln:wojIIPWersja><sln:wojIdTeryt>22</sln:wojIdTeryt><sln:wojNazwa>pomorskie</sln:wojNazwa></sln:miejscowosc><sln:miejscowosc><sln:cyklZyciaOd>2017-04-04T00:00:00+02:00</sln:cyklZyciaOd><sln:gmIIPId>1471bc3e-18b0-4f5e-bee3-8bc024d4e600</sln:gmIIPId><sln:gmIIPPn>PL.PZGIK.200</sln:gmIIPPn><sln:gmIIPWersja>2012-09-26T22:45:23+02:00</sln:gmIIPWersja><sln:gmIdTeryt>2203052</sln:gmIdTeryt><sln:gmNazwa>Koczała</sln:gmNazwa><sln:miejscIIPId>9c7bee1e-1bdb-4f22-82e2-258e6d24873a</sln:miejscIIPId><sln:miejscIIPPn>PL.PZGIK.200</sln:miejscIIPPn><sln:miejscIIPWersja>2017-04-04T08:39:03+02:00</sln:miejscIIPWersja><sln:miejscIdTeryt>0745740</sln:miejscIdTeryt><sln:miejscNazwa>Pietrzykowo</sln:miejscNazwa><sln:miejscRodzaj>Wieś</sln:miejscRodzaj><sln:powIIPId>a103670f-14b0-49b4-9984-e499dd7fb32e</sln:powIIPId><sln:powIIPPn>PL.PZGIK.200</sln:powIIPPn><sln:powIIPWersja>2012-09-27T09:33:51+02:00</sln:powIIPWersja><sln:powIdTeryt>2203</sln:powIdTeryt><sln:powNazwa>człuchowski</sln:powNazwa><sln:waznyOd>2013-04-13T00:00:00+02:00</sln:waznyOd><sln:wojIIPId>ece93e09-0215-42f3-8067-be0649f58d46</sln:wojIIPId><sln:wojIIPPn>PL.PZGIK.200</sln:wojIIPPn><sln:wojIIPWersja>2012-09-27T13:45:13+02:00</sln:wojIIPWersja><sln:wojIdTeryt>22</sln:wojIdTeryt><sln:wojNazwa>pomorskie</sln:wojNazwa></sln:miejscowosc><sln:miejscowosc><sln:cyklZyciaOd>2017-04-04T00:00:00+02:00</sln:cyklZyciaOd><sln:gmIIPId>1471bc3e-18b0-4f5e-bee3-8bc024d4e600</sln:gmIIPId><sln:gmIIPPn>PL.PZGIK.200</sln:gmIIPPn><sln:gmIIPWersja>2012-09-26T22:45:23+02:00</sln:gmIIPWersja><sln:gmIdTeryt>2203052</sln:gmIdTeryt><sln:gmNazwa>Koczała</sln:gmNazwa><sln:miejscIIPId>50ed5637-b1fb-4943-9484-78fd4f9c988e</sln:miejscIIPId><sln:miejscIIPPn>PL.PZGIK.200</sln:miejscIIPPn><sln:miejscIIPWersja>2017-04-04T08:39:03+02:00</sln:miejscIIPWersja><sln:miejscIdTeryt>0745757</sln:miejscIdTeryt><sln:miejscNazwa>Adamki</sln:miejscNazwa><sln:miejscRodzaj>Osada</sln:miejscRodzaj><sln:powIIPId>a103670f-14b0-49b4-9984-e499dd7fb32e</sln:powIIPId><sln:powIIPPn>PL.PZGIK.200</sln:powIIPPn><sln:powIIPWersja>2012-09-27T09:33:51+02:00</sln:powIIPWersja><sln:powIdTeryt>2203</sln:powIdTeryt><sln:powNazwa>człuchowski</sln:powNazwa><sln:waznyOd>2013-04-13T00:00:00+02:00</sln:waznyOd><sln:wojIIPId>ece93e09-0215-42f3-8067-be0649f58d46</sln:wojIIPId><sln:wojIIPPn>PL.PZGIK.200</sln:wojIIPPn><sln:wojIIPWersja>2012-09-27T13:45:13+02:00</sln:wojIIPWersja><sln:wojIdTeryt>22</sln:wojIdTeryt><sln:wojNazwa>pomorskie</sln:wojNazwa></sln:miejscowosc><sln:miejscowosc><sln:cyklZyciaOd>2017-04-04T00:00:00+02:00</sln:cyklZyciaOd><sln:gmIIPId>1471bc3e-18b0-4f5e-bee3-8bc024d4e600</sln:gmIIPId><sln:gmIIPPn>PL.PZGIK.200</sln:gmIIPPn><sln:gmIIPWersja>2012-09-26T22:45:23+02:00</sln:gmIIPWersja><sln:gmIdTeryt>2203052</sln:gmIdTeryt><sln:gmNazwa>Koczała</sln:gmNazwa><sln:miejscIIPId>6df30499-75e5-4e02-9ded-f50bd0982aac</sln:miejscIIPId><sln:miejscIIPPn>PL.PZGIK.200</sln:miejscIIPPn><sln:miejscIIPWersja>2017-04-04T08:39:03+02:00</sln:miejscIIPWersja><sln:miejscIdTeryt>0745763</sln:miejscIdTeryt><sln:miejscNazwa>Ciemino</sln:miejscNazwa><sln:miejscRodzaj>Osada</sln:miejscRodzaj><sln:powIIPId>a103670f-14b0-49b4-9984-e499dd7fb32e</sln:powIIPId><sln:powIIPPn>PL.PZGIK.200</sln:powIIPPn><sln:powIIPWersja>2012-09-27T09:33:51+02:00</sln:powIIPWersja><sln:powIdTeryt>2203</sln:powIdTeryt><sln:powNazwa>człuchowski</sln:powNazwa><sln:waznyOd>2013-04-13T00:00:00+02:00</sln:waznyOd><sln:wojIIPId>ece93e09-0215-42f3-8067-be0649f58d46</sln:wojIIPId><sln:wojIIPPn>PL.PZGIK.200</sln:wojIIPPn><sln:wojIIPWersja>2012-09-27T13:45:13+02:00</sln:wojIIPWersja><sln:wojIdTeryt>22</sln:wojIdTeryt><sln:wojNazwa>pomorskie</sln:wojNazwa></sln:miejscowosc><sln:miejscowosc><sln:cyklZyciaOd>2017-04-04T00:00:00+02:00</sln:cyklZyciaOd><sln:gmIIPId>1471bc3e-18b0-4f5e-bee3-8bc024d4e600</sln:gmIIPId><sln:gmIIPPn>PL.PZGIK.200</sln:gmIIPPn><sln:gmIIPWersja>2012-09-26T22:45:23+02:00</sln:gmIIPWersja><sln:gmIdTeryt>2203052</sln:gmIdTeryt><sln:gmNazwa>Koczała</sln:gmNazwa><sln:miejscIIPId>59c09fee-00b8-4b38-ba34-a94ba26298b1</sln:miejscIIPId><sln:miejscIIPPn>PL.PZGIK.200</sln:miejscIIPPn><sln:miejscIIPWersja>2017-04-04T08:39:04+02:00</sln:miejscIIPWersja><sln:miejscIdTeryt>0745770</sln:miejscIdTeryt><sln:miejscNazwa>Pietrzykówko</sln:miejscNazwa><sln:miejscRodzaj>Osada</sln:miejscRodzaj><sln:powIIPId>a103670f-14b0-49b4-9984-e499dd7fb32e</sln:powIIPId><sln:powIIPPn>PL.PZGIK.200</sln:powIIPPn><sln:powIIPWersja>2012-09-27T09:33:51+02:00</sln:powIIPWersja><sln:powIdTeryt>2203</sln:powIdTeryt><sln:powNazwa>człuchowski</sln:powNazwa><sln:waznyOd>2013-04-13T00:00:00+02:00</sln:waznyOd><sln:wojIIPId>ece93e09-0215-42f3-8067-be0649f58d46</sln:wojIIPId><sln:wojIIPPn>PL.PZGIK.200</sln:wojIIPPn><sln:wojIIPWersja>2012-09-27T13:45:13+02:00</sln:wojIIPWersja><sln:wojIdTeryt>22</sln:wojIdTeryt><sln:wojNazwa>pomorskie</sln:wojNazwa></sln:miejscowosc><sln:miejscowosc><sln:cyklZyciaOd>2017-04-04T00:00:00+02:00</sln:cyklZyciaOd><sln:gmIIPId>1471bc3e-18b0-4f5e-bee3-8bc024d4e600</sln:gmIIPId><sln:gmIIPPn>PL.PZGIK.200</sln:gmIIPPn><sln:gmIIPWersja>2012-09-26T22:45:23+02:00</sln:gmIIPWersja><sln:gmIdTeryt>2203052</sln:gmIdTeryt><sln:gmNazwa>Koczała</sln:gmNazwa><sln:miejscIIPId>c64e141d-3bdb-48a2-8ab5-a609b85abc8b</sln:miejscIIPId><sln:miejscIIPPn>PL.PZGIK.200</sln:miejscIIPPn><sln:miejscIIPWersja>2017-04-04T08:39:04+02:00</sln:miejscIIPWersja><sln:miejscIdTeryt>0745786</sln:miejscIdTeryt><sln:miejscNazwa>Zagaje</sln:miejscNazwa><sln:miejscRodzaj>Osada</sln:miejscRodzaj><sln:powIIPId>a103670f-14b0-49b4-9984-e499dd7fb32e</sln:powIIPId><sln:powIIPPn>PL.PZGIK.200</sln:powIIPPn><sln:powIIPWersja>2012-09-27T09:33:51+02:00</sln:powIIPWersja><sln:powIdTeryt>2203</sln:powIdTeryt><sln:powNazwa>człuchowski</sln:powNazwa><sln:waznyOd>2013-04-13T00:00:00+02:00</sln:waznyOd><sln:wojIIPId>ece93e09-0215-42f3-8067-be0649f58d46</sln:wojIIPId><sln:wojIIPPn>PL.PZGIK.200</sln:wojIIPPn><sln:wojIIPWersja>2012-09-27T13:45:13+02:00</sln:wojIIPWersja><sln:wojIdTeryt>22</sln:wojIdTeryt><sln:wojNazwa>pomorskie</sln:wojNazwa></sln:miejscowosc><sln:miejscowosc><sln:cyklZyciaOd>2017-04-04T00:00:00+02:00</sln:cyklZyciaOd><sln:gmIIPId>1471bc3e-18b0-4f5e-bee3-8bc024d4e600</sln:gmIIPId><sln:gmIIPPn>PL.PZGIK.200</sln:gmIIPPn><sln:gmIIPWersja>2012-09-26T22:45:23+02:00</sln:gmIIPWersja><sln:gmIdTeryt>2203052</sln:gmIdTeryt><sln:gmNazwa>Koczała</sln:gmNazwa><sln:miejscIIPId>e6f11733-27c5-4d59-91a6-fc62485f653e</sln:miejscIIPId><sln:miejscIIPPn>PL.PZGIK.200</sln:miejscIIPPn><sln:miejscIIPWersja>2017-04-04T08:39:04+02:00</sln:miejscIIPWersja><sln:miejscIdTeryt>0745792</sln:miejscIdTeryt><sln:miejscNazwa>Starzno</sln:miejscNazwa><sln:miejscRodzaj>Wieś</sln:miejscRodzaj><sln:powIIPId>a103670f-14b0-49b4-9984-e499dd7fb32e</sln:powIIPId><sln:powIIPPn>PL.PZGIK.200</sln:powIIPPn><sln:powIIPWersja>2012-09-27T09:33:51+02:00</sln:powIIPWersja><sln:powIdTeryt>2203</sln:powIdTeryt><sln:powNazwa>człuchowski</sln:powNazwa><sln:waznyOd>2013-04-13T00:00:00+02:00</sln:waznyOd><sln:wojIIPId>ece93e09-0215-42f3-8067-be0649f58d46</sln:wojIIPId><sln:wojIIPPn>PL.PZGIK.200</sln:wojIIPPn><sln:wojIIPWersja>2012-09-27T13:45:13+02:00</sln:wojIIPWersja><sln:wojIdTeryt>22</sln:wojIdTeryt><sln:wojNazwa>pomorskie</sln:wojNazwa></sln:miejscowosc><sln:miejscowosc><sln:cyklZyciaOd>2017-04-04T00:00:00+02:00</sln:cyklZyciaOd><sln:gmIIPId>1471bc3e-18b0-4f5e-bee3-8bc024d4e600</sln:gmIIPId><sln:gmIIPPn>PL.PZGIK.200</sln:gmIIPPn><sln:gmIIPWersja>2012-09-26T22:45:23+02:00</sln:gmIIPWersja><sln:gmIdTeryt>2203052</sln:gmIdTeryt><sln:gmNazwa>Koczała</sln:gmNazwa><sln:miejscIIPId>da1bb5d7-60a9-49ae-af2c-8003b4ac9576</sln:miejscIIPId><sln:miejscIIPPn>PL.PZGIK.200</sln:miejscIIPPn><sln:miejscIIPWersja>2017-04-04T08:39:04+02:00</sln:miejscIIPWersja><sln:miejscIdTeryt>0745800</sln:miejscIdTeryt><sln:miejscNazwa>Ostrówek</sln:miejscNazwa><sln:miejscRodzaj>Osada</sln:miejscRodzaj><sln:powIIPId>a103670f-14b0-49b4-9984-e499dd7fb32e</sln:powIIPId><sln:powIIPPn>PL.PZGIK.200</sln:powIIPPn><sln:powIIPWersja>2012-09-27T09:33:51+02:00</sln:powIIPWersja><sln:powIdTeryt>2203</sln:powIdTeryt><sln:powNazwa>człuchowski</sln:powNazwa><sln:waznyOd>2013-04-13T00:00:00+02:00</sln:waznyOd><sln:wojIIPId>ece93e09-0215-42f3-8067-be0649f58d46</sln:wojIIPId><sln:wojIIPPn>PL.PZGIK.200</sln:wojIIPPn><sln:wojIIPWersja>2012-09-27T13:45:13+02:00</sln:wojIIPWersja><sln:wojIdTeryt>22</sln:wojIdTeryt><sln:wojNazwa>pomorskie</sln:wojNazwa></sln:miejscowosc><sln:miejscowosc><sln:cyklZyciaOd>2017-04-04T00:00:00+02:00</sln:cyklZyciaOd><sln:gmIIPId>1471bc3e-18b0-4f5e-bee3-8bc024d4e600</sln:gmIIPId><sln:gmIIPPn>PL.PZGIK.200</sln:gmIIPPn><sln:gmIIPWersja>2012-09-26T22:45:23+02:00</sln:gmIIPWersja><sln:gmIdTeryt>2203052</sln:gmIdTeryt><sln:gmNazwa>Koczała</sln:gmNazwa><sln:miejscIIPId>c49e1f87-1c45-4869-af0e-ac27d588c8c3</sln:miejscIIPId><sln:miejscIIPPn>PL.PZGIK.200</sln:miejscIIPPn><sln:miejscIIPWersja>2017-04-04T08:39:04+02:00</sln:miejscIIPWersja><sln:miejscIdTeryt>0745817</sln:miejscIdTeryt><sln:miejscNazwa>Trzyniec</sln:miejscNazwa><sln:miejscRodzaj>Wieś</sln:miejscRodzaj><sln:powIIPId>a103670f-14b0-49b4-9984-e499dd7fb32e</sln:powIIPId><sln:powIIPPn>PL.PZGIK.200</sln:powIIPPn><sln:powIIPWersja>2012-09-27T09:33:51+02:00</sln:powIIPWersja><sln:powIdTeryt>2203</sln:powIdTeryt><sln:powNazwa>człuchowski</sln:powNazwa><sln:waznyOd>2013-04-13T00:00:00+02:00</sln:waznyOd><sln:wojIIPId>ece93e09-0215-42f3-8067-be0649f58d46</sln:wojIIPId><sln:wojIIPPn>PL.PZGIK.200</sln:wojIIPPn><sln:wojIIPWersja>2012-09-27T13:45:13+02:00</sln:wojIIPWersja><sln:wojIdTeryt>22</sln:wojIdTeryt><sln:wojNazwa>pomorskie</sln:wojNazwa></sln:miejscowosc><sln:miejscowosc><sln:cyklZyciaOd>2017-04-04T00:00:00+02:00</sln:cyklZyciaOd><sln:gmIIPId>1471bc3e-18b0-4f5e-bee3-8bc024d4e600</sln:gmIIPId><sln:gmIIPPn>PL.PZGIK.200</sln:gmIIPPn><sln:gmIIPWersja>2012-09-26T22:45:23+02:00</sln:gmIIPWersja><sln:gmIdTeryt>2203052</sln:gmIdTeryt><sln:gmNazwa>Koczała</sln:gmNazwa><sln:miejscIIPId>ae600611-7f0f-460e-905a-53c61d275faf</sln:miejscIIPId><sln:miejscIIPPn>PL.PZGIK.200</sln:miejscIIPPn><sln:miejscIIPWersja>2017-04-04T08:39:04+02:00</sln:miejscIIPWersja><sln:miejscIdTeryt>0745823</sln:miejscIdTeryt><sln:miejscNazwa>Niesiłowo</sln:miejscNazwa><sln:miejscRodzaj>Osada leśna</sln:miejscRodzaj><sln:powIIPId>a103670f-14b0-49b4-9984-e499dd7fb32e</sln:powIIPId><sln:powIIPPn>PL.PZGIK.200</sln:powIIPPn><sln:powIIPWersja>2012-09-27T09:33:51+02:00</sln:powIIPWersja><sln:powIdTeryt>2203</sln:powIdTeryt><sln:powNazwa>człuchowski</sln:powNazwa><sln:waznyOd>2013-04-13T00:00:00+02:00</sln:waznyOd><sln:wojIIPId>ece93e09-0215-42f3-8067-be0649f58d46</sln:wojIIPId><sln:wojIIPPn>PL.PZGIK.200</sln:wojIIPPn><sln:wojIIPWersja>2012-09-27T13:45:13+02:00</sln:wojIIPWersja><sln:wojIdTeryt>22</sln:wojIdTeryt><sln:wojNazwa>pomorskie</sln:wojNazwa></sln:miejscowosc><sln:miejscowosc><sln:cyklZyciaOd>2017-04-04T00:00:00+02:00</sln:cyklZyciaOd><sln:gmIIPId>1471bc3e-18b0-4f5e-bee3-8bc024d4e600</sln:gmIIPId><sln:gmIIPPn>PL.PZGIK.200</sln:gmIIPPn><sln:gmIIPWersja>2012-09-26T22:45:23+02:00</sln:gmIIPWersja><sln:gmIdTeryt>2203052</sln:gmIdTeryt><sln:gmNazwa>Koczała</sln:gmNazwa><sln:miejscIIPId>dcabc506-6347-4276-8fb2-5b10f2c6d0c6</sln:miejscIIPId><sln:miejscIIPPn>PL.PZGIK.200</sln:miejscIIPPn><sln:miejscIIPWersja>2017-04-04T08:39:04+02:00</sln:miejscIIPWersja><sln:miejscIdTeryt>0745830</sln:miejscIdTeryt><sln:miejscNazwa>Stara Brda</sln:miejscNazwa><sln:miejscRodzaj>Osada leśna</sln:miejscRodzaj><sln:powIIPId>a103670f-14b0-49b4-9984-e499dd7fb32e</sln:powIIPId><sln:powIIPPn>PL.PZGIK.200</sln:powIIPPn><sln:powIIPWersja>2012-09-27T09:33:51+02:00</sln:powIIPWersja><sln:powIdTeryt>2203</sln:powIdTeryt><sln:powNazwa>człuchowski</sln:powNazwa><sln:waznyOd>2013-04-13T00:00:00+02:00</sln:waznyOd><sln:wojIIPId>ece93e09-0215-42f3-8067-be0649f58d46</sln:wojIIPId><sln:wojIIPPn>PL.PZGIK.200</sln:wojIIPPn><sln:wojIIPWersja>2012-09-27T13:45:13+02:00</sln:wojIIPWersja><sln:wojIdTeryt>22</sln:wojIdTeryt><sln:wojNazwa>pomorskie</sln:wojNazwa></sln:miejscowosc><sln:miejscowosc><sln:cyklZyciaOd>2017-04-04T00:00:00+02:00</sln:cyklZyciaOd><sln:gmIIPId>1471bc3e-18b0-4f5e-bee3-8bc024d4e600</sln:gmIIPId><sln:gmIIPPn>PL.PZGIK.200</sln:gmIIPPn><sln:gmIIPWersja>2012-09-26T22:45:23+02:00</sln:gmIIPWersja><sln:gmIdTeryt>2203052</sln:gmIdTeryt><sln:gmNazwa>Koczała</sln:gmNazwa><sln:miejscIIPId>bd78917b-1466-4aeb-862d-318f44ba08ee</sln:miejscIIPId><sln:miejscIIPPn>PL.PZGIK.200</sln:miejscIIPPn><sln:miejscIIPWersja>2017-04-04T08:39:04+02:00</sln:miejscIIPWersja><sln:miejscIdTeryt>0745846</sln:miejscIdTeryt><sln:miejscNazwa>Stara Brda Pilska</sln:miejscNazwa><sln:miejscRodzaj>Osada</sln:miejscRodzaj><sln:powIIPId>a103670f-14b0-49b4-9984-e499dd7fb32e</sln:powIIPId><sln:powIIPPn>PL.PZGIK.200</sln:powIIPPn><sln:powIIPWersja>2012-09-27T09:33:51+02:00</sln:powIIPWersja><sln:powIdTeryt>2203</sln:powIdTeryt><sln:powNazwa>człuchowski</sln:powNazwa><sln:waznyOd>2013-04-13T00:00:00+02:00</sln:waznyOd><sln:wojIIPId>ece93e09-0215-42f3-8067-be0649f58d46</sln:wojIIPId><sln:wojIIPPn>PL.PZGIK.200</sln:wojIIPPn><sln:wojIIPWersja>2012-09-27T13:45:13+02:00</sln:wojIIPWersja><sln:wojIdTeryt>22</sln:wojIdTeryt><sln:wojNazwa>pomorskie</sln:wojNazwa></sln:miejscowosc><sln:miejscowosc><sln:cyklZyciaOd>2017-04-04T00:00:00+02:00</sln:cyklZyciaOd><sln:gmIIPId>1471bc3e-18b0-4f5e-bee3-8bc024d4e600</sln:gmIIPId><sln:gmIIPPn>PL.PZGIK.200</sln:gmIIPPn><sln:gmIIPWersja>2012-09-26T22:45:23+02:00</sln:gmIIPWersja><sln:gmIdTeryt>2203052</sln:gmIdTeryt><sln:gmNazwa>Koczała</sln:gmNazwa><sln:miejscIIPId>796ba514-3c96-4dd7-9ae1-33de611ccc6f</sln:miejscIIPId><sln:miejscIIPPn>PL.PZGIK.200</sln:miejscIIPPn><sln:miejscIIPWersja>2017-04-04T08:39:04+02:00</sln:miejscIIPWersja><sln:miejscIdTeryt>0745852</sln:miejscIdTeryt><sln:miejscNazwa>Wilkowo</sln:miejscNazwa><sln:miejscRodzaj>Osada</sln:miejscRodzaj><sln:powIIPId>a103670f-14b0-49b4-9984-e499dd7fb32e</sln:powIIPId><sln:powIIPPn>PL.PZGIK.200</sln:powIIPPn><sln:powIIPWersja>2012-09-27T09:33:51+02:00</sln:powIIPWersja><sln:powIdTeryt>2203</sln:powIdTeryt><sln:powNazwa>człuchowski</sln:powNazwa><sln:waznyOd>2013-04-13T00:00:00+02:00</sln:waznyOd><sln:wojIIPId>ece93e09-0215-42f3-8067-be0649f58d46</sln:wojIIPId><sln:wojIIPPn>PL.PZGIK.200</sln:wojIIPPn><sln:wojIIPWersja>2012-09-27T13:45:13+02:00</sln:wojIIPWersja><sln:wojIdTeryt>22</sln:wojIdTeryt><sln:wojNazwa>pomorskie</sln:wojNazwa></sln:miejscowosc><sln:miejscowosc><sln:cyklZyciaOd>2017-04-04T00:00:00+02:00</sln:cyklZyciaOd><sln:gmIIPId>1471bc3e-18b0-4f5e-bee3-8bc024d4e600</sln:gmIIPId><sln:gmIIPPn>PL.PZGIK.200</sln:gmIIPPn><sln:gmIIPWersja>2012-09-26T22:45:23+02:00</sln:gmIIPWersja><sln:gmIdTeryt>2203052</sln:gmIdTeryt><sln:gmNazwa>Koczała</sln:gmNazwa><sln:miejscIIPId>cb1cd5a2-fa36-441e-a0d0-38b3b68c34b8</sln:miejscIIPId><sln:miejscIIPPn>PL.PZGIK.200</sln:miejscIIPPn><sln:miejscIIPWersja>2017-04-04T08:39:04+02:00</sln:miejscIIPWersja><sln:miejscIdTeryt>0745869</sln:miejscIdTeryt><sln:miejscNazwa>Zapadłe</sln:miejscNazwa><sln:miejscRodzaj>Wieś</sln:miejscRodzaj><sln:powIIPId>a103670f-14b0-49b4-9984-e499dd7fb32e</sln:powIIPId><sln:powIIPPn>PL.PZGIK.200</sln:powIIPPn><sln:powIIPWersja>2012-09-27T09:33:51+02:00</sln:powIIPWersja><sln:powIdTeryt>2203</sln:powIdTeryt><sln:powNazwa>człuchowski</sln:powNazwa><sln:waznyOd>2013-04-13T00:00:00+02:00</sln:waznyOd><sln:wojIIPId>ece93e09-0215-42f3-8067-be0649f58d46</sln:wojIIPId><sln:wojIIPPn>PL.PZGIK.200</sln:wojIIPPn><sln:wojIIPWersja>2012-09-27T13:45:13+02:00</sln:wojIIPWersja><sln:wojIdTeryt>22</sln:wojIdTeryt><sln:wojNazwa>pomorskie</sln:wojNazwa></sln:miejscowosc><sln:miejscowosc><sln:cyklZyciaOd>2017-04-04T00:00:00+02:00</sln:cyklZyciaOd><sln:gmIIPId>1471bc3e-18b0-4f5e-bee3-8bc024d4e600</sln:gmIIPId><sln:gmIIPPn>PL.PZGIK.200</sln:gmIIPPn><sln:gmIIPWersja>2012-09-26T22:45:23+02:00</sln:gmIIPWersja><sln:gmIdTeryt>2203052</sln:gmIdTeryt><sln:gmNazwa>Koczała</sln:gmNazwa><sln:miejscIIPId>86e94f18-5175-4d7e-8aa2-abcdf3fac663</sln:miejscIIPId><sln:miejscIIPPn>PL.PZGIK.200</sln:miejscIIPPn><sln:miejscIIPWersja>2017-04-04T08:39:04+02:00</sln:miejscIIPWersja><sln:miejscIdTeryt>0745875</sln:miejscIdTeryt><sln:miejscNazwa>Załęże</sln:miejscNazwa><sln:miejscRodzaj>Wieś</sln:miejscRodzaj><sln:powIIPId>a103670f-14b0-49b4-9984-e499dd7fb32e</sln:powIIPId><sln:powIIPPn>PL.PZGIK.200</sln:powIIPPn><sln:powIIPWersja>2012-09-27T09:33:51+02:00</sln:powIIPWersja><sln:powIdTeryt>2203</sln:powIdTeryt><sln:powNazwa>człuchowski</sln:powNazwa><sln:waznyOd>2013-04-13T00:00:00+02:00</sln:waznyOd><sln:wojIIPId>ece93e09-0215-42f3-8067-be0649f58d46</sln:wojIIPId><sln:wojIIPPn>PL.PZGIK.200</sln:wojIIPPn><sln:wojIIPWersja>2012-09-27T13:45:13+02:00</sln:wojIIPWersja><sln:wojIdTeryt>22</sln:wojIdTeryt><sln:wojNazwa>pomorskie</sln:wojNazwa></sln:miejscowosc><sln:miejscowosc><sln:cyklZyciaOd>2017-04-04T00:00:00+02:00</sln:cyklZyciaOd><sln:gmIIPId>1471bc3e-18b0-4f5e-bee3-8bc024d4e600</sln:gmIIPId><sln:gmIIPPn>PL.PZGIK.200</sln:gmIIPPn><sln:gmIIPWersja>2012-09-26T22:45:23+02:00</sln:gmIIPWersja><sln:gmIdTeryt>2203052</sln:gmIdTeryt><sln:gmNazwa>Koczała</sln:gmNazwa><sln:miejscIIPId>5b8c9c30-0aee-4ce3-8831-a48aa6d4acdc</sln:miejscIIPId><sln:miejscIIPPn>PL.PZGIK.200</sln:miejscIIPPn><sln:miejscIIPWersja>2017-04-04T08:39:04+02:00</sln:miejscIIPWersja><sln:miejscIdTeryt>0745881</sln:miejscIdTeryt><sln:miejscNazwa>Działek</sln:miejscNazwa><sln:miejscRodzaj>Osada</sln:miejscRodzaj><sln:powIIPId>a103670f-14b0-49b4-9984-e499dd7fb32e</sln:powIIPId><sln:powIIPPn>PL.PZGIK.200</sln:powIIPPn><sln:powIIPWersja>2012-09-27T09:33:51+02:00</sln:powIIPWersja><sln:powIdTeryt>2203</sln:powIdTeryt><sln:powNazwa>człuchowski</sln:powNazwa><sln:waznyOd>2013-04-13T00:00:00+02:00</sln:waznyOd><sln:wojIIPId>ece93e09-0215-42f3-8067-be0649f58d46</sln:wojIIPId><sln:wojIIPPn>PL.PZGIK.200</sln:wojIIPPn><sln:wojIIPWersja>2012-09-27T13:45:13+02:00</sln:wojIIPWersja><sln:wojIdTeryt>22</sln:wojIdTeryt><sln:wojNazwa>pomorskie</sln:wojNazwa></sln:miejscowosc><sln:miejscowosc><sln:cyklZyciaOd>2017-04-04T00:00:00+02:00</sln:cyklZyciaOd><sln:gmIIPId>1471bc3e-18b0-4f5e-bee3-8bc024d4e600</sln:gmIIPId><sln:gmIIPPn>PL.PZGIK.200</sln:gmIIPPn><sln:gmIIPWersja>2012-09-26T22:45:23+02:00</sln:gmIIPWersja><sln:gmIdTeryt>2203052</sln:gmIdTeryt><sln:gmNazwa>Koczała</sln:gmNazwa><sln:miejscIIPId>95ce778f-1aae-450a-8e10-884b478f0de1</sln:miejscIIPId><sln:miejscIIPPn>PL.PZGIK.200</sln:miejscIIPPn><sln:miejscIIPWersja>2017-04-04T08:39:04+02:00</sln:miejscIIPWersja><sln:miejscIdTeryt>0745898</sln:miejscIdTeryt><sln:miejscNazwa>Kałka</sln:miejscNazwa><sln:miejscRodzaj>Osada leśna</sln:miejscRodzaj><sln:powIIPId>a103670f-14b0-49b4-9984-e499dd7fb32e</sln:powIIPId><sln:powIIPPn>PL.PZGIK.200</sln:powIIPPn><sln:powIIPWersja>2012-09-27T09:33:51+02:00</sln:powIIPWersja><sln:powIdTeryt>2203</sln:powIdTeryt><sln:powNazwa>człuchowski</sln:powNazwa><sln:waznyOd>2013-04-13T00:00:00+02:00</sln:waznyOd><sln:wojIIPId>ece93e09-0215-42f3-8067-be0649f58d46</sln:wojIIPId><sln:wojIIPPn>PL.PZGIK.200</sln:wojIIPPn><sln:wojIIPWersja>2012-09-27T13:45:13+02:00</sln:wojIIPWersja><sln:wojIdTeryt>22</sln:wojIdTeryt><sln:wojNazwa>pomorskie</sln:wojNazwa></sln:miejscowosc></sln:lista-miejscowosci>