<?xml version="1.0" encoding="UTF-8" standalone="yes"?><sln:lista-miejscowosci xmlns:srv="http://gugik.gov.pl/schemas/slowniki-service/1.0" xmlns:sln="http://gugik.gov.pl/schemas/slowniki-schema/1.0"><sln:miejscowosc><sln:cyklZyciaDo>2016-11-28T00:00:00+01:00</sln:cyklZyciaDo><sln:cyklZyciaOd>2014-12-10T00:00:00+01:00</sln:cyklZyciaOd><sln:gmIIPId>f3451f4f-0ca5-48f1-9d1e-8bbc8ad08076</sln:gmIIPId><sln:gmIIPPn>PL.PZGIK.200</sln:gmIIPPn><sln:gmIIPWersja>2012-09-26T22:45:43+02:00</sln:gmIIPWersja><sln:gmIdTeryt>2206011</sln:gmIdTeryt><sln:gmNazwa>Kościerzyna</sln:gmNazwa><sln:miejscIIPId>ff37bd26-fbc5-4095-83e6-388c52b02e84</sln:miejscIIPId><sln:miejscIIPPn>PL.PZGIK.200</sln:miejscIIPPn><sln:miejscIIPWersja>2016-11-24T13:28:11+02:00</sln:miejscIIPWersja><sln:miejscIdTeryt>3022061</sln:miejscIdTeryt><sln:miejscNazwa>Plebanka</sln:miejscNazwa><sln:miejscRodzaj>Inny obiekt</sln:miejscRodzaj><sln:powIIPId>5abcd674-cb07-4f48-bd7c-d098c05ecd6d</sln:powIIPId><sln:powIIPPn>PL.PZGIK.200</sln:powIIPPn><sln:powIIPWersja>2012-09-27T09:33:51+02:00</sln:powIIPWersja><sln:powIdTeryt>2206</sln:powIdTeryt><sln:powNazwa>kościerski</sln:powNazwa><sln:wojIIPId>ece93e09-0215-42f3-8067-be0649f58d46</sln:wojIIPId><sln:wojIIPPn>PL.PZGIK.200</sln:wojIIPPn><sln:wojIIPWersja>2012-09-27T13:45:13+02:00</sln:wojIIPWersja><sln:wojIdTeryt>22</sln:wojIdTeryt><sln:wojNazwa>pomorskie</sln:wojNazwa></sln:miejscowosc><sln:miejscowosc><sln:cyklZyciaDo>2016-11-28T00:00:00+01:00</sln:cyklZyciaDo><sln:cyklZyciaOd>2014-12-10T00:00:00+01:00</sln:cyklZyciaOd><sln:gmIIPId>f3451f4f-0ca5-48f1-9d1e-8bbc8ad08076</sln:gmIIPId><sln:gmIIPPn>PL.PZGIK.200</sln:gmIIPPn><sln:gmIIPWersja>2012-09-26T22:45:43+02:00</sln:gmIIPWersja><sln:gmIdTeryt>2206011</sln:gmIdTeryt><sln:gmNazwa>Kościerzyna</sln:gmNazwa><sln:miejscIIPId>c23fa4dd-5834-416b-a7c6-c3d72be553e5</sln:miejscIIPId><sln:miejscIIPPn>PL.PZGIK.200</sln:miejscIIPPn><sln:miejscIIPWersja>2016-11-24T13:32:01+02:00</sln:miejscIIPWersja><sln:miejscIdTeryt>3022142</sln:miejscIdTeryt><sln:miejscNazwa>Szosa Gdańska</sln:miejscNazwa><sln:miejscRodzaj>Inny obiekt</sln:miejscRodzaj><sln:powIIPId>5abcd674-cb07-4f48-bd7c-d098c05ecd6d</sln:powIIPId><sln:powIIPPn>PL.PZGIK.200</sln:powIIPPn><sln:powIIPWersja>2012-09-27T09:33:51+02:00</sln:powIIPWersja><sln:powIdTeryt>2206</sln:powIdTeryt><sln:powNazwa>kościerski</sln:powNazwa><sln:wojIIPId>ece93e09-0215-42f3-8067-be0649f58d46</sln:wojIIPId><sln:wojIIPPn>PL.PZGIK.200</sln:wojIIPPn><sln:wojIIPWersja>2012-09-27T13:45:13+02:00</sln:wojIIPWersja><sln:wojIdTeryt>22</sln:wojIdTeryt><sln:wojNazwa>pomorskie</sln:wojNazwa></sln:miejscowosc><sln:miejscowosc><sln:cyklZyciaDo>2016-11-28T00:00:00+01:00</sln:cyklZyciaDo><sln:cyklZyciaOd>2014-12-10T00:00:00+01:00</sln:cyklZyciaOd><sln:gmIIPId>f3451f4f-0ca5-48f1-9d1e-8bbc8ad08076</sln:gmIIPId><sln:gmIIPPn>PL.PZGIK.200</sln:gmIIPPn><sln:gmIIPWersja>2012-09-26T22:45:43+02:00</sln:gmIIPWersja><sln:gmIdTeryt>2206011</sln:gmIdTeryt><sln:gmNazwa>Kościerzyna</sln:gmNazwa><sln:miejscIIPId>a24b04f4-01ca-4d93-b0dc-59e957916199</sln:miejscIIPId><sln:miejscIIPPn>PL.PZGIK.200</sln:miejscIIPPn><sln:miejscIIPWersja>2016-11-24T13:32:42+02:00</sln:miejscIIPWersja><sln:miejscIdTeryt>3022158</sln:miejscIdTeryt><sln:miejscNazwa>Osiedle Tysiąclecia</sln:miejscNazwa><sln:miejscRodzaj>Inny obiekt</sln:miejscRodzaj><sln:powIIPId>5abcd674-cb07-4f48-bd7c-d098c05ecd6d</sln:powIIPId><sln:powIIPPn>PL.PZGIK.200</sln:powIIPPn><sln:powIIPWersja>2012-09-27T09:33:51+02:00</sln:powIIPWersja><sln:powIdTeryt>2206</sln:powIdTeryt><sln:powNazwa>kościerski</sln:powNazwa><sln:wojIIPId>ece93e09-0215-42f3-8067-be0649f58d46</sln:wojIIPId><sln:wojIIPPn>PL.PZGIK.200</sln:wojIIPPn><sln:wojIIPWersja>2012-09-27T13:45:13+02:00</sln:wojIIPWersja><sln:wojIdTeryt>22</sln:wojIdTeryt><sln:wojNazwa>pomorskie</sln:wojNazwa></sln:miejscowosc><sln:miejscowosc><sln:cyklZyciaDo>2016-11-28T00:00:00+01:00</sln:cyklZyciaDo><sln:cyklZyciaOd>2014-12-10T00:00:00+01:00</sln:cyklZyciaOd><sln:gmIIPId>f3451f4f-0ca5-48f1-9d1e-8bbc8ad08076</sln:gmIIPId><sln:gmIIPPn>PL.PZGIK.200</sln:gmIIPPn><sln:gmIIPWersja>2012-09-26T22:45:43+02:00</sln:gmIIPWersja><sln:gmIdTeryt>2206011</sln:gmIdTeryt><sln:gmNazwa>Kościerzyna</sln:gmNazwa><sln:miejscIIPId>735e5db1-f038-4d3a-940a-ec0186fef748</sln:miejscIIPId><sln:miejscIIPPn>PL.PZGIK.200</sln:miejscIIPPn><sln:miejscIIPWersja>2016-11-24T13:33:14+02:00</sln:miejscIIPWersja><sln:miejscIdTeryt>3022174</sln:miejscIdTeryt><sln:miejscNazwa>Wierzysko</sln:miejscNazwa><sln:miejscRodzaj>Inny obiekt</sln:miejscRodzaj><sln:powIIPId>5abcd674-cb07-4f48-bd7c-d098c05ecd6d</sln:powIIPId><sln:powIIPPn>PL.PZGIK.200</sln:powIIPPn><sln:powIIPWersja>2012-09-27T09:33:51+02:00</sln:powIIPWersja><sln:powIdTeryt>2206</sln:powIdTeryt><sln:powNazwa>kościerski</sln:powNazwa><sln:wojIIPId>ece93e09-0215-42f3-8067-be0649f58d46</sln:wojIIPId><sln:wojIIPPn>PL.PZGIK.200</sln:wojIIPPn><sln:wojIIPWersja>2012-09-27T13:45:13+02:00</sln:wojIIPWersja><sln:wojIdTeryt>22</sln:wojIdTeryt><sln:wojNazwa>pomorskie</sln:wojNazwa></sln:miejscowosc><sln:miejscowosc><sln:cyklZyciaDo>2016-11-28T00:00:00+01:00</sln:cyklZyciaDo><sln:cyklZyciaOd>2014-12-10T00:00:00+01:00</sln:cyklZyciaOd><sln:gmIIPId>f3451f4f-0ca5-48f1-9d1e-8bbc8ad08076</sln:gmIIPId><sln:gmIIPPn>PL.PZGIK.200</sln:gmIIPPn><sln:gmIIPWersja>2012-09-26T22:45:43+02:00</sln:gmIIPWersja><sln:gmIdTeryt>2206011</sln:gmIdTeryt><sln:gmNazwa>Kościerzyna</sln:gmNazwa><sln:miejscIIPId>1c0e0b35-977e-4347-a6b4-cc1e4b2b2c6e</sln:miejscIIPId><sln:miejscIIPPn>PL.PZGIK.200</sln:miejscIIPPn><sln:miejscIIPWersja>2016-11-24T13:32:01+02:00</sln:miejscIIPWersja><sln:miejscIdTeryt>3022145</sln:miejscIdTeryt><sln:miejscNazwa>Szydlice</sln:miejscNazwa><sln:miejscRodzaj>Inny obiekt</sln:miejscRodzaj><sln:powIIPId>5abcd674-cb07-4f48-bd7c-d098c05ecd6d</sln:powIIPId><sln:powIIPPn>PL.PZGIK.200</sln:powIIPPn><sln:powIIPWersja>2012-09-27T09:33:51+02:00</sln:powIIPWersja><sln:powIdTeryt>2206</sln:powIdTeryt><sln:powNazwa>kościerski</sln:powNazwa><sln:wojIIPId>ece93e09-0215-42f3-8067-be0649f58d46</sln:wojIIPId><sln:wojIIPPn>PL.PZGIK.200</sln:wojIIPPn><sln:wojIIPWersja>2012-09-27T13:45:13+02:00</sln:wojIIPWersja><sln:wojIdTeryt>22</sln:wojIdTeryt><sln:wojNazwa>pomorskie</sln:wojNazwa></sln:miejscowosc><sln:miejscowosc><sln:cyklZyciaDo>2016-11-28T00:00:00+01:00</sln:cyklZyciaDo><sln:cyklZyciaOd>2014-12-10T00:00:00+01:00</sln:cyklZyciaOd><sln:gmIIPId>f3451f4f-0ca5-48f1-9d1e-8bbc8ad08076</sln:gmIIPId><sln:gmIIPPn>PL.PZGIK.200</sln:gmIIPPn><sln:gmIIPWersja>2012-09-26T22:45:43+02:00</sln:gmIIPWersja><sln:gmIdTeryt>2206011</sln:gmIdTeryt><sln:gmNazwa>Kościerzyna</sln:gmNazwa><sln:miejscIIPId>0f629e67-53a5-4598-acd1-65860f9fdde9</sln:miejscIIPId><sln:miejscIIPPn>PL.PZGIK.200</sln:miejscIIPPn><sln:miejscIIPWersja>2016-11-24T13:33:52+02:00</sln:miejscIIPWersja><sln:miejscIdTeryt>3022185</sln:miejscIdTeryt><sln:miejscNazwa>Wybudowanie pod Klincz</sln:miejscNazwa><sln:miejscRodzaj>Inny obiekt</sln:miejscRodzaj><sln:powIIPId>5abcd674-cb07-4f48-bd7c-d098c05ecd6d</sln:powIIPId><sln:powIIPPn>PL.PZGIK.200</sln:powIIPPn><sln:powIIPWersja>2012-09-27T09:33:51+02:00</sln:powIIPWersja><sln:powIdTeryt>2206</sln:powIdTeryt><sln:powNazwa>kościerski</sln:powNazwa><sln:wojIIPId>ece93e09-0215-42f3-8067-be0649f58d46</sln:wojIIPId><sln:wojIIPPn>PL.PZGIK.200</sln:wojIIPPn><sln:wojIIPWersja>2012-09-27T13:45:13+02:00</sln:wojIIPWersja><sln:wojIdTeryt>22</sln:wojIdTeryt><sln:wojNazwa>pomorskie</sln:wojNazwa></sln:miejscowosc><sln:miejscowosc><sln:cyklZyciaDo>2016-11-28T00:00:00+01:00</sln:cyklZyciaDo><sln:cyklZyciaOd>2014-12-10T00:00:00+01:00</sln:cyklZyciaOd><sln:gmIIPId>f3451f4f-0ca5-48f1-9d1e-8bbc8ad08076</sln:gmIIPId><sln:gmIIPPn>PL.PZGIK.200</sln:gmIIPPn><sln:gmIIPWersja>2012-09-26T22:45:43+02:00</sln:gmIIPWersja><sln:gmIdTeryt>2206011</sln:gmIdTeryt><sln:gmNazwa>Kościerzyna</sln:gmNazwa><sln:miejscIIPId>e5cf8c6b-e5c0-4f4e-a4c9-97943442f7b1</sln:miejscIIPId><sln:miejscIIPPn>PL.PZGIK.200</sln:miejscIIPPn><sln:miejscIIPWersja>2016-11-24T13:56:02+02:00</sln:miejscIIPWersja><sln:miejscIdTeryt>0934582</sln:miejscIdTeryt><sln:miejscNazwa>Strzelnica</sln:miejscNazwa><sln:miejscRodzaj>Inny obiekt</sln:miejscRodzaj><sln:powIIPId>5abcd674-cb07-4f48-bd7c-d098c05ecd6d</sln:powIIPId><sln:powIIPPn>PL.PZGIK.200</sln:powIIPPn><sln:powIIPWersja>2012-09-27T09:33:51+02:00</sln:powIIPWersja><sln:powIdTeryt>2206</sln:powIdTeryt><sln:powNazwa>kościerski</sln:powNazwa><sln:wojIIPId>ece93e09-0215-42f3-8067-be0649f58d46</sln:wojIIPId><sln:wojIIPPn>PL.PZGIK.200</sln:wojIIPPn><sln:wojIIPWersja>2012-09-27T13:45:13+02:00</sln:wojIIPWersja><sln:wojIdTeryt>22</sln:wojIdTeryt><sln:wojNazwa>pomorskie</sln:wojNazwa></sln:miejscowosc><sln:miejscowosc><sln:cyklZyciaDo>2016-11-28T00:00:00+01:00</sln:cyklZyciaDo><sln:cyklZyciaOd>2014-12-10T00:00:00+01:00</sln:cyklZyciaOd><sln:gmIIPId>f3451f4f-0ca5-48f1-9d1e-8bbc8ad08076</sln:gmIIPId><sln:gmIIPPn>PL.PZGIK.200</sln:gmIIPPn><sln:gmIIPWersja>2012-09-26T22:45:43+02:00</sln:gmIIPWersja><sln:gmIdTeryt>2206011</sln:gmIdTeryt><sln:gmNazwa>Kościerzyna</sln:gmNazwa><sln:miejscIIPId>a728752a-678b-4f0c-acd4-fda8a40ece6c</sln:miejscIIPId><sln:miejscIIPPn>PL.PZGIK.200</sln:miejscIIPPn><sln:miejscIIPWersja>2016-11-24T13:33:55+02:00</sln:miejscIIPWersja><sln:miejscIdTeryt>3022184</sln:miejscIdTeryt><sln:miejscNazwa>Wybudowanie Pod Skorzewo</sln:miejscNazwa><sln:miejscRodzaj>Inny obiekt</sln:miejscRodzaj><sln:powIIPId>5abcd674-cb07-4f48-bd7c-d098c05ecd6d</sln:powIIPId><sln:powIIPPn>PL.PZGIK.200</sln:powIIPPn><sln:powIIPWersja>2012-09-27T09:33:51+02:00</sln:powIIPWersja><sln:powIdTeryt>2206</sln:powIdTeryt><sln:powNazwa>kościerski</sln:powNazwa><sln:wojIIPId>ece93e09-0215-42f3-8067-be0649f58d46</sln:wojIIPId><sln:wojIIPPn>PL.PZGIK.200</sln:wojIIPPn><sln:wojIIPWersja>2012-09-27T13:45:13+02:00</sln:wojIIPWersja><sln:wojIdTeryt>22</sln:wojIdTeryt><sln:wojNazwa>pomorskie</sln:wojNazwa></sln:miejscowosc><sln:miejscowosc><sln:cyklZyciaDo>2016-11-28T00:00:00+01:00</sln:cyklZyciaDo><sln:cyklZyciaOd>2014-12-10T00:00:00+01:00</sln:cyklZyciaOd><sln:gmIIPId>f3451f4f-0ca5-48f1-9d1e-8bbc8ad08076</sln:gmIIPId><sln:gmIIPPn>PL.PZGIK.200</sln:gmIIPPn><sln:gmIIPWersja>2012-09-26T22:45:43+02:00</sln:gmIIPWersja><sln:gmIdTeryt>2206011</sln:gmIdTeryt><sln:gmNazwa>Kościerzyna</sln:gmNazwa><sln:miejscIIPId>b307777c-188f-4f64-b168-10bba892db51</sln:miejscIIPId><sln:miejscIIPPn>PL.PZGIK.200</sln:miejscIIPPn><sln:miejscIIPWersja>2016-11-24T13:56:02+02:00</sln:miejscIIPWersja><sln:miejscIdTeryt>0934560</sln:miejscIdTeryt><sln:miejscNazwa>Cegielnia</sln:miejscNazwa><sln:miejscRodzaj>Inny obiekt</sln:miejscRodzaj><sln:powIIPId>5abcd674-cb07-4f48-bd7c-d098c05ecd6d</sln:powIIPId><sln:powIIPPn>PL.PZGIK.200</sln:powIIPPn><sln:powIIPWersja>2012-09-27T09:33:51+02:00</sln:powIIPWersja><sln:powIdTeryt>2206</sln:powIdTeryt><sln:powNazwa>kościerski</sln:powNazwa><sln:wojIIPId>ece93e09-0215-42f3-8067-be0649f58d46</sln:wojIIPId><sln:wojIIPPn>PL.PZGIK.200</sln:wojIIPPn><sln:wojIIPWersja>2012-09-27T13:45:13+02:00</sln:wojIIPWersja><sln:wojIdTeryt>22</sln:wojIdTeryt><sln:wojNazwa>pomorskie</sln:wojNazwa></sln:miejscowosc><sln:miejscowosc><sln:cyklZyciaDo>2016-11-28T00:00:00+01:00</sln:cyklZyciaDo><sln:cyklZyciaOd>2014-12-10T00:00:00+01:00</sln:cyklZyciaOd><sln:gmIIPId>f3451f4f-0ca5-48f1-9d1e-8bbc8ad08076</sln:gmIIPId><sln:gmIIPPn>PL.PZGIK.200</sln:gmIIPPn><sln:gmIIPWersja>2012-09-26T22:45:43+02:00</sln:gmIIPWersja><sln:gmIdTeryt>2206011</sln:gmIdTeryt><sln:gmNazwa>Kościerzyna</sln:gmNazwa><sln:miejscIIPId>bdf73965-e39f-4cd0-ad65-42332c08eb2d</sln:miejscIIPId><sln:miejscIIPPn>PL.PZGIK.200</sln:miejscIIPPn><sln:miejscIIPWersja>2016-11-24T13:56:02+02:00</sln:miejscIIPWersja><sln:miejscIdTeryt>0934576</sln:miejscIdTeryt><sln:miejscNazwa>Markubowo</sln:miejscNazwa><sln:miejscRodzaj>Inny obiekt</sln:miejscRodzaj><sln:powIIPId>5abcd674-cb07-4f48-bd7c-d098c05ecd6d</sln:powIIPId><sln:powIIPPn>PL.PZGIK.200</sln:powIIPPn><sln:powIIPWersja>2012-09-27T09:33:51+02:00</sln:powIIPWersja><sln:powIdTeryt>2206</sln:powIdTeryt><sln:powNazwa>kościerski</sln:powNazwa><sln:wojIIPId>ece93e09-0215-42f3-8067-be0649f58d46</sln:wojIIPId><sln:wojIIPPn>PL.PZGIK.200</sln:wojIIPPn><sln:wojIIPWersja>2012-09-27T13:45:13+02:00</sln:wojIIPWersja><sln:wojIdTeryt>22</sln:wojIdTeryt><sln:wojNazwa>pomorskie</sln:wojNazwa></sln:miejscowosc><sln:miejscowosc><sln:cyklZyciaDo>2016-11-28T00:00:00+01:00</sln:cyklZyciaDo><sln:cyklZyciaOd>2014-12-10T00:00:00+01:00</sln:cyklZyciaOd><sln:gmIIPId>f3451f4f-0ca5-48f1-9d1e-8bbc8ad08076</sln:gmIIPId><sln:gmIIPPn>PL.PZGIK.200</sln:gmIIPPn><sln:gmIIPWersja>2012-09-26T22:45:43+02:00</sln:gmIIPWersja><sln:gmIdTeryt>2206011</sln:gmIdTeryt><sln:gmNazwa>Kościerzyna</sln:gmNazwa><sln:miejscIIPId>9f1077d1-53a3-4a94-803e-65496433f755</sln:miejscIIPId><sln:miejscIIPPn>PL.PZGIK.200</sln:miejscIIPPn><sln:miejscIIPWersja>2016-11-24T13:44:00+02:00</sln:miejscIIPWersja><sln:miejscIdTeryt>3022453</sln:miejscIdTeryt><sln:miejscNazwa>Osiedle za Dworcem</sln:miejscNazwa><sln:miejscRodzaj>Inny obiekt</sln:miejscRodzaj><sln:powIIPId>5abcd674-cb07-4f48-bd7c-d098c05ecd6d</sln:powIIPId><sln:powIIPPn>PL.PZGIK.200</sln:powIIPPn><sln:powIIPWersja>2012-09-27T09:33:51+02:00</sln:powIIPWersja><sln:powIdTeryt>2206</sln:powIdTeryt><sln:powNazwa>kościerski</sln:powNazwa><sln:wojIIPId>ece93e09-0215-42f3-8067-be0649f58d46</sln:wojIIPId><sln:wojIIPPn>PL.PZGIK.200</sln:wojIIPPn><sln:wojIIPWersja>2012-09-27T13:45:13+02:00</sln:wojIIPWersja><sln:wojIdTeryt>22</sln:wojIdTeryt><sln:wojNazwa>pomorskie</sln:wojNazwa></sln:miejscowosc><sln:miejscowosc><sln:cyklZyciaOd>2014-12-10T00:00:00+01:00</sln:cyklZyciaOd><sln:gmIIPId>f3451f4f-0ca5-48f1-9d1e-8bbc8ad08076</sln:gmIIPId><sln:gmIIPPn>PL.PZGIK.200</sln:gmIIPPn><sln:gmIIPWersja>2012-09-26T22:45:43+02:00</sln:gmIIPWersja><sln:gmIdTeryt>2206011</sln:gmIdTeryt><sln:gmNazwa>Kościerzyna</sln:gmNazwa><sln:miejscIIPId>6fe36c91-ce97-465c-b41f-70cebb49cd18</sln:miejscIIPId><sln:miejscIIPPn>PL.PZGIK.200</sln:miejscIIPPn><sln:miejscIIPWersja>2016-11-24T13:39:58+02:00</sln:miejscIIPWersja><sln:miejscIdTeryt>0934553</sln:miejscIdTeryt><sln:miejscNazwa>Kościerzyna</sln:miejscNazwa><sln:miejscRodzaj>Miasto</sln:miejscRodzaj><sln:powIIPId>5abcd674-cb07-4f48-bd7c-d098c05ecd6d</sln:powIIPId><sln:powIIPPn>PL.PZGIK.200</sln:powIIPPn><sln:powIIPWersja>2012-09-27T09:33:51+02:00</sln:powIIPWersja><sln:powIdTeryt>2206</sln:powIdTeryt><sln:powNazwa>kościerski</sln:powNazwa><sln:wojIIPId>ece93e09-0215-42f3-8067-be0649f58d46</sln:wojIIPId><sln:wojIIPPn>PL.PZGIK.200</sln:wojIIPPn><sln:wojIIPWersja>2012-09-27T13:45:13+02:00</sln:wojIIPWersja><sln:wojIdTeryt>22</sln:wojIdTeryt><sln:wojNazwa>pomorskie</sln:wojNazwa></sln:miejscowosc><sln:miejscowosc><sln:cyklZyciaDo>2016-11-28T00:00:00+01:00</sln:cyklZyciaDo><sln:cyklZyciaOd>2014-12-10T00:00:00+01:00</sln:cyklZyciaOd><sln:gmIIPId>f3451f4f-0ca5-48f1-9d1e-8bbc8ad08076</sln:gmIIPId><sln:gmIIPPn>PL.PZGIK.200</sln:gmIIPPn><sln:gmIIPWersja>2012-09-26T22:45:43+02:00</sln:gmIIPWersja><sln:gmIdTeryt>2206011</sln:gmIdTeryt><sln:gmNazwa>Kościerzyna</sln:gmNazwa><sln:miejscIIPId>02f4389b-466c-4a21-a6c5-71376d176a54</sln:miejscIIPId><sln:miejscIIPPn>PL.PZGIK.200</sln:miejscIIPPn><sln:miejscIIPWersja>2016-11-24T13:41:18+02:00</sln:miejscIIPWersja><sln:miejscIdTeryt>3022396</sln:miejscIdTeryt><sln:miejscNazwa>Ludwikowo</sln:miejscNazwa><sln:miejscRodzaj>Inny obiekt</sln:miejscRodzaj><sln:powIIPId>5abcd674-cb07-4f48-bd7c-d098c05ecd6d</sln:powIIPId><sln:powIIPPn>PL.PZGIK.200</sln:powIIPPn><sln:powIIPWersja>2012-09-27T09:33:51+02:00</sln:powIIPWersja><sln:powIdTeryt>2206</sln:powIdTeryt><sln:powNazwa>kościerski</sln:powNazwa><sln:wojIIPId>ece93e09-0215-42f3-8067-be0649f58d46</sln:wojIIPId><sln:wojIIPPn>PL.PZGIK.200</sln:wojIIPPn><sln:wojIIPWersja>2012-09-27T13:45:13+02:00</sln:wojIIPWersja><sln:wojIdTeryt>22</sln:wojIdTeryt><sln:wojNazwa>pomorskie</sln:wojNazwa></sln:miejscowosc><sln:miejscowosc><sln:cyklZyciaDo>2016-11-28T00:00:00+01:00</sln:cyklZyciaDo><sln:cyklZyciaOd>2014-12-10T00:00:00+01:00</sln:cyklZyciaOd><sln:gmIIPId>f3451f4f-0ca5-48f1-9d1e-8bbc8ad08076</sln:gmIIPId><sln:gmIIPPn>PL.PZGIK.200</sln:gmIIPPn><sln:gmIIPWersja>2012-09-26T22:45:43+02:00</sln:gmIIPWersja><sln:gmIdTeryt>2206011</sln:gmIdTeryt><sln:gmNazwa>Kościerzyna</sln:gmNazwa><sln:miejscIIPId>e3619d7c-c99c-4176-b691-febeaaa55271</sln:miejscIIPId><sln:miejscIIPPn>PL.PZGIK.200</sln:miejscIIPPn><sln:miejscIIPWersja>2016-11-24T13:32:22+02:00</sln:miejscIIPWersja><sln:miejscIdTeryt>3022152</sln:miejscIdTeryt><sln:miejscNazwa>Osiedle Tomasza Rogali</sln:miejscNazwa><sln:miejscRodzaj>Inny obiekt</sln:miejscRodzaj><sln:powIIPId>5abcd674-cb07-4f48-bd7c-d098c05ecd6d</sln:powIIPId><sln:powIIPPn>PL.PZGIK.200</sln:powIIPPn><sln:powIIPWersja>2012-09-27T09:33:51+02:00</sln:powIIPWersja><sln:powIdTeryt>2206</sln:powIdTeryt><sln:powNazwa>kościerski</sln:powNazwa><sln:wojIIPId>ece93e09-0215-42f3-8067-be0649f58d46</sln:wojIIPId><sln:wojIIPPn>PL.PZGIK.200</sln:wojIIPPn><sln:wojIIPWersja>2012-09-27T13:45:13+02:00</sln:wojIIPWersja><sln:wojIdTeryt>22</sln:wojIdTeryt><sln:wojNazwa>pomorskie</sln:wojNazwa></sln:miejscowosc></sln:lista-miejscowosci>