<?xml version="1.0" encoding="UTF-8" standalone="yes"?><sln:lista-miejscowosci xmlns:srv="http://gugik.gov.pl/schemas/slowniki-service/1.0" xmlns:sln="http://gugik.gov.pl/schemas/slowniki-schema/1.0"><sln:miejscowosc><sln:cyklZyciaDo>2017-04-04T00:00:00+02:00</sln:cyklZyciaDo><sln:cyklZyciaOd>2016-01-27T00:00:00+01:00</sln:cyklZyciaOd><sln:gmIIPId>edacdf68-d9fb-4aee-a37a-e46e8292b606</sln:gmIIPId><sln:gmIIPPn>PL.PZGIK.200</sln:gmIIPPn><sln:gmIIPWersja>2012-09-26T22:45:34+02:00</sln:gmIIPWersja><sln:gmIdTeryt>2208021</sln:gmIdTeryt><sln:gmNazwa>Łeba</sln:gmNazwa><sln:miejscIIPId>100d71ff-18b4-4e97-92ac-c5ebd32e3418</sln:miejscIIPId><sln:miejscIIPPn>PL.PZGIK.200</sln:miejscIIPPn><sln:miejscIIPWersja>2016-11-24T13:18:21+02:00</sln:miejscIIPWersja><sln:miejscIdTeryt>0977380</sln:miejscIdTeryt><sln:miejscNazwa>Łeba</sln:miejscNazwa><sln:miejscRodzaj>Miasto</sln:miejscRodzaj><sln:powIIPId>b8605dfe-9922-4df2-9142-da836fb49b1c</sln:powIIPId><sln:powIIPPn>PL.PZGIK.200</sln:powIIPPn><sln:powIIPWersja>2012-09-27T09:33:51+02:00</sln:powIIPWersja><sln:powIdTeryt>2208</sln:powIdTeryt><sln:powNazwa>lęborski</sln:powNazwa><sln:waznyOd>2013-02-13T00:00:00+01:00</sln:waznyOd><sln:wojIIPId>ece93e09-0215-42f3-8067-be0649f58d46</sln:wojIIPId><sln:wojIIPPn>PL.PZGIK.200</sln:wojIIPPn><sln:wojIIPWersja>2012-09-27T13:45:13+02:00</sln:wojIIPWersja><sln:wojIdTeryt>22</sln:wojIdTeryt><sln:wojNazwa>pomorskie</sln:wojNazwa></sln:miejscowosc><sln:miejscowosc><sln:cyklZyciaOd>2017-04-04T00:00:00+02:00</sln:cyklZyciaOd><sln:gmIIPId>edacdf68-d9fb-4aee-a37a-e46e8292b606</sln:gmIIPId><sln:gmIIPPn>PL.PZGIK.200</sln:gmIIPPn><sln:gmIIPWersja>2012-09-26T22:45:34+02:00</sln:gmIIPWersja><sln:gmIdTeryt>2208021</sln:gmIdTeryt><sln:gmNazwa>Łeba</sln:gmNazwa><sln:miejscIIPId>100d71ff-18b4-4e97-92ac-c5ebd32e3418</sln:miejscIIPId><sln:miejscIIPPn>PL.PZGIK.200</sln:miejscIIPPn><sln:miejscIIPWersja>2017-04-04T12:50:02+02:00</sln:miejscIIPWersja><sln:miejscIdTeryt>0977380</sln:miejscIdTeryt><sln:miejscNazwa>Łeba</sln:miejscNazwa><sln:miejscRodzaj>Miasto</sln:miejscRodzaj><sln:powIIPId>b8605dfe-9922-4df2-9142-da836fb49b1c</sln:powIIPId><sln:powIIPPn>PL.PZGIK.200</sln:powIIPPn><sln:powIIPWersja>2012-09-27T09:33:51+02:00</sln:powIIPWersja><sln:powIdTeryt>2208</sln:powIdTeryt><sln:powNazwa>lęborski</sln:powNazwa><sln:waznyOd>2013-02-13T00:00:00+01:00</sln:waznyOd><sln:wojIIPId>ece93e09-0215-42f3-8067-be0649f58d46</sln:wojIIPId><sln:wojIIPPn>PL.PZGIK.200</sln:wojIIPPn><sln:wojIIPWersja>2012-09-27T13:45:13+02:00</sln:wojIIPWersja><sln:wojIdTeryt>22</sln:wojIdTeryt><sln:wojNazwa>pomorskie</sln:wojNazwa></sln:miejscowosc></sln:lista-miejscowosci>