<?xml version="1.0" encoding="UTF-8" standalone="yes"?><sln:lista-miejscowosci xmlns:srv="http://gugik.gov.pl/schemas/slowniki-service/1.0" xmlns:sln="http://gugik.gov.pl/schemas/slowniki-schema/1.0"><sln:miejscowosc><sln:cyklZyciaDo>2017-04-04T00:00:00+02:00</sln:cyklZyciaDo><sln:cyklZyciaOd>2015-11-13T00:00:00+01:00</sln:cyklZyciaOd><sln:gmIIPId>8695e201-407e-4587-90c8-b7ca011c124d</sln:gmIIPId><sln:gmIIPPn>PL.PZGIK.200</sln:gmIIPPn><sln:gmIIPWersja>2012-09-26T22:46:31+02:00</sln:gmIIPWersja><sln:gmIdTeryt>2215092</sln:gmIdTeryt><sln:gmNazwa>Szemud</sln:gmNazwa><sln:miejscIIPId>d5494777-8ca9-4168-8450-b64cbaff75d6</sln:miejscIIPId><sln:miejscIIPPn>PL.PZGIK.200</sln:miejscIIPPn><sln:miejscIIPWersja>2016-11-24T09:30:26+02:00</sln:miejscIIPWersja><sln:miejscIdTeryt>0175060</sln:miejscIdTeryt><sln:miejscNazwa>Będargowo</sln:miejscNazwa><sln:miejscRodzaj>Wieś</sln:miejscRodzaj><sln:powIIPId>c2d26b98-7beb-464c-b95a-f466e058aa4f</sln:powIIPId><sln:powIIPPn>PL.PZGIK.200</sln:powIIPPn><sln:powIIPWersja>2012-09-27T09:33:51+02:00</sln:powIIPWersja><sln:powIdTeryt>2215</sln:powIdTeryt><sln:powNazwa>wejherowski</sln:powNazwa><sln:waznyOd>2011-08-31T00:00:00+02:00</sln:waznyOd><sln:wojIIPId>ece93e09-0215-42f3-8067-be0649f58d46</sln:wojIIPId><sln:wojIIPPn>PL.PZGIK.200</sln:wojIIPPn><sln:wojIIPWersja>2012-09-27T13:45:13+02:00</sln:wojIIPWersja><sln:wojIdTeryt>22</sln:wojIdTeryt><sln:wojNazwa>pomorskie</sln:wojNazwa></sln:miejscowosc><sln:miejscowosc><sln:cyklZyciaDo>2017-04-04T00:00:00+02:00</sln:cyklZyciaDo><sln:cyklZyciaOd>2015-11-13T00:00:00+01:00</sln:cyklZyciaOd><sln:gmIIPId>8695e201-407e-4587-90c8-b7ca011c124d</sln:gmIIPId><sln:gmIIPPn>PL.PZGIK.200</sln:gmIIPPn><sln:gmIIPWersja>2012-09-26T22:46:31+02:00</sln:gmIIPWersja><sln:gmIdTeryt>2215092</sln:gmIdTeryt><sln:gmNazwa>Szemud</sln:gmNazwa><sln:miejscIIPId>c4c0c54f-6b08-4701-a4fe-55485b694287</sln:miejscIIPId><sln:miejscIIPPn>PL.PZGIK.200</sln:miejscIIPPn><sln:miejscIIPWersja>2016-11-24T09:30:26+02:00</sln:miejscIIPWersja><sln:miejscIdTeryt>0175120</sln:miejscIdTeryt><sln:miejscNazwa>Bojano</sln:miejscNazwa><sln:miejscRodzaj>Wieś</sln:miejscRodzaj><sln:powIIPId>c2d26b98-7beb-464c-b95a-f466e058aa4f</sln:powIIPId><sln:powIIPPn>PL.PZGIK.200</sln:powIIPPn><sln:powIIPWersja>2012-09-27T09:33:51+02:00</sln:powIIPWersja><sln:powIdTeryt>2215</sln:powIdTeryt><sln:powNazwa>wejherowski</sln:powNazwa><sln:waznyOd>2011-08-31T00:00:00+02:00</sln:waznyOd><sln:wojIIPId>ece93e09-0215-42f3-8067-be0649f58d46</sln:wojIIPId><sln:wojIIPPn>PL.PZGIK.200</sln:wojIIPPn><sln:wojIIPWersja>2012-09-27T13:45:13+02:00</sln:wojIIPWersja><sln:wojIdTeryt>22</sln:wojIdTeryt><sln:wojNazwa>pomorskie</sln:wojNazwa></sln:miejscowosc><sln:miejscowosc><sln:cyklZyciaDo>2017-04-04T00:00:00+02:00</sln:cyklZyciaDo><sln:cyklZyciaOd>2015-11-13T00:00:00+01:00</sln:cyklZyciaOd><sln:gmIIPId>8695e201-407e-4587-90c8-b7ca011c124d</sln:gmIIPId><sln:gmIIPPn>PL.PZGIK.200</sln:gmIIPPn><sln:gmIIPWersja>2012-09-26T22:46:31+02:00</sln:gmIIPWersja><sln:gmIdTeryt>2215092</sln:gmIdTeryt><sln:gmNazwa>Szemud</sln:gmNazwa><sln:miejscIIPId>8bf2fea1-5f25-4f5a-be71-e84a6d740010</sln:miejscIIPId><sln:miejscIIPPn>PL.PZGIK.200</sln:miejscIIPPn><sln:miejscIIPWersja>2016-11-24T09:30:26+02:00</sln:miejscIIPWersja><sln:miejscIdTeryt>0175142</sln:miejscIdTeryt><sln:miejscNazwa>Częstkowo</sln:miejscNazwa><sln:miejscRodzaj>Wieś</sln:miejscRodzaj><sln:powIIPId>c2d26b98-7beb-464c-b95a-f466e058aa4f</sln:powIIPId><sln:powIIPPn>PL.PZGIK.200</sln:powIIPPn><sln:powIIPWersja>2012-09-27T09:33:51+02:00</sln:powIIPWersja><sln:powIdTeryt>2215</sln:powIdTeryt><sln:powNazwa>wejherowski</sln:powNazwa><sln:waznyOd>2011-08-31T00:00:00+02:00</sln:waznyOd><sln:wojIIPId>ece93e09-0215-42f3-8067-be0649f58d46</sln:wojIIPId><sln:wojIIPPn>PL.PZGIK.200</sln:wojIIPPn><sln:wojIIPWersja>2012-09-27T13:45:13+02:00</sln:wojIIPWersja><sln:wojIdTeryt>22</sln:wojIdTeryt><sln:wojNazwa>pomorskie</sln:wojNazwa></sln:miejscowosc><sln:miejscowosc><sln:cyklZyciaDo>2017-04-04T00:00:00+02:00</sln:cyklZyciaDo><sln:cyklZyciaOd>2015-11-13T00:00:00+01:00</sln:cyklZyciaOd><sln:gmIIPId>8695e201-407e-4587-90c8-b7ca011c124d</sln:gmIIPId><sln:gmIIPPn>PL.PZGIK.200</sln:gmIIPPn><sln:gmIIPWersja>2012-09-26T22:46:31+02:00</sln:gmIIPWersja><sln:gmIdTeryt>2215092</sln:gmIdTeryt><sln:gmNazwa>Szemud</sln:gmNazwa><sln:miejscIIPId>93e6cde6-2972-4e5f-a027-6e3e31079e09</sln:miejscIIPId><sln:miejscIIPPn>PL.PZGIK.200</sln:miejscIIPPn><sln:miejscIIPWersja>2016-11-24T09:30:26+02:00</sln:miejscIIPWersja><sln:miejscIdTeryt>0175188</sln:miejscIdTeryt><sln:miejscNazwa>Dobrzewino</sln:miejscNazwa><sln:miejscRodzaj>Wieś</sln:miejscRodzaj><sln:powIIPId>c2d26b98-7beb-464c-b95a-f466e058aa4f</sln:powIIPId><sln:powIIPPn>PL.PZGIK.200</sln:powIIPPn><sln:powIIPWersja>2012-09-27T09:33:51+02:00</sln:powIIPWersja><sln:powIdTeryt>2215</sln:powIdTeryt><sln:powNazwa>wejherowski</sln:powNazwa><sln:waznyOd>2011-08-31T00:00:00+02:00</sln:waznyOd><sln:wojIIPId>ece93e09-0215-42f3-8067-be0649f58d46</sln:wojIIPId><sln:wojIIPPn>PL.PZGIK.200</sln:wojIIPPn><sln:wojIIPWersja>2012-09-27T13:45:13+02:00</sln:wojIIPWersja><sln:wojIdTeryt>22</sln:wojIdTeryt><sln:wojNazwa>pomorskie</sln:wojNazwa></sln:miejscowosc><sln:miejscowosc><sln:cyklZyciaDo>2017-04-04T00:00:00+02:00</sln:cyklZyciaDo><sln:cyklZyciaOd>2015-11-13T00:00:00+01:00</sln:cyklZyciaOd><sln:gmIIPId>8695e201-407e-4587-90c8-b7ca011c124d</sln:gmIIPId><sln:gmIIPPn>PL.PZGIK.200</sln:gmIIPPn><sln:gmIIPWersja>2012-09-26T22:46:31+02:00</sln:gmIIPWersja><sln:gmIdTeryt>2215092</sln:gmIdTeryt><sln:gmNazwa>Szemud</sln:gmNazwa><sln:miejscIIPId>00dbb9b3-d55b-42b0-bad7-bfd232e4841f</sln:miejscIIPId><sln:miejscIIPPn>PL.PZGIK.200</sln:miejscIIPPn><sln:miejscIIPWersja>2016-11-24T09:30:26+02:00</sln:miejscIIPWersja><sln:miejscIdTeryt>0175490</sln:miejscIdTeryt><sln:miejscNazwa>Donimierz</sln:miejscNazwa><sln:miejscRodzaj>Wieś</sln:miejscRodzaj><sln:powIIPId>c2d26b98-7beb-464c-b95a-f466e058aa4f</sln:powIIPId><sln:powIIPPn>PL.PZGIK.200</sln:powIIPPn><sln:powIIPWersja>2012-09-27T09:33:51+02:00</sln:powIIPWersja><sln:powIdTeryt>2215</sln:powIdTeryt><sln:powNazwa>wejherowski</sln:powNazwa><sln:waznyOd>2011-08-31T00:00:00+02:00</sln:waznyOd><sln:wojIIPId>ece93e09-0215-42f3-8067-be0649f58d46</sln:wojIIPId><sln:wojIIPPn>PL.PZGIK.200</sln:wojIIPPn><sln:wojIIPWersja>2012-09-27T13:45:13+02:00</sln:wojIIPWersja><sln:wojIdTeryt>22</sln:wojIdTeryt><sln:wojNazwa>pomorskie</sln:wojNazwa></sln:miejscowosc><sln:miejscowosc><sln:cyklZyciaDo>2017-04-04T00:00:00+02:00</sln:cyklZyciaDo><sln:cyklZyciaOd>2015-11-13T00:00:00+01:00</sln:cyklZyciaOd><sln:gmIIPId>8695e201-407e-4587-90c8-b7ca011c124d</sln:gmIIPId><sln:gmIIPPn>PL.PZGIK.200</sln:gmIIPPn><sln:gmIIPWersja>2012-09-26T22:46:31+02:00</sln:gmIIPWersja><sln:gmIdTeryt>2215092</sln:gmIdTeryt><sln:gmNazwa>Szemud</sln:gmNazwa><sln:miejscIIPId>f9ea85d6-8783-4524-a4e1-36f182ecd719</sln:miejscIIPId><sln:miejscIIPPn>PL.PZGIK.200</sln:miejscIIPPn><sln:miejscIIPWersja>2016-11-24T09:30:26+02:00</sln:miejscIIPWersja><sln:miejscIdTeryt>0175219</sln:miejscIdTeryt><sln:miejscNazwa>Głazica</sln:miejscNazwa><sln:miejscRodzaj>Wieś</sln:miejscRodzaj><sln:powIIPId>c2d26b98-7beb-464c-b95a-f466e058aa4f</sln:powIIPId><sln:powIIPPn>PL.PZGIK.200</sln:powIIPPn><sln:powIIPWersja>2012-09-27T09:33:51+02:00</sln:powIIPWersja><sln:powIdTeryt>2215</sln:powIdTeryt><sln:powNazwa>wejherowski</sln:powNazwa><sln:waznyOd>2011-08-31T00:00:00+02:00</sln:waznyOd><sln:wojIIPId>ece93e09-0215-42f3-8067-be0649f58d46</sln:wojIIPId><sln:wojIIPPn>PL.PZGIK.200</sln:wojIIPPn><sln:wojIIPWersja>2012-09-27T13:45:13+02:00</sln:wojIIPWersja><sln:wojIdTeryt>22</sln:wojIdTeryt><sln:wojNazwa>pomorskie</sln:wojNazwa></sln:miejscowosc><sln:miejscowosc><sln:cyklZyciaDo>2017-04-04T00:00:00+02:00</sln:cyklZyciaDo><sln:cyklZyciaOd>2015-11-13T00:00:00+01:00</sln:cyklZyciaOd><sln:gmIIPId>8695e201-407e-4587-90c8-b7ca011c124d</sln:gmIIPId><sln:gmIIPPn>PL.PZGIK.200</sln:gmIIPPn><sln:gmIIPWersja>2012-09-26T22:46:31+02:00</sln:gmIIPWersja><sln:gmIdTeryt>2215092</sln:gmIdTeryt><sln:gmNazwa>Szemud</sln:gmNazwa><sln:miejscIIPId>3745a557-7132-40b2-a0f8-593e40a43b00</sln:miejscIIPId><sln:miejscIIPPn>PL.PZGIK.200</sln:miejscIIPPn><sln:miejscIIPWersja>2016-11-24T09:30:26+02:00</sln:miejscIIPWersja><sln:miejscIdTeryt>0175225</sln:miejscIdTeryt><sln:miejscNazwa>Grabowiec</sln:miejscNazwa><sln:miejscRodzaj>Wieś</sln:miejscRodzaj><sln:powIIPId>c2d26b98-7beb-464c-b95a-f466e058aa4f</sln:powIIPId><sln:powIIPPn>PL.PZGIK.200</sln:powIIPPn><sln:powIIPWersja>2012-09-27T09:33:51+02:00</sln:powIIPWersja><sln:powIdTeryt>2215</sln:powIdTeryt><sln:powNazwa>wejherowski</sln:powNazwa><sln:waznyOd>2011-08-31T00:00:00+02:00</sln:waznyOd><sln:wojIIPId>ece93e09-0215-42f3-8067-be0649f58d46</sln:wojIIPId><sln:wojIIPPn>PL.PZGIK.200</sln:wojIIPPn><sln:wojIIPWersja>2012-09-27T13:45:13+02:00</sln:wojIIPWersja><sln:wojIdTeryt>22</sln:wojIdTeryt><sln:wojNazwa>pomorskie</sln:wojNazwa></sln:miejscowosc><sln:miejscowosc><sln:cyklZyciaDo>2017-04-04T00:00:00+02:00</sln:cyklZyciaDo><sln:cyklZyciaOd>2015-11-13T00:00:00+01:00</sln:cyklZyciaOd><sln:gmIIPId>8695e201-407e-4587-90c8-b7ca011c124d</sln:gmIIPId><sln:gmIIPPn>PL.PZGIK.200</sln:gmIIPPn><sln:gmIIPWersja>2012-09-26T22:46:31+02:00</sln:gmIIPWersja><sln:gmIdTeryt>2215092</sln:gmIdTeryt><sln:gmNazwa>Szemud</sln:gmNazwa><sln:miejscIIPId>025f363f-6d38-436b-a309-feb631d33591</sln:miejscIIPId><sln:miejscIIPPn>PL.PZGIK.200</sln:miejscIIPPn><sln:miejscIIPWersja>2016-11-24T09:30:26+02:00</sln:miejscIIPWersja><sln:miejscIdTeryt>0175231</sln:miejscIdTeryt><sln:miejscNazwa>Jeleńska Huta</sln:miejscNazwa><sln:miejscRodzaj>Wieś</sln:miejscRodzaj><sln:powIIPId>c2d26b98-7beb-464c-b95a-f466e058aa4f</sln:powIIPId><sln:powIIPPn>PL.PZGIK.200</sln:powIIPPn><sln:powIIPWersja>2012-09-27T09:33:51+02:00</sln:powIIPWersja><sln:powIdTeryt>2215</sln:powIdTeryt><sln:powNazwa>wejherowski</sln:powNazwa><sln:waznyOd>2011-08-31T00:00:00+02:00</sln:waznyOd><sln:wojIIPId>ece93e09-0215-42f3-8067-be0649f58d46</sln:wojIIPId><sln:wojIIPPn>PL.PZGIK.200</sln:wojIIPPn><sln:wojIIPWersja>2012-09-27T13:45:13+02:00</sln:wojIIPWersja><sln:wojIdTeryt>22</sln:wojIdTeryt><sln:wojNazwa>pomorskie</sln:wojNazwa></sln:miejscowosc><sln:miejscowosc><sln:cyklZyciaDo>2017-04-04T00:00:00+02:00</sln:cyklZyciaDo><sln:cyklZyciaOd>2015-11-13T00:00:00+01:00</sln:cyklZyciaOd><sln:gmIIPId>8695e201-407e-4587-90c8-b7ca011c124d</sln:gmIIPId><sln:gmIIPPn>PL.PZGIK.200</sln:gmIIPPn><sln:gmIIPWersja>2012-09-26T22:46:31+02:00</sln:gmIIPWersja><sln:gmIdTeryt>2215092</sln:gmIdTeryt><sln:gmNazwa>Szemud</sln:gmNazwa><sln:miejscIIPId>03f34548-0fd9-460b-a376-af458e4e1ba9</sln:miejscIIPId><sln:miejscIIPPn>PL.PZGIK.200</sln:miejscIIPPn><sln:miejscIIPWersja>2016-11-24T09:30:26+02:00</sln:miejscIIPWersja><sln:miejscIdTeryt>0175254</sln:miejscIdTeryt><sln:miejscNazwa>Kamień</sln:miejscNazwa><sln:miejscRodzaj>Wieś</sln:miejscRodzaj><sln:powIIPId>c2d26b98-7beb-464c-b95a-f466e058aa4f</sln:powIIPId><sln:powIIPPn>PL.PZGIK.200</sln:powIIPPn><sln:powIIPWersja>2012-09-27T09:33:51+02:00</sln:powIIPWersja><sln:powIdTeryt>2215</sln:powIdTeryt><sln:powNazwa>wejherowski</sln:powNazwa><sln:waznyOd>2011-08-31T00:00:00+02:00</sln:waznyOd><sln:wojIIPId>ece93e09-0215-42f3-8067-be0649f58d46</sln:wojIIPId><sln:wojIIPPn>PL.PZGIK.200</sln:wojIIPPn><sln:wojIIPWersja>2012-09-27T13:45:13+02:00</sln:wojIIPWersja><sln:wojIdTeryt>22</sln:wojIdTeryt><sln:wojNazwa>pomorskie</sln:wojNazwa></sln:miejscowosc><sln:miejscowosc><sln:cyklZyciaDo>2017-04-04T00:00:00+02:00</sln:cyklZyciaDo><sln:cyklZyciaOd>2015-11-13T00:00:00+01:00</sln:cyklZyciaOd><sln:gmIIPId>8695e201-407e-4587-90c8-b7ca011c124d</sln:gmIIPId><sln:gmIIPPn>PL.PZGIK.200</sln:gmIIPPn><sln:gmIIPWersja>2012-09-26T22:46:31+02:00</sln:gmIIPWersja><sln:gmIdTeryt>2215092</sln:gmIdTeryt><sln:gmNazwa>Szemud</sln:gmNazwa><sln:miejscIIPId>dc0d686b-5bf2-4d26-ad90-d1bbac2d525e</sln:miejscIIPId><sln:miejscIIPPn>PL.PZGIK.200</sln:miejscIIPPn><sln:miejscIIPWersja>2016-11-24T09:30:26+02:00</sln:miejscIIPWersja><sln:miejscIdTeryt>0175202</sln:miejscIdTeryt><sln:miejscNazwa>Karczemki</sln:miejscNazwa><sln:miejscRodzaj>Wieś</sln:miejscRodzaj><sln:powIIPId>c2d26b98-7beb-464c-b95a-f466e058aa4f</sln:powIIPId><sln:powIIPPn>PL.PZGIK.200</sln:powIIPPn><sln:powIIPWersja>2012-09-27T09:33:51+02:00</sln:powIIPWersja><sln:powIdTeryt>2215</sln:powIdTeryt><sln:powNazwa>wejherowski</sln:powNazwa><sln:waznyOd>2011-12-19T00:00:00+01:00</sln:waznyOd><sln:wojIIPId>ece93e09-0215-42f3-8067-be0649f58d46</sln:wojIIPId><sln:wojIIPPn>PL.PZGIK.200</sln:wojIIPPn><sln:wojIIPWersja>2012-09-27T13:45:13+02:00</sln:wojIIPWersja><sln:wojIdTeryt>22</sln:wojIdTeryt><sln:wojNazwa>pomorskie</sln:wojNazwa></sln:miejscowosc><sln:miejscowosc><sln:cyklZyciaDo>2017-04-04T00:00:00+02:00</sln:cyklZyciaDo><sln:cyklZyciaOd>2015-11-13T00:00:00+01:00</sln:cyklZyciaOd><sln:gmIIPId>8695e201-407e-4587-90c8-b7ca011c124d</sln:gmIIPId><sln:gmIIPPn>PL.PZGIK.200</sln:gmIIPPn><sln:gmIIPWersja>2012-09-26T22:46:31+02:00</sln:gmIIPWersja><sln:gmIdTeryt>2215092</sln:gmIdTeryt><sln:gmNazwa>Szemud</sln:gmNazwa><sln:miejscIIPId>9c32c6f1-65c5-4369-a06c-b94ef027b424</sln:miejscIIPId><sln:miejscIIPPn>PL.PZGIK.200</sln:miejscIIPPn><sln:miejscIIPWersja>2016-11-24T13:20:10+02:00</sln:miejscIIPWersja><sln:miejscIdTeryt>0990971</sln:miejscIdTeryt><sln:miejscNazwa>Kieleńska Huta</sln:miejscNazwa><sln:miejscRodzaj>Wieś</sln:miejscRodzaj><sln:powIIPId>c2d26b98-7beb-464c-b95a-f466e058aa4f</sln:powIIPId><sln:powIIPPn>PL.PZGIK.200</sln:powIIPPn><sln:powIIPWersja>2012-09-27T09:33:51+02:00</sln:powIIPWersja><sln:powIdTeryt>2215</sln:powIdTeryt><sln:powNazwa>wejherowski</sln:powNazwa><sln:waznyOd>2011-08-31T00:00:00+02:00</sln:waznyOd><sln:wojIIPId>ece93e09-0215-42f3-8067-be0649f58d46</sln:wojIIPId><sln:wojIIPPn>PL.PZGIK.200</sln:wojIIPPn><sln:wojIIPWersja>2012-09-27T13:45:13+02:00</sln:wojIIPWersja><sln:wojIdTeryt>22</sln:wojIdTeryt><sln:wojNazwa>pomorskie</sln:wojNazwa></sln:miejscowosc><sln:miejscowosc><sln:cyklZyciaDo>2017-04-04T00:00:00+02:00</sln:cyklZyciaDo><sln:cyklZyciaOd>2015-11-13T00:00:00+01:00</sln:cyklZyciaOd><sln:gmIIPId>8695e201-407e-4587-90c8-b7ca011c124d</sln:gmIIPId><sln:gmIIPPn>PL.PZGIK.200</sln:gmIIPPn><sln:gmIIPWersja>2012-09-26T22:46:31+02:00</sln:gmIIPWersja><sln:gmIdTeryt>2215092</sln:gmIdTeryt><sln:gmNazwa>Szemud</sln:gmNazwa><sln:miejscIIPId>2c9a6531-101c-4d12-81d0-fb2a7d1641f3</sln:miejscIIPId><sln:miejscIIPPn>PL.PZGIK.200</sln:miejscIIPPn><sln:miejscIIPWersja>2016-11-24T09:30:26+02:00</sln:miejscIIPWersja><sln:miejscIdTeryt>0175290</sln:miejscIdTeryt><sln:miejscNazwa>Kielno</sln:miejscNazwa><sln:miejscRodzaj>Wieś</sln:miejscRodzaj><sln:powIIPId>c2d26b98-7beb-464c-b95a-f466e058aa4f</sln:powIIPId><sln:powIIPPn>PL.PZGIK.200</sln:powIIPPn><sln:powIIPWersja>2012-09-27T09:33:51+02:00</sln:powIIPWersja><sln:powIdTeryt>2215</sln:powIdTeryt><sln:powNazwa>wejherowski</sln:powNazwa><sln:waznyOd>2011-08-31T00:00:00+02:00</sln:waznyOd><sln:wojIIPId>ece93e09-0215-42f3-8067-be0649f58d46</sln:wojIIPId><sln:wojIIPPn>PL.PZGIK.200</sln:wojIIPPn><sln:wojIIPWersja>2012-09-27T13:45:13+02:00</sln:wojIIPWersja><sln:wojIdTeryt>22</sln:wojIdTeryt><sln:wojNazwa>pomorskie</sln:wojNazwa></sln:miejscowosc><sln:miejscowosc><sln:cyklZyciaDo>2017-04-04T00:00:00+02:00</sln:cyklZyciaDo><sln:cyklZyciaOd>2015-11-13T00:00:00+01:00</sln:cyklZyciaOd><sln:gmIIPId>8695e201-407e-4587-90c8-b7ca011c124d</sln:gmIIPId><sln:gmIIPPn>PL.PZGIK.200</sln:gmIIPPn><sln:gmIIPWersja>2012-09-26T22:46:31+02:00</sln:gmIIPWersja><sln:gmIdTeryt>2215092</sln:gmIdTeryt><sln:gmNazwa>Szemud</sln:gmNazwa><sln:miejscIIPId>32cc8d08-62ab-4e66-96ac-75103f9257af</sln:miejscIIPId><sln:miejscIIPPn>PL.PZGIK.200</sln:miejscIIPPn><sln:miejscIIPWersja>2016-11-24T09:30:26+02:00</sln:miejscIIPWersja><sln:miejscIdTeryt>0175308</sln:miejscIdTeryt><sln:miejscNazwa>Koleczkowo</sln:miejscNazwa><sln:miejscRodzaj>Wieś</sln:miejscRodzaj><sln:powIIPId>c2d26b98-7beb-464c-b95a-f466e058aa4f</sln:powIIPId><sln:powIIPPn>PL.PZGIK.200</sln:powIIPPn><sln:powIIPWersja>2012-09-27T09:33:51+02:00</sln:powIIPWersja><sln:powIdTeryt>2215</sln:powIdTeryt><sln:powNazwa>wejherowski</sln:powNazwa><sln:waznyOd>2011-08-31T00:00:00+02:00</sln:waznyOd><sln:wojIIPId>ece93e09-0215-42f3-8067-be0649f58d46</sln:wojIIPId><sln:wojIIPPn>PL.PZGIK.200</sln:wojIIPPn><sln:wojIIPWersja>2012-09-27T13:45:13+02:00</sln:wojIIPWersja><sln:wojIdTeryt>22</sln:wojIdTeryt><sln:wojNazwa>pomorskie</sln:wojNazwa></sln:miejscowosc><sln:miejscowosc><sln:cyklZyciaDo>2017-04-04T00:00:00+02:00</sln:cyklZyciaDo><sln:cyklZyciaOd>2015-11-13T00:00:00+01:00</sln:cyklZyciaOd><sln:gmIIPId>8695e201-407e-4587-90c8-b7ca011c124d</sln:gmIIPId><sln:gmIIPPn>PL.PZGIK.200</sln:gmIIPPn><sln:gmIIPWersja>2012-09-26T22:46:31+02:00</sln:gmIIPWersja><sln:gmIdTeryt>2215092</sln:gmIdTeryt><sln:gmNazwa>Szemud</sln:gmNazwa><sln:miejscIIPId>f40486a6-b399-4168-9741-08b18a64d144</sln:miejscIIPId><sln:miejscIIPPn>PL.PZGIK.200</sln:miejscIIPPn><sln:miejscIIPWersja>2016-11-24T09:30:26+02:00</sln:miejscIIPWersja><sln:miejscIdTeryt>0175337</sln:miejscIdTeryt><sln:miejscNazwa>Kowalewo</sln:miejscNazwa><sln:miejscRodzaj>Wieś</sln:miejscRodzaj><sln:powIIPId>c2d26b98-7beb-464c-b95a-f466e058aa4f</sln:powIIPId><sln:powIIPPn>PL.PZGIK.200</sln:powIIPPn><sln:powIIPWersja>2012-09-27T09:33:51+02:00</sln:powIIPWersja><sln:powIdTeryt>2215</sln:powIdTeryt><sln:powNazwa>wejherowski</sln:powNazwa><sln:waznyOd>2011-08-31T00:00:00+02:00</sln:waznyOd><sln:wojIIPId>ece93e09-0215-42f3-8067-be0649f58d46</sln:wojIIPId><sln:wojIIPPn>PL.PZGIK.200</sln:wojIIPPn><sln:wojIIPWersja>2012-09-27T13:45:13+02:00</sln:wojIIPWersja><sln:wojIdTeryt>22</sln:wojIdTeryt><sln:wojNazwa>pomorskie</sln:wojNazwa></sln:miejscowosc><sln:miejscowosc><sln:cyklZyciaDo>2017-04-04T00:00:00+02:00</sln:cyklZyciaDo><sln:cyklZyciaOd>2015-11-13T00:00:00+01:00</sln:cyklZyciaOd><sln:gmIIPId>8695e201-407e-4587-90c8-b7ca011c124d</sln:gmIIPId><sln:gmIIPPn>PL.PZGIK.200</sln:gmIIPPn><sln:gmIIPWersja>2012-09-26T22:46:31+02:00</sln:gmIIPWersja><sln:gmIdTeryt>2215092</sln:gmIdTeryt><sln:gmNazwa>Szemud</sln:gmNazwa><sln:miejscIIPId>abbf8cb4-58db-4add-9caf-219e4b37d772</sln:miejscIIPId><sln:miejscIIPPn>PL.PZGIK.200</sln:miejscIIPPn><sln:miejscIIPWersja>2016-11-24T09:30:26+02:00</sln:miejscIIPWersja><sln:miejscIdTeryt>0175343</sln:miejscIdTeryt><sln:miejscNazwa>Leśno</sln:miejscNazwa><sln:miejscRodzaj>Wieś</sln:miejscRodzaj><sln:powIIPId>c2d26b98-7beb-464c-b95a-f466e058aa4f</sln:powIIPId><sln:powIIPPn>PL.PZGIK.200</sln:powIIPPn><sln:powIIPWersja>2012-09-27T09:33:51+02:00</sln:powIIPWersja><sln:powIdTeryt>2215</sln:powIdTeryt><sln:powNazwa>wejherowski</sln:powNazwa><sln:waznyOd>2011-08-31T00:00:00+02:00</sln:waznyOd><sln:wojIIPId>ece93e09-0215-42f3-8067-be0649f58d46</sln:wojIIPId><sln:wojIIPPn>PL.PZGIK.200</sln:wojIIPPn><sln:wojIIPWersja>2012-09-27T13:45:13+02:00</sln:wojIIPWersja><sln:wojIdTeryt>22</sln:wojIdTeryt><sln:wojNazwa>pomorskie</sln:wojNazwa></sln:miejscowosc><sln:miejscowosc><sln:cyklZyciaDo>2017-04-04T00:00:00+02:00</sln:cyklZyciaDo><sln:cyklZyciaOd>2015-11-13T00:00:00+01:00</sln:cyklZyciaOd><sln:gmIIPId>8695e201-407e-4587-90c8-b7ca011c124d</sln:gmIIPId><sln:gmIIPPn>PL.PZGIK.200</sln:gmIIPPn><sln:gmIIPWersja>2012-09-26T22:46:31+02:00</sln:gmIIPWersja><sln:gmIdTeryt>2215092</sln:gmIdTeryt><sln:gmNazwa>Szemud</sln:gmNazwa><sln:miejscIIPId>320bacd7-aa76-4b75-aec8-397f61098a71</sln:miejscIIPId><sln:miejscIIPPn>PL.PZGIK.200</sln:miejscIIPPn><sln:miejscIIPWersja>2016-11-24T09:30:26+02:00</sln:miejscIIPWersja><sln:miejscIdTeryt>0175372</sln:miejscIdTeryt><sln:miejscNazwa>Łebieńska Huta</sln:miejscNazwa><sln:miejscRodzaj>Wieś</sln:miejscRodzaj><sln:powIIPId>c2d26b98-7beb-464c-b95a-f466e058aa4f</sln:powIIPId><sln:powIIPPn>PL.PZGIK.200</sln:powIIPPn><sln:powIIPWersja>2012-09-27T09:33:51+02:00</sln:powIIPWersja><sln:powIdTeryt>2215</sln:powIdTeryt><sln:powNazwa>wejherowski</sln:powNazwa><sln:waznyOd>2011-08-31T00:00:00+02:00</sln:waznyOd><sln:wojIIPId>ece93e09-0215-42f3-8067-be0649f58d46</sln:wojIIPId><sln:wojIIPPn>PL.PZGIK.200</sln:wojIIPPn><sln:wojIIPWersja>2012-09-27T13:45:13+02:00</sln:wojIIPWersja><sln:wojIdTeryt>22</sln:wojIdTeryt><sln:wojNazwa>pomorskie</sln:wojNazwa></sln:miejscowosc><sln:miejscowosc><sln:cyklZyciaDo>2017-04-04T00:00:00+02:00</sln:cyklZyciaDo><sln:cyklZyciaOd>2015-11-13T00:00:00+01:00</sln:cyklZyciaOd><sln:gmIIPId>8695e201-407e-4587-90c8-b7ca011c124d</sln:gmIIPId><sln:gmIIPPn>PL.PZGIK.200</sln:gmIIPPn><sln:gmIIPWersja>2012-09-26T22:46:31+02:00</sln:gmIIPWersja><sln:gmIdTeryt>2215092</sln:gmIdTeryt><sln:gmNazwa>Szemud</sln:gmNazwa><sln:miejscIIPId>16311743-d68e-4379-a2fa-628376bde16b</sln:miejscIIPId><sln:miejscIIPPn>PL.PZGIK.200</sln:miejscIIPPn><sln:miejscIIPWersja>2016-11-24T09:30:26+02:00</sln:miejscIIPWersja><sln:miejscIdTeryt>0175395</sln:miejscIdTeryt><sln:miejscNazwa>Łebno</sln:miejscNazwa><sln:miejscRodzaj>Wieś</sln:miejscRodzaj><sln:powIIPId>c2d26b98-7beb-464c-b95a-f466e058aa4f</sln:powIIPId><sln:powIIPPn>PL.PZGIK.200</sln:powIIPPn><sln:powIIPWersja>2012-09-27T09:33:51+02:00</sln:powIIPWersja><sln:powIdTeryt>2215</sln:powIdTeryt><sln:powNazwa>wejherowski</sln:powNazwa><sln:waznyOd>2011-08-31T00:00:00+02:00</sln:waznyOd><sln:wojIIPId>ece93e09-0215-42f3-8067-be0649f58d46</sln:wojIIPId><sln:wojIIPPn>PL.PZGIK.200</sln:wojIIPPn><sln:wojIIPWersja>2012-09-27T13:45:13+02:00</sln:wojIIPWersja><sln:wojIdTeryt>22</sln:wojIdTeryt><sln:wojNazwa>pomorskie</sln:wojNazwa></sln:miejscowosc><sln:miejscowosc><sln:cyklZyciaDo>2017-04-04T00:00:00+02:00</sln:cyklZyciaDo><sln:cyklZyciaOd>2015-11-13T00:00:00+01:00</sln:cyklZyciaOd><sln:gmIIPId>8695e201-407e-4587-90c8-b7ca011c124d</sln:gmIIPId><sln:gmIIPPn>PL.PZGIK.200</sln:gmIIPPn><sln:gmIIPWersja>2012-09-26T22:46:31+02:00</sln:gmIIPWersja><sln:gmIdTeryt>2215092</sln:gmIdTeryt><sln:gmNazwa>Szemud</sln:gmNazwa><sln:miejscIIPId>5c3576e1-f4ee-4eea-a72a-e9ddfb64b94e</sln:miejscIIPId><sln:miejscIIPPn>PL.PZGIK.200</sln:miejscIIPPn><sln:miejscIIPWersja>2016-11-24T09:30:26+02:00</sln:miejscIIPWersja><sln:miejscIdTeryt>0175410</sln:miejscIdTeryt><sln:miejscNazwa>Przetoczyno</sln:miejscNazwa><sln:miejscRodzaj>Wieś</sln:miejscRodzaj><sln:powIIPId>c2d26b98-7beb-464c-b95a-f466e058aa4f</sln:powIIPId><sln:powIIPPn>PL.PZGIK.200</sln:powIIPPn><sln:powIIPWersja>2012-09-27T09:33:51+02:00</sln:powIIPWersja><sln:powIdTeryt>2215</sln:powIdTeryt><sln:powNazwa>wejherowski</sln:powNazwa><sln:waznyOd>2011-08-31T00:00:00+02:00</sln:waznyOd><sln:wojIIPId>ece93e09-0215-42f3-8067-be0649f58d46</sln:wojIIPId><sln:wojIIPPn>PL.PZGIK.200</sln:wojIIPPn><sln:wojIIPWersja>2012-09-27T13:45:13+02:00</sln:wojIIPWersja><sln:wojIdTeryt>22</sln:wojIdTeryt><sln:wojNazwa>pomorskie</sln:wojNazwa></sln:miejscowosc><sln:miejscowosc><sln:cyklZyciaDo>2017-04-04T00:00:00+02:00</sln:cyklZyciaDo><sln:cyklZyciaOd>2015-11-13T00:00:00+01:00</sln:cyklZyciaOd><sln:gmIIPId>8695e201-407e-4587-90c8-b7ca011c124d</sln:gmIIPId><sln:gmIIPPn>PL.PZGIK.200</sln:gmIIPPn><sln:gmIIPWersja>2012-09-26T22:46:31+02:00</sln:gmIIPWersja><sln:gmIdTeryt>2215092</sln:gmIdTeryt><sln:gmNazwa>Szemud</sln:gmNazwa><sln:miejscIIPId>97e87873-c4b4-429e-8ceb-50369020ac9a</sln:miejscIIPId><sln:miejscIIPPn>PL.PZGIK.200</sln:miejscIIPPn><sln:miejscIIPWersja>2016-11-24T09:30:26+02:00</sln:miejscIIPWersja><sln:miejscIdTeryt>0175478</sln:miejscIdTeryt><sln:miejscNazwa>Rębiska</sln:miejscNazwa><sln:miejscRodzaj>Wieś</sln:miejscRodzaj><sln:powIIPId>c2d26b98-7beb-464c-b95a-f466e058aa4f</sln:powIIPId><sln:powIIPPn>PL.PZGIK.200</sln:powIIPPn><sln:powIIPWersja>2012-09-27T09:33:51+02:00</sln:powIIPWersja><sln:powIdTeryt>2215</sln:powIdTeryt><sln:powNazwa>wejherowski</sln:powNazwa><sln:waznyOd>2011-08-31T00:00:00+02:00</sln:waznyOd><sln:wojIIPId>ece93e09-0215-42f3-8067-be0649f58d46</sln:wojIIPId><sln:wojIIPPn>PL.PZGIK.200</sln:wojIIPPn><sln:wojIIPWersja>2012-09-27T13:45:13+02:00</sln:wojIIPWersja><sln:wojIdTeryt>22</sln:wojIdTeryt><sln:wojNazwa>pomorskie</sln:wojNazwa></sln:miejscowosc><sln:miejscowosc><sln:cyklZyciaDo>2017-04-04T00:00:00+02:00</sln:cyklZyciaDo><sln:cyklZyciaOd>2015-11-13T00:00:00+01:00</sln:cyklZyciaOd><sln:gmIIPId>8695e201-407e-4587-90c8-b7ca011c124d</sln:gmIIPId><sln:gmIIPPn>PL.PZGIK.200</sln:gmIIPPn><sln:gmIIPWersja>2012-09-26T22:46:31+02:00</sln:gmIIPWersja><sln:gmIdTeryt>2215092</sln:gmIdTeryt><sln:gmNazwa>Szemud</sln:gmNazwa><sln:miejscIIPId>1afc0553-1642-4b79-a9e5-ffeb32aa8a02</sln:miejscIIPId><sln:miejscIIPPn>PL.PZGIK.200</sln:miejscIIPPn><sln:miejscIIPWersja>2016-11-24T09:30:26+02:00</sln:miejscIIPWersja><sln:miejscIdTeryt>0175449</sln:miejscIdTeryt><sln:miejscNazwa>Szemud</sln:miejscNazwa><sln:miejscRodzaj>Wieś</sln:miejscRodzaj><sln:powIIPId>c2d26b98-7beb-464c-b95a-f466e058aa4f</sln:powIIPId><sln:powIIPPn>PL.PZGIK.200</sln:powIIPPn><sln:powIIPWersja>2012-09-27T09:33:51+02:00</sln:powIIPWersja><sln:powIdTeryt>2215</sln:powIdTeryt><sln:powNazwa>wejherowski</sln:powNazwa><sln:waznyOd>2011-08-31T00:00:00+02:00</sln:waznyOd><sln:wojIIPId>ece93e09-0215-42f3-8067-be0649f58d46</sln:wojIIPId><sln:wojIIPPn>PL.PZGIK.200</sln:wojIIPPn><sln:wojIIPWersja>2012-09-27T13:45:13+02:00</sln:wojIIPWersja><sln:wojIdTeryt>22</sln:wojIdTeryt><sln:wojNazwa>pomorskie</sln:wojNazwa></sln:miejscowosc><sln:miejscowosc><sln:cyklZyciaDo>2017-04-04T00:00:00+02:00</sln:cyklZyciaDo><sln:cyklZyciaOd>2015-11-13T00:00:00+01:00</sln:cyklZyciaOd><sln:gmIIPId>8695e201-407e-4587-90c8-b7ca011c124d</sln:gmIIPId><sln:gmIIPPn>PL.PZGIK.200</sln:gmIIPPn><sln:gmIIPWersja>2012-09-26T22:46:31+02:00</sln:gmIIPWersja><sln:gmIdTeryt>2215092</sln:gmIdTeryt><sln:gmNazwa>Szemud</sln:gmNazwa><sln:miejscIIPId>c6f0c2b2-c61a-48d6-8d73-e2cdea15b0f3</sln:miejscIIPId><sln:miejscIIPPn>PL.PZGIK.200</sln:miejscIIPPn><sln:miejscIIPWersja>2016-11-24T09:30:26+02:00</sln:miejscIIPWersja><sln:miejscIdTeryt>0175455</sln:miejscIdTeryt><sln:miejscNazwa>Szemudzka Huta</sln:miejscNazwa><sln:miejscRodzaj>Wieś</sln:miejscRodzaj><sln:powIIPId>c2d26b98-7beb-464c-b95a-f466e058aa4f</sln:powIIPId><sln:powIIPPn>PL.PZGIK.200</sln:powIIPPn><sln:powIIPWersja>2012-09-27T09:33:51+02:00</sln:powIIPWersja><sln:powIdTeryt>2215</sln:powIdTeryt><sln:powNazwa>wejherowski</sln:powNazwa><sln:waznyOd>2011-08-31T00:00:00+02:00</sln:waznyOd><sln:wojIIPId>ece93e09-0215-42f3-8067-be0649f58d46</sln:wojIIPId><sln:wojIIPPn>PL.PZGIK.200</sln:wojIIPPn><sln:wojIIPWersja>2012-09-27T13:45:13+02:00</sln:wojIIPWersja><sln:wojIdTeryt>22</sln:wojIdTeryt><sln:wojNazwa>pomorskie</sln:wojNazwa></sln:miejscowosc><sln:miejscowosc><sln:cyklZyciaDo>2017-04-04T00:00:00+02:00</sln:cyklZyciaDo><sln:cyklZyciaOd>2015-11-13T00:00:00+01:00</sln:cyklZyciaOd><sln:gmIIPId>8695e201-407e-4587-90c8-b7ca011c124d</sln:gmIIPId><sln:gmIIPPn>PL.PZGIK.200</sln:gmIIPPn><sln:gmIIPWersja>2012-09-26T22:46:31+02:00</sln:gmIIPWersja><sln:gmIdTeryt>2215092</sln:gmIdTeryt><sln:gmNazwa>Szemud</sln:gmNazwa><sln:miejscIIPId>f55c9d1f-1842-4327-92e4-a0ebc908e720</sln:miejscIIPId><sln:miejscIIPPn>PL.PZGIK.200</sln:miejscIIPPn><sln:miejscIIPWersja>2016-11-24T09:30:26+02:00</sln:miejscIIPWersja><sln:miejscIdTeryt>0175461</sln:miejscIdTeryt><sln:miejscNazwa>Warzno</sln:miejscNazwa><sln:miejscRodzaj>Wieś</sln:miejscRodzaj><sln:powIIPId>c2d26b98-7beb-464c-b95a-f466e058aa4f</sln:powIIPId><sln:powIIPPn>PL.PZGIK.200</sln:powIIPPn><sln:powIIPWersja>2012-09-27T09:33:51+02:00</sln:powIIPWersja><sln:powIdTeryt>2215</sln:powIdTeryt><sln:powNazwa>wejherowski</sln:powNazwa><sln:waznyOd>2011-08-31T00:00:00+02:00</sln:waznyOd><sln:wojIIPId>ece93e09-0215-42f3-8067-be0649f58d46</sln:wojIIPId><sln:wojIIPPn>PL.PZGIK.200</sln:wojIIPPn><sln:wojIIPWersja>2012-09-27T13:45:13+02:00</sln:wojIIPWersja><sln:wojIdTeryt>22</sln:wojIdTeryt><sln:wojNazwa>pomorskie</sln:wojNazwa></sln:miejscowosc><sln:miejscowosc><sln:cyklZyciaDo>2017-04-04T00:00:00+02:00</sln:cyklZyciaDo><sln:cyklZyciaOd>2015-11-13T00:00:00+01:00</sln:cyklZyciaOd><sln:gmIIPId>8695e201-407e-4587-90c8-b7ca011c124d</sln:gmIIPId><sln:gmIIPPn>PL.PZGIK.200</sln:gmIIPPn><sln:gmIIPWersja>2012-09-26T22:46:31+02:00</sln:gmIIPWersja><sln:gmIdTeryt>2215092</sln:gmIdTeryt><sln:gmNazwa>Szemud</sln:gmNazwa><sln:miejscIIPId>d3952e80-e12c-43ce-a62b-3dca977c59e9</sln:miejscIIPId><sln:miejscIIPPn>PL.PZGIK.200</sln:miejscIIPPn><sln:miejscIIPWersja>2016-11-24T09:30:26+02:00</sln:miejscIIPWersja><sln:miejscIdTeryt>0175550</sln:miejscIdTeryt><sln:miejscNazwa>Zęblewo</sln:miejscNazwa><sln:miejscRodzaj>Wieś</sln:miejscRodzaj><sln:powIIPId>c2d26b98-7beb-464c-b95a-f466e058aa4f</sln:powIIPId><sln:powIIPPn>PL.PZGIK.200</sln:powIIPPn><sln:powIIPWersja>2012-09-27T09:33:51+02:00</sln:powIIPWersja><sln:powIdTeryt>2215</sln:powIdTeryt><sln:powNazwa>wejherowski</sln:powNazwa><sln:waznyOd>2011-08-31T00:00:00+02:00</sln:waznyOd><sln:wojIIPId>ece93e09-0215-42f3-8067-be0649f58d46</sln:wojIIPId><sln:wojIIPPn>PL.PZGIK.200</sln:wojIIPPn><sln:wojIIPWersja>2012-09-27T13:45:13+02:00</sln:wojIIPWersja><sln:wojIdTeryt>22</sln:wojIdTeryt><sln:wojNazwa>pomorskie</sln:wojNazwa></sln:miejscowosc><sln:miejscowosc><sln:cyklZyciaOd>2017-04-04T00:00:00+02:00</sln:cyklZyciaOd><sln:gmIIPId>8695e201-407e-4587-90c8-b7ca011c124d</sln:gmIIPId><sln:gmIIPPn>PL.PZGIK.200</sln:gmIIPPn><sln:gmIIPWersja>2012-09-26T22:46:31+02:00</sln:gmIIPWersja><sln:gmIdTeryt>2215092</sln:gmIdTeryt><sln:gmNazwa>Szemud</sln:gmNazwa><sln:miejscIIPId>d5494777-8ca9-4168-8450-b64cbaff75d6</sln:miejscIIPId><sln:miejscIIPPn>PL.PZGIK.200</sln:miejscIIPPn><sln:miejscIIPWersja>2017-04-04T13:50:10+02:00</sln:miejscIIPWersja><sln:miejscIdTeryt>0175060</sln:miejscIdTeryt><sln:miejscNazwa>Będargowo</sln:miejscNazwa><sln:miejscRodzaj>Wieś</sln:miejscRodzaj><sln:powIIPId>c2d26b98-7beb-464c-b95a-f466e058aa4f</sln:powIIPId><sln:powIIPPn>PL.PZGIK.200</sln:powIIPPn><sln:powIIPWersja>2012-09-27T09:33:51+02:00</sln:powIIPWersja><sln:powIdTeryt>2215</sln:powIdTeryt><sln:powNazwa>wejherowski</sln:powNazwa><sln:waznyOd>2011-08-31T00:00:00+02:00</sln:waznyOd><sln:wojIIPId>ece93e09-0215-42f3-8067-be0649f58d46</sln:wojIIPId><sln:wojIIPPn>PL.PZGIK.200</sln:wojIIPPn><sln:wojIIPWersja>2012-09-27T13:45:13+02:00</sln:wojIIPWersja><sln:wojIdTeryt>22</sln:wojIdTeryt><sln:wojNazwa>pomorskie</sln:wojNazwa></sln:miejscowosc><sln:miejscowosc><sln:cyklZyciaOd>2017-04-04T00:00:00+02:00</sln:cyklZyciaOd><sln:gmIIPId>8695e201-407e-4587-90c8-b7ca011c124d</sln:gmIIPId><sln:gmIIPPn>PL.PZGIK.200</sln:gmIIPPn><sln:gmIIPWersja>2012-09-26T22:46:31+02:00</sln:gmIIPWersja><sln:gmIdTeryt>2215092</sln:gmIdTeryt><sln:gmNazwa>Szemud</sln:gmNazwa><sln:miejscIIPId>c4c0c54f-6b08-4701-a4fe-55485b694287</sln:miejscIIPId><sln:miejscIIPPn>PL.PZGIK.200</sln:miejscIIPPn><sln:miejscIIPWersja>2017-04-04T13:50:18+02:00</sln:miejscIIPWersja><sln:miejscIdTeryt>0175120</sln:miejscIdTeryt><sln:miejscNazwa>Bojano</sln:miejscNazwa><sln:miejscRodzaj>Wieś</sln:miejscRodzaj><sln:powIIPId>c2d26b98-7beb-464c-b95a-f466e058aa4f</sln:powIIPId><sln:powIIPPn>PL.PZGIK.200</sln:powIIPPn><sln:powIIPWersja>2012-09-27T09:33:51+02:00</sln:powIIPWersja><sln:powIdTeryt>2215</sln:powIdTeryt><sln:powNazwa>wejherowski</sln:powNazwa><sln:waznyOd>2011-08-31T00:00:00+02:00</sln:waznyOd><sln:wojIIPId>ece93e09-0215-42f3-8067-be0649f58d46</sln:wojIIPId><sln:wojIIPPn>PL.PZGIK.200</sln:wojIIPPn><sln:wojIIPWersja>2012-09-27T13:45:13+02:00</sln:wojIIPWersja><sln:wojIdTeryt>22</sln:wojIdTeryt><sln:wojNazwa>pomorskie</sln:wojNazwa></sln:miejscowosc><sln:miejscowosc><sln:cyklZyciaOd>2017-04-04T00:00:00+02:00</sln:cyklZyciaOd><sln:gmIIPId>8695e201-407e-4587-90c8-b7ca011c124d</sln:gmIIPId><sln:gmIIPPn>PL.PZGIK.200</sln:gmIIPPn><sln:gmIIPWersja>2012-09-26T22:46:31+02:00</sln:gmIIPWersja><sln:gmIdTeryt>2215092</sln:gmIdTeryt><sln:gmNazwa>Szemud</sln:gmNazwa><sln:miejscIIPId>8bf2fea1-5f25-4f5a-be71-e84a6d740010</sln:miejscIIPId><sln:miejscIIPPn>PL.PZGIK.200</sln:miejscIIPPn><sln:miejscIIPWersja>2017-04-04T13:50:18+02:00</sln:miejscIIPWersja><sln:miejscIdTeryt>0175142</sln:miejscIdTeryt><sln:miejscNazwa>Częstkowo</sln:miejscNazwa><sln:miejscRodzaj>Wieś</sln:miejscRodzaj><sln:powIIPId>c2d26b98-7beb-464c-b95a-f466e058aa4f</sln:powIIPId><sln:powIIPPn>PL.PZGIK.200</sln:powIIPPn><sln:powIIPWersja>2012-09-27T09:33:51+02:00</sln:powIIPWersja><sln:powIdTeryt>2215</sln:powIdTeryt><sln:powNazwa>wejherowski</sln:powNazwa><sln:waznyOd>2011-08-31T00:00:00+02:00</sln:waznyOd><sln:wojIIPId>ece93e09-0215-42f3-8067-be0649f58d46</sln:wojIIPId><sln:wojIIPPn>PL.PZGIK.200</sln:wojIIPPn><sln:wojIIPWersja>2012-09-27T13:45:13+02:00</sln:wojIIPWersja><sln:wojIdTeryt>22</sln:wojIdTeryt><sln:wojNazwa>pomorskie</sln:wojNazwa></sln:miejscowosc><sln:miejscowosc><sln:cyklZyciaOd>2017-04-04T00:00:00+02:00</sln:cyklZyciaOd><sln:gmIIPId>8695e201-407e-4587-90c8-b7ca011c124d</sln:gmIIPId><sln:gmIIPPn>PL.PZGIK.200</sln:gmIIPPn><sln:gmIIPWersja>2012-09-26T22:46:31+02:00</sln:gmIIPWersja><sln:gmIdTeryt>2215092</sln:gmIdTeryt><sln:gmNazwa>Szemud</sln:gmNazwa><sln:miejscIIPId>93e6cde6-2972-4e5f-a027-6e3e31079e09</sln:miejscIIPId><sln:miejscIIPPn>PL.PZGIK.200</sln:miejscIIPPn><sln:miejscIIPWersja>2017-04-04T13:50:18+02:00</sln:miejscIIPWersja><sln:miejscIdTeryt>0175188</sln:miejscIdTeryt><sln:miejscNazwa>Dobrzewino</sln:miejscNazwa><sln:miejscRodzaj>Wieś</sln:miejscRodzaj><sln:powIIPId>c2d26b98-7beb-464c-b95a-f466e058aa4f</sln:powIIPId><sln:powIIPPn>PL.PZGIK.200</sln:powIIPPn><sln:powIIPWersja>2012-09-27T09:33:51+02:00</sln:powIIPWersja><sln:powIdTeryt>2215</sln:powIdTeryt><sln:powNazwa>wejherowski</sln:powNazwa><sln:waznyOd>2011-08-31T00:00:00+02:00</sln:waznyOd><sln:wojIIPId>ece93e09-0215-42f3-8067-be0649f58d46</sln:wojIIPId><sln:wojIIPPn>PL.PZGIK.200</sln:wojIIPPn><sln:wojIIPWersja>2012-09-27T13:45:13+02:00</sln:wojIIPWersja><sln:wojIdTeryt>22</sln:wojIdTeryt><sln:wojNazwa>pomorskie</sln:wojNazwa></sln:miejscowosc><sln:miejscowosc><sln:cyklZyciaOd>2017-04-04T00:00:00+02:00</sln:cyklZyciaOd><sln:gmIIPId>8695e201-407e-4587-90c8-b7ca011c124d</sln:gmIIPId><sln:gmIIPPn>PL.PZGIK.200</sln:gmIIPPn><sln:gmIIPWersja>2012-09-26T22:46:31+02:00</sln:gmIIPWersja><sln:gmIdTeryt>2215092</sln:gmIdTeryt><sln:gmNazwa>Szemud</sln:gmNazwa><sln:miejscIIPId>dc0d686b-5bf2-4d26-ad90-d1bbac2d525e</sln:miejscIIPId><sln:miejscIIPPn>PL.PZGIK.200</sln:miejscIIPPn><sln:miejscIIPWersja>2017-04-04T13:50:18+02:00</sln:miejscIIPWersja><sln:miejscIdTeryt>0175202</sln:miejscIdTeryt><sln:miejscNazwa>Karczemki</sln:miejscNazwa><sln:miejscRodzaj>Wieś</sln:miejscRodzaj><sln:powIIPId>c2d26b98-7beb-464c-b95a-f466e058aa4f</sln:powIIPId><sln:powIIPPn>PL.PZGIK.200</sln:powIIPPn><sln:powIIPWersja>2012-09-27T09:33:51+02:00</sln:powIIPWersja><sln:powIdTeryt>2215</sln:powIdTeryt><sln:powNazwa>wejherowski</sln:powNazwa><sln:waznyOd>2011-12-19T00:00:00+01:00</sln:waznyOd><sln:wojIIPId>ece93e09-0215-42f3-8067-be0649f58d46</sln:wojIIPId><sln:wojIIPPn>PL.PZGIK.200</sln:wojIIPPn><sln:wojIIPWersja>2012-09-27T13:45:13+02:00</sln:wojIIPWersja><sln:wojIdTeryt>22</sln:wojIdTeryt><sln:wojNazwa>pomorskie</sln:wojNazwa></sln:miejscowosc><sln:miejscowosc><sln:cyklZyciaOd>2017-04-04T00:00:00+02:00</sln:cyklZyciaOd><sln:gmIIPId>8695e201-407e-4587-90c8-b7ca011c124d</sln:gmIIPId><sln:gmIIPPn>PL.PZGIK.200</sln:gmIIPPn><sln:gmIIPWersja>2012-09-26T22:46:31+02:00</sln:gmIIPWersja><sln:gmIdTeryt>2215092</sln:gmIdTeryt><sln:gmNazwa>Szemud</sln:gmNazwa><sln:miejscIIPId>f9ea85d6-8783-4524-a4e1-36f182ecd719</sln:miejscIIPId><sln:miejscIIPPn>PL.PZGIK.200</sln:miejscIIPPn><sln:miejscIIPWersja>2017-04-04T13:50:18+02:00</sln:miejscIIPWersja><sln:miejscIdTeryt>0175219</sln:miejscIdTeryt><sln:miejscNazwa>Głazica</sln:miejscNazwa><sln:miejscRodzaj>Wieś</sln:miejscRodzaj><sln:powIIPId>c2d26b98-7beb-464c-b95a-f466e058aa4f</sln:powIIPId><sln:powIIPPn>PL.PZGIK.200</sln:powIIPPn><sln:powIIPWersja>2012-09-27T09:33:51+02:00</sln:powIIPWersja><sln:powIdTeryt>2215</sln:powIdTeryt><sln:powNazwa>wejherowski</sln:powNazwa><sln:waznyOd>2011-08-31T00:00:00+02:00</sln:waznyOd><sln:wojIIPId>ece93e09-0215-42f3-8067-be0649f58d46</sln:wojIIPId><sln:wojIIPPn>PL.PZGIK.200</sln:wojIIPPn><sln:wojIIPWersja>2012-09-27T13:45:13+02:00</sln:wojIIPWersja><sln:wojIdTeryt>22</sln:wojIdTeryt><sln:wojNazwa>pomorskie</sln:wojNazwa></sln:miejscowosc><sln:miejscowosc><sln:cyklZyciaOd>2017-04-04T00:00:00+02:00</sln:cyklZyciaOd><sln:gmIIPId>8695e201-407e-4587-90c8-b7ca011c124d</sln:gmIIPId><sln:gmIIPPn>PL.PZGIK.200</sln:gmIIPPn><sln:gmIIPWersja>2012-09-26T22:46:31+02:00</sln:gmIIPWersja><sln:gmIdTeryt>2215092</sln:gmIdTeryt><sln:gmNazwa>Szemud</sln:gmNazwa><sln:miejscIIPId>3745a557-7132-40b2-a0f8-593e40a43b00</sln:miejscIIPId><sln:miejscIIPPn>PL.PZGIK.200</sln:miejscIIPPn><sln:miejscIIPWersja>2017-04-04T13:50:18+02:00</sln:miejscIIPWersja><sln:miejscIdTeryt>0175225</sln:miejscIdTeryt><sln:miejscNazwa>Grabowiec</sln:miejscNazwa><sln:miejscRodzaj>Wieś</sln:miejscRodzaj><sln:powIIPId>c2d26b98-7beb-464c-b95a-f466e058aa4f</sln:powIIPId><sln:powIIPPn>PL.PZGIK.200</sln:powIIPPn><sln:powIIPWersja>2012-09-27T09:33:51+02:00</sln:powIIPWersja><sln:powIdTeryt>2215</sln:powIdTeryt><sln:powNazwa>wejherowski</sln:powNazwa><sln:waznyOd>2011-08-31T00:00:00+02:00</sln:waznyOd><sln:wojIIPId>ece93e09-0215-42f3-8067-be0649f58d46</sln:wojIIPId><sln:wojIIPPn>PL.PZGIK.200</sln:wojIIPPn><sln:wojIIPWersja>2012-09-27T13:45:13+02:00</sln:wojIIPWersja><sln:wojIdTeryt>22</sln:wojIdTeryt><sln:wojNazwa>pomorskie</sln:wojNazwa></sln:miejscowosc><sln:miejscowosc><sln:cyklZyciaOd>2017-04-04T00:00:00+02:00</sln:cyklZyciaOd><sln:gmIIPId>8695e201-407e-4587-90c8-b7ca011c124d</sln:gmIIPId><sln:gmIIPPn>PL.PZGIK.200</sln:gmIIPPn><sln:gmIIPWersja>2012-09-26T22:46:31+02:00</sln:gmIIPWersja><sln:gmIdTeryt>2215092</sln:gmIdTeryt><sln:gmNazwa>Szemud</sln:gmNazwa><sln:miejscIIPId>025f363f-6d38-436b-a309-feb631d33591</sln:miejscIIPId><sln:miejscIIPPn>PL.PZGIK.200</sln:miejscIIPPn><sln:miejscIIPWersja>2017-04-04T13:50:18+02:00</sln:miejscIIPWersja><sln:miejscIdTeryt>0175231</sln:miejscIdTeryt><sln:miejscNazwa>Jeleńska Huta</sln:miejscNazwa><sln:miejscRodzaj>Wieś</sln:miejscRodzaj><sln:powIIPId>c2d26b98-7beb-464c-b95a-f466e058aa4f</sln:powIIPId><sln:powIIPPn>PL.PZGIK.200</sln:powIIPPn><sln:powIIPWersja>2012-09-27T09:33:51+02:00</sln:powIIPWersja><sln:powIdTeryt>2215</sln:powIdTeryt><sln:powNazwa>wejherowski</sln:powNazwa><sln:waznyOd>2011-08-31T00:00:00+02:00</sln:waznyOd><sln:wojIIPId>ece93e09-0215-42f3-8067-be0649f58d46</sln:wojIIPId><sln:wojIIPPn>PL.PZGIK.200</sln:wojIIPPn><sln:wojIIPWersja>2012-09-27T13:45:13+02:00</sln:wojIIPWersja><sln:wojIdTeryt>22</sln:wojIdTeryt><sln:wojNazwa>pomorskie</sln:wojNazwa></sln:miejscowosc><sln:miejscowosc><sln:cyklZyciaOd>2017-04-04T00:00:00+02:00</sln:cyklZyciaOd><sln:gmIIPId>8695e201-407e-4587-90c8-b7ca011c124d</sln:gmIIPId><sln:gmIIPPn>PL.PZGIK.200</sln:gmIIPPn><sln:gmIIPWersja>2012-09-26T22:46:31+02:00</sln:gmIIPWersja><sln:gmIdTeryt>2215092</sln:gmIdTeryt><sln:gmNazwa>Szemud</sln:gmNazwa><sln:miejscIIPId>03f34548-0fd9-460b-a376-af458e4e1ba9</sln:miejscIIPId><sln:miejscIIPPn>PL.PZGIK.200</sln:miejscIIPPn><sln:miejscIIPWersja>2017-04-04T13:50:19+02:00</sln:miejscIIPWersja><sln:miejscIdTeryt>0175254</sln:miejscIdTeryt><sln:miejscNazwa>Kamień</sln:miejscNazwa><sln:miejscRodzaj>Wieś</sln:miejscRodzaj><sln:powIIPId>c2d26b98-7beb-464c-b95a-f466e058aa4f</sln:powIIPId><sln:powIIPPn>PL.PZGIK.200</sln:powIIPPn><sln:powIIPWersja>2012-09-27T09:33:51+02:00</sln:powIIPWersja><sln:powIdTeryt>2215</sln:powIdTeryt><sln:powNazwa>wejherowski</sln:powNazwa><sln:waznyOd>2011-08-31T00:00:00+02:00</sln:waznyOd><sln:wojIIPId>ece93e09-0215-42f3-8067-be0649f58d46</sln:wojIIPId><sln:wojIIPPn>PL.PZGIK.200</sln:wojIIPPn><sln:wojIIPWersja>2012-09-27T13:45:13+02:00</sln:wojIIPWersja><sln:wojIdTeryt>22</sln:wojIdTeryt><sln:wojNazwa>pomorskie</sln:wojNazwa></sln:miejscowosc><sln:miejscowosc><sln:cyklZyciaOd>2017-04-04T00:00:00+02:00</sln:cyklZyciaOd><sln:gmIIPId>8695e201-407e-4587-90c8-b7ca011c124d</sln:gmIIPId><sln:gmIIPPn>PL.PZGIK.200</sln:gmIIPPn><sln:gmIIPWersja>2012-09-26T22:46:31+02:00</sln:gmIIPWersja><sln:gmIdTeryt>2215092</sln:gmIdTeryt><sln:gmNazwa>Szemud</sln:gmNazwa><sln:miejscIIPId>2c9a6531-101c-4d12-81d0-fb2a7d1641f3</sln:miejscIIPId><sln:miejscIIPPn>PL.PZGIK.200</sln:miejscIIPPn><sln:miejscIIPWersja>2017-04-04T13:50:19+02:00</sln:miejscIIPWersja><sln:miejscIdTeryt>0175290</sln:miejscIdTeryt><sln:miejscNazwa>Kielno</sln:miejscNazwa><sln:miejscRodzaj>Wieś</sln:miejscRodzaj><sln:powIIPId>c2d26b98-7beb-464c-b95a-f466e058aa4f</sln:powIIPId><sln:powIIPPn>PL.PZGIK.200</sln:powIIPPn><sln:powIIPWersja>2012-09-27T09:33:51+02:00</sln:powIIPWersja><sln:powIdTeryt>2215</sln:powIdTeryt><sln:powNazwa>wejherowski</sln:powNazwa><sln:waznyOd>2011-08-31T00:00:00+02:00</sln:waznyOd><sln:wojIIPId>ece93e09-0215-42f3-8067-be0649f58d46</sln:wojIIPId><sln:wojIIPPn>PL.PZGIK.200</sln:wojIIPPn><sln:wojIIPWersja>2012-09-27T13:45:13+02:00</sln:wojIIPWersja><sln:wojIdTeryt>22</sln:wojIdTeryt><sln:wojNazwa>pomorskie</sln:wojNazwa></sln:miejscowosc><sln:miejscowosc><sln:cyklZyciaOd>2017-04-04T00:00:00+02:00</sln:cyklZyciaOd><sln:gmIIPId>8695e201-407e-4587-90c8-b7ca011c124d</sln:gmIIPId><sln:gmIIPPn>PL.PZGIK.200</sln:gmIIPPn><sln:gmIIPWersja>2012-09-26T22:46:31+02:00</sln:gmIIPWersja><sln:gmIdTeryt>2215092</sln:gmIdTeryt><sln:gmNazwa>Szemud</sln:gmNazwa><sln:miejscIIPId>32cc8d08-62ab-4e66-96ac-75103f9257af</sln:miejscIIPId><sln:miejscIIPPn>PL.PZGIK.200</sln:miejscIIPPn><sln:miejscIIPWersja>2017-04-04T13:50:19+02:00</sln:miejscIIPWersja><sln:miejscIdTeryt>0175308</sln:miejscIdTeryt><sln:miejscNazwa>Koleczkowo</sln:miejscNazwa><sln:miejscRodzaj>Wieś</sln:miejscRodzaj><sln:powIIPId>c2d26b98-7beb-464c-b95a-f466e058aa4f</sln:powIIPId><sln:powIIPPn>PL.PZGIK.200</sln:powIIPPn><sln:powIIPWersja>2012-09-27T09:33:51+02:00</sln:powIIPWersja><sln:powIdTeryt>2215</sln:powIdTeryt><sln:powNazwa>wejherowski</sln:powNazwa><sln:waznyOd>2011-08-31T00:00:00+02:00</sln:waznyOd><sln:wojIIPId>ece93e09-0215-42f3-8067-be0649f58d46</sln:wojIIPId><sln:wojIIPPn>PL.PZGIK.200</sln:wojIIPPn><sln:wojIIPWersja>2012-09-27T13:45:13+02:00</sln:wojIIPWersja><sln:wojIdTeryt>22</sln:wojIdTeryt><sln:wojNazwa>pomorskie</sln:wojNazwa></sln:miejscowosc><sln:miejscowosc><sln:cyklZyciaOd>2017-04-04T00:00:00+02:00</sln:cyklZyciaOd><sln:gmIIPId>8695e201-407e-4587-90c8-b7ca011c124d</sln:gmIIPId><sln:gmIIPPn>PL.PZGIK.200</sln:gmIIPPn><sln:gmIIPWersja>2012-09-26T22:46:31+02:00</sln:gmIIPWersja><sln:gmIdTeryt>2215092</sln:gmIdTeryt><sln:gmNazwa>Szemud</sln:gmNazwa><sln:miejscIIPId>f40486a6-b399-4168-9741-08b18a64d144</sln:miejscIIPId><sln:miejscIIPPn>PL.PZGIK.200</sln:miejscIIPPn><sln:miejscIIPWersja>2017-04-04T13:50:19+02:00</sln:miejscIIPWersja><sln:miejscIdTeryt>0175337</sln:miejscIdTeryt><sln:miejscNazwa>Kowalewo</sln:miejscNazwa><sln:miejscRodzaj>Wieś</sln:miejscRodzaj><sln:powIIPId>c2d26b98-7beb-464c-b95a-f466e058aa4f</sln:powIIPId><sln:powIIPPn>PL.PZGIK.200</sln:powIIPPn><sln:powIIPWersja>2012-09-27T09:33:51+02:00</sln:powIIPWersja><sln:powIdTeryt>2215</sln:powIdTeryt><sln:powNazwa>wejherowski</sln:powNazwa><sln:waznyOd>2011-08-31T00:00:00+02:00</sln:waznyOd><sln:wojIIPId>ece93e09-0215-42f3-8067-be0649f58d46</sln:wojIIPId><sln:wojIIPPn>PL.PZGIK.200</sln:wojIIPPn><sln:wojIIPWersja>2012-09-27T13:45:13+02:00</sln:wojIIPWersja><sln:wojIdTeryt>22</sln:wojIdTeryt><sln:wojNazwa>pomorskie</sln:wojNazwa></sln:miejscowosc><sln:miejscowosc><sln:cyklZyciaOd>2017-04-04T00:00:00+02:00</sln:cyklZyciaOd><sln:gmIIPId>8695e201-407e-4587-90c8-b7ca011c124d</sln:gmIIPId><sln:gmIIPPn>PL.PZGIK.200</sln:gmIIPPn><sln:gmIIPWersja>2012-09-26T22:46:31+02:00</sln:gmIIPWersja><sln:gmIdTeryt>2215092</sln:gmIdTeryt><sln:gmNazwa>Szemud</sln:gmNazwa><sln:miejscIIPId>abbf8cb4-58db-4add-9caf-219e4b37d772</sln:miejscIIPId><sln:miejscIIPPn>PL.PZGIK.200</sln:miejscIIPPn><sln:miejscIIPWersja>2017-04-04T13:50:19+02:00</sln:miejscIIPWersja><sln:miejscIdTeryt>0175343</sln:miejscIdTeryt><sln:miejscNazwa>Leśno</sln:miejscNazwa><sln:miejscRodzaj>Wieś</sln:miejscRodzaj><sln:powIIPId>c2d26b98-7beb-464c-b95a-f466e058aa4f</sln:powIIPId><sln:powIIPPn>PL.PZGIK.200</sln:powIIPPn><sln:powIIPWersja>2012-09-27T09:33:51+02:00</sln:powIIPWersja><sln:powIdTeryt>2215</sln:powIdTeryt><sln:powNazwa>wejherowski</sln:powNazwa><sln:waznyOd>2011-08-31T00:00:00+02:00</sln:waznyOd><sln:wojIIPId>ece93e09-0215-42f3-8067-be0649f58d46</sln:wojIIPId><sln:wojIIPPn>PL.PZGIK.200</sln:wojIIPPn><sln:wojIIPWersja>2012-09-27T13:45:13+02:00</sln:wojIIPWersja><sln:wojIdTeryt>22</sln:wojIdTeryt><sln:wojNazwa>pomorskie</sln:wojNazwa></sln:miejscowosc><sln:miejscowosc><sln:cyklZyciaOd>2017-04-04T00:00:00+02:00</sln:cyklZyciaOd><sln:gmIIPId>8695e201-407e-4587-90c8-b7ca011c124d</sln:gmIIPId><sln:gmIIPPn>PL.PZGIK.200</sln:gmIIPPn><sln:gmIIPWersja>2012-09-26T22:46:31+02:00</sln:gmIIPWersja><sln:gmIdTeryt>2215092</sln:gmIdTeryt><sln:gmNazwa>Szemud</sln:gmNazwa><sln:miejscIIPId>320bacd7-aa76-4b75-aec8-397f61098a71</sln:miejscIIPId><sln:miejscIIPPn>PL.PZGIK.200</sln:miejscIIPPn><sln:miejscIIPWersja>2017-04-04T13:50:19+02:00</sln:miejscIIPWersja><sln:miejscIdTeryt>0175372</sln:miejscIdTeryt><sln:miejscNazwa>Łebieńska Huta</sln:miejscNazwa><sln:miejscRodzaj>Wieś</sln:miejscRodzaj><sln:powIIPId>c2d26b98-7beb-464c-b95a-f466e058aa4f</sln:powIIPId><sln:powIIPPn>PL.PZGIK.200</sln:powIIPPn><sln:powIIPWersja>2012-09-27T09:33:51+02:00</sln:powIIPWersja><sln:powIdTeryt>2215</sln:powIdTeryt><sln:powNazwa>wejherowski</sln:powNazwa><sln:waznyOd>2011-08-31T00:00:00+02:00</sln:waznyOd><sln:wojIIPId>ece93e09-0215-42f3-8067-be0649f58d46</sln:wojIIPId><sln:wojIIPPn>PL.PZGIK.200</sln:wojIIPPn><sln:wojIIPWersja>2012-09-27T13:45:13+02:00</sln:wojIIPWersja><sln:wojIdTeryt>22</sln:wojIdTeryt><sln:wojNazwa>pomorskie</sln:wojNazwa></sln:miejscowosc><sln:miejscowosc><sln:cyklZyciaOd>2017-04-04T00:00:00+02:00</sln:cyklZyciaOd><sln:gmIIPId>8695e201-407e-4587-90c8-b7ca011c124d</sln:gmIIPId><sln:gmIIPPn>PL.PZGIK.200</sln:gmIIPPn><sln:gmIIPWersja>2012-09-26T22:46:31+02:00</sln:gmIIPWersja><sln:gmIdTeryt>2215092</sln:gmIdTeryt><sln:gmNazwa>Szemud</sln:gmNazwa><sln:miejscIIPId>16311743-d68e-4379-a2fa-628376bde16b</sln:miejscIIPId><sln:miejscIIPPn>PL.PZGIK.200</sln:miejscIIPPn><sln:miejscIIPWersja>2017-04-04T13:50:19+02:00</sln:miejscIIPWersja><sln:miejscIdTeryt>0175395</sln:miejscIdTeryt><sln:miejscNazwa>Łebno</sln:miejscNazwa><sln:miejscRodzaj>Wieś</sln:miejscRodzaj><sln:powIIPId>c2d26b98-7beb-464c-b95a-f466e058aa4f</sln:powIIPId><sln:powIIPPn>PL.PZGIK.200</sln:powIIPPn><sln:powIIPWersja>2012-09-27T09:33:51+02:00</sln:powIIPWersja><sln:powIdTeryt>2215</sln:powIdTeryt><sln:powNazwa>wejherowski</sln:powNazwa><sln:waznyOd>2011-08-31T00:00:00+02:00</sln:waznyOd><sln:wojIIPId>ece93e09-0215-42f3-8067-be0649f58d46</sln:wojIIPId><sln:wojIIPPn>PL.PZGIK.200</sln:wojIIPPn><sln:wojIIPWersja>2012-09-27T13:45:13+02:00</sln:wojIIPWersja><sln:wojIdTeryt>22</sln:wojIdTeryt><sln:wojNazwa>pomorskie</sln:wojNazwa></sln:miejscowosc><sln:miejscowosc><sln:cyklZyciaOd>2017-04-04T00:00:00+02:00</sln:cyklZyciaOd><sln:gmIIPId>8695e201-407e-4587-90c8-b7ca011c124d</sln:gmIIPId><sln:gmIIPPn>PL.PZGIK.200</sln:gmIIPPn><sln:gmIIPWersja>2012-09-26T22:46:31+02:00</sln:gmIIPWersja><sln:gmIdTeryt>2215092</sln:gmIdTeryt><sln:gmNazwa>Szemud</sln:gmNazwa><sln:miejscIIPId>5c3576e1-f4ee-4eea-a72a-e9ddfb64b94e</sln:miejscIIPId><sln:miejscIIPPn>PL.PZGIK.200</sln:miejscIIPPn><sln:miejscIIPWersja>2017-04-04T13:50:19+02:00</sln:miejscIIPWersja><sln:miejscIdTeryt>0175410</sln:miejscIdTeryt><sln:miejscNazwa>Przetoczyno</sln:miejscNazwa><sln:miejscRodzaj>Wieś</sln:miejscRodzaj><sln:powIIPId>c2d26b98-7beb-464c-b95a-f466e058aa4f</sln:powIIPId><sln:powIIPPn>PL.PZGIK.200</sln:powIIPPn><sln:powIIPWersja>2012-09-27T09:33:51+02:00</sln:powIIPWersja><sln:powIdTeryt>2215</sln:powIdTeryt><sln:powNazwa>wejherowski</sln:powNazwa><sln:waznyOd>2011-08-31T00:00:00+02:00</sln:waznyOd><sln:wojIIPId>ece93e09-0215-42f3-8067-be0649f58d46</sln:wojIIPId><sln:wojIIPPn>PL.PZGIK.200</sln:wojIIPPn><sln:wojIIPWersja>2012-09-27T13:45:13+02:00</sln:wojIIPWersja><sln:wojIdTeryt>22</sln:wojIdTeryt><sln:wojNazwa>pomorskie</sln:wojNazwa></sln:miejscowosc><sln:miejscowosc><sln:cyklZyciaOd>2017-04-04T00:00:00+02:00</sln:cyklZyciaOd><sln:gmIIPId>8695e201-407e-4587-90c8-b7ca011c124d</sln:gmIIPId><sln:gmIIPPn>PL.PZGIK.200</sln:gmIIPPn><sln:gmIIPWersja>2012-09-26T22:46:31+02:00</sln:gmIIPWersja><sln:gmIdTeryt>2215092</sln:gmIdTeryt><sln:gmNazwa>Szemud</sln:gmNazwa><sln:miejscIIPId>1afc0553-1642-4b79-a9e5-ffeb32aa8a02</sln:miejscIIPId><sln:miejscIIPPn>PL.PZGIK.200</sln:miejscIIPPn><sln:miejscIIPWersja>2017-04-04T13:50:19+02:00</sln:miejscIIPWersja><sln:miejscIdTeryt>0175449</sln:miejscIdTeryt><sln:miejscNazwa>Szemud</sln:miejscNazwa><sln:miejscRodzaj>Wieś</sln:miejscRodzaj><sln:powIIPId>c2d26b98-7beb-464c-b95a-f466e058aa4f</sln:powIIPId><sln:powIIPPn>PL.PZGIK.200</sln:powIIPPn><sln:powIIPWersja>2012-09-27T09:33:51+02:00</sln:powIIPWersja><sln:powIdTeryt>2215</sln:powIdTeryt><sln:powNazwa>wejherowski</sln:powNazwa><sln:waznyOd>2011-08-31T00:00:00+02:00</sln:waznyOd><sln:wojIIPId>ece93e09-0215-42f3-8067-be0649f58d46</sln:wojIIPId><sln:wojIIPPn>PL.PZGIK.200</sln:wojIIPPn><sln:wojIIPWersja>2012-09-27T13:45:13+02:00</sln:wojIIPWersja><sln:wojIdTeryt>22</sln:wojIdTeryt><sln:wojNazwa>pomorskie</sln:wojNazwa></sln:miejscowosc><sln:miejscowosc><sln:cyklZyciaOd>2017-04-04T00:00:00+02:00</sln:cyklZyciaOd><sln:gmIIPId>8695e201-407e-4587-90c8-b7ca011c124d</sln:gmIIPId><sln:gmIIPPn>PL.PZGIK.200</sln:gmIIPPn><sln:gmIIPWersja>2012-09-26T22:46:31+02:00</sln:gmIIPWersja><sln:gmIdTeryt>2215092</sln:gmIdTeryt><sln:gmNazwa>Szemud</sln:gmNazwa><sln:miejscIIPId>c6f0c2b2-c61a-48d6-8d73-e2cdea15b0f3</sln:miejscIIPId><sln:miejscIIPPn>PL.PZGIK.200</sln:miejscIIPPn><sln:miejscIIPWersja>2017-04-04T13:50:19+02:00</sln:miejscIIPWersja><sln:miejscIdTeryt>0175455</sln:miejscIdTeryt><sln:miejscNazwa>Szemudzka Huta</sln:miejscNazwa><sln:miejscRodzaj>Wieś</sln:miejscRodzaj><sln:powIIPId>c2d26b98-7beb-464c-b95a-f466e058aa4f</sln:powIIPId><sln:powIIPPn>PL.PZGIK.200</sln:powIIPPn><sln:powIIPWersja>2012-09-27T09:33:51+02:00</sln:powIIPWersja><sln:powIdTeryt>2215</sln:powIdTeryt><sln:powNazwa>wejherowski</sln:powNazwa><sln:waznyOd>2011-08-31T00:00:00+02:00</sln:waznyOd><sln:wojIIPId>ece93e09-0215-42f3-8067-be0649f58d46</sln:wojIIPId><sln:wojIIPPn>PL.PZGIK.200</sln:wojIIPPn><sln:wojIIPWersja>2012-09-27T13:45:13+02:00</sln:wojIIPWersja><sln:wojIdTeryt>22</sln:wojIdTeryt><sln:wojNazwa>pomorskie</sln:wojNazwa></sln:miejscowosc><sln:miejscowosc><sln:cyklZyciaOd>2017-04-04T00:00:00+02:00</sln:cyklZyciaOd><sln:gmIIPId>8695e201-407e-4587-90c8-b7ca011c124d</sln:gmIIPId><sln:gmIIPPn>PL.PZGIK.200</sln:gmIIPPn><sln:gmIIPWersja>2012-09-26T22:46:31+02:00</sln:gmIIPWersja><sln:gmIdTeryt>2215092</sln:gmIdTeryt><sln:gmNazwa>Szemud</sln:gmNazwa><sln:miejscIIPId>f55c9d1f-1842-4327-92e4-a0ebc908e720</sln:miejscIIPId><sln:miejscIIPPn>PL.PZGIK.200</sln:miejscIIPPn><sln:miejscIIPWersja>2017-04-04T13:50:20+02:00</sln:miejscIIPWersja><sln:miejscIdTeryt>0175461</sln:miejscIdTeryt><sln:miejscNazwa>Warzno</sln:miejscNazwa><sln:miejscRodzaj>Wieś</sln:miejscRodzaj><sln:powIIPId>c2d26b98-7beb-464c-b95a-f466e058aa4f</sln:powIIPId><sln:powIIPPn>PL.PZGIK.200</sln:powIIPPn><sln:powIIPWersja>2012-09-27T09:33:51+02:00</sln:powIIPWersja><sln:powIdTeryt>2215</sln:powIdTeryt><sln:powNazwa>wejherowski</sln:powNazwa><sln:waznyOd>2011-08-31T00:00:00+02:00</sln:waznyOd><sln:wojIIPId>ece93e09-0215-42f3-8067-be0649f58d46</sln:wojIIPId><sln:wojIIPPn>PL.PZGIK.200</sln:wojIIPPn><sln:wojIIPWersja>2012-09-27T13:45:13+02:00</sln:wojIIPWersja><sln:wojIdTeryt>22</sln:wojIdTeryt><sln:wojNazwa>pomorskie</sln:wojNazwa></sln:miejscowosc><sln:miejscowosc><sln:cyklZyciaOd>2017-04-04T00:00:00+02:00</sln:cyklZyciaOd><sln:gmIIPId>8695e201-407e-4587-90c8-b7ca011c124d</sln:gmIIPId><sln:gmIIPPn>PL.PZGIK.200</sln:gmIIPPn><sln:gmIIPWersja>2012-09-26T22:46:31+02:00</sln:gmIIPWersja><sln:gmIdTeryt>2215092</sln:gmIdTeryt><sln:gmNazwa>Szemud</sln:gmNazwa><sln:miejscIIPId>97e87873-c4b4-429e-8ceb-50369020ac9a</sln:miejscIIPId><sln:miejscIIPPn>PL.PZGIK.200</sln:miejscIIPPn><sln:miejscIIPWersja>2017-04-04T13:50:20+02:00</sln:miejscIIPWersja><sln:miejscIdTeryt>0175478</sln:miejscIdTeryt><sln:miejscNazwa>Rębiska</sln:miejscNazwa><sln:miejscRodzaj>Wieś</sln:miejscRodzaj><sln:powIIPId>c2d26b98-7beb-464c-b95a-f466e058aa4f</sln:powIIPId><sln:powIIPPn>PL.PZGIK.200</sln:powIIPPn><sln:powIIPWersja>2012-09-27T09:33:51+02:00</sln:powIIPWersja><sln:powIdTeryt>2215</sln:powIdTeryt><sln:powNazwa>wejherowski</sln:powNazwa><sln:waznyOd>2011-08-31T00:00:00+02:00</sln:waznyOd><sln:wojIIPId>ece93e09-0215-42f3-8067-be0649f58d46</sln:wojIIPId><sln:wojIIPPn>PL.PZGIK.200</sln:wojIIPPn><sln:wojIIPWersja>2012-09-27T13:45:13+02:00</sln:wojIIPWersja><sln:wojIdTeryt>22</sln:wojIdTeryt><sln:wojNazwa>pomorskie</sln:wojNazwa></sln:miejscowosc><sln:miejscowosc><sln:cyklZyciaOd>2017-04-04T00:00:00+02:00</sln:cyklZyciaOd><sln:gmIIPId>8695e201-407e-4587-90c8-b7ca011c124d</sln:gmIIPId><sln:gmIIPPn>PL.PZGIK.200</sln:gmIIPPn><sln:gmIIPWersja>2012-09-26T22:46:31+02:00</sln:gmIIPWersja><sln:gmIdTeryt>2215092</sln:gmIdTeryt><sln:gmNazwa>Szemud</sln:gmNazwa><sln:miejscIIPId>00dbb9b3-d55b-42b0-bad7-bfd232e4841f</sln:miejscIIPId><sln:miejscIIPPn>PL.PZGIK.200</sln:miejscIIPPn><sln:miejscIIPWersja>2017-04-04T13:50:20+02:00</sln:miejscIIPWersja><sln:miejscIdTeryt>0175490</sln:miejscIdTeryt><sln:miejscNazwa>Donimierz</sln:miejscNazwa><sln:miejscRodzaj>Wieś</sln:miejscRodzaj><sln:powIIPId>c2d26b98-7beb-464c-b95a-f466e058aa4f</sln:powIIPId><sln:powIIPPn>PL.PZGIK.200</sln:powIIPPn><sln:powIIPWersja>2012-09-27T09:33:51+02:00</sln:powIIPWersja><sln:powIdTeryt>2215</sln:powIdTeryt><sln:powNazwa>wejherowski</sln:powNazwa><sln:waznyOd>2011-08-31T00:00:00+02:00</sln:waznyOd><sln:wojIIPId>ece93e09-0215-42f3-8067-be0649f58d46</sln:wojIIPId><sln:wojIIPPn>PL.PZGIK.200</sln:wojIIPPn><sln:wojIIPWersja>2012-09-27T13:45:13+02:00</sln:wojIIPWersja><sln:wojIdTeryt>22</sln:wojIdTeryt><sln:wojNazwa>pomorskie</sln:wojNazwa></sln:miejscowosc><sln:miejscowosc><sln:cyklZyciaOd>2017-04-04T00:00:00+02:00</sln:cyklZyciaOd><sln:gmIIPId>8695e201-407e-4587-90c8-b7ca011c124d</sln:gmIIPId><sln:gmIIPPn>PL.PZGIK.200</sln:gmIIPPn><sln:gmIIPWersja>2012-09-26T22:46:31+02:00</sln:gmIIPWersja><sln:gmIdTeryt>2215092</sln:gmIdTeryt><sln:gmNazwa>Szemud</sln:gmNazwa><sln:miejscIIPId>d3952e80-e12c-43ce-a62b-3dca977c59e9</sln:miejscIIPId><sln:miejscIIPPn>PL.PZGIK.200</sln:miejscIIPPn><sln:miejscIIPWersja>2017-04-04T13:50:20+02:00</sln:miejscIIPWersja><sln:miejscIdTeryt>0175550</sln:miejscIdTeryt><sln:miejscNazwa>Zęblewo</sln:miejscNazwa><sln:miejscRodzaj>Wieś</sln:miejscRodzaj><sln:powIIPId>c2d26b98-7beb-464c-b95a-f466e058aa4f</sln:powIIPId><sln:powIIPPn>PL.PZGIK.200</sln:powIIPPn><sln:powIIPWersja>2012-09-27T09:33:51+02:00</sln:powIIPWersja><sln:powIdTeryt>2215</sln:powIdTeryt><sln:powNazwa>wejherowski</sln:powNazwa><sln:waznyOd>2011-08-31T00:00:00+02:00</sln:waznyOd><sln:wojIIPId>ece93e09-0215-42f3-8067-be0649f58d46</sln:wojIIPId><sln:wojIIPPn>PL.PZGIK.200</sln:wojIIPPn><sln:wojIIPWersja>2012-09-27T13:45:13+02:00</sln:wojIIPWersja><sln:wojIdTeryt>22</sln:wojIdTeryt><sln:wojNazwa>pomorskie</sln:wojNazwa></sln:miejscowosc><sln:miejscowosc><sln:cyklZyciaOd>2017-04-04T00:00:00+02:00</sln:cyklZyciaOd><sln:gmIIPId>8695e201-407e-4587-90c8-b7ca011c124d</sln:gmIIPId><sln:gmIIPPn>PL.PZGIK.200</sln:gmIIPPn><sln:gmIIPWersja>2012-09-26T22:46:31+02:00</sln:gmIIPWersja><sln:gmIdTeryt>2215092</sln:gmIdTeryt><sln:gmNazwa>Szemud</sln:gmNazwa><sln:miejscIIPId>9c32c6f1-65c5-4369-a06c-b94ef027b424</sln:miejscIIPId><sln:miejscIIPPn>PL.PZGIK.200</sln:miejscIIPPn><sln:miejscIIPWersja>2017-04-04T13:50:20+02:00</sln:miejscIIPWersja><sln:miejscIdTeryt>0990971</sln:miejscIdTeryt><sln:miejscNazwa>Kieleńska Huta</sln:miejscNazwa><sln:miejscRodzaj>Wieś</sln:miejscRodzaj><sln:powIIPId>c2d26b98-7beb-464c-b95a-f466e058aa4f</sln:powIIPId><sln:powIIPPn>PL.PZGIK.200</sln:powIIPPn><sln:powIIPWersja>2012-09-27T09:33:51+02:00</sln:powIIPWersja><sln:powIdTeryt>2215</sln:powIdTeryt><sln:powNazwa>wejherowski</sln:powNazwa><sln:waznyOd>2011-08-31T00:00:00+02:00</sln:waznyOd><sln:wojIIPId>ece93e09-0215-42f3-8067-be0649f58d46</sln:wojIIPId><sln:wojIIPPn>PL.PZGIK.200</sln:wojIIPPn><sln:wojIIPWersja>2012-09-27T13:45:13+02:00</sln:wojIIPWersja><sln:wojIdTeryt>22</sln:wojIdTeryt><sln:wojNazwa>pomorskie</sln:wojNazwa></sln:miejscowosc></sln:lista-miejscowosci>