<?xml version="1.0" encoding="UTF-8" standalone="yes"?><sln:lista-miejscowosci xmlns:srv="http://gugik.gov.pl/schemas/slowniki-service/1.0" xmlns:sln="http://gugik.gov.pl/schemas/slowniki-schema/1.0"><sln:miejscowosc><sln:cyklZyciaOd>2015-01-12T00:00:00+01:00</sln:cyklZyciaOd><sln:gmIIPId>6a9f610e-34d3-4210-90fd-ff22c39a501d</sln:gmIIPId><sln:gmIIPPn>PL.PZGIK.200</sln:gmIIPPn><sln:gmIIPWersja>2012-09-26T22:46:25+02:00</sln:gmIIPWersja><sln:gmIdTeryt>2214043</sln:gmIdTeryt><sln:gmNazwa>Pelplin</sln:gmNazwa><sln:miejscIIPId>bc3e1f6b-a59d-48f5-8ceb-6873f58b7332</sln:miejscIIPId><sln:miejscIIPPn>PL.PZGIK.200</sln:miejscIIPPn><sln:miejscIIPWersja>2016-11-24T13:29:58+02:00</sln:miejscIIPWersja><sln:miejscIdTeryt>0169012</sln:miejscIdTeryt><sln:miejscNazwa>Rożental</sln:miejscNazwa><sln:miejscRodzaj>Wieś</sln:miejscRodzaj><sln:powIIPId>44ae8851-773f-4c90-8c57-a123f89b8626</sln:powIIPId><sln:powIIPPn>PL.PZGIK.200</sln:powIIPPn><sln:powIIPWersja>2012-09-27T09:33:51+02:00</sln:powIIPWersja><sln:powIdTeryt>2214</sln:powIdTeryt><sln:powNazwa>tczewski</sln:powNazwa><sln:wojIIPId>ece93e09-0215-42f3-8067-be0649f58d46</sln:wojIIPId><sln:wojIIPPn>PL.PZGIK.200</sln:wojIIPPn><sln:wojIIPWersja>2012-09-27T13:45:13+02:00</sln:wojIIPWersja><sln:wojIdTeryt>22</sln:wojIdTeryt><sln:wojNazwa>pomorskie</sln:wojNazwa></sln:miejscowosc><sln:miejscowosc><sln:cyklZyciaOd>2015-01-12T00:00:00+01:00</sln:cyklZyciaOd><sln:gmIIPId>6a9f610e-34d3-4210-90fd-ff22c39a501d</sln:gmIIPId><sln:gmIIPPn>PL.PZGIK.200</sln:gmIIPPn><sln:gmIIPWersja>2012-09-26T22:46:25+02:00</sln:gmIIPWersja><sln:gmIdTeryt>2214043</sln:gmIdTeryt><sln:gmNazwa>Pelplin</sln:gmNazwa><sln:miejscIIPId>f8d6fc4f-c3f3-46fb-a566-1fd30cbf8c8a</sln:miejscIIPId><sln:miejscIIPPn>PL.PZGIK.200</sln:miejscIIPPn><sln:miejscIIPWersja>2016-11-24T13:46:09+02:00</sln:miejscIIPWersja><sln:miejscIdTeryt>0168917</sln:miejscIdTeryt><sln:miejscNazwa>Kulowo</sln:miejscNazwa><sln:miejscRodzaj>Osada</sln:miejscRodzaj><sln:powIIPId>44ae8851-773f-4c90-8c57-a123f89b8626</sln:powIIPId><sln:powIIPPn>PL.PZGIK.200</sln:powIIPPn><sln:powIIPWersja>2012-09-27T09:33:51+02:00</sln:powIIPWersja><sln:powIdTeryt>2214</sln:powIdTeryt><sln:powNazwa>tczewski</sln:powNazwa><sln:wojIIPId>ece93e09-0215-42f3-8067-be0649f58d46</sln:wojIIPId><sln:wojIIPPn>PL.PZGIK.200</sln:wojIIPPn><sln:wojIIPWersja>2012-09-27T13:45:13+02:00</sln:wojIIPWersja><sln:wojIdTeryt>22</sln:wojIdTeryt><sln:wojNazwa>pomorskie</sln:wojNazwa></sln:miejscowosc><sln:miejscowosc><sln:cyklZyciaOd>2015-01-12T00:00:00+01:00</sln:cyklZyciaOd><sln:gmIIPId>6a9f610e-34d3-4210-90fd-ff22c39a501d</sln:gmIIPId><sln:gmIIPPn>PL.PZGIK.200</sln:gmIIPPn><sln:gmIIPWersja>2012-09-26T22:46:25+02:00</sln:gmIIPWersja><sln:gmIdTeryt>2214043</sln:gmIdTeryt><sln:gmNazwa>Pelplin</sln:gmNazwa><sln:miejscIIPId>47a4b68c-6fe5-4184-8342-981cdaa9a795</sln:miejscIIPId><sln:miejscIIPPn>PL.PZGIK.200</sln:miejscIIPPn><sln:miejscIIPWersja>2016-11-24T13:28:43+02:00</sln:miejscIIPWersja><sln:miejscIdTeryt>0168863</sln:miejscIdTeryt><sln:miejscNazwa>Pomyje</sln:miejscNazwa><sln:miejscRodzaj>Wieś</sln:miejscRodzaj><sln:powIIPId>44ae8851-773f-4c90-8c57-a123f89b8626</sln:powIIPId><sln:powIIPPn>PL.PZGIK.200</sln:powIIPPn><sln:powIIPWersja>2012-09-27T09:33:51+02:00</sln:powIIPWersja><sln:powIdTeryt>2214</sln:powIdTeryt><sln:powNazwa>tczewski</sln:powNazwa><sln:wojIIPId>ece93e09-0215-42f3-8067-be0649f58d46</sln:wojIIPId><sln:wojIIPPn>PL.PZGIK.200</sln:wojIIPPn><sln:wojIIPWersja>2012-09-27T13:45:13+02:00</sln:wojIIPWersja><sln:wojIdTeryt>22</sln:wojIdTeryt><sln:wojNazwa>pomorskie</sln:wojNazwa></sln:miejscowosc><sln:miejscowosc><sln:cyklZyciaOd>2015-01-12T00:00:00+01:00</sln:cyklZyciaOd><sln:gmIIPId>6a9f610e-34d3-4210-90fd-ff22c39a501d</sln:gmIIPId><sln:gmIIPPn>PL.PZGIK.200</sln:gmIIPPn><sln:gmIIPWersja>2012-09-26T22:46:25+02:00</sln:gmIIPWersja><sln:gmIdTeryt>2214043</sln:gmIdTeryt><sln:gmNazwa>Pelplin</sln:gmNazwa><sln:miejscIIPId>f366ace3-ccbb-4a7c-8695-dcdbd49c292b</sln:miejscIIPId><sln:miejscIIPPn>PL.PZGIK.200</sln:miejscIIPPn><sln:miejscIIPWersja>2016-11-24T13:44:32+02:00</sln:miejscIIPWersja><sln:miejscIdTeryt>0934599</sln:miejscIdTeryt><sln:miejscNazwa>Pelplin</sln:miejscNazwa><sln:miejscRodzaj>Miasto</sln:miejscRodzaj><sln:powIIPId>44ae8851-773f-4c90-8c57-a123f89b8626</sln:powIIPId><sln:powIIPPn>PL.PZGIK.200</sln:powIIPPn><sln:powIIPWersja>2012-09-27T09:33:51+02:00</sln:powIIPWersja><sln:powIdTeryt>2214</sln:powIdTeryt><sln:powNazwa>tczewski</sln:powNazwa><sln:wojIIPId>ece93e09-0215-42f3-8067-be0649f58d46</sln:wojIIPId><sln:wojIIPPn>PL.PZGIK.200</sln:wojIIPPn><sln:wojIIPWersja>2012-09-27T13:45:13+02:00</sln:wojIIPWersja><sln:wojIdTeryt>22</sln:wojIdTeryt><sln:wojNazwa>pomorskie</sln:wojNazwa></sln:miejscowosc><sln:miejscowosc><sln:cyklZyciaOd>2015-01-12T00:00:00+01:00</sln:cyklZyciaOd><sln:gmIIPId>6a9f610e-34d3-4210-90fd-ff22c39a501d</sln:gmIIPId><sln:gmIIPPn>PL.PZGIK.200</sln:gmIIPPn><sln:gmIIPWersja>2012-09-26T22:46:25+02:00</sln:gmIIPWersja><sln:gmIdTeryt>2214043</sln:gmIdTeryt><sln:gmNazwa>Pelplin</sln:gmNazwa><sln:miejscIIPId>82f49704-9525-4ad5-a211-b6b8489cedf5</sln:miejscIIPId><sln:miejscIIPPn>PL.PZGIK.200</sln:miejscIIPPn><sln:miejscIIPWersja>2016-11-24T13:29:49+02:00</sln:miejscIIPWersja><sln:miejscIdTeryt>0168975</sln:miejscIdTeryt><sln:miejscNazwa>Ropuchy</sln:miejscNazwa><sln:miejscRodzaj>Wieś</sln:miejscRodzaj><sln:powIIPId>44ae8851-773f-4c90-8c57-a123f89b8626</sln:powIIPId><sln:powIIPPn>PL.PZGIK.200</sln:powIIPPn><sln:powIIPWersja>2012-09-27T09:33:51+02:00</sln:powIIPWersja><sln:powIdTeryt>2214</sln:powIdTeryt><sln:powNazwa>tczewski</sln:powNazwa><sln:wojIIPId>ece93e09-0215-42f3-8067-be0649f58d46</sln:wojIIPId><sln:wojIIPPn>PL.PZGIK.200</sln:wojIIPPn><sln:wojIIPWersja>2012-09-27T13:45:13+02:00</sln:wojIIPWersja><sln:wojIdTeryt>22</sln:wojIdTeryt><sln:wojNazwa>pomorskie</sln:wojNazwa></sln:miejscowosc><sln:miejscowosc><sln:cyklZyciaOd>2015-01-12T00:00:00+01:00</sln:cyklZyciaOd><sln:gmIIPId>6a9f610e-34d3-4210-90fd-ff22c39a501d</sln:gmIIPId><sln:gmIIPPn>PL.PZGIK.200</sln:gmIIPPn><sln:gmIIPWersja>2012-09-26T22:46:25+02:00</sln:gmIIPWersja><sln:gmIdTeryt>2214043</sln:gmIdTeryt><sln:gmNazwa>Pelplin</sln:gmNazwa><sln:miejscIIPId>3c1ade71-1b4f-4277-9e2d-c51919608f5c</sln:miejscIIPId><sln:miejscIIPPn>PL.PZGIK.200</sln:miejscIIPPn><sln:miejscIIPWersja>2016-11-24T13:38:30+02:00</sln:miejscIIPWersja><sln:miejscIdTeryt>0168768</sln:miejscIdTeryt><sln:miejscNazwa>Janiszewo</sln:miejscNazwa><sln:miejscRodzaj>Wieś</sln:miejscRodzaj><sln:powIIPId>44ae8851-773f-4c90-8c57-a123f89b8626</sln:powIIPId><sln:powIIPPn>PL.PZGIK.200</sln:powIIPPn><sln:powIIPWersja>2012-09-27T09:33:51+02:00</sln:powIIPWersja><sln:powIdTeryt>2214</sln:powIdTeryt><sln:powNazwa>tczewski</sln:powNazwa><sln:wojIIPId>ece93e09-0215-42f3-8067-be0649f58d46</sln:wojIIPId><sln:wojIIPPn>PL.PZGIK.200</sln:wojIIPPn><sln:wojIIPWersja>2012-09-27T13:45:13+02:00</sln:wojIIPWersja><sln:wojIdTeryt>22</sln:wojIdTeryt><sln:wojNazwa>pomorskie</sln:wojNazwa></sln:miejscowosc><sln:miejscowosc><sln:cyklZyciaOd>2015-01-12T00:00:00+01:00</sln:cyklZyciaOd><sln:gmIIPId>6a9f610e-34d3-4210-90fd-ff22c39a501d</sln:gmIIPId><sln:gmIIPPn>PL.PZGIK.200</sln:gmIIPPn><sln:gmIIPWersja>2012-09-26T22:46:25+02:00</sln:gmIIPWersja><sln:gmIdTeryt>2214043</sln:gmIdTeryt><sln:gmNazwa>Pelplin</sln:gmNazwa><sln:miejscIIPId>a4ea328b-924c-49b9-88e6-a491f0888740</sln:miejscIIPId><sln:miejscIIPPn>PL.PZGIK.200</sln:miejscIIPPn><sln:miejscIIPWersja>2016-11-24T13:46:12+02:00</sln:miejscIIPWersja><sln:miejscIdTeryt>0169006</sln:miejscIdTeryt><sln:miejscNazwa>Pelplin-Nadleśnictwo</sln:miejscNazwa><sln:miejscRodzaj>Osada</sln:miejscRodzaj><sln:powIIPId>44ae8851-773f-4c90-8c57-a123f89b8626</sln:powIIPId><sln:powIIPPn>PL.PZGIK.200</sln:powIIPPn><sln:powIIPWersja>2012-09-27T09:33:51+02:00</sln:powIIPWersja><sln:powIdTeryt>2214</sln:powIdTeryt><sln:powNazwa>tczewski</sln:powNazwa><sln:wojIIPId>ece93e09-0215-42f3-8067-be0649f58d46</sln:wojIIPId><sln:wojIIPPn>PL.PZGIK.200</sln:wojIIPPn><sln:wojIIPWersja>2012-09-27T13:45:13+02:00</sln:wojIIPWersja><sln:wojIdTeryt>22</sln:wojIdTeryt><sln:wojNazwa>pomorskie</sln:wojNazwa></sln:miejscowosc><sln:miejscowosc><sln:cyklZyciaOd>2015-01-12T00:00:00+01:00</sln:cyklZyciaOd><sln:gmIIPId>6a9f610e-34d3-4210-90fd-ff22c39a501d</sln:gmIIPId><sln:gmIIPPn>PL.PZGIK.200</sln:gmIIPPn><sln:gmIIPWersja>2012-09-26T22:46:25+02:00</sln:gmIIPWersja><sln:gmIdTeryt>2214043</sln:gmIdTeryt><sln:gmNazwa>Pelplin</sln:gmNazwa><sln:miejscIIPId>0272c2ce-d01b-4811-9b88-f3f8a2fe2fec</sln:miejscIIPId><sln:miejscIIPPn>PL.PZGIK.200</sln:miejscIIPPn><sln:miejscIIPWersja>2016-11-24T13:54:55+02:00</sln:miejscIIPWersja><sln:miejscIdTeryt>0168805</sln:miejscIdTeryt><sln:miejscNazwa>Stocki Młyn</sln:miejscNazwa><sln:miejscRodzaj>Osada</sln:miejscRodzaj><sln:powIIPId>44ae8851-773f-4c90-8c57-a123f89b8626</sln:powIIPId><sln:powIIPPn>PL.PZGIK.200</sln:powIIPPn><sln:powIIPWersja>2012-09-27T09:33:51+02:00</sln:powIIPWersja><sln:powIdTeryt>2214</sln:powIdTeryt><sln:powNazwa>tczewski</sln:powNazwa><sln:wojIIPId>ece93e09-0215-42f3-8067-be0649f58d46</sln:wojIIPId><sln:wojIIPPn>PL.PZGIK.200</sln:wojIIPPn><sln:wojIIPWersja>2012-09-27T13:45:13+02:00</sln:wojIIPWersja><sln:wojIdTeryt>22</sln:wojIdTeryt><sln:wojNazwa>pomorskie</sln:wojNazwa></sln:miejscowosc><sln:miejscowosc><sln:cyklZyciaOd>2015-01-12T00:00:00+01:00</sln:cyklZyciaOd><sln:gmIIPId>6a9f610e-34d3-4210-90fd-ff22c39a501d</sln:gmIIPId><sln:gmIIPPn>PL.PZGIK.200</sln:gmIIPPn><sln:gmIIPWersja>2012-09-26T22:46:25+02:00</sln:gmIIPWersja><sln:gmIdTeryt>2214043</sln:gmIdTeryt><sln:gmNazwa>Pelplin</sln:gmNazwa><sln:miejscIIPId>09a334da-50c4-4a87-992c-382fb846eb9c</sln:miejscIIPId><sln:miejscIIPPn>PL.PZGIK.200</sln:miejscIIPPn><sln:miejscIIPWersja>2016-11-24T13:46:09+02:00</sln:miejscIIPWersja><sln:miejscIdTeryt>0168930</sln:miejscIdTeryt><sln:miejscNazwa>Ornasowo</sln:miejscNazwa><sln:miejscRodzaj>Osada</sln:miejscRodzaj><sln:powIIPId>44ae8851-773f-4c90-8c57-a123f89b8626</sln:powIIPId><sln:powIIPPn>PL.PZGIK.200</sln:powIIPPn><sln:powIIPWersja>2012-09-27T09:33:51+02:00</sln:powIIPWersja><sln:powIdTeryt>2214</sln:powIdTeryt><sln:powNazwa>tczewski</sln:powNazwa><sln:wojIIPId>ece93e09-0215-42f3-8067-be0649f58d46</sln:wojIIPId><sln:wojIIPPn>PL.PZGIK.200</sln:wojIIPPn><sln:wojIIPWersja>2012-09-27T13:45:13+02:00</sln:wojIIPWersja><sln:wojIdTeryt>22</sln:wojIdTeryt><sln:wojNazwa>pomorskie</sln:wojNazwa></sln:miejscowosc><sln:miejscowosc><sln:cyklZyciaOd>2015-01-12T00:00:00+01:00</sln:cyklZyciaOd><sln:gmIIPId>6a9f610e-34d3-4210-90fd-ff22c39a501d</sln:gmIIPId><sln:gmIIPPn>PL.PZGIK.200</sln:gmIIPPn><sln:gmIIPWersja>2012-09-26T22:46:25+02:00</sln:gmIIPWersja><sln:gmIdTeryt>2214043</sln:gmIdTeryt><sln:gmNazwa>Pelplin</sln:gmNazwa><sln:miejscIIPId>24c16b82-d8c8-426d-bae2-332bf33b5208</sln:miejscIIPId><sln:miejscIIPPn>PL.PZGIK.200</sln:miejscIIPPn><sln:miejscIIPWersja>2016-11-24T13:59:28+02:00</sln:miejscIIPWersja><sln:miejscIdTeryt>0934607</sln:miejscIdTeryt><sln:miejscNazwa>Maciejewo</sln:miejscNazwa><sln:miejscRodzaj>Inny obiekt</sln:miejscRodzaj><sln:powIIPId>44ae8851-773f-4c90-8c57-a123f89b8626</sln:powIIPId><sln:powIIPPn>PL.PZGIK.200</sln:powIIPPn><sln:powIIPWersja>2012-09-27T09:33:51+02:00</sln:powIIPWersja><sln:powIdTeryt>2214</sln:powIdTeryt><sln:powNazwa>tczewski</sln:powNazwa><sln:wojIIPId>ece93e09-0215-42f3-8067-be0649f58d46</sln:wojIIPId><sln:wojIIPPn>PL.PZGIK.200</sln:wojIIPPn><sln:wojIIPWersja>2012-09-27T13:45:13+02:00</sln:wojIIPWersja><sln:wojIdTeryt>22</sln:wojIdTeryt><sln:wojNazwa>pomorskie</sln:wojNazwa></sln:miejscowosc><sln:miejscowosc><sln:cyklZyciaOd>2015-01-12T00:00:00+01:00</sln:cyklZyciaOd><sln:gmIIPId>6a9f610e-34d3-4210-90fd-ff22c39a501d</sln:gmIIPId><sln:gmIIPPn>PL.PZGIK.200</sln:gmIIPPn><sln:gmIIPWersja>2012-09-26T22:46:25+02:00</sln:gmIIPWersja><sln:gmIdTeryt>2214043</sln:gmIdTeryt><sln:gmNazwa>Pelplin</sln:gmNazwa><sln:miejscIIPId>d4ada8bd-ce70-4317-9a30-1c66571720cd</sln:miejscIIPId><sln:miejscIIPPn>PL.PZGIK.200</sln:miejscIIPPn><sln:miejscIIPWersja>2016-11-24T13:39:30+02:00</sln:miejscIIPWersja><sln:miejscIdTeryt>0168722</sln:miejscIdTeryt><sln:miejscNazwa>Bielawki</sln:miejscNazwa><sln:miejscRodzaj>Wieś</sln:miejscRodzaj><sln:powIIPId>44ae8851-773f-4c90-8c57-a123f89b8626</sln:powIIPId><sln:powIIPPn>PL.PZGIK.200</sln:powIIPPn><sln:powIIPWersja>2012-09-27T09:33:51+02:00</sln:powIIPWersja><sln:powIdTeryt>2214</sln:powIdTeryt><sln:powNazwa>tczewski</sln:powNazwa><sln:wojIIPId>ece93e09-0215-42f3-8067-be0649f58d46</sln:wojIIPId><sln:wojIIPPn>PL.PZGIK.200</sln:wojIIPPn><sln:wojIIPWersja>2012-09-27T13:45:13+02:00</sln:wojIIPWersja><sln:wojIdTeryt>22</sln:wojIdTeryt><sln:wojNazwa>pomorskie</sln:wojNazwa></sln:miejscowosc><sln:miejscowosc><sln:cyklZyciaOd>2015-01-12T00:00:00+01:00</sln:cyklZyciaOd><sln:gmIIPId>6a9f610e-34d3-4210-90fd-ff22c39a501d</sln:gmIIPId><sln:gmIIPPn>PL.PZGIK.200</sln:gmIIPPn><sln:gmIIPWersja>2012-09-26T22:46:25+02:00</sln:gmIIPWersja><sln:gmIdTeryt>2214043</sln:gmIdTeryt><sln:gmNazwa>Pelplin</sln:gmNazwa><sln:miejscIIPId>cc45b288-24d9-47b5-9252-a865fc9671a9</sln:miejscIIPId><sln:miejscIIPPn>PL.PZGIK.200</sln:miejscIIPPn><sln:miejscIIPWersja>2016-11-24T13:46:09+02:00</sln:miejscIIPWersja><sln:miejscIdTeryt>0168946</sln:miejscIdTeryt><sln:miejscNazwa>Rajkowski Młyn</sln:miejscNazwa><sln:miejscRodzaj>Osada</sln:miejscRodzaj><sln:powIIPId>44ae8851-773f-4c90-8c57-a123f89b8626</sln:powIIPId><sln:powIIPPn>PL.PZGIK.200</sln:powIIPPn><sln:powIIPWersja>2012-09-27T09:33:51+02:00</sln:powIIPWersja><sln:powIdTeryt>2214</sln:powIdTeryt><sln:powNazwa>tczewski</sln:powNazwa><sln:wojIIPId>ece93e09-0215-42f3-8067-be0649f58d46</sln:wojIIPId><sln:wojIIPPn>PL.PZGIK.200</sln:wojIIPPn><sln:wojIIPWersja>2012-09-27T13:45:13+02:00</sln:wojIIPWersja><sln:wojIdTeryt>22</sln:wojIdTeryt><sln:wojNazwa>pomorskie</sln:wojNazwa></sln:miejscowosc><sln:miejscowosc><sln:cyklZyciaOd>2015-01-12T00:00:00+01:00</sln:cyklZyciaOd><sln:gmIIPId>6a9f610e-34d3-4210-90fd-ff22c39a501d</sln:gmIIPId><sln:gmIIPPn>PL.PZGIK.200</sln:gmIIPPn><sln:gmIIPWersja>2012-09-26T22:46:25+02:00</sln:gmIIPWersja><sln:gmIdTeryt>2214043</sln:gmIdTeryt><sln:gmNazwa>Pelplin</sln:gmNazwa><sln:miejscIIPId>6b3f3bce-ea08-4a2a-879b-2063f225140a</sln:miejscIIPId><sln:miejscIIPPn>PL.PZGIK.200</sln:miejscIIPPn><sln:miejscIIPWersja>2016-11-24T13:29:36+02:00</sln:miejscIIPWersja><sln:miejscIdTeryt>0168886</sln:miejscIdTeryt><sln:miejscNazwa>Rajkowy</sln:miejscNazwa><sln:miejscRodzaj>Wieś</sln:miejscRodzaj><sln:powIIPId>44ae8851-773f-4c90-8c57-a123f89b8626</sln:powIIPId><sln:powIIPPn>PL.PZGIK.200</sln:powIIPPn><sln:powIIPWersja>2012-09-27T09:33:51+02:00</sln:powIIPWersja><sln:powIdTeryt>2214</sln:powIdTeryt><sln:powNazwa>tczewski</sln:powNazwa><sln:wojIIPId>ece93e09-0215-42f3-8067-be0649f58d46</sln:wojIIPId><sln:wojIIPPn>PL.PZGIK.200</sln:wojIIPPn><sln:wojIIPWersja>2012-09-27T13:45:13+02:00</sln:wojIIPWersja><sln:wojIdTeryt>22</sln:wojIdTeryt><sln:wojNazwa>pomorskie</sln:wojNazwa></sln:miejscowosc><sln:miejscowosc><sln:cyklZyciaOd>2015-01-12T00:00:00+01:00</sln:cyklZyciaOd><sln:gmIIPId>6a9f610e-34d3-4210-90fd-ff22c39a501d</sln:gmIIPId><sln:gmIIPPn>PL.PZGIK.200</sln:gmIIPPn><sln:gmIIPWersja>2012-09-26T22:46:25+02:00</sln:gmIIPWersja><sln:gmIdTeryt>2214043</sln:gmIdTeryt><sln:gmNazwa>Pelplin</sln:gmNazwa><sln:miejscIIPId>73c54c97-b08a-4b88-b6ce-421324486b2a</sln:miejscIIPId><sln:miejscIIPPn>PL.PZGIK.200</sln:miejscIIPPn><sln:miejscIIPWersja>2016-11-24T13:57:55+02:00</sln:miejscIIPWersja><sln:miejscIdTeryt>0168840</sln:miejscIdTeryt><sln:miejscNazwa>Nowy Międzyłęż</sln:miejscNazwa><sln:miejscRodzaj>Inny obiekt</sln:miejscRodzaj><sln:powIIPId>44ae8851-773f-4c90-8c57-a123f89b8626</sln:powIIPId><sln:powIIPPn>PL.PZGIK.200</sln:powIIPPn><sln:powIIPWersja>2012-09-27T09:33:51+02:00</sln:powIIPWersja><sln:powIdTeryt>2214</sln:powIdTeryt><sln:powNazwa>tczewski</sln:powNazwa><sln:wojIIPId>ece93e09-0215-42f3-8067-be0649f58d46</sln:wojIIPId><sln:wojIIPPn>PL.PZGIK.200</sln:wojIIPPn><sln:wojIIPWersja>2012-09-27T13:45:13+02:00</sln:wojIIPWersja><sln:wojIdTeryt>22</sln:wojIdTeryt><sln:wojNazwa>pomorskie</sln:wojNazwa></sln:miejscowosc><sln:miejscowosc><sln:cyklZyciaOd>2015-01-12T00:00:00+01:00</sln:cyklZyciaOd><sln:gmIIPId>6a9f610e-34d3-4210-90fd-ff22c39a501d</sln:gmIIPId><sln:gmIIPPn>PL.PZGIK.200</sln:gmIIPPn><sln:gmIIPWersja>2012-09-26T22:46:25+02:00</sln:gmIIPWersja><sln:gmIdTeryt>2214043</sln:gmIdTeryt><sln:gmNazwa>Pelplin</sln:gmNazwa><sln:miejscIIPId>77cc9ecb-c8cc-448f-b220-6ee7e7a3f014</sln:miejscIIPId><sln:miejscIIPPn>PL.PZGIK.200</sln:miejscIIPPn><sln:miejscIIPWersja>2016-11-24T13:59:28+02:00</sln:miejscIIPWersja><sln:miejscIdTeryt>0934613</sln:miejscIdTeryt><sln:miejscNazwa>Pólko</sln:miejscNazwa><sln:miejscRodzaj>Inny obiekt</sln:miejscRodzaj><sln:powIIPId>44ae8851-773f-4c90-8c57-a123f89b8626</sln:powIIPId><sln:powIIPPn>PL.PZGIK.200</sln:powIIPPn><sln:powIIPWersja>2012-09-27T09:33:51+02:00</sln:powIIPWersja><sln:powIdTeryt>2214</sln:powIdTeryt><sln:powNazwa>tczewski</sln:powNazwa><sln:wojIIPId>ece93e09-0215-42f3-8067-be0649f58d46</sln:wojIIPId><sln:wojIIPPn>PL.PZGIK.200</sln:wojIIPPn><sln:wojIIPWersja>2012-09-27T13:45:13+02:00</sln:wojIIPWersja><sln:wojIdTeryt>22</sln:wojIdTeryt><sln:wojNazwa>pomorskie</sln:wojNazwa></sln:miejscowosc><sln:miejscowosc><sln:cyklZyciaOd>2015-01-12T00:00:00+01:00</sln:cyklZyciaOd><sln:gmIIPId>6a9f610e-34d3-4210-90fd-ff22c39a501d</sln:gmIIPId><sln:gmIIPPn>PL.PZGIK.200</sln:gmIIPPn><sln:gmIIPWersja>2012-09-26T22:46:25+02:00</sln:gmIIPWersja><sln:gmIdTeryt>2214043</sln:gmIdTeryt><sln:gmNazwa>Pelplin</sln:gmNazwa><sln:miejscIIPId>56e0b89a-04b6-4a0c-a102-2b000bb57b97</sln:miejscIIPId><sln:miejscIIPPn>PL.PZGIK.200</sln:miejscIIPPn><sln:miejscIIPWersja>2016-11-24T13:40:40+02:00</sln:miejscIIPWersja><sln:miejscIdTeryt>0168797</sln:miejscIdTeryt><sln:miejscNazwa>Kulice</sln:miejscNazwa><sln:miejscRodzaj>Wieś</sln:miejscRodzaj><sln:powIIPId>44ae8851-773f-4c90-8c57-a123f89b8626</sln:powIIPId><sln:powIIPPn>PL.PZGIK.200</sln:powIIPPn><sln:powIIPWersja>2012-09-27T09:33:51+02:00</sln:powIIPWersja><sln:powIdTeryt>2214</sln:powIdTeryt><sln:powNazwa>tczewski</sln:powNazwa><sln:wojIIPId>ece93e09-0215-42f3-8067-be0649f58d46</sln:wojIIPId><sln:wojIIPPn>PL.PZGIK.200</sln:wojIIPPn><sln:wojIIPWersja>2012-09-27T13:45:13+02:00</sln:wojIIPWersja><sln:wojIdTeryt>22</sln:wojIdTeryt><sln:wojNazwa>pomorskie</sln:wojNazwa></sln:miejscowosc><sln:miejscowosc><sln:cyklZyciaOd>2015-01-12T00:00:00+01:00</sln:cyklZyciaOd><sln:gmIIPId>6a9f610e-34d3-4210-90fd-ff22c39a501d</sln:gmIIPId><sln:gmIIPPn>PL.PZGIK.200</sln:gmIIPPn><sln:gmIIPWersja>2012-09-26T22:46:25+02:00</sln:gmIIPWersja><sln:gmIdTeryt>2214043</sln:gmIdTeryt><sln:gmNazwa>Pelplin</sln:gmNazwa><sln:miejscIIPId>7f98f237-5ec5-45a1-ad05-9648ce8aa303</sln:miejscIIPId><sln:miejscIIPPn>PL.PZGIK.200</sln:miejscIIPPn><sln:miejscIIPWersja>2016-11-24T13:46:25+02:00</sln:miejscIIPWersja><sln:miejscIdTeryt>0169058</sln:miejscIdTeryt><sln:miejscNazwa>Rudnopole</sln:miejscNazwa><sln:miejscRodzaj>Kolonia</sln:miejscRodzaj><sln:powIIPId>44ae8851-773f-4c90-8c57-a123f89b8626</sln:powIIPId><sln:powIIPPn>PL.PZGIK.200</sln:powIIPPn><sln:powIIPWersja>2012-09-27T09:33:51+02:00</sln:powIIPWersja><sln:powIdTeryt>2214</sln:powIdTeryt><sln:powNazwa>tczewski</sln:powNazwa><sln:wojIIPId>ece93e09-0215-42f3-8067-be0649f58d46</sln:wojIIPId><sln:wojIIPPn>PL.PZGIK.200</sln:wojIIPPn><sln:wojIIPWersja>2012-09-27T13:45:13+02:00</sln:wojIIPWersja><sln:wojIdTeryt>22</sln:wojIdTeryt><sln:wojNazwa>pomorskie</sln:wojNazwa></sln:miejscowosc><sln:miejscowosc><sln:cyklZyciaOd>2015-01-12T00:00:00+01:00</sln:cyklZyciaOd><sln:gmIIPId>6a9f610e-34d3-4210-90fd-ff22c39a501d</sln:gmIIPId><sln:gmIIPPn>PL.PZGIK.200</sln:gmIIPPn><sln:gmIIPWersja>2012-09-26T22:46:25+02:00</sln:gmIIPWersja><sln:gmIdTeryt>2214043</sln:gmIdTeryt><sln:gmNazwa>Pelplin</sln:gmNazwa><sln:miejscIIPId>47313dac-a776-46d5-a578-35619453fab5</sln:miejscIIPId><sln:miejscIIPPn>PL.PZGIK.200</sln:miejscIIPPn><sln:miejscIIPWersja>2016-11-24T13:46:09+02:00</sln:miejscIIPWersja><sln:miejscIdTeryt>0168952</sln:miejscIdTeryt><sln:miejscNazwa>Rajkowy Podlas</sln:miejscNazwa><sln:miejscRodzaj>Osada</sln:miejscRodzaj><sln:powIIPId>44ae8851-773f-4c90-8c57-a123f89b8626</sln:powIIPId><sln:powIIPPn>PL.PZGIK.200</sln:powIIPPn><sln:powIIPWersja>2012-09-27T09:33:51+02:00</sln:powIIPWersja><sln:powIdTeryt>2214</sln:powIdTeryt><sln:powNazwa>tczewski</sln:powNazwa><sln:wojIIPId>ece93e09-0215-42f3-8067-be0649f58d46</sln:wojIIPId><sln:wojIIPPn>PL.PZGIK.200</sln:wojIIPPn><sln:wojIIPWersja>2012-09-27T13:45:13+02:00</sln:wojIIPWersja><sln:wojIdTeryt>22</sln:wojIdTeryt><sln:wojNazwa>pomorskie</sln:wojNazwa></sln:miejscowosc><sln:miejscowosc><sln:cyklZyciaOd>2015-01-12T00:00:00+01:00</sln:cyklZyciaOd><sln:gmIIPId>6a9f610e-34d3-4210-90fd-ff22c39a501d</sln:gmIIPId><sln:gmIIPPn>PL.PZGIK.200</sln:gmIIPPn><sln:gmIIPWersja>2012-09-26T22:46:25+02:00</sln:gmIIPWersja><sln:gmIdTeryt>2214043</sln:gmIdTeryt><sln:gmNazwa>Pelplin</sln:gmNazwa><sln:miejscIIPId>18791d70-f88c-4df0-9052-c62da63d90dd</sln:miejscIIPId><sln:miejscIIPPn>PL.PZGIK.200</sln:miejscIIPPn><sln:miejscIIPWersja>2016-11-24T13:57:55+02:00</sln:miejscIIPWersja><sln:miejscIdTeryt>0168857</sln:miejscIdTeryt><sln:miejscNazwa>Stary Międzyłęż</sln:miejscNazwa><sln:miejscRodzaj>Inny obiekt</sln:miejscRodzaj><sln:powIIPId>44ae8851-773f-4c90-8c57-a123f89b8626</sln:powIIPId><sln:powIIPPn>PL.PZGIK.200</sln:powIIPPn><sln:powIIPWersja>2012-09-27T09:33:51+02:00</sln:powIIPWersja><sln:powIdTeryt>2214</sln:powIdTeryt><sln:powNazwa>tczewski</sln:powNazwa><sln:wojIIPId>ece93e09-0215-42f3-8067-be0649f58d46</sln:wojIIPId><sln:wojIIPPn>PL.PZGIK.200</sln:wojIIPPn><sln:wojIIPWersja>2012-09-27T13:45:13+02:00</sln:wojIIPWersja><sln:wojIdTeryt>22</sln:wojIdTeryt><sln:wojNazwa>pomorskie</sln:wojNazwa></sln:miejscowosc><sln:miejscowosc><sln:cyklZyciaOd>2015-01-12T00:00:00+01:00</sln:cyklZyciaOd><sln:gmIIPId>6a9f610e-34d3-4210-90fd-ff22c39a501d</sln:gmIIPId><sln:gmIIPPn>PL.PZGIK.200</sln:gmIIPPn><sln:gmIIPWersja>2012-09-26T22:46:25+02:00</sln:gmIIPWersja><sln:gmIdTeryt>2214043</sln:gmIdTeryt><sln:gmNazwa>Pelplin</sln:gmNazwa><sln:miejscIIPId>9d01e6be-f39e-4014-8ada-b546571bb37c</sln:miejscIIPId><sln:miejscIIPPn>PL.PZGIK.200</sln:miejscIIPPn><sln:miejscIIPWersja>2016-11-24T13:54:28+02:00</sln:miejscIIPWersja><sln:miejscIdTeryt>0168751</sln:miejscIdTeryt><sln:miejscNazwa>Wybudowanie Gręblińskie</sln:miejscNazwa><sln:miejscRodzaj>Osada</sln:miejscRodzaj><sln:powIIPId>44ae8851-773f-4c90-8c57-a123f89b8626</sln:powIIPId><sln:powIIPPn>PL.PZGIK.200</sln:powIIPPn><sln:powIIPWersja>2012-09-27T09:33:51+02:00</sln:powIIPWersja><sln:powIdTeryt>2214</sln:powIdTeryt><sln:powNazwa>tczewski</sln:powNazwa><sln:wojIIPId>ece93e09-0215-42f3-8067-be0649f58d46</sln:wojIIPId><sln:wojIIPPn>PL.PZGIK.200</sln:wojIIPPn><sln:wojIIPWersja>2012-09-27T13:45:13+02:00</sln:wojIIPWersja><sln:wojIdTeryt>22</sln:wojIdTeryt><sln:wojNazwa>pomorskie</sln:wojNazwa></sln:miejscowosc><sln:miejscowosc><sln:cyklZyciaOd>2015-01-12T00:00:00+01:00</sln:cyklZyciaOd><sln:gmIIPId>6a9f610e-34d3-4210-90fd-ff22c39a501d</sln:gmIIPId><sln:gmIIPPn>PL.PZGIK.200</sln:gmIIPPn><sln:gmIIPWersja>2012-09-26T22:46:25+02:00</sln:gmIIPWersja><sln:gmIdTeryt>2214043</sln:gmIdTeryt><sln:gmNazwa>Pelplin</sln:gmNazwa><sln:miejscIIPId>44123e08-a815-4919-aacd-ab5ae01b7d3b</sln:miejscIIPId><sln:miejscIIPPn>PL.PZGIK.200</sln:miejscIIPPn><sln:miejscIIPWersja>2016-11-24T13:43:33+02:00</sln:miejscIIPWersja><sln:miejscIdTeryt>0168998</sln:miejscIdTeryt><sln:miejscNazwa>Nowy Dwór Pelpliński</sln:miejscNazwa><sln:miejscRodzaj>Wieś</sln:miejscRodzaj><sln:powIIPId>44ae8851-773f-4c90-8c57-a123f89b8626</sln:powIIPId><sln:powIIPPn>PL.PZGIK.200</sln:powIIPPn><sln:powIIPWersja>2012-09-27T09:33:51+02:00</sln:powIIPWersja><sln:powIdTeryt>2214</sln:powIdTeryt><sln:powNazwa>tczewski</sln:powNazwa><sln:wojIIPId>ece93e09-0215-42f3-8067-be0649f58d46</sln:wojIIPId><sln:wojIIPPn>PL.PZGIK.200</sln:wojIIPPn><sln:wojIIPWersja>2012-09-27T13:45:13+02:00</sln:wojIIPWersja><sln:wojIdTeryt>22</sln:wojIdTeryt><sln:wojNazwa>pomorskie</sln:wojNazwa></sln:miejscowosc><sln:miejscowosc><sln:cyklZyciaOd>2015-01-12T00:00:00+01:00</sln:cyklZyciaOd><sln:gmIIPId>6a9f610e-34d3-4210-90fd-ff22c39a501d</sln:gmIIPId><sln:gmIIPPn>PL.PZGIK.200</sln:gmIIPPn><sln:gmIIPWersja>2012-09-26T22:46:25+02:00</sln:gmIIPWersja><sln:gmIdTeryt>2214043</sln:gmIdTeryt><sln:gmNazwa>Pelplin</sln:gmNazwa><sln:miejscIIPId>5c00f241-3edb-4759-a062-ad24f98a1119</sln:miejscIIPId><sln:miejscIIPPn>PL.PZGIK.200</sln:miejscIIPPn><sln:miejscIIPWersja>2016-11-24T13:46:16+02:00</sln:miejscIIPWersja><sln:miejscIdTeryt>0169029</sln:miejscIdTeryt><sln:miejscNazwa>Janowo</sln:miejscNazwa><sln:miejscRodzaj>Inny obiekt</sln:miejscRodzaj><sln:powIIPId>44ae8851-773f-4c90-8c57-a123f89b8626</sln:powIIPId><sln:powIIPPn>PL.PZGIK.200</sln:powIIPPn><sln:powIIPWersja>2012-09-27T09:33:51+02:00</sln:powIIPWersja><sln:powIdTeryt>2214</sln:powIdTeryt><sln:powNazwa>tczewski</sln:powNazwa><sln:wojIIPId>ece93e09-0215-42f3-8067-be0649f58d46</sln:wojIIPId><sln:wojIIPPn>PL.PZGIK.200</sln:wojIIPPn><sln:wojIIPWersja>2012-09-27T13:45:13+02:00</sln:wojIIPWersja><sln:wojIdTeryt>22</sln:wojIdTeryt><sln:wojNazwa>pomorskie</sln:wojNazwa></sln:miejscowosc><sln:miejscowosc><sln:cyklZyciaOd>2015-01-12T00:00:00+01:00</sln:cyklZyciaOd><sln:gmIIPId>6a9f610e-34d3-4210-90fd-ff22c39a501d</sln:gmIIPId><sln:gmIIPPn>PL.PZGIK.200</sln:gmIIPPn><sln:gmIIPWersja>2012-09-26T22:46:25+02:00</sln:gmIIPWersja><sln:gmIdTeryt>2214043</sln:gmIdTeryt><sln:gmNazwa>Pelplin</sln:gmNazwa><sln:miejscIIPId>bfa2a232-36ea-4f19-a425-8c973981df3b</sln:miejscIIPId><sln:miejscIIPPn>PL.PZGIK.200</sln:miejscIIPPn><sln:miejscIIPWersja>2016-11-24T13:46:09+02:00</sln:miejscIIPWersja><sln:miejscIdTeryt>0168900</sln:miejscIdTeryt><sln:miejscNazwa>Korytyba</sln:miejscNazwa><sln:miejscRodzaj>Osada</sln:miejscRodzaj><sln:powIIPId>44ae8851-773f-4c90-8c57-a123f89b8626</sln:powIIPId><sln:powIIPPn>PL.PZGIK.200</sln:powIIPPn><sln:powIIPWersja>2012-09-27T09:33:51+02:00</sln:powIIPWersja><sln:powIdTeryt>2214</sln:powIdTeryt><sln:powNazwa>tczewski</sln:powNazwa><sln:wojIIPId>ece93e09-0215-42f3-8067-be0649f58d46</sln:wojIIPId><sln:wojIIPPn>PL.PZGIK.200</sln:wojIIPPn><sln:wojIIPWersja>2012-09-27T13:45:13+02:00</sln:wojIIPWersja><sln:wojIdTeryt>22</sln:wojIdTeryt><sln:wojNazwa>pomorskie</sln:wojNazwa></sln:miejscowosc><sln:miejscowosc><sln:cyklZyciaOd>2015-01-12T00:00:00+01:00</sln:cyklZyciaOd><sln:gmIIPId>6a9f610e-34d3-4210-90fd-ff22c39a501d</sln:gmIIPId><sln:gmIIPPn>PL.PZGIK.200</sln:gmIIPPn><sln:gmIIPWersja>2012-09-26T22:46:25+02:00</sln:gmIIPWersja><sln:gmIdTeryt>2214043</sln:gmIdTeryt><sln:gmNazwa>Pelplin</sln:gmNazwa><sln:miejscIIPId>540ca007-b39f-43d3-b011-b6ee3fff13f0</sln:miejscIIPId><sln:miejscIIPPn>PL.PZGIK.200</sln:miejscIIPPn><sln:miejscIIPWersja>2016-11-24T13:30:03+02:00</sln:miejscIIPWersja><sln:miejscIdTeryt>0169035</sln:miejscIdTeryt><sln:miejscNazwa>Rudno</sln:miejscNazwa><sln:miejscRodzaj>Wieś</sln:miejscRodzaj><sln:powIIPId>44ae8851-773f-4c90-8c57-a123f89b8626</sln:powIIPId><sln:powIIPPn>PL.PZGIK.200</sln:powIIPPn><sln:powIIPWersja>2012-09-27T09:33:51+02:00</sln:powIIPWersja><sln:powIdTeryt>2214</sln:powIdTeryt><sln:powNazwa>tczewski</sln:powNazwa><sln:wojIIPId>ece93e09-0215-42f3-8067-be0649f58d46</sln:wojIIPId><sln:wojIIPPn>PL.PZGIK.200</sln:wojIIPPn><sln:wojIIPWersja>2012-09-27T13:45:13+02:00</sln:wojIIPWersja><sln:wojIdTeryt>22</sln:wojIdTeryt><sln:wojNazwa>pomorskie</sln:wojNazwa></sln:miejscowosc><sln:miejscowosc><sln:cyklZyciaOd>2015-01-12T00:00:00+01:00</sln:cyklZyciaOd><sln:gmIIPId>6a9f610e-34d3-4210-90fd-ff22c39a501d</sln:gmIIPId><sln:gmIIPPn>PL.PZGIK.200</sln:gmIIPPn><sln:gmIIPWersja>2012-09-26T22:46:25+02:00</sln:gmIIPWersja><sln:gmIdTeryt>2214043</sln:gmIdTeryt><sln:gmNazwa>Pelplin</sln:gmNazwa><sln:miejscIIPId>8c3f6756-4078-4e72-bd9a-7a48b7071929</sln:miejscIIPId><sln:miejscIIPPn>PL.PZGIK.200</sln:miejscIIPPn><sln:miejscIIPWersja>2016-11-24T13:29:49+02:00</sln:miejscIIPWersja><sln:miejscIdTeryt>0168969</sln:miejscIdTeryt><sln:miejscNazwa>Rombark</sln:miejscNazwa><sln:miejscRodzaj>Wieś</sln:miejscRodzaj><sln:powIIPId>44ae8851-773f-4c90-8c57-a123f89b8626</sln:powIIPId><sln:powIIPPn>PL.PZGIK.200</sln:powIIPPn><sln:powIIPWersja>2012-09-27T09:33:51+02:00</sln:powIIPWersja><sln:powIdTeryt>2214</sln:powIdTeryt><sln:powNazwa>tczewski</sln:powNazwa><sln:wojIIPId>ece93e09-0215-42f3-8067-be0649f58d46</sln:wojIIPId><sln:wojIIPPn>PL.PZGIK.200</sln:wojIIPPn><sln:wojIIPWersja>2012-09-27T13:45:13+02:00</sln:wojIIPWersja><sln:wojIdTeryt>22</sln:wojIdTeryt><sln:wojNazwa>pomorskie</sln:wojNazwa></sln:miejscowosc><sln:miejscowosc><sln:cyklZyciaOd>2015-01-12T00:00:00+01:00</sln:cyklZyciaOd><sln:gmIIPId>6a9f610e-34d3-4210-90fd-ff22c39a501d</sln:gmIIPId><sln:gmIIPPn>PL.PZGIK.200</sln:gmIIPPn><sln:gmIIPWersja>2012-09-26T22:46:25+02:00</sln:gmIIPWersja><sln:gmIdTeryt>2214043</sln:gmIdTeryt><sln:gmNazwa>Pelplin</sln:gmNazwa><sln:miejscIIPId>9b6e4b38-7644-4416-a2ef-d61b6141aaef</sln:miejscIIPId><sln:miejscIIPPn>PL.PZGIK.200</sln:miejscIIPPn><sln:miejscIIPWersja>2016-11-24T13:33:08+02:00</sln:miejscIIPWersja><sln:miejscIdTeryt>0169064</sln:miejscIdTeryt><sln:miejscNazwa>Wielki Garc</sln:miejscNazwa><sln:miejscRodzaj>Wieś</sln:miejscRodzaj><sln:powIIPId>44ae8851-773f-4c90-8c57-a123f89b8626</sln:powIIPId><sln:powIIPPn>PL.PZGIK.200</sln:powIIPPn><sln:powIIPWersja>2012-09-27T09:33:51+02:00</sln:powIIPWersja><sln:powIdTeryt>2214</sln:powIdTeryt><sln:powNazwa>tczewski</sln:powNazwa><sln:wojIIPId>ece93e09-0215-42f3-8067-be0649f58d46</sln:wojIIPId><sln:wojIIPPn>PL.PZGIK.200</sln:wojIIPPn><sln:wojIIPWersja>2012-09-27T13:45:13+02:00</sln:wojIIPWersja><sln:wojIdTeryt>22</sln:wojIdTeryt><sln:wojNazwa>pomorskie</sln:wojNazwa></sln:miejscowosc><sln:miejscowosc><sln:cyklZyciaOd>2015-01-12T00:00:00+01:00</sln:cyklZyciaOd><sln:gmIIPId>6a9f610e-34d3-4210-90fd-ff22c39a501d</sln:gmIIPId><sln:gmIIPPn>PL.PZGIK.200</sln:gmIIPPn><sln:gmIIPWersja>2012-09-26T22:46:25+02:00</sln:gmIIPWersja><sln:gmIdTeryt>2214043</sln:gmIdTeryt><sln:gmNazwa>Pelplin</sln:gmNazwa><sln:miejscIIPId>cf59496f-36c9-4e44-91d1-84f4e5a4f962</sln:miejscIIPId><sln:miejscIIPPn>PL.PZGIK.200</sln:miejscIIPPn><sln:miejscIIPWersja>2016-11-24T13:41:04+02:00</sln:miejscIIPWersja><sln:miejscIdTeryt>0168811</sln:miejscIdTeryt><sln:miejscNazwa>Lignowy Szlacheckie</sln:miejscNazwa><sln:miejscRodzaj>Wieś</sln:miejscRodzaj><sln:powIIPId>44ae8851-773f-4c90-8c57-a123f89b8626</sln:powIIPId><sln:powIIPPn>PL.PZGIK.200</sln:powIIPPn><sln:powIIPWersja>2012-09-27T09:33:51+02:00</sln:powIIPWersja><sln:powIdTeryt>2214</sln:powIdTeryt><sln:powNazwa>tczewski</sln:powNazwa><sln:wojIIPId>ece93e09-0215-42f3-8067-be0649f58d46</sln:wojIIPId><sln:wojIIPPn>PL.PZGIK.200</sln:wojIIPPn><sln:wojIIPWersja>2012-09-27T13:45:13+02:00</sln:wojIIPWersja><sln:wojIdTeryt>22</sln:wojIdTeryt><sln:wojNazwa>pomorskie</sln:wojNazwa></sln:miejscowosc><sln:miejscowosc><sln:cyklZyciaOd>2015-01-12T00:00:00+01:00</sln:cyklZyciaOd><sln:gmIIPId>6a9f610e-34d3-4210-90fd-ff22c39a501d</sln:gmIIPId><sln:gmIIPPn>PL.PZGIK.200</sln:gmIIPPn><sln:gmIIPWersja>2012-09-26T22:46:25+02:00</sln:gmIIPWersja><sln:gmIdTeryt>2214043</sln:gmIdTeryt><sln:gmNazwa>Pelplin</sln:gmNazwa><sln:miejscIIPId>a85d304a-d879-4142-a849-58fa3bd38342</sln:miejscIIPId><sln:miejscIIPPn>PL.PZGIK.200</sln:miejscIIPPn><sln:miejscIIPWersja>2016-11-24T13:38:29+02:00</sln:miejscIIPWersja><sln:miejscIdTeryt>0168774</sln:miejscIdTeryt><sln:miejscNazwa>Janiszewko</sln:miejscNazwa><sln:miejscRodzaj>Wieś</sln:miejscRodzaj><sln:powIIPId>44ae8851-773f-4c90-8c57-a123f89b8626</sln:powIIPId><sln:powIIPPn>PL.PZGIK.200</sln:powIIPPn><sln:powIIPWersja>2012-09-27T09:33:51+02:00</sln:powIIPWersja><sln:powIdTeryt>2214</sln:powIdTeryt><sln:powNazwa>tczewski</sln:powNazwa><sln:wojIIPId>ece93e09-0215-42f3-8067-be0649f58d46</sln:wojIIPId><sln:wojIIPPn>PL.PZGIK.200</sln:wojIIPPn><sln:wojIIPWersja>2012-09-27T13:45:13+02:00</sln:wojIIPWersja><sln:wojIdTeryt>22</sln:wojIdTeryt><sln:wojNazwa>pomorskie</sln:wojNazwa></sln:miejscowosc><sln:miejscowosc><sln:cyklZyciaOd>2015-01-12T00:00:00+01:00</sln:cyklZyciaOd><sln:gmIIPId>6a9f610e-34d3-4210-90fd-ff22c39a501d</sln:gmIIPId><sln:gmIIPPn>PL.PZGIK.200</sln:gmIIPPn><sln:gmIIPWersja>2012-09-26T22:46:25+02:00</sln:gmIIPWersja><sln:gmIdTeryt>2214043</sln:gmIdTeryt><sln:gmNazwa>Pelplin</sln:gmNazwa><sln:miejscIIPId>ba96a721-bf90-49d3-8838-c96afd413f60</sln:miejscIIPId><sln:miejscIIPPn>PL.PZGIK.200</sln:miejscIIPPn><sln:miejscIIPWersja>2016-11-24T13:37:55+02:00</sln:miejscIIPWersja><sln:miejscIdTeryt>0168745</sln:miejscIdTeryt><sln:miejscNazwa>Gręblin</sln:miejscNazwa><sln:miejscRodzaj>Wieś</sln:miejscRodzaj><sln:powIIPId>44ae8851-773f-4c90-8c57-a123f89b8626</sln:powIIPId><sln:powIIPPn>PL.PZGIK.200</sln:powIIPPn><sln:powIIPWersja>2012-09-27T09:33:51+02:00</sln:powIIPWersja><sln:powIdTeryt>2214</sln:powIdTeryt><sln:powNazwa>tczewski</sln:powNazwa><sln:wojIIPId>ece93e09-0215-42f3-8067-be0649f58d46</sln:wojIIPId><sln:wojIIPPn>PL.PZGIK.200</sln:wojIIPPn><sln:wojIIPWersja>2012-09-27T13:45:13+02:00</sln:wojIIPWersja><sln:wojIdTeryt>22</sln:wojIdTeryt><sln:wojNazwa>pomorskie</sln:wojNazwa></sln:miejscowosc><sln:miejscowosc><sln:cyklZyciaOd>2015-01-12T00:00:00+01:00</sln:cyklZyciaOd><sln:gmIIPId>6a9f610e-34d3-4210-90fd-ff22c39a501d</sln:gmIIPId><sln:gmIIPPn>PL.PZGIK.200</sln:gmIIPPn><sln:gmIIPWersja>2012-09-26T22:46:25+02:00</sln:gmIIPWersja><sln:gmIdTeryt>2214043</sln:gmIdTeryt><sln:gmNazwa>Pelplin</sln:gmNazwa><sln:miejscIIPId>1d7b9d28-087c-46c4-b592-7bb6c13ba6c4</sln:miejscIIPId><sln:miejscIIPPn>PL.PZGIK.200</sln:miejscIIPPn><sln:miejscIIPWersja>2016-11-24T13:55:33+02:00</sln:miejscIIPWersja><sln:miejscIdTeryt>0168739</sln:miejscIdTeryt><sln:miejscNazwa>Bielawski Las</sln:miejscNazwa><sln:miejscRodzaj>Osada</sln:miejscRodzaj><sln:powIIPId>44ae8851-773f-4c90-8c57-a123f89b8626</sln:powIIPId><sln:powIIPPn>PL.PZGIK.200</sln:powIIPPn><sln:powIIPWersja>2012-09-27T09:33:51+02:00</sln:powIIPWersja><sln:powIdTeryt>2214</sln:powIdTeryt><sln:powNazwa>tczewski</sln:powNazwa><sln:wojIIPId>ece93e09-0215-42f3-8067-be0649f58d46</sln:wojIIPId><sln:wojIIPPn>PL.PZGIK.200</sln:wojIIPPn><sln:wojIIPWersja>2012-09-27T13:45:13+02:00</sln:wojIIPWersja><sln:wojIdTeryt>22</sln:wojIdTeryt><sln:wojNazwa>pomorskie</sln:wojNazwa></sln:miejscowosc><sln:miejscowosc><sln:cyklZyciaOd>2015-01-12T00:00:00+01:00</sln:cyklZyciaOd><sln:gmIIPId>6a9f610e-34d3-4210-90fd-ff22c39a501d</sln:gmIIPId><sln:gmIIPPn>PL.PZGIK.200</sln:gmIIPPn><sln:gmIIPWersja>2012-09-26T22:46:25+02:00</sln:gmIIPWersja><sln:gmIdTeryt>2214043</sln:gmIdTeryt><sln:gmNazwa>Pelplin</sln:gmNazwa><sln:miejscIIPId>f8bbca8e-af69-4ff8-91d6-e778cd0a62a6</sln:miejscIIPId><sln:miejscIIPPn>PL.PZGIK.200</sln:miejscIIPPn><sln:miejscIIPWersja>2016-11-24T13:46:25+02:00</sln:miejscIIPWersja><sln:miejscIdTeryt>0169041</sln:miejscIdTeryt><sln:miejscNazwa>Młynik</sln:miejscNazwa><sln:miejscRodzaj>Osada</sln:miejscRodzaj><sln:powIIPId>44ae8851-773f-4c90-8c57-a123f89b8626</sln:powIIPId><sln:powIIPPn>PL.PZGIK.200</sln:powIIPPn><sln:powIIPWersja>2012-09-27T09:33:51+02:00</sln:powIIPWersja><sln:powIdTeryt>2214</sln:powIdTeryt><sln:powNazwa>tczewski</sln:powNazwa><sln:wojIIPId>ece93e09-0215-42f3-8067-be0649f58d46</sln:wojIIPId><sln:wojIIPPn>PL.PZGIK.200</sln:wojIIPPn><sln:wojIIPWersja>2012-09-27T13:45:13+02:00</sln:wojIIPWersja><sln:wojIdTeryt>22</sln:wojIdTeryt><sln:wojNazwa>pomorskie</sln:wojNazwa></sln:miejscowosc><sln:miejscowosc><sln:cyklZyciaOd>2015-01-12T00:00:00+01:00</sln:cyklZyciaOd><sln:gmIIPId>6a9f610e-34d3-4210-90fd-ff22c39a501d</sln:gmIIPId><sln:gmIIPPn>PL.PZGIK.200</sln:gmIIPPn><sln:gmIIPWersja>2012-09-26T22:46:25+02:00</sln:gmIIPWersja><sln:gmIdTeryt>2214043</sln:gmIdTeryt><sln:gmNazwa>Pelplin</sln:gmNazwa><sln:miejscIIPId>ee6e41a6-47e5-4b0f-83e5-df0bde96950d</sln:miejscIIPId><sln:miejscIIPPn>PL.PZGIK.200</sln:miejscIIPPn><sln:miejscIIPWersja>2016-11-24T13:46:09+02:00</sln:miejscIIPWersja><sln:miejscIdTeryt>0168892</sln:miejscIdTeryt><sln:miejscNazwa>Józefowo</sln:miejscNazwa><sln:miejscRodzaj>Osada</sln:miejscRodzaj><sln:powIIPId>44ae8851-773f-4c90-8c57-a123f89b8626</sln:powIIPId><sln:powIIPPn>PL.PZGIK.200</sln:powIIPPn><sln:powIIPWersja>2012-09-27T09:33:51+02:00</sln:powIIPWersja><sln:powIdTeryt>2214</sln:powIdTeryt><sln:powNazwa>tczewski</sln:powNazwa><sln:wojIIPId>ece93e09-0215-42f3-8067-be0649f58d46</sln:wojIIPId><sln:wojIIPPn>PL.PZGIK.200</sln:wojIIPPn><sln:wojIIPWersja>2012-09-27T13:45:13+02:00</sln:wojIIPWersja><sln:wojIdTeryt>22</sln:wojIdTeryt><sln:wojNazwa>pomorskie</sln:wojNazwa></sln:miejscowosc><sln:miejscowosc><sln:cyklZyciaOd>2015-01-12T00:00:00+01:00</sln:cyklZyciaOd><sln:gmIIPId>6a9f610e-34d3-4210-90fd-ff22c39a501d</sln:gmIIPId><sln:gmIIPPn>PL.PZGIK.200</sln:gmIIPPn><sln:gmIIPWersja>2012-09-26T22:46:25+02:00</sln:gmIIPWersja><sln:gmIdTeryt>2214043</sln:gmIdTeryt><sln:gmNazwa>Pelplin</sln:gmNazwa><sln:miejscIIPId>f1240bcc-9d40-4095-acd9-613eb3e5a8b0</sln:miejscIIPId><sln:miejscIIPPn>PL.PZGIK.200</sln:miejscIIPPn><sln:miejscIIPWersja>2016-11-24T13:46:09+02:00</sln:miejscIIPWersja><sln:miejscIdTeryt>0168923</sln:miejscIdTeryt><sln:miejscNazwa>Maniowo</sln:miejscNazwa><sln:miejscRodzaj>Osada</sln:miejscRodzaj><sln:powIIPId>44ae8851-773f-4c90-8c57-a123f89b8626</sln:powIIPId><sln:powIIPPn>PL.PZGIK.200</sln:powIIPPn><sln:powIIPWersja>2012-09-27T09:33:51+02:00</sln:powIIPWersja><sln:powIdTeryt>2214</sln:powIdTeryt><sln:powNazwa>tczewski</sln:powNazwa><sln:wojIIPId>ece93e09-0215-42f3-8067-be0649f58d46</sln:wojIIPId><sln:wojIIPPn>PL.PZGIK.200</sln:wojIIPPn><sln:wojIIPWersja>2012-09-27T13:45:13+02:00</sln:wojIIPWersja><sln:wojIdTeryt>22</sln:wojIdTeryt><sln:wojNazwa>pomorskie</sln:wojNazwa></sln:miejscowosc><sln:miejscowosc><sln:cyklZyciaOd>2015-01-12T00:00:00+01:00</sln:cyklZyciaOd><sln:gmIIPId>6a9f610e-34d3-4210-90fd-ff22c39a501d</sln:gmIIPId><sln:gmIIPPn>PL.PZGIK.200</sln:gmIIPPn><sln:gmIIPWersja>2012-09-26T22:46:25+02:00</sln:gmIIPWersja><sln:gmIdTeryt>2214043</sln:gmIdTeryt><sln:gmNazwa>Pelplin</sln:gmNazwa><sln:miejscIIPId>e93529ac-a5cb-4eab-9458-e3f5254a127c</sln:miejscIIPId><sln:miejscIIPPn>PL.PZGIK.200</sln:miejscIIPPn><sln:miejscIIPWersja>2016-11-24T13:54:55+02:00</sln:miejscIIPWersja><sln:miejscIdTeryt>0168780</sln:miejscIdTeryt><sln:miejscNazwa>Pustki</sln:miejscNazwa><sln:miejscRodzaj>Osada</sln:miejscRodzaj><sln:powIIPId>44ae8851-773f-4c90-8c57-a123f89b8626</sln:powIIPId><sln:powIIPPn>PL.PZGIK.200</sln:powIIPPn><sln:powIIPWersja>2012-09-27T09:33:51+02:00</sln:powIIPWersja><sln:powIdTeryt>2214</sln:powIdTeryt><sln:powNazwa>tczewski</sln:powNazwa><sln:wojIIPId>ece93e09-0215-42f3-8067-be0649f58d46</sln:wojIIPId><sln:wojIIPPn>PL.PZGIK.200</sln:wojIIPPn><sln:wojIIPWersja>2012-09-27T13:45:13+02:00</sln:wojIIPWersja><sln:wojIdTeryt>22</sln:wojIdTeryt><sln:wojNazwa>pomorskie</sln:wojNazwa></sln:miejscowosc><sln:miejscowosc><sln:cyklZyciaOd>2015-01-12T00:00:00+01:00</sln:cyklZyciaOd><sln:gmIIPId>6a9f610e-34d3-4210-90fd-ff22c39a501d</sln:gmIIPId><sln:gmIIPPn>PL.PZGIK.200</sln:gmIIPPn><sln:gmIIPWersja>2012-09-26T22:46:25+02:00</sln:gmIIPWersja><sln:gmIdTeryt>2214043</sln:gmIdTeryt><sln:gmNazwa>Pelplin</sln:gmNazwa><sln:miejscIIPId>b2402cc6-28e1-413d-86ab-5ca064a15935</sln:miejscIIPId><sln:miejscIIPPn>PL.PZGIK.200</sln:miejscIIPPn><sln:miejscIIPWersja>2016-11-24T13:42:16+02:00</sln:miejscIIPWersja><sln:miejscIdTeryt>0168834</sln:miejscIdTeryt><sln:miejscNazwa>Międzyłęż</sln:miejscNazwa><sln:miejscRodzaj>Wieś</sln:miejscRodzaj><sln:powIIPId>44ae8851-773f-4c90-8c57-a123f89b8626</sln:powIIPId><sln:powIIPPn>PL.PZGIK.200</sln:powIIPPn><sln:powIIPWersja>2012-09-27T09:33:51+02:00</sln:powIIPWersja><sln:powIdTeryt>2214</sln:powIdTeryt><sln:powNazwa>tczewski</sln:powNazwa><sln:wojIIPId>ece93e09-0215-42f3-8067-be0649f58d46</sln:wojIIPId><sln:wojIIPPn>PL.PZGIK.200</sln:wojIIPPn><sln:wojIIPWersja>2012-09-27T13:45:13+02:00</sln:wojIIPWersja><sln:wojIdTeryt>22</sln:wojIdTeryt><sln:wojNazwa>pomorskie</sln:wojNazwa></sln:miejscowosc><sln:miejscowosc><sln:cyklZyciaOd>2015-01-12T00:00:00+01:00</sln:cyklZyciaOd><sln:gmIIPId>6a9f610e-34d3-4210-90fd-ff22c39a501d</sln:gmIIPId><sln:gmIIPPn>PL.PZGIK.200</sln:gmIIPPn><sln:gmIIPWersja>2012-09-26T22:46:25+02:00</sln:gmIIPWersja><sln:gmIdTeryt>2214043</sln:gmIdTeryt><sln:gmNazwa>Pelplin</sln:gmNazwa><sln:miejscIIPId>a06da9b4-0ad0-4afc-a4c1-0cd08ba45373</sln:miejscIIPId><sln:miejscIIPPn>PL.PZGIK.200</sln:miejscIIPPn><sln:miejscIIPWersja>2016-11-24T13:46:12+02:00</sln:miejscIIPWersja><sln:miejscIdTeryt>0168981</sln:miejscIdTeryt><sln:miejscNazwa>Dębina</sln:miejscNazwa><sln:miejscRodzaj>Osada</sln:miejscRodzaj><sln:powIIPId>44ae8851-773f-4c90-8c57-a123f89b8626</sln:powIIPId><sln:powIIPPn>PL.PZGIK.200</sln:powIIPPn><sln:powIIPWersja>2012-09-27T09:33:51+02:00</sln:powIIPWersja><sln:powIdTeryt>2214</sln:powIdTeryt><sln:powNazwa>tczewski</sln:powNazwa><sln:wojIIPId>ece93e09-0215-42f3-8067-be0649f58d46</sln:wojIIPId><sln:wojIIPPn>PL.PZGIK.200</sln:wojIIPPn><sln:wojIIPWersja>2012-09-27T13:45:13+02:00</sln:wojIIPWersja><sln:wojIdTeryt>22</sln:wojIdTeryt><sln:wojNazwa>pomorskie</sln:wojNazwa></sln:miejscowosc><sln:miejscowosc><sln:cyklZyciaOd>2015-01-12T00:00:00+01:00</sln:cyklZyciaOd><sln:gmIIPId>6a9f610e-34d3-4210-90fd-ff22c39a501d</sln:gmIIPId><sln:gmIIPPn>PL.PZGIK.200</sln:gmIIPPn><sln:gmIIPWersja>2012-09-26T22:46:25+02:00</sln:gmIIPWersja><sln:gmIdTeryt>2214043</sln:gmIdTeryt><sln:gmNazwa>Pelplin</sln:gmNazwa><sln:miejscIIPId>4784f83c-ea64-4e21-b457-abd8c5aa9e0d</sln:miejscIIPId><sln:miejscIIPPn>PL.PZGIK.200</sln:miejscIIPPn><sln:miejscIIPWersja>2016-11-24T13:41:50+02:00</sln:miejscIIPWersja><sln:miejscIdTeryt>0168828</sln:miejscIdTeryt><sln:miejscNazwa>Małe Walichnowy</sln:miejscNazwa><sln:miejscRodzaj>Wieś</sln:miejscRodzaj><sln:powIIPId>44ae8851-773f-4c90-8c57-a123f89b8626</sln:powIIPId><sln:powIIPPn>PL.PZGIK.200</sln:powIIPPn><sln:powIIPWersja>2012-09-27T09:33:51+02:00</sln:powIIPWersja><sln:powIdTeryt>2214</sln:powIdTeryt><sln:powNazwa>tczewski</sln:powNazwa><sln:wojIIPId>ece93e09-0215-42f3-8067-be0649f58d46</sln:wojIIPId><sln:wojIIPPn>PL.PZGIK.200</sln:wojIIPPn><sln:wojIIPWersja>2012-09-27T13:45:13+02:00</sln:wojIIPWersja><sln:wojIdTeryt>22</sln:wojIdTeryt><sln:wojNazwa>pomorskie</sln:wojNazwa></sln:miejscowosc><sln:miejscowosc><sln:cyklZyciaOd>2015-01-12T00:00:00+01:00</sln:cyklZyciaOd><sln:gmIIPId>6a9f610e-34d3-4210-90fd-ff22c39a501d</sln:gmIIPId><sln:gmIIPPn>PL.PZGIK.200</sln:gmIIPPn><sln:gmIIPWersja>2012-09-26T22:46:25+02:00</sln:gmIIPWersja><sln:gmIdTeryt>2214043</sln:gmIdTeryt><sln:gmNazwa>Pelplin</sln:gmNazwa><sln:miejscIIPId>3a82c5d7-e0f3-4024-8bba-43b700842e18</sln:miejscIIPId><sln:miejscIIPPn>PL.PZGIK.200</sln:miejscIIPPn><sln:miejscIIPWersja>2016-11-24T13:45:04+02:00</sln:miejscIIPWersja><sln:miejscIdTeryt>0168870</sln:miejscIdTeryt><sln:miejscNazwa>Wola</sln:miejscNazwa><sln:miejscRodzaj>Osada</sln:miejscRodzaj><sln:powIIPId>44ae8851-773f-4c90-8c57-a123f89b8626</sln:powIIPId><sln:powIIPPn>PL.PZGIK.200</sln:powIIPPn><sln:powIIPWersja>2012-09-27T09:33:51+02:00</sln:powIIPWersja><sln:powIdTeryt>2214</sln:powIdTeryt><sln:powNazwa>tczewski</sln:powNazwa><sln:wojIIPId>ece93e09-0215-42f3-8067-be0649f58d46</sln:wojIIPId><sln:wojIIPPn>PL.PZGIK.200</sln:wojIIPPn><sln:wojIIPWersja>2012-09-27T13:45:13+02:00</sln:wojIIPWersja><sln:wojIdTeryt>22</sln:wojIdTeryt><sln:wojNazwa>pomorskie</sln:wojNazwa></sln:miejscowosc></sln:lista-miejscowosci>