<?xml version="1.0" encoding="UTF-8" standalone="yes"?><sln:lista-miejscowosci xmlns:srv="http://gugik.gov.pl/schemas/slowniki-service/1.0" xmlns:sln="http://gugik.gov.pl/schemas/slowniki-schema/1.0"><sln:miejscowosc><sln:cyklZyciaDo>2017-04-05T00:00:00+02:00</sln:cyklZyciaDo><sln:cyklZyciaOd>2015-11-30T00:00:00+01:00</sln:cyklZyciaOd><sln:gmIIPId>dc989468-9fb2-408d-a61d-c1753ac36a67</sln:gmIIPId><sln:gmIIPPn>PL.PZGIK.200</sln:gmIIPPn><sln:gmIIPWersja>2012-09-26T22:45:43+02:00</sln:gmIIPWersja><sln:gmIdTeryt>2206082</sln:gmIdTeryt><sln:gmNazwa>Stara Kiszewa</sln:gmNazwa><sln:miejscIIPId>43452d18-c830-41f3-90a0-0843d46b22dd</sln:miejscIIPId><sln:miejscIIPPn>PL.PZGIK.200</sln:miejscIIPPn><sln:miejscIIPWersja>2016-11-24T09:29:34+02:00</sln:miejscIIPWersja><sln:miejscIdTeryt>0172741</sln:miejscIdTeryt><sln:miejscNazwa>Bartoszylas</sln:miejscNazwa><sln:miejscRodzaj>Wieś</sln:miejscRodzaj><sln:powIIPId>5abcd674-cb07-4f48-bd7c-d098c05ecd6d</sln:powIIPId><sln:powIIPPn>PL.PZGIK.200</sln:powIIPPn><sln:powIIPWersja>2012-09-27T09:33:51+02:00</sln:powIIPWersja><sln:powIdTeryt>2206</sln:powIdTeryt><sln:powNazwa>kościerski</sln:powNazwa><sln:waznyOd>2011-08-26T00:00:00+02:00</sln:waznyOd><sln:wojIIPId>ece93e09-0215-42f3-8067-be0649f58d46</sln:wojIIPId><sln:wojIIPPn>PL.PZGIK.200</sln:wojIIPPn><sln:wojIIPWersja>2012-09-27T13:45:13+02:00</sln:wojIIPWersja><sln:wojIdTeryt>22</sln:wojIdTeryt><sln:wojNazwa>pomorskie</sln:wojNazwa></sln:miejscowosc><sln:miejscowosc><sln:cyklZyciaDo>2017-04-05T00:00:00+02:00</sln:cyklZyciaDo><sln:cyklZyciaOd>2015-11-30T00:00:00+01:00</sln:cyklZyciaOd><sln:gmIIPId>dc989468-9fb2-408d-a61d-c1753ac36a67</sln:gmIIPId><sln:gmIIPPn>PL.PZGIK.200</sln:gmIIPPn><sln:gmIIPWersja>2012-09-26T22:45:43+02:00</sln:gmIIPWersja><sln:gmIdTeryt>2206082</sln:gmIdTeryt><sln:gmNazwa>Stara Kiszewa</sln:gmNazwa><sln:miejscIIPId>4c8a3f99-76cf-479a-a220-d2d3eb4615bb</sln:miejscIIPId><sln:miejscIIPPn>PL.PZGIK.200</sln:miejscIIPPn><sln:miejscIIPWersja>2016-11-24T09:29:34+02:00</sln:miejscIIPWersja><sln:miejscIdTeryt>0172770</sln:miejscIdTeryt><sln:miejscNazwa>Bożepole Szlacheckie</sln:miejscNazwa><sln:miejscRodzaj>Wieś</sln:miejscRodzaj><sln:powIIPId>5abcd674-cb07-4f48-bd7c-d098c05ecd6d</sln:powIIPId><sln:powIIPPn>PL.PZGIK.200</sln:powIIPPn><sln:powIIPWersja>2012-09-27T09:33:51+02:00</sln:powIIPWersja><sln:powIdTeryt>2206</sln:powIdTeryt><sln:powNazwa>kościerski</sln:powNazwa><sln:waznyOd>2011-08-26T00:00:00+02:00</sln:waznyOd><sln:wojIIPId>ece93e09-0215-42f3-8067-be0649f58d46</sln:wojIIPId><sln:wojIIPPn>PL.PZGIK.200</sln:wojIIPPn><sln:wojIIPWersja>2012-09-27T13:45:13+02:00</sln:wojIIPWersja><sln:wojIdTeryt>22</sln:wojIdTeryt><sln:wojNazwa>pomorskie</sln:wojNazwa></sln:miejscowosc><sln:miejscowosc><sln:cyklZyciaDo>2017-04-05T00:00:00+02:00</sln:cyklZyciaDo><sln:cyklZyciaOd>2015-11-30T00:00:00+01:00</sln:cyklZyciaOd><sln:gmIIPId>dc989468-9fb2-408d-a61d-c1753ac36a67</sln:gmIIPId><sln:gmIIPPn>PL.PZGIK.200</sln:gmIIPPn><sln:gmIIPWersja>2012-09-26T22:45:43+02:00</sln:gmIIPWersja><sln:gmIdTeryt>2206082</sln:gmIdTeryt><sln:gmNazwa>Stara Kiszewa</sln:gmNazwa><sln:miejscIIPId>eb785d76-cca3-4c35-bbba-3de6817834bd</sln:miejscIIPId><sln:miejscIIPPn>PL.PZGIK.200</sln:miejscIIPPn><sln:miejscIIPWersja>2016-11-24T09:29:34+02:00</sln:miejscIIPWersja><sln:miejscIdTeryt>0172793</sln:miejscIdTeryt><sln:miejscNazwa>Chwarzenko</sln:miejscNazwa><sln:miejscRodzaj>Wieś</sln:miejscRodzaj><sln:powIIPId>5abcd674-cb07-4f48-bd7c-d098c05ecd6d</sln:powIIPId><sln:powIIPPn>PL.PZGIK.200</sln:powIIPPn><sln:powIIPWersja>2012-09-27T09:33:51+02:00</sln:powIIPWersja><sln:powIdTeryt>2206</sln:powIdTeryt><sln:powNazwa>kościerski</sln:powNazwa><sln:waznyOd>2011-08-26T00:00:00+02:00</sln:waznyOd><sln:wojIIPId>ece93e09-0215-42f3-8067-be0649f58d46</sln:wojIIPId><sln:wojIIPPn>PL.PZGIK.200</sln:wojIIPPn><sln:wojIIPWersja>2012-09-27T13:45:13+02:00</sln:wojIIPWersja><sln:wojIdTeryt>22</sln:wojIdTeryt><sln:wojNazwa>pomorskie</sln:wojNazwa></sln:miejscowosc><sln:miejscowosc><sln:cyklZyciaDo>2017-04-05T00:00:00+02:00</sln:cyklZyciaDo><sln:cyklZyciaOd>2015-11-30T00:00:00+01:00</sln:cyklZyciaOd><sln:gmIIPId>dc989468-9fb2-408d-a61d-c1753ac36a67</sln:gmIIPId><sln:gmIIPPn>PL.PZGIK.200</sln:gmIIPPn><sln:gmIIPWersja>2012-09-26T22:45:43+02:00</sln:gmIIPWersja><sln:gmIdTeryt>2206082</sln:gmIdTeryt><sln:gmNazwa>Stara Kiszewa</sln:gmNazwa><sln:miejscIIPId>ac4122be-9441-4876-9243-9bd9ef67e93d</sln:miejscIIPId><sln:miejscIIPPn>PL.PZGIK.200</sln:miejscIIPPn><sln:miejscIIPWersja>2016-11-24T09:29:34+02:00</sln:miejscIIPWersja><sln:miejscIdTeryt>0172801</sln:miejscIdTeryt><sln:miejscNazwa>Chwarzno</sln:miejscNazwa><sln:miejscRodzaj>Wieś</sln:miejscRodzaj><sln:powIIPId>5abcd674-cb07-4f48-bd7c-d098c05ecd6d</sln:powIIPId><sln:powIIPPn>PL.PZGIK.200</sln:powIIPPn><sln:powIIPWersja>2012-09-27T09:33:51+02:00</sln:powIIPWersja><sln:powIdTeryt>2206</sln:powIdTeryt><sln:powNazwa>kościerski</sln:powNazwa><sln:waznyOd>2011-08-26T00:00:00+02:00</sln:waznyOd><sln:wojIIPId>ece93e09-0215-42f3-8067-be0649f58d46</sln:wojIIPId><sln:wojIIPPn>PL.PZGIK.200</sln:wojIIPPn><sln:wojIIPWersja>2012-09-27T13:45:13+02:00</sln:wojIIPWersja><sln:wojIdTeryt>22</sln:wojIdTeryt><sln:wojNazwa>pomorskie</sln:wojNazwa></sln:miejscowosc><sln:miejscowosc><sln:cyklZyciaDo>2017-04-05T00:00:00+02:00</sln:cyklZyciaDo><sln:cyklZyciaOd>2015-11-30T00:00:00+01:00</sln:cyklZyciaOd><sln:gmIIPId>dc989468-9fb2-408d-a61d-c1753ac36a67</sln:gmIIPId><sln:gmIIPPn>PL.PZGIK.200</sln:gmIIPPn><sln:gmIIPWersja>2012-09-26T22:45:43+02:00</sln:gmIIPWersja><sln:gmIdTeryt>2206082</sln:gmIdTeryt><sln:gmNazwa>Stara Kiszewa</sln:gmNazwa><sln:miejscIIPId>91a01bfb-fc81-4038-a53e-96f40fdd0962</sln:miejscIIPId><sln:miejscIIPPn>PL.PZGIK.200</sln:miejscIIPPn><sln:miejscIIPWersja>2016-11-24T09:29:34+02:00</sln:miejscIIPWersja><sln:miejscIdTeryt>0173083</sln:miejscIdTeryt><sln:miejscNazwa>Cięgardło</sln:miejscNazwa><sln:miejscRodzaj>Osada</sln:miejscRodzaj><sln:powIIPId>5abcd674-cb07-4f48-bd7c-d098c05ecd6d</sln:powIIPId><sln:powIIPPn>PL.PZGIK.200</sln:powIIPPn><sln:powIIPWersja>2012-09-27T09:33:51+02:00</sln:powIIPWersja><sln:powIdTeryt>2206</sln:powIdTeryt><sln:powNazwa>kościerski</sln:powNazwa><sln:waznyOd>2012-01-03T00:00:00+01:00</sln:waznyOd><sln:wojIIPId>ece93e09-0215-42f3-8067-be0649f58d46</sln:wojIIPId><sln:wojIIPPn>PL.PZGIK.200</sln:wojIIPPn><sln:wojIIPWersja>2012-09-27T13:45:13+02:00</sln:wojIIPWersja><sln:wojIdTeryt>22</sln:wojIdTeryt><sln:wojNazwa>pomorskie</sln:wojNazwa></sln:miejscowosc><sln:miejscowosc><sln:cyklZyciaDo>2017-04-05T00:00:00+02:00</sln:cyklZyciaDo><sln:cyklZyciaOd>2015-11-30T00:00:00+01:00</sln:cyklZyciaOd><sln:gmIIPId>dc989468-9fb2-408d-a61d-c1753ac36a67</sln:gmIIPId><sln:gmIIPPn>PL.PZGIK.200</sln:gmIIPPn><sln:gmIIPWersja>2012-09-26T22:45:43+02:00</sln:gmIIPWersja><sln:gmIdTeryt>2206082</sln:gmIdTeryt><sln:gmNazwa>Stara Kiszewa</sln:gmNazwa><sln:miejscIIPId>dbb1c61b-3d44-4262-910b-381cd2b4f10d</sln:miejscIIPId><sln:miejscIIPPn>PL.PZGIK.200</sln:miejscIIPPn><sln:miejscIIPWersja>2016-11-24T09:29:34+02:00</sln:miejscIIPWersja><sln:miejscIdTeryt>0172830</sln:miejscIdTeryt><sln:miejscNazwa>Czerniki</sln:miejscNazwa><sln:miejscRodzaj>Wieś</sln:miejscRodzaj><sln:powIIPId>5abcd674-cb07-4f48-bd7c-d098c05ecd6d</sln:powIIPId><sln:powIIPPn>PL.PZGIK.200</sln:powIIPPn><sln:powIIPWersja>2012-09-27T09:33:51+02:00</sln:powIIPWersja><sln:powIdTeryt>2206</sln:powIdTeryt><sln:powNazwa>kościerski</sln:powNazwa><sln:waznyOd>2011-08-26T00:00:00+02:00</sln:waznyOd><sln:wojIIPId>ece93e09-0215-42f3-8067-be0649f58d46</sln:wojIIPId><sln:wojIIPPn>PL.PZGIK.200</sln:wojIIPPn><sln:wojIIPWersja>2012-09-27T13:45:13+02:00</sln:wojIIPWersja><sln:wojIdTeryt>22</sln:wojIdTeryt><sln:wojNazwa>pomorskie</sln:wojNazwa></sln:miejscowosc><sln:miejscowosc><sln:cyklZyciaDo>2017-04-05T00:00:00+02:00</sln:cyklZyciaDo><sln:cyklZyciaOd>2015-11-30T00:00:00+01:00</sln:cyklZyciaOd><sln:gmIIPId>dc989468-9fb2-408d-a61d-c1753ac36a67</sln:gmIIPId><sln:gmIIPPn>PL.PZGIK.200</sln:gmIIPPn><sln:gmIIPWersja>2012-09-26T22:45:43+02:00</sln:gmIIPWersja><sln:gmIdTeryt>2206082</sln:gmIdTeryt><sln:gmNazwa>Stara Kiszewa</sln:gmNazwa><sln:miejscIIPId>209f2ce7-b87f-4bd8-ae09-b281ffe6227a</sln:miejscIIPId><sln:miejscIIPPn>PL.PZGIK.200</sln:miejscIIPPn><sln:miejscIIPWersja>2016-11-24T09:29:34+02:00</sln:miejscIIPWersja><sln:miejscIdTeryt>0172882</sln:miejscIdTeryt><sln:miejscNazwa>Dolne Maliki</sln:miejscNazwa><sln:miejscRodzaj>Wieś</sln:miejscRodzaj><sln:powIIPId>5abcd674-cb07-4f48-bd7c-d098c05ecd6d</sln:powIIPId><sln:powIIPPn>PL.PZGIK.200</sln:powIIPPn><sln:powIIPWersja>2012-09-27T09:33:51+02:00</sln:powIIPWersja><sln:powIdTeryt>2206</sln:powIdTeryt><sln:powNazwa>kościerski</sln:powNazwa><sln:waznyOd>2012-01-03T00:00:00+01:00</sln:waznyOd><sln:wojIIPId>ece93e09-0215-42f3-8067-be0649f58d46</sln:wojIIPId><sln:wojIIPPn>PL.PZGIK.200</sln:wojIIPPn><sln:wojIIPWersja>2012-09-27T13:45:13+02:00</sln:wojIIPWersja><sln:wojIdTeryt>22</sln:wojIdTeryt><sln:wojNazwa>pomorskie</sln:wojNazwa></sln:miejscowosc><sln:miejscowosc><sln:cyklZyciaDo>2017-04-05T00:00:00+02:00</sln:cyklZyciaDo><sln:cyklZyciaOd>2015-11-30T00:00:00+01:00</sln:cyklZyciaOd><sln:gmIIPId>dc989468-9fb2-408d-a61d-c1753ac36a67</sln:gmIIPId><sln:gmIIPPn>PL.PZGIK.200</sln:gmIIPPn><sln:gmIIPWersja>2012-09-26T22:45:43+02:00</sln:gmIIPWersja><sln:gmIdTeryt>2206082</sln:gmIdTeryt><sln:gmNazwa>Stara Kiszewa</sln:gmNazwa><sln:miejscIIPId>ba591342-5023-4845-917e-4617a15ebd07</sln:miejscIIPId><sln:miejscIIPPn>PL.PZGIK.200</sln:miejscIIPPn><sln:miejscIIPWersja>2016-11-24T09:29:34+02:00</sln:miejscIIPWersja><sln:miejscIdTeryt>0173019</sln:miejscIdTeryt><sln:miejscNazwa>Foshuta</sln:miejscNazwa><sln:miejscRodzaj>Wieś</sln:miejscRodzaj><sln:powIIPId>5abcd674-cb07-4f48-bd7c-d098c05ecd6d</sln:powIIPId><sln:powIIPPn>PL.PZGIK.200</sln:powIIPPn><sln:powIIPWersja>2012-09-27T09:33:51+02:00</sln:powIIPWersja><sln:powIdTeryt>2206</sln:powIdTeryt><sln:powNazwa>kościerski</sln:powNazwa><sln:waznyOd>2011-08-26T00:00:00+02:00</sln:waznyOd><sln:wojIIPId>ece93e09-0215-42f3-8067-be0649f58d46</sln:wojIIPId><sln:wojIIPPn>PL.PZGIK.200</sln:wojIIPPn><sln:wojIIPWersja>2012-09-27T13:45:13+02:00</sln:wojIIPWersja><sln:wojIdTeryt>22</sln:wojIdTeryt><sln:wojNazwa>pomorskie</sln:wojNazwa></sln:miejscowosc><sln:miejscowosc><sln:cyklZyciaDo>2017-04-05T00:00:00+02:00</sln:cyklZyciaDo><sln:cyklZyciaOd>2015-11-30T00:00:00+01:00</sln:cyklZyciaOd><sln:gmIIPId>dc989468-9fb2-408d-a61d-c1753ac36a67</sln:gmIIPId><sln:gmIIPPn>PL.PZGIK.200</sln:gmIIPPn><sln:gmIIPWersja>2012-09-26T22:45:43+02:00</sln:gmIIPWersja><sln:gmIdTeryt>2206082</sln:gmIdTeryt><sln:gmNazwa>Stara Kiszewa</sln:gmNazwa><sln:miejscIIPId>edf40f1b-bfca-4cf5-9039-52f2d36dc042</sln:miejscIIPId><sln:miejscIIPPn>PL.PZGIK.200</sln:miejscIIPPn><sln:miejscIIPWersja>2016-11-24T09:29:34+02:00</sln:miejscIIPWersja><sln:miejscIdTeryt>0172847</sln:miejscIdTeryt><sln:miejscNazwa>Góra</sln:miejscNazwa><sln:miejscRodzaj>Wieś</sln:miejscRodzaj><sln:powIIPId>5abcd674-cb07-4f48-bd7c-d098c05ecd6d</sln:powIIPId><sln:powIIPPn>PL.PZGIK.200</sln:powIIPPn><sln:powIIPWersja>2012-09-27T09:33:51+02:00</sln:powIIPWersja><sln:powIdTeryt>2206</sln:powIdTeryt><sln:powNazwa>kościerski</sln:powNazwa><sln:waznyOd>2011-08-26T00:00:00+02:00</sln:waznyOd><sln:wojIIPId>ece93e09-0215-42f3-8067-be0649f58d46</sln:wojIIPId><sln:wojIIPPn>PL.PZGIK.200</sln:wojIIPPn><sln:wojIIPWersja>2012-09-27T13:45:13+02:00</sln:wojIIPWersja><sln:wojIdTeryt>22</sln:wojIdTeryt><sln:wojNazwa>pomorskie</sln:wojNazwa></sln:miejscowosc><sln:miejscowosc><sln:cyklZyciaDo>2017-04-05T00:00:00+02:00</sln:cyklZyciaDo><sln:cyklZyciaOd>2015-11-30T00:00:00+01:00</sln:cyklZyciaOd><sln:gmIIPId>dc989468-9fb2-408d-a61d-c1753ac36a67</sln:gmIIPId><sln:gmIIPPn>PL.PZGIK.200</sln:gmIIPPn><sln:gmIIPWersja>2012-09-26T22:45:43+02:00</sln:gmIIPWersja><sln:gmIdTeryt>2206082</sln:gmIdTeryt><sln:gmNazwa>Stara Kiszewa</sln:gmNazwa><sln:miejscIIPId>7cd4162f-3c4a-482b-bb8a-c8041668cb49</sln:miejscIIPId><sln:miejscIIPPn>PL.PZGIK.200</sln:miejscIIPPn><sln:miejscIIPWersja>2016-11-24T09:29:34+02:00</sln:miejscIIPWersja><sln:miejscIdTeryt>0172853</sln:miejscIdTeryt><sln:miejscNazwa>Góra-Nowy Dworzec</sln:miejscNazwa><sln:miejscRodzaj>Osada</sln:miejscRodzaj><sln:powIIPId>5abcd674-cb07-4f48-bd7c-d098c05ecd6d</sln:powIIPId><sln:powIIPPn>PL.PZGIK.200</sln:powIIPPn><sln:powIIPWersja>2012-09-27T09:33:51+02:00</sln:powIIPWersja><sln:powIdTeryt>2206</sln:powIdTeryt><sln:powNazwa>kościerski</sln:powNazwa><sln:waznyOd>2013-02-14T00:00:00+01:00</sln:waznyOd><sln:wojIIPId>ece93e09-0215-42f3-8067-be0649f58d46</sln:wojIIPId><sln:wojIIPPn>PL.PZGIK.200</sln:wojIIPPn><sln:wojIIPWersja>2012-09-27T13:45:13+02:00</sln:wojIIPWersja><sln:wojIdTeryt>22</sln:wojIdTeryt><sln:wojNazwa>pomorskie</sln:wojNazwa></sln:miejscowosc><sln:miejscowosc><sln:cyklZyciaDo>2017-04-05T00:00:00+02:00</sln:cyklZyciaDo><sln:cyklZyciaOd>2015-11-30T00:00:00+01:00</sln:cyklZyciaOd><sln:gmIIPId>dc989468-9fb2-408d-a61d-c1753ac36a67</sln:gmIIPId><sln:gmIIPPn>PL.PZGIK.200</sln:gmIIPPn><sln:gmIIPWersja>2012-09-26T22:45:43+02:00</sln:gmIIPWersja><sln:gmIdTeryt>2206082</sln:gmIdTeryt><sln:gmNazwa>Stara Kiszewa</sln:gmNazwa><sln:miejscIIPId>9ff1ce9b-f627-4d56-b370-e867bb362064</sln:miejscIIPId><sln:miejscIIPPn>PL.PZGIK.200</sln:miejscIIPPn><sln:miejscIIPWersja>2016-11-24T09:29:34+02:00</sln:miejscIIPWersja><sln:miejscIdTeryt>0172860</sln:miejscIdTeryt><sln:miejscNazwa>Górne Maliki</sln:miejscNazwa><sln:miejscRodzaj>Wieś</sln:miejscRodzaj><sln:powIIPId>5abcd674-cb07-4f48-bd7c-d098c05ecd6d</sln:powIIPId><sln:powIIPPn>PL.PZGIK.200</sln:powIIPPn><sln:powIIPWersja>2012-09-27T09:33:51+02:00</sln:powIIPWersja><sln:powIdTeryt>2206</sln:powIdTeryt><sln:powNazwa>kościerski</sln:powNazwa><sln:waznyOd>2011-08-26T00:00:00+02:00</sln:waznyOd><sln:wojIIPId>ece93e09-0215-42f3-8067-be0649f58d46</sln:wojIIPId><sln:wojIIPPn>PL.PZGIK.200</sln:wojIIPPn><sln:wojIIPWersja>2012-09-27T13:45:13+02:00</sln:wojIIPWersja><sln:wojIdTeryt>22</sln:wojIdTeryt><sln:wojNazwa>pomorskie</sln:wojNazwa></sln:miejscowosc><sln:miejscowosc><sln:cyklZyciaDo>2017-04-05T00:00:00+02:00</sln:cyklZyciaDo><sln:cyklZyciaOd>2015-11-30T00:00:00+01:00</sln:cyklZyciaOd><sln:gmIIPId>dc989468-9fb2-408d-a61d-c1753ac36a67</sln:gmIIPId><sln:gmIIPPn>PL.PZGIK.200</sln:gmIIPPn><sln:gmIIPWersja>2012-09-26T22:45:43+02:00</sln:gmIIPWersja><sln:gmIdTeryt>2206082</sln:gmIdTeryt><sln:gmNazwa>Stara Kiszewa</sln:gmNazwa><sln:miejscIIPId>215c5380-11a5-4665-b8bc-f5ad70ea0b76</sln:miejscIIPId><sln:miejscIIPPn>PL.PZGIK.200</sln:miejscIIPPn><sln:miejscIIPWersja>2016-11-24T09:29:34+02:00</sln:miejscIIPWersja><sln:miejscIdTeryt>0172899</sln:miejscIdTeryt><sln:miejscNazwa>Kobyle</sln:miejscNazwa><sln:miejscRodzaj>Wieś</sln:miejscRodzaj><sln:powIIPId>5abcd674-cb07-4f48-bd7c-d098c05ecd6d</sln:powIIPId><sln:powIIPPn>PL.PZGIK.200</sln:powIIPPn><sln:powIIPWersja>2012-09-27T09:33:51+02:00</sln:powIIPWersja><sln:powIdTeryt>2206</sln:powIdTeryt><sln:powNazwa>kościerski</sln:powNazwa><sln:waznyOd>2011-08-26T00:00:00+02:00</sln:waznyOd><sln:wojIIPId>ece93e09-0215-42f3-8067-be0649f58d46</sln:wojIIPId><sln:wojIIPPn>PL.PZGIK.200</sln:wojIIPPn><sln:wojIIPWersja>2012-09-27T13:45:13+02:00</sln:wojIIPWersja><sln:wojIdTeryt>22</sln:wojIdTeryt><sln:wojNazwa>pomorskie</sln:wojNazwa></sln:miejscowosc><sln:miejscowosc><sln:cyklZyciaDo>2017-04-05T00:00:00+02:00</sln:cyklZyciaDo><sln:cyklZyciaOd>2015-11-30T00:00:00+01:00</sln:cyklZyciaOd><sln:gmIIPId>dc989468-9fb2-408d-a61d-c1753ac36a67</sln:gmIIPId><sln:gmIIPPn>PL.PZGIK.200</sln:gmIIPPn><sln:gmIIPWersja>2012-09-26T22:45:43+02:00</sln:gmIIPWersja><sln:gmIdTeryt>2206082</sln:gmIdTeryt><sln:gmNazwa>Stara Kiszewa</sln:gmNazwa><sln:miejscIIPId>d7077cf4-87c5-4dc1-961b-99f21d9edefd</sln:miejscIIPId><sln:miejscIIPPn>PL.PZGIK.200</sln:miejscIIPPn><sln:miejscIIPWersja>2016-11-24T09:29:34+02:00</sln:miejscIIPWersja><sln:miejscIdTeryt>0172907</sln:miejscIdTeryt><sln:miejscNazwa>Konarzyny</sln:miejscNazwa><sln:miejscRodzaj>Wieś</sln:miejscRodzaj><sln:powIIPId>5abcd674-cb07-4f48-bd7c-d098c05ecd6d</sln:powIIPId><sln:powIIPPn>PL.PZGIK.200</sln:powIIPPn><sln:powIIPWersja>2012-09-27T09:33:51+02:00</sln:powIIPWersja><sln:powIdTeryt>2206</sln:powIdTeryt><sln:powNazwa>kościerski</sln:powNazwa><sln:waznyOd>2011-08-26T00:00:00+02:00</sln:waznyOd><sln:wojIIPId>ece93e09-0215-42f3-8067-be0649f58d46</sln:wojIIPId><sln:wojIIPPn>PL.PZGIK.200</sln:wojIIPPn><sln:wojIIPWersja>2012-09-27T13:45:13+02:00</sln:wojIIPWersja><sln:wojIdTeryt>22</sln:wojIdTeryt><sln:wojNazwa>pomorskie</sln:wojNazwa></sln:miejscowosc><sln:miejscowosc><sln:cyklZyciaDo>2017-04-05T00:00:00+02:00</sln:cyklZyciaDo><sln:cyklZyciaOd>2015-11-30T00:00:00+01:00</sln:cyklZyciaOd><sln:gmIIPId>dc989468-9fb2-408d-a61d-c1753ac36a67</sln:gmIIPId><sln:gmIIPPn>PL.PZGIK.200</sln:gmIIPPn><sln:gmIIPWersja>2012-09-26T22:45:43+02:00</sln:gmIIPWersja><sln:gmIdTeryt>2206082</sln:gmIdTeryt><sln:gmNazwa>Stara Kiszewa</sln:gmNazwa><sln:miejscIIPId>9c5ed171-4787-4294-a462-bffe34a755e5</sln:miejscIIPId><sln:miejscIIPPn>PL.PZGIK.200</sln:miejscIIPPn><sln:miejscIIPWersja>2016-11-24T09:29:34+02:00</sln:miejscIIPWersja><sln:miejscIdTeryt>0172988</sln:miejscIdTeryt><sln:miejscNazwa>Lipy</sln:miejscNazwa><sln:miejscRodzaj>Wieś</sln:miejscRodzaj><sln:powIIPId>5abcd674-cb07-4f48-bd7c-d098c05ecd6d</sln:powIIPId><sln:powIIPPn>PL.PZGIK.200</sln:powIIPPn><sln:powIIPWersja>2012-09-27T09:33:51+02:00</sln:powIIPWersja><sln:powIdTeryt>2206</sln:powIdTeryt><sln:powNazwa>kościerski</sln:powNazwa><sln:waznyOd>2011-08-26T00:00:00+02:00</sln:waznyOd><sln:wojIIPId>ece93e09-0215-42f3-8067-be0649f58d46</sln:wojIIPId><sln:wojIIPPn>PL.PZGIK.200</sln:wojIIPPn><sln:wojIIPWersja>2012-09-27T13:45:13+02:00</sln:wojIIPWersja><sln:wojIdTeryt>22</sln:wojIdTeryt><sln:wojNazwa>pomorskie</sln:wojNazwa></sln:miejscowosc><sln:miejscowosc><sln:cyklZyciaDo>2017-04-05T00:00:00+02:00</sln:cyklZyciaDo><sln:cyklZyciaOd>2015-11-30T00:00:00+01:00</sln:cyklZyciaOd><sln:gmIIPId>dc989468-9fb2-408d-a61d-c1753ac36a67</sln:gmIIPId><sln:gmIIPPn>PL.PZGIK.200</sln:gmIIPPn><sln:gmIIPWersja>2012-09-26T22:45:43+02:00</sln:gmIIPWersja><sln:gmIdTeryt>2206082</sln:gmIdTeryt><sln:gmNazwa>Stara Kiszewa</sln:gmNazwa><sln:miejscIIPId>12181b9b-1e7c-4582-869d-ad6e363bba2a</sln:miejscIIPId><sln:miejscIIPPn>PL.PZGIK.200</sln:miejscIIPPn><sln:miejscIIPWersja>2016-11-24T09:29:34+02:00</sln:miejscIIPWersja><sln:miejscIdTeryt>0172787</sln:miejscIdTeryt><sln:miejscNazwa>Nowa Kiszewa Chrósty</sln:miejscNazwa><sln:miejscRodzaj>Osada</sln:miejscRodzaj><sln:powIIPId>5abcd674-cb07-4f48-bd7c-d098c05ecd6d</sln:powIIPId><sln:powIIPPn>PL.PZGIK.200</sln:powIIPPn><sln:powIIPWersja>2012-09-27T09:33:51+02:00</sln:powIIPWersja><sln:powIdTeryt>2206</sln:powIdTeryt><sln:powNazwa>kościerski</sln:powNazwa><sln:waznyOd>2013-02-14T00:00:00+01:00</sln:waznyOd><sln:wojIIPId>ece93e09-0215-42f3-8067-be0649f58d46</sln:wojIIPId><sln:wojIIPPn>PL.PZGIK.200</sln:wojIIPPn><sln:wojIIPWersja>2012-09-27T13:45:13+02:00</sln:wojIIPWersja><sln:wojIdTeryt>22</sln:wojIdTeryt><sln:wojNazwa>pomorskie</sln:wojNazwa></sln:miejscowosc><sln:miejscowosc><sln:cyklZyciaDo>2017-04-05T00:00:00+02:00</sln:cyklZyciaDo><sln:cyklZyciaOd>2015-11-30T00:00:00+01:00</sln:cyklZyciaOd><sln:gmIIPId>dc989468-9fb2-408d-a61d-c1753ac36a67</sln:gmIIPId><sln:gmIIPPn>PL.PZGIK.200</sln:gmIIPPn><sln:gmIIPWersja>2012-09-26T22:45:43+02:00</sln:gmIIPWersja><sln:gmIdTeryt>2206082</sln:gmIdTeryt><sln:gmNazwa>Stara Kiszewa</sln:gmNazwa><sln:miejscIIPId>c7ea895d-4b99-45bd-8a9c-09dad34477b7</sln:miejscIIPId><sln:miejscIIPPn>PL.PZGIK.200</sln:miejscIIPPn><sln:miejscIIPWersja>2016-11-24T09:29:34+02:00</sln:miejscIIPWersja><sln:miejscIdTeryt>0173025</sln:miejscIdTeryt><sln:miejscNazwa>Nowe Polaszki</sln:miejscNazwa><sln:miejscRodzaj>Wieś</sln:miejscRodzaj><sln:powIIPId>5abcd674-cb07-4f48-bd7c-d098c05ecd6d</sln:powIIPId><sln:powIIPPn>PL.PZGIK.200</sln:powIIPPn><sln:powIIPWersja>2012-09-27T09:33:51+02:00</sln:powIIPWersja><sln:powIdTeryt>2206</sln:powIdTeryt><sln:powNazwa>kościerski</sln:powNazwa><sln:waznyOd>2011-08-26T00:00:00+02:00</sln:waznyOd><sln:wojIIPId>ece93e09-0215-42f3-8067-be0649f58d46</sln:wojIIPId><sln:wojIIPPn>PL.PZGIK.200</sln:wojIIPPn><sln:wojIIPWersja>2012-09-27T13:45:13+02:00</sln:wojIIPWersja><sln:wojIdTeryt>22</sln:wojIdTeryt><sln:wojNazwa>pomorskie</sln:wojNazwa></sln:miejscowosc><sln:miejscowosc><sln:cyklZyciaDo>2017-04-05T00:00:00+02:00</sln:cyklZyciaDo><sln:cyklZyciaOd>2015-11-30T00:00:00+01:00</sln:cyklZyciaOd><sln:gmIIPId>dc989468-9fb2-408d-a61d-c1753ac36a67</sln:gmIIPId><sln:gmIIPPn>PL.PZGIK.200</sln:gmIIPPn><sln:gmIIPWersja>2012-09-26T22:45:43+02:00</sln:gmIIPWersja><sln:gmIdTeryt>2206082</sln:gmIdTeryt><sln:gmNazwa>Stara Kiszewa</sln:gmNazwa><sln:miejscIIPId>b7bedc9c-e66e-4615-a293-236434b317c5</sln:miejscIIPId><sln:miejscIIPPn>PL.PZGIK.200</sln:miejscIIPPn><sln:miejscIIPWersja>2016-11-24T09:29:34+02:00</sln:miejscIIPWersja><sln:miejscIdTeryt>0173054</sln:miejscIdTeryt><sln:miejscNazwa>Nowy Bukowiec</sln:miejscNazwa><sln:miejscRodzaj>Wieś</sln:miejscRodzaj><sln:powIIPId>5abcd674-cb07-4f48-bd7c-d098c05ecd6d</sln:powIIPId><sln:powIIPPn>PL.PZGIK.200</sln:powIIPPn><sln:powIIPWersja>2012-09-27T09:33:51+02:00</sln:powIIPWersja><sln:powIdTeryt>2206</sln:powIdTeryt><sln:powNazwa>kościerski</sln:powNazwa><sln:waznyOd>2011-08-26T00:00:00+02:00</sln:waznyOd><sln:wojIIPId>ece93e09-0215-42f3-8067-be0649f58d46</sln:wojIIPId><sln:wojIIPPn>PL.PZGIK.200</sln:wojIIPPn><sln:wojIIPWersja>2012-09-27T13:45:13+02:00</sln:wojIIPWersja><sln:wojIdTeryt>22</sln:wojIdTeryt><sln:wojNazwa>pomorskie</sln:wojNazwa></sln:miejscowosc><sln:miejscowosc><sln:cyklZyciaDo>2017-04-05T00:00:00+02:00</sln:cyklZyciaDo><sln:cyklZyciaOd>2015-11-30T00:00:00+01:00</sln:cyklZyciaOd><sln:gmIIPId>dc989468-9fb2-408d-a61d-c1753ac36a67</sln:gmIIPId><sln:gmIIPPn>PL.PZGIK.200</sln:gmIIPPn><sln:gmIIPWersja>2012-09-26T22:45:43+02:00</sln:gmIIPWersja><sln:gmIdTeryt>2206082</sln:gmIdTeryt><sln:gmNazwa>Stara Kiszewa</sln:gmNazwa><sln:miejscIIPId>a699af7b-9c60-4815-be82-7e11f0f9f346</sln:miejscIIPId><sln:miejscIIPPn>PL.PZGIK.200</sln:miejscIIPPn><sln:miejscIIPWersja>2016-11-24T09:29:34+02:00</sln:miejscIIPWersja><sln:miejscIdTeryt>0173060</sln:miejscIdTeryt><sln:miejscNazwa>Olpuch</sln:miejscNazwa><sln:miejscRodzaj>Wieś</sln:miejscRodzaj><sln:powIIPId>5abcd674-cb07-4f48-bd7c-d098c05ecd6d</sln:powIIPId><sln:powIIPPn>PL.PZGIK.200</sln:powIIPPn><sln:powIIPWersja>2012-09-27T09:33:51+02:00</sln:powIIPWersja><sln:powIdTeryt>2206</sln:powIdTeryt><sln:powNazwa>kościerski</sln:powNazwa><sln:waznyOd>2011-08-26T00:00:00+02:00</sln:waznyOd><sln:wojIIPId>ece93e09-0215-42f3-8067-be0649f58d46</sln:wojIIPId><sln:wojIIPPn>PL.PZGIK.200</sln:wojIIPPn><sln:wojIIPWersja>2012-09-27T13:45:13+02:00</sln:wojIIPWersja><sln:wojIdTeryt>22</sln:wojIdTeryt><sln:wojNazwa>pomorskie</sln:wojNazwa></sln:miejscowosc><sln:miejscowosc><sln:cyklZyciaDo>2017-04-05T00:00:00+02:00</sln:cyklZyciaDo><sln:cyklZyciaOd>2015-11-30T00:00:00+01:00</sln:cyklZyciaOd><sln:gmIIPId>dc989468-9fb2-408d-a61d-c1753ac36a67</sln:gmIIPId><sln:gmIIPPn>PL.PZGIK.200</sln:gmIIPPn><sln:gmIIPWersja>2012-09-26T22:45:43+02:00</sln:gmIIPWersja><sln:gmIdTeryt>2206082</sln:gmIdTeryt><sln:gmNazwa>Stara Kiszewa</sln:gmNazwa><sln:miejscIIPId>954d3b1b-ec4e-4495-b9ff-9abcbe277a16</sln:miejscIIPId><sln:miejscIIPPn>PL.PZGIK.200</sln:miejscIIPPn><sln:miejscIIPWersja>2016-11-24T09:29:34+02:00</sln:miejscIIPWersja><sln:miejscIdTeryt>0173114</sln:miejscIdTeryt><sln:miejscNazwa>Pałubin</sln:miejscNazwa><sln:miejscRodzaj>Wieś</sln:miejscRodzaj><sln:powIIPId>5abcd674-cb07-4f48-bd7c-d098c05ecd6d</sln:powIIPId><sln:powIIPPn>PL.PZGIK.200</sln:powIIPPn><sln:powIIPWersja>2012-09-27T09:33:51+02:00</sln:powIIPWersja><sln:powIdTeryt>2206</sln:powIdTeryt><sln:powNazwa>kościerski</sln:powNazwa><sln:waznyOd>2011-08-26T00:00:00+02:00</sln:waznyOd><sln:wojIIPId>ece93e09-0215-42f3-8067-be0649f58d46</sln:wojIIPId><sln:wojIIPPn>PL.PZGIK.200</sln:wojIIPPn><sln:wojIIPWersja>2012-09-27T13:45:13+02:00</sln:wojIIPWersja><sln:wojIdTeryt>22</sln:wojIdTeryt><sln:wojNazwa>pomorskie</sln:wojNazwa></sln:miejscowosc><sln:miejscowosc><sln:cyklZyciaDo>2017-04-05T00:00:00+02:00</sln:cyklZyciaDo><sln:cyklZyciaOd>2015-11-30T00:00:00+01:00</sln:cyklZyciaOd><sln:gmIIPId>dc989468-9fb2-408d-a61d-c1753ac36a67</sln:gmIIPId><sln:gmIIPPn>PL.PZGIK.200</sln:gmIIPPn><sln:gmIIPWersja>2012-09-26T22:45:43+02:00</sln:gmIIPWersja><sln:gmIdTeryt>2206082</sln:gmIdTeryt><sln:gmNazwa>Stara Kiszewa</sln:gmNazwa><sln:miejscIIPId>3c8fbfe6-6743-472d-ab0b-1bb8b68bc3a3</sln:miejscIIPId><sln:miejscIIPPn>PL.PZGIK.200</sln:miejscIIPPn><sln:miejscIIPWersja>2016-11-24T09:29:34+02:00</sln:miejscIIPWersja><sln:miejscIdTeryt>0172758</sln:miejscIdTeryt><sln:miejscNazwa>Ruda</sln:miejscNazwa><sln:miejscRodzaj>Inny obiekt</sln:miejscRodzaj><sln:powIIPId>5abcd674-cb07-4f48-bd7c-d098c05ecd6d</sln:powIIPId><sln:powIIPPn>PL.PZGIK.200</sln:powIIPPn><sln:powIIPWersja>2012-09-27T09:33:51+02:00</sln:powIIPWersja><sln:powIdTeryt>2206</sln:powIdTeryt><sln:powNazwa>kościerski</sln:powNazwa><sln:waznyOd>2011-08-26T00:00:00+02:00</sln:waznyOd><sln:wojIIPId>ece93e09-0215-42f3-8067-be0649f58d46</sln:wojIIPId><sln:wojIIPPn>PL.PZGIK.200</sln:wojIIPPn><sln:wojIIPWersja>2012-09-27T13:45:13+02:00</sln:wojIIPWersja><sln:wojIdTeryt>22</sln:wojIdTeryt><sln:wojNazwa>pomorskie</sln:wojNazwa></sln:miejscowosc><sln:miejscowosc><sln:cyklZyciaDo>2017-04-05T00:00:00+02:00</sln:cyklZyciaDo><sln:cyklZyciaOd>2015-11-30T00:00:00+01:00</sln:cyklZyciaOd><sln:gmIIPId>dc989468-9fb2-408d-a61d-c1753ac36a67</sln:gmIIPId><sln:gmIIPPn>PL.PZGIK.200</sln:gmIIPPn><sln:gmIIPWersja>2012-09-26T22:45:43+02:00</sln:gmIIPWersja><sln:gmIdTeryt>2206082</sln:gmIdTeryt><sln:gmNazwa>Stara Kiszewa</sln:gmNazwa><sln:miejscIIPId>f7db17fe-daa1-42fc-abc0-e0036595ac0a</sln:miejscIIPId><sln:miejscIIPPn>PL.PZGIK.200</sln:miejscIIPPn><sln:miejscIIPWersja>2016-11-24T09:29:34+02:00</sln:miejscIIPWersja><sln:miejscIdTeryt>0173120</sln:miejscIdTeryt><sln:miejscNazwa>Stara Kiszewa</sln:miejscNazwa><sln:miejscRodzaj>Wieś</sln:miejscRodzaj><sln:powIIPId>5abcd674-cb07-4f48-bd7c-d098c05ecd6d</sln:powIIPId><sln:powIIPPn>PL.PZGIK.200</sln:powIIPPn><sln:powIIPWersja>2012-09-27T09:33:51+02:00</sln:powIIPWersja><sln:powIdTeryt>2206</sln:powIdTeryt><sln:powNazwa>kościerski</sln:powNazwa><sln:waznyOd>2011-08-26T00:00:00+02:00</sln:waznyOd><sln:wojIIPId>ece93e09-0215-42f3-8067-be0649f58d46</sln:wojIIPId><sln:wojIIPPn>PL.PZGIK.200</sln:wojIIPPn><sln:wojIIPWersja>2012-09-27T13:45:13+02:00</sln:wojIIPWersja><sln:wojIdTeryt>22</sln:wojIdTeryt><sln:wojNazwa>pomorskie</sln:wojNazwa></sln:miejscowosc><sln:miejscowosc><sln:cyklZyciaDo>2017-04-05T00:00:00+02:00</sln:cyklZyciaDo><sln:cyklZyciaOd>2015-11-30T00:00:00+01:00</sln:cyklZyciaOd><sln:gmIIPId>dc989468-9fb2-408d-a61d-c1753ac36a67</sln:gmIIPId><sln:gmIIPPn>PL.PZGIK.200</sln:gmIIPPn><sln:gmIIPWersja>2012-09-26T22:45:43+02:00</sln:gmIIPWersja><sln:gmIdTeryt>2206082</sln:gmIdTeryt><sln:gmNazwa>Stara Kiszewa</sln:gmNazwa><sln:miejscIIPId>d5ec7995-2b5e-412f-8025-e8aed9cb5b15</sln:miejscIIPId><sln:miejscIIPPn>PL.PZGIK.200</sln:miejscIIPPn><sln:miejscIIPWersja>2016-11-24T14:10:14+02:00</sln:miejscIIPWersja><sln:miejscNazwa>Stara Kiszewa Wybudowanie</sln:miejscNazwa><sln:miejscRodzaj>Inny obiekt</sln:miejscRodzaj><sln:powIIPId>5abcd674-cb07-4f48-bd7c-d098c05ecd6d</sln:powIIPId><sln:powIIPPn>PL.PZGIK.200</sln:powIIPPn><sln:powIIPWersja>2012-09-27T09:33:51+02:00</sln:powIIPWersja><sln:powIdTeryt>2206</sln:powIdTeryt><sln:powNazwa>kościerski</sln:powNazwa><sln:waznyOd>2013-02-14T00:00:00+01:00</sln:waznyOd><sln:wojIIPId>ece93e09-0215-42f3-8067-be0649f58d46</sln:wojIIPId><sln:wojIIPPn>PL.PZGIK.200</sln:wojIIPPn><sln:wojIIPWersja>2012-09-27T13:45:13+02:00</sln:wojIIPWersja><sln:wojIdTeryt>22</sln:wojIdTeryt><sln:wojNazwa>pomorskie</sln:wojNazwa></sln:miejscowosc><sln:miejscowosc><sln:cyklZyciaDo>2017-04-05T00:00:00+02:00</sln:cyklZyciaDo><sln:cyklZyciaOd>2015-11-30T00:00:00+01:00</sln:cyklZyciaOd><sln:gmIIPId>dc989468-9fb2-408d-a61d-c1753ac36a67</sln:gmIIPId><sln:gmIIPPn>PL.PZGIK.200</sln:gmIIPPn><sln:gmIIPWersja>2012-09-26T22:45:43+02:00</sln:gmIIPWersja><sln:gmIdTeryt>2206082</sln:gmIdTeryt><sln:gmNazwa>Stara Kiszewa</sln:gmNazwa><sln:miejscIIPId>74b2bcfb-2ff4-416f-981b-ba3e186d7fb7</sln:miejscIIPId><sln:miejscIIPPn>PL.PZGIK.200</sln:miejscIIPPn><sln:miejscIIPWersja>2016-11-24T09:29:34+02:00</sln:miejscIIPWersja><sln:miejscIdTeryt>0173150</sln:miejscIdTeryt><sln:miejscNazwa>Stare Polaszki</sln:miejscNazwa><sln:miejscRodzaj>Wieś</sln:miejscRodzaj><sln:powIIPId>5abcd674-cb07-4f48-bd7c-d098c05ecd6d</sln:powIIPId><sln:powIIPPn>PL.PZGIK.200</sln:powIIPPn><sln:powIIPWersja>2012-09-27T09:33:51+02:00</sln:powIIPWersja><sln:powIdTeryt>2206</sln:powIdTeryt><sln:powNazwa>kościerski</sln:powNazwa><sln:waznyOd>2011-08-26T00:00:00+02:00</sln:waznyOd><sln:wojIIPId>ece93e09-0215-42f3-8067-be0649f58d46</sln:wojIIPId><sln:wojIIPPn>PL.PZGIK.200</sln:wojIIPPn><sln:wojIIPWersja>2012-09-27T13:45:13+02:00</sln:wojIIPWersja><sln:wojIdTeryt>22</sln:wojIdTeryt><sln:wojNazwa>pomorskie</sln:wojNazwa></sln:miejscowosc><sln:miejscowosc><sln:cyklZyciaDo>2017-04-05T00:00:00+02:00</sln:cyklZyciaDo><sln:cyklZyciaOd>2015-11-30T00:00:00+01:00</sln:cyklZyciaOd><sln:gmIIPId>dc989468-9fb2-408d-a61d-c1753ac36a67</sln:gmIIPId><sln:gmIIPPn>PL.PZGIK.200</sln:gmIIPPn><sln:gmIIPWersja>2012-09-26T22:45:43+02:00</sln:gmIIPWersja><sln:gmIdTeryt>2206082</sln:gmIdTeryt><sln:gmNazwa>Stara Kiszewa</sln:gmNazwa><sln:miejscIIPId>539f3077-ba5a-49f9-94be-90b24718e57a</sln:miejscIIPId><sln:miejscIIPPn>PL.PZGIK.200</sln:miejscIIPPn><sln:miejscIIPWersja>2016-11-24T09:29:34+02:00</sln:miejscIIPWersja><sln:miejscIdTeryt>0173166</sln:miejscIdTeryt><sln:miejscNazwa>Stary Bukowiec</sln:miejscNazwa><sln:miejscRodzaj>Wieś</sln:miejscRodzaj><sln:powIIPId>5abcd674-cb07-4f48-bd7c-d098c05ecd6d</sln:powIIPId><sln:powIIPPn>PL.PZGIK.200</sln:powIIPPn><sln:powIIPWersja>2012-09-27T09:33:51+02:00</sln:powIIPWersja><sln:powIdTeryt>2206</sln:powIdTeryt><sln:powNazwa>kościerski</sln:powNazwa><sln:waznyOd>2011-08-26T00:00:00+02:00</sln:waznyOd><sln:wojIIPId>ece93e09-0215-42f3-8067-be0649f58d46</sln:wojIIPId><sln:wojIIPPn>PL.PZGIK.200</sln:wojIIPPn><sln:wojIIPWersja>2012-09-27T13:45:13+02:00</sln:wojIIPWersja><sln:wojIdTeryt>22</sln:wojIdTeryt><sln:wojNazwa>pomorskie</sln:wojNazwa></sln:miejscowosc><sln:miejscowosc><sln:cyklZyciaDo>2017-04-05T00:00:00+02:00</sln:cyklZyciaDo><sln:cyklZyciaOd>2015-11-30T00:00:00+01:00</sln:cyklZyciaOd><sln:gmIIPId>dc989468-9fb2-408d-a61d-c1753ac36a67</sln:gmIIPId><sln:gmIIPPn>PL.PZGIK.200</sln:gmIIPPn><sln:gmIIPWersja>2012-09-26T22:45:43+02:00</sln:gmIIPWersja><sln:gmIdTeryt>2206082</sln:gmIdTeryt><sln:gmNazwa>Stara Kiszewa</sln:gmNazwa><sln:miejscIIPId>c34c4159-7327-4b8c-9fb5-6dd07567f954</sln:miejscIIPId><sln:miejscIIPPn>PL.PZGIK.200</sln:miejscIIPPn><sln:miejscIIPWersja>2016-11-24T09:29:34+02:00</sln:miejscIIPWersja><sln:miejscIdTeryt>0173002</sln:miejscIdTeryt><sln:miejscNazwa>Struga</sln:miejscNazwa><sln:miejscRodzaj>Wieś</sln:miejscRodzaj><sln:powIIPId>5abcd674-cb07-4f48-bd7c-d098c05ecd6d</sln:powIIPId><sln:powIIPPn>PL.PZGIK.200</sln:powIIPPn><sln:powIIPWersja>2012-09-27T09:33:51+02:00</sln:powIIPWersja><sln:powIdTeryt>2206</sln:powIdTeryt><sln:powNazwa>kościerski</sln:powNazwa><sln:waznyOd>2012-01-03T00:00:00+01:00</sln:waznyOd><sln:wojIIPId>ece93e09-0215-42f3-8067-be0649f58d46</sln:wojIIPId><sln:wojIIPPn>PL.PZGIK.200</sln:wojIIPPn><sln:wojIIPWersja>2012-09-27T13:45:13+02:00</sln:wojIIPWersja><sln:wojIdTeryt>22</sln:wojIdTeryt><sln:wojNazwa>pomorskie</sln:wojNazwa></sln:miejscowosc><sln:miejscowosc><sln:cyklZyciaDo>2017-04-05T00:00:00+02:00</sln:cyklZyciaDo><sln:cyklZyciaOd>2015-11-30T00:00:00+01:00</sln:cyklZyciaOd><sln:gmIIPId>dc989468-9fb2-408d-a61d-c1753ac36a67</sln:gmIIPId><sln:gmIIPPn>PL.PZGIK.200</sln:gmIIPPn><sln:gmIIPWersja>2012-09-26T22:45:43+02:00</sln:gmIIPWersja><sln:gmIdTeryt>2206082</sln:gmIdTeryt><sln:gmNazwa>Stara Kiszewa</sln:gmNazwa><sln:miejscIIPId>8d01e788-d838-4796-a909-7765b8de7eaf</sln:miejscIIPId><sln:miejscIIPPn>PL.PZGIK.200</sln:miejscIIPPn><sln:miejscIIPWersja>2016-11-24T09:29:34+02:00</sln:miejscIIPWersja><sln:miejscIdTeryt>0173226</sln:miejscIdTeryt><sln:miejscNazwa>Strzelki</sln:miejscNazwa><sln:miejscRodzaj>Wieś</sln:miejscRodzaj><sln:powIIPId>5abcd674-cb07-4f48-bd7c-d098c05ecd6d</sln:powIIPId><sln:powIIPPn>PL.PZGIK.200</sln:powIIPPn><sln:powIIPWersja>2012-09-27T09:33:51+02:00</sln:powIIPWersja><sln:powIdTeryt>2206</sln:powIdTeryt><sln:powNazwa>kościerski</sln:powNazwa><sln:waznyOd>2012-01-03T00:00:00+01:00</sln:waznyOd><sln:wojIIPId>ece93e09-0215-42f3-8067-be0649f58d46</sln:wojIIPId><sln:wojIIPPn>PL.PZGIK.200</sln:wojIIPPn><sln:wojIIPWersja>2012-09-27T13:45:13+02:00</sln:wojIIPWersja><sln:wojIdTeryt>22</sln:wojIdTeryt><sln:wojNazwa>pomorskie</sln:wojNazwa></sln:miejscowosc><sln:miejscowosc><sln:cyklZyciaDo>2017-04-05T00:00:00+02:00</sln:cyklZyciaDo><sln:cyklZyciaOd>2015-11-30T00:00:00+01:00</sln:cyklZyciaOd><sln:gmIIPId>dc989468-9fb2-408d-a61d-c1753ac36a67</sln:gmIIPId><sln:gmIIPPn>PL.PZGIK.200</sln:gmIIPPn><sln:gmIIPWersja>2012-09-26T22:45:43+02:00</sln:gmIIPWersja><sln:gmIdTeryt>2206082</sln:gmIdTeryt><sln:gmNazwa>Stara Kiszewa</sln:gmNazwa><sln:miejscIIPId>4ac89ba9-2393-4af0-9fc5-217dbbb0736e</sln:miejscIIPId><sln:miejscIIPPn>PL.PZGIK.200</sln:miejscIIPPn><sln:miejscIIPWersja>2016-11-24T09:29:34+02:00</sln:miejscIIPWersja><sln:miejscIdTeryt>0173189</sln:miejscIdTeryt><sln:miejscNazwa>Wilcze Błota Kościerskie</sln:miejscNazwa><sln:miejscRodzaj>Wieś</sln:miejscRodzaj><sln:powIIPId>5abcd674-cb07-4f48-bd7c-d098c05ecd6d</sln:powIIPId><sln:powIIPPn>PL.PZGIK.200</sln:powIIPPn><sln:powIIPWersja>2012-09-27T09:33:51+02:00</sln:powIIPWersja><sln:powIdTeryt>2206</sln:powIdTeryt><sln:powNazwa>kościerski</sln:powNazwa><sln:waznyOd>2012-12-07T00:00:00+01:00</sln:waznyOd><sln:wojIIPId>ece93e09-0215-42f3-8067-be0649f58d46</sln:wojIIPId><sln:wojIIPPn>PL.PZGIK.200</sln:wojIIPPn><sln:wojIIPWersja>2012-09-27T13:45:13+02:00</sln:wojIIPWersja><sln:wojIdTeryt>22</sln:wojIdTeryt><sln:wojNazwa>pomorskie</sln:wojNazwa></sln:miejscowosc><sln:miejscowosc><sln:cyklZyciaDo>2017-04-05T00:00:00+02:00</sln:cyklZyciaDo><sln:cyklZyciaOd>2015-11-30T00:00:00+01:00</sln:cyklZyciaOd><sln:gmIIPId>dc989468-9fb2-408d-a61d-c1753ac36a67</sln:gmIIPId><sln:gmIIPPn>PL.PZGIK.200</sln:gmIIPPn><sln:gmIIPWersja>2012-09-26T22:45:43+02:00</sln:gmIIPWersja><sln:gmIdTeryt>2206082</sln:gmIdTeryt><sln:gmNazwa>Stara Kiszewa</sln:gmNazwa><sln:miejscIIPId>62b52663-5635-45c6-9ef6-015fe791bd9b</sln:miejscIIPId><sln:miejscIIPPn>PL.PZGIK.200</sln:miejscIIPPn><sln:miejscIIPWersja>2016-11-24T09:29:34+02:00</sln:miejscIIPWersja><sln:miejscIdTeryt>0173195</sln:miejscIdTeryt><sln:miejscNazwa>Wygonin</sln:miejscNazwa><sln:miejscRodzaj>Wieś</sln:miejscRodzaj><sln:powIIPId>5abcd674-cb07-4f48-bd7c-d098c05ecd6d</sln:powIIPId><sln:powIIPPn>PL.PZGIK.200</sln:powIIPPn><sln:powIIPWersja>2012-09-27T09:33:51+02:00</sln:powIIPWersja><sln:powIdTeryt>2206</sln:powIdTeryt><sln:powNazwa>kościerski</sln:powNazwa><sln:waznyOd>2011-08-26T00:00:00+02:00</sln:waznyOd><sln:wojIIPId>ece93e09-0215-42f3-8067-be0649f58d46</sln:wojIIPId><sln:wojIIPPn>PL.PZGIK.200</sln:wojIIPPn><sln:wojIIPWersja>2012-09-27T13:45:13+02:00</sln:wojIIPWersja><sln:wojIdTeryt>22</sln:wojIdTeryt><sln:wojNazwa>pomorskie</sln:wojNazwa></sln:miejscowosc><sln:miejscowosc><sln:cyklZyciaDo>2017-04-05T00:00:00+02:00</sln:cyklZyciaDo><sln:cyklZyciaOd>2015-11-30T00:00:00+01:00</sln:cyklZyciaOd><sln:gmIIPId>dc989468-9fb2-408d-a61d-c1753ac36a67</sln:gmIIPId><sln:gmIIPPn>PL.PZGIK.200</sln:gmIIPPn><sln:gmIIPWersja>2012-09-26T22:45:43+02:00</sln:gmIIPWersja><sln:gmIdTeryt>2206082</sln:gmIdTeryt><sln:gmNazwa>Stara Kiszewa</sln:gmNazwa><sln:miejscIIPId>3829749f-0451-482d-b3fe-dd56f7cfc303</sln:miejscIIPId><sln:miejscIIPPn>PL.PZGIK.200</sln:miejscIIPPn><sln:miejscIIPWersja>2016-11-24T09:29:34+02:00</sln:miejscIIPWersja><sln:miejscIdTeryt>0173210</sln:miejscIdTeryt><sln:miejscNazwa>Zamek Kiszewski</sln:miejscNazwa><sln:miejscRodzaj>Wieś</sln:miejscRodzaj><sln:powIIPId>5abcd674-cb07-4f48-bd7c-d098c05ecd6d</sln:powIIPId><sln:powIIPPn>PL.PZGIK.200</sln:powIIPPn><sln:powIIPWersja>2012-09-27T09:33:51+02:00</sln:powIIPWersja><sln:powIdTeryt>2206</sln:powIdTeryt><sln:powNazwa>kościerski</sln:powNazwa><sln:waznyOd>2011-08-26T00:00:00+02:00</sln:waznyOd><sln:wojIIPId>ece93e09-0215-42f3-8067-be0649f58d46</sln:wojIIPId><sln:wojIIPPn>PL.PZGIK.200</sln:wojIIPPn><sln:wojIIPWersja>2012-09-27T13:45:13+02:00</sln:wojIIPWersja><sln:wojIdTeryt>22</sln:wojIdTeryt><sln:wojNazwa>pomorskie</sln:wojNazwa></sln:miejscowosc><sln:miejscowosc><sln:cyklZyciaOd>2017-04-05T00:00:00+02:00</sln:cyklZyciaOd><sln:gmIIPId>dc989468-9fb2-408d-a61d-c1753ac36a67</sln:gmIIPId><sln:gmIIPPn>PL.PZGIK.200</sln:gmIIPPn><sln:gmIIPWersja>2012-09-26T22:45:43+02:00</sln:gmIIPWersja><sln:gmIdTeryt>2206082</sln:gmIdTeryt><sln:gmNazwa>Stara Kiszewa</sln:gmNazwa><sln:miejscIIPId>43452d18-c830-41f3-90a0-0843d46b22dd</sln:miejscIIPId><sln:miejscIIPPn>PL.PZGIK.200</sln:miejscIIPPn><sln:miejscIIPWersja>2017-04-05T11:44:30+02:00</sln:miejscIIPWersja><sln:miejscIdTeryt>0172741</sln:miejscIdTeryt><sln:miejscNazwa>Bartoszylas</sln:miejscNazwa><sln:miejscRodzaj>Wieś</sln:miejscRodzaj><sln:powIIPId>5abcd674-cb07-4f48-bd7c-d098c05ecd6d</sln:powIIPId><sln:powIIPPn>PL.PZGIK.200</sln:powIIPPn><sln:powIIPWersja>2012-09-27T09:33:51+02:00</sln:powIIPWersja><sln:powIdTeryt>2206</sln:powIdTeryt><sln:powNazwa>kościerski</sln:powNazwa><sln:waznyOd>2011-08-26T00:00:00+02:00</sln:waznyOd><sln:wojIIPId>ece93e09-0215-42f3-8067-be0649f58d46</sln:wojIIPId><sln:wojIIPPn>PL.PZGIK.200</sln:wojIIPPn><sln:wojIIPWersja>2012-09-27T13:45:13+02:00</sln:wojIIPWersja><sln:wojIdTeryt>22</sln:wojIdTeryt><sln:wojNazwa>pomorskie</sln:wojNazwa></sln:miejscowosc><sln:miejscowosc><sln:cyklZyciaOd>2017-04-05T00:00:00+02:00</sln:cyklZyciaOd><sln:gmIIPId>dc989468-9fb2-408d-a61d-c1753ac36a67</sln:gmIIPId><sln:gmIIPPn>PL.PZGIK.200</sln:gmIIPPn><sln:gmIIPWersja>2012-09-26T22:45:43+02:00</sln:gmIIPWersja><sln:gmIdTeryt>2206082</sln:gmIdTeryt><sln:gmNazwa>Stara Kiszewa</sln:gmNazwa><sln:miejscIIPId>3c8fbfe6-6743-472d-ab0b-1bb8b68bc3a3</sln:miejscIIPId><sln:miejscIIPPn>PL.PZGIK.200</sln:miejscIIPPn><sln:miejscIIPWersja>2017-04-05T11:44:37+02:00</sln:miejscIIPWersja><sln:miejscIdTeryt>0172758</sln:miejscIdTeryt><sln:miejscNazwa>Ruda</sln:miejscNazwa><sln:miejscRodzaj>Inny obiekt</sln:miejscRodzaj><sln:powIIPId>5abcd674-cb07-4f48-bd7c-d098c05ecd6d</sln:powIIPId><sln:powIIPPn>PL.PZGIK.200</sln:powIIPPn><sln:powIIPWersja>2012-09-27T09:33:51+02:00</sln:powIIPWersja><sln:powIdTeryt>2206</sln:powIdTeryt><sln:powNazwa>kościerski</sln:powNazwa><sln:waznyOd>2011-08-26T00:00:00+02:00</sln:waznyOd><sln:wojIIPId>ece93e09-0215-42f3-8067-be0649f58d46</sln:wojIIPId><sln:wojIIPPn>PL.PZGIK.200</sln:wojIIPPn><sln:wojIIPWersja>2012-09-27T13:45:13+02:00</sln:wojIIPWersja><sln:wojIdTeryt>22</sln:wojIdTeryt><sln:wojNazwa>pomorskie</sln:wojNazwa></sln:miejscowosc><sln:miejscowosc><sln:cyklZyciaOd>2017-04-05T00:00:00+02:00</sln:cyklZyciaOd><sln:gmIIPId>dc989468-9fb2-408d-a61d-c1753ac36a67</sln:gmIIPId><sln:gmIIPPn>PL.PZGIK.200</sln:gmIIPPn><sln:gmIIPWersja>2012-09-26T22:45:43+02:00</sln:gmIIPWersja><sln:gmIdTeryt>2206082</sln:gmIdTeryt><sln:gmNazwa>Stara Kiszewa</sln:gmNazwa><sln:miejscIIPId>4c8a3f99-76cf-479a-a220-d2d3eb4615bb</sln:miejscIIPId><sln:miejscIIPPn>PL.PZGIK.200</sln:miejscIIPPn><sln:miejscIIPWersja>2017-04-05T11:44:37+02:00</sln:miejscIIPWersja><sln:miejscIdTeryt>0172770</sln:miejscIdTeryt><sln:miejscNazwa>Bożepole Szlacheckie</sln:miejscNazwa><sln:miejscRodzaj>Wieś</sln:miejscRodzaj><sln:powIIPId>5abcd674-cb07-4f48-bd7c-d098c05ecd6d</sln:powIIPId><sln:powIIPPn>PL.PZGIK.200</sln:powIIPPn><sln:powIIPWersja>2012-09-27T09:33:51+02:00</sln:powIIPWersja><sln:powIdTeryt>2206</sln:powIdTeryt><sln:powNazwa>kościerski</sln:powNazwa><sln:waznyOd>2011-08-26T00:00:00+02:00</sln:waznyOd><sln:wojIIPId>ece93e09-0215-42f3-8067-be0649f58d46</sln:wojIIPId><sln:wojIIPPn>PL.PZGIK.200</sln:wojIIPPn><sln:wojIIPWersja>2012-09-27T13:45:13+02:00</sln:wojIIPWersja><sln:wojIdTeryt>22</sln:wojIdTeryt><sln:wojNazwa>pomorskie</sln:wojNazwa></sln:miejscowosc><sln:miejscowosc><sln:cyklZyciaOd>2017-04-05T00:00:00+02:00</sln:cyklZyciaOd><sln:gmIIPId>dc989468-9fb2-408d-a61d-c1753ac36a67</sln:gmIIPId><sln:gmIIPPn>PL.PZGIK.200</sln:gmIIPPn><sln:gmIIPWersja>2012-09-26T22:45:43+02:00</sln:gmIIPWersja><sln:gmIdTeryt>2206082</sln:gmIdTeryt><sln:gmNazwa>Stara Kiszewa</sln:gmNazwa><sln:miejscIIPId>12181b9b-1e7c-4582-869d-ad6e363bba2a</sln:miejscIIPId><sln:miejscIIPPn>PL.PZGIK.200</sln:miejscIIPPn><sln:miejscIIPWersja>2017-04-05T11:44:37+02:00</sln:miejscIIPWersja><sln:miejscIdTeryt>0172787</sln:miejscIdTeryt><sln:miejscNazwa>Nowa Kiszewa Chrósty</sln:miejscNazwa><sln:miejscRodzaj>Osada</sln:miejscRodzaj><sln:powIIPId>5abcd674-cb07-4f48-bd7c-d098c05ecd6d</sln:powIIPId><sln:powIIPPn>PL.PZGIK.200</sln:powIIPPn><sln:powIIPWersja>2012-09-27T09:33:51+02:00</sln:powIIPWersja><sln:powIdTeryt>2206</sln:powIdTeryt><sln:powNazwa>kościerski</sln:powNazwa><sln:waznyOd>2013-02-14T00:00:00+01:00</sln:waznyOd><sln:wojIIPId>ece93e09-0215-42f3-8067-be0649f58d46</sln:wojIIPId><sln:wojIIPPn>PL.PZGIK.200</sln:wojIIPPn><sln:wojIIPWersja>2012-09-27T13:45:13+02:00</sln:wojIIPWersja><sln:wojIdTeryt>22</sln:wojIdTeryt><sln:wojNazwa>pomorskie</sln:wojNazwa></sln:miejscowosc><sln:miejscowosc><sln:cyklZyciaOd>2017-04-05T00:00:00+02:00</sln:cyklZyciaOd><sln:gmIIPId>dc989468-9fb2-408d-a61d-c1753ac36a67</sln:gmIIPId><sln:gmIIPPn>PL.PZGIK.200</sln:gmIIPPn><sln:gmIIPWersja>2012-09-26T22:45:43+02:00</sln:gmIIPWersja><sln:gmIdTeryt>2206082</sln:gmIdTeryt><sln:gmNazwa>Stara Kiszewa</sln:gmNazwa><sln:miejscIIPId>eb785d76-cca3-4c35-bbba-3de6817834bd</sln:miejscIIPId><sln:miejscIIPPn>PL.PZGIK.200</sln:miejscIIPPn><sln:miejscIIPWersja>2017-04-05T11:44:37+02:00</sln:miejscIIPWersja><sln:miejscIdTeryt>0172793</sln:miejscIdTeryt><sln:miejscNazwa>Chwarzenko</sln:miejscNazwa><sln:miejscRodzaj>Wieś</sln:miejscRodzaj><sln:powIIPId>5abcd674-cb07-4f48-bd7c-d098c05ecd6d</sln:powIIPId><sln:powIIPPn>PL.PZGIK.200</sln:powIIPPn><sln:powIIPWersja>2012-09-27T09:33:51+02:00</sln:powIIPWersja><sln:powIdTeryt>2206</sln:powIdTeryt><sln:powNazwa>kościerski</sln:powNazwa><sln:waznyOd>2011-08-26T00:00:00+02:00</sln:waznyOd><sln:wojIIPId>ece93e09-0215-42f3-8067-be0649f58d46</sln:wojIIPId><sln:wojIIPPn>PL.PZGIK.200</sln:wojIIPPn><sln:wojIIPWersja>2012-09-27T13:45:13+02:00</sln:wojIIPWersja><sln:wojIdTeryt>22</sln:wojIdTeryt><sln:wojNazwa>pomorskie</sln:wojNazwa></sln:miejscowosc><sln:miejscowosc><sln:cyklZyciaOd>2017-04-05T00:00:00+02:00</sln:cyklZyciaOd><sln:gmIIPId>dc989468-9fb2-408d-a61d-c1753ac36a67</sln:gmIIPId><sln:gmIIPPn>PL.PZGIK.200</sln:gmIIPPn><sln:gmIIPWersja>2012-09-26T22:45:43+02:00</sln:gmIIPWersja><sln:gmIdTeryt>2206082</sln:gmIdTeryt><sln:gmNazwa>Stara Kiszewa</sln:gmNazwa><sln:miejscIIPId>ac4122be-9441-4876-9243-9bd9ef67e93d</sln:miejscIIPId><sln:miejscIIPPn>PL.PZGIK.200</sln:miejscIIPPn><sln:miejscIIPWersja>2017-04-05T11:44:37+02:00</sln:miejscIIPWersja><sln:miejscIdTeryt>0172801</sln:miejscIdTeryt><sln:miejscNazwa>Chwarzno</sln:miejscNazwa><sln:miejscRodzaj>Wieś</sln:miejscRodzaj><sln:powIIPId>5abcd674-cb07-4f48-bd7c-d098c05ecd6d</sln:powIIPId><sln:powIIPPn>PL.PZGIK.200</sln:powIIPPn><sln:powIIPWersja>2012-09-27T09:33:51+02:00</sln:powIIPWersja><sln:powIdTeryt>2206</sln:powIdTeryt><sln:powNazwa>kościerski</sln:powNazwa><sln:waznyOd>2011-08-26T00:00:00+02:00</sln:waznyOd><sln:wojIIPId>ece93e09-0215-42f3-8067-be0649f58d46</sln:wojIIPId><sln:wojIIPPn>PL.PZGIK.200</sln:wojIIPPn><sln:wojIIPWersja>2012-09-27T13:45:13+02:00</sln:wojIIPWersja><sln:wojIdTeryt>22</sln:wojIdTeryt><sln:wojNazwa>pomorskie</sln:wojNazwa></sln:miejscowosc><sln:miejscowosc><sln:cyklZyciaOd>2017-04-05T00:00:00+02:00</sln:cyklZyciaOd><sln:gmIIPId>dc989468-9fb2-408d-a61d-c1753ac36a67</sln:gmIIPId><sln:gmIIPPn>PL.PZGIK.200</sln:gmIIPPn><sln:gmIIPWersja>2012-09-26T22:45:43+02:00</sln:gmIIPWersja><sln:gmIdTeryt>2206082</sln:gmIdTeryt><sln:gmNazwa>Stara Kiszewa</sln:gmNazwa><sln:miejscIIPId>dbb1c61b-3d44-4262-910b-381cd2b4f10d</sln:miejscIIPId><sln:miejscIIPPn>PL.PZGIK.200</sln:miejscIIPPn><sln:miejscIIPWersja>2017-04-05T11:44:37+02:00</sln:miejscIIPWersja><sln:miejscIdTeryt>0172830</sln:miejscIdTeryt><sln:miejscNazwa>Czerniki</sln:miejscNazwa><sln:miejscRodzaj>Wieś</sln:miejscRodzaj><sln:powIIPId>5abcd674-cb07-4f48-bd7c-d098c05ecd6d</sln:powIIPId><sln:powIIPPn>PL.PZGIK.200</sln:powIIPPn><sln:powIIPWersja>2012-09-27T09:33:51+02:00</sln:powIIPWersja><sln:powIdTeryt>2206</sln:powIdTeryt><sln:powNazwa>kościerski</sln:powNazwa><sln:waznyOd>2011-08-26T00:00:00+02:00</sln:waznyOd><sln:wojIIPId>ece93e09-0215-42f3-8067-be0649f58d46</sln:wojIIPId><sln:wojIIPPn>PL.PZGIK.200</sln:wojIIPPn><sln:wojIIPWersja>2012-09-27T13:45:13+02:00</sln:wojIIPWersja><sln:wojIdTeryt>22</sln:wojIdTeryt><sln:wojNazwa>pomorskie</sln:wojNazwa></sln:miejscowosc><sln:miejscowosc><sln:cyklZyciaOd>2017-04-05T00:00:00+02:00</sln:cyklZyciaOd><sln:gmIIPId>dc989468-9fb2-408d-a61d-c1753ac36a67</sln:gmIIPId><sln:gmIIPPn>PL.PZGIK.200</sln:gmIIPPn><sln:gmIIPWersja>2012-09-26T22:45:43+02:00</sln:gmIIPWersja><sln:gmIdTeryt>2206082</sln:gmIdTeryt><sln:gmNazwa>Stara Kiszewa</sln:gmNazwa><sln:miejscIIPId>edf40f1b-bfca-4cf5-9039-52f2d36dc042</sln:miejscIIPId><sln:miejscIIPPn>PL.PZGIK.200</sln:miejscIIPPn><sln:miejscIIPWersja>2017-04-05T11:44:37+02:00</sln:miejscIIPWersja><sln:miejscIdTeryt>0172847</sln:miejscIdTeryt><sln:miejscNazwa>Góra</sln:miejscNazwa><sln:miejscRodzaj>Wieś</sln:miejscRodzaj><sln:powIIPId>5abcd674-cb07-4f48-bd7c-d098c05ecd6d</sln:powIIPId><sln:powIIPPn>PL.PZGIK.200</sln:powIIPPn><sln:powIIPWersja>2012-09-27T09:33:51+02:00</sln:powIIPWersja><sln:powIdTeryt>2206</sln:powIdTeryt><sln:powNazwa>kościerski</sln:powNazwa><sln:waznyOd>2011-08-26T00:00:00+02:00</sln:waznyOd><sln:wojIIPId>ece93e09-0215-42f3-8067-be0649f58d46</sln:wojIIPId><sln:wojIIPPn>PL.PZGIK.200</sln:wojIIPPn><sln:wojIIPWersja>2012-09-27T13:45:13+02:00</sln:wojIIPWersja><sln:wojIdTeryt>22</sln:wojIdTeryt><sln:wojNazwa>pomorskie</sln:wojNazwa></sln:miejscowosc><sln:miejscowosc><sln:cyklZyciaOd>2017-04-05T00:00:00+02:00</sln:cyklZyciaOd><sln:gmIIPId>dc989468-9fb2-408d-a61d-c1753ac36a67</sln:gmIIPId><sln:gmIIPPn>PL.PZGIK.200</sln:gmIIPPn><sln:gmIIPWersja>2012-09-26T22:45:43+02:00</sln:gmIIPWersja><sln:gmIdTeryt>2206082</sln:gmIdTeryt><sln:gmNazwa>Stara Kiszewa</sln:gmNazwa><sln:miejscIIPId>7cd4162f-3c4a-482b-bb8a-c8041668cb49</sln:miejscIIPId><sln:miejscIIPPn>PL.PZGIK.200</sln:miejscIIPPn><sln:miejscIIPWersja>2017-04-05T11:44:37+02:00</sln:miejscIIPWersja><sln:miejscIdTeryt>0172853</sln:miejscIdTeryt><sln:miejscNazwa>Góra-Nowy Dworzec</sln:miejscNazwa><sln:miejscRodzaj>Osada</sln:miejscRodzaj><sln:powIIPId>5abcd674-cb07-4f48-bd7c-d098c05ecd6d</sln:powIIPId><sln:powIIPPn>PL.PZGIK.200</sln:powIIPPn><sln:powIIPWersja>2012-09-27T09:33:51+02:00</sln:powIIPWersja><sln:powIdTeryt>2206</sln:powIdTeryt><sln:powNazwa>kościerski</sln:powNazwa><sln:waznyOd>2017-02-16T00:00:00+01:00</sln:waznyOd><sln:wojIIPId>ece93e09-0215-42f3-8067-be0649f58d46</sln:wojIIPId><sln:wojIIPPn>PL.PZGIK.200</sln:wojIIPPn><sln:wojIIPWersja>2012-09-27T13:45:13+02:00</sln:wojIIPWersja><sln:wojIdTeryt>22</sln:wojIdTeryt><sln:wojNazwa>pomorskie</sln:wojNazwa></sln:miejscowosc><sln:miejscowosc><sln:cyklZyciaOd>2017-04-05T00:00:00+02:00</sln:cyklZyciaOd><sln:gmIIPId>dc989468-9fb2-408d-a61d-c1753ac36a67</sln:gmIIPId><sln:gmIIPPn>PL.PZGIK.200</sln:gmIIPPn><sln:gmIIPWersja>2012-09-26T22:45:43+02:00</sln:gmIIPWersja><sln:gmIdTeryt>2206082</sln:gmIdTeryt><sln:gmNazwa>Stara Kiszewa</sln:gmNazwa><sln:miejscIIPId>9ff1ce9b-f627-4d56-b370-e867bb362064</sln:miejscIIPId><sln:miejscIIPPn>PL.PZGIK.200</sln:miejscIIPPn><sln:miejscIIPWersja>2017-04-05T11:44:37+02:00</sln:miejscIIPWersja><sln:miejscIdTeryt>0172860</sln:miejscIdTeryt><sln:miejscNazwa>Górne Maliki</sln:miejscNazwa><sln:miejscRodzaj>Wieś</sln:miejscRodzaj><sln:powIIPId>5abcd674-cb07-4f48-bd7c-d098c05ecd6d</sln:powIIPId><sln:powIIPPn>PL.PZGIK.200</sln:powIIPPn><sln:powIIPWersja>2012-09-27T09:33:51+02:00</sln:powIIPWersja><sln:powIdTeryt>2206</sln:powIdTeryt><sln:powNazwa>kościerski</sln:powNazwa><sln:waznyOd>2011-08-26T00:00:00+02:00</sln:waznyOd><sln:wojIIPId>ece93e09-0215-42f3-8067-be0649f58d46</sln:wojIIPId><sln:wojIIPPn>PL.PZGIK.200</sln:wojIIPPn><sln:wojIIPWersja>2012-09-27T13:45:13+02:00</sln:wojIIPWersja><sln:wojIdTeryt>22</sln:wojIdTeryt><sln:wojNazwa>pomorskie</sln:wojNazwa></sln:miejscowosc><sln:miejscowosc><sln:cyklZyciaOd>2017-04-05T00:00:00+02:00</sln:cyklZyciaOd><sln:gmIIPId>dc989468-9fb2-408d-a61d-c1753ac36a67</sln:gmIIPId><sln:gmIIPPn>PL.PZGIK.200</sln:gmIIPPn><sln:gmIIPWersja>2012-09-26T22:45:43+02:00</sln:gmIIPWersja><sln:gmIdTeryt>2206082</sln:gmIdTeryt><sln:gmNazwa>Stara Kiszewa</sln:gmNazwa><sln:miejscIIPId>209f2ce7-b87f-4bd8-ae09-b281ffe6227a</sln:miejscIIPId><sln:miejscIIPPn>PL.PZGIK.200</sln:miejscIIPPn><sln:miejscIIPWersja>2017-04-05T11:44:38+02:00</sln:miejscIIPWersja><sln:miejscIdTeryt>0172882</sln:miejscIdTeryt><sln:miejscNazwa>Dolne Maliki</sln:miejscNazwa><sln:miejscRodzaj>Wieś</sln:miejscRodzaj><sln:powIIPId>5abcd674-cb07-4f48-bd7c-d098c05ecd6d</sln:powIIPId><sln:powIIPPn>PL.PZGIK.200</sln:powIIPPn><sln:powIIPWersja>2012-09-27T09:33:51+02:00</sln:powIIPWersja><sln:powIdTeryt>2206</sln:powIdTeryt><sln:powNazwa>kościerski</sln:powNazwa><sln:waznyOd>2012-01-03T00:00:00+01:00</sln:waznyOd><sln:wojIIPId>ece93e09-0215-42f3-8067-be0649f58d46</sln:wojIIPId><sln:wojIIPPn>PL.PZGIK.200</sln:wojIIPPn><sln:wojIIPWersja>2012-09-27T13:45:13+02:00</sln:wojIIPWersja><sln:wojIdTeryt>22</sln:wojIdTeryt><sln:wojNazwa>pomorskie</sln:wojNazwa></sln:miejscowosc><sln:miejscowosc><sln:cyklZyciaOd>2017-04-05T00:00:00+02:00</sln:cyklZyciaOd><sln:gmIIPId>dc989468-9fb2-408d-a61d-c1753ac36a67</sln:gmIIPId><sln:gmIIPPn>PL.PZGIK.200</sln:gmIIPPn><sln:gmIIPWersja>2012-09-26T22:45:43+02:00</sln:gmIIPWersja><sln:gmIdTeryt>2206082</sln:gmIdTeryt><sln:gmNazwa>Stara Kiszewa</sln:gmNazwa><sln:miejscIIPId>215c5380-11a5-4665-b8bc-f5ad70ea0b76</sln:miejscIIPId><sln:miejscIIPPn>PL.PZGIK.200</sln:miejscIIPPn><sln:miejscIIPWersja>2017-04-05T11:44:38+02:00</sln:miejscIIPWersja><sln:miejscIdTeryt>0172899</sln:miejscIdTeryt><sln:miejscNazwa>Kobyle</sln:miejscNazwa><sln:miejscRodzaj>Wieś</sln:miejscRodzaj><sln:powIIPId>5abcd674-cb07-4f48-bd7c-d098c05ecd6d</sln:powIIPId><sln:powIIPPn>PL.PZGIK.200</sln:powIIPPn><sln:powIIPWersja>2012-09-27T09:33:51+02:00</sln:powIIPWersja><sln:powIdTeryt>2206</sln:powIdTeryt><sln:powNazwa>kościerski</sln:powNazwa><sln:waznyOd>2011-08-26T00:00:00+02:00</sln:waznyOd><sln:wojIIPId>ece93e09-0215-42f3-8067-be0649f58d46</sln:wojIIPId><sln:wojIIPPn>PL.PZGIK.200</sln:wojIIPPn><sln:wojIIPWersja>2012-09-27T13:45:13+02:00</sln:wojIIPWersja><sln:wojIdTeryt>22</sln:wojIdTeryt><sln:wojNazwa>pomorskie</sln:wojNazwa></sln:miejscowosc><sln:miejscowosc><sln:cyklZyciaOd>2017-04-05T00:00:00+02:00</sln:cyklZyciaOd><sln:gmIIPId>dc989468-9fb2-408d-a61d-c1753ac36a67</sln:gmIIPId><sln:gmIIPPn>PL.PZGIK.200</sln:gmIIPPn><sln:gmIIPWersja>2012-09-26T22:45:43+02:00</sln:gmIIPWersja><sln:gmIdTeryt>2206082</sln:gmIdTeryt><sln:gmNazwa>Stara Kiszewa</sln:gmNazwa><sln:miejscIIPId>d7077cf4-87c5-4dc1-961b-99f21d9edefd</sln:miejscIIPId><sln:miejscIIPPn>PL.PZGIK.200</sln:miejscIIPPn><sln:miejscIIPWersja>2017-04-05T11:44:38+02:00</sln:miejscIIPWersja><sln:miejscIdTeryt>0172907</sln:miejscIdTeryt><sln:miejscNazwa>Konarzyny</sln:miejscNazwa><sln:miejscRodzaj>Wieś</sln:miejscRodzaj><sln:powIIPId>5abcd674-cb07-4f48-bd7c-d098c05ecd6d</sln:powIIPId><sln:powIIPPn>PL.PZGIK.200</sln:powIIPPn><sln:powIIPWersja>2012-09-27T09:33:51+02:00</sln:powIIPWersja><sln:powIdTeryt>2206</sln:powIdTeryt><sln:powNazwa>kościerski</sln:powNazwa><sln:waznyOd>2011-08-26T00:00:00+02:00</sln:waznyOd><sln:wojIIPId>ece93e09-0215-42f3-8067-be0649f58d46</sln:wojIIPId><sln:wojIIPPn>PL.PZGIK.200</sln:wojIIPPn><sln:wojIIPWersja>2012-09-27T13:45:13+02:00</sln:wojIIPWersja><sln:wojIdTeryt>22</sln:wojIdTeryt><sln:wojNazwa>pomorskie</sln:wojNazwa></sln:miejscowosc><sln:miejscowosc><sln:cyklZyciaOd>2017-04-05T00:00:00+02:00</sln:cyklZyciaOd><sln:gmIIPId>dc989468-9fb2-408d-a61d-c1753ac36a67</sln:gmIIPId><sln:gmIIPPn>PL.PZGIK.200</sln:gmIIPPn><sln:gmIIPWersja>2012-09-26T22:45:43+02:00</sln:gmIIPWersja><sln:gmIdTeryt>2206082</sln:gmIdTeryt><sln:gmNazwa>Stara Kiszewa</sln:gmNazwa><sln:miejscIIPId>9c5ed171-4787-4294-a462-bffe34a755e5</sln:miejscIIPId><sln:miejscIIPPn>PL.PZGIK.200</sln:miejscIIPPn><sln:miejscIIPWersja>2017-04-05T11:44:38+02:00</sln:miejscIIPWersja><sln:miejscIdTeryt>0172988</sln:miejscIdTeryt><sln:miejscNazwa>Lipy</sln:miejscNazwa><sln:miejscRodzaj>Wieś</sln:miejscRodzaj><sln:powIIPId>5abcd674-cb07-4f48-bd7c-d098c05ecd6d</sln:powIIPId><sln:powIIPPn>PL.PZGIK.200</sln:powIIPPn><sln:powIIPWersja>2012-09-27T09:33:51+02:00</sln:powIIPWersja><sln:powIdTeryt>2206</sln:powIdTeryt><sln:powNazwa>kościerski</sln:powNazwa><sln:waznyOd>2011-08-26T00:00:00+02:00</sln:waznyOd><sln:wojIIPId>ece93e09-0215-42f3-8067-be0649f58d46</sln:wojIIPId><sln:wojIIPPn>PL.PZGIK.200</sln:wojIIPPn><sln:wojIIPWersja>2012-09-27T13:45:13+02:00</sln:wojIIPWersja><sln:wojIdTeryt>22</sln:wojIdTeryt><sln:wojNazwa>pomorskie</sln:wojNazwa></sln:miejscowosc><sln:miejscowosc><sln:cyklZyciaOd>2017-04-05T00:00:00+02:00</sln:cyklZyciaOd><sln:gmIIPId>dc989468-9fb2-408d-a61d-c1753ac36a67</sln:gmIIPId><sln:gmIIPPn>PL.PZGIK.200</sln:gmIIPPn><sln:gmIIPWersja>2012-09-26T22:45:43+02:00</sln:gmIIPWersja><sln:gmIdTeryt>2206082</sln:gmIdTeryt><sln:gmNazwa>Stara Kiszewa</sln:gmNazwa><sln:miejscIIPId>c34c4159-7327-4b8c-9fb5-6dd07567f954</sln:miejscIIPId><sln:miejscIIPPn>PL.PZGIK.200</sln:miejscIIPPn><sln:miejscIIPWersja>2017-04-05T11:44:38+02:00</sln:miejscIIPWersja><sln:miejscIdTeryt>0173002</sln:miejscIdTeryt><sln:miejscNazwa>Struga</sln:miejscNazwa><sln:miejscRodzaj>Wieś</sln:miejscRodzaj><sln:powIIPId>5abcd674-cb07-4f48-bd7c-d098c05ecd6d</sln:powIIPId><sln:powIIPPn>PL.PZGIK.200</sln:powIIPPn><sln:powIIPWersja>2012-09-27T09:33:51+02:00</sln:powIIPWersja><sln:powIdTeryt>2206</sln:powIdTeryt><sln:powNazwa>kościerski</sln:powNazwa><sln:waznyOd>2012-01-03T00:00:00+01:00</sln:waznyOd><sln:wojIIPId>ece93e09-0215-42f3-8067-be0649f58d46</sln:wojIIPId><sln:wojIIPPn>PL.PZGIK.200</sln:wojIIPPn><sln:wojIIPWersja>2012-09-27T13:45:13+02:00</sln:wojIIPWersja><sln:wojIdTeryt>22</sln:wojIdTeryt><sln:wojNazwa>pomorskie</sln:wojNazwa></sln:miejscowosc><sln:miejscowosc><sln:cyklZyciaOd>2017-04-05T00:00:00+02:00</sln:cyklZyciaOd><sln:gmIIPId>dc989468-9fb2-408d-a61d-c1753ac36a67</sln:gmIIPId><sln:gmIIPPn>PL.PZGIK.200</sln:gmIIPPn><sln:gmIIPWersja>2012-09-26T22:45:43+02:00</sln:gmIIPWersja><sln:gmIdTeryt>2206082</sln:gmIdTeryt><sln:gmNazwa>Stara Kiszewa</sln:gmNazwa><sln:miejscIIPId>ba591342-5023-4845-917e-4617a15ebd07</sln:miejscIIPId><sln:miejscIIPPn>PL.PZGIK.200</sln:miejscIIPPn><sln:miejscIIPWersja>2017-04-05T11:44:38+02:00</sln:miejscIIPWersja><sln:miejscIdTeryt>0173019</sln:miejscIdTeryt><sln:miejscNazwa>Foshuta</sln:miejscNazwa><sln:miejscRodzaj>Wieś</sln:miejscRodzaj><sln:powIIPId>5abcd674-cb07-4f48-bd7c-d098c05ecd6d</sln:powIIPId><sln:powIIPPn>PL.PZGIK.200</sln:powIIPPn><sln:powIIPWersja>2012-09-27T09:33:51+02:00</sln:powIIPWersja><sln:powIdTeryt>2206</sln:powIdTeryt><sln:powNazwa>kościerski</sln:powNazwa><sln:waznyOd>2011-08-26T00:00:00+02:00</sln:waznyOd><sln:wojIIPId>ece93e09-0215-42f3-8067-be0649f58d46</sln:wojIIPId><sln:wojIIPPn>PL.PZGIK.200</sln:wojIIPPn><sln:wojIIPWersja>2012-09-27T13:45:13+02:00</sln:wojIIPWersja><sln:wojIdTeryt>22</sln:wojIdTeryt><sln:wojNazwa>pomorskie</sln:wojNazwa></sln:miejscowosc><sln:miejscowosc><sln:cyklZyciaOd>2017-04-05T00:00:00+02:00</sln:cyklZyciaOd><sln:gmIIPId>dc989468-9fb2-408d-a61d-c1753ac36a67</sln:gmIIPId><sln:gmIIPPn>PL.PZGIK.200</sln:gmIIPPn><sln:gmIIPWersja>2012-09-26T22:45:43+02:00</sln:gmIIPWersja><sln:gmIdTeryt>2206082</sln:gmIdTeryt><sln:gmNazwa>Stara Kiszewa</sln:gmNazwa><sln:miejscIIPId>c7ea895d-4b99-45bd-8a9c-09dad34477b7</sln:miejscIIPId><sln:miejscIIPPn>PL.PZGIK.200</sln:miejscIIPPn><sln:miejscIIPWersja>2017-04-05T11:44:38+02:00</sln:miejscIIPWersja><sln:miejscIdTeryt>0173025</sln:miejscIdTeryt><sln:miejscNazwa>Nowe Polaszki</sln:miejscNazwa><sln:miejscRodzaj>Wieś</sln:miejscRodzaj><sln:powIIPId>5abcd674-cb07-4f48-bd7c-d098c05ecd6d</sln:powIIPId><sln:powIIPPn>PL.PZGIK.200</sln:powIIPPn><sln:powIIPWersja>2012-09-27T09:33:51+02:00</sln:powIIPWersja><sln:powIdTeryt>2206</sln:powIdTeryt><sln:powNazwa>kościerski</sln:powNazwa><sln:waznyOd>2011-08-26T00:00:00+02:00</sln:waznyOd><sln:wojIIPId>ece93e09-0215-42f3-8067-be0649f58d46</sln:wojIIPId><sln:wojIIPPn>PL.PZGIK.200</sln:wojIIPPn><sln:wojIIPWersja>2012-09-27T13:45:13+02:00</sln:wojIIPWersja><sln:wojIdTeryt>22</sln:wojIdTeryt><sln:wojNazwa>pomorskie</sln:wojNazwa></sln:miejscowosc><sln:miejscowosc><sln:cyklZyciaOd>2017-04-05T00:00:00+02:00</sln:cyklZyciaOd><sln:gmIIPId>dc989468-9fb2-408d-a61d-c1753ac36a67</sln:gmIIPId><sln:gmIIPPn>PL.PZGIK.200</sln:gmIIPPn><sln:gmIIPWersja>2012-09-26T22:45:43+02:00</sln:gmIIPWersja><sln:gmIdTeryt>2206082</sln:gmIdTeryt><sln:gmNazwa>Stara Kiszewa</sln:gmNazwa><sln:miejscIIPId>b7bedc9c-e66e-4615-a293-236434b317c5</sln:miejscIIPId><sln:miejscIIPPn>PL.PZGIK.200</sln:miejscIIPPn><sln:miejscIIPWersja>2017-04-05T11:44:38+02:00</sln:miejscIIPWersja><sln:miejscIdTeryt>0173054</sln:miejscIdTeryt><sln:miejscNazwa>Nowy Bukowiec</sln:miejscNazwa><sln:miejscRodzaj>Wieś</sln:miejscRodzaj><sln:powIIPId>5abcd674-cb07-4f48-bd7c-d098c05ecd6d</sln:powIIPId><sln:powIIPPn>PL.PZGIK.200</sln:powIIPPn><sln:powIIPWersja>2012-09-27T09:33:51+02:00</sln:powIIPWersja><sln:powIdTeryt>2206</sln:powIdTeryt><sln:powNazwa>kościerski</sln:powNazwa><sln:waznyOd>2011-08-26T00:00:00+02:00</sln:waznyOd><sln:wojIIPId>ece93e09-0215-42f3-8067-be0649f58d46</sln:wojIIPId><sln:wojIIPPn>PL.PZGIK.200</sln:wojIIPPn><sln:wojIIPWersja>2012-09-27T13:45:13+02:00</sln:wojIIPWersja><sln:wojIdTeryt>22</sln:wojIdTeryt><sln:wojNazwa>pomorskie</sln:wojNazwa></sln:miejscowosc><sln:miejscowosc><sln:cyklZyciaOd>2017-04-05T00:00:00+02:00</sln:cyklZyciaOd><sln:gmIIPId>dc989468-9fb2-408d-a61d-c1753ac36a67</sln:gmIIPId><sln:gmIIPPn>PL.PZGIK.200</sln:gmIIPPn><sln:gmIIPWersja>2012-09-26T22:45:43+02:00</sln:gmIIPWersja><sln:gmIdTeryt>2206082</sln:gmIdTeryt><sln:gmNazwa>Stara Kiszewa</sln:gmNazwa><sln:miejscIIPId>a699af7b-9c60-4815-be82-7e11f0f9f346</sln:miejscIIPId><sln:miejscIIPPn>PL.PZGIK.200</sln:miejscIIPPn><sln:miejscIIPWersja>2017-04-05T11:44:38+02:00</sln:miejscIIPWersja><sln:miejscIdTeryt>0173060</sln:miejscIdTeryt><sln:miejscNazwa>Olpuch</sln:miejscNazwa><sln:miejscRodzaj>Wieś</sln:miejscRodzaj><sln:powIIPId>5abcd674-cb07-4f48-bd7c-d098c05ecd6d</sln:powIIPId><sln:powIIPPn>PL.PZGIK.200</sln:powIIPPn><sln:powIIPWersja>2012-09-27T09:33:51+02:00</sln:powIIPWersja><sln:powIdTeryt>2206</sln:powIdTeryt><sln:powNazwa>kościerski</sln:powNazwa><sln:waznyOd>2011-08-26T00:00:00+02:00</sln:waznyOd><sln:wojIIPId>ece93e09-0215-42f3-8067-be0649f58d46</sln:wojIIPId><sln:wojIIPPn>PL.PZGIK.200</sln:wojIIPPn><sln:wojIIPWersja>2012-09-27T13:45:13+02:00</sln:wojIIPWersja><sln:wojIdTeryt>22</sln:wojIdTeryt><sln:wojNazwa>pomorskie</sln:wojNazwa></sln:miejscowosc><sln:miejscowosc><sln:cyklZyciaOd>2017-04-05T00:00:00+02:00</sln:cyklZyciaOd><sln:gmIIPId>dc989468-9fb2-408d-a61d-c1753ac36a67</sln:gmIIPId><sln:gmIIPPn>PL.PZGIK.200</sln:gmIIPPn><sln:gmIIPWersja>2012-09-26T22:45:43+02:00</sln:gmIIPWersja><sln:gmIdTeryt>2206082</sln:gmIdTeryt><sln:gmNazwa>Stara Kiszewa</sln:gmNazwa><sln:miejscIIPId>91a01bfb-fc81-4038-a53e-96f40fdd0962</sln:miejscIIPId><sln:miejscIIPPn>PL.PZGIK.200</sln:miejscIIPPn><sln:miejscIIPWersja>2017-04-05T11:44:38+02:00</sln:miejscIIPWersja><sln:miejscIdTeryt>0173083</sln:miejscIdTeryt><sln:miejscNazwa>Cięgardło</sln:miejscNazwa><sln:miejscRodzaj>Osada</sln:miejscRodzaj><sln:powIIPId>5abcd674-cb07-4f48-bd7c-d098c05ecd6d</sln:powIIPId><sln:powIIPPn>PL.PZGIK.200</sln:powIIPPn><sln:powIIPWersja>2012-09-27T09:33:51+02:00</sln:powIIPWersja><sln:powIdTeryt>2206</sln:powIdTeryt><sln:powNazwa>kościerski</sln:powNazwa><sln:waznyOd>2012-01-03T00:00:00+01:00</sln:waznyOd><sln:wojIIPId>ece93e09-0215-42f3-8067-be0649f58d46</sln:wojIIPId><sln:wojIIPPn>PL.PZGIK.200</sln:wojIIPPn><sln:wojIIPWersja>2012-09-27T13:45:13+02:00</sln:wojIIPWersja><sln:wojIdTeryt>22</sln:wojIdTeryt><sln:wojNazwa>pomorskie</sln:wojNazwa></sln:miejscowosc><sln:miejscowosc><sln:cyklZyciaOd>2017-04-05T00:00:00+02:00</sln:cyklZyciaOd><sln:gmIIPId>dc989468-9fb2-408d-a61d-c1753ac36a67</sln:gmIIPId><sln:gmIIPPn>PL.PZGIK.200</sln:gmIIPPn><sln:gmIIPWersja>2012-09-26T22:45:43+02:00</sln:gmIIPWersja><sln:gmIdTeryt>2206082</sln:gmIdTeryt><sln:gmNazwa>Stara Kiszewa</sln:gmNazwa><sln:miejscIIPId>954d3b1b-ec4e-4495-b9ff-9abcbe277a16</sln:miejscIIPId><sln:miejscIIPPn>PL.PZGIK.200</sln:miejscIIPPn><sln:miejscIIPWersja>2017-04-05T11:44:39+02:00</sln:miejscIIPWersja><sln:miejscIdTeryt>0173114</sln:miejscIdTeryt><sln:miejscNazwa>Pałubin</sln:miejscNazwa><sln:miejscRodzaj>Wieś</sln:miejscRodzaj><sln:powIIPId>5abcd674-cb07-4f48-bd7c-d098c05ecd6d</sln:powIIPId><sln:powIIPPn>PL.PZGIK.200</sln:powIIPPn><sln:powIIPWersja>2012-09-27T09:33:51+02:00</sln:powIIPWersja><sln:powIdTeryt>2206</sln:powIdTeryt><sln:powNazwa>kościerski</sln:powNazwa><sln:waznyOd>2011-08-26T00:00:00+02:00</sln:waznyOd><sln:wojIIPId>ece93e09-0215-42f3-8067-be0649f58d46</sln:wojIIPId><sln:wojIIPPn>PL.PZGIK.200</sln:wojIIPPn><sln:wojIIPWersja>2012-09-27T13:45:13+02:00</sln:wojIIPWersja><sln:wojIdTeryt>22</sln:wojIdTeryt><sln:wojNazwa>pomorskie</sln:wojNazwa></sln:miejscowosc><sln:miejscowosc><sln:cyklZyciaOd>2017-04-05T00:00:00+02:00</sln:cyklZyciaOd><sln:gmIIPId>dc989468-9fb2-408d-a61d-c1753ac36a67</sln:gmIIPId><sln:gmIIPPn>PL.PZGIK.200</sln:gmIIPPn><sln:gmIIPWersja>2012-09-26T22:45:43+02:00</sln:gmIIPWersja><sln:gmIdTeryt>2206082</sln:gmIdTeryt><sln:gmNazwa>Stara Kiszewa</sln:gmNazwa><sln:miejscIIPId>f7db17fe-daa1-42fc-abc0-e0036595ac0a</sln:miejscIIPId><sln:miejscIIPPn>PL.PZGIK.200</sln:miejscIIPPn><sln:miejscIIPWersja>2017-04-05T11:44:39+02:00</sln:miejscIIPWersja><sln:miejscIdTeryt>0173120</sln:miejscIdTeryt><sln:miejscNazwa>Stara Kiszewa</sln:miejscNazwa><sln:miejscRodzaj>Wieś</sln:miejscRodzaj><sln:powIIPId>5abcd674-cb07-4f48-bd7c-d098c05ecd6d</sln:powIIPId><sln:powIIPPn>PL.PZGIK.200</sln:powIIPPn><sln:powIIPWersja>2012-09-27T09:33:51+02:00</sln:powIIPWersja><sln:powIdTeryt>2206</sln:powIdTeryt><sln:powNazwa>kościerski</sln:powNazwa><sln:waznyOd>2011-08-26T00:00:00+02:00</sln:waznyOd><sln:wojIIPId>ece93e09-0215-42f3-8067-be0649f58d46</sln:wojIIPId><sln:wojIIPPn>PL.PZGIK.200</sln:wojIIPPn><sln:wojIIPWersja>2012-09-27T13:45:13+02:00</sln:wojIIPWersja><sln:wojIdTeryt>22</sln:wojIdTeryt><sln:wojNazwa>pomorskie</sln:wojNazwa></sln:miejscowosc><sln:miejscowosc><sln:cyklZyciaOd>2017-04-05T00:00:00+02:00</sln:cyklZyciaOd><sln:gmIIPId>dc989468-9fb2-408d-a61d-c1753ac36a67</sln:gmIIPId><sln:gmIIPPn>PL.PZGIK.200</sln:gmIIPPn><sln:gmIIPWersja>2012-09-26T22:45:43+02:00</sln:gmIIPWersja><sln:gmIdTeryt>2206082</sln:gmIdTeryt><sln:gmNazwa>Stara Kiszewa</sln:gmNazwa><sln:miejscIIPId>74b2bcfb-2ff4-416f-981b-ba3e186d7fb7</sln:miejscIIPId><sln:miejscIIPPn>PL.PZGIK.200</sln:miejscIIPPn><sln:miejscIIPWersja>2017-04-05T11:44:39+02:00</sln:miejscIIPWersja><sln:miejscIdTeryt>0173150</sln:miejscIdTeryt><sln:miejscNazwa>Stare Polaszki</sln:miejscNazwa><sln:miejscRodzaj>Wieś</sln:miejscRodzaj><sln:powIIPId>5abcd674-cb07-4f48-bd7c-d098c05ecd6d</sln:powIIPId><sln:powIIPPn>PL.PZGIK.200</sln:powIIPPn><sln:powIIPWersja>2012-09-27T09:33:51+02:00</sln:powIIPWersja><sln:powIdTeryt>2206</sln:powIdTeryt><sln:powNazwa>kościerski</sln:powNazwa><sln:waznyOd>2011-08-26T00:00:00+02:00</sln:waznyOd><sln:wojIIPId>ece93e09-0215-42f3-8067-be0649f58d46</sln:wojIIPId><sln:wojIIPPn>PL.PZGIK.200</sln:wojIIPPn><sln:wojIIPWersja>2012-09-27T13:45:13+02:00</sln:wojIIPWersja><sln:wojIdTeryt>22</sln:wojIdTeryt><sln:wojNazwa>pomorskie</sln:wojNazwa></sln:miejscowosc><sln:miejscowosc><sln:cyklZyciaOd>2017-04-05T00:00:00+02:00</sln:cyklZyciaOd><sln:gmIIPId>dc989468-9fb2-408d-a61d-c1753ac36a67</sln:gmIIPId><sln:gmIIPPn>PL.PZGIK.200</sln:gmIIPPn><sln:gmIIPWersja>2012-09-26T22:45:43+02:00</sln:gmIIPWersja><sln:gmIdTeryt>2206082</sln:gmIdTeryt><sln:gmNazwa>Stara Kiszewa</sln:gmNazwa><sln:miejscIIPId>539f3077-ba5a-49f9-94be-90b24718e57a</sln:miejscIIPId><sln:miejscIIPPn>PL.PZGIK.200</sln:miejscIIPPn><sln:miejscIIPWersja>2017-04-05T11:44:39+02:00</sln:miejscIIPWersja><sln:miejscIdTeryt>0173166</sln:miejscIdTeryt><sln:miejscNazwa>Stary Bukowiec</sln:miejscNazwa><sln:miejscRodzaj>Wieś</sln:miejscRodzaj><sln:powIIPId>5abcd674-cb07-4f48-bd7c-d098c05ecd6d</sln:powIIPId><sln:powIIPPn>PL.PZGIK.200</sln:powIIPPn><sln:powIIPWersja>2012-09-27T09:33:51+02:00</sln:powIIPWersja><sln:powIdTeryt>2206</sln:powIdTeryt><sln:powNazwa>kościerski</sln:powNazwa><sln:waznyOd>2011-08-26T00:00:00+02:00</sln:waznyOd><sln:wojIIPId>ece93e09-0215-42f3-8067-be0649f58d46</sln:wojIIPId><sln:wojIIPPn>PL.PZGIK.200</sln:wojIIPPn><sln:wojIIPWersja>2012-09-27T13:45:13+02:00</sln:wojIIPWersja><sln:wojIdTeryt>22</sln:wojIdTeryt><sln:wojNazwa>pomorskie</sln:wojNazwa></sln:miejscowosc><sln:miejscowosc><sln:cyklZyciaOd>2017-04-05T00:00:00+02:00</sln:cyklZyciaOd><sln:gmIIPId>dc989468-9fb2-408d-a61d-c1753ac36a67</sln:gmIIPId><sln:gmIIPPn>PL.PZGIK.200</sln:gmIIPPn><sln:gmIIPWersja>2012-09-26T22:45:43+02:00</sln:gmIIPWersja><sln:gmIdTeryt>2206082</sln:gmIdTeryt><sln:gmNazwa>Stara Kiszewa</sln:gmNazwa><sln:miejscIIPId>4ac89ba9-2393-4af0-9fc5-217dbbb0736e</sln:miejscIIPId><sln:miejscIIPPn>PL.PZGIK.200</sln:miejscIIPPn><sln:miejscIIPWersja>2017-04-05T11:44:39+02:00</sln:miejscIIPWersja><sln:miejscIdTeryt>0173189</sln:miejscIdTeryt><sln:miejscNazwa>Wilcze Błota Kościerskie</sln:miejscNazwa><sln:miejscRodzaj>Wieś</sln:miejscRodzaj><sln:powIIPId>5abcd674-cb07-4f48-bd7c-d098c05ecd6d</sln:powIIPId><sln:powIIPPn>PL.PZGIK.200</sln:powIIPPn><sln:powIIPWersja>2012-09-27T09:33:51+02:00</sln:powIIPWersja><sln:powIdTeryt>2206</sln:powIdTeryt><sln:powNazwa>kościerski</sln:powNazwa><sln:waznyOd>2012-12-07T00:00:00+01:00</sln:waznyOd><sln:wojIIPId>ece93e09-0215-42f3-8067-be0649f58d46</sln:wojIIPId><sln:wojIIPPn>PL.PZGIK.200</sln:wojIIPPn><sln:wojIIPWersja>2012-09-27T13:45:13+02:00</sln:wojIIPWersja><sln:wojIdTeryt>22</sln:wojIdTeryt><sln:wojNazwa>pomorskie</sln:wojNazwa></sln:miejscowosc><sln:miejscowosc><sln:cyklZyciaOd>2017-04-05T00:00:00+02:00</sln:cyklZyciaOd><sln:gmIIPId>dc989468-9fb2-408d-a61d-c1753ac36a67</sln:gmIIPId><sln:gmIIPPn>PL.PZGIK.200</sln:gmIIPPn><sln:gmIIPWersja>2012-09-26T22:45:43+02:00</sln:gmIIPWersja><sln:gmIdTeryt>2206082</sln:gmIdTeryt><sln:gmNazwa>Stara Kiszewa</sln:gmNazwa><sln:miejscIIPId>62b52663-5635-45c6-9ef6-015fe791bd9b</sln:miejscIIPId><sln:miejscIIPPn>PL.PZGIK.200</sln:miejscIIPPn><sln:miejscIIPWersja>2017-04-05T11:44:39+02:00</sln:miejscIIPWersja><sln:miejscIdTeryt>0173195</sln:miejscIdTeryt><sln:miejscNazwa>Wygonin</sln:miejscNazwa><sln:miejscRodzaj>Wieś</sln:miejscRodzaj><sln:powIIPId>5abcd674-cb07-4f48-bd7c-d098c05ecd6d</sln:powIIPId><sln:powIIPPn>PL.PZGIK.200</sln:powIIPPn><sln:powIIPWersja>2012-09-27T09:33:51+02:00</sln:powIIPWersja><sln:powIdTeryt>2206</sln:powIdTeryt><sln:powNazwa>kościerski</sln:powNazwa><sln:waznyOd>2011-08-26T00:00:00+02:00</sln:waznyOd><sln:wojIIPId>ece93e09-0215-42f3-8067-be0649f58d46</sln:wojIIPId><sln:wojIIPPn>PL.PZGIK.200</sln:wojIIPPn><sln:wojIIPWersja>2012-09-27T13:45:13+02:00</sln:wojIIPWersja><sln:wojIdTeryt>22</sln:wojIdTeryt><sln:wojNazwa>pomorskie</sln:wojNazwa></sln:miejscowosc><sln:miejscowosc><sln:cyklZyciaOd>2017-04-05T00:00:00+02:00</sln:cyklZyciaOd><sln:gmIIPId>dc989468-9fb2-408d-a61d-c1753ac36a67</sln:gmIIPId><sln:gmIIPPn>PL.PZGIK.200</sln:gmIIPPn><sln:gmIIPWersja>2012-09-26T22:45:43+02:00</sln:gmIIPWersja><sln:gmIdTeryt>2206082</sln:gmIdTeryt><sln:gmNazwa>Stara Kiszewa</sln:gmNazwa><sln:miejscIIPId>3829749f-0451-482d-b3fe-dd56f7cfc303</sln:miejscIIPId><sln:miejscIIPPn>PL.PZGIK.200</sln:miejscIIPPn><sln:miejscIIPWersja>2017-04-05T11:44:39+02:00</sln:miejscIIPWersja><sln:miejscIdTeryt>0173210</sln:miejscIdTeryt><sln:miejscNazwa>Zamek Kiszewski</sln:miejscNazwa><sln:miejscRodzaj>Wieś</sln:miejscRodzaj><sln:powIIPId>5abcd674-cb07-4f48-bd7c-d098c05ecd6d</sln:powIIPId><sln:powIIPPn>PL.PZGIK.200</sln:powIIPPn><sln:powIIPWersja>2012-09-27T09:33:51+02:00</sln:powIIPWersja><sln:powIdTeryt>2206</sln:powIdTeryt><sln:powNazwa>kościerski</sln:powNazwa><sln:waznyOd>2011-08-26T00:00:00+02:00</sln:waznyOd><sln:wojIIPId>ece93e09-0215-42f3-8067-be0649f58d46</sln:wojIIPId><sln:wojIIPPn>PL.PZGIK.200</sln:wojIIPPn><sln:wojIIPWersja>2012-09-27T13:45:13+02:00</sln:wojIIPWersja><sln:wojIdTeryt>22</sln:wojIdTeryt><sln:wojNazwa>pomorskie</sln:wojNazwa></sln:miejscowosc><sln:miejscowosc><sln:cyklZyciaOd>2017-04-05T00:00:00+02:00</sln:cyklZyciaOd><sln:gmIIPId>dc989468-9fb2-408d-a61d-c1753ac36a67</sln:gmIIPId><sln:gmIIPPn>PL.PZGIK.200</sln:gmIIPPn><sln:gmIIPWersja>2012-09-26T22:45:43+02:00</sln:gmIIPWersja><sln:gmIdTeryt>2206082</sln:gmIdTeryt><sln:gmNazwa>Stara Kiszewa</sln:gmNazwa><sln:miejscIIPId>8d01e788-d838-4796-a909-7765b8de7eaf</sln:miejscIIPId><sln:miejscIIPPn>PL.PZGIK.200</sln:miejscIIPPn><sln:miejscIIPWersja>2017-04-05T11:44:39+02:00</sln:miejscIIPWersja><sln:miejscIdTeryt>0173226</sln:miejscIdTeryt><sln:miejscNazwa>Strzelki</sln:miejscNazwa><sln:miejscRodzaj>Wieś</sln:miejscRodzaj><sln:powIIPId>5abcd674-cb07-4f48-bd7c-d098c05ecd6d</sln:powIIPId><sln:powIIPPn>PL.PZGIK.200</sln:powIIPPn><sln:powIIPWersja>2012-09-27T09:33:51+02:00</sln:powIIPWersja><sln:powIdTeryt>2206</sln:powIdTeryt><sln:powNazwa>kościerski</sln:powNazwa><sln:waznyOd>2012-01-03T00:00:00+01:00</sln:waznyOd><sln:wojIIPId>ece93e09-0215-42f3-8067-be0649f58d46</sln:wojIIPId><sln:wojIIPPn>PL.PZGIK.200</sln:wojIIPPn><sln:wojIIPWersja>2012-09-27T13:45:13+02:00</sln:wojIIPWersja><sln:wojIdTeryt>22</sln:wojIdTeryt><sln:wojNazwa>pomorskie</sln:wojNazwa></sln:miejscowosc><sln:miejscowosc><sln:cyklZyciaOd>2017-04-05T00:00:00+02:00</sln:cyklZyciaOd><sln:gmIIPId>dc989468-9fb2-408d-a61d-c1753ac36a67</sln:gmIIPId><sln:gmIIPPn>PL.PZGIK.200</sln:gmIIPPn><sln:gmIIPWersja>2012-09-26T22:45:43+02:00</sln:gmIIPWersja><sln:gmIdTeryt>2206082</sln:gmIdTeryt><sln:gmNazwa>Stara Kiszewa</sln:gmNazwa><sln:miejscIIPId>cb58ffc6-9715-4c79-a0de-fe330d2a60d6</sln:miejscIIPId><sln:miejscIIPPn>PL.PZGIK.200</sln:miejscIIPPn><sln:miejscIIPWersja>2017-04-05T11:44:39+02:00</sln:miejscIIPWersja><sln:miejscNazwa>Stara Kiszewa Wybudowanie</sln:miejscNazwa><sln:miejscRodzaj>Inny obiekt</sln:miejscRodzaj><sln:powIIPId>5abcd674-cb07-4f48-bd7c-d098c05ecd6d</sln:powIIPId><sln:powIIPPn>PL.PZGIK.200</sln:powIIPPn><sln:powIIPWersja>2012-09-27T09:33:51+02:00</sln:powIIPWersja><sln:powIdTeryt>2206</sln:powIdTeryt><sln:powNazwa>kościerski</sln:powNazwa><sln:waznyOd>2017-02-28T00:00:00+01:00</sln:waznyOd><sln:wojIIPId>ece93e09-0215-42f3-8067-be0649f58d46</sln:wojIIPId><sln:wojIIPPn>PL.PZGIK.200</sln:wojIIPPn><sln:wojIIPWersja>2012-09-27T13:45:13+02:00</sln:wojIIPWersja><sln:wojIdTeryt>22</sln:wojIdTeryt><sln:wojNazwa>pomorskie</sln:wojNazwa></sln:miejscowosc><sln:miejscowosc><sln:cyklZyciaOd>2017-05-23T00:00:00+02:00</sln:cyklZyciaOd><sln:gmIIPId>dc989468-9fb2-408d-a61d-c1753ac36a67</sln:gmIIPId><sln:gmIIPPn>PL.PZGIK.200</sln:gmIIPPn><sln:gmIIPWersja>2012-09-26T22:45:43+02:00</sln:gmIIPWersja><sln:gmIdTeryt>2206082</sln:gmIdTeryt><sln:gmNazwa>Stara Kiszewa</sln:gmNazwa><sln:miejscIIPId>49b2cfa8-1fa5-422c-afcc-5af29c76a465</sln:miejscIIPId><sln:miejscIIPPn>PL.PZGIK.200</sln:miejscIIPPn><sln:miejscIIPWersja>2017-05-23T16:54:39+02:00</sln:miejscIIPWersja><sln:miejscNazwa>Stara Kiszewa Wybudowanie</sln:miejscNazwa><sln:miejscRodzaj>Inny obiekt</sln:miejscRodzaj><sln:powIIPId>5abcd674-cb07-4f48-bd7c-d098c05ecd6d</sln:powIIPId><sln:powIIPPn>PL.PZGIK.200</sln:powIIPPn><sln:powIIPWersja>2012-09-27T09:33:51+02:00</sln:powIIPWersja><sln:powIdTeryt>2206</sln:powIdTeryt><sln:powNazwa>kościerski</sln:powNazwa><sln:waznyOd>2017-02-28T00:00:00+01:00</sln:waznyOd><sln:wojIIPId>ece93e09-0215-42f3-8067-be0649f58d46</sln:wojIIPId><sln:wojIIPPn>PL.PZGIK.200</sln:wojIIPPn><sln:wojIIPWersja>2012-09-27T13:45:13+02:00</sln:wojIIPWersja><sln:wojIdTeryt>22</sln:wojIdTeryt><sln:wojNazwa>pomorskie</sln:wojNazwa></sln:miejscowosc></sln:lista-miejscowosci>