<?xml version="1.0" encoding="UTF-8" standalone="yes"?><sln:lista-miejscowosci xmlns:srv="http://gugik.gov.pl/schemas/slowniki-service/1.0" xmlns:sln="http://gugik.gov.pl/schemas/slowniki-schema/1.0"><sln:miejscowosc><sln:cyklZyciaDo>2017-04-21T00:00:00+02:00</sln:cyklZyciaDo><sln:cyklZyciaOd>2015-04-17T00:00:00+02:00</sln:cyklZyciaOd><sln:gmIIPId>d9542cf5-e5e5-4439-b0fc-e0ba90ed2319</sln:gmIIPId><sln:gmIIPPn>PL.PZGIK.200</sln:gmIIPPn><sln:gmIIPWersja>2012-09-26T22:45:23+02:00</sln:gmIIPWersja><sln:gmIdTeryt>2203011</sln:gmIdTeryt><sln:gmNazwa>Człuchów</sln:gmNazwa><sln:miejscIIPId>843a42c1-7d0d-452e-8c5e-df9d85db50c6</sln:miejscIIPId><sln:miejscIIPPn>PL.PZGIK.200</sln:miejscIIPPn><sln:miejscIIPWersja>2016-11-24T13:18:21+02:00</sln:miejscIIPWersja><sln:miejscIdTeryt>0977321</sln:miejscIdTeryt><sln:miejscNazwa>Człuchów</sln:miejscNazwa><sln:miejscRodzaj>Miasto</sln:miejscRodzaj><sln:powIIPId>a103670f-14b0-49b4-9984-e499dd7fb32e</sln:powIIPId><sln:powIIPPn>PL.PZGIK.200</sln:powIIPPn><sln:powIIPWersja>2012-09-27T09:33:51+02:00</sln:powIIPWersja><sln:powIdTeryt>2203</sln:powIdTeryt><sln:powNazwa>człuchowski</sln:powNazwa><sln:waznyOd>2013-07-30T00:00:00+02:00</sln:waznyOd><sln:wojIIPId>ece93e09-0215-42f3-8067-be0649f58d46</sln:wojIIPId><sln:wojIIPPn>PL.PZGIK.200</sln:wojIIPPn><sln:wojIIPWersja>2012-09-27T13:45:13+02:00</sln:wojIIPWersja><sln:wojIdTeryt>22</sln:wojIdTeryt><sln:wojNazwa>pomorskie</sln:wojNazwa></sln:miejscowosc><sln:miejscowosc><sln:cyklZyciaOd>2017-04-21T00:00:00+02:00</sln:cyklZyciaOd><sln:gmIIPId>d9542cf5-e5e5-4439-b0fc-e0ba90ed2319</sln:gmIIPId><sln:gmIIPPn>PL.PZGIK.200</sln:gmIIPPn><sln:gmIIPWersja>2012-09-26T22:45:23+02:00</sln:gmIIPWersja><sln:gmIdTeryt>2203011</sln:gmIdTeryt><sln:gmNazwa>Człuchów</sln:gmNazwa><sln:miejscIIPId>843a42c1-7d0d-452e-8c5e-df9d85db50c6</sln:miejscIIPId><sln:miejscIIPPn>PL.PZGIK.200</sln:miejscIIPPn><sln:miejscIIPWersja>2017-04-21T16:31:38+02:00</sln:miejscIIPWersja><sln:miejscIdTeryt>0977321</sln:miejscIdTeryt><sln:miejscNazwa>Człuchów</sln:miejscNazwa><sln:miejscRodzaj>Miasto</sln:miejscRodzaj><sln:powIIPId>a103670f-14b0-49b4-9984-e499dd7fb32e</sln:powIIPId><sln:powIIPPn>PL.PZGIK.200</sln:powIIPPn><sln:powIIPWersja>2012-09-27T09:33:51+02:00</sln:powIIPWersja><sln:powIdTeryt>2203</sln:powIdTeryt><sln:powNazwa>człuchowski</sln:powNazwa><sln:waznyOd>2013-07-30T00:00:00+02:00</sln:waznyOd><sln:wojIIPId>ece93e09-0215-42f3-8067-be0649f58d46</sln:wojIIPId><sln:wojIIPPn>PL.PZGIK.200</sln:wojIIPPn><sln:wojIIPWersja>2012-09-27T13:45:13+02:00</sln:wojIIPWersja><sln:wojIdTeryt>22</sln:wojIdTeryt><sln:wojNazwa>pomorskie</sln:wojNazwa></sln:miejscowosc></sln:lista-miejscowosci>