<?xml version="1.0" encoding="UTF-8" standalone="yes"?><sln:lista-miejscowosci xmlns:srv="http://gugik.gov.pl/schemas/slowniki-service/1.0" xmlns:sln="http://gugik.gov.pl/schemas/slowniki-schema/1.0"><sln:miejscowosc><sln:cyklZyciaDo>2016-11-27T00:00:00+01:00</sln:cyklZyciaDo><sln:cyklZyciaOd>2014-10-07T00:00:00+02:00</sln:cyklZyciaOd><sln:gmIIPId>d8504cd2-744c-46f2-bc28-d7cbb81a1c7e</sln:gmIIPId><sln:gmIIPPn>PL.PZGIK.200</sln:gmIIPPn><sln:gmIIPWersja>2012-09-26T22:45:23+02:00</sln:gmIIPWersja><sln:gmIdTeryt>2203072</sln:gmIdTeryt><sln:gmNazwa>Rzeczenica</sln:gmNazwa><sln:miejscIIPId>6b993392-fb08-4934-8c71-9ed337f8ecf6</sln:miejscIIPId><sln:miejscIIPPn>PL.PZGIK.200</sln:miejscIIPPn><sln:miejscIIPWersja>2016-11-24T13:39:32+02:00</sln:miejscIIPWersja><sln:miejscIdTeryt>3022353</sln:miejscIdTeryt><sln:miejscNazwa>Knieja</sln:miejscNazwa><sln:miejscRodzaj>Inny obiekt</sln:miejscRodzaj><sln:powIIPId>a103670f-14b0-49b4-9984-e499dd7fb32e</sln:powIIPId><sln:powIIPPn>PL.PZGIK.200</sln:powIIPPn><sln:powIIPWersja>2012-09-27T09:33:51+02:00</sln:powIIPWersja><sln:powIdTeryt>2203</sln:powIdTeryt><sln:powNazwa>człuchowski</sln:powNazwa><sln:wojIIPId>ece93e09-0215-42f3-8067-be0649f58d46</sln:wojIIPId><sln:wojIIPPn>PL.PZGIK.200</sln:wojIIPPn><sln:wojIIPWersja>2012-09-27T13:45:13+02:00</sln:wojIIPWersja><sln:wojIdTeryt>22</sln:wojIdTeryt><sln:wojNazwa>pomorskie</sln:wojNazwa></sln:miejscowosc><sln:miejscowosc><sln:cyklZyciaOd>2014-10-07T00:00:00+02:00</sln:cyklZyciaOd><sln:gmIIPId>d8504cd2-744c-46f2-bc28-d7cbb81a1c7e</sln:gmIIPId><sln:gmIIPPn>PL.PZGIK.200</sln:gmIIPPn><sln:gmIIPWersja>2012-09-26T22:45:23+02:00</sln:gmIIPWersja><sln:gmIdTeryt>2203072</sln:gmIdTeryt><sln:gmNazwa>Rzeczenica</sln:gmNazwa><sln:miejscIIPId>fbddf325-3356-4e4c-a874-2ff6aa6b9eb4</sln:miejscIIPId><sln:miejscIIPPn>PL.PZGIK.200</sln:miejscIIPPn><sln:miejscIIPWersja>2016-11-24T13:32:36+02:00</sln:miejscIIPWersja><sln:miejscIdTeryt>0750215</sln:miejscIdTeryt><sln:miejscNazwa>Trzmielewo</sln:miejscNazwa><sln:miejscRodzaj>Wieś</sln:miejscRodzaj><sln:powIIPId>a103670f-14b0-49b4-9984-e499dd7fb32e</sln:powIIPId><sln:powIIPPn>PL.PZGIK.200</sln:powIIPPn><sln:powIIPWersja>2012-09-27T09:33:51+02:00</sln:powIIPWersja><sln:powIdTeryt>2203</sln:powIdTeryt><sln:powNazwa>człuchowski</sln:powNazwa><sln:wojIIPId>ece93e09-0215-42f3-8067-be0649f58d46</sln:wojIIPId><sln:wojIIPPn>PL.PZGIK.200</sln:wojIIPPn><sln:wojIIPWersja>2012-09-27T13:45:13+02:00</sln:wojIIPWersja><sln:wojIdTeryt>22</sln:wojIdTeryt><sln:wojNazwa>pomorskie</sln:wojNazwa></sln:miejscowosc><sln:miejscowosc><sln:cyklZyciaOd>2014-10-07T00:00:00+02:00</sln:cyklZyciaOd><sln:gmIIPId>d8504cd2-744c-46f2-bc28-d7cbb81a1c7e</sln:gmIIPId><sln:gmIIPPn>PL.PZGIK.200</sln:gmIIPPn><sln:gmIIPWersja>2012-09-26T22:45:23+02:00</sln:gmIIPWersja><sln:gmIdTeryt>2203072</sln:gmIdTeryt><sln:gmNazwa>Rzeczenica</sln:gmNazwa><sln:miejscIIPId>e0d1207e-7982-452e-bf09-e0d2804504c6</sln:miejscIIPId><sln:miejscIIPPn>PL.PZGIK.200</sln:miejscIIPPn><sln:miejscIIPWersja>2016-11-24T13:54:02+02:00</sln:miejscIIPWersja><sln:miejscIdTeryt>0750066</sln:miejscIdTeryt><sln:miejscNazwa>Zalesie</sln:miejscNazwa><sln:miejscRodzaj>Osada</sln:miejscRodzaj><sln:powIIPId>a103670f-14b0-49b4-9984-e499dd7fb32e</sln:powIIPId><sln:powIIPPn>PL.PZGIK.200</sln:powIIPPn><sln:powIIPWersja>2012-09-27T09:33:51+02:00</sln:powIIPWersja><sln:powIdTeryt>2203</sln:powIdTeryt><sln:powNazwa>człuchowski</sln:powNazwa><sln:wojIIPId>ece93e09-0215-42f3-8067-be0649f58d46</sln:wojIIPId><sln:wojIIPPn>PL.PZGIK.200</sln:wojIIPPn><sln:wojIIPWersja>2012-09-27T13:45:13+02:00</sln:wojIIPWersja><sln:wojIdTeryt>22</sln:wojIdTeryt><sln:wojNazwa>pomorskie</sln:wojNazwa></sln:miejscowosc><sln:miejscowosc><sln:cyklZyciaOd>2014-10-07T00:00:00+02:00</sln:cyklZyciaOd><sln:gmIIPId>d8504cd2-744c-46f2-bc28-d7cbb81a1c7e</sln:gmIIPId><sln:gmIIPPn>PL.PZGIK.200</sln:gmIIPPn><sln:gmIIPWersja>2012-09-26T22:45:23+02:00</sln:gmIIPWersja><sln:gmIdTeryt>2203072</sln:gmIdTeryt><sln:gmNazwa>Rzeczenica</sln:gmNazwa><sln:miejscIIPId>d4f92b4b-3d51-4889-90e4-e3d438daf31b</sln:miejscIIPId><sln:miejscIIPPn>PL.PZGIK.200</sln:miejscIIPPn><sln:miejscIIPWersja>2016-11-24T13:54:02+02:00</sln:miejscIIPWersja><sln:miejscIdTeryt>0997186</sln:miejscIdTeryt><sln:miejscNazwa>Gockówko</sln:miejscNazwa><sln:miejscRodzaj>Osada</sln:miejscRodzaj><sln:powIIPId>a103670f-14b0-49b4-9984-e499dd7fb32e</sln:powIIPId><sln:powIIPPn>PL.PZGIK.200</sln:powIIPPn><sln:powIIPWersja>2012-09-27T09:33:51+02:00</sln:powIIPWersja><sln:powIdTeryt>2203</sln:powIdTeryt><sln:powNazwa>człuchowski</sln:powNazwa><sln:wojIIPId>ece93e09-0215-42f3-8067-be0649f58d46</sln:wojIIPId><sln:wojIIPPn>PL.PZGIK.200</sln:wojIIPPn><sln:wojIIPWersja>2012-09-27T13:45:13+02:00</sln:wojIIPWersja><sln:wojIdTeryt>22</sln:wojIdTeryt><sln:wojNazwa>pomorskie</sln:wojNazwa></sln:miejscowosc><sln:miejscowosc><sln:cyklZyciaDo>2016-11-27T00:00:00+01:00</sln:cyklZyciaDo><sln:cyklZyciaOd>2014-10-07T00:00:00+02:00</sln:cyklZyciaOd><sln:gmIIPId>d8504cd2-744c-46f2-bc28-d7cbb81a1c7e</sln:gmIIPId><sln:gmIIPPn>PL.PZGIK.200</sln:gmIIPPn><sln:gmIIPWersja>2012-09-26T22:45:23+02:00</sln:gmIIPWersja><sln:gmIdTeryt>2203072</sln:gmIdTeryt><sln:gmNazwa>Rzeczenica</sln:gmNazwa><sln:miejscIIPId>b7d93396-76ab-43a5-a145-d67b734aec3c</sln:miejscIIPId><sln:miejscIIPPn>PL.PZGIK.200</sln:miejscIIPPn><sln:miejscIIPWersja>2016-11-24T13:33:55+02:00</sln:miejscIIPWersja><sln:miejscIdTeryt>3022197</sln:miejscIdTeryt><sln:miejscNazwa>Wygnanie</sln:miejscNazwa><sln:miejscRodzaj>Inny obiekt</sln:miejscRodzaj><sln:powIIPId>a103670f-14b0-49b4-9984-e499dd7fb32e</sln:powIIPId><sln:powIIPPn>PL.PZGIK.200</sln:powIIPPn><sln:powIIPWersja>2012-09-27T09:33:51+02:00</sln:powIIPWersja><sln:powIdTeryt>2203</sln:powIdTeryt><sln:powNazwa>człuchowski</sln:powNazwa><sln:wojIIPId>ece93e09-0215-42f3-8067-be0649f58d46</sln:wojIIPId><sln:wojIIPPn>PL.PZGIK.200</sln:wojIIPPn><sln:wojIIPWersja>2012-09-27T13:45:13+02:00</sln:wojIIPWersja><sln:wojIdTeryt>22</sln:wojIdTeryt><sln:wojNazwa>pomorskie</sln:wojNazwa></sln:miejscowosc><sln:miejscowosc><sln:cyklZyciaOd>2014-10-07T00:00:00+02:00</sln:cyklZyciaOd><sln:gmIIPId>d8504cd2-744c-46f2-bc28-d7cbb81a1c7e</sln:gmIIPId><sln:gmIIPPn>PL.PZGIK.200</sln:gmIIPPn><sln:gmIIPWersja>2012-09-26T22:45:23+02:00</sln:gmIIPWersja><sln:gmIdTeryt>2203072</sln:gmIdTeryt><sln:gmNazwa>Rzeczenica</sln:gmNazwa><sln:miejscIIPId>91e3a24c-c9d6-46fd-a408-c85c89647a3d</sln:miejscIIPId><sln:miejscIIPPn>PL.PZGIK.200</sln:miejscIIPPn><sln:miejscIIPWersja>2016-11-24T13:28:03+02:00</sln:miejscIIPWersja><sln:miejscIdTeryt>0750161</sln:miejscIdTeryt><sln:miejscNazwa>Pieniężnica</sln:miejscNazwa><sln:miejscRodzaj>Wieś</sln:miejscRodzaj><sln:powIIPId>a103670f-14b0-49b4-9984-e499dd7fb32e</sln:powIIPId><sln:powIIPPn>PL.PZGIK.200</sln:powIIPPn><sln:powIIPWersja>2012-09-27T09:33:51+02:00</sln:powIIPWersja><sln:powIdTeryt>2203</sln:powIdTeryt><sln:powNazwa>człuchowski</sln:powNazwa><sln:wojIIPId>ece93e09-0215-42f3-8067-be0649f58d46</sln:wojIIPId><sln:wojIIPPn>PL.PZGIK.200</sln:wojIIPPn><sln:wojIIPWersja>2012-09-27T13:45:13+02:00</sln:wojIIPWersja><sln:wojIdTeryt>22</sln:wojIdTeryt><sln:wojNazwa>pomorskie</sln:wojNazwa></sln:miejscowosc><sln:miejscowosc><sln:cyklZyciaOd>2015-12-08T00:00:00+01:00</sln:cyklZyciaOd><sln:gmIIPId>d8504cd2-744c-46f2-bc28-d7cbb81a1c7e</sln:gmIIPId><sln:gmIIPPn>PL.PZGIK.200</sln:gmIIPPn><sln:gmIIPWersja>2012-09-26T22:45:23+02:00</sln:gmIIPWersja><sln:gmIdTeryt>2203072</sln:gmIdTeryt><sln:gmNazwa>Rzeczenica</sln:gmNazwa><sln:miejscIIPId>cde29ec0-33c5-40f3-a9df-fd335e691e28</sln:miejscIIPId><sln:miejscIIPPn>PL.PZGIK.200</sln:miejscIIPPn><sln:miejscIIPWersja>2016-11-24T13:57:53+02:00</sln:miejscIIPWersja><sln:miejscIdTeryt>0750103</sln:miejscIdTeryt><sln:miejscNIIPId>8e9ea099-c938-4faa-9f0e-b0aa087e4fe1</sln:miejscNIIPId><sln:miejscNIIPPn>PL.PZGIK.200</sln:miejscNIIPPn><sln:miejscNIIPWersja>2016-11-24T13:42:16+02:00</sln:miejscNIIPWersja><sln:miejscNIdTeryt>0750095</sln:miejscNIdTeryt><sln:miejscNNazwa>Międzybórz</sln:miejscNNazwa><sln:miejscNRodzaj>Wieś</sln:miejscNRodzaj><sln:miejscNazwa>Cierniki</sln:miejscNazwa><sln:miejscRodzaj>Osada</sln:miejscRodzaj><sln:powIIPId>a103670f-14b0-49b4-9984-e499dd7fb32e</sln:powIIPId><sln:powIIPPn>PL.PZGIK.200</sln:powIIPPn><sln:powIIPWersja>2012-09-27T09:33:51+02:00</sln:powIIPWersja><sln:powIdTeryt>2203</sln:powIdTeryt><sln:powNazwa>człuchowski</sln:powNazwa><sln:wojIIPId>ece93e09-0215-42f3-8067-be0649f58d46</sln:wojIIPId><sln:wojIIPPn>PL.PZGIK.200</sln:wojIIPPn><sln:wojIIPWersja>2012-09-27T13:45:13+02:00</sln:wojIIPWersja><sln:wojIdTeryt>22</sln:wojIdTeryt><sln:wojNazwa>pomorskie</sln:wojNazwa></sln:miejscowosc><sln:miejscowosc><sln:cyklZyciaOd>2014-10-07T00:00:00+02:00</sln:cyklZyciaOd><sln:gmIIPId>d8504cd2-744c-46f2-bc28-d7cbb81a1c7e</sln:gmIIPId><sln:gmIIPPn>PL.PZGIK.200</sln:gmIIPPn><sln:gmIIPWersja>2012-09-26T22:45:23+02:00</sln:gmIIPWersja><sln:gmIdTeryt>2203072</sln:gmIdTeryt><sln:gmNazwa>Rzeczenica</sln:gmNazwa><sln:miejscIIPId>8e9ea099-c938-4faa-9f0e-b0aa087e4fe1</sln:miejscIIPId><sln:miejscIIPPn>PL.PZGIK.200</sln:miejscIIPPn><sln:miejscIIPWersja>2016-11-24T13:42:16+02:00</sln:miejscIIPWersja><sln:miejscIdTeryt>0750095</sln:miejscIdTeryt><sln:miejscNazwa>Międzybórz</sln:miejscNazwa><sln:miejscRodzaj>Wieś</sln:miejscRodzaj><sln:powIIPId>a103670f-14b0-49b4-9984-e499dd7fb32e</sln:powIIPId><sln:powIIPPn>PL.PZGIK.200</sln:powIIPPn><sln:powIIPWersja>2012-09-27T09:33:51+02:00</sln:powIIPWersja><sln:powIdTeryt>2203</sln:powIdTeryt><sln:powNazwa>człuchowski</sln:powNazwa><sln:wojIIPId>ece93e09-0215-42f3-8067-be0649f58d46</sln:wojIIPId><sln:wojIIPPn>PL.PZGIK.200</sln:wojIIPPn><sln:wojIIPWersja>2012-09-27T13:45:13+02:00</sln:wojIIPWersja><sln:wojIdTeryt>22</sln:wojIdTeryt><sln:wojNazwa>pomorskie</sln:wojNazwa></sln:miejscowosc><sln:miejscowosc><sln:cyklZyciaOd>2015-12-08T00:00:00+01:00</sln:cyklZyciaOd><sln:gmIIPId>d8504cd2-744c-46f2-bc28-d7cbb81a1c7e</sln:gmIIPId><sln:gmIIPPn>PL.PZGIK.200</sln:gmIIPPn><sln:gmIIPWersja>2012-09-26T22:45:23+02:00</sln:gmIIPWersja><sln:gmIdTeryt>2203072</sln:gmIdTeryt><sln:gmNazwa>Rzeczenica</sln:gmNazwa><sln:miejscIIPId>1e59ba9f-27f2-481e-93e2-dc27586cfd04</sln:miejscIIPId><sln:miejscIIPPn>PL.PZGIK.200</sln:miejscIIPPn><sln:miejscIIPWersja>2016-11-24T13:36:46+02:00</sln:miejscIIPWersja><sln:miejscIdTeryt>3022274</sln:miejscIdTeryt><sln:miejscNIIPId>8e9ea099-c938-4faa-9f0e-b0aa087e4fe1</sln:miejscNIIPId><sln:miejscNIIPPn>PL.PZGIK.200</sln:miejscNIIPPn><sln:miejscNIIPWersja>2016-11-24T13:42:16+02:00</sln:miejscNIIPWersja><sln:miejscNIdTeryt>0750095</sln:miejscNIdTeryt><sln:miejscNNazwa>Międzybórz</sln:miejscNNazwa><sln:miejscNRodzaj>Wieś</sln:miejscNRodzaj><sln:miejscNazwa>Działek</sln:miejscNazwa><sln:miejscRodzaj>Inny obiekt</sln:miejscRodzaj><sln:powIIPId>a103670f-14b0-49b4-9984-e499dd7fb32e</sln:powIIPId><sln:powIIPPn>PL.PZGIK.200</sln:powIIPPn><sln:powIIPWersja>2012-09-27T09:33:51+02:00</sln:powIIPWersja><sln:powIdTeryt>2203</sln:powIdTeryt><sln:powNazwa>człuchowski</sln:powNazwa><sln:wojIIPId>ece93e09-0215-42f3-8067-be0649f58d46</sln:wojIIPId><sln:wojIIPPn>PL.PZGIK.200</sln:wojIIPPn><sln:wojIIPWersja>2012-09-27T13:45:13+02:00</sln:wojIIPWersja><sln:wojIdTeryt>22</sln:wojIdTeryt><sln:wojNazwa>pomorskie</sln:wojNazwa></sln:miejscowosc><sln:miejscowosc><sln:cyklZyciaOd>2014-10-07T00:00:00+02:00</sln:cyklZyciaOd><sln:gmIIPId>d8504cd2-744c-46f2-bc28-d7cbb81a1c7e</sln:gmIIPId><sln:gmIIPPn>PL.PZGIK.200</sln:gmIIPPn><sln:gmIIPWersja>2012-09-26T22:45:23+02:00</sln:gmIIPWersja><sln:gmIdTeryt>2203072</sln:gmIdTeryt><sln:gmNazwa>Rzeczenica</sln:gmNazwa><sln:miejscIIPId>714c5eee-1ecb-4200-aaed-1bbbce723369</sln:miejscIIPId><sln:miejscIIPPn>PL.PZGIK.200</sln:miejscIIPPn><sln:miejscIIPWersja>2016-11-24T13:59:00+02:00</sln:miejscIIPWersja><sln:miejscIdTeryt>0750149</sln:miejscIdTeryt><sln:miejscNazwa>Garsk</sln:miejscNazwa><sln:miejscRodzaj>Kolonia</sln:miejscRodzaj><sln:powIIPId>a103670f-14b0-49b4-9984-e499dd7fb32e</sln:powIIPId><sln:powIIPPn>PL.PZGIK.200</sln:powIIPPn><sln:powIIPWersja>2012-09-27T09:33:51+02:00</sln:powIIPWersja><sln:powIdTeryt>2203</sln:powIdTeryt><sln:powNazwa>człuchowski</sln:powNazwa><sln:wojIIPId>ece93e09-0215-42f3-8067-be0649f58d46</sln:wojIIPId><sln:wojIIPPn>PL.PZGIK.200</sln:wojIIPPn><sln:wojIIPWersja>2012-09-27T13:45:13+02:00</sln:wojIIPWersja><sln:wojIdTeryt>22</sln:wojIdTeryt><sln:wojNazwa>pomorskie</sln:wojNazwa></sln:miejscowosc><sln:miejscowosc><sln:cyklZyciaOd>2014-10-07T00:00:00+02:00</sln:cyklZyciaOd><sln:gmIIPId>d8504cd2-744c-46f2-bc28-d7cbb81a1c7e</sln:gmIIPId><sln:gmIIPPn>PL.PZGIK.200</sln:gmIIPPn><sln:gmIIPWersja>2012-09-26T22:45:23+02:00</sln:gmIIPWersja><sln:gmIdTeryt>2203072</sln:gmIdTeryt><sln:gmNazwa>Rzeczenica</sln:gmNazwa><sln:miejscIIPId>244ae279-f807-43c6-b045-1ab38d615779</sln:miejscIIPId><sln:miejscIIPPn>PL.PZGIK.200</sln:miejscIIPPn><sln:miejscIIPWersja>2016-11-24T13:57:52+02:00</sln:miejscIIPWersja><sln:miejscIdTeryt>0750126</sln:miejscIdTeryt><sln:miejscNazwa>Sporysz</sln:miejscNazwa><sln:miejscRodzaj>Osada</sln:miejscRodzaj><sln:powIIPId>a103670f-14b0-49b4-9984-e499dd7fb32e</sln:powIIPId><sln:powIIPPn>PL.PZGIK.200</sln:powIIPPn><sln:powIIPWersja>2012-09-27T09:33:51+02:00</sln:powIIPWersja><sln:powIdTeryt>2203</sln:powIdTeryt><sln:powNazwa>człuchowski</sln:powNazwa><sln:wojIIPId>ece93e09-0215-42f3-8067-be0649f58d46</sln:wojIIPId><sln:wojIIPPn>PL.PZGIK.200</sln:wojIIPPn><sln:wojIIPWersja>2012-09-27T13:45:13+02:00</sln:wojIIPWersja><sln:wojIdTeryt>22</sln:wojIdTeryt><sln:wojNazwa>pomorskie</sln:wojNazwa></sln:miejscowosc><sln:miejscowosc><sln:cyklZyciaDo>2016-11-27T00:00:00+01:00</sln:cyklZyciaDo><sln:cyklZyciaOd>2014-10-07T00:00:00+02:00</sln:cyklZyciaOd><sln:gmIIPId>d8504cd2-744c-46f2-bc28-d7cbb81a1c7e</sln:gmIIPId><sln:gmIIPPn>PL.PZGIK.200</sln:gmIIPPn><sln:gmIIPWersja>2012-09-26T22:45:23+02:00</sln:gmIIPWersja><sln:gmIdTeryt>2203072</sln:gmIdTeryt><sln:gmNazwa>Rzeczenica</sln:gmNazwa><sln:miejscIIPId>64239a83-d34e-4612-bde7-3eb86f456ca0</sln:miejscIIPId><sln:miejscIIPPn>PL.PZGIK.200</sln:miejscIIPPn><sln:miejscIIPWersja>2016-11-24T13:28:03+02:00</sln:miejscIIPWersja><sln:miejscIdTeryt>3022051</sln:miejscIdTeryt><sln:miejscNazwa>Kolonia Pieniężnica</sln:miejscNazwa><sln:miejscRodzaj>Inny obiekt</sln:miejscRodzaj><sln:powIIPId>a103670f-14b0-49b4-9984-e499dd7fb32e</sln:powIIPId><sln:powIIPPn>PL.PZGIK.200</sln:powIIPPn><sln:powIIPWersja>2012-09-27T09:33:51+02:00</sln:powIIPWersja><sln:powIdTeryt>2203</sln:powIdTeryt><sln:powNazwa>człuchowski</sln:powNazwa><sln:wojIIPId>ece93e09-0215-42f3-8067-be0649f58d46</sln:wojIIPId><sln:wojIIPPn>PL.PZGIK.200</sln:wojIIPPn><sln:wojIIPWersja>2012-09-27T13:45:13+02:00</sln:wojIIPWersja><sln:wojIdTeryt>22</sln:wojIdTeryt><sln:wojNazwa>pomorskie</sln:wojNazwa></sln:miejscowosc><sln:miejscowosc><sln:cyklZyciaOd>2014-10-07T00:00:00+02:00</sln:cyklZyciaOd><sln:gmIIPId>d8504cd2-744c-46f2-bc28-d7cbb81a1c7e</sln:gmIIPId><sln:gmIIPPn>PL.PZGIK.200</sln:gmIIPPn><sln:gmIIPWersja>2012-09-26T22:45:23+02:00</sln:gmIIPWersja><sln:gmIdTeryt>2203072</sln:gmIdTeryt><sln:gmNazwa>Rzeczenica</sln:gmNazwa><sln:miejscIIPId>69210e54-7355-4a2b-88bf-493af8f436df</sln:miejscIIPId><sln:miejscIIPPn>PL.PZGIK.200</sln:miejscIIPPn><sln:miejscIIPWersja>2016-11-24T13:43:54+02:00</sln:miejscIIPWersja><sln:miejscIdTeryt>0750132</sln:miejscIdTeryt><sln:miejscNazwa>Olszanowo</sln:miejscNazwa><sln:miejscRodzaj>Wieś</sln:miejscRodzaj><sln:powIIPId>a103670f-14b0-49b4-9984-e499dd7fb32e</sln:powIIPId><sln:powIIPPn>PL.PZGIK.200</sln:powIIPPn><sln:powIIPWersja>2012-09-27T09:33:51+02:00</sln:powIIPWersja><sln:powIdTeryt>2203</sln:powIdTeryt><sln:powNazwa>człuchowski</sln:powNazwa><sln:wojIIPId>ece93e09-0215-42f3-8067-be0649f58d46</sln:wojIIPId><sln:wojIIPPn>PL.PZGIK.200</sln:wojIIPPn><sln:wojIIPWersja>2012-09-27T13:45:13+02:00</sln:wojIIPWersja><sln:wojIdTeryt>22</sln:wojIdTeryt><sln:wojNazwa>pomorskie</sln:wojNazwa></sln:miejscowosc><sln:miejscowosc><sln:cyklZyciaDo>2016-11-27T00:00:00+01:00</sln:cyklZyciaDo><sln:cyklZyciaOd>2014-10-07T00:00:00+02:00</sln:cyklZyciaOd><sln:gmIIPId>d8504cd2-744c-46f2-bc28-d7cbb81a1c7e</sln:gmIIPId><sln:gmIIPPn>PL.PZGIK.200</sln:gmIIPPn><sln:gmIIPWersja>2012-09-26T22:45:23+02:00</sln:gmIIPWersja><sln:gmIdTeryt>2203072</sln:gmIdTeryt><sln:gmNazwa>Rzeczenica</sln:gmNazwa><sln:miejscIIPId>0ec208f1-2068-43bc-9833-bb65477ae79e</sln:miejscIIPId><sln:miejscIIPPn>PL.PZGIK.200</sln:miejscIIPPn><sln:miejscIIPWersja>2016-11-24T13:30:09+02:00</sln:miejscIIPWersja><sln:miejscIdTeryt>3022102</sln:miejscIdTeryt><sln:miejscNazwa>Rzeczenica-Wybudowanie-Południe</sln:miejscNazwa><sln:miejscRodzaj>Inny obiekt</sln:miejscRodzaj><sln:powIIPId>a103670f-14b0-49b4-9984-e499dd7fb32e</sln:powIIPId><sln:powIIPPn>PL.PZGIK.200</sln:powIIPPn><sln:powIIPWersja>2012-09-27T09:33:51+02:00</sln:powIIPWersja><sln:powIdTeryt>2203</sln:powIdTeryt><sln:powNazwa>człuchowski</sln:powNazwa><sln:wojIIPId>ece93e09-0215-42f3-8067-be0649f58d46</sln:wojIIPId><sln:wojIIPPn>PL.PZGIK.200</sln:wojIIPPn><sln:wojIIPWersja>2012-09-27T13:45:13+02:00</sln:wojIIPWersja><sln:wojIdTeryt>22</sln:wojIdTeryt><sln:wojNazwa>pomorskie</sln:wojNazwa></sln:miejscowosc><sln:miejscowosc><sln:cyklZyciaOd>2014-10-07T00:00:00+02:00</sln:cyklZyciaOd><sln:gmIIPId>d8504cd2-744c-46f2-bc28-d7cbb81a1c7e</sln:gmIIPId><sln:gmIIPPn>PL.PZGIK.200</sln:gmIIPPn><sln:gmIIPWersja>2012-09-26T22:45:23+02:00</sln:gmIIPWersja><sln:gmIdTeryt>2203072</sln:gmIdTeryt><sln:gmNazwa>Rzeczenica</sln:gmNazwa><sln:miejscIIPId>a4a27dd4-3ca2-47dd-8178-e3016992f30f</sln:miejscIIPId><sln:miejscIIPPn>PL.PZGIK.200</sln:miejscIIPPn><sln:miejscIIPWersja>2016-11-24T13:49:02+02:00</sln:miejscIIPWersja><sln:miejscIdTeryt>0750221</sln:miejscIdTeryt><sln:miejscNazwa>Jeziernik</sln:miejscNazwa><sln:miejscRodzaj>Osada</sln:miejscRodzaj><sln:powIIPId>a103670f-14b0-49b4-9984-e499dd7fb32e</sln:powIIPId><sln:powIIPPn>PL.PZGIK.200</sln:powIIPPn><sln:powIIPWersja>2012-09-27T09:33:51+02:00</sln:powIIPWersja><sln:powIdTeryt>2203</sln:powIdTeryt><sln:powNazwa>człuchowski</sln:powNazwa><sln:wojIIPId>ece93e09-0215-42f3-8067-be0649f58d46</sln:wojIIPId><sln:wojIIPPn>PL.PZGIK.200</sln:wojIIPPn><sln:wojIIPWersja>2012-09-27T13:45:13+02:00</sln:wojIIPWersja><sln:wojIdTeryt>22</sln:wojIdTeryt><sln:wojNazwa>pomorskie</sln:wojNazwa></sln:miejscowosc><sln:miejscowosc><sln:cyklZyciaOd>2014-10-07T00:00:00+02:00</sln:cyklZyciaOd><sln:gmIIPId>d8504cd2-744c-46f2-bc28-d7cbb81a1c7e</sln:gmIIPId><sln:gmIIPPn>PL.PZGIK.200</sln:gmIIPPn><sln:gmIIPWersja>2012-09-26T22:45:23+02:00</sln:gmIIPWersja><sln:gmIdTeryt>2203072</sln:gmIdTeryt><sln:gmNazwa>Rzeczenica</sln:gmNazwa><sln:miejscIIPId>561920ce-167d-4e28-a184-a762c893eed4</sln:miejscIIPId><sln:miejscIIPPn>PL.PZGIK.200</sln:miejscIIPPn><sln:miejscIIPWersja>2016-11-24T13:30:09+02:00</sln:miejscIIPWersja><sln:miejscIdTeryt>0750184</sln:miejscIdTeryt><sln:miejscNazwa>Rzeczenica</sln:miejscNazwa><sln:miejscRodzaj>Wieś</sln:miejscRodzaj><sln:powIIPId>a103670f-14b0-49b4-9984-e499dd7fb32e</sln:powIIPId><sln:powIIPPn>PL.PZGIK.200</sln:powIIPPn><sln:powIIPWersja>2012-09-27T09:33:51+02:00</sln:powIIPWersja><sln:powIdTeryt>2203</sln:powIdTeryt><sln:powNazwa>człuchowski</sln:powNazwa><sln:wojIIPId>ece93e09-0215-42f3-8067-be0649f58d46</sln:wojIIPId><sln:wojIIPPn>PL.PZGIK.200</sln:wojIIPPn><sln:wojIIPWersja>2012-09-27T13:45:13+02:00</sln:wojIIPWersja><sln:wojIdTeryt>22</sln:wojIdTeryt><sln:wojNazwa>pomorskie</sln:wojNazwa></sln:miejscowosc><sln:miejscowosc><sln:cyklZyciaDo>2017-06-14T00:00:00+02:00</sln:cyklZyciaDo><sln:cyklZyciaOd>2014-10-07T00:00:00+02:00</sln:cyklZyciaOd><sln:gmIIPId>d8504cd2-744c-46f2-bc28-d7cbb81a1c7e</sln:gmIIPId><sln:gmIIPPn>PL.PZGIK.200</sln:gmIIPPn><sln:gmIIPWersja>2012-09-26T22:45:23+02:00</sln:gmIIPWersja><sln:gmIdTeryt>2203072</sln:gmIdTeryt><sln:gmNazwa>Rzeczenica</sln:gmNazwa><sln:miejscIIPId>28ea931b-71d4-4457-b6c6-b95d8a7189a3</sln:miejscIIPId><sln:miejscIIPPn>PL.PZGIK.200</sln:miejscIIPPn><sln:miejscIIPWersja>2016-11-24T13:30:09+02:00</sln:miejscIIPWersja><sln:miejscIdTeryt>3022101</sln:miejscIdTeryt><sln:miejscNazwa>Rzeczenica-Wybudowanie</sln:miejscNazwa><sln:miejscRodzaj>Inny obiekt</sln:miejscRodzaj><sln:powIIPId>a103670f-14b0-49b4-9984-e499dd7fb32e</sln:powIIPId><sln:powIIPPn>PL.PZGIK.200</sln:powIIPPn><sln:powIIPWersja>2012-09-27T09:33:51+02:00</sln:powIIPWersja><sln:powIdTeryt>2203</sln:powIdTeryt><sln:powNazwa>człuchowski</sln:powNazwa><sln:wojIIPId>ece93e09-0215-42f3-8067-be0649f58d46</sln:wojIIPId><sln:wojIIPPn>PL.PZGIK.200</sln:wojIIPPn><sln:wojIIPWersja>2012-09-27T13:45:13+02:00</sln:wojIIPWersja><sln:wojIdTeryt>22</sln:wojIdTeryt><sln:wojNazwa>pomorskie</sln:wojNazwa></sln:miejscowosc><sln:miejscowosc><sln:cyklZyciaDo>2016-11-27T00:00:00+01:00</sln:cyklZyciaDo><sln:cyklZyciaOd>2014-10-07T00:00:00+02:00</sln:cyklZyciaOd><sln:gmIIPId>d8504cd2-744c-46f2-bc28-d7cbb81a1c7e</sln:gmIIPId><sln:gmIIPPn>PL.PZGIK.200</sln:gmIIPPn><sln:gmIIPWersja>2012-09-26T22:45:23+02:00</sln:gmIIPWersja><sln:gmIdTeryt>2203072</sln:gmIdTeryt><sln:gmNazwa>Rzeczenica</sln:gmNazwa><sln:miejscIIPId>fcb7e21c-533c-4c5e-b888-a1991f4784b4</sln:miejscIIPId><sln:miejscIIPPn>PL.PZGIK.200</sln:miejscIIPPn><sln:miejscIIPWersja>2016-11-24T13:30:09+02:00</sln:miejscIIPWersja><sln:miejscIdTeryt>3022104</sln:miejscIdTeryt><sln:miejscNazwa>Rzeczenica-Wybudowanie Północne</sln:miejscNazwa><sln:miejscRodzaj>Inny obiekt</sln:miejscRodzaj><sln:powIIPId>a103670f-14b0-49b4-9984-e499dd7fb32e</sln:powIIPId><sln:powIIPPn>PL.PZGIK.200</sln:powIIPPn><sln:powIIPWersja>2012-09-27T09:33:51+02:00</sln:powIIPWersja><sln:powIdTeryt>2203</sln:powIdTeryt><sln:powNazwa>człuchowski</sln:powNazwa><sln:wojIIPId>ece93e09-0215-42f3-8067-be0649f58d46</sln:wojIIPId><sln:wojIIPPn>PL.PZGIK.200</sln:wojIIPPn><sln:wojIIPWersja>2012-09-27T13:45:13+02:00</sln:wojIIPWersja><sln:wojIdTeryt>22</sln:wojIdTeryt><sln:wojNazwa>pomorskie</sln:wojNazwa></sln:miejscowosc><sln:miejscowosc><sln:cyklZyciaOd>2014-10-07T00:00:00+02:00</sln:cyklZyciaOd><sln:gmIIPId>d8504cd2-744c-46f2-bc28-d7cbb81a1c7e</sln:gmIIPId><sln:gmIIPPn>PL.PZGIK.200</sln:gmIIPPn><sln:gmIIPWersja>2012-09-26T22:45:23+02:00</sln:gmIIPWersja><sln:gmIdTeryt>2203072</sln:gmIdTeryt><sln:gmNazwa>Rzeczenica</sln:gmNazwa><sln:miejscIIPId>7fd3b504-e0ce-40f5-b75c-43593cfc6247</sln:miejscIIPId><sln:miejscIIPPn>PL.PZGIK.200</sln:miejscIIPPn><sln:miejscIIPWersja>2016-11-24T13:57:54+02:00</sln:miejscIIPWersja><sln:miejscIdTeryt>0750110</sln:miejscIdTeryt><sln:miejscNazwa>Iwie</sln:miejscNazwa><sln:miejscRodzaj>Leśniczówka</sln:miejscRodzaj><sln:powIIPId>a103670f-14b0-49b4-9984-e499dd7fb32e</sln:powIIPId><sln:powIIPPn>PL.PZGIK.200</sln:powIIPPn><sln:powIIPWersja>2012-09-27T09:33:51+02:00</sln:powIIPWersja><sln:powIdTeryt>2203</sln:powIdTeryt><sln:powNazwa>człuchowski</sln:powNazwa><sln:wojIIPId>ece93e09-0215-42f3-8067-be0649f58d46</sln:wojIIPId><sln:wojIIPPn>PL.PZGIK.200</sln:wojIIPPn><sln:wojIIPWersja>2012-09-27T13:45:13+02:00</sln:wojIIPWersja><sln:wojIdTeryt>22</sln:wojIdTeryt><sln:wojNazwa>pomorskie</sln:wojNazwa></sln:miejscowosc><sln:miejscowosc><sln:cyklZyciaDo>2016-11-27T00:00:00+01:00</sln:cyklZyciaDo><sln:cyklZyciaOd>2014-10-07T00:00:00+02:00</sln:cyklZyciaOd><sln:gmIIPId>d8504cd2-744c-46f2-bc28-d7cbb81a1c7e</sln:gmIIPId><sln:gmIIPPn>PL.PZGIK.200</sln:gmIIPPn><sln:gmIIPWersja>2012-09-26T22:45:23+02:00</sln:gmIIPWersja><sln:gmIdTeryt>2203072</sln:gmIdTeryt><sln:gmNazwa>Rzeczenica</sln:gmNazwa><sln:miejscIIPId>40beb8c1-74b1-4550-b8a7-6c7cf6c69729</sln:miejscIIPId><sln:miejscIIPPn>PL.PZGIK.200</sln:miejscIIPPn><sln:miejscIIPWersja>2016-11-24T13:30:09+02:00</sln:miejscIIPWersja><sln:miejscIdTeryt>3022103</sln:miejscIdTeryt><sln:miejscNazwa>Rzeczenica-Wybudowanie Drugie</sln:miejscNazwa><sln:miejscRodzaj>Inny obiekt</sln:miejscRodzaj><sln:powIIPId>a103670f-14b0-49b4-9984-e499dd7fb32e</sln:powIIPId><sln:powIIPPn>PL.PZGIK.200</sln:powIIPPn><sln:powIIPWersja>2012-09-27T09:33:51+02:00</sln:powIIPWersja><sln:powIdTeryt>2203</sln:powIdTeryt><sln:powNazwa>człuchowski</sln:powNazwa><sln:wojIIPId>ece93e09-0215-42f3-8067-be0649f58d46</sln:wojIIPId><sln:wojIIPPn>PL.PZGIK.200</sln:wojIIPPn><sln:wojIIPWersja>2012-09-27T13:45:13+02:00</sln:wojIIPWersja><sln:wojIdTeryt>22</sln:wojIdTeryt><sln:wojNazwa>pomorskie</sln:wojNazwa></sln:miejscowosc><sln:miejscowosc><sln:cyklZyciaDo>2016-11-27T00:00:00+01:00</sln:cyklZyciaDo><sln:cyklZyciaOd>2014-10-07T00:00:00+02:00</sln:cyklZyciaOd><sln:gmIIPId>d8504cd2-744c-46f2-bc28-d7cbb81a1c7e</sln:gmIIPId><sln:gmIIPPn>PL.PZGIK.200</sln:gmIIPPn><sln:gmIIPWersja>2012-09-26T22:45:23+02:00</sln:gmIIPWersja><sln:gmIdTeryt>2203072</sln:gmIdTeryt><sln:gmNazwa>Rzeczenica</sln:gmNazwa><sln:miejscIIPId>790c9fc8-1893-4d81-8c13-16174ae1edb7</sln:miejscIIPId><sln:miejscIIPPn>PL.PZGIK.200</sln:miejscIIPPn><sln:miejscIIPWersja>2016-11-24T13:44:39+02:00</sln:miejscIIPWersja><sln:miejscIdTeryt>0750178</sln:miejscIdTeryt><sln:miejscNazwa>Knieja</sln:miejscNazwa><sln:miejscRodzaj>Osada</sln:miejscRodzaj><sln:powIIPId>a103670f-14b0-49b4-9984-e499dd7fb32e</sln:powIIPId><sln:powIIPPn>PL.PZGIK.200</sln:powIIPPn><sln:powIIPWersja>2012-09-27T09:33:51+02:00</sln:powIIPWersja><sln:powIdTeryt>2203</sln:powIdTeryt><sln:powNazwa>człuchowski</sln:powNazwa><sln:wojIIPId>ece93e09-0215-42f3-8067-be0649f58d46</sln:wojIIPId><sln:wojIIPPn>PL.PZGIK.200</sln:wojIIPPn><sln:wojIIPWersja>2012-09-27T13:45:13+02:00</sln:wojIIPWersja><sln:wojIdTeryt>22</sln:wojIdTeryt><sln:wojNazwa>pomorskie</sln:wojNazwa></sln:miejscowosc><sln:miejscowosc><sln:cyklZyciaOd>2014-10-07T00:00:00+02:00</sln:cyklZyciaOd><sln:gmIIPId>d8504cd2-744c-46f2-bc28-d7cbb81a1c7e</sln:gmIIPId><sln:gmIIPPn>PL.PZGIK.200</sln:gmIIPPn><sln:gmIIPWersja>2012-09-26T22:45:23+02:00</sln:gmIIPWersja><sln:gmIdTeryt>2203072</sln:gmIdTeryt><sln:gmNazwa>Rzeczenica</sln:gmNazwa><sln:miejscIIPId>1495289d-2695-4a50-ab4c-f6a885828895</sln:miejscIIPId><sln:miejscIIPPn>PL.PZGIK.200</sln:miejscIIPPn><sln:miejscIIPWersja>2016-11-24T13:38:13+02:00</sln:miejscIIPWersja><sln:miejscIdTeryt>0750072</sln:miejscIdTeryt><sln:miejscNazwa>Gwieździn</sln:miejscNazwa><sln:miejscRodzaj>Wieś</sln:miejscRodzaj><sln:powIIPId>a103670f-14b0-49b4-9984-e499dd7fb32e</sln:powIIPId><sln:powIIPPn>PL.PZGIK.200</sln:powIIPPn><sln:powIIPWersja>2012-09-27T09:33:51+02:00</sln:powIIPWersja><sln:powIdTeryt>2203</sln:powIdTeryt><sln:powNazwa>człuchowski</sln:powNazwa><sln:wojIIPId>ece93e09-0215-42f3-8067-be0649f58d46</sln:wojIIPId><sln:wojIIPPn>PL.PZGIK.200</sln:wojIIPPn><sln:wojIIPWersja>2012-09-27T13:45:13+02:00</sln:wojIIPWersja><sln:wojIdTeryt>22</sln:wojIdTeryt><sln:wojNazwa>pomorskie</sln:wojNazwa></sln:miejscowosc><sln:miejscowosc><sln:cyklZyciaOd>2014-10-07T00:00:00+02:00</sln:cyklZyciaOd><sln:gmIIPId>d8504cd2-744c-46f2-bc28-d7cbb81a1c7e</sln:gmIIPId><sln:gmIIPPn>PL.PZGIK.200</sln:gmIIPPn><sln:gmIIPWersja>2012-09-26T22:45:23+02:00</sln:gmIIPWersja><sln:gmIdTeryt>2203072</sln:gmIdTeryt><sln:gmNazwa>Rzeczenica</sln:gmNazwa><sln:miejscIIPId>4873944a-a084-4be3-b4ea-f42991a5ac36</sln:miejscIIPId><sln:miejscIIPPn>PL.PZGIK.200</sln:miejscIIPPn><sln:miejscIIPWersja>2016-11-24T13:46:26+02:00</sln:miejscIIPWersja><sln:miejscIdTeryt>0750190</sln:miejscIdTeryt><sln:miejscNazwa>Bagnica</sln:miejscNazwa><sln:miejscRodzaj>Leśniczówka</sln:miejscRodzaj><sln:powIIPId>a103670f-14b0-49b4-9984-e499dd7fb32e</sln:powIIPId><sln:powIIPPn>PL.PZGIK.200</sln:powIIPPn><sln:powIIPWersja>2012-09-27T09:33:51+02:00</sln:powIIPWersja><sln:powIdTeryt>2203</sln:powIdTeryt><sln:powNazwa>człuchowski</sln:powNazwa><sln:wojIIPId>ece93e09-0215-42f3-8067-be0649f58d46</sln:wojIIPId><sln:wojIIPPn>PL.PZGIK.200</sln:wojIIPPn><sln:wojIIPWersja>2012-09-27T13:45:13+02:00</sln:wojIIPWersja><sln:wojIdTeryt>22</sln:wojIdTeryt><sln:wojNazwa>pomorskie</sln:wojNazwa></sln:miejscowosc><sln:miejscowosc><sln:cyklZyciaOd>2014-10-07T00:00:00+02:00</sln:cyklZyciaOd><sln:gmIIPId>d8504cd2-744c-46f2-bc28-d7cbb81a1c7e</sln:gmIIPId><sln:gmIIPPn>PL.PZGIK.200</sln:gmIIPPn><sln:gmIIPWersja>2012-09-26T22:45:23+02:00</sln:gmIIPWersja><sln:gmIdTeryt>2203072</sln:gmIdTeryt><sln:gmNazwa>Rzeczenica</sln:gmNazwa><sln:miejscIIPId>1ef46160-9339-4f3d-beca-f428639daff7</sln:miejscIIPId><sln:miejscIIPPn>PL.PZGIK.200</sln:miejscIIPPn><sln:miejscIIPWersja>2016-11-24T13:46:26+02:00</sln:miejscIIPWersja><sln:miejscIdTeryt>0750209</sln:miejscIdTeryt><sln:miejscNazwa>Lestnica</sln:miejscNazwa><sln:miejscRodzaj>Osada</sln:miejscRodzaj><sln:powIIPId>a103670f-14b0-49b4-9984-e499dd7fb32e</sln:powIIPId><sln:powIIPPn>PL.PZGIK.200</sln:powIIPPn><sln:powIIPWersja>2012-09-27T09:33:51+02:00</sln:powIIPWersja><sln:powIdTeryt>2203</sln:powIdTeryt><sln:powNazwa>człuchowski</sln:powNazwa><sln:wojIIPId>ece93e09-0215-42f3-8067-be0649f58d46</sln:wojIIPId><sln:wojIIPPn>PL.PZGIK.200</sln:wojIIPPn><sln:wojIIPWersja>2012-09-27T13:45:13+02:00</sln:wojIIPWersja><sln:wojIdTeryt>22</sln:wojIdTeryt><sln:wojNazwa>pomorskie</sln:wojNazwa></sln:miejscowosc><sln:miejscowosc><sln:cyklZyciaDo>2016-11-27T00:00:00+01:00</sln:cyklZyciaDo><sln:cyklZyciaOd>2015-06-27T00:00:00+02:00</sln:cyklZyciaOd><sln:gmIIPId>d8504cd2-744c-46f2-bc28-d7cbb81a1c7e</sln:gmIIPId><sln:gmIIPPn>PL.PZGIK.200</sln:gmIIPPn><sln:gmIIPWersja>2012-09-26T22:45:23+02:00</sln:gmIIPWersja><sln:gmIdTeryt>2203072</sln:gmIdTeryt><sln:gmNazwa>Rzeczenica</sln:gmNazwa><sln:miejscIIPId>9e174e90-a024-402d-aaa7-8f36f286b553</sln:miejscIIPId><sln:miejscIIPPn>PL.PZGIK.200</sln:miejscIIPPn><sln:miejscIIPWersja>2016-11-24T13:40:58+02:00</sln:miejscIIPWersja><sln:miejscIdTeryt>3022386</sln:miejscIdTeryt><sln:miejscNazwa>Rzeczenica</sln:miejscNazwa><sln:miejscRodzaj>Inny obiekt</sln:miejscRodzaj><sln:powIIPId>a103670f-14b0-49b4-9984-e499dd7fb32e</sln:powIIPId><sln:powIIPPn>PL.PZGIK.200</sln:powIIPPn><sln:powIIPWersja>2012-09-27T09:33:51+02:00</sln:powIIPWersja><sln:powIdTeryt>2203</sln:powIdTeryt><sln:powNazwa>człuchowski</sln:powNazwa><sln:wojIIPId>ece93e09-0215-42f3-8067-be0649f58d46</sln:wojIIPId><sln:wojIIPPn>PL.PZGIK.200</sln:wojIIPPn><sln:wojIIPWersja>2012-09-27T13:45:13+02:00</sln:wojIIPWersja><sln:wojIdTeryt>22</sln:wojIdTeryt><sln:wojNazwa>pomorskie</sln:wojNazwa></sln:miejscowosc><sln:miejscowosc><sln:cyklZyciaOd>2014-10-07T00:00:00+02:00</sln:cyklZyciaOd><sln:gmIIPId>d8504cd2-744c-46f2-bc28-d7cbb81a1c7e</sln:gmIIPId><sln:gmIIPPn>PL.PZGIK.200</sln:gmIIPPn><sln:gmIIPWersja>2012-09-26T22:45:23+02:00</sln:gmIIPWersja><sln:gmIdTeryt>2203072</sln:gmIdTeryt><sln:gmNazwa>Rzeczenica</sln:gmNazwa><sln:miejscIIPId>b9480b04-6c52-48bc-857f-b898739c341b</sln:miejscIIPId><sln:miejscIIPPn>PL.PZGIK.200</sln:miejscIIPPn><sln:miejscIIPWersja>2016-11-24T13:36:56+02:00</sln:miejscIIPWersja><sln:miejscIdTeryt>0749991</sln:miejscIdTeryt><sln:miejscNazwa>Dzików</sln:miejscNazwa><sln:miejscRodzaj>Wieś</sln:miejscRodzaj><sln:powIIPId>a103670f-14b0-49b4-9984-e499dd7fb32e</sln:powIIPId><sln:powIIPPn>PL.PZGIK.200</sln:powIIPPn><sln:powIIPWersja>2012-09-27T09:33:51+02:00</sln:powIIPWersja><sln:powIdTeryt>2203</sln:powIdTeryt><sln:powNazwa>człuchowski</sln:powNazwa><sln:wojIIPId>ece93e09-0215-42f3-8067-be0649f58d46</sln:wojIIPId><sln:wojIIPPn>PL.PZGIK.200</sln:wojIIPPn><sln:wojIIPWersja>2012-09-27T13:45:13+02:00</sln:wojIIPWersja><sln:wojIdTeryt>22</sln:wojIdTeryt><sln:wojNazwa>pomorskie</sln:wojNazwa></sln:miejscowosc><sln:miejscowosc><sln:cyklZyciaOd>2015-12-08T00:00:00+01:00</sln:cyklZyciaOd><sln:gmIIPId>d8504cd2-744c-46f2-bc28-d7cbb81a1c7e</sln:gmIIPId><sln:gmIIPPn>PL.PZGIK.200</sln:gmIIPPn><sln:gmIIPWersja>2012-09-26T22:45:23+02:00</sln:gmIIPWersja><sln:gmIdTeryt>2203072</sln:gmIdTeryt><sln:gmNazwa>Rzeczenica</sln:gmNazwa><sln:miejscIIPId>9419bb68-2291-4dc3-aec6-34f891b8eaa7</sln:miejscIIPId><sln:miejscIIPPn>PL.PZGIK.200</sln:miejscIIPPn><sln:miejscIIPWersja>2016-11-24T13:54:42+02:00</sln:miejscIIPWersja><sln:miejscIdTeryt>0750089</sln:miejscIdTeryt><sln:miejscNIIPId>1495289d-2695-4a50-ab4c-f6a885828895</sln:miejscNIIPId><sln:miejscNIIPPn>PL.PZGIK.200</sln:miejscNIIPPn><sln:miejscNIIPWersja>2016-11-24T13:38:13+02:00</sln:miejscNIIPWersja><sln:miejscNIdTeryt>0750072</sln:miejscNIdTeryt><sln:miejscNNazwa>Gwieździn</sln:miejscNNazwa><sln:miejscNRodzaj>Wieś</sln:miejscNRodzaj><sln:miejscNazwa>Zbysławiec</sln:miejscNazwa><sln:miejscRodzaj>Inny obiekt</sln:miejscRodzaj><sln:powIIPId>a103670f-14b0-49b4-9984-e499dd7fb32e</sln:powIIPId><sln:powIIPPn>PL.PZGIK.200</sln:powIIPPn><sln:powIIPWersja>2012-09-27T09:33:51+02:00</sln:powIIPWersja><sln:powIdTeryt>2203</sln:powIdTeryt><sln:powNazwa>człuchowski</sln:powNazwa><sln:wojIIPId>ece93e09-0215-42f3-8067-be0649f58d46</sln:wojIIPId><sln:wojIIPPn>PL.PZGIK.200</sln:wojIIPPn><sln:wojIIPWersja>2012-09-27T13:45:13+02:00</sln:wojIIPWersja><sln:wojIdTeryt>22</sln:wojIdTeryt><sln:wojNazwa>pomorskie</sln:wojNazwa></sln:miejscowosc><sln:miejscowosc><sln:cyklZyciaOd>2014-10-07T00:00:00+02:00</sln:cyklZyciaOd><sln:gmIIPId>d8504cd2-744c-46f2-bc28-d7cbb81a1c7e</sln:gmIIPId><sln:gmIIPPn>PL.PZGIK.200</sln:gmIIPPn><sln:gmIIPWersja>2012-09-26T22:45:23+02:00</sln:gmIIPWersja><sln:gmIdTeryt>2203072</sln:gmIdTeryt><sln:gmNazwa>Rzeczenica</sln:gmNazwa><sln:miejscIIPId>e3ff143e-9431-4a76-b3a4-3521ae8edc28</sln:miejscIIPId><sln:miejscIIPPn>PL.PZGIK.200</sln:miejscIIPPn><sln:miejscIIPWersja>2016-11-24T13:28:53+02:00</sln:miejscIIPWersja><sln:miejscIdTeryt>0749985</sln:miejscIdTeryt><sln:miejscNazwa>Brzezie</sln:miejscNazwa><sln:miejscRodzaj>Wieś</sln:miejscRodzaj><sln:powIIPId>a103670f-14b0-49b4-9984-e499dd7fb32e</sln:powIIPId><sln:powIIPPn>PL.PZGIK.200</sln:powIIPPn><sln:powIIPWersja>2012-09-27T09:33:51+02:00</sln:powIIPWersja><sln:powIdTeryt>2203</sln:powIdTeryt><sln:powNazwa>człuchowski</sln:powNazwa><sln:wojIIPId>ece93e09-0215-42f3-8067-be0649f58d46</sln:wojIIPId><sln:wojIIPPn>PL.PZGIK.200</sln:wojIIPPn><sln:wojIIPWersja>2012-09-27T13:45:13+02:00</sln:wojIIPWersja><sln:wojIdTeryt>22</sln:wojIdTeryt><sln:wojNazwa>pomorskie</sln:wojNazwa></sln:miejscowosc><sln:miejscowosc><sln:cyklZyciaOd>2014-10-07T00:00:00+02:00</sln:cyklZyciaOd><sln:gmIIPId>d8504cd2-744c-46f2-bc28-d7cbb81a1c7e</sln:gmIIPId><sln:gmIIPPn>PL.PZGIK.200</sln:gmIIPPn><sln:gmIIPWersja>2012-09-26T22:45:23+02:00</sln:gmIIPWersja><sln:gmIdTeryt>2203072</sln:gmIdTeryt><sln:gmNazwa>Rzeczenica</sln:gmNazwa><sln:miejscIIPId>1e25b149-7d3d-482a-a841-4497a9b47af2</sln:miejscIIPId><sln:miejscIIPPn>PL.PZGIK.200</sln:miejscIIPPn><sln:miejscIIPWersja>2016-11-24T13:53:45+02:00</sln:miejscIIPWersja><sln:miejscIdTeryt>0750043</sln:miejscIdTeryt><sln:miejscNazwa>Zadębie</sln:miejscNazwa><sln:miejscRodzaj>Leśniczówka</sln:miejscRodzaj><sln:powIIPId>a103670f-14b0-49b4-9984-e499dd7fb32e</sln:powIIPId><sln:powIIPPn>PL.PZGIK.200</sln:powIIPPn><sln:powIIPWersja>2012-09-27T09:33:51+02:00</sln:powIIPWersja><sln:powIdTeryt>2203</sln:powIdTeryt><sln:powNazwa>człuchowski</sln:powNazwa><sln:wojIIPId>ece93e09-0215-42f3-8067-be0649f58d46</sln:wojIIPId><sln:wojIIPPn>PL.PZGIK.200</sln:wojIIPPn><sln:wojIIPWersja>2012-09-27T13:45:13+02:00</sln:wojIIPWersja><sln:wojIdTeryt>22</sln:wojIdTeryt><sln:wojNazwa>pomorskie</sln:wojNazwa></sln:miejscowosc><sln:miejscowosc><sln:cyklZyciaDo>2016-11-27T00:00:00+01:00</sln:cyklZyciaDo><sln:cyklZyciaOd>2014-10-07T00:00:00+02:00</sln:cyklZyciaOd><sln:gmIIPId>d8504cd2-744c-46f2-bc28-d7cbb81a1c7e</sln:gmIIPId><sln:gmIIPPn>PL.PZGIK.200</sln:gmIIPPn><sln:gmIIPWersja>2012-09-26T22:45:23+02:00</sln:gmIIPWersja><sln:gmIdTeryt>2203072</sln:gmIdTeryt><sln:gmNazwa>Rzeczenica</sln:gmNazwa><sln:miejscIIPId>d2bcbffe-fee6-4e75-8ed4-ba30c1438c8f</sln:miejscIIPId><sln:miejscIIPPn>PL.PZGIK.200</sln:miejscIIPPn><sln:miejscIIPWersja>2016-11-24T13:40:50+02:00</sln:miejscIIPWersja><sln:miejscIdTeryt>3022383</sln:miejscIdTeryt><sln:miejscNazwa>Kwakowo-Brzezie</sln:miejscNazwa><sln:miejscRodzaj>Inny obiekt</sln:miejscRodzaj><sln:powIIPId>a103670f-14b0-49b4-9984-e499dd7fb32e</sln:powIIPId><sln:powIIPPn>PL.PZGIK.200</sln:powIIPPn><sln:powIIPWersja>2012-09-27T09:33:51+02:00</sln:powIIPWersja><sln:powIdTeryt>2203</sln:powIdTeryt><sln:powNazwa>człuchowski</sln:powNazwa><sln:wojIIPId>ece93e09-0215-42f3-8067-be0649f58d46</sln:wojIIPId><sln:wojIIPPn>PL.PZGIK.200</sln:wojIIPPn><sln:wojIIPWersja>2012-09-27T13:45:13+02:00</sln:wojIIPWersja><sln:wojIdTeryt>22</sln:wojIdTeryt><sln:wojNazwa>pomorskie</sln:wojNazwa></sln:miejscowosc><sln:miejscowosc><sln:cyklZyciaOd>2014-10-07T00:00:00+02:00</sln:cyklZyciaOd><sln:gmIIPId>d8504cd2-744c-46f2-bc28-d7cbb81a1c7e</sln:gmIIPId><sln:gmIIPPn>PL.PZGIK.200</sln:gmIIPPn><sln:gmIIPWersja>2012-09-26T22:45:23+02:00</sln:gmIIPWersja><sln:gmIdTeryt>2203072</sln:gmIdTeryt><sln:gmNazwa>Rzeczenica</sln:gmNazwa><sln:miejscIIPId>4bdbcfc6-cd9b-47f3-afc8-1399b817e2b1</sln:miejscIIPId><sln:miejscIIPPn>PL.PZGIK.200</sln:miejscIIPPn><sln:miejscIIPWersja>2016-11-24T13:53:45+02:00</sln:miejscIIPWersja><sln:miejscIdTeryt>0750037</sln:miejscIdTeryt><sln:miejscNazwa>Przeręba</sln:miejscNazwa><sln:miejscRodzaj>Osada</sln:miejscRodzaj><sln:powIIPId>a103670f-14b0-49b4-9984-e499dd7fb32e</sln:powIIPId><sln:powIIPPn>PL.PZGIK.200</sln:powIIPPn><sln:powIIPWersja>2012-09-27T09:33:51+02:00</sln:powIIPWersja><sln:powIdTeryt>2203</sln:powIdTeryt><sln:powNazwa>człuchowski</sln:powNazwa><sln:wojIIPId>ece93e09-0215-42f3-8067-be0649f58d46</sln:wojIIPId><sln:wojIIPPn>PL.PZGIK.200</sln:wojIIPPn><sln:wojIIPWersja>2012-09-27T13:45:13+02:00</sln:wojIIPWersja><sln:wojIdTeryt>22</sln:wojIdTeryt><sln:wojNazwa>pomorskie</sln:wojNazwa></sln:miejscowosc><sln:miejscowosc><sln:cyklZyciaOd>2014-10-07T00:00:00+02:00</sln:cyklZyciaOd><sln:gmIIPId>d8504cd2-744c-46f2-bc28-d7cbb81a1c7e</sln:gmIIPId><sln:gmIIPPn>PL.PZGIK.200</sln:gmIIPPn><sln:gmIIPWersja>2012-09-26T22:45:23+02:00</sln:gmIIPWersja><sln:gmIdTeryt>2203072</sln:gmIdTeryt><sln:gmNazwa>Rzeczenica</sln:gmNazwa><sln:miejscIIPId>c0d0fdfa-2b66-4e4c-9827-dce65805c3d1</sln:miejscIIPId><sln:miejscIIPPn>PL.PZGIK.200</sln:miejscIIPPn><sln:miejscIIPWersja>2016-11-24T13:53:44+02:00</sln:miejscIIPWersja><sln:miejscIdTeryt>0750014</sln:miejscIdTeryt><sln:miejscNazwa>Przyrzecze</sln:miejscNazwa><sln:miejscRodzaj>Inny obiekt</sln:miejscRodzaj><sln:powIIPId>a103670f-14b0-49b4-9984-e499dd7fb32e</sln:powIIPId><sln:powIIPPn>PL.PZGIK.200</sln:powIIPPn><sln:powIIPWersja>2012-09-27T09:33:51+02:00</sln:powIIPWersja><sln:powIdTeryt>2203</sln:powIdTeryt><sln:powNazwa>człuchowski</sln:powNazwa><sln:wojIIPId>ece93e09-0215-42f3-8067-be0649f58d46</sln:wojIIPId><sln:wojIIPPn>PL.PZGIK.200</sln:wojIIPPn><sln:wojIIPWersja>2012-09-27T13:45:13+02:00</sln:wojIIPWersja><sln:wojIdTeryt>22</sln:wojIdTeryt><sln:wojNazwa>pomorskie</sln:wojNazwa></sln:miejscowosc><sln:miejscowosc><sln:cyklZyciaOd>2014-10-07T00:00:00+02:00</sln:cyklZyciaOd><sln:gmIIPId>d8504cd2-744c-46f2-bc28-d7cbb81a1c7e</sln:gmIIPId><sln:gmIIPPn>PL.PZGIK.200</sln:gmIIPPn><sln:gmIIPWersja>2012-09-26T22:45:23+02:00</sln:gmIIPWersja><sln:gmIdTeryt>2203072</sln:gmIdTeryt><sln:gmNazwa>Rzeczenica</sln:gmNazwa><sln:miejscIIPId>2f3f001d-04c7-4d74-afdc-68b80a5df7bc</sln:miejscIIPId><sln:miejscIIPPn>PL.PZGIK.200</sln:miejscIIPPn><sln:miejscIIPWersja>2016-11-24T13:38:00+02:00</sln:miejscIIPWersja><sln:miejscIdTeryt>0750155</sln:miejscIdTeryt><sln:miejscNazwa>Grodzisko</sln:miejscNazwa><sln:miejscRodzaj>Wieś</sln:miejscRodzaj><sln:powIIPId>a103670f-14b0-49b4-9984-e499dd7fb32e</sln:powIIPId><sln:powIIPPn>PL.PZGIK.200</sln:powIIPPn><sln:powIIPWersja>2012-09-27T09:33:51+02:00</sln:powIIPWersja><sln:powIdTeryt>2203</sln:powIdTeryt><sln:powNazwa>człuchowski</sln:powNazwa><sln:wojIIPId>ece93e09-0215-42f3-8067-be0649f58d46</sln:wojIIPId><sln:wojIIPPn>PL.PZGIK.200</sln:wojIIPPn><sln:wojIIPWersja>2012-09-27T13:45:13+02:00</sln:wojIIPWersja><sln:wojIdTeryt>22</sln:wojIdTeryt><sln:wojNazwa>pomorskie</sln:wojNazwa></sln:miejscowosc><sln:miejscowosc><sln:cyklZyciaDo>2017-05-30T00:00:00+02:00</sln:cyklZyciaDo><sln:cyklZyciaOd>2015-06-27T00:00:00+02:00</sln:cyklZyciaOd><sln:gmIIPId>d8504cd2-744c-46f2-bc28-d7cbb81a1c7e</sln:gmIIPId><sln:gmIIPPn>PL.PZGIK.200</sln:gmIIPPn><sln:gmIIPWersja>2012-09-26T22:45:23+02:00</sln:gmIIPWersja><sln:gmIdTeryt>2203072</sln:gmIdTeryt><sln:gmNazwa>Rzeczenica</sln:gmNazwa><sln:miejscIIPId>b12d4567-ca55-4772-9ac4-0885253581ad</sln:miejscIIPId><sln:miejscIIPPn>PL.PZGIK.200</sln:miejscIIPPn><sln:miejscIIPWersja>2016-11-24T13:40:50+02:00</sln:miejscIIPWersja><sln:miejscIdTeryt>3022384</sln:miejscIdTeryt><sln:miejscNazwa>Trzmielewo</sln:miejscNazwa><sln:miejscRodzaj>Wieś</sln:miejscRodzaj><sln:powIIPId>a103670f-14b0-49b4-9984-e499dd7fb32e</sln:powIIPId><sln:powIIPPn>PL.PZGIK.200</sln:powIIPPn><sln:powIIPWersja>2012-09-27T09:33:51+02:00</sln:powIIPWersja><sln:powIdTeryt>2203</sln:powIdTeryt><sln:powNazwa>człuchowski</sln:powNazwa><sln:wojIIPId>ece93e09-0215-42f3-8067-be0649f58d46</sln:wojIIPId><sln:wojIIPPn>PL.PZGIK.200</sln:wojIIPPn><sln:wojIIPWersja>2012-09-27T13:45:13+02:00</sln:wojIIPWersja><sln:wojIdTeryt>22</sln:wojIdTeryt><sln:wojNazwa>pomorskie</sln:wojNazwa></sln:miejscowosc><sln:miejscowosc><sln:cyklZyciaOd>2015-12-08T00:00:00+01:00</sln:cyklZyciaOd><sln:gmIIPId>d8504cd2-744c-46f2-bc28-d7cbb81a1c7e</sln:gmIIPId><sln:gmIIPPn>PL.PZGIK.200</sln:gmIIPPn><sln:gmIIPWersja>2012-09-26T22:45:23+02:00</sln:gmIIPWersja><sln:gmIdTeryt>2203072</sln:gmIdTeryt><sln:gmNazwa>Rzeczenica</sln:gmNazwa><sln:miejscIIPId>fc1b1f6a-9f61-4762-97e4-6eeeb0c15e5f</sln:miejscIIPId><sln:miejscIIPPn>PL.PZGIK.200</sln:miejscIIPPn><sln:miejscIIPWersja>2016-11-24T13:53:44+02:00</sln:miejscIIPWersja><sln:miejscIdTeryt>0750008</sln:miejscIdTeryt><sln:miejscNazwa>Łuszczyn</sln:miejscNazwa><sln:miejscRodzaj>Inny obiekt</sln:miejscRodzaj><sln:powIIPId>a103670f-14b0-49b4-9984-e499dd7fb32e</sln:powIIPId><sln:powIIPPn>PL.PZGIK.200</sln:powIIPPn><sln:powIIPWersja>2012-09-27T09:33:51+02:00</sln:powIIPWersja><sln:powIdTeryt>2203</sln:powIdTeryt><sln:powNazwa>człuchowski</sln:powNazwa><sln:wojIIPId>ece93e09-0215-42f3-8067-be0649f58d46</sln:wojIIPId><sln:wojIIPPn>PL.PZGIK.200</sln:wojIIPPn><sln:wojIIPWersja>2012-09-27T13:45:13+02:00</sln:wojIIPWersja><sln:wojIdTeryt>22</sln:wojIdTeryt><sln:wojNazwa>pomorskie</sln:wojNazwa></sln:miejscowosc><sln:miejscowosc><sln:cyklZyciaOd>2014-10-07T00:00:00+02:00</sln:cyklZyciaOd><sln:gmIIPId>d8504cd2-744c-46f2-bc28-d7cbb81a1c7e</sln:gmIIPId><sln:gmIIPPn>PL.PZGIK.200</sln:gmIIPPn><sln:gmIIPWersja>2012-09-26T22:45:23+02:00</sln:gmIIPWersja><sln:gmIdTeryt>2203072</sln:gmIdTeryt><sln:gmNazwa>Rzeczenica</sln:gmNazwa><sln:miejscIIPId>b2f6da30-09e4-4778-8ae0-4d9017e3ec43</sln:miejscIIPId><sln:miejscIIPPn>PL.PZGIK.200</sln:miejscIIPPn><sln:miejscIIPWersja>2016-11-24T13:44:38+02:00</sln:miejscIIPWersja><sln:miejscIdTeryt>0750020</sln:miejscIdTeryt><sln:miejscNazwa>Breńsk</sln:miejscNazwa><sln:miejscRodzaj>Wieś</sln:miejscRodzaj><sln:powIIPId>a103670f-14b0-49b4-9984-e499dd7fb32e</sln:powIIPId><sln:powIIPPn>PL.PZGIK.200</sln:powIIPPn><sln:powIIPWersja>2012-09-27T09:33:51+02:00</sln:powIIPWersja><sln:powIdTeryt>2203</sln:powIdTeryt><sln:powNazwa>człuchowski</sln:powNazwa><sln:wojIIPId>ece93e09-0215-42f3-8067-be0649f58d46</sln:wojIIPId><sln:wojIIPPn>PL.PZGIK.200</sln:wojIIPPn><sln:wojIIPWersja>2012-09-27T13:45:13+02:00</sln:wojIIPWersja><sln:wojIdTeryt>22</sln:wojIdTeryt><sln:wojNazwa>pomorskie</sln:wojNazwa></sln:miejscowosc><sln:miejscowosc><sln:cyklZyciaOd>2014-10-07T00:00:00+02:00</sln:cyklZyciaOd><sln:gmIIPId>d8504cd2-744c-46f2-bc28-d7cbb81a1c7e</sln:gmIIPId><sln:gmIIPPn>PL.PZGIK.200</sln:gmIIPPn><sln:gmIIPWersja>2012-09-26T22:45:23+02:00</sln:gmIIPWersja><sln:gmIdTeryt>2203072</sln:gmIdTeryt><sln:gmNazwa>Rzeczenica</sln:gmNazwa><sln:miejscIIPId>c7aa0271-1979-4965-a499-b550df089f11</sln:miejscIIPId><sln:miejscIIPPn>PL.PZGIK.200</sln:miejscIIPPn><sln:miejscIIPWersja>2016-11-24T13:54:02+02:00</sln:miejscIIPWersja><sln:miejscIdTeryt>0750050</sln:miejscIdTeryt><sln:miejscNazwa>Gockowo</sln:miejscNazwa><sln:miejscRodzaj>Osada</sln:miejscRodzaj><sln:powIIPId>a103670f-14b0-49b4-9984-e499dd7fb32e</sln:powIIPId><sln:powIIPPn>PL.PZGIK.200</sln:powIIPPn><sln:powIIPWersja>2012-09-27T09:33:51+02:00</sln:powIIPWersja><sln:powIdTeryt>2203</sln:powIdTeryt><sln:powNazwa>człuchowski</sln:powNazwa><sln:wojIIPId>ece93e09-0215-42f3-8067-be0649f58d46</sln:wojIIPId><sln:wojIIPPn>PL.PZGIK.200</sln:wojIIPPn><sln:wojIIPWersja>2012-09-27T13:45:13+02:00</sln:wojIIPWersja><sln:wojIdTeryt>22</sln:wojIdTeryt><sln:wojNazwa>pomorskie</sln:wojNazwa></sln:miejscowosc><sln:miejscowosc><sln:cyklZyciaDo>2015-06-27T00:00:00+02:00</sln:cyklZyciaDo><sln:cyklZyciaOd>2014-10-07T00:00:00+02:00</sln:cyklZyciaOd><sln:gmIIPId>d8504cd2-744c-46f2-bc28-d7cbb81a1c7e</sln:gmIIPId><sln:gmIIPPn>PL.PZGIK.200</sln:gmIIPPn><sln:gmIIPWersja>2012-09-26T22:45:23+02:00</sln:gmIIPWersja><sln:gmIdTeryt>2203072</sln:gmIdTeryt><sln:gmNazwa>Rzeczenica</sln:gmNazwa><sln:miejscIIPId>9e174e90-a024-402d-aaa7-8f36f286b553</sln:miejscIIPId><sln:miejscIIPPn>PL.PZGIK.200</sln:miejscIIPPn><sln:miejscIIPWersja>2016-11-24T13:40:59+02:00</sln:miejscIIPWersja><sln:miejscIdTeryt>3022386</sln:miejscIdTeryt><sln:miejscNazwa>Lestnica</sln:miejscNazwa><sln:miejscRodzaj>Inny obiekt</sln:miejscRodzaj><sln:powIIPId>a103670f-14b0-49b4-9984-e499dd7fb32e</sln:powIIPId><sln:powIIPPn>PL.PZGIK.200</sln:powIIPPn><sln:powIIPWersja>2012-09-27T09:33:51+02:00</sln:powIIPWersja><sln:powIdTeryt>2203</sln:powIdTeryt><sln:powNazwa>człuchowski</sln:powNazwa><sln:wojIIPId>ece93e09-0215-42f3-8067-be0649f58d46</sln:wojIIPId><sln:wojIIPPn>PL.PZGIK.200</sln:wojIIPPn><sln:wojIIPWersja>2012-09-27T13:45:13+02:00</sln:wojIIPWersja><sln:wojIdTeryt>22</sln:wojIdTeryt><sln:wojNazwa>pomorskie</sln:wojNazwa></sln:miejscowosc><sln:miejscowosc><sln:cyklZyciaDo>2015-06-27T00:00:00+02:00</sln:cyklZyciaDo><sln:cyklZyciaOd>2014-10-07T00:00:00+02:00</sln:cyklZyciaOd><sln:gmIIPId>d8504cd2-744c-46f2-bc28-d7cbb81a1c7e</sln:gmIIPId><sln:gmIIPPn>PL.PZGIK.200</sln:gmIIPPn><sln:gmIIPWersja>2012-09-26T22:45:23+02:00</sln:gmIIPWersja><sln:gmIdTeryt>2203072</sln:gmIdTeryt><sln:gmNazwa>Rzeczenica</sln:gmNazwa><sln:miejscIIPId>b12d4567-ca55-4772-9ac4-0885253581ad</sln:miejscIIPId><sln:miejscIIPPn>PL.PZGIK.200</sln:miejscIIPPn><sln:miejscIIPWersja>2016-11-24T13:40:51+02:00</sln:miejscIIPWersja><sln:miejscIdTeryt>3022384</sln:miejscIdTeryt><sln:miejscNazwa>Kwakowo-Trzmielewo</sln:miejscNazwa><sln:miejscRodzaj>Inny obiekt</sln:miejscRodzaj><sln:powIIPId>a103670f-14b0-49b4-9984-e499dd7fb32e</sln:powIIPId><sln:powIIPPn>PL.PZGIK.200</sln:powIIPPn><sln:powIIPWersja>2012-09-27T09:33:51+02:00</sln:powIIPWersja><sln:powIdTeryt>2203</sln:powIdTeryt><sln:powNazwa>człuchowski</sln:powNazwa><sln:wojIIPId>ece93e09-0215-42f3-8067-be0649f58d46</sln:wojIIPId><sln:wojIIPPn>PL.PZGIK.200</sln:wojIIPPn><sln:wojIIPWersja>2012-09-27T13:45:13+02:00</sln:wojIIPWersja><sln:wojIdTeryt>22</sln:wojIdTeryt><sln:wojNazwa>pomorskie</sln:wojNazwa></sln:miejscowosc><sln:miejscowosc><sln:cyklZyciaDo>2015-12-08T00:00:00+01:00</sln:cyklZyciaDo><sln:cyklZyciaOd>2014-10-07T00:00:00+02:00</sln:cyklZyciaOd><sln:gmIIPId>d8504cd2-744c-46f2-bc28-d7cbb81a1c7e</sln:gmIIPId><sln:gmIIPPn>PL.PZGIK.200</sln:gmIIPPn><sln:gmIIPWersja>2012-09-26T22:45:23+02:00</sln:gmIIPWersja><sln:gmIdTeryt>2203072</sln:gmIdTeryt><sln:gmNazwa>Rzeczenica</sln:gmNazwa><sln:miejscIIPId>9419bb68-2291-4dc3-aec6-34f891b8eaa7</sln:miejscIIPId><sln:miejscIIPPn>PL.PZGIK.200</sln:miejscIIPPn><sln:miejscIIPWersja>2016-11-24T13:54:43+02:00</sln:miejscIIPWersja><sln:miejscIdTeryt>0750089</sln:miejscIdTeryt><sln:miejscNazwa>Zbysławiec</sln:miejscNazwa><sln:miejscRodzaj>Inny obiekt</sln:miejscRodzaj><sln:powIIPId>a103670f-14b0-49b4-9984-e499dd7fb32e</sln:powIIPId><sln:powIIPPn>PL.PZGIK.200</sln:powIIPPn><sln:powIIPWersja>2012-09-27T09:33:51+02:00</sln:powIIPWersja><sln:powIdTeryt>2203</sln:powIdTeryt><sln:powNazwa>człuchowski</sln:powNazwa><sln:wojIIPId>ece93e09-0215-42f3-8067-be0649f58d46</sln:wojIIPId><sln:wojIIPPn>PL.PZGIK.200</sln:wojIIPPn><sln:wojIIPWersja>2012-09-27T13:45:13+02:00</sln:wojIIPWersja><sln:wojIdTeryt>22</sln:wojIdTeryt><sln:wojNazwa>pomorskie</sln:wojNazwa></sln:miejscowosc><sln:miejscowosc><sln:cyklZyciaDo>2015-12-08T00:00:00+01:00</sln:cyklZyciaDo><sln:cyklZyciaOd>2014-10-07T00:00:00+02:00</sln:cyklZyciaOd><sln:gmIIPId>d8504cd2-744c-46f2-bc28-d7cbb81a1c7e</sln:gmIIPId><sln:gmIIPPn>PL.PZGIK.200</sln:gmIIPPn><sln:gmIIPWersja>2012-09-26T22:45:23+02:00</sln:gmIIPWersja><sln:gmIdTeryt>2203072</sln:gmIdTeryt><sln:gmNazwa>Rzeczenica</sln:gmNazwa><sln:miejscIIPId>cde29ec0-33c5-40f3-a9df-fd335e691e28</sln:miejscIIPId><sln:miejscIIPPn>PL.PZGIK.200</sln:miejscIIPPn><sln:miejscIIPWersja>2016-11-24T13:57:54+02:00</sln:miejscIIPWersja><sln:miejscIdTeryt>0750103</sln:miejscIdTeryt><sln:miejscNazwa>Cierniki</sln:miejscNazwa><sln:miejscRodzaj>Osada</sln:miejscRodzaj><sln:powIIPId>a103670f-14b0-49b4-9984-e499dd7fb32e</sln:powIIPId><sln:powIIPPn>PL.PZGIK.200</sln:powIIPPn><sln:powIIPWersja>2012-09-27T09:33:51+02:00</sln:powIIPWersja><sln:powIdTeryt>2203</sln:powIdTeryt><sln:powNazwa>człuchowski</sln:powNazwa><sln:wojIIPId>ece93e09-0215-42f3-8067-be0649f58d46</sln:wojIIPId><sln:wojIIPPn>PL.PZGIK.200</sln:wojIIPPn><sln:wojIIPWersja>2012-09-27T13:45:13+02:00</sln:wojIIPWersja><sln:wojIdTeryt>22</sln:wojIdTeryt><sln:wojNazwa>pomorskie</sln:wojNazwa></sln:miejscowosc><sln:miejscowosc><sln:cyklZyciaDo>2015-12-08T00:00:00+01:00</sln:cyklZyciaDo><sln:cyklZyciaOd>2014-10-07T00:00:00+02:00</sln:cyklZyciaOd><sln:gmIIPId>d8504cd2-744c-46f2-bc28-d7cbb81a1c7e</sln:gmIIPId><sln:gmIIPPn>PL.PZGIK.200</sln:gmIIPPn><sln:gmIIPWersja>2012-09-26T22:45:23+02:00</sln:gmIIPWersja><sln:gmIdTeryt>2203072</sln:gmIdTeryt><sln:gmNazwa>Rzeczenica</sln:gmNazwa><sln:miejscIIPId>1e59ba9f-27f2-481e-93e2-dc27586cfd04</sln:miejscIIPId><sln:miejscIIPPn>PL.PZGIK.200</sln:miejscIIPPn><sln:miejscIIPWersja>2016-11-24T13:36:47+02:00</sln:miejscIIPWersja><sln:miejscIdTeryt>3022274</sln:miejscIdTeryt><sln:miejscNazwa>Działek</sln:miejscNazwa><sln:miejscRodzaj>Inny obiekt</sln:miejscRodzaj><sln:powIIPId>a103670f-14b0-49b4-9984-e499dd7fb32e</sln:powIIPId><sln:powIIPPn>PL.PZGIK.200</sln:powIIPPn><sln:powIIPWersja>2012-09-27T09:33:51+02:00</sln:powIIPWersja><sln:powIdTeryt>2203</sln:powIdTeryt><sln:powNazwa>człuchowski</sln:powNazwa><sln:wojIIPId>ece93e09-0215-42f3-8067-be0649f58d46</sln:wojIIPId><sln:wojIIPPn>PL.PZGIK.200</sln:wojIIPPn><sln:wojIIPWersja>2012-09-27T13:45:13+02:00</sln:wojIIPWersja><sln:wojIdTeryt>22</sln:wojIdTeryt><sln:wojNazwa>pomorskie</sln:wojNazwa></sln:miejscowosc><sln:miejscowosc><sln:cyklZyciaDo>2015-12-08T00:00:00+01:00</sln:cyklZyciaDo><sln:cyklZyciaOd>2014-10-07T00:00:00+02:00</sln:cyklZyciaOd><sln:gmIIPId>d8504cd2-744c-46f2-bc28-d7cbb81a1c7e</sln:gmIIPId><sln:gmIIPPn>PL.PZGIK.200</sln:gmIIPPn><sln:gmIIPWersja>2012-09-26T22:45:23+02:00</sln:gmIIPWersja><sln:gmIdTeryt>2203072</sln:gmIdTeryt><sln:gmNazwa>Rzeczenica</sln:gmNazwa><sln:miejscIIPId>fc1b1f6a-9f61-4762-97e4-6eeeb0c15e5f</sln:miejscIIPId><sln:miejscIIPPn>PL.PZGIK.200</sln:miejscIIPPn><sln:miejscIIPWersja>2016-11-24T13:53:45+02:00</sln:miejscIIPWersja><sln:miejscIdTeryt>0750008</sln:miejscIdTeryt><sln:miejscNazwa>Łuszczyn</sln:miejscNazwa><sln:miejscRodzaj>Inny obiekt</sln:miejscRodzaj><sln:powIIPId>a103670f-14b0-49b4-9984-e499dd7fb32e</sln:powIIPId><sln:powIIPPn>PL.PZGIK.200</sln:powIIPPn><sln:powIIPWersja>2012-09-27T09:33:51+02:00</sln:powIIPWersja><sln:powIdTeryt>2203</sln:powIdTeryt><sln:powNazwa>człuchowski</sln:powNazwa><sln:wojIIPId>ece93e09-0215-42f3-8067-be0649f58d46</sln:wojIIPId><sln:wojIIPPn>PL.PZGIK.200</sln:wojIIPPn><sln:wojIIPWersja>2012-09-27T13:45:13+02:00</sln:wojIIPWersja><sln:wojIdTeryt>22</sln:wojIdTeryt><sln:wojNazwa>pomorskie</sln:wojNazwa></sln:miejscowosc><sln:miejscowosc><sln:cyklZyciaDo>2017-06-14T00:00:00+02:00</sln:cyklZyciaDo><sln:cyklZyciaOd>2016-11-27T00:00:00+01:00</sln:cyklZyciaOd><sln:gmIIPId>d8504cd2-744c-46f2-bc28-d7cbb81a1c7e</sln:gmIIPId><sln:gmIIPPn>PL.PZGIK.200</sln:gmIIPPn><sln:gmIIPWersja>2012-09-26T22:45:23+02:00</sln:gmIIPWersja><sln:gmIdTeryt>2203072</sln:gmIdTeryt><sln:gmNazwa>Rzeczenica</sln:gmNazwa><sln:miejscIIPId>fcb7e21c-533c-4c5e-b888-a1991f4784b4</sln:miejscIIPId><sln:miejscIIPPn>PL.PZGIK.200</sln:miejscIIPPn><sln:miejscIIPWersja>2016-11-27T09:26:03+02:00</sln:miejscIIPWersja><sln:miejscNazwa>Rzeczenica-Wybudowanie</sln:miejscNazwa><sln:miejscRodzaj>Inny obiekt</sln:miejscRodzaj><sln:powIIPId>a103670f-14b0-49b4-9984-e499dd7fb32e</sln:powIIPId><sln:powIIPPn>PL.PZGIK.200</sln:powIIPPn><sln:powIIPWersja>2012-09-27T09:33:51+02:00</sln:powIIPWersja><sln:powIdTeryt>2203</sln:powIdTeryt><sln:powNazwa>człuchowski</sln:powNazwa><sln:wojIIPId>ece93e09-0215-42f3-8067-be0649f58d46</sln:wojIIPId><sln:wojIIPPn>PL.PZGIK.200</sln:wojIIPPn><sln:wojIIPWersja>2012-09-27T13:45:13+02:00</sln:wojIIPWersja><sln:wojIdTeryt>22</sln:wojIdTeryt><sln:wojNazwa>pomorskie</sln:wojNazwa></sln:miejscowosc><sln:miejscowosc><sln:cyklZyciaDo>2017-06-14T00:00:00+02:00</sln:cyklZyciaDo><sln:cyklZyciaOd>2016-11-27T00:00:00+01:00</sln:cyklZyciaOd><sln:gmIIPId>d8504cd2-744c-46f2-bc28-d7cbb81a1c7e</sln:gmIIPId><sln:gmIIPPn>PL.PZGIK.200</sln:gmIIPPn><sln:gmIIPWersja>2012-09-26T22:45:23+02:00</sln:gmIIPWersja><sln:gmIdTeryt>2203072</sln:gmIdTeryt><sln:gmNazwa>Rzeczenica</sln:gmNazwa><sln:miejscIIPId>0ec208f1-2068-43bc-9833-bb65477ae79e</sln:miejscIIPId><sln:miejscIIPPn>PL.PZGIK.200</sln:miejscIIPPn><sln:miejscIIPWersja>2016-11-27T09:26:03+02:00</sln:miejscIIPWersja><sln:miejscNazwa>Rzeczenica-Wybudowanie</sln:miejscNazwa><sln:miejscRodzaj>Inny obiekt</sln:miejscRodzaj><sln:powIIPId>a103670f-14b0-49b4-9984-e499dd7fb32e</sln:powIIPId><sln:powIIPPn>PL.PZGIK.200</sln:powIIPPn><sln:powIIPWersja>2012-09-27T09:33:51+02:00</sln:powIIPWersja><sln:powIdTeryt>2203</sln:powIdTeryt><sln:powNazwa>człuchowski</sln:powNazwa><sln:wojIIPId>ece93e09-0215-42f3-8067-be0649f58d46</sln:wojIIPId><sln:wojIIPPn>PL.PZGIK.200</sln:wojIIPPn><sln:wojIIPWersja>2012-09-27T13:45:13+02:00</sln:wojIIPWersja><sln:wojIdTeryt>22</sln:wojIdTeryt><sln:wojNazwa>pomorskie</sln:wojNazwa></sln:miejscowosc><sln:miejscowosc><sln:cyklZyciaDo>2017-06-14T00:00:00+02:00</sln:cyklZyciaDo><sln:cyklZyciaOd>2016-11-27T00:00:00+01:00</sln:cyklZyciaOd><sln:gmIIPId>d8504cd2-744c-46f2-bc28-d7cbb81a1c7e</sln:gmIIPId><sln:gmIIPPn>PL.PZGIK.200</sln:gmIIPPn><sln:gmIIPWersja>2012-09-26T22:45:23+02:00</sln:gmIIPWersja><sln:gmIdTeryt>2203072</sln:gmIdTeryt><sln:gmNazwa>Rzeczenica</sln:gmNazwa><sln:miejscIIPId>40beb8c1-74b1-4550-b8a7-6c7cf6c69729</sln:miejscIIPId><sln:miejscIIPPn>PL.PZGIK.200</sln:miejscIIPPn><sln:miejscIIPWersja>2016-11-27T09:26:03+02:00</sln:miejscIIPWersja><sln:miejscNazwa>Rzeczenica-Wybudowanie</sln:miejscNazwa><sln:miejscRodzaj>Inny obiekt</sln:miejscRodzaj><sln:powIIPId>a103670f-14b0-49b4-9984-e499dd7fb32e</sln:powIIPId><sln:powIIPPn>PL.PZGIK.200</sln:powIIPPn><sln:powIIPWersja>2012-09-27T09:33:51+02:00</sln:powIIPWersja><sln:powIdTeryt>2203</sln:powIdTeryt><sln:powNazwa>człuchowski</sln:powNazwa><sln:wojIIPId>ece93e09-0215-42f3-8067-be0649f58d46</sln:wojIIPId><sln:wojIIPPn>PL.PZGIK.200</sln:wojIIPPn><sln:wojIIPWersja>2012-09-27T13:45:13+02:00</sln:wojIIPWersja><sln:wojIdTeryt>22</sln:wojIdTeryt><sln:wojNazwa>pomorskie</sln:wojNazwa></sln:miejscowosc><sln:miejscowosc><sln:cyklZyciaOd>2016-11-27T00:00:00+01:00</sln:cyklZyciaOd><sln:gmIIPId>d8504cd2-744c-46f2-bc28-d7cbb81a1c7e</sln:gmIIPId><sln:gmIIPPn>PL.PZGIK.200</sln:gmIIPPn><sln:gmIIPWersja>2012-09-26T22:45:23+02:00</sln:gmIIPWersja><sln:gmIdTeryt>2203072</sln:gmIdTeryt><sln:gmNazwa>Rzeczenica</sln:gmNazwa><sln:miejscIIPId>40144022-9af6-471e-8c35-b2c93a33a57a</sln:miejscIIPId><sln:miejscIIPPn>PL.PZGIK.200</sln:miejscIIPPn><sln:miejscIIPWersja>2016-11-27T09:26:04+02:00</sln:miejscIIPWersja><sln:miejscIdTeryt>1066395</sln:miejscIdTeryt><sln:miejscNazwa>Mulnica</sln:miejscNazwa><sln:miejscRodzaj>Osada</sln:miejscRodzaj><sln:powIIPId>a103670f-14b0-49b4-9984-e499dd7fb32e</sln:powIIPId><sln:powIIPPn>PL.PZGIK.200</sln:powIIPPn><sln:powIIPWersja>2012-09-27T09:33:51+02:00</sln:powIIPWersja><sln:powIdTeryt>2203</sln:powIdTeryt><sln:powNazwa>człuchowski</sln:powNazwa><sln:wojIIPId>ece93e09-0215-42f3-8067-be0649f58d46</sln:wojIIPId><sln:wojIIPPn>PL.PZGIK.200</sln:wojIIPPn><sln:wojIIPWersja>2012-09-27T13:45:13+02:00</sln:wojIIPWersja><sln:wojIdTeryt>22</sln:wojIdTeryt><sln:wojNazwa>pomorskie</sln:wojNazwa></sln:miejscowosc><sln:miejscowosc><sln:cyklZyciaOd>2016-11-27T00:00:00+01:00</sln:cyklZyciaOd><sln:gmIIPId>d8504cd2-744c-46f2-bc28-d7cbb81a1c7e</sln:gmIIPId><sln:gmIIPPn>PL.PZGIK.200</sln:gmIIPPn><sln:gmIIPWersja>2012-09-26T22:45:23+02:00</sln:gmIIPWersja><sln:gmIdTeryt>2203072</sln:gmIdTeryt><sln:gmNazwa>Rzeczenica</sln:gmNazwa><sln:miejscIIPId>790c9fc8-1893-4d81-8c13-16174ae1edb7</sln:miejscIIPId><sln:miejscIIPPn>PL.PZGIK.200</sln:miejscIIPPn><sln:miejscIIPWersja>2016-11-27T09:26:04+02:00</sln:miejscIIPWersja><sln:miejscIdTeryt>0750178</sln:miejscIdTeryt><sln:miejscNIIPId>91e3a24c-c9d6-46fd-a408-c85c89647a3d</sln:miejscNIIPId><sln:miejscNIIPPn>PL.PZGIK.200</sln:miejscNIIPPn><sln:miejscNIIPWersja>2016-11-24T13:28:03+02:00</sln:miejscNIIPWersja><sln:miejscNIdTeryt>0750161</sln:miejscNIdTeryt><sln:miejscNNazwa>Pieniężnica</sln:miejscNNazwa><sln:miejscNRodzaj>Wieś</sln:miejscNRodzaj><sln:miejscNazwa>Knieja</sln:miejscNazwa><sln:miejscRodzaj>Osada</sln:miejscRodzaj><sln:powIIPId>a103670f-14b0-49b4-9984-e499dd7fb32e</sln:powIIPId><sln:powIIPPn>PL.PZGIK.200</sln:powIIPPn><sln:powIIPWersja>2012-09-27T09:33:51+02:00</sln:powIIPWersja><sln:powIdTeryt>2203</sln:powIdTeryt><sln:powNazwa>człuchowski</sln:powNazwa><sln:wojIIPId>ece93e09-0215-42f3-8067-be0649f58d46</sln:wojIIPId><sln:wojIIPPn>PL.PZGIK.200</sln:wojIIPPn><sln:wojIIPWersja>2012-09-27T13:45:13+02:00</sln:wojIIPWersja><sln:wojIdTeryt>22</sln:wojIdTeryt><sln:wojNazwa>pomorskie</sln:wojNazwa></sln:miejscowosc></sln:lista-miejscowosci>