<?xml version="1.0" encoding="UTF-8" standalone="yes"?><sln:lista-miejscowosci xmlns:srv="http://gugik.gov.pl/schemas/slowniki-service/1.0" xmlns:sln="http://gugik.gov.pl/schemas/slowniki-schema/1.0"><sln:miejscowosc><sln:cyklZyciaDo>2017-04-05T00:00:00+02:00</sln:cyklZyciaDo><sln:cyklZyciaOd>2016-01-08T00:00:00+01:00</sln:cyklZyciaOd><sln:gmIIPId>b4646db3-4662-4a21-a9b0-e6d783cb83cc</sln:gmIIPId><sln:gmIIPPn>PL.PZGIK.200</sln:gmIIPPn><sln:gmIIPWersja>2012-09-26T22:46:31+02:00</sln:gmIIPWersja><sln:gmIdTeryt>2215072</sln:gmIdTeryt><sln:gmNazwa>Luzino</sln:gmNazwa><sln:miejscIIPId>21fa6eac-3376-4d79-a33b-dea1b71ae611</sln:miejscIIPId><sln:miejscIIPPn>PL.PZGIK.200</sln:miejscIIPPn><sln:miejscIIPWersja>2016-11-24T09:29:05+02:00</sln:miejscIIPWersja><sln:miejscIdTeryt>0166835</sln:miejscIdTeryt><sln:miejscNazwa>Barłomino</sln:miejscNazwa><sln:miejscRodzaj>Wieś</sln:miejscRodzaj><sln:powIIPId>c2d26b98-7beb-464c-b95a-f466e058aa4f</sln:powIIPId><sln:powIIPPn>PL.PZGIK.200</sln:powIIPPn><sln:powIIPWersja>2012-09-27T09:33:51+02:00</sln:powIIPWersja><sln:powIdTeryt>2215</sln:powIdTeryt><sln:powNazwa>wejherowski</sln:powNazwa><sln:waznyOd>2011-08-31T00:00:00+02:00</sln:waznyOd><sln:wojIIPId>ece93e09-0215-42f3-8067-be0649f58d46</sln:wojIIPId><sln:wojIIPPn>PL.PZGIK.200</sln:wojIIPPn><sln:wojIIPWersja>2012-09-27T13:45:13+02:00</sln:wojIIPWersja><sln:wojIdTeryt>22</sln:wojIdTeryt><sln:wojNazwa>pomorskie</sln:wojNazwa></sln:miejscowosc><sln:miejscowosc><sln:cyklZyciaDo>2017-04-05T00:00:00+02:00</sln:cyklZyciaDo><sln:cyklZyciaOd>2016-01-08T00:00:00+01:00</sln:cyklZyciaOd><sln:gmIIPId>b4646db3-4662-4a21-a9b0-e6d783cb83cc</sln:gmIIPId><sln:gmIIPPn>PL.PZGIK.200</sln:gmIIPPn><sln:gmIIPWersja>2012-09-26T22:46:31+02:00</sln:gmIIPWersja><sln:gmIdTeryt>2215072</sln:gmIdTeryt><sln:gmNazwa>Luzino</sln:gmNazwa><sln:miejscIIPId>7d0a2059-5b99-442e-af8e-3e8c04e65137</sln:miejscIIPId><sln:miejscIIPPn>PL.PZGIK.200</sln:miejscIIPPn><sln:miejscIIPWersja>2016-11-24T09:29:07+02:00</sln:miejscIIPWersja><sln:miejscIdTeryt>0166864</sln:miejscIdTeryt><sln:miejscNazwa>Dąbrówka</sln:miejscNazwa><sln:miejscRodzaj>Wieś</sln:miejscRodzaj><sln:powIIPId>c2d26b98-7beb-464c-b95a-f466e058aa4f</sln:powIIPId><sln:powIIPPn>PL.PZGIK.200</sln:powIIPPn><sln:powIIPWersja>2012-09-27T09:33:51+02:00</sln:powIIPWersja><sln:powIdTeryt>2215</sln:powIdTeryt><sln:powNazwa>wejherowski</sln:powNazwa><sln:waznyOd>2011-12-07T00:00:00+01:00</sln:waznyOd><sln:wojIIPId>ece93e09-0215-42f3-8067-be0649f58d46</sln:wojIIPId><sln:wojIIPPn>PL.PZGIK.200</sln:wojIIPPn><sln:wojIIPWersja>2012-09-27T13:45:13+02:00</sln:wojIIPWersja><sln:wojIdTeryt>22</sln:wojIdTeryt><sln:wojNazwa>pomorskie</sln:wojNazwa></sln:miejscowosc><sln:miejscowosc><sln:cyklZyciaDo>2017-04-05T00:00:00+02:00</sln:cyklZyciaDo><sln:cyklZyciaOd>2016-01-08T00:00:00+01:00</sln:cyklZyciaOd><sln:gmIIPId>b4646db3-4662-4a21-a9b0-e6d783cb83cc</sln:gmIIPId><sln:gmIIPPn>PL.PZGIK.200</sln:gmIIPPn><sln:gmIIPWersja>2012-09-26T22:46:31+02:00</sln:gmIIPWersja><sln:gmIdTeryt>2215072</sln:gmIdTeryt><sln:gmNazwa>Luzino</sln:gmNazwa><sln:miejscIIPId>4ca36461-e540-4bb2-810b-ddb10527e703</sln:miejscIIPId><sln:miejscIIPPn>PL.PZGIK.200</sln:miejscIIPPn><sln:miejscIIPWersja>2016-11-24T09:29:09+02:00</sln:miejscIIPWersja><sln:miejscIdTeryt>0166887</sln:miejscIdTeryt><sln:miejscNazwa>Kębłowo</sln:miejscNazwa><sln:miejscRodzaj>Wieś</sln:miejscRodzaj><sln:powIIPId>c2d26b98-7beb-464c-b95a-f466e058aa4f</sln:powIIPId><sln:powIIPPn>PL.PZGIK.200</sln:powIIPPn><sln:powIIPWersja>2012-09-27T09:33:51+02:00</sln:powIIPWersja><sln:powIdTeryt>2215</sln:powIdTeryt><sln:powNazwa>wejherowski</sln:powNazwa><sln:waznyOd>2011-08-31T00:00:00+02:00</sln:waznyOd><sln:wojIIPId>ece93e09-0215-42f3-8067-be0649f58d46</sln:wojIIPId><sln:wojIIPPn>PL.PZGIK.200</sln:wojIIPPn><sln:wojIIPWersja>2012-09-27T13:45:13+02:00</sln:wojIIPWersja><sln:wojIdTeryt>22</sln:wojIdTeryt><sln:wojNazwa>pomorskie</sln:wojNazwa></sln:miejscowosc><sln:miejscowosc><sln:cyklZyciaDo>2017-04-05T00:00:00+02:00</sln:cyklZyciaDo><sln:cyklZyciaOd>2016-01-08T00:00:00+01:00</sln:cyklZyciaOd><sln:gmIIPId>b4646db3-4662-4a21-a9b0-e6d783cb83cc</sln:gmIIPId><sln:gmIIPPn>PL.PZGIK.200</sln:gmIIPPn><sln:gmIIPWersja>2012-09-26T22:46:31+02:00</sln:gmIIPWersja><sln:gmIdTeryt>2215072</sln:gmIdTeryt><sln:gmNazwa>Luzino</sln:gmNazwa><sln:miejscIIPId>df7f36b2-0db1-4b46-857f-39149ec0a931</sln:miejscIIPId><sln:miejscIIPPn>PL.PZGIK.200</sln:miejscIIPPn><sln:miejscIIPWersja>2016-11-24T09:29:11+02:00</sln:miejscIIPWersja><sln:miejscIdTeryt>0166918</sln:miejscIdTeryt><sln:miejscNazwa>Kochanowo</sln:miejscNazwa><sln:miejscRodzaj>Wieś</sln:miejscRodzaj><sln:powIIPId>c2d26b98-7beb-464c-b95a-f466e058aa4f</sln:powIIPId><sln:powIIPPn>PL.PZGIK.200</sln:powIIPPn><sln:powIIPWersja>2012-09-27T09:33:51+02:00</sln:powIIPWersja><sln:powIdTeryt>2215</sln:powIdTeryt><sln:powNazwa>wejherowski</sln:powNazwa><sln:waznyOd>2011-09-05T00:00:00+02:00</sln:waznyOd><sln:wojIIPId>ece93e09-0215-42f3-8067-be0649f58d46</sln:wojIIPId><sln:wojIIPPn>PL.PZGIK.200</sln:wojIIPPn><sln:wojIIPWersja>2012-09-27T13:45:13+02:00</sln:wojIIPWersja><sln:wojIdTeryt>22</sln:wojIdTeryt><sln:wojNazwa>pomorskie</sln:wojNazwa></sln:miejscowosc><sln:miejscowosc><sln:cyklZyciaDo>2017-04-05T00:00:00+02:00</sln:cyklZyciaDo><sln:cyklZyciaOd>2016-01-08T00:00:00+01:00</sln:cyklZyciaOd><sln:gmIIPId>b4646db3-4662-4a21-a9b0-e6d783cb83cc</sln:gmIIPId><sln:gmIIPPn>PL.PZGIK.200</sln:gmIIPPn><sln:gmIIPWersja>2012-09-26T22:46:31+02:00</sln:gmIIPWersja><sln:gmIdTeryt>2215072</sln:gmIdTeryt><sln:gmNazwa>Luzino</sln:gmNazwa><sln:miejscIIPId>466af3ae-a8e2-4df5-ae0a-cfba20bbc5e4</sln:miejscIIPId><sln:miejscIIPPn>PL.PZGIK.200</sln:miejscIIPPn><sln:miejscIIPWersja>2016-11-24T09:29:13+02:00</sln:miejscIIPWersja><sln:miejscIdTeryt>0166930</sln:miejscIdTeryt><sln:miejscNazwa>Luzino</sln:miejscNazwa><sln:miejscRodzaj>Wieś</sln:miejscRodzaj><sln:powIIPId>c2d26b98-7beb-464c-b95a-f466e058aa4f</sln:powIIPId><sln:powIIPPn>PL.PZGIK.200</sln:powIIPPn><sln:powIIPWersja>2012-09-27T09:33:51+02:00</sln:powIIPWersja><sln:powIdTeryt>2215</sln:powIdTeryt><sln:powNazwa>wejherowski</sln:powNazwa><sln:waznyOd>2011-08-31T00:00:00+02:00</sln:waznyOd><sln:wojIIPId>ece93e09-0215-42f3-8067-be0649f58d46</sln:wojIIPId><sln:wojIIPPn>PL.PZGIK.200</sln:wojIIPPn><sln:wojIIPWersja>2012-09-27T13:45:13+02:00</sln:wojIIPWersja><sln:wojIdTeryt>22</sln:wojIdTeryt><sln:wojNazwa>pomorskie</sln:wojNazwa></sln:miejscowosc><sln:miejscowosc><sln:cyklZyciaDo>2017-04-05T00:00:00+02:00</sln:cyklZyciaDo><sln:cyklZyciaOd>2016-01-08T00:00:00+01:00</sln:cyklZyciaOd><sln:gmIIPId>b4646db3-4662-4a21-a9b0-e6d783cb83cc</sln:gmIIPId><sln:gmIIPPn>PL.PZGIK.200</sln:gmIIPPn><sln:gmIIPWersja>2012-09-26T22:46:31+02:00</sln:gmIIPWersja><sln:gmIdTeryt>2215072</sln:gmIdTeryt><sln:gmNazwa>Luzino</sln:gmNazwa><sln:miejscIIPId>b9e22a75-4a4c-4b61-a5be-5aebce45910a</sln:miejscIIPId><sln:miejscIIPPn>PL.PZGIK.200</sln:miejscIIPPn><sln:miejscIIPWersja>2016-11-24T09:29:15+02:00</sln:miejscIIPWersja><sln:miejscIdTeryt>0166947</sln:miejscIdTeryt><sln:miejscNazwa>Milwino</sln:miejscNazwa><sln:miejscRodzaj>Wieś</sln:miejscRodzaj><sln:powIIPId>c2d26b98-7beb-464c-b95a-f466e058aa4f</sln:powIIPId><sln:powIIPPn>PL.PZGIK.200</sln:powIIPPn><sln:powIIPWersja>2012-09-27T09:33:51+02:00</sln:powIIPWersja><sln:powIdTeryt>2215</sln:powIdTeryt><sln:powNazwa>wejherowski</sln:powNazwa><sln:waznyOd>2011-08-31T00:00:00+02:00</sln:waznyOd><sln:wojIIPId>ece93e09-0215-42f3-8067-be0649f58d46</sln:wojIIPId><sln:wojIIPPn>PL.PZGIK.200</sln:wojIIPPn><sln:wojIIPWersja>2012-09-27T13:45:13+02:00</sln:wojIIPWersja><sln:wojIdTeryt>22</sln:wojIdTeryt><sln:wojNazwa>pomorskie</sln:wojNazwa></sln:miejscowosc><sln:miejscowosc><sln:cyklZyciaDo>2017-04-05T00:00:00+02:00</sln:cyklZyciaDo><sln:cyklZyciaOd>2016-01-08T00:00:00+01:00</sln:cyklZyciaOd><sln:gmIIPId>b4646db3-4662-4a21-a9b0-e6d783cb83cc</sln:gmIIPId><sln:gmIIPPn>PL.PZGIK.200</sln:gmIIPPn><sln:gmIIPWersja>2012-09-26T22:46:31+02:00</sln:gmIIPWersja><sln:gmIdTeryt>2215072</sln:gmIdTeryt><sln:gmNazwa>Luzino</sln:gmNazwa><sln:miejscIIPId>c6175689-8898-4a0e-8502-eb51c87f4cbe</sln:miejscIIPId><sln:miejscIIPPn>PL.PZGIK.200</sln:miejscIIPPn><sln:miejscIIPWersja>2016-11-24T09:29:18+02:00</sln:miejscIIPWersja><sln:miejscIdTeryt>0166960</sln:miejscIdTeryt><sln:miejscNazwa>Robakowo</sln:miejscNazwa><sln:miejscRodzaj>Wieś</sln:miejscRodzaj><sln:powIIPId>c2d26b98-7beb-464c-b95a-f466e058aa4f</sln:powIIPId><sln:powIIPPn>PL.PZGIK.200</sln:powIIPPn><sln:powIIPWersja>2012-09-27T09:33:51+02:00</sln:powIIPWersja><sln:powIdTeryt>2215</sln:powIdTeryt><sln:powNazwa>wejherowski</sln:powNazwa><sln:waznyOd>2011-08-31T00:00:00+02:00</sln:waznyOd><sln:wojIIPId>ece93e09-0215-42f3-8067-be0649f58d46</sln:wojIIPId><sln:wojIIPPn>PL.PZGIK.200</sln:wojIIPPn><sln:wojIIPWersja>2012-09-27T13:45:13+02:00</sln:wojIIPWersja><sln:wojIdTeryt>22</sln:wojIdTeryt><sln:wojNazwa>pomorskie</sln:wojNazwa></sln:miejscowosc><sln:miejscowosc><sln:cyklZyciaDo>2017-04-05T00:00:00+02:00</sln:cyklZyciaDo><sln:cyklZyciaOd>2016-01-08T00:00:00+01:00</sln:cyklZyciaOd><sln:gmIIPId>b4646db3-4662-4a21-a9b0-e6d783cb83cc</sln:gmIIPId><sln:gmIIPPn>PL.PZGIK.200</sln:gmIIPPn><sln:gmIIPWersja>2012-09-26T22:46:31+02:00</sln:gmIIPWersja><sln:gmIdTeryt>2215072</sln:gmIdTeryt><sln:gmNazwa>Luzino</sln:gmNazwa><sln:miejscIIPId>e8cf5059-da05-4e49-808d-314603847c53</sln:miejscIIPId><sln:miejscIIPPn>PL.PZGIK.200</sln:miejscIIPPn><sln:miejscIIPWersja>2016-11-24T09:29:20+02:00</sln:miejscIIPWersja><sln:miejscIdTeryt>0166982</sln:miejscIdTeryt><sln:miejscNazwa>Sychowo</sln:miejscNazwa><sln:miejscRodzaj>Wieś</sln:miejscRodzaj><sln:powIIPId>c2d26b98-7beb-464c-b95a-f466e058aa4f</sln:powIIPId><sln:powIIPPn>PL.PZGIK.200</sln:powIIPPn><sln:powIIPWersja>2012-09-27T09:33:51+02:00</sln:powIIPWersja><sln:powIdTeryt>2215</sln:powIdTeryt><sln:powNazwa>wejherowski</sln:powNazwa><sln:waznyOd>2011-12-07T00:00:00+01:00</sln:waznyOd><sln:wojIIPId>ece93e09-0215-42f3-8067-be0649f58d46</sln:wojIIPId><sln:wojIIPPn>PL.PZGIK.200</sln:wojIIPPn><sln:wojIIPWersja>2012-09-27T13:45:13+02:00</sln:wojIIPWersja><sln:wojIdTeryt>22</sln:wojIdTeryt><sln:wojNazwa>pomorskie</sln:wojNazwa></sln:miejscowosc><sln:miejscowosc><sln:cyklZyciaDo>2017-04-05T00:00:00+02:00</sln:cyklZyciaDo><sln:cyklZyciaOd>2016-01-08T00:00:00+01:00</sln:cyklZyciaOd><sln:gmIIPId>b4646db3-4662-4a21-a9b0-e6d783cb83cc</sln:gmIIPId><sln:gmIIPPn>PL.PZGIK.200</sln:gmIIPPn><sln:gmIIPWersja>2012-09-26T22:46:31+02:00</sln:gmIIPWersja><sln:gmIdTeryt>2215072</sln:gmIdTeryt><sln:gmNazwa>Luzino</sln:gmNazwa><sln:miejscIIPId>b3121cfe-626d-4389-a914-4bf571c9f514</sln:miejscIIPId><sln:miejscIIPPn>PL.PZGIK.200</sln:miejscIIPPn><sln:miejscIIPWersja>2016-11-24T09:29:22+02:00</sln:miejscIIPWersja><sln:miejscIdTeryt>0166999</sln:miejscIdTeryt><sln:miejscNazwa>Tępcz</sln:miejscNazwa><sln:miejscRodzaj>Wieś</sln:miejscRodzaj><sln:powIIPId>c2d26b98-7beb-464c-b95a-f466e058aa4f</sln:powIIPId><sln:powIIPPn>PL.PZGIK.200</sln:powIIPPn><sln:powIIPWersja>2012-09-27T09:33:51+02:00</sln:powIIPWersja><sln:powIdTeryt>2215</sln:powIdTeryt><sln:powNazwa>wejherowski</sln:powNazwa><sln:waznyOd>2011-08-31T00:00:00+02:00</sln:waznyOd><sln:wojIIPId>ece93e09-0215-42f3-8067-be0649f58d46</sln:wojIIPId><sln:wojIIPPn>PL.PZGIK.200</sln:wojIIPPn><sln:wojIIPWersja>2012-09-27T13:45:13+02:00</sln:wojIIPWersja><sln:wojIdTeryt>22</sln:wojIdTeryt><sln:wojNazwa>pomorskie</sln:wojNazwa></sln:miejscowosc><sln:miejscowosc><sln:cyklZyciaDo>2017-04-05T00:00:00+02:00</sln:cyklZyciaDo><sln:cyklZyciaOd>2016-01-08T00:00:00+01:00</sln:cyklZyciaOd><sln:gmIIPId>b4646db3-4662-4a21-a9b0-e6d783cb83cc</sln:gmIIPId><sln:gmIIPPn>PL.PZGIK.200</sln:gmIIPPn><sln:gmIIPWersja>2012-09-26T22:46:31+02:00</sln:gmIIPWersja><sln:gmIdTeryt>2215072</sln:gmIdTeryt><sln:gmNazwa>Luzino</sln:gmNazwa><sln:miejscIIPId>4835dc1c-a0ac-431c-8444-3fa1450aec49</sln:miejscIIPId><sln:miejscIIPPn>PL.PZGIK.200</sln:miejscIIPPn><sln:miejscIIPWersja>2016-11-24T09:29:24+02:00</sln:miejscIIPWersja><sln:miejscIdTeryt>0167020</sln:miejscIdTeryt><sln:miejscNazwa>Wyszecino</sln:miejscNazwa><sln:miejscRodzaj>Wieś</sln:miejscRodzaj><sln:powIIPId>c2d26b98-7beb-464c-b95a-f466e058aa4f</sln:powIIPId><sln:powIIPPn>PL.PZGIK.200</sln:powIIPPn><sln:powIIPWersja>2012-09-27T09:33:51+02:00</sln:powIIPWersja><sln:powIdTeryt>2215</sln:powIdTeryt><sln:powNazwa>wejherowski</sln:powNazwa><sln:waznyOd>2011-08-31T00:00:00+02:00</sln:waznyOd><sln:wojIIPId>ece93e09-0215-42f3-8067-be0649f58d46</sln:wojIIPId><sln:wojIIPPn>PL.PZGIK.200</sln:wojIIPPn><sln:wojIIPWersja>2012-09-27T13:45:13+02:00</sln:wojIIPWersja><sln:wojIdTeryt>22</sln:wojIdTeryt><sln:wojNazwa>pomorskie</sln:wojNazwa></sln:miejscowosc><sln:miejscowosc><sln:cyklZyciaDo>2017-04-05T00:00:00+02:00</sln:cyklZyciaDo><sln:cyklZyciaOd>2016-01-08T00:00:00+01:00</sln:cyklZyciaOd><sln:gmIIPId>b4646db3-4662-4a21-a9b0-e6d783cb83cc</sln:gmIIPId><sln:gmIIPPn>PL.PZGIK.200</sln:gmIIPPn><sln:gmIIPWersja>2012-09-26T22:46:31+02:00</sln:gmIIPWersja><sln:gmIdTeryt>2215072</sln:gmIdTeryt><sln:gmNazwa>Luzino</sln:gmNazwa><sln:miejscIIPId>98a0a77c-9ba4-42bf-8b6e-fe1d37c7e927</sln:miejscIIPId><sln:miejscIIPPn>PL.PZGIK.200</sln:miejscIIPPn><sln:miejscIIPWersja>2016-11-24T09:29:26+02:00</sln:miejscIIPWersja><sln:miejscIdTeryt>0167059</sln:miejscIdTeryt><sln:miejscNazwa>Zelewo</sln:miejscNazwa><sln:miejscRodzaj>Wieś</sln:miejscRodzaj><sln:powIIPId>c2d26b98-7beb-464c-b95a-f466e058aa4f</sln:powIIPId><sln:powIIPPn>PL.PZGIK.200</sln:powIIPPn><sln:powIIPWersja>2012-09-27T09:33:51+02:00</sln:powIIPWersja><sln:powIdTeryt>2215</sln:powIdTeryt><sln:powNazwa>wejherowski</sln:powNazwa><sln:waznyOd>2011-08-31T00:00:00+02:00</sln:waznyOd><sln:wojIIPId>ece93e09-0215-42f3-8067-be0649f58d46</sln:wojIIPId><sln:wojIIPPn>PL.PZGIK.200</sln:wojIIPPn><sln:wojIIPWersja>2012-09-27T13:45:13+02:00</sln:wojIIPWersja><sln:wojIdTeryt>22</sln:wojIdTeryt><sln:wojNazwa>pomorskie</sln:wojNazwa></sln:miejscowosc><sln:miejscowosc><sln:cyklZyciaDo>2017-04-05T00:00:00+02:00</sln:cyklZyciaDo><sln:cyklZyciaOd>2016-01-08T00:00:00+01:00</sln:cyklZyciaOd><sln:gmIIPId>b4646db3-4662-4a21-a9b0-e6d783cb83cc</sln:gmIIPId><sln:gmIIPPn>PL.PZGIK.200</sln:gmIIPPn><sln:gmIIPWersja>2012-09-26T22:46:31+02:00</sln:gmIIPWersja><sln:gmIdTeryt>2215072</sln:gmIdTeryt><sln:gmNazwa>Luzino</sln:gmNazwa><sln:miejscIIPId>90423583-7833-423a-8950-55c2b633505f</sln:miejscIIPId><sln:miejscIIPPn>PL.PZGIK.200</sln:miejscIIPPn><sln:miejscIIPWersja>2016-11-24T09:29:28+02:00</sln:miejscIIPWersja><sln:miejscIdTeryt>0167088</sln:miejscIdTeryt><sln:miejscNazwa>Zielnowo</sln:miejscNazwa><sln:miejscRodzaj>Wieś</sln:miejscRodzaj><sln:powIIPId>c2d26b98-7beb-464c-b95a-f466e058aa4f</sln:powIIPId><sln:powIIPPn>PL.PZGIK.200</sln:powIIPPn><sln:powIIPWersja>2012-09-27T09:33:51+02:00</sln:powIIPWersja><sln:powIdTeryt>2215</sln:powIdTeryt><sln:powNazwa>wejherowski</sln:powNazwa><sln:waznyOd>2011-08-31T00:00:00+02:00</sln:waznyOd><sln:wojIIPId>ece93e09-0215-42f3-8067-be0649f58d46</sln:wojIIPId><sln:wojIIPPn>PL.PZGIK.200</sln:wojIIPPn><sln:wojIIPWersja>2012-09-27T13:45:13+02:00</sln:wojIIPWersja><sln:wojIdTeryt>22</sln:wojIdTeryt><sln:wojNazwa>pomorskie</sln:wojNazwa></sln:miejscowosc><sln:miejscowosc><sln:cyklZyciaDo>2015-12-28T00:00:00+01:00</sln:cyklZyciaDo><sln:cyklZyciaOd>2015-05-06T00:00:00+02:00</sln:cyklZyciaOd><sln:gmIIPId>b4646db3-4662-4a21-a9b0-e6d783cb83cc</sln:gmIIPId><sln:gmIIPPn>PL.PZGIK.200</sln:gmIIPPn><sln:gmIIPWersja>2012-09-26T22:46:31+02:00</sln:gmIIPWersja><sln:gmIdTeryt>2215072</sln:gmIdTeryt><sln:gmNazwa>Luzino</sln:gmNazwa><sln:miejscIIPId>21fa6eac-3376-4d79-a33b-dea1b71ae611</sln:miejscIIPId><sln:miejscIIPPn>PL.PZGIK.200</sln:miejscIIPPn><sln:miejscIIPWersja>2016-11-24T09:29:06+02:00</sln:miejscIIPWersja><sln:miejscIdTeryt>0166835</sln:miejscIdTeryt><sln:miejscNazwa>Barłomino</sln:miejscNazwa><sln:miejscRodzaj>Wieś</sln:miejscRodzaj><sln:powIIPId>c2d26b98-7beb-464c-b95a-f466e058aa4f</sln:powIIPId><sln:powIIPPn>PL.PZGIK.200</sln:powIIPPn><sln:powIIPWersja>2012-09-27T09:33:51+02:00</sln:powIIPWersja><sln:powIdTeryt>2215</sln:powIdTeryt><sln:powNazwa>wejherowski</sln:powNazwa><sln:waznyOd>2011-08-31T00:00:00+02:00</sln:waznyOd><sln:wojIIPId>ece93e09-0215-42f3-8067-be0649f58d46</sln:wojIIPId><sln:wojIIPPn>PL.PZGIK.200</sln:wojIIPPn><sln:wojIIPWersja>2012-09-27T13:45:13+02:00</sln:wojIIPWersja><sln:wojIdTeryt>22</sln:wojIdTeryt><sln:wojNazwa>pomorskie</sln:wojNazwa></sln:miejscowosc><sln:miejscowosc><sln:cyklZyciaDo>2015-12-28T00:00:00+01:00</sln:cyklZyciaDo><sln:cyklZyciaOd>2015-05-06T00:00:00+02:00</sln:cyklZyciaOd><sln:gmIIPId>b4646db3-4662-4a21-a9b0-e6d783cb83cc</sln:gmIIPId><sln:gmIIPPn>PL.PZGIK.200</sln:gmIIPPn><sln:gmIIPWersja>2012-09-26T22:46:31+02:00</sln:gmIIPWersja><sln:gmIdTeryt>2215072</sln:gmIdTeryt><sln:gmNazwa>Luzino</sln:gmNazwa><sln:miejscIIPId>7d0a2059-5b99-442e-af8e-3e8c04e65137</sln:miejscIIPId><sln:miejscIIPPn>PL.PZGIK.200</sln:miejscIIPPn><sln:miejscIIPWersja>2016-11-24T09:29:08+02:00</sln:miejscIIPWersja><sln:miejscIdTeryt>0166864</sln:miejscIdTeryt><sln:miejscNazwa>Dąbrówka</sln:miejscNazwa><sln:miejscRodzaj>Wieś</sln:miejscRodzaj><sln:powIIPId>c2d26b98-7beb-464c-b95a-f466e058aa4f</sln:powIIPId><sln:powIIPPn>PL.PZGIK.200</sln:powIIPPn><sln:powIIPWersja>2012-09-27T09:33:51+02:00</sln:powIIPWersja><sln:powIdTeryt>2215</sln:powIdTeryt><sln:powNazwa>wejherowski</sln:powNazwa><sln:waznyOd>2011-12-07T00:00:00+01:00</sln:waznyOd><sln:wojIIPId>ece93e09-0215-42f3-8067-be0649f58d46</sln:wojIIPId><sln:wojIIPPn>PL.PZGIK.200</sln:wojIIPPn><sln:wojIIPWersja>2012-09-27T13:45:13+02:00</sln:wojIIPWersja><sln:wojIdTeryt>22</sln:wojIdTeryt><sln:wojNazwa>pomorskie</sln:wojNazwa></sln:miejscowosc><sln:miejscowosc><sln:cyklZyciaDo>2015-12-28T00:00:00+01:00</sln:cyklZyciaDo><sln:cyklZyciaOd>2015-05-06T00:00:00+02:00</sln:cyklZyciaOd><sln:gmIIPId>b4646db3-4662-4a21-a9b0-e6d783cb83cc</sln:gmIIPId><sln:gmIIPPn>PL.PZGIK.200</sln:gmIIPPn><sln:gmIIPWersja>2012-09-26T22:46:31+02:00</sln:gmIIPWersja><sln:gmIdTeryt>2215072</sln:gmIdTeryt><sln:gmNazwa>Luzino</sln:gmNazwa><sln:miejscIIPId>4ca36461-e540-4bb2-810b-ddb10527e703</sln:miejscIIPId><sln:miejscIIPPn>PL.PZGIK.200</sln:miejscIIPPn><sln:miejscIIPWersja>2016-11-24T09:29:10+02:00</sln:miejscIIPWersja><sln:miejscIdTeryt>0166887</sln:miejscIdTeryt><sln:miejscNazwa>Kębłowo</sln:miejscNazwa><sln:miejscRodzaj>Wieś</sln:miejscRodzaj><sln:powIIPId>c2d26b98-7beb-464c-b95a-f466e058aa4f</sln:powIIPId><sln:powIIPPn>PL.PZGIK.200</sln:powIIPPn><sln:powIIPWersja>2012-09-27T09:33:51+02:00</sln:powIIPWersja><sln:powIdTeryt>2215</sln:powIdTeryt><sln:powNazwa>wejherowski</sln:powNazwa><sln:waznyOd>2011-08-31T00:00:00+02:00</sln:waznyOd><sln:wojIIPId>ece93e09-0215-42f3-8067-be0649f58d46</sln:wojIIPId><sln:wojIIPPn>PL.PZGIK.200</sln:wojIIPPn><sln:wojIIPWersja>2012-09-27T13:45:13+02:00</sln:wojIIPWersja><sln:wojIdTeryt>22</sln:wojIdTeryt><sln:wojNazwa>pomorskie</sln:wojNazwa></sln:miejscowosc><sln:miejscowosc><sln:cyklZyciaDo>2015-12-28T00:00:00+01:00</sln:cyklZyciaDo><sln:cyklZyciaOd>2015-05-06T00:00:00+02:00</sln:cyklZyciaOd><sln:gmIIPId>b4646db3-4662-4a21-a9b0-e6d783cb83cc</sln:gmIIPId><sln:gmIIPPn>PL.PZGIK.200</sln:gmIIPPn><sln:gmIIPWersja>2012-09-26T22:46:31+02:00</sln:gmIIPWersja><sln:gmIdTeryt>2215072</sln:gmIdTeryt><sln:gmNazwa>Luzino</sln:gmNazwa><sln:miejscIIPId>df7f36b2-0db1-4b46-857f-39149ec0a931</sln:miejscIIPId><sln:miejscIIPPn>PL.PZGIK.200</sln:miejscIIPPn><sln:miejscIIPWersja>2016-11-24T09:29:12+02:00</sln:miejscIIPWersja><sln:miejscIdTeryt>0166918</sln:miejscIdTeryt><sln:miejscNazwa>Kochanowo</sln:miejscNazwa><sln:miejscRodzaj>Wieś</sln:miejscRodzaj><sln:powIIPId>c2d26b98-7beb-464c-b95a-f466e058aa4f</sln:powIIPId><sln:powIIPPn>PL.PZGIK.200</sln:powIIPPn><sln:powIIPWersja>2012-09-27T09:33:51+02:00</sln:powIIPWersja><sln:powIdTeryt>2215</sln:powIdTeryt><sln:powNazwa>wejherowski</sln:powNazwa><sln:waznyOd>2011-09-05T00:00:00+02:00</sln:waznyOd><sln:wojIIPId>ece93e09-0215-42f3-8067-be0649f58d46</sln:wojIIPId><sln:wojIIPPn>PL.PZGIK.200</sln:wojIIPPn><sln:wojIIPWersja>2012-09-27T13:45:13+02:00</sln:wojIIPWersja><sln:wojIdTeryt>22</sln:wojIdTeryt><sln:wojNazwa>pomorskie</sln:wojNazwa></sln:miejscowosc><sln:miejscowosc><sln:cyklZyciaDo>2015-12-28T00:00:00+01:00</sln:cyklZyciaDo><sln:cyklZyciaOd>2015-05-06T00:00:00+02:00</sln:cyklZyciaOd><sln:gmIIPId>b4646db3-4662-4a21-a9b0-e6d783cb83cc</sln:gmIIPId><sln:gmIIPPn>PL.PZGIK.200</sln:gmIIPPn><sln:gmIIPWersja>2012-09-26T22:46:31+02:00</sln:gmIIPWersja><sln:gmIdTeryt>2215072</sln:gmIdTeryt><sln:gmNazwa>Luzino</sln:gmNazwa><sln:miejscIIPId>466af3ae-a8e2-4df5-ae0a-cfba20bbc5e4</sln:miejscIIPId><sln:miejscIIPPn>PL.PZGIK.200</sln:miejscIIPPn><sln:miejscIIPWersja>2016-11-24T09:29:14+02:00</sln:miejscIIPWersja><sln:miejscIdTeryt>0166930</sln:miejscIdTeryt><sln:miejscNazwa>Luzino</sln:miejscNazwa><sln:miejscRodzaj>Wieś</sln:miejscRodzaj><sln:powIIPId>c2d26b98-7beb-464c-b95a-f466e058aa4f</sln:powIIPId><sln:powIIPPn>PL.PZGIK.200</sln:powIIPPn><sln:powIIPWersja>2012-09-27T09:33:51+02:00</sln:powIIPWersja><sln:powIdTeryt>2215</sln:powIdTeryt><sln:powNazwa>wejherowski</sln:powNazwa><sln:waznyOd>2011-08-31T00:00:00+02:00</sln:waznyOd><sln:wojIIPId>ece93e09-0215-42f3-8067-be0649f58d46</sln:wojIIPId><sln:wojIIPPn>PL.PZGIK.200</sln:wojIIPPn><sln:wojIIPWersja>2012-09-27T13:45:13+02:00</sln:wojIIPWersja><sln:wojIdTeryt>22</sln:wojIdTeryt><sln:wojNazwa>pomorskie</sln:wojNazwa></sln:miejscowosc><sln:miejscowosc><sln:cyklZyciaDo>2015-12-28T00:00:00+01:00</sln:cyklZyciaDo><sln:cyklZyciaOd>2015-05-06T00:00:00+02:00</sln:cyklZyciaOd><sln:gmIIPId>b4646db3-4662-4a21-a9b0-e6d783cb83cc</sln:gmIIPId><sln:gmIIPPn>PL.PZGIK.200</sln:gmIIPPn><sln:gmIIPWersja>2012-09-26T22:46:31+02:00</sln:gmIIPWersja><sln:gmIdTeryt>2215072</sln:gmIdTeryt><sln:gmNazwa>Luzino</sln:gmNazwa><sln:miejscIIPId>b9e22a75-4a4c-4b61-a5be-5aebce45910a</sln:miejscIIPId><sln:miejscIIPPn>PL.PZGIK.200</sln:miejscIIPPn><sln:miejscIIPWersja>2016-11-24T09:29:17+02:00</sln:miejscIIPWersja><sln:miejscIdTeryt>0166947</sln:miejscIdTeryt><sln:miejscNazwa>Milwino</sln:miejscNazwa><sln:miejscRodzaj>Wieś</sln:miejscRodzaj><sln:powIIPId>c2d26b98-7beb-464c-b95a-f466e058aa4f</sln:powIIPId><sln:powIIPPn>PL.PZGIK.200</sln:powIIPPn><sln:powIIPWersja>2012-09-27T09:33:51+02:00</sln:powIIPWersja><sln:powIdTeryt>2215</sln:powIdTeryt><sln:powNazwa>wejherowski</sln:powNazwa><sln:waznyOd>2011-08-31T00:00:00+02:00</sln:waznyOd><sln:wojIIPId>ece93e09-0215-42f3-8067-be0649f58d46</sln:wojIIPId><sln:wojIIPPn>PL.PZGIK.200</sln:wojIIPPn><sln:wojIIPWersja>2012-09-27T13:45:13+02:00</sln:wojIIPWersja><sln:wojIdTeryt>22</sln:wojIdTeryt><sln:wojNazwa>pomorskie</sln:wojNazwa></sln:miejscowosc><sln:miejscowosc><sln:cyklZyciaDo>2015-12-28T00:00:00+01:00</sln:cyklZyciaDo><sln:cyklZyciaOd>2015-05-06T00:00:00+02:00</sln:cyklZyciaOd><sln:gmIIPId>b4646db3-4662-4a21-a9b0-e6d783cb83cc</sln:gmIIPId><sln:gmIIPPn>PL.PZGIK.200</sln:gmIIPPn><sln:gmIIPWersja>2012-09-26T22:46:31+02:00</sln:gmIIPWersja><sln:gmIdTeryt>2215072</sln:gmIdTeryt><sln:gmNazwa>Luzino</sln:gmNazwa><sln:miejscIIPId>c6175689-8898-4a0e-8502-eb51c87f4cbe</sln:miejscIIPId><sln:miejscIIPPn>PL.PZGIK.200</sln:miejscIIPPn><sln:miejscIIPWersja>2016-11-24T09:29:19+02:00</sln:miejscIIPWersja><sln:miejscIdTeryt>0166960</sln:miejscIdTeryt><sln:miejscNazwa>Robakowo</sln:miejscNazwa><sln:miejscRodzaj>Wieś</sln:miejscRodzaj><sln:powIIPId>c2d26b98-7beb-464c-b95a-f466e058aa4f</sln:powIIPId><sln:powIIPPn>PL.PZGIK.200</sln:powIIPPn><sln:powIIPWersja>2012-09-27T09:33:51+02:00</sln:powIIPWersja><sln:powIdTeryt>2215</sln:powIdTeryt><sln:powNazwa>wejherowski</sln:powNazwa><sln:waznyOd>2011-08-31T00:00:00+02:00</sln:waznyOd><sln:wojIIPId>ece93e09-0215-42f3-8067-be0649f58d46</sln:wojIIPId><sln:wojIIPPn>PL.PZGIK.200</sln:wojIIPPn><sln:wojIIPWersja>2012-09-27T13:45:13+02:00</sln:wojIIPWersja><sln:wojIdTeryt>22</sln:wojIdTeryt><sln:wojNazwa>pomorskie</sln:wojNazwa></sln:miejscowosc><sln:miejscowosc><sln:cyklZyciaDo>2015-12-28T00:00:00+01:00</sln:cyklZyciaDo><sln:cyklZyciaOd>2015-05-06T00:00:00+02:00</sln:cyklZyciaOd><sln:gmIIPId>b4646db3-4662-4a21-a9b0-e6d783cb83cc</sln:gmIIPId><sln:gmIIPPn>PL.PZGIK.200</sln:gmIIPPn><sln:gmIIPWersja>2012-09-26T22:46:31+02:00</sln:gmIIPWersja><sln:gmIdTeryt>2215072</sln:gmIdTeryt><sln:gmNazwa>Luzino</sln:gmNazwa><sln:miejscIIPId>e8cf5059-da05-4e49-808d-314603847c53</sln:miejscIIPId><sln:miejscIIPPn>PL.PZGIK.200</sln:miejscIIPPn><sln:miejscIIPWersja>2016-11-24T09:29:21+02:00</sln:miejscIIPWersja><sln:miejscIdTeryt>0166982</sln:miejscIdTeryt><sln:miejscNazwa>Sychowo</sln:miejscNazwa><sln:miejscRodzaj>Wieś</sln:miejscRodzaj><sln:powIIPId>c2d26b98-7beb-464c-b95a-f466e058aa4f</sln:powIIPId><sln:powIIPPn>PL.PZGIK.200</sln:powIIPPn><sln:powIIPWersja>2012-09-27T09:33:51+02:00</sln:powIIPWersja><sln:powIdTeryt>2215</sln:powIdTeryt><sln:powNazwa>wejherowski</sln:powNazwa><sln:waznyOd>2011-12-07T00:00:00+01:00</sln:waznyOd><sln:wojIIPId>ece93e09-0215-42f3-8067-be0649f58d46</sln:wojIIPId><sln:wojIIPPn>PL.PZGIK.200</sln:wojIIPPn><sln:wojIIPWersja>2012-09-27T13:45:13+02:00</sln:wojIIPWersja><sln:wojIdTeryt>22</sln:wojIdTeryt><sln:wojNazwa>pomorskie</sln:wojNazwa></sln:miejscowosc><sln:miejscowosc><sln:cyklZyciaDo>2015-12-28T00:00:00+01:00</sln:cyklZyciaDo><sln:cyklZyciaOd>2015-05-06T00:00:00+02:00</sln:cyklZyciaOd><sln:gmIIPId>b4646db3-4662-4a21-a9b0-e6d783cb83cc</sln:gmIIPId><sln:gmIIPPn>PL.PZGIK.200</sln:gmIIPPn><sln:gmIIPWersja>2012-09-26T22:46:31+02:00</sln:gmIIPWersja><sln:gmIdTeryt>2215072</sln:gmIdTeryt><sln:gmNazwa>Luzino</sln:gmNazwa><sln:miejscIIPId>b3121cfe-626d-4389-a914-4bf571c9f514</sln:miejscIIPId><sln:miejscIIPPn>PL.PZGIK.200</sln:miejscIIPPn><sln:miejscIIPWersja>2016-11-24T09:29:23+02:00</sln:miejscIIPWersja><sln:miejscIdTeryt>0166999</sln:miejscIdTeryt><sln:miejscNazwa>Tępcz</sln:miejscNazwa><sln:miejscRodzaj>Wieś</sln:miejscRodzaj><sln:powIIPId>c2d26b98-7beb-464c-b95a-f466e058aa4f</sln:powIIPId><sln:powIIPPn>PL.PZGIK.200</sln:powIIPPn><sln:powIIPWersja>2012-09-27T09:33:51+02:00</sln:powIIPWersja><sln:powIdTeryt>2215</sln:powIdTeryt><sln:powNazwa>wejherowski</sln:powNazwa><sln:waznyOd>2011-08-31T00:00:00+02:00</sln:waznyOd><sln:wojIIPId>ece93e09-0215-42f3-8067-be0649f58d46</sln:wojIIPId><sln:wojIIPPn>PL.PZGIK.200</sln:wojIIPPn><sln:wojIIPWersja>2012-09-27T13:45:13+02:00</sln:wojIIPWersja><sln:wojIdTeryt>22</sln:wojIdTeryt><sln:wojNazwa>pomorskie</sln:wojNazwa></sln:miejscowosc><sln:miejscowosc><sln:cyklZyciaDo>2015-12-28T00:00:00+01:00</sln:cyklZyciaDo><sln:cyklZyciaOd>2015-05-06T00:00:00+02:00</sln:cyklZyciaOd><sln:gmIIPId>b4646db3-4662-4a21-a9b0-e6d783cb83cc</sln:gmIIPId><sln:gmIIPPn>PL.PZGIK.200</sln:gmIIPPn><sln:gmIIPWersja>2012-09-26T22:46:31+02:00</sln:gmIIPWersja><sln:gmIdTeryt>2215072</sln:gmIdTeryt><sln:gmNazwa>Luzino</sln:gmNazwa><sln:miejscIIPId>4835dc1c-a0ac-431c-8444-3fa1450aec49</sln:miejscIIPId><sln:miejscIIPPn>PL.PZGIK.200</sln:miejscIIPPn><sln:miejscIIPWersja>2016-11-24T09:29:25+02:00</sln:miejscIIPWersja><sln:miejscIdTeryt>0167020</sln:miejscIdTeryt><sln:miejscNazwa>Wyszecino</sln:miejscNazwa><sln:miejscRodzaj>Wieś</sln:miejscRodzaj><sln:powIIPId>c2d26b98-7beb-464c-b95a-f466e058aa4f</sln:powIIPId><sln:powIIPPn>PL.PZGIK.200</sln:powIIPPn><sln:powIIPWersja>2012-09-27T09:33:51+02:00</sln:powIIPWersja><sln:powIdTeryt>2215</sln:powIdTeryt><sln:powNazwa>wejherowski</sln:powNazwa><sln:waznyOd>2011-08-31T00:00:00+02:00</sln:waznyOd><sln:wojIIPId>ece93e09-0215-42f3-8067-be0649f58d46</sln:wojIIPId><sln:wojIIPPn>PL.PZGIK.200</sln:wojIIPPn><sln:wojIIPWersja>2012-09-27T13:45:13+02:00</sln:wojIIPWersja><sln:wojIdTeryt>22</sln:wojIdTeryt><sln:wojNazwa>pomorskie</sln:wojNazwa></sln:miejscowosc><sln:miejscowosc><sln:cyklZyciaDo>2015-12-28T00:00:00+01:00</sln:cyklZyciaDo><sln:cyklZyciaOd>2015-05-06T00:00:00+02:00</sln:cyklZyciaOd><sln:gmIIPId>b4646db3-4662-4a21-a9b0-e6d783cb83cc</sln:gmIIPId><sln:gmIIPPn>PL.PZGIK.200</sln:gmIIPPn><sln:gmIIPWersja>2012-09-26T22:46:31+02:00</sln:gmIIPWersja><sln:gmIdTeryt>2215072</sln:gmIdTeryt><sln:gmNazwa>Luzino</sln:gmNazwa><sln:miejscIIPId>98a0a77c-9ba4-42bf-8b6e-fe1d37c7e927</sln:miejscIIPId><sln:miejscIIPPn>PL.PZGIK.200</sln:miejscIIPPn><sln:miejscIIPWersja>2016-11-24T09:29:27+02:00</sln:miejscIIPWersja><sln:miejscIdTeryt>0167059</sln:miejscIdTeryt><sln:miejscNazwa>Zelewo</sln:miejscNazwa><sln:miejscRodzaj>Wieś</sln:miejscRodzaj><sln:powIIPId>c2d26b98-7beb-464c-b95a-f466e058aa4f</sln:powIIPId><sln:powIIPPn>PL.PZGIK.200</sln:powIIPPn><sln:powIIPWersja>2012-09-27T09:33:51+02:00</sln:powIIPWersja><sln:powIdTeryt>2215</sln:powIdTeryt><sln:powNazwa>wejherowski</sln:powNazwa><sln:waznyOd>2011-08-31T00:00:00+02:00</sln:waznyOd><sln:wojIIPId>ece93e09-0215-42f3-8067-be0649f58d46</sln:wojIIPId><sln:wojIIPPn>PL.PZGIK.200</sln:wojIIPPn><sln:wojIIPWersja>2012-09-27T13:45:13+02:00</sln:wojIIPWersja><sln:wojIdTeryt>22</sln:wojIdTeryt><sln:wojNazwa>pomorskie</sln:wojNazwa></sln:miejscowosc><sln:miejscowosc><sln:cyklZyciaDo>2015-12-28T00:00:00+01:00</sln:cyklZyciaDo><sln:cyklZyciaOd>2015-05-06T00:00:00+02:00</sln:cyklZyciaOd><sln:gmIIPId>b4646db3-4662-4a21-a9b0-e6d783cb83cc</sln:gmIIPId><sln:gmIIPPn>PL.PZGIK.200</sln:gmIIPPn><sln:gmIIPWersja>2012-09-26T22:46:31+02:00</sln:gmIIPWersja><sln:gmIdTeryt>2215072</sln:gmIdTeryt><sln:gmNazwa>Luzino</sln:gmNazwa><sln:miejscIIPId>90423583-7833-423a-8950-55c2b633505f</sln:miejscIIPId><sln:miejscIIPPn>PL.PZGIK.200</sln:miejscIIPPn><sln:miejscIIPWersja>2016-11-24T09:29:29+02:00</sln:miejscIIPWersja><sln:miejscIdTeryt>0167088</sln:miejscIdTeryt><sln:miejscNazwa>Zielnowo</sln:miejscNazwa><sln:miejscRodzaj>Wieś</sln:miejscRodzaj><sln:powIIPId>c2d26b98-7beb-464c-b95a-f466e058aa4f</sln:powIIPId><sln:powIIPPn>PL.PZGIK.200</sln:powIIPPn><sln:powIIPWersja>2012-09-27T09:33:51+02:00</sln:powIIPWersja><sln:powIdTeryt>2215</sln:powIdTeryt><sln:powNazwa>wejherowski</sln:powNazwa><sln:waznyOd>2011-08-31T00:00:00+02:00</sln:waznyOd><sln:wojIIPId>ece93e09-0215-42f3-8067-be0649f58d46</sln:wojIIPId><sln:wojIIPPn>PL.PZGIK.200</sln:wojIIPPn><sln:wojIIPWersja>2012-09-27T13:45:13+02:00</sln:wojIIPWersja><sln:wojIdTeryt>22</sln:wojIdTeryt><sln:wojNazwa>pomorskie</sln:wojNazwa></sln:miejscowosc><sln:miejscowosc><sln:cyklZyciaDo>2016-01-08T00:00:00+01:00</sln:cyklZyciaDo><sln:cyklZyciaOd>2015-12-28T00:00:00+01:00</sln:cyklZyciaOd><sln:gmIIPId>b4646db3-4662-4a21-a9b0-e6d783cb83cc</sln:gmIIPId><sln:gmIIPPn>PL.PZGIK.200</sln:gmIIPPn><sln:gmIIPWersja>2012-09-26T22:46:31+02:00</sln:gmIIPWersja><sln:gmIdTeryt>2215072</sln:gmIdTeryt><sln:gmNazwa>Luzino</sln:gmNazwa><sln:miejscIIPId>21fa6eac-3376-4d79-a33b-dea1b71ae611</sln:miejscIIPId><sln:miejscIIPPn>PL.PZGIK.200</sln:miejscIIPPn><sln:miejscIIPWersja>2016-11-24T09:29:07+02:00</sln:miejscIIPWersja><sln:miejscIdTeryt>0166835</sln:miejscIdTeryt><sln:miejscNazwa>Barłomino</sln:miejscNazwa><sln:miejscRodzaj>Wieś</sln:miejscRodzaj><sln:powIIPId>c2d26b98-7beb-464c-b95a-f466e058aa4f</sln:powIIPId><sln:powIIPPn>PL.PZGIK.200</sln:powIIPPn><sln:powIIPWersja>2012-09-27T09:33:51+02:00</sln:powIIPWersja><sln:powIdTeryt>2215</sln:powIdTeryt><sln:powNazwa>wejherowski</sln:powNazwa><sln:waznyOd>2011-08-31T00:00:00+02:00</sln:waznyOd><sln:wojIIPId>ece93e09-0215-42f3-8067-be0649f58d46</sln:wojIIPId><sln:wojIIPPn>PL.PZGIK.200</sln:wojIIPPn><sln:wojIIPWersja>2012-09-27T13:45:13+02:00</sln:wojIIPWersja><sln:wojIdTeryt>22</sln:wojIdTeryt><sln:wojNazwa>pomorskie</sln:wojNazwa></sln:miejscowosc><sln:miejscowosc><sln:cyklZyciaDo>2016-01-08T00:00:00+01:00</sln:cyklZyciaDo><sln:cyklZyciaOd>2015-12-28T00:00:00+01:00</sln:cyklZyciaOd><sln:gmIIPId>b4646db3-4662-4a21-a9b0-e6d783cb83cc</sln:gmIIPId><sln:gmIIPPn>PL.PZGIK.200</sln:gmIIPPn><sln:gmIIPWersja>2012-09-26T22:46:31+02:00</sln:gmIIPWersja><sln:gmIdTeryt>2215072</sln:gmIdTeryt><sln:gmNazwa>Luzino</sln:gmNazwa><sln:miejscIIPId>7d0a2059-5b99-442e-af8e-3e8c04e65137</sln:miejscIIPId><sln:miejscIIPPn>PL.PZGIK.200</sln:miejscIIPPn><sln:miejscIIPWersja>2016-11-24T09:29:09+02:00</sln:miejscIIPWersja><sln:miejscIdTeryt>0166864</sln:miejscIdTeryt><sln:miejscNazwa>Dąbrówka</sln:miejscNazwa><sln:miejscRodzaj>Wieś</sln:miejscRodzaj><sln:powIIPId>c2d26b98-7beb-464c-b95a-f466e058aa4f</sln:powIIPId><sln:powIIPPn>PL.PZGIK.200</sln:powIIPPn><sln:powIIPWersja>2012-09-27T09:33:51+02:00</sln:powIIPWersja><sln:powIdTeryt>2215</sln:powIdTeryt><sln:powNazwa>wejherowski</sln:powNazwa><sln:waznyOd>2011-12-07T00:00:00+01:00</sln:waznyOd><sln:wojIIPId>ece93e09-0215-42f3-8067-be0649f58d46</sln:wojIIPId><sln:wojIIPPn>PL.PZGIK.200</sln:wojIIPPn><sln:wojIIPWersja>2012-09-27T13:45:13+02:00</sln:wojIIPWersja><sln:wojIdTeryt>22</sln:wojIdTeryt><sln:wojNazwa>pomorskie</sln:wojNazwa></sln:miejscowosc><sln:miejscowosc><sln:cyklZyciaDo>2016-01-08T00:00:00+01:00</sln:cyklZyciaDo><sln:cyklZyciaOd>2015-12-28T00:00:00+01:00</sln:cyklZyciaOd><sln:gmIIPId>b4646db3-4662-4a21-a9b0-e6d783cb83cc</sln:gmIIPId><sln:gmIIPPn>PL.PZGIK.200</sln:gmIIPPn><sln:gmIIPWersja>2012-09-26T22:46:31+02:00</sln:gmIIPWersja><sln:gmIdTeryt>2215072</sln:gmIdTeryt><sln:gmNazwa>Luzino</sln:gmNazwa><sln:miejscIIPId>4ca36461-e540-4bb2-810b-ddb10527e703</sln:miejscIIPId><sln:miejscIIPPn>PL.PZGIK.200</sln:miejscIIPPn><sln:miejscIIPWersja>2016-11-24T09:29:11+02:00</sln:miejscIIPWersja><sln:miejscIdTeryt>0166887</sln:miejscIdTeryt><sln:miejscNazwa>Kębłowo</sln:miejscNazwa><sln:miejscRodzaj>Wieś</sln:miejscRodzaj><sln:powIIPId>c2d26b98-7beb-464c-b95a-f466e058aa4f</sln:powIIPId><sln:powIIPPn>PL.PZGIK.200</sln:powIIPPn><sln:powIIPWersja>2012-09-27T09:33:51+02:00</sln:powIIPWersja><sln:powIdTeryt>2215</sln:powIdTeryt><sln:powNazwa>wejherowski</sln:powNazwa><sln:waznyOd>2011-08-31T00:00:00+02:00</sln:waznyOd><sln:wojIIPId>ece93e09-0215-42f3-8067-be0649f58d46</sln:wojIIPId><sln:wojIIPPn>PL.PZGIK.200</sln:wojIIPPn><sln:wojIIPWersja>2012-09-27T13:45:13+02:00</sln:wojIIPWersja><sln:wojIdTeryt>22</sln:wojIdTeryt><sln:wojNazwa>pomorskie</sln:wojNazwa></sln:miejscowosc><sln:miejscowosc><sln:cyklZyciaDo>2016-01-08T00:00:00+01:00</sln:cyklZyciaDo><sln:cyklZyciaOd>2015-12-28T00:00:00+01:00</sln:cyklZyciaOd><sln:gmIIPId>b4646db3-4662-4a21-a9b0-e6d783cb83cc</sln:gmIIPId><sln:gmIIPPn>PL.PZGIK.200</sln:gmIIPPn><sln:gmIIPWersja>2012-09-26T22:46:31+02:00</sln:gmIIPWersja><sln:gmIdTeryt>2215072</sln:gmIdTeryt><sln:gmNazwa>Luzino</sln:gmNazwa><sln:miejscIIPId>df7f36b2-0db1-4b46-857f-39149ec0a931</sln:miejscIIPId><sln:miejscIIPPn>PL.PZGIK.200</sln:miejscIIPPn><sln:miejscIIPWersja>2016-11-24T09:29:13+02:00</sln:miejscIIPWersja><sln:miejscIdTeryt>0166918</sln:miejscIdTeryt><sln:miejscNazwa>Kochanowo</sln:miejscNazwa><sln:miejscRodzaj>Wieś</sln:miejscRodzaj><sln:powIIPId>c2d26b98-7beb-464c-b95a-f466e058aa4f</sln:powIIPId><sln:powIIPPn>PL.PZGIK.200</sln:powIIPPn><sln:powIIPWersja>2012-09-27T09:33:51+02:00</sln:powIIPWersja><sln:powIdTeryt>2215</sln:powIdTeryt><sln:powNazwa>wejherowski</sln:powNazwa><sln:waznyOd>2011-09-05T00:00:00+02:00</sln:waznyOd><sln:wojIIPId>ece93e09-0215-42f3-8067-be0649f58d46</sln:wojIIPId><sln:wojIIPPn>PL.PZGIK.200</sln:wojIIPPn><sln:wojIIPWersja>2012-09-27T13:45:13+02:00</sln:wojIIPWersja><sln:wojIdTeryt>22</sln:wojIdTeryt><sln:wojNazwa>pomorskie</sln:wojNazwa></sln:miejscowosc><sln:miejscowosc><sln:cyklZyciaDo>2016-01-08T00:00:00+01:00</sln:cyklZyciaDo><sln:cyklZyciaOd>2015-12-28T00:00:00+01:00</sln:cyklZyciaOd><sln:gmIIPId>b4646db3-4662-4a21-a9b0-e6d783cb83cc</sln:gmIIPId><sln:gmIIPPn>PL.PZGIK.200</sln:gmIIPPn><sln:gmIIPWersja>2012-09-26T22:46:31+02:00</sln:gmIIPWersja><sln:gmIdTeryt>2215072</sln:gmIdTeryt><sln:gmNazwa>Luzino</sln:gmNazwa><sln:miejscIIPId>466af3ae-a8e2-4df5-ae0a-cfba20bbc5e4</sln:miejscIIPId><sln:miejscIIPPn>PL.PZGIK.200</sln:miejscIIPPn><sln:miejscIIPWersja>2016-11-24T09:29:15+02:00</sln:miejscIIPWersja><sln:miejscIdTeryt>0166930</sln:miejscIdTeryt><sln:miejscNazwa>Luzino</sln:miejscNazwa><sln:miejscRodzaj>Wieś</sln:miejscRodzaj><sln:powIIPId>c2d26b98-7beb-464c-b95a-f466e058aa4f</sln:powIIPId><sln:powIIPPn>PL.PZGIK.200</sln:powIIPPn><sln:powIIPWersja>2012-09-27T09:33:51+02:00</sln:powIIPWersja><sln:powIdTeryt>2215</sln:powIdTeryt><sln:powNazwa>wejherowski</sln:powNazwa><sln:waznyOd>2011-08-31T00:00:00+02:00</sln:waznyOd><sln:wojIIPId>ece93e09-0215-42f3-8067-be0649f58d46</sln:wojIIPId><sln:wojIIPPn>PL.PZGIK.200</sln:wojIIPPn><sln:wojIIPWersja>2012-09-27T13:45:13+02:00</sln:wojIIPWersja><sln:wojIdTeryt>22</sln:wojIdTeryt><sln:wojNazwa>pomorskie</sln:wojNazwa></sln:miejscowosc><sln:miejscowosc><sln:cyklZyciaDo>2016-01-08T00:00:00+01:00</sln:cyklZyciaDo><sln:cyklZyciaOd>2015-12-28T00:00:00+01:00</sln:cyklZyciaOd><sln:gmIIPId>b4646db3-4662-4a21-a9b0-e6d783cb83cc</sln:gmIIPId><sln:gmIIPPn>PL.PZGIK.200</sln:gmIIPPn><sln:gmIIPWersja>2012-09-26T22:46:31+02:00</sln:gmIIPWersja><sln:gmIdTeryt>2215072</sln:gmIdTeryt><sln:gmNazwa>Luzino</sln:gmNazwa><sln:miejscIIPId>b9e22a75-4a4c-4b61-a5be-5aebce45910a</sln:miejscIIPId><sln:miejscIIPPn>PL.PZGIK.200</sln:miejscIIPPn><sln:miejscIIPWersja>2016-11-24T09:29:18+02:00</sln:miejscIIPWersja><sln:miejscIdTeryt>0166947</sln:miejscIdTeryt><sln:miejscNazwa>Milwino</sln:miejscNazwa><sln:miejscRodzaj>Wieś</sln:miejscRodzaj><sln:powIIPId>c2d26b98-7beb-464c-b95a-f466e058aa4f</sln:powIIPId><sln:powIIPPn>PL.PZGIK.200</sln:powIIPPn><sln:powIIPWersja>2012-09-27T09:33:51+02:00</sln:powIIPWersja><sln:powIdTeryt>2215</sln:powIdTeryt><sln:powNazwa>wejherowski</sln:powNazwa><sln:waznyOd>2011-08-31T00:00:00+02:00</sln:waznyOd><sln:wojIIPId>ece93e09-0215-42f3-8067-be0649f58d46</sln:wojIIPId><sln:wojIIPPn>PL.PZGIK.200</sln:wojIIPPn><sln:wojIIPWersja>2012-09-27T13:45:13+02:00</sln:wojIIPWersja><sln:wojIdTeryt>22</sln:wojIdTeryt><sln:wojNazwa>pomorskie</sln:wojNazwa></sln:miejscowosc><sln:miejscowosc><sln:cyklZyciaDo>2016-01-08T00:00:00+01:00</sln:cyklZyciaDo><sln:cyklZyciaOd>2015-12-28T00:00:00+01:00</sln:cyklZyciaOd><sln:gmIIPId>b4646db3-4662-4a21-a9b0-e6d783cb83cc</sln:gmIIPId><sln:gmIIPPn>PL.PZGIK.200</sln:gmIIPPn><sln:gmIIPWersja>2012-09-26T22:46:31+02:00</sln:gmIIPWersja><sln:gmIdTeryt>2215072</sln:gmIdTeryt><sln:gmNazwa>Luzino</sln:gmNazwa><sln:miejscIIPId>c6175689-8898-4a0e-8502-eb51c87f4cbe</sln:miejscIIPId><sln:miejscIIPPn>PL.PZGIK.200</sln:miejscIIPPn><sln:miejscIIPWersja>2016-11-24T09:29:20+02:00</sln:miejscIIPWersja><sln:miejscIdTeryt>0166960</sln:miejscIdTeryt><sln:miejscNazwa>Robakowo</sln:miejscNazwa><sln:miejscRodzaj>Wieś</sln:miejscRodzaj><sln:powIIPId>c2d26b98-7beb-464c-b95a-f466e058aa4f</sln:powIIPId><sln:powIIPPn>PL.PZGIK.200</sln:powIIPPn><sln:powIIPWersja>2012-09-27T09:33:51+02:00</sln:powIIPWersja><sln:powIdTeryt>2215</sln:powIdTeryt><sln:powNazwa>wejherowski</sln:powNazwa><sln:waznyOd>2011-08-31T00:00:00+02:00</sln:waznyOd><sln:wojIIPId>ece93e09-0215-42f3-8067-be0649f58d46</sln:wojIIPId><sln:wojIIPPn>PL.PZGIK.200</sln:wojIIPPn><sln:wojIIPWersja>2012-09-27T13:45:13+02:00</sln:wojIIPWersja><sln:wojIdTeryt>22</sln:wojIdTeryt><sln:wojNazwa>pomorskie</sln:wojNazwa></sln:miejscowosc><sln:miejscowosc><sln:cyklZyciaDo>2016-01-08T00:00:00+01:00</sln:cyklZyciaDo><sln:cyklZyciaOd>2015-12-28T00:00:00+01:00</sln:cyklZyciaOd><sln:gmIIPId>b4646db3-4662-4a21-a9b0-e6d783cb83cc</sln:gmIIPId><sln:gmIIPPn>PL.PZGIK.200</sln:gmIIPPn><sln:gmIIPWersja>2012-09-26T22:46:31+02:00</sln:gmIIPWersja><sln:gmIdTeryt>2215072</sln:gmIdTeryt><sln:gmNazwa>Luzino</sln:gmNazwa><sln:miejscIIPId>e8cf5059-da05-4e49-808d-314603847c53</sln:miejscIIPId><sln:miejscIIPPn>PL.PZGIK.200</sln:miejscIIPPn><sln:miejscIIPWersja>2016-11-24T09:29:22+02:00</sln:miejscIIPWersja><sln:miejscIdTeryt>0166982</sln:miejscIdTeryt><sln:miejscNazwa>Sychowo</sln:miejscNazwa><sln:miejscRodzaj>Wieś</sln:miejscRodzaj><sln:powIIPId>c2d26b98-7beb-464c-b95a-f466e058aa4f</sln:powIIPId><sln:powIIPPn>PL.PZGIK.200</sln:powIIPPn><sln:powIIPWersja>2012-09-27T09:33:51+02:00</sln:powIIPWersja><sln:powIdTeryt>2215</sln:powIdTeryt><sln:powNazwa>wejherowski</sln:powNazwa><sln:waznyOd>2011-12-07T00:00:00+01:00</sln:waznyOd><sln:wojIIPId>ece93e09-0215-42f3-8067-be0649f58d46</sln:wojIIPId><sln:wojIIPPn>PL.PZGIK.200</sln:wojIIPPn><sln:wojIIPWersja>2012-09-27T13:45:13+02:00</sln:wojIIPWersja><sln:wojIdTeryt>22</sln:wojIdTeryt><sln:wojNazwa>pomorskie</sln:wojNazwa></sln:miejscowosc><sln:miejscowosc><sln:cyklZyciaDo>2016-01-08T00:00:00+01:00</sln:cyklZyciaDo><sln:cyklZyciaOd>2015-12-28T00:00:00+01:00</sln:cyklZyciaOd><sln:gmIIPId>b4646db3-4662-4a21-a9b0-e6d783cb83cc</sln:gmIIPId><sln:gmIIPPn>PL.PZGIK.200</sln:gmIIPPn><sln:gmIIPWersja>2012-09-26T22:46:31+02:00</sln:gmIIPWersja><sln:gmIdTeryt>2215072</sln:gmIdTeryt><sln:gmNazwa>Luzino</sln:gmNazwa><sln:miejscIIPId>b3121cfe-626d-4389-a914-4bf571c9f514</sln:miejscIIPId><sln:miejscIIPPn>PL.PZGIK.200</sln:miejscIIPPn><sln:miejscIIPWersja>2016-11-24T09:29:24+02:00</sln:miejscIIPWersja><sln:miejscIdTeryt>0166999</sln:miejscIdTeryt><sln:miejscNazwa>Tępcz</sln:miejscNazwa><sln:miejscRodzaj>Wieś</sln:miejscRodzaj><sln:powIIPId>c2d26b98-7beb-464c-b95a-f466e058aa4f</sln:powIIPId><sln:powIIPPn>PL.PZGIK.200</sln:powIIPPn><sln:powIIPWersja>2012-09-27T09:33:51+02:00</sln:powIIPWersja><sln:powIdTeryt>2215</sln:powIdTeryt><sln:powNazwa>wejherowski</sln:powNazwa><sln:waznyOd>2011-08-31T00:00:00+02:00</sln:waznyOd><sln:wojIIPId>ece93e09-0215-42f3-8067-be0649f58d46</sln:wojIIPId><sln:wojIIPPn>PL.PZGIK.200</sln:wojIIPPn><sln:wojIIPWersja>2012-09-27T13:45:13+02:00</sln:wojIIPWersja><sln:wojIdTeryt>22</sln:wojIdTeryt><sln:wojNazwa>pomorskie</sln:wojNazwa></sln:miejscowosc><sln:miejscowosc><sln:cyklZyciaDo>2016-01-08T00:00:00+01:00</sln:cyklZyciaDo><sln:cyklZyciaOd>2015-12-28T00:00:00+01:00</sln:cyklZyciaOd><sln:gmIIPId>b4646db3-4662-4a21-a9b0-e6d783cb83cc</sln:gmIIPId><sln:gmIIPPn>PL.PZGIK.200</sln:gmIIPPn><sln:gmIIPWersja>2012-09-26T22:46:31+02:00</sln:gmIIPWersja><sln:gmIdTeryt>2215072</sln:gmIdTeryt><sln:gmNazwa>Luzino</sln:gmNazwa><sln:miejscIIPId>4835dc1c-a0ac-431c-8444-3fa1450aec49</sln:miejscIIPId><sln:miejscIIPPn>PL.PZGIK.200</sln:miejscIIPPn><sln:miejscIIPWersja>2016-11-24T09:29:26+02:00</sln:miejscIIPWersja><sln:miejscIdTeryt>0167020</sln:miejscIdTeryt><sln:miejscNazwa>Wyszecino</sln:miejscNazwa><sln:miejscRodzaj>Wieś</sln:miejscRodzaj><sln:powIIPId>c2d26b98-7beb-464c-b95a-f466e058aa4f</sln:powIIPId><sln:powIIPPn>PL.PZGIK.200</sln:powIIPPn><sln:powIIPWersja>2012-09-27T09:33:51+02:00</sln:powIIPWersja><sln:powIdTeryt>2215</sln:powIdTeryt><sln:powNazwa>wejherowski</sln:powNazwa><sln:waznyOd>2011-08-31T00:00:00+02:00</sln:waznyOd><sln:wojIIPId>ece93e09-0215-42f3-8067-be0649f58d46</sln:wojIIPId><sln:wojIIPPn>PL.PZGIK.200</sln:wojIIPPn><sln:wojIIPWersja>2012-09-27T13:45:13+02:00</sln:wojIIPWersja><sln:wojIdTeryt>22</sln:wojIdTeryt><sln:wojNazwa>pomorskie</sln:wojNazwa></sln:miejscowosc><sln:miejscowosc><sln:cyklZyciaDo>2016-01-08T00:00:00+01:00</sln:cyklZyciaDo><sln:cyklZyciaOd>2015-12-28T00:00:00+01:00</sln:cyklZyciaOd><sln:gmIIPId>b4646db3-4662-4a21-a9b0-e6d783cb83cc</sln:gmIIPId><sln:gmIIPPn>PL.PZGIK.200</sln:gmIIPPn><sln:gmIIPWersja>2012-09-26T22:46:31+02:00</sln:gmIIPWersja><sln:gmIdTeryt>2215072</sln:gmIdTeryt><sln:gmNazwa>Luzino</sln:gmNazwa><sln:miejscIIPId>98a0a77c-9ba4-42bf-8b6e-fe1d37c7e927</sln:miejscIIPId><sln:miejscIIPPn>PL.PZGIK.200</sln:miejscIIPPn><sln:miejscIIPWersja>2016-11-24T09:29:28+02:00</sln:miejscIIPWersja><sln:miejscIdTeryt>0167059</sln:miejscIdTeryt><sln:miejscNazwa>Zelewo</sln:miejscNazwa><sln:miejscRodzaj>Wieś</sln:miejscRodzaj><sln:powIIPId>c2d26b98-7beb-464c-b95a-f466e058aa4f</sln:powIIPId><sln:powIIPPn>PL.PZGIK.200</sln:powIIPPn><sln:powIIPWersja>2012-09-27T09:33:51+02:00</sln:powIIPWersja><sln:powIdTeryt>2215</sln:powIdTeryt><sln:powNazwa>wejherowski</sln:powNazwa><sln:waznyOd>2011-08-31T00:00:00+02:00</sln:waznyOd><sln:wojIIPId>ece93e09-0215-42f3-8067-be0649f58d46</sln:wojIIPId><sln:wojIIPPn>PL.PZGIK.200</sln:wojIIPPn><sln:wojIIPWersja>2012-09-27T13:45:13+02:00</sln:wojIIPWersja><sln:wojIdTeryt>22</sln:wojIdTeryt><sln:wojNazwa>pomorskie</sln:wojNazwa></sln:miejscowosc><sln:miejscowosc><sln:cyklZyciaDo>2016-01-08T00:00:00+01:00</sln:cyklZyciaDo><sln:cyklZyciaOd>2015-12-28T00:00:00+01:00</sln:cyklZyciaOd><sln:gmIIPId>b4646db3-4662-4a21-a9b0-e6d783cb83cc</sln:gmIIPId><sln:gmIIPPn>PL.PZGIK.200</sln:gmIIPPn><sln:gmIIPWersja>2012-09-26T22:46:31+02:00</sln:gmIIPWersja><sln:gmIdTeryt>2215072</sln:gmIdTeryt><sln:gmNazwa>Luzino</sln:gmNazwa><sln:miejscIIPId>90423583-7833-423a-8950-55c2b633505f</sln:miejscIIPId><sln:miejscIIPPn>PL.PZGIK.200</sln:miejscIIPPn><sln:miejscIIPWersja>2016-11-24T09:29:30+02:00</sln:miejscIIPWersja><sln:miejscIdTeryt>0167088</sln:miejscIdTeryt><sln:miejscNazwa>Zielnowo</sln:miejscNazwa><sln:miejscRodzaj>Wieś</sln:miejscRodzaj><sln:powIIPId>c2d26b98-7beb-464c-b95a-f466e058aa4f</sln:powIIPId><sln:powIIPPn>PL.PZGIK.200</sln:powIIPPn><sln:powIIPWersja>2012-09-27T09:33:51+02:00</sln:powIIPWersja><sln:powIdTeryt>2215</sln:powIdTeryt><sln:powNazwa>wejherowski</sln:powNazwa><sln:waznyOd>2011-08-31T00:00:00+02:00</sln:waznyOd><sln:wojIIPId>ece93e09-0215-42f3-8067-be0649f58d46</sln:wojIIPId><sln:wojIIPPn>PL.PZGIK.200</sln:wojIIPPn><sln:wojIIPWersja>2012-09-27T13:45:13+02:00</sln:wojIIPWersja><sln:wojIdTeryt>22</sln:wojIdTeryt><sln:wojNazwa>pomorskie</sln:wojNazwa></sln:miejscowosc><sln:miejscowosc><sln:cyklZyciaOd>2017-04-05T00:00:00+02:00</sln:cyklZyciaOd><sln:gmIIPId>b4646db3-4662-4a21-a9b0-e6d783cb83cc</sln:gmIIPId><sln:gmIIPPn>PL.PZGIK.200</sln:gmIIPPn><sln:gmIIPWersja>2012-09-26T22:46:31+02:00</sln:gmIIPWersja><sln:gmIdTeryt>2215072</sln:gmIdTeryt><sln:gmNazwa>Luzino</sln:gmNazwa><sln:miejscIIPId>21fa6eac-3376-4d79-a33b-dea1b71ae611</sln:miejscIIPId><sln:miejscIIPPn>PL.PZGIK.200</sln:miejscIIPPn><sln:miejscIIPWersja>2017-04-05T13:31:01+02:00</sln:miejscIIPWersja><sln:miejscIdTeryt>0166835</sln:miejscIdTeryt><sln:miejscNazwa>Barłomino</sln:miejscNazwa><sln:miejscRodzaj>Wieś</sln:miejscRodzaj><sln:powIIPId>c2d26b98-7beb-464c-b95a-f466e058aa4f</sln:powIIPId><sln:powIIPPn>PL.PZGIK.200</sln:powIIPPn><sln:powIIPWersja>2012-09-27T09:33:51+02:00</sln:powIIPWersja><sln:powIdTeryt>2215</sln:powIdTeryt><sln:powNazwa>wejherowski</sln:powNazwa><sln:waznyOd>2011-08-31T00:00:00+02:00</sln:waznyOd><sln:wojIIPId>ece93e09-0215-42f3-8067-be0649f58d46</sln:wojIIPId><sln:wojIIPPn>PL.PZGIK.200</sln:wojIIPPn><sln:wojIIPWersja>2012-09-27T13:45:13+02:00</sln:wojIIPWersja><sln:wojIdTeryt>22</sln:wojIdTeryt><sln:wojNazwa>pomorskie</sln:wojNazwa></sln:miejscowosc><sln:miejscowosc><sln:cyklZyciaOd>2017-04-05T00:00:00+02:00</sln:cyklZyciaOd><sln:gmIIPId>b4646db3-4662-4a21-a9b0-e6d783cb83cc</sln:gmIIPId><sln:gmIIPPn>PL.PZGIK.200</sln:gmIIPPn><sln:gmIIPWersja>2012-09-26T22:46:31+02:00</sln:gmIIPWersja><sln:gmIdTeryt>2215072</sln:gmIdTeryt><sln:gmNazwa>Luzino</sln:gmNazwa><sln:miejscIIPId>7d0a2059-5b99-442e-af8e-3e8c04e65137</sln:miejscIIPId><sln:miejscIIPPn>PL.PZGIK.200</sln:miejscIIPPn><sln:miejscIIPWersja>2017-04-05T13:31:08+02:00</sln:miejscIIPWersja><sln:miejscIdTeryt>0166864</sln:miejscIdTeryt><sln:miejscNazwa>Dąbrówka</sln:miejscNazwa><sln:miejscRodzaj>Wieś</sln:miejscRodzaj><sln:powIIPId>c2d26b98-7beb-464c-b95a-f466e058aa4f</sln:powIIPId><sln:powIIPPn>PL.PZGIK.200</sln:powIIPPn><sln:powIIPWersja>2012-09-27T09:33:51+02:00</sln:powIIPWersja><sln:powIdTeryt>2215</sln:powIdTeryt><sln:powNazwa>wejherowski</sln:powNazwa><sln:waznyOd>2011-12-07T00:00:00+01:00</sln:waznyOd><sln:wojIIPId>ece93e09-0215-42f3-8067-be0649f58d46</sln:wojIIPId><sln:wojIIPPn>PL.PZGIK.200</sln:wojIIPPn><sln:wojIIPWersja>2012-09-27T13:45:13+02:00</sln:wojIIPWersja><sln:wojIdTeryt>22</sln:wojIdTeryt><sln:wojNazwa>pomorskie</sln:wojNazwa></sln:miejscowosc><sln:miejscowosc><sln:cyklZyciaDo>2017-08-22T00:00:00+02:00</sln:cyklZyciaDo><sln:cyklZyciaOd>2017-04-05T00:00:00+02:00</sln:cyklZyciaOd><sln:gmIIPId>b4646db3-4662-4a21-a9b0-e6d783cb83cc</sln:gmIIPId><sln:gmIIPPn>PL.PZGIK.200</sln:gmIIPPn><sln:gmIIPWersja>2012-09-26T22:46:31+02:00</sln:gmIIPWersja><sln:gmIdTeryt>2215072</sln:gmIdTeryt><sln:gmNazwa>Luzino</sln:gmNazwa><sln:miejscIIPId>4ca36461-e540-4bb2-810b-ddb10527e703</sln:miejscIIPId><sln:miejscIIPPn>PL.PZGIK.200</sln:miejscIIPPn><sln:miejscIIPWersja>2017-04-05T13:31:08+02:00</sln:miejscIIPWersja><sln:miejscIdTeryt>0166887</sln:miejscIdTeryt><sln:miejscNazwa>Kębłowo</sln:miejscNazwa><sln:miejscRodzaj>Wieś</sln:miejscRodzaj><sln:powIIPId>c2d26b98-7beb-464c-b95a-f466e058aa4f</sln:powIIPId><sln:powIIPPn>PL.PZGIK.200</sln:powIIPPn><sln:powIIPWersja>2012-09-27T09:33:51+02:00</sln:powIIPWersja><sln:powIdTeryt>2215</sln:powIdTeryt><sln:powNazwa>wejherowski</sln:powNazwa><sln:waznyOd>2011-08-31T00:00:00+02:00</sln:waznyOd><sln:wojIIPId>ece93e09-0215-42f3-8067-be0649f58d46</sln:wojIIPId><sln:wojIIPPn>PL.PZGIK.200</sln:wojIIPPn><sln:wojIIPWersja>2012-09-27T13:45:13+02:00</sln:wojIIPWersja><sln:wojIdTeryt>22</sln:wojIdTeryt><sln:wojNazwa>pomorskie</sln:wojNazwa></sln:miejscowosc><sln:miejscowosc><sln:cyklZyciaDo>2017-08-22T00:00:00+02:00</sln:cyklZyciaDo><sln:cyklZyciaOd>2017-04-05T00:00:00+02:00</sln:cyklZyciaOd><sln:gmIIPId>b4646db3-4662-4a21-a9b0-e6d783cb83cc</sln:gmIIPId><sln:gmIIPPn>PL.PZGIK.200</sln:gmIIPPn><sln:gmIIPWersja>2012-09-26T22:46:31+02:00</sln:gmIIPWersja><sln:gmIdTeryt>2215072</sln:gmIdTeryt><sln:gmNazwa>Luzino</sln:gmNazwa><sln:miejscIIPId>df7f36b2-0db1-4b46-857f-39149ec0a931</sln:miejscIIPId><sln:miejscIIPPn>PL.PZGIK.200</sln:miejscIIPPn><sln:miejscIIPWersja>2017-04-05T13:31:08+02:00</sln:miejscIIPWersja><sln:miejscIdTeryt>0166918</sln:miejscIdTeryt><sln:miejscNazwa>Kochanowo</sln:miejscNazwa><sln:miejscRodzaj>Wieś</sln:miejscRodzaj><sln:powIIPId>c2d26b98-7beb-464c-b95a-f466e058aa4f</sln:powIIPId><sln:powIIPPn>PL.PZGIK.200</sln:powIIPPn><sln:powIIPWersja>2012-09-27T09:33:51+02:00</sln:powIIPWersja><sln:powIdTeryt>2215</sln:powIdTeryt><sln:powNazwa>wejherowski</sln:powNazwa><sln:waznyOd>2011-09-05T00:00:00+02:00</sln:waznyOd><sln:wojIIPId>ece93e09-0215-42f3-8067-be0649f58d46</sln:wojIIPId><sln:wojIIPPn>PL.PZGIK.200</sln:wojIIPPn><sln:wojIIPWersja>2012-09-27T13:45:13+02:00</sln:wojIIPWersja><sln:wojIdTeryt>22</sln:wojIdTeryt><sln:wojNazwa>pomorskie</sln:wojNazwa></sln:miejscowosc><sln:miejscowosc><sln:cyklZyciaDo>2017-08-22T00:00:00+02:00</sln:cyklZyciaDo><sln:cyklZyciaOd>2017-04-05T00:00:00+02:00</sln:cyklZyciaOd><sln:gmIIPId>b4646db3-4662-4a21-a9b0-e6d783cb83cc</sln:gmIIPId><sln:gmIIPPn>PL.PZGIK.200</sln:gmIIPPn><sln:gmIIPWersja>2012-09-26T22:46:31+02:00</sln:gmIIPWersja><sln:gmIdTeryt>2215072</sln:gmIdTeryt><sln:gmNazwa>Luzino</sln:gmNazwa><sln:miejscIIPId>466af3ae-a8e2-4df5-ae0a-cfba20bbc5e4</sln:miejscIIPId><sln:miejscIIPPn>PL.PZGIK.200</sln:miejscIIPPn><sln:miejscIIPWersja>2017-04-05T13:31:09+02:00</sln:miejscIIPWersja><sln:miejscIdTeryt>0166930</sln:miejscIdTeryt><sln:miejscNazwa>Luzino</sln:miejscNazwa><sln:miejscRodzaj>Wieś</sln:miejscRodzaj><sln:powIIPId>c2d26b98-7beb-464c-b95a-f466e058aa4f</sln:powIIPId><sln:powIIPPn>PL.PZGIK.200</sln:powIIPPn><sln:powIIPWersja>2012-09-27T09:33:51+02:00</sln:powIIPWersja><sln:powIdTeryt>2215</sln:powIdTeryt><sln:powNazwa>wejherowski</sln:powNazwa><sln:waznyOd>2011-08-31T00:00:00+02:00</sln:waznyOd><sln:wojIIPId>ece93e09-0215-42f3-8067-be0649f58d46</sln:wojIIPId><sln:wojIIPPn>PL.PZGIK.200</sln:wojIIPPn><sln:wojIIPWersja>2012-09-27T13:45:13+02:00</sln:wojIIPWersja><sln:wojIdTeryt>22</sln:wojIdTeryt><sln:wojNazwa>pomorskie</sln:wojNazwa></sln:miejscowosc><sln:miejscowosc><sln:cyklZyciaOd>2017-04-05T00:00:00+02:00</sln:cyklZyciaOd><sln:gmIIPId>b4646db3-4662-4a21-a9b0-e6d783cb83cc</sln:gmIIPId><sln:gmIIPPn>PL.PZGIK.200</sln:gmIIPPn><sln:gmIIPWersja>2012-09-26T22:46:31+02:00</sln:gmIIPWersja><sln:gmIdTeryt>2215072</sln:gmIdTeryt><sln:gmNazwa>Luzino</sln:gmNazwa><sln:miejscIIPId>b9e22a75-4a4c-4b61-a5be-5aebce45910a</sln:miejscIIPId><sln:miejscIIPPn>PL.PZGIK.200</sln:miejscIIPPn><sln:miejscIIPWersja>2017-04-05T13:31:09+02:00</sln:miejscIIPWersja><sln:miejscIdTeryt>0166947</sln:miejscIdTeryt><sln:miejscNazwa>Milwino</sln:miejscNazwa><sln:miejscRodzaj>Wieś</sln:miejscRodzaj><sln:powIIPId>c2d26b98-7beb-464c-b95a-f466e058aa4f</sln:powIIPId><sln:powIIPPn>PL.PZGIK.200</sln:powIIPPn><sln:powIIPWersja>2012-09-27T09:33:51+02:00</sln:powIIPWersja><sln:powIdTeryt>2215</sln:powIdTeryt><sln:powNazwa>wejherowski</sln:powNazwa><sln:waznyOd>2011-08-31T00:00:00+02:00</sln:waznyOd><sln:wojIIPId>ece93e09-0215-42f3-8067-be0649f58d46</sln:wojIIPId><sln:wojIIPPn>PL.PZGIK.200</sln:wojIIPPn><sln:wojIIPWersja>2012-09-27T13:45:13+02:00</sln:wojIIPWersja><sln:wojIdTeryt>22</sln:wojIdTeryt><sln:wojNazwa>pomorskie</sln:wojNazwa></sln:miejscowosc><sln:miejscowosc><sln:cyklZyciaOd>2017-04-05T00:00:00+02:00</sln:cyklZyciaOd><sln:gmIIPId>b4646db3-4662-4a21-a9b0-e6d783cb83cc</sln:gmIIPId><sln:gmIIPPn>PL.PZGIK.200</sln:gmIIPPn><sln:gmIIPWersja>2012-09-26T22:46:31+02:00</sln:gmIIPWersja><sln:gmIdTeryt>2215072</sln:gmIdTeryt><sln:gmNazwa>Luzino</sln:gmNazwa><sln:miejscIIPId>c6175689-8898-4a0e-8502-eb51c87f4cbe</sln:miejscIIPId><sln:miejscIIPPn>PL.PZGIK.200</sln:miejscIIPPn><sln:miejscIIPWersja>2017-04-05T13:31:09+02:00</sln:miejscIIPWersja><sln:miejscIdTeryt>0166960</sln:miejscIdTeryt><sln:miejscNazwa>Robakowo</sln:miejscNazwa><sln:miejscRodzaj>Wieś</sln:miejscRodzaj><sln:powIIPId>c2d26b98-7beb-464c-b95a-f466e058aa4f</sln:powIIPId><sln:powIIPPn>PL.PZGIK.200</sln:powIIPPn><sln:powIIPWersja>2012-09-27T09:33:51+02:00</sln:powIIPWersja><sln:powIdTeryt>2215</sln:powIdTeryt><sln:powNazwa>wejherowski</sln:powNazwa><sln:waznyOd>2011-08-31T00:00:00+02:00</sln:waznyOd><sln:wojIIPId>ece93e09-0215-42f3-8067-be0649f58d46</sln:wojIIPId><sln:wojIIPPn>PL.PZGIK.200</sln:wojIIPPn><sln:wojIIPWersja>2012-09-27T13:45:13+02:00</sln:wojIIPWersja><sln:wojIdTeryt>22</sln:wojIdTeryt><sln:wojNazwa>pomorskie</sln:wojNazwa></sln:miejscowosc><sln:miejscowosc><sln:cyklZyciaOd>2017-04-05T00:00:00+02:00</sln:cyklZyciaOd><sln:gmIIPId>b4646db3-4662-4a21-a9b0-e6d783cb83cc</sln:gmIIPId><sln:gmIIPPn>PL.PZGIK.200</sln:gmIIPPn><sln:gmIIPWersja>2012-09-26T22:46:31+02:00</sln:gmIIPWersja><sln:gmIdTeryt>2215072</sln:gmIdTeryt><sln:gmNazwa>Luzino</sln:gmNazwa><sln:miejscIIPId>e8cf5059-da05-4e49-808d-314603847c53</sln:miejscIIPId><sln:miejscIIPPn>PL.PZGIK.200</sln:miejscIIPPn><sln:miejscIIPWersja>2017-04-05T13:31:09+02:00</sln:miejscIIPWersja><sln:miejscIdTeryt>0166982</sln:miejscIdTeryt><sln:miejscNazwa>Sychowo</sln:miejscNazwa><sln:miejscRodzaj>Wieś</sln:miejscRodzaj><sln:powIIPId>c2d26b98-7beb-464c-b95a-f466e058aa4f</sln:powIIPId><sln:powIIPPn>PL.PZGIK.200</sln:powIIPPn><sln:powIIPWersja>2012-09-27T09:33:51+02:00</sln:powIIPWersja><sln:powIdTeryt>2215</sln:powIdTeryt><sln:powNazwa>wejherowski</sln:powNazwa><sln:waznyOd>2011-12-07T00:00:00+01:00</sln:waznyOd><sln:wojIIPId>ece93e09-0215-42f3-8067-be0649f58d46</sln:wojIIPId><sln:wojIIPPn>PL.PZGIK.200</sln:wojIIPPn><sln:wojIIPWersja>2012-09-27T13:45:13+02:00</sln:wojIIPWersja><sln:wojIdTeryt>22</sln:wojIdTeryt><sln:wojNazwa>pomorskie</sln:wojNazwa></sln:miejscowosc><sln:miejscowosc><sln:cyklZyciaOd>2017-04-05T00:00:00+02:00</sln:cyklZyciaOd><sln:gmIIPId>b4646db3-4662-4a21-a9b0-e6d783cb83cc</sln:gmIIPId><sln:gmIIPPn>PL.PZGIK.200</sln:gmIIPPn><sln:gmIIPWersja>2012-09-26T22:46:31+02:00</sln:gmIIPWersja><sln:gmIdTeryt>2215072</sln:gmIdTeryt><sln:gmNazwa>Luzino</sln:gmNazwa><sln:miejscIIPId>b3121cfe-626d-4389-a914-4bf571c9f514</sln:miejscIIPId><sln:miejscIIPPn>PL.PZGIK.200</sln:miejscIIPPn><sln:miejscIIPWersja>2017-04-05T13:31:09+02:00</sln:miejscIIPWersja><sln:miejscIdTeryt>0166999</sln:miejscIdTeryt><sln:miejscNazwa>Tępcz</sln:miejscNazwa><sln:miejscRodzaj>Wieś</sln:miejscRodzaj><sln:powIIPId>c2d26b98-7beb-464c-b95a-f466e058aa4f</sln:powIIPId><sln:powIIPPn>PL.PZGIK.200</sln:powIIPPn><sln:powIIPWersja>2012-09-27T09:33:51+02:00</sln:powIIPWersja><sln:powIdTeryt>2215</sln:powIdTeryt><sln:powNazwa>wejherowski</sln:powNazwa><sln:waznyOd>2011-08-31T00:00:00+02:00</sln:waznyOd><sln:wojIIPId>ece93e09-0215-42f3-8067-be0649f58d46</sln:wojIIPId><sln:wojIIPPn>PL.PZGIK.200</sln:wojIIPPn><sln:wojIIPWersja>2012-09-27T13:45:13+02:00</sln:wojIIPWersja><sln:wojIdTeryt>22</sln:wojIdTeryt><sln:wojNazwa>pomorskie</sln:wojNazwa></sln:miejscowosc><sln:miejscowosc><sln:cyklZyciaOd>2017-04-05T00:00:00+02:00</sln:cyklZyciaOd><sln:gmIIPId>b4646db3-4662-4a21-a9b0-e6d783cb83cc</sln:gmIIPId><sln:gmIIPPn>PL.PZGIK.200</sln:gmIIPPn><sln:gmIIPWersja>2012-09-26T22:46:31+02:00</sln:gmIIPWersja><sln:gmIdTeryt>2215072</sln:gmIdTeryt><sln:gmNazwa>Luzino</sln:gmNazwa><sln:miejscIIPId>4835dc1c-a0ac-431c-8444-3fa1450aec49</sln:miejscIIPId><sln:miejscIIPPn>PL.PZGIK.200</sln:miejscIIPPn><sln:miejscIIPWersja>2017-04-05T13:31:09+02:00</sln:miejscIIPWersja><sln:miejscIdTeryt>0167020</sln:miejscIdTeryt><sln:miejscNazwa>Wyszecino</sln:miejscNazwa><sln:miejscRodzaj>Wieś</sln:miejscRodzaj><sln:powIIPId>c2d26b98-7beb-464c-b95a-f466e058aa4f</sln:powIIPId><sln:powIIPPn>PL.PZGIK.200</sln:powIIPPn><sln:powIIPWersja>2012-09-27T09:33:51+02:00</sln:powIIPWersja><sln:powIdTeryt>2215</sln:powIdTeryt><sln:powNazwa>wejherowski</sln:powNazwa><sln:waznyOd>2011-08-31T00:00:00+02:00</sln:waznyOd><sln:wojIIPId>ece93e09-0215-42f3-8067-be0649f58d46</sln:wojIIPId><sln:wojIIPPn>PL.PZGIK.200</sln:wojIIPPn><sln:wojIIPWersja>2012-09-27T13:45:13+02:00</sln:wojIIPWersja><sln:wojIdTeryt>22</sln:wojIdTeryt><sln:wojNazwa>pomorskie</sln:wojNazwa></sln:miejscowosc><sln:miejscowosc><sln:cyklZyciaOd>2017-04-05T00:00:00+02:00</sln:cyklZyciaOd><sln:gmIIPId>b4646db3-4662-4a21-a9b0-e6d783cb83cc</sln:gmIIPId><sln:gmIIPPn>PL.PZGIK.200</sln:gmIIPPn><sln:gmIIPWersja>2012-09-26T22:46:31+02:00</sln:gmIIPWersja><sln:gmIdTeryt>2215072</sln:gmIdTeryt><sln:gmNazwa>Luzino</sln:gmNazwa><sln:miejscIIPId>98a0a77c-9ba4-42bf-8b6e-fe1d37c7e927</sln:miejscIIPId><sln:miejscIIPPn>PL.PZGIK.200</sln:miejscIIPPn><sln:miejscIIPWersja>2017-04-05T13:31:09+02:00</sln:miejscIIPWersja><sln:miejscIdTeryt>0167059</sln:miejscIdTeryt><sln:miejscNazwa>Zelewo</sln:miejscNazwa><sln:miejscRodzaj>Wieś</sln:miejscRodzaj><sln:powIIPId>c2d26b98-7beb-464c-b95a-f466e058aa4f</sln:powIIPId><sln:powIIPPn>PL.PZGIK.200</sln:powIIPPn><sln:powIIPWersja>2012-09-27T09:33:51+02:00</sln:powIIPWersja><sln:powIdTeryt>2215</sln:powIdTeryt><sln:powNazwa>wejherowski</sln:powNazwa><sln:waznyOd>2011-08-31T00:00:00+02:00</sln:waznyOd><sln:wojIIPId>ece93e09-0215-42f3-8067-be0649f58d46</sln:wojIIPId><sln:wojIIPPn>PL.PZGIK.200</sln:wojIIPPn><sln:wojIIPWersja>2012-09-27T13:45:13+02:00</sln:wojIIPWersja><sln:wojIdTeryt>22</sln:wojIdTeryt><sln:wojNazwa>pomorskie</sln:wojNazwa></sln:miejscowosc><sln:miejscowosc><sln:cyklZyciaOd>2017-04-05T00:00:00+02:00</sln:cyklZyciaOd><sln:gmIIPId>b4646db3-4662-4a21-a9b0-e6d783cb83cc</sln:gmIIPId><sln:gmIIPPn>PL.PZGIK.200</sln:gmIIPPn><sln:gmIIPWersja>2012-09-26T22:46:31+02:00</sln:gmIIPWersja><sln:gmIdTeryt>2215072</sln:gmIdTeryt><sln:gmNazwa>Luzino</sln:gmNazwa><sln:miejscIIPId>90423583-7833-423a-8950-55c2b633505f</sln:miejscIIPId><sln:miejscIIPPn>PL.PZGIK.200</sln:miejscIIPPn><sln:miejscIIPWersja>2017-04-05T13:31:09+02:00</sln:miejscIIPWersja><sln:miejscIdTeryt>0167088</sln:miejscIdTeryt><sln:miejscNazwa>Zielnowo</sln:miejscNazwa><sln:miejscRodzaj>Wieś</sln:miejscRodzaj><sln:powIIPId>c2d26b98-7beb-464c-b95a-f466e058aa4f</sln:powIIPId><sln:powIIPPn>PL.PZGIK.200</sln:powIIPPn><sln:powIIPWersja>2012-09-27T09:33:51+02:00</sln:powIIPWersja><sln:powIdTeryt>2215</sln:powIdTeryt><sln:powNazwa>wejherowski</sln:powNazwa><sln:waznyOd>2011-08-31T00:00:00+02:00</sln:waznyOd><sln:wojIIPId>ece93e09-0215-42f3-8067-be0649f58d46</sln:wojIIPId><sln:wojIIPPn>PL.PZGIK.200</sln:wojIIPPn><sln:wojIIPWersja>2012-09-27T13:45:13+02:00</sln:wojIIPWersja><sln:wojIdTeryt>22</sln:wojIdTeryt><sln:wojNazwa>pomorskie</sln:wojNazwa></sln:miejscowosc><sln:miejscowosc><sln:cyklZyciaOd>2017-08-22T00:00:00+02:00</sln:cyklZyciaOd><sln:gmIIPId>b4646db3-4662-4a21-a9b0-e6d783cb83cc</sln:gmIIPId><sln:gmIIPPn>PL.PZGIK.200</sln:gmIIPPn><sln:gmIIPWersja>2012-09-26T22:46:31+02:00</sln:gmIIPWersja><sln:gmIdTeryt>2215072</sln:gmIdTeryt><sln:gmNazwa>Luzino</sln:gmNazwa><sln:miejscIIPId>4ca36461-e540-4bb2-810b-ddb10527e703</sln:miejscIIPId><sln:miejscIIPPn>PL.PZGIK.200</sln:miejscIIPPn><sln:miejscIIPWersja>2017-08-22T15:52:00+02:00</sln:miejscIIPWersja><sln:miejscIdTeryt>0166887</sln:miejscIdTeryt><sln:miejscNazwa>Kębłowo</sln:miejscNazwa><sln:miejscRodzaj>Wieś</sln:miejscRodzaj><sln:powIIPId>c2d26b98-7beb-464c-b95a-f466e058aa4f</sln:powIIPId><sln:powIIPPn>PL.PZGIK.200</sln:powIIPPn><sln:powIIPWersja>2012-09-27T09:33:51+02:00</sln:powIIPWersja><sln:powIdTeryt>2215</sln:powIdTeryt><sln:powNazwa>wejherowski</sln:powNazwa><sln:waznyOd>2017-08-07T00:00:00+02:00</sln:waznyOd><sln:wojIIPId>ece93e09-0215-42f3-8067-be0649f58d46</sln:wojIIPId><sln:wojIIPPn>PL.PZGIK.200</sln:wojIIPPn><sln:wojIIPWersja>2012-09-27T13:45:13+02:00</sln:wojIIPWersja><sln:wojIdTeryt>22</sln:wojIdTeryt><sln:wojNazwa>pomorskie</sln:wojNazwa></sln:miejscowosc><sln:miejscowosc><sln:cyklZyciaOd>2017-08-22T00:00:00+02:00</sln:cyklZyciaOd><sln:gmIIPId>b4646db3-4662-4a21-a9b0-e6d783cb83cc</sln:gmIIPId><sln:gmIIPPn>PL.PZGIK.200</sln:gmIIPPn><sln:gmIIPWersja>2012-09-26T22:46:31+02:00</sln:gmIIPWersja><sln:gmIdTeryt>2215072</sln:gmIdTeryt><sln:gmNazwa>Luzino</sln:gmNazwa><sln:miejscIIPId>df7f36b2-0db1-4b46-857f-39149ec0a931</sln:miejscIIPId><sln:miejscIIPPn>PL.PZGIK.200</sln:miejscIIPPn><sln:miejscIIPWersja>2017-08-22T15:52:05+02:00</sln:miejscIIPWersja><sln:miejscIdTeryt>0166918</sln:miejscIdTeryt><sln:miejscNazwa>Kochanowo</sln:miejscNazwa><sln:miejscRodzaj>Wieś</sln:miejscRodzaj><sln:powIIPId>c2d26b98-7beb-464c-b95a-f466e058aa4f</sln:powIIPId><sln:powIIPPn>PL.PZGIK.200</sln:powIIPPn><sln:powIIPWersja>2012-09-27T09:33:51+02:00</sln:powIIPWersja><sln:powIdTeryt>2215</sln:powIdTeryt><sln:powNazwa>wejherowski</sln:powNazwa><sln:waznyOd>2017-08-07T00:00:00+02:00</sln:waznyOd><sln:wojIIPId>ece93e09-0215-42f3-8067-be0649f58d46</sln:wojIIPId><sln:wojIIPPn>PL.PZGIK.200</sln:wojIIPPn><sln:wojIIPWersja>2012-09-27T13:45:13+02:00</sln:wojIIPWersja><sln:wojIdTeryt>22</sln:wojIdTeryt><sln:wojNazwa>pomorskie</sln:wojNazwa></sln:miejscowosc><sln:miejscowosc><sln:cyklZyciaOd>2017-08-22T00:00:00+02:00</sln:cyklZyciaOd><sln:gmIIPId>b4646db3-4662-4a21-a9b0-e6d783cb83cc</sln:gmIIPId><sln:gmIIPPn>PL.PZGIK.200</sln:gmIIPPn><sln:gmIIPWersja>2012-09-26T22:46:31+02:00</sln:gmIIPWersja><sln:gmIdTeryt>2215072</sln:gmIdTeryt><sln:gmNazwa>Luzino</sln:gmNazwa><sln:miejscIIPId>466af3ae-a8e2-4df5-ae0a-cfba20bbc5e4</sln:miejscIIPId><sln:miejscIIPPn>PL.PZGIK.200</sln:miejscIIPPn><sln:miejscIIPWersja>2017-08-22T15:52:05+02:00</sln:miejscIIPWersja><sln:miejscIdTeryt>0166930</sln:miejscIdTeryt><sln:miejscNazwa>Luzino</sln:miejscNazwa><sln:miejscRodzaj>Wieś</sln:miejscRodzaj><sln:powIIPId>c2d26b98-7beb-464c-b95a-f466e058aa4f</sln:powIIPId><sln:powIIPPn>PL.PZGIK.200</sln:powIIPPn><sln:powIIPWersja>2012-09-27T09:33:51+02:00</sln:powIIPWersja><sln:powIdTeryt>2215</sln:powIdTeryt><sln:powNazwa>wejherowski</sln:powNazwa><sln:waznyOd>2017-08-07T00:00:00+02:00</sln:waznyOd><sln:wojIIPId>ece93e09-0215-42f3-8067-be0649f58d46</sln:wojIIPId><sln:wojIIPPn>PL.PZGIK.200</sln:wojIIPPn><sln:wojIIPWersja>2012-09-27T13:45:13+02:00</sln:wojIIPWersja><sln:wojIdTeryt>22</sln:wojIdTeryt><sln:wojNazwa>pomorskie</sln:wojNazwa></sln:miejscowosc></sln:lista-miejscowosci>