<?xml version="1.0" encoding="UTF-8" standalone="yes"?><sln:lista-miejscowosci xmlns:srv="http://gugik.gov.pl/schemas/slowniki-service/1.0" xmlns:sln="http://gugik.gov.pl/schemas/slowniki-schema/1.0"><sln:miejscowosc><sln:cyklZyciaDo>2017-04-25T00:00:00+02:00</sln:cyklZyciaDo><sln:cyklZyciaOd>2016-04-18T00:00:00+02:00</sln:cyklZyciaOd><sln:gmIIPId>eedac8c9-2964-4913-b175-c19295f55ec4</sln:gmIIPId><sln:gmIIPPn>PL.PZGIK.200</sln:gmIIPPn><sln:gmIIPWersja>2012-09-26T22:46:16+02:00</sln:gmIIPWersja><sln:gmIdTeryt>2263011</sln:gmIdTeryt><sln:gmNazwa>Słupsk</sln:gmNazwa><sln:miejscIIPId>2d05701e-38b0-407c-8683-a8aa24ec131a</sln:miejscIIPId><sln:miejscIIPPn>PL.PZGIK.200</sln:miejscIIPPn><sln:miejscIIPWersja>2016-11-24T14:10:29+02:00</sln:miejscIIPWersja><sln:miejscNazwa>Słupsk</sln:miejscNazwa><sln:miejscRodzaj>Miasto</sln:miejscRodzaj><sln:powIIPId>7a6a2d74-044e-4120-b966-dee790e1f135</sln:powIIPId><sln:powIIPPn>PL.PZGIK.200</sln:powIIPPn><sln:powIIPWersja>2012-09-27T09:33:51+02:00</sln:powIIPWersja><sln:powIdTeryt>2263</sln:powIdTeryt><sln:powNazwa>Słupsk</sln:powNazwa><sln:wojIIPId>ece93e09-0215-42f3-8067-be0649f58d46</sln:wojIIPId><sln:wojIIPPn>PL.PZGIK.200</sln:wojIIPPn><sln:wojIIPWersja>2012-09-27T13:45:13+02:00</sln:wojIIPWersja><sln:wojIdTeryt>22</sln:wojIdTeryt><sln:wojNazwa>pomorskie</sln:wojNazwa></sln:miejscowosc><sln:miejscowosc><sln:cyklZyciaDo>2016-04-18T00:00:00+02:00</sln:cyklZyciaDo><sln:cyklZyciaOd>2016-02-05T00:00:00+01:00</sln:cyklZyciaOd><sln:gmIIPId>eedac8c9-2964-4913-b175-c19295f55ec4</sln:gmIIPId><sln:gmIIPPn>PL.PZGIK.200</sln:gmIIPPn><sln:gmIIPWersja>2012-09-26T22:46:16+02:00</sln:gmIIPWersja><sln:gmIdTeryt>2263011</sln:gmIdTeryt><sln:gmNazwa>Słupsk</sln:gmNazwa><sln:miejscIIPId>2d05701e-38b0-407c-8683-a8aa24ec131a</sln:miejscIIPId><sln:miejscIIPPn>PL.PZGIK.200</sln:miejscIIPPn><sln:miejscIIPWersja>2016-11-24T14:10:30+02:00</sln:miejscIIPWersja><sln:miejscNazwa>Słupsk</sln:miejscNazwa><sln:miejscRodzaj>Inny obiekt</sln:miejscRodzaj><sln:powIIPId>7a6a2d74-044e-4120-b966-dee790e1f135</sln:powIIPId><sln:powIIPPn>PL.PZGIK.200</sln:powIIPPn><sln:powIIPWersja>2012-09-27T09:33:51+02:00</sln:powIIPWersja><sln:powIdTeryt>2263</sln:powIdTeryt><sln:powNazwa>Słupsk</sln:powNazwa><sln:wojIIPId>ece93e09-0215-42f3-8067-be0649f58d46</sln:wojIIPId><sln:wojIIPPn>PL.PZGIK.200</sln:wojIIPPn><sln:wojIIPWersja>2012-09-27T13:45:13+02:00</sln:wojIIPWersja><sln:wojIdTeryt>22</sln:wojIdTeryt><sln:wojNazwa>pomorskie</sln:wojNazwa></sln:miejscowosc><sln:miejscowosc><sln:cyklZyciaDo>2017-07-31T00:00:00+02:00</sln:cyklZyciaDo><sln:cyklZyciaOd>2017-04-25T00:00:00+02:00</sln:cyklZyciaOd><sln:gmIIPId>eedac8c9-2964-4913-b175-c19295f55ec4</sln:gmIIPId><sln:gmIIPPn>PL.PZGIK.200</sln:gmIIPPn><sln:gmIIPWersja>2012-09-26T22:46:16+02:00</sln:gmIIPWersja><sln:gmIdTeryt>2263011</sln:gmIdTeryt><sln:gmNazwa>Słupsk</sln:gmNazwa><sln:miejscIIPId>2d05701e-38b0-407c-8683-a8aa24ec131a</sln:miejscIIPId><sln:miejscIIPPn>PL.PZGIK.200</sln:miejscIIPPn><sln:miejscIIPWersja>2017-04-25T15:11:42+02:00</sln:miejscIIPWersja><sln:miejscIdTeryt>2263011</sln:miejscIdTeryt><sln:miejscNazwa>Słupsk</sln:miejscNazwa><sln:miejscRodzaj>Miasto</sln:miejscRodzaj><sln:powIIPId>7a6a2d74-044e-4120-b966-dee790e1f135</sln:powIIPId><sln:powIIPPn>PL.PZGIK.200</sln:powIIPPn><sln:powIIPWersja>2012-09-27T09:33:51+02:00</sln:powIIPWersja><sln:powIdTeryt>2263</sln:powIdTeryt><sln:powNazwa>Słupsk</sln:powNazwa><sln:wojIIPId>ece93e09-0215-42f3-8067-be0649f58d46</sln:wojIIPId><sln:wojIIPPn>PL.PZGIK.200</sln:wojIIPPn><sln:wojIIPWersja>2012-09-27T13:45:13+02:00</sln:wojIIPWersja><sln:wojIdTeryt>22</sln:wojIdTeryt><sln:wojNazwa>pomorskie</sln:wojNazwa></sln:miejscowosc><sln:miejscowosc><sln:cyklZyciaDo>2017-11-09T00:00:00+01:00</sln:cyklZyciaDo><sln:cyklZyciaOd>2017-07-31T00:00:00+02:00</sln:cyklZyciaOd><sln:gmIIPId>eedac8c9-2964-4913-b175-c19295f55ec4</sln:gmIIPId><sln:gmIIPPn>PL.PZGIK.200</sln:gmIIPPn><sln:gmIIPWersja>2012-09-26T22:46:16+02:00</sln:gmIIPWersja><sln:gmIdTeryt>2263011</sln:gmIdTeryt><sln:gmNazwa>Słupsk</sln:gmNazwa><sln:miejscIIPId>2d05701e-38b0-407c-8683-a8aa24ec131a</sln:miejscIIPId><sln:miejscIIPPn>PL.PZGIK.200</sln:miejscIIPPn><sln:miejscIIPWersja>2017-07-31T09:00:04+02:00</sln:miejscIIPWersja><sln:miejscIdTeryt>0977278</sln:miejscIdTeryt><sln:miejscNazwa>Słupsk</sln:miejscNazwa><sln:miejscRodzaj>Miasto</sln:miejscRodzaj><sln:powIIPId>7a6a2d74-044e-4120-b966-dee790e1f135</sln:powIIPId><sln:powIIPPn>PL.PZGIK.200</sln:powIIPPn><sln:powIIPWersja>2012-09-27T09:33:51+02:00</sln:powIIPWersja><sln:powIdTeryt>2263</sln:powIdTeryt><sln:powNazwa>Słupsk</sln:powNazwa><sln:wojIIPId>ece93e09-0215-42f3-8067-be0649f58d46</sln:wojIIPId><sln:wojIIPPn>PL.PZGIK.200</sln:wojIIPPn><sln:wojIIPWersja>2012-09-27T13:45:13+02:00</sln:wojIIPWersja><sln:wojIdTeryt>22</sln:wojIdTeryt><sln:wojNazwa>pomorskie</sln:wojNazwa></sln:miejscowosc><sln:miejscowosc><sln:cyklZyciaOd>2017-10-26T00:00:00+02:00</sln:cyklZyciaOd><sln:gmIIPId>eedac8c9-2964-4913-b175-c19295f55ec4</sln:gmIIPId><sln:gmIIPPn>PL.PZGIK.200</sln:gmIIPPn><sln:gmIIPWersja>2012-09-26T22:46:16+02:00</sln:gmIIPWersja><sln:gmIdTeryt>2263011</sln:gmIdTeryt><sln:gmNazwa>Słupsk</sln:gmNazwa><sln:miejscIIPId>03a1e3d7-4388-4bd6-8a23-934785f3a5eb</sln:miejscIIPId><sln:miejscIIPPn>PL.PZGIK.200</sln:miejscIIPPn><sln:miejscIIPWersja>2017-10-26T07:55:20+02:00</sln:miejscIIPWersja><sln:miejscIdTeryt>0977278</sln:miejscIdTeryt><sln:miejscNazwa>Słupsk</sln:miejscNazwa><sln:miejscRodzaj>Miasto</sln:miejscRodzaj><sln:powIIPId>7a6a2d74-044e-4120-b966-dee790e1f135</sln:powIIPId><sln:powIIPPn>PL.PZGIK.200</sln:powIIPPn><sln:powIIPWersja>2012-09-27T09:33:51+02:00</sln:powIIPWersja><sln:powIdTeryt>2263</sln:powIdTeryt><sln:powNazwa>Słupsk</sln:powNazwa><sln:wojIIPId>ece93e09-0215-42f3-8067-be0649f58d46</sln:wojIIPId><sln:wojIIPPn>PL.PZGIK.200</sln:wojIIPPn><sln:wojIIPWersja>2012-09-27T13:45:13+02:00</sln:wojIIPWersja><sln:wojIdTeryt>22</sln:wojIdTeryt><sln:wojNazwa>pomorskie</sln:wojNazwa></sln:miejscowosc></sln:lista-miejscowosci>