<?xml version="1.0" encoding="UTF-8" standalone="yes"?><sln:lista-miejscowosci xmlns:srv="http://gugik.gov.pl/schemas/slowniki-service/1.0" xmlns:sln="http://gugik.gov.pl/schemas/slowniki-schema/1.0"><sln:miejscowosc><sln:cyklZyciaDo>2017-04-21T00:00:00+02:00</sln:cyklZyciaDo><sln:cyklZyciaOd>2015-02-05T00:00:00+01:00</sln:cyklZyciaOd><sln:gmIIPId>517fee14-e3e7-44e5-ae23-a05b87946e8c</sln:gmIIPId><sln:gmIIPPn>PL.PZGIK.200</sln:gmIIPPn><sln:gmIIPWersja>2016-05-05T00:42:39+02:00</sln:gmIIPWersja><sln:gmIdTeryt>2202052</sln:gmIdTeryt><sln:gmNazwa>Konarzyny</sln:gmNazwa><sln:miejscIIPId>911b7ad3-b67f-4dff-8fd6-324cd5a4e300</sln:miejscIIPId><sln:miejscIIPPn>PL.PZGIK.200</sln:miejscIIPPn><sln:miejscIIPWersja>2016-11-24T12:20:52+02:00</sln:miejscIIPWersja><sln:miejscIdTeryt>0746308</sln:miejscIdTeryt><sln:miejscNazwa>Binduga</sln:miejscNazwa><sln:miejscRodzaj>Inny obiekt</sln:miejscRodzaj><sln:powIIPId>26701ba6-99f2-4e59-bb04-b4aa7b973ba8</sln:powIIPId><sln:powIIPPn>PL.PZGIK.200</sln:powIIPPn><sln:powIIPWersja>2012-09-27T09:33:51+02:00</sln:powIIPWersja><sln:powIdTeryt>2202</sln:powIdTeryt><sln:powNazwa>chojnicki</sln:powNazwa><sln:waznyOd>2013-06-10T00:00:00+02:00</sln:waznyOd><sln:wojIIPId>ece93e09-0215-42f3-8067-be0649f58d46</sln:wojIIPId><sln:wojIIPPn>PL.PZGIK.200</sln:wojIIPPn><sln:wojIIPWersja>2012-09-27T13:45:13+02:00</sln:wojIIPWersja><sln:wojIdTeryt>22</sln:wojIdTeryt><sln:wojNazwa>pomorskie</sln:wojNazwa></sln:miejscowosc><sln:miejscowosc><sln:cyklZyciaDo>2017-04-21T00:00:00+02:00</sln:cyklZyciaDo><sln:cyklZyciaOd>2015-02-05T00:00:00+01:00</sln:cyklZyciaOd><sln:gmIIPId>517fee14-e3e7-44e5-ae23-a05b87946e8c</sln:gmIIPId><sln:gmIIPPn>PL.PZGIK.200</sln:gmIIPPn><sln:gmIIPWersja>2016-05-05T00:42:39+02:00</sln:gmIIPWersja><sln:gmIdTeryt>2202052</sln:gmIdTeryt><sln:gmNazwa>Konarzyny</sln:gmNazwa><sln:miejscIIPId>17ee4b6c-1691-434f-8a9d-e37eb808a98d</sln:miejscIIPId><sln:miejscIIPPn>PL.PZGIK.200</sln:miejscIIPPn><sln:miejscIIPWersja>2016-11-24T12:20:52+02:00</sln:miejscIIPWersja><sln:miejscIdTeryt>0746478</sln:miejscIdTeryt><sln:miejscNazwa>Boryń</sln:miejscNazwa><sln:miejscRodzaj>Inny obiekt</sln:miejscRodzaj><sln:powIIPId>26701ba6-99f2-4e59-bb04-b4aa7b973ba8</sln:powIIPId><sln:powIIPPn>PL.PZGIK.200</sln:powIIPPn><sln:powIIPWersja>2012-09-27T09:33:51+02:00</sln:powIIPWersja><sln:powIdTeryt>2202</sln:powIdTeryt><sln:powNazwa>chojnicki</sln:powNazwa><sln:waznyOd>2013-06-10T00:00:00+02:00</sln:waznyOd><sln:wojIIPId>ece93e09-0215-42f3-8067-be0649f58d46</sln:wojIIPId><sln:wojIIPPn>PL.PZGIK.200</sln:wojIIPPn><sln:wojIIPWersja>2012-09-27T13:45:13+02:00</sln:wojIIPWersja><sln:wojIdTeryt>22</sln:wojIdTeryt><sln:wojNazwa>pomorskie</sln:wojNazwa></sln:miejscowosc><sln:miejscowosc><sln:cyklZyciaDo>2017-04-21T00:00:00+02:00</sln:cyklZyciaDo><sln:cyklZyciaOd>2015-02-05T00:00:00+01:00</sln:cyklZyciaOd><sln:gmIIPId>517fee14-e3e7-44e5-ae23-a05b87946e8c</sln:gmIIPId><sln:gmIIPPn>PL.PZGIK.200</sln:gmIIPPn><sln:gmIIPWersja>2016-05-05T00:42:39+02:00</sln:gmIIPWersja><sln:gmIdTeryt>2202052</sln:gmIdTeryt><sln:gmNazwa>Konarzyny</sln:gmNazwa><sln:miejscIIPId>16f617dd-24bd-4104-af12-675fa4b08170</sln:miejscIIPId><sln:miejscIIPPn>PL.PZGIK.200</sln:miejscIIPPn><sln:miejscIIPWersja>2016-11-24T12:20:52+02:00</sln:miejscIIPWersja><sln:miejscIdTeryt>0746337</sln:miejscIdTeryt><sln:miejscNazwa>Ciecholewy</sln:miejscNazwa><sln:miejscRodzaj>Inny obiekt</sln:miejscRodzaj><sln:powIIPId>26701ba6-99f2-4e59-bb04-b4aa7b973ba8</sln:powIIPId><sln:powIIPPn>PL.PZGIK.200</sln:powIIPPn><sln:powIIPWersja>2012-09-27T09:33:51+02:00</sln:powIIPWersja><sln:powIdTeryt>2202</sln:powIdTeryt><sln:powNazwa>chojnicki</sln:powNazwa><sln:waznyOd>2013-06-10T00:00:00+02:00</sln:waznyOd><sln:wojIIPId>ece93e09-0215-42f3-8067-be0649f58d46</sln:wojIIPId><sln:wojIIPPn>PL.PZGIK.200</sln:wojIIPPn><sln:wojIIPWersja>2012-09-27T13:45:13+02:00</sln:wojIIPWersja><sln:wojIdTeryt>22</sln:wojIdTeryt><sln:wojNazwa>pomorskie</sln:wojNazwa></sln:miejscowosc><sln:miejscowosc><sln:cyklZyciaDo>2017-04-21T00:00:00+02:00</sln:cyklZyciaDo><sln:cyklZyciaOd>2015-02-05T00:00:00+01:00</sln:cyklZyciaOd><sln:gmIIPId>517fee14-e3e7-44e5-ae23-a05b87946e8c</sln:gmIIPId><sln:gmIIPPn>PL.PZGIK.200</sln:gmIIPPn><sln:gmIIPWersja>2016-05-05T00:42:39+02:00</sln:gmIIPWersja><sln:gmIdTeryt>2202052</sln:gmIdTeryt><sln:gmNazwa>Konarzyny</sln:gmNazwa><sln:miejscIIPId>bd1426a3-f351-4feb-a31f-32f2fd8f6730</sln:miejscIIPId><sln:miejscIIPPn>PL.PZGIK.200</sln:miejscIIPPn><sln:miejscIIPWersja>2016-11-24T12:20:52+02:00</sln:miejscIIPWersja><sln:miejscIdTeryt>0746314</sln:miejscIdTeryt><sln:miejscNazwa>Duża Kępina</sln:miejscNazwa><sln:miejscRodzaj>Inny obiekt</sln:miejscRodzaj><sln:powIIPId>26701ba6-99f2-4e59-bb04-b4aa7b973ba8</sln:powIIPId><sln:powIIPPn>PL.PZGIK.200</sln:powIIPPn><sln:powIIPWersja>2012-09-27T09:33:51+02:00</sln:powIIPWersja><sln:powIdTeryt>2202</sln:powIdTeryt><sln:powNazwa>chojnicki</sln:powNazwa><sln:waznyOd>2013-06-10T00:00:00+02:00</sln:waznyOd><sln:wojIIPId>ece93e09-0215-42f3-8067-be0649f58d46</sln:wojIIPId><sln:wojIIPPn>PL.PZGIK.200</sln:wojIIPPn><sln:wojIIPWersja>2012-09-27T13:45:13+02:00</sln:wojIIPWersja><sln:wojIdTeryt>22</sln:wojIdTeryt><sln:wojNazwa>pomorskie</sln:wojNazwa></sln:miejscowosc><sln:miejscowosc><sln:cyklZyciaDo>2017-04-21T00:00:00+02:00</sln:cyklZyciaDo><sln:cyklZyciaOd>2015-02-05T00:00:00+01:00</sln:cyklZyciaOd><sln:gmIIPId>517fee14-e3e7-44e5-ae23-a05b87946e8c</sln:gmIIPId><sln:gmIIPPn>PL.PZGIK.200</sln:gmIIPPn><sln:gmIIPWersja>2016-05-05T00:42:39+02:00</sln:gmIIPWersja><sln:gmIdTeryt>2202052</sln:gmIdTeryt><sln:gmNazwa>Konarzyny</sln:gmNazwa><sln:miejscIIPId>fc2700c7-81b0-40b5-8201-b0d6468c09e9</sln:miejscIIPId><sln:miejscIIPPn>PL.PZGIK.200</sln:miejscIIPPn><sln:miejscIIPWersja>2016-11-24T12:20:52+02:00</sln:miejscIIPWersja><sln:miejscIdTeryt>0746484</sln:miejscIdTeryt><sln:miejscNazwa>Dzięgiel</sln:miejscNazwa><sln:miejscRodzaj>Inny obiekt</sln:miejscRodzaj><sln:powIIPId>26701ba6-99f2-4e59-bb04-b4aa7b973ba8</sln:powIIPId><sln:powIIPPn>PL.PZGIK.200</sln:powIIPPn><sln:powIIPWersja>2012-09-27T09:33:51+02:00</sln:powIIPWersja><sln:powIdTeryt>2202</sln:powIdTeryt><sln:powNazwa>chojnicki</sln:powNazwa><sln:waznyOd>2013-06-10T00:00:00+02:00</sln:waznyOd><sln:wojIIPId>ece93e09-0215-42f3-8067-be0649f58d46</sln:wojIIPId><sln:wojIIPPn>PL.PZGIK.200</sln:wojIIPPn><sln:wojIIPWersja>2012-09-27T13:45:13+02:00</sln:wojIIPWersja><sln:wojIdTeryt>22</sln:wojIdTeryt><sln:wojNazwa>pomorskie</sln:wojNazwa></sln:miejscowosc><sln:miejscowosc><sln:cyklZyciaDo>2017-04-21T00:00:00+02:00</sln:cyklZyciaDo><sln:cyklZyciaOd>2015-02-05T00:00:00+01:00</sln:cyklZyciaOd><sln:gmIIPId>517fee14-e3e7-44e5-ae23-a05b87946e8c</sln:gmIIPId><sln:gmIIPPn>PL.PZGIK.200</sln:gmIIPPn><sln:gmIIPWersja>2016-05-05T00:42:39+02:00</sln:gmIIPWersja><sln:gmIdTeryt>2202052</sln:gmIdTeryt><sln:gmNazwa>Konarzyny</sln:gmNazwa><sln:miejscIIPId>63e5a9c0-5c59-40ac-8e91-7140d40fc57a</sln:miejscIIPId><sln:miejscIIPPn>PL.PZGIK.200</sln:miejscIIPPn><sln:miejscIIPWersja>2016-11-24T12:20:52+02:00</sln:miejscIIPWersja><sln:miejscIdTeryt>0746449</sln:miejscIdTeryt><sln:miejscNazwa>Jaranty</sln:miejscNazwa><sln:miejscRodzaj>Inny obiekt</sln:miejscRodzaj><sln:powIIPId>26701ba6-99f2-4e59-bb04-b4aa7b973ba8</sln:powIIPId><sln:powIIPPn>PL.PZGIK.200</sln:powIIPPn><sln:powIIPWersja>2012-09-27T09:33:51+02:00</sln:powIIPWersja><sln:powIdTeryt>2202</sln:powIdTeryt><sln:powNazwa>chojnicki</sln:powNazwa><sln:waznyOd>2013-06-10T00:00:00+02:00</sln:waznyOd><sln:wojIIPId>ece93e09-0215-42f3-8067-be0649f58d46</sln:wojIIPId><sln:wojIIPPn>PL.PZGIK.200</sln:wojIIPPn><sln:wojIIPWersja>2012-09-27T13:45:13+02:00</sln:wojIIPWersja><sln:wojIdTeryt>22</sln:wojIdTeryt><sln:wojNazwa>pomorskie</sln:wojNazwa></sln:miejscowosc><sln:miejscowosc><sln:cyklZyciaDo>2017-04-21T00:00:00+02:00</sln:cyklZyciaDo><sln:cyklZyciaOd>2015-02-05T00:00:00+01:00</sln:cyklZyciaOd><sln:gmIIPId>517fee14-e3e7-44e5-ae23-a05b87946e8c</sln:gmIIPId><sln:gmIIPPn>PL.PZGIK.200</sln:gmIIPPn><sln:gmIIPWersja>2016-05-05T00:42:39+02:00</sln:gmIIPWersja><sln:gmIdTeryt>2202052</sln:gmIdTeryt><sln:gmNazwa>Konarzyny</sln:gmNazwa><sln:miejscIIPId>1737c5f6-7825-4723-b05d-711b67029c43</sln:miejscIIPId><sln:miejscIIPPn>PL.PZGIK.200</sln:miejscIIPPn><sln:miejscIIPWersja>2016-11-24T12:20:52+02:00</sln:miejscIIPWersja><sln:miejscIdTeryt>0746490</sln:miejscIdTeryt><sln:miejscNazwa>Jonki</sln:miejscNazwa><sln:miejscRodzaj>Inny obiekt</sln:miejscRodzaj><sln:powIIPId>26701ba6-99f2-4e59-bb04-b4aa7b973ba8</sln:powIIPId><sln:powIIPPn>PL.PZGIK.200</sln:powIIPPn><sln:powIIPWersja>2012-09-27T09:33:51+02:00</sln:powIIPWersja><sln:powIdTeryt>2202</sln:powIdTeryt><sln:powNazwa>chojnicki</sln:powNazwa><sln:waznyOd>2013-06-10T00:00:00+02:00</sln:waznyOd><sln:wojIIPId>ece93e09-0215-42f3-8067-be0649f58d46</sln:wojIIPId><sln:wojIIPPn>PL.PZGIK.200</sln:wojIIPPn><sln:wojIIPWersja>2012-09-27T13:45:13+02:00</sln:wojIIPWersja><sln:wojIdTeryt>22</sln:wojIdTeryt><sln:wojNazwa>pomorskie</sln:wojNazwa></sln:miejscowosc><sln:miejscowosc><sln:cyklZyciaDo>2017-04-21T00:00:00+02:00</sln:cyklZyciaDo><sln:cyklZyciaOd>2015-02-05T00:00:00+01:00</sln:cyklZyciaOd><sln:gmIIPId>517fee14-e3e7-44e5-ae23-a05b87946e8c</sln:gmIIPId><sln:gmIIPPn>PL.PZGIK.200</sln:gmIIPPn><sln:gmIIPWersja>2016-05-05T00:42:39+02:00</sln:gmIIPWersja><sln:gmIdTeryt>2202052</sln:gmIdTeryt><sln:gmNazwa>Konarzyny</sln:gmNazwa><sln:miejscIIPId>3cc0be4b-c8f7-44a6-9d83-d82b3362fb69</sln:miejscIIPId><sln:miejscIIPPn>PL.PZGIK.200</sln:miejscIIPPn><sln:miejscIIPWersja>2016-11-24T12:20:52+02:00</sln:miejscIIPWersja><sln:miejscIdTeryt>0746343</sln:miejscIdTeryt><sln:miejscNazwa>Kiełpin</sln:miejscNazwa><sln:miejscRodzaj>Inny obiekt</sln:miejscRodzaj><sln:powIIPId>26701ba6-99f2-4e59-bb04-b4aa7b973ba8</sln:powIIPId><sln:powIIPPn>PL.PZGIK.200</sln:powIIPPn><sln:powIIPWersja>2012-09-27T09:33:51+02:00</sln:powIIPWersja><sln:powIdTeryt>2202</sln:powIdTeryt><sln:powNazwa>chojnicki</sln:powNazwa><sln:waznyOd>2013-06-10T00:00:00+02:00</sln:waznyOd><sln:wojIIPId>ece93e09-0215-42f3-8067-be0649f58d46</sln:wojIIPId><sln:wojIIPPn>PL.PZGIK.200</sln:wojIIPPn><sln:wojIIPWersja>2012-09-27T13:45:13+02:00</sln:wojIIPWersja><sln:wojIdTeryt>22</sln:wojIdTeryt><sln:wojNazwa>pomorskie</sln:wojNazwa></sln:miejscowosc><sln:miejscowosc><sln:cyklZyciaDo>2017-04-21T00:00:00+02:00</sln:cyklZyciaDo><sln:cyklZyciaOd>2015-02-05T00:00:00+01:00</sln:cyklZyciaOd><sln:gmIIPId>517fee14-e3e7-44e5-ae23-a05b87946e8c</sln:gmIIPId><sln:gmIIPPn>PL.PZGIK.200</sln:gmIIPPn><sln:gmIIPWersja>2016-05-05T00:42:39+02:00</sln:gmIIPWersja><sln:gmIdTeryt>2202052</sln:gmIdTeryt><sln:gmNazwa>Konarzyny</sln:gmNazwa><sln:miejscIIPId>232247ba-77f1-4e3d-a416-ec705d53d53d</sln:miejscIIPId><sln:miejscIIPPn>PL.PZGIK.200</sln:miejscIIPPn><sln:miejscIIPWersja>2016-11-24T12:20:52+02:00</sln:miejscIIPWersja><sln:miejscIdTeryt>0746372</sln:miejscIdTeryt><sln:miejscNazwa>Konarzynki</sln:miejscNazwa><sln:miejscRodzaj>Inny obiekt</sln:miejscRodzaj><sln:powIIPId>26701ba6-99f2-4e59-bb04-b4aa7b973ba8</sln:powIIPId><sln:powIIPPn>PL.PZGIK.200</sln:powIIPPn><sln:powIIPWersja>2012-09-27T09:33:51+02:00</sln:powIIPWersja><sln:powIdTeryt>2202</sln:powIdTeryt><sln:powNazwa>chojnicki</sln:powNazwa><sln:waznyOd>2013-06-10T00:00:00+02:00</sln:waznyOd><sln:wojIIPId>ece93e09-0215-42f3-8067-be0649f58d46</sln:wojIIPId><sln:wojIIPPn>PL.PZGIK.200</sln:wojIIPPn><sln:wojIIPWersja>2012-09-27T13:45:13+02:00</sln:wojIIPWersja><sln:wojIdTeryt>22</sln:wojIdTeryt><sln:wojNazwa>pomorskie</sln:wojNazwa></sln:miejscowosc><sln:miejscowosc><sln:cyklZyciaDo>2017-04-21T00:00:00+02:00</sln:cyklZyciaDo><sln:cyklZyciaOd>2015-02-05T00:00:00+01:00</sln:cyklZyciaOd><sln:gmIIPId>517fee14-e3e7-44e5-ae23-a05b87946e8c</sln:gmIIPId><sln:gmIIPPn>PL.PZGIK.200</sln:gmIIPPn><sln:gmIIPWersja>2016-05-05T00:42:39+02:00</sln:gmIIPWersja><sln:gmIdTeryt>2202052</sln:gmIdTeryt><sln:gmNazwa>Konarzyny</sln:gmNazwa><sln:miejscIIPId>9757df0d-8f56-4005-a6a9-237eff3a31aa</sln:miejscIIPId><sln:miejscIIPPn>PL.PZGIK.200</sln:miejscIIPPn><sln:miejscIIPWersja>2016-11-24T12:20:52+02:00</sln:miejscIIPWersja><sln:miejscIdTeryt>0746389</sln:miejscIdTeryt><sln:miejscNazwa>Konarzyny</sln:miejscNazwa><sln:miejscRodzaj>Inny obiekt</sln:miejscRodzaj><sln:powIIPId>26701ba6-99f2-4e59-bb04-b4aa7b973ba8</sln:powIIPId><sln:powIIPPn>PL.PZGIK.200</sln:powIIPPn><sln:powIIPWersja>2012-09-27T09:33:51+02:00</sln:powIIPWersja><sln:powIdTeryt>2202</sln:powIdTeryt><sln:powNazwa>chojnicki</sln:powNazwa><sln:waznyOd>2013-06-10T00:00:00+02:00</sln:waznyOd><sln:wojIIPId>ece93e09-0215-42f3-8067-be0649f58d46</sln:wojIIPId><sln:wojIIPPn>PL.PZGIK.200</sln:wojIIPPn><sln:wojIIPWersja>2012-09-27T13:45:13+02:00</sln:wojIIPWersja><sln:wojIdTeryt>22</sln:wojIdTeryt><sln:wojNazwa>pomorskie</sln:wojNazwa></sln:miejscowosc><sln:miejscowosc><sln:cyklZyciaDo>2017-04-21T00:00:00+02:00</sln:cyklZyciaDo><sln:cyklZyciaOd>2015-02-05T00:00:00+01:00</sln:cyklZyciaOd><sln:gmIIPId>517fee14-e3e7-44e5-ae23-a05b87946e8c</sln:gmIIPId><sln:gmIIPPn>PL.PZGIK.200</sln:gmIIPPn><sln:gmIIPWersja>2016-05-05T00:42:39+02:00</sln:gmIIPWersja><sln:gmIdTeryt>2202052</sln:gmIdTeryt><sln:gmNazwa>Konarzyny</sln:gmNazwa><sln:miejscIIPId>81a0641b-1af5-40e6-be8d-aa717d172e16</sln:miejscIIPId><sln:miejscIIPPn>PL.PZGIK.200</sln:miejscIIPPn><sln:miejscIIPWersja>2016-11-24T12:20:52+02:00</sln:miejscIIPWersja><sln:miejscIdTeryt>0746395</sln:miejscIdTeryt><sln:miejscNazwa>Korne</sln:miejscNazwa><sln:miejscRodzaj>Inny obiekt</sln:miejscRodzaj><sln:powIIPId>26701ba6-99f2-4e59-bb04-b4aa7b973ba8</sln:powIIPId><sln:powIIPPn>PL.PZGIK.200</sln:powIIPPn><sln:powIIPWersja>2012-09-27T09:33:51+02:00</sln:powIIPWersja><sln:powIdTeryt>2202</sln:powIdTeryt><sln:powNazwa>chojnicki</sln:powNazwa><sln:waznyOd>2013-06-10T00:00:00+02:00</sln:waznyOd><sln:wojIIPId>ece93e09-0215-42f3-8067-be0649f58d46</sln:wojIIPId><sln:wojIIPPn>PL.PZGIK.200</sln:wojIIPPn><sln:wojIIPWersja>2012-09-27T13:45:13+02:00</sln:wojIIPWersja><sln:wojIdTeryt>22</sln:wojIdTeryt><sln:wojNazwa>pomorskie</sln:wojNazwa></sln:miejscowosc><sln:miejscowosc><sln:cyklZyciaDo>2017-04-21T00:00:00+02:00</sln:cyklZyciaDo><sln:cyklZyciaOd>2015-02-05T00:00:00+01:00</sln:cyklZyciaOd><sln:gmIIPId>517fee14-e3e7-44e5-ae23-a05b87946e8c</sln:gmIIPId><sln:gmIIPPn>PL.PZGIK.200</sln:gmIIPPn><sln:gmIIPWersja>2016-05-05T00:42:39+02:00</sln:gmIIPWersja><sln:gmIdTeryt>2202052</sln:gmIdTeryt><sln:gmNazwa>Konarzyny</sln:gmNazwa><sln:miejscIIPId>18b5c114-e045-4271-a245-ae33757641f3</sln:miejscIIPId><sln:miejscIIPPn>PL.PZGIK.200</sln:miejscIIPPn><sln:miejscIIPWersja>2016-11-24T12:20:52+02:00</sln:miejscIIPWersja><sln:miejscIdTeryt>0746515</sln:miejscIdTeryt><sln:miejscNazwa>Niepszczołąg</sln:miejscNazwa><sln:miejscRodzaj>Inny obiekt</sln:miejscRodzaj><sln:powIIPId>26701ba6-99f2-4e59-bb04-b4aa7b973ba8</sln:powIIPId><sln:powIIPPn>PL.PZGIK.200</sln:powIIPPn><sln:powIIPWersja>2012-09-27T09:33:51+02:00</sln:powIIPWersja><sln:powIdTeryt>2202</sln:powIdTeryt><sln:powNazwa>chojnicki</sln:powNazwa><sln:waznyOd>2013-06-10T00:00:00+02:00</sln:waznyOd><sln:wojIIPId>ece93e09-0215-42f3-8067-be0649f58d46</sln:wojIIPId><sln:wojIIPPn>PL.PZGIK.200</sln:wojIIPPn><sln:wojIIPWersja>2012-09-27T13:45:13+02:00</sln:wojIIPWersja><sln:wojIdTeryt>22</sln:wojIdTeryt><sln:wojNazwa>pomorskie</sln:wojNazwa></sln:miejscowosc><sln:miejscowosc><sln:cyklZyciaDo>2017-04-21T00:00:00+02:00</sln:cyklZyciaDo><sln:cyklZyciaOd>2015-02-05T00:00:00+01:00</sln:cyklZyciaOd><sln:gmIIPId>517fee14-e3e7-44e5-ae23-a05b87946e8c</sln:gmIIPId><sln:gmIIPPn>PL.PZGIK.200</sln:gmIIPPn><sln:gmIIPWersja>2016-05-05T00:42:39+02:00</sln:gmIIPWersja><sln:gmIdTeryt>2202052</sln:gmIdTeryt><sln:gmNazwa>Konarzyny</sln:gmNazwa><sln:miejscIIPId>20b5ce10-b929-4959-8777-3d25a33ffd0a</sln:miejscIIPId><sln:miejscIIPPn>PL.PZGIK.200</sln:miejscIIPPn><sln:miejscIIPWersja>2016-11-24T12:20:52+02:00</sln:miejscIIPWersja><sln:miejscIdTeryt>0746403</sln:miejscIdTeryt><sln:miejscNazwa>Nierostowo</sln:miejscNazwa><sln:miejscRodzaj>Inny obiekt</sln:miejscRodzaj><sln:powIIPId>26701ba6-99f2-4e59-bb04-b4aa7b973ba8</sln:powIIPId><sln:powIIPPn>PL.PZGIK.200</sln:powIIPPn><sln:powIIPWersja>2012-09-27T09:33:51+02:00</sln:powIIPWersja><sln:powIdTeryt>2202</sln:powIdTeryt><sln:powNazwa>chojnicki</sln:powNazwa><sln:waznyOd>2013-06-10T00:00:00+02:00</sln:waznyOd><sln:wojIIPId>ece93e09-0215-42f3-8067-be0649f58d46</sln:wojIIPId><sln:wojIIPPn>PL.PZGIK.200</sln:wojIIPPn><sln:wojIIPWersja>2012-09-27T13:45:13+02:00</sln:wojIIPWersja><sln:wojIdTeryt>22</sln:wojIdTeryt><sln:wojNazwa>pomorskie</sln:wojNazwa></sln:miejscowosc><sln:miejscowosc><sln:cyklZyciaDo>2017-04-21T00:00:00+02:00</sln:cyklZyciaDo><sln:cyklZyciaOd>2015-02-05T00:00:00+01:00</sln:cyklZyciaOd><sln:gmIIPId>517fee14-e3e7-44e5-ae23-a05b87946e8c</sln:gmIIPId><sln:gmIIPPn>PL.PZGIK.200</sln:gmIIPPn><sln:gmIIPWersja>2016-05-05T00:42:39+02:00</sln:gmIIPWersja><sln:gmIdTeryt>2202052</sln:gmIdTeryt><sln:gmNazwa>Konarzyny</sln:gmNazwa><sln:miejscIIPId>17872ab0-1ee6-4cfb-9f55-0d747e81bd3f</sln:miejscIIPId><sln:miejscIIPPn>PL.PZGIK.200</sln:miejscIIPPn><sln:miejscIIPWersja>2016-11-24T12:20:52+02:00</sln:miejscIIPWersja><sln:miejscIdTeryt>0746350</sln:miejscIdTeryt><sln:miejscNazwa>Nowa Karczma</sln:miejscNazwa><sln:miejscRodzaj>Inny obiekt</sln:miejscRodzaj><sln:powIIPId>26701ba6-99f2-4e59-bb04-b4aa7b973ba8</sln:powIIPId><sln:powIIPPn>PL.PZGIK.200</sln:powIIPPn><sln:powIIPWersja>2012-09-27T09:33:51+02:00</sln:powIIPWersja><sln:powIdTeryt>2202</sln:powIdTeryt><sln:powNazwa>chojnicki</sln:powNazwa><sln:waznyOd>2013-06-10T00:00:00+02:00</sln:waznyOd><sln:wojIIPId>ece93e09-0215-42f3-8067-be0649f58d46</sln:wojIIPId><sln:wojIIPPn>PL.PZGIK.200</sln:wojIIPPn><sln:wojIIPWersja>2012-09-27T13:45:13+02:00</sln:wojIIPWersja><sln:wojIdTeryt>22</sln:wojIdTeryt><sln:wojNazwa>pomorskie</sln:wojNazwa></sln:miejscowosc><sln:miejscowosc><sln:cyklZyciaDo>2017-04-21T00:00:00+02:00</sln:cyklZyciaDo><sln:cyklZyciaOd>2015-02-05T00:00:00+01:00</sln:cyklZyciaOd><sln:gmIIPId>517fee14-e3e7-44e5-ae23-a05b87946e8c</sln:gmIIPId><sln:gmIIPPn>PL.PZGIK.200</sln:gmIIPPn><sln:gmIIPWersja>2016-05-05T00:42:39+02:00</sln:gmIIPWersja><sln:gmIdTeryt>2202052</sln:gmIdTeryt><sln:gmNazwa>Konarzyny</sln:gmNazwa><sln:miejscIIPId>8f90203a-b0ad-4fa0-96c9-e5e5b57783f4</sln:miejscIIPId><sln:miejscIIPPn>PL.PZGIK.200</sln:miejscIIPPn><sln:miejscIIPWersja>2016-11-24T12:20:52+02:00</sln:miejscIIPWersja><sln:miejscIdTeryt>0746544</sln:miejscIdTeryt><sln:miejscNazwa>Parszczenica</sln:miejscNazwa><sln:miejscRodzaj>Inny obiekt</sln:miejscRodzaj><sln:powIIPId>26701ba6-99f2-4e59-bb04-b4aa7b973ba8</sln:powIIPId><sln:powIIPPn>PL.PZGIK.200</sln:powIIPPn><sln:powIIPWersja>2012-09-27T09:33:51+02:00</sln:powIIPWersja><sln:powIdTeryt>2202</sln:powIdTeryt><sln:powNazwa>chojnicki</sln:powNazwa><sln:waznyOd>2013-06-10T00:00:00+02:00</sln:waznyOd><sln:wojIIPId>ece93e09-0215-42f3-8067-be0649f58d46</sln:wojIIPId><sln:wojIIPPn>PL.PZGIK.200</sln:wojIIPPn><sln:wojIIPWersja>2012-09-27T13:45:13+02:00</sln:wojIIPWersja><sln:wojIdTeryt>22</sln:wojIdTeryt><sln:wojNazwa>pomorskie</sln:wojNazwa></sln:miejscowosc><sln:miejscowosc><sln:cyklZyciaDo>2017-04-21T00:00:00+02:00</sln:cyklZyciaDo><sln:cyklZyciaOd>2015-02-05T00:00:00+01:00</sln:cyklZyciaOd><sln:gmIIPId>517fee14-e3e7-44e5-ae23-a05b87946e8c</sln:gmIIPId><sln:gmIIPPn>PL.PZGIK.200</sln:gmIIPPn><sln:gmIIPWersja>2016-05-05T00:42:39+02:00</sln:gmIIPWersja><sln:gmIdTeryt>2202052</sln:gmIdTeryt><sln:gmNazwa>Konarzyny</sln:gmNazwa><sln:miejscIIPId>214531c0-c633-4b12-8154-82fc802c3a3c</sln:miejscIIPId><sln:miejscIIPPn>PL.PZGIK.200</sln:miejscIIPPn><sln:miejscIIPWersja>2016-11-24T12:20:52+02:00</sln:miejscIIPWersja><sln:miejscIdTeryt>0746320</sln:miejscIdTeryt><sln:miejscNazwa>Popielewo</sln:miejscNazwa><sln:miejscRodzaj>Inny obiekt</sln:miejscRodzaj><sln:powIIPId>26701ba6-99f2-4e59-bb04-b4aa7b973ba8</sln:powIIPId><sln:powIIPPn>PL.PZGIK.200</sln:powIIPPn><sln:powIIPWersja>2012-09-27T09:33:51+02:00</sln:powIIPWersja><sln:powIdTeryt>2202</sln:powIdTeryt><sln:powNazwa>chojnicki</sln:powNazwa><sln:waznyOd>2013-06-10T00:00:00+02:00</sln:waznyOd><sln:wojIIPId>ece93e09-0215-42f3-8067-be0649f58d46</sln:wojIIPId><sln:wojIIPPn>PL.PZGIK.200</sln:wojIIPPn><sln:wojIIPWersja>2012-09-27T13:45:13+02:00</sln:wojIIPWersja><sln:wojIdTeryt>22</sln:wojIdTeryt><sln:wojNazwa>pomorskie</sln:wojNazwa></sln:miejscowosc><sln:miejscowosc><sln:cyklZyciaDo>2017-04-21T00:00:00+02:00</sln:cyklZyciaDo><sln:cyklZyciaOd>2015-02-05T00:00:00+01:00</sln:cyklZyciaOd><sln:gmIIPId>517fee14-e3e7-44e5-ae23-a05b87946e8c</sln:gmIIPId><sln:gmIIPPn>PL.PZGIK.200</sln:gmIIPPn><sln:gmIIPWersja>2016-05-05T00:42:39+02:00</sln:gmIIPWersja><sln:gmIdTeryt>2202052</sln:gmIdTeryt><sln:gmNazwa>Konarzyny</sln:gmNazwa><sln:miejscIIPId>185e2353-0470-490c-b381-248874124459</sln:miejscIIPId><sln:miejscIIPPn>PL.PZGIK.200</sln:miejscIIPPn><sln:miejscIIPWersja>2016-11-24T12:20:52+02:00</sln:miejscIIPWersja><sln:miejscIdTeryt>0746366</sln:miejscIdTeryt><sln:miejscNazwa>Rowista</sln:miejscNazwa><sln:miejscRodzaj>Inny obiekt</sln:miejscRodzaj><sln:powIIPId>26701ba6-99f2-4e59-bb04-b4aa7b973ba8</sln:powIIPId><sln:powIIPPn>PL.PZGIK.200</sln:powIIPPn><sln:powIIPWersja>2012-09-27T09:33:51+02:00</sln:powIIPWersja><sln:powIdTeryt>2202</sln:powIdTeryt><sln:powNazwa>chojnicki</sln:powNazwa><sln:waznyOd>2013-06-10T00:00:00+02:00</sln:waznyOd><sln:wojIIPId>ece93e09-0215-42f3-8067-be0649f58d46</sln:wojIIPId><sln:wojIIPPn>PL.PZGIK.200</sln:wojIIPPn><sln:wojIIPWersja>2012-09-27T13:45:13+02:00</sln:wojIIPWersja><sln:wojIdTeryt>22</sln:wojIdTeryt><sln:wojNazwa>pomorskie</sln:wojNazwa></sln:miejscowosc><sln:miejscowosc><sln:cyklZyciaDo>2017-04-21T00:00:00+02:00</sln:cyklZyciaDo><sln:cyklZyciaOd>2015-02-05T00:00:00+01:00</sln:cyklZyciaOd><sln:gmIIPId>517fee14-e3e7-44e5-ae23-a05b87946e8c</sln:gmIIPId><sln:gmIIPPn>PL.PZGIK.200</sln:gmIIPPn><sln:gmIIPWersja>2016-05-05T00:42:39+02:00</sln:gmIIPWersja><sln:gmIdTeryt>2202052</sln:gmIdTeryt><sln:gmNazwa>Konarzyny</sln:gmNazwa><sln:miejscIIPId>35723071-4b0d-4a04-85b7-3a9be4f9a54b</sln:miejscIIPId><sln:miejscIIPPn>PL.PZGIK.200</sln:miejscIIPPn><sln:miejscIIPWersja>2016-11-24T12:20:52+02:00</sln:miejscIIPWersja><sln:miejscIdTeryt>0746455</sln:miejscIdTeryt><sln:miejscNazwa>Zielona Chocina</sln:miejscNazwa><sln:miejscRodzaj>Inny obiekt</sln:miejscRodzaj><sln:powIIPId>26701ba6-99f2-4e59-bb04-b4aa7b973ba8</sln:powIIPId><sln:powIIPPn>PL.PZGIK.200</sln:powIIPPn><sln:powIIPWersja>2012-09-27T09:33:51+02:00</sln:powIIPWersja><sln:powIdTeryt>2202</sln:powIdTeryt><sln:powNazwa>chojnicki</sln:powNazwa><sln:waznyOd>2013-06-10T00:00:00+02:00</sln:waznyOd><sln:wojIIPId>ece93e09-0215-42f3-8067-be0649f58d46</sln:wojIIPId><sln:wojIIPPn>PL.PZGIK.200</sln:wojIIPPn><sln:wojIIPWersja>2012-09-27T13:45:13+02:00</sln:wojIIPWersja><sln:wojIdTeryt>22</sln:wojIdTeryt><sln:wojNazwa>pomorskie</sln:wojNazwa></sln:miejscowosc><sln:miejscowosc><sln:cyklZyciaDo>2017-04-21T00:00:00+02:00</sln:cyklZyciaDo><sln:cyklZyciaOd>2015-02-05T00:00:00+01:00</sln:cyklZyciaOd><sln:gmIIPId>517fee14-e3e7-44e5-ae23-a05b87946e8c</sln:gmIIPId><sln:gmIIPPn>PL.PZGIK.200</sln:gmIIPPn><sln:gmIIPWersja>2016-05-05T00:42:39+02:00</sln:gmIIPWersja><sln:gmIdTeryt>2202052</sln:gmIdTeryt><sln:gmNazwa>Konarzyny</sln:gmNazwa><sln:miejscIIPId>b3a7594f-6c44-4921-bccf-26c96f6bc141</sln:miejscIIPId><sln:miejscIIPPn>PL.PZGIK.200</sln:miejscIIPPn><sln:miejscIIPWersja>2016-11-24T12:20:52+02:00</sln:miejscIIPWersja><sln:miejscIdTeryt>0746567</sln:miejscIdTeryt><sln:miejscNazwa>Zielona Huta</sln:miejscNazwa><sln:miejscRodzaj>Inny obiekt</sln:miejscRodzaj><sln:powIIPId>26701ba6-99f2-4e59-bb04-b4aa7b973ba8</sln:powIIPId><sln:powIIPPn>PL.PZGIK.200</sln:powIIPPn><sln:powIIPWersja>2012-09-27T09:33:51+02:00</sln:powIIPWersja><sln:powIdTeryt>2202</sln:powIdTeryt><sln:powNazwa>chojnicki</sln:powNazwa><sln:waznyOd>2013-06-10T00:00:00+02:00</sln:waznyOd><sln:wojIIPId>ece93e09-0215-42f3-8067-be0649f58d46</sln:wojIIPId><sln:wojIIPPn>PL.PZGIK.200</sln:wojIIPPn><sln:wojIIPWersja>2012-09-27T13:45:13+02:00</sln:wojIIPWersja><sln:wojIdTeryt>22</sln:wojIdTeryt><sln:wojNazwa>pomorskie</sln:wojNazwa></sln:miejscowosc><sln:miejscowosc><sln:cyklZyciaDo>2017-04-21T00:00:00+02:00</sln:cyklZyciaDo><sln:cyklZyciaOd>2015-02-05T00:00:00+01:00</sln:cyklZyciaOd><sln:gmIIPId>517fee14-e3e7-44e5-ae23-a05b87946e8c</sln:gmIIPId><sln:gmIIPPn>PL.PZGIK.200</sln:gmIIPPn><sln:gmIIPWersja>2016-05-05T00:42:39+02:00</sln:gmIIPWersja><sln:gmIdTeryt>2202052</sln:gmIdTeryt><sln:gmNazwa>Konarzyny</sln:gmNazwa><sln:miejscIIPId>ffd2a53c-903b-4daf-a8b4-023c7f840025</sln:miejscIIPId><sln:miejscIIPPn>PL.PZGIK.200</sln:miejscIIPPn><sln:miejscIIPWersja>2016-11-24T12:20:52+02:00</sln:miejscIIPWersja><sln:miejscIdTeryt>0746550</sln:miejscIdTeryt><sln:miejscNazwa>Złota Góra</sln:miejscNazwa><sln:miejscRodzaj>Inny obiekt</sln:miejscRodzaj><sln:powIIPId>26701ba6-99f2-4e59-bb04-b4aa7b973ba8</sln:powIIPId><sln:powIIPPn>PL.PZGIK.200</sln:powIIPPn><sln:powIIPWersja>2012-09-27T09:33:51+02:00</sln:powIIPWersja><sln:powIdTeryt>2202</sln:powIdTeryt><sln:powNazwa>chojnicki</sln:powNazwa><sln:waznyOd>2013-06-10T00:00:00+02:00</sln:waznyOd><sln:wojIIPId>ece93e09-0215-42f3-8067-be0649f58d46</sln:wojIIPId><sln:wojIIPPn>PL.PZGIK.200</sln:wojIIPPn><sln:wojIIPWersja>2012-09-27T13:45:13+02:00</sln:wojIIPWersja><sln:wojIdTeryt>22</sln:wojIdTeryt><sln:wojNazwa>pomorskie</sln:wojNazwa></sln:miejscowosc><sln:miejscowosc><sln:cyklZyciaDo>2017-04-21T00:00:00+02:00</sln:cyklZyciaDo><sln:cyklZyciaOd>2015-02-05T00:00:00+01:00</sln:cyklZyciaOd><sln:gmIIPId>517fee14-e3e7-44e5-ae23-a05b87946e8c</sln:gmIIPId><sln:gmIIPPn>PL.PZGIK.200</sln:gmIIPPn><sln:gmIIPWersja>2016-05-05T00:42:39+02:00</sln:gmIIPWersja><sln:gmIdTeryt>2202052</sln:gmIdTeryt><sln:gmNazwa>Konarzyny</sln:gmNazwa><sln:miejscIIPId>0c0d6a79-4540-4e74-9415-8c470cc91c4b</sln:miejscIIPId><sln:miejscIIPPn>PL.PZGIK.200</sln:miejscIIPPn><sln:miejscIIPWersja>2016-11-24T12:20:53+02:00</sln:miejscIIPWersja><sln:miejscIdTeryt>0746580</sln:miejscIdTeryt><sln:miejscNazwa>Żychce</sln:miejscNazwa><sln:miejscRodzaj>Inny obiekt</sln:miejscRodzaj><sln:powIIPId>26701ba6-99f2-4e59-bb04-b4aa7b973ba8</sln:powIIPId><sln:powIIPPn>PL.PZGIK.200</sln:powIIPPn><sln:powIIPWersja>2012-09-27T09:33:51+02:00</sln:powIIPWersja><sln:powIdTeryt>2202</sln:powIdTeryt><sln:powNazwa>chojnicki</sln:powNazwa><sln:waznyOd>2013-06-10T00:00:00+02:00</sln:waznyOd><sln:wojIIPId>ece93e09-0215-42f3-8067-be0649f58d46</sln:wojIIPId><sln:wojIIPPn>PL.PZGIK.200</sln:wojIIPPn><sln:wojIIPWersja>2012-09-27T13:45:13+02:00</sln:wojIIPWersja><sln:wojIdTeryt>22</sln:wojIdTeryt><sln:wojNazwa>pomorskie</sln:wojNazwa></sln:miejscowosc><sln:miejscowosc><sln:cyklZyciaDo>2017-04-21T00:00:00+02:00</sln:cyklZyciaDo><sln:cyklZyciaOd>2015-02-05T00:00:00+01:00</sln:cyklZyciaOd><sln:gmIIPId>517fee14-e3e7-44e5-ae23-a05b87946e8c</sln:gmIIPId><sln:gmIIPPn>PL.PZGIK.200</sln:gmIIPPn><sln:gmIIPWersja>2016-05-05T00:42:39+02:00</sln:gmIIPWersja><sln:gmIdTeryt>2202052</sln:gmIdTeryt><sln:gmNazwa>Konarzyny</sln:gmNazwa><sln:miejscIIPId>57609077-9d66-42fc-b312-67fb53f33f28</sln:miejscIIPId><sln:miejscIIPPn>PL.PZGIK.200</sln:miejscIIPPn><sln:miejscIIPWersja>2016-11-24T12:20:53+02:00</sln:miejscIIPWersja><sln:miejscIdTeryt>0746596</sln:miejscIdTeryt><sln:miejscNazwa>Żychckie Osady</sln:miejscNazwa><sln:miejscRodzaj>Inny obiekt</sln:miejscRodzaj><sln:powIIPId>26701ba6-99f2-4e59-bb04-b4aa7b973ba8</sln:powIIPId><sln:powIIPPn>PL.PZGIK.200</sln:powIIPPn><sln:powIIPWersja>2012-09-27T09:33:51+02:00</sln:powIIPWersja><sln:powIdTeryt>2202</sln:powIdTeryt><sln:powNazwa>chojnicki</sln:powNazwa><sln:waznyOd>2013-06-10T00:00:00+02:00</sln:waznyOd><sln:wojIIPId>ece93e09-0215-42f3-8067-be0649f58d46</sln:wojIIPId><sln:wojIIPPn>PL.PZGIK.200</sln:wojIIPPn><sln:wojIIPWersja>2012-09-27T13:45:13+02:00</sln:wojIIPWersja><sln:wojIdTeryt>22</sln:wojIdTeryt><sln:wojNazwa>pomorskie</sln:wojNazwa></sln:miejscowosc><sln:miejscowosc><sln:cyklZyciaOd>2017-04-21T00:00:00+02:00</sln:cyklZyciaOd><sln:gmIIPId>517fee14-e3e7-44e5-ae23-a05b87946e8c</sln:gmIIPId><sln:gmIIPPn>PL.PZGIK.200</sln:gmIIPPn><sln:gmIIPWersja>2016-05-05T00:42:39+02:00</sln:gmIIPWersja><sln:gmIdTeryt>2202052</sln:gmIdTeryt><sln:gmNazwa>Konarzyny</sln:gmNazwa><sln:miejscIIPId>911b7ad3-b67f-4dff-8fd6-324cd5a4e300</sln:miejscIIPId><sln:miejscIIPPn>PL.PZGIK.200</sln:miejscIIPPn><sln:miejscIIPWersja>2017-04-21T16:36:57+02:00</sln:miejscIIPWersja><sln:miejscIdTeryt>0746308</sln:miejscIdTeryt><sln:miejscNazwa>Binduga</sln:miejscNazwa><sln:miejscRodzaj>Wieś</sln:miejscRodzaj><sln:powIIPId>26701ba6-99f2-4e59-bb04-b4aa7b973ba8</sln:powIIPId><sln:powIIPPn>PL.PZGIK.200</sln:powIIPPn><sln:powIIPWersja>2012-09-27T09:33:51+02:00</sln:powIIPWersja><sln:powIdTeryt>2202</sln:powIdTeryt><sln:powNazwa>chojnicki</sln:powNazwa><sln:waznyOd>2013-06-10T00:00:00+02:00</sln:waznyOd><sln:wojIIPId>ece93e09-0215-42f3-8067-be0649f58d46</sln:wojIIPId><sln:wojIIPPn>PL.PZGIK.200</sln:wojIIPPn><sln:wojIIPWersja>2012-09-27T13:45:13+02:00</sln:wojIIPWersja><sln:wojIdTeryt>22</sln:wojIdTeryt><sln:wojNazwa>pomorskie</sln:wojNazwa></sln:miejscowosc><sln:miejscowosc><sln:cyklZyciaOd>2017-04-21T00:00:00+02:00</sln:cyklZyciaOd><sln:gmIIPId>517fee14-e3e7-44e5-ae23-a05b87946e8c</sln:gmIIPId><sln:gmIIPPn>PL.PZGIK.200</sln:gmIIPPn><sln:gmIIPWersja>2016-05-05T00:42:39+02:00</sln:gmIIPWersja><sln:gmIdTeryt>2202052</sln:gmIdTeryt><sln:gmNazwa>Konarzyny</sln:gmNazwa><sln:miejscIIPId>bd1426a3-f351-4feb-a31f-32f2fd8f6730</sln:miejscIIPId><sln:miejscIIPPn>PL.PZGIK.200</sln:miejscIIPPn><sln:miejscIIPWersja>2017-04-21T16:37:03+02:00</sln:miejscIIPWersja><sln:miejscIdTeryt>0746314</sln:miejscIdTeryt><sln:miejscNazwa>Duża Kępina</sln:miejscNazwa><sln:miejscRodzaj>Kolonia</sln:miejscRodzaj><sln:powIIPId>26701ba6-99f2-4e59-bb04-b4aa7b973ba8</sln:powIIPId><sln:powIIPPn>PL.PZGIK.200</sln:powIIPPn><sln:powIIPWersja>2012-09-27T09:33:51+02:00</sln:powIIPWersja><sln:powIdTeryt>2202</sln:powIdTeryt><sln:powNazwa>chojnicki</sln:powNazwa><sln:waznyOd>2013-06-10T00:00:00+02:00</sln:waznyOd><sln:wojIIPId>ece93e09-0215-42f3-8067-be0649f58d46</sln:wojIIPId><sln:wojIIPPn>PL.PZGIK.200</sln:wojIIPPn><sln:wojIIPWersja>2012-09-27T13:45:13+02:00</sln:wojIIPWersja><sln:wojIdTeryt>22</sln:wojIdTeryt><sln:wojNazwa>pomorskie</sln:wojNazwa></sln:miejscowosc><sln:miejscowosc><sln:cyklZyciaOd>2017-04-21T00:00:00+02:00</sln:cyklZyciaOd><sln:gmIIPId>517fee14-e3e7-44e5-ae23-a05b87946e8c</sln:gmIIPId><sln:gmIIPPn>PL.PZGIK.200</sln:gmIIPPn><sln:gmIIPWersja>2016-05-05T00:42:39+02:00</sln:gmIIPWersja><sln:gmIdTeryt>2202052</sln:gmIdTeryt><sln:gmNazwa>Konarzyny</sln:gmNazwa><sln:miejscIIPId>214531c0-c633-4b12-8154-82fc802c3a3c</sln:miejscIIPId><sln:miejscIIPPn>PL.PZGIK.200</sln:miejscIIPPn><sln:miejscIIPWersja>2017-04-21T16:37:03+02:00</sln:miejscIIPWersja><sln:miejscIdTeryt>0746320</sln:miejscIdTeryt><sln:miejscNazwa>Popielewo</sln:miejscNazwa><sln:miejscRodzaj>Wieś</sln:miejscRodzaj><sln:powIIPId>26701ba6-99f2-4e59-bb04-b4aa7b973ba8</sln:powIIPId><sln:powIIPPn>PL.PZGIK.200</sln:powIIPPn><sln:powIIPWersja>2012-09-27T09:33:51+02:00</sln:powIIPWersja><sln:powIdTeryt>2202</sln:powIdTeryt><sln:powNazwa>chojnicki</sln:powNazwa><sln:waznyOd>2013-06-10T00:00:00+02:00</sln:waznyOd><sln:wojIIPId>ece93e09-0215-42f3-8067-be0649f58d46</sln:wojIIPId><sln:wojIIPPn>PL.PZGIK.200</sln:wojIIPPn><sln:wojIIPWersja>2012-09-27T13:45:13+02:00</sln:wojIIPWersja><sln:wojIdTeryt>22</sln:wojIdTeryt><sln:wojNazwa>pomorskie</sln:wojNazwa></sln:miejscowosc><sln:miejscowosc><sln:cyklZyciaOd>2017-04-21T00:00:00+02:00</sln:cyklZyciaOd><sln:gmIIPId>517fee14-e3e7-44e5-ae23-a05b87946e8c</sln:gmIIPId><sln:gmIIPPn>PL.PZGIK.200</sln:gmIIPPn><sln:gmIIPWersja>2016-05-05T00:42:39+02:00</sln:gmIIPWersja><sln:gmIdTeryt>2202052</sln:gmIdTeryt><sln:gmNazwa>Konarzyny</sln:gmNazwa><sln:miejscIIPId>16f617dd-24bd-4104-af12-675fa4b08170</sln:miejscIIPId><sln:miejscIIPPn>PL.PZGIK.200</sln:miejscIIPPn><sln:miejscIIPWersja>2017-04-21T16:37:03+02:00</sln:miejscIIPWersja><sln:miejscIdTeryt>0746337</sln:miejscIdTeryt><sln:miejscNazwa>Ciecholewy</sln:miejscNazwa><sln:miejscRodzaj>Wieś</sln:miejscRodzaj><sln:powIIPId>26701ba6-99f2-4e59-bb04-b4aa7b973ba8</sln:powIIPId><sln:powIIPPn>PL.PZGIK.200</sln:powIIPPn><sln:powIIPWersja>2012-09-27T09:33:51+02:00</sln:powIIPWersja><sln:powIdTeryt>2202</sln:powIdTeryt><sln:powNazwa>chojnicki</sln:powNazwa><sln:waznyOd>2013-06-10T00:00:00+02:00</sln:waznyOd><sln:wojIIPId>ece93e09-0215-42f3-8067-be0649f58d46</sln:wojIIPId><sln:wojIIPPn>PL.PZGIK.200</sln:wojIIPPn><sln:wojIIPWersja>2012-09-27T13:45:13+02:00</sln:wojIIPWersja><sln:wojIdTeryt>22</sln:wojIdTeryt><sln:wojNazwa>pomorskie</sln:wojNazwa></sln:miejscowosc><sln:miejscowosc><sln:cyklZyciaOd>2017-04-21T00:00:00+02:00</sln:cyklZyciaOd><sln:gmIIPId>517fee14-e3e7-44e5-ae23-a05b87946e8c</sln:gmIIPId><sln:gmIIPPn>PL.PZGIK.200</sln:gmIIPPn><sln:gmIIPWersja>2016-05-05T00:42:39+02:00</sln:gmIIPWersja><sln:gmIdTeryt>2202052</sln:gmIdTeryt><sln:gmNazwa>Konarzyny</sln:gmNazwa><sln:miejscIIPId>3cc0be4b-c8f7-44a6-9d83-d82b3362fb69</sln:miejscIIPId><sln:miejscIIPPn>PL.PZGIK.200</sln:miejscIIPPn><sln:miejscIIPWersja>2017-04-21T16:37:03+02:00</sln:miejscIIPWersja><sln:miejscIdTeryt>0746343</sln:miejscIdTeryt><sln:miejscNazwa>Kiełpin</sln:miejscNazwa><sln:miejscRodzaj>Wieś</sln:miejscRodzaj><sln:powIIPId>26701ba6-99f2-4e59-bb04-b4aa7b973ba8</sln:powIIPId><sln:powIIPPn>PL.PZGIK.200</sln:powIIPPn><sln:powIIPWersja>2012-09-27T09:33:51+02:00</sln:powIIPWersja><sln:powIdTeryt>2202</sln:powIdTeryt><sln:powNazwa>chojnicki</sln:powNazwa><sln:waznyOd>2013-06-10T00:00:00+02:00</sln:waznyOd><sln:wojIIPId>ece93e09-0215-42f3-8067-be0649f58d46</sln:wojIIPId><sln:wojIIPPn>PL.PZGIK.200</sln:wojIIPPn><sln:wojIIPWersja>2012-09-27T13:45:13+02:00</sln:wojIIPWersja><sln:wojIdTeryt>22</sln:wojIdTeryt><sln:wojNazwa>pomorskie</sln:wojNazwa></sln:miejscowosc><sln:miejscowosc><sln:cyklZyciaOd>2017-04-21T00:00:00+02:00</sln:cyklZyciaOd><sln:gmIIPId>517fee14-e3e7-44e5-ae23-a05b87946e8c</sln:gmIIPId><sln:gmIIPPn>PL.PZGIK.200</sln:gmIIPPn><sln:gmIIPWersja>2016-05-05T00:42:39+02:00</sln:gmIIPWersja><sln:gmIdTeryt>2202052</sln:gmIdTeryt><sln:gmNazwa>Konarzyny</sln:gmNazwa><sln:miejscIIPId>17872ab0-1ee6-4cfb-9f55-0d747e81bd3f</sln:miejscIIPId><sln:miejscIIPPn>PL.PZGIK.200</sln:miejscIIPPn><sln:miejscIIPWersja>2017-04-21T16:37:03+02:00</sln:miejscIIPWersja><sln:miejscIdTeryt>0746350</sln:miejscIdTeryt><sln:miejscNazwa>Nowa Karczma</sln:miejscNazwa><sln:miejscRodzaj>Kolonia</sln:miejscRodzaj><sln:powIIPId>26701ba6-99f2-4e59-bb04-b4aa7b973ba8</sln:powIIPId><sln:powIIPPn>PL.PZGIK.200</sln:powIIPPn><sln:powIIPWersja>2012-09-27T09:33:51+02:00</sln:powIIPWersja><sln:powIdTeryt>2202</sln:powIdTeryt><sln:powNazwa>chojnicki</sln:powNazwa><sln:waznyOd>2013-06-10T00:00:00+02:00</sln:waznyOd><sln:wojIIPId>ece93e09-0215-42f3-8067-be0649f58d46</sln:wojIIPId><sln:wojIIPPn>PL.PZGIK.200</sln:wojIIPPn><sln:wojIIPWersja>2012-09-27T13:45:13+02:00</sln:wojIIPWersja><sln:wojIdTeryt>22</sln:wojIdTeryt><sln:wojNazwa>pomorskie</sln:wojNazwa></sln:miejscowosc><sln:miejscowosc><sln:cyklZyciaOd>2017-04-21T00:00:00+02:00</sln:cyklZyciaOd><sln:gmIIPId>517fee14-e3e7-44e5-ae23-a05b87946e8c</sln:gmIIPId><sln:gmIIPPn>PL.PZGIK.200</sln:gmIIPPn><sln:gmIIPWersja>2016-05-05T00:42:39+02:00</sln:gmIIPWersja><sln:gmIdTeryt>2202052</sln:gmIdTeryt><sln:gmNazwa>Konarzyny</sln:gmNazwa><sln:miejscIIPId>185e2353-0470-490c-b381-248874124459</sln:miejscIIPId><sln:miejscIIPPn>PL.PZGIK.200</sln:miejscIIPPn><sln:miejscIIPWersja>2017-04-21T16:37:03+02:00</sln:miejscIIPWersja><sln:miejscIdTeryt>0746366</sln:miejscIdTeryt><sln:miejscNazwa>Rowista</sln:miejscNazwa><sln:miejscRodzaj>Kolonia</sln:miejscRodzaj><sln:powIIPId>26701ba6-99f2-4e59-bb04-b4aa7b973ba8</sln:powIIPId><sln:powIIPPn>PL.PZGIK.200</sln:powIIPPn><sln:powIIPWersja>2012-09-27T09:33:51+02:00</sln:powIIPWersja><sln:powIdTeryt>2202</sln:powIdTeryt><sln:powNazwa>chojnicki</sln:powNazwa><sln:waznyOd>2013-06-10T00:00:00+02:00</sln:waznyOd><sln:wojIIPId>ece93e09-0215-42f3-8067-be0649f58d46</sln:wojIIPId><sln:wojIIPPn>PL.PZGIK.200</sln:wojIIPPn><sln:wojIIPWersja>2012-09-27T13:45:13+02:00</sln:wojIIPWersja><sln:wojIdTeryt>22</sln:wojIdTeryt><sln:wojNazwa>pomorskie</sln:wojNazwa></sln:miejscowosc><sln:miejscowosc><sln:cyklZyciaOd>2017-04-21T00:00:00+02:00</sln:cyklZyciaOd><sln:gmIIPId>517fee14-e3e7-44e5-ae23-a05b87946e8c</sln:gmIIPId><sln:gmIIPPn>PL.PZGIK.200</sln:gmIIPPn><sln:gmIIPWersja>2016-05-05T00:42:39+02:00</sln:gmIIPWersja><sln:gmIdTeryt>2202052</sln:gmIdTeryt><sln:gmNazwa>Konarzyny</sln:gmNazwa><sln:miejscIIPId>232247ba-77f1-4e3d-a416-ec705d53d53d</sln:miejscIIPId><sln:miejscIIPPn>PL.PZGIK.200</sln:miejscIIPPn><sln:miejscIIPWersja>2017-04-21T16:37:03+02:00</sln:miejscIIPWersja><sln:miejscIdTeryt>0746372</sln:miejscIdTeryt><sln:miejscNazwa>Konarzynki</sln:miejscNazwa><sln:miejscRodzaj>Wieś</sln:miejscRodzaj><sln:powIIPId>26701ba6-99f2-4e59-bb04-b4aa7b973ba8</sln:powIIPId><sln:powIIPPn>PL.PZGIK.200</sln:powIIPPn><sln:powIIPWersja>2012-09-27T09:33:51+02:00</sln:powIIPWersja><sln:powIdTeryt>2202</sln:powIdTeryt><sln:powNazwa>chojnicki</sln:powNazwa><sln:waznyOd>2013-06-10T00:00:00+02:00</sln:waznyOd><sln:wojIIPId>ece93e09-0215-42f3-8067-be0649f58d46</sln:wojIIPId><sln:wojIIPPn>PL.PZGIK.200</sln:wojIIPPn><sln:wojIIPWersja>2012-09-27T13:45:13+02:00</sln:wojIIPWersja><sln:wojIdTeryt>22</sln:wojIdTeryt><sln:wojNazwa>pomorskie</sln:wojNazwa></sln:miejscowosc><sln:miejscowosc><sln:cyklZyciaOd>2017-04-21T00:00:00+02:00</sln:cyklZyciaOd><sln:gmIIPId>517fee14-e3e7-44e5-ae23-a05b87946e8c</sln:gmIIPId><sln:gmIIPPn>PL.PZGIK.200</sln:gmIIPPn><sln:gmIIPWersja>2016-05-05T00:42:39+02:00</sln:gmIIPWersja><sln:gmIdTeryt>2202052</sln:gmIdTeryt><sln:gmNazwa>Konarzyny</sln:gmNazwa><sln:miejscIIPId>9757df0d-8f56-4005-a6a9-237eff3a31aa</sln:miejscIIPId><sln:miejscIIPPn>PL.PZGIK.200</sln:miejscIIPPn><sln:miejscIIPWersja>2017-04-21T16:37:03+02:00</sln:miejscIIPWersja><sln:miejscIdTeryt>0746389</sln:miejscIdTeryt><sln:miejscNazwa>Konarzyny</sln:miejscNazwa><sln:miejscRodzaj>Wieś</sln:miejscRodzaj><sln:powIIPId>26701ba6-99f2-4e59-bb04-b4aa7b973ba8</sln:powIIPId><sln:powIIPPn>PL.PZGIK.200</sln:powIIPPn><sln:powIIPWersja>2012-09-27T09:33:51+02:00</sln:powIIPWersja><sln:powIdTeryt>2202</sln:powIdTeryt><sln:powNazwa>chojnicki</sln:powNazwa><sln:waznyOd>2013-06-10T00:00:00+02:00</sln:waznyOd><sln:wojIIPId>ece93e09-0215-42f3-8067-be0649f58d46</sln:wojIIPId><sln:wojIIPPn>PL.PZGIK.200</sln:wojIIPPn><sln:wojIIPWersja>2012-09-27T13:45:13+02:00</sln:wojIIPWersja><sln:wojIdTeryt>22</sln:wojIdTeryt><sln:wojNazwa>pomorskie</sln:wojNazwa></sln:miejscowosc><sln:miejscowosc><sln:cyklZyciaOd>2017-04-21T00:00:00+02:00</sln:cyklZyciaOd><sln:gmIIPId>517fee14-e3e7-44e5-ae23-a05b87946e8c</sln:gmIIPId><sln:gmIIPPn>PL.PZGIK.200</sln:gmIIPPn><sln:gmIIPWersja>2016-05-05T00:42:39+02:00</sln:gmIIPWersja><sln:gmIdTeryt>2202052</sln:gmIdTeryt><sln:gmNazwa>Konarzyny</sln:gmNazwa><sln:miejscIIPId>81a0641b-1af5-40e6-be8d-aa717d172e16</sln:miejscIIPId><sln:miejscIIPPn>PL.PZGIK.200</sln:miejscIIPPn><sln:miejscIIPWersja>2017-04-21T16:37:03+02:00</sln:miejscIIPWersja><sln:miejscIdTeryt>0746395</sln:miejscIdTeryt><sln:miejscNazwa>Korne</sln:miejscNazwa><sln:miejscRodzaj>Inny obiekt</sln:miejscRodzaj><sln:powIIPId>26701ba6-99f2-4e59-bb04-b4aa7b973ba8</sln:powIIPId><sln:powIIPPn>PL.PZGIK.200</sln:powIIPPn><sln:powIIPWersja>2012-09-27T09:33:51+02:00</sln:powIIPWersja><sln:powIdTeryt>2202</sln:powIdTeryt><sln:powNazwa>chojnicki</sln:powNazwa><sln:waznyOd>2013-06-10T00:00:00+02:00</sln:waznyOd><sln:wojIIPId>ece93e09-0215-42f3-8067-be0649f58d46</sln:wojIIPId><sln:wojIIPPn>PL.PZGIK.200</sln:wojIIPPn><sln:wojIIPWersja>2012-09-27T13:45:13+02:00</sln:wojIIPWersja><sln:wojIdTeryt>22</sln:wojIdTeryt><sln:wojNazwa>pomorskie</sln:wojNazwa></sln:miejscowosc><sln:miejscowosc><sln:cyklZyciaOd>2017-04-21T00:00:00+02:00</sln:cyklZyciaOd><sln:gmIIPId>517fee14-e3e7-44e5-ae23-a05b87946e8c</sln:gmIIPId><sln:gmIIPPn>PL.PZGIK.200</sln:gmIIPPn><sln:gmIIPWersja>2016-05-05T00:42:39+02:00</sln:gmIIPWersja><sln:gmIdTeryt>2202052</sln:gmIdTeryt><sln:gmNazwa>Konarzyny</sln:gmNazwa><sln:miejscIIPId>20b5ce10-b929-4959-8777-3d25a33ffd0a</sln:miejscIIPId><sln:miejscIIPPn>PL.PZGIK.200</sln:miejscIIPPn><sln:miejscIIPWersja>2017-04-21T16:37:04+02:00</sln:miejscIIPWersja><sln:miejscIdTeryt>0746403</sln:miejscIdTeryt><sln:miejscNazwa>Nierostowo</sln:miejscNazwa><sln:miejscRodzaj>Wieś</sln:miejscRodzaj><sln:powIIPId>26701ba6-99f2-4e59-bb04-b4aa7b973ba8</sln:powIIPId><sln:powIIPPn>PL.PZGIK.200</sln:powIIPPn><sln:powIIPWersja>2012-09-27T09:33:51+02:00</sln:powIIPWersja><sln:powIdTeryt>2202</sln:powIdTeryt><sln:powNazwa>chojnicki</sln:powNazwa><sln:waznyOd>2013-06-10T00:00:00+02:00</sln:waznyOd><sln:wojIIPId>ece93e09-0215-42f3-8067-be0649f58d46</sln:wojIIPId><sln:wojIIPPn>PL.PZGIK.200</sln:wojIIPPn><sln:wojIIPWersja>2012-09-27T13:45:13+02:00</sln:wojIIPWersja><sln:wojIdTeryt>22</sln:wojIdTeryt><sln:wojNazwa>pomorskie</sln:wojNazwa></sln:miejscowosc><sln:miejscowosc><sln:cyklZyciaOd>2017-04-21T00:00:00+02:00</sln:cyklZyciaOd><sln:gmIIPId>517fee14-e3e7-44e5-ae23-a05b87946e8c</sln:gmIIPId><sln:gmIIPPn>PL.PZGIK.200</sln:gmIIPPn><sln:gmIIPWersja>2016-05-05T00:42:39+02:00</sln:gmIIPWersja><sln:gmIdTeryt>2202052</sln:gmIdTeryt><sln:gmNazwa>Konarzyny</sln:gmNazwa><sln:miejscIIPId>63e5a9c0-5c59-40ac-8e91-7140d40fc57a</sln:miejscIIPId><sln:miejscIIPPn>PL.PZGIK.200</sln:miejscIIPPn><sln:miejscIIPWersja>2017-04-21T16:37:04+02:00</sln:miejscIIPWersja><sln:miejscIdTeryt>0746449</sln:miejscIdTeryt><sln:miejscNazwa>Jaranty</sln:miejscNazwa><sln:miejscRodzaj>Kolonia</sln:miejscRodzaj><sln:powIIPId>26701ba6-99f2-4e59-bb04-b4aa7b973ba8</sln:powIIPId><sln:powIIPPn>PL.PZGIK.200</sln:powIIPPn><sln:powIIPWersja>2012-09-27T09:33:51+02:00</sln:powIIPWersja><sln:powIdTeryt>2202</sln:powIdTeryt><sln:powNazwa>chojnicki</sln:powNazwa><sln:waznyOd>2013-06-10T00:00:00+02:00</sln:waznyOd><sln:wojIIPId>ece93e09-0215-42f3-8067-be0649f58d46</sln:wojIIPId><sln:wojIIPPn>PL.PZGIK.200</sln:wojIIPPn><sln:wojIIPWersja>2012-09-27T13:45:13+02:00</sln:wojIIPWersja><sln:wojIdTeryt>22</sln:wojIdTeryt><sln:wojNazwa>pomorskie</sln:wojNazwa></sln:miejscowosc><sln:miejscowosc><sln:cyklZyciaOd>2017-04-21T00:00:00+02:00</sln:cyklZyciaOd><sln:gmIIPId>517fee14-e3e7-44e5-ae23-a05b87946e8c</sln:gmIIPId><sln:gmIIPPn>PL.PZGIK.200</sln:gmIIPPn><sln:gmIIPWersja>2016-05-05T00:42:39+02:00</sln:gmIIPWersja><sln:gmIdTeryt>2202052</sln:gmIdTeryt><sln:gmNazwa>Konarzyny</sln:gmNazwa><sln:miejscIIPId>35723071-4b0d-4a04-85b7-3a9be4f9a54b</sln:miejscIIPId><sln:miejscIIPPn>PL.PZGIK.200</sln:miejscIIPPn><sln:miejscIIPWersja>2017-04-21T16:37:04+02:00</sln:miejscIIPWersja><sln:miejscIdTeryt>0746455</sln:miejscIdTeryt><sln:miejscNazwa>Zielona Chocina</sln:miejscNazwa><sln:miejscRodzaj>Wieś</sln:miejscRodzaj><sln:powIIPId>26701ba6-99f2-4e59-bb04-b4aa7b973ba8</sln:powIIPId><sln:powIIPPn>PL.PZGIK.200</sln:powIIPPn><sln:powIIPWersja>2012-09-27T09:33:51+02:00</sln:powIIPWersja><sln:powIdTeryt>2202</sln:powIdTeryt><sln:powNazwa>chojnicki</sln:powNazwa><sln:waznyOd>2013-06-10T00:00:00+02:00</sln:waznyOd><sln:wojIIPId>ece93e09-0215-42f3-8067-be0649f58d46</sln:wojIIPId><sln:wojIIPPn>PL.PZGIK.200</sln:wojIIPPn><sln:wojIIPWersja>2012-09-27T13:45:13+02:00</sln:wojIIPWersja><sln:wojIdTeryt>22</sln:wojIdTeryt><sln:wojNazwa>pomorskie</sln:wojNazwa></sln:miejscowosc><sln:miejscowosc><sln:cyklZyciaOd>2017-04-21T00:00:00+02:00</sln:cyklZyciaOd><sln:gmIIPId>517fee14-e3e7-44e5-ae23-a05b87946e8c</sln:gmIIPId><sln:gmIIPPn>PL.PZGIK.200</sln:gmIIPPn><sln:gmIIPWersja>2016-05-05T00:42:39+02:00</sln:gmIIPWersja><sln:gmIdTeryt>2202052</sln:gmIdTeryt><sln:gmNazwa>Konarzyny</sln:gmNazwa><sln:miejscIIPId>17ee4b6c-1691-434f-8a9d-e37eb808a98d</sln:miejscIIPId><sln:miejscIIPPn>PL.PZGIK.200</sln:miejscIIPPn><sln:miejscIIPWersja>2017-04-21T16:37:04+02:00</sln:miejscIIPWersja><sln:miejscIdTeryt>0746478</sln:miejscIdTeryt><sln:miejscNazwa>Boryń</sln:miejscNazwa><sln:miejscRodzaj>Osada</sln:miejscRodzaj><sln:powIIPId>26701ba6-99f2-4e59-bb04-b4aa7b973ba8</sln:powIIPId><sln:powIIPPn>PL.PZGIK.200</sln:powIIPPn><sln:powIIPWersja>2012-09-27T09:33:51+02:00</sln:powIIPWersja><sln:powIdTeryt>2202</sln:powIdTeryt><sln:powNazwa>chojnicki</sln:powNazwa><sln:waznyOd>2013-06-10T00:00:00+02:00</sln:waznyOd><sln:wojIIPId>ece93e09-0215-42f3-8067-be0649f58d46</sln:wojIIPId><sln:wojIIPPn>PL.PZGIK.200</sln:wojIIPPn><sln:wojIIPWersja>2012-09-27T13:45:13+02:00</sln:wojIIPWersja><sln:wojIdTeryt>22</sln:wojIdTeryt><sln:wojNazwa>pomorskie</sln:wojNazwa></sln:miejscowosc><sln:miejscowosc><sln:cyklZyciaOd>2017-04-21T00:00:00+02:00</sln:cyklZyciaOd><sln:gmIIPId>517fee14-e3e7-44e5-ae23-a05b87946e8c</sln:gmIIPId><sln:gmIIPPn>PL.PZGIK.200</sln:gmIIPPn><sln:gmIIPWersja>2016-05-05T00:42:39+02:00</sln:gmIIPWersja><sln:gmIdTeryt>2202052</sln:gmIdTeryt><sln:gmNazwa>Konarzyny</sln:gmNazwa><sln:miejscIIPId>fc2700c7-81b0-40b5-8201-b0d6468c09e9</sln:miejscIIPId><sln:miejscIIPPn>PL.PZGIK.200</sln:miejscIIPPn><sln:miejscIIPWersja>2017-04-21T16:37:04+02:00</sln:miejscIIPWersja><sln:miejscIdTeryt>0746484</sln:miejscIdTeryt><sln:miejscNazwa>Dzięgiel</sln:miejscNazwa><sln:miejscRodzaj>Kolonia</sln:miejscRodzaj><sln:powIIPId>26701ba6-99f2-4e59-bb04-b4aa7b973ba8</sln:powIIPId><sln:powIIPPn>PL.PZGIK.200</sln:powIIPPn><sln:powIIPWersja>2012-09-27T09:33:51+02:00</sln:powIIPWersja><sln:powIdTeryt>2202</sln:powIdTeryt><sln:powNazwa>chojnicki</sln:powNazwa><sln:waznyOd>2013-06-10T00:00:00+02:00</sln:waznyOd><sln:wojIIPId>ece93e09-0215-42f3-8067-be0649f58d46</sln:wojIIPId><sln:wojIIPPn>PL.PZGIK.200</sln:wojIIPPn><sln:wojIIPWersja>2012-09-27T13:45:13+02:00</sln:wojIIPWersja><sln:wojIdTeryt>22</sln:wojIdTeryt><sln:wojNazwa>pomorskie</sln:wojNazwa></sln:miejscowosc><sln:miejscowosc><sln:cyklZyciaOd>2017-04-21T00:00:00+02:00</sln:cyklZyciaOd><sln:gmIIPId>517fee14-e3e7-44e5-ae23-a05b87946e8c</sln:gmIIPId><sln:gmIIPPn>PL.PZGIK.200</sln:gmIIPPn><sln:gmIIPWersja>2016-05-05T00:42:39+02:00</sln:gmIIPWersja><sln:gmIdTeryt>2202052</sln:gmIdTeryt><sln:gmNazwa>Konarzyny</sln:gmNazwa><sln:miejscIIPId>1737c5f6-7825-4723-b05d-711b67029c43</sln:miejscIIPId><sln:miejscIIPPn>PL.PZGIK.200</sln:miejscIIPPn><sln:miejscIIPWersja>2017-04-21T16:37:04+02:00</sln:miejscIIPWersja><sln:miejscIdTeryt>0746490</sln:miejscIdTeryt><sln:miejscNazwa>Jonki</sln:miejscNazwa><sln:miejscRodzaj>Wieś</sln:miejscRodzaj><sln:powIIPId>26701ba6-99f2-4e59-bb04-b4aa7b973ba8</sln:powIIPId><sln:powIIPPn>PL.PZGIK.200</sln:powIIPPn><sln:powIIPWersja>2012-09-27T09:33:51+02:00</sln:powIIPWersja><sln:powIdTeryt>2202</sln:powIdTeryt><sln:powNazwa>chojnicki</sln:powNazwa><sln:waznyOd>2013-06-10T00:00:00+02:00</sln:waznyOd><sln:wojIIPId>ece93e09-0215-42f3-8067-be0649f58d46</sln:wojIIPId><sln:wojIIPPn>PL.PZGIK.200</sln:wojIIPPn><sln:wojIIPWersja>2012-09-27T13:45:13+02:00</sln:wojIIPWersja><sln:wojIdTeryt>22</sln:wojIdTeryt><sln:wojNazwa>pomorskie</sln:wojNazwa></sln:miejscowosc><sln:miejscowosc><sln:cyklZyciaOd>2017-04-21T00:00:00+02:00</sln:cyklZyciaOd><sln:gmIIPId>517fee14-e3e7-44e5-ae23-a05b87946e8c</sln:gmIIPId><sln:gmIIPPn>PL.PZGIK.200</sln:gmIIPPn><sln:gmIIPWersja>2016-05-05T00:42:39+02:00</sln:gmIIPWersja><sln:gmIdTeryt>2202052</sln:gmIdTeryt><sln:gmNazwa>Konarzyny</sln:gmNazwa><sln:miejscIIPId>18b5c114-e045-4271-a245-ae33757641f3</sln:miejscIIPId><sln:miejscIIPPn>PL.PZGIK.200</sln:miejscIIPPn><sln:miejscIIPWersja>2017-04-21T16:37:04+02:00</sln:miejscIIPWersja><sln:miejscIdTeryt>0746515</sln:miejscIdTeryt><sln:miejscNazwa>Niepszczołąg</sln:miejscNazwa><sln:miejscRodzaj>Kolonia</sln:miejscRodzaj><sln:powIIPId>26701ba6-99f2-4e59-bb04-b4aa7b973ba8</sln:powIIPId><sln:powIIPPn>PL.PZGIK.200</sln:powIIPPn><sln:powIIPWersja>2012-09-27T09:33:51+02:00</sln:powIIPWersja><sln:powIdTeryt>2202</sln:powIdTeryt><sln:powNazwa>chojnicki</sln:powNazwa><sln:waznyOd>2013-06-10T00:00:00+02:00</sln:waznyOd><sln:wojIIPId>ece93e09-0215-42f3-8067-be0649f58d46</sln:wojIIPId><sln:wojIIPPn>PL.PZGIK.200</sln:wojIIPPn><sln:wojIIPWersja>2012-09-27T13:45:13+02:00</sln:wojIIPWersja><sln:wojIdTeryt>22</sln:wojIdTeryt><sln:wojNazwa>pomorskie</sln:wojNazwa></sln:miejscowosc><sln:miejscowosc><sln:cyklZyciaOd>2017-04-21T00:00:00+02:00</sln:cyklZyciaOd><sln:gmIIPId>517fee14-e3e7-44e5-ae23-a05b87946e8c</sln:gmIIPId><sln:gmIIPPn>PL.PZGIK.200</sln:gmIIPPn><sln:gmIIPWersja>2016-05-05T00:42:39+02:00</sln:gmIIPWersja><sln:gmIdTeryt>2202052</sln:gmIdTeryt><sln:gmNazwa>Konarzyny</sln:gmNazwa><sln:miejscIIPId>8f90203a-b0ad-4fa0-96c9-e5e5b57783f4</sln:miejscIIPId><sln:miejscIIPPn>PL.PZGIK.200</sln:miejscIIPPn><sln:miejscIIPWersja>2017-04-21T16:37:04+02:00</sln:miejscIIPWersja><sln:miejscIdTeryt>0746544</sln:miejscIdTeryt><sln:miejscNazwa>Parszczenica</sln:miejscNazwa><sln:miejscRodzaj>Kolonia</sln:miejscRodzaj><sln:powIIPId>26701ba6-99f2-4e59-bb04-b4aa7b973ba8</sln:powIIPId><sln:powIIPPn>PL.PZGIK.200</sln:powIIPPn><sln:powIIPWersja>2012-09-27T09:33:51+02:00</sln:powIIPWersja><sln:powIdTeryt>2202</sln:powIdTeryt><sln:powNazwa>chojnicki</sln:powNazwa><sln:waznyOd>2013-06-10T00:00:00+02:00</sln:waznyOd><sln:wojIIPId>ece93e09-0215-42f3-8067-be0649f58d46</sln:wojIIPId><sln:wojIIPPn>PL.PZGIK.200</sln:wojIIPPn><sln:wojIIPWersja>2012-09-27T13:45:13+02:00</sln:wojIIPWersja><sln:wojIdTeryt>22</sln:wojIdTeryt><sln:wojNazwa>pomorskie</sln:wojNazwa></sln:miejscowosc><sln:miejscowosc><sln:cyklZyciaOd>2017-04-21T00:00:00+02:00</sln:cyklZyciaOd><sln:gmIIPId>517fee14-e3e7-44e5-ae23-a05b87946e8c</sln:gmIIPId><sln:gmIIPPn>PL.PZGIK.200</sln:gmIIPPn><sln:gmIIPWersja>2016-05-05T00:42:39+02:00</sln:gmIIPWersja><sln:gmIdTeryt>2202052</sln:gmIdTeryt><sln:gmNazwa>Konarzyny</sln:gmNazwa><sln:miejscIIPId>ffd2a53c-903b-4daf-a8b4-023c7f840025</sln:miejscIIPId><sln:miejscIIPPn>PL.PZGIK.200</sln:miejscIIPPn><sln:miejscIIPWersja>2017-04-21T16:37:04+02:00</sln:miejscIIPWersja><sln:miejscIdTeryt>0746550</sln:miejscIdTeryt><sln:miejscNazwa>Złota Góra</sln:miejscNazwa><sln:miejscRodzaj>Kolonia</sln:miejscRodzaj><sln:powIIPId>26701ba6-99f2-4e59-bb04-b4aa7b973ba8</sln:powIIPId><sln:powIIPPn>PL.PZGIK.200</sln:powIIPPn><sln:powIIPWersja>2012-09-27T09:33:51+02:00</sln:powIIPWersja><sln:powIdTeryt>2202</sln:powIdTeryt><sln:powNazwa>chojnicki</sln:powNazwa><sln:waznyOd>2013-06-10T00:00:00+02:00</sln:waznyOd><sln:wojIIPId>ece93e09-0215-42f3-8067-be0649f58d46</sln:wojIIPId><sln:wojIIPPn>PL.PZGIK.200</sln:wojIIPPn><sln:wojIIPWersja>2012-09-27T13:45:13+02:00</sln:wojIIPWersja><sln:wojIdTeryt>22</sln:wojIdTeryt><sln:wojNazwa>pomorskie</sln:wojNazwa></sln:miejscowosc><sln:miejscowosc><sln:cyklZyciaOd>2017-04-21T00:00:00+02:00</sln:cyklZyciaOd><sln:gmIIPId>517fee14-e3e7-44e5-ae23-a05b87946e8c</sln:gmIIPId><sln:gmIIPPn>PL.PZGIK.200</sln:gmIIPPn><sln:gmIIPWersja>2016-05-05T00:42:39+02:00</sln:gmIIPWersja><sln:gmIdTeryt>2202052</sln:gmIdTeryt><sln:gmNazwa>Konarzyny</sln:gmNazwa><sln:miejscIIPId>b3a7594f-6c44-4921-bccf-26c96f6bc141</sln:miejscIIPId><sln:miejscIIPPn>PL.PZGIK.200</sln:miejscIIPPn><sln:miejscIIPWersja>2017-04-21T16:37:04+02:00</sln:miejscIIPWersja><sln:miejscIdTeryt>0746567</sln:miejscIdTeryt><sln:miejscNazwa>Zielona Huta</sln:miejscNazwa><sln:miejscRodzaj>Wieś</sln:miejscRodzaj><sln:powIIPId>26701ba6-99f2-4e59-bb04-b4aa7b973ba8</sln:powIIPId><sln:powIIPPn>PL.PZGIK.200</sln:powIIPPn><sln:powIIPWersja>2012-09-27T09:33:51+02:00</sln:powIIPWersja><sln:powIdTeryt>2202</sln:powIdTeryt><sln:powNazwa>chojnicki</sln:powNazwa><sln:waznyOd>2013-06-10T00:00:00+02:00</sln:waznyOd><sln:wojIIPId>ece93e09-0215-42f3-8067-be0649f58d46</sln:wojIIPId><sln:wojIIPPn>PL.PZGIK.200</sln:wojIIPPn><sln:wojIIPWersja>2012-09-27T13:45:13+02:00</sln:wojIIPWersja><sln:wojIdTeryt>22</sln:wojIdTeryt><sln:wojNazwa>pomorskie</sln:wojNazwa></sln:miejscowosc><sln:miejscowosc><sln:cyklZyciaOd>2017-04-21T00:00:00+02:00</sln:cyklZyciaOd><sln:gmIIPId>517fee14-e3e7-44e5-ae23-a05b87946e8c</sln:gmIIPId><sln:gmIIPPn>PL.PZGIK.200</sln:gmIIPPn><sln:gmIIPWersja>2016-05-05T00:42:39+02:00</sln:gmIIPWersja><sln:gmIdTeryt>2202052</sln:gmIdTeryt><sln:gmNazwa>Konarzyny</sln:gmNazwa><sln:miejscIIPId>0c0d6a79-4540-4e74-9415-8c470cc91c4b</sln:miejscIIPId><sln:miejscIIPPn>PL.PZGIK.200</sln:miejscIIPPn><sln:miejscIIPWersja>2017-04-21T16:37:04+02:00</sln:miejscIIPWersja><sln:miejscIdTeryt>0746580</sln:miejscIdTeryt><sln:miejscNazwa>Żychce</sln:miejscNazwa><sln:miejscRodzaj>Wieś</sln:miejscRodzaj><sln:powIIPId>26701ba6-99f2-4e59-bb04-b4aa7b973ba8</sln:powIIPId><sln:powIIPPn>PL.PZGIK.200</sln:powIIPPn><sln:powIIPWersja>2012-09-27T09:33:51+02:00</sln:powIIPWersja><sln:powIdTeryt>2202</sln:powIdTeryt><sln:powNazwa>chojnicki</sln:powNazwa><sln:waznyOd>2013-06-10T00:00:00+02:00</sln:waznyOd><sln:wojIIPId>ece93e09-0215-42f3-8067-be0649f58d46</sln:wojIIPId><sln:wojIIPPn>PL.PZGIK.200</sln:wojIIPPn><sln:wojIIPWersja>2012-09-27T13:45:13+02:00</sln:wojIIPWersja><sln:wojIdTeryt>22</sln:wojIdTeryt><sln:wojNazwa>pomorskie</sln:wojNazwa></sln:miejscowosc><sln:miejscowosc><sln:cyklZyciaOd>2017-04-21T00:00:00+02:00</sln:cyklZyciaOd><sln:gmIIPId>517fee14-e3e7-44e5-ae23-a05b87946e8c</sln:gmIIPId><sln:gmIIPPn>PL.PZGIK.200</sln:gmIIPPn><sln:gmIIPWersja>2016-05-05T00:42:39+02:00</sln:gmIIPWersja><sln:gmIdTeryt>2202052</sln:gmIdTeryt><sln:gmNazwa>Konarzyny</sln:gmNazwa><sln:miejscIIPId>57609077-9d66-42fc-b312-67fb53f33f28</sln:miejscIIPId><sln:miejscIIPPn>PL.PZGIK.200</sln:miejscIIPPn><sln:miejscIIPWersja>2017-04-21T16:37:04+02:00</sln:miejscIIPWersja><sln:miejscIdTeryt>0746596</sln:miejscIdTeryt><sln:miejscNazwa>Żychckie Osady</sln:miejscNazwa><sln:miejscRodzaj>Inny obiekt</sln:miejscRodzaj><sln:powIIPId>26701ba6-99f2-4e59-bb04-b4aa7b973ba8</sln:powIIPId><sln:powIIPPn>PL.PZGIK.200</sln:powIIPPn><sln:powIIPWersja>2012-09-27T09:33:51+02:00</sln:powIIPWersja><sln:powIdTeryt>2202</sln:powIdTeryt><sln:powNazwa>chojnicki</sln:powNazwa><sln:waznyOd>2013-06-10T00:00:00+02:00</sln:waznyOd><sln:wojIIPId>ece93e09-0215-42f3-8067-be0649f58d46</sln:wojIIPId><sln:wojIIPPn>PL.PZGIK.200</sln:wojIIPPn><sln:wojIIPWersja>2012-09-27T13:45:13+02:00</sln:wojIIPWersja><sln:wojIdTeryt>22</sln:wojIdTeryt><sln:wojNazwa>pomorskie</sln:wojNazwa></sln:miejscowosc></sln:lista-miejscowosci>