<?xml version="1.0" encoding="UTF-8" standalone="yes"?><sln:lista-miejscowosci xmlns:srv="http://gugik.gov.pl/schemas/slowniki-service/1.0" xmlns:sln="http://gugik.gov.pl/schemas/slowniki-schema/1.0"><sln:miejscowosc><sln:cyklZyciaDo>2017-04-05T00:00:00+02:00</sln:cyklZyciaDo><sln:cyklZyciaOd>2015-11-30T00:00:00+01:00</sln:cyklZyciaOd><sln:gmIIPId>858bb339-7076-475d-96e0-f69321a8ca6e</sln:gmIIPId><sln:gmIIPPn>PL.PZGIK.200</sln:gmIIPPn><sln:gmIIPWersja>2012-09-26T22:45:43+02:00</sln:gmIIPWersja><sln:gmIdTeryt>2206052</sln:gmIdTeryt><sln:gmNazwa>Liniewo</sln:gmNazwa><sln:miejscIIPId>7b65da76-2db2-45ff-9d8a-08caffeb8706</sln:miejscIIPId><sln:miejscIIPPn>PL.PZGIK.200</sln:miejscIIPPn><sln:miejscIIPWersja>2016-11-24T09:29:05+02:00</sln:miejscIIPWersja><sln:miejscIdTeryt>0165965</sln:miejscIdTeryt><sln:miejscNazwa>Bukowe Pole</sln:miejscNazwa><sln:miejscRodzaj>Inny obiekt</sln:miejscRodzaj><sln:powIIPId>5abcd674-cb07-4f48-bd7c-d098c05ecd6d</sln:powIIPId><sln:powIIPPn>PL.PZGIK.200</sln:powIIPPn><sln:powIIPWersja>2012-09-27T09:33:51+02:00</sln:powIIPWersja><sln:powIdTeryt>2206</sln:powIdTeryt><sln:powNazwa>kościerski</sln:powNazwa><sln:waznyOd>2011-08-29T00:00:00+02:00</sln:waznyOd><sln:wojIIPId>ece93e09-0215-42f3-8067-be0649f58d46</sln:wojIIPId><sln:wojIIPPn>PL.PZGIK.200</sln:wojIIPPn><sln:wojIIPWersja>2012-09-27T13:45:13+02:00</sln:wojIIPWersja><sln:wojIdTeryt>22</sln:wojIdTeryt><sln:wojNazwa>pomorskie</sln:wojNazwa></sln:miejscowosc><sln:miejscowosc><sln:cyklZyciaDo>2017-04-05T00:00:00+02:00</sln:cyklZyciaDo><sln:cyklZyciaOd>2015-11-30T00:00:00+01:00</sln:cyklZyciaOd><sln:gmIIPId>858bb339-7076-475d-96e0-f69321a8ca6e</sln:gmIIPId><sln:gmIIPPn>PL.PZGIK.200</sln:gmIIPPn><sln:gmIIPWersja>2012-09-26T22:45:43+02:00</sln:gmIIPWersja><sln:gmIdTeryt>2206052</sln:gmIdTeryt><sln:gmNazwa>Liniewo</sln:gmNazwa><sln:miejscIIPId>959cad9e-d68d-46b0-b17f-0454e39ec93f</sln:miejscIIPId><sln:miejscIIPPn>PL.PZGIK.200</sln:miejscIIPPn><sln:miejscIIPWersja>2016-11-24T09:29:05+02:00</sln:miejscIIPWersja><sln:miejscIdTeryt>0165787</sln:miejscIdTeryt><sln:miejscNazwa>Chrósty Wysińskie</sln:miejscNazwa><sln:miejscRodzaj>Wieś</sln:miejscRodzaj><sln:powIIPId>5abcd674-cb07-4f48-bd7c-d098c05ecd6d</sln:powIIPId><sln:powIIPPn>PL.PZGIK.200</sln:powIIPPn><sln:powIIPWersja>2012-09-27T09:33:51+02:00</sln:powIIPWersja><sln:powIdTeryt>2206</sln:powIdTeryt><sln:powNazwa>kościerski</sln:powNazwa><sln:waznyOd>2011-08-26T00:00:00+02:00</sln:waznyOd><sln:wojIIPId>ece93e09-0215-42f3-8067-be0649f58d46</sln:wojIIPId><sln:wojIIPPn>PL.PZGIK.200</sln:wojIIPPn><sln:wojIIPWersja>2012-09-27T13:45:13+02:00</sln:wojIIPWersja><sln:wojIdTeryt>22</sln:wojIdTeryt><sln:wojNazwa>pomorskie</sln:wojNazwa></sln:miejscowosc><sln:miejscowosc><sln:cyklZyciaDo>2017-04-05T00:00:00+02:00</sln:cyklZyciaDo><sln:cyklZyciaOd>2015-11-30T00:00:00+01:00</sln:cyklZyciaOd><sln:gmIIPId>858bb339-7076-475d-96e0-f69321a8ca6e</sln:gmIIPId><sln:gmIIPPn>PL.PZGIK.200</sln:gmIIPPn><sln:gmIIPWersja>2012-09-26T22:45:43+02:00</sln:gmIIPWersja><sln:gmIdTeryt>2206052</sln:gmIdTeryt><sln:gmNazwa>Liniewo</sln:gmNazwa><sln:miejscIIPId>0e969db5-e20c-4efe-9353-c84eb2dc649d</sln:miejscIIPId><sln:miejscIIPPn>PL.PZGIK.200</sln:miejscIIPPn><sln:miejscIIPWersja>2016-11-24T09:29:05+02:00</sln:miejscIIPWersja><sln:miejscIdTeryt>0165801</sln:miejscIdTeryt><sln:miejscNazwa>Chrztowo</sln:miejscNazwa><sln:miejscRodzaj>Wieś</sln:miejscRodzaj><sln:powIIPId>5abcd674-cb07-4f48-bd7c-d098c05ecd6d</sln:powIIPId><sln:powIIPPn>PL.PZGIK.200</sln:powIIPPn><sln:powIIPWersja>2012-09-27T09:33:51+02:00</sln:powIIPWersja><sln:powIdTeryt>2206</sln:powIdTeryt><sln:powNazwa>kościerski</sln:powNazwa><sln:waznyOd>2011-08-26T00:00:00+02:00</sln:waznyOd><sln:wojIIPId>ece93e09-0215-42f3-8067-be0649f58d46</sln:wojIIPId><sln:wojIIPPn>PL.PZGIK.200</sln:wojIIPPn><sln:wojIIPWersja>2012-09-27T13:45:13+02:00</sln:wojIIPWersja><sln:wojIdTeryt>22</sln:wojIdTeryt><sln:wojNazwa>pomorskie</sln:wojNazwa></sln:miejscowosc><sln:miejscowosc><sln:cyklZyciaDo>2017-04-05T00:00:00+02:00</sln:cyklZyciaDo><sln:cyklZyciaOd>2015-11-30T00:00:00+01:00</sln:cyklZyciaOd><sln:gmIIPId>858bb339-7076-475d-96e0-f69321a8ca6e</sln:gmIIPId><sln:gmIIPPn>PL.PZGIK.200</sln:gmIIPPn><sln:gmIIPWersja>2012-09-26T22:45:43+02:00</sln:gmIIPWersja><sln:gmIdTeryt>2206052</sln:gmIdTeryt><sln:gmNazwa>Liniewo</sln:gmNazwa><sln:miejscIIPId>69b7f737-f2d5-4a97-a1e7-58929b6d8d40</sln:miejscIIPId><sln:miejscIIPPn>PL.PZGIK.200</sln:miejscIIPPn><sln:miejscIIPWersja>2016-11-24T09:29:05+02:00</sln:miejscIIPWersja><sln:miejscIdTeryt>0165994</sln:miejscIdTeryt><sln:miejscNazwa>Deka</sln:miejscNazwa><sln:miejscRodzaj>Wieś</sln:miejscRodzaj><sln:powIIPId>5abcd674-cb07-4f48-bd7c-d098c05ecd6d</sln:powIIPId><sln:powIIPPn>PL.PZGIK.200</sln:powIIPPn><sln:powIIPWersja>2012-09-27T09:33:51+02:00</sln:powIIPWersja><sln:powIdTeryt>2206</sln:powIdTeryt><sln:powNazwa>kościerski</sln:powNazwa><sln:waznyOd>2011-08-26T00:00:00+02:00</sln:waznyOd><sln:wojIIPId>ece93e09-0215-42f3-8067-be0649f58d46</sln:wojIIPId><sln:wojIIPPn>PL.PZGIK.200</sln:wojIIPPn><sln:wojIIPWersja>2012-09-27T13:45:13+02:00</sln:wojIIPWersja><sln:wojIdTeryt>22</sln:wojIdTeryt><sln:wojNazwa>pomorskie</sln:wojNazwa></sln:miejscowosc><sln:miejscowosc><sln:cyklZyciaDo>2017-04-05T00:00:00+02:00</sln:cyklZyciaDo><sln:cyklZyciaOd>2015-11-30T00:00:00+01:00</sln:cyklZyciaOd><sln:gmIIPId>858bb339-7076-475d-96e0-f69321a8ca6e</sln:gmIIPId><sln:gmIIPPn>PL.PZGIK.200</sln:gmIIPPn><sln:gmIIPWersja>2012-09-26T22:45:43+02:00</sln:gmIIPWersja><sln:gmIdTeryt>2206052</sln:gmIdTeryt><sln:gmNazwa>Liniewo</sln:gmNazwa><sln:miejscIIPId>e052617f-d7b4-43bc-b96e-1e3de29b8b43</sln:miejscIIPId><sln:miejscIIPPn>PL.PZGIK.200</sln:miejscIIPPn><sln:miejscIIPWersja>2016-11-24T09:29:05+02:00</sln:miejscIIPWersja><sln:miejscIdTeryt>0165824</sln:miejscIdTeryt><sln:miejscNazwa>Garczyn</sln:miejscNazwa><sln:miejscRodzaj>Wieś</sln:miejscRodzaj><sln:powIIPId>5abcd674-cb07-4f48-bd7c-d098c05ecd6d</sln:powIIPId><sln:powIIPPn>PL.PZGIK.200</sln:powIIPPn><sln:powIIPWersja>2012-09-27T09:33:51+02:00</sln:powIIPWersja><sln:powIdTeryt>2206</sln:powIdTeryt><sln:powNazwa>kościerski</sln:powNazwa><sln:waznyOd>2011-08-26T00:00:00+02:00</sln:waznyOd><sln:wojIIPId>ece93e09-0215-42f3-8067-be0649f58d46</sln:wojIIPId><sln:wojIIPPn>PL.PZGIK.200</sln:wojIIPPn><sln:wojIIPWersja>2012-09-27T13:45:13+02:00</sln:wojIIPWersja><sln:wojIdTeryt>22</sln:wojIdTeryt><sln:wojNazwa>pomorskie</sln:wojNazwa></sln:miejscowosc><sln:miejscowosc><sln:cyklZyciaDo>2017-04-05T00:00:00+02:00</sln:cyklZyciaDo><sln:cyklZyciaOd>2015-11-30T00:00:00+01:00</sln:cyklZyciaOd><sln:gmIIPId>858bb339-7076-475d-96e0-f69321a8ca6e</sln:gmIIPId><sln:gmIIPPn>PL.PZGIK.200</sln:gmIIPPn><sln:gmIIPWersja>2012-09-26T22:45:43+02:00</sln:gmIIPWersja><sln:gmIdTeryt>2206052</sln:gmIdTeryt><sln:gmNazwa>Liniewo</sln:gmNazwa><sln:miejscIIPId>69ca44ea-b776-46a6-bb9b-13a686a342d2</sln:miejscIIPId><sln:miejscIIPPn>PL.PZGIK.200</sln:miejscIIPPn><sln:miejscIIPWersja>2016-11-24T09:29:05+02:00</sln:miejscIIPWersja><sln:miejscIdTeryt>0165853</sln:miejscIdTeryt><sln:miejscNazwa>Głodowo</sln:miejscNazwa><sln:miejscRodzaj>Wieś</sln:miejscRodzaj><sln:powIIPId>5abcd674-cb07-4f48-bd7c-d098c05ecd6d</sln:powIIPId><sln:powIIPPn>PL.PZGIK.200</sln:powIIPPn><sln:powIIPWersja>2012-09-27T09:33:51+02:00</sln:powIIPWersja><sln:powIdTeryt>2206</sln:powIdTeryt><sln:powNazwa>kościerski</sln:powNazwa><sln:waznyOd>2011-08-26T00:00:00+02:00</sln:waznyOd><sln:wojIIPId>ece93e09-0215-42f3-8067-be0649f58d46</sln:wojIIPId><sln:wojIIPPn>PL.PZGIK.200</sln:wojIIPPn><sln:wojIIPWersja>2012-09-27T13:45:13+02:00</sln:wojIIPWersja><sln:wojIdTeryt>22</sln:wojIdTeryt><sln:wojNazwa>pomorskie</sln:wojNazwa></sln:miejscowosc><sln:miejscowosc><sln:cyklZyciaDo>2017-04-05T00:00:00+02:00</sln:cyklZyciaDo><sln:cyklZyciaOd>2015-11-30T00:00:00+01:00</sln:cyklZyciaOd><sln:gmIIPId>858bb339-7076-475d-96e0-f69321a8ca6e</sln:gmIIPId><sln:gmIIPPn>PL.PZGIK.200</sln:gmIIPPn><sln:gmIIPWersja>2012-09-26T22:45:43+02:00</sln:gmIIPWersja><sln:gmIdTeryt>2206052</sln:gmIdTeryt><sln:gmNazwa>Liniewo</sln:gmNazwa><sln:miejscIIPId>beb41140-0223-4ec4-9ff2-55d930330b29</sln:miejscIIPId><sln:miejscIIPPn>PL.PZGIK.200</sln:miejscIIPPn><sln:miejscIIPWersja>2016-11-24T09:29:05+02:00</sln:miejscIIPWersja><sln:miejscIdTeryt>0165860</sln:miejscIdTeryt><sln:miejscNazwa>Iłownica</sln:miejscNazwa><sln:miejscRodzaj>Wieś</sln:miejscRodzaj><sln:powIIPId>5abcd674-cb07-4f48-bd7c-d098c05ecd6d</sln:powIIPId><sln:powIIPPn>PL.PZGIK.200</sln:powIIPPn><sln:powIIPWersja>2012-09-27T09:33:51+02:00</sln:powIIPWersja><sln:powIdTeryt>2206</sln:powIdTeryt><sln:powNazwa>kościerski</sln:powNazwa><sln:waznyOd>2011-08-26T00:00:00+02:00</sln:waznyOd><sln:wojIIPId>ece93e09-0215-42f3-8067-be0649f58d46</sln:wojIIPId><sln:wojIIPPn>PL.PZGIK.200</sln:wojIIPPn><sln:wojIIPWersja>2012-09-27T13:45:13+02:00</sln:wojIIPWersja><sln:wojIdTeryt>22</sln:wojIdTeryt><sln:wojNazwa>pomorskie</sln:wojNazwa></sln:miejscowosc><sln:miejscowosc><sln:cyklZyciaDo>2017-04-05T00:00:00+02:00</sln:cyklZyciaDo><sln:cyklZyciaOd>2015-11-30T00:00:00+01:00</sln:cyklZyciaOd><sln:gmIIPId>858bb339-7076-475d-96e0-f69321a8ca6e</sln:gmIIPId><sln:gmIIPPn>PL.PZGIK.200</sln:gmIIPPn><sln:gmIIPWersja>2012-09-26T22:45:43+02:00</sln:gmIIPWersja><sln:gmIdTeryt>2206052</sln:gmIdTeryt><sln:gmNazwa>Liniewo</sln:gmNazwa><sln:miejscIIPId>d950906f-91b2-4a8c-a204-d2734be73c43</sln:miejscIIPId><sln:miejscIIPPn>PL.PZGIK.200</sln:miejscIIPPn><sln:miejscIIPWersja>2016-11-24T09:29:05+02:00</sln:miejscIIPWersja><sln:miejscIdTeryt>0165899</sln:miejscIdTeryt><sln:miejscNazwa>Liniewskie Góry</sln:miejscNazwa><sln:miejscRodzaj>Osada</sln:miejscRodzaj><sln:powIIPId>5abcd674-cb07-4f48-bd7c-d098c05ecd6d</sln:powIIPId><sln:powIIPPn>PL.PZGIK.200</sln:powIIPPn><sln:powIIPWersja>2012-09-27T09:33:51+02:00</sln:powIIPWersja><sln:powIdTeryt>2206</sln:powIdTeryt><sln:powNazwa>kościerski</sln:powNazwa><sln:waznyOd>2013-02-28T00:00:00+01:00</sln:waznyOd><sln:wojIIPId>ece93e09-0215-42f3-8067-be0649f58d46</sln:wojIIPId><sln:wojIIPPn>PL.PZGIK.200</sln:wojIIPPn><sln:wojIIPWersja>2012-09-27T13:45:13+02:00</sln:wojIIPWersja><sln:wojIdTeryt>22</sln:wojIdTeryt><sln:wojNazwa>pomorskie</sln:wojNazwa></sln:miejscowosc><sln:miejscowosc><sln:cyklZyciaDo>2017-04-05T00:00:00+02:00</sln:cyklZyciaDo><sln:cyklZyciaOd>2015-11-30T00:00:00+01:00</sln:cyklZyciaOd><sln:gmIIPId>858bb339-7076-475d-96e0-f69321a8ca6e</sln:gmIIPId><sln:gmIIPPn>PL.PZGIK.200</sln:gmIIPPn><sln:gmIIPWersja>2012-09-26T22:45:43+02:00</sln:gmIIPWersja><sln:gmIdTeryt>2206052</sln:gmIdTeryt><sln:gmNazwa>Liniewo</sln:gmNazwa><sln:miejscIIPId>a1feee47-37b6-4415-8d08-9b845734bcf8</sln:miejscIIPId><sln:miejscIIPPn>PL.PZGIK.200</sln:miejscIIPPn><sln:miejscIIPWersja>2016-11-24T09:29:05+02:00</sln:miejscIIPWersja><sln:miejscIdTeryt>0165920</sln:miejscIdTeryt><sln:miejscNazwa>Lubieszyn</sln:miejscNazwa><sln:miejscRodzaj>Wieś</sln:miejscRodzaj><sln:powIIPId>5abcd674-cb07-4f48-bd7c-d098c05ecd6d</sln:powIIPId><sln:powIIPPn>PL.PZGIK.200</sln:powIIPPn><sln:powIIPWersja>2012-09-27T09:33:51+02:00</sln:powIIPWersja><sln:powIdTeryt>2206</sln:powIdTeryt><sln:powNazwa>kościerski</sln:powNazwa><sln:waznyOd>2011-08-26T00:00:00+02:00</sln:waznyOd><sln:wojIIPId>ece93e09-0215-42f3-8067-be0649f58d46</sln:wojIIPId><sln:wojIIPPn>PL.PZGIK.200</sln:wojIIPPn><sln:wojIIPWersja>2012-09-27T13:45:13+02:00</sln:wojIIPWersja><sln:wojIdTeryt>22</sln:wojIdTeryt><sln:wojNazwa>pomorskie</sln:wojNazwa></sln:miejscowosc><sln:miejscowosc><sln:cyklZyciaDo>2017-04-05T00:00:00+02:00</sln:cyklZyciaDo><sln:cyklZyciaOd>2015-11-30T00:00:00+01:00</sln:cyklZyciaOd><sln:gmIIPId>858bb339-7076-475d-96e0-f69321a8ca6e</sln:gmIIPId><sln:gmIIPPn>PL.PZGIK.200</sln:gmIIPPn><sln:gmIIPWersja>2012-09-26T22:45:43+02:00</sln:gmIIPWersja><sln:gmIdTeryt>2206052</sln:gmIdTeryt><sln:gmNazwa>Liniewo</sln:gmNazwa><sln:miejscIIPId>047d8188-311e-4dd6-a287-d945025d0f3d</sln:miejscIIPId><sln:miejscIIPPn>PL.PZGIK.200</sln:miejscIIPPn><sln:miejscIIPWersja>2016-11-24T09:29:05+02:00</sln:miejscIIPWersja><sln:miejscIdTeryt>0165936</sln:miejscIdTeryt><sln:miejscNazwa>Lubieszynek</sln:miejscNazwa><sln:miejscRodzaj>Wieś</sln:miejscRodzaj><sln:powIIPId>5abcd674-cb07-4f48-bd7c-d098c05ecd6d</sln:powIIPId><sln:powIIPPn>PL.PZGIK.200</sln:powIIPPn><sln:powIIPWersja>2012-09-27T09:33:51+02:00</sln:powIIPWersja><sln:powIdTeryt>2206</sln:powIdTeryt><sln:powNazwa>kościerski</sln:powNazwa><sln:waznyOd>2011-12-05T00:00:00+01:00</sln:waznyOd><sln:wojIIPId>ece93e09-0215-42f3-8067-be0649f58d46</sln:wojIIPId><sln:wojIIPPn>PL.PZGIK.200</sln:wojIIPPn><sln:wojIIPWersja>2012-09-27T13:45:13+02:00</sln:wojIIPWersja><sln:wojIdTeryt>22</sln:wojIdTeryt><sln:wojNazwa>pomorskie</sln:wojNazwa></sln:miejscowosc><sln:miejscowosc><sln:cyklZyciaDo>2017-04-05T00:00:00+02:00</sln:cyklZyciaDo><sln:cyklZyciaOd>2015-11-30T00:00:00+01:00</sln:cyklZyciaOd><sln:gmIIPId>858bb339-7076-475d-96e0-f69321a8ca6e</sln:gmIIPId><sln:gmIIPPn>PL.PZGIK.200</sln:gmIIPPn><sln:gmIIPWersja>2012-09-26T22:45:43+02:00</sln:gmIIPWersja><sln:gmIdTeryt>2206052</sln:gmIdTeryt><sln:gmNazwa>Liniewo</sln:gmNazwa><sln:miejscIIPId>ff1ad1c2-eb86-4a15-bc50-f2db9b6e46e5</sln:miejscIIPId><sln:miejscIIPPn>PL.PZGIK.200</sln:miejscIIPPn><sln:miejscIIPWersja>2016-11-24T09:29:05+02:00</sln:miejscIIPWersja><sln:miejscIdTeryt>0166002</sln:miejscIdTeryt><sln:miejscNazwa>Mestwinowo</sln:miejscNazwa><sln:miejscRodzaj>Osada</sln:miejscRodzaj><sln:powIIPId>5abcd674-cb07-4f48-bd7c-d098c05ecd6d</sln:powIIPId><sln:powIIPPn>PL.PZGIK.200</sln:powIIPPn><sln:powIIPWersja>2012-09-27T09:33:51+02:00</sln:powIIPWersja><sln:powIdTeryt>2206</sln:powIdTeryt><sln:powNazwa>kościerski</sln:powNazwa><sln:waznyOd>2011-08-26T00:00:00+02:00</sln:waznyOd><sln:wojIIPId>ece93e09-0215-42f3-8067-be0649f58d46</sln:wojIIPId><sln:wojIIPPn>PL.PZGIK.200</sln:wojIIPPn><sln:wojIIPWersja>2012-09-27T13:45:13+02:00</sln:wojIIPWersja><sln:wojIdTeryt>22</sln:wojIdTeryt><sln:wojNazwa>pomorskie</sln:wojNazwa></sln:miejscowosc><sln:miejscowosc><sln:cyklZyciaDo>2017-04-05T00:00:00+02:00</sln:cyklZyciaDo><sln:cyklZyciaOd>2015-11-30T00:00:00+01:00</sln:cyklZyciaOd><sln:gmIIPId>858bb339-7076-475d-96e0-f69321a8ca6e</sln:gmIIPId><sln:gmIIPPn>PL.PZGIK.200</sln:gmIIPPn><sln:gmIIPWersja>2012-09-26T22:45:43+02:00</sln:gmIIPWersja><sln:gmIdTeryt>2206052</sln:gmIdTeryt><sln:gmNazwa>Liniewo</sln:gmNazwa><sln:miejscIIPId>b2148d3f-5b64-42e0-8e53-6f54355ac863</sln:miejscIIPId><sln:miejscIIPPn>PL.PZGIK.200</sln:miejscIIPPn><sln:miejscIIPWersja>2016-11-24T09:29:05+02:00</sln:miejscIIPWersja><sln:miejscIdTeryt>0166019</sln:miejscIdTeryt><sln:miejscNazwa>Milonki</sln:miejscNazwa><sln:miejscRodzaj>Osada</sln:miejscRodzaj><sln:powIIPId>5abcd674-cb07-4f48-bd7c-d098c05ecd6d</sln:powIIPId><sln:powIIPPn>PL.PZGIK.200</sln:powIIPPn><sln:powIIPWersja>2012-09-27T09:33:51+02:00</sln:powIIPWersja><sln:powIdTeryt>2206</sln:powIdTeryt><sln:powNazwa>kościerski</sln:powNazwa><sln:waznyOd>2011-08-26T00:00:00+02:00</sln:waznyOd><sln:wojIIPId>ece93e09-0215-42f3-8067-be0649f58d46</sln:wojIIPId><sln:wojIIPPn>PL.PZGIK.200</sln:wojIIPPn><sln:wojIIPWersja>2012-09-27T13:45:13+02:00</sln:wojIIPWersja><sln:wojIdTeryt>22</sln:wojIdTeryt><sln:wojNazwa>pomorskie</sln:wojNazwa></sln:miejscowosc><sln:miejscowosc><sln:cyklZyciaDo>2017-04-05T00:00:00+02:00</sln:cyklZyciaDo><sln:cyklZyciaOd>2015-11-30T00:00:00+01:00</sln:cyklZyciaOd><sln:gmIIPId>858bb339-7076-475d-96e0-f69321a8ca6e</sln:gmIIPId><sln:gmIIPPn>PL.PZGIK.200</sln:gmIIPPn><sln:gmIIPWersja>2012-09-26T22:45:43+02:00</sln:gmIIPWersja><sln:gmIdTeryt>2206052</sln:gmIdTeryt><sln:gmNazwa>Liniewo</sln:gmNazwa><sln:miejscIIPId>29570141-5f06-463c-aa8a-c57b01df106e</sln:miejscIIPId><sln:miejscIIPPn>PL.PZGIK.200</sln:miejscIIPPn><sln:miejscIIPWersja>2016-11-24T09:29:05+02:00</sln:miejscIIPWersja><sln:miejscIdTeryt>0165847</sln:miejscIdTeryt><sln:miejscNazwa>Orle</sln:miejscNazwa><sln:miejscRodzaj>Osada</sln:miejscRodzaj><sln:powIIPId>5abcd674-cb07-4f48-bd7c-d098c05ecd6d</sln:powIIPId><sln:powIIPPn>PL.PZGIK.200</sln:powIIPPn><sln:powIIPWersja>2012-09-27T09:33:51+02:00</sln:powIIPWersja><sln:powIdTeryt>2206</sln:powIdTeryt><sln:powNazwa>kościerski</sln:powNazwa><sln:waznyOd>2011-08-26T00:00:00+02:00</sln:waznyOd><sln:wojIIPId>ece93e09-0215-42f3-8067-be0649f58d46</sln:wojIIPId><sln:wojIIPPn>PL.PZGIK.200</sln:wojIIPPn><sln:wojIIPWersja>2012-09-27T13:45:13+02:00</sln:wojIIPWersja><sln:wojIdTeryt>22</sln:wojIdTeryt><sln:wojNazwa>pomorskie</sln:wojNazwa></sln:miejscowosc><sln:miejscowosc><sln:cyklZyciaDo>2017-04-05T00:00:00+02:00</sln:cyklZyciaDo><sln:cyklZyciaOd>2015-11-30T00:00:00+01:00</sln:cyklZyciaOd><sln:gmIIPId>858bb339-7076-475d-96e0-f69321a8ca6e</sln:gmIIPId><sln:gmIIPPn>PL.PZGIK.200</sln:gmIIPPn><sln:gmIIPWersja>2012-09-26T22:45:43+02:00</sln:gmIIPWersja><sln:gmIdTeryt>2206052</sln:gmIdTeryt><sln:gmNazwa>Liniewo</sln:gmNazwa><sln:miejscIIPId>11d9adcb-3971-4925-a0d0-46506a5db67f</sln:miejscIIPId><sln:miejscIIPPn>PL.PZGIK.200</sln:miejscIIPPn><sln:miejscIIPWersja>2016-11-24T09:29:05+02:00</sln:miejscIIPWersja><sln:miejscIdTeryt>0165942</sln:miejscIdTeryt><sln:miejscNazwa>Płachty</sln:miejscNazwa><sln:miejscRodzaj>Wieś</sln:miejscRodzaj><sln:powIIPId>5abcd674-cb07-4f48-bd7c-d098c05ecd6d</sln:powIIPId><sln:powIIPPn>PL.PZGIK.200</sln:powIIPPn><sln:powIIPWersja>2012-09-27T09:33:51+02:00</sln:powIIPWersja><sln:powIdTeryt>2206</sln:powIdTeryt><sln:powNazwa>kościerski</sln:powNazwa><sln:waznyOd>2011-08-26T00:00:00+02:00</sln:waznyOd><sln:wojIIPId>ece93e09-0215-42f3-8067-be0649f58d46</sln:wojIIPId><sln:wojIIPPn>PL.PZGIK.200</sln:wojIIPPn><sln:wojIIPWersja>2012-09-27T13:45:13+02:00</sln:wojIIPWersja><sln:wojIdTeryt>22</sln:wojIdTeryt><sln:wojNazwa>pomorskie</sln:wojNazwa></sln:miejscowosc><sln:miejscowosc><sln:cyklZyciaDo>2017-04-05T00:00:00+02:00</sln:cyklZyciaDo><sln:cyklZyciaOd>2015-11-30T00:00:00+01:00</sln:cyklZyciaOd><sln:gmIIPId>858bb339-7076-475d-96e0-f69321a8ca6e</sln:gmIIPId><sln:gmIIPPn>PL.PZGIK.200</sln:gmIIPPn><sln:gmIIPWersja>2012-09-26T22:45:43+02:00</sln:gmIIPWersja><sln:gmIdTeryt>2206052</sln:gmIdTeryt><sln:gmNazwa>Liniewo</sln:gmNazwa><sln:miejscIIPId>6bcb865e-1d8c-4118-891c-e8c78ce64ea9</sln:miejscIIPId><sln:miejscIIPPn>PL.PZGIK.200</sln:miejscIIPPn><sln:miejscIIPWersja>2016-11-24T09:29:05+02:00</sln:miejscIIPWersja><sln:miejscIdTeryt>0165882</sln:miejscIdTeryt><sln:miejscNazwa>Liniewo</sln:miejscNazwa><sln:miejscRodzaj>Wieś</sln:miejscRodzaj><sln:powIIPId>5abcd674-cb07-4f48-bd7c-d098c05ecd6d</sln:powIIPId><sln:powIIPPn>PL.PZGIK.200</sln:powIIPPn><sln:powIIPWersja>2012-09-27T09:33:51+02:00</sln:powIIPWersja><sln:powIdTeryt>2206</sln:powIdTeryt><sln:powNazwa>kościerski</sln:powNazwa><sln:waznyOd>2011-08-26T00:00:00+02:00</sln:waznyOd><sln:wojIIPId>ece93e09-0215-42f3-8067-be0649f58d46</sln:wojIIPId><sln:wojIIPPn>PL.PZGIK.200</sln:wojIIPPn><sln:wojIIPWersja>2012-09-27T13:45:13+02:00</sln:wojIIPWersja><sln:wojIdTeryt>22</sln:wojIdTeryt><sln:wojNazwa>pomorskie</sln:wojNazwa></sln:miejscowosc><sln:miejscowosc><sln:cyklZyciaDo>2017-04-05T00:00:00+02:00</sln:cyklZyciaDo><sln:cyklZyciaOd>2015-11-30T00:00:00+01:00</sln:cyklZyciaOd><sln:gmIIPId>858bb339-7076-475d-96e0-f69321a8ca6e</sln:gmIIPId><sln:gmIIPPn>PL.PZGIK.200</sln:gmIIPPn><sln:gmIIPWersja>2012-09-26T22:45:43+02:00</sln:gmIIPWersja><sln:gmIdTeryt>2206052</sln:gmIdTeryt><sln:gmNazwa>Liniewo</sln:gmNazwa><sln:miejscIIPId>37872ab5-5a7d-4c29-8831-13fc40199c42</sln:miejscIIPId><sln:miejscIIPPn>PL.PZGIK.200</sln:miejscIIPPn><sln:miejscIIPWersja>2016-11-24T09:29:05+02:00</sln:miejscIIPWersja><sln:miejscIdTeryt>0165818</sln:miejscIdTeryt><sln:miejscNazwa>Równe</sln:miejscNazwa><sln:miejscRodzaj>Wieś</sln:miejscRodzaj><sln:powIIPId>5abcd674-cb07-4f48-bd7c-d098c05ecd6d</sln:powIIPId><sln:powIIPPn>PL.PZGIK.200</sln:powIIPPn><sln:powIIPWersja>2012-09-27T09:33:51+02:00</sln:powIIPWersja><sln:powIdTeryt>2206</sln:powIdTeryt><sln:powNazwa>kościerski</sln:powNazwa><sln:waznyOd>2011-08-26T00:00:00+02:00</sln:waznyOd><sln:wojIIPId>ece93e09-0215-42f3-8067-be0649f58d46</sln:wojIIPId><sln:wojIIPPn>PL.PZGIK.200</sln:wojIIPPn><sln:wojIIPWersja>2012-09-27T13:45:13+02:00</sln:wojIIPWersja><sln:wojIdTeryt>22</sln:wojIdTeryt><sln:wojNazwa>pomorskie</sln:wojNazwa></sln:miejscowosc><sln:miejscowosc><sln:cyklZyciaDo>2017-04-05T00:00:00+02:00</sln:cyklZyciaDo><sln:cyklZyciaOd>2015-11-30T00:00:00+01:00</sln:cyklZyciaOd><sln:gmIIPId>858bb339-7076-475d-96e0-f69321a8ca6e</sln:gmIIPId><sln:gmIIPPn>PL.PZGIK.200</sln:gmIIPPn><sln:gmIIPWersja>2012-09-26T22:45:43+02:00</sln:gmIIPWersja><sln:gmIdTeryt>2206052</sln:gmIdTeryt><sln:gmNazwa>Liniewo</sln:gmNazwa><sln:miejscIIPId>b192ca25-8c66-401a-a472-61cdeb70f7a7</sln:miejscIIPId><sln:miejscIIPPn>PL.PZGIK.200</sln:miejscIIPPn><sln:miejscIIPWersja>2016-11-24T09:29:05+02:00</sln:miejscIIPWersja><sln:miejscIdTeryt>0165793</sln:miejscIdTeryt><sln:miejscNazwa>Rymanowiec</sln:miejscNazwa><sln:miejscRodzaj>Inny obiekt</sln:miejscRodzaj><sln:powIIPId>5abcd674-cb07-4f48-bd7c-d098c05ecd6d</sln:powIIPId><sln:powIIPPn>PL.PZGIK.200</sln:powIIPPn><sln:powIIPWersja>2012-09-27T09:33:51+02:00</sln:powIIPWersja><sln:powIdTeryt>2206</sln:powIdTeryt><sln:powNazwa>kościerski</sln:powNazwa><sln:waznyOd>2011-08-29T00:00:00+02:00</sln:waznyOd><sln:wojIIPId>ece93e09-0215-42f3-8067-be0649f58d46</sln:wojIIPId><sln:wojIIPPn>PL.PZGIK.200</sln:wojIIPPn><sln:wojIIPWersja>2012-09-27T13:45:13+02:00</sln:wojIIPWersja><sln:wojIdTeryt>22</sln:wojIdTeryt><sln:wojNazwa>pomorskie</sln:wojNazwa></sln:miejscowosc><sln:miejscowosc><sln:cyklZyciaDo>2017-04-05T00:00:00+02:00</sln:cyklZyciaDo><sln:cyklZyciaOd>2015-11-30T00:00:00+01:00</sln:cyklZyciaOd><sln:gmIIPId>858bb339-7076-475d-96e0-f69321a8ca6e</sln:gmIIPId><sln:gmIIPPn>PL.PZGIK.200</sln:gmIIPPn><sln:gmIIPWersja>2012-09-26T22:45:43+02:00</sln:gmIIPWersja><sln:gmIdTeryt>2206052</sln:gmIdTeryt><sln:gmNazwa>Liniewo</sln:gmNazwa><sln:miejscIIPId>41722155-a4ae-421e-90b0-209ae5910cd4</sln:miejscIIPId><sln:miejscIIPPn>PL.PZGIK.200</sln:miejscIIPPn><sln:miejscIIPWersja>2016-11-24T09:29:05+02:00</sln:miejscIIPWersja><sln:miejscIdTeryt>0165959</sln:miejscIdTeryt><sln:miejscNazwa>Sobącz</sln:miejscNazwa><sln:miejscRodzaj>Wieś</sln:miejscRodzaj><sln:powIIPId>5abcd674-cb07-4f48-bd7c-d098c05ecd6d</sln:powIIPId><sln:powIIPPn>PL.PZGIK.200</sln:powIIPPn><sln:powIIPWersja>2012-09-27T09:33:51+02:00</sln:powIIPWersja><sln:powIdTeryt>2206</sln:powIdTeryt><sln:powNazwa>kościerski</sln:powNazwa><sln:waznyOd>2011-08-26T00:00:00+02:00</sln:waznyOd><sln:wojIIPId>ece93e09-0215-42f3-8067-be0649f58d46</sln:wojIIPId><sln:wojIIPPn>PL.PZGIK.200</sln:wojIIPPn><sln:wojIIPWersja>2012-09-27T13:45:13+02:00</sln:wojIIPWersja><sln:wojIdTeryt>22</sln:wojIdTeryt><sln:wojNazwa>pomorskie</sln:wojNazwa></sln:miejscowosc><sln:miejscowosc><sln:cyklZyciaDo>2017-04-05T00:00:00+02:00</sln:cyklZyciaDo><sln:cyklZyciaOd>2015-11-30T00:00:00+01:00</sln:cyklZyciaOd><sln:gmIIPId>858bb339-7076-475d-96e0-f69321a8ca6e</sln:gmIIPId><sln:gmIIPPn>PL.PZGIK.200</sln:gmIIPPn><sln:gmIIPWersja>2012-09-26T22:45:43+02:00</sln:gmIIPWersja><sln:gmIdTeryt>2206052</sln:gmIdTeryt><sln:gmNazwa>Liniewo</sln:gmNazwa><sln:miejscIIPId>9a0d9418-96e5-4dbc-819e-573bfc2b50a2</sln:miejscIIPId><sln:miejscIIPPn>PL.PZGIK.200</sln:miejscIIPPn><sln:miejscIIPWersja>2016-11-24T09:29:05+02:00</sln:miejscIIPWersja><sln:miejscIdTeryt>0166054</sln:miejscIdTeryt><sln:miejscNazwa>Stary Wiec</sln:miejscNazwa><sln:miejscRodzaj>Osada</sln:miejscRodzaj><sln:powIIPId>5abcd674-cb07-4f48-bd7c-d098c05ecd6d</sln:powIIPId><sln:powIIPPn>PL.PZGIK.200</sln:powIIPPn><sln:powIIPWersja>2012-09-27T09:33:51+02:00</sln:powIIPWersja><sln:powIdTeryt>2206</sln:powIdTeryt><sln:powNazwa>kościerski</sln:powNazwa><sln:waznyOd>2011-08-26T00:00:00+02:00</sln:waznyOd><sln:wojIIPId>ece93e09-0215-42f3-8067-be0649f58d46</sln:wojIIPId><sln:wojIIPPn>PL.PZGIK.200</sln:wojIIPPn><sln:wojIIPWersja>2012-09-27T13:45:13+02:00</sln:wojIIPWersja><sln:wojIdTeryt>22</sln:wojIdTeryt><sln:wojNazwa>pomorskie</sln:wojNazwa></sln:miejscowosc><sln:miejscowosc><sln:cyklZyciaDo>2017-04-05T00:00:00+02:00</sln:cyklZyciaDo><sln:cyklZyciaOd>2015-11-30T00:00:00+01:00</sln:cyklZyciaOd><sln:gmIIPId>858bb339-7076-475d-96e0-f69321a8ca6e</sln:gmIIPId><sln:gmIIPPn>PL.PZGIK.200</sln:gmIIPPn><sln:gmIIPWersja>2012-09-26T22:45:43+02:00</sln:gmIIPWersja><sln:gmIdTeryt>2206052</sln:gmIdTeryt><sln:gmNazwa>Liniewo</sln:gmNazwa><sln:miejscIIPId>017f86b0-a07f-4da3-9eea-370a97791cb6</sln:miejscIIPId><sln:miejscIIPPn>PL.PZGIK.200</sln:miejscIIPPn><sln:miejscIIPWersja>2016-11-24T09:29:05+02:00</sln:miejscIIPWersja><sln:miejscIdTeryt>0165971</sln:miejscIdTeryt><sln:miejscNazwa>Stefanowo</sln:miejscNazwa><sln:miejscRodzaj>Osada</sln:miejscRodzaj><sln:powIIPId>5abcd674-cb07-4f48-bd7c-d098c05ecd6d</sln:powIIPId><sln:powIIPPn>PL.PZGIK.200</sln:powIIPPn><sln:powIIPWersja>2012-09-27T09:33:51+02:00</sln:powIIPWersja><sln:powIdTeryt>2206</sln:powIdTeryt><sln:powNazwa>kościerski</sln:powNazwa><sln:waznyOd>2011-08-26T00:00:00+02:00</sln:waznyOd><sln:wojIIPId>ece93e09-0215-42f3-8067-be0649f58d46</sln:wojIIPId><sln:wojIIPPn>PL.PZGIK.200</sln:wojIIPPn><sln:wojIIPWersja>2012-09-27T13:45:13+02:00</sln:wojIIPWersja><sln:wojIdTeryt>22</sln:wojIdTeryt><sln:wojNazwa>pomorskie</sln:wojNazwa></sln:miejscowosc><sln:miejscowosc><sln:cyklZyciaDo>2017-04-05T00:00:00+02:00</sln:cyklZyciaDo><sln:cyklZyciaOd>2015-11-30T00:00:00+01:00</sln:cyklZyciaOd><sln:gmIIPId>858bb339-7076-475d-96e0-f69321a8ca6e</sln:gmIIPId><sln:gmIIPPn>PL.PZGIK.200</sln:gmIIPPn><sln:gmIIPWersja>2012-09-26T22:45:43+02:00</sln:gmIIPWersja><sln:gmIdTeryt>2206052</sln:gmIdTeryt><sln:gmNazwa>Liniewo</sln:gmNazwa><sln:miejscIIPId>bf11353e-e0ee-490f-a592-3c96d8bbd34b</sln:miejscIIPId><sln:miejscIIPPn>PL.PZGIK.200</sln:miejscIIPPn><sln:miejscIIPWersja>2016-11-24T09:29:05+02:00</sln:miejscIIPWersja><sln:miejscIdTeryt>0166025</sln:miejscIdTeryt><sln:miejscNazwa>Wysin</sln:miejscNazwa><sln:miejscRodzaj>Wieś</sln:miejscRodzaj><sln:powIIPId>5abcd674-cb07-4f48-bd7c-d098c05ecd6d</sln:powIIPId><sln:powIIPPn>PL.PZGIK.200</sln:powIIPPn><sln:powIIPWersja>2012-09-27T09:33:51+02:00</sln:powIIPWersja><sln:powIdTeryt>2206</sln:powIdTeryt><sln:powNazwa>kościerski</sln:powNazwa><sln:waznyOd>2011-08-26T00:00:00+02:00</sln:waznyOd><sln:wojIIPId>ece93e09-0215-42f3-8067-be0649f58d46</sln:wojIIPId><sln:wojIIPPn>PL.PZGIK.200</sln:wojIIPPn><sln:wojIIPWersja>2012-09-27T13:45:13+02:00</sln:wojIIPWersja><sln:wojIdTeryt>22</sln:wojIdTeryt><sln:wojNazwa>pomorskie</sln:wojNazwa></sln:miejscowosc><sln:miejscowosc><sln:cyklZyciaOd>2017-04-05T00:00:00+02:00</sln:cyklZyciaOd><sln:gmIIPId>858bb339-7076-475d-96e0-f69321a8ca6e</sln:gmIIPId><sln:gmIIPPn>PL.PZGIK.200</sln:gmIIPPn><sln:gmIIPWersja>2012-09-26T22:45:43+02:00</sln:gmIIPWersja><sln:gmIdTeryt>2206052</sln:gmIdTeryt><sln:gmNazwa>Liniewo</sln:gmNazwa><sln:miejscIIPId>959cad9e-d68d-46b0-b17f-0454e39ec93f</sln:miejscIIPId><sln:miejscIIPPn>PL.PZGIK.200</sln:miejscIIPPn><sln:miejscIIPWersja>2017-04-05T13:20:30+02:00</sln:miejscIIPWersja><sln:miejscIdTeryt>0165787</sln:miejscIdTeryt><sln:miejscNazwa>Chrósty Wysińskie</sln:miejscNazwa><sln:miejscRodzaj>Wieś</sln:miejscRodzaj><sln:powIIPId>5abcd674-cb07-4f48-bd7c-d098c05ecd6d</sln:powIIPId><sln:powIIPPn>PL.PZGIK.200</sln:powIIPPn><sln:powIIPWersja>2012-09-27T09:33:51+02:00</sln:powIIPWersja><sln:powIdTeryt>2206</sln:powIdTeryt><sln:powNazwa>kościerski</sln:powNazwa><sln:waznyOd>2011-08-26T00:00:00+02:00</sln:waznyOd><sln:wojIIPId>ece93e09-0215-42f3-8067-be0649f58d46</sln:wojIIPId><sln:wojIIPPn>PL.PZGIK.200</sln:wojIIPPn><sln:wojIIPWersja>2012-09-27T13:45:13+02:00</sln:wojIIPWersja><sln:wojIdTeryt>22</sln:wojIdTeryt><sln:wojNazwa>pomorskie</sln:wojNazwa></sln:miejscowosc><sln:miejscowosc><sln:cyklZyciaOd>2017-04-05T00:00:00+02:00</sln:cyklZyciaOd><sln:gmIIPId>858bb339-7076-475d-96e0-f69321a8ca6e</sln:gmIIPId><sln:gmIIPPn>PL.PZGIK.200</sln:gmIIPPn><sln:gmIIPWersja>2012-09-26T22:45:43+02:00</sln:gmIIPWersja><sln:gmIdTeryt>2206052</sln:gmIdTeryt><sln:gmNazwa>Liniewo</sln:gmNazwa><sln:miejscIIPId>b192ca25-8c66-401a-a472-61cdeb70f7a7</sln:miejscIIPId><sln:miejscIIPPn>PL.PZGIK.200</sln:miejscIIPPn><sln:miejscIIPWersja>2017-04-05T13:20:37+02:00</sln:miejscIIPWersja><sln:miejscIdTeryt>0165793</sln:miejscIdTeryt><sln:miejscNazwa>Rymanowiec</sln:miejscNazwa><sln:miejscRodzaj>Wieś</sln:miejscRodzaj><sln:powIIPId>5abcd674-cb07-4f48-bd7c-d098c05ecd6d</sln:powIIPId><sln:powIIPPn>PL.PZGIK.200</sln:powIIPPn><sln:powIIPWersja>2012-09-27T09:33:51+02:00</sln:powIIPWersja><sln:powIdTeryt>2206</sln:powIdTeryt><sln:powNazwa>kościerski</sln:powNazwa><sln:waznyOd>2011-08-29T00:00:00+02:00</sln:waznyOd><sln:wojIIPId>ece93e09-0215-42f3-8067-be0649f58d46</sln:wojIIPId><sln:wojIIPPn>PL.PZGIK.200</sln:wojIIPPn><sln:wojIIPWersja>2012-09-27T13:45:13+02:00</sln:wojIIPWersja><sln:wojIdTeryt>22</sln:wojIdTeryt><sln:wojNazwa>pomorskie</sln:wojNazwa></sln:miejscowosc><sln:miejscowosc><sln:cyklZyciaOd>2017-04-05T00:00:00+02:00</sln:cyklZyciaOd><sln:gmIIPId>858bb339-7076-475d-96e0-f69321a8ca6e</sln:gmIIPId><sln:gmIIPPn>PL.PZGIK.200</sln:gmIIPPn><sln:gmIIPWersja>2012-09-26T22:45:43+02:00</sln:gmIIPWersja><sln:gmIdTeryt>2206052</sln:gmIdTeryt><sln:gmNazwa>Liniewo</sln:gmNazwa><sln:miejscIIPId>0e969db5-e20c-4efe-9353-c84eb2dc649d</sln:miejscIIPId><sln:miejscIIPPn>PL.PZGIK.200</sln:miejscIIPPn><sln:miejscIIPWersja>2017-04-05T13:20:37+02:00</sln:miejscIIPWersja><sln:miejscIdTeryt>0165801</sln:miejscIdTeryt><sln:miejscNazwa>Chrztowo</sln:miejscNazwa><sln:miejscRodzaj>Wieś</sln:miejscRodzaj><sln:powIIPId>5abcd674-cb07-4f48-bd7c-d098c05ecd6d</sln:powIIPId><sln:powIIPPn>PL.PZGIK.200</sln:powIIPPn><sln:powIIPWersja>2012-09-27T09:33:51+02:00</sln:powIIPWersja><sln:powIdTeryt>2206</sln:powIdTeryt><sln:powNazwa>kościerski</sln:powNazwa><sln:waznyOd>2011-08-26T00:00:00+02:00</sln:waznyOd><sln:wojIIPId>ece93e09-0215-42f3-8067-be0649f58d46</sln:wojIIPId><sln:wojIIPPn>PL.PZGIK.200</sln:wojIIPPn><sln:wojIIPWersja>2012-09-27T13:45:13+02:00</sln:wojIIPWersja><sln:wojIdTeryt>22</sln:wojIdTeryt><sln:wojNazwa>pomorskie</sln:wojNazwa></sln:miejscowosc><sln:miejscowosc><sln:cyklZyciaOd>2017-04-05T00:00:00+02:00</sln:cyklZyciaOd><sln:gmIIPId>858bb339-7076-475d-96e0-f69321a8ca6e</sln:gmIIPId><sln:gmIIPPn>PL.PZGIK.200</sln:gmIIPPn><sln:gmIIPWersja>2012-09-26T22:45:43+02:00</sln:gmIIPWersja><sln:gmIdTeryt>2206052</sln:gmIdTeryt><sln:gmNazwa>Liniewo</sln:gmNazwa><sln:miejscIIPId>37872ab5-5a7d-4c29-8831-13fc40199c42</sln:miejscIIPId><sln:miejscIIPPn>PL.PZGIK.200</sln:miejscIIPPn><sln:miejscIIPWersja>2017-04-05T13:20:37+02:00</sln:miejscIIPWersja><sln:miejscIdTeryt>0165818</sln:miejscIdTeryt><sln:miejscNazwa>Równe</sln:miejscNazwa><sln:miejscRodzaj>Wieś</sln:miejscRodzaj><sln:powIIPId>5abcd674-cb07-4f48-bd7c-d098c05ecd6d</sln:powIIPId><sln:powIIPPn>PL.PZGIK.200</sln:powIIPPn><sln:powIIPWersja>2012-09-27T09:33:51+02:00</sln:powIIPWersja><sln:powIdTeryt>2206</sln:powIdTeryt><sln:powNazwa>kościerski</sln:powNazwa><sln:waznyOd>2011-08-26T00:00:00+02:00</sln:waznyOd><sln:wojIIPId>ece93e09-0215-42f3-8067-be0649f58d46</sln:wojIIPId><sln:wojIIPPn>PL.PZGIK.200</sln:wojIIPPn><sln:wojIIPWersja>2012-09-27T13:45:13+02:00</sln:wojIIPWersja><sln:wojIdTeryt>22</sln:wojIdTeryt><sln:wojNazwa>pomorskie</sln:wojNazwa></sln:miejscowosc><sln:miejscowosc><sln:cyklZyciaOd>2017-04-05T00:00:00+02:00</sln:cyklZyciaOd><sln:gmIIPId>858bb339-7076-475d-96e0-f69321a8ca6e</sln:gmIIPId><sln:gmIIPPn>PL.PZGIK.200</sln:gmIIPPn><sln:gmIIPWersja>2012-09-26T22:45:43+02:00</sln:gmIIPWersja><sln:gmIdTeryt>2206052</sln:gmIdTeryt><sln:gmNazwa>Liniewo</sln:gmNazwa><sln:miejscIIPId>e052617f-d7b4-43bc-b96e-1e3de29b8b43</sln:miejscIIPId><sln:miejscIIPPn>PL.PZGIK.200</sln:miejscIIPPn><sln:miejscIIPWersja>2017-04-05T13:20:37+02:00</sln:miejscIIPWersja><sln:miejscIdTeryt>0165824</sln:miejscIdTeryt><sln:miejscNazwa>Garczyn</sln:miejscNazwa><sln:miejscRodzaj>Wieś</sln:miejscRodzaj><sln:powIIPId>5abcd674-cb07-4f48-bd7c-d098c05ecd6d</sln:powIIPId><sln:powIIPPn>PL.PZGIK.200</sln:powIIPPn><sln:powIIPWersja>2012-09-27T09:33:51+02:00</sln:powIIPWersja><sln:powIdTeryt>2206</sln:powIdTeryt><sln:powNazwa>kościerski</sln:powNazwa><sln:waznyOd>2011-08-26T00:00:00+02:00</sln:waznyOd><sln:wojIIPId>ece93e09-0215-42f3-8067-be0649f58d46</sln:wojIIPId><sln:wojIIPPn>PL.PZGIK.200</sln:wojIIPPn><sln:wojIIPWersja>2012-09-27T13:45:13+02:00</sln:wojIIPWersja><sln:wojIdTeryt>22</sln:wojIdTeryt><sln:wojNazwa>pomorskie</sln:wojNazwa></sln:miejscowosc><sln:miejscowosc><sln:cyklZyciaOd>2017-04-05T00:00:00+02:00</sln:cyklZyciaOd><sln:gmIIPId>858bb339-7076-475d-96e0-f69321a8ca6e</sln:gmIIPId><sln:gmIIPPn>PL.PZGIK.200</sln:gmIIPPn><sln:gmIIPWersja>2012-09-26T22:45:43+02:00</sln:gmIIPWersja><sln:gmIdTeryt>2206052</sln:gmIdTeryt><sln:gmNazwa>Liniewo</sln:gmNazwa><sln:miejscIIPId>29570141-5f06-463c-aa8a-c57b01df106e</sln:miejscIIPId><sln:miejscIIPPn>PL.PZGIK.200</sln:miejscIIPPn><sln:miejscIIPWersja>2017-04-05T13:20:37+02:00</sln:miejscIIPWersja><sln:miejscIdTeryt>0165847</sln:miejscIdTeryt><sln:miejscNazwa>Orle</sln:miejscNazwa><sln:miejscRodzaj>Osada</sln:miejscRodzaj><sln:powIIPId>5abcd674-cb07-4f48-bd7c-d098c05ecd6d</sln:powIIPId><sln:powIIPPn>PL.PZGIK.200</sln:powIIPPn><sln:powIIPWersja>2012-09-27T09:33:51+02:00</sln:powIIPWersja><sln:powIdTeryt>2206</sln:powIdTeryt><sln:powNazwa>kościerski</sln:powNazwa><sln:waznyOd>2011-08-26T00:00:00+02:00</sln:waznyOd><sln:wojIIPId>ece93e09-0215-42f3-8067-be0649f58d46</sln:wojIIPId><sln:wojIIPPn>PL.PZGIK.200</sln:wojIIPPn><sln:wojIIPWersja>2012-09-27T13:45:13+02:00</sln:wojIIPWersja><sln:wojIdTeryt>22</sln:wojIdTeryt><sln:wojNazwa>pomorskie</sln:wojNazwa></sln:miejscowosc><sln:miejscowosc><sln:cyklZyciaOd>2017-04-05T00:00:00+02:00</sln:cyklZyciaOd><sln:gmIIPId>858bb339-7076-475d-96e0-f69321a8ca6e</sln:gmIIPId><sln:gmIIPPn>PL.PZGIK.200</sln:gmIIPPn><sln:gmIIPWersja>2012-09-26T22:45:43+02:00</sln:gmIIPWersja><sln:gmIdTeryt>2206052</sln:gmIdTeryt><sln:gmNazwa>Liniewo</sln:gmNazwa><sln:miejscIIPId>69ca44ea-b776-46a6-bb9b-13a686a342d2</sln:miejscIIPId><sln:miejscIIPPn>PL.PZGIK.200</sln:miejscIIPPn><sln:miejscIIPWersja>2017-04-05T13:20:37+02:00</sln:miejscIIPWersja><sln:miejscIdTeryt>0165853</sln:miejscIdTeryt><sln:miejscNazwa>Głodowo</sln:miejscNazwa><sln:miejscRodzaj>Wieś</sln:miejscRodzaj><sln:powIIPId>5abcd674-cb07-4f48-bd7c-d098c05ecd6d</sln:powIIPId><sln:powIIPPn>PL.PZGIK.200</sln:powIIPPn><sln:powIIPWersja>2012-09-27T09:33:51+02:00</sln:powIIPWersja><sln:powIdTeryt>2206</sln:powIdTeryt><sln:powNazwa>kościerski</sln:powNazwa><sln:waznyOd>2011-08-26T00:00:00+02:00</sln:waznyOd><sln:wojIIPId>ece93e09-0215-42f3-8067-be0649f58d46</sln:wojIIPId><sln:wojIIPPn>PL.PZGIK.200</sln:wojIIPPn><sln:wojIIPWersja>2012-09-27T13:45:13+02:00</sln:wojIIPWersja><sln:wojIdTeryt>22</sln:wojIdTeryt><sln:wojNazwa>pomorskie</sln:wojNazwa></sln:miejscowosc><sln:miejscowosc><sln:cyklZyciaOd>2017-04-05T00:00:00+02:00</sln:cyklZyciaOd><sln:gmIIPId>858bb339-7076-475d-96e0-f69321a8ca6e</sln:gmIIPId><sln:gmIIPPn>PL.PZGIK.200</sln:gmIIPPn><sln:gmIIPWersja>2012-09-26T22:45:43+02:00</sln:gmIIPWersja><sln:gmIdTeryt>2206052</sln:gmIdTeryt><sln:gmNazwa>Liniewo</sln:gmNazwa><sln:miejscIIPId>beb41140-0223-4ec4-9ff2-55d930330b29</sln:miejscIIPId><sln:miejscIIPPn>PL.PZGIK.200</sln:miejscIIPPn><sln:miejscIIPWersja>2017-04-05T13:20:38+02:00</sln:miejscIIPWersja><sln:miejscIdTeryt>0165860</sln:miejscIdTeryt><sln:miejscNazwa>Iłownica</sln:miejscNazwa><sln:miejscRodzaj>Wieś</sln:miejscRodzaj><sln:powIIPId>5abcd674-cb07-4f48-bd7c-d098c05ecd6d</sln:powIIPId><sln:powIIPPn>PL.PZGIK.200</sln:powIIPPn><sln:powIIPWersja>2012-09-27T09:33:51+02:00</sln:powIIPWersja><sln:powIdTeryt>2206</sln:powIdTeryt><sln:powNazwa>kościerski</sln:powNazwa><sln:waznyOd>2011-08-26T00:00:00+02:00</sln:waznyOd><sln:wojIIPId>ece93e09-0215-42f3-8067-be0649f58d46</sln:wojIIPId><sln:wojIIPPn>PL.PZGIK.200</sln:wojIIPPn><sln:wojIIPWersja>2012-09-27T13:45:13+02:00</sln:wojIIPWersja><sln:wojIdTeryt>22</sln:wojIdTeryt><sln:wojNazwa>pomorskie</sln:wojNazwa></sln:miejscowosc><sln:miejscowosc><sln:cyklZyciaOd>2017-04-05T00:00:00+02:00</sln:cyklZyciaOd><sln:gmIIPId>858bb339-7076-475d-96e0-f69321a8ca6e</sln:gmIIPId><sln:gmIIPPn>PL.PZGIK.200</sln:gmIIPPn><sln:gmIIPWersja>2012-09-26T22:45:43+02:00</sln:gmIIPWersja><sln:gmIdTeryt>2206052</sln:gmIdTeryt><sln:gmNazwa>Liniewo</sln:gmNazwa><sln:miejscIIPId>6bcb865e-1d8c-4118-891c-e8c78ce64ea9</sln:miejscIIPId><sln:miejscIIPPn>PL.PZGIK.200</sln:miejscIIPPn><sln:miejscIIPWersja>2017-04-05T13:20:38+02:00</sln:miejscIIPWersja><sln:miejscIdTeryt>0165882</sln:miejscIdTeryt><sln:miejscNazwa>Liniewo</sln:miejscNazwa><sln:miejscRodzaj>Wieś</sln:miejscRodzaj><sln:powIIPId>5abcd674-cb07-4f48-bd7c-d098c05ecd6d</sln:powIIPId><sln:powIIPPn>PL.PZGIK.200</sln:powIIPPn><sln:powIIPWersja>2012-09-27T09:33:51+02:00</sln:powIIPWersja><sln:powIdTeryt>2206</sln:powIdTeryt><sln:powNazwa>kościerski</sln:powNazwa><sln:waznyOd>2011-08-26T00:00:00+02:00</sln:waznyOd><sln:wojIIPId>ece93e09-0215-42f3-8067-be0649f58d46</sln:wojIIPId><sln:wojIIPPn>PL.PZGIK.200</sln:wojIIPPn><sln:wojIIPWersja>2012-09-27T13:45:13+02:00</sln:wojIIPWersja><sln:wojIdTeryt>22</sln:wojIdTeryt><sln:wojNazwa>pomorskie</sln:wojNazwa></sln:miejscowosc><sln:miejscowosc><sln:cyklZyciaOd>2017-04-05T00:00:00+02:00</sln:cyklZyciaOd><sln:gmIIPId>858bb339-7076-475d-96e0-f69321a8ca6e</sln:gmIIPId><sln:gmIIPPn>PL.PZGIK.200</sln:gmIIPPn><sln:gmIIPWersja>2012-09-26T22:45:43+02:00</sln:gmIIPWersja><sln:gmIdTeryt>2206052</sln:gmIdTeryt><sln:gmNazwa>Liniewo</sln:gmNazwa><sln:miejscIIPId>d950906f-91b2-4a8c-a204-d2734be73c43</sln:miejscIIPId><sln:miejscIIPPn>PL.PZGIK.200</sln:miejscIIPPn><sln:miejscIIPWersja>2017-04-05T13:20:38+02:00</sln:miejscIIPWersja><sln:miejscIdTeryt>0165899</sln:miejscIdTeryt><sln:miejscNazwa>Liniewskie Góry</sln:miejscNazwa><sln:miejscRodzaj>Osada</sln:miejscRodzaj><sln:powIIPId>5abcd674-cb07-4f48-bd7c-d098c05ecd6d</sln:powIIPId><sln:powIIPPn>PL.PZGIK.200</sln:powIIPPn><sln:powIIPWersja>2012-09-27T09:33:51+02:00</sln:powIIPWersja><sln:powIdTeryt>2206</sln:powIdTeryt><sln:powNazwa>kościerski</sln:powNazwa><sln:waznyOd>2013-02-28T00:00:00+01:00</sln:waznyOd><sln:wojIIPId>ece93e09-0215-42f3-8067-be0649f58d46</sln:wojIIPId><sln:wojIIPPn>PL.PZGIK.200</sln:wojIIPPn><sln:wojIIPWersja>2012-09-27T13:45:13+02:00</sln:wojIIPWersja><sln:wojIdTeryt>22</sln:wojIdTeryt><sln:wojNazwa>pomorskie</sln:wojNazwa></sln:miejscowosc><sln:miejscowosc><sln:cyklZyciaOd>2017-04-05T00:00:00+02:00</sln:cyklZyciaOd><sln:gmIIPId>858bb339-7076-475d-96e0-f69321a8ca6e</sln:gmIIPId><sln:gmIIPPn>PL.PZGIK.200</sln:gmIIPPn><sln:gmIIPWersja>2012-09-26T22:45:43+02:00</sln:gmIIPWersja><sln:gmIdTeryt>2206052</sln:gmIdTeryt><sln:gmNazwa>Liniewo</sln:gmNazwa><sln:miejscIIPId>a1feee47-37b6-4415-8d08-9b845734bcf8</sln:miejscIIPId><sln:miejscIIPPn>PL.PZGIK.200</sln:miejscIIPPn><sln:miejscIIPWersja>2017-04-05T13:20:38+02:00</sln:miejscIIPWersja><sln:miejscIdTeryt>0165920</sln:miejscIdTeryt><sln:miejscNazwa>Lubieszyn</sln:miejscNazwa><sln:miejscRodzaj>Wieś</sln:miejscRodzaj><sln:powIIPId>5abcd674-cb07-4f48-bd7c-d098c05ecd6d</sln:powIIPId><sln:powIIPPn>PL.PZGIK.200</sln:powIIPPn><sln:powIIPWersja>2012-09-27T09:33:51+02:00</sln:powIIPWersja><sln:powIdTeryt>2206</sln:powIdTeryt><sln:powNazwa>kościerski</sln:powNazwa><sln:waznyOd>2011-08-26T00:00:00+02:00</sln:waznyOd><sln:wojIIPId>ece93e09-0215-42f3-8067-be0649f58d46</sln:wojIIPId><sln:wojIIPPn>PL.PZGIK.200</sln:wojIIPPn><sln:wojIIPWersja>2012-09-27T13:45:13+02:00</sln:wojIIPWersja><sln:wojIdTeryt>22</sln:wojIdTeryt><sln:wojNazwa>pomorskie</sln:wojNazwa></sln:miejscowosc><sln:miejscowosc><sln:cyklZyciaOd>2017-04-05T00:00:00+02:00</sln:cyklZyciaOd><sln:gmIIPId>858bb339-7076-475d-96e0-f69321a8ca6e</sln:gmIIPId><sln:gmIIPPn>PL.PZGIK.200</sln:gmIIPPn><sln:gmIIPWersja>2012-09-26T22:45:43+02:00</sln:gmIIPWersja><sln:gmIdTeryt>2206052</sln:gmIdTeryt><sln:gmNazwa>Liniewo</sln:gmNazwa><sln:miejscIIPId>047d8188-311e-4dd6-a287-d945025d0f3d</sln:miejscIIPId><sln:miejscIIPPn>PL.PZGIK.200</sln:miejscIIPPn><sln:miejscIIPWersja>2017-04-05T13:20:38+02:00</sln:miejscIIPWersja><sln:miejscIdTeryt>0165936</sln:miejscIdTeryt><sln:miejscNazwa>Lubieszynek</sln:miejscNazwa><sln:miejscRodzaj>Wieś</sln:miejscRodzaj><sln:powIIPId>5abcd674-cb07-4f48-bd7c-d098c05ecd6d</sln:powIIPId><sln:powIIPPn>PL.PZGIK.200</sln:powIIPPn><sln:powIIPWersja>2012-09-27T09:33:51+02:00</sln:powIIPWersja><sln:powIdTeryt>2206</sln:powIdTeryt><sln:powNazwa>kościerski</sln:powNazwa><sln:waznyOd>2011-12-05T00:00:00+01:00</sln:waznyOd><sln:wojIIPId>ece93e09-0215-42f3-8067-be0649f58d46</sln:wojIIPId><sln:wojIIPPn>PL.PZGIK.200</sln:wojIIPPn><sln:wojIIPWersja>2012-09-27T13:45:13+02:00</sln:wojIIPWersja><sln:wojIdTeryt>22</sln:wojIdTeryt><sln:wojNazwa>pomorskie</sln:wojNazwa></sln:miejscowosc><sln:miejscowosc><sln:cyklZyciaOd>2017-04-05T00:00:00+02:00</sln:cyklZyciaOd><sln:gmIIPId>858bb339-7076-475d-96e0-f69321a8ca6e</sln:gmIIPId><sln:gmIIPPn>PL.PZGIK.200</sln:gmIIPPn><sln:gmIIPWersja>2012-09-26T22:45:43+02:00</sln:gmIIPWersja><sln:gmIdTeryt>2206052</sln:gmIdTeryt><sln:gmNazwa>Liniewo</sln:gmNazwa><sln:miejscIIPId>11d9adcb-3971-4925-a0d0-46506a5db67f</sln:miejscIIPId><sln:miejscIIPPn>PL.PZGIK.200</sln:miejscIIPPn><sln:miejscIIPWersja>2017-04-05T13:20:38+02:00</sln:miejscIIPWersja><sln:miejscIdTeryt>0165942</sln:miejscIdTeryt><sln:miejscNazwa>Płachty</sln:miejscNazwa><sln:miejscRodzaj>Wieś</sln:miejscRodzaj><sln:powIIPId>5abcd674-cb07-4f48-bd7c-d098c05ecd6d</sln:powIIPId><sln:powIIPPn>PL.PZGIK.200</sln:powIIPPn><sln:powIIPWersja>2012-09-27T09:33:51+02:00</sln:powIIPWersja><sln:powIdTeryt>2206</sln:powIdTeryt><sln:powNazwa>kościerski</sln:powNazwa><sln:waznyOd>2011-08-26T00:00:00+02:00</sln:waznyOd><sln:wojIIPId>ece93e09-0215-42f3-8067-be0649f58d46</sln:wojIIPId><sln:wojIIPPn>PL.PZGIK.200</sln:wojIIPPn><sln:wojIIPWersja>2012-09-27T13:45:13+02:00</sln:wojIIPWersja><sln:wojIdTeryt>22</sln:wojIdTeryt><sln:wojNazwa>pomorskie</sln:wojNazwa></sln:miejscowosc><sln:miejscowosc><sln:cyklZyciaOd>2017-04-05T00:00:00+02:00</sln:cyklZyciaOd><sln:gmIIPId>858bb339-7076-475d-96e0-f69321a8ca6e</sln:gmIIPId><sln:gmIIPPn>PL.PZGIK.200</sln:gmIIPPn><sln:gmIIPWersja>2012-09-26T22:45:43+02:00</sln:gmIIPWersja><sln:gmIdTeryt>2206052</sln:gmIdTeryt><sln:gmNazwa>Liniewo</sln:gmNazwa><sln:miejscIIPId>41722155-a4ae-421e-90b0-209ae5910cd4</sln:miejscIIPId><sln:miejscIIPPn>PL.PZGIK.200</sln:miejscIIPPn><sln:miejscIIPWersja>2017-04-05T13:20:38+02:00</sln:miejscIIPWersja><sln:miejscIdTeryt>0165959</sln:miejscIdTeryt><sln:miejscNazwa>Sobącz</sln:miejscNazwa><sln:miejscRodzaj>Wieś</sln:miejscRodzaj><sln:powIIPId>5abcd674-cb07-4f48-bd7c-d098c05ecd6d</sln:powIIPId><sln:powIIPPn>PL.PZGIK.200</sln:powIIPPn><sln:powIIPWersja>2012-09-27T09:33:51+02:00</sln:powIIPWersja><sln:powIdTeryt>2206</sln:powIdTeryt><sln:powNazwa>kościerski</sln:powNazwa><sln:waznyOd>2011-08-26T00:00:00+02:00</sln:waznyOd><sln:wojIIPId>ece93e09-0215-42f3-8067-be0649f58d46</sln:wojIIPId><sln:wojIIPPn>PL.PZGIK.200</sln:wojIIPPn><sln:wojIIPWersja>2012-09-27T13:45:13+02:00</sln:wojIIPWersja><sln:wojIdTeryt>22</sln:wojIdTeryt><sln:wojNazwa>pomorskie</sln:wojNazwa></sln:miejscowosc><sln:miejscowosc><sln:cyklZyciaOd>2017-04-05T00:00:00+02:00</sln:cyklZyciaOd><sln:gmIIPId>858bb339-7076-475d-96e0-f69321a8ca6e</sln:gmIIPId><sln:gmIIPPn>PL.PZGIK.200</sln:gmIIPPn><sln:gmIIPWersja>2012-09-26T22:45:43+02:00</sln:gmIIPWersja><sln:gmIdTeryt>2206052</sln:gmIdTeryt><sln:gmNazwa>Liniewo</sln:gmNazwa><sln:miejscIIPId>7b65da76-2db2-45ff-9d8a-08caffeb8706</sln:miejscIIPId><sln:miejscIIPPn>PL.PZGIK.200</sln:miejscIIPPn><sln:miejscIIPWersja>2017-04-05T13:20:38+02:00</sln:miejscIIPWersja><sln:miejscIdTeryt>0165965</sln:miejscIdTeryt><sln:miejscNazwa>Bukowe Pole</sln:miejscNazwa><sln:miejscRodzaj>Inny obiekt</sln:miejscRodzaj><sln:powIIPId>5abcd674-cb07-4f48-bd7c-d098c05ecd6d</sln:powIIPId><sln:powIIPPn>PL.PZGIK.200</sln:powIIPPn><sln:powIIPWersja>2012-09-27T09:33:51+02:00</sln:powIIPWersja><sln:powIdTeryt>2206</sln:powIdTeryt><sln:powNazwa>kościerski</sln:powNazwa><sln:waznyOd>2011-08-29T00:00:00+02:00</sln:waznyOd><sln:wojIIPId>ece93e09-0215-42f3-8067-be0649f58d46</sln:wojIIPId><sln:wojIIPPn>PL.PZGIK.200</sln:wojIIPPn><sln:wojIIPWersja>2012-09-27T13:45:13+02:00</sln:wojIIPWersja><sln:wojIdTeryt>22</sln:wojIdTeryt><sln:wojNazwa>pomorskie</sln:wojNazwa></sln:miejscowosc><sln:miejscowosc><sln:cyklZyciaOd>2017-04-05T00:00:00+02:00</sln:cyklZyciaOd><sln:gmIIPId>858bb339-7076-475d-96e0-f69321a8ca6e</sln:gmIIPId><sln:gmIIPPn>PL.PZGIK.200</sln:gmIIPPn><sln:gmIIPWersja>2012-09-26T22:45:43+02:00</sln:gmIIPWersja><sln:gmIdTeryt>2206052</sln:gmIdTeryt><sln:gmNazwa>Liniewo</sln:gmNazwa><sln:miejscIIPId>017f86b0-a07f-4da3-9eea-370a97791cb6</sln:miejscIIPId><sln:miejscIIPPn>PL.PZGIK.200</sln:miejscIIPPn><sln:miejscIIPWersja>2017-04-05T13:20:38+02:00</sln:miejscIIPWersja><sln:miejscIdTeryt>0165971</sln:miejscIdTeryt><sln:miejscNazwa>Stefanowo</sln:miejscNazwa><sln:miejscRodzaj>Osada</sln:miejscRodzaj><sln:powIIPId>5abcd674-cb07-4f48-bd7c-d098c05ecd6d</sln:powIIPId><sln:powIIPPn>PL.PZGIK.200</sln:powIIPPn><sln:powIIPWersja>2012-09-27T09:33:51+02:00</sln:powIIPWersja><sln:powIdTeryt>2206</sln:powIdTeryt><sln:powNazwa>kościerski</sln:powNazwa><sln:waznyOd>2011-08-26T00:00:00+02:00</sln:waznyOd><sln:wojIIPId>ece93e09-0215-42f3-8067-be0649f58d46</sln:wojIIPId><sln:wojIIPPn>PL.PZGIK.200</sln:wojIIPPn><sln:wojIIPWersja>2012-09-27T13:45:13+02:00</sln:wojIIPWersja><sln:wojIdTeryt>22</sln:wojIdTeryt><sln:wojNazwa>pomorskie</sln:wojNazwa></sln:miejscowosc><sln:miejscowosc><sln:cyklZyciaOd>2017-04-05T00:00:00+02:00</sln:cyklZyciaOd><sln:gmIIPId>858bb339-7076-475d-96e0-f69321a8ca6e</sln:gmIIPId><sln:gmIIPPn>PL.PZGIK.200</sln:gmIIPPn><sln:gmIIPWersja>2012-09-26T22:45:43+02:00</sln:gmIIPWersja><sln:gmIdTeryt>2206052</sln:gmIdTeryt><sln:gmNazwa>Liniewo</sln:gmNazwa><sln:miejscIIPId>69b7f737-f2d5-4a97-a1e7-58929b6d8d40</sln:miejscIIPId><sln:miejscIIPPn>PL.PZGIK.200</sln:miejscIIPPn><sln:miejscIIPWersja>2017-04-05T13:20:38+02:00</sln:miejscIIPWersja><sln:miejscIdTeryt>0165994</sln:miejscIdTeryt><sln:miejscNazwa>Deka</sln:miejscNazwa><sln:miejscRodzaj>Wieś</sln:miejscRodzaj><sln:powIIPId>5abcd674-cb07-4f48-bd7c-d098c05ecd6d</sln:powIIPId><sln:powIIPPn>PL.PZGIK.200</sln:powIIPPn><sln:powIIPWersja>2012-09-27T09:33:51+02:00</sln:powIIPWersja><sln:powIdTeryt>2206</sln:powIdTeryt><sln:powNazwa>kościerski</sln:powNazwa><sln:waznyOd>2011-08-26T00:00:00+02:00</sln:waznyOd><sln:wojIIPId>ece93e09-0215-42f3-8067-be0649f58d46</sln:wojIIPId><sln:wojIIPPn>PL.PZGIK.200</sln:wojIIPPn><sln:wojIIPWersja>2012-09-27T13:45:13+02:00</sln:wojIIPWersja><sln:wojIdTeryt>22</sln:wojIdTeryt><sln:wojNazwa>pomorskie</sln:wojNazwa></sln:miejscowosc><sln:miejscowosc><sln:cyklZyciaOd>2017-04-05T00:00:00+02:00</sln:cyklZyciaOd><sln:gmIIPId>858bb339-7076-475d-96e0-f69321a8ca6e</sln:gmIIPId><sln:gmIIPPn>PL.PZGIK.200</sln:gmIIPPn><sln:gmIIPWersja>2012-09-26T22:45:43+02:00</sln:gmIIPWersja><sln:gmIdTeryt>2206052</sln:gmIdTeryt><sln:gmNazwa>Liniewo</sln:gmNazwa><sln:miejscIIPId>ff1ad1c2-eb86-4a15-bc50-f2db9b6e46e5</sln:miejscIIPId><sln:miejscIIPPn>PL.PZGIK.200</sln:miejscIIPPn><sln:miejscIIPWersja>2017-04-05T13:20:38+02:00</sln:miejscIIPWersja><sln:miejscIdTeryt>0166002</sln:miejscIdTeryt><sln:miejscNazwa>Mestwinowo</sln:miejscNazwa><sln:miejscRodzaj>Osada</sln:miejscRodzaj><sln:powIIPId>5abcd674-cb07-4f48-bd7c-d098c05ecd6d</sln:powIIPId><sln:powIIPPn>PL.PZGIK.200</sln:powIIPPn><sln:powIIPWersja>2012-09-27T09:33:51+02:00</sln:powIIPWersja><sln:powIdTeryt>2206</sln:powIdTeryt><sln:powNazwa>kościerski</sln:powNazwa><sln:waznyOd>2011-08-26T00:00:00+02:00</sln:waznyOd><sln:wojIIPId>ece93e09-0215-42f3-8067-be0649f58d46</sln:wojIIPId><sln:wojIIPPn>PL.PZGIK.200</sln:wojIIPPn><sln:wojIIPWersja>2012-09-27T13:45:13+02:00</sln:wojIIPWersja><sln:wojIdTeryt>22</sln:wojIdTeryt><sln:wojNazwa>pomorskie</sln:wojNazwa></sln:miejscowosc><sln:miejscowosc><sln:cyklZyciaOd>2017-04-05T00:00:00+02:00</sln:cyklZyciaOd><sln:gmIIPId>858bb339-7076-475d-96e0-f69321a8ca6e</sln:gmIIPId><sln:gmIIPPn>PL.PZGIK.200</sln:gmIIPPn><sln:gmIIPWersja>2012-09-26T22:45:43+02:00</sln:gmIIPWersja><sln:gmIdTeryt>2206052</sln:gmIdTeryt><sln:gmNazwa>Liniewo</sln:gmNazwa><sln:miejscIIPId>b2148d3f-5b64-42e0-8e53-6f54355ac863</sln:miejscIIPId><sln:miejscIIPPn>PL.PZGIK.200</sln:miejscIIPPn><sln:miejscIIPWersja>2017-04-05T13:20:38+02:00</sln:miejscIIPWersja><sln:miejscIdTeryt>0166019</sln:miejscIdTeryt><sln:miejscNazwa>Milonki</sln:miejscNazwa><sln:miejscRodzaj>Osada</sln:miejscRodzaj><sln:powIIPId>5abcd674-cb07-4f48-bd7c-d098c05ecd6d</sln:powIIPId><sln:powIIPPn>PL.PZGIK.200</sln:powIIPPn><sln:powIIPWersja>2012-09-27T09:33:51+02:00</sln:powIIPWersja><sln:powIdTeryt>2206</sln:powIdTeryt><sln:powNazwa>kościerski</sln:powNazwa><sln:waznyOd>2011-08-26T00:00:00+02:00</sln:waznyOd><sln:wojIIPId>ece93e09-0215-42f3-8067-be0649f58d46</sln:wojIIPId><sln:wojIIPPn>PL.PZGIK.200</sln:wojIIPPn><sln:wojIIPWersja>2012-09-27T13:45:13+02:00</sln:wojIIPWersja><sln:wojIdTeryt>22</sln:wojIdTeryt><sln:wojNazwa>pomorskie</sln:wojNazwa></sln:miejscowosc><sln:miejscowosc><sln:cyklZyciaOd>2017-04-05T00:00:00+02:00</sln:cyklZyciaOd><sln:gmIIPId>858bb339-7076-475d-96e0-f69321a8ca6e</sln:gmIIPId><sln:gmIIPPn>PL.PZGIK.200</sln:gmIIPPn><sln:gmIIPWersja>2012-09-26T22:45:43+02:00</sln:gmIIPWersja><sln:gmIdTeryt>2206052</sln:gmIdTeryt><sln:gmNazwa>Liniewo</sln:gmNazwa><sln:miejscIIPId>bf11353e-e0ee-490f-a592-3c96d8bbd34b</sln:miejscIIPId><sln:miejscIIPPn>PL.PZGIK.200</sln:miejscIIPPn><sln:miejscIIPWersja>2017-04-05T13:20:38+02:00</sln:miejscIIPWersja><sln:miejscIdTeryt>0166025</sln:miejscIdTeryt><sln:miejscNazwa>Wysin</sln:miejscNazwa><sln:miejscRodzaj>Wieś</sln:miejscRodzaj><sln:powIIPId>5abcd674-cb07-4f48-bd7c-d098c05ecd6d</sln:powIIPId><sln:powIIPPn>PL.PZGIK.200</sln:powIIPPn><sln:powIIPWersja>2012-09-27T09:33:51+02:00</sln:powIIPWersja><sln:powIdTeryt>2206</sln:powIdTeryt><sln:powNazwa>kościerski</sln:powNazwa><sln:waznyOd>2011-08-26T00:00:00+02:00</sln:waznyOd><sln:wojIIPId>ece93e09-0215-42f3-8067-be0649f58d46</sln:wojIIPId><sln:wojIIPPn>PL.PZGIK.200</sln:wojIIPPn><sln:wojIIPWersja>2012-09-27T13:45:13+02:00</sln:wojIIPWersja><sln:wojIdTeryt>22</sln:wojIdTeryt><sln:wojNazwa>pomorskie</sln:wojNazwa></sln:miejscowosc><sln:miejscowosc><sln:cyklZyciaOd>2017-04-05T00:00:00+02:00</sln:cyklZyciaOd><sln:gmIIPId>858bb339-7076-475d-96e0-f69321a8ca6e</sln:gmIIPId><sln:gmIIPPn>PL.PZGIK.200</sln:gmIIPPn><sln:gmIIPWersja>2012-09-26T22:45:43+02:00</sln:gmIIPWersja><sln:gmIdTeryt>2206052</sln:gmIdTeryt><sln:gmNazwa>Liniewo</sln:gmNazwa><sln:miejscIIPId>9a0d9418-96e5-4dbc-819e-573bfc2b50a2</sln:miejscIIPId><sln:miejscIIPPn>PL.PZGIK.200</sln:miejscIIPPn><sln:miejscIIPWersja>2017-04-05T13:20:38+02:00</sln:miejscIIPWersja><sln:miejscIdTeryt>0166054</sln:miejscIdTeryt><sln:miejscNazwa>Stary Wiec</sln:miejscNazwa><sln:miejscRodzaj>Osada</sln:miejscRodzaj><sln:powIIPId>5abcd674-cb07-4f48-bd7c-d098c05ecd6d</sln:powIIPId><sln:powIIPPn>PL.PZGIK.200</sln:powIIPPn><sln:powIIPWersja>2012-09-27T09:33:51+02:00</sln:powIIPWersja><sln:powIdTeryt>2206</sln:powIdTeryt><sln:powNazwa>kościerski</sln:powNazwa><sln:waznyOd>2011-08-26T00:00:00+02:00</sln:waznyOd><sln:wojIIPId>ece93e09-0215-42f3-8067-be0649f58d46</sln:wojIIPId><sln:wojIIPPn>PL.PZGIK.200</sln:wojIIPPn><sln:wojIIPWersja>2012-09-27T13:45:13+02:00</sln:wojIIPWersja><sln:wojIdTeryt>22</sln:wojIdTeryt><sln:wojNazwa>pomorskie</sln:wojNazwa></sln:miejscowosc></sln:lista-miejscowosci>