<?xml version="1.0" encoding="UTF-8" standalone="yes"?><sln:lista-miejscowosci xmlns:srv="http://gugik.gov.pl/schemas/slowniki-service/1.0" xmlns:sln="http://gugik.gov.pl/schemas/slowniki-schema/1.0"><sln:miejscowosc><sln:cyklZyciaDo>2017-04-04T00:00:00+02:00</sln:cyklZyciaDo><sln:cyklZyciaOd>2015-11-30T00:00:00+01:00</sln:cyklZyciaOd><sln:gmIIPId>2e9040d1-c76f-4697-b090-f9144aae880f</sln:gmIIPId><sln:gmIIPPn>PL.PZGIK.200</sln:gmIIPPn><sln:gmIIPWersja>2012-09-26T22:45:43+02:00</sln:gmIIPWersja><sln:gmIdTeryt>2206072</sln:gmIdTeryt><sln:gmNazwa>Nowa Karczma</sln:gmNazwa><sln:miejscIIPId>0c96eabd-384d-4e20-ad23-78736854f0ed</sln:miejscIIPId><sln:miejscIIPPn>PL.PZGIK.200</sln:miejscIIPPn><sln:miejscIIPWersja>2016-11-24T09:29:30+02:00</sln:miejscIIPWersja><sln:miejscIdTeryt>0167770</sln:miejscIdTeryt><sln:miejscNazwa>Będomin</sln:miejscNazwa><sln:miejscRodzaj>Wieś</sln:miejscRodzaj><sln:powIIPId>5abcd674-cb07-4f48-bd7c-d098c05ecd6d</sln:powIIPId><sln:powIIPPn>PL.PZGIK.200</sln:powIIPPn><sln:powIIPWersja>2012-09-27T09:33:51+02:00</sln:powIIPWersja><sln:powIdTeryt>2206</sln:powIdTeryt><sln:powNazwa>kościerski</sln:powNazwa><sln:waznyOd>2011-08-26T00:00:00+02:00</sln:waznyOd><sln:wojIIPId>ece93e09-0215-42f3-8067-be0649f58d46</sln:wojIIPId><sln:wojIIPPn>PL.PZGIK.200</sln:wojIIPPn><sln:wojIIPWersja>2012-09-27T13:45:13+02:00</sln:wojIIPWersja><sln:wojIdTeryt>22</sln:wojIdTeryt><sln:wojNazwa>pomorskie</sln:wojNazwa></sln:miejscowosc><sln:miejscowosc><sln:cyklZyciaDo>2017-04-04T00:00:00+02:00</sln:cyklZyciaDo><sln:cyklZyciaOd>2015-11-30T00:00:00+01:00</sln:cyklZyciaOd><sln:gmIIPId>2e9040d1-c76f-4697-b090-f9144aae880f</sln:gmIIPId><sln:gmIIPPn>PL.PZGIK.200</sln:gmIIPPn><sln:gmIIPWersja>2012-09-26T22:45:43+02:00</sln:gmIIPWersja><sln:gmIdTeryt>2206072</sln:gmIdTeryt><sln:gmNazwa>Nowa Karczma</sln:gmNazwa><sln:miejscIIPId>b14db693-2d87-4f0e-9d35-9154e0fb7641</sln:miejscIIPId><sln:miejscIIPPn>PL.PZGIK.200</sln:miejscIIPPn><sln:miejscIIPWersja>2016-11-24T09:29:30+02:00</sln:miejscIIPWersja><sln:miejscIdTeryt>0167786</sln:miejscIdTeryt><sln:miejscNazwa>Grabowo Kościerskie</sln:miejscNazwa><sln:miejscRodzaj>Wieś</sln:miejscRodzaj><sln:powIIPId>5abcd674-cb07-4f48-bd7c-d098c05ecd6d</sln:powIIPId><sln:powIIPPn>PL.PZGIK.200</sln:powIIPPn><sln:powIIPWersja>2012-09-27T09:33:51+02:00</sln:powIIPWersja><sln:powIdTeryt>2206</sln:powIdTeryt><sln:powNazwa>kościerski</sln:powNazwa><sln:waznyOd>2011-08-26T00:00:00+02:00</sln:waznyOd><sln:wojIIPId>ece93e09-0215-42f3-8067-be0649f58d46</sln:wojIIPId><sln:wojIIPPn>PL.PZGIK.200</sln:wojIIPPn><sln:wojIIPWersja>2012-09-27T13:45:13+02:00</sln:wojIIPWersja><sln:wojIdTeryt>22</sln:wojIdTeryt><sln:wojNazwa>pomorskie</sln:wojNazwa></sln:miejscowosc><sln:miejscowosc><sln:cyklZyciaDo>2017-04-04T00:00:00+02:00</sln:cyklZyciaDo><sln:cyklZyciaOd>2015-11-30T00:00:00+01:00</sln:cyklZyciaOd><sln:gmIIPId>2e9040d1-c76f-4697-b090-f9144aae880f</sln:gmIIPId><sln:gmIIPPn>PL.PZGIK.200</sln:gmIIPPn><sln:gmIIPWersja>2012-09-26T22:45:43+02:00</sln:gmIIPWersja><sln:gmIdTeryt>2206072</sln:gmIdTeryt><sln:gmNazwa>Nowa Karczma</sln:gmNazwa><sln:miejscIIPId>3c485e31-e70b-4818-8e8a-f7423314fd1f</sln:miejscIIPId><sln:miejscIIPPn>PL.PZGIK.200</sln:miejscIIPPn><sln:miejscIIPWersja>2016-11-24T09:29:30+02:00</sln:miejscIIPWersja><sln:miejscIdTeryt>0167817</sln:miejscIdTeryt><sln:miejscNazwa>Grabowska Huta</sln:miejscNazwa><sln:miejscRodzaj>Wieś</sln:miejscRodzaj><sln:powIIPId>5abcd674-cb07-4f48-bd7c-d098c05ecd6d</sln:powIIPId><sln:powIIPPn>PL.PZGIK.200</sln:powIIPPn><sln:powIIPWersja>2012-09-27T09:33:51+02:00</sln:powIIPWersja><sln:powIdTeryt>2206</sln:powIdTeryt><sln:powNazwa>kościerski</sln:powNazwa><sln:waznyOd>2011-08-26T00:00:00+02:00</sln:waznyOd><sln:wojIIPId>ece93e09-0215-42f3-8067-be0649f58d46</sln:wojIIPId><sln:wojIIPPn>PL.PZGIK.200</sln:wojIIPPn><sln:wojIIPWersja>2012-09-27T13:45:13+02:00</sln:wojIIPWersja><sln:wojIdTeryt>22</sln:wojIdTeryt><sln:wojNazwa>pomorskie</sln:wojNazwa></sln:miejscowosc><sln:miejscowosc><sln:cyklZyciaDo>2017-04-04T00:00:00+02:00</sln:cyklZyciaDo><sln:cyklZyciaOd>2015-11-30T00:00:00+01:00</sln:cyklZyciaOd><sln:gmIIPId>2e9040d1-c76f-4697-b090-f9144aae880f</sln:gmIIPId><sln:gmIIPPn>PL.PZGIK.200</sln:gmIIPPn><sln:gmIIPWersja>2012-09-26T22:45:43+02:00</sln:gmIIPWersja><sln:gmIdTeryt>2206072</sln:gmIdTeryt><sln:gmNazwa>Nowa Karczma</sln:gmNazwa><sln:miejscIIPId>7bd92a60-63b5-45ff-9d22-48f0852a3dd0</sln:miejscIIPId><sln:miejscIIPPn>PL.PZGIK.200</sln:miejscIIPPn><sln:miejscIIPWersja>2016-11-24T09:29:30+02:00</sln:miejscIIPWersja><sln:miejscIdTeryt>0167823</sln:miejscIdTeryt><sln:miejscNazwa>Grabówko</sln:miejscNazwa><sln:miejscRodzaj>Wieś</sln:miejscRodzaj><sln:powIIPId>5abcd674-cb07-4f48-bd7c-d098c05ecd6d</sln:powIIPId><sln:powIIPPn>PL.PZGIK.200</sln:powIIPPn><sln:powIIPWersja>2012-09-27T09:33:51+02:00</sln:powIIPWersja><sln:powIdTeryt>2206</sln:powIdTeryt><sln:powNazwa>kościerski</sln:powNazwa><sln:waznyOd>2011-08-26T00:00:00+02:00</sln:waznyOd><sln:wojIIPId>ece93e09-0215-42f3-8067-be0649f58d46</sln:wojIIPId><sln:wojIIPPn>PL.PZGIK.200</sln:wojIIPPn><sln:wojIIPWersja>2012-09-27T13:45:13+02:00</sln:wojIIPWersja><sln:wojIdTeryt>22</sln:wojIdTeryt><sln:wojNazwa>pomorskie</sln:wojNazwa></sln:miejscowosc><sln:miejscowosc><sln:cyklZyciaDo>2017-04-04T00:00:00+02:00</sln:cyklZyciaDo><sln:cyklZyciaOd>2015-11-30T00:00:00+01:00</sln:cyklZyciaOd><sln:gmIIPId>2e9040d1-c76f-4697-b090-f9144aae880f</sln:gmIIPId><sln:gmIIPPn>PL.PZGIK.200</sln:gmIIPPn><sln:gmIIPWersja>2012-09-26T22:45:43+02:00</sln:gmIIPWersja><sln:gmIdTeryt>2206072</sln:gmIdTeryt><sln:gmNazwa>Nowa Karczma</sln:gmNazwa><sln:miejscIIPId>feafe8f4-d965-4c02-b615-20ba1ecc673c</sln:miejscIIPId><sln:miejscIIPPn>PL.PZGIK.200</sln:miejscIIPPn><sln:miejscIIPWersja>2016-11-24T09:29:30+02:00</sln:miejscIIPWersja><sln:miejscIdTeryt>0167846</sln:miejscIdTeryt><sln:miejscNazwa>Guzy</sln:miejscNazwa><sln:miejscRodzaj>Wieś</sln:miejscRodzaj><sln:powIIPId>5abcd674-cb07-4f48-bd7c-d098c05ecd6d</sln:powIIPId><sln:powIIPPn>PL.PZGIK.200</sln:powIIPPn><sln:powIIPWersja>2012-09-27T09:33:51+02:00</sln:powIIPWersja><sln:powIdTeryt>2206</sln:powIdTeryt><sln:powNazwa>kościerski</sln:powNazwa><sln:waznyOd>2011-08-26T00:00:00+02:00</sln:waznyOd><sln:wojIIPId>ece93e09-0215-42f3-8067-be0649f58d46</sln:wojIIPId><sln:wojIIPPn>PL.PZGIK.200</sln:wojIIPPn><sln:wojIIPWersja>2012-09-27T13:45:13+02:00</sln:wojIIPWersja><sln:wojIdTeryt>22</sln:wojIdTeryt><sln:wojNazwa>pomorskie</sln:wojNazwa></sln:miejscowosc><sln:miejscowosc><sln:cyklZyciaDo>2017-04-04T00:00:00+02:00</sln:cyklZyciaDo><sln:cyklZyciaOd>2015-11-30T00:00:00+01:00</sln:cyklZyciaOd><sln:gmIIPId>2e9040d1-c76f-4697-b090-f9144aae880f</sln:gmIIPId><sln:gmIIPPn>PL.PZGIK.200</sln:gmIIPPn><sln:gmIIPWersja>2012-09-26T22:45:43+02:00</sln:gmIIPWersja><sln:gmIdTeryt>2206072</sln:gmIdTeryt><sln:gmNazwa>Nowa Karczma</sln:gmNazwa><sln:miejscIIPId>b0265296-8b45-4777-8b2d-5b386ef3ec69</sln:miejscIIPId><sln:miejscIIPPn>PL.PZGIK.200</sln:miejscIIPPn><sln:miejscIIPWersja>2016-11-24T09:29:30+02:00</sln:miejscIIPWersja><sln:miejscIdTeryt>0167929</sln:miejscIdTeryt><sln:miejscNazwa>Horniki Dolne</sln:miejscNazwa><sln:miejscRodzaj>Inny obiekt</sln:miejscRodzaj><sln:powIIPId>5abcd674-cb07-4f48-bd7c-d098c05ecd6d</sln:powIIPId><sln:powIIPPn>PL.PZGIK.200</sln:powIIPPn><sln:powIIPWersja>2012-09-27T09:33:51+02:00</sln:powIIPWersja><sln:powIdTeryt>2206</sln:powIdTeryt><sln:powNazwa>kościerski</sln:powNazwa><sln:waznyOd>2011-08-26T00:00:00+02:00</sln:waznyOd><sln:wojIIPId>ece93e09-0215-42f3-8067-be0649f58d46</sln:wojIIPId><sln:wojIIPPn>PL.PZGIK.200</sln:wojIIPPn><sln:wojIIPWersja>2012-09-27T13:45:13+02:00</sln:wojIIPWersja><sln:wojIdTeryt>22</sln:wojIdTeryt><sln:wojNazwa>pomorskie</sln:wojNazwa></sln:miejscowosc><sln:miejscowosc><sln:cyklZyciaDo>2017-04-04T00:00:00+02:00</sln:cyklZyciaDo><sln:cyklZyciaOd>2015-11-30T00:00:00+01:00</sln:cyklZyciaOd><sln:gmIIPId>2e9040d1-c76f-4697-b090-f9144aae880f</sln:gmIIPId><sln:gmIIPPn>PL.PZGIK.200</sln:gmIIPPn><sln:gmIIPWersja>2012-09-26T22:45:43+02:00</sln:gmIIPWersja><sln:gmIdTeryt>2206072</sln:gmIdTeryt><sln:gmNazwa>Nowa Karczma</sln:gmNazwa><sln:miejscIIPId>c94c9003-e3b5-46b0-80e0-910c880bb908</sln:miejscIIPId><sln:miejscIIPPn>PL.PZGIK.200</sln:miejscIIPPn><sln:miejscIIPWersja>2016-11-24T09:29:30+02:00</sln:miejscIIPWersja><sln:miejscIdTeryt>0167852</sln:miejscIdTeryt><sln:miejscNazwa>Jasiowa Huta</sln:miejscNazwa><sln:miejscRodzaj>Wieś</sln:miejscRodzaj><sln:powIIPId>5abcd674-cb07-4f48-bd7c-d098c05ecd6d</sln:powIIPId><sln:powIIPPn>PL.PZGIK.200</sln:powIIPPn><sln:powIIPWersja>2012-09-27T09:33:51+02:00</sln:powIIPWersja><sln:powIdTeryt>2206</sln:powIdTeryt><sln:powNazwa>kościerski</sln:powNazwa><sln:waznyOd>2011-08-26T00:00:00+02:00</sln:waznyOd><sln:wojIIPId>ece93e09-0215-42f3-8067-be0649f58d46</sln:wojIIPId><sln:wojIIPPn>PL.PZGIK.200</sln:wojIIPPn><sln:wojIIPWersja>2012-09-27T13:45:13+02:00</sln:wojIIPWersja><sln:wojIdTeryt>22</sln:wojIdTeryt><sln:wojNazwa>pomorskie</sln:wojNazwa></sln:miejscowosc><sln:miejscowosc><sln:cyklZyciaDo>2017-04-04T00:00:00+02:00</sln:cyklZyciaDo><sln:cyklZyciaOd>2015-11-30T00:00:00+01:00</sln:cyklZyciaOd><sln:gmIIPId>2e9040d1-c76f-4697-b090-f9144aae880f</sln:gmIIPId><sln:gmIIPPn>PL.PZGIK.200</sln:gmIIPPn><sln:gmIIPWersja>2012-09-26T22:45:43+02:00</sln:gmIIPWersja><sln:gmIdTeryt>2206072</sln:gmIdTeryt><sln:gmNazwa>Nowa Karczma</sln:gmNazwa><sln:miejscIIPId>9cfdf619-5af2-496c-a636-d8a7965c38b7</sln:miejscIIPId><sln:miejscIIPPn>PL.PZGIK.200</sln:miejscIIPPn><sln:miejscIIPWersja>2016-11-24T09:29:30+02:00</sln:miejscIIPWersja><sln:miejscIdTeryt>0167941</sln:miejscIdTeryt><sln:miejscNazwa>Kamiony</sln:miejscNazwa><sln:miejscRodzaj>Inny obiekt</sln:miejscRodzaj><sln:powIIPId>5abcd674-cb07-4f48-bd7c-d098c05ecd6d</sln:powIIPId><sln:powIIPPn>PL.PZGIK.200</sln:powIIPPn><sln:powIIPWersja>2012-09-27T09:33:51+02:00</sln:powIIPWersja><sln:powIdTeryt>2206</sln:powIdTeryt><sln:powNazwa>kościerski</sln:powNazwa><sln:waznyOd>2011-08-26T00:00:00+02:00</sln:waznyOd><sln:wojIIPId>ece93e09-0215-42f3-8067-be0649f58d46</sln:wojIIPId><sln:wojIIPPn>PL.PZGIK.200</sln:wojIIPPn><sln:wojIIPWersja>2012-09-27T13:45:13+02:00</sln:wojIIPWersja><sln:wojIdTeryt>22</sln:wojIdTeryt><sln:wojNazwa>pomorskie</sln:wojNazwa></sln:miejscowosc><sln:miejscowosc><sln:cyklZyciaDo>2017-04-04T00:00:00+02:00</sln:cyklZyciaDo><sln:cyklZyciaOd>2015-11-30T00:00:00+01:00</sln:cyklZyciaOd><sln:gmIIPId>2e9040d1-c76f-4697-b090-f9144aae880f</sln:gmIIPId><sln:gmIIPPn>PL.PZGIK.200</sln:gmIIPPn><sln:gmIIPWersja>2012-09-26T22:45:43+02:00</sln:gmIIPWersja><sln:gmIdTeryt>2206072</sln:gmIdTeryt><sln:gmNazwa>Nowa Karczma</sln:gmNazwa><sln:miejscIIPId>55fa7b05-6739-419b-9088-f348389ed377</sln:miejscIIPId><sln:miejscIIPPn>PL.PZGIK.200</sln:miejscIIPPn><sln:miejscIIPWersja>2016-11-24T09:29:30+02:00</sln:miejscIIPWersja><sln:miejscIdTeryt>0167898</sln:miejscIdTeryt><sln:miejscNazwa>Liniewko Kaszubskie</sln:miejscNazwa><sln:miejscRodzaj>Inny obiekt</sln:miejscRodzaj><sln:powIIPId>5abcd674-cb07-4f48-bd7c-d098c05ecd6d</sln:powIIPId><sln:powIIPPn>PL.PZGIK.200</sln:powIIPPn><sln:powIIPWersja>2012-09-27T09:33:51+02:00</sln:powIIPWersja><sln:powIdTeryt>2206</sln:powIdTeryt><sln:powNazwa>kościerski</sln:powNazwa><sln:waznyOd>2011-08-26T00:00:00+02:00</sln:waznyOd><sln:wojIIPId>ece93e09-0215-42f3-8067-be0649f58d46</sln:wojIIPId><sln:wojIIPPn>PL.PZGIK.200</sln:wojIIPPn><sln:wojIIPWersja>2012-09-27T13:45:13+02:00</sln:wojIIPWersja><sln:wojIdTeryt>22</sln:wojIdTeryt><sln:wojNazwa>pomorskie</sln:wojNazwa></sln:miejscowosc><sln:miejscowosc><sln:cyklZyciaDo>2017-04-04T00:00:00+02:00</sln:cyklZyciaDo><sln:cyklZyciaOd>2015-11-30T00:00:00+01:00</sln:cyklZyciaOd><sln:gmIIPId>2e9040d1-c76f-4697-b090-f9144aae880f</sln:gmIIPId><sln:gmIIPPn>PL.PZGIK.200</sln:gmIIPPn><sln:gmIIPWersja>2012-09-26T22:45:43+02:00</sln:gmIIPWersja><sln:gmIdTeryt>2206072</sln:gmIdTeryt><sln:gmNazwa>Nowa Karczma</sln:gmNazwa><sln:miejscIIPId>5dbfca90-e1ad-4950-b8b4-224b57362e41</sln:miejscIIPId><sln:miejscIIPPn>PL.PZGIK.200</sln:miejscIIPPn><sln:miejscIIPWersja>2016-11-24T09:29:30+02:00</sln:miejscIIPWersja><sln:miejscIdTeryt>0167869</sln:miejscIdTeryt><sln:miejscNazwa>Liniewko Kościerskie</sln:miejscNazwa><sln:miejscRodzaj>Wieś</sln:miejscRodzaj><sln:powIIPId>5abcd674-cb07-4f48-bd7c-d098c05ecd6d</sln:powIIPId><sln:powIIPPn>PL.PZGIK.200</sln:powIIPPn><sln:powIIPWersja>2012-09-27T09:33:51+02:00</sln:powIIPWersja><sln:powIdTeryt>2206</sln:powIdTeryt><sln:powNazwa>kościerski</sln:powNazwa><sln:waznyOd>2011-08-26T00:00:00+02:00</sln:waznyOd><sln:wojIIPId>ece93e09-0215-42f3-8067-be0649f58d46</sln:wojIIPId><sln:wojIIPPn>PL.PZGIK.200</sln:wojIIPPn><sln:wojIIPWersja>2012-09-27T13:45:13+02:00</sln:wojIIPWersja><sln:wojIdTeryt>22</sln:wojIdTeryt><sln:wojNazwa>pomorskie</sln:wojNazwa></sln:miejscowosc><sln:miejscowosc><sln:cyklZyciaDo>2017-04-04T00:00:00+02:00</sln:cyklZyciaDo><sln:cyklZyciaOd>2015-11-30T00:00:00+01:00</sln:cyklZyciaOd><sln:gmIIPId>2e9040d1-c76f-4697-b090-f9144aae880f</sln:gmIIPId><sln:gmIIPPn>PL.PZGIK.200</sln:gmIIPPn><sln:gmIIPWersja>2012-09-26T22:45:43+02:00</sln:gmIIPWersja><sln:gmIdTeryt>2206072</sln:gmIdTeryt><sln:gmNazwa>Nowa Karczma</sln:gmNazwa><sln:miejscIIPId>e4272186-30ab-4810-9dde-a8b91d5c302d</sln:miejscIIPId><sln:miejscIIPPn>PL.PZGIK.200</sln:miejscIIPPn><sln:miejscIIPWersja>2016-11-24T09:29:30+02:00</sln:miejscIIPWersja><sln:miejscIdTeryt>0167875</sln:miejscIdTeryt><sln:miejscNazwa>Lubań</sln:miejscNazwa><sln:miejscRodzaj>Wieś</sln:miejscRodzaj><sln:powIIPId>5abcd674-cb07-4f48-bd7c-d098c05ecd6d</sln:powIIPId><sln:powIIPPn>PL.PZGIK.200</sln:powIIPPn><sln:powIIPWersja>2012-09-27T09:33:51+02:00</sln:powIIPWersja><sln:powIdTeryt>2206</sln:powIdTeryt><sln:powNazwa>kościerski</sln:powNazwa><sln:waznyOd>2011-08-26T00:00:00+02:00</sln:waznyOd><sln:wojIIPId>ece93e09-0215-42f3-8067-be0649f58d46</sln:wojIIPId><sln:wojIIPPn>PL.PZGIK.200</sln:wojIIPPn><sln:wojIIPWersja>2012-09-27T13:45:13+02:00</sln:wojIIPWersja><sln:wojIdTeryt>22</sln:wojIdTeryt><sln:wojNazwa>pomorskie</sln:wojNazwa></sln:miejscowosc><sln:miejscowosc><sln:cyklZyciaDo>2017-04-04T00:00:00+02:00</sln:cyklZyciaDo><sln:cyklZyciaOd>2015-11-30T00:00:00+01:00</sln:cyklZyciaOd><sln:gmIIPId>2e9040d1-c76f-4697-b090-f9144aae880f</sln:gmIIPId><sln:gmIIPPn>PL.PZGIK.200</sln:gmIIPPn><sln:gmIIPWersja>2012-09-26T22:45:43+02:00</sln:gmIIPWersja><sln:gmIdTeryt>2206072</sln:gmIdTeryt><sln:gmNazwa>Nowa Karczma</sln:gmNazwa><sln:miejscIIPId>dc9049f7-4ed8-4eae-8e26-3aa4b362023b</sln:miejscIIPId><sln:miejscIIPPn>PL.PZGIK.200</sln:miejscIIPPn><sln:miejscIIPWersja>2016-11-24T09:29:30+02:00</sln:miejscIIPWersja><sln:miejscIdTeryt>0167881</sln:miejscIdTeryt><sln:miejscNazwa>Lubieszynek</sln:miejscNazwa><sln:miejscRodzaj>Wieś</sln:miejscRodzaj><sln:powIIPId>5abcd674-cb07-4f48-bd7c-d098c05ecd6d</sln:powIIPId><sln:powIIPPn>PL.PZGIK.200</sln:powIIPPn><sln:powIIPWersja>2012-09-27T09:33:51+02:00</sln:powIIPWersja><sln:powIdTeryt>2206</sln:powIdTeryt><sln:powNazwa>kościerski</sln:powNazwa><sln:waznyOd>2011-08-26T00:00:00+02:00</sln:waznyOd><sln:wojIIPId>ece93e09-0215-42f3-8067-be0649f58d46</sln:wojIIPId><sln:wojIIPPn>PL.PZGIK.200</sln:wojIIPPn><sln:wojIIPWersja>2012-09-27T13:45:13+02:00</sln:wojIIPWersja><sln:wojIdTeryt>22</sln:wojIdTeryt><sln:wojNazwa>pomorskie</sln:wojNazwa></sln:miejscowosc><sln:miejscowosc><sln:cyklZyciaDo>2017-04-04T00:00:00+02:00</sln:cyklZyciaDo><sln:cyklZyciaOd>2015-11-30T00:00:00+01:00</sln:cyklZyciaOd><sln:gmIIPId>2e9040d1-c76f-4697-b090-f9144aae880f</sln:gmIIPId><sln:gmIIPPn>PL.PZGIK.200</sln:gmIIPPn><sln:gmIIPWersja>2012-09-26T22:45:43+02:00</sln:gmIIPWersja><sln:gmIdTeryt>2206072</sln:gmIdTeryt><sln:gmNazwa>Nowa Karczma</sln:gmNazwa><sln:miejscIIPId>df58d2c8-9800-4d73-a364-772613e26db2</sln:miejscIIPId><sln:miejscIIPPn>PL.PZGIK.200</sln:miejscIIPPn><sln:miejscIIPWersja>2016-11-24T09:29:30+02:00</sln:miejscIIPWersja><sln:miejscIdTeryt>0167912</sln:miejscIdTeryt><sln:miejscNazwa>Nowa Karczma</sln:miejscNazwa><sln:miejscRodzaj>Wieś</sln:miejscRodzaj><sln:powIIPId>5abcd674-cb07-4f48-bd7c-d098c05ecd6d</sln:powIIPId><sln:powIIPPn>PL.PZGIK.200</sln:powIIPPn><sln:powIIPWersja>2012-09-27T09:33:51+02:00</sln:powIIPWersja><sln:powIdTeryt>2206</sln:powIdTeryt><sln:powNazwa>kościerski</sln:powNazwa><sln:waznyOd>2011-08-26T00:00:00+02:00</sln:waznyOd><sln:wojIIPId>ece93e09-0215-42f3-8067-be0649f58d46</sln:wojIIPId><sln:wojIIPPn>PL.PZGIK.200</sln:wojIIPPn><sln:wojIIPWersja>2012-09-27T13:45:13+02:00</sln:wojIIPWersja><sln:wojIdTeryt>22</sln:wojIdTeryt><sln:wojNazwa>pomorskie</sln:wojNazwa></sln:miejscowosc><sln:miejscowosc><sln:cyklZyciaDo>2017-04-04T00:00:00+02:00</sln:cyklZyciaDo><sln:cyklZyciaOd>2015-11-30T00:00:00+01:00</sln:cyklZyciaOd><sln:gmIIPId>2e9040d1-c76f-4697-b090-f9144aae880f</sln:gmIIPId><sln:gmIIPPn>PL.PZGIK.200</sln:gmIIPPn><sln:gmIIPWersja>2012-09-26T22:45:43+02:00</sln:gmIIPWersja><sln:gmIdTeryt>2206072</sln:gmIdTeryt><sln:gmNazwa>Nowa Karczma</sln:gmNazwa><sln:miejscIIPId>718e6b84-5866-4c61-b110-093d7a3b566d</sln:miejscIIPId><sln:miejscIIPPn>PL.PZGIK.200</sln:miejscIIPPn><sln:miejscIIPWersja>2016-11-24T09:29:30+02:00</sln:miejscIIPWersja><sln:miejscIdTeryt>0167987</sln:miejscIdTeryt><sln:miejscNazwa>Nowy Barkoczyn</sln:miejscNazwa><sln:miejscRodzaj>Wieś</sln:miejscRodzaj><sln:powIIPId>5abcd674-cb07-4f48-bd7c-d098c05ecd6d</sln:powIIPId><sln:powIIPPn>PL.PZGIK.200</sln:powIIPPn><sln:powIIPWersja>2012-09-27T09:33:51+02:00</sln:powIIPWersja><sln:powIdTeryt>2206</sln:powIdTeryt><sln:powNazwa>kościerski</sln:powNazwa><sln:waznyOd>2011-08-26T00:00:00+02:00</sln:waznyOd><sln:wojIIPId>ece93e09-0215-42f3-8067-be0649f58d46</sln:wojIIPId><sln:wojIIPPn>PL.PZGIK.200</sln:wojIIPPn><sln:wojIIPWersja>2012-09-27T13:45:13+02:00</sln:wojIIPWersja><sln:wojIdTeryt>22</sln:wojIdTeryt><sln:wojNazwa>pomorskie</sln:wojNazwa></sln:miejscowosc><sln:miejscowosc><sln:cyklZyciaDo>2017-04-04T00:00:00+02:00</sln:cyklZyciaDo><sln:cyklZyciaOd>2015-11-30T00:00:00+01:00</sln:cyklZyciaOd><sln:gmIIPId>2e9040d1-c76f-4697-b090-f9144aae880f</sln:gmIIPId><sln:gmIIPPn>PL.PZGIK.200</sln:gmIIPPn><sln:gmIIPWersja>2012-09-26T22:45:43+02:00</sln:gmIIPWersja><sln:gmIdTeryt>2206072</sln:gmIdTeryt><sln:gmNazwa>Nowa Karczma</sln:gmNazwa><sln:miejscIIPId>f56437e5-b414-405f-b21a-0cfee48b2cc2</sln:miejscIIPId><sln:miejscIIPPn>PL.PZGIK.200</sln:miejscIIPPn><sln:miejscIIPWersja>2016-11-24T09:29:30+02:00</sln:miejscIIPWersja><sln:miejscIdTeryt>0167964</sln:miejscIdTeryt><sln:miejscNazwa>Olszowy Kierz</sln:miejscNazwa><sln:miejscRodzaj>Osada</sln:miejscRodzaj><sln:powIIPId>5abcd674-cb07-4f48-bd7c-d098c05ecd6d</sln:powIIPId><sln:powIIPPn>PL.PZGIK.200</sln:powIIPPn><sln:powIIPWersja>2012-09-27T09:33:51+02:00</sln:powIIPWersja><sln:powIdTeryt>2206</sln:powIdTeryt><sln:powNazwa>kościerski</sln:powNazwa><sln:waznyOd>2013-10-23T00:00:00+02:00</sln:waznyOd><sln:wojIIPId>ece93e09-0215-42f3-8067-be0649f58d46</sln:wojIIPId><sln:wojIIPPn>PL.PZGIK.200</sln:wojIIPPn><sln:wojIIPWersja>2012-09-27T13:45:13+02:00</sln:wojIIPWersja><sln:wojIdTeryt>22</sln:wojIdTeryt><sln:wojNazwa>pomorskie</sln:wojNazwa></sln:miejscowosc><sln:miejscowosc><sln:cyklZyciaDo>2017-04-04T00:00:00+02:00</sln:cyklZyciaDo><sln:cyklZyciaOd>2015-11-30T00:00:00+01:00</sln:cyklZyciaOd><sln:gmIIPId>2e9040d1-c76f-4697-b090-f9144aae880f</sln:gmIIPId><sln:gmIIPPn>PL.PZGIK.200</sln:gmIIPPn><sln:gmIIPWersja>2012-09-26T22:45:43+02:00</sln:gmIIPWersja><sln:gmIdTeryt>2206072</sln:gmIdTeryt><sln:gmNazwa>Nowa Karczma</sln:gmNazwa><sln:miejscIIPId>bc7ab26d-4c7e-4403-bd75-062310550158</sln:miejscIIPId><sln:miejscIIPPn>PL.PZGIK.200</sln:miejscIIPPn><sln:miejscIIPWersja>2016-11-24T09:29:30+02:00</sln:miejscIIPWersja><sln:miejscIdTeryt>0168001</sln:miejscIdTeryt><sln:miejscNazwa>Rekownica</sln:miejscNazwa><sln:miejscRodzaj>Wieś</sln:miejscRodzaj><sln:powIIPId>5abcd674-cb07-4f48-bd7c-d098c05ecd6d</sln:powIIPId><sln:powIIPPn>PL.PZGIK.200</sln:powIIPPn><sln:powIIPWersja>2012-09-27T09:33:51+02:00</sln:powIIPWersja><sln:powIdTeryt>2206</sln:powIdTeryt><sln:powNazwa>kościerski</sln:powNazwa><sln:waznyOd>2011-08-26T00:00:00+02:00</sln:waznyOd><sln:wojIIPId>ece93e09-0215-42f3-8067-be0649f58d46</sln:wojIIPId><sln:wojIIPPn>PL.PZGIK.200</sln:wojIIPPn><sln:wojIIPWersja>2012-09-27T13:45:13+02:00</sln:wojIIPWersja><sln:wojIdTeryt>22</sln:wojIdTeryt><sln:wojNazwa>pomorskie</sln:wojNazwa></sln:miejscowosc><sln:miejscowosc><sln:cyklZyciaDo>2017-04-04T00:00:00+02:00</sln:cyklZyciaDo><sln:cyklZyciaOd>2015-11-30T00:00:00+01:00</sln:cyklZyciaOd><sln:gmIIPId>2e9040d1-c76f-4697-b090-f9144aae880f</sln:gmIIPId><sln:gmIIPPn>PL.PZGIK.200</sln:gmIIPPn><sln:gmIIPWersja>2012-09-26T22:45:43+02:00</sln:gmIIPWersja><sln:gmIdTeryt>2206072</sln:gmIdTeryt><sln:gmNazwa>Nowa Karczma</sln:gmNazwa><sln:miejscIIPId>2a0a2208-1a91-44ca-b140-7ccf3b1bc917</sln:miejscIIPId><sln:miejscIIPPn>PL.PZGIK.200</sln:miejscIIPPn><sln:miejscIIPWersja>2016-11-24T09:29:30+02:00</sln:miejscIIPWersja><sln:miejscIdTeryt>0168018</sln:miejscIdTeryt><sln:miejscNazwa>Skrzydłowo</sln:miejscNazwa><sln:miejscRodzaj>Wieś</sln:miejscRodzaj><sln:powIIPId>5abcd674-cb07-4f48-bd7c-d098c05ecd6d</sln:powIIPId><sln:powIIPPn>PL.PZGIK.200</sln:powIIPPn><sln:powIIPWersja>2012-09-27T09:33:51+02:00</sln:powIIPWersja><sln:powIdTeryt>2206</sln:powIdTeryt><sln:powNazwa>kościerski</sln:powNazwa><sln:waznyOd>2011-08-26T00:00:00+02:00</sln:waznyOd><sln:wojIIPId>ece93e09-0215-42f3-8067-be0649f58d46</sln:wojIIPId><sln:wojIIPPn>PL.PZGIK.200</sln:wojIIPPn><sln:wojIIPWersja>2012-09-27T13:45:13+02:00</sln:wojIIPWersja><sln:wojIdTeryt>22</sln:wojIdTeryt><sln:wojNazwa>pomorskie</sln:wojNazwa></sln:miejscowosc><sln:miejscowosc><sln:cyklZyciaDo>2017-04-04T00:00:00+02:00</sln:cyklZyciaDo><sln:cyklZyciaOd>2015-11-30T00:00:00+01:00</sln:cyklZyciaOd><sln:gmIIPId>2e9040d1-c76f-4697-b090-f9144aae880f</sln:gmIIPId><sln:gmIIPPn>PL.PZGIK.200</sln:gmIIPPn><sln:gmIIPWersja>2012-09-26T22:45:43+02:00</sln:gmIIPWersja><sln:gmIdTeryt>2206072</sln:gmIdTeryt><sln:gmNazwa>Nowa Karczma</sln:gmNazwa><sln:miejscIIPId>92bb870e-d2e0-4a78-b953-e9f3fb491af0</sln:miejscIIPId><sln:miejscIIPPn>PL.PZGIK.200</sln:miejscIIPPn><sln:miejscIIPWersja>2016-11-24T09:29:30+02:00</sln:miejscIIPWersja><sln:miejscIdTeryt>0168024</sln:miejscIdTeryt><sln:miejscNazwa>Skrzydłówko</sln:miejscNazwa><sln:miejscRodzaj>Inny obiekt</sln:miejscRodzaj><sln:powIIPId>5abcd674-cb07-4f48-bd7c-d098c05ecd6d</sln:powIIPId><sln:powIIPPn>PL.PZGIK.200</sln:powIIPPn><sln:powIIPWersja>2012-09-27T09:33:51+02:00</sln:powIIPWersja><sln:powIdTeryt>2206</sln:powIdTeryt><sln:powNazwa>kościerski</sln:powNazwa><sln:waznyOd>2011-08-26T00:00:00+02:00</sln:waznyOd><sln:wojIIPId>ece93e09-0215-42f3-8067-be0649f58d46</sln:wojIIPId><sln:wojIIPPn>PL.PZGIK.200</sln:wojIIPPn><sln:wojIIPWersja>2012-09-27T13:45:13+02:00</sln:wojIIPWersja><sln:wojIdTeryt>22</sln:wojIdTeryt><sln:wojNazwa>pomorskie</sln:wojNazwa></sln:miejscowosc><sln:miejscowosc><sln:cyklZyciaDo>2017-04-04T00:00:00+02:00</sln:cyklZyciaDo><sln:cyklZyciaOd>2015-11-30T00:00:00+01:00</sln:cyklZyciaOd><sln:gmIIPId>2e9040d1-c76f-4697-b090-f9144aae880f</sln:gmIIPId><sln:gmIIPPn>PL.PZGIK.200</sln:gmIIPPn><sln:gmIIPWersja>2012-09-26T22:45:43+02:00</sln:gmIIPWersja><sln:gmIdTeryt>2206072</sln:gmIdTeryt><sln:gmNazwa>Nowa Karczma</sln:gmNazwa><sln:miejscIIPId>7141d494-0446-4403-b456-8fe7b996acc1</sln:miejscIIPId><sln:miejscIIPPn>PL.PZGIK.200</sln:miejscIIPPn><sln:miejscIIPWersja>2016-11-24T09:29:30+02:00</sln:miejscIIPWersja><sln:miejscIdTeryt>0168030</sln:miejscIdTeryt><sln:miejscNazwa>Stary Barkoczyn</sln:miejscNazwa><sln:miejscRodzaj>Wieś</sln:miejscRodzaj><sln:powIIPId>5abcd674-cb07-4f48-bd7c-d098c05ecd6d</sln:powIIPId><sln:powIIPPn>PL.PZGIK.200</sln:powIIPPn><sln:powIIPWersja>2012-09-27T09:33:51+02:00</sln:powIIPWersja><sln:powIdTeryt>2206</sln:powIdTeryt><sln:powNazwa>kościerski</sln:powNazwa><sln:waznyOd>2011-08-26T00:00:00+02:00</sln:waznyOd><sln:wojIIPId>ece93e09-0215-42f3-8067-be0649f58d46</sln:wojIIPId><sln:wojIIPPn>PL.PZGIK.200</sln:wojIIPPn><sln:wojIIPWersja>2012-09-27T13:45:13+02:00</sln:wojIIPWersja><sln:wojIdTeryt>22</sln:wojIdTeryt><sln:wojNazwa>pomorskie</sln:wojNazwa></sln:miejscowosc><sln:miejscowosc><sln:cyklZyciaDo>2017-04-04T00:00:00+02:00</sln:cyklZyciaDo><sln:cyklZyciaOd>2015-11-30T00:00:00+01:00</sln:cyklZyciaOd><sln:gmIIPId>2e9040d1-c76f-4697-b090-f9144aae880f</sln:gmIIPId><sln:gmIIPPn>PL.PZGIK.200</sln:gmIIPPn><sln:gmIIPWersja>2012-09-26T22:45:43+02:00</sln:gmIIPWersja><sln:gmIdTeryt>2206072</sln:gmIdTeryt><sln:gmNazwa>Nowa Karczma</sln:gmNazwa><sln:miejscIIPId>7602d940-4783-4baa-b60c-1078a9c1c1d2</sln:miejscIIPId><sln:miejscIIPPn>PL.PZGIK.200</sln:miejscIIPPn><sln:miejscIIPWersja>2016-11-24T09:29:30+02:00</sln:miejscIIPWersja><sln:miejscIdTeryt>0168053</sln:miejscIdTeryt><sln:miejscNazwa>Szatarpy</sln:miejscNazwa><sln:miejscRodzaj>Wieś</sln:miejscRodzaj><sln:powIIPId>5abcd674-cb07-4f48-bd7c-d098c05ecd6d</sln:powIIPId><sln:powIIPPn>PL.PZGIK.200</sln:powIIPPn><sln:powIIPWersja>2012-09-27T09:33:51+02:00</sln:powIIPWersja><sln:powIdTeryt>2206</sln:powIdTeryt><sln:powNazwa>kościerski</sln:powNazwa><sln:waznyOd>2011-08-26T00:00:00+02:00</sln:waznyOd><sln:wojIIPId>ece93e09-0215-42f3-8067-be0649f58d46</sln:wojIIPId><sln:wojIIPPn>PL.PZGIK.200</sln:wojIIPPn><sln:wojIIPWersja>2012-09-27T13:45:13+02:00</sln:wojIIPWersja><sln:wojIdTeryt>22</sln:wojIdTeryt><sln:wojNazwa>pomorskie</sln:wojNazwa></sln:miejscowosc><sln:miejscowosc><sln:cyklZyciaDo>2017-04-04T00:00:00+02:00</sln:cyklZyciaDo><sln:cyklZyciaOd>2015-11-30T00:00:00+01:00</sln:cyklZyciaOd><sln:gmIIPId>2e9040d1-c76f-4697-b090-f9144aae880f</sln:gmIIPId><sln:gmIIPPn>PL.PZGIK.200</sln:gmIIPPn><sln:gmIIPWersja>2012-09-26T22:45:43+02:00</sln:gmIIPWersja><sln:gmIdTeryt>2206072</sln:gmIdTeryt><sln:gmNazwa>Nowa Karczma</sln:gmNazwa><sln:miejscIIPId>92139dfc-490b-491c-badd-23394af1bca2</sln:miejscIIPId><sln:miejscIIPPn>PL.PZGIK.200</sln:miejscIIPPn><sln:miejscIIPWersja>2016-11-24T09:29:30+02:00</sln:miejscIIPWersja><sln:miejscIdTeryt>0168060</sln:miejscIdTeryt><sln:miejscNazwa>Szpon</sln:miejscNazwa><sln:miejscRodzaj>Wieś</sln:miejscRodzaj><sln:powIIPId>5abcd674-cb07-4f48-bd7c-d098c05ecd6d</sln:powIIPId><sln:powIIPPn>PL.PZGIK.200</sln:powIIPPn><sln:powIIPWersja>2012-09-27T09:33:51+02:00</sln:powIIPWersja><sln:powIdTeryt>2206</sln:powIdTeryt><sln:powNazwa>kościerski</sln:powNazwa><sln:waznyOd>2011-08-26T00:00:00+02:00</sln:waznyOd><sln:wojIIPId>ece93e09-0215-42f3-8067-be0649f58d46</sln:wojIIPId><sln:wojIIPPn>PL.PZGIK.200</sln:wojIIPPn><sln:wojIIPWersja>2012-09-27T13:45:13+02:00</sln:wojIIPWersja><sln:wojIdTeryt>22</sln:wojIdTeryt><sln:wojNazwa>pomorskie</sln:wojNazwa></sln:miejscowosc><sln:miejscowosc><sln:cyklZyciaDo>2017-04-04T00:00:00+02:00</sln:cyklZyciaDo><sln:cyklZyciaOd>2015-11-30T00:00:00+01:00</sln:cyklZyciaOd><sln:gmIIPId>2e9040d1-c76f-4697-b090-f9144aae880f</sln:gmIIPId><sln:gmIIPPn>PL.PZGIK.200</sln:gmIIPPn><sln:gmIIPWersja>2012-09-26T22:45:43+02:00</sln:gmIIPWersja><sln:gmIdTeryt>2206072</sln:gmIdTeryt><sln:gmNazwa>Nowa Karczma</sln:gmNazwa><sln:miejscIIPId>f79642da-867a-4dcf-b2e3-f2588305843d</sln:miejscIIPId><sln:miejscIIPPn>PL.PZGIK.200</sln:miejscIIPPn><sln:miejscIIPWersja>2016-11-24T09:29:30+02:00</sln:miejscIIPWersja><sln:miejscIdTeryt>0168076</sln:miejscIdTeryt><sln:miejscNazwa>Sztofrowa Huta</sln:miejscNazwa><sln:miejscRodzaj>Wieś</sln:miejscRodzaj><sln:powIIPId>5abcd674-cb07-4f48-bd7c-d098c05ecd6d</sln:powIIPId><sln:powIIPPn>PL.PZGIK.200</sln:powIIPPn><sln:powIIPWersja>2012-09-27T09:33:51+02:00</sln:powIIPWersja><sln:powIdTeryt>2206</sln:powIdTeryt><sln:powNazwa>kościerski</sln:powNazwa><sln:waznyOd>2011-08-26T00:00:00+02:00</sln:waznyOd><sln:wojIIPId>ece93e09-0215-42f3-8067-be0649f58d46</sln:wojIIPId><sln:wojIIPPn>PL.PZGIK.200</sln:wojIIPPn><sln:wojIIPWersja>2012-09-27T13:45:13+02:00</sln:wojIIPWersja><sln:wojIdTeryt>22</sln:wojIdTeryt><sln:wojNazwa>pomorskie</sln:wojNazwa></sln:miejscowosc><sln:miejscowosc><sln:cyklZyciaDo>2017-04-04T00:00:00+02:00</sln:cyklZyciaDo><sln:cyklZyciaOd>2015-11-30T00:00:00+01:00</sln:cyklZyciaOd><sln:gmIIPId>2e9040d1-c76f-4697-b090-f9144aae880f</sln:gmIIPId><sln:gmIIPPn>PL.PZGIK.200</sln:gmIIPPn><sln:gmIIPWersja>2012-09-26T22:45:43+02:00</sln:gmIIPWersja><sln:gmIdTeryt>2206072</sln:gmIdTeryt><sln:gmNazwa>Nowa Karczma</sln:gmNazwa><sln:miejscIIPId>5e51cad3-b0d2-4cc3-a319-9c5ee59b148d</sln:miejscIIPId><sln:miejscIIPPn>PL.PZGIK.200</sln:miejscIIPPn><sln:miejscIIPWersja>2016-11-24T09:29:30+02:00</sln:miejscIIPWersja><sln:miejscIdTeryt>0168082</sln:miejscIdTeryt><sln:miejscNazwa>Szumleś Królewski</sln:miejscNazwa><sln:miejscRodzaj>Wieś</sln:miejscRodzaj><sln:powIIPId>5abcd674-cb07-4f48-bd7c-d098c05ecd6d</sln:powIIPId><sln:powIIPPn>PL.PZGIK.200</sln:powIIPPn><sln:powIIPWersja>2012-09-27T09:33:51+02:00</sln:powIIPWersja><sln:powIdTeryt>2206</sln:powIdTeryt><sln:powNazwa>kościerski</sln:powNazwa><sln:waznyOd>2011-08-26T00:00:00+02:00</sln:waznyOd><sln:wojIIPId>ece93e09-0215-42f3-8067-be0649f58d46</sln:wojIIPId><sln:wojIIPPn>PL.PZGIK.200</sln:wojIIPPn><sln:wojIIPWersja>2012-09-27T13:45:13+02:00</sln:wojIIPWersja><sln:wojIdTeryt>22</sln:wojIdTeryt><sln:wojNazwa>pomorskie</sln:wojNazwa></sln:miejscowosc><sln:miejscowosc><sln:cyklZyciaDo>2017-04-04T00:00:00+02:00</sln:cyklZyciaDo><sln:cyklZyciaOd>2015-11-30T00:00:00+01:00</sln:cyklZyciaOd><sln:gmIIPId>2e9040d1-c76f-4697-b090-f9144aae880f</sln:gmIIPId><sln:gmIIPPn>PL.PZGIK.200</sln:gmIIPPn><sln:gmIIPWersja>2012-09-26T22:45:43+02:00</sln:gmIIPWersja><sln:gmIdTeryt>2206072</sln:gmIdTeryt><sln:gmNazwa>Nowa Karczma</sln:gmNazwa><sln:miejscIIPId>e87c9b8d-0d40-45a4-9f20-8be1539dd0e5</sln:miejscIIPId><sln:miejscIIPPn>PL.PZGIK.200</sln:miejscIIPPn><sln:miejscIIPWersja>2016-11-24T09:29:30+02:00</sln:miejscIIPWersja><sln:miejscIdTeryt>0168099</sln:miejscIdTeryt><sln:miejscNazwa>Szumleś Szlachecki</sln:miejscNazwa><sln:miejscRodzaj>Wieś</sln:miejscRodzaj><sln:powIIPId>5abcd674-cb07-4f48-bd7c-d098c05ecd6d</sln:powIIPId><sln:powIIPPn>PL.PZGIK.200</sln:powIIPPn><sln:powIIPWersja>2012-09-27T09:33:51+02:00</sln:powIIPWersja><sln:powIdTeryt>2206</sln:powIdTeryt><sln:powNazwa>kościerski</sln:powNazwa><sln:waznyOd>2011-08-26T00:00:00+02:00</sln:waznyOd><sln:wojIIPId>ece93e09-0215-42f3-8067-be0649f58d46</sln:wojIIPId><sln:wojIIPPn>PL.PZGIK.200</sln:wojIIPPn><sln:wojIIPWersja>2012-09-27T13:45:13+02:00</sln:wojIIPWersja><sln:wojIdTeryt>22</sln:wojIdTeryt><sln:wojNazwa>pomorskie</sln:wojNazwa></sln:miejscowosc><sln:miejscowosc><sln:cyklZyciaDo>2017-04-04T00:00:00+02:00</sln:cyklZyciaDo><sln:cyklZyciaOd>2015-11-30T00:00:00+01:00</sln:cyklZyciaOd><sln:gmIIPId>2e9040d1-c76f-4697-b090-f9144aae880f</sln:gmIIPId><sln:gmIIPPn>PL.PZGIK.200</sln:gmIIPPn><sln:gmIIPWersja>2012-09-26T22:45:43+02:00</sln:gmIIPWersja><sln:gmIdTeryt>2206072</sln:gmIdTeryt><sln:gmNazwa>Nowa Karczma</sln:gmNazwa><sln:miejscIIPId>ed7c31e8-b4c6-480c-a403-a183fe718f56</sln:miejscIIPId><sln:miejscIIPPn>PL.PZGIK.200</sln:miejscIIPPn><sln:miejscIIPWersja>2016-11-24T09:29:30+02:00</sln:miejscIIPWersja><sln:miejscIdTeryt>0168113</sln:miejscIdTeryt><sln:miejscNazwa>Śledziowa Huta</sln:miejscNazwa><sln:miejscRodzaj>Wieś</sln:miejscRodzaj><sln:powIIPId>5abcd674-cb07-4f48-bd7c-d098c05ecd6d</sln:powIIPId><sln:powIIPPn>PL.PZGIK.200</sln:powIIPPn><sln:powIIPWersja>2012-09-27T09:33:51+02:00</sln:powIIPWersja><sln:powIdTeryt>2206</sln:powIdTeryt><sln:powNazwa>kościerski</sln:powNazwa><sln:waznyOd>2011-08-26T00:00:00+02:00</sln:waznyOd><sln:wojIIPId>ece93e09-0215-42f3-8067-be0649f58d46</sln:wojIIPId><sln:wojIIPPn>PL.PZGIK.200</sln:wojIIPPn><sln:wojIIPWersja>2012-09-27T13:45:13+02:00</sln:wojIIPWersja><sln:wojIdTeryt>22</sln:wojIdTeryt><sln:wojNazwa>pomorskie</sln:wojNazwa></sln:miejscowosc><sln:miejscowosc><sln:cyklZyciaDo>2017-04-04T00:00:00+02:00</sln:cyklZyciaDo><sln:cyklZyciaOd>2015-11-30T00:00:00+01:00</sln:cyklZyciaOd><sln:gmIIPId>2e9040d1-c76f-4697-b090-f9144aae880f</sln:gmIIPId><sln:gmIIPPn>PL.PZGIK.200</sln:gmIIPPn><sln:gmIIPWersja>2012-09-26T22:45:43+02:00</sln:gmIIPWersja><sln:gmIdTeryt>2206072</sln:gmIdTeryt><sln:gmNazwa>Nowa Karczma</sln:gmNazwa><sln:miejscIIPId>575107dc-4bfe-4104-838d-69c4621e51c0</sln:miejscIIPId><sln:miejscIIPPn>PL.PZGIK.200</sln:miejscIIPPn><sln:miejscIIPWersja>2016-11-24T09:29:30+02:00</sln:miejscIIPWersja><sln:miejscIdTeryt>0168136</sln:miejscIdTeryt><sln:miejscNazwa>Zielona Wieś</sln:miejscNazwa><sln:miejscRodzaj>Osada</sln:miejscRodzaj><sln:powIIPId>5abcd674-cb07-4f48-bd7c-d098c05ecd6d</sln:powIIPId><sln:powIIPPn>PL.PZGIK.200</sln:powIIPPn><sln:powIIPWersja>2012-09-27T09:33:51+02:00</sln:powIIPWersja><sln:powIdTeryt>2206</sln:powIdTeryt><sln:powNazwa>kościerski</sln:powNazwa><sln:waznyOd>2011-08-26T00:00:00+02:00</sln:waznyOd><sln:wojIIPId>ece93e09-0215-42f3-8067-be0649f58d46</sln:wojIIPId><sln:wojIIPPn>PL.PZGIK.200</sln:wojIIPPn><sln:wojIIPWersja>2012-09-27T13:45:13+02:00</sln:wojIIPWersja><sln:wojIdTeryt>22</sln:wojIdTeryt><sln:wojNazwa>pomorskie</sln:wojNazwa></sln:miejscowosc><sln:miejscowosc><sln:cyklZyciaDo>2017-04-04T00:00:00+02:00</sln:cyklZyciaDo><sln:cyklZyciaOd>2015-11-30T00:00:00+01:00</sln:cyklZyciaOd><sln:gmIIPId>2e9040d1-c76f-4697-b090-f9144aae880f</sln:gmIIPId><sln:gmIIPPn>PL.PZGIK.200</sln:gmIIPPn><sln:gmIIPWersja>2012-09-26T22:45:43+02:00</sln:gmIIPWersja><sln:gmIdTeryt>2206072</sln:gmIdTeryt><sln:gmNazwa>Nowa Karczma</sln:gmNazwa><sln:miejscIIPId>86f8e3c1-4a49-4131-9b49-2cfd498bf847</sln:miejscIIPId><sln:miejscIIPPn>PL.PZGIK.200</sln:miejscIIPPn><sln:miejscIIPWersja>2016-11-24T09:29:30+02:00</sln:miejscIIPWersja><sln:miejscIdTeryt>0167970</sln:miejscIdTeryt><sln:miejscNazwa>Zimne Zdroje</sln:miejscNazwa><sln:miejscRodzaj>Osada</sln:miejscRodzaj><sln:powIIPId>5abcd674-cb07-4f48-bd7c-d098c05ecd6d</sln:powIIPId><sln:powIIPPn>PL.PZGIK.200</sln:powIIPPn><sln:powIIPWersja>2012-09-27T09:33:51+02:00</sln:powIIPWersja><sln:powIdTeryt>2206</sln:powIdTeryt><sln:powNazwa>kościerski</sln:powNazwa><sln:waznyOd>2011-08-26T00:00:00+02:00</sln:waznyOd><sln:wojIIPId>ece93e09-0215-42f3-8067-be0649f58d46</sln:wojIIPId><sln:wojIIPPn>PL.PZGIK.200</sln:wojIIPPn><sln:wojIIPWersja>2012-09-27T13:45:13+02:00</sln:wojIIPWersja><sln:wojIdTeryt>22</sln:wojIdTeryt><sln:wojNazwa>pomorskie</sln:wojNazwa></sln:miejscowosc><sln:miejscowosc><sln:cyklZyciaOd>2017-04-04T00:00:00+02:00</sln:cyklZyciaOd><sln:gmIIPId>2e9040d1-c76f-4697-b090-f9144aae880f</sln:gmIIPId><sln:gmIIPPn>PL.PZGIK.200</sln:gmIIPPn><sln:gmIIPWersja>2012-09-26T22:45:43+02:00</sln:gmIIPWersja><sln:gmIdTeryt>2206072</sln:gmIdTeryt><sln:gmNazwa>Nowa Karczma</sln:gmNazwa><sln:miejscIIPId>0c96eabd-384d-4e20-ad23-78736854f0ed</sln:miejscIIPId><sln:miejscIIPPn>PL.PZGIK.200</sln:miejscIIPPn><sln:miejscIIPWersja>2017-04-04T14:49:30+02:00</sln:miejscIIPWersja><sln:miejscIdTeryt>0167770</sln:miejscIdTeryt><sln:miejscNazwa>Będomin</sln:miejscNazwa><sln:miejscRodzaj>Wieś</sln:miejscRodzaj><sln:powIIPId>5abcd674-cb07-4f48-bd7c-d098c05ecd6d</sln:powIIPId><sln:powIIPPn>PL.PZGIK.200</sln:powIIPPn><sln:powIIPWersja>2012-09-27T09:33:51+02:00</sln:powIIPWersja><sln:powIdTeryt>2206</sln:powIdTeryt><sln:powNazwa>kościerski</sln:powNazwa><sln:waznyOd>2011-08-26T00:00:00+02:00</sln:waznyOd><sln:wojIIPId>ece93e09-0215-42f3-8067-be0649f58d46</sln:wojIIPId><sln:wojIIPPn>PL.PZGIK.200</sln:wojIIPPn><sln:wojIIPWersja>2012-09-27T13:45:13+02:00</sln:wojIIPWersja><sln:wojIdTeryt>22</sln:wojIdTeryt><sln:wojNazwa>pomorskie</sln:wojNazwa></sln:miejscowosc><sln:miejscowosc><sln:cyklZyciaOd>2017-04-04T00:00:00+02:00</sln:cyklZyciaOd><sln:gmIIPId>2e9040d1-c76f-4697-b090-f9144aae880f</sln:gmIIPId><sln:gmIIPPn>PL.PZGIK.200</sln:gmIIPPn><sln:gmIIPWersja>2012-09-26T22:45:43+02:00</sln:gmIIPWersja><sln:gmIdTeryt>2206072</sln:gmIdTeryt><sln:gmNazwa>Nowa Karczma</sln:gmNazwa><sln:miejscIIPId>b14db693-2d87-4f0e-9d35-9154e0fb7641</sln:miejscIIPId><sln:miejscIIPPn>PL.PZGIK.200</sln:miejscIIPPn><sln:miejscIIPWersja>2017-04-04T14:49:38+02:00</sln:miejscIIPWersja><sln:miejscIdTeryt>0167786</sln:miejscIdTeryt><sln:miejscNazwa>Grabowo Kościerskie</sln:miejscNazwa><sln:miejscRodzaj>Wieś</sln:miejscRodzaj><sln:powIIPId>5abcd674-cb07-4f48-bd7c-d098c05ecd6d</sln:powIIPId><sln:powIIPPn>PL.PZGIK.200</sln:powIIPPn><sln:powIIPWersja>2012-09-27T09:33:51+02:00</sln:powIIPWersja><sln:powIdTeryt>2206</sln:powIdTeryt><sln:powNazwa>kościerski</sln:powNazwa><sln:waznyOd>2011-08-26T00:00:00+02:00</sln:waznyOd><sln:wojIIPId>ece93e09-0215-42f3-8067-be0649f58d46</sln:wojIIPId><sln:wojIIPPn>PL.PZGIK.200</sln:wojIIPPn><sln:wojIIPWersja>2012-09-27T13:45:13+02:00</sln:wojIIPWersja><sln:wojIdTeryt>22</sln:wojIdTeryt><sln:wojNazwa>pomorskie</sln:wojNazwa></sln:miejscowosc><sln:miejscowosc><sln:cyklZyciaOd>2017-04-04T00:00:00+02:00</sln:cyklZyciaOd><sln:gmIIPId>2e9040d1-c76f-4697-b090-f9144aae880f</sln:gmIIPId><sln:gmIIPPn>PL.PZGIK.200</sln:gmIIPPn><sln:gmIIPWersja>2012-09-26T22:45:43+02:00</sln:gmIIPWersja><sln:gmIdTeryt>2206072</sln:gmIdTeryt><sln:gmNazwa>Nowa Karczma</sln:gmNazwa><sln:miejscIIPId>3c485e31-e70b-4818-8e8a-f7423314fd1f</sln:miejscIIPId><sln:miejscIIPPn>PL.PZGIK.200</sln:miejscIIPPn><sln:miejscIIPWersja>2017-04-04T14:49:38+02:00</sln:miejscIIPWersja><sln:miejscIdTeryt>0167817</sln:miejscIdTeryt><sln:miejscNazwa>Grabowska Huta</sln:miejscNazwa><sln:miejscRodzaj>Wieś</sln:miejscRodzaj><sln:powIIPId>5abcd674-cb07-4f48-bd7c-d098c05ecd6d</sln:powIIPId><sln:powIIPPn>PL.PZGIK.200</sln:powIIPPn><sln:powIIPWersja>2012-09-27T09:33:51+02:00</sln:powIIPWersja><sln:powIdTeryt>2206</sln:powIdTeryt><sln:powNazwa>kościerski</sln:powNazwa><sln:waznyOd>2011-08-26T00:00:00+02:00</sln:waznyOd><sln:wojIIPId>ece93e09-0215-42f3-8067-be0649f58d46</sln:wojIIPId><sln:wojIIPPn>PL.PZGIK.200</sln:wojIIPPn><sln:wojIIPWersja>2012-09-27T13:45:13+02:00</sln:wojIIPWersja><sln:wojIdTeryt>22</sln:wojIdTeryt><sln:wojNazwa>pomorskie</sln:wojNazwa></sln:miejscowosc><sln:miejscowosc><sln:cyklZyciaOd>2017-04-04T00:00:00+02:00</sln:cyklZyciaOd><sln:gmIIPId>2e9040d1-c76f-4697-b090-f9144aae880f</sln:gmIIPId><sln:gmIIPPn>PL.PZGIK.200</sln:gmIIPPn><sln:gmIIPWersja>2012-09-26T22:45:43+02:00</sln:gmIIPWersja><sln:gmIdTeryt>2206072</sln:gmIdTeryt><sln:gmNazwa>Nowa Karczma</sln:gmNazwa><sln:miejscIIPId>7bd92a60-63b5-45ff-9d22-48f0852a3dd0</sln:miejscIIPId><sln:miejscIIPPn>PL.PZGIK.200</sln:miejscIIPPn><sln:miejscIIPWersja>2017-04-04T14:49:38+02:00</sln:miejscIIPWersja><sln:miejscIdTeryt>0167823</sln:miejscIdTeryt><sln:miejscNazwa>Grabówko</sln:miejscNazwa><sln:miejscRodzaj>Wieś</sln:miejscRodzaj><sln:powIIPId>5abcd674-cb07-4f48-bd7c-d098c05ecd6d</sln:powIIPId><sln:powIIPPn>PL.PZGIK.200</sln:powIIPPn><sln:powIIPWersja>2012-09-27T09:33:51+02:00</sln:powIIPWersja><sln:powIdTeryt>2206</sln:powIdTeryt><sln:powNazwa>kościerski</sln:powNazwa><sln:waznyOd>2011-08-26T00:00:00+02:00</sln:waznyOd><sln:wojIIPId>ece93e09-0215-42f3-8067-be0649f58d46</sln:wojIIPId><sln:wojIIPPn>PL.PZGIK.200</sln:wojIIPPn><sln:wojIIPWersja>2012-09-27T13:45:13+02:00</sln:wojIIPWersja><sln:wojIdTeryt>22</sln:wojIdTeryt><sln:wojNazwa>pomorskie</sln:wojNazwa></sln:miejscowosc><sln:miejscowosc><sln:cyklZyciaOd>2017-04-04T00:00:00+02:00</sln:cyklZyciaOd><sln:gmIIPId>2e9040d1-c76f-4697-b090-f9144aae880f</sln:gmIIPId><sln:gmIIPPn>PL.PZGIK.200</sln:gmIIPPn><sln:gmIIPWersja>2012-09-26T22:45:43+02:00</sln:gmIIPWersja><sln:gmIdTeryt>2206072</sln:gmIdTeryt><sln:gmNazwa>Nowa Karczma</sln:gmNazwa><sln:miejscIIPId>feafe8f4-d965-4c02-b615-20ba1ecc673c</sln:miejscIIPId><sln:miejscIIPPn>PL.PZGIK.200</sln:miejscIIPPn><sln:miejscIIPWersja>2017-04-04T14:49:38+02:00</sln:miejscIIPWersja><sln:miejscIdTeryt>0167846</sln:miejscIdTeryt><sln:miejscNazwa>Guzy</sln:miejscNazwa><sln:miejscRodzaj>Wieś</sln:miejscRodzaj><sln:powIIPId>5abcd674-cb07-4f48-bd7c-d098c05ecd6d</sln:powIIPId><sln:powIIPPn>PL.PZGIK.200</sln:powIIPPn><sln:powIIPWersja>2012-09-27T09:33:51+02:00</sln:powIIPWersja><sln:powIdTeryt>2206</sln:powIdTeryt><sln:powNazwa>kościerski</sln:powNazwa><sln:waznyOd>2011-08-26T00:00:00+02:00</sln:waznyOd><sln:wojIIPId>ece93e09-0215-42f3-8067-be0649f58d46</sln:wojIIPId><sln:wojIIPPn>PL.PZGIK.200</sln:wojIIPPn><sln:wojIIPWersja>2012-09-27T13:45:13+02:00</sln:wojIIPWersja><sln:wojIdTeryt>22</sln:wojIdTeryt><sln:wojNazwa>pomorskie</sln:wojNazwa></sln:miejscowosc><sln:miejscowosc><sln:cyklZyciaOd>2017-04-04T00:00:00+02:00</sln:cyklZyciaOd><sln:gmIIPId>2e9040d1-c76f-4697-b090-f9144aae880f</sln:gmIIPId><sln:gmIIPPn>PL.PZGIK.200</sln:gmIIPPn><sln:gmIIPWersja>2012-09-26T22:45:43+02:00</sln:gmIIPWersja><sln:gmIdTeryt>2206072</sln:gmIdTeryt><sln:gmNazwa>Nowa Karczma</sln:gmNazwa><sln:miejscIIPId>c94c9003-e3b5-46b0-80e0-910c880bb908</sln:miejscIIPId><sln:miejscIIPPn>PL.PZGIK.200</sln:miejscIIPPn><sln:miejscIIPWersja>2017-04-04T14:49:38+02:00</sln:miejscIIPWersja><sln:miejscIdTeryt>0167852</sln:miejscIdTeryt><sln:miejscNazwa>Jasiowa Huta</sln:miejscNazwa><sln:miejscRodzaj>Wieś</sln:miejscRodzaj><sln:powIIPId>5abcd674-cb07-4f48-bd7c-d098c05ecd6d</sln:powIIPId><sln:powIIPPn>PL.PZGIK.200</sln:powIIPPn><sln:powIIPWersja>2012-09-27T09:33:51+02:00</sln:powIIPWersja><sln:powIdTeryt>2206</sln:powIdTeryt><sln:powNazwa>kościerski</sln:powNazwa><sln:waznyOd>2011-08-26T00:00:00+02:00</sln:waznyOd><sln:wojIIPId>ece93e09-0215-42f3-8067-be0649f58d46</sln:wojIIPId><sln:wojIIPPn>PL.PZGIK.200</sln:wojIIPPn><sln:wojIIPWersja>2012-09-27T13:45:13+02:00</sln:wojIIPWersja><sln:wojIdTeryt>22</sln:wojIdTeryt><sln:wojNazwa>pomorskie</sln:wojNazwa></sln:miejscowosc><sln:miejscowosc><sln:cyklZyciaOd>2017-04-04T00:00:00+02:00</sln:cyklZyciaOd><sln:gmIIPId>2e9040d1-c76f-4697-b090-f9144aae880f</sln:gmIIPId><sln:gmIIPPn>PL.PZGIK.200</sln:gmIIPPn><sln:gmIIPWersja>2012-09-26T22:45:43+02:00</sln:gmIIPWersja><sln:gmIdTeryt>2206072</sln:gmIdTeryt><sln:gmNazwa>Nowa Karczma</sln:gmNazwa><sln:miejscIIPId>5dbfca90-e1ad-4950-b8b4-224b57362e41</sln:miejscIIPId><sln:miejscIIPPn>PL.PZGIK.200</sln:miejscIIPPn><sln:miejscIIPWersja>2017-04-04T14:49:38+02:00</sln:miejscIIPWersja><sln:miejscIdTeryt>0167869</sln:miejscIdTeryt><sln:miejscNazwa>Liniewko Kościerskie</sln:miejscNazwa><sln:miejscRodzaj>Wieś</sln:miejscRodzaj><sln:powIIPId>5abcd674-cb07-4f48-bd7c-d098c05ecd6d</sln:powIIPId><sln:powIIPPn>PL.PZGIK.200</sln:powIIPPn><sln:powIIPWersja>2012-09-27T09:33:51+02:00</sln:powIIPWersja><sln:powIdTeryt>2206</sln:powIdTeryt><sln:powNazwa>kościerski</sln:powNazwa><sln:waznyOd>2011-08-26T00:00:00+02:00</sln:waznyOd><sln:wojIIPId>ece93e09-0215-42f3-8067-be0649f58d46</sln:wojIIPId><sln:wojIIPPn>PL.PZGIK.200</sln:wojIIPPn><sln:wojIIPWersja>2012-09-27T13:45:13+02:00</sln:wojIIPWersja><sln:wojIdTeryt>22</sln:wojIdTeryt><sln:wojNazwa>pomorskie</sln:wojNazwa></sln:miejscowosc><sln:miejscowosc><sln:cyklZyciaOd>2017-04-04T00:00:00+02:00</sln:cyklZyciaOd><sln:gmIIPId>2e9040d1-c76f-4697-b090-f9144aae880f</sln:gmIIPId><sln:gmIIPPn>PL.PZGIK.200</sln:gmIIPPn><sln:gmIIPWersja>2012-09-26T22:45:43+02:00</sln:gmIIPWersja><sln:gmIdTeryt>2206072</sln:gmIdTeryt><sln:gmNazwa>Nowa Karczma</sln:gmNazwa><sln:miejscIIPId>e4272186-30ab-4810-9dde-a8b91d5c302d</sln:miejscIIPId><sln:miejscIIPPn>PL.PZGIK.200</sln:miejscIIPPn><sln:miejscIIPWersja>2017-04-04T14:49:38+02:00</sln:miejscIIPWersja><sln:miejscIdTeryt>0167875</sln:miejscIdTeryt><sln:miejscNazwa>Lubań</sln:miejscNazwa><sln:miejscRodzaj>Wieś</sln:miejscRodzaj><sln:powIIPId>5abcd674-cb07-4f48-bd7c-d098c05ecd6d</sln:powIIPId><sln:powIIPPn>PL.PZGIK.200</sln:powIIPPn><sln:powIIPWersja>2012-09-27T09:33:51+02:00</sln:powIIPWersja><sln:powIdTeryt>2206</sln:powIdTeryt><sln:powNazwa>kościerski</sln:powNazwa><sln:waznyOd>2011-08-26T00:00:00+02:00</sln:waznyOd><sln:wojIIPId>ece93e09-0215-42f3-8067-be0649f58d46</sln:wojIIPId><sln:wojIIPPn>PL.PZGIK.200</sln:wojIIPPn><sln:wojIIPWersja>2012-09-27T13:45:13+02:00</sln:wojIIPWersja><sln:wojIdTeryt>22</sln:wojIdTeryt><sln:wojNazwa>pomorskie</sln:wojNazwa></sln:miejscowosc><sln:miejscowosc><sln:cyklZyciaOd>2017-04-04T00:00:00+02:00</sln:cyklZyciaOd><sln:gmIIPId>2e9040d1-c76f-4697-b090-f9144aae880f</sln:gmIIPId><sln:gmIIPPn>PL.PZGIK.200</sln:gmIIPPn><sln:gmIIPWersja>2012-09-26T22:45:43+02:00</sln:gmIIPWersja><sln:gmIdTeryt>2206072</sln:gmIdTeryt><sln:gmNazwa>Nowa Karczma</sln:gmNazwa><sln:miejscIIPId>dc9049f7-4ed8-4eae-8e26-3aa4b362023b</sln:miejscIIPId><sln:miejscIIPPn>PL.PZGIK.200</sln:miejscIIPPn><sln:miejscIIPWersja>2017-04-04T14:49:38+02:00</sln:miejscIIPWersja><sln:miejscIdTeryt>0167881</sln:miejscIdTeryt><sln:miejscNazwa>Lubieszynek</sln:miejscNazwa><sln:miejscRodzaj>Wieś</sln:miejscRodzaj><sln:powIIPId>5abcd674-cb07-4f48-bd7c-d098c05ecd6d</sln:powIIPId><sln:powIIPPn>PL.PZGIK.200</sln:powIIPPn><sln:powIIPWersja>2012-09-27T09:33:51+02:00</sln:powIIPWersja><sln:powIdTeryt>2206</sln:powIdTeryt><sln:powNazwa>kościerski</sln:powNazwa><sln:waznyOd>2011-08-26T00:00:00+02:00</sln:waznyOd><sln:wojIIPId>ece93e09-0215-42f3-8067-be0649f58d46</sln:wojIIPId><sln:wojIIPPn>PL.PZGIK.200</sln:wojIIPPn><sln:wojIIPWersja>2012-09-27T13:45:13+02:00</sln:wojIIPWersja><sln:wojIdTeryt>22</sln:wojIdTeryt><sln:wojNazwa>pomorskie</sln:wojNazwa></sln:miejscowosc><sln:miejscowosc><sln:cyklZyciaOd>2017-04-04T00:00:00+02:00</sln:cyklZyciaOd><sln:gmIIPId>2e9040d1-c76f-4697-b090-f9144aae880f</sln:gmIIPId><sln:gmIIPPn>PL.PZGIK.200</sln:gmIIPPn><sln:gmIIPWersja>2012-09-26T22:45:43+02:00</sln:gmIIPWersja><sln:gmIdTeryt>2206072</sln:gmIdTeryt><sln:gmNazwa>Nowa Karczma</sln:gmNazwa><sln:miejscIIPId>55fa7b05-6739-419b-9088-f348389ed377</sln:miejscIIPId><sln:miejscIIPPn>PL.PZGIK.200</sln:miejscIIPPn><sln:miejscIIPWersja>2017-04-04T14:49:38+02:00</sln:miejscIIPWersja><sln:miejscIdTeryt>0167898</sln:miejscIdTeryt><sln:miejscNazwa>Liniewko Kaszubskie</sln:miejscNazwa><sln:miejscRodzaj>Inny obiekt</sln:miejscRodzaj><sln:powIIPId>5abcd674-cb07-4f48-bd7c-d098c05ecd6d</sln:powIIPId><sln:powIIPPn>PL.PZGIK.200</sln:powIIPPn><sln:powIIPWersja>2012-09-27T09:33:51+02:00</sln:powIIPWersja><sln:powIdTeryt>2206</sln:powIdTeryt><sln:powNazwa>kościerski</sln:powNazwa><sln:waznyOd>2011-08-26T00:00:00+02:00</sln:waznyOd><sln:wojIIPId>ece93e09-0215-42f3-8067-be0649f58d46</sln:wojIIPId><sln:wojIIPPn>PL.PZGIK.200</sln:wojIIPPn><sln:wojIIPWersja>2012-09-27T13:45:13+02:00</sln:wojIIPWersja><sln:wojIdTeryt>22</sln:wojIdTeryt><sln:wojNazwa>pomorskie</sln:wojNazwa></sln:miejscowosc><sln:miejscowosc><sln:cyklZyciaOd>2017-04-04T00:00:00+02:00</sln:cyklZyciaOd><sln:gmIIPId>2e9040d1-c76f-4697-b090-f9144aae880f</sln:gmIIPId><sln:gmIIPPn>PL.PZGIK.200</sln:gmIIPPn><sln:gmIIPWersja>2012-09-26T22:45:43+02:00</sln:gmIIPWersja><sln:gmIdTeryt>2206072</sln:gmIdTeryt><sln:gmNazwa>Nowa Karczma</sln:gmNazwa><sln:miejscIIPId>df58d2c8-9800-4d73-a364-772613e26db2</sln:miejscIIPId><sln:miejscIIPPn>PL.PZGIK.200</sln:miejscIIPPn><sln:miejscIIPWersja>2017-04-04T14:49:38+02:00</sln:miejscIIPWersja><sln:miejscIdTeryt>0167912</sln:miejscIdTeryt><sln:miejscNazwa>Nowa Karczma</sln:miejscNazwa><sln:miejscRodzaj>Wieś</sln:miejscRodzaj><sln:powIIPId>5abcd674-cb07-4f48-bd7c-d098c05ecd6d</sln:powIIPId><sln:powIIPPn>PL.PZGIK.200</sln:powIIPPn><sln:powIIPWersja>2012-09-27T09:33:51+02:00</sln:powIIPWersja><sln:powIdTeryt>2206</sln:powIdTeryt><sln:powNazwa>kościerski</sln:powNazwa><sln:waznyOd>2011-08-26T00:00:00+02:00</sln:waznyOd><sln:wojIIPId>ece93e09-0215-42f3-8067-be0649f58d46</sln:wojIIPId><sln:wojIIPPn>PL.PZGIK.200</sln:wojIIPPn><sln:wojIIPWersja>2012-09-27T13:45:13+02:00</sln:wojIIPWersja><sln:wojIdTeryt>22</sln:wojIdTeryt><sln:wojNazwa>pomorskie</sln:wojNazwa></sln:miejscowosc><sln:miejscowosc><sln:cyklZyciaOd>2017-04-04T00:00:00+02:00</sln:cyklZyciaOd><sln:gmIIPId>2e9040d1-c76f-4697-b090-f9144aae880f</sln:gmIIPId><sln:gmIIPPn>PL.PZGIK.200</sln:gmIIPPn><sln:gmIIPWersja>2012-09-26T22:45:43+02:00</sln:gmIIPWersja><sln:gmIdTeryt>2206072</sln:gmIdTeryt><sln:gmNazwa>Nowa Karczma</sln:gmNazwa><sln:miejscIIPId>b0265296-8b45-4777-8b2d-5b386ef3ec69</sln:miejscIIPId><sln:miejscIIPPn>PL.PZGIK.200</sln:miejscIIPPn><sln:miejscIIPWersja>2017-04-04T14:49:39+02:00</sln:miejscIIPWersja><sln:miejscIdTeryt>0167929</sln:miejscIdTeryt><sln:miejscNazwa>Horniki Dolne</sln:miejscNazwa><sln:miejscRodzaj>Inny obiekt</sln:miejscRodzaj><sln:powIIPId>5abcd674-cb07-4f48-bd7c-d098c05ecd6d</sln:powIIPId><sln:powIIPPn>PL.PZGIK.200</sln:powIIPPn><sln:powIIPWersja>2012-09-27T09:33:51+02:00</sln:powIIPWersja><sln:powIdTeryt>2206</sln:powIdTeryt><sln:powNazwa>kościerski</sln:powNazwa><sln:waznyOd>2011-08-26T00:00:00+02:00</sln:waznyOd><sln:wojIIPId>ece93e09-0215-42f3-8067-be0649f58d46</sln:wojIIPId><sln:wojIIPPn>PL.PZGIK.200</sln:wojIIPPn><sln:wojIIPWersja>2012-09-27T13:45:13+02:00</sln:wojIIPWersja><sln:wojIdTeryt>22</sln:wojIdTeryt><sln:wojNazwa>pomorskie</sln:wojNazwa></sln:miejscowosc><sln:miejscowosc><sln:cyklZyciaOd>2017-04-04T00:00:00+02:00</sln:cyklZyciaOd><sln:gmIIPId>2e9040d1-c76f-4697-b090-f9144aae880f</sln:gmIIPId><sln:gmIIPPn>PL.PZGIK.200</sln:gmIIPPn><sln:gmIIPWersja>2012-09-26T22:45:43+02:00</sln:gmIIPWersja><sln:gmIdTeryt>2206072</sln:gmIdTeryt><sln:gmNazwa>Nowa Karczma</sln:gmNazwa><sln:miejscIIPId>9cfdf619-5af2-496c-a636-d8a7965c38b7</sln:miejscIIPId><sln:miejscIIPPn>PL.PZGIK.200</sln:miejscIIPPn><sln:miejscIIPWersja>2017-04-04T14:49:39+02:00</sln:miejscIIPWersja><sln:miejscIdTeryt>0167941</sln:miejscIdTeryt><sln:miejscNazwa>Kamiony</sln:miejscNazwa><sln:miejscRodzaj>Inny obiekt</sln:miejscRodzaj><sln:powIIPId>5abcd674-cb07-4f48-bd7c-d098c05ecd6d</sln:powIIPId><sln:powIIPPn>PL.PZGIK.200</sln:powIIPPn><sln:powIIPWersja>2012-09-27T09:33:51+02:00</sln:powIIPWersja><sln:powIdTeryt>2206</sln:powIdTeryt><sln:powNazwa>kościerski</sln:powNazwa><sln:waznyOd>2011-08-26T00:00:00+02:00</sln:waznyOd><sln:wojIIPId>ece93e09-0215-42f3-8067-be0649f58d46</sln:wojIIPId><sln:wojIIPPn>PL.PZGIK.200</sln:wojIIPPn><sln:wojIIPWersja>2012-09-27T13:45:13+02:00</sln:wojIIPWersja><sln:wojIdTeryt>22</sln:wojIdTeryt><sln:wojNazwa>pomorskie</sln:wojNazwa></sln:miejscowosc><sln:miejscowosc><sln:cyklZyciaOd>2017-04-04T00:00:00+02:00</sln:cyklZyciaOd><sln:gmIIPId>2e9040d1-c76f-4697-b090-f9144aae880f</sln:gmIIPId><sln:gmIIPPn>PL.PZGIK.200</sln:gmIIPPn><sln:gmIIPWersja>2012-09-26T22:45:43+02:00</sln:gmIIPWersja><sln:gmIdTeryt>2206072</sln:gmIdTeryt><sln:gmNazwa>Nowa Karczma</sln:gmNazwa><sln:miejscIIPId>f56437e5-b414-405f-b21a-0cfee48b2cc2</sln:miejscIIPId><sln:miejscIIPPn>PL.PZGIK.200</sln:miejscIIPPn><sln:miejscIIPWersja>2017-04-04T14:49:39+02:00</sln:miejscIIPWersja><sln:miejscIdTeryt>0167964</sln:miejscIdTeryt><sln:miejscNazwa>Olszowy Kierz</sln:miejscNazwa><sln:miejscRodzaj>Osada</sln:miejscRodzaj><sln:powIIPId>5abcd674-cb07-4f48-bd7c-d098c05ecd6d</sln:powIIPId><sln:powIIPPn>PL.PZGIK.200</sln:powIIPPn><sln:powIIPWersja>2012-09-27T09:33:51+02:00</sln:powIIPWersja><sln:powIdTeryt>2206</sln:powIdTeryt><sln:powNazwa>kościerski</sln:powNazwa><sln:waznyOd>2013-10-23T00:00:00+02:00</sln:waznyOd><sln:wojIIPId>ece93e09-0215-42f3-8067-be0649f58d46</sln:wojIIPId><sln:wojIIPPn>PL.PZGIK.200</sln:wojIIPPn><sln:wojIIPWersja>2012-09-27T13:45:13+02:00</sln:wojIIPWersja><sln:wojIdTeryt>22</sln:wojIdTeryt><sln:wojNazwa>pomorskie</sln:wojNazwa></sln:miejscowosc><sln:miejscowosc><sln:cyklZyciaOd>2017-04-04T00:00:00+02:00</sln:cyklZyciaOd><sln:gmIIPId>2e9040d1-c76f-4697-b090-f9144aae880f</sln:gmIIPId><sln:gmIIPPn>PL.PZGIK.200</sln:gmIIPPn><sln:gmIIPWersja>2012-09-26T22:45:43+02:00</sln:gmIIPWersja><sln:gmIdTeryt>2206072</sln:gmIdTeryt><sln:gmNazwa>Nowa Karczma</sln:gmNazwa><sln:miejscIIPId>86f8e3c1-4a49-4131-9b49-2cfd498bf847</sln:miejscIIPId><sln:miejscIIPPn>PL.PZGIK.200</sln:miejscIIPPn><sln:miejscIIPWersja>2017-04-04T14:49:39+02:00</sln:miejscIIPWersja><sln:miejscIdTeryt>0167970</sln:miejscIdTeryt><sln:miejscNazwa>Zimne Zdroje</sln:miejscNazwa><sln:miejscRodzaj>Osada</sln:miejscRodzaj><sln:powIIPId>5abcd674-cb07-4f48-bd7c-d098c05ecd6d</sln:powIIPId><sln:powIIPPn>PL.PZGIK.200</sln:powIIPPn><sln:powIIPWersja>2012-09-27T09:33:51+02:00</sln:powIIPWersja><sln:powIdTeryt>2206</sln:powIdTeryt><sln:powNazwa>kościerski</sln:powNazwa><sln:waznyOd>2011-08-26T00:00:00+02:00</sln:waznyOd><sln:wojIIPId>ece93e09-0215-42f3-8067-be0649f58d46</sln:wojIIPId><sln:wojIIPPn>PL.PZGIK.200</sln:wojIIPPn><sln:wojIIPWersja>2012-09-27T13:45:13+02:00</sln:wojIIPWersja><sln:wojIdTeryt>22</sln:wojIdTeryt><sln:wojNazwa>pomorskie</sln:wojNazwa></sln:miejscowosc><sln:miejscowosc><sln:cyklZyciaOd>2017-04-04T00:00:00+02:00</sln:cyklZyciaOd><sln:gmIIPId>2e9040d1-c76f-4697-b090-f9144aae880f</sln:gmIIPId><sln:gmIIPPn>PL.PZGIK.200</sln:gmIIPPn><sln:gmIIPWersja>2012-09-26T22:45:43+02:00</sln:gmIIPWersja><sln:gmIdTeryt>2206072</sln:gmIdTeryt><sln:gmNazwa>Nowa Karczma</sln:gmNazwa><sln:miejscIIPId>718e6b84-5866-4c61-b110-093d7a3b566d</sln:miejscIIPId><sln:miejscIIPPn>PL.PZGIK.200</sln:miejscIIPPn><sln:miejscIIPWersja>2017-04-04T14:49:39+02:00</sln:miejscIIPWersja><sln:miejscIdTeryt>0167987</sln:miejscIdTeryt><sln:miejscNazwa>Nowy Barkoczyn</sln:miejscNazwa><sln:miejscRodzaj>Wieś</sln:miejscRodzaj><sln:powIIPId>5abcd674-cb07-4f48-bd7c-d098c05ecd6d</sln:powIIPId><sln:powIIPPn>PL.PZGIK.200</sln:powIIPPn><sln:powIIPWersja>2012-09-27T09:33:51+02:00</sln:powIIPWersja><sln:powIdTeryt>2206</sln:powIdTeryt><sln:powNazwa>kościerski</sln:powNazwa><sln:waznyOd>2011-08-26T00:00:00+02:00</sln:waznyOd><sln:wojIIPId>ece93e09-0215-42f3-8067-be0649f58d46</sln:wojIIPId><sln:wojIIPPn>PL.PZGIK.200</sln:wojIIPPn><sln:wojIIPWersja>2012-09-27T13:45:13+02:00</sln:wojIIPWersja><sln:wojIdTeryt>22</sln:wojIdTeryt><sln:wojNazwa>pomorskie</sln:wojNazwa></sln:miejscowosc><sln:miejscowosc><sln:cyklZyciaOd>2017-04-04T00:00:00+02:00</sln:cyklZyciaOd><sln:gmIIPId>2e9040d1-c76f-4697-b090-f9144aae880f</sln:gmIIPId><sln:gmIIPPn>PL.PZGIK.200</sln:gmIIPPn><sln:gmIIPWersja>2012-09-26T22:45:43+02:00</sln:gmIIPWersja><sln:gmIdTeryt>2206072</sln:gmIdTeryt><sln:gmNazwa>Nowa Karczma</sln:gmNazwa><sln:miejscIIPId>bc7ab26d-4c7e-4403-bd75-062310550158</sln:miejscIIPId><sln:miejscIIPPn>PL.PZGIK.200</sln:miejscIIPPn><sln:miejscIIPWersja>2017-04-04T14:49:39+02:00</sln:miejscIIPWersja><sln:miejscIdTeryt>0168001</sln:miejscIdTeryt><sln:miejscNazwa>Rekownica</sln:miejscNazwa><sln:miejscRodzaj>Wieś</sln:miejscRodzaj><sln:powIIPId>5abcd674-cb07-4f48-bd7c-d098c05ecd6d</sln:powIIPId><sln:powIIPPn>PL.PZGIK.200</sln:powIIPPn><sln:powIIPWersja>2012-09-27T09:33:51+02:00</sln:powIIPWersja><sln:powIdTeryt>2206</sln:powIdTeryt><sln:powNazwa>kościerski</sln:powNazwa><sln:waznyOd>2011-08-26T00:00:00+02:00</sln:waznyOd><sln:wojIIPId>ece93e09-0215-42f3-8067-be0649f58d46</sln:wojIIPId><sln:wojIIPPn>PL.PZGIK.200</sln:wojIIPPn><sln:wojIIPWersja>2012-09-27T13:45:13+02:00</sln:wojIIPWersja><sln:wojIdTeryt>22</sln:wojIdTeryt><sln:wojNazwa>pomorskie</sln:wojNazwa></sln:miejscowosc><sln:miejscowosc><sln:cyklZyciaOd>2017-04-04T00:00:00+02:00</sln:cyklZyciaOd><sln:gmIIPId>2e9040d1-c76f-4697-b090-f9144aae880f</sln:gmIIPId><sln:gmIIPPn>PL.PZGIK.200</sln:gmIIPPn><sln:gmIIPWersja>2012-09-26T22:45:43+02:00</sln:gmIIPWersja><sln:gmIdTeryt>2206072</sln:gmIdTeryt><sln:gmNazwa>Nowa Karczma</sln:gmNazwa><sln:miejscIIPId>2a0a2208-1a91-44ca-b140-7ccf3b1bc917</sln:miejscIIPId><sln:miejscIIPPn>PL.PZGIK.200</sln:miejscIIPPn><sln:miejscIIPWersja>2017-04-04T14:49:39+02:00</sln:miejscIIPWersja><sln:miejscIdTeryt>0168018</sln:miejscIdTeryt><sln:miejscNazwa>Skrzydłowo</sln:miejscNazwa><sln:miejscRodzaj>Wieś</sln:miejscRodzaj><sln:powIIPId>5abcd674-cb07-4f48-bd7c-d098c05ecd6d</sln:powIIPId><sln:powIIPPn>PL.PZGIK.200</sln:powIIPPn><sln:powIIPWersja>2012-09-27T09:33:51+02:00</sln:powIIPWersja><sln:powIdTeryt>2206</sln:powIdTeryt><sln:powNazwa>kościerski</sln:powNazwa><sln:waznyOd>2011-08-26T00:00:00+02:00</sln:waznyOd><sln:wojIIPId>ece93e09-0215-42f3-8067-be0649f58d46</sln:wojIIPId><sln:wojIIPPn>PL.PZGIK.200</sln:wojIIPPn><sln:wojIIPWersja>2012-09-27T13:45:13+02:00</sln:wojIIPWersja><sln:wojIdTeryt>22</sln:wojIdTeryt><sln:wojNazwa>pomorskie</sln:wojNazwa></sln:miejscowosc><sln:miejscowosc><sln:cyklZyciaOd>2017-04-04T00:00:00+02:00</sln:cyklZyciaOd><sln:gmIIPId>2e9040d1-c76f-4697-b090-f9144aae880f</sln:gmIIPId><sln:gmIIPPn>PL.PZGIK.200</sln:gmIIPPn><sln:gmIIPWersja>2012-09-26T22:45:43+02:00</sln:gmIIPWersja><sln:gmIdTeryt>2206072</sln:gmIdTeryt><sln:gmNazwa>Nowa Karczma</sln:gmNazwa><sln:miejscIIPId>92bb870e-d2e0-4a78-b953-e9f3fb491af0</sln:miejscIIPId><sln:miejscIIPPn>PL.PZGIK.200</sln:miejscIIPPn><sln:miejscIIPWersja>2017-04-04T14:49:39+02:00</sln:miejscIIPWersja><sln:miejscIdTeryt>0168024</sln:miejscIdTeryt><sln:miejscNazwa>Skrzydłówko</sln:miejscNazwa><sln:miejscRodzaj>Inny obiekt</sln:miejscRodzaj><sln:powIIPId>5abcd674-cb07-4f48-bd7c-d098c05ecd6d</sln:powIIPId><sln:powIIPPn>PL.PZGIK.200</sln:powIIPPn><sln:powIIPWersja>2012-09-27T09:33:51+02:00</sln:powIIPWersja><sln:powIdTeryt>2206</sln:powIdTeryt><sln:powNazwa>kościerski</sln:powNazwa><sln:waznyOd>2011-08-26T00:00:00+02:00</sln:waznyOd><sln:wojIIPId>ece93e09-0215-42f3-8067-be0649f58d46</sln:wojIIPId><sln:wojIIPPn>PL.PZGIK.200</sln:wojIIPPn><sln:wojIIPWersja>2012-09-27T13:45:13+02:00</sln:wojIIPWersja><sln:wojIdTeryt>22</sln:wojIdTeryt><sln:wojNazwa>pomorskie</sln:wojNazwa></sln:miejscowosc><sln:miejscowosc><sln:cyklZyciaOd>2017-04-04T00:00:00+02:00</sln:cyklZyciaOd><sln:gmIIPId>2e9040d1-c76f-4697-b090-f9144aae880f</sln:gmIIPId><sln:gmIIPPn>PL.PZGIK.200</sln:gmIIPPn><sln:gmIIPWersja>2012-09-26T22:45:43+02:00</sln:gmIIPWersja><sln:gmIdTeryt>2206072</sln:gmIdTeryt><sln:gmNazwa>Nowa Karczma</sln:gmNazwa><sln:miejscIIPId>7141d494-0446-4403-b456-8fe7b996acc1</sln:miejscIIPId><sln:miejscIIPPn>PL.PZGIK.200</sln:miejscIIPPn><sln:miejscIIPWersja>2017-04-04T14:49:39+02:00</sln:miejscIIPWersja><sln:miejscIdTeryt>0168030</sln:miejscIdTeryt><sln:miejscNazwa>Stary Barkoczyn</sln:miejscNazwa><sln:miejscRodzaj>Wieś</sln:miejscRodzaj><sln:powIIPId>5abcd674-cb07-4f48-bd7c-d098c05ecd6d</sln:powIIPId><sln:powIIPPn>PL.PZGIK.200</sln:powIIPPn><sln:powIIPWersja>2012-09-27T09:33:51+02:00</sln:powIIPWersja><sln:powIdTeryt>2206</sln:powIdTeryt><sln:powNazwa>kościerski</sln:powNazwa><sln:waznyOd>2011-08-26T00:00:00+02:00</sln:waznyOd><sln:wojIIPId>ece93e09-0215-42f3-8067-be0649f58d46</sln:wojIIPId><sln:wojIIPPn>PL.PZGIK.200</sln:wojIIPPn><sln:wojIIPWersja>2012-09-27T13:45:13+02:00</sln:wojIIPWersja><sln:wojIdTeryt>22</sln:wojIdTeryt><sln:wojNazwa>pomorskie</sln:wojNazwa></sln:miejscowosc><sln:miejscowosc><sln:cyklZyciaOd>2017-04-04T00:00:00+02:00</sln:cyklZyciaOd><sln:gmIIPId>2e9040d1-c76f-4697-b090-f9144aae880f</sln:gmIIPId><sln:gmIIPPn>PL.PZGIK.200</sln:gmIIPPn><sln:gmIIPWersja>2012-09-26T22:45:43+02:00</sln:gmIIPWersja><sln:gmIdTeryt>2206072</sln:gmIdTeryt><sln:gmNazwa>Nowa Karczma</sln:gmNazwa><sln:miejscIIPId>7602d940-4783-4baa-b60c-1078a9c1c1d2</sln:miejscIIPId><sln:miejscIIPPn>PL.PZGIK.200</sln:miejscIIPPn><sln:miejscIIPWersja>2017-04-04T14:49:39+02:00</sln:miejscIIPWersja><sln:miejscIdTeryt>0168053</sln:miejscIdTeryt><sln:miejscNazwa>Szatarpy</sln:miejscNazwa><sln:miejscRodzaj>Wieś</sln:miejscRodzaj><sln:powIIPId>5abcd674-cb07-4f48-bd7c-d098c05ecd6d</sln:powIIPId><sln:powIIPPn>PL.PZGIK.200</sln:powIIPPn><sln:powIIPWersja>2012-09-27T09:33:51+02:00</sln:powIIPWersja><sln:powIdTeryt>2206</sln:powIdTeryt><sln:powNazwa>kościerski</sln:powNazwa><sln:waznyOd>2011-08-26T00:00:00+02:00</sln:waznyOd><sln:wojIIPId>ece93e09-0215-42f3-8067-be0649f58d46</sln:wojIIPId><sln:wojIIPPn>PL.PZGIK.200</sln:wojIIPPn><sln:wojIIPWersja>2012-09-27T13:45:13+02:00</sln:wojIIPWersja><sln:wojIdTeryt>22</sln:wojIdTeryt><sln:wojNazwa>pomorskie</sln:wojNazwa></sln:miejscowosc><sln:miejscowosc><sln:cyklZyciaOd>2017-04-04T00:00:00+02:00</sln:cyklZyciaOd><sln:gmIIPId>2e9040d1-c76f-4697-b090-f9144aae880f</sln:gmIIPId><sln:gmIIPPn>PL.PZGIK.200</sln:gmIIPPn><sln:gmIIPWersja>2012-09-26T22:45:43+02:00</sln:gmIIPWersja><sln:gmIdTeryt>2206072</sln:gmIdTeryt><sln:gmNazwa>Nowa Karczma</sln:gmNazwa><sln:miejscIIPId>92139dfc-490b-491c-badd-23394af1bca2</sln:miejscIIPId><sln:miejscIIPPn>PL.PZGIK.200</sln:miejscIIPPn><sln:miejscIIPWersja>2017-04-04T14:49:39+02:00</sln:miejscIIPWersja><sln:miejscIdTeryt>0168060</sln:miejscIdTeryt><sln:miejscNazwa>Szpon</sln:miejscNazwa><sln:miejscRodzaj>Wieś</sln:miejscRodzaj><sln:powIIPId>5abcd674-cb07-4f48-bd7c-d098c05ecd6d</sln:powIIPId><sln:powIIPPn>PL.PZGIK.200</sln:powIIPPn><sln:powIIPWersja>2012-09-27T09:33:51+02:00</sln:powIIPWersja><sln:powIdTeryt>2206</sln:powIdTeryt><sln:powNazwa>kościerski</sln:powNazwa><sln:waznyOd>2011-08-26T00:00:00+02:00</sln:waznyOd><sln:wojIIPId>ece93e09-0215-42f3-8067-be0649f58d46</sln:wojIIPId><sln:wojIIPPn>PL.PZGIK.200</sln:wojIIPPn><sln:wojIIPWersja>2012-09-27T13:45:13+02:00</sln:wojIIPWersja><sln:wojIdTeryt>22</sln:wojIdTeryt><sln:wojNazwa>pomorskie</sln:wojNazwa></sln:miejscowosc><sln:miejscowosc><sln:cyklZyciaOd>2017-04-04T00:00:00+02:00</sln:cyklZyciaOd><sln:gmIIPId>2e9040d1-c76f-4697-b090-f9144aae880f</sln:gmIIPId><sln:gmIIPPn>PL.PZGIK.200</sln:gmIIPPn><sln:gmIIPWersja>2012-09-26T22:45:43+02:00</sln:gmIIPWersja><sln:gmIdTeryt>2206072</sln:gmIdTeryt><sln:gmNazwa>Nowa Karczma</sln:gmNazwa><sln:miejscIIPId>f79642da-867a-4dcf-b2e3-f2588305843d</sln:miejscIIPId><sln:miejscIIPPn>PL.PZGIK.200</sln:miejscIIPPn><sln:miejscIIPWersja>2017-04-04T14:49:39+02:00</sln:miejscIIPWersja><sln:miejscIdTeryt>0168076</sln:miejscIdTeryt><sln:miejscNazwa>Sztofrowa Huta</sln:miejscNazwa><sln:miejscRodzaj>Wieś</sln:miejscRodzaj><sln:powIIPId>5abcd674-cb07-4f48-bd7c-d098c05ecd6d</sln:powIIPId><sln:powIIPPn>PL.PZGIK.200</sln:powIIPPn><sln:powIIPWersja>2012-09-27T09:33:51+02:00</sln:powIIPWersja><sln:powIdTeryt>2206</sln:powIdTeryt><sln:powNazwa>kościerski</sln:powNazwa><sln:waznyOd>2011-08-26T00:00:00+02:00</sln:waznyOd><sln:wojIIPId>ece93e09-0215-42f3-8067-be0649f58d46</sln:wojIIPId><sln:wojIIPPn>PL.PZGIK.200</sln:wojIIPPn><sln:wojIIPWersja>2012-09-27T13:45:13+02:00</sln:wojIIPWersja><sln:wojIdTeryt>22</sln:wojIdTeryt><sln:wojNazwa>pomorskie</sln:wojNazwa></sln:miejscowosc><sln:miejscowosc><sln:cyklZyciaOd>2017-04-04T00:00:00+02:00</sln:cyklZyciaOd><sln:gmIIPId>2e9040d1-c76f-4697-b090-f9144aae880f</sln:gmIIPId><sln:gmIIPPn>PL.PZGIK.200</sln:gmIIPPn><sln:gmIIPWersja>2012-09-26T22:45:43+02:00</sln:gmIIPWersja><sln:gmIdTeryt>2206072</sln:gmIdTeryt><sln:gmNazwa>Nowa Karczma</sln:gmNazwa><sln:miejscIIPId>5e51cad3-b0d2-4cc3-a319-9c5ee59b148d</sln:miejscIIPId><sln:miejscIIPPn>PL.PZGIK.200</sln:miejscIIPPn><sln:miejscIIPWersja>2017-04-04T14:49:39+02:00</sln:miejscIIPWersja><sln:miejscIdTeryt>0168082</sln:miejscIdTeryt><sln:miejscNazwa>Szumleś Królewski</sln:miejscNazwa><sln:miejscRodzaj>Wieś</sln:miejscRodzaj><sln:powIIPId>5abcd674-cb07-4f48-bd7c-d098c05ecd6d</sln:powIIPId><sln:powIIPPn>PL.PZGIK.200</sln:powIIPPn><sln:powIIPWersja>2012-09-27T09:33:51+02:00</sln:powIIPWersja><sln:powIdTeryt>2206</sln:powIdTeryt><sln:powNazwa>kościerski</sln:powNazwa><sln:waznyOd>2011-08-26T00:00:00+02:00</sln:waznyOd><sln:wojIIPId>ece93e09-0215-42f3-8067-be0649f58d46</sln:wojIIPId><sln:wojIIPPn>PL.PZGIK.200</sln:wojIIPPn><sln:wojIIPWersja>2012-09-27T13:45:13+02:00</sln:wojIIPWersja><sln:wojIdTeryt>22</sln:wojIdTeryt><sln:wojNazwa>pomorskie</sln:wojNazwa></sln:miejscowosc><sln:miejscowosc><sln:cyklZyciaOd>2017-04-04T00:00:00+02:00</sln:cyklZyciaOd><sln:gmIIPId>2e9040d1-c76f-4697-b090-f9144aae880f</sln:gmIIPId><sln:gmIIPPn>PL.PZGIK.200</sln:gmIIPPn><sln:gmIIPWersja>2012-09-26T22:45:43+02:00</sln:gmIIPWersja><sln:gmIdTeryt>2206072</sln:gmIdTeryt><sln:gmNazwa>Nowa Karczma</sln:gmNazwa><sln:miejscIIPId>e87c9b8d-0d40-45a4-9f20-8be1539dd0e5</sln:miejscIIPId><sln:miejscIIPPn>PL.PZGIK.200</sln:miejscIIPPn><sln:miejscIIPWersja>2017-04-04T14:49:40+02:00</sln:miejscIIPWersja><sln:miejscIdTeryt>0168099</sln:miejscIdTeryt><sln:miejscNazwa>Szumleś Szlachecki</sln:miejscNazwa><sln:miejscRodzaj>Wieś</sln:miejscRodzaj><sln:powIIPId>5abcd674-cb07-4f48-bd7c-d098c05ecd6d</sln:powIIPId><sln:powIIPPn>PL.PZGIK.200</sln:powIIPPn><sln:powIIPWersja>2012-09-27T09:33:51+02:00</sln:powIIPWersja><sln:powIdTeryt>2206</sln:powIdTeryt><sln:powNazwa>kościerski</sln:powNazwa><sln:waznyOd>2011-08-26T00:00:00+02:00</sln:waznyOd><sln:wojIIPId>ece93e09-0215-42f3-8067-be0649f58d46</sln:wojIIPId><sln:wojIIPPn>PL.PZGIK.200</sln:wojIIPPn><sln:wojIIPWersja>2012-09-27T13:45:13+02:00</sln:wojIIPWersja><sln:wojIdTeryt>22</sln:wojIdTeryt><sln:wojNazwa>pomorskie</sln:wojNazwa></sln:miejscowosc><sln:miejscowosc><sln:cyklZyciaOd>2017-04-04T00:00:00+02:00</sln:cyklZyciaOd><sln:gmIIPId>2e9040d1-c76f-4697-b090-f9144aae880f</sln:gmIIPId><sln:gmIIPPn>PL.PZGIK.200</sln:gmIIPPn><sln:gmIIPWersja>2012-09-26T22:45:43+02:00</sln:gmIIPWersja><sln:gmIdTeryt>2206072</sln:gmIdTeryt><sln:gmNazwa>Nowa Karczma</sln:gmNazwa><sln:miejscIIPId>ed7c31e8-b4c6-480c-a403-a183fe718f56</sln:miejscIIPId><sln:miejscIIPPn>PL.PZGIK.200</sln:miejscIIPPn><sln:miejscIIPWersja>2017-04-04T14:49:40+02:00</sln:miejscIIPWersja><sln:miejscIdTeryt>0168113</sln:miejscIdTeryt><sln:miejscNazwa>Śledziowa Huta</sln:miejscNazwa><sln:miejscRodzaj>Wieś</sln:miejscRodzaj><sln:powIIPId>5abcd674-cb07-4f48-bd7c-d098c05ecd6d</sln:powIIPId><sln:powIIPPn>PL.PZGIK.200</sln:powIIPPn><sln:powIIPWersja>2012-09-27T09:33:51+02:00</sln:powIIPWersja><sln:powIdTeryt>2206</sln:powIdTeryt><sln:powNazwa>kościerski</sln:powNazwa><sln:waznyOd>2011-08-26T00:00:00+02:00</sln:waznyOd><sln:wojIIPId>ece93e09-0215-42f3-8067-be0649f58d46</sln:wojIIPId><sln:wojIIPPn>PL.PZGIK.200</sln:wojIIPPn><sln:wojIIPWersja>2012-09-27T13:45:13+02:00</sln:wojIIPWersja><sln:wojIdTeryt>22</sln:wojIdTeryt><sln:wojNazwa>pomorskie</sln:wojNazwa></sln:miejscowosc><sln:miejscowosc><sln:cyklZyciaOd>2017-04-04T00:00:00+02:00</sln:cyklZyciaOd><sln:gmIIPId>2e9040d1-c76f-4697-b090-f9144aae880f</sln:gmIIPId><sln:gmIIPPn>PL.PZGIK.200</sln:gmIIPPn><sln:gmIIPWersja>2012-09-26T22:45:43+02:00</sln:gmIIPWersja><sln:gmIdTeryt>2206072</sln:gmIdTeryt><sln:gmNazwa>Nowa Karczma</sln:gmNazwa><sln:miejscIIPId>575107dc-4bfe-4104-838d-69c4621e51c0</sln:miejscIIPId><sln:miejscIIPPn>PL.PZGIK.200</sln:miejscIIPPn><sln:miejscIIPWersja>2017-04-04T14:49:40+02:00</sln:miejscIIPWersja><sln:miejscIdTeryt>0168136</sln:miejscIdTeryt><sln:miejscNazwa>Zielona Wieś</sln:miejscNazwa><sln:miejscRodzaj>Osada</sln:miejscRodzaj><sln:powIIPId>5abcd674-cb07-4f48-bd7c-d098c05ecd6d</sln:powIIPId><sln:powIIPPn>PL.PZGIK.200</sln:powIIPPn><sln:powIIPWersja>2012-09-27T09:33:51+02:00</sln:powIIPWersja><sln:powIdTeryt>2206</sln:powIdTeryt><sln:powNazwa>kościerski</sln:powNazwa><sln:waznyOd>2011-08-26T00:00:00+02:00</sln:waznyOd><sln:wojIIPId>ece93e09-0215-42f3-8067-be0649f58d46</sln:wojIIPId><sln:wojIIPPn>PL.PZGIK.200</sln:wojIIPPn><sln:wojIIPWersja>2012-09-27T13:45:13+02:00</sln:wojIIPWersja><sln:wojIdTeryt>22</sln:wojIdTeryt><sln:wojNazwa>pomorskie</sln:wojNazwa></sln:miejscowosc></sln:lista-miejscowosci>