<?xml version="1.0" encoding="UTF-8" standalone="yes"?><sln:lista-miejscowosci xmlns:srv="http://gugik.gov.pl/schemas/slowniki-service/1.0" xmlns:sln="http://gugik.gov.pl/schemas/slowniki-schema/1.0"><sln:miejscowosc><sln:cyklZyciaDo>2017-04-05T00:00:00+02:00</sln:cyklZyciaDo><sln:cyklZyciaOd>2015-04-29T00:00:00+02:00</sln:cyklZyciaOd><sln:gmIIPId>98679ae2-7d02-4849-bf0c-8518152a338e</sln:gmIIPId><sln:gmIIPPn>PL.PZGIK.200</sln:gmIIPPn><sln:gmIIPWersja>2012-09-26T22:45:48+02:00</sln:gmIIPWersja><sln:gmIdTeryt>2209082</sln:gmIdTeryt><sln:gmNazwa>Stare Pole</sln:gmNazwa><sln:miejscIIPId>44aa6611-7afd-46a5-b221-9d1f4b4fcf82</sln:miejscIIPId><sln:miejscIIPPn>PL.PZGIK.200</sln:miejscIIPPn><sln:miejscIIPWersja>2016-11-24T09:26:06+02:00</sln:miejscIIPWersja><sln:miejscIdTeryt>0156570</sln:miejscIdTeryt><sln:miejscNazwa>Janówka</sln:miejscNazwa><sln:miejscRodzaj>Wieś</sln:miejscRodzaj><sln:powIIPId>2249144d-a152-435b-b1e2-c2c11fbcc0b2</sln:powIIPId><sln:powIIPPn>PL.PZGIK.200</sln:powIIPPn><sln:powIIPWersja>2012-09-27T09:33:51+02:00</sln:powIIPWersja><sln:powIdTeryt>2209</sln:powIdTeryt><sln:powNazwa>malborski</sln:powNazwa><sln:waznyOd>2013-12-04T00:00:00+01:00</sln:waznyOd><sln:wojIIPId>ece93e09-0215-42f3-8067-be0649f58d46</sln:wojIIPId><sln:wojIIPPn>PL.PZGIK.200</sln:wojIIPPn><sln:wojIIPWersja>2012-09-27T13:45:13+02:00</sln:wojIIPWersja><sln:wojIdTeryt>22</sln:wojIdTeryt><sln:wojNazwa>pomorskie</sln:wojNazwa></sln:miejscowosc><sln:miejscowosc><sln:cyklZyciaDo>2017-04-05T00:00:00+02:00</sln:cyklZyciaDo><sln:cyklZyciaOd>2015-04-29T00:00:00+02:00</sln:cyklZyciaOd><sln:gmIIPId>98679ae2-7d02-4849-bf0c-8518152a338e</sln:gmIIPId><sln:gmIIPPn>PL.PZGIK.200</sln:gmIIPPn><sln:gmIIPWersja>2012-09-26T22:45:48+02:00</sln:gmIIPWersja><sln:gmIdTeryt>2209082</sln:gmIdTeryt><sln:gmNazwa>Stare Pole</sln:gmNazwa><sln:miejscIIPId>4b5ad2a9-1c67-4b5f-8525-62feeccd520c</sln:miejscIIPId><sln:miejscIIPPn>PL.PZGIK.200</sln:miejscIIPPn><sln:miejscIIPWersja>2016-11-24T09:26:06+02:00</sln:miejscIIPWersja><sln:miejscIdTeryt>0156587</sln:miejscIdTeryt><sln:miejscNazwa>Kaczynos</sln:miejscNazwa><sln:miejscRodzaj>Osada</sln:miejscRodzaj><sln:powIIPId>2249144d-a152-435b-b1e2-c2c11fbcc0b2</sln:powIIPId><sln:powIIPPn>PL.PZGIK.200</sln:powIIPPn><sln:powIIPWersja>2012-09-27T09:33:51+02:00</sln:powIIPWersja><sln:powIdTeryt>2209</sln:powIdTeryt><sln:powNazwa>malborski</sln:powNazwa><sln:waznyOd>2013-12-04T00:00:00+01:00</sln:waznyOd><sln:wojIIPId>ece93e09-0215-42f3-8067-be0649f58d46</sln:wojIIPId><sln:wojIIPPn>PL.PZGIK.200</sln:wojIIPPn><sln:wojIIPWersja>2012-09-27T13:45:13+02:00</sln:wojIIPWersja><sln:wojIdTeryt>22</sln:wojIdTeryt><sln:wojNazwa>pomorskie</sln:wojNazwa></sln:miejscowosc><sln:miejscowosc><sln:cyklZyciaDo>2017-04-05T00:00:00+02:00</sln:cyklZyciaDo><sln:cyklZyciaOd>2015-04-29T00:00:00+02:00</sln:cyklZyciaOd><sln:gmIIPId>98679ae2-7d02-4849-bf0c-8518152a338e</sln:gmIIPId><sln:gmIIPPn>PL.PZGIK.200</sln:gmIIPPn><sln:gmIIPWersja>2012-09-26T22:45:48+02:00</sln:gmIIPWersja><sln:gmIdTeryt>2209082</sln:gmIdTeryt><sln:gmNazwa>Stare Pole</sln:gmNazwa><sln:miejscIIPId>55053b43-c7ef-4868-9b42-000fb505c92a</sln:miejscIIPId><sln:miejscIIPPn>PL.PZGIK.200</sln:miejscIIPPn><sln:miejscIIPWersja>2016-11-24T09:26:06+02:00</sln:miejscIIPWersja><sln:miejscIdTeryt>0156593</sln:miejscIdTeryt><sln:miejscNazwa>Kaczynos-Kolonia</sln:miejscNazwa><sln:miejscRodzaj>Osada</sln:miejscRodzaj><sln:powIIPId>2249144d-a152-435b-b1e2-c2c11fbcc0b2</sln:powIIPId><sln:powIIPPn>PL.PZGIK.200</sln:powIIPPn><sln:powIIPWersja>2012-09-27T09:33:51+02:00</sln:powIIPWersja><sln:powIdTeryt>2209</sln:powIdTeryt><sln:powNazwa>malborski</sln:powNazwa><sln:waznyOd>2013-12-19T00:00:00+01:00</sln:waznyOd><sln:wojIIPId>ece93e09-0215-42f3-8067-be0649f58d46</sln:wojIIPId><sln:wojIIPPn>PL.PZGIK.200</sln:wojIIPPn><sln:wojIIPWersja>2012-09-27T13:45:13+02:00</sln:wojIIPWersja><sln:wojIdTeryt>22</sln:wojIdTeryt><sln:wojNazwa>pomorskie</sln:wojNazwa></sln:miejscowosc><sln:miejscowosc><sln:cyklZyciaDo>2017-04-05T00:00:00+02:00</sln:cyklZyciaDo><sln:cyklZyciaOd>2015-04-29T00:00:00+02:00</sln:cyklZyciaOd><sln:gmIIPId>98679ae2-7d02-4849-bf0c-8518152a338e</sln:gmIIPId><sln:gmIIPPn>PL.PZGIK.200</sln:gmIIPPn><sln:gmIIPWersja>2012-09-26T22:45:48+02:00</sln:gmIIPWersja><sln:gmIdTeryt>2209082</sln:gmIdTeryt><sln:gmNazwa>Stare Pole</sln:gmNazwa><sln:miejscIIPId>b3564c51-b972-4dfb-98f6-052af013e417</sln:miejscIIPId><sln:miejscIIPPn>PL.PZGIK.200</sln:miejscIIPPn><sln:miejscIIPWersja>2016-11-24T09:26:06+02:00</sln:miejscIIPWersja><sln:miejscIdTeryt>0156601</sln:miejscIdTeryt><sln:miejscNazwa>Kikojty</sln:miejscNazwa><sln:miejscRodzaj>Wieś</sln:miejscRodzaj><sln:powIIPId>2249144d-a152-435b-b1e2-c2c11fbcc0b2</sln:powIIPId><sln:powIIPPn>PL.PZGIK.200</sln:powIIPPn><sln:powIIPWersja>2012-09-27T09:33:51+02:00</sln:powIIPWersja><sln:powIdTeryt>2209</sln:powIdTeryt><sln:powNazwa>malborski</sln:powNazwa><sln:waznyOd>2013-12-04T00:00:00+01:00</sln:waznyOd><sln:wojIIPId>ece93e09-0215-42f3-8067-be0649f58d46</sln:wojIIPId><sln:wojIIPPn>PL.PZGIK.200</sln:wojIIPPn><sln:wojIIPWersja>2012-09-27T13:45:13+02:00</sln:wojIIPWersja><sln:wojIdTeryt>22</sln:wojIdTeryt><sln:wojNazwa>pomorskie</sln:wojNazwa></sln:miejscowosc><sln:miejscowosc><sln:cyklZyciaDo>2017-04-05T00:00:00+02:00</sln:cyklZyciaDo><sln:cyklZyciaOd>2015-04-29T00:00:00+02:00</sln:cyklZyciaOd><sln:gmIIPId>98679ae2-7d02-4849-bf0c-8518152a338e</sln:gmIIPId><sln:gmIIPPn>PL.PZGIK.200</sln:gmIIPPn><sln:gmIIPWersja>2012-09-26T22:45:48+02:00</sln:gmIIPWersja><sln:gmIdTeryt>2209082</sln:gmIdTeryt><sln:gmNazwa>Stare Pole</sln:gmNazwa><sln:miejscIIPId>e0563d52-7a88-48c5-9e54-1bc164cba4d2</sln:miejscIIPId><sln:miejscIIPPn>PL.PZGIK.200</sln:miejscIIPPn><sln:miejscIIPWersja>2016-11-24T09:26:06+02:00</sln:miejscIIPWersja><sln:miejscIdTeryt>0156618</sln:miejscIdTeryt><sln:miejscNazwa>Klecie</sln:miejscNazwa><sln:miejscRodzaj>Wieś</sln:miejscRodzaj><sln:powIIPId>2249144d-a152-435b-b1e2-c2c11fbcc0b2</sln:powIIPId><sln:powIIPPn>PL.PZGIK.200</sln:powIIPPn><sln:powIIPWersja>2012-09-27T09:33:51+02:00</sln:powIIPWersja><sln:powIdTeryt>2209</sln:powIdTeryt><sln:powNazwa>malborski</sln:powNazwa><sln:waznyOd>2013-12-04T00:00:00+01:00</sln:waznyOd><sln:wojIIPId>ece93e09-0215-42f3-8067-be0649f58d46</sln:wojIIPId><sln:wojIIPPn>PL.PZGIK.200</sln:wojIIPPn><sln:wojIIPWersja>2012-09-27T13:45:13+02:00</sln:wojIIPWersja><sln:wojIdTeryt>22</sln:wojIdTeryt><sln:wojNazwa>pomorskie</sln:wojNazwa></sln:miejscowosc><sln:miejscowosc><sln:cyklZyciaDo>2017-04-05T00:00:00+02:00</sln:cyklZyciaDo><sln:cyklZyciaOd>2015-04-29T00:00:00+02:00</sln:cyklZyciaOd><sln:gmIIPId>98679ae2-7d02-4849-bf0c-8518152a338e</sln:gmIIPId><sln:gmIIPPn>PL.PZGIK.200</sln:gmIIPPn><sln:gmIIPWersja>2012-09-26T22:45:48+02:00</sln:gmIIPWersja><sln:gmIdTeryt>2209082</sln:gmIdTeryt><sln:gmNazwa>Stare Pole</sln:gmNazwa><sln:miejscIIPId>8d40bf88-2aa9-4681-825a-ef990f5c6192</sln:miejscIIPId><sln:miejscIIPPn>PL.PZGIK.200</sln:miejscIIPPn><sln:miejscIIPWersja>2016-11-24T09:26:06+02:00</sln:miejscIIPWersja><sln:miejscIdTeryt>0156624</sln:miejscIdTeryt><sln:miejscNazwa>Kławki</sln:miejscNazwa><sln:miejscRodzaj>Wieś</sln:miejscRodzaj><sln:powIIPId>2249144d-a152-435b-b1e2-c2c11fbcc0b2</sln:powIIPId><sln:powIIPPn>PL.PZGIK.200</sln:powIIPPn><sln:powIIPWersja>2012-09-27T09:33:51+02:00</sln:powIIPWersja><sln:powIdTeryt>2209</sln:powIdTeryt><sln:powNazwa>malborski</sln:powNazwa><sln:waznyOd>2013-12-04T00:00:00+01:00</sln:waznyOd><sln:wojIIPId>ece93e09-0215-42f3-8067-be0649f58d46</sln:wojIIPId><sln:wojIIPPn>PL.PZGIK.200</sln:wojIIPPn><sln:wojIIPWersja>2012-09-27T13:45:13+02:00</sln:wojIIPWersja><sln:wojIdTeryt>22</sln:wojIdTeryt><sln:wojNazwa>pomorskie</sln:wojNazwa></sln:miejscowosc><sln:miejscowosc><sln:cyklZyciaDo>2017-04-05T00:00:00+02:00</sln:cyklZyciaDo><sln:cyklZyciaOd>2015-04-29T00:00:00+02:00</sln:cyklZyciaOd><sln:gmIIPId>98679ae2-7d02-4849-bf0c-8518152a338e</sln:gmIIPId><sln:gmIIPPn>PL.PZGIK.200</sln:gmIIPPn><sln:gmIIPWersja>2012-09-26T22:45:48+02:00</sln:gmIIPWersja><sln:gmIdTeryt>2209082</sln:gmIdTeryt><sln:gmNazwa>Stare Pole</sln:gmNazwa><sln:miejscIIPId>1c853d19-da43-457c-95b0-a9f9bfe0679f</sln:miejscIIPId><sln:miejscIIPPn>PL.PZGIK.200</sln:miejscIIPPn><sln:miejscIIPWersja>2016-11-24T09:26:06+02:00</sln:miejscIIPWersja><sln:miejscIdTeryt>0156653</sln:miejscIdTeryt><sln:miejscNazwa>Krasnołęka</sln:miejscNazwa><sln:miejscRodzaj>Inny obiekt</sln:miejscRodzaj><sln:powIIPId>2249144d-a152-435b-b1e2-c2c11fbcc0b2</sln:powIIPId><sln:powIIPPn>PL.PZGIK.200</sln:powIIPPn><sln:powIIPWersja>2012-09-27T09:33:51+02:00</sln:powIIPWersja><sln:powIdTeryt>2209</sln:powIdTeryt><sln:powNazwa>malborski</sln:powNazwa><sln:waznyOd>2013-12-04T00:00:00+01:00</sln:waznyOd><sln:wojIIPId>ece93e09-0215-42f3-8067-be0649f58d46</sln:wojIIPId><sln:wojIIPPn>PL.PZGIK.200</sln:wojIIPPn><sln:wojIIPWersja>2012-09-27T13:45:13+02:00</sln:wojIIPWersja><sln:wojIdTeryt>22</sln:wojIdTeryt><sln:wojNazwa>pomorskie</sln:wojNazwa></sln:miejscowosc><sln:miejscowosc><sln:cyklZyciaDo>2017-04-05T00:00:00+02:00</sln:cyklZyciaDo><sln:cyklZyciaOd>2015-04-29T00:00:00+02:00</sln:cyklZyciaOd><sln:gmIIPId>98679ae2-7d02-4849-bf0c-8518152a338e</sln:gmIIPId><sln:gmIIPPn>PL.PZGIK.200</sln:gmIIPPn><sln:gmIIPWersja>2012-09-26T22:45:48+02:00</sln:gmIIPWersja><sln:gmIdTeryt>2209082</sln:gmIdTeryt><sln:gmNazwa>Stare Pole</sln:gmNazwa><sln:miejscIIPId>d522b52e-3a5c-4f2a-921b-c348fd45f027</sln:miejscIIPId><sln:miejscIIPPn>PL.PZGIK.200</sln:miejscIIPPn><sln:miejscIIPWersja>2016-11-24T09:26:06+02:00</sln:miejscIIPWersja><sln:miejscIdTeryt>0156630</sln:miejscIdTeryt><sln:miejscNazwa>Kraszewo</sln:miejscNazwa><sln:miejscRodzaj>Wieś</sln:miejscRodzaj><sln:powIIPId>2249144d-a152-435b-b1e2-c2c11fbcc0b2</sln:powIIPId><sln:powIIPPn>PL.PZGIK.200</sln:powIIPPn><sln:powIIPWersja>2012-09-27T09:33:51+02:00</sln:powIIPWersja><sln:powIdTeryt>2209</sln:powIdTeryt><sln:powNazwa>malborski</sln:powNazwa><sln:waznyOd>2013-12-04T00:00:00+01:00</sln:waznyOd><sln:wojIIPId>ece93e09-0215-42f3-8067-be0649f58d46</sln:wojIIPId><sln:wojIIPPn>PL.PZGIK.200</sln:wojIIPPn><sln:wojIIPWersja>2012-09-27T13:45:13+02:00</sln:wojIIPWersja><sln:wojIdTeryt>22</sln:wojIdTeryt><sln:wojNazwa>pomorskie</sln:wojNazwa></sln:miejscowosc><sln:miejscowosc><sln:cyklZyciaDo>2017-04-05T00:00:00+02:00</sln:cyklZyciaDo><sln:cyklZyciaOd>2015-04-29T00:00:00+02:00</sln:cyklZyciaOd><sln:gmIIPId>98679ae2-7d02-4849-bf0c-8518152a338e</sln:gmIIPId><sln:gmIIPPn>PL.PZGIK.200</sln:gmIIPPn><sln:gmIIPWersja>2012-09-26T22:45:48+02:00</sln:gmIIPWersja><sln:gmIdTeryt>2209082</sln:gmIdTeryt><sln:gmNazwa>Stare Pole</sln:gmNazwa><sln:miejscIIPId>99e4cf9e-54f7-4b62-9e23-6f57b498154a</sln:miejscIIPId><sln:miejscIIPPn>PL.PZGIK.200</sln:miejscIIPPn><sln:miejscIIPWersja>2016-11-24T09:26:06+02:00</sln:miejscIIPWersja><sln:miejscIdTeryt>0156647</sln:miejscIdTeryt><sln:miejscNazwa>Królewo</sln:miejscNazwa><sln:miejscRodzaj>Wieś</sln:miejscRodzaj><sln:powIIPId>2249144d-a152-435b-b1e2-c2c11fbcc0b2</sln:powIIPId><sln:powIIPPn>PL.PZGIK.200</sln:powIIPPn><sln:powIIPWersja>2012-09-27T09:33:51+02:00</sln:powIIPWersja><sln:powIdTeryt>2209</sln:powIdTeryt><sln:powNazwa>malborski</sln:powNazwa><sln:waznyOd>2013-12-04T00:00:00+01:00</sln:waznyOd><sln:wojIIPId>ece93e09-0215-42f3-8067-be0649f58d46</sln:wojIIPId><sln:wojIIPPn>PL.PZGIK.200</sln:wojIIPPn><sln:wojIIPWersja>2012-09-27T13:45:13+02:00</sln:wojIIPWersja><sln:wojIdTeryt>22</sln:wojIdTeryt><sln:wojNazwa>pomorskie</sln:wojNazwa></sln:miejscowosc><sln:miejscowosc><sln:cyklZyciaDo>2017-04-05T00:00:00+02:00</sln:cyklZyciaDo><sln:cyklZyciaOd>2015-04-29T00:00:00+02:00</sln:cyklZyciaOd><sln:gmIIPId>98679ae2-7d02-4849-bf0c-8518152a338e</sln:gmIIPId><sln:gmIIPPn>PL.PZGIK.200</sln:gmIIPPn><sln:gmIIPWersja>2012-09-26T22:45:48+02:00</sln:gmIIPWersja><sln:gmIdTeryt>2209082</sln:gmIdTeryt><sln:gmNazwa>Stare Pole</sln:gmNazwa><sln:miejscIIPId>85463e81-0e41-490e-a809-ee990d309afd</sln:miejscIIPId><sln:miejscIIPPn>PL.PZGIK.200</sln:miejscIIPPn><sln:miejscIIPWersja>2016-11-24T09:26:06+02:00</sln:miejscIIPWersja><sln:miejscIdTeryt>0156682</sln:miejscIdTeryt><sln:miejscNazwa>Krzyżanowo</sln:miejscNazwa><sln:miejscRodzaj>Osada</sln:miejscRodzaj><sln:powIIPId>2249144d-a152-435b-b1e2-c2c11fbcc0b2</sln:powIIPId><sln:powIIPPn>PL.PZGIK.200</sln:powIIPPn><sln:powIIPWersja>2012-09-27T09:33:51+02:00</sln:powIIPWersja><sln:powIdTeryt>2209</sln:powIdTeryt><sln:powNazwa>malborski</sln:powNazwa><sln:waznyOd>2013-12-04T00:00:00+01:00</sln:waznyOd><sln:wojIIPId>ece93e09-0215-42f3-8067-be0649f58d46</sln:wojIIPId><sln:wojIIPPn>PL.PZGIK.200</sln:wojIIPPn><sln:wojIIPWersja>2012-09-27T13:45:13+02:00</sln:wojIIPWersja><sln:wojIdTeryt>22</sln:wojIdTeryt><sln:wojNazwa>pomorskie</sln:wojNazwa></sln:miejscowosc><sln:miejscowosc><sln:cyklZyciaDo>2017-04-05T00:00:00+02:00</sln:cyklZyciaDo><sln:cyklZyciaOd>2015-04-29T00:00:00+02:00</sln:cyklZyciaOd><sln:gmIIPId>98679ae2-7d02-4849-bf0c-8518152a338e</sln:gmIIPId><sln:gmIIPPn>PL.PZGIK.200</sln:gmIIPPn><sln:gmIIPWersja>2012-09-26T22:45:48+02:00</sln:gmIIPWersja><sln:gmIdTeryt>2209082</sln:gmIdTeryt><sln:gmNazwa>Stare Pole</sln:gmNazwa><sln:miejscIIPId>4e322106-1c3a-49e3-90db-ba21682ff6a5</sln:miejscIIPId><sln:miejscIIPPn>PL.PZGIK.200</sln:miejscIIPPn><sln:miejscIIPWersja>2016-11-24T09:26:06+02:00</sln:miejscIIPWersja><sln:miejscIdTeryt>0156699</sln:miejscIdTeryt><sln:miejscNazwa>Parwark</sln:miejscNazwa><sln:miejscRodzaj>Wieś</sln:miejscRodzaj><sln:powIIPId>2249144d-a152-435b-b1e2-c2c11fbcc0b2</sln:powIIPId><sln:powIIPPn>PL.PZGIK.200</sln:powIIPPn><sln:powIIPWersja>2012-09-27T09:33:51+02:00</sln:powIIPWersja><sln:powIdTeryt>2209</sln:powIdTeryt><sln:powNazwa>malborski</sln:powNazwa><sln:waznyOd>2013-12-04T00:00:00+01:00</sln:waznyOd><sln:wojIIPId>ece93e09-0215-42f3-8067-be0649f58d46</sln:wojIIPId><sln:wojIIPPn>PL.PZGIK.200</sln:wojIIPPn><sln:wojIIPWersja>2012-09-27T13:45:13+02:00</sln:wojIIPWersja><sln:wojIdTeryt>22</sln:wojIdTeryt><sln:wojNazwa>pomorskie</sln:wojNazwa></sln:miejscowosc><sln:miejscowosc><sln:cyklZyciaDo>2017-04-05T00:00:00+02:00</sln:cyklZyciaDo><sln:cyklZyciaOd>2015-04-29T00:00:00+02:00</sln:cyklZyciaOd><sln:gmIIPId>98679ae2-7d02-4849-bf0c-8518152a338e</sln:gmIIPId><sln:gmIIPPn>PL.PZGIK.200</sln:gmIIPPn><sln:gmIIPWersja>2012-09-26T22:45:48+02:00</sln:gmIIPWersja><sln:gmIdTeryt>2209082</sln:gmIdTeryt><sln:gmNazwa>Stare Pole</sln:gmNazwa><sln:miejscIIPId>053e67e0-9e96-4b96-b23e-baaf6bf90759</sln:miejscIIPId><sln:miejscIIPPn>PL.PZGIK.200</sln:miejscIIPPn><sln:miejscIIPWersja>2016-11-24T09:26:06+02:00</sln:miejscIIPWersja><sln:miejscIdTeryt>0156707</sln:miejscIdTeryt><sln:miejscNazwa>Stare Pole</sln:miejscNazwa><sln:miejscRodzaj>Wieś</sln:miejscRodzaj><sln:powIIPId>2249144d-a152-435b-b1e2-c2c11fbcc0b2</sln:powIIPId><sln:powIIPPn>PL.PZGIK.200</sln:powIIPPn><sln:powIIPWersja>2012-09-27T09:33:51+02:00</sln:powIIPWersja><sln:powIdTeryt>2209</sln:powIdTeryt><sln:powNazwa>malborski</sln:powNazwa><sln:waznyOd>2013-12-04T00:00:00+01:00</sln:waznyOd><sln:wojIIPId>ece93e09-0215-42f3-8067-be0649f58d46</sln:wojIIPId><sln:wojIIPPn>PL.PZGIK.200</sln:wojIIPPn><sln:wojIIPWersja>2012-09-27T13:45:13+02:00</sln:wojIIPWersja><sln:wojIdTeryt>22</sln:wojIdTeryt><sln:wojNazwa>pomorskie</sln:wojNazwa></sln:miejscowosc><sln:miejscowosc><sln:cyklZyciaDo>2017-04-05T00:00:00+02:00</sln:cyklZyciaDo><sln:cyklZyciaOd>2015-04-29T00:00:00+02:00</sln:cyklZyciaOd><sln:gmIIPId>98679ae2-7d02-4849-bf0c-8518152a338e</sln:gmIIPId><sln:gmIIPPn>PL.PZGIK.200</sln:gmIIPPn><sln:gmIIPWersja>2012-09-26T22:45:48+02:00</sln:gmIIPWersja><sln:gmIdTeryt>2209082</sln:gmIdTeryt><sln:gmNazwa>Stare Pole</sln:gmNazwa><sln:miejscIIPId>03138c34-43a7-40f4-8686-69e585929fc9</sln:miejscIIPId><sln:miejscIIPPn>PL.PZGIK.200</sln:miejscIIPPn><sln:miejscIIPWersja>2016-11-24T09:26:06+02:00</sln:miejscIIPWersja><sln:miejscIdTeryt>0156713</sln:miejscIdTeryt><sln:miejscNazwa>Szaleniec</sln:miejscNazwa><sln:miejscRodzaj>Wieś</sln:miejscRodzaj><sln:powIIPId>2249144d-a152-435b-b1e2-c2c11fbcc0b2</sln:powIIPId><sln:powIIPPn>PL.PZGIK.200</sln:powIIPPn><sln:powIIPWersja>2012-09-27T09:33:51+02:00</sln:powIIPWersja><sln:powIdTeryt>2209</sln:powIdTeryt><sln:powNazwa>malborski</sln:powNazwa><sln:waznyOd>2013-12-04T00:00:00+01:00</sln:waznyOd><sln:wojIIPId>ece93e09-0215-42f3-8067-be0649f58d46</sln:wojIIPId><sln:wojIIPPn>PL.PZGIK.200</sln:wojIIPPn><sln:wojIIPWersja>2012-09-27T13:45:13+02:00</sln:wojIIPWersja><sln:wojIdTeryt>22</sln:wojIdTeryt><sln:wojNazwa>pomorskie</sln:wojNazwa></sln:miejscowosc><sln:miejscowosc><sln:cyklZyciaDo>2017-04-05T00:00:00+02:00</sln:cyklZyciaDo><sln:cyklZyciaOd>2015-04-29T00:00:00+02:00</sln:cyklZyciaOd><sln:gmIIPId>98679ae2-7d02-4849-bf0c-8518152a338e</sln:gmIIPId><sln:gmIIPPn>PL.PZGIK.200</sln:gmIIPPn><sln:gmIIPWersja>2012-09-26T22:45:48+02:00</sln:gmIIPWersja><sln:gmIdTeryt>2209082</sln:gmIdTeryt><sln:gmNazwa>Stare Pole</sln:gmNazwa><sln:miejscIIPId>5c5798a2-c3a4-424b-9a92-f34125874fc1</sln:miejscIIPId><sln:miejscIIPPn>PL.PZGIK.200</sln:miejscIIPPn><sln:miejscIIPWersja>2016-11-24T09:26:06+02:00</sln:miejscIIPWersja><sln:miejscIdTeryt>0156720</sln:miejscIdTeryt><sln:miejscNazwa>Szlagnowo</sln:miejscNazwa><sln:miejscRodzaj>Wieś</sln:miejscRodzaj><sln:powIIPId>2249144d-a152-435b-b1e2-c2c11fbcc0b2</sln:powIIPId><sln:powIIPPn>PL.PZGIK.200</sln:powIIPPn><sln:powIIPWersja>2012-09-27T09:33:51+02:00</sln:powIIPWersja><sln:powIdTeryt>2209</sln:powIdTeryt><sln:powNazwa>malborski</sln:powNazwa><sln:waznyOd>2013-12-04T00:00:00+01:00</sln:waznyOd><sln:wojIIPId>ece93e09-0215-42f3-8067-be0649f58d46</sln:wojIIPId><sln:wojIIPPn>PL.PZGIK.200</sln:wojIIPPn><sln:wojIIPWersja>2012-09-27T13:45:13+02:00</sln:wojIIPWersja><sln:wojIdTeryt>22</sln:wojIdTeryt><sln:wojNazwa>pomorskie</sln:wojNazwa></sln:miejscowosc><sln:miejscowosc><sln:cyklZyciaDo>2017-04-05T00:00:00+02:00</sln:cyklZyciaDo><sln:cyklZyciaOd>2015-04-29T00:00:00+02:00</sln:cyklZyciaOd><sln:gmIIPId>98679ae2-7d02-4849-bf0c-8518152a338e</sln:gmIIPId><sln:gmIIPPn>PL.PZGIK.200</sln:gmIIPPn><sln:gmIIPWersja>2012-09-26T22:45:48+02:00</sln:gmIIPWersja><sln:gmIdTeryt>2209082</sln:gmIdTeryt><sln:gmNazwa>Stare Pole</sln:gmNazwa><sln:miejscIIPId>3c8ee4cc-373e-4616-8e07-acfc08146c90</sln:miejscIIPId><sln:miejscIIPPn>PL.PZGIK.200</sln:miejscIIPPn><sln:miejscIIPWersja>2016-11-24T09:26:06+02:00</sln:miejscIIPWersja><sln:miejscIdTeryt>0156736</sln:miejscIdTeryt><sln:miejscNazwa>Ząbrowo</sln:miejscNazwa><sln:miejscRodzaj>Wieś</sln:miejscRodzaj><sln:powIIPId>2249144d-a152-435b-b1e2-c2c11fbcc0b2</sln:powIIPId><sln:powIIPPn>PL.PZGIK.200</sln:powIIPPn><sln:powIIPWersja>2012-09-27T09:33:51+02:00</sln:powIIPWersja><sln:powIdTeryt>2209</sln:powIdTeryt><sln:powNazwa>malborski</sln:powNazwa><sln:waznyOd>2013-12-04T00:00:00+01:00</sln:waznyOd><sln:wojIIPId>ece93e09-0215-42f3-8067-be0649f58d46</sln:wojIIPId><sln:wojIIPPn>PL.PZGIK.200</sln:wojIIPPn><sln:wojIIPWersja>2012-09-27T13:45:13+02:00</sln:wojIIPWersja><sln:wojIdTeryt>22</sln:wojIdTeryt><sln:wojNazwa>pomorskie</sln:wojNazwa></sln:miejscowosc><sln:miejscowosc><sln:cyklZyciaDo>2017-04-05T00:00:00+02:00</sln:cyklZyciaDo><sln:cyklZyciaOd>2015-04-29T00:00:00+02:00</sln:cyklZyciaOd><sln:gmIIPId>98679ae2-7d02-4849-bf0c-8518152a338e</sln:gmIIPId><sln:gmIIPPn>PL.PZGIK.200</sln:gmIIPPn><sln:gmIIPWersja>2012-09-26T22:45:48+02:00</sln:gmIIPWersja><sln:gmIdTeryt>2209082</sln:gmIdTeryt><sln:gmNazwa>Stare Pole</sln:gmNazwa><sln:miejscIIPId>9e3a1465-f8b7-4d16-b98c-131bc4bfe926</sln:miejscIIPId><sln:miejscIIPPn>PL.PZGIK.200</sln:miejscIIPPn><sln:miejscIIPWersja>2016-11-24T09:26:06+02:00</sln:miejscIIPWersja><sln:miejscIdTeryt>0156742</sln:miejscIdTeryt><sln:miejscNazwa>Złotowo</sln:miejscNazwa><sln:miejscRodzaj>Wieś</sln:miejscRodzaj><sln:powIIPId>2249144d-a152-435b-b1e2-c2c11fbcc0b2</sln:powIIPId><sln:powIIPPn>PL.PZGIK.200</sln:powIIPPn><sln:powIIPWersja>2012-09-27T09:33:51+02:00</sln:powIIPWersja><sln:powIdTeryt>2209</sln:powIdTeryt><sln:powNazwa>malborski</sln:powNazwa><sln:waznyOd>2013-12-04T00:00:00+01:00</sln:waznyOd><sln:wojIIPId>ece93e09-0215-42f3-8067-be0649f58d46</sln:wojIIPId><sln:wojIIPPn>PL.PZGIK.200</sln:wojIIPPn><sln:wojIIPWersja>2012-09-27T13:45:13+02:00</sln:wojIIPWersja><sln:wojIdTeryt>22</sln:wojIdTeryt><sln:wojNazwa>pomorskie</sln:wojNazwa></sln:miejscowosc><sln:miejscowosc><sln:cyklZyciaOd>2017-04-05T00:00:00+02:00</sln:cyklZyciaOd><sln:gmIIPId>98679ae2-7d02-4849-bf0c-8518152a338e</sln:gmIIPId><sln:gmIIPPn>PL.PZGIK.200</sln:gmIIPPn><sln:gmIIPWersja>2012-09-26T22:45:48+02:00</sln:gmIIPWersja><sln:gmIdTeryt>2209082</sln:gmIdTeryt><sln:gmNazwa>Stare Pole</sln:gmNazwa><sln:miejscIIPId>44aa6611-7afd-46a5-b221-9d1f4b4fcf82</sln:miejscIIPId><sln:miejscIIPPn>PL.PZGIK.200</sln:miejscIIPPn><sln:miejscIIPWersja>2017-04-05T11:47:38+02:00</sln:miejscIIPWersja><sln:miejscIdTeryt>0156570</sln:miejscIdTeryt><sln:miejscNazwa>Janówka</sln:miejscNazwa><sln:miejscRodzaj>Wieś</sln:miejscRodzaj><sln:powIIPId>2249144d-a152-435b-b1e2-c2c11fbcc0b2</sln:powIIPId><sln:powIIPPn>PL.PZGIK.200</sln:powIIPPn><sln:powIIPWersja>2012-09-27T09:33:51+02:00</sln:powIIPWersja><sln:powIdTeryt>2209</sln:powIdTeryt><sln:powNazwa>malborski</sln:powNazwa><sln:waznyOd>2013-12-04T00:00:00+01:00</sln:waznyOd><sln:wojIIPId>ece93e09-0215-42f3-8067-be0649f58d46</sln:wojIIPId><sln:wojIIPPn>PL.PZGIK.200</sln:wojIIPPn><sln:wojIIPWersja>2012-09-27T13:45:13+02:00</sln:wojIIPWersja><sln:wojIdTeryt>22</sln:wojIdTeryt><sln:wojNazwa>pomorskie</sln:wojNazwa></sln:miejscowosc><sln:miejscowosc><sln:cyklZyciaOd>2017-04-05T00:00:00+02:00</sln:cyklZyciaOd><sln:gmIIPId>98679ae2-7d02-4849-bf0c-8518152a338e</sln:gmIIPId><sln:gmIIPPn>PL.PZGIK.200</sln:gmIIPPn><sln:gmIIPWersja>2012-09-26T22:45:48+02:00</sln:gmIIPWersja><sln:gmIdTeryt>2209082</sln:gmIdTeryt><sln:gmNazwa>Stare Pole</sln:gmNazwa><sln:miejscIIPId>4b5ad2a9-1c67-4b5f-8525-62feeccd520c</sln:miejscIIPId><sln:miejscIIPPn>PL.PZGIK.200</sln:miejscIIPPn><sln:miejscIIPWersja>2017-04-05T11:47:46+02:00</sln:miejscIIPWersja><sln:miejscIdTeryt>0156587</sln:miejscIdTeryt><sln:miejscNazwa>Kaczynos</sln:miejscNazwa><sln:miejscRodzaj>Osada</sln:miejscRodzaj><sln:powIIPId>2249144d-a152-435b-b1e2-c2c11fbcc0b2</sln:powIIPId><sln:powIIPPn>PL.PZGIK.200</sln:powIIPPn><sln:powIIPWersja>2012-09-27T09:33:51+02:00</sln:powIIPWersja><sln:powIdTeryt>2209</sln:powIdTeryt><sln:powNazwa>malborski</sln:powNazwa><sln:waznyOd>2013-12-04T00:00:00+01:00</sln:waznyOd><sln:wojIIPId>ece93e09-0215-42f3-8067-be0649f58d46</sln:wojIIPId><sln:wojIIPPn>PL.PZGIK.200</sln:wojIIPPn><sln:wojIIPWersja>2012-09-27T13:45:13+02:00</sln:wojIIPWersja><sln:wojIdTeryt>22</sln:wojIdTeryt><sln:wojNazwa>pomorskie</sln:wojNazwa></sln:miejscowosc><sln:miejscowosc><sln:cyklZyciaOd>2017-04-05T00:00:00+02:00</sln:cyklZyciaOd><sln:gmIIPId>98679ae2-7d02-4849-bf0c-8518152a338e</sln:gmIIPId><sln:gmIIPPn>PL.PZGIK.200</sln:gmIIPPn><sln:gmIIPWersja>2012-09-26T22:45:48+02:00</sln:gmIIPWersja><sln:gmIdTeryt>2209082</sln:gmIdTeryt><sln:gmNazwa>Stare Pole</sln:gmNazwa><sln:miejscIIPId>55053b43-c7ef-4868-9b42-000fb505c92a</sln:miejscIIPId><sln:miejscIIPPn>PL.PZGIK.200</sln:miejscIIPPn><sln:miejscIIPWersja>2017-04-05T11:47:46+02:00</sln:miejscIIPWersja><sln:miejscIdTeryt>0156593</sln:miejscIdTeryt><sln:miejscNazwa>Kaczynos-Kolonia</sln:miejscNazwa><sln:miejscRodzaj>Osada</sln:miejscRodzaj><sln:powIIPId>2249144d-a152-435b-b1e2-c2c11fbcc0b2</sln:powIIPId><sln:powIIPPn>PL.PZGIK.200</sln:powIIPPn><sln:powIIPWersja>2012-09-27T09:33:51+02:00</sln:powIIPWersja><sln:powIdTeryt>2209</sln:powIdTeryt><sln:powNazwa>malborski</sln:powNazwa><sln:waznyOd>2013-12-19T00:00:00+01:00</sln:waznyOd><sln:wojIIPId>ece93e09-0215-42f3-8067-be0649f58d46</sln:wojIIPId><sln:wojIIPPn>PL.PZGIK.200</sln:wojIIPPn><sln:wojIIPWersja>2012-09-27T13:45:13+02:00</sln:wojIIPWersja><sln:wojIdTeryt>22</sln:wojIdTeryt><sln:wojNazwa>pomorskie</sln:wojNazwa></sln:miejscowosc><sln:miejscowosc><sln:cyklZyciaOd>2017-04-05T00:00:00+02:00</sln:cyklZyciaOd><sln:gmIIPId>98679ae2-7d02-4849-bf0c-8518152a338e</sln:gmIIPId><sln:gmIIPPn>PL.PZGIK.200</sln:gmIIPPn><sln:gmIIPWersja>2012-09-26T22:45:48+02:00</sln:gmIIPWersja><sln:gmIdTeryt>2209082</sln:gmIdTeryt><sln:gmNazwa>Stare Pole</sln:gmNazwa><sln:miejscIIPId>b3564c51-b972-4dfb-98f6-052af013e417</sln:miejscIIPId><sln:miejscIIPPn>PL.PZGIK.200</sln:miejscIIPPn><sln:miejscIIPWersja>2017-04-05T11:47:46+02:00</sln:miejscIIPWersja><sln:miejscIdTeryt>0156601</sln:miejscIdTeryt><sln:miejscNazwa>Kikojty</sln:miejscNazwa><sln:miejscRodzaj>Wieś</sln:miejscRodzaj><sln:powIIPId>2249144d-a152-435b-b1e2-c2c11fbcc0b2</sln:powIIPId><sln:powIIPPn>PL.PZGIK.200</sln:powIIPPn><sln:powIIPWersja>2012-09-27T09:33:51+02:00</sln:powIIPWersja><sln:powIdTeryt>2209</sln:powIdTeryt><sln:powNazwa>malborski</sln:powNazwa><sln:waznyOd>2013-12-04T00:00:00+01:00</sln:waznyOd><sln:wojIIPId>ece93e09-0215-42f3-8067-be0649f58d46</sln:wojIIPId><sln:wojIIPPn>PL.PZGIK.200</sln:wojIIPPn><sln:wojIIPWersja>2012-09-27T13:45:13+02:00</sln:wojIIPWersja><sln:wojIdTeryt>22</sln:wojIdTeryt><sln:wojNazwa>pomorskie</sln:wojNazwa></sln:miejscowosc><sln:miejscowosc><sln:cyklZyciaOd>2017-04-05T00:00:00+02:00</sln:cyklZyciaOd><sln:gmIIPId>98679ae2-7d02-4849-bf0c-8518152a338e</sln:gmIIPId><sln:gmIIPPn>PL.PZGIK.200</sln:gmIIPPn><sln:gmIIPWersja>2012-09-26T22:45:48+02:00</sln:gmIIPWersja><sln:gmIdTeryt>2209082</sln:gmIdTeryt><sln:gmNazwa>Stare Pole</sln:gmNazwa><sln:miejscIIPId>e0563d52-7a88-48c5-9e54-1bc164cba4d2</sln:miejscIIPId><sln:miejscIIPPn>PL.PZGIK.200</sln:miejscIIPPn><sln:miejscIIPWersja>2017-04-05T11:47:46+02:00</sln:miejscIIPWersja><sln:miejscIdTeryt>0156618</sln:miejscIdTeryt><sln:miejscNazwa>Klecie</sln:miejscNazwa><sln:miejscRodzaj>Wieś</sln:miejscRodzaj><sln:powIIPId>2249144d-a152-435b-b1e2-c2c11fbcc0b2</sln:powIIPId><sln:powIIPPn>PL.PZGIK.200</sln:powIIPPn><sln:powIIPWersja>2012-09-27T09:33:51+02:00</sln:powIIPWersja><sln:powIdTeryt>2209</sln:powIdTeryt><sln:powNazwa>malborski</sln:powNazwa><sln:waznyOd>2013-12-04T00:00:00+01:00</sln:waznyOd><sln:wojIIPId>ece93e09-0215-42f3-8067-be0649f58d46</sln:wojIIPId><sln:wojIIPPn>PL.PZGIK.200</sln:wojIIPPn><sln:wojIIPWersja>2012-09-27T13:45:13+02:00</sln:wojIIPWersja><sln:wojIdTeryt>22</sln:wojIdTeryt><sln:wojNazwa>pomorskie</sln:wojNazwa></sln:miejscowosc><sln:miejscowosc><sln:cyklZyciaOd>2017-04-05T00:00:00+02:00</sln:cyklZyciaOd><sln:gmIIPId>98679ae2-7d02-4849-bf0c-8518152a338e</sln:gmIIPId><sln:gmIIPPn>PL.PZGIK.200</sln:gmIIPPn><sln:gmIIPWersja>2012-09-26T22:45:48+02:00</sln:gmIIPWersja><sln:gmIdTeryt>2209082</sln:gmIdTeryt><sln:gmNazwa>Stare Pole</sln:gmNazwa><sln:miejscIIPId>8d40bf88-2aa9-4681-825a-ef990f5c6192</sln:miejscIIPId><sln:miejscIIPPn>PL.PZGIK.200</sln:miejscIIPPn><sln:miejscIIPWersja>2017-04-05T11:47:46+02:00</sln:miejscIIPWersja><sln:miejscIdTeryt>0156624</sln:miejscIdTeryt><sln:miejscNazwa>Kławki</sln:miejscNazwa><sln:miejscRodzaj>Wieś</sln:miejscRodzaj><sln:powIIPId>2249144d-a152-435b-b1e2-c2c11fbcc0b2</sln:powIIPId><sln:powIIPPn>PL.PZGIK.200</sln:powIIPPn><sln:powIIPWersja>2012-09-27T09:33:51+02:00</sln:powIIPWersja><sln:powIdTeryt>2209</sln:powIdTeryt><sln:powNazwa>malborski</sln:powNazwa><sln:waznyOd>2013-12-04T00:00:00+01:00</sln:waznyOd><sln:wojIIPId>ece93e09-0215-42f3-8067-be0649f58d46</sln:wojIIPId><sln:wojIIPPn>PL.PZGIK.200</sln:wojIIPPn><sln:wojIIPWersja>2012-09-27T13:45:13+02:00</sln:wojIIPWersja><sln:wojIdTeryt>22</sln:wojIdTeryt><sln:wojNazwa>pomorskie</sln:wojNazwa></sln:miejscowosc><sln:miejscowosc><sln:cyklZyciaOd>2017-04-05T00:00:00+02:00</sln:cyklZyciaOd><sln:gmIIPId>98679ae2-7d02-4849-bf0c-8518152a338e</sln:gmIIPId><sln:gmIIPPn>PL.PZGIK.200</sln:gmIIPPn><sln:gmIIPWersja>2012-09-26T22:45:48+02:00</sln:gmIIPWersja><sln:gmIdTeryt>2209082</sln:gmIdTeryt><sln:gmNazwa>Stare Pole</sln:gmNazwa><sln:miejscIIPId>d522b52e-3a5c-4f2a-921b-c348fd45f027</sln:miejscIIPId><sln:miejscIIPPn>PL.PZGIK.200</sln:miejscIIPPn><sln:miejscIIPWersja>2017-04-05T11:47:46+02:00</sln:miejscIIPWersja><sln:miejscIdTeryt>0156630</sln:miejscIdTeryt><sln:miejscNazwa>Kraszewo</sln:miejscNazwa><sln:miejscRodzaj>Wieś</sln:miejscRodzaj><sln:powIIPId>2249144d-a152-435b-b1e2-c2c11fbcc0b2</sln:powIIPId><sln:powIIPPn>PL.PZGIK.200</sln:powIIPPn><sln:powIIPWersja>2012-09-27T09:33:51+02:00</sln:powIIPWersja><sln:powIdTeryt>2209</sln:powIdTeryt><sln:powNazwa>malborski</sln:powNazwa><sln:waznyOd>2013-12-04T00:00:00+01:00</sln:waznyOd><sln:wojIIPId>ece93e09-0215-42f3-8067-be0649f58d46</sln:wojIIPId><sln:wojIIPPn>PL.PZGIK.200</sln:wojIIPPn><sln:wojIIPWersja>2012-09-27T13:45:13+02:00</sln:wojIIPWersja><sln:wojIdTeryt>22</sln:wojIdTeryt><sln:wojNazwa>pomorskie</sln:wojNazwa></sln:miejscowosc><sln:miejscowosc><sln:cyklZyciaOd>2017-04-05T00:00:00+02:00</sln:cyklZyciaOd><sln:gmIIPId>98679ae2-7d02-4849-bf0c-8518152a338e</sln:gmIIPId><sln:gmIIPPn>PL.PZGIK.200</sln:gmIIPPn><sln:gmIIPWersja>2012-09-26T22:45:48+02:00</sln:gmIIPWersja><sln:gmIdTeryt>2209082</sln:gmIdTeryt><sln:gmNazwa>Stare Pole</sln:gmNazwa><sln:miejscIIPId>99e4cf9e-54f7-4b62-9e23-6f57b498154a</sln:miejscIIPId><sln:miejscIIPPn>PL.PZGIK.200</sln:miejscIIPPn><sln:miejscIIPWersja>2017-04-05T11:47:46+02:00</sln:miejscIIPWersja><sln:miejscIdTeryt>0156647</sln:miejscIdTeryt><sln:miejscNazwa>Królewo</sln:miejscNazwa><sln:miejscRodzaj>Wieś</sln:miejscRodzaj><sln:powIIPId>2249144d-a152-435b-b1e2-c2c11fbcc0b2</sln:powIIPId><sln:powIIPPn>PL.PZGIK.200</sln:powIIPPn><sln:powIIPWersja>2012-09-27T09:33:51+02:00</sln:powIIPWersja><sln:powIdTeryt>2209</sln:powIdTeryt><sln:powNazwa>malborski</sln:powNazwa><sln:waznyOd>2013-12-04T00:00:00+01:00</sln:waznyOd><sln:wojIIPId>ece93e09-0215-42f3-8067-be0649f58d46</sln:wojIIPId><sln:wojIIPPn>PL.PZGIK.200</sln:wojIIPPn><sln:wojIIPWersja>2012-09-27T13:45:13+02:00</sln:wojIIPWersja><sln:wojIdTeryt>22</sln:wojIdTeryt><sln:wojNazwa>pomorskie</sln:wojNazwa></sln:miejscowosc><sln:miejscowosc><sln:cyklZyciaOd>2017-04-05T00:00:00+02:00</sln:cyklZyciaOd><sln:gmIIPId>98679ae2-7d02-4849-bf0c-8518152a338e</sln:gmIIPId><sln:gmIIPPn>PL.PZGIK.200</sln:gmIIPPn><sln:gmIIPWersja>2012-09-26T22:45:48+02:00</sln:gmIIPWersja><sln:gmIdTeryt>2209082</sln:gmIdTeryt><sln:gmNazwa>Stare Pole</sln:gmNazwa><sln:miejscIIPId>1c853d19-da43-457c-95b0-a9f9bfe0679f</sln:miejscIIPId><sln:miejscIIPPn>PL.PZGIK.200</sln:miejscIIPPn><sln:miejscIIPWersja>2017-04-05T11:47:46+02:00</sln:miejscIIPWersja><sln:miejscIdTeryt>0156653</sln:miejscIdTeryt><sln:miejscNazwa>Krasnołęka</sln:miejscNazwa><sln:miejscRodzaj>Inny obiekt</sln:miejscRodzaj><sln:powIIPId>2249144d-a152-435b-b1e2-c2c11fbcc0b2</sln:powIIPId><sln:powIIPPn>PL.PZGIK.200</sln:powIIPPn><sln:powIIPWersja>2012-09-27T09:33:51+02:00</sln:powIIPWersja><sln:powIdTeryt>2209</sln:powIdTeryt><sln:powNazwa>malborski</sln:powNazwa><sln:waznyOd>2013-12-04T00:00:00+01:00</sln:waznyOd><sln:wojIIPId>ece93e09-0215-42f3-8067-be0649f58d46</sln:wojIIPId><sln:wojIIPPn>PL.PZGIK.200</sln:wojIIPPn><sln:wojIIPWersja>2012-09-27T13:45:13+02:00</sln:wojIIPWersja><sln:wojIdTeryt>22</sln:wojIdTeryt><sln:wojNazwa>pomorskie</sln:wojNazwa></sln:miejscowosc><sln:miejscowosc><sln:cyklZyciaOd>2017-04-05T00:00:00+02:00</sln:cyklZyciaOd><sln:gmIIPId>98679ae2-7d02-4849-bf0c-8518152a338e</sln:gmIIPId><sln:gmIIPPn>PL.PZGIK.200</sln:gmIIPPn><sln:gmIIPWersja>2012-09-26T22:45:48+02:00</sln:gmIIPWersja><sln:gmIdTeryt>2209082</sln:gmIdTeryt><sln:gmNazwa>Stare Pole</sln:gmNazwa><sln:miejscIIPId>85463e81-0e41-490e-a809-ee990d309afd</sln:miejscIIPId><sln:miejscIIPPn>PL.PZGIK.200</sln:miejscIIPPn><sln:miejscIIPWersja>2017-04-05T11:47:46+02:00</sln:miejscIIPWersja><sln:miejscIdTeryt>0156682</sln:miejscIdTeryt><sln:miejscNazwa>Krzyżanowo</sln:miejscNazwa><sln:miejscRodzaj>Osada</sln:miejscRodzaj><sln:powIIPId>2249144d-a152-435b-b1e2-c2c11fbcc0b2</sln:powIIPId><sln:powIIPPn>PL.PZGIK.200</sln:powIIPPn><sln:powIIPWersja>2012-09-27T09:33:51+02:00</sln:powIIPWersja><sln:powIdTeryt>2209</sln:powIdTeryt><sln:powNazwa>malborski</sln:powNazwa><sln:waznyOd>2013-12-04T00:00:00+01:00</sln:waznyOd><sln:wojIIPId>ece93e09-0215-42f3-8067-be0649f58d46</sln:wojIIPId><sln:wojIIPPn>PL.PZGIK.200</sln:wojIIPPn><sln:wojIIPWersja>2012-09-27T13:45:13+02:00</sln:wojIIPWersja><sln:wojIdTeryt>22</sln:wojIdTeryt><sln:wojNazwa>pomorskie</sln:wojNazwa></sln:miejscowosc><sln:miejscowosc><sln:cyklZyciaOd>2017-04-05T00:00:00+02:00</sln:cyklZyciaOd><sln:gmIIPId>98679ae2-7d02-4849-bf0c-8518152a338e</sln:gmIIPId><sln:gmIIPPn>PL.PZGIK.200</sln:gmIIPPn><sln:gmIIPWersja>2012-09-26T22:45:48+02:00</sln:gmIIPWersja><sln:gmIdTeryt>2209082</sln:gmIdTeryt><sln:gmNazwa>Stare Pole</sln:gmNazwa><sln:miejscIIPId>4e322106-1c3a-49e3-90db-ba21682ff6a5</sln:miejscIIPId><sln:miejscIIPPn>PL.PZGIK.200</sln:miejscIIPPn><sln:miejscIIPWersja>2017-04-05T11:47:47+02:00</sln:miejscIIPWersja><sln:miejscIdTeryt>0156699</sln:miejscIdTeryt><sln:miejscNazwa>Parwark</sln:miejscNazwa><sln:miejscRodzaj>Wieś</sln:miejscRodzaj><sln:powIIPId>2249144d-a152-435b-b1e2-c2c11fbcc0b2</sln:powIIPId><sln:powIIPPn>PL.PZGIK.200</sln:powIIPPn><sln:powIIPWersja>2012-09-27T09:33:51+02:00</sln:powIIPWersja><sln:powIdTeryt>2209</sln:powIdTeryt><sln:powNazwa>malborski</sln:powNazwa><sln:waznyOd>2013-12-04T00:00:00+01:00</sln:waznyOd><sln:wojIIPId>ece93e09-0215-42f3-8067-be0649f58d46</sln:wojIIPId><sln:wojIIPPn>PL.PZGIK.200</sln:wojIIPPn><sln:wojIIPWersja>2012-09-27T13:45:13+02:00</sln:wojIIPWersja><sln:wojIdTeryt>22</sln:wojIdTeryt><sln:wojNazwa>pomorskie</sln:wojNazwa></sln:miejscowosc><sln:miejscowosc><sln:cyklZyciaOd>2017-04-05T00:00:00+02:00</sln:cyklZyciaOd><sln:gmIIPId>98679ae2-7d02-4849-bf0c-8518152a338e</sln:gmIIPId><sln:gmIIPPn>PL.PZGIK.200</sln:gmIIPPn><sln:gmIIPWersja>2012-09-26T22:45:48+02:00</sln:gmIIPWersja><sln:gmIdTeryt>2209082</sln:gmIdTeryt><sln:gmNazwa>Stare Pole</sln:gmNazwa><sln:miejscIIPId>053e67e0-9e96-4b96-b23e-baaf6bf90759</sln:miejscIIPId><sln:miejscIIPPn>PL.PZGIK.200</sln:miejscIIPPn><sln:miejscIIPWersja>2017-04-05T11:47:47+02:00</sln:miejscIIPWersja><sln:miejscIdTeryt>0156707</sln:miejscIdTeryt><sln:miejscNazwa>Stare Pole</sln:miejscNazwa><sln:miejscRodzaj>Wieś</sln:miejscRodzaj><sln:powIIPId>2249144d-a152-435b-b1e2-c2c11fbcc0b2</sln:powIIPId><sln:powIIPPn>PL.PZGIK.200</sln:powIIPPn><sln:powIIPWersja>2012-09-27T09:33:51+02:00</sln:powIIPWersja><sln:powIdTeryt>2209</sln:powIdTeryt><sln:powNazwa>malborski</sln:powNazwa><sln:waznyOd>2013-12-04T00:00:00+01:00</sln:waznyOd><sln:wojIIPId>ece93e09-0215-42f3-8067-be0649f58d46</sln:wojIIPId><sln:wojIIPPn>PL.PZGIK.200</sln:wojIIPPn><sln:wojIIPWersja>2012-09-27T13:45:13+02:00</sln:wojIIPWersja><sln:wojIdTeryt>22</sln:wojIdTeryt><sln:wojNazwa>pomorskie</sln:wojNazwa></sln:miejscowosc><sln:miejscowosc><sln:cyklZyciaOd>2017-04-05T00:00:00+02:00</sln:cyklZyciaOd><sln:gmIIPId>98679ae2-7d02-4849-bf0c-8518152a338e</sln:gmIIPId><sln:gmIIPPn>PL.PZGIK.200</sln:gmIIPPn><sln:gmIIPWersja>2012-09-26T22:45:48+02:00</sln:gmIIPWersja><sln:gmIdTeryt>2209082</sln:gmIdTeryt><sln:gmNazwa>Stare Pole</sln:gmNazwa><sln:miejscIIPId>03138c34-43a7-40f4-8686-69e585929fc9</sln:miejscIIPId><sln:miejscIIPPn>PL.PZGIK.200</sln:miejscIIPPn><sln:miejscIIPWersja>2017-04-05T11:47:47+02:00</sln:miejscIIPWersja><sln:miejscIdTeryt>0156713</sln:miejscIdTeryt><sln:miejscNazwa>Szaleniec</sln:miejscNazwa><sln:miejscRodzaj>Wieś</sln:miejscRodzaj><sln:powIIPId>2249144d-a152-435b-b1e2-c2c11fbcc0b2</sln:powIIPId><sln:powIIPPn>PL.PZGIK.200</sln:powIIPPn><sln:powIIPWersja>2012-09-27T09:33:51+02:00</sln:powIIPWersja><sln:powIdTeryt>2209</sln:powIdTeryt><sln:powNazwa>malborski</sln:powNazwa><sln:waznyOd>2013-12-04T00:00:00+01:00</sln:waznyOd><sln:wojIIPId>ece93e09-0215-42f3-8067-be0649f58d46</sln:wojIIPId><sln:wojIIPPn>PL.PZGIK.200</sln:wojIIPPn><sln:wojIIPWersja>2012-09-27T13:45:13+02:00</sln:wojIIPWersja><sln:wojIdTeryt>22</sln:wojIdTeryt><sln:wojNazwa>pomorskie</sln:wojNazwa></sln:miejscowosc><sln:miejscowosc><sln:cyklZyciaOd>2017-04-05T00:00:00+02:00</sln:cyklZyciaOd><sln:gmIIPId>98679ae2-7d02-4849-bf0c-8518152a338e</sln:gmIIPId><sln:gmIIPPn>PL.PZGIK.200</sln:gmIIPPn><sln:gmIIPWersja>2012-09-26T22:45:48+02:00</sln:gmIIPWersja><sln:gmIdTeryt>2209082</sln:gmIdTeryt><sln:gmNazwa>Stare Pole</sln:gmNazwa><sln:miejscIIPId>5c5798a2-c3a4-424b-9a92-f34125874fc1</sln:miejscIIPId><sln:miejscIIPPn>PL.PZGIK.200</sln:miejscIIPPn><sln:miejscIIPWersja>2017-04-05T11:47:47+02:00</sln:miejscIIPWersja><sln:miejscIdTeryt>0156720</sln:miejscIdTeryt><sln:miejscNazwa>Szlagnowo</sln:miejscNazwa><sln:miejscRodzaj>Wieś</sln:miejscRodzaj><sln:powIIPId>2249144d-a152-435b-b1e2-c2c11fbcc0b2</sln:powIIPId><sln:powIIPPn>PL.PZGIK.200</sln:powIIPPn><sln:powIIPWersja>2012-09-27T09:33:51+02:00</sln:powIIPWersja><sln:powIdTeryt>2209</sln:powIdTeryt><sln:powNazwa>malborski</sln:powNazwa><sln:waznyOd>2013-12-04T00:00:00+01:00</sln:waznyOd><sln:wojIIPId>ece93e09-0215-42f3-8067-be0649f58d46</sln:wojIIPId><sln:wojIIPPn>PL.PZGIK.200</sln:wojIIPPn><sln:wojIIPWersja>2012-09-27T13:45:13+02:00</sln:wojIIPWersja><sln:wojIdTeryt>22</sln:wojIdTeryt><sln:wojNazwa>pomorskie</sln:wojNazwa></sln:miejscowosc><sln:miejscowosc><sln:cyklZyciaOd>2017-04-05T00:00:00+02:00</sln:cyklZyciaOd><sln:gmIIPId>98679ae2-7d02-4849-bf0c-8518152a338e</sln:gmIIPId><sln:gmIIPPn>PL.PZGIK.200</sln:gmIIPPn><sln:gmIIPWersja>2012-09-26T22:45:48+02:00</sln:gmIIPWersja><sln:gmIdTeryt>2209082</sln:gmIdTeryt><sln:gmNazwa>Stare Pole</sln:gmNazwa><sln:miejscIIPId>3c8ee4cc-373e-4616-8e07-acfc08146c90</sln:miejscIIPId><sln:miejscIIPPn>PL.PZGIK.200</sln:miejscIIPPn><sln:miejscIIPWersja>2017-04-05T11:47:47+02:00</sln:miejscIIPWersja><sln:miejscIdTeryt>0156736</sln:miejscIdTeryt><sln:miejscNazwa>Ząbrowo</sln:miejscNazwa><sln:miejscRodzaj>Wieś</sln:miejscRodzaj><sln:powIIPId>2249144d-a152-435b-b1e2-c2c11fbcc0b2</sln:powIIPId><sln:powIIPPn>PL.PZGIK.200</sln:powIIPPn><sln:powIIPWersja>2012-09-27T09:33:51+02:00</sln:powIIPWersja><sln:powIdTeryt>2209</sln:powIdTeryt><sln:powNazwa>malborski</sln:powNazwa><sln:waznyOd>2013-12-04T00:00:00+01:00</sln:waznyOd><sln:wojIIPId>ece93e09-0215-42f3-8067-be0649f58d46</sln:wojIIPId><sln:wojIIPPn>PL.PZGIK.200</sln:wojIIPPn><sln:wojIIPWersja>2012-09-27T13:45:13+02:00</sln:wojIIPWersja><sln:wojIdTeryt>22</sln:wojIdTeryt><sln:wojNazwa>pomorskie</sln:wojNazwa></sln:miejscowosc><sln:miejscowosc><sln:cyklZyciaOd>2017-04-05T00:00:00+02:00</sln:cyklZyciaOd><sln:gmIIPId>98679ae2-7d02-4849-bf0c-8518152a338e</sln:gmIIPId><sln:gmIIPPn>PL.PZGIK.200</sln:gmIIPPn><sln:gmIIPWersja>2012-09-26T22:45:48+02:00</sln:gmIIPWersja><sln:gmIdTeryt>2209082</sln:gmIdTeryt><sln:gmNazwa>Stare Pole</sln:gmNazwa><sln:miejscIIPId>9e3a1465-f8b7-4d16-b98c-131bc4bfe926</sln:miejscIIPId><sln:miejscIIPPn>PL.PZGIK.200</sln:miejscIIPPn><sln:miejscIIPWersja>2017-04-05T11:47:47+02:00</sln:miejscIIPWersja><sln:miejscIdTeryt>0156742</sln:miejscIdTeryt><sln:miejscNazwa>Złotowo</sln:miejscNazwa><sln:miejscRodzaj>Wieś</sln:miejscRodzaj><sln:powIIPId>2249144d-a152-435b-b1e2-c2c11fbcc0b2</sln:powIIPId><sln:powIIPPn>PL.PZGIK.200</sln:powIIPPn><sln:powIIPWersja>2012-09-27T09:33:51+02:00</sln:powIIPWersja><sln:powIdTeryt>2209</sln:powIdTeryt><sln:powNazwa>malborski</sln:powNazwa><sln:waznyOd>2013-12-04T00:00:00+01:00</sln:waznyOd><sln:wojIIPId>ece93e09-0215-42f3-8067-be0649f58d46</sln:wojIIPId><sln:wojIIPPn>PL.PZGIK.200</sln:wojIIPPn><sln:wojIIPWersja>2012-09-27T13:45:13+02:00</sln:wojIIPWersja><sln:wojIdTeryt>22</sln:wojIdTeryt><sln:wojNazwa>pomorskie</sln:wojNazwa></sln:miejscowosc></sln:lista-miejscowosci>