<?xml version="1.0" encoding="UTF-8" standalone="yes"?><sln:lista-miejscowosci xmlns:srv="http://gugik.gov.pl/schemas/slowniki-service/1.0" xmlns:sln="http://gugik.gov.pl/schemas/slowniki-schema/1.0"><sln:miejscowosc><sln:cyklZyciaDo>2017-04-04T00:00:00+02:00</sln:cyklZyciaDo><sln:cyklZyciaOd>2016-01-26T00:00:00+01:00</sln:cyklZyciaOd><sln:gmIIPId>9c003fe5-0673-480d-ad0d-d6891334a7b8</sln:gmIIPId><sln:gmIIPPn>PL.PZGIK.200</sln:gmIIPPn><sln:gmIIPWersja>2012-09-26T22:45:23+02:00</sln:gmIIPWersja><sln:gmIdTeryt>2203043</sln:gmIdTeryt><sln:gmNazwa>Debrzno</sln:gmNazwa><sln:miejscIIPId>6cffc07e-c72a-4ff3-b50d-0c9b91215df1</sln:miejscIIPId><sln:miejscIIPPn>PL.PZGIK.200</sln:miejscIIPPn><sln:miejscIIPWersja>2016-11-24T12:19:35+02:00</sln:miejscIIPWersja><sln:miejscIdTeryt>0743540</sln:miejscIdTeryt><sln:miejscNazwa>Boboszewo</sln:miejscNazwa><sln:miejscRodzaj>Osada</sln:miejscRodzaj><sln:powIIPId>a103670f-14b0-49b4-9984-e499dd7fb32e</sln:powIIPId><sln:powIIPPn>PL.PZGIK.200</sln:powIIPPn><sln:powIIPWersja>2012-09-27T09:33:51+02:00</sln:powIIPWersja><sln:powIdTeryt>2203</sln:powIdTeryt><sln:powNazwa>człuchowski</sln:powNazwa><sln:waznyOd>2014-01-14T00:00:00+01:00</sln:waznyOd><sln:wojIIPId>ece93e09-0215-42f3-8067-be0649f58d46</sln:wojIIPId><sln:wojIIPPn>PL.PZGIK.200</sln:wojIIPPn><sln:wojIIPWersja>2012-09-27T13:45:13+02:00</sln:wojIIPWersja><sln:wojIdTeryt>22</sln:wojIdTeryt><sln:wojNazwa>pomorskie</sln:wojNazwa></sln:miejscowosc><sln:miejscowosc><sln:cyklZyciaDo>2017-04-04T00:00:00+02:00</sln:cyklZyciaDo><sln:cyklZyciaOd>2016-01-26T00:00:00+01:00</sln:cyklZyciaOd><sln:gmIIPId>9c003fe5-0673-480d-ad0d-d6891334a7b8</sln:gmIIPId><sln:gmIIPPn>PL.PZGIK.200</sln:gmIIPPn><sln:gmIIPWersja>2012-09-26T22:45:23+02:00</sln:gmIIPWersja><sln:gmIdTeryt>2203043</sln:gmIdTeryt><sln:gmNazwa>Debrzno</sln:gmNazwa><sln:miejscIIPId>7ff50912-5e05-4d87-87f5-85407197a46d</sln:miejscIIPId><sln:miejscIIPPn>PL.PZGIK.200</sln:miejscIIPPn><sln:miejscIIPWersja>2016-11-24T12:19:35+02:00</sln:miejscIIPWersja><sln:miejscIdTeryt>0743557</sln:miejscIdTeryt><sln:miejscNazwa>Bolesławowo</sln:miejscNazwa><sln:miejscRodzaj>Kolonia</sln:miejscRodzaj><sln:powIIPId>a103670f-14b0-49b4-9984-e499dd7fb32e</sln:powIIPId><sln:powIIPPn>PL.PZGIK.200</sln:powIIPPn><sln:powIIPWersja>2012-09-27T09:33:51+02:00</sln:powIIPWersja><sln:powIdTeryt>2203</sln:powIdTeryt><sln:powNazwa>człuchowski</sln:powNazwa><sln:waznyOd>2014-01-14T00:00:00+01:00</sln:waznyOd><sln:wojIIPId>ece93e09-0215-42f3-8067-be0649f58d46</sln:wojIIPId><sln:wojIIPPn>PL.PZGIK.200</sln:wojIIPPn><sln:wojIIPWersja>2012-09-27T13:45:13+02:00</sln:wojIIPWersja><sln:wojIdTeryt>22</sln:wojIdTeryt><sln:wojNazwa>pomorskie</sln:wojNazwa></sln:miejscowosc><sln:miejscowosc><sln:cyklZyciaDo>2017-04-04T00:00:00+02:00</sln:cyklZyciaDo><sln:cyklZyciaOd>2016-01-26T00:00:00+01:00</sln:cyklZyciaOd><sln:gmIIPId>9c003fe5-0673-480d-ad0d-d6891334a7b8</sln:gmIIPId><sln:gmIIPPn>PL.PZGIK.200</sln:gmIIPPn><sln:gmIIPWersja>2012-09-26T22:45:23+02:00</sln:gmIIPWersja><sln:gmIdTeryt>2203043</sln:gmIdTeryt><sln:gmNazwa>Debrzno</sln:gmNazwa><sln:miejscIIPId>32c225d0-5226-4936-88f1-5e409de0abdf</sln:miejscIIPId><sln:miejscIIPPn>PL.PZGIK.200</sln:miejscIIPPn><sln:miejscIIPWersja>2016-11-24T12:19:35+02:00</sln:miejscIIPWersja><sln:miejscIdTeryt>0743592</sln:miejscIdTeryt><sln:miejscNazwa>Buchowo</sln:miejscNazwa><sln:miejscRodzaj>Osada</sln:miejscRodzaj><sln:powIIPId>a103670f-14b0-49b4-9984-e499dd7fb32e</sln:powIIPId><sln:powIIPPn>PL.PZGIK.200</sln:powIIPPn><sln:powIIPWersja>2012-09-27T09:33:51+02:00</sln:powIIPWersja><sln:powIdTeryt>2203</sln:powIdTeryt><sln:powNazwa>człuchowski</sln:powNazwa><sln:waznyOd>2014-01-14T00:00:00+01:00</sln:waznyOd><sln:wojIIPId>ece93e09-0215-42f3-8067-be0649f58d46</sln:wojIIPId><sln:wojIIPPn>PL.PZGIK.200</sln:wojIIPPn><sln:wojIIPWersja>2012-09-27T13:45:13+02:00</sln:wojIIPWersja><sln:wojIdTeryt>22</sln:wojIdTeryt><sln:wojNazwa>pomorskie</sln:wojNazwa></sln:miejscowosc><sln:miejscowosc><sln:cyklZyciaDo>2017-04-04T00:00:00+02:00</sln:cyklZyciaDo><sln:cyklZyciaOd>2016-01-26T00:00:00+01:00</sln:cyklZyciaOd><sln:gmIIPId>9c003fe5-0673-480d-ad0d-d6891334a7b8</sln:gmIIPId><sln:gmIIPPn>PL.PZGIK.200</sln:gmIIPPn><sln:gmIIPWersja>2012-09-26T22:45:23+02:00</sln:gmIIPWersja><sln:gmIdTeryt>2203043</sln:gmIdTeryt><sln:gmNazwa>Debrzno</sln:gmNazwa><sln:miejscIIPId>2127d33f-8ec8-4657-bd75-0121b047daf1</sln:miejscIIPId><sln:miejscIIPPn>PL.PZGIK.200</sln:miejscIIPPn><sln:miejscIIPWersja>2016-11-24T12:19:35+02:00</sln:miejscIIPWersja><sln:miejscIdTeryt>0743600</sln:miejscIdTeryt><sln:miejscNazwa>Buka</sln:miejscNazwa><sln:miejscRodzaj>Wieś</sln:miejscRodzaj><sln:powIIPId>a103670f-14b0-49b4-9984-e499dd7fb32e</sln:powIIPId><sln:powIIPPn>PL.PZGIK.200</sln:powIIPPn><sln:powIIPWersja>2012-09-27T09:33:51+02:00</sln:powIIPWersja><sln:powIdTeryt>2203</sln:powIdTeryt><sln:powNazwa>człuchowski</sln:powNazwa><sln:waznyOd>2014-01-14T00:00:00+01:00</sln:waznyOd><sln:wojIIPId>ece93e09-0215-42f3-8067-be0649f58d46</sln:wojIIPId><sln:wojIIPPn>PL.PZGIK.200</sln:wojIIPPn><sln:wojIIPWersja>2012-09-27T13:45:13+02:00</sln:wojIIPWersja><sln:wojIdTeryt>22</sln:wojIdTeryt><sln:wojNazwa>pomorskie</sln:wojNazwa></sln:miejscowosc><sln:miejscowosc><sln:cyklZyciaDo>2017-04-04T00:00:00+02:00</sln:cyklZyciaDo><sln:cyklZyciaOd>2016-01-26T00:00:00+01:00</sln:cyklZyciaOd><sln:gmIIPId>9c003fe5-0673-480d-ad0d-d6891334a7b8</sln:gmIIPId><sln:gmIIPPn>PL.PZGIK.200</sln:gmIIPPn><sln:gmIIPWersja>2012-09-26T22:45:23+02:00</sln:gmIIPWersja><sln:gmIdTeryt>2203043</sln:gmIdTeryt><sln:gmNazwa>Debrzno</sln:gmNazwa><sln:miejscIIPId>be088195-ea72-4aae-b430-0e8c33137d36</sln:miejscIIPId><sln:miejscIIPPn>PL.PZGIK.200</sln:miejscIIPPn><sln:miejscIIPWersja>2016-11-24T12:19:35+02:00</sln:miejscIIPWersja><sln:miejscIdTeryt>0743623</sln:miejscIdTeryt><sln:miejscNazwa>Buszkowo</sln:miejscNazwa><sln:miejscRodzaj>Osada</sln:miejscRodzaj><sln:powIIPId>a103670f-14b0-49b4-9984-e499dd7fb32e</sln:powIIPId><sln:powIIPPn>PL.PZGIK.200</sln:powIIPPn><sln:powIIPWersja>2012-09-27T09:33:51+02:00</sln:powIIPWersja><sln:powIdTeryt>2203</sln:powIdTeryt><sln:powNazwa>człuchowski</sln:powNazwa><sln:waznyOd>2014-01-14T00:00:00+01:00</sln:waznyOd><sln:wojIIPId>ece93e09-0215-42f3-8067-be0649f58d46</sln:wojIIPId><sln:wojIIPPn>PL.PZGIK.200</sln:wojIIPPn><sln:wojIIPWersja>2012-09-27T13:45:13+02:00</sln:wojIIPWersja><sln:wojIdTeryt>22</sln:wojIdTeryt><sln:wojNazwa>pomorskie</sln:wojNazwa></sln:miejscowosc><sln:miejscowosc><sln:cyklZyciaDo>2017-04-04T00:00:00+02:00</sln:cyklZyciaDo><sln:cyklZyciaOd>2016-01-26T00:00:00+01:00</sln:cyklZyciaOd><sln:gmIIPId>9c003fe5-0673-480d-ad0d-d6891334a7b8</sln:gmIIPId><sln:gmIIPPn>PL.PZGIK.200</sln:gmIIPPn><sln:gmIIPWersja>2012-09-26T22:45:23+02:00</sln:gmIIPWersja><sln:gmIdTeryt>2203043</sln:gmIdTeryt><sln:gmNazwa>Debrzno</sln:gmNazwa><sln:miejscIIPId>45cac6e6-0275-4a33-91af-ea5fe88a50a3</sln:miejscIIPId><sln:miejscIIPPn>PL.PZGIK.200</sln:miejscIIPPn><sln:miejscIIPWersja>2016-11-24T12:19:35+02:00</sln:miejscIIPWersja><sln:miejscIdTeryt>0743617</sln:miejscIdTeryt><sln:miejscNazwa>Cierznie</sln:miejscNazwa><sln:miejscRodzaj>Wieś</sln:miejscRodzaj><sln:powIIPId>a103670f-14b0-49b4-9984-e499dd7fb32e</sln:powIIPId><sln:powIIPPn>PL.PZGIK.200</sln:powIIPPn><sln:powIIPWersja>2012-09-27T09:33:51+02:00</sln:powIIPWersja><sln:powIdTeryt>2203</sln:powIdTeryt><sln:powNazwa>człuchowski</sln:powNazwa><sln:waznyOd>2014-01-14T00:00:00+01:00</sln:waznyOd><sln:wojIIPId>ece93e09-0215-42f3-8067-be0649f58d46</sln:wojIIPId><sln:wojIIPPn>PL.PZGIK.200</sln:wojIIPPn><sln:wojIIPWersja>2012-09-27T13:45:13+02:00</sln:wojIIPWersja><sln:wojIdTeryt>22</sln:wojIdTeryt><sln:wojNazwa>pomorskie</sln:wojNazwa></sln:miejscowosc><sln:miejscowosc><sln:cyklZyciaDo>2017-04-04T00:00:00+02:00</sln:cyklZyciaDo><sln:cyklZyciaOd>2016-01-26T00:00:00+01:00</sln:cyklZyciaOd><sln:gmIIPId>9c003fe5-0673-480d-ad0d-d6891334a7b8</sln:gmIIPId><sln:gmIIPPn>PL.PZGIK.200</sln:gmIIPPn><sln:gmIIPWersja>2012-09-26T22:45:23+02:00</sln:gmIIPWersja><sln:gmIdTeryt>2203043</sln:gmIdTeryt><sln:gmNazwa>Debrzno</sln:gmNazwa><sln:miejscIIPId>4a4d6568-3026-4ffb-8c2e-5372f49471a9</sln:miejscIIPId><sln:miejscIIPPn>PL.PZGIK.200</sln:miejscIIPPn><sln:miejscIIPWersja>2016-11-24T13:18:21+02:00</sln:miejscIIPWersja><sln:miejscIdTeryt>0977338</sln:miejscIdTeryt><sln:miejscNazwa>Debrzno</sln:miejscNazwa><sln:miejscRodzaj>Miasto</sln:miejscRodzaj><sln:powIIPId>a103670f-14b0-49b4-9984-e499dd7fb32e</sln:powIIPId><sln:powIIPPn>PL.PZGIK.200</sln:powIIPPn><sln:powIIPWersja>2012-09-27T09:33:51+02:00</sln:powIIPWersja><sln:powIdTeryt>2203</sln:powIdTeryt><sln:powNazwa>człuchowski</sln:powNazwa><sln:waznyOd>2014-01-14T00:00:00+01:00</sln:waznyOd><sln:wojIIPId>ece93e09-0215-42f3-8067-be0649f58d46</sln:wojIIPId><sln:wojIIPPn>PL.PZGIK.200</sln:wojIIPPn><sln:wojIIPWersja>2012-09-27T13:45:13+02:00</sln:wojIIPWersja><sln:wojIdTeryt>22</sln:wojIdTeryt><sln:wojNazwa>pomorskie</sln:wojNazwa></sln:miejscowosc><sln:miejscowosc><sln:cyklZyciaDo>2017-04-04T00:00:00+02:00</sln:cyklZyciaDo><sln:cyklZyciaOd>2016-01-26T00:00:00+01:00</sln:cyklZyciaOd><sln:gmIIPId>9c003fe5-0673-480d-ad0d-d6891334a7b8</sln:gmIIPId><sln:gmIIPPn>PL.PZGIK.200</sln:gmIIPPn><sln:gmIIPWersja>2012-09-26T22:45:23+02:00</sln:gmIIPWersja><sln:gmIdTeryt>2203043</sln:gmIdTeryt><sln:gmNazwa>Debrzno</sln:gmNazwa><sln:miejscIIPId>6dc0382b-905b-4b07-afcd-f3d03285ba7a</sln:miejscIIPId><sln:miejscIIPPn>PL.PZGIK.200</sln:miejscIIPPn><sln:miejscIIPWersja>2016-11-24T12:19:35+02:00</sln:miejscIIPWersja><sln:miejscIdTeryt>0743646</sln:miejscIdTeryt><sln:miejscNazwa>Drozdowo</sln:miejscNazwa><sln:miejscRodzaj>Wieś</sln:miejscRodzaj><sln:powIIPId>a103670f-14b0-49b4-9984-e499dd7fb32e</sln:powIIPId><sln:powIIPPn>PL.PZGIK.200</sln:powIIPPn><sln:powIIPWersja>2012-09-27T09:33:51+02:00</sln:powIIPWersja><sln:powIdTeryt>2203</sln:powIdTeryt><sln:powNazwa>człuchowski</sln:powNazwa><sln:waznyOd>2014-01-14T00:00:00+01:00</sln:waznyOd><sln:wojIIPId>ece93e09-0215-42f3-8067-be0649f58d46</sln:wojIIPId><sln:wojIIPPn>PL.PZGIK.200</sln:wojIIPPn><sln:wojIIPWersja>2012-09-27T13:45:13+02:00</sln:wojIIPWersja><sln:wojIdTeryt>22</sln:wojIdTeryt><sln:wojNazwa>pomorskie</sln:wojNazwa></sln:miejscowosc><sln:miejscowosc><sln:cyklZyciaDo>2017-04-04T00:00:00+02:00</sln:cyklZyciaDo><sln:cyklZyciaOd>2016-01-26T00:00:00+01:00</sln:cyklZyciaOd><sln:gmIIPId>9c003fe5-0673-480d-ad0d-d6891334a7b8</sln:gmIIPId><sln:gmIIPPn>PL.PZGIK.200</sln:gmIIPPn><sln:gmIIPWersja>2012-09-26T22:45:23+02:00</sln:gmIIPWersja><sln:gmIdTeryt>2203043</sln:gmIdTeryt><sln:gmNazwa>Debrzno</sln:gmNazwa><sln:miejscIIPId>058a118b-e508-4da7-be7e-4d1a0070f47a</sln:miejscIIPId><sln:miejscIIPPn>PL.PZGIK.200</sln:miejscIIPPn><sln:miejscIIPWersja>2016-11-24T12:19:35+02:00</sln:miejscIIPWersja><sln:miejscIdTeryt>0743787</sln:miejscIdTeryt><sln:miejscNazwa>Główna</sln:miejscNazwa><sln:miejscRodzaj>Osada</sln:miejscRodzaj><sln:powIIPId>a103670f-14b0-49b4-9984-e499dd7fb32e</sln:powIIPId><sln:powIIPPn>PL.PZGIK.200</sln:powIIPPn><sln:powIIPWersja>2012-09-27T09:33:51+02:00</sln:powIIPWersja><sln:powIdTeryt>2203</sln:powIdTeryt><sln:powNazwa>człuchowski</sln:powNazwa><sln:waznyOd>2014-01-14T00:00:00+01:00</sln:waznyOd><sln:wojIIPId>ece93e09-0215-42f3-8067-be0649f58d46</sln:wojIIPId><sln:wojIIPPn>PL.PZGIK.200</sln:wojIIPPn><sln:wojIIPWersja>2012-09-27T13:45:13+02:00</sln:wojIIPWersja><sln:wojIdTeryt>22</sln:wojIdTeryt><sln:wojNazwa>pomorskie</sln:wojNazwa></sln:miejscowosc><sln:miejscowosc><sln:cyklZyciaDo>2017-04-04T00:00:00+02:00</sln:cyklZyciaDo><sln:cyklZyciaOd>2016-01-26T00:00:00+01:00</sln:cyklZyciaOd><sln:gmIIPId>9c003fe5-0673-480d-ad0d-d6891334a7b8</sln:gmIIPId><sln:gmIIPPn>PL.PZGIK.200</sln:gmIIPPn><sln:gmIIPWersja>2012-09-26T22:45:23+02:00</sln:gmIIPWersja><sln:gmIdTeryt>2203043</sln:gmIdTeryt><sln:gmNazwa>Debrzno</sln:gmNazwa><sln:miejscIIPId>4707b62a-76d1-496b-90eb-5540ff578882</sln:miejscIIPId><sln:miejscIIPPn>PL.PZGIK.200</sln:miejscIIPPn><sln:miejscIIPWersja>2016-11-24T12:19:35+02:00</sln:miejscIIPWersja><sln:miejscIdTeryt>0743652</sln:miejscIdTeryt><sln:miejscNazwa>Gniewno</sln:miejscNazwa><sln:miejscRodzaj>Osada</sln:miejscRodzaj><sln:powIIPId>a103670f-14b0-49b4-9984-e499dd7fb32e</sln:powIIPId><sln:powIIPPn>PL.PZGIK.200</sln:powIIPPn><sln:powIIPWersja>2012-09-27T09:33:51+02:00</sln:powIIPWersja><sln:powIdTeryt>2203</sln:powIdTeryt><sln:powNazwa>człuchowski</sln:powNazwa><sln:waznyOd>2014-01-14T00:00:00+01:00</sln:waznyOd><sln:wojIIPId>ece93e09-0215-42f3-8067-be0649f58d46</sln:wojIIPId><sln:wojIIPPn>PL.PZGIK.200</sln:wojIIPPn><sln:wojIIPWersja>2012-09-27T13:45:13+02:00</sln:wojIIPWersja><sln:wojIdTeryt>22</sln:wojIdTeryt><sln:wojNazwa>pomorskie</sln:wojNazwa></sln:miejscowosc><sln:miejscowosc><sln:cyklZyciaDo>2017-04-04T00:00:00+02:00</sln:cyklZyciaDo><sln:cyklZyciaOd>2016-01-26T00:00:00+01:00</sln:cyklZyciaOd><sln:gmIIPId>9c003fe5-0673-480d-ad0d-d6891334a7b8</sln:gmIIPId><sln:gmIIPPn>PL.PZGIK.200</sln:gmIIPPn><sln:gmIIPWersja>2012-09-26T22:45:23+02:00</sln:gmIIPWersja><sln:gmIdTeryt>2203043</sln:gmIdTeryt><sln:gmNazwa>Debrzno</sln:gmNazwa><sln:miejscIIPId>3fe5b891-628e-4ac1-b2ca-fc198f8bc516</sln:miejscIIPId><sln:miejscIIPPn>PL.PZGIK.200</sln:miejscIIPPn><sln:miejscIIPWersja>2016-11-24T12:19:35+02:00</sln:miejscIIPWersja><sln:miejscIdTeryt>0743735</sln:miejscIdTeryt><sln:miejscNazwa>Grzymisław</sln:miejscNazwa><sln:miejscRodzaj>Kolonia</sln:miejscRodzaj><sln:powIIPId>a103670f-14b0-49b4-9984-e499dd7fb32e</sln:powIIPId><sln:powIIPPn>PL.PZGIK.200</sln:powIIPPn><sln:powIIPWersja>2012-09-27T09:33:51+02:00</sln:powIIPWersja><sln:powIdTeryt>2203</sln:powIdTeryt><sln:powNazwa>człuchowski</sln:powNazwa><sln:waznyOd>2014-01-14T00:00:00+01:00</sln:waznyOd><sln:wojIIPId>ece93e09-0215-42f3-8067-be0649f58d46</sln:wojIIPId><sln:wojIIPPn>PL.PZGIK.200</sln:wojIIPPn><sln:wojIIPWersja>2012-09-27T13:45:13+02:00</sln:wojIIPWersja><sln:wojIdTeryt>22</sln:wojIdTeryt><sln:wojNazwa>pomorskie</sln:wojNazwa></sln:miejscowosc><sln:miejscowosc><sln:cyklZyciaDo>2017-04-04T00:00:00+02:00</sln:cyklZyciaDo><sln:cyklZyciaOd>2016-01-26T00:00:00+01:00</sln:cyklZyciaOd><sln:gmIIPId>9c003fe5-0673-480d-ad0d-d6891334a7b8</sln:gmIIPId><sln:gmIIPPn>PL.PZGIK.200</sln:gmIIPPn><sln:gmIIPWersja>2012-09-26T22:45:23+02:00</sln:gmIIPWersja><sln:gmIdTeryt>2203043</sln:gmIdTeryt><sln:gmNazwa>Debrzno</sln:gmNazwa><sln:miejscIIPId>50052556-666e-430f-89a7-b0916f96b1a6</sln:miejscIIPId><sln:miejscIIPPn>PL.PZGIK.200</sln:miejscIIPPn><sln:miejscIIPWersja>2016-11-24T12:19:35+02:00</sln:miejscIIPWersja><sln:miejscIdTeryt>0743741</sln:miejscIdTeryt><sln:miejscNazwa>Jeleniec</sln:miejscNazwa><sln:miejscRodzaj>Osada</sln:miejscRodzaj><sln:powIIPId>a103670f-14b0-49b4-9984-e499dd7fb32e</sln:powIIPId><sln:powIIPPn>PL.PZGIK.200</sln:powIIPPn><sln:powIIPWersja>2012-09-27T09:33:51+02:00</sln:powIIPWersja><sln:powIdTeryt>2203</sln:powIdTeryt><sln:powNazwa>człuchowski</sln:powNazwa><sln:waznyOd>2014-01-14T00:00:00+01:00</sln:waznyOd><sln:wojIIPId>ece93e09-0215-42f3-8067-be0649f58d46</sln:wojIIPId><sln:wojIIPPn>PL.PZGIK.200</sln:wojIIPPn><sln:wojIIPWersja>2012-09-27T13:45:13+02:00</sln:wojIIPWersja><sln:wojIdTeryt>22</sln:wojIdTeryt><sln:wojNazwa>pomorskie</sln:wojNazwa></sln:miejscowosc><sln:miejscowosc><sln:cyklZyciaDo>2017-04-04T00:00:00+02:00</sln:cyklZyciaDo><sln:cyklZyciaOd>2016-01-26T00:00:00+01:00</sln:cyklZyciaOd><sln:gmIIPId>9c003fe5-0673-480d-ad0d-d6891334a7b8</sln:gmIIPId><sln:gmIIPPn>PL.PZGIK.200</sln:gmIIPPn><sln:gmIIPWersja>2012-09-26T22:45:23+02:00</sln:gmIIPWersja><sln:gmIdTeryt>2203043</sln:gmIdTeryt><sln:gmNazwa>Debrzno</sln:gmNazwa><sln:miejscIIPId>2cc4b6b0-2bde-4ea3-8ed7-c28969fa3801</sln:miejscIIPId><sln:miejscIIPPn>PL.PZGIK.200</sln:miejscIIPPn><sln:miejscIIPWersja>2016-11-24T12:19:35+02:00</sln:miejscIIPWersja><sln:miejscIdTeryt>0743876</sln:miejscIdTeryt><sln:miejscNazwa>Kamień</sln:miejscNazwa><sln:miejscRodzaj>Przysiółek</sln:miejscRodzaj><sln:powIIPId>a103670f-14b0-49b4-9984-e499dd7fb32e</sln:powIIPId><sln:powIIPPn>PL.PZGIK.200</sln:powIIPPn><sln:powIIPWersja>2012-09-27T09:33:51+02:00</sln:powIIPWersja><sln:powIdTeryt>2203</sln:powIdTeryt><sln:powNazwa>człuchowski</sln:powNazwa><sln:waznyOd>2014-01-14T00:00:00+01:00</sln:waznyOd><sln:wojIIPId>ece93e09-0215-42f3-8067-be0649f58d46</sln:wojIIPId><sln:wojIIPPn>PL.PZGIK.200</sln:wojIIPPn><sln:wojIIPWersja>2012-09-27T13:45:13+02:00</sln:wojIIPWersja><sln:wojIdTeryt>22</sln:wojIdTeryt><sln:wojNazwa>pomorskie</sln:wojNazwa></sln:miejscowosc><sln:miejscowosc><sln:cyklZyciaDo>2017-04-04T00:00:00+02:00</sln:cyklZyciaDo><sln:cyklZyciaOd>2016-01-26T00:00:00+01:00</sln:cyklZyciaOd><sln:gmIIPId>9c003fe5-0673-480d-ad0d-d6891334a7b8</sln:gmIIPId><sln:gmIIPPn>PL.PZGIK.200</sln:gmIIPPn><sln:gmIIPWersja>2012-09-26T22:45:23+02:00</sln:gmIIPWersja><sln:gmIdTeryt>2203043</sln:gmIdTeryt><sln:gmNazwa>Debrzno</sln:gmNazwa><sln:miejscIIPId>5a4a310c-8700-46a9-ad9a-4c71075472af</sln:miejscIIPId><sln:miejscIIPPn>PL.PZGIK.200</sln:miejscIIPPn><sln:miejscIIPWersja>2016-11-24T12:19:35+02:00</sln:miejscIIPWersja><sln:miejscIdTeryt>0743675</sln:miejscIdTeryt><sln:miejscNazwa>Myśligoszcz</sln:miejscNazwa><sln:miejscRodzaj>Wieś</sln:miejscRodzaj><sln:powIIPId>a103670f-14b0-49b4-9984-e499dd7fb32e</sln:powIIPId><sln:powIIPPn>PL.PZGIK.200</sln:powIIPPn><sln:powIIPWersja>2012-09-27T09:33:51+02:00</sln:powIIPWersja><sln:powIdTeryt>2203</sln:powIdTeryt><sln:powNazwa>człuchowski</sln:powNazwa><sln:waznyOd>2014-01-14T00:00:00+01:00</sln:waznyOd><sln:wojIIPId>ece93e09-0215-42f3-8067-be0649f58d46</sln:wojIIPId><sln:wojIIPPn>PL.PZGIK.200</sln:wojIIPPn><sln:wojIIPWersja>2012-09-27T13:45:13+02:00</sln:wojIIPWersja><sln:wojIdTeryt>22</sln:wojIdTeryt><sln:wojNazwa>pomorskie</sln:wojNazwa></sln:miejscowosc><sln:miejscowosc><sln:cyklZyciaDo>2017-04-04T00:00:00+02:00</sln:cyklZyciaDo><sln:cyklZyciaOd>2016-01-26T00:00:00+01:00</sln:cyklZyciaOd><sln:gmIIPId>9c003fe5-0673-480d-ad0d-d6891334a7b8</sln:gmIIPId><sln:gmIIPPn>PL.PZGIK.200</sln:gmIIPPn><sln:gmIIPWersja>2012-09-26T22:45:23+02:00</sln:gmIIPWersja><sln:gmIdTeryt>2203043</sln:gmIdTeryt><sln:gmNazwa>Debrzno</sln:gmNazwa><sln:miejscIIPId>3d5a49cb-3284-4019-b4a0-8f78314a175e</sln:miejscIIPId><sln:miejscIIPPn>PL.PZGIK.200</sln:miejscIIPPn><sln:miejscIIPWersja>2016-11-24T12:19:35+02:00</sln:miejscIIPWersja><sln:miejscIdTeryt>0743630</sln:miejscIdTeryt><sln:miejscNazwa>Nierybie</sln:miejscNazwa><sln:miejscRodzaj>Osada</sln:miejscRodzaj><sln:powIIPId>a103670f-14b0-49b4-9984-e499dd7fb32e</sln:powIIPId><sln:powIIPPn>PL.PZGIK.200</sln:powIIPPn><sln:powIIPWersja>2012-09-27T09:33:51+02:00</sln:powIIPWersja><sln:powIdTeryt>2203</sln:powIdTeryt><sln:powNazwa>człuchowski</sln:powNazwa><sln:waznyOd>2014-01-30T00:00:00+01:00</sln:waznyOd><sln:wojIIPId>ece93e09-0215-42f3-8067-be0649f58d46</sln:wojIIPId><sln:wojIIPPn>PL.PZGIK.200</sln:wojIIPPn><sln:wojIIPWersja>2012-09-27T13:45:13+02:00</sln:wojIIPWersja><sln:wojIdTeryt>22</sln:wojIdTeryt><sln:wojNazwa>pomorskie</sln:wojNazwa></sln:miejscowosc><sln:miejscowosc><sln:cyklZyciaDo>2017-04-04T00:00:00+02:00</sln:cyklZyciaDo><sln:cyklZyciaOd>2016-01-26T00:00:00+01:00</sln:cyklZyciaOd><sln:gmIIPId>9c003fe5-0673-480d-ad0d-d6891334a7b8</sln:gmIIPId><sln:gmIIPPn>PL.PZGIK.200</sln:gmIIPPn><sln:gmIIPWersja>2012-09-26T22:45:23+02:00</sln:gmIIPWersja><sln:gmIdTeryt>2203043</sln:gmIdTeryt><sln:gmNazwa>Debrzno</sln:gmNazwa><sln:miejscIIPId>77e8b7f3-38e4-4808-842b-723cdfb7f9ed</sln:miejscIIPId><sln:miejscIIPPn>PL.PZGIK.200</sln:miejscIIPPn><sln:miejscIIPWersja>2016-11-24T12:19:35+02:00</sln:miejscIIPWersja><sln:miejscIdTeryt>0743698</sln:miejscIdTeryt><sln:miejscNazwa>Nowe Gronowo</sln:miejscNazwa><sln:miejscRodzaj>Wieś</sln:miejscRodzaj><sln:powIIPId>a103670f-14b0-49b4-9984-e499dd7fb32e</sln:powIIPId><sln:powIIPPn>PL.PZGIK.200</sln:powIIPPn><sln:powIIPWersja>2012-09-27T09:33:51+02:00</sln:powIIPWersja><sln:powIdTeryt>2203</sln:powIdTeryt><sln:powNazwa>człuchowski</sln:powNazwa><sln:waznyOd>2014-01-14T00:00:00+01:00</sln:waznyOd><sln:wojIIPId>ece93e09-0215-42f3-8067-be0649f58d46</sln:wojIIPId><sln:wojIIPPn>PL.PZGIK.200</sln:wojIIPPn><sln:wojIIPWersja>2012-09-27T13:45:13+02:00</sln:wojIIPWersja><sln:wojIdTeryt>22</sln:wojIdTeryt><sln:wojNazwa>pomorskie</sln:wojNazwa></sln:miejscowosc><sln:miejscowosc><sln:cyklZyciaDo>2017-04-04T00:00:00+02:00</sln:cyklZyciaDo><sln:cyklZyciaOd>2016-01-26T00:00:00+01:00</sln:cyklZyciaOd><sln:gmIIPId>9c003fe5-0673-480d-ad0d-d6891334a7b8</sln:gmIIPId><sln:gmIIPPn>PL.PZGIK.200</sln:gmIIPPn><sln:gmIIPWersja>2012-09-26T22:45:23+02:00</sln:gmIIPWersja><sln:gmIdTeryt>2203043</sln:gmIdTeryt><sln:gmNazwa>Debrzno</sln:gmNazwa><sln:miejscIIPId>1a3ab838-281a-42a4-b9d8-e9a7a0c7d786</sln:miejscIIPId><sln:miejscIIPPn>PL.PZGIK.200</sln:miejscIIPPn><sln:miejscIIPWersja>2016-11-24T12:19:35+02:00</sln:miejscIIPWersja><sln:miejscIdTeryt>0743712</sln:miejscIdTeryt><sln:miejscNazwa>Ostrza</sln:miejscNazwa><sln:miejscRodzaj>Osada</sln:miejscRodzaj><sln:powIIPId>a103670f-14b0-49b4-9984-e499dd7fb32e</sln:powIIPId><sln:powIIPPn>PL.PZGIK.200</sln:powIIPPn><sln:powIIPWersja>2012-09-27T09:33:51+02:00</sln:powIIPWersja><sln:powIdTeryt>2203</sln:powIdTeryt><sln:powNazwa>człuchowski</sln:powNazwa><sln:waznyOd>2014-01-14T00:00:00+01:00</sln:waznyOd><sln:wojIIPId>ece93e09-0215-42f3-8067-be0649f58d46</sln:wojIIPId><sln:wojIIPPn>PL.PZGIK.200</sln:wojIIPPn><sln:wojIIPWersja>2012-09-27T13:45:13+02:00</sln:wojIIPWersja><sln:wojIdTeryt>22</sln:wojIdTeryt><sln:wojNazwa>pomorskie</sln:wojNazwa></sln:miejscowosc><sln:miejscowosc><sln:cyklZyciaDo>2017-04-04T00:00:00+02:00</sln:cyklZyciaDo><sln:cyklZyciaOd>2016-01-26T00:00:00+01:00</sln:cyklZyciaOd><sln:gmIIPId>9c003fe5-0673-480d-ad0d-d6891334a7b8</sln:gmIIPId><sln:gmIIPPn>PL.PZGIK.200</sln:gmIIPPn><sln:gmIIPWersja>2012-09-26T22:45:23+02:00</sln:gmIIPWersja><sln:gmIdTeryt>2203043</sln:gmIdTeryt><sln:gmNazwa>Debrzno</sln:gmNazwa><sln:miejscIIPId>e4bde5b7-9950-4e9b-acb2-0137974d1e3f</sln:miejscIIPId><sln:miejscIIPPn>PL.PZGIK.200</sln:miejscIIPPn><sln:miejscIIPWersja>2016-11-24T12:19:35+02:00</sln:miejscIIPWersja><sln:miejscIdTeryt>0743793</sln:miejscIdTeryt><sln:miejscNazwa>Pędziszewo</sln:miejscNazwa><sln:miejscRodzaj>Przysiółek</sln:miejscRodzaj><sln:powIIPId>a103670f-14b0-49b4-9984-e499dd7fb32e</sln:powIIPId><sln:powIIPPn>PL.PZGIK.200</sln:powIIPPn><sln:powIIPWersja>2012-09-27T09:33:51+02:00</sln:powIIPWersja><sln:powIdTeryt>2203</sln:powIdTeryt><sln:powNazwa>człuchowski</sln:powNazwa><sln:waznyOd>2014-01-14T00:00:00+01:00</sln:waznyOd><sln:wojIIPId>ece93e09-0215-42f3-8067-be0649f58d46</sln:wojIIPId><sln:wojIIPPn>PL.PZGIK.200</sln:wojIIPPn><sln:wojIIPWersja>2012-09-27T13:45:13+02:00</sln:wojIIPWersja><sln:wojIdTeryt>22</sln:wojIdTeryt><sln:wojNazwa>pomorskie</sln:wojNazwa></sln:miejscowosc><sln:miejscowosc><sln:cyklZyciaDo>2017-04-04T00:00:00+02:00</sln:cyklZyciaDo><sln:cyklZyciaOd>2016-01-26T00:00:00+01:00</sln:cyklZyciaOd><sln:gmIIPId>9c003fe5-0673-480d-ad0d-d6891334a7b8</sln:gmIIPId><sln:gmIIPPn>PL.PZGIK.200</sln:gmIIPPn><sln:gmIIPWersja>2012-09-26T22:45:23+02:00</sln:gmIIPWersja><sln:gmIdTeryt>2203043</sln:gmIdTeryt><sln:gmNazwa>Debrzno</sln:gmNazwa><sln:miejscIIPId>84294841-a23b-4d8b-8a19-bb630f8159ea</sln:miejscIIPId><sln:miejscIIPPn>PL.PZGIK.200</sln:miejscIIPPn><sln:miejscIIPWersja>2016-11-24T12:19:35+02:00</sln:miejscIIPWersja><sln:miejscIdTeryt>0743824</sln:miejscIdTeryt><sln:miejscNazwa>Pokrzywy</sln:miejscNazwa><sln:miejscRodzaj>Osada</sln:miejscRodzaj><sln:powIIPId>a103670f-14b0-49b4-9984-e499dd7fb32e</sln:powIIPId><sln:powIIPPn>PL.PZGIK.200</sln:powIIPPn><sln:powIIPWersja>2012-09-27T09:33:51+02:00</sln:powIIPWersja><sln:powIdTeryt>2203</sln:powIdTeryt><sln:powNazwa>człuchowski</sln:powNazwa><sln:waznyOd>2014-01-14T00:00:00+01:00</sln:waznyOd><sln:wojIIPId>ece93e09-0215-42f3-8067-be0649f58d46</sln:wojIIPId><sln:wojIIPPn>PL.PZGIK.200</sln:wojIIPPn><sln:wojIIPWersja>2012-09-27T13:45:13+02:00</sln:wojIIPWersja><sln:wojIdTeryt>22</sln:wojIdTeryt><sln:wojNazwa>pomorskie</sln:wojNazwa></sln:miejscowosc><sln:miejscowosc><sln:cyklZyciaDo>2017-04-04T00:00:00+02:00</sln:cyklZyciaDo><sln:cyklZyciaOd>2016-01-26T00:00:00+01:00</sln:cyklZyciaOd><sln:gmIIPId>9c003fe5-0673-480d-ad0d-d6891334a7b8</sln:gmIIPId><sln:gmIIPPn>PL.PZGIK.200</sln:gmIIPPn><sln:gmIIPWersja>2012-09-26T22:45:23+02:00</sln:gmIIPWersja><sln:gmIdTeryt>2203043</sln:gmIdTeryt><sln:gmNazwa>Debrzno</sln:gmNazwa><sln:miejscIIPId>382e667c-8bcf-4660-bef3-95ca2961fb46</sln:miejscIIPId><sln:miejscIIPPn>PL.PZGIK.200</sln:miejscIIPPn><sln:miejscIIPWersja>2016-11-24T12:19:35+02:00</sln:miejscIIPWersja><sln:miejscIdTeryt>0743706</sln:miejscIdTeryt><sln:miejscNazwa>Prusinowo</sln:miejscNazwa><sln:miejscRodzaj>Wieś</sln:miejscRodzaj><sln:powIIPId>a103670f-14b0-49b4-9984-e499dd7fb32e</sln:powIIPId><sln:powIIPPn>PL.PZGIK.200</sln:powIIPPn><sln:powIIPWersja>2012-09-27T09:33:51+02:00</sln:powIIPWersja><sln:powIdTeryt>2203</sln:powIdTeryt><sln:powNazwa>człuchowski</sln:powNazwa><sln:waznyOd>2014-01-14T00:00:00+01:00</sln:waznyOd><sln:wojIIPId>ece93e09-0215-42f3-8067-be0649f58d46</sln:wojIIPId><sln:wojIIPPn>PL.PZGIK.200</sln:wojIIPPn><sln:wojIIPWersja>2012-09-27T13:45:13+02:00</sln:wojIIPWersja><sln:wojIdTeryt>22</sln:wojIdTeryt><sln:wojNazwa>pomorskie</sln:wojNazwa></sln:miejscowosc><sln:miejscowosc><sln:cyklZyciaDo>2017-04-04T00:00:00+02:00</sln:cyklZyciaDo><sln:cyklZyciaOd>2016-01-26T00:00:00+01:00</sln:cyklZyciaOd><sln:gmIIPId>9c003fe5-0673-480d-ad0d-d6891334a7b8</sln:gmIIPId><sln:gmIIPPn>PL.PZGIK.200</sln:gmIIPPn><sln:gmIIPWersja>2012-09-26T22:45:23+02:00</sln:gmIIPWersja><sln:gmIdTeryt>2203043</sln:gmIdTeryt><sln:gmNazwa>Debrzno</sln:gmNazwa><sln:miejscIIPId>36555ffb-6906-4df0-8f09-9bf2d13ee0d2</sln:miejscIIPId><sln:miejscIIPPn>PL.PZGIK.200</sln:miejscIIPPn><sln:miejscIIPWersja>2016-11-24T12:19:35+02:00</sln:miejscIIPWersja><sln:miejscIdTeryt>0743758</sln:miejscIdTeryt><sln:miejscNazwa>Przypólsko</sln:miejscNazwa><sln:miejscRodzaj>Osada leśna</sln:miejscRodzaj><sln:powIIPId>a103670f-14b0-49b4-9984-e499dd7fb32e</sln:powIIPId><sln:powIIPPn>PL.PZGIK.200</sln:powIIPPn><sln:powIIPWersja>2012-09-27T09:33:51+02:00</sln:powIIPWersja><sln:powIdTeryt>2203</sln:powIdTeryt><sln:powNazwa>człuchowski</sln:powNazwa><sln:waznyOd>2014-01-14T00:00:00+01:00</sln:waznyOd><sln:wojIIPId>ece93e09-0215-42f3-8067-be0649f58d46</sln:wojIIPId><sln:wojIIPPn>PL.PZGIK.200</sln:wojIIPPn><sln:wojIIPWersja>2012-09-27T13:45:13+02:00</sln:wojIIPWersja><sln:wojIdTeryt>22</sln:wojIdTeryt><sln:wojNazwa>pomorskie</sln:wojNazwa></sln:miejscowosc><sln:miejscowosc><sln:cyklZyciaDo>2017-04-04T00:00:00+02:00</sln:cyklZyciaDo><sln:cyklZyciaOd>2016-01-26T00:00:00+01:00</sln:cyklZyciaOd><sln:gmIIPId>9c003fe5-0673-480d-ad0d-d6891334a7b8</sln:gmIIPId><sln:gmIIPPn>PL.PZGIK.200</sln:gmIIPPn><sln:gmIIPWersja>2012-09-26T22:45:23+02:00</sln:gmIIPWersja><sln:gmIdTeryt>2203043</sln:gmIdTeryt><sln:gmNazwa>Debrzno</sln:gmNazwa><sln:miejscIIPId>2ab43dc6-01c3-42e8-8907-39d7e73e4a16</sln:miejscIIPId><sln:miejscIIPPn>PL.PZGIK.200</sln:miejscIIPPn><sln:miejscIIPWersja>2016-11-24T12:19:35+02:00</sln:miejscIIPWersja><sln:miejscIdTeryt>0743770</sln:miejscIdTeryt><sln:miejscNazwa>Rozwory</sln:miejscNazwa><sln:miejscRodzaj>Wieś</sln:miejscRodzaj><sln:powIIPId>a103670f-14b0-49b4-9984-e499dd7fb32e</sln:powIIPId><sln:powIIPPn>PL.PZGIK.200</sln:powIIPPn><sln:powIIPWersja>2012-09-27T09:33:51+02:00</sln:powIIPWersja><sln:powIdTeryt>2203</sln:powIdTeryt><sln:powNazwa>człuchowski</sln:powNazwa><sln:waznyOd>2014-01-14T00:00:00+01:00</sln:waznyOd><sln:wojIIPId>ece93e09-0215-42f3-8067-be0649f58d46</sln:wojIIPId><sln:wojIIPPn>PL.PZGIK.200</sln:wojIIPPn><sln:wojIIPWersja>2012-09-27T13:45:13+02:00</sln:wojIIPWersja><sln:wojIdTeryt>22</sln:wojIdTeryt><sln:wojNazwa>pomorskie</sln:wojNazwa></sln:miejscowosc><sln:miejscowosc><sln:cyklZyciaDo>2017-04-04T00:00:00+02:00</sln:cyklZyciaDo><sln:cyklZyciaOd>2016-01-26T00:00:00+01:00</sln:cyklZyciaOd><sln:gmIIPId>9c003fe5-0673-480d-ad0d-d6891334a7b8</sln:gmIIPId><sln:gmIIPPn>PL.PZGIK.200</sln:gmIIPPn><sln:gmIIPWersja>2012-09-26T22:45:23+02:00</sln:gmIIPWersja><sln:gmIdTeryt>2203043</sln:gmIdTeryt><sln:gmNazwa>Debrzno</sln:gmNazwa><sln:miejscIIPId>143e3348-2204-4500-9ec5-e636d648490b</sln:miejscIIPId><sln:miejscIIPPn>PL.PZGIK.200</sln:miejscIIPPn><sln:miejscIIPWersja>2016-11-24T12:19:35+02:00</sln:miejscIIPWersja><sln:miejscIdTeryt>0743818</sln:miejscIdTeryt><sln:miejscNazwa>Skowarnki</sln:miejscNazwa><sln:miejscRodzaj>Osada</sln:miejscRodzaj><sln:powIIPId>a103670f-14b0-49b4-9984-e499dd7fb32e</sln:powIIPId><sln:powIIPPn>PL.PZGIK.200</sln:powIIPPn><sln:powIIPWersja>2012-09-27T09:33:51+02:00</sln:powIIPWersja><sln:powIdTeryt>2203</sln:powIdTeryt><sln:powNazwa>człuchowski</sln:powNazwa><sln:waznyOd>2014-01-14T00:00:00+01:00</sln:waznyOd><sln:wojIIPId>ece93e09-0215-42f3-8067-be0649f58d46</sln:wojIIPId><sln:wojIIPPn>PL.PZGIK.200</sln:wojIIPPn><sln:wojIIPWersja>2012-09-27T13:45:13+02:00</sln:wojIIPWersja><sln:wojIdTeryt>22</sln:wojIdTeryt><sln:wojNazwa>pomorskie</sln:wojNazwa></sln:miejscowosc><sln:miejscowosc><sln:cyklZyciaDo>2017-04-04T00:00:00+02:00</sln:cyklZyciaDo><sln:cyklZyciaOd>2016-01-26T00:00:00+01:00</sln:cyklZyciaOd><sln:gmIIPId>9c003fe5-0673-480d-ad0d-d6891334a7b8</sln:gmIIPId><sln:gmIIPPn>PL.PZGIK.200</sln:gmIIPPn><sln:gmIIPWersja>2012-09-26T22:45:23+02:00</sln:gmIIPWersja><sln:gmIdTeryt>2203043</sln:gmIdTeryt><sln:gmNazwa>Debrzno</sln:gmNazwa><sln:miejscIIPId>1a2671e5-3673-495d-9e9b-8e86a0f3867f</sln:miejscIIPId><sln:miejscIIPPn>PL.PZGIK.200</sln:miejscIIPPn><sln:miejscIIPWersja>2016-11-24T12:19:35+02:00</sln:miejscIIPWersja><sln:miejscIdTeryt>0743830</sln:miejscIdTeryt><sln:miejscNazwa>Słupia</sln:miejscNazwa><sln:miejscRodzaj>Wieś</sln:miejscRodzaj><sln:powIIPId>a103670f-14b0-49b4-9984-e499dd7fb32e</sln:powIIPId><sln:powIIPPn>PL.PZGIK.200</sln:powIIPPn><sln:powIIPWersja>2012-09-27T09:33:51+02:00</sln:powIIPWersja><sln:powIdTeryt>2203</sln:powIdTeryt><sln:powNazwa>człuchowski</sln:powNazwa><sln:waznyOd>2014-01-14T00:00:00+01:00</sln:waznyOd><sln:wojIIPId>ece93e09-0215-42f3-8067-be0649f58d46</sln:wojIIPId><sln:wojIIPPn>PL.PZGIK.200</sln:wojIIPPn><sln:wojIIPWersja>2012-09-27T13:45:13+02:00</sln:wojIIPWersja><sln:wojIdTeryt>22</sln:wojIdTeryt><sln:wojNazwa>pomorskie</sln:wojNazwa></sln:miejscowosc><sln:miejscowosc><sln:cyklZyciaDo>2017-04-04T00:00:00+02:00</sln:cyklZyciaDo><sln:cyklZyciaOd>2016-01-26T00:00:00+01:00</sln:cyklZyciaOd><sln:gmIIPId>9c003fe5-0673-480d-ad0d-d6891334a7b8</sln:gmIIPId><sln:gmIIPPn>PL.PZGIK.200</sln:gmIIPPn><sln:gmIIPWersja>2012-09-26T22:45:23+02:00</sln:gmIIPWersja><sln:gmIdTeryt>2203043</sln:gmIdTeryt><sln:gmNazwa>Debrzno</sln:gmNazwa><sln:miejscIIPId>97a0f9ca-f7dd-4c59-8ca2-ab05b0ae9c61</sln:miejscIIPId><sln:miejscIIPPn>PL.PZGIK.200</sln:miejscIIPPn><sln:miejscIIPWersja>2016-11-24T12:19:35+02:00</sln:miejscIIPWersja><sln:miejscIdTeryt>0743681</sln:miejscIdTeryt><sln:miejscNazwa>Służewo</sln:miejscNazwa><sln:miejscRodzaj>Kolonia</sln:miejscRodzaj><sln:powIIPId>a103670f-14b0-49b4-9984-e499dd7fb32e</sln:powIIPId><sln:powIIPPn>PL.PZGIK.200</sln:powIIPPn><sln:powIIPWersja>2012-09-27T09:33:51+02:00</sln:powIIPWersja><sln:powIdTeryt>2203</sln:powIdTeryt><sln:powNazwa>człuchowski</sln:powNazwa><sln:waznyOd>2014-01-14T00:00:00+01:00</sln:waznyOd><sln:wojIIPId>ece93e09-0215-42f3-8067-be0649f58d46</sln:wojIIPId><sln:wojIIPPn>PL.PZGIK.200</sln:wojIIPPn><sln:wojIIPWersja>2012-09-27T13:45:13+02:00</sln:wojIIPWersja><sln:wojIdTeryt>22</sln:wojIdTeryt><sln:wojNazwa>pomorskie</sln:wojNazwa></sln:miejscowosc><sln:miejscowosc><sln:cyklZyciaDo>2017-04-04T00:00:00+02:00</sln:cyklZyciaDo><sln:cyklZyciaOd>2016-01-26T00:00:00+01:00</sln:cyklZyciaOd><sln:gmIIPId>9c003fe5-0673-480d-ad0d-d6891334a7b8</sln:gmIIPId><sln:gmIIPPn>PL.PZGIK.200</sln:gmIIPPn><sln:gmIIPWersja>2012-09-26T22:45:23+02:00</sln:gmIIPWersja><sln:gmIdTeryt>2203043</sln:gmIdTeryt><sln:gmNazwa>Debrzno</sln:gmNazwa><sln:miejscIIPId>bb3f1acb-86f5-4a3c-ab02-cc8abf61476a</sln:miejscIIPId><sln:miejscIIPPn>PL.PZGIK.200</sln:miejscIIPPn><sln:miejscIIPWersja>2016-11-24T12:19:35+02:00</sln:miejscIIPWersja><sln:miejscIdTeryt>0743570</sln:miejscIdTeryt><sln:miejscNazwa>Smug</sln:miejscNazwa><sln:miejscRodzaj>Inny obiekt</sln:miejscRodzaj><sln:powIIPId>a103670f-14b0-49b4-9984-e499dd7fb32e</sln:powIIPId><sln:powIIPPn>PL.PZGIK.200</sln:powIIPPn><sln:powIIPWersja>2012-09-27T09:33:51+02:00</sln:powIIPWersja><sln:powIdTeryt>2203</sln:powIdTeryt><sln:powNazwa>człuchowski</sln:powNazwa><sln:waznyOd>2014-01-14T00:00:00+01:00</sln:waznyOd><sln:wojIIPId>ece93e09-0215-42f3-8067-be0649f58d46</sln:wojIIPId><sln:wojIIPPn>PL.PZGIK.200</sln:wojIIPPn><sln:wojIIPWersja>2012-09-27T13:45:13+02:00</sln:wojIIPWersja><sln:wojIdTeryt>22</sln:wojIdTeryt><sln:wojNazwa>pomorskie</sln:wojNazwa></sln:miejscowosc><sln:miejscowosc><sln:cyklZyciaDo>2017-04-04T00:00:00+02:00</sln:cyklZyciaDo><sln:cyklZyciaOd>2016-01-26T00:00:00+01:00</sln:cyklZyciaOd><sln:gmIIPId>9c003fe5-0673-480d-ad0d-d6891334a7b8</sln:gmIIPId><sln:gmIIPPn>PL.PZGIK.200</sln:gmIIPPn><sln:gmIIPWersja>2012-09-26T22:45:23+02:00</sln:gmIIPWersja><sln:gmIdTeryt>2203043</sln:gmIdTeryt><sln:gmNazwa>Debrzno</sln:gmNazwa><sln:miejscIIPId>01abfa65-5f0f-4c05-b4b9-fe535abb6d0d</sln:miejscIIPId><sln:miejscIIPPn>PL.PZGIK.200</sln:miejscIIPPn><sln:miejscIIPWersja>2016-11-24T12:19:35+02:00</sln:miejscIIPWersja><sln:miejscIdTeryt>0743764</sln:miejscIdTeryt><sln:miejscNazwa>Stanisławka</sln:miejscNazwa><sln:miejscRodzaj>Osada</sln:miejscRodzaj><sln:powIIPId>a103670f-14b0-49b4-9984-e499dd7fb32e</sln:powIIPId><sln:powIIPPn>PL.PZGIK.200</sln:powIIPPn><sln:powIIPWersja>2012-09-27T09:33:51+02:00</sln:powIIPWersja><sln:powIdTeryt>2203</sln:powIdTeryt><sln:powNazwa>człuchowski</sln:powNazwa><sln:waznyOd>2014-01-14T00:00:00+01:00</sln:waznyOd><sln:wojIIPId>ece93e09-0215-42f3-8067-be0649f58d46</sln:wojIIPId><sln:wojIIPPn>PL.PZGIK.200</sln:wojIIPPn><sln:wojIIPWersja>2012-09-27T13:45:13+02:00</sln:wojIIPWersja><sln:wojIdTeryt>22</sln:wojIdTeryt><sln:wojNazwa>pomorskie</sln:wojNazwa></sln:miejscowosc><sln:miejscowosc><sln:cyklZyciaDo>2017-04-04T00:00:00+02:00</sln:cyklZyciaDo><sln:cyklZyciaOd>2016-01-26T00:00:00+01:00</sln:cyklZyciaOd><sln:gmIIPId>9c003fe5-0673-480d-ad0d-d6891334a7b8</sln:gmIIPId><sln:gmIIPPn>PL.PZGIK.200</sln:gmIIPPn><sln:gmIIPWersja>2012-09-26T22:45:23+02:00</sln:gmIIPWersja><sln:gmIdTeryt>2203043</sln:gmIdTeryt><sln:gmNazwa>Debrzno</sln:gmNazwa><sln:miejscIIPId>4ce0aaba-114c-4b07-804d-92b5243617d8</sln:miejscIIPId><sln:miejscIIPPn>PL.PZGIK.200</sln:miejscIIPPn><sln:miejscIIPWersja>2016-11-24T12:19:35+02:00</sln:miejscIIPWersja><sln:miejscIdTeryt>0743847</sln:miejscIdTeryt><sln:miejscNazwa>Stare Gronowo</sln:miejscNazwa><sln:miejscRodzaj>Wieś</sln:miejscRodzaj><sln:powIIPId>a103670f-14b0-49b4-9984-e499dd7fb32e</sln:powIIPId><sln:powIIPPn>PL.PZGIK.200</sln:powIIPPn><sln:powIIPWersja>2012-09-27T09:33:51+02:00</sln:powIIPWersja><sln:powIdTeryt>2203</sln:powIdTeryt><sln:powNazwa>człuchowski</sln:powNazwa><sln:waznyOd>2014-01-14T00:00:00+01:00</sln:waznyOd><sln:wojIIPId>ece93e09-0215-42f3-8067-be0649f58d46</sln:wojIIPId><sln:wojIIPPn>PL.PZGIK.200</sln:wojIIPPn><sln:wojIIPWersja>2012-09-27T13:45:13+02:00</sln:wojIIPWersja><sln:wojIdTeryt>22</sln:wojIdTeryt><sln:wojNazwa>pomorskie</sln:wojNazwa></sln:miejscowosc><sln:miejscowosc><sln:cyklZyciaDo>2017-04-04T00:00:00+02:00</sln:cyklZyciaDo><sln:cyklZyciaOd>2016-01-26T00:00:00+01:00</sln:cyklZyciaOd><sln:gmIIPId>9c003fe5-0673-480d-ad0d-d6891334a7b8</sln:gmIIPId><sln:gmIIPPn>PL.PZGIK.200</sln:gmIIPPn><sln:gmIIPWersja>2012-09-26T22:45:23+02:00</sln:gmIIPWersja><sln:gmIdTeryt>2203043</sln:gmIdTeryt><sln:gmNazwa>Debrzno</sln:gmNazwa><sln:miejscIIPId>89545317-f0b2-4e8c-9c87-0810c85f336a</sln:miejscIIPId><sln:miejscIIPPn>PL.PZGIK.200</sln:miejscIIPPn><sln:miejscIIPWersja>2016-11-24T12:19:35+02:00</sln:miejscIIPWersja><sln:miejscIdTeryt>0743860</sln:miejscIdTeryt><sln:miejscNazwa>Strzeczona</sln:miejscNazwa><sln:miejscRodzaj>Wieś</sln:miejscRodzaj><sln:powIIPId>a103670f-14b0-49b4-9984-e499dd7fb32e</sln:powIIPId><sln:powIIPPn>PL.PZGIK.200</sln:powIIPPn><sln:powIIPWersja>2012-09-27T09:33:51+02:00</sln:powIIPWersja><sln:powIdTeryt>2203</sln:powIdTeryt><sln:powNazwa>człuchowski</sln:powNazwa><sln:waznyOd>2014-01-14T00:00:00+01:00</sln:waznyOd><sln:wojIIPId>ece93e09-0215-42f3-8067-be0649f58d46</sln:wojIIPId><sln:wojIIPPn>PL.PZGIK.200</sln:wojIIPPn><sln:wojIIPWersja>2012-09-27T13:45:13+02:00</sln:wojIIPWersja><sln:wojIdTeryt>22</sln:wojIdTeryt><sln:wojNazwa>pomorskie</sln:wojNazwa></sln:miejscowosc><sln:miejscowosc><sln:cyklZyciaDo>2017-04-04T00:00:00+02:00</sln:cyklZyciaDo><sln:cyklZyciaOd>2016-01-26T00:00:00+01:00</sln:cyklZyciaOd><sln:gmIIPId>9c003fe5-0673-480d-ad0d-d6891334a7b8</sln:gmIIPId><sln:gmIIPPn>PL.PZGIK.200</sln:gmIIPPn><sln:gmIIPWersja>2012-09-26T22:45:23+02:00</sln:gmIIPWersja><sln:gmIdTeryt>2203043</sln:gmIdTeryt><sln:gmNazwa>Debrzno</sln:gmNazwa><sln:miejscIIPId>de304cbc-0ce5-4d8d-af1d-131da95727b0</sln:miejscIIPId><sln:miejscIIPPn>PL.PZGIK.200</sln:miejscIIPPn><sln:miejscIIPWersja>2016-11-24T12:19:35+02:00</sln:miejscIIPWersja><sln:miejscIdTeryt>0743586</sln:miejscIdTeryt><sln:miejscNazwa>Strzeszyn</sln:miejscNazwa><sln:miejscRodzaj>Inny obiekt</sln:miejscRodzaj><sln:powIIPId>a103670f-14b0-49b4-9984-e499dd7fb32e</sln:powIIPId><sln:powIIPPn>PL.PZGIK.200</sln:powIIPPn><sln:powIIPWersja>2012-09-27T09:33:51+02:00</sln:powIIPWersja><sln:powIdTeryt>2203</sln:powIdTeryt><sln:powNazwa>człuchowski</sln:powNazwa><sln:waznyOd>2014-01-14T00:00:00+01:00</sln:waznyOd><sln:wojIIPId>ece93e09-0215-42f3-8067-be0649f58d46</sln:wojIIPId><sln:wojIIPPn>PL.PZGIK.200</sln:wojIIPPn><sln:wojIIPWersja>2012-09-27T13:45:13+02:00</sln:wojIIPWersja><sln:wojIdTeryt>22</sln:wojIdTeryt><sln:wojNazwa>pomorskie</sln:wojNazwa></sln:miejscowosc><sln:miejscowosc><sln:cyklZyciaDo>2017-04-04T00:00:00+02:00</sln:cyklZyciaDo><sln:cyklZyciaOd>2016-01-26T00:00:00+01:00</sln:cyklZyciaOd><sln:gmIIPId>9c003fe5-0673-480d-ad0d-d6891334a7b8</sln:gmIIPId><sln:gmIIPPn>PL.PZGIK.200</sln:gmIIPPn><sln:gmIIPWersja>2012-09-26T22:45:23+02:00</sln:gmIIPWersja><sln:gmIdTeryt>2203043</sln:gmIdTeryt><sln:gmNazwa>Debrzno</sln:gmNazwa><sln:miejscIIPId>915bc030-ea98-4936-81dc-1bad677c6ec0</sln:miejscIIPId><sln:miejscIIPPn>PL.PZGIK.200</sln:miejscIIPPn><sln:miejscIIPWersja>2016-11-24T12:19:35+02:00</sln:miejscIIPWersja><sln:miejscIdTeryt>0743882</sln:miejscIdTeryt><sln:miejscNazwa>Uniechów</sln:miejscNazwa><sln:miejscRodzaj>Wieś</sln:miejscRodzaj><sln:powIIPId>a103670f-14b0-49b4-9984-e499dd7fb32e</sln:powIIPId><sln:powIIPPn>PL.PZGIK.200</sln:powIIPPn><sln:powIIPWersja>2012-09-27T09:33:51+02:00</sln:powIIPWersja><sln:powIdTeryt>2203</sln:powIdTeryt><sln:powNazwa>człuchowski</sln:powNazwa><sln:waznyOd>2014-01-14T00:00:00+01:00</sln:waznyOd><sln:wojIIPId>ece93e09-0215-42f3-8067-be0649f58d46</sln:wojIIPId><sln:wojIIPPn>PL.PZGIK.200</sln:wojIIPPn><sln:wojIIPWersja>2012-09-27T13:45:13+02:00</sln:wojIIPWersja><sln:wojIdTeryt>22</sln:wojIdTeryt><sln:wojNazwa>pomorskie</sln:wojNazwa></sln:miejscowosc><sln:miejscowosc><sln:cyklZyciaDo>2017-04-04T00:00:00+02:00</sln:cyklZyciaDo><sln:cyklZyciaOd>2016-01-26T00:00:00+01:00</sln:cyklZyciaOd><sln:gmIIPId>9c003fe5-0673-480d-ad0d-d6891334a7b8</sln:gmIIPId><sln:gmIIPPn>PL.PZGIK.200</sln:gmIIPPn><sln:gmIIPWersja>2012-09-26T22:45:23+02:00</sln:gmIIPWersja><sln:gmIdTeryt>2203043</sln:gmIdTeryt><sln:gmNazwa>Debrzno</sln:gmNazwa><sln:miejscIIPId>de559f82-b612-478c-9a7b-d76694e86345</sln:miejscIIPId><sln:miejscIIPPn>PL.PZGIK.200</sln:miejscIIPPn><sln:miejscIIPWersja>2016-11-24T12:19:35+02:00</sln:miejscIIPWersja><sln:miejscIdTeryt>0743899</sln:miejscIdTeryt><sln:miejscNazwa>Uniechówek</sln:miejscNazwa><sln:miejscRodzaj>Osada</sln:miejscRodzaj><sln:powIIPId>a103670f-14b0-49b4-9984-e499dd7fb32e</sln:powIIPId><sln:powIIPPn>PL.PZGIK.200</sln:powIIPPn><sln:powIIPWersja>2012-09-27T09:33:51+02:00</sln:powIIPWersja><sln:powIdTeryt>2203</sln:powIdTeryt><sln:powNazwa>człuchowski</sln:powNazwa><sln:waznyOd>2014-01-14T00:00:00+01:00</sln:waznyOd><sln:wojIIPId>ece93e09-0215-42f3-8067-be0649f58d46</sln:wojIIPId><sln:wojIIPPn>PL.PZGIK.200</sln:wojIIPPn><sln:wojIIPWersja>2012-09-27T13:45:13+02:00</sln:wojIIPWersja><sln:wojIdTeryt>22</sln:wojIdTeryt><sln:wojNazwa>pomorskie</sln:wojNazwa></sln:miejscowosc><sln:miejscowosc><sln:cyklZyciaOd>2017-04-04T00:00:00+02:00</sln:cyklZyciaOd><sln:gmIIPId>9c003fe5-0673-480d-ad0d-d6891334a7b8</sln:gmIIPId><sln:gmIIPPn>PL.PZGIK.200</sln:gmIIPPn><sln:gmIIPWersja>2012-09-26T22:45:23+02:00</sln:gmIIPWersja><sln:gmIdTeryt>2203043</sln:gmIdTeryt><sln:gmNazwa>Debrzno</sln:gmNazwa><sln:miejscIIPId>6cffc07e-c72a-4ff3-b50d-0c9b91215df1</sln:miejscIIPId><sln:miejscIIPPn>PL.PZGIK.200</sln:miejscIIPPn><sln:miejscIIPWersja>2017-04-04T08:15:51+02:00</sln:miejscIIPWersja><sln:miejscIdTeryt>0743540</sln:miejscIdTeryt><sln:miejscNazwa>Boboszewo</sln:miejscNazwa><sln:miejscRodzaj>Osada</sln:miejscRodzaj><sln:powIIPId>a103670f-14b0-49b4-9984-e499dd7fb32e</sln:powIIPId><sln:powIIPPn>PL.PZGIK.200</sln:powIIPPn><sln:powIIPWersja>2012-09-27T09:33:51+02:00</sln:powIIPWersja><sln:powIdTeryt>2203</sln:powIdTeryt><sln:powNazwa>człuchowski</sln:powNazwa><sln:waznyOd>2014-01-14T00:00:00+01:00</sln:waznyOd><sln:wojIIPId>ece93e09-0215-42f3-8067-be0649f58d46</sln:wojIIPId><sln:wojIIPPn>PL.PZGIK.200</sln:wojIIPPn><sln:wojIIPWersja>2012-09-27T13:45:13+02:00</sln:wojIIPWersja><sln:wojIdTeryt>22</sln:wojIdTeryt><sln:wojNazwa>pomorskie</sln:wojNazwa></sln:miejscowosc><sln:miejscowosc><sln:cyklZyciaDo>2017-07-14T00:00:00+02:00</sln:cyklZyciaDo><sln:cyklZyciaOd>2017-04-04T00:00:00+02:00</sln:cyklZyciaOd><sln:gmIIPId>9c003fe5-0673-480d-ad0d-d6891334a7b8</sln:gmIIPId><sln:gmIIPPn>PL.PZGIK.200</sln:gmIIPPn><sln:gmIIPWersja>2012-09-26T22:45:23+02:00</sln:gmIIPWersja><sln:gmIdTeryt>2203043</sln:gmIdTeryt><sln:gmNazwa>Debrzno</sln:gmNazwa><sln:miejscIIPId>7ff50912-5e05-4d87-87f5-85407197a46d</sln:miejscIIPId><sln:miejscIIPPn>PL.PZGIK.200</sln:miejscIIPPn><sln:miejscIIPWersja>2017-04-04T08:15:59+02:00</sln:miejscIIPWersja><sln:miejscIdTeryt>0743557</sln:miejscIdTeryt><sln:miejscNazwa>Bolesławowo</sln:miejscNazwa><sln:miejscRodzaj>Kolonia</sln:miejscRodzaj><sln:powIIPId>a103670f-14b0-49b4-9984-e499dd7fb32e</sln:powIIPId><sln:powIIPPn>PL.PZGIK.200</sln:powIIPPn><sln:powIIPWersja>2012-09-27T09:33:51+02:00</sln:powIIPWersja><sln:powIdTeryt>2203</sln:powIdTeryt><sln:powNazwa>człuchowski</sln:powNazwa><sln:waznyOd>2014-01-14T00:00:00+01:00</sln:waznyOd><sln:wojIIPId>ece93e09-0215-42f3-8067-be0649f58d46</sln:wojIIPId><sln:wojIIPPn>PL.PZGIK.200</sln:wojIIPPn><sln:wojIIPWersja>2012-09-27T13:45:13+02:00</sln:wojIIPWersja><sln:wojIdTeryt>22</sln:wojIdTeryt><sln:wojNazwa>pomorskie</sln:wojNazwa></sln:miejscowosc><sln:miejscowosc><sln:cyklZyciaOd>2017-04-04T00:00:00+02:00</sln:cyklZyciaOd><sln:gmIIPId>9c003fe5-0673-480d-ad0d-d6891334a7b8</sln:gmIIPId><sln:gmIIPPn>PL.PZGIK.200</sln:gmIIPPn><sln:gmIIPWersja>2012-09-26T22:45:23+02:00</sln:gmIIPWersja><sln:gmIdTeryt>2203043</sln:gmIdTeryt><sln:gmNazwa>Debrzno</sln:gmNazwa><sln:miejscIIPId>bb3f1acb-86f5-4a3c-ab02-cc8abf61476a</sln:miejscIIPId><sln:miejscIIPPn>PL.PZGIK.200</sln:miejscIIPPn><sln:miejscIIPWersja>2017-04-04T08:15:59+02:00</sln:miejscIIPWersja><sln:miejscIdTeryt>0743570</sln:miejscIdTeryt><sln:miejscNazwa>Smug</sln:miejscNazwa><sln:miejscRodzaj>Inny obiekt</sln:miejscRodzaj><sln:powIIPId>a103670f-14b0-49b4-9984-e499dd7fb32e</sln:powIIPId><sln:powIIPPn>PL.PZGIK.200</sln:powIIPPn><sln:powIIPWersja>2012-09-27T09:33:51+02:00</sln:powIIPWersja><sln:powIdTeryt>2203</sln:powIdTeryt><sln:powNazwa>człuchowski</sln:powNazwa><sln:waznyOd>2014-01-14T00:00:00+01:00</sln:waznyOd><sln:wojIIPId>ece93e09-0215-42f3-8067-be0649f58d46</sln:wojIIPId><sln:wojIIPPn>PL.PZGIK.200</sln:wojIIPPn><sln:wojIIPWersja>2012-09-27T13:45:13+02:00</sln:wojIIPWersja><sln:wojIdTeryt>22</sln:wojIdTeryt><sln:wojNazwa>pomorskie</sln:wojNazwa></sln:miejscowosc><sln:miejscowosc><sln:cyklZyciaOd>2017-04-04T00:00:00+02:00</sln:cyklZyciaOd><sln:gmIIPId>9c003fe5-0673-480d-ad0d-d6891334a7b8</sln:gmIIPId><sln:gmIIPPn>PL.PZGIK.200</sln:gmIIPPn><sln:gmIIPWersja>2012-09-26T22:45:23+02:00</sln:gmIIPWersja><sln:gmIdTeryt>2203043</sln:gmIdTeryt><sln:gmNazwa>Debrzno</sln:gmNazwa><sln:miejscIIPId>de304cbc-0ce5-4d8d-af1d-131da95727b0</sln:miejscIIPId><sln:miejscIIPPn>PL.PZGIK.200</sln:miejscIIPPn><sln:miejscIIPWersja>2017-04-04T08:15:59+02:00</sln:miejscIIPWersja><sln:miejscIdTeryt>0743586</sln:miejscIdTeryt><sln:miejscNazwa>Strzeszyn</sln:miejscNazwa><sln:miejscRodzaj>Inny obiekt</sln:miejscRodzaj><sln:powIIPId>a103670f-14b0-49b4-9984-e499dd7fb32e</sln:powIIPId><sln:powIIPPn>PL.PZGIK.200</sln:powIIPPn><sln:powIIPWersja>2012-09-27T09:33:51+02:00</sln:powIIPWersja><sln:powIdTeryt>2203</sln:powIdTeryt><sln:powNazwa>człuchowski</sln:powNazwa><sln:waznyOd>2014-01-14T00:00:00+01:00</sln:waznyOd><sln:wojIIPId>ece93e09-0215-42f3-8067-be0649f58d46</sln:wojIIPId><sln:wojIIPPn>PL.PZGIK.200</sln:wojIIPPn><sln:wojIIPWersja>2012-09-27T13:45:13+02:00</sln:wojIIPWersja><sln:wojIdTeryt>22</sln:wojIdTeryt><sln:wojNazwa>pomorskie</sln:wojNazwa></sln:miejscowosc><sln:miejscowosc><sln:cyklZyciaOd>2017-04-04T00:00:00+02:00</sln:cyklZyciaOd><sln:gmIIPId>9c003fe5-0673-480d-ad0d-d6891334a7b8</sln:gmIIPId><sln:gmIIPPn>PL.PZGIK.200</sln:gmIIPPn><sln:gmIIPWersja>2012-09-26T22:45:23+02:00</sln:gmIIPWersja><sln:gmIdTeryt>2203043</sln:gmIdTeryt><sln:gmNazwa>Debrzno</sln:gmNazwa><sln:miejscIIPId>32c225d0-5226-4936-88f1-5e409de0abdf</sln:miejscIIPId><sln:miejscIIPPn>PL.PZGIK.200</sln:miejscIIPPn><sln:miejscIIPWersja>2017-04-04T08:15:59+02:00</sln:miejscIIPWersja><sln:miejscIdTeryt>0743592</sln:miejscIdTeryt><sln:miejscNazwa>Buchowo</sln:miejscNazwa><sln:miejscRodzaj>Osada</sln:miejscRodzaj><sln:powIIPId>a103670f-14b0-49b4-9984-e499dd7fb32e</sln:powIIPId><sln:powIIPPn>PL.PZGIK.200</sln:powIIPPn><sln:powIIPWersja>2012-09-27T09:33:51+02:00</sln:powIIPWersja><sln:powIdTeryt>2203</sln:powIdTeryt><sln:powNazwa>człuchowski</sln:powNazwa><sln:waznyOd>2014-01-14T00:00:00+01:00</sln:waznyOd><sln:wojIIPId>ece93e09-0215-42f3-8067-be0649f58d46</sln:wojIIPId><sln:wojIIPPn>PL.PZGIK.200</sln:wojIIPPn><sln:wojIIPWersja>2012-09-27T13:45:13+02:00</sln:wojIIPWersja><sln:wojIdTeryt>22</sln:wojIdTeryt><sln:wojNazwa>pomorskie</sln:wojNazwa></sln:miejscowosc><sln:miejscowosc><sln:cyklZyciaOd>2017-04-04T00:00:00+02:00</sln:cyklZyciaOd><sln:gmIIPId>9c003fe5-0673-480d-ad0d-d6891334a7b8</sln:gmIIPId><sln:gmIIPPn>PL.PZGIK.200</sln:gmIIPPn><sln:gmIIPWersja>2012-09-26T22:45:23+02:00</sln:gmIIPWersja><sln:gmIdTeryt>2203043</sln:gmIdTeryt><sln:gmNazwa>Debrzno</sln:gmNazwa><sln:miejscIIPId>2127d33f-8ec8-4657-bd75-0121b047daf1</sln:miejscIIPId><sln:miejscIIPPn>PL.PZGIK.200</sln:miejscIIPPn><sln:miejscIIPWersja>2017-04-04T08:15:59+02:00</sln:miejscIIPWersja><sln:miejscIdTeryt>0743600</sln:miejscIdTeryt><sln:miejscNazwa>Buka</sln:miejscNazwa><sln:miejscRodzaj>Wieś</sln:miejscRodzaj><sln:powIIPId>a103670f-14b0-49b4-9984-e499dd7fb32e</sln:powIIPId><sln:powIIPPn>PL.PZGIK.200</sln:powIIPPn><sln:powIIPWersja>2012-09-27T09:33:51+02:00</sln:powIIPWersja><sln:powIdTeryt>2203</sln:powIdTeryt><sln:powNazwa>człuchowski</sln:powNazwa><sln:waznyOd>2014-01-14T00:00:00+01:00</sln:waznyOd><sln:wojIIPId>ece93e09-0215-42f3-8067-be0649f58d46</sln:wojIIPId><sln:wojIIPPn>PL.PZGIK.200</sln:wojIIPPn><sln:wojIIPWersja>2012-09-27T13:45:13+02:00</sln:wojIIPWersja><sln:wojIdTeryt>22</sln:wojIdTeryt><sln:wojNazwa>pomorskie</sln:wojNazwa></sln:miejscowosc><sln:miejscowosc><sln:cyklZyciaOd>2017-04-04T00:00:00+02:00</sln:cyklZyciaOd><sln:gmIIPId>9c003fe5-0673-480d-ad0d-d6891334a7b8</sln:gmIIPId><sln:gmIIPPn>PL.PZGIK.200</sln:gmIIPPn><sln:gmIIPWersja>2012-09-26T22:45:23+02:00</sln:gmIIPWersja><sln:gmIdTeryt>2203043</sln:gmIdTeryt><sln:gmNazwa>Debrzno</sln:gmNazwa><sln:miejscIIPId>45cac6e6-0275-4a33-91af-ea5fe88a50a3</sln:miejscIIPId><sln:miejscIIPPn>PL.PZGIK.200</sln:miejscIIPPn><sln:miejscIIPWersja>2017-04-04T08:15:59+02:00</sln:miejscIIPWersja><sln:miejscIdTeryt>0743617</sln:miejscIdTeryt><sln:miejscNazwa>Cierznie</sln:miejscNazwa><sln:miejscRodzaj>Wieś</sln:miejscRodzaj><sln:powIIPId>a103670f-14b0-49b4-9984-e499dd7fb32e</sln:powIIPId><sln:powIIPPn>PL.PZGIK.200</sln:powIIPPn><sln:powIIPWersja>2012-09-27T09:33:51+02:00</sln:powIIPWersja><sln:powIdTeryt>2203</sln:powIdTeryt><sln:powNazwa>człuchowski</sln:powNazwa><sln:waznyOd>2014-01-14T00:00:00+01:00</sln:waznyOd><sln:wojIIPId>ece93e09-0215-42f3-8067-be0649f58d46</sln:wojIIPId><sln:wojIIPPn>PL.PZGIK.200</sln:wojIIPPn><sln:wojIIPWersja>2012-09-27T13:45:13+02:00</sln:wojIIPWersja><sln:wojIdTeryt>22</sln:wojIdTeryt><sln:wojNazwa>pomorskie</sln:wojNazwa></sln:miejscowosc><sln:miejscowosc><sln:cyklZyciaOd>2017-04-04T00:00:00+02:00</sln:cyklZyciaOd><sln:gmIIPId>9c003fe5-0673-480d-ad0d-d6891334a7b8</sln:gmIIPId><sln:gmIIPPn>PL.PZGIK.200</sln:gmIIPPn><sln:gmIIPWersja>2012-09-26T22:45:23+02:00</sln:gmIIPWersja><sln:gmIdTeryt>2203043</sln:gmIdTeryt><sln:gmNazwa>Debrzno</sln:gmNazwa><sln:miejscIIPId>be088195-ea72-4aae-b430-0e8c33137d36</sln:miejscIIPId><sln:miejscIIPPn>PL.PZGIK.200</sln:miejscIIPPn><sln:miejscIIPWersja>2017-04-04T08:15:59+02:00</sln:miejscIIPWersja><sln:miejscIdTeryt>0743623</sln:miejscIdTeryt><sln:miejscNazwa>Buszkowo</sln:miejscNazwa><sln:miejscRodzaj>Osada</sln:miejscRodzaj><sln:powIIPId>a103670f-14b0-49b4-9984-e499dd7fb32e</sln:powIIPId><sln:powIIPPn>PL.PZGIK.200</sln:powIIPPn><sln:powIIPWersja>2012-09-27T09:33:51+02:00</sln:powIIPWersja><sln:powIdTeryt>2203</sln:powIdTeryt><sln:powNazwa>człuchowski</sln:powNazwa><sln:waznyOd>2014-01-14T00:00:00+01:00</sln:waznyOd><sln:wojIIPId>ece93e09-0215-42f3-8067-be0649f58d46</sln:wojIIPId><sln:wojIIPPn>PL.PZGIK.200</sln:wojIIPPn><sln:wojIIPWersja>2012-09-27T13:45:13+02:00</sln:wojIIPWersja><sln:wojIdTeryt>22</sln:wojIdTeryt><sln:wojNazwa>pomorskie</sln:wojNazwa></sln:miejscowosc><sln:miejscowosc><sln:cyklZyciaOd>2017-04-04T00:00:00+02:00</sln:cyklZyciaOd><sln:gmIIPId>9c003fe5-0673-480d-ad0d-d6891334a7b8</sln:gmIIPId><sln:gmIIPPn>PL.PZGIK.200</sln:gmIIPPn><sln:gmIIPWersja>2012-09-26T22:45:23+02:00</sln:gmIIPWersja><sln:gmIdTeryt>2203043</sln:gmIdTeryt><sln:gmNazwa>Debrzno</sln:gmNazwa><sln:miejscIIPId>3d5a49cb-3284-4019-b4a0-8f78314a175e</sln:miejscIIPId><sln:miejscIIPPn>PL.PZGIK.200</sln:miejscIIPPn><sln:miejscIIPWersja>2017-04-04T08:15:59+02:00</sln:miejscIIPWersja><sln:miejscIdTeryt>0743630</sln:miejscIdTeryt><sln:miejscNazwa>Nierybie</sln:miejscNazwa><sln:miejscRodzaj>Osada</sln:miejscRodzaj><sln:powIIPId>a103670f-14b0-49b4-9984-e499dd7fb32e</sln:powIIPId><sln:powIIPPn>PL.PZGIK.200</sln:powIIPPn><sln:powIIPWersja>2012-09-27T09:33:51+02:00</sln:powIIPWersja><sln:powIdTeryt>2203</sln:powIdTeryt><sln:powNazwa>człuchowski</sln:powNazwa><sln:waznyOd>2014-01-30T00:00:00+01:00</sln:waznyOd><sln:wojIIPId>ece93e09-0215-42f3-8067-be0649f58d46</sln:wojIIPId><sln:wojIIPPn>PL.PZGIK.200</sln:wojIIPPn><sln:wojIIPWersja>2012-09-27T13:45:13+02:00</sln:wojIIPWersja><sln:wojIdTeryt>22</sln:wojIdTeryt><sln:wojNazwa>pomorskie</sln:wojNazwa></sln:miejscowosc><sln:miejscowosc><sln:cyklZyciaOd>2017-04-04T00:00:00+02:00</sln:cyklZyciaOd><sln:gmIIPId>9c003fe5-0673-480d-ad0d-d6891334a7b8</sln:gmIIPId><sln:gmIIPPn>PL.PZGIK.200</sln:gmIIPPn><sln:gmIIPWersja>2012-09-26T22:45:23+02:00</sln:gmIIPWersja><sln:gmIdTeryt>2203043</sln:gmIdTeryt><sln:gmNazwa>Debrzno</sln:gmNazwa><sln:miejscIIPId>6dc0382b-905b-4b07-afcd-f3d03285ba7a</sln:miejscIIPId><sln:miejscIIPPn>PL.PZGIK.200</sln:miejscIIPPn><sln:miejscIIPWersja>2017-04-04T08:15:59+02:00</sln:miejscIIPWersja><sln:miejscIdTeryt>0743646</sln:miejscIdTeryt><sln:miejscNazwa>Drozdowo</sln:miejscNazwa><sln:miejscRodzaj>Wieś</sln:miejscRodzaj><sln:powIIPId>a103670f-14b0-49b4-9984-e499dd7fb32e</sln:powIIPId><sln:powIIPPn>PL.PZGIK.200</sln:powIIPPn><sln:powIIPWersja>2012-09-27T09:33:51+02:00</sln:powIIPWersja><sln:powIdTeryt>2203</sln:powIdTeryt><sln:powNazwa>człuchowski</sln:powNazwa><sln:waznyOd>2014-01-14T00:00:00+01:00</sln:waznyOd><sln:wojIIPId>ece93e09-0215-42f3-8067-be0649f58d46</sln:wojIIPId><sln:wojIIPPn>PL.PZGIK.200</sln:wojIIPPn><sln:wojIIPWersja>2012-09-27T13:45:13+02:00</sln:wojIIPWersja><sln:wojIdTeryt>22</sln:wojIdTeryt><sln:wojNazwa>pomorskie</sln:wojNazwa></sln:miejscowosc><sln:miejscowosc><sln:cyklZyciaOd>2017-04-04T00:00:00+02:00</sln:cyklZyciaOd><sln:gmIIPId>9c003fe5-0673-480d-ad0d-d6891334a7b8</sln:gmIIPId><sln:gmIIPPn>PL.PZGIK.200</sln:gmIIPPn><sln:gmIIPWersja>2012-09-26T22:45:23+02:00</sln:gmIIPWersja><sln:gmIdTeryt>2203043</sln:gmIdTeryt><sln:gmNazwa>Debrzno</sln:gmNazwa><sln:miejscIIPId>4707b62a-76d1-496b-90eb-5540ff578882</sln:miejscIIPId><sln:miejscIIPPn>PL.PZGIK.200</sln:miejscIIPPn><sln:miejscIIPWersja>2017-04-04T08:15:59+02:00</sln:miejscIIPWersja><sln:miejscIdTeryt>0743652</sln:miejscIdTeryt><sln:miejscNazwa>Gniewno</sln:miejscNazwa><sln:miejscRodzaj>Osada</sln:miejscRodzaj><sln:powIIPId>a103670f-14b0-49b4-9984-e499dd7fb32e</sln:powIIPId><sln:powIIPPn>PL.PZGIK.200</sln:powIIPPn><sln:powIIPWersja>2012-09-27T09:33:51+02:00</sln:powIIPWersja><sln:powIdTeryt>2203</sln:powIdTeryt><sln:powNazwa>człuchowski</sln:powNazwa><sln:waznyOd>2014-01-14T00:00:00+01:00</sln:waznyOd><sln:wojIIPId>ece93e09-0215-42f3-8067-be0649f58d46</sln:wojIIPId><sln:wojIIPPn>PL.PZGIK.200</sln:wojIIPPn><sln:wojIIPWersja>2012-09-27T13:45:13+02:00</sln:wojIIPWersja><sln:wojIdTeryt>22</sln:wojIdTeryt><sln:wojNazwa>pomorskie</sln:wojNazwa></sln:miejscowosc><sln:miejscowosc><sln:cyklZyciaDo>2017-07-14T00:00:00+02:00</sln:cyklZyciaDo><sln:cyklZyciaOd>2017-04-04T00:00:00+02:00</sln:cyklZyciaOd><sln:gmIIPId>9c003fe5-0673-480d-ad0d-d6891334a7b8</sln:gmIIPId><sln:gmIIPPn>PL.PZGIK.200</sln:gmIIPPn><sln:gmIIPWersja>2012-09-26T22:45:23+02:00</sln:gmIIPWersja><sln:gmIdTeryt>2203043</sln:gmIdTeryt><sln:gmNazwa>Debrzno</sln:gmNazwa><sln:miejscIIPId>5a4a310c-8700-46a9-ad9a-4c71075472af</sln:miejscIIPId><sln:miejscIIPPn>PL.PZGIK.200</sln:miejscIIPPn><sln:miejscIIPWersja>2017-04-04T08:16:00+02:00</sln:miejscIIPWersja><sln:miejscIdTeryt>0743675</sln:miejscIdTeryt><sln:miejscNazwa>Myśligoszcz</sln:miejscNazwa><sln:miejscRodzaj>Wieś</sln:miejscRodzaj><sln:powIIPId>a103670f-14b0-49b4-9984-e499dd7fb32e</sln:powIIPId><sln:powIIPPn>PL.PZGIK.200</sln:powIIPPn><sln:powIIPWersja>2012-09-27T09:33:51+02:00</sln:powIIPWersja><sln:powIdTeryt>2203</sln:powIdTeryt><sln:powNazwa>człuchowski</sln:powNazwa><sln:waznyOd>2014-01-14T00:00:00+01:00</sln:waznyOd><sln:wojIIPId>ece93e09-0215-42f3-8067-be0649f58d46</sln:wojIIPId><sln:wojIIPPn>PL.PZGIK.200</sln:wojIIPPn><sln:wojIIPWersja>2012-09-27T13:45:13+02:00</sln:wojIIPWersja><sln:wojIdTeryt>22</sln:wojIdTeryt><sln:wojNazwa>pomorskie</sln:wojNazwa></sln:miejscowosc><sln:miejscowosc><sln:cyklZyciaOd>2017-04-04T00:00:00+02:00</sln:cyklZyciaOd><sln:gmIIPId>9c003fe5-0673-480d-ad0d-d6891334a7b8</sln:gmIIPId><sln:gmIIPPn>PL.PZGIK.200</sln:gmIIPPn><sln:gmIIPWersja>2012-09-26T22:45:23+02:00</sln:gmIIPWersja><sln:gmIdTeryt>2203043</sln:gmIdTeryt><sln:gmNazwa>Debrzno</sln:gmNazwa><sln:miejscIIPId>97a0f9ca-f7dd-4c59-8ca2-ab05b0ae9c61</sln:miejscIIPId><sln:miejscIIPPn>PL.PZGIK.200</sln:miejscIIPPn><sln:miejscIIPWersja>2017-04-04T08:16:00+02:00</sln:miejscIIPWersja><sln:miejscIdTeryt>0743681</sln:miejscIdTeryt><sln:miejscNazwa>Służewo</sln:miejscNazwa><sln:miejscRodzaj>Kolonia</sln:miejscRodzaj><sln:powIIPId>a103670f-14b0-49b4-9984-e499dd7fb32e</sln:powIIPId><sln:powIIPPn>PL.PZGIK.200</sln:powIIPPn><sln:powIIPWersja>2012-09-27T09:33:51+02:00</sln:powIIPWersja><sln:powIdTeryt>2203</sln:powIdTeryt><sln:powNazwa>człuchowski</sln:powNazwa><sln:waznyOd>2014-01-14T00:00:00+01:00</sln:waznyOd><sln:wojIIPId>ece93e09-0215-42f3-8067-be0649f58d46</sln:wojIIPId><sln:wojIIPPn>PL.PZGIK.200</sln:wojIIPPn><sln:wojIIPWersja>2012-09-27T13:45:13+02:00</sln:wojIIPWersja><sln:wojIdTeryt>22</sln:wojIdTeryt><sln:wojNazwa>pomorskie</sln:wojNazwa></sln:miejscowosc><sln:miejscowosc><sln:cyklZyciaOd>2017-04-04T00:00:00+02:00</sln:cyklZyciaOd><sln:gmIIPId>9c003fe5-0673-480d-ad0d-d6891334a7b8</sln:gmIIPId><sln:gmIIPPn>PL.PZGIK.200</sln:gmIIPPn><sln:gmIIPWersja>2012-09-26T22:45:23+02:00</sln:gmIIPWersja><sln:gmIdTeryt>2203043</sln:gmIdTeryt><sln:gmNazwa>Debrzno</sln:gmNazwa><sln:miejscIIPId>77e8b7f3-38e4-4808-842b-723cdfb7f9ed</sln:miejscIIPId><sln:miejscIIPPn>PL.PZGIK.200</sln:miejscIIPPn><sln:miejscIIPWersja>2017-04-04T08:16:00+02:00</sln:miejscIIPWersja><sln:miejscIdTeryt>0743698</sln:miejscIdTeryt><sln:miejscNazwa>Nowe Gronowo</sln:miejscNazwa><sln:miejscRodzaj>Wieś</sln:miejscRodzaj><sln:powIIPId>a103670f-14b0-49b4-9984-e499dd7fb32e</sln:powIIPId><sln:powIIPPn>PL.PZGIK.200</sln:powIIPPn><sln:powIIPWersja>2012-09-27T09:33:51+02:00</sln:powIIPWersja><sln:powIdTeryt>2203</sln:powIdTeryt><sln:powNazwa>człuchowski</sln:powNazwa><sln:waznyOd>2014-01-14T00:00:00+01:00</sln:waznyOd><sln:wojIIPId>ece93e09-0215-42f3-8067-be0649f58d46</sln:wojIIPId><sln:wojIIPPn>PL.PZGIK.200</sln:wojIIPPn><sln:wojIIPWersja>2012-09-27T13:45:13+02:00</sln:wojIIPWersja><sln:wojIdTeryt>22</sln:wojIdTeryt><sln:wojNazwa>pomorskie</sln:wojNazwa></sln:miejscowosc><sln:miejscowosc><sln:cyklZyciaOd>2017-04-04T00:00:00+02:00</sln:cyklZyciaOd><sln:gmIIPId>9c003fe5-0673-480d-ad0d-d6891334a7b8</sln:gmIIPId><sln:gmIIPPn>PL.PZGIK.200</sln:gmIIPPn><sln:gmIIPWersja>2012-09-26T22:45:23+02:00</sln:gmIIPWersja><sln:gmIdTeryt>2203043</sln:gmIdTeryt><sln:gmNazwa>Debrzno</sln:gmNazwa><sln:miejscIIPId>382e667c-8bcf-4660-bef3-95ca2961fb46</sln:miejscIIPId><sln:miejscIIPPn>PL.PZGIK.200</sln:miejscIIPPn><sln:miejscIIPWersja>2017-04-04T08:16:00+02:00</sln:miejscIIPWersja><sln:miejscIdTeryt>0743706</sln:miejscIdTeryt><sln:miejscNazwa>Prusinowo</sln:miejscNazwa><sln:miejscRodzaj>Wieś</sln:miejscRodzaj><sln:powIIPId>a103670f-14b0-49b4-9984-e499dd7fb32e</sln:powIIPId><sln:powIIPPn>PL.PZGIK.200</sln:powIIPPn><sln:powIIPWersja>2012-09-27T09:33:51+02:00</sln:powIIPWersja><sln:powIdTeryt>2203</sln:powIdTeryt><sln:powNazwa>człuchowski</sln:powNazwa><sln:waznyOd>2014-01-14T00:00:00+01:00</sln:waznyOd><sln:wojIIPId>ece93e09-0215-42f3-8067-be0649f58d46</sln:wojIIPId><sln:wojIIPPn>PL.PZGIK.200</sln:wojIIPPn><sln:wojIIPWersja>2012-09-27T13:45:13+02:00</sln:wojIIPWersja><sln:wojIdTeryt>22</sln:wojIdTeryt><sln:wojNazwa>pomorskie</sln:wojNazwa></sln:miejscowosc><sln:miejscowosc><sln:cyklZyciaOd>2017-04-04T00:00:00+02:00</sln:cyklZyciaOd><sln:gmIIPId>9c003fe5-0673-480d-ad0d-d6891334a7b8</sln:gmIIPId><sln:gmIIPPn>PL.PZGIK.200</sln:gmIIPPn><sln:gmIIPWersja>2012-09-26T22:45:23+02:00</sln:gmIIPWersja><sln:gmIdTeryt>2203043</sln:gmIdTeryt><sln:gmNazwa>Debrzno</sln:gmNazwa><sln:miejscIIPId>1a3ab838-281a-42a4-b9d8-e9a7a0c7d786</sln:miejscIIPId><sln:miejscIIPPn>PL.PZGIK.200</sln:miejscIIPPn><sln:miejscIIPWersja>2017-04-04T08:16:00+02:00</sln:miejscIIPWersja><sln:miejscIdTeryt>0743712</sln:miejscIdTeryt><sln:miejscNazwa>Ostrza</sln:miejscNazwa><sln:miejscRodzaj>Osada</sln:miejscRodzaj><sln:powIIPId>a103670f-14b0-49b4-9984-e499dd7fb32e</sln:powIIPId><sln:powIIPPn>PL.PZGIK.200</sln:powIIPPn><sln:powIIPWersja>2012-09-27T09:33:51+02:00</sln:powIIPWersja><sln:powIdTeryt>2203</sln:powIdTeryt><sln:powNazwa>człuchowski</sln:powNazwa><sln:waznyOd>2014-01-14T00:00:00+01:00</sln:waznyOd><sln:wojIIPId>ece93e09-0215-42f3-8067-be0649f58d46</sln:wojIIPId><sln:wojIIPPn>PL.PZGIK.200</sln:wojIIPPn><sln:wojIIPWersja>2012-09-27T13:45:13+02:00</sln:wojIIPWersja><sln:wojIdTeryt>22</sln:wojIdTeryt><sln:wojNazwa>pomorskie</sln:wojNazwa></sln:miejscowosc><sln:miejscowosc><sln:cyklZyciaDo>2017-07-14T00:00:00+02:00</sln:cyklZyciaDo><sln:cyklZyciaOd>2017-04-04T00:00:00+02:00</sln:cyklZyciaOd><sln:gmIIPId>9c003fe5-0673-480d-ad0d-d6891334a7b8</sln:gmIIPId><sln:gmIIPPn>PL.PZGIK.200</sln:gmIIPPn><sln:gmIIPWersja>2012-09-26T22:45:23+02:00</sln:gmIIPWersja><sln:gmIdTeryt>2203043</sln:gmIdTeryt><sln:gmNazwa>Debrzno</sln:gmNazwa><sln:miejscIIPId>3fe5b891-628e-4ac1-b2ca-fc198f8bc516</sln:miejscIIPId><sln:miejscIIPPn>PL.PZGIK.200</sln:miejscIIPPn><sln:miejscIIPWersja>2017-04-04T08:16:00+02:00</sln:miejscIIPWersja><sln:miejscIdTeryt>0743735</sln:miejscIdTeryt><sln:miejscNazwa>Grzymisław</sln:miejscNazwa><sln:miejscRodzaj>Kolonia</sln:miejscRodzaj><sln:powIIPId>a103670f-14b0-49b4-9984-e499dd7fb32e</sln:powIIPId><sln:powIIPPn>PL.PZGIK.200</sln:powIIPPn><sln:powIIPWersja>2012-09-27T09:33:51+02:00</sln:powIIPWersja><sln:powIdTeryt>2203</sln:powIdTeryt><sln:powNazwa>człuchowski</sln:powNazwa><sln:waznyOd>2014-01-14T00:00:00+01:00</sln:waznyOd><sln:wojIIPId>ece93e09-0215-42f3-8067-be0649f58d46</sln:wojIIPId><sln:wojIIPPn>PL.PZGIK.200</sln:wojIIPPn><sln:wojIIPWersja>2012-09-27T13:45:13+02:00</sln:wojIIPWersja><sln:wojIdTeryt>22</sln:wojIdTeryt><sln:wojNazwa>pomorskie</sln:wojNazwa></sln:miejscowosc><sln:miejscowosc><sln:cyklZyciaOd>2017-04-04T00:00:00+02:00</sln:cyklZyciaOd><sln:gmIIPId>9c003fe5-0673-480d-ad0d-d6891334a7b8</sln:gmIIPId><sln:gmIIPPn>PL.PZGIK.200</sln:gmIIPPn><sln:gmIIPWersja>2012-09-26T22:45:23+02:00</sln:gmIIPWersja><sln:gmIdTeryt>2203043</sln:gmIdTeryt><sln:gmNazwa>Debrzno</sln:gmNazwa><sln:miejscIIPId>50052556-666e-430f-89a7-b0916f96b1a6</sln:miejscIIPId><sln:miejscIIPPn>PL.PZGIK.200</sln:miejscIIPPn><sln:miejscIIPWersja>2017-04-04T08:16:00+02:00</sln:miejscIIPWersja><sln:miejscIdTeryt>0743741</sln:miejscIdTeryt><sln:miejscNazwa>Jeleniec</sln:miejscNazwa><sln:miejscRodzaj>Osada</sln:miejscRodzaj><sln:powIIPId>a103670f-14b0-49b4-9984-e499dd7fb32e</sln:powIIPId><sln:powIIPPn>PL.PZGIK.200</sln:powIIPPn><sln:powIIPWersja>2012-09-27T09:33:51+02:00</sln:powIIPWersja><sln:powIdTeryt>2203</sln:powIdTeryt><sln:powNazwa>człuchowski</sln:powNazwa><sln:waznyOd>2014-01-14T00:00:00+01:00</sln:waznyOd><sln:wojIIPId>ece93e09-0215-42f3-8067-be0649f58d46</sln:wojIIPId><sln:wojIIPPn>PL.PZGIK.200</sln:wojIIPPn><sln:wojIIPWersja>2012-09-27T13:45:13+02:00</sln:wojIIPWersja><sln:wojIdTeryt>22</sln:wojIdTeryt><sln:wojNazwa>pomorskie</sln:wojNazwa></sln:miejscowosc><sln:miejscowosc><sln:cyklZyciaOd>2017-04-04T00:00:00+02:00</sln:cyklZyciaOd><sln:gmIIPId>9c003fe5-0673-480d-ad0d-d6891334a7b8</sln:gmIIPId><sln:gmIIPPn>PL.PZGIK.200</sln:gmIIPPn><sln:gmIIPWersja>2012-09-26T22:45:23+02:00</sln:gmIIPWersja><sln:gmIdTeryt>2203043</sln:gmIdTeryt><sln:gmNazwa>Debrzno</sln:gmNazwa><sln:miejscIIPId>36555ffb-6906-4df0-8f09-9bf2d13ee0d2</sln:miejscIIPId><sln:miejscIIPPn>PL.PZGIK.200</sln:miejscIIPPn><sln:miejscIIPWersja>2017-04-04T08:16:00+02:00</sln:miejscIIPWersja><sln:miejscIdTeryt>0743758</sln:miejscIdTeryt><sln:miejscNazwa>Przypólsko</sln:miejscNazwa><sln:miejscRodzaj>Osada leśna</sln:miejscRodzaj><sln:powIIPId>a103670f-14b0-49b4-9984-e499dd7fb32e</sln:powIIPId><sln:powIIPPn>PL.PZGIK.200</sln:powIIPPn><sln:powIIPWersja>2012-09-27T09:33:51+02:00</sln:powIIPWersja><sln:powIdTeryt>2203</sln:powIdTeryt><sln:powNazwa>człuchowski</sln:powNazwa><sln:waznyOd>2014-01-14T00:00:00+01:00</sln:waznyOd><sln:wojIIPId>ece93e09-0215-42f3-8067-be0649f58d46</sln:wojIIPId><sln:wojIIPPn>PL.PZGIK.200</sln:wojIIPPn><sln:wojIIPWersja>2012-09-27T13:45:13+02:00</sln:wojIIPWersja><sln:wojIdTeryt>22</sln:wojIdTeryt><sln:wojNazwa>pomorskie</sln:wojNazwa></sln:miejscowosc><sln:miejscowosc><sln:cyklZyciaOd>2017-04-04T00:00:00+02:00</sln:cyklZyciaOd><sln:gmIIPId>9c003fe5-0673-480d-ad0d-d6891334a7b8</sln:gmIIPId><sln:gmIIPPn>PL.PZGIK.200</sln:gmIIPPn><sln:gmIIPWersja>2012-09-26T22:45:23+02:00</sln:gmIIPWersja><sln:gmIdTeryt>2203043</sln:gmIdTeryt><sln:gmNazwa>Debrzno</sln:gmNazwa><sln:miejscIIPId>01abfa65-5f0f-4c05-b4b9-fe535abb6d0d</sln:miejscIIPId><sln:miejscIIPPn>PL.PZGIK.200</sln:miejscIIPPn><sln:miejscIIPWersja>2017-04-04T08:16:00+02:00</sln:miejscIIPWersja><sln:miejscIdTeryt>0743764</sln:miejscIdTeryt><sln:miejscNazwa>Stanisławka</sln:miejscNazwa><sln:miejscRodzaj>Osada</sln:miejscRodzaj><sln:powIIPId>a103670f-14b0-49b4-9984-e499dd7fb32e</sln:powIIPId><sln:powIIPPn>PL.PZGIK.200</sln:powIIPPn><sln:powIIPWersja>2012-09-27T09:33:51+02:00</sln:powIIPWersja><sln:powIdTeryt>2203</sln:powIdTeryt><sln:powNazwa>człuchowski</sln:powNazwa><sln:waznyOd>2014-01-14T00:00:00+01:00</sln:waznyOd><sln:wojIIPId>ece93e09-0215-42f3-8067-be0649f58d46</sln:wojIIPId><sln:wojIIPPn>PL.PZGIK.200</sln:wojIIPPn><sln:wojIIPWersja>2012-09-27T13:45:13+02:00</sln:wojIIPWersja><sln:wojIdTeryt>22</sln:wojIdTeryt><sln:wojNazwa>pomorskie</sln:wojNazwa></sln:miejscowosc><sln:miejscowosc><sln:cyklZyciaDo>2017-07-14T00:00:00+02:00</sln:cyklZyciaDo><sln:cyklZyciaOd>2017-04-04T00:00:00+02:00</sln:cyklZyciaOd><sln:gmIIPId>9c003fe5-0673-480d-ad0d-d6891334a7b8</sln:gmIIPId><sln:gmIIPPn>PL.PZGIK.200</sln:gmIIPPn><sln:gmIIPWersja>2012-09-26T22:45:23+02:00</sln:gmIIPWersja><sln:gmIdTeryt>2203043</sln:gmIdTeryt><sln:gmNazwa>Debrzno</sln:gmNazwa><sln:miejscIIPId>2ab43dc6-01c3-42e8-8907-39d7e73e4a16</sln:miejscIIPId><sln:miejscIIPPn>PL.PZGIK.200</sln:miejscIIPPn><sln:miejscIIPWersja>2017-04-04T08:16:00+02:00</sln:miejscIIPWersja><sln:miejscIdTeryt>0743770</sln:miejscIdTeryt><sln:miejscNazwa>Rozwory</sln:miejscNazwa><sln:miejscRodzaj>Wieś</sln:miejscRodzaj><sln:powIIPId>a103670f-14b0-49b4-9984-e499dd7fb32e</sln:powIIPId><sln:powIIPPn>PL.PZGIK.200</sln:powIIPPn><sln:powIIPWersja>2012-09-27T09:33:51+02:00</sln:powIIPWersja><sln:powIdTeryt>2203</sln:powIdTeryt><sln:powNazwa>człuchowski</sln:powNazwa><sln:waznyOd>2014-01-14T00:00:00+01:00</sln:waznyOd><sln:wojIIPId>ece93e09-0215-42f3-8067-be0649f58d46</sln:wojIIPId><sln:wojIIPPn>PL.PZGIK.200</sln:wojIIPPn><sln:wojIIPWersja>2012-09-27T13:45:13+02:00</sln:wojIIPWersja><sln:wojIdTeryt>22</sln:wojIdTeryt><sln:wojNazwa>pomorskie</sln:wojNazwa></sln:miejscowosc><sln:miejscowosc><sln:cyklZyciaOd>2017-04-04T00:00:00+02:00</sln:cyklZyciaOd><sln:gmIIPId>9c003fe5-0673-480d-ad0d-d6891334a7b8</sln:gmIIPId><sln:gmIIPPn>PL.PZGIK.200</sln:gmIIPPn><sln:gmIIPWersja>2012-09-26T22:45:23+02:00</sln:gmIIPWersja><sln:gmIdTeryt>2203043</sln:gmIdTeryt><sln:gmNazwa>Debrzno</sln:gmNazwa><sln:miejscIIPId>058a118b-e508-4da7-be7e-4d1a0070f47a</sln:miejscIIPId><sln:miejscIIPPn>PL.PZGIK.200</sln:miejscIIPPn><sln:miejscIIPWersja>2017-04-04T08:16:00+02:00</sln:miejscIIPWersja><sln:miejscIdTeryt>0743787</sln:miejscIdTeryt><sln:miejscNazwa>Główna</sln:miejscNazwa><sln:miejscRodzaj>Osada</sln:miejscRodzaj><sln:powIIPId>a103670f-14b0-49b4-9984-e499dd7fb32e</sln:powIIPId><sln:powIIPPn>PL.PZGIK.200</sln:powIIPPn><sln:powIIPWersja>2012-09-27T09:33:51+02:00</sln:powIIPWersja><sln:powIdTeryt>2203</sln:powIdTeryt><sln:powNazwa>człuchowski</sln:powNazwa><sln:waznyOd>2014-01-14T00:00:00+01:00</sln:waznyOd><sln:wojIIPId>ece93e09-0215-42f3-8067-be0649f58d46</sln:wojIIPId><sln:wojIIPPn>PL.PZGIK.200</sln:wojIIPPn><sln:wojIIPWersja>2012-09-27T13:45:13+02:00</sln:wojIIPWersja><sln:wojIdTeryt>22</sln:wojIdTeryt><sln:wojNazwa>pomorskie</sln:wojNazwa></sln:miejscowosc><sln:miejscowosc><sln:cyklZyciaDo>2017-07-14T00:00:00+02:00</sln:cyklZyciaDo><sln:cyklZyciaOd>2017-04-04T00:00:00+02:00</sln:cyklZyciaOd><sln:gmIIPId>9c003fe5-0673-480d-ad0d-d6891334a7b8</sln:gmIIPId><sln:gmIIPPn>PL.PZGIK.200</sln:gmIIPPn><sln:gmIIPWersja>2012-09-26T22:45:23+02:00</sln:gmIIPWersja><sln:gmIdTeryt>2203043</sln:gmIdTeryt><sln:gmNazwa>Debrzno</sln:gmNazwa><sln:miejscIIPId>e4bde5b7-9950-4e9b-acb2-0137974d1e3f</sln:miejscIIPId><sln:miejscIIPPn>PL.PZGIK.200</sln:miejscIIPPn><sln:miejscIIPWersja>2017-04-04T08:16:00+02:00</sln:miejscIIPWersja><sln:miejscIdTeryt>0743793</sln:miejscIdTeryt><sln:miejscNazwa>Pędziszewo</sln:miejscNazwa><sln:miejscRodzaj>Przysiółek</sln:miejscRodzaj><sln:powIIPId>a103670f-14b0-49b4-9984-e499dd7fb32e</sln:powIIPId><sln:powIIPPn>PL.PZGIK.200</sln:powIIPPn><sln:powIIPWersja>2012-09-27T09:33:51+02:00</sln:powIIPWersja><sln:powIdTeryt>2203</sln:powIdTeryt><sln:powNazwa>człuchowski</sln:powNazwa><sln:waznyOd>2014-01-14T00:00:00+01:00</sln:waznyOd><sln:wojIIPId>ece93e09-0215-42f3-8067-be0649f58d46</sln:wojIIPId><sln:wojIIPPn>PL.PZGIK.200</sln:wojIIPPn><sln:wojIIPWersja>2012-09-27T13:45:13+02:00</sln:wojIIPWersja><sln:wojIdTeryt>22</sln:wojIdTeryt><sln:wojNazwa>pomorskie</sln:wojNazwa></sln:miejscowosc><sln:miejscowosc><sln:cyklZyciaOd>2017-04-04T00:00:00+02:00</sln:cyklZyciaOd><sln:gmIIPId>9c003fe5-0673-480d-ad0d-d6891334a7b8</sln:gmIIPId><sln:gmIIPPn>PL.PZGIK.200</sln:gmIIPPn><sln:gmIIPWersja>2012-09-26T22:45:23+02:00</sln:gmIIPWersja><sln:gmIdTeryt>2203043</sln:gmIdTeryt><sln:gmNazwa>Debrzno</sln:gmNazwa><sln:miejscIIPId>143e3348-2204-4500-9ec5-e636d648490b</sln:miejscIIPId><sln:miejscIIPPn>PL.PZGIK.200</sln:miejscIIPPn><sln:miejscIIPWersja>2017-04-04T08:16:00+02:00</sln:miejscIIPWersja><sln:miejscIdTeryt>0743818</sln:miejscIdTeryt><sln:miejscNazwa>Skowarnki</sln:miejscNazwa><sln:miejscRodzaj>Osada</sln:miejscRodzaj><sln:powIIPId>a103670f-14b0-49b4-9984-e499dd7fb32e</sln:powIIPId><sln:powIIPPn>PL.PZGIK.200</sln:powIIPPn><sln:powIIPWersja>2012-09-27T09:33:51+02:00</sln:powIIPWersja><sln:powIdTeryt>2203</sln:powIdTeryt><sln:powNazwa>człuchowski</sln:powNazwa><sln:waznyOd>2014-01-14T00:00:00+01:00</sln:waznyOd><sln:wojIIPId>ece93e09-0215-42f3-8067-be0649f58d46</sln:wojIIPId><sln:wojIIPPn>PL.PZGIK.200</sln:wojIIPPn><sln:wojIIPWersja>2012-09-27T13:45:13+02:00</sln:wojIIPWersja><sln:wojIdTeryt>22</sln:wojIdTeryt><sln:wojNazwa>pomorskie</sln:wojNazwa></sln:miejscowosc><sln:miejscowosc><sln:cyklZyciaOd>2017-04-04T00:00:00+02:00</sln:cyklZyciaOd><sln:gmIIPId>9c003fe5-0673-480d-ad0d-d6891334a7b8</sln:gmIIPId><sln:gmIIPPn>PL.PZGIK.200</sln:gmIIPPn><sln:gmIIPWersja>2012-09-26T22:45:23+02:00</sln:gmIIPWersja><sln:gmIdTeryt>2203043</sln:gmIdTeryt><sln:gmNazwa>Debrzno</sln:gmNazwa><sln:miejscIIPId>84294841-a23b-4d8b-8a19-bb630f8159ea</sln:miejscIIPId><sln:miejscIIPPn>PL.PZGIK.200</sln:miejscIIPPn><sln:miejscIIPWersja>2017-04-04T08:16:01+02:00</sln:miejscIIPWersja><sln:miejscIdTeryt>0743824</sln:miejscIdTeryt><sln:miejscNazwa>Pokrzywy</sln:miejscNazwa><sln:miejscRodzaj>Osada</sln:miejscRodzaj><sln:powIIPId>a103670f-14b0-49b4-9984-e499dd7fb32e</sln:powIIPId><sln:powIIPPn>PL.PZGIK.200</sln:powIIPPn><sln:powIIPWersja>2012-09-27T09:33:51+02:00</sln:powIIPWersja><sln:powIdTeryt>2203</sln:powIdTeryt><sln:powNazwa>człuchowski</sln:powNazwa><sln:waznyOd>2014-01-14T00:00:00+01:00</sln:waznyOd><sln:wojIIPId>ece93e09-0215-42f3-8067-be0649f58d46</sln:wojIIPId><sln:wojIIPPn>PL.PZGIK.200</sln:wojIIPPn><sln:wojIIPWersja>2012-09-27T13:45:13+02:00</sln:wojIIPWersja><sln:wojIdTeryt>22</sln:wojIdTeryt><sln:wojNazwa>pomorskie</sln:wojNazwa></sln:miejscowosc><sln:miejscowosc><sln:cyklZyciaDo>2017-07-14T00:00:00+02:00</sln:cyklZyciaDo><sln:cyklZyciaOd>2017-04-04T00:00:00+02:00</sln:cyklZyciaOd><sln:gmIIPId>9c003fe5-0673-480d-ad0d-d6891334a7b8</sln:gmIIPId><sln:gmIIPPn>PL.PZGIK.200</sln:gmIIPPn><sln:gmIIPWersja>2012-09-26T22:45:23+02:00</sln:gmIIPWersja><sln:gmIdTeryt>2203043</sln:gmIdTeryt><sln:gmNazwa>Debrzno</sln:gmNazwa><sln:miejscIIPId>1a2671e5-3673-495d-9e9b-8e86a0f3867f</sln:miejscIIPId><sln:miejscIIPPn>PL.PZGIK.200</sln:miejscIIPPn><sln:miejscIIPWersja>2017-04-04T08:16:01+02:00</sln:miejscIIPWersja><sln:miejscIdTeryt>0743830</sln:miejscIdTeryt><sln:miejscNazwa>Słupia</sln:miejscNazwa><sln:miejscRodzaj>Wieś</sln:miejscRodzaj><sln:powIIPId>a103670f-14b0-49b4-9984-e499dd7fb32e</sln:powIIPId><sln:powIIPPn>PL.PZGIK.200</sln:powIIPPn><sln:powIIPWersja>2012-09-27T09:33:51+02:00</sln:powIIPWersja><sln:powIdTeryt>2203</sln:powIdTeryt><sln:powNazwa>człuchowski</sln:powNazwa><sln:waznyOd>2014-01-14T00:00:00+01:00</sln:waznyOd><sln:wojIIPId>ece93e09-0215-42f3-8067-be0649f58d46</sln:wojIIPId><sln:wojIIPPn>PL.PZGIK.200</sln:wojIIPPn><sln:wojIIPWersja>2012-09-27T13:45:13+02:00</sln:wojIIPWersja><sln:wojIdTeryt>22</sln:wojIdTeryt><sln:wojNazwa>pomorskie</sln:wojNazwa></sln:miejscowosc><sln:miejscowosc><sln:cyklZyciaOd>2017-04-04T00:00:00+02:00</sln:cyklZyciaOd><sln:gmIIPId>9c003fe5-0673-480d-ad0d-d6891334a7b8</sln:gmIIPId><sln:gmIIPPn>PL.PZGIK.200</sln:gmIIPPn><sln:gmIIPWersja>2012-09-26T22:45:23+02:00</sln:gmIIPWersja><sln:gmIdTeryt>2203043</sln:gmIdTeryt><sln:gmNazwa>Debrzno</sln:gmNazwa><sln:miejscIIPId>4ce0aaba-114c-4b07-804d-92b5243617d8</sln:miejscIIPId><sln:miejscIIPPn>PL.PZGIK.200</sln:miejscIIPPn><sln:miejscIIPWersja>2017-04-04T08:16:01+02:00</sln:miejscIIPWersja><sln:miejscIdTeryt>0743847</sln:miejscIdTeryt><sln:miejscNazwa>Stare Gronowo</sln:miejscNazwa><sln:miejscRodzaj>Wieś</sln:miejscRodzaj><sln:powIIPId>a103670f-14b0-49b4-9984-e499dd7fb32e</sln:powIIPId><sln:powIIPPn>PL.PZGIK.200</sln:powIIPPn><sln:powIIPWersja>2012-09-27T09:33:51+02:00</sln:powIIPWersja><sln:powIdTeryt>2203</sln:powIdTeryt><sln:powNazwa>człuchowski</sln:powNazwa><sln:waznyOd>2014-01-14T00:00:00+01:00</sln:waznyOd><sln:wojIIPId>ece93e09-0215-42f3-8067-be0649f58d46</sln:wojIIPId><sln:wojIIPPn>PL.PZGIK.200</sln:wojIIPPn><sln:wojIIPWersja>2012-09-27T13:45:13+02:00</sln:wojIIPWersja><sln:wojIdTeryt>22</sln:wojIdTeryt><sln:wojNazwa>pomorskie</sln:wojNazwa></sln:miejscowosc><sln:miejscowosc><sln:cyklZyciaDo>2017-07-14T00:00:00+02:00</sln:cyklZyciaDo><sln:cyklZyciaOd>2017-04-04T00:00:00+02:00</sln:cyklZyciaOd><sln:gmIIPId>9c003fe5-0673-480d-ad0d-d6891334a7b8</sln:gmIIPId><sln:gmIIPPn>PL.PZGIK.200</sln:gmIIPPn><sln:gmIIPWersja>2012-09-26T22:45:23+02:00</sln:gmIIPWersja><sln:gmIdTeryt>2203043</sln:gmIdTeryt><sln:gmNazwa>Debrzno</sln:gmNazwa><sln:miejscIIPId>89545317-f0b2-4e8c-9c87-0810c85f336a</sln:miejscIIPId><sln:miejscIIPPn>PL.PZGIK.200</sln:miejscIIPPn><sln:miejscIIPWersja>2017-04-04T08:16:01+02:00</sln:miejscIIPWersja><sln:miejscIdTeryt>0743860</sln:miejscIdTeryt><sln:miejscNazwa>Strzeczona</sln:miejscNazwa><sln:miejscRodzaj>Wieś</sln:miejscRodzaj><sln:powIIPId>a103670f-14b0-49b4-9984-e499dd7fb32e</sln:powIIPId><sln:powIIPPn>PL.PZGIK.200</sln:powIIPPn><sln:powIIPWersja>2012-09-27T09:33:51+02:00</sln:powIIPWersja><sln:powIdTeryt>2203</sln:powIdTeryt><sln:powNazwa>człuchowski</sln:powNazwa><sln:waznyOd>2014-01-14T00:00:00+01:00</sln:waznyOd><sln:wojIIPId>ece93e09-0215-42f3-8067-be0649f58d46</sln:wojIIPId><sln:wojIIPPn>PL.PZGIK.200</sln:wojIIPPn><sln:wojIIPWersja>2012-09-27T13:45:13+02:00</sln:wojIIPWersja><sln:wojIdTeryt>22</sln:wojIdTeryt><sln:wojNazwa>pomorskie</sln:wojNazwa></sln:miejscowosc><sln:miejscowosc><sln:cyklZyciaOd>2017-04-04T00:00:00+02:00</sln:cyklZyciaOd><sln:gmIIPId>9c003fe5-0673-480d-ad0d-d6891334a7b8</sln:gmIIPId><sln:gmIIPPn>PL.PZGIK.200</sln:gmIIPPn><sln:gmIIPWersja>2012-09-26T22:45:23+02:00</sln:gmIIPWersja><sln:gmIdTeryt>2203043</sln:gmIdTeryt><sln:gmNazwa>Debrzno</sln:gmNazwa><sln:miejscIIPId>2cc4b6b0-2bde-4ea3-8ed7-c28969fa3801</sln:miejscIIPId><sln:miejscIIPPn>PL.PZGIK.200</sln:miejscIIPPn><sln:miejscIIPWersja>2017-04-04T08:16:01+02:00</sln:miejscIIPWersja><sln:miejscIdTeryt>0743876</sln:miejscIdTeryt><sln:miejscNazwa>Kamień</sln:miejscNazwa><sln:miejscRodzaj>Przysiółek</sln:miejscRodzaj><sln:powIIPId>a103670f-14b0-49b4-9984-e499dd7fb32e</sln:powIIPId><sln:powIIPPn>PL.PZGIK.200</sln:powIIPPn><sln:powIIPWersja>2012-09-27T09:33:51+02:00</sln:powIIPWersja><sln:powIdTeryt>2203</sln:powIdTeryt><sln:powNazwa>człuchowski</sln:powNazwa><sln:waznyOd>2014-01-14T00:00:00+01:00</sln:waznyOd><sln:wojIIPId>ece93e09-0215-42f3-8067-be0649f58d46</sln:wojIIPId><sln:wojIIPPn>PL.PZGIK.200</sln:wojIIPPn><sln:wojIIPWersja>2012-09-27T13:45:13+02:00</sln:wojIIPWersja><sln:wojIdTeryt>22</sln:wojIdTeryt><sln:wojNazwa>pomorskie</sln:wojNazwa></sln:miejscowosc><sln:miejscowosc><sln:cyklZyciaOd>2017-04-04T00:00:00+02:00</sln:cyklZyciaOd><sln:gmIIPId>9c003fe5-0673-480d-ad0d-d6891334a7b8</sln:gmIIPId><sln:gmIIPPn>PL.PZGIK.200</sln:gmIIPPn><sln:gmIIPWersja>2012-09-26T22:45:23+02:00</sln:gmIIPWersja><sln:gmIdTeryt>2203043</sln:gmIdTeryt><sln:gmNazwa>Debrzno</sln:gmNazwa><sln:miejscIIPId>915bc030-ea98-4936-81dc-1bad677c6ec0</sln:miejscIIPId><sln:miejscIIPPn>PL.PZGIK.200</sln:miejscIIPPn><sln:miejscIIPWersja>2017-04-04T08:16:01+02:00</sln:miejscIIPWersja><sln:miejscIdTeryt>0743882</sln:miejscIdTeryt><sln:miejscNazwa>Uniechów</sln:miejscNazwa><sln:miejscRodzaj>Wieś</sln:miejscRodzaj><sln:powIIPId>a103670f-14b0-49b4-9984-e499dd7fb32e</sln:powIIPId><sln:powIIPPn>PL.PZGIK.200</sln:powIIPPn><sln:powIIPWersja>2012-09-27T09:33:51+02:00</sln:powIIPWersja><sln:powIdTeryt>2203</sln:powIdTeryt><sln:powNazwa>człuchowski</sln:powNazwa><sln:waznyOd>2014-01-14T00:00:00+01:00</sln:waznyOd><sln:wojIIPId>ece93e09-0215-42f3-8067-be0649f58d46</sln:wojIIPId><sln:wojIIPPn>PL.PZGIK.200</sln:wojIIPPn><sln:wojIIPWersja>2012-09-27T13:45:13+02:00</sln:wojIIPWersja><sln:wojIdTeryt>22</sln:wojIdTeryt><sln:wojNazwa>pomorskie</sln:wojNazwa></sln:miejscowosc><sln:miejscowosc><sln:cyklZyciaOd>2017-04-04T00:00:00+02:00</sln:cyklZyciaOd><sln:gmIIPId>9c003fe5-0673-480d-ad0d-d6891334a7b8</sln:gmIIPId><sln:gmIIPPn>PL.PZGIK.200</sln:gmIIPPn><sln:gmIIPWersja>2012-09-26T22:45:23+02:00</sln:gmIIPWersja><sln:gmIdTeryt>2203043</sln:gmIdTeryt><sln:gmNazwa>Debrzno</sln:gmNazwa><sln:miejscIIPId>de559f82-b612-478c-9a7b-d76694e86345</sln:miejscIIPId><sln:miejscIIPPn>PL.PZGIK.200</sln:miejscIIPPn><sln:miejscIIPWersja>2017-04-04T08:16:01+02:00</sln:miejscIIPWersja><sln:miejscIdTeryt>0743899</sln:miejscIdTeryt><sln:miejscNazwa>Uniechówek</sln:miejscNazwa><sln:miejscRodzaj>Osada</sln:miejscRodzaj><sln:powIIPId>a103670f-14b0-49b4-9984-e499dd7fb32e</sln:powIIPId><sln:powIIPPn>PL.PZGIK.200</sln:powIIPPn><sln:powIIPWersja>2012-09-27T09:33:51+02:00</sln:powIIPWersja><sln:powIdTeryt>2203</sln:powIdTeryt><sln:powNazwa>człuchowski</sln:powNazwa><sln:waznyOd>2014-01-14T00:00:00+01:00</sln:waznyOd><sln:wojIIPId>ece93e09-0215-42f3-8067-be0649f58d46</sln:wojIIPId><sln:wojIIPPn>PL.PZGIK.200</sln:wojIIPPn><sln:wojIIPWersja>2012-09-27T13:45:13+02:00</sln:wojIIPWersja><sln:wojIdTeryt>22</sln:wojIdTeryt><sln:wojNazwa>pomorskie</sln:wojNazwa></sln:miejscowosc><sln:miejscowosc><sln:cyklZyciaDo>2017-07-14T00:00:00+02:00</sln:cyklZyciaDo><sln:cyklZyciaOd>2017-04-04T00:00:00+02:00</sln:cyklZyciaOd><sln:gmIIPId>9c003fe5-0673-480d-ad0d-d6891334a7b8</sln:gmIIPId><sln:gmIIPPn>PL.PZGIK.200</sln:gmIIPPn><sln:gmIIPWersja>2012-09-26T22:45:23+02:00</sln:gmIIPWersja><sln:gmIdTeryt>2203043</sln:gmIdTeryt><sln:gmNazwa>Debrzno</sln:gmNazwa><sln:miejscIIPId>4a4d6568-3026-4ffb-8c2e-5372f49471a9</sln:miejscIIPId><sln:miejscIIPPn>PL.PZGIK.200</sln:miejscIIPPn><sln:miejscIIPWersja>2017-04-04T08:16:01+02:00</sln:miejscIIPWersja><sln:miejscIdTeryt>0977338</sln:miejscIdTeryt><sln:miejscNazwa>Debrzno</sln:miejscNazwa><sln:miejscRodzaj>Miasto</sln:miejscRodzaj><sln:powIIPId>a103670f-14b0-49b4-9984-e499dd7fb32e</sln:powIIPId><sln:powIIPPn>PL.PZGIK.200</sln:powIIPPn><sln:powIIPWersja>2012-09-27T09:33:51+02:00</sln:powIIPWersja><sln:powIdTeryt>2203</sln:powIdTeryt><sln:powNazwa>człuchowski</sln:powNazwa><sln:waznyOd>2014-01-14T00:00:00+01:00</sln:waznyOd><sln:wojIIPId>ece93e09-0215-42f3-8067-be0649f58d46</sln:wojIIPId><sln:wojIIPPn>PL.PZGIK.200</sln:wojIIPPn><sln:wojIIPWersja>2012-09-27T13:45:13+02:00</sln:wojIIPWersja><sln:wojIdTeryt>22</sln:wojIdTeryt><sln:wojNazwa>pomorskie</sln:wojNazwa></sln:miejscowosc><sln:miejscowosc><sln:cyklZyciaOd>2017-07-14T00:00:00+02:00</sln:cyklZyciaOd><sln:gmIIPId>9c003fe5-0673-480d-ad0d-d6891334a7b8</sln:gmIIPId><sln:gmIIPPn>PL.PZGIK.200</sln:gmIIPPn><sln:gmIIPWersja>2012-09-26T22:45:23+02:00</sln:gmIIPWersja><sln:gmIdTeryt>2203043</sln:gmIdTeryt><sln:gmNazwa>Debrzno</sln:gmNazwa><sln:miejscIIPId>7ff50912-5e05-4d87-87f5-85407197a46d</sln:miejscIIPId><sln:miejscIIPPn>PL.PZGIK.200</sln:miejscIIPPn><sln:miejscIIPWersja>2017-07-14T22:48:40+02:00</sln:miejscIIPWersja><sln:miejscIdTeryt>0743557</sln:miejscIdTeryt><sln:miejscNazwa>Bolesławowo</sln:miejscNazwa><sln:miejscRodzaj>Kolonia</sln:miejscRodzaj><sln:powIIPId>a103670f-14b0-49b4-9984-e499dd7fb32e</sln:powIIPId><sln:powIIPPn>PL.PZGIK.200</sln:powIIPPn><sln:powIIPWersja>2012-09-27T09:33:51+02:00</sln:powIIPWersja><sln:powIdTeryt>2203</sln:powIdTeryt><sln:powNazwa>człuchowski</sln:powNazwa><sln:waznyOd>2017-07-10T00:00:00+02:00</sln:waznyOd><sln:wojIIPId>ece93e09-0215-42f3-8067-be0649f58d46</sln:wojIIPId><sln:wojIIPPn>PL.PZGIK.200</sln:wojIIPPn><sln:wojIIPWersja>2012-09-27T13:45:13+02:00</sln:wojIIPWersja><sln:wojIdTeryt>22</sln:wojIdTeryt><sln:wojNazwa>pomorskie</sln:wojNazwa></sln:miejscowosc><sln:miejscowosc><sln:cyklZyciaOd>2017-07-14T00:00:00+02:00</sln:cyklZyciaOd><sln:gmIIPId>9c003fe5-0673-480d-ad0d-d6891334a7b8</sln:gmIIPId><sln:gmIIPPn>PL.PZGIK.200</sln:gmIIPPn><sln:gmIIPWersja>2012-09-26T22:45:23+02:00</sln:gmIIPWersja><sln:gmIdTeryt>2203043</sln:gmIdTeryt><sln:gmNazwa>Debrzno</sln:gmNazwa><sln:miejscIIPId>d7ad1b0d-ac4e-4bc5-82ab-04de1964970f</sln:miejscIIPId><sln:miejscIIPPn>PL.PZGIK.200</sln:miejscIIPPn><sln:miejscIIPWersja>2017-07-14T22:48:49+02:00</sln:miejscIIPWersja><sln:miejscIdTeryt>0743563</sln:miejscIdTeryt><sln:miejscNazwa>Kostrzyca</sln:miejscNazwa><sln:miejscRodzaj>Inny obiekt</sln:miejscRodzaj><sln:powIIPId>a103670f-14b0-49b4-9984-e499dd7fb32e</sln:powIIPId><sln:powIIPPn>PL.PZGIK.200</sln:powIIPPn><sln:powIIPWersja>2012-09-27T09:33:51+02:00</sln:powIIPWersja><sln:powIdTeryt>2203</sln:powIdTeryt><sln:powNazwa>człuchowski</sln:powNazwa><sln:waznyOd>2017-07-10T00:00:00+02:00</sln:waznyOd><sln:wojIIPId>ece93e09-0215-42f3-8067-be0649f58d46</sln:wojIIPId><sln:wojIIPPn>PL.PZGIK.200</sln:wojIIPPn><sln:wojIIPWersja>2012-09-27T13:45:13+02:00</sln:wojIIPWersja><sln:wojIdTeryt>22</sln:wojIdTeryt><sln:wojNazwa>pomorskie</sln:wojNazwa></sln:miejscowosc><sln:miejscowosc><sln:cyklZyciaOd>2017-07-14T00:00:00+02:00</sln:cyklZyciaOd><sln:gmIIPId>9c003fe5-0673-480d-ad0d-d6891334a7b8</sln:gmIIPId><sln:gmIIPPn>PL.PZGIK.200</sln:gmIIPPn><sln:gmIIPWersja>2012-09-26T22:45:23+02:00</sln:gmIIPWersja><sln:gmIdTeryt>2203043</sln:gmIdTeryt><sln:gmNazwa>Debrzno</sln:gmNazwa><sln:miejscIIPId>5a4a310c-8700-46a9-ad9a-4c71075472af</sln:miejscIIPId><sln:miejscIIPPn>PL.PZGIK.200</sln:miejscIIPPn><sln:miejscIIPWersja>2017-07-14T22:48:49+02:00</sln:miejscIIPWersja><sln:miejscIdTeryt>0743675</sln:miejscIdTeryt><sln:miejscNazwa>Myśligoszcz</sln:miejscNazwa><sln:miejscRodzaj>Wieś</sln:miejscRodzaj><sln:powIIPId>a103670f-14b0-49b4-9984-e499dd7fb32e</sln:powIIPId><sln:powIIPPn>PL.PZGIK.200</sln:powIIPPn><sln:powIIPWersja>2012-09-27T09:33:51+02:00</sln:powIIPWersja><sln:powIdTeryt>2203</sln:powIdTeryt><sln:powNazwa>człuchowski</sln:powNazwa><sln:waznyOd>2017-07-10T00:00:00+02:00</sln:waznyOd><sln:wojIIPId>ece93e09-0215-42f3-8067-be0649f58d46</sln:wojIIPId><sln:wojIIPPn>PL.PZGIK.200</sln:wojIIPPn><sln:wojIIPWersja>2012-09-27T13:45:13+02:00</sln:wojIIPWersja><sln:wojIdTeryt>22</sln:wojIdTeryt><sln:wojNazwa>pomorskie</sln:wojNazwa></sln:miejscowosc><sln:miejscowosc><sln:cyklZyciaOd>2017-07-14T00:00:00+02:00</sln:cyklZyciaOd><sln:gmIIPId>9c003fe5-0673-480d-ad0d-d6891334a7b8</sln:gmIIPId><sln:gmIIPPn>PL.PZGIK.200</sln:gmIIPPn><sln:gmIIPWersja>2012-09-26T22:45:23+02:00</sln:gmIIPWersja><sln:gmIdTeryt>2203043</sln:gmIdTeryt><sln:gmNazwa>Debrzno</sln:gmNazwa><sln:miejscIIPId>3fe5b891-628e-4ac1-b2ca-fc198f8bc516</sln:miejscIIPId><sln:miejscIIPPn>PL.PZGIK.200</sln:miejscIIPPn><sln:miejscIIPWersja>2017-07-14T22:48:49+02:00</sln:miejscIIPWersja><sln:miejscIdTeryt>0743735</sln:miejscIdTeryt><sln:miejscNazwa>Grzymisław</sln:miejscNazwa><sln:miejscRodzaj>Kolonia</sln:miejscRodzaj><sln:powIIPId>a103670f-14b0-49b4-9984-e499dd7fb32e</sln:powIIPId><sln:powIIPPn>PL.PZGIK.200</sln:powIIPPn><sln:powIIPWersja>2012-09-27T09:33:51+02:00</sln:powIIPWersja><sln:powIdTeryt>2203</sln:powIdTeryt><sln:powNazwa>człuchowski</sln:powNazwa><sln:waznyOd>2017-07-10T00:00:00+02:00</sln:waznyOd><sln:wojIIPId>ece93e09-0215-42f3-8067-be0649f58d46</sln:wojIIPId><sln:wojIIPPn>PL.PZGIK.200</sln:wojIIPPn><sln:wojIIPWersja>2012-09-27T13:45:13+02:00</sln:wojIIPWersja><sln:wojIdTeryt>22</sln:wojIdTeryt><sln:wojNazwa>pomorskie</sln:wojNazwa></sln:miejscowosc><sln:miejscowosc><sln:cyklZyciaOd>2017-07-14T00:00:00+02:00</sln:cyklZyciaOd><sln:gmIIPId>9c003fe5-0673-480d-ad0d-d6891334a7b8</sln:gmIIPId><sln:gmIIPPn>PL.PZGIK.200</sln:gmIIPPn><sln:gmIIPWersja>2012-09-26T22:45:23+02:00</sln:gmIIPWersja><sln:gmIdTeryt>2203043</sln:gmIdTeryt><sln:gmNazwa>Debrzno</sln:gmNazwa><sln:miejscIIPId>2ab43dc6-01c3-42e8-8907-39d7e73e4a16</sln:miejscIIPId><sln:miejscIIPPn>PL.PZGIK.200</sln:miejscIIPPn><sln:miejscIIPWersja>2017-07-14T22:48:50+02:00</sln:miejscIIPWersja><sln:miejscIdTeryt>0743770</sln:miejscIdTeryt><sln:miejscNazwa>Rozwory</sln:miejscNazwa><sln:miejscRodzaj>Wieś</sln:miejscRodzaj><sln:powIIPId>a103670f-14b0-49b4-9984-e499dd7fb32e</sln:powIIPId><sln:powIIPPn>PL.PZGIK.200</sln:powIIPPn><sln:powIIPWersja>2012-09-27T09:33:51+02:00</sln:powIIPWersja><sln:powIdTeryt>2203</sln:powIdTeryt><sln:powNazwa>człuchowski</sln:powNazwa><sln:waznyOd>2017-07-10T00:00:00+02:00</sln:waznyOd><sln:wojIIPId>ece93e09-0215-42f3-8067-be0649f58d46</sln:wojIIPId><sln:wojIIPPn>PL.PZGIK.200</sln:wojIIPPn><sln:wojIIPWersja>2012-09-27T13:45:13+02:00</sln:wojIIPWersja><sln:wojIdTeryt>22</sln:wojIdTeryt><sln:wojNazwa>pomorskie</sln:wojNazwa></sln:miejscowosc><sln:miejscowosc><sln:cyklZyciaOd>2017-07-14T00:00:00+02:00</sln:cyklZyciaOd><sln:gmIIPId>9c003fe5-0673-480d-ad0d-d6891334a7b8</sln:gmIIPId><sln:gmIIPPn>PL.PZGIK.200</sln:gmIIPPn><sln:gmIIPWersja>2012-09-26T22:45:23+02:00</sln:gmIIPWersja><sln:gmIdTeryt>2203043</sln:gmIdTeryt><sln:gmNazwa>Debrzno</sln:gmNazwa><sln:miejscIIPId>e4bde5b7-9950-4e9b-acb2-0137974d1e3f</sln:miejscIIPId><sln:miejscIIPPn>PL.PZGIK.200</sln:miejscIIPPn><sln:miejscIIPWersja>2017-07-14T22:48:50+02:00</sln:miejscIIPWersja><sln:miejscIdTeryt>0743793</sln:miejscIdTeryt><sln:miejscNazwa>Pędziszewo</sln:miejscNazwa><sln:miejscRodzaj>Przysiółek</sln:miejscRodzaj><sln:powIIPId>a103670f-14b0-49b4-9984-e499dd7fb32e</sln:powIIPId><sln:powIIPPn>PL.PZGIK.200</sln:powIIPPn><sln:powIIPWersja>2012-09-27T09:33:51+02:00</sln:powIIPWersja><sln:powIdTeryt>2203</sln:powIdTeryt><sln:powNazwa>człuchowski</sln:powNazwa><sln:waznyOd>2017-07-10T00:00:00+02:00</sln:waznyOd><sln:wojIIPId>ece93e09-0215-42f3-8067-be0649f58d46</sln:wojIIPId><sln:wojIIPPn>PL.PZGIK.200</sln:wojIIPPn><sln:wojIIPWersja>2012-09-27T13:45:13+02:00</sln:wojIIPWersja><sln:wojIdTeryt>22</sln:wojIdTeryt><sln:wojNazwa>pomorskie</sln:wojNazwa></sln:miejscowosc><sln:miejscowosc><sln:cyklZyciaOd>2017-07-14T00:00:00+02:00</sln:cyklZyciaOd><sln:gmIIPId>9c003fe5-0673-480d-ad0d-d6891334a7b8</sln:gmIIPId><sln:gmIIPPn>PL.PZGIK.200</sln:gmIIPPn><sln:gmIIPWersja>2012-09-26T22:45:23+02:00</sln:gmIIPWersja><sln:gmIdTeryt>2203043</sln:gmIdTeryt><sln:gmNazwa>Debrzno</sln:gmNazwa><sln:miejscIIPId>1a2671e5-3673-495d-9e9b-8e86a0f3867f</sln:miejscIIPId><sln:miejscIIPPn>PL.PZGIK.200</sln:miejscIIPPn><sln:miejscIIPWersja>2017-07-14T22:48:50+02:00</sln:miejscIIPWersja><sln:miejscIdTeryt>0743830</sln:miejscIdTeryt><sln:miejscNazwa>Słupia</sln:miejscNazwa><sln:miejscRodzaj>Wieś</sln:miejscRodzaj><sln:powIIPId>a103670f-14b0-49b4-9984-e499dd7fb32e</sln:powIIPId><sln:powIIPPn>PL.PZGIK.200</sln:powIIPPn><sln:powIIPWersja>2012-09-27T09:33:51+02:00</sln:powIIPWersja><sln:powIdTeryt>2203</sln:powIdTeryt><sln:powNazwa>człuchowski</sln:powNazwa><sln:waznyOd>2017-07-10T00:00:00+02:00</sln:waznyOd><sln:wojIIPId>ece93e09-0215-42f3-8067-be0649f58d46</sln:wojIIPId><sln:wojIIPPn>PL.PZGIK.200</sln:wojIIPPn><sln:wojIIPWersja>2012-09-27T13:45:13+02:00</sln:wojIIPWersja><sln:wojIdTeryt>22</sln:wojIdTeryt><sln:wojNazwa>pomorskie</sln:wojNazwa></sln:miejscowosc><sln:miejscowosc><sln:cyklZyciaOd>2017-07-14T00:00:00+02:00</sln:cyklZyciaOd><sln:gmIIPId>9c003fe5-0673-480d-ad0d-d6891334a7b8</sln:gmIIPId><sln:gmIIPPn>PL.PZGIK.200</sln:gmIIPPn><sln:gmIIPWersja>2012-09-26T22:45:23+02:00</sln:gmIIPWersja><sln:gmIdTeryt>2203043</sln:gmIdTeryt><sln:gmNazwa>Debrzno</sln:gmNazwa><sln:miejscIIPId>89545317-f0b2-4e8c-9c87-0810c85f336a</sln:miejscIIPId><sln:miejscIIPPn>PL.PZGIK.200</sln:miejscIIPPn><sln:miejscIIPWersja>2017-07-14T22:48:50+02:00</sln:miejscIIPWersja><sln:miejscIdTeryt>0743860</sln:miejscIdTeryt><sln:miejscNazwa>Strzeczona</sln:miejscNazwa><sln:miejscRodzaj>Wieś</sln:miejscRodzaj><sln:powIIPId>a103670f-14b0-49b4-9984-e499dd7fb32e</sln:powIIPId><sln:powIIPPn>PL.PZGIK.200</sln:powIIPPn><sln:powIIPWersja>2012-09-27T09:33:51+02:00</sln:powIIPWersja><sln:powIdTeryt>2203</sln:powIdTeryt><sln:powNazwa>człuchowski</sln:powNazwa><sln:waznyOd>2017-07-10T00:00:00+02:00</sln:waznyOd><sln:wojIIPId>ece93e09-0215-42f3-8067-be0649f58d46</sln:wojIIPId><sln:wojIIPPn>PL.PZGIK.200</sln:wojIIPPn><sln:wojIIPWersja>2012-09-27T13:45:13+02:00</sln:wojIIPWersja><sln:wojIdTeryt>22</sln:wojIdTeryt><sln:wojNazwa>pomorskie</sln:wojNazwa></sln:miejscowosc><sln:miejscowosc><sln:cyklZyciaOd>2017-07-14T00:00:00+02:00</sln:cyklZyciaOd><sln:gmIIPId>9c003fe5-0673-480d-ad0d-d6891334a7b8</sln:gmIIPId><sln:gmIIPPn>PL.PZGIK.200</sln:gmIIPPn><sln:gmIIPWersja>2012-09-26T22:45:23+02:00</sln:gmIIPWersja><sln:gmIdTeryt>2203043</sln:gmIdTeryt><sln:gmNazwa>Debrzno</sln:gmNazwa><sln:miejscIIPId>4a4d6568-3026-4ffb-8c2e-5372f49471a9</sln:miejscIIPId><sln:miejscIIPPn>PL.PZGIK.200</sln:miejscIIPPn><sln:miejscIIPWersja>2017-07-14T22:48:50+02:00</sln:miejscIIPWersja><sln:miejscIdTeryt>0977338</sln:miejscIdTeryt><sln:miejscNazwa>Debrzno</sln:miejscNazwa><sln:miejscRodzaj>Miasto</sln:miejscRodzaj><sln:powIIPId>a103670f-14b0-49b4-9984-e499dd7fb32e</sln:powIIPId><sln:powIIPPn>PL.PZGIK.200</sln:powIIPPn><sln:powIIPWersja>2012-09-27T09:33:51+02:00</sln:powIIPWersja><sln:powIdTeryt>2203</sln:powIdTeryt><sln:powNazwa>człuchowski</sln:powNazwa><sln:waznyOd>2017-07-10T00:00:00+02:00</sln:waznyOd><sln:wojIIPId>ece93e09-0215-42f3-8067-be0649f58d46</sln:wojIIPId><sln:wojIIPPn>PL.PZGIK.200</sln:wojIIPPn><sln:wojIIPWersja>2012-09-27T13:45:13+02:00</sln:wojIIPWersja><sln:wojIdTeryt>22</sln:wojIdTeryt><sln:wojNazwa>pomorskie</sln:wojNazwa></sln:miejscowosc></sln:lista-miejscowosci>