<?xml version="1.0" encoding="UTF-8" standalone="yes"?><sln:lista-miejscowosci xmlns:srv="http://gugik.gov.pl/schemas/slowniki-service/1.0" xmlns:sln="http://gugik.gov.pl/schemas/slowniki-schema/1.0"><sln:miejscowosc><sln:cyklZyciaDo>2017-04-05T00:00:00+02:00</sln:cyklZyciaDo><sln:cyklZyciaOd>2016-01-22T00:00:00+01:00</sln:cyklZyciaOd><sln:gmIIPId>59d06803-e153-4e8b-b9ec-ed0e83492ffc</sln:gmIIPId><sln:gmIIPPn>PL.PZGIK.200</sln:gmIIPPn><sln:gmIIPWersja>2012-09-26T22:30:39+02:00</sln:gmIIPWersja><sln:gmIdTeryt>2207052</sln:gmIdTeryt><sln:gmNazwa>Ryjewo</sln:gmNazwa><sln:miejscIIPId>d8e870c3-a076-4da0-afbc-c0ebe2e5cf13</sln:miejscIIPId><sln:miejscIIPPn>PL.PZGIK.200</sln:miejscIIPPn><sln:miejscIIPWersja>2016-11-24T09:26:06+02:00</sln:miejscIIPWersja><sln:miejscIdTeryt>0156200</sln:miejscIdTeryt><sln:miejscNazwa>Barcice</sln:miejscNazwa><sln:miejscRodzaj>Wieś</sln:miejscRodzaj><sln:powIIPId>f4ba051f-f3e2-4074-b9c2-9bd3d3939333</sln:powIIPId><sln:powIIPPn>PL.PZGIK.200</sln:powIIPPn><sln:powIIPWersja>2012-09-27T09:33:51+02:00</sln:powIIPWersja><sln:powIdTeryt>2207</sln:powIdTeryt><sln:powNazwa>kwidzyński</sln:powNazwa><sln:waznyOd>2013-10-11T00:00:00+02:00</sln:waznyOd><sln:wojIIPId>ece93e09-0215-42f3-8067-be0649f58d46</sln:wojIIPId><sln:wojIIPPn>PL.PZGIK.200</sln:wojIIPPn><sln:wojIIPWersja>2012-09-27T13:45:13+02:00</sln:wojIIPWersja><sln:wojIdTeryt>22</sln:wojIdTeryt><sln:wojNazwa>pomorskie</sln:wojNazwa></sln:miejscowosc><sln:miejscowosc><sln:cyklZyciaDo>2017-04-05T00:00:00+02:00</sln:cyklZyciaDo><sln:cyklZyciaOd>2016-01-22T00:00:00+01:00</sln:cyklZyciaOd><sln:gmIIPId>59d06803-e153-4e8b-b9ec-ed0e83492ffc</sln:gmIIPId><sln:gmIIPPn>PL.PZGIK.200</sln:gmIIPPn><sln:gmIIPWersja>2012-09-26T22:30:39+02:00</sln:gmIIPWersja><sln:gmIdTeryt>2207052</sln:gmIdTeryt><sln:gmNazwa>Ryjewo</sln:gmNazwa><sln:miejscIIPId>6a4865cb-bd9a-4b10-b6a8-f93af73b8b0f</sln:miejscIIPId><sln:miejscIIPPn>PL.PZGIK.200</sln:miejscIIPPn><sln:miejscIIPWersja>2016-11-24T09:26:06+02:00</sln:miejscIIPWersja><sln:miejscIdTeryt>0156216</sln:miejscIdTeryt><sln:miejscNazwa>Benowo</sln:miejscNazwa><sln:miejscRodzaj>Wieś</sln:miejscRodzaj><sln:powIIPId>f4ba051f-f3e2-4074-b9c2-9bd3d3939333</sln:powIIPId><sln:powIIPPn>PL.PZGIK.200</sln:powIIPPn><sln:powIIPWersja>2012-09-27T09:33:51+02:00</sln:powIIPWersja><sln:powIdTeryt>2207</sln:powIdTeryt><sln:powNazwa>kwidzyński</sln:powNazwa><sln:waznyOd>2013-10-11T00:00:00+02:00</sln:waznyOd><sln:wojIIPId>ece93e09-0215-42f3-8067-be0649f58d46</sln:wojIIPId><sln:wojIIPPn>PL.PZGIK.200</sln:wojIIPPn><sln:wojIIPWersja>2012-09-27T13:45:13+02:00</sln:wojIIPWersja><sln:wojIdTeryt>22</sln:wojIdTeryt><sln:wojNazwa>pomorskie</sln:wojNazwa></sln:miejscowosc><sln:miejscowosc><sln:cyklZyciaDo>2017-04-05T00:00:00+02:00</sln:cyklZyciaDo><sln:cyklZyciaOd>2016-01-22T00:00:00+01:00</sln:cyklZyciaOd><sln:gmIIPId>59d06803-e153-4e8b-b9ec-ed0e83492ffc</sln:gmIIPId><sln:gmIIPPn>PL.PZGIK.200</sln:gmIIPPn><sln:gmIIPWersja>2012-09-26T22:30:39+02:00</sln:gmIIPWersja><sln:gmIdTeryt>2207052</sln:gmIdTeryt><sln:gmNazwa>Ryjewo</sln:gmNazwa><sln:miejscIIPId>0b4d7381-f494-4534-a8d1-7a8b1b21080c</sln:miejscIIPId><sln:miejscIIPPn>PL.PZGIK.200</sln:miejscIIPPn><sln:miejscIIPWersja>2016-11-24T09:26:06+02:00</sln:miejscIIPWersja><sln:miejscIdTeryt>0156245</sln:miejscIdTeryt><sln:miejscNazwa>Borowy Młyn</sln:miejscNazwa><sln:miejscRodzaj>Wieś</sln:miejscRodzaj><sln:powIIPId>f4ba051f-f3e2-4074-b9c2-9bd3d3939333</sln:powIIPId><sln:powIIPPn>PL.PZGIK.200</sln:powIIPPn><sln:powIIPWersja>2012-09-27T09:33:51+02:00</sln:powIIPWersja><sln:powIdTeryt>2207</sln:powIdTeryt><sln:powNazwa>kwidzyński</sln:powNazwa><sln:waznyOd>2013-10-11T00:00:00+02:00</sln:waznyOd><sln:wojIIPId>ece93e09-0215-42f3-8067-be0649f58d46</sln:wojIIPId><sln:wojIIPPn>PL.PZGIK.200</sln:wojIIPPn><sln:wojIIPWersja>2012-09-27T13:45:13+02:00</sln:wojIIPWersja><sln:wojIdTeryt>22</sln:wojIdTeryt><sln:wojNazwa>pomorskie</sln:wojNazwa></sln:miejscowosc><sln:miejscowosc><sln:cyklZyciaDo>2017-04-05T00:00:00+02:00</sln:cyklZyciaDo><sln:cyklZyciaOd>2016-01-22T00:00:00+01:00</sln:cyklZyciaOd><sln:gmIIPId>59d06803-e153-4e8b-b9ec-ed0e83492ffc</sln:gmIIPId><sln:gmIIPPn>PL.PZGIK.200</sln:gmIIPPn><sln:gmIIPWersja>2012-09-26T22:30:39+02:00</sln:gmIIPWersja><sln:gmIdTeryt>2207052</sln:gmIdTeryt><sln:gmNazwa>Ryjewo</sln:gmNazwa><sln:miejscIIPId>a46756fe-2379-4107-a3c4-6e8a1e030b9e</sln:miejscIIPId><sln:miejscIIPPn>PL.PZGIK.200</sln:miejscIIPPn><sln:miejscIIPWersja>2016-11-24T09:26:06+02:00</sln:miejscIIPWersja><sln:miejscIdTeryt>0156251</sln:miejscIdTeryt><sln:miejscNazwa>Jałowiec</sln:miejscNazwa><sln:miejscRodzaj>Wieś</sln:miejscRodzaj><sln:powIIPId>f4ba051f-f3e2-4074-b9c2-9bd3d3939333</sln:powIIPId><sln:powIIPPn>PL.PZGIK.200</sln:powIIPPn><sln:powIIPWersja>2012-09-27T09:33:51+02:00</sln:powIIPWersja><sln:powIdTeryt>2207</sln:powIdTeryt><sln:powNazwa>kwidzyński</sln:powNazwa><sln:waznyOd>2013-10-11T00:00:00+02:00</sln:waznyOd><sln:wojIIPId>ece93e09-0215-42f3-8067-be0649f58d46</sln:wojIIPId><sln:wojIIPPn>PL.PZGIK.200</sln:wojIIPPn><sln:wojIIPWersja>2012-09-27T13:45:13+02:00</sln:wojIIPWersja><sln:wojIdTeryt>22</sln:wojIdTeryt><sln:wojNazwa>pomorskie</sln:wojNazwa></sln:miejscowosc><sln:miejscowosc><sln:cyklZyciaDo>2017-04-05T00:00:00+02:00</sln:cyklZyciaDo><sln:cyklZyciaOd>2016-01-22T00:00:00+01:00</sln:cyklZyciaOd><sln:gmIIPId>59d06803-e153-4e8b-b9ec-ed0e83492ffc</sln:gmIIPId><sln:gmIIPPn>PL.PZGIK.200</sln:gmIIPPn><sln:gmIIPWersja>2012-09-26T22:30:39+02:00</sln:gmIIPWersja><sln:gmIdTeryt>2207052</sln:gmIdTeryt><sln:gmNazwa>Ryjewo</sln:gmNazwa><sln:miejscIIPId>33b1310b-34f7-435a-aa80-1bf61771c21c</sln:miejscIIPId><sln:miejscIIPPn>PL.PZGIK.200</sln:miejscIIPPn><sln:miejscIIPWersja>2016-11-24T09:26:06+02:00</sln:miejscIIPWersja><sln:miejscIdTeryt>0156268</sln:miejscIdTeryt><sln:miejscNazwa>Jarzębina</sln:miejscNazwa><sln:miejscRodzaj>Wieś</sln:miejscRodzaj><sln:powIIPId>f4ba051f-f3e2-4074-b9c2-9bd3d3939333</sln:powIIPId><sln:powIIPPn>PL.PZGIK.200</sln:powIIPPn><sln:powIIPWersja>2012-09-27T09:33:51+02:00</sln:powIIPWersja><sln:powIdTeryt>2207</sln:powIdTeryt><sln:powNazwa>kwidzyński</sln:powNazwa><sln:waznyOd>2013-10-11T00:00:00+02:00</sln:waznyOd><sln:wojIIPId>ece93e09-0215-42f3-8067-be0649f58d46</sln:wojIIPId><sln:wojIIPPn>PL.PZGIK.200</sln:wojIIPPn><sln:wojIIPWersja>2012-09-27T13:45:13+02:00</sln:wojIIPWersja><sln:wojIdTeryt>22</sln:wojIdTeryt><sln:wojNazwa>pomorskie</sln:wojNazwa></sln:miejscowosc><sln:miejscowosc><sln:cyklZyciaDo>2017-04-05T00:00:00+02:00</sln:cyklZyciaDo><sln:cyklZyciaOd>2016-01-22T00:00:00+01:00</sln:cyklZyciaOd><sln:gmIIPId>59d06803-e153-4e8b-b9ec-ed0e83492ffc</sln:gmIIPId><sln:gmIIPPn>PL.PZGIK.200</sln:gmIIPPn><sln:gmIIPWersja>2012-09-26T22:30:39+02:00</sln:gmIIPWersja><sln:gmIdTeryt>2207052</sln:gmIdTeryt><sln:gmNazwa>Ryjewo</sln:gmNazwa><sln:miejscIIPId>f3f65ce2-f25e-44e0-abf0-dd8abcc85960</sln:miejscIIPId><sln:miejscIIPPn>PL.PZGIK.200</sln:miejscIIPPn><sln:miejscIIPWersja>2016-11-24T09:26:06+02:00</sln:miejscIIPWersja><sln:miejscIdTeryt>0156280</sln:miejscIdTeryt><sln:miejscNazwa>Klecewko</sln:miejscNazwa><sln:miejscRodzaj>Osada</sln:miejscRodzaj><sln:powIIPId>f4ba051f-f3e2-4074-b9c2-9bd3d3939333</sln:powIIPId><sln:powIIPPn>PL.PZGIK.200</sln:powIIPPn><sln:powIIPWersja>2012-09-27T09:33:51+02:00</sln:powIIPWersja><sln:powIdTeryt>2207</sln:powIdTeryt><sln:powNazwa>kwidzyński</sln:powNazwa><sln:waznyOd>2013-11-02T00:00:00+01:00</sln:waznyOd><sln:wojIIPId>ece93e09-0215-42f3-8067-be0649f58d46</sln:wojIIPId><sln:wojIIPPn>PL.PZGIK.200</sln:wojIIPPn><sln:wojIIPWersja>2012-09-27T13:45:13+02:00</sln:wojIIPWersja><sln:wojIdTeryt>22</sln:wojIdTeryt><sln:wojNazwa>pomorskie</sln:wojNazwa></sln:miejscowosc><sln:miejscowosc><sln:cyklZyciaDo>2017-04-05T00:00:00+02:00</sln:cyklZyciaDo><sln:cyklZyciaOd>2016-01-22T00:00:00+01:00</sln:cyklZyciaOd><sln:gmIIPId>59d06803-e153-4e8b-b9ec-ed0e83492ffc</sln:gmIIPId><sln:gmIIPPn>PL.PZGIK.200</sln:gmIIPPn><sln:gmIIPWersja>2012-09-26T22:30:39+02:00</sln:gmIIPWersja><sln:gmIdTeryt>2207052</sln:gmIdTeryt><sln:gmNazwa>Ryjewo</sln:gmNazwa><sln:miejscIIPId>dfb2a997-1b15-4d96-bc83-65580a049762</sln:miejscIIPId><sln:miejscIIPPn>PL.PZGIK.200</sln:miejscIIPPn><sln:miejscIIPWersja>2016-11-24T09:26:06+02:00</sln:miejscIIPWersja><sln:miejscIdTeryt>0156222</sln:miejscIdTeryt><sln:miejscNazwa>Kuliki</sln:miejscNazwa><sln:miejscRodzaj>Osada leśna</sln:miejscRodzaj><sln:powIIPId>f4ba051f-f3e2-4074-b9c2-9bd3d3939333</sln:powIIPId><sln:powIIPPn>PL.PZGIK.200</sln:powIIPPn><sln:powIIPWersja>2012-09-27T09:33:51+02:00</sln:powIIPWersja><sln:powIdTeryt>2207</sln:powIdTeryt><sln:powNazwa>kwidzyński</sln:powNazwa><sln:waznyOd>2013-11-02T00:00:00+01:00</sln:waznyOd><sln:wojIIPId>ece93e09-0215-42f3-8067-be0649f58d46</sln:wojIIPId><sln:wojIIPPn>PL.PZGIK.200</sln:wojIIPPn><sln:wojIIPWersja>2012-09-27T13:45:13+02:00</sln:wojIIPWersja><sln:wojIdTeryt>22</sln:wojIdTeryt><sln:wojNazwa>pomorskie</sln:wojNazwa></sln:miejscowosc><sln:miejscowosc><sln:cyklZyciaDo>2017-04-05T00:00:00+02:00</sln:cyklZyciaDo><sln:cyklZyciaOd>2016-01-22T00:00:00+01:00</sln:cyklZyciaOd><sln:gmIIPId>59d06803-e153-4e8b-b9ec-ed0e83492ffc</sln:gmIIPId><sln:gmIIPPn>PL.PZGIK.200</sln:gmIIPPn><sln:gmIIPWersja>2012-09-26T22:30:39+02:00</sln:gmIIPWersja><sln:gmIdTeryt>2207052</sln:gmIdTeryt><sln:gmNazwa>Ryjewo</sln:gmNazwa><sln:miejscIIPId>f6b0c525-cc56-443a-bc33-408e71166324</sln:miejscIIPId><sln:miejscIIPPn>PL.PZGIK.200</sln:miejscIIPPn><sln:miejscIIPWersja>2016-11-24T09:26:06+02:00</sln:miejscIIPWersja><sln:miejscIdTeryt>0156297</sln:miejscIdTeryt><sln:miejscNazwa>Mątki</sln:miejscNazwa><sln:miejscRodzaj>Osada</sln:miejscRodzaj><sln:powIIPId>f4ba051f-f3e2-4074-b9c2-9bd3d3939333</sln:powIIPId><sln:powIIPPn>PL.PZGIK.200</sln:powIIPPn><sln:powIIPWersja>2012-09-27T09:33:51+02:00</sln:powIIPWersja><sln:powIdTeryt>2207</sln:powIdTeryt><sln:powNazwa>kwidzyński</sln:powNazwa><sln:waznyOd>2013-10-11T00:00:00+02:00</sln:waznyOd><sln:wojIIPId>ece93e09-0215-42f3-8067-be0649f58d46</sln:wojIIPId><sln:wojIIPPn>PL.PZGIK.200</sln:wojIIPPn><sln:wojIIPWersja>2012-09-27T13:45:13+02:00</sln:wojIIPWersja><sln:wojIdTeryt>22</sln:wojIdTeryt><sln:wojNazwa>pomorskie</sln:wojNazwa></sln:miejscowosc><sln:miejscowosc><sln:cyklZyciaDo>2017-04-05T00:00:00+02:00</sln:cyklZyciaDo><sln:cyklZyciaOd>2016-01-22T00:00:00+01:00</sln:cyklZyciaOd><sln:gmIIPId>59d06803-e153-4e8b-b9ec-ed0e83492ffc</sln:gmIIPId><sln:gmIIPPn>PL.PZGIK.200</sln:gmIIPPn><sln:gmIIPWersja>2012-09-26T22:30:39+02:00</sln:gmIIPWersja><sln:gmIdTeryt>2207052</sln:gmIdTeryt><sln:gmNazwa>Ryjewo</sln:gmNazwa><sln:miejscIIPId>5fcfebf8-7935-4700-b881-22ca0fa8ca32</sln:miejscIIPId><sln:miejscIIPPn>PL.PZGIK.200</sln:miejscIIPPn><sln:miejscIIPWersja>2016-11-24T09:26:06+02:00</sln:miejscIIPWersja><sln:miejscIdTeryt>0156305</sln:miejscIdTeryt><sln:miejscNazwa>Mątowskie Pastwiska</sln:miejscNazwa><sln:miejscRodzaj>Wieś</sln:miejscRodzaj><sln:powIIPId>f4ba051f-f3e2-4074-b9c2-9bd3d3939333</sln:powIIPId><sln:powIIPPn>PL.PZGIK.200</sln:powIIPPn><sln:powIIPWersja>2012-09-27T09:33:51+02:00</sln:powIIPWersja><sln:powIdTeryt>2207</sln:powIdTeryt><sln:powNazwa>kwidzyński</sln:powNazwa><sln:waznyOd>2013-10-11T00:00:00+02:00</sln:waznyOd><sln:wojIIPId>ece93e09-0215-42f3-8067-be0649f58d46</sln:wojIIPId><sln:wojIIPPn>PL.PZGIK.200</sln:wojIIPPn><sln:wojIIPWersja>2012-09-27T13:45:13+02:00</sln:wojIIPWersja><sln:wojIdTeryt>22</sln:wojIdTeryt><sln:wojNazwa>pomorskie</sln:wojNazwa></sln:miejscowosc><sln:miejscowosc><sln:cyklZyciaDo>2017-04-05T00:00:00+02:00</sln:cyklZyciaDo><sln:cyklZyciaOd>2016-01-22T00:00:00+01:00</sln:cyklZyciaOd><sln:gmIIPId>59d06803-e153-4e8b-b9ec-ed0e83492ffc</sln:gmIIPId><sln:gmIIPPn>PL.PZGIK.200</sln:gmIIPPn><sln:gmIIPWersja>2012-09-26T22:30:39+02:00</sln:gmIIPWersja><sln:gmIdTeryt>2207052</sln:gmIdTeryt><sln:gmNazwa>Ryjewo</sln:gmNazwa><sln:miejscIIPId>863a1d9d-4dac-4df9-9a6c-d97a063eeb01</sln:miejscIIPId><sln:miejscIIPPn>PL.PZGIK.200</sln:miejscIIPPn><sln:miejscIIPWersja>2016-11-24T09:26:06+02:00</sln:miejscIIPWersja><sln:miejscIdTeryt>0156328</sln:miejscIdTeryt><sln:miejscNazwa>Pułkowice</sln:miejscNazwa><sln:miejscRodzaj>Wieś</sln:miejscRodzaj><sln:powIIPId>f4ba051f-f3e2-4074-b9c2-9bd3d3939333</sln:powIIPId><sln:powIIPPn>PL.PZGIK.200</sln:powIIPPn><sln:powIIPWersja>2012-09-27T09:33:51+02:00</sln:powIIPWersja><sln:powIdTeryt>2207</sln:powIdTeryt><sln:powNazwa>kwidzyński</sln:powNazwa><sln:waznyOd>2013-10-11T00:00:00+02:00</sln:waznyOd><sln:wojIIPId>ece93e09-0215-42f3-8067-be0649f58d46</sln:wojIIPId><sln:wojIIPPn>PL.PZGIK.200</sln:wojIIPPn><sln:wojIIPWersja>2012-09-27T13:45:13+02:00</sln:wojIIPWersja><sln:wojIdTeryt>22</sln:wojIdTeryt><sln:wojNazwa>pomorskie</sln:wojNazwa></sln:miejscowosc><sln:miejscowosc><sln:cyklZyciaDo>2017-04-05T00:00:00+02:00</sln:cyklZyciaDo><sln:cyklZyciaOd>2016-01-22T00:00:00+01:00</sln:cyklZyciaOd><sln:gmIIPId>59d06803-e153-4e8b-b9ec-ed0e83492ffc</sln:gmIIPId><sln:gmIIPPn>PL.PZGIK.200</sln:gmIIPPn><sln:gmIIPWersja>2012-09-26T22:30:39+02:00</sln:gmIIPWersja><sln:gmIdTeryt>2207052</sln:gmIdTeryt><sln:gmNazwa>Ryjewo</sln:gmNazwa><sln:miejscIIPId>cb81c701-01c6-4f0f-9889-61144552abe0</sln:miejscIIPId><sln:miejscIIPPn>PL.PZGIK.200</sln:miejscIIPPn><sln:miejscIIPWersja>2016-11-24T09:26:06+02:00</sln:miejscIIPWersja><sln:miejscIdTeryt>0156334</sln:miejscIdTeryt><sln:miejscNazwa>Rudniki</sln:miejscNazwa><sln:miejscRodzaj>Wieś</sln:miejscRodzaj><sln:powIIPId>f4ba051f-f3e2-4074-b9c2-9bd3d3939333</sln:powIIPId><sln:powIIPPn>PL.PZGIK.200</sln:powIIPPn><sln:powIIPWersja>2012-09-27T09:33:51+02:00</sln:powIIPWersja><sln:powIdTeryt>2207</sln:powIdTeryt><sln:powNazwa>kwidzyński</sln:powNazwa><sln:waznyOd>2013-10-11T00:00:00+02:00</sln:waznyOd><sln:wojIIPId>ece93e09-0215-42f3-8067-be0649f58d46</sln:wojIIPId><sln:wojIIPPn>PL.PZGIK.200</sln:wojIIPPn><sln:wojIIPWersja>2012-09-27T13:45:13+02:00</sln:wojIIPWersja><sln:wojIdTeryt>22</sln:wojIdTeryt><sln:wojNazwa>pomorskie</sln:wojNazwa></sln:miejscowosc><sln:miejscowosc><sln:cyklZyciaDo>2017-04-05T00:00:00+02:00</sln:cyklZyciaDo><sln:cyklZyciaOd>2016-01-22T00:00:00+01:00</sln:cyklZyciaOd><sln:gmIIPId>59d06803-e153-4e8b-b9ec-ed0e83492ffc</sln:gmIIPId><sln:gmIIPPn>PL.PZGIK.200</sln:gmIIPPn><sln:gmIIPWersja>2012-09-26T22:30:39+02:00</sln:gmIIPWersja><sln:gmIdTeryt>2207052</sln:gmIdTeryt><sln:gmNazwa>Ryjewo</sln:gmNazwa><sln:miejscIIPId>59d6a411-33fa-4729-82bf-c0def1385af8</sln:miejscIIPId><sln:miejscIIPPn>PL.PZGIK.200</sln:miejscIIPPn><sln:miejscIIPWersja>2016-11-24T09:26:06+02:00</sln:miejscIIPWersja><sln:miejscIdTeryt>0156357</sln:miejscIdTeryt><sln:miejscNazwa>Ryjewo</sln:miejscNazwa><sln:miejscRodzaj>Wieś</sln:miejscRodzaj><sln:powIIPId>f4ba051f-f3e2-4074-b9c2-9bd3d3939333</sln:powIIPId><sln:powIIPPn>PL.PZGIK.200</sln:powIIPPn><sln:powIIPWersja>2012-09-27T09:33:51+02:00</sln:powIIPWersja><sln:powIdTeryt>2207</sln:powIdTeryt><sln:powNazwa>kwidzyński</sln:powNazwa><sln:waznyOd>2013-10-11T00:00:00+02:00</sln:waznyOd><sln:wojIIPId>ece93e09-0215-42f3-8067-be0649f58d46</sln:wojIIPId><sln:wojIIPPn>PL.PZGIK.200</sln:wojIIPPn><sln:wojIIPWersja>2012-09-27T13:45:13+02:00</sln:wojIIPWersja><sln:wojIdTeryt>22</sln:wojIdTeryt><sln:wojNazwa>pomorskie</sln:wojNazwa></sln:miejscowosc><sln:miejscowosc><sln:cyklZyciaDo>2017-04-05T00:00:00+02:00</sln:cyklZyciaDo><sln:cyklZyciaOd>2016-01-22T00:00:00+01:00</sln:cyklZyciaOd><sln:gmIIPId>59d06803-e153-4e8b-b9ec-ed0e83492ffc</sln:gmIIPId><sln:gmIIPPn>PL.PZGIK.200</sln:gmIIPPn><sln:gmIIPWersja>2012-09-26T22:30:39+02:00</sln:gmIIPWersja><sln:gmIdTeryt>2207052</sln:gmIdTeryt><sln:gmNazwa>Ryjewo</sln:gmNazwa><sln:miejscIIPId>1f0407eb-c495-4cc3-9cbd-ef0658ce4243</sln:miejscIIPId><sln:miejscIIPPn>PL.PZGIK.200</sln:miejscIIPPn><sln:miejscIIPWersja>2016-11-24T09:26:06+02:00</sln:miejscIIPWersja><sln:miejscIdTeryt>0156239</sln:miejscIdTeryt><sln:miejscNazwa>Sołtyski</sln:miejscNazwa><sln:miejscRodzaj>Osada</sln:miejscRodzaj><sln:powIIPId>f4ba051f-f3e2-4074-b9c2-9bd3d3939333</sln:powIIPId><sln:powIIPPn>PL.PZGIK.200</sln:powIIPPn><sln:powIIPWersja>2012-09-27T09:33:51+02:00</sln:powIIPWersja><sln:powIdTeryt>2207</sln:powIdTeryt><sln:powNazwa>kwidzyński</sln:powNazwa><sln:waznyOd>2013-11-02T00:00:00+01:00</sln:waznyOd><sln:wojIIPId>ece93e09-0215-42f3-8067-be0649f58d46</sln:wojIIPId><sln:wojIIPPn>PL.PZGIK.200</sln:wojIIPPn><sln:wojIIPWersja>2012-09-27T13:45:13+02:00</sln:wojIIPWersja><sln:wojIdTeryt>22</sln:wojIdTeryt><sln:wojNazwa>pomorskie</sln:wojNazwa></sln:miejscowosc><sln:miejscowosc><sln:cyklZyciaDo>2017-04-05T00:00:00+02:00</sln:cyklZyciaDo><sln:cyklZyciaOd>2016-01-22T00:00:00+01:00</sln:cyklZyciaOd><sln:gmIIPId>59d06803-e153-4e8b-b9ec-ed0e83492ffc</sln:gmIIPId><sln:gmIIPPn>PL.PZGIK.200</sln:gmIIPPn><sln:gmIIPWersja>2012-09-26T22:30:39+02:00</sln:gmIIPWersja><sln:gmIdTeryt>2207052</sln:gmIdTeryt><sln:gmNazwa>Ryjewo</sln:gmNazwa><sln:miejscIIPId>ff3082ec-5c95-4a21-a1e0-28f123574a12</sln:miejscIIPId><sln:miejscIIPPn>PL.PZGIK.200</sln:miejscIIPPn><sln:miejscIIPWersja>2016-11-24T09:26:06+02:00</sln:miejscIIPWersja><sln:miejscIdTeryt>0156363</sln:miejscIdTeryt><sln:miejscNazwa>Straszewo</sln:miejscNazwa><sln:miejscRodzaj>Wieś</sln:miejscRodzaj><sln:powIIPId>f4ba051f-f3e2-4074-b9c2-9bd3d3939333</sln:powIIPId><sln:powIIPPn>PL.PZGIK.200</sln:powIIPPn><sln:powIIPWersja>2012-09-27T09:33:51+02:00</sln:powIIPWersja><sln:powIdTeryt>2207</sln:powIdTeryt><sln:powNazwa>kwidzyński</sln:powNazwa><sln:waznyOd>2013-10-11T00:00:00+02:00</sln:waznyOd><sln:wojIIPId>ece93e09-0215-42f3-8067-be0649f58d46</sln:wojIIPId><sln:wojIIPPn>PL.PZGIK.200</sln:wojIIPPn><sln:wojIIPWersja>2012-09-27T13:45:13+02:00</sln:wojIIPWersja><sln:wojIdTeryt>22</sln:wojIdTeryt><sln:wojNazwa>pomorskie</sln:wojNazwa></sln:miejscowosc><sln:miejscowosc><sln:cyklZyciaDo>2017-04-05T00:00:00+02:00</sln:cyklZyciaDo><sln:cyklZyciaOd>2016-01-22T00:00:00+01:00</sln:cyklZyciaOd><sln:gmIIPId>59d06803-e153-4e8b-b9ec-ed0e83492ffc</sln:gmIIPId><sln:gmIIPPn>PL.PZGIK.200</sln:gmIIPPn><sln:gmIIPWersja>2012-09-26T22:30:39+02:00</sln:gmIIPWersja><sln:gmIdTeryt>2207052</sln:gmIdTeryt><sln:gmNazwa>Ryjewo</sln:gmNazwa><sln:miejscIIPId>957001a4-124f-4518-9d66-d5971641e3b0</sln:miejscIIPId><sln:miejscIIPPn>PL.PZGIK.200</sln:miejscIIPPn><sln:miejscIIPWersja>2016-11-24T09:26:06+02:00</sln:miejscIIPWersja><sln:miejscIdTeryt>0156340</sln:miejscIdTeryt><sln:miejscNazwa>Szkaradowo Szlacheckie</sln:miejscNazwa><sln:miejscRodzaj>Przysiółek</sln:miejscRodzaj><sln:powIIPId>f4ba051f-f3e2-4074-b9c2-9bd3d3939333</sln:powIIPId><sln:powIIPPn>PL.PZGIK.200</sln:powIIPPn><sln:powIIPWersja>2012-09-27T09:33:51+02:00</sln:powIIPWersja><sln:powIdTeryt>2207</sln:powIdTeryt><sln:powNazwa>kwidzyński</sln:powNazwa><sln:waznyOd>2013-11-02T00:00:00+01:00</sln:waznyOd><sln:wojIIPId>ece93e09-0215-42f3-8067-be0649f58d46</sln:wojIIPId><sln:wojIIPPn>PL.PZGIK.200</sln:wojIIPPn><sln:wojIIPWersja>2012-09-27T13:45:13+02:00</sln:wojIIPWersja><sln:wojIdTeryt>22</sln:wojIdTeryt><sln:wojNazwa>pomorskie</sln:wojNazwa></sln:miejscowosc><sln:miejscowosc><sln:cyklZyciaDo>2017-04-05T00:00:00+02:00</sln:cyklZyciaDo><sln:cyklZyciaOd>2016-01-22T00:00:00+01:00</sln:cyklZyciaOd><sln:gmIIPId>59d06803-e153-4e8b-b9ec-ed0e83492ffc</sln:gmIIPId><sln:gmIIPPn>PL.PZGIK.200</sln:gmIIPPn><sln:gmIIPWersja>2012-09-26T22:30:39+02:00</sln:gmIIPWersja><sln:gmIdTeryt>2207052</sln:gmIdTeryt><sln:gmNazwa>Ryjewo</sln:gmNazwa><sln:miejscIIPId>fffaf0cd-13ea-44d2-8ea1-687080380870</sln:miejscIIPId><sln:miejscIIPPn>PL.PZGIK.200</sln:miejscIIPPn><sln:miejscIIPWersja>2016-11-24T09:26:06+02:00</sln:miejscIIPWersja><sln:miejscIdTeryt>0156311</sln:miejscIdTeryt><sln:miejscNazwa>Szkaradowo Wielkie</sln:miejscNazwa><sln:miejscRodzaj>Osada</sln:miejscRodzaj><sln:powIIPId>f4ba051f-f3e2-4074-b9c2-9bd3d3939333</sln:powIIPId><sln:powIIPPn>PL.PZGIK.200</sln:powIIPPn><sln:powIIPWersja>2012-09-27T09:33:51+02:00</sln:powIIPWersja><sln:powIdTeryt>2207</sln:powIdTeryt><sln:powNazwa>kwidzyński</sln:powNazwa><sln:waznyOd>2013-11-02T00:00:00+01:00</sln:waznyOd><sln:wojIIPId>ece93e09-0215-42f3-8067-be0649f58d46</sln:wojIIPId><sln:wojIIPPn>PL.PZGIK.200</sln:wojIIPPn><sln:wojIIPWersja>2012-09-27T13:45:13+02:00</sln:wojIIPWersja><sln:wojIdTeryt>22</sln:wojIdTeryt><sln:wojNazwa>pomorskie</sln:wojNazwa></sln:miejscowosc><sln:miejscowosc><sln:cyklZyciaDo>2017-04-05T00:00:00+02:00</sln:cyklZyciaDo><sln:cyklZyciaOd>2016-01-22T00:00:00+01:00</sln:cyklZyciaOd><sln:gmIIPId>59d06803-e153-4e8b-b9ec-ed0e83492ffc</sln:gmIIPId><sln:gmIIPPn>PL.PZGIK.200</sln:gmIIPPn><sln:gmIIPWersja>2012-09-26T22:30:39+02:00</sln:gmIIPWersja><sln:gmIdTeryt>2207052</sln:gmIdTeryt><sln:gmNazwa>Ryjewo</sln:gmNazwa><sln:miejscIIPId>f6492195-fa08-4b95-bea6-6ec5bb846504</sln:miejscIIPId><sln:miejscIIPPn>PL.PZGIK.200</sln:miejscIIPPn><sln:miejscIIPWersja>2016-11-24T09:26:06+02:00</sln:miejscIIPWersja><sln:miejscIdTeryt>0156386</sln:miejscIdTeryt><sln:miejscNazwa>Trzciano</sln:miejscNazwa><sln:miejscRodzaj>Wieś</sln:miejscRodzaj><sln:powIIPId>f4ba051f-f3e2-4074-b9c2-9bd3d3939333</sln:powIIPId><sln:powIIPPn>PL.PZGIK.200</sln:powIIPPn><sln:powIIPWersja>2012-09-27T09:33:51+02:00</sln:powIIPWersja><sln:powIdTeryt>2207</sln:powIdTeryt><sln:powNazwa>kwidzyński</sln:powNazwa><sln:waznyOd>2013-10-11T00:00:00+02:00</sln:waznyOd><sln:wojIIPId>ece93e09-0215-42f3-8067-be0649f58d46</sln:wojIIPId><sln:wojIIPPn>PL.PZGIK.200</sln:wojIIPPn><sln:wojIIPWersja>2012-09-27T13:45:13+02:00</sln:wojIIPWersja><sln:wojIdTeryt>22</sln:wojIdTeryt><sln:wojNazwa>pomorskie</sln:wojNazwa></sln:miejscowosc><sln:miejscowosc><sln:cyklZyciaDo>2017-04-05T00:00:00+02:00</sln:cyklZyciaDo><sln:cyklZyciaOd>2016-01-22T00:00:00+01:00</sln:cyklZyciaOd><sln:gmIIPId>59d06803-e153-4e8b-b9ec-ed0e83492ffc</sln:gmIIPId><sln:gmIIPPn>PL.PZGIK.200</sln:gmIIPPn><sln:gmIIPWersja>2012-09-26T22:30:39+02:00</sln:gmIIPWersja><sln:gmIdTeryt>2207052</sln:gmIdTeryt><sln:gmNazwa>Ryjewo</sln:gmNazwa><sln:miejscIIPId>402d201f-6aa3-4d31-8169-6c9b09ecac6f</sln:miejscIIPId><sln:miejscIIPPn>PL.PZGIK.200</sln:miejscIIPPn><sln:miejscIIPWersja>2016-11-24T09:26:06+02:00</sln:miejscIIPWersja><sln:miejscIdTeryt>0156400</sln:miejscIdTeryt><sln:miejscNazwa>Watkowice</sln:miejscNazwa><sln:miejscRodzaj>Osada</sln:miejscRodzaj><sln:powIIPId>f4ba051f-f3e2-4074-b9c2-9bd3d3939333</sln:powIIPId><sln:powIIPPn>PL.PZGIK.200</sln:powIIPPn><sln:powIIPWersja>2012-09-27T09:33:51+02:00</sln:powIIPWersja><sln:powIdTeryt>2207</sln:powIdTeryt><sln:powNazwa>kwidzyński</sln:powNazwa><sln:waznyOd>2013-11-02T00:00:00+01:00</sln:waznyOd><sln:wojIIPId>ece93e09-0215-42f3-8067-be0649f58d46</sln:wojIIPId><sln:wojIIPPn>PL.PZGIK.200</sln:wojIIPPn><sln:wojIIPWersja>2012-09-27T13:45:13+02:00</sln:wojIIPWersja><sln:wojIdTeryt>22</sln:wojIdTeryt><sln:wojNazwa>pomorskie</sln:wojNazwa></sln:miejscowosc><sln:miejscowosc><sln:cyklZyciaDo>2017-04-05T00:00:00+02:00</sln:cyklZyciaDo><sln:cyklZyciaOd>2016-01-22T00:00:00+01:00</sln:cyklZyciaOd><sln:gmIIPId>59d06803-e153-4e8b-b9ec-ed0e83492ffc</sln:gmIIPId><sln:gmIIPPn>PL.PZGIK.200</sln:gmIIPPn><sln:gmIIPWersja>2012-09-26T22:30:39+02:00</sln:gmIIPWersja><sln:gmIdTeryt>2207052</sln:gmIdTeryt><sln:gmNazwa>Ryjewo</sln:gmNazwa><sln:miejscIIPId>405081ec-0908-4dd7-8eef-8fe585029446</sln:miejscIIPId><sln:miejscIIPPn>PL.PZGIK.200</sln:miejscIIPPn><sln:miejscIIPWersja>2016-11-24T09:26:06+02:00</sln:miejscIIPWersja><sln:miejscIdTeryt>0156417</sln:miejscIdTeryt><sln:miejscNazwa>Watkowice Małe</sln:miejscNazwa><sln:miejscRodzaj>Osada</sln:miejscRodzaj><sln:powIIPId>f4ba051f-f3e2-4074-b9c2-9bd3d3939333</sln:powIIPId><sln:powIIPPn>PL.PZGIK.200</sln:powIIPPn><sln:powIIPWersja>2012-09-27T09:33:51+02:00</sln:powIIPWersja><sln:powIdTeryt>2207</sln:powIdTeryt><sln:powNazwa>kwidzyński</sln:powNazwa><sln:waznyOd>2013-10-11T00:00:00+02:00</sln:waznyOd><sln:wojIIPId>ece93e09-0215-42f3-8067-be0649f58d46</sln:wojIIPId><sln:wojIIPPn>PL.PZGIK.200</sln:wojIIPPn><sln:wojIIPWersja>2012-09-27T13:45:13+02:00</sln:wojIIPWersja><sln:wojIdTeryt>22</sln:wojIdTeryt><sln:wojNazwa>pomorskie</sln:wojNazwa></sln:miejscowosc><sln:miejscowosc><sln:cyklZyciaOd>2017-04-05T00:00:00+02:00</sln:cyklZyciaOd><sln:gmIIPId>59d06803-e153-4e8b-b9ec-ed0e83492ffc</sln:gmIIPId><sln:gmIIPPn>PL.PZGIK.200</sln:gmIIPPn><sln:gmIIPWersja>2012-09-26T22:30:39+02:00</sln:gmIIPWersja><sln:gmIdTeryt>2207052</sln:gmIdTeryt><sln:gmNazwa>Ryjewo</sln:gmNazwa><sln:miejscIIPId>d8e870c3-a076-4da0-afbc-c0ebe2e5cf13</sln:miejscIIPId><sln:miejscIIPPn>PL.PZGIK.200</sln:miejscIIPPn><sln:miejscIIPWersja>2017-04-05T09:07:55+02:00</sln:miejscIIPWersja><sln:miejscIdTeryt>0156200</sln:miejscIdTeryt><sln:miejscNazwa>Barcice</sln:miejscNazwa><sln:miejscRodzaj>Wieś</sln:miejscRodzaj><sln:powIIPId>f4ba051f-f3e2-4074-b9c2-9bd3d3939333</sln:powIIPId><sln:powIIPPn>PL.PZGIK.200</sln:powIIPPn><sln:powIIPWersja>2012-09-27T09:33:51+02:00</sln:powIIPWersja><sln:powIdTeryt>2207</sln:powIdTeryt><sln:powNazwa>kwidzyński</sln:powNazwa><sln:waznyOd>2013-10-11T00:00:00+02:00</sln:waznyOd><sln:wojIIPId>ece93e09-0215-42f3-8067-be0649f58d46</sln:wojIIPId><sln:wojIIPPn>PL.PZGIK.200</sln:wojIIPPn><sln:wojIIPWersja>2012-09-27T13:45:13+02:00</sln:wojIIPWersja><sln:wojIdTeryt>22</sln:wojIdTeryt><sln:wojNazwa>pomorskie</sln:wojNazwa></sln:miejscowosc><sln:miejscowosc><sln:cyklZyciaOd>2017-04-05T00:00:00+02:00</sln:cyklZyciaOd><sln:gmIIPId>59d06803-e153-4e8b-b9ec-ed0e83492ffc</sln:gmIIPId><sln:gmIIPPn>PL.PZGIK.200</sln:gmIIPPn><sln:gmIIPWersja>2012-09-26T22:30:39+02:00</sln:gmIIPWersja><sln:gmIdTeryt>2207052</sln:gmIdTeryt><sln:gmNazwa>Ryjewo</sln:gmNazwa><sln:miejscIIPId>6a4865cb-bd9a-4b10-b6a8-f93af73b8b0f</sln:miejscIIPId><sln:miejscIIPPn>PL.PZGIK.200</sln:miejscIIPPn><sln:miejscIIPWersja>2017-04-05T09:08:04+02:00</sln:miejscIIPWersja><sln:miejscIdTeryt>0156216</sln:miejscIdTeryt><sln:miejscNazwa>Benowo</sln:miejscNazwa><sln:miejscRodzaj>Wieś</sln:miejscRodzaj><sln:powIIPId>f4ba051f-f3e2-4074-b9c2-9bd3d3939333</sln:powIIPId><sln:powIIPPn>PL.PZGIK.200</sln:powIIPPn><sln:powIIPWersja>2012-09-27T09:33:51+02:00</sln:powIIPWersja><sln:powIdTeryt>2207</sln:powIdTeryt><sln:powNazwa>kwidzyński</sln:powNazwa><sln:waznyOd>2013-10-11T00:00:00+02:00</sln:waznyOd><sln:wojIIPId>ece93e09-0215-42f3-8067-be0649f58d46</sln:wojIIPId><sln:wojIIPPn>PL.PZGIK.200</sln:wojIIPPn><sln:wojIIPWersja>2012-09-27T13:45:13+02:00</sln:wojIIPWersja><sln:wojIdTeryt>22</sln:wojIdTeryt><sln:wojNazwa>pomorskie</sln:wojNazwa></sln:miejscowosc><sln:miejscowosc><sln:cyklZyciaOd>2017-04-05T00:00:00+02:00</sln:cyklZyciaOd><sln:gmIIPId>59d06803-e153-4e8b-b9ec-ed0e83492ffc</sln:gmIIPId><sln:gmIIPPn>PL.PZGIK.200</sln:gmIIPPn><sln:gmIIPWersja>2012-09-26T22:30:39+02:00</sln:gmIIPWersja><sln:gmIdTeryt>2207052</sln:gmIdTeryt><sln:gmNazwa>Ryjewo</sln:gmNazwa><sln:miejscIIPId>dfb2a997-1b15-4d96-bc83-65580a049762</sln:miejscIIPId><sln:miejscIIPPn>PL.PZGIK.200</sln:miejscIIPPn><sln:miejscIIPWersja>2017-04-05T09:08:04+02:00</sln:miejscIIPWersja><sln:miejscIdTeryt>0156222</sln:miejscIdTeryt><sln:miejscNazwa>Kuliki</sln:miejscNazwa><sln:miejscRodzaj>Osada leśna</sln:miejscRodzaj><sln:powIIPId>f4ba051f-f3e2-4074-b9c2-9bd3d3939333</sln:powIIPId><sln:powIIPPn>PL.PZGIK.200</sln:powIIPPn><sln:powIIPWersja>2012-09-27T09:33:51+02:00</sln:powIIPWersja><sln:powIdTeryt>2207</sln:powIdTeryt><sln:powNazwa>kwidzyński</sln:powNazwa><sln:waznyOd>2013-11-02T00:00:00+01:00</sln:waznyOd><sln:wojIIPId>ece93e09-0215-42f3-8067-be0649f58d46</sln:wojIIPId><sln:wojIIPPn>PL.PZGIK.200</sln:wojIIPPn><sln:wojIIPWersja>2012-09-27T13:45:13+02:00</sln:wojIIPWersja><sln:wojIdTeryt>22</sln:wojIdTeryt><sln:wojNazwa>pomorskie</sln:wojNazwa></sln:miejscowosc><sln:miejscowosc><sln:cyklZyciaOd>2017-04-05T00:00:00+02:00</sln:cyklZyciaOd><sln:gmIIPId>59d06803-e153-4e8b-b9ec-ed0e83492ffc</sln:gmIIPId><sln:gmIIPPn>PL.PZGIK.200</sln:gmIIPPn><sln:gmIIPWersja>2012-09-26T22:30:39+02:00</sln:gmIIPWersja><sln:gmIdTeryt>2207052</sln:gmIdTeryt><sln:gmNazwa>Ryjewo</sln:gmNazwa><sln:miejscIIPId>1f0407eb-c495-4cc3-9cbd-ef0658ce4243</sln:miejscIIPId><sln:miejscIIPPn>PL.PZGIK.200</sln:miejscIIPPn><sln:miejscIIPWersja>2017-04-05T09:08:04+02:00</sln:miejscIIPWersja><sln:miejscIdTeryt>0156239</sln:miejscIdTeryt><sln:miejscNazwa>Sołtyski</sln:miejscNazwa><sln:miejscRodzaj>Osada</sln:miejscRodzaj><sln:powIIPId>f4ba051f-f3e2-4074-b9c2-9bd3d3939333</sln:powIIPId><sln:powIIPPn>PL.PZGIK.200</sln:powIIPPn><sln:powIIPWersja>2012-09-27T09:33:51+02:00</sln:powIIPWersja><sln:powIdTeryt>2207</sln:powIdTeryt><sln:powNazwa>kwidzyński</sln:powNazwa><sln:waznyOd>2013-11-02T00:00:00+01:00</sln:waznyOd><sln:wojIIPId>ece93e09-0215-42f3-8067-be0649f58d46</sln:wojIIPId><sln:wojIIPPn>PL.PZGIK.200</sln:wojIIPPn><sln:wojIIPWersja>2012-09-27T13:45:13+02:00</sln:wojIIPWersja><sln:wojIdTeryt>22</sln:wojIdTeryt><sln:wojNazwa>pomorskie</sln:wojNazwa></sln:miejscowosc><sln:miejscowosc><sln:cyklZyciaOd>2017-04-05T00:00:00+02:00</sln:cyklZyciaOd><sln:gmIIPId>59d06803-e153-4e8b-b9ec-ed0e83492ffc</sln:gmIIPId><sln:gmIIPPn>PL.PZGIK.200</sln:gmIIPPn><sln:gmIIPWersja>2012-09-26T22:30:39+02:00</sln:gmIIPWersja><sln:gmIdTeryt>2207052</sln:gmIdTeryt><sln:gmNazwa>Ryjewo</sln:gmNazwa><sln:miejscIIPId>0b4d7381-f494-4534-a8d1-7a8b1b21080c</sln:miejscIIPId><sln:miejscIIPPn>PL.PZGIK.200</sln:miejscIIPPn><sln:miejscIIPWersja>2017-04-05T09:08:04+02:00</sln:miejscIIPWersja><sln:miejscIdTeryt>0156245</sln:miejscIdTeryt><sln:miejscNazwa>Borowy Młyn</sln:miejscNazwa><sln:miejscRodzaj>Wieś</sln:miejscRodzaj><sln:powIIPId>f4ba051f-f3e2-4074-b9c2-9bd3d3939333</sln:powIIPId><sln:powIIPPn>PL.PZGIK.200</sln:powIIPPn><sln:powIIPWersja>2012-09-27T09:33:51+02:00</sln:powIIPWersja><sln:powIdTeryt>2207</sln:powIdTeryt><sln:powNazwa>kwidzyński</sln:powNazwa><sln:waznyOd>2013-10-11T00:00:00+02:00</sln:waznyOd><sln:wojIIPId>ece93e09-0215-42f3-8067-be0649f58d46</sln:wojIIPId><sln:wojIIPPn>PL.PZGIK.200</sln:wojIIPPn><sln:wojIIPWersja>2012-09-27T13:45:13+02:00</sln:wojIIPWersja><sln:wojIdTeryt>22</sln:wojIdTeryt><sln:wojNazwa>pomorskie</sln:wojNazwa></sln:miejscowosc><sln:miejscowosc><sln:cyklZyciaOd>2017-04-05T00:00:00+02:00</sln:cyklZyciaOd><sln:gmIIPId>59d06803-e153-4e8b-b9ec-ed0e83492ffc</sln:gmIIPId><sln:gmIIPPn>PL.PZGIK.200</sln:gmIIPPn><sln:gmIIPWersja>2012-09-26T22:30:39+02:00</sln:gmIIPWersja><sln:gmIdTeryt>2207052</sln:gmIdTeryt><sln:gmNazwa>Ryjewo</sln:gmNazwa><sln:miejscIIPId>a46756fe-2379-4107-a3c4-6e8a1e030b9e</sln:miejscIIPId><sln:miejscIIPPn>PL.PZGIK.200</sln:miejscIIPPn><sln:miejscIIPWersja>2017-04-05T09:08:04+02:00</sln:miejscIIPWersja><sln:miejscIdTeryt>0156251</sln:miejscIdTeryt><sln:miejscNazwa>Jałowiec</sln:miejscNazwa><sln:miejscRodzaj>Wieś</sln:miejscRodzaj><sln:powIIPId>f4ba051f-f3e2-4074-b9c2-9bd3d3939333</sln:powIIPId><sln:powIIPPn>PL.PZGIK.200</sln:powIIPPn><sln:powIIPWersja>2012-09-27T09:33:51+02:00</sln:powIIPWersja><sln:powIdTeryt>2207</sln:powIdTeryt><sln:powNazwa>kwidzyński</sln:powNazwa><sln:waznyOd>2013-10-11T00:00:00+02:00</sln:waznyOd><sln:wojIIPId>ece93e09-0215-42f3-8067-be0649f58d46</sln:wojIIPId><sln:wojIIPPn>PL.PZGIK.200</sln:wojIIPPn><sln:wojIIPWersja>2012-09-27T13:45:13+02:00</sln:wojIIPWersja><sln:wojIdTeryt>22</sln:wojIdTeryt><sln:wojNazwa>pomorskie</sln:wojNazwa></sln:miejscowosc><sln:miejscowosc><sln:cyklZyciaOd>2017-04-05T00:00:00+02:00</sln:cyklZyciaOd><sln:gmIIPId>59d06803-e153-4e8b-b9ec-ed0e83492ffc</sln:gmIIPId><sln:gmIIPPn>PL.PZGIK.200</sln:gmIIPPn><sln:gmIIPWersja>2012-09-26T22:30:39+02:00</sln:gmIIPWersja><sln:gmIdTeryt>2207052</sln:gmIdTeryt><sln:gmNazwa>Ryjewo</sln:gmNazwa><sln:miejscIIPId>33b1310b-34f7-435a-aa80-1bf61771c21c</sln:miejscIIPId><sln:miejscIIPPn>PL.PZGIK.200</sln:miejscIIPPn><sln:miejscIIPWersja>2017-04-05T09:08:04+02:00</sln:miejscIIPWersja><sln:miejscIdTeryt>0156268</sln:miejscIdTeryt><sln:miejscNazwa>Jarzębina</sln:miejscNazwa><sln:miejscRodzaj>Wieś</sln:miejscRodzaj><sln:powIIPId>f4ba051f-f3e2-4074-b9c2-9bd3d3939333</sln:powIIPId><sln:powIIPPn>PL.PZGIK.200</sln:powIIPPn><sln:powIIPWersja>2012-09-27T09:33:51+02:00</sln:powIIPWersja><sln:powIdTeryt>2207</sln:powIdTeryt><sln:powNazwa>kwidzyński</sln:powNazwa><sln:waznyOd>2013-10-11T00:00:00+02:00</sln:waznyOd><sln:wojIIPId>ece93e09-0215-42f3-8067-be0649f58d46</sln:wojIIPId><sln:wojIIPPn>PL.PZGIK.200</sln:wojIIPPn><sln:wojIIPWersja>2012-09-27T13:45:13+02:00</sln:wojIIPWersja><sln:wojIdTeryt>22</sln:wojIdTeryt><sln:wojNazwa>pomorskie</sln:wojNazwa></sln:miejscowosc><sln:miejscowosc><sln:cyklZyciaOd>2017-04-05T00:00:00+02:00</sln:cyklZyciaOd><sln:gmIIPId>59d06803-e153-4e8b-b9ec-ed0e83492ffc</sln:gmIIPId><sln:gmIIPPn>PL.PZGIK.200</sln:gmIIPPn><sln:gmIIPWersja>2012-09-26T22:30:39+02:00</sln:gmIIPWersja><sln:gmIdTeryt>2207052</sln:gmIdTeryt><sln:gmNazwa>Ryjewo</sln:gmNazwa><sln:miejscIIPId>f3f65ce2-f25e-44e0-abf0-dd8abcc85960</sln:miejscIIPId><sln:miejscIIPPn>PL.PZGIK.200</sln:miejscIIPPn><sln:miejscIIPWersja>2017-04-05T09:08:04+02:00</sln:miejscIIPWersja><sln:miejscIdTeryt>0156280</sln:miejscIdTeryt><sln:miejscNazwa>Klecewko</sln:miejscNazwa><sln:miejscRodzaj>Osada</sln:miejscRodzaj><sln:powIIPId>f4ba051f-f3e2-4074-b9c2-9bd3d3939333</sln:powIIPId><sln:powIIPPn>PL.PZGIK.200</sln:powIIPPn><sln:powIIPWersja>2012-09-27T09:33:51+02:00</sln:powIIPWersja><sln:powIdTeryt>2207</sln:powIdTeryt><sln:powNazwa>kwidzyński</sln:powNazwa><sln:waznyOd>2013-11-02T00:00:00+01:00</sln:waznyOd><sln:wojIIPId>ece93e09-0215-42f3-8067-be0649f58d46</sln:wojIIPId><sln:wojIIPPn>PL.PZGIK.200</sln:wojIIPPn><sln:wojIIPWersja>2012-09-27T13:45:13+02:00</sln:wojIIPWersja><sln:wojIdTeryt>22</sln:wojIdTeryt><sln:wojNazwa>pomorskie</sln:wojNazwa></sln:miejscowosc><sln:miejscowosc><sln:cyklZyciaOd>2017-04-05T00:00:00+02:00</sln:cyklZyciaOd><sln:gmIIPId>59d06803-e153-4e8b-b9ec-ed0e83492ffc</sln:gmIIPId><sln:gmIIPPn>PL.PZGIK.200</sln:gmIIPPn><sln:gmIIPWersja>2012-09-26T22:30:39+02:00</sln:gmIIPWersja><sln:gmIdTeryt>2207052</sln:gmIdTeryt><sln:gmNazwa>Ryjewo</sln:gmNazwa><sln:miejscIIPId>f6b0c525-cc56-443a-bc33-408e71166324</sln:miejscIIPId><sln:miejscIIPPn>PL.PZGIK.200</sln:miejscIIPPn><sln:miejscIIPWersja>2017-04-05T09:08:04+02:00</sln:miejscIIPWersja><sln:miejscIdTeryt>0156297</sln:miejscIdTeryt><sln:miejscNazwa>Mątki</sln:miejscNazwa><sln:miejscRodzaj>Osada</sln:miejscRodzaj><sln:powIIPId>f4ba051f-f3e2-4074-b9c2-9bd3d3939333</sln:powIIPId><sln:powIIPPn>PL.PZGIK.200</sln:powIIPPn><sln:powIIPWersja>2012-09-27T09:33:51+02:00</sln:powIIPWersja><sln:powIdTeryt>2207</sln:powIdTeryt><sln:powNazwa>kwidzyński</sln:powNazwa><sln:waznyOd>2013-10-11T00:00:00+02:00</sln:waznyOd><sln:wojIIPId>ece93e09-0215-42f3-8067-be0649f58d46</sln:wojIIPId><sln:wojIIPPn>PL.PZGIK.200</sln:wojIIPPn><sln:wojIIPWersja>2012-09-27T13:45:13+02:00</sln:wojIIPWersja><sln:wojIdTeryt>22</sln:wojIdTeryt><sln:wojNazwa>pomorskie</sln:wojNazwa></sln:miejscowosc><sln:miejscowosc><sln:cyklZyciaOd>2017-04-05T00:00:00+02:00</sln:cyklZyciaOd><sln:gmIIPId>59d06803-e153-4e8b-b9ec-ed0e83492ffc</sln:gmIIPId><sln:gmIIPPn>PL.PZGIK.200</sln:gmIIPPn><sln:gmIIPWersja>2012-09-26T22:30:39+02:00</sln:gmIIPWersja><sln:gmIdTeryt>2207052</sln:gmIdTeryt><sln:gmNazwa>Ryjewo</sln:gmNazwa><sln:miejscIIPId>5fcfebf8-7935-4700-b881-22ca0fa8ca32</sln:miejscIIPId><sln:miejscIIPPn>PL.PZGIK.200</sln:miejscIIPPn><sln:miejscIIPWersja>2017-04-05T09:08:04+02:00</sln:miejscIIPWersja><sln:miejscIdTeryt>0156305</sln:miejscIdTeryt><sln:miejscNazwa>Mątowskie Pastwiska</sln:miejscNazwa><sln:miejscRodzaj>Wieś</sln:miejscRodzaj><sln:powIIPId>f4ba051f-f3e2-4074-b9c2-9bd3d3939333</sln:powIIPId><sln:powIIPPn>PL.PZGIK.200</sln:powIIPPn><sln:powIIPWersja>2012-09-27T09:33:51+02:00</sln:powIIPWersja><sln:powIdTeryt>2207</sln:powIdTeryt><sln:powNazwa>kwidzyński</sln:powNazwa><sln:waznyOd>2013-10-11T00:00:00+02:00</sln:waznyOd><sln:wojIIPId>ece93e09-0215-42f3-8067-be0649f58d46</sln:wojIIPId><sln:wojIIPPn>PL.PZGIK.200</sln:wojIIPPn><sln:wojIIPWersja>2012-09-27T13:45:13+02:00</sln:wojIIPWersja><sln:wojIdTeryt>22</sln:wojIdTeryt><sln:wojNazwa>pomorskie</sln:wojNazwa></sln:miejscowosc><sln:miejscowosc><sln:cyklZyciaOd>2017-04-05T00:00:00+02:00</sln:cyklZyciaOd><sln:gmIIPId>59d06803-e153-4e8b-b9ec-ed0e83492ffc</sln:gmIIPId><sln:gmIIPPn>PL.PZGIK.200</sln:gmIIPPn><sln:gmIIPWersja>2012-09-26T22:30:39+02:00</sln:gmIIPWersja><sln:gmIdTeryt>2207052</sln:gmIdTeryt><sln:gmNazwa>Ryjewo</sln:gmNazwa><sln:miejscIIPId>fffaf0cd-13ea-44d2-8ea1-687080380870</sln:miejscIIPId><sln:miejscIIPPn>PL.PZGIK.200</sln:miejscIIPPn><sln:miejscIIPWersja>2017-04-05T09:08:04+02:00</sln:miejscIIPWersja><sln:miejscIdTeryt>0156311</sln:miejscIdTeryt><sln:miejscNazwa>Szkaradowo Wielkie</sln:miejscNazwa><sln:miejscRodzaj>Osada</sln:miejscRodzaj><sln:powIIPId>f4ba051f-f3e2-4074-b9c2-9bd3d3939333</sln:powIIPId><sln:powIIPPn>PL.PZGIK.200</sln:powIIPPn><sln:powIIPWersja>2012-09-27T09:33:51+02:00</sln:powIIPWersja><sln:powIdTeryt>2207</sln:powIdTeryt><sln:powNazwa>kwidzyński</sln:powNazwa><sln:waznyOd>2013-11-02T00:00:00+01:00</sln:waznyOd><sln:wojIIPId>ece93e09-0215-42f3-8067-be0649f58d46</sln:wojIIPId><sln:wojIIPPn>PL.PZGIK.200</sln:wojIIPPn><sln:wojIIPWersja>2012-09-27T13:45:13+02:00</sln:wojIIPWersja><sln:wojIdTeryt>22</sln:wojIdTeryt><sln:wojNazwa>pomorskie</sln:wojNazwa></sln:miejscowosc><sln:miejscowosc><sln:cyklZyciaOd>2017-04-05T00:00:00+02:00</sln:cyklZyciaOd><sln:gmIIPId>59d06803-e153-4e8b-b9ec-ed0e83492ffc</sln:gmIIPId><sln:gmIIPPn>PL.PZGIK.200</sln:gmIIPPn><sln:gmIIPWersja>2012-09-26T22:30:39+02:00</sln:gmIIPWersja><sln:gmIdTeryt>2207052</sln:gmIdTeryt><sln:gmNazwa>Ryjewo</sln:gmNazwa><sln:miejscIIPId>863a1d9d-4dac-4df9-9a6c-d97a063eeb01</sln:miejscIIPId><sln:miejscIIPPn>PL.PZGIK.200</sln:miejscIIPPn><sln:miejscIIPWersja>2017-04-05T09:08:04+02:00</sln:miejscIIPWersja><sln:miejscIdTeryt>0156328</sln:miejscIdTeryt><sln:miejscNazwa>Pułkowice</sln:miejscNazwa><sln:miejscRodzaj>Wieś</sln:miejscRodzaj><sln:powIIPId>f4ba051f-f3e2-4074-b9c2-9bd3d3939333</sln:powIIPId><sln:powIIPPn>PL.PZGIK.200</sln:powIIPPn><sln:powIIPWersja>2012-09-27T09:33:51+02:00</sln:powIIPWersja><sln:powIdTeryt>2207</sln:powIdTeryt><sln:powNazwa>kwidzyński</sln:powNazwa><sln:waznyOd>2013-10-11T00:00:00+02:00</sln:waznyOd><sln:wojIIPId>ece93e09-0215-42f3-8067-be0649f58d46</sln:wojIIPId><sln:wojIIPPn>PL.PZGIK.200</sln:wojIIPPn><sln:wojIIPWersja>2012-09-27T13:45:13+02:00</sln:wojIIPWersja><sln:wojIdTeryt>22</sln:wojIdTeryt><sln:wojNazwa>pomorskie</sln:wojNazwa></sln:miejscowosc><sln:miejscowosc><sln:cyklZyciaOd>2017-04-05T00:00:00+02:00</sln:cyklZyciaOd><sln:gmIIPId>59d06803-e153-4e8b-b9ec-ed0e83492ffc</sln:gmIIPId><sln:gmIIPPn>PL.PZGIK.200</sln:gmIIPPn><sln:gmIIPWersja>2012-09-26T22:30:39+02:00</sln:gmIIPWersja><sln:gmIdTeryt>2207052</sln:gmIdTeryt><sln:gmNazwa>Ryjewo</sln:gmNazwa><sln:miejscIIPId>cb81c701-01c6-4f0f-9889-61144552abe0</sln:miejscIIPId><sln:miejscIIPPn>PL.PZGIK.200</sln:miejscIIPPn><sln:miejscIIPWersja>2017-04-05T09:08:05+02:00</sln:miejscIIPWersja><sln:miejscIdTeryt>0156334</sln:miejscIdTeryt><sln:miejscNazwa>Rudniki</sln:miejscNazwa><sln:miejscRodzaj>Wieś</sln:miejscRodzaj><sln:powIIPId>f4ba051f-f3e2-4074-b9c2-9bd3d3939333</sln:powIIPId><sln:powIIPPn>PL.PZGIK.200</sln:powIIPPn><sln:powIIPWersja>2012-09-27T09:33:51+02:00</sln:powIIPWersja><sln:powIdTeryt>2207</sln:powIdTeryt><sln:powNazwa>kwidzyński</sln:powNazwa><sln:waznyOd>2013-10-11T00:00:00+02:00</sln:waznyOd><sln:wojIIPId>ece93e09-0215-42f3-8067-be0649f58d46</sln:wojIIPId><sln:wojIIPPn>PL.PZGIK.200</sln:wojIIPPn><sln:wojIIPWersja>2012-09-27T13:45:13+02:00</sln:wojIIPWersja><sln:wojIdTeryt>22</sln:wojIdTeryt><sln:wojNazwa>pomorskie</sln:wojNazwa></sln:miejscowosc><sln:miejscowosc><sln:cyklZyciaOd>2017-04-05T00:00:00+02:00</sln:cyklZyciaOd><sln:gmIIPId>59d06803-e153-4e8b-b9ec-ed0e83492ffc</sln:gmIIPId><sln:gmIIPPn>PL.PZGIK.200</sln:gmIIPPn><sln:gmIIPWersja>2012-09-26T22:30:39+02:00</sln:gmIIPWersja><sln:gmIdTeryt>2207052</sln:gmIdTeryt><sln:gmNazwa>Ryjewo</sln:gmNazwa><sln:miejscIIPId>957001a4-124f-4518-9d66-d5971641e3b0</sln:miejscIIPId><sln:miejscIIPPn>PL.PZGIK.200</sln:miejscIIPPn><sln:miejscIIPWersja>2017-04-05T09:08:05+02:00</sln:miejscIIPWersja><sln:miejscIdTeryt>0156340</sln:miejscIdTeryt><sln:miejscNazwa>Szkaradowo Szlacheckie</sln:miejscNazwa><sln:miejscRodzaj>Przysiółek</sln:miejscRodzaj><sln:powIIPId>f4ba051f-f3e2-4074-b9c2-9bd3d3939333</sln:powIIPId><sln:powIIPPn>PL.PZGIK.200</sln:powIIPPn><sln:powIIPWersja>2012-09-27T09:33:51+02:00</sln:powIIPWersja><sln:powIdTeryt>2207</sln:powIdTeryt><sln:powNazwa>kwidzyński</sln:powNazwa><sln:waznyOd>2013-11-02T00:00:00+01:00</sln:waznyOd><sln:wojIIPId>ece93e09-0215-42f3-8067-be0649f58d46</sln:wojIIPId><sln:wojIIPPn>PL.PZGIK.200</sln:wojIIPPn><sln:wojIIPWersja>2012-09-27T13:45:13+02:00</sln:wojIIPWersja><sln:wojIdTeryt>22</sln:wojIdTeryt><sln:wojNazwa>pomorskie</sln:wojNazwa></sln:miejscowosc><sln:miejscowosc><sln:cyklZyciaOd>2017-04-05T00:00:00+02:00</sln:cyklZyciaOd><sln:gmIIPId>59d06803-e153-4e8b-b9ec-ed0e83492ffc</sln:gmIIPId><sln:gmIIPPn>PL.PZGIK.200</sln:gmIIPPn><sln:gmIIPWersja>2012-09-26T22:30:39+02:00</sln:gmIIPWersja><sln:gmIdTeryt>2207052</sln:gmIdTeryt><sln:gmNazwa>Ryjewo</sln:gmNazwa><sln:miejscIIPId>59d6a411-33fa-4729-82bf-c0def1385af8</sln:miejscIIPId><sln:miejscIIPPn>PL.PZGIK.200</sln:miejscIIPPn><sln:miejscIIPWersja>2017-04-05T09:08:05+02:00</sln:miejscIIPWersja><sln:miejscIdTeryt>0156357</sln:miejscIdTeryt><sln:miejscNazwa>Ryjewo</sln:miejscNazwa><sln:miejscRodzaj>Wieś</sln:miejscRodzaj><sln:powIIPId>f4ba051f-f3e2-4074-b9c2-9bd3d3939333</sln:powIIPId><sln:powIIPPn>PL.PZGIK.200</sln:powIIPPn><sln:powIIPWersja>2012-09-27T09:33:51+02:00</sln:powIIPWersja><sln:powIdTeryt>2207</sln:powIdTeryt><sln:powNazwa>kwidzyński</sln:powNazwa><sln:waznyOd>2013-10-11T00:00:00+02:00</sln:waznyOd><sln:wojIIPId>ece93e09-0215-42f3-8067-be0649f58d46</sln:wojIIPId><sln:wojIIPPn>PL.PZGIK.200</sln:wojIIPPn><sln:wojIIPWersja>2012-09-27T13:45:13+02:00</sln:wojIIPWersja><sln:wojIdTeryt>22</sln:wojIdTeryt><sln:wojNazwa>pomorskie</sln:wojNazwa></sln:miejscowosc><sln:miejscowosc><sln:cyklZyciaOd>2017-04-05T00:00:00+02:00</sln:cyklZyciaOd><sln:gmIIPId>59d06803-e153-4e8b-b9ec-ed0e83492ffc</sln:gmIIPId><sln:gmIIPPn>PL.PZGIK.200</sln:gmIIPPn><sln:gmIIPWersja>2012-09-26T22:30:39+02:00</sln:gmIIPWersja><sln:gmIdTeryt>2207052</sln:gmIdTeryt><sln:gmNazwa>Ryjewo</sln:gmNazwa><sln:miejscIIPId>ff3082ec-5c95-4a21-a1e0-28f123574a12</sln:miejscIIPId><sln:miejscIIPPn>PL.PZGIK.200</sln:miejscIIPPn><sln:miejscIIPWersja>2017-04-05T09:08:05+02:00</sln:miejscIIPWersja><sln:miejscIdTeryt>0156363</sln:miejscIdTeryt><sln:miejscNazwa>Straszewo</sln:miejscNazwa><sln:miejscRodzaj>Wieś</sln:miejscRodzaj><sln:powIIPId>f4ba051f-f3e2-4074-b9c2-9bd3d3939333</sln:powIIPId><sln:powIIPPn>PL.PZGIK.200</sln:powIIPPn><sln:powIIPWersja>2012-09-27T09:33:51+02:00</sln:powIIPWersja><sln:powIdTeryt>2207</sln:powIdTeryt><sln:powNazwa>kwidzyński</sln:powNazwa><sln:waznyOd>2013-10-11T00:00:00+02:00</sln:waznyOd><sln:wojIIPId>ece93e09-0215-42f3-8067-be0649f58d46</sln:wojIIPId><sln:wojIIPPn>PL.PZGIK.200</sln:wojIIPPn><sln:wojIIPWersja>2012-09-27T13:45:13+02:00</sln:wojIIPWersja><sln:wojIdTeryt>22</sln:wojIdTeryt><sln:wojNazwa>pomorskie</sln:wojNazwa></sln:miejscowosc><sln:miejscowosc><sln:cyklZyciaOd>2017-04-05T00:00:00+02:00</sln:cyklZyciaOd><sln:gmIIPId>59d06803-e153-4e8b-b9ec-ed0e83492ffc</sln:gmIIPId><sln:gmIIPPn>PL.PZGIK.200</sln:gmIIPPn><sln:gmIIPWersja>2012-09-26T22:30:39+02:00</sln:gmIIPWersja><sln:gmIdTeryt>2207052</sln:gmIdTeryt><sln:gmNazwa>Ryjewo</sln:gmNazwa><sln:miejscIIPId>f6492195-fa08-4b95-bea6-6ec5bb846504</sln:miejscIIPId><sln:miejscIIPPn>PL.PZGIK.200</sln:miejscIIPPn><sln:miejscIIPWersja>2017-04-05T09:08:05+02:00</sln:miejscIIPWersja><sln:miejscIdTeryt>0156386</sln:miejscIdTeryt><sln:miejscNazwa>Trzciano</sln:miejscNazwa><sln:miejscRodzaj>Wieś</sln:miejscRodzaj><sln:powIIPId>f4ba051f-f3e2-4074-b9c2-9bd3d3939333</sln:powIIPId><sln:powIIPPn>PL.PZGIK.200</sln:powIIPPn><sln:powIIPWersja>2012-09-27T09:33:51+02:00</sln:powIIPWersja><sln:powIdTeryt>2207</sln:powIdTeryt><sln:powNazwa>kwidzyński</sln:powNazwa><sln:waznyOd>2013-10-11T00:00:00+02:00</sln:waznyOd><sln:wojIIPId>ece93e09-0215-42f3-8067-be0649f58d46</sln:wojIIPId><sln:wojIIPPn>PL.PZGIK.200</sln:wojIIPPn><sln:wojIIPWersja>2012-09-27T13:45:13+02:00</sln:wojIIPWersja><sln:wojIdTeryt>22</sln:wojIdTeryt><sln:wojNazwa>pomorskie</sln:wojNazwa></sln:miejscowosc><sln:miejscowosc><sln:cyklZyciaOd>2017-04-05T00:00:00+02:00</sln:cyklZyciaOd><sln:gmIIPId>59d06803-e153-4e8b-b9ec-ed0e83492ffc</sln:gmIIPId><sln:gmIIPPn>PL.PZGIK.200</sln:gmIIPPn><sln:gmIIPWersja>2012-09-26T22:30:39+02:00</sln:gmIIPWersja><sln:gmIdTeryt>2207052</sln:gmIdTeryt><sln:gmNazwa>Ryjewo</sln:gmNazwa><sln:miejscIIPId>402d201f-6aa3-4d31-8169-6c9b09ecac6f</sln:miejscIIPId><sln:miejscIIPPn>PL.PZGIK.200</sln:miejscIIPPn><sln:miejscIIPWersja>2017-04-05T09:08:05+02:00</sln:miejscIIPWersja><sln:miejscIdTeryt>0156400</sln:miejscIdTeryt><sln:miejscNazwa>Watkowice</sln:miejscNazwa><sln:miejscRodzaj>Osada</sln:miejscRodzaj><sln:powIIPId>f4ba051f-f3e2-4074-b9c2-9bd3d3939333</sln:powIIPId><sln:powIIPPn>PL.PZGIK.200</sln:powIIPPn><sln:powIIPWersja>2012-09-27T09:33:51+02:00</sln:powIIPWersja><sln:powIdTeryt>2207</sln:powIdTeryt><sln:powNazwa>kwidzyński</sln:powNazwa><sln:waznyOd>2013-11-02T00:00:00+01:00</sln:waznyOd><sln:wojIIPId>ece93e09-0215-42f3-8067-be0649f58d46</sln:wojIIPId><sln:wojIIPPn>PL.PZGIK.200</sln:wojIIPPn><sln:wojIIPWersja>2012-09-27T13:45:13+02:00</sln:wojIIPWersja><sln:wojIdTeryt>22</sln:wojIdTeryt><sln:wojNazwa>pomorskie</sln:wojNazwa></sln:miejscowosc><sln:miejscowosc><sln:cyklZyciaOd>2017-04-05T00:00:00+02:00</sln:cyklZyciaOd><sln:gmIIPId>59d06803-e153-4e8b-b9ec-ed0e83492ffc</sln:gmIIPId><sln:gmIIPPn>PL.PZGIK.200</sln:gmIIPPn><sln:gmIIPWersja>2012-09-26T22:30:39+02:00</sln:gmIIPWersja><sln:gmIdTeryt>2207052</sln:gmIdTeryt><sln:gmNazwa>Ryjewo</sln:gmNazwa><sln:miejscIIPId>405081ec-0908-4dd7-8eef-8fe585029446</sln:miejscIIPId><sln:miejscIIPPn>PL.PZGIK.200</sln:miejscIIPPn><sln:miejscIIPWersja>2017-04-05T09:08:05+02:00</sln:miejscIIPWersja><sln:miejscIdTeryt>0156417</sln:miejscIdTeryt><sln:miejscNazwa>Watkowice Małe</sln:miejscNazwa><sln:miejscRodzaj>Osada</sln:miejscRodzaj><sln:powIIPId>f4ba051f-f3e2-4074-b9c2-9bd3d3939333</sln:powIIPId><sln:powIIPPn>PL.PZGIK.200</sln:powIIPPn><sln:powIIPWersja>2012-09-27T09:33:51+02:00</sln:powIIPWersja><sln:powIdTeryt>2207</sln:powIdTeryt><sln:powNazwa>kwidzyński</sln:powNazwa><sln:waznyOd>2013-10-11T00:00:00+02:00</sln:waznyOd><sln:wojIIPId>ece93e09-0215-42f3-8067-be0649f58d46</sln:wojIIPId><sln:wojIIPPn>PL.PZGIK.200</sln:wojIIPPn><sln:wojIIPWersja>2012-09-27T13:45:13+02:00</sln:wojIIPWersja><sln:wojIdTeryt>22</sln:wojIdTeryt><sln:wojNazwa>pomorskie</sln:wojNazwa></sln:miejscowosc></sln:lista-miejscowosci>