<?xml version="1.0" encoding="UTF-8" standalone="yes"?><sln:lista-miejscowosci xmlns:srv="http://gugik.gov.pl/schemas/slowniki-service/1.0" xmlns:sln="http://gugik.gov.pl/schemas/slowniki-schema/1.0"><sln:miejscowosc><sln:cyklZyciaDo>2017-03-31T00:00:00+02:00</sln:cyklZyciaDo><sln:cyklZyciaOd>2015-12-08T00:00:00+01:00</sln:cyklZyciaOd><sln:gmIIPId>c4691e5c-175b-4137-bdfc-c8b356f5d1a7</sln:gmIIPId><sln:gmIIPPn>PL.PZGIK.200</sln:gmIIPPn><sln:gmIIPWersja>2012-09-26T22:45:07+02:00</sln:gmIIPWersja><sln:gmIdTeryt>2201072</sln:gmIdTeryt><sln:gmNazwa>Parchowo</sln:gmNazwa><sln:miejscIIPId>0b35596b-0741-4512-bd79-eb142ab5eabd</sln:miejscIIPId><sln:miejscIIPPn>PL.PZGIK.200</sln:miejscIIPPn><sln:miejscIIPWersja>2016-11-24T12:22:06+02:00</sln:miejscIIPWersja><sln:miejscIdTeryt>0748833</sln:miejscIdTeryt><sln:miejscNazwa>Baranowo</sln:miejscNazwa><sln:miejscRodzaj>Wieś</sln:miejscRodzaj><sln:powIIPId>e2a3062e-6769-4642-9ca9-cbdeebbf5034</sln:powIIPId><sln:powIIPPn>PL.PZGIK.200</sln:powIIPPn><sln:powIIPWersja>2012-09-27T09:33:51+02:00</sln:powIIPWersja><sln:powIdTeryt>2201</sln:powIdTeryt><sln:powNazwa>bytowski</sln:powNazwa><sln:waznyOd>2013-07-10T00:00:00+02:00</sln:waznyOd><sln:wojIIPId>ece93e09-0215-42f3-8067-be0649f58d46</sln:wojIIPId><sln:wojIIPPn>PL.PZGIK.200</sln:wojIIPPn><sln:wojIIPWersja>2012-09-27T13:45:13+02:00</sln:wojIIPWersja><sln:wojIdTeryt>22</sln:wojIdTeryt><sln:wojNazwa>pomorskie</sln:wojNazwa></sln:miejscowosc><sln:miejscowosc><sln:cyklZyciaDo>2017-03-31T00:00:00+02:00</sln:cyklZyciaDo><sln:cyklZyciaOd>2015-12-08T00:00:00+01:00</sln:cyklZyciaOd><sln:gmIIPId>c4691e5c-175b-4137-bdfc-c8b356f5d1a7</sln:gmIIPId><sln:gmIIPPn>PL.PZGIK.200</sln:gmIIPPn><sln:gmIIPWersja>2012-09-26T22:45:07+02:00</sln:gmIIPWersja><sln:gmIdTeryt>2201072</sln:gmIdTeryt><sln:gmNazwa>Parchowo</sln:gmNazwa><sln:miejscIIPId>a54a40ae-5d4a-4392-ba80-0ff253f102ea</sln:miejscIIPId><sln:miejscIIPPn>PL.PZGIK.200</sln:miejscIIPPn><sln:miejscIIPWersja>2016-11-24T12:22:06+02:00</sln:miejscIIPWersja><sln:miejscIdTeryt>0748626</sln:miejscIdTeryt><sln:miejscNazwa>Bawernica</sln:miejscNazwa><sln:miejscRodzaj>Wieś</sln:miejscRodzaj><sln:powIIPId>e2a3062e-6769-4642-9ca9-cbdeebbf5034</sln:powIIPId><sln:powIIPPn>PL.PZGIK.200</sln:powIIPPn><sln:powIIPWersja>2012-09-27T09:33:51+02:00</sln:powIIPWersja><sln:powIdTeryt>2201</sln:powIdTeryt><sln:powNazwa>bytowski</sln:powNazwa><sln:waznyOd>2013-07-10T00:00:00+02:00</sln:waznyOd><sln:wojIIPId>ece93e09-0215-42f3-8067-be0649f58d46</sln:wojIIPId><sln:wojIIPPn>PL.PZGIK.200</sln:wojIIPPn><sln:wojIIPWersja>2012-09-27T13:45:13+02:00</sln:wojIIPWersja><sln:wojIdTeryt>22</sln:wojIdTeryt><sln:wojNazwa>pomorskie</sln:wojNazwa></sln:miejscowosc><sln:miejscowosc><sln:cyklZyciaDo>2017-03-31T00:00:00+02:00</sln:cyklZyciaDo><sln:cyklZyciaOd>2015-12-08T00:00:00+01:00</sln:cyklZyciaOd><sln:gmIIPId>c4691e5c-175b-4137-bdfc-c8b356f5d1a7</sln:gmIIPId><sln:gmIIPPn>PL.PZGIK.200</sln:gmIIPPn><sln:gmIIPWersja>2012-09-26T22:45:07+02:00</sln:gmIIPWersja><sln:gmIdTeryt>2201072</sln:gmIdTeryt><sln:gmNazwa>Parchowo</sln:gmNazwa><sln:miejscIIPId>aa2663c8-331a-439c-bfef-cb90921c206a</sln:miejscIIPId><sln:miejscIIPPn>PL.PZGIK.200</sln:miejscIIPPn><sln:miejscIIPWersja>2016-11-24T12:22:06+02:00</sln:miejscIIPWersja><sln:miejscIdTeryt>0748951</sln:miejscIdTeryt><sln:miejscNazwa>Bylina</sln:miejscNazwa><sln:miejscRodzaj>Wieś</sln:miejscRodzaj><sln:powIIPId>e2a3062e-6769-4642-9ca9-cbdeebbf5034</sln:powIIPId><sln:powIIPPn>PL.PZGIK.200</sln:powIIPPn><sln:powIIPWersja>2012-09-27T09:33:51+02:00</sln:powIIPWersja><sln:powIdTeryt>2201</sln:powIdTeryt><sln:powNazwa>bytowski</sln:powNazwa><sln:waznyOd>2013-07-10T00:00:00+02:00</sln:waznyOd><sln:wojIIPId>ece93e09-0215-42f3-8067-be0649f58d46</sln:wojIIPId><sln:wojIIPPn>PL.PZGIK.200</sln:wojIIPPn><sln:wojIIPWersja>2012-09-27T13:45:13+02:00</sln:wojIIPWersja><sln:wojIdTeryt>22</sln:wojIdTeryt><sln:wojNazwa>pomorskie</sln:wojNazwa></sln:miejscowosc><sln:miejscowosc><sln:cyklZyciaDo>2017-03-31T00:00:00+02:00</sln:cyklZyciaDo><sln:cyklZyciaOd>2015-12-08T00:00:00+01:00</sln:cyklZyciaOd><sln:gmIIPId>c4691e5c-175b-4137-bdfc-c8b356f5d1a7</sln:gmIIPId><sln:gmIIPPn>PL.PZGIK.200</sln:gmIIPPn><sln:gmIIPWersja>2012-09-26T22:45:07+02:00</sln:gmIIPWersja><sln:gmIdTeryt>2201072</sln:gmIdTeryt><sln:gmNazwa>Parchowo</sln:gmNazwa><sln:miejscIIPId>67302cc6-aac9-4056-8515-7597679e8b38</sln:miejscIIPId><sln:miejscIIPPn>PL.PZGIK.200</sln:miejscIIPPn><sln:miejscIIPWersja>2016-11-24T12:22:06+02:00</sln:miejscIIPWersja><sln:miejscIdTeryt>0748649</sln:miejscIdTeryt><sln:miejscNazwa>Chałupa</sln:miejscNazwa><sln:miejscRodzaj>Osada</sln:miejscRodzaj><sln:powIIPId>e2a3062e-6769-4642-9ca9-cbdeebbf5034</sln:powIIPId><sln:powIIPPn>PL.PZGIK.200</sln:powIIPPn><sln:powIIPWersja>2012-09-27T09:33:51+02:00</sln:powIIPWersja><sln:powIdTeryt>2201</sln:powIdTeryt><sln:powNazwa>bytowski</sln:powNazwa><sln:waznyOd>2013-07-10T00:00:00+02:00</sln:waznyOd><sln:wojIIPId>ece93e09-0215-42f3-8067-be0649f58d46</sln:wojIIPId><sln:wojIIPPn>PL.PZGIK.200</sln:wojIIPPn><sln:wojIIPWersja>2012-09-27T13:45:13+02:00</sln:wojIIPWersja><sln:wojIdTeryt>22</sln:wojIdTeryt><sln:wojNazwa>pomorskie</sln:wojNazwa></sln:miejscowosc><sln:miejscowosc><sln:cyklZyciaDo>2017-03-31T00:00:00+02:00</sln:cyklZyciaDo><sln:cyklZyciaOd>2015-12-08T00:00:00+01:00</sln:cyklZyciaOd><sln:gmIIPId>c4691e5c-175b-4137-bdfc-c8b356f5d1a7</sln:gmIIPId><sln:gmIIPPn>PL.PZGIK.200</sln:gmIIPPn><sln:gmIIPWersja>2012-09-26T22:45:07+02:00</sln:gmIIPWersja><sln:gmIdTeryt>2201072</sln:gmIdTeryt><sln:gmNazwa>Parchowo</sln:gmNazwa><sln:miejscIIPId>61e5c385-740e-437b-ad5f-9424c1cef650</sln:miejscIIPId><sln:miejscIIPPn>PL.PZGIK.200</sln:miejscIIPPn><sln:miejscIIPWersja>2016-11-24T12:22:06+02:00</sln:miejscIIPWersja><sln:miejscIdTeryt>0748632</sln:miejscIdTeryt><sln:miejscNazwa>Chośnica</sln:miejscNazwa><sln:miejscRodzaj>Wieś</sln:miejscRodzaj><sln:powIIPId>e2a3062e-6769-4642-9ca9-cbdeebbf5034</sln:powIIPId><sln:powIIPPn>PL.PZGIK.200</sln:powIIPPn><sln:powIIPWersja>2012-09-27T09:33:51+02:00</sln:powIIPWersja><sln:powIdTeryt>2201</sln:powIdTeryt><sln:powNazwa>bytowski</sln:powNazwa><sln:waznyOd>2013-07-10T00:00:00+02:00</sln:waznyOd><sln:wojIIPId>ece93e09-0215-42f3-8067-be0649f58d46</sln:wojIIPId><sln:wojIIPPn>PL.PZGIK.200</sln:wojIIPPn><sln:wojIIPWersja>2012-09-27T13:45:13+02:00</sln:wojIIPWersja><sln:wojIdTeryt>22</sln:wojIdTeryt><sln:wojNazwa>pomorskie</sln:wojNazwa></sln:miejscowosc><sln:miejscowosc><sln:cyklZyciaDo>2017-03-31T00:00:00+02:00</sln:cyklZyciaDo><sln:cyklZyciaOd>2015-12-08T00:00:00+01:00</sln:cyklZyciaOd><sln:gmIIPId>c4691e5c-175b-4137-bdfc-c8b356f5d1a7</sln:gmIIPId><sln:gmIIPPn>PL.PZGIK.200</sln:gmIIPPn><sln:gmIIPWersja>2012-09-26T22:45:07+02:00</sln:gmIIPWersja><sln:gmIdTeryt>2201072</sln:gmIdTeryt><sln:gmNazwa>Parchowo</sln:gmNazwa><sln:miejscIIPId>8952124e-b5a9-456e-8de6-17d688bf5167</sln:miejscIIPId><sln:miejscIIPPn>PL.PZGIK.200</sln:miejscIIPPn><sln:miejscIIPWersja>2016-11-24T12:22:06+02:00</sln:miejscIIPWersja><sln:miejscIdTeryt>0748655</sln:miejscIdTeryt><sln:miejscNazwa>Folwark</sln:miejscNazwa><sln:miejscRodzaj>Osada</sln:miejscRodzaj><sln:powIIPId>e2a3062e-6769-4642-9ca9-cbdeebbf5034</sln:powIIPId><sln:powIIPPn>PL.PZGIK.200</sln:powIIPPn><sln:powIIPWersja>2012-09-27T09:33:51+02:00</sln:powIIPWersja><sln:powIdTeryt>2201</sln:powIdTeryt><sln:powNazwa>bytowski</sln:powNazwa><sln:waznyOd>2013-07-10T00:00:00+02:00</sln:waznyOd><sln:wojIIPId>ece93e09-0215-42f3-8067-be0649f58d46</sln:wojIIPId><sln:wojIIPPn>PL.PZGIK.200</sln:wojIIPPn><sln:wojIIPWersja>2012-09-27T13:45:13+02:00</sln:wojIIPWersja><sln:wojIdTeryt>22</sln:wojIdTeryt><sln:wojNazwa>pomorskie</sln:wojNazwa></sln:miejscowosc><sln:miejscowosc><sln:cyklZyciaDo>2017-03-31T00:00:00+02:00</sln:cyklZyciaDo><sln:cyklZyciaOd>2015-12-08T00:00:00+01:00</sln:cyklZyciaOd><sln:gmIIPId>c4691e5c-175b-4137-bdfc-c8b356f5d1a7</sln:gmIIPId><sln:gmIIPPn>PL.PZGIK.200</sln:gmIIPPn><sln:gmIIPWersja>2012-09-26T22:45:07+02:00</sln:gmIIPWersja><sln:gmIdTeryt>2201072</sln:gmIdTeryt><sln:gmNazwa>Parchowo</sln:gmNazwa><sln:miejscIIPId>9b206323-4ccf-4868-a11f-cd36b154c8ff</sln:miejscIIPId><sln:miejscIIPPn>PL.PZGIK.200</sln:miejscIIPPn><sln:miejscIIPWersja>2016-11-24T12:22:06+02:00</sln:miejscIIPWersja><sln:miejscIdTeryt>0748885</sln:miejscIdTeryt><sln:miejscNazwa>Frydrychowo</sln:miejscNazwa><sln:miejscRodzaj>Przysiółek</sln:miejscRodzaj><sln:powIIPId>e2a3062e-6769-4642-9ca9-cbdeebbf5034</sln:powIIPId><sln:powIIPPn>PL.PZGIK.200</sln:powIIPPn><sln:powIIPWersja>2012-09-27T09:33:51+02:00</sln:powIIPWersja><sln:powIdTeryt>2201</sln:powIdTeryt><sln:powNazwa>bytowski</sln:powNazwa><sln:waznyOd>2013-07-10T00:00:00+02:00</sln:waznyOd><sln:wojIIPId>ece93e09-0215-42f3-8067-be0649f58d46</sln:wojIIPId><sln:wojIIPPn>PL.PZGIK.200</sln:wojIIPPn><sln:wojIIPWersja>2012-09-27T13:45:13+02:00</sln:wojIIPWersja><sln:wojIdTeryt>22</sln:wojIdTeryt><sln:wojNazwa>pomorskie</sln:wojNazwa></sln:miejscowosc><sln:miejscowosc><sln:cyklZyciaDo>2017-03-31T00:00:00+02:00</sln:cyklZyciaDo><sln:cyklZyciaOd>2015-12-08T00:00:00+01:00</sln:cyklZyciaOd><sln:gmIIPId>c4691e5c-175b-4137-bdfc-c8b356f5d1a7</sln:gmIIPId><sln:gmIIPPn>PL.PZGIK.200</sln:gmIIPPn><sln:gmIIPWersja>2012-09-26T22:45:07+02:00</sln:gmIIPWersja><sln:gmIdTeryt>2201072</sln:gmIdTeryt><sln:gmNazwa>Parchowo</sln:gmNazwa><sln:miejscIIPId>996a87ff-a3a6-46cc-86a1-6cc143733797</sln:miejscIIPId><sln:miejscIIPPn>PL.PZGIK.200</sln:miejscIIPPn><sln:miejscIIPWersja>2016-11-24T12:22:06+02:00</sln:miejscIIPWersja><sln:miejscIdTeryt>0748922</sln:miejscIdTeryt><sln:miejscNazwa>Garbacz</sln:miejscNazwa><sln:miejscRodzaj>Przysiółek</sln:miejscRodzaj><sln:powIIPId>e2a3062e-6769-4642-9ca9-cbdeebbf5034</sln:powIIPId><sln:powIIPPn>PL.PZGIK.200</sln:powIIPPn><sln:powIIPWersja>2012-09-27T09:33:51+02:00</sln:powIIPWersja><sln:powIdTeryt>2201</sln:powIdTeryt><sln:powNazwa>bytowski</sln:powNazwa><sln:waznyOd>2013-07-10T00:00:00+02:00</sln:waznyOd><sln:wojIIPId>ece93e09-0215-42f3-8067-be0649f58d46</sln:wojIIPId><sln:wojIIPPn>PL.PZGIK.200</sln:wojIIPPn><sln:wojIIPWersja>2012-09-27T13:45:13+02:00</sln:wojIIPWersja><sln:wojIdTeryt>22</sln:wojIdTeryt><sln:wojNazwa>pomorskie</sln:wojNazwa></sln:miejscowosc><sln:miejscowosc><sln:cyklZyciaDo>2017-03-31T00:00:00+02:00</sln:cyklZyciaDo><sln:cyklZyciaOd>2015-12-08T00:00:00+01:00</sln:cyklZyciaOd><sln:gmIIPId>c4691e5c-175b-4137-bdfc-c8b356f5d1a7</sln:gmIIPId><sln:gmIIPPn>PL.PZGIK.200</sln:gmIIPPn><sln:gmIIPWersja>2012-09-26T22:45:07+02:00</sln:gmIIPWersja><sln:gmIdTeryt>2201072</sln:gmIdTeryt><sln:gmNazwa>Parchowo</sln:gmNazwa><sln:miejscIIPId>53888812-7810-49ad-838b-1be3ec30b205</sln:miejscIIPId><sln:miejscIIPPn>PL.PZGIK.200</sln:miejscIIPPn><sln:miejscIIPWersja>2016-11-24T12:22:06+02:00</sln:miejscIIPWersja><sln:miejscIdTeryt>0748661</sln:miejscIdTeryt><sln:miejscNazwa>Gołczewo</sln:miejscNazwa><sln:miejscRodzaj>Wieś</sln:miejscRodzaj><sln:powIIPId>e2a3062e-6769-4642-9ca9-cbdeebbf5034</sln:powIIPId><sln:powIIPPn>PL.PZGIK.200</sln:powIIPPn><sln:powIIPWersja>2012-09-27T09:33:51+02:00</sln:powIIPWersja><sln:powIdTeryt>2201</sln:powIdTeryt><sln:powNazwa>bytowski</sln:powNazwa><sln:waznyOd>2013-07-10T00:00:00+02:00</sln:waznyOd><sln:wojIIPId>ece93e09-0215-42f3-8067-be0649f58d46</sln:wojIIPId><sln:wojIIPPn>PL.PZGIK.200</sln:wojIIPPn><sln:wojIIPWersja>2012-09-27T13:45:13+02:00</sln:wojIIPWersja><sln:wojIdTeryt>22</sln:wojIdTeryt><sln:wojNazwa>pomorskie</sln:wojNazwa></sln:miejscowosc><sln:miejscowosc><sln:cyklZyciaDo>2017-03-31T00:00:00+02:00</sln:cyklZyciaDo><sln:cyklZyciaOd>2015-12-08T00:00:00+01:00</sln:cyklZyciaOd><sln:gmIIPId>c4691e5c-175b-4137-bdfc-c8b356f5d1a7</sln:gmIIPId><sln:gmIIPPn>PL.PZGIK.200</sln:gmIIPPn><sln:gmIIPWersja>2012-09-26T22:45:07+02:00</sln:gmIIPWersja><sln:gmIdTeryt>2201072</sln:gmIdTeryt><sln:gmNazwa>Parchowo</sln:gmNazwa><sln:miejscIIPId>06916c5d-9c9e-464f-ba29-c5a4f86d88c9</sln:miejscIIPId><sln:miejscIIPPn>PL.PZGIK.200</sln:miejscIIPPn><sln:miejscIIPWersja>2016-11-24T12:22:06+02:00</sln:miejscIIPWersja><sln:miejscIdTeryt>0748684</sln:miejscIdTeryt><sln:miejscNazwa>Grabowo Parchowskie</sln:miejscNazwa><sln:miejscRodzaj>Wieś</sln:miejscRodzaj><sln:powIIPId>e2a3062e-6769-4642-9ca9-cbdeebbf5034</sln:powIIPId><sln:powIIPPn>PL.PZGIK.200</sln:powIIPPn><sln:powIIPWersja>2012-09-27T09:33:51+02:00</sln:powIIPWersja><sln:powIdTeryt>2201</sln:powIdTeryt><sln:powNazwa>bytowski</sln:powNazwa><sln:waznyOd>2013-07-10T00:00:00+02:00</sln:waznyOd><sln:wojIIPId>ece93e09-0215-42f3-8067-be0649f58d46</sln:wojIIPId><sln:wojIIPPn>PL.PZGIK.200</sln:wojIIPPn><sln:wojIIPWersja>2012-09-27T13:45:13+02:00</sln:wojIIPWersja><sln:wojIdTeryt>22</sln:wojIdTeryt><sln:wojNazwa>pomorskie</sln:wojNazwa></sln:miejscowosc><sln:miejscowosc><sln:cyklZyciaDo>2017-03-31T00:00:00+02:00</sln:cyklZyciaDo><sln:cyklZyciaOd>2015-12-08T00:00:00+01:00</sln:cyklZyciaOd><sln:gmIIPId>c4691e5c-175b-4137-bdfc-c8b356f5d1a7</sln:gmIIPId><sln:gmIIPPn>PL.PZGIK.200</sln:gmIIPPn><sln:gmIIPWersja>2012-09-26T22:45:07+02:00</sln:gmIIPWersja><sln:gmIdTeryt>2201072</sln:gmIdTeryt><sln:gmNazwa>Parchowo</sln:gmNazwa><sln:miejscIIPId>356876bc-3344-413a-b369-af1b913e8c97</sln:miejscIIPId><sln:miejscIIPPn>PL.PZGIK.200</sln:miejscIIPPn><sln:miejscIIPWersja>2016-11-24T12:22:06+02:00</sln:miejscIIPWersja><sln:miejscIdTeryt>0748690</sln:miejscIdTeryt><sln:miejscNazwa>Jamno</sln:miejscNazwa><sln:miejscRodzaj>Wieś</sln:miejscRodzaj><sln:powIIPId>e2a3062e-6769-4642-9ca9-cbdeebbf5034</sln:powIIPId><sln:powIIPPn>PL.PZGIK.200</sln:powIIPPn><sln:powIIPWersja>2012-09-27T09:33:51+02:00</sln:powIIPWersja><sln:powIdTeryt>2201</sln:powIdTeryt><sln:powNazwa>bytowski</sln:powNazwa><sln:waznyOd>2013-07-10T00:00:00+02:00</sln:waznyOd><sln:wojIIPId>ece93e09-0215-42f3-8067-be0649f58d46</sln:wojIIPId><sln:wojIIPPn>PL.PZGIK.200</sln:wojIIPPn><sln:wojIIPWersja>2012-09-27T13:45:13+02:00</sln:wojIIPWersja><sln:wojIdTeryt>22</sln:wojIdTeryt><sln:wojNazwa>pomorskie</sln:wojNazwa></sln:miejscowosc><sln:miejscowosc><sln:cyklZyciaDo>2017-03-31T00:00:00+02:00</sln:cyklZyciaDo><sln:cyklZyciaOd>2015-12-08T00:00:00+01:00</sln:cyklZyciaOd><sln:gmIIPId>c4691e5c-175b-4137-bdfc-c8b356f5d1a7</sln:gmIIPId><sln:gmIIPPn>PL.PZGIK.200</sln:gmIIPPn><sln:gmIIPWersja>2012-09-26T22:45:07+02:00</sln:gmIIPWersja><sln:gmIdTeryt>2201072</sln:gmIdTeryt><sln:gmNazwa>Parchowo</sln:gmNazwa><sln:miejscIIPId>3a3e64bf-6e22-4179-ae21-08303a7b6921</sln:miejscIIPId><sln:miejscIIPPn>PL.PZGIK.200</sln:miejscIIPPn><sln:miejscIIPWersja>2016-11-24T12:22:06+02:00</sln:miejscIIPWersja><sln:miejscIdTeryt>0748709</sln:miejscIdTeryt><sln:miejscNazwa>Jamnowski Młyn</sln:miejscNazwa><sln:miejscRodzaj>Przysiółek</sln:miejscRodzaj><sln:powIIPId>e2a3062e-6769-4642-9ca9-cbdeebbf5034</sln:powIIPId><sln:powIIPPn>PL.PZGIK.200</sln:powIIPPn><sln:powIIPWersja>2012-09-27T09:33:51+02:00</sln:powIIPWersja><sln:powIdTeryt>2201</sln:powIdTeryt><sln:powNazwa>bytowski</sln:powNazwa><sln:waznyOd>2013-07-10T00:00:00+02:00</sln:waznyOd><sln:wojIIPId>ece93e09-0215-42f3-8067-be0649f58d46</sln:wojIIPId><sln:wojIIPPn>PL.PZGIK.200</sln:wojIIPPn><sln:wojIIPWersja>2012-09-27T13:45:13+02:00</sln:wojIIPWersja><sln:wojIdTeryt>22</sln:wojIdTeryt><sln:wojNazwa>pomorskie</sln:wojNazwa></sln:miejscowosc><sln:miejscowosc><sln:cyklZyciaDo>2017-03-31T00:00:00+02:00</sln:cyklZyciaDo><sln:cyklZyciaOd>2015-12-08T00:00:00+01:00</sln:cyklZyciaOd><sln:gmIIPId>c4691e5c-175b-4137-bdfc-c8b356f5d1a7</sln:gmIIPId><sln:gmIIPPn>PL.PZGIK.200</sln:gmIIPPn><sln:gmIIPWersja>2012-09-26T22:45:07+02:00</sln:gmIIPWersja><sln:gmIdTeryt>2201072</sln:gmIdTeryt><sln:gmNazwa>Parchowo</sln:gmNazwa><sln:miejscIIPId>5c867714-830a-43e1-885e-9e16493255cc</sln:miejscIIPId><sln:miejscIIPPn>PL.PZGIK.200</sln:miejscIIPPn><sln:miejscIIPWersja>2016-11-24T12:22:06+02:00</sln:miejscIIPWersja><sln:miejscIdTeryt>0748738</sln:miejscIdTeryt><sln:miejscNazwa>Jeleńcz</sln:miejscNazwa><sln:miejscRodzaj>Wieś</sln:miejscRodzaj><sln:powIIPId>e2a3062e-6769-4642-9ca9-cbdeebbf5034</sln:powIIPId><sln:powIIPPn>PL.PZGIK.200</sln:powIIPPn><sln:powIIPWersja>2012-09-27T09:33:51+02:00</sln:powIIPWersja><sln:powIdTeryt>2201</sln:powIdTeryt><sln:powNazwa>bytowski</sln:powNazwa><sln:waznyOd>2013-07-10T00:00:00+02:00</sln:waznyOd><sln:wojIIPId>ece93e09-0215-42f3-8067-be0649f58d46</sln:wojIIPId><sln:wojIIPPn>PL.PZGIK.200</sln:wojIIPPn><sln:wojIIPWersja>2012-09-27T13:45:13+02:00</sln:wojIIPWersja><sln:wojIdTeryt>22</sln:wojIdTeryt><sln:wojNazwa>pomorskie</sln:wojNazwa></sln:miejscowosc><sln:miejscowosc><sln:cyklZyciaDo>2017-03-31T00:00:00+02:00</sln:cyklZyciaDo><sln:cyklZyciaOd>2015-12-08T00:00:00+01:00</sln:cyklZyciaOd><sln:gmIIPId>c4691e5c-175b-4137-bdfc-c8b356f5d1a7</sln:gmIIPId><sln:gmIIPPn>PL.PZGIK.200</sln:gmIIPPn><sln:gmIIPWersja>2012-09-26T22:45:07+02:00</sln:gmIIPWersja><sln:gmIdTeryt>2201072</sln:gmIdTeryt><sln:gmNazwa>Parchowo</sln:gmNazwa><sln:miejscIIPId>3d59f011-4156-40a0-9e03-d5ea4a37d6d9</sln:miejscIIPId><sln:miejscIIPPn>PL.PZGIK.200</sln:miejscIIPPn><sln:miejscIIPWersja>2016-11-24T12:22:06+02:00</sln:miejscIIPWersja><sln:miejscIdTeryt>0748856</sln:miejscIdTeryt><sln:miejscNazwa>Karłowo</sln:miejscNazwa><sln:miejscRodzaj>Inny obiekt</sln:miejscRodzaj><sln:powIIPId>e2a3062e-6769-4642-9ca9-cbdeebbf5034</sln:powIIPId><sln:powIIPPn>PL.PZGIK.200</sln:powIIPPn><sln:powIIPWersja>2012-09-27T09:33:51+02:00</sln:powIIPWersja><sln:powIdTeryt>2201</sln:powIdTeryt><sln:powNazwa>bytowski</sln:powNazwa><sln:waznyOd>2013-07-10T00:00:00+02:00</sln:waznyOd><sln:wojIIPId>ece93e09-0215-42f3-8067-be0649f58d46</sln:wojIIPId><sln:wojIIPPn>PL.PZGIK.200</sln:wojIIPPn><sln:wojIIPWersja>2012-09-27T13:45:13+02:00</sln:wojIIPWersja><sln:wojIdTeryt>22</sln:wojIdTeryt><sln:wojNazwa>pomorskie</sln:wojNazwa></sln:miejscowosc><sln:miejscowosc><sln:cyklZyciaDo>2017-03-31T00:00:00+02:00</sln:cyklZyciaDo><sln:cyklZyciaOd>2015-12-08T00:00:00+01:00</sln:cyklZyciaOd><sln:gmIIPId>c4691e5c-175b-4137-bdfc-c8b356f5d1a7</sln:gmIIPId><sln:gmIIPPn>PL.PZGIK.200</sln:gmIIPPn><sln:gmIIPWersja>2012-09-26T22:45:07+02:00</sln:gmIIPWersja><sln:gmIdTeryt>2201072</sln:gmIdTeryt><sln:gmNazwa>Parchowo</sln:gmNazwa><sln:miejscIIPId>780a16f6-f7f4-4178-93fb-1198e482e427</sln:miejscIIPId><sln:miejscIIPPn>PL.PZGIK.200</sln:miejscIIPPn><sln:miejscIIPWersja>2016-11-24T12:22:06+02:00</sln:miejscIIPWersja><sln:miejscIdTeryt>0748750</sln:miejscIdTeryt><sln:miejscNazwa>Nakla</sln:miejscNazwa><sln:miejscRodzaj>Wieś</sln:miejscRodzaj><sln:powIIPId>e2a3062e-6769-4642-9ca9-cbdeebbf5034</sln:powIIPId><sln:powIIPPn>PL.PZGIK.200</sln:powIIPPn><sln:powIIPWersja>2012-09-27T09:33:51+02:00</sln:powIIPWersja><sln:powIdTeryt>2201</sln:powIdTeryt><sln:powNazwa>bytowski</sln:powNazwa><sln:waznyOd>2013-07-10T00:00:00+02:00</sln:waznyOd><sln:wojIIPId>ece93e09-0215-42f3-8067-be0649f58d46</sln:wojIIPId><sln:wojIIPPn>PL.PZGIK.200</sln:wojIIPPn><sln:wojIIPWersja>2012-09-27T13:45:13+02:00</sln:wojIIPWersja><sln:wojIdTeryt>22</sln:wojIdTeryt><sln:wojNazwa>pomorskie</sln:wojNazwa></sln:miejscowosc><sln:miejscowosc><sln:cyklZyciaDo>2017-03-31T00:00:00+02:00</sln:cyklZyciaDo><sln:cyklZyciaOd>2015-12-08T00:00:00+01:00</sln:cyklZyciaOd><sln:gmIIPId>c4691e5c-175b-4137-bdfc-c8b356f5d1a7</sln:gmIIPId><sln:gmIIPPn>PL.PZGIK.200</sln:gmIIPPn><sln:gmIIPWersja>2012-09-26T22:45:07+02:00</sln:gmIIPWersja><sln:gmIdTeryt>2201072</sln:gmIdTeryt><sln:gmNazwa>Parchowo</sln:gmNazwa><sln:miejscIIPId>4884abd2-2fb4-4de0-bf67-c0945b98c3ba</sln:miejscIIPId><sln:miejscIIPPn>PL.PZGIK.200</sln:miejscIIPPn><sln:miejscIIPWersja>2016-11-24T12:22:06+02:00</sln:miejscIIPWersja><sln:miejscIdTeryt>0748827</sln:miejscIdTeryt><sln:miejscNazwa>Nowa Wieś</sln:miejscNazwa><sln:miejscRodzaj>Wieś</sln:miejscRodzaj><sln:powIIPId>e2a3062e-6769-4642-9ca9-cbdeebbf5034</sln:powIIPId><sln:powIIPPn>PL.PZGIK.200</sln:powIIPPn><sln:powIIPWersja>2012-09-27T09:33:51+02:00</sln:powIIPWersja><sln:powIdTeryt>2201</sln:powIdTeryt><sln:powNazwa>bytowski</sln:powNazwa><sln:waznyOd>2013-07-10T00:00:00+02:00</sln:waznyOd><sln:wojIIPId>ece93e09-0215-42f3-8067-be0649f58d46</sln:wojIIPId><sln:wojIIPPn>PL.PZGIK.200</sln:wojIIPPn><sln:wojIIPWersja>2012-09-27T13:45:13+02:00</sln:wojIIPWersja><sln:wojIdTeryt>22</sln:wojIdTeryt><sln:wojNazwa>pomorskie</sln:wojNazwa></sln:miejscowosc><sln:miejscowosc><sln:cyklZyciaDo>2017-03-31T00:00:00+02:00</sln:cyklZyciaDo><sln:cyklZyciaOd>2015-12-08T00:00:00+01:00</sln:cyklZyciaOd><sln:gmIIPId>c4691e5c-175b-4137-bdfc-c8b356f5d1a7</sln:gmIIPId><sln:gmIIPPn>PL.PZGIK.200</sln:gmIIPPn><sln:gmIIPWersja>2012-09-26T22:45:07+02:00</sln:gmIIPWersja><sln:gmIdTeryt>2201072</sln:gmIdTeryt><sln:gmNazwa>Parchowo</sln:gmNazwa><sln:miejscIIPId>22355acb-a7cf-4553-b005-c83a5c670e66</sln:miejscIIPId><sln:miejscIIPPn>PL.PZGIK.200</sln:miejscIIPPn><sln:miejscIIPWersja>2016-11-24T12:22:06+02:00</sln:miejscIIPWersja><sln:miejscIdTeryt>0748840</sln:miejscIdTeryt><sln:miejscNazwa>Parchowo</sln:miejscNazwa><sln:miejscRodzaj>Wieś</sln:miejscRodzaj><sln:powIIPId>e2a3062e-6769-4642-9ca9-cbdeebbf5034</sln:powIIPId><sln:powIIPPn>PL.PZGIK.200</sln:powIIPPn><sln:powIIPWersja>2012-09-27T09:33:51+02:00</sln:powIIPWersja><sln:powIdTeryt>2201</sln:powIdTeryt><sln:powNazwa>bytowski</sln:powNazwa><sln:waznyOd>2013-07-10T00:00:00+02:00</sln:waznyOd><sln:wojIIPId>ece93e09-0215-42f3-8067-be0649f58d46</sln:wojIIPId><sln:wojIIPPn>PL.PZGIK.200</sln:wojIIPPn><sln:wojIIPWersja>2012-09-27T13:45:13+02:00</sln:wojIIPWersja><sln:wojIdTeryt>22</sln:wojIdTeryt><sln:wojNazwa>pomorskie</sln:wojNazwa></sln:miejscowosc><sln:miejscowosc><sln:cyklZyciaDo>2017-03-31T00:00:00+02:00</sln:cyklZyciaDo><sln:cyklZyciaOd>2015-12-08T00:00:00+01:00</sln:cyklZyciaOd><sln:gmIIPId>c4691e5c-175b-4137-bdfc-c8b356f5d1a7</sln:gmIIPId><sln:gmIIPPn>PL.PZGIK.200</sln:gmIIPPn><sln:gmIIPWersja>2012-09-26T22:45:07+02:00</sln:gmIIPWersja><sln:gmIdTeryt>2201072</sln:gmIdTeryt><sln:gmNazwa>Parchowo</sln:gmNazwa><sln:miejscIIPId>7557eb60-b0a8-40fa-b5b9-77acd89a19bb</sln:miejscIIPId><sln:miejscIIPPn>PL.PZGIK.200</sln:miejscIIPPn><sln:miejscIIPWersja>2016-11-24T12:22:06+02:00</sln:miejscIIPWersja><sln:miejscIdTeryt>0748891</sln:miejscIdTeryt><sln:miejscNazwa>Parchowski Bór</sln:miejscNazwa><sln:miejscRodzaj>Przysiółek</sln:miejscRodzaj><sln:powIIPId>e2a3062e-6769-4642-9ca9-cbdeebbf5034</sln:powIIPId><sln:powIIPPn>PL.PZGIK.200</sln:powIIPPn><sln:powIIPWersja>2012-09-27T09:33:51+02:00</sln:powIIPWersja><sln:powIdTeryt>2201</sln:powIdTeryt><sln:powNazwa>bytowski</sln:powNazwa><sln:waznyOd>2013-07-10T00:00:00+02:00</sln:waznyOd><sln:wojIIPId>ece93e09-0215-42f3-8067-be0649f58d46</sln:wojIIPId><sln:wojIIPPn>PL.PZGIK.200</sln:wojIIPPn><sln:wojIIPWersja>2012-09-27T13:45:13+02:00</sln:wojIIPWersja><sln:wojIdTeryt>22</sln:wojIdTeryt><sln:wojNazwa>pomorskie</sln:wojNazwa></sln:miejscowosc><sln:miejscowosc><sln:cyklZyciaDo>2017-03-31T00:00:00+02:00</sln:cyklZyciaDo><sln:cyklZyciaOd>2015-12-08T00:00:00+01:00</sln:cyklZyciaOd><sln:gmIIPId>c4691e5c-175b-4137-bdfc-c8b356f5d1a7</sln:gmIIPId><sln:gmIIPPn>PL.PZGIK.200</sln:gmIIPPn><sln:gmIIPWersja>2012-09-26T22:45:07+02:00</sln:gmIIPWersja><sln:gmIdTeryt>2201072</sln:gmIdTeryt><sln:gmNazwa>Parchowo</sln:gmNazwa><sln:miejscIIPId>35fd00e3-20d2-4cca-aec9-c0e254a8555a</sln:miejscIIPId><sln:miejscIIPPn>PL.PZGIK.200</sln:miejscIIPPn><sln:miejscIIPWersja>2016-11-24T12:22:06+02:00</sln:miejscIIPWersja><sln:miejscIdTeryt>0748900</sln:miejscIdTeryt><sln:miejscNazwa>Parchowski Młyn</sln:miejscNazwa><sln:miejscRodzaj>Przysiółek</sln:miejscRodzaj><sln:powIIPId>e2a3062e-6769-4642-9ca9-cbdeebbf5034</sln:powIIPId><sln:powIIPPn>PL.PZGIK.200</sln:powIIPPn><sln:powIIPWersja>2012-09-27T09:33:51+02:00</sln:powIIPWersja><sln:powIdTeryt>2201</sln:powIdTeryt><sln:powNazwa>bytowski</sln:powNazwa><sln:waznyOd>2013-07-10T00:00:00+02:00</sln:waznyOd><sln:wojIIPId>ece93e09-0215-42f3-8067-be0649f58d46</sln:wojIIPId><sln:wojIIPPn>PL.PZGIK.200</sln:wojIIPPn><sln:wojIIPWersja>2012-09-27T13:45:13+02:00</sln:wojIIPWersja><sln:wojIdTeryt>22</sln:wojIdTeryt><sln:wojNazwa>pomorskie</sln:wojNazwa></sln:miejscowosc><sln:miejscowosc><sln:cyklZyciaDo>2017-03-31T00:00:00+02:00</sln:cyklZyciaDo><sln:cyklZyciaOd>2015-12-08T00:00:00+01:00</sln:cyklZyciaOd><sln:gmIIPId>c4691e5c-175b-4137-bdfc-c8b356f5d1a7</sln:gmIIPId><sln:gmIIPPn>PL.PZGIK.200</sln:gmIIPPn><sln:gmIIPWersja>2012-09-26T22:45:07+02:00</sln:gmIIPWersja><sln:gmIdTeryt>2201072</sln:gmIdTeryt><sln:gmNazwa>Parchowo</sln:gmNazwa><sln:miejscIIPId>dc3ede1a-10a6-41d6-a6c3-58700849c4cd</sln:miejscIIPId><sln:miejscIIPPn>PL.PZGIK.200</sln:miejscIIPPn><sln:miejscIIPWersja>2016-11-24T12:22:06+02:00</sln:miejscIIPWersja><sln:miejscIdTeryt>0748968</sln:miejscIdTeryt><sln:miejscNazwa>Soszyca</sln:miejscNazwa><sln:miejscRodzaj>Wieś</sln:miejscRodzaj><sln:powIIPId>e2a3062e-6769-4642-9ca9-cbdeebbf5034</sln:powIIPId><sln:powIIPPn>PL.PZGIK.200</sln:powIIPPn><sln:powIIPWersja>2012-09-27T09:33:51+02:00</sln:powIIPWersja><sln:powIdTeryt>2201</sln:powIdTeryt><sln:powNazwa>bytowski</sln:powNazwa><sln:waznyOd>2013-07-10T00:00:00+02:00</sln:waznyOd><sln:wojIIPId>ece93e09-0215-42f3-8067-be0649f58d46</sln:wojIIPId><sln:wojIIPPn>PL.PZGIK.200</sln:wojIIPPn><sln:wojIIPWersja>2012-09-27T13:45:13+02:00</sln:wojIIPWersja><sln:wojIdTeryt>22</sln:wojIdTeryt><sln:wojNazwa>pomorskie</sln:wojNazwa></sln:miejscowosc><sln:miejscowosc><sln:cyklZyciaDo>2017-03-31T00:00:00+02:00</sln:cyklZyciaDo><sln:cyklZyciaOd>2015-12-08T00:00:00+01:00</sln:cyklZyciaOd><sln:gmIIPId>c4691e5c-175b-4137-bdfc-c8b356f5d1a7</sln:gmIIPId><sln:gmIIPPn>PL.PZGIK.200</sln:gmIIPPn><sln:gmIIPWersja>2012-09-26T22:45:07+02:00</sln:gmIIPWersja><sln:gmIdTeryt>2201072</sln:gmIdTeryt><sln:gmNazwa>Parchowo</sln:gmNazwa><sln:miejscIIPId>3945f9b8-faa9-4389-b239-b5e85f1f6a0d</sln:miejscIIPId><sln:miejscIIPPn>PL.PZGIK.200</sln:miejscIIPPn><sln:miejscIIPWersja>2016-11-24T12:22:06+02:00</sln:miejscIIPWersja><sln:miejscIdTeryt>0748974</sln:miejscIdTeryt><sln:miejscNazwa>Struga</sln:miejscNazwa><sln:miejscRodzaj>Wieś</sln:miejscRodzaj><sln:powIIPId>e2a3062e-6769-4642-9ca9-cbdeebbf5034</sln:powIIPId><sln:powIIPPn>PL.PZGIK.200</sln:powIIPPn><sln:powIIPWersja>2012-09-27T09:33:51+02:00</sln:powIIPWersja><sln:powIdTeryt>2201</sln:powIdTeryt><sln:powNazwa>bytowski</sln:powNazwa><sln:waznyOd>2013-07-10T00:00:00+02:00</sln:waznyOd><sln:wojIIPId>ece93e09-0215-42f3-8067-be0649f58d46</sln:wojIIPId><sln:wojIIPPn>PL.PZGIK.200</sln:wojIIPPn><sln:wojIIPWersja>2012-09-27T13:45:13+02:00</sln:wojIIPWersja><sln:wojIdTeryt>22</sln:wojIdTeryt><sln:wojNazwa>pomorskie</sln:wojNazwa></sln:miejscowosc><sln:miejscowosc><sln:cyklZyciaDo>2017-03-31T00:00:00+02:00</sln:cyklZyciaDo><sln:cyklZyciaOd>2015-12-08T00:00:00+01:00</sln:cyklZyciaOd><sln:gmIIPId>c4691e5c-175b-4137-bdfc-c8b356f5d1a7</sln:gmIIPId><sln:gmIIPPn>PL.PZGIK.200</sln:gmIIPPn><sln:gmIIPWersja>2012-09-26T22:45:07+02:00</sln:gmIIPWersja><sln:gmIdTeryt>2201072</sln:gmIdTeryt><sln:gmNazwa>Parchowo</sln:gmNazwa><sln:miejscIIPId>e2829638-e092-43e3-81c5-057163cf695a</sln:miejscIIPId><sln:miejscIIPPn>PL.PZGIK.200</sln:miejscIIPPn><sln:miejscIIPWersja>2016-11-24T12:22:06+02:00</sln:miejscIIPWersja><sln:miejscIdTeryt>0748939</sln:miejscIdTeryt><sln:miejscNazwa>Sumin</sln:miejscNazwa><sln:miejscRodzaj>Osada</sln:miejscRodzaj><sln:powIIPId>e2a3062e-6769-4642-9ca9-cbdeebbf5034</sln:powIIPId><sln:powIIPPn>PL.PZGIK.200</sln:powIIPPn><sln:powIIPWersja>2012-09-27T09:33:51+02:00</sln:powIIPWersja><sln:powIdTeryt>2201</sln:powIdTeryt><sln:powNazwa>bytowski</sln:powNazwa><sln:waznyOd>2013-07-10T00:00:00+02:00</sln:waznyOd><sln:wojIIPId>ece93e09-0215-42f3-8067-be0649f58d46</sln:wojIIPId><sln:wojIIPPn>PL.PZGIK.200</sln:wojIIPPn><sln:wojIIPWersja>2012-09-27T13:45:13+02:00</sln:wojIIPWersja><sln:wojIdTeryt>22</sln:wojIdTeryt><sln:wojNazwa>pomorskie</sln:wojNazwa></sln:miejscowosc><sln:miejscowosc><sln:cyklZyciaDo>2017-03-31T00:00:00+02:00</sln:cyklZyciaDo><sln:cyklZyciaOd>2015-12-08T00:00:00+01:00</sln:cyklZyciaOd><sln:gmIIPId>c4691e5c-175b-4137-bdfc-c8b356f5d1a7</sln:gmIIPId><sln:gmIIPPn>PL.PZGIK.200</sln:gmIIPPn><sln:gmIIPWersja>2012-09-26T22:45:07+02:00</sln:gmIIPWersja><sln:gmIdTeryt>2201072</sln:gmIdTeryt><sln:gmNazwa>Parchowo</sln:gmNazwa><sln:miejscIIPId>23a25ea5-d84f-4562-a87d-44883d493b1f</sln:miejscIIPId><sln:miejscIIPPn>PL.PZGIK.200</sln:miejscIIPPn><sln:miejscIIPWersja>2016-11-24T12:22:06+02:00</sln:miejscIIPWersja><sln:miejscIdTeryt>0748916</sln:miejscIdTeryt><sln:miejscNazwa>Sylczno</sln:miejscNazwa><sln:miejscRodzaj>Wieś</sln:miejscRodzaj><sln:powIIPId>e2a3062e-6769-4642-9ca9-cbdeebbf5034</sln:powIIPId><sln:powIIPPn>PL.PZGIK.200</sln:powIIPPn><sln:powIIPWersja>2012-09-27T09:33:51+02:00</sln:powIIPWersja><sln:powIdTeryt>2201</sln:powIdTeryt><sln:powNazwa>bytowski</sln:powNazwa><sln:waznyOd>2013-07-10T00:00:00+02:00</sln:waznyOd><sln:wojIIPId>ece93e09-0215-42f3-8067-be0649f58d46</sln:wojIIPId><sln:wojIIPPn>PL.PZGIK.200</sln:wojIIPPn><sln:wojIIPWersja>2012-09-27T13:45:13+02:00</sln:wojIIPWersja><sln:wojIdTeryt>22</sln:wojIdTeryt><sln:wojNazwa>pomorskie</sln:wojNazwa></sln:miejscowosc><sln:miejscowosc><sln:cyklZyciaDo>2017-03-31T00:00:00+02:00</sln:cyklZyciaDo><sln:cyklZyciaOd>2015-12-08T00:00:00+01:00</sln:cyklZyciaOd><sln:gmIIPId>c4691e5c-175b-4137-bdfc-c8b356f5d1a7</sln:gmIIPId><sln:gmIIPPn>PL.PZGIK.200</sln:gmIIPPn><sln:gmIIPWersja>2012-09-26T22:45:07+02:00</sln:gmIIPWersja><sln:gmIdTeryt>2201072</sln:gmIdTeryt><sln:gmNazwa>Parchowo</sln:gmNazwa><sln:miejscIIPId>617f217c-d8aa-4195-a9f3-287a045a1278</sln:miejscIIPId><sln:miejscIIPPn>PL.PZGIK.200</sln:miejscIIPPn><sln:miejscIIPWersja>2016-11-24T12:22:06+02:00</sln:miejscIIPWersja><sln:miejscIdTeryt>0748862</sln:miejscIdTeryt><sln:miejscNazwa>Wiślany</sln:miejscNazwa><sln:miejscRodzaj>Inny obiekt</sln:miejscRodzaj><sln:powIIPId>e2a3062e-6769-4642-9ca9-cbdeebbf5034</sln:powIIPId><sln:powIIPPn>PL.PZGIK.200</sln:powIIPPn><sln:powIIPWersja>2012-09-27T09:33:51+02:00</sln:powIIPWersja><sln:powIdTeryt>2201</sln:powIdTeryt><sln:powNazwa>bytowski</sln:powNazwa><sln:waznyOd>2013-07-10T00:00:00+02:00</sln:waznyOd><sln:wojIIPId>ece93e09-0215-42f3-8067-be0649f58d46</sln:wojIIPId><sln:wojIIPPn>PL.PZGIK.200</sln:wojIIPPn><sln:wojIIPWersja>2012-09-27T13:45:13+02:00</sln:wojIIPWersja><sln:wojIdTeryt>22</sln:wojIdTeryt><sln:wojNazwa>pomorskie</sln:wojNazwa></sln:miejscowosc><sln:miejscowosc><sln:cyklZyciaDo>2017-03-31T00:00:00+02:00</sln:cyklZyciaDo><sln:cyklZyciaOd>2015-12-08T00:00:00+01:00</sln:cyklZyciaOd><sln:gmIIPId>c4691e5c-175b-4137-bdfc-c8b356f5d1a7</sln:gmIIPId><sln:gmIIPPn>PL.PZGIK.200</sln:gmIIPPn><sln:gmIIPWersja>2012-09-26T22:45:07+02:00</sln:gmIIPWersja><sln:gmIdTeryt>2201072</sln:gmIdTeryt><sln:gmNazwa>Parchowo</sln:gmNazwa><sln:miejscIIPId>e02cd141-031a-49d4-b97b-d8d5bde8f824</sln:miejscIIPId><sln:miejscIIPPn>PL.PZGIK.200</sln:miejscIIPPn><sln:miejscIIPWersja>2016-11-24T12:22:06+02:00</sln:miejscIIPWersja><sln:miejscIdTeryt>0748810</sln:miejscIdTeryt><sln:miejscNazwa>Wygoda</sln:miejscNazwa><sln:miejscRodzaj>Przysiółek</sln:miejscRodzaj><sln:powIIPId>e2a3062e-6769-4642-9ca9-cbdeebbf5034</sln:powIIPId><sln:powIIPPn>PL.PZGIK.200</sln:powIIPPn><sln:powIIPWersja>2012-09-27T09:33:51+02:00</sln:powIIPWersja><sln:powIdTeryt>2201</sln:powIdTeryt><sln:powNazwa>bytowski</sln:powNazwa><sln:waznyOd>2013-07-10T00:00:00+02:00</sln:waznyOd><sln:wojIIPId>ece93e09-0215-42f3-8067-be0649f58d46</sln:wojIIPId><sln:wojIIPPn>PL.PZGIK.200</sln:wojIIPPn><sln:wojIIPWersja>2012-09-27T13:45:13+02:00</sln:wojIIPWersja><sln:wojIdTeryt>22</sln:wojIdTeryt><sln:wojNazwa>pomorskie</sln:wojNazwa></sln:miejscowosc><sln:miejscowosc><sln:cyklZyciaDo>2017-03-31T00:00:00+02:00</sln:cyklZyciaDo><sln:cyklZyciaOd>2015-12-08T00:00:00+01:00</sln:cyklZyciaOd><sln:gmIIPId>c4691e5c-175b-4137-bdfc-c8b356f5d1a7</sln:gmIIPId><sln:gmIIPPn>PL.PZGIK.200</sln:gmIIPPn><sln:gmIIPWersja>2012-09-26T22:45:07+02:00</sln:gmIIPWersja><sln:gmIdTeryt>2201072</sln:gmIdTeryt><sln:gmNazwa>Parchowo</sln:gmNazwa><sln:miejscIIPId>5408fd16-b52f-4042-a379-93c2463f2ee0</sln:miejscIIPId><sln:miejscIIPPn>PL.PZGIK.200</sln:miejscIIPPn><sln:miejscIIPWersja>2016-11-24T12:22:06+02:00</sln:miejscIIPWersja><sln:miejscIdTeryt>0748879</sln:miejscIdTeryt><sln:miejscNazwa>Zielony Dwór</sln:miejscNazwa><sln:miejscRodzaj>Inny obiekt</sln:miejscRodzaj><sln:powIIPId>e2a3062e-6769-4642-9ca9-cbdeebbf5034</sln:powIIPId><sln:powIIPPn>PL.PZGIK.200</sln:powIIPPn><sln:powIIPWersja>2012-09-27T09:33:51+02:00</sln:powIIPWersja><sln:powIdTeryt>2201</sln:powIdTeryt><sln:powNazwa>bytowski</sln:powNazwa><sln:waznyOd>2013-07-10T00:00:00+02:00</sln:waznyOd><sln:wojIIPId>ece93e09-0215-42f3-8067-be0649f58d46</sln:wojIIPId><sln:wojIIPPn>PL.PZGIK.200</sln:wojIIPPn><sln:wojIIPWersja>2012-09-27T13:45:13+02:00</sln:wojIIPWersja><sln:wojIdTeryt>22</sln:wojIdTeryt><sln:wojNazwa>pomorskie</sln:wojNazwa></sln:miejscowosc><sln:miejscowosc><sln:cyklZyciaDo>2017-03-31T00:00:00+02:00</sln:cyklZyciaDo><sln:cyklZyciaOd>2015-12-08T00:00:00+01:00</sln:cyklZyciaOd><sln:gmIIPId>c4691e5c-175b-4137-bdfc-c8b356f5d1a7</sln:gmIIPId><sln:gmIIPPn>PL.PZGIK.200</sln:gmIIPPn><sln:gmIIPWersja>2012-09-26T22:45:07+02:00</sln:gmIIPWersja><sln:gmIdTeryt>2201072</sln:gmIdTeryt><sln:gmNazwa>Parchowo</sln:gmNazwa><sln:miejscIIPId>227f1846-defe-4c59-baa8-8e4bb3675768</sln:miejscIIPId><sln:miejscIIPPn>PL.PZGIK.200</sln:miejscIIPPn><sln:miejscIIPWersja>2016-11-24T12:22:06+02:00</sln:miejscIIPWersja><sln:miejscIdTeryt>0748945</sln:miejscIdTeryt><sln:miejscNazwa>Żukówko</sln:miejscNazwa><sln:miejscRodzaj>Wieś</sln:miejscRodzaj><sln:powIIPId>e2a3062e-6769-4642-9ca9-cbdeebbf5034</sln:powIIPId><sln:powIIPPn>PL.PZGIK.200</sln:powIIPPn><sln:powIIPWersja>2012-09-27T09:33:51+02:00</sln:powIIPWersja><sln:powIdTeryt>2201</sln:powIdTeryt><sln:powNazwa>bytowski</sln:powNazwa><sln:waznyOd>2013-07-10T00:00:00+02:00</sln:waznyOd><sln:wojIIPId>ece93e09-0215-42f3-8067-be0649f58d46</sln:wojIIPId><sln:wojIIPPn>PL.PZGIK.200</sln:wojIIPPn><sln:wojIIPWersja>2012-09-27T13:45:13+02:00</sln:wojIIPWersja><sln:wojIdTeryt>22</sln:wojIdTeryt><sln:wojNazwa>pomorskie</sln:wojNazwa></sln:miejscowosc><sln:miejscowosc><sln:cyklZyciaOd>2017-03-31T00:00:00+02:00</sln:cyklZyciaOd><sln:gmIIPId>c4691e5c-175b-4137-bdfc-c8b356f5d1a7</sln:gmIIPId><sln:gmIIPPn>PL.PZGIK.200</sln:gmIIPPn><sln:gmIIPWersja>2012-09-26T22:45:07+02:00</sln:gmIIPWersja><sln:gmIdTeryt>2201072</sln:gmIdTeryt><sln:gmNazwa>Parchowo</sln:gmNazwa><sln:miejscIIPId>a54a40ae-5d4a-4392-ba80-0ff253f102ea</sln:miejscIIPId><sln:miejscIIPPn>PL.PZGIK.200</sln:miejscIIPPn><sln:miejscIIPWersja>2017-03-31T12:34:20+02:00</sln:miejscIIPWersja><sln:miejscIdTeryt>0748626</sln:miejscIdTeryt><sln:miejscNazwa>Bawernica</sln:miejscNazwa><sln:miejscRodzaj>Wieś</sln:miejscRodzaj><sln:powIIPId>e2a3062e-6769-4642-9ca9-cbdeebbf5034</sln:powIIPId><sln:powIIPPn>PL.PZGIK.200</sln:powIIPPn><sln:powIIPWersja>2012-09-27T09:33:51+02:00</sln:powIIPWersja><sln:powIdTeryt>2201</sln:powIdTeryt><sln:powNazwa>bytowski</sln:powNazwa><sln:waznyOd>2013-07-10T00:00:00+02:00</sln:waznyOd><sln:wojIIPId>ece93e09-0215-42f3-8067-be0649f58d46</sln:wojIIPId><sln:wojIIPPn>PL.PZGIK.200</sln:wojIIPPn><sln:wojIIPWersja>2012-09-27T13:45:13+02:00</sln:wojIIPWersja><sln:wojIdTeryt>22</sln:wojIdTeryt><sln:wojNazwa>pomorskie</sln:wojNazwa></sln:miejscowosc><sln:miejscowosc><sln:cyklZyciaOd>2017-03-31T00:00:00+02:00</sln:cyklZyciaOd><sln:gmIIPId>c4691e5c-175b-4137-bdfc-c8b356f5d1a7</sln:gmIIPId><sln:gmIIPPn>PL.PZGIK.200</sln:gmIIPPn><sln:gmIIPWersja>2012-09-26T22:45:07+02:00</sln:gmIIPWersja><sln:gmIdTeryt>2201072</sln:gmIdTeryt><sln:gmNazwa>Parchowo</sln:gmNazwa><sln:miejscIIPId>61e5c385-740e-437b-ad5f-9424c1cef650</sln:miejscIIPId><sln:miejscIIPPn>PL.PZGIK.200</sln:miejscIIPPn><sln:miejscIIPWersja>2017-03-31T12:34:28+02:00</sln:miejscIIPWersja><sln:miejscIdTeryt>0748632</sln:miejscIdTeryt><sln:miejscNazwa>Chośnica</sln:miejscNazwa><sln:miejscRodzaj>Wieś</sln:miejscRodzaj><sln:powIIPId>e2a3062e-6769-4642-9ca9-cbdeebbf5034</sln:powIIPId><sln:powIIPPn>PL.PZGIK.200</sln:powIIPPn><sln:powIIPWersja>2012-09-27T09:33:51+02:00</sln:powIIPWersja><sln:powIdTeryt>2201</sln:powIdTeryt><sln:powNazwa>bytowski</sln:powNazwa><sln:waznyOd>2013-07-10T00:00:00+02:00</sln:waznyOd><sln:wojIIPId>ece93e09-0215-42f3-8067-be0649f58d46</sln:wojIIPId><sln:wojIIPPn>PL.PZGIK.200</sln:wojIIPPn><sln:wojIIPWersja>2012-09-27T13:45:13+02:00</sln:wojIIPWersja><sln:wojIdTeryt>22</sln:wojIdTeryt><sln:wojNazwa>pomorskie</sln:wojNazwa></sln:miejscowosc><sln:miejscowosc><sln:cyklZyciaOd>2017-03-31T00:00:00+02:00</sln:cyklZyciaOd><sln:gmIIPId>c4691e5c-175b-4137-bdfc-c8b356f5d1a7</sln:gmIIPId><sln:gmIIPPn>PL.PZGIK.200</sln:gmIIPPn><sln:gmIIPWersja>2012-09-26T22:45:07+02:00</sln:gmIIPWersja><sln:gmIdTeryt>2201072</sln:gmIdTeryt><sln:gmNazwa>Parchowo</sln:gmNazwa><sln:miejscIIPId>67302cc6-aac9-4056-8515-7597679e8b38</sln:miejscIIPId><sln:miejscIIPPn>PL.PZGIK.200</sln:miejscIIPPn><sln:miejscIIPWersja>2017-03-31T12:34:28+02:00</sln:miejscIIPWersja><sln:miejscIdTeryt>0748649</sln:miejscIdTeryt><sln:miejscNazwa>Chałupa</sln:miejscNazwa><sln:miejscRodzaj>Osada</sln:miejscRodzaj><sln:powIIPId>e2a3062e-6769-4642-9ca9-cbdeebbf5034</sln:powIIPId><sln:powIIPPn>PL.PZGIK.200</sln:powIIPPn><sln:powIIPWersja>2012-09-27T09:33:51+02:00</sln:powIIPWersja><sln:powIdTeryt>2201</sln:powIdTeryt><sln:powNazwa>bytowski</sln:powNazwa><sln:waznyOd>2013-07-10T00:00:00+02:00</sln:waznyOd><sln:wojIIPId>ece93e09-0215-42f3-8067-be0649f58d46</sln:wojIIPId><sln:wojIIPPn>PL.PZGIK.200</sln:wojIIPPn><sln:wojIIPWersja>2012-09-27T13:45:13+02:00</sln:wojIIPWersja><sln:wojIdTeryt>22</sln:wojIdTeryt><sln:wojNazwa>pomorskie</sln:wojNazwa></sln:miejscowosc><sln:miejscowosc><sln:cyklZyciaOd>2017-03-31T00:00:00+02:00</sln:cyklZyciaOd><sln:gmIIPId>c4691e5c-175b-4137-bdfc-c8b356f5d1a7</sln:gmIIPId><sln:gmIIPPn>PL.PZGIK.200</sln:gmIIPPn><sln:gmIIPWersja>2012-09-26T22:45:07+02:00</sln:gmIIPWersja><sln:gmIdTeryt>2201072</sln:gmIdTeryt><sln:gmNazwa>Parchowo</sln:gmNazwa><sln:miejscIIPId>8952124e-b5a9-456e-8de6-17d688bf5167</sln:miejscIIPId><sln:miejscIIPPn>PL.PZGIK.200</sln:miejscIIPPn><sln:miejscIIPWersja>2017-03-31T12:34:28+02:00</sln:miejscIIPWersja><sln:miejscIdTeryt>0748655</sln:miejscIdTeryt><sln:miejscNazwa>Folwark</sln:miejscNazwa><sln:miejscRodzaj>Osada</sln:miejscRodzaj><sln:powIIPId>e2a3062e-6769-4642-9ca9-cbdeebbf5034</sln:powIIPId><sln:powIIPPn>PL.PZGIK.200</sln:powIIPPn><sln:powIIPWersja>2012-09-27T09:33:51+02:00</sln:powIIPWersja><sln:powIdTeryt>2201</sln:powIdTeryt><sln:powNazwa>bytowski</sln:powNazwa><sln:waznyOd>2013-07-10T00:00:00+02:00</sln:waznyOd><sln:wojIIPId>ece93e09-0215-42f3-8067-be0649f58d46</sln:wojIIPId><sln:wojIIPPn>PL.PZGIK.200</sln:wojIIPPn><sln:wojIIPWersja>2012-09-27T13:45:13+02:00</sln:wojIIPWersja><sln:wojIdTeryt>22</sln:wojIdTeryt><sln:wojNazwa>pomorskie</sln:wojNazwa></sln:miejscowosc><sln:miejscowosc><sln:cyklZyciaOd>2017-03-31T00:00:00+02:00</sln:cyklZyciaOd><sln:gmIIPId>c4691e5c-175b-4137-bdfc-c8b356f5d1a7</sln:gmIIPId><sln:gmIIPPn>PL.PZGIK.200</sln:gmIIPPn><sln:gmIIPWersja>2012-09-26T22:45:07+02:00</sln:gmIIPWersja><sln:gmIdTeryt>2201072</sln:gmIdTeryt><sln:gmNazwa>Parchowo</sln:gmNazwa><sln:miejscIIPId>53888812-7810-49ad-838b-1be3ec30b205</sln:miejscIIPId><sln:miejscIIPPn>PL.PZGIK.200</sln:miejscIIPPn><sln:miejscIIPWersja>2017-03-31T12:34:28+02:00</sln:miejscIIPWersja><sln:miejscIdTeryt>0748661</sln:miejscIdTeryt><sln:miejscNazwa>Gołczewo</sln:miejscNazwa><sln:miejscRodzaj>Wieś</sln:miejscRodzaj><sln:powIIPId>e2a3062e-6769-4642-9ca9-cbdeebbf5034</sln:powIIPId><sln:powIIPPn>PL.PZGIK.200</sln:powIIPPn><sln:powIIPWersja>2012-09-27T09:33:51+02:00</sln:powIIPWersja><sln:powIdTeryt>2201</sln:powIdTeryt><sln:powNazwa>bytowski</sln:powNazwa><sln:waznyOd>2013-07-10T00:00:00+02:00</sln:waznyOd><sln:wojIIPId>ece93e09-0215-42f3-8067-be0649f58d46</sln:wojIIPId><sln:wojIIPPn>PL.PZGIK.200</sln:wojIIPPn><sln:wojIIPWersja>2012-09-27T13:45:13+02:00</sln:wojIIPWersja><sln:wojIdTeryt>22</sln:wojIdTeryt><sln:wojNazwa>pomorskie</sln:wojNazwa></sln:miejscowosc><sln:miejscowosc><sln:cyklZyciaOd>2017-03-31T00:00:00+02:00</sln:cyklZyciaOd><sln:gmIIPId>c4691e5c-175b-4137-bdfc-c8b356f5d1a7</sln:gmIIPId><sln:gmIIPPn>PL.PZGIK.200</sln:gmIIPPn><sln:gmIIPWersja>2012-09-26T22:45:07+02:00</sln:gmIIPWersja><sln:gmIdTeryt>2201072</sln:gmIdTeryt><sln:gmNazwa>Parchowo</sln:gmNazwa><sln:miejscIIPId>06916c5d-9c9e-464f-ba29-c5a4f86d88c9</sln:miejscIIPId><sln:miejscIIPPn>PL.PZGIK.200</sln:miejscIIPPn><sln:miejscIIPWersja>2017-03-31T12:34:28+02:00</sln:miejscIIPWersja><sln:miejscIdTeryt>0748684</sln:miejscIdTeryt><sln:miejscNazwa>Grabowo Parchowskie</sln:miejscNazwa><sln:miejscRodzaj>Wieś</sln:miejscRodzaj><sln:powIIPId>e2a3062e-6769-4642-9ca9-cbdeebbf5034</sln:powIIPId><sln:powIIPPn>PL.PZGIK.200</sln:powIIPPn><sln:powIIPWersja>2012-09-27T09:33:51+02:00</sln:powIIPWersja><sln:powIdTeryt>2201</sln:powIdTeryt><sln:powNazwa>bytowski</sln:powNazwa><sln:waznyOd>2013-07-10T00:00:00+02:00</sln:waznyOd><sln:wojIIPId>ece93e09-0215-42f3-8067-be0649f58d46</sln:wojIIPId><sln:wojIIPPn>PL.PZGIK.200</sln:wojIIPPn><sln:wojIIPWersja>2012-09-27T13:45:13+02:00</sln:wojIIPWersja><sln:wojIdTeryt>22</sln:wojIdTeryt><sln:wojNazwa>pomorskie</sln:wojNazwa></sln:miejscowosc><sln:miejscowosc><sln:cyklZyciaOd>2017-03-31T00:00:00+02:00</sln:cyklZyciaOd><sln:gmIIPId>c4691e5c-175b-4137-bdfc-c8b356f5d1a7</sln:gmIIPId><sln:gmIIPPn>PL.PZGIK.200</sln:gmIIPPn><sln:gmIIPWersja>2012-09-26T22:45:07+02:00</sln:gmIIPWersja><sln:gmIdTeryt>2201072</sln:gmIdTeryt><sln:gmNazwa>Parchowo</sln:gmNazwa><sln:miejscIIPId>356876bc-3344-413a-b369-af1b913e8c97</sln:miejscIIPId><sln:miejscIIPPn>PL.PZGIK.200</sln:miejscIIPPn><sln:miejscIIPWersja>2017-03-31T12:34:28+02:00</sln:miejscIIPWersja><sln:miejscIdTeryt>0748690</sln:miejscIdTeryt><sln:miejscNazwa>Jamno</sln:miejscNazwa><sln:miejscRodzaj>Wieś</sln:miejscRodzaj><sln:powIIPId>e2a3062e-6769-4642-9ca9-cbdeebbf5034</sln:powIIPId><sln:powIIPPn>PL.PZGIK.200</sln:powIIPPn><sln:powIIPWersja>2012-09-27T09:33:51+02:00</sln:powIIPWersja><sln:powIdTeryt>2201</sln:powIdTeryt><sln:powNazwa>bytowski</sln:powNazwa><sln:waznyOd>2013-07-10T00:00:00+02:00</sln:waznyOd><sln:wojIIPId>ece93e09-0215-42f3-8067-be0649f58d46</sln:wojIIPId><sln:wojIIPPn>PL.PZGIK.200</sln:wojIIPPn><sln:wojIIPWersja>2012-09-27T13:45:13+02:00</sln:wojIIPWersja><sln:wojIdTeryt>22</sln:wojIdTeryt><sln:wojNazwa>pomorskie</sln:wojNazwa></sln:miejscowosc><sln:miejscowosc><sln:cyklZyciaOd>2017-03-31T00:00:00+02:00</sln:cyklZyciaOd><sln:gmIIPId>c4691e5c-175b-4137-bdfc-c8b356f5d1a7</sln:gmIIPId><sln:gmIIPPn>PL.PZGIK.200</sln:gmIIPPn><sln:gmIIPWersja>2012-09-26T22:45:07+02:00</sln:gmIIPWersja><sln:gmIdTeryt>2201072</sln:gmIdTeryt><sln:gmNazwa>Parchowo</sln:gmNazwa><sln:miejscIIPId>3a3e64bf-6e22-4179-ae21-08303a7b6921</sln:miejscIIPId><sln:miejscIIPPn>PL.PZGIK.200</sln:miejscIIPPn><sln:miejscIIPWersja>2017-03-31T12:34:28+02:00</sln:miejscIIPWersja><sln:miejscIdTeryt>0748709</sln:miejscIdTeryt><sln:miejscNazwa>Jamnowski Młyn</sln:miejscNazwa><sln:miejscRodzaj>Przysiółek</sln:miejscRodzaj><sln:powIIPId>e2a3062e-6769-4642-9ca9-cbdeebbf5034</sln:powIIPId><sln:powIIPPn>PL.PZGIK.200</sln:powIIPPn><sln:powIIPWersja>2012-09-27T09:33:51+02:00</sln:powIIPWersja><sln:powIdTeryt>2201</sln:powIdTeryt><sln:powNazwa>bytowski</sln:powNazwa><sln:waznyOd>2013-07-10T00:00:00+02:00</sln:waznyOd><sln:wojIIPId>ece93e09-0215-42f3-8067-be0649f58d46</sln:wojIIPId><sln:wojIIPPn>PL.PZGIK.200</sln:wojIIPPn><sln:wojIIPWersja>2012-09-27T13:45:13+02:00</sln:wojIIPWersja><sln:wojIdTeryt>22</sln:wojIdTeryt><sln:wojNazwa>pomorskie</sln:wojNazwa></sln:miejscowosc><sln:miejscowosc><sln:cyklZyciaOd>2017-03-31T00:00:00+02:00</sln:cyklZyciaOd><sln:gmIIPId>c4691e5c-175b-4137-bdfc-c8b356f5d1a7</sln:gmIIPId><sln:gmIIPPn>PL.PZGIK.200</sln:gmIIPPn><sln:gmIIPWersja>2012-09-26T22:45:07+02:00</sln:gmIIPWersja><sln:gmIdTeryt>2201072</sln:gmIdTeryt><sln:gmNazwa>Parchowo</sln:gmNazwa><sln:miejscIIPId>5c867714-830a-43e1-885e-9e16493255cc</sln:miejscIIPId><sln:miejscIIPPn>PL.PZGIK.200</sln:miejscIIPPn><sln:miejscIIPWersja>2017-03-31T12:34:29+02:00</sln:miejscIIPWersja><sln:miejscIdTeryt>0748738</sln:miejscIdTeryt><sln:miejscNazwa>Jeleńcz</sln:miejscNazwa><sln:miejscRodzaj>Wieś</sln:miejscRodzaj><sln:powIIPId>e2a3062e-6769-4642-9ca9-cbdeebbf5034</sln:powIIPId><sln:powIIPPn>PL.PZGIK.200</sln:powIIPPn><sln:powIIPWersja>2012-09-27T09:33:51+02:00</sln:powIIPWersja><sln:powIdTeryt>2201</sln:powIdTeryt><sln:powNazwa>bytowski</sln:powNazwa><sln:waznyOd>2013-07-10T00:00:00+02:00</sln:waznyOd><sln:wojIIPId>ece93e09-0215-42f3-8067-be0649f58d46</sln:wojIIPId><sln:wojIIPPn>PL.PZGIK.200</sln:wojIIPPn><sln:wojIIPWersja>2012-09-27T13:45:13+02:00</sln:wojIIPWersja><sln:wojIdTeryt>22</sln:wojIdTeryt><sln:wojNazwa>pomorskie</sln:wojNazwa></sln:miejscowosc><sln:miejscowosc><sln:cyklZyciaOd>2017-03-31T00:00:00+02:00</sln:cyklZyciaOd><sln:gmIIPId>c4691e5c-175b-4137-bdfc-c8b356f5d1a7</sln:gmIIPId><sln:gmIIPPn>PL.PZGIK.200</sln:gmIIPPn><sln:gmIIPWersja>2012-09-26T22:45:07+02:00</sln:gmIIPWersja><sln:gmIdTeryt>2201072</sln:gmIdTeryt><sln:gmNazwa>Parchowo</sln:gmNazwa><sln:miejscIIPId>780a16f6-f7f4-4178-93fb-1198e482e427</sln:miejscIIPId><sln:miejscIIPPn>PL.PZGIK.200</sln:miejscIIPPn><sln:miejscIIPWersja>2017-03-31T12:34:29+02:00</sln:miejscIIPWersja><sln:miejscIdTeryt>0748750</sln:miejscIdTeryt><sln:miejscNazwa>Nakla</sln:miejscNazwa><sln:miejscRodzaj>Wieś</sln:miejscRodzaj><sln:powIIPId>e2a3062e-6769-4642-9ca9-cbdeebbf5034</sln:powIIPId><sln:powIIPPn>PL.PZGIK.200</sln:powIIPPn><sln:powIIPWersja>2012-09-27T09:33:51+02:00</sln:powIIPWersja><sln:powIdTeryt>2201</sln:powIdTeryt><sln:powNazwa>bytowski</sln:powNazwa><sln:waznyOd>2013-07-10T00:00:00+02:00</sln:waznyOd><sln:wojIIPId>ece93e09-0215-42f3-8067-be0649f58d46</sln:wojIIPId><sln:wojIIPPn>PL.PZGIK.200</sln:wojIIPPn><sln:wojIIPWersja>2012-09-27T13:45:13+02:00</sln:wojIIPWersja><sln:wojIdTeryt>22</sln:wojIdTeryt><sln:wojNazwa>pomorskie</sln:wojNazwa></sln:miejscowosc><sln:miejscowosc><sln:cyklZyciaOd>2017-03-31T00:00:00+02:00</sln:cyklZyciaOd><sln:gmIIPId>c4691e5c-175b-4137-bdfc-c8b356f5d1a7</sln:gmIIPId><sln:gmIIPPn>PL.PZGIK.200</sln:gmIIPPn><sln:gmIIPWersja>2012-09-26T22:45:07+02:00</sln:gmIIPWersja><sln:gmIdTeryt>2201072</sln:gmIdTeryt><sln:gmNazwa>Parchowo</sln:gmNazwa><sln:miejscIIPId>e02cd141-031a-49d4-b97b-d8d5bde8f824</sln:miejscIIPId><sln:miejscIIPPn>PL.PZGIK.200</sln:miejscIIPPn><sln:miejscIIPWersja>2017-03-31T12:34:29+02:00</sln:miejscIIPWersja><sln:miejscIdTeryt>0748810</sln:miejscIdTeryt><sln:miejscNazwa>Wygoda</sln:miejscNazwa><sln:miejscRodzaj>Przysiółek</sln:miejscRodzaj><sln:powIIPId>e2a3062e-6769-4642-9ca9-cbdeebbf5034</sln:powIIPId><sln:powIIPPn>PL.PZGIK.200</sln:powIIPPn><sln:powIIPWersja>2012-09-27T09:33:51+02:00</sln:powIIPWersja><sln:powIdTeryt>2201</sln:powIdTeryt><sln:powNazwa>bytowski</sln:powNazwa><sln:waznyOd>2013-07-10T00:00:00+02:00</sln:waznyOd><sln:wojIIPId>ece93e09-0215-42f3-8067-be0649f58d46</sln:wojIIPId><sln:wojIIPPn>PL.PZGIK.200</sln:wojIIPPn><sln:wojIIPWersja>2012-09-27T13:45:13+02:00</sln:wojIIPWersja><sln:wojIdTeryt>22</sln:wojIdTeryt><sln:wojNazwa>pomorskie</sln:wojNazwa></sln:miejscowosc><sln:miejscowosc><sln:cyklZyciaOd>2017-03-31T00:00:00+02:00</sln:cyklZyciaOd><sln:gmIIPId>c4691e5c-175b-4137-bdfc-c8b356f5d1a7</sln:gmIIPId><sln:gmIIPPn>PL.PZGIK.200</sln:gmIIPPn><sln:gmIIPWersja>2012-09-26T22:45:07+02:00</sln:gmIIPWersja><sln:gmIdTeryt>2201072</sln:gmIdTeryt><sln:gmNazwa>Parchowo</sln:gmNazwa><sln:miejscIIPId>4884abd2-2fb4-4de0-bf67-c0945b98c3ba</sln:miejscIIPId><sln:miejscIIPPn>PL.PZGIK.200</sln:miejscIIPPn><sln:miejscIIPWersja>2017-03-31T12:34:29+02:00</sln:miejscIIPWersja><sln:miejscIdTeryt>0748827</sln:miejscIdTeryt><sln:miejscNazwa>Nowa Wieś</sln:miejscNazwa><sln:miejscRodzaj>Wieś</sln:miejscRodzaj><sln:powIIPId>e2a3062e-6769-4642-9ca9-cbdeebbf5034</sln:powIIPId><sln:powIIPPn>PL.PZGIK.200</sln:powIIPPn><sln:powIIPWersja>2012-09-27T09:33:51+02:00</sln:powIIPWersja><sln:powIdTeryt>2201</sln:powIdTeryt><sln:powNazwa>bytowski</sln:powNazwa><sln:waznyOd>2013-07-10T00:00:00+02:00</sln:waznyOd><sln:wojIIPId>ece93e09-0215-42f3-8067-be0649f58d46</sln:wojIIPId><sln:wojIIPPn>PL.PZGIK.200</sln:wojIIPPn><sln:wojIIPWersja>2012-09-27T13:45:13+02:00</sln:wojIIPWersja><sln:wojIdTeryt>22</sln:wojIdTeryt><sln:wojNazwa>pomorskie</sln:wojNazwa></sln:miejscowosc><sln:miejscowosc><sln:cyklZyciaOd>2017-03-31T00:00:00+02:00</sln:cyklZyciaOd><sln:gmIIPId>c4691e5c-175b-4137-bdfc-c8b356f5d1a7</sln:gmIIPId><sln:gmIIPPn>PL.PZGIK.200</sln:gmIIPPn><sln:gmIIPWersja>2012-09-26T22:45:07+02:00</sln:gmIIPWersja><sln:gmIdTeryt>2201072</sln:gmIdTeryt><sln:gmNazwa>Parchowo</sln:gmNazwa><sln:miejscIIPId>0b35596b-0741-4512-bd79-eb142ab5eabd</sln:miejscIIPId><sln:miejscIIPPn>PL.PZGIK.200</sln:miejscIIPPn><sln:miejscIIPWersja>2017-03-31T12:34:29+02:00</sln:miejscIIPWersja><sln:miejscIdTeryt>0748833</sln:miejscIdTeryt><sln:miejscNazwa>Baranowo</sln:miejscNazwa><sln:miejscRodzaj>Wieś</sln:miejscRodzaj><sln:powIIPId>e2a3062e-6769-4642-9ca9-cbdeebbf5034</sln:powIIPId><sln:powIIPPn>PL.PZGIK.200</sln:powIIPPn><sln:powIIPWersja>2012-09-27T09:33:51+02:00</sln:powIIPWersja><sln:powIdTeryt>2201</sln:powIdTeryt><sln:powNazwa>bytowski</sln:powNazwa><sln:waznyOd>2013-07-10T00:00:00+02:00</sln:waznyOd><sln:wojIIPId>ece93e09-0215-42f3-8067-be0649f58d46</sln:wojIIPId><sln:wojIIPPn>PL.PZGIK.200</sln:wojIIPPn><sln:wojIIPWersja>2012-09-27T13:45:13+02:00</sln:wojIIPWersja><sln:wojIdTeryt>22</sln:wojIdTeryt><sln:wojNazwa>pomorskie</sln:wojNazwa></sln:miejscowosc><sln:miejscowosc><sln:cyklZyciaOd>2017-03-31T00:00:00+02:00</sln:cyklZyciaOd><sln:gmIIPId>c4691e5c-175b-4137-bdfc-c8b356f5d1a7</sln:gmIIPId><sln:gmIIPPn>PL.PZGIK.200</sln:gmIIPPn><sln:gmIIPWersja>2012-09-26T22:45:07+02:00</sln:gmIIPWersja><sln:gmIdTeryt>2201072</sln:gmIdTeryt><sln:gmNazwa>Parchowo</sln:gmNazwa><sln:miejscIIPId>22355acb-a7cf-4553-b005-c83a5c670e66</sln:miejscIIPId><sln:miejscIIPPn>PL.PZGIK.200</sln:miejscIIPPn><sln:miejscIIPWersja>2017-03-31T12:34:29+02:00</sln:miejscIIPWersja><sln:miejscIdTeryt>0748840</sln:miejscIdTeryt><sln:miejscNazwa>Parchowo</sln:miejscNazwa><sln:miejscRodzaj>Wieś</sln:miejscRodzaj><sln:powIIPId>e2a3062e-6769-4642-9ca9-cbdeebbf5034</sln:powIIPId><sln:powIIPPn>PL.PZGIK.200</sln:powIIPPn><sln:powIIPWersja>2012-09-27T09:33:51+02:00</sln:powIIPWersja><sln:powIdTeryt>2201</sln:powIdTeryt><sln:powNazwa>bytowski</sln:powNazwa><sln:waznyOd>2013-07-10T00:00:00+02:00</sln:waznyOd><sln:wojIIPId>ece93e09-0215-42f3-8067-be0649f58d46</sln:wojIIPId><sln:wojIIPPn>PL.PZGIK.200</sln:wojIIPPn><sln:wojIIPWersja>2012-09-27T13:45:13+02:00</sln:wojIIPWersja><sln:wojIdTeryt>22</sln:wojIdTeryt><sln:wojNazwa>pomorskie</sln:wojNazwa></sln:miejscowosc><sln:miejscowosc><sln:cyklZyciaOd>2017-03-31T00:00:00+02:00</sln:cyklZyciaOd><sln:gmIIPId>c4691e5c-175b-4137-bdfc-c8b356f5d1a7</sln:gmIIPId><sln:gmIIPPn>PL.PZGIK.200</sln:gmIIPPn><sln:gmIIPWersja>2012-09-26T22:45:07+02:00</sln:gmIIPWersja><sln:gmIdTeryt>2201072</sln:gmIdTeryt><sln:gmNazwa>Parchowo</sln:gmNazwa><sln:miejscIIPId>3d59f011-4156-40a0-9e03-d5ea4a37d6d9</sln:miejscIIPId><sln:miejscIIPPn>PL.PZGIK.200</sln:miejscIIPPn><sln:miejscIIPWersja>2017-03-31T12:34:29+02:00</sln:miejscIIPWersja><sln:miejscIdTeryt>0748856</sln:miejscIdTeryt><sln:miejscNazwa>Karłowo</sln:miejscNazwa><sln:miejscRodzaj>Inny obiekt</sln:miejscRodzaj><sln:powIIPId>e2a3062e-6769-4642-9ca9-cbdeebbf5034</sln:powIIPId><sln:powIIPPn>PL.PZGIK.200</sln:powIIPPn><sln:powIIPWersja>2012-09-27T09:33:51+02:00</sln:powIIPWersja><sln:powIdTeryt>2201</sln:powIdTeryt><sln:powNazwa>bytowski</sln:powNazwa><sln:waznyOd>2013-07-10T00:00:00+02:00</sln:waznyOd><sln:wojIIPId>ece93e09-0215-42f3-8067-be0649f58d46</sln:wojIIPId><sln:wojIIPPn>PL.PZGIK.200</sln:wojIIPPn><sln:wojIIPWersja>2012-09-27T13:45:13+02:00</sln:wojIIPWersja><sln:wojIdTeryt>22</sln:wojIdTeryt><sln:wojNazwa>pomorskie</sln:wojNazwa></sln:miejscowosc><sln:miejscowosc><sln:cyklZyciaOd>2017-03-31T00:00:00+02:00</sln:cyklZyciaOd><sln:gmIIPId>c4691e5c-175b-4137-bdfc-c8b356f5d1a7</sln:gmIIPId><sln:gmIIPPn>PL.PZGIK.200</sln:gmIIPPn><sln:gmIIPWersja>2012-09-26T22:45:07+02:00</sln:gmIIPWersja><sln:gmIdTeryt>2201072</sln:gmIdTeryt><sln:gmNazwa>Parchowo</sln:gmNazwa><sln:miejscIIPId>617f217c-d8aa-4195-a9f3-287a045a1278</sln:miejscIIPId><sln:miejscIIPPn>PL.PZGIK.200</sln:miejscIIPPn><sln:miejscIIPWersja>2017-03-31T12:34:29+02:00</sln:miejscIIPWersja><sln:miejscIdTeryt>0748862</sln:miejscIdTeryt><sln:miejscNazwa>Wiślany</sln:miejscNazwa><sln:miejscRodzaj>Inny obiekt</sln:miejscRodzaj><sln:powIIPId>e2a3062e-6769-4642-9ca9-cbdeebbf5034</sln:powIIPId><sln:powIIPPn>PL.PZGIK.200</sln:powIIPPn><sln:powIIPWersja>2012-09-27T09:33:51+02:00</sln:powIIPWersja><sln:powIdTeryt>2201</sln:powIdTeryt><sln:powNazwa>bytowski</sln:powNazwa><sln:waznyOd>2013-07-10T00:00:00+02:00</sln:waznyOd><sln:wojIIPId>ece93e09-0215-42f3-8067-be0649f58d46</sln:wojIIPId><sln:wojIIPPn>PL.PZGIK.200</sln:wojIIPPn><sln:wojIIPWersja>2012-09-27T13:45:13+02:00</sln:wojIIPWersja><sln:wojIdTeryt>22</sln:wojIdTeryt><sln:wojNazwa>pomorskie</sln:wojNazwa></sln:miejscowosc><sln:miejscowosc><sln:cyklZyciaOd>2017-03-31T00:00:00+02:00</sln:cyklZyciaOd><sln:gmIIPId>c4691e5c-175b-4137-bdfc-c8b356f5d1a7</sln:gmIIPId><sln:gmIIPPn>PL.PZGIK.200</sln:gmIIPPn><sln:gmIIPWersja>2012-09-26T22:45:07+02:00</sln:gmIIPWersja><sln:gmIdTeryt>2201072</sln:gmIdTeryt><sln:gmNazwa>Parchowo</sln:gmNazwa><sln:miejscIIPId>5408fd16-b52f-4042-a379-93c2463f2ee0</sln:miejscIIPId><sln:miejscIIPPn>PL.PZGIK.200</sln:miejscIIPPn><sln:miejscIIPWersja>2017-03-31T12:34:29+02:00</sln:miejscIIPWersja><sln:miejscIdTeryt>0748879</sln:miejscIdTeryt><sln:miejscNazwa>Zielony Dwór</sln:miejscNazwa><sln:miejscRodzaj>Inny obiekt</sln:miejscRodzaj><sln:powIIPId>e2a3062e-6769-4642-9ca9-cbdeebbf5034</sln:powIIPId><sln:powIIPPn>PL.PZGIK.200</sln:powIIPPn><sln:powIIPWersja>2012-09-27T09:33:51+02:00</sln:powIIPWersja><sln:powIdTeryt>2201</sln:powIdTeryt><sln:powNazwa>bytowski</sln:powNazwa><sln:waznyOd>2013-07-10T00:00:00+02:00</sln:waznyOd><sln:wojIIPId>ece93e09-0215-42f3-8067-be0649f58d46</sln:wojIIPId><sln:wojIIPPn>PL.PZGIK.200</sln:wojIIPPn><sln:wojIIPWersja>2012-09-27T13:45:13+02:00</sln:wojIIPWersja><sln:wojIdTeryt>22</sln:wojIdTeryt><sln:wojNazwa>pomorskie</sln:wojNazwa></sln:miejscowosc><sln:miejscowosc><sln:cyklZyciaOd>2017-03-31T00:00:00+02:00</sln:cyklZyciaOd><sln:gmIIPId>c4691e5c-175b-4137-bdfc-c8b356f5d1a7</sln:gmIIPId><sln:gmIIPPn>PL.PZGIK.200</sln:gmIIPPn><sln:gmIIPWersja>2012-09-26T22:45:07+02:00</sln:gmIIPWersja><sln:gmIdTeryt>2201072</sln:gmIdTeryt><sln:gmNazwa>Parchowo</sln:gmNazwa><sln:miejscIIPId>9b206323-4ccf-4868-a11f-cd36b154c8ff</sln:miejscIIPId><sln:miejscIIPPn>PL.PZGIK.200</sln:miejscIIPPn><sln:miejscIIPWersja>2017-03-31T12:34:29+02:00</sln:miejscIIPWersja><sln:miejscIdTeryt>0748885</sln:miejscIdTeryt><sln:miejscNazwa>Frydrychowo</sln:miejscNazwa><sln:miejscRodzaj>Przysiółek</sln:miejscRodzaj><sln:powIIPId>e2a3062e-6769-4642-9ca9-cbdeebbf5034</sln:powIIPId><sln:powIIPPn>PL.PZGIK.200</sln:powIIPPn><sln:powIIPWersja>2012-09-27T09:33:51+02:00</sln:powIIPWersja><sln:powIdTeryt>2201</sln:powIdTeryt><sln:powNazwa>bytowski</sln:powNazwa><sln:waznyOd>2013-07-10T00:00:00+02:00</sln:waznyOd><sln:wojIIPId>ece93e09-0215-42f3-8067-be0649f58d46</sln:wojIIPId><sln:wojIIPPn>PL.PZGIK.200</sln:wojIIPPn><sln:wojIIPWersja>2012-09-27T13:45:13+02:00</sln:wojIIPWersja><sln:wojIdTeryt>22</sln:wojIdTeryt><sln:wojNazwa>pomorskie</sln:wojNazwa></sln:miejscowosc><sln:miejscowosc><sln:cyklZyciaOd>2017-03-31T00:00:00+02:00</sln:cyklZyciaOd><sln:gmIIPId>c4691e5c-175b-4137-bdfc-c8b356f5d1a7</sln:gmIIPId><sln:gmIIPPn>PL.PZGIK.200</sln:gmIIPPn><sln:gmIIPWersja>2012-09-26T22:45:07+02:00</sln:gmIIPWersja><sln:gmIdTeryt>2201072</sln:gmIdTeryt><sln:gmNazwa>Parchowo</sln:gmNazwa><sln:miejscIIPId>7557eb60-b0a8-40fa-b5b9-77acd89a19bb</sln:miejscIIPId><sln:miejscIIPPn>PL.PZGIK.200</sln:miejscIIPPn><sln:miejscIIPWersja>2017-03-31T12:34:29+02:00</sln:miejscIIPWersja><sln:miejscIdTeryt>0748891</sln:miejscIdTeryt><sln:miejscNazwa>Parchowski Bór</sln:miejscNazwa><sln:miejscRodzaj>Przysiółek</sln:miejscRodzaj><sln:powIIPId>e2a3062e-6769-4642-9ca9-cbdeebbf5034</sln:powIIPId><sln:powIIPPn>PL.PZGIK.200</sln:powIIPPn><sln:powIIPWersja>2012-09-27T09:33:51+02:00</sln:powIIPWersja><sln:powIdTeryt>2201</sln:powIdTeryt><sln:powNazwa>bytowski</sln:powNazwa><sln:waznyOd>2013-07-10T00:00:00+02:00</sln:waznyOd><sln:wojIIPId>ece93e09-0215-42f3-8067-be0649f58d46</sln:wojIIPId><sln:wojIIPPn>PL.PZGIK.200</sln:wojIIPPn><sln:wojIIPWersja>2012-09-27T13:45:13+02:00</sln:wojIIPWersja><sln:wojIdTeryt>22</sln:wojIdTeryt><sln:wojNazwa>pomorskie</sln:wojNazwa></sln:miejscowosc><sln:miejscowosc><sln:cyklZyciaOd>2017-03-31T00:00:00+02:00</sln:cyklZyciaOd><sln:gmIIPId>c4691e5c-175b-4137-bdfc-c8b356f5d1a7</sln:gmIIPId><sln:gmIIPPn>PL.PZGIK.200</sln:gmIIPPn><sln:gmIIPWersja>2012-09-26T22:45:07+02:00</sln:gmIIPWersja><sln:gmIdTeryt>2201072</sln:gmIdTeryt><sln:gmNazwa>Parchowo</sln:gmNazwa><sln:miejscIIPId>35fd00e3-20d2-4cca-aec9-c0e254a8555a</sln:miejscIIPId><sln:miejscIIPPn>PL.PZGIK.200</sln:miejscIIPPn><sln:miejscIIPWersja>2017-03-31T12:34:29+02:00</sln:miejscIIPWersja><sln:miejscIdTeryt>0748900</sln:miejscIdTeryt><sln:miejscNazwa>Parchowski Młyn</sln:miejscNazwa><sln:miejscRodzaj>Przysiółek</sln:miejscRodzaj><sln:powIIPId>e2a3062e-6769-4642-9ca9-cbdeebbf5034</sln:powIIPId><sln:powIIPPn>PL.PZGIK.200</sln:powIIPPn><sln:powIIPWersja>2012-09-27T09:33:51+02:00</sln:powIIPWersja><sln:powIdTeryt>2201</sln:powIdTeryt><sln:powNazwa>bytowski</sln:powNazwa><sln:waznyOd>2013-07-10T00:00:00+02:00</sln:waznyOd><sln:wojIIPId>ece93e09-0215-42f3-8067-be0649f58d46</sln:wojIIPId><sln:wojIIPPn>PL.PZGIK.200</sln:wojIIPPn><sln:wojIIPWersja>2012-09-27T13:45:13+02:00</sln:wojIIPWersja><sln:wojIdTeryt>22</sln:wojIdTeryt><sln:wojNazwa>pomorskie</sln:wojNazwa></sln:miejscowosc><sln:miejscowosc><sln:cyklZyciaOd>2017-03-31T00:00:00+02:00</sln:cyklZyciaOd><sln:gmIIPId>c4691e5c-175b-4137-bdfc-c8b356f5d1a7</sln:gmIIPId><sln:gmIIPPn>PL.PZGIK.200</sln:gmIIPPn><sln:gmIIPWersja>2012-09-26T22:45:07+02:00</sln:gmIIPWersja><sln:gmIdTeryt>2201072</sln:gmIdTeryt><sln:gmNazwa>Parchowo</sln:gmNazwa><sln:miejscIIPId>23a25ea5-d84f-4562-a87d-44883d493b1f</sln:miejscIIPId><sln:miejscIIPPn>PL.PZGIK.200</sln:miejscIIPPn><sln:miejscIIPWersja>2017-03-31T12:34:29+02:00</sln:miejscIIPWersja><sln:miejscIdTeryt>0748916</sln:miejscIdTeryt><sln:miejscNazwa>Sylczno</sln:miejscNazwa><sln:miejscRodzaj>Wieś</sln:miejscRodzaj><sln:powIIPId>e2a3062e-6769-4642-9ca9-cbdeebbf5034</sln:powIIPId><sln:powIIPPn>PL.PZGIK.200</sln:powIIPPn><sln:powIIPWersja>2012-09-27T09:33:51+02:00</sln:powIIPWersja><sln:powIdTeryt>2201</sln:powIdTeryt><sln:powNazwa>bytowski</sln:powNazwa><sln:waznyOd>2013-07-10T00:00:00+02:00</sln:waznyOd><sln:wojIIPId>ece93e09-0215-42f3-8067-be0649f58d46</sln:wojIIPId><sln:wojIIPPn>PL.PZGIK.200</sln:wojIIPPn><sln:wojIIPWersja>2012-09-27T13:45:13+02:00</sln:wojIIPWersja><sln:wojIdTeryt>22</sln:wojIdTeryt><sln:wojNazwa>pomorskie</sln:wojNazwa></sln:miejscowosc><sln:miejscowosc><sln:cyklZyciaOd>2017-03-31T00:00:00+02:00</sln:cyklZyciaOd><sln:gmIIPId>c4691e5c-175b-4137-bdfc-c8b356f5d1a7</sln:gmIIPId><sln:gmIIPPn>PL.PZGIK.200</sln:gmIIPPn><sln:gmIIPWersja>2012-09-26T22:45:07+02:00</sln:gmIIPWersja><sln:gmIdTeryt>2201072</sln:gmIdTeryt><sln:gmNazwa>Parchowo</sln:gmNazwa><sln:miejscIIPId>996a87ff-a3a6-46cc-86a1-6cc143733797</sln:miejscIIPId><sln:miejscIIPPn>PL.PZGIK.200</sln:miejscIIPPn><sln:miejscIIPWersja>2017-03-31T12:34:30+02:00</sln:miejscIIPWersja><sln:miejscIdTeryt>0748922</sln:miejscIdTeryt><sln:miejscNazwa>Garbacz</sln:miejscNazwa><sln:miejscRodzaj>Przysiółek</sln:miejscRodzaj><sln:powIIPId>e2a3062e-6769-4642-9ca9-cbdeebbf5034</sln:powIIPId><sln:powIIPPn>PL.PZGIK.200</sln:powIIPPn><sln:powIIPWersja>2012-09-27T09:33:51+02:00</sln:powIIPWersja><sln:powIdTeryt>2201</sln:powIdTeryt><sln:powNazwa>bytowski</sln:powNazwa><sln:waznyOd>2013-07-10T00:00:00+02:00</sln:waznyOd><sln:wojIIPId>ece93e09-0215-42f3-8067-be0649f58d46</sln:wojIIPId><sln:wojIIPPn>PL.PZGIK.200</sln:wojIIPPn><sln:wojIIPWersja>2012-09-27T13:45:13+02:00</sln:wojIIPWersja><sln:wojIdTeryt>22</sln:wojIdTeryt><sln:wojNazwa>pomorskie</sln:wojNazwa></sln:miejscowosc><sln:miejscowosc><sln:cyklZyciaOd>2017-03-31T00:00:00+02:00</sln:cyklZyciaOd><sln:gmIIPId>c4691e5c-175b-4137-bdfc-c8b356f5d1a7</sln:gmIIPId><sln:gmIIPPn>PL.PZGIK.200</sln:gmIIPPn><sln:gmIIPWersja>2012-09-26T22:45:07+02:00</sln:gmIIPWersja><sln:gmIdTeryt>2201072</sln:gmIdTeryt><sln:gmNazwa>Parchowo</sln:gmNazwa><sln:miejscIIPId>e2829638-e092-43e3-81c5-057163cf695a</sln:miejscIIPId><sln:miejscIIPPn>PL.PZGIK.200</sln:miejscIIPPn><sln:miejscIIPWersja>2017-03-31T12:34:30+02:00</sln:miejscIIPWersja><sln:miejscIdTeryt>0748939</sln:miejscIdTeryt><sln:miejscNazwa>Sumin</sln:miejscNazwa><sln:miejscRodzaj>Osada</sln:miejscRodzaj><sln:powIIPId>e2a3062e-6769-4642-9ca9-cbdeebbf5034</sln:powIIPId><sln:powIIPPn>PL.PZGIK.200</sln:powIIPPn><sln:powIIPWersja>2012-09-27T09:33:51+02:00</sln:powIIPWersja><sln:powIdTeryt>2201</sln:powIdTeryt><sln:powNazwa>bytowski</sln:powNazwa><sln:waznyOd>2013-07-10T00:00:00+02:00</sln:waznyOd><sln:wojIIPId>ece93e09-0215-42f3-8067-be0649f58d46</sln:wojIIPId><sln:wojIIPPn>PL.PZGIK.200</sln:wojIIPPn><sln:wojIIPWersja>2012-09-27T13:45:13+02:00</sln:wojIIPWersja><sln:wojIdTeryt>22</sln:wojIdTeryt><sln:wojNazwa>pomorskie</sln:wojNazwa></sln:miejscowosc><sln:miejscowosc><sln:cyklZyciaOd>2017-03-31T00:00:00+02:00</sln:cyklZyciaOd><sln:gmIIPId>c4691e5c-175b-4137-bdfc-c8b356f5d1a7</sln:gmIIPId><sln:gmIIPPn>PL.PZGIK.200</sln:gmIIPPn><sln:gmIIPWersja>2012-09-26T22:45:07+02:00</sln:gmIIPWersja><sln:gmIdTeryt>2201072</sln:gmIdTeryt><sln:gmNazwa>Parchowo</sln:gmNazwa><sln:miejscIIPId>227f1846-defe-4c59-baa8-8e4bb3675768</sln:miejscIIPId><sln:miejscIIPPn>PL.PZGIK.200</sln:miejscIIPPn><sln:miejscIIPWersja>2017-03-31T12:34:30+02:00</sln:miejscIIPWersja><sln:miejscIdTeryt>0748945</sln:miejscIdTeryt><sln:miejscNazwa>Żukówko</sln:miejscNazwa><sln:miejscRodzaj>Wieś</sln:miejscRodzaj><sln:powIIPId>e2a3062e-6769-4642-9ca9-cbdeebbf5034</sln:powIIPId><sln:powIIPPn>PL.PZGIK.200</sln:powIIPPn><sln:powIIPWersja>2012-09-27T09:33:51+02:00</sln:powIIPWersja><sln:powIdTeryt>2201</sln:powIdTeryt><sln:powNazwa>bytowski</sln:powNazwa><sln:waznyOd>2013-07-10T00:00:00+02:00</sln:waznyOd><sln:wojIIPId>ece93e09-0215-42f3-8067-be0649f58d46</sln:wojIIPId><sln:wojIIPPn>PL.PZGIK.200</sln:wojIIPPn><sln:wojIIPWersja>2012-09-27T13:45:13+02:00</sln:wojIIPWersja><sln:wojIdTeryt>22</sln:wojIdTeryt><sln:wojNazwa>pomorskie</sln:wojNazwa></sln:miejscowosc><sln:miejscowosc><sln:cyklZyciaOd>2017-03-31T00:00:00+02:00</sln:cyklZyciaOd><sln:gmIIPId>c4691e5c-175b-4137-bdfc-c8b356f5d1a7</sln:gmIIPId><sln:gmIIPPn>PL.PZGIK.200</sln:gmIIPPn><sln:gmIIPWersja>2012-09-26T22:45:07+02:00</sln:gmIIPWersja><sln:gmIdTeryt>2201072</sln:gmIdTeryt><sln:gmNazwa>Parchowo</sln:gmNazwa><sln:miejscIIPId>aa2663c8-331a-439c-bfef-cb90921c206a</sln:miejscIIPId><sln:miejscIIPPn>PL.PZGIK.200</sln:miejscIIPPn><sln:miejscIIPWersja>2017-03-31T12:34:30+02:00</sln:miejscIIPWersja><sln:miejscIdTeryt>0748951</sln:miejscIdTeryt><sln:miejscNazwa>Bylina</sln:miejscNazwa><sln:miejscRodzaj>Wieś</sln:miejscRodzaj><sln:powIIPId>e2a3062e-6769-4642-9ca9-cbdeebbf5034</sln:powIIPId><sln:powIIPPn>PL.PZGIK.200</sln:powIIPPn><sln:powIIPWersja>2012-09-27T09:33:51+02:00</sln:powIIPWersja><sln:powIdTeryt>2201</sln:powIdTeryt><sln:powNazwa>bytowski</sln:powNazwa><sln:waznyOd>2013-07-10T00:00:00+02:00</sln:waznyOd><sln:wojIIPId>ece93e09-0215-42f3-8067-be0649f58d46</sln:wojIIPId><sln:wojIIPPn>PL.PZGIK.200</sln:wojIIPPn><sln:wojIIPWersja>2012-09-27T13:45:13+02:00</sln:wojIIPWersja><sln:wojIdTeryt>22</sln:wojIdTeryt><sln:wojNazwa>pomorskie</sln:wojNazwa></sln:miejscowosc><sln:miejscowosc><sln:cyklZyciaOd>2017-03-31T00:00:00+02:00</sln:cyklZyciaOd><sln:gmIIPId>c4691e5c-175b-4137-bdfc-c8b356f5d1a7</sln:gmIIPId><sln:gmIIPPn>PL.PZGIK.200</sln:gmIIPPn><sln:gmIIPWersja>2012-09-26T22:45:07+02:00</sln:gmIIPWersja><sln:gmIdTeryt>2201072</sln:gmIdTeryt><sln:gmNazwa>Parchowo</sln:gmNazwa><sln:miejscIIPId>dc3ede1a-10a6-41d6-a6c3-58700849c4cd</sln:miejscIIPId><sln:miejscIIPPn>PL.PZGIK.200</sln:miejscIIPPn><sln:miejscIIPWersja>2017-03-31T12:34:30+02:00</sln:miejscIIPWersja><sln:miejscIdTeryt>0748968</sln:miejscIdTeryt><sln:miejscNazwa>Soszyca</sln:miejscNazwa><sln:miejscRodzaj>Wieś</sln:miejscRodzaj><sln:powIIPId>e2a3062e-6769-4642-9ca9-cbdeebbf5034</sln:powIIPId><sln:powIIPPn>PL.PZGIK.200</sln:powIIPPn><sln:powIIPWersja>2012-09-27T09:33:51+02:00</sln:powIIPWersja><sln:powIdTeryt>2201</sln:powIdTeryt><sln:powNazwa>bytowski</sln:powNazwa><sln:waznyOd>2013-07-10T00:00:00+02:00</sln:waznyOd><sln:wojIIPId>ece93e09-0215-42f3-8067-be0649f58d46</sln:wojIIPId><sln:wojIIPPn>PL.PZGIK.200</sln:wojIIPPn><sln:wojIIPWersja>2012-09-27T13:45:13+02:00</sln:wojIIPWersja><sln:wojIdTeryt>22</sln:wojIdTeryt><sln:wojNazwa>pomorskie</sln:wojNazwa></sln:miejscowosc><sln:miejscowosc><sln:cyklZyciaOd>2017-03-31T00:00:00+02:00</sln:cyklZyciaOd><sln:gmIIPId>c4691e5c-175b-4137-bdfc-c8b356f5d1a7</sln:gmIIPId><sln:gmIIPPn>PL.PZGIK.200</sln:gmIIPPn><sln:gmIIPWersja>2012-09-26T22:45:07+02:00</sln:gmIIPWersja><sln:gmIdTeryt>2201072</sln:gmIdTeryt><sln:gmNazwa>Parchowo</sln:gmNazwa><sln:miejscIIPId>3945f9b8-faa9-4389-b239-b5e85f1f6a0d</sln:miejscIIPId><sln:miejscIIPPn>PL.PZGIK.200</sln:miejscIIPPn><sln:miejscIIPWersja>2017-03-31T12:34:30+02:00</sln:miejscIIPWersja><sln:miejscIdTeryt>0748974</sln:miejscIdTeryt><sln:miejscNazwa>Struga</sln:miejscNazwa><sln:miejscRodzaj>Wieś</sln:miejscRodzaj><sln:powIIPId>e2a3062e-6769-4642-9ca9-cbdeebbf5034</sln:powIIPId><sln:powIIPPn>PL.PZGIK.200</sln:powIIPPn><sln:powIIPWersja>2012-09-27T09:33:51+02:00</sln:powIIPWersja><sln:powIdTeryt>2201</sln:powIdTeryt><sln:powNazwa>bytowski</sln:powNazwa><sln:waznyOd>2013-07-10T00:00:00+02:00</sln:waznyOd><sln:wojIIPId>ece93e09-0215-42f3-8067-be0649f58d46</sln:wojIIPId><sln:wojIIPPn>PL.PZGIK.200</sln:wojIIPPn><sln:wojIIPWersja>2012-09-27T13:45:13+02:00</sln:wojIIPWersja><sln:wojIdTeryt>22</sln:wojIdTeryt><sln:wojNazwa>pomorskie</sln:wojNazwa></sln:miejscowosc></sln:lista-miejscowosci>