<?xml version="1.0" encoding="UTF-8" standalone="yes"?><sln:lista-miejscowosci xmlns:srv="http://gugik.gov.pl/schemas/slowniki-service/1.0" xmlns:sln="http://gugik.gov.pl/schemas/slowniki-schema/1.0"><sln:miejscowosc><sln:cyklZyciaDo>2017-04-04T00:00:00+02:00</sln:cyklZyciaDo><sln:cyklZyciaOd>2015-06-10T00:00:00+02:00</sln:cyklZyciaOd><sln:gmIIPId>9372b79a-11ba-4468-9764-b3a74fa5bcfc</sln:gmIIPId><sln:gmIIPPn>PL.PZGIK.200</sln:gmIIPPn><sln:gmIIPWersja>2012-09-26T22:45:51+02:00</sln:gmIIPWersja><sln:gmIdTeryt>2210032</sln:gmIdTeryt><sln:gmNazwa>Ostaszewo</sln:gmNazwa><sln:miejscIIPId>790e900b-87e8-4444-8a9b-2e00ef741e4f</sln:miejscIIPId><sln:miejscIIPPn>PL.PZGIK.200</sln:miejscIIPPn><sln:miejscIIPWersja>2016-11-24T09:20:46+02:00</sln:miejscIIPWersja><sln:miejscIdTeryt>0154039</sln:miejscIdTeryt><sln:miejscNazwa>Gniazdowo</sln:miejscNazwa><sln:miejscRodzaj>Wieś</sln:miejscRodzaj><sln:powIIPId>9579f1c6-aa5a-4899-bf6d-80abfff0bde9</sln:powIIPId><sln:powIIPPn>PL.PZGIK.200</sln:powIIPPn><sln:powIIPWersja>2012-09-27T09:33:51+02:00</sln:powIIPWersja><sln:powIdTeryt>2210</sln:powIdTeryt><sln:powNazwa>nowodworski</sln:powNazwa><sln:waznyOd>2013-08-29T00:00:00+02:00</sln:waznyOd><sln:wojIIPId>ece93e09-0215-42f3-8067-be0649f58d46</sln:wojIIPId><sln:wojIIPPn>PL.PZGIK.200</sln:wojIIPPn><sln:wojIIPWersja>2012-09-27T13:45:13+02:00</sln:wojIIPWersja><sln:wojIdTeryt>22</sln:wojIdTeryt><sln:wojNazwa>pomorskie</sln:wojNazwa></sln:miejscowosc><sln:miejscowosc><sln:cyklZyciaDo>2017-04-04T00:00:00+02:00</sln:cyklZyciaDo><sln:cyklZyciaOd>2015-06-10T00:00:00+02:00</sln:cyklZyciaOd><sln:gmIIPId>9372b79a-11ba-4468-9764-b3a74fa5bcfc</sln:gmIIPId><sln:gmIIPPn>PL.PZGIK.200</sln:gmIIPPn><sln:gmIIPWersja>2012-09-26T22:45:51+02:00</sln:gmIIPWersja><sln:gmIdTeryt>2210032</sln:gmIdTeryt><sln:gmNazwa>Ostaszewo</sln:gmNazwa><sln:miejscIIPId>df2837a5-ef3a-415d-818d-ed81cdc27261</sln:miejscIIPId><sln:miejscIIPPn>PL.PZGIK.200</sln:miejscIIPPn><sln:miejscIIPWersja>2016-11-24T09:20:46+02:00</sln:miejscIIPWersja><sln:miejscIdTeryt>0154134</sln:miejscIdTeryt><sln:miejscNazwa>Groblica</sln:miejscNazwa><sln:miejscRodzaj>Inny obiekt</sln:miejscRodzaj><sln:powIIPId>9579f1c6-aa5a-4899-bf6d-80abfff0bde9</sln:powIIPId><sln:powIIPPn>PL.PZGIK.200</sln:powIIPPn><sln:powIIPWersja>2012-09-27T09:33:51+02:00</sln:powIIPWersja><sln:powIdTeryt>2210</sln:powIdTeryt><sln:powNazwa>nowodworski</sln:powNazwa><sln:waznyOd>2013-08-29T00:00:00+02:00</sln:waznyOd><sln:wojIIPId>ece93e09-0215-42f3-8067-be0649f58d46</sln:wojIIPId><sln:wojIIPPn>PL.PZGIK.200</sln:wojIIPPn><sln:wojIIPWersja>2012-09-27T13:45:13+02:00</sln:wojIIPWersja><sln:wojIdTeryt>22</sln:wojIdTeryt><sln:wojNazwa>pomorskie</sln:wojNazwa></sln:miejscowosc><sln:miejscowosc><sln:cyklZyciaDo>2017-04-04T00:00:00+02:00</sln:cyklZyciaDo><sln:cyklZyciaOd>2015-06-10T00:00:00+02:00</sln:cyklZyciaOd><sln:gmIIPId>9372b79a-11ba-4468-9764-b3a74fa5bcfc</sln:gmIIPId><sln:gmIIPPn>PL.PZGIK.200</sln:gmIIPPn><sln:gmIIPWersja>2012-09-26T22:45:51+02:00</sln:gmIIPWersja><sln:gmIdTeryt>2210032</sln:gmIdTeryt><sln:gmNazwa>Ostaszewo</sln:gmNazwa><sln:miejscIIPId>bad32866-e803-42ac-a17b-5caacd8ec179</sln:miejscIIPId><sln:miejscIIPPn>PL.PZGIK.200</sln:miejscIIPPn><sln:miejscIIPWersja>2016-11-24T09:20:46+02:00</sln:miejscIIPWersja><sln:miejscIdTeryt>0154045</sln:miejscIdTeryt><sln:miejscNazwa>Jeziernik</sln:miejscNazwa><sln:miejscRodzaj>Wieś</sln:miejscRodzaj><sln:powIIPId>9579f1c6-aa5a-4899-bf6d-80abfff0bde9</sln:powIIPId><sln:powIIPPn>PL.PZGIK.200</sln:powIIPPn><sln:powIIPWersja>2012-09-27T09:33:51+02:00</sln:powIIPWersja><sln:powIdTeryt>2210</sln:powIdTeryt><sln:powNazwa>nowodworski</sln:powNazwa><sln:waznyOd>2013-08-29T00:00:00+02:00</sln:waznyOd><sln:wojIIPId>ece93e09-0215-42f3-8067-be0649f58d46</sln:wojIIPId><sln:wojIIPPn>PL.PZGIK.200</sln:wojIIPPn><sln:wojIIPWersja>2012-09-27T13:45:13+02:00</sln:wojIIPWersja><sln:wojIdTeryt>22</sln:wojIdTeryt><sln:wojNazwa>pomorskie</sln:wojNazwa></sln:miejscowosc><sln:miejscowosc><sln:cyklZyciaDo>2017-04-04T00:00:00+02:00</sln:cyklZyciaDo><sln:cyklZyciaOd>2015-06-10T00:00:00+02:00</sln:cyklZyciaOd><sln:gmIIPId>9372b79a-11ba-4468-9764-b3a74fa5bcfc</sln:gmIIPId><sln:gmIIPPn>PL.PZGIK.200</sln:gmIIPPn><sln:gmIIPWersja>2012-09-26T22:45:51+02:00</sln:gmIIPWersja><sln:gmIdTeryt>2210032</sln:gmIdTeryt><sln:gmNazwa>Ostaszewo</sln:gmNazwa><sln:miejscIIPId>6ef3ff8c-2940-4a93-8747-8e323ff8e710</sln:miejscIIPId><sln:miejscIIPPn>PL.PZGIK.200</sln:miejscIIPPn><sln:miejscIIPWersja>2016-11-24T09:20:46+02:00</sln:miejscIIPWersja><sln:miejscIdTeryt>0154051</sln:miejscIdTeryt><sln:miejscNazwa>Komarówka</sln:miejscNazwa><sln:miejscRodzaj>Osada</sln:miejscRodzaj><sln:powIIPId>9579f1c6-aa5a-4899-bf6d-80abfff0bde9</sln:powIIPId><sln:powIIPPn>PL.PZGIK.200</sln:powIIPPn><sln:powIIPWersja>2012-09-27T09:33:51+02:00</sln:powIIPWersja><sln:powIdTeryt>2210</sln:powIdTeryt><sln:powNazwa>nowodworski</sln:powNazwa><sln:waznyOd>2013-08-29T00:00:00+02:00</sln:waznyOd><sln:wojIIPId>ece93e09-0215-42f3-8067-be0649f58d46</sln:wojIIPId><sln:wojIIPPn>PL.PZGIK.200</sln:wojIIPPn><sln:wojIIPWersja>2012-09-27T13:45:13+02:00</sln:wojIIPWersja><sln:wojIdTeryt>22</sln:wojIdTeryt><sln:wojNazwa>pomorskie</sln:wojNazwa></sln:miejscowosc><sln:miejscowosc><sln:cyklZyciaDo>2017-04-04T00:00:00+02:00</sln:cyklZyciaDo><sln:cyklZyciaOd>2015-06-10T00:00:00+02:00</sln:cyklZyciaOd><sln:gmIIPId>9372b79a-11ba-4468-9764-b3a74fa5bcfc</sln:gmIIPId><sln:gmIIPPn>PL.PZGIK.200</sln:gmIIPPn><sln:gmIIPWersja>2012-09-26T22:45:51+02:00</sln:gmIIPWersja><sln:gmIdTeryt>2210032</sln:gmIdTeryt><sln:gmNazwa>Ostaszewo</sln:gmNazwa><sln:miejscIIPId>af0a6c20-5e7c-4114-9e0f-6f92c95b8bb2</sln:miejscIIPId><sln:miejscIIPPn>PL.PZGIK.200</sln:miejscIIPPn><sln:miejscIIPWersja>2016-11-24T09:20:46+02:00</sln:miejscIIPWersja><sln:miejscIdTeryt>0154068</sln:miejscIdTeryt><sln:miejscNazwa>Lubiszynek Pierwszy</sln:miejscNazwa><sln:miejscRodzaj>Osada</sln:miejscRodzaj><sln:powIIPId>9579f1c6-aa5a-4899-bf6d-80abfff0bde9</sln:powIIPId><sln:powIIPPn>PL.PZGIK.200</sln:powIIPPn><sln:powIIPWersja>2012-09-27T09:33:51+02:00</sln:powIIPWersja><sln:powIdTeryt>2210</sln:powIdTeryt><sln:powNazwa>nowodworski</sln:powNazwa><sln:waznyOd>2013-08-29T00:00:00+02:00</sln:waznyOd><sln:wojIIPId>ece93e09-0215-42f3-8067-be0649f58d46</sln:wojIIPId><sln:wojIIPPn>PL.PZGIK.200</sln:wojIIPPn><sln:wojIIPWersja>2012-09-27T13:45:13+02:00</sln:wojIIPWersja><sln:wojIdTeryt>22</sln:wojIdTeryt><sln:wojNazwa>pomorskie</sln:wojNazwa></sln:miejscowosc><sln:miejscowosc><sln:cyklZyciaDo>2017-04-04T00:00:00+02:00</sln:cyklZyciaDo><sln:cyklZyciaOd>2015-06-10T00:00:00+02:00</sln:cyklZyciaOd><sln:gmIIPId>9372b79a-11ba-4468-9764-b3a74fa5bcfc</sln:gmIIPId><sln:gmIIPPn>PL.PZGIK.200</sln:gmIIPPn><sln:gmIIPWersja>2012-09-26T22:45:51+02:00</sln:gmIIPWersja><sln:gmIdTeryt>2210032</sln:gmIdTeryt><sln:gmNazwa>Ostaszewo</sln:gmNazwa><sln:miejscIIPId>4c814ae4-4c04-4643-afe8-26453d92b8e9</sln:miejscIIPId><sln:miejscIIPPn>PL.PZGIK.200</sln:miejscIIPPn><sln:miejscIIPWersja>2016-11-24T09:20:46+02:00</sln:miejscIIPWersja><sln:miejscIdTeryt>0154074</sln:miejscIdTeryt><sln:miejscNazwa>Nowa Cerkiew</sln:miejscNazwa><sln:miejscRodzaj>Wieś</sln:miejscRodzaj><sln:powIIPId>9579f1c6-aa5a-4899-bf6d-80abfff0bde9</sln:powIIPId><sln:powIIPPn>PL.PZGIK.200</sln:powIIPPn><sln:powIIPWersja>2012-09-27T09:33:51+02:00</sln:powIIPWersja><sln:powIdTeryt>2210</sln:powIdTeryt><sln:powNazwa>nowodworski</sln:powNazwa><sln:waznyOd>2013-08-29T00:00:00+02:00</sln:waznyOd><sln:wojIIPId>ece93e09-0215-42f3-8067-be0649f58d46</sln:wojIIPId><sln:wojIIPPn>PL.PZGIK.200</sln:wojIIPPn><sln:wojIIPWersja>2012-09-27T13:45:13+02:00</sln:wojIIPWersja><sln:wojIdTeryt>22</sln:wojIdTeryt><sln:wojNazwa>pomorskie</sln:wojNazwa></sln:miejscowosc><sln:miejscowosc><sln:cyklZyciaDo>2017-04-04T00:00:00+02:00</sln:cyklZyciaDo><sln:cyklZyciaOd>2015-06-10T00:00:00+02:00</sln:cyklZyciaOd><sln:gmIIPId>9372b79a-11ba-4468-9764-b3a74fa5bcfc</sln:gmIIPId><sln:gmIIPPn>PL.PZGIK.200</sln:gmIIPPn><sln:gmIIPWersja>2012-09-26T22:45:51+02:00</sln:gmIIPWersja><sln:gmIdTeryt>2210032</sln:gmIdTeryt><sln:gmNazwa>Ostaszewo</sln:gmNazwa><sln:miejscIIPId>69e501ea-0cb1-4917-8f54-15716477facc</sln:miejscIIPId><sln:miejscIIPPn>PL.PZGIK.200</sln:miejscIIPPn><sln:miejscIIPWersja>2016-11-24T09:20:46+02:00</sln:miejscIIPWersja><sln:miejscIdTeryt>0154080</sln:miejscIdTeryt><sln:miejscNazwa>Nowa Kościelnica</sln:miejscNazwa><sln:miejscRodzaj>Wieś</sln:miejscRodzaj><sln:powIIPId>9579f1c6-aa5a-4899-bf6d-80abfff0bde9</sln:powIIPId><sln:powIIPPn>PL.PZGIK.200</sln:powIIPPn><sln:powIIPWersja>2012-09-27T09:33:51+02:00</sln:powIIPWersja><sln:powIdTeryt>2210</sln:powIdTeryt><sln:powNazwa>nowodworski</sln:powNazwa><sln:waznyOd>2013-08-29T00:00:00+02:00</sln:waznyOd><sln:wojIIPId>ece93e09-0215-42f3-8067-be0649f58d46</sln:wojIIPId><sln:wojIIPPn>PL.PZGIK.200</sln:wojIIPPn><sln:wojIIPWersja>2012-09-27T13:45:13+02:00</sln:wojIIPWersja><sln:wojIdTeryt>22</sln:wojIdTeryt><sln:wojNazwa>pomorskie</sln:wojNazwa></sln:miejscowosc><sln:miejscowosc><sln:cyklZyciaDo>2017-04-04T00:00:00+02:00</sln:cyklZyciaDo><sln:cyklZyciaOd>2015-06-10T00:00:00+02:00</sln:cyklZyciaOd><sln:gmIIPId>9372b79a-11ba-4468-9764-b3a74fa5bcfc</sln:gmIIPId><sln:gmIIPPn>PL.PZGIK.200</sln:gmIIPPn><sln:gmIIPWersja>2012-09-26T22:45:51+02:00</sln:gmIIPWersja><sln:gmIdTeryt>2210032</sln:gmIdTeryt><sln:gmNazwa>Ostaszewo</sln:gmNazwa><sln:miejscIIPId>579dbdb5-3ba7-4d93-b3d4-e3dcacb1f1b0</sln:miejscIIPId><sln:miejscIIPPn>PL.PZGIK.200</sln:miejscIIPPn><sln:miejscIIPWersja>2016-11-24T09:20:46+02:00</sln:miejscIIPWersja><sln:miejscIdTeryt>0154105</sln:miejscIdTeryt><sln:miejscNazwa>Ostaszewo</sln:miejscNazwa><sln:miejscRodzaj>Wieś</sln:miejscRodzaj><sln:powIIPId>9579f1c6-aa5a-4899-bf6d-80abfff0bde9</sln:powIIPId><sln:powIIPPn>PL.PZGIK.200</sln:powIIPPn><sln:powIIPWersja>2012-09-27T09:33:51+02:00</sln:powIIPWersja><sln:powIdTeryt>2210</sln:powIdTeryt><sln:powNazwa>nowodworski</sln:powNazwa><sln:waznyOd>2013-08-29T00:00:00+02:00</sln:waznyOd><sln:wojIIPId>ece93e09-0215-42f3-8067-be0649f58d46</sln:wojIIPId><sln:wojIIPPn>PL.PZGIK.200</sln:wojIIPPn><sln:wojIIPWersja>2012-09-27T13:45:13+02:00</sln:wojIIPWersja><sln:wojIdTeryt>22</sln:wojIdTeryt><sln:wojNazwa>pomorskie</sln:wojNazwa></sln:miejscowosc><sln:miejscowosc><sln:cyklZyciaDo>2017-04-04T00:00:00+02:00</sln:cyklZyciaDo><sln:cyklZyciaOd>2015-06-10T00:00:00+02:00</sln:cyklZyciaOd><sln:gmIIPId>9372b79a-11ba-4468-9764-b3a74fa5bcfc</sln:gmIIPId><sln:gmIIPPn>PL.PZGIK.200</sln:gmIIPPn><sln:gmIIPWersja>2012-09-26T22:45:51+02:00</sln:gmIIPWersja><sln:gmIdTeryt>2210032</sln:gmIdTeryt><sln:gmNazwa>Ostaszewo</sln:gmNazwa><sln:miejscIIPId>004f1138-52a1-4d3a-9843-019b21109bc8</sln:miejscIIPId><sln:miejscIIPPn>PL.PZGIK.200</sln:miejscIIPPn><sln:miejscIIPWersja>2016-11-24T09:20:46+02:00</sln:miejscIIPWersja><sln:miejscIdTeryt>0154111</sln:miejscIdTeryt><sln:miejscNazwa>Palczewo</sln:miejscNazwa><sln:miejscRodzaj>Wieś</sln:miejscRodzaj><sln:powIIPId>9579f1c6-aa5a-4899-bf6d-80abfff0bde9</sln:powIIPId><sln:powIIPPn>PL.PZGIK.200</sln:powIIPPn><sln:powIIPWersja>2012-09-27T09:33:51+02:00</sln:powIIPWersja><sln:powIdTeryt>2210</sln:powIdTeryt><sln:powNazwa>nowodworski</sln:powNazwa><sln:waznyOd>2013-08-29T00:00:00+02:00</sln:waznyOd><sln:wojIIPId>ece93e09-0215-42f3-8067-be0649f58d46</sln:wojIIPId><sln:wojIIPPn>PL.PZGIK.200</sln:wojIIPPn><sln:wojIIPWersja>2012-09-27T13:45:13+02:00</sln:wojIIPWersja><sln:wojIdTeryt>22</sln:wojIdTeryt><sln:wojNazwa>pomorskie</sln:wojNazwa></sln:miejscowosc><sln:miejscowosc><sln:cyklZyciaDo>2017-04-04T00:00:00+02:00</sln:cyklZyciaDo><sln:cyklZyciaOd>2015-06-10T00:00:00+02:00</sln:cyklZyciaOd><sln:gmIIPId>9372b79a-11ba-4468-9764-b3a74fa5bcfc</sln:gmIIPId><sln:gmIIPPn>PL.PZGIK.200</sln:gmIIPPn><sln:gmIIPWersja>2012-09-26T22:45:51+02:00</sln:gmIIPWersja><sln:gmIdTeryt>2210032</sln:gmIdTeryt><sln:gmNazwa>Ostaszewo</sln:gmNazwa><sln:miejscIIPId>85cafb70-ae37-439c-bd31-906b11eef8e9</sln:miejscIIPId><sln:miejscIIPPn>PL.PZGIK.200</sln:miejscIIPPn><sln:miejscIIPWersja>2016-11-24T09:20:46+02:00</sln:miejscIIPWersja><sln:miejscIdTeryt>0154128</sln:miejscIdTeryt><sln:miejscNazwa>Piaskowiec</sln:miejscNazwa><sln:miejscRodzaj>Wieś</sln:miejscRodzaj><sln:powIIPId>9579f1c6-aa5a-4899-bf6d-80abfff0bde9</sln:powIIPId><sln:powIIPPn>PL.PZGIK.200</sln:powIIPPn><sln:powIIPWersja>2012-09-27T09:33:51+02:00</sln:powIIPWersja><sln:powIdTeryt>2210</sln:powIdTeryt><sln:powNazwa>nowodworski</sln:powNazwa><sln:waznyOd>2013-08-29T00:00:00+02:00</sln:waznyOd><sln:wojIIPId>ece93e09-0215-42f3-8067-be0649f58d46</sln:wojIIPId><sln:wojIIPPn>PL.PZGIK.200</sln:wojIIPPn><sln:wojIIPWersja>2012-09-27T13:45:13+02:00</sln:wojIIPWersja><sln:wojIdTeryt>22</sln:wojIdTeryt><sln:wojNazwa>pomorskie</sln:wojNazwa></sln:miejscowosc><sln:miejscowosc><sln:cyklZyciaDo>2017-04-04T00:00:00+02:00</sln:cyklZyciaDo><sln:cyklZyciaOd>2015-06-10T00:00:00+02:00</sln:cyklZyciaOd><sln:gmIIPId>9372b79a-11ba-4468-9764-b3a74fa5bcfc</sln:gmIIPId><sln:gmIIPPn>PL.PZGIK.200</sln:gmIIPPn><sln:gmIIPWersja>2012-09-26T22:45:51+02:00</sln:gmIIPWersja><sln:gmIdTeryt>2210032</sln:gmIdTeryt><sln:gmNazwa>Ostaszewo</sln:gmNazwa><sln:miejscIIPId>2544133f-d229-4e4f-831b-2d2514f6da44</sln:miejscIIPId><sln:miejscIIPPn>PL.PZGIK.200</sln:miejscIIPPn><sln:miejscIIPWersja>2016-11-24T09:20:46+02:00</sln:miejscIIPWersja><sln:miejscIdTeryt>0154097</sln:miejscIdTeryt><sln:miejscNazwa>Pułkownikówka</sln:miejscNazwa><sln:miejscRodzaj>Osada</sln:miejscRodzaj><sln:powIIPId>9579f1c6-aa5a-4899-bf6d-80abfff0bde9</sln:powIIPId><sln:powIIPPn>PL.PZGIK.200</sln:powIIPPn><sln:powIIPWersja>2012-09-27T09:33:51+02:00</sln:powIIPWersja><sln:powIdTeryt>2210</sln:powIdTeryt><sln:powNazwa>nowodworski</sln:powNazwa><sln:waznyOd>2013-08-29T00:00:00+02:00</sln:waznyOd><sln:wojIIPId>ece93e09-0215-42f3-8067-be0649f58d46</sln:wojIIPId><sln:wojIIPPn>PL.PZGIK.200</sln:wojIIPPn><sln:wojIIPWersja>2012-09-27T13:45:13+02:00</sln:wojIIPWersja><sln:wojIdTeryt>22</sln:wojIdTeryt><sln:wojNazwa>pomorskie</sln:wojNazwa></sln:miejscowosc><sln:miejscowosc><sln:cyklZyciaOd>2017-04-04T00:00:00+02:00</sln:cyklZyciaOd><sln:gmIIPId>9372b79a-11ba-4468-9764-b3a74fa5bcfc</sln:gmIIPId><sln:gmIIPPn>PL.PZGIK.200</sln:gmIIPPn><sln:gmIIPWersja>2012-09-26T22:45:51+02:00</sln:gmIIPWersja><sln:gmIdTeryt>2210032</sln:gmIdTeryt><sln:gmNazwa>Ostaszewo</sln:gmNazwa><sln:miejscIIPId>790e900b-87e8-4444-8a9b-2e00ef741e4f</sln:miejscIIPId><sln:miejscIIPPn>PL.PZGIK.200</sln:miejscIIPPn><sln:miejscIIPWersja>2017-04-04T15:25:43+02:00</sln:miejscIIPWersja><sln:miejscIdTeryt>0154039</sln:miejscIdTeryt><sln:miejscNazwa>Gniazdowo</sln:miejscNazwa><sln:miejscRodzaj>Wieś</sln:miejscRodzaj><sln:powIIPId>9579f1c6-aa5a-4899-bf6d-80abfff0bde9</sln:powIIPId><sln:powIIPPn>PL.PZGIK.200</sln:powIIPPn><sln:powIIPWersja>2012-09-27T09:33:51+02:00</sln:powIIPWersja><sln:powIdTeryt>2210</sln:powIdTeryt><sln:powNazwa>nowodworski</sln:powNazwa><sln:waznyOd>2013-08-29T00:00:00+02:00</sln:waznyOd><sln:wojIIPId>ece93e09-0215-42f3-8067-be0649f58d46</sln:wojIIPId><sln:wojIIPPn>PL.PZGIK.200</sln:wojIIPPn><sln:wojIIPWersja>2012-09-27T13:45:13+02:00</sln:wojIIPWersja><sln:wojIdTeryt>22</sln:wojIdTeryt><sln:wojNazwa>pomorskie</sln:wojNazwa></sln:miejscowosc><sln:miejscowosc><sln:cyklZyciaOd>2017-04-04T00:00:00+02:00</sln:cyklZyciaOd><sln:gmIIPId>9372b79a-11ba-4468-9764-b3a74fa5bcfc</sln:gmIIPId><sln:gmIIPPn>PL.PZGIK.200</sln:gmIIPPn><sln:gmIIPWersja>2012-09-26T22:45:51+02:00</sln:gmIIPWersja><sln:gmIdTeryt>2210032</sln:gmIdTeryt><sln:gmNazwa>Ostaszewo</sln:gmNazwa><sln:miejscIIPId>bad32866-e803-42ac-a17b-5caacd8ec179</sln:miejscIIPId><sln:miejscIIPPn>PL.PZGIK.200</sln:miejscIIPPn><sln:miejscIIPWersja>2017-04-04T15:25:50+02:00</sln:miejscIIPWersja><sln:miejscIdTeryt>0154045</sln:miejscIdTeryt><sln:miejscNazwa>Jeziernik</sln:miejscNazwa><sln:miejscRodzaj>Wieś</sln:miejscRodzaj><sln:powIIPId>9579f1c6-aa5a-4899-bf6d-80abfff0bde9</sln:powIIPId><sln:powIIPPn>PL.PZGIK.200</sln:powIIPPn><sln:powIIPWersja>2012-09-27T09:33:51+02:00</sln:powIIPWersja><sln:powIdTeryt>2210</sln:powIdTeryt><sln:powNazwa>nowodworski</sln:powNazwa><sln:waznyOd>2013-08-29T00:00:00+02:00</sln:waznyOd><sln:wojIIPId>ece93e09-0215-42f3-8067-be0649f58d46</sln:wojIIPId><sln:wojIIPPn>PL.PZGIK.200</sln:wojIIPPn><sln:wojIIPWersja>2012-09-27T13:45:13+02:00</sln:wojIIPWersja><sln:wojIdTeryt>22</sln:wojIdTeryt><sln:wojNazwa>pomorskie</sln:wojNazwa></sln:miejscowosc><sln:miejscowosc><sln:cyklZyciaOd>2017-04-04T00:00:00+02:00</sln:cyklZyciaOd><sln:gmIIPId>9372b79a-11ba-4468-9764-b3a74fa5bcfc</sln:gmIIPId><sln:gmIIPPn>PL.PZGIK.200</sln:gmIIPPn><sln:gmIIPWersja>2012-09-26T22:45:51+02:00</sln:gmIIPWersja><sln:gmIdTeryt>2210032</sln:gmIdTeryt><sln:gmNazwa>Ostaszewo</sln:gmNazwa><sln:miejscIIPId>6ef3ff8c-2940-4a93-8747-8e323ff8e710</sln:miejscIIPId><sln:miejscIIPPn>PL.PZGIK.200</sln:miejscIIPPn><sln:miejscIIPWersja>2017-04-04T15:25:50+02:00</sln:miejscIIPWersja><sln:miejscIdTeryt>0154051</sln:miejscIdTeryt><sln:miejscNazwa>Komarówka</sln:miejscNazwa><sln:miejscRodzaj>Osada</sln:miejscRodzaj><sln:powIIPId>9579f1c6-aa5a-4899-bf6d-80abfff0bde9</sln:powIIPId><sln:powIIPPn>PL.PZGIK.200</sln:powIIPPn><sln:powIIPWersja>2012-09-27T09:33:51+02:00</sln:powIIPWersja><sln:powIdTeryt>2210</sln:powIdTeryt><sln:powNazwa>nowodworski</sln:powNazwa><sln:waznyOd>2013-08-29T00:00:00+02:00</sln:waznyOd><sln:wojIIPId>ece93e09-0215-42f3-8067-be0649f58d46</sln:wojIIPId><sln:wojIIPPn>PL.PZGIK.200</sln:wojIIPPn><sln:wojIIPWersja>2012-09-27T13:45:13+02:00</sln:wojIIPWersja><sln:wojIdTeryt>22</sln:wojIdTeryt><sln:wojNazwa>pomorskie</sln:wojNazwa></sln:miejscowosc><sln:miejscowosc><sln:cyklZyciaOd>2017-04-04T00:00:00+02:00</sln:cyklZyciaOd><sln:gmIIPId>9372b79a-11ba-4468-9764-b3a74fa5bcfc</sln:gmIIPId><sln:gmIIPPn>PL.PZGIK.200</sln:gmIIPPn><sln:gmIIPWersja>2012-09-26T22:45:51+02:00</sln:gmIIPWersja><sln:gmIdTeryt>2210032</sln:gmIdTeryt><sln:gmNazwa>Ostaszewo</sln:gmNazwa><sln:miejscIIPId>af0a6c20-5e7c-4114-9e0f-6f92c95b8bb2</sln:miejscIIPId><sln:miejscIIPPn>PL.PZGIK.200</sln:miejscIIPPn><sln:miejscIIPWersja>2017-04-04T15:25:50+02:00</sln:miejscIIPWersja><sln:miejscIdTeryt>0154068</sln:miejscIdTeryt><sln:miejscNazwa>Lubiszynek Pierwszy</sln:miejscNazwa><sln:miejscRodzaj>Osada</sln:miejscRodzaj><sln:powIIPId>9579f1c6-aa5a-4899-bf6d-80abfff0bde9</sln:powIIPId><sln:powIIPPn>PL.PZGIK.200</sln:powIIPPn><sln:powIIPWersja>2012-09-27T09:33:51+02:00</sln:powIIPWersja><sln:powIdTeryt>2210</sln:powIdTeryt><sln:powNazwa>nowodworski</sln:powNazwa><sln:waznyOd>2013-08-29T00:00:00+02:00</sln:waznyOd><sln:wojIIPId>ece93e09-0215-42f3-8067-be0649f58d46</sln:wojIIPId><sln:wojIIPPn>PL.PZGIK.200</sln:wojIIPPn><sln:wojIIPWersja>2012-09-27T13:45:13+02:00</sln:wojIIPWersja><sln:wojIdTeryt>22</sln:wojIdTeryt><sln:wojNazwa>pomorskie</sln:wojNazwa></sln:miejscowosc><sln:miejscowosc><sln:cyklZyciaOd>2017-04-04T00:00:00+02:00</sln:cyklZyciaOd><sln:gmIIPId>9372b79a-11ba-4468-9764-b3a74fa5bcfc</sln:gmIIPId><sln:gmIIPPn>PL.PZGIK.200</sln:gmIIPPn><sln:gmIIPWersja>2012-09-26T22:45:51+02:00</sln:gmIIPWersja><sln:gmIdTeryt>2210032</sln:gmIdTeryt><sln:gmNazwa>Ostaszewo</sln:gmNazwa><sln:miejscIIPId>4c814ae4-4c04-4643-afe8-26453d92b8e9</sln:miejscIIPId><sln:miejscIIPPn>PL.PZGIK.200</sln:miejscIIPPn><sln:miejscIIPWersja>2017-04-04T15:25:50+02:00</sln:miejscIIPWersja><sln:miejscIdTeryt>0154074</sln:miejscIdTeryt><sln:miejscNazwa>Nowa Cerkiew</sln:miejscNazwa><sln:miejscRodzaj>Wieś</sln:miejscRodzaj><sln:powIIPId>9579f1c6-aa5a-4899-bf6d-80abfff0bde9</sln:powIIPId><sln:powIIPPn>PL.PZGIK.200</sln:powIIPPn><sln:powIIPWersja>2012-09-27T09:33:51+02:00</sln:powIIPWersja><sln:powIdTeryt>2210</sln:powIdTeryt><sln:powNazwa>nowodworski</sln:powNazwa><sln:waznyOd>2013-08-29T00:00:00+02:00</sln:waznyOd><sln:wojIIPId>ece93e09-0215-42f3-8067-be0649f58d46</sln:wojIIPId><sln:wojIIPPn>PL.PZGIK.200</sln:wojIIPPn><sln:wojIIPWersja>2012-09-27T13:45:13+02:00</sln:wojIIPWersja><sln:wojIdTeryt>22</sln:wojIdTeryt><sln:wojNazwa>pomorskie</sln:wojNazwa></sln:miejscowosc><sln:miejscowosc><sln:cyklZyciaOd>2017-04-04T00:00:00+02:00</sln:cyklZyciaOd><sln:gmIIPId>9372b79a-11ba-4468-9764-b3a74fa5bcfc</sln:gmIIPId><sln:gmIIPPn>PL.PZGIK.200</sln:gmIIPPn><sln:gmIIPWersja>2012-09-26T22:45:51+02:00</sln:gmIIPWersja><sln:gmIdTeryt>2210032</sln:gmIdTeryt><sln:gmNazwa>Ostaszewo</sln:gmNazwa><sln:miejscIIPId>69e501ea-0cb1-4917-8f54-15716477facc</sln:miejscIIPId><sln:miejscIIPPn>PL.PZGIK.200</sln:miejscIIPPn><sln:miejscIIPWersja>2017-04-04T15:25:50+02:00</sln:miejscIIPWersja><sln:miejscIdTeryt>0154080</sln:miejscIdTeryt><sln:miejscNazwa>Nowa Kościelnica</sln:miejscNazwa><sln:miejscRodzaj>Wieś</sln:miejscRodzaj><sln:powIIPId>9579f1c6-aa5a-4899-bf6d-80abfff0bde9</sln:powIIPId><sln:powIIPPn>PL.PZGIK.200</sln:powIIPPn><sln:powIIPWersja>2012-09-27T09:33:51+02:00</sln:powIIPWersja><sln:powIdTeryt>2210</sln:powIdTeryt><sln:powNazwa>nowodworski</sln:powNazwa><sln:waznyOd>2013-08-29T00:00:00+02:00</sln:waznyOd><sln:wojIIPId>ece93e09-0215-42f3-8067-be0649f58d46</sln:wojIIPId><sln:wojIIPPn>PL.PZGIK.200</sln:wojIIPPn><sln:wojIIPWersja>2012-09-27T13:45:13+02:00</sln:wojIIPWersja><sln:wojIdTeryt>22</sln:wojIdTeryt><sln:wojNazwa>pomorskie</sln:wojNazwa></sln:miejscowosc><sln:miejscowosc><sln:cyklZyciaOd>2017-04-04T00:00:00+02:00</sln:cyklZyciaOd><sln:gmIIPId>9372b79a-11ba-4468-9764-b3a74fa5bcfc</sln:gmIIPId><sln:gmIIPPn>PL.PZGIK.200</sln:gmIIPPn><sln:gmIIPWersja>2012-09-26T22:45:51+02:00</sln:gmIIPWersja><sln:gmIdTeryt>2210032</sln:gmIdTeryt><sln:gmNazwa>Ostaszewo</sln:gmNazwa><sln:miejscIIPId>2544133f-d229-4e4f-831b-2d2514f6da44</sln:miejscIIPId><sln:miejscIIPPn>PL.PZGIK.200</sln:miejscIIPPn><sln:miejscIIPWersja>2017-04-04T15:25:50+02:00</sln:miejscIIPWersja><sln:miejscIdTeryt>0154097</sln:miejscIdTeryt><sln:miejscNazwa>Pułkownikówka</sln:miejscNazwa><sln:miejscRodzaj>Osada</sln:miejscRodzaj><sln:powIIPId>9579f1c6-aa5a-4899-bf6d-80abfff0bde9</sln:powIIPId><sln:powIIPPn>PL.PZGIK.200</sln:powIIPPn><sln:powIIPWersja>2012-09-27T09:33:51+02:00</sln:powIIPWersja><sln:powIdTeryt>2210</sln:powIdTeryt><sln:powNazwa>nowodworski</sln:powNazwa><sln:waznyOd>2013-08-29T00:00:00+02:00</sln:waznyOd><sln:wojIIPId>ece93e09-0215-42f3-8067-be0649f58d46</sln:wojIIPId><sln:wojIIPPn>PL.PZGIK.200</sln:wojIIPPn><sln:wojIIPWersja>2012-09-27T13:45:13+02:00</sln:wojIIPWersja><sln:wojIdTeryt>22</sln:wojIdTeryt><sln:wojNazwa>pomorskie</sln:wojNazwa></sln:miejscowosc><sln:miejscowosc><sln:cyklZyciaOd>2017-04-04T00:00:00+02:00</sln:cyklZyciaOd><sln:gmIIPId>9372b79a-11ba-4468-9764-b3a74fa5bcfc</sln:gmIIPId><sln:gmIIPPn>PL.PZGIK.200</sln:gmIIPPn><sln:gmIIPWersja>2012-09-26T22:45:51+02:00</sln:gmIIPWersja><sln:gmIdTeryt>2210032</sln:gmIdTeryt><sln:gmNazwa>Ostaszewo</sln:gmNazwa><sln:miejscIIPId>579dbdb5-3ba7-4d93-b3d4-e3dcacb1f1b0</sln:miejscIIPId><sln:miejscIIPPn>PL.PZGIK.200</sln:miejscIIPPn><sln:miejscIIPWersja>2017-04-04T15:25:50+02:00</sln:miejscIIPWersja><sln:miejscIdTeryt>0154105</sln:miejscIdTeryt><sln:miejscNazwa>Ostaszewo</sln:miejscNazwa><sln:miejscRodzaj>Wieś</sln:miejscRodzaj><sln:powIIPId>9579f1c6-aa5a-4899-bf6d-80abfff0bde9</sln:powIIPId><sln:powIIPPn>PL.PZGIK.200</sln:powIIPPn><sln:powIIPWersja>2012-09-27T09:33:51+02:00</sln:powIIPWersja><sln:powIdTeryt>2210</sln:powIdTeryt><sln:powNazwa>nowodworski</sln:powNazwa><sln:waznyOd>2013-08-29T00:00:00+02:00</sln:waznyOd><sln:wojIIPId>ece93e09-0215-42f3-8067-be0649f58d46</sln:wojIIPId><sln:wojIIPPn>PL.PZGIK.200</sln:wojIIPPn><sln:wojIIPWersja>2012-09-27T13:45:13+02:00</sln:wojIIPWersja><sln:wojIdTeryt>22</sln:wojIdTeryt><sln:wojNazwa>pomorskie</sln:wojNazwa></sln:miejscowosc><sln:miejscowosc><sln:cyklZyciaOd>2017-04-04T00:00:00+02:00</sln:cyklZyciaOd><sln:gmIIPId>9372b79a-11ba-4468-9764-b3a74fa5bcfc</sln:gmIIPId><sln:gmIIPPn>PL.PZGIK.200</sln:gmIIPPn><sln:gmIIPWersja>2012-09-26T22:45:51+02:00</sln:gmIIPWersja><sln:gmIdTeryt>2210032</sln:gmIdTeryt><sln:gmNazwa>Ostaszewo</sln:gmNazwa><sln:miejscIIPId>004f1138-52a1-4d3a-9843-019b21109bc8</sln:miejscIIPId><sln:miejscIIPPn>PL.PZGIK.200</sln:miejscIIPPn><sln:miejscIIPWersja>2017-04-04T15:25:50+02:00</sln:miejscIIPWersja><sln:miejscIdTeryt>0154111</sln:miejscIdTeryt><sln:miejscNazwa>Palczewo</sln:miejscNazwa><sln:miejscRodzaj>Wieś</sln:miejscRodzaj><sln:powIIPId>9579f1c6-aa5a-4899-bf6d-80abfff0bde9</sln:powIIPId><sln:powIIPPn>PL.PZGIK.200</sln:powIIPPn><sln:powIIPWersja>2012-09-27T09:33:51+02:00</sln:powIIPWersja><sln:powIdTeryt>2210</sln:powIdTeryt><sln:powNazwa>nowodworski</sln:powNazwa><sln:waznyOd>2013-08-29T00:00:00+02:00</sln:waznyOd><sln:wojIIPId>ece93e09-0215-42f3-8067-be0649f58d46</sln:wojIIPId><sln:wojIIPPn>PL.PZGIK.200</sln:wojIIPPn><sln:wojIIPWersja>2012-09-27T13:45:13+02:00</sln:wojIIPWersja><sln:wojIdTeryt>22</sln:wojIdTeryt><sln:wojNazwa>pomorskie</sln:wojNazwa></sln:miejscowosc><sln:miejscowosc><sln:cyklZyciaOd>2017-04-04T00:00:00+02:00</sln:cyklZyciaOd><sln:gmIIPId>9372b79a-11ba-4468-9764-b3a74fa5bcfc</sln:gmIIPId><sln:gmIIPPn>PL.PZGIK.200</sln:gmIIPPn><sln:gmIIPWersja>2012-09-26T22:45:51+02:00</sln:gmIIPWersja><sln:gmIdTeryt>2210032</sln:gmIdTeryt><sln:gmNazwa>Ostaszewo</sln:gmNazwa><sln:miejscIIPId>85cafb70-ae37-439c-bd31-906b11eef8e9</sln:miejscIIPId><sln:miejscIIPPn>PL.PZGIK.200</sln:miejscIIPPn><sln:miejscIIPWersja>2017-04-04T15:25:50+02:00</sln:miejscIIPWersja><sln:miejscIdTeryt>0154128</sln:miejscIdTeryt><sln:miejscNazwa>Piaskowiec</sln:miejscNazwa><sln:miejscRodzaj>Wieś</sln:miejscRodzaj><sln:powIIPId>9579f1c6-aa5a-4899-bf6d-80abfff0bde9</sln:powIIPId><sln:powIIPPn>PL.PZGIK.200</sln:powIIPPn><sln:powIIPWersja>2012-09-27T09:33:51+02:00</sln:powIIPWersja><sln:powIdTeryt>2210</sln:powIdTeryt><sln:powNazwa>nowodworski</sln:powNazwa><sln:waznyOd>2013-08-29T00:00:00+02:00</sln:waznyOd><sln:wojIIPId>ece93e09-0215-42f3-8067-be0649f58d46</sln:wojIIPId><sln:wojIIPPn>PL.PZGIK.200</sln:wojIIPPn><sln:wojIIPWersja>2012-09-27T13:45:13+02:00</sln:wojIIPWersja><sln:wojIdTeryt>22</sln:wojIdTeryt><sln:wojNazwa>pomorskie</sln:wojNazwa></sln:miejscowosc><sln:miejscowosc><sln:cyklZyciaOd>2017-04-04T00:00:00+02:00</sln:cyklZyciaOd><sln:gmIIPId>9372b79a-11ba-4468-9764-b3a74fa5bcfc</sln:gmIIPId><sln:gmIIPPn>PL.PZGIK.200</sln:gmIIPPn><sln:gmIIPWersja>2012-09-26T22:45:51+02:00</sln:gmIIPWersja><sln:gmIdTeryt>2210032</sln:gmIdTeryt><sln:gmNazwa>Ostaszewo</sln:gmNazwa><sln:miejscIIPId>df2837a5-ef3a-415d-818d-ed81cdc27261</sln:miejscIIPId><sln:miejscIIPPn>PL.PZGIK.200</sln:miejscIIPPn><sln:miejscIIPWersja>2017-04-04T15:25:50+02:00</sln:miejscIIPWersja><sln:miejscIdTeryt>0154134</sln:miejscIdTeryt><sln:miejscNazwa>Groblica</sln:miejscNazwa><sln:miejscRodzaj>Inny obiekt</sln:miejscRodzaj><sln:powIIPId>9579f1c6-aa5a-4899-bf6d-80abfff0bde9</sln:powIIPId><sln:powIIPPn>PL.PZGIK.200</sln:powIIPPn><sln:powIIPWersja>2012-09-27T09:33:51+02:00</sln:powIIPWersja><sln:powIdTeryt>2210</sln:powIdTeryt><sln:powNazwa>nowodworski</sln:powNazwa><sln:waznyOd>2013-08-29T00:00:00+02:00</sln:waznyOd><sln:wojIIPId>ece93e09-0215-42f3-8067-be0649f58d46</sln:wojIIPId><sln:wojIIPPn>PL.PZGIK.200</sln:wojIIPPn><sln:wojIIPWersja>2012-09-27T13:45:13+02:00</sln:wojIIPWersja><sln:wojIdTeryt>22</sln:wojIdTeryt><sln:wojNazwa>pomorskie</sln:wojNazwa></sln:miejscowosc></sln:lista-miejscowosci>