<?xml version="1.0" encoding="UTF-8" standalone="yes"?><sln:lista-miejscowosci xmlns:srv="http://gugik.gov.pl/schemas/slowniki-service/1.0" xmlns:sln="http://gugik.gov.pl/schemas/slowniki-schema/1.0"><sln:miejscowosc><sln:cyklZyciaOd>2014-11-27T00:00:00+01:00</sln:cyklZyciaOd><sln:gmIIPId>df509483-12fe-4c71-99f0-b0c8b9403a9d</sln:gmIIPId><sln:gmIIPPn>PL.PZGIK.200</sln:gmIIPPn><sln:gmIIPWersja>2012-09-26T22:45:54+02:00</sln:gmIIPWersja><sln:gmIdTeryt>2211062</sln:gmIdTeryt><sln:gmNazwa>Krokowa</sln:gmNazwa><sln:miejscIIPId>f1ed08fc-2245-4592-b9d7-83d9644f9f40</sln:miejscIIPId><sln:miejscIIPPn>PL.PZGIK.200</sln:miejscIIPPn><sln:miejscIIPWersja>2016-11-24T13:39:31+02:00</sln:miejscIIPWersja><sln:miejscIdTeryt>0165103</sln:miejscIdTeryt><sln:miejscNazwa>Kłanino</sln:miejscNazwa><sln:miejscRodzaj>Wieś</sln:miejscRodzaj><sln:powIIPId>9d05c08b-4dda-4103-8a71-b6d57a91275b</sln:powIIPId><sln:powIIPPn>PL.PZGIK.200</sln:powIIPPn><sln:powIIPWersja>2012-09-27T09:33:51+02:00</sln:powIIPWersja><sln:powIdTeryt>2211</sln:powIdTeryt><sln:powNazwa>pucki</sln:powNazwa><sln:wojIIPId>ece93e09-0215-42f3-8067-be0649f58d46</sln:wojIIPId><sln:wojIIPPn>PL.PZGIK.200</sln:wojIIPPn><sln:wojIIPWersja>2012-09-27T13:45:13+02:00</sln:wojIIPWersja><sln:wojIdTeryt>22</sln:wojIdTeryt><sln:wojNazwa>pomorskie</sln:wojNazwa></sln:miejscowosc><sln:miejscowosc><sln:cyklZyciaOd>2014-11-27T00:00:00+01:00</sln:cyklZyciaOd><sln:gmIIPId>df509483-12fe-4c71-99f0-b0c8b9403a9d</sln:gmIIPId><sln:gmIIPPn>PL.PZGIK.200</sln:gmIIPPn><sln:gmIIPWersja>2012-09-26T22:45:54+02:00</sln:gmIIPWersja><sln:gmIdTeryt>2211062</sln:gmIdTeryt><sln:gmNazwa>Krokowa</sln:gmNazwa><sln:miejscIIPId>9ee7f768-8561-4f61-930c-c61fd1d658df</sln:miejscIIPId><sln:miejscIIPPn>PL.PZGIK.200</sln:miejscIIPPn><sln:miejscIIPWersja>2016-11-24T13:48:27+02:00</sln:miejscIIPWersja><sln:miejscIdTeryt>0165327</sln:miejscIdTeryt><sln:miejscNazwa>Dąbrowa</sln:miejscNazwa><sln:miejscRodzaj>Osada</sln:miejscRodzaj><sln:powIIPId>9d05c08b-4dda-4103-8a71-b6d57a91275b</sln:powIIPId><sln:powIIPPn>PL.PZGIK.200</sln:powIIPPn><sln:powIIPWersja>2012-09-27T09:33:51+02:00</sln:powIIPWersja><sln:powIdTeryt>2211</sln:powIdTeryt><sln:powNazwa>pucki</sln:powNazwa><sln:wojIIPId>ece93e09-0215-42f3-8067-be0649f58d46</sln:wojIIPId><sln:wojIIPPn>PL.PZGIK.200</sln:wojIIPPn><sln:wojIIPWersja>2012-09-27T13:45:13+02:00</sln:wojIIPWersja><sln:wojIdTeryt>22</sln:wojIdTeryt><sln:wojNazwa>pomorskie</sln:wojNazwa></sln:miejscowosc><sln:miejscowosc><sln:cyklZyciaOd>2014-11-27T00:00:00+01:00</sln:cyklZyciaOd><sln:gmIIPId>df509483-12fe-4c71-99f0-b0c8b9403a9d</sln:gmIIPId><sln:gmIIPPn>PL.PZGIK.200</sln:gmIIPPn><sln:gmIIPWersja>2012-09-26T22:45:54+02:00</sln:gmIIPWersja><sln:gmIdTeryt>2211062</sln:gmIdTeryt><sln:gmNazwa>Krokowa</sln:gmNazwa><sln:miejscIIPId>df27b3ca-1a4b-45e3-96f9-d349eb5d22a1</sln:miejscIIPId><sln:miejscIIPPn>PL.PZGIK.200</sln:miejscIIPPn><sln:miejscIIPWersja>2016-11-24T13:54:15+02:00</sln:miejscIIPWersja><sln:miejscIdTeryt>0165020</sln:miejscIdTeryt><sln:miejscNazwa>Łętowice</sln:miejscNazwa><sln:miejscRodzaj>Osada</sln:miejscRodzaj><sln:powIIPId>9d05c08b-4dda-4103-8a71-b6d57a91275b</sln:powIIPId><sln:powIIPPn>PL.PZGIK.200</sln:powIIPPn><sln:powIIPWersja>2012-09-27T09:33:51+02:00</sln:powIIPWersja><sln:powIdTeryt>2211</sln:powIdTeryt><sln:powNazwa>pucki</sln:powNazwa><sln:wojIIPId>ece93e09-0215-42f3-8067-be0649f58d46</sln:wojIIPId><sln:wojIIPPn>PL.PZGIK.200</sln:wojIIPPn><sln:wojIIPWersja>2012-09-27T13:45:13+02:00</sln:wojIIPWersja><sln:wojIdTeryt>22</sln:wojIdTeryt><sln:wojNazwa>pomorskie</sln:wojNazwa></sln:miejscowosc><sln:miejscowosc><sln:cyklZyciaOd>2014-11-27T00:00:00+01:00</sln:cyklZyciaOd><sln:gmIIPId>df509483-12fe-4c71-99f0-b0c8b9403a9d</sln:gmIIPId><sln:gmIIPPn>PL.PZGIK.200</sln:gmIIPPn><sln:gmIIPWersja>2012-09-26T22:45:54+02:00</sln:gmIIPWersja><sln:gmIdTeryt>2211062</sln:gmIdTeryt><sln:gmNazwa>Krokowa</sln:gmNazwa><sln:miejscIIPId>54f66935-018e-441f-8647-1ac532c28870</sln:miejscIIPId><sln:miejscIIPPn>PL.PZGIK.200</sln:miejscIIPPn><sln:miejscIIPWersja>2016-11-24T13:32:07+02:00</sln:miejscIIPWersja><sln:miejscIdTeryt>0165296</sln:miejscIdTeryt><sln:miejscNazwa>Świecino</sln:miejscNazwa><sln:miejscRodzaj>Wieś</sln:miejscRodzaj><sln:powIIPId>9d05c08b-4dda-4103-8a71-b6d57a91275b</sln:powIIPId><sln:powIIPPn>PL.PZGIK.200</sln:powIIPPn><sln:powIIPWersja>2012-09-27T09:33:51+02:00</sln:powIIPWersja><sln:powIdTeryt>2211</sln:powIdTeryt><sln:powNazwa>pucki</sln:powNazwa><sln:wojIIPId>ece93e09-0215-42f3-8067-be0649f58d46</sln:wojIIPId><sln:wojIIPPn>PL.PZGIK.200</sln:wojIIPPn><sln:wojIIPWersja>2012-09-27T13:45:13+02:00</sln:wojIIPWersja><sln:wojIdTeryt>22</sln:wojIdTeryt><sln:wojNazwa>pomorskie</sln:wojNazwa></sln:miejscowosc><sln:miejscowosc><sln:cyklZyciaOd>2014-11-27T00:00:00+01:00</sln:cyklZyciaOd><sln:gmIIPId>df509483-12fe-4c71-99f0-b0c8b9403a9d</sln:gmIIPId><sln:gmIIPPn>PL.PZGIK.200</sln:gmIIPPn><sln:gmIIPWersja>2012-09-26T22:45:54+02:00</sln:gmIIPWersja><sln:gmIdTeryt>2211062</sln:gmIdTeryt><sln:gmNazwa>Krokowa</sln:gmNazwa><sln:miejscIIPId>8b0e7d71-93bb-4573-8b52-9dca4f651c80</sln:miejscIIPId><sln:miejscIIPPn>PL.PZGIK.200</sln:miejscIIPPn><sln:miejscIIPWersja>2016-11-24T13:54:15+02:00</sln:miejscIIPWersja><sln:miejscIdTeryt>0165037</sln:miejscIdTeryt><sln:miejscNazwa>Szary Dwór</sln:miejscNazwa><sln:miejscRodzaj>Osada</sln:miejscRodzaj><sln:powIIPId>9d05c08b-4dda-4103-8a71-b6d57a91275b</sln:powIIPId><sln:powIIPPn>PL.PZGIK.200</sln:powIIPPn><sln:powIIPWersja>2012-09-27T09:33:51+02:00</sln:powIIPWersja><sln:powIdTeryt>2211</sln:powIdTeryt><sln:powNazwa>pucki</sln:powNazwa><sln:wojIIPId>ece93e09-0215-42f3-8067-be0649f58d46</sln:wojIIPId><sln:wojIIPPn>PL.PZGIK.200</sln:wojIIPPn><sln:wojIIPWersja>2012-09-27T13:45:13+02:00</sln:wojIIPWersja><sln:wojIdTeryt>22</sln:wojIdTeryt><sln:wojNazwa>pomorskie</sln:wojNazwa></sln:miejscowosc><sln:miejscowosc><sln:cyklZyciaOd>2014-11-27T00:00:00+01:00</sln:cyklZyciaOd><sln:gmIIPId>df509483-12fe-4c71-99f0-b0c8b9403a9d</sln:gmIIPId><sln:gmIIPPn>PL.PZGIK.200</sln:gmIIPPn><sln:gmIIPWersja>2012-09-26T22:45:54+02:00</sln:gmIIPWersja><sln:gmIdTeryt>2211062</sln:gmIdTeryt><sln:gmNazwa>Krokowa</sln:gmNazwa><sln:miejscIIPId>7605f0e0-3477-49ff-9ef5-ef2ed4fd6fc4</sln:miejscIIPId><sln:miejscIIPPn>PL.PZGIK.200</sln:miejscIIPPn><sln:miejscIIPWersja>2016-11-24T13:54:15+02:00</sln:miejscIIPWersja><sln:miejscIdTeryt>0165014</sln:miejscIdTeryt><sln:miejscNazwa>Goszczyno-Wybudowanie</sln:miejscNazwa><sln:miejscRodzaj>Inny obiekt</sln:miejscRodzaj><sln:powIIPId>9d05c08b-4dda-4103-8a71-b6d57a91275b</sln:powIIPId><sln:powIIPPn>PL.PZGIK.200</sln:powIIPPn><sln:powIIPWersja>2012-09-27T09:33:51+02:00</sln:powIIPWersja><sln:powIdTeryt>2211</sln:powIdTeryt><sln:powNazwa>pucki</sln:powNazwa><sln:wojIIPId>ece93e09-0215-42f3-8067-be0649f58d46</sln:wojIIPId><sln:wojIIPPn>PL.PZGIK.200</sln:wojIIPPn><sln:wojIIPWersja>2012-09-27T13:45:13+02:00</sln:wojIIPWersja><sln:wojIdTeryt>22</sln:wojIdTeryt><sln:wojNazwa>pomorskie</sln:wojNazwa></sln:miejscowosc><sln:miejscowosc><sln:cyklZyciaOd>2014-11-27T00:00:00+01:00</sln:cyklZyciaOd><sln:gmIIPId>df509483-12fe-4c71-99f0-b0c8b9403a9d</sln:gmIIPId><sln:gmIIPPn>PL.PZGIK.200</sln:gmIIPPn><sln:gmIIPWersja>2012-09-26T22:45:54+02:00</sln:gmIIPWersja><sln:gmIdTeryt>2211062</sln:gmIdTeryt><sln:gmNazwa>Krokowa</sln:gmNazwa><sln:miejscIIPId>aa5ad117-5506-4e88-b982-46f62eeb78da</sln:miejscIIPId><sln:miejscIIPPn>PL.PZGIK.200</sln:miejscIIPPn><sln:miejscIIPWersja>2016-11-24T13:31:42+02:00</sln:miejscIIPWersja><sln:miejscIdTeryt>0165267</sln:miejscIdTeryt><sln:miejscNazwa>Sulicice</sln:miejscNazwa><sln:miejscRodzaj>Wieś</sln:miejscRodzaj><sln:powIIPId>9d05c08b-4dda-4103-8a71-b6d57a91275b</sln:powIIPId><sln:powIIPPn>PL.PZGIK.200</sln:powIIPPn><sln:powIIPWersja>2012-09-27T09:33:51+02:00</sln:powIIPWersja><sln:powIdTeryt>2211</sln:powIdTeryt><sln:powNazwa>pucki</sln:powNazwa><sln:wojIIPId>ece93e09-0215-42f3-8067-be0649f58d46</sln:wojIIPId><sln:wojIIPPn>PL.PZGIK.200</sln:wojIIPPn><sln:wojIIPWersja>2012-09-27T13:45:13+02:00</sln:wojIIPWersja><sln:wojIdTeryt>22</sln:wojIdTeryt><sln:wojNazwa>pomorskie</sln:wojNazwa></sln:miejscowosc><sln:miejscowosc><sln:cyklZyciaOd>2014-11-27T00:00:00+01:00</sln:cyklZyciaOd><sln:gmIIPId>df509483-12fe-4c71-99f0-b0c8b9403a9d</sln:gmIIPId><sln:gmIIPPn>PL.PZGIK.200</sln:gmIIPPn><sln:gmIIPWersja>2012-09-26T22:45:54+02:00</sln:gmIIPWersja><sln:gmIdTeryt>2211062</sln:gmIdTeryt><sln:gmNazwa>Krokowa</sln:gmNazwa><sln:miejscIIPId>6a1a4245-06ad-4919-960e-15f91ac73663</sln:miejscIIPId><sln:miejscIIPPn>PL.PZGIK.200</sln:miejscIIPPn><sln:miejscIIPWersja>2016-11-24T13:41:17+02:00</sln:miejscIIPWersja><sln:miejscIdTeryt>0165155</sln:miejscIdTeryt><sln:miejscNazwa>Lubocino</sln:miejscNazwa><sln:miejscRodzaj>Wieś</sln:miejscRodzaj><sln:powIIPId>9d05c08b-4dda-4103-8a71-b6d57a91275b</sln:powIIPId><sln:powIIPPn>PL.PZGIK.200</sln:powIIPPn><sln:powIIPWersja>2012-09-27T09:33:51+02:00</sln:powIIPWersja><sln:powIdTeryt>2211</sln:powIdTeryt><sln:powNazwa>pucki</sln:powNazwa><sln:wojIIPId>ece93e09-0215-42f3-8067-be0649f58d46</sln:wojIIPId><sln:wojIIPPn>PL.PZGIK.200</sln:wojIIPPn><sln:wojIIPWersja>2012-09-27T13:45:13+02:00</sln:wojIIPWersja><sln:wojIdTeryt>22</sln:wojIdTeryt><sln:wojNazwa>pomorskie</sln:wojNazwa></sln:miejscowosc><sln:miejscowosc><sln:cyklZyciaOd>2014-11-27T00:00:00+01:00</sln:cyklZyciaOd><sln:gmIIPId>df509483-12fe-4c71-99f0-b0c8b9403a9d</sln:gmIIPId><sln:gmIIPPn>PL.PZGIK.200</sln:gmIIPPn><sln:gmIIPWersja>2012-09-26T22:45:54+02:00</sln:gmIIPWersja><sln:gmIdTeryt>2211062</sln:gmIdTeryt><sln:gmNazwa>Krokowa</sln:gmNazwa><sln:miejscIIPId>1da2adee-6457-4758-83e0-32aa70420cd5</sln:miejscIIPId><sln:miejscIIPPn>PL.PZGIK.200</sln:miejscIIPPn><sln:miejscIIPWersja>2016-11-24T13:41:12+02:00</sln:miejscIIPWersja><sln:miejscIdTeryt>0165126</sln:miejscIdTeryt><sln:miejscNazwa>Lisewo</sln:miejscNazwa><sln:miejscRodzaj>Wieś</sln:miejscRodzaj><sln:powIIPId>9d05c08b-4dda-4103-8a71-b6d57a91275b</sln:powIIPId><sln:powIIPPn>PL.PZGIK.200</sln:powIIPPn><sln:powIIPWersja>2012-09-27T09:33:51+02:00</sln:powIIPWersja><sln:powIdTeryt>2211</sln:powIdTeryt><sln:powNazwa>pucki</sln:powNazwa><sln:wojIIPId>ece93e09-0215-42f3-8067-be0649f58d46</sln:wojIIPId><sln:wojIIPPn>PL.PZGIK.200</sln:wojIIPPn><sln:wojIIPWersja>2012-09-27T13:45:13+02:00</sln:wojIIPWersja><sln:wojIdTeryt>22</sln:wojIdTeryt><sln:wojNazwa>pomorskie</sln:wojNazwa></sln:miejscowosc><sln:miejscowosc><sln:cyklZyciaOd>2014-11-27T00:00:00+01:00</sln:cyklZyciaOd><sln:gmIIPId>df509483-12fe-4c71-99f0-b0c8b9403a9d</sln:gmIIPId><sln:gmIIPPn>PL.PZGIK.200</sln:gmIIPPn><sln:gmIIPWersja>2012-09-26T22:45:54+02:00</sln:gmIIPWersja><sln:gmIdTeryt>2211062</sln:gmIdTeryt><sln:gmNazwa>Krokowa</sln:gmNazwa><sln:miejscIIPId>e6792030-6311-410d-a094-70f98cde32e4</sln:miejscIIPId><sln:miejscIIPPn>PL.PZGIK.200</sln:miejscIIPPn><sln:miejscIIPWersja>2016-11-24T13:30:09+02:00</sln:miejscIIPWersja><sln:miejscIdTeryt>0164983</sln:miejscIdTeryt><sln:miejscNazwa>Brzyno</sln:miejscNazwa><sln:miejscRodzaj>Wieś</sln:miejscRodzaj><sln:powIIPId>9d05c08b-4dda-4103-8a71-b6d57a91275b</sln:powIIPId><sln:powIIPPn>PL.PZGIK.200</sln:powIIPPn><sln:powIIPWersja>2012-09-27T09:33:51+02:00</sln:powIIPWersja><sln:powIdTeryt>2211</sln:powIdTeryt><sln:powNazwa>pucki</sln:powNazwa><sln:wojIIPId>ece93e09-0215-42f3-8067-be0649f58d46</sln:wojIIPId><sln:wojIIPPn>PL.PZGIK.200</sln:wojIIPPn><sln:wojIIPWersja>2012-09-27T13:45:13+02:00</sln:wojIIPWersja><sln:wojIdTeryt>22</sln:wojIdTeryt><sln:wojNazwa>pomorskie</sln:wojNazwa></sln:miejscowosc><sln:miejscowosc><sln:cyklZyciaOd>2014-11-27T00:00:00+01:00</sln:cyklZyciaOd><sln:gmIIPId>df509483-12fe-4c71-99f0-b0c8b9403a9d</sln:gmIIPId><sln:gmIIPPn>PL.PZGIK.200</sln:gmIIPPn><sln:gmIIPWersja>2012-09-26T22:45:54+02:00</sln:gmIIPWersja><sln:gmIdTeryt>2211062</sln:gmIdTeryt><sln:gmNazwa>Krokowa</sln:gmNazwa><sln:miejscIIPId>67bcbcaa-4bf1-41a3-a945-19edc39bd7df</sln:miejscIIPId><sln:miejscIIPPn>PL.PZGIK.200</sln:miejscIIPPn><sln:miejscIIPWersja>2016-11-24T13:55:14+02:00</sln:miejscIIPWersja><sln:miejscIdTeryt>0165095</sln:miejscIdTeryt><sln:miejscNazwa>Sławoszynko</sln:miejscNazwa><sln:miejscRodzaj>Inny obiekt</sln:miejscRodzaj><sln:powIIPId>9d05c08b-4dda-4103-8a71-b6d57a91275b</sln:powIIPId><sln:powIIPPn>PL.PZGIK.200</sln:powIIPPn><sln:powIIPWersja>2012-09-27T09:33:51+02:00</sln:powIIPWersja><sln:powIdTeryt>2211</sln:powIdTeryt><sln:powNazwa>pucki</sln:powNazwa><sln:wojIIPId>ece93e09-0215-42f3-8067-be0649f58d46</sln:wojIIPId><sln:wojIIPPn>PL.PZGIK.200</sln:wojIIPPn><sln:wojIIPWersja>2012-09-27T13:45:13+02:00</sln:wojIIPWersja><sln:wojIdTeryt>22</sln:wojIdTeryt><sln:wojNazwa>pomorskie</sln:wojNazwa></sln:miejscowosc><sln:miejscowosc><sln:cyklZyciaOd>2014-11-27T00:00:00+01:00</sln:cyklZyciaOd><sln:gmIIPId>df509483-12fe-4c71-99f0-b0c8b9403a9d</sln:gmIIPId><sln:gmIIPPn>PL.PZGIK.200</sln:gmIIPPn><sln:gmIIPWersja>2012-09-26T22:45:54+02:00</sln:gmIIPWersja><sln:gmIdTeryt>2211062</sln:gmIdTeryt><sln:gmNazwa>Krokowa</sln:gmNazwa><sln:miejscIIPId>5723c131-17b8-4b5c-af19-6037f9c22505</sln:miejscIIPId><sln:miejscIIPPn>PL.PZGIK.200</sln:miejscIIPPn><sln:miejscIIPWersja>2016-11-24T13:30:48+02:00</sln:miejscIIPWersja><sln:miejscIdTeryt>0165238</sln:miejscIdTeryt><sln:miejscNazwa>Słuchowo</sln:miejscNazwa><sln:miejscRodzaj>Wieś</sln:miejscRodzaj><sln:powIIPId>9d05c08b-4dda-4103-8a71-b6d57a91275b</sln:powIIPId><sln:powIIPPn>PL.PZGIK.200</sln:powIIPPn><sln:powIIPWersja>2012-09-27T09:33:51+02:00</sln:powIIPWersja><sln:powIdTeryt>2211</sln:powIdTeryt><sln:powNazwa>pucki</sln:powNazwa><sln:wojIIPId>ece93e09-0215-42f3-8067-be0649f58d46</sln:wojIIPId><sln:wojIIPPn>PL.PZGIK.200</sln:wojIIPPn><sln:wojIIPWersja>2012-09-27T13:45:13+02:00</sln:wojIIPWersja><sln:wojIdTeryt>22</sln:wojIdTeryt><sln:wojNazwa>pomorskie</sln:wojNazwa></sln:miejscowosc><sln:miejscowosc><sln:cyklZyciaOd>2014-11-27T00:00:00+01:00</sln:cyklZyciaOd><sln:gmIIPId>df509483-12fe-4c71-99f0-b0c8b9403a9d</sln:gmIIPId><sln:gmIIPPn>PL.PZGIK.200</sln:gmIIPPn><sln:gmIIPWersja>2012-09-26T22:45:54+02:00</sln:gmIIPWersja><sln:gmIdTeryt>2211062</sln:gmIdTeryt><sln:gmNazwa>Krokowa</sln:gmNazwa><sln:miejscIIPId>0251a982-48da-45e8-b98c-69396b90177f</sln:miejscIIPId><sln:miejscIIPPn>PL.PZGIK.200</sln:miejscIIPPn><sln:miejscIIPWersja>2016-11-24T13:55:00+02:00</sln:miejscIIPWersja><sln:miejscIdTeryt>0165050</sln:miejscIdTeryt><sln:miejscNazwa>Glinki</sln:miejscNazwa><sln:miejscRodzaj>Osada</sln:miejscRodzaj><sln:powIIPId>9d05c08b-4dda-4103-8a71-b6d57a91275b</sln:powIIPId><sln:powIIPPn>PL.PZGIK.200</sln:powIIPPn><sln:powIIPWersja>2012-09-27T09:33:51+02:00</sln:powIIPWersja><sln:powIdTeryt>2211</sln:powIdTeryt><sln:powNazwa>pucki</sln:powNazwa><sln:wojIIPId>ece93e09-0215-42f3-8067-be0649f58d46</sln:wojIIPId><sln:wojIIPPn>PL.PZGIK.200</sln:wojIIPPn><sln:wojIIPWersja>2012-09-27T13:45:13+02:00</sln:wojIIPWersja><sln:wojIdTeryt>22</sln:wojIdTeryt><sln:wojNazwa>pomorskie</sln:wojNazwa></sln:miejscowosc><sln:miejscowosc><sln:cyklZyciaOd>2014-11-27T00:00:00+01:00</sln:cyklZyciaOd><sln:gmIIPId>df509483-12fe-4c71-99f0-b0c8b9403a9d</sln:gmIIPId><sln:gmIIPPn>PL.PZGIK.200</sln:gmIIPPn><sln:gmIIPWersja>2012-09-26T22:45:54+02:00</sln:gmIIPWersja><sln:gmIdTeryt>2211062</sln:gmIdTeryt><sln:gmNazwa>Krokowa</sln:gmNazwa><sln:miejscIIPId>20c290fa-4190-4654-a88b-aecf08f201ba</sln:miejscIIPId><sln:miejscIIPPn>PL.PZGIK.200</sln:miejscIIPPn><sln:miejscIIPWersja>2016-11-24T13:47:38+02:00</sln:miejscIIPWersja><sln:miejscIdTeryt>0165280</sln:miejscIdTeryt><sln:miejscNazwa>Sulicice-Wybudowanie</sln:miejscNazwa><sln:miejscRodzaj>Inny obiekt</sln:miejscRodzaj><sln:powIIPId>9d05c08b-4dda-4103-8a71-b6d57a91275b</sln:powIIPId><sln:powIIPPn>PL.PZGIK.200</sln:powIIPPn><sln:powIIPWersja>2012-09-27T09:33:51+02:00</sln:powIIPWersja><sln:powIdTeryt>2211</sln:powIdTeryt><sln:powNazwa>pucki</sln:powNazwa><sln:wojIIPId>ece93e09-0215-42f3-8067-be0649f58d46</sln:wojIIPId><sln:wojIIPPn>PL.PZGIK.200</sln:wojIIPPn><sln:wojIIPWersja>2012-09-27T13:45:13+02:00</sln:wojIIPWersja><sln:wojIdTeryt>22</sln:wojIdTeryt><sln:wojNazwa>pomorskie</sln:wojNazwa></sln:miejscowosc><sln:miejscowosc><sln:cyklZyciaOd>2014-11-27T00:00:00+01:00</sln:cyklZyciaOd><sln:gmIIPId>df509483-12fe-4c71-99f0-b0c8b9403a9d</sln:gmIIPId><sln:gmIIPPn>PL.PZGIK.200</sln:gmIIPPn><sln:gmIIPWersja>2012-09-26T22:45:54+02:00</sln:gmIIPWersja><sln:gmIdTeryt>2211062</sln:gmIdTeryt><sln:gmNazwa>Krokowa</sln:gmNazwa><sln:miejscIIPId>a64da087-3e81-4c3c-8c2c-060f4f296a9f</sln:miejscIIPId><sln:miejscIIPPn>PL.PZGIK.200</sln:miejscIIPPn><sln:miejscIIPWersja>2016-11-24T13:39:15+02:00</sln:miejscIIPWersja><sln:miejscIdTeryt>0165089</sln:miejscIdTeryt><sln:miejscNazwa>Karwieńskie Błoto Pierwsze</sln:miejscNazwa><sln:miejscRodzaj>Wieś</sln:miejscRodzaj><sln:powIIPId>9d05c08b-4dda-4103-8a71-b6d57a91275b</sln:powIIPId><sln:powIIPPn>PL.PZGIK.200</sln:powIIPPn><sln:powIIPWersja>2012-09-27T09:33:51+02:00</sln:powIIPWersja><sln:powIdTeryt>2211</sln:powIdTeryt><sln:powNazwa>pucki</sln:powNazwa><sln:wojIIPId>ece93e09-0215-42f3-8067-be0649f58d46</sln:wojIIPId><sln:wojIIPPn>PL.PZGIK.200</sln:wojIIPPn><sln:wojIIPWersja>2012-09-27T13:45:13+02:00</sln:wojIIPWersja><sln:wojIdTeryt>22</sln:wojIdTeryt><sln:wojNazwa>pomorskie</sln:wojNazwa></sln:miejscowosc><sln:miejscowosc><sln:cyklZyciaOd>2014-11-27T00:00:00+01:00</sln:cyklZyciaOd><sln:gmIIPId>df509483-12fe-4c71-99f0-b0c8b9403a9d</sln:gmIIPId><sln:gmIIPPn>PL.PZGIK.200</sln:gmIIPPn><sln:gmIIPWersja>2012-09-26T22:45:54+02:00</sln:gmIIPWersja><sln:gmIdTeryt>2211062</sln:gmIdTeryt><sln:gmNazwa>Krokowa</sln:gmNazwa><sln:miejscIIPId>28f30621-fa8c-4722-873e-675007b54297</sln:miejscIIPId><sln:miejscIIPPn>PL.PZGIK.200</sln:miejscIIPPn><sln:miejscIIPWersja>2016-11-24T13:30:47+02:00</sln:miejscIIPWersja><sln:miejscIdTeryt>0165221</sln:miejscIdTeryt><sln:miejscNazwa>Sławoszyno</sln:miejscNazwa><sln:miejscRodzaj>Wieś</sln:miejscRodzaj><sln:powIIPId>9d05c08b-4dda-4103-8a71-b6d57a91275b</sln:powIIPId><sln:powIIPPn>PL.PZGIK.200</sln:powIIPPn><sln:powIIPWersja>2012-09-27T09:33:51+02:00</sln:powIIPWersja><sln:powIdTeryt>2211</sln:powIdTeryt><sln:powNazwa>pucki</sln:powNazwa><sln:wojIIPId>ece93e09-0215-42f3-8067-be0649f58d46</sln:wojIIPId><sln:wojIIPPn>PL.PZGIK.200</sln:wojIIPPn><sln:wojIIPWersja>2012-09-27T13:45:13+02:00</sln:wojIIPWersja><sln:wojIdTeryt>22</sln:wojIdTeryt><sln:wojNazwa>pomorskie</sln:wojNazwa></sln:miejscowosc><sln:miejscowosc><sln:cyklZyciaOd>2014-11-27T00:00:00+01:00</sln:cyklZyciaOd><sln:gmIIPId>df509483-12fe-4c71-99f0-b0c8b9403a9d</sln:gmIIPId><sln:gmIIPPn>PL.PZGIK.200</sln:gmIIPPn><sln:gmIIPWersja>2012-09-26T22:45:54+02:00</sln:gmIIPWersja><sln:gmIdTeryt>2211062</sln:gmIdTeryt><sln:gmNazwa>Krokowa</sln:gmNazwa><sln:miejscIIPId>5d13bf95-a612-420b-9b3d-bd8131ed0e02</sln:miejscIIPId><sln:miejscIIPPn>PL.PZGIK.200</sln:miejscIIPPn><sln:miejscIIPWersja>2016-11-24T13:30:53+02:00</sln:miejscIIPWersja><sln:miejscIdTeryt>3006177</sln:miejscIdTeryt><sln:miejscNazwa>Sobieńczyce</sln:miejscNazwa><sln:miejscRodzaj>Inny obiekt</sln:miejscRodzaj><sln:powIIPId>9d05c08b-4dda-4103-8a71-b6d57a91275b</sln:powIIPId><sln:powIIPPn>PL.PZGIK.200</sln:powIIPPn><sln:powIIPWersja>2012-09-27T09:33:51+02:00</sln:powIIPWersja><sln:powIdTeryt>2211</sln:powIdTeryt><sln:powNazwa>pucki</sln:powNazwa><sln:wojIIPId>ece93e09-0215-42f3-8067-be0649f58d46</sln:wojIIPId><sln:wojIIPPn>PL.PZGIK.200</sln:wojIIPPn><sln:wojIIPWersja>2012-09-27T13:45:13+02:00</sln:wojIIPWersja><sln:wojIdTeryt>22</sln:wojIdTeryt><sln:wojNazwa>pomorskie</sln:wojNazwa></sln:miejscowosc><sln:miejscowosc><sln:cyklZyciaOd>2014-11-27T00:00:00+01:00</sln:cyklZyciaOd><sln:gmIIPId>df509483-12fe-4c71-99f0-b0c8b9403a9d</sln:gmIIPId><sln:gmIIPPn>PL.PZGIK.200</sln:gmIIPPn><sln:gmIIPWersja>2012-09-26T22:45:54+02:00</sln:gmIIPWersja><sln:gmIdTeryt>2211062</sln:gmIdTeryt><sln:gmNazwa>Krokowa</sln:gmNazwa><sln:miejscIIPId>21ba823b-6cbc-43de-89ea-4fa526a7d4d8</sln:miejscIIPId><sln:miejscIIPPn>PL.PZGIK.200</sln:miejscIIPPn><sln:miejscIIPWersja>2016-11-24T13:38:59+02:00</sln:miejscIIPWersja><sln:miejscIdTeryt>0164960</sln:miejscIdTeryt><sln:miejscNazwa>Białogóra</sln:miejscNazwa><sln:miejscRodzaj>Wieś</sln:miejscRodzaj><sln:powIIPId>9d05c08b-4dda-4103-8a71-b6d57a91275b</sln:powIIPId><sln:powIIPPn>PL.PZGIK.200</sln:powIIPPn><sln:powIIPWersja>2012-09-27T09:33:51+02:00</sln:powIIPWersja><sln:powIdTeryt>2211</sln:powIdTeryt><sln:powNazwa>pucki</sln:powNazwa><sln:wojIIPId>ece93e09-0215-42f3-8067-be0649f58d46</sln:wojIIPId><sln:wojIIPPn>PL.PZGIK.200</sln:wojIIPPn><sln:wojIIPWersja>2012-09-27T13:45:13+02:00</sln:wojIIPWersja><sln:wojIdTeryt>22</sln:wojIdTeryt><sln:wojNazwa>pomorskie</sln:wojNazwa></sln:miejscowosc><sln:miejscowosc><sln:cyklZyciaOd>2014-11-27T00:00:00+01:00</sln:cyklZyciaOd><sln:gmIIPId>df509483-12fe-4c71-99f0-b0c8b9403a9d</sln:gmIIPId><sln:gmIIPPn>PL.PZGIK.200</sln:gmIIPPn><sln:gmIIPWersja>2012-09-26T22:45:54+02:00</sln:gmIIPWersja><sln:gmIdTeryt>2211062</sln:gmIdTeryt><sln:gmNazwa>Krokowa</sln:gmNazwa><sln:miejscIIPId>4eaaa0e5-76f6-4403-a097-7e1adaecf346</sln:miejscIIPId><sln:miejscIIPPn>PL.PZGIK.200</sln:miejscIIPPn><sln:miejscIIPWersja>2016-11-24T13:34:48+02:00</sln:miejscIIPWersja><sln:miejscIdTeryt>3008644</sln:miejscIdTeryt><sln:miejscNazwa>Zielona</sln:miejscNazwa><sln:miejscRodzaj>Inny obiekt</sln:miejscRodzaj><sln:powIIPId>9d05c08b-4dda-4103-8a71-b6d57a91275b</sln:powIIPId><sln:powIIPPn>PL.PZGIK.200</sln:powIIPPn><sln:powIIPWersja>2012-09-27T09:33:51+02:00</sln:powIIPWersja><sln:powIdTeryt>2211</sln:powIdTeryt><sln:powNazwa>pucki</sln:powNazwa><sln:wojIIPId>ece93e09-0215-42f3-8067-be0649f58d46</sln:wojIIPId><sln:wojIIPPn>PL.PZGIK.200</sln:wojIIPPn><sln:wojIIPWersja>2012-09-27T13:45:13+02:00</sln:wojIIPWersja><sln:wojIdTeryt>22</sln:wojIdTeryt><sln:wojNazwa>pomorskie</sln:wojNazwa></sln:miejscowosc><sln:miejscowosc><sln:cyklZyciaOd>2014-11-27T00:00:00+01:00</sln:cyklZyciaOd><sln:gmIIPId>df509483-12fe-4c71-99f0-b0c8b9403a9d</sln:gmIIPId><sln:gmIIPPn>PL.PZGIK.200</sln:gmIIPPn><sln:gmIIPWersja>2012-09-26T22:45:54+02:00</sln:gmIIPWersja><sln:gmIdTeryt>2211062</sln:gmIdTeryt><sln:gmNazwa>Krokowa</sln:gmNazwa><sln:miejscIIPId>c24c5bac-1a58-40f6-a352-caaa3281e0c9</sln:miejscIIPId><sln:miejscIIPPn>PL.PZGIK.200</sln:miejscIIPPn><sln:miejscIIPWersja>2016-11-24T13:30:53+02:00</sln:miejscIIPWersja><sln:miejscIdTeryt>3006180</sln:miejscIdTeryt><sln:miejscNazwa>Kolonia Sobieńczyce</sln:miejscNazwa><sln:miejscRodzaj>Inny obiekt</sln:miejscRodzaj><sln:powIIPId>9d05c08b-4dda-4103-8a71-b6d57a91275b</sln:powIIPId><sln:powIIPPn>PL.PZGIK.200</sln:powIIPPn><sln:powIIPWersja>2012-09-27T09:33:51+02:00</sln:powIIPWersja><sln:powIdTeryt>2211</sln:powIdTeryt><sln:powNazwa>pucki</sln:powNazwa><sln:wojIIPId>ece93e09-0215-42f3-8067-be0649f58d46</sln:wojIIPId><sln:wojIIPPn>PL.PZGIK.200</sln:wojIIPPn><sln:wojIIPWersja>2012-09-27T13:45:13+02:00</sln:wojIIPWersja><sln:wojIdTeryt>22</sln:wojIdTeryt><sln:wojNazwa>pomorskie</sln:wojNazwa></sln:miejscowosc><sln:miejscowosc><sln:cyklZyciaOd>2014-11-27T00:00:00+01:00</sln:cyklZyciaOd><sln:gmIIPId>df509483-12fe-4c71-99f0-b0c8b9403a9d</sln:gmIIPId><sln:gmIIPPn>PL.PZGIK.200</sln:gmIIPPn><sln:gmIIPWersja>2012-09-26T22:45:54+02:00</sln:gmIIPWersja><sln:gmIdTeryt>2211062</sln:gmIdTeryt><sln:gmNazwa>Krokowa</sln:gmNazwa><sln:miejscIIPId>7129cb60-4350-4506-9c6d-1bbc2b69a147</sln:miejscIIPId><sln:miejscIIPPn>PL.PZGIK.200</sln:miejscIIPPn><sln:miejscIIPWersja>2016-11-24T13:51:17+02:00</sln:miejscIIPWersja><sln:miejscIdTeryt>0165400</sln:miejscIdTeryt><sln:miejscNazwa>Dmuchowo</sln:miejscNazwa><sln:miejscRodzaj>Osada</sln:miejscRodzaj><sln:powIIPId>9d05c08b-4dda-4103-8a71-b6d57a91275b</sln:powIIPId><sln:powIIPPn>PL.PZGIK.200</sln:powIIPPn><sln:powIIPWersja>2012-09-27T09:33:51+02:00</sln:powIIPWersja><sln:powIdTeryt>2211</sln:powIdTeryt><sln:powNazwa>pucki</sln:powNazwa><sln:wojIIPId>ece93e09-0215-42f3-8067-be0649f58d46</sln:wojIIPId><sln:wojIIPPn>PL.PZGIK.200</sln:wojIIPPn><sln:wojIIPWersja>2012-09-27T13:45:13+02:00</sln:wojIIPWersja><sln:wojIdTeryt>22</sln:wojIdTeryt><sln:wojNazwa>pomorskie</sln:wojNazwa></sln:miejscowosc><sln:miejscowosc><sln:cyklZyciaOd>2014-11-27T00:00:00+01:00</sln:cyklZyciaOd><sln:gmIIPId>df509483-12fe-4c71-99f0-b0c8b9403a9d</sln:gmIIPId><sln:gmIIPPn>PL.PZGIK.200</sln:gmIIPPn><sln:gmIIPWersja>2012-09-26T22:45:54+02:00</sln:gmIIPWersja><sln:gmIdTeryt>2211062</sln:gmIdTeryt><sln:gmNazwa>Krokowa</sln:gmNazwa><sln:miejscIIPId>c1d3207e-f0e4-4557-9767-623c5e9cfd4b</sln:miejscIIPId><sln:miejscIIPPn>PL.PZGIK.200</sln:miejscIIPPn><sln:miejscIIPWersja>2016-11-24T13:47:38+02:00</sln:miejscIIPWersja><sln:miejscIdTeryt>0165273</sln:miejscIdTeryt><sln:miejscNazwa>Ameryka</sln:miejscNazwa><sln:miejscRodzaj>Inny obiekt</sln:miejscRodzaj><sln:powIIPId>9d05c08b-4dda-4103-8a71-b6d57a91275b</sln:powIIPId><sln:powIIPPn>PL.PZGIK.200</sln:powIIPPn><sln:powIIPWersja>2012-09-27T09:33:51+02:00</sln:powIIPWersja><sln:powIdTeryt>2211</sln:powIdTeryt><sln:powNazwa>pucki</sln:powNazwa><sln:wojIIPId>ece93e09-0215-42f3-8067-be0649f58d46</sln:wojIIPId><sln:wojIIPPn>PL.PZGIK.200</sln:wojIIPPn><sln:wojIIPWersja>2012-09-27T13:45:13+02:00</sln:wojIIPWersja><sln:wojIdTeryt>22</sln:wojIdTeryt><sln:wojNazwa>pomorskie</sln:wojNazwa></sln:miejscowosc><sln:miejscowosc><sln:cyklZyciaOd>2014-11-27T00:00:00+01:00</sln:cyklZyciaOd><sln:gmIIPId>df509483-12fe-4c71-99f0-b0c8b9403a9d</sln:gmIIPId><sln:gmIIPPn>PL.PZGIK.200</sln:gmIIPPn><sln:gmIIPWersja>2012-09-26T22:45:54+02:00</sln:gmIIPWersja><sln:gmIdTeryt>2211062</sln:gmIdTeryt><sln:gmNazwa>Krokowa</sln:gmNazwa><sln:miejscIIPId>2ad21817-ccab-4a7b-ad71-3eba51f286db</sln:miejscIIPId><sln:miejscIIPPn>PL.PZGIK.200</sln:miejscIIPPn><sln:miejscIIPWersja>2016-11-24T13:51:17+02:00</sln:miejscIIPWersja><sln:miejscIdTeryt>0165416</sln:miejscIdTeryt><sln:miejscNazwa>Porąb</sln:miejscNazwa><sln:miejscRodzaj>Kolonia</sln:miejscRodzaj><sln:powIIPId>9d05c08b-4dda-4103-8a71-b6d57a91275b</sln:powIIPId><sln:powIIPPn>PL.PZGIK.200</sln:powIIPPn><sln:powIIPWersja>2012-09-27T09:33:51+02:00</sln:powIIPWersja><sln:powIdTeryt>2211</sln:powIdTeryt><sln:powNazwa>pucki</sln:powNazwa><sln:wojIIPId>ece93e09-0215-42f3-8067-be0649f58d46</sln:wojIIPId><sln:wojIIPPn>PL.PZGIK.200</sln:wojIIPPn><sln:wojIIPWersja>2012-09-27T13:45:13+02:00</sln:wojIIPWersja><sln:wojIdTeryt>22</sln:wojIdTeryt><sln:wojNazwa>pomorskie</sln:wojNazwa></sln:miejscowosc><sln:miejscowosc><sln:cyklZyciaOd>2014-11-27T00:00:00+01:00</sln:cyklZyciaOd><sln:gmIIPId>df509483-12fe-4c71-99f0-b0c8b9403a9d</sln:gmIIPId><sln:gmIIPPn>PL.PZGIK.200</sln:gmIIPPn><sln:gmIIPWersja>2012-09-26T22:45:54+02:00</sln:gmIIPWersja><sln:gmIdTeryt>2211062</sln:gmIdTeryt><sln:gmNazwa>Krokowa</sln:gmNazwa><sln:miejscIIPId>ad3af3f8-d4d8-46fc-b71c-0ce64a47c109</sln:miejscIIPId><sln:miejscIIPPn>PL.PZGIK.200</sln:miejscIIPPn><sln:miejscIIPWersja>2016-11-24T13:56:45+02:00</sln:miejscIIPWersja><sln:miejscIdTeryt>0165132</sln:miejscIdTeryt><sln:miejscNazwa>Lisewski Młyn</sln:miejscNazwa><sln:miejscRodzaj>Inny obiekt</sln:miejscRodzaj><sln:powIIPId>9d05c08b-4dda-4103-8a71-b6d57a91275b</sln:powIIPId><sln:powIIPPn>PL.PZGIK.200</sln:powIIPPn><sln:powIIPWersja>2012-09-27T09:33:51+02:00</sln:powIIPWersja><sln:powIdTeryt>2211</sln:powIdTeryt><sln:powNazwa>pucki</sln:powNazwa><sln:wojIIPId>ece93e09-0215-42f3-8067-be0649f58d46</sln:wojIIPId><sln:wojIIPPn>PL.PZGIK.200</sln:wojIIPPn><sln:wojIIPWersja>2012-09-27T13:45:13+02:00</sln:wojIIPWersja><sln:wojIdTeryt>22</sln:wojIdTeryt><sln:wojNazwa>pomorskie</sln:wojNazwa></sln:miejscowosc><sln:miejscowosc><sln:cyklZyciaOd>2014-11-27T00:00:00+01:00</sln:cyklZyciaOd><sln:gmIIPId>df509483-12fe-4c71-99f0-b0c8b9403a9d</sln:gmIIPId><sln:gmIIPPn>PL.PZGIK.200</sln:gmIIPPn><sln:gmIIPWersja>2012-09-26T22:45:54+02:00</sln:gmIIPWersja><sln:gmIdTeryt>2211062</sln:gmIdTeryt><sln:gmNazwa>Krokowa</sln:gmNazwa><sln:miejscIIPId>f1b1a074-4ac0-48ba-afcc-b16534d9ea16</sln:miejscIIPId><sln:miejscIIPPn>PL.PZGIK.200</sln:miejscIIPPn><sln:miejscIIPWersja>2016-11-24T13:47:12+02:00</sln:miejscIIPWersja><sln:miejscIdTeryt>0165250</sln:miejscIdTeryt><sln:miejscNazwa>Myśliwka</sln:miejscNazwa><sln:miejscRodzaj>Inny obiekt</sln:miejscRodzaj><sln:powIIPId>9d05c08b-4dda-4103-8a71-b6d57a91275b</sln:powIIPId><sln:powIIPPn>PL.PZGIK.200</sln:powIIPPn><sln:powIIPWersja>2012-09-27T09:33:51+02:00</sln:powIIPWersja><sln:powIdTeryt>2211</sln:powIdTeryt><sln:powNazwa>pucki</sln:powNazwa><sln:wojIIPId>ece93e09-0215-42f3-8067-be0649f58d46</sln:wojIIPId><sln:wojIIPPn>PL.PZGIK.200</sln:wojIIPPn><sln:wojIIPWersja>2012-09-27T13:45:13+02:00</sln:wojIIPWersja><sln:wojIdTeryt>22</sln:wojIdTeryt><sln:wojNazwa>pomorskie</sln:wojNazwa></sln:miejscowosc><sln:miejscowosc><sln:cyklZyciaOd>2014-11-27T00:00:00+01:00</sln:cyklZyciaOd><sln:gmIIPId>df509483-12fe-4c71-99f0-b0c8b9403a9d</sln:gmIIPId><sln:gmIIPPn>PL.PZGIK.200</sln:gmIIPPn><sln:gmIIPWersja>2012-09-26T22:45:54+02:00</sln:gmIIPWersja><sln:gmIdTeryt>2211062</sln:gmIdTeryt><sln:gmNazwa>Krokowa</sln:gmNazwa><sln:miejscIIPId>a2898ff9-a8e5-4e02-892a-93e69f3e5cd3</sln:miejscIIPId><sln:miejscIIPPn>PL.PZGIK.200</sln:miejscIIPPn><sln:miejscIIPWersja>2016-11-24T13:48:27+02:00</sln:miejscIIPWersja><sln:miejscIdTeryt>0165356</sln:miejscIdTeryt><sln:miejscNazwa>Zielony Dwór</sln:miejscNazwa><sln:miejscRodzaj>Osada</sln:miejscRodzaj><sln:powIIPId>9d05c08b-4dda-4103-8a71-b6d57a91275b</sln:powIIPId><sln:powIIPPn>PL.PZGIK.200</sln:powIIPPn><sln:powIIPWersja>2012-09-27T09:33:51+02:00</sln:powIIPWersja><sln:powIdTeryt>2211</sln:powIdTeryt><sln:powNazwa>pucki</sln:powNazwa><sln:wojIIPId>ece93e09-0215-42f3-8067-be0649f58d46</sln:wojIIPId><sln:wojIIPPn>PL.PZGIK.200</sln:wojIIPPn><sln:wojIIPWersja>2012-09-27T13:45:13+02:00</sln:wojIIPWersja><sln:wojIdTeryt>22</sln:wojIdTeryt><sln:wojNazwa>pomorskie</sln:wojNazwa></sln:miejscowosc><sln:miejscowosc><sln:cyklZyciaOd>2014-11-27T00:00:00+01:00</sln:cyklZyciaOd><sln:gmIIPId>df509483-12fe-4c71-99f0-b0c8b9403a9d</sln:gmIIPId><sln:gmIIPPn>PL.PZGIK.200</sln:gmIIPPn><sln:gmIIPWersja>2012-09-26T22:45:54+02:00</sln:gmIIPWersja><sln:gmIdTeryt>2211062</sln:gmIdTeryt><sln:gmNazwa>Krokowa</sln:gmNazwa><sln:miejscIIPId>43444a14-5852-4692-be23-35cac2fe0d31</sln:miejscIIPId><sln:miejscIIPPn>PL.PZGIK.200</sln:miejscIIPPn><sln:miejscIIPWersja>2016-11-24T13:47:12+02:00</sln:miejscIIPWersja><sln:miejscIdTeryt>0990209</sln:miejscIdTeryt><sln:miejscNazwa>Kartoszyno</sln:miejscNazwa><sln:miejscRodzaj>Wieś</sln:miejscRodzaj><sln:powIIPId>9d05c08b-4dda-4103-8a71-b6d57a91275b</sln:powIIPId><sln:powIIPPn>PL.PZGIK.200</sln:powIIPPn><sln:powIIPWersja>2012-09-27T09:33:51+02:00</sln:powIIPWersja><sln:powIdTeryt>2211</sln:powIdTeryt><sln:powNazwa>pucki</sln:powNazwa><sln:wojIIPId>ece93e09-0215-42f3-8067-be0649f58d46</sln:wojIIPId><sln:wojIIPPn>PL.PZGIK.200</sln:wojIIPPn><sln:wojIIPWersja>2012-09-27T13:45:13+02:00</sln:wojIIPWersja><sln:wojIdTeryt>22</sln:wojIdTeryt><sln:wojNazwa>pomorskie</sln:wojNazwa></sln:miejscowosc><sln:miejscowosc><sln:cyklZyciaOd>2014-11-27T00:00:00+01:00</sln:cyklZyciaOd><sln:gmIIPId>df509483-12fe-4c71-99f0-b0c8b9403a9d</sln:gmIIPId><sln:gmIIPPn>PL.PZGIK.200</sln:gmIIPPn><sln:gmIIPWersja>2012-09-26T22:45:54+02:00</sln:gmIIPWersja><sln:gmIdTeryt>2211062</sln:gmIdTeryt><sln:gmNazwa>Krokowa</sln:gmNazwa><sln:miejscIIPId>bf20f280-f2be-4fb9-bb72-ab2df3620b00</sln:miejscIIPId><sln:miejscIIPPn>PL.PZGIK.200</sln:miejscIIPPn><sln:miejscIIPWersja>2016-11-24T13:48:27+02:00</sln:miejscIIPWersja><sln:miejscIdTeryt>0165310</sln:miejscIdTeryt><sln:miejscNazwa>Czechy</sln:miejscNazwa><sln:miejscRodzaj>Kolonia</sln:miejscRodzaj><sln:powIIPId>9d05c08b-4dda-4103-8a71-b6d57a91275b</sln:powIIPId><sln:powIIPPn>PL.PZGIK.200</sln:powIIPPn><sln:powIIPWersja>2012-09-27T09:33:51+02:00</sln:powIIPWersja><sln:powIdTeryt>2211</sln:powIdTeryt><sln:powNazwa>pucki</sln:powNazwa><sln:wojIIPId>ece93e09-0215-42f3-8067-be0649f58d46</sln:wojIIPId><sln:wojIIPPn>PL.PZGIK.200</sln:wojIIPPn><sln:wojIIPWersja>2012-09-27T13:45:13+02:00</sln:wojIIPWersja><sln:wojIdTeryt>22</sln:wojIdTeryt><sln:wojNazwa>pomorskie</sln:wojNazwa></sln:miejscowosc><sln:miejscowosc><sln:cyklZyciaOd>2014-11-27T00:00:00+01:00</sln:cyklZyciaOd><sln:gmIIPId>df509483-12fe-4c71-99f0-b0c8b9403a9d</sln:gmIIPId><sln:gmIIPPn>PL.PZGIK.200</sln:gmIIPPn><sln:gmIIPWersja>2012-09-26T22:45:54+02:00</sln:gmIIPWersja><sln:gmIdTeryt>2211062</sln:gmIdTeryt><sln:gmNazwa>Krokowa</sln:gmNazwa><sln:miejscIIPId>bb13dc99-b993-49b6-bcae-279f950dca62</sln:miejscIIPId><sln:miejscIIPPn>PL.PZGIK.200</sln:miejscIIPPn><sln:miejscIIPWersja>2016-11-24T13:41:16+02:00</sln:miejscIIPWersja><sln:miejscIdTeryt>0165149</sln:miejscIdTeryt><sln:miejscNazwa>Lubkowo</sln:miejscNazwa><sln:miejscRodzaj>Wieś</sln:miejscRodzaj><sln:powIIPId>9d05c08b-4dda-4103-8a71-b6d57a91275b</sln:powIIPId><sln:powIIPPn>PL.PZGIK.200</sln:powIIPPn><sln:powIIPWersja>2012-09-27T09:33:51+02:00</sln:powIIPWersja><sln:powIdTeryt>2211</sln:powIdTeryt><sln:powNazwa>pucki</sln:powNazwa><sln:wojIIPId>ece93e09-0215-42f3-8067-be0649f58d46</sln:wojIIPId><sln:wojIIPPn>PL.PZGIK.200</sln:wojIIPPn><sln:wojIIPWersja>2012-09-27T13:45:13+02:00</sln:wojIIPWersja><sln:wojIdTeryt>22</sln:wojIdTeryt><sln:wojNazwa>pomorskie</sln:wojNazwa></sln:miejscowosc><sln:miejscowosc><sln:cyklZyciaOd>2014-11-27T00:00:00+01:00</sln:cyklZyciaOd><sln:gmIIPId>df509483-12fe-4c71-99f0-b0c8b9403a9d</sln:gmIIPId><sln:gmIIPPn>PL.PZGIK.200</sln:gmIIPPn><sln:gmIIPWersja>2012-09-26T22:45:54+02:00</sln:gmIIPWersja><sln:gmIdTeryt>2211062</sln:gmIdTeryt><sln:gmNazwa>Krokowa</sln:gmNazwa><sln:miejscIIPId>73efe657-6625-4161-92c0-80ce163ec7d0</sln:miejscIIPId><sln:miejscIIPPn>PL.PZGIK.200</sln:miejscIIPPn><sln:miejscIIPWersja>2016-11-24T13:34:59+02:00</sln:miejscIIPWersja><sln:miejscIdTeryt>0165385</sln:miejscIdTeryt><sln:miejscNazwa>Żarnowiec</sln:miejscNazwa><sln:miejscRodzaj>Wieś</sln:miejscRodzaj><sln:powIIPId>9d05c08b-4dda-4103-8a71-b6d57a91275b</sln:powIIPId><sln:powIIPPn>PL.PZGIK.200</sln:powIIPPn><sln:powIIPWersja>2012-09-27T09:33:51+02:00</sln:powIIPWersja><sln:powIdTeryt>2211</sln:powIdTeryt><sln:powNazwa>pucki</sln:powNazwa><sln:wojIIPId>ece93e09-0215-42f3-8067-be0649f58d46</sln:wojIIPId><sln:wojIIPPn>PL.PZGIK.200</sln:wojIIPPn><sln:wojIIPWersja>2012-09-27T13:45:13+02:00</sln:wojIIPWersja><sln:wojIdTeryt>22</sln:wojIdTeryt><sln:wojNazwa>pomorskie</sln:wojNazwa></sln:miejscowosc><sln:miejscowosc><sln:cyklZyciaOd>2014-11-27T00:00:00+01:00</sln:cyklZyciaOd><sln:gmIIPId>df509483-12fe-4c71-99f0-b0c8b9403a9d</sln:gmIIPId><sln:gmIIPPn>PL.PZGIK.200</sln:gmIIPPn><sln:gmIIPWersja>2012-09-26T22:45:54+02:00</sln:gmIIPWersja><sln:gmIdTeryt>2211062</sln:gmIdTeryt><sln:gmNazwa>Krokowa</sln:gmNazwa><sln:miejscIIPId>d8bb6994-6bb8-43ca-8fa1-9cf1b78e7e3e</sln:miejscIIPId><sln:miejscIIPPn>PL.PZGIK.200</sln:miejscIIPPn><sln:miejscIIPWersja>2016-11-24T13:48:27+02:00</sln:miejscIIPWersja><sln:miejscIdTeryt>0165304</sln:miejscIdTeryt><sln:miejscNazwa>Sapała</sln:miejscNazwa><sln:miejscRodzaj>Inny obiekt</sln:miejscRodzaj><sln:powIIPId>9d05c08b-4dda-4103-8a71-b6d57a91275b</sln:powIIPId><sln:powIIPPn>PL.PZGIK.200</sln:powIIPPn><sln:powIIPWersja>2012-09-27T09:33:51+02:00</sln:powIIPWersja><sln:powIdTeryt>2211</sln:powIdTeryt><sln:powNazwa>pucki</sln:powNazwa><sln:wojIIPId>ece93e09-0215-42f3-8067-be0649f58d46</sln:wojIIPId><sln:wojIIPPn>PL.PZGIK.200</sln:wojIIPPn><sln:wojIIPWersja>2012-09-27T13:45:13+02:00</sln:wojIIPWersja><sln:wojIdTeryt>22</sln:wojIdTeryt><sln:wojNazwa>pomorskie</sln:wojNazwa></sln:miejscowosc><sln:miejscowosc><sln:cyklZyciaOd>2014-11-27T00:00:00+01:00</sln:cyklZyciaOd><sln:gmIIPId>df509483-12fe-4c71-99f0-b0c8b9403a9d</sln:gmIIPId><sln:gmIIPPn>PL.PZGIK.200</sln:gmIIPPn><sln:gmIIPWersja>2012-09-26T22:45:54+02:00</sln:gmIIPWersja><sln:gmIdTeryt>2211062</sln:gmIdTeryt><sln:gmNazwa>Krokowa</sln:gmNazwa><sln:miejscIIPId>83baec2f-d110-467c-905d-a76d455910d9</sln:miejscIIPId><sln:miejscIIPPn>PL.PZGIK.200</sln:miejscIIPPn><sln:miejscIIPWersja>2016-11-24T13:48:27+02:00</sln:miejscIIPWersja><sln:miejscIdTeryt>0165340</sln:miejscIdTeryt><sln:miejscNazwa>Robakowski Młyn</sln:miejscNazwa><sln:miejscRodzaj>Osada</sln:miejscRodzaj><sln:powIIPId>9d05c08b-4dda-4103-8a71-b6d57a91275b</sln:powIIPId><sln:powIIPPn>PL.PZGIK.200</sln:powIIPPn><sln:powIIPWersja>2012-09-27T09:33:51+02:00</sln:powIIPWersja><sln:powIdTeryt>2211</sln:powIdTeryt><sln:powNazwa>pucki</sln:powNazwa><sln:wojIIPId>ece93e09-0215-42f3-8067-be0649f58d46</sln:wojIIPId><sln:wojIIPPn>PL.PZGIK.200</sln:wojIIPPn><sln:wojIIPWersja>2012-09-27T13:45:13+02:00</sln:wojIIPWersja><sln:wojIdTeryt>22</sln:wojIdTeryt><sln:wojNazwa>pomorskie</sln:wojNazwa></sln:miejscowosc><sln:miejscowosc><sln:cyklZyciaOd>2014-11-27T00:00:00+01:00</sln:cyklZyciaOd><sln:gmIIPId>df509483-12fe-4c71-99f0-b0c8b9403a9d</sln:gmIIPId><sln:gmIIPPn>PL.PZGIK.200</sln:gmIIPPn><sln:gmIIPWersja>2012-09-26T22:45:54+02:00</sln:gmIIPWersja><sln:gmIdTeryt>2211062</sln:gmIdTeryt><sln:gmNazwa>Krokowa</sln:gmNazwa><sln:miejscIIPId>2ab55d2e-e394-482b-9c82-2f1aeb9e3a43</sln:miejscIIPId><sln:miejscIIPPn>PL.PZGIK.200</sln:miejscIIPPn><sln:miejscIIPWersja>2016-11-24T13:51:17+02:00</sln:miejscIIPWersja><sln:miejscIdTeryt>0165391</sln:miejscIdTeryt><sln:miejscNazwa>Dębki</sln:miejscNazwa><sln:miejscRodzaj>Osada</sln:miejscRodzaj><sln:powIIPId>9d05c08b-4dda-4103-8a71-b6d57a91275b</sln:powIIPId><sln:powIIPPn>PL.PZGIK.200</sln:powIIPPn><sln:powIIPWersja>2012-09-27T09:33:51+02:00</sln:powIIPWersja><sln:powIdTeryt>2211</sln:powIdTeryt><sln:powNazwa>pucki</sln:powNazwa><sln:waznyOd>2013-01-09T00:00:00+01:00</sln:waznyOd><sln:wojIIPId>ece93e09-0215-42f3-8067-be0649f58d46</sln:wojIIPId><sln:wojIIPPn>PL.PZGIK.200</sln:wojIIPPn><sln:wojIIPWersja>2012-09-27T13:45:13+02:00</sln:wojIIPWersja><sln:wojIdTeryt>22</sln:wojIdTeryt><sln:wojNazwa>pomorskie</sln:wojNazwa></sln:miejscowosc><sln:miejscowosc><sln:cyklZyciaOd>2014-11-27T00:00:00+01:00</sln:cyklZyciaOd><sln:gmIIPId>df509483-12fe-4c71-99f0-b0c8b9403a9d</sln:gmIIPId><sln:gmIIPPn>PL.PZGIK.200</sln:gmIIPPn><sln:gmIIPWersja>2012-09-26T22:45:54+02:00</sln:gmIIPWersja><sln:gmIdTeryt>2211062</sln:gmIdTeryt><sln:gmNazwa>Krokowa</sln:gmNazwa><sln:miejscIIPId>7bb535e6-e7b0-4318-a7dd-9d48a36b0a06</sln:miejscIIPId><sln:miejscIIPPn>PL.PZGIK.200</sln:miejscIIPPn><sln:miejscIIPWersja>2016-11-24T13:37:36+02:00</sln:miejscIIPWersja><sln:miejscIdTeryt>0165008</sln:miejscIdTeryt><sln:miejscNazwa>Goszczyno</sln:miejscNazwa><sln:miejscRodzaj>Wieś</sln:miejscRodzaj><sln:powIIPId>9d05c08b-4dda-4103-8a71-b6d57a91275b</sln:powIIPId><sln:powIIPPn>PL.PZGIK.200</sln:powIIPPn><sln:powIIPWersja>2012-09-27T09:33:51+02:00</sln:powIIPWersja><sln:powIdTeryt>2211</sln:powIdTeryt><sln:powNazwa>pucki</sln:powNazwa><sln:wojIIPId>ece93e09-0215-42f3-8067-be0649f58d46</sln:wojIIPId><sln:wojIIPPn>PL.PZGIK.200</sln:wojIIPPn><sln:wojIIPWersja>2012-09-27T13:45:13+02:00</sln:wojIIPWersja><sln:wojIdTeryt>22</sln:wojIdTeryt><sln:wojNazwa>pomorskie</sln:wojNazwa></sln:miejscowosc><sln:miejscowosc><sln:cyklZyciaOd>2014-11-27T00:00:00+01:00</sln:cyklZyciaOd><sln:gmIIPId>df509483-12fe-4c71-99f0-b0c8b9403a9d</sln:gmIIPId><sln:gmIIPPn>PL.PZGIK.200</sln:gmIIPPn><sln:gmIIPWersja>2012-09-26T22:45:54+02:00</sln:gmIIPWersja><sln:gmIdTeryt>2211062</sln:gmIdTeryt><sln:gmNazwa>Krokowa</sln:gmNazwa><sln:miejscIIPId>e91e8708-4b08-4d5a-a9b3-59b7e79015b8</sln:miejscIIPId><sln:miejscIIPPn>PL.PZGIK.200</sln:miejscIIPPn><sln:miejscIIPWersja>2016-11-24T13:44:24+02:00</sln:miejscIIPWersja><sln:miejscIdTeryt>0165178</sln:miejscIdTeryt><sln:miejscNazwa>Parszczyce</sln:miejscNazwa><sln:miejscRodzaj>Wieś</sln:miejscRodzaj><sln:powIIPId>9d05c08b-4dda-4103-8a71-b6d57a91275b</sln:powIIPId><sln:powIIPPn>PL.PZGIK.200</sln:powIIPPn><sln:powIIPWersja>2012-09-27T09:33:51+02:00</sln:powIIPWersja><sln:powIdTeryt>2211</sln:powIdTeryt><sln:powNazwa>pucki</sln:powNazwa><sln:wojIIPId>ece93e09-0215-42f3-8067-be0649f58d46</sln:wojIIPId><sln:wojIIPPn>PL.PZGIK.200</sln:wojIIPPn><sln:wojIIPWersja>2012-09-27T13:45:13+02:00</sln:wojIIPWersja><sln:wojIdTeryt>22</sln:wojIdTeryt><sln:wojNazwa>pomorskie</sln:wojNazwa></sln:miejscowosc><sln:miejscowosc><sln:cyklZyciaOd>2014-11-27T00:00:00+01:00</sln:cyklZyciaOd><sln:gmIIPId>df509483-12fe-4c71-99f0-b0c8b9403a9d</sln:gmIIPId><sln:gmIIPPn>PL.PZGIK.200</sln:gmIIPPn><sln:gmIIPWersja>2012-09-26T22:45:54+02:00</sln:gmIIPWersja><sln:gmIdTeryt>2211062</sln:gmIdTeryt><sln:gmNazwa>Krokowa</sln:gmNazwa><sln:miejscIIPId>d005e331-a442-46a7-9e05-d5e4d58fdd87</sln:miejscIIPId><sln:miejscIIPPn>PL.PZGIK.200</sln:miejscIIPPn><sln:miejscIIPWersja>2016-11-24T13:40:18+02:00</sln:miejscIIPWersja><sln:miejscIdTeryt>0165110</sln:miejscIdTeryt><sln:miejscNazwa>Krokowa</sln:miejscNazwa><sln:miejscRodzaj>Wieś</sln:miejscRodzaj><sln:powIIPId>9d05c08b-4dda-4103-8a71-b6d57a91275b</sln:powIIPId><sln:powIIPPn>PL.PZGIK.200</sln:powIIPPn><sln:powIIPWersja>2012-09-27T09:33:51+02:00</sln:powIIPWersja><sln:powIdTeryt>2211</sln:powIdTeryt><sln:powNazwa>pucki</sln:powNazwa><sln:wojIIPId>ece93e09-0215-42f3-8067-be0649f58d46</sln:wojIIPId><sln:wojIIPPn>PL.PZGIK.200</sln:wojIIPPn><sln:wojIIPWersja>2012-09-27T13:45:13+02:00</sln:wojIIPWersja><sln:wojIdTeryt>22</sln:wojIdTeryt><sln:wojNazwa>pomorskie</sln:wojNazwa></sln:miejscowosc><sln:miejscowosc><sln:cyklZyciaOd>2014-11-27T00:00:00+01:00</sln:cyklZyciaOd><sln:gmIIPId>df509483-12fe-4c71-99f0-b0c8b9403a9d</sln:gmIIPId><sln:gmIIPPn>PL.PZGIK.200</sln:gmIIPPn><sln:gmIIPWersja>2012-09-26T22:45:54+02:00</sln:gmIIPWersja><sln:gmIdTeryt>2211062</sln:gmIdTeryt><sln:gmNazwa>Krokowa</sln:gmNazwa><sln:miejscIIPId>d2ec86c5-c406-4b28-9f99-01387bed3de1</sln:miejscIIPId><sln:miejscIIPPn>PL.PZGIK.200</sln:miejscIIPPn><sln:miejscIIPWersja>2016-11-24T13:58:52+02:00</sln:miejscIIPWersja><sln:miejscIdTeryt>0165190</sln:miejscIdTeryt><sln:miejscNazwa>Pustki</sln:miejscNazwa><sln:miejscRodzaj>Inny obiekt</sln:miejscRodzaj><sln:powIIPId>9d05c08b-4dda-4103-8a71-b6d57a91275b</sln:powIIPId><sln:powIIPPn>PL.PZGIK.200</sln:powIIPPn><sln:powIIPWersja>2012-09-27T09:33:51+02:00</sln:powIIPWersja><sln:powIdTeryt>2211</sln:powIdTeryt><sln:powNazwa>pucki</sln:powNazwa><sln:wojIIPId>ece93e09-0215-42f3-8067-be0649f58d46</sln:wojIIPId><sln:wojIIPPn>PL.PZGIK.200</sln:wojIIPPn><sln:wojIIPWersja>2012-09-27T13:45:13+02:00</sln:wojIIPWersja><sln:wojIdTeryt>22</sln:wojIdTeryt><sln:wojNazwa>pomorskie</sln:wojNazwa></sln:miejscowosc><sln:miejscowosc><sln:cyklZyciaOd>2014-11-27T00:00:00+01:00</sln:cyklZyciaOd><sln:gmIIPId>df509483-12fe-4c71-99f0-b0c8b9403a9d</sln:gmIIPId><sln:gmIIPPn>PL.PZGIK.200</sln:gmIIPPn><sln:gmIIPWersja>2012-09-26T22:45:54+02:00</sln:gmIIPWersja><sln:gmIdTeryt>2211062</sln:gmIdTeryt><sln:gmNazwa>Krokowa</sln:gmNazwa><sln:miejscIIPId>4e22eaa1-4b6e-4d50-abfc-66e09a894ab4</sln:miejscIIPId><sln:miejscIIPPn>PL.PZGIK.200</sln:miejscIIPPn><sln:miejscIIPWersja>2016-11-24T13:43:45+02:00</sln:miejscIIPWersja><sln:miejscIdTeryt>3016646</sln:miejscIdTeryt><sln:miejscNazwa>Kolonia Odargowo</sln:miejscNazwa><sln:miejscRodzaj>Inny obiekt</sln:miejscRodzaj><sln:powIIPId>9d05c08b-4dda-4103-8a71-b6d57a91275b</sln:powIIPId><sln:powIIPPn>PL.PZGIK.200</sln:powIIPPn><sln:powIIPWersja>2012-09-27T09:33:51+02:00</sln:powIIPWersja><sln:powIdTeryt>2211</sln:powIdTeryt><sln:powNazwa>pucki</sln:powNazwa><sln:wojIIPId>ece93e09-0215-42f3-8067-be0649f58d46</sln:wojIIPId><sln:wojIIPPn>PL.PZGIK.200</sln:wojIIPPn><sln:wojIIPWersja>2012-09-27T13:45:13+02:00</sln:wojIIPWersja><sln:wojIdTeryt>22</sln:wojIdTeryt><sln:wojNazwa>pomorskie</sln:wojNazwa></sln:miejscowosc><sln:miejscowosc><sln:cyklZyciaOd>2014-11-27T00:00:00+01:00</sln:cyklZyciaOd><sln:gmIIPId>df509483-12fe-4c71-99f0-b0c8b9403a9d</sln:gmIIPId><sln:gmIIPPn>PL.PZGIK.200</sln:gmIIPPn><sln:gmIIPWersja>2012-09-26T22:45:54+02:00</sln:gmIIPWersja><sln:gmIdTeryt>2211062</sln:gmIdTeryt><sln:gmNazwa>Krokowa</sln:gmNazwa><sln:miejscIIPId>1e9c9101-6b87-4a32-8a44-db5feca69509</sln:miejscIIPId><sln:miejscIIPPn>PL.PZGIK.200</sln:miejscIIPPn><sln:miejscIIPWersja>2016-11-24T13:43:45+02:00</sln:miejscIIPWersja><sln:miejscIdTeryt>0165184</sln:miejscIdTeryt><sln:miejscNazwa>Odargowo</sln:miejscNazwa><sln:miejscRodzaj>Wieś</sln:miejscRodzaj><sln:powIIPId>9d05c08b-4dda-4103-8a71-b6d57a91275b</sln:powIIPId><sln:powIIPPn>PL.PZGIK.200</sln:powIIPPn><sln:powIIPWersja>2012-09-27T09:33:51+02:00</sln:powIIPWersja><sln:powIdTeryt>2211</sln:powIdTeryt><sln:powNazwa>pucki</sln:powNazwa><sln:wojIIPId>ece93e09-0215-42f3-8067-be0649f58d46</sln:wojIIPId><sln:wojIIPPn>PL.PZGIK.200</sln:wojIIPPn><sln:wojIIPWersja>2012-09-27T13:45:13+02:00</sln:wojIIPWersja><sln:wojIdTeryt>22</sln:wojIdTeryt><sln:wojNazwa>pomorskie</sln:wojNazwa></sln:miejscowosc><sln:miejscowosc><sln:cyklZyciaOd>2014-11-27T00:00:00+01:00</sln:cyklZyciaOd><sln:gmIIPId>df509483-12fe-4c71-99f0-b0c8b9403a9d</sln:gmIIPId><sln:gmIIPPn>PL.PZGIK.200</sln:gmIIPPn><sln:gmIIPWersja>2012-09-26T22:45:54+02:00</sln:gmIIPWersja><sln:gmIdTeryt>2211062</sln:gmIdTeryt><sln:gmNazwa>Krokowa</sln:gmNazwa><sln:miejscIIPId>cde83686-5384-4905-96a4-88815507944b</sln:miejscIIPId><sln:miejscIIPPn>PL.PZGIK.200</sln:miejscIIPPn><sln:miejscIIPWersja>2016-11-24T13:33:54+02:00</sln:miejscIIPWersja><sln:miejscIdTeryt>3007892</sln:miejscIdTeryt><sln:miejscNazwa>Wybudowania Jeldzino</sln:miejscNazwa><sln:miejscRodzaj>Inny obiekt</sln:miejscRodzaj><sln:powIIPId>9d05c08b-4dda-4103-8a71-b6d57a91275b</sln:powIIPId><sln:powIIPPn>PL.PZGIK.200</sln:powIIPPn><sln:powIIPWersja>2012-09-27T09:33:51+02:00</sln:powIIPWersja><sln:powIdTeryt>2211</sln:powIdTeryt><sln:powNazwa>pucki</sln:powNazwa><sln:wojIIPId>ece93e09-0215-42f3-8067-be0649f58d46</sln:wojIIPId><sln:wojIIPPn>PL.PZGIK.200</sln:wojIIPPn><sln:wojIIPWersja>2012-09-27T13:45:13+02:00</sln:wojIIPWersja><sln:wojIdTeryt>22</sln:wojIdTeryt><sln:wojNazwa>pomorskie</sln:wojNazwa></sln:miejscowosc><sln:miejscowosc><sln:cyklZyciaOd>2014-11-27T00:00:00+01:00</sln:cyklZyciaOd><sln:gmIIPId>df509483-12fe-4c71-99f0-b0c8b9403a9d</sln:gmIIPId><sln:gmIIPPn>PL.PZGIK.200</sln:gmIIPPn><sln:gmIIPWersja>2012-09-26T22:45:54+02:00</sln:gmIIPWersja><sln:gmIdTeryt>2211062</sln:gmIdTeryt><sln:gmNazwa>Krokowa</sln:gmNazwa><sln:miejscIIPId>84ca58a9-f624-4d0f-b509-184f69c75be9</sln:miejscIIPId><sln:miejscIIPPn>PL.PZGIK.200</sln:miejscIIPPn><sln:miejscIIPWersja>2016-11-24T13:33:54+02:00</sln:miejscIIPWersja><sln:miejscIdTeryt>3007895</sln:miejscIdTeryt><sln:miejscNazwa>Wybudowania Krokowa</sln:miejscNazwa><sln:miejscRodzaj>Inny obiekt</sln:miejscRodzaj><sln:powIIPId>9d05c08b-4dda-4103-8a71-b6d57a91275b</sln:powIIPId><sln:powIIPPn>PL.PZGIK.200</sln:powIIPPn><sln:powIIPWersja>2012-09-27T09:33:51+02:00</sln:powIIPWersja><sln:powIdTeryt>2211</sln:powIdTeryt><sln:powNazwa>pucki</sln:powNazwa><sln:wojIIPId>ece93e09-0215-42f3-8067-be0649f58d46</sln:wojIIPId><sln:wojIIPPn>PL.PZGIK.200</sln:wojIIPPn><sln:wojIIPWersja>2012-09-27T13:45:13+02:00</sln:wojIIPWersja><sln:wojIdTeryt>22</sln:wojIdTeryt><sln:wojNazwa>pomorskie</sln:wojNazwa></sln:miejscowosc><sln:miejscowosc><sln:cyklZyciaOd>2014-11-27T00:00:00+01:00</sln:cyklZyciaOd><sln:gmIIPId>df509483-12fe-4c71-99f0-b0c8b9403a9d</sln:gmIIPId><sln:gmIIPPn>PL.PZGIK.200</sln:gmIIPPn><sln:gmIIPWersja>2012-09-26T22:45:54+02:00</sln:gmIIPWersja><sln:gmIdTeryt>2211062</sln:gmIdTeryt><sln:gmNazwa>Krokowa</sln:gmNazwa><sln:miejscIIPId>44ab2cea-d528-4104-b4d1-3c02171f6c6b</sln:miejscIIPId><sln:miejscIIPPn>PL.PZGIK.200</sln:miejscIIPPn><sln:miejscIIPWersja>2016-11-24T13:32:40+02:00</sln:miejscIIPWersja><sln:miejscIdTeryt>0165362</sln:miejscIdTeryt><sln:miejscNazwa>Tyłowo</sln:miejscNazwa><sln:miejscRodzaj>Wieś</sln:miejscRodzaj><sln:powIIPId>9d05c08b-4dda-4103-8a71-b6d57a91275b</sln:powIIPId><sln:powIIPPn>PL.PZGIK.200</sln:powIIPPn><sln:powIIPWersja>2012-09-27T09:33:51+02:00</sln:powIIPWersja><sln:powIdTeryt>2211</sln:powIdTeryt><sln:powNazwa>pucki</sln:powNazwa><sln:wojIIPId>ece93e09-0215-42f3-8067-be0649f58d46</sln:wojIIPId><sln:wojIIPPn>PL.PZGIK.200</sln:wojIIPPn><sln:wojIIPWersja>2012-09-27T13:45:13+02:00</sln:wojIIPWersja><sln:wojIdTeryt>22</sln:wojIdTeryt><sln:wojNazwa>pomorskie</sln:wojNazwa></sln:miejscowosc><sln:miejscowosc><sln:cyklZyciaOd>2014-11-27T00:00:00+01:00</sln:cyklZyciaOd><sln:gmIIPId>df509483-12fe-4c71-99f0-b0c8b9403a9d</sln:gmIIPId><sln:gmIIPPn>PL.PZGIK.200</sln:gmIIPPn><sln:gmIIPWersja>2012-09-26T22:45:54+02:00</sln:gmIIPWersja><sln:gmIdTeryt>2211062</sln:gmIdTeryt><sln:gmNazwa>Krokowa</sln:gmNazwa><sln:miejscIIPId>99d139fe-40e7-46fe-a657-c56159918a09</sln:miejscIIPId><sln:miejscIIPPn>PL.PZGIK.200</sln:miejscIIPPn><sln:miejscIIPWersja>2016-11-24T13:33:54+02:00</sln:miejscIIPWersja><sln:miejscIdTeryt>3007894</sln:miejscIdTeryt><sln:miejscNazwa>Wybudowania Kłanina</sln:miejscNazwa><sln:miejscRodzaj>Inny obiekt</sln:miejscRodzaj><sln:powIIPId>9d05c08b-4dda-4103-8a71-b6d57a91275b</sln:powIIPId><sln:powIIPPn>PL.PZGIK.200</sln:powIIPPn><sln:powIIPWersja>2012-09-27T09:33:51+02:00</sln:powIIPWersja><sln:powIdTeryt>2211</sln:powIdTeryt><sln:powNazwa>pucki</sln:powNazwa><sln:wojIIPId>ece93e09-0215-42f3-8067-be0649f58d46</sln:wojIIPId><sln:wojIIPPn>PL.PZGIK.200</sln:wojIIPPn><sln:wojIIPWersja>2012-09-27T13:45:13+02:00</sln:wojIIPWersja><sln:wojIdTeryt>22</sln:wojIdTeryt><sln:wojNazwa>pomorskie</sln:wojNazwa></sln:miejscowosc><sln:miejscowosc><sln:cyklZyciaOd>2014-11-27T00:00:00+01:00</sln:cyklZyciaOd><sln:gmIIPId>df509483-12fe-4c71-99f0-b0c8b9403a9d</sln:gmIIPId><sln:gmIIPPn>PL.PZGIK.200</sln:gmIIPPn><sln:gmIIPWersja>2012-09-26T22:45:54+02:00</sln:gmIIPWersja><sln:gmIdTeryt>2211062</sln:gmIdTeryt><sln:gmNazwa>Krokowa</sln:gmNazwa><sln:miejscIIPId>26e1448b-5b82-44f6-9e6b-812b684f8af3</sln:miejscIIPId><sln:miejscIIPPn>PL.PZGIK.200</sln:miejscIIPPn><sln:miejscIIPWersja>2016-11-24T13:33:54+02:00</sln:miejscIIPWersja><sln:miejscIdTeryt>3007896</sln:miejscIdTeryt><sln:miejscNazwa>Wybudowania Wierzchucińskie</sln:miejscNazwa><sln:miejscRodzaj>Inny obiekt</sln:miejscRodzaj><sln:powIIPId>9d05c08b-4dda-4103-8a71-b6d57a91275b</sln:powIIPId><sln:powIIPPn>PL.PZGIK.200</sln:powIIPPn><sln:powIIPWersja>2012-09-27T09:33:51+02:00</sln:powIIPWersja><sln:powIdTeryt>2211</sln:powIdTeryt><sln:powNazwa>pucki</sln:powNazwa><sln:wojIIPId>ece93e09-0215-42f3-8067-be0649f58d46</sln:wojIIPId><sln:wojIIPPn>PL.PZGIK.200</sln:wojIIPPn><sln:wojIIPWersja>2012-09-27T13:45:13+02:00</sln:wojIIPWersja><sln:wojIdTeryt>22</sln:wojIdTeryt><sln:wojNazwa>pomorskie</sln:wojNazwa></sln:miejscowosc><sln:miejscowosc><sln:cyklZyciaOd>2014-11-27T00:00:00+01:00</sln:cyklZyciaOd><sln:gmIIPId>df509483-12fe-4c71-99f0-b0c8b9403a9d</sln:gmIIPId><sln:gmIIPPn>PL.PZGIK.200</sln:gmIIPPn><sln:gmIIPWersja>2012-09-26T22:45:54+02:00</sln:gmIIPWersja><sln:gmIdTeryt>2211062</sln:gmIdTeryt><sln:gmNazwa>Krokowa</sln:gmNazwa><sln:miejscIIPId>a7a42d24-3a30-47f5-878c-71e4e37ec626</sln:miejscIIPId><sln:miejscIIPPn>PL.PZGIK.200</sln:miejscIIPPn><sln:miejscIIPWersja>2016-11-24T13:30:53+02:00</sln:miejscIIPWersja><sln:miejscIdTeryt>0165244</sln:miejscIdTeryt><sln:miejscNazwa>Sobieńczyce</sln:miejscNazwa><sln:miejscRodzaj>Wieś</sln:miejscRodzaj><sln:powIIPId>9d05c08b-4dda-4103-8a71-b6d57a91275b</sln:powIIPId><sln:powIIPPn>PL.PZGIK.200</sln:powIIPPn><sln:powIIPWersja>2012-09-27T09:33:51+02:00</sln:powIIPWersja><sln:powIdTeryt>2211</sln:powIdTeryt><sln:powNazwa>pucki</sln:powNazwa><sln:wojIIPId>ece93e09-0215-42f3-8067-be0649f58d46</sln:wojIIPId><sln:wojIIPPn>PL.PZGIK.200</sln:wojIIPPn><sln:wojIIPWersja>2012-09-27T13:45:13+02:00</sln:wojIIPWersja><sln:wojIdTeryt>22</sln:wojIdTeryt><sln:wojNazwa>pomorskie</sln:wojNazwa></sln:miejscowosc><sln:miejscowosc><sln:cyklZyciaOd>2014-11-27T00:00:00+01:00</sln:cyklZyciaOd><sln:gmIIPId>df509483-12fe-4c71-99f0-b0c8b9403a9d</sln:gmIIPId><sln:gmIIPPn>PL.PZGIK.200</sln:gmIIPPn><sln:gmIIPWersja>2012-09-26T22:45:54+02:00</sln:gmIIPWersja><sln:gmIdTeryt>2211062</sln:gmIdTeryt><sln:gmNazwa>Krokowa</sln:gmNazwa><sln:miejscIIPId>f1b0a274-2c74-4ae9-b3f1-260330ddf500</sln:miejscIIPId><sln:miejscIIPPn>PL.PZGIK.200</sln:miejscIIPPn><sln:miejscIIPWersja>2016-11-24T13:59:20+02:00</sln:miejscIIPWersja><sln:miejscIdTeryt>0165209</sln:miejscIdTeryt><sln:miejscNazwa>Parszkowo</sln:miejscNazwa><sln:miejscRodzaj>Osada</sln:miejscRodzaj><sln:powIIPId>9d05c08b-4dda-4103-8a71-b6d57a91275b</sln:powIIPId><sln:powIIPPn>PL.PZGIK.200</sln:powIIPPn><sln:powIIPWersja>2012-09-27T09:33:51+02:00</sln:powIIPWersja><sln:powIdTeryt>2211</sln:powIdTeryt><sln:powNazwa>pucki</sln:powNazwa><sln:wojIIPId>ece93e09-0215-42f3-8067-be0649f58d46</sln:wojIIPId><sln:wojIIPPn>PL.PZGIK.200</sln:wojIIPPn><sln:wojIIPWersja>2012-09-27T13:45:13+02:00</sln:wojIIPWersja><sln:wojIdTeryt>22</sln:wojIdTeryt><sln:wojNazwa>pomorskie</sln:wojNazwa></sln:miejscowosc><sln:miejscowosc><sln:cyklZyciaOd>2014-11-27T00:00:00+01:00</sln:cyklZyciaOd><sln:gmIIPId>df509483-12fe-4c71-99f0-b0c8b9403a9d</sln:gmIIPId><sln:gmIIPPn>PL.PZGIK.200</sln:gmIIPPn><sln:gmIIPWersja>2012-09-26T22:45:54+02:00</sln:gmIIPWersja><sln:gmIdTeryt>2211062</sln:gmIdTeryt><sln:gmNazwa>Krokowa</sln:gmNazwa><sln:miejscIIPId>88e0b9fe-989c-42f8-82ee-04ec6871d98d</sln:miejscIIPId><sln:miejscIIPPn>PL.PZGIK.200</sln:miejscIIPPn><sln:miejscIIPWersja>2016-11-24T13:39:15+02:00</sln:miejscIIPWersja><sln:miejscIdTeryt>0165072</sln:miejscIdTeryt><sln:miejscNazwa>Karwieńskie Błoto Drugie</sln:miejscNazwa><sln:miejscRodzaj>Wieś</sln:miejscRodzaj><sln:powIIPId>9d05c08b-4dda-4103-8a71-b6d57a91275b</sln:powIIPId><sln:powIIPPn>PL.PZGIK.200</sln:powIIPPn><sln:powIIPWersja>2012-09-27T09:33:51+02:00</sln:powIIPWersja><sln:powIdTeryt>2211</sln:powIdTeryt><sln:powNazwa>pucki</sln:powNazwa><sln:wojIIPId>ece93e09-0215-42f3-8067-be0649f58d46</sln:wojIIPId><sln:wojIIPPn>PL.PZGIK.200</sln:wojIIPPn><sln:wojIIPWersja>2012-09-27T13:45:13+02:00</sln:wojIIPWersja><sln:wojIdTeryt>22</sln:wojIdTeryt><sln:wojNazwa>pomorskie</sln:wojNazwa></sln:miejscowosc><sln:miejscowosc><sln:cyklZyciaOd>2014-11-27T00:00:00+01:00</sln:cyklZyciaOd><sln:gmIIPId>df509483-12fe-4c71-99f0-b0c8b9403a9d</sln:gmIIPId><sln:gmIIPPn>PL.PZGIK.200</sln:gmIIPPn><sln:gmIIPWersja>2012-09-26T22:45:54+02:00</sln:gmIIPWersja><sln:gmIdTeryt>2211062</sln:gmIdTeryt><sln:gmNazwa>Krokowa</sln:gmNazwa><sln:miejscIIPId>66cbca31-00e7-4d7a-bd6a-c7eb6adb2ad5</sln:miejscIIPId><sln:miejscIIPPn>PL.PZGIK.200</sln:miejscIIPPn><sln:miejscIIPWersja>2016-11-24T13:46:26+02:00</sln:miejscIIPWersja><sln:miejscIdTeryt>0164990</sln:miejscIdTeryt><sln:miejscNazwa>Prusewo</sln:miejscNazwa><sln:miejscRodzaj>Osada</sln:miejscRodzaj><sln:powIIPId>9d05c08b-4dda-4103-8a71-b6d57a91275b</sln:powIIPId><sln:powIIPPn>PL.PZGIK.200</sln:powIIPPn><sln:powIIPWersja>2012-09-27T09:33:51+02:00</sln:powIIPWersja><sln:powIdTeryt>2211</sln:powIdTeryt><sln:powNazwa>pucki</sln:powNazwa><sln:wojIIPId>ece93e09-0215-42f3-8067-be0649f58d46</sln:wojIIPId><sln:wojIIPPn>PL.PZGIK.200</sln:wojIIPPn><sln:wojIIPWersja>2012-09-27T13:45:13+02:00</sln:wojIIPWersja><sln:wojIdTeryt>22</sln:wojIdTeryt><sln:wojNazwa>pomorskie</sln:wojNazwa></sln:miejscowosc><sln:miejscowosc><sln:cyklZyciaOd>2014-11-27T00:00:00+01:00</sln:cyklZyciaOd><sln:gmIIPId>df509483-12fe-4c71-99f0-b0c8b9403a9d</sln:gmIIPId><sln:gmIIPPn>PL.PZGIK.200</sln:gmIIPPn><sln:gmIIPWersja>2012-09-26T22:45:54+02:00</sln:gmIIPWersja><sln:gmIdTeryt>2211062</sln:gmIdTeryt><sln:gmNazwa>Krokowa</sln:gmNazwa><sln:miejscIIPId>83076b62-7b6d-42a0-8746-5343d8587f04</sln:miejscIIPId><sln:miejscIIPPn>PL.PZGIK.200</sln:miejscIIPPn><sln:miejscIIPWersja>2016-11-24T13:45:04+02:00</sln:miejscIIPWersja><sln:miejscIdTeryt>0165215</sln:miejscIdTeryt><sln:miejscNazwa>Połchówko</sln:miejscNazwa><sln:miejscRodzaj>Osada</sln:miejscRodzaj><sln:powIIPId>9d05c08b-4dda-4103-8a71-b6d57a91275b</sln:powIIPId><sln:powIIPPn>PL.PZGIK.200</sln:powIIPPn><sln:powIIPWersja>2012-09-27T09:33:51+02:00</sln:powIIPWersja><sln:powIdTeryt>2211</sln:powIdTeryt><sln:powNazwa>pucki</sln:powNazwa><sln:wojIIPId>ece93e09-0215-42f3-8067-be0649f58d46</sln:wojIIPId><sln:wojIIPPn>PL.PZGIK.200</sln:wojIIPPn><sln:wojIIPWersja>2012-09-27T13:45:13+02:00</sln:wojIIPWersja><sln:wojIdTeryt>22</sln:wojIdTeryt><sln:wojNazwa>pomorskie</sln:wojNazwa></sln:miejscowosc><sln:miejscowosc><sln:cyklZyciaOd>2014-11-27T00:00:00+01:00</sln:cyklZyciaOd><sln:gmIIPId>df509483-12fe-4c71-99f0-b0c8b9403a9d</sln:gmIIPId><sln:gmIIPPn>PL.PZGIK.200</sln:gmIIPPn><sln:gmIIPWersja>2012-09-26T22:45:54+02:00</sln:gmIIPWersja><sln:gmIdTeryt>2211062</sln:gmIdTeryt><sln:gmNazwa>Krokowa</sln:gmNazwa><sln:miejscIIPId>60657660-6fc5-4383-8f3f-263e5356a187</sln:miejscIIPId><sln:miejscIIPPn>PL.PZGIK.200</sln:miejscIIPPn><sln:miejscIIPWersja>2016-11-24T13:55:04+02:00</sln:miejscIIPWersja><sln:miejscIdTeryt>0164977</sln:miejscIdTeryt><sln:miejscNazwa>Górczyn</sln:miejscNazwa><sln:miejscRodzaj>Osada</sln:miejscRodzaj><sln:powIIPId>9d05c08b-4dda-4103-8a71-b6d57a91275b</sln:powIIPId><sln:powIIPPn>PL.PZGIK.200</sln:powIIPPn><sln:powIIPWersja>2012-09-27T09:33:51+02:00</sln:powIIPWersja><sln:powIdTeryt>2211</sln:powIdTeryt><sln:powNazwa>pucki</sln:powNazwa><sln:wojIIPId>ece93e09-0215-42f3-8067-be0649f58d46</sln:wojIIPId><sln:wojIIPPn>PL.PZGIK.200</sln:wojIIPPn><sln:wojIIPWersja>2012-09-27T13:45:13+02:00</sln:wojIIPWersja><sln:wojIdTeryt>22</sln:wojIdTeryt><sln:wojNazwa>pomorskie</sln:wojNazwa></sln:miejscowosc><sln:miejscowosc><sln:cyklZyciaOd>2014-11-27T00:00:00+01:00</sln:cyklZyciaOd><sln:gmIIPId>df509483-12fe-4c71-99f0-b0c8b9403a9d</sln:gmIIPId><sln:gmIIPPn>PL.PZGIK.200</sln:gmIIPPn><sln:gmIIPWersja>2012-09-26T22:45:54+02:00</sln:gmIIPWersja><sln:gmIdTeryt>2211062</sln:gmIdTeryt><sln:gmNazwa>Krokowa</sln:gmNazwa><sln:miejscIIPId>63974304-2b06-4109-830d-cafec7b05f47</sln:miejscIIPId><sln:miejscIIPPn>PL.PZGIK.200</sln:miejscIIPPn><sln:miejscIIPWersja>2016-11-24T13:39:13+02:00</sln:miejscIIPWersja><sln:miejscIdTeryt>0165066</sln:miejscIdTeryt><sln:miejscNazwa>Karlikowo</sln:miejscNazwa><sln:miejscRodzaj>Wieś</sln:miejscRodzaj><sln:powIIPId>9d05c08b-4dda-4103-8a71-b6d57a91275b</sln:powIIPId><sln:powIIPPn>PL.PZGIK.200</sln:powIIPPn><sln:powIIPWersja>2012-09-27T09:33:51+02:00</sln:powIIPWersja><sln:powIdTeryt>2211</sln:powIdTeryt><sln:powNazwa>pucki</sln:powNazwa><sln:wojIIPId>ece93e09-0215-42f3-8067-be0649f58d46</sln:wojIIPId><sln:wojIIPPn>PL.PZGIK.200</sln:wojIIPPn><sln:wojIIPWersja>2012-09-27T13:45:13+02:00</sln:wojIIPWersja><sln:wojIdTeryt>22</sln:wojIdTeryt><sln:wojNazwa>pomorskie</sln:wojNazwa></sln:miejscowosc><sln:miejscowosc><sln:cyklZyciaOd>2014-11-27T00:00:00+01:00</sln:cyklZyciaOd><sln:gmIIPId>df509483-12fe-4c71-99f0-b0c8b9403a9d</sln:gmIIPId><sln:gmIIPPn>PL.PZGIK.200</sln:gmIIPPn><sln:gmIIPWersja>2012-09-26T22:45:54+02:00</sln:gmIIPWersja><sln:gmIdTeryt>2211062</sln:gmIdTeryt><sln:gmNazwa>Krokowa</sln:gmNazwa><sln:miejscIIPId>dede0c25-2358-4be3-8a96-e1e6c1a11e0b</sln:miejscIIPId><sln:miejscIIPPn>PL.PZGIK.200</sln:miejscIIPPn><sln:miejscIIPWersja>2016-11-24T13:33:14+02:00</sln:miejscIIPWersja><sln:miejscIdTeryt>0165379</sln:miejscIdTeryt><sln:miejscNazwa>Wierzchucino</sln:miejscNazwa><sln:miejscRodzaj>Wieś</sln:miejscRodzaj><sln:powIIPId>9d05c08b-4dda-4103-8a71-b6d57a91275b</sln:powIIPId><sln:powIIPPn>PL.PZGIK.200</sln:powIIPPn><sln:powIIPWersja>2012-09-27T09:33:51+02:00</sln:powIIPWersja><sln:powIdTeryt>2211</sln:powIdTeryt><sln:powNazwa>pucki</sln:powNazwa><sln:wojIIPId>ece93e09-0215-42f3-8067-be0649f58d46</sln:wojIIPId><sln:wojIIPPn>PL.PZGIK.200</sln:wojIIPPn><sln:wojIIPWersja>2012-09-27T13:45:13+02:00</sln:wojIIPWersja><sln:wojIdTeryt>22</sln:wojIdTeryt><sln:wojNazwa>pomorskie</sln:wojNazwa></sln:miejscowosc><sln:miejscowosc><sln:cyklZyciaOd>2014-11-27T00:00:00+01:00</sln:cyklZyciaOd><sln:gmIIPId>df509483-12fe-4c71-99f0-b0c8b9403a9d</sln:gmIIPId><sln:gmIIPPn>PL.PZGIK.200</sln:gmIIPPn><sln:gmIIPWersja>2012-09-26T22:45:54+02:00</sln:gmIIPWersja><sln:gmIdTeryt>2211062</sln:gmIdTeryt><sln:gmNazwa>Krokowa</sln:gmNazwa><sln:miejscIIPId>dbf8f7fe-b9f5-43c0-a111-981e1d500306</sln:miejscIIPId><sln:miejscIIPPn>PL.PZGIK.200</sln:miejscIIPPn><sln:miejscIIPWersja>2016-11-24T13:42:24+02:00</sln:miejscIIPWersja><sln:miejscIdTeryt>0165161</sln:miejscIdTeryt><sln:miejscNazwa>Minkowice</sln:miejscNazwa><sln:miejscRodzaj>Wieś</sln:miejscRodzaj><sln:powIIPId>9d05c08b-4dda-4103-8a71-b6d57a91275b</sln:powIIPId><sln:powIIPPn>PL.PZGIK.200</sln:powIIPPn><sln:powIIPWersja>2012-09-27T09:33:51+02:00</sln:powIIPWersja><sln:powIdTeryt>2211</sln:powIdTeryt><sln:powNazwa>pucki</sln:powNazwa><sln:wojIIPId>ece93e09-0215-42f3-8067-be0649f58d46</sln:wojIIPId><sln:wojIIPPn>PL.PZGIK.200</sln:wojIIPPn><sln:wojIIPWersja>2012-09-27T13:45:13+02:00</sln:wojIIPWersja><sln:wojIdTeryt>22</sln:wojIdTeryt><sln:wojNazwa>pomorskie</sln:wojNazwa></sln:miejscowosc><sln:miejscowosc><sln:cyklZyciaOd>2014-11-27T00:00:00+01:00</sln:cyklZyciaOd><sln:gmIIPId>df509483-12fe-4c71-99f0-b0c8b9403a9d</sln:gmIIPId><sln:gmIIPPn>PL.PZGIK.200</sln:gmIIPPn><sln:gmIIPWersja>2012-09-26T22:45:54+02:00</sln:gmIIPWersja><sln:gmIdTeryt>2211062</sln:gmIdTeryt><sln:gmNazwa>Krokowa</sln:gmNazwa><sln:miejscIIPId>deb0ac49-4746-4635-8b26-4bf3d1760e57</sln:miejscIIPId><sln:miejscIIPPn>PL.PZGIK.200</sln:miejscIIPPn><sln:miejscIIPWersja>2016-11-24T13:38:41+02:00</sln:miejscIIPWersja><sln:miejscIdTeryt>0165043</sln:miejscIdTeryt><sln:miejscNazwa>Jeldzino</sln:miejscNazwa><sln:miejscRodzaj>Wieś</sln:miejscRodzaj><sln:powIIPId>9d05c08b-4dda-4103-8a71-b6d57a91275b</sln:powIIPId><sln:powIIPPn>PL.PZGIK.200</sln:powIIPPn><sln:powIIPWersja>2012-09-27T09:33:51+02:00</sln:powIIPWersja><sln:powIdTeryt>2211</sln:powIdTeryt><sln:powNazwa>pucki</sln:powNazwa><sln:wojIIPId>ece93e09-0215-42f3-8067-be0649f58d46</sln:wojIIPId><sln:wojIIPPn>PL.PZGIK.200</sln:wojIIPPn><sln:wojIIPWersja>2012-09-27T13:45:13+02:00</sln:wojIIPWersja><sln:wojIdTeryt>22</sln:wojIdTeryt><sln:wojNazwa>pomorskie</sln:wojNazwa></sln:miejscowosc></sln:lista-miejscowosci>