<?xml version="1.0" encoding="UTF-8" standalone="yes"?><sln:lista-miejscowosci xmlns:srv="http://gugik.gov.pl/schemas/slowniki-service/1.0" xmlns:sln="http://gugik.gov.pl/schemas/slowniki-schema/1.0"><sln:miejscowosc><sln:cyklZyciaDo>2017-04-04T00:00:00+02:00</sln:cyklZyciaDo><sln:cyklZyciaOd>2015-12-28T00:00:00+01:00</sln:cyklZyciaOd><sln:gmIIPId>80bd9c60-9a76-43d1-8dab-8b6df9c0d83b</sln:gmIIPId><sln:gmIIPPn>PL.PZGIK.200</sln:gmIIPPn><sln:gmIIPWersja>2012-09-26T22:45:48+02:00</sln:gmIIPWersja><sln:gmIdTeryt>2209073</sln:gmIdTeryt><sln:gmNazwa>Nowy Staw</sln:gmNazwa><sln:miejscIIPId>dc990188-d881-46f1-b89b-654d7d317783</sln:miejscIIPId><sln:miejscIIPPn>PL.PZGIK.200</sln:miejscIIPPn><sln:miejscIIPWersja>2016-11-24T09:20:45+02:00</sln:miejscIIPWersja><sln:miejscIdTeryt>0153471</sln:miejscIdTeryt><sln:miejscNazwa>Brzózki</sln:miejscNazwa><sln:miejscRodzaj>Wieś</sln:miejscRodzaj><sln:powIIPId>2249144d-a152-435b-b1e2-c2c11fbcc0b2</sln:powIIPId><sln:powIIPPn>PL.PZGIK.200</sln:powIIPPn><sln:powIIPWersja>2012-09-27T09:33:51+02:00</sln:powIIPWersja><sln:powIdTeryt>2209</sln:powIdTeryt><sln:powNazwa>malborski</sln:powNazwa><sln:waznyOd>2013-10-30T00:00:00+01:00</sln:waznyOd><sln:wojIIPId>ece93e09-0215-42f3-8067-be0649f58d46</sln:wojIIPId><sln:wojIIPPn>PL.PZGIK.200</sln:wojIIPPn><sln:wojIIPWersja>2012-09-27T13:45:13+02:00</sln:wojIIPWersja><sln:wojIdTeryt>22</sln:wojIdTeryt><sln:wojNazwa>pomorskie</sln:wojNazwa></sln:miejscowosc><sln:miejscowosc><sln:cyklZyciaDo>2017-04-04T00:00:00+02:00</sln:cyklZyciaDo><sln:cyklZyciaOd>2015-12-28T00:00:00+01:00</sln:cyklZyciaOd><sln:gmIIPId>80bd9c60-9a76-43d1-8dab-8b6df9c0d83b</sln:gmIIPId><sln:gmIIPPn>PL.PZGIK.200</sln:gmIIPPn><sln:gmIIPWersja>2012-09-26T22:45:48+02:00</sln:gmIIPWersja><sln:gmIdTeryt>2209073</sln:gmIdTeryt><sln:gmNazwa>Nowy Staw</sln:gmNazwa><sln:miejscIIPId>6742d951-410a-4bef-935e-46c3e15aa621</sln:miejscIIPId><sln:miejscIIPPn>PL.PZGIK.200</sln:miejscIIPPn><sln:miejscIIPWersja>2016-11-24T09:20:45+02:00</sln:miejscIIPWersja><sln:miejscIdTeryt>0153488</sln:miejscIdTeryt><sln:miejscNazwa>Chlebówka</sln:miejscNazwa><sln:miejscRodzaj>Wieś</sln:miejscRodzaj><sln:powIIPId>2249144d-a152-435b-b1e2-c2c11fbcc0b2</sln:powIIPId><sln:powIIPPn>PL.PZGIK.200</sln:powIIPPn><sln:powIIPWersja>2012-09-27T09:33:51+02:00</sln:powIIPWersja><sln:powIdTeryt>2209</sln:powIdTeryt><sln:powNazwa>malborski</sln:powNazwa><sln:waznyOd>2013-10-30T00:00:00+01:00</sln:waznyOd><sln:wojIIPId>ece93e09-0215-42f3-8067-be0649f58d46</sln:wojIIPId><sln:wojIIPPn>PL.PZGIK.200</sln:wojIIPPn><sln:wojIIPWersja>2012-09-27T13:45:13+02:00</sln:wojIIPWersja><sln:wojIdTeryt>22</sln:wojIdTeryt><sln:wojNazwa>pomorskie</sln:wojNazwa></sln:miejscowosc><sln:miejscowosc><sln:cyklZyciaDo>2017-04-04T00:00:00+02:00</sln:cyklZyciaDo><sln:cyklZyciaOd>2015-12-28T00:00:00+01:00</sln:cyklZyciaOd><sln:gmIIPId>80bd9c60-9a76-43d1-8dab-8b6df9c0d83b</sln:gmIIPId><sln:gmIIPPn>PL.PZGIK.200</sln:gmIIPPn><sln:gmIIPWersja>2012-09-26T22:45:48+02:00</sln:gmIIPWersja><sln:gmIdTeryt>2209073</sln:gmIdTeryt><sln:gmNazwa>Nowy Staw</sln:gmNazwa><sln:miejscIIPId>b141decd-db95-42ac-a442-29f53f9391fd</sln:miejscIIPId><sln:miejscIIPPn>PL.PZGIK.200</sln:miejscIIPPn><sln:miejscIIPWersja>2016-11-24T09:20:45+02:00</sln:miejscIIPWersja><sln:miejscIdTeryt>0153494</sln:miejscIdTeryt><sln:miejscNazwa>Dębina</sln:miejscNazwa><sln:miejscRodzaj>Wieś</sln:miejscRodzaj><sln:powIIPId>2249144d-a152-435b-b1e2-c2c11fbcc0b2</sln:powIIPId><sln:powIIPPn>PL.PZGIK.200</sln:powIIPPn><sln:powIIPWersja>2012-09-27T09:33:51+02:00</sln:powIIPWersja><sln:powIdTeryt>2209</sln:powIdTeryt><sln:powNazwa>malborski</sln:powNazwa><sln:waznyOd>2013-10-30T00:00:00+01:00</sln:waznyOd><sln:wojIIPId>ece93e09-0215-42f3-8067-be0649f58d46</sln:wojIIPId><sln:wojIIPPn>PL.PZGIK.200</sln:wojIIPPn><sln:wojIIPWersja>2012-09-27T13:45:13+02:00</sln:wojIIPWersja><sln:wojIdTeryt>22</sln:wojIdTeryt><sln:wojNazwa>pomorskie</sln:wojNazwa></sln:miejscowosc><sln:miejscowosc><sln:cyklZyciaDo>2017-04-04T00:00:00+02:00</sln:cyklZyciaDo><sln:cyklZyciaOd>2015-12-28T00:00:00+01:00</sln:cyklZyciaOd><sln:gmIIPId>80bd9c60-9a76-43d1-8dab-8b6df9c0d83b</sln:gmIIPId><sln:gmIIPPn>PL.PZGIK.200</sln:gmIIPPn><sln:gmIIPWersja>2012-09-26T22:45:48+02:00</sln:gmIIPWersja><sln:gmIdTeryt>2209073</sln:gmIdTeryt><sln:gmNazwa>Nowy Staw</sln:gmNazwa><sln:miejscIIPId>da5fbf0c-ff49-4b1d-abeb-11bd8ce81742</sln:miejscIIPId><sln:miejscIIPPn>PL.PZGIK.200</sln:miejscIIPPn><sln:miejscIIPWersja>2016-11-24T09:20:45+02:00</sln:miejscIIPWersja><sln:miejscIdTeryt>0153519</sln:miejscIdTeryt><sln:miejscNazwa>Kącik</sln:miejscNazwa><sln:miejscRodzaj>Wieś</sln:miejscRodzaj><sln:powIIPId>2249144d-a152-435b-b1e2-c2c11fbcc0b2</sln:powIIPId><sln:powIIPPn>PL.PZGIK.200</sln:powIIPPn><sln:powIIPWersja>2012-09-27T09:33:51+02:00</sln:powIIPWersja><sln:powIdTeryt>2209</sln:powIdTeryt><sln:powNazwa>malborski</sln:powNazwa><sln:waznyOd>2013-10-30T00:00:00+01:00</sln:waznyOd><sln:wojIIPId>ece93e09-0215-42f3-8067-be0649f58d46</sln:wojIIPId><sln:wojIIPPn>PL.PZGIK.200</sln:wojIIPPn><sln:wojIIPWersja>2012-09-27T13:45:13+02:00</sln:wojIIPWersja><sln:wojIdTeryt>22</sln:wojIdTeryt><sln:wojNazwa>pomorskie</sln:wojNazwa></sln:miejscowosc><sln:miejscowosc><sln:cyklZyciaDo>2017-04-04T00:00:00+02:00</sln:cyklZyciaDo><sln:cyklZyciaOd>2015-12-28T00:00:00+01:00</sln:cyklZyciaOd><sln:gmIIPId>80bd9c60-9a76-43d1-8dab-8b6df9c0d83b</sln:gmIIPId><sln:gmIIPPn>PL.PZGIK.200</sln:gmIIPPn><sln:gmIIPWersja>2012-09-26T22:45:48+02:00</sln:gmIIPWersja><sln:gmIdTeryt>2209073</sln:gmIdTeryt><sln:gmNazwa>Nowy Staw</sln:gmNazwa><sln:miejscIIPId>c7b934db-b92c-44c6-a216-c363d86979c0</sln:miejscIIPId><sln:miejscIIPPn>PL.PZGIK.200</sln:miejscIIPPn><sln:miejscIIPWersja>2016-11-24T09:20:45+02:00</sln:miejscIIPWersja><sln:miejscIdTeryt>0153525</sln:miejscIdTeryt><sln:miejscNazwa>Laski</sln:miejscNazwa><sln:miejscRodzaj>Wieś</sln:miejscRodzaj><sln:powIIPId>2249144d-a152-435b-b1e2-c2c11fbcc0b2</sln:powIIPId><sln:powIIPPn>PL.PZGIK.200</sln:powIIPPn><sln:powIIPWersja>2012-09-27T09:33:51+02:00</sln:powIIPWersja><sln:powIdTeryt>2209</sln:powIdTeryt><sln:powNazwa>malborski</sln:powNazwa><sln:waznyOd>2013-10-30T00:00:00+01:00</sln:waznyOd><sln:wojIIPId>ece93e09-0215-42f3-8067-be0649f58d46</sln:wojIIPId><sln:wojIIPPn>PL.PZGIK.200</sln:wojIIPPn><sln:wojIIPWersja>2012-09-27T13:45:13+02:00</sln:wojIIPWersja><sln:wojIdTeryt>22</sln:wojIdTeryt><sln:wojNazwa>pomorskie</sln:wojNazwa></sln:miejscowosc><sln:miejscowosc><sln:cyklZyciaDo>2017-04-04T00:00:00+02:00</sln:cyklZyciaDo><sln:cyklZyciaOd>2015-12-28T00:00:00+01:00</sln:cyklZyciaOd><sln:gmIIPId>80bd9c60-9a76-43d1-8dab-8b6df9c0d83b</sln:gmIIPId><sln:gmIIPPn>PL.PZGIK.200</sln:gmIIPPn><sln:gmIIPWersja>2012-09-26T22:45:48+02:00</sln:gmIIPWersja><sln:gmIdTeryt>2209073</sln:gmIdTeryt><sln:gmNazwa>Nowy Staw</sln:gmNazwa><sln:miejscIIPId>22be45e2-3c05-4e81-b0cd-2828aff6d652</sln:miejscIIPId><sln:miejscIIPPn>PL.PZGIK.200</sln:miejscIIPPn><sln:miejscIIPWersja>2016-11-24T09:20:45+02:00</sln:miejscIIPWersja><sln:miejscIdTeryt>0153531</sln:miejscIdTeryt><sln:miejscNazwa>Lipinka</sln:miejscNazwa><sln:miejscRodzaj>Osada</sln:miejscRodzaj><sln:powIIPId>2249144d-a152-435b-b1e2-c2c11fbcc0b2</sln:powIIPId><sln:powIIPPn>PL.PZGIK.200</sln:powIIPPn><sln:powIIPWersja>2012-09-27T09:33:51+02:00</sln:powIIPWersja><sln:powIdTeryt>2209</sln:powIdTeryt><sln:powNazwa>malborski</sln:powNazwa><sln:waznyOd>2013-10-30T00:00:00+01:00</sln:waznyOd><sln:wojIIPId>ece93e09-0215-42f3-8067-be0649f58d46</sln:wojIIPId><sln:wojIIPPn>PL.PZGIK.200</sln:wojIIPPn><sln:wojIIPWersja>2012-09-27T13:45:13+02:00</sln:wojIIPWersja><sln:wojIdTeryt>22</sln:wojIdTeryt><sln:wojNazwa>pomorskie</sln:wojNazwa></sln:miejscowosc><sln:miejscowosc><sln:cyklZyciaDo>2017-04-04T00:00:00+02:00</sln:cyklZyciaDo><sln:cyklZyciaOd>2015-12-28T00:00:00+01:00</sln:cyklZyciaOd><sln:gmIIPId>80bd9c60-9a76-43d1-8dab-8b6df9c0d83b</sln:gmIIPId><sln:gmIIPPn>PL.PZGIK.200</sln:gmIIPPn><sln:gmIIPWersja>2012-09-26T22:45:48+02:00</sln:gmIIPWersja><sln:gmIdTeryt>2209073</sln:gmIdTeryt><sln:gmNazwa>Nowy Staw</sln:gmNazwa><sln:miejscIIPId>e5410c65-6eb8-4b4b-a4e3-a430f9f4ca3e</sln:miejscIIPId><sln:miejscIIPPn>PL.PZGIK.200</sln:miejscIIPPn><sln:miejscIIPWersja>2016-11-24T09:20:45+02:00</sln:miejscIIPWersja><sln:miejscIdTeryt>0153548</sln:miejscIdTeryt><sln:miejscNazwa>Lubstowo</sln:miejscNazwa><sln:miejscRodzaj>Wieś</sln:miejscRodzaj><sln:powIIPId>2249144d-a152-435b-b1e2-c2c11fbcc0b2</sln:powIIPId><sln:powIIPPn>PL.PZGIK.200</sln:powIIPPn><sln:powIIPWersja>2012-09-27T09:33:51+02:00</sln:powIIPWersja><sln:powIdTeryt>2209</sln:powIdTeryt><sln:powNazwa>malborski</sln:powNazwa><sln:waznyOd>2013-10-30T00:00:00+01:00</sln:waznyOd><sln:wojIIPId>ece93e09-0215-42f3-8067-be0649f58d46</sln:wojIIPId><sln:wojIIPPn>PL.PZGIK.200</sln:wojIIPPn><sln:wojIIPWersja>2012-09-27T13:45:13+02:00</sln:wojIIPWersja><sln:wojIdTeryt>22</sln:wojIdTeryt><sln:wojNazwa>pomorskie</sln:wojNazwa></sln:miejscowosc><sln:miejscowosc><sln:cyklZyciaDo>2017-04-04T00:00:00+02:00</sln:cyklZyciaDo><sln:cyklZyciaOd>2015-12-28T00:00:00+01:00</sln:cyklZyciaOd><sln:gmIIPId>80bd9c60-9a76-43d1-8dab-8b6df9c0d83b</sln:gmIIPId><sln:gmIIPPn>PL.PZGIK.200</sln:gmIIPPn><sln:gmIIPWersja>2012-09-26T22:45:48+02:00</sln:gmIIPWersja><sln:gmIdTeryt>2209073</sln:gmIdTeryt><sln:gmNazwa>Nowy Staw</sln:gmNazwa><sln:miejscIIPId>83791363-0ae3-49f9-ba5a-3fc9d7e47c6a</sln:miejscIIPId><sln:miejscIIPPn>PL.PZGIK.200</sln:miejscIIPPn><sln:miejscIIPWersja>2016-11-24T09:20:45+02:00</sln:miejscIIPWersja><sln:miejscIdTeryt>0153554</sln:miejscIdTeryt><sln:miejscNazwa>Martąg</sln:miejscNazwa><sln:miejscRodzaj>Osada</sln:miejscRodzaj><sln:powIIPId>2249144d-a152-435b-b1e2-c2c11fbcc0b2</sln:powIIPId><sln:powIIPPn>PL.PZGIK.200</sln:powIIPPn><sln:powIIPWersja>2012-09-27T09:33:51+02:00</sln:powIIPWersja><sln:powIdTeryt>2209</sln:powIdTeryt><sln:powNazwa>malborski</sln:powNazwa><sln:waznyOd>2013-10-30T00:00:00+01:00</sln:waznyOd><sln:wojIIPId>ece93e09-0215-42f3-8067-be0649f58d46</sln:wojIIPId><sln:wojIIPPn>PL.PZGIK.200</sln:wojIIPPn><sln:wojIIPWersja>2012-09-27T13:45:13+02:00</sln:wojIIPWersja><sln:wojIdTeryt>22</sln:wojIdTeryt><sln:wojNazwa>pomorskie</sln:wojNazwa></sln:miejscowosc><sln:miejscowosc><sln:cyklZyciaDo>2017-04-04T00:00:00+02:00</sln:cyklZyciaDo><sln:cyklZyciaOd>2015-12-28T00:00:00+01:00</sln:cyklZyciaOd><sln:gmIIPId>80bd9c60-9a76-43d1-8dab-8b6df9c0d83b</sln:gmIIPId><sln:gmIIPPn>PL.PZGIK.200</sln:gmIIPPn><sln:gmIIPWersja>2012-09-26T22:45:48+02:00</sln:gmIIPWersja><sln:gmIdTeryt>2209073</sln:gmIdTeryt><sln:gmNazwa>Nowy Staw</sln:gmNazwa><sln:miejscIIPId>81645f9f-8ab1-4735-8aa2-42457d710888</sln:miejscIIPId><sln:miejscIIPPn>PL.PZGIK.200</sln:miejscIIPPn><sln:miejscIIPWersja>2016-11-24T09:20:45+02:00</sln:miejscIIPWersja><sln:miejscIdTeryt>0153560</sln:miejscIdTeryt><sln:miejscNazwa>Mirowo</sln:miejscNazwa><sln:miejscRodzaj>Wieś</sln:miejscRodzaj><sln:powIIPId>2249144d-a152-435b-b1e2-c2c11fbcc0b2</sln:powIIPId><sln:powIIPPn>PL.PZGIK.200</sln:powIIPPn><sln:powIIPWersja>2012-09-27T09:33:51+02:00</sln:powIIPWersja><sln:powIdTeryt>2209</sln:powIdTeryt><sln:powNazwa>malborski</sln:powNazwa><sln:waznyOd>2013-10-30T00:00:00+01:00</sln:waznyOd><sln:wojIIPId>ece93e09-0215-42f3-8067-be0649f58d46</sln:wojIIPId><sln:wojIIPPn>PL.PZGIK.200</sln:wojIIPPn><sln:wojIIPWersja>2012-09-27T13:45:13+02:00</sln:wojIIPWersja><sln:wojIdTeryt>22</sln:wojIdTeryt><sln:wojNazwa>pomorskie</sln:wojNazwa></sln:miejscowosc><sln:miejscowosc><sln:cyklZyciaDo>2017-04-04T00:00:00+02:00</sln:cyklZyciaDo><sln:cyklZyciaOd>2015-12-28T00:00:00+01:00</sln:cyklZyciaOd><sln:gmIIPId>80bd9c60-9a76-43d1-8dab-8b6df9c0d83b</sln:gmIIPId><sln:gmIIPPn>PL.PZGIK.200</sln:gmIIPPn><sln:gmIIPWersja>2012-09-26T22:45:48+02:00</sln:gmIIPWersja><sln:gmIdTeryt>2209073</sln:gmIdTeryt><sln:gmNazwa>Nowy Staw</sln:gmNazwa><sln:miejscIIPId>b370d84c-ef43-4332-91f7-2e86ba730b39</sln:miejscIIPId><sln:miejscIIPPn>PL.PZGIK.200</sln:miejscIIPPn><sln:miejscIIPWersja>2016-11-24T09:20:45+02:00</sln:miejscIIPWersja><sln:miejscIdTeryt>0153577</sln:miejscIdTeryt><sln:miejscNazwa>Myszewo</sln:miejscNazwa><sln:miejscRodzaj>Wieś</sln:miejscRodzaj><sln:powIIPId>2249144d-a152-435b-b1e2-c2c11fbcc0b2</sln:powIIPId><sln:powIIPPn>PL.PZGIK.200</sln:powIIPPn><sln:powIIPWersja>2012-09-27T09:33:51+02:00</sln:powIIPWersja><sln:powIdTeryt>2209</sln:powIdTeryt><sln:powNazwa>malborski</sln:powNazwa><sln:waznyOd>2013-10-30T00:00:00+01:00</sln:waznyOd><sln:wojIIPId>ece93e09-0215-42f3-8067-be0649f58d46</sln:wojIIPId><sln:wojIIPPn>PL.PZGIK.200</sln:wojIIPPn><sln:wojIIPWersja>2012-09-27T13:45:13+02:00</sln:wojIIPWersja><sln:wojIdTeryt>22</sln:wojIdTeryt><sln:wojNazwa>pomorskie</sln:wojNazwa></sln:miejscowosc><sln:miejscowosc><sln:cyklZyciaDo>2017-04-04T00:00:00+02:00</sln:cyklZyciaDo><sln:cyklZyciaOd>2015-12-28T00:00:00+01:00</sln:cyklZyciaOd><sln:gmIIPId>80bd9c60-9a76-43d1-8dab-8b6df9c0d83b</sln:gmIIPId><sln:gmIIPPn>PL.PZGIK.200</sln:gmIIPPn><sln:gmIIPWersja>2012-09-26T22:45:48+02:00</sln:gmIIPWersja><sln:gmIdTeryt>2209073</sln:gmIdTeryt><sln:gmNazwa>Nowy Staw</sln:gmNazwa><sln:miejscIIPId>d22b3d3a-8e69-4a3f-a09f-caf4d8e21887</sln:miejscIIPId><sln:miejscIIPPn>PL.PZGIK.200</sln:miejscIIPPn><sln:miejscIIPWersja>2016-11-24T09:20:45+02:00</sln:miejscIIPWersja><sln:miejscIdTeryt>0153583</sln:miejscIdTeryt><sln:miejscNazwa>Nidowo</sln:miejscNazwa><sln:miejscRodzaj>Wieś</sln:miejscRodzaj><sln:powIIPId>2249144d-a152-435b-b1e2-c2c11fbcc0b2</sln:powIIPId><sln:powIIPPn>PL.PZGIK.200</sln:powIIPPn><sln:powIIPWersja>2012-09-27T09:33:51+02:00</sln:powIIPWersja><sln:powIdTeryt>2209</sln:powIdTeryt><sln:powNazwa>malborski</sln:powNazwa><sln:waznyOd>2013-10-30T00:00:00+01:00</sln:waznyOd><sln:wojIIPId>ece93e09-0215-42f3-8067-be0649f58d46</sln:wojIIPId><sln:wojIIPPn>PL.PZGIK.200</sln:wojIIPPn><sln:wojIIPWersja>2012-09-27T13:45:13+02:00</sln:wojIIPWersja><sln:wojIdTeryt>22</sln:wojIdTeryt><sln:wojNazwa>pomorskie</sln:wojNazwa></sln:miejscowosc><sln:miejscowosc><sln:cyklZyciaDo>2017-04-04T00:00:00+02:00</sln:cyklZyciaDo><sln:cyklZyciaOd>2015-12-28T00:00:00+01:00</sln:cyklZyciaOd><sln:gmIIPId>80bd9c60-9a76-43d1-8dab-8b6df9c0d83b</sln:gmIIPId><sln:gmIIPPn>PL.PZGIK.200</sln:gmIIPPn><sln:gmIIPWersja>2012-09-26T22:45:48+02:00</sln:gmIIPWersja><sln:gmIdTeryt>2209073</sln:gmIdTeryt><sln:gmNazwa>Nowy Staw</sln:gmNazwa><sln:miejscIIPId>fe27df7c-b425-4df3-820a-7fb7246614a5</sln:miejscIIPId><sln:miejscIIPPn>PL.PZGIK.200</sln:miejscIIPPn><sln:miejscIIPWersja>2016-11-24T13:15:49+02:00</sln:miejscIIPWersja><sln:miejscIdTeryt>0932904</sln:miejscIdTeryt><sln:miejscNazwa>Nowy Staw</sln:miejscNazwa><sln:miejscRodzaj>Miasto</sln:miejscRodzaj><sln:powIIPId>2249144d-a152-435b-b1e2-c2c11fbcc0b2</sln:powIIPId><sln:powIIPPn>PL.PZGIK.200</sln:powIIPPn><sln:powIIPWersja>2012-09-27T09:33:51+02:00</sln:powIIPWersja><sln:powIdTeryt>2209</sln:powIdTeryt><sln:powNazwa>malborski</sln:powNazwa><sln:waznyOd>2013-10-30T00:00:00+01:00</sln:waznyOd><sln:wojIIPId>ece93e09-0215-42f3-8067-be0649f58d46</sln:wojIIPId><sln:wojIIPPn>PL.PZGIK.200</sln:wojIIPPn><sln:wojIIPWersja>2012-09-27T13:45:13+02:00</sln:wojIIPWersja><sln:wojIdTeryt>22</sln:wojIdTeryt><sln:wojNazwa>pomorskie</sln:wojNazwa></sln:miejscowosc><sln:miejscowosc><sln:cyklZyciaDo>2017-04-04T00:00:00+02:00</sln:cyklZyciaDo><sln:cyklZyciaOd>2015-12-28T00:00:00+01:00</sln:cyklZyciaOd><sln:gmIIPId>80bd9c60-9a76-43d1-8dab-8b6df9c0d83b</sln:gmIIPId><sln:gmIIPPn>PL.PZGIK.200</sln:gmIIPPn><sln:gmIIPWersja>2012-09-26T22:45:48+02:00</sln:gmIIPWersja><sln:gmIdTeryt>2209073</sln:gmIdTeryt><sln:gmNazwa>Nowy Staw</sln:gmNazwa><sln:miejscIIPId>55b053f8-a5da-4598-b214-408f636d79ab</sln:miejscIIPId><sln:miejscIIPPn>PL.PZGIK.200</sln:miejscIIPPn><sln:miejscIIPWersja>2016-11-24T09:20:45+02:00</sln:miejscIIPWersja><sln:miejscIdTeryt>0153590</sln:miejscIdTeryt><sln:miejscNazwa>Półmieście</sln:miejscNazwa><sln:miejscRodzaj>Wieś</sln:miejscRodzaj><sln:powIIPId>2249144d-a152-435b-b1e2-c2c11fbcc0b2</sln:powIIPId><sln:powIIPPn>PL.PZGIK.200</sln:powIIPPn><sln:powIIPWersja>2012-09-27T09:33:51+02:00</sln:powIIPWersja><sln:powIdTeryt>2209</sln:powIdTeryt><sln:powNazwa>malborski</sln:powNazwa><sln:waznyOd>2013-10-30T00:00:00+01:00</sln:waznyOd><sln:wojIIPId>ece93e09-0215-42f3-8067-be0649f58d46</sln:wojIIPId><sln:wojIIPPn>PL.PZGIK.200</sln:wojIIPPn><sln:wojIIPWersja>2012-09-27T13:45:13+02:00</sln:wojIIPWersja><sln:wojIdTeryt>22</sln:wojIdTeryt><sln:wojNazwa>pomorskie</sln:wojNazwa></sln:miejscowosc><sln:miejscowosc><sln:cyklZyciaDo>2017-04-04T00:00:00+02:00</sln:cyklZyciaDo><sln:cyklZyciaOd>2015-12-28T00:00:00+01:00</sln:cyklZyciaOd><sln:gmIIPId>80bd9c60-9a76-43d1-8dab-8b6df9c0d83b</sln:gmIIPId><sln:gmIIPPn>PL.PZGIK.200</sln:gmIIPPn><sln:gmIIPWersja>2012-09-26T22:45:48+02:00</sln:gmIIPWersja><sln:gmIdTeryt>2209073</sln:gmIdTeryt><sln:gmNazwa>Nowy Staw</sln:gmNazwa><sln:miejscIIPId>70bc9530-0107-4690-b5e9-197eb2e50807</sln:miejscIIPId><sln:miejscIIPPn>PL.PZGIK.200</sln:miejscIIPPn><sln:miejscIIPWersja>2016-11-24T09:20:45+02:00</sln:miejscIIPWersja><sln:miejscIdTeryt>0153608</sln:miejscIdTeryt><sln:miejscNazwa>Pręgowo Żuławskie</sln:miejscNazwa><sln:miejscRodzaj>Wieś</sln:miejscRodzaj><sln:powIIPId>2249144d-a152-435b-b1e2-c2c11fbcc0b2</sln:powIIPId><sln:powIIPPn>PL.PZGIK.200</sln:powIIPPn><sln:powIIPWersja>2012-09-27T09:33:51+02:00</sln:powIIPWersja><sln:powIdTeryt>2209</sln:powIdTeryt><sln:powNazwa>malborski</sln:powNazwa><sln:waznyOd>2013-10-30T00:00:00+01:00</sln:waznyOd><sln:wojIIPId>ece93e09-0215-42f3-8067-be0649f58d46</sln:wojIIPId><sln:wojIIPPn>PL.PZGIK.200</sln:wojIIPPn><sln:wojIIPWersja>2012-09-27T13:45:13+02:00</sln:wojIIPWersja><sln:wojIdTeryt>22</sln:wojIdTeryt><sln:wojNazwa>pomorskie</sln:wojNazwa></sln:miejscowosc><sln:miejscowosc><sln:cyklZyciaDo>2017-04-04T00:00:00+02:00</sln:cyklZyciaDo><sln:cyklZyciaOd>2015-12-28T00:00:00+01:00</sln:cyklZyciaOd><sln:gmIIPId>80bd9c60-9a76-43d1-8dab-8b6df9c0d83b</sln:gmIIPId><sln:gmIIPPn>PL.PZGIK.200</sln:gmIIPPn><sln:gmIIPWersja>2012-09-26T22:45:48+02:00</sln:gmIIPWersja><sln:gmIdTeryt>2209073</sln:gmIdTeryt><sln:gmNazwa>Nowy Staw</sln:gmNazwa><sln:miejscIIPId>6a09e499-2c95-4c41-9fce-a3a8ac4b6e29</sln:miejscIIPId><sln:miejscIIPPn>PL.PZGIK.200</sln:miejscIIPPn><sln:miejscIIPWersja>2016-11-24T09:20:45+02:00</sln:miejscIIPWersja><sln:miejscIdTeryt>0153614</sln:miejscIdTeryt><sln:miejscNazwa>Stawiec</sln:miejscNazwa><sln:miejscRodzaj>Wieś</sln:miejscRodzaj><sln:powIIPId>2249144d-a152-435b-b1e2-c2c11fbcc0b2</sln:powIIPId><sln:powIIPPn>PL.PZGIK.200</sln:powIIPPn><sln:powIIPWersja>2012-09-27T09:33:51+02:00</sln:powIIPWersja><sln:powIdTeryt>2209</sln:powIdTeryt><sln:powNazwa>malborski</sln:powNazwa><sln:waznyOd>2013-10-30T00:00:00+01:00</sln:waznyOd><sln:wojIIPId>ece93e09-0215-42f3-8067-be0649f58d46</sln:wojIIPId><sln:wojIIPPn>PL.PZGIK.200</sln:wojIIPPn><sln:wojIIPWersja>2012-09-27T13:45:13+02:00</sln:wojIIPWersja><sln:wojIdTeryt>22</sln:wojIdTeryt><sln:wojNazwa>pomorskie</sln:wojNazwa></sln:miejscowosc><sln:miejscowosc><sln:cyklZyciaDo>2017-04-04T00:00:00+02:00</sln:cyklZyciaDo><sln:cyklZyciaOd>2015-12-28T00:00:00+01:00</sln:cyklZyciaOd><sln:gmIIPId>80bd9c60-9a76-43d1-8dab-8b6df9c0d83b</sln:gmIIPId><sln:gmIIPPn>PL.PZGIK.200</sln:gmIIPPn><sln:gmIIPWersja>2012-09-26T22:45:48+02:00</sln:gmIIPWersja><sln:gmIdTeryt>2209073</sln:gmIdTeryt><sln:gmNazwa>Nowy Staw</sln:gmNazwa><sln:miejscIIPId>f069dd11-2516-42d2-b7a0-f68c8e726819</sln:miejscIIPId><sln:miejscIIPPn>PL.PZGIK.200</sln:miejscIIPPn><sln:miejscIIPWersja>2016-11-24T09:20:45+02:00</sln:miejscIIPWersja><sln:miejscIdTeryt>0153637</sln:miejscIdTeryt><sln:miejscNazwa>Świerki</sln:miejscNazwa><sln:miejscRodzaj>Wieś</sln:miejscRodzaj><sln:powIIPId>2249144d-a152-435b-b1e2-c2c11fbcc0b2</sln:powIIPId><sln:powIIPPn>PL.PZGIK.200</sln:powIIPPn><sln:powIIPWersja>2012-09-27T09:33:51+02:00</sln:powIIPWersja><sln:powIdTeryt>2209</sln:powIdTeryt><sln:powNazwa>malborski</sln:powNazwa><sln:waznyOd>2013-10-30T00:00:00+01:00</sln:waznyOd><sln:wojIIPId>ece93e09-0215-42f3-8067-be0649f58d46</sln:wojIIPId><sln:wojIIPPn>PL.PZGIK.200</sln:wojIIPPn><sln:wojIIPWersja>2012-09-27T13:45:13+02:00</sln:wojIIPWersja><sln:wojIdTeryt>22</sln:wojIdTeryt><sln:wojNazwa>pomorskie</sln:wojNazwa></sln:miejscowosc><sln:miejscowosc><sln:cyklZyciaDo>2017-04-04T00:00:00+02:00</sln:cyklZyciaDo><sln:cyklZyciaOd>2015-12-28T00:00:00+01:00</sln:cyklZyciaOd><sln:gmIIPId>80bd9c60-9a76-43d1-8dab-8b6df9c0d83b</sln:gmIIPId><sln:gmIIPPn>PL.PZGIK.200</sln:gmIIPPn><sln:gmIIPWersja>2012-09-26T22:45:48+02:00</sln:gmIIPWersja><sln:gmIdTeryt>2209073</sln:gmIdTeryt><sln:gmNazwa>Nowy Staw</sln:gmNazwa><sln:miejscIIPId>a101afb1-038e-409a-9fa1-169df663c1f2</sln:miejscIIPId><sln:miejscIIPPn>PL.PZGIK.200</sln:miejscIIPPn><sln:miejscIIPWersja>2016-11-24T09:20:45+02:00</sln:miejscIIPWersja><sln:miejscIdTeryt>0153650</sln:miejscIdTeryt><sln:miejscNazwa>Tralewo</sln:miejscNazwa><sln:miejscRodzaj>Wieś</sln:miejscRodzaj><sln:powIIPId>2249144d-a152-435b-b1e2-c2c11fbcc0b2</sln:powIIPId><sln:powIIPPn>PL.PZGIK.200</sln:powIIPPn><sln:powIIPWersja>2012-09-27T09:33:51+02:00</sln:powIIPWersja><sln:powIdTeryt>2209</sln:powIdTeryt><sln:powNazwa>malborski</sln:powNazwa><sln:waznyOd>2013-10-30T00:00:00+01:00</sln:waznyOd><sln:wojIIPId>ece93e09-0215-42f3-8067-be0649f58d46</sln:wojIIPId><sln:wojIIPPn>PL.PZGIK.200</sln:wojIIPPn><sln:wojIIPWersja>2012-09-27T13:45:13+02:00</sln:wojIIPWersja><sln:wojIdTeryt>22</sln:wojIdTeryt><sln:wojNazwa>pomorskie</sln:wojNazwa></sln:miejscowosc><sln:miejscowosc><sln:cyklZyciaDo>2017-04-04T00:00:00+02:00</sln:cyklZyciaDo><sln:cyklZyciaOd>2015-12-28T00:00:00+01:00</sln:cyklZyciaOd><sln:gmIIPId>80bd9c60-9a76-43d1-8dab-8b6df9c0d83b</sln:gmIIPId><sln:gmIIPPn>PL.PZGIK.200</sln:gmIIPPn><sln:gmIIPWersja>2012-09-26T22:45:48+02:00</sln:gmIIPWersja><sln:gmIdTeryt>2209073</sln:gmIdTeryt><sln:gmNazwa>Nowy Staw</sln:gmNazwa><sln:miejscIIPId>21cc3f63-73d7-4ac2-a9a0-24c4b126efa5</sln:miejscIIPId><sln:miejscIIPPn>PL.PZGIK.200</sln:miejscIIPPn><sln:miejscIIPWersja>2016-11-24T09:20:45+02:00</sln:miejscIIPWersja><sln:miejscIdTeryt>0153666</sln:miejscIdTeryt><sln:miejscNazwa>Trępnowy</sln:miejscNazwa><sln:miejscRodzaj>Wieś</sln:miejscRodzaj><sln:powIIPId>2249144d-a152-435b-b1e2-c2c11fbcc0b2</sln:powIIPId><sln:powIIPPn>PL.PZGIK.200</sln:powIIPPn><sln:powIIPWersja>2012-09-27T09:33:51+02:00</sln:powIIPWersja><sln:powIdTeryt>2209</sln:powIdTeryt><sln:powNazwa>malborski</sln:powNazwa><sln:waznyOd>2013-10-30T00:00:00+01:00</sln:waznyOd><sln:wojIIPId>ece93e09-0215-42f3-8067-be0649f58d46</sln:wojIIPId><sln:wojIIPPn>PL.PZGIK.200</sln:wojIIPPn><sln:wojIIPWersja>2012-09-27T13:45:13+02:00</sln:wojIIPWersja><sln:wojIdTeryt>22</sln:wojIdTeryt><sln:wojNazwa>pomorskie</sln:wojNazwa></sln:miejscowosc><sln:miejscowosc><sln:cyklZyciaOd>2017-04-04T00:00:00+02:00</sln:cyklZyciaOd><sln:gmIIPId>80bd9c60-9a76-43d1-8dab-8b6df9c0d83b</sln:gmIIPId><sln:gmIIPPn>PL.PZGIK.200</sln:gmIIPPn><sln:gmIIPWersja>2012-09-26T22:45:48+02:00</sln:gmIIPWersja><sln:gmIdTeryt>2209073</sln:gmIdTeryt><sln:gmNazwa>Nowy Staw</sln:gmNazwa><sln:miejscIIPId>dc990188-d881-46f1-b89b-654d7d317783</sln:miejscIIPId><sln:miejscIIPPn>PL.PZGIK.200</sln:miejscIIPPn><sln:miejscIIPWersja>2017-04-04T14:54:46+02:00</sln:miejscIIPWersja><sln:miejscIdTeryt>0153471</sln:miejscIdTeryt><sln:miejscNazwa>Brzózki</sln:miejscNazwa><sln:miejscRodzaj>Wieś</sln:miejscRodzaj><sln:powIIPId>2249144d-a152-435b-b1e2-c2c11fbcc0b2</sln:powIIPId><sln:powIIPPn>PL.PZGIK.200</sln:powIIPPn><sln:powIIPWersja>2012-09-27T09:33:51+02:00</sln:powIIPWersja><sln:powIdTeryt>2209</sln:powIdTeryt><sln:powNazwa>malborski</sln:powNazwa><sln:waznyOd>2013-10-30T00:00:00+01:00</sln:waznyOd><sln:wojIIPId>ece93e09-0215-42f3-8067-be0649f58d46</sln:wojIIPId><sln:wojIIPPn>PL.PZGIK.200</sln:wojIIPPn><sln:wojIIPWersja>2012-09-27T13:45:13+02:00</sln:wojIIPWersja><sln:wojIdTeryt>22</sln:wojIdTeryt><sln:wojNazwa>pomorskie</sln:wojNazwa></sln:miejscowosc><sln:miejscowosc><sln:cyklZyciaOd>2017-04-04T00:00:00+02:00</sln:cyklZyciaOd><sln:gmIIPId>80bd9c60-9a76-43d1-8dab-8b6df9c0d83b</sln:gmIIPId><sln:gmIIPPn>PL.PZGIK.200</sln:gmIIPPn><sln:gmIIPWersja>2012-09-26T22:45:48+02:00</sln:gmIIPWersja><sln:gmIdTeryt>2209073</sln:gmIdTeryt><sln:gmNazwa>Nowy Staw</sln:gmNazwa><sln:miejscIIPId>6742d951-410a-4bef-935e-46c3e15aa621</sln:miejscIIPId><sln:miejscIIPPn>PL.PZGIK.200</sln:miejscIIPPn><sln:miejscIIPWersja>2017-04-04T14:54:53+02:00</sln:miejscIIPWersja><sln:miejscIdTeryt>0153488</sln:miejscIdTeryt><sln:miejscNazwa>Chlebówka</sln:miejscNazwa><sln:miejscRodzaj>Wieś</sln:miejscRodzaj><sln:powIIPId>2249144d-a152-435b-b1e2-c2c11fbcc0b2</sln:powIIPId><sln:powIIPPn>PL.PZGIK.200</sln:powIIPPn><sln:powIIPWersja>2012-09-27T09:33:51+02:00</sln:powIIPWersja><sln:powIdTeryt>2209</sln:powIdTeryt><sln:powNazwa>malborski</sln:powNazwa><sln:waznyOd>2013-10-30T00:00:00+01:00</sln:waznyOd><sln:wojIIPId>ece93e09-0215-42f3-8067-be0649f58d46</sln:wojIIPId><sln:wojIIPPn>PL.PZGIK.200</sln:wojIIPPn><sln:wojIIPWersja>2012-09-27T13:45:13+02:00</sln:wojIIPWersja><sln:wojIdTeryt>22</sln:wojIdTeryt><sln:wojNazwa>pomorskie</sln:wojNazwa></sln:miejscowosc><sln:miejscowosc><sln:cyklZyciaOd>2017-04-04T00:00:00+02:00</sln:cyklZyciaOd><sln:gmIIPId>80bd9c60-9a76-43d1-8dab-8b6df9c0d83b</sln:gmIIPId><sln:gmIIPPn>PL.PZGIK.200</sln:gmIIPPn><sln:gmIIPWersja>2012-09-26T22:45:48+02:00</sln:gmIIPWersja><sln:gmIdTeryt>2209073</sln:gmIdTeryt><sln:gmNazwa>Nowy Staw</sln:gmNazwa><sln:miejscIIPId>b141decd-db95-42ac-a442-29f53f9391fd</sln:miejscIIPId><sln:miejscIIPPn>PL.PZGIK.200</sln:miejscIIPPn><sln:miejscIIPWersja>2017-04-04T14:54:53+02:00</sln:miejscIIPWersja><sln:miejscIdTeryt>0153494</sln:miejscIdTeryt><sln:miejscNazwa>Dębina</sln:miejscNazwa><sln:miejscRodzaj>Wieś</sln:miejscRodzaj><sln:powIIPId>2249144d-a152-435b-b1e2-c2c11fbcc0b2</sln:powIIPId><sln:powIIPPn>PL.PZGIK.200</sln:powIIPPn><sln:powIIPWersja>2012-09-27T09:33:51+02:00</sln:powIIPWersja><sln:powIdTeryt>2209</sln:powIdTeryt><sln:powNazwa>malborski</sln:powNazwa><sln:waznyOd>2013-10-30T00:00:00+01:00</sln:waznyOd><sln:wojIIPId>ece93e09-0215-42f3-8067-be0649f58d46</sln:wojIIPId><sln:wojIIPPn>PL.PZGIK.200</sln:wojIIPPn><sln:wojIIPWersja>2012-09-27T13:45:13+02:00</sln:wojIIPWersja><sln:wojIdTeryt>22</sln:wojIdTeryt><sln:wojNazwa>pomorskie</sln:wojNazwa></sln:miejscowosc><sln:miejscowosc><sln:cyklZyciaOd>2017-04-04T00:00:00+02:00</sln:cyklZyciaOd><sln:gmIIPId>80bd9c60-9a76-43d1-8dab-8b6df9c0d83b</sln:gmIIPId><sln:gmIIPPn>PL.PZGIK.200</sln:gmIIPPn><sln:gmIIPWersja>2012-09-26T22:45:48+02:00</sln:gmIIPWersja><sln:gmIdTeryt>2209073</sln:gmIdTeryt><sln:gmNazwa>Nowy Staw</sln:gmNazwa><sln:miejscIIPId>da5fbf0c-ff49-4b1d-abeb-11bd8ce81742</sln:miejscIIPId><sln:miejscIIPPn>PL.PZGIK.200</sln:miejscIIPPn><sln:miejscIIPWersja>2017-04-04T14:54:54+02:00</sln:miejscIIPWersja><sln:miejscIdTeryt>0153519</sln:miejscIdTeryt><sln:miejscNazwa>Kącik</sln:miejscNazwa><sln:miejscRodzaj>Wieś</sln:miejscRodzaj><sln:powIIPId>2249144d-a152-435b-b1e2-c2c11fbcc0b2</sln:powIIPId><sln:powIIPPn>PL.PZGIK.200</sln:powIIPPn><sln:powIIPWersja>2012-09-27T09:33:51+02:00</sln:powIIPWersja><sln:powIdTeryt>2209</sln:powIdTeryt><sln:powNazwa>malborski</sln:powNazwa><sln:waznyOd>2013-10-30T00:00:00+01:00</sln:waznyOd><sln:wojIIPId>ece93e09-0215-42f3-8067-be0649f58d46</sln:wojIIPId><sln:wojIIPPn>PL.PZGIK.200</sln:wojIIPPn><sln:wojIIPWersja>2012-09-27T13:45:13+02:00</sln:wojIIPWersja><sln:wojIdTeryt>22</sln:wojIdTeryt><sln:wojNazwa>pomorskie</sln:wojNazwa></sln:miejscowosc><sln:miejscowosc><sln:cyklZyciaOd>2017-04-04T00:00:00+02:00</sln:cyklZyciaOd><sln:gmIIPId>80bd9c60-9a76-43d1-8dab-8b6df9c0d83b</sln:gmIIPId><sln:gmIIPPn>PL.PZGIK.200</sln:gmIIPPn><sln:gmIIPWersja>2012-09-26T22:45:48+02:00</sln:gmIIPWersja><sln:gmIdTeryt>2209073</sln:gmIdTeryt><sln:gmNazwa>Nowy Staw</sln:gmNazwa><sln:miejscIIPId>c7b934db-b92c-44c6-a216-c363d86979c0</sln:miejscIIPId><sln:miejscIIPPn>PL.PZGIK.200</sln:miejscIIPPn><sln:miejscIIPWersja>2017-04-04T14:54:54+02:00</sln:miejscIIPWersja><sln:miejscIdTeryt>0153525</sln:miejscIdTeryt><sln:miejscNazwa>Laski</sln:miejscNazwa><sln:miejscRodzaj>Wieś</sln:miejscRodzaj><sln:powIIPId>2249144d-a152-435b-b1e2-c2c11fbcc0b2</sln:powIIPId><sln:powIIPPn>PL.PZGIK.200</sln:powIIPPn><sln:powIIPWersja>2012-09-27T09:33:51+02:00</sln:powIIPWersja><sln:powIdTeryt>2209</sln:powIdTeryt><sln:powNazwa>malborski</sln:powNazwa><sln:waznyOd>2013-10-30T00:00:00+01:00</sln:waznyOd><sln:wojIIPId>ece93e09-0215-42f3-8067-be0649f58d46</sln:wojIIPId><sln:wojIIPPn>PL.PZGIK.200</sln:wojIIPPn><sln:wojIIPWersja>2012-09-27T13:45:13+02:00</sln:wojIIPWersja><sln:wojIdTeryt>22</sln:wojIdTeryt><sln:wojNazwa>pomorskie</sln:wojNazwa></sln:miejscowosc><sln:miejscowosc><sln:cyklZyciaOd>2017-04-04T00:00:00+02:00</sln:cyklZyciaOd><sln:gmIIPId>80bd9c60-9a76-43d1-8dab-8b6df9c0d83b</sln:gmIIPId><sln:gmIIPPn>PL.PZGIK.200</sln:gmIIPPn><sln:gmIIPWersja>2012-09-26T22:45:48+02:00</sln:gmIIPWersja><sln:gmIdTeryt>2209073</sln:gmIdTeryt><sln:gmNazwa>Nowy Staw</sln:gmNazwa><sln:miejscIIPId>22be45e2-3c05-4e81-b0cd-2828aff6d652</sln:miejscIIPId><sln:miejscIIPPn>PL.PZGIK.200</sln:miejscIIPPn><sln:miejscIIPWersja>2017-04-04T14:54:54+02:00</sln:miejscIIPWersja><sln:miejscIdTeryt>0153531</sln:miejscIdTeryt><sln:miejscNazwa>Lipinka</sln:miejscNazwa><sln:miejscRodzaj>Osada</sln:miejscRodzaj><sln:powIIPId>2249144d-a152-435b-b1e2-c2c11fbcc0b2</sln:powIIPId><sln:powIIPPn>PL.PZGIK.200</sln:powIIPPn><sln:powIIPWersja>2012-09-27T09:33:51+02:00</sln:powIIPWersja><sln:powIdTeryt>2209</sln:powIdTeryt><sln:powNazwa>malborski</sln:powNazwa><sln:waznyOd>2013-10-30T00:00:00+01:00</sln:waznyOd><sln:wojIIPId>ece93e09-0215-42f3-8067-be0649f58d46</sln:wojIIPId><sln:wojIIPPn>PL.PZGIK.200</sln:wojIIPPn><sln:wojIIPWersja>2012-09-27T13:45:13+02:00</sln:wojIIPWersja><sln:wojIdTeryt>22</sln:wojIdTeryt><sln:wojNazwa>pomorskie</sln:wojNazwa></sln:miejscowosc><sln:miejscowosc><sln:cyklZyciaOd>2017-04-04T00:00:00+02:00</sln:cyklZyciaOd><sln:gmIIPId>80bd9c60-9a76-43d1-8dab-8b6df9c0d83b</sln:gmIIPId><sln:gmIIPPn>PL.PZGIK.200</sln:gmIIPPn><sln:gmIIPWersja>2012-09-26T22:45:48+02:00</sln:gmIIPWersja><sln:gmIdTeryt>2209073</sln:gmIdTeryt><sln:gmNazwa>Nowy Staw</sln:gmNazwa><sln:miejscIIPId>e5410c65-6eb8-4b4b-a4e3-a430f9f4ca3e</sln:miejscIIPId><sln:miejscIIPPn>PL.PZGIK.200</sln:miejscIIPPn><sln:miejscIIPWersja>2017-04-04T14:54:54+02:00</sln:miejscIIPWersja><sln:miejscIdTeryt>0153548</sln:miejscIdTeryt><sln:miejscNazwa>Lubstowo</sln:miejscNazwa><sln:miejscRodzaj>Wieś</sln:miejscRodzaj><sln:powIIPId>2249144d-a152-435b-b1e2-c2c11fbcc0b2</sln:powIIPId><sln:powIIPPn>PL.PZGIK.200</sln:powIIPPn><sln:powIIPWersja>2012-09-27T09:33:51+02:00</sln:powIIPWersja><sln:powIdTeryt>2209</sln:powIdTeryt><sln:powNazwa>malborski</sln:powNazwa><sln:waznyOd>2013-10-30T00:00:00+01:00</sln:waznyOd><sln:wojIIPId>ece93e09-0215-42f3-8067-be0649f58d46</sln:wojIIPId><sln:wojIIPPn>PL.PZGIK.200</sln:wojIIPPn><sln:wojIIPWersja>2012-09-27T13:45:13+02:00</sln:wojIIPWersja><sln:wojIdTeryt>22</sln:wojIdTeryt><sln:wojNazwa>pomorskie</sln:wojNazwa></sln:miejscowosc><sln:miejscowosc><sln:cyklZyciaOd>2017-04-04T00:00:00+02:00</sln:cyklZyciaOd><sln:gmIIPId>80bd9c60-9a76-43d1-8dab-8b6df9c0d83b</sln:gmIIPId><sln:gmIIPPn>PL.PZGIK.200</sln:gmIIPPn><sln:gmIIPWersja>2012-09-26T22:45:48+02:00</sln:gmIIPWersja><sln:gmIdTeryt>2209073</sln:gmIdTeryt><sln:gmNazwa>Nowy Staw</sln:gmNazwa><sln:miejscIIPId>83791363-0ae3-49f9-ba5a-3fc9d7e47c6a</sln:miejscIIPId><sln:miejscIIPPn>PL.PZGIK.200</sln:miejscIIPPn><sln:miejscIIPWersja>2017-04-04T14:54:54+02:00</sln:miejscIIPWersja><sln:miejscIdTeryt>0153554</sln:miejscIdTeryt><sln:miejscNazwa>Martąg</sln:miejscNazwa><sln:miejscRodzaj>Osada</sln:miejscRodzaj><sln:powIIPId>2249144d-a152-435b-b1e2-c2c11fbcc0b2</sln:powIIPId><sln:powIIPPn>PL.PZGIK.200</sln:powIIPPn><sln:powIIPWersja>2012-09-27T09:33:51+02:00</sln:powIIPWersja><sln:powIdTeryt>2209</sln:powIdTeryt><sln:powNazwa>malborski</sln:powNazwa><sln:waznyOd>2013-10-30T00:00:00+01:00</sln:waznyOd><sln:wojIIPId>ece93e09-0215-42f3-8067-be0649f58d46</sln:wojIIPId><sln:wojIIPPn>PL.PZGIK.200</sln:wojIIPPn><sln:wojIIPWersja>2012-09-27T13:45:13+02:00</sln:wojIIPWersja><sln:wojIdTeryt>22</sln:wojIdTeryt><sln:wojNazwa>pomorskie</sln:wojNazwa></sln:miejscowosc><sln:miejscowosc><sln:cyklZyciaOd>2017-04-04T00:00:00+02:00</sln:cyklZyciaOd><sln:gmIIPId>80bd9c60-9a76-43d1-8dab-8b6df9c0d83b</sln:gmIIPId><sln:gmIIPPn>PL.PZGIK.200</sln:gmIIPPn><sln:gmIIPWersja>2012-09-26T22:45:48+02:00</sln:gmIIPWersja><sln:gmIdTeryt>2209073</sln:gmIdTeryt><sln:gmNazwa>Nowy Staw</sln:gmNazwa><sln:miejscIIPId>81645f9f-8ab1-4735-8aa2-42457d710888</sln:miejscIIPId><sln:miejscIIPPn>PL.PZGIK.200</sln:miejscIIPPn><sln:miejscIIPWersja>2017-04-04T14:54:54+02:00</sln:miejscIIPWersja><sln:miejscIdTeryt>0153560</sln:miejscIdTeryt><sln:miejscNazwa>Mirowo</sln:miejscNazwa><sln:miejscRodzaj>Wieś</sln:miejscRodzaj><sln:powIIPId>2249144d-a152-435b-b1e2-c2c11fbcc0b2</sln:powIIPId><sln:powIIPPn>PL.PZGIK.200</sln:powIIPPn><sln:powIIPWersja>2012-09-27T09:33:51+02:00</sln:powIIPWersja><sln:powIdTeryt>2209</sln:powIdTeryt><sln:powNazwa>malborski</sln:powNazwa><sln:waznyOd>2013-10-30T00:00:00+01:00</sln:waznyOd><sln:wojIIPId>ece93e09-0215-42f3-8067-be0649f58d46</sln:wojIIPId><sln:wojIIPPn>PL.PZGIK.200</sln:wojIIPPn><sln:wojIIPWersja>2012-09-27T13:45:13+02:00</sln:wojIIPWersja><sln:wojIdTeryt>22</sln:wojIdTeryt><sln:wojNazwa>pomorskie</sln:wojNazwa></sln:miejscowosc><sln:miejscowosc><sln:cyklZyciaOd>2017-04-04T00:00:00+02:00</sln:cyklZyciaOd><sln:gmIIPId>80bd9c60-9a76-43d1-8dab-8b6df9c0d83b</sln:gmIIPId><sln:gmIIPPn>PL.PZGIK.200</sln:gmIIPPn><sln:gmIIPWersja>2012-09-26T22:45:48+02:00</sln:gmIIPWersja><sln:gmIdTeryt>2209073</sln:gmIdTeryt><sln:gmNazwa>Nowy Staw</sln:gmNazwa><sln:miejscIIPId>b370d84c-ef43-4332-91f7-2e86ba730b39</sln:miejscIIPId><sln:miejscIIPPn>PL.PZGIK.200</sln:miejscIIPPn><sln:miejscIIPWersja>2017-04-04T14:54:54+02:00</sln:miejscIIPWersja><sln:miejscIdTeryt>0153577</sln:miejscIdTeryt><sln:miejscNazwa>Myszewo</sln:miejscNazwa><sln:miejscRodzaj>Wieś</sln:miejscRodzaj><sln:powIIPId>2249144d-a152-435b-b1e2-c2c11fbcc0b2</sln:powIIPId><sln:powIIPPn>PL.PZGIK.200</sln:powIIPPn><sln:powIIPWersja>2012-09-27T09:33:51+02:00</sln:powIIPWersja><sln:powIdTeryt>2209</sln:powIdTeryt><sln:powNazwa>malborski</sln:powNazwa><sln:waznyOd>2013-10-30T00:00:00+01:00</sln:waznyOd><sln:wojIIPId>ece93e09-0215-42f3-8067-be0649f58d46</sln:wojIIPId><sln:wojIIPPn>PL.PZGIK.200</sln:wojIIPPn><sln:wojIIPWersja>2012-09-27T13:45:13+02:00</sln:wojIIPWersja><sln:wojIdTeryt>22</sln:wojIdTeryt><sln:wojNazwa>pomorskie</sln:wojNazwa></sln:miejscowosc><sln:miejscowosc><sln:cyklZyciaOd>2017-04-04T00:00:00+02:00</sln:cyklZyciaOd><sln:gmIIPId>80bd9c60-9a76-43d1-8dab-8b6df9c0d83b</sln:gmIIPId><sln:gmIIPPn>PL.PZGIK.200</sln:gmIIPPn><sln:gmIIPWersja>2012-09-26T22:45:48+02:00</sln:gmIIPWersja><sln:gmIdTeryt>2209073</sln:gmIdTeryt><sln:gmNazwa>Nowy Staw</sln:gmNazwa><sln:miejscIIPId>d22b3d3a-8e69-4a3f-a09f-caf4d8e21887</sln:miejscIIPId><sln:miejscIIPPn>PL.PZGIK.200</sln:miejscIIPPn><sln:miejscIIPWersja>2017-04-04T14:54:54+02:00</sln:miejscIIPWersja><sln:miejscIdTeryt>0153583</sln:miejscIdTeryt><sln:miejscNazwa>Nidowo</sln:miejscNazwa><sln:miejscRodzaj>Wieś</sln:miejscRodzaj><sln:powIIPId>2249144d-a152-435b-b1e2-c2c11fbcc0b2</sln:powIIPId><sln:powIIPPn>PL.PZGIK.200</sln:powIIPPn><sln:powIIPWersja>2012-09-27T09:33:51+02:00</sln:powIIPWersja><sln:powIdTeryt>2209</sln:powIdTeryt><sln:powNazwa>malborski</sln:powNazwa><sln:waznyOd>2013-10-30T00:00:00+01:00</sln:waznyOd><sln:wojIIPId>ece93e09-0215-42f3-8067-be0649f58d46</sln:wojIIPId><sln:wojIIPPn>PL.PZGIK.200</sln:wojIIPPn><sln:wojIIPWersja>2012-09-27T13:45:13+02:00</sln:wojIIPWersja><sln:wojIdTeryt>22</sln:wojIdTeryt><sln:wojNazwa>pomorskie</sln:wojNazwa></sln:miejscowosc><sln:miejscowosc><sln:cyklZyciaOd>2017-04-04T00:00:00+02:00</sln:cyklZyciaOd><sln:gmIIPId>80bd9c60-9a76-43d1-8dab-8b6df9c0d83b</sln:gmIIPId><sln:gmIIPPn>PL.PZGIK.200</sln:gmIIPPn><sln:gmIIPWersja>2012-09-26T22:45:48+02:00</sln:gmIIPWersja><sln:gmIdTeryt>2209073</sln:gmIdTeryt><sln:gmNazwa>Nowy Staw</sln:gmNazwa><sln:miejscIIPId>55b053f8-a5da-4598-b214-408f636d79ab</sln:miejscIIPId><sln:miejscIIPPn>PL.PZGIK.200</sln:miejscIIPPn><sln:miejscIIPWersja>2017-04-04T14:54:54+02:00</sln:miejscIIPWersja><sln:miejscIdTeryt>0153590</sln:miejscIdTeryt><sln:miejscNazwa>Półmieście</sln:miejscNazwa><sln:miejscRodzaj>Wieś</sln:miejscRodzaj><sln:powIIPId>2249144d-a152-435b-b1e2-c2c11fbcc0b2</sln:powIIPId><sln:powIIPPn>PL.PZGIK.200</sln:powIIPPn><sln:powIIPWersja>2012-09-27T09:33:51+02:00</sln:powIIPWersja><sln:powIdTeryt>2209</sln:powIdTeryt><sln:powNazwa>malborski</sln:powNazwa><sln:waznyOd>2013-10-30T00:00:00+01:00</sln:waznyOd><sln:wojIIPId>ece93e09-0215-42f3-8067-be0649f58d46</sln:wojIIPId><sln:wojIIPPn>PL.PZGIK.200</sln:wojIIPPn><sln:wojIIPWersja>2012-09-27T13:45:13+02:00</sln:wojIIPWersja><sln:wojIdTeryt>22</sln:wojIdTeryt><sln:wojNazwa>pomorskie</sln:wojNazwa></sln:miejscowosc><sln:miejscowosc><sln:cyklZyciaOd>2017-04-04T00:00:00+02:00</sln:cyklZyciaOd><sln:gmIIPId>80bd9c60-9a76-43d1-8dab-8b6df9c0d83b</sln:gmIIPId><sln:gmIIPPn>PL.PZGIK.200</sln:gmIIPPn><sln:gmIIPWersja>2012-09-26T22:45:48+02:00</sln:gmIIPWersja><sln:gmIdTeryt>2209073</sln:gmIdTeryt><sln:gmNazwa>Nowy Staw</sln:gmNazwa><sln:miejscIIPId>70bc9530-0107-4690-b5e9-197eb2e50807</sln:miejscIIPId><sln:miejscIIPPn>PL.PZGIK.200</sln:miejscIIPPn><sln:miejscIIPWersja>2017-04-04T14:54:54+02:00</sln:miejscIIPWersja><sln:miejscIdTeryt>0153608</sln:miejscIdTeryt><sln:miejscNazwa>Pręgowo Żuławskie</sln:miejscNazwa><sln:miejscRodzaj>Wieś</sln:miejscRodzaj><sln:powIIPId>2249144d-a152-435b-b1e2-c2c11fbcc0b2</sln:powIIPId><sln:powIIPPn>PL.PZGIK.200</sln:powIIPPn><sln:powIIPWersja>2012-09-27T09:33:51+02:00</sln:powIIPWersja><sln:powIdTeryt>2209</sln:powIdTeryt><sln:powNazwa>malborski</sln:powNazwa><sln:waznyOd>2013-10-30T00:00:00+01:00</sln:waznyOd><sln:wojIIPId>ece93e09-0215-42f3-8067-be0649f58d46</sln:wojIIPId><sln:wojIIPPn>PL.PZGIK.200</sln:wojIIPPn><sln:wojIIPWersja>2012-09-27T13:45:13+02:00</sln:wojIIPWersja><sln:wojIdTeryt>22</sln:wojIdTeryt><sln:wojNazwa>pomorskie</sln:wojNazwa></sln:miejscowosc><sln:miejscowosc><sln:cyklZyciaOd>2017-04-04T00:00:00+02:00</sln:cyklZyciaOd><sln:gmIIPId>80bd9c60-9a76-43d1-8dab-8b6df9c0d83b</sln:gmIIPId><sln:gmIIPPn>PL.PZGIK.200</sln:gmIIPPn><sln:gmIIPWersja>2012-09-26T22:45:48+02:00</sln:gmIIPWersja><sln:gmIdTeryt>2209073</sln:gmIdTeryt><sln:gmNazwa>Nowy Staw</sln:gmNazwa><sln:miejscIIPId>6a09e499-2c95-4c41-9fce-a3a8ac4b6e29</sln:miejscIIPId><sln:miejscIIPPn>PL.PZGIK.200</sln:miejscIIPPn><sln:miejscIIPWersja>2017-04-04T14:54:54+02:00</sln:miejscIIPWersja><sln:miejscIdTeryt>0153614</sln:miejscIdTeryt><sln:miejscNazwa>Stawiec</sln:miejscNazwa><sln:miejscRodzaj>Wieś</sln:miejscRodzaj><sln:powIIPId>2249144d-a152-435b-b1e2-c2c11fbcc0b2</sln:powIIPId><sln:powIIPPn>PL.PZGIK.200</sln:powIIPPn><sln:powIIPWersja>2012-09-27T09:33:51+02:00</sln:powIIPWersja><sln:powIdTeryt>2209</sln:powIdTeryt><sln:powNazwa>malborski</sln:powNazwa><sln:waznyOd>2013-10-30T00:00:00+01:00</sln:waznyOd><sln:wojIIPId>ece93e09-0215-42f3-8067-be0649f58d46</sln:wojIIPId><sln:wojIIPPn>PL.PZGIK.200</sln:wojIIPPn><sln:wojIIPWersja>2012-09-27T13:45:13+02:00</sln:wojIIPWersja><sln:wojIdTeryt>22</sln:wojIdTeryt><sln:wojNazwa>pomorskie</sln:wojNazwa></sln:miejscowosc><sln:miejscowosc><sln:cyklZyciaOd>2017-04-04T00:00:00+02:00</sln:cyklZyciaOd><sln:gmIIPId>80bd9c60-9a76-43d1-8dab-8b6df9c0d83b</sln:gmIIPId><sln:gmIIPPn>PL.PZGIK.200</sln:gmIIPPn><sln:gmIIPWersja>2012-09-26T22:45:48+02:00</sln:gmIIPWersja><sln:gmIdTeryt>2209073</sln:gmIdTeryt><sln:gmNazwa>Nowy Staw</sln:gmNazwa><sln:miejscIIPId>f069dd11-2516-42d2-b7a0-f68c8e726819</sln:miejscIIPId><sln:miejscIIPPn>PL.PZGIK.200</sln:miejscIIPPn><sln:miejscIIPWersja>2017-04-04T14:54:54+02:00</sln:miejscIIPWersja><sln:miejscIdTeryt>0153637</sln:miejscIdTeryt><sln:miejscNazwa>Świerki</sln:miejscNazwa><sln:miejscRodzaj>Wieś</sln:miejscRodzaj><sln:powIIPId>2249144d-a152-435b-b1e2-c2c11fbcc0b2</sln:powIIPId><sln:powIIPPn>PL.PZGIK.200</sln:powIIPPn><sln:powIIPWersja>2012-09-27T09:33:51+02:00</sln:powIIPWersja><sln:powIdTeryt>2209</sln:powIdTeryt><sln:powNazwa>malborski</sln:powNazwa><sln:waznyOd>2013-10-30T00:00:00+01:00</sln:waznyOd><sln:wojIIPId>ece93e09-0215-42f3-8067-be0649f58d46</sln:wojIIPId><sln:wojIIPPn>PL.PZGIK.200</sln:wojIIPPn><sln:wojIIPWersja>2012-09-27T13:45:13+02:00</sln:wojIIPWersja><sln:wojIdTeryt>22</sln:wojIdTeryt><sln:wojNazwa>pomorskie</sln:wojNazwa></sln:miejscowosc><sln:miejscowosc><sln:cyklZyciaOd>2017-04-04T00:00:00+02:00</sln:cyklZyciaOd><sln:gmIIPId>80bd9c60-9a76-43d1-8dab-8b6df9c0d83b</sln:gmIIPId><sln:gmIIPPn>PL.PZGIK.200</sln:gmIIPPn><sln:gmIIPWersja>2012-09-26T22:45:48+02:00</sln:gmIIPWersja><sln:gmIdTeryt>2209073</sln:gmIdTeryt><sln:gmNazwa>Nowy Staw</sln:gmNazwa><sln:miejscIIPId>a101afb1-038e-409a-9fa1-169df663c1f2</sln:miejscIIPId><sln:miejscIIPPn>PL.PZGIK.200</sln:miejscIIPPn><sln:miejscIIPWersja>2017-04-04T14:54:55+02:00</sln:miejscIIPWersja><sln:miejscIdTeryt>0153650</sln:miejscIdTeryt><sln:miejscNazwa>Tralewo</sln:miejscNazwa><sln:miejscRodzaj>Wieś</sln:miejscRodzaj><sln:powIIPId>2249144d-a152-435b-b1e2-c2c11fbcc0b2</sln:powIIPId><sln:powIIPPn>PL.PZGIK.200</sln:powIIPPn><sln:powIIPWersja>2012-09-27T09:33:51+02:00</sln:powIIPWersja><sln:powIdTeryt>2209</sln:powIdTeryt><sln:powNazwa>malborski</sln:powNazwa><sln:waznyOd>2013-10-30T00:00:00+01:00</sln:waznyOd><sln:wojIIPId>ece93e09-0215-42f3-8067-be0649f58d46</sln:wojIIPId><sln:wojIIPPn>PL.PZGIK.200</sln:wojIIPPn><sln:wojIIPWersja>2012-09-27T13:45:13+02:00</sln:wojIIPWersja><sln:wojIdTeryt>22</sln:wojIdTeryt><sln:wojNazwa>pomorskie</sln:wojNazwa></sln:miejscowosc><sln:miejscowosc><sln:cyklZyciaOd>2017-04-04T00:00:00+02:00</sln:cyklZyciaOd><sln:gmIIPId>80bd9c60-9a76-43d1-8dab-8b6df9c0d83b</sln:gmIIPId><sln:gmIIPPn>PL.PZGIK.200</sln:gmIIPPn><sln:gmIIPWersja>2012-09-26T22:45:48+02:00</sln:gmIIPWersja><sln:gmIdTeryt>2209073</sln:gmIdTeryt><sln:gmNazwa>Nowy Staw</sln:gmNazwa><sln:miejscIIPId>21cc3f63-73d7-4ac2-a9a0-24c4b126efa5</sln:miejscIIPId><sln:miejscIIPPn>PL.PZGIK.200</sln:miejscIIPPn><sln:miejscIIPWersja>2017-04-04T14:54:55+02:00</sln:miejscIIPWersja><sln:miejscIdTeryt>0153666</sln:miejscIdTeryt><sln:miejscNazwa>Trępnowy</sln:miejscNazwa><sln:miejscRodzaj>Wieś</sln:miejscRodzaj><sln:powIIPId>2249144d-a152-435b-b1e2-c2c11fbcc0b2</sln:powIIPId><sln:powIIPPn>PL.PZGIK.200</sln:powIIPPn><sln:powIIPWersja>2012-09-27T09:33:51+02:00</sln:powIIPWersja><sln:powIdTeryt>2209</sln:powIdTeryt><sln:powNazwa>malborski</sln:powNazwa><sln:waznyOd>2013-10-30T00:00:00+01:00</sln:waznyOd><sln:wojIIPId>ece93e09-0215-42f3-8067-be0649f58d46</sln:wojIIPId><sln:wojIIPPn>PL.PZGIK.200</sln:wojIIPPn><sln:wojIIPWersja>2012-09-27T13:45:13+02:00</sln:wojIIPWersja><sln:wojIdTeryt>22</sln:wojIdTeryt><sln:wojNazwa>pomorskie</sln:wojNazwa></sln:miejscowosc><sln:miejscowosc><sln:cyklZyciaOd>2017-04-04T00:00:00+02:00</sln:cyklZyciaOd><sln:gmIIPId>80bd9c60-9a76-43d1-8dab-8b6df9c0d83b</sln:gmIIPId><sln:gmIIPPn>PL.PZGIK.200</sln:gmIIPPn><sln:gmIIPWersja>2012-09-26T22:45:48+02:00</sln:gmIIPWersja><sln:gmIdTeryt>2209073</sln:gmIdTeryt><sln:gmNazwa>Nowy Staw</sln:gmNazwa><sln:miejscIIPId>fe27df7c-b425-4df3-820a-7fb7246614a5</sln:miejscIIPId><sln:miejscIIPPn>PL.PZGIK.200</sln:miejscIIPPn><sln:miejscIIPWersja>2017-04-04T14:54:55+02:00</sln:miejscIIPWersja><sln:miejscIdTeryt>0932904</sln:miejscIdTeryt><sln:miejscNazwa>Nowy Staw</sln:miejscNazwa><sln:miejscRodzaj>Miasto</sln:miejscRodzaj><sln:powIIPId>2249144d-a152-435b-b1e2-c2c11fbcc0b2</sln:powIIPId><sln:powIIPPn>PL.PZGIK.200</sln:powIIPPn><sln:powIIPWersja>2012-09-27T09:33:51+02:00</sln:powIIPWersja><sln:powIdTeryt>2209</sln:powIdTeryt><sln:powNazwa>malborski</sln:powNazwa><sln:waznyOd>2013-10-30T00:00:00+01:00</sln:waznyOd><sln:wojIIPId>ece93e09-0215-42f3-8067-be0649f58d46</sln:wojIIPId><sln:wojIIPPn>PL.PZGIK.200</sln:wojIIPPn><sln:wojIIPWersja>2012-09-27T13:45:13+02:00</sln:wojIIPWersja><sln:wojIdTeryt>22</sln:wojIdTeryt><sln:wojNazwa>pomorskie</sln:wojNazwa></sln:miejscowosc></sln:lista-miejscowosci>